timestamp, index, power.draw [W], temperature.gpu, clocks.current.sm [MHz], clocks.current.memory [MHz], utilization.gpu [%], utilization.memory [%]
2026/09/20 16:00:37.708, 0, 185.56 W, 42, 120 MHz, 3996 MHz, 0 %, 0 %
2026/09/20 16:00:37.710, 1, 185.56 W, 43, 120 MHz, 3996 MHz, 0 %, 0 %
2026/09/20 16:00:37.712, 2, 179.46 W, 33, 120 MHz, 3996 MHz, 0 %, 0 %
2026/09/20 16:00:37.714, 3, 181.30 W, 32, 120 MHz, 3996 MHz, 0 %, 0 %
2026/09/20 16:00:37.717, 4, 181.30 W, 34, 120 MHz, 3996 MHz, 0 %, 0 %
2026/09/20 16:00:37.719, 5, 179.46 W, 32, 120 MHz, 3996 MHz, 0 %, 0 %
2026/09/20 16:00:37.720, 6, 180.17 W, 29, 120 MHz, 3996 MHz, 0 %, 0 %
2026/09/20 16:00:37.722, 7, 182.13 W, 29, 120 MHz, 3996 MHz, 0 %, 0 %
2026/09/20 16:00:38.724, 0, 185.56 W, 42, 120 MHz, 3996 MHz, 0 %, 0 %
2026/09/20 16:00:38.724, 1, 185.56 W, 43, 120 MHz, 3996 MHz, 0 %, 0 %
2026/09/20 16:00:38.724, 2, 179.47 W, 32, 120 MHz, 3996 MHz, 0 %, 0 %
2026/09/20 16:00:38.724, 3, 181.30 W, 32, 120 MHz, 3996 MHz, 0 %, 0 %
2026/09/20 16:00:38.724, 4, 181.30 W, 34, 120 MHz, 3996 MHz, 0 %, 0 %
2026/09/20 16:00:38.724, 5, 179.47 W, 32, 120 MHz, 3996 MHz, 0 %, 0 %
2026/09/20 16:00:38.724, 6, 180.13 W, 29, 120 MHz, 3996 MHz, 0 %, 0 %
2026/09/20 16:00:38.724, 7, 182.13 W, 29, 120 MHz, 3996 MHz, 0 %, 0 %
2026/09/20 16:00:39.724, 0, 185.36 W, 42, 120 MHz, 3996 MHz, 0 %, 0 %
2026/09/20 16:00:39.724, 1, 185.56 W, 43, 120 MHz, 3996 MHz, 0 %, 0 %
2026/09/20 16:00:39.724, 2, 179.47 W, 32, 120 MHz, 3996 MHz, 0 %, 0 %
2026/09/20 16:00:39.724, 3, 181.30 W, 32, 120 MHz, 3996 MHz, 0 %, 0 %
2026/09/20 16:00:39.724, 4, 181.30 W, 34, 120 MHz, 3996 MHz, 0 %, 0 %
2026/09/20 16:00:39.724, 5, 179.46 W, 32, 120 MHz, 3996 MHz, 0 %, 0 %
2026/09/20 16:00:39.724, 6, 180.17 W, 29, 120 MHz, 3996 MHz, 0 %, 0 %
2026/09/20 16:00:39.724, 7, 182.13 W, 29, 120 MHz, 3996 MHz, 0 %, 0 %
2026/09/20 16:00:40.724, 0, 185.45 W, 41, 120 MHz, 3996 MHz, 0 %, 0 %
2026/09/20 16:00:40.724, 1, 185.56 W, 43, 120 MHz, 3996 MHz, 0 %, 0 %
2026/09/20 16:00:40.724, 2, 179.47 W, 32, 120 MHz, 3996 MHz, 0 %, 0 %
2026/09/20 16:00:40.724, 3, 181.34 W, 32, 120 MHz, 3996 MHz, 0 %, 0 %
2026/09/20 16:00:40.724, 4, 181.30 W, 34, 120 MHz, 3996 MHz, 0 %, 0 %
2026/09/20 16:00:40.724, 5, 179.47 W, 32, 120 MHz, 3996 MHz, 0 %, 0 %
2026/09/20 16:00:40.725, 6, 180.17 W, 29, 120 MHz, 3996 MHz, 0 %, 0 %
2026/09/20 16:00:40.725, 7, 182.13 W, 29, 120 MHz, 3996 MHz, 0 %, 0 %
2026/09/20 16:00:41.725, 0, 185.56 W, 41, 120 MHz, 3996 MHz, 0 %, 0 %
2026/09/20 16:00:41.725, 1, 185.56 W, 43, 120 MHz, 3996 MHz, 0 %, 0 %
2026/09/20 16:00:41.725, 2, 179.46 W, 32, 120 MHz, 3996 MHz, 0 %, 0 %
2026/09/20 16:00:41.725, 3, 181.30 W, 32, 120 MHz, 3996 MHz, 0 %, 0 %
2026/09/20 16:00:41.725, 4, 181.30 W, 34, 120 MHz, 3996 MHz, 0 %, 0 %
2026/09/20 16:00:41.725, 5, 179.47 W, 32, 120 MHz, 3996 MHz, 0 %, 0 %
2026/09/20 16:00:41.725, 6, 180.17 W, 29, 120 MHz, 3996 MHz, 0 %, 0 %
2026/09/20 16:00:41.725, 7, 182.13 W, 29, 120 MHz, 3996 MHz, 0 %, 0 %
2026/09/20 16:00:42.725, 0, 185.56 W, 41, 120 MHz, 3996 MHz, 0 %, 0 %
2026/09/20 16:00:42.725, 1, 185.56 W, 42, 120 MHz, 3996 MHz, 0 %, 0 %
2026/09/20 16:00:42.725, 2, 179.47 W, 32, 120 MHz, 3996 MHz, 0 %, 0 %
2026/09/20 16:00:42.725, 3, 181.30 W, 32, 120 MHz, 3996 MHz, 0 %, 0 %
2026/09/20 16:00:42.725, 4, 181.34 W, 34, 120 MHz, 3996 MHz, 0 %, 0 %
2026/09/20 16:00:42.725, 5, 179.46 W, 32, 120 MHz, 3996 MHz, 0 %, 0 %
2026/09/20 16:00:42.725, 6, 180.06 W, 29, 120 MHz, 3996 MHz, 0 %, 0 %
2026/09/20 16:00:42.725, 7, 182.13 W, 29, 120 MHz, 3996 MHz, 0 %, 0 %
2026/09/20 16:00:43.725, 0, 185.44 W, 41, 120 MHz, 3996 MHz, 0 %, 0 %
2026/09/20 16:00:43.725, 1, 185.56 W, 42, 120 MHz, 3996 MHz, 0 %, 0 %
2026/09/20 16:00:43.725, 2, 179.46 W, 32, 120 MHz, 3996 MHz, 0 %, 0 %
2026/09/20 16:00:43.725, 3, 181.30 W, 32, 120 MHz, 3996 MHz, 0 %, 0 %
2026/09/20 16:00:43.725, 4, 181.30 W, 34, 120 MHz, 3996 MHz, 0 %, 0 %
2026/09/20 16:00:43.725, 5, 179.47 W, 32, 120 MHz, 3996 MHz, 0 %, 0 %
2026/09/20 16:00:43.725, 6, 180.13 W, 29, 120 MHz, 3996 MHz, 0 %, 0 %
2026/09/20 16:00:43.725, 7, 182.13 W, 29, 120 MHz, 3996 MHz, 0 %, 0 %
2026/09/20 16:00:44.725, 0, 185.17 W, 41, 120 MHz, 3996 MHz, 0 %, 0 %
2026/09/20 16:00:44.725, 1, 185.56 W, 42, 120 MHz, 3996 MHz, 0 %, 0 %
2026/09/20 16:00:44.725, 2, 179.46 W, 32, 120 MHz, 3996 MHz, 0 %, 0 %
2026/09/20 16:00:44.725, 3, 181.30 W, 32, 120 MHz, 3996 MHz, 0 %, 0 %
2026/09/20 16:00:44.726, 4, 181.30 W, 34, 120 MHz, 3996 MHz, 0 %, 0 %
2026/09/20 16:00:44.726, 5, 179.47 W, 32, 120 MHz, 3996 MHz, 0 %, 0 %
2026/09/20 16:00:44.726, 6, 180.06 W, 29, 120 MHz, 3996 MHz, 0 %, 0 %
2026/09/20 16:00:44.726, 7, 182.13 W, 29, 120 MHz, 3996 MHz, 0 %, 0 %
2026/09/20 16:00:45.726, 0, 184.78 W, 41, 120 MHz, 3996 MHz, 0 %, 0 %
2026/09/20 16:00:45.726, 1, 185.56 W, 42, 120 MHz, 3996 MHz, 0 %, 0 %
2026/09/20 16:00:45.726, 2, 179.47 W, 32, 120 MHz, 3996 MHz, 0 %, 0 %
2026/09/20 16:00:45.726, 3, 181.30 W, 32, 120 MHz, 3996 MHz, 0 %, 0 %
2026/09/20 16:00:45.726, 4, 181.30 W, 34, 120 MHz, 3996 MHz, 0 %, 0 %
2026/09/20 16:00:45.726, 5, 179.47 W, 32, 120 MHz, 3996 MHz, 0 %, 0 %
2026/09/20 16:00:45.726, 6, 180.17 W, 29, 120 MHz, 3996 MHz, 0 %, 0 %
2026/09/20 16:00:45.726, 7, 182.13 W, 29, 120 MHz, 3996 MHz, 0 %, 0 %
2026/09/20 16:00:46.726, 0, 184.11 W, 40, 120 MHz, 3996 MHz, 0 %, 0 %
2026/09/20 16:00:46.726, 1, 185.57 W, 42, 120 MHz, 3996 MHz, 0 %, 0 %
2026/09/20 16:00:46.726, 2, 179.47 W, 32, 120 MHz, 3996 MHz, 0 %, 0 %
2026/09/20 16:00:46.726, 3, 181.30 W, 31, 120 MHz, 3996 MHz, 0 %, 0 %
2026/09/20 16:00:46.726, 4, 181.30 W, 34, 120 MHz, 3996 MHz, 0 %, 0 %
2026/09/20 16:00:46.726, 5, 179.47 W, 32, 120 MHz, 3996 MHz, 0 %, 0 %
2026/09/20 16:00:46.726, 6, 180.10 W, 29, 120 MHz, 3996 MHz, 0 %, 0 %
2026/09/20 16:00:46.726, 7, 182.13 W, 29, 120 MHz, 3996 MHz, 0 %, 0 %
2026/09/20 16:00:47.726, 0, 183.76 W, 40, 120 MHz, 3996 MHz, 0 %, 0 %
2026/09/20 16:00:47.726, 1, 185.56 W, 42, 120 MHz, 3996 MHz, 0 %, 0 %
2026/09/20 16:00:47.726, 2, 179.46 W, 32, 120 MHz, 3996 MHz, 0 %, 0 %
2026/09/20 16:00:47.726, 3, 181.30 W, 31, 120 MHz, 3996 MHz, 0 %, 0 %
2026/09/20 16:00:47.726, 4, 181.30 W, 34, 120 MHz, 3996 MHz, 0 %, 0 %
2026/09/20 16:00:47.726, 5, 179.47 W, 32, 120 MHz, 3996 MHz, 0 %, 0 %
2026/09/20 16:00:47.726, 6, 180.09 W, 29, 120 MHz, 3996 MHz, 0 %, 0 %
2026/09/20 16:00:47.726, 7, 182.13 W, 29, 120 MHz, 3996 MHz, 0 %, 0 %
2026/09/20 16:00:48.727, 0, 183.84 W, 40, 120 MHz, 3996 MHz, 0 %, 0 %
2026/09/20 16:00:48.727, 1, 185.56 W, 41, 120 MHz, 3996 MHz, 0 %, 0 %
2026/09/20 16:00:48.727, 2, 179.46 W, 32, 120 MHz, 3996 MHz, 0 %, 0 %
2026/09/20 16:00:48.727, 3, 181.30 W, 31, 120 MHz, 3996 MHz, 0 %, 0 %
2026/09/20 16:00:48.727, 4, 181.34 W, 34, 120 MHz, 3996 MHz, 0 %, 0 %
2026/09/20 16:00:48.727, 5, 179.46 W, 32, 120 MHz, 3996 MHz, 0 %, 0 %
2026/09/20 16:00:48.727, 6, 180.13 W, 29, 120 MHz, 3996 MHz, 0 %, 0 %
2026/09/20 16:00:48.727, 7, 182.13 W, 29, 120 MHz, 3996 MHz, 0 %, 0 %
2026/09/20 16:00:49.727, 0, 183.82 W, 40, 120 MHz, 3996 MHz, 0 %, 0 %
2026/09/20 16:00:49.727, 1, 185.56 W, 41, 120 MHz, 3996 MHz, 0 %, 0 %
2026/09/20 16:00:49.727, 2, 179.47 W, 31, 120 MHz, 3996 MHz, 0 %, 0 %
2026/09/20 16:00:49.727, 3, 181.30 W, 31, 120 MHz, 3996 MHz, 0 %, 0 %
2026/09/20 16:00:49.727, 4, 181.30 W, 34, 120 MHz, 3996 MHz, 0 %, 0 %
2026/09/20 16:00:49.727, 5, 179.47 W, 32, 120 MHz, 3996 MHz, 0 %, 0 %
2026/09/20 16:00:49.727, 6, 180.13 W, 29, 120 MHz, 3996 MHz, 0 %, 0 %
2026/09/20 16:00:49.727, 7, 182.13 W, 29, 120 MHz, 3996 MHz, 0 %, 0 %
2026/09/20 16:00:50.727, 0, 183.63 W, 40, 120 MHz, 3996 MHz, 0 %, 0 %
2026/09/20 16:00:50.727, 1, 185.56 W, 41, 120 MHz, 3996 MHz, 0 %, 0 %
2026/09/20 16:00:50.727, 2, 179.47 W, 31, 120 MHz, 3996 MHz, 0 %, 0 %
2026/09/20 16:00:50.727, 3, 181.30 W, 31, 120 MHz, 3996 MHz, 0 %, 0 %
2026/09/20 16:00:50.727, 4, 181.30 W, 34, 120 MHz, 3996 MHz, 0 %, 0 %
2026/09/20 16:00:50.727, 5, 179.47 W, 32, 120 MHz, 3996 MHz, 0 %, 0 %
2026/09/20 16:00:50.727, 6, 180.17 W, 29, 120 MHz, 3996 MHz, 0 %, 0 %
2026/09/20 16:00:50.727, 7, 182.13 W, 29, 120 MHz, 3996 MHz, 0 %, 0 %
2026/09/20 16:00:51.727, 0, 183.60 W, 40, 120 MHz, 3996 MHz, 0 %, 0 %
2026/09/20 16:00:51.727, 1, 185.56 W, 41, 120 MHz, 3996 MHz, 0 %, 0 %
2026/09/20 16:00:51.727, 2, 179.46 W, 31, 120 MHz, 3996 MHz, 0 %, 0 %
2026/09/20 16:00:51.727, 3, 181.30 W, 31, 120 MHz, 3996 MHz, 0 %, 0 %
2026/09/20 16:00:51.727, 4, 181.30 W, 34, 120 MHz, 3996 MHz, 0 %, 0 %
2026/09/20 16:00:51.727, 5, 179.47 W, 32, 120 MHz, 3996 MHz, 0 %, 0 %
2026/09/20 16:00:51.728, 6, 180.13 W, 29, 120 MHz, 3996 MHz, 0 %, 0 %
2026/09/20 16:00:51.728, 7, 182.13 W, 29, 120 MHz, 3996 MHz, 0 %, 0 %
2026/09/20 16:00:52.728, 0, 183.60 W, 40, 120 MHz, 3996 MHz, 0 %, 0 %
2026/09/20 16:00:52.728, 1, 185.56 W, 41, 120 MHz, 3996 MHz, 0 %, 0 %
2026/09/20 16:00:52.728, 2, 179.47 W, 31, 120 MHz, 3996 MHz, 0 %, 0 %
2026/09/20 16:00:52.728, 3, 181.30 W, 31, 120 MHz, 3996 MHz, 0 %, 0 %
2026/09/20 16:00:52.728, 4, 181.30 W, 34, 120 MHz, 3996 MHz, 0 %, 0 %
2026/09/20 16:00:52.728, 5, 179.43 W, 32, 120 MHz, 3996 MHz, 0 %, 0 %
2026/09/20 16:00:52.728, 6, 180.17 W, 29, 120 MHz, 3996 MHz, 0 %, 0 %
2026/09/20 16:00:52.728, 7, 182.13 W, 29, 120 MHz, 3996 MHz, 0 %, 0 %
2026/09/20 16:00:53.728, 0, 183.59 W, 39, 120 MHz, 3996 MHz, 0 %, 0 %
2026/09/20 16:00:53.728, 1, 185.56 W, 41, 120 MHz, 3996 MHz, 0 %, 0 %
2026/09/20 16:00:53.728, 2, 179.46 W, 31, 120 MHz, 3996 MHz, 0 %, 0 %
2026/09/20 16:00:53.728, 3, 181.29 W, 31, 120 MHz, 3996 MHz, 0 %, 0 %
2026/09/20 16:00:53.728, 4, 181.30 W, 34, 120 MHz, 3996 MHz, 0 %, 0 %
2026/09/20 16:00:53.728, 5, 179.47 W, 32, 120 MHz, 3996 MHz, 0 %, 0 %
2026/09/20 16:00:53.728, 6, 180.13 W, 29, 120 MHz, 3996 MHz, 0 %, 0 %
2026/09/20 16:00:53.728, 7, 182.13 W, 29, 120 MHz, 3996 MHz, 0 %, 0 %
2026/09/20 16:00:54.728, 0, 183.58 W, 39, 120 MHz, 3996 MHz, 0 %, 0 %
2026/09/20 16:00:54.728, 1, 185.56 W, 41, 120 MHz, 3996 MHz, 0 %, 0 %
2026/09/20 16:00:54.728, 2, 179.46 W, 31, 120 MHz, 3996 MHz, 0 %, 0 %
2026/09/20 16:00:54.728, 3, 181.30 W, 31, 120 MHz, 3996 MHz, 0 %, 0 %
2026/09/20 16:00:54.728, 4, 181.30 W, 34, 120 MHz, 3996 MHz, 0 %, 0 %
2026/09/20 16:00:54.728, 5, 179.46 W, 32, 120 MHz, 3996 MHz, 0 %, 0 %
2026/09/20 16:00:54.728, 6, 180.13 W, 29, 120 MHz, 3996 MHz, 0 %, 0 %
2026/09/20 16:00:54.728, 7, 182.13 W, 29, 120 MHz, 3996 MHz, 0 %, 0 %
2026/09/20 16:00:55.728, 0, 183.60 W, 39, 120 MHz, 3996 MHz, 0 %, 0 %
2026/09/20 16:00:55.728, 1, 185.56 W, 40, 120 MHz, 3996 MHz, 0 %, 0 %
2026/09/20 16:00:55.729, 2, 179.46 W, 31, 120 MHz, 3996 MHz, 0 %, 0 %
2026/09/20 16:00:55.729, 3, 181.29 W, 31, 120 MHz, 3996 MHz, 0 %, 0 %
2026/09/20 16:00:55.729, 4, 181.30 W, 34, 120 MHz, 3996 MHz, 0 %, 0 %
2026/09/20 16:00:55.729, 5, 179.47 W, 32, 120 MHz, 3996 MHz, 0 %, 0 %
2026/09/20 16:00:55.729, 6, 180.13 W, 29, 120 MHz, 3996 MHz, 0 %, 0 %
2026/09/20 16:00:55.729, 7, 182.13 W, 29, 120 MHz, 3996 MHz, 0 %, 0 %
2026/09/20 16:00:56.729, 0, 183.60 W, 39, 120 MHz, 3996 MHz, 0 %, 0 %
2026/09/20 16:00:56.729, 1, 185.56 W, 40, 120 MHz, 3996 MHz, 0 %, 0 %
2026/09/20 16:00:56.729, 2, 179.46 W, 31, 120 MHz, 3996 MHz, 0 %, 0 %
2026/09/20 16:00:56.729, 3, 181.29 W, 31, 120 MHz, 3996 MHz, 0 %, 0 %
2026/09/20 16:00:56.729, 4, 181.34 W, 34, 120 MHz, 3996 MHz, 0 %, 0 %
2026/09/20 16:00:56.729, 5, 179.46 W, 32, 120 MHz, 3996 MHz, 0 %, 0 %
2026/09/20 16:00:56.729, 6, 180.17 W, 29, 120 MHz, 3996 MHz, 0 %, 0 %
2026/09/20 16:00:56.729, 7, 182.13 W, 29, 120 MHz, 3996 MHz, 0 %, 0 %
2026/09/20 16:00:57.729, 0, 183.59 W, 39, 120 MHz, 3996 MHz, 0 %, 0 %
2026/09/20 16:00:57.729, 1, 185.52 W, 40, 120 MHz, 3996 MHz, 0 %, 0 %
2026/09/20 16:00:57.729, 2, 179.46 W, 31, 120 MHz, 3996 MHz, 0 %, 0 %
2026/09/20 16:00:57.729, 3, 181.29 W, 31, 120 MHz, 3996 MHz, 0 %, 0 %
2026/09/20 16:00:57.729, 4, 181.30 W, 34, 120 MHz, 3996 MHz, 0 %, 0 %
2026/09/20 16:00:57.729, 5, 179.47 W, 32, 120 MHz, 3996 MHz, 0 %, 0 %
2026/09/20 16:00:57.729, 6, 180.17 W, 29, 120 MHz, 3996 MHz, 0 %, 0 %
2026/09/20 16:00:57.729, 7, 182.13 W, 29, 120 MHz, 3996 MHz, 0 %, 0 %
2026/09/20 16:00:58.729, 0, 183.59 W, 39, 120 MHz, 3996 MHz, 0 %, 0 %
2026/09/20 16:00:58.729, 1, 185.56 W, 40, 120 MHz, 3996 MHz, 0 %, 0 %
2026/09/20 16:00:58.729, 2, 179.47 W, 31, 120 MHz, 3996 MHz, 0 %, 0 %
2026/09/20 16:00:58.729, 3, 181.29 W, 31, 120 MHz, 3996 MHz, 0 %, 0 %
2026/09/20 16:00:58.729, 4, 181.30 W, 34, 120 MHz, 3996 MHz, 0 %, 0 %
2026/09/20 16:00:58.729, 5, 179.47 W, 32, 120 MHz, 3996 MHz, 0 %, 0 %
2026/09/20 16:00:58.729, 6, 180.17 W, 29, 120 MHz, 3996 MHz, 0 %, 0 %
2026/09/20 16:00:58.730, 7, 182.13 W, 29, 120 MHz, 3996 MHz, 0 %, 0 %
2026/09/20 16:00:59.730, 0, 183.57 W, 39, 120 MHz, 3996 MHz, 0 %, 0 %
2026/09/20 16:00:59.730, 1, 185.56 W, 40, 120 MHz, 3996 MHz, 0 %, 0 %
2026/09/20 16:00:59.730, 2, 179.47 W, 31, 120 MHz, 3996 MHz, 0 %, 0 %
2026/09/20 16:00:59.730, 3, 181.30 W, 31, 120 MHz, 3996 MHz, 0 %, 0 %
2026/09/20 16:00:59.730, 4, 181.30 W, 34, 120 MHz, 3996 MHz, 0 %, 0 %
2026/09/20 16:00:59.730, 5, 179.47 W, 32, 120 MHz, 3996 MHz, 0 %, 0 %
2026/09/20 16:00:59.730, 6, 180.17 W, 29, 120 MHz, 3996 MHz, 0 %, 0 %
2026/09/20 16:00:59.730, 7, 182.13 W, 29, 120 MHz, 3996 MHz, 0 %, 0 %
2026/09/20 16:01:00.730, 0, 183.52 W, 39, 120 MHz, 3996 MHz, 0 %, 0 %
2026/09/20 16:01:00.730, 1, 185.52 W, 40, 120 MHz, 3996 MHz, 0 %, 0 %
2026/09/20 16:01:00.730, 2, 179.46 W, 31, 120 MHz, 3996 MHz, 0 %, 0 %
2026/09/20 16:01:00.730, 3, 181.30 W, 30, 120 MHz, 3996 MHz, 0 %, 0 %
2026/09/20 16:01:00.730, 4, 181.30 W, 34, 120 MHz, 3996 MHz, 0 %, 0 %
2026/09/20 16:01:00.730, 5, 179.47 W, 32, 120 MHz, 3996 MHz, 0 %, 0 %
2026/09/20 16:01:00.730, 6, 180.17 W, 29, 120 MHz, 3996 MHz, 0 %, 0 %
2026/09/20 16:01:00.730, 7, 182.13 W, 29, 120 MHz, 3996 MHz, 0 %, 0 %
2026/09/20 16:01:01.730, 0, 183.52 W, 38, 120 MHz, 3996 MHz, 0 %, 0 %
2026/09/20 16:01:01.730, 1, 185.52 W, 40, 120 MHz, 3996 MHz, 0 %, 0 %
2026/09/20 16:01:01.730, 2, 179.46 W, 31, 120 MHz, 3996 MHz, 0 %, 0 %
2026/09/20 16:01:01.730, 3, 181.30 W, 30, 120 MHz, 3996 MHz, 0 %, 0 %
2026/09/20 16:01:01.730, 4, 181.30 W, 34, 120 MHz, 3996 MHz, 0 %, 0 %
2026/09/20 16:01:01.730, 5, 179.47 W, 32, 120 MHz, 3996 MHz, 0 %, 0 %
2026/09/20 16:01:01.730, 6, 180.13 W, 29, 120 MHz, 3996 MHz, 0 %, 0 %
2026/09/20 16:01:01.730, 7, 182.13 W, 29, 120 MHz, 3996 MHz, 0 %, 0 %
2026/09/20 16:01:02.730, 0, 183.54 W, 38, 120 MHz, 3996 MHz, 0 %, 0 %
2026/09/20 16:01:02.730, 1, 185.10 W, 40, 120 MHz, 3996 MHz, 0 %, 0 %
2026/09/20 16:01:02.730, 2, 179.47 W, 31, 120 MHz, 3996 MHz, 0 %, 0 %
2026/09/20 16:01:02.730, 3, 181.30 W, 30, 120 MHz, 3996 MHz, 0 %, 0 %
2026/09/20 16:01:02.731, 4, 181.30 W, 34, 120 MHz, 3996 MHz, 0 %, 0 %
2026/09/20 16:01:02.731, 5, 179.46 W, 32, 120 MHz, 3996 MHz, 0 %, 0 %
2026/09/20 16:01:02.731, 6, 180.17 W, 29, 120 MHz, 3996 MHz, 0 %, 0 %
2026/09/20 16:01:02.731, 7, 182.13 W, 29, 120 MHz, 3996 MHz, 0 %, 0 %
2026/09/20 16:01:03.731, 0, 183.55 W, 38, 120 MHz, 3996 MHz, 0 %, 0 %
2026/09/20 16:01:03.731, 1, 184.97 W, 40, 120 MHz, 3996 MHz, 0 %, 0 %
2026/09/20 16:01:03.731, 2, 179.46 W, 31, 120 MHz, 3996 MHz, 0 %, 0 %
2026/09/20 16:01:03.731, 3, 181.30 W, 30, 120 MHz, 3996 MHz, 0 %, 0 %
2026/09/20 16:01:03.731, 4, 181.34 W, 34, 120 MHz, 3996 MHz, 0 %, 0 %
2026/09/20 16:01:03.731, 5, 179.47 W, 32, 120 MHz, 3996 MHz, 0 %, 0 %
2026/09/20 16:01:03.731, 6, 180.13 W, 29, 120 MHz, 3996 MHz, 0 %, 0 %
2026/09/20 16:01:03.731, 7, 182.13 W, 29, 120 MHz, 3996 MHz, 0 %, 0 %
2026/09/20 16:01:04.731, 0, 183.52 W, 38, 120 MHz, 3996 MHz, 0 %, 0 %
2026/09/20 16:01:04.731, 1, 184.68 W, 39, 120 MHz, 3996 MHz, 0 %, 0 %
2026/09/20 16:01:04.731, 2, 179.46 W, 31, 120 MHz, 3996 MHz, 0 %, 0 %
2026/09/20 16:01:04.731, 3, 181.26 W, 30, 120 MHz, 3996 MHz, 0 %, 0 %
2026/09/20 16:01:04.731, 4, 181.30 W, 34, 120 MHz, 3996 MHz, 0 %, 0 %
2026/09/20 16:01:04.731, 5, 179.46 W, 32, 120 MHz, 3996 MHz, 0 %, 0 %
2026/09/20 16:01:04.731, 6, 180.13 W, 29, 120 MHz, 3996 MHz, 0 %, 0 %
2026/09/20 16:01:04.731, 7, 182.13 W, 29, 120 MHz, 3996 MHz, 0 %, 0 %
2026/09/20 16:01:05.731, 0, 183.56 W, 38, 120 MHz, 3996 MHz, 0 %, 0 %
2026/09/20 16:01:05.731, 1, 184.12 W, 39, 120 MHz, 3996 MHz, 0 %, 0 %
2026/09/20 16:01:05.731, 2, 179.47 W, 31, 120 MHz, 3996 MHz, 0 %, 0 %
2026/09/20 16:01:05.731, 3, 181.30 W, 30, 120 MHz, 3996 MHz, 0 %, 0 %
2026/09/20 16:01:05.731, 4, 181.30 W, 34, 120 MHz, 3996 MHz, 0 %, 0 %
2026/09/20 16:01:05.731, 5, 179.46 W, 32, 120 MHz, 3996 MHz, 0 %, 0 %
2026/09/20 16:01:05.731, 6, 180.17 W, 29, 120 MHz, 3996 MHz, 0 %, 0 %
2026/09/20 16:01:05.731, 7, 182.13 W, 29, 120 MHz, 3996 MHz, 0 %, 0 %
2026/09/20 16:01:06.732, 0, 183.59 W, 38, 120 MHz, 3996 MHz, 0 %, 0 %
2026/09/20 16:01:06.732, 1, 184.03 W, 39, 120 MHz, 3996 MHz, 0 %, 0 %
2026/09/20 16:01:06.732, 2, 179.46 W, 31, 120 MHz, 3996 MHz, 0 %, 0 %
2026/09/20 16:01:06.732, 3, 181.30 W, 30, 120 MHz, 3996 MHz, 0 %, 0 %
2026/09/20 16:01:06.732, 4, 181.30 W, 34, 120 MHz, 3996 MHz, 0 %, 0 %
2026/09/20 16:01:06.732, 5, 179.46 W, 32, 120 MHz, 3996 MHz, 0 %, 0 %
2026/09/20 16:01:06.732, 6, 180.17 W, 29, 120 MHz, 3996 MHz, 0 %, 0 %
2026/09/20 16:01:06.732, 7, 182.13 W, 29, 120 MHz, 3996 MHz, 0 %, 0 %
2026/09/20 16:01:07.732, 0, 183.51 W, 38, 120 MHz, 3996 MHz, 0 %, 0 %
2026/09/20 16:01:07.732, 1, 183.76 W, 39, 120 MHz, 3996 MHz, 0 %, 0 %
2026/09/20 16:01:07.732, 2, 179.46 W, 30, 120 MHz, 3996 MHz, 0 %, 0 %
2026/09/20 16:01:07.732, 3, 181.22 W, 30, 120 MHz, 3996 MHz, 0 %, 0 %
2026/09/20 16:01:07.732, 4, 181.37 W, 34, 120 MHz, 3996 MHz, 0 %, 0 %
2026/09/20 16:01:07.732, 5, 179.46 W, 32, 120 MHz, 3996 MHz, 0 %, 0 %
2026/09/20 16:01:07.732, 6, 180.13 W, 29, 120 MHz, 3996 MHz, 0 %, 0 %
2026/09/20 16:01:07.732, 7, 182.13 W, 29, 120 MHz, 3996 MHz, 0 %, 0 %
2026/09/20 16:01:08.732, 0, 183.49 W, 38, 120 MHz, 3996 MHz, 0 %, 0 %
2026/09/20 16:01:08.732, 1, 183.68 W, 39, 120 MHz, 3996 MHz, 0 %, 0 %
2026/09/20 16:01:08.732, 2, 179.47 W, 30, 120 MHz, 3996 MHz, 0 %, 0 %
2026/09/20 16:01:08.732, 3, 181.29 W, 30, 120 MHz, 3996 MHz, 0 %, 0 %
2026/09/20 16:01:08.732, 4, 181.34 W, 34, 120 MHz, 3996 MHz, 0 %, 0 %
2026/09/20 16:01:08.732, 5, 179.46 W, 32, 120 MHz, 3996 MHz, 0 %, 0 %
2026/09/20 16:01:08.732, 6, 180.17 W, 29, 120 MHz, 3996 MHz, 0 %, 0 %
2026/09/20 16:01:08.732, 7, 182.13 W, 29, 120 MHz, 3996 MHz, 0 %, 0 %
2026/09/20 16:01:09.732, 0, 183.20 W, 38, 120 MHz, 3996 MHz, 0 %, 0 %
2026/09/20 16:01:09.732, 1, 183.65 W, 39, 120 MHz, 3996 MHz, 0 %, 0 %
2026/09/20 16:01:09.732, 2, 179.47 W, 30, 120 MHz, 3996 MHz, 0 %, 0 %
2026/09/20 16:01:09.732, 3, 181.30 W, 30, 120 MHz, 3996 MHz, 0 %, 0 %
2026/09/20 16:01:09.732, 4, 181.30 W, 34, 120 MHz, 3996 MHz, 0 %, 0 %
2026/09/20 16:01:09.733, 5, 179.46 W, 32, 120 MHz, 3996 MHz, 0 %, 0 %
2026/09/20 16:01:09.733, 6, 180.17 W, 29, 120 MHz, 3996 MHz, 0 %, 0 %
2026/09/20 16:01:09.733, 7, 182.13 W, 29, 120 MHz, 3996 MHz, 0 %, 0 %
2026/09/20 16:01:10.733, 0, 183.24 W, 38, 120 MHz, 3996 MHz, 0 %, 0 %
2026/09/20 16:01:10.733, 1, 183.65 W, 39, 120 MHz, 3996 MHz, 0 %, 0 %
2026/09/20 16:01:10.733, 2, 179.46 W, 30, 120 MHz, 3996 MHz, 0 %, 0 %
2026/09/20 16:01:10.733, 3, 181.30 W, 30, 120 MHz, 3996 MHz, 0 %, 0 %
2026/09/20 16:01:10.733, 4, 181.30 W, 34, 120 MHz, 3996 MHz, 0 %, 0 %
2026/09/20 16:01:10.733, 5, 179.47 W, 32, 120 MHz, 3996 MHz, 0 %, 0 %
2026/09/20 16:01:10.733, 6, 180.13 W, 29, 120 MHz, 3996 MHz, 0 %, 0 %
2026/09/20 16:01:10.733, 7, 182.13 W, 29, 120 MHz, 3996 MHz, 0 %, 0 %
2026/09/20 16:01:11.733, 0, 182.94 W, 37, 120 MHz, 3996 MHz, 0 %, 0 %
2026/09/20 16:01:11.733, 1, 183.65 W, 39, 120 MHz, 3996 MHz, 0 %, 0 %
2026/09/20 16:01:11.733, 2, 179.47 W, 30, 120 MHz, 3996 MHz, 0 %, 0 %
2026/09/20 16:01:11.733, 3, 181.26 W, 30, 120 MHz, 3996 MHz, 0 %, 0 %
2026/09/20 16:01:11.733, 4, 181.30 W, 34, 120 MHz, 3996 MHz, 0 %, 0 %
2026/09/20 16:01:11.733, 5, 179.47 W, 32, 120 MHz, 3996 MHz, 0 %, 0 %
2026/09/20 16:01:11.733, 6, 180.10 W, 29, 120 MHz, 3996 MHz, 0 %, 0 %
2026/09/20 16:01:11.733, 7, 182.13 W, 29, 120 MHz, 3996 MHz, 0 %, 0 %
2026/09/20 16:01:12.733, 0, 182.42 W, 37, 120 MHz, 3996 MHz, 0 %, 0 %
2026/09/20 16:01:12.733, 1, 183.61 W, 39, 120 MHz, 3996 MHz, 0 %, 0 %
2026/09/20 16:01:12.733, 2, 179.46 W, 30, 120 MHz, 3996 MHz, 0 %, 0 %
2026/09/20 16:01:12.733, 3, 181.26 W, 30, 120 MHz, 3996 MHz, 0 %, 0 %
2026/09/20 16:01:12.733, 4, 181.30 W, 34, 120 MHz, 3996 MHz, 0 %, 0 %
2026/09/20 16:01:12.733, 5, 179.47 W, 32, 120 MHz, 3996 MHz, 0 %, 0 %
2026/09/20 16:01:12.733, 6, 180.13 W, 29, 120 MHz, 3996 MHz, 0 %, 0 %
2026/09/20 16:01:12.733, 7, 182.13 W, 29, 120 MHz, 3996 MHz, 0 %, 0 %
2026/09/20 16:01:13.733, 0, 182.45 W, 37, 120 MHz, 3996 MHz, 0 %, 0 %
2026/09/20 16:01:13.734, 1, 183.61 W, 39, 120 MHz, 3996 MHz, 0 %, 0 %
2026/09/20 16:01:13.734, 2, 179.46 W, 30, 120 MHz, 3996 MHz, 0 %, 0 %
2026/09/20 16:01:13.734, 3, 181.26 W, 30, 120 MHz, 3996 MHz, 0 %, 0 %
2026/09/20 16:01:13.734, 4, 181.30 W, 34, 120 MHz, 3996 MHz, 0 %, 0 %
2026/09/20 16:01:13.734, 5, 179.47 W, 32, 120 MHz, 3996 MHz, 0 %, 0 %
2026/09/20 16:01:13.734, 6, 180.13 W, 29, 120 MHz, 3996 MHz, 0 %, 0 %
2026/09/20 16:01:13.734, 7, 182.13 W, 29, 120 MHz, 3996 MHz, 0 %, 0 %
2026/09/20 16:01:14.734, 0, 181.86 W, 37, 120 MHz, 3996 MHz, 0 %, 0 %
2026/09/20 16:01:14.734, 1, 183.61 W, 38, 120 MHz, 3996 MHz, 0 %, 0 %
2026/09/20 16:01:14.734, 2, 179.47 W, 30, 120 MHz, 3996 MHz, 0 %, 0 %
2026/09/20 16:01:14.734, 3, 181.30 W, 30, 120 MHz, 3996 MHz, 0 %, 0 %
2026/09/20 16:01:14.734, 4, 181.34 W, 34, 120 MHz, 3996 MHz, 0 %, 0 %
2026/09/20 16:01:14.734, 5, 179.47 W, 32, 120 MHz, 3996 MHz, 0 %, 0 %
2026/09/20 16:01:14.734, 6, 180.17 W, 29, 120 MHz, 3996 MHz, 0 %, 0 %
2026/09/20 16:01:14.734, 7, 182.13 W, 29, 120 MHz, 3996 MHz, 0 %, 0 %
2026/09/20 16:01:15.734, 0, 181.70 W, 37, 120 MHz, 3996 MHz, 0 %, 0 %
2026/09/20 16:01:15.734, 1, 183.61 W, 38, 120 MHz, 3996 MHz, 0 %, 0 %
2026/09/20 16:01:15.734, 2, 179.46 W, 30, 120 MHz, 3996 MHz, 0 %, 0 %
2026/09/20 16:01:15.734, 3, 181.25 W, 30, 120 MHz, 3996 MHz, 0 %, 0 %
2026/09/20 16:01:15.734, 4, 181.34 W, 34, 120 MHz, 3996 MHz, 0 %, 0 %
2026/09/20 16:01:15.734, 5, 179.46 W, 32, 120 MHz, 3996 MHz, 0 %, 0 %
2026/09/20 16:01:15.734, 6, 180.17 W, 29, 120 MHz, 3996 MHz, 0 %, 0 %
2026/09/20 16:01:15.734, 7, 182.13 W, 29, 120 MHz, 3996 MHz, 0 %, 0 %
2026/09/20 16:01:16.734, 0, 181.80 W, 37, 120 MHz, 3996 MHz, 0 %, 0 %
2026/09/20 16:01:16.734, 1, 183.61 W, 38, 120 MHz, 3996 MHz, 0 %, 0 %
2026/09/20 16:01:16.734, 2, 179.47 W, 30, 120 MHz, 3996 MHz, 0 %, 0 %
2026/09/20 16:01:16.734, 3, 181.25 W, 30, 120 MHz, 3996 MHz, 0 %, 0 %
2026/09/20 16:01:16.734, 4, 181.30 W, 34, 120 MHz, 3996 MHz, 0 %, 0 %
2026/09/20 16:01:16.734, 5, 179.46 W, 32, 120 MHz, 3996 MHz, 0 %, 0 %
2026/09/20 16:01:16.734, 6, 180.17 W, 29, 120 MHz, 3996 MHz, 0 %, 0 %
2026/09/20 16:01:16.735, 7, 182.13 W, 29, 120 MHz, 3996 MHz, 0 %, 0 %
2026/09/20 16:01:17.735, 0, 181.70 W, 37, 120 MHz, 3996 MHz, 0 %, 0 %
2026/09/20 16:01:17.735, 1, 183.61 W, 38, 120 MHz, 3996 MHz, 0 %, 0 %
2026/09/20 16:01:17.735, 2, 179.46 W, 30, 120 MHz, 3996 MHz, 0 %, 0 %
2026/09/20 16:01:17.735, 3, 181.15 W, 30, 120 MHz, 3996 MHz, 0 %, 0 %
2026/09/20 16:01:17.735, 4, 181.30 W, 34, 120 MHz, 3996 MHz, 0 %, 0 %
2026/09/20 16:01:17.735, 5, 179.46 W, 32, 120 MHz, 3996 MHz, 0 %, 0 %
2026/09/20 16:01:17.735, 6, 180.17 W, 29, 120 MHz, 3996 MHz, 0 %, 0 %
2026/09/20 16:01:17.735, 7, 182.13 W, 29, 120 MHz, 3996 MHz, 0 %, 0 %
2026/09/20 16:01:18.735, 0, 181.70 W, 37, 120 MHz, 3996 MHz, 0 %, 0 %
2026/09/20 16:01:18.735, 1, 183.61 W, 38, 120 MHz, 3996 MHz, 0 %, 0 %
2026/09/20 16:01:18.735, 2, 179.47 W, 30, 120 MHz, 3996 MHz, 0 %, 0 %
2026/09/20 16:01:18.735, 3, 181.26 W, 30, 120 MHz, 3996 MHz, 0 %, 0 %
2026/09/20 16:01:18.735, 4, 181.30 W, 34, 120 MHz, 3996 MHz, 0 %, 0 %
2026/09/20 16:01:18.735, 5, 179.47 W, 32, 120 MHz, 3996 MHz, 0 %, 0 %
2026/09/20 16:01:18.735, 6, 180.13 W, 29, 120 MHz, 3996 MHz, 0 %, 0 %
2026/09/20 16:01:18.735, 7, 182.13 W, 29, 120 MHz, 3996 MHz, 0 %, 0 %
2026/09/20 16:01:19.735, 0, 181.54 W, 37, 120 MHz, 3996 MHz, 0 %, 0 %
2026/09/20 16:01:19.735, 1, 183.61 W, 38, 120 MHz, 3996 MHz, 0 %, 0 %
2026/09/20 16:01:19.735, 2, 179.47 W, 30, 120 MHz, 3996 MHz, 0 %, 0 %
2026/09/20 16:01:19.735, 3, 181.26 W, 30, 120 MHz, 3996 MHz, 0 %, 0 %
2026/09/20 16:01:19.735, 4, 181.30 W, 34, 120 MHz, 3996 MHz, 0 %, 0 %
2026/09/20 16:01:19.735, 5, 179.46 W, 32, 120 MHz, 3996 MHz, 0 %, 0 %
2026/09/20 16:01:19.735, 6, 180.13 W, 29, 120 MHz, 3996 MHz, 0 %, 0 %
2026/09/20 16:01:19.735, 7, 182.13 W, 29, 120 MHz, 3996 MHz, 0 %, 0 %
2026/09/20 16:01:20.735, 0, 181.54 W, 37, 120 MHz, 3996 MHz, 0 %, 0 %
2026/09/20 16:01:20.736, 1, 183.61 W, 38, 120 MHz, 3996 MHz, 0 %, 0 %
2026/09/20 16:01:20.736, 2, 179.47 W, 30, 120 MHz, 3996 MHz, 0 %, 0 %
2026/09/20 16:01:20.736, 3, 181.14 W, 30, 120 MHz, 3996 MHz, 0 %, 0 %
2026/09/20 16:01:20.736, 4, 181.30 W, 34, 120 MHz, 3996 MHz, 0 %, 0 %
2026/09/20 16:01:20.736, 5, 179.46 W, 32, 120 MHz, 3996 MHz, 0 %, 0 %
2026/09/20 16:01:20.736, 6, 180.13 W, 29, 120 MHz, 3996 MHz, 0 %, 0 %
2026/09/20 16:01:20.736, 7, 182.13 W, 29, 120 MHz, 3996 MHz, 0 %, 0 %
2026/09/20 16:01:21.736, 0, 181.54 W, 37, 120 MHz, 3996 MHz, 0 %, 0 %
2026/09/20 16:01:21.736, 1, 183.61 W, 38, 120 MHz, 3996 MHz, 0 %, 0 %
2026/09/20 16:01:21.736, 2, 179.46 W, 30, 120 MHz, 3996 MHz, 0 %, 0 %
2026/09/20 16:01:21.736, 3, 181.18 W, 30, 120 MHz, 3996 MHz, 0 %, 0 %
2026/09/20 16:01:21.736, 4, 181.38 W, 34, 120 MHz, 3996 MHz, 0 %, 0 %
2026/09/20 16:01:21.736, 5, 179.47 W, 32, 120 MHz, 3996 MHz, 0 %, 0 %
2026/09/20 16:01:21.736, 6, 180.17 W, 29, 120 MHz, 3996 MHz, 0 %, 0 %
2026/09/20 16:01:21.736, 7, 182.13 W, 29, 120 MHz, 3996 MHz, 0 %, 0 %
2026/09/20 16:01:22.736, 0, 181.54 W, 37, 120 MHz, 3996 MHz, 0 %, 0 %
2026/09/20 16:01:22.736, 1, 183.61 W, 38, 120 MHz, 3996 MHz, 0 %, 0 %
2026/09/20 16:01:22.736, 2, 179.46 W, 30, 120 MHz, 3996 MHz, 0 %, 0 %
2026/09/20 16:01:22.736, 3, 181.18 W, 30, 120 MHz, 3996 MHz, 0 %, 0 %
2026/09/20 16:01:22.736, 4, 181.30 W, 34, 120 MHz, 3996 MHz, 0 %, 0 %
2026/09/20 16:01:22.736, 5, 179.47 W, 32, 120 MHz, 3996 MHz, 0 %, 0 %
2026/09/20 16:01:22.736, 6, 180.17 W, 29, 120 MHz, 3996 MHz, 0 %, 0 %
2026/09/20 16:01:22.736, 7, 182.13 W, 29, 120 MHz, 3996 MHz, 0 %, 0 %
2026/09/20 16:01:23.736, 0, 181.54 W, 36, 120 MHz, 3996 MHz, 0 %, 0 %
2026/09/20 16:01:23.736, 1, 183.61 W, 38, 120 MHz, 3996 MHz, 0 %, 0 %
2026/09/20 16:01:23.736, 2, 179.46 W, 30, 120 MHz, 3996 MHz, 0 %, 0 %
2026/09/20 16:01:23.736, 3, 181.18 W, 30, 120 MHz, 3996 MHz, 0 %, 0 %
2026/09/20 16:01:23.736, 4, 181.34 W, 34, 120 MHz, 3996 MHz, 0 %, 0 %
2026/09/20 16:01:23.736, 5, 179.46 W, 32, 120 MHz, 3996 MHz, 0 %, 0 %
2026/09/20 16:01:23.736, 6, 180.17 W, 29, 120 MHz, 3996 MHz, 0 %, 0 %
2026/09/20 16:01:23.736, 7, 182.13 W, 29, 120 MHz, 3996 MHz, 0 %, 0 %
2026/09/20 16:01:24.737, 0, 181.54 W, 36, 120 MHz, 3996 MHz, 0 %, 0 %
2026/09/20 16:01:24.737, 1, 183.61 W, 38, 120 MHz, 3996 MHz, 0 %, 0 %
2026/09/20 16:01:24.737, 2, 179.46 W, 30, 120 MHz, 3996 MHz, 0 %, 0 %
2026/09/20 16:01:24.737, 3, 181.10 W, 30, 120 MHz, 3996 MHz, 0 %, 0 %
2026/09/20 16:01:24.737, 4, 181.30 W, 34, 120 MHz, 3996 MHz, 0 %, 0 %
2026/09/20 16:01:24.737, 5, 179.47 W, 32, 120 MHz, 3996 MHz, 0 %, 0 %
2026/09/20 16:01:24.737, 6, 180.17 W, 29, 120 MHz, 3996 MHz, 0 %, 0 %
2026/09/20 16:01:24.737, 7, 182.13 W, 29, 120 MHz, 3996 MHz, 0 %, 0 %
2026/09/20 16:01:25.737, 0, 181.54 W, 36, 120 MHz, 3996 MHz, 0 %, 0 %
2026/09/20 16:01:25.737, 1, 183.61 W, 38, 120 MHz, 3996 MHz, 0 %, 0 %
2026/09/20 16:01:25.737, 2, 179.46 W, 30, 120 MHz, 3996 MHz, 0 %, 0 %
2026/09/20 16:01:25.737, 3, 181.02 W, 30, 120 MHz, 3996 MHz, 0 %, 0 %
2026/09/20 16:01:25.737, 4, 181.34 W, 34, 120 MHz, 3996 MHz, 0 %, 0 %
2026/09/20 16:01:25.737, 5, 179.47 W, 32, 120 MHz, 3996 MHz, 0 %, 0 %
2026/09/20 16:01:25.737, 6, 180.17 W, 29, 120 MHz, 3996 MHz, 0 %, 0 %
2026/09/20 16:01:25.737, 7, 182.13 W, 29, 120 MHz, 3996 MHz, 0 %, 0 %
2026/09/20 16:01:26.737, 0, 181.54 W, 36, 120 MHz, 3996 MHz, 0 %, 0 %
2026/09/20 16:01:26.737, 1, 183.61 W, 38, 120 MHz, 3996 MHz, 0 %, 0 %
2026/09/20 16:01:26.737, 2, 179.47 W, 30, 120 MHz, 3996 MHz, 0 %, 0 %
2026/09/20 16:01:26.737, 3, 181.14 W, 30, 120 MHz, 3996 MHz, 0 %, 0 %
2026/09/20 16:01:26.737, 4, 181.34 W, 34, 120 MHz, 3996 MHz, 0 %, 0 %
2026/09/20 16:01:26.737, 5, 179.47 W, 32, 120 MHz, 3996 MHz, 0 %, 0 %
2026/09/20 16:01:26.737, 6, 180.17 W, 29, 120 MHz, 3996 MHz, 0 %, 0 %
2026/09/20 16:01:26.737, 7, 182.13 W, 29, 120 MHz, 3996 MHz, 0 %, 0 %
2026/09/20 16:01:27.737, 0, 181.54 W, 36, 120 MHz, 3996 MHz, 0 %, 0 %
2026/09/20 16:01:27.737, 1, 183.61 W, 38, 120 MHz, 3996 MHz, 0 %, 0 %
2026/09/20 16:01:27.737, 2, 179.47 W, 30, 120 MHz, 3996 MHz, 0 %, 0 %
2026/09/20 16:01:27.737, 3, 180.95 W, 30, 120 MHz, 3996 MHz, 0 %, 0 %
2026/09/20 16:01:27.737, 4, 181.34 W, 34, 120 MHz, 3996 MHz, 0 %, 0 %
2026/09/20 16:01:27.738, 5, 179.46 W, 32, 120 MHz, 3996 MHz, 0 %, 0 %
2026/09/20 16:01:27.738, 6, 180.17 W, 29, 120 MHz, 3996 MHz, 0 %, 0 %
2026/09/20 16:01:27.738, 7, 182.13 W, 29, 120 MHz, 3996 MHz, 0 %, 0 %
2026/09/20 16:01:28.738, 0, 181.54 W, 36, 120 MHz, 3996 MHz, 0 %, 0 %
2026/09/20 16:01:28.738, 1, 183.61 W, 37, 120 MHz, 3996 MHz, 0 %, 0 %
2026/09/20 16:01:28.738, 2, 179.46 W, 30, 120 MHz, 3996 MHz, 0 %, 0 %
2026/09/20 16:01:28.738, 3, 180.80 W, 30, 120 MHz, 3996 MHz, 0 %, 0 %
2026/09/20 16:01:28.738, 4, 181.34 W, 34, 120 MHz, 3996 MHz, 0 %, 0 %
2026/09/20 16:01:28.738, 5, 179.47 W, 32, 120 MHz, 3996 MHz, 0 %, 0 %
2026/09/20 16:01:28.738, 6, 180.17 W, 29, 120 MHz, 3996 MHz, 0 %, 0 %
2026/09/20 16:01:28.738, 7, 182.13 W, 29, 120 MHz, 3996 MHz, 0 %, 0 %
2026/09/20 16:01:29.738, 0, 181.54 W, 36, 120 MHz, 3996 MHz, 0 %, 0 %
2026/09/20 16:01:29.738, 1, 183.61 W, 37, 120 MHz, 3996 MHz, 0 %, 0 %
2026/09/20 16:01:29.738, 2, 179.46 W, 30, 120 MHz, 3996 MHz, 0 %, 0 %
2026/09/20 16:01:29.738, 3, 180.76 W, 30, 120 MHz, 3996 MHz, 0 %, 0 %
2026/09/20 16:01:29.738, 4, 181.34 W, 34, 120 MHz, 3996 MHz, 0 %, 0 %
2026/09/20 16:01:29.738, 5, 179.47 W, 32, 120 MHz, 3996 MHz, 0 %, 0 %
2026/09/20 16:01:29.738, 6, 180.17 W, 29, 120 MHz, 3996 MHz, 0 %, 0 %
2026/09/20 16:01:29.738, 7, 182.13 W, 29, 120 MHz, 3996 MHz, 0 %, 0 %
2026/09/20 16:01:30.738, 0, 181.54 W, 36, 120 MHz, 3996 MHz, 0 %, 0 %
2026/09/20 16:01:30.738, 1, 183.61 W, 37, 120 MHz, 3996 MHz, 0 %, 0 %
2026/09/20 16:01:30.738, 2, 179.46 W, 30, 120 MHz, 3996 MHz, 0 %, 0 %
2026/09/20 16:01:30.738, 3, 181.17 W, 30, 120 MHz, 3996 MHz, 0 %, 0 %
2026/09/20 16:01:30.738, 4, 181.38 W, 34, 120 MHz, 3996 MHz, 0 %, 0 %
2026/09/20 16:01:30.738, 5, 179.47 W, 32, 120 MHz, 3996 MHz, 0 %, 0 %
2026/09/20 16:01:30.738, 6, 180.17 W, 29, 120 MHz, 3996 MHz, 0 %, 0 %
2026/09/20 16:01:30.738, 7, 182.13 W, 29, 120 MHz, 3996 MHz, 0 %, 0 %
2026/09/20 16:01:31.738, 0, 181.54 W, 36, 120 MHz, 3996 MHz, 0 %, 0 %
2026/09/20 16:01:31.739, 1, 183.61 W, 37, 120 MHz, 3996 MHz, 0 %, 0 %
2026/09/20 16:01:31.739, 2, 179.46 W, 30, 120 MHz, 3996 MHz, 0 %, 0 %
2026/09/20 16:01:31.739, 3, 181.18 W, 30, 120 MHz, 3996 MHz, 0 %, 0 %
2026/09/20 16:01:31.739, 4, 181.37 W, 34, 120 MHz, 3996 MHz, 0 %, 0 %
2026/09/20 16:01:31.739, 5, 179.46 W, 32, 120 MHz, 3996 MHz, 0 %, 0 %
2026/09/20 16:01:31.739, 6, 180.13 W, 29, 120 MHz, 3996 MHz, 0 %, 0 %
2026/09/20 16:01:31.739, 7, 182.13 W, 29, 120 MHz, 3996 MHz, 0 %, 0 %
2026/09/20 16:01:32.739, 0, 181.54 W, 36, 120 MHz, 3996 MHz, 0 %, 0 %
2026/09/20 16:01:32.739, 1, 183.61 W, 37, 120 MHz, 3996 MHz, 0 %, 0 %
2026/09/20 16:01:32.739, 2, 179.47 W, 30, 120 MHz, 3996 MHz, 0 %, 0 %
2026/09/20 16:01:32.739, 3, 180.91 W, 30, 120 MHz, 3996 MHz, 0 %, 0 %
2026/09/20 16:01:32.739, 4, 181.30 W, 34, 120 MHz, 3996 MHz, 0 %, 0 %
2026/09/20 16:01:32.739, 5, 179.47 W, 32, 120 MHz, 3996 MHz, 0 %, 0 %
2026/09/20 16:01:32.739, 6, 180.17 W, 29, 120 MHz, 3996 MHz, 0 %, 0 %
2026/09/20 16:01:32.739, 7, 182.13 W, 29, 120 MHz, 3996 MHz, 0 %, 0 %
2026/09/20 16:01:33.739, 0, 181.54 W, 36, 120 MHz, 3996 MHz, 0 %, 0 %
2026/09/20 16:01:33.739, 1, 183.61 W, 37, 120 MHz, 3996 MHz, 0 %, 0 %
2026/09/20 16:01:33.739, 2, 179.46 W, 30, 120 MHz, 3996 MHz, 0 %, 0 %
2026/09/20 16:01:33.739, 3, 180.87 W, 30, 120 MHz, 3996 MHz, 0 %, 0 %
2026/09/20 16:01:33.739, 4, 181.30 W, 34, 120 MHz, 3996 MHz, 0 %, 0 %
2026/09/20 16:01:33.739, 5, 179.47 W, 32, 120 MHz, 3996 MHz, 0 %, 0 %
2026/09/20 16:01:33.739, 6, 180.17 W, 29, 120 MHz, 3996 MHz, 0 %, 0 %
2026/09/20 16:01:33.739, 7, 182.13 W, 29, 120 MHz, 3996 MHz, 0 %, 0 %
2026/09/20 16:01:34.739, 0, 181.54 W, 36, 120 MHz, 3996 MHz, 0 %, 0 %
2026/09/20 16:01:34.739, 1, 183.61 W, 37, 120 MHz, 3996 MHz, 0 %, 0 %
2026/09/20 16:01:34.739, 2, 179.46 W, 30, 120 MHz, 3996 MHz, 0 %, 0 %
2026/09/20 16:01:34.739, 3, 180.95 W, 30, 120 MHz, 3996 MHz, 0 %, 0 %
2026/09/20 16:01:34.739, 4, 181.34 W, 34, 120 MHz, 3996 MHz, 0 %, 0 %
2026/09/20 16:01:34.739, 5, 179.47 W, 32, 120 MHz, 3996 MHz, 0 %, 0 %
2026/09/20 16:01:34.740, 6, 180.17 W, 29, 120 MHz, 3996 MHz, 0 %, 0 %
2026/09/20 16:01:34.740, 7, 182.13 W, 29, 120 MHz, 3996 MHz, 0 %, 0 %
2026/09/20 16:01:35.740, 0, 181.54 W, 36, 120 MHz, 3996 MHz, 0 %, 0 %
2026/09/20 16:01:35.740, 1, 183.61 W, 37, 120 MHz, 3996 MHz, 0 %, 0 %
2026/09/20 16:01:35.740, 2, 179.47 W, 30, 120 MHz, 3996 MHz, 0 %, 0 %
2026/09/20 16:01:35.740, 3, 180.87 W, 30, 120 MHz, 3996 MHz, 0 %, 0 %
2026/09/20 16:01:35.740, 4, 181.37 W, 34, 120 MHz, 3996 MHz, 0 %, 0 %
2026/09/20 16:01:35.740, 5, 179.47 W, 32, 120 MHz, 3996 MHz, 0 %, 0 %
2026/09/20 16:01:35.740, 6, 180.17 W, 29, 120 MHz, 3996 MHz, 0 %, 0 %
2026/09/20 16:01:35.740, 7, 182.13 W, 29, 120 MHz, 3996 MHz, 0 %, 0 %
2026/09/20 16:01:36.740, 0, 181.54 W, 36, 120 MHz, 3996 MHz, 0 %, 0 %
2026/09/20 16:01:36.740, 1, 183.61 W, 37, 120 MHz, 3996 MHz, 0 %, 0 %
2026/09/20 16:01:36.740, 2, 179.47 W, 30, 120 MHz, 3996 MHz, 0 %, 0 %
2026/09/20 16:01:36.740, 3, 180.76 W, 30, 120 MHz, 3996 MHz, 0 %, 0 %
2026/09/20 16:01:36.740, 4, 181.30 W, 34, 120 MHz, 3996 MHz, 0 %, 0 %
2026/09/20 16:01:36.740, 5, 179.47 W, 32, 120 MHz, 3996 MHz, 0 %, 0 %
2026/09/20 16:01:36.740, 6, 180.17 W, 29, 120 MHz, 3996 MHz, 0 %, 0 %
2026/09/20 16:01:36.740, 7, 182.13 W, 29, 120 MHz, 3996 MHz, 0 %, 0 %
2026/09/20 16:01:37.740, 0, 181.54 W, 36, 120 MHz, 3996 MHz, 0 %, 0 %
2026/09/20 16:01:37.740, 1, 183.61 W, 37, 120 MHz, 3996 MHz, 0 %, 0 %
2026/09/20 16:01:37.740, 2, 179.47 W, 30, 120 MHz, 3996 MHz, 0 %, 0 %
2026/09/20 16:01:37.740, 3, 180.55 W, 30, 120 MHz, 3996 MHz, 0 %, 0 %
2026/09/20 16:01:37.740, 4, 181.30 W, 34, 120 MHz, 3996 MHz, 0 %, 0 %
2026/09/20 16:01:37.740, 5, 179.46 W, 32, 120 MHz, 3996 MHz, 0 %, 0 %
2026/09/20 16:01:37.740, 6, 180.17 W, 29, 120 MHz, 3996 MHz, 0 %, 0 %
2026/09/20 16:01:37.740, 7, 182.13 W, 29, 120 MHz, 3996 MHz, 0 %, 0 %
2026/09/20 16:01:38.740, 0, 181.54 W, 36, 120 MHz, 3996 MHz, 0 %, 0 %
2026/09/20 16:01:38.740, 1, 183.61 W, 37, 120 MHz, 3996 MHz, 0 %, 0 %
2026/09/20 16:01:38.740, 2, 179.46 W, 30, 120 MHz, 3996 MHz, 0 %, 0 %
2026/09/20 16:01:38.740, 3, 180.84 W, 29, 120 MHz, 3996 MHz, 0 %, 0 %
2026/09/20 16:01:38.740, 4, 181.45 W, 34, 120 MHz, 3996 MHz, 0 %, 0 %
2026/09/20 16:01:38.741, 5, 179.47 W, 32, 120 MHz, 3996 MHz, 0 %, 0 %
2026/09/20 16:01:38.741, 6, 180.17 W, 29, 120 MHz, 3996 MHz, 0 %, 0 %
2026/09/20 16:01:38.741, 7, 182.13 W, 29, 120 MHz, 3996 MHz, 0 %, 0 %
2026/09/20 16:01:39.741, 0, 181.54 W, 36, 120 MHz, 3996 MHz, 0 %, 0 %
2026/09/20 16:01:39.741, 1, 183.61 W, 37, 120 MHz, 3996 MHz, 0 %, 0 %
2026/09/20 16:01:39.741, 2, 179.47 W, 30, 120 MHz, 3996 MHz, 0 %, 0 %
2026/09/20 16:01:39.741, 3, 180.87 W, 29, 120 MHz, 3996 MHz, 0 %, 0 %
2026/09/20 16:01:39.741, 4, 181.34 W, 34, 120 MHz, 3996 MHz, 0 %, 0 %
2026/09/20 16:01:39.741, 5, 179.47 W, 32, 120 MHz, 3996 MHz, 0 %, 0 %
2026/09/20 16:01:39.741, 6, 180.17 W, 29, 120 MHz, 3996 MHz, 0 %, 0 %
2026/09/20 16:01:39.741, 7, 182.13 W, 29, 120 MHz, 3996 MHz, 0 %, 0 %
2026/09/20 16:01:40.741, 0, 181.54 W, 36, 120 MHz, 3996 MHz, 0 %, 0 %
2026/09/20 16:01:40.741, 1, 183.61 W, 37, 120 MHz, 3996 MHz, 0 %, 0 %
2026/09/20 16:01:40.741, 2, 179.47 W, 30, 120 MHz, 3996 MHz, 0 %, 0 %
2026/09/20 16:01:40.741, 3, 180.79 W, 29, 120 MHz, 3996 MHz, 0 %, 0 %
2026/09/20 16:01:40.741, 4, 181.30 W, 34, 120 MHz, 3996 MHz, 0 %, 0 %
2026/09/20 16:01:40.741, 5, 179.46 W, 32, 120 MHz, 3996 MHz, 0 %, 0 %
2026/09/20 16:01:40.741, 6, 180.17 W, 29, 120 MHz, 3996 MHz, 0 %, 0 %
2026/09/20 16:01:40.741, 7, 182.13 W, 29, 120 MHz, 3996 MHz, 0 %, 0 %
2026/09/20 16:01:41.741, 0, 181.54 W, 36, 120 MHz, 3996 MHz, 0 %, 0 %
2026/09/20 16:01:41.741, 1, 183.61 W, 37, 120 MHz, 3996 MHz, 0 %, 0 %
2026/09/20 16:01:41.741, 2, 179.47 W, 30, 120 MHz, 3996 MHz, 0 %, 0 %
2026/09/20 16:01:41.741, 3, 180.71 W, 29, 120 MHz, 3996 MHz, 0 %, 0 %
2026/09/20 16:01:41.741, 4, 181.30 W, 34, 120 MHz, 3996 MHz, 0 %, 0 %
2026/09/20 16:01:41.741, 5, 179.47 W, 32, 120 MHz, 3996 MHz, 0 %, 0 %
2026/09/20 16:01:41.741, 6, 180.13 W, 29, 120 MHz, 3996 MHz, 0 %, 0 %
2026/09/20 16:01:41.741, 7, 182.13 W, 29, 120 MHz, 3996 MHz, 0 %, 0 %
2026/09/20 16:01:42.741, 0, 181.54 W, 35, 120 MHz, 3996 MHz, 0 %, 0 %
2026/09/20 16:01:42.742, 1, 183.61 W, 37, 120 MHz, 3996 MHz, 0 %, 0 %
2026/09/20 16:01:42.742, 2, 179.46 W, 30, 120 MHz, 3996 MHz, 0 %, 0 %
2026/09/20 16:01:42.742, 3, 180.49 W, 29, 120 MHz, 3996 MHz, 0 %, 0 %
2026/09/20 16:01:42.742, 4, 181.30 W, 34, 120 MHz, 3996 MHz, 0 %, 0 %
2026/09/20 16:01:42.742, 5, 179.47 W, 32, 120 MHz, 3996 MHz, 0 %, 0 %
2026/09/20 16:01:42.742, 6, 180.17 W, 29, 120 MHz, 3996 MHz, 0 %, 0 %
2026/09/20 16:01:42.742, 7, 182.13 W, 29, 120 MHz, 3996 MHz, 0 %, 0 %
2026/09/20 16:01:43.742, 0, 181.54 W, 35, 120 MHz, 3996 MHz, 0 %, 0 %
2026/09/20 16:01:43.742, 1, 183.61 W, 37, 120 MHz, 3996 MHz, 0 %, 0 %
2026/09/20 16:01:43.742, 2, 179.47 W, 30, 120 MHz, 3996 MHz, 0 %, 0 %
2026/09/20 16:01:43.742, 3, 180.38 W, 29, 120 MHz, 3996 MHz, 0 %, 0 %
2026/09/20 16:01:43.742, 4, 181.37 W, 34, 120 MHz, 3996 MHz, 0 %, 0 %
2026/09/20 16:01:43.742, 5, 179.46 W, 32, 120 MHz, 3996 MHz, 0 %, 0 %
2026/09/20 16:01:43.742, 6, 180.17 W, 29, 120 MHz, 3996 MHz, 0 %, 0 %
2026/09/20 16:01:43.742, 7, 182.13 W, 29, 120 MHz, 3996 MHz, 0 %, 0 %
2026/09/20 16:01:44.742, 0, 181.54 W, 35, 120 MHz, 3996 MHz, 0 %, 0 %
2026/09/20 16:01:44.742, 1, 183.61 W, 37, 120 MHz, 3996 MHz, 0 %, 0 %
2026/09/20 16:01:44.742, 2, 179.47 W, 30, 120 MHz, 3996 MHz, 0 %, 0 %
2026/09/20 16:01:44.742, 3, 180.42 W, 29, 120 MHz, 3996 MHz, 0 %, 0 %
2026/09/20 16:01:44.742, 4, 181.30 W, 34, 120 MHz, 3996 MHz, 0 %, 0 %
2026/09/20 16:01:44.742, 5, 179.47 W, 32, 120 MHz, 3996 MHz, 0 %, 0 %
2026/09/20 16:01:44.742, 6, 180.17 W, 29, 120 MHz, 3996 MHz, 0 %, 0 %
2026/09/20 16:01:44.742, 7, 182.13 W, 29, 120 MHz, 3996 MHz, 0 %, 0 %
2026/09/20 16:01:45.742, 0, 181.54 W, 35, 120 MHz, 3996 MHz, 0 %, 0 %
2026/09/20 16:01:45.742, 1, 183.61 W, 37, 120 MHz, 3996 MHz, 0 %, 0 %
2026/09/20 16:01:45.742, 2, 179.47 W, 30, 120 MHz, 3996 MHz, 0 %, 0 %
2026/09/20 16:01:45.742, 3, 180.63 W, 29, 120 MHz, 3996 MHz, 0 %, 0 %
2026/09/20 16:01:45.742, 4, 181.34 W, 34, 120 MHz, 3996 MHz, 0 %, 0 %
2026/09/20 16:01:45.742, 5, 179.47 W, 32, 120 MHz, 3996 MHz, 0 %, 0 %
2026/09/20 16:01:45.742, 6, 180.17 W, 29, 120 MHz, 3996 MHz, 0 %, 0 %
2026/09/20 16:01:45.743, 7, 182.13 W, 29, 120 MHz, 3996 MHz, 0 %, 0 %
2026/09/20 16:01:46.743, 0, 181.54 W, 35, 120 MHz, 3996 MHz, 0 %, 0 %
2026/09/20 16:01:46.743, 1, 183.61 W, 37, 120 MHz, 3996 MHz, 0 %, 0 %
2026/09/20 16:01:46.743, 2, 179.47 W, 30, 120 MHz, 3996 MHz, 0 %, 0 %
2026/09/20 16:01:46.743, 3, 180.34 W, 29, 120 MHz, 3996 MHz, 0 %, 0 %
2026/09/20 16:01:46.743, 4, 181.37 W, 34, 120 MHz, 3996 MHz, 0 %, 0 %
2026/09/20 16:01:46.743, 5, 179.47 W, 32, 120 MHz, 3996 MHz, 0 %, 0 %
2026/09/20 16:01:46.743, 6, 180.13 W, 29, 120 MHz, 3996 MHz, 0 %, 0 %
2026/09/20 16:01:46.743, 7, 182.13 W, 29, 120 MHz, 3996 MHz, 0 %, 0 %
2026/09/20 16:01:47.743, 0, 181.54 W, 35, 120 MHz, 3996 MHz, 0 %, 0 %
2026/09/20 16:01:47.743, 1, 183.61 W, 37, 120 MHz, 3996 MHz, 0 %, 0 %
2026/09/20 16:01:47.743, 2, 179.47 W, 30, 120 MHz, 3996 MHz, 0 %, 0 %
2026/09/20 16:01:47.743, 3, 180.59 W, 29, 120 MHz, 3996 MHz, 0 %, 0 %
2026/09/20 16:01:47.743, 4, 181.41 W, 34, 120 MHz, 3996 MHz, 0 %, 0 %
2026/09/20 16:01:47.743, 5, 179.46 W, 32, 120 MHz, 3996 MHz, 0 %, 0 %
2026/09/20 16:01:47.743, 6, 180.17 W, 29, 120 MHz, 3996 MHz, 0 %, 0 %
2026/09/20 16:01:47.743, 7, 182.13 W, 29, 120 MHz, 3996 MHz, 0 %, 0 %
2026/09/20 16:01:48.743, 0, 181.54 W, 35, 120 MHz, 3996 MHz, 0 %, 0 %
2026/09/20 16:01:48.743, 1, 183.61 W, 37, 120 MHz, 3996 MHz, 0 %, 0 %
2026/09/20 16:01:48.743, 2, 179.47 W, 30, 120 MHz, 3996 MHz, 0 %, 0 %
2026/09/20 16:01:48.743, 3, 180.57 W, 29, 120 MHz, 3996 MHz, 0 %, 0 %
2026/09/20 16:01:48.743, 4, 181.38 W, 34, 120 MHz, 3996 MHz, 0 %, 0 %
2026/09/20 16:01:48.743, 5, 179.47 W, 32, 120 MHz, 3996 MHz, 0 %, 0 %
2026/09/20 16:01:48.743, 6, 180.17 W, 29, 120 MHz, 3996 MHz, 0 %, 0 %
2026/09/20 16:01:48.743, 7, 182.13 W, 29, 120 MHz, 3996 MHz, 0 %, 0 %
2026/09/20 16:01:49.743, 0, 181.54 W, 35, 120 MHz, 3996 MHz, 0 %, 0 %
2026/09/20 16:01:49.743, 1, 183.57 W, 36, 120 MHz, 3996 MHz, 0 %, 0 %
2026/09/20 16:01:49.743, 2, 179.46 W, 30, 120 MHz, 3996 MHz, 0 %, 0 %
2026/09/20 16:01:49.743, 3, 180.67 W, 29, 120 MHz, 3996 MHz, 0 %, 0 %
2026/09/20 16:01:49.743, 4, 181.37 W, 34, 120 MHz, 3996 MHz, 0 %, 0 %
2026/09/20 16:01:49.744, 5, 179.46 W, 32, 120 MHz, 3996 MHz, 0 %, 0 %
2026/09/20 16:01:49.744, 6, 180.13 W, 29, 120 MHz, 3996 MHz, 0 %, 0 %
2026/09/20 16:01:49.744, 7, 182.13 W, 29, 120 MHz, 3996 MHz, 0 %, 0 %
2026/09/20 16:01:50.744, 0, 181.54 W, 35, 120 MHz, 3996 MHz, 0 %, 0 %
2026/09/20 16:01:50.744, 1, 183.61 W, 36, 120 MHz, 3996 MHz, 0 %, 0 %
2026/09/20 16:01:50.744, 2, 179.47 W, 30, 120 MHz, 3996 MHz, 0 %, 0 %
2026/09/20 16:01:50.744, 3, 180.36 W, 29, 120 MHz, 3996 MHz, 0 %, 0 %
2026/09/20 16:01:50.744, 4, 181.30 W, 34, 120 MHz, 3996 MHz, 0 %, 0 %
2026/09/20 16:01:50.744, 5, 179.47 W, 32, 120 MHz, 3996 MHz, 0 %, 0 %
2026/09/20 16:01:50.744, 6, 180.17 W, 29, 120 MHz, 3996 MHz, 0 %, 0 %
2026/09/20 16:01:50.744, 7, 182.13 W, 29, 120 MHz, 3996 MHz, 0 %, 0 %
2026/09/20 16:01:51.744, 0, 181.54 W, 35, 120 MHz, 3996 MHz, 0 %, 0 %
2026/09/20 16:01:51.744, 1, 183.53 W, 36, 120 MHz, 3996 MHz, 0 %, 0 %
2026/09/20 16:01:51.744, 2, 179.46 W, 30, 120 MHz, 3996 MHz, 0 %, 0 %
2026/09/20 16:01:51.744, 3, 180.15 W, 29, 120 MHz, 3996 MHz, 0 %, 0 %
2026/09/20 16:01:51.744, 4, 181.37 W, 34, 120 MHz, 3996 MHz, 0 %, 0 %
2026/09/20 16:01:51.744, 5, 179.46 W, 32, 120 MHz, 3996 MHz, 0 %, 0 %
2026/09/20 16:01:51.744, 6, 180.17 W, 29, 120 MHz, 3996 MHz, 0 %, 0 %
2026/09/20 16:01:51.744, 7, 182.13 W, 29, 120 MHz, 3996 MHz, 0 %, 0 %
2026/09/20 16:01:52.744, 0, 181.54 W, 35, 120 MHz, 3996 MHz, 0 %, 0 %
2026/09/20 16:01:52.744, 1, 183.45 W, 36, 120 MHz, 3996 MHz, 0 %, 0 %
2026/09/20 16:01:52.744, 2, 179.46 W, 30, 120 MHz, 3996 MHz, 0 %, 0 %
2026/09/20 16:01:52.744, 3, 180.32 W, 29, 120 MHz, 3996 MHz, 0 %, 0 %
2026/09/20 16:01:52.744, 4, 181.41 W, 34, 120 MHz, 3996 MHz, 0 %, 0 %
2026/09/20 16:01:52.744, 5, 179.47 W, 32, 120 MHz, 3996 MHz, 0 %, 0 %
2026/09/20 16:01:52.744, 6, 180.17 W, 29, 120 MHz, 3996 MHz, 0 %, 0 %
2026/09/20 16:01:52.744, 7, 182.13 W, 29, 120 MHz, 3996 MHz, 0 %, 0 %
2026/09/20 16:01:53.744, 0, 181.54 W, 35, 120 MHz, 3996 MHz, 0 %, 0 %
2026/09/20 16:01:53.745, 1, 183.34 W, 36, 120 MHz, 3996 MHz, 0 %, 0 %
2026/09/20 16:01:53.745, 2, 179.47 W, 30, 120 MHz, 3996 MHz, 0 %, 0 %
2026/09/20 16:01:53.745, 3, 180.28 W, 29, 120 MHz, 3996 MHz, 0 %, 0 %
2026/09/20 16:01:53.745, 4, 181.49 W, 34, 120 MHz, 3996 MHz, 0 %, 0 %
2026/09/20 16:01:53.745, 5, 179.47 W, 32, 120 MHz, 3996 MHz, 0 %, 0 %
2026/09/20 16:01:53.745, 6, 180.13 W, 29, 120 MHz, 3996 MHz, 0 %, 0 %
2026/09/20 16:01:53.745, 7, 182.13 W, 29, 120 MHz, 3996 MHz, 0 %, 0 %
2026/09/20 16:01:54.745, 0, 181.54 W, 35, 120 MHz, 3996 MHz, 0 %, 0 %
2026/09/20 16:01:54.745, 1, 183.46 W, 36, 120 MHz, 3996 MHz, 0 %, 0 %
2026/09/20 16:01:54.745, 2, 179.47 W, 30, 120 MHz, 3996 MHz, 0 %, 0 %
2026/09/20 16:01:54.745, 3, 180.37 W, 29, 120 MHz, 3996 MHz, 0 %, 0 %
2026/09/20 16:01:54.745, 4, 181.30 W, 34, 120 MHz, 3996 MHz, 0 %, 0 %
2026/09/20 16:01:54.745, 5, 179.47 W, 32, 120 MHz, 3996 MHz, 0 %, 0 %
2026/09/20 16:01:54.745, 6, 180.17 W, 29, 120 MHz, 3996 MHz, 0 %, 0 %
2026/09/20 16:01:54.745, 7, 182.13 W, 29, 120 MHz, 3996 MHz, 0 %, 0 %
2026/09/20 16:01:55.745, 0, 181.54 W, 35, 120 MHz, 3996 MHz, 0 %, 0 %
2026/09/20 16:01:55.745, 1, 183.41 W, 36, 120 MHz, 3996 MHz, 0 %, 0 %
2026/09/20 16:01:55.745, 2, 179.47 W, 30, 120 MHz, 3996 MHz, 0 %, 0 %
2026/09/20 16:01:55.745, 3, 180.16 W, 29, 120 MHz, 3996 MHz, 0 %, 0 %
2026/09/20 16:01:55.745, 4, 181.34 W, 34, 120 MHz, 3996 MHz, 0 %, 0 %
2026/09/20 16:01:55.745, 5, 179.47 W, 32, 120 MHz, 3996 MHz, 0 %, 0 %
2026/09/20 16:01:55.745, 6, 180.17 W, 29, 120 MHz, 3996 MHz, 0 %, 0 %
2026/09/20 16:01:55.745, 7, 182.13 W, 29, 120 MHz, 3996 MHz, 0 %, 0 %
2026/09/20 16:01:56.745, 0, 181.54 W, 35, 120 MHz, 3996 MHz, 0 %, 0 %
2026/09/20 16:01:56.745, 1, 183.49 W, 36, 120 MHz, 3996 MHz, 0 %, 0 %
2026/09/20 16:01:56.745, 2, 179.46 W, 30, 120 MHz, 3996 MHz, 0 %, 0 %
2026/09/20 16:01:56.745, 3, 180.30 W, 29, 120 MHz, 3996 MHz, 0 %, 0 %
2026/09/20 16:01:56.745, 4, 181.34 W, 34, 120 MHz, 3996 MHz, 0 %, 0 %
2026/09/20 16:01:56.745, 5, 179.47 W, 32, 120 MHz, 3996 MHz, 0 %, 0 %
2026/09/20 16:01:56.745, 6, 180.17 W, 29, 120 MHz, 3996 MHz, 0 %, 0 %
2026/09/20 16:01:56.746, 7, 182.13 W, 29, 120 MHz, 3996 MHz, 0 %, 0 %
2026/09/20 16:01:57.746, 0, 181.54 W, 35, 120 MHz, 3996 MHz, 0 %, 0 %
2026/09/20 16:01:57.746, 1, 183.23 W, 36, 120 MHz, 3996 MHz, 0 %, 0 %
2026/09/20 16:01:57.746, 2, 179.47 W, 30, 120 MHz, 3996 MHz, 0 %, 0 %
2026/09/20 16:01:57.746, 3, 180.30 W, 29, 120 MHz, 3996 MHz, 0 %, 0 %
2026/09/20 16:01:57.746, 4, 181.49 W, 34, 120 MHz, 3996 MHz, 0 %, 0 %
2026/09/20 16:01:57.746, 5, 179.47 W, 32, 120 MHz, 3996 MHz, 0 %, 0 %
2026/09/20 16:01:57.746, 6, 180.17 W, 29, 120 MHz, 3996 MHz, 0 %, 0 %
2026/09/20 16:01:57.746, 7, 182.13 W, 29, 120 MHz, 3996 MHz, 0 %, 0 %
2026/09/20 16:01:58.746, 0, 181.54 W, 35, 120 MHz, 3996 MHz, 0 %, 0 %
2026/09/20 16:01:58.746, 1, 183.53 W, 36, 120 MHz, 3996 MHz, 0 %, 0 %
2026/09/20 16:01:58.746, 2, 179.47 W, 30, 120 MHz, 3996 MHz, 0 %, 0 %
2026/09/20 16:01:58.746, 3, 180.28 W, 29, 120 MHz, 3996 MHz, 0 %, 0 %
2026/09/20 16:01:58.746, 4, 181.37 W, 34, 120 MHz, 3996 MHz, 0 %, 0 %
2026/09/20 16:01:58.746, 5, 179.47 W, 32, 120 MHz, 3996 MHz, 0 %, 0 %
2026/09/20 16:01:58.746, 6, 180.17 W, 29, 120 MHz, 3996 MHz, 0 %, 0 %
2026/09/20 16:01:58.746, 7, 182.13 W, 29, 120 MHz, 3996 MHz, 0 %, 0 %
2026/09/20 16:01:59.746, 0, 181.54 W, 35, 120 MHz, 3996 MHz, 0 %, 0 %
2026/09/20 16:01:59.746, 1, 183.18 W, 36, 120 MHz, 3996 MHz, 0 %, 0 %
2026/09/20 16:01:59.746, 2, 179.47 W, 30, 120 MHz, 3996 MHz, 0 %, 0 %
2026/09/20 16:01:59.746, 3, 180.64 W, 29, 120 MHz, 3996 MHz, 0 %, 0 %
2026/09/20 16:01:59.746, 4, 181.38 W, 34, 120 MHz, 3996 MHz, 0 %, 0 %
2026/09/20 16:01:59.746, 5, 179.47 W, 32, 120 MHz, 3996 MHz, 0 %, 0 %
2026/09/20 16:01:59.746, 6, 180.17 W, 29, 120 MHz, 3996 MHz, 0 %, 0 %
2026/09/20 16:01:59.746, 7, 182.13 W, 29, 120 MHz, 3996 MHz, 0 %, 0 %
2026/09/20 16:02:00.746, 0, 181.54 W, 35, 120 MHz, 3996 MHz, 0 %, 0 %
2026/09/20 16:02:00.746, 1, 183.30 W, 36, 120 MHz, 3996 MHz, 0 %, 0 %
2026/09/20 16:02:00.746, 2, 179.46 W, 30, 120 MHz, 3996 MHz, 0 %, 0 %
2026/09/20 16:02:00.746, 3, 180.34 W, 29, 120 MHz, 3996 MHz, 0 %, 0 %
2026/09/20 16:02:00.746, 4, 181.45 W, 34, 120 MHz, 3996 MHz, 0 %, 0 %
2026/09/20 16:02:00.746, 5, 179.47 W, 32, 120 MHz, 3996 MHz, 0 %, 0 %
2026/09/20 16:02:00.747, 6, 180.17 W, 29, 120 MHz, 3996 MHz, 0 %, 0 %
2026/09/20 16:02:00.747, 7, 182.13 W, 29, 120 MHz, 3996 MHz, 0 %, 0 %
2026/09/20 16:02:01.747, 0, 181.54 W, 35, 120 MHz, 3996 MHz, 0 %, 0 %
2026/09/20 16:02:01.747, 1, 183.02 W, 36, 120 MHz, 3996 MHz, 0 %, 0 %
2026/09/20 16:02:01.747, 2, 179.46 W, 30, 120 MHz, 3996 MHz, 0 %, 0 %
2026/09/20 16:02:01.747, 3, 180.00 W, 29, 120 MHz, 3996 MHz, 0 %, 0 %
2026/09/20 16:02:01.747, 4, 181.45 W, 34, 120 MHz, 3996 MHz, 0 %, 0 %
2026/09/20 16:02:01.747, 5, 179.46 W, 32, 120 MHz, 3996 MHz, 0 %, 0 %
2026/09/20 16:02:01.747, 6, 180.17 W, 29, 120 MHz, 3996 MHz, 0 %, 0 %
2026/09/20 16:02:01.747, 7, 182.13 W, 29, 120 MHz, 3996 MHz, 0 %, 0 %
2026/09/20 16:02:02.747, 0, 181.54 W, 35, 120 MHz, 3996 MHz, 0 %, 0 %
2026/09/20 16:02:02.747, 1, 183.15 W, 36, 120 MHz, 3996 MHz, 0 %, 0 %
2026/09/20 16:02:02.747, 2, 179.46 W, 30, 120 MHz, 3996 MHz, 0 %, 0 %
2026/09/20 16:02:02.747, 3, 179.99 W, 29, 120 MHz, 3996 MHz, 0 %, 0 %
2026/09/20 16:02:02.747, 4, 181.41 W, 34, 120 MHz, 3996 MHz, 0 %, 0 %
2026/09/20 16:02:02.747, 5, 179.47 W, 32, 120 MHz, 3996 MHz, 0 %, 0 %
2026/09/20 16:02:02.747, 6, 180.17 W, 29, 120 MHz, 3996 MHz, 0 %, 0 %
2026/09/20 16:02:02.747, 7, 182.13 W, 29, 120 MHz, 3996 MHz, 0 %, 0 %
2026/09/20 16:02:03.747, 0, 181.54 W, 35, 120 MHz, 3996 MHz, 0 %, 0 %
2026/09/20 16:02:03.747, 1, 182.99 W, 36, 120 MHz, 3996 MHz, 0 %, 0 %
2026/09/20 16:02:03.747, 2, 179.47 W, 30, 120 MHz, 3996 MHz, 0 %, 0 %
2026/09/20 16:02:03.747, 3, 180.38 W, 29, 120 MHz, 3996 MHz, 0 %, 0 %
2026/09/20 16:02:03.747, 4, 181.37 W, 34, 120 MHz, 3996 MHz, 0 %, 0 %
2026/09/20 16:02:03.747, 5, 179.47 W, 32, 120 MHz, 3996 MHz, 0 %, 0 %
2026/09/20 16:02:03.747, 6, 180.13 W, 29, 120 MHz, 3996 MHz, 0 %, 0 %
2026/09/20 16:02:03.747, 7, 182.13 W, 29, 120 MHz, 3996 MHz, 0 %, 0 %
2026/09/20 16:02:04.747, 0, 181.54 W, 35, 120 MHz, 3996 MHz, 0 %, 0 %
2026/09/20 16:02:04.747, 1, 183.06 W, 36, 120 MHz, 3996 MHz, 0 %, 0 %
2026/09/20 16:02:04.748, 2, 179.46 W, 30, 120 MHz, 3996 MHz, 0 %, 0 %
2026/09/20 16:02:04.748, 3, 180.13 W, 29, 120 MHz, 3996 MHz, 0 %, 0 %
2026/09/20 16:02:04.748, 4, 181.57 W, 34, 120 MHz, 3996 MHz, 0 %, 0 %
2026/09/20 16:02:04.748, 5, 179.46 W, 32, 120 MHz, 3996 MHz, 0 %, 0 %
2026/09/20 16:02:04.748, 6, 180.13 W, 29, 120 MHz, 3996 MHz, 0 %, 0 %
2026/09/20 16:02:04.748, 7, 182.13 W, 29, 120 MHz, 3996 MHz, 0 %, 0 %
2026/09/20 16:02:05.748, 0, 181.54 W, 35, 120 MHz, 3996 MHz, 0 %, 0 %
2026/09/20 16:02:05.748, 1, 182.96 W, 36, 120 MHz, 3996 MHz, 0 %, 0 %
2026/09/20 16:02:05.748, 2, 179.46 W, 30, 120 MHz, 3996 MHz, 0 %, 0 %
2026/09/20 16:02:05.748, 3, 180.29 W, 29, 120 MHz, 3996 MHz, 0 %, 0 %
2026/09/20 16:02:05.748, 4, 181.30 W, 34, 120 MHz, 3996 MHz, 0 %, 0 %
2026/09/20 16:02:05.748, 5, 179.47 W, 32, 120 MHz, 3996 MHz, 0 %, 0 %
2026/09/20 16:02:05.748, 6, 180.17 W, 29, 120 MHz, 3996 MHz, 0 %, 0 %
2026/09/20 16:02:05.748, 7, 182.13 W, 29, 120 MHz, 3996 MHz, 0 %, 0 %
2026/09/20 16:02:06.748, 0, 181.54 W, 35, 120 MHz, 3996 MHz, 0 %, 0 %
2026/09/20 16:02:06.748, 1, 183.06 W, 36, 120 MHz, 3996 MHz, 0 %, 0 %
2026/09/20 16:02:06.748, 2, 179.46 W, 30, 120 MHz, 3996 MHz, 0 %, 0 %
2026/09/20 16:02:06.748, 3, 180.12 W, 29, 120 MHz, 3996 MHz, 0 %, 0 %
2026/09/20 16:02:06.748, 4, 181.45 W, 34, 120 MHz, 3996 MHz, 0 %, 0 %
2026/09/20 16:02:06.748, 5, 179.47 W, 32, 120 MHz, 3996 MHz, 0 %, 0 %
2026/09/20 16:02:06.748, 6, 180.17 W, 29, 120 MHz, 3996 MHz, 0 %, 0 %
2026/09/20 16:02:06.748, 7, 182.13 W, 29, 120 MHz, 3996 MHz, 0 %, 0 %
2026/09/20 16:02:07.748, 0, 181.54 W, 35, 120 MHz, 3996 MHz, 0 %, 0 %
2026/09/20 16:02:07.748, 1, 182.96 W, 36, 120 MHz, 3996 MHz, 0 %, 0 %
2026/09/20 16:02:07.748, 2, 179.47 W, 30, 120 MHz, 3996 MHz, 0 %, 0 %
2026/09/20 16:02:07.748, 3, 180.01 W, 29, 120 MHz, 3996 MHz, 0 %, 0 %
2026/09/20 16:02:07.748, 4, 181.61 W, 34, 120 MHz, 3996 MHz, 0 %, 0 %
2026/09/20 16:02:07.748, 5, 179.46 W, 32, 120 MHz, 3996 MHz, 0 %, 0 %
2026/09/20 16:02:07.748, 6, 180.17 W, 29, 120 MHz, 3996 MHz, 0 %, 0 %
2026/09/20 16:02:07.748, 7, 182.13 W, 29, 120 MHz, 3996 MHz, 0 %, 0 %
2026/09/20 16:02:08.749, 0, 181.54 W, 35, 120 MHz, 3996 MHz, 0 %, 0 %
2026/09/20 16:02:08.749, 1, 182.74 W, 36, 120 MHz, 3996 MHz, 0 %, 0 %
2026/09/20 16:02:08.749, 2, 179.47 W, 30, 120 MHz, 3996 MHz, 0 %, 0 %
2026/09/20 16:02:08.749, 3, 180.28 W, 29, 120 MHz, 3996 MHz, 0 %, 0 %
2026/09/20 16:02:08.749, 4, 181.65 W, 34, 120 MHz, 3996 MHz, 0 %, 0 %
2026/09/20 16:02:08.749, 5, 179.47 W, 32, 120 MHz, 3996 MHz, 0 %, 0 %
2026/09/20 16:02:08.749, 6, 180.17 W, 29, 120 MHz, 3996 MHz, 0 %, 0 %
2026/09/20 16:02:08.749, 7, 182.13 W, 29, 120 MHz, 3996 MHz, 0 %, 0 %
2026/09/20 16:02:09.749, 0, 181.54 W, 35, 120 MHz, 3996 MHz, 0 %, 0 %
2026/09/20 16:02:09.749, 1, 182.94 W, 36, 120 MHz, 3996 MHz, 0 %, 0 %
2026/09/20 16:02:09.749, 2, 179.46 W, 30, 120 MHz, 3996 MHz, 0 %, 0 %
2026/09/20 16:02:09.749, 3, 180.41 W, 29, 120 MHz, 3996 MHz, 0 %, 0 %
2026/09/20 16:02:09.749, 4, 181.61 W, 34, 120 MHz, 3996 MHz, 0 %, 0 %
2026/09/20 16:02:09.749, 5, 179.47 W, 32, 120 MHz, 3996 MHz, 0 %, 0 %
2026/09/20 16:02:09.749, 6, 180.17 W, 29, 120 MHz, 3996 MHz, 0 %, 0 %
2026/09/20 16:02:09.749, 7, 182.13 W, 29, 120 MHz, 3996 MHz, 0 %, 0 %
2026/09/20 16:02:10.749, 0, 181.54 W, 35, 120 MHz, 3996 MHz, 0 %, 0 %
2026/09/20 16:02:10.749, 1, 182.79 W, 36, 120 MHz, 3996 MHz, 0 %, 0 %
2026/09/20 16:02:10.749, 2, 179.46 W, 30, 120 MHz, 3996 MHz, 0 %, 0 %
2026/09/20 16:02:10.749, 3, 180.08 W, 29, 120 MHz, 3996 MHz, 0 %, 0 %
2026/09/20 16:02:10.749, 4, 181.64 W, 34, 120 MHz, 3996 MHz, 0 %, 0 %
2026/09/20 16:02:10.749, 5, 179.47 W, 32, 120 MHz, 3996 MHz, 0 %, 0 %
2026/09/20 16:02:10.749, 6, 180.17 W, 29, 120 MHz, 3996 MHz, 0 %, 0 %
2026/09/20 16:02:10.749, 7, 182.13 W, 29, 120 MHz, 3996 MHz, 0 %, 0 %
2026/09/20 16:02:11.749, 0, 181.54 W, 35, 120 MHz, 3996 MHz, 0 %, 0 %
2026/09/20 16:02:11.749, 1, 182.96 W, 36, 120 MHz, 3996 MHz, 0 %, 0 %
2026/09/20 16:02:11.749, 2, 179.47 W, 30, 120 MHz, 3996 MHz, 0 %, 0 %
2026/09/20 16:02:11.749, 3, 180.41 W, 29, 120 MHz, 3996 MHz, 0 %, 0 %
2026/09/20 16:02:11.749, 4, 181.41 W, 34, 120 MHz, 3996 MHz, 0 %, 0 %
2026/09/20 16:02:11.749, 5, 179.46 W, 32, 120 MHz, 3996 MHz, 0 %, 0 %
2026/09/20 16:02:11.750, 6, 180.17 W, 29, 120 MHz, 3996 MHz, 0 %, 0 %
2026/09/20 16:02:11.750, 7, 182.13 W, 29, 120 MHz, 3996 MHz, 0 %, 0 %
2026/09/20 16:02:12.750, 0, 181.54 W, 35, 120 MHz, 3996 MHz, 0 %, 0 %
2026/09/20 16:02:12.750, 1, 182.73 W, 36, 120 MHz, 3996 MHz, 0 %, 0 %
2026/09/20 16:02:12.750, 2, 179.37 W, 30, 120 MHz, 3996 MHz, 0 %, 0 %
2026/09/20 16:02:12.750, 3, 220.51 W, 30, 2032 MHz, 3996 MHz, 0 %, 0 %
2026/09/20 16:02:12.750, 4, 181.49 W, 34, 120 MHz, 3996 MHz, 0 %, 0 %
2026/09/20 16:02:12.750, 5, 179.47 W, 32, 120 MHz, 3996 MHz, 0 %, 0 %
2026/09/20 16:02:12.750, 6, 180.17 W, 29, 120 MHz, 3996 MHz, 0 %, 0 %
2026/09/20 16:02:12.750, 7, 182.13 W, 29, 120 MHz, 3996 MHz, 0 %, 0 %
2026/09/20 16:02:13.750, 0, 181.54 W, 35, 120 MHz, 3996 MHz, 0 %, 0 %
2026/09/20 16:02:13.750, 1, 182.59 W, 36, 120 MHz, 3996 MHz, 0 %, 0 %
2026/09/20 16:02:13.750, 2, 179.35 W, 30, 120 MHz, 3996 MHz, 0 %, 0 %
2026/09/20 16:02:13.750, 3, 229.64 W, 30, 2032 MHz, 3996 MHz, 0 %, 0 %
2026/09/20 16:02:13.750, 4, 181.80 W, 34, 120 MHz, 3996 MHz, 0 %, 0 %
2026/09/20 16:02:13.750, 5, 179.47 W, 32, 120 MHz, 3996 MHz, 0 %, 0 %
2026/09/20 16:02:13.750, 6, 180.17 W, 29, 120 MHz, 3996 MHz, 0 %, 0 %
2026/09/20 16:02:13.750, 7, 182.13 W, 29, 120 MHz, 3996 MHz, 0 %, 0 %
2026/09/20 16:02:14.750, 0, 181.54 W, 35, 120 MHz, 3996 MHz, 0 %, 0 %
2026/09/20 16:02:14.750, 1, 182.44 W, 36, 120 MHz, 3996 MHz, 0 %, 0 %
2026/09/20 16:02:14.750, 2, 179.35 W, 30, 120 MHz, 3996 MHz, 0 %, 0 %
2026/09/20 16:02:14.750, 3, 229.53 W, 30, 2032 MHz, 3996 MHz, 0 %, 0 %
2026/09/20 16:02:14.750, 4, 181.60 W, 34, 120 MHz, 3996 MHz, 0 %, 0 %
2026/09/20 16:02:14.750, 5, 179.47 W, 32, 120 MHz, 3996 MHz, 0 %, 0 %
2026/09/20 16:02:14.750, 6, 180.17 W, 29, 120 MHz, 3996 MHz, 0 %, 0 %
2026/09/20 16:02:14.750, 7, 182.13 W, 29, 120 MHz, 3996 MHz, 0 %, 0 %
2026/09/20 16:02:15.750, 0, 203.11 W, 35, 2032 MHz, 3996 MHz, 2 %, 0 %
2026/09/20 16:02:15.750, 1, 182.51 W, 36, 120 MHz, 3996 MHz, 0 %, 0 %
2026/09/20 16:02:15.751, 2, 179.35 W, 30, 120 MHz, 3996 MHz, 0 %, 0 %
2026/09/20 16:02:15.751, 3, 229.71 W, 30, 2032 MHz, 3996 MHz, 0 %, 0 %
2026/09/20 16:02:15.751, 4, 181.49 W, 34, 120 MHz, 3996 MHz, 0 %, 0 %
2026/09/20 16:02:15.751, 5, 179.47 W, 32, 120 MHz, 3996 MHz, 0 %, 0 %
2026/09/20 16:02:15.751, 6, 180.17 W, 29, 120 MHz, 3996 MHz, 0 %, 0 %
2026/09/20 16:02:15.751, 7, 182.13 W, 29, 120 MHz, 3996 MHz, 0 %, 0 %
2026/09/20 16:02:16.751, 0, 232.14 W, 36, 2032 MHz, 3996 MHz, 0 %, 0 %
2026/09/20 16:02:16.751, 1, 182.90 W, 36, 120 MHz, 3996 MHz, 0 %, 0 %
2026/09/20 16:02:16.751, 2, 179.35 W, 30, 120 MHz, 3996 MHz, 0 %, 0 %
2026/09/20 16:02:16.751, 3, 229.84 W, 30, 2032 MHz, 3996 MHz, 0 %, 0 %
2026/09/20 16:02:16.751, 4, 181.76 W, 34, 120 MHz, 3996 MHz, 0 %, 0 %
2026/09/20 16:02:16.751, 5, 179.47 W, 32, 120 MHz, 3996 MHz, 0 %, 0 %
2026/09/20 16:02:16.751, 6, 180.17 W, 29, 120 MHz, 3996 MHz, 0 %, 0 %
2026/09/20 16:02:16.751, 7, 182.13 W, 29, 120 MHz, 3996 MHz, 0 %, 0 %
2026/09/20 16:02:17.751, 0, 232.12 W, 36, 2032 MHz, 3996 MHz, 0 %, 0 %
2026/09/20 16:02:17.751, 1, 184.42 W, 36, 2032 MHz, 3996 MHz, 0 %, 0 %
2026/09/20 16:02:17.751, 2, 179.35 W, 30, 120 MHz, 3996 MHz, 0 %, 0 %
2026/09/20 16:02:17.751, 3, 229.57 W, 30, 2032 MHz, 3996 MHz, 0 %, 0 %
2026/09/20 16:02:17.751, 4, 181.80 W, 34, 120 MHz, 3996 MHz, 0 %, 0 %
2026/09/20 16:02:17.751, 5, 179.47 W, 32, 120 MHz, 3996 MHz, 0 %, 0 %
2026/09/20 16:02:17.751, 6, 180.17 W, 29, 120 MHz, 3996 MHz, 0 %, 0 %
2026/09/20 16:02:17.751, 7, 182.13 W, 29, 120 MHz, 3996 MHz, 0 %, 0 %
2026/09/20 16:02:18.751, 0, 231.98 W, 36, 2032 MHz, 3996 MHz, 12 %, 0 %
2026/09/20 16:02:18.751, 1, 234.40 W, 37, 2032 MHz, 3996 MHz, 3 %, 0 %
2026/09/20 16:02:18.751, 2, 222.52 W, 30, 2032 MHz, 3996 MHz, 11 %, 0 %
2026/09/20 16:02:18.751, 3, 229.69 W, 30, 2032 MHz, 3996 MHz, 0 %, 0 %
2026/09/20 16:02:18.751, 4, 181.61 W, 34, 120 MHz, 3996 MHz, 0 %, 0 %
2026/09/20 16:02:18.751, 5, 179.47 W, 32, 120 MHz, 3996 MHz, 0 %, 0 %
2026/09/20 16:02:18.751, 6, 180.13 W, 29, 120 MHz, 3996 MHz, 0 %, 0 %
2026/09/20 16:02:18.751, 7, 182.13 W, 29, 120 MHz, 3996 MHz, 0 %, 0 %
2026/09/20 16:02:19.752, 0, 232.01 W, 36, 2032 MHz, 3996 MHz, 2 %, 0 %
2026/09/20 16:02:19.752, 1, 234.47 W, 37, 2032 MHz, 3996 MHz, 0 %, 0 %
2026/09/20 16:02:19.752, 2, 226.01 W, 31, 2032 MHz, 3996 MHz, 1 %, 0 %
2026/09/20 16:02:19.752, 3, 229.72 W, 30, 2032 MHz, 3996 MHz, 5 %, 0 %
2026/09/20 16:02:19.752, 4, 181.81 W, 34, 120 MHz, 3996 MHz, 0 %, 0 %
2026/09/20 16:02:19.752, 5, 179.46 W, 32, 120 MHz, 3996 MHz, 0 %, 0 %
2026/09/20 16:02:19.752, 6, 180.17 W, 29, 120 MHz, 3996 MHz, 0 %, 0 %
2026/09/20 16:02:19.752, 7, 182.13 W, 29, 120 MHz, 3996 MHz, 0 %, 0 %
2026/09/20 16:02:20.752, 0, 231.98 W, 36, 2032 MHz, 3996 MHz, 0 %, 0 %
2026/09/20 16:02:20.752, 1, 234.16 W, 37, 2032 MHz, 3996 MHz, 0 %, 0 %
2026/09/20 16:02:20.752, 2, 225.93 W, 31, 2032 MHz, 3996 MHz, 0 %, 0 %
2026/09/20 16:02:20.752, 3, 229.65 W, 30, 2032 MHz, 3996 MHz, 0 %, 0 %
2026/09/20 16:02:20.752, 4, 181.83 W, 34, 120 MHz, 3996 MHz, 0 %, 0 %
2026/09/20 16:02:20.752, 5, 179.47 W, 32, 120 MHz, 3996 MHz, 0 %, 0 %
2026/09/20 16:02:20.752, 6, 180.17 W, 29, 120 MHz, 3996 MHz, 0 %, 0 %
2026/09/20 16:02:20.752, 7, 182.13 W, 29, 120 MHz, 3996 MHz, 0 %, 0 %
2026/09/20 16:02:21.752, 0, 231.98 W, 36, 2032 MHz, 3996 MHz, 0 %, 0 %
2026/09/20 16:02:21.752, 1, 233.93 W, 37, 2032 MHz, 3996 MHz, 0 %, 0 %
2026/09/20 16:02:21.752, 2, 225.97 W, 31, 2032 MHz, 3996 MHz, 0 %, 0 %
2026/09/20 16:02:21.752, 3, 229.72 W, 30, 2032 MHz, 3996 MHz, 0 %, 0 %
2026/09/20 16:02:21.752, 4, 181.73 W, 34, 120 MHz, 3996 MHz, 0 %, 0 %
2026/09/20 16:02:21.752, 5, 179.47 W, 32, 120 MHz, 3996 MHz, 0 %, 0 %
2026/09/20 16:02:21.752, 6, 180.17 W, 29, 120 MHz, 3996 MHz, 0 %, 0 %
2026/09/20 16:02:21.752, 7, 182.13 W, 29, 120 MHz, 3996 MHz, 0 %, 0 %
2026/09/20 16:02:22.752, 0, 231.98 W, 36, 2032 MHz, 3996 MHz, 0 %, 0 %
2026/09/20 16:02:22.752, 1, 234.01 W, 37, 2032 MHz, 3996 MHz, 0 %, 0 %
2026/09/20 16:02:22.752, 2, 225.98 W, 31, 2032 MHz, 3996 MHz, 0 %, 0 %
2026/09/20 16:02:22.752, 3, 229.72 W, 31, 2032 MHz, 3996 MHz, 0 %, 0 %
2026/09/20 16:02:22.752, 4, 181.72 W, 34, 120 MHz, 3996 MHz, 0 %, 0 %
2026/09/20 16:02:22.753, 5, 179.46 W, 32, 120 MHz, 3996 MHz, 0 %, 0 %
2026/09/20 16:02:22.753, 6, 180.17 W, 29, 120 MHz, 3996 MHz, 0 %, 0 %
2026/09/20 16:02:22.753, 7, 182.13 W, 29, 120 MHz, 3996 MHz, 0 %, 0 %
2026/09/20 16:02:23.753, 0, 231.98 W, 36, 2032 MHz, 3996 MHz, 0 %, 0 %
2026/09/20 16:02:23.753, 1, 233.93 W, 37, 2032 MHz, 3996 MHz, 0 %, 0 %
2026/09/20 16:02:23.753, 2, 225.98 W, 31, 2032 MHz, 3996 MHz, 0 %, 0 %
2026/09/20 16:02:23.753, 3, 229.72 W, 31, 2032 MHz, 3996 MHz, 0 %, 0 %
2026/09/20 16:02:23.753, 4, 181.65 W, 34, 120 MHz, 3996 MHz, 0 %, 0 %
2026/09/20 16:02:23.753, 5, 179.46 W, 32, 120 MHz, 3996 MHz, 0 %, 0 %
2026/09/20 16:02:23.753, 6, 180.17 W, 29, 120 MHz, 3996 MHz, 0 %, 0 %
2026/09/20 16:02:23.753, 7, 182.13 W, 29, 120 MHz, 3996 MHz, 0 %, 0 %
2026/09/20 16:02:24.753, 0, 231.98 W, 36, 2032 MHz, 3996 MHz, 0 %, 0 %
2026/09/20 16:02:24.753, 1, 234.01 W, 37, 2032 MHz, 3996 MHz, 0 %, 0 %
2026/09/20 16:02:24.753, 2, 225.96 W, 31, 2032 MHz, 3996 MHz, 0 %, 0 %
2026/09/20 16:02:24.753, 3, 229.77 W, 31, 2032 MHz, 3996 MHz, 0 %, 0 %
2026/09/20 16:02:24.753, 4, 181.89 W, 34, 120 MHz, 3996 MHz, 0 %, 0 %
2026/09/20 16:02:24.753, 5, 179.46 W, 32, 120 MHz, 3996 MHz, 0 %, 0 %
2026/09/20 16:02:24.753, 6, 180.17 W, 29, 120 MHz, 3996 MHz, 0 %, 0 %
2026/09/20 16:02:24.753, 7, 182.13 W, 29, 120 MHz, 3996 MHz, 0 %, 0 %
2026/09/20 16:02:25.753, 0, 231.98 W, 36, 2032 MHz, 3996 MHz, 17 %, 0 %
2026/09/20 16:02:25.753, 1, 234.56 W, 37, 2032 MHz, 3996 MHz, 10 %, 0 %
2026/09/20 16:02:25.753, 2, 225.96 W, 31, 2032 MHz, 3996 MHz, 18 %, 0 %
2026/09/20 16:02:25.753, 3, 230.01 W, 31, 2032 MHz, 3996 MHz, 18 %, 0 %
2026/09/20 16:02:25.753, 4, 181.92 W, 34, 120 MHz, 3996 MHz, 0 %, 0 %
2026/09/20 16:02:25.753, 5, 179.47 W, 32, 120 MHz, 3996 MHz, 0 %, 0 %
2026/09/20 16:02:25.753, 6, 180.17 W, 29, 120 MHz, 3996 MHz, 0 %, 0 %
2026/09/20 16:02:25.753, 7, 182.13 W, 29, 120 MHz, 3996 MHz, 0 %, 0 %
2026/09/20 16:02:26.754, 0, 235.03 W, 36, 2032 MHz, 3996 MHz, 1 %, 0 %
2026/09/20 16:02:26.754, 1, 238.01 W, 37, 2032 MHz, 3996 MHz, 4 %, 1 %
2026/09/20 16:02:26.754, 2, 228.91 W, 31, 2032 MHz, 3996 MHz, 1 %, 0 %
2026/09/20 16:02:26.754, 3, 232.95 W, 31, 2032 MHz, 3996 MHz, 2 %, 0 %
2026/09/20 16:02:26.754, 4, 182.10 W, 34, 120 MHz, 3996 MHz, 0 %, 0 %
2026/09/20 16:02:26.754, 5, 179.47 W, 32, 120 MHz, 3996 MHz, 0 %, 0 %
2026/09/20 16:02:26.754, 6, 180.17 W, 29, 120 MHz, 3996 MHz, 0 %, 0 %
2026/09/20 16:02:26.754, 7, 182.13 W, 29, 120 MHz, 3996 MHz, 0 %, 0 %
2026/09/20 16:02:27.754, 0, 238.09 W, 36, 2032 MHz, 3996 MHz, 2 %, 0 %
2026/09/20 16:02:27.754, 1, 242.00 W, 37, 2032 MHz, 3996 MHz, 1 %, 0 %
2026/09/20 16:02:27.754, 2, 233.65 W, 31, 2032 MHz, 3996 MHz, 2 %, 0 %
2026/09/20 16:02:27.754, 3, 237.20 W, 31, 2032 MHz, 3996 MHz, 2 %, 0 %
2026/09/20 16:02:27.754, 4, 181.64 W, 34, 120 MHz, 3996 MHz, 0 %, 0 %
2026/09/20 16:02:27.754, 5, 179.47 W, 32, 120 MHz, 3996 MHz, 0 %, 0 %
2026/09/20 16:02:27.754, 6, 180.17 W, 29, 120 MHz, 3996 MHz, 0 %, 0 %
2026/09/20 16:02:27.754, 7, 182.13 W, 29, 120 MHz, 3996 MHz, 0 %, 0 %
2026/09/20 16:02:28.754, 0, 236.41 W, 36, 2032 MHz, 3996 MHz, 1 %, 0 %
2026/09/20 16:02:28.754, 1, 239.51 W, 37, 2032 MHz, 3996 MHz, 1 %, 0 %
2026/09/20 16:02:28.754, 2, 230.25 W, 31, 2032 MHz, 3996 MHz, 1 %, 0 %
2026/09/20 16:02:28.754, 3, 233.79 W, 31, 2032 MHz, 3996 MHz, 1 %, 0 %
2026/09/20 16:02:28.754, 4, 181.84 W, 34, 120 MHz, 3996 MHz, 0 %, 0 %
2026/09/20 16:02:28.754, 5, 179.47 W, 32, 120 MHz, 3996 MHz, 0 %, 0 %
2026/09/20 16:02:28.754, 6, 180.17 W, 29, 120 MHz, 3996 MHz, 0 %, 0 %
2026/09/20 16:02:28.754, 7, 182.13 W, 29, 120 MHz, 3996 MHz, 0 %, 0 %
2026/09/20 16:02:29.754, 0, 231.98 W, 36, 2032 MHz, 3996 MHz, 0 %, 0 %
2026/09/20 16:02:29.754, 1, 235.53 W, 37, 2032 MHz, 3996 MHz, 0 %, 0 %
2026/09/20 16:02:29.754, 2, 226.00 W, 31, 2032 MHz, 3996 MHz, 0 %, 0 %
2026/09/20 16:02:29.754, 3, 229.85 W, 31, 2032 MHz, 3996 MHz, 0 %, 0 %
2026/09/20 16:02:29.754, 4, 182.06 W, 34, 120 MHz, 3996 MHz, 0 %, 0 %
2026/09/20 16:02:29.754, 5, 179.47 W, 32, 120 MHz, 3996 MHz, 0 %, 0 %
2026/09/20 16:02:29.754, 6, 180.17 W, 29, 120 MHz, 3996 MHz, 0 %, 0 %
2026/09/20 16:02:29.755, 7, 182.13 W, 29, 120 MHz, 3996 MHz, 0 %, 0 %
2026/09/20 16:02:30.755, 0, 232.98 W, 36, 2032 MHz, 3996 MHz, 12 %, 0 %
2026/09/20 16:02:30.755, 1, 235.73 W, 37, 2032 MHz, 3996 MHz, 11 %, 0 %
2026/09/20 16:02:30.755, 2, 226.78 W, 31, 2032 MHz, 3996 MHz, 12 %, 0 %
2026/09/20 16:02:30.755, 3, 230.90 W, 31, 2032 MHz, 3996 MHz, 11 %, 0 %
2026/09/20 16:02:30.755, 4, 181.84 W, 34, 120 MHz, 3996 MHz, 0 %, 0 %
2026/09/20 16:02:30.755, 5, 179.47 W, 32, 120 MHz, 3996 MHz, 0 %, 0 %
2026/09/20 16:02:30.755, 6, 180.17 W, 29, 120 MHz, 3996 MHz, 0 %, 0 %
2026/09/20 16:02:30.755, 7, 182.13 W, 29, 120 MHz, 3996 MHz, 0 %, 0 %
2026/09/20 16:02:31.755, 0, 232.57 W, 36, 2032 MHz, 3996 MHz, 0 %, 0 %
2026/09/20 16:02:31.755, 1, 235.88 W, 37, 2032 MHz, 3996 MHz, 0 %, 0 %
2026/09/20 16:02:31.755, 2, 226.79 W, 31, 2032 MHz, 3996 MHz, 0 %, 0 %
2026/09/20 16:02:31.755, 3, 231.32 W, 31, 2032 MHz, 3996 MHz, 0 %, 0 %
2026/09/20 16:02:31.755, 4, 181.87 W, 34, 120 MHz, 3996 MHz, 0 %, 0 %
2026/09/20 16:02:31.755, 5, 179.47 W, 32, 120 MHz, 3996 MHz, 0 %, 0 %
2026/09/20 16:02:31.755, 6, 180.17 W, 29, 120 MHz, 3996 MHz, 0 %, 0 %
2026/09/20 16:02:31.755, 7, 182.13 W, 29, 120 MHz, 3996 MHz, 0 %, 0 %
2026/09/20 16:02:32.755, 0, 232.33 W, 36, 2032 MHz, 3996 MHz, 4 %, 0 %
2026/09/20 16:02:32.755, 1, 235.88 W, 37, 2032 MHz, 3996 MHz, 0 %, 0 %
2026/09/20 16:02:32.755, 2, 226.42 W, 31, 2032 MHz, 3996 MHz, 11 %, 0 %
2026/09/20 16:02:32.755, 3, 230.74 W, 31, 2032 MHz, 3996 MHz, 3 %, 0 %
2026/09/20 16:02:32.755, 4, 181.95 W, 34, 120 MHz, 3996 MHz, 0 %, 0 %
2026/09/20 16:02:32.755, 5, 179.46 W, 32, 120 MHz, 3996 MHz, 0 %, 0 %
2026/09/20 16:02:32.755, 6, 180.17 W, 29, 120 MHz, 3996 MHz, 0 %, 0 %
2026/09/20 16:02:32.755, 7, 182.13 W, 29, 120 MHz, 3996 MHz, 0 %, 0 %
2026/09/20 16:02:33.755, 0, 232.86 W, 36, 2032 MHz, 3996 MHz, 3 %, 0 %
2026/09/20 16:02:33.756, 1, 235.88 W, 37, 2032 MHz, 3996 MHz, 0 %, 0 %
2026/09/20 16:02:33.756, 2, 226.13 W, 31, 2032 MHz, 3996 MHz, 0 %, 0 %
2026/09/20 16:02:33.756, 3, 230.55 W, 31, 2032 MHz, 3996 MHz, 6 %, 0 %
2026/09/20 16:02:33.756, 4, 181.99 W, 34, 120 MHz, 3996 MHz, 0 %, 0 %
2026/09/20 16:02:33.756, 5, 179.47 W, 32, 120 MHz, 3996 MHz, 0 %, 0 %
2026/09/20 16:02:33.756, 6, 180.17 W, 29, 120 MHz, 3996 MHz, 0 %, 0 %
2026/09/20 16:02:33.756, 7, 182.13 W, 29, 120 MHz, 3996 MHz, 0 %, 0 %
2026/09/20 16:02:34.756, 0, 231.98 W, 36, 2032 MHz, 3996 MHz, 1 %, 0 %
2026/09/20 16:02:34.756, 1, 235.88 W, 37, 2032 MHz, 3996 MHz, 2 %, 0 %
2026/09/20 16:02:34.756, 2, 226.12 W, 31, 2032 MHz, 3996 MHz, 4 %, 0 %
2026/09/20 16:02:34.756, 3, 230.53 W, 31, 2032 MHz, 3996 MHz, 6 %, 0 %
2026/09/20 16:02:34.756, 4, 181.96 W, 34, 120 MHz, 3996 MHz, 0 %, 0 %
2026/09/20 16:02:34.756, 5, 179.46 W, 32, 120 MHz, 3996 MHz, 0 %, 0 %
2026/09/20 16:02:34.756, 6, 180.17 W, 29, 120 MHz, 3996 MHz, 0 %, 0 %
2026/09/20 16:02:34.756, 7, 182.13 W, 29, 120 MHz, 3996 MHz, 0 %, 0 %
2026/09/20 16:02:35.756, 0, 231.97 W, 36, 2032 MHz, 3996 MHz, 0 %, 0 %
2026/09/20 16:02:35.756, 1, 235.88 W, 37, 2032 MHz, 3996 MHz, 0 %, 0 %
2026/09/20 16:02:35.756, 2, 226.61 W, 31, 2032 MHz, 3996 MHz, 10 %, 0 %
2026/09/20 16:02:35.756, 3, 231.32 W, 31, 2032 MHz, 3996 MHz, 0 %, 0 %
2026/09/20 16:02:35.756, 4, 182.21 W, 34, 120 MHz, 3996 MHz, 0 %, 0 %
2026/09/20 16:02:35.756, 5, 179.47 W, 32, 120 MHz, 3996 MHz, 0 %, 0 %
2026/09/20 16:02:35.756, 6, 180.17 W, 29, 120 MHz, 3996 MHz, 0 %, 0 %
2026/09/20 16:02:35.756, 7, 182.13 W, 29, 120 MHz, 3996 MHz, 0 %, 0 %
2026/09/20 16:02:36.756, 0, 233.04 W, 36, 2032 MHz, 3996 MHz, 3 %, 0 %
2026/09/20 16:02:36.756, 1, 235.88 W, 37, 2032 MHz, 3996 MHz, 11 %, 0 %
2026/09/20 16:02:36.756, 2, 225.97 W, 31, 2032 MHz, 3996 MHz, 0 %, 0 %
2026/09/20 16:02:36.756, 3, 230.55 W, 31, 2032 MHz, 3996 MHz, 12 %, 0 %
2026/09/20 16:02:36.756, 4, 182.15 W, 34, 120 MHz, 3996 MHz, 0 %, 0 %
2026/09/20 16:02:36.756, 5, 179.47 W, 32, 120 MHz, 3996 MHz, 0 %, 0 %
2026/09/20 16:02:36.756, 6, 180.17 W, 29, 120 MHz, 3996 MHz, 0 %, 0 %
2026/09/20 16:02:36.757, 7, 182.13 W, 29, 120 MHz, 3996 MHz, 0 %, 0 %
2026/09/20 16:02:37.757, 0, 233.29 W, 36, 2032 MHz, 3996 MHz, 10 %, 0 %
2026/09/20 16:02:37.757, 1, 235.88 W, 37, 2032 MHz, 3996 MHz, 9 %, 0 %
2026/09/20 16:02:37.757, 2, 226.82 W, 31, 2032 MHz, 3996 MHz, 8 %, 0 %
2026/09/20 16:02:37.757, 3, 230.85 W, 31, 2032 MHz, 3996 MHz, 1 %, 0 %
2026/09/20 16:02:37.757, 4, 182.37 W, 34, 120 MHz, 3996 MHz, 0 %, 0 %
2026/09/20 16:02:37.757, 5, 179.47 W, 32, 120 MHz, 3996 MHz, 0 %, 0 %
2026/09/20 16:02:37.757, 6, 180.17 W, 29, 120 MHz, 3996 MHz, 0 %, 0 %
2026/09/20 16:02:37.757, 7, 182.13 W, 29, 120 MHz, 3996 MHz, 0 %, 0 %
2026/09/20 16:02:38.757, 0, 232.98 W, 36, 2032 MHz, 3996 MHz, 11 %, 0 %
2026/09/20 16:02:38.757, 1, 235.88 W, 37, 2032 MHz, 3996 MHz, 11 %, 0 %
2026/09/20 16:02:38.757, 2, 227.25 W, 31, 2032 MHz, 3996 MHz, 8 %, 0 %
2026/09/20 16:02:38.757, 3, 231.39 W, 31, 2032 MHz, 3996 MHz, 11 %, 0 %
2026/09/20 16:02:38.757, 4, 181.95 W, 34, 120 MHz, 3996 MHz, 0 %, 0 %
2026/09/20 16:02:38.757, 5, 179.46 W, 32, 120 MHz, 3996 MHz, 0 %, 0 %
2026/09/20 16:02:38.757, 6, 180.17 W, 29, 120 MHz, 3996 MHz, 0 %, 0 %
2026/09/20 16:02:38.757, 7, 182.13 W, 29, 120 MHz, 3996 MHz, 0 %, 0 %
2026/09/20 16:02:39.757, 0, 233.22 W, 36, 2032 MHz, 3996 MHz, 10 %, 0 %
2026/09/20 16:02:39.757, 1, 235.88 W, 37, 2032 MHz, 3996 MHz, 0 %, 0 %
2026/09/20 16:02:39.757, 2, 226.74 W, 31, 2032 MHz, 3996 MHz, 1 %, 0 %
2026/09/20 16:02:39.757, 3, 231.00 W, 31, 2032 MHz, 3996 MHz, 0 %, 0 %
2026/09/20 16:02:39.757, 4, 182.31 W, 34, 120 MHz, 3996 MHz, 0 %, 0 %
2026/09/20 16:02:39.757, 5, 179.46 W, 32, 120 MHz, 3996 MHz, 0 %, 0 %
2026/09/20 16:02:39.757, 6, 180.17 W, 29, 120 MHz, 3996 MHz, 0 %, 0 %
2026/09/20 16:02:39.757, 7, 182.13 W, 29, 120 MHz, 3996 MHz, 0 %, 0 %
2026/09/20 16:02:40.757, 0, 232.61 W, 36, 2032 MHz, 3996 MHz, 0 %, 0 %
2026/09/20 16:02:40.757, 1, 235.88 W, 37, 2032 MHz, 3996 MHz, 6 %, 0 %
2026/09/20 16:02:40.758, 2, 226.64 W, 31, 2032 MHz, 3996 MHz, 3 %, 0 %
2026/09/20 16:02:40.758, 3, 231.00 W, 31, 2032 MHz, 3996 MHz, 2 %, 0 %
2026/09/20 16:02:40.758, 4, 182.00 W, 34, 120 MHz, 3996 MHz, 0 %, 0 %
2026/09/20 16:02:40.758, 5, 179.47 W, 32, 120 MHz, 3996 MHz, 0 %, 0 %
2026/09/20 16:02:40.758, 6, 180.17 W, 29, 120 MHz, 3996 MHz, 0 %, 0 %
2026/09/20 16:02:40.758, 7, 182.13 W, 29, 120 MHz, 3996 MHz, 0 %, 0 %
2026/09/20 16:02:41.758, 0, 232.26 W, 36, 2032 MHz, 3996 MHz, 9 %, 0 %
2026/09/20 16:02:41.758, 1, 235.92 W, 37, 2032 MHz, 3996 MHz, 0 %, 0 %
2026/09/20 16:02:41.758, 2, 226.22 W, 31, 2032 MHz, 3996 MHz, 0 %, 0 %
2026/09/20 16:02:41.758, 3, 230.70 W, 31, 2032 MHz, 3996 MHz, 3 %, 0 %
2026/09/20 16:02:41.758, 4, 181.95 W, 34, 120 MHz, 3996 MHz, 0 %, 0 %
2026/09/20 16:02:41.758, 5, 179.46 W, 32, 120 MHz, 3996 MHz, 0 %, 0 %
2026/09/20 16:02:41.758, 6, 180.17 W, 29, 120 MHz, 3996 MHz, 0 %, 0 %
2026/09/20 16:02:41.758, 7, 182.13 W, 29, 120 MHz, 3996 MHz, 0 %, 0 %
2026/09/20 16:02:42.758, 0, 232.62 W, 36, 2032 MHz, 3996 MHz, 7 %, 0 %
2026/09/20 16:02:42.758, 1, 235.88 W, 37, 2032 MHz, 3996 MHz, 0 %, 0 %
2026/09/20 16:02:42.758, 2, 225.99 W, 31, 2032 MHz, 3996 MHz, 0 %, 0 %
2026/09/20 16:02:42.758, 3, 230.59 W, 31, 2032 MHz, 3996 MHz, 3 %, 0 %
2026/09/20 16:02:42.758, 4, 182.08 W, 34, 120 MHz, 3996 MHz, 0 %, 0 %
2026/09/20 16:02:42.758, 5, 179.46 W, 32, 120 MHz, 3996 MHz, 0 %, 0 %
2026/09/20 16:02:42.758, 6, 180.17 W, 29, 120 MHz, 3996 MHz, 0 %, 0 %
2026/09/20 16:02:42.758, 7, 182.13 W, 29, 120 MHz, 3996 MHz, 0 %, 0 %
2026/09/20 16:02:43.758, 0, 232.26 W, 36, 2032 MHz, 3996 MHz, 0 %, 0 %
2026/09/20 16:02:43.758, 1, 235.88 W, 37, 2032 MHz, 3996 MHz, 1 %, 0 %
2026/09/20 16:02:43.758, 2, 226.57 W, 31, 2032 MHz, 3996 MHz, 2 %, 0 %
2026/09/20 16:02:43.758, 3, 231.20 W, 31, 2032 MHz, 3996 MHz, 7 %, 0 %
2026/09/20 16:02:43.758, 4, 182.00 W, 34, 120 MHz, 3996 MHz, 0 %, 0 %
2026/09/20 16:02:43.758, 5, 179.47 W, 32, 120 MHz, 3996 MHz, 0 %, 0 %
2026/09/20 16:02:43.758, 6, 180.17 W, 29, 120 MHz, 3996 MHz, 0 %, 0 %
2026/09/20 16:02:43.758, 7, 182.13 W, 29, 120 MHz, 3996 MHz, 0 %, 0 %
2026/09/20 16:02:44.759, 0, 233.03 W, 36, 2032 MHz, 3996 MHz, 11 %, 0 %
2026/09/20 16:02:44.759, 1, 235.92 W, 37, 2032 MHz, 3996 MHz, 7 %, 0 %
2026/09/20 16:02:44.759, 2, 226.63 W, 31, 2032 MHz, 3996 MHz, 7 %, 0 %
2026/09/20 16:02:44.759, 3, 231.43 W, 31, 2032 MHz, 3996 MHz, 2 %, 0 %
2026/09/20 16:02:44.759, 4, 182.14 W, 34, 120 MHz, 3996 MHz, 0 %, 0 %
2026/09/20 16:02:44.759, 5, 179.47 W, 32, 120 MHz, 3996 MHz, 0 %, 0 %
2026/09/20 16:02:44.759, 6, 180.17 W, 29, 120 MHz, 3996 MHz, 0 %, 0 %
2026/09/20 16:02:44.759, 7, 182.13 W, 29, 120 MHz, 3996 MHz, 0 %, 0 %
2026/09/20 16:02:45.759, 0, 233.29 W, 36, 2032 MHz, 3996 MHz, 11 %, 0 %
2026/09/20 16:02:45.759, 1, 235.88 W, 37, 2032 MHz, 3996 MHz, 6 %, 0 %
2026/09/20 16:02:45.759, 2, 226.96 W, 31, 2032 MHz, 3996 MHz, 0 %, 0 %
2026/09/20 16:02:45.759, 3, 231.49 W, 31, 2032 MHz, 3996 MHz, 6 %, 0 %
2026/09/20 16:02:45.759, 4, 182.20 W, 34, 120 MHz, 3996 MHz, 0 %, 0 %
2026/09/20 16:02:45.759, 5, 179.46 W, 32, 120 MHz, 3996 MHz, 0 %, 0 %
2026/09/20 16:02:45.759, 6, 180.17 W, 29, 120 MHz, 3996 MHz, 0 %, 0 %
2026/09/20 16:02:45.759, 7, 182.13 W, 29, 120 MHz, 3996 MHz, 0 %, 0 %
2026/09/20 16:02:46.759, 0, 233.18 W, 36, 2032 MHz, 3996 MHz, 9 %, 0 %
2026/09/20 16:02:46.759, 1, 235.88 W, 37, 2032 MHz, 3996 MHz, 7 %, 0 %
2026/09/20 16:02:46.759, 2, 226.38 W, 31, 2032 MHz, 3996 MHz, 6 %, 0 %
2026/09/20 16:02:46.759, 3, 230.84 W, 31, 2032 MHz, 3996 MHz, 0 %, 0 %
2026/09/20 16:02:46.759, 4, 182.25 W, 34, 120 MHz, 3996 MHz, 0 %, 0 %
2026/09/20 16:02:46.759, 5, 179.47 W, 32, 120 MHz, 3996 MHz, 0 %, 0 %
2026/09/20 16:02:46.759, 6, 180.17 W, 29, 120 MHz, 3996 MHz, 0 %, 0 %
2026/09/20 16:02:46.759, 7, 182.13 W, 29, 120 MHz, 3996 MHz, 0 %, 0 %
2026/09/20 16:02:47.759, 0, 232.65 W, 36, 2032 MHz, 3996 MHz, 2 %, 0 %
2026/09/20 16:02:47.759, 1, 235.88 W, 37, 2032 MHz, 3996 MHz, 0 %, 0 %
2026/09/20 16:02:47.759, 2, 227.21 W, 31, 2032 MHz, 3996 MHz, 9 %, 0 %
2026/09/20 16:02:47.759, 3, 231.26 W, 31, 2032 MHz, 3996 MHz, 6 %, 0 %
2026/09/20 16:02:47.759, 4, 182.18 W, 35, 120 MHz, 3996 MHz, 0 %, 0 %
2026/09/20 16:02:47.759, 5, 179.47 W, 32, 120 MHz, 3996 MHz, 0 %, 0 %
2026/09/20 16:02:47.760, 6, 180.17 W, 29, 120 MHz, 3996 MHz, 0 %, 0 %
2026/09/20 16:02:47.760, 7, 182.13 W, 29, 120 MHz, 3996 MHz, 0 %, 0 %
2026/09/20 16:02:48.760, 0, 232.55 W, 36, 2032 MHz, 3996 MHz, 2 %, 0 %
2026/09/20 16:02:48.760, 1, 235.92 W, 37, 2032 MHz, 3996 MHz, 1 %, 0 %
2026/09/20 16:02:48.760, 2, 226.63 W, 31, 2032 MHz, 3996 MHz, 3 %, 0 %
2026/09/20 16:02:48.760, 3, 231.18 W, 31, 2032 MHz, 3996 MHz, 11 %, 0 %
2026/09/20 16:02:48.760, 4, 182.43 W, 34, 120 MHz, 3996 MHz, 0 %, 0 %
2026/09/20 16:02:48.760, 5, 179.47 W, 32, 120 MHz, 3996 MHz, 0 %, 0 %
2026/09/20 16:02:48.760, 6, 180.17 W, 29, 120 MHz, 3996 MHz, 0 %, 0 %
2026/09/20 16:02:48.760, 7, 182.13 W, 29, 120 MHz, 3996 MHz, 0 %, 0 %
2026/09/20 16:02:49.760, 0, 231.92 W, 36, 2032 MHz, 3996 MHz, 0 %, 0 %
2026/09/20 16:02:49.760, 1, 235.88 W, 38, 2032 MHz, 3996 MHz, 10 %, 0 %
2026/09/20 16:02:49.760, 2, 226.54 W, 31, 2032 MHz, 3996 MHz, 2 %, 0 %
2026/09/20 16:02:49.760, 3, 230.93 W, 31, 2032 MHz, 3996 MHz, 0 %, 0 %
2026/09/20 16:02:49.760, 4, 182.47 W, 34, 120 MHz, 3996 MHz, 0 %, 0 %
2026/09/20 16:02:49.760, 5, 179.47 W, 32, 120 MHz, 3996 MHz, 0 %, 0 %
2026/09/20 16:02:49.760, 6, 180.17 W, 29, 120 MHz, 3996 MHz, 0 %, 0 %
2026/09/20 16:02:49.760, 7, 182.13 W, 29, 120 MHz, 3996 MHz, 0 %, 0 %
2026/09/20 16:02:50.760, 0, 232.78 W, 36, 2032 MHz, 3996 MHz, 5 %, 0 %
2026/09/20 16:02:50.760, 1, 235.88 W, 38, 2032 MHz, 3996 MHz, 0 %, 0 %
2026/09/20 16:02:50.760, 2, 226.26 W, 31, 2032 MHz, 3996 MHz, 1 %, 0 %
2026/09/20 16:02:50.760, 3, 231.08 W, 31, 2032 MHz, 3996 MHz, 0 %, 0 %
2026/09/20 16:02:50.760, 4, 182.39 W, 35, 120 MHz, 3996 MHz, 0 %, 0 %
2026/09/20 16:02:50.760, 5, 179.47 W, 32, 120 MHz, 3996 MHz, 0 %, 0 %
2026/09/20 16:02:50.760, 6, 180.17 W, 29, 120 MHz, 3996 MHz, 0 %, 0 %
2026/09/20 16:02:50.760, 7, 182.13 W, 29, 120 MHz, 3996 MHz, 0 %, 0 %
2026/09/20 16:02:51.760, 0, 233.47 W, 36, 2032 MHz, 3996 MHz, 8 %, 0 %
2026/09/20 16:02:51.761, 1, 235.88 W, 38, 2032 MHz, 3996 MHz, 0 %, 0 %
2026/09/20 16:02:51.761, 2, 225.94 W, 31, 2032 MHz, 3996 MHz, 0 %, 0 %
2026/09/20 16:02:51.761, 3, 230.58 W, 31, 2032 MHz, 3996 MHz, 2 %, 0 %
2026/09/20 16:02:51.761, 4, 182.35 W, 35, 120 MHz, 3996 MHz, 0 %, 0 %
2026/09/20 16:02:51.761, 5, 179.47 W, 32, 120 MHz, 3996 MHz, 0 %, 0 %
2026/09/20 16:02:51.761, 6, 180.17 W, 29, 120 MHz, 3996 MHz, 0 %, 0 %
2026/09/20 16:02:51.761, 7, 182.13 W, 29, 120 MHz, 3996 MHz, 0 %, 0 %
2026/09/20 16:02:52.761, 0, 233.19 W, 36, 2032 MHz, 3996 MHz, 8 %, 0 %
2026/09/20 16:02:52.761, 1, 235.88 W, 38, 2032 MHz, 3996 MHz, 12 %, 0 %
2026/09/20 16:02:52.761, 2, 226.66 W, 31, 2032 MHz, 3996 MHz, 11 %, 0 %
2026/09/20 16:02:52.761, 3, 231.05 W, 31, 2032 MHz, 3996 MHz, 11 %, 0 %
2026/09/20 16:02:52.761, 4, 182.44 W, 35, 120 MHz, 3996 MHz, 0 %, 0 %
2026/09/20 16:02:52.761, 5, 179.47 W, 32, 120 MHz, 3996 MHz, 0 %, 0 %
2026/09/20 16:02:52.761, 6, 180.17 W, 29, 120 MHz, 3996 MHz, 0 %, 0 %
2026/09/20 16:02:52.761, 7, 182.13 W, 29, 120 MHz, 3996 MHz, 0 %, 0 %
2026/09/20 16:02:53.761, 0, 233.06 W, 36, 2032 MHz, 3996 MHz, 7 %, 0 %
2026/09/20 16:02:53.761, 1, 235.88 W, 38, 2032 MHz, 3996 MHz, 10 %, 0 %
2026/09/20 16:02:53.761, 2, 227.27 W, 31, 2032 MHz, 3996 MHz, 11 %, 0 %
2026/09/20 16:02:53.761, 3, 231.43 W, 31, 2032 MHz, 3996 MHz, 9 %, 0 %
2026/09/20 16:02:53.761, 4, 182.39 W, 35, 120 MHz, 3996 MHz, 0 %, 0 %
2026/09/20 16:02:53.761, 5, 179.46 W, 32, 120 MHz, 3996 MHz, 0 %, 0 %
2026/09/20 16:02:53.761, 6, 180.17 W, 29, 120 MHz, 3996 MHz, 0 %, 0 %
2026/09/20 16:02:53.761, 7, 182.13 W, 29, 120 MHz, 3996 MHz, 0 %, 0 %
2026/09/20 16:02:54.761, 0, 232.57 W, 36, 2032 MHz, 3996 MHz, 8 %, 0 %
2026/09/20 16:02:54.761, 1, 235.92 W, 38, 2032 MHz, 3996 MHz, 9 %, 0 %
2026/09/20 16:02:54.761, 2, 227.31 W, 31, 2032 MHz, 3996 MHz, 11 %, 0 %
2026/09/20 16:02:54.761, 3, 231.33 W, 31, 2032 MHz, 3996 MHz, 11 %, 0 %
2026/09/20 16:02:54.762, 4, 182.35 W, 35, 120 MHz, 3996 MHz, 0 %, 0 %
2026/09/20 16:02:54.762, 5, 179.46 W, 32, 120 MHz, 3996 MHz, 0 %, 0 %
2026/09/20 16:02:54.762, 6, 180.17 W, 29, 120 MHz, 3996 MHz, 0 %, 0 %
2026/09/20 16:02:54.762, 7, 182.13 W, 29, 120 MHz, 3996 MHz, 0 %, 0 %
2026/09/20 16:02:55.762, 0, 232.32 W, 36, 2032 MHz, 3996 MHz, 0 %, 0 %
2026/09/20 16:02:55.762, 1, 235.88 W, 38, 2032 MHz, 3996 MHz, 13 %, 0 %
2026/09/20 16:02:55.762, 2, 226.84 W, 31, 2032 MHz, 3996 MHz, 2 %, 0 %
2026/09/20 16:02:55.762, 3, 231.41 W, 31, 2032 MHz, 3996 MHz, 7 %, 0 %
2026/09/20 16:02:55.762, 4, 182.48 W, 35, 120 MHz, 3996 MHz, 0 %, 0 %
2026/09/20 16:02:55.762, 5, 179.47 W, 32, 120 MHz, 3996 MHz, 0 %, 0 %
2026/09/20 16:02:55.762, 6, 180.17 W, 29, 120 MHz, 3996 MHz, 0 %, 0 %
2026/09/20 16:02:55.762, 7, 182.13 W, 29, 120 MHz, 3996 MHz, 0 %, 0 %
2026/09/20 16:02:56.762, 0, 232.37 W, 36, 2032 MHz, 3996 MHz, 1 %, 0 %
2026/09/20 16:02:56.762, 1, 235.88 W, 38, 2032 MHz, 3996 MHz, 11 %, 0 %
2026/09/20 16:02:56.762, 2, 226.70 W, 31, 2032 MHz, 3996 MHz, 2 %, 0 %
2026/09/20 16:02:56.762, 3, 231.15 W, 31, 2032 MHz, 3996 MHz, 2 %, 0 %
2026/09/20 16:02:56.762, 4, 182.31 W, 35, 120 MHz, 3996 MHz, 0 %, 0 %
2026/09/20 16:02:56.762, 5, 179.47 W, 32, 120 MHz, 3996 MHz, 0 %, 0 %
2026/09/20 16:02:56.762, 6, 180.17 W, 29, 120 MHz, 3996 MHz, 0 %, 0 %
2026/09/20 16:02:56.762, 7, 182.13 W, 29, 120 MHz, 3996 MHz, 0 %, 0 %
2026/09/20 16:02:57.762, 0, 233.10 W, 36, 2032 MHz, 3996 MHz, 12 %, 0 %
2026/09/20 16:02:57.762, 1, 235.88 W, 38, 2032 MHz, 3996 MHz, 1 %, 0 %
2026/09/20 16:02:57.762, 2, 226.49 W, 31, 2032 MHz, 3996 MHz, 4 %, 0 %
2026/09/20 16:02:57.762, 3, 230.95 W, 31, 2032 MHz, 3996 MHz, 0 %, 0 %
2026/09/20 16:02:57.762, 4, 182.55 W, 35, 120 MHz, 3996 MHz, 0 %, 0 %
2026/09/20 16:02:57.762, 5, 179.47 W, 32, 120 MHz, 3996 MHz, 0 %, 0 %
2026/09/20 16:02:57.762, 6, 180.17 W, 29, 120 MHz, 3996 MHz, 0 %, 0 %
2026/09/20 16:02:57.762, 7, 182.13 W, 29, 120 MHz, 3996 MHz, 0 %, 0 %
2026/09/20 16:02:58.763, 0, 233.04 W, 36, 2032 MHz, 3996 MHz, 12 %, 0 %
2026/09/20 16:02:58.763, 1, 235.88 W, 38, 2032 MHz, 3996 MHz, 0 %, 0 %
2026/09/20 16:02:58.763, 2, 225.98 W, 31, 2032 MHz, 3996 MHz, 0 %, 0 %
2026/09/20 16:02:58.763, 3, 231.31 W, 31, 2032 MHz, 3996 MHz, 2 %, 0 %
2026/09/20 16:02:58.763, 4, 182.43 W, 35, 120 MHz, 3996 MHz, 0 %, 0 %
2026/09/20 16:02:58.763, 5, 179.47 W, 32, 120 MHz, 3996 MHz, 0 %, 0 %
2026/09/20 16:02:58.763, 6, 180.17 W, 29, 120 MHz, 3996 MHz, 0 %, 0 %
2026/09/20 16:02:58.763, 7, 182.13 W, 29, 120 MHz, 3996 MHz, 0 %, 0 %
2026/09/20 16:02:59.763, 0, 233.51 W, 36, 2032 MHz, 3996 MHz, 6 %, 0 %
2026/09/20 16:02:59.763, 1, 235.88 W, 38, 2032 MHz, 3996 MHz, 3 %, 0 %
2026/09/20 16:02:59.763, 2, 226.24 W, 31, 2032 MHz, 3996 MHz, 5 %, 0 %
2026/09/20 16:02:59.763, 3, 231.19 W, 31, 2032 MHz, 3996 MHz, 1 %, 0 %
2026/09/20 16:02:59.763, 4, 182.22 W, 35, 120 MHz, 3996 MHz, 0 %, 0 %
2026/09/20 16:02:59.763, 5, 179.47 W, 32, 120 MHz, 3996 MHz, 0 %, 0 %
2026/09/20 16:02:59.763, 6, 180.17 W, 29, 120 MHz, 3996 MHz, 0 %, 0 %
2026/09/20 16:02:59.763, 7, 182.13 W, 29, 120 MHz, 3996 MHz, 0 %, 0 %
2026/09/20 16:03:00.763, 0, 232.94 W, 36, 2032 MHz, 3996 MHz, 0 %, 0 %
2026/09/20 16:03:00.763, 1, 236.00 W, 38, 2032 MHz, 3996 MHz, 6 %, 0 %
2026/09/20 16:03:00.763, 2, 227.09 W, 31, 2032 MHz, 3996 MHz, 9 %, 0 %
2026/09/20 16:03:00.763, 3, 231.48 W, 31, 2032 MHz, 3996 MHz, 7 %, 0 %
2026/09/20 16:03:00.763, 4, 182.35 W, 35, 120 MHz, 3996 MHz, 0 %, 0 %
2026/09/20 16:03:00.763, 5, 179.47 W, 32, 120 MHz, 3996 MHz, 0 %, 0 %
2026/09/20 16:03:00.763, 6, 180.17 W, 29, 120 MHz, 3996 MHz, 0 %, 0 %
2026/09/20 16:03:00.763, 7, 182.13 W, 29, 120 MHz, 3996 MHz, 0 %, 0 %
2026/09/20 16:03:01.763, 0, 232.63 W, 36, 2032 MHz, 3996 MHz, 2 %, 0 %
2026/09/20 16:03:01.763, 1, 235.92 W, 38, 2032 MHz, 3996 MHz, 12 %, 0 %
2026/09/20 16:03:01.763, 2, 227.14 W, 31, 2032 MHz, 3996 MHz, 4 %, 0 %
2026/09/20 16:03:01.763, 3, 231.50 W, 31, 2032 MHz, 3996 MHz, 8 %, 0 %
2026/09/20 16:03:01.763, 4, 182.55 W, 35, 120 MHz, 3996 MHz, 0 %, 0 %
2026/09/20 16:03:01.764, 5, 179.46 W, 32, 120 MHz, 3996 MHz, 0 %, 0 %
2026/09/20 16:03:01.764, 6, 180.17 W, 29, 120 MHz, 3996 MHz, 0 %, 0 %
2026/09/20 16:03:01.764, 7, 182.13 W, 29, 120 MHz, 3996 MHz, 0 %, 0 %
2026/09/20 16:03:02.764, 0, 232.15 W, 36, 2032 MHz, 3996 MHz, 0 %, 0 %
2026/09/20 16:03:02.764, 1, 236.08 W, 38, 2032 MHz, 3996 MHz, 11 %, 0 %
2026/09/20 16:03:02.764, 2, 227.10 W, 31, 2032 MHz, 3996 MHz, 10 %, 0 %
2026/09/20 16:03:02.764, 3, 231.26 W, 31, 2032 MHz, 3996 MHz, 3 %, 0 %
2026/09/20 16:03:02.764, 4, 182.43 W, 35, 120 MHz, 3996 MHz, 0 %, 0 %
2026/09/20 16:03:02.764, 5, 179.47 W, 32, 120 MHz, 3996 MHz, 0 %, 0 %
2026/09/20 16:03:02.764, 6, 180.17 W, 29, 120 MHz, 3996 MHz, 0 %, 0 %
2026/09/20 16:03:02.764, 7, 182.13 W, 29, 120 MHz, 3996 MHz, 0 %, 0 %
2026/09/20 16:03:03.764, 0, 232.25 W, 36, 2032 MHz, 3996 MHz, 7 %, 0 %
2026/09/20 16:03:03.764, 1, 235.92 W, 38, 2032 MHz, 3996 MHz, 1 %, 0 %
2026/09/20 16:03:03.764, 2, 226.51 W, 31, 2032 MHz, 3996 MHz, 1 %, 0 %
2026/09/20 16:03:03.764, 3, 231.06 W, 31, 2032 MHz, 3996 MHz, 0 %, 0 %
2026/09/20 16:03:03.764, 4, 182.47 W, 35, 120 MHz, 3996 MHz, 0 %, 0 %
2026/09/20 16:03:03.764, 5, 179.46 W, 32, 120 MHz, 3996 MHz, 0 %, 0 %
2026/09/20 16:03:03.764, 6, 180.17 W, 29, 120 MHz, 3996 MHz, 0 %, 0 %
2026/09/20 16:03:03.764, 7, 182.13 W, 29, 120 MHz, 3996 MHz, 0 %, 0 %
2026/09/20 16:03:04.764, 0, 232.73 W, 36, 2032 MHz, 3996 MHz, 11 %, 0 %
2026/09/20 16:03:04.764, 1, 235.88 W, 38, 2032 MHz, 3996 MHz, 0 %, 0 %
2026/09/20 16:03:04.764, 2, 226.72 W, 31, 2032 MHz, 3996 MHz, 6 %, 0 %
2026/09/20 16:03:04.764, 3, 231.39 W, 31, 2032 MHz, 3996 MHz, 5 %, 0 %
2026/09/20 16:03:04.764, 4, 182.48 W, 35, 120 MHz, 3996 MHz, 0 %, 0 %
2026/09/20 16:03:04.764, 5, 179.47 W, 32, 120 MHz, 3996 MHz, 0 %, 0 %
2026/09/20 16:03:04.764, 6, 180.17 W, 29, 120 MHz, 3996 MHz, 0 %, 0 %
2026/09/20 16:03:04.764, 7, 182.13 W, 29, 120 MHz, 3996 MHz, 0 %, 0 %
2026/09/20 16:03:05.765, 0, 232.23 W, 36, 2032 MHz, 3996 MHz, 0 %, 0 %
2026/09/20 16:03:05.765, 1, 235.88 W, 38, 2032 MHz, 3996 MHz, 4 %, 0 %
2026/09/20 16:03:05.765, 2, 226.44 W, 31, 2032 MHz, 3996 MHz, 8 %, 0 %
2026/09/20 16:03:05.765, 3, 230.98 W, 31, 2032 MHz, 3996 MHz, 0 %, 0 %
2026/09/20 16:03:05.765, 4, 182.47 W, 35, 120 MHz, 3996 MHz, 0 %, 0 %
2026/09/20 16:03:05.765, 5, 179.46 W, 32, 120 MHz, 3996 MHz, 0 %, 0 %
2026/09/20 16:03:05.765, 6, 180.17 W, 29, 120 MHz, 3996 MHz, 0 %, 0 %
2026/09/20 16:03:05.765, 7, 182.13 W, 29, 120 MHz, 3996 MHz, 0 %, 0 %
2026/09/20 16:03:06.765, 0, 233.42 W, 36, 2032 MHz, 3996 MHz, 1 %, 0 %
2026/09/20 16:03:06.765, 1, 235.92 W, 38, 2032 MHz, 3996 MHz, 5 %, 0 %
2026/09/20 16:03:06.765, 2, 225.98 W, 31, 2032 MHz, 3996 MHz, 0 %, 0 %
2026/09/20 16:03:06.765, 3, 231.01 W, 31, 2032 MHz, 3996 MHz, 0 %, 0 %
2026/09/20 16:03:06.765, 4, 182.52 W, 35, 120 MHz, 3996 MHz, 0 %, 0 %
2026/09/20 16:03:06.765, 5, 179.47 W, 32, 120 MHz, 3996 MHz, 0 %, 0 %
2026/09/20 16:03:06.765, 6, 180.17 W, 29, 120 MHz, 3996 MHz, 0 %, 0 %
2026/09/20 16:03:06.765, 7, 182.13 W, 29, 120 MHz, 3996 MHz, 0 %, 0 %
2026/09/20 16:03:07.765, 0, 233.42 W, 36, 2032 MHz, 3996 MHz, 6 %, 0 %
2026/09/20 16:03:07.765, 1, 235.96 W, 38, 2032 MHz, 3996 MHz, 10 %, 0 %
2026/09/20 16:03:07.765, 2, 226.35 W, 31, 2032 MHz, 3996 MHz, 7 %, 0 %
2026/09/20 16:03:07.765, 3, 230.90 W, 31, 2032 MHz, 3996 MHz, 0 %, 0 %
2026/09/20 16:03:07.765, 4, 182.62 W, 35, 120 MHz, 3996 MHz, 0 %, 0 %
2026/09/20 16:03:07.765, 5, 179.47 W, 32, 120 MHz, 3996 MHz, 0 %, 0 %
2026/09/20 16:03:07.765, 6, 180.17 W, 29, 120 MHz, 3996 MHz, 0 %, 0 %
2026/09/20 16:03:07.765, 7, 182.13 W, 29, 120 MHz, 3996 MHz, 0 %, 0 %
2026/09/20 16:03:08.765, 0, 233.55 W, 36, 2032 MHz, 3996 MHz, 9 %, 0 %
2026/09/20 16:03:08.765, 1, 235.92 W, 38, 2032 MHz, 3996 MHz, 12 %, 0 %
2026/09/20 16:03:08.765, 2, 226.73 W, 31, 2032 MHz, 3996 MHz, 2 %, 0 %
2026/09/20 16:03:08.765, 3, 231.31 W, 31, 2032 MHz, 3996 MHz, 0 %, 0 %
2026/09/20 16:03:08.765, 4, 182.52 W, 35, 120 MHz, 3996 MHz, 0 %, 0 %
2026/09/20 16:03:08.765, 5, 179.47 W, 32, 120 MHz, 3996 MHz, 0 %, 0 %
2026/09/20 16:03:08.766, 6, 180.17 W, 29, 120 MHz, 3996 MHz, 0 %, 0 %
2026/09/20 16:03:08.766, 7, 182.13 W, 29, 120 MHz, 3996 MHz, 0 %, 0 %
2026/09/20 16:03:09.766, 0, 233.54 W, 36, 2032 MHz, 3996 MHz, 11 %, 0 %
2026/09/20 16:03:09.766, 1, 235.92 W, 38, 2032 MHz, 3996 MHz, 10 %, 0 %
2026/09/20 16:03:09.766, 2, 226.13 W, 31, 2032 MHz, 3996 MHz, 2 %, 0 %
2026/09/20 16:03:09.766, 3, 231.52 W, 31, 2032 MHz, 3996 MHz, 3 %, 0 %
2026/09/20 16:03:09.766, 4, 182.70 W, 35, 120 MHz, 3996 MHz, 0 %, 0 %
2026/09/20 16:03:09.766, 5, 179.47 W, 32, 120 MHz, 3996 MHz, 0 %, 0 %
2026/09/20 16:03:09.766, 6, 180.17 W, 29, 120 MHz, 3996 MHz, 0 %, 0 %
2026/09/20 16:03:09.766, 7, 182.13 W, 29, 120 MHz, 3996 MHz, 0 %, 0 %
2026/09/20 16:03:10.766, 0, 233.26 W, 36, 2032 MHz, 3996 MHz, 8 %, 0 %
2026/09/20 16:03:10.766, 1, 236.07 W, 38, 2032 MHz, 3996 MHz, 12 %, 0 %
2026/09/20 16:03:10.766, 2, 227.30 W, 31, 2032 MHz, 3996 MHz, 2 %, 0 %
2026/09/20 16:03:10.766, 3, 231.44 W, 31, 2032 MHz, 3996 MHz, 1 %, 0 %
2026/09/20 16:03:10.766, 4, 182.43 W, 35, 120 MHz, 3996 MHz, 0 %, 0 %
2026/09/20 16:03:10.766, 5, 179.47 W, 32, 120 MHz, 3996 MHz, 0 %, 0 %
2026/09/20 16:03:10.766, 6, 180.17 W, 29, 120 MHz, 3996 MHz, 0 %, 0 %
2026/09/20 16:03:10.766, 7, 182.13 W, 29, 120 MHz, 3996 MHz, 0 %, 0 %
2026/09/20 16:03:11.766, 0, 233.57 W, 36, 2032 MHz, 3996 MHz, 11 %, 0 %
2026/09/20 16:03:11.766, 1, 236.04 W, 38, 2032 MHz, 3996 MHz, 11 %, 0 %
2026/09/20 16:03:11.766, 2, 227.29 W, 31, 2032 MHz, 3996 MHz, 8 %, 0 %
2026/09/20 16:03:11.766, 3, 231.55 W, 31, 2032 MHz, 3996 MHz, 4 %, 0 %
2026/09/20 16:03:11.766, 4, 182.25 W, 35, 120 MHz, 3996 MHz, 0 %, 0 %
2026/09/20 16:03:11.766, 5, 179.46 W, 32, 120 MHz, 3996 MHz, 0 %, 0 %
2026/09/20 16:03:11.766, 6, 180.17 W, 29, 120 MHz, 3996 MHz, 0 %, 0 %
2026/09/20 16:03:11.766, 7, 182.13 W, 29, 120 MHz, 3996 MHz, 0 %, 0 %
2026/09/20 16:03:12.766, 0, 233.65 W, 36, 2032 MHz, 3996 MHz, 10 %, 0 %
2026/09/20 16:03:12.767, 1, 235.96 W, 38, 2032 MHz, 3996 MHz, 4 %, 0 %
2026/09/20 16:03:12.767, 2, 227.43 W, 31, 2032 MHz, 3996 MHz, 9 %, 0 %
2026/09/20 16:03:12.767, 3, 231.43 W, 31, 2032 MHz, 3996 MHz, 4 %, 0 %
2026/09/20 16:03:12.767, 4, 182.58 W, 35, 120 MHz, 3996 MHz, 0 %, 0 %
2026/09/20 16:03:12.767, 5, 179.47 W, 32, 120 MHz, 3996 MHz, 0 %, 0 %
2026/09/20 16:03:12.767, 6, 180.17 W, 29, 120 MHz, 3996 MHz, 0 %, 0 %
2026/09/20 16:03:12.767, 7, 182.13 W, 29, 120 MHz, 3996 MHz, 0 %, 0 %
2026/09/20 16:03:13.767, 0, 233.40 W, 36, 2032 MHz, 3996 MHz, 10 %, 0 %
2026/09/20 16:03:13.767, 1, 235.96 W, 38, 2032 MHz, 3996 MHz, 4 %, 0 %
2026/09/20 16:03:13.767, 2, 227.32 W, 31, 2032 MHz, 3996 MHz, 10 %, 0 %
2026/09/20 16:03:13.767, 3, 231.46 W, 31, 2032 MHz, 3996 MHz, 3 %, 0 %
2026/09/20 16:03:13.767, 4, 182.63 W, 35, 120 MHz, 3996 MHz, 0 %, 0 %
2026/09/20 16:03:13.767, 5, 179.46 W, 32, 120 MHz, 3996 MHz, 0 %, 0 %
2026/09/20 16:03:13.767, 6, 180.17 W, 29, 120 MHz, 3996 MHz, 0 %, 0 %
2026/09/20 16:03:13.767, 7, 182.13 W, 29, 120 MHz, 3996 MHz, 0 %, 0 %
2026/09/20 16:03:14.767, 0, 233.43 W, 36, 2032 MHz, 3996 MHz, 3 %, 0 %
2026/09/20 16:03:14.767, 1, 235.92 W, 38, 2032 MHz, 3996 MHz, 2 %, 0 %
2026/09/20 16:03:14.767, 2, 227.22 W, 31, 2032 MHz, 3996 MHz, 4 %, 0 %
2026/09/20 16:03:14.767, 3, 231.41 W, 31, 2032 MHz, 3996 MHz, 4 %, 0 %
2026/09/20 16:03:14.767, 4, 182.71 W, 35, 120 MHz, 3996 MHz, 0 %, 0 %
2026/09/20 16:03:14.767, 5, 179.47 W, 32, 120 MHz, 3996 MHz, 0 %, 0 %
2026/09/20 16:03:14.767, 6, 180.17 W, 29, 120 MHz, 3996 MHz, 0 %, 0 %
2026/09/20 16:03:14.767, 7, 182.13 W, 29, 120 MHz, 3996 MHz, 0 %, 0 %
2026/09/20 16:03:15.767, 0, 233.58 W, 36, 2032 MHz, 3996 MHz, 6 %, 0 %
2026/09/20 16:03:15.767, 1, 235.92 W, 38, 2032 MHz, 3996 MHz, 5 %, 0 %
2026/09/20 16:03:15.767, 2, 227.35 W, 31, 2032 MHz, 3996 MHz, 7 %, 0 %
2026/09/20 16:03:15.767, 3, 231.45 W, 31, 2032 MHz, 3996 MHz, 8 %, 0 %
2026/09/20 16:03:15.767, 4, 182.82 W, 35, 120 MHz, 3996 MHz, 0 %, 0 %
2026/09/20 16:03:15.767, 5, 179.47 W, 32, 120 MHz, 3996 MHz, 0 %, 0 %
2026/09/20 16:03:15.768, 6, 180.17 W, 29, 120 MHz, 3996 MHz, 0 %, 0 %
2026/09/20 16:03:15.768, 7, 182.13 W, 29, 120 MHz, 3996 MHz, 0 %, 0 %
2026/09/20 16:03:16.768, 0, 233.44 W, 36, 2032 MHz, 3996 MHz, 7 %, 0 %
2026/09/20 16:03:16.768, 1, 236.19 W, 38, 2032 MHz, 3996 MHz, 11 %, 0 %
2026/09/20 16:03:16.768, 2, 227.32 W, 31, 2032 MHz, 3996 MHz, 6 %, 0 %
2026/09/20 16:03:16.768, 3, 231.48 W, 31, 2032 MHz, 3996 MHz, 4 %, 0 %
2026/09/20 16:03:16.768, 4, 182.48 W, 35, 120 MHz, 3996 MHz, 0 %, 0 %
2026/09/20 16:03:16.768, 5, 179.47 W, 32, 120 MHz, 3996 MHz, 0 %, 0 %
2026/09/20 16:03:16.768, 6, 180.17 W, 29, 120 MHz, 3996 MHz, 0 %, 0 %
2026/09/20 16:03:16.768, 7, 182.13 W, 29, 120 MHz, 3996 MHz, 0 %, 0 %
2026/09/20 16:03:17.768, 0, 233.65 W, 36, 2032 MHz, 3996 MHz, 12 %, 0 %
2026/09/20 16:03:17.768, 1, 235.96 W, 38, 2032 MHz, 3996 MHz, 12 %, 0 %
2026/09/20 16:03:17.768, 2, 227.28 W, 31, 2032 MHz, 3996 MHz, 5 %, 0 %
2026/09/20 16:03:17.768, 3, 231.39 W, 31, 2032 MHz, 3996 MHz, 7 %, 0 %
2026/09/20 16:03:17.768, 4, 182.31 W, 35, 120 MHz, 3996 MHz, 0 %, 0 %
2026/09/20 16:03:17.768, 5, 179.47 W, 32, 120 MHz, 3996 MHz, 0 %, 0 %
2026/09/20 16:03:17.768, 6, 180.17 W, 29, 120 MHz, 3996 MHz, 0 %, 0 %
2026/09/20 16:03:17.768, 7, 182.13 W, 29, 120 MHz, 3996 MHz, 0 %, 0 %
2026/09/20 16:03:18.768, 0, 233.30 W, 36, 2032 MHz, 3996 MHz, 12 %, 0 %
2026/09/20 16:03:18.768, 1, 236.07 W, 38, 2032 MHz, 3996 MHz, 5 %, 0 %
2026/09/20 16:03:18.768, 2, 227.34 W, 31, 2032 MHz, 3996 MHz, 6 %, 0 %
2026/09/20 16:03:18.768, 3, 231.65 W, 31, 2032 MHz, 3996 MHz, 5 %, 0 %
2026/09/20 16:03:18.768, 4, 182.48 W, 35, 120 MHz, 3996 MHz, 0 %, 0 %
2026/09/20 16:03:18.768, 5, 179.47 W, 32, 120 MHz, 3996 MHz, 0 %, 0 %
2026/09/20 16:03:18.768, 6, 180.17 W, 29, 120 MHz, 3996 MHz, 0 %, 0 %
2026/09/20 16:03:18.768, 7, 182.13 W, 29, 120 MHz, 3996 MHz, 0 %, 0 %
2026/09/20 16:03:19.769, 0, 233.67 W, 36, 2032 MHz, 3996 MHz, 11 %, 0 %
2026/09/20 16:03:19.769, 1, 236.23 W, 38, 2032 MHz, 3996 MHz, 2 %, 0 %
2026/09/20 16:03:19.769, 2, 227.30 W, 31, 2032 MHz, 3996 MHz, 6 %, 0 %
2026/09/20 16:03:19.769, 3, 231.55 W, 31, 2032 MHz, 3996 MHz, 5 %, 0 %
2026/09/20 16:03:19.769, 4, 182.75 W, 35, 120 MHz, 3996 MHz, 0 %, 0 %
2026/09/20 16:03:19.769, 5, 179.47 W, 32, 120 MHz, 3996 MHz, 0 %, 0 %
2026/09/20 16:03:19.769, 6, 180.17 W, 29, 120 MHz, 3996 MHz, 0 %, 0 %
2026/09/20 16:03:19.769, 7, 182.13 W, 29, 120 MHz, 3996 MHz, 0 %, 0 %
2026/09/20 16:03:20.769, 0, 233.59 W, 36, 2032 MHz, 3996 MHz, 11 %, 0 %
2026/09/20 16:03:20.769, 1, 236.07 W, 38, 2032 MHz, 3996 MHz, 5 %, 0 %
2026/09/20 16:03:20.769, 2, 227.22 W, 31, 2032 MHz, 3996 MHz, 8 %, 0 %
2026/09/20 16:03:20.769, 3, 231.16 W, 31, 2032 MHz, 3996 MHz, 7 %, 0 %
2026/09/20 16:03:20.769, 4, 182.51 W, 35, 120 MHz, 3996 MHz, 0 %, 0 %
2026/09/20 16:03:20.769, 5, 179.47 W, 32, 120 MHz, 3996 MHz, 0 %, 0 %
2026/09/20 16:03:20.769, 6, 180.17 W, 29, 120 MHz, 3996 MHz, 0 %, 0 %
2026/09/20 16:03:20.769, 7, 182.13 W, 29, 120 MHz, 3996 MHz, 0 %, 0 %
2026/09/20 16:03:21.769, 0, 271.31 W, 39, 2032 MHz, 3996 MHz, 0 %, 0 %
2026/09/20 16:03:21.769, 1, 236.38 W, 38, 2032 MHz, 3996 MHz, 12 %, 0 %
2026/09/20 16:03:21.769, 2, 227.33 W, 31, 2032 MHz, 3996 MHz, 10 %, 0 %
2026/09/20 16:03:21.769, 3, 231.46 W, 31, 2032 MHz, 3996 MHz, 4 %, 0 %
2026/09/20 16:03:21.769, 4, 182.68 W, 35, 120 MHz, 3996 MHz, 0 %, 0 %
2026/09/20 16:03:21.769, 5, 179.47 W, 32, 120 MHz, 3996 MHz, 0 %, 0 %
2026/09/20 16:03:21.769, 6, 180.17 W, 29, 120 MHz, 3996 MHz, 0 %, 0 %
2026/09/20 16:03:21.769, 7, 182.13 W, 29, 120 MHz, 3996 MHz, 0 %, 0 %
2026/09/20 16:03:22.769, 0, 299.72 W, 37, 2032 MHz, 3996 MHz, 0 %, 0 %
2026/09/20 16:03:22.769, 1, 236.26 W, 38, 2032 MHz, 3996 MHz, 4 %, 0 %
2026/09/20 16:03:22.769, 2, 227.31 W, 31, 2032 MHz, 3996 MHz, 5 %, 0 %
2026/09/20 16:03:22.769, 3, 231.35 W, 31, 2032 MHz, 3996 MHz, 5 %, 0 %
2026/09/20 16:03:22.769, 4, 182.60 W, 35, 120 MHz, 3996 MHz, 0 %, 0 %
2026/09/20 16:03:22.769, 5, 179.47 W, 32, 120 MHz, 3996 MHz, 0 %, 0 %
2026/09/20 16:03:22.770, 6, 180.17 W, 29, 120 MHz, 3996 MHz, 0 %, 0 %
2026/09/20 16:03:22.770, 7, 182.13 W, 29, 120 MHz, 3996 MHz, 0 %, 0 %
2026/09/20 16:03:23.770, 0, 231.92 W, 36, 2032 MHz, 3996 MHz, 0 %, 0 %
2026/09/20 16:03:23.770, 1, 236.53 W, 38, 2032 MHz, 3996 MHz, 12 %, 0 %
2026/09/20 16:03:23.770, 2, 227.43 W, 31, 2032 MHz, 3996 MHz, 4 %, 0 %
2026/09/20 16:03:23.770, 3, 231.48 W, 31, 2032 MHz, 3996 MHz, 6 %, 0 %
2026/09/20 16:03:23.770, 4, 182.74 W, 35, 120 MHz, 3996 MHz, 0 %, 0 %
2026/09/20 16:03:23.770, 5, 179.47 W, 32, 120 MHz, 3996 MHz, 0 %, 0 %
2026/09/20 16:03:23.770, 6, 180.17 W, 29, 120 MHz, 3996 MHz, 0 %, 0 %
2026/09/20 16:03:23.770, 7, 182.13 W, 29, 120 MHz, 3996 MHz, 0 %, 0 %
2026/09/20 16:03:24.770, 0, 231.86 W, 36, 2032 MHz, 3996 MHz, 0 %, 0 %
2026/09/20 16:03:24.770, 1, 236.35 W, 38, 2032 MHz, 3996 MHz, 11 %, 0 %
2026/09/20 16:03:24.770, 2, 227.41 W, 31, 2032 MHz, 3996 MHz, 6 %, 0 %
2026/09/20 16:03:24.770, 3, 231.48 W, 31, 2032 MHz, 3996 MHz, 5 %, 0 %
2026/09/20 16:03:24.770, 4, 182.52 W, 35, 120 MHz, 3996 MHz, 0 %, 0 %
2026/09/20 16:03:24.770, 5, 179.47 W, 32, 120 MHz, 3996 MHz, 0 %, 0 %
2026/09/20 16:03:24.770, 6, 180.17 W, 29, 120 MHz, 3996 MHz, 0 %, 0 %
2026/09/20 16:03:24.770, 7, 182.13 W, 29, 120 MHz, 3996 MHz, 0 %, 0 %
2026/09/20 16:03:25.770, 0, 232.01 W, 36, 2032 MHz, 3996 MHz, 0 %, 0 %
2026/09/20 16:03:25.770, 1, 251.90 W, 38, 2032 MHz, 3996 MHz, 15 %, 3 %
2026/09/20 16:03:25.770, 2, 227.46 W, 31, 2032 MHz, 3996 MHz, 9 %, 0 %
2026/09/20 16:03:25.770, 3, 231.38 W, 31, 2032 MHz, 3996 MHz, 2 %, 0 %
2026/09/20 16:03:25.770, 4, 182.74 W, 35, 120 MHz, 3996 MHz, 0 %, 0 %
2026/09/20 16:03:25.770, 5, 179.47 W, 32, 120 MHz, 3996 MHz, 0 %, 0 %
2026/09/20 16:03:25.770, 6, 180.17 W, 29, 120 MHz, 3996 MHz, 0 %, 0 %
2026/09/20 16:03:25.770, 7, 182.13 W, 29, 120 MHz, 3996 MHz, 0 %, 0 %
2026/09/20 16:03:26.771, 0, 231.98 W, 36, 2032 MHz, 3996 MHz, 0 %, 0 %
2026/09/20 16:03:26.771, 1, 331.80 W, 38, 2032 MHz, 3996 MHz, 0 %, 0 %
2026/09/20 16:03:26.771, 2, 227.41 W, 31, 2032 MHz, 3996 MHz, 4 %, 0 %
2026/09/20 16:03:26.771, 3, 231.64 W, 31, 2032 MHz, 3996 MHz, 11 %, 0 %
2026/09/20 16:03:26.771, 4, 182.75 W, 35, 120 MHz, 3996 MHz, 0 %, 0 %
2026/09/20 16:03:26.771, 5, 179.47 W, 32, 120 MHz, 3996 MHz, 0 %, 0 %
2026/09/20 16:03:26.771, 6, 180.17 W, 29, 120 MHz, 3996 MHz, 0 %, 0 %
2026/09/20 16:03:26.771, 7, 182.13 W, 29, 120 MHz, 3996 MHz, 0 %, 0 %
2026/09/20 16:03:27.771, 0, 231.86 W, 36, 2032 MHz, 3996 MHz, 0 %, 0 %
2026/09/20 16:03:27.771, 1, 235.88 W, 38, 2032 MHz, 3996 MHz, 0 %, 0 %
2026/09/20 16:03:27.771, 2, 228.92 W, 31, 2032 MHz, 3996 MHz, 2 %, 0 %
2026/09/20 16:03:27.771, 3, 298.44 W, 35, 2032 MHz, 3996 MHz, 79 %, 15 %
2026/09/20 16:03:27.771, 4, 182.52 W, 35, 120 MHz, 3996 MHz, 0 %, 0 %
2026/09/20 16:03:27.771, 5, 179.47 W, 32, 120 MHz, 3996 MHz, 0 %, 0 %
2026/09/20 16:03:27.771, 6, 180.17 W, 29, 120 MHz, 3996 MHz, 0 %, 0 %
2026/09/20 16:03:27.771, 7, 182.13 W, 29, 120 MHz, 3996 MHz, 0 %, 0 %
2026/09/20 16:03:28.771, 0, 231.85 W, 36, 2032 MHz, 3996 MHz, 0 %, 0 %
2026/09/20 16:03:28.771, 1, 235.88 W, 38, 2032 MHz, 3996 MHz, 0 %, 0 %
2026/09/20 16:03:28.771, 2, 331.05 W, 32, 2032 MHz, 3996 MHz, 0 %, 0 %
2026/09/20 16:03:28.771, 3, 272.07 W, 31, 2032 MHz, 3996 MHz, 0 %, 0 %
2026/09/20 16:03:28.771, 4, 182.52 W, 35, 120 MHz, 3996 MHz, 0 %, 0 %
2026/09/20 16:03:28.772, 5, 179.47 W, 32, 120 MHz, 3996 MHz, 0 %, 0 %
2026/09/20 16:03:28.772, 6, 180.17 W, 29, 120 MHz, 3996 MHz, 0 %, 0 %
2026/09/20 16:03:28.772, 7, 182.13 W, 29, 120 MHz, 3996 MHz, 0 %, 0 %
2026/09/20 16:03:29.772, 0, 231.84 W, 36, 2032 MHz, 3996 MHz, 0 %, 0 %
2026/09/20 16:03:29.772, 1, 235.88 W, 38, 2032 MHz, 3996 MHz, 0 %, 0 %
2026/09/20 16:03:29.772, 2, 226.91 W, 31, 2032 MHz, 3996 MHz, 0 %, 0 %
2026/09/20 16:03:29.772, 3, 230.82 W, 31, 2032 MHz, 3996 MHz, 0 %, 0 %
2026/09/20 16:03:29.772, 4, 182.66 W, 35, 120 MHz, 3996 MHz, 0 %, 0 %
2026/09/20 16:03:29.772, 5, 179.47 W, 32, 120 MHz, 3996 MHz, 0 %, 0 %
2026/09/20 16:03:29.772, 6, 180.17 W, 29, 120 MHz, 3996 MHz, 0 %, 0 %
2026/09/20 16:03:29.772, 7, 182.13 W, 29, 120 MHz, 3996 MHz, 0 %, 0 %
2026/09/20 16:03:30.772, 0, 231.86 W, 36, 2032 MHz, 3996 MHz, 0 %, 0 %
2026/09/20 16:03:30.772, 1, 235.88 W, 38, 2032 MHz, 3996 MHz, 0 %, 0 %
2026/09/20 16:03:30.772, 2, 226.06 W, 31, 2032 MHz, 3996 MHz, 0 %, 0 %
2026/09/20 16:03:30.772, 3, 230.50 W, 31, 2032 MHz, 3996 MHz, 0 %, 0 %
2026/09/20 16:03:30.772, 4, 182.40 W, 35, 120 MHz, 3996 MHz, 0 %, 0 %
2026/09/20 16:03:30.772, 5, 179.46 W, 32, 120 MHz, 3996 MHz, 0 %, 0 %
2026/09/20 16:03:30.772, 6, 180.17 W, 29, 120 MHz, 3996 MHz, 0 %, 0 %
2026/09/20 16:03:30.772, 7, 182.13 W, 29, 120 MHz, 3996 MHz, 0 %, 0 %
2026/09/20 16:03:31.772, 0, 231.84 W, 36, 2032 MHz, 3996 MHz, 0 %, 0 %
2026/09/20 16:03:31.772, 1, 235.84 W, 38, 2032 MHz, 3996 MHz, 0 %, 0 %
2026/09/20 16:03:31.772, 2, 226.14 W, 31, 2032 MHz, 3996 MHz, 0 %, 0 %
2026/09/20 16:03:31.772, 3, 229.94 W, 31, 2032 MHz, 3996 MHz, 0 %, 0 %
2026/09/20 16:03:31.772, 4, 182.48 W, 35, 120 MHz, 3996 MHz, 0 %, 0 %
2026/09/20 16:03:31.772, 5, 179.46 W, 32, 120 MHz, 3996 MHz, 0 %, 0 %
2026/09/20 16:03:31.772, 6, 180.17 W, 29, 120 MHz, 3996 MHz, 0 %, 0 %
2026/09/20 16:03:31.772, 7, 182.13 W, 29, 120 MHz, 3996 MHz, 0 %, 0 %
2026/09/20 16:03:32.772, 0, 231.85 W, 36, 2032 MHz, 3996 MHz, 0 %, 0 %
2026/09/20 16:03:32.773, 1, 235.73 W, 38, 2032 MHz, 3996 MHz, 0 %, 0 %
2026/09/20 16:03:32.773, 2, 225.98 W, 31, 2032 MHz, 3996 MHz, 0 %, 0 %
2026/09/20 16:03:32.773, 3, 229.98 W, 31, 2032 MHz, 3996 MHz, 0 %, 0 %
2026/09/20 16:03:32.773, 4, 182.59 W, 35, 120 MHz, 3996 MHz, 0 %, 0 %
2026/09/20 16:03:32.773, 5, 179.47 W, 32, 120 MHz, 3996 MHz, 0 %, 0 %
2026/09/20 16:03:32.773, 6, 180.17 W, 29, 120 MHz, 3996 MHz, 0 %, 0 %
2026/09/20 16:03:32.773, 7, 182.13 W, 29, 120 MHz, 3996 MHz, 0 %, 0 %
2026/09/20 16:03:33.773, 0, 231.88 W, 36, 2032 MHz, 3996 MHz, 0 %, 0 %
2026/09/20 16:03:33.773, 1, 235.61 W, 38, 2032 MHz, 3996 MHz, 0 %, 0 %
2026/09/20 16:03:33.773, 2, 226.02 W, 31, 2032 MHz, 3996 MHz, 0 %, 0 %
2026/09/20 16:03:33.773, 3, 229.79 W, 31, 2032 MHz, 3996 MHz, 0 %, 0 %
2026/09/20 16:03:33.773, 4, 182.56 W, 35, 120 MHz, 3996 MHz, 0 %, 0 %
2026/09/20 16:03:33.773, 5, 179.46 W, 32, 120 MHz, 3996 MHz, 0 %, 0 %
2026/09/20 16:03:33.773, 6, 180.17 W, 29, 120 MHz, 3996 MHz, 0 %, 0 %
2026/09/20 16:03:33.773, 7, 182.13 W, 29, 120 MHz, 3996 MHz, 0 %, 0 %
2026/09/20 16:03:34.773, 0, 231.83 W, 36, 2032 MHz, 3996 MHz, 0 %, 0 %
2026/09/20 16:03:34.773, 1, 235.84 W, 38, 2032 MHz, 3996 MHz, 0 %, 0 %
2026/09/20 16:03:34.773, 2, 225.98 W, 31, 2032 MHz, 3996 MHz, 0 %, 0 %
2026/09/20 16:03:34.773, 3, 229.90 W, 31, 2032 MHz, 3996 MHz, 0 %, 0 %
2026/09/20 16:03:34.773, 4, 182.75 W, 35, 120 MHz, 3996 MHz, 0 %, 0 %
2026/09/20 16:03:34.773, 5, 179.47 W, 32, 120 MHz, 3996 MHz, 0 %, 0 %
2026/09/20 16:03:34.773, 6, 180.17 W, 29, 120 MHz, 3996 MHz, 0 %, 0 %
2026/09/20 16:03:34.773, 7, 182.13 W, 29, 120 MHz, 3996 MHz, 0 %, 0 %
2026/09/20 16:03:35.773, 0, 232.00 W, 36, 2032 MHz, 3996 MHz, 0 %, 0 %
2026/09/20 16:03:35.773, 1, 235.88 W, 38, 2032 MHz, 3996 MHz, 0 %, 0 %
2026/09/20 16:03:35.773, 2, 226.17 W, 31, 2032 MHz, 3996 MHz, 0 %, 0 %
2026/09/20 16:03:35.773, 3, 230.04 W, 31, 2032 MHz, 3996 MHz, 0 %, 0 %
2026/09/20 16:03:35.773, 4, 182.43 W, 35, 120 MHz, 3996 MHz, 0 %, 0 %
2026/09/20 16:03:35.773, 5, 179.46 W, 32, 120 MHz, 3996 MHz, 0 %, 0 %
2026/09/20 16:03:35.774, 6, 180.17 W, 29, 120 MHz, 3996 MHz, 0 %, 0 %
2026/09/20 16:03:35.774, 7, 182.13 W, 29, 120 MHz, 3996 MHz, 0 %, 0 %
2026/09/20 16:03:36.774, 0, 231.84 W, 36, 2032 MHz, 3996 MHz, 0 %, 0 %
2026/09/20 16:03:36.774, 1, 235.80 W, 38, 2032 MHz, 3996 MHz, 0 %, 0 %
2026/09/20 16:03:36.774, 2, 225.97 W, 31, 2032 MHz, 3996 MHz, 0 %, 0 %
2026/09/20 16:03:36.774, 3, 229.73 W, 31, 2032 MHz, 3996 MHz, 0 %, 0 %
2026/09/20 16:03:36.774, 4, 182.75 W, 35, 120 MHz, 3996 MHz, 0 %, 0 %
2026/09/20 16:03:36.774, 5, 179.46 W, 32, 120 MHz, 3996 MHz, 0 %, 0 %
2026/09/20 16:03:36.774, 6, 180.17 W, 29, 120 MHz, 3996 MHz, 0 %, 0 %
2026/09/20 16:03:36.774, 7, 182.13 W, 29, 120 MHz, 3996 MHz, 0 %, 0 %
2026/09/20 16:03:37.774, 0, 231.84 W, 36, 2032 MHz, 3996 MHz, 0 %, 0 %
2026/09/20 16:03:37.774, 1, 235.58 W, 38, 2032 MHz, 3996 MHz, 0 %, 0 %
2026/09/20 16:03:37.774, 2, 225.98 W, 31, 2032 MHz, 3996 MHz, 0 %, 0 %
2026/09/20 16:03:37.774, 3, 229.73 W, 31, 2032 MHz, 3996 MHz, 0 %, 0 %
2026/09/20 16:03:37.774, 4, 182.83 W, 35, 120 MHz, 3996 MHz, 0 %, 0 %
2026/09/20 16:03:37.774, 5, 179.46 W, 32, 120 MHz, 3996 MHz, 0 %, 0 %
2026/09/20 16:03:37.774, 6, 180.17 W, 29, 120 MHz, 3996 MHz, 0 %, 0 %
2026/09/20 16:03:37.774, 7, 182.13 W, 29, 120 MHz, 3996 MHz, 0 %, 0 %
2026/09/20 16:03:38.774, 0, 231.83 W, 36, 2032 MHz, 3996 MHz, 0 %, 0 %
2026/09/20 16:03:38.774, 1, 235.35 W, 38, 2032 MHz, 3996 MHz, 0 %, 0 %
2026/09/20 16:03:38.774, 2, 225.98 W, 31, 2032 MHz, 3996 MHz, 0 %, 0 %
2026/09/20 16:03:38.774, 3, 229.79 W, 31, 2032 MHz, 3996 MHz, 0 %, 0 %
2026/09/20 16:03:38.774, 4, 182.58 W, 35, 120 MHz, 3996 MHz, 0 %, 0 %
2026/09/20 16:03:38.774, 5, 179.47 W, 32, 120 MHz, 3996 MHz, 0 %, 0 %
2026/09/20 16:03:38.774, 6, 180.17 W, 29, 120 MHz, 3996 MHz, 0 %, 0 %
2026/09/20 16:03:38.774, 7, 182.13 W, 29, 120 MHz, 3996 MHz, 0 %, 0 %
2026/09/20 16:03:39.774, 0, 231.84 W, 36, 2032 MHz, 3996 MHz, 0 %, 0 %
2026/09/20 16:03:39.774, 1, 235.41 W, 38, 2032 MHz, 3996 MHz, 0 %, 0 %
2026/09/20 16:03:39.775, 2, 225.97 W, 31, 2032 MHz, 3996 MHz, 0 %, 0 %
2026/09/20 16:03:39.775, 3, 229.72 W, 31, 2032 MHz, 3996 MHz, 0 %, 0 %
2026/09/20 16:03:39.775, 4, 182.58 W, 35, 120 MHz, 3996 MHz, 0 %, 0 %
2026/09/20 16:03:39.775, 5, 179.47 W, 32, 120 MHz, 3996 MHz, 0 %, 0 %
2026/09/20 16:03:39.775, 6, 180.17 W, 29, 120 MHz, 3996 MHz, 0 %, 0 %
2026/09/20 16:03:39.775, 7, 182.13 W, 29, 120 MHz, 3996 MHz, 0 %, 0 %
2026/09/20 16:03:40.775, 0, 231.84 W, 36, 2032 MHz, 3996 MHz, 0 %, 0 %
2026/09/20 16:03:40.775, 1, 235.31 W, 38, 2032 MHz, 3996 MHz, 0 %, 0 %
2026/09/20 16:03:40.775, 2, 225.99 W, 31, 2032 MHz, 3996 MHz, 0 %, 0 %
2026/09/20 16:03:40.775, 3, 230.04 W, 31, 2032 MHz, 3996 MHz, 0 %, 0 %
2026/09/20 16:03:40.775, 4, 182.87 W, 35, 120 MHz, 3996 MHz, 0 %, 0 %
2026/09/20 16:03:40.775, 5, 179.46 W, 32, 120 MHz, 3996 MHz, 0 %, 0 %
2026/09/20 16:03:40.775, 6, 180.17 W, 29, 120 MHz, 3996 MHz, 0 %, 0 %
2026/09/20 16:03:40.775, 7, 182.13 W, 29, 120 MHz, 3996 MHz, 0 %, 0 %
2026/09/20 16:03:41.775, 0, 231.83 W, 36, 2032 MHz, 3996 MHz, 0 %, 0 %
2026/09/20 16:03:41.775, 1, 235.35 W, 38, 2032 MHz, 3996 MHz, 0 %, 0 %
2026/09/20 16:03:41.775, 2, 225.98 W, 31, 2032 MHz, 3996 MHz, 0 %, 0 %
2026/09/20 16:03:41.775, 3, 229.72 W, 31, 2032 MHz, 3996 MHz, 0 %, 0 %
2026/09/20 16:03:41.775, 4, 182.86 W, 35, 120 MHz, 3996 MHz, 0 %, 0 %
2026/09/20 16:03:41.775, 5, 179.47 W, 32, 120 MHz, 3996 MHz, 0 %, 0 %
2026/09/20 16:03:41.775, 6, 180.17 W, 29, 120 MHz, 3996 MHz, 0 %, 0 %
2026/09/20 16:03:41.775, 7, 182.13 W, 29, 120 MHz, 3996 MHz, 0 %, 0 %
2026/09/20 16:03:42.775, 0, 231.85 W, 36, 2032 MHz, 3996 MHz, 0 %, 0 %
2026/09/20 16:03:42.775, 1, 235.34 W, 38, 2032 MHz, 3996 MHz, 0 %, 0 %
2026/09/20 16:03:42.775, 2, 225.99 W, 31, 2032 MHz, 3996 MHz, 0 %, 0 %
2026/09/20 16:03:42.775, 3, 229.72 W, 31, 2032 MHz, 3996 MHz, 0 %, 0 %
2026/09/20 16:03:42.775, 4, 182.94 W, 35, 120 MHz, 3996 MHz, 0 %, 0 %
2026/09/20 16:03:42.775, 5, 179.47 W, 32, 120 MHz, 3996 MHz, 0 %, 0 %
2026/09/20 16:03:42.775, 6, 180.17 W, 29, 120 MHz, 3996 MHz, 0 %, 0 %
2026/09/20 16:03:42.775, 7, 182.13 W, 29, 120 MHz, 3996 MHz, 0 %, 0 %
2026/09/20 16:03:43.776, 0, 231.83 W, 36, 2032 MHz, 3996 MHz, 0 %, 0 %
2026/09/20 16:03:43.776, 1, 235.49 W, 38, 2032 MHz, 3996 MHz, 12 %, 0 %
2026/09/20 16:03:43.776, 2, 225.98 W, 31, 2032 MHz, 3996 MHz, 0 %, 0 %
2026/09/20 16:03:43.776, 3, 229.68 W, 31, 2032 MHz, 3996 MHz, 0 %, 0 %
2026/09/20 16:03:43.776, 4, 182.86 W, 35, 120 MHz, 3996 MHz, 0 %, 0 %
2026/09/20 16:03:43.776, 5, 179.46 W, 32, 120 MHz, 3996 MHz, 0 %, 0 %
2026/09/20 16:03:43.776, 6, 180.17 W, 29, 120 MHz, 3996 MHz, 0 %, 0 %
2026/09/20 16:03:43.776, 7, 182.13 W, 29, 120 MHz, 3996 MHz, 0 %, 0 %
2026/09/20 16:03:44.776, 0, 231.85 W, 36, 2032 MHz, 3996 MHz, 0 %, 0 %
2026/09/20 16:03:44.776, 1, 242.40 W, 38, 2032 MHz, 3996 MHz, 6 %, 2 %
2026/09/20 16:03:44.776, 2, 226.01 W, 31, 2032 MHz, 3996 MHz, 0 %, 0 %
2026/09/20 16:03:44.776, 3, 229.87 W, 31, 2032 MHz, 3996 MHz, 0 %, 0 %
2026/09/20 16:03:44.776, 4, 182.78 W, 35, 120 MHz, 3996 MHz, 0 %, 0 %
2026/09/20 16:03:44.776, 5, 179.46 W, 32, 120 MHz, 3996 MHz, 0 %, 0 %
2026/09/20 16:03:44.776, 6, 180.17 W, 29, 120 MHz, 3996 MHz, 0 %, 0 %
2026/09/20 16:03:44.776, 7, 182.13 W, 29, 120 MHz, 3996 MHz, 0 %, 0 %
2026/09/20 16:03:45.776, 0, 231.95 W, 36, 2032 MHz, 3996 MHz, 0 %, 0 %
2026/09/20 16:03:45.776, 1, 235.88 W, 38, 2032 MHz, 3996 MHz, 0 %, 0 %
2026/09/20 16:03:45.776, 2, 227.01 W, 31, 2032 MHz, 3996 MHz, 12 %, 0 %
2026/09/20 16:03:45.776, 3, 231.31 W, 31, 2032 MHz, 3996 MHz, 12 %, 0 %
2026/09/20 16:03:45.776, 4, 182.58 W, 35, 120 MHz, 3996 MHz, 0 %, 0 %
2026/09/20 16:03:45.776, 5, 179.47 W, 32, 120 MHz, 3996 MHz, 0 %, 0 %
2026/09/20 16:03:45.776, 6, 180.17 W, 29, 120 MHz, 3996 MHz, 0 %, 0 %
2026/09/20 16:03:45.776, 7, 182.13 W, 29, 120 MHz, 3996 MHz, 0 %, 0 %
2026/09/20 16:03:46.776, 0, 239.62 W, 36, 2032 MHz, 3996 MHz, 12 %, 0 %
2026/09/20 16:03:46.777, 1, 235.69 W, 38, 2032 MHz, 3996 MHz, 0 %, 0 %
2026/09/20 16:03:46.777, 2, 234.35 W, 31, 2032 MHz, 3996 MHz, 0 %, 0 %
2026/09/20 16:03:46.777, 3, 236.39 W, 31, 2032 MHz, 3996 MHz, 0 %, 0 %
2026/09/20 16:03:46.777, 4, 182.75 W, 35, 120 MHz, 3996 MHz, 0 %, 0 %
2026/09/20 16:03:46.777, 5, 179.47 W, 32, 120 MHz, 3996 MHz, 0 %, 0 %
2026/09/20 16:03:46.777, 6, 180.17 W, 29, 120 MHz, 3996 MHz, 0 %, 0 %
2026/09/20 16:03:46.777, 7, 182.13 W, 29, 120 MHz, 3996 MHz, 0 %, 0 %
2026/09/20 16:03:47.777, 0, 239.63 W, 37, 2032 MHz, 3996 MHz, 0 %, 0 %
2026/09/20 16:03:47.777, 1, 241.92 W, 38, 2032 MHz, 3996 MHz, 0 %, 0 %
2026/09/20 16:03:47.777, 2, 232.68 W, 31, 2032 MHz, 3996 MHz, 0 %, 0 %
2026/09/20 16:03:47.777, 3, 236.77 W, 31, 2032 MHz, 3996 MHz, 0 %, 0 %
2026/09/20 16:03:47.777, 4, 182.83 W, 35, 120 MHz, 3996 MHz, 0 %, 0 %
2026/09/20 16:03:47.777, 5, 179.47 W, 32, 120 MHz, 3996 MHz, 0 %, 0 %
2026/09/20 16:03:47.777, 6, 180.17 W, 29, 120 MHz, 3996 MHz, 0 %, 0 %
2026/09/20 16:03:47.777, 7, 182.13 W, 29, 120 MHz, 3996 MHz, 0 %, 0 %
2026/09/20 16:03:48.777, 0, 231.84 W, 36, 2032 MHz, 3996 MHz, 0 %, 0 %
2026/09/20 16:03:48.777, 1, 235.61 W, 38, 2032 MHz, 3996 MHz, 0 %, 0 %
2026/09/20 16:03:48.777, 2, 225.99 W, 31, 2032 MHz, 3996 MHz, 0 %, 0 %
2026/09/20 16:03:48.777, 3, 229.94 W, 31, 2032 MHz, 3996 MHz, 0 %, 0 %
2026/09/20 16:03:48.777, 4, 182.56 W, 35, 120 MHz, 3996 MHz, 0 %, 0 %
2026/09/20 16:03:48.777, 5, 179.47 W, 32, 120 MHz, 3996 MHz, 0 %, 0 %
2026/09/20 16:03:48.777, 6, 180.17 W, 29, 120 MHz, 3996 MHz, 0 %, 0 %
2026/09/20 16:03:48.777, 7, 182.13 W, 29, 120 MHz, 3996 MHz, 0 %, 0 %
2026/09/20 16:03:49.777, 0, 231.99 W, 36, 2032 MHz, 3996 MHz, 0 %, 0 %
2026/09/20 16:03:49.777, 1, 235.77 W, 38, 2032 MHz, 3996 MHz, 1 %, 0 %
2026/09/20 16:03:49.777, 2, 226.18 W, 31, 2032 MHz, 3996 MHz, 1 %, 0 %
2026/09/20 16:03:49.777, 3, 230.16 W, 31, 2032 MHz, 3996 MHz, 1 %, 0 %
2026/09/20 16:03:49.777, 4, 182.64 W, 35, 120 MHz, 3996 MHz, 0 %, 0 %
2026/09/20 16:03:49.777, 5, 179.46 W, 32, 120 MHz, 3996 MHz, 0 %, 0 %
2026/09/20 16:03:49.777, 6, 180.17 W, 29, 120 MHz, 3996 MHz, 0 %, 0 %
2026/09/20 16:03:49.777, 7, 182.13 W, 29, 120 MHz, 3996 MHz, 0 %, 0 %
2026/09/20 16:03:50.778, 0, 232.00 W, 36, 2032 MHz, 3996 MHz, 0 %, 0 %
2026/09/20 16:03:50.778, 1, 235.77 W, 38, 2032 MHz, 3996 MHz, 0 %, 0 %
2026/09/20 16:03:50.778, 2, 226.05 W, 31, 2032 MHz, 3996 MHz, 0 %, 0 %
2026/09/20 16:03:50.778, 3, 230.37 W, 31, 2032 MHz, 3996 MHz, 0 %, 0 %
2026/09/20 16:03:50.778, 4, 182.62 W, 35, 120 MHz, 3996 MHz, 0 %, 0 %
2026/09/20 16:03:50.778, 5, 179.46 W, 32, 120 MHz, 3996 MHz, 0 %, 0 %
2026/09/20 16:03:50.778, 6, 180.17 W, 29, 120 MHz, 3996 MHz, 0 %, 0 %
2026/09/20 16:03:50.778, 7, 182.13 W, 29, 120 MHz, 3996 MHz, 0 %, 0 %
2026/09/20 16:03:51.778, 0, 231.83 W, 36, 2032 MHz, 3996 MHz, 0 %, 0 %
2026/09/20 16:03:51.778, 1, 235.38 W, 38, 2032 MHz, 3996 MHz, 0 %, 0 %
2026/09/20 16:03:51.778, 2, 225.98 W, 31, 2032 MHz, 3996 MHz, 0 %, 0 %
2026/09/20 16:03:51.778, 3, 230.20 W, 31, 2032 MHz, 3996 MHz, 0 %, 0 %
2026/09/20 16:03:51.778, 4, 182.83 W, 35, 120 MHz, 3996 MHz, 0 %, 0 %
2026/09/20 16:03:51.778, 5, 179.47 W, 32, 120 MHz, 3996 MHz, 0 %, 0 %
2026/09/20 16:03:51.778, 6, 180.17 W, 29, 120 MHz, 3996 MHz, 0 %, 0 %
2026/09/20 16:03:51.778, 7, 182.13 W, 29, 120 MHz, 3996 MHz, 0 %, 0 %
2026/09/20 16:03:52.778, 0, 231.87 W, 36, 2032 MHz, 3996 MHz, 0 %, 0 %
2026/09/20 16:03:52.778, 1, 235.84 W, 38, 2032 MHz, 3996 MHz, 0 %, 0 %
2026/09/20 16:03:52.778, 2, 225.98 W, 31, 2032 MHz, 3996 MHz, 0 %, 0 %
2026/09/20 16:03:52.778, 3, 230.22 W, 31, 2032 MHz, 3996 MHz, 0 %, 0 %
2026/09/20 16:03:52.778, 4, 182.62 W, 35, 120 MHz, 3996 MHz, 0 %, 0 %
2026/09/20 16:03:52.778, 5, 179.47 W, 32, 120 MHz, 3996 MHz, 0 %, 0 %
2026/09/20 16:03:52.778, 6, 180.17 W, 29, 120 MHz, 3996 MHz, 0 %, 0 %
2026/09/20 16:03:52.778, 7, 182.13 W, 29, 120 MHz, 3996 MHz, 0 %, 0 %
2026/09/20 16:03:53.778, 0, 254.28 W, 37, 2032 MHz, 3996 MHz, 37 %, 22 %
2026/09/20 16:03:53.778, 1, 256.13 W, 39, 2032 MHz, 3996 MHz, 42 %, 24 %
2026/09/20 16:03:53.778, 2, 246.85 W, 32, 2032 MHz, 3996 MHz, 16 %, 7 %
2026/09/20 16:03:53.778, 3, 251.99 W, 31, 2032 MHz, 3996 MHz, 26 %, 14 %
2026/09/20 16:03:53.779, 4, 182.75 W, 35, 120 MHz, 3996 MHz, 0 %, 0 %
2026/09/20 16:03:53.779, 5, 179.47 W, 32, 120 MHz, 3996 MHz, 0 %, 0 %
2026/09/20 16:03:53.779, 6, 180.17 W, 29, 120 MHz, 3996 MHz, 0 %, 0 %
2026/09/20 16:03:53.779, 7, 182.13 W, 29, 120 MHz, 3996 MHz, 0 %, 0 %
2026/09/20 16:03:54.779, 0, 234.40 W, 37, 2032 MHz, 3996 MHz, 0 %, 0 %
2026/09/20 16:03:54.779, 1, 237.79 W, 38, 2032 MHz, 3996 MHz, 0 %, 0 %
2026/09/20 16:03:54.779, 2, 227.28 W, 31, 2032 MHz, 3996 MHz, 10 %, 0 %
2026/09/20 16:03:54.779, 3, 231.60 W, 31, 2032 MHz, 3996 MHz, 0 %, 0 %
2026/09/20 16:03:54.779, 4, 182.98 W, 35, 120 MHz, 3996 MHz, 0 %, 0 %
2026/09/20 16:03:54.779, 5, 179.47 W, 32, 120 MHz, 3996 MHz, 0 %, 0 %
2026/09/20 16:03:54.779, 6, 180.17 W, 29, 120 MHz, 3996 MHz, 0 %, 0 %
2026/09/20 16:03:54.779, 7, 182.13 W, 29, 120 MHz, 3996 MHz, 0 %, 0 %
2026/09/20 16:03:55.779, 0, 233.24 W, 36, 2032 MHz, 3996 MHz, 0 %, 0 %
2026/09/20 16:03:55.779, 1, 235.88 W, 38, 2032 MHz, 3996 MHz, 0 %, 0 %
2026/09/20 16:03:55.779, 2, 226.75 W, 31, 2032 MHz, 3996 MHz, 0 %, 0 %
2026/09/20 16:03:55.779, 3, 231.51 W, 31, 2032 MHz, 3996 MHz, 0 %, 0 %
2026/09/20 16:03:55.779, 4, 182.70 W, 35, 120 MHz, 3996 MHz, 0 %, 0 %
2026/09/20 16:03:55.779, 5, 179.47 W, 32, 120 MHz, 3996 MHz, 0 %, 0 %
2026/09/20 16:03:55.779, 6, 180.17 W, 29, 120 MHz, 3996 MHz, 0 %, 0 %
2026/09/20 16:03:55.779, 7, 182.13 W, 29, 120 MHz, 3996 MHz, 0 %, 0 %
2026/09/20 16:03:56.779, 0, 233.24 W, 37, 2032 MHz, 3996 MHz, 0 %, 0 %
2026/09/20 16:03:56.779, 1, 235.88 W, 38, 2032 MHz, 3996 MHz, 0 %, 0 %
2026/09/20 16:03:56.779, 2, 226.41 W, 31, 2032 MHz, 3996 MHz, 0 %, 0 %
2026/09/20 16:03:56.779, 3, 231.19 W, 31, 2032 MHz, 3996 MHz, 0 %, 0 %
2026/09/20 16:03:56.779, 4, 182.67 W, 35, 120 MHz, 3996 MHz, 0 %, 0 %
2026/09/20 16:03:56.779, 5, 179.47 W, 32, 120 MHz, 3996 MHz, 0 %, 0 %
2026/09/20 16:03:56.779, 6, 180.17 W, 29, 120 MHz, 3996 MHz, 0 %, 0 %
2026/09/20 16:03:56.780, 7, 182.13 W, 29, 120 MHz, 3996 MHz, 0 %, 0 %
2026/09/20 16:03:57.780, 0, 233.15 W, 36, 2032 MHz, 3996 MHz, 0 %, 0 %
2026/09/20 16:03:57.780, 1, 235.88 W, 38, 2032 MHz, 3996 MHz, 0 %, 0 %
2026/09/20 16:03:57.780, 2, 226.37 W, 31, 2032 MHz, 3996 MHz, 0 %, 0 %
2026/09/20 16:03:57.780, 3, 231.37 W, 31, 2032 MHz, 3996 MHz, 0 %, 0 %
2026/09/20 16:03:57.780, 4, 182.90 W, 35, 120 MHz, 3996 MHz, 0 %, 0 %
2026/09/20 16:03:57.780, 5, 179.47 W, 32, 120 MHz, 3996 MHz, 0 %, 0 %
2026/09/20 16:03:57.780, 6, 180.17 W, 29, 120 MHz, 3996 MHz, 0 %, 0 %
2026/09/20 16:03:57.780, 7, 182.13 W, 29, 120 MHz, 3996 MHz, 0 %, 0 %
2026/09/20 16:03:58.780, 0, 233.04 W, 36, 2032 MHz, 3996 MHz, 0 %, 0 %
2026/09/20 16:03:58.780, 1, 235.88 W, 38, 2032 MHz, 3996 MHz, 0 %, 0 %
2026/09/20 16:03:58.780, 2, 226.45 W, 31, 2032 MHz, 3996 MHz, 0 %, 0 %
2026/09/20 16:03:58.780, 3, 231.34 W, 31, 2032 MHz, 3996 MHz, 0 %, 0 %
2026/09/20 16:03:58.780, 4, 182.56 W, 35, 120 MHz, 3996 MHz, 0 %, 0 %
2026/09/20 16:03:58.780, 5, 179.47 W, 32, 120 MHz, 3996 MHz, 0 %, 0 %
2026/09/20 16:03:58.780, 6, 180.17 W, 29, 120 MHz, 3996 MHz, 0 %, 0 %
2026/09/20 16:03:58.780, 7, 182.13 W, 29, 120 MHz, 3996 MHz, 0 %, 0 %
2026/09/20 16:03:59.780, 0, 233.17 W, 36, 2032 MHz, 3996 MHz, 0 %, 0 %
2026/09/20 16:03:59.780, 1, 235.88 W, 38, 2032 MHz, 3996 MHz, 0 %, 0 %
2026/09/20 16:03:59.780, 2, 226.29 W, 31, 2032 MHz, 3996 MHz, 0 %, 0 %
2026/09/20 16:03:59.780, 3, 231.46 W, 31, 2032 MHz, 3996 MHz, 0 %, 0 %
2026/09/20 16:03:59.780, 4, 182.58 W, 35, 120 MHz, 3996 MHz, 0 %, 0 %
2026/09/20 16:03:59.780, 5, 179.47 W, 32, 120 MHz, 3996 MHz, 0 %, 0 %
2026/09/20 16:03:59.780, 6, 180.17 W, 29, 120 MHz, 3996 MHz, 0 %, 0 %
2026/09/20 16:03:59.780, 7, 182.13 W, 29, 120 MHz, 3996 MHz, 0 %, 0 %
2026/09/20 16:04:00.780, 0, 232.69 W, 36, 2032 MHz, 3996 MHz, 0 %, 0 %
2026/09/20 16:04:00.780, 1, 236.15 W, 38, 2032 MHz, 3996 MHz, 0 %, 0 %
2026/09/20 16:04:00.780, 2, 226.52 W, 31, 2032 MHz, 3996 MHz, 0 %, 0 %
2026/09/20 16:04:00.780, 3, 230.88 W, 31, 2032 MHz, 3996 MHz, 0 %, 0 %
2026/09/20 16:04:00.780, 4, 182.63 W, 35, 120 MHz, 3996 MHz, 0 %, 0 %
2026/09/20 16:04:00.781, 5, 179.47 W, 32, 120 MHz, 3996 MHz, 0 %, 0 %
2026/09/20 16:04:00.781, 6, 180.17 W, 29, 120 MHz, 3996 MHz, 0 %, 0 %
2026/09/20 16:04:00.781, 7, 182.13 W, 29, 120 MHz, 3996 MHz, 0 %, 0 %
2026/09/20 16:04:01.781, 0, 231.95 W, 36, 2032 MHz, 3996 MHz, 0 %, 0 %
2026/09/20 16:04:01.781, 1, 235.54 W, 38, 2032 MHz, 3996 MHz, 0 %, 0 %
2026/09/20 16:04:01.781, 2, 226.02 W, 31, 2032 MHz, 3996 MHz, 0 %, 0 %
2026/09/20 16:04:01.781, 3, 230.13 W, 31, 2032 MHz, 3996 MHz, 0 %, 0 %
2026/09/20 16:04:01.781, 4, 182.97 W, 35, 120 MHz, 3996 MHz, 0 %, 0 %
2026/09/20 16:04:01.781, 5, 179.47 W, 32, 120 MHz, 3996 MHz, 0 %, 0 %
2026/09/20 16:04:01.781, 6, 180.17 W, 29, 120 MHz, 3996 MHz, 0 %, 0 %
2026/09/20 16:04:01.781, 7, 182.13 W, 29, 120 MHz, 3996 MHz, 0 %, 0 %
2026/09/20 16:04:02.781, 0, 232.25 W, 36, 2032 MHz, 3996 MHz, 0 %, 0 %
2026/09/20 16:04:02.781, 1, 235.65 W, 38, 2032 MHz, 3996 MHz, 0 %, 0 %
2026/09/20 16:04:02.781, 2, 226.13 W, 31, 2032 MHz, 3996 MHz, 0 %, 0 %
2026/09/20 16:04:02.781, 3, 230.24 W, 31, 2032 MHz, 3996 MHz, 0 %, 0 %
2026/09/20 16:04:02.781, 4, 182.75 W, 35, 120 MHz, 3996 MHz, 0 %, 0 %
2026/09/20 16:04:02.781, 5, 179.46 W, 32, 120 MHz, 3996 MHz, 0 %, 0 %
2026/09/20 16:04:02.781, 6, 180.17 W, 29, 120 MHz, 3996 MHz, 0 %, 0 %
2026/09/20 16:04:02.781, 7, 182.13 W, 29, 120 MHz, 3996 MHz, 0 %, 0 %
2026/09/20 16:04:03.781, 0, 232.30 W, 36, 2032 MHz, 3996 MHz, 0 %, 0 %
2026/09/20 16:04:03.781, 1, 235.73 W, 38, 2032 MHz, 3996 MHz, 0 %, 0 %
2026/09/20 16:04:03.781, 2, 226.21 W, 31, 2032 MHz, 3996 MHz, 0 %, 0 %
2026/09/20 16:04:03.781, 3, 230.11 W, 31, 2032 MHz, 3996 MHz, 0 %, 0 %
2026/09/20 16:04:03.781, 4, 182.78 W, 35, 120 MHz, 3996 MHz, 0 %, 0 %
2026/09/20 16:04:03.781, 5, 179.46 W, 32, 120 MHz, 3996 MHz, 0 %, 0 %
2026/09/20 16:04:03.781, 6, 180.17 W, 29, 120 MHz, 3996 MHz, 0 %, 0 %
2026/09/20 16:04:03.781, 7, 182.13 W, 29, 120 MHz, 3996 MHz, 0 %, 0 %
2026/09/20 16:04:04.781, 0, 231.91 W, 36, 2032 MHz, 3996 MHz, 0 %, 0 %
2026/09/20 16:04:04.781, 1, 235.65 W, 38, 2032 MHz, 3996 MHz, 0 %, 0 %
2026/09/20 16:04:04.782, 2, 225.98 W, 31, 2032 MHz, 3996 MHz, 0 %, 0 %
2026/09/20 16:04:04.782, 3, 229.99 W, 31, 2032 MHz, 3996 MHz, 0 %, 0 %
2026/09/20 16:04:04.782, 4, 182.78 W, 35, 120 MHz, 3996 MHz, 0 %, 0 %
2026/09/20 16:04:04.782, 5, 179.47 W, 32, 120 MHz, 3996 MHz, 0 %, 0 %
2026/09/20 16:04:04.782, 6, 180.17 W, 29, 120 MHz, 3996 MHz, 0 %, 0 %
2026/09/20 16:04:04.782, 7, 182.13 W, 29, 120 MHz, 3996 MHz, 0 %, 0 %
2026/09/20 16:04:05.782, 0, 232.10 W, 36, 2032 MHz, 3996 MHz, 0 %, 0 %
2026/09/20 16:04:05.782, 1, 236.08 W, 38, 2032 MHz, 3996 MHz, 0 %, 0 %
2026/09/20 16:04:05.782, 2, 226.44 W, 31, 2032 MHz, 3996 MHz, 0 %, 0 %
2026/09/20 16:04:05.782, 3, 230.40 W, 31, 2032 MHz, 3996 MHz, 0 %, 0 %
2026/09/20 16:04:05.782, 4, 182.97 W, 35, 120 MHz, 3996 MHz, 0 %, 0 %
2026/09/20 16:04:05.782, 5, 179.47 W, 32, 120 MHz, 3996 MHz, 0 %, 0 %
2026/09/20 16:04:05.782, 6, 180.17 W, 29, 120 MHz, 3996 MHz, 0 %, 0 %
2026/09/20 16:04:05.782, 7, 182.13 W, 29, 120 MHz, 3996 MHz, 0 %, 0 %
2026/09/20 16:04:06.782, 0, 231.87 W, 36, 2032 MHz, 3996 MHz, 0 %, 0 %
2026/09/20 16:04:06.782, 1, 235.65 W, 38, 2032 MHz, 3996 MHz, 0 %, 0 %
2026/09/20 16:04:06.782, 2, 225.99 W, 31, 2032 MHz, 3996 MHz, 0 %, 0 %
2026/09/20 16:04:06.782, 3, 229.79 W, 31, 2032 MHz, 3996 MHz, 0 %, 0 %
2026/09/20 16:04:06.782, 4, 183.02 W, 35, 120 MHz, 3996 MHz, 0 %, 0 %
2026/09/20 16:04:06.782, 5, 179.46 W, 32, 120 MHz, 3996 MHz, 0 %, 0 %
2026/09/20 16:04:06.782, 6, 180.17 W, 29, 120 MHz, 3996 MHz, 0 %, 0 %
2026/09/20 16:04:06.782, 7, 182.13 W, 29, 120 MHz, 3996 MHz, 0 %, 0 %
2026/09/20 16:04:07.782, 0, 232.91 W, 37, 2032 MHz, 3996 MHz, 0 %, 0 %
2026/09/20 16:04:07.782, 1, 236.82 W, 38, 2032 MHz, 3996 MHz, 0 %, 0 %
2026/09/20 16:04:07.782, 2, 227.15 W, 31, 2032 MHz, 3996 MHz, 0 %, 0 %
2026/09/20 16:04:07.782, 3, 230.53 W, 31, 2032 MHz, 3996 MHz, 0 %, 0 %
2026/09/20 16:04:07.782, 4, 182.70 W, 35, 120 MHz, 3996 MHz, 0 %, 0 %
2026/09/20 16:04:07.782, 5, 179.47 W, 32, 120 MHz, 3996 MHz, 0 %, 0 %
2026/09/20 16:04:07.782, 6, 180.17 W, 29, 120 MHz, 3996 MHz, 0 %, 0 %
2026/09/20 16:04:07.782, 7, 182.13 W, 29, 120 MHz, 3996 MHz, 0 %, 0 %
2026/09/20 16:04:08.783, 0, 232.18 W, 37, 2032 MHz, 3996 MHz, 0 %, 0 %
2026/09/20 16:04:08.783, 1, 236.11 W, 38, 2032 MHz, 3996 MHz, 0 %, 0 %
2026/09/20 16:04:08.783, 2, 226.44 W, 31, 2032 MHz, 3996 MHz, 0 %, 0 %
2026/09/20 16:04:08.783, 3, 230.18 W, 31, 2032 MHz, 3996 MHz, 0 %, 0 %
2026/09/20 16:04:08.783, 4, 182.86 W, 35, 120 MHz, 3996 MHz, 0 %, 0 %
2026/09/20 16:04:08.783, 5, 179.47 W, 32, 120 MHz, 3996 MHz, 0 %, 0 %
2026/09/20 16:04:08.783, 6, 180.17 W, 29, 120 MHz, 3996 MHz, 0 %, 0 %
2026/09/20 16:04:08.783, 7, 182.13 W, 29, 120 MHz, 3996 MHz, 0 %, 0 %
2026/09/20 16:04:09.783, 0, 231.83 W, 36, 2032 MHz, 3996 MHz, 0 %, 0 %
2026/09/20 16:04:09.783, 1, 235.80 W, 38, 2032 MHz, 3996 MHz, 0 %, 0 %
2026/09/20 16:04:09.783, 2, 226.03 W, 31, 2032 MHz, 3996 MHz, 0 %, 0 %
2026/09/20 16:04:09.783, 3, 229.87 W, 31, 2032 MHz, 3996 MHz, 0 %, 0 %
2026/09/20 16:04:09.783, 4, 182.94 W, 35, 120 MHz, 3996 MHz, 0 %, 0 %
2026/09/20 16:04:09.783, 5, 179.47 W, 32, 120 MHz, 3996 MHz, 0 %, 0 %
2026/09/20 16:04:09.783, 6, 180.17 W, 29, 120 MHz, 3996 MHz, 0 %, 0 %
2026/09/20 16:04:09.783, 7, 182.13 W, 29, 120 MHz, 3996 MHz, 0 %, 0 %
2026/09/20 16:04:10.783, 0, 232.40 W, 37, 2032 MHz, 3996 MHz, 0 %, 0 %
2026/09/20 16:04:10.783, 1, 236.00 W, 38, 2032 MHz, 3996 MHz, 0 %, 0 %
2026/09/20 16:04:10.783, 2, 226.32 W, 31, 2032 MHz, 3996 MHz, 0 %, 0 %
2026/09/20 16:04:10.783, 3, 230.17 W, 31, 2032 MHz, 3996 MHz, 0 %, 0 %
2026/09/20 16:04:10.783, 4, 182.74 W, 35, 120 MHz, 3996 MHz, 0 %, 0 %
2026/09/20 16:04:10.783, 5, 179.46 W, 32, 120 MHz, 3996 MHz, 0 %, 0 %
2026/09/20 16:04:10.783, 6, 180.17 W, 29, 120 MHz, 3996 MHz, 0 %, 0 %
2026/09/20 16:04:10.783, 7, 182.13 W, 29, 120 MHz, 3996 MHz, 0 %, 0 %
2026/09/20 16:04:11.783, 0, 231.87 W, 36, 2032 MHz, 3996 MHz, 0 %, 0 %
2026/09/20 16:04:11.783, 1, 235.73 W, 38, 2032 MHz, 3996 MHz, 0 %, 0 %
2026/09/20 16:04:11.783, 2, 225.99 W, 31, 2032 MHz, 3996 MHz, 0 %, 0 %
2026/09/20 16:04:11.783, 3, 230.06 W, 31, 2032 MHz, 3996 MHz, 0 %, 0 %
2026/09/20 16:04:11.784, 4, 183.09 W, 35, 120 MHz, 3996 MHz, 0 %, 0 %
2026/09/20 16:04:11.784, 5, 179.47 W, 32, 120 MHz, 3996 MHz, 0 %, 0 %
2026/09/20 16:04:11.784, 6, 180.17 W, 29, 120 MHz, 3996 MHz, 0 %, 0 %
2026/09/20 16:04:11.784, 7, 182.13 W, 29, 120 MHz, 3996 MHz, 0 %, 0 %
2026/09/20 16:04:12.784, 0, 233.08 W, 37, 2032 MHz, 3996 MHz, 0 %, 0 %
2026/09/20 16:04:12.784, 1, 236.82 W, 38, 2032 MHz, 3996 MHz, 0 %, 0 %
2026/09/20 16:04:12.784, 2, 226.93 W, 31, 2032 MHz, 3996 MHz, 0 %, 0 %
2026/09/20 16:04:12.784, 3, 230.60 W, 31, 2032 MHz, 3996 MHz, 0 %, 0 %
2026/09/20 16:04:12.784, 4, 182.71 W, 35, 120 MHz, 3996 MHz, 0 %, 0 %
2026/09/20 16:04:12.784, 5, 179.46 W, 32, 120 MHz, 3996 MHz, 0 %, 0 %
2026/09/20 16:04:12.784, 6, 180.17 W, 29, 120 MHz, 3996 MHz, 0 %, 0 %
2026/09/20 16:04:12.784, 7, 182.13 W, 29, 120 MHz, 3996 MHz, 0 %, 0 %
2026/09/20 16:04:13.784, 0, 231.83 W, 36, 2032 MHz, 3996 MHz, 0 %, 0 %
2026/09/20 16:04:13.784, 1, 235.57 W, 38, 2032 MHz, 3996 MHz, 0 %, 0 %
2026/09/20 16:04:13.784, 2, 226.10 W, 31, 2032 MHz, 3996 MHz, 0 %, 0 %
2026/09/20 16:04:13.784, 3, 229.83 W, 31, 2032 MHz, 3996 MHz, 0 %, 0 %
2026/09/20 16:04:13.784, 4, 182.94 W, 35, 120 MHz, 3996 MHz, 0 %, 0 %
2026/09/20 16:04:13.784, 5, 179.47 W, 32, 120 MHz, 3996 MHz, 0 %, 0 %
2026/09/20 16:04:13.784, 6, 180.17 W, 29, 120 MHz, 3996 MHz, 0 %, 0 %
2026/09/20 16:04:13.784, 7, 182.13 W, 29, 120 MHz, 3996 MHz, 0 %, 0 %
2026/09/20 16:04:14.784, 0, 232.55 W, 36, 2032 MHz, 3996 MHz, 0 %, 0 %
2026/09/20 16:04:14.784, 1, 236.18 W, 38, 2032 MHz, 3996 MHz, 0 %, 0 %
2026/09/20 16:04:14.784, 2, 226.39 W, 31, 2032 MHz, 3996 MHz, 0 %, 0 %
2026/09/20 16:04:14.784, 3, 230.10 W, 31, 2032 MHz, 3996 MHz, 0 %, 0 %
2026/09/20 16:04:14.784, 4, 183.01 W, 35, 120 MHz, 3996 MHz, 0 %, 0 %
2026/09/20 16:04:14.784, 5, 179.47 W, 32, 120 MHz, 3996 MHz, 0 %, 0 %
2026/09/20 16:04:14.784, 6, 180.17 W, 29, 120 MHz, 3996 MHz, 0 %, 0 %
2026/09/20 16:04:14.784, 7, 182.13 W, 29, 120 MHz, 3996 MHz, 0 %, 0 %
2026/09/20 16:04:15.785, 0, 232.22 W, 37, 2032 MHz, 3996 MHz, 0 %, 0 %
2026/09/20 16:04:15.785, 1, 235.73 W, 38, 2032 MHz, 3996 MHz, 0 %, 0 %
2026/09/20 16:04:15.785, 2, 225.99 W, 31, 2032 MHz, 3996 MHz, 0 %, 0 %
2026/09/20 16:04:15.785, 3, 230.06 W, 31, 2032 MHz, 3996 MHz, 0 %, 0 %
2026/09/20 16:04:15.785, 4, 182.82 W, 35, 120 MHz, 3996 MHz, 0 %, 0 %
2026/09/20 16:04:15.785, 5, 179.46 W, 32, 120 MHz, 3996 MHz, 0 %, 0 %
2026/09/20 16:04:15.785, 6, 180.17 W, 29, 120 MHz, 3996 MHz, 0 %, 0 %
2026/09/20 16:04:15.785, 7, 182.13 W, 29, 120 MHz, 3996 MHz, 0 %, 0 %
2026/09/20 16:04:16.785, 0, 232.40 W, 37, 2032 MHz, 3996 MHz, 0 %, 0 %
2026/09/20 16:04:16.785, 1, 236.11 W, 38, 2032 MHz, 3996 MHz, 0 %, 0 %
2026/09/20 16:04:16.785, 2, 226.45 W, 31, 2032 MHz, 3996 MHz, 0 %, 0 %
2026/09/20 16:04:16.785, 3, 230.11 W, 31, 2032 MHz, 3996 MHz, 0 %, 0 %
2026/09/20 16:04:16.785, 4, 183.02 W, 35, 120 MHz, 3996 MHz, 0 %, 0 %
2026/09/20 16:04:16.785, 5, 179.47 W, 32, 120 MHz, 3996 MHz, 0 %, 0 %
2026/09/20 16:04:16.785, 6, 180.17 W, 29, 120 MHz, 3996 MHz, 0 %, 0 %
2026/09/20 16:04:16.785, 7, 182.13 W, 29, 120 MHz, 3996 MHz, 0 %, 0 %
2026/09/20 16:04:17.785, 0, 233.12 W, 37, 2032 MHz, 3996 MHz, 16 %, 2 %
2026/09/20 16:04:17.785, 1, 237.27 W, 38, 2032 MHz, 3996 MHz, 16 %, 2 %
2026/09/20 16:04:17.785, 2, 227.41 W, 31, 2032 MHz, 3996 MHz, 0 %, 0 %
2026/09/20 16:04:17.785, 3, 230.46 W, 31, 2032 MHz, 3996 MHz, 0 %, 0 %
2026/09/20 16:04:17.785, 4, 182.79 W, 35, 120 MHz, 3996 MHz, 0 %, 0 %
2026/09/20 16:04:17.785, 5, 179.47 W, 32, 120 MHz, 3996 MHz, 0 %, 0 %
2026/09/20 16:04:17.785, 6, 180.17 W, 29, 120 MHz, 3996 MHz, 0 %, 0 %
2026/09/20 16:04:17.785, 7, 182.13 W, 29, 120 MHz, 3996 MHz, 0 %, 0 %
2026/09/20 16:04:18.785, 0, 231.95 W, 36, 2032 MHz, 3996 MHz, 0 %, 0 %
2026/09/20 16:04:18.785, 1, 235.76 W, 38, 2032 MHz, 3996 MHz, 0 %, 0 %
2026/09/20 16:04:18.785, 2, 225.99 W, 31, 2032 MHz, 3996 MHz, 0 %, 0 %
2026/09/20 16:04:18.785, 3, 229.80 W, 31, 2032 MHz, 3996 MHz, 0 %, 0 %
2026/09/20 16:04:18.786, 4, 183.01 W, 35, 120 MHz, 3996 MHz, 0 %, 0 %
2026/09/20 16:04:18.786, 5, 179.46 W, 32, 120 MHz, 3996 MHz, 0 %, 0 %
2026/09/20 16:04:18.786, 6, 180.17 W, 29, 120 MHz, 3996 MHz, 0 %, 0 %
2026/09/20 16:04:18.786, 7, 182.13 W, 29, 120 MHz, 3996 MHz, 0 %, 0 %
2026/09/20 16:04:19.786, 0, 232.49 W, 37, 2032 MHz, 3996 MHz, 0 %, 0 %
2026/09/20 16:04:19.786, 1, 236.11 W, 38, 2032 MHz, 3996 MHz, 0 %, 0 %
2026/09/20 16:04:19.786, 2, 226.37 W, 31, 2032 MHz, 3996 MHz, 0 %, 0 %
2026/09/20 16:04:19.786, 3, 229.91 W, 31, 2032 MHz, 3996 MHz, 0 %, 0 %
2026/09/20 16:04:19.786, 4, 182.89 W, 35, 120 MHz, 3996 MHz, 0 %, 0 %
2026/09/20 16:04:19.786, 5, 179.47 W, 32, 120 MHz, 3996 MHz, 0 %, 0 %
2026/09/20 16:04:19.786, 6, 180.17 W, 29, 120 MHz, 3996 MHz, 0 %, 0 %
2026/09/20 16:04:19.786, 7, 182.13 W, 29, 120 MHz, 3996 MHz, 0 %, 0 %
2026/09/20 16:04:20.786, 0, 231.98 W, 37, 2032 MHz, 3996 MHz, 0 %, 0 %
2026/09/20 16:04:20.786, 1, 235.76 W, 38, 2032 MHz, 3996 MHz, 0 %, 0 %
2026/09/20 16:04:20.786, 2, 225.98 W, 31, 2032 MHz, 3996 MHz, 0 %, 0 %
2026/09/20 16:04:20.786, 3, 229.87 W, 31, 2032 MHz, 3996 MHz, 0 %, 0 %
2026/09/20 16:04:20.786, 4, 182.71 W, 35, 120 MHz, 3996 MHz, 0 %, 0 %
2026/09/20 16:04:20.786, 5, 179.46 W, 32, 120 MHz, 3996 MHz, 0 %, 0 %
2026/09/20 16:04:20.786, 6, 180.17 W, 29, 120 MHz, 3996 MHz, 0 %, 0 %
2026/09/20 16:04:20.786, 7, 182.13 W, 29, 120 MHz, 3996 MHz, 0 %, 0 %
2026/09/20 16:04:21.786, 0, 233.92 W, 37, 2032 MHz, 3996 MHz, 0 %, 0 %
2026/09/20 16:04:21.786, 1, 237.88 W, 38, 2032 MHz, 3996 MHz, 0 %, 0 %
2026/09/20 16:04:21.786, 2, 227.88 W, 31, 2032 MHz, 3996 MHz, 0 %, 0 %
2026/09/20 16:04:21.786, 3, 230.73 W, 31, 2032 MHz, 3996 MHz, 0 %, 0 %
2026/09/20 16:04:21.786, 4, 182.90 W, 35, 120 MHz, 3996 MHz, 0 %, 0 %
2026/09/20 16:04:21.786, 5, 179.47 W, 32, 120 MHz, 3996 MHz, 0 %, 0 %
2026/09/20 16:04:21.786, 6, 180.17 W, 29, 120 MHz, 3996 MHz, 0 %, 0 %
2026/09/20 16:04:21.786, 7, 182.13 W, 29, 120 MHz, 3996 MHz, 0 %, 0 %
2026/09/20 16:04:22.787, 0, 231.91 W, 36, 2032 MHz, 3996 MHz, 0 %, 0 %
2026/09/20 16:04:22.787, 1, 235.77 W, 38, 2032 MHz, 3996 MHz, 0 %, 0 %
2026/09/20 16:04:22.787, 2, 225.98 W, 31, 2032 MHz, 3996 MHz, 0 %, 0 %
2026/09/20 16:04:22.787, 3, 230.05 W, 31, 2032 MHz, 3996 MHz, 0 %, 0 %
2026/09/20 16:04:22.787, 4, 182.83 W, 35, 120 MHz, 3996 MHz, 0 %, 0 %
2026/09/20 16:04:22.787, 5, 179.47 W, 32, 120 MHz, 3996 MHz, 0 %, 0 %
2026/09/20 16:04:22.787, 6, 180.17 W, 29, 120 MHz, 3996 MHz, 0 %, 0 %
2026/09/20 16:04:22.787, 7, 182.13 W, 29, 120 MHz, 3996 MHz, 0 %, 0 %
2026/09/20 16:04:23.787, 0, 354.91 W, 42, 2032 MHz, 3996 MHz, 73 %, 23 %
2026/09/20 16:04:23.787, 1, 337.81 W, 42, 2032 MHz, 3996 MHz, 61 %, 18 %
2026/09/20 16:04:23.787, 2, 313.89 W, 35, 2032 MHz, 3996 MHz, 0 %, 0 %
2026/09/20 16:04:23.787, 3, 316.47 W, 33, 2032 MHz, 3996 MHz, 15 %, 4 %
2026/09/20 16:04:23.787, 4, 182.87 W, 35, 120 MHz, 3996 MHz, 0 %, 0 %
2026/09/20 16:04:23.787, 5, 179.46 W, 32, 120 MHz, 3996 MHz, 0 %, 0 %
2026/09/20 16:04:23.787, 6, 180.17 W, 29, 120 MHz, 3996 MHz, 0 %, 0 %
2026/09/20 16:04:23.787, 7, 182.13 W, 29, 120 MHz, 3996 MHz, 0 %, 0 %
2026/09/20 16:04:24.787, 0, 411.20 W, 38, 2032 MHz, 3996 MHz, 0 %, 0 %
2026/09/20 16:04:24.787, 1, 446.05 W, 39, 2032 MHz, 3996 MHz, 1 %, 0 %
2026/09/20 16:04:24.787, 2, 403.10 W, 32, 2032 MHz, 3996 MHz, 34 %, 1 %
2026/09/20 16:04:24.787, 3, 396.92 W, 32, 2032 MHz, 3996 MHz, 31 %, 0 %
2026/09/20 16:04:24.787, 4, 182.85 W, 35, 120 MHz, 3996 MHz, 0 %, 0 %
2026/09/20 16:04:24.787, 5, 179.47 W, 32, 120 MHz, 3996 MHz, 0 %, 0 %
2026/09/20 16:04:24.787, 6, 180.17 W, 29, 120 MHz, 3996 MHz, 0 %, 0 %
2026/09/20 16:04:24.787, 7, 182.13 W, 29, 120 MHz, 3996 MHz, 0 %, 0 %
2026/09/20 16:04:25.787, 0, 242.69 W, 37, 2032 MHz, 3996 MHz, 0 %, 0 %
2026/09/20 16:04:25.787, 1, 247.24 W, 38, 2032 MHz, 3996 MHz, 0 %, 0 %
2026/09/20 16:04:25.787, 2, 232.82 W, 32, 2032 MHz, 3996 MHz, 14 %, 1 %
2026/09/20 16:04:25.787, 3, 233.54 W, 31, 2032 MHz, 3996 MHz, 1 %, 0 %
2026/09/20 16:04:25.787, 4, 182.86 W, 35, 120 MHz, 3996 MHz, 0 %, 0 %
2026/09/20 16:04:25.787, 5, 179.46 W, 32, 120 MHz, 3996 MHz, 0 %, 0 %
2026/09/20 16:04:25.788, 6, 180.17 W, 29, 120 MHz, 3996 MHz, 0 %, 0 %
2026/09/20 16:04:25.788, 7, 182.13 W, 29, 120 MHz, 3996 MHz, 0 %, 0 %
2026/09/20 16:04:26.788, 0, 265.14 W, 37, 2032 MHz, 3996 MHz, 10 %, 1 %
2026/09/20 16:04:26.788, 1, 270.20 W, 39, 2032 MHz, 3996 MHz, 20 %, 1 %
2026/09/20 16:04:26.788, 2, 233.15 W, 32, 2032 MHz, 3996 MHz, 0 %, 0 %
2026/09/20 16:04:26.788, 3, 247.12 W, 32, 2032 MHz, 3996 MHz, 50 %, 0 %
2026/09/20 16:04:26.788, 4, 182.90 W, 35, 120 MHz, 3996 MHz, 0 %, 0 %
2026/09/20 16:04:26.788, 5, 179.47 W, 33, 120 MHz, 3996 MHz, 0 %, 0 %
2026/09/20 16:04:26.788, 6, 180.17 W, 29, 120 MHz, 3996 MHz, 0 %, 0 %
2026/09/20 16:04:26.788, 7, 182.13 W, 29, 120 MHz, 3996 MHz, 0 %, 0 %
2026/09/20 16:04:27.788, 0, 259.46 W, 37, 2032 MHz, 3996 MHz, 58 %, 2 %
2026/09/20 16:04:27.788, 1, 264.11 W, 39, 2032 MHz, 3996 MHz, 98 %, 2 %
2026/09/20 16:04:27.788, 2, 239.55 W, 32, 2032 MHz, 3996 MHz, 8 %, 2 %
2026/09/20 16:04:27.788, 3, 248.22 W, 31, 2032 MHz, 3996 MHz, 13 %, 2 %
2026/09/20 16:04:27.788, 4, 182.90 W, 35, 120 MHz, 3996 MHz, 0 %, 0 %
2026/09/20 16:04:27.788, 5, 179.47 W, 32, 120 MHz, 3996 MHz, 0 %, 0 %
2026/09/20 16:04:27.788, 6, 180.17 W, 29, 120 MHz, 3996 MHz, 0 %, 0 %
2026/09/20 16:04:27.788, 7, 182.13 W, 29, 120 MHz, 3996 MHz, 0 %, 0 %
2026/09/20 16:04:28.788, 0, 242.80 W, 37, 2032 MHz, 3996 MHz, 69 %, 2 %
2026/09/20 16:04:28.788, 1, 250.91 W, 39, 2032 MHz, 3996 MHz, 100 %, 2 %
2026/09/20 16:04:28.788, 2, 234.41 W, 32, 2032 MHz, 3996 MHz, 8 %, 2 %
2026/09/20 16:04:28.788, 3, 237.05 W, 31, 2032 MHz, 3996 MHz, 7 %, 2 %
2026/09/20 16:04:28.788, 4, 182.86 W, 35, 120 MHz, 3996 MHz, 0 %, 0 %
2026/09/20 16:04:28.788, 5, 179.46 W, 32, 120 MHz, 3996 MHz, 0 %, 0 %
2026/09/20 16:04:28.788, 6, 180.17 W, 29, 120 MHz, 3996 MHz, 0 %, 0 %
2026/09/20 16:04:28.788, 7, 182.13 W, 29, 120 MHz, 3996 MHz, 0 %, 0 %
2026/09/20 16:04:29.788, 0, 252.65 W, 37, 2032 MHz, 3996 MHz, 47 %, 2 %
2026/09/20 16:04:29.788, 1, 259.41 W, 39, 2032 MHz, 3996 MHz, 76 %, 2 %
2026/09/20 16:04:29.788, 2, 238.52 W, 32, 2032 MHz, 3996 MHz, 7 %, 2 %
2026/09/20 16:04:29.788, 3, 245.72 W, 31, 2032 MHz, 3996 MHz, 52 %, 2 %
2026/09/20 16:04:29.788, 4, 182.82 W, 35, 120 MHz, 3996 MHz, 0 %, 0 %
2026/09/20 16:04:29.789, 5, 179.47 W, 32, 120 MHz, 3996 MHz, 0 %, 0 %
2026/09/20 16:04:29.789, 6, 180.17 W, 29, 120 MHz, 3996 MHz, 0 %, 0 %
2026/09/20 16:04:29.789, 7, 182.13 W, 29, 120 MHz, 3996 MHz, 0 %, 0 %
2026/09/20 16:04:30.789, 0, 235.88 W, 37, 2032 MHz, 3996 MHz, 0 %, 0 %
2026/09/20 16:04:30.789, 1, 240.12 W, 38, 2032 MHz, 3996 MHz, 0 %, 0 %
2026/09/20 16:04:30.789, 2, 228.82 W, 31, 2032 MHz, 3996 MHz, 0 %, 0 %
2026/09/20 16:04:30.789, 3, 233.20 W, 31, 2032 MHz, 3996 MHz, 0 %, 0 %
2026/09/20 16:04:30.789, 4, 182.90 W, 35, 120 MHz, 3996 MHz, 0 %, 0 %
2026/09/20 16:04:30.789, 5, 179.47 W, 32, 120 MHz, 3996 MHz, 0 %, 0 %
2026/09/20 16:04:30.789, 6, 180.17 W, 29, 120 MHz, 3996 MHz, 0 %, 0 %
2026/09/20 16:04:30.789, 7, 182.13 W, 29, 120 MHz, 3996 MHz, 0 %, 0 %
2026/09/20 16:04:31.789, 0, 292.26 W, 38, 2032 MHz, 3996 MHz, 0 %, 0 %
2026/09/20 16:04:31.789, 1, 299.89 W, 39, 2032 MHz, 3996 MHz, 0 %, 0 %
2026/09/20 16:04:31.789, 2, 287.07 W, 32, 2032 MHz, 3996 MHz, 26 %, 3 %
2026/09/20 16:04:31.789, 3, 290.42 W, 32, 2032 MHz, 3996 MHz, 11 %, 1 %
2026/09/20 16:04:31.789, 4, 183.02 W, 35, 120 MHz, 3996 MHz, 0 %, 0 %
2026/09/20 16:04:31.789, 5, 179.47 W, 32, 120 MHz, 3996 MHz, 0 %, 0 %
2026/09/20 16:04:31.789, 6, 180.17 W, 29, 120 MHz, 3996 MHz, 0 %, 0 %
2026/09/20 16:04:31.789, 7, 182.13 W, 29, 120 MHz, 3996 MHz, 0 %, 0 %
2026/09/20 16:04:32.789, 0, 246.49 W, 37, 2032 MHz, 3996 MHz, 0 %, 0 %
2026/09/20 16:04:32.789, 1, 236.56 W, 38, 2032 MHz, 3996 MHz, 1 %, 0 %
2026/09/20 16:04:32.789, 2, 230.38 W, 32, 2032 MHz, 3996 MHz, 1 %, 0 %
2026/09/20 16:04:32.789, 3, 233.72 W, 31, 2032 MHz, 3996 MHz, 1 %, 0 %
2026/09/20 16:04:32.789, 4, 182.67 W, 35, 120 MHz, 3996 MHz, 0 %, 0 %
2026/09/20 16:04:32.789, 5, 179.46 W, 32, 120 MHz, 3996 MHz, 0 %, 0 %
2026/09/20 16:04:32.789, 6, 180.17 W, 29, 120 MHz, 3996 MHz, 0 %, 0 %
2026/09/20 16:04:32.789, 7, 182.13 W, 29, 120 MHz, 3996 MHz, 0 %, 0 %
2026/09/20 16:04:33.790, 0, 405.24 W, 39, 2032 MHz, 3996 MHz, 40 %, 28 %
2026/09/20 16:04:33.790, 1, 275.21 W, 39, 2032 MHz, 3996 MHz, 19 %, 8 %
2026/09/20 16:04:33.790, 2, 309.04 W, 33, 2032 MHz, 3996 MHz, 27 %, 15 %
2026/09/20 16:04:33.790, 3, 270.27 W, 32, 2032 MHz, 3996 MHz, 19 %, 8 %
2026/09/20 16:04:33.790, 4, 182.86 W, 35, 120 MHz, 3996 MHz, 0 %, 0 %
2026/09/20 16:04:33.790, 5, 179.47 W, 32, 120 MHz, 3996 MHz, 0 %, 0 %
2026/09/20 16:04:33.790, 6, 180.17 W, 29, 120 MHz, 3996 MHz, 0 %, 0 %
2026/09/20 16:04:33.790, 7, 182.13 W, 29, 120 MHz, 3996 MHz, 0 %, 0 %
2026/09/20 16:04:34.790, 0, 366.36 W, 38, 2032 MHz, 3996 MHz, 0 %, 0 %
2026/09/20 16:04:34.790, 1, 266.80 W, 39, 2032 MHz, 3996 MHz, 0 %, 0 %
2026/09/20 16:04:34.790, 2, 288.27 W, 32, 2032 MHz, 3996 MHz, 16 %, 8 %
2026/09/20 16:04:34.790, 3, 267.59 W, 32, 2032 MHz, 3996 MHz, 7 %, 3 %
2026/09/20 16:04:34.790, 4, 182.86 W, 35, 120 MHz, 3996 MHz, 0 %, 0 %
2026/09/20 16:04:34.790, 5, 179.47 W, 32, 120 MHz, 3996 MHz, 0 %, 0 %
2026/09/20 16:04:34.790, 6, 180.17 W, 29, 120 MHz, 3996 MHz, 0 %, 0 %
2026/09/20 16:04:34.790, 7, 182.13 W, 29, 120 MHz, 3996 MHz, 0 %, 0 %
2026/09/20 16:04:35.790, 0, 366.10 W, 39, 2032 MHz, 3996 MHz, 27 %, 17 %
2026/09/20 16:04:35.790, 1, 368.38 W, 40, 2032 MHz, 3996 MHz, 26 %, 17 %
2026/09/20 16:04:35.790, 2, 261.62 W, 32, 2032 MHz, 3996 MHz, 16 %, 7 %
2026/09/20 16:04:35.790, 3, 379.70 W, 33, 2032 MHz, 3996 MHz, 33 %, 23 %
2026/09/20 16:04:35.790, 4, 182.83 W, 35, 120 MHz, 3996 MHz, 0 %, 0 %
2026/09/20 16:04:35.790, 5, 179.47 W, 32, 120 MHz, 3996 MHz, 0 %, 0 %
2026/09/20 16:04:35.790, 6, 180.17 W, 29, 120 MHz, 3996 MHz, 0 %, 0 %
2026/09/20 16:04:35.790, 7, 182.13 W, 29, 120 MHz, 3996 MHz, 0 %, 0 %
2026/09/20 16:04:36.790, 0, 364.08 W, 39, 2032 MHz, 3996 MHz, 38 %, 24 %
2026/09/20 16:04:36.790, 1, 367.88 W, 40, 2032 MHz, 3996 MHz, 38 %, 25 %
2026/09/20 16:04:36.790, 2, 261.80 W, 32, 2032 MHz, 3996 MHz, 20 %, 8 %
2026/09/20 16:04:36.790, 3, 376.84 W, 34, 2032 MHz, 3996 MHz, 40 %, 28 %
2026/09/20 16:04:36.790, 4, 182.94 W, 35, 120 MHz, 3996 MHz, 0 %, 0 %
2026/09/20 16:04:36.791, 5, 179.47 W, 32, 120 MHz, 3996 MHz, 0 %, 0 %
2026/09/20 16:04:36.791, 6, 180.17 W, 29, 120 MHz, 3996 MHz, 0 %, 0 %
2026/09/20 16:04:36.791, 7, 182.13 W, 29, 120 MHz, 3996 MHz, 0 %, 0 %
2026/09/20 16:04:37.791, 0, 381.38 W, 39, 2032 MHz, 3996 MHz, 35 %, 25 %
2026/09/20 16:04:37.791, 1, 368.46 W, 40, 2032 MHz, 3996 MHz, 32 %, 22 %
2026/09/20 16:04:37.791, 2, 404.61 W, 34, 2032 MHz, 3996 MHz, 38 %, 30 %
2026/09/20 16:04:37.791, 3, 343.45 W, 33, 2032 MHz, 3996 MHz, 31 %, 19 %
2026/09/20 16:04:37.791, 4, 182.90 W, 35, 120 MHz, 3996 MHz, 0 %, 0 %
2026/09/20 16:04:37.791, 5, 179.46 W, 32, 120 MHz, 3996 MHz, 0 %, 0 %
2026/09/20 16:04:37.791, 6, 180.17 W, 29, 120 MHz, 3996 MHz, 0 %, 0 %
2026/09/20 16:04:37.791, 7, 182.13 W, 29, 120 MHz, 3996 MHz, 0 %, 0 %
2026/09/20 16:04:38.791, 0, 409.61 W, 40, 2032 MHz, 3996 MHz, 40 %, 28 %
2026/09/20 16:04:38.791, 1, 394.68 W, 41, 2032 MHz, 3996 MHz, 38 %, 26 %
2026/09/20 16:04:38.791, 2, 441.72 W, 35, 2032 MHz, 3996 MHz, 46 %, 36 %
2026/09/20 16:04:38.791, 3, 364.91 W, 34, 2032 MHz, 3996 MHz, 36 %, 23 %
2026/09/20 16:04:38.791, 4, 182.82 W, 35, 120 MHz, 3996 MHz, 0 %, 0 %
2026/09/20 16:04:38.791, 5, 179.47 W, 32, 120 MHz, 3996 MHz, 0 %, 0 %
2026/09/20 16:04:38.791, 6, 180.17 W, 29, 120 MHz, 3996 MHz, 0 %, 0 %
2026/09/20 16:04:38.791, 7, 182.13 W, 29, 120 MHz, 3996 MHz, 0 %, 0 %
2026/09/20 16:04:39.791, 0, 465.31 W, 41, 2032 MHz, 3996 MHz, 48 %, 38 %
2026/09/20 16:04:39.791, 1, 431.12 W, 41, 2032 MHz, 3996 MHz, 43 %, 32 %
2026/09/20 16:04:39.791, 2, 459.88 W, 35, 2032 MHz, 3996 MHz, 48 %, 39 %
2026/09/20 16:04:39.791, 3, 421.47 W, 35, 2032 MHz, 3996 MHz, 44 %, 33 %
2026/09/20 16:04:39.791, 4, 182.90 W, 35, 120 MHz, 3996 MHz, 0 %, 0 %
2026/09/20 16:04:39.791, 5, 179.47 W, 32, 120 MHz, 3996 MHz, 0 %, 0 %
2026/09/20 16:04:39.791, 6, 180.17 W, 29, 120 MHz, 3996 MHz, 0 %, 0 %
2026/09/20 16:04:39.791, 7, 182.13 W, 29, 120 MHz, 3996 MHz, 0 %, 0 %
2026/09/20 16:04:40.792, 0, 471.20 W, 41, 2032 MHz, 3996 MHz, 46 %, 37 %
2026/09/20 16:04:40.792, 1, 441.58 W, 42, 2032 MHz, 3996 MHz, 42 %, 32 %
2026/09/20 16:04:40.792, 2, 462.57 W, 35, 2032 MHz, 3996 MHz, 50 %, 39 %
2026/09/20 16:04:40.792, 3, 427.26 W, 35, 2032 MHz, 3996 MHz, 43 %, 33 %
2026/09/20 16:04:40.792, 4, 182.98 W, 35, 120 MHz, 3996 MHz, 0 %, 0 %
2026/09/20 16:04:40.792, 5, 179.47 W, 32, 120 MHz, 3996 MHz, 0 %, 0 %
2026/09/20 16:04:40.792, 6, 180.17 W, 29, 120 MHz, 3996 MHz, 0 %, 0 %
2026/09/20 16:04:40.792, 7, 182.13 W, 29, 120 MHz, 3996 MHz, 0 %, 0 %
2026/09/20 16:04:41.792, 0, 480.67 W, 41, 2032 MHz, 3996 MHz, 54 %, 45 %
2026/09/20 16:04:41.792, 1, 450.06 W, 42, 2032 MHz, 3996 MHz, 48 %, 39 %
2026/09/20 16:04:41.792, 2, 470.55 W, 36, 2032 MHz, 3996 MHz, 53 %, 44 %
2026/09/20 16:04:41.792, 3, 466.56 W, 36, 2032 MHz, 3996 MHz, 53 %, 44 %
2026/09/20 16:04:41.792, 4, 182.93 W, 35, 120 MHz, 3996 MHz, 0 %, 0 %
2026/09/20 16:04:41.792, 5, 179.47 W, 32, 120 MHz, 3996 MHz, 0 %, 0 %
2026/09/20 16:04:41.792, 6, 180.17 W, 29, 120 MHz, 3996 MHz, 0 %, 0 %
2026/09/20 16:04:41.792, 7, 182.13 W, 29, 120 MHz, 3996 MHz, 0 %, 0 %
2026/09/20 16:04:42.792, 0, 485.79 W, 41, 2032 MHz, 3996 MHz, 45 %, 38 %
2026/09/20 16:04:42.792, 1, 459.38 W, 42, 2032 MHz, 3996 MHz, 40 %, 33 %
2026/09/20 16:04:42.792, 2, 477.38 W, 36, 2032 MHz, 3996 MHz, 47 %, 39 %
2026/09/20 16:04:42.792, 3, 477.42 W, 36, 2032 MHz, 3996 MHz, 47 %, 39 %
2026/09/20 16:04:42.792, 4, 182.98 W, 35, 120 MHz, 3996 MHz, 0 %, 0 %
2026/09/20 16:04:42.792, 5, 179.47 W, 32, 120 MHz, 3996 MHz, 0 %, 0 %
2026/09/20 16:04:42.792, 6, 180.17 W, 29, 120 MHz, 3996 MHz, 0 %, 0 %
2026/09/20 16:04:42.792, 7, 182.13 W, 29, 120 MHz, 3996 MHz, 0 %, 0 %
2026/09/20 16:04:43.792, 0, 439.59 W, 40, 2032 MHz, 3996 MHz, 24 %, 19 %
2026/09/20 16:04:43.792, 1, 433.80 W, 41, 2032 MHz, 3996 MHz, 27 %, 21 %
2026/09/20 16:04:43.792, 2, 440.13 W, 35, 2032 MHz, 3996 MHz, 45 %, 38 %
2026/09/20 16:04:43.792, 3, 441.43 W, 34, 2032 MHz, 3996 MHz, 46 %, 38 %
2026/09/20 16:04:43.792, 4, 182.90 W, 35, 120 MHz, 3996 MHz, 0 %, 0 %
2026/09/20 16:04:43.792, 5, 179.46 W, 32, 120 MHz, 3996 MHz, 0 %, 0 %
2026/09/20 16:04:43.793, 6, 180.17 W, 29, 120 MHz, 3996 MHz, 0 %, 0 %
2026/09/20 16:04:43.793, 7, 182.13 W, 29, 120 MHz, 3996 MHz, 0 %, 0 %
2026/09/20 16:04:44.793, 0, 236.17 W, 38, 2032 MHz, 3996 MHz, 0 %, 0 %
2026/09/20 16:04:44.793, 1, 239.87 W, 39, 2032 MHz, 3996 MHz, 0 %, 0 %
2026/09/20 16:04:44.793, 2, 229.55 W, 33, 2032 MHz, 3996 MHz, 0 %, 0 %
2026/09/20 16:04:44.793, 3, 234.03 W, 33, 2032 MHz, 3996 MHz, 0 %, 0 %
2026/09/20 16:04:44.793, 4, 182.83 W, 35, 120 MHz, 3996 MHz, 0 %, 0 %
2026/09/20 16:04:44.793, 5, 179.46 W, 32, 120 MHz, 3996 MHz, 0 %, 0 %
2026/09/20 16:04:44.793, 6, 180.17 W, 29, 120 MHz, 3996 MHz, 0 %, 0 %
2026/09/20 16:04:44.793, 7, 182.13 W, 29, 120 MHz, 3996 MHz, 0 %, 0 %
2026/09/20 16:04:45.793, 0, 244.23 W, 39, 2032 MHz, 3996 MHz, 1 %, 0 %
2026/09/20 16:04:45.796, 1, 236.61 W, 39, 2032 MHz, 3996 MHz, 0 %, 0 %
2026/09/20 16:04:45.796, 2, 229.20 W, 33, 2032 MHz, 3996 MHz, 0 %, 0 %
2026/09/20 16:04:45.796, 3, 239.30 W, 33, 2032 MHz, 3996 MHz, 0 %, 0 %
2026/09/20 16:04:45.796, 4, 182.67 W, 35, 120 MHz, 3996 MHz, 0 %, 0 %
2026/09/20 16:04:45.796, 5, 179.47 W, 32, 120 MHz, 3996 MHz, 0 %, 0 %
2026/09/20 16:04:45.796, 6, 180.17 W, 29, 120 MHz, 3996 MHz, 0 %, 0 %
2026/09/20 16:04:45.796, 7, 182.13 W, 29, 120 MHz, 3996 MHz, 0 %, 0 %
2026/09/20 16:04:46.796, 0, 524.61 W, 42, 2032 MHz, 3996 MHz, 50 %, 45 %
2026/09/20 16:04:46.796, 1, 503.21 W, 43, 2032 MHz, 3996 MHz, 48 %, 42 %
2026/09/20 16:04:46.796, 2, 473.46 W, 36, 2032 MHz, 3996 MHz, 47 %, 40 %
2026/09/20 16:04:46.796, 3, 497.63 W, 36, 2032 MHz, 3996 MHz, 49 %, 42 %
2026/09/20 16:04:46.796, 4, 182.78 W, 35, 120 MHz, 3996 MHz, 0 %, 0 %
2026/09/20 16:04:46.796, 5, 179.47 W, 32, 120 MHz, 3996 MHz, 0 %, 0 %
2026/09/20 16:04:46.796, 6, 180.17 W, 29, 120 MHz, 3996 MHz, 0 %, 0 %
2026/09/20 16:04:46.796, 7, 182.13 W, 29, 120 MHz, 3996 MHz, 0 %, 0 %
2026/09/20 16:04:47.796, 0, 531.33 W, 42, 2032 MHz, 3996 MHz, 52 %, 46 %
2026/09/20 16:04:47.796, 1, 510.22 W, 43, 2032 MHz, 3996 MHz, 48 %, 42 %
2026/09/20 16:04:47.796, 2, 481.82 W, 36, 2032 MHz, 3996 MHz, 45 %, 39 %
2026/09/20 16:04:47.796, 3, 495.59 W, 37, 2032 MHz, 3996 MHz, 48 %, 42 %
2026/09/20 16:04:47.796, 4, 182.94 W, 35, 120 MHz, 3996 MHz, 0 %, 0 %
2026/09/20 16:04:47.796, 5, 179.47 W, 32, 120 MHz, 3996 MHz, 0 %, 0 %
2026/09/20 16:04:47.797, 6, 180.17 W, 29, 120 MHz, 3996 MHz, 0 %, 0 %
2026/09/20 16:04:47.797, 7, 182.13 W, 29, 120 MHz, 3996 MHz, 0 %, 0 %
2026/09/20 16:04:48.797, 0, 530.18 W, 42, 2032 MHz, 3996 MHz, 46 %, 40 %
2026/09/20 16:04:48.797, 1, 511.17 W, 44, 2032 MHz, 3996 MHz, 44 %, 38 %
2026/09/20 16:04:48.797, 2, 493.66 W, 37, 2032 MHz, 3996 MHz, 46 %, 39 %
2026/09/20 16:04:48.797, 3, 505.81 W, 37, 2032 MHz, 3996 MHz, 47 %, 42 %
2026/09/20 16:04:48.797, 4, 182.83 W, 35, 120 MHz, 3996 MHz, 0 %, 0 %
2026/09/20 16:04:48.797, 5, 179.47 W, 32, 120 MHz, 3996 MHz, 0 %, 0 %
2026/09/20 16:04:48.797, 6, 180.17 W, 29, 120 MHz, 3996 MHz, 0 %, 0 %
2026/09/20 16:04:48.797, 7, 182.13 W, 29, 120 MHz, 3996 MHz, 0 %, 0 %
2026/09/20 16:04:49.797, 0, 543.87 W, 43, 2032 MHz, 3996 MHz, 50 %, 44 %
2026/09/20 16:04:49.797, 1, 542.89 W, 44, 2032 MHz, 3996 MHz, 49 %, 43 %
2026/09/20 16:04:49.797, 2, 568.66 W, 38, 2032 MHz, 3996 MHz, 53 %, 47 %
2026/09/20 16:04:49.797, 3, 576.02 W, 38, 2032 MHz, 3996 MHz, 55 %, 49 %
2026/09/20 16:04:49.797, 4, 182.86 W, 35, 120 MHz, 3996 MHz, 0 %, 0 %
2026/09/20 16:04:49.797, 5, 179.47 W, 32, 120 MHz, 3996 MHz, 0 %, 0 %
2026/09/20 16:04:49.797, 6, 180.17 W, 29, 120 MHz, 3996 MHz, 0 %, 0 %
2026/09/20 16:04:49.797, 7, 182.13 W, 29, 120 MHz, 3996 MHz, 0 %, 0 %
2026/09/20 16:04:50.797, 0, 504.60 W, 43, 2032 MHz, 3996 MHz, 49 %, 43 %
2026/09/20 16:04:50.797, 1, 511.20 W, 44, 2032 MHz, 3996 MHz, 48 %, 43 %
2026/09/20 16:04:50.797, 2, 530.05 W, 38, 2032 MHz, 3996 MHz, 49 %, 45 %
2026/09/20 16:04:50.797, 3, 534.66 W, 38, 2032 MHz, 3996 MHz, 46 %, 42 %
2026/09/20 16:04:50.797, 4, 182.70 W, 35, 120 MHz, 3996 MHz, 0 %, 0 %
2026/09/20 16:04:50.797, 5, 179.46 W, 32, 120 MHz, 3996 MHz, 0 %, 0 %
2026/09/20 16:04:50.797, 6, 180.17 W, 29, 120 MHz, 3996 MHz, 0 %, 0 %
2026/09/20 16:04:50.797, 7, 182.13 W, 29, 120 MHz, 3996 MHz, 0 %, 0 %
2026/09/20 16:04:51.797, 0, 519.40 W, 43, 2032 MHz, 3996 MHz, 48 %, 42 %
2026/09/20 16:04:51.797, 1, 525.79 W, 44, 2032 MHz, 3996 MHz, 49 %, 43 %
2026/09/20 16:04:51.798, 2, 540.88 W, 38, 2032 MHz, 3996 MHz, 52 %, 47 %
2026/09/20 16:04:51.798, 3, 543.13 W, 38, 2032 MHz, 3996 MHz, 51 %, 46 %
2026/09/20 16:04:51.798, 4, 182.79 W, 35, 120 MHz, 3996 MHz, 0 %, 0 %
2026/09/20 16:04:51.798, 5, 179.47 W, 32, 120 MHz, 3996 MHz, 0 %, 0 %
2026/09/20 16:04:51.798, 6, 180.17 W, 29, 120 MHz, 3996 MHz, 0 %, 0 %
2026/09/20 16:04:51.798, 7, 182.13 W, 29, 120 MHz, 3996 MHz, 0 %, 0 %
2026/09/20 16:04:52.798, 0, 244.73 W, 39, 2032 MHz, 3996 MHz, 0 %, 0 %
2026/09/20 16:04:52.798, 1, 258.09 W, 40, 2032 MHz, 3996 MHz, 0 %, 0 %
2026/09/20 16:04:52.798, 2, 250.11 W, 34, 2032 MHz, 3996 MHz, 0 %, 0 %
2026/09/20 16:04:52.798, 3, 247.63 W, 34, 2032 MHz, 3996 MHz, 0 %, 0 %
2026/09/20 16:04:52.798, 4, 182.71 W, 35, 120 MHz, 3996 MHz, 0 %, 0 %
2026/09/20 16:04:52.798, 5, 179.47 W, 32, 120 MHz, 3996 MHz, 0 %, 0 %
2026/09/20 16:04:52.798, 6, 180.17 W, 29, 120 MHz, 3996 MHz, 0 %, 0 %
2026/09/20 16:04:52.798, 7, 182.13 W, 29, 120 MHz, 3996 MHz, 0 %, 0 %
2026/09/20 16:04:53.798, 0, 235.69 W, 39, 2032 MHz, 3996 MHz, 0 %, 0 %
2026/09/20 16:04:53.798, 1, 237.83 W, 40, 2032 MHz, 3996 MHz, 0 %, 0 %
2026/09/20 16:04:53.798, 2, 227.83 W, 33, 2032 MHz, 3996 MHz, 0 %, 0 %
2026/09/20 16:04:53.798, 3, 233.61 W, 33, 2032 MHz, 3996 MHz, 0 %, 0 %
2026/09/20 16:04:53.798, 4, 182.83 W, 35, 120 MHz, 3996 MHz, 0 %, 0 %
2026/09/20 16:04:53.798, 5, 179.46 W, 32, 120 MHz, 3996 MHz, 0 %, 0 %
2026/09/20 16:04:53.798, 6, 180.17 W, 29, 120 MHz, 3996 MHz, 0 %, 0 %
2026/09/20 16:04:53.798, 7, 182.13 W, 29, 120 MHz, 3996 MHz, 0 %, 0 %
2026/09/20 16:04:54.798, 0, 238.87 W, 39, 2032 MHz, 3996 MHz, 3 %, 1 %
2026/09/20 16:04:54.798, 1, 244.37 W, 40, 2032 MHz, 3996 MHz, 72 %, 1 %
2026/09/20 16:04:54.798, 2, 249.01 W, 34, 2032 MHz, 3996 MHz, 100 %, 0 %
2026/09/20 16:04:54.798, 3, 255.01 W, 34, 2032 MHz, 3996 MHz, 100 %, 0 %
2026/09/20 16:04:54.798, 4, 182.90 W, 35, 120 MHz, 3996 MHz, 0 %, 0 %
2026/09/20 16:04:54.798, 5, 179.47 W, 32, 120 MHz, 3996 MHz, 0 %, 0 %
2026/09/20 16:04:54.798, 6, 180.17 W, 29, 120 MHz, 3996 MHz, 0 %, 0 %
2026/09/20 16:04:54.798, 7, 182.13 W, 29, 120 MHz, 3996 MHz, 0 %, 0 %
2026/09/20 16:04:55.799, 0, 283.05 W, 39, 2032 MHz, 3996 MHz, 0 %, 0 %
2026/09/20 16:04:55.799, 1, 293.93 W, 40, 2032 MHz, 3996 MHz, 0 %, 0 %
2026/09/20 16:04:55.799, 2, 261.86 W, 33, 2032 MHz, 3996 MHz, 31 %, 13 %
2026/09/20 16:04:55.799, 3, 274.27 W, 33, 2032 MHz, 3996 MHz, 14 %, 6 %
2026/09/20 16:04:55.799, 4, 182.64 W, 35, 120 MHz, 3996 MHz, 0 %, 0 %
2026/09/20 16:04:55.799, 5, 179.47 W, 32, 120 MHz, 3996 MHz, 0 %, 0 %
2026/09/20 16:04:55.799, 6, 180.17 W, 29, 120 MHz, 3996 MHz, 0 %, 0 %
2026/09/20 16:04:55.799, 7, 182.13 W, 29, 120 MHz, 3996 MHz, 0 %, 0 %
2026/09/20 16:04:56.799, 0, 235.06 W, 39, 2032 MHz, 3996 MHz, 0 %, 0 %
2026/09/20 16:04:56.799, 1, 237.83 W, 40, 2032 MHz, 3996 MHz, 0 %, 0 %
2026/09/20 16:04:56.799, 2, 227.83 W, 33, 2032 MHz, 3996 MHz, 0 %, 0 %
2026/09/20 16:04:56.799, 3, 233.33 W, 33, 2032 MHz, 3996 MHz, 0 %, 0 %
2026/09/20 16:04:56.799, 4, 182.78 W, 35, 120 MHz, 3996 MHz, 0 %, 0 %
2026/09/20 16:04:56.799, 5, 179.47 W, 32, 120 MHz, 3996 MHz, 0 %, 0 %
2026/09/20 16:04:56.799, 6, 180.17 W, 29, 120 MHz, 3996 MHz, 0 %, 0 %
2026/09/20 16:04:56.799, 7, 182.13 W, 29, 120 MHz, 3996 MHz, 0 %, 0 %
2026/09/20 16:04:57.799, 0, 234.65 W, 38, 2032 MHz, 3996 MHz, 0 %, 0 %
2026/09/20 16:04:57.799, 1, 237.79 W, 40, 2032 MHz, 3996 MHz, 0 %, 0 %
2026/09/20 16:04:57.799, 2, 227.80 W, 33, 2032 MHz, 3996 MHz, 0 %, 0 %
2026/09/20 16:04:57.799, 3, 233.19 W, 33, 2032 MHz, 3996 MHz, 0 %, 0 %
2026/09/20 16:04:57.799, 4, 182.79 W, 35, 120 MHz, 3996 MHz, 0 %, 0 %
2026/09/20 16:04:57.799, 5, 179.46 W, 32, 120 MHz, 3996 MHz, 0 %, 0 %
2026/09/20 16:04:57.799, 6, 180.17 W, 29, 120 MHz, 3996 MHz, 0 %, 0 %
2026/09/20 16:04:57.799, 7, 182.13 W, 29, 120 MHz, 3996 MHz, 0 %, 0 %
2026/09/20 16:04:58.799, 0, 233.89 W, 38, 2032 MHz, 3996 MHz, 0 %, 0 %
2026/09/20 16:04:58.799, 1, 237.76 W, 40, 2032 MHz, 3996 MHz, 0 %, 0 %
2026/09/20 16:04:58.799, 2, 227.84 W, 33, 2032 MHz, 3996 MHz, 0 %, 0 %
2026/09/20 16:04:58.800, 3, 232.67 W, 32, 2032 MHz, 3996 MHz, 0 %, 0 %
2026/09/20 16:04:58.800, 4, 182.51 W, 35, 120 MHz, 3996 MHz, 0 %, 0 %
2026/09/20 16:04:58.800, 5, 179.47 W, 32, 120 MHz, 3996 MHz, 0 %, 0 %
2026/09/20 16:04:58.800, 6, 180.17 W, 29, 120 MHz, 3996 MHz, 0 %, 0 %
2026/09/20 16:04:58.800, 7, 182.13 W, 29, 120 MHz, 3996 MHz, 0 %, 0 %
2026/09/20 16:04:59.800, 0, 246.21 W, 38, 2032 MHz, 3996 MHz, 0 %, 0 %
2026/09/20 16:04:59.800, 1, 248.27 W, 40, 2032 MHz, 3996 MHz, 0 %, 0 %
2026/09/20 16:04:59.800, 2, 238.48 W, 33, 2032 MHz, 3996 MHz, 0 %, 0 %
2026/09/20 16:04:59.800, 3, 243.48 W, 33, 2032 MHz, 3996 MHz, 0 %, 0 %
2026/09/20 16:04:59.800, 4, 182.78 W, 35, 120 MHz, 3996 MHz, 0 %, 0 %
2026/09/20 16:04:59.800, 5, 179.47 W, 32, 120 MHz, 3996 MHz, 0 %, 0 %
2026/09/20 16:04:59.800, 6, 180.17 W, 29, 120 MHz, 3996 MHz, 0 %, 0 %
2026/09/20 16:04:59.800, 7, 182.13 W, 29, 120 MHz, 3996 MHz, 0 %, 0 %
2026/09/20 16:05:00.800, 0, 233.89 W, 38, 2032 MHz, 3996 MHz, 0 %, 0 %
2026/09/20 16:05:00.800, 1, 237.83 W, 40, 2032 MHz, 3996 MHz, 0 %, 0 %
2026/09/20 16:05:00.800, 2, 227.90 W, 33, 2032 MHz, 3996 MHz, 0 %, 0 %
2026/09/20 16:05:00.800, 3, 232.47 W, 32, 2032 MHz, 3996 MHz, 0 %, 0 %
2026/09/20 16:05:00.800, 4, 182.83 W, 35, 120 MHz, 3996 MHz, 0 %, 0 %
2026/09/20 16:05:00.800, 5, 179.47 W, 32, 120 MHz, 3996 MHz, 0 %, 0 %
2026/09/20 16:05:00.800, 6, 180.17 W, 29, 120 MHz, 3996 MHz, 0 %, 0 %
2026/09/20 16:05:00.800, 7, 182.13 W, 29, 120 MHz, 3996 MHz, 0 %, 0 %
2026/09/20 16:05:01.800, 0, 233.82 W, 38, 2032 MHz, 3996 MHz, 0 %, 0 %
2026/09/20 16:05:01.800, 1, 237.83 W, 40, 2032 MHz, 3996 MHz, 0 %, 0 %
2026/09/20 16:05:01.800, 2, 227.90 W, 32, 2032 MHz, 3996 MHz, 0 %, 0 %
2026/09/20 16:05:01.800, 3, 232.18 W, 32, 2032 MHz, 3996 MHz, 0 %, 0 %
2026/09/20 16:05:01.800, 4, 182.98 W, 35, 120 MHz, 3996 MHz, 0 %, 0 %
2026/09/20 16:05:01.800, 5, 179.46 W, 32, 120 MHz, 3996 MHz, 0 %, 0 %
2026/09/20 16:05:01.800, 6, 180.17 W, 29, 120 MHz, 3996 MHz, 0 %, 0 %
2026/09/20 16:05:01.800, 7, 182.13 W, 29, 120 MHz, 3996 MHz, 0 %, 0 %
2026/09/20 16:05:02.801, 0, 233.78 W, 38, 2032 MHz, 3996 MHz, 0 %, 0 %
2026/09/20 16:05:02.801, 1, 237.83 W, 40, 2032 MHz, 3996 MHz, 0 %, 0 %
2026/09/20 16:05:02.801, 2, 227.90 W, 32, 2032 MHz, 3996 MHz, 0 %, 0 %
2026/09/20 16:05:02.801, 3, 232.11 W, 32, 2032 MHz, 3996 MHz, 0 %, 0 %
2026/09/20 16:05:02.801, 4, 183.01 W, 35, 120 MHz, 3996 MHz, 0 %, 0 %
2026/09/20 16:05:02.801, 5, 179.46 W, 32, 120 MHz, 3996 MHz, 0 %, 0 %
2026/09/20 16:05:02.801, 6, 180.17 W, 29, 120 MHz, 3996 MHz, 0 %, 0 %
2026/09/20 16:05:02.801, 7, 182.13 W, 29, 120 MHz, 3996 MHz, 0 %, 0 %
2026/09/20 16:05:03.801, 0, 233.78 W, 38, 2032 MHz, 3996 MHz, 0 %, 0 %
2026/09/20 16:05:03.801, 1, 237.71 W, 39, 2032 MHz, 3996 MHz, 0 %, 0 %
2026/09/20 16:05:03.801, 2, 227.90 W, 32, 2032 MHz, 3996 MHz, 0 %, 0 %
2026/09/20 16:05:03.801, 3, 231.91 W, 32, 2032 MHz, 3996 MHz, 0 %, 0 %
2026/09/20 16:05:03.801, 4, 183.13 W, 35, 120 MHz, 3996 MHz, 0 %, 0 %
2026/09/20 16:05:03.801, 5, 179.47 W, 32, 120 MHz, 3996 MHz, 0 %, 0 %
2026/09/20 16:05:03.801, 6, 180.17 W, 29, 120 MHz, 3996 MHz, 0 %, 0 %
2026/09/20 16:05:03.801, 7, 182.13 W, 29, 120 MHz, 3996 MHz, 0 %, 0 %
2026/09/20 16:05:04.801, 0, 233.82 W, 38, 2032 MHz, 3996 MHz, 0 %, 0 %
2026/09/20 16:05:04.801, 1, 237.72 W, 39, 2032 MHz, 3996 MHz, 0 %, 0 %
2026/09/20 16:05:04.801, 2, 227.92 W, 32, 2032 MHz, 3996 MHz, 0 %, 0 %
2026/09/20 16:05:04.801, 3, 232.13 W, 32, 2032 MHz, 3996 MHz, 0 %, 0 %
2026/09/20 16:05:04.801, 4, 183.13 W, 35, 120 MHz, 3996 MHz, 0 %, 0 %
2026/09/20 16:05:04.801, 5, 179.47 W, 32, 120 MHz, 3996 MHz, 0 %, 0 %
2026/09/20 16:05:04.801, 6, 180.17 W, 29, 120 MHz, 3996 MHz, 0 %, 0 %
2026/09/20 16:05:04.801, 7, 182.13 W, 29, 120 MHz, 3996 MHz, 0 %, 0 %
2026/09/20 16:05:05.801, 0, 233.78 W, 38, 2032 MHz, 3996 MHz, 0 %, 0 %
2026/09/20 16:05:05.801, 1, 237.71 W, 39, 2032 MHz, 3996 MHz, 0 %, 0 %
2026/09/20 16:05:05.801, 2, 227.91 W, 32, 2032 MHz, 3996 MHz, 0 %, 0 %
2026/09/20 16:05:05.801, 3, 231.63 W, 32, 2032 MHz, 3996 MHz, 0 %, 0 %
2026/09/20 16:05:05.801, 4, 182.93 W, 35, 120 MHz, 3996 MHz, 0 %, 0 %
2026/09/20 16:05:05.802, 5, 179.46 W, 32, 120 MHz, 3996 MHz, 0 %, 0 %
2026/09/20 16:05:05.802, 6, 180.17 W, 29, 120 MHz, 3996 MHz, 0 %, 0 %
2026/09/20 16:05:05.802, 7, 182.13 W, 29, 120 MHz, 3996 MHz, 0 %, 0 %
2026/09/20 16:05:06.802, 0, 233.78 W, 38, 2032 MHz, 3996 MHz, 0 %, 0 %
2026/09/20 16:05:06.802, 1, 237.60 W, 39, 2032 MHz, 3996 MHz, 0 %, 0 %
2026/09/20 16:05:06.802, 2, 227.85 W, 32, 2032 MHz, 3996 MHz, 0 %, 0 %
2026/09/20 16:05:06.802, 3, 231.74 W, 32, 2032 MHz, 3996 MHz, 0 %, 0 %
2026/09/20 16:05:06.802, 4, 182.59 W, 35, 120 MHz, 3996 MHz, 0 %, 0 %
2026/09/20 16:05:06.802, 5, 179.46 W, 32, 120 MHz, 3996 MHz, 0 %, 0 %
2026/09/20 16:05:06.802, 6, 180.17 W, 29, 120 MHz, 3996 MHz, 0 %, 0 %
2026/09/20 16:05:06.802, 7, 182.13 W, 29, 120 MHz, 3996 MHz, 0 %, 0 %
2026/09/20 16:05:07.802, 0, 233.78 W, 38, 2032 MHz, 3996 MHz, 0 %, 0 %
2026/09/20 16:05:07.802, 1, 237.45 W, 39, 2032 MHz, 3996 MHz, 0 %, 0 %
2026/09/20 16:05:07.802, 2, 227.92 W, 32, 2032 MHz, 3996 MHz, 0 %, 0 %
2026/09/20 16:05:07.802, 3, 231.72 W, 32, 2032 MHz, 3996 MHz, 0 %, 0 %
2026/09/20 16:05:07.802, 4, 182.90 W, 35, 120 MHz, 3996 MHz, 0 %, 0 %
2026/09/20 16:05:07.802, 5, 179.47 W, 32, 120 MHz, 3996 MHz, 0 %, 0 %
2026/09/20 16:05:07.802, 6, 180.17 W, 29, 120 MHz, 3996 MHz, 0 %, 0 %
2026/09/20 16:05:07.802, 7, 182.13 W, 29, 120 MHz, 3996 MHz, 0 %, 0 %
2026/09/20 16:05:08.802, 0, 233.78 W, 38, 2032 MHz, 3996 MHz, 0 %, 0 %
2026/09/20 16:05:08.802, 1, 237.26 W, 39, 2032 MHz, 3996 MHz, 0 %, 0 %
2026/09/20 16:05:08.802, 2, 227.93 W, 32, 2032 MHz, 3996 MHz, 0 %, 0 %
2026/09/20 16:05:08.802, 3, 231.79 W, 32, 2032 MHz, 3996 MHz, 0 %, 0 %
2026/09/20 16:05:08.802, 4, 183.05 W, 35, 120 MHz, 3996 MHz, 0 %, 0 %
2026/09/20 16:05:08.802, 5, 179.46 W, 32, 120 MHz, 3996 MHz, 0 %, 0 %
2026/09/20 16:05:08.802, 6, 180.17 W, 29, 120 MHz, 3996 MHz, 0 %, 0 %
2026/09/20 16:05:08.802, 7, 182.13 W, 29, 120 MHz, 3996 MHz, 0 %, 0 %
2026/09/20 16:05:09.803, 0, 233.78 W, 38, 2032 MHz, 3996 MHz, 0 %, 0 %
2026/09/20 16:05:09.803, 1, 237.56 W, 39, 2032 MHz, 3996 MHz, 0 %, 0 %
2026/09/20 16:05:09.803, 2, 227.89 W, 32, 2032 MHz, 3996 MHz, 0 %, 0 %
2026/09/20 16:05:09.803, 3, 231.65 W, 32, 2032 MHz, 3996 MHz, 0 %, 0 %
2026/09/20 16:05:09.803, 4, 182.94 W, 35, 120 MHz, 3996 MHz, 0 %, 0 %
2026/09/20 16:05:09.803, 5, 179.47 W, 32, 120 MHz, 3996 MHz, 0 %, 0 %
2026/09/20 16:05:09.803, 6, 180.17 W, 29, 120 MHz, 3996 MHz, 0 %, 0 %
2026/09/20 16:05:09.803, 7, 182.13 W, 29, 120 MHz, 3996 MHz, 0 %, 0 %
2026/09/20 16:05:10.803, 0, 233.78 W, 38, 2032 MHz, 3996 MHz, 0 %, 0 %
2026/09/20 16:05:10.803, 1, 237.36 W, 39, 2032 MHz, 3996 MHz, 0 %, 0 %
2026/09/20 16:05:10.803, 2, 227.85 W, 32, 2032 MHz, 3996 MHz, 0 %, 0 %
2026/09/20 16:05:10.803, 3, 231.68 W, 32, 2032 MHz, 3996 MHz, 0 %, 0 %
2026/09/20 16:05:10.803, 4, 182.90 W, 35, 120 MHz, 3996 MHz, 0 %, 0 %
2026/09/20 16:05:10.803, 5, 179.47 W, 32, 120 MHz, 3996 MHz, 0 %, 0 %
2026/09/20 16:05:10.803, 6, 180.17 W, 29, 120 MHz, 3996 MHz, 0 %, 0 %
2026/09/20 16:05:10.803, 7, 182.13 W, 29, 120 MHz, 3996 MHz, 0 %, 0 %
2026/09/20 16:05:11.803, 0, 233.78 W, 38, 2032 MHz, 3996 MHz, 0 %, 0 %
2026/09/20 16:05:11.803, 1, 237.37 W, 39, 2032 MHz, 3996 MHz, 0 %, 0 %
2026/09/20 16:05:11.803, 2, 227.90 W, 32, 2032 MHz, 3996 MHz, 0 %, 0 %
2026/09/20 16:05:11.803, 3, 231.62 W, 32, 2032 MHz, 3996 MHz, 0 %, 0 %
2026/09/20 16:05:11.803, 4, 182.90 W, 35, 120 MHz, 3996 MHz, 0 %, 0 %
2026/09/20 16:05:11.803, 5, 179.46 W, 32, 120 MHz, 3996 MHz, 0 %, 0 %
2026/09/20 16:05:11.803, 6, 180.17 W, 29, 120 MHz, 3996 MHz, 0 %, 0 %
2026/09/20 16:05:11.803, 7, 182.13 W, 29, 120 MHz, 3996 MHz, 0 %, 0 %
2026/09/20 16:05:12.803, 0, 233.78 W, 38, 2032 MHz, 3996 MHz, 0 %, 0 %
2026/09/20 16:05:12.803, 1, 236.93 W, 39, 2032 MHz, 3996 MHz, 0 %, 0 %
2026/09/20 16:05:12.803, 2, 227.85 W, 32, 2032 MHz, 3996 MHz, 0 %, 0 %
2026/09/20 16:05:12.803, 3, 231.61 W, 32, 2032 MHz, 3996 MHz, 0 %, 0 %
2026/09/20 16:05:12.804, 4, 182.79 W, 35, 120 MHz, 3996 MHz, 0 %, 0 %
2026/09/20 16:05:12.804, 5, 179.47 W, 32, 120 MHz, 3996 MHz, 0 %, 0 %
2026/09/20 16:05:12.804, 6, 180.17 W, 29, 120 MHz, 3996 MHz, 0 %, 0 %
2026/09/20 16:05:12.804, 7, 182.13 W, 29, 120 MHz, 3996 MHz, 0 %, 0 %
2026/09/20 16:05:13.804, 0, 233.78 W, 38, 2032 MHz, 3996 MHz, 0 %, 0 %
2026/09/20 16:05:13.804, 1, 236.84 W, 39, 2032 MHz, 3996 MHz, 0 %, 0 %
2026/09/20 16:05:13.804, 2, 227.89 W, 32, 2032 MHz, 3996 MHz, 0 %, 0 %
2026/09/20 16:05:13.804, 3, 231.59 W, 32, 2032 MHz, 3996 MHz, 0 %, 0 %
2026/09/20 16:05:13.804, 4, 182.97 W, 35, 120 MHz, 3996 MHz, 0 %, 0 %
2026/09/20 16:05:13.804, 5, 179.47 W, 32, 120 MHz, 3996 MHz, 0 %, 0 %
2026/09/20 16:05:13.804, 6, 180.17 W, 29, 120 MHz, 3996 MHz, 0 %, 0 %
2026/09/20 16:05:13.804, 7, 182.13 W, 29, 120 MHz, 3996 MHz, 0 %, 0 %
2026/09/20 16:05:14.804, 0, 233.78 W, 38, 2032 MHz, 3996 MHz, 0 %, 0 %
2026/09/20 16:05:14.804, 1, 236.78 W, 39, 2032 MHz, 3996 MHz, 0 %, 0 %
2026/09/20 16:05:14.804, 2, 227.77 W, 32, 2032 MHz, 3996 MHz, 0 %, 0 %
2026/09/20 16:05:14.804, 3, 231.58 W, 32, 2032 MHz, 3996 MHz, 0 %, 0 %
2026/09/20 16:05:14.804, 4, 182.79 W, 35, 120 MHz, 3996 MHz, 0 %, 0 %
2026/09/20 16:05:14.804, 5, 179.47 W, 32, 120 MHz, 3996 MHz, 0 %, 0 %
2026/09/20 16:05:14.804, 6, 180.17 W, 29, 120 MHz, 3996 MHz, 0 %, 0 %
2026/09/20 16:05:14.804, 7, 182.13 W, 29, 120 MHz, 3996 MHz, 0 %, 0 %
2026/09/20 16:05:15.804, 0, 381.85 W, 40, 2032 MHz, 3996 MHz, 11 %, 4 %
2026/09/20 16:05:15.804, 1, 323.82 W, 41, 2032 MHz, 3996 MHz, 24 %, 3 %
2026/09/20 16:05:15.804, 2, 374.08 W, 34, 2032 MHz, 3996 MHz, 53 %, 7 %
2026/09/20 16:05:15.804, 3, 371.01 W, 34, 2032 MHz, 3996 MHz, 34 %, 6 %
2026/09/20 16:05:15.804, 4, 182.78 W, 35, 120 MHz, 3996 MHz, 0 %, 0 %
2026/09/20 16:05:15.804, 5, 179.46 W, 32, 120 MHz, 3996 MHz, 0 %, 0 %
2026/09/20 16:05:15.804, 6, 180.17 W, 29, 120 MHz, 3996 MHz, 0 %, 0 %
2026/09/20 16:05:15.804, 7, 182.13 W, 29, 120 MHz, 3996 MHz, 0 %, 0 %
2026/09/20 16:05:16.805, 0, 621.67 W, 46, 2032 MHz, 3996 MHz, 94 %, 41 %
2026/09/20 16:05:16.805, 1, 576.87 W, 47, 2032 MHz, 3996 MHz, 94 %, 40 %
2026/09/20 16:05:16.805, 2, 597.45 W, 40, 2032 MHz, 3996 MHz, 81 %, 30 %
2026/09/20 16:05:16.805, 3, 602.45 W, 40, 2032 MHz, 3996 MHz, 79 %, 30 %
2026/09/20 16:05:16.805, 4, 182.82 W, 35, 120 MHz, 3996 MHz, 0 %, 0 %
2026/09/20 16:05:16.805, 5, 179.47 W, 32, 120 MHz, 3996 MHz, 0 %, 0 %
2026/09/20 16:05:16.805, 6, 180.17 W, 29, 120 MHz, 3996 MHz, 0 %, 0 %
2026/09/20 16:05:16.805, 7, 182.13 W, 29, 120 MHz, 3996 MHz, 0 %, 0 %
2026/09/20 16:05:17.805, 0, 709.05 W, 46, 2032 MHz, 3996 MHz, 99 %, 47 %
2026/09/20 16:05:17.805, 1, 715.78 W, 48, 2032 MHz, 3996 MHz, 99 %, 47 %
2026/09/20 16:05:17.805, 2, 701.91 W, 41, 2032 MHz, 3996 MHz, 99 %, 47 %
2026/09/20 16:05:17.805, 3, 700.87 W, 41, 2032 MHz, 3996 MHz, 99 %, 47 %
2026/09/20 16:05:17.805, 4, 182.93 W, 35, 120 MHz, 3996 MHz, 0 %, 0 %
2026/09/20 16:05:17.805, 5, 179.46 W, 32, 120 MHz, 3996 MHz, 0 %, 0 %
2026/09/20 16:05:17.805, 6, 180.17 W, 29, 120 MHz, 3996 MHz, 0 %, 0 %
2026/09/20 16:05:17.805, 7, 182.13 W, 29, 120 MHz, 3996 MHz, 0 %, 0 %
2026/09/20 16:05:18.805, 0, 732.60 W, 47, 2032 MHz, 3996 MHz, 99 %, 47 %
2026/09/20 16:05:18.805, 1, 742.16 W, 49, 2032 MHz, 3996 MHz, 99 %, 47 %
2026/09/20 16:05:18.805, 2, 719.50 W, 41, 2032 MHz, 3996 MHz, 99 %, 47 %
2026/09/20 16:05:18.805, 3, 720.86 W, 41, 2032 MHz, 3996 MHz, 99 %, 47 %
2026/09/20 16:05:18.805, 4, 182.90 W, 35, 120 MHz, 3996 MHz, 0 %, 0 %
2026/09/20 16:05:18.805, 5, 179.47 W, 32, 120 MHz, 3996 MHz, 0 %, 0 %
2026/09/20 16:05:18.805, 6, 180.17 W, 29, 120 MHz, 3996 MHz, 0 %, 0 %
2026/09/20 16:05:18.805, 7, 182.13 W, 29, 120 MHz, 3996 MHz, 0 %, 0 %
2026/09/20 16:05:19.805, 0, 738.88 W, 48, 2032 MHz, 3996 MHz, 99 %, 49 %
2026/09/20 16:05:19.805, 1, 748.63 W, 49, 2032 MHz, 3996 MHz, 99 %, 48 %
2026/09/20 16:05:19.805, 2, 728.38 W, 42, 2032 MHz, 3996 MHz, 99 %, 48 %
2026/09/20 16:05:19.805, 3, 729.68 W, 42, 2032 MHz, 3996 MHz, 99 %, 48 %
2026/09/20 16:05:19.805, 4, 182.97 W, 35, 120 MHz, 3996 MHz, 0 %, 0 %
2026/09/20 16:05:19.805, 5, 179.46 W, 32, 120 MHz, 3996 MHz, 0 %, 0 %
2026/09/20 16:05:19.806, 6, 180.17 W, 29, 120 MHz, 3996 MHz, 0 %, 0 %
2026/09/20 16:05:19.806, 7, 182.13 W, 29, 120 MHz, 3996 MHz, 0 %, 0 %
2026/09/20 16:05:20.806, 0, 741.34 W, 48, 2032 MHz, 3996 MHz, 99 %, 48 %
2026/09/20 16:05:20.806, 1, 752.20 W, 49, 2032 MHz, 3996 MHz, 99 %, 48 %
2026/09/20 16:05:20.806, 2, 734.10 W, 42, 2032 MHz, 3996 MHz, 99 %, 47 %
2026/09/20 16:05:20.806, 3, 732.28 W, 42, 2032 MHz, 3996 MHz, 99 %, 47 %
2026/09/20 16:05:20.806, 4, 182.82 W, 35, 120 MHz, 3996 MHz, 0 %, 0 %
2026/09/20 16:05:20.806, 5, 179.47 W, 32, 120 MHz, 3996 MHz, 0 %, 0 %
2026/09/20 16:05:20.806, 6, 180.17 W, 29, 120 MHz, 3996 MHz, 0 %, 0 %
2026/09/20 16:05:20.806, 7, 182.13 W, 29, 120 MHz, 3996 MHz, 0 %, 0 %
2026/09/20 16:05:21.806, 0, 752.73 W, 48, 2032 MHz, 3996 MHz, 99 %, 49 %
2026/09/20 16:05:21.806, 1, 764.14 W, 50, 2032 MHz, 3996 MHz, 99 %, 49 %
2026/09/20 16:05:21.806, 2, 747.62 W, 43, 2032 MHz, 3996 MHz, 99 %, 49 %
2026/09/20 16:05:21.806, 3, 745.04 W, 43, 2032 MHz, 3996 MHz, 99 %, 49 %
2026/09/20 16:05:21.806, 4, 182.82 W, 35, 120 MHz, 3996 MHz, 0 %, 0 %
2026/09/20 16:05:21.806, 5, 179.47 W, 32, 120 MHz, 3996 MHz, 0 %, 0 %
2026/09/20 16:05:21.806, 6, 180.17 W, 29, 120 MHz, 3996 MHz, 0 %, 0 %
2026/09/20 16:05:21.806, 7, 182.13 W, 29, 120 MHz, 3996 MHz, 0 %, 0 %
2026/09/20 16:05:22.806, 0, 714.88 W, 48, 2032 MHz, 3996 MHz, 42 %, 19 %
2026/09/20 16:05:22.806, 1, 763.84 W, 51, 2032 MHz, 3996 MHz, 100 %, 21 %
2026/09/20 16:05:22.806, 2, 747.97 W, 44, 2032 MHz, 3996 MHz, 99 %, 49 %
2026/09/20 16:05:22.806, 3, 741.62 W, 44, 2032 MHz, 3996 MHz, 99 %, 46 %
2026/09/20 16:05:22.806, 4, 182.75 W, 35, 120 MHz, 3996 MHz, 0 %, 0 %
2026/09/20 16:05:22.806, 5, 179.47 W, 32, 120 MHz, 3996 MHz, 0 %, 0 %
2026/09/20 16:05:22.806, 6, 180.17 W, 29, 120 MHz, 3996 MHz, 0 %, 0 %
2026/09/20 16:05:22.806, 7, 182.13 W, 29, 120 MHz, 3996 MHz, 0 %, 0 %
2026/09/20 16:05:23.807, 0, 745.51 W, 49, 2032 MHz, 3996 MHz, 99 %, 50 %
2026/09/20 16:05:23.807, 1, 784.41 W, 51, 2032 MHz, 3996 MHz, 99 %, 51 %
2026/09/20 16:05:23.807, 2, 765.39 W, 44, 2032 MHz, 3996 MHz, 99 %, 51 %
2026/09/20 16:05:23.807, 3, 768.06 W, 44, 2032 MHz, 3996 MHz, 99 %, 51 %
2026/09/20 16:05:23.807, 4, 182.59 W, 35, 120 MHz, 3996 MHz, 0 %, 0 %
2026/09/20 16:05:23.807, 5, 179.47 W, 32, 120 MHz, 3996 MHz, 0 %, 0 %
2026/09/20 16:05:23.807, 6, 180.17 W, 29, 120 MHz, 3996 MHz, 0 %, 0 %
2026/09/20 16:05:23.807, 7, 182.13 W, 29, 120 MHz, 3996 MHz, 0 %, 0 %
2026/09/20 16:05:24.807, 0, 792.71 W, 51, 2032 MHz, 3996 MHz, 99 %, 55 %
2026/09/20 16:05:24.807, 1, 778.77 W, 52, 2032 MHz, 3996 MHz, 99 %, 55 %
2026/09/20 16:05:24.807, 2, 800.60 W, 45, 2032 MHz, 3996 MHz, 75 %, 37 %
2026/09/20 16:05:24.807, 3, 778.08 W, 45, 2032 MHz, 3996 MHz, 94 %, 40 %
2026/09/20 16:05:24.807, 4, 182.83 W, 35, 120 MHz, 3996 MHz, 0 %, 0 %
2026/09/20 16:05:24.807, 5, 179.47 W, 32, 120 MHz, 3996 MHz, 0 %, 0 %
2026/09/20 16:05:24.807, 6, 180.17 W, 29, 120 MHz, 3996 MHz, 0 %, 0 %
2026/09/20 16:05:24.807, 7, 182.13 W, 29, 120 MHz, 3996 MHz, 0 %, 0 %
2026/09/20 16:05:25.807, 0, 849.29 W, 51, 2032 MHz, 3996 MHz, 99 %, 53 %
2026/09/20 16:05:25.807, 1, 891.22 W, 53, 2032 MHz, 3996 MHz, 99 %, 55 %
2026/09/20 16:05:25.807, 2, 835.55 W, 45, 2032 MHz, 3996 MHz, 99 %, 53 %
2026/09/20 16:05:25.807, 3, 847.30 W, 46, 2032 MHz, 3996 MHz, 99 %, 54 %
2026/09/20 16:05:25.807, 4, 183.01 W, 35, 120 MHz, 3996 MHz, 0 %, 0 %
2026/09/20 16:05:25.807, 5, 179.47 W, 32, 120 MHz, 3996 MHz, 0 %, 0 %
2026/09/20 16:05:25.807, 6, 180.17 W, 29, 120 MHz, 3996 MHz, 0 %, 0 %
2026/09/20 16:05:25.807, 7, 182.13 W, 29, 120 MHz, 3996 MHz, 0 %, 0 %
2026/09/20 16:05:26.807, 0, 850.91 W, 51, 2032 MHz, 3996 MHz, 99 %, 56 %
2026/09/20 16:05:26.807, 1, 866.25 W, 53, 2032 MHz, 3996 MHz, 99 %, 56 %
2026/09/20 16:05:26.807, 2, 844.07 W, 46, 2032 MHz, 3996 MHz, 99 %, 55 %
2026/09/20 16:05:26.807, 3, 844.27 W, 46, 2032 MHz, 3996 MHz, 99 %, 56 %
2026/09/20 16:05:26.807, 4, 182.98 W, 35, 120 MHz, 3996 MHz, 0 %, 0 %
2026/09/20 16:05:26.807, 5, 179.47 W, 32, 120 MHz, 3996 MHz, 0 %, 0 %
2026/09/20 16:05:26.808, 6, 180.17 W, 29, 120 MHz, 3996 MHz, 0 %, 0 %
2026/09/20 16:05:26.808, 7, 182.13 W, 29, 120 MHz, 3996 MHz, 0 %, 0 %
2026/09/20 16:05:27.808, 0, 861.96 W, 52, 2032 MHz, 3996 MHz, 99 %, 55 %
2026/09/20 16:05:27.808, 1, 873.93 W, 53, 2032 MHz, 3996 MHz, 99 %, 55 %
2026/09/20 16:05:27.808, 2, 847.13 W, 46, 2032 MHz, 3996 MHz, 99 %, 55 %
2026/09/20 16:05:27.808, 3, 854.11 W, 46, 2032 MHz, 3996 MHz, 99 %, 55 %
2026/09/20 16:05:27.808, 4, 182.98 W, 35, 120 MHz, 3996 MHz, 0 %, 0 %
2026/09/20 16:05:27.808, 5, 179.46 W, 32, 120 MHz, 3996 MHz, 0 %, 0 %
2026/09/20 16:05:27.808, 6, 180.17 W, 29, 120 MHz, 3996 MHz, 0 %, 0 %
2026/09/20 16:05:27.808, 7, 182.13 W, 29, 120 MHz, 3996 MHz, 0 %, 0 %
2026/09/20 16:05:28.808, 0, 860.54 W, 52, 2032 MHz, 3996 MHz, 99 %, 55 %
2026/09/20 16:05:28.808, 1, 877.90 W, 54, 2032 MHz, 3996 MHz, 99 %, 56 %
2026/09/20 16:05:28.808, 2, 854.16 W, 46, 2032 MHz, 3996 MHz, 99 %, 55 %
2026/09/20 16:05:28.808, 3, 853.30 W, 47, 2032 MHz, 3996 MHz, 99 %, 55 %
2026/09/20 16:05:28.808, 4, 182.82 W, 35, 120 MHz, 3996 MHz, 0 %, 0 %
2026/09/20 16:05:28.808, 5, 179.47 W, 32, 120 MHz, 3996 MHz, 0 %, 0 %
2026/09/20 16:05:28.808, 6, 180.17 W, 29, 120 MHz, 3996 MHz, 0 %, 0 %
2026/09/20 16:05:28.808, 7, 182.13 W, 29, 120 MHz, 3996 MHz, 0 %, 0 %
2026/09/20 16:05:29.808, 0, 861.98 W, 53, 2032 MHz, 3996 MHz, 99 %, 56 %
2026/09/20 16:05:29.808, 1, 881.54 W, 54, 2032 MHz, 3996 MHz, 99 %, 56 %
2026/09/20 16:05:29.808, 2, 854.09 W, 46, 2032 MHz, 3996 MHz, 99 %, 56 %
2026/09/20 16:05:29.808, 3, 854.44 W, 47, 2032 MHz, 3996 MHz, 99 %, 56 %
2026/09/20 16:05:29.808, 4, 182.58 W, 35, 120 MHz, 3996 MHz, 0 %, 0 %
2026/09/20 16:05:29.808, 5, 179.47 W, 32, 120 MHz, 3996 MHz, 0 %, 0 %
2026/09/20 16:05:29.808, 6, 180.17 W, 29, 120 MHz, 3996 MHz, 0 %, 0 %
2026/09/20 16:05:29.808, 7, 182.13 W, 29, 120 MHz, 3996 MHz, 0 %, 0 %
2026/09/20 16:05:30.808, 0, 863.71 W, 53, 2032 MHz, 3996 MHz, 99 %, 57 %
2026/09/20 16:05:30.809, 1, 883.33 W, 55, 2032 MHz, 3996 MHz, 99 %, 56 %
2026/09/20 16:05:30.809, 2, 861.16 W, 47, 2032 MHz, 3996 MHz, 99 %, 57 %
2026/09/20 16:05:30.809, 3, 861.12 W, 47, 2032 MHz, 3996 MHz, 99 %, 57 %
2026/09/20 16:05:30.809, 4, 182.74 W, 35, 120 MHz, 3996 MHz, 0 %, 0 %
2026/09/20 16:05:30.809, 5, 179.46 W, 32, 120 MHz, 3996 MHz, 0 %, 0 %
2026/09/20 16:05:30.809, 6, 180.17 W, 29, 120 MHz, 3996 MHz, 0 %, 0 %
2026/09/20 16:05:30.809, 7, 182.13 W, 29, 120 MHz, 3996 MHz, 0 %, 0 %
2026/09/20 16:05:31.809, 0, 873.57 W, 53, 2032 MHz, 3996 MHz, 99 %, 56 %
2026/09/20 16:05:31.809, 1, 891.80 W, 54, 2032 MHz, 3996 MHz, 99 %, 56 %
2026/09/20 16:05:31.809, 2, 865.37 W, 47, 2032 MHz, 3996 MHz, 99 %, 56 %
2026/09/20 16:05:31.809, 3, 870.61 W, 47, 2032 MHz, 3996 MHz, 99 %, 57 %
2026/09/20 16:05:31.809, 4, 182.75 W, 35, 120 MHz, 3996 MHz, 0 %, 0 %
2026/09/20 16:05:31.809, 5, 179.47 W, 32, 120 MHz, 3996 MHz, 0 %, 0 %
2026/09/20 16:05:31.809, 6, 180.17 W, 29, 120 MHz, 3996 MHz, 0 %, 0 %
2026/09/20 16:05:31.809, 7, 182.13 W, 29, 120 MHz, 3996 MHz, 0 %, 0 %
2026/09/20 16:05:32.809, 0, 864.41 W, 53, 2032 MHz, 3996 MHz, 99 %, 55 %
2026/09/20 16:05:32.809, 1, 882.48 W, 55, 2032 MHz, 3996 MHz, 99 %, 56 %
2026/09/20 16:05:32.809, 2, 859.26 W, 47, 2032 MHz, 3996 MHz, 99 %, 56 %
2026/09/20 16:05:32.809, 3, 863.55 W, 48, 2032 MHz, 3996 MHz, 99 %, 56 %
2026/09/20 16:05:32.809, 4, 182.64 W, 35, 120 MHz, 3996 MHz, 0 %, 0 %
2026/09/20 16:05:32.809, 5, 179.47 W, 32, 120 MHz, 3996 MHz, 0 %, 0 %
2026/09/20 16:05:32.809, 6, 180.17 W, 29, 120 MHz, 3996 MHz, 0 %, 0 %
2026/09/20 16:05:32.809, 7, 182.13 W, 29, 120 MHz, 3996 MHz, 0 %, 0 %
2026/09/20 16:05:33.809, 0, 849.42 W, 52, 2032 MHz, 3996 MHz, 99 %, 52 %
2026/09/20 16:05:33.809, 1, 853.94 W, 54, 2032 MHz, 3996 MHz, 86 %, 18 %
2026/09/20 16:05:33.809, 2, 814.43 W, 44, 2032 MHz, 3996 MHz, 99 %, 53 %
2026/09/20 16:05:33.809, 3, 818.92 W, 46, 2032 MHz, 3996 MHz, 99 %, 53 %
2026/09/20 16:05:33.809, 4, 182.70 W, 35, 120 MHz, 3996 MHz, 0 %, 0 %
2026/09/20 16:05:33.809, 5, 179.46 W, 32, 120 MHz, 3996 MHz, 0 %, 0 %
2026/09/20 16:05:33.809, 6, 180.17 W, 29, 120 MHz, 3996 MHz, 0 %, 0 %
2026/09/20 16:05:33.809, 7, 182.13 W, 29, 120 MHz, 3996 MHz, 0 %, 0 %
2026/09/20 16:05:34.810, 0, 856.92 W, 54, 2032 MHz, 3996 MHz, 99 %, 56 %
2026/09/20 16:05:34.810, 1, 883.97 W, 55, 2032 MHz, 3996 MHz, 99 %, 58 %
2026/09/20 16:05:34.810, 2, 835.83 W, 48, 2032 MHz, 3996 MHz, 99 %, 55 %
2026/09/20 16:05:34.810, 3, 864.95 W, 48, 2032 MHz, 3996 MHz, 99 %, 56 %
2026/09/20 16:05:34.810, 4, 182.82 W, 35, 120 MHz, 3996 MHz, 0 %, 0 %
2026/09/20 16:05:34.810, 5, 179.47 W, 32, 120 MHz, 3996 MHz, 0 %, 0 %
2026/09/20 16:05:34.810, 6, 180.17 W, 29, 120 MHz, 3996 MHz, 0 %, 0 %
2026/09/20 16:05:34.810, 7, 182.13 W, 29, 120 MHz, 3996 MHz, 0 %, 0 %
2026/09/20 16:05:35.810, 0, 928.87 W, 56, 2032 MHz, 3996 MHz, 99 %, 61 %
2026/09/20 16:05:35.810, 1, 939.85 W, 57, 2032 MHz, 3996 MHz, 99 %, 62 %
2026/09/20 16:05:35.810, 2, 917.24 W, 49, 2032 MHz, 3996 MHz, 99 %, 61 %
2026/09/20 16:05:35.810, 3, 920.08 W, 49, 2032 MHz, 3996 MHz, 99 %, 61 %
2026/09/20 16:05:35.810, 4, 182.79 W, 35, 120 MHz, 3996 MHz, 0 %, 0 %
2026/09/20 16:05:35.810, 5, 179.47 W, 32, 120 MHz, 3996 MHz, 0 %, 0 %
2026/09/20 16:05:35.810, 6, 180.17 W, 29, 120 MHz, 3996 MHz, 0 %, 0 %
2026/09/20 16:05:35.810, 7, 182.13 W, 29, 120 MHz, 3996 MHz, 0 %, 0 %
2026/09/20 16:05:36.810, 0, 942.62 W, 56, 2032 MHz, 3996 MHz, 99 %, 61 %
2026/09/20 16:05:36.810, 1, 959.41 W, 57, 2032 MHz, 3996 MHz, 99 %, 61 %
2026/09/20 16:05:36.810, 2, 929.91 W, 49, 2032 MHz, 3996 MHz, 99 %, 61 %
2026/09/20 16:05:36.810, 3, 934.11 W, 50, 2032 MHz, 3996 MHz, 99 %, 61 %
2026/09/20 16:05:36.810, 4, 182.78 W, 35, 120 MHz, 3996 MHz, 0 %, 0 %
2026/09/20 16:05:36.810, 5, 179.47 W, 32, 120 MHz, 3996 MHz, 0 %, 0 %
2026/09/20 16:05:36.810, 6, 180.17 W, 29, 120 MHz, 3996 MHz, 0 %, 0 %
2026/09/20 16:05:36.810, 7, 182.13 W, 29, 120 MHz, 3996 MHz, 0 %, 0 %
2026/09/20 16:05:37.810, 0, 956.75 W, 57, 2032 MHz, 3996 MHz, 99 %, 62 %
2026/09/20 16:05:37.810, 1, 971.88 W, 58, 2032 MHz, 3996 MHz, 99 %, 62 %
2026/09/20 16:05:37.810, 2, 942.99 W, 50, 2032 MHz, 3996 MHz, 99 %, 62 %
2026/09/20 16:05:37.810, 3, 949.43 W, 50, 2032 MHz, 3996 MHz, 99 %, 63 %
2026/09/20 16:05:37.810, 4, 182.66 W, 35, 120 MHz, 3996 MHz, 0 %, 0 %
2026/09/20 16:05:37.811, 5, 179.47 W, 32, 120 MHz, 3996 MHz, 0 %, 0 %
2026/09/20 16:05:37.811, 6, 180.17 W, 29, 120 MHz, 3996 MHz, 0 %, 0 %
2026/09/20 16:05:37.811, 7, 182.13 W, 29, 120 MHz, 3996 MHz, 0 %, 0 %
2026/09/20 16:05:38.811, 0, 968.33 W, 57, 2032 MHz, 3996 MHz, 99 %, 63 %
2026/09/20 16:05:38.811, 1, 982.24 W, 59, 2032 MHz, 3996 MHz, 99 %, 63 %
2026/09/20 16:05:38.811, 2, 955.27 W, 50, 2032 MHz, 3996 MHz, 99 %, 62 %
2026/09/20 16:05:38.811, 3, 957.57 W, 51, 2032 MHz, 3996 MHz, 99 %, 63 %
2026/09/20 16:05:38.811, 4, 182.90 W, 35, 120 MHz, 3996 MHz, 0 %, 0 %
2026/09/20 16:05:38.811, 5, 179.47 W, 32, 120 MHz, 3996 MHz, 0 %, 0 %
2026/09/20 16:05:38.811, 6, 180.17 W, 29, 120 MHz, 3996 MHz, 0 %, 0 %
2026/09/20 16:05:38.811, 7, 182.13 W, 29, 120 MHz, 3996 MHz, 0 %, 0 %
2026/09/20 16:05:39.811, 0, 973.18 W, 57, 2032 MHz, 3996 MHz, 99 %, 62 %
2026/09/20 16:05:39.811, 1, 987.41 W, 59, 2032 MHz, 3996 MHz, 99 %, 63 %
2026/09/20 16:05:39.811, 2, 960.21 W, 51, 2032 MHz, 3996 MHz, 99 %, 62 %
2026/09/20 16:05:39.811, 3, 961.15 W, 51, 2032 MHz, 3996 MHz, 99 %, 63 %
2026/09/20 16:05:39.811, 4, 182.87 W, 35, 120 MHz, 3996 MHz, 0 %, 0 %
2026/09/20 16:05:39.811, 5, 179.46 W, 32, 120 MHz, 3996 MHz, 0 %, 0 %
2026/09/20 16:05:39.811, 6, 180.17 W, 29, 120 MHz, 3996 MHz, 0 %, 0 %
2026/09/20 16:05:39.811, 7, 182.13 W, 29, 120 MHz, 3996 MHz, 0 %, 0 %
2026/09/20 16:05:40.811, 0, 979.25 W, 58, 2032 MHz, 3996 MHz, 99 %, 63 %
2026/09/20 16:05:40.811, 1, 987.85 W, 60, 2032 MHz, 3996 MHz, 99 %, 63 %
2026/09/20 16:05:40.811, 2, 966.68 W, 51, 2032 MHz, 3996 MHz, 99 %, 63 %
2026/09/20 16:05:40.811, 3, 962.80 W, 51, 2032 MHz, 3996 MHz, 99 %, 63 %
2026/09/20 16:05:40.811, 4, 182.98 W, 35, 120 MHz, 3996 MHz, 0 %, 0 %
2026/09/20 16:05:40.811, 5, 179.47 W, 32, 120 MHz, 3996 MHz, 0 %, 0 %
2026/09/20 16:05:40.811, 6, 180.17 W, 29, 120 MHz, 3996 MHz, 0 %, 0 %
2026/09/20 16:05:40.811, 7, 182.13 W, 29, 120 MHz, 3996 MHz, 0 %, 0 %
2026/09/20 16:05:41.811, 0, 920.14 W, 58, 2032 MHz, 3996 MHz, 99 %, 62 %
2026/09/20 16:05:41.812, 1, 924.76 W, 59, 2032 MHz, 3996 MHz, 99 %, 63 %
2026/09/20 16:05:41.812, 2, 853.30 W, 49, 2032 MHz, 3996 MHz, 99 %, 63 %
2026/09/20 16:05:41.812, 3, 908.14 W, 51, 2032 MHz, 3996 MHz, 99 %, 63 %
2026/09/20 16:05:41.812, 4, 182.86 W, 35, 120 MHz, 3996 MHz, 0 %, 0 %
2026/09/20 16:05:41.812, 5, 179.47 W, 32, 120 MHz, 3996 MHz, 0 %, 0 %
2026/09/20 16:05:41.812, 6, 180.17 W, 29, 120 MHz, 3996 MHz, 0 %, 0 %
2026/09/20 16:05:41.812, 7, 182.13 W, 29, 120 MHz, 3996 MHz, 0 %, 0 %
2026/09/20 16:05:42.812, 0, 945.24 W, 56, 2032 MHz, 3996 MHz, 91 %, 56 %
2026/09/20 16:05:42.812, 1, 951.41 W, 58, 2032 MHz, 3996 MHz, 98 %, 12 %
2026/09/20 16:05:42.812, 2, 925.67 W, 49, 2032 MHz, 3996 MHz, 99 %, 53 %
2026/09/20 16:05:42.812, 3, 930.76 W, 50, 2032 MHz, 3996 MHz, 97 %, 42 %
2026/09/20 16:05:42.812, 4, 182.86 W, 35, 120 MHz, 3996 MHz, 0 %, 0 %
2026/09/20 16:05:42.812, 5, 179.46 W, 32, 120 MHz, 3996 MHz, 0 %, 0 %
2026/09/20 16:05:42.812, 6, 180.17 W, 29, 120 MHz, 3996 MHz, 0 %, 0 %
2026/09/20 16:05:42.812, 7, 182.13 W, 29, 120 MHz, 3996 MHz, 0 %, 0 %
2026/09/20 16:05:43.812, 0, 858.88 W, 57, 2032 MHz, 3996 MHz, 100 %, 11 %
2026/09/20 16:05:43.812, 1, 823.04 W, 56, 2032 MHz, 3996 MHz, 44 %, 12 %
2026/09/20 16:05:43.812, 2, 836.60 W, 49, 2032 MHz, 3996 MHz, 94 %, 16 %
2026/09/20 16:05:43.812, 3, 851.34 W, 47, 2032 MHz, 3996 MHz, 100 %, 11 %
2026/09/20 16:05:43.812, 4, 182.86 W, 35, 120 MHz, 3996 MHz, 0 %, 0 %
2026/09/20 16:05:43.812, 5, 179.47 W, 32, 120 MHz, 3996 MHz, 0 %, 0 %
2026/09/20 16:05:43.812, 6, 180.17 W, 29, 120 MHz, 3996 MHz, 0 %, 0 %
2026/09/20 16:05:43.812, 7, 182.13 W, 29, 120 MHz, 3996 MHz, 0 %, 0 %
2026/09/20 16:05:44.812, 0, 830.67 W, 58, 2032 MHz, 3996 MHz, 99 %, 62 %
2026/09/20 16:05:44.812, 1, 869.34 W, 59, 2032 MHz, 3996 MHz, 99 %, 62 %
2026/09/20 16:05:44.812, 2, 791.20 W, 50, 2032 MHz, 3996 MHz, 99 %, 62 %
2026/09/20 16:05:44.812, 3, 767.68 W, 50, 2032 MHz, 3996 MHz, 99 %, 62 %
2026/09/20 16:05:44.812, 4, 182.56 W, 35, 120 MHz, 3996 MHz, 0 %, 0 %
2026/09/20 16:05:44.812, 5, 179.47 W, 32, 120 MHz, 3996 MHz, 0 %, 0 %
2026/09/20 16:05:44.812, 6, 180.17 W, 29, 120 MHz, 3996 MHz, 0 %, 0 %
2026/09/20 16:05:44.813, 7, 182.13 W, 29, 120 MHz, 3996 MHz, 0 %, 0 %
2026/09/20 16:05:45.813, 0, 849.11 W, 58, 2032 MHz, 3996 MHz, 99 %, 61 %
2026/09/20 16:05:45.813, 1, 791.94 W, 59, 2032 MHz, 3996 MHz, 99 %, 62 %
2026/09/20 16:05:45.813, 2, 816.75 W, 50, 2032 MHz, 3996 MHz, 99 %, 61 %
2026/09/20 16:05:45.813, 3, 799.50 W, 51, 2032 MHz, 3996 MHz, 99 %, 61 %
2026/09/20 16:05:45.813, 4, 182.74 W, 35, 120 MHz, 3996 MHz, 0 %, 0 %
2026/09/20 16:05:45.813, 5, 179.47 W, 32, 120 MHz, 3996 MHz, 0 %, 0 %
2026/09/20 16:05:45.813, 6, 180.17 W, 29, 120 MHz, 3996 MHz, 0 %, 0 %
2026/09/20 16:05:45.813, 7, 182.13 W, 29, 120 MHz, 3996 MHz, 0 %, 0 %
2026/09/20 16:05:46.813, 0, 799.71 W, 55, 2032 MHz, 3996 MHz, 34 %, 16 %
2026/09/20 16:05:46.813, 1, 757.15 W, 58, 2032 MHz, 3996 MHz, 100 %, 9 %
2026/09/20 16:05:46.813, 2, 773.45 W, 49, 2032 MHz, 3996 MHz, 98 %, 9 %
2026/09/20 16:05:46.813, 3, 783.55 W, 49, 2032 MHz, 3996 MHz, 100 %, 9 %
2026/09/20 16:05:46.813, 4, 182.45 W, 35, 120 MHz, 3996 MHz, 0 %, 0 %
2026/09/20 16:05:46.813, 5, 179.47 W, 32, 120 MHz, 3996 MHz, 0 %, 0 %
2026/09/20 16:05:46.813, 6, 180.17 W, 29, 120 MHz, 3996 MHz, 0 %, 0 %
2026/09/20 16:05:46.813, 7, 182.13 W, 29, 120 MHz, 3996 MHz, 0 %, 0 %
2026/09/20 16:05:47.813, 0, 878.34 W, 58, 2032 MHz, 3996 MHz, 99 %, 61 %
2026/09/20 16:05:47.813, 1, 917.49 W, 60, 2032 MHz, 3996 MHz, 99 %, 61 %
2026/09/20 16:05:47.813, 2, 895.03 W, 50, 2032 MHz, 3996 MHz, 99 %, 60 %
2026/09/20 16:05:47.813, 3, 894.03 W, 51, 2032 MHz, 3996 MHz, 99 %, 60 %
2026/09/20 16:05:47.813, 4, 182.94 W, 35, 120 MHz, 3996 MHz, 0 %, 0 %
2026/09/20 16:05:47.813, 5, 179.47 W, 32, 120 MHz, 3996 MHz, 0 %, 0 %
2026/09/20 16:05:47.813, 6, 180.17 W, 29, 120 MHz, 3996 MHz, 0 %, 0 %
2026/09/20 16:05:47.813, 7, 182.13 W, 29, 120 MHz, 3996 MHz, 0 %, 0 %
2026/09/20 16:05:48.813, 0, 947.33 W, 59, 2032 MHz, 3996 MHz, 99 %, 61 %
2026/09/20 16:05:48.813, 1, 954.42 W, 60, 2032 MHz, 3996 MHz, 99 %, 61 %
2026/09/20 16:05:48.813, 2, 926.74 W, 50, 2032 MHz, 3996 MHz, 99 %, 60 %
2026/09/20 16:05:48.813, 3, 929.47 W, 51, 2032 MHz, 3996 MHz, 99 %, 61 %
2026/09/20 16:05:48.813, 4, 182.63 W, 35, 120 MHz, 3996 MHz, 0 %, 0 %
2026/09/20 16:05:48.814, 5, 179.47 W, 32, 120 MHz, 3996 MHz, 0 %, 0 %
2026/09/20 16:05:48.814, 6, 180.17 W, 29, 120 MHz, 3996 MHz, 0 %, 0 %
2026/09/20 16:05:48.814, 7, 182.13 W, 29, 120 MHz, 3996 MHz, 0 %, 0 %
2026/09/20 16:05:49.814, 0, 957.44 W, 59, 2032 MHz, 3996 MHz, 99 %, 63 %
2026/09/20 16:05:49.814, 1, 966.22 W, 61, 2032 MHz, 3996 MHz, 99 %, 62 %
2026/09/20 16:05:49.814, 2, 938.84 W, 52, 2032 MHz, 3996 MHz, 99 %, 62 %
2026/09/20 16:05:49.814, 3, 947.45 W, 52, 2032 MHz, 3996 MHz, 99 %, 63 %
2026/09/20 16:05:49.814, 4, 182.68 W, 35, 120 MHz, 3996 MHz, 0 %, 0 %
2026/09/20 16:05:49.814, 5, 179.46 W, 32, 120 MHz, 3996 MHz, 0 %, 0 %
2026/09/20 16:05:49.814, 6, 180.17 W, 29, 120 MHz, 3996 MHz, 0 %, 0 %
2026/09/20 16:05:49.814, 7, 182.13 W, 29, 120 MHz, 3996 MHz, 0 %, 0 %
2026/09/20 16:05:50.814, 0, 970.44 W, 60, 2032 MHz, 3996 MHz, 99 %, 62 %
2026/09/20 16:05:50.814, 1, 982.34 W, 61, 2032 MHz, 3996 MHz, 99 %, 62 %
2026/09/20 16:05:50.814, 2, 948.79 W, 52, 2032 MHz, 3996 MHz, 99 %, 61 %
2026/09/20 16:05:50.814, 3, 957.32 W, 52, 2032 MHz, 3996 MHz, 99 %, 62 %
2026/09/20 16:05:50.814, 4, 182.78 W, 35, 120 MHz, 3996 MHz, 0 %, 0 %
2026/09/20 16:05:50.814, 5, 179.47 W, 32, 120 MHz, 3996 MHz, 0 %, 0 %
2026/09/20 16:05:50.814, 6, 180.17 W, 29, 120 MHz, 3996 MHz, 0 %, 0 %
2026/09/20 16:05:50.814, 7, 182.13 W, 29, 120 MHz, 3996 MHz, 0 %, 0 %
2026/09/20 16:05:51.814, 0, 974.65 W, 60, 2032 MHz, 3996 MHz, 99 %, 62 %
2026/09/20 16:05:51.814, 1, 986.78 W, 61, 2032 MHz, 3996 MHz, 99 %, 63 %
2026/09/20 16:05:51.814, 2, 963.84 W, 52, 2032 MHz, 3996 MHz, 99 %, 62 %
2026/09/20 16:05:51.814, 3, 964.95 W, 53, 2032 MHz, 3996 MHz, 99 %, 63 %
2026/09/20 16:05:51.814, 4, 182.67 W, 35, 120 MHz, 3996 MHz, 0 %, 0 %
2026/09/20 16:05:51.814, 5, 179.47 W, 32, 120 MHz, 3996 MHz, 0 %, 0 %
2026/09/20 16:05:51.814, 6, 180.17 W, 29, 120 MHz, 3996 MHz, 0 %, 0 %
2026/09/20 16:05:51.814, 7, 182.13 W, 29, 120 MHz, 3996 MHz, 0 %, 0 %
2026/09/20 16:05:52.815, 0, 985.36 W, 61, 2032 MHz, 3996 MHz, 99 %, 63 %
2026/09/20 16:05:52.815, 1, 996.90 W, 62, 2032 MHz, 3996 MHz, 99 %, 63 %
2026/09/20 16:05:52.815, 2, 968.55 W, 52, 2032 MHz, 3996 MHz, 99 %, 63 %
2026/09/20 16:05:52.815, 3, 976.27 W, 52, 2032 MHz, 3996 MHz, 99 %, 63 %
2026/09/20 16:05:52.815, 4, 182.23 W, 35, 120 MHz, 3996 MHz, 0 %, 0 %
2026/09/20 16:05:52.815, 5, 179.47 W, 32, 120 MHz, 3996 MHz, 0 %, 0 %
2026/09/20 16:05:52.815, 6, 180.17 W, 29, 120 MHz, 3996 MHz, 0 %, 0 %
2026/09/20 16:05:52.815, 7, 182.13 W, 29, 120 MHz, 3996 MHz, 0 %, 0 %
2026/09/20 16:05:53.815, 0, 865.50 W, 57, 2032 MHz, 3996 MHz, 78 %, 22 %
2026/09/20 16:05:53.815, 1, 826.71 W, 59, 2032 MHz, 3996 MHz, 95 %, 9 %
2026/09/20 16:05:53.815, 2, 845.13 W, 50, 2032 MHz, 3996 MHz, 91 %, 22 %
2026/09/20 16:05:53.815, 3, 811.23 W, 50, 2032 MHz, 3996 MHz, 75 %, 23 %
2026/09/20 16:05:53.815, 4, 182.75 W, 35, 120 MHz, 3996 MHz, 0 %, 0 %
2026/09/20 16:05:53.815, 5, 179.47 W, 32, 120 MHz, 3996 MHz, 0 %, 0 %
2026/09/20 16:05:53.815, 6, 180.17 W, 29, 120 MHz, 3996 MHz, 0 %, 0 %
2026/09/20 16:05:53.815, 7, 182.13 W, 29, 120 MHz, 3996 MHz, 0 %, 0 %
2026/09/20 16:05:54.815, 0, 842.48 W, 59, 2032 MHz, 3996 MHz, 99 %, 52 %
2026/09/20 16:05:54.815, 1, 868.17 W, 61, 2032 MHz, 3996 MHz, 100 %, 9 %
2026/09/20 16:05:54.815, 2, 816.24 W, 50, 2032 MHz, 3996 MHz, 99 %, 46 %
2026/09/20 16:05:54.815, 3, 838.08 W, 49, 2032 MHz, 3996 MHz, 70 %, 39 %
2026/09/20 16:05:54.815, 4, 182.83 W, 35, 120 MHz, 3996 MHz, 0 %, 0 %
2026/09/20 16:05:54.815, 5, 179.47 W, 32, 120 MHz, 3996 MHz, 0 %, 0 %
2026/09/20 16:05:54.815, 6, 180.17 W, 29, 120 MHz, 3996 MHz, 0 %, 0 %
2026/09/20 16:05:54.815, 7, 182.13 W, 29, 120 MHz, 3996 MHz, 0 %, 0 %
2026/09/20 16:05:55.815, 0, 859.33 W, 60, 2032 MHz, 3996 MHz, 97 %, 61 %
2026/09/20 16:05:55.815, 1, 917.16 W, 62, 2032 MHz, 3996 MHz, 99 %, 63 %
2026/09/20 16:05:55.815, 2, 885.86 W, 52, 2032 MHz, 3996 MHz, 99 %, 62 %
2026/09/20 16:05:55.815, 3, 887.83 W, 52, 2032 MHz, 3996 MHz, 99 %, 62 %
2026/09/20 16:05:55.815, 4, 182.67 W, 35, 120 MHz, 3996 MHz, 0 %, 0 %
2026/09/20 16:05:55.815, 5, 179.47 W, 32, 120 MHz, 3996 MHz, 0 %, 0 %
2026/09/20 16:05:55.816, 6, 180.17 W, 29, 120 MHz, 3996 MHz, 0 %, 0 %
2026/09/20 16:05:55.816, 7, 182.13 W, 29, 120 MHz, 3996 MHz, 0 %, 0 %
2026/09/20 16:05:56.816, 0, 899.38 W, 59, 2032 MHz, 3996 MHz, 91 %, 21 %
2026/09/20 16:05:56.816, 1, 899.12 W, 61, 2032 MHz, 3996 MHz, 100 %, 9 %
2026/09/20 16:05:56.816, 2, 828.68 W, 49, 2032 MHz, 3996 MHz, 82 %, 22 %
2026/09/20 16:05:56.816, 3, 832.07 W, 49, 2032 MHz, 3996 MHz, 38 %, 20 %
2026/09/20 16:05:56.816, 4, 182.70 W, 35, 120 MHz, 3996 MHz, 0 %, 0 %
2026/09/20 16:05:56.816, 5, 179.47 W, 32, 120 MHz, 3996 MHz, 0 %, 0 %
2026/09/20 16:05:56.816, 6, 180.17 W, 29, 120 MHz, 3996 MHz, 0 %, 0 %
2026/09/20 16:05:56.816, 7, 182.13 W, 29, 120 MHz, 3996 MHz, 0 %, 0 %
2026/09/20 16:05:57.816, 0, 838.04 W, 59, 2032 MHz, 3996 MHz, 99 %, 39 %
2026/09/20 16:05:57.816, 1, 852.04 W, 60, 2032 MHz, 3996 MHz, 30 %, 13 %
2026/09/20 16:05:57.816, 2, 851.99 W, 51, 2032 MHz, 3996 MHz, 99 %, 34 %
2026/09/20 16:05:57.816, 3, 840.97 W, 51, 2032 MHz, 3996 MHz, 100 %, 25 %
2026/09/20 16:05:57.816, 4, 182.71 W, 35, 120 MHz, 3996 MHz, 0 %, 0 %
2026/09/20 16:05:57.816, 5, 179.46 W, 32, 120 MHz, 3996 MHz, 0 %, 0 %
2026/09/20 16:05:57.816, 6, 180.17 W, 29, 120 MHz, 3996 MHz, 0 %, 0 %
2026/09/20 16:05:57.816, 7, 182.13 W, 29, 120 MHz, 3996 MHz, 0 %, 0 %
2026/09/20 16:05:58.816, 0, 797.17 W, 58, 2032 MHz, 3996 MHz, 100 %, 11 %
2026/09/20 16:05:58.816, 1, 799.27 W, 59, 2032 MHz, 3996 MHz, 52 %, 27 %
2026/09/20 16:05:58.816, 2, 772.47 W, 49, 2032 MHz, 3996 MHz, 100 %, 11 %
2026/09/20 16:05:58.816, 3, 805.47 W, 51, 2032 MHz, 3996 MHz, 100 %, 15 %
2026/09/20 16:05:58.816, 4, 182.79 W, 35, 120 MHz, 3996 MHz, 0 %, 0 %
2026/09/20 16:05:58.816, 5, 179.46 W, 32, 120 MHz, 3996 MHz, 0 %, 0 %
2026/09/20 16:05:58.816, 6, 180.17 W, 29, 120 MHz, 3996 MHz, 0 %, 0 %
2026/09/20 16:05:58.816, 7, 182.13 W, 29, 120 MHz, 3996 MHz, 0 %, 0 %
2026/09/20 16:05:59.817, 0, 868.98 W, 60, 2032 MHz, 3996 MHz, 86 %, 52 %
2026/09/20 16:05:59.817, 1, 921.63 W, 61, 2032 MHz, 3996 MHz, 99 %, 60 %
2026/09/20 16:05:59.817, 2, 893.62 W, 52, 2032 MHz, 3996 MHz, 95 %, 56 %
2026/09/20 16:05:59.817, 3, 893.12 W, 52, 2032 MHz, 3996 MHz, 99 %, 60 %
2026/09/20 16:05:59.817, 4, 182.90 W, 35, 120 MHz, 3996 MHz, 0 %, 0 %
2026/09/20 16:05:59.817, 5, 179.46 W, 32, 120 MHz, 3996 MHz, 0 %, 0 %
2026/09/20 16:05:59.817, 6, 180.17 W, 29, 120 MHz, 3996 MHz, 0 %, 0 %
2026/09/20 16:05:59.817, 7, 182.13 W, 29, 120 MHz, 3996 MHz, 0 %, 0 %
2026/09/20 16:06:00.817, 0, 948.95 W, 61, 2032 MHz, 3996 MHz, 99 %, 61 %
2026/09/20 16:06:00.817, 1, 956.54 W, 63, 2032 MHz, 3996 MHz, 99 %, 61 %
2026/09/20 16:06:00.817, 2, 928.23 W, 52, 2032 MHz, 3996 MHz, 99 %, 61 %
2026/09/20 16:06:00.817, 3, 927.58 W, 53, 2032 MHz, 3996 MHz, 99 %, 60 %
2026/09/20 16:06:00.817, 4, 182.67 W, 35, 120 MHz, 3996 MHz, 0 %, 0 %
2026/09/20 16:06:00.817, 5, 179.47 W, 32, 120 MHz, 3996 MHz, 0 %, 0 %
2026/09/20 16:06:00.817, 6, 180.17 W, 29, 120 MHz, 3996 MHz, 0 %, 0 %
2026/09/20 16:06:00.817, 7, 182.13 W, 29, 120 MHz, 3996 MHz, 0 %, 0 %
2026/09/20 16:06:01.817, 0, 951.79 W, 61, 2032 MHz, 3996 MHz, 99 %, 61 %
2026/09/20 16:06:01.817, 1, 963.91 W, 63, 2032 MHz, 3996 MHz, 99 %, 61 %
2026/09/20 16:06:01.817, 2, 932.34 W, 52, 2032 MHz, 3996 MHz, 99 %, 60 %
2026/09/20 16:06:01.817, 3, 937.16 W, 53, 2032 MHz, 3996 MHz, 99 %, 61 %
2026/09/20 16:06:01.817, 4, 182.60 W, 35, 120 MHz, 3996 MHz, 0 %, 0 %
2026/09/20 16:06:01.817, 5, 179.47 W, 32, 120 MHz, 3996 MHz, 0 %, 0 %
2026/09/20 16:06:01.817, 6, 180.17 W, 29, 120 MHz, 3996 MHz, 0 %, 0 %
2026/09/20 16:06:01.817, 7, 182.13 W, 29, 120 MHz, 3996 MHz, 0 %, 0 %
2026/09/20 16:06:02.817, 0, 963.72 W, 62, 2032 MHz, 3996 MHz, 99 %, 62 %
2026/09/20 16:06:02.817, 1, 976.07 W, 64, 2032 MHz, 3996 MHz, 99 %, 62 %
2026/09/20 16:06:02.817, 2, 948.25 W, 53, 2032 MHz, 3996 MHz, 99 %, 62 %
2026/09/20 16:06:02.817, 3, 952.43 W, 53, 2032 MHz, 3996 MHz, 99 %, 62 %
2026/09/20 16:06:02.817, 4, 182.87 W, 35, 120 MHz, 3996 MHz, 0 %, 0 %
2026/09/20 16:06:02.817, 5, 179.46 W, 32, 120 MHz, 3996 MHz, 0 %, 0 %
2026/09/20 16:06:02.818, 6, 180.17 W, 29, 120 MHz, 3996 MHz, 0 %, 0 %
2026/09/20 16:06:02.818, 7, 182.13 W, 29, 120 MHz, 3996 MHz, 0 %, 0 %
2026/09/20 16:06:03.818, 0, 970.00 W, 62, 2032 MHz, 3996 MHz, 99 %, 62 %
2026/09/20 16:06:03.818, 1, 980.22 W, 64, 2032 MHz, 3996 MHz, 99 %, 62 %
2026/09/20 16:06:03.818, 2, 946.56 W, 53, 2032 MHz, 3996 MHz, 99 %, 62 %
2026/09/20 16:06:03.818, 3, 952.37 W, 53, 2032 MHz, 3996 MHz, 99 %, 62 %
2026/09/20 16:06:03.818, 4, 182.98 W, 35, 120 MHz, 3996 MHz, 0 %, 0 %
2026/09/20 16:06:03.818, 5, 179.47 W, 32, 120 MHz, 3996 MHz, 0 %, 0 %
2026/09/20 16:06:03.818, 6, 180.17 W, 29, 120 MHz, 3996 MHz, 0 %, 0 %
2026/09/20 16:06:03.818, 7, 182.13 W, 29, 120 MHz, 3996 MHz, 0 %, 0 %
2026/09/20 16:06:04.818, 0, 911.50 W, 62, 2032 MHz, 3996 MHz, 99 %, 62 %
2026/09/20 16:06:04.818, 1, 938.58 W, 64, 2032 MHz, 3996 MHz, 99 %, 62 %
2026/09/20 16:06:04.818, 2, 883.52 W, 52, 2032 MHz, 3996 MHz, 99 %, 61 %
2026/09/20 16:06:04.818, 3, 895.28 W, 53, 2032 MHz, 3996 MHz, 99 %, 61 %
2026/09/20 16:06:04.818, 4, 182.75 W, 35, 120 MHz, 3996 MHz, 0 %, 0 %
2026/09/20 16:06:04.818, 5, 179.47 W, 32, 120 MHz, 3996 MHz, 0 %, 0 %
2026/09/20 16:06:04.818, 6, 180.17 W, 29, 120 MHz, 3996 MHz, 0 %, 0 %
2026/09/20 16:06:04.818, 7, 182.13 W, 29, 120 MHz, 3996 MHz, 0 %, 0 %
2026/09/20 16:06:05.818, 0, 968.63 W, 61, 2032 MHz, 3996 MHz, 99 %, 62 %
2026/09/20 16:06:05.818, 1, 975.14 W, 64, 2032 MHz, 3996 MHz, 100 %, 24 %
2026/09/20 16:06:05.818, 2, 941.28 W, 52, 2032 MHz, 3996 MHz, 99 %, 62 %
2026/09/20 16:06:05.818, 3, 943.91 W, 53, 2032 MHz, 3996 MHz, 99 %, 54 %
2026/09/20 16:06:05.818, 4, 182.62 W, 35, 120 MHz, 3996 MHz, 0 %, 0 %
2026/09/20 16:06:05.818, 5, 179.47 W, 32, 120 MHz, 3996 MHz, 0 %, 0 %
2026/09/20 16:06:05.818, 6, 180.17 W, 29, 120 MHz, 3996 MHz, 0 %, 0 %
2026/09/20 16:06:05.818, 7, 182.13 W, 29, 120 MHz, 3996 MHz, 0 %, 0 %
2026/09/20 16:06:06.819, 0, 847.41 W, 62, 2032 MHz, 3996 MHz, 99 %, 62 %
2026/09/20 16:06:06.819, 1, 905.67 W, 64, 2032 MHz, 3996 MHz, 99 %, 63 %
2026/09/20 16:06:06.819, 2, 882.81 W, 53, 2032 MHz, 3996 MHz, 99 %, 63 %
2026/09/20 16:06:06.819, 3, 846.13 W, 53, 2032 MHz, 3996 MHz, 99 %, 62 %
2026/09/20 16:06:06.819, 4, 182.63 W, 35, 120 MHz, 3996 MHz, 0 %, 0 %
2026/09/20 16:06:06.819, 5, 179.47 W, 32, 120 MHz, 3996 MHz, 0 %, 0 %
2026/09/20 16:06:06.819, 6, 180.17 W, 29, 120 MHz, 3996 MHz, 0 %, 0 %
2026/09/20 16:06:06.819, 7, 182.13 W, 29, 120 MHz, 3996 MHz, 0 %, 0 %
2026/09/20 16:06:07.819, 0, 936.20 W, 62, 2032 MHz, 3996 MHz, 99 %, 62 %
2026/09/20 16:06:07.819, 1, 939.88 W, 64, 2032 MHz, 3996 MHz, 99 %, 52 %
2026/09/20 16:06:07.819, 2, 867.83 W, 52, 2032 MHz, 3996 MHz, 99 %, 63 %
2026/09/20 16:06:07.819, 3, 911.79 W, 53, 2032 MHz, 3996 MHz, 99 %, 62 %
2026/09/20 16:06:07.819, 4, 182.49 W, 35, 120 MHz, 3996 MHz, 0 %, 0 %
2026/09/20 16:06:07.819, 5, 179.47 W, 32, 120 MHz, 3996 MHz, 0 %, 0 %
2026/09/20 16:06:07.819, 6, 180.17 W, 29, 120 MHz, 3996 MHz, 0 %, 0 %
2026/09/20 16:06:07.819, 7, 182.13 W, 29, 120 MHz, 3996 MHz, 0 %, 0 %
2026/09/20 16:06:08.819, 0, 828.42 W, 62, 2032 MHz, 3996 MHz, 99 %, 49 %
2026/09/20 16:06:08.819, 1, 868.30 W, 63, 2032 MHz, 3996 MHz, 100 %, 9 %
2026/09/20 16:06:08.819, 2, 821.73 W, 51, 2032 MHz, 3996 MHz, 84 %, 48 %
2026/09/20 16:06:08.819, 3, 808.58 W, 52, 2032 MHz, 3996 MHz, 100 %, 34 %
2026/09/20 16:06:08.819, 4, 182.90 W, 35, 120 MHz, 3996 MHz, 0 %, 0 %
2026/09/20 16:06:08.819, 5, 179.47 W, 32, 120 MHz, 3996 MHz, 0 %, 0 %
2026/09/20 16:06:08.819, 6, 180.17 W, 29, 120 MHz, 3996 MHz, 0 %, 0 %
2026/09/20 16:06:08.819, 7, 182.13 W, 29, 120 MHz, 3996 MHz, 0 %, 0 %
2026/09/20 16:06:09.819, 0, 844.58 W, 63, 2032 MHz, 3996 MHz, 99 %, 61 %
2026/09/20 16:06:09.819, 1, 814.88 W, 63, 2032 MHz, 3996 MHz, 99 %, 61 %
2026/09/20 16:06:09.819, 2, 813.19 W, 52, 2032 MHz, 3996 MHz, 99 %, 61 %
2026/09/20 16:06:09.819, 3, 773.74 W, 53, 2032 MHz, 3996 MHz, 99 %, 60 %
2026/09/20 16:06:09.819, 4, 182.71 W, 35, 120 MHz, 3996 MHz, 0 %, 0 %
2026/09/20 16:06:09.820, 5, 179.46 W, 32, 120 MHz, 3996 MHz, 0 %, 0 %
2026/09/20 16:06:09.820, 6, 180.17 W, 29, 120 MHz, 3996 MHz, 0 %, 0 %
2026/09/20 16:06:09.820, 7, 182.13 W, 29, 120 MHz, 3996 MHz, 0 %, 0 %
2026/09/20 16:06:10.820, 0, 819.28 W, 60, 2032 MHz, 3996 MHz, 99 %, 40 %
2026/09/20 16:06:10.820, 1, 805.80 W, 61, 2032 MHz, 3996 MHz, 100 %, 11 %
2026/09/20 16:06:10.820, 2, 829.68 W, 51, 2032 MHz, 3996 MHz, 99 %, 39 %
2026/09/20 16:06:10.820, 3, 799.29 W, 50, 2032 MHz, 3996 MHz, 53 %, 29 %
2026/09/20 16:06:10.820, 4, 182.90 W, 35, 120 MHz, 3996 MHz, 0 %, 0 %
2026/09/20 16:06:10.820, 5, 179.47 W, 32, 120 MHz, 3996 MHz, 0 %, 0 %
2026/09/20 16:06:10.820, 6, 180.17 W, 29, 120 MHz, 3996 MHz, 0 %, 0 %
2026/09/20 16:06:10.820, 7, 182.13 W, 29, 120 MHz, 3996 MHz, 0 %, 0 %
2026/09/20 16:06:11.820, 0, 906.14 W, 63, 2032 MHz, 3996 MHz, 99 %, 61 %
2026/09/20 16:06:11.820, 1, 931.67 W, 64, 2032 MHz, 3996 MHz, 99 %, 62 %
2026/09/20 16:06:11.820, 2, 903.53 W, 53, 2032 MHz, 3996 MHz, 99 %, 61 %
2026/09/20 16:06:11.820, 3, 863.21 W, 53, 2032 MHz, 3996 MHz, 99 %, 60 %
2026/09/20 16:06:11.820, 4, 182.64 W, 35, 120 MHz, 3996 MHz, 0 %, 0 %
2026/09/20 16:06:11.820, 5, 179.47 W, 32, 120 MHz, 3996 MHz, 0 %, 0 %
2026/09/20 16:06:11.820, 6, 180.17 W, 29, 120 MHz, 3996 MHz, 0 %, 0 %
2026/09/20 16:06:11.820, 7, 182.13 W, 29, 120 MHz, 3996 MHz, 0 %, 0 %
2026/09/20 16:06:12.820, 0, 884.71 W, 62, 2032 MHz, 3996 MHz, 55 %, 31 %
2026/09/20 16:06:12.820, 1, 939.93 W, 64, 2032 MHz, 3996 MHz, 99 %, 62 %
2026/09/20 16:06:12.820, 2, 903.73 W, 53, 2032 MHz, 3996 MHz, 95 %, 33 %
2026/09/20 16:06:12.820, 3, 905.46 W, 53, 2032 MHz, 3996 MHz, 95 %, 42 %
2026/09/20 16:06:12.820, 4, 182.68 W, 35, 120 MHz, 3996 MHz, 0 %, 0 %
2026/09/20 16:06:12.820, 5, 179.46 W, 32, 120 MHz, 3996 MHz, 0 %, 0 %
2026/09/20 16:06:12.820, 6, 180.17 W, 29, 120 MHz, 3996 MHz, 0 %, 0 %
2026/09/20 16:06:12.820, 7, 182.13 W, 29, 120 MHz, 3996 MHz, 0 %, 0 %
2026/09/20 16:06:13.821, 0, 954.18 W, 63, 2032 MHz, 3996 MHz, 99 %, 61 %
2026/09/20 16:06:13.821, 1, 969.99 W, 65, 2032 MHz, 3996 MHz, 99 %, 61 %
2026/09/20 16:06:13.821, 2, 935.60 W, 53, 2032 MHz, 3996 MHz, 99 %, 61 %
2026/09/20 16:06:13.821, 3, 931.72 W, 54, 2032 MHz, 3996 MHz, 99 %, 61 %
2026/09/20 16:06:13.821, 4, 182.74 W, 35, 120 MHz, 3996 MHz, 0 %, 0 %
2026/09/20 16:06:13.821, 5, 179.47 W, 32, 120 MHz, 3996 MHz, 0 %, 0 %
2026/09/20 16:06:13.821, 6, 180.17 W, 29, 120 MHz, 3996 MHz, 0 %, 0 %
2026/09/20 16:06:13.821, 7, 182.13 W, 29, 120 MHz, 3996 MHz, 0 %, 0 %
2026/09/20 16:06:14.821, 0, 966.57 W, 64, 2032 MHz, 3996 MHz, 99 %, 61 %
2026/09/20 16:06:14.821, 1, 977.13 W, 65, 2032 MHz, 3996 MHz, 99 %, 62 %
2026/09/20 16:06:14.821, 2, 940.65 W, 53, 2032 MHz, 3996 MHz, 99 %, 61 %
2026/09/20 16:06:14.821, 3, 948.98 W, 54, 2032 MHz, 3996 MHz, 99 %, 61 %
2026/09/20 16:06:14.821, 4, 182.87 W, 35, 120 MHz, 3996 MHz, 0 %, 0 %
2026/09/20 16:06:14.821, 5, 179.46 W, 32, 120 MHz, 3996 MHz, 0 %, 0 %
2026/09/20 16:06:14.821, 6, 180.17 W, 29, 120 MHz, 3996 MHz, 0 %, 0 %
2026/09/20 16:06:14.821, 7, 182.13 W, 29, 120 MHz, 3996 MHz, 0 %, 0 %
2026/09/20 16:06:15.821, 0, 978.60 W, 64, 2032 MHz, 3996 MHz, 99 %, 62 %
2026/09/20 16:06:15.821, 1, 988.09 W, 65, 2032 MHz, 3996 MHz, 99 %, 62 %
2026/09/20 16:06:15.821, 2, 956.92 W, 54, 2032 MHz, 3996 MHz, 99 %, 62 %
2026/09/20 16:06:15.821, 3, 961.18 W, 54, 2032 MHz, 3996 MHz, 99 %, 62 %
2026/09/20 16:06:15.821, 4, 182.51 W, 35, 120 MHz, 3996 MHz, 0 %, 0 %
2026/09/20 16:06:15.821, 5, 179.46 W, 32, 120 MHz, 3996 MHz, 0 %, 0 %
2026/09/20 16:06:15.821, 6, 180.17 W, 29, 120 MHz, 3996 MHz, 0 %, 0 %
2026/09/20 16:06:15.821, 7, 182.13 W, 29, 120 MHz, 3996 MHz, 0 %, 0 %
2026/09/20 16:06:16.821, 0, 940.72 W, 64, 2032 MHz, 3996 MHz, 99 %, 62 %
2026/09/20 16:06:16.821, 1, 909.55 W, 65, 2032 MHz, 3996 MHz, 99 %, 63 %
2026/09/20 16:06:16.821, 2, 918.67 W, 54, 2032 MHz, 3996 MHz, 99 %, 63 %
2026/09/20 16:06:16.821, 3, 922.87 W, 54, 2032 MHz, 3996 MHz, 99 %, 62 %
2026/09/20 16:06:16.821, 4, 182.75 W, 35, 120 MHz, 3996 MHz, 0 %, 0 %
2026/09/20 16:06:16.821, 5, 179.47 W, 32, 120 MHz, 3996 MHz, 0 %, 0 %
2026/09/20 16:06:16.822, 6, 180.17 W, 29, 120 MHz, 3996 MHz, 0 %, 0 %
2026/09/20 16:06:16.822, 7, 182.13 W, 29, 120 MHz, 3996 MHz, 0 %, 0 %
2026/09/20 16:06:17.822, 0, 937.88 W, 64, 2032 MHz, 3996 MHz, 99 %, 63 %
2026/09/20 16:06:17.822, 1, 945.83 W, 66, 2032 MHz, 3996 MHz, 99 %, 63 %
2026/09/20 16:06:17.822, 2, 873.08 W, 54, 2032 MHz, 3996 MHz, 99 %, 63 %
2026/09/20 16:06:17.822, 3, 923.15 W, 54, 2032 MHz, 3996 MHz, 99 %, 63 %
2026/09/20 16:06:17.822, 4, 182.67 W, 35, 120 MHz, 3996 MHz, 0 %, 0 %
2026/09/20 16:06:17.822, 5, 179.47 W, 32, 120 MHz, 3996 MHz, 0 %, 0 %
2026/09/20 16:06:17.822, 6, 180.17 W, 29, 120 MHz, 3996 MHz, 0 %, 0 %
2026/09/20 16:06:17.822, 7, 182.13 W, 29, 120 MHz, 3996 MHz, 0 %, 0 %
2026/09/20 16:06:18.822, 0, 918.63 W, 63, 2032 MHz, 3996 MHz, 99 %, 63 %
2026/09/20 16:06:18.822, 1, 927.86 W, 65, 2032 MHz, 3996 MHz, 99 %, 63 %
2026/09/20 16:06:18.822, 2, 899.05 W, 54, 2032 MHz, 3996 MHz, 99 %, 63 %
2026/09/20 16:06:18.822, 3, 900.15 W, 54, 2032 MHz, 3996 MHz, 99 %, 63 %
2026/09/20 16:06:18.822, 4, 182.62 W, 35, 120 MHz, 3996 MHz, 0 %, 0 %
2026/09/20 16:06:18.822, 5, 179.47 W, 32, 120 MHz, 3996 MHz, 0 %, 0 %
2026/09/20 16:06:18.822, 6, 180.17 W, 29, 120 MHz, 3996 MHz, 0 %, 0 %
2026/09/20 16:06:18.822, 7, 182.13 W, 29, 120 MHz, 3996 MHz, 0 %, 0 %
2026/09/20 16:06:19.822, 0, 939.90 W, 63, 2032 MHz, 3996 MHz, 99 %, 63 %
2026/09/20 16:06:19.822, 1, 917.38 W, 64, 2032 MHz, 3996 MHz, 53 %, 29 %
2026/09/20 16:06:19.822, 2, 844.75 W, 52, 2032 MHz, 3996 MHz, 99 %, 63 %
2026/09/20 16:06:19.822, 3, 909.79 W, 54, 2032 MHz, 3996 MHz, 99 %, 56 %
2026/09/20 16:06:19.822, 4, 182.55 W, 35, 120 MHz, 3996 MHz, 0 %, 0 %
2026/09/20 16:06:19.822, 5, 179.46 W, 32, 120 MHz, 3996 MHz, 0 %, 0 %
2026/09/20 16:06:19.822, 6, 180.17 W, 29, 120 MHz, 3996 MHz, 0 %, 0 %
2026/09/20 16:06:19.822, 7, 182.13 W, 29, 120 MHz, 3996 MHz, 0 %, 0 %
2026/09/20 16:06:20.822, 0, 907.82 W, 63, 2032 MHz, 3996 MHz, 100 %, 9 %
2026/09/20 16:06:20.822, 1, 851.75 W, 61, 2032 MHz, 3996 MHz, 63 %, 37 %
2026/09/20 16:06:20.822, 2, 869.50 W, 51, 2032 MHz, 3996 MHz, 100 %, 9 %
2026/09/20 16:06:20.822, 3, 867.27 W, 53, 2032 MHz, 3996 MHz, 100 %, 9 %
2026/09/20 16:06:20.822, 4, 182.47 W, 35, 120 MHz, 3996 MHz, 0 %, 0 %
2026/09/20 16:06:20.822, 5, 179.46 W, 32, 120 MHz, 3996 MHz, 0 %, 0 %
2026/09/20 16:06:20.823, 6, 180.17 W, 29, 120 MHz, 3996 MHz, 0 %, 0 %
2026/09/20 16:06:20.823, 7, 182.13 W, 29, 120 MHz, 3996 MHz, 0 %, 0 %
2026/09/20 16:06:21.823, 0, 837.80 W, 61, 2032 MHz, 3996 MHz, 55 %, 29 %
2026/09/20 16:06:21.823, 1, 846.34 W, 64, 2032 MHz, 3996 MHz, 100 %, 9 %
2026/09/20 16:06:21.823, 2, 777.27 W, 51, 2032 MHz, 3996 MHz, 100 %, 22 %
2026/09/20 16:06:21.823, 3, 818.29 W, 52, 2032 MHz, 3996 MHz, 100 %, 9 %
2026/09/20 16:06:21.823, 4, 182.64 W, 35, 120 MHz, 3996 MHz, 0 %, 0 %
2026/09/20 16:06:21.823, 5, 179.47 W, 32, 120 MHz, 3996 MHz, 0 %, 0 %
2026/09/20 16:06:21.823, 6, 180.17 W, 29, 120 MHz, 3996 MHz, 0 %, 0 %
2026/09/20 16:06:21.823, 7, 182.13 W, 29, 120 MHz, 3996 MHz, 0 %, 0 %
2026/09/20 16:06:22.823, 0, 865.25 W, 64, 2032 MHz, 3996 MHz, 99 %, 61 %
2026/09/20 16:06:22.823, 1, 918.71 W, 65, 2032 MHz, 3996 MHz, 99 %, 61 %
2026/09/20 16:06:22.823, 2, 861.99 W, 53, 2032 MHz, 3996 MHz, 99 %, 61 %
2026/09/20 16:06:22.823, 3, 865.80 W, 53, 2032 MHz, 3996 MHz, 99 %, 60 %
2026/09/20 16:06:22.823, 4, 182.21 W, 35, 120 MHz, 3996 MHz, 0 %, 0 %
2026/09/20 16:06:22.823, 5, 179.47 W, 32, 120 MHz, 3996 MHz, 0 %, 0 %
2026/09/20 16:06:22.823, 6, 180.17 W, 29, 120 MHz, 3996 MHz, 0 %, 0 %
2026/09/20 16:06:22.823, 7, 182.13 W, 29, 120 MHz, 3996 MHz, 0 %, 0 %
2026/09/20 16:06:23.823, 0, 920.45 W, 64, 2032 MHz, 3996 MHz, 99 %, 61 %
2026/09/20 16:06:23.823, 1, 902.92 W, 65, 2032 MHz, 3996 MHz, 99 %, 62 %
2026/09/20 16:06:23.823, 2, 872.69 W, 53, 2032 MHz, 3996 MHz, 99 %, 61 %
2026/09/20 16:06:23.823, 3, 864.93 W, 54, 2032 MHz, 3996 MHz, 99 %, 61 %
2026/09/20 16:06:23.823, 4, 182.66 W, 35, 120 MHz, 3996 MHz, 0 %, 0 %
2026/09/20 16:06:23.823, 5, 179.46 W, 32, 120 MHz, 3996 MHz, 0 %, 0 %
2026/09/20 16:06:23.823, 6, 180.17 W, 29, 120 MHz, 3996 MHz, 0 %, 0 %
2026/09/20 16:06:23.823, 7, 182.13 W, 29, 120 MHz, 3996 MHz, 0 %, 0 %
2026/09/20 16:06:24.823, 0, 965.57 W, 64, 2032 MHz, 3996 MHz, 99 %, 61 %
2026/09/20 16:06:24.823, 1, 977.17 W, 66, 2032 MHz, 3996 MHz, 99 %, 60 %
2026/09/20 16:06:24.823, 2, 941.70 W, 53, 2032 MHz, 3996 MHz, 99 %, 60 %
2026/09/20 16:06:24.823, 3, 945.69 W, 54, 2032 MHz, 3996 MHz, 99 %, 60 %
2026/09/20 16:06:24.823, 4, 182.37 W, 35, 120 MHz, 3996 MHz, 0 %, 0 %
2026/09/20 16:06:24.823, 5, 179.47 W, 32, 120 MHz, 3996 MHz, 0 %, 0 %
2026/09/20 16:06:24.824, 6, 180.17 W, 29, 120 MHz, 3996 MHz, 0 %, 0 %
2026/09/20 16:06:24.824, 7, 182.13 W, 29, 120 MHz, 3996 MHz, 0 %, 0 %
2026/09/20 16:06:25.824, 0, 972.49 W, 65, 2032 MHz, 3996 MHz, 99 %, 62 %
2026/09/20 16:06:25.824, 1, 980.32 W, 66, 2032 MHz, 3996 MHz, 99 %, 62 %
2026/09/20 16:06:25.824, 2, 953.83 W, 54, 2032 MHz, 3996 MHz, 99 %, 62 %
2026/09/20 16:06:25.824, 3, 948.94 W, 54, 2032 MHz, 3996 MHz, 99 %, 62 %
2026/09/20 16:06:25.824, 4, 182.43 W, 35, 120 MHz, 3996 MHz, 0 %, 0 %
2026/09/20 16:06:25.824, 5, 179.47 W, 32, 120 MHz, 3996 MHz, 0 %, 0 %
2026/09/20 16:06:25.824, 6, 180.17 W, 29, 120 MHz, 3996 MHz, 0 %, 0 %
2026/09/20 16:06:25.824, 7, 182.13 W, 29, 120 MHz, 3996 MHz, 0 %, 0 %
2026/09/20 16:06:26.824, 0, 987.86 W, 65, 2032 MHz, 3996 MHz, 99 %, 62 %
2026/09/20 16:06:26.824, 1, 1000.71 W, 67, 2032 MHz, 3996 MHz, 99 %, 63 %
2026/09/20 16:06:26.824, 2, 961.51 W, 54, 2032 MHz, 3996 MHz, 99 %, 62 %
2026/09/20 16:06:26.824, 3, 966.06 W, 54, 2032 MHz, 3996 MHz, 99 %, 62 %
2026/09/20 16:06:26.824, 4, 182.44 W, 34, 120 MHz, 3996 MHz, 0 %, 0 %
2026/09/20 16:06:26.824, 5, 179.47 W, 32, 120 MHz, 3996 MHz, 0 %, 0 %
2026/09/20 16:06:26.824, 6, 180.17 W, 29, 120 MHz, 3996 MHz, 0 %, 0 %
2026/09/20 16:06:26.824, 7, 182.13 W, 29, 120 MHz, 3996 MHz, 0 %, 0 %
2026/09/20 16:06:27.824, 0, 945.96 W, 63, 2032 MHz, 3996 MHz, 100 %, 14 %
2026/09/20 16:06:27.824, 1, 953.28 W, 65, 2032 MHz, 3996 MHz, 100 %, 15 %
2026/09/20 16:06:27.824, 2, 891.18 W, 52, 2032 MHz, 3996 MHz, 39 %, 16 %
2026/09/20 16:06:27.824, 3, 924.14 W, 53, 2032 MHz, 3996 MHz, 100 %, 11 %
2026/09/20 16:06:27.824, 4, 182.60 W, 34, 120 MHz, 3996 MHz, 0 %, 0 %
2026/09/20 16:06:27.824, 5, 179.47 W, 32, 120 MHz, 3996 MHz, 0 %, 0 %
2026/09/20 16:06:27.824, 6, 180.17 W, 29, 120 MHz, 3996 MHz, 0 %, 0 %
2026/09/20 16:06:27.824, 7, 182.13 W, 29, 120 MHz, 3996 MHz, 0 %, 0 %
2026/09/20 16:06:28.825, 0, 914.19 W, 65, 2032 MHz, 3996 MHz, 96 %, 30 %
2026/09/20 16:06:28.825, 1, 934.82 W, 66, 2032 MHz, 3996 MHz, 99 %, 57 %
2026/09/20 16:06:28.825, 2, 893.19 W, 52, 2032 MHz, 3996 MHz, 95 %, 34 %
2026/09/20 16:06:28.825, 3, 844.19 W, 52, 2032 MHz, 3996 MHz, 77 %, 47 %
2026/09/20 16:06:28.825, 4, 182.37 W, 34, 120 MHz, 3996 MHz, 0 %, 0 %
2026/09/20 16:06:28.825, 5, 179.47 W, 32, 120 MHz, 3996 MHz, 0 %, 0 %
2026/09/20 16:06:28.825, 6, 180.16 W, 29, 120 MHz, 3996 MHz, 0 %, 0 %
2026/09/20 16:06:28.825, 7, 182.13 W, 29, 120 MHz, 3996 MHz, 0 %, 0 %
2026/09/20 16:06:29.825, 0, 868.03 W, 65, 2032 MHz, 3996 MHz, 99 %, 61 %
2026/09/20 16:06:29.825, 1, 936.40 W, 66, 2032 MHz, 3996 MHz, 99 %, 62 %
2026/09/20 16:06:29.825, 2, 902.21 W, 54, 2032 MHz, 3996 MHz, 99 %, 62 %
2026/09/20 16:06:29.825, 3, 898.72 W, 54, 2032 MHz, 3996 MHz, 99 %, 61 %
2026/09/20 16:06:29.825, 4, 182.28 W, 34, 120 MHz, 3996 MHz, 0 %, 0 %
2026/09/20 16:06:29.825, 5, 179.46 W, 32, 120 MHz, 3996 MHz, 0 %, 0 %
2026/09/20 16:06:29.825, 6, 180.17 W, 29, 120 MHz, 3996 MHz, 0 %, 0 %
2026/09/20 16:06:29.825, 7, 182.13 W, 29, 120 MHz, 3996 MHz, 0 %, 0 %
2026/09/20 16:06:30.825, 0, 961.53 W, 64, 2032 MHz, 3996 MHz, 100 %, 14 %
2026/09/20 16:06:30.825, 1, 956.23 W, 65, 2032 MHz, 3996 MHz, 100 %, 9 %
2026/09/20 16:06:30.825, 2, 867.13 W, 50, 2032 MHz, 3996 MHz, 30 %, 13 %
2026/09/20 16:06:30.825, 3, 935.80 W, 53, 2032 MHz, 3996 MHz, 100 %, 9 %
2026/09/20 16:06:30.825, 4, 182.18 W, 34, 120 MHz, 3996 MHz, 0 %, 0 %
2026/09/20 16:06:30.825, 5, 179.46 W, 32, 120 MHz, 3996 MHz, 0 %, 0 %
2026/09/20 16:06:30.825, 6, 180.16 W, 29, 120 MHz, 3996 MHz, 0 %, 0 %
2026/09/20 16:06:30.825, 7, 182.13 W, 29, 120 MHz, 3996 MHz, 0 %, 0 %
2026/09/20 16:06:31.825, 0, 875.49 W, 64, 2032 MHz, 3996 MHz, 99 %, 63 %
2026/09/20 16:06:31.825, 1, 942.60 W, 67, 2032 MHz, 3996 MHz, 99 %, 62 %
2026/09/20 16:06:31.825, 2, 910.33 W, 53, 2032 MHz, 3996 MHz, 99 %, 62 %
2026/09/20 16:06:31.825, 3, 895.54 W, 54, 2032 MHz, 3996 MHz, 99 %, 62 %
2026/09/20 16:06:31.825, 4, 181.73 W, 34, 120 MHz, 3996 MHz, 0 %, 0 %
2026/09/20 16:06:31.826, 5, 179.47 W, 32, 120 MHz, 3996 MHz, 0 %, 0 %
2026/09/20 16:06:31.826, 6, 180.17 W, 29, 120 MHz, 3996 MHz, 0 %, 0 %
2026/09/20 16:06:31.826, 7, 182.13 W, 29, 120 MHz, 3996 MHz, 0 %, 0 %
2026/09/20 16:06:32.826, 0, 792.13 W, 64, 2032 MHz, 3996 MHz, 99 %, 60 %
2026/09/20 16:06:32.826, 1, 826.50 W, 65, 2032 MHz, 3996 MHz, 99 %, 61 %
2026/09/20 16:06:32.826, 2, 803.01 W, 53, 2032 MHz, 3996 MHz, 99 %, 60 %
2026/09/20 16:06:32.826, 3, 750.97 W, 52, 2032 MHz, 3996 MHz, 99 %, 60 %
2026/09/20 16:06:32.826, 4, 182.21 W, 34, 120 MHz, 3996 MHz, 0 %, 0 %
2026/09/20 16:06:32.826, 5, 179.47 W, 32, 120 MHz, 3996 MHz, 0 %, 0 %
2026/09/20 16:06:32.826, 6, 180.17 W, 29, 120 MHz, 3996 MHz, 0 %, 0 %
2026/09/20 16:06:32.826, 7, 182.13 W, 29, 120 MHz, 3996 MHz, 0 %, 0 %
2026/09/20 16:06:33.826, 0, 905.70 W, 63, 2032 MHz, 3996 MHz, 99 %, 62 %
2026/09/20 16:06:33.826, 1, 924.71 W, 66, 2032 MHz, 3996 MHz, 99 %, 54 %
2026/09/20 16:06:33.826, 2, 850.89 W, 52, 2032 MHz, 3996 MHz, 99 %, 61 %
2026/09/20 16:06:33.826, 3, 881.70 W, 53, 2032 MHz, 3996 MHz, 99 %, 62 %
2026/09/20 16:06:33.826, 4, 182.07 W, 34, 120 MHz, 3996 MHz, 0 %, 0 %
2026/09/20 16:06:33.826, 5, 179.47 W, 32, 120 MHz, 3996 MHz, 0 %, 0 %
2026/09/20 16:06:33.826, 6, 180.16 W, 29, 120 MHz, 3996 MHz, 0 %, 0 %
2026/09/20 16:06:33.826, 7, 182.13 W, 29, 120 MHz, 3996 MHz, 0 %, 0 %
2026/09/20 16:06:34.826, 0, 929.78 W, 65, 2032 MHz, 3996 MHz, 99 %, 62 %
2026/09/20 16:06:34.826, 1, 948.65 W, 66, 2032 MHz, 3996 MHz, 99 %, 62 %
2026/09/20 16:06:34.826, 2, 913.45 W, 53, 2032 MHz, 3996 MHz, 99 %, 63 %
2026/09/20 16:06:34.826, 3, 863.92 W, 53, 2032 MHz, 3996 MHz, 99 %, 62 %
2026/09/20 16:06:34.826, 4, 181.77 W, 34, 120 MHz, 3996 MHz, 0 %, 0 %
2026/09/20 16:06:34.826, 5, 179.47 W, 32, 120 MHz, 3996 MHz, 0 %, 0 %
2026/09/20 16:06:34.826, 6, 180.17 W, 29, 120 MHz, 3996 MHz, 0 %, 0 %
2026/09/20 16:06:34.826, 7, 182.13 W, 29, 120 MHz, 3996 MHz, 0 %, 0 %
2026/09/20 16:06:35.827, 0, 893.39 W, 64, 2032 MHz, 3996 MHz, 99 %, 62 %
2026/09/20 16:06:35.827, 1, 927.88 W, 66, 2032 MHz, 3996 MHz, 99 %, 62 %
2026/09/20 16:06:35.827, 2, 912.14 W, 53, 2032 MHz, 3996 MHz, 99 %, 62 %
2026/09/20 16:06:35.827, 3, 915.62 W, 54, 2032 MHz, 3996 MHz, 99 %, 62 %
2026/09/20 16:06:35.827, 4, 181.85 W, 34, 120 MHz, 3996 MHz, 0 %, 0 %
2026/09/20 16:06:35.827, 5, 179.47 W, 32, 120 MHz, 3996 MHz, 0 %, 0 %
2026/09/20 16:06:35.827, 6, 180.17 W, 29, 120 MHz, 3996 MHz, 0 %, 0 %
2026/09/20 16:06:35.827, 7, 182.13 W, 29, 120 MHz, 3996 MHz, 0 %, 0 %
2026/09/20 16:06:36.827, 0, 991.38 W, 65, 2032 MHz, 3996 MHz, 99 %, 63 %
2026/09/20 16:06:36.827, 1, 1003.72 W, 67, 2032 MHz, 3996 MHz, 99 %, 63 %
2026/09/20 16:06:36.827, 2, 963.51 W, 54, 2032 MHz, 3996 MHz, 99 %, 63 %
2026/09/20 16:06:36.827, 3, 967.13 W, 54, 2032 MHz, 3996 MHz, 99 %, 63 %
2026/09/20 16:06:36.827, 4, 181.61 W, 34, 120 MHz, 3996 MHz, 0 %, 0 %
2026/09/20 16:06:36.827, 5, 179.47 W, 32, 120 MHz, 3996 MHz, 0 %, 0 %
2026/09/20 16:06:36.827, 6, 180.17 W, 29, 120 MHz, 3996 MHz, 0 %, 0 %
2026/09/20 16:06:36.827, 7, 182.13 W, 29, 120 MHz, 3996 MHz, 0 %, 0 %
2026/09/20 16:06:37.827, 0, 990.81 W, 65, 2032 MHz, 3996 MHz, 99 %, 63 %
2026/09/20 16:06:37.827, 1, 1004.94 W, 67, 2032 MHz, 3996 MHz, 99 %, 63 %
2026/09/20 16:06:37.827, 2, 966.24 W, 54, 2032 MHz, 3996 MHz, 99 %, 63 %
2026/09/20 16:06:37.827, 3, 971.33 W, 54, 2032 MHz, 3996 MHz, 99 %, 63 %
2026/09/20 16:06:37.827, 4, 181.57 W, 34, 120 MHz, 3996 MHz, 0 %, 0 %
2026/09/20 16:06:37.827, 5, 179.47 W, 32, 120 MHz, 3996 MHz, 0 %, 0 %
2026/09/20 16:06:37.827, 6, 180.17 W, 29, 120 MHz, 3996 MHz, 0 %, 0 %
2026/09/20 16:06:37.827, 7, 182.13 W, 29, 120 MHz, 3996 MHz, 0 %, 0 %
2026/09/20 16:06:38.827, 0, 997.55 W, 65, 2032 MHz, 3996 MHz, 99 %, 64 %
2026/09/20 16:06:38.827, 1, 1011.10 W, 66, 2032 MHz, 3996 MHz, 99 %, 64 %
2026/09/20 16:06:38.827, 2, 973.19 W, 54, 2032 MHz, 3996 MHz, 99 %, 63 %
2026/09/20 16:06:38.827, 3, 977.77 W, 54, 2032 MHz, 3996 MHz, 99 %, 64 %
2026/09/20 16:06:38.827, 4, 181.49 W, 34, 120 MHz, 3996 MHz, 0 %, 0 %
2026/09/20 16:06:38.828, 5, 179.47 W, 32, 120 MHz, 3996 MHz, 0 %, 0 %
2026/09/20 16:06:38.828, 6, 180.17 W, 29, 120 MHz, 3996 MHz, 0 %, 0 %
2026/09/20 16:06:38.828, 7, 182.13 W, 29, 120 MHz, 3996 MHz, 0 %, 0 %
2026/09/20 16:06:39.828, 0, 1003.52 W, 65, 2032 MHz, 3996 MHz, 99 %, 64 %
2026/09/20 16:06:39.828, 1, 1016.17 W, 66, 2032 MHz, 3996 MHz, 99 %, 64 %
2026/09/20 16:06:39.828, 2, 973.35 W, 54, 2032 MHz, 3996 MHz, 99 %, 63 %
2026/09/20 16:06:39.828, 3, 981.50 W, 54, 2032 MHz, 3996 MHz, 99 %, 63 %
2026/09/20 16:06:39.828, 4, 181.46 W, 34, 120 MHz, 3996 MHz, 0 %, 0 %
2026/09/20 16:06:39.828, 5, 179.46 W, 32, 120 MHz, 3996 MHz, 0 %, 0 %
2026/09/20 16:06:39.828, 6, 180.17 W, 29, 120 MHz, 3996 MHz, 0 %, 0 %
2026/09/20 16:06:39.828, 7, 182.13 W, 29, 120 MHz, 3996 MHz, 0 %, 0 %
2026/09/20 16:06:40.828, 0, 905.16 W, 63, 2032 MHz, 3996 MHz, 83 %, 48 %
2026/09/20 16:06:40.828, 1, 917.26 W, 64, 2032 MHz, 3996 MHz, 100 %, 11 %
2026/09/20 16:06:40.828, 2, 855.42 W, 51, 2032 MHz, 3996 MHz, 99 %, 40 %
2026/09/20 16:06:40.828, 3, 890.31 W, 54, 2032 MHz, 3996 MHz, 77 %, 33 %
2026/09/20 16:06:40.828, 4, 181.54 W, 34, 120 MHz, 3996 MHz, 0 %, 0 %
2026/09/20 16:06:40.828, 5, 179.46 W, 32, 120 MHz, 3996 MHz, 0 %, 0 %
2026/09/20 16:06:40.828, 6, 180.17 W, 29, 120 MHz, 3996 MHz, 0 %, 0 %
2026/09/20 16:06:40.828, 7, 182.13 W, 29, 120 MHz, 3996 MHz, 0 %, 0 %
2026/09/20 16:06:41.828, 0, 942.54 W, 64, 2032 MHz, 3996 MHz, 99 %, 62 %
2026/09/20 16:06:41.828, 1, 961.84 W, 65, 2032 MHz, 3996 MHz, 100 %, 30 %
2026/09/20 16:06:41.828, 2, 898.67 W, 50, 2032 MHz, 3996 MHz, 99 %, 62 %
2026/09/20 16:06:41.828, 3, 931.70 W, 54, 2032 MHz, 3996 MHz, 99 %, 60 %
2026/09/20 16:06:41.828, 4, 181.37 W, 34, 120 MHz, 3996 MHz, 0 %, 0 %
2026/09/20 16:06:41.828, 5, 179.47 W, 32, 120 MHz, 3996 MHz, 0 %, 0 %
2026/09/20 16:06:41.828, 6, 180.17 W, 29, 120 MHz, 3996 MHz, 0 %, 0 %
2026/09/20 16:06:41.828, 7, 182.13 W, 29, 120 MHz, 3996 MHz, 0 %, 0 %
2026/09/20 16:06:42.828, 0, 839.33 W, 63, 2032 MHz, 3996 MHz, 99 %, 50 %
2026/09/20 16:06:42.828, 1, 868.02 W, 63, 2032 MHz, 3996 MHz, 30 %, 13 %
2026/09/20 16:06:42.829, 2, 831.49 W, 52, 2032 MHz, 3996 MHz, 99 %, 46 %
2026/09/20 16:06:42.829, 3, 858.18 W, 54, 2032 MHz, 3996 MHz, 99 %, 35 %
2026/09/20 16:06:42.829, 4, 181.34 W, 34, 120 MHz, 3996 MHz, 0 %, 0 %
2026/09/20 16:06:42.829, 5, 179.46 W, 32, 120 MHz, 3996 MHz, 0 %, 0 %
2026/09/20 16:06:42.829, 6, 180.17 W, 29, 120 MHz, 3996 MHz, 0 %, 0 %
2026/09/20 16:06:42.829, 7, 182.13 W, 29, 120 MHz, 3996 MHz, 0 %, 0 %
2026/09/20 16:06:43.829, 0, 883.47 W, 64, 2032 MHz, 3996 MHz, 95 %, 38 %
2026/09/20 16:06:43.829, 1, 894.23 W, 65, 2032 MHz, 3996 MHz, 99 %, 62 %
2026/09/20 16:06:43.829, 2, 876.90 W, 52, 2032 MHz, 3996 MHz, 89 %, 42 %
2026/09/20 16:06:43.829, 3, 856.53 W, 52, 2032 MHz, 3996 MHz, 88 %, 54 %
2026/09/20 16:06:43.829, 4, 181.46 W, 34, 120 MHz, 3996 MHz, 0 %, 0 %
2026/09/20 16:06:43.829, 5, 179.46 W, 32, 120 MHz, 3996 MHz, 0 %, 0 %
2026/09/20 16:06:43.829, 6, 180.17 W, 29, 120 MHz, 3996 MHz, 0 %, 0 %
2026/09/20 16:06:43.829, 7, 182.13 W, 29, 120 MHz, 3996 MHz, 0 %, 0 %
2026/09/20 16:06:44.829, 0, 791.92 W, 62, 2032 MHz, 3996 MHz, 100 %, 9 %
2026/09/20 16:06:44.829, 1, 807.62 W, 63, 2032 MHz, 3996 MHz, 40 %, 21 %
2026/09/20 16:06:44.829, 2, 805.59 W, 50, 2032 MHz, 3996 MHz, 100 %, 9 %
2026/09/20 16:06:44.829, 3, 779.99 W, 51, 2032 MHz, 3996 MHz, 100 %, 9 %
2026/09/20 16:06:44.829, 4, 181.34 W, 34, 120 MHz, 3996 MHz, 0 %, 0 %
2026/09/20 16:06:44.829, 5, 179.47 W, 32, 120 MHz, 3996 MHz, 0 %, 0 %
2026/09/20 16:06:44.829, 6, 180.17 W, 29, 120 MHz, 3996 MHz, 0 %, 0 %
2026/09/20 16:06:44.829, 7, 182.13 W, 29, 120 MHz, 3996 MHz, 0 %, 0 %
2026/09/20 16:06:45.829, 0, 884.93 W, 63, 2032 MHz, 3996 MHz, 100 %, 9 %
2026/09/20 16:06:45.829, 1, 894.50 W, 65, 2032 MHz, 3996 MHz, 95 %, 48 %
2026/09/20 16:06:45.829, 2, 827.76 W, 52, 2032 MHz, 3996 MHz, 100 %, 9 %
2026/09/20 16:06:45.829, 3, 819.33 W, 50, 2032 MHz, 3996 MHz, 37 %, 19 %
2026/09/20 16:06:45.829, 4, 181.38 W, 34, 120 MHz, 3996 MHz, 0 %, 0 %
2026/09/20 16:06:45.829, 5, 179.47 W, 32, 120 MHz, 3996 MHz, 0 %, 0 %
2026/09/20 16:06:45.829, 6, 180.17 W, 29, 120 MHz, 3996 MHz, 0 %, 0 %
2026/09/20 16:06:45.829, 7, 182.13 W, 29, 120 MHz, 3996 MHz, 0 %, 0 %
2026/09/20 16:06:46.830, 0, 966.40 W, 64, 2032 MHz, 3996 MHz, 99 %, 61 %
2026/09/20 16:06:46.830, 1, 980.63 W, 66, 2032 MHz, 3996 MHz, 99 %, 61 %
2026/09/20 16:06:46.830, 2, 946.78 W, 53, 2032 MHz, 3996 MHz, 99 %, 62 %
2026/09/20 16:06:46.830, 3, 946.05 W, 53, 2032 MHz, 3996 MHz, 99 %, 61 %
2026/09/20 16:06:46.830, 4, 181.30 W, 34, 120 MHz, 3996 MHz, 0 %, 0 %
2026/09/20 16:06:46.830, 5, 179.46 W, 32, 120 MHz, 3996 MHz, 0 %, 0 %
2026/09/20 16:06:46.830, 6, 180.17 W, 29, 120 MHz, 3996 MHz, 0 %, 0 %
2026/09/20 16:06:46.830, 7, 182.13 W, 29, 120 MHz, 3996 MHz, 0 %, 0 %
2026/09/20 16:06:47.830, 0, 979.34 W, 64, 2032 MHz, 3996 MHz, 99 %, 62 %
2026/09/20 16:06:47.830, 1, 990.31 W, 66, 2032 MHz, 3996 MHz, 99 %, 63 %
2026/09/20 16:06:47.830, 2, 954.98 W, 53, 2032 MHz, 3996 MHz, 99 %, 62 %
2026/09/20 16:06:47.830, 3, 953.68 W, 53, 2032 MHz, 3996 MHz, 99 %, 62 %
2026/09/20 16:06:47.830, 4, 181.30 W, 34, 120 MHz, 3996 MHz, 0 %, 0 %
2026/09/20 16:06:47.830, 5, 179.46 W, 32, 120 MHz, 3996 MHz, 0 %, 0 %
2026/09/20 16:06:47.830, 6, 180.16 W, 29, 120 MHz, 3996 MHz, 0 %, 0 %
2026/09/20 16:06:47.830, 7, 182.13 W, 29, 120 MHz, 3996 MHz, 0 %, 0 %
2026/09/20 16:06:48.830, 0, 905.63 W, 64, 2032 MHz, 3996 MHz, 99 %, 62 %
2026/09/20 16:06:48.830, 1, 947.77 W, 66, 2032 MHz, 3996 MHz, 99 %, 63 %
2026/09/20 16:06:48.830, 2, 921.82 W, 53, 2032 MHz, 3996 MHz, 99 %, 62 %
2026/09/20 16:06:48.830, 3, 923.98 W, 53, 2032 MHz, 3996 MHz, 99 %, 62 %
2026/09/20 16:06:48.830, 4, 181.34 W, 34, 120 MHz, 3996 MHz, 0 %, 0 %
2026/09/20 16:06:48.830, 5, 179.46 W, 32, 120 MHz, 3996 MHz, 0 %, 0 %
2026/09/20 16:06:48.830, 6, 180.17 W, 29, 120 MHz, 3996 MHz, 0 %, 0 %
2026/09/20 16:06:48.830, 7, 182.13 W, 29, 120 MHz, 3996 MHz, 0 %, 0 %
2026/09/20 16:06:49.830, 0, 985.80 W, 64, 2032 MHz, 3996 MHz, 99 %, 63 %
2026/09/20 16:06:49.831, 1, 998.80 W, 66, 2032 MHz, 3996 MHz, 99 %, 63 %
2026/09/20 16:06:49.831, 2, 959.11 W, 53, 2032 MHz, 3996 MHz, 99 %, 63 %
2026/09/20 16:06:49.831, 3, 961.62 W, 53, 2032 MHz, 3996 MHz, 99 %, 62 %
2026/09/20 16:06:49.831, 4, 181.30 W, 34, 120 MHz, 3996 MHz, 0 %, 0 %
2026/09/20 16:06:49.831, 5, 179.47 W, 32, 120 MHz, 3996 MHz, 0 %, 0 %
2026/09/20 16:06:49.831, 6, 180.17 W, 29, 120 MHz, 3996 MHz, 0 %, 0 %
2026/09/20 16:06:49.831, 7, 182.13 W, 29, 120 MHz, 3996 MHz, 0 %, 0 %
2026/09/20 16:06:50.831, 0, 996.54 W, 65, 2032 MHz, 3996 MHz, 99 %, 63 %
2026/09/20 16:06:50.831, 1, 1008.37 W, 66, 2032 MHz, 3996 MHz, 99 %, 63 %
2026/09/20 16:06:50.831, 2, 971.18 W, 53, 2032 MHz, 3996 MHz, 99 %, 63 %
2026/09/20 16:06:50.831, 3, 974.47 W, 54, 2032 MHz, 3996 MHz, 99 %, 63 %
2026/09/20 16:06:50.831, 4, 181.30 W, 34, 120 MHz, 3996 MHz, 0 %, 0 %
2026/09/20 16:06:50.831, 5, 179.47 W, 32, 120 MHz, 3996 MHz, 0 %, 0 %
2026/09/20 16:06:50.831, 6, 180.17 W, 29, 120 MHz, 3996 MHz, 0 %, 0 %
2026/09/20 16:06:50.831, 7, 182.13 W, 29, 120 MHz, 3996 MHz, 0 %, 0 %
2026/09/20 16:06:51.831, 0, 997.12 W, 65, 2032 MHz, 3996 MHz, 99 %, 64 %
2026/09/20 16:06:51.831, 1, 989.60 W, 64, 2032 MHz, 3996 MHz, 99 %, 44 %
2026/09/20 16:06:51.831, 2, 948.34 W, 51, 2032 MHz, 3996 MHz, 99 %, 64 %
2026/09/20 16:06:51.831, 3, 986.57 W, 54, 2032 MHz, 3996 MHz, 99 %, 64 %
2026/09/20 16:06:51.831, 4, 181.30 W, 34, 120 MHz, 3996 MHz, 0 %, 0 %
2026/09/20 16:06:51.831, 5, 179.47 W, 31, 120 MHz, 3996 MHz, 0 %, 0 %
2026/09/20 16:06:51.831, 6, 180.17 W, 29, 120 MHz, 3996 MHz, 0 %, 0 %
2026/09/20 16:06:51.831, 7, 182.13 W, 29, 120 MHz, 3996 MHz, 0 %, 0 %
2026/09/20 16:06:52.831, 0, 771.10 W, 64, 2032 MHz, 3996 MHz, 99 %, 62 %
2026/09/20 16:06:52.831, 1, 815.13 W, 65, 2032 MHz, 3996 MHz, 99 %, 63 %
2026/09/20 16:06:52.831, 2, 820.98 W, 53, 2032 MHz, 3996 MHz, 99 %, 62 %
2026/09/20 16:06:52.831, 3, 801.58 W, 52, 2032 MHz, 3996 MHz, 99 %, 62 %
2026/09/20 16:06:52.831, 4, 181.34 W, 34, 120 MHz, 3996 MHz, 0 %, 0 %
2026/09/20 16:06:52.831, 5, 179.47 W, 31, 120 MHz, 3996 MHz, 0 %, 0 %
2026/09/20 16:06:52.831, 6, 180.17 W, 28, 120 MHz, 3996 MHz, 0 %, 0 %
2026/09/20 16:06:52.832, 7, 182.13 W, 29, 120 MHz, 3996 MHz, 0 %, 0 %
2026/09/20 16:06:53.832, 0, 943.22 W, 64, 2032 MHz, 3996 MHz, 99 %, 62 %
2026/09/20 16:06:53.832, 1, 916.10 W, 65, 2032 MHz, 3996 MHz, 99 %, 62 %
2026/09/20 16:06:53.832, 2, 924.66 W, 53, 2032 MHz, 3996 MHz, 99 %, 62 %
2026/09/20 16:06:53.832, 3, 924.25 W, 53, 2032 MHz, 3996 MHz, 99 %, 62 %
2026/09/20 16:06:53.832, 4, 181.30 W, 34, 120 MHz, 3996 MHz, 0 %, 0 %
2026/09/20 16:06:53.832, 5, 179.47 W, 31, 120 MHz, 3996 MHz, 0 %, 0 %
2026/09/20 16:06:53.832, 6, 180.17 W, 28, 120 MHz, 3996 MHz, 0 %, 0 %
2026/09/20 16:06:53.832, 7, 182.13 W, 29, 120 MHz, 3996 MHz, 0 %, 0 %
2026/09/20 16:06:54.832, 0, 855.47 W, 60, 2032 MHz, 3996 MHz, 37 %, 12 %
2026/09/20 16:06:54.832, 1, 912.69 W, 64, 2032 MHz, 3996 MHz, 100 %, 20 %
2026/09/20 16:06:54.832, 2, 860.45 W, 51, 2032 MHz, 3996 MHz, 73 %, 11 %
2026/09/20 16:06:54.832, 3, 881.09 W, 52, 2032 MHz, 3996 MHz, 71 %, 12 %
2026/09/20 16:06:54.832, 4, 181.34 W, 34, 120 MHz, 3996 MHz, 0 %, 0 %
2026/09/20 16:06:54.832, 5, 179.47 W, 31, 120 MHz, 3996 MHz, 0 %, 0 %
2026/09/20 16:06:54.832, 6, 180.17 W, 28, 120 MHz, 3996 MHz, 0 %, 0 %
2026/09/20 16:06:54.832, 7, 182.13 W, 29, 120 MHz, 3996 MHz, 0 %, 0 %
2026/09/20 16:06:55.832, 0, 866.36 W, 64, 2032 MHz, 3996 MHz, 99 %, 61 %
2026/09/20 16:06:55.832, 1, 891.78 W, 65, 2032 MHz, 3996 MHz, 99 %, 62 %
2026/09/20 16:06:55.832, 2, 785.31 W, 52, 2032 MHz, 3996 MHz, 99 %, 62 %
2026/09/20 16:06:55.832, 3, 853.23 W, 52, 2032 MHz, 3996 MHz, 99 %, 62 %
2026/09/20 16:06:55.832, 4, 181.30 W, 34, 120 MHz, 3996 MHz, 0 %, 0 %
2026/09/20 16:06:55.832, 5, 179.35 W, 31, 120 MHz, 3996 MHz, 0 %, 0 %
2026/09/20 16:06:55.832, 6, 180.17 W, 28, 120 MHz, 3996 MHz, 0 %, 0 %
2026/09/20 16:06:55.832, 7, 182.13 W, 29, 120 MHz, 3996 MHz, 0 %, 0 %
2026/09/20 16:06:56.832, 0, 923.96 W, 63, 2032 MHz, 3996 MHz, 99 %, 61 %
2026/09/20 16:06:56.832, 1, 915.92 W, 65, 2032 MHz, 3996 MHz, 99 %, 61 %
2026/09/20 16:06:56.833, 2, 876.20 W, 52, 2032 MHz, 3996 MHz, 99 %, 61 %
2026/09/20 16:06:56.833, 3, 893.06 W, 53, 2032 MHz, 3996 MHz, 99 %, 61 %
2026/09/20 16:06:56.833, 4, 181.30 W, 34, 120 MHz, 3996 MHz, 0 %, 0 %
2026/09/20 16:06:56.833, 5, 179.47 W, 31, 120 MHz, 3996 MHz, 0 %, 0 %
2026/09/20 16:06:56.833, 6, 180.17 W, 28, 120 MHz, 3996 MHz, 0 %, 0 %
2026/09/20 16:06:56.833, 7, 182.13 W, 29, 120 MHz, 3996 MHz, 0 %, 0 %
2026/09/20 16:06:57.833, 0, 932.11 W, 63, 2032 MHz, 3996 MHz, 99 %, 62 %
2026/09/20 16:06:57.833, 1, 931.45 W, 64, 2032 MHz, 3996 MHz, 99 %, 61 %
2026/09/20 16:06:57.833, 2, 860.10 W, 52, 2032 MHz, 3996 MHz, 99 %, 61 %
2026/09/20 16:06:57.833, 3, 902.61 W, 53, 2032 MHz, 3996 MHz, 99 %, 61 %
2026/09/20 16:06:57.833, 4, 181.30 W, 34, 120 MHz, 3996 MHz, 0 %, 0 %
2026/09/20 16:06:57.833, 5, 179.47 W, 31, 120 MHz, 3996 MHz, 0 %, 0 %
2026/09/20 16:06:57.833, 6, 180.13 W, 28, 120 MHz, 3996 MHz, 0 %, 0 %
2026/09/20 16:06:57.833, 7, 182.13 W, 29, 120 MHz, 3996 MHz, 0 %, 0 %
2026/09/20 16:06:58.833, 0, 923.24 W, 64, 2032 MHz, 3996 MHz, 99 %, 62 %
2026/09/20 16:06:58.833, 1, 932.42 W, 65, 2032 MHz, 3996 MHz, 99 %, 62 %
2026/09/20 16:06:58.833, 2, 901.58 W, 52, 2032 MHz, 3996 MHz, 99 %, 62 %
2026/09/20 16:06:58.833, 3, 857.22 W, 53, 2032 MHz, 3996 MHz, 99 %, 62 %
2026/09/20 16:06:58.833, 4, 181.30 W, 33, 120 MHz, 3996 MHz, 0 %, 0 %
2026/09/20 16:06:58.833, 5, 179.47 W, 31, 120 MHz, 3996 MHz, 0 %, 0 %
2026/09/20 16:06:58.833, 6, 180.17 W, 28, 120 MHz, 3996 MHz, 0 %, 0 %
2026/09/20 16:06:58.833, 7, 182.13 W, 29, 120 MHz, 3996 MHz, 0 %, 0 %
2026/09/20 16:06:59.833, 0, 977.13 W, 64, 2032 MHz, 3996 MHz, 99 %, 62 %
2026/09/20 16:06:59.833, 1, 987.45 W, 66, 2032 MHz, 3996 MHz, 99 %, 62 %
2026/09/20 16:06:59.833, 2, 957.33 W, 52, 2032 MHz, 3996 MHz, 99 %, 62 %
2026/09/20 16:06:59.833, 3, 953.64 W, 53, 2032 MHz, 3996 MHz, 99 %, 61 %
2026/09/20 16:06:59.833, 4, 181.30 W, 33, 120 MHz, 3996 MHz, 0 %, 0 %
2026/09/20 16:06:59.833, 5, 179.46 W, 31, 120 MHz, 3996 MHz, 0 %, 0 %
2026/09/20 16:06:59.833, 6, 180.12 W, 28, 120 MHz, 3996 MHz, 0 %, 0 %
2026/09/20 16:06:59.833, 7, 182.13 W, 29, 120 MHz, 3996 MHz, 0 %, 0 %
2026/09/20 16:07:00.834, 0, 903.96 W, 64, 2032 MHz, 3996 MHz, 99 %, 61 %
2026/09/20 16:07:00.834, 1, 935.45 W, 65, 2032 MHz, 3996 MHz, 99 %, 62 %
2026/09/20 16:07:00.834, 2, 919.17 W, 53, 2032 MHz, 3996 MHz, 99 %, 61 %
2026/09/20 16:07:00.834, 3, 915.55 W, 53, 2032 MHz, 3996 MHz, 99 %, 61 %
2026/09/20 16:07:00.834, 4, 181.30 W, 33, 120 MHz, 3996 MHz, 0 %, 0 %
2026/09/20 16:07:00.834, 5, 179.46 W, 31, 120 MHz, 3996 MHz, 0 %, 0 %
2026/09/20 16:07:00.834, 6, 180.17 W, 28, 120 MHz, 3996 MHz, 0 %, 0 %
2026/09/20 16:07:00.834, 7, 182.13 W, 29, 120 MHz, 3996 MHz, 0 %, 0 %
2026/09/20 16:07:01.834, 0, 979.61 W, 64, 2032 MHz, 3996 MHz, 99 %, 62 %
2026/09/20 16:07:01.834, 1, 987.00 W, 66, 2032 MHz, 3996 MHz, 99 %, 62 %
2026/09/20 16:07:01.834, 2, 959.04 W, 53, 2032 MHz, 3996 MHz, 99 %, 62 %
2026/09/20 16:07:01.834, 3, 959.60 W, 54, 2032 MHz, 3996 MHz, 99 %, 62 %
2026/09/20 16:07:01.834, 4, 181.30 W, 33, 120 MHz, 3996 MHz, 0 %, 0 %
2026/09/20 16:07:01.834, 5, 179.46 W, 31, 120 MHz, 3996 MHz, 0 %, 0 %
2026/09/20 16:07:01.834, 6, 180.17 W, 28, 120 MHz, 3996 MHz, 0 %, 0 %
2026/09/20 16:07:01.834, 7, 182.13 W, 29, 120 MHz, 3996 MHz, 0 %, 0 %
2026/09/20 16:07:02.834, 0, 988.20 W, 64, 2032 MHz, 3996 MHz, 99 %, 62 %
2026/09/20 16:07:02.834, 1, 997.89 W, 65, 2032 MHz, 3996 MHz, 99 %, 63 %
2026/09/20 16:07:02.834, 2, 964.99 W, 52, 2032 MHz, 3996 MHz, 99 %, 63 %
2026/09/20 16:07:02.834, 3, 967.82 W, 54, 2032 MHz, 3996 MHz, 99 %, 62 %
2026/09/20 16:07:02.834, 4, 181.30 W, 33, 120 MHz, 3996 MHz, 0 %, 0 %
2026/09/20 16:07:02.834, 5, 179.46 W, 31, 120 MHz, 3996 MHz, 0 %, 0 %
2026/09/20 16:07:02.834, 6, 180.10 W, 28, 120 MHz, 3996 MHz, 0 %, 0 %
2026/09/20 16:07:02.834, 7, 182.13 W, 29, 120 MHz, 3996 MHz, 0 %, 0 %
2026/09/20 16:07:03.834, 0, 827.30 W, 62, 2032 MHz, 3996 MHz, 99 %, 61 %
2026/09/20 16:07:03.834, 1, 856.50 W, 64, 2032 MHz, 3996 MHz, 99 %, 62 %
2026/09/20 16:07:03.834, 2, 825.39 W, 52, 2032 MHz, 3996 MHz, 99 %, 62 %
2026/09/20 16:07:03.834, 3, 818.01 W, 53, 2032 MHz, 3996 MHz, 99 %, 62 %
2026/09/20 16:07:03.834, 4, 181.30 W, 33, 120 MHz, 3996 MHz, 0 %, 0 %
2026/09/20 16:07:03.835, 5, 179.43 W, 31, 120 MHz, 3996 MHz, 0 %, 0 %
2026/09/20 16:07:03.835, 6, 180.17 W, 28, 120 MHz, 3996 MHz, 0 %, 0 %
2026/09/20 16:07:03.835, 7, 182.13 W, 29, 120 MHz, 3996 MHz, 0 %, 0 %
2026/09/20 16:07:04.835, 0, 946.42 W, 64, 2032 MHz, 3996 MHz, 99 %, 62 %
2026/09/20 16:07:04.835, 1, 977.11 W, 66, 2032 MHz, 3996 MHz, 99 %, 63 %
2026/09/20 16:07:04.835, 2, 920.91 W, 52, 2032 MHz, 3996 MHz, 99 %, 62 %
2026/09/20 16:07:04.835, 3, 931.34 W, 53, 2032 MHz, 3996 MHz, 99 %, 62 %
2026/09/20 16:07:04.835, 4, 181.30 W, 33, 120 MHz, 3996 MHz, 0 %, 0 %
2026/09/20 16:07:04.835, 5, 179.43 W, 31, 120 MHz, 3996 MHz, 0 %, 0 %
2026/09/20 16:07:04.835, 6, 180.17 W, 28, 120 MHz, 3996 MHz, 0 %, 0 %
2026/09/20 16:07:04.835, 7, 182.13 W, 29, 120 MHz, 3996 MHz, 0 %, 0 %
2026/09/20 16:07:05.835, 0, 943.52 W, 64, 2032 MHz, 3996 MHz, 100 %, 9 %
2026/09/20 16:07:05.835, 1, 955.63 W, 65, 2032 MHz, 3996 MHz, 96 %, 42 %
2026/09/20 16:07:05.835, 2, 884.73 W, 50, 2032 MHz, 3996 MHz, 28 %, 13 %
2026/09/20 16:07:05.835, 3, 926.14 W, 53, 2032 MHz, 3996 MHz, 95 %, 11 %
2026/09/20 16:07:05.835, 4, 181.30 W, 33, 120 MHz, 3996 MHz, 0 %, 0 %
2026/09/20 16:07:05.835, 5, 179.47 W, 31, 120 MHz, 3996 MHz, 0 %, 0 %
2026/09/20 16:07:05.835, 6, 180.09 W, 28, 120 MHz, 3996 MHz, 0 %, 0 %
2026/09/20 16:07:05.835, 7, 182.13 W, 29, 120 MHz, 3996 MHz, 0 %, 0 %
2026/09/20 16:07:06.835, 0, 880.29 W, 62, 2032 MHz, 3996 MHz, 58 %, 24 %
2026/09/20 16:07:06.835, 1, 930.48 W, 64, 2002 MHz, 3996 MHz, 96 %, 34 %
2026/09/20 16:07:06.835, 2, 913.03 W, 53, 2032 MHz, 3996 MHz, 96 %, 20 %
2026/09/20 16:07:06.835, 3, 911.96 W, 51, 2032 MHz, 3996 MHz, 95 %, 26 %
2026/09/20 16:07:06.835, 4, 181.30 W, 33, 120 MHz, 3996 MHz, 0 %, 0 %
2026/09/20 16:07:06.835, 5, 179.47 W, 31, 120 MHz, 3996 MHz, 0 %, 0 %
2026/09/20 16:07:06.835, 6, 180.09 W, 28, 120 MHz, 3996 MHz, 0 %, 0 %
2026/09/20 16:07:06.835, 7, 182.13 W, 29, 120 MHz, 3996 MHz, 0 %, 0 %
2026/09/20 16:07:07.835, 0, 803.46 W, 60, 2032 MHz, 3996 MHz, 27 %, 12 %
2026/09/20 16:07:07.835, 1, 848.25 W, 64, 2032 MHz, 3996 MHz, 100 %, 9 %
2026/09/20 16:07:07.836, 2, 769.84 W, 50, 2032 MHz, 3996 MHz, 100 %, 18 %
2026/09/20 16:07:07.836, 3, 766.24 W, 50, 2032 MHz, 3996 MHz, 100 %, 8 %
2026/09/20 16:07:07.836, 4, 181.31 W, 33, 120 MHz, 3996 MHz, 0 %, 0 %
2026/09/20 16:07:07.836, 5, 179.47 W, 31, 120 MHz, 3996 MHz, 0 %, 0 %
2026/09/20 16:07:07.836, 6, 180.16 W, 28, 120 MHz, 3996 MHz, 0 %, 0 %
2026/09/20 16:07:07.836, 7, 182.13 W, 29, 120 MHz, 3996 MHz, 0 %, 0 %
2026/09/20 16:07:08.836, 0, 849.10 W, 62, 2032 MHz, 3996 MHz, 95 %, 48 %
2026/09/20 16:07:08.836, 1, 883.17 W, 65, 2032 MHz, 3996 MHz, 95 %, 41 %
2026/09/20 16:07:08.836, 2, 785.39 W, 49, 2032 MHz, 3996 MHz, 28 %, 13 %
2026/09/20 16:07:08.836, 3, 800.01 W, 51, 2032 MHz, 3996 MHz, 95 %, 11 %
2026/09/20 16:07:08.836, 4, 181.30 W, 33, 120 MHz, 3996 MHz, 0 %, 0 %
2026/09/20 16:07:08.836, 5, 179.47 W, 31, 120 MHz, 3996 MHz, 0 %, 0 %
2026/09/20 16:07:08.836, 6, 180.16 W, 28, 120 MHz, 3996 MHz, 0 %, 0 %
2026/09/20 16:07:08.836, 7, 182.13 W, 29, 120 MHz, 3996 MHz, 0 %, 0 %
2026/09/20 16:07:09.836, 0, 969.66 W, 64, 2032 MHz, 3996 MHz, 99 %, 62 %
2026/09/20 16:07:09.836, 1, 981.63 W, 65, 2032 MHz, 3996 MHz, 99 %, 62 %
2026/09/20 16:07:09.836, 2, 944.60 W, 52, 2032 MHz, 3996 MHz, 99 %, 62 %
2026/09/20 16:07:09.836, 3, 944.57 W, 53, 2032 MHz, 3996 MHz, 99 %, 62 %
2026/09/20 16:07:09.836, 4, 181.30 W, 33, 120 MHz, 3996 MHz, 0 %, 0 %
2026/09/20 16:07:09.836, 5, 179.47 W, 31, 120 MHz, 3996 MHz, 0 %, 0 %
2026/09/20 16:07:09.836, 6, 180.16 W, 28, 120 MHz, 3996 MHz, 0 %, 0 %
2026/09/20 16:07:09.836, 7, 182.13 W, 29, 120 MHz, 3996 MHz, 0 %, 0 %
2026/09/20 16:07:10.836, 0, 982.93 W, 64, 2032 MHz, 3996 MHz, 99 %, 63 %
2026/09/20 16:07:10.836, 1, 992.25 W, 67, 2032 MHz, 3996 MHz, 99 %, 63 %
2026/09/20 16:07:10.836, 2, 950.35 W, 52, 2032 MHz, 3996 MHz, 99 %, 62 %
2026/09/20 16:07:10.836, 3, 955.14 W, 53, 2032 MHz, 3996 MHz, 99 %, 62 %
2026/09/20 16:07:10.836, 4, 181.30 W, 33, 120 MHz, 3996 MHz, 0 %, 0 %
2026/09/20 16:07:10.836, 5, 179.47 W, 31, 120 MHz, 3996 MHz, 0 %, 0 %
2026/09/20 16:07:10.836, 6, 180.12 W, 28, 120 MHz, 3996 MHz, 0 %, 0 %
2026/09/20 16:07:10.837, 7, 182.13 W, 29, 120 MHz, 3996 MHz, 0 %, 0 %
2026/09/20 16:07:11.837, 0, 837.24 W, 61, 2032 MHz, 3996 MHz, 99 %, 62 %
2026/09/20 16:07:11.837, 1, 900.50 W, 64, 2032 MHz, 3996 MHz, 99 %, 62 %
2026/09/20 16:07:11.837, 2, 845.39 W, 52, 2032 MHz, 3996 MHz, 95 %, 35 %
2026/09/20 16:07:11.837, 3, 841.57 W, 52, 2032 MHz, 3996 MHz, 95 %, 46 %
2026/09/20 16:07:11.837, 4, 181.30 W, 33, 120 MHz, 3996 MHz, 0 %, 0 %
2026/09/20 16:07:11.837, 5, 179.46 W, 31, 120 MHz, 3996 MHz, 0 %, 0 %
2026/09/20 16:07:11.837, 6, 180.16 W, 28, 120 MHz, 3996 MHz, 0 %, 0 %
2026/09/20 16:07:11.837, 7, 182.13 W, 29, 120 MHz, 3996 MHz, 0 %, 0 %
2026/09/20 16:07:12.837, 0, 984.34 W, 64, 2032 MHz, 3996 MHz, 99 %, 63 %
2026/09/20 16:07:12.837, 1, 992.00 W, 66, 2032 MHz, 3996 MHz, 99 %, 63 %
2026/09/20 16:07:12.837, 2, 959.20 W, 53, 2032 MHz, 3996 MHz, 99 %, 63 %
2026/09/20 16:07:12.837, 3, 963.24 W, 53, 2032 MHz, 3996 MHz, 99 %, 62 %
2026/09/20 16:07:12.837, 4, 181.30 W, 33, 120 MHz, 3996 MHz, 0 %, 0 %
2026/09/20 16:07:12.837, 5, 179.47 W, 31, 120 MHz, 3996 MHz, 0 %, 0 %
2026/09/20 16:07:12.837, 6, 180.13 W, 28, 120 MHz, 3996 MHz, 0 %, 0 %
2026/09/20 16:07:12.837, 7, 182.13 W, 29, 120 MHz, 3996 MHz, 0 %, 0 %
2026/09/20 16:07:13.837, 0, 991.18 W, 64, 2032 MHz, 3996 MHz, 99 %, 63 %
2026/09/20 16:07:13.837, 1, 998.16 W, 66, 2032 MHz, 3996 MHz, 99 %, 63 %
2026/09/20 16:07:13.837, 2, 966.56 W, 53, 2032 MHz, 3996 MHz, 99 %, 63 %
2026/09/20 16:07:13.837, 3, 969.12 W, 53, 2032 MHz, 3996 MHz, 99 %, 62 %
2026/09/20 16:07:13.837, 4, 181.30 W, 33, 120 MHz, 3996 MHz, 0 %, 0 %
2026/09/20 16:07:13.837, 5, 179.47 W, 31, 120 MHz, 3996 MHz, 0 %, 0 %
2026/09/20 16:07:13.837, 6, 180.13 W, 28, 120 MHz, 3996 MHz, 0 %, 0 %
2026/09/20 16:07:13.837, 7, 182.13 W, 29, 120 MHz, 3996 MHz, 0 %, 0 %
2026/09/20 16:07:14.837, 0, 957.78 W, 64, 2032 MHz, 3996 MHz, 99 %, 63 %
2026/09/20 16:07:14.837, 1, 974.84 W, 65, 2032 MHz, 3996 MHz, 99 %, 63 %
2026/09/20 16:07:14.837, 2, 956.15 W, 53, 2032 MHz, 3996 MHz, 99 %, 64 %
2026/09/20 16:07:14.837, 3, 931.93 W, 53, 2032 MHz, 3996 MHz, 99 %, 63 %
2026/09/20 16:07:14.837, 4, 181.31 W, 33, 120 MHz, 3996 MHz, 0 %, 0 %
2026/09/20 16:07:14.837, 5, 179.43 W, 31, 120 MHz, 3996 MHz, 0 %, 0 %
2026/09/20 16:07:14.838, 6, 180.14 W, 28, 120 MHz, 3996 MHz, 0 %, 0 %
2026/09/20 16:07:14.838, 7, 182.13 W, 29, 120 MHz, 3996 MHz, 0 %, 0 %
2026/09/20 16:07:15.838, 0, 936.93 W, 63, 2032 MHz, 3996 MHz, 99 %, 49 %
2026/09/20 16:07:15.838, 1, 922.47 W, 64, 2025 MHz, 3996 MHz, 99 %, 58 %
2026/09/20 16:07:15.838, 2, 898.08 W, 52, 2032 MHz, 3996 MHz, 99 %, 63 %
2026/09/20 16:07:15.838, 3, 909.22 W, 55, 2032 MHz, 3996 MHz, 99 %, 63 %
2026/09/20 16:07:15.838, 4, 181.30 W, 33, 120 MHz, 3996 MHz, 0 %, 0 %
2026/09/20 16:07:15.838, 5, 179.47 W, 31, 120 MHz, 3996 MHz, 0 %, 0 %
2026/09/20 16:07:15.838, 6, 180.16 W, 28, 120 MHz, 3996 MHz, 0 %, 0 %
2026/09/20 16:07:15.838, 7, 182.13 W, 29, 120 MHz, 3996 MHz, 0 %, 0 %
2026/09/20 16:07:16.838, 0, 919.42 W, 64, 2032 MHz, 3996 MHz, 99 %, 62 %
2026/09/20 16:07:16.838, 1, 948.44 W, 65, 2032 MHz, 3996 MHz, 99 %, 63 %
2026/09/20 16:07:16.838, 2, 893.37 W, 52, 2032 MHz, 3996 MHz, 99 %, 63 %
2026/09/20 16:07:16.838, 3, 887.37 W, 53, 2032 MHz, 3996 MHz, 99 %, 62 %
2026/09/20 16:07:16.838, 4, 181.30 W, 33, 120 MHz, 3996 MHz, 0 %, 0 %
2026/09/20 16:07:16.838, 5, 179.43 W, 31, 120 MHz, 3996 MHz, 0 %, 0 %
2026/09/20 16:07:16.838, 6, 180.13 W, 28, 120 MHz, 3996 MHz, 0 %, 0 %
2026/09/20 16:07:16.838, 7, 182.13 W, 29, 120 MHz, 3996 MHz, 0 %, 0 %
2026/09/20 16:07:17.838, 0, 902.17 W, 63, 2032 MHz, 3996 MHz, 99 %, 62 %
2026/09/20 16:07:17.838, 1, 896.65 W, 66, 2032 MHz, 3996 MHz, 99 %, 62 %
2026/09/20 16:07:17.838, 2, 825.92 W, 51, 2032 MHz, 3996 MHz, 95 %, 37 %
2026/09/20 16:07:17.838, 3, 822.80 W, 52, 2032 MHz, 3996 MHz, 83 %, 51 %
2026/09/20 16:07:17.838, 4, 181.30 W, 33, 120 MHz, 3996 MHz, 0 %, 0 %
2026/09/20 16:07:17.838, 5, 179.39 W, 31, 120 MHz, 3996 MHz, 0 %, 0 %
2026/09/20 16:07:17.838, 6, 180.17 W, 28, 120 MHz, 3996 MHz, 0 %, 0 %
2026/09/20 16:07:17.838, 7, 182.13 W, 29, 120 MHz, 3996 MHz, 0 %, 0 %
2026/09/20 16:07:18.839, 0, 893.04 W, 63, 2032 MHz, 3996 MHz, 99 %, 61 %
2026/09/20 16:07:18.839, 1, 906.73 W, 65, 2032 MHz, 3996 MHz, 99 %, 60 %
2026/09/20 16:07:18.839, 2, 810.72 W, 51, 2032 MHz, 3996 MHz, 99 %, 61 %
2026/09/20 16:07:18.839, 3, 864.86 W, 52, 2032 MHz, 3996 MHz, 99 %, 61 %
2026/09/20 16:07:18.839, 4, 181.30 W, 33, 120 MHz, 3996 MHz, 0 %, 0 %
2026/09/20 16:07:18.839, 5, 179.39 W, 31, 120 MHz, 3996 MHz, 0 %, 0 %
2026/09/20 16:07:18.839, 6, 180.09 W, 28, 120 MHz, 3996 MHz, 0 %, 0 %
2026/09/20 16:07:18.839, 7, 182.13 W, 29, 120 MHz, 3996 MHz, 0 %, 0 %
2026/09/20 16:07:19.839, 0, 981.54 W, 64, 2032 MHz, 3996 MHz, 99 %, 62 %
2026/09/20 16:07:19.839, 1, 984.20 W, 65, 2032 MHz, 3996 MHz, 99 %, 62 %
2026/09/20 16:07:19.839, 2, 947.36 W, 52, 2032 MHz, 3996 MHz, 99 %, 62 %
2026/09/20 16:07:19.839, 3, 949.41 W, 53, 2032 MHz, 3996 MHz, 99 %, 62 %
2026/09/20 16:07:19.839, 4, 181.30 W, 33, 120 MHz, 3996 MHz, 0 %, 0 %
2026/09/20 16:07:19.839, 5, 179.47 W, 31, 120 MHz, 3996 MHz, 0 %, 0 %
2026/09/20 16:07:19.839, 6, 180.16 W, 28, 120 MHz, 3996 MHz, 0 %, 0 %
2026/09/20 16:07:19.839, 7, 182.13 W, 29, 120 MHz, 3996 MHz, 0 %, 0 %
2026/09/20 16:07:20.839, 0, 903.98 W, 64, 2032 MHz, 3996 MHz, 99 %, 62 %
2026/09/20 16:07:20.839, 1, 918.72 W, 65, 2032 MHz, 3996 MHz, 99 %, 62 %
2026/09/20 16:07:20.839, 2, 882.12 W, 52, 2032 MHz, 3996 MHz, 99 %, 61 %
2026/09/20 16:07:20.839, 3, 899.31 W, 53, 2032 MHz, 3996 MHz, 99 %, 61 %
2026/09/20 16:07:20.839, 4, 181.30 W, 33, 120 MHz, 3996 MHz, 0 %, 0 %
2026/09/20 16:07:20.839, 5, 179.35 W, 31, 120 MHz, 3996 MHz, 0 %, 0 %
2026/09/20 16:07:20.839, 6, 180.08 W, 28, 120 MHz, 3996 MHz, 0 %, 0 %
2026/09/20 16:07:20.839, 7, 182.13 W, 29, 120 MHz, 3996 MHz, 0 %, 0 %
2026/09/20 16:07:21.839, 0, 900.87 W, 60, 2032 MHz, 3996 MHz, 39 %, 21 %
2026/09/20 16:07:21.839, 1, 951.15 W, 65, 2032 MHz, 3996 MHz, 96 %, 10 %
2026/09/20 16:07:21.839, 2, 924.97 W, 51, 2032 MHz, 3996 MHz, 100 %, 8 %
2026/09/20 16:07:21.839, 3, 920.59 W, 50, 2032 MHz, 3996 MHz, 100 %, 8 %
2026/09/20 16:07:21.839, 4, 181.30 W, 33, 120 MHz, 3996 MHz, 0 %, 0 %
2026/09/20 16:07:21.839, 5, 179.47 W, 31, 120 MHz, 3996 MHz, 0 %, 0 %
2026/09/20 16:07:21.839, 6, 180.12 W, 28, 120 MHz, 3996 MHz, 0 %, 0 %
2026/09/20 16:07:21.839, 7, 182.13 W, 29, 120 MHz, 3996 MHz, 0 %, 0 %
2026/09/20 16:07:22.840, 0, 912.62 W, 62, 2032 MHz, 3996 MHz, 100 %, 19 %
2026/09/20 16:07:22.840, 1, 917.26 W, 64, 2032 MHz, 3996 MHz, 100 %, 26 %
2026/09/20 16:07:22.840, 2, 843.16 W, 51, 2032 MHz, 3996 MHz, 99 %, 63 %
2026/09/20 16:07:22.840, 3, 881.60 W, 50, 2025 MHz, 3996 MHz, 95 %, 58 %
2026/09/20 16:07:22.840, 4, 181.30 W, 33, 120 MHz, 3996 MHz, 0 %, 0 %
2026/09/20 16:07:22.840, 5, 179.39 W, 31, 120 MHz, 3996 MHz, 0 %, 0 %
2026/09/20 16:07:22.840, 6, 180.09 W, 28, 120 MHz, 3996 MHz, 0 %, 0 %
2026/09/20 16:07:22.840, 7, 182.13 W, 29, 120 MHz, 3996 MHz, 0 %, 0 %
2026/09/20 16:07:23.840, 0, 899.72 W, 61, 2032 MHz, 3996 MHz, 33 %, 14 %
2026/09/20 16:07:23.840, 1, 927.72 W, 64, 2032 MHz, 3996 MHz, 100 %, 14 %
2026/09/20 16:07:23.840, 2, 906.63 W, 51, 2032 MHz, 3996 MHz, 100 %, 23 %
2026/09/20 16:07:23.840, 3, 876.08 W, 52, 2032 MHz, 3996 MHz, 100 %, 13 %
2026/09/20 16:07:23.840, 4, 181.30 W, 33, 120 MHz, 3996 MHz, 0 %, 0 %
2026/09/20 16:07:23.840, 5, 179.43 W, 31, 120 MHz, 3996 MHz, 0 %, 0 %
2026/09/20 16:07:23.840, 6, 180.10 W, 28, 120 MHz, 3996 MHz, 0 %, 0 %
2026/09/20 16:07:23.840, 7, 182.13 W, 29, 120 MHz, 3996 MHz, 0 %, 0 %
2026/09/20 16:07:24.840, 0, 964.99 W, 63, 2032 MHz, 3996 MHz, 99 %, 63 %
2026/09/20 16:07:24.840, 1, 992.02 W, 64, 2032 MHz, 3996 MHz, 99 %, 63 %
2026/09/20 16:07:24.840, 2, 942.41 W, 52, 2032 MHz, 3996 MHz, 99 %, 63 %
2026/09/20 16:07:24.840, 3, 952.92 W, 53, 2032 MHz, 3996 MHz, 99 %, 62 %
2026/09/20 16:07:24.840, 4, 181.30 W, 33, 120 MHz, 3996 MHz, 0 %, 0 %
2026/09/20 16:07:24.840, 5, 179.39 W, 31, 120 MHz, 3996 MHz, 0 %, 0 %
2026/09/20 16:07:24.840, 6, 180.13 W, 28, 120 MHz, 3996 MHz, 0 %, 0 %
2026/09/20 16:07:24.840, 7, 182.13 W, 29, 120 MHz, 3996 MHz, 0 %, 0 %
2026/09/20 16:07:25.840, 0, 994.03 W, 64, 2032 MHz, 3996 MHz, 99 %, 63 %
2026/09/20 16:07:25.840, 1, 1002.09 W, 65, 2032 MHz, 3996 MHz, 99 %, 63 %
2026/09/20 16:07:25.840, 2, 974.25 W, 53, 2032 MHz, 3996 MHz, 99 %, 63 %
2026/09/20 16:07:25.840, 3, 976.17 W, 54, 2032 MHz, 3996 MHz, 99 %, 63 %
2026/09/20 16:07:25.840, 4, 181.30 W, 33, 120 MHz, 3996 MHz, 0 %, 0 %
2026/09/20 16:07:25.841, 5, 179.39 W, 31, 120 MHz, 3996 MHz, 0 %, 0 %
2026/09/20 16:07:25.841, 6, 180.11 W, 28, 120 MHz, 3996 MHz, 0 %, 0 %
2026/09/20 16:07:25.841, 7, 182.13 W, 29, 120 MHz, 3996 MHz, 0 %, 0 %
2026/09/20 16:07:26.841, 0, 995.06 W, 64, 2032 MHz, 3996 MHz, 99 %, 63 %
2026/09/20 16:07:26.841, 1, 1004.83 W, 66, 2032 MHz, 3996 MHz, 99 %, 63 %
2026/09/20 16:07:26.841, 2, 975.79 W, 53, 2032 MHz, 3996 MHz, 99 %, 63 %
2026/09/20 16:07:26.841, 3, 982.22 W, 53, 2032 MHz, 3996 MHz, 99 %, 64 %
2026/09/20 16:07:26.841, 4, 181.30 W, 33, 120 MHz, 3996 MHz, 0 %, 0 %
2026/09/20 16:07:26.841, 5, 179.43 W, 31, 120 MHz, 3996 MHz, 0 %, 0 %
2026/09/20 16:07:26.841, 6, 180.12 W, 28, 120 MHz, 3996 MHz, 0 %, 0 %
2026/09/20 16:07:26.841, 7, 182.13 W, 29, 120 MHz, 3996 MHz, 0 %, 0 %
2026/09/20 16:07:27.841, 0, 973.68 W, 63, 2032 MHz, 3996 MHz, 99 %, 60 %
2026/09/20 16:07:27.841, 1, 969.00 W, 65, 2032 MHz, 3996 MHz, 99 %, 60 %
2026/09/20 16:07:27.841, 2, 941.49 W, 52, 2032 MHz, 3996 MHz, 99 %, 60 %
2026/09/20 16:07:27.841, 3, 949.91 W, 53, 2032 MHz, 3996 MHz, 99 %, 60 %
2026/09/20 16:07:27.841, 4, 181.31 W, 33, 120 MHz, 3996 MHz, 0 %, 0 %
2026/09/20 16:07:27.841, 5, 179.43 W, 31, 120 MHz, 3996 MHz, 0 %, 0 %
2026/09/20 16:07:27.841, 6, 180.09 W, 28, 120 MHz, 3996 MHz, 0 %, 0 %
2026/09/20 16:07:27.841, 7, 182.13 W, 29, 120 MHz, 3996 MHz, 0 %, 0 %
2026/09/20 16:07:28.841, 0, 935.14 W, 63, 2032 MHz, 3996 MHz, 99 %, 59 %
2026/09/20 16:07:28.841, 1, 926.98 W, 63, 2032 MHz, 3996 MHz, 99 %, 58 %
2026/09/20 16:07:28.841, 2, 904.38 W, 52, 2032 MHz, 3996 MHz, 99 %, 59 %
2026/09/20 16:07:28.841, 3, 912.92 W, 52, 2032 MHz, 3996 MHz, 99 %, 59 %
2026/09/20 16:07:28.841, 4, 181.30 W, 33, 120 MHz, 3996 MHz, 0 %, 0 %
2026/09/20 16:07:28.841, 5, 179.23 W, 31, 120 MHz, 3996 MHz, 0 %, 0 %
2026/09/20 16:07:28.841, 6, 180.15 W, 28, 120 MHz, 3996 MHz, 0 %, 0 %
2026/09/20 16:07:28.841, 7, 182.13 W, 29, 120 MHz, 3996 MHz, 0 %, 0 %
2026/09/20 16:07:29.841, 0, 868.67 W, 61, 2032 MHz, 3996 MHz, 99 %, 58 %
2026/09/20 16:07:29.841, 1, 855.97 W, 62, 2032 MHz, 3996 MHz, 99 %, 57 %
2026/09/20 16:07:29.842, 2, 843.09 W, 50, 2032 MHz, 3996 MHz, 99 %, 58 %
2026/09/20 16:07:29.842, 3, 839.94 W, 50, 2032 MHz, 3996 MHz, 99 %, 58 %
2026/09/20 16:07:29.842, 4, 181.30 W, 33, 120 MHz, 3996 MHz, 0 %, 0 %
2026/09/20 16:07:29.842, 5, 179.24 W, 31, 120 MHz, 3996 MHz, 0 %, 0 %
2026/09/20 16:07:29.842, 6, 180.14 W, 28, 120 MHz, 3996 MHz, 0 %, 0 %
2026/09/20 16:07:29.842, 7, 182.13 W, 29, 120 MHz, 3996 MHz, 0 %, 0 %
2026/09/20 16:07:30.842, 0, 834.31 W, 62, 2032 MHz, 3996 MHz, 99 %, 49 %
2026/09/20 16:07:30.842, 1, 837.80 W, 63, 2032 MHz, 3996 MHz, 99 %, 49 %
2026/09/20 16:07:30.842, 2, 794.36 W, 50, 2032 MHz, 3996 MHz, 99 %, 48 %
2026/09/20 16:07:30.842, 3, 797.67 W, 51, 2032 MHz, 3996 MHz, 99 %, 48 %
2026/09/20 16:07:30.842, 4, 181.30 W, 33, 120 MHz, 3996 MHz, 0 %, 0 %
2026/09/20 16:07:30.842, 5, 179.43 W, 31, 120 MHz, 3996 MHz, 0 %, 0 %
2026/09/20 16:07:30.842, 6, 180.08 W, 28, 120 MHz, 3996 MHz, 0 %, 0 %
2026/09/20 16:07:30.842, 7, 182.13 W, 29, 120 MHz, 3996 MHz, 0 %, 0 %
2026/09/20 16:07:31.842, 0, 868.90 W, 62, 2032 MHz, 3996 MHz, 99 %, 47 %
2026/09/20 16:07:31.842, 1, 869.18 W, 62, 2032 MHz, 3996 MHz, 99 %, 46 %
2026/09/20 16:07:31.842, 2, 842.01 W, 50, 2032 MHz, 3996 MHz, 99 %, 47 %
2026/09/20 16:07:31.842, 3, 839.21 W, 51, 2032 MHz, 3996 MHz, 99 %, 46 %
2026/09/20 16:07:31.842, 4, 181.30 W, 33, 120 MHz, 3996 MHz, 0 %, 0 %
2026/09/20 16:07:31.842, 5, 179.43 W, 31, 120 MHz, 3996 MHz, 0 %, 0 %
2026/09/20 16:07:31.842, 6, 180.11 W, 28, 120 MHz, 3996 MHz, 0 %, 0 %
2026/09/20 16:07:31.842, 7, 182.13 W, 29, 120 MHz, 3996 MHz, 0 %, 0 %
2026/09/20 16:07:32.978, 0, 559.24 W, 53, 2032 MHz, 3996 MHz, 0 %, 0 %
2026/09/20 16:07:32.984, 1, 538.89 W, 54, 2032 MHz, 3996 MHz, 0 %, 0 %
2026/09/20 16:07:32.990, 2, 500.39 W, 42, 2032 MHz, 3996 MHz, 0 %, 0 %
2026/09/20 16:07:32.996, 3, 496.67 W, 42, 2032 MHz, 3996 MHz, 0 %, 0 %
2026/09/20 16:07:33.001, 4, 181.30 W, 33, 120 MHz, 3996 MHz, 0 %, 0 %
2026/09/20 16:07:33.008, 5, 179.39 W, 31, 120 MHz, 3996 MHz, 0 %, 0 %
2026/09/20 16:07:33.016, 6, 180.00 W, 28, 120 MHz, 3996 MHz, 0 %, 0 %
2026/09/20 16:07:33.024, 7, 182.13 W, 29, 120 MHz, 3996 MHz, 0 %, 0 %
