timestamp, index, power.draw [W], temperature.gpu, clocks.current.sm [MHz], clocks.current.memory [MHz], utilization.gpu [%], utilization.memory [%]
2026/09/20 09:24:06.457, 0, 185.56 W, 43, 120 MHz, 3996 MHz, 0 %, 0 %
2026/09/20 09:24:06.459, 1, 187.14 W, 44, 120 MHz, 3996 MHz, 0 %, 0 %
2026/09/20 09:24:06.461, 2, 179.43 W, 33, 120 MHz, 3996 MHz, 0 %, 0 %
2026/09/20 09:24:06.462, 3, 182.19 W, 33, 120 MHz, 3996 MHz, 0 %, 0 %
2026/09/20 09:24:06.464, 4, 181.30 W, 34, 120 MHz, 3996 MHz, 0 %, 0 %
2026/09/20 09:24:06.466, 5, 179.43 W, 32, 120 MHz, 3996 MHz, 0 %, 0 %
2026/09/20 09:24:06.468, 6, 180.13 W, 29, 120 MHz, 3996 MHz, 0 %, 0 %
2026/09/20 09:24:06.469, 7, 182.13 W, 29, 120 MHz, 3996 MHz, 0 %, 0 %
2026/09/20 09:24:07.471, 0, 185.56 W, 43, 120 MHz, 3996 MHz, 0 %, 0 %
2026/09/20 09:24:07.471, 1, 186.94 W, 44, 120 MHz, 3996 MHz, 0 %, 0 %
2026/09/20 09:24:07.471, 2, 179.51 W, 33, 120 MHz, 3996 MHz, 0 %, 0 %
2026/09/20 09:24:07.471, 3, 181.80 W, 33, 120 MHz, 3996 MHz, 0 %, 0 %
2026/09/20 09:24:07.471, 4, 181.30 W, 34, 120 MHz, 3996 MHz, 0 %, 0 %
2026/09/20 09:24:07.471, 5, 179.47 W, 32, 120 MHz, 3996 MHz, 0 %, 0 %
2026/09/20 09:24:07.471, 6, 180.17 W, 29, 120 MHz, 3996 MHz, 0 %, 0 %
2026/09/20 09:24:07.471, 7, 182.13 W, 29, 120 MHz, 3996 MHz, 0 %, 0 %
2026/09/20 09:24:08.471, 0, 185.56 W, 43, 120 MHz, 3996 MHz, 0 %, 0 %
2026/09/20 09:24:08.472, 1, 186.87 W, 44, 120 MHz, 3996 MHz, 0 %, 0 %
2026/09/20 09:24:08.472, 2, 179.51 W, 33, 120 MHz, 3996 MHz, 0 %, 0 %
2026/09/20 09:24:08.472, 3, 182.06 W, 33, 120 MHz, 3996 MHz, 0 %, 0 %
2026/09/20 09:24:08.472, 4, 181.30 W, 34, 120 MHz, 3996 MHz, 0 %, 0 %
2026/09/20 09:24:08.472, 5, 179.39 W, 32, 120 MHz, 3996 MHz, 0 %, 0 %
2026/09/20 09:24:08.472, 6, 180.02 W, 29, 120 MHz, 3996 MHz, 0 %, 0 %
2026/09/20 09:24:08.472, 7, 182.13 W, 29, 120 MHz, 3996 MHz, 0 %, 0 %
2026/09/20 09:24:09.472, 0, 185.56 W, 43, 120 MHz, 3996 MHz, 0 %, 0 %
2026/09/20 09:24:09.472, 1, 186.11 W, 44, 120 MHz, 3996 MHz, 0 %, 0 %
2026/09/20 09:24:09.472, 2, 179.55 W, 33, 120 MHz, 3996 MHz, 0 %, 0 %
2026/09/20 09:24:09.472, 3, 181.76 W, 33, 120 MHz, 3996 MHz, 0 %, 0 %
2026/09/20 09:24:09.472, 4, 181.30 W, 34, 120 MHz, 3996 MHz, 0 %, 0 %
2026/09/20 09:24:09.472, 5, 179.43 W, 32, 120 MHz, 3996 MHz, 0 %, 0 %
2026/09/20 09:24:09.472, 6, 180.13 W, 29, 120 MHz, 3996 MHz, 0 %, 0 %
2026/09/20 09:24:09.472, 7, 182.13 W, 29, 120 MHz, 3996 MHz, 0 %, 0 %
2026/09/20 09:24:10.472, 0, 185.56 W, 43, 120 MHz, 3996 MHz, 0 %, 0 %
2026/09/20 09:24:10.472, 1, 185.76 W, 44, 120 MHz, 3996 MHz, 0 %, 0 %
2026/09/20 09:24:10.472, 2, 179.44 W, 33, 120 MHz, 3996 MHz, 0 %, 0 %
2026/09/20 09:24:10.472, 3, 181.76 W, 33, 120 MHz, 3996 MHz, 0 %, 0 %
2026/09/20 09:24:10.472, 4, 181.30 W, 34, 120 MHz, 3996 MHz, 0 %, 0 %
2026/09/20 09:24:10.472, 5, 179.47 W, 32, 120 MHz, 3996 MHz, 0 %, 0 %
2026/09/20 09:24:10.472, 6, 180.13 W, 29, 120 MHz, 3996 MHz, 0 %, 0 %
2026/09/20 09:24:10.472, 7, 182.13 W, 29, 120 MHz, 3996 MHz, 0 %, 0 %
2026/09/20 09:24:11.472, 0, 185.56 W, 42, 120 MHz, 3996 MHz, 0 %, 0 %
2026/09/20 09:24:11.472, 1, 185.68 W, 43, 120 MHz, 3996 MHz, 0 %, 0 %
2026/09/20 09:24:11.472, 2, 179.43 W, 33, 120 MHz, 3996 MHz, 0 %, 0 %
2026/09/20 09:24:11.472, 3, 181.77 W, 33, 120 MHz, 3996 MHz, 0 %, 0 %
2026/09/20 09:24:11.472, 4, 181.30 W, 34, 120 MHz, 3996 MHz, 0 %, 0 %
2026/09/20 09:24:11.472, 5, 179.43 W, 32, 120 MHz, 3996 MHz, 0 %, 0 %
2026/09/20 09:24:11.472, 6, 180.17 W, 29, 120 MHz, 3996 MHz, 0 %, 0 %
2026/09/20 09:24:11.472, 7, 182.13 W, 29, 120 MHz, 3996 MHz, 0 %, 0 %
2026/09/20 09:24:12.473, 0, 185.56 W, 42, 120 MHz, 3996 MHz, 0 %, 0 %
2026/09/20 09:24:12.473, 1, 185.68 W, 43, 120 MHz, 3996 MHz, 0 %, 0 %
2026/09/20 09:24:12.473, 2, 179.44 W, 33, 120 MHz, 3996 MHz, 0 %, 0 %
2026/09/20 09:24:12.473, 3, 181.53 W, 33, 120 MHz, 3996 MHz, 0 %, 0 %
2026/09/20 09:24:12.473, 4, 181.30 W, 34, 120 MHz, 3996 MHz, 0 %, 0 %
2026/09/20 09:24:12.473, 5, 179.43 W, 32, 120 MHz, 3996 MHz, 0 %, 0 %
2026/09/20 09:24:12.473, 6, 180.17 W, 29, 120 MHz, 3996 MHz, 0 %, 0 %
2026/09/20 09:24:12.473, 7, 182.13 W, 29, 120 MHz, 3996 MHz, 0 %, 0 %
2026/09/20 09:24:13.473, 0, 185.56 W, 42, 120 MHz, 3996 MHz, 0 %, 0 %
2026/09/20 09:24:13.473, 1, 185.68 W, 43, 120 MHz, 3996 MHz, 0 %, 0 %
2026/09/20 09:24:13.473, 2, 179.45 W, 33, 120 MHz, 3996 MHz, 0 %, 0 %
2026/09/20 09:24:13.473, 3, 181.38 W, 32, 120 MHz, 3996 MHz, 0 %, 0 %
2026/09/20 09:24:13.473, 4, 181.30 W, 34, 120 MHz, 3996 MHz, 0 %, 0 %
2026/09/20 09:24:13.473, 5, 179.46 W, 32, 120 MHz, 3996 MHz, 0 %, 0 %
2026/09/20 09:24:13.473, 6, 180.13 W, 29, 120 MHz, 3996 MHz, 0 %, 0 %
2026/09/20 09:24:13.473, 7, 182.13 W, 29, 120 MHz, 3996 MHz, 0 %, 0 %
2026/09/20 09:24:14.473, 0, 185.56 W, 42, 120 MHz, 3996 MHz, 0 %, 0 %
2026/09/20 09:24:14.473, 1, 185.68 W, 43, 120 MHz, 3996 MHz, 0 %, 0 %
2026/09/20 09:24:14.473, 2, 179.45 W, 32, 120 MHz, 3996 MHz, 0 %, 0 %
2026/09/20 09:24:14.473, 3, 181.38 W, 32, 120 MHz, 3996 MHz, 0 %, 0 %
2026/09/20 09:24:14.473, 4, 181.30 W, 34, 120 MHz, 3996 MHz, 0 %, 0 %
2026/09/20 09:24:14.473, 5, 179.35 W, 32, 120 MHz, 3996 MHz, 0 %, 0 %
2026/09/20 09:24:14.473, 6, 180.17 W, 29, 120 MHz, 3996 MHz, 0 %, 0 %
2026/09/20 09:24:14.473, 7, 182.13 W, 29, 120 MHz, 3996 MHz, 0 %, 0 %
2026/09/20 09:24:15.473, 0, 185.56 W, 42, 120 MHz, 3996 MHz, 0 %, 0 %
2026/09/20 09:24:15.473, 1, 185.68 W, 43, 120 MHz, 3996 MHz, 0 %, 0 %
2026/09/20 09:24:15.473, 2, 179.44 W, 32, 120 MHz, 3996 MHz, 0 %, 0 %
2026/09/20 09:24:15.473, 3, 181.37 W, 32, 120 MHz, 3996 MHz, 0 %, 0 %
2026/09/20 09:24:15.473, 4, 181.30 W, 34, 120 MHz, 3996 MHz, 0 %, 0 %
2026/09/20 09:24:15.473, 5, 179.39 W, 32, 120 MHz, 3996 MHz, 0 %, 0 %
2026/09/20 09:24:15.474, 6, 180.13 W, 29, 120 MHz, 3996 MHz, 0 %, 0 %
2026/09/20 09:24:15.474, 7, 182.13 W, 29, 120 MHz, 3996 MHz, 0 %, 0 %
2026/09/20 09:24:16.474, 0, 185.56 W, 41, 120 MHz, 3996 MHz, 0 %, 0 %
2026/09/20 09:24:16.474, 1, 185.68 W, 43, 120 MHz, 3996 MHz, 0 %, 0 %
2026/09/20 09:24:16.474, 2, 179.43 W, 32, 120 MHz, 3996 MHz, 0 %, 0 %
2026/09/20 09:24:16.474, 3, 181.34 W, 32, 120 MHz, 3996 MHz, 0 %, 0 %
2026/09/20 09:24:16.474, 4, 181.30 W, 34, 120 MHz, 3996 MHz, 0 %, 0 %
2026/09/20 09:24:16.474, 5, 179.39 W, 32, 120 MHz, 3996 MHz, 0 %, 0 %
2026/09/20 09:24:16.474, 6, 180.13 W, 29, 120 MHz, 3996 MHz, 0 %, 0 %
2026/09/20 09:24:16.474, 7, 182.13 W, 29, 120 MHz, 3996 MHz, 0 %, 0 %
2026/09/20 09:24:17.474, 0, 185.56 W, 41, 120 MHz, 3996 MHz, 0 %, 0 %
2026/09/20 09:24:17.474, 1, 185.68 W, 42, 120 MHz, 3996 MHz, 0 %, 0 %
2026/09/20 09:24:17.474, 2, 179.44 W, 32, 120 MHz, 3996 MHz, 0 %, 0 %
2026/09/20 09:24:17.474, 3, 181.30 W, 32, 120 MHz, 3996 MHz, 0 %, 0 %
2026/09/20 09:24:17.474, 4, 181.30 W, 34, 120 MHz, 3996 MHz, 0 %, 0 %
2026/09/20 09:24:17.474, 5, 179.47 W, 32, 120 MHz, 3996 MHz, 0 %, 0 %
2026/09/20 09:24:17.474, 6, 180.13 W, 29, 120 MHz, 3996 MHz, 0 %, 0 %
2026/09/20 09:24:17.474, 7, 182.13 W, 29, 120 MHz, 3996 MHz, 0 %, 0 %
2026/09/20 09:24:18.474, 0, 185.56 W, 41, 120 MHz, 3996 MHz, 0 %, 0 %
2026/09/20 09:24:18.474, 1, 185.68 W, 42, 120 MHz, 3996 MHz, 0 %, 0 %
2026/09/20 09:24:18.474, 2, 179.53 W, 32, 120 MHz, 3996 MHz, 0 %, 0 %
2026/09/20 09:24:18.474, 3, 181.38 W, 32, 120 MHz, 3996 MHz, 0 %, 0 %
2026/09/20 09:24:18.474, 4, 181.30 W, 34, 120 MHz, 3996 MHz, 0 %, 0 %
2026/09/20 09:24:18.474, 5, 179.47 W, 32, 120 MHz, 3996 MHz, 0 %, 0 %
2026/09/20 09:24:18.474, 6, 180.10 W, 29, 120 MHz, 3996 MHz, 0 %, 0 %
2026/09/20 09:24:18.474, 7, 182.13 W, 29, 120 MHz, 3996 MHz, 0 %, 0 %
2026/09/20 09:24:19.474, 0, 185.56 W, 41, 120 MHz, 3996 MHz, 0 %, 0 %
2026/09/20 09:24:19.474, 1, 185.68 W, 42, 120 MHz, 3996 MHz, 0 %, 0 %
2026/09/20 09:24:19.474, 2, 179.49 W, 32, 120 MHz, 3996 MHz, 0 %, 0 %
2026/09/20 09:24:19.474, 3, 181.30 W, 32, 120 MHz, 3996 MHz, 0 %, 0 %
2026/09/20 09:24:19.474, 4, 182.02 W, 34, 150 MHz, 3996 MHz, 0 %, 0 %
2026/09/20 09:24:19.475, 5, 179.47 W, 32, 120 MHz, 3996 MHz, 0 %, 0 %
2026/09/20 09:24:19.475, 6, 180.17 W, 29, 120 MHz, 3996 MHz, 0 %, 0 %
2026/09/20 09:24:19.475, 7, 182.13 W, 29, 120 MHz, 3996 MHz, 0 %, 0 %
2026/09/20 09:24:20.475, 0, 185.56 W, 41, 120 MHz, 3996 MHz, 0 %, 0 %
2026/09/20 09:24:20.475, 1, 185.68 W, 42, 120 MHz, 3996 MHz, 0 %, 0 %
2026/09/20 09:24:20.475, 2, 179.46 W, 32, 120 MHz, 3996 MHz, 0 %, 0 %
2026/09/20 09:24:20.475, 3, 181.30 W, 32, 120 MHz, 3996 MHz, 0 %, 0 %
2026/09/20 09:24:20.475, 4, 181.76 W, 34, 150 MHz, 3996 MHz, 0 %, 0 %
2026/09/20 09:24:20.475, 5, 179.46 W, 32, 120 MHz, 3996 MHz, 0 %, 0 %
2026/09/20 09:24:20.475, 6, 180.17 W, 29, 120 MHz, 3996 MHz, 0 %, 0 %
2026/09/20 09:24:20.475, 7, 182.13 W, 29, 120 MHz, 3996 MHz, 0 %, 0 %
2026/09/20 09:24:21.475, 0, 185.34 W, 41, 120 MHz, 3996 MHz, 0 %, 0 %
2026/09/20 09:24:21.475, 1, 185.68 W, 42, 120 MHz, 3996 MHz, 0 %, 0 %
2026/09/20 09:24:21.475, 2, 179.46 W, 32, 120 MHz, 3996 MHz, 0 %, 0 %
2026/09/20 09:24:21.475, 3, 181.30 W, 32, 120 MHz, 3996 MHz, 0 %, 0 %
2026/09/20 09:24:21.475, 4, 181.38 W, 34, 120 MHz, 3996 MHz, 0 %, 0 %
2026/09/20 09:24:21.475, 5, 179.46 W, 32, 120 MHz, 3996 MHz, 0 %, 0 %
2026/09/20 09:24:21.475, 6, 180.17 W, 29, 120 MHz, 3996 MHz, 0 %, 0 %
2026/09/20 09:24:21.475, 7, 182.25 W, 29, 120 MHz, 3996 MHz, 0 %, 0 %
2026/09/20 09:24:22.475, 0, 184.63 W, 41, 120 MHz, 3996 MHz, 0 %, 0 %
2026/09/20 09:24:22.475, 1, 185.68 W, 42, 120 MHz, 3996 MHz, 0 %, 0 %
2026/09/20 09:24:22.475, 2, 179.45 W, 32, 120 MHz, 3996 MHz, 0 %, 0 %
2026/09/20 09:24:22.475, 3, 181.30 W, 32, 120 MHz, 3996 MHz, 0 %, 0 %
2026/09/20 09:24:22.475, 4, 181.30 W, 34, 120 MHz, 3996 MHz, 0 %, 0 %
2026/09/20 09:24:22.475, 5, 179.46 W, 32, 120 MHz, 3996 MHz, 0 %, 0 %
2026/09/20 09:24:22.475, 6, 180.17 W, 29, 120 MHz, 3996 MHz, 0 %, 0 %
2026/09/20 09:24:22.475, 7, 182.28 W, 29, 120 MHz, 3996 MHz, 0 %, 0 %
2026/09/20 09:24:23.475, 0, 184.07 W, 40, 120 MHz, 3996 MHz, 0 %, 0 %
2026/09/20 09:24:23.475, 1, 185.68 W, 42, 120 MHz, 3996 MHz, 0 %, 0 %
2026/09/20 09:24:23.476, 2, 179.45 W, 32, 120 MHz, 3996 MHz, 0 %, 0 %
2026/09/20 09:24:23.476, 3, 181.30 W, 32, 120 MHz, 3996 MHz, 0 %, 0 %
2026/09/20 09:24:23.476, 4, 181.30 W, 34, 120 MHz, 3996 MHz, 0 %, 0 %
2026/09/20 09:24:23.476, 5, 179.47 W, 32, 120 MHz, 3996 MHz, 0 %, 0 %
2026/09/20 09:24:23.476, 6, 180.17 W, 29, 120 MHz, 3996 MHz, 0 %, 0 %
2026/09/20 09:24:23.476, 7, 182.13 W, 29, 120 MHz, 3996 MHz, 0 %, 0 %
2026/09/20 09:24:24.476, 0, 183.95 W, 40, 120 MHz, 3996 MHz, 0 %, 0 %
2026/09/20 09:24:24.476, 1, 185.68 W, 41, 120 MHz, 3996 MHz, 0 %, 0 %
2026/09/20 09:24:24.476, 2, 179.46 W, 32, 120 MHz, 3996 MHz, 0 %, 0 %
2026/09/20 09:24:24.476, 3, 181.30 W, 31, 120 MHz, 3996 MHz, 0 %, 0 %
2026/09/20 09:24:24.476, 4, 181.30 W, 34, 120 MHz, 3996 MHz, 0 %, 0 %
2026/09/20 09:24:24.476, 5, 179.47 W, 32, 120 MHz, 3996 MHz, 0 %, 0 %
2026/09/20 09:24:24.476, 6, 180.17 W, 29, 120 MHz, 3996 MHz, 0 %, 0 %
2026/09/20 09:24:24.476, 7, 182.13 W, 29, 120 MHz, 3996 MHz, 0 %, 0 %
2026/09/20 09:24:25.476, 0, 183.69 W, 40, 120 MHz, 3996 MHz, 0 %, 0 %
2026/09/20 09:24:25.476, 1, 185.68 W, 41, 120 MHz, 3996 MHz, 0 %, 0 %
2026/09/20 09:24:25.476, 2, 179.46 W, 32, 120 MHz, 3996 MHz, 0 %, 0 %
2026/09/20 09:24:25.476, 3, 181.30 W, 31, 120 MHz, 3996 MHz, 0 %, 0 %
2026/09/20 09:24:25.476, 4, 181.30 W, 34, 120 MHz, 3996 MHz, 0 %, 0 %
2026/09/20 09:24:25.476, 5, 179.47 W, 32, 120 MHz, 3996 MHz, 0 %, 0 %
2026/09/20 09:24:25.476, 6, 180.17 W, 29, 120 MHz, 3996 MHz, 0 %, 0 %
2026/09/20 09:24:25.476, 7, 182.13 W, 29, 120 MHz, 3996 MHz, 0 %, 0 %
2026/09/20 09:24:26.476, 0, 183.61 W, 40, 120 MHz, 3996 MHz, 0 %, 0 %
2026/09/20 09:24:26.476, 1, 185.66 W, 41, 120 MHz, 3996 MHz, 0 %, 0 %
2026/09/20 09:24:26.476, 2, 179.46 W, 32, 120 MHz, 3996 MHz, 0 %, 0 %
2026/09/20 09:24:26.476, 3, 181.30 W, 31, 120 MHz, 3996 MHz, 0 %, 0 %
2026/09/20 09:24:26.476, 4, 181.30 W, 34, 120 MHz, 3996 MHz, 0 %, 0 %
2026/09/20 09:24:26.476, 5, 179.47 W, 32, 120 MHz, 3996 MHz, 0 %, 0 %
2026/09/20 09:24:26.476, 6, 180.17 W, 29, 120 MHz, 3996 MHz, 0 %, 0 %
2026/09/20 09:24:26.476, 7, 182.13 W, 29, 120 MHz, 3996 MHz, 0 %, 0 %
2026/09/20 09:24:27.477, 0, 183.61 W, 40, 120 MHz, 3996 MHz, 0 %, 0 %
2026/09/20 09:24:27.477, 1, 185.64 W, 41, 120 MHz, 3996 MHz, 0 %, 0 %
2026/09/20 09:24:27.477, 2, 179.45 W, 32, 120 MHz, 3996 MHz, 0 %, 0 %
2026/09/20 09:24:27.477, 3, 181.33 W, 31, 120 MHz, 3996 MHz, 0 %, 0 %
2026/09/20 09:24:27.477, 4, 181.30 W, 34, 120 MHz, 3996 MHz, 0 %, 0 %
2026/09/20 09:24:27.477, 5, 179.47 W, 32, 120 MHz, 3996 MHz, 0 %, 0 %
2026/09/20 09:24:27.477, 6, 180.17 W, 29, 120 MHz, 3996 MHz, 0 %, 0 %
2026/09/20 09:24:27.477, 7, 182.13 W, 29, 120 MHz, 3996 MHz, 0 %, 0 %
2026/09/20 09:24:28.477, 0, 183.61 W, 40, 120 MHz, 3996 MHz, 0 %, 0 %
2026/09/20 09:24:28.477, 1, 185.66 W, 41, 120 MHz, 3996 MHz, 0 %, 0 %
2026/09/20 09:24:28.477, 2, 179.46 W, 31, 120 MHz, 3996 MHz, 0 %, 0 %
2026/09/20 09:24:28.477, 3, 181.30 W, 31, 120 MHz, 3996 MHz, 0 %, 0 %
2026/09/20 09:24:28.477, 4, 181.30 W, 34, 120 MHz, 3996 MHz, 0 %, 0 %
2026/09/20 09:24:28.477, 5, 179.47 W, 32, 120 MHz, 3996 MHz, 0 %, 0 %
2026/09/20 09:24:28.477, 6, 180.17 W, 29, 120 MHz, 3996 MHz, 0 %, 0 %
2026/09/20 09:24:28.477, 7, 182.13 W, 29, 120 MHz, 3996 MHz, 0 %, 0 %
2026/09/20 09:24:29.477, 0, 183.61 W, 40, 120 MHz, 3996 MHz, 0 %, 0 %
2026/09/20 09:24:29.477, 1, 185.68 W, 41, 120 MHz, 3996 MHz, 0 %, 0 %
2026/09/20 09:24:29.477, 2, 179.46 W, 31, 120 MHz, 3996 MHz, 0 %, 0 %
2026/09/20 09:24:29.477, 3, 181.30 W, 31, 120 MHz, 3996 MHz, 0 %, 0 %
2026/09/20 09:24:29.477, 4, 181.30 W, 34, 120 MHz, 3996 MHz, 0 %, 0 %
2026/09/20 09:24:29.477, 5, 179.47 W, 32, 120 MHz, 3996 MHz, 0 %, 0 %
2026/09/20 09:24:29.477, 6, 180.17 W, 29, 120 MHz, 3996 MHz, 0 %, 0 %
2026/09/20 09:24:29.477, 7, 182.13 W, 29, 120 MHz, 3996 MHz, 0 %, 0 %
2026/09/20 09:24:30.477, 0, 183.61 W, 39, 120 MHz, 3996 MHz, 0 %, 0 %
2026/09/20 09:24:30.477, 1, 185.65 W, 41, 120 MHz, 3996 MHz, 0 %, 0 %
2026/09/20 09:24:30.477, 2, 179.46 W, 31, 120 MHz, 3996 MHz, 0 %, 0 %
2026/09/20 09:24:30.477, 3, 181.30 W, 31, 120 MHz, 3996 MHz, 0 %, 0 %
2026/09/20 09:24:30.477, 4, 181.33 W, 34, 120 MHz, 3996 MHz, 0 %, 0 %
2026/09/20 09:24:30.477, 5, 179.47 W, 32, 120 MHz, 3996 MHz, 0 %, 0 %
2026/09/20 09:24:30.478, 6, 180.17 W, 29, 120 MHz, 3996 MHz, 0 %, 0 %
2026/09/20 09:24:30.478, 7, 182.13 W, 29, 120 MHz, 3996 MHz, 0 %, 0 %
2026/09/20 09:24:31.478, 0, 183.61 W, 39, 120 MHz, 3996 MHz, 0 %, 0 %
2026/09/20 09:24:31.478, 1, 185.65 W, 41, 120 MHz, 3996 MHz, 0 %, 0 %
2026/09/20 09:24:31.478, 2, 179.46 W, 31, 120 MHz, 3996 MHz, 0 %, 0 %
2026/09/20 09:24:31.478, 3, 181.22 W, 31, 120 MHz, 3996 MHz, 0 %, 0 %
2026/09/20 09:24:31.478, 4, 181.41 W, 34, 120 MHz, 3996 MHz, 0 %, 0 %
2026/09/20 09:24:31.478, 5, 179.46 W, 32, 120 MHz, 3996 MHz, 0 %, 0 %
2026/09/20 09:24:31.478, 6, 180.17 W, 29, 120 MHz, 3996 MHz, 0 %, 0 %
2026/09/20 09:24:31.478, 7, 182.13 W, 29, 120 MHz, 3996 MHz, 0 %, 0 %
2026/09/20 09:24:32.478, 0, 183.61 W, 39, 120 MHz, 3996 MHz, 0 %, 0 %
2026/09/20 09:24:32.478, 1, 185.65 W, 40, 120 MHz, 3996 MHz, 0 %, 0 %
2026/09/20 09:24:32.478, 2, 179.46 W, 31, 120 MHz, 3996 MHz, 0 %, 0 %
2026/09/20 09:24:32.478, 3, 181.30 W, 31, 120 MHz, 3996 MHz, 0 %, 0 %
2026/09/20 09:24:32.478, 4, 181.42 W, 34, 120 MHz, 3996 MHz, 0 %, 0 %
2026/09/20 09:24:32.478, 5, 179.46 W, 32, 120 MHz, 3996 MHz, 0 %, 0 %
2026/09/20 09:24:32.478, 6, 180.17 W, 29, 120 MHz, 3996 MHz, 0 %, 0 %
2026/09/20 09:24:32.478, 7, 182.13 W, 29, 120 MHz, 3996 MHz, 0 %, 0 %
2026/09/20 09:24:33.478, 0, 183.61 W, 39, 120 MHz, 3996 MHz, 0 %, 0 %
2026/09/20 09:24:33.478, 1, 185.66 W, 40, 120 MHz, 3996 MHz, 0 %, 0 %
2026/09/20 09:24:33.478, 2, 179.46 W, 31, 120 MHz, 3996 MHz, 0 %, 0 %
2026/09/20 09:24:33.478, 3, 181.30 W, 31, 120 MHz, 3996 MHz, 0 %, 0 %
2026/09/20 09:24:33.478, 4, 181.49 W, 34, 120 MHz, 3996 MHz, 0 %, 0 %
2026/09/20 09:24:33.478, 5, 179.46 W, 32, 120 MHz, 3996 MHz, 0 %, 0 %
2026/09/20 09:24:33.478, 6, 180.17 W, 29, 120 MHz, 3996 MHz, 0 %, 0 %
2026/09/20 09:24:33.478, 7, 182.13 W, 29, 120 MHz, 3996 MHz, 0 %, 0 %
2026/09/20 09:24:34.479, 0, 183.61 W, 39, 120 MHz, 3996 MHz, 0 %, 0 %
2026/09/20 09:24:34.479, 1, 185.65 W, 40, 120 MHz, 3996 MHz, 0 %, 0 %
2026/09/20 09:24:34.479, 2, 179.46 W, 31, 120 MHz, 3996 MHz, 0 %, 0 %
2026/09/20 09:24:34.479, 3, 181.30 W, 31, 120 MHz, 3996 MHz, 0 %, 0 %
2026/09/20 09:24:34.479, 4, 181.34 W, 34, 120 MHz, 3996 MHz, 0 %, 0 %
2026/09/20 09:24:34.479, 5, 179.46 W, 32, 120 MHz, 3996 MHz, 0 %, 0 %
2026/09/20 09:24:34.479, 6, 180.17 W, 29, 120 MHz, 3996 MHz, 0 %, 0 %
2026/09/20 09:24:34.479, 7, 182.13 W, 29, 120 MHz, 3996 MHz, 0 %, 0 %
2026/09/20 09:24:35.479, 0, 183.61 W, 39, 120 MHz, 3996 MHz, 0 %, 0 %
2026/09/20 09:24:35.479, 1, 185.65 W, 40, 120 MHz, 3996 MHz, 0 %, 0 %
2026/09/20 09:24:35.479, 2, 179.46 W, 31, 120 MHz, 3996 MHz, 0 %, 0 %
2026/09/20 09:24:35.479, 3, 181.26 W, 31, 120 MHz, 3996 MHz, 0 %, 0 %
2026/09/20 09:24:35.479, 4, 181.34 W, 34, 120 MHz, 3996 MHz, 0 %, 0 %
2026/09/20 09:24:35.479, 5, 179.47 W, 32, 120 MHz, 3996 MHz, 0 %, 0 %
2026/09/20 09:24:35.479, 6, 180.17 W, 29, 120 MHz, 3996 MHz, 0 %, 0 %
2026/09/20 09:24:35.479, 7, 182.13 W, 29, 120 MHz, 3996 MHz, 0 %, 0 %
2026/09/20 09:24:36.479, 0, 183.61 W, 39, 120 MHz, 3996 MHz, 0 %, 0 %
2026/09/20 09:24:36.479, 1, 185.67 W, 40, 120 MHz, 3996 MHz, 0 %, 0 %
2026/09/20 09:24:36.479, 2, 179.46 W, 31, 120 MHz, 3996 MHz, 0 %, 0 %
2026/09/20 09:24:36.479, 3, 181.30 W, 31, 120 MHz, 3996 MHz, 0 %, 0 %
2026/09/20 09:24:36.479, 4, 181.30 W, 34, 120 MHz, 3996 MHz, 0 %, 0 %
2026/09/20 09:24:36.479, 5, 179.47 W, 32, 120 MHz, 3996 MHz, 0 %, 0 %
2026/09/20 09:24:36.479, 6, 180.17 W, 29, 120 MHz, 3996 MHz, 0 %, 0 %
2026/09/20 09:24:36.479, 7, 182.13 W, 29, 120 MHz, 3996 MHz, 0 %, 0 %
2026/09/20 09:24:37.479, 0, 183.61 W, 39, 120 MHz, 3996 MHz, 0 %, 0 %
2026/09/20 09:24:37.479, 1, 185.59 W, 40, 120 MHz, 3996 MHz, 0 %, 0 %
2026/09/20 09:24:37.479, 2, 179.46 W, 31, 120 MHz, 3996 MHz, 0 %, 0 %
2026/09/20 09:24:37.479, 3, 181.30 W, 31, 120 MHz, 3996 MHz, 0 %, 0 %
2026/09/20 09:24:37.479, 4, 181.34 W, 34, 120 MHz, 3996 MHz, 0 %, 0 %
2026/09/20 09:24:37.479, 5, 179.47 W, 32, 120 MHz, 3996 MHz, 0 %, 0 %
2026/09/20 09:24:37.479, 6, 180.17 W, 29, 120 MHz, 3996 MHz, 0 %, 0 %
2026/09/20 09:24:37.480, 7, 182.13 W, 29, 120 MHz, 3996 MHz, 0 %, 0 %
2026/09/20 09:24:38.480, 0, 183.61 W, 39, 120 MHz, 3996 MHz, 0 %, 0 %
2026/09/20 09:24:38.480, 1, 185.43 W, 40, 120 MHz, 3996 MHz, 0 %, 0 %
2026/09/20 09:24:38.480, 2, 179.45 W, 31, 120 MHz, 3996 MHz, 0 %, 0 %
2026/09/20 09:24:38.480, 3, 181.30 W, 31, 120 MHz, 3996 MHz, 0 %, 0 %
2026/09/20 09:24:38.480, 4, 181.38 W, 34, 120 MHz, 3996 MHz, 0 %, 0 %
2026/09/20 09:24:38.480, 5, 179.47 W, 32, 120 MHz, 3996 MHz, 0 %, 0 %
2026/09/20 09:24:38.480, 6, 180.17 W, 29, 120 MHz, 3996 MHz, 0 %, 0 %
2026/09/20 09:24:38.480, 7, 182.13 W, 29, 120 MHz, 3996 MHz, 0 %, 0 %
2026/09/20 09:24:39.480, 0, 183.61 W, 39, 120 MHz, 3996 MHz, 0 %, 0 %
2026/09/20 09:24:39.480, 1, 185.27 W, 40, 120 MHz, 3996 MHz, 0 %, 0 %
2026/09/20 09:24:39.480, 2, 179.46 W, 31, 120 MHz, 3996 MHz, 0 %, 0 %
2026/09/20 09:24:39.480, 3, 181.30 W, 31, 120 MHz, 3996 MHz, 0 %, 0 %
2026/09/20 09:24:39.480, 4, 181.30 W, 34, 120 MHz, 3996 MHz, 0 %, 0 %
2026/09/20 09:24:39.480, 5, 179.46 W, 32, 120 MHz, 3996 MHz, 0 %, 0 %
2026/09/20 09:24:39.480, 6, 180.17 W, 29, 120 MHz, 3996 MHz, 0 %, 0 %
2026/09/20 09:24:39.480, 7, 182.13 W, 29, 120 MHz, 3996 MHz, 0 %, 0 %
2026/09/20 09:24:40.480, 0, 183.61 W, 38, 120 MHz, 3996 MHz, 0 %, 0 %
2026/09/20 09:24:40.480, 1, 185.45 W, 40, 120 MHz, 3996 MHz, 0 %, 0 %
2026/09/20 09:24:40.480, 2, 179.47 W, 31, 120 MHz, 3996 MHz, 0 %, 0 %
2026/09/20 09:24:40.480, 3, 181.30 W, 31, 120 MHz, 3996 MHz, 0 %, 0 %
2026/09/20 09:24:40.480, 4, 181.30 W, 34, 120 MHz, 3996 MHz, 0 %, 0 %
2026/09/20 09:24:40.480, 5, 179.46 W, 32, 120 MHz, 3996 MHz, 0 %, 0 %
2026/09/20 09:24:40.480, 6, 180.17 W, 29, 120 MHz, 3996 MHz, 0 %, 0 %
2026/09/20 09:24:40.480, 7, 182.13 W, 29, 120 MHz, 3996 MHz, 0 %, 0 %
2026/09/20 09:24:41.480, 0, 183.61 W, 38, 120 MHz, 3996 MHz, 0 %, 0 %
2026/09/20 09:24:41.481, 1, 184.90 W, 40, 120 MHz, 3996 MHz, 0 %, 0 %
2026/09/20 09:24:41.481, 2, 179.46 W, 31, 120 MHz, 3996 MHz, 0 %, 0 %
2026/09/20 09:24:41.481, 3, 181.30 W, 31, 120 MHz, 3996 MHz, 0 %, 0 %
2026/09/20 09:24:41.481, 4, 181.45 W, 34, 120 MHz, 3996 MHz, 0 %, 0 %
2026/09/20 09:24:41.481, 5, 179.46 W, 32, 120 MHz, 3996 MHz, 0 %, 0 %
2026/09/20 09:24:41.481, 6, 180.17 W, 29, 120 MHz, 3996 MHz, 0 %, 0 %
2026/09/20 09:24:41.481, 7, 182.13 W, 29, 120 MHz, 3996 MHz, 0 %, 0 %
2026/09/20 09:24:42.481, 0, 183.61 W, 38, 120 MHz, 3996 MHz, 0 %, 0 %
2026/09/20 09:24:42.481, 1, 184.63 W, 39, 120 MHz, 3996 MHz, 0 %, 0 %
2026/09/20 09:24:42.481, 2, 179.47 W, 31, 120 MHz, 3996 MHz, 0 %, 0 %
2026/09/20 09:24:42.481, 3, 181.30 W, 30, 120 MHz, 3996 MHz, 0 %, 0 %
2026/09/20 09:24:42.481, 4, 181.34 W, 34, 120 MHz, 3996 MHz, 0 %, 0 %
2026/09/20 09:24:42.481, 5, 179.47 W, 32, 120 MHz, 3996 MHz, 0 %, 0 %
2026/09/20 09:24:42.481, 6, 180.17 W, 29, 120 MHz, 3996 MHz, 0 %, 0 %
2026/09/20 09:24:42.481, 7, 182.13 W, 29, 120 MHz, 3996 MHz, 0 %, 0 %
2026/09/20 09:24:43.481, 0, 183.61 W, 38, 120 MHz, 3996 MHz, 0 %, 0 %
2026/09/20 09:24:43.481, 1, 184.43 W, 39, 120 MHz, 3996 MHz, 0 %, 0 %
2026/09/20 09:24:43.481, 2, 179.47 W, 31, 120 MHz, 3996 MHz, 0 %, 0 %
2026/09/20 09:24:43.481, 3, 181.30 W, 30, 120 MHz, 3996 MHz, 0 %, 0 %
2026/09/20 09:24:43.481, 4, 181.34 W, 34, 120 MHz, 3996 MHz, 0 %, 0 %
2026/09/20 09:24:43.481, 5, 179.46 W, 32, 120 MHz, 3996 MHz, 0 %, 0 %
2026/09/20 09:24:43.481, 6, 180.17 W, 29, 120 MHz, 3996 MHz, 0 %, 0 %
2026/09/20 09:24:43.481, 7, 182.13 W, 29, 120 MHz, 3996 MHz, 0 %, 0 %
2026/09/20 09:24:44.481, 0, 183.61 W, 38, 120 MHz, 3996 MHz, 0 %, 0 %
2026/09/20 09:24:44.481, 1, 184.12 W, 39, 120 MHz, 3996 MHz, 0 %, 0 %
2026/09/20 09:24:44.481, 2, 179.46 W, 31, 120 MHz, 3996 MHz, 0 %, 0 %
2026/09/20 09:24:44.481, 3, 181.29 W, 30, 120 MHz, 3996 MHz, 0 %, 0 %
2026/09/20 09:24:44.482, 4, 181.45 W, 34, 120 MHz, 3996 MHz, 0 %, 0 %
2026/09/20 09:24:44.482, 5, 179.46 W, 32, 120 MHz, 3996 MHz, 0 %, 0 %
2026/09/20 09:24:44.482, 6, 180.17 W, 29, 120 MHz, 3996 MHz, 0 %, 0 %
2026/09/20 09:24:44.482, 7, 182.13 W, 29, 120 MHz, 3996 MHz, 0 %, 0 %
2026/09/20 09:24:45.482, 0, 183.61 W, 38, 120 MHz, 3996 MHz, 0 %, 0 %
2026/09/20 09:24:45.482, 1, 183.86 W, 39, 120 MHz, 3996 MHz, 0 %, 0 %
2026/09/20 09:24:45.482, 2, 179.46 W, 31, 120 MHz, 3996 MHz, 0 %, 0 %
2026/09/20 09:24:45.482, 3, 181.30 W, 30, 120 MHz, 3996 MHz, 0 %, 0 %
2026/09/20 09:24:45.482, 4, 181.30 W, 34, 120 MHz, 3996 MHz, 0 %, 0 %
2026/09/20 09:24:45.482, 5, 179.47 W, 32, 120 MHz, 3996 MHz, 0 %, 0 %
2026/09/20 09:24:45.482, 6, 180.17 W, 29, 120 MHz, 3996 MHz, 0 %, 0 %
2026/09/20 09:24:45.482, 7, 182.13 W, 29, 120 MHz, 3996 MHz, 0 %, 0 %
2026/09/20 09:24:46.482, 0, 183.57 W, 38, 120 MHz, 3996 MHz, 0 %, 0 %
2026/09/20 09:24:46.482, 1, 183.75 W, 39, 120 MHz, 3996 MHz, 0 %, 0 %
2026/09/20 09:24:46.482, 2, 179.47 W, 31, 120 MHz, 3996 MHz, 0 %, 0 %
2026/09/20 09:24:46.482, 3, 181.26 W, 30, 120 MHz, 3996 MHz, 0 %, 0 %
2026/09/20 09:24:46.482, 4, 181.38 W, 34, 120 MHz, 3996 MHz, 0 %, 0 %
2026/09/20 09:24:46.482, 5, 179.46 W, 32, 120 MHz, 3996 MHz, 0 %, 0 %
2026/09/20 09:24:46.482, 6, 180.17 W, 29, 120 MHz, 3996 MHz, 0 %, 0 %
2026/09/20 09:24:46.482, 7, 182.13 W, 29, 120 MHz, 3996 MHz, 0 %, 0 %
2026/09/20 09:24:47.482, 0, 183.61 W, 38, 120 MHz, 3996 MHz, 0 %, 0 %
2026/09/20 09:24:47.482, 1, 183.67 W, 39, 120 MHz, 3996 MHz, 0 %, 0 %
2026/09/20 09:24:47.482, 2, 179.46 W, 31, 120 MHz, 3996 MHz, 0 %, 0 %
2026/09/20 09:24:47.482, 3, 181.29 W, 30, 120 MHz, 3996 MHz, 0 %, 0 %
2026/09/20 09:24:47.482, 4, 181.49 W, 34, 120 MHz, 3996 MHz, 0 %, 0 %
2026/09/20 09:24:47.482, 5, 179.47 W, 32, 120 MHz, 3996 MHz, 0 %, 0 %
2026/09/20 09:24:47.482, 6, 180.17 W, 29, 120 MHz, 3996 MHz, 0 %, 0 %
2026/09/20 09:24:47.482, 7, 182.13 W, 29, 120 MHz, 3996 MHz, 0 %, 0 %
2026/09/20 09:24:48.483, 0, 183.49 W, 38, 120 MHz, 3996 MHz, 0 %, 0 %
2026/09/20 09:24:48.483, 1, 183.66 W, 39, 120 MHz, 3996 MHz, 0 %, 0 %
2026/09/20 09:24:48.483, 2, 179.47 W, 31, 120 MHz, 3996 MHz, 0 %, 0 %
2026/09/20 09:24:48.483, 3, 181.29 W, 30, 120 MHz, 3996 MHz, 0 %, 0 %
2026/09/20 09:24:48.483, 4, 181.37 W, 34, 120 MHz, 3996 MHz, 0 %, 0 %
2026/09/20 09:24:48.483, 5, 179.46 W, 32, 120 MHz, 3996 MHz, 0 %, 0 %
2026/09/20 09:24:48.483, 6, 180.17 W, 29, 120 MHz, 3996 MHz, 0 %, 0 %
2026/09/20 09:24:48.483, 7, 182.13 W, 29, 120 MHz, 3996 MHz, 0 %, 0 %
2026/09/20 09:24:49.483, 0, 183.49 W, 38, 120 MHz, 3996 MHz, 0 %, 0 %
2026/09/20 09:24:49.483, 1, 183.62 W, 39, 120 MHz, 3996 MHz, 0 %, 0 %
2026/09/20 09:24:49.483, 2, 179.47 W, 31, 120 MHz, 3996 MHz, 0 %, 0 %
2026/09/20 09:24:49.483, 3, 181.30 W, 30, 120 MHz, 3996 MHz, 0 %, 0 %
2026/09/20 09:24:49.483, 4, 181.37 W, 34, 120 MHz, 3996 MHz, 0 %, 0 %
2026/09/20 09:24:49.483, 5, 179.46 W, 32, 120 MHz, 3996 MHz, 0 %, 0 %
2026/09/20 09:24:49.483, 6, 180.17 W, 29, 120 MHz, 3996 MHz, 0 %, 0 %
2026/09/20 09:24:49.483, 7, 182.13 W, 29, 120 MHz, 3996 MHz, 0 %, 0 %
2026/09/20 09:24:50.483, 0, 183.26 W, 37, 120 MHz, 3996 MHz, 0 %, 0 %
2026/09/20 09:24:50.483, 1, 183.62 W, 39, 120 MHz, 3996 MHz, 0 %, 0 %
2026/09/20 09:24:50.483, 2, 179.46 W, 30, 120 MHz, 3996 MHz, 0 %, 0 %
2026/09/20 09:24:50.483, 3, 181.29 W, 30, 120 MHz, 3996 MHz, 0 %, 0 %
2026/09/20 09:24:50.483, 4, 181.30 W, 34, 120 MHz, 3996 MHz, 0 %, 0 %
2026/09/20 09:24:50.483, 5, 179.46 W, 32, 120 MHz, 3996 MHz, 0 %, 0 %
2026/09/20 09:24:50.483, 6, 180.17 W, 29, 120 MHz, 3996 MHz, 0 %, 0 %
2026/09/20 09:24:50.483, 7, 182.13 W, 29, 120 MHz, 3996 MHz, 0 %, 0 %
2026/09/20 09:24:51.483, 0, 182.87 W, 37, 120 MHz, 3996 MHz, 0 %, 0 %
2026/09/20 09:24:51.483, 1, 183.62 W, 39, 120 MHz, 3996 MHz, 0 %, 0 %
2026/09/20 09:24:51.483, 2, 179.47 W, 30, 120 MHz, 3996 MHz, 0 %, 0 %
2026/09/20 09:24:51.484, 3, 181.30 W, 30, 120 MHz, 3996 MHz, 0 %, 0 %
2026/09/20 09:24:51.484, 4, 181.34 W, 34, 120 MHz, 3996 MHz, 0 %, 0 %
2026/09/20 09:24:51.484, 5, 179.46 W, 32, 120 MHz, 3996 MHz, 0 %, 0 %
2026/09/20 09:24:51.484, 6, 180.17 W, 29, 120 MHz, 3996 MHz, 0 %, 0 %
2026/09/20 09:24:51.484, 7, 182.13 W, 29, 120 MHz, 3996 MHz, 0 %, 0 %
2026/09/20 09:24:52.484, 0, 182.88 W, 37, 120 MHz, 3996 MHz, 0 %, 0 %
2026/09/20 09:24:52.484, 1, 183.61 W, 39, 120 MHz, 3996 MHz, 0 %, 0 %
2026/09/20 09:24:52.484, 2, 179.46 W, 30, 120 MHz, 3996 MHz, 0 %, 0 %
2026/09/20 09:24:52.484, 3, 181.30 W, 30, 120 MHz, 3996 MHz, 0 %, 0 %
2026/09/20 09:24:52.484, 4, 181.49 W, 34, 120 MHz, 3996 MHz, 0 %, 0 %
2026/09/20 09:24:52.484, 5, 179.46 W, 32, 120 MHz, 3996 MHz, 0 %, 0 %
2026/09/20 09:24:52.484, 6, 180.17 W, 29, 120 MHz, 3996 MHz, 0 %, 0 %
2026/09/20 09:24:52.484, 7, 182.17 W, 29, 120 MHz, 3996 MHz, 0 %, 0 %
2026/09/20 09:24:53.484, 0, 182.44 W, 37, 120 MHz, 3996 MHz, 0 %, 0 %
2026/09/20 09:24:53.484, 1, 183.62 W, 38, 120 MHz, 3996 MHz, 0 %, 0 %
2026/09/20 09:24:53.484, 2, 179.45 W, 30, 120 MHz, 3996 MHz, 0 %, 0 %
2026/09/20 09:24:53.484, 3, 181.26 W, 30, 120 MHz, 3996 MHz, 0 %, 0 %
2026/09/20 09:24:53.484, 4, 181.34 W, 34, 120 MHz, 3996 MHz, 0 %, 0 %
2026/09/20 09:24:53.484, 5, 179.46 W, 32, 120 MHz, 3996 MHz, 0 %, 0 %
2026/09/20 09:24:53.484, 6, 180.17 W, 29, 120 MHz, 3996 MHz, 0 %, 0 %
2026/09/20 09:24:53.484, 7, 182.13 W, 29, 120 MHz, 3996 MHz, 0 %, 0 %
2026/09/20 09:24:54.484, 0, 182.27 W, 37, 120 MHz, 3996 MHz, 0 %, 0 %
2026/09/20 09:24:54.484, 1, 183.61 W, 38, 120 MHz, 3996 MHz, 0 %, 0 %
2026/09/20 09:24:54.484, 2, 179.46 W, 30, 120 MHz, 3996 MHz, 0 %, 0 %
2026/09/20 09:24:54.484, 3, 181.25 W, 30, 120 MHz, 3996 MHz, 0 %, 0 %
2026/09/20 09:24:54.484, 4, 181.41 W, 34, 120 MHz, 3996 MHz, 0 %, 0 %
2026/09/20 09:24:54.484, 5, 179.47 W, 32, 120 MHz, 3996 MHz, 0 %, 0 %
2026/09/20 09:24:54.484, 6, 180.17 W, 29, 120 MHz, 3996 MHz, 0 %, 0 %
2026/09/20 09:24:54.484, 7, 182.13 W, 29, 120 MHz, 3996 MHz, 0 %, 0 %
2026/09/20 09:24:55.485, 0, 182.11 W, 37, 120 MHz, 3996 MHz, 0 %, 0 %
2026/09/20 09:24:55.485, 1, 183.61 W, 38, 120 MHz, 3996 MHz, 0 %, 0 %
2026/09/20 09:24:55.485, 2, 179.46 W, 30, 120 MHz, 3996 MHz, 0 %, 0 %
2026/09/20 09:24:55.485, 3, 181.30 W, 30, 120 MHz, 3996 MHz, 0 %, 0 %
2026/09/20 09:24:55.485, 4, 181.38 W, 34, 120 MHz, 3996 MHz, 0 %, 0 %
2026/09/20 09:24:55.485, 5, 179.47 W, 32, 120 MHz, 3996 MHz, 0 %, 0 %
2026/09/20 09:24:55.485, 6, 180.17 W, 29, 120 MHz, 3996 MHz, 0 %, 0 %
2026/09/20 09:24:55.485, 7, 182.13 W, 29, 120 MHz, 3996 MHz, 0 %, 0 %
2026/09/20 09:24:56.485, 0, 182.00 W, 37, 120 MHz, 3996 MHz, 0 %, 0 %
2026/09/20 09:24:56.485, 1, 183.61 W, 38, 120 MHz, 3996 MHz, 0 %, 0 %
2026/09/20 09:24:56.485, 2, 179.47 W, 30, 120 MHz, 3996 MHz, 0 %, 0 %
2026/09/20 09:24:56.485, 3, 181.26 W, 30, 120 MHz, 3996 MHz, 0 %, 0 %
2026/09/20 09:24:56.485, 4, 181.57 W, 34, 120 MHz, 3996 MHz, 0 %, 0 %
2026/09/20 09:24:56.485, 5, 179.47 W, 32, 120 MHz, 3996 MHz, 0 %, 0 %
2026/09/20 09:24:56.485, 6, 180.17 W, 29, 120 MHz, 3996 MHz, 0 %, 0 %
2026/09/20 09:24:56.485, 7, 182.13 W, 29, 120 MHz, 3996 MHz, 0 %, 0 %
2026/09/20 09:24:57.485, 0, 181.72 W, 37, 120 MHz, 3996 MHz, 0 %, 0 %
2026/09/20 09:24:57.485, 1, 183.61 W, 38, 120 MHz, 3996 MHz, 0 %, 0 %
2026/09/20 09:24:57.485, 2, 179.47 W, 30, 120 MHz, 3996 MHz, 0 %, 0 %
2026/09/20 09:24:57.485, 3, 181.22 W, 30, 120 MHz, 3996 MHz, 0 %, 0 %
2026/09/20 09:24:57.485, 4, 181.69 W, 34, 120 MHz, 3996 MHz, 0 %, 0 %
2026/09/20 09:24:57.485, 5, 179.46 W, 32, 120 MHz, 3996 MHz, 0 %, 0 %
2026/09/20 09:24:57.485, 6, 180.17 W, 29, 120 MHz, 3996 MHz, 0 %, 0 %
2026/09/20 09:24:57.485, 7, 182.13 W, 29, 120 MHz, 3996 MHz, 0 %, 0 %
2026/09/20 09:24:58.485, 0, 181.85 W, 37, 120 MHz, 3996 MHz, 0 %, 0 %
2026/09/20 09:24:58.485, 1, 183.61 W, 38, 120 MHz, 3996 MHz, 0 %, 0 %
2026/09/20 09:24:58.485, 2, 179.46 W, 30, 120 MHz, 3996 MHz, 0 %, 0 %
2026/09/20 09:24:58.485, 3, 181.18 W, 30, 120 MHz, 3996 MHz, 0 %, 0 %
2026/09/20 09:24:58.486, 4, 181.41 W, 34, 120 MHz, 3996 MHz, 0 %, 0 %
2026/09/20 09:24:58.486, 5, 179.47 W, 32, 120 MHz, 3996 MHz, 0 %, 0 %
2026/09/20 09:24:58.486, 6, 180.17 W, 29, 120 MHz, 3996 MHz, 0 %, 0 %
2026/09/20 09:24:58.486, 7, 182.13 W, 29, 120 MHz, 3996 MHz, 0 %, 0 %
2026/09/20 09:24:59.486, 0, 181.65 W, 37, 120 MHz, 3996 MHz, 0 %, 0 %
2026/09/20 09:24:59.486, 1, 183.61 W, 38, 120 MHz, 3996 MHz, 0 %, 0 %
2026/09/20 09:24:59.486, 2, 179.46 W, 30, 120 MHz, 3996 MHz, 0 %, 0 %
2026/09/20 09:24:59.486, 3, 181.22 W, 30, 120 MHz, 3996 MHz, 0 %, 0 %
2026/09/20 09:24:59.486, 4, 181.57 W, 34, 120 MHz, 3996 MHz, 0 %, 0 %
2026/09/20 09:24:59.486, 5, 179.47 W, 32, 120 MHz, 3996 MHz, 0 %, 0 %
2026/09/20 09:24:59.486, 6, 180.17 W, 29, 120 MHz, 3996 MHz, 0 %, 0 %
2026/09/20 09:24:59.486, 7, 182.13 W, 29, 120 MHz, 3996 MHz, 0 %, 0 %
2026/09/20 09:25:00.486, 0, 181.65 W, 37, 120 MHz, 3996 MHz, 0 %, 0 %
2026/09/20 09:25:00.486, 1, 183.61 W, 38, 120 MHz, 3996 MHz, 0 %, 0 %
2026/09/20 09:25:00.486, 2, 179.46 W, 30, 120 MHz, 3996 MHz, 0 %, 0 %
2026/09/20 09:25:00.486, 3, 181.29 W, 30, 120 MHz, 3996 MHz, 0 %, 0 %
2026/09/20 09:25:00.486, 4, 181.49 W, 34, 120 MHz, 3996 MHz, 0 %, 0 %
2026/09/20 09:25:00.486, 5, 179.46 W, 32, 120 MHz, 3996 MHz, 0 %, 0 %
2026/09/20 09:25:00.486, 6, 180.17 W, 29, 120 MHz, 3996 MHz, 0 %, 0 %
2026/09/20 09:25:00.486, 7, 182.13 W, 29, 120 MHz, 3996 MHz, 0 %, 0 %
2026/09/20 09:25:01.486, 0, 181.65 W, 37, 120 MHz, 3996 MHz, 0 %, 0 %
2026/09/20 09:25:01.486, 1, 183.61 W, 38, 120 MHz, 3996 MHz, 0 %, 0 %
2026/09/20 09:25:01.486, 2, 179.46 W, 30, 120 MHz, 3996 MHz, 0 %, 0 %
2026/09/20 09:25:01.486, 3, 181.29 W, 30, 120 MHz, 3996 MHz, 0 %, 0 %
2026/09/20 09:25:01.486, 4, 181.49 W, 34, 120 MHz, 3996 MHz, 0 %, 0 %
2026/09/20 09:25:01.486, 5, 179.46 W, 32, 120 MHz, 3996 MHz, 0 %, 0 %
2026/09/20 09:25:01.486, 6, 180.17 W, 29, 120 MHz, 3996 MHz, 0 %, 0 %
2026/09/20 09:25:01.486, 7, 182.17 W, 29, 120 MHz, 3996 MHz, 0 %, 0 %
2026/09/20 09:25:02.487, 0, 181.68 W, 37, 120 MHz, 3996 MHz, 0 %, 0 %
2026/09/20 09:25:02.487, 1, 183.61 W, 38, 120 MHz, 3996 MHz, 0 %, 0 %
2026/09/20 09:25:02.487, 2, 179.47 W, 30, 120 MHz, 3996 MHz, 0 %, 0 %
2026/09/20 09:25:02.487, 3, 181.18 W, 30, 120 MHz, 3996 MHz, 0 %, 0 %
2026/09/20 09:25:02.487, 4, 181.38 W, 34, 120 MHz, 3996 MHz, 0 %, 0 %
2026/09/20 09:25:02.487, 5, 179.47 W, 32, 120 MHz, 3996 MHz, 0 %, 0 %
2026/09/20 09:25:02.487, 6, 180.17 W, 29, 120 MHz, 3996 MHz, 0 %, 0 %
2026/09/20 09:25:02.487, 7, 182.13 W, 29, 120 MHz, 3996 MHz, 0 %, 0 %
2026/09/20 09:25:03.487, 0, 181.65 W, 37, 120 MHz, 3996 MHz, 0 %, 0 %
2026/09/20 09:25:03.487, 1, 183.61 W, 38, 120 MHz, 3996 MHz, 0 %, 0 %
2026/09/20 09:25:03.487, 2, 179.46 W, 30, 120 MHz, 3996 MHz, 0 %, 0 %
2026/09/20 09:25:03.487, 3, 181.26 W, 30, 120 MHz, 3996 MHz, 0 %, 0 %
2026/09/20 09:25:03.487, 4, 181.53 W, 34, 120 MHz, 3996 MHz, 0 %, 0 %
2026/09/20 09:25:03.487, 5, 179.47 W, 32, 120 MHz, 3996 MHz, 0 %, 0 %
2026/09/20 09:25:03.487, 6, 180.17 W, 29, 120 MHz, 3996 MHz, 0 %, 0 %
2026/09/20 09:25:03.487, 7, 182.17 W, 29, 120 MHz, 3996 MHz, 0 %, 0 %
2026/09/20 09:25:04.487, 0, 181.65 W, 37, 120 MHz, 3996 MHz, 0 %, 0 %
2026/09/20 09:25:04.487, 1, 183.61 W, 38, 120 MHz, 3996 MHz, 0 %, 0 %
2026/09/20 09:25:04.487, 2, 179.46 W, 30, 120 MHz, 3996 MHz, 0 %, 0 %
2026/09/20 09:25:04.487, 3, 181.29 W, 30, 120 MHz, 3996 MHz, 0 %, 0 %
2026/09/20 09:25:04.487, 4, 181.57 W, 34, 120 MHz, 3996 MHz, 0 %, 0 %
2026/09/20 09:25:04.487, 5, 179.47 W, 32, 120 MHz, 3996 MHz, 0 %, 0 %
2026/09/20 09:25:04.487, 6, 180.17 W, 29, 120 MHz, 3996 MHz, 0 %, 0 %
2026/09/20 09:25:04.487, 7, 182.13 W, 29, 120 MHz, 3996 MHz, 0 %, 0 %
2026/09/20 09:25:05.487, 0, 181.65 W, 36, 120 MHz, 3996 MHz, 0 %, 0 %
2026/09/20 09:25:05.487, 1, 183.61 W, 38, 120 MHz, 3996 MHz, 0 %, 0 %
2026/09/20 09:25:05.487, 2, 179.46 W, 30, 120 MHz, 3996 MHz, 0 %, 0 %
2026/09/20 09:25:05.487, 3, 181.21 W, 30, 120 MHz, 3996 MHz, 0 %, 0 %
2026/09/20 09:25:05.487, 4, 181.49 W, 34, 120 MHz, 3996 MHz, 0 %, 0 %
2026/09/20 09:25:05.488, 5, 179.47 W, 32, 120 MHz, 3996 MHz, 0 %, 0 %
2026/09/20 09:25:05.488, 6, 180.17 W, 29, 120 MHz, 3996 MHz, 0 %, 0 %
2026/09/20 09:25:05.488, 7, 182.13 W, 29, 120 MHz, 3996 MHz, 0 %, 0 %
2026/09/20 09:25:06.488, 0, 181.65 W, 36, 120 MHz, 3996 MHz, 0 %, 0 %
2026/09/20 09:25:06.488, 1, 183.61 W, 38, 120 MHz, 3996 MHz, 0 %, 0 %
2026/09/20 09:25:06.488, 2, 179.46 W, 30, 120 MHz, 3996 MHz, 0 %, 0 %
2026/09/20 09:25:06.488, 3, 181.14 W, 30, 120 MHz, 3996 MHz, 0 %, 0 %
2026/09/20 09:25:06.488, 4, 181.57 W, 34, 120 MHz, 3996 MHz, 0 %, 0 %
2026/09/20 09:25:06.488, 5, 179.47 W, 32, 120 MHz, 3996 MHz, 0 %, 0 %
2026/09/20 09:25:06.488, 6, 180.17 W, 29, 120 MHz, 3996 MHz, 0 %, 0 %
2026/09/20 09:25:06.488, 7, 182.13 W, 29, 120 MHz, 3996 MHz, 0 %, 0 %
2026/09/20 09:25:07.488, 0, 181.65 W, 36, 120 MHz, 3996 MHz, 0 %, 0 %
2026/09/20 09:25:07.488, 1, 183.61 W, 38, 120 MHz, 3996 MHz, 0 %, 0 %
2026/09/20 09:25:07.488, 2, 179.46 W, 30, 120 MHz, 3996 MHz, 0 %, 0 %
2026/09/20 09:25:07.488, 3, 181.22 W, 30, 120 MHz, 3996 MHz, 0 %, 0 %
2026/09/20 09:25:07.488, 4, 181.64 W, 34, 120 MHz, 3996 MHz, 0 %, 0 %
2026/09/20 09:25:07.488, 5, 179.46 W, 32, 120 MHz, 3996 MHz, 0 %, 0 %
2026/09/20 09:25:07.488, 6, 180.17 W, 29, 120 MHz, 3996 MHz, 0 %, 0 %
2026/09/20 09:25:07.488, 7, 182.13 W, 29, 120 MHz, 3996 MHz, 0 %, 0 %
2026/09/20 09:25:08.488, 0, 181.65 W, 36, 120 MHz, 3996 MHz, 0 %, 0 %
2026/09/20 09:25:08.488, 1, 183.61 W, 38, 120 MHz, 3996 MHz, 0 %, 0 %
2026/09/20 09:25:08.488, 2, 179.46 W, 30, 120 MHz, 3996 MHz, 0 %, 0 %
2026/09/20 09:25:08.488, 3, 181.22 W, 30, 120 MHz, 3996 MHz, 0 %, 0 %
2026/09/20 09:25:08.488, 4, 181.92 W, 34, 120 MHz, 3996 MHz, 0 %, 0 %
2026/09/20 09:25:08.488, 5, 179.46 W, 32, 120 MHz, 3996 MHz, 0 %, 0 %
2026/09/20 09:25:08.488, 6, 180.17 W, 29, 120 MHz, 3996 MHz, 0 %, 0 %
2026/09/20 09:25:08.488, 7, 182.13 W, 29, 120 MHz, 3996 MHz, 0 %, 0 %
2026/09/20 09:25:09.488, 0, 181.65 W, 36, 120 MHz, 3996 MHz, 0 %, 0 %
2026/09/20 09:25:09.489, 1, 183.61 W, 38, 120 MHz, 3996 MHz, 0 %, 0 %
2026/09/20 09:25:09.489, 2, 179.46 W, 30, 120 MHz, 3996 MHz, 0 %, 0 %
2026/09/20 09:25:09.489, 3, 181.14 W, 30, 120 MHz, 3996 MHz, 0 %, 0 %
2026/09/20 09:25:09.489, 4, 181.65 W, 34, 120 MHz, 3996 MHz, 0 %, 0 %
2026/09/20 09:25:09.489, 5, 179.47 W, 32, 120 MHz, 3996 MHz, 0 %, 0 %
2026/09/20 09:25:09.489, 6, 180.17 W, 29, 120 MHz, 3996 MHz, 0 %, 0 %
2026/09/20 09:25:09.489, 7, 182.13 W, 29, 120 MHz, 3996 MHz, 0 %, 0 %
2026/09/20 09:25:10.489, 0, 181.62 W, 36, 120 MHz, 3996 MHz, 0 %, 0 %
2026/09/20 09:25:10.489, 1, 183.61 W, 37, 120 MHz, 3996 MHz, 0 %, 0 %
2026/09/20 09:25:10.489, 2, 179.47 W, 30, 120 MHz, 3996 MHz, 0 %, 0 %
2026/09/20 09:25:10.489, 3, 181.22 W, 30, 120 MHz, 3996 MHz, 0 %, 0 %
2026/09/20 09:25:10.489, 4, 181.64 W, 34, 120 MHz, 3996 MHz, 0 %, 0 %
2026/09/20 09:25:10.489, 5, 179.47 W, 32, 120 MHz, 3996 MHz, 0 %, 0 %
2026/09/20 09:25:10.489, 6, 180.17 W, 29, 120 MHz, 3996 MHz, 0 %, 0 %
2026/09/20 09:25:10.489, 7, 182.13 W, 29, 120 MHz, 3996 MHz, 0 %, 0 %
2026/09/20 09:25:11.489, 0, 181.61 W, 36, 120 MHz, 3996 MHz, 0 %, 0 %
2026/09/20 09:25:11.489, 1, 183.61 W, 37, 120 MHz, 3996 MHz, 0 %, 0 %
2026/09/20 09:25:11.489, 2, 179.47 W, 30, 120 MHz, 3996 MHz, 0 %, 0 %
2026/09/20 09:25:11.489, 3, 181.18 W, 30, 120 MHz, 3996 MHz, 0 %, 0 %
2026/09/20 09:25:11.489, 4, 181.73 W, 34, 120 MHz, 3996 MHz, 0 %, 0 %
2026/09/20 09:25:11.489, 5, 179.47 W, 32, 120 MHz, 3996 MHz, 0 %, 0 %
2026/09/20 09:25:11.489, 6, 180.17 W, 29, 120 MHz, 3996 MHz, 0 %, 0 %
2026/09/20 09:25:11.489, 7, 182.13 W, 29, 120 MHz, 3996 MHz, 0 %, 0 %
2026/09/20 09:25:12.489, 0, 181.65 W, 36, 120 MHz, 3996 MHz, 0 %, 0 %
2026/09/20 09:25:12.489, 1, 183.61 W, 37, 120 MHz, 3996 MHz, 0 %, 0 %
2026/09/20 09:25:12.489, 2, 179.46 W, 30, 120 MHz, 3996 MHz, 0 %, 0 %
2026/09/20 09:25:12.489, 3, 181.22 W, 30, 120 MHz, 3996 MHz, 0 %, 0 %
2026/09/20 09:25:12.489, 4, 181.60 W, 34, 120 MHz, 3996 MHz, 0 %, 0 %
2026/09/20 09:25:12.490, 5, 179.46 W, 32, 120 MHz, 3996 MHz, 0 %, 0 %
2026/09/20 09:25:12.490, 6, 180.17 W, 29, 120 MHz, 3996 MHz, 0 %, 0 %
2026/09/20 09:25:12.490, 7, 182.17 W, 29, 120 MHz, 3996 MHz, 0 %, 0 %
2026/09/20 09:25:13.490, 0, 181.65 W, 36, 120 MHz, 3996 MHz, 0 %, 0 %
2026/09/20 09:25:13.490, 1, 183.61 W, 37, 120 MHz, 3996 MHz, 0 %, 0 %
2026/09/20 09:25:13.490, 2, 179.46 W, 30, 120 MHz, 3996 MHz, 0 %, 0 %
2026/09/20 09:25:13.490, 3, 180.95 W, 30, 120 MHz, 3996 MHz, 0 %, 0 %
2026/09/20 09:25:13.490, 4, 182.08 W, 34, 120 MHz, 3996 MHz, 0 %, 0 %
2026/09/20 09:25:13.490, 5, 179.47 W, 32, 120 MHz, 3996 MHz, 0 %, 0 %
2026/09/20 09:25:13.490, 6, 180.17 W, 29, 120 MHz, 3996 MHz, 0 %, 0 %
2026/09/20 09:25:13.490, 7, 182.13 W, 29, 120 MHz, 3996 MHz, 0 %, 0 %
2026/09/20 09:25:14.490, 0, 181.63 W, 36, 120 MHz, 3996 MHz, 0 %, 0 %
2026/09/20 09:25:14.490, 1, 183.61 W, 37, 120 MHz, 3996 MHz, 0 %, 0 %
2026/09/20 09:25:14.490, 2, 179.47 W, 30, 120 MHz, 3996 MHz, 0 %, 0 %
2026/09/20 09:25:14.490, 3, 181.10 W, 30, 120 MHz, 3996 MHz, 0 %, 0 %
2026/09/20 09:25:14.490, 4, 182.31 W, 34, 120 MHz, 3996 MHz, 0 %, 0 %
2026/09/20 09:25:14.490, 5, 179.46 W, 32, 120 MHz, 3996 MHz, 0 %, 0 %
2026/09/20 09:25:14.490, 6, 180.17 W, 29, 120 MHz, 3996 MHz, 0 %, 0 %
2026/09/20 09:25:14.490, 7, 182.17 W, 29, 120 MHz, 3996 MHz, 0 %, 0 %
2026/09/20 09:25:15.490, 0, 181.64 W, 36, 120 MHz, 3996 MHz, 0 %, 0 %
2026/09/20 09:25:15.490, 1, 183.61 W, 37, 120 MHz, 3996 MHz, 0 %, 0 %
2026/09/20 09:25:15.490, 2, 179.46 W, 30, 120 MHz, 3996 MHz, 0 %, 0 %
2026/09/20 09:25:15.490, 3, 181.03 W, 30, 120 MHz, 3996 MHz, 0 %, 0 %
2026/09/20 09:25:15.490, 4, 181.83 W, 34, 120 MHz, 3996 MHz, 0 %, 0 %
2026/09/20 09:25:15.490, 5, 179.46 W, 32, 120 MHz, 3996 MHz, 0 %, 0 %
2026/09/20 09:25:15.490, 6, 180.17 W, 29, 120 MHz, 3996 MHz, 0 %, 0 %
2026/09/20 09:25:15.490, 7, 182.13 W, 29, 120 MHz, 3996 MHz, 0 %, 0 %
2026/09/20 09:25:16.490, 0, 181.62 W, 36, 120 MHz, 3996 MHz, 0 %, 0 %
2026/09/20 09:25:16.491, 1, 183.61 W, 37, 120 MHz, 3996 MHz, 0 %, 0 %
2026/09/20 09:25:16.491, 2, 179.47 W, 30, 120 MHz, 3996 MHz, 0 %, 0 %
2026/09/20 09:25:16.491, 3, 181.14 W, 30, 120 MHz, 3996 MHz, 0 %, 0 %
2026/09/20 09:25:16.491, 4, 182.19 W, 34, 120 MHz, 3996 MHz, 0 %, 0 %
2026/09/20 09:25:16.491, 5, 179.47 W, 32, 120 MHz, 3996 MHz, 0 %, 0 %
2026/09/20 09:25:16.491, 6, 180.17 W, 29, 120 MHz, 3996 MHz, 0 %, 0 %
2026/09/20 09:25:16.491, 7, 182.13 W, 29, 120 MHz, 3996 MHz, 0 %, 0 %
2026/09/20 09:25:17.491, 0, 181.62 W, 36, 120 MHz, 3996 MHz, 0 %, 0 %
2026/09/20 09:25:17.491, 1, 183.61 W, 37, 120 MHz, 3996 MHz, 0 %, 0 %
2026/09/20 09:25:17.491, 2, 179.46 W, 30, 120 MHz, 3996 MHz, 0 %, 0 %
2026/09/20 09:25:17.491, 3, 181.10 W, 30, 120 MHz, 3996 MHz, 0 %, 0 %
2026/09/20 09:25:17.491, 4, 182.29 W, 34, 120 MHz, 3996 MHz, 0 %, 0 %
2026/09/20 09:25:17.491, 5, 179.47 W, 32, 120 MHz, 3996 MHz, 0 %, 0 %
2026/09/20 09:25:17.491, 6, 180.17 W, 29, 120 MHz, 3996 MHz, 0 %, 0 %
2026/09/20 09:25:17.491, 7, 182.13 W, 29, 120 MHz, 3996 MHz, 0 %, 0 %
2026/09/20 09:25:18.491, 0, 181.59 W, 36, 120 MHz, 3996 MHz, 0 %, 0 %
2026/09/20 09:25:18.491, 1, 183.61 W, 37, 120 MHz, 3996 MHz, 0 %, 0 %
2026/09/20 09:25:18.491, 2, 179.46 W, 30, 120 MHz, 3996 MHz, 0 %, 0 %
2026/09/20 09:25:18.491, 3, 180.91 W, 30, 120 MHz, 3996 MHz, 0 %, 0 %
2026/09/20 09:25:18.491, 4, 182.15 W, 34, 120 MHz, 3996 MHz, 0 %, 0 %
2026/09/20 09:25:18.491, 5, 179.47 W, 32, 120 MHz, 3996 MHz, 0 %, 0 %
2026/09/20 09:25:18.491, 6, 180.17 W, 29, 120 MHz, 3996 MHz, 0 %, 0 %
2026/09/20 09:25:18.491, 7, 182.21 W, 29, 120 MHz, 3996 MHz, 0 %, 0 %
2026/09/20 09:25:19.491, 0, 181.60 W, 36, 120 MHz, 3996 MHz, 0 %, 0 %
2026/09/20 09:25:19.491, 1, 183.61 W, 37, 120 MHz, 3996 MHz, 0 %, 0 %
2026/09/20 09:25:19.491, 2, 179.46 W, 30, 120 MHz, 3996 MHz, 0 %, 0 %
2026/09/20 09:25:19.491, 3, 181.02 W, 30, 120 MHz, 3996 MHz, 0 %, 0 %
2026/09/20 09:25:19.491, 4, 182.21 W, 34, 120 MHz, 3996 MHz, 0 %, 0 %
2026/09/20 09:25:19.491, 5, 179.46 W, 32, 120 MHz, 3996 MHz, 0 %, 0 %
2026/09/20 09:25:19.491, 6, 180.17 W, 29, 120 MHz, 3996 MHz, 0 %, 0 %
2026/09/20 09:25:19.491, 7, 182.13 W, 29, 120 MHz, 3996 MHz, 0 %, 0 %
2026/09/20 09:25:20.492, 0, 181.60 W, 36, 120 MHz, 3996 MHz, 0 %, 0 %
2026/09/20 09:25:20.492, 1, 183.61 W, 37, 120 MHz, 3996 MHz, 0 %, 0 %
2026/09/20 09:25:20.492, 2, 179.46 W, 30, 120 MHz, 3996 MHz, 0 %, 0 %
2026/09/20 09:25:20.492, 3, 181.10 W, 30, 120 MHz, 3996 MHz, 0 %, 0 %
2026/09/20 09:25:20.492, 4, 182.00 W, 34, 120 MHz, 3996 MHz, 0 %, 0 %
2026/09/20 09:25:20.492, 5, 179.47 W, 32, 120 MHz, 3996 MHz, 0 %, 0 %
2026/09/20 09:25:20.492, 6, 180.17 W, 29, 120 MHz, 3996 MHz, 0 %, 0 %
2026/09/20 09:25:20.492, 7, 182.13 W, 29, 120 MHz, 3996 MHz, 0 %, 0 %
2026/09/20 09:25:21.492, 0, 181.61 W, 36, 120 MHz, 3996 MHz, 0 %, 0 %
2026/09/20 09:25:21.492, 1, 183.61 W, 37, 120 MHz, 3996 MHz, 0 %, 0 %
2026/09/20 09:25:21.492, 2, 179.46 W, 30, 120 MHz, 3996 MHz, 0 %, 0 %
2026/09/20 09:25:21.492, 3, 180.95 W, 30, 120 MHz, 3996 MHz, 0 %, 0 %
2026/09/20 09:25:21.492, 4, 182.41 W, 34, 120 MHz, 3996 MHz, 0 %, 0 %
2026/09/20 09:25:21.492, 5, 179.46 W, 32, 120 MHz, 3996 MHz, 0 %, 0 %
2026/09/20 09:25:21.492, 6, 180.17 W, 29, 120 MHz, 3996 MHz, 0 %, 0 %
2026/09/20 09:25:21.492, 7, 182.13 W, 29, 120 MHz, 3996 MHz, 0 %, 0 %
2026/09/20 09:25:22.492, 0, 181.59 W, 36, 120 MHz, 3996 MHz, 0 %, 0 %
2026/09/20 09:25:22.492, 1, 183.61 W, 37, 120 MHz, 3996 MHz, 0 %, 0 %
2026/09/20 09:25:22.492, 2, 179.47 W, 30, 120 MHz, 3996 MHz, 0 %, 0 %
2026/09/20 09:25:22.492, 3, 181.03 W, 30, 120 MHz, 3996 MHz, 0 %, 0 %
2026/09/20 09:25:22.492, 4, 182.38 W, 34, 120 MHz, 3996 MHz, 0 %, 0 %
2026/09/20 09:25:22.492, 5, 179.47 W, 32, 120 MHz, 3996 MHz, 0 %, 0 %
2026/09/20 09:25:22.492, 6, 180.17 W, 29, 120 MHz, 3996 MHz, 0 %, 0 %
2026/09/20 09:25:22.492, 7, 182.13 W, 29, 120 MHz, 3996 MHz, 0 %, 0 %
2026/09/20 09:25:23.492, 0, 181.58 W, 36, 120 MHz, 3996 MHz, 0 %, 0 %
2026/09/20 09:25:23.493, 1, 183.61 W, 37, 120 MHz, 3996 MHz, 0 %, 0 %
2026/09/20 09:25:23.493, 2, 179.46 W, 30, 120 MHz, 3996 MHz, 0 %, 0 %
2026/09/20 09:25:23.493, 3, 180.95 W, 30, 120 MHz, 3996 MHz, 0 %, 0 %
2026/09/20 09:25:23.493, 4, 182.07 W, 34, 120 MHz, 3996 MHz, 0 %, 0 %
2026/09/20 09:25:23.493, 5, 179.46 W, 32, 120 MHz, 3996 MHz, 0 %, 0 %
2026/09/20 09:25:23.493, 6, 180.17 W, 29, 120 MHz, 3996 MHz, 0 %, 0 %
2026/09/20 09:25:23.493, 7, 182.29 W, 29, 120 MHz, 3996 MHz, 0 %, 0 %
2026/09/20 09:25:24.493, 0, 181.57 W, 36, 120 MHz, 3996 MHz, 0 %, 0 %
2026/09/20 09:25:24.493, 1, 183.61 W, 37, 120 MHz, 3996 MHz, 0 %, 0 %
2026/09/20 09:25:24.493, 2, 179.47 W, 30, 120 MHz, 3996 MHz, 0 %, 0 %
2026/09/20 09:25:24.493, 3, 180.99 W, 30, 120 MHz, 3996 MHz, 0 %, 0 %
2026/09/20 09:25:24.493, 4, 182.33 W, 34, 120 MHz, 3996 MHz, 0 %, 0 %
2026/09/20 09:25:24.493, 5, 179.47 W, 32, 120 MHz, 3996 MHz, 0 %, 0 %
2026/09/20 09:25:24.493, 6, 180.17 W, 29, 120 MHz, 3996 MHz, 0 %, 0 %
2026/09/20 09:25:24.493, 7, 182.17 W, 29, 120 MHz, 3996 MHz, 0 %, 0 %
2026/09/20 09:25:25.493, 0, 181.56 W, 36, 120 MHz, 3996 MHz, 0 %, 0 %
2026/09/20 09:25:25.493, 1, 183.61 W, 37, 120 MHz, 3996 MHz, 0 %, 0 %
2026/09/20 09:25:25.493, 2, 179.46 W, 30, 120 MHz, 3996 MHz, 0 %, 0 %
2026/09/20 09:25:25.493, 3, 180.91 W, 30, 120 MHz, 3996 MHz, 0 %, 0 %
2026/09/20 09:25:25.493, 4, 181.87 W, 34, 120 MHz, 3996 MHz, 0 %, 0 %
2026/09/20 09:25:25.493, 5, 179.47 W, 32, 120 MHz, 3996 MHz, 0 %, 0 %
2026/09/20 09:25:25.493, 6, 180.17 W, 29, 120 MHz, 3996 MHz, 0 %, 0 %
2026/09/20 09:25:25.493, 7, 182.17 W, 29, 120 MHz, 3996 MHz, 0 %, 0 %
2026/09/20 09:25:26.493, 0, 181.56 W, 36, 120 MHz, 3996 MHz, 0 %, 0 %
2026/09/20 09:25:26.493, 1, 183.61 W, 37, 120 MHz, 3996 MHz, 0 %, 0 %
2026/09/20 09:25:26.493, 2, 179.47 W, 30, 120 MHz, 3996 MHz, 0 %, 0 %
2026/09/20 09:25:26.493, 3, 180.91 W, 30, 120 MHz, 3996 MHz, 0 %, 0 %
2026/09/20 09:25:26.493, 4, 182.00 W, 34, 120 MHz, 3996 MHz, 0 %, 0 %
2026/09/20 09:25:26.493, 5, 179.46 W, 32, 120 MHz, 3996 MHz, 0 %, 0 %
2026/09/20 09:25:26.494, 6, 180.17 W, 29, 120 MHz, 3996 MHz, 0 %, 0 %
2026/09/20 09:25:26.494, 7, 182.29 W, 29, 120 MHz, 3996 MHz, 0 %, 0 %
2026/09/20 09:25:27.494, 0, 181.55 W, 36, 120 MHz, 3996 MHz, 0 %, 0 %
2026/09/20 09:25:27.494, 1, 183.61 W, 37, 120 MHz, 3996 MHz, 0 %, 0 %
2026/09/20 09:25:27.494, 2, 179.46 W, 30, 120 MHz, 3996 MHz, 0 %, 0 %
2026/09/20 09:25:27.494, 3, 180.96 W, 30, 120 MHz, 3996 MHz, 0 %, 0 %
2026/09/20 09:25:27.494, 4, 182.23 W, 34, 120 MHz, 3996 MHz, 0 %, 0 %
2026/09/20 09:25:27.494, 5, 179.46 W, 32, 120 MHz, 3996 MHz, 0 %, 0 %
2026/09/20 09:25:27.494, 6, 180.17 W, 29, 120 MHz, 3996 MHz, 0 %, 0 %
2026/09/20 09:25:27.494, 7, 182.25 W, 29, 120 MHz, 3996 MHz, 0 %, 0 %
2026/09/20 09:25:28.494, 0, 181.54 W, 35, 120 MHz, 3996 MHz, 0 %, 0 %
2026/09/20 09:25:28.494, 1, 183.61 W, 37, 120 MHz, 3996 MHz, 0 %, 0 %
2026/09/20 09:25:28.494, 2, 179.46 W, 30, 120 MHz, 3996 MHz, 0 %, 0 %
2026/09/20 09:25:28.494, 3, 181.10 W, 30, 120 MHz, 3996 MHz, 0 %, 0 %
2026/09/20 09:25:28.494, 4, 182.37 W, 34, 120 MHz, 3996 MHz, 0 %, 0 %
2026/09/20 09:25:28.494, 5, 179.46 W, 32, 120 MHz, 3996 MHz, 0 %, 0 %
2026/09/20 09:25:28.494, 6, 180.17 W, 29, 120 MHz, 3996 MHz, 0 %, 0 %
2026/09/20 09:25:28.494, 7, 182.25 W, 29, 120 MHz, 3996 MHz, 0 %, 0 %
2026/09/20 09:25:29.494, 0, 181.55 W, 35, 120 MHz, 3996 MHz, 0 %, 0 %
2026/09/20 09:25:29.494, 1, 183.61 W, 37, 120 MHz, 3996 MHz, 0 %, 0 %
2026/09/20 09:25:29.494, 2, 179.47 W, 30, 120 MHz, 3996 MHz, 0 %, 0 %
2026/09/20 09:25:29.494, 3, 180.95 W, 30, 120 MHz, 3996 MHz, 0 %, 0 %
2026/09/20 09:25:29.494, 4, 182.43 W, 34, 120 MHz, 3996 MHz, 0 %, 0 %
2026/09/20 09:25:29.494, 5, 179.47 W, 32, 120 MHz, 3996 MHz, 0 %, 0 %
2026/09/20 09:25:29.494, 6, 180.17 W, 29, 120 MHz, 3996 MHz, 0 %, 0 %
2026/09/20 09:25:29.494, 7, 182.51 W, 29, 120 MHz, 3996 MHz, 0 %, 0 %
2026/09/20 09:25:30.495, 0, 181.54 W, 35, 120 MHz, 3996 MHz, 0 %, 0 %
2026/09/20 09:25:30.495, 1, 183.61 W, 37, 120 MHz, 3996 MHz, 0 %, 0 %
2026/09/20 09:25:30.495, 2, 179.46 W, 30, 120 MHz, 3996 MHz, 0 %, 0 %
2026/09/20 09:25:30.495, 3, 181.07 W, 30, 120 MHz, 3996 MHz, 0 %, 0 %
2026/09/20 09:25:30.495, 4, 182.67 W, 34, 120 MHz, 3996 MHz, 0 %, 0 %
2026/09/20 09:25:30.495, 5, 179.47 W, 32, 120 MHz, 3996 MHz, 0 %, 0 %
2026/09/20 09:25:30.495, 6, 180.17 W, 29, 120 MHz, 3996 MHz, 0 %, 0 %
2026/09/20 09:25:30.495, 7, 182.44 W, 29, 120 MHz, 3996 MHz, 0 %, 0 %
2026/09/20 09:25:31.495, 0, 181.54 W, 35, 120 MHz, 3996 MHz, 0 %, 0 %
2026/09/20 09:25:31.495, 1, 183.61 W, 37, 120 MHz, 3996 MHz, 0 %, 0 %
2026/09/20 09:25:31.495, 2, 179.46 W, 30, 120 MHz, 3996 MHz, 0 %, 0 %
2026/09/20 09:25:31.495, 3, 180.84 W, 30, 120 MHz, 3996 MHz, 0 %, 0 %
2026/09/20 09:25:31.495, 4, 182.87 W, 34, 120 MHz, 3996 MHz, 0 %, 0 %
2026/09/20 09:25:31.495, 5, 179.47 W, 32, 120 MHz, 3996 MHz, 0 %, 0 %
2026/09/20 09:25:31.495, 6, 180.17 W, 29, 120 MHz, 3996 MHz, 0 %, 0 %
2026/09/20 09:25:31.495, 7, 182.78 W, 29, 120 MHz, 3996 MHz, 0 %, 0 %
2026/09/20 09:25:32.495, 0, 181.54 W, 35, 120 MHz, 3996 MHz, 0 %, 0 %
2026/09/20 09:25:32.495, 1, 183.61 W, 37, 120 MHz, 3996 MHz, 0 %, 0 %
2026/09/20 09:25:32.495, 2, 179.46 W, 30, 120 MHz, 3996 MHz, 0 %, 0 %
2026/09/20 09:25:32.495, 3, 180.92 W, 30, 120 MHz, 3996 MHz, 0 %, 0 %
2026/09/20 09:25:32.495, 4, 182.74 W, 34, 120 MHz, 3996 MHz, 0 %, 0 %
2026/09/20 09:25:32.495, 5, 179.47 W, 32, 120 MHz, 3996 MHz, 0 %, 0 %
2026/09/20 09:25:32.495, 6, 180.17 W, 29, 120 MHz, 3996 MHz, 0 %, 0 %
2026/09/20 09:25:32.495, 7, 182.52 W, 29, 120 MHz, 3996 MHz, 0 %, 0 %
2026/09/20 09:25:33.495, 0, 181.54 W, 35, 120 MHz, 3996 MHz, 0 %, 0 %
2026/09/20 09:25:33.495, 1, 183.57 W, 37, 120 MHz, 3996 MHz, 0 %, 0 %
2026/09/20 09:25:33.495, 2, 179.46 W, 30, 120 MHz, 3996 MHz, 0 %, 0 %
2026/09/20 09:25:33.495, 3, 180.91 W, 30, 120 MHz, 3996 MHz, 0 %, 0 %
2026/09/20 09:25:33.495, 4, 183.13 W, 34, 120 MHz, 3996 MHz, 0 %, 0 %
2026/09/20 09:25:33.496, 5, 179.47 W, 32, 120 MHz, 3996 MHz, 0 %, 0 %
2026/09/20 09:25:33.496, 6, 180.17 W, 29, 120 MHz, 3996 MHz, 0 %, 0 %
2026/09/20 09:25:33.496, 7, 182.71 W, 29, 120 MHz, 3996 MHz, 0 %, 0 %
2026/09/20 09:25:34.496, 0, 181.55 W, 35, 120 MHz, 3996 MHz, 0 %, 0 %
2026/09/20 09:25:34.496, 1, 183.61 W, 36, 120 MHz, 3996 MHz, 0 %, 0 %
2026/09/20 09:25:34.496, 2, 179.46 W, 30, 120 MHz, 3996 MHz, 0 %, 0 %
2026/09/20 09:25:34.496, 3, 180.83 W, 29, 120 MHz, 3996 MHz, 0 %, 0 %
2026/09/20 09:25:34.496, 4, 183.21 W, 34, 120 MHz, 3996 MHz, 0 %, 0 %
2026/09/20 09:25:34.496, 5, 179.46 W, 32, 120 MHz, 3996 MHz, 0 %, 0 %
2026/09/20 09:25:34.496, 6, 180.17 W, 29, 120 MHz, 3996 MHz, 0 %, 0 %
2026/09/20 09:25:34.496, 7, 182.88 W, 29, 120 MHz, 3996 MHz, 0 %, 0 %
2026/09/20 09:25:35.496, 0, 181.54 W, 35, 120 MHz, 3996 MHz, 0 %, 0 %
2026/09/20 09:25:35.496, 1, 183.53 W, 36, 120 MHz, 3996 MHz, 0 %, 0 %
2026/09/20 09:25:35.496, 2, 179.47 W, 30, 120 MHz, 3996 MHz, 0 %, 0 %
2026/09/20 09:25:35.496, 3, 180.76 W, 29, 120 MHz, 3996 MHz, 0 %, 0 %
2026/09/20 09:25:35.496, 4, 183.13 W, 34, 120 MHz, 3996 MHz, 0 %, 0 %
2026/09/20 09:25:35.496, 5, 179.47 W, 32, 120 MHz, 3996 MHz, 0 %, 0 %
2026/09/20 09:25:35.496, 6, 180.17 W, 29, 120 MHz, 3996 MHz, 0 %, 0 %
2026/09/20 09:25:35.496, 7, 182.71 W, 29, 120 MHz, 3996 MHz, 0 %, 0 %
2026/09/20 09:25:36.496, 0, 181.54 W, 35, 120 MHz, 3996 MHz, 0 %, 0 %
2026/09/20 09:25:36.496, 1, 183.53 W, 36, 120 MHz, 3996 MHz, 0 %, 0 %
2026/09/20 09:25:36.496, 2, 179.47 W, 30, 120 MHz, 3996 MHz, 0 %, 0 %
2026/09/20 09:25:36.496, 3, 180.75 W, 29, 120 MHz, 3996 MHz, 0 %, 0 %
2026/09/20 09:25:36.496, 4, 183.09 W, 34, 120 MHz, 3996 MHz, 0 %, 0 %
2026/09/20 09:25:36.496, 5, 179.46 W, 32, 120 MHz, 3996 MHz, 0 %, 0 %
2026/09/20 09:25:36.497, 6, 180.17 W, 29, 120 MHz, 3996 MHz, 0 %, 0 %
2026/09/20 09:25:36.497, 7, 182.67 W, 29, 120 MHz, 3996 MHz, 0 %, 0 %
2026/09/20 09:25:37.497, 0, 181.54 W, 35, 120 MHz, 3996 MHz, 0 %, 0 %
2026/09/20 09:25:37.497, 1, 183.41 W, 36, 120 MHz, 3996 MHz, 0 %, 0 %
2026/09/20 09:25:37.497, 2, 179.47 W, 30, 120 MHz, 3996 MHz, 0 %, 0 %
2026/09/20 09:25:37.497, 3, 180.59 W, 29, 120 MHz, 3996 MHz, 0 %, 0 %
2026/09/20 09:25:37.497, 4, 183.13 W, 34, 120 MHz, 3996 MHz, 0 %, 0 %
2026/09/20 09:25:37.497, 5, 179.47 W, 32, 120 MHz, 3996 MHz, 0 %, 0 %
2026/09/20 09:25:37.497, 6, 180.17 W, 29, 120 MHz, 3996 MHz, 0 %, 0 %
2026/09/20 09:25:37.497, 7, 182.71 W, 29, 120 MHz, 3996 MHz, 0 %, 0 %
2026/09/20 09:25:38.497, 0, 181.54 W, 35, 120 MHz, 3996 MHz, 0 %, 0 %
2026/09/20 09:25:38.497, 1, 183.41 W, 36, 120 MHz, 3996 MHz, 0 %, 0 %
2026/09/20 09:25:38.497, 2, 179.47 W, 30, 120 MHz, 3996 MHz, 0 %, 0 %
2026/09/20 09:25:38.497, 3, 180.61 W, 29, 120 MHz, 3996 MHz, 0 %, 0 %
2026/09/20 09:25:38.497, 4, 183.17 W, 34, 120 MHz, 3996 MHz, 0 %, 0 %
2026/09/20 09:25:38.497, 5, 179.47 W, 32, 120 MHz, 3996 MHz, 0 %, 0 %
2026/09/20 09:25:38.497, 6, 180.17 W, 29, 120 MHz, 3996 MHz, 0 %, 0 %
2026/09/20 09:25:38.497, 7, 182.84 W, 29, 120 MHz, 3996 MHz, 0 %, 0 %
2026/09/20 09:25:39.497, 0, 181.54 W, 35, 120 MHz, 3996 MHz, 0 %, 0 %
2026/09/20 09:25:39.497, 1, 183.52 W, 36, 120 MHz, 3996 MHz, 0 %, 0 %
2026/09/20 09:25:39.498, 2, 179.47 W, 30, 120 MHz, 3996 MHz, 0 %, 0 %
2026/09/20 09:25:39.498, 3, 181.05 W, 29, 120 MHz, 3996 MHz, 0 %, 0 %
2026/09/20 09:25:39.498, 4, 183.17 W, 34, 120 MHz, 3996 MHz, 0 %, 0 %
2026/09/20 09:25:39.498, 5, 179.47 W, 32, 120 MHz, 3996 MHz, 0 %, 0 %
2026/09/20 09:25:39.498, 6, 180.17 W, 29, 120 MHz, 3996 MHz, 0 %, 0 %
2026/09/20 09:25:39.498, 7, 182.82 W, 29, 120 MHz, 3996 MHz, 0 %, 0 %
2026/09/20 09:25:40.498, 0, 181.54 W, 35, 120 MHz, 3996 MHz, 0 %, 0 %
2026/09/20 09:25:40.498, 1, 183.45 W, 36, 120 MHz, 3996 MHz, 0 %, 0 %
2026/09/20 09:25:40.498, 2, 179.46 W, 30, 120 MHz, 3996 MHz, 0 %, 0 %
2026/09/20 09:25:40.498, 3, 180.40 W, 29, 120 MHz, 3996 MHz, 0 %, 0 %
2026/09/20 09:25:40.498, 4, 183.25 W, 34, 120 MHz, 3996 MHz, 0 %, 0 %
2026/09/20 09:25:40.498, 5, 179.47 W, 32, 120 MHz, 3996 MHz, 0 %, 0 %
2026/09/20 09:25:40.498, 6, 180.17 W, 29, 120 MHz, 3996 MHz, 0 %, 0 %
2026/09/20 09:25:40.498, 7, 182.78 W, 29, 120 MHz, 3996 MHz, 0 %, 0 %
2026/09/20 09:25:41.498, 0, 181.54 W, 35, 120 MHz, 3996 MHz, 0 %, 0 %
2026/09/20 09:25:41.498, 1, 183.37 W, 36, 120 MHz, 3996 MHz, 0 %, 0 %
2026/09/20 09:25:41.498, 2, 179.46 W, 30, 120 MHz, 3996 MHz, 0 %, 0 %
2026/09/20 09:25:41.498, 3, 180.48 W, 29, 120 MHz, 3996 MHz, 0 %, 0 %
2026/09/20 09:25:41.498, 4, 183.09 W, 34, 120 MHz, 3996 MHz, 0 %, 0 %
2026/09/20 09:25:41.498, 5, 179.46 W, 32, 120 MHz, 3996 MHz, 0 %, 0 %
2026/09/20 09:25:41.498, 6, 180.17 W, 29, 120 MHz, 3996 MHz, 0 %, 0 %
2026/09/20 09:25:41.498, 7, 182.64 W, 29, 120 MHz, 3996 MHz, 0 %, 0 %
2026/09/20 09:25:42.499, 0, 181.54 W, 35, 120 MHz, 3996 MHz, 0 %, 0 %
2026/09/20 09:25:42.499, 1, 183.26 W, 36, 120 MHz, 3996 MHz, 0 %, 0 %
2026/09/20 09:25:42.499, 2, 179.47 W, 30, 120 MHz, 3996 MHz, 0 %, 0 %
2026/09/20 09:25:42.499, 3, 180.69 W, 29, 120 MHz, 3996 MHz, 0 %, 0 %
2026/09/20 09:25:42.499, 4, 183.13 W, 34, 120 MHz, 3996 MHz, 0 %, 0 %
2026/09/20 09:25:42.499, 5, 179.46 W, 32, 120 MHz, 3996 MHz, 0 %, 0 %
2026/09/20 09:25:42.499, 6, 180.17 W, 29, 120 MHz, 3996 MHz, 0 %, 0 %
2026/09/20 09:25:42.499, 7, 182.80 W, 29, 120 MHz, 3996 MHz, 0 %, 0 %
2026/09/20 09:25:43.499, 0, 181.54 W, 35, 120 MHz, 3996 MHz, 0 %, 0 %
2026/09/20 09:25:43.499, 1, 183.22 W, 36, 120 MHz, 3996 MHz, 0 %, 0 %
2026/09/20 09:25:43.499, 2, 179.47 W, 30, 120 MHz, 3996 MHz, 0 %, 0 %
2026/09/20 09:25:43.499, 3, 180.28 W, 29, 120 MHz, 3996 MHz, 0 %, 0 %
2026/09/20 09:25:43.499, 4, 183.09 W, 34, 120 MHz, 3996 MHz, 0 %, 0 %
2026/09/20 09:25:43.499, 5, 179.47 W, 32, 120 MHz, 3996 MHz, 0 %, 0 %
2026/09/20 09:25:43.499, 6, 180.17 W, 29, 120 MHz, 3996 MHz, 0 %, 0 %
2026/09/20 09:25:43.499, 7, 182.86 W, 29, 120 MHz, 3996 MHz, 0 %, 0 %
2026/09/20 09:25:44.499, 0, 181.54 W, 35, 120 MHz, 3996 MHz, 0 %, 0 %
2026/09/20 09:25:44.499, 1, 183.06 W, 36, 120 MHz, 3996 MHz, 0 %, 0 %
2026/09/20 09:25:44.499, 2, 179.46 W, 30, 120 MHz, 3996 MHz, 0 %, 0 %
2026/09/20 09:25:44.499, 3, 180.72 W, 29, 120 MHz, 3996 MHz, 0 %, 0 %
2026/09/20 09:25:44.499, 4, 183.13 W, 34, 120 MHz, 3996 MHz, 0 %, 0 %
2026/09/20 09:25:44.499, 5, 179.47 W, 32, 120 MHz, 3996 MHz, 0 %, 0 %
2026/09/20 09:25:44.499, 6, 180.17 W, 29, 120 MHz, 3996 MHz, 0 %, 0 %
2026/09/20 09:25:44.499, 7, 183.13 W, 29, 120 MHz, 3996 MHz, 0 %, 0 %
2026/09/20 09:25:45.500, 0, 181.54 W, 35, 120 MHz, 3996 MHz, 0 %, 0 %
2026/09/20 09:25:45.500, 1, 183.29 W, 36, 120 MHz, 3996 MHz, 0 %, 0 %
2026/09/20 09:25:45.500, 2, 179.46 W, 30, 120 MHz, 3996 MHz, 0 %, 0 %
2026/09/20 09:25:45.500, 3, 180.71 W, 29, 120 MHz, 3996 MHz, 0 %, 0 %
2026/09/20 09:25:45.500, 4, 183.17 W, 34, 120 MHz, 3996 MHz, 0 %, 0 %
2026/09/20 09:25:45.500, 5, 179.46 W, 32, 120 MHz, 3996 MHz, 0 %, 0 %
2026/09/20 09:25:45.500, 6, 180.17 W, 29, 120 MHz, 3996 MHz, 0 %, 0 %
2026/09/20 09:25:45.500, 7, 182.88 W, 29, 120 MHz, 3996 MHz, 0 %, 0 %
2026/09/20 09:25:46.500, 0, 181.54 W, 35, 120 MHz, 3996 MHz, 0 %, 0 %
2026/09/20 09:25:46.500, 1, 183.11 W, 36, 120 MHz, 3996 MHz, 0 %, 0 %
2026/09/20 09:25:46.500, 2, 179.46 W, 30, 120 MHz, 3996 MHz, 0 %, 0 %
2026/09/20 09:25:46.500, 3, 180.76 W, 29, 120 MHz, 3996 MHz, 0 %, 0 %
2026/09/20 09:25:46.500, 4, 183.13 W, 34, 120 MHz, 3996 MHz, 0 %, 0 %
2026/09/20 09:25:46.500, 5, 179.47 W, 32, 120 MHz, 3996 MHz, 0 %, 0 %
2026/09/20 09:25:46.500, 6, 180.17 W, 29, 120 MHz, 3996 MHz, 0 %, 0 %
2026/09/20 09:25:46.500, 7, 182.94 W, 29, 120 MHz, 3996 MHz, 0 %, 0 %
2026/09/20 09:25:47.500, 0, 181.54 W, 35, 120 MHz, 3996 MHz, 0 %, 0 %
2026/09/20 09:25:47.500, 1, 183.18 W, 36, 120 MHz, 3996 MHz, 0 %, 0 %
2026/09/20 09:25:47.500, 2, 179.46 W, 30, 120 MHz, 3996 MHz, 0 %, 0 %
2026/09/20 09:25:47.500, 3, 180.38 W, 29, 120 MHz, 3996 MHz, 0 %, 0 %
2026/09/20 09:25:47.500, 4, 183.21 W, 34, 120 MHz, 3996 MHz, 0 %, 0 %
2026/09/20 09:25:47.500, 5, 179.47 W, 32, 120 MHz, 3996 MHz, 0 %, 0 %
2026/09/20 09:25:47.500, 6, 180.17 W, 29, 120 MHz, 3996 MHz, 0 %, 0 %
2026/09/20 09:25:47.500, 7, 183.21 W, 29, 120 MHz, 3996 MHz, 0 %, 0 %
2026/09/20 09:25:48.501, 0, 181.54 W, 35, 120 MHz, 3996 MHz, 0 %, 0 %
2026/09/20 09:25:48.501, 1, 183.10 W, 36, 120 MHz, 3996 MHz, 0 %, 0 %
2026/09/20 09:25:48.501, 2, 179.37 W, 30, 120 MHz, 3996 MHz, 0 %, 0 %
2026/09/20 09:25:48.501, 3, 218.61 W, 30, 2032 MHz, 3996 MHz, 0 %, 0 %
2026/09/20 09:25:48.501, 4, 182.93 W, 34, 120 MHz, 3996 MHz, 0 %, 0 %
2026/09/20 09:25:48.501, 5, 179.47 W, 32, 120 MHz, 3996 MHz, 0 %, 0 %
2026/09/20 09:25:48.501, 6, 180.17 W, 29, 120 MHz, 3996 MHz, 0 %, 0 %
2026/09/20 09:25:48.501, 7, 182.56 W, 29, 120 MHz, 3996 MHz, 0 %, 0 %
2026/09/20 09:25:49.501, 0, 181.54 W, 35, 120 MHz, 3996 MHz, 0 %, 0 %
2026/09/20 09:25:49.501, 1, 183.02 W, 36, 120 MHz, 3996 MHz, 0 %, 0 %
2026/09/20 09:25:49.501, 2, 179.35 W, 30, 120 MHz, 3996 MHz, 0 %, 0 %
2026/09/20 09:25:49.501, 3, 229.54 W, 31, 2032 MHz, 3996 MHz, 0 %, 0 %
2026/09/20 09:25:49.501, 4, 183.02 W, 34, 120 MHz, 3996 MHz, 0 %, 0 %
2026/09/20 09:25:49.501, 5, 179.47 W, 32, 120 MHz, 3996 MHz, 0 %, 0 %
2026/09/20 09:25:49.501, 6, 180.17 W, 29, 120 MHz, 3996 MHz, 0 %, 0 %
2026/09/20 09:25:49.501, 7, 182.48 W, 29, 120 MHz, 3996 MHz, 0 %, 0 %
2026/09/20 09:25:50.501, 0, 181.54 W, 35, 120 MHz, 3996 MHz, 0 %, 0 %
2026/09/20 09:25:50.501, 1, 182.99 W, 36, 120 MHz, 3996 MHz, 0 %, 0 %
2026/09/20 09:25:50.501, 2, 179.35 W, 30, 120 MHz, 3996 MHz, 0 %, 0 %
2026/09/20 09:25:50.501, 3, 229.80 W, 31, 2032 MHz, 3996 MHz, 0 %, 0 %
2026/09/20 09:25:50.501, 4, 183.09 W, 34, 120 MHz, 3996 MHz, 0 %, 0 %
2026/09/20 09:25:50.501, 5, 229.36 W, 33, 2032 MHz, 3996 MHz, 0 %, 0 %
2026/09/20 09:25:50.501, 6, 180.17 W, 29, 120 MHz, 3996 MHz, 0 %, 0 %
2026/09/20 09:25:50.501, 7, 182.40 W, 29, 120 MHz, 3996 MHz, 0 %, 0 %
2026/09/20 09:25:51.501, 0, 181.54 W, 35, 120 MHz, 3996 MHz, 0 %, 0 %
2026/09/20 09:25:51.501, 1, 183.10 W, 36, 120 MHz, 3996 MHz, 0 %, 0 %
2026/09/20 09:25:51.501, 2, 179.35 W, 30, 120 MHz, 3996 MHz, 0 %, 0 %
2026/09/20 09:25:51.501, 3, 229.85 W, 31, 2032 MHz, 3996 MHz, 0 %, 0 %
2026/09/20 09:25:51.501, 4, 183.13 W, 34, 120 MHz, 3996 MHz, 0 %, 0 %
2026/09/20 09:25:51.501, 5, 231.36 W, 33, 2032 MHz, 3996 MHz, 0 %, 0 %
2026/09/20 09:25:51.501, 6, 180.17 W, 29, 120 MHz, 3996 MHz, 0 %, 0 %
2026/09/20 09:25:51.501, 7, 182.40 W, 29, 120 MHz, 3996 MHz, 0 %, 0 %
2026/09/20 09:25:52.501, 0, 181.54 W, 35, 120 MHz, 3996 MHz, 0 %, 0 %
2026/09/20 09:25:52.501, 1, 182.80 W, 36, 120 MHz, 3996 MHz, 0 %, 0 %
2026/09/20 09:25:52.501, 2, 179.35 W, 30, 120 MHz, 3996 MHz, 0 %, 0 %
2026/09/20 09:25:52.502, 3, 230.01 W, 31, 2032 MHz, 3996 MHz, 0 %, 0 %
2026/09/20 09:25:52.502, 4, 183.13 W, 34, 120 MHz, 3996 MHz, 0 %, 0 %
2026/09/20 09:25:52.502, 5, 231.37 W, 33, 2032 MHz, 3996 MHz, 0 %, 0 %
2026/09/20 09:25:52.502, 6, 180.17 W, 29, 120 MHz, 3996 MHz, 0 %, 0 %
2026/09/20 09:25:52.502, 7, 182.32 W, 29, 120 MHz, 3996 MHz, 0 %, 0 %
2026/09/20 09:25:53.502, 0, 181.54 W, 35, 120 MHz, 3996 MHz, 0 %, 0 %
2026/09/20 09:25:53.502, 1, 182.96 W, 36, 120 MHz, 3996 MHz, 0 %, 0 %
2026/09/20 09:25:53.502, 2, 179.35 W, 30, 120 MHz, 3996 MHz, 0 %, 0 %
2026/09/20 09:25:53.502, 3, 229.91 W, 31, 2032 MHz, 3996 MHz, 0 %, 0 %
2026/09/20 09:25:53.502, 4, 183.13 W, 34, 120 MHz, 3996 MHz, 0 %, 0 %
2026/09/20 09:25:53.502, 5, 231.67 W, 33, 2032 MHz, 3996 MHz, 0 %, 0 %
2026/09/20 09:25:53.502, 6, 180.08 W, 29, 120 MHz, 3996 MHz, 0 %, 0 %
2026/09/20 09:25:53.502, 7, 217.97 W, 30, 2032 MHz, 3996 MHz, 0 %, 0 %
2026/09/20 09:25:54.502, 0, 181.54 W, 35, 120 MHz, 3996 MHz, 0 %, 0 %
2026/09/20 09:25:54.502, 1, 183.14 W, 36, 120 MHz, 3996 MHz, 0 %, 0 %
2026/09/20 09:25:54.502, 2, 179.35 W, 30, 120 MHz, 3996 MHz, 0 %, 0 %
2026/09/20 09:25:54.502, 3, 230.19 W, 31, 2032 MHz, 3996 MHz, 0 %, 0 %
2026/09/20 09:25:54.502, 4, 201.65 W, 35, 2032 MHz, 3996 MHz, 1 %, 0 %
2026/09/20 09:25:54.502, 5, 231.77 W, 33, 2032 MHz, 3996 MHz, 0 %, 0 %
2026/09/20 09:25:54.502, 6, 180.05 W, 29, 120 MHz, 3996 MHz, 0 %, 0 %
2026/09/20 09:25:54.502, 7, 234.85 W, 30, 2032 MHz, 3996 MHz, 0 %, 0 %
2026/09/20 09:25:55.502, 0, 181.54 W, 35, 120 MHz, 3996 MHz, 0 %, 0 %
2026/09/20 09:25:55.502, 1, 182.82 W, 36, 120 MHz, 3996 MHz, 0 %, 0 %
2026/09/20 09:25:55.502, 2, 179.35 W, 30, 120 MHz, 3996 MHz, 0 %, 0 %
2026/09/20 09:25:55.502, 3, 230.03 W, 31, 2032 MHz, 3996 MHz, 0 %, 0 %
2026/09/20 09:25:55.502, 4, 236.51 W, 36, 2032 MHz, 3996 MHz, 0 %, 0 %
2026/09/20 09:25:55.502, 5, 231.75 W, 33, 2032 MHz, 3996 MHz, 0 %, 0 %
2026/09/20 09:25:55.502, 6, 180.05 W, 29, 120 MHz, 3996 MHz, 0 %, 0 %
2026/09/20 09:25:55.502, 7, 234.85 W, 30, 2032 MHz, 3996 MHz, 0 %, 0 %
2026/09/20 09:25:56.502, 0, 200.31 W, 36, 2032 MHz, 3996 MHz, 2 %, 0 %
2026/09/20 09:25:56.502, 1, 183.02 W, 36, 120 MHz, 3996 MHz, 0 %, 0 %
2026/09/20 09:25:56.502, 2, 179.35 W, 30, 120 MHz, 3996 MHz, 0 %, 0 %
2026/09/20 09:25:56.502, 3, 229.92 W, 31, 2032 MHz, 3996 MHz, 0 %, 0 %
2026/09/20 09:25:56.502, 4, 237.05 W, 36, 2032 MHz, 3996 MHz, 0 %, 0 %
2026/09/20 09:25:56.502, 5, 231.70 W, 33, 2032 MHz, 3996 MHz, 0 %, 0 %
2026/09/20 09:25:56.502, 6, 180.05 W, 29, 120 MHz, 3996 MHz, 0 %, 0 %
2026/09/20 09:25:56.502, 7, 234.85 W, 31, 2032 MHz, 3996 MHz, 0 %, 0 %
2026/09/20 09:25:57.503, 0, 232.07 W, 36, 2032 MHz, 3996 MHz, 0 %, 0 %
2026/09/20 09:25:57.503, 1, 207.77 W, 37, 2032 MHz, 3996 MHz, 0 %, 0 %
2026/09/20 09:25:57.503, 2, 179.35 W, 30, 120 MHz, 3996 MHz, 0 %, 0 %
2026/09/20 09:25:57.503, 3, 230.08 W, 31, 2032 MHz, 3996 MHz, 0 %, 0 %
2026/09/20 09:25:57.503, 4, 237.40 W, 36, 2032 MHz, 3996 MHz, 0 %, 0 %
2026/09/20 09:25:57.503, 5, 231.79 W, 34, 2032 MHz, 3996 MHz, 0 %, 0 %
2026/09/20 09:25:57.503, 6, 180.05 W, 29, 120 MHz, 3996 MHz, 0 %, 0 %
2026/09/20 09:25:57.503, 7, 234.85 W, 31, 2032 MHz, 3996 MHz, 0 %, 0 %
2026/09/20 09:25:58.503, 0, 231.98 W, 36, 2032 MHz, 3996 MHz, 0 %, 0 %
2026/09/20 09:25:58.503, 1, 234.45 W, 37, 2032 MHz, 3996 MHz, 0 %, 0 %
2026/09/20 09:25:58.503, 2, 179.35 W, 30, 120 MHz, 3996 MHz, 0 %, 0 %
2026/09/20 09:25:58.503, 3, 230.01 W, 31, 2032 MHz, 3996 MHz, 0 %, 0 %
2026/09/20 09:25:58.503, 4, 237.29 W, 36, 2032 MHz, 3996 MHz, 0 %, 0 %
2026/09/20 09:25:58.503, 5, 231.78 W, 34, 2032 MHz, 3996 MHz, 0 %, 0 %
2026/09/20 09:25:58.503, 6, 180.05 W, 29, 120 MHz, 3996 MHz, 0 %, 0 %
2026/09/20 09:25:58.503, 7, 234.89 W, 31, 2032 MHz, 3996 MHz, 0 %, 0 %
2026/09/20 09:25:59.503, 0, 231.98 W, 36, 2032 MHz, 3996 MHz, 0 %, 0 %
2026/09/20 09:25:59.503, 1, 234.02 W, 37, 2032 MHz, 3996 MHz, 0 %, 0 %
2026/09/20 09:25:59.503, 2, 179.35 W, 30, 120 MHz, 3996 MHz, 0 %, 0 %
2026/09/20 09:25:59.503, 3, 229.93 W, 31, 2032 MHz, 3996 MHz, 0 %, 0 %
2026/09/20 09:25:59.503, 4, 237.32 W, 36, 2032 MHz, 3996 MHz, 0 %, 0 %
2026/09/20 09:25:59.503, 5, 231.82 W, 34, 2032 MHz, 3996 MHz, 0 %, 0 %
2026/09/20 09:25:59.503, 6, 180.05 W, 29, 120 MHz, 3996 MHz, 0 %, 0 %
2026/09/20 09:25:59.503, 7, 234.85 W, 31, 2032 MHz, 3996 MHz, 0 %, 0 %
2026/09/20 09:26:00.503, 0, 231.98 W, 36, 2032 MHz, 3996 MHz, 0 %, 0 %
2026/09/20 09:26:00.503, 1, 234.05 W, 37, 2032 MHz, 3996 MHz, 0 %, 0 %
2026/09/20 09:26:00.503, 2, 179.35 W, 30, 120 MHz, 3996 MHz, 0 %, 0 %
2026/09/20 09:26:00.503, 3, 230.16 W, 31, 2032 MHz, 3996 MHz, 0 %, 0 %
2026/09/20 09:26:00.503, 4, 237.40 W, 36, 2032 MHz, 3996 MHz, 0 %, 0 %
2026/09/20 09:26:00.503, 5, 231.83 W, 34, 2032 MHz, 3996 MHz, 0 %, 0 %
2026/09/20 09:26:00.503, 6, 180.05 W, 29, 120 MHz, 3996 MHz, 0 %, 0 %
2026/09/20 09:26:00.503, 7, 234.85 W, 31, 2032 MHz, 3996 MHz, 0 %, 0 %
2026/09/20 09:26:01.503, 0, 231.98 W, 36, 2032 MHz, 3996 MHz, 0 %, 0 %
2026/09/20 09:26:01.503, 1, 234.24 W, 37, 2032 MHz, 3996 MHz, 0 %, 0 %
2026/09/20 09:26:01.503, 2, 218.52 W, 31, 2032 MHz, 3996 MHz, 0 %, 0 %
2026/09/20 09:26:01.503, 3, 230.23 W, 31, 2032 MHz, 3996 MHz, 0 %, 0 %
2026/09/20 09:26:01.503, 4, 237.44 W, 36, 2032 MHz, 3996 MHz, 0 %, 0 %
2026/09/20 09:26:01.503, 5, 231.79 W, 34, 2032 MHz, 3996 MHz, 0 %, 0 %
2026/09/20 09:26:01.503, 6, 180.05 W, 29, 120 MHz, 3996 MHz, 0 %, 0 %
2026/09/20 09:26:01.504, 7, 234.85 W, 31, 2032 MHz, 3996 MHz, 0 %, 0 %
2026/09/20 09:26:02.504, 0, 231.98 W, 36, 2032 MHz, 3996 MHz, 0 %, 0 %
2026/09/20 09:26:02.504, 1, 234.65 W, 37, 2032 MHz, 3996 MHz, 0 %, 0 %
2026/09/20 09:26:02.504, 2, 225.98 W, 31, 2032 MHz, 3996 MHz, 0 %, 0 %
2026/09/20 09:26:02.504, 3, 230.25 W, 31, 2032 MHz, 3996 MHz, 0 %, 0 %
2026/09/20 09:26:02.504, 4, 237.44 W, 36, 2032 MHz, 3996 MHz, 0 %, 0 %
2026/09/20 09:26:02.504, 5, 231.83 W, 34, 2032 MHz, 3996 MHz, 0 %, 0 %
2026/09/20 09:26:02.504, 6, 180.05 W, 29, 120 MHz, 3996 MHz, 0 %, 0 %
2026/09/20 09:26:02.504, 7, 234.85 W, 31, 2032 MHz, 3996 MHz, 0 %, 0 %
2026/09/20 09:26:03.504, 0, 232.02 W, 36, 2032 MHz, 3996 MHz, 1 %, 0 %
2026/09/20 09:26:03.504, 1, 234.75 W, 37, 2032 MHz, 3996 MHz, 0 %, 0 %
2026/09/20 09:26:03.504, 2, 225.95 W, 31, 2032 MHz, 3996 MHz, 0 %, 0 %
2026/09/20 09:26:03.504, 3, 229.69 W, 31, 2032 MHz, 3996 MHz, 2 %, 0 %
2026/09/20 09:26:03.504, 4, 237.48 W, 36, 2032 MHz, 3996 MHz, 0 %, 0 %
2026/09/20 09:26:03.504, 5, 231.82 W, 34, 2032 MHz, 3996 MHz, 0 %, 0 %
2026/09/20 09:26:03.504, 6, 210.23 W, 30, 2032 MHz, 3996 MHz, 0 %, 0 %
2026/09/20 09:26:03.504, 7, 234.77 W, 31, 2032 MHz, 3996 MHz, 0 %, 0 %
2026/09/20 09:26:04.504, 0, 232.21 W, 36, 2032 MHz, 3996 MHz, 0 %, 0 %
2026/09/20 09:26:04.504, 1, 235.01 W, 37, 2032 MHz, 3996 MHz, 0 %, 0 %
2026/09/20 09:26:04.504, 2, 225.99 W, 31, 2032 MHz, 3996 MHz, 0 %, 0 %
2026/09/20 09:26:04.504, 3, 230.70 W, 31, 2032 MHz, 3996 MHz, 0 %, 0 %
2026/09/20 09:26:04.504, 4, 237.33 W, 36, 2032 MHz, 3996 MHz, 0 %, 0 %
2026/09/20 09:26:04.504, 5, 231.78 W, 34, 2032 MHz, 3996 MHz, 0 %, 0 %
2026/09/20 09:26:04.504, 6, 229.00 W, 30, 2032 MHz, 3996 MHz, 0 %, 0 %
2026/09/20 09:26:04.504, 7, 234.70 W, 31, 2032 MHz, 3996 MHz, 0 %, 0 %
2026/09/20 09:26:05.504, 0, 232.26 W, 36, 2032 MHz, 3996 MHz, 0 %, 0 %
2026/09/20 09:26:05.504, 1, 234.78 W, 37, 2032 MHz, 3996 MHz, 0 %, 0 %
2026/09/20 09:26:05.504, 2, 225.98 W, 31, 2032 MHz, 3996 MHz, 0 %, 0 %
2026/09/20 09:26:05.504, 3, 230.49 W, 31, 2032 MHz, 3996 MHz, 0 %, 0 %
2026/09/20 09:26:05.504, 4, 237.44 W, 36, 2032 MHz, 3996 MHz, 0 %, 0 %
2026/09/20 09:26:05.504, 5, 231.79 W, 34, 2032 MHz, 3996 MHz, 0 %, 0 %
2026/09/20 09:26:05.505, 6, 229.11 W, 30, 2032 MHz, 3996 MHz, 0 %, 0 %
2026/09/20 09:26:05.505, 7, 234.70 W, 31, 2032 MHz, 3996 MHz, 0 %, 0 %
2026/09/20 09:26:06.505, 0, 232.06 W, 36, 2032 MHz, 3996 MHz, 0 %, 0 %
2026/09/20 09:26:06.505, 1, 235.35 W, 37, 2032 MHz, 3996 MHz, 0 %, 0 %
2026/09/20 09:26:06.505, 2, 226.02 W, 31, 2032 MHz, 3996 MHz, 0 %, 0 %
2026/09/20 09:26:06.505, 3, 230.27 W, 31, 2032 MHz, 3996 MHz, 0 %, 0 %
2026/09/20 09:26:06.505, 4, 236.82 W, 36, 2032 MHz, 3996 MHz, 0 %, 0 %
2026/09/20 09:26:06.505, 5, 231.25 W, 34, 2032 MHz, 3996 MHz, 0 %, 0 %
2026/09/20 09:26:06.505, 6, 228.95 W, 30, 2032 MHz, 3996 MHz, 0 %, 0 %
2026/09/20 09:26:06.505, 7, 234.70 W, 31, 2032 MHz, 3996 MHz, 0 %, 0 %
2026/09/20 09:26:07.505, 0, 232.06 W, 36, 2032 MHz, 3996 MHz, 0 %, 0 %
2026/09/20 09:26:07.505, 1, 234.46 W, 37, 2032 MHz, 3996 MHz, 0 %, 0 %
2026/09/20 09:26:07.505, 2, 225.98 W, 31, 2032 MHz, 3996 MHz, 0 %, 0 %
2026/09/20 09:26:07.505, 3, 229.99 W, 31, 2032 MHz, 3996 MHz, 0 %, 0 %
2026/09/20 09:26:07.505, 4, 235.92 W, 36, 2032 MHz, 3996 MHz, 0 %, 0 %
2026/09/20 09:26:07.505, 5, 230.97 W, 34, 2032 MHz, 3996 MHz, 0 %, 0 %
2026/09/20 09:26:07.505, 6, 228.81 W, 30, 2032 MHz, 3996 MHz, 0 %, 0 %
2026/09/20 09:26:07.505, 7, 234.78 W, 31, 2032 MHz, 3996 MHz, 0 %, 0 %
2026/09/20 09:26:08.505, 0, 231.98 W, 36, 2032 MHz, 3996 MHz, 0 %, 0 %
2026/09/20 09:26:08.505, 1, 234.56 W, 37, 2032 MHz, 3996 MHz, 0 %, 0 %
2026/09/20 09:26:08.505, 2, 225.99 W, 31, 2032 MHz, 3996 MHz, 0 %, 0 %
2026/09/20 09:26:08.505, 3, 229.75 W, 31, 2032 MHz, 3996 MHz, 0 %, 0 %
2026/09/20 09:26:08.505, 4, 235.99 W, 36, 2032 MHz, 3996 MHz, 0 %, 0 %
2026/09/20 09:26:08.505, 5, 230.68 W, 34, 2032 MHz, 3996 MHz, 0 %, 0 %
2026/09/20 09:26:08.505, 6, 228.82 W, 30, 2032 MHz, 3996 MHz, 0 %, 0 %
2026/09/20 09:26:08.505, 7, 234.70 W, 31, 2032 MHz, 3996 MHz, 0 %, 0 %
2026/09/20 09:26:09.505, 0, 231.98 W, 36, 2032 MHz, 3996 MHz, 0 %, 0 %
2026/09/20 09:26:09.505, 1, 234.42 W, 37, 2032 MHz, 3996 MHz, 0 %, 0 %
2026/09/20 09:26:09.505, 2, 225.97 W, 31, 2032 MHz, 3996 MHz, 0 %, 0 %
2026/09/20 09:26:09.505, 3, 229.80 W, 31, 2032 MHz, 3996 MHz, 0 %, 0 %
2026/09/20 09:26:09.505, 4, 235.80 W, 36, 2032 MHz, 3996 MHz, 0 %, 0 %
2026/09/20 09:26:09.505, 5, 230.62 W, 34, 2032 MHz, 3996 MHz, 0 %, 0 %
2026/09/20 09:26:09.505, 6, 228.82 W, 30, 2032 MHz, 3996 MHz, 0 %, 0 %
2026/09/20 09:26:09.505, 7, 234.70 W, 31, 2032 MHz, 3996 MHz, 0 %, 0 %
2026/09/20 09:26:10.506, 0, 232.02 W, 36, 2032 MHz, 3996 MHz, 2 %, 0 %
2026/09/20 09:26:10.506, 1, 234.96 W, 37, 2032 MHz, 3996 MHz, 2 %, 0 %
2026/09/20 09:26:10.506, 2, 225.99 W, 31, 2032 MHz, 3996 MHz, 0 %, 0 %
2026/09/20 09:26:10.506, 3, 230.46 W, 31, 2032 MHz, 3996 MHz, 0 %, 0 %
2026/09/20 09:26:10.506, 4, 236.70 W, 36, 2032 MHz, 3996 MHz, 1 %, 0 %
2026/09/20 09:26:10.506, 5, 230.61 W, 34, 2032 MHz, 3996 MHz, 0 %, 0 %
2026/09/20 09:26:10.506, 6, 228.81 W, 30, 2032 MHz, 3996 MHz, 0 %, 0 %
2026/09/20 09:26:10.506, 7, 234.70 W, 31, 2032 MHz, 3996 MHz, 0 %, 0 %
2026/09/20 09:26:11.506, 0, 232.32 W, 36, 2032 MHz, 3996 MHz, 0 %, 0 %
2026/09/20 09:26:11.506, 1, 235.49 W, 37, 2032 MHz, 3996 MHz, 0 %, 0 %
2026/09/20 09:26:11.506, 2, 225.98 W, 31, 2032 MHz, 3996 MHz, 0 %, 0 %
2026/09/20 09:26:11.506, 3, 230.85 W, 31, 2032 MHz, 3996 MHz, 0 %, 0 %
2026/09/20 09:26:11.506, 4, 237.63 W, 36, 2032 MHz, 3996 MHz, 0 %, 0 %
2026/09/20 09:26:11.506, 5, 231.29 W, 34, 2032 MHz, 3996 MHz, 0 %, 0 %
2026/09/20 09:26:11.506, 6, 228.81 W, 30, 2032 MHz, 3996 MHz, 0 %, 0 %
2026/09/20 09:26:11.506, 7, 234.70 W, 31, 2032 MHz, 3996 MHz, 0 %, 0 %
2026/09/20 09:26:12.506, 0, 231.98 W, 36, 2032 MHz, 3996 MHz, 0 %, 0 %
2026/09/20 09:26:12.506, 1, 234.99 W, 37, 2032 MHz, 3996 MHz, 0 %, 0 %
2026/09/20 09:26:12.506, 2, 225.98 W, 31, 2032 MHz, 3996 MHz, 9 %, 0 %
2026/09/20 09:26:12.506, 3, 230.81 W, 31, 2032 MHz, 3996 MHz, 0 %, 0 %
2026/09/20 09:26:12.506, 4, 237.40 W, 36, 2032 MHz, 3996 MHz, 0 %, 0 %
2026/09/20 09:26:12.506, 5, 231.28 W, 34, 2032 MHz, 3996 MHz, 3 %, 0 %
2026/09/20 09:26:12.506, 6, 228.82 W, 30, 2032 MHz, 3996 MHz, 17 %, 0 %
2026/09/20 09:26:12.506, 7, 234.70 W, 31, 2032 MHz, 3996 MHz, 17 %, 0 %
2026/09/20 09:26:13.506, 0, 232.52 W, 36, 2032 MHz, 3996 MHz, 8 %, 0 %
2026/09/20 09:26:13.506, 1, 235.27 W, 38, 2032 MHz, 3996 MHz, 11 %, 0 %
2026/09/20 09:26:13.507, 2, 226.26 W, 31, 2032 MHz, 3996 MHz, 0 %, 0 %
2026/09/20 09:26:13.507, 3, 230.83 W, 31, 2032 MHz, 3996 MHz, 8 %, 0 %
2026/09/20 09:26:13.507, 4, 237.44 W, 36, 2032 MHz, 3996 MHz, 0 %, 0 %
2026/09/20 09:26:13.507, 5, 231.96 W, 34, 2032 MHz, 3996 MHz, 0 %, 0 %
2026/09/20 09:26:13.507, 6, 229.58 W, 30, 2032 MHz, 3996 MHz, 0 %, 0 %
2026/09/20 09:26:13.507, 7, 235.12 W, 31, 2032 MHz, 3996 MHz, 0 %, 0 %
2026/09/20 09:26:14.507, 0, 232.76 W, 36, 2032 MHz, 3996 MHz, 0 %, 0 %
2026/09/20 09:26:14.507, 1, 235.58 W, 38, 2032 MHz, 3996 MHz, 0 %, 0 %
2026/09/20 09:26:14.507, 2, 225.95 W, 31, 2032 MHz, 3996 MHz, 0 %, 0 %
2026/09/20 09:26:14.507, 3, 231.60 W, 31, 2032 MHz, 3996 MHz, 0 %, 0 %
2026/09/20 09:26:14.507, 4, 237.52 W, 36, 2032 MHz, 3996 MHz, 0 %, 0 %
2026/09/20 09:26:14.507, 5, 231.74 W, 34, 2032 MHz, 3996 MHz, 0 %, 0 %
2026/09/20 09:26:14.507, 6, 228.94 W, 30, 2032 MHz, 3996 MHz, 0 %, 0 %
2026/09/20 09:26:14.507, 7, 234.70 W, 31, 2032 MHz, 3996 MHz, 0 %, 0 %
2026/09/20 09:26:15.507, 0, 232.79 W, 36, 2032 MHz, 3996 MHz, 9 %, 0 %
2026/09/20 09:26:15.507, 1, 235.50 W, 38, 2032 MHz, 3996 MHz, 6 %, 0 %
2026/09/20 09:26:15.507, 2, 225.96 W, 31, 2032 MHz, 3996 MHz, 0 %, 0 %
2026/09/20 09:26:15.507, 3, 231.30 W, 31, 2032 MHz, 3996 MHz, 4 %, 0 %
2026/09/20 09:26:15.507, 4, 237.52 W, 36, 2032 MHz, 3996 MHz, 1 %, 0 %
2026/09/20 09:26:15.507, 5, 231.68 W, 34, 2032 MHz, 3996 MHz, 0 %, 0 %
2026/09/20 09:26:15.507, 6, 228.90 W, 30, 2032 MHz, 3996 MHz, 0 %, 0 %
2026/09/20 09:26:15.507, 7, 234.70 W, 31, 2032 MHz, 3996 MHz, 0 %, 0 %
2026/09/20 09:26:16.507, 0, 232.67 W, 36, 2032 MHz, 3996 MHz, 0 %, 0 %
2026/09/20 09:26:16.507, 1, 235.86 W, 38, 2032 MHz, 3996 MHz, 0 %, 0 %
2026/09/20 09:26:16.507, 2, 225.97 W, 31, 2032 MHz, 3996 MHz, 0 %, 0 %
2026/09/20 09:26:16.507, 3, 231.28 W, 31, 2032 MHz, 3996 MHz, 0 %, 0 %
2026/09/20 09:26:16.507, 4, 237.52 W, 36, 2032 MHz, 3996 MHz, 3 %, 0 %
2026/09/20 09:26:16.507, 5, 231.83 W, 34, 2032 MHz, 3996 MHz, 0 %, 0 %
2026/09/20 09:26:16.508, 6, 228.83 W, 30, 2032 MHz, 3996 MHz, 0 %, 0 %
2026/09/20 09:26:16.508, 7, 234.70 W, 31, 2032 MHz, 3996 MHz, 0 %, 0 %
2026/09/20 09:26:17.508, 0, 232.21 W, 36, 2032 MHz, 3996 MHz, 2 %, 0 %
2026/09/20 09:26:17.508, 1, 235.23 W, 38, 2032 MHz, 3996 MHz, 3 %, 0 %
2026/09/20 09:26:17.508, 2, 226.79 W, 31, 2032 MHz, 3996 MHz, 12 %, 0 %
2026/09/20 09:26:17.508, 3, 231.25 W, 31, 2032 MHz, 3996 MHz, 3 %, 0 %
2026/09/20 09:26:17.508, 4, 237.32 W, 36, 2032 MHz, 3996 MHz, 0 %, 0 %
2026/09/20 09:26:17.508, 5, 231.82 W, 34, 2032 MHz, 3996 MHz, 9 %, 0 %
2026/09/20 09:26:17.508, 6, 230.34 W, 31, 2032 MHz, 3996 MHz, 9 %, 0 %
2026/09/20 09:26:17.508, 7, 235.09 W, 31, 2032 MHz, 3996 MHz, 9 %, 0 %
2026/09/20 09:26:18.508, 0, 232.33 W, 36, 2032 MHz, 3996 MHz, 10 %, 0 %
2026/09/20 09:26:18.508, 1, 235.49 W, 38, 2032 MHz, 3996 MHz, 0 %, 0 %
2026/09/20 09:26:18.508, 2, 226.67 W, 31, 2032 MHz, 3996 MHz, 12 %, 0 %
2026/09/20 09:26:18.508, 3, 231.22 W, 31, 2032 MHz, 3996 MHz, 0 %, 0 %
2026/09/20 09:26:18.508, 4, 237.52 W, 36, 2032 MHz, 3996 MHz, 6 %, 0 %
2026/09/20 09:26:18.508, 5, 231.79 W, 34, 2032 MHz, 3996 MHz, 2 %, 0 %
2026/09/20 09:26:18.508, 6, 229.92 W, 31, 2032 MHz, 3996 MHz, 0 %, 0 %
2026/09/20 09:26:18.508, 7, 235.66 W, 31, 2032 MHz, 3996 MHz, 0 %, 0 %
2026/09/20 09:26:19.508, 0, 233.32 W, 36, 2032 MHz, 3996 MHz, 4 %, 0 %
2026/09/20 09:26:19.508, 1, 234.43 W, 38, 2032 MHz, 3996 MHz, 0 %, 0 %
2026/09/20 09:26:19.508, 2, 226.77 W, 31, 2032 MHz, 3996 MHz, 7 %, 0 %
2026/09/20 09:26:19.508, 3, 230.73 W, 31, 2032 MHz, 3996 MHz, 5 %, 0 %
2026/09/20 09:26:19.508, 4, 237.52 W, 36, 2032 MHz, 3996 MHz, 4 %, 0 %
2026/09/20 09:26:19.508, 5, 231.82 W, 34, 2032 MHz, 3996 MHz, 1 %, 0 %
2026/09/20 09:26:19.508, 6, 229.55 W, 31, 2032 MHz, 3996 MHz, 3 %, 0 %
2026/09/20 09:26:19.508, 7, 235.54 W, 31, 2032 MHz, 3996 MHz, 4 %, 0 %
2026/09/20 09:26:20.508, 0, 233.55 W, 36, 2032 MHz, 3996 MHz, 10 %, 0 %
2026/09/20 09:26:20.509, 1, 235.73 W, 38, 2032 MHz, 3996 MHz, 0 %, 0 %
2026/09/20 09:26:20.509, 2, 226.79 W, 31, 2032 MHz, 3996 MHz, 8 %, 0 %
2026/09/20 09:26:20.509, 3, 231.33 W, 31, 2032 MHz, 3996 MHz, 2 %, 0 %
2026/09/20 09:26:20.509, 4, 237.52 W, 37, 2032 MHz, 3996 MHz, 8 %, 0 %
2026/09/20 09:26:20.509, 5, 231.82 W, 34, 2032 MHz, 3996 MHz, 0 %, 0 %
2026/09/20 09:26:20.509, 6, 229.71 W, 31, 2032 MHz, 3996 MHz, 0 %, 0 %
2026/09/20 09:26:20.509, 7, 235.01 W, 31, 2032 MHz, 3996 MHz, 6 %, 0 %
2026/09/20 09:26:21.509, 0, 233.31 W, 36, 2032 MHz, 3996 MHz, 10 %, 0 %
2026/09/20 09:26:21.509, 1, 235.88 W, 38, 2032 MHz, 3996 MHz, 7 %, 0 %
2026/09/20 09:26:21.509, 2, 226.29 W, 31, 2032 MHz, 3996 MHz, 0 %, 0 %
2026/09/20 09:26:21.509, 3, 231.61 W, 31, 2032 MHz, 3996 MHz, 2 %, 0 %
2026/09/20 09:26:21.509, 4, 237.52 W, 37, 2032 MHz, 3996 MHz, 3 %, 0 %
2026/09/20 09:26:21.509, 5, 231.56 W, 34, 2032 MHz, 3996 MHz, 0 %, 0 %
2026/09/20 09:26:21.509, 6, 229.64 W, 31, 2032 MHz, 3996 MHz, 4 %, 0 %
2026/09/20 09:26:21.509, 7, 234.89 W, 31, 2032 MHz, 3996 MHz, 0 %, 0 %
2026/09/20 09:26:22.509, 0, 233.28 W, 36, 2032 MHz, 3996 MHz, 7 %, 0 %
2026/09/20 09:26:22.509, 1, 235.88 W, 38, 2032 MHz, 3996 MHz, 1 %, 0 %
2026/09/20 09:26:22.509, 2, 227.14 W, 31, 2032 MHz, 3996 MHz, 10 %, 0 %
2026/09/20 09:26:22.509, 3, 231.69 W, 31, 2032 MHz, 3996 MHz, 9 %, 0 %
2026/09/20 09:26:22.509, 4, 237.44 W, 37, 2032 MHz, 3996 MHz, 1 %, 0 %
2026/09/20 09:26:22.509, 5, 231.83 W, 34, 2032 MHz, 3996 MHz, 0 %, 0 %
2026/09/20 09:26:22.509, 6, 229.94 W, 31, 2032 MHz, 3996 MHz, 0 %, 0 %
2026/09/20 09:26:22.509, 7, 235.40 W, 31, 2032 MHz, 3996 MHz, 5 %, 0 %
2026/09/20 09:26:23.509, 0, 232.95 W, 36, 2032 MHz, 3996 MHz, 2 %, 0 %
2026/09/20 09:26:23.509, 1, 235.88 W, 38, 2032 MHz, 3996 MHz, 11 %, 0 %
2026/09/20 09:26:23.509, 2, 226.02 W, 31, 2032 MHz, 3996 MHz, 0 %, 0 %
2026/09/20 09:26:23.509, 3, 231.59 W, 31, 2032 MHz, 3996 MHz, 2 %, 0 %
2026/09/20 09:26:23.510, 4, 237.48 W, 37, 2032 MHz, 3996 MHz, 3 %, 0 %
2026/09/20 09:26:23.510, 5, 231.83 W, 34, 2032 MHz, 3996 MHz, 0 %, 0 %
2026/09/20 09:26:23.510, 6, 229.72 W, 31, 2032 MHz, 3996 MHz, 3 %, 0 %
2026/09/20 09:26:23.510, 7, 235.93 W, 31, 2032 MHz, 3996 MHz, 6 %, 0 %
2026/09/20 09:26:24.510, 0, 232.40 W, 36, 2032 MHz, 3996 MHz, 4 %, 0 %
2026/09/20 09:26:24.510, 1, 235.88 W, 38, 2032 MHz, 3996 MHz, 0 %, 0 %
2026/09/20 09:26:24.510, 2, 226.48 W, 31, 2032 MHz, 3996 MHz, 2 %, 0 %
2026/09/20 09:26:24.510, 3, 231.52 W, 31, 2032 MHz, 3996 MHz, 1 %, 0 %
2026/09/20 09:26:24.510, 4, 237.56 W, 37, 2032 MHz, 3996 MHz, 3 %, 0 %
2026/09/20 09:26:24.510, 5, 231.82 W, 34, 2032 MHz, 3996 MHz, 2 %, 0 %
2026/09/20 09:26:24.510, 6, 230.71 W, 31, 2032 MHz, 3996 MHz, 9 %, 0 %
2026/09/20 09:26:24.510, 7, 235.64 W, 31, 2032 MHz, 3996 MHz, 3 %, 0 %
2026/09/20 09:26:25.510, 0, 232.71 W, 36, 2032 MHz, 3996 MHz, 1 %, 0 %
2026/09/20 09:26:25.510, 1, 235.80 W, 38, 2032 MHz, 3996 MHz, 3 %, 0 %
2026/09/20 09:26:25.510, 2, 227.17 W, 31, 2032 MHz, 3996 MHz, 3 %, 0 %
2026/09/20 09:26:25.510, 3, 231.16 W, 31, 2032 MHz, 3996 MHz, 0 %, 0 %
2026/09/20 09:26:25.510, 4, 237.52 W, 37, 2032 MHz, 3996 MHz, 0 %, 0 %
2026/09/20 09:26:25.510, 5, 231.79 W, 34, 2032 MHz, 3996 MHz, 2 %, 0 %
2026/09/20 09:26:25.510, 6, 230.68 W, 31, 2032 MHz, 3996 MHz, 7 %, 0 %
2026/09/20 09:26:25.510, 7, 235.74 W, 31, 2032 MHz, 3996 MHz, 1 %, 0 %
2026/09/20 09:26:26.510, 0, 232.21 W, 36, 2032 MHz, 3996 MHz, 6 %, 0 %
2026/09/20 09:26:26.510, 1, 235.77 W, 38, 2032 MHz, 3996 MHz, 2 %, 0 %
2026/09/20 09:26:26.511, 2, 226.60 W, 31, 2032 MHz, 3996 MHz, 0 %, 0 %
2026/09/20 09:26:26.511, 3, 230.93 W, 31, 2032 MHz, 3996 MHz, 5 %, 0 %
2026/09/20 09:26:26.511, 4, 237.52 W, 37, 2032 MHz, 3996 MHz, 8 %, 0 %
2026/09/20 09:26:26.511, 5, 231.82 W, 34, 2032 MHz, 3996 MHz, 8 %, 0 %
2026/09/20 09:26:26.511, 6, 230.67 W, 31, 2032 MHz, 3996 MHz, 0 %, 0 %
2026/09/20 09:26:26.511, 7, 235.09 W, 31, 2032 MHz, 3996 MHz, 5 %, 0 %
2026/09/20 09:26:27.511, 0, 233.50 W, 36, 2032 MHz, 3996 MHz, 6 %, 0 %
2026/09/20 09:26:27.511, 1, 235.76 W, 38, 2032 MHz, 3996 MHz, 4 %, 0 %
2026/09/20 09:26:27.511, 2, 226.59 W, 31, 2032 MHz, 3996 MHz, 10 %, 0 %
2026/09/20 09:26:27.511, 3, 231.15 W, 31, 2032 MHz, 3996 MHz, 6 %, 0 %
2026/09/20 09:26:27.511, 4, 237.63 W, 37, 2032 MHz, 3996 MHz, 4 %, 0 %
2026/09/20 09:26:27.511, 5, 231.83 W, 34, 2032 MHz, 3996 MHz, 7 %, 0 %
2026/09/20 09:26:27.511, 6, 230.61 W, 31, 2032 MHz, 3996 MHz, 1 %, 0 %
2026/09/20 09:26:27.511, 7, 235.37 W, 31, 2032 MHz, 3996 MHz, 1 %, 0 %
2026/09/20 09:26:28.511, 0, 233.66 W, 37, 2032 MHz, 3996 MHz, 12 %, 0 %
2026/09/20 09:26:28.511, 1, 235.69 W, 38, 2032 MHz, 3996 MHz, 2 %, 0 %
2026/09/20 09:26:28.511, 2, 227.05 W, 31, 2032 MHz, 3996 MHz, 0 %, 0 %
2026/09/20 09:26:28.511, 3, 230.62 W, 31, 2032 MHz, 3996 MHz, 2 %, 0 %
2026/09/20 09:26:28.511, 4, 237.56 W, 37, 2032 MHz, 3996 MHz, 2 %, 0 %
2026/09/20 09:26:28.511, 5, 231.83 W, 34, 2032 MHz, 3996 MHz, 0 %, 0 %
2026/09/20 09:26:28.511, 6, 229.77 W, 31, 2032 MHz, 3996 MHz, 0 %, 0 %
2026/09/20 09:26:28.511, 7, 235.21 W, 31, 2032 MHz, 3996 MHz, 2 %, 0 %
2026/09/20 09:26:29.512, 0, 233.30 W, 37, 2032 MHz, 3996 MHz, 5 %, 0 %
2026/09/20 09:26:29.512, 1, 235.88 W, 38, 2032 MHz, 3996 MHz, 2 %, 0 %
2026/09/20 09:26:29.512, 2, 227.07 W, 31, 2032 MHz, 3996 MHz, 6 %, 0 %
2026/09/20 09:26:29.512, 3, 231.61 W, 31, 2032 MHz, 3996 MHz, 8 %, 0 %
2026/09/20 09:26:29.512, 4, 237.60 W, 37, 2032 MHz, 3996 MHz, 0 %, 0 %
2026/09/20 09:26:29.512, 5, 231.83 W, 34, 2032 MHz, 3996 MHz, 0 %, 0 %
2026/09/20 09:26:29.512, 6, 229.91 W, 31, 2032 MHz, 3996 MHz, 2 %, 0 %
2026/09/20 09:26:29.512, 7, 236.12 W, 31, 2032 MHz, 3996 MHz, 8 %, 0 %
2026/09/20 09:26:30.512, 0, 233.48 W, 37, 2032 MHz, 3996 MHz, 5 %, 0 %
2026/09/20 09:26:30.512, 1, 235.88 W, 38, 2032 MHz, 3996 MHz, 3 %, 0 %
2026/09/20 09:26:30.512, 2, 226.62 W, 31, 2032 MHz, 3996 MHz, 1 %, 0 %
2026/09/20 09:26:30.512, 3, 231.60 W, 31, 2032 MHz, 3996 MHz, 4 %, 0 %
2026/09/20 09:26:30.512, 4, 237.55 W, 37, 2032 MHz, 3996 MHz, 0 %, 0 %
2026/09/20 09:26:30.512, 5, 231.83 W, 34, 2032 MHz, 3996 MHz, 0 %, 0 %
2026/09/20 09:26:30.512, 6, 230.30 W, 31, 2032 MHz, 3996 MHz, 3 %, 0 %
2026/09/20 09:26:30.512, 7, 235.09 W, 31, 2032 MHz, 3996 MHz, 5 %, 0 %
2026/09/20 09:26:31.512, 0, 232.69 W, 37, 2032 MHz, 3996 MHz, 0 %, 0 %
2026/09/20 09:26:31.512, 1, 235.88 W, 38, 2032 MHz, 3996 MHz, 5 %, 0 %
2026/09/20 09:26:31.512, 2, 225.96 W, 31, 2032 MHz, 3996 MHz, 1 %, 0 %
2026/09/20 09:26:31.512, 3, 231.63 W, 31, 2032 MHz, 3996 MHz, 9 %, 0 %
2026/09/20 09:26:31.512, 4, 237.59 W, 37, 2032 MHz, 3996 MHz, 4 %, 0 %
2026/09/20 09:26:31.513, 5, 231.71 W, 34, 2032 MHz, 3996 MHz, 0 %, 0 %
2026/09/20 09:26:31.513, 6, 229.78 W, 31, 2032 MHz, 3996 MHz, 0 %, 0 %
2026/09/20 09:26:31.513, 7, 236.15 W, 31, 2032 MHz, 3996 MHz, 8 %, 0 %
2026/09/20 09:26:32.513, 0, 233.36 W, 37, 2032 MHz, 3996 MHz, 2 %, 0 %
2026/09/20 09:26:32.513, 1, 235.88 W, 38, 2032 MHz, 3996 MHz, 7 %, 0 %
2026/09/20 09:26:32.513, 2, 226.75 W, 31, 2032 MHz, 3996 MHz, 3 %, 0 %
2026/09/20 09:26:32.513, 3, 230.91 W, 31, 2032 MHz, 3996 MHz, 10 %, 0 %
2026/09/20 09:26:32.513, 4, 237.63 W, 37, 2032 MHz, 3996 MHz, 5 %, 0 %
2026/09/20 09:26:32.513, 5, 231.83 W, 34, 2032 MHz, 3996 MHz, 0 %, 0 %
2026/09/20 09:26:32.513, 6, 230.33 W, 31, 2032 MHz, 3996 MHz, 3 %, 0 %
2026/09/20 09:26:32.513, 7, 235.64 W, 31, 2032 MHz, 3996 MHz, 4 %, 0 %
2026/09/20 09:26:33.513, 0, 232.10 W, 37, 2032 MHz, 3996 MHz, 1 %, 0 %
2026/09/20 09:26:33.513, 1, 235.88 W, 38, 2032 MHz, 3996 MHz, 8 %, 0 %
2026/09/20 09:26:33.513, 2, 227.26 W, 31, 2032 MHz, 3996 MHz, 7 %, 0 %
2026/09/20 09:26:33.513, 3, 231.07 W, 31, 2032 MHz, 3996 MHz, 3 %, 0 %
2026/09/20 09:26:33.513, 4, 237.60 W, 37, 2032 MHz, 3996 MHz, 2 %, 0 %
2026/09/20 09:26:33.513, 5, 231.86 W, 34, 2032 MHz, 3996 MHz, 6 %, 0 %
2026/09/20 09:26:33.513, 6, 230.70 W, 31, 2032 MHz, 3996 MHz, 8 %, 0 %
2026/09/20 09:26:33.513, 7, 235.51 W, 31, 2032 MHz, 3996 MHz, 6 %, 0 %
2026/09/20 09:26:34.513, 0, 232.93 W, 37, 2032 MHz, 3996 MHz, 1 %, 0 %
2026/09/20 09:26:34.513, 1, 235.84 W, 38, 2032 MHz, 3996 MHz, 0 %, 0 %
2026/09/20 09:26:34.514, 2, 226.91 W, 31, 2032 MHz, 3996 MHz, 4 %, 0 %
2026/09/20 09:26:34.514, 3, 231.25 W, 31, 2032 MHz, 3996 MHz, 0 %, 0 %
2026/09/20 09:26:34.514, 4, 237.67 W, 37, 2032 MHz, 3996 MHz, 7 %, 0 %
2026/09/20 09:26:34.514, 5, 231.86 W, 34, 2032 MHz, 3996 MHz, 8 %, 0 %
2026/09/20 09:26:34.514, 6, 230.61 W, 31, 2032 MHz, 3996 MHz, 8 %, 0 %
2026/09/20 09:26:34.514, 7, 235.79 W, 31, 2032 MHz, 3996 MHz, 5 %, 0 %
2026/09/20 09:26:35.514, 0, 233.68 W, 37, 2032 MHz, 3996 MHz, 7 %, 0 %
2026/09/20 09:26:35.514, 1, 235.19 W, 38, 2032 MHz, 3996 MHz, 0 %, 0 %
2026/09/20 09:26:35.514, 2, 227.24 W, 31, 2032 MHz, 3996 MHz, 8 %, 0 %
2026/09/20 09:26:35.514, 3, 230.94 W, 31, 2032 MHz, 3996 MHz, 5 %, 0 %
2026/09/20 09:26:35.514, 4, 237.56 W, 37, 2032 MHz, 3996 MHz, 1 %, 0 %
2026/09/20 09:26:35.514, 5, 231.86 W, 34, 2032 MHz, 3996 MHz, 2 %, 0 %
2026/09/20 09:26:35.514, 6, 230.40 W, 31, 2032 MHz, 3996 MHz, 0 %, 0 %
2026/09/20 09:26:35.514, 7, 234.82 W, 31, 2032 MHz, 3996 MHz, 2 %, 0 %
2026/09/20 09:26:36.514, 0, 233.67 W, 37, 2032 MHz, 3996 MHz, 7 %, 0 %
2026/09/20 09:26:36.514, 1, 235.61 W, 38, 2032 MHz, 3996 MHz, 3 %, 0 %
2026/09/20 09:26:36.514, 2, 226.74 W, 31, 2032 MHz, 3996 MHz, 7 %, 0 %
2026/09/20 09:26:36.514, 3, 231.03 W, 31, 2032 MHz, 3996 MHz, 9 %, 0 %
2026/09/20 09:26:36.514, 4, 237.56 W, 37, 2032 MHz, 3996 MHz, 0 %, 0 %
2026/09/20 09:26:36.514, 5, 231.83 W, 34, 2032 MHz, 3996 MHz, 4 %, 0 %
2026/09/20 09:26:36.514, 6, 230.42 W, 31, 2032 MHz, 3996 MHz, 0 %, 0 %
2026/09/20 09:26:36.514, 7, 235.84 W, 31, 2032 MHz, 3996 MHz, 2 %, 0 %
2026/09/20 09:26:37.515, 0, 233.38 W, 37, 2032 MHz, 3996 MHz, 5 %, 0 %
2026/09/20 09:26:37.515, 1, 235.88 W, 38, 2032 MHz, 3996 MHz, 1 %, 0 %
2026/09/20 09:26:37.515, 2, 225.99 W, 31, 2032 MHz, 3996 MHz, 0 %, 0 %
2026/09/20 09:26:37.515, 3, 231.50 W, 31, 2032 MHz, 3996 MHz, 7 %, 0 %
2026/09/20 09:26:37.515, 4, 237.63 W, 37, 2032 MHz, 3996 MHz, 6 %, 0 %
2026/09/20 09:26:37.515, 5, 231.83 W, 34, 2032 MHz, 3996 MHz, 0 %, 0 %
2026/09/20 09:26:37.515, 6, 230.34 W, 31, 2032 MHz, 3996 MHz, 0 %, 0 %
2026/09/20 09:26:37.515, 7, 235.95 W, 31, 2032 MHz, 3996 MHz, 5 %, 0 %
2026/09/20 09:26:38.515, 0, 233.41 W, 37, 2032 MHz, 3996 MHz, 3 %, 0 %
2026/09/20 09:26:38.515, 1, 235.88 W, 38, 2032 MHz, 3996 MHz, 6 %, 0 %
2026/09/20 09:26:38.515, 2, 226.79 W, 31, 2032 MHz, 3996 MHz, 4 %, 0 %
2026/09/20 09:26:38.515, 3, 231.56 W, 31, 2032 MHz, 3996 MHz, 3 %, 0 %
2026/09/20 09:26:38.515, 4, 238.06 W, 37, 2032 MHz, 3996 MHz, 4 %, 0 %
2026/09/20 09:26:38.515, 5, 231.82 W, 34, 2032 MHz, 3996 MHz, 4 %, 0 %
2026/09/20 09:26:38.515, 6, 229.56 W, 31, 2032 MHz, 3996 MHz, 4 %, 0 %
2026/09/20 09:26:38.515, 7, 235.81 W, 31, 2032 MHz, 3996 MHz, 4 %, 0 %
2026/09/20 09:26:39.515, 0, 233.18 W, 37, 2032 MHz, 3996 MHz, 1 %, 0 %
2026/09/20 09:26:39.515, 1, 235.92 W, 38, 2032 MHz, 3996 MHz, 4 %, 0 %
2026/09/20 09:26:39.515, 2, 226.41 W, 31, 2032 MHz, 3996 MHz, 4 %, 0 %
2026/09/20 09:26:39.515, 3, 231.61 W, 31, 2032 MHz, 3996 MHz, 7 %, 0 %
2026/09/20 09:26:39.515, 4, 237.87 W, 37, 2032 MHz, 3996 MHz, 4 %, 0 %
2026/09/20 09:26:39.516, 5, 231.83 W, 34, 2032 MHz, 3996 MHz, 2 %, 0 %
2026/09/20 09:26:39.516, 6, 230.65 W, 31, 2032 MHz, 3996 MHz, 7 %, 0 %
2026/09/20 09:26:39.516, 7, 235.56 W, 31, 2032 MHz, 3996 MHz, 3 %, 0 %
2026/09/20 09:26:40.516, 0, 232.36 W, 37, 2032 MHz, 3996 MHz, 0 %, 0 %
2026/09/20 09:26:40.516, 1, 235.92 W, 38, 2032 MHz, 3996 MHz, 6 %, 0 %
2026/09/20 09:26:40.516, 2, 227.31 W, 31, 2032 MHz, 3996 MHz, 12 %, 0 %
2026/09/20 09:26:40.516, 3, 231.51 W, 31, 2032 MHz, 3996 MHz, 1 %, 0 %
2026/09/20 09:26:40.516, 4, 237.71 W, 37, 2032 MHz, 3996 MHz, 7 %, 0 %
2026/09/20 09:26:40.516, 5, 231.82 W, 35, 2032 MHz, 3996 MHz, 4 %, 0 %
2026/09/20 09:26:40.516, 6, 230.75 W, 31, 2032 MHz, 3996 MHz, 8 %, 0 %
2026/09/20 09:26:40.516, 7, 235.51 W, 31, 2032 MHz, 3996 MHz, 5 %, 0 %
2026/09/20 09:26:41.516, 0, 232.85 W, 37, 2032 MHz, 3996 MHz, 5 %, 0 %
2026/09/20 09:26:41.516, 1, 235.88 W, 38, 2032 MHz, 3996 MHz, 0 %, 0 %
2026/09/20 09:26:41.516, 2, 226.86 W, 31, 2032 MHz, 3996 MHz, 2 %, 0 %
2026/09/20 09:26:41.516, 3, 231.52 W, 31, 2032 MHz, 3996 MHz, 5 %, 0 %
2026/09/20 09:26:41.516, 4, 237.86 W, 37, 2032 MHz, 3996 MHz, 3 %, 0 %
2026/09/20 09:26:41.516, 5, 231.87 W, 35, 2032 MHz, 3996 MHz, 8 %, 0 %
2026/09/20 09:26:41.516, 6, 230.68 W, 31, 2032 MHz, 3996 MHz, 6 %, 0 %
2026/09/20 09:26:41.516, 7, 234.85 W, 31, 2032 MHz, 3996 MHz, 0 %, 0 %
2026/09/20 09:26:42.516, 0, 233.12 W, 37, 2032 MHz, 3996 MHz, 8 %, 0 %
2026/09/20 09:26:42.517, 1, 235.65 W, 38, 2032 MHz, 3996 MHz, 3 %, 0 %
2026/09/20 09:26:42.517, 2, 227.17 W, 31, 2032 MHz, 3996 MHz, 11 %, 0 %
2026/09/20 09:26:42.517, 3, 230.60 W, 31, 2032 MHz, 3996 MHz, 0 %, 0 %
2026/09/20 09:26:42.517, 4, 237.60 W, 37, 2032 MHz, 3996 MHz, 2 %, 0 %
2026/09/20 09:26:42.517, 5, 231.94 W, 35, 2032 MHz, 3996 MHz, 8 %, 0 %
2026/09/20 09:26:42.517, 6, 230.53 W, 31, 2032 MHz, 3996 MHz, 8 %, 0 %
2026/09/20 09:26:42.517, 7, 235.16 W, 31, 2032 MHz, 3996 MHz, 2 %, 0 %
2026/09/20 09:26:43.517, 0, 233.00 W, 37, 2032 MHz, 3996 MHz, 12 %, 0 %
2026/09/20 09:26:43.517, 1, 235.88 W, 38, 2032 MHz, 3996 MHz, 2 %, 0 %
2026/09/20 09:26:43.517, 2, 226.14 W, 31, 2032 MHz, 3996 MHz, 9 %, 0 %
2026/09/20 09:26:43.517, 3, 230.84 W, 31, 2032 MHz, 3996 MHz, 8 %, 0 %
2026/09/20 09:26:43.517, 4, 237.52 W, 37, 2032 MHz, 3996 MHz, 0 %, 0 %
2026/09/20 09:26:43.517, 5, 231.98 W, 35, 2032 MHz, 3996 MHz, 4 %, 0 %
2026/09/20 09:26:43.517, 6, 230.64 W, 31, 2032 MHz, 3996 MHz, 8 %, 0 %
2026/09/20 09:26:43.517, 7, 235.91 W, 31, 2032 MHz, 3996 MHz, 8 %, 0 %
2026/09/20 09:26:44.517, 0, 233.65 W, 37, 2032 MHz, 3996 MHz, 8 %, 0 %
2026/09/20 09:26:44.517, 1, 235.80 W, 38, 2032 MHz, 3996 MHz, 0 %, 0 %
2026/09/20 09:26:44.517, 2, 227.07 W, 31, 2032 MHz, 3996 MHz, 7 %, 0 %
2026/09/20 09:26:44.517, 3, 230.82 W, 31, 2032 MHz, 3996 MHz, 0 %, 0 %
2026/09/20 09:26:44.517, 4, 237.71 W, 37, 2032 MHz, 3996 MHz, 2 %, 0 %
2026/09/20 09:26:44.517, 5, 231.83 W, 35, 2032 MHz, 3996 MHz, 0 %, 0 %
2026/09/20 09:26:44.517, 6, 229.85 W, 31, 2032 MHz, 3996 MHz, 0 %, 0 %
2026/09/20 09:26:44.517, 7, 235.93 W, 31, 2032 MHz, 3996 MHz, 5 %, 0 %
2026/09/20 09:26:45.518, 0, 233.73 W, 37, 2032 MHz, 3996 MHz, 3 %, 0 %
2026/09/20 09:26:45.518, 1, 235.88 W, 38, 2032 MHz, 3996 MHz, 1 %, 0 %
2026/09/20 09:26:45.518, 2, 226.33 W, 31, 2032 MHz, 3996 MHz, 0 %, 0 %
2026/09/20 09:26:45.518, 3, 231.57 W, 31, 2032 MHz, 3996 MHz, 2 %, 0 %
2026/09/20 09:26:45.518, 4, 237.71 W, 37, 2032 MHz, 3996 MHz, 8 %, 0 %
2026/09/20 09:26:45.518, 5, 231.83 W, 35, 2032 MHz, 3996 MHz, 2 %, 0 %
2026/09/20 09:26:45.518, 6, 229.09 W, 31, 2032 MHz, 3996 MHz, 7 %, 0 %
2026/09/20 09:26:45.518, 7, 235.93 W, 31, 2032 MHz, 3996 MHz, 2 %, 0 %
2026/09/20 09:26:46.518, 0, 233.33 W, 37, 2032 MHz, 3996 MHz, 5 %, 0 %
2026/09/20 09:26:46.518, 1, 235.84 W, 38, 2032 MHz, 3996 MHz, 3 %, 0 %
2026/09/20 09:26:46.518, 2, 226.44 W, 31, 2032 MHz, 3996 MHz, 1 %, 0 %
2026/09/20 09:26:46.518, 3, 231.57 W, 31, 2032 MHz, 3996 MHz, 4 %, 0 %
2026/09/20 09:26:46.518, 4, 237.79 W, 37, 2032 MHz, 3996 MHz, 7 %, 0 %
2026/09/20 09:26:46.518, 5, 231.83 W, 35, 2032 MHz, 3996 MHz, 8 %, 0 %
2026/09/20 09:26:46.518, 6, 230.03 W, 31, 2032 MHz, 3996 MHz, 8 %, 0 %
2026/09/20 09:26:46.518, 7, 235.58 W, 31, 2032 MHz, 3996 MHz, 0 %, 0 %
2026/09/20 09:26:47.518, 0, 233.35 W, 37, 2032 MHz, 3996 MHz, 0 %, 0 %
2026/09/20 09:26:47.518, 1, 235.92 W, 38, 2032 MHz, 3996 MHz, 4 %, 0 %
2026/09/20 09:26:47.518, 2, 227.24 W, 31, 2032 MHz, 3996 MHz, 5 %, 0 %
2026/09/20 09:26:47.518, 3, 231.70 W, 31, 2032 MHz, 3996 MHz, 6 %, 0 %
2026/09/20 09:26:47.518, 4, 238.14 W, 37, 2032 MHz, 3996 MHz, 9 %, 0 %
2026/09/20 09:26:47.518, 5, 232.02 W, 35, 2032 MHz, 3996 MHz, 7 %, 0 %
2026/09/20 09:26:47.519, 6, 230.71 W, 31, 2032 MHz, 3996 MHz, 5 %, 0 %
2026/09/20 09:26:47.519, 7, 235.91 W, 31, 2032 MHz, 3996 MHz, 6 %, 0 %
2026/09/20 09:26:48.519, 0, 232.51 W, 37, 2032 MHz, 3996 MHz, 0 %, 0 %
2026/09/20 09:26:48.519, 1, 235.92 W, 38, 2032 MHz, 3996 MHz, 9 %, 0 %
2026/09/20 09:26:48.519, 2, 226.43 W, 31, 2032 MHz, 3996 MHz, 0 %, 0 %
2026/09/20 09:26:48.519, 3, 231.70 W, 31, 2032 MHz, 3996 MHz, 6 %, 0 %
2026/09/20 09:26:48.519, 4, 238.36 W, 37, 2032 MHz, 3996 MHz, 2 %, 0 %
2026/09/20 09:26:48.519, 5, 232.13 W, 35, 2032 MHz, 3996 MHz, 8 %, 0 %
2026/09/20 09:26:48.519, 6, 230.66 W, 31, 2032 MHz, 3996 MHz, 2 %, 0 %
2026/09/20 09:26:48.519, 7, 235.05 W, 31, 2032 MHz, 3996 MHz, 0 %, 0 %
2026/09/20 09:26:49.519, 0, 232.68 W, 37, 2032 MHz, 3996 MHz, 6 %, 0 %
2026/09/20 09:26:49.519, 1, 235.76 W, 38, 2032 MHz, 3996 MHz, 0 %, 0 %
2026/09/20 09:26:49.519, 2, 226.25 W, 31, 2032 MHz, 3996 MHz, 3 %, 0 %
2026/09/20 09:26:49.519, 3, 231.53 W, 31, 2032 MHz, 3996 MHz, 11 %, 0 %
2026/09/20 09:26:49.519, 4, 238.10 W, 37, 2032 MHz, 3996 MHz, 2 %, 0 %
2026/09/20 09:26:49.519, 5, 232.10 W, 35, 2032 MHz, 3996 MHz, 6 %, 0 %
2026/09/20 09:26:49.519, 6, 230.73 W, 31, 2032 MHz, 3996 MHz, 6 %, 0 %
2026/09/20 09:26:49.519, 7, 234.78 W, 31, 2032 MHz, 3996 MHz, 1 %, 0 %
2026/09/20 09:26:50.519, 0, 233.10 W, 37, 2032 MHz, 3996 MHz, 9 %, 0 %
2026/09/20 09:26:50.519, 1, 235.54 W, 38, 2032 MHz, 3996 MHz, 11 %, 0 %
2026/09/20 09:26:50.519, 2, 227.38 W, 31, 2032 MHz, 3996 MHz, 6 %, 0 %
2026/09/20 09:26:50.519, 3, 231.24 W, 31, 2032 MHz, 3996 MHz, 0 %, 0 %
2026/09/20 09:26:50.519, 4, 238.34 W, 37, 2032 MHz, 3996 MHz, 8 %, 0 %
2026/09/20 09:26:50.519, 5, 231.98 W, 35, 2032 MHz, 3996 MHz, 8 %, 0 %
2026/09/20 09:26:50.519, 6, 230.56 W, 31, 2032 MHz, 3996 MHz, 2 %, 0 %
2026/09/20 09:26:50.519, 7, 235.56 W, 31, 2032 MHz, 3996 MHz, 2 %, 0 %
2026/09/20 09:26:51.519, 0, 233.39 W, 37, 2032 MHz, 3996 MHz, 2 %, 0 %
2026/09/20 09:26:51.519, 1, 235.88 W, 38, 2032 MHz, 3996 MHz, 5 %, 0 %
2026/09/20 09:26:51.519, 2, 227.08 W, 31, 2032 MHz, 3996 MHz, 4 %, 0 %
2026/09/20 09:26:51.520, 3, 231.25 W, 31, 2032 MHz, 3996 MHz, 2 %, 0 %
2026/09/20 09:26:51.520, 4, 238.34 W, 37, 2032 MHz, 3996 MHz, 2 %, 0 %
2026/09/20 09:26:51.520, 5, 231.95 W, 35, 2032 MHz, 3996 MHz, 0 %, 0 %
2026/09/20 09:26:51.520, 6, 230.38 W, 31, 2032 MHz, 3996 MHz, 0 %, 0 %
2026/09/20 09:26:51.520, 7, 235.04 W, 31, 2032 MHz, 3996 MHz, 0 %, 0 %
2026/09/20 09:26:52.520, 0, 233.36 W, 37, 2032 MHz, 3996 MHz, 1 %, 0 %
2026/09/20 09:26:52.520, 1, 235.88 W, 38, 2032 MHz, 3996 MHz, 1 %, 0 %
2026/09/20 09:26:52.520, 2, 226.80 W, 31, 2032 MHz, 3996 MHz, 3 %, 0 %
2026/09/20 09:26:52.520, 3, 231.18 W, 31, 2032 MHz, 3996 MHz, 0 %, 0 %
2026/09/20 09:26:52.520, 4, 238.43 W, 37, 2032 MHz, 3996 MHz, 7 %, 0 %
2026/09/20 09:26:52.520, 5, 231.79 W, 35, 2032 MHz, 3996 MHz, 2 %, 0 %
2026/09/20 09:26:52.520, 6, 229.43 W, 31, 2032 MHz, 3996 MHz, 0 %, 0 %
2026/09/20 09:26:52.520, 7, 235.68 W, 31, 2032 MHz, 3996 MHz, 7 %, 0 %
2026/09/20 09:26:53.520, 0, 232.63 W, 37, 2032 MHz, 3996 MHz, 0 %, 0 %
2026/09/20 09:26:53.520, 1, 235.88 W, 38, 2032 MHz, 3996 MHz, 3 %, 0 %
2026/09/20 09:26:53.520, 2, 226.48 W, 31, 2032 MHz, 3996 MHz, 2 %, 0 %
2026/09/20 09:26:53.520, 3, 231.38 W, 31, 2032 MHz, 3996 MHz, 2 %, 0 %
2026/09/20 09:26:53.520, 4, 238.34 W, 37, 2032 MHz, 3996 MHz, 9 %, 0 %
2026/09/20 09:26:53.520, 5, 231.83 W, 35, 2032 MHz, 3996 MHz, 0 %, 0 %
2026/09/20 09:26:53.520, 6, 230.66 W, 31, 2032 MHz, 3996 MHz, 6 %, 0 %
2026/09/20 09:26:53.520, 7, 236.01 W, 31, 2032 MHz, 3996 MHz, 8 %, 0 %
2026/09/20 09:26:54.520, 0, 232.74 W, 37, 2032 MHz, 3996 MHz, 12 %, 0 %
2026/09/20 09:26:54.520, 1, 235.80 W, 38, 2032 MHz, 3996 MHz, 6 %, 0 %
2026/09/20 09:26:54.520, 2, 226.37 W, 31, 2032 MHz, 3996 MHz, 1 %, 0 %
2026/09/20 09:26:54.520, 3, 231.46 W, 31, 2032 MHz, 3996 MHz, 2 %, 0 %
2026/09/20 09:26:54.520, 4, 238.55 W, 37, 2032 MHz, 3996 MHz, 8 %, 0 %
2026/09/20 09:26:54.520, 5, 232.06 W, 35, 2032 MHz, 3996 MHz, 2 %, 0 %
2026/09/20 09:26:54.520, 6, 230.43 W, 31, 2032 MHz, 3996 MHz, 2 %, 0 %
2026/09/20 09:26:54.520, 7, 236.15 W, 31, 2032 MHz, 3996 MHz, 4 %, 0 %
2026/09/20 09:26:55.521, 0, 233.60 W, 37, 2032 MHz, 3996 MHz, 10 %, 0 %
2026/09/20 09:26:55.521, 1, 235.88 W, 38, 2032 MHz, 3996 MHz, 9 %, 0 %
2026/09/20 09:26:55.521, 2, 226.62 W, 31, 2032 MHz, 3996 MHz, 6 %, 0 %
2026/09/20 09:26:55.521, 3, 231.61 W, 31, 2032 MHz, 3996 MHz, 5 %, 0 %
2026/09/20 09:26:55.521, 4, 238.32 W, 37, 2032 MHz, 3996 MHz, 7 %, 0 %
2026/09/20 09:26:55.521, 5, 231.95 W, 35, 2032 MHz, 3996 MHz, 7 %, 0 %
2026/09/20 09:26:55.521, 6, 230.46 W, 31, 2032 MHz, 3996 MHz, 7 %, 0 %
2026/09/20 09:26:55.521, 7, 236.20 W, 31, 2032 MHz, 3996 MHz, 4 %, 0 %
2026/09/20 09:26:56.521, 0, 233.76 W, 37, 2032 MHz, 3996 MHz, 8 %, 0 %
2026/09/20 09:26:56.521, 1, 235.92 W, 38, 2032 MHz, 3996 MHz, 9 %, 0 %
2026/09/20 09:26:56.521, 2, 227.42 W, 31, 2032 MHz, 3996 MHz, 8 %, 0 %
2026/09/20 09:26:56.521, 3, 231.52 W, 31, 2032 MHz, 3996 MHz, 2 %, 0 %
2026/09/20 09:26:56.521, 4, 238.57 W, 37, 2032 MHz, 3996 MHz, 8 %, 0 %
2026/09/20 09:26:56.521, 5, 232.25 W, 35, 2032 MHz, 3996 MHz, 8 %, 0 %
2026/09/20 09:26:56.521, 6, 230.73 W, 31, 2032 MHz, 3996 MHz, 9 %, 0 %
2026/09/20 09:26:56.521, 7, 236.19 W, 31, 2032 MHz, 3996 MHz, 7 %, 0 %
2026/09/20 09:26:57.521, 0, 233.73 W, 37, 2032 MHz, 3996 MHz, 10 %, 0 %
2026/09/20 09:26:57.521, 1, 235.92 W, 38, 2032 MHz, 3996 MHz, 10 %, 0 %
2026/09/20 09:26:57.521, 2, 227.34 W, 31, 2032 MHz, 3996 MHz, 2 %, 0 %
2026/09/20 09:26:57.521, 3, 231.58 W, 31, 2032 MHz, 3996 MHz, 3 %, 0 %
2026/09/20 09:26:57.521, 4, 238.47 W, 37, 2032 MHz, 3996 MHz, 2 %, 0 %
2026/09/20 09:26:57.521, 5, 232.22 W, 35, 2032 MHz, 3996 MHz, 9 %, 0 %
2026/09/20 09:26:57.521, 6, 230.76 W, 31, 2032 MHz, 3996 MHz, 7 %, 0 %
2026/09/20 09:26:57.521, 7, 236.20 W, 31, 2032 MHz, 3996 MHz, 8 %, 0 %
2026/09/20 09:26:58.521, 0, 234.90 W, 37, 2032 MHz, 3996 MHz, 7 %, 1 %
2026/09/20 09:26:58.521, 1, 235.92 W, 38, 2032 MHz, 3996 MHz, 12 %, 0 %
2026/09/20 09:26:58.521, 2, 227.42 W, 31, 2032 MHz, 3996 MHz, 11 %, 0 %
2026/09/20 09:26:58.521, 3, 231.52 W, 31, 2032 MHz, 3996 MHz, 8 %, 0 %
2026/09/20 09:26:58.522, 4, 238.55 W, 37, 2032 MHz, 3996 MHz, 5 %, 0 %
2026/09/20 09:26:58.522, 5, 232.22 W, 35, 2032 MHz, 3996 MHz, 5 %, 0 %
2026/09/20 09:26:58.522, 6, 230.74 W, 31, 2032 MHz, 3996 MHz, 3 %, 0 %
2026/09/20 09:26:58.522, 7, 236.07 W, 31, 2032 MHz, 3996 MHz, 6 %, 0 %
2026/09/20 09:26:59.522, 0, 273.81 W, 39, 2032 MHz, 3996 MHz, 68 %, 10 %
2026/09/20 09:26:59.522, 1, 235.90 W, 38, 2032 MHz, 3996 MHz, 3 %, 0 %
2026/09/20 09:26:59.522, 2, 227.08 W, 31, 2032 MHz, 3996 MHz, 3 %, 0 %
2026/09/20 09:26:59.522, 3, 231.71 W, 31, 2032 MHz, 3996 MHz, 8 %, 0 %
2026/09/20 09:26:59.522, 4, 238.41 W, 37, 2032 MHz, 3996 MHz, 5 %, 0 %
2026/09/20 09:26:59.522, 5, 232.40 W, 35, 2032 MHz, 3996 MHz, 9 %, 0 %
2026/09/20 09:26:59.522, 6, 230.73 W, 31, 2032 MHz, 3996 MHz, 2 %, 0 %
2026/09/20 09:26:59.522, 7, 236.39 W, 31, 2032 MHz, 3996 MHz, 9 %, 0 %
2026/09/20 09:27:00.522, 0, 244.30 W, 37, 2032 MHz, 3996 MHz, 0 %, 0 %
2026/09/20 09:27:00.522, 1, 235.98 W, 38, 2032 MHz, 3996 MHz, 9 %, 0 %
2026/09/20 09:27:00.522, 2, 227.54 W, 31, 2032 MHz, 3996 MHz, 11 %, 0 %
2026/09/20 09:27:00.522, 3, 231.45 W, 31, 2032 MHz, 3996 MHz, 11 %, 0 %
2026/09/20 09:27:00.522, 4, 238.59 W, 37, 2032 MHz, 3996 MHz, 6 %, 0 %
2026/09/20 09:27:00.522, 5, 232.55 W, 35, 2032 MHz, 3996 MHz, 7 %, 0 %
2026/09/20 09:27:00.522, 6, 230.74 W, 31, 2032 MHz, 3996 MHz, 6 %, 0 %
2026/09/20 09:27:00.522, 7, 236.31 W, 31, 2032 MHz, 3996 MHz, 9 %, 0 %
2026/09/20 09:27:01.522, 0, 232.53 W, 37, 2032 MHz, 3996 MHz, 0 %, 0 %
2026/09/20 09:27:01.522, 1, 237.43 W, 38, 2032 MHz, 3996 MHz, 4 %, 1 %
2026/09/20 09:27:01.522, 2, 227.42 W, 31, 2032 MHz, 3996 MHz, 7 %, 0 %
2026/09/20 09:27:01.522, 3, 231.60 W, 31, 2032 MHz, 3996 MHz, 2 %, 0 %
2026/09/20 09:27:01.522, 4, 238.49 W, 37, 2032 MHz, 3996 MHz, 9 %, 0 %
2026/09/20 09:27:01.522, 5, 232.48 W, 35, 2032 MHz, 3996 MHz, 5 %, 0 %
2026/09/20 09:27:01.522, 6, 230.75 W, 31, 2032 MHz, 3996 MHz, 9 %, 0 %
2026/09/20 09:27:01.522, 7, 236.07 W, 31, 2032 MHz, 3996 MHz, 3 %, 0 %
2026/09/20 09:27:02.523, 0, 232.58 W, 37, 2032 MHz, 3996 MHz, 0 %, 0 %
2026/09/20 09:27:02.523, 1, 283.75 W, 39, 2032 MHz, 3996 MHz, 44 %, 7 %
2026/09/20 09:27:02.523, 2, 227.02 W, 31, 2032 MHz, 3996 MHz, 9 %, 0 %
2026/09/20 09:27:02.523, 3, 231.66 W, 31, 2032 MHz, 3996 MHz, 8 %, 0 %
2026/09/20 09:27:02.523, 4, 238.85 W, 37, 2032 MHz, 3996 MHz, 9 %, 0 %
2026/09/20 09:27:02.523, 5, 232.57 W, 35, 2032 MHz, 3996 MHz, 8 %, 0 %
2026/09/20 09:27:02.523, 6, 230.76 W, 31, 2032 MHz, 3996 MHz, 7 %, 0 %
2026/09/20 09:27:02.523, 7, 236.35 W, 31, 2032 MHz, 3996 MHz, 6 %, 0 %
2026/09/20 09:27:03.523, 0, 231.94 W, 37, 2032 MHz, 3996 MHz, 0 %, 0 %
2026/09/20 09:27:03.523, 1, 235.88 W, 38, 2032 MHz, 3996 MHz, 0 %, 0 %
2026/09/20 09:27:03.523, 2, 227.35 W, 31, 2032 MHz, 3996 MHz, 8 %, 0 %
2026/09/20 09:27:03.523, 3, 232.80 W, 31, 2032 MHz, 3996 MHz, 0 %, 0 %
2026/09/20 09:27:03.523, 4, 238.76 W, 37, 2032 MHz, 3996 MHz, 8 %, 0 %
2026/09/20 09:27:03.523, 5, 232.63 W, 35, 2032 MHz, 3996 MHz, 7 %, 0 %
2026/09/20 09:27:03.523, 6, 230.79 W, 31, 2032 MHz, 3996 MHz, 3 %, 0 %
2026/09/20 09:27:03.523, 7, 235.99 W, 31, 2032 MHz, 3996 MHz, 1 %, 0 %
2026/09/20 09:27:04.523, 0, 232.06 W, 37, 2032 MHz, 3996 MHz, 0 %, 0 %
2026/09/20 09:27:04.523, 1, 235.88 W, 38, 2032 MHz, 3996 MHz, 0 %, 0 %
2026/09/20 09:27:04.523, 2, 233.43 W, 31, 2032 MHz, 3996 MHz, 0 %, 0 %
2026/09/20 09:27:04.523, 3, 277.57 W, 32, 2032 MHz, 3996 MHz, 0 %, 0 %
2026/09/20 09:27:04.523, 4, 279.02 W, 40, 2032 MHz, 3996 MHz, 2 %, 0 %
2026/09/20 09:27:04.524, 5, 232.93 W, 35, 2032 MHz, 3996 MHz, 5 %, 0 %
2026/09/20 09:27:04.524, 6, 230.78 W, 31, 2032 MHz, 3996 MHz, 7 %, 0 %
2026/09/20 09:27:04.524, 7, 236.38 W, 31, 2032 MHz, 3996 MHz, 9 %, 0 %
2026/09/20 09:27:05.524, 0, 232.02 W, 37, 2032 MHz, 3996 MHz, 0 %, 0 %
2026/09/20 09:27:05.524, 1, 235.84 W, 38, 2032 MHz, 3996 MHz, 0 %, 0 %
2026/09/20 09:27:05.524, 2, 271.85 W, 32, 2032 MHz, 3996 MHz, 0 %, 0 %
2026/09/20 09:27:05.524, 3, 231.40 W, 31, 2032 MHz, 3996 MHz, 0 %, 0 %
2026/09/20 09:27:05.524, 4, 247.71 W, 38, 2032 MHz, 3996 MHz, 0 %, 0 %
2026/09/20 09:27:05.524, 5, 232.72 W, 35, 2032 MHz, 3996 MHz, 7 %, 0 %
2026/09/20 09:27:05.524, 6, 230.77 W, 31, 2032 MHz, 3996 MHz, 3 %, 0 %
2026/09/20 09:27:05.524, 7, 236.20 W, 31, 2032 MHz, 3996 MHz, 5 %, 0 %
2026/09/20 09:27:06.524, 0, 231.97 W, 37, 2032 MHz, 3996 MHz, 0 %, 0 %
2026/09/20 09:27:06.524, 1, 235.88 W, 38, 2032 MHz, 3996 MHz, 0 %, 0 %
2026/09/20 09:27:06.524, 2, 226.02 W, 31, 2032 MHz, 3996 MHz, 0 %, 0 %
2026/09/20 09:27:06.524, 3, 231.21 W, 31, 2032 MHz, 3996 MHz, 0 %, 0 %
2026/09/20 09:27:06.524, 4, 237.56 W, 37, 2032 MHz, 3996 MHz, 0 %, 0 %
2026/09/20 09:27:06.524, 5, 232.75 W, 35, 2032 MHz, 3996 MHz, 5 %, 0 %
2026/09/20 09:27:06.524, 6, 230.78 W, 31, 2032 MHz, 3996 MHz, 6 %, 0 %
2026/09/20 09:27:06.524, 7, 236.19 W, 31, 2032 MHz, 3996 MHz, 6 %, 0 %
2026/09/20 09:27:07.524, 0, 231.99 W, 37, 2032 MHz, 3996 MHz, 0 %, 0 %
2026/09/20 09:27:07.525, 1, 235.88 W, 38, 2032 MHz, 3996 MHz, 0 %, 0 %
2026/09/20 09:27:07.525, 2, 225.99 W, 31, 2032 MHz, 3996 MHz, 0 %, 0 %
2026/09/20 09:27:07.525, 3, 230.86 W, 31, 2032 MHz, 3996 MHz, 0 %, 0 %
2026/09/20 09:27:07.525, 4, 237.56 W, 37, 2032 MHz, 3996 MHz, 0 %, 0 %
2026/09/20 09:27:07.525, 5, 232.65 W, 35, 2032 MHz, 3996 MHz, 7 %, 0 %
2026/09/20 09:27:07.525, 6, 230.79 W, 31, 2032 MHz, 3996 MHz, 6 %, 0 %
2026/09/20 09:27:07.525, 7, 236.43 W, 31, 2032 MHz, 3996 MHz, 8 %, 0 %
2026/09/20 09:27:08.525, 0, 232.02 W, 37, 2032 MHz, 3996 MHz, 0 %, 0 %
2026/09/20 09:27:08.525, 1, 235.88 W, 38, 2032 MHz, 3996 MHz, 0 %, 0 %
2026/09/20 09:27:08.525, 2, 225.98 W, 31, 2032 MHz, 3996 MHz, 0 %, 0 %
2026/09/20 09:27:08.525, 3, 230.64 W, 31, 2032 MHz, 3996 MHz, 0 %, 0 %
2026/09/20 09:27:08.525, 4, 237.52 W, 37, 2032 MHz, 3996 MHz, 0 %, 0 %
2026/09/20 09:27:08.525, 5, 232.76 W, 35, 2032 MHz, 3996 MHz, 8 %, 0 %
2026/09/20 09:27:08.525, 6, 230.77 W, 31, 2032 MHz, 3996 MHz, 7 %, 0 %
2026/09/20 09:27:08.525, 7, 237.67 W, 31, 2032 MHz, 3996 MHz, 5 %, 1 %
2026/09/20 09:27:09.525, 0, 232.03 W, 37, 2032 MHz, 3996 MHz, 0 %, 0 %
2026/09/20 09:27:09.525, 1, 235.80 W, 38, 2032 MHz, 3996 MHz, 0 %, 0 %
2026/09/20 09:27:09.525, 2, 225.98 W, 31, 2032 MHz, 3996 MHz, 0 %, 0 %
2026/09/20 09:27:09.525, 3, 230.91 W, 31, 2032 MHz, 3996 MHz, 0 %, 0 %
2026/09/20 09:27:09.525, 4, 237.52 W, 37, 2032 MHz, 3996 MHz, 0 %, 0 %
2026/09/20 09:27:09.525, 5, 232.82 W, 35, 2032 MHz, 3996 MHz, 6 %, 0 %
2026/09/20 09:27:09.525, 6, 230.59 W, 31, 2032 MHz, 3996 MHz, 4 %, 0 %
2026/09/20 09:27:09.525, 7, 282.88 W, 33, 2032 MHz, 3996 MHz, 68 %, 10 %
2026/09/20 09:27:10.525, 0, 231.90 W, 37, 2032 MHz, 3996 MHz, 0 %, 0 %
2026/09/20 09:27:10.526, 1, 235.84 W, 38, 2032 MHz, 3996 MHz, 0 %, 0 %
2026/09/20 09:27:10.526, 2, 225.99 W, 31, 2032 MHz, 3996 MHz, 0 %, 0 %
2026/09/20 09:27:10.526, 3, 230.64 W, 31, 2032 MHz, 3996 MHz, 0 %, 0 %
2026/09/20 09:27:10.526, 4, 237.52 W, 37, 2032 MHz, 3996 MHz, 0 %, 0 %
2026/09/20 09:27:10.526, 5, 232.71 W, 35, 2032 MHz, 3996 MHz, 9 %, 0 %
2026/09/20 09:27:10.526, 6, 230.76 W, 31, 2032 MHz, 3996 MHz, 6 %, 0 %
2026/09/20 09:27:10.526, 7, 238.22 W, 32, 2032 MHz, 3996 MHz, 0 %, 0 %
2026/09/20 09:27:11.526, 0, 231.89 W, 37, 2032 MHz, 3996 MHz, 0 %, 0 %
2026/09/20 09:27:11.526, 1, 235.88 W, 38, 2032 MHz, 3996 MHz, 0 %, 0 %
2026/09/20 09:27:11.526, 2, 225.99 W, 31, 2032 MHz, 3996 MHz, 0 %, 0 %
2026/09/20 09:27:11.526, 3, 230.71 W, 31, 2032 MHz, 3996 MHz, 0 %, 0 %
2026/09/20 09:27:11.526, 4, 237.49 W, 37, 2032 MHz, 3996 MHz, 0 %, 0 %
2026/09/20 09:27:11.526, 5, 240.65 W, 35, 2032 MHz, 3996 MHz, 0 %, 0 %
2026/09/20 09:27:11.526, 6, 232.54 W, 31, 2032 MHz, 3996 MHz, 0 %, 0 %
2026/09/20 09:27:11.526, 7, 234.70 W, 31, 2032 MHz, 3996 MHz, 0 %, 0 %
2026/09/20 09:27:12.526, 0, 231.89 W, 37, 2032 MHz, 3996 MHz, 0 %, 0 %
2026/09/20 09:27:12.526, 1, 235.88 W, 38, 2032 MHz, 3996 MHz, 0 %, 0 %
2026/09/20 09:27:12.526, 2, 225.99 W, 31, 2032 MHz, 3996 MHz, 0 %, 0 %
2026/09/20 09:27:12.526, 3, 230.43 W, 31, 2032 MHz, 3996 MHz, 0 %, 0 %
2026/09/20 09:27:12.526, 4, 237.48 W, 37, 2032 MHz, 3996 MHz, 0 %, 0 %
2026/09/20 09:27:12.526, 5, 276.16 W, 35, 2032 MHz, 3996 MHz, 0 %, 0 %
2026/09/20 09:27:12.526, 6, 277.91 W, 31, 2032 MHz, 3996 MHz, 0 %, 0 %
2026/09/20 09:27:12.526, 7, 234.79 W, 31, 2032 MHz, 3996 MHz, 0 %, 0 %
2026/09/20 09:27:13.526, 0, 231.90 W, 37, 2032 MHz, 3996 MHz, 0 %, 0 %
2026/09/20 09:27:13.526, 1, 235.88 W, 38, 2032 MHz, 3996 MHz, 0 %, 0 %
2026/09/20 09:27:13.526, 2, 225.99 W, 31, 2032 MHz, 3996 MHz, 0 %, 0 %
2026/09/20 09:27:13.527, 3, 230.49 W, 31, 2032 MHz, 3996 MHz, 0 %, 0 %
2026/09/20 09:27:13.527, 4, 237.52 W, 37, 2032 MHz, 3996 MHz, 0 %, 0 %
2026/09/20 09:27:13.527, 5, 231.83 W, 35, 2032 MHz, 3996 MHz, 0 %, 0 %
2026/09/20 09:27:13.527, 6, 230.51 W, 31, 2032 MHz, 3996 MHz, 0 %, 0 %
2026/09/20 09:27:13.527, 7, 234.74 W, 31, 2032 MHz, 3996 MHz, 0 %, 0 %
2026/09/20 09:27:14.527, 0, 231.97 W, 37, 2032 MHz, 3996 MHz, 0 %, 0 %
2026/09/20 09:27:14.527, 1, 235.84 W, 38, 2032 MHz, 3996 MHz, 0 %, 0 %
2026/09/20 09:27:14.527, 2, 225.99 W, 31, 2032 MHz, 3996 MHz, 0 %, 0 %
2026/09/20 09:27:14.527, 3, 230.42 W, 31, 2032 MHz, 3996 MHz, 0 %, 0 %
2026/09/20 09:27:14.527, 4, 237.52 W, 37, 2032 MHz, 3996 MHz, 0 %, 0 %
2026/09/20 09:27:14.527, 5, 231.83 W, 35, 2032 MHz, 3996 MHz, 0 %, 0 %
2026/09/20 09:27:14.527, 6, 230.01 W, 31, 2032 MHz, 3996 MHz, 0 %, 0 %
2026/09/20 09:27:14.527, 7, 234.74 W, 31, 2032 MHz, 3996 MHz, 0 %, 0 %
2026/09/20 09:27:15.527, 0, 231.91 W, 37, 2032 MHz, 3996 MHz, 0 %, 0 %
2026/09/20 09:27:15.527, 1, 235.88 W, 38, 2032 MHz, 3996 MHz, 0 %, 0 %
2026/09/20 09:27:15.527, 2, 225.98 W, 31, 2032 MHz, 3996 MHz, 0 %, 0 %
2026/09/20 09:27:15.527, 3, 230.67 W, 31, 2032 MHz, 3996 MHz, 0 %, 0 %
2026/09/20 09:27:15.527, 4, 237.52 W, 37, 2032 MHz, 3996 MHz, 0 %, 0 %
2026/09/20 09:27:15.527, 5, 231.83 W, 35, 2032 MHz, 3996 MHz, 0 %, 0 %
2026/09/20 09:27:15.527, 6, 230.12 W, 31, 2032 MHz, 3996 MHz, 0 %, 0 %
2026/09/20 09:27:15.527, 7, 234.70 W, 31, 2032 MHz, 3996 MHz, 0 %, 0 %
2026/09/20 09:27:16.527, 0, 232.00 W, 37, 2032 MHz, 3996 MHz, 0 %, 0 %
2026/09/20 09:27:16.527, 1, 235.80 W, 38, 2032 MHz, 3996 MHz, 0 %, 0 %
2026/09/20 09:27:16.527, 2, 225.99 W, 31, 2032 MHz, 3996 MHz, 0 %, 0 %
2026/09/20 09:27:16.527, 3, 231.02 W, 31, 2032 MHz, 3996 MHz, 0 %, 0 %
2026/09/20 09:27:16.527, 4, 237.52 W, 37, 2032 MHz, 3996 MHz, 0 %, 0 %
2026/09/20 09:27:16.527, 5, 231.83 W, 35, 2032 MHz, 3996 MHz, 0 %, 0 %
2026/09/20 09:27:16.527, 6, 229.71 W, 31, 2032 MHz, 3996 MHz, 0 %, 0 %
2026/09/20 09:27:16.527, 7, 234.70 W, 31, 2032 MHz, 3996 MHz, 0 %, 0 %
2026/09/20 09:27:17.528, 0, 232.16 W, 37, 2032 MHz, 3996 MHz, 0 %, 0 %
2026/09/20 09:27:17.528, 1, 235.88 W, 38, 2032 MHz, 3996 MHz, 0 %, 0 %
2026/09/20 09:27:17.528, 2, 225.99 W, 31, 2032 MHz, 3996 MHz, 0 %, 0 %
2026/09/20 09:27:17.528, 3, 231.15 W, 31, 2032 MHz, 3996 MHz, 0 %, 0 %
2026/09/20 09:27:17.528, 4, 237.52 W, 37, 2032 MHz, 3996 MHz, 0 %, 0 %
2026/09/20 09:27:17.528, 5, 231.83 W, 35, 2032 MHz, 3996 MHz, 0 %, 0 %
2026/09/20 09:27:17.528, 6, 229.37 W, 31, 2032 MHz, 3996 MHz, 0 %, 0 %
2026/09/20 09:27:17.528, 7, 234.70 W, 31, 2032 MHz, 3996 MHz, 0 %, 0 %
2026/09/20 09:27:18.528, 0, 231.85 W, 37, 2032 MHz, 3996 MHz, 0 %, 0 %
2026/09/20 09:27:18.528, 1, 235.88 W, 38, 2032 MHz, 3996 MHz, 0 %, 0 %
2026/09/20 09:27:18.528, 2, 225.99 W, 31, 2032 MHz, 3996 MHz, 0 %, 0 %
2026/09/20 09:27:18.528, 3, 230.83 W, 31, 2032 MHz, 3996 MHz, 0 %, 0 %
2026/09/20 09:27:18.528, 4, 237.52 W, 37, 2032 MHz, 3996 MHz, 0 %, 0 %
2026/09/20 09:27:18.528, 5, 231.83 W, 35, 2032 MHz, 3996 MHz, 0 %, 0 %
2026/09/20 09:27:18.528, 6, 229.63 W, 31, 2032 MHz, 3996 MHz, 0 %, 0 %
2026/09/20 09:27:18.528, 7, 234.70 W, 31, 2032 MHz, 3996 MHz, 0 %, 0 %
2026/09/20 09:27:19.528, 0, 232.06 W, 37, 2032 MHz, 3996 MHz, 0 %, 0 %
2026/09/20 09:27:19.528, 1, 235.84 W, 38, 2032 MHz, 3996 MHz, 0 %, 0 %
2026/09/20 09:27:19.528, 2, 226.02 W, 31, 2032 MHz, 3996 MHz, 0 %, 0 %
2026/09/20 09:27:19.528, 3, 231.05 W, 31, 2032 MHz, 3996 MHz, 0 %, 0 %
2026/09/20 09:27:19.528, 4, 237.56 W, 37, 2032 MHz, 3996 MHz, 0 %, 0 %
2026/09/20 09:27:19.528, 5, 231.87 W, 35, 2032 MHz, 3996 MHz, 0 %, 0 %
2026/09/20 09:27:19.528, 6, 230.20 W, 31, 2032 MHz, 3996 MHz, 0 %, 0 %
2026/09/20 09:27:19.528, 7, 234.78 W, 31, 2032 MHz, 3996 MHz, 0 %, 0 %
2026/09/20 09:27:20.528, 0, 231.89 W, 37, 2032 MHz, 3996 MHz, 0 %, 0 %
2026/09/20 09:27:20.528, 1, 235.92 W, 38, 2032 MHz, 3996 MHz, 0 %, 0 %
2026/09/20 09:27:20.528, 2, 225.99 W, 31, 2032 MHz, 3996 MHz, 0 %, 0 %
2026/09/20 09:27:20.528, 3, 230.78 W, 31, 2032 MHz, 3996 MHz, 0 %, 0 %
2026/09/20 09:27:20.528, 4, 237.52 W, 38, 2032 MHz, 3996 MHz, 0 %, 0 %
2026/09/20 09:27:20.528, 5, 231.83 W, 35, 2032 MHz, 3996 MHz, 0 %, 0 %
2026/09/20 09:27:20.528, 6, 229.52 W, 31, 2032 MHz, 3996 MHz, 0 %, 0 %
2026/09/20 09:27:20.528, 7, 234.70 W, 31, 2032 MHz, 3996 MHz, 0 %, 0 %
2026/09/20 09:27:21.528, 0, 231.90 W, 37, 2032 MHz, 3996 MHz, 0 %, 0 %
2026/09/20 09:27:21.528, 1, 235.88 W, 38, 2032 MHz, 3996 MHz, 0 %, 0 %
2026/09/20 09:27:21.528, 2, 225.99 W, 31, 2032 MHz, 3996 MHz, 0 %, 0 %
2026/09/20 09:27:21.528, 3, 231.08 W, 31, 2032 MHz, 3996 MHz, 0 %, 0 %
2026/09/20 09:27:21.528, 4, 237.52 W, 37, 2032 MHz, 3996 MHz, 0 %, 0 %
2026/09/20 09:27:21.528, 5, 231.83 W, 35, 2032 MHz, 3996 MHz, 0 %, 0 %
2026/09/20 09:27:21.528, 6, 229.21 W, 31, 2032 MHz, 3996 MHz, 0 %, 0 %
2026/09/20 09:27:21.528, 7, 234.70 W, 31, 2032 MHz, 3996 MHz, 0 %, 0 %
2026/09/20 09:27:22.529, 0, 231.86 W, 37, 2032 MHz, 3996 MHz, 0 %, 0 %
2026/09/20 09:27:22.529, 1, 235.80 W, 38, 2032 MHz, 3996 MHz, 0 %, 0 %
2026/09/20 09:27:22.529, 2, 225.98 W, 31, 2032 MHz, 3996 MHz, 0 %, 0 %
2026/09/20 09:27:22.529, 3, 230.40 W, 31, 2032 MHz, 3996 MHz, 0 %, 0 %
2026/09/20 09:27:22.529, 4, 237.52 W, 38, 2032 MHz, 3996 MHz, 0 %, 0 %
2026/09/20 09:27:22.529, 5, 231.83 W, 35, 2032 MHz, 3996 MHz, 0 %, 0 %
2026/09/20 09:27:22.529, 6, 229.14 W, 31, 2032 MHz, 3996 MHz, 0 %, 0 %
2026/09/20 09:27:22.529, 7, 234.70 W, 31, 2032 MHz, 3996 MHz, 0 %, 0 %
2026/09/20 09:27:23.529, 0, 231.86 W, 37, 2032 MHz, 3996 MHz, 0 %, 0 %
2026/09/20 09:27:23.529, 1, 235.80 W, 38, 2032 MHz, 3996 MHz, 0 %, 0 %
2026/09/20 09:27:23.529, 2, 225.99 W, 31, 2032 MHz, 3996 MHz, 0 %, 0 %
2026/09/20 09:27:23.529, 3, 230.51 W, 31, 2032 MHz, 3996 MHz, 0 %, 0 %
2026/09/20 09:27:23.529, 4, 237.52 W, 38, 2032 MHz, 3996 MHz, 0 %, 0 %
2026/09/20 09:27:23.529, 5, 231.83 W, 35, 2032 MHz, 3996 MHz, 0 %, 0 %
2026/09/20 09:27:23.529, 6, 229.22 W, 31, 2032 MHz, 3996 MHz, 0 %, 0 %
2026/09/20 09:27:23.529, 7, 234.70 W, 31, 2032 MHz, 3996 MHz, 0 %, 0 %
2026/09/20 09:27:24.529, 0, 231.87 W, 37, 2032 MHz, 3996 MHz, 0 %, 0 %
2026/09/20 09:27:24.529, 1, 235.73 W, 38, 2032 MHz, 3996 MHz, 0 %, 0 %
2026/09/20 09:27:24.529, 2, 225.99 W, 31, 2032 MHz, 3996 MHz, 0 %, 0 %
2026/09/20 09:27:24.529, 3, 230.30 W, 31, 2032 MHz, 3996 MHz, 0 %, 0 %
2026/09/20 09:27:24.529, 4, 237.52 W, 38, 2032 MHz, 3996 MHz, 0 %, 0 %
2026/09/20 09:27:24.529, 5, 231.83 W, 35, 2032 MHz, 3996 MHz, 0 %, 0 %
2026/09/20 09:27:24.529, 6, 229.14 W, 31, 2032 MHz, 3996 MHz, 0 %, 0 %
2026/09/20 09:27:24.529, 7, 234.70 W, 31, 2032 MHz, 3996 MHz, 0 %, 0 %
2026/09/20 09:27:25.529, 0, 231.88 W, 37, 2032 MHz, 3996 MHz, 0 %, 0 %
2026/09/20 09:27:25.529, 1, 235.69 W, 38, 2032 MHz, 3996 MHz, 0 %, 0 %
2026/09/20 09:27:25.529, 2, 225.98 W, 31, 2032 MHz, 3996 MHz, 0 %, 0 %
2026/09/20 09:27:25.529, 3, 230.28 W, 31, 2032 MHz, 3996 MHz, 0 %, 0 %
2026/09/20 09:27:25.529, 4, 237.52 W, 38, 2032 MHz, 3996 MHz, 0 %, 0 %
2026/09/20 09:27:25.529, 5, 231.83 W, 35, 2032 MHz, 3996 MHz, 0 %, 0 %
2026/09/20 09:27:25.529, 6, 229.22 W, 31, 2032 MHz, 3996 MHz, 0 %, 0 %
2026/09/20 09:27:25.529, 7, 234.70 W, 31, 2032 MHz, 3996 MHz, 0 %, 0 %
2026/09/20 09:27:26.529, 0, 231.84 W, 37, 2032 MHz, 3996 MHz, 0 %, 0 %
2026/09/20 09:27:26.529, 1, 235.65 W, 38, 2032 MHz, 3996 MHz, 0 %, 0 %
2026/09/20 09:27:26.529, 2, 225.99 W, 31, 2032 MHz, 3996 MHz, 0 %, 0 %
2026/09/20 09:27:26.529, 3, 230.14 W, 31, 2032 MHz, 3996 MHz, 0 %, 0 %
2026/09/20 09:27:26.529, 4, 237.52 W, 38, 2032 MHz, 3996 MHz, 0 %, 0 %
2026/09/20 09:27:26.529, 5, 231.83 W, 35, 2032 MHz, 3996 MHz, 0 %, 0 %
2026/09/20 09:27:26.529, 6, 229.02 W, 31, 2032 MHz, 3996 MHz, 0 %, 0 %
2026/09/20 09:27:26.529, 7, 234.70 W, 31, 2032 MHz, 3996 MHz, 0 %, 0 %
2026/09/20 09:27:27.530, 0, 231.86 W, 37, 2032 MHz, 3996 MHz, 0 %, 0 %
2026/09/20 09:27:27.530, 1, 235.57 W, 38, 2032 MHz, 3996 MHz, 0 %, 0 %
2026/09/20 09:27:27.530, 2, 225.99 W, 31, 2032 MHz, 3996 MHz, 0 %, 0 %
2026/09/20 09:27:27.530, 3, 230.50 W, 31, 2032 MHz, 3996 MHz, 0 %, 0 %
2026/09/20 09:27:27.530, 4, 237.52 W, 38, 2032 MHz, 3996 MHz, 0 %, 0 %
2026/09/20 09:27:27.530, 5, 231.83 W, 35, 2032 MHz, 3996 MHz, 0 %, 0 %
2026/09/20 09:27:27.530, 6, 229.02 W, 31, 2032 MHz, 3996 MHz, 0 %, 0 %
2026/09/20 09:27:27.530, 7, 234.70 W, 31, 2032 MHz, 3996 MHz, 0 %, 0 %
2026/09/20 09:27:28.530, 0, 231.95 W, 37, 2032 MHz, 3996 MHz, 0 %, 0 %
2026/09/20 09:27:28.530, 1, 235.88 W, 38, 2032 MHz, 3996 MHz, 0 %, 0 %
2026/09/20 09:27:28.530, 2, 229.71 W, 32, 2032 MHz, 3996 MHz, 8 %, 3 %
2026/09/20 09:27:28.530, 3, 230.59 W, 31, 2032 MHz, 3996 MHz, 0 %, 0 %
2026/09/20 09:27:28.530, 4, 237.52 W, 38, 2032 MHz, 3996 MHz, 0 %, 0 %
2026/09/20 09:27:28.530, 5, 231.83 W, 35, 2032 MHz, 3996 MHz, 0 %, 0 %
2026/09/20 09:27:28.530, 6, 232.46 W, 31, 2032 MHz, 3996 MHz, 12 %, 3 %
2026/09/20 09:27:28.530, 7, 234.69 W, 31, 2032 MHz, 3996 MHz, 0 %, 0 %
2026/09/20 09:27:29.530, 0, 236.18 W, 37, 2032 MHz, 3996 MHz, 0 %, 0 %
2026/09/20 09:27:29.530, 1, 235.88 W, 38, 2032 MHz, 3996 MHz, 0 %, 0 %
2026/09/20 09:27:29.530, 2, 226.10 W, 31, 2032 MHz, 3996 MHz, 0 %, 0 %
2026/09/20 09:27:29.530, 3, 230.19 W, 31, 2032 MHz, 3996 MHz, 0 %, 0 %
2026/09/20 09:27:29.530, 4, 237.52 W, 38, 2032 MHz, 3996 MHz, 0 %, 0 %
2026/09/20 09:27:29.530, 5, 231.83 W, 35, 2032 MHz, 3996 MHz, 0 %, 0 %
2026/09/20 09:27:29.530, 6, 230.75 W, 31, 2032 MHz, 3996 MHz, 0 %, 0 %
2026/09/20 09:27:29.530, 7, 234.70 W, 31, 2032 MHz, 3996 MHz, 0 %, 0 %
2026/09/20 09:27:30.530, 0, 231.84 W, 37, 2032 MHz, 3996 MHz, 0 %, 0 %
2026/09/20 09:27:30.530, 1, 236.34 W, 38, 2032 MHz, 3996 MHz, 12 %, 0 %
2026/09/20 09:27:30.530, 2, 225.98 W, 31, 2032 MHz, 3996 MHz, 0 %, 0 %
2026/09/20 09:27:30.530, 3, 235.12 W, 31, 2032 MHz, 3996 MHz, 0 %, 0 %
2026/09/20 09:27:30.530, 4, 238.55 W, 38, 2032 MHz, 3996 MHz, 9 %, 0 %
2026/09/20 09:27:30.530, 5, 232.21 W, 35, 2032 MHz, 3996 MHz, 8 %, 0 %
2026/09/20 09:27:30.530, 6, 230.13 W, 31, 2032 MHz, 3996 MHz, 0 %, 0 %
2026/09/20 09:27:30.530, 7, 236.15 W, 31, 2032 MHz, 3996 MHz, 9 %, 0 %
2026/09/20 09:27:31.531, 0, 231.91 W, 37, 2032 MHz, 3996 MHz, 0 %, 0 %
2026/09/20 09:27:31.531, 1, 238.46 W, 38, 2032 MHz, 3996 MHz, 0 %, 0 %
2026/09/20 09:27:31.531, 2, 225.99 W, 31, 2032 MHz, 3996 MHz, 0 %, 0 %
2026/09/20 09:27:31.531, 3, 231.27 W, 31, 2032 MHz, 3996 MHz, 0 %, 0 %
2026/09/20 09:27:31.531, 4, 240.89 W, 38, 2032 MHz, 3996 MHz, 0 %, 0 %
2026/09/20 09:27:31.531, 5, 235.92 W, 35, 2032 MHz, 3996 MHz, 0 %, 0 %
2026/09/20 09:27:31.531, 6, 229.09 W, 31, 2032 MHz, 3996 MHz, 0 %, 0 %
2026/09/20 09:27:31.531, 7, 238.89 W, 31, 2032 MHz, 3996 MHz, 0 %, 0 %
2026/09/20 09:27:32.531, 0, 242.61 W, 37, 2032 MHz, 3996 MHz, 0 %, 0 %
2026/09/20 09:27:32.531, 1, 246.23 W, 38, 2032 MHz, 3996 MHz, 0 %, 0 %
2026/09/20 09:27:32.531, 2, 236.39 W, 31, 2032 MHz, 3996 MHz, 0 %, 0 %
2026/09/20 09:27:32.531, 3, 241.16 W, 31, 2032 MHz, 3996 MHz, 0 %, 0 %
2026/09/20 09:27:32.531, 4, 248.61 W, 38, 2032 MHz, 3996 MHz, 0 %, 0 %
2026/09/20 09:27:32.531, 5, 241.79 W, 35, 2032 MHz, 3996 MHz, 0 %, 0 %
2026/09/20 09:27:32.531, 6, 239.75 W, 31, 2032 MHz, 3996 MHz, 0 %, 0 %
2026/09/20 09:27:32.531, 7, 245.66 W, 31, 2032 MHz, 3996 MHz, 0 %, 0 %
2026/09/20 09:27:33.531, 0, 231.87 W, 37, 2032 MHz, 3996 MHz, 0 %, 0 %
2026/09/20 09:27:33.531, 1, 235.88 W, 38, 2032 MHz, 3996 MHz, 0 %, 0 %
2026/09/20 09:27:33.531, 2, 225.99 W, 31, 2032 MHz, 3996 MHz, 0 %, 0 %
2026/09/20 09:27:33.531, 3, 230.33 W, 31, 2032 MHz, 3996 MHz, 0 %, 0 %
2026/09/20 09:27:33.531, 4, 237.63 W, 38, 2032 MHz, 3996 MHz, 0 %, 0 %
2026/09/20 09:27:33.531, 5, 231.83 W, 35, 2032 MHz, 3996 MHz, 0 %, 0 %
2026/09/20 09:27:33.531, 6, 229.60 W, 31, 2032 MHz, 3996 MHz, 0 %, 0 %
2026/09/20 09:27:33.531, 7, 234.70 W, 31, 2032 MHz, 3996 MHz, 0 %, 0 %
2026/09/20 09:27:34.531, 0, 232.12 W, 37, 2032 MHz, 3996 MHz, 0 %, 0 %
2026/09/20 09:27:34.531, 1, 235.84 W, 38, 2032 MHz, 3996 MHz, 0 %, 0 %
2026/09/20 09:27:34.531, 2, 226.10 W, 31, 2032 MHz, 3996 MHz, 0 %, 0 %
2026/09/20 09:27:34.531, 3, 230.47 W, 31, 2032 MHz, 3996 MHz, 0 %, 0 %
2026/09/20 09:27:34.531, 4, 237.60 W, 38, 2032 MHz, 3996 MHz, 0 %, 0 %
2026/09/20 09:27:34.531, 5, 231.99 W, 35, 2032 MHz, 3996 MHz, 0 %, 0 %
2026/09/20 09:27:34.531, 6, 229.51 W, 31, 2032 MHz, 3996 MHz, 0 %, 0 %
2026/09/20 09:27:34.531, 7, 234.89 W, 31, 2032 MHz, 3996 MHz, 0 %, 0 %
2026/09/20 09:27:35.531, 0, 232.27 W, 37, 2032 MHz, 3996 MHz, 0 %, 0 %
2026/09/20 09:27:35.532, 1, 235.84 W, 38, 2032 MHz, 3996 MHz, 0 %, 0 %
2026/09/20 09:27:35.532, 2, 225.98 W, 31, 2032 MHz, 3996 MHz, 1 %, 0 %
2026/09/20 09:27:35.532, 3, 230.18 W, 31, 2032 MHz, 3996 MHz, 1 %, 0 %
2026/09/20 09:27:35.532, 4, 237.60 W, 38, 2032 MHz, 3996 MHz, 1 %, 0 %
2026/09/20 09:27:35.532, 5, 231.91 W, 35, 2032 MHz, 3996 MHz, 1 %, 0 %
2026/09/20 09:27:35.532, 6, 229.77 W, 31, 2032 MHz, 3996 MHz, 1 %, 0 %
2026/09/20 09:27:35.532, 7, 234.78 W, 31, 2032 MHz, 3996 MHz, 1 %, 0 %
2026/09/20 09:27:36.532, 0, 232.17 W, 37, 2032 MHz, 3996 MHz, 0 %, 0 %
2026/09/20 09:27:36.532, 1, 235.92 W, 38, 2032 MHz, 3996 MHz, 0 %, 0 %
2026/09/20 09:27:36.532, 2, 226.10 W, 31, 2032 MHz, 3996 MHz, 0 %, 0 %
2026/09/20 09:27:36.532, 3, 230.26 W, 31, 2032 MHz, 3996 MHz, 0 %, 0 %
2026/09/20 09:27:36.532, 4, 237.75 W, 38, 2032 MHz, 3996 MHz, 0 %, 0 %
2026/09/20 09:27:36.532, 5, 231.91 W, 35, 2032 MHz, 3996 MHz, 0 %, 0 %
2026/09/20 09:27:36.532, 6, 229.90 W, 31, 2032 MHz, 3996 MHz, 0 %, 0 %
2026/09/20 09:27:36.532, 7, 234.78 W, 31, 2032 MHz, 3996 MHz, 0 %, 0 %
2026/09/20 09:27:37.532, 0, 231.88 W, 37, 2032 MHz, 3996 MHz, 0 %, 0 %
2026/09/20 09:27:37.532, 1, 235.88 W, 38, 2032 MHz, 3996 MHz, 0 %, 0 %
2026/09/20 09:27:37.532, 2, 225.99 W, 31, 2032 MHz, 3996 MHz, 0 %, 0 %
2026/09/20 09:27:37.532, 3, 230.36 W, 31, 2032 MHz, 3996 MHz, 0 %, 0 %
2026/09/20 09:27:37.532, 4, 237.56 W, 38, 2032 MHz, 3996 MHz, 0 %, 0 %
2026/09/20 09:27:37.532, 5, 231.83 W, 35, 2032 MHz, 3996 MHz, 0 %, 0 %
2026/09/20 09:27:37.532, 6, 229.69 W, 31, 2032 MHz, 3996 MHz, 0 %, 0 %
2026/09/20 09:27:37.532, 7, 234.74 W, 31, 2032 MHz, 3996 MHz, 0 %, 0 %
2026/09/20 09:27:38.532, 0, 232.13 W, 37, 2032 MHz, 3996 MHz, 0 %, 0 %
2026/09/20 09:27:38.532, 1, 235.88 W, 38, 2032 MHz, 3996 MHz, 0 %, 0 %
2026/09/20 09:27:38.532, 2, 226.02 W, 31, 2032 MHz, 3996 MHz, 0 %, 0 %
2026/09/20 09:27:38.532, 3, 231.21 W, 31, 2032 MHz, 3996 MHz, 0 %, 0 %
2026/09/20 09:27:38.532, 4, 237.60 W, 38, 2032 MHz, 3996 MHz, 0 %, 0 %
2026/09/20 09:27:38.532, 5, 231.83 W, 35, 2032 MHz, 3996 MHz, 0 %, 0 %
2026/09/20 09:27:38.532, 6, 229.93 W, 31, 2032 MHz, 3996 MHz, 0 %, 0 %
2026/09/20 09:27:38.532, 7, 234.74 W, 31, 2032 MHz, 3996 MHz, 0 %, 0 %
2026/09/20 09:27:39.532, 0, 232.71 W, 37, 2032 MHz, 3996 MHz, 0 %, 0 %
2026/09/20 09:27:39.532, 1, 235.96 W, 38, 2032 MHz, 3996 MHz, 0 %, 0 %
2026/09/20 09:27:39.532, 2, 226.45 W, 31, 2032 MHz, 3996 MHz, 4 %, 1 %
2026/09/20 09:27:39.532, 3, 231.29 W, 31, 2032 MHz, 3996 MHz, 0 %, 0 %
2026/09/20 09:27:39.532, 4, 238.22 W, 38, 2032 MHz, 3996 MHz, 1 %, 0 %
2026/09/20 09:27:39.532, 5, 232.09 W, 35, 2032 MHz, 3996 MHz, 0 %, 0 %
2026/09/20 09:27:39.532, 6, 230.54 W, 31, 2032 MHz, 3996 MHz, 0 %, 0 %
2026/09/20 09:27:39.532, 7, 234.93 W, 31, 2032 MHz, 3996 MHz, 0 %, 0 %
2026/09/20 09:27:40.533, 0, 253.59 W, 37, 2032 MHz, 3996 MHz, 0 %, 0 %
2026/09/20 09:27:40.533, 1, 257.99 W, 38, 2032 MHz, 3996 MHz, 0 %, 0 %
2026/09/20 09:27:40.533, 2, 247.93 W, 32, 2032 MHz, 3996 MHz, 0 %, 0 %
2026/09/20 09:27:40.533, 3, 253.38 W, 31, 2032 MHz, 3996 MHz, 0 %, 0 %
2026/09/20 09:27:40.533, 4, 261.21 W, 38, 2032 MHz, 3996 MHz, 0 %, 0 %
2026/09/20 09:27:40.533, 5, 254.38 W, 35, 2032 MHz, 3996 MHz, 0 %, 0 %
2026/09/20 09:27:40.533, 6, 250.51 W, 31, 2032 MHz, 3996 MHz, 0 %, 0 %
2026/09/20 09:27:40.533, 7, 257.87 W, 31, 2032 MHz, 3996 MHz, 0 %, 0 %
2026/09/20 09:27:41.533, 0, 233.76 W, 37, 2032 MHz, 3996 MHz, 0 %, 0 %
2026/09/20 09:27:41.533, 1, 235.88 W, 38, 2032 MHz, 3996 MHz, 0 %, 0 %
2026/09/20 09:27:41.533, 2, 226.80 W, 31, 2032 MHz, 3996 MHz, 0 %, 0 %
2026/09/20 09:27:41.533, 3, 231.56 W, 31, 2032 MHz, 3996 MHz, 0 %, 0 %
2026/09/20 09:27:41.533, 4, 239.12 W, 38, 2032 MHz, 3996 MHz, 0 %, 0 %
2026/09/20 09:27:41.533, 5, 233.08 W, 35, 2032 MHz, 3996 MHz, 0 %, 0 %
2026/09/20 09:27:41.533, 6, 230.78 W, 31, 2032 MHz, 3996 MHz, 0 %, 0 %
2026/09/20 09:27:41.533, 7, 236.27 W, 31, 2032 MHz, 3996 MHz, 0 %, 0 %
2026/09/20 09:27:42.533, 0, 233.62 W, 37, 2032 MHz, 3996 MHz, 1 %, 0 %
2026/09/20 09:27:42.533, 1, 235.88 W, 38, 2032 MHz, 3996 MHz, 1 %, 0 %
2026/09/20 09:27:42.533, 2, 227.00 W, 31, 2032 MHz, 3996 MHz, 0 %, 0 %
2026/09/20 09:27:42.533, 3, 231.64 W, 31, 2032 MHz, 3996 MHz, 1 %, 0 %
2026/09/20 09:27:42.533, 4, 239.05 W, 38, 2032 MHz, 3996 MHz, 1 %, 0 %
2026/09/20 09:27:42.533, 5, 232.80 W, 35, 2032 MHz, 3996 MHz, 1 %, 0 %
2026/09/20 09:27:42.533, 6, 230.75 W, 31, 2032 MHz, 3996 MHz, 1 %, 0 %
2026/09/20 09:27:42.533, 7, 235.76 W, 31, 2032 MHz, 3996 MHz, 1 %, 0 %
2026/09/20 09:27:43.533, 0, 232.37 W, 37, 2032 MHz, 3996 MHz, 0 %, 0 %
2026/09/20 09:27:43.533, 1, 235.92 W, 38, 2032 MHz, 3996 MHz, 0 %, 0 %
2026/09/20 09:27:43.533, 2, 226.22 W, 31, 2032 MHz, 3996 MHz, 0 %, 0 %
2026/09/20 09:27:43.533, 3, 230.91 W, 31, 2032 MHz, 3996 MHz, 0 %, 0 %
2026/09/20 09:27:43.533, 4, 237.75 W, 38, 2032 MHz, 3996 MHz, 0 %, 0 %
2026/09/20 09:27:43.533, 5, 231.95 W, 35, 2032 MHz, 3996 MHz, 0 %, 0 %
2026/09/20 09:27:43.533, 6, 229.68 W, 31, 2032 MHz, 3996 MHz, 0 %, 0 %
2026/09/20 09:27:43.533, 7, 234.74 W, 31, 2032 MHz, 3996 MHz, 0 %, 0 %
2026/09/20 09:27:44.533, 0, 232.28 W, 37, 2032 MHz, 3996 MHz, 0 %, 0 %
2026/09/20 09:27:44.533, 1, 235.88 W, 38, 2032 MHz, 3996 MHz, 0 %, 0 %
2026/09/20 09:27:44.533, 2, 226.21 W, 31, 2032 MHz, 3996 MHz, 0 %, 0 %
2026/09/20 09:27:44.533, 3, 230.83 W, 31, 2032 MHz, 3996 MHz, 0 %, 0 %
2026/09/20 09:27:44.534, 4, 237.95 W, 38, 2032 MHz, 3996 MHz, 0 %, 0 %
2026/09/20 09:27:44.534, 5, 232.18 W, 35, 2032 MHz, 3996 MHz, 0 %, 0 %
2026/09/20 09:27:44.534, 6, 230.02 W, 31, 2032 MHz, 3996 MHz, 0 %, 0 %
2026/09/20 09:27:44.534, 7, 234.89 W, 31, 2032 MHz, 3996 MHz, 0 %, 0 %
2026/09/20 09:27:45.534, 0, 232.30 W, 37, 2032 MHz, 3996 MHz, 0 %, 0 %
2026/09/20 09:27:45.534, 1, 235.88 W, 38, 2032 MHz, 3996 MHz, 0 %, 0 %
2026/09/20 09:27:45.534, 2, 226.06 W, 31, 2032 MHz, 3996 MHz, 0 %, 0 %
2026/09/20 09:27:45.534, 3, 231.03 W, 31, 2032 MHz, 3996 MHz, 0 %, 0 %
2026/09/20 09:27:45.534, 4, 237.90 W, 38, 2032 MHz, 3996 MHz, 0 %, 0 %
2026/09/20 09:27:45.534, 5, 232.02 W, 35, 2032 MHz, 3996 MHz, 0 %, 0 %
2026/09/20 09:27:45.534, 6, 230.06 W, 31, 2032 MHz, 3996 MHz, 0 %, 0 %
2026/09/20 09:27:45.534, 7, 234.89 W, 31, 2032 MHz, 3996 MHz, 0 %, 0 %
2026/09/20 09:27:46.534, 0, 232.15 W, 37, 2032 MHz, 3996 MHz, 1 %, 0 %
2026/09/20 09:27:46.534, 1, 235.88 W, 38, 2032 MHz, 3996 MHz, 1 %, 0 %
2026/09/20 09:27:46.534, 2, 226.02 W, 31, 2032 MHz, 3996 MHz, 1 %, 0 %
2026/09/20 09:27:46.534, 3, 230.15 W, 31, 2032 MHz, 3996 MHz, 1 %, 0 %
2026/09/20 09:27:46.534, 4, 237.68 W, 38, 2032 MHz, 3996 MHz, 1 %, 0 %
2026/09/20 09:27:46.534, 5, 232.02 W, 35, 2032 MHz, 3996 MHz, 0 %, 0 %
2026/09/20 09:27:46.534, 6, 230.02 W, 31, 2032 MHz, 3996 MHz, 1 %, 0 %
2026/09/20 09:27:46.534, 7, 234.82 W, 31, 2032 MHz, 3996 MHz, 1 %, 0 %
2026/09/20 09:27:47.534, 0, 232.31 W, 37, 2032 MHz, 3996 MHz, 0 %, 0 %
2026/09/20 09:27:47.534, 1, 235.88 W, 38, 2032 MHz, 3996 MHz, 0 %, 0 %
2026/09/20 09:27:47.534, 2, 226.06 W, 31, 2032 MHz, 3996 MHz, 0 %, 0 %
2026/09/20 09:27:47.534, 3, 230.48 W, 31, 2032 MHz, 3996 MHz, 0 %, 0 %
2026/09/20 09:27:47.534, 4, 237.86 W, 38, 2032 MHz, 3996 MHz, 0 %, 0 %
2026/09/20 09:27:47.534, 5, 231.95 W, 35, 2032 MHz, 3996 MHz, 0 %, 0 %
2026/09/20 09:27:47.534, 6, 230.21 W, 31, 2032 MHz, 3996 MHz, 0 %, 0 %
2026/09/20 09:27:47.534, 7, 234.93 W, 31, 2032 MHz, 3996 MHz, 0 %, 0 %
2026/09/20 09:27:48.534, 0, 232.69 W, 37, 2032 MHz, 3996 MHz, 0 %, 0 %
2026/09/20 09:27:48.534, 1, 235.88 W, 38, 2032 MHz, 3996 MHz, 0 %, 0 %
2026/09/20 09:27:48.534, 2, 226.06 W, 31, 2032 MHz, 3996 MHz, 0 %, 0 %
2026/09/20 09:27:48.534, 3, 230.99 W, 31, 2032 MHz, 3996 MHz, 0 %, 0 %
2026/09/20 09:27:48.534, 4, 237.90 W, 38, 2032 MHz, 3996 MHz, 0 %, 0 %
2026/09/20 09:27:48.534, 5, 231.95 W, 35, 2032 MHz, 3996 MHz, 0 %, 0 %
2026/09/20 09:27:48.534, 6, 230.18 W, 31, 2032 MHz, 3996 MHz, 0 %, 0 %
2026/09/20 09:27:48.534, 7, 234.70 W, 31, 2032 MHz, 3996 MHz, 0 %, 0 %
2026/09/20 09:27:49.535, 0, 232.23 W, 37, 2032 MHz, 3996 MHz, 1 %, 0 %
2026/09/20 09:27:49.535, 1, 235.92 W, 38, 2032 MHz, 3996 MHz, 0 %, 0 %
2026/09/20 09:27:49.535, 2, 226.10 W, 31, 2032 MHz, 3996 MHz, 0 %, 0 %
2026/09/20 09:27:49.535, 3, 231.10 W, 31, 2032 MHz, 3996 MHz, 1 %, 0 %
2026/09/20 09:27:49.535, 4, 237.98 W, 38, 2032 MHz, 3996 MHz, 1 %, 0 %
2026/09/20 09:27:49.535, 5, 231.91 W, 35, 2032 MHz, 3996 MHz, 0 %, 0 %
2026/09/20 09:27:49.535, 6, 230.28 W, 31, 2032 MHz, 3996 MHz, 1 %, 0 %
2026/09/20 09:27:49.535, 7, 234.86 W, 31, 2032 MHz, 3996 MHz, 0 %, 0 %
2026/09/20 09:27:50.535, 0, 232.50 W, 37, 2032 MHz, 3996 MHz, 0 %, 0 %
2026/09/20 09:27:50.535, 1, 235.96 W, 38, 2032 MHz, 3996 MHz, 0 %, 0 %
2026/09/20 09:27:50.535, 2, 226.21 W, 31, 2032 MHz, 3996 MHz, 0 %, 0 %
2026/09/20 09:27:50.535, 3, 231.00 W, 31, 2032 MHz, 3996 MHz, 0 %, 0 %
2026/09/20 09:27:50.535, 4, 237.82 W, 38, 2032 MHz, 3996 MHz, 0 %, 0 %
2026/09/20 09:27:50.535, 5, 231.91 W, 35, 2032 MHz, 3996 MHz, 0 %, 0 %
2026/09/20 09:27:50.535, 6, 230.25 W, 31, 2032 MHz, 3996 MHz, 0 %, 0 %
2026/09/20 09:27:50.535, 7, 234.97 W, 31, 2032 MHz, 3996 MHz, 0 %, 0 %
2026/09/20 09:27:51.535, 0, 232.21 W, 37, 2032 MHz, 3996 MHz, 0 %, 0 %
2026/09/20 09:27:51.535, 1, 235.88 W, 38, 2032 MHz, 3996 MHz, 0 %, 0 %
2026/09/20 09:27:51.535, 2, 226.20 W, 32, 2032 MHz, 3996 MHz, 0 %, 0 %
2026/09/20 09:27:51.535, 3, 230.36 W, 31, 2032 MHz, 3996 MHz, 0 %, 0 %
2026/09/20 09:27:51.535, 4, 237.75 W, 38, 2032 MHz, 3996 MHz, 0 %, 0 %
2026/09/20 09:27:51.535, 5, 231.95 W, 35, 2032 MHz, 3996 MHz, 0 %, 0 %
2026/09/20 09:27:51.535, 6, 229.89 W, 31, 2032 MHz, 3996 MHz, 0 %, 0 %
2026/09/20 09:27:51.535, 7, 234.78 W, 31, 2032 MHz, 3996 MHz, 0 %, 0 %
2026/09/20 09:27:52.535, 0, 233.69 W, 37, 2032 MHz, 3996 MHz, 0 %, 0 %
2026/09/20 09:27:52.535, 1, 237.82 W, 38, 2032 MHz, 3996 MHz, 0 %, 0 %
2026/09/20 09:27:52.535, 2, 228.18 W, 32, 2032 MHz, 3996 MHz, 0 %, 0 %
2026/09/20 09:27:52.535, 3, 233.91 W, 31, 2032 MHz, 3996 MHz, 0 %, 0 %
2026/09/20 09:27:52.535, 4, 240.63 W, 38, 2032 MHz, 3996 MHz, 0 %, 0 %
2026/09/20 09:27:52.535, 5, 235.02 W, 35, 2032 MHz, 3996 MHz, 0 %, 0 %
2026/09/20 09:27:52.535, 6, 233.28 W, 31, 2032 MHz, 3996 MHz, 0 %, 0 %
2026/09/20 09:27:52.535, 7, 238.12 W, 31, 2032 MHz, 3996 MHz, 0 %, 0 %
2026/09/20 09:27:53.535, 0, 231.85 W, 37, 2032 MHz, 3996 MHz, 0 %, 0 %
2026/09/20 09:27:53.535, 1, 235.88 W, 38, 2032 MHz, 3996 MHz, 0 %, 0 %
2026/09/20 09:27:53.535, 2, 225.98 W, 32, 2032 MHz, 3996 MHz, 0 %, 0 %
2026/09/20 09:27:53.535, 3, 230.73 W, 31, 2032 MHz, 3996 MHz, 0 %, 0 %
2026/09/20 09:27:53.535, 4, 237.52 W, 38, 2032 MHz, 3996 MHz, 0 %, 0 %
2026/09/20 09:27:53.535, 5, 231.83 W, 35, 2032 MHz, 3996 MHz, 0 %, 0 %
2026/09/20 09:27:53.535, 6, 229.34 W, 31, 2032 MHz, 3996 MHz, 0 %, 0 %
2026/09/20 09:27:53.536, 7, 234.70 W, 31, 2032 MHz, 3996 MHz, 0 %, 0 %
2026/09/20 09:27:54.536, 0, 236.56 W, 37, 2032 MHz, 3996 MHz, 100 %, 0 %
2026/09/20 09:27:54.536, 1, 235.77 W, 38, 2032 MHz, 3996 MHz, 0 %, 0 %
2026/09/20 09:27:54.536, 2, 225.99 W, 32, 2032 MHz, 3996 MHz, 0 %, 0 %
2026/09/20 09:27:54.536, 3, 230.46 W, 31, 2032 MHz, 3996 MHz, 0 %, 0 %
2026/09/20 09:27:54.536, 4, 237.52 W, 38, 2032 MHz, 3996 MHz, 0 %, 0 %
2026/09/20 09:27:54.536, 5, 231.83 W, 35, 2032 MHz, 3996 MHz, 0 %, 0 %
2026/09/20 09:27:54.536, 6, 229.14 W, 31, 2032 MHz, 3996 MHz, 0 %, 0 %
2026/09/20 09:27:54.536, 7, 234.70 W, 31, 2032 MHz, 3996 MHz, 0 %, 0 %
2026/09/20 09:27:55.536, 0, 243.60 W, 37, 2032 MHz, 3996 MHz, 100 %, 0 %
2026/09/20 09:27:55.536, 1, 235.84 W, 38, 2032 MHz, 3996 MHz, 0 %, 0 %
2026/09/20 09:27:55.536, 2, 225.99 W, 32, 2032 MHz, 3996 MHz, 0 %, 0 %
2026/09/20 09:27:55.536, 3, 229.97 W, 31, 2032 MHz, 3996 MHz, 0 %, 0 %
2026/09/20 09:27:55.536, 4, 237.52 W, 38, 2032 MHz, 3996 MHz, 0 %, 0 %
2026/09/20 09:27:55.536, 5, 231.83 W, 35, 2032 MHz, 3996 MHz, 0 %, 0 %
2026/09/20 09:27:55.536, 6, 229.11 W, 31, 2032 MHz, 3996 MHz, 0 %, 0 %
2026/09/20 09:27:55.536, 7, 234.70 W, 31, 2032 MHz, 3996 MHz, 0 %, 0 %
2026/09/20 09:27:56.536, 0, 239.21 W, 37, 2032 MHz, 3996 MHz, 0 %, 0 %
2026/09/20 09:27:56.536, 1, 236.26 W, 38, 2032 MHz, 3996 MHz, 0 %, 0 %
2026/09/20 09:27:56.536, 2, 226.44 W, 32, 2032 MHz, 3996 MHz, 0 %, 0 %
2026/09/20 09:27:56.536, 3, 230.52 W, 31, 2032 MHz, 3996 MHz, 0 %, 0 %
2026/09/20 09:27:56.536, 4, 238.01 W, 38, 2032 MHz, 3996 MHz, 0 %, 0 %
2026/09/20 09:27:56.536, 5, 231.83 W, 35, 2032 MHz, 3996 MHz, 0 %, 0 %
2026/09/20 09:27:56.536, 6, 229.61 W, 31, 2032 MHz, 3996 MHz, 0 %, 0 %
2026/09/20 09:27:56.536, 7, 234.85 W, 31, 2032 MHz, 3996 MHz, 0 %, 0 %
2026/09/20 09:27:57.536, 0, 231.87 W, 37, 2032 MHz, 3996 MHz, 0 %, 0 %
2026/09/20 09:27:57.536, 1, 235.88 W, 38, 2032 MHz, 3996 MHz, 0 %, 0 %
2026/09/20 09:27:57.536, 2, 225.99 W, 32, 2032 MHz, 3996 MHz, 0 %, 0 %
2026/09/20 09:27:57.536, 3, 230.26 W, 31, 2032 MHz, 3996 MHz, 0 %, 0 %
2026/09/20 09:27:57.536, 4, 237.52 W, 38, 2032 MHz, 3996 MHz, 0 %, 0 %
2026/09/20 09:27:57.536, 5, 231.83 W, 35, 2032 MHz, 3996 MHz, 0 %, 0 %
2026/09/20 09:27:57.536, 6, 229.18 W, 31, 2032 MHz, 3996 MHz, 0 %, 0 %
2026/09/20 09:27:57.536, 7, 234.74 W, 31, 2032 MHz, 3996 MHz, 0 %, 0 %
2026/09/20 09:27:58.536, 0, 231.87 W, 37, 2032 MHz, 3996 MHz, 0 %, 0 %
2026/09/20 09:27:58.536, 1, 235.80 W, 38, 2032 MHz, 3996 MHz, 0 %, 0 %
2026/09/20 09:27:58.536, 2, 226.02 W, 32, 2032 MHz, 3996 MHz, 0 %, 0 %
2026/09/20 09:27:58.536, 3, 230.37 W, 31, 2032 MHz, 3996 MHz, 0 %, 0 %
2026/09/20 09:27:58.536, 4, 237.52 W, 38, 2032 MHz, 3996 MHz, 0 %, 0 %
2026/09/20 09:27:58.536, 5, 231.83 W, 35, 2032 MHz, 3996 MHz, 0 %, 0 %
2026/09/20 09:27:58.536, 6, 229.22 W, 31, 2032 MHz, 3996 MHz, 0 %, 0 %
2026/09/20 09:27:58.536, 7, 234.70 W, 31, 2032 MHz, 3996 MHz, 0 %, 0 %
2026/09/20 09:27:59.537, 0, 231.83 W, 37, 2032 MHz, 3996 MHz, 0 %, 0 %
2026/09/20 09:27:59.537, 1, 235.88 W, 38, 2032 MHz, 3996 MHz, 0 %, 0 %
2026/09/20 09:27:59.537, 2, 225.99 W, 32, 2032 MHz, 3996 MHz, 0 %, 0 %
2026/09/20 09:27:59.537, 3, 230.43 W, 31, 2032 MHz, 3996 MHz, 0 %, 0 %
2026/09/20 09:27:59.537, 4, 237.52 W, 38, 2032 MHz, 3996 MHz, 0 %, 0 %
2026/09/20 09:27:59.537, 5, 231.83 W, 35, 2032 MHz, 3996 MHz, 0 %, 0 %
2026/09/20 09:27:59.537, 6, 228.91 W, 31, 2032 MHz, 3996 MHz, 0 %, 0 %
2026/09/20 09:27:59.537, 7, 234.70 W, 31, 2032 MHz, 3996 MHz, 0 %, 0 %
2026/09/20 09:28:00.537, 0, 231.84 W, 37, 2032 MHz, 3996 MHz, 0 %, 0 %
2026/09/20 09:28:00.537, 1, 235.80 W, 38, 2032 MHz, 3996 MHz, 0 %, 0 %
2026/09/20 09:28:00.537, 2, 225.99 W, 32, 2032 MHz, 3996 MHz, 0 %, 0 %
2026/09/20 09:28:00.537, 3, 230.27 W, 31, 2032 MHz, 3996 MHz, 0 %, 0 %
2026/09/20 09:28:00.537, 4, 237.52 W, 38, 2032 MHz, 3996 MHz, 0 %, 0 %
2026/09/20 09:28:00.537, 5, 231.83 W, 35, 2032 MHz, 3996 MHz, 0 %, 0 %
2026/09/20 09:28:00.537, 6, 229.02 W, 31, 2032 MHz, 3996 MHz, 0 %, 0 %
2026/09/20 09:28:00.537, 7, 234.70 W, 31, 2032 MHz, 3996 MHz, 0 %, 0 %
2026/09/20 09:28:01.537, 0, 231.83 W, 37, 2032 MHz, 3996 MHz, 0 %, 0 %
2026/09/20 09:28:01.537, 1, 235.77 W, 38, 2032 MHz, 3996 MHz, 0 %, 0 %
2026/09/20 09:28:01.537, 2, 225.99 W, 31, 2032 MHz, 3996 MHz, 0 %, 0 %
2026/09/20 09:28:01.537, 3, 230.29 W, 31, 2032 MHz, 3996 MHz, 0 %, 0 %
2026/09/20 09:28:01.537, 4, 237.56 W, 38, 2032 MHz, 3996 MHz, 0 %, 0 %
2026/09/20 09:28:01.537, 5, 231.83 W, 35, 2032 MHz, 3996 MHz, 0 %, 0 %
2026/09/20 09:28:01.537, 6, 229.11 W, 31, 2032 MHz, 3996 MHz, 0 %, 0 %
2026/09/20 09:28:01.537, 7, 234.70 W, 31, 2032 MHz, 3996 MHz, 0 %, 0 %
2026/09/20 09:28:02.537, 0, 231.83 W, 37, 2032 MHz, 3996 MHz, 0 %, 0 %
2026/09/20 09:28:02.537, 1, 235.80 W, 38, 2032 MHz, 3996 MHz, 0 %, 0 %
2026/09/20 09:28:02.537, 2, 225.99 W, 31, 2032 MHz, 3996 MHz, 0 %, 0 %
2026/09/20 09:28:02.537, 3, 230.24 W, 31, 2032 MHz, 3996 MHz, 0 %, 0 %
2026/09/20 09:28:02.537, 4, 237.52 W, 38, 2032 MHz, 3996 MHz, 0 %, 0 %
2026/09/20 09:28:02.537, 5, 231.83 W, 35, 2032 MHz, 3996 MHz, 0 %, 0 %
2026/09/20 09:28:02.537, 6, 229.22 W, 31, 2032 MHz, 3996 MHz, 0 %, 0 %
2026/09/20 09:28:02.537, 7, 234.70 W, 31, 2032 MHz, 3996 MHz, 0 %, 0 %
2026/09/20 09:28:03.537, 0, 231.83 W, 37, 2032 MHz, 3996 MHz, 0 %, 0 %
2026/09/20 09:28:03.537, 1, 235.69 W, 38, 2032 MHz, 3996 MHz, 0 %, 0 %
2026/09/20 09:28:03.537, 2, 225.99 W, 31, 2032 MHz, 3996 MHz, 0 %, 0 %
2026/09/20 09:28:03.537, 3, 230.78 W, 31, 2032 MHz, 3996 MHz, 0 %, 0 %
2026/09/20 09:28:03.537, 4, 237.52 W, 38, 2032 MHz, 3996 MHz, 0 %, 0 %
2026/09/20 09:28:03.537, 5, 231.83 W, 35, 2032 MHz, 3996 MHz, 0 %, 0 %
2026/09/20 09:28:03.538, 6, 229.02 W, 31, 2032 MHz, 3996 MHz, 0 %, 0 %
2026/09/20 09:28:03.538, 7, 234.70 W, 31, 2032 MHz, 3996 MHz, 0 %, 0 %
2026/09/20 09:28:04.538, 0, 243.40 W, 37, 2032 MHz, 3996 MHz, 100 %, 0 %
2026/09/20 09:28:04.538, 1, 235.80 W, 38, 2032 MHz, 3996 MHz, 0 %, 0 %
2026/09/20 09:28:04.538, 2, 225.99 W, 31, 2032 MHz, 3996 MHz, 0 %, 0 %
2026/09/20 09:28:04.538, 3, 230.21 W, 31, 2032 MHz, 3996 MHz, 0 %, 0 %
2026/09/20 09:28:04.538, 4, 237.52 W, 38, 2032 MHz, 3996 MHz, 0 %, 0 %
2026/09/20 09:28:04.538, 5, 231.83 W, 35, 2032 MHz, 3996 MHz, 0 %, 0 %
2026/09/20 09:28:04.538, 6, 228.87 W, 31, 2032 MHz, 3996 MHz, 0 %, 0 %
2026/09/20 09:28:04.538, 7, 234.70 W, 31, 2032 MHz, 3996 MHz, 0 %, 0 %
2026/09/20 09:28:05.538, 0, 245.47 W, 37, 2032 MHz, 3996 MHz, 100 %, 0 %
2026/09/20 09:28:05.538, 1, 235.88 W, 38, 2032 MHz, 3996 MHz, 0 %, 0 %
2026/09/20 09:28:05.538, 2, 225.99 W, 31, 2032 MHz, 3996 MHz, 0 %, 0 %
2026/09/20 09:28:05.538, 3, 230.33 W, 31, 2032 MHz, 3996 MHz, 0 %, 0 %
2026/09/20 09:28:05.538, 4, 237.52 W, 38, 2032 MHz, 3996 MHz, 0 %, 0 %
2026/09/20 09:28:05.538, 5, 231.83 W, 35, 2032 MHz, 3996 MHz, 0 %, 0 %
2026/09/20 09:28:05.538, 6, 229.11 W, 31, 2032 MHz, 3996 MHz, 0 %, 0 %
2026/09/20 09:28:05.538, 7, 234.70 W, 31, 2032 MHz, 3996 MHz, 0 %, 0 %
2026/09/20 09:28:06.538, 0, 245.47 W, 37, 2032 MHz, 3996 MHz, 100 %, 0 %
2026/09/20 09:28:06.538, 1, 235.84 W, 38, 2032 MHz, 3996 MHz, 0 %, 0 %
2026/09/20 09:28:06.538, 2, 225.99 W, 31, 2032 MHz, 3996 MHz, 0 %, 0 %
2026/09/20 09:28:06.538, 3, 230.55 W, 31, 2032 MHz, 3996 MHz, 0 %, 0 %
2026/09/20 09:28:06.538, 4, 237.52 W, 38, 2032 MHz, 3996 MHz, 0 %, 0 %
2026/09/20 09:28:06.538, 5, 231.83 W, 35, 2032 MHz, 3996 MHz, 0 %, 0 %
2026/09/20 09:28:06.538, 6, 228.91 W, 31, 2032 MHz, 3996 MHz, 0 %, 0 %
2026/09/20 09:28:06.538, 7, 234.70 W, 31, 2032 MHz, 3996 MHz, 0 %, 0 %
2026/09/20 09:28:07.539, 0, 245.47 W, 37, 2032 MHz, 3996 MHz, 100 %, 0 %
2026/09/20 09:28:07.539, 1, 236.26 W, 38, 2032 MHz, 3996 MHz, 0 %, 0 %
2026/09/20 09:28:07.539, 2, 226.56 W, 31, 2032 MHz, 3996 MHz, 0 %, 0 %
2026/09/20 09:28:07.539, 3, 230.96 W, 31, 2032 MHz, 3996 MHz, 0 %, 0 %
2026/09/20 09:28:07.539, 4, 238.88 W, 38, 2032 MHz, 3996 MHz, 32 %, 0 %
2026/09/20 09:28:07.539, 5, 231.82 W, 35, 2032 MHz, 3996 MHz, 0 %, 0 %
2026/09/20 09:28:07.539, 6, 230.07 W, 31, 2032 MHz, 3996 MHz, 12 %, 0 %
2026/09/20 09:28:07.539, 7, 234.70 W, 31, 2032 MHz, 3996 MHz, 0 %, 0 %
2026/09/20 09:28:08.539, 0, 243.98 W, 37, 2032 MHz, 3996 MHz, 0 %, 0 %
2026/09/20 09:28:08.539, 1, 248.37 W, 38, 2032 MHz, 3996 MHz, 0 %, 0 %
2026/09/20 09:28:08.539, 2, 238.14 W, 32, 2032 MHz, 3996 MHz, 0 %, 0 %
2026/09/20 09:28:08.539, 3, 242.35 W, 31, 2032 MHz, 3996 MHz, 0 %, 0 %
2026/09/20 09:28:08.539, 4, 250.84 W, 38, 2032 MHz, 3996 MHz, 0 %, 0 %
2026/09/20 09:28:08.539, 5, 236.71 W, 35, 2032 MHz, 3996 MHz, 0 %, 0 %
2026/09/20 09:28:08.539, 6, 241.48 W, 31, 2032 MHz, 3996 MHz, 0 %, 0 %
2026/09/20 09:28:08.539, 7, 247.21 W, 32, 2032 MHz, 3996 MHz, 0 %, 0 %
2026/09/20 09:28:09.539, 0, 261.64 W, 37, 2032 MHz, 3996 MHz, 0 %, 0 %
2026/09/20 09:28:09.539, 1, 255.90 W, 39, 2032 MHz, 3996 MHz, 60 %, 0 %
2026/09/20 09:28:09.539, 2, 248.64 W, 32, 2032 MHz, 3996 MHz, 100 %, 0 %
2026/09/20 09:28:09.539, 3, 261.08 W, 32, 2032 MHz, 3996 MHz, 44 %, 0 %
2026/09/20 09:28:09.539, 4, 268.05 W, 38, 2032 MHz, 3996 MHz, 66 %, 0 %
2026/09/20 09:28:09.539, 5, 242.48 W, 36, 2032 MHz, 3996 MHz, 0 %, 0 %
2026/09/20 09:28:09.539, 6, 243.96 W, 31, 2032 MHz, 3996 MHz, 62 %, 0 %
2026/09/20 09:28:09.539, 7, 240.15 W, 31, 2032 MHz, 3996 MHz, 0 %, 0 %
2026/09/20 09:28:10.539, 0, 240.46 W, 37, 2032 MHz, 3996 MHz, 0 %, 0 %
2026/09/20 09:28:10.539, 1, 243.26 W, 38, 2032 MHz, 3996 MHz, 0 %, 0 %
2026/09/20 09:28:10.539, 2, 231.75 W, 32, 2032 MHz, 3996 MHz, 0 %, 0 %
2026/09/20 09:28:10.539, 3, 236.03 W, 31, 2032 MHz, 3996 MHz, 0 %, 0 %
2026/09/20 09:28:10.539, 4, 245.59 W, 38, 2032 MHz, 3996 MHz, 0 %, 0 %
2026/09/20 09:28:10.539, 5, 239.15 W, 35, 2032 MHz, 3996 MHz, 0 %, 0 %
2026/09/20 09:28:10.539, 6, 235.26 W, 31, 2032 MHz, 3996 MHz, 0 %, 0 %
2026/09/20 09:28:10.539, 7, 240.38 W, 31, 2032 MHz, 3996 MHz, 0 %, 0 %
2026/09/20 09:28:11.540, 0, 233.78 W, 37, 2032 MHz, 3996 MHz, 0 %, 0 %
2026/09/20 09:28:11.540, 1, 235.92 W, 38, 2032 MHz, 3996 MHz, 0 %, 0 %
2026/09/20 09:28:11.540, 2, 227.54 W, 32, 2032 MHz, 3996 MHz, 0 %, 0 %
2026/09/20 09:28:11.540, 3, 231.58 W, 31, 2032 MHz, 3996 MHz, 0 %, 0 %
2026/09/20 09:28:11.540, 4, 239.47 W, 38, 2032 MHz, 3996 MHz, 0 %, 0 %
2026/09/20 09:28:11.540, 5, 233.04 W, 35, 2032 MHz, 3996 MHz, 0 %, 0 %
2026/09/20 09:28:11.540, 6, 230.79 W, 31, 2032 MHz, 3996 MHz, 0 %, 0 %
2026/09/20 09:28:11.540, 7, 236.30 W, 31, 2032 MHz, 3996 MHz, 0 %, 0 %
2026/09/20 09:28:12.540, 0, 297.12 W, 38, 2032 MHz, 3996 MHz, 0 %, 0 %
2026/09/20 09:28:12.540, 1, 298.15 W, 39, 2032 MHz, 3996 MHz, 5 %, 1 %
2026/09/20 09:28:12.540, 2, 287.29 W, 32, 2032 MHz, 3996 MHz, 0 %, 0 %
2026/09/20 09:28:12.540, 3, 288.15 W, 32, 2032 MHz, 3996 MHz, 0 %, 0 %
2026/09/20 09:28:12.540, 4, 295.99 W, 39, 2032 MHz, 3996 MHz, 0 %, 0 %
2026/09/20 09:28:12.540, 5, 297.59 W, 36, 2032 MHz, 3996 MHz, 0 %, 0 %
2026/09/20 09:28:12.540, 6, 290.91 W, 32, 2032 MHz, 3996 MHz, 0 %, 0 %
2026/09/20 09:28:12.540, 7, 297.70 W, 32, 2032 MHz, 3996 MHz, 0 %, 0 %
2026/09/20 09:28:13.540, 0, 233.78 W, 37, 2032 MHz, 3996 MHz, 1 %, 0 %
2026/09/20 09:28:13.540, 1, 235.96 W, 38, 2032 MHz, 3996 MHz, 0 %, 0 %
2026/09/20 09:28:13.540, 2, 227.55 W, 32, 2032 MHz, 3996 MHz, 0 %, 0 %
2026/09/20 09:28:13.540, 3, 231.69 W, 31, 2032 MHz, 3996 MHz, 0 %, 0 %
2026/09/20 09:28:13.540, 4, 239.43 W, 38, 2032 MHz, 3996 MHz, 0 %, 0 %
2026/09/20 09:28:13.540, 5, 233.55 W, 35, 2032 MHz, 3996 MHz, 0 %, 0 %
2026/09/20 09:28:13.540, 6, 230.77 W, 31, 2032 MHz, 3996 MHz, 0 %, 0 %
2026/09/20 09:28:13.540, 7, 236.50 W, 32, 2032 MHz, 3996 MHz, 0 %, 0 %
2026/09/20 09:28:14.540, 0, 265.00 W, 37, 2032 MHz, 3996 MHz, 11 %, 5 %
2026/09/20 09:28:14.540, 1, 280.73 W, 39, 2032 MHz, 3996 MHz, 22 %, 10 %
2026/09/20 09:28:14.540, 2, 288.75 W, 32, 2032 MHz, 3996 MHz, 24 %, 13 %
2026/09/20 09:28:14.540, 3, 277.27 W, 32, 2032 MHz, 3996 MHz, 16 %, 7 %
2026/09/20 09:28:14.540, 4, 284.54 W, 38, 2032 MHz, 3996 MHz, 18 %, 8 %
2026/09/20 09:28:14.540, 5, 262.67 W, 36, 2032 MHz, 3996 MHz, 18 %, 8 %
2026/09/20 09:28:14.540, 6, 275.38 W, 32, 2032 MHz, 3996 MHz, 18 %, 8 %
2026/09/20 09:28:14.540, 7, 301.87 W, 32, 2032 MHz, 3996 MHz, 15 %, 8 %
2026/09/20 09:28:15.540, 0, 257.30 W, 37, 2032 MHz, 3996 MHz, 13 %, 6 %
2026/09/20 09:28:15.541, 1, 272.24 W, 39, 2032 MHz, 3996 MHz, 15 %, 7 %
2026/09/20 09:28:15.541, 2, 277.97 W, 32, 2032 MHz, 3996 MHz, 17 %, 9 %
2026/09/20 09:28:15.541, 3, 267.39 W, 32, 2032 MHz, 3996 MHz, 15 %, 7 %
2026/09/20 09:28:15.541, 4, 275.51 W, 38, 2032 MHz, 3996 MHz, 16 %, 7 %
2026/09/20 09:28:15.541, 5, 257.15 W, 36, 2032 MHz, 3996 MHz, 12 %, 5 %
2026/09/20 09:28:15.541, 6, 266.00 W, 32, 2032 MHz, 3996 MHz, 15 %, 7 %
2026/09/20 09:28:15.541, 7, 287.72 W, 32, 2032 MHz, 3996 MHz, 17 %, 9 %
2026/09/20 09:28:16.541, 0, 257.20 W, 37, 2032 MHz, 3996 MHz, 17 %, 7 %
2026/09/20 09:28:16.541, 1, 269.78 W, 39, 2032 MHz, 3996 MHz, 8 %, 4 %
2026/09/20 09:28:16.541, 2, 266.77 W, 32, 2032 MHz, 3996 MHz, 14 %, 6 %
2026/09/20 09:28:16.541, 3, 268.90 W, 32, 2032 MHz, 3996 MHz, 20 %, 12 %
2026/09/20 09:28:16.541, 4, 270.10 W, 38, 2032 MHz, 3996 MHz, 15 %, 7 %
2026/09/20 09:28:16.541, 5, 265.46 W, 36, 2032 MHz, 3996 MHz, 18 %, 11 %
2026/09/20 09:28:16.541, 6, 261.55 W, 32, 2032 MHz, 3996 MHz, 16 %, 7 %
2026/09/20 09:28:16.541, 7, 284.43 W, 32, 2032 MHz, 3996 MHz, 19 %, 12 %
2026/09/20 09:28:17.542, 0, 271.27 W, 37, 2032 MHz, 3996 MHz, 17 %, 7 %
2026/09/20 09:28:17.542, 1, 291.10 W, 39, 2032 MHz, 3996 MHz, 18 %, 10 %
2026/09/20 09:28:17.542, 2, 263.86 W, 32, 2032 MHz, 3996 MHz, 17 %, 7 %
2026/09/20 09:28:17.542, 3, 297.78 W, 32, 2032 MHz, 3996 MHz, 20 %, 12 %
2026/09/20 09:28:17.542, 4, 277.27 W, 38, 2032 MHz, 3996 MHz, 17 %, 7 %
2026/09/20 09:28:17.542, 5, 313.86 W, 37, 2032 MHz, 3996 MHz, 22 %, 14 %
2026/09/20 09:28:17.542, 6, 267.22 W, 32, 2032 MHz, 3996 MHz, 17 %, 7 %
2026/09/20 09:28:17.542, 7, 303.67 W, 33, 2032 MHz, 3996 MHz, 20 %, 12 %
2026/09/20 09:28:18.542, 0, 270.77 W, 37, 2032 MHz, 3996 MHz, 17 %, 7 %
2026/09/20 09:28:18.542, 1, 290.72 W, 39, 2032 MHz, 3996 MHz, 17 %, 9 %
2026/09/20 09:28:18.542, 2, 263.61 W, 32, 2032 MHz, 3996 MHz, 16 %, 7 %
2026/09/20 09:28:18.542, 3, 298.15 W, 32, 2032 MHz, 3996 MHz, 19 %, 12 %
2026/09/20 09:28:18.542, 4, 276.89 W, 39, 2032 MHz, 3996 MHz, 16 %, 7 %
2026/09/20 09:28:18.542, 5, 316.81 W, 37, 2032 MHz, 3996 MHz, 23 %, 15 %
2026/09/20 09:28:18.542, 6, 268.06 W, 32, 2032 MHz, 3996 MHz, 17 %, 7 %
2026/09/20 09:28:18.542, 7, 305.00 W, 33, 2032 MHz, 3996 MHz, 19 %, 12 %
2026/09/20 09:28:19.542, 0, 282.38 W, 38, 2032 MHz, 3996 MHz, 18 %, 11 %
2026/09/20 09:28:19.542, 1, 299.04 W, 39, 2032 MHz, 3996 MHz, 20 %, 13 %
2026/09/20 09:28:19.542, 2, 269.09 W, 32, 2032 MHz, 3996 MHz, 16 %, 9 %
2026/09/20 09:28:19.542, 3, 278.82 W, 32, 2032 MHz, 3996 MHz, 13 %, 6 %
2026/09/20 09:28:19.542, 4, 289.49 W, 39, 2032 MHz, 3996 MHz, 18 %, 11 %
2026/09/20 09:28:19.542, 5, 309.95 W, 36, 2032 MHz, 3996 MHz, 16 %, 10 %
2026/09/20 09:28:19.542, 6, 272.55 W, 32, 2032 MHz, 3996 MHz, 15 %, 9 %
2026/09/20 09:28:19.542, 7, 296.55 W, 33, 2032 MHz, 3996 MHz, 16 %, 10 %
2026/09/20 09:28:20.542, 0, 294.61 W, 38, 2032 MHz, 3996 MHz, 18 %, 11 %
2026/09/20 09:28:20.542, 1, 309.81 W, 39, 2032 MHz, 3996 MHz, 19 %, 12 %
2026/09/20 09:28:20.542, 2, 277.45 W, 32, 2032 MHz, 3996 MHz, 16 %, 9 %
2026/09/20 09:28:20.542, 3, 258.59 W, 32, 2032 MHz, 3996 MHz, 12 %, 5 %
2026/09/20 09:28:20.542, 4, 300.08 W, 39, 2032 MHz, 3996 MHz, 16 %, 10 %
2026/09/20 09:28:20.542, 5, 294.75 W, 36, 2032 MHz, 3996 MHz, 17 %, 11 %
2026/09/20 09:28:20.542, 6, 280.47 W, 32, 2032 MHz, 3996 MHz, 15 %, 9 %
2026/09/20 09:28:20.542, 7, 287.51 W, 32, 2032 MHz, 3996 MHz, 15 %, 9 %
2026/09/20 09:28:21.542, 0, 310.91 W, 38, 2032 MHz, 3996 MHz, 21 %, 14 %
2026/09/20 09:28:21.542, 1, 328.92 W, 40, 2032 MHz, 3996 MHz, 24 %, 16 %
2026/09/20 09:28:21.542, 2, 290.52 W, 33, 2032 MHz, 3996 MHz, 19 %, 11 %
2026/09/20 09:28:21.542, 3, 266.86 W, 32, 2032 MHz, 3996 MHz, 15 %, 6 %
2026/09/20 09:28:21.542, 4, 316.77 W, 39, 2032 MHz, 3996 MHz, 21 %, 14 %
2026/09/20 09:28:21.542, 5, 308.59 W, 37, 2032 MHz, 3996 MHz, 21 %, 14 %
2026/09/20 09:28:21.542, 6, 293.01 W, 32, 2032 MHz, 3996 MHz, 19 %, 11 %
2026/09/20 09:28:21.542, 7, 300.07 W, 33, 2032 MHz, 3996 MHz, 20 %, 12 %
2026/09/20 09:28:22.543, 0, 315.23 W, 38, 2032 MHz, 3996 MHz, 23 %, 15 %
2026/09/20 09:28:22.543, 1, 335.24 W, 40, 2032 MHz, 3996 MHz, 24 %, 15 %
2026/09/20 09:28:22.543, 2, 296.92 W, 33, 2032 MHz, 3996 MHz, 21 %, 14 %
2026/09/20 09:28:22.543, 3, 280.12 W, 32, 2032 MHz, 3996 MHz, 24 %, 16 %
2026/09/20 09:28:22.543, 4, 323.06 W, 40, 2032 MHz, 3996 MHz, 24 %, 16 %
2026/09/20 09:28:22.543, 5, 313.51 W, 37, 2032 MHz, 3996 MHz, 21 %, 14 %
2026/09/20 09:28:22.543, 6, 304.92 W, 33, 2032 MHz, 3996 MHz, 26 %, 19 %
2026/09/20 09:28:22.543, 7, 313.72 W, 33, 2032 MHz, 3996 MHz, 29 %, 22 %
2026/09/20 09:28:23.543, 0, 319.13 W, 38, 2032 MHz, 3996 MHz, 25 %, 15 %
2026/09/20 09:28:23.543, 1, 349.77 W, 40, 2032 MHz, 3996 MHz, 25 %, 18 %
2026/09/20 09:28:23.543, 2, 326.46 W, 33, 2032 MHz, 3996 MHz, 25 %, 17 %
2026/09/20 09:28:23.543, 3, 316.80 W, 33, 2032 MHz, 3996 MHz, 23 %, 14 %
2026/09/20 09:28:23.543, 4, 341.93 W, 40, 2032 MHz, 3996 MHz, 26 %, 18 %
2026/09/20 09:28:23.543, 5, 322.12 W, 37, 2032 MHz, 3996 MHz, 23 %, 14 %
2026/09/20 09:28:23.543, 6, 345.06 W, 33, 2032 MHz, 3996 MHz, 25 %, 18 %
2026/09/20 09:28:23.543, 7, 360.94 W, 34, 2032 MHz, 3996 MHz, 27 %, 20 %
2026/09/20 09:28:24.543, 0, 321.63 W, 39, 2032 MHz, 3996 MHz, 24 %, 15 %
2026/09/20 09:28:24.543, 1, 353.72 W, 40, 2032 MHz, 3996 MHz, 27 %, 19 %
2026/09/20 09:28:24.543, 2, 325.43 W, 33, 2032 MHz, 3996 MHz, 24 %, 16 %
2026/09/20 09:28:24.543, 3, 318.62 W, 33, 2032 MHz, 3996 MHz, 24 %, 15 %
2026/09/20 09:28:24.543, 4, 340.74 W, 40, 2032 MHz, 3996 MHz, 24 %, 16 %
2026/09/20 09:28:24.543, 5, 319.96 W, 37, 2032 MHz, 3996 MHz, 24 %, 15 %
2026/09/20 09:28:24.543, 6, 344.02 W, 33, 2032 MHz, 3996 MHz, 26 %, 19 %
2026/09/20 09:28:24.543, 7, 366.27 W, 34, 2032 MHz, 3996 MHz, 27 %, 20 %
2026/09/20 09:28:25.543, 0, 305.85 W, 38, 2032 MHz, 3996 MHz, 15 %, 9 %
2026/09/20 09:28:25.543, 1, 336.47 W, 40, 2032 MHz, 3996 MHz, 21 %, 15 %
2026/09/20 09:28:25.543, 2, 313.14 W, 33, 2032 MHz, 3996 MHz, 20 %, 13 %
2026/09/20 09:28:25.543, 3, 303.38 W, 33, 2032 MHz, 3996 MHz, 19 %, 12 %
2026/09/20 09:28:25.543, 4, 324.57 W, 39, 2032 MHz, 3996 MHz, 19 %, 13 %
2026/09/20 09:28:25.543, 5, 310.31 W, 37, 2032 MHz, 3996 MHz, 19 %, 12 %
2026/09/20 09:28:25.543, 6, 330.27 W, 33, 2032 MHz, 3996 MHz, 21 %, 15 %
2026/09/20 09:28:25.543, 7, 345.87 W, 34, 2032 MHz, 3996 MHz, 20 %, 15 %
2026/09/20 09:28:26.543, 0, 235.30 W, 37, 2032 MHz, 3996 MHz, 0 %, 0 %
2026/09/20 09:28:26.544, 1, 245.31 W, 39, 2032 MHz, 3996 MHz, 0 %, 0 %
2026/09/20 09:28:26.544, 2, 233.51 W, 32, 2032 MHz, 3996 MHz, 0 %, 0 %
2026/09/20 09:28:26.544, 3, 232.61 W, 32, 2032 MHz, 3996 MHz, 0 %, 0 %
2026/09/20 09:28:26.544, 4, 242.72 W, 38, 2032 MHz, 3996 MHz, 0 %, 0 %
2026/09/20 09:28:26.544, 5, 238.45 W, 36, 2032 MHz, 3996 MHz, 0 %, 0 %
2026/09/20 09:28:26.544, 6, 234.82 W, 32, 2032 MHz, 3996 MHz, 0 %, 0 %
2026/09/20 09:28:26.544, 7, 239.49 W, 32, 2032 MHz, 3996 MHz, 0 %, 0 %
2026/09/20 09:28:27.544, 0, 260.82 W, 38, 2032 MHz, 3996 MHz, 21 %, 13 %
2026/09/20 09:28:27.544, 1, 288.92 W, 40, 2032 MHz, 3996 MHz, 34 %, 28 %
2026/09/20 09:28:27.544, 2, 258.04 W, 33, 2032 MHz, 3996 MHz, 24 %, 16 %
2026/09/20 09:28:27.544, 3, 271.55 W, 33, 2032 MHz, 3996 MHz, 25 %, 18 %
2026/09/20 09:28:27.544, 4, 274.44 W, 39, 2032 MHz, 3996 MHz, 24 %, 16 %
2026/09/20 09:28:27.544, 5, 270.89 W, 37, 2032 MHz, 3996 MHz, 27 %, 20 %
2026/09/20 09:28:27.544, 6, 273.04 W, 33, 2032 MHz, 3996 MHz, 27 %, 20 %
2026/09/20 09:28:27.544, 7, 273.81 W, 33, 2032 MHz, 3996 MHz, 26 %, 18 %
2026/09/20 09:28:28.544, 0, 303.55 W, 38, 2032 MHz, 3996 MHz, 18 %, 11 %
2026/09/20 09:28:28.544, 1, 406.42 W, 41, 2032 MHz, 3996 MHz, 29 %, 24 %
2026/09/20 09:28:28.544, 2, 320.15 W, 33, 2032 MHz, 3996 MHz, 22 %, 15 %
2026/09/20 09:28:28.544, 3, 335.68 W, 33, 2032 MHz, 3996 MHz, 26 %, 18 %
2026/09/20 09:28:28.544, 4, 334.74 W, 40, 2032 MHz, 3996 MHz, 24 %, 16 %
2026/09/20 09:28:28.544, 5, 346.71 W, 37, 2032 MHz, 3996 MHz, 24 %, 18 %
2026/09/20 09:28:28.544, 6, 344.79 W, 33, 2032 MHz, 3996 MHz, 27 %, 20 %
2026/09/20 09:28:28.544, 7, 341.47 W, 34, 2032 MHz, 3996 MHz, 26 %, 18 %
2026/09/20 09:28:29.544, 0, 289.85 W, 38, 2032 MHz, 3996 MHz, 11 %, 7 %
2026/09/20 09:28:29.544, 1, 376.99 W, 41, 2032 MHz, 3996 MHz, 27 %, 23 %
2026/09/20 09:28:29.544, 2, 303.64 W, 33, 2032 MHz, 3996 MHz, 19 %, 13 %
2026/09/20 09:28:29.544, 3, 318.54 W, 33, 2032 MHz, 3996 MHz, 18 %, 13 %
2026/09/20 09:28:29.544, 4, 317.62 W, 39, 2032 MHz, 3996 MHz, 19 %, 13 %
2026/09/20 09:28:29.544, 5, 328.80 W, 37, 2032 MHz, 3996 MHz, 22 %, 16 %
2026/09/20 09:28:29.544, 6, 326.87 W, 33, 2032 MHz, 3996 MHz, 16 %, 12 %
2026/09/20 09:28:29.545, 7, 323.25 W, 33, 2032 MHz, 3996 MHz, 14 %, 10 %
2026/09/20 09:28:30.545, 0, 288.29 W, 38, 2032 MHz, 3996 MHz, 16 %, 10 %
2026/09/20 09:28:30.545, 1, 368.75 W, 41, 2032 MHz, 3996 MHz, 28 %, 23 %
2026/09/20 09:28:30.545, 2, 300.70 W, 33, 2032 MHz, 3996 MHz, 18 %, 12 %
2026/09/20 09:28:30.545, 3, 317.58 W, 33, 2032 MHz, 3996 MHz, 21 %, 15 %
2026/09/20 09:28:30.545, 4, 317.87 W, 40, 2032 MHz, 3996 MHz, 19 %, 13 %
2026/09/20 09:28:30.545, 5, 329.06 W, 37, 2032 MHz, 3996 MHz, 22 %, 16 %
2026/09/20 09:28:30.545, 6, 327.42 W, 33, 2032 MHz, 3996 MHz, 22 %, 16 %
2026/09/20 09:28:30.545, 7, 318.02 W, 33, 2032 MHz, 3996 MHz, 19 %, 13 %
2026/09/20 09:28:31.545, 0, 296.78 W, 38, 2032 MHz, 3996 MHz, 21 %, 15 %
2026/09/20 09:28:31.545, 1, 356.47 W, 41, 2032 MHz, 3996 MHz, 24 %, 19 %
2026/09/20 09:28:31.545, 2, 301.42 W, 33, 2032 MHz, 3996 MHz, 23 %, 16 %
2026/09/20 09:28:31.545, 3, 307.81 W, 33, 2032 MHz, 3996 MHz, 17 %, 12 %
2026/09/20 09:28:31.545, 4, 317.18 W, 40, 2032 MHz, 3996 MHz, 22 %, 16 %
2026/09/20 09:28:31.545, 5, 325.39 W, 37, 2032 MHz, 3996 MHz, 22 %, 16 %
2026/09/20 09:28:31.545, 6, 322.85 W, 33, 2032 MHz, 3996 MHz, 22 %, 17 %
2026/09/20 09:28:31.545, 7, 323.56 W, 33, 2032 MHz, 3996 MHz, 21 %, 16 %
2026/09/20 09:28:32.545, 0, 324.49 W, 39, 2032 MHz, 3996 MHz, 21 %, 15 %
2026/09/20 09:28:32.545, 1, 365.32 W, 41, 2032 MHz, 3996 MHz, 27 %, 21 %
2026/09/20 09:28:32.545, 2, 323.44 W, 33, 2032 MHz, 3996 MHz, 22 %, 16 %
2026/09/20 09:28:32.545, 3, 317.48 W, 33, 2032 MHz, 3996 MHz, 21 %, 15 %
2026/09/20 09:28:32.545, 4, 337.17 W, 40, 2032 MHz, 3996 MHz, 22 %, 16 %
2026/09/20 09:28:32.545, 5, 343.02 W, 38, 2032 MHz, 3996 MHz, 24 %, 18 %
2026/09/20 09:28:32.545, 6, 338.57 W, 33, 2032 MHz, 3996 MHz, 24 %, 18 %
2026/09/20 09:28:32.545, 7, 344.76 W, 34, 2032 MHz, 3996 MHz, 24 %, 17 %
2026/09/20 09:28:33.545, 0, 317.09 W, 39, 2032 MHz, 3996 MHz, 19 %, 14 %
2026/09/20 09:28:33.545, 1, 363.77 W, 41, 2032 MHz, 3996 MHz, 27 %, 21 %
2026/09/20 09:28:33.545, 2, 322.73 W, 34, 2032 MHz, 3996 MHz, 20 %, 15 %
2026/09/20 09:28:33.545, 3, 313.92 W, 33, 2032 MHz, 3996 MHz, 21 %, 15 %
2026/09/20 09:28:33.545, 4, 336.23 W, 40, 2032 MHz, 3996 MHz, 22 %, 16 %
2026/09/20 09:28:33.545, 5, 339.74 W, 38, 2032 MHz, 3996 MHz, 24 %, 18 %
2026/09/20 09:28:33.546, 6, 335.67 W, 33, 2032 MHz, 3996 MHz, 21 %, 16 %
2026/09/20 09:28:33.546, 7, 343.29 W, 34, 2032 MHz, 3996 MHz, 23 %, 18 %
2026/09/20 09:28:34.546, 0, 318.66 W, 39, 2032 MHz, 3996 MHz, 21 %, 15 %
2026/09/20 09:28:34.546, 1, 364.29 W, 41, 2032 MHz, 3996 MHz, 27 %, 21 %
2026/09/20 09:28:34.546, 2, 321.89 W, 33, 2032 MHz, 3996 MHz, 20 %, 15 %
2026/09/20 09:28:34.546, 3, 317.41 W, 33, 2032 MHz, 3996 MHz, 21 %, 14 %
2026/09/20 09:28:34.546, 4, 337.31 W, 40, 2032 MHz, 3996 MHz, 22 %, 16 %
2026/09/20 09:28:34.546, 5, 339.92 W, 38, 2032 MHz, 3996 MHz, 23 %, 17 %
2026/09/20 09:28:34.546, 6, 337.93 W, 33, 2032 MHz, 3996 MHz, 22 %, 16 %
2026/09/20 09:28:34.546, 7, 343.10 W, 34, 2032 MHz, 3996 MHz, 24 %, 18 %
2026/09/20 09:28:35.546, 0, 290.07 W, 38, 2032 MHz, 3996 MHz, 0 %, 0 %
2026/09/20 09:28:35.546, 1, 327.33 W, 40, 2032 MHz, 3996 MHz, 0 %, 0 %
2026/09/20 09:28:35.546, 2, 292.24 W, 33, 2032 MHz, 3996 MHz, 0 %, 0 %
2026/09/20 09:28:35.546, 3, 284.21 W, 32, 2032 MHz, 3996 MHz, 0 %, 0 %
2026/09/20 09:28:35.546, 4, 301.64 W, 39, 2032 MHz, 3996 MHz, 0 %, 0 %
2026/09/20 09:28:35.546, 5, 303.78 W, 37, 2032 MHz, 3996 MHz, 0 %, 0 %
2026/09/20 09:28:35.546, 6, 299.43 W, 32, 2032 MHz, 3996 MHz, 0 %, 0 %
2026/09/20 09:28:35.546, 7, 305.93 W, 33, 2032 MHz, 3996 MHz, 0 %, 0 %
2026/09/20 09:28:36.546, 0, 233.78 W, 38, 2032 MHz, 3996 MHz, 0 %, 0 %
2026/09/20 09:28:36.546, 1, 237.76 W, 39, 2032 MHz, 3996 MHz, 0 %, 0 %
2026/09/20 09:28:36.546, 2, 227.93 W, 32, 2032 MHz, 3996 MHz, 0 %, 0 %
2026/09/20 09:28:36.546, 3, 232.46 W, 32, 2032 MHz, 3996 MHz, 0 %, 0 %
2026/09/20 09:28:36.546, 4, 239.51 W, 39, 2032 MHz, 3996 MHz, 0 %, 0 %
2026/09/20 09:28:36.546, 5, 233.78 W, 36, 2032 MHz, 3996 MHz, 0 %, 0 %
2026/09/20 09:28:36.546, 6, 230.78 W, 32, 2032 MHz, 3996 MHz, 0 %, 0 %
2026/09/20 09:28:36.546, 7, 236.66 W, 32, 2032 MHz, 3996 MHz, 0 %, 0 %
2026/09/20 09:28:37.547, 0, 233.78 W, 37, 2032 MHz, 3996 MHz, 0 %, 0 %
2026/09/20 09:28:37.547, 1, 236.93 W, 39, 2032 MHz, 3996 MHz, 0 %, 0 %
2026/09/20 09:28:37.547, 2, 227.89 W, 32, 2032 MHz, 3996 MHz, 0 %, 0 %
2026/09/20 09:28:37.547, 3, 231.86 W, 32, 2032 MHz, 3996 MHz, 0 %, 0 %
2026/09/20 09:28:37.547, 4, 239.47 W, 39, 2032 MHz, 3996 MHz, 0 %, 0 %
2026/09/20 09:28:37.547, 5, 233.78 W, 36, 2032 MHz, 3996 MHz, 0 %, 0 %
2026/09/20 09:28:37.547, 6, 230.78 W, 32, 2032 MHz, 3996 MHz, 0 %, 0 %
2026/09/20 09:28:37.547, 7, 236.66 W, 32, 2032 MHz, 3996 MHz, 0 %, 0 %
2026/09/20 09:28:38.547, 0, 266.27 W, 38, 2032 MHz, 3996 MHz, 69 %, 2 %
2026/09/20 09:28:38.547, 1, 261.37 W, 40, 2032 MHz, 3996 MHz, 89 %, 1 %
2026/09/20 09:28:38.547, 2, 231.21 W, 32, 2032 MHz, 3996 MHz, 5 %, 2 %
2026/09/20 09:28:38.547, 3, 245.45 W, 32, 2032 MHz, 3996 MHz, 57 %, 2 %
2026/09/20 09:28:38.547, 4, 288.88 W, 40, 2032 MHz, 3996 MHz, 80 %, 2 %
2026/09/20 09:28:38.547, 5, 253.15 W, 37, 2032 MHz, 3996 MHz, 88 %, 2 %
2026/09/20 09:28:38.547, 6, 266.00 W, 33, 2032 MHz, 3996 MHz, 74 %, 2 %
2026/09/20 09:28:38.547, 7, 279.86 W, 33, 2032 MHz, 3996 MHz, 100 %, 3 %
2026/09/20 09:28:39.547, 0, 256.81 W, 38, 2032 MHz, 3996 MHz, 0 %, 0 %
2026/09/20 09:28:39.547, 1, 265.64 W, 39, 2032 MHz, 3996 MHz, 0 %, 0 %
2026/09/20 09:28:39.547, 2, 252.44 W, 32, 2032 MHz, 3996 MHz, 0 %, 0 %
2026/09/20 09:28:39.547, 3, 255.41 W, 32, 2032 MHz, 3996 MHz, 0 %, 0 %
2026/09/20 09:28:39.547, 4, 266.20 W, 39, 2032 MHz, 3996 MHz, 0 %, 0 %
2026/09/20 09:28:39.547, 5, 258.95 W, 36, 2032 MHz, 3996 MHz, 0 %, 0 %
2026/09/20 09:28:39.547, 6, 254.55 W, 32, 2032 MHz, 3996 MHz, 0 %, 0 %
2026/09/20 09:28:39.548, 7, 262.31 W, 32, 2032 MHz, 3996 MHz, 0 %, 0 %
2026/09/20 09:28:40.548, 0, 233.78 W, 37, 2032 MHz, 3996 MHz, 0 %, 0 %
2026/09/20 09:28:40.548, 1, 237.49 W, 39, 2032 MHz, 3996 MHz, 0 %, 0 %
2026/09/20 09:28:40.548, 2, 227.89 W, 32, 2032 MHz, 3996 MHz, 0 %, 0 %
2026/09/20 09:28:40.548, 3, 231.73 W, 32, 2032 MHz, 3996 MHz, 0 %, 0 %
2026/09/20 09:28:40.548, 4, 239.46 W, 39, 2032 MHz, 3996 MHz, 0 %, 0 %
2026/09/20 09:28:40.548, 5, 233.78 W, 36, 2032 MHz, 3996 MHz, 0 %, 0 %
2026/09/20 09:28:40.548, 6, 230.79 W, 32, 2032 MHz, 3996 MHz, 0 %, 0 %
2026/09/20 09:28:40.548, 7, 236.66 W, 32, 2032 MHz, 3996 MHz, 0 %, 0 %
2026/09/20 09:28:41.548, 0, 233.78 W, 37, 2032 MHz, 3996 MHz, 0 %, 0 %
2026/09/20 09:28:41.548, 1, 237.13 W, 39, 2032 MHz, 3996 MHz, 0 %, 0 %
2026/09/20 09:28:41.548, 2, 227.90 W, 32, 2032 MHz, 3996 MHz, 0 %, 0 %
2026/09/20 09:28:41.548, 3, 231.71 W, 32, 2032 MHz, 3996 MHz, 0 %, 0 %
2026/09/20 09:28:41.548, 4, 239.46 W, 39, 2032 MHz, 3996 MHz, 0 %, 0 %
2026/09/20 09:28:41.548, 5, 233.78 W, 36, 2032 MHz, 3996 MHz, 0 %, 0 %
2026/09/20 09:28:41.548, 6, 230.79 W, 32, 2032 MHz, 3996 MHz, 0 %, 0 %
2026/09/20 09:28:41.548, 7, 236.66 W, 32, 2032 MHz, 3996 MHz, 0 %, 0 %
2026/09/20 09:28:42.548, 0, 233.78 W, 37, 2032 MHz, 3996 MHz, 0 %, 0 %
2026/09/20 09:28:42.548, 1, 236.90 W, 39, 2032 MHz, 3996 MHz, 0 %, 0 %
2026/09/20 09:28:42.548, 2, 227.86 W, 32, 2032 MHz, 3996 MHz, 0 %, 0 %
2026/09/20 09:28:42.548, 3, 231.71 W, 32, 2032 MHz, 3996 MHz, 0 %, 0 %
2026/09/20 09:28:42.548, 4, 239.47 W, 39, 2032 MHz, 3996 MHz, 0 %, 0 %
2026/09/20 09:28:42.548, 5, 233.78 W, 36, 2032 MHz, 3996 MHz, 0 %, 0 %
2026/09/20 09:28:42.548, 6, 230.79 W, 32, 2032 MHz, 3996 MHz, 0 %, 0 %
2026/09/20 09:28:42.548, 7, 236.66 W, 32, 2032 MHz, 3996 MHz, 0 %, 0 %
2026/09/20 09:28:43.548, 0, 244.80 W, 37, 2032 MHz, 3996 MHz, 0 %, 0 %
2026/09/20 09:28:43.548, 1, 247.97 W, 39, 2032 MHz, 3996 MHz, 0 %, 0 %
2026/09/20 09:28:43.549, 2, 238.18 W, 32, 2032 MHz, 3996 MHz, 0 %, 0 %
2026/09/20 09:28:43.549, 3, 240.57 W, 32, 2032 MHz, 3996 MHz, 0 %, 0 %
2026/09/20 09:28:43.549, 4, 248.30 W, 39, 2032 MHz, 3996 MHz, 0 %, 0 %
2026/09/20 09:28:43.549, 5, 242.96 W, 36, 2032 MHz, 3996 MHz, 0 %, 0 %
2026/09/20 09:28:43.549, 6, 239.69 W, 32, 2032 MHz, 3996 MHz, 0 %, 0 %
2026/09/20 09:28:43.549, 7, 244.97 W, 32, 2032 MHz, 3996 MHz, 0 %, 0 %
2026/09/20 09:28:44.549, 0, 233.78 W, 37, 2032 MHz, 3996 MHz, 0 %, 0 %
2026/09/20 09:28:44.549, 1, 236.72 W, 39, 2032 MHz, 3996 MHz, 0 %, 0 %
2026/09/20 09:28:44.549, 2, 227.93 W, 32, 2032 MHz, 3996 MHz, 0 %, 0 %
2026/09/20 09:28:44.549, 3, 231.61 W, 32, 2032 MHz, 3996 MHz, 0 %, 0 %
2026/09/20 09:28:44.549, 4, 239.47 W, 39, 2032 MHz, 3996 MHz, 0 %, 0 %
2026/09/20 09:28:44.549, 5, 233.78 W, 36, 2032 MHz, 3996 MHz, 0 %, 0 %
2026/09/20 09:28:44.549, 6, 230.79 W, 32, 2032 MHz, 3996 MHz, 0 %, 0 %
2026/09/20 09:28:44.550, 7, 236.66 W, 32, 2032 MHz, 3996 MHz, 0 %, 0 %
2026/09/20 09:28:45.550, 0, 233.78 W, 37, 2032 MHz, 3996 MHz, 0 %, 0 %
2026/09/20 09:28:45.550, 1, 236.35 W, 39, 2032 MHz, 3996 MHz, 0 %, 0 %
2026/09/20 09:28:45.550, 2, 227.93 W, 32, 2032 MHz, 3996 MHz, 0 %, 0 %
2026/09/20 09:28:45.550, 3, 231.67 W, 32, 2032 MHz, 3996 MHz, 0 %, 0 %
2026/09/20 09:28:45.550, 4, 239.46 W, 38, 2032 MHz, 3996 MHz, 0 %, 0 %
2026/09/20 09:28:45.550, 5, 233.78 W, 36, 2032 MHz, 3996 MHz, 0 %, 0 %
2026/09/20 09:28:45.550, 6, 230.79 W, 32, 2032 MHz, 3996 MHz, 0 %, 0 %
2026/09/20 09:28:45.550, 7, 236.66 W, 32, 2032 MHz, 3996 MHz, 0 %, 0 %
2026/09/20 09:28:46.550, 0, 233.78 W, 37, 2032 MHz, 3996 MHz, 0 %, 0 %
2026/09/20 09:28:46.550, 1, 236.27 W, 39, 2032 MHz, 3996 MHz, 0 %, 0 %
2026/09/20 09:28:46.550, 2, 227.93 W, 32, 2032 MHz, 3996 MHz, 0 %, 0 %
2026/09/20 09:28:46.550, 3, 231.74 W, 32, 2032 MHz, 3996 MHz, 0 %, 0 %
2026/09/20 09:28:46.550, 4, 239.47 W, 38, 2032 MHz, 3996 MHz, 0 %, 0 %
2026/09/20 09:28:46.550, 5, 233.78 W, 36, 2032 MHz, 3996 MHz, 0 %, 0 %
2026/09/20 09:28:46.550, 6, 230.79 W, 32, 2032 MHz, 3996 MHz, 0 %, 0 %
2026/09/20 09:28:46.550, 7, 236.66 W, 32, 2032 MHz, 3996 MHz, 0 %, 0 %
2026/09/20 09:28:47.550, 0, 233.78 W, 37, 2032 MHz, 3996 MHz, 0 %, 0 %
2026/09/20 09:28:47.550, 1, 236.15 W, 39, 2032 MHz, 3996 MHz, 0 %, 0 %
2026/09/20 09:28:47.550, 2, 227.93 W, 32, 2032 MHz, 3996 MHz, 0 %, 0 %
2026/09/20 09:28:47.550, 3, 231.68 W, 32, 2032 MHz, 3996 MHz, 0 %, 0 %
2026/09/20 09:28:47.550, 4, 239.46 W, 38, 2032 MHz, 3996 MHz, 0 %, 0 %
2026/09/20 09:28:47.550, 5, 233.78 W, 36, 2032 MHz, 3996 MHz, 0 %, 0 %
2026/09/20 09:28:47.550, 6, 230.79 W, 32, 2032 MHz, 3996 MHz, 0 %, 0 %
2026/09/20 09:28:47.550, 7, 236.66 W, 32, 2032 MHz, 3996 MHz, 0 %, 0 %
2026/09/20 09:28:48.551, 0, 233.78 W, 37, 2032 MHz, 3996 MHz, 0 %, 0 %
2026/09/20 09:28:48.551, 1, 236.12 W, 39, 2032 MHz, 3996 MHz, 0 %, 0 %
2026/09/20 09:28:48.551, 2, 227.93 W, 32, 2032 MHz, 3996 MHz, 0 %, 0 %
2026/09/20 09:28:48.551, 3, 231.73 W, 32, 2032 MHz, 3996 MHz, 0 %, 0 %
2026/09/20 09:28:48.551, 4, 239.47 W, 38, 2032 MHz, 3996 MHz, 0 %, 0 %
2026/09/20 09:28:48.551, 5, 233.78 W, 36, 2032 MHz, 3996 MHz, 0 %, 0 %
2026/09/20 09:28:48.551, 6, 230.79 W, 32, 2032 MHz, 3996 MHz, 0 %, 0 %
2026/09/20 09:28:48.551, 7, 236.66 W, 32, 2032 MHz, 3996 MHz, 0 %, 0 %
2026/09/20 09:28:49.551, 0, 233.78 W, 37, 2032 MHz, 3996 MHz, 0 %, 0 %
2026/09/20 09:28:49.551, 1, 236.03 W, 39, 2032 MHz, 3996 MHz, 0 %, 0 %
2026/09/20 09:28:49.551, 2, 227.93 W, 32, 2032 MHz, 3996 MHz, 0 %, 0 %
2026/09/20 09:28:49.551, 3, 231.68 W, 32, 2032 MHz, 3996 MHz, 0 %, 0 %
2026/09/20 09:28:49.551, 4, 239.47 W, 38, 2032 MHz, 3996 MHz, 0 %, 0 %
2026/09/20 09:28:49.551, 5, 233.78 W, 36, 2032 MHz, 3996 MHz, 0 %, 0 %
2026/09/20 09:28:49.551, 6, 230.79 W, 32, 2032 MHz, 3996 MHz, 0 %, 0 %
2026/09/20 09:28:49.551, 7, 236.66 W, 32, 2032 MHz, 3996 MHz, 0 %, 0 %
2026/09/20 09:28:50.551, 0, 233.78 W, 37, 2032 MHz, 3996 MHz, 0 %, 0 %
2026/09/20 09:28:50.551, 1, 235.92 W, 39, 2032 MHz, 3996 MHz, 0 %, 0 %
2026/09/20 09:28:50.551, 2, 227.93 W, 32, 2032 MHz, 3996 MHz, 0 %, 0 %
2026/09/20 09:28:50.551, 3, 231.74 W, 32, 2032 MHz, 3996 MHz, 0 %, 0 %
2026/09/20 09:28:50.551, 4, 239.47 W, 38, 2032 MHz, 3996 MHz, 0 %, 0 %
2026/09/20 09:28:50.551, 5, 233.78 W, 36, 2032 MHz, 3996 MHz, 0 %, 0 %
2026/09/20 09:28:50.551, 6, 230.79 W, 31, 2032 MHz, 3996 MHz, 0 %, 0 %
2026/09/20 09:28:50.551, 7, 236.66 W, 32, 2032 MHz, 3996 MHz, 0 %, 0 %
2026/09/20 09:28:51.551, 0, 233.78 W, 37, 2032 MHz, 3996 MHz, 0 %, 0 %
2026/09/20 09:28:51.551, 1, 235.96 W, 39, 2032 MHz, 3996 MHz, 0 %, 0 %
2026/09/20 09:28:51.551, 2, 227.93 W, 32, 2032 MHz, 3996 MHz, 0 %, 0 %
2026/09/20 09:28:51.551, 3, 231.67 W, 32, 2032 MHz, 3996 MHz, 0 %, 0 %
2026/09/20 09:28:51.551, 4, 239.47 W, 38, 2032 MHz, 3996 MHz, 0 %, 0 %
2026/09/20 09:28:51.551, 5, 233.78 W, 36, 2032 MHz, 3996 MHz, 0 %, 0 %
2026/09/20 09:28:51.552, 6, 230.79 W, 31, 2032 MHz, 3996 MHz, 0 %, 0 %
2026/09/20 09:28:51.552, 7, 236.66 W, 32, 2032 MHz, 3996 MHz, 0 %, 0 %
2026/09/20 09:28:52.552, 0, 233.78 W, 37, 2032 MHz, 3996 MHz, 0 %, 0 %
2026/09/20 09:28:52.552, 1, 235.99 W, 39, 2032 MHz, 3996 MHz, 0 %, 0 %
2026/09/20 09:28:52.552, 2, 227.93 W, 32, 2032 MHz, 3996 MHz, 0 %, 0 %
2026/09/20 09:28:52.552, 3, 231.67 W, 31, 2032 MHz, 3996 MHz, 0 %, 0 %
2026/09/20 09:28:52.552, 4, 239.47 W, 38, 2032 MHz, 3996 MHz, 0 %, 0 %
2026/09/20 09:28:52.552, 5, 233.78 W, 36, 2032 MHz, 3996 MHz, 0 %, 0 %
2026/09/20 09:28:52.552, 6, 230.79 W, 31, 2032 MHz, 3996 MHz, 0 %, 0 %
2026/09/20 09:28:52.552, 7, 236.66 W, 32, 2032 MHz, 3996 MHz, 0 %, 0 %
2026/09/20 09:28:53.552, 0, 233.78 W, 37, 2032 MHz, 3996 MHz, 0 %, 0 %
2026/09/20 09:28:53.552, 1, 235.96 W, 39, 2032 MHz, 3996 MHz, 0 %, 0 %
2026/09/20 09:28:53.552, 2, 227.93 W, 32, 2032 MHz, 3996 MHz, 0 %, 0 %
2026/09/20 09:28:53.552, 3, 231.65 W, 31, 2032 MHz, 3996 MHz, 0 %, 0 %
2026/09/20 09:28:53.552, 4, 239.47 W, 38, 2032 MHz, 3996 MHz, 0 %, 0 %
2026/09/20 09:28:53.552, 5, 233.78 W, 36, 2032 MHz, 3996 MHz, 0 %, 0 %
2026/09/20 09:28:53.552, 6, 230.79 W, 31, 2032 MHz, 3996 MHz, 0 %, 0 %
2026/09/20 09:28:53.552, 7, 236.66 W, 32, 2032 MHz, 3996 MHz, 0 %, 0 %
2026/09/20 09:28:54.552, 0, 233.78 W, 37, 2032 MHz, 3996 MHz, 0 %, 0 %
2026/09/20 09:28:54.552, 1, 236.15 W, 39, 2032 MHz, 3996 MHz, 0 %, 0 %
2026/09/20 09:28:54.552, 2, 227.93 W, 32, 2032 MHz, 3996 MHz, 0 %, 0 %
2026/09/20 09:28:54.552, 3, 231.61 W, 31, 2032 MHz, 3996 MHz, 0 %, 0 %
2026/09/20 09:28:54.552, 4, 239.46 W, 38, 2032 MHz, 3996 MHz, 0 %, 0 %
2026/09/20 09:28:54.552, 5, 233.78 W, 36, 2032 MHz, 3996 MHz, 0 %, 0 %
2026/09/20 09:28:54.552, 6, 230.79 W, 31, 2032 MHz, 3996 MHz, 0 %, 0 %
2026/09/20 09:28:54.552, 7, 236.66 W, 32, 2032 MHz, 3996 MHz, 0 %, 0 %
2026/09/20 09:28:55.552, 0, 233.78 W, 37, 2032 MHz, 3996 MHz, 0 %, 0 %
2026/09/20 09:28:55.553, 1, 235.88 W, 39, 2032 MHz, 3996 MHz, 0 %, 0 %
2026/09/20 09:28:55.553, 2, 227.93 W, 32, 2032 MHz, 3996 MHz, 0 %, 0 %
2026/09/20 09:28:55.553, 3, 231.66 W, 31, 2032 MHz, 3996 MHz, 0 %, 0 %
2026/09/20 09:28:55.553, 4, 239.46 W, 38, 2032 MHz, 3996 MHz, 0 %, 0 %
2026/09/20 09:28:55.553, 5, 233.78 W, 36, 2032 MHz, 3996 MHz, 0 %, 0 %
2026/09/20 09:28:55.553, 6, 230.79 W, 31, 2032 MHz, 3996 MHz, 0 %, 0 %
2026/09/20 09:28:55.553, 7, 236.66 W, 32, 2032 MHz, 3996 MHz, 0 %, 0 %
2026/09/20 09:28:56.553, 0, 233.78 W, 37, 2032 MHz, 3996 MHz, 0 %, 0 %
2026/09/20 09:28:56.553, 1, 235.92 W, 39, 2032 MHz, 3996 MHz, 0 %, 0 %
2026/09/20 09:28:56.553, 2, 227.93 W, 32, 2032 MHz, 3996 MHz, 0 %, 0 %
2026/09/20 09:28:56.553, 3, 231.65 W, 31, 2032 MHz, 3996 MHz, 0 %, 0 %
2026/09/20 09:28:56.553, 4, 239.47 W, 38, 2032 MHz, 3996 MHz, 0 %, 0 %
2026/09/20 09:28:56.553, 5, 233.78 W, 36, 2032 MHz, 3996 MHz, 0 %, 0 %
2026/09/20 09:28:56.553, 6, 230.79 W, 31, 2032 MHz, 3996 MHz, 0 %, 0 %
2026/09/20 09:28:56.553, 7, 236.66 W, 32, 2032 MHz, 3996 MHz, 0 %, 0 %
2026/09/20 09:28:57.553, 0, 233.78 W, 37, 2032 MHz, 3996 MHz, 0 %, 0 %
2026/09/20 09:28:57.553, 1, 235.92 W, 39, 2032 MHz, 3996 MHz, 0 %, 0 %
2026/09/20 09:28:57.553, 2, 227.90 W, 32, 2032 MHz, 3996 MHz, 0 %, 0 %
2026/09/20 09:28:57.553, 3, 231.64 W, 31, 2032 MHz, 3996 MHz, 0 %, 0 %
2026/09/20 09:28:57.553, 4, 239.47 W, 38, 2032 MHz, 3996 MHz, 0 %, 0 %
2026/09/20 09:28:57.553, 5, 233.78 W, 36, 2032 MHz, 3996 MHz, 0 %, 0 %
2026/09/20 09:28:57.553, 6, 230.79 W, 31, 2032 MHz, 3996 MHz, 0 %, 0 %
2026/09/20 09:28:57.553, 7, 236.62 W, 32, 2032 MHz, 3996 MHz, 0 %, 0 %
2026/09/20 09:28:58.553, 0, 233.78 W, 37, 2032 MHz, 3996 MHz, 0 %, 0 %
2026/09/20 09:28:58.554, 1, 235.88 W, 39, 2032 MHz, 3996 MHz, 0 %, 0 %
2026/09/20 09:28:58.554, 2, 227.93 W, 32, 2032 MHz, 3996 MHz, 0 %, 0 %
2026/09/20 09:28:58.554, 3, 231.65 W, 31, 2032 MHz, 3996 MHz, 0 %, 0 %
2026/09/20 09:28:58.554, 4, 239.47 W, 38, 2032 MHz, 3996 MHz, 0 %, 0 %
2026/09/20 09:28:58.554, 5, 233.78 W, 36, 2032 MHz, 3996 MHz, 0 %, 0 %
2026/09/20 09:28:58.554, 6, 230.79 W, 31, 2032 MHz, 3996 MHz, 0 %, 0 %
2026/09/20 09:28:58.554, 7, 236.66 W, 32, 2032 MHz, 3996 MHz, 0 %, 0 %
2026/09/20 09:28:59.554, 0, 255.21 W, 39, 2032 MHz, 3996 MHz, 63 %, 1 %
2026/09/20 09:28:59.554, 1, 235.96 W, 39, 2032 MHz, 3996 MHz, 0 %, 0 %
2026/09/20 09:28:59.554, 2, 234.29 W, 32, 2032 MHz, 3996 MHz, 0 %, 0 %
2026/09/20 09:28:59.554, 3, 231.65 W, 31, 2032 MHz, 3996 MHz, 0 %, 0 %
2026/09/20 09:28:59.554, 4, 256.83 W, 39, 2032 MHz, 3996 MHz, 55 %, 1 %
2026/09/20 09:28:59.554, 5, 239.16 W, 37, 2032 MHz, 3996 MHz, 0 %, 0 %
2026/09/20 09:28:59.554, 6, 247.60 W, 32, 2032 MHz, 3996 MHz, 57 %, 1 %
2026/09/20 09:28:59.554, 7, 254.06 W, 32, 2032 MHz, 3996 MHz, 20 %, 0 %
2026/09/20 09:29:00.554, 0, 456.67 W, 42, 2032 MHz, 3996 MHz, 93 %, 25 %
2026/09/20 09:29:00.554, 1, 770.28 W, 47, 2032 MHz, 3996 MHz, 96 %, 5 %
2026/09/20 09:29:00.554, 2, 766.93 W, 46, 1972 MHz, 3996 MHz, 94 %, 28 %
2026/09/20 09:29:00.554, 3, 747.50 W, 46, 2017 MHz, 3996 MHz, 100 %, 29 %
2026/09/20 09:29:00.554, 4, 775.70 W, 53, 2002 MHz, 3996 MHz, 93 %, 33 %
2026/09/20 09:29:00.554, 5, 431.26 W, 40, 2032 MHz, 3996 MHz, 100 %, 7 %
2026/09/20 09:29:00.554, 6, 459.48 W, 36, 2032 MHz, 3996 MHz, 93 %, 21 %
2026/09/20 09:29:00.554, 7, 452.60 W, 37, 2032 MHz, 3996 MHz, 98 %, 8 %
2026/09/20 09:29:01.554, 0, 654.05 W, 44, 2032 MHz, 3996 MHz, 100 %, 48 %
2026/09/20 09:29:01.554, 1, 672.53 W, 46, 2032 MHz, 3996 MHz, 100 %, 49 %
2026/09/20 09:29:01.554, 2, 664.37 W, 40, 2032 MHz, 3996 MHz, 100 %, 49 %
2026/09/20 09:29:01.554, 3, 676.81 W, 40, 2032 MHz, 3996 MHz, 100 %, 48 %
2026/09/20 09:29:01.554, 4, 677.89 W, 47, 2032 MHz, 3996 MHz, 100 %, 48 %
2026/09/20 09:29:01.555, 5, 644.83 W, 43, 2032 MHz, 3996 MHz, 100 %, 48 %
2026/09/20 09:29:01.555, 6, 643.07 W, 38, 2032 MHz, 3996 MHz, 100 %, 48 %
2026/09/20 09:29:01.555, 7, 660.04 W, 39, 2032 MHz, 3996 MHz, 100 %, 49 %
2026/09/20 09:29:02.555, 0, 662.73 W, 44, 2032 MHz, 3996 MHz, 100 %, 48 %
2026/09/20 09:29:02.555, 1, 692.65 W, 47, 2032 MHz, 3996 MHz, 100 %, 48 %
2026/09/20 09:29:02.555, 2, 674.90 W, 40, 2032 MHz, 3996 MHz, 100 %, 48 %
2026/09/20 09:29:02.555, 3, 673.18 W, 40, 2032 MHz, 3996 MHz, 100 %, 48 %
2026/09/20 09:29:02.555, 4, 687.14 W, 47, 2032 MHz, 3996 MHz, 100 %, 48 %
2026/09/20 09:29:02.555, 5, 667.72 W, 43, 2032 MHz, 3996 MHz, 100 %, 48 %
2026/09/20 09:29:02.555, 6, 655.42 W, 39, 2032 MHz, 3996 MHz, 100 %, 48 %
2026/09/20 09:29:02.555, 7, 670.49 W, 39, 2032 MHz, 3996 MHz, 100 %, 48 %
2026/09/20 09:29:03.555, 0, 660.82 W, 45, 2032 MHz, 3996 MHz, 100 %, 48 %
2026/09/20 09:29:03.555, 1, 688.09 W, 47, 2032 MHz, 3996 MHz, 100 %, 49 %
2026/09/20 09:29:03.555, 2, 669.73 W, 40, 2032 MHz, 3996 MHz, 100 %, 48 %
2026/09/20 09:29:03.555, 3, 673.04 W, 40, 2032 MHz, 3996 MHz, 100 %, 48 %
2026/09/20 09:29:03.555, 4, 684.52 W, 47, 2032 MHz, 3996 MHz, 100 %, 48 %
2026/09/20 09:29:03.555, 5, 664.51 W, 43, 2032 MHz, 3996 MHz, 100 %, 48 %
2026/09/20 09:29:03.555, 6, 654.28 W, 39, 2032 MHz, 3996 MHz, 100 %, 48 %
2026/09/20 09:29:03.555, 7, 667.64 W, 39, 2032 MHz, 3996 MHz, 100 %, 48 %
2026/09/20 09:29:04.555, 0, 662.90 W, 45, 2032 MHz, 3996 MHz, 100 %, 48 %
2026/09/20 09:29:04.555, 1, 690.58 W, 48, 2032 MHz, 3996 MHz, 100 %, 49 %
2026/09/20 09:29:04.555, 2, 672.97 W, 41, 2032 MHz, 3996 MHz, 100 %, 49 %
2026/09/20 09:29:04.555, 3, 676.04 W, 41, 2032 MHz, 3996 MHz, 100 %, 48 %
2026/09/20 09:29:04.555, 4, 688.93 W, 47, 2032 MHz, 3996 MHz, 99 %, 48 %
2026/09/20 09:29:04.555, 5, 667.89 W, 44, 2032 MHz, 3996 MHz, 100 %, 49 %
2026/09/20 09:29:04.555, 6, 656.52 W, 39, 2032 MHz, 3996 MHz, 100 %, 48 %
2026/09/20 09:29:04.555, 7, 672.13 W, 40, 2032 MHz, 3996 MHz, 100 %, 48 %
2026/09/20 09:29:05.556, 0, 672.16 W, 46, 2032 MHz, 3996 MHz, 100 %, 49 %
2026/09/20 09:29:05.556, 1, 699.35 W, 48, 2032 MHz, 3996 MHz, 100 %, 50 %
2026/09/20 09:29:05.556, 2, 679.75 W, 41, 2032 MHz, 3996 MHz, 100 %, 49 %
2026/09/20 09:29:05.556, 3, 678.86 W, 41, 2032 MHz, 3996 MHz, 100 %, 49 %
2026/09/20 09:29:05.556, 4, 694.75 W, 48, 2032 MHz, 3996 MHz, 100 %, 49 %
2026/09/20 09:29:05.556, 5, 674.29 W, 44, 2032 MHz, 3996 MHz, 100 %, 49 %
2026/09/20 09:29:05.556, 6, 660.25 W, 40, 2032 MHz, 3996 MHz, 100 %, 48 %
2026/09/20 09:29:05.556, 7, 675.56 W, 40, 2032 MHz, 3996 MHz, 100 %, 49 %
2026/09/20 09:29:06.556, 0, 572.78 W, 44, 2032 MHz, 3996 MHz, 97 %, 4 %
2026/09/20 09:29:06.556, 1, 611.94 W, 46, 2032 MHz, 3996 MHz, 100 %, 5 %
2026/09/20 09:29:06.556, 2, 589.07 W, 39, 2032 MHz, 3996 MHz, 100 %, 5 %
2026/09/20 09:29:06.556, 3, 599.45 W, 38, 2032 MHz, 3996 MHz, 100 %, 5 %
2026/09/20 09:29:06.556, 4, 595.05 W, 46, 2032 MHz, 3996 MHz, 99 %, 4 %
2026/09/20 09:29:06.556, 5, 754.91 W, 49, 2032 MHz, 3996 MHz, 100 %, 28 %
2026/09/20 09:29:06.556, 6, 565.97 W, 38, 2032 MHz, 3996 MHz, 96 %, 4 %
2026/09/20 09:29:06.556, 7, 586.52 W, 39, 2032 MHz, 3996 MHz, 97 %, 4 %
2026/09/20 09:29:07.556, 0, 539.10 W, 43, 2032 MHz, 3996 MHz, 100 %, 5 %
2026/09/20 09:29:07.556, 1, 562.49 W, 46, 2032 MHz, 3996 MHz, 100 %, 21 %
2026/09/20 09:29:07.556, 2, 540.60 W, 39, 2032 MHz, 3996 MHz, 100 %, 4 %
2026/09/20 09:29:07.556, 3, 552.54 W, 39, 2032 MHz, 3996 MHz, 100 %, 4 %
2026/09/20 09:29:07.556, 4, 562.62 W, 45, 2032 MHz, 3996 MHz, 100 %, 5 %
2026/09/20 09:29:07.556, 5, 695.96 W, 43, 2032 MHz, 3996 MHz, 100 %, 6 %
2026/09/20 09:29:07.556, 6, 703.64 W, 46, 2017 MHz, 3996 MHz, 100 %, 29 %
2026/09/20 09:29:07.556, 7, 553.19 W, 38, 2032 MHz, 3996 MHz, 100 %, 5 %
2026/09/20 09:29:08.556, 0, 526.63 W, 42, 2010 MHz, 3996 MHz, 61 %, 15 %
2026/09/20 09:29:08.556, 1, 503.05 W, 45, 2032 MHz, 3996 MHz, 100 %, 5 %
2026/09/20 09:29:08.556, 2, 498.25 W, 39, 2032 MHz, 3996 MHz, 100 %, 5 %
2026/09/20 09:29:08.556, 3, 492.50 W, 38, 2032 MHz, 3996 MHz, 100 %, 5 %
2026/09/20 09:29:08.556, 4, 523.99 W, 46, 2032 MHz, 3996 MHz, 100 %, 4 %
2026/09/20 09:29:08.556, 5, 501.39 W, 43, 2032 MHz, 3996 MHz, 100 %, 5 %
2026/09/20 09:29:08.557, 6, 664.62 W, 39, 2032 MHz, 3996 MHz, 100 %, 5 %
2026/09/20 09:29:08.557, 7, 682.78 W, 47, 2032 MHz, 3996 MHz, 84 %, 19 %
2026/09/20 09:29:09.557, 0, 848.02 W, 47, 2032 MHz, 3996 MHz, 100 %, 50 %
2026/09/20 09:29:09.557, 1, 544.76 W, 47, 2032 MHz, 3996 MHz, 100 %, 49 %
2026/09/20 09:29:09.557, 2, 537.85 W, 41, 2032 MHz, 3996 MHz, 100 %, 50 %
2026/09/20 09:29:09.557, 3, 525.15 W, 40, 2032 MHz, 3996 MHz, 100 %, 49 %
2026/09/20 09:29:09.557, 4, 550.78 W, 47, 2032 MHz, 3996 MHz, 100 %, 50 %
2026/09/20 09:29:09.557, 5, 539.48 W, 45, 2032 MHz, 3996 MHz, 100 %, 50 %
2026/09/20 09:29:09.557, 6, 542.79 W, 40, 2032 MHz, 3996 MHz, 100 %, 49 %
2026/09/20 09:29:09.557, 7, 694.50 W, 41, 2032 MHz, 3996 MHz, 100 %, 49 %
2026/09/20 09:29:10.557, 0, 703.75 W, 47, 2032 MHz, 3996 MHz, 100 %, 50 %
2026/09/20 09:29:10.557, 1, 700.43 W, 49, 2032 MHz, 3996 MHz, 100 %, 50 %
2026/09/20 09:29:10.557, 2, 688.69 W, 41, 2032 MHz, 3996 MHz, 100 %, 50 %
2026/09/20 09:29:10.557, 3, 683.22 W, 41, 2032 MHz, 3996 MHz, 100 %, 50 %
2026/09/20 09:29:10.557, 4, 702.76 W, 48, 2032 MHz, 3996 MHz, 100 %, 50 %
2026/09/20 09:29:10.557, 5, 706.86 W, 46, 2032 MHz, 3996 MHz, 99 %, 50 %
2026/09/20 09:29:10.557, 6, 689.25 W, 41, 2032 MHz, 3996 MHz, 100 %, 49 %
2026/09/20 09:29:10.557, 7, 703.34 W, 42, 2032 MHz, 3996 MHz, 100 %, 49 %
2026/09/20 09:29:11.557, 0, 706.78 W, 47, 2032 MHz, 3996 MHz, 100 %, 50 %
2026/09/20 09:29:11.557, 1, 708.84 W, 49, 2032 MHz, 3996 MHz, 100 %, 50 %
2026/09/20 09:29:11.557, 2, 694.55 W, 42, 2032 MHz, 3996 MHz, 100 %, 50 %
2026/09/20 09:29:11.557, 3, 689.73 W, 42, 2032 MHz, 3996 MHz, 100 %, 51 %
2026/09/20 09:29:11.557, 4, 705.55 W, 49, 2032 MHz, 3996 MHz, 100 %, 50 %
2026/09/20 09:29:11.557, 5, 708.87 W, 46, 2032 MHz, 3996 MHz, 100 %, 50 %
2026/09/20 09:29:11.557, 6, 693.99 W, 41, 2032 MHz, 3996 MHz, 100 %, 50 %
2026/09/20 09:29:11.557, 7, 708.79 W, 42, 2032 MHz, 3996 MHz, 100 %, 50 %
2026/09/20 09:29:12.558, 0, 707.89 W, 48, 2032 MHz, 3996 MHz, 100 %, 51 %
2026/09/20 09:29:12.558, 1, 713.36 W, 49, 2032 MHz, 3996 MHz, 100 %, 51 %
2026/09/20 09:29:12.558, 2, 697.09 W, 42, 2032 MHz, 3996 MHz, 100 %, 50 %
2026/09/20 09:29:12.558, 3, 690.48 W, 42, 2032 MHz, 3996 MHz, 100 %, 50 %
2026/09/20 09:29:12.558, 4, 710.36 W, 49, 2032 MHz, 3996 MHz, 100 %, 50 %
2026/09/20 09:29:12.558, 5, 713.53 W, 46, 2032 MHz, 3996 MHz, 100 %, 51 %
2026/09/20 09:29:12.558, 6, 697.56 W, 41, 2032 MHz, 3996 MHz, 100 %, 49 %
2026/09/20 09:29:12.558, 7, 714.90 W, 42, 2032 MHz, 3996 MHz, 100 %, 50 %
2026/09/20 09:29:13.558, 0, 710.66 W, 48, 2032 MHz, 3996 MHz, 99 %, 50 %
2026/09/20 09:29:13.558, 1, 715.80 W, 50, 2032 MHz, 3996 MHz, 100 %, 51 %
2026/09/20 09:29:13.558, 2, 700.35 W, 42, 2032 MHz, 3996 MHz, 100 %, 51 %
2026/09/20 09:29:13.558, 3, 692.12 W, 42, 2032 MHz, 3996 MHz, 100 %, 50 %
2026/09/20 09:29:13.558, 4, 711.93 W, 49, 2032 MHz, 3996 MHz, 100 %, 50 %
2026/09/20 09:29:13.558, 5, 717.87 W, 47, 2032 MHz, 3996 MHz, 100 %, 51 %
2026/09/20 09:29:13.558, 6, 695.72 W, 42, 2032 MHz, 3996 MHz, 99 %, 49 %
2026/09/20 09:29:13.558, 7, 716.79 W, 42, 2032 MHz, 3996 MHz, 100 %, 50 %
2026/09/20 09:29:14.558, 0, 711.05 W, 48, 2032 MHz, 3996 MHz, 99 %, 51 %
2026/09/20 09:29:14.558, 1, 716.21 W, 50, 2032 MHz, 3996 MHz, 100 %, 51 %
2026/09/20 09:29:14.558, 2, 697.86 W, 42, 2032 MHz, 3996 MHz, 100 %, 51 %
2026/09/20 09:29:14.558, 3, 694.39 W, 42, 2032 MHz, 3996 MHz, 100 %, 51 %
2026/09/20 09:29:14.558, 4, 713.60 W, 49, 2032 MHz, 3996 MHz, 100 %, 50 %
2026/09/20 09:29:14.558, 5, 716.64 W, 47, 2032 MHz, 3996 MHz, 100 %, 51 %
2026/09/20 09:29:14.558, 6, 696.36 W, 42, 2032 MHz, 3996 MHz, 99 %, 49 %
2026/09/20 09:29:14.558, 7, 716.27 W, 42, 2032 MHz, 3996 MHz, 100 %, 49 %
2026/09/20 09:29:15.558, 0, 685.49 W, 48, 2032 MHz, 3996 MHz, 100 %, 48 %
2026/09/20 09:29:15.558, 1, 705.16 W, 50, 2032 MHz, 3996 MHz, 100 %, 50 %
2026/09/20 09:29:15.558, 2, 679.69 W, 42, 2032 MHz, 3996 MHz, 100 %, 49 %
2026/09/20 09:29:15.558, 3, 680.18 W, 42, 2032 MHz, 3996 MHz, 100 %, 49 %
2026/09/20 09:29:15.558, 4, 695.91 W, 49, 2032 MHz, 3996 MHz, 100 %, 48 %
2026/09/20 09:29:15.559, 5, 686.74 W, 46, 2032 MHz, 3996 MHz, 100 %, 48 %
2026/09/20 09:29:15.559, 6, 675.73 W, 42, 2032 MHz, 3996 MHz, 100 %, 47 %
2026/09/20 09:29:15.559, 7, 698.10 W, 42, 2032 MHz, 3996 MHz, 100 %, 48 %
2026/09/20 09:29:16.559, 0, 489.94 W, 46, 2032 MHz, 3996 MHz, 95 %, 7 %
2026/09/20 09:29:16.559, 1, 818.21 W, 51, 2032 MHz, 3996 MHz, 95 %, 17 %
2026/09/20 09:29:16.559, 2, 769.48 W, 49, 1987 MHz, 3996 MHz, 77 %, 22 %
2026/09/20 09:29:16.559, 3, 735.37 W, 49, 2032 MHz, 3996 MHz, 86 %, 19 %
2026/09/20 09:29:16.559, 4, 612.37 W, 55, 1935 MHz, 3996 MHz, 100 %, 29 %
2026/09/20 09:29:16.559, 5, 474.90 W, 44, 2032 MHz, 3996 MHz, 95 %, 6 %
2026/09/20 09:29:16.559, 6, 474.07 W, 40, 2032 MHz, 3996 MHz, 100 %, 8 %
2026/09/20 09:29:16.559, 7, 470.42 W, 40, 2032 MHz, 3996 MHz, 100 %, 7 %
2026/09/20 09:29:17.559, 0, 587.30 W, 48, 2032 MHz, 3996 MHz, 100 %, 50 %
2026/09/20 09:29:17.559, 1, 607.78 W, 50, 2032 MHz, 3996 MHz, 100 %, 50 %
2026/09/20 09:29:17.559, 2, 660.12 W, 43, 2032 MHz, 3996 MHz, 100 %, 50 %
2026/09/20 09:29:17.559, 3, 644.70 W, 43, 2032 MHz, 3996 MHz, 100 %, 50 %
2026/09/20 09:29:17.559, 4, 803.11 W, 51, 2032 MHz, 3996 MHz, 100 %, 50 %
2026/09/20 09:29:17.559, 5, 591.17 W, 46, 2032 MHz, 3996 MHz, 100 %, 50 %
2026/09/20 09:29:17.559, 6, 588.01 W, 41, 2032 MHz, 3996 MHz, 100 %, 49 %
2026/09/20 09:29:17.559, 7, 595.80 W, 42, 2032 MHz, 3996 MHz, 100 %, 49 %
2026/09/20 09:29:18.559, 0, 700.83 W, 48, 2032 MHz, 3996 MHz, 100 %, 51 %
2026/09/20 09:29:18.559, 1, 727.20 W, 51, 2032 MHz, 3996 MHz, 100 %, 50 %
2026/09/20 09:29:18.559, 2, 706.68 W, 43, 2032 MHz, 3996 MHz, 100 %, 50 %
2026/09/20 09:29:18.559, 3, 704.60 W, 43, 2032 MHz, 3996 MHz, 100 %, 50 %
2026/09/20 09:29:18.559, 4, 721.87 W, 51, 2032 MHz, 3996 MHz, 100 %, 50 %
2026/09/20 09:29:18.559, 5, 701.48 W, 47, 2032 MHz, 3996 MHz, 100 %, 50 %
2026/09/20 09:29:18.559, 6, 683.02 W, 42, 2032 MHz, 3996 MHz, 100 %, 49 %
2026/09/20 09:29:18.559, 7, 704.37 W, 43, 2032 MHz, 3996 MHz, 100 %, 49 %
2026/09/20 09:29:19.560, 0, 703.58 W, 49, 2032 MHz, 3996 MHz, 100 %, 51 %
2026/09/20 09:29:19.560, 1, 727.92 W, 51, 2032 MHz, 3996 MHz, 100 %, 51 %
2026/09/20 09:29:19.560, 2, 710.34 W, 44, 2032 MHz, 3996 MHz, 100 %, 51 %
2026/09/20 09:29:19.560, 3, 709.38 W, 43, 2032 MHz, 3996 MHz, 100 %, 50 %
2026/09/20 09:29:19.560, 4, 722.75 W, 51, 2032 MHz, 3996 MHz, 100 %, 50 %
2026/09/20 09:29:19.560, 5, 701.73 W, 47, 2032 MHz, 3996 MHz, 100 %, 50 %
2026/09/20 09:29:19.560, 6, 687.65 W, 42, 2032 MHz, 3996 MHz, 100 %, 50 %
2026/09/20 09:29:19.560, 7, 706.71 W, 43, 2032 MHz, 3996 MHz, 100 %, 50 %
2026/09/20 09:29:20.560, 0, 702.71 W, 49, 2032 MHz, 3996 MHz, 100 %, 50 %
2026/09/20 09:29:20.560, 1, 730.41 W, 51, 2032 MHz, 3996 MHz, 100 %, 51 %
2026/09/20 09:29:20.560, 2, 711.94 W, 44, 2032 MHz, 3996 MHz, 100 %, 50 %
2026/09/20 09:29:20.560, 3, 706.42 W, 44, 2032 MHz, 3996 MHz, 100 %, 50 %
2026/09/20 09:29:20.560, 4, 724.65 W, 51, 2032 MHz, 3996 MHz, 100 %, 50 %
2026/09/20 09:29:20.560, 5, 701.51 W, 48, 2032 MHz, 3996 MHz, 100 %, 50 %
2026/09/20 09:29:20.560, 6, 685.96 W, 42, 2032 MHz, 3996 MHz, 100 %, 49 %
2026/09/20 09:29:20.560, 7, 709.11 W, 43, 2032 MHz, 3996 MHz, 100 %, 49 %
2026/09/20 09:29:21.560, 0, 703.58 W, 49, 2032 MHz, 3996 MHz, 100 %, 50 %
2026/09/20 09:29:21.560, 1, 730.60 W, 51, 2032 MHz, 3996 MHz, 100 %, 51 %
2026/09/20 09:29:21.560, 2, 708.06 W, 44, 2032 MHz, 3996 MHz, 99 %, 51 %
2026/09/20 09:29:21.560, 3, 709.64 W, 44, 2032 MHz, 3996 MHz, 100 %, 50 %
2026/09/20 09:29:21.560, 4, 728.47 W, 51, 2032 MHz, 3996 MHz, 100 %, 50 %
2026/09/20 09:29:21.560, 5, 703.88 W, 48, 2032 MHz, 3996 MHz, 100 %, 50 %
2026/09/20 09:29:21.560, 6, 688.09 W, 42, 2032 MHz, 3996 MHz, 100 %, 49 %
2026/09/20 09:29:21.560, 7, 707.20 W, 43, 2032 MHz, 3996 MHz, 100 %, 50 %
2026/09/20 09:29:22.560, 0, 593.78 W, 47, 2032 MHz, 3996 MHz, 100 %, 5 %
2026/09/20 09:29:22.560, 1, 613.43 W, 48, 2032 MHz, 3996 MHz, 100 %, 5 %
2026/09/20 09:29:22.560, 2, 586.18 W, 41, 2032 MHz, 3996 MHz, 100 %, 5 %
2026/09/20 09:29:22.560, 3, 593.80 W, 41, 2032 MHz, 3996 MHz, 100 %, 5 %
2026/09/20 09:29:22.561, 4, 591.23 W, 48, 2032 MHz, 3996 MHz, 100 %, 5 %
2026/09/20 09:29:22.561, 5, 830.22 W, 55, 2032 MHz, 3996 MHz, 100 %, 28 %
2026/09/20 09:29:22.561, 6, 562.87 W, 40, 2032 MHz, 3996 MHz, 100 %, 5 %
2026/09/20 09:29:22.561, 7, 582.89 W, 40, 2032 MHz, 3996 MHz, 100 %, 5 %
2026/09/20 09:29:23.561, 0, 638.43 W, 49, 2032 MHz, 3996 MHz, 100 %, 51 %
2026/09/20 09:29:23.561, 1, 660.40 W, 51, 2032 MHz, 3996 MHz, 100 %, 52 %
2026/09/20 09:29:23.561, 2, 646.86 W, 43, 2032 MHz, 3996 MHz, 100 %, 52 %
2026/09/20 09:29:23.561, 3, 636.59 W, 44, 2032 MHz, 3996 MHz, 100 %, 50 %
2026/09/20 09:29:23.561, 4, 662.59 W, 50, 2032 MHz, 3996 MHz, 100 %, 5 %
2026/09/20 09:29:23.561, 5, 743.08 W, 47, 2032 MHz, 3996 MHz, 100 %, 51 %
2026/09/20 09:29:23.561, 6, 710.64 W, 47, 2017 MHz, 3996 MHz, 100 %, 29 %
2026/09/20 09:29:23.561, 7, 646.80 W, 41, 2032 MHz, 3996 MHz, 100 %, 20 %
2026/09/20 09:29:24.561, 0, 470.67 W, 47, 2032 MHz, 3996 MHz, 100 %, 5 %
2026/09/20 09:29:24.561, 1, 485.61 W, 48, 2032 MHz, 3996 MHz, 100 %, 19 %
2026/09/20 09:29:24.561, 2, 469.02 W, 40, 2032 MHz, 3996 MHz, 100 %, 5 %
2026/09/20 09:29:24.561, 3, 466.45 W, 41, 2032 MHz, 3996 MHz, 100 %, 5 %
2026/09/20 09:29:24.561, 4, 484.92 W, 48, 2032 MHz, 3996 MHz, 99 %, 5 %
2026/09/20 09:29:24.561, 5, 468.79 W, 45, 2032 MHz, 3996 MHz, 100 %, 5 %
2026/09/20 09:29:24.561, 6, 749.73 W, 41, 2032 MHz, 3996 MHz, 99 %, 5 %
2026/09/20 09:29:24.561, 7, 660.04 W, 48, 2025 MHz, 3996 MHz, 100 %, 28 %
2026/09/20 09:29:25.561, 0, 640.44 W, 54, 2025 MHz, 3996 MHz, 100 %, 50 %
2026/09/20 09:29:25.561, 1, 576.87 W, 49, 2032 MHz, 3996 MHz, 100 %, 51 %
2026/09/20 09:29:25.561, 2, 571.78 W, 41, 2032 MHz, 3996 MHz, 100 %, 51 %
2026/09/20 09:29:25.561, 3, 566.71 W, 42, 2032 MHz, 3996 MHz, 100 %, 48 %
2026/09/20 09:29:25.561, 4, 578.68 W, 49, 2032 MHz, 3996 MHz, 100 %, 5 %
2026/09/20 09:29:25.561, 5, 574.03 W, 46, 2032 MHz, 3996 MHz, 100 %, 51 %
2026/09/20 09:29:25.561, 6, 566.20 W, 41, 2032 MHz, 3996 MHz, 100 %, 5 %
2026/09/20 09:29:25.561, 7, 741.19 W, 41, 2032 MHz, 3996 MHz, 100 %, 5 %
2026/09/20 09:29:26.562, 0, 812.65 W, 50, 2032 MHz, 3996 MHz, 100 %, 50 %
2026/09/20 09:29:26.562, 1, 584.93 W, 51, 2032 MHz, 3996 MHz, 100 %, 50 %
2026/09/20 09:29:26.562, 2, 569.81 W, 43, 2032 MHz, 3996 MHz, 100 %, 50 %
2026/09/20 09:29:26.562, 3, 563.98 W, 43, 2032 MHz, 3996 MHz, 100 %, 50 %
2026/09/20 09:29:26.562, 4, 613.24 W, 51, 2032 MHz, 3996 MHz, 100 %, 50 %
2026/09/20 09:29:26.562, 5, 584.74 W, 48, 2032 MHz, 3996 MHz, 100 %, 51 %
2026/09/20 09:29:26.562, 6, 597.18 W, 43, 2032 MHz, 3996 MHz, 100 %, 50 %
2026/09/20 09:29:26.562, 7, 599.95 W, 44, 2032 MHz, 3996 MHz, 100 %, 50 %
2026/09/20 09:29:27.562, 0, 715.14 W, 50, 2032 MHz, 3996 MHz, 100 %, 50 %
2026/09/20 09:29:27.562, 1, 709.03 W, 52, 2032 MHz, 3996 MHz, 100 %, 50 %
2026/09/20 09:29:27.562, 2, 690.72 W, 44, 2032 MHz, 3996 MHz, 100 %, 50 %
2026/09/20 09:29:27.562, 3, 690.47 W, 43, 2032 MHz, 3996 MHz, 100 %, 50 %
2026/09/20 09:29:27.562, 4, 718.59 W, 52, 2032 MHz, 3996 MHz, 100 %, 50 %
2026/09/20 09:29:27.562, 5, 717.34 W, 49, 2032 MHz, 3996 MHz, 100 %, 51 %
2026/09/20 09:29:27.562, 6, 699.07 W, 43, 2032 MHz, 3996 MHz, 100 %, 50 %
2026/09/20 09:29:27.562, 7, 718.61 W, 44, 2032 MHz, 3996 MHz, 100 %, 50 %
2026/09/20 09:29:28.562, 0, 716.01 W, 50, 2032 MHz, 3996 MHz, 100 %, 51 %
2026/09/20 09:29:28.562, 1, 715.46 W, 52, 2032 MHz, 3996 MHz, 100 %, 51 %
2026/09/20 09:29:28.562, 2, 699.12 W, 44, 2032 MHz, 3996 MHz, 100 %, 51 %
2026/09/20 09:29:28.562, 3, 699.67 W, 44, 2032 MHz, 3996 MHz, 100 %, 50 %
2026/09/20 09:29:28.562, 4, 722.11 W, 52, 2032 MHz, 3996 MHz, 100 %, 50 %
2026/09/20 09:29:28.562, 5, 719.39 W, 49, 2032 MHz, 3996 MHz, 100 %, 51 %
2026/09/20 09:29:28.562, 6, 704.15 W, 43, 2032 MHz, 3996 MHz, 100 %, 50 %
2026/09/20 09:29:28.562, 7, 724.70 W, 44, 2032 MHz, 3996 MHz, 100 %, 50 %
2026/09/20 09:29:29.562, 0, 719.98 W, 51, 2032 MHz, 3996 MHz, 100 %, 51 %
2026/09/20 09:29:29.562, 1, 719.94 W, 52, 2032 MHz, 3996 MHz, 100 %, 51 %
2026/09/20 09:29:29.562, 2, 701.19 W, 44, 2032 MHz, 3996 MHz, 100 %, 51 %
2026/09/20 09:29:29.562, 3, 701.39 W, 44, 2032 MHz, 3996 MHz, 100 %, 50 %
2026/09/20 09:29:29.562, 4, 721.93 W, 52, 2032 MHz, 3996 MHz, 100 %, 50 %
2026/09/20 09:29:29.562, 5, 726.55 W, 50, 2032 MHz, 3996 MHz, 100 %, 51 %
2026/09/20 09:29:29.563, 6, 711.32 W, 44, 2032 MHz, 3996 MHz, 100 %, 50 %
2026/09/20 09:29:29.563, 7, 725.90 W, 44, 2032 MHz, 3996 MHz, 100 %, 50 %
2026/09/20 09:29:30.563, 0, 666.67 W, 49, 2032 MHz, 3996 MHz, 100 %, 33 %
2026/09/20 09:29:30.563, 1, 781.04 W, 58, 1995 MHz, 3996 MHz, 100 %, 50 %
2026/09/20 09:29:30.563, 2, 640.95 W, 42, 2032 MHz, 3996 MHz, 100 %, 32 %
2026/09/20 09:29:30.563, 3, 647.98 W, 43, 2032 MHz, 3996 MHz, 100 %, 28 %
2026/09/20 09:29:30.563, 4, 648.30 W, 50, 2032 MHz, 3996 MHz, 100 %, 5 %
2026/09/20 09:29:30.563, 5, 657.37 W, 47, 2032 MHz, 3996 MHz, 100 %, 33 %
2026/09/20 09:29:30.563, 6, 636.42 W, 41, 2032 MHz, 3996 MHz, 100 %, 5 %
2026/09/20 09:29:30.563, 7, 659.82 W, 41, 2032 MHz, 3996 MHz, 100 %, 5 %
2026/09/20 09:29:31.563, 0, 605.84 W, 51, 2032 MHz, 3996 MHz, 100 %, 51 %
2026/09/20 09:29:31.563, 1, 826.43 W, 54, 2032 MHz, 3996 MHz, 100 %, 51 %
2026/09/20 09:29:31.563, 2, 594.62 W, 44, 2032 MHz, 3996 MHz, 100 %, 50 %
2026/09/20 09:29:31.563, 3, 585.89 W, 44, 2032 MHz, 3996 MHz, 100 %, 50 %
2026/09/20 09:29:31.563, 4, 632.03 W, 52, 2032 MHz, 3996 MHz, 100 %, 51 %
2026/09/20 09:29:31.563, 5, 608.30 W, 49, 2032 MHz, 3996 MHz, 100 %, 50 %
2026/09/20 09:29:31.563, 6, 616.66 W, 43, 2032 MHz, 3996 MHz, 100 %, 50 %
2026/09/20 09:29:31.563, 7, 623.25 W, 44, 2032 MHz, 3996 MHz, 100 %, 50 %
2026/09/20 09:29:32.563, 0, 549.88 W, 49, 2032 MHz, 3996 MHz, 94 %, 40 %
2026/09/20 09:29:32.563, 1, 557.92 W, 52, 2032 MHz, 3996 MHz, 94 %, 24 %
2026/09/20 09:29:32.563, 2, 885.08 W, 46, 2032 MHz, 3996 MHz, 93 %, 45 %
2026/09/20 09:29:32.563, 3, 532.53 W, 42, 2032 MHz, 3996 MHz, 94 %, 45 %
2026/09/20 09:29:32.563, 4, 560.23 W, 51, 2032 MHz, 3996 MHz, 100 %, 51 %
2026/09/20 09:29:32.563, 5, 534.77 W, 48, 2032 MHz, 3996 MHz, 94 %, 38 %
2026/09/20 09:29:32.563, 6, 534.06 W, 42, 2032 MHz, 3996 MHz, 100 %, 50 %
2026/09/20 09:29:32.563, 7, 553.81 W, 43, 2032 MHz, 3996 MHz, 100 %, 51 %
2026/09/20 09:29:33.563, 0, 540.91 W, 49, 2032 MHz, 3996 MHz, 94 %, 10 %
2026/09/20 09:29:33.564, 1, 545.96 W, 51, 2032 MHz, 3996 MHz, 100 %, 5 %
2026/09/20 09:29:33.564, 2, 536.59 W, 43, 2032 MHz, 3996 MHz, 93 %, 12 %
2026/09/20 09:29:33.564, 3, 881.10 W, 48, 2032 MHz, 3996 MHz, 94 %, 32 %
2026/09/20 09:29:33.564, 4, 538.24 W, 51, 2032 MHz, 3996 MHz, 100 %, 50 %
2026/09/20 09:29:33.564, 5, 523.18 W, 48, 2032 MHz, 3996 MHz, 94 %, 9 %
2026/09/20 09:29:33.564, 6, 525.57 W, 42, 2032 MHz, 3996 MHz, 100 %, 50 %
2026/09/20 09:29:33.564, 7, 545.74 W, 43, 2032 MHz, 3996 MHz, 100 %, 50 %
2026/09/20 09:29:34.564, 0, 603.03 W, 48, 2032 MHz, 3996 MHz, 100 %, 5 %
2026/09/20 09:29:34.564, 1, 616.65 W, 50, 2032 MHz, 3996 MHz, 100 %, 5 %
2026/09/20 09:29:34.564, 2, 594.13 W, 41, 2032 MHz, 3996 MHz, 100 %, 5 %
2026/09/20 09:29:34.564, 3, 597.69 W, 43, 2032 MHz, 3996 MHz, 100 %, 5 %
2026/09/20 09:29:34.564, 4, 847.44 W, 59, 2032 MHz, 3996 MHz, 91 %, 25 %
2026/09/20 09:29:34.564, 5, 589.86 W, 46, 2032 MHz, 3996 MHz, 100 %, 5 %
2026/09/20 09:29:34.564, 6, 571.61 W, 40, 2032 MHz, 3996 MHz, 100 %, 5 %
2026/09/20 09:29:34.564, 7, 586.99 W, 41, 2032 MHz, 3996 MHz, 100 %, 5 %
2026/09/20 09:29:35.564, 0, 650.61 W, 51, 2032 MHz, 3996 MHz, 100 %, 51 %
2026/09/20 09:29:35.564, 1, 667.91 W, 53, 2032 MHz, 3996 MHz, 100 %, 50 %
2026/09/20 09:29:35.564, 2, 667.45 W, 44, 2032 MHz, 3996 MHz, 100 %, 51 %
2026/09/20 09:29:35.564, 3, 649.50 W, 45, 2032 MHz, 3996 MHz, 100 %, 50 %
2026/09/20 09:29:35.564, 4, 758.04 W, 53, 2032 MHz, 3996 MHz, 100 %, 50 %
2026/09/20 09:29:35.564, 5, 657.05 W, 50, 2032 MHz, 3996 MHz, 100 %, 51 %
2026/09/20 09:29:35.564, 6, 655.20 W, 43, 2032 MHz, 3996 MHz, 100 %, 50 %
2026/09/20 09:29:35.564, 7, 673.40 W, 44, 2032 MHz, 3996 MHz, 100 %, 50 %
2026/09/20 09:29:36.564, 0, 716.06 W, 52, 2032 MHz, 3996 MHz, 100 %, 52 %
2026/09/20 09:29:36.564, 1, 735.12 W, 54, 2032 MHz, 3996 MHz, 100 %, 51 %
2026/09/20 09:29:36.564, 2, 719.35 W, 45, 2032 MHz, 3996 MHz, 100 %, 51 %
2026/09/20 09:29:36.564, 3, 716.35 W, 45, 2032 MHz, 3996 MHz, 100 %, 51 %
2026/09/20 09:29:36.564, 4, 736.65 W, 54, 2032 MHz, 3996 MHz, 100 %, 50 %
2026/09/20 09:29:36.564, 5, 715.72 W, 50, 2032 MHz, 3996 MHz, 100 %, 51 %
2026/09/20 09:29:36.564, 6, 698.39 W, 44, 2032 MHz, 3996 MHz, 100 %, 50 %
2026/09/20 09:29:36.565, 7, 716.43 W, 44, 2032 MHz, 3996 MHz, 100 %, 51 %
2026/09/20 09:29:37.565, 0, 716.49 W, 51, 2032 MHz, 3996 MHz, 100 %, 51 %
2026/09/20 09:29:37.565, 1, 736.08 W, 54, 2032 MHz, 3996 MHz, 100 %, 51 %
2026/09/20 09:29:37.565, 2, 719.74 W, 45, 2032 MHz, 3996 MHz, 100 %, 51 %
2026/09/20 09:29:37.565, 3, 722.65 W, 45, 2032 MHz, 3996 MHz, 100 %, 51 %
2026/09/20 09:29:37.565, 4, 741.34 W, 54, 2032 MHz, 3996 MHz, 100 %, 51 %
2026/09/20 09:29:37.565, 5, 722.00 W, 50, 2032 MHz, 3996 MHz, 100 %, 51 %
2026/09/20 09:29:37.565, 6, 707.14 W, 44, 2032 MHz, 3996 MHz, 100 %, 51 %
2026/09/20 09:29:37.565, 7, 729.10 W, 45, 2032 MHz, 3996 MHz, 100 %, 51 %
2026/09/20 09:29:38.565, 0, 717.45 W, 52, 2032 MHz, 3996 MHz, 100 %, 51 %
2026/09/20 09:29:38.565, 1, 737.29 W, 54, 2032 MHz, 3996 MHz, 100 %, 51 %
2026/09/20 09:29:38.565, 2, 723.05 W, 45, 2032 MHz, 3996 MHz, 100 %, 51 %
2026/09/20 09:29:38.565, 3, 723.70 W, 45, 2032 MHz, 3996 MHz, 100 %, 51 %
2026/09/20 09:29:38.565, 4, 743.20 W, 54, 2032 MHz, 3996 MHz, 100 %, 51 %
2026/09/20 09:29:38.565, 5, 720.24 W, 50, 2032 MHz, 3996 MHz, 100 %, 51 %
2026/09/20 09:29:38.565, 6, 706.19 W, 44, 2032 MHz, 3996 MHz, 100 %, 51 %
2026/09/20 09:29:38.565, 7, 726.60 W, 45, 2032 MHz, 3996 MHz, 100 %, 51 %
2026/09/20 09:29:39.565, 0, 540.72 W, 49, 2032 MHz, 3996 MHz, 100 %, 5 %
2026/09/20 09:29:39.565, 1, 548.11 W, 50, 2032 MHz, 3996 MHz, 100 %, 4 %
2026/09/20 09:29:39.565, 2, 536.04 W, 43, 2032 MHz, 3996 MHz, 100 %, 5 %
2026/09/20 09:29:39.565, 3, 533.72 W, 41, 2032 MHz, 3996 MHz, 100 %, 5 %
2026/09/20 09:29:39.565, 4, 548.76 W, 51, 2032 MHz, 3996 MHz, 94 %, 45 %
2026/09/20 09:29:39.565, 5, 891.84 W, 54, 2017 MHz, 3996 MHz, 100 %, 28 %
2026/09/20 09:29:39.565, 6, 528.27 W, 42, 2032 MHz, 3996 MHz, 97 %, 49 %
2026/09/20 09:29:39.565, 7, 537.78 W, 43, 2032 MHz, 3996 MHz, 94 %, 29 %
2026/09/20 09:29:40.565, 0, 713.57 W, 52, 2032 MHz, 3996 MHz, 100 %, 50 %
2026/09/20 09:29:40.565, 1, 721.48 W, 54, 2032 MHz, 3996 MHz, 100 %, 51 %
2026/09/20 09:29:40.566, 2, 714.67 W, 45, 2032 MHz, 3996 MHz, 100 %, 51 %
2026/09/20 09:29:40.566, 3, 714.91 W, 45, 2032 MHz, 3996 MHz, 100 %, 51 %
2026/09/20 09:29:40.566, 4, 722.63 W, 54, 2032 MHz, 3996 MHz, 100 %, 31 %
2026/09/20 09:29:40.566, 5, 728.81 W, 51, 2032 MHz, 3996 MHz, 99 %, 51 %
2026/09/20 09:29:40.566, 6, 722.98 W, 44, 2002 MHz, 3996 MHz, 100 %, 41 %
2026/09/20 09:29:40.566, 7, 704.33 W, 43, 2032 MHz, 3996 MHz, 100 %, 49 %
2026/09/20 09:29:41.566, 0, 458.20 W, 49, 2032 MHz, 3996 MHz, 100 %, 5 %
2026/09/20 09:29:41.566, 1, 462.96 W, 50, 2032 MHz, 3996 MHz, 100 %, 8 %
2026/09/20 09:29:41.566, 2, 444.65 W, 42, 2032 MHz, 3996 MHz, 100 %, 5 %
2026/09/20 09:29:41.566, 3, 453.92 W, 42, 2032 MHz, 3996 MHz, 100 %, 5 %
2026/09/20 09:29:41.566, 4, 461.47 W, 51, 2032 MHz, 3996 MHz, 100 %, 5 %
2026/09/20 09:29:41.566, 5, 452.76 W, 48, 2032 MHz, 3996 MHz, 100 %, 5 %
2026/09/20 09:29:41.566, 6, 724.73 W, 42, 2032 MHz, 3996 MHz, 100 %, 6 %
2026/09/20 09:29:41.566, 7, 673.77 W, 50, 2010 MHz, 3996 MHz, 100 %, 29 %
2026/09/20 09:29:42.566, 0, 818.25 W, 55, 2025 MHz, 3996 MHz, 100 %, 27 %
2026/09/20 09:29:42.566, 1, 467.82 W, 51, 2032 MHz, 3996 MHz, 100 %, 5 %
2026/09/20 09:29:42.566, 2, 456.23 W, 42, 2032 MHz, 3996 MHz, 100 %, 5 %
2026/09/20 09:29:42.566, 3, 457.04 W, 41, 2032 MHz, 3996 MHz, 100 %, 4 %
2026/09/20 09:29:42.566, 4, 491.04 W, 51, 2032 MHz, 3996 MHz, 100 %, 49 %
2026/09/20 09:29:42.566, 5, 470.54 W, 48, 2032 MHz, 3996 MHz, 100 %, 5 %
2026/09/20 09:29:42.566, 6, 479.29 W, 42, 2032 MHz, 3996 MHz, 100 %, 49 %
2026/09/20 09:29:42.566, 7, 586.99 W, 43, 2032 MHz, 3996 MHz, 100 %, 40 %
2026/09/20 09:29:43.566, 0, 715.28 W, 53, 2032 MHz, 3996 MHz, 100 %, 50 %
2026/09/20 09:29:43.566, 1, 704.22 W, 53, 2032 MHz, 3996 MHz, 100 %, 50 %
2026/09/20 09:29:43.566, 2, 687.76 W, 44, 2032 MHz, 3996 MHz, 100 %, 50 %
2026/09/20 09:29:43.566, 3, 690.10 W, 44, 2032 MHz, 3996 MHz, 100 %, 49 %
2026/09/20 09:29:43.566, 4, 707.34 W, 53, 2032 MHz, 3996 MHz, 100 %, 49 %
2026/09/20 09:29:43.566, 5, 711.48 W, 50, 2032 MHz, 3996 MHz, 100 %, 50 %
2026/09/20 09:29:43.566, 6, 697.07 W, 44, 2032 MHz, 3996 MHz, 100 %, 50 %
2026/09/20 09:29:43.567, 7, 715.08 W, 45, 2032 MHz, 3996 MHz, 100 %, 49 %
2026/09/20 09:29:44.567, 0, 719.22 W, 53, 2032 MHz, 3996 MHz, 100 %, 51 %
2026/09/20 09:29:44.567, 1, 708.74 W, 54, 2032 MHz, 3996 MHz, 100 %, 50 %
2026/09/20 09:29:44.567, 2, 692.87 W, 45, 2032 MHz, 3996 MHz, 100 %, 50 %
2026/09/20 09:29:44.567, 3, 693.81 W, 45, 2032 MHz, 3996 MHz, 100 %, 50 %
2026/09/20 09:29:44.567, 4, 710.88 W, 54, 2032 MHz, 3996 MHz, 100 %, 50 %
2026/09/20 09:29:44.567, 5, 715.90 W, 51, 2032 MHz, 3996 MHz, 100 %, 50 %
2026/09/20 09:29:44.567, 6, 704.23 W, 44, 2032 MHz, 3996 MHz, 100 %, 50 %
2026/09/20 09:29:44.567, 7, 718.96 W, 45, 2032 MHz, 3996 MHz, 100 %, 50 %
2026/09/20 09:29:45.567, 0, 722.09 W, 53, 2032 MHz, 3996 MHz, 100 %, 51 %
2026/09/20 09:29:45.567, 1, 709.70 W, 54, 2032 MHz, 3996 MHz, 100 %, 50 %
2026/09/20 09:29:45.567, 2, 695.60 W, 45, 2032 MHz, 3996 MHz, 100 %, 50 %
2026/09/20 09:29:45.567, 3, 699.74 W, 45, 2032 MHz, 3996 MHz, 100 %, 50 %
2026/09/20 09:29:45.567, 4, 714.88 W, 54, 2032 MHz, 3996 MHz, 100 %, 50 %
2026/09/20 09:29:45.567, 5, 721.60 W, 51, 2032 MHz, 3996 MHz, 100 %, 51 %
2026/09/20 09:29:45.567, 6, 707.26 W, 45, 2032 MHz, 3996 MHz, 100 %, 51 %
2026/09/20 09:29:45.567, 7, 722.86 W, 45, 2032 MHz, 3996 MHz, 100 %, 50 %
2026/09/20 09:29:46.567, 0, 688.93 W, 51, 2032 MHz, 3996 MHz, 100 %, 50 %
2026/09/20 09:29:46.567, 1, 753.49 W, 59, 2002 MHz, 3996 MHz, 100 %, 50 %
2026/09/20 09:29:46.567, 2, 659.56 W, 43, 2032 MHz, 3996 MHz, 100 %, 50 %
2026/09/20 09:29:46.567, 3, 668.84 W, 45, 2032 MHz, 3996 MHz, 100 %, 50 %
2026/09/20 09:29:46.567, 4, 663.51 W, 52, 2032 MHz, 3996 MHz, 100 %, 5 %
2026/09/20 09:29:46.567, 5, 685.46 W, 49, 2032 MHz, 3996 MHz, 100 %, 50 %
2026/09/20 09:29:46.567, 6, 660.26 W, 43, 2032 MHz, 3996 MHz, 100 %, 5 %
2026/09/20 09:29:46.567, 7, 673.10 W, 43, 2032 MHz, 3996 MHz, 100 %, 5 %
2026/09/20 09:29:47.568, 0, 579.53 W, 53, 2032 MHz, 3996 MHz, 99 %, 50 %
2026/09/20 09:29:47.568, 1, 842.46 W, 55, 2032 MHz, 3996 MHz, 100 %, 50 %
2026/09/20 09:29:47.568, 2, 569.69 W, 44, 2032 MHz, 3996 MHz, 100 %, 50 %
2026/09/20 09:29:47.568, 3, 558.34 W, 44, 2032 MHz, 3996 MHz, 100 %, 50 %
2026/09/20 09:29:47.568, 4, 605.47 W, 54, 2032 MHz, 3996 MHz, 100 %, 50 %
2026/09/20 09:29:47.568, 5, 570.00 W, 51, 2032 MHz, 3996 MHz, 100 %, 50 %
2026/09/20 09:29:47.568, 6, 589.38 W, 44, 2032 MHz, 3996 MHz, 99 %, 50 %
2026/09/20 09:29:47.568, 7, 599.37 W, 45, 2032 MHz, 3996 MHz, 100 %, 51 %
2026/09/20 09:29:48.568, 0, 656.75 W, 50, 2032 MHz, 3996 MHz, 100 %, 24 %
2026/09/20 09:29:48.568, 1, 658.24 W, 53, 2032 MHz, 3996 MHz, 100 %, 39 %
2026/09/20 09:29:48.568, 2, 780.20 W, 52, 2010 MHz, 3996 MHz, 100 %, 37 %
2026/09/20 09:29:48.568, 3, 639.64 W, 43, 2032 MHz, 3996 MHz, 100 %, 18 %
2026/09/20 09:29:48.568, 4, 634.98 W, 52, 2032 MHz, 3996 MHz, 100 %, 5 %
2026/09/20 09:29:48.568, 5, 637.34 W, 49, 2032 MHz, 3996 MHz, 100 %, 24 %
2026/09/20 09:29:48.568, 6, 628.43 W, 42, 2032 MHz, 3996 MHz, 100 %, 5 %
2026/09/20 09:29:48.568, 7, 640.41 W, 42, 2032 MHz, 3996 MHz, 100 %, 5 %
2026/09/20 09:29:49.568, 0, 448.21 W, 49, 2032 MHz, 3996 MHz, 100 %, 4 %
2026/09/20 09:29:49.568, 1, 449.68 W, 51, 2032 MHz, 3996 MHz, 99 %, 5 %
2026/09/20 09:29:49.568, 2, 579.07 W, 42, 2032 MHz, 3996 MHz, 100 %, 4 %
2026/09/20 09:29:49.568, 3, 704.66 W, 50, 2032 MHz, 3996 MHz, 68 %, 19 %
2026/09/20 09:29:49.568, 4, 456.00 W, 50, 2032 MHz, 3996 MHz, 94 %, 5 %
2026/09/20 09:29:49.568, 5, 441.33 W, 47, 2032 MHz, 3996 MHz, 100 %, 4 %
2026/09/20 09:29:49.568, 6, 448.55 W, 40, 2032 MHz, 3996 MHz, 94 %, 5 %
2026/09/20 09:29:49.568, 7, 449.04 W, 41, 2032 MHz, 3996 MHz, 100 %, 5 %
2026/09/20 09:29:50.568, 0, 683.18 W, 53, 2032 MHz, 3996 MHz, 100 %, 50 %
2026/09/20 09:29:50.568, 1, 699.91 W, 55, 2032 MHz, 3996 MHz, 100 %, 50 %
2026/09/20 09:29:50.568, 2, 695.34 W, 45, 2032 MHz, 3996 MHz, 100 %, 50 %
2026/09/20 09:29:50.568, 3, 715.77 W, 46, 2032 MHz, 3996 MHz, 100 %, 50 %
2026/09/20 09:29:50.568, 4, 720.66 W, 54, 2032 MHz, 3996 MHz, 100 %, 50 %
2026/09/20 09:29:50.569, 5, 691.70 W, 51, 2032 MHz, 3996 MHz, 100 %, 50 %
2026/09/20 09:29:50.569, 6, 691.64 W, 44, 2032 MHz, 3996 MHz, 100 %, 50 %
2026/09/20 09:29:50.569, 7, 719.19 W, 45, 2032 MHz, 3996 MHz, 100 %, 50 %
2026/09/20 09:29:51.569, 0, 532.51 W, 50, 2032 MHz, 3996 MHz, 100 %, 5 %
2026/09/20 09:29:51.569, 1, 541.85 W, 51, 2032 MHz, 3996 MHz, 100 %, 4 %
2026/09/20 09:29:51.569, 2, 525.56 W, 43, 2032 MHz, 3996 MHz, 100 %, 4 %
2026/09/20 09:29:51.569, 3, 528.60 W, 42, 2032 MHz, 3996 MHz, 100 %, 4 %
2026/09/20 09:29:51.569, 4, 910.14 W, 58, 2032 MHz, 3996 MHz, 100 %, 46 %
2026/09/20 09:29:51.569, 5, 526.35 W, 49, 2032 MHz, 3996 MHz, 100 %, 4 %
2026/09/20 09:29:51.569, 6, 522.67 W, 42, 2032 MHz, 3996 MHz, 100 %, 44 %
2026/09/20 09:29:51.569, 7, 537.06 W, 43, 2032 MHz, 3996 MHz, 100 %, 27 %
2026/09/20 09:29:52.569, 0, 694.58 W, 52, 2032 MHz, 3996 MHz, 100 %, 50 %
2026/09/20 09:29:52.569, 1, 711.99 W, 55, 2032 MHz, 3996 MHz, 100 %, 49 %
2026/09/20 09:29:52.569, 2, 696.14 W, 45, 2032 MHz, 3996 MHz, 100 %, 49 %
2026/09/20 09:29:52.569, 3, 696.31 W, 45, 2032 MHz, 3996 MHz, 100 %, 49 %
2026/09/20 09:29:52.569, 4, 726.85 W, 55, 2032 MHz, 3996 MHz, 100 %, 50 %
2026/09/20 09:29:52.569, 5, 694.18 W, 51, 2032 MHz, 3996 MHz, 100 %, 49 %
2026/09/20 09:29:52.569, 6, 683.19 W, 44, 2032 MHz, 3996 MHz, 100 %, 49 %
2026/09/20 09:29:52.569, 7, 697.11 W, 45, 2032 MHz, 3996 MHz, 100 %, 49 %
2026/09/20 09:29:53.569, 0, 703.75 W, 53, 2032 MHz, 3996 MHz, 100 %, 50 %
2026/09/20 09:29:53.569, 1, 722.13 W, 55, 2032 MHz, 3996 MHz, 100 %, 50 %
2026/09/20 09:29:53.569, 2, 704.69 W, 45, 2032 MHz, 3996 MHz, 99 %, 50 %
2026/09/20 09:29:53.569, 3, 701.40 W, 45, 2032 MHz, 3996 MHz, 100 %, 50 %
2026/09/20 09:29:53.569, 4, 732.38 W, 55, 2032 MHz, 3996 MHz, 100 %, 50 %
2026/09/20 09:29:53.569, 5, 700.09 W, 51, 2032 MHz, 3996 MHz, 100 %, 50 %
2026/09/20 09:29:53.569, 6, 692.09 W, 44, 2032 MHz, 3996 MHz, 100 %, 50 %
2026/09/20 09:29:53.569, 7, 703.02 W, 45, 2032 MHz, 3996 MHz, 100 %, 50 %
2026/09/20 09:29:54.570, 0, 599.96 W, 50, 2032 MHz, 3996 MHz, 100 %, 5 %
2026/09/20 09:29:54.570, 1, 617.63 W, 52, 2032 MHz, 3996 MHz, 100 %, 5 %
2026/09/20 09:29:54.570, 2, 592.26 W, 43, 2032 MHz, 3996 MHz, 100 %, 5 %
2026/09/20 09:29:54.570, 3, 605.17 W, 43, 2032 MHz, 3996 MHz, 100 %, 5 %
2026/09/20 09:29:54.570, 4, 603.19 W, 52, 2032 MHz, 3996 MHz, 100 %, 5 %
2026/09/20 09:29:54.570, 5, 833.34 W, 59, 2002 MHz, 3996 MHz, 100 %, 28 %
2026/09/20 09:29:54.570, 6, 578.24 W, 41, 2032 MHz, 3996 MHz, 100 %, 5 %
2026/09/20 09:29:54.570, 7, 584.85 W, 42, 2032 MHz, 3996 MHz, 100 %, 5 %
2026/09/20 09:29:55.570, 0, 658.63 W, 53, 2032 MHz, 3996 MHz, 100 %, 51 %
2026/09/20 09:29:55.570, 1, 663.91 W, 55, 2032 MHz, 3996 MHz, 100 %, 51 %
2026/09/20 09:29:55.570, 2, 654.71 W, 45, 2032 MHz, 3996 MHz, 100 %, 51 %
2026/09/20 09:29:55.570, 3, 644.02 W, 45, 2032 MHz, 3996 MHz, 100 %, 50 %
2026/09/20 09:29:55.570, 4, 698.48 W, 55, 2032 MHz, 3996 MHz, 100 %, 51 %
2026/09/20 09:29:55.570, 5, 775.18 W, 52, 2032 MHz, 3996 MHz, 100 %, 51 %
2026/09/20 09:29:55.570, 6, 668.04 W, 44, 2032 MHz, 3996 MHz, 100 %, 50 %
2026/09/20 09:29:55.570, 7, 669.20 W, 45, 2032 MHz, 3996 MHz, 100 %, 50 %
2026/09/20 09:29:56.570, 0, 578.27 W, 50, 2032 MHz, 3996 MHz, 100 %, 5 %
2026/09/20 09:29:56.570, 1, 578.97 W, 52, 2032 MHz, 3996 MHz, 100 %, 5 %
2026/09/20 09:29:56.570, 2, 561.96 W, 42, 2032 MHz, 3996 MHz, 100 %, 5 %
2026/09/20 09:29:56.570, 3, 569.38 W, 43, 2032 MHz, 3996 MHz, 100 %, 5 %
2026/09/20 09:29:56.570, 4, 566.53 W, 52, 2032 MHz, 3996 MHz, 100 %, 5 %
2026/09/20 09:29:56.570, 5, 571.54 W, 49, 2032 MHz, 3996 MHz, 100 %, 5 %
2026/09/20 09:29:56.570, 6, 863.33 W, 51, 2032 MHz, 3996 MHz, 88 %, 24 %
2026/09/20 09:29:56.570, 7, 552.22 W, 41, 2032 MHz, 3996 MHz, 100 %, 5 %
2026/09/20 09:29:57.570, 0, 695.09 W, 54, 2032 MHz, 3996 MHz, 100 %, 51 %
2026/09/20 09:29:57.570, 1, 694.11 W, 55, 2032 MHz, 3996 MHz, 100 %, 50 %
2026/09/20 09:29:57.570, 2, 684.17 W, 45, 2032 MHz, 3996 MHz, 100 %, 51 %
2026/09/20 09:29:57.570, 3, 683.39 W, 46, 2032 MHz, 3996 MHz, 100 %, 50 %
2026/09/20 09:29:57.570, 4, 732.86 W, 55, 2032 MHz, 3996 MHz, 99 %, 50 %
2026/09/20 09:29:57.571, 5, 711.63 W, 52, 2032 MHz, 3996 MHz, 99 %, 51 %
2026/09/20 09:29:57.571, 6, 717.02 W, 45, 2032 MHz, 3996 MHz, 100 %, 51 %
2026/09/20 09:29:57.571, 7, 704.90 W, 45, 2032 MHz, 3996 MHz, 100 %, 50 %
2026/09/20 09:29:58.571, 0, 623.52 W, 51, 2032 MHz, 3996 MHz, 100 %, 5 %
2026/09/20 09:29:58.571, 1, 625.29 W, 53, 2032 MHz, 3996 MHz, 100 %, 5 %
2026/09/20 09:29:58.571, 2, 604.01 W, 43, 2032 MHz, 3996 MHz, 100 %, 5 %
2026/09/20 09:29:58.571, 3, 620.78 W, 43, 2032 MHz, 3996 MHz, 100 %, 5 %
2026/09/20 09:29:58.571, 4, 618.47 W, 53, 2032 MHz, 3996 MHz, 100 %, 5 %
2026/09/20 09:29:58.571, 5, 619.58 W, 50, 2032 MHz, 3996 MHz, 100 %, 5 %
2026/09/20 09:29:58.571, 6, 598.86 W, 43, 2032 MHz, 3996 MHz, 100 %, 5 %
2026/09/20 09:29:58.571, 7, 833.52 W, 52, 2032 MHz, 3996 MHz, 91 %, 26 %
2026/09/20 09:29:59.571, 0, 767.74 W, 55, 2032 MHz, 3996 MHz, 79 %, 21 %
2026/09/20 09:29:59.571, 1, 477.56 W, 53, 2032 MHz, 3996 MHz, 94 %, 13 %
2026/09/20 09:29:59.571, 2, 471.15 W, 43, 2032 MHz, 3996 MHz, 100 %, 5 %
2026/09/20 09:29:59.571, 3, 459.52 W, 42, 2032 MHz, 3996 MHz, 100 %, 5 %
2026/09/20 09:29:59.571, 4, 505.84 W, 53, 2032 MHz, 3996 MHz, 100 %, 49 %
2026/09/20 09:29:59.571, 5, 477.26 W, 50, 2032 MHz, 3996 MHz, 100 %, 5 %
2026/09/20 09:29:59.571, 6, 481.89 W, 43, 2032 MHz, 3996 MHz, 100 %, 49 %
2026/09/20 09:29:59.571, 7, 602.82 W, 44, 2032 MHz, 3996 MHz, 100 %, 50 %
2026/09/20 09:30:00.571, 0, 737.49 W, 54, 2032 MHz, 3996 MHz, 100 %, 52 %
2026/09/20 09:30:00.571, 1, 722.38 W, 55, 2032 MHz, 3996 MHz, 100 %, 51 %
2026/09/20 09:30:00.571, 2, 701.83 W, 45, 2032 MHz, 3996 MHz, 100 %, 51 %
2026/09/20 09:30:00.571, 3, 696.18 W, 45, 2032 MHz, 3996 MHz, 100 %, 50 %
2026/09/20 09:30:00.571, 4, 725.41 W, 55, 2032 MHz, 3996 MHz, 100 %, 50 %
2026/09/20 09:30:00.571, 5, 735.22 W, 53, 2032 MHz, 3996 MHz, 100 %, 51 %
2026/09/20 09:30:00.571, 6, 716.48 W, 45, 2032 MHz, 3996 MHz, 100 %, 51 %
2026/09/20 09:30:00.571, 7, 737.10 W, 46, 2032 MHz, 3996 MHz, 100 %, 51 %
2026/09/20 09:30:01.572, 0, 741.97 W, 55, 2032 MHz, 3996 MHz, 100 %, 52 %
2026/09/20 09:30:01.572, 1, 728.93 W, 56, 2032 MHz, 3996 MHz, 100 %, 50 %
2026/09/20 09:30:01.572, 2, 706.98 W, 45, 2032 MHz, 3996 MHz, 100 %, 51 %
2026/09/20 09:30:01.572, 3, 696.63 W, 46, 2032 MHz, 3996 MHz, 100 %, 50 %
2026/09/20 09:30:01.572, 4, 729.69 W, 56, 2032 MHz, 3996 MHz, 100 %, 51 %
2026/09/20 09:30:01.572, 5, 740.31 W, 53, 2032 MHz, 3996 MHz, 99 %, 51 %
2026/09/20 09:30:01.572, 6, 718.30 W, 45, 2032 MHz, 3996 MHz, 100 %, 51 %
2026/09/20 09:30:01.572, 7, 732.41 W, 46, 2032 MHz, 3996 MHz, 100 %, 50 %
2026/09/20 09:30:02.572, 0, 560.46 W, 53, 2032 MHz, 3996 MHz, 100 %, 5 %
2026/09/20 09:30:02.572, 1, 881.10 W, 59, 2032 MHz, 3996 MHz, 88 %, 31 %
2026/09/20 09:30:02.572, 2, 537.54 W, 43, 2032 MHz, 3996 MHz, 100 %, 5 %
2026/09/20 09:30:02.572, 3, 539.13 W, 43, 2032 MHz, 3996 MHz, 100 %, 5 %
2026/09/20 09:30:02.572, 4, 558.24 W, 54, 2032 MHz, 3996 MHz, 100 %, 49 %
2026/09/20 09:30:02.572, 5, 551.34 W, 51, 2032 MHz, 3996 MHz, 100 %, 5 %
2026/09/20 09:30:02.572, 6, 547.75 W, 43, 2032 MHz, 3996 MHz, 100 %, 50 %
2026/09/20 09:30:02.572, 7, 554.27 W, 44, 2032 MHz, 3996 MHz, 100 %, 50 %
2026/09/20 09:30:03.572, 0, 723.75 W, 54, 2032 MHz, 3996 MHz, 100 %, 51 %
2026/09/20 09:30:03.572, 1, 730.71 W, 56, 2032 MHz, 3996 MHz, 100 %, 50 %
2026/09/20 09:30:03.572, 2, 696.28 W, 45, 2032 MHz, 3996 MHz, 100 %, 50 %
2026/09/20 09:30:03.572, 3, 694.33 W, 46, 2032 MHz, 3996 MHz, 100 %, 50 %
2026/09/20 09:30:03.572, 4, 721.68 W, 56, 2032 MHz, 3996 MHz, 100 %, 50 %
2026/09/20 09:30:03.572, 5, 716.02 W, 53, 2032 MHz, 3996 MHz, 100 %, 51 %
2026/09/20 09:30:03.572, 6, 709.95 W, 45, 2032 MHz, 3996 MHz, 99 %, 50 %
2026/09/20 09:30:03.572, 7, 726.02 W, 46, 2032 MHz, 3996 MHz, 100 %, 51 %
2026/09/20 09:30:04.572, 0, 545.91 W, 52, 2032 MHz, 3996 MHz, 100 %, 4 %
2026/09/20 09:30:04.572, 1, 549.25 W, 54, 2032 MHz, 3996 MHz, 94 %, 5 %
2026/09/20 09:30:04.572, 2, 819.98 W, 47, 2032 MHz, 3996 MHz, 77 %, 20 %
2026/09/20 09:30:04.572, 3, 526.16 W, 43, 2032 MHz, 3996 MHz, 100 %, 4 %
2026/09/20 09:30:04.572, 4, 547.67 W, 53, 2032 MHz, 3996 MHz, 100 %, 49 %
2026/09/20 09:30:04.573, 5, 535.59 W, 50, 2032 MHz, 3996 MHz, 100 %, 4 %
2026/09/20 09:30:04.573, 6, 535.09 W, 43, 2032 MHz, 3996 MHz, 100 %, 49 %
2026/09/20 09:30:04.573, 7, 541.67 W, 44, 2032 MHz, 3996 MHz, 90 %, 43 %
2026/09/20 09:30:05.573, 0, 715.20 W, 54, 2032 MHz, 3996 MHz, 99 %, 50 %
2026/09/20 09:30:05.573, 1, 723.64 W, 56, 2032 MHz, 3996 MHz, 100 %, 50 %
2026/09/20 09:30:05.573, 2, 699.33 W, 46, 2032 MHz, 3996 MHz, 100 %, 50 %
2026/09/20 09:30:05.573, 3, 682.89 W, 45, 2032 MHz, 3996 MHz, 100 %, 50 %
2026/09/20 09:30:05.573, 4, 705.29 W, 55, 2032 MHz, 3996 MHz, 100 %, 49 %
2026/09/20 09:30:05.573, 5, 705.59 W, 52, 2032 MHz, 3996 MHz, 100 %, 50 %
2026/09/20 09:30:05.573, 6, 685.79 W, 45, 2032 MHz, 3996 MHz, 100 %, 49 %
2026/09/20 09:30:05.573, 7, 709.81 W, 45, 2032 MHz, 3996 MHz, 100 %, 49 %
2026/09/20 09:30:06.573, 0, 583.21 W, 51, 2032 MHz, 3996 MHz, 100 %, 5 %
2026/09/20 09:30:06.573, 1, 586.44 W, 53, 2032 MHz, 3996 MHz, 100 %, 4 %
2026/09/20 09:30:06.573, 2, 558.63 W, 42, 2032 MHz, 3996 MHz, 100 %, 5 %
2026/09/20 09:30:06.573, 3, 832.09 W, 53, 2002 MHz, 3996 MHz, 81 %, 23 %
2026/09/20 09:30:06.573, 4, 556.81 W, 52, 2032 MHz, 3996 MHz, 100 %, 5 %
2026/09/20 09:30:06.573, 5, 562.57 W, 49, 2032 MHz, 3996 MHz, 100 %, 5 %
2026/09/20 09:30:06.573, 6, 542.21 W, 42, 2032 MHz, 3996 MHz, 100 %, 5 %
2026/09/20 09:30:06.573, 7, 558.68 W, 42, 2032 MHz, 3996 MHz, 100 %, 5 %
2026/09/20 09:30:07.573, 0, 507.16 W, 52, 2032 MHz, 3996 MHz, 100 %, 5 %
2026/09/20 09:30:07.573, 1, 517.64 W, 53, 2032 MHz, 3996 MHz, 100 %, 5 %
2026/09/20 09:30:07.573, 2, 508.23 W, 43, 2032 MHz, 3996 MHz, 100 %, 5 %
2026/09/20 09:30:07.573, 3, 575.45 W, 44, 2032 MHz, 3996 MHz, 100 %, 5 %
2026/09/20 09:30:07.573, 4, 870.33 W, 59, 2032 MHz, 3996 MHz, 100 %, 49 %
2026/09/20 09:30:07.573, 5, 511.99 W, 50, 2032 MHz, 3996 MHz, 100 %, 5 %
2026/09/20 09:30:07.573, 6, 524.42 W, 42, 2032 MHz, 3996 MHz, 100 %, 49 %
2026/09/20 09:30:07.573, 7, 528.28 W, 43, 2032 MHz, 3996 MHz, 94 %, 34 %
2026/09/20 09:30:08.574, 0, 699.83 W, 54, 2032 MHz, 3996 MHz, 100 %, 50 %
2026/09/20 09:30:08.574, 1, 724.10 W, 56, 2032 MHz, 3996 MHz, 100 %, 50 %
2026/09/20 09:30:08.574, 2, 706.57 W, 45, 2032 MHz, 3996 MHz, 99 %, 50 %
2026/09/20 09:30:08.574, 3, 700.70 W, 46, 2032 MHz, 3996 MHz, 100 %, 50 %
2026/09/20 09:30:08.574, 4, 728.28 W, 56, 2032 MHz, 3996 MHz, 100 %, 50 %
2026/09/20 09:30:08.574, 5, 700.35 W, 52, 2032 MHz, 3996 MHz, 100 %, 49 %
2026/09/20 09:30:08.574, 6, 685.36 W, 44, 2032 MHz, 3996 MHz, 100 %, 50 %
2026/09/20 09:30:08.574, 7, 695.36 W, 45, 2032 MHz, 3996 MHz, 100 %, 49 %
2026/09/20 09:30:09.574, 0, 698.44 W, 54, 2032 MHz, 3996 MHz, 100 %, 50 %
2026/09/20 09:30:09.574, 1, 723.60 W, 56, 2032 MHz, 3996 MHz, 100 %, 50 %
2026/09/20 09:30:09.574, 2, 702.18 W, 46, 2032 MHz, 3996 MHz, 100 %, 50 %
2026/09/20 09:30:09.574, 3, 704.11 W, 46, 2032 MHz, 3996 MHz, 100 %, 49 %
2026/09/20 09:30:09.574, 4, 728.98 W, 56, 2032 MHz, 3996 MHz, 100 %, 50 %
2026/09/20 09:30:09.574, 5, 702.25 W, 53, 2032 MHz, 3996 MHz, 100 %, 49 %
2026/09/20 09:30:09.574, 6, 684.56 W, 45, 2032 MHz, 3996 MHz, 100 %, 49 %
2026/09/20 09:30:09.574, 7, 696.39 W, 45, 2032 MHz, 3996 MHz, 100 %, 49 %
2026/09/20 09:30:10.574, 0, 537.37 W, 52, 2032 MHz, 3996 MHz, 100 %, 5 %
2026/09/20 09:30:10.574, 1, 548.68 W, 52, 2032 MHz, 3996 MHz, 100 %, 5 %
2026/09/20 09:30:10.574, 2, 534.32 W, 44, 2032 MHz, 3996 MHz, 100 %, 5 %
2026/09/20 09:30:10.574, 3, 529.63 W, 44, 2032 MHz, 3996 MHz, 100 %, 5 %
2026/09/20 09:30:10.574, 4, 548.96 W, 54, 2032 MHz, 3996 MHz, 100 %, 38 %
2026/09/20 09:30:10.574, 5, 897.44 W, 57, 2032 MHz, 3996 MHz, 100 %, 27 %
2026/09/20 09:30:10.574, 6, 534.47 W, 43, 2032 MHz, 3996 MHz, 100 %, 41 %
2026/09/20 09:30:10.574, 7, 532.83 W, 43, 2032 MHz, 3996 MHz, 100 %, 22 %
2026/09/20 09:30:11.574, 0, 714.37 W, 54, 2032 MHz, 3996 MHz, 100 %, 51 %
2026/09/20 09:30:11.574, 1, 719.86 W, 56, 2032 MHz, 3996 MHz, 100 %, 50 %
2026/09/20 09:30:11.574, 2, 716.59 W, 46, 2032 MHz, 3996 MHz, 100 %, 51 %
2026/09/20 09:30:11.574, 3, 716.58 W, 46, 2032 MHz, 3996 MHz, 100 %, 51 %
2026/09/20 09:30:11.575, 4, 742.51 W, 57, 2032 MHz, 3996 MHz, 100 %, 50 %
2026/09/20 09:30:11.575, 5, 730.94 W, 54, 2032 MHz, 3996 MHz, 100 %, 51 %
2026/09/20 09:30:11.575, 6, 696.93 W, 45, 2032 MHz, 3996 MHz, 100 %, 50 %
2026/09/20 09:30:11.575, 7, 708.46 W, 45, 2032 MHz, 3996 MHz, 100 %, 50 %
2026/09/20 09:30:12.575, 0, 721.84 W, 55, 2032 MHz, 3996 MHz, 100 %, 51 %
2026/09/20 09:30:12.575, 1, 724.61 W, 56, 2032 MHz, 3996 MHz, 100 %, 50 %
2026/09/20 09:30:12.575, 2, 714.72 W, 46, 2032 MHz, 3996 MHz, 100 %, 51 %
2026/09/20 09:30:12.575, 3, 716.97 W, 46, 2032 MHz, 3996 MHz, 100 %, 50 %
2026/09/20 09:30:12.575, 4, 743.09 W, 57, 2032 MHz, 3996 MHz, 100 %, 51 %
2026/09/20 09:30:12.575, 5, 730.45 W, 54, 2032 MHz, 3996 MHz, 100 %, 51 %
2026/09/20 09:30:12.575, 6, 705.61 W, 45, 2032 MHz, 3996 MHz, 100 %, 51 %
2026/09/20 09:30:12.575, 7, 713.15 W, 46, 2032 MHz, 3996 MHz, 100 %, 50 %
2026/09/20 09:30:13.575, 0, 540.72 W, 52, 2032 MHz, 3996 MHz, 93 %, 11 %
2026/09/20 09:30:13.575, 1, 540.18 W, 55, 2032 MHz, 3996 MHz, 94 %, 39 %
2026/09/20 09:30:13.575, 2, 526.25 W, 44, 2032 MHz, 3996 MHz, 94 %, 13 %
2026/09/20 09:30:13.575, 3, 542.69 W, 43, 2032 MHz, 3996 MHz, 94 %, 18 %
2026/09/20 09:30:13.575, 4, 536.41 W, 54, 2032 MHz, 3996 MHz, 100 %, 20 %
2026/09/20 09:30:13.575, 5, 530.18 W, 51, 2032 MHz, 3996 MHz, 95 %, 9 %
2026/09/20 09:30:13.575, 6, 825.39 W, 47, 2032 MHz, 3996 MHz, 100 %, 16 %
2026/09/20 09:30:13.575, 7, 579.85 W, 49, 2025 MHz, 3996 MHz, 100 %, 42 %
2026/09/20 09:30:14.575, 0, 559.88 W, 54, 2032 MHz, 3996 MHz, 100 %, 51 %
2026/09/20 09:30:14.575, 1, 568.05 W, 56, 2032 MHz, 3996 MHz, 100 %, 50 %
2026/09/20 09:30:14.575, 2, 563.83 W, 45, 2032 MHz, 3996 MHz, 100 %, 50 %
2026/09/20 09:30:14.575, 3, 549.81 W, 45, 2032 MHz, 3996 MHz, 100 %, 50 %
2026/09/20 09:30:14.575, 4, 596.02 W, 56, 2032 MHz, 3996 MHz, 99 %, 50 %
2026/09/20 09:30:14.575, 5, 575.56 W, 53, 2032 MHz, 3996 MHz, 99 %, 50 %
2026/09/20 09:30:14.575, 6, 579.41 W, 45, 2032 MHz, 3996 MHz, 100 %, 51 %
2026/09/20 09:30:14.575, 7, 855.62 W, 46, 2032 MHz, 3996 MHz, 100 %, 50 %
2026/09/20 09:30:15.576, 0, 821.44 W, 62, 2010 MHz, 3996 MHz, 100 %, 29 %
2026/09/20 09:30:15.576, 1, 619.34 W, 54, 2032 MHz, 3996 MHz, 100 %, 5 %
2026/09/20 09:30:15.576, 2, 600.03 W, 43, 2032 MHz, 3996 MHz, 100 %, 5 %
2026/09/20 09:30:15.576, 3, 608.17 W, 43, 2032 MHz, 3996 MHz, 100 %, 5 %
2026/09/20 09:30:15.576, 4, 616.45 W, 54, 2032 MHz, 3996 MHz, 100 %, 6 %
2026/09/20 09:30:15.576, 5, 620.90 W, 50, 2032 MHz, 3996 MHz, 100 %, 5 %
2026/09/20 09:30:15.576, 6, 601.49 W, 42, 2032 MHz, 3996 MHz, 100 %, 6 %
2026/09/20 09:30:15.576, 7, 602.00 W, 43, 2032 MHz, 3996 MHz, 100 %, 6 %
2026/09/20 09:30:16.576, 0, 771.05 W, 56, 2032 MHz, 3996 MHz, 100 %, 51 %
2026/09/20 09:30:16.576, 1, 665.63 W, 56, 2032 MHz, 3996 MHz, 100 %, 50 %
2026/09/20 09:30:16.576, 2, 650.72 W, 46, 2032 MHz, 3996 MHz, 100 %, 50 %
2026/09/20 09:30:16.576, 3, 653.59 W, 46, 2032 MHz, 3996 MHz, 100 %, 50 %
2026/09/20 09:30:16.576, 4, 686.36 W, 56, 2032 MHz, 3996 MHz, 100 %, 50 %
2026/09/20 09:30:16.576, 5, 684.32 W, 53, 2032 MHz, 3996 MHz, 100 %, 51 %
2026/09/20 09:30:16.576, 6, 685.52 W, 46, 2032 MHz, 3996 MHz, 100 %, 51 %
2026/09/20 09:30:16.576, 7, 688.62 W, 46, 2032 MHz, 3996 MHz, 100 %, 50 %
2026/09/20 09:30:17.576, 0, 693.31 W, 53, 2032 MHz, 3996 MHz, 100 %, 51 %
2026/09/20 09:30:17.576, 1, 785.89 W, 62, 1995 MHz, 3996 MHz, 100 %, 40 %
2026/09/20 09:30:17.576, 2, 653.89 W, 44, 2032 MHz, 3996 MHz, 100 %, 50 %
2026/09/20 09:30:17.576, 3, 663.62 W, 44, 2032 MHz, 3996 MHz, 100 %, 51 %
2026/09/20 09:30:17.576, 4, 659.87 W, 54, 2032 MHz, 3996 MHz, 100 %, 5 %
2026/09/20 09:30:17.576, 5, 678.31 W, 52, 2032 MHz, 3996 MHz, 100 %, 13 %
2026/09/20 09:30:17.576, 6, 657.89 W, 43, 2032 MHz, 3996 MHz, 100 %, 5 %
2026/09/20 09:30:17.576, 7, 660.66 W, 43, 2032 MHz, 3996 MHz, 100 %, 5 %
2026/09/20 09:30:18.576, 0, 586.31 W, 55, 2032 MHz, 3996 MHz, 100 %, 51 %
2026/09/20 09:30:18.576, 1, 848.20 W, 58, 2032 MHz, 3996 MHz, 100 %, 50 %
2026/09/20 09:30:18.576, 2, 568.04 W, 45, 2032 MHz, 3996 MHz, 100 %, 50 %
2026/09/20 09:30:18.576, 3, 565.55 W, 46, 2032 MHz, 3996 MHz, 100 %, 50 %
2026/09/20 09:30:18.576, 4, 614.70 W, 56, 2032 MHz, 3996 MHz, 100 %, 49 %
2026/09/20 09:30:18.577, 5, 589.20 W, 53, 2032 MHz, 3996 MHz, 100 %, 50 %
2026/09/20 09:30:18.577, 6, 597.61 W, 45, 2032 MHz, 3996 MHz, 100 %, 50 %
2026/09/20 09:30:18.577, 7, 599.85 W, 45, 2032 MHz, 3996 MHz, 100 %, 49 %
2026/09/20 09:30:19.577, 0, 730.33 W, 56, 2032 MHz, 3996 MHz, 100 %, 50 %
2026/09/20 09:30:19.577, 1, 739.39 W, 58, 2032 MHz, 3996 MHz, 100 %, 51 %
2026/09/20 09:30:19.577, 2, 696.32 W, 46, 2032 MHz, 3996 MHz, 100 %, 50 %
2026/09/20 09:30:19.577, 3, 702.60 W, 46, 2032 MHz, 3996 MHz, 100 %, 50 %
2026/09/20 09:30:19.577, 4, 725.47 W, 57, 2032 MHz, 3996 MHz, 100 %, 50 %
2026/09/20 09:30:19.577, 5, 713.19 W, 54, 2032 MHz, 3996 MHz, 100 %, 51 %
2026/09/20 09:30:19.577, 6, 721.02 W, 46, 2032 MHz, 3996 MHz, 100 %, 51 %
2026/09/20 09:30:19.577, 7, 720.30 W, 46, 2032 MHz, 3996 MHz, 100 %, 50 %
2026/09/20 09:30:20.577, 0, 735.56 W, 56, 2032 MHz, 3996 MHz, 99 %, 51 %
2026/09/20 09:30:20.577, 1, 745.89 W, 58, 2032 MHz, 3996 MHz, 100 %, 51 %
2026/09/20 09:30:20.577, 2, 706.51 W, 46, 2032 MHz, 3996 MHz, 100 %, 50 %
2026/09/20 09:30:20.577, 3, 709.01 W, 46, 2032 MHz, 3996 MHz, 100 %, 50 %
2026/09/20 09:30:20.577, 4, 731.19 W, 57, 2032 MHz, 3996 MHz, 100 %, 50 %
2026/09/20 09:30:20.577, 5, 720.28 W, 54, 2032 MHz, 3996 MHz, 100 %, 51 %
2026/09/20 09:30:20.577, 6, 725.96 W, 46, 2032 MHz, 3996 MHz, 100 %, 51 %
2026/09/20 09:30:20.577, 7, 723.99 W, 46, 2032 MHz, 3996 MHz, 100 %, 50 %
2026/09/20 09:30:21.577, 0, 714.78 W, 54, 2032 MHz, 3996 MHz, 100 %, 51 %
2026/09/20 09:30:21.577, 1, 711.78 W, 57, 2032 MHz, 3996 MHz, 100 %, 51 %
2026/09/20 09:30:21.577, 2, 735.17 W, 51, 2032 MHz, 3996 MHz, 100 %, 51 %
2026/09/20 09:30:21.577, 3, 686.42 W, 45, 2032 MHz, 3996 MHz, 100 %, 51 %
2026/09/20 09:30:21.577, 4, 681.87 W, 55, 2032 MHz, 3996 MHz, 100 %, 5 %
2026/09/20 09:30:21.577, 5, 689.53 W, 52, 2032 MHz, 3996 MHz, 100 %, 44 %
2026/09/20 09:30:21.577, 6, 682.84 W, 43, 2032 MHz, 3996 MHz, 100 %, 5 %
2026/09/20 09:30:21.577, 7, 677.48 W, 44, 2032 MHz, 3996 MHz, 100 %, 18 %
2026/09/20 09:30:22.578, 0, 456.70 W, 52, 2032 MHz, 3996 MHz, 100 %, 5 %
2026/09/20 09:30:22.578, 1, 456.79 W, 54, 2032 MHz, 3996 MHz, 100 %, 5 %
2026/09/20 09:30:22.578, 2, 693.05 W, 43, 2032 MHz, 3996 MHz, 100 %, 5 %
2026/09/20 09:30:22.578, 3, 683.39 W, 53, 2025 MHz, 3996 MHz, 100 %, 28 %
2026/09/20 09:30:22.578, 4, 460.52 W, 53, 2032 MHz, 3996 MHz, 100 %, 5 %
2026/09/20 09:30:22.578, 5, 440.96 W, 50, 2032 MHz, 3996 MHz, 100 %, 5 %
2026/09/20 09:30:22.578, 6, 445.27 W, 42, 2032 MHz, 3996 MHz, 100 %, 5 %
2026/09/20 09:30:22.578, 7, 443.29 W, 42, 2032 MHz, 3996 MHz, 100 %, 5 %
2026/09/20 09:30:23.578, 0, 529.30 W, 52, 2032 MHz, 3996 MHz, 100 %, 5 %
2026/09/20 09:30:23.578, 1, 535.08 W, 54, 2032 MHz, 3996 MHz, 100 %, 4 %
2026/09/20 09:30:23.578, 2, 516.80 W, 42, 2032 MHz, 3996 MHz, 100 %, 4 %
2026/09/20 09:30:23.578, 3, 603.86 W, 43, 2032 MHz, 3996 MHz, 100 %, 4 %
2026/09/20 09:30:23.578, 4, 868.99 W, 60, 2010 MHz, 3996 MHz, 94 %, 27 %
2026/09/20 09:30:23.578, 5, 517.12 W, 50, 2032 MHz, 3996 MHz, 100 %, 5 %
2026/09/20 09:30:23.578, 6, 519.99 W, 41, 2032 MHz, 3996 MHz, 100 %, 5 %
2026/09/20 09:30:23.578, 7, 524.54 W, 42, 2032 MHz, 3996 MHz, 100 %, 5 %
2026/09/20 09:30:24.578, 0, 660.60 W, 54, 2032 MHz, 3996 MHz, 100 %, 50 %
2026/09/20 09:30:24.578, 1, 681.12 W, 56, 2032 MHz, 3996 MHz, 100 %, 50 %
2026/09/20 09:30:24.578, 2, 655.56 W, 45, 2032 MHz, 3996 MHz, 100 %, 51 %
2026/09/20 09:30:24.578, 3, 656.07 W, 45, 2032 MHz, 3996 MHz, 100 %, 50 %
2026/09/20 09:30:24.578, 4, 687.88 W, 55, 2032 MHz, 3996 MHz, 100 %, 7 %
2026/09/20 09:30:24.578, 5, 724.08 W, 58, 2032 MHz, 3996 MHz, 100 %, 49 %
2026/09/20 09:30:24.578, 6, 653.25 W, 43, 2032 MHz, 3996 MHz, 100 %, 5 %
2026/09/20 09:30:24.578, 7, 662.96 W, 43, 2032 MHz, 3996 MHz, 100 %, 22 %
2026/09/20 09:30:25.578, 0, 550.67 W, 55, 2032 MHz, 3996 MHz, 100 %, 50 %
2026/09/20 09:30:25.578, 1, 560.33 W, 56, 2032 MHz, 3996 MHz, 100 %, 49 %
2026/09/20 09:30:25.578, 2, 562.40 W, 45, 2032 MHz, 3996 MHz, 100 %, 50 %
2026/09/20 09:30:25.578, 3, 552.79 W, 46, 2032 MHz, 3996 MHz, 100 %, 49 %
2026/09/20 09:30:25.578, 4, 597.93 W, 57, 2032 MHz, 3996 MHz, 99 %, 49 %
2026/09/20 09:30:25.579, 5, 854.91 W, 54, 2032 MHz, 3996 MHz, 99 %, 49 %
2026/09/20 09:30:25.579, 6, 571.58 W, 45, 2032 MHz, 3996 MHz, 100 %, 50 %
2026/09/20 09:30:25.579, 7, 574.85 W, 45, 2032 MHz, 3996 MHz, 100 %, 49 %
2026/09/20 09:30:26.579, 0, 708.67 W, 55, 2032 MHz, 3996 MHz, 100 %, 51 %
2026/09/20 09:30:26.579, 1, 709.29 W, 57, 2032 MHz, 3996 MHz, 100 %, 50 %
2026/09/20 09:30:26.579, 2, 707.22 W, 46, 2032 MHz, 3996 MHz, 100 %, 50 %
2026/09/20 09:30:26.579, 3, 700.99 W, 46, 2032 MHz, 3996 MHz, 100 %, 50 %
2026/09/20 09:30:26.579, 4, 731.70 W, 57, 2032 MHz, 3996 MHz, 100 %, 50 %
2026/09/20 09:30:26.579, 5, 714.23 W, 54, 2032 MHz, 3996 MHz, 100 %, 50 %
2026/09/20 09:30:26.579, 6, 694.28 W, 45, 2032 MHz, 3996 MHz, 100 %, 50 %
2026/09/20 09:30:26.579, 7, 701.87 W, 45, 2032 MHz, 3996 MHz, 100 %, 50 %
2026/09/20 09:30:27.579, 0, 721.39 W, 56, 2032 MHz, 3996 MHz, 100 %, 51 %
2026/09/20 09:30:27.579, 1, 720.21 W, 57, 2032 MHz, 3996 MHz, 100 %, 50 %
2026/09/20 09:30:27.579, 2, 715.81 W, 46, 2032 MHz, 3996 MHz, 100 %, 51 %
2026/09/20 09:30:27.579, 3, 713.89 W, 46, 2032 MHz, 3996 MHz, 100 %, 50 %
2026/09/20 09:30:27.579, 4, 742.45 W, 57, 2032 MHz, 3996 MHz, 100 %, 50 %
2026/09/20 09:30:27.579, 5, 723.97 W, 54, 2032 MHz, 3996 MHz, 100 %, 50 %
2026/09/20 09:30:27.579, 6, 707.45 W, 46, 2032 MHz, 3996 MHz, 100 %, 51 %
2026/09/20 09:30:27.579, 7, 709.84 W, 46, 2032 MHz, 3996 MHz, 100 %, 50 %
2026/09/20 09:30:28.579, 0, 724.93 W, 56, 2032 MHz, 3996 MHz, 100 %, 51 %
2026/09/20 09:30:28.579, 1, 722.93 W, 58, 2032 MHz, 3996 MHz, 100 %, 50 %
2026/09/20 09:30:28.579, 2, 719.21 W, 47, 2032 MHz, 3996 MHz, 100 %, 52 %
2026/09/20 09:30:28.579, 3, 715.97 W, 47, 2032 MHz, 3996 MHz, 100 %, 51 %
2026/09/20 09:30:28.579, 4, 742.60 W, 58, 2032 MHz, 3996 MHz, 99 %, 50 %
2026/09/20 09:30:28.579, 5, 731.58 W, 55, 2032 MHz, 3996 MHz, 100 %, 51 %
2026/09/20 09:30:28.579, 6, 711.69 W, 46, 2032 MHz, 3996 MHz, 100 %, 51 %
2026/09/20 09:30:28.579, 7, 714.20 W, 46, 2032 MHz, 3996 MHz, 100 %, 50 %
2026/09/20 09:30:29.580, 0, 728.27 W, 56, 2032 MHz, 3996 MHz, 100 %, 52 %
2026/09/20 09:30:29.580, 1, 729.00 W, 58, 2032 MHz, 3996 MHz, 100 %, 50 %
2026/09/20 09:30:29.580, 2, 723.75 W, 47, 2032 MHz, 3996 MHz, 100 %, 51 %
2026/09/20 09:30:29.580, 3, 723.91 W, 47, 2032 MHz, 3996 MHz, 100 %, 51 %
2026/09/20 09:30:29.580, 4, 740.81 W, 56, 2032 MHz, 3996 MHz, 100 %, 51 %
2026/09/20 09:30:29.580, 5, 729.71 W, 55, 2032 MHz, 3996 MHz, 100 %, 51 %
2026/09/20 09:30:29.580, 6, 730.01 W, 50, 2032 MHz, 3996 MHz, 100 %, 51 %
2026/09/20 09:30:29.580, 7, 716.22 W, 46, 2032 MHz, 3996 MHz, 100 %, 50 %
2026/09/20 09:30:30.580, 0, 553.68 W, 55, 2032 MHz, 3996 MHz, 100 %, 52 %
2026/09/20 09:30:30.580, 1, 552.01 W, 57, 2032 MHz, 3996 MHz, 100 %, 51 %
2026/09/20 09:30:30.580, 2, 539.75 W, 46, 2032 MHz, 3996 MHz, 100 %, 51 %
2026/09/20 09:30:30.580, 3, 554.12 W, 46, 2032 MHz, 3996 MHz, 100 %, 51 %
2026/09/20 09:30:30.580, 4, 579.65 W, 57, 2032 MHz, 3996 MHz, 100 %, 50 %
2026/09/20 09:30:30.580, 5, 556.23 W, 54, 2032 MHz, 3996 MHz, 100 %, 51 %
2026/09/20 09:30:30.580, 6, 877.08 W, 47, 2032 MHz, 3996 MHz, 100 %, 51 %
2026/09/20 09:30:30.580, 7, 555.07 W, 45, 2032 MHz, 3996 MHz, 100 %, 50 %
2026/09/20 09:30:31.580, 0, 630.82 W, 60, 2002 MHz, 3996 MHz, 100 %, 38 %
2026/09/20 09:30:31.580, 1, 480.32 W, 54, 2032 MHz, 3996 MHz, 100 %, 5 %
2026/09/20 09:30:31.580, 2, 457.27 W, 42, 2032 MHz, 3996 MHz, 100 %, 23 %
2026/09/20 09:30:31.580, 3, 470.34 W, 43, 2032 MHz, 3996 MHz, 100 %, 20 %
2026/09/20 09:30:31.580, 4, 470.62 W, 54, 2032 MHz, 3996 MHz, 100 %, 5 %
2026/09/20 09:30:31.580, 5, 475.87 W, 50, 2032 MHz, 3996 MHz, 100 %, 5 %
2026/09/20 09:30:31.580, 6, 461.98 W, 43, 2032 MHz, 3996 MHz, 100 %, 5 %
2026/09/20 09:30:31.580, 7, 776.10 W, 44, 2032 MHz, 3996 MHz, 100 %, 5 %
2026/09/20 09:30:32.580, 0, 826.68 W, 56, 2032 MHz, 3996 MHz, 100 %, 50 %
2026/09/20 09:30:32.580, 1, 607.85 W, 56, 2032 MHz, 3996 MHz, 100 %, 49 %
2026/09/20 09:30:32.580, 2, 601.10 W, 45, 2032 MHz, 3996 MHz, 100 %, 50 %
2026/09/20 09:30:32.580, 3, 577.47 W, 45, 2032 MHz, 3996 MHz, 100 %, 48 %
2026/09/20 09:30:32.581, 4, 630.64 W, 56, 2032 MHz, 3996 MHz, 100 %, 48 %
2026/09/20 09:30:32.581, 5, 613.40 W, 53, 2032 MHz, 3996 MHz, 100 %, 49 %
2026/09/20 09:30:32.581, 6, 618.10 W, 45, 2032 MHz, 3996 MHz, 100 %, 49 %
2026/09/20 09:30:32.581, 7, 619.84 W, 45, 2032 MHz, 3996 MHz, 100 %, 47 %
2026/09/20 09:30:33.581, 0, 707.68 W, 56, 2032 MHz, 3996 MHz, 99 %, 49 %
2026/09/20 09:30:33.581, 1, 691.75 W, 57, 2032 MHz, 3996 MHz, 100 %, 48 %
2026/09/20 09:30:33.581, 2, 674.25 W, 45, 2032 MHz, 3996 MHz, 100 %, 49 %
2026/09/20 09:30:33.581, 3, 667.15 W, 45, 2032 MHz, 3996 MHz, 100 %, 48 %
2026/09/20 09:30:33.581, 4, 698.53 W, 57, 2032 MHz, 3996 MHz, 100 %, 48 %
2026/09/20 09:30:33.581, 5, 688.39 W, 54, 2032 MHz, 3996 MHz, 100 %, 49 %
2026/09/20 09:30:33.581, 6, 691.77 W, 45, 2032 MHz, 3996 MHz, 100 %, 49 %
2026/09/20 09:30:33.581, 7, 699.46 W, 46, 2032 MHz, 3996 MHz, 100 %, 49 %
2026/09/20 09:30:34.581, 0, 708.26 W, 56, 2032 MHz, 3996 MHz, 99 %, 49 %
2026/09/20 09:30:34.581, 1, 695.76 W, 57, 2032 MHz, 3996 MHz, 100 %, 48 %
2026/09/20 09:30:34.581, 2, 673.41 W, 46, 2032 MHz, 3996 MHz, 100 %, 49 %
2026/09/20 09:30:34.581, 3, 669.55 W, 46, 2032 MHz, 3996 MHz, 100 %, 48 %
2026/09/20 09:30:34.581, 4, 698.03 W, 57, 2032 MHz, 3996 MHz, 100 %, 48 %
2026/09/20 09:30:34.581, 5, 688.04 W, 54, 2032 MHz, 3996 MHz, 100 %, 49 %
2026/09/20 09:30:34.581, 6, 696.02 W, 46, 2032 MHz, 3996 MHz, 100 %, 49 %
2026/09/20 09:30:34.581, 7, 702.64 W, 46, 2032 MHz, 3996 MHz, 100 %, 49 %
2026/09/20 09:30:35.581, 0, 708.14 W, 56, 2032 MHz, 3996 MHz, 99 %, 49 %
2026/09/20 09:30:35.581, 1, 696.72 W, 57, 2032 MHz, 3996 MHz, 100 %, 49 %
2026/09/20 09:30:35.581, 2, 674.75 W, 46, 2032 MHz, 3996 MHz, 100 %, 49 %
2026/09/20 09:30:35.581, 3, 670.36 W, 46, 2032 MHz, 3996 MHz, 100 %, 48 %
2026/09/20 09:30:35.581, 4, 700.62 W, 57, 2032 MHz, 3996 MHz, 100 %, 48 %
2026/09/20 09:30:35.581, 5, 687.83 W, 54, 2032 MHz, 3996 MHz, 100 %, 49 %
2026/09/20 09:30:35.581, 6, 693.71 W, 46, 2032 MHz, 3996 MHz, 100 %, 49 %
2026/09/20 09:30:35.581, 7, 703.81 W, 46, 2032 MHz, 3996 MHz, 100 %, 49 %
2026/09/20 09:30:36.582, 0, 707.93 W, 56, 2032 MHz, 3996 MHz, 99 %, 49 %
2026/09/20 09:30:36.582, 1, 696.45 W, 57, 2032 MHz, 3996 MHz, 100 %, 48 %
2026/09/20 09:30:36.582, 2, 671.96 W, 46, 2032 MHz, 3996 MHz, 100 %, 48 %
2026/09/20 09:30:36.582, 3, 672.25 W, 46, 2032 MHz, 3996 MHz, 100 %, 48 %
2026/09/20 09:30:36.582, 4, 701.31 W, 57, 2032 MHz, 3996 MHz, 100 %, 47 %
2026/09/20 09:30:36.582, 5, 686.15 W, 54, 2032 MHz, 3996 MHz, 100 %, 48 %
2026/09/20 09:30:36.582, 6, 691.15 W, 45, 2032 MHz, 3996 MHz, 100 %, 49 %
2026/09/20 09:30:36.582, 7, 703.47 W, 46, 2032 MHz, 3996 MHz, 100 %, 48 %
2026/09/20 09:30:37.582, 0, 677.30 W, 54, 2032 MHz, 3996 MHz, 99 %, 48 %
2026/09/20 09:30:37.582, 1, 663.48 W, 57, 2032 MHz, 3996 MHz, 100 %, 47 %
2026/09/20 09:30:37.582, 2, 631.98 W, 44, 2032 MHz, 3996 MHz, 100 %, 48 %
2026/09/20 09:30:37.582, 3, 644.32 W, 43, 2032 MHz, 3996 MHz, 100 %, 47 %
2026/09/20 09:30:37.582, 4, 637.24 W, 54, 2032 MHz, 3996 MHz, 35 %, 16 %
2026/09/20 09:30:37.582, 5, 653.21 W, 52, 2032 MHz, 3996 MHz, 100 %, 48 %
2026/09/20 09:30:37.582, 6, 659.23 W, 44, 2032 MHz, 3996 MHz, 100 %, 48 %
2026/09/20 09:30:37.582, 7, 636.70 W, 43, 2032 MHz, 3996 MHz, 70 %, 33 %
2026/09/20 09:30:38.733, 0, 246.62 W, 49, 2032 MHz, 3996 MHz, 0 %, 0 %
2026/09/20 09:30:38.751, 1, 248.01 W, 50, 2032 MHz, 3996 MHz, 0 %, 0 %
2026/09/20 09:30:38.767, 2, 234.20 W, 39, 2032 MHz, 3996 MHz, 0 %, 0 %
2026/09/20 09:30:38.783, 3, 240.68 W, 39, 2032 MHz, 3996 MHz, 0 %, 0 %
2026/09/20 09:30:38.799, 4, 254.11 W, 50, 2032 MHz, 3996 MHz, 0 %, 0 %
2026/09/20 09:30:38.815, 5, 245.82 W, 47, 2032 MHz, 3996 MHz, 0 %, 0 %
2026/09/20 09:30:38.831, 6, 237.01 W, 39, 2032 MHz, 3996 MHz, 0 %, 0 %
2026/09/20 09:30:38.848, 7, 243.72 W, 39, 2032 MHz, 3996 MHz, 0 %, 0 %
