timestamp, index, power.draw [W], temperature.gpu, clocks.current.sm [MHz], clocks.current.memory [MHz], utilization.gpu [%], utilization.memory [%]
2026/09/22 01:27:11.074, 0, 182.83 W, 41, 120 MHz, 3996 MHz, 0 %, 0 %
2026/09/22 01:27:11.076, 1, 184.26 W, 42, 120 MHz, 3996 MHz, 0 %, 0 %
2026/09/22 01:27:11.078, 2, 176.12 W, 33, 120 MHz, 3996 MHz, 0 %, 0 %
2026/09/22 01:27:11.080, 3, 178.17 W, 33, 120 MHz, 3996 MHz, 0 %, 0 %
2026/09/22 01:27:11.082, 4, 180.58 W, 35, 120 MHz, 3996 MHz, 0 %, 0 %
2026/09/22 01:27:11.084, 5, 178.64 W, 33, 120 MHz, 3996 MHz, 0 %, 0 %
2026/09/22 01:27:11.085, 6, 178.87 W, 30, 120 MHz, 3996 MHz, 0 %, 0 %
2026/09/22 01:27:11.087, 7, 181.41 W, 30, 120 MHz, 3996 MHz, 0 %, 0 %
2026/09/22 01:27:12.089, 0, 181.77 W, 41, 120 MHz, 3996 MHz, 0 %, 0 %
2026/09/22 01:27:12.089, 1, 183.59 W, 42, 120 MHz, 3996 MHz, 0 %, 0 %
2026/09/22 01:27:12.089, 2, 176.12 W, 33, 120 MHz, 3996 MHz, 0 %, 0 %
2026/09/22 01:27:12.089, 3, 178.17 W, 33, 120 MHz, 3996 MHz, 0 %, 0 %
2026/09/22 01:27:12.089, 4, 180.58 W, 35, 120 MHz, 3996 MHz, 0 %, 0 %
2026/09/22 01:27:12.089, 5, 178.64 W, 33, 120 MHz, 3996 MHz, 0 %, 0 %
2026/09/22 01:27:12.089, 6, 178.55 W, 30, 120 MHz, 3996 MHz, 0 %, 0 %
2026/09/22 01:27:12.089, 7, 181.44 W, 30, 120 MHz, 3996 MHz, 0 %, 0 %
2026/09/22 01:27:13.089, 0, 181.53 W, 41, 120 MHz, 3996 MHz, 0 %, 0 %
2026/09/22 01:27:13.089, 1, 183.56 W, 42, 120 MHz, 3996 MHz, 0 %, 0 %
2026/09/22 01:27:13.089, 2, 176.12 W, 32, 120 MHz, 3996 MHz, 0 %, 0 %
2026/09/22 01:27:13.089, 3, 178.17 W, 33, 120 MHz, 3996 MHz, 0 %, 0 %
2026/09/22 01:27:13.089, 4, 180.58 W, 35, 120 MHz, 3996 MHz, 0 %, 0 %
2026/09/22 01:27:13.089, 5, 178.64 W, 33, 120 MHz, 3996 MHz, 0 %, 0 %
2026/09/22 01:27:13.089, 6, 178.62 W, 30, 120 MHz, 3996 MHz, 0 %, 0 %
2026/09/22 01:27:13.089, 7, 181.52 W, 30, 120 MHz, 3996 MHz, 0 %, 0 %
2026/09/22 01:27:14.089, 0, 181.38 W, 41, 120 MHz, 3996 MHz, 0 %, 0 %
2026/09/22 01:27:14.089, 1, 183.32 W, 42, 120 MHz, 3996 MHz, 0 %, 0 %
2026/09/22 01:27:14.089, 2, 176.12 W, 32, 120 MHz, 3996 MHz, 0 %, 0 %
2026/09/22 01:27:14.090, 3, 178.17 W, 32, 120 MHz, 3996 MHz, 0 %, 0 %
2026/09/22 01:27:14.090, 4, 180.58 W, 35, 120 MHz, 3996 MHz, 0 %, 0 %
2026/09/22 01:27:14.090, 5, 178.64 W, 33, 120 MHz, 3996 MHz, 0 %, 0 %
2026/09/22 01:27:14.090, 6, 178.95 W, 30, 120 MHz, 3996 MHz, 0 %, 0 %
2026/09/22 01:27:14.090, 7, 181.44 W, 30, 120 MHz, 3996 MHz, 0 %, 0 %
2026/09/22 01:27:15.090, 0, 181.30 W, 41, 120 MHz, 3996 MHz, 0 %, 0 %
2026/09/22 01:27:15.090, 1, 183.25 W, 42, 120 MHz, 3996 MHz, 0 %, 0 %
2026/09/22 01:27:15.090, 2, 176.12 W, 32, 120 MHz, 3996 MHz, 0 %, 0 %
2026/09/22 01:27:15.090, 3, 178.17 W, 32, 120 MHz, 3996 MHz, 0 %, 0 %
2026/09/22 01:27:15.090, 4, 180.58 W, 35, 120 MHz, 3996 MHz, 0 %, 0 %
2026/09/22 01:27:15.090, 5, 178.64 W, 33, 120 MHz, 3996 MHz, 0 %, 0 %
2026/09/22 01:27:15.090, 6, 178.82 W, 30, 120 MHz, 3996 MHz, 0 %, 0 %
2026/09/22 01:27:15.090, 7, 181.45 W, 30, 120 MHz, 3996 MHz, 0 %, 0 %
2026/09/22 01:27:16.090, 0, 181.30 W, 41, 120 MHz, 3996 MHz, 0 %, 0 %
2026/09/22 01:27:16.090, 1, 183.25 W, 42, 120 MHz, 3996 MHz, 0 %, 0 %
2026/09/22 01:27:16.090, 2, 176.11 W, 32, 120 MHz, 3996 MHz, 0 %, 0 %
2026/09/22 01:27:16.090, 3, 178.17 W, 32, 120 MHz, 3996 MHz, 0 %, 0 %
2026/09/22 01:27:16.090, 4, 180.58 W, 35, 120 MHz, 3996 MHz, 0 %, 0 %
2026/09/22 01:27:16.090, 5, 178.64 W, 33, 120 MHz, 3996 MHz, 0 %, 0 %
2026/09/22 01:27:16.090, 6, 178.49 W, 30, 120 MHz, 3996 MHz, 0 %, 0 %
2026/09/22 01:27:16.090, 7, 181.38 W, 30, 120 MHz, 3996 MHz, 0 %, 0 %
2026/09/22 01:27:17.090, 0, 181.30 W, 40, 120 MHz, 3996 MHz, 0 %, 0 %
2026/09/22 01:27:17.090, 1, 183.25 W, 41, 120 MHz, 3996 MHz, 0 %, 0 %
2026/09/22 01:27:17.090, 2, 176.11 W, 32, 120 MHz, 3996 MHz, 0 %, 0 %
2026/09/22 01:27:17.090, 3, 178.17 W, 32, 120 MHz, 3996 MHz, 0 %, 0 %
2026/09/22 01:27:17.090, 4, 180.58 W, 35, 120 MHz, 3996 MHz, 0 %, 0 %
2026/09/22 01:27:17.090, 5, 178.64 W, 33, 120 MHz, 3996 MHz, 0 %, 0 %
2026/09/22 01:27:17.090, 6, 178.53 W, 30, 120 MHz, 3996 MHz, 0 %, 0 %
2026/09/22 01:27:17.090, 7, 181.49 W, 30, 120 MHz, 3996 MHz, 0 %, 0 %
2026/09/22 01:27:18.091, 0, 181.30 W, 40, 120 MHz, 3996 MHz, 0 %, 0 %
2026/09/22 01:27:18.091, 1, 183.25 W, 41, 120 MHz, 3996 MHz, 0 %, 0 %
2026/09/22 01:27:18.091, 2, 176.11 W, 32, 120 MHz, 3996 MHz, 0 %, 0 %
2026/09/22 01:27:18.091, 3, 178.16 W, 32, 120 MHz, 3996 MHz, 0 %, 0 %
2026/09/22 01:27:18.091, 4, 180.58 W, 35, 120 MHz, 3996 MHz, 0 %, 0 %
2026/09/22 01:27:18.091, 5, 178.64 W, 33, 120 MHz, 3996 MHz, 0 %, 0 %
2026/09/22 01:27:18.091, 6, 178.69 W, 30, 120 MHz, 3996 MHz, 0 %, 0 %
2026/09/22 01:27:18.091, 7, 181.39 W, 30, 120 MHz, 3996 MHz, 0 %, 0 %
2026/09/22 01:27:19.091, 0, 181.30 W, 40, 120 MHz, 3996 MHz, 0 %, 0 %
2026/09/22 01:27:19.091, 1, 183.25 W, 41, 120 MHz, 3996 MHz, 0 %, 0 %
2026/09/22 01:27:19.091, 2, 176.11 W, 32, 120 MHz, 3996 MHz, 0 %, 0 %
2026/09/22 01:27:19.091, 3, 178.17 W, 32, 120 MHz, 3996 MHz, 0 %, 0 %
2026/09/22 01:27:19.091, 4, 180.58 W, 35, 120 MHz, 3996 MHz, 0 %, 0 %
2026/09/22 01:27:19.091, 5, 178.64 W, 33, 120 MHz, 3996 MHz, 0 %, 0 %
2026/09/22 01:27:19.091, 6, 178.75 W, 30, 120 MHz, 3996 MHz, 0 %, 0 %
2026/09/22 01:27:19.091, 7, 181.51 W, 30, 120 MHz, 3996 MHz, 0 %, 0 %
2026/09/22 01:27:20.091, 0, 181.30 W, 40, 120 MHz, 3996 MHz, 0 %, 0 %
2026/09/22 01:27:20.091, 1, 183.25 W, 41, 120 MHz, 3996 MHz, 0 %, 0 %
2026/09/22 01:27:20.091, 2, 176.12 W, 32, 120 MHz, 3996 MHz, 0 %, 0 %
2026/09/22 01:27:20.091, 3, 178.17 W, 32, 120 MHz, 3996 MHz, 0 %, 0 %
2026/09/22 01:27:20.091, 4, 180.58 W, 35, 120 MHz, 3996 MHz, 0 %, 0 %
2026/09/22 01:27:20.091, 5, 178.64 W, 33, 120 MHz, 3996 MHz, 0 %, 0 %
2026/09/22 01:27:20.091, 6, 178.68 W, 30, 120 MHz, 3996 MHz, 0 %, 0 %
2026/09/22 01:27:20.091, 7, 181.48 W, 30, 120 MHz, 3996 MHz, 0 %, 0 %
2026/09/22 01:27:21.091, 0, 181.30 W, 40, 120 MHz, 3996 MHz, 0 %, 0 %
2026/09/22 01:27:21.091, 1, 183.25 W, 41, 120 MHz, 3996 MHz, 0 %, 0 %
2026/09/22 01:27:21.092, 2, 176.12 W, 32, 120 MHz, 3996 MHz, 0 %, 0 %
2026/09/22 01:27:21.092, 3, 178.13 W, 32, 120 MHz, 3996 MHz, 0 %, 0 %
2026/09/22 01:27:21.092, 4, 180.62 W, 35, 120 MHz, 3996 MHz, 0 %, 0 %
2026/09/22 01:27:21.092, 5, 178.64 W, 33, 120 MHz, 3996 MHz, 0 %, 0 %
2026/09/22 01:27:21.092, 6, 178.72 W, 30, 120 MHz, 3996 MHz, 0 %, 0 %
2026/09/22 01:27:21.092, 7, 181.51 W, 30, 120 MHz, 3996 MHz, 0 %, 0 %
2026/09/22 01:27:22.092, 0, 181.30 W, 40, 120 MHz, 3996 MHz, 0 %, 0 %
2026/09/22 01:27:22.092, 1, 183.25 W, 41, 120 MHz, 3996 MHz, 0 %, 0 %
2026/09/22 01:27:22.092, 2, 176.12 W, 32, 120 MHz, 3996 MHz, 0 %, 0 %
2026/09/22 01:27:22.092, 3, 178.09 W, 32, 120 MHz, 3996 MHz, 0 %, 0 %
2026/09/22 01:27:22.092, 4, 180.58 W, 35, 120 MHz, 3996 MHz, 0 %, 0 %
2026/09/22 01:27:22.092, 5, 178.64 W, 33, 120 MHz, 3996 MHz, 0 %, 0 %
2026/09/22 01:27:22.092, 6, 178.38 W, 30, 120 MHz, 3996 MHz, 0 %, 0 %
2026/09/22 01:27:22.092, 7, 181.51 W, 30, 120 MHz, 3996 MHz, 0 %, 0 %
2026/09/22 01:27:23.092, 0, 181.30 W, 40, 120 MHz, 3996 MHz, 0 %, 0 %
2026/09/22 01:27:23.092, 1, 183.25 W, 41, 120 MHz, 3996 MHz, 0 %, 0 %
2026/09/22 01:27:23.092, 2, 176.12 W, 32, 120 MHz, 3996 MHz, 0 %, 0 %
2026/09/22 01:27:23.092, 3, 178.09 W, 32, 120 MHz, 3996 MHz, 0 %, 0 %
2026/09/22 01:27:23.092, 4, 180.58 W, 35, 120 MHz, 3996 MHz, 0 %, 0 %
2026/09/22 01:27:23.092, 5, 178.64 W, 33, 120 MHz, 3996 MHz, 0 %, 0 %
2026/09/22 01:27:23.092, 6, 178.74 W, 30, 120 MHz, 3996 MHz, 0 %, 0 %
2026/09/22 01:27:23.092, 7, 181.40 W, 30, 120 MHz, 3996 MHz, 0 %, 0 %
2026/09/22 01:27:24.092, 0, 181.30 W, 39, 120 MHz, 3996 MHz, 0 %, 0 %
2026/09/22 01:27:24.092, 1, 183.25 W, 41, 120 MHz, 3996 MHz, 0 %, 0 %
2026/09/22 01:27:24.092, 2, 176.11 W, 32, 120 MHz, 3996 MHz, 0 %, 0 %
2026/09/22 01:27:24.092, 3, 178.02 W, 32, 120 MHz, 3996 MHz, 0 %, 0 %
2026/09/22 01:27:24.092, 4, 180.58 W, 35, 120 MHz, 3996 MHz, 0 %, 0 %
2026/09/22 01:27:24.092, 5, 178.64 W, 33, 120 MHz, 3996 MHz, 0 %, 0 %
2026/09/22 01:27:24.092, 6, 178.89 W, 30, 120 MHz, 3996 MHz, 0 %, 0 %
2026/09/22 01:27:24.092, 7, 181.36 W, 30, 120 MHz, 3996 MHz, 0 %, 0 %
2026/09/22 01:27:25.092, 0, 183.05 W, 39, 120 MHz, 3996 MHz, 0 %, 0 %
2026/09/22 01:27:25.093, 1, 184.43 W, 41, 120 MHz, 3996 MHz, 0 %, 0 %
2026/09/22 01:27:25.093, 2, 176.65 W, 32, 120 MHz, 3996 MHz, 0 %, 0 %
2026/09/22 01:27:25.093, 3, 178.05 W, 32, 120 MHz, 3996 MHz, 0 %, 0 %
2026/09/22 01:27:25.093, 4, 180.58 W, 35, 120 MHz, 3996 MHz, 0 %, 0 %
2026/09/22 01:27:25.093, 5, 178.64 W, 33, 120 MHz, 3996 MHz, 0 %, 0 %
2026/09/22 01:27:25.093, 6, 178.81 W, 30, 120 MHz, 3996 MHz, 0 %, 0 %
2026/09/22 01:27:25.093, 7, 181.39 W, 30, 120 MHz, 3996 MHz, 0 %, 0 %
2026/09/22 01:27:26.093, 0, 183.25 W, 39, 120 MHz, 3996 MHz, 0 %, 0 %
2026/09/22 01:27:26.093, 1, 185.20 W, 40, 120 MHz, 3996 MHz, 0 %, 0 %
2026/09/22 01:27:26.093, 2, 178.03 W, 32, 120 MHz, 3996 MHz, 0 %, 0 %
2026/09/22 01:27:26.093, 3, 179.87 W, 32, 120 MHz, 3996 MHz, 0 %, 0 %
2026/09/22 01:27:26.093, 4, 180.58 W, 35, 120 MHz, 3996 MHz, 0 %, 0 %
2026/09/22 01:27:26.093, 5, 178.64 W, 33, 120 MHz, 3996 MHz, 0 %, 0 %
2026/09/22 01:27:26.093, 6, 178.66 W, 30, 120 MHz, 3996 MHz, 0 %, 0 %
2026/09/22 01:27:26.093, 7, 181.43 W, 30, 120 MHz, 3996 MHz, 0 %, 0 %
2026/09/22 01:27:27.093, 0, 181.30 W, 39, 120 MHz, 3996 MHz, 0 %, 0 %
2026/09/22 01:27:27.093, 1, 183.60 W, 40, 120 MHz, 3996 MHz, 0 %, 0 %
2026/09/22 01:27:27.093, 2, 177.07 W, 31, 120 MHz, 3996 MHz, 0 %, 0 %
2026/09/22 01:27:27.093, 3, 179.82 W, 32, 120 MHz, 3996 MHz, 0 %, 0 %
2026/09/22 01:27:27.093, 4, 180.62 W, 35, 120 MHz, 3996 MHz, 0 %, 0 %
2026/09/22 01:27:27.093, 5, 178.64 W, 33, 120 MHz, 3996 MHz, 0 %, 0 %
2026/09/22 01:27:27.093, 6, 178.86 W, 30, 120 MHz, 3996 MHz, 0 %, 0 %
2026/09/22 01:27:27.093, 7, 181.48 W, 30, 120 MHz, 3996 MHz, 0 %, 0 %
2026/09/22 01:27:28.093, 0, 181.30 W, 39, 120 MHz, 3996 MHz, 0 %, 0 %
2026/09/22 01:27:28.093, 1, 183.25 W, 40, 120 MHz, 3996 MHz, 0 %, 0 %
2026/09/22 01:27:28.093, 2, 176.11 W, 31, 120 MHz, 3996 MHz, 0 %, 0 %
2026/09/22 01:27:28.093, 3, 177.70 W, 31, 120 MHz, 3996 MHz, 0 %, 0 %
2026/09/22 01:27:28.093, 4, 180.66 W, 35, 120 MHz, 3996 MHz, 0 %, 0 %
2026/09/22 01:27:28.093, 5, 178.64 W, 33, 120 MHz, 3996 MHz, 0 %, 0 %
2026/09/22 01:27:28.093, 6, 178.84 W, 30, 120 MHz, 3996 MHz, 0 %, 0 %
2026/09/22 01:27:28.094, 7, 181.50 W, 30, 120 MHz, 3996 MHz, 0 %, 0 %
2026/09/22 01:27:29.094, 0, 181.30 W, 39, 120 MHz, 3996 MHz, 0 %, 0 %
2026/09/22 01:27:29.094, 1, 183.25 W, 40, 120 MHz, 3996 MHz, 0 %, 0 %
2026/09/22 01:27:29.094, 2, 176.04 W, 31, 120 MHz, 3996 MHz, 0 %, 0 %
2026/09/22 01:27:29.094, 3, 177.68 W, 31, 120 MHz, 3996 MHz, 0 %, 0 %
2026/09/22 01:27:29.094, 4, 180.58 W, 35, 120 MHz, 3996 MHz, 0 %, 0 %
2026/09/22 01:27:29.094, 5, 178.64 W, 33, 120 MHz, 3996 MHz, 0 %, 0 %
2026/09/22 01:27:29.094, 6, 178.95 W, 30, 120 MHz, 3996 MHz, 0 %, 0 %
2026/09/22 01:27:29.094, 7, 181.40 W, 30, 120 MHz, 3996 MHz, 0 %, 0 %
2026/09/22 01:27:30.094, 0, 181.26 W, 39, 120 MHz, 3996 MHz, 0 %, 0 %
2026/09/22 01:27:30.094, 1, 183.25 W, 40, 120 MHz, 3996 MHz, 0 %, 0 %
2026/09/22 01:27:30.094, 2, 176.04 W, 31, 120 MHz, 3996 MHz, 0 %, 0 %
2026/09/22 01:27:30.094, 3, 176.91 W, 31, 120 MHz, 3996 MHz, 0 %, 0 %
2026/09/22 01:27:30.094, 4, 180.58 W, 35, 120 MHz, 3996 MHz, 0 %, 0 %
2026/09/22 01:27:30.094, 5, 178.64 W, 33, 120 MHz, 3996 MHz, 0 %, 0 %
2026/09/22 01:27:30.094, 6, 178.99 W, 30, 120 MHz, 3996 MHz, 0 %, 0 %
2026/09/22 01:27:30.094, 7, 181.53 W, 30, 120 MHz, 3996 MHz, 0 %, 0 %
2026/09/22 01:27:31.094, 0, 181.26 W, 39, 120 MHz, 3996 MHz, 0 %, 0 %
2026/09/22 01:27:31.094, 1, 183.17 W, 40, 120 MHz, 3996 MHz, 0 %, 0 %
2026/09/22 01:27:31.094, 2, 176.00 W, 31, 120 MHz, 3996 MHz, 0 %, 0 %
2026/09/22 01:27:31.094, 3, 177.01 W, 31, 120 MHz, 3996 MHz, 0 %, 0 %
2026/09/22 01:27:31.094, 4, 180.58 W, 35, 120 MHz, 3996 MHz, 0 %, 0 %
2026/09/22 01:27:31.094, 5, 178.64 W, 33, 120 MHz, 3996 MHz, 0 %, 0 %
2026/09/22 01:27:31.094, 6, 178.67 W, 30, 120 MHz, 3996 MHz, 0 %, 0 %
2026/09/22 01:27:31.094, 7, 181.46 W, 30, 120 MHz, 3996 MHz, 0 %, 0 %
2026/09/22 01:27:32.094, 0, 181.02 W, 39, 120 MHz, 3996 MHz, 0 %, 0 %
2026/09/22 01:27:32.094, 1, 183.21 W, 40, 120 MHz, 3996 MHz, 0 %, 0 %
2026/09/22 01:27:32.095, 2, 176.12 W, 31, 120 MHz, 3996 MHz, 0 %, 0 %
2026/09/22 01:27:32.095, 3, 177.16 W, 31, 120 MHz, 3996 MHz, 0 %, 0 %
2026/09/22 01:27:32.095, 4, 180.58 W, 35, 120 MHz, 3996 MHz, 0 %, 0 %
2026/09/22 01:27:32.095, 5, 178.64 W, 33, 120 MHz, 3996 MHz, 0 %, 0 %
2026/09/22 01:27:32.095, 6, 178.66 W, 30, 120 MHz, 3996 MHz, 0 %, 0 %
2026/09/22 01:27:32.095, 7, 181.48 W, 30, 120 MHz, 3996 MHz, 0 %, 0 %
2026/09/22 01:27:33.095, 0, 180.83 W, 39, 120 MHz, 3996 MHz, 0 %, 0 %
2026/09/22 01:27:33.095, 1, 183.05 W, 40, 120 MHz, 3996 MHz, 0 %, 0 %
2026/09/22 01:27:33.095, 2, 175.92 W, 31, 120 MHz, 3996 MHz, 0 %, 0 %
2026/09/22 01:27:33.095, 3, 177.10 W, 31, 120 MHz, 3996 MHz, 0 %, 0 %
2026/09/22 01:27:33.095, 4, 180.58 W, 35, 120 MHz, 3996 MHz, 0 %, 0 %
2026/09/22 01:27:33.095, 5, 178.64 W, 33, 120 MHz, 3996 MHz, 0 %, 0 %
2026/09/22 01:27:33.095, 6, 178.50 W, 30, 120 MHz, 3996 MHz, 0 %, 0 %
2026/09/22 01:27:33.095, 7, 181.44 W, 30, 120 MHz, 3996 MHz, 0 %, 0 %
2026/09/22 01:27:34.095, 0, 180.69 W, 38, 120 MHz, 3996 MHz, 0 %, 0 %
2026/09/22 01:27:34.095, 1, 182.94 W, 40, 120 MHz, 3996 MHz, 0 %, 0 %
2026/09/22 01:27:34.095, 2, 175.77 W, 31, 120 MHz, 3996 MHz, 0 %, 0 %
2026/09/22 01:27:34.095, 3, 176.66 W, 31, 120 MHz, 3996 MHz, 0 %, 0 %
2026/09/22 01:27:34.095, 4, 180.58 W, 35, 120 MHz, 3996 MHz, 0 %, 0 %
2026/09/22 01:27:34.095, 5, 178.64 W, 33, 120 MHz, 3996 MHz, 0 %, 0 %
2026/09/22 01:27:34.095, 6, 178.88 W, 30, 120 MHz, 3996 MHz, 0 %, 0 %
2026/09/22 01:27:34.095, 7, 181.48 W, 30, 120 MHz, 3996 MHz, 0 %, 0 %
2026/09/22 01:27:35.095, 0, 180.40 W, 38, 120 MHz, 3996 MHz, 0 %, 0 %
2026/09/22 01:27:35.095, 1, 182.56 W, 39, 120 MHz, 3996 MHz, 0 %, 0 %
2026/09/22 01:27:35.095, 2, 175.50 W, 31, 120 MHz, 3996 MHz, 0 %, 0 %
2026/09/22 01:27:35.095, 3, 176.39 W, 31, 120 MHz, 3996 MHz, 0 %, 0 %
2026/09/22 01:27:35.095, 4, 180.58 W, 35, 120 MHz, 3996 MHz, 0 %, 0 %
2026/09/22 01:27:35.095, 5, 178.64 W, 33, 120 MHz, 3996 MHz, 0 %, 0 %
2026/09/22 01:27:35.095, 6, 178.79 W, 30, 120 MHz, 3996 MHz, 0 %, 0 %
2026/09/22 01:27:35.096, 7, 181.41 W, 30, 120 MHz, 3996 MHz, 0 %, 0 %
2026/09/22 01:27:36.096, 0, 180.33 W, 38, 120 MHz, 3996 MHz, 0 %, 0 %
2026/09/22 01:27:36.096, 1, 182.51 W, 39, 120 MHz, 3996 MHz, 0 %, 0 %
2026/09/22 01:27:36.096, 2, 175.61 W, 31, 120 MHz, 3996 MHz, 0 %, 0 %
2026/09/22 01:27:36.096, 3, 176.69 W, 31, 120 MHz, 3996 MHz, 0 %, 0 %
2026/09/22 01:27:36.096, 4, 180.58 W, 35, 120 MHz, 3996 MHz, 0 %, 0 %
2026/09/22 01:27:36.096, 5, 178.64 W, 33, 120 MHz, 3996 MHz, 0 %, 0 %
2026/09/22 01:27:36.096, 6, 178.90 W, 30, 120 MHz, 3996 MHz, 0 %, 0 %
2026/09/22 01:27:36.096, 7, 181.45 W, 30, 120 MHz, 3996 MHz, 0 %, 0 %
2026/09/22 01:27:37.096, 0, 179.62 W, 38, 120 MHz, 3996 MHz, 0 %, 0 %
2026/09/22 01:27:37.096, 1, 182.27 W, 39, 120 MHz, 3996 MHz, 0 %, 0 %
2026/09/22 01:27:37.096, 2, 175.62 W, 31, 120 MHz, 3996 MHz, 0 %, 0 %
2026/09/22 01:27:37.096, 3, 176.50 W, 31, 120 MHz, 3996 MHz, 0 %, 0 %
2026/09/22 01:27:37.096, 4, 180.58 W, 35, 120 MHz, 3996 MHz, 0 %, 0 %
2026/09/22 01:27:37.096, 5, 178.64 W, 33, 120 MHz, 3996 MHz, 0 %, 0 %
2026/09/22 01:27:37.096, 6, 178.71 W, 30, 120 MHz, 3996 MHz, 0 %, 0 %
2026/09/22 01:27:37.096, 7, 181.48 W, 30, 120 MHz, 3996 MHz, 0 %, 0 %
2026/09/22 01:27:38.096, 0, 179.81 W, 38, 120 MHz, 3996 MHz, 0 %, 0 %
2026/09/22 01:27:38.096, 1, 181.84 W, 39, 120 MHz, 3996 MHz, 0 %, 0 %
2026/09/22 01:27:38.096, 2, 175.42 W, 31, 120 MHz, 3996 MHz, 0 %, 0 %
2026/09/22 01:27:38.096, 3, 176.35 W, 31, 120 MHz, 3996 MHz, 0 %, 0 %
2026/09/22 01:27:38.096, 4, 180.58 W, 35, 120 MHz, 3996 MHz, 0 %, 0 %
2026/09/22 01:27:38.096, 5, 178.64 W, 33, 120 MHz, 3996 MHz, 0 %, 0 %
2026/09/22 01:27:38.096, 6, 178.73 W, 30, 120 MHz, 3996 MHz, 0 %, 0 %
2026/09/22 01:27:38.096, 7, 181.45 W, 30, 120 MHz, 3996 MHz, 0 %, 0 %
2026/09/22 01:27:39.096, 0, 179.42 W, 38, 120 MHz, 3996 MHz, 0 %, 0 %
2026/09/22 01:27:39.097, 1, 181.76 W, 39, 120 MHz, 3996 MHz, 0 %, 0 %
2026/09/22 01:27:39.097, 2, 175.46 W, 31, 120 MHz, 3996 MHz, 0 %, 0 %
2026/09/22 01:27:39.097, 3, 176.35 W, 31, 120 MHz, 3996 MHz, 0 %, 0 %
2026/09/22 01:27:39.097, 4, 180.62 W, 35, 120 MHz, 3996 MHz, 0 %, 0 %
2026/09/22 01:27:39.097, 5, 178.64 W, 33, 120 MHz, 3996 MHz, 0 %, 0 %
2026/09/22 01:27:39.097, 6, 179.10 W, 30, 120 MHz, 3996 MHz, 0 %, 0 %
2026/09/22 01:27:39.097, 7, 181.46 W, 30, 120 MHz, 3996 MHz, 0 %, 0 %
2026/09/22 01:27:40.097, 0, 179.42 W, 38, 120 MHz, 3996 MHz, 0 %, 0 %
2026/09/22 01:27:40.097, 1, 181.68 W, 39, 120 MHz, 3996 MHz, 0 %, 0 %
2026/09/22 01:27:40.097, 2, 175.10 W, 31, 120 MHz, 3996 MHz, 0 %, 0 %
2026/09/22 01:27:40.097, 3, 176.23 W, 31, 120 MHz, 3996 MHz, 0 %, 0 %
2026/09/22 01:27:40.097, 4, 180.58 W, 35, 120 MHz, 3996 MHz, 0 %, 0 %
2026/09/22 01:27:40.097, 5, 178.64 W, 33, 120 MHz, 3996 MHz, 0 %, 0 %
2026/09/22 01:27:40.097, 6, 179.14 W, 30, 120 MHz, 3996 MHz, 0 %, 0 %
2026/09/22 01:27:40.097, 7, 181.44 W, 30, 120 MHz, 3996 MHz, 0 %, 0 %
2026/09/22 01:27:41.097, 0, 179.35 W, 38, 120 MHz, 3996 MHz, 0 %, 0 %
2026/09/22 01:27:41.097, 1, 181.34 W, 39, 120 MHz, 3996 MHz, 0 %, 0 %
2026/09/22 01:27:41.097, 2, 175.16 W, 31, 120 MHz, 3996 MHz, 0 %, 0 %
2026/09/22 01:27:41.097, 3, 176.27 W, 31, 120 MHz, 3996 MHz, 0 %, 0 %
2026/09/22 01:27:41.097, 4, 180.62 W, 35, 120 MHz, 3996 MHz, 0 %, 0 %
2026/09/22 01:27:41.097, 5, 178.64 W, 33, 120 MHz, 3996 MHz, 0 %, 0 %
2026/09/22 01:27:41.097, 6, 178.62 W, 30, 120 MHz, 3996 MHz, 0 %, 0 %
2026/09/22 01:27:41.097, 7, 181.45 W, 30, 120 MHz, 3996 MHz, 0 %, 0 %
2026/09/22 01:27:42.097, 0, 179.35 W, 38, 120 MHz, 3996 MHz, 0 %, 0 %
2026/09/22 01:27:42.097, 1, 181.34 W, 39, 120 MHz, 3996 MHz, 0 %, 0 %
2026/09/22 01:27:42.097, 2, 174.87 W, 31, 120 MHz, 3996 MHz, 0 %, 0 %
2026/09/22 01:27:42.097, 3, 176.31 W, 31, 120 MHz, 3996 MHz, 0 %, 0 %
2026/09/22 01:27:42.097, 4, 180.58 W, 35, 120 MHz, 3996 MHz, 0 %, 0 %
2026/09/22 01:27:42.097, 5, 178.64 W, 33, 120 MHz, 3996 MHz, 0 %, 0 %
2026/09/22 01:27:42.097, 6, 178.87 W, 30, 120 MHz, 3996 MHz, 0 %, 0 %
2026/09/22 01:27:42.098, 7, 181.48 W, 30, 120 MHz, 3996 MHz, 0 %, 0 %
2026/09/22 01:27:43.098, 0, 179.39 W, 38, 120 MHz, 3996 MHz, 0 %, 0 %
2026/09/22 01:27:43.098, 1, 181.30 W, 39, 120 MHz, 3996 MHz, 0 %, 0 %
2026/09/22 01:27:43.098, 2, 175.09 W, 31, 120 MHz, 3996 MHz, 0 %, 0 %
2026/09/22 01:27:43.098, 3, 176.23 W, 31, 120 MHz, 3996 MHz, 0 %, 0 %
2026/09/22 01:27:43.098, 4, 180.58 W, 35, 120 MHz, 3996 MHz, 0 %, 0 %
2026/09/22 01:27:43.098, 5, 178.64 W, 33, 120 MHz, 3996 MHz, 0 %, 0 %
2026/09/22 01:27:43.098, 6, 178.76 W, 30, 120 MHz, 3996 MHz, 0 %, 0 %
2026/09/22 01:27:43.098, 7, 181.47 W, 30, 120 MHz, 3996 MHz, 0 %, 0 %
2026/09/22 01:27:44.098, 0, 179.35 W, 38, 120 MHz, 3996 MHz, 0 %, 0 %
2026/09/22 01:27:44.098, 1, 181.30 W, 39, 120 MHz, 3996 MHz, 0 %, 0 %
2026/09/22 01:27:44.098, 2, 175.69 W, 31, 120 MHz, 3996 MHz, 0 %, 0 %
2026/09/22 01:27:44.098, 3, 176.23 W, 31, 120 MHz, 3996 MHz, 0 %, 0 %
2026/09/22 01:27:44.098, 4, 180.62 W, 35, 120 MHz, 3996 MHz, 0 %, 0 %
2026/09/22 01:27:44.098, 5, 178.64 W, 33, 120 MHz, 3996 MHz, 0 %, 0 %
2026/09/22 01:27:44.098, 6, 178.65 W, 30, 120 MHz, 3996 MHz, 0 %, 0 %
2026/09/22 01:27:44.098, 7, 181.48 W, 30, 120 MHz, 3996 MHz, 0 %, 0 %
2026/09/22 01:27:45.098, 0, 179.35 W, 37, 120 MHz, 3996 MHz, 0 %, 0 %
2026/09/22 01:27:45.098, 1, 181.34 W, 39, 120 MHz, 3996 MHz, 0 %, 0 %
2026/09/22 01:27:45.098, 2, 176.12 W, 31, 120 MHz, 3996 MHz, 0 %, 0 %
2026/09/22 01:27:45.098, 3, 176.23 W, 31, 120 MHz, 3996 MHz, 0 %, 0 %
2026/09/22 01:27:45.098, 4, 180.58 W, 35, 120 MHz, 3996 MHz, 0 %, 0 %
2026/09/22 01:27:45.098, 5, 178.64 W, 33, 120 MHz, 3996 MHz, 0 %, 0 %
2026/09/22 01:27:45.098, 6, 178.91 W, 30, 120 MHz, 3996 MHz, 0 %, 0 %
2026/09/22 01:27:45.098, 7, 181.40 W, 30, 120 MHz, 3996 MHz, 0 %, 0 %
2026/09/22 01:27:46.098, 0, 179.35 W, 37, 120 MHz, 3996 MHz, 0 %, 0 %
2026/09/22 01:27:46.098, 1, 181.30 W, 38, 120 MHz, 3996 MHz, 0 %, 0 %
2026/09/22 01:27:46.098, 2, 176.12 W, 31, 120 MHz, 3996 MHz, 0 %, 0 %
2026/09/22 01:27:46.099, 3, 176.23 W, 31, 120 MHz, 3996 MHz, 0 %, 0 %
2026/09/22 01:27:46.099, 4, 180.58 W, 35, 120 MHz, 3996 MHz, 0 %, 0 %
2026/09/22 01:27:46.099, 5, 178.64 W, 33, 120 MHz, 3996 MHz, 0 %, 0 %
2026/09/22 01:27:46.099, 6, 178.80 W, 30, 120 MHz, 3996 MHz, 0 %, 0 %
2026/09/22 01:27:46.099, 7, 181.45 W, 30, 120 MHz, 3996 MHz, 0 %, 0 %
2026/09/22 01:27:47.099, 0, 179.35 W, 37, 120 MHz, 3996 MHz, 0 %, 0 %
2026/09/22 01:27:47.099, 1, 181.30 W, 38, 120 MHz, 3996 MHz, 0 %, 0 %
2026/09/22 01:27:47.099, 2, 176.08 W, 31, 120 MHz, 3996 MHz, 0 %, 0 %
2026/09/22 01:27:47.099, 3, 176.23 W, 31, 120 MHz, 3996 MHz, 0 %, 0 %
2026/09/22 01:27:47.099, 4, 180.62 W, 35, 120 MHz, 3996 MHz, 0 %, 0 %
2026/09/22 01:27:47.099, 5, 178.64 W, 33, 120 MHz, 3996 MHz, 0 %, 0 %
2026/09/22 01:27:47.099, 6, 178.93 W, 30, 120 MHz, 3996 MHz, 0 %, 0 %
2026/09/22 01:27:47.099, 7, 181.37 W, 30, 120 MHz, 3996 MHz, 0 %, 0 %
2026/09/22 01:27:48.099, 0, 179.35 W, 37, 120 MHz, 3996 MHz, 0 %, 0 %
2026/09/22 01:27:48.099, 1, 181.30 W, 38, 120 MHz, 3996 MHz, 0 %, 0 %
2026/09/22 01:27:48.099, 2, 176.04 W, 30, 120 MHz, 3996 MHz, 0 %, 0 %
2026/09/22 01:27:48.099, 3, 176.27 W, 31, 120 MHz, 3996 MHz, 0 %, 0 %
2026/09/22 01:27:48.099, 4, 180.58 W, 35, 120 MHz, 3996 MHz, 0 %, 0 %
2026/09/22 01:27:48.099, 5, 178.64 W, 33, 120 MHz, 3996 MHz, 0 %, 0 %
2026/09/22 01:27:48.099, 6, 178.73 W, 30, 120 MHz, 3996 MHz, 0 %, 0 %
2026/09/22 01:27:48.099, 7, 181.49 W, 30, 120 MHz, 3996 MHz, 0 %, 0 %
2026/09/22 01:27:49.099, 0, 179.35 W, 37, 120 MHz, 3996 MHz, 0 %, 0 %
2026/09/22 01:27:49.099, 1, 181.30 W, 38, 120 MHz, 3996 MHz, 0 %, 0 %
2026/09/22 01:27:49.099, 2, 176.08 W, 30, 120 MHz, 3996 MHz, 0 %, 0 %
2026/09/22 01:27:49.099, 3, 176.23 W, 31, 120 MHz, 3996 MHz, 0 %, 0 %
2026/09/22 01:27:49.099, 4, 180.62 W, 35, 120 MHz, 3996 MHz, 0 %, 0 %
2026/09/22 01:27:49.099, 5, 178.64 W, 33, 120 MHz, 3996 MHz, 0 %, 0 %
2026/09/22 01:27:49.100, 6, 178.73 W, 30, 120 MHz, 3996 MHz, 0 %, 0 %
2026/09/22 01:27:49.100, 7, 181.31 W, 30, 120 MHz, 3996 MHz, 0 %, 0 %
2026/09/22 01:27:50.100, 0, 179.35 W, 37, 120 MHz, 3996 MHz, 0 %, 0 %
2026/09/22 01:27:50.100, 1, 181.30 W, 38, 120 MHz, 3996 MHz, 0 %, 0 %
2026/09/22 01:27:50.100, 2, 175.97 W, 30, 120 MHz, 3996 MHz, 0 %, 0 %
2026/09/22 01:27:50.100, 3, 176.23 W, 30, 120 MHz, 3996 MHz, 0 %, 0 %
2026/09/22 01:27:50.100, 4, 180.58 W, 35, 120 MHz, 3996 MHz, 0 %, 0 %
2026/09/22 01:27:50.100, 5, 178.64 W, 33, 120 MHz, 3996 MHz, 0 %, 0 %
2026/09/22 01:27:50.100, 6, 178.70 W, 30, 120 MHz, 3996 MHz, 0 %, 0 %
2026/09/22 01:27:50.100, 7, 181.37 W, 30, 120 MHz, 3996 MHz, 0 %, 0 %
2026/09/22 01:27:51.100, 0, 179.35 W, 37, 120 MHz, 3996 MHz, 0 %, 0 %
2026/09/22 01:27:51.100, 1, 181.30 W, 38, 120 MHz, 3996 MHz, 0 %, 0 %
2026/09/22 01:27:51.100, 2, 176.04 W, 30, 120 MHz, 3996 MHz, 0 %, 0 %
2026/09/22 01:27:51.100, 3, 176.23 W, 30, 120 MHz, 3996 MHz, 0 %, 0 %
2026/09/22 01:27:51.100, 4, 180.58 W, 35, 120 MHz, 3996 MHz, 0 %, 0 %
2026/09/22 01:27:51.100, 5, 178.64 W, 33, 120 MHz, 3996 MHz, 0 %, 0 %
2026/09/22 01:27:51.100, 6, 178.91 W, 30, 120 MHz, 3996 MHz, 0 %, 0 %
2026/09/22 01:27:51.100, 7, 181.34 W, 30, 120 MHz, 3996 MHz, 0 %, 0 %
2026/09/22 01:27:52.100, 0, 179.35 W, 37, 120 MHz, 3996 MHz, 0 %, 0 %
2026/09/22 01:27:52.100, 1, 181.30 W, 38, 120 MHz, 3996 MHz, 0 %, 0 %
2026/09/22 01:27:52.100, 2, 176.04 W, 30, 120 MHz, 3996 MHz, 0 %, 0 %
2026/09/22 01:27:52.100, 3, 176.23 W, 30, 120 MHz, 3996 MHz, 0 %, 0 %
2026/09/22 01:27:52.100, 4, 180.58 W, 35, 120 MHz, 3996 MHz, 0 %, 0 %
2026/09/22 01:27:52.100, 5, 178.64 W, 33, 120 MHz, 3996 MHz, 0 %, 0 %
2026/09/22 01:27:52.100, 6, 179.04 W, 30, 120 MHz, 3996 MHz, 0 %, 0 %
2026/09/22 01:27:52.100, 7, 181.45 W, 30, 120 MHz, 3996 MHz, 0 %, 0 %
2026/09/22 01:27:53.100, 0, 179.35 W, 37, 120 MHz, 3996 MHz, 0 %, 0 %
2026/09/22 01:27:53.100, 1, 181.30 W, 38, 120 MHz, 3996 MHz, 0 %, 0 %
2026/09/22 01:27:53.100, 2, 175.97 W, 30, 120 MHz, 3996 MHz, 0 %, 0 %
2026/09/22 01:27:53.101, 3, 176.23 W, 30, 120 MHz, 3996 MHz, 0 %, 0 %
2026/09/22 01:27:53.101, 4, 180.58 W, 35, 120 MHz, 3996 MHz, 0 %, 0 %
2026/09/22 01:27:53.101, 5, 178.64 W, 33, 120 MHz, 3996 MHz, 0 %, 0 %
2026/09/22 01:27:53.101, 6, 178.40 W, 30, 120 MHz, 3996 MHz, 0 %, 0 %
2026/09/22 01:27:53.101, 7, 181.48 W, 30, 120 MHz, 3996 MHz, 0 %, 0 %
2026/09/22 01:27:54.101, 0, 179.35 W, 37, 120 MHz, 3996 MHz, 0 %, 0 %
2026/09/22 01:27:54.101, 1, 181.30 W, 38, 120 MHz, 3996 MHz, 0 %, 0 %
2026/09/22 01:27:54.101, 2, 176.04 W, 30, 120 MHz, 3996 MHz, 0 %, 0 %
2026/09/22 01:27:54.101, 3, 176.23 W, 30, 120 MHz, 3996 MHz, 0 %, 0 %
2026/09/22 01:27:54.101, 4, 180.58 W, 35, 120 MHz, 3996 MHz, 0 %, 0 %
2026/09/22 01:27:54.101, 5, 178.64 W, 33, 120 MHz, 3996 MHz, 0 %, 0 %
2026/09/22 01:27:54.101, 6, 178.46 W, 30, 120 MHz, 3996 MHz, 0 %, 0 %
2026/09/22 01:27:54.101, 7, 181.40 W, 30, 120 MHz, 3996 MHz, 0 %, 0 %
2026/09/22 01:27:55.101, 0, 179.35 W, 37, 120 MHz, 3996 MHz, 0 %, 0 %
2026/09/22 01:27:55.101, 1, 181.30 W, 38, 120 MHz, 3996 MHz, 0 %, 0 %
2026/09/22 01:27:55.101, 2, 175.73 W, 30, 120 MHz, 3996 MHz, 0 %, 0 %
2026/09/22 01:27:55.101, 3, 176.23 W, 30, 120 MHz, 3996 MHz, 0 %, 0 %
2026/09/22 01:27:55.101, 4, 180.58 W, 35, 120 MHz, 3996 MHz, 0 %, 0 %
2026/09/22 01:27:55.101, 5, 178.64 W, 33, 120 MHz, 3996 MHz, 0 %, 0 %
2026/09/22 01:27:55.101, 6, 178.83 W, 30, 120 MHz, 3996 MHz, 0 %, 0 %
2026/09/22 01:27:55.101, 7, 181.40 W, 30, 120 MHz, 3996 MHz, 0 %, 0 %
2026/09/22 01:27:56.101, 0, 179.35 W, 37, 120 MHz, 3996 MHz, 0 %, 0 %
2026/09/22 01:27:56.101, 1, 181.30 W, 38, 120 MHz, 3996 MHz, 0 %, 0 %
2026/09/22 01:27:56.101, 2, 175.59 W, 30, 120 MHz, 3996 MHz, 0 %, 0 %
2026/09/22 01:27:56.101, 3, 176.23 W, 30, 120 MHz, 3996 MHz, 0 %, 0 %
2026/09/22 01:27:56.101, 4, 180.62 W, 35, 120 MHz, 3996 MHz, 0 %, 0 %
2026/09/22 01:27:56.101, 5, 178.64 W, 33, 120 MHz, 3996 MHz, 0 %, 0 %
2026/09/22 01:27:56.101, 6, 178.71 W, 30, 120 MHz, 3996 MHz, 0 %, 0 %
2026/09/22 01:27:56.101, 7, 181.42 W, 30, 120 MHz, 3996 MHz, 0 %, 0 %
2026/09/22 01:27:57.102, 0, 179.35 W, 37, 120 MHz, 3996 MHz, 0 %, 0 %
2026/09/22 01:27:57.102, 1, 181.30 W, 38, 120 MHz, 3996 MHz, 0 %, 0 %
2026/09/22 01:27:57.102, 2, 175.51 W, 30, 120 MHz, 3996 MHz, 0 %, 0 %
2026/09/22 01:27:57.102, 3, 176.23 W, 30, 120 MHz, 3996 MHz, 0 %, 0 %
2026/09/22 01:27:57.102, 4, 180.57 W, 35, 120 MHz, 3996 MHz, 0 %, 0 %
2026/09/22 01:27:57.102, 5, 178.64 W, 33, 120 MHz, 3996 MHz, 0 %, 0 %
2026/09/22 01:27:57.102, 6, 178.65 W, 30, 120 MHz, 3996 MHz, 0 %, 0 %
2026/09/22 01:27:57.102, 7, 181.41 W, 30, 120 MHz, 3996 MHz, 0 %, 0 %
2026/09/22 01:27:58.102, 0, 179.35 W, 37, 120 MHz, 3996 MHz, 0 %, 0 %
2026/09/22 01:27:58.102, 1, 181.30 W, 38, 120 MHz, 3996 MHz, 0 %, 0 %
2026/09/22 01:27:58.102, 2, 175.58 W, 30, 120 MHz, 3996 MHz, 0 %, 0 %
2026/09/22 01:27:58.102, 3, 176.23 W, 30, 120 MHz, 3996 MHz, 0 %, 0 %
2026/09/22 01:27:58.102, 4, 180.58 W, 35, 120 MHz, 3996 MHz, 0 %, 0 %
2026/09/22 01:27:58.102, 5, 178.64 W, 33, 120 MHz, 3996 MHz, 0 %, 0 %
2026/09/22 01:27:58.102, 6, 178.41 W, 30, 120 MHz, 3996 MHz, 0 %, 0 %
2026/09/22 01:27:58.102, 7, 181.39 W, 30, 120 MHz, 3996 MHz, 0 %, 0 %
2026/09/22 01:27:59.102, 0, 179.35 W, 37, 120 MHz, 3996 MHz, 0 %, 0 %
2026/09/22 01:27:59.102, 1, 181.30 W, 38, 120 MHz, 3996 MHz, 0 %, 0 %
2026/09/22 01:27:59.102, 2, 175.57 W, 30, 120 MHz, 3996 MHz, 0 %, 0 %
2026/09/22 01:27:59.102, 3, 176.23 W, 30, 120 MHz, 3996 MHz, 0 %, 0 %
2026/09/22 01:27:59.102, 4, 180.58 W, 35, 120 MHz, 3996 MHz, 0 %, 0 %
2026/09/22 01:27:59.102, 5, 178.64 W, 33, 120 MHz, 3996 MHz, 0 %, 0 %
2026/09/22 01:27:59.102, 6, 178.53 W, 30, 120 MHz, 3996 MHz, 0 %, 0 %
2026/09/22 01:27:59.102, 7, 181.45 W, 30, 120 MHz, 3996 MHz, 0 %, 0 %
2026/09/22 01:28:00.102, 0, 179.35 W, 36, 120 MHz, 3996 MHz, 0 %, 0 %
2026/09/22 01:28:00.102, 1, 181.30 W, 38, 120 MHz, 3996 MHz, 0 %, 0 %
2026/09/22 01:28:00.102, 2, 175.69 W, 30, 120 MHz, 3996 MHz, 0 %, 0 %
2026/09/22 01:28:00.103, 3, 176.23 W, 30, 120 MHz, 3996 MHz, 0 %, 0 %
2026/09/22 01:28:00.103, 4, 180.58 W, 35, 120 MHz, 3996 MHz, 0 %, 0 %
2026/09/22 01:28:00.103, 5, 178.64 W, 33, 120 MHz, 3996 MHz, 0 %, 0 %
2026/09/22 01:28:00.103, 6, 178.26 W, 30, 120 MHz, 3996 MHz, 0 %, 0 %
2026/09/22 01:28:00.103, 7, 181.41 W, 30, 120 MHz, 3996 MHz, 0 %, 0 %
2026/09/22 01:28:01.103, 0, 179.35 W, 36, 120 MHz, 3996 MHz, 0 %, 0 %
2026/09/22 01:28:01.103, 1, 181.30 W, 37, 120 MHz, 3996 MHz, 0 %, 0 %
2026/09/22 01:28:01.103, 2, 175.51 W, 30, 120 MHz, 3996 MHz, 0 %, 0 %
2026/09/22 01:28:01.103, 3, 176.23 W, 30, 120 MHz, 3996 MHz, 0 %, 0 %
2026/09/22 01:28:01.103, 4, 180.58 W, 35, 120 MHz, 3996 MHz, 0 %, 0 %
2026/09/22 01:28:01.103, 5, 178.64 W, 33, 120 MHz, 3996 MHz, 0 %, 0 %
2026/09/22 01:28:01.103, 6, 178.84 W, 30, 120 MHz, 3996 MHz, 0 %, 0 %
2026/09/22 01:28:01.103, 7, 181.40 W, 30, 120 MHz, 3996 MHz, 0 %, 0 %
2026/09/22 01:28:02.103, 0, 179.35 W, 36, 120 MHz, 3996 MHz, 0 %, 0 %
2026/09/22 01:28:02.103, 1, 181.30 W, 37, 120 MHz, 3996 MHz, 0 %, 0 %
2026/09/22 01:28:02.103, 2, 175.24 W, 30, 120 MHz, 3996 MHz, 0 %, 0 %
2026/09/22 01:28:02.103, 3, 176.23 W, 30, 120 MHz, 3996 MHz, 0 %, 0 %
2026/09/22 01:28:02.103, 4, 180.58 W, 35, 120 MHz, 3996 MHz, 0 %, 0 %
2026/09/22 01:28:02.103, 5, 178.64 W, 33, 120 MHz, 3996 MHz, 0 %, 0 %
2026/09/22 01:28:02.103, 6, 178.56 W, 30, 120 MHz, 3996 MHz, 0 %, 0 %
2026/09/22 01:28:02.103, 7, 181.40 W, 30, 120 MHz, 3996 MHz, 0 %, 0 %
2026/09/22 01:28:03.103, 0, 179.35 W, 36, 120 MHz, 3996 MHz, 0 %, 0 %
2026/09/22 01:28:03.103, 1, 181.30 W, 37, 120 MHz, 3996 MHz, 0 %, 0 %
2026/09/22 01:28:03.103, 2, 175.30 W, 30, 120 MHz, 3996 MHz, 0 %, 0 %
2026/09/22 01:28:03.103, 3, 176.23 W, 30, 120 MHz, 3996 MHz, 0 %, 0 %
2026/09/22 01:28:03.103, 4, 180.62 W, 35, 120 MHz, 3996 MHz, 0 %, 0 %
2026/09/22 01:28:03.103, 5, 178.64 W, 33, 120 MHz, 3996 MHz, 0 %, 0 %
2026/09/22 01:28:03.104, 6, 178.30 W, 30, 120 MHz, 3996 MHz, 0 %, 0 %
2026/09/22 01:28:03.104, 7, 181.37 W, 30, 120 MHz, 3996 MHz, 0 %, 0 %
2026/09/22 01:28:04.104, 0, 179.35 W, 36, 120 MHz, 3996 MHz, 0 %, 0 %
2026/09/22 01:28:04.104, 1, 181.30 W, 37, 120 MHz, 3996 MHz, 0 %, 0 %
2026/09/22 01:28:04.104, 2, 175.02 W, 30, 120 MHz, 3996 MHz, 0 %, 0 %
2026/09/22 01:28:04.104, 3, 176.23 W, 30, 120 MHz, 3996 MHz, 0 %, 0 %
2026/09/22 01:28:04.104, 4, 180.57 W, 35, 120 MHz, 3996 MHz, 0 %, 0 %
2026/09/22 01:28:04.104, 5, 178.64 W, 33, 120 MHz, 3996 MHz, 0 %, 0 %
2026/09/22 01:28:04.104, 6, 178.52 W, 30, 120 MHz, 3996 MHz, 0 %, 0 %
2026/09/22 01:28:04.104, 7, 181.39 W, 30, 120 MHz, 3996 MHz, 0 %, 0 %
2026/09/22 01:28:05.104, 0, 179.35 W, 36, 120 MHz, 3996 MHz, 0 %, 0 %
2026/09/22 01:28:05.104, 1, 181.30 W, 37, 120 MHz, 3996 MHz, 0 %, 0 %
2026/09/22 01:28:05.104, 2, 175.12 W, 30, 120 MHz, 3996 MHz, 0 %, 0 %
2026/09/22 01:28:05.104, 3, 176.23 W, 30, 120 MHz, 3996 MHz, 0 %, 0 %
2026/09/22 01:28:05.104, 4, 180.58 W, 35, 120 MHz, 3996 MHz, 0 %, 0 %
2026/09/22 01:28:05.104, 5, 178.64 W, 33, 120 MHz, 3996 MHz, 0 %, 0 %
2026/09/22 01:28:05.104, 6, 178.64 W, 30, 120 MHz, 3996 MHz, 0 %, 0 %
2026/09/22 01:28:05.104, 7, 181.43 W, 30, 120 MHz, 3996 MHz, 0 %, 0 %
2026/09/22 01:28:06.104, 0, 179.35 W, 36, 120 MHz, 3996 MHz, 0 %, 0 %
2026/09/22 01:28:06.104, 1, 181.30 W, 37, 120 MHz, 3996 MHz, 0 %, 0 %
2026/09/22 01:28:06.104, 2, 174.88 W, 30, 120 MHz, 3996 MHz, 0 %, 0 %
2026/09/22 01:28:06.104, 3, 176.23 W, 30, 120 MHz, 3996 MHz, 0 %, 0 %
2026/09/22 01:28:06.104, 4, 180.58 W, 35, 120 MHz, 3996 MHz, 0 %, 0 %
2026/09/22 01:28:06.104, 5, 178.64 W, 33, 120 MHz, 3996 MHz, 0 %, 0 %
2026/09/22 01:28:06.104, 6, 178.81 W, 30, 120 MHz, 3996 MHz, 0 %, 0 %
2026/09/22 01:28:06.104, 7, 181.36 W, 30, 120 MHz, 3996 MHz, 0 %, 0 %
2026/09/22 01:28:07.105, 0, 179.35 W, 36, 120 MHz, 3996 MHz, 0 %, 0 %
2026/09/22 01:28:07.105, 1, 181.30 W, 37, 120 MHz, 3996 MHz, 0 %, 0 %
2026/09/22 01:28:07.105, 2, 175.02 W, 30, 120 MHz, 3996 MHz, 0 %, 0 %
2026/09/22 01:28:07.105, 3, 176.23 W, 30, 120 MHz, 3996 MHz, 0 %, 0 %
2026/09/22 01:28:07.105, 4, 180.62 W, 35, 120 MHz, 3996 MHz, 0 %, 0 %
2026/09/22 01:28:07.105, 5, 178.64 W, 33, 120 MHz, 3996 MHz, 0 %, 0 %
2026/09/22 01:28:07.105, 6, 178.66 W, 30, 120 MHz, 3996 MHz, 0 %, 0 %
2026/09/22 01:28:07.105, 7, 181.43 W, 30, 120 MHz, 3996 MHz, 0 %, 0 %
2026/09/22 01:28:08.105, 0, 179.35 W, 36, 120 MHz, 3996 MHz, 0 %, 0 %
2026/09/22 01:28:08.105, 1, 181.30 W, 37, 120 MHz, 3996 MHz, 0 %, 0 %
2026/09/22 01:28:08.105, 2, 175.19 W, 30, 120 MHz, 3996 MHz, 0 %, 0 %
2026/09/22 01:28:08.105, 3, 176.23 W, 30, 120 MHz, 3996 MHz, 0 %, 0 %
2026/09/22 01:28:08.105, 4, 180.58 W, 35, 120 MHz, 3996 MHz, 0 %, 0 %
2026/09/22 01:28:08.105, 5, 178.64 W, 33, 120 MHz, 3996 MHz, 0 %, 0 %
2026/09/22 01:28:08.105, 6, 178.51 W, 30, 120 MHz, 3996 MHz, 0 %, 0 %
2026/09/22 01:28:08.105, 7, 181.31 W, 30, 120 MHz, 3996 MHz, 0 %, 0 %
2026/09/22 01:28:09.105, 0, 179.35 W, 36, 120 MHz, 3996 MHz, 0 %, 0 %
2026/09/22 01:28:09.105, 1, 181.30 W, 37, 120 MHz, 3996 MHz, 0 %, 0 %
2026/09/22 01:28:09.105, 2, 174.79 W, 30, 120 MHz, 3996 MHz, 0 %, 0 %
2026/09/22 01:28:09.105, 3, 176.23 W, 30, 120 MHz, 3996 MHz, 0 %, 0 %
2026/09/22 01:28:09.105, 4, 180.57 W, 35, 120 MHz, 3996 MHz, 0 %, 0 %
2026/09/22 01:28:09.105, 5, 178.64 W, 33, 120 MHz, 3996 MHz, 0 %, 0 %
2026/09/22 01:28:09.105, 6, 178.50 W, 30, 120 MHz, 3996 MHz, 0 %, 0 %
2026/09/22 01:28:09.105, 7, 181.37 W, 30, 120 MHz, 3996 MHz, 0 %, 0 %
2026/09/22 01:28:10.105, 0, 179.35 W, 36, 120 MHz, 3996 MHz, 0 %, 0 %
2026/09/22 01:28:10.105, 1, 181.30 W, 37, 120 MHz, 3996 MHz, 0 %, 0 %
2026/09/22 01:28:10.105, 2, 175.19 W, 30, 120 MHz, 3996 MHz, 0 %, 0 %
2026/09/22 01:28:10.105, 3, 176.23 W, 30, 120 MHz, 3996 MHz, 0 %, 0 %
2026/09/22 01:28:10.105, 4, 180.62 W, 35, 120 MHz, 3996 MHz, 0 %, 0 %
2026/09/22 01:28:10.105, 5, 178.64 W, 33, 120 MHz, 3996 MHz, 0 %, 0 %
2026/09/22 01:28:10.106, 6, 178.52 W, 30, 120 MHz, 3996 MHz, 0 %, 0 %
2026/09/22 01:28:10.106, 7, 181.33 W, 30, 120 MHz, 3996 MHz, 0 %, 0 %
2026/09/22 01:28:11.106, 0, 179.35 W, 36, 120 MHz, 3996 MHz, 0 %, 0 %
2026/09/22 01:28:11.106, 1, 181.30 W, 37, 120 MHz, 3996 MHz, 0 %, 0 %
2026/09/22 01:28:11.106, 2, 174.93 W, 30, 120 MHz, 3996 MHz, 0 %, 0 %
2026/09/22 01:28:11.106, 3, 176.23 W, 30, 120 MHz, 3996 MHz, 0 %, 0 %
2026/09/22 01:28:11.106, 4, 180.58 W, 35, 120 MHz, 3996 MHz, 0 %, 0 %
2026/09/22 01:28:11.106, 5, 178.64 W, 33, 120 MHz, 3996 MHz, 0 %, 0 %
2026/09/22 01:28:11.106, 6, 178.68 W, 30, 120 MHz, 3996 MHz, 0 %, 0 %
2026/09/22 01:28:11.106, 7, 181.42 W, 30, 120 MHz, 3996 MHz, 0 %, 0 %
2026/09/22 01:28:12.106, 0, 179.31 W, 36, 120 MHz, 3996 MHz, 0 %, 0 %
2026/09/22 01:28:12.106, 1, 181.30 W, 37, 120 MHz, 3996 MHz, 0 %, 0 %
2026/09/22 01:28:12.106, 2, 174.87 W, 30, 120 MHz, 3996 MHz, 0 %, 0 %
2026/09/22 01:28:12.106, 3, 176.23 W, 30, 120 MHz, 3996 MHz, 0 %, 0 %
2026/09/22 01:28:12.106, 4, 180.58 W, 35, 120 MHz, 3996 MHz, 0 %, 0 %
2026/09/22 01:28:12.106, 5, 178.64 W, 33, 120 MHz, 3996 MHz, 0 %, 0 %
2026/09/22 01:28:12.106, 6, 178.41 W, 30, 120 MHz, 3996 MHz, 0 %, 0 %
2026/09/22 01:28:12.106, 7, 181.45 W, 30, 120 MHz, 3996 MHz, 0 %, 0 %
2026/09/22 01:28:13.106, 0, 179.35 W, 36, 120 MHz, 3996 MHz, 0 %, 0 %
2026/09/22 01:28:13.106, 1, 181.30 W, 37, 120 MHz, 3996 MHz, 0 %, 0 %
2026/09/22 01:28:13.106, 2, 175.09 W, 30, 120 MHz, 3996 MHz, 0 %, 0 %
2026/09/22 01:28:13.106, 3, 176.23 W, 30, 120 MHz, 3996 MHz, 0 %, 0 %
2026/09/22 01:28:13.106, 4, 180.58 W, 35, 120 MHz, 3996 MHz, 0 %, 0 %
2026/09/22 01:28:13.106, 5, 178.64 W, 33, 120 MHz, 3996 MHz, 0 %, 0 %
2026/09/22 01:28:13.106, 6, 178.74 W, 30, 120 MHz, 3996 MHz, 0 %, 0 %
2026/09/22 01:28:13.106, 7, 181.34 W, 30, 120 MHz, 3996 MHz, 0 %, 0 %
2026/09/22 01:28:14.106, 0, 179.31 W, 36, 120 MHz, 3996 MHz, 0 %, 0 %
2026/09/22 01:28:14.107, 1, 181.30 W, 37, 120 MHz, 3996 MHz, 0 %, 0 %
2026/09/22 01:28:14.107, 2, 174.88 W, 30, 120 MHz, 3996 MHz, 0 %, 0 %
2026/09/22 01:28:14.107, 3, 176.23 W, 30, 120 MHz, 3996 MHz, 0 %, 0 %
2026/09/22 01:28:14.107, 4, 180.58 W, 35, 120 MHz, 3996 MHz, 0 %, 0 %
2026/09/22 01:28:14.107, 5, 178.64 W, 33, 120 MHz, 3996 MHz, 0 %, 0 %
2026/09/22 01:28:14.107, 6, 178.37 W, 30, 120 MHz, 3996 MHz, 0 %, 0 %
2026/09/22 01:28:14.107, 7, 181.29 W, 30, 120 MHz, 3996 MHz, 0 %, 0 %
2026/09/22 01:28:15.107, 0, 179.27 W, 36, 120 MHz, 3996 MHz, 0 %, 0 %
2026/09/22 01:28:15.107, 1, 181.30 W, 37, 120 MHz, 3996 MHz, 0 %, 0 %
2026/09/22 01:28:15.107, 2, 174.83 W, 30, 120 MHz, 3996 MHz, 0 %, 0 %
2026/09/22 01:28:15.107, 3, 176.23 W, 30, 120 MHz, 3996 MHz, 0 %, 0 %
2026/09/22 01:28:15.107, 4, 180.58 W, 35, 120 MHz, 3996 MHz, 0 %, 0 %
2026/09/22 01:28:15.107, 5, 178.64 W, 33, 120 MHz, 3996 MHz, 0 %, 0 %
2026/09/22 01:28:15.107, 6, 178.72 W, 30, 120 MHz, 3996 MHz, 0 %, 0 %
2026/09/22 01:28:15.107, 7, 181.47 W, 30, 120 MHz, 3996 MHz, 0 %, 0 %
2026/09/22 01:28:16.107, 0, 179.23 W, 36, 120 MHz, 3996 MHz, 0 %, 0 %
2026/09/22 01:28:16.107, 1, 181.30 W, 37, 120 MHz, 3996 MHz, 0 %, 0 %
2026/09/22 01:28:16.107, 2, 175.07 W, 30, 120 MHz, 3996 MHz, 0 %, 0 %
2026/09/22 01:28:16.107, 3, 176.23 W, 30, 120 MHz, 3996 MHz, 0 %, 0 %
2026/09/22 01:28:16.107, 4, 180.62 W, 35, 120 MHz, 3996 MHz, 0 %, 0 %
2026/09/22 01:28:16.107, 5, 178.64 W, 33, 120 MHz, 3996 MHz, 0 %, 0 %
2026/09/22 01:28:16.107, 6, 178.58 W, 30, 120 MHz, 3996 MHz, 0 %, 0 %
2026/09/22 01:28:16.107, 7, 181.48 W, 30, 120 MHz, 3996 MHz, 0 %, 0 %
2026/09/22 01:28:17.107, 0, 179.31 W, 36, 120 MHz, 3996 MHz, 0 %, 0 %
2026/09/22 01:28:17.107, 1, 181.26 W, 37, 120 MHz, 3996 MHz, 0 %, 0 %
2026/09/22 01:28:17.107, 2, 175.01 W, 30, 120 MHz, 3996 MHz, 0 %, 0 %
2026/09/22 01:28:17.107, 3, 176.23 W, 30, 120 MHz, 3996 MHz, 0 %, 0 %
2026/09/22 01:28:17.107, 4, 180.58 W, 35, 120 MHz, 3996 MHz, 0 %, 0 %
2026/09/22 01:28:17.107, 5, 178.64 W, 33, 120 MHz, 3996 MHz, 0 %, 0 %
2026/09/22 01:28:17.107, 6, 178.92 W, 30, 120 MHz, 3996 MHz, 0 %, 0 %
2026/09/22 01:28:17.107, 7, 181.39 W, 30, 120 MHz, 3996 MHz, 0 %, 0 %
2026/09/22 01:28:18.108, 0, 179.27 W, 36, 120 MHz, 3996 MHz, 0 %, 0 %
2026/09/22 01:28:18.108, 1, 181.30 W, 37, 120 MHz, 3996 MHz, 0 %, 0 %
2026/09/22 01:28:18.108, 2, 174.45 W, 30, 120 MHz, 3996 MHz, 0 %, 0 %
2026/09/22 01:28:18.108, 3, 176.23 W, 30, 120 MHz, 3996 MHz, 0 %, 0 %
2026/09/22 01:28:18.108, 4, 180.58 W, 35, 120 MHz, 3996 MHz, 0 %, 0 %
2026/09/22 01:28:18.108, 5, 178.64 W, 33, 120 MHz, 3996 MHz, 0 %, 0 %
2026/09/22 01:28:18.108, 6, 178.82 W, 30, 120 MHz, 3996 MHz, 0 %, 0 %
2026/09/22 01:28:18.108, 7, 181.38 W, 30, 120 MHz, 3996 MHz, 0 %, 0 %
2026/09/22 01:28:19.108, 0, 179.19 W, 36, 120 MHz, 3996 MHz, 0 %, 0 %
2026/09/22 01:28:19.108, 1, 181.30 W, 37, 120 MHz, 3996 MHz, 0 %, 0 %
2026/09/22 01:28:19.108, 2, 174.56 W, 30, 120 MHz, 3996 MHz, 0 %, 0 %
2026/09/22 01:28:19.108, 3, 176.23 W, 30, 120 MHz, 3996 MHz, 0 %, 0 %
2026/09/22 01:28:19.108, 4, 180.58 W, 35, 120 MHz, 3996 MHz, 0 %, 0 %
2026/09/22 01:28:19.108, 5, 178.64 W, 33, 120 MHz, 3996 MHz, 0 %, 0 %
2026/09/22 01:28:19.108, 6, 178.49 W, 30, 120 MHz, 3996 MHz, 0 %, 0 %
2026/09/22 01:28:19.108, 7, 181.34 W, 30, 120 MHz, 3996 MHz, 0 %, 0 %
2026/09/22 01:28:20.108, 0, 179.31 W, 36, 120 MHz, 3996 MHz, 0 %, 0 %
2026/09/22 01:28:20.108, 1, 181.30 W, 37, 120 MHz, 3996 MHz, 0 %, 0 %
2026/09/22 01:28:20.108, 2, 174.56 W, 30, 120 MHz, 3996 MHz, 0 %, 0 %
2026/09/22 01:28:20.108, 3, 176.23 W, 30, 120 MHz, 3996 MHz, 0 %, 0 %
2026/09/22 01:28:20.108, 4, 180.58 W, 35, 120 MHz, 3996 MHz, 0 %, 0 %
2026/09/22 01:28:20.108, 5, 178.64 W, 33, 120 MHz, 3996 MHz, 0 %, 0 %
2026/09/22 01:28:20.108, 6, 178.87 W, 30, 120 MHz, 3996 MHz, 0 %, 0 %
2026/09/22 01:28:20.108, 7, 181.36 W, 30, 120 MHz, 3996 MHz, 0 %, 0 %
2026/09/22 01:28:21.108, 0, 179.19 W, 36, 120 MHz, 3996 MHz, 0 %, 0 %
2026/09/22 01:28:21.108, 1, 181.26 W, 37, 120 MHz, 3996 MHz, 0 %, 0 %
2026/09/22 01:28:21.108, 2, 174.68 W, 30, 120 MHz, 3996 MHz, 0 %, 0 %
2026/09/22 01:28:21.108, 3, 176.23 W, 30, 120 MHz, 3996 MHz, 0 %, 0 %
2026/09/22 01:28:21.108, 4, 180.62 W, 35, 120 MHz, 3996 MHz, 0 %, 0 %
2026/09/22 01:28:21.108, 5, 178.64 W, 33, 120 MHz, 3996 MHz, 0 %, 0 %
2026/09/22 01:28:21.108, 6, 178.60 W, 30, 120 MHz, 3996 MHz, 0 %, 0 %
2026/09/22 01:28:21.108, 7, 181.52 W, 30, 120 MHz, 3996 MHz, 0 %, 0 %
2026/09/22 01:28:22.109, 0, 179.00 W, 35, 120 MHz, 3996 MHz, 0 %, 0 %
2026/09/22 01:28:22.109, 1, 181.26 W, 36, 120 MHz, 3996 MHz, 0 %, 0 %
2026/09/22 01:28:22.109, 2, 174.76 W, 30, 120 MHz, 3996 MHz, 0 %, 0 %
2026/09/22 01:28:22.109, 3, 176.23 W, 30, 120 MHz, 3996 MHz, 0 %, 0 %
2026/09/22 01:28:22.109, 4, 180.58 W, 35, 120 MHz, 3996 MHz, 0 %, 0 %
2026/09/22 01:28:22.109, 5, 178.64 W, 33, 120 MHz, 3996 MHz, 0 %, 0 %
2026/09/22 01:28:22.109, 6, 178.50 W, 30, 120 MHz, 3996 MHz, 0 %, 0 %
2026/09/22 01:28:22.109, 7, 181.30 W, 30, 120 MHz, 3996 MHz, 0 %, 0 %
2026/09/22 01:28:23.109, 0, 179.04 W, 35, 120 MHz, 3996 MHz, 0 %, 0 %
2026/09/22 01:28:23.109, 1, 181.30 W, 36, 120 MHz, 3996 MHz, 0 %, 0 %
2026/09/22 01:28:23.109, 2, 174.49 W, 30, 120 MHz, 3996 MHz, 0 %, 0 %
2026/09/22 01:28:23.109, 3, 176.23 W, 30, 120 MHz, 3996 MHz, 0 %, 0 %
2026/09/22 01:28:23.109, 4, 180.58 W, 35, 120 MHz, 3996 MHz, 0 %, 0 %
2026/09/22 01:28:23.109, 5, 178.64 W, 33, 120 MHz, 3996 MHz, 0 %, 0 %
2026/09/22 01:28:23.109, 6, 178.79 W, 30, 120 MHz, 3996 MHz, 0 %, 0 %
2026/09/22 01:28:23.109, 7, 181.29 W, 30, 120 MHz, 3996 MHz, 0 %, 0 %
2026/09/22 01:28:24.109, 0, 178.82 W, 35, 120 MHz, 3996 MHz, 0 %, 0 %
2026/09/22 01:28:24.109, 1, 181.22 W, 36, 120 MHz, 3996 MHz, 0 %, 0 %
2026/09/22 01:28:24.109, 2, 174.49 W, 30, 120 MHz, 3996 MHz, 0 %, 0 %
2026/09/22 01:28:24.109, 3, 176.23 W, 30, 120 MHz, 3996 MHz, 0 %, 0 %
2026/09/22 01:28:24.109, 4, 180.58 W, 35, 120 MHz, 3996 MHz, 0 %, 0 %
2026/09/22 01:28:24.109, 5, 178.64 W, 33, 120 MHz, 3996 MHz, 0 %, 0 %
2026/09/22 01:28:24.109, 6, 178.75 W, 30, 120 MHz, 3996 MHz, 0 %, 0 %
2026/09/22 01:28:24.109, 7, 181.40 W, 30, 120 MHz, 3996 MHz, 0 %, 0 %
2026/09/22 01:28:25.109, 0, 178.84 W, 35, 120 MHz, 3996 MHz, 0 %, 0 %
2026/09/22 01:28:25.109, 1, 181.30 W, 36, 120 MHz, 3996 MHz, 0 %, 0 %
2026/09/22 01:28:25.109, 2, 174.41 W, 30, 120 MHz, 3996 MHz, 0 %, 0 %
2026/09/22 01:28:25.109, 3, 176.23 W, 30, 120 MHz, 3996 MHz, 0 %, 0 %
2026/09/22 01:28:25.109, 4, 180.58 W, 35, 120 MHz, 3996 MHz, 0 %, 0 %
2026/09/22 01:28:25.109, 5, 178.64 W, 33, 120 MHz, 3996 MHz, 0 %, 0 %
2026/09/22 01:28:25.110, 6, 179.08 W, 30, 120 MHz, 3996 MHz, 0 %, 0 %
2026/09/22 01:28:25.110, 7, 181.45 W, 30, 120 MHz, 3996 MHz, 0 %, 0 %
2026/09/22 01:28:26.110, 0, 178.93 W, 35, 120 MHz, 3996 MHz, 0 %, 0 %
2026/09/22 01:28:26.110, 1, 181.15 W, 36, 120 MHz, 3996 MHz, 0 %, 0 %
2026/09/22 01:28:26.110, 2, 174.34 W, 30, 120 MHz, 3996 MHz, 0 %, 0 %
2026/09/22 01:28:26.110, 3, 176.23 W, 30, 120 MHz, 3996 MHz, 0 %, 0 %
2026/09/22 01:28:26.110, 4, 180.58 W, 35, 120 MHz, 3996 MHz, 0 %, 0 %
2026/09/22 01:28:26.110, 5, 178.64 W, 33, 120 MHz, 3996 MHz, 0 %, 0 %
2026/09/22 01:28:26.110, 6, 178.84 W, 30, 120 MHz, 3996 MHz, 0 %, 0 %
2026/09/22 01:28:26.110, 7, 181.38 W, 30, 120 MHz, 3996 MHz, 0 %, 0 %
2026/09/22 01:28:27.110, 0, 178.53 W, 35, 120 MHz, 3996 MHz, 0 %, 0 %
2026/09/22 01:28:27.110, 1, 181.10 W, 36, 120 MHz, 3996 MHz, 0 %, 0 %
2026/09/22 01:28:27.110, 2, 174.68 W, 30, 120 MHz, 3996 MHz, 0 %, 0 %
2026/09/22 01:28:27.110, 3, 176.23 W, 30, 120 MHz, 3996 MHz, 0 %, 0 %
2026/09/22 01:28:27.110, 4, 180.58 W, 35, 120 MHz, 3996 MHz, 0 %, 0 %
2026/09/22 01:28:27.110, 5, 178.64 W, 33, 120 MHz, 3996 MHz, 0 %, 0 %
2026/09/22 01:28:27.110, 6, 178.80 W, 30, 120 MHz, 3996 MHz, 0 %, 0 %
2026/09/22 01:28:27.110, 7, 181.37 W, 30, 120 MHz, 3996 MHz, 0 %, 0 %
2026/09/22 01:28:28.110, 0, 178.54 W, 35, 120 MHz, 3996 MHz, 0 %, 0 %
2026/09/22 01:28:28.110, 1, 181.06 W, 36, 120 MHz, 3996 MHz, 0 %, 0 %
2026/09/22 01:28:28.110, 2, 174.37 W, 30, 120 MHz, 3996 MHz, 0 %, 0 %
2026/09/22 01:28:28.110, 3, 176.23 W, 30, 120 MHz, 3996 MHz, 0 %, 0 %
2026/09/22 01:28:28.110, 4, 180.58 W, 35, 120 MHz, 3996 MHz, 0 %, 0 %
2026/09/22 01:28:28.110, 5, 178.64 W, 33, 120 MHz, 3996 MHz, 0 %, 0 %
2026/09/22 01:28:28.110, 6, 178.63 W, 30, 120 MHz, 3996 MHz, 0 %, 0 %
2026/09/22 01:28:28.110, 7, 181.42 W, 30, 120 MHz, 3996 MHz, 0 %, 0 %
2026/09/22 01:28:29.110, 0, 178.26 W, 35, 120 MHz, 3996 MHz, 0 %, 0 %
2026/09/22 01:28:29.110, 1, 181.11 W, 36, 120 MHz, 3996 MHz, 0 %, 0 %
2026/09/22 01:28:29.111, 2, 174.34 W, 30, 120 MHz, 3996 MHz, 0 %, 0 %
2026/09/22 01:28:29.111, 3, 176.23 W, 30, 120 MHz, 3996 MHz, 0 %, 0 %
2026/09/22 01:28:29.111, 4, 180.58 W, 35, 120 MHz, 3996 MHz, 0 %, 0 %
2026/09/22 01:28:29.111, 5, 178.64 W, 33, 120 MHz, 3996 MHz, 0 %, 0 %
2026/09/22 01:28:29.111, 6, 178.98 W, 30, 120 MHz, 3996 MHz, 0 %, 0 %
2026/09/22 01:28:29.111, 7, 181.37 W, 30, 120 MHz, 3996 MHz, 0 %, 0 %
2026/09/22 01:28:30.111, 0, 178.16 W, 35, 120 MHz, 3996 MHz, 0 %, 0 %
2026/09/22 01:28:30.111, 1, 181.15 W, 36, 120 MHz, 3996 MHz, 0 %, 0 %
2026/09/22 01:28:30.111, 2, 174.34 W, 30, 120 MHz, 3996 MHz, 0 %, 0 %
2026/09/22 01:28:30.111, 3, 176.23 W, 30, 120 MHz, 3996 MHz, 0 %, 0 %
2026/09/22 01:28:30.111, 4, 180.57 W, 35, 120 MHz, 3996 MHz, 0 %, 0 %
2026/09/22 01:28:30.111, 5, 178.64 W, 33, 120 MHz, 3996 MHz, 0 %, 0 %
2026/09/22 01:28:30.111, 6, 178.43 W, 30, 120 MHz, 3996 MHz, 0 %, 0 %
2026/09/22 01:28:30.111, 7, 181.43 W, 30, 120 MHz, 3996 MHz, 0 %, 0 %
2026/09/22 01:28:31.111, 0, 178.37 W, 35, 120 MHz, 3996 MHz, 0 %, 0 %
2026/09/22 01:28:31.111, 1, 180.99 W, 36, 120 MHz, 3996 MHz, 0 %, 0 %
2026/09/22 01:28:31.111, 2, 174.33 W, 30, 120 MHz, 3996 MHz, 0 %, 0 %
2026/09/22 01:28:31.111, 3, 176.23 W, 30, 120 MHz, 3996 MHz, 0 %, 0 %
2026/09/22 01:28:31.111, 4, 180.62 W, 35, 120 MHz, 3996 MHz, 0 %, 0 %
2026/09/22 01:28:31.111, 5, 178.64 W, 33, 120 MHz, 3996 MHz, 0 %, 0 %
2026/09/22 01:28:31.111, 6, 178.47 W, 30, 120 MHz, 3996 MHz, 0 %, 0 %
2026/09/22 01:28:31.111, 7, 181.32 W, 30, 120 MHz, 3996 MHz, 0 %, 0 %
2026/09/22 01:28:32.111, 0, 178.04 W, 35, 120 MHz, 3996 MHz, 0 %, 0 %
2026/09/22 01:28:32.111, 1, 180.91 W, 36, 120 MHz, 3996 MHz, 0 %, 0 %
2026/09/22 01:28:32.111, 2, 174.41 W, 30, 120 MHz, 3996 MHz, 0 %, 0 %
2026/09/22 01:28:32.111, 3, 176.23 W, 30, 120 MHz, 3996 MHz, 0 %, 0 %
2026/09/22 01:28:32.111, 4, 180.58 W, 35, 120 MHz, 3996 MHz, 0 %, 0 %
2026/09/22 01:28:32.111, 5, 178.64 W, 33, 120 MHz, 3996 MHz, 0 %, 0 %
2026/09/22 01:28:32.111, 6, 178.64 W, 30, 120 MHz, 3996 MHz, 0 %, 0 %
2026/09/22 01:28:32.111, 7, 181.32 W, 30, 120 MHz, 3996 MHz, 0 %, 0 %
2026/09/22 01:28:33.112, 0, 178.16 W, 35, 120 MHz, 3996 MHz, 0 %, 0 %
2026/09/22 01:28:33.112, 1, 180.84 W, 36, 120 MHz, 3996 MHz, 0 %, 0 %
2026/09/22 01:28:33.112, 2, 174.30 W, 30, 120 MHz, 3996 MHz, 0 %, 0 %
2026/09/22 01:28:33.112, 3, 176.23 W, 30, 120 MHz, 3996 MHz, 0 %, 0 %
2026/09/22 01:28:33.112, 4, 180.58 W, 35, 120 MHz, 3996 MHz, 0 %, 0 %
2026/09/22 01:28:33.112, 5, 178.64 W, 33, 120 MHz, 3996 MHz, 0 %, 0 %
2026/09/22 01:28:33.112, 6, 178.57 W, 30, 120 MHz, 3996 MHz, 0 %, 0 %
2026/09/22 01:28:33.112, 7, 181.42 W, 30, 120 MHz, 3996 MHz, 0 %, 0 %
2026/09/22 01:28:34.112, 0, 177.71 W, 35, 120 MHz, 3996 MHz, 0 %, 0 %
2026/09/22 01:28:34.112, 1, 180.63 W, 36, 120 MHz, 3996 MHz, 0 %, 0 %
2026/09/22 01:28:34.112, 2, 174.37 W, 30, 120 MHz, 3996 MHz, 0 %, 0 %
2026/09/22 01:28:34.112, 3, 176.23 W, 30, 120 MHz, 3996 MHz, 0 %, 0 %
2026/09/22 01:28:34.112, 4, 180.62 W, 35, 120 MHz, 3996 MHz, 0 %, 0 %
2026/09/22 01:28:34.112, 5, 178.64 W, 33, 120 MHz, 3996 MHz, 0 %, 0 %
2026/09/22 01:28:34.112, 6, 178.49 W, 30, 120 MHz, 3996 MHz, 0 %, 0 %
2026/09/22 01:28:34.112, 7, 181.28 W, 30, 120 MHz, 3996 MHz, 0 %, 0 %
2026/09/22 01:28:35.112, 0, 177.74 W, 35, 120 MHz, 3996 MHz, 0 %, 0 %
2026/09/22 01:28:35.112, 1, 180.63 W, 36, 120 MHz, 3996 MHz, 0 %, 0 %
2026/09/22 01:28:35.112, 2, 174.22 W, 30, 120 MHz, 3996 MHz, 0 %, 0 %
2026/09/22 01:28:35.112, 3, 176.23 W, 30, 120 MHz, 3996 MHz, 0 %, 0 %
2026/09/22 01:28:35.112, 4, 180.58 W, 35, 120 MHz, 3996 MHz, 0 %, 0 %
2026/09/22 01:28:35.112, 5, 178.64 W, 33, 120 MHz, 3996 MHz, 0 %, 0 %
2026/09/22 01:28:35.112, 6, 178.65 W, 30, 120 MHz, 3996 MHz, 0 %, 0 %
2026/09/22 01:28:35.112, 7, 181.51 W, 30, 120 MHz, 3996 MHz, 0 %, 0 %
2026/09/22 01:28:36.112, 0, 177.55 W, 35, 120 MHz, 3996 MHz, 0 %, 0 %
2026/09/22 01:28:36.112, 1, 180.57 W, 36, 120 MHz, 3996 MHz, 0 %, 0 %
2026/09/22 01:28:36.112, 2, 174.37 W, 30, 120 MHz, 3996 MHz, 0 %, 0 %
2026/09/22 01:28:36.112, 3, 176.23 W, 30, 120 MHz, 3996 MHz, 0 %, 0 %
2026/09/22 01:28:36.112, 4, 180.58 W, 35, 120 MHz, 3996 MHz, 0 %, 0 %
2026/09/22 01:28:36.112, 5, 178.64 W, 33, 120 MHz, 3996 MHz, 0 %, 0 %
2026/09/22 01:28:36.112, 6, 178.47 W, 30, 120 MHz, 3996 MHz, 0 %, 0 %
2026/09/22 01:28:36.113, 7, 181.40 W, 30, 120 MHz, 3996 MHz, 0 %, 0 %
2026/09/22 01:28:37.113, 0, 177.51 W, 35, 120 MHz, 3996 MHz, 0 %, 0 %
2026/09/22 01:28:37.113, 1, 180.53 W, 36, 120 MHz, 3996 MHz, 0 %, 0 %
2026/09/22 01:28:37.113, 2, 174.37 W, 30, 120 MHz, 3996 MHz, 0 %, 0 %
2026/09/22 01:28:37.113, 3, 176.23 W, 30, 120 MHz, 3996 MHz, 0 %, 0 %
2026/09/22 01:28:37.113, 4, 180.58 W, 35, 120 MHz, 3996 MHz, 0 %, 0 %
2026/09/22 01:28:37.113, 5, 178.64 W, 33, 120 MHz, 3996 MHz, 0 %, 0 %
2026/09/22 01:28:37.113, 6, 178.70 W, 30, 120 MHz, 3996 MHz, 0 %, 0 %
2026/09/22 01:28:37.113, 7, 181.40 W, 30, 120 MHz, 3996 MHz, 0 %, 0 %
2026/09/22 01:28:38.113, 0, 177.51 W, 35, 120 MHz, 3996 MHz, 0 %, 0 %
2026/09/22 01:28:38.113, 1, 180.52 W, 36, 120 MHz, 3996 MHz, 0 %, 0 %
2026/09/22 01:28:38.113, 2, 174.26 W, 30, 120 MHz, 3996 MHz, 0 %, 0 %
2026/09/22 01:28:38.113, 3, 176.23 W, 30, 120 MHz, 3996 MHz, 0 %, 0 %
2026/09/22 01:28:38.113, 4, 180.58 W, 35, 120 MHz, 3996 MHz, 0 %, 0 %
2026/09/22 01:28:38.113, 5, 178.64 W, 33, 120 MHz, 3996 MHz, 0 %, 0 %
2026/09/22 01:28:38.113, 6, 178.95 W, 30, 120 MHz, 3996 MHz, 0 %, 0 %
2026/09/22 01:28:38.113, 7, 181.24 W, 30, 120 MHz, 3996 MHz, 0 %, 0 %
2026/09/22 01:28:39.113, 0, 177.55 W, 35, 120 MHz, 3996 MHz, 0 %, 0 %
2026/09/22 01:28:39.113, 1, 180.23 W, 36, 120 MHz, 3996 MHz, 0 %, 0 %
2026/09/22 01:28:39.113, 2, 174.33 W, 30, 120 MHz, 3996 MHz, 0 %, 0 %
2026/09/22 01:28:39.113, 3, 176.23 W, 30, 120 MHz, 3996 MHz, 0 %, 0 %
2026/09/22 01:28:39.113, 4, 180.58 W, 35, 120 MHz, 3996 MHz, 0 %, 0 %
2026/09/22 01:28:39.113, 5, 178.64 W, 33, 120 MHz, 3996 MHz, 0 %, 0 %
2026/09/22 01:28:39.113, 6, 178.61 W, 30, 120 MHz, 3996 MHz, 0 %, 0 %
2026/09/22 01:28:39.113, 7, 181.25 W, 30, 120 MHz, 3996 MHz, 0 %, 0 %
2026/09/22 01:28:40.113, 0, 177.59 W, 35, 120 MHz, 3996 MHz, 0 %, 0 %
2026/09/22 01:28:40.114, 1, 180.27 W, 36, 120 MHz, 3996 MHz, 0 %, 0 %
2026/09/22 01:28:40.114, 2, 174.33 W, 30, 120 MHz, 3996 MHz, 0 %, 0 %
2026/09/22 01:28:40.114, 3, 176.23 W, 30, 120 MHz, 3996 MHz, 0 %, 0 %
2026/09/22 01:28:40.114, 4, 180.58 W, 35, 120 MHz, 3996 MHz, 0 %, 0 %
2026/09/22 01:28:40.114, 5, 178.64 W, 33, 120 MHz, 3996 MHz, 0 %, 0 %
2026/09/22 01:28:40.114, 6, 178.79 W, 30, 120 MHz, 3996 MHz, 0 %, 0 %
2026/09/22 01:28:40.114, 7, 181.43 W, 30, 120 MHz, 3996 MHz, 0 %, 0 %
2026/09/22 01:28:41.114, 0, 177.48 W, 35, 120 MHz, 3996 MHz, 0 %, 0 %
2026/09/22 01:28:41.114, 1, 180.17 W, 36, 120 MHz, 3996 MHz, 0 %, 0 %
2026/09/22 01:28:41.114, 2, 174.22 W, 30, 120 MHz, 3996 MHz, 0 %, 0 %
2026/09/22 01:28:41.114, 3, 176.23 W, 30, 120 MHz, 3996 MHz, 0 %, 0 %
2026/09/22 01:28:41.114, 4, 180.58 W, 35, 120 MHz, 3996 MHz, 0 %, 0 %
2026/09/22 01:28:41.114, 5, 178.64 W, 33, 120 MHz, 3996 MHz, 0 %, 0 %
2026/09/22 01:28:41.114, 6, 178.51 W, 30, 120 MHz, 3996 MHz, 0 %, 0 %
2026/09/22 01:28:41.114, 7, 181.25 W, 30, 120 MHz, 3996 MHz, 0 %, 0 %
2026/09/22 01:28:42.114, 0, 177.51 W, 35, 120 MHz, 3996 MHz, 0 %, 0 %
2026/09/22 01:28:42.114, 1, 180.34 W, 36, 120 MHz, 3996 MHz, 0 %, 0 %
2026/09/22 01:28:42.114, 2, 174.22 W, 30, 120 MHz, 3996 MHz, 0 %, 0 %
2026/09/22 01:28:42.114, 3, 176.23 W, 30, 120 MHz, 3996 MHz, 0 %, 0 %
2026/09/22 01:28:42.114, 4, 180.58 W, 35, 120 MHz, 3996 MHz, 0 %, 0 %
2026/09/22 01:28:42.114, 5, 178.64 W, 33, 120 MHz, 3996 MHz, 0 %, 0 %
2026/09/22 01:28:42.114, 6, 178.54 W, 30, 120 MHz, 3996 MHz, 0 %, 0 %
2026/09/22 01:28:42.114, 7, 181.42 W, 30, 120 MHz, 3996 MHz, 0 %, 0 %
2026/09/22 01:28:43.114, 0, 177.48 W, 35, 120 MHz, 3996 MHz, 0 %, 0 %
2026/09/22 01:28:43.114, 1, 180.42 W, 36, 120 MHz, 3996 MHz, 0 %, 0 %
2026/09/22 01:28:43.114, 2, 174.26 W, 30, 120 MHz, 3996 MHz, 0 %, 0 %
2026/09/22 01:28:43.114, 3, 176.23 W, 30, 120 MHz, 3996 MHz, 0 %, 0 %
2026/09/22 01:28:43.114, 4, 180.58 W, 35, 120 MHz, 3996 MHz, 0 %, 0 %
2026/09/22 01:28:43.114, 5, 178.64 W, 33, 120 MHz, 3996 MHz, 0 %, 0 %
2026/09/22 01:28:43.114, 6, 178.74 W, 30, 120 MHz, 3996 MHz, 0 %, 0 %
2026/09/22 01:28:43.114, 7, 181.32 W, 30, 120 MHz, 3996 MHz, 0 %, 0 %
2026/09/22 01:28:44.115, 0, 199.63 W, 36, 2032 MHz, 3996 MHz, 1 %, 0 %
2026/09/22 01:28:44.115, 1, 180.31 W, 36, 120 MHz, 3996 MHz, 0 %, 0 %
2026/09/22 01:28:44.115, 2, 174.22 W, 30, 120 MHz, 3996 MHz, 0 %, 0 %
2026/09/22 01:28:44.115, 3, 176.23 W, 30, 120 MHz, 3996 MHz, 0 %, 0 %
2026/09/22 01:28:44.115, 4, 180.58 W, 35, 120 MHz, 3996 MHz, 0 %, 0 %
2026/09/22 01:28:44.115, 5, 178.64 W, 33, 120 MHz, 3996 MHz, 0 %, 0 %
2026/09/22 01:28:44.115, 6, 178.71 W, 30, 120 MHz, 3996 MHz, 0 %, 0 %
2026/09/22 01:28:44.115, 7, 181.34 W, 30, 120 MHz, 3996 MHz, 0 %, 0 %
2026/09/22 01:28:45.115, 0, 231.72 W, 36, 2032 MHz, 3996 MHz, 0 %, 0 %
2026/09/22 01:28:45.115, 1, 180.26 W, 36, 120 MHz, 3996 MHz, 0 %, 0 %
2026/09/22 01:28:45.115, 2, 174.33 W, 30, 120 MHz, 3996 MHz, 0 %, 0 %
2026/09/22 01:28:45.115, 3, 176.23 W, 30, 120 MHz, 3996 MHz, 0 %, 0 %
2026/09/22 01:28:45.115, 4, 180.58 W, 35, 120 MHz, 3996 MHz, 0 %, 0 %
2026/09/22 01:28:45.115, 5, 178.64 W, 33, 120 MHz, 3996 MHz, 0 %, 0 %
2026/09/22 01:28:45.115, 6, 178.48 W, 30, 120 MHz, 3996 MHz, 0 %, 0 %
2026/09/22 01:28:45.115, 7, 181.34 W, 30, 120 MHz, 3996 MHz, 0 %, 0 %
2026/09/22 01:28:46.115, 0, 231.72 W, 36, 2032 MHz, 3996 MHz, 0 %, 0 %
2026/09/22 01:28:46.115, 1, 180.30 W, 36, 120 MHz, 3996 MHz, 0 %, 0 %
2026/09/22 01:28:46.115, 2, 174.18 W, 30, 120 MHz, 3996 MHz, 0 %, 0 %
2026/09/22 01:28:46.115, 3, 176.23 W, 30, 120 MHz, 3996 MHz, 0 %, 0 %
2026/09/22 01:28:46.115, 4, 180.58 W, 35, 120 MHz, 3996 MHz, 0 %, 0 %
2026/09/22 01:28:46.115, 5, 178.64 W, 33, 120 MHz, 3996 MHz, 0 %, 0 %
2026/09/22 01:28:46.115, 6, 178.51 W, 30, 120 MHz, 3996 MHz, 0 %, 0 %
2026/09/22 01:28:46.115, 7, 181.34 W, 30, 120 MHz, 3996 MHz, 0 %, 0 %
2026/09/22 01:28:47.115, 0, 231.85 W, 36, 2032 MHz, 3996 MHz, 0 %, 0 %
2026/09/22 01:28:47.115, 1, 180.26 W, 36, 120 MHz, 3996 MHz, 0 %, 0 %
2026/09/22 01:28:47.115, 2, 174.22 W, 30, 120 MHz, 3996 MHz, 0 %, 0 %
2026/09/22 01:28:47.115, 3, 176.23 W, 30, 120 MHz, 3996 MHz, 0 %, 0 %
2026/09/22 01:28:47.115, 4, 180.58 W, 35, 120 MHz, 3996 MHz, 0 %, 0 %
2026/09/22 01:28:47.115, 5, 178.64 W, 33, 120 MHz, 3996 MHz, 0 %, 0 %
2026/09/22 01:28:47.115, 6, 178.85 W, 30, 120 MHz, 3996 MHz, 0 %, 0 %
2026/09/22 01:28:47.115, 7, 181.26 W, 30, 120 MHz, 3996 MHz, 0 %, 0 %
2026/09/22 01:28:48.116, 0, 231.79 W, 36, 2032 MHz, 3996 MHz, 0 %, 0 %
2026/09/22 01:28:48.116, 1, 180.13 W, 36, 120 MHz, 3996 MHz, 0 %, 0 %
2026/09/22 01:28:48.116, 2, 174.26 W, 30, 120 MHz, 3996 MHz, 0 %, 0 %
2026/09/22 01:28:48.116, 3, 176.23 W, 30, 120 MHz, 3996 MHz, 0 %, 0 %
2026/09/22 01:28:48.116, 4, 180.58 W, 35, 120 MHz, 3996 MHz, 0 %, 0 %
2026/09/22 01:28:48.116, 5, 178.64 W, 33, 120 MHz, 3996 MHz, 0 %, 0 %
2026/09/22 01:28:48.116, 6, 178.70 W, 30, 120 MHz, 3996 MHz, 0 %, 0 %
2026/09/22 01:28:48.116, 7, 181.45 W, 30, 120 MHz, 3996 MHz, 0 %, 0 %
2026/09/22 01:28:49.116, 0, 231.83 W, 36, 2032 MHz, 3996 MHz, 0 %, 0 %
2026/09/22 01:28:49.116, 1, 180.16 W, 36, 120 MHz, 3996 MHz, 0 %, 0 %
2026/09/22 01:28:49.116, 2, 174.29 W, 30, 120 MHz, 3996 MHz, 0 %, 0 %
2026/09/22 01:28:49.116, 3, 194.47 W, 30, 2032 MHz, 3996 MHz, 0 %, 0 %
2026/09/22 01:28:49.116, 4, 180.58 W, 35, 120 MHz, 3996 MHz, 0 %, 0 %
2026/09/22 01:28:49.116, 5, 178.64 W, 33, 120 MHz, 3996 MHz, 0 %, 0 %
2026/09/22 01:28:49.116, 6, 178.82 W, 30, 120 MHz, 3996 MHz, 0 %, 0 %
2026/09/22 01:28:49.116, 7, 181.49 W, 30, 120 MHz, 3996 MHz, 0 %, 0 %
2026/09/22 01:28:50.116, 0, 231.92 W, 36, 2032 MHz, 3996 MHz, 0 %, 0 %
2026/09/22 01:28:50.116, 1, 180.00 W, 36, 120 MHz, 3996 MHz, 0 %, 0 %
2026/09/22 01:28:50.116, 2, 174.34 W, 30, 120 MHz, 3996 MHz, 0 %, 0 %
2026/09/22 01:28:50.116, 3, 230.26 W, 31, 2032 MHz, 3996 MHz, 0 %, 0 %
2026/09/22 01:28:50.116, 4, 180.62 W, 35, 120 MHz, 3996 MHz, 0 %, 0 %
2026/09/22 01:28:50.116, 5, 178.64 W, 33, 120 MHz, 3996 MHz, 0 %, 0 %
2026/09/22 01:28:50.116, 6, 178.74 W, 30, 120 MHz, 3996 MHz, 0 %, 0 %
2026/09/22 01:28:50.116, 7, 181.30 W, 30, 120 MHz, 3996 MHz, 0 %, 0 %
2026/09/22 01:28:51.116, 0, 232.10 W, 36, 2032 MHz, 3996 MHz, 0 %, 0 %
2026/09/22 01:28:51.116, 1, 197.87 W, 36, 2032 MHz, 3996 MHz, 0 %, 0 %
2026/09/22 01:28:51.116, 2, 174.56 W, 30, 120 MHz, 3996 MHz, 0 %, 0 %
2026/09/22 01:28:51.117, 3, 230.28 W, 31, 2032 MHz, 3996 MHz, 0 %, 0 %
2026/09/22 01:28:51.117, 4, 180.58 W, 35, 120 MHz, 3996 MHz, 0 %, 0 %
2026/09/22 01:28:51.117, 5, 178.64 W, 33, 120 MHz, 3996 MHz, 0 %, 0 %
2026/09/22 01:28:51.117, 6, 178.98 W, 30, 120 MHz, 3996 MHz, 0 %, 0 %
2026/09/22 01:28:51.117, 7, 181.37 W, 30, 120 MHz, 3996 MHz, 0 %, 0 %
2026/09/22 01:28:52.117, 0, 232.82 W, 36, 2032 MHz, 3996 MHz, 0 %, 0 %
2026/09/22 01:28:52.117, 1, 235.49 W, 37, 2032 MHz, 3996 MHz, 0 %, 0 %
2026/09/22 01:28:52.117, 2, 174.22 W, 30, 120 MHz, 3996 MHz, 0 %, 0 %
2026/09/22 01:28:52.117, 3, 230.29 W, 31, 2032 MHz, 3996 MHz, 0 %, 0 %
2026/09/22 01:28:52.117, 4, 180.58 W, 35, 120 MHz, 3996 MHz, 0 %, 0 %
2026/09/22 01:28:52.117, 5, 178.64 W, 33, 120 MHz, 3996 MHz, 0 %, 0 %
2026/09/22 01:28:52.117, 6, 178.62 W, 30, 120 MHz, 3996 MHz, 0 %, 0 %
2026/09/22 01:28:52.117, 7, 181.25 W, 30, 120 MHz, 3996 MHz, 0 %, 0 %
2026/09/22 01:28:53.117, 0, 232.29 W, 36, 2032 MHz, 3996 MHz, 0 %, 0 %
2026/09/22 01:28:53.117, 1, 235.51 W, 37, 2032 MHz, 3996 MHz, 7 %, 0 %
2026/09/22 01:28:53.117, 2, 204.14 W, 30, 2032 MHz, 3996 MHz, 0 %, 0 %
2026/09/22 01:28:53.117, 3, 230.17 W, 31, 2032 MHz, 3996 MHz, 0 %, 0 %
2026/09/22 01:28:53.117, 4, 180.58 W, 35, 120 MHz, 3996 MHz, 0 %, 0 %
2026/09/22 01:28:53.117, 5, 178.64 W, 33, 120 MHz, 3996 MHz, 0 %, 0 %
2026/09/22 01:28:53.117, 6, 178.79 W, 30, 120 MHz, 3996 MHz, 0 %, 0 %
2026/09/22 01:28:53.117, 7, 181.48 W, 30, 120 MHz, 3996 MHz, 0 %, 0 %
2026/09/22 01:28:54.117, 0, 232.65 W, 36, 2032 MHz, 3996 MHz, 0 %, 0 %
2026/09/22 01:28:54.117, 1, 235.58 W, 37, 2032 MHz, 3996 MHz, 1 %, 0 %
2026/09/22 01:28:54.117, 2, 227.66 W, 31, 2032 MHz, 3996 MHz, 0 %, 0 %
2026/09/22 01:28:54.117, 3, 230.02 W, 31, 2032 MHz, 3996 MHz, 0 %, 0 %
2026/09/22 01:28:54.117, 4, 180.58 W, 35, 120 MHz, 3996 MHz, 0 %, 0 %
2026/09/22 01:28:54.117, 5, 178.64 W, 33, 120 MHz, 3996 MHz, 0 %, 0 %
2026/09/22 01:28:54.117, 6, 179.09 W, 30, 120 MHz, 3996 MHz, 0 %, 0 %
2026/09/22 01:28:54.117, 7, 181.50 W, 30, 120 MHz, 3996 MHz, 0 %, 0 %
2026/09/22 01:28:55.118, 0, 232.67 W, 36, 2032 MHz, 3996 MHz, 0 %, 0 %
2026/09/22 01:28:55.118, 1, 235.72 W, 37, 2032 MHz, 3996 MHz, 0 %, 0 %
2026/09/22 01:28:55.118, 2, 227.93 W, 31, 2032 MHz, 3996 MHz, 0 %, 0 %
2026/09/22 01:28:55.118, 3, 230.05 W, 31, 2032 MHz, 3996 MHz, 0 %, 0 %
2026/09/22 01:28:55.118, 4, 180.58 W, 35, 120 MHz, 3996 MHz, 0 %, 0 %
2026/09/22 01:28:55.118, 5, 178.64 W, 33, 120 MHz, 3996 MHz, 0 %, 0 %
2026/09/22 01:28:55.118, 6, 178.87 W, 30, 120 MHz, 3996 MHz, 0 %, 0 %
2026/09/22 01:28:55.118, 7, 181.30 W, 30, 120 MHz, 3996 MHz, 0 %, 0 %
2026/09/22 01:28:56.118, 0, 232.27 W, 36, 2032 MHz, 3996 MHz, 0 %, 0 %
2026/09/22 01:28:56.118, 1, 235.57 W, 37, 2032 MHz, 3996 MHz, 0 %, 0 %
2026/09/22 01:28:56.118, 2, 228.04 W, 31, 2032 MHz, 3996 MHz, 0 %, 0 %
2026/09/22 01:28:56.118, 3, 230.10 W, 31, 2032 MHz, 3996 MHz, 0 %, 0 %
2026/09/22 01:28:56.118, 4, 180.58 W, 35, 120 MHz, 3996 MHz, 0 %, 0 %
2026/09/22 01:28:56.118, 5, 178.64 W, 33, 120 MHz, 3996 MHz, 0 %, 0 %
2026/09/22 01:28:56.118, 6, 178.53 W, 30, 120 MHz, 3996 MHz, 0 %, 0 %
2026/09/22 01:28:56.118, 7, 181.38 W, 30, 120 MHz, 3996 MHz, 0 %, 0 %
2026/09/22 01:28:57.118, 0, 232.34 W, 36, 2032 MHz, 3996 MHz, 0 %, 0 %
2026/09/22 01:28:57.118, 1, 235.57 W, 37, 2032 MHz, 3996 MHz, 0 %, 0 %
2026/09/22 01:28:57.118, 2, 228.06 W, 31, 2032 MHz, 3996 MHz, 0 %, 0 %
2026/09/22 01:28:57.118, 3, 230.14 W, 31, 2032 MHz, 3996 MHz, 0 %, 0 %
2026/09/22 01:28:57.118, 4, 180.62 W, 35, 120 MHz, 3996 MHz, 0 %, 0 %
2026/09/22 01:28:57.118, 5, 178.64 W, 33, 120 MHz, 3996 MHz, 0 %, 0 %
2026/09/22 01:28:57.118, 6, 178.59 W, 30, 120 MHz, 3996 MHz, 0 %, 0 %
2026/09/22 01:28:57.118, 7, 181.34 W, 30, 120 MHz, 3996 MHz, 0 %, 0 %
2026/09/22 01:28:58.118, 0, 232.88 W, 36, 2032 MHz, 3996 MHz, 0 %, 0 %
2026/09/22 01:28:58.118, 1, 235.84 W, 37, 2032 MHz, 3996 MHz, 0 %, 0 %
2026/09/22 01:28:58.118, 2, 228.18 W, 31, 2032 MHz, 3996 MHz, 1 %, 0 %
2026/09/22 01:28:58.118, 3, 230.26 W, 31, 2032 MHz, 3996 MHz, 0 %, 0 %
2026/09/22 01:28:58.118, 4, 180.58 W, 35, 120 MHz, 3996 MHz, 0 %, 0 %
2026/09/22 01:28:58.119, 5, 178.64 W, 33, 120 MHz, 3996 MHz, 0 %, 0 %
2026/09/22 01:28:58.119, 6, 178.63 W, 30, 120 MHz, 3996 MHz, 0 %, 0 %
2026/09/22 01:28:58.119, 7, 181.27 W, 30, 120 MHz, 3996 MHz, 0 %, 0 %
2026/09/22 01:28:59.119, 0, 232.80 W, 36, 2032 MHz, 3996 MHz, 0 %, 0 %
2026/09/22 01:28:59.119, 1, 235.57 W, 37, 2032 MHz, 3996 MHz, 0 %, 0 %
2026/09/22 01:28:59.119, 2, 227.92 W, 31, 2032 MHz, 3996 MHz, 0 %, 0 %
2026/09/22 01:28:59.119, 3, 230.15 W, 31, 2032 MHz, 3996 MHz, 0 %, 0 %
2026/09/22 01:28:59.119, 4, 180.58 W, 35, 120 MHz, 3996 MHz, 0 %, 0 %
2026/09/22 01:28:59.119, 5, 178.64 W, 33, 120 MHz, 3996 MHz, 0 %, 0 %
2026/09/22 01:28:59.119, 6, 178.80 W, 30, 120 MHz, 3996 MHz, 0 %, 0 %
2026/09/22 01:28:59.119, 7, 181.30 W, 30, 120 MHz, 3996 MHz, 0 %, 0 %
2026/09/22 01:29:00.119, 0, 232.88 W, 36, 2032 MHz, 3996 MHz, 0 %, 0 %
2026/09/22 01:29:00.119, 1, 235.57 W, 37, 2032 MHz, 3996 MHz, 0 %, 0 %
2026/09/22 01:29:00.119, 2, 227.92 W, 31, 2032 MHz, 3996 MHz, 0 %, 0 %
2026/09/22 01:29:00.119, 3, 230.16 W, 31, 2032 MHz, 3996 MHz, 0 %, 0 %
2026/09/22 01:29:00.119, 4, 180.58 W, 35, 120 MHz, 3996 MHz, 0 %, 0 %
2026/09/22 01:29:00.119, 5, 178.64 W, 33, 120 MHz, 3996 MHz, 0 %, 0 %
2026/09/22 01:29:00.119, 6, 178.43 W, 30, 120 MHz, 3996 MHz, 0 %, 0 %
2026/09/22 01:29:00.119, 7, 181.31 W, 30, 120 MHz, 3996 MHz, 0 %, 0 %
2026/09/22 01:29:01.119, 0, 233.20 W, 36, 2032 MHz, 3996 MHz, 11 %, 0 %
2026/09/22 01:29:01.119, 1, 236.54 W, 37, 2032 MHz, 3996 MHz, 8 %, 0 %
2026/09/22 01:29:01.119, 2, 228.03 W, 31, 2032 MHz, 3996 MHz, 0 %, 0 %
2026/09/22 01:29:01.119, 3, 230.58 W, 31, 2032 MHz, 3996 MHz, 12 %, 0 %
2026/09/22 01:29:01.119, 4, 180.58 W, 35, 120 MHz, 3996 MHz, 0 %, 0 %
2026/09/22 01:29:01.119, 5, 178.64 W, 33, 120 MHz, 3996 MHz, 0 %, 0 %
2026/09/22 01:29:01.119, 6, 178.43 W, 30, 120 MHz, 3996 MHz, 0 %, 0 %
2026/09/22 01:29:01.119, 7, 181.27 W, 30, 120 MHz, 3996 MHz, 0 %, 0 %
2026/09/22 01:29:02.120, 0, 233.37 W, 36, 2032 MHz, 3996 MHz, 8 %, 0 %
2026/09/22 01:29:02.120, 1, 236.22 W, 37, 2032 MHz, 3996 MHz, 10 %, 0 %
2026/09/22 01:29:02.120, 2, 228.07 W, 31, 2032 MHz, 3996 MHz, 11 %, 0 %
2026/09/22 01:29:02.120, 3, 230.23 W, 31, 2032 MHz, 3996 MHz, 9 %, 0 %
2026/09/22 01:29:02.120, 4, 180.58 W, 35, 120 MHz, 3996 MHz, 0 %, 0 %
2026/09/22 01:29:02.120, 5, 178.64 W, 33, 120 MHz, 3996 MHz, 0 %, 0 %
2026/09/22 01:29:02.120, 6, 178.84 W, 30, 120 MHz, 3996 MHz, 0 %, 0 %
2026/09/22 01:29:02.120, 7, 181.26 W, 30, 120 MHz, 3996 MHz, 0 %, 0 %
2026/09/22 01:29:03.120, 0, 233.39 W, 36, 2032 MHz, 3996 MHz, 1 %, 0 %
2026/09/22 01:29:03.120, 1, 236.34 W, 37, 2032 MHz, 3996 MHz, 11 %, 0 %
2026/09/22 01:29:03.120, 2, 228.03 W, 31, 2032 MHz, 3996 MHz, 3 %, 0 %
2026/09/22 01:29:03.120, 3, 230.31 W, 31, 2032 MHz, 3996 MHz, 4 %, 0 %
2026/09/22 01:29:03.120, 4, 180.58 W, 35, 120 MHz, 3996 MHz, 0 %, 0 %
2026/09/22 01:29:03.120, 5, 178.64 W, 33, 120 MHz, 3996 MHz, 0 %, 0 %
2026/09/22 01:29:03.120, 6, 178.85 W, 30, 120 MHz, 3996 MHz, 0 %, 0 %
2026/09/22 01:29:03.120, 7, 181.22 W, 30, 120 MHz, 3996 MHz, 0 %, 0 %
2026/09/22 01:29:04.120, 0, 233.12 W, 36, 2032 MHz, 3996 MHz, 0 %, 0 %
2026/09/22 01:29:04.120, 1, 235.96 W, 37, 2032 MHz, 3996 MHz, 0 %, 0 %
2026/09/22 01:29:04.120, 2, 228.07 W, 31, 2032 MHz, 3996 MHz, 3 %, 0 %
2026/09/22 01:29:04.120, 3, 230.15 W, 31, 2032 MHz, 3996 MHz, 0 %, 0 %
2026/09/22 01:29:04.120, 4, 180.58 W, 35, 120 MHz, 3996 MHz, 0 %, 0 %
2026/09/22 01:29:04.120, 5, 178.64 W, 33, 120 MHz, 3996 MHz, 0 %, 0 %
2026/09/22 01:29:04.120, 6, 178.97 W, 30, 120 MHz, 3996 MHz, 0 %, 0 %
2026/09/22 01:29:04.120, 7, 181.30 W, 30, 120 MHz, 3996 MHz, 0 %, 0 %
2026/09/22 01:29:05.120, 0, 233.13 W, 36, 2032 MHz, 3996 MHz, 3 %, 0 %
2026/09/22 01:29:05.120, 1, 235.84 W, 37, 2032 MHz, 3996 MHz, 0 %, 0 %
2026/09/22 01:29:05.120, 2, 228.07 W, 31, 2032 MHz, 3996 MHz, 0 %, 0 %
2026/09/22 01:29:05.120, 3, 230.19 W, 31, 2032 MHz, 3996 MHz, 3 %, 0 %
2026/09/22 01:29:05.121, 4, 180.58 W, 35, 120 MHz, 3996 MHz, 0 %, 0 %
2026/09/22 01:29:05.121, 5, 178.64 W, 33, 120 MHz, 3996 MHz, 0 %, 0 %
2026/09/22 01:29:05.121, 6, 178.78 W, 30, 120 MHz, 3996 MHz, 0 %, 0 %
2026/09/22 01:29:05.121, 7, 181.42 W, 30, 120 MHz, 3996 MHz, 0 %, 0 %
2026/09/22 01:29:06.121, 0, 233.24 W, 36, 2032 MHz, 3996 MHz, 1 %, 0 %
2026/09/22 01:29:06.121, 1, 235.73 W, 37, 2032 MHz, 3996 MHz, 0 %, 0 %
2026/09/22 01:29:06.121, 2, 228.07 W, 31, 2032 MHz, 3996 MHz, 2 %, 0 %
2026/09/22 01:29:06.121, 3, 230.19 W, 31, 2032 MHz, 3996 MHz, 0 %, 0 %
2026/09/22 01:29:06.121, 4, 180.66 W, 35, 120 MHz, 3996 MHz, 0 %, 0 %
2026/09/22 01:29:06.121, 5, 178.64 W, 33, 120 MHz, 3996 MHz, 0 %, 0 %
2026/09/22 01:29:06.121, 6, 178.92 W, 30, 120 MHz, 3996 MHz, 0 %, 0 %
2026/09/22 01:29:06.121, 7, 181.46 W, 30, 120 MHz, 3996 MHz, 0 %, 0 %
2026/09/22 01:29:07.121, 0, 233.10 W, 36, 2032 MHz, 3996 MHz, 0 %, 0 %
2026/09/22 01:29:07.121, 1, 235.61 W, 37, 2032 MHz, 3996 MHz, 2 %, 0 %
2026/09/22 01:29:07.121, 2, 228.07 W, 31, 2032 MHz, 3996 MHz, 0 %, 0 %
2026/09/22 01:29:07.121, 3, 230.46 W, 31, 2032 MHz, 3996 MHz, 10 %, 0 %
2026/09/22 01:29:07.121, 4, 180.58 W, 35, 120 MHz, 3996 MHz, 0 %, 0 %
2026/09/22 01:29:07.121, 5, 178.64 W, 33, 120 MHz, 3996 MHz, 0 %, 0 %
2026/09/22 01:29:07.121, 6, 178.93 W, 30, 120 MHz, 3996 MHz, 0 %, 0 %
2026/09/22 01:29:07.121, 7, 181.31 W, 30, 120 MHz, 3996 MHz, 0 %, 0 %
2026/09/22 01:29:08.121, 0, 233.41 W, 36, 2032 MHz, 3996 MHz, 5 %, 0 %
2026/09/22 01:29:08.121, 1, 236.37 W, 37, 2032 MHz, 3996 MHz, 3 %, 0 %
2026/09/22 01:29:08.121, 2, 228.07 W, 31, 2032 MHz, 3996 MHz, 0 %, 0 %
2026/09/22 01:29:08.121, 3, 230.72 W, 31, 2032 MHz, 3996 MHz, 10 %, 0 %
2026/09/22 01:29:08.121, 4, 180.62 W, 35, 120 MHz, 3996 MHz, 0 %, 0 %
2026/09/22 01:29:08.121, 5, 178.64 W, 33, 120 MHz, 3996 MHz, 0 %, 0 %
2026/09/22 01:29:08.121, 6, 178.70 W, 30, 120 MHz, 3996 MHz, 0 %, 0 %
2026/09/22 01:29:08.121, 7, 181.42 W, 30, 120 MHz, 3996 MHz, 0 %, 0 %
2026/09/22 01:29:09.122, 0, 233.49 W, 36, 2032 MHz, 3996 MHz, 11 %, 0 %
2026/09/22 01:29:09.122, 1, 236.76 W, 37, 2032 MHz, 3996 MHz, 3 %, 0 %
2026/09/22 01:29:09.122, 2, 228.07 W, 31, 2032 MHz, 3996 MHz, 1 %, 0 %
2026/09/22 01:29:09.122, 3, 230.58 W, 31, 2032 MHz, 3996 MHz, 2 %, 0 %
2026/09/22 01:29:09.122, 4, 180.58 W, 35, 120 MHz, 3996 MHz, 0 %, 0 %
2026/09/22 01:29:09.122, 5, 178.64 W, 33, 120 MHz, 3996 MHz, 0 %, 0 %
2026/09/22 01:29:09.122, 6, 179.07 W, 30, 120 MHz, 3996 MHz, 0 %, 0 %
2026/09/22 01:29:09.122, 7, 181.27 W, 30, 120 MHz, 3996 MHz, 0 %, 0 %
2026/09/22 01:29:10.122, 0, 233.50 W, 36, 2032 MHz, 3996 MHz, 2 %, 0 %
2026/09/22 01:29:10.122, 1, 236.82 W, 37, 2032 MHz, 3996 MHz, 1 %, 0 %
2026/09/22 01:29:10.122, 2, 228.07 W, 31, 2032 MHz, 3996 MHz, 4 %, 0 %
2026/09/22 01:29:10.122, 3, 230.42 W, 31, 2032 MHz, 3996 MHz, 10 %, 0 %
2026/09/22 01:29:10.122, 4, 180.58 W, 35, 120 MHz, 3996 MHz, 0 %, 0 %
2026/09/22 01:29:10.122, 5, 178.64 W, 33, 120 MHz, 3996 MHz, 0 %, 0 %
2026/09/22 01:29:10.122, 6, 178.89 W, 30, 120 MHz, 3996 MHz, 0 %, 0 %
2026/09/22 01:29:10.122, 7, 181.42 W, 30, 120 MHz, 3996 MHz, 0 %, 0 %
2026/09/22 01:29:11.122, 0, 233.53 W, 36, 2032 MHz, 3996 MHz, 11 %, 0 %
2026/09/22 01:29:11.122, 1, 237.03 W, 37, 2032 MHz, 3996 MHz, 9 %, 0 %
2026/09/22 01:29:11.122, 2, 228.06 W, 31, 2032 MHz, 3996 MHz, 12 %, 0 %
2026/09/22 01:29:11.122, 3, 230.54 W, 31, 2032 MHz, 3996 MHz, 0 %, 0 %
2026/09/22 01:29:11.122, 4, 180.58 W, 35, 120 MHz, 3996 MHz, 0 %, 0 %
2026/09/22 01:29:11.122, 5, 178.64 W, 33, 120 MHz, 3996 MHz, 0 %, 0 %
2026/09/22 01:29:11.122, 6, 179.04 W, 30, 120 MHz, 3996 MHz, 0 %, 0 %
2026/09/22 01:29:11.122, 7, 181.34 W, 30, 120 MHz, 3996 MHz, 0 %, 0 %
2026/09/22 01:29:12.122, 0, 233.42 W, 36, 2032 MHz, 3996 MHz, 6 %, 0 %
2026/09/22 01:29:12.122, 1, 235.65 W, 37, 2032 MHz, 3996 MHz, 0 %, 0 %
2026/09/22 01:29:12.122, 2, 228.07 W, 31, 2032 MHz, 3996 MHz, 0 %, 0 %
2026/09/22 01:29:12.122, 3, 230.19 W, 31, 2032 MHz, 3996 MHz, 5 %, 0 %
2026/09/22 01:29:12.122, 4, 180.58 W, 35, 120 MHz, 3996 MHz, 0 %, 0 %
2026/09/22 01:29:12.122, 5, 178.64 W, 33, 120 MHz, 3996 MHz, 0 %, 0 %
2026/09/22 01:29:12.122, 6, 178.68 W, 30, 120 MHz, 3996 MHz, 0 %, 0 %
2026/09/22 01:29:12.122, 7, 181.35 W, 30, 120 MHz, 3996 MHz, 0 %, 0 %
2026/09/22 01:29:13.123, 0, 233.16 W, 36, 2032 MHz, 3996 MHz, 6 %, 0 %
2026/09/22 01:29:13.123, 1, 236.19 W, 37, 2032 MHz, 3996 MHz, 8 %, 0 %
2026/09/22 01:29:13.123, 2, 228.07 W, 31, 2032 MHz, 3996 MHz, 7 %, 0 %
2026/09/22 01:29:13.123, 3, 230.31 W, 31, 2032 MHz, 3996 MHz, 2 %, 0 %
2026/09/22 01:29:13.123, 4, 180.62 W, 35, 120 MHz, 3996 MHz, 0 %, 0 %
2026/09/22 01:29:13.123, 5, 178.64 W, 33, 120 MHz, 3996 MHz, 0 %, 0 %
2026/09/22 01:29:13.123, 6, 178.70 W, 30, 120 MHz, 3996 MHz, 0 %, 0 %
2026/09/22 01:29:13.123, 7, 181.54 W, 30, 120 MHz, 3996 MHz, 0 %, 0 %
2026/09/22 01:29:14.123, 0, 233.41 W, 36, 2032 MHz, 3996 MHz, 9 %, 0 %
2026/09/22 01:29:14.123, 1, 235.91 W, 37, 2032 MHz, 3996 MHz, 1 %, 0 %
2026/09/22 01:29:14.123, 2, 228.07 W, 31, 2032 MHz, 3996 MHz, 0 %, 0 %
2026/09/22 01:29:14.123, 3, 230.23 W, 31, 2032 MHz, 3996 MHz, 0 %, 0 %
2026/09/22 01:29:14.123, 4, 180.58 W, 35, 120 MHz, 3996 MHz, 0 %, 0 %
2026/09/22 01:29:14.123, 5, 178.64 W, 33, 120 MHz, 3996 MHz, 0 %, 0 %
2026/09/22 01:29:14.123, 6, 178.84 W, 30, 120 MHz, 3996 MHz, 0 %, 0 %
2026/09/22 01:29:14.123, 7, 181.42 W, 30, 120 MHz, 3996 MHz, 0 %, 0 %
2026/09/22 01:29:15.123, 0, 233.39 W, 36, 2032 MHz, 3996 MHz, 2 %, 0 %
2026/09/22 01:29:15.123, 1, 235.57 W, 37, 2032 MHz, 3996 MHz, 0 %, 0 %
2026/09/22 01:29:15.123, 2, 228.07 W, 31, 2032 MHz, 3996 MHz, 0 %, 0 %
2026/09/22 01:29:15.123, 3, 230.39 W, 31, 2032 MHz, 3996 MHz, 12 %, 0 %
2026/09/22 01:29:15.123, 4, 180.62 W, 35, 120 MHz, 3996 MHz, 0 %, 0 %
2026/09/22 01:29:15.123, 5, 178.64 W, 33, 120 MHz, 3996 MHz, 0 %, 0 %
2026/09/22 01:29:15.123, 6, 178.84 W, 30, 120 MHz, 3996 MHz, 0 %, 0 %
2026/09/22 01:29:15.123, 7, 181.50 W, 30, 120 MHz, 3996 MHz, 0 %, 0 %
2026/09/22 01:29:16.123, 0, 233.49 W, 36, 2032 MHz, 3996 MHz, 7 %, 0 %
2026/09/22 01:29:16.123, 1, 236.30 W, 37, 2032 MHz, 3996 MHz, 2 %, 0 %
2026/09/22 01:29:16.123, 2, 228.03 W, 31, 2032 MHz, 3996 MHz, 0 %, 0 %
2026/09/22 01:29:16.123, 3, 230.57 W, 31, 2032 MHz, 3996 MHz, 10 %, 0 %
2026/09/22 01:29:16.123, 4, 180.58 W, 35, 120 MHz, 3996 MHz, 0 %, 0 %
2026/09/22 01:29:16.124, 5, 178.64 W, 33, 120 MHz, 3996 MHz, 0 %, 0 %
2026/09/22 01:29:16.124, 6, 179.16 W, 30, 120 MHz, 3996 MHz, 0 %, 0 %
2026/09/22 01:29:16.124, 7, 181.42 W, 30, 120 MHz, 3996 MHz, 0 %, 0 %
2026/09/22 01:29:17.124, 0, 233.51 W, 36, 2032 MHz, 3996 MHz, 7 %, 0 %
2026/09/22 01:29:17.124, 1, 236.93 W, 37, 2032 MHz, 3996 MHz, 11 %, 0 %
2026/09/22 01:29:17.124, 2, 228.11 W, 31, 2032 MHz, 3996 MHz, 11 %, 0 %
2026/09/22 01:29:17.124, 3, 230.47 W, 31, 2032 MHz, 3996 MHz, 6 %, 0 %
2026/09/22 01:29:17.124, 4, 180.58 W, 35, 120 MHz, 3996 MHz, 0 %, 0 %
2026/09/22 01:29:17.124, 5, 178.64 W, 33, 120 MHz, 3996 MHz, 0 %, 0 %
2026/09/22 01:29:17.124, 6, 178.97 W, 30, 120 MHz, 3996 MHz, 0 %, 0 %
2026/09/22 01:29:17.124, 7, 181.38 W, 30, 120 MHz, 3996 MHz, 0 %, 0 %
2026/09/22 01:29:18.124, 0, 233.51 W, 36, 2032 MHz, 3996 MHz, 11 %, 0 %
2026/09/22 01:29:18.124, 1, 236.87 W, 37, 2032 MHz, 3996 MHz, 11 %, 0 %
2026/09/22 01:29:18.124, 2, 228.07 W, 31, 2032 MHz, 3996 MHz, 4 %, 0 %
2026/09/22 01:29:18.124, 3, 230.35 W, 31, 2032 MHz, 3996 MHz, 5 %, 0 %
2026/09/22 01:29:18.124, 4, 180.58 W, 35, 120 MHz, 3996 MHz, 0 %, 0 %
2026/09/22 01:29:18.124, 5, 178.64 W, 33, 120 MHz, 3996 MHz, 0 %, 0 %
2026/09/22 01:29:18.124, 6, 178.96 W, 30, 120 MHz, 3996 MHz, 0 %, 0 %
2026/09/22 01:29:18.124, 7, 181.50 W, 30, 120 MHz, 3996 MHz, 0 %, 0 %
2026/09/22 01:29:19.124, 0, 233.48 W, 36, 2032 MHz, 3996 MHz, 6 %, 0 %
2026/09/22 01:29:19.124, 1, 236.95 W, 37, 2032 MHz, 3996 MHz, 6 %, 0 %
2026/09/22 01:29:19.124, 2, 228.11 W, 31, 2032 MHz, 3996 MHz, 10 %, 0 %
2026/09/22 01:29:19.124, 3, 230.42 W, 31, 2032 MHz, 3996 MHz, 4 %, 0 %
2026/09/22 01:29:19.124, 4, 180.58 W, 35, 120 MHz, 3996 MHz, 0 %, 0 %
2026/09/22 01:29:19.124, 5, 178.64 W, 33, 120 MHz, 3996 MHz, 0 %, 0 %
2026/09/22 01:29:19.124, 6, 178.86 W, 30, 120 MHz, 3996 MHz, 0 %, 0 %
2026/09/22 01:29:19.124, 7, 181.27 W, 30, 120 MHz, 3996 MHz, 0 %, 0 %
2026/09/22 01:29:20.124, 0, 233.51 W, 36, 2032 MHz, 3996 MHz, 6 %, 0 %
2026/09/22 01:29:20.125, 1, 236.35 W, 37, 2032 MHz, 3996 MHz, 1 %, 0 %
2026/09/22 01:29:20.125, 2, 228.07 W, 31, 2032 MHz, 3996 MHz, 7 %, 0 %
2026/09/22 01:29:20.125, 3, 230.35 W, 31, 2032 MHz, 3996 MHz, 1 %, 0 %
2026/09/22 01:29:20.125, 4, 180.58 W, 35, 120 MHz, 3996 MHz, 0 %, 0 %
2026/09/22 01:29:20.125, 5, 178.64 W, 33, 120 MHz, 3996 MHz, 0 %, 0 %
2026/09/22 01:29:20.125, 6, 179.11 W, 30, 120 MHz, 3996 MHz, 0 %, 0 %
2026/09/22 01:29:20.125, 7, 181.46 W, 30, 120 MHz, 3996 MHz, 0 %, 0 %
2026/09/22 01:29:21.125, 0, 233.49 W, 36, 2032 MHz, 3996 MHz, 0 %, 0 %
2026/09/22 01:29:21.125, 1, 236.27 W, 37, 2032 MHz, 3996 MHz, 0 %, 0 %
2026/09/22 01:29:21.125, 2, 228.07 W, 31, 2032 MHz, 3996 MHz, 5 %, 0 %
2026/09/22 01:29:21.125, 3, 230.15 W, 31, 2032 MHz, 3996 MHz, 0 %, 0 %
2026/09/22 01:29:21.125, 4, 180.62 W, 35, 120 MHz, 3996 MHz, 0 %, 0 %
2026/09/22 01:29:21.125, 5, 178.64 W, 33, 120 MHz, 3996 MHz, 0 %, 0 %
2026/09/22 01:29:21.125, 6, 178.84 W, 30, 120 MHz, 3996 MHz, 0 %, 0 %
2026/09/22 01:29:21.125, 7, 181.50 W, 30, 120 MHz, 3996 MHz, 0 %, 0 %
2026/09/22 01:29:22.125, 0, 233.35 W, 36, 2032 MHz, 3996 MHz, 0 %, 0 %
2026/09/22 01:29:22.125, 1, 235.84 W, 37, 2032 MHz, 3996 MHz, 10 %, 0 %
2026/09/22 01:29:22.125, 2, 228.07 W, 31, 2032 MHz, 3996 MHz, 0 %, 0 %
2026/09/22 01:29:22.125, 3, 230.20 W, 31, 2032 MHz, 3996 MHz, 5 %, 0 %
2026/09/22 01:29:22.125, 4, 180.58 W, 35, 120 MHz, 3996 MHz, 0 %, 0 %
2026/09/22 01:29:22.125, 5, 178.64 W, 33, 120 MHz, 3996 MHz, 0 %, 0 %
2026/09/22 01:29:22.125, 6, 179.19 W, 30, 120 MHz, 3996 MHz, 0 %, 0 %
2026/09/22 01:29:22.125, 7, 181.46 W, 30, 120 MHz, 3996 MHz, 0 %, 0 %
2026/09/22 01:29:23.125, 0, 233.45 W, 36, 2032 MHz, 3996 MHz, 5 %, 0 %
2026/09/22 01:29:23.125, 1, 236.12 W, 37, 2032 MHz, 3996 MHz, 0 %, 0 %
2026/09/22 01:29:23.125, 2, 228.07 W, 31, 2032 MHz, 3996 MHz, 1 %, 0 %
2026/09/22 01:29:23.125, 3, 231.14 W, 31, 2032 MHz, 3996 MHz, 8 %, 0 %
2026/09/22 01:29:23.125, 4, 180.62 W, 35, 120 MHz, 3996 MHz, 0 %, 0 %
2026/09/22 01:29:23.125, 5, 178.64 W, 33, 120 MHz, 3996 MHz, 0 %, 0 %
2026/09/22 01:29:23.125, 6, 178.76 W, 30, 120 MHz, 3996 MHz, 0 %, 0 %
2026/09/22 01:29:23.125, 7, 181.46 W, 30, 120 MHz, 3996 MHz, 0 %, 0 %
2026/09/22 01:29:24.126, 0, 233.46 W, 36, 2032 MHz, 3996 MHz, 5 %, 0 %
2026/09/22 01:29:24.126, 1, 236.37 W, 37, 2032 MHz, 3996 MHz, 7 %, 0 %
2026/09/22 01:29:24.126, 2, 228.22 W, 31, 2032 MHz, 3996 MHz, 6 %, 0 %
2026/09/22 01:29:24.126, 3, 231.18 W, 31, 2032 MHz, 3996 MHz, 6 %, 0 %
2026/09/22 01:29:24.126, 4, 180.58 W, 35, 120 MHz, 3996 MHz, 0 %, 0 %
2026/09/22 01:29:24.126, 5, 178.64 W, 33, 120 MHz, 3996 MHz, 0 %, 0 %
2026/09/22 01:29:24.126, 6, 178.74 W, 30, 120 MHz, 3996 MHz, 0 %, 0 %
2026/09/22 01:29:24.126, 7, 181.42 W, 30, 120 MHz, 3996 MHz, 0 %, 0 %
2026/09/22 01:29:25.126, 0, 233.51 W, 36, 2032 MHz, 3996 MHz, 1 %, 0 %
2026/09/22 01:29:25.126, 1, 237.01 W, 37, 2032 MHz, 3996 MHz, 10 %, 0 %
2026/09/22 01:29:25.126, 2, 228.26 W, 31, 2032 MHz, 3996 MHz, 5 %, 0 %
2026/09/22 01:29:25.126, 3, 230.54 W, 31, 2032 MHz, 3996 MHz, 7 %, 0 %
2026/09/22 01:29:25.126, 4, 180.58 W, 35, 120 MHz, 3996 MHz, 0 %, 0 %
2026/09/22 01:29:25.126, 5, 178.64 W, 33, 120 MHz, 3996 MHz, 0 %, 0 %
2026/09/22 01:29:25.126, 6, 178.84 W, 30, 120 MHz, 3996 MHz, 0 %, 0 %
2026/09/22 01:29:25.126, 7, 181.42 W, 30, 120 MHz, 3996 MHz, 0 %, 0 %
2026/09/22 01:29:26.126, 0, 233.49 W, 36, 2032 MHz, 3996 MHz, 5 %, 0 %
2026/09/22 01:29:26.126, 1, 236.95 W, 37, 2032 MHz, 3996 MHz, 10 %, 0 %
2026/09/22 01:29:26.126, 2, 228.22 W, 31, 2032 MHz, 3996 MHz, 1 %, 0 %
2026/09/22 01:29:26.126, 3, 230.73 W, 31, 2032 MHz, 3996 MHz, 2 %, 0 %
2026/09/22 01:29:26.126, 4, 180.62 W, 35, 120 MHz, 3996 MHz, 0 %, 0 %
2026/09/22 01:29:26.126, 5, 178.64 W, 33, 120 MHz, 3996 MHz, 0 %, 0 %
2026/09/22 01:29:26.126, 6, 178.78 W, 30, 120 MHz, 3996 MHz, 0 %, 0 %
2026/09/22 01:29:26.126, 7, 181.54 W, 30, 120 MHz, 3996 MHz, 0 %, 0 %
2026/09/22 01:29:27.126, 0, 233.53 W, 36, 2032 MHz, 3996 MHz, 7 %, 0 %
2026/09/22 01:29:27.126, 1, 236.74 W, 37, 2032 MHz, 3996 MHz, 4 %, 0 %
2026/09/22 01:29:27.126, 2, 228.15 W, 31, 2032 MHz, 3996 MHz, 8 %, 0 %
2026/09/22 01:29:27.126, 3, 230.57 W, 31, 2032 MHz, 3996 MHz, 2 %, 0 %
2026/09/22 01:29:27.126, 4, 180.66 W, 35, 120 MHz, 3996 MHz, 0 %, 0 %
2026/09/22 01:29:27.126, 5, 178.64 W, 34, 120 MHz, 3996 MHz, 0 %, 0 %
2026/09/22 01:29:27.126, 6, 178.76 W, 30, 120 MHz, 3996 MHz, 0 %, 0 %
2026/09/22 01:29:27.126, 7, 181.50 W, 30, 120 MHz, 3996 MHz, 0 %, 0 %
2026/09/22 01:29:28.127, 0, 233.49 W, 36, 2032 MHz, 3996 MHz, 10 %, 0 %
2026/09/22 01:29:28.127, 1, 236.60 W, 37, 2032 MHz, 3996 MHz, 0 %, 0 %
2026/09/22 01:29:28.127, 2, 228.11 W, 31, 2032 MHz, 3996 MHz, 1 %, 0 %
2026/09/22 01:29:28.127, 3, 230.16 W, 31, 2032 MHz, 3996 MHz, 0 %, 0 %
2026/09/22 01:29:28.127, 4, 180.58 W, 35, 120 MHz, 3996 MHz, 0 %, 0 %
2026/09/22 01:29:28.127, 5, 178.64 W, 34, 120 MHz, 3996 MHz, 0 %, 0 %
2026/09/22 01:29:28.127, 6, 179.15 W, 30, 120 MHz, 3996 MHz, 0 %, 0 %
2026/09/22 01:29:28.127, 7, 181.50 W, 30, 120 MHz, 3996 MHz, 0 %, 0 %
2026/09/22 01:29:29.127, 0, 233.46 W, 36, 2032 MHz, 3996 MHz, 10 %, 0 %
2026/09/22 01:29:29.127, 1, 235.80 W, 37, 2032 MHz, 3996 MHz, 0 %, 0 %
2026/09/22 01:29:29.127, 2, 228.11 W, 31, 2032 MHz, 3996 MHz, 0 %, 0 %
2026/09/22 01:29:29.127, 3, 230.23 W, 31, 2032 MHz, 3996 MHz, 3 %, 0 %
2026/09/22 01:29:29.127, 4, 180.62 W, 35, 120 MHz, 3996 MHz, 0 %, 0 %
2026/09/22 01:29:29.127, 5, 178.64 W, 34, 120 MHz, 3996 MHz, 0 %, 0 %
2026/09/22 01:29:29.127, 6, 179.05 W, 30, 120 MHz, 3996 MHz, 0 %, 0 %
2026/09/22 01:29:29.127, 7, 181.54 W, 30, 120 MHz, 3996 MHz, 0 %, 0 %
2026/09/22 01:29:30.127, 0, 233.51 W, 36, 2032 MHz, 3996 MHz, 0 %, 0 %
2026/09/22 01:29:30.127, 1, 236.54 W, 37, 2032 MHz, 3996 MHz, 6 %, 0 %
2026/09/22 01:29:30.127, 2, 228.18 W, 31, 2032 MHz, 3996 MHz, 2 %, 0 %
2026/09/22 01:29:30.127, 3, 230.70 W, 31, 2032 MHz, 3996 MHz, 7 %, 0 %
2026/09/22 01:29:30.127, 4, 180.62 W, 35, 120 MHz, 3996 MHz, 0 %, 0 %
2026/09/22 01:29:30.127, 5, 178.64 W, 34, 120 MHz, 3996 MHz, 0 %, 0 %
2026/09/22 01:29:30.127, 6, 179.00 W, 30, 120 MHz, 3996 MHz, 0 %, 0 %
2026/09/22 01:29:30.127, 7, 181.50 W, 30, 120 MHz, 3996 MHz, 0 %, 0 %
2026/09/22 01:29:31.127, 0, 233.48 W, 36, 2032 MHz, 3996 MHz, 0 %, 0 %
2026/09/22 01:29:31.127, 1, 236.51 W, 37, 2032 MHz, 3996 MHz, 6 %, 0 %
2026/09/22 01:29:31.128, 2, 228.11 W, 31, 2032 MHz, 3996 MHz, 2 %, 0 %
2026/09/22 01:29:31.128, 3, 231.18 W, 31, 2032 MHz, 3996 MHz, 6 %, 0 %
2026/09/22 01:29:31.128, 4, 180.58 W, 35, 120 MHz, 3996 MHz, 0 %, 0 %
2026/09/22 01:29:31.128, 5, 178.64 W, 34, 120 MHz, 3996 MHz, 0 %, 0 %
2026/09/22 01:29:31.128, 6, 179.12 W, 30, 120 MHz, 3996 MHz, 0 %, 0 %
2026/09/22 01:29:31.128, 7, 181.54 W, 30, 120 MHz, 3996 MHz, 0 %, 0 %
2026/09/22 01:29:32.128, 0, 233.48 W, 36, 2032 MHz, 3996 MHz, 5 %, 0 %
2026/09/22 01:29:32.128, 1, 237.02 W, 37, 2032 MHz, 3996 MHz, 1 %, 0 %
2026/09/22 01:29:32.128, 2, 228.41 W, 31, 2032 MHz, 3996 MHz, 11 %, 0 %
2026/09/22 01:29:32.128, 3, 230.61 W, 31, 2032 MHz, 3996 MHz, 1 %, 0 %
2026/09/22 01:29:32.128, 4, 180.58 W, 35, 120 MHz, 3996 MHz, 0 %, 0 %
2026/09/22 01:29:32.128, 5, 178.64 W, 34, 120 MHz, 3996 MHz, 0 %, 0 %
2026/09/22 01:29:32.128, 6, 178.59 W, 30, 120 MHz, 3996 MHz, 0 %, 0 %
2026/09/22 01:29:32.128, 7, 181.54 W, 30, 120 MHz, 3996 MHz, 0 %, 0 %
2026/09/22 01:29:33.128, 0, 233.57 W, 36, 2032 MHz, 3996 MHz, 10 %, 0 %
2026/09/22 01:29:33.128, 1, 237.17 W, 37, 2032 MHz, 3996 MHz, 8 %, 0 %
2026/09/22 01:29:33.128, 2, 228.53 W, 31, 2032 MHz, 3996 MHz, 1 %, 0 %
2026/09/22 01:29:33.128, 3, 230.92 W, 31, 2032 MHz, 3996 MHz, 11 %, 0 %
2026/09/22 01:29:33.128, 4, 180.62 W, 35, 120 MHz, 3996 MHz, 0 %, 0 %
2026/09/22 01:29:33.128, 5, 178.64 W, 34, 120 MHz, 3996 MHz, 0 %, 0 %
2026/09/22 01:29:33.128, 6, 178.93 W, 30, 120 MHz, 3996 MHz, 0 %, 0 %
2026/09/22 01:29:33.128, 7, 181.42 W, 30, 120 MHz, 3996 MHz, 0 %, 0 %
2026/09/22 01:29:34.128, 0, 233.49 W, 37, 2032 MHz, 3996 MHz, 11 %, 0 %
2026/09/22 01:29:34.128, 1, 237.01 W, 37, 2032 MHz, 3996 MHz, 3 %, 0 %
2026/09/22 01:29:34.128, 2, 228.41 W, 31, 2032 MHz, 3996 MHz, 7 %, 0 %
2026/09/22 01:29:34.128, 3, 230.42 W, 31, 2032 MHz, 3996 MHz, 1 %, 0 %
2026/09/22 01:29:34.128, 4, 180.62 W, 35, 120 MHz, 3996 MHz, 0 %, 0 %
2026/09/22 01:29:34.128, 5, 178.64 W, 34, 120 MHz, 3996 MHz, 0 %, 0 %
2026/09/22 01:29:34.128, 6, 179.08 W, 30, 120 MHz, 3996 MHz, 0 %, 0 %
2026/09/22 01:29:34.128, 7, 181.46 W, 30, 120 MHz, 3996 MHz, 0 %, 0 %
2026/09/22 01:29:35.129, 0, 233.50 W, 37, 2032 MHz, 3996 MHz, 9 %, 0 %
2026/09/22 01:29:35.129, 1, 237.05 W, 38, 2032 MHz, 3996 MHz, 5 %, 0 %
2026/09/22 01:29:35.129, 2, 228.15 W, 31, 2032 MHz, 3996 MHz, 2 %, 0 %
2026/09/22 01:29:35.129, 3, 230.50 W, 31, 2032 MHz, 3996 MHz, 0 %, 0 %
2026/09/22 01:29:35.129, 4, 180.58 W, 35, 120 MHz, 3996 MHz, 0 %, 0 %
2026/09/22 01:29:35.129, 5, 178.64 W, 34, 120 MHz, 3996 MHz, 0 %, 0 %
2026/09/22 01:29:35.129, 6, 179.28 W, 30, 120 MHz, 3996 MHz, 0 %, 0 %
2026/09/22 01:29:35.129, 7, 181.46 W, 30, 120 MHz, 3996 MHz, 0 %, 0 %
2026/09/22 01:29:36.129, 0, 233.52 W, 37, 2032 MHz, 3996 MHz, 11 %, 0 %
2026/09/22 01:29:36.129, 1, 235.80 W, 38, 2032 MHz, 3996 MHz, 0 %, 0 %
2026/09/22 01:29:36.129, 2, 228.11 W, 31, 2032 MHz, 3996 MHz, 0 %, 0 %
2026/09/22 01:29:36.129, 3, 230.16 W, 31, 2032 MHz, 3996 MHz, 0 %, 0 %
2026/09/22 01:29:36.129, 4, 180.58 W, 35, 120 MHz, 3996 MHz, 0 %, 0 %
2026/09/22 01:29:36.129, 5, 178.64 W, 34, 120 MHz, 3996 MHz, 0 %, 0 %
2026/09/22 01:29:36.129, 6, 179.15 W, 30, 120 MHz, 3996 MHz, 0 %, 0 %
2026/09/22 01:29:36.129, 7, 181.42 W, 30, 120 MHz, 3996 MHz, 0 %, 0 %
2026/09/22 01:29:37.129, 0, 233.52 W, 37, 2032 MHz, 3996 MHz, 0 %, 0 %
2026/09/22 01:29:37.129, 1, 236.68 W, 38, 2032 MHz, 3996 MHz, 1 %, 0 %
2026/09/22 01:29:37.129, 2, 228.07 W, 31, 2032 MHz, 3996 MHz, 0 %, 0 %
2026/09/22 01:29:37.129, 3, 230.39 W, 31, 2032 MHz, 3996 MHz, 6 %, 0 %
2026/09/22 01:29:37.129, 4, 180.58 W, 35, 120 MHz, 3996 MHz, 0 %, 0 %
2026/09/22 01:29:37.129, 5, 178.64 W, 34, 120 MHz, 3996 MHz, 0 %, 0 %
2026/09/22 01:29:37.129, 6, 179.01 W, 30, 120 MHz, 3996 MHz, 0 %, 0 %
2026/09/22 01:29:37.129, 7, 181.46 W, 30, 120 MHz, 3996 MHz, 0 %, 0 %
2026/09/22 01:29:38.129, 0, 233.52 W, 37, 2032 MHz, 3996 MHz, 0 %, 0 %
2026/09/22 01:29:38.129, 1, 237.01 W, 38, 2032 MHz, 3996 MHz, 2 %, 0 %
2026/09/22 01:29:38.129, 2, 228.07 W, 31, 2032 MHz, 3996 MHz, 5 %, 0 %
2026/09/22 01:29:38.129, 3, 230.80 W, 32, 2032 MHz, 3996 MHz, 1 %, 0 %
2026/09/22 01:29:38.129, 4, 180.62 W, 35, 120 MHz, 3996 MHz, 0 %, 0 %
2026/09/22 01:29:38.129, 5, 178.64 W, 34, 120 MHz, 3996 MHz, 0 %, 0 %
2026/09/22 01:29:38.129, 6, 178.78 W, 30, 120 MHz, 3996 MHz, 0 %, 0 %
2026/09/22 01:29:38.130, 7, 181.38 W, 30, 120 MHz, 3996 MHz, 0 %, 0 %
2026/09/22 01:29:39.130, 0, 233.50 W, 37, 2032 MHz, 3996 MHz, 2 %, 0 %
2026/09/22 01:29:39.130, 1, 236.78 W, 38, 2032 MHz, 3996 MHz, 7 %, 0 %
2026/09/22 01:29:39.130, 2, 228.34 W, 31, 2032 MHz, 3996 MHz, 3 %, 0 %
2026/09/22 01:29:39.130, 3, 230.23 W, 32, 2032 MHz, 3996 MHz, 2 %, 0 %
2026/09/22 01:29:39.130, 4, 180.58 W, 35, 120 MHz, 3996 MHz, 0 %, 0 %
2026/09/22 01:29:39.130, 5, 178.64 W, 34, 120 MHz, 3996 MHz, 0 %, 0 %
2026/09/22 01:29:39.130, 6, 179.01 W, 30, 120 MHz, 3996 MHz, 0 %, 0 %
2026/09/22 01:29:39.130, 7, 181.54 W, 30, 120 MHz, 3996 MHz, 0 %, 0 %
2026/09/22 01:29:40.130, 0, 233.56 W, 37, 2032 MHz, 3996 MHz, 9 %, 0 %
2026/09/22 01:29:40.130, 1, 237.33 W, 38, 2032 MHz, 3996 MHz, 9 %, 0 %
2026/09/22 01:29:40.130, 2, 228.07 W, 31, 2032 MHz, 3996 MHz, 0 %, 0 %
2026/09/22 01:29:40.130, 3, 230.61 W, 32, 2032 MHz, 3996 MHz, 7 %, 0 %
2026/09/22 01:29:40.130, 4, 180.58 W, 35, 120 MHz, 3996 MHz, 0 %, 0 %
2026/09/22 01:29:40.130, 5, 178.64 W, 34, 120 MHz, 3996 MHz, 0 %, 0 %
2026/09/22 01:29:40.130, 6, 179.00 W, 30, 120 MHz, 3996 MHz, 0 %, 0 %
2026/09/22 01:29:40.130, 7, 181.50 W, 30, 120 MHz, 3996 MHz, 0 %, 0 %
2026/09/22 01:29:41.130, 0, 233.49 W, 37, 2032 MHz, 3996 MHz, 10 %, 0 %
2026/09/22 01:29:41.130, 1, 237.36 W, 38, 2032 MHz, 3996 MHz, 3 %, 0 %
2026/09/22 01:29:41.130, 2, 228.64 W, 31, 2032 MHz, 3996 MHz, 9 %, 0 %
2026/09/22 01:29:41.130, 3, 231.29 W, 32, 2032 MHz, 3996 MHz, 9 %, 0 %
2026/09/22 01:29:41.130, 4, 180.66 W, 35, 120 MHz, 3996 MHz, 0 %, 0 %
2026/09/22 01:29:41.130, 5, 178.64 W, 34, 120 MHz, 3996 MHz, 0 %, 0 %
2026/09/22 01:29:41.130, 6, 179.09 W, 30, 120 MHz, 3996 MHz, 0 %, 0 %
2026/09/22 01:29:41.130, 7, 181.50 W, 30, 120 MHz, 3996 MHz, 0 %, 0 %
2026/09/22 01:29:42.130, 0, 233.49 W, 37, 2032 MHz, 3996 MHz, 2 %, 0 %
2026/09/22 01:29:42.130, 1, 237.21 W, 38, 2032 MHz, 3996 MHz, 3 %, 0 %
2026/09/22 01:29:42.130, 2, 228.77 W, 31, 2032 MHz, 3996 MHz, 9 %, 0 %
2026/09/22 01:29:42.131, 3, 231.20 W, 32, 2032 MHz, 3996 MHz, 12 %, 0 %
2026/09/22 01:29:42.131, 4, 180.58 W, 35, 120 MHz, 3996 MHz, 0 %, 0 %
2026/09/22 01:29:42.131, 5, 178.64 W, 34, 120 MHz, 3996 MHz, 0 %, 0 %
2026/09/22 01:29:42.131, 6, 178.96 W, 30, 120 MHz, 3996 MHz, 0 %, 0 %
2026/09/22 01:29:42.131, 7, 181.38 W, 30, 120 MHz, 3996 MHz, 0 %, 0 %
2026/09/22 01:29:43.131, 0, 233.48 W, 37, 2032 MHz, 3996 MHz, 11 %, 0 %
2026/09/22 01:29:43.131, 1, 237.44 W, 38, 2032 MHz, 3996 MHz, 8 %, 0 %
2026/09/22 01:29:43.131, 2, 228.75 W, 31, 2032 MHz, 3996 MHz, 6 %, 0 %
2026/09/22 01:29:43.131, 3, 231.14 W, 32, 2032 MHz, 3996 MHz, 5 %, 0 %
2026/09/22 01:29:43.131, 4, 180.58 W, 35, 120 MHz, 3996 MHz, 0 %, 0 %
2026/09/22 01:29:43.131, 5, 178.64 W, 34, 120 MHz, 3996 MHz, 0 %, 0 %
2026/09/22 01:29:43.131, 6, 179.19 W, 30, 120 MHz, 3996 MHz, 0 %, 0 %
2026/09/22 01:29:43.131, 7, 181.54 W, 30, 120 MHz, 3996 MHz, 0 %, 0 %
2026/09/22 01:29:44.131, 0, 233.55 W, 37, 2032 MHz, 3996 MHz, 11 %, 0 %
2026/09/22 01:29:44.131, 1, 237.33 W, 38, 2032 MHz, 3996 MHz, 3 %, 0 %
2026/09/22 01:29:44.131, 2, 228.88 W, 31, 2032 MHz, 3996 MHz, 10 %, 0 %
2026/09/22 01:29:44.131, 3, 231.24 W, 32, 2032 MHz, 3996 MHz, 1 %, 0 %
2026/09/22 01:29:44.131, 4, 180.62 W, 35, 120 MHz, 3996 MHz, 0 %, 0 %
2026/09/22 01:29:44.131, 5, 178.64 W, 34, 120 MHz, 3996 MHz, 0 %, 0 %
2026/09/22 01:29:44.131, 6, 178.93 W, 30, 120 MHz, 3996 MHz, 0 %, 0 %
2026/09/22 01:29:44.131, 7, 181.46 W, 30, 120 MHz, 3996 MHz, 0 %, 0 %
2026/09/22 01:29:45.131, 0, 233.54 W, 37, 2032 MHz, 3996 MHz, 5 %, 0 %
2026/09/22 01:29:45.131, 1, 237.36 W, 38, 2032 MHz, 3996 MHz, 2 %, 0 %
2026/09/22 01:29:45.131, 2, 228.53 W, 31, 2032 MHz, 3996 MHz, 8 %, 0 %
2026/09/22 01:29:45.131, 3, 231.33 W, 32, 2032 MHz, 3996 MHz, 1 %, 0 %
2026/09/22 01:29:45.131, 4, 180.62 W, 35, 120 MHz, 3996 MHz, 0 %, 0 %
2026/09/22 01:29:45.131, 5, 178.64 W, 34, 120 MHz, 3996 MHz, 0 %, 0 %
2026/09/22 01:29:45.131, 6, 179.19 W, 30, 120 MHz, 3996 MHz, 0 %, 0 %
2026/09/22 01:29:45.131, 7, 181.46 W, 30, 120 MHz, 3996 MHz, 0 %, 0 %
2026/09/22 01:29:46.131, 0, 233.58 W, 37, 2032 MHz, 3996 MHz, 6 %, 0 %
2026/09/22 01:29:46.132, 1, 237.48 W, 38, 2032 MHz, 3996 MHz, 4 %, 0 %
2026/09/22 01:29:46.132, 2, 228.75 W, 31, 2032 MHz, 3996 MHz, 5 %, 0 %
2026/09/22 01:29:46.132, 3, 231.16 W, 32, 2032 MHz, 3996 MHz, 3 %, 0 %
2026/09/22 01:29:46.132, 4, 180.58 W, 35, 120 MHz, 3996 MHz, 0 %, 0 %
2026/09/22 01:29:46.132, 5, 178.64 W, 34, 120 MHz, 3996 MHz, 0 %, 0 %
2026/09/22 01:29:46.132, 6, 179.09 W, 30, 120 MHz, 3996 MHz, 0 %, 0 %
2026/09/22 01:29:46.132, 7, 181.54 W, 30, 120 MHz, 3996 MHz, 0 %, 0 %
2026/09/22 01:29:47.132, 0, 233.75 W, 37, 2032 MHz, 3996 MHz, 6 %, 0 %
2026/09/22 01:29:47.132, 1, 237.48 W, 38, 2032 MHz, 3996 MHz, 7 %, 0 %
2026/09/22 01:29:47.132, 2, 228.53 W, 31, 2032 MHz, 3996 MHz, 4 %, 0 %
2026/09/22 01:29:47.132, 3, 231.22 W, 32, 2032 MHz, 3996 MHz, 9 %, 0 %
2026/09/22 01:29:47.132, 4, 180.62 W, 35, 120 MHz, 3996 MHz, 0 %, 0 %
2026/09/22 01:29:47.132, 5, 178.64 W, 34, 120 MHz, 3996 MHz, 0 %, 0 %
2026/09/22 01:29:47.132, 6, 179.12 W, 30, 120 MHz, 3996 MHz, 0 %, 0 %
2026/09/22 01:29:47.132, 7, 181.38 W, 30, 120 MHz, 3996 MHz, 0 %, 0 %
2026/09/22 01:29:48.132, 0, 233.50 W, 37, 2032 MHz, 3996 MHz, 7 %, 0 %
2026/09/22 01:29:48.132, 1, 237.40 W, 38, 2032 MHz, 3996 MHz, 11 %, 0 %
2026/09/22 01:29:48.132, 2, 228.69 W, 31, 2032 MHz, 3996 MHz, 11 %, 0 %
2026/09/22 01:29:48.132, 3, 231.20 W, 32, 2032 MHz, 3996 MHz, 11 %, 0 %
2026/09/22 01:29:48.132, 4, 180.62 W, 35, 120 MHz, 3996 MHz, 0 %, 0 %
2026/09/22 01:29:48.132, 5, 178.64 W, 34, 120 MHz, 3996 MHz, 0 %, 0 %
2026/09/22 01:29:48.132, 6, 179.19 W, 30, 120 MHz, 3996 MHz, 0 %, 0 %
2026/09/22 01:29:48.132, 7, 181.54 W, 30, 120 MHz, 3996 MHz, 0 %, 0 %
2026/09/22 01:29:49.132, 0, 233.88 W, 37, 2032 MHz, 3996 MHz, 8 %, 0 %
2026/09/22 01:29:49.132, 1, 237.44 W, 38, 2032 MHz, 3996 MHz, 8 %, 0 %
2026/09/22 01:29:49.132, 2, 228.87 W, 31, 2032 MHz, 3996 MHz, 10 %, 0 %
2026/09/22 01:29:49.132, 3, 231.29 W, 32, 2032 MHz, 3996 MHz, 7 %, 0 %
2026/09/22 01:29:49.132, 4, 180.58 W, 35, 120 MHz, 3996 MHz, 0 %, 0 %
2026/09/22 01:29:49.132, 5, 178.64 W, 34, 120 MHz, 3996 MHz, 0 %, 0 %
2026/09/22 01:29:49.132, 6, 179.27 W, 30, 120 MHz, 3996 MHz, 0 %, 0 %
2026/09/22 01:29:49.132, 7, 181.50 W, 30, 120 MHz, 3996 MHz, 0 %, 0 %
2026/09/22 01:29:50.133, 0, 233.57 W, 37, 2032 MHz, 3996 MHz, 11 %, 0 %
2026/09/22 01:29:50.133, 1, 237.40 W, 38, 2032 MHz, 3996 MHz, 11 %, 0 %
2026/09/22 01:29:50.133, 2, 228.73 W, 31, 2032 MHz, 3996 MHz, 12 %, 0 %
2026/09/22 01:29:50.133, 3, 231.26 W, 32, 2032 MHz, 3996 MHz, 11 %, 0 %
2026/09/22 01:29:50.133, 4, 180.74 W, 35, 120 MHz, 3996 MHz, 0 %, 0 %
2026/09/22 01:29:50.133, 5, 178.64 W, 34, 120 MHz, 3996 MHz, 0 %, 0 %
2026/09/22 01:29:50.133, 6, 179.11 W, 30, 120 MHz, 3996 MHz, 0 %, 0 %
2026/09/22 01:29:50.133, 7, 181.46 W, 30, 120 MHz, 3996 MHz, 0 %, 0 %
2026/09/22 01:29:51.133, 0, 233.72 W, 37, 2032 MHz, 3996 MHz, 11 %, 0 %
2026/09/22 01:29:51.133, 1, 237.44 W, 38, 2032 MHz, 3996 MHz, 11 %, 0 %
2026/09/22 01:29:51.133, 2, 228.61 W, 32, 2032 MHz, 3996 MHz, 12 %, 0 %
2026/09/22 01:29:51.133, 3, 231.37 W, 32, 2032 MHz, 3996 MHz, 11 %, 0 %
2026/09/22 01:29:51.133, 4, 180.58 W, 35, 120 MHz, 3996 MHz, 0 %, 0 %
2026/09/22 01:29:51.133, 5, 178.64 W, 34, 120 MHz, 3996 MHz, 0 %, 0 %
2026/09/22 01:29:51.133, 6, 179.32 W, 30, 120 MHz, 3996 MHz, 0 %, 0 %
2026/09/22 01:29:51.133, 7, 181.54 W, 30, 120 MHz, 3996 MHz, 0 %, 0 %
2026/09/22 01:29:52.133, 0, 233.60 W, 37, 2032 MHz, 3996 MHz, 5 %, 0 %
2026/09/22 01:29:52.133, 1, 237.48 W, 38, 2032 MHz, 3996 MHz, 8 %, 0 %
2026/09/22 01:29:52.133, 2, 228.79 W, 32, 2032 MHz, 3996 MHz, 11 %, 0 %
2026/09/22 01:29:52.133, 3, 231.18 W, 32, 2032 MHz, 3996 MHz, 8 %, 0 %
2026/09/22 01:29:52.133, 4, 180.62 W, 35, 120 MHz, 3996 MHz, 0 %, 0 %
2026/09/22 01:29:52.133, 5, 178.64 W, 34, 120 MHz, 3996 MHz, 0 %, 0 %
2026/09/22 01:29:52.133, 6, 179.19 W, 30, 120 MHz, 3996 MHz, 0 %, 0 %
2026/09/22 01:29:52.133, 7, 181.54 W, 30, 120 MHz, 3996 MHz, 0 %, 0 %
2026/09/22 01:29:53.133, 0, 233.82 W, 37, 2032 MHz, 3996 MHz, 7 %, 0 %
2026/09/22 01:29:53.133, 1, 237.40 W, 38, 2032 MHz, 3996 MHz, 2 %, 0 %
2026/09/22 01:29:53.133, 2, 228.68 W, 32, 2032 MHz, 3996 MHz, 8 %, 0 %
2026/09/22 01:29:53.133, 3, 231.37 W, 32, 2032 MHz, 3996 MHz, 1 %, 0 %
2026/09/22 01:29:53.133, 4, 180.70 W, 35, 120 MHz, 3996 MHz, 0 %, 0 %
2026/09/22 01:29:53.133, 5, 178.64 W, 34, 120 MHz, 3996 MHz, 0 %, 0 %
2026/09/22 01:29:53.133, 6, 179.16 W, 30, 120 MHz, 3996 MHz, 0 %, 0 %
2026/09/22 01:29:53.133, 7, 181.46 W, 30, 120 MHz, 3996 MHz, 0 %, 0 %
2026/09/22 01:29:54.134, 0, 233.74 W, 37, 2032 MHz, 3996 MHz, 8 %, 0 %
2026/09/22 01:29:54.134, 1, 237.48 W, 38, 2032 MHz, 3996 MHz, 2 %, 0 %
2026/09/22 01:29:54.134, 2, 228.75 W, 32, 2032 MHz, 3996 MHz, 9 %, 0 %
2026/09/22 01:29:54.134, 3, 231.47 W, 32, 2032 MHz, 3996 MHz, 1 %, 0 %
2026/09/22 01:29:54.134, 4, 180.62 W, 35, 120 MHz, 3996 MHz, 0 %, 0 %
2026/09/22 01:29:54.134, 5, 178.64 W, 34, 120 MHz, 3996 MHz, 0 %, 0 %
2026/09/22 01:29:54.134, 6, 179.27 W, 30, 120 MHz, 3996 MHz, 0 %, 0 %
2026/09/22 01:29:54.134, 7, 181.54 W, 30, 120 MHz, 3996 MHz, 0 %, 0 %
2026/09/22 01:29:55.134, 0, 233.80 W, 37, 2032 MHz, 3996 MHz, 10 %, 0 %
2026/09/22 01:29:55.134, 1, 237.52 W, 38, 2032 MHz, 3996 MHz, 7 %, 0 %
2026/09/22 01:29:55.134, 2, 228.92 W, 32, 2032 MHz, 3996 MHz, 9 %, 0 %
2026/09/22 01:29:55.134, 3, 231.26 W, 32, 2032 MHz, 3996 MHz, 6 %, 0 %
2026/09/22 01:29:55.134, 4, 180.62 W, 35, 120 MHz, 3996 MHz, 0 %, 0 %
2026/09/22 01:29:55.134, 5, 178.64 W, 34, 120 MHz, 3996 MHz, 0 %, 0 %
2026/09/22 01:29:55.134, 6, 179.12 W, 30, 120 MHz, 3996 MHz, 0 %, 0 %
2026/09/22 01:29:55.134, 7, 181.54 W, 30, 120 MHz, 3996 MHz, 0 %, 0 %
2026/09/22 01:29:56.134, 0, 234.06 W, 37, 2032 MHz, 3996 MHz, 11 %, 0 %
2026/09/22 01:29:56.134, 1, 237.51 W, 38, 2032 MHz, 3996 MHz, 11 %, 0 %
2026/09/22 01:29:56.134, 2, 228.75 W, 32, 2032 MHz, 3996 MHz, 5 %, 0 %
2026/09/22 01:29:56.134, 3, 231.32 W, 32, 2032 MHz, 3996 MHz, 5 %, 0 %
2026/09/22 01:29:56.134, 4, 180.74 W, 35, 120 MHz, 3996 MHz, 0 %, 0 %
2026/09/22 01:29:56.134, 5, 178.64 W, 34, 120 MHz, 3996 MHz, 0 %, 0 %
2026/09/22 01:29:56.134, 6, 179.00 W, 30, 120 MHz, 3996 MHz, 0 %, 0 %
2026/09/22 01:29:56.134, 7, 181.50 W, 30, 120 MHz, 3996 MHz, 0 %, 0 %
2026/09/22 01:29:57.134, 0, 233.68 W, 37, 2032 MHz, 3996 MHz, 9 %, 0 %
2026/09/22 01:29:57.134, 1, 237.44 W, 38, 2032 MHz, 3996 MHz, 11 %, 0 %
2026/09/22 01:29:57.134, 2, 228.75 W, 32, 2032 MHz, 3996 MHz, 8 %, 0 %
2026/09/22 01:29:57.134, 3, 231.24 W, 32, 2032 MHz, 3996 MHz, 10 %, 0 %
2026/09/22 01:29:57.134, 4, 180.58 W, 35, 120 MHz, 3996 MHz, 0 %, 0 %
2026/09/22 01:29:57.134, 5, 178.64 W, 34, 120 MHz, 3996 MHz, 0 %, 0 %
2026/09/22 01:29:57.134, 6, 179.05 W, 30, 120 MHz, 3996 MHz, 0 %, 0 %
2026/09/22 01:29:57.134, 7, 181.54 W, 30, 120 MHz, 3996 MHz, 0 %, 0 %
2026/09/22 01:29:58.135, 0, 233.71 W, 37, 2032 MHz, 3996 MHz, 6 %, 0 %
2026/09/22 01:29:58.135, 1, 237.40 W, 38, 2032 MHz, 3996 MHz, 11 %, 0 %
2026/09/22 01:29:58.135, 2, 229.00 W, 32, 2032 MHz, 3996 MHz, 12 %, 0 %
2026/09/22 01:29:58.135, 3, 231.25 W, 32, 2032 MHz, 3996 MHz, 6 %, 0 %
2026/09/22 01:29:58.135, 4, 180.85 W, 35, 120 MHz, 3996 MHz, 0 %, 0 %
2026/09/22 01:29:58.135, 5, 178.64 W, 34, 120 MHz, 3996 MHz, 0 %, 0 %
2026/09/22 01:29:58.135, 6, 179.15 W, 30, 120 MHz, 3996 MHz, 0 %, 0 %
2026/09/22 01:29:58.135, 7, 181.54 W, 30, 120 MHz, 3996 MHz, 0 %, 0 %
2026/09/22 01:29:59.135, 0, 235.60 W, 37, 2032 MHz, 3996 MHz, 4 %, 1 %
2026/09/22 01:29:59.135, 1, 238.91 W, 38, 2032 MHz, 3996 MHz, 0 %, 0 %
2026/09/22 01:29:59.135, 2, 229.04 W, 32, 2032 MHz, 3996 MHz, 12 %, 0 %
2026/09/22 01:29:59.135, 3, 231.47 W, 32, 2032 MHz, 3996 MHz, 8 %, 0 %
2026/09/22 01:29:59.135, 4, 180.85 W, 35, 120 MHz, 3996 MHz, 0 %, 0 %
2026/09/22 01:29:59.135, 5, 178.64 W, 34, 120 MHz, 3996 MHz, 0 %, 0 %
2026/09/22 01:29:59.135, 6, 179.32 W, 30, 120 MHz, 3996 MHz, 0 %, 0 %
2026/09/22 01:29:59.135, 7, 181.50 W, 30, 120 MHz, 3996 MHz, 0 %, 0 %
2026/09/22 01:30:00.135, 0, 326.60 W, 40, 2032 MHz, 3996 MHz, 82 %, 12 %
2026/09/22 01:30:00.135, 1, 331.00 W, 40, 2032 MHz, 3996 MHz, 7 %, 1 %
2026/09/22 01:30:00.135, 2, 228.97 W, 32, 2032 MHz, 3996 MHz, 11 %, 0 %
2026/09/22 01:30:00.135, 3, 232.38 W, 32, 2032 MHz, 3996 MHz, 0 %, 0 %
2026/09/22 01:30:00.135, 4, 180.70 W, 35, 120 MHz, 3996 MHz, 0 %, 0 %
2026/09/22 01:30:00.135, 5, 178.64 W, 34, 120 MHz, 3996 MHz, 0 %, 0 %
2026/09/22 01:30:00.135, 6, 179.23 W, 30, 120 MHz, 3996 MHz, 0 %, 0 %
2026/09/22 01:30:00.135, 7, 181.54 W, 30, 120 MHz, 3996 MHz, 0 %, 0 %
2026/09/22 01:30:01.135, 0, 234.89 W, 37, 2032 MHz, 3996 MHz, 0 %, 0 %
2026/09/22 01:30:01.135, 1, 237.52 W, 38, 2032 MHz, 3996 MHz, 0 %, 0 %
2026/09/22 01:30:01.135, 2, 230.03 W, 32, 2032 MHz, 3996 MHz, 0 %, 0 %
2026/09/22 01:30:01.135, 3, 322.65 W, 33, 2032 MHz, 3996 MHz, 13 %, 2 %
2026/09/22 01:30:01.135, 4, 180.62 W, 35, 120 MHz, 3996 MHz, 0 %, 0 %
2026/09/22 01:30:01.136, 5, 178.64 W, 34, 120 MHz, 3996 MHz, 0 %, 0 %
2026/09/22 01:30:01.136, 6, 179.20 W, 30, 120 MHz, 3996 MHz, 0 %, 0 %
2026/09/22 01:30:01.136, 7, 181.54 W, 30, 120 MHz, 3996 MHz, 0 %, 0 %
2026/09/22 01:30:02.136, 0, 233.50 W, 37, 2032 MHz, 3996 MHz, 0 %, 0 %
2026/09/22 01:30:02.136, 1, 237.52 W, 38, 2032 MHz, 3996 MHz, 0 %, 0 %
2026/09/22 01:30:02.136, 2, 321.32 W, 34, 2032 MHz, 3996 MHz, 82 %, 12 %
2026/09/22 01:30:02.136, 3, 230.38 W, 32, 2032 MHz, 3996 MHz, 0 %, 0 %
2026/09/22 01:30:02.136, 4, 180.70 W, 35, 120 MHz, 3996 MHz, 0 %, 0 %
2026/09/22 01:30:02.136, 5, 178.64 W, 34, 120 MHz, 3996 MHz, 0 %, 0 %
2026/09/22 01:30:02.136, 6, 179.08 W, 30, 120 MHz, 3996 MHz, 0 %, 0 %
2026/09/22 01:30:02.136, 7, 181.50 W, 30, 120 MHz, 3996 MHz, 0 %, 0 %
2026/09/22 01:30:03.136, 0, 233.51 W, 37, 2032 MHz, 3996 MHz, 0 %, 0 %
2026/09/22 01:30:03.136, 1, 237.52 W, 38, 2032 MHz, 3996 MHz, 0 %, 0 %
2026/09/22 01:30:03.136, 2, 228.29 W, 32, 2032 MHz, 3996 MHz, 0 %, 0 %
2026/09/22 01:30:03.136, 3, 230.15 W, 32, 2032 MHz, 3996 MHz, 0 %, 0 %
2026/09/22 01:30:03.136, 4, 180.82 W, 35, 120 MHz, 3996 MHz, 0 %, 0 %
2026/09/22 01:30:03.136, 5, 178.64 W, 34, 120 MHz, 3996 MHz, 0 %, 0 %
2026/09/22 01:30:03.136, 6, 179.19 W, 30, 120 MHz, 3996 MHz, 0 %, 0 %
2026/09/22 01:30:03.136, 7, 181.54 W, 30, 120 MHz, 3996 MHz, 0 %, 0 %
2026/09/22 01:30:04.136, 0, 233.53 W, 37, 2032 MHz, 3996 MHz, 0 %, 0 %
2026/09/22 01:30:04.136, 1, 237.40 W, 38, 2032 MHz, 3996 MHz, 0 %, 0 %
2026/09/22 01:30:04.136, 2, 228.07 W, 32, 2032 MHz, 3996 MHz, 0 %, 0 %
2026/09/22 01:30:04.136, 3, 230.16 W, 32, 2032 MHz, 3996 MHz, 0 %, 0 %
2026/09/22 01:30:04.136, 4, 180.66 W, 35, 120 MHz, 3996 MHz, 0 %, 0 %
2026/09/22 01:30:04.136, 5, 178.64 W, 34, 120 MHz, 3996 MHz, 0 %, 0 %
2026/09/22 01:30:04.136, 6, 179.28 W, 30, 120 MHz, 3996 MHz, 0 %, 0 %
2026/09/22 01:30:04.136, 7, 181.54 W, 30, 120 MHz, 3996 MHz, 0 %, 0 %
2026/09/22 01:30:05.136, 0, 233.51 W, 37, 2032 MHz, 3996 MHz, 0 %, 0 %
2026/09/22 01:30:05.136, 1, 237.44 W, 38, 2032 MHz, 3996 MHz, 0 %, 0 %
2026/09/22 01:30:05.137, 2, 228.07 W, 32, 2032 MHz, 3996 MHz, 0 %, 0 %
2026/09/22 01:30:05.137, 3, 230.15 W, 32, 2032 MHz, 3996 MHz, 0 %, 0 %
2026/09/22 01:30:05.137, 4, 180.66 W, 35, 120 MHz, 3996 MHz, 0 %, 0 %
2026/09/22 01:30:05.137, 5, 178.64 W, 34, 120 MHz, 3996 MHz, 0 %, 0 %
2026/09/22 01:30:05.137, 6, 179.20 W, 30, 120 MHz, 3996 MHz, 0 %, 0 %
2026/09/22 01:30:05.137, 7, 181.46 W, 30, 120 MHz, 3996 MHz, 0 %, 0 %
2026/09/22 01:30:06.137, 0, 233.51 W, 37, 2032 MHz, 3996 MHz, 0 %, 0 %
2026/09/22 01:30:06.137, 1, 237.44 W, 38, 2032 MHz, 3996 MHz, 0 %, 0 %
2026/09/22 01:30:06.137, 2, 228.07 W, 32, 2032 MHz, 3996 MHz, 0 %, 0 %
2026/09/22 01:30:06.137, 3, 230.16 W, 32, 2032 MHz, 3996 MHz, 0 %, 0 %
2026/09/22 01:30:06.137, 4, 180.74 W, 35, 120 MHz, 3996 MHz, 0 %, 0 %
2026/09/22 01:30:06.137, 5, 178.64 W, 34, 120 MHz, 3996 MHz, 0 %, 0 %
2026/09/22 01:30:06.137, 6, 179.47 W, 30, 120 MHz, 3996 MHz, 0 %, 0 %
2026/09/22 01:30:06.137, 7, 181.50 W, 30, 120 MHz, 3996 MHz, 0 %, 0 %
2026/09/22 01:30:07.137, 0, 233.51 W, 37, 2032 MHz, 3996 MHz, 0 %, 0 %
2026/09/22 01:30:07.137, 1, 237.48 W, 38, 2032 MHz, 3996 MHz, 0 %, 0 %
2026/09/22 01:30:07.137, 2, 228.07 W, 32, 2032 MHz, 3996 MHz, 0 %, 0 %
2026/09/22 01:30:07.137, 3, 230.16 W, 32, 2032 MHz, 3996 MHz, 0 %, 0 %
2026/09/22 01:30:07.137, 4, 180.70 W, 35, 120 MHz, 3996 MHz, 0 %, 0 %
2026/09/22 01:30:07.137, 5, 178.64 W, 34, 120 MHz, 3996 MHz, 0 %, 0 %
2026/09/22 01:30:07.137, 6, 179.08 W, 30, 120 MHz, 3996 MHz, 0 %, 0 %
2026/09/22 01:30:07.137, 7, 181.46 W, 30, 120 MHz, 3996 MHz, 0 %, 0 %
2026/09/22 01:30:08.137, 0, 233.53 W, 37, 2032 MHz, 3996 MHz, 0 %, 0 %
2026/09/22 01:30:08.137, 1, 237.48 W, 38, 2032 MHz, 3996 MHz, 0 %, 0 %
2026/09/22 01:30:08.137, 2, 228.07 W, 32, 2032 MHz, 3996 MHz, 0 %, 0 %
2026/09/22 01:30:08.137, 3, 230.16 W, 32, 2032 MHz, 3996 MHz, 0 %, 0 %
2026/09/22 01:30:08.137, 4, 180.74 W, 35, 120 MHz, 3996 MHz, 0 %, 0 %
2026/09/22 01:30:08.137, 5, 178.64 W, 34, 120 MHz, 3996 MHz, 0 %, 0 %
2026/09/22 01:30:08.137, 6, 179.01 W, 30, 120 MHz, 3996 MHz, 0 %, 0 %
2026/09/22 01:30:08.137, 7, 181.54 W, 30, 120 MHz, 3996 MHz, 0 %, 0 %
2026/09/22 01:30:09.138, 0, 233.50 W, 37, 2032 MHz, 3996 MHz, 0 %, 0 %
2026/09/22 01:30:09.138, 1, 237.40 W, 38, 2032 MHz, 3996 MHz, 0 %, 0 %
2026/09/22 01:30:09.138, 2, 228.07 W, 32, 2032 MHz, 3996 MHz, 0 %, 0 %
2026/09/22 01:30:09.138, 3, 230.23 W, 32, 2032 MHz, 3996 MHz, 0 %, 0 %
2026/09/22 01:30:09.138, 4, 180.77 W, 35, 120 MHz, 3996 MHz, 0 %, 0 %
2026/09/22 01:30:09.138, 5, 178.64 W, 34, 120 MHz, 3996 MHz, 0 %, 0 %
2026/09/22 01:30:09.138, 6, 179.27 W, 30, 120 MHz, 3996 MHz, 0 %, 0 %
2026/09/22 01:30:09.138, 7, 181.54 W, 30, 120 MHz, 3996 MHz, 0 %, 0 %
2026/09/22 01:30:10.138, 0, 233.57 W, 37, 2032 MHz, 3996 MHz, 0 %, 0 %
2026/09/22 01:30:10.138, 1, 237.52 W, 38, 2032 MHz, 3996 MHz, 0 %, 0 %
2026/09/22 01:30:10.138, 2, 228.07 W, 32, 2032 MHz, 3996 MHz, 0 %, 0 %
2026/09/22 01:30:10.138, 3, 230.27 W, 32, 2032 MHz, 3996 MHz, 0 %, 0 %
2026/09/22 01:30:10.138, 4, 180.62 W, 35, 120 MHz, 3996 MHz, 0 %, 0 %
2026/09/22 01:30:10.138, 5, 178.64 W, 34, 120 MHz, 3996 MHz, 0 %, 0 %
2026/09/22 01:30:10.138, 6, 179.31 W, 30, 120 MHz, 3996 MHz, 0 %, 0 %
2026/09/22 01:30:10.138, 7, 181.54 W, 30, 120 MHz, 3996 MHz, 0 %, 0 %
2026/09/22 01:30:11.138, 0, 233.49 W, 37, 2032 MHz, 3996 MHz, 0 %, 0 %
2026/09/22 01:30:11.138, 1, 237.36 W, 38, 2032 MHz, 3996 MHz, 0 %, 0 %
2026/09/22 01:30:11.138, 2, 228.07 W, 32, 2032 MHz, 3996 MHz, 0 %, 0 %
2026/09/22 01:30:11.138, 3, 230.16 W, 32, 2032 MHz, 3996 MHz, 0 %, 0 %
2026/09/22 01:30:11.138, 4, 180.89 W, 35, 120 MHz, 3996 MHz, 0 %, 0 %
2026/09/22 01:30:11.138, 5, 178.64 W, 34, 120 MHz, 3996 MHz, 0 %, 0 %
2026/09/22 01:30:11.138, 6, 179.09 W, 30, 120 MHz, 3996 MHz, 0 %, 0 %
2026/09/22 01:30:11.138, 7, 181.54 W, 30, 120 MHz, 3996 MHz, 0 %, 0 %
2026/09/22 01:30:12.138, 0, 233.49 W, 37, 2032 MHz, 3996 MHz, 0 %, 0 %
2026/09/22 01:30:12.138, 1, 237.21 W, 38, 2032 MHz, 3996 MHz, 0 %, 0 %
2026/09/22 01:30:12.138, 2, 228.07 W, 32, 2032 MHz, 3996 MHz, 0 %, 0 %
2026/09/22 01:30:12.138, 3, 230.15 W, 32, 2032 MHz, 3996 MHz, 0 %, 0 %
2026/09/22 01:30:12.138, 4, 180.74 W, 35, 120 MHz, 3996 MHz, 0 %, 0 %
2026/09/22 01:30:12.138, 5, 178.64 W, 34, 120 MHz, 3996 MHz, 0 %, 0 %
2026/09/22 01:30:12.138, 6, 179.24 W, 30, 120 MHz, 3996 MHz, 0 %, 0 %
2026/09/22 01:30:12.138, 7, 181.50 W, 30, 120 MHz, 3996 MHz, 0 %, 0 %
2026/09/22 01:30:13.139, 0, 233.49 W, 37, 2032 MHz, 3996 MHz, 0 %, 0 %
2026/09/22 01:30:13.139, 1, 237.37 W, 38, 2032 MHz, 3996 MHz, 0 %, 0 %
2026/09/22 01:30:13.139, 2, 228.07 W, 32, 2032 MHz, 3996 MHz, 0 %, 0 %
2026/09/22 01:30:13.139, 3, 230.15 W, 32, 2032 MHz, 3996 MHz, 0 %, 0 %
2026/09/22 01:30:13.139, 4, 180.77 W, 35, 120 MHz, 3996 MHz, 0 %, 0 %
2026/09/22 01:30:13.139, 5, 178.64 W, 34, 120 MHz, 3996 MHz, 0 %, 0 %
2026/09/22 01:30:13.139, 6, 179.12 W, 30, 120 MHz, 3996 MHz, 0 %, 0 %
2026/09/22 01:30:13.139, 7, 181.50 W, 30, 120 MHz, 3996 MHz, 0 %, 0 %
2026/09/22 01:30:14.139, 0, 233.51 W, 37, 2032 MHz, 3996 MHz, 0 %, 0 %
2026/09/22 01:30:14.139, 1, 237.44 W, 38, 2032 MHz, 3996 MHz, 0 %, 0 %
2026/09/22 01:30:14.139, 2, 228.07 W, 32, 2032 MHz, 3996 MHz, 0 %, 0 %
2026/09/22 01:30:14.139, 3, 230.15 W, 32, 2032 MHz, 3996 MHz, 0 %, 0 %
2026/09/22 01:30:14.139, 4, 180.70 W, 35, 120 MHz, 3996 MHz, 0 %, 0 %
2026/09/22 01:30:14.139, 5, 178.64 W, 34, 120 MHz, 3996 MHz, 0 %, 0 %
2026/09/22 01:30:14.139, 6, 179.19 W, 30, 120 MHz, 3996 MHz, 0 %, 0 %
2026/09/22 01:30:14.139, 7, 181.54 W, 30, 120 MHz, 3996 MHz, 0 %, 0 %
2026/09/22 01:30:15.139, 0, 233.48 W, 37, 2032 MHz, 3996 MHz, 0 %, 0 %
2026/09/22 01:30:15.139, 1, 237.44 W, 38, 2032 MHz, 3996 MHz, 0 %, 0 %
2026/09/22 01:30:15.139, 2, 228.07 W, 32, 2032 MHz, 3996 MHz, 0 %, 0 %
2026/09/22 01:30:15.139, 3, 230.15 W, 32, 2032 MHz, 3996 MHz, 0 %, 0 %
2026/09/22 01:30:15.139, 4, 180.66 W, 35, 120 MHz, 3996 MHz, 0 %, 0 %
2026/09/22 01:30:15.139, 5, 178.64 W, 34, 120 MHz, 3996 MHz, 0 %, 0 %
2026/09/22 01:30:15.139, 6, 179.32 W, 30, 120 MHz, 3996 MHz, 0 %, 0 %
2026/09/22 01:30:15.139, 7, 181.54 W, 30, 120 MHz, 3996 MHz, 0 %, 0 %
2026/09/22 01:30:16.139, 0, 233.50 W, 37, 2032 MHz, 3996 MHz, 0 %, 0 %
2026/09/22 01:30:16.139, 1, 237.44 W, 38, 2032 MHz, 3996 MHz, 0 %, 0 %
2026/09/22 01:30:16.139, 2, 228.07 W, 32, 2032 MHz, 3996 MHz, 0 %, 0 %
2026/09/22 01:30:16.139, 3, 230.16 W, 32, 2032 MHz, 3996 MHz, 0 %, 0 %
2026/09/22 01:30:16.139, 4, 180.85 W, 35, 120 MHz, 3996 MHz, 0 %, 0 %
2026/09/22 01:30:16.139, 5, 178.64 W, 34, 120 MHz, 3996 MHz, 0 %, 0 %
2026/09/22 01:30:16.139, 6, 179.19 W, 30, 120 MHz, 3996 MHz, 0 %, 0 %
2026/09/22 01:30:16.139, 7, 181.46 W, 30, 120 MHz, 3996 MHz, 0 %, 0 %
2026/09/22 01:30:17.140, 0, 233.48 W, 37, 2032 MHz, 3996 MHz, 0 %, 0 %
2026/09/22 01:30:17.140, 1, 237.48 W, 38, 2032 MHz, 3996 MHz, 0 %, 0 %
2026/09/22 01:30:17.140, 2, 228.07 W, 32, 2032 MHz, 3996 MHz, 0 %, 0 %
2026/09/22 01:30:17.140, 3, 230.19 W, 32, 2032 MHz, 3996 MHz, 0 %, 0 %
2026/09/22 01:30:17.140, 4, 180.70 W, 35, 120 MHz, 3996 MHz, 0 %, 0 %
2026/09/22 01:30:17.140, 5, 178.64 W, 34, 120 MHz, 3996 MHz, 0 %, 0 %
2026/09/22 01:30:17.140, 6, 179.20 W, 30, 120 MHz, 3996 MHz, 0 %, 0 %
2026/09/22 01:30:17.140, 7, 181.50 W, 30, 120 MHz, 3996 MHz, 0 %, 0 %
2026/09/22 01:30:18.140, 0, 233.49 W, 37, 2032 MHz, 3996 MHz, 0 %, 0 %
2026/09/22 01:30:18.140, 1, 237.40 W, 38, 2032 MHz, 3996 MHz, 0 %, 0 %
2026/09/22 01:30:18.140, 2, 228.07 W, 32, 2032 MHz, 3996 MHz, 0 %, 0 %
2026/09/22 01:30:18.140, 3, 230.16 W, 32, 2032 MHz, 3996 MHz, 0 %, 0 %
2026/09/22 01:30:18.140, 4, 180.81 W, 35, 120 MHz, 3996 MHz, 0 %, 0 %
2026/09/22 01:30:18.140, 5, 178.68 W, 34, 120 MHz, 3996 MHz, 0 %, 0 %
2026/09/22 01:30:18.140, 6, 179.27 W, 30, 120 MHz, 3996 MHz, 0 %, 0 %
2026/09/22 01:30:18.140, 7, 181.54 W, 30, 120 MHz, 3996 MHz, 0 %, 0 %
2026/09/22 01:30:19.140, 0, 233.52 W, 37, 2032 MHz, 3996 MHz, 0 %, 0 %
2026/09/22 01:30:19.140, 1, 237.36 W, 38, 2032 MHz, 3996 MHz, 0 %, 0 %
2026/09/22 01:30:19.140, 2, 228.14 W, 32, 2032 MHz, 3996 MHz, 0 %, 0 %
2026/09/22 01:30:19.140, 3, 230.89 W, 32, 2032 MHz, 3996 MHz, 11 %, 0 %
2026/09/22 01:30:19.140, 4, 180.74 W, 35, 120 MHz, 3996 MHz, 0 %, 0 %
2026/09/22 01:30:19.140, 5, 178.68 W, 34, 120 MHz, 3996 MHz, 0 %, 0 %
2026/09/22 01:30:19.140, 6, 179.20 W, 30, 120 MHz, 3996 MHz, 0 %, 0 %
2026/09/22 01:30:19.140, 7, 181.54 W, 30, 120 MHz, 3996 MHz, 0 %, 0 %
2026/09/22 01:30:20.140, 0, 235.09 W, 37, 2032 MHz, 3996 MHz, 12 %, 0 %
2026/09/22 01:30:20.140, 1, 237.52 W, 38, 2032 MHz, 3996 MHz, 11 %, 0 %
2026/09/22 01:30:20.140, 2, 233.94 W, 32, 2032 MHz, 3996 MHz, 11 %, 0 %
2026/09/22 01:30:20.140, 3, 236.36 W, 32, 2032 MHz, 3996 MHz, 0 %, 0 %
2026/09/22 01:30:20.140, 4, 180.66 W, 35, 120 MHz, 3996 MHz, 0 %, 0 %
2026/09/22 01:30:20.140, 5, 178.64 W, 34, 120 MHz, 3996 MHz, 0 %, 0 %
2026/09/22 01:30:20.140, 6, 179.35 W, 30, 120 MHz, 3996 MHz, 0 %, 0 %
2026/09/22 01:30:20.141, 7, 181.50 W, 30, 120 MHz, 3996 MHz, 0 %, 0 %
2026/09/22 01:30:21.141, 0, 239.18 W, 37, 2032 MHz, 3996 MHz, 0 %, 0 %
2026/09/22 01:30:21.141, 1, 243.55 W, 38, 2032 MHz, 3996 MHz, 0 %, 0 %
2026/09/22 01:30:21.141, 2, 232.30 W, 32, 2032 MHz, 3996 MHz, 0 %, 0 %
2026/09/22 01:30:21.141, 3, 230.13 W, 32, 2032 MHz, 3996 MHz, 0 %, 0 %
2026/09/22 01:30:21.141, 4, 180.78 W, 35, 120 MHz, 3996 MHz, 0 %, 0 %
2026/09/22 01:30:21.141, 5, 178.64 W, 34, 120 MHz, 3996 MHz, 0 %, 0 %
2026/09/22 01:30:21.141, 6, 179.12 W, 30, 120 MHz, 3996 MHz, 0 %, 0 %
2026/09/22 01:30:21.141, 7, 181.54 W, 30, 120 MHz, 3996 MHz, 0 %, 0 %
2026/09/22 01:30:22.141, 0, 238.35 W, 37, 2032 MHz, 3996 MHz, 0 %, 0 %
2026/09/22 01:30:22.141, 1, 242.60 W, 38, 2032 MHz, 3996 MHz, 0 %, 0 %
2026/09/22 01:30:22.141, 2, 233.21 W, 32, 2032 MHz, 3996 MHz, 0 %, 0 %
2026/09/22 01:30:22.141, 3, 235.07 W, 32, 2032 MHz, 3996 MHz, 0 %, 0 %
2026/09/22 01:30:22.141, 4, 180.70 W, 35, 120 MHz, 3996 MHz, 0 %, 0 %
2026/09/22 01:30:22.141, 5, 178.64 W, 34, 120 MHz, 3996 MHz, 0 %, 0 %
2026/09/22 01:30:22.141, 6, 179.09 W, 30, 120 MHz, 3996 MHz, 0 %, 0 %
2026/09/22 01:30:22.141, 7, 181.54 W, 30, 120 MHz, 3996 MHz, 0 %, 0 %
2026/09/22 01:30:23.141, 0, 233.54 W, 37, 2032 MHz, 3996 MHz, 0 %, 0 %
2026/09/22 01:30:23.141, 1, 237.52 W, 38, 2032 MHz, 3996 MHz, 0 %, 0 %
2026/09/22 01:30:23.141, 2, 228.07 W, 32, 2032 MHz, 3996 MHz, 0 %, 0 %
2026/09/22 01:30:23.141, 3, 230.15 W, 32, 2032 MHz, 3996 MHz, 0 %, 0 %
2026/09/22 01:30:23.141, 4, 180.70 W, 35, 120 MHz, 3996 MHz, 0 %, 0 %
2026/09/22 01:30:23.141, 5, 178.68 W, 34, 120 MHz, 3996 MHz, 0 %, 0 %
2026/09/22 01:30:23.141, 6, 179.23 W, 30, 120 MHz, 3996 MHz, 0 %, 0 %
2026/09/22 01:30:23.141, 7, 181.54 W, 30, 120 MHz, 3996 MHz, 0 %, 0 %
2026/09/22 01:30:24.141, 0, 233.68 W, 37, 2032 MHz, 3996 MHz, 0 %, 0 %
2026/09/22 01:30:24.141, 1, 237.60 W, 38, 2032 MHz, 3996 MHz, 1 %, 0 %
2026/09/22 01:30:24.141, 2, 228.15 W, 32, 2032 MHz, 3996 MHz, 0 %, 0 %
2026/09/22 01:30:24.141, 3, 230.34 W, 32, 2032 MHz, 3996 MHz, 0 %, 0 %
2026/09/22 01:30:24.141, 4, 180.81 W, 35, 120 MHz, 3996 MHz, 0 %, 0 %
2026/09/22 01:30:24.141, 5, 178.64 W, 34, 120 MHz, 3996 MHz, 0 %, 0 %
2026/09/22 01:30:24.142, 6, 179.16 W, 30, 120 MHz, 3996 MHz, 0 %, 0 %
2026/09/22 01:30:24.142, 7, 181.54 W, 30, 120 MHz, 3996 MHz, 0 %, 0 %
2026/09/22 01:30:25.142, 0, 233.51 W, 37, 2032 MHz, 3996 MHz, 0 %, 0 %
2026/09/22 01:30:25.142, 1, 237.52 W, 38, 2032 MHz, 3996 MHz, 0 %, 0 %
2026/09/22 01:30:25.142, 2, 228.07 W, 32, 2032 MHz, 3996 MHz, 0 %, 0 %
2026/09/22 01:30:25.142, 3, 230.16 W, 32, 2032 MHz, 3996 MHz, 0 %, 0 %
2026/09/22 01:30:25.142, 4, 180.82 W, 35, 120 MHz, 3996 MHz, 0 %, 0 %
2026/09/22 01:30:25.142, 5, 178.64 W, 34, 120 MHz, 3996 MHz, 0 %, 0 %
2026/09/22 01:30:25.142, 6, 179.09 W, 30, 120 MHz, 3996 MHz, 0 %, 0 %
2026/09/22 01:30:25.142, 7, 181.54 W, 30, 120 MHz, 3996 MHz, 0 %, 0 %
2026/09/22 01:30:26.142, 0, 233.50 W, 37, 2032 MHz, 3996 MHz, 0 %, 0 %
2026/09/22 01:30:26.142, 1, 237.52 W, 38, 2032 MHz, 3996 MHz, 0 %, 0 %
2026/09/22 01:30:26.142, 2, 228.07 W, 32, 2032 MHz, 3996 MHz, 0 %, 0 %
2026/09/22 01:30:26.142, 3, 230.15 W, 32, 2032 MHz, 3996 MHz, 0 %, 0 %
2026/09/22 01:30:26.142, 4, 180.77 W, 35, 120 MHz, 3996 MHz, 0 %, 0 %
2026/09/22 01:30:26.142, 5, 178.68 W, 34, 120 MHz, 3996 MHz, 0 %, 0 %
2026/09/22 01:30:26.142, 6, 179.27 W, 30, 120 MHz, 3996 MHz, 0 %, 0 %
2026/09/22 01:30:26.142, 7, 181.54 W, 30, 120 MHz, 3996 MHz, 0 %, 0 %
2026/09/22 01:30:27.142, 0, 233.51 W, 37, 2032 MHz, 3996 MHz, 0 %, 0 %
2026/09/22 01:30:27.142, 1, 237.52 W, 38, 2032 MHz, 3996 MHz, 0 %, 0 %
2026/09/22 01:30:27.142, 2, 228.07 W, 32, 2032 MHz, 3996 MHz, 0 %, 0 %
2026/09/22 01:30:27.142, 3, 230.15 W, 32, 2032 MHz, 3996 MHz, 0 %, 0 %
2026/09/22 01:30:27.142, 4, 180.85 W, 35, 120 MHz, 3996 MHz, 0 %, 0 %
2026/09/22 01:30:27.142, 5, 178.68 W, 34, 120 MHz, 3996 MHz, 0 %, 0 %
2026/09/22 01:30:27.142, 6, 179.12 W, 30, 120 MHz, 3996 MHz, 0 %, 0 %
2026/09/22 01:30:27.142, 7, 181.54 W, 30, 120 MHz, 3996 MHz, 0 %, 0 %
2026/09/22 01:30:28.142, 0, 251.16 W, 37, 2032 MHz, 3996 MHz, 0 %, 0 %
2026/09/22 01:30:28.143, 1, 257.11 W, 38, 2032 MHz, 3996 MHz, 0 %, 0 %
2026/09/22 01:30:28.143, 2, 247.59 W, 32, 2032 MHz, 3996 MHz, 0 %, 0 %
2026/09/22 01:30:28.143, 3, 249.49 W, 32, 2032 MHz, 3996 MHz, 0 %, 0 %
2026/09/22 01:30:28.143, 4, 180.93 W, 35, 120 MHz, 3996 MHz, 0 %, 0 %
2026/09/22 01:30:28.143, 5, 178.68 W, 34, 120 MHz, 3996 MHz, 0 %, 0 %
2026/09/22 01:30:28.143, 6, 179.31 W, 30, 120 MHz, 3996 MHz, 0 %, 0 %
2026/09/22 01:30:28.143, 7, 181.54 W, 30, 120 MHz, 3996 MHz, 0 %, 0 %
2026/09/22 01:30:29.143, 0, 233.65 W, 37, 2032 MHz, 3996 MHz, 0 %, 0 %
2026/09/22 01:30:29.143, 1, 237.64 W, 38, 2032 MHz, 3996 MHz, 0 %, 0 %
2026/09/22 01:30:29.143, 2, 228.48 W, 32, 2032 MHz, 3996 MHz, 0 %, 0 %
2026/09/22 01:30:29.143, 3, 230.68 W, 32, 2032 MHz, 3996 MHz, 0 %, 0 %
2026/09/22 01:30:29.143, 4, 180.77 W, 35, 120 MHz, 3996 MHz, 0 %, 0 %
2026/09/22 01:30:29.143, 5, 178.64 W, 34, 120 MHz, 3996 MHz, 0 %, 0 %
2026/09/22 01:30:29.143, 6, 179.12 W, 30, 120 MHz, 3996 MHz, 0 %, 0 %
2026/09/22 01:30:29.143, 7, 181.54 W, 30, 120 MHz, 3996 MHz, 0 %, 0 %
2026/09/22 01:30:30.143, 0, 233.50 W, 37, 2032 MHz, 3996 MHz, 0 %, 0 %
2026/09/22 01:30:30.143, 1, 237.52 W, 38, 2032 MHz, 3996 MHz, 100 %, 0 %
2026/09/22 01:30:30.143, 2, 228.07 W, 32, 2032 MHz, 3996 MHz, 0 %, 0 %
2026/09/22 01:30:30.143, 3, 230.15 W, 32, 2032 MHz, 3996 MHz, 0 %, 0 %
2026/09/22 01:30:30.143, 4, 180.62 W, 35, 120 MHz, 3996 MHz, 0 %, 0 %
2026/09/22 01:30:30.143, 5, 178.64 W, 34, 120 MHz, 3996 MHz, 0 %, 0 %
2026/09/22 01:30:30.143, 6, 179.12 W, 30, 120 MHz, 3996 MHz, 0 %, 0 %
2026/09/22 01:30:30.143, 7, 181.54 W, 30, 120 MHz, 3996 MHz, 0 %, 0 %
2026/09/22 01:30:31.143, 0, 233.71 W, 37, 2032 MHz, 3996 MHz, 16 %, 0 %
2026/09/22 01:30:31.143, 1, 237.52 W, 38, 2032 MHz, 3996 MHz, 1 %, 0 %
2026/09/22 01:30:31.143, 2, 228.22 W, 32, 2032 MHz, 3996 MHz, 31 %, 0 %
2026/09/22 01:30:31.143, 3, 230.54 W, 32, 2032 MHz, 3996 MHz, 13 %, 0 %
2026/09/22 01:30:31.143, 4, 180.81 W, 35, 120 MHz, 3996 MHz, 0 %, 0 %
2026/09/22 01:30:31.143, 5, 178.64 W, 34, 120 MHz, 3996 MHz, 0 %, 0 %
2026/09/22 01:30:31.143, 6, 179.35 W, 30, 120 MHz, 3996 MHz, 0 %, 0 %
2026/09/22 01:30:31.143, 7, 181.50 W, 30, 120 MHz, 3996 MHz, 0 %, 0 %
2026/09/22 01:30:32.144, 0, 233.74 W, 37, 2032 MHz, 3996 MHz, 1 %, 0 %
2026/09/22 01:30:32.144, 1, 237.67 W, 38, 2032 MHz, 3996 MHz, 52 %, 0 %
2026/09/22 01:30:32.144, 2, 228.30 W, 32, 2032 MHz, 3996 MHz, 0 %, 0 %
2026/09/22 01:30:32.144, 3, 230.39 W, 32, 2032 MHz, 3996 MHz, 1 %, 0 %
2026/09/22 01:30:32.144, 4, 180.77 W, 35, 120 MHz, 3996 MHz, 0 %, 0 %
2026/09/22 01:30:32.144, 5, 178.64 W, 34, 120 MHz, 3996 MHz, 0 %, 0 %
2026/09/22 01:30:32.144, 6, 179.28 W, 30, 120 MHz, 3996 MHz, 0 %, 0 %
2026/09/22 01:30:32.144, 7, 181.54 W, 30, 120 MHz, 3996 MHz, 0 %, 0 %
2026/09/22 01:30:33.144, 0, 233.61 W, 37, 2032 MHz, 3996 MHz, 0 %, 0 %
2026/09/22 01:30:33.144, 1, 237.52 W, 38, 2032 MHz, 3996 MHz, 0 %, 0 %
2026/09/22 01:30:33.144, 2, 228.26 W, 32, 2032 MHz, 3996 MHz, 1 %, 0 %
2026/09/22 01:30:33.144, 3, 230.27 W, 32, 2032 MHz, 3996 MHz, 1 %, 0 %
2026/09/22 01:30:33.144, 4, 180.74 W, 35, 120 MHz, 3996 MHz, 0 %, 0 %
2026/09/22 01:30:33.144, 5, 178.64 W, 34, 120 MHz, 3996 MHz, 0 %, 0 %
2026/09/22 01:30:33.144, 6, 179.27 W, 30, 120 MHz, 3996 MHz, 0 %, 0 %
2026/09/22 01:30:33.144, 7, 181.54 W, 30, 120 MHz, 3996 MHz, 0 %, 0 %
2026/09/22 01:30:34.144, 0, 233.52 W, 37, 2032 MHz, 3996 MHz, 0 %, 0 %
2026/09/22 01:30:34.144, 1, 237.52 W, 38, 2032 MHz, 3996 MHz, 0 %, 0 %
2026/09/22 01:30:34.144, 2, 228.07 W, 32, 2032 MHz, 3996 MHz, 0 %, 0 %
2026/09/22 01:30:34.144, 3, 230.15 W, 32, 2032 MHz, 3996 MHz, 0 %, 0 %
2026/09/22 01:30:34.144, 4, 180.78 W, 35, 120 MHz, 3996 MHz, 0 %, 0 %
2026/09/22 01:30:34.144, 5, 178.64 W, 34, 120 MHz, 3996 MHz, 0 %, 0 %
2026/09/22 01:30:34.144, 6, 179.27 W, 30, 120 MHz, 3996 MHz, 0 %, 0 %
2026/09/22 01:30:34.144, 7, 181.49 W, 30, 120 MHz, 3996 MHz, 0 %, 0 %
2026/09/22 01:30:35.144, 0, 233.51 W, 37, 2032 MHz, 3996 MHz, 0 %, 0 %
2026/09/22 01:30:35.144, 1, 239.65 W, 38, 2032 MHz, 3996 MHz, 100 %, 0 %
2026/09/22 01:30:35.144, 2, 228.07 W, 32, 2032 MHz, 3996 MHz, 0 %, 0 %
2026/09/22 01:30:35.144, 3, 230.16 W, 32, 2032 MHz, 3996 MHz, 0 %, 0 %
2026/09/22 01:30:35.144, 4, 180.77 W, 35, 120 MHz, 3996 MHz, 0 %, 0 %
2026/09/22 01:30:35.144, 5, 178.64 W, 34, 120 MHz, 3996 MHz, 0 %, 0 %
2026/09/22 01:30:35.144, 6, 179.24 W, 30, 120 MHz, 3996 MHz, 0 %, 0 %
2026/09/22 01:30:35.144, 7, 181.54 W, 30, 120 MHz, 3996 MHz, 0 %, 0 %
2026/09/22 01:30:36.145, 0, 233.47 W, 37, 2032 MHz, 3996 MHz, 0 %, 0 %
2026/09/22 01:30:36.145, 1, 249.13 W, 38, 2032 MHz, 3996 MHz, 100 %, 0 %
2026/09/22 01:30:36.145, 2, 228.07 W, 32, 2032 MHz, 3996 MHz, 0 %, 0 %
2026/09/22 01:30:36.145, 3, 230.16 W, 32, 2032 MHz, 3996 MHz, 0 %, 0 %
2026/09/22 01:30:36.145, 4, 180.78 W, 35, 120 MHz, 3996 MHz, 0 %, 0 %
2026/09/22 01:30:36.145, 5, 178.64 W, 34, 120 MHz, 3996 MHz, 0 %, 0 %
2026/09/22 01:30:36.145, 6, 179.30 W, 30, 120 MHz, 3996 MHz, 0 %, 0 %
2026/09/22 01:30:36.145, 7, 181.50 W, 30, 120 MHz, 3996 MHz, 0 %, 0 %
2026/09/22 01:30:37.145, 0, 233.48 W, 37, 2032 MHz, 3996 MHz, 0 %, 0 %
2026/09/22 01:30:37.145, 1, 242.55 W, 38, 2032 MHz, 3996 MHz, 0 %, 0 %
2026/09/22 01:30:37.145, 2, 228.52 W, 32, 2032 MHz, 3996 MHz, 0 %, 0 %
2026/09/22 01:30:37.145, 3, 230.64 W, 32, 2032 MHz, 3996 MHz, 0 %, 0 %
2026/09/22 01:30:37.145, 4, 180.77 W, 35, 120 MHz, 3996 MHz, 0 %, 0 %
2026/09/22 01:30:37.145, 5, 178.68 W, 34, 120 MHz, 3996 MHz, 0 %, 0 %
2026/09/22 01:30:37.145, 6, 179.23 W, 30, 120 MHz, 3996 MHz, 0 %, 0 %
2026/09/22 01:30:37.145, 7, 181.54 W, 30, 120 MHz, 3996 MHz, 0 %, 0 %
2026/09/22 01:30:38.145, 0, 233.49 W, 37, 2032 MHz, 3996 MHz, 0 %, 0 %
2026/09/22 01:30:38.145, 1, 237.52 W, 38, 2032 MHz, 3996 MHz, 0 %, 0 %
2026/09/22 01:30:38.145, 2, 228.07 W, 32, 2032 MHz, 3996 MHz, 0 %, 0 %
2026/09/22 01:30:38.145, 3, 230.19 W, 32, 2032 MHz, 3996 MHz, 0 %, 0 %
2026/09/22 01:30:38.145, 4, 180.77 W, 35, 120 MHz, 3996 MHz, 0 %, 0 %
2026/09/22 01:30:38.145, 5, 178.68 W, 34, 120 MHz, 3996 MHz, 0 %, 0 %
2026/09/22 01:30:38.145, 6, 179.39 W, 30, 120 MHz, 3996 MHz, 0 %, 0 %
2026/09/22 01:30:38.145, 7, 181.54 W, 30, 120 MHz, 3996 MHz, 0 %, 0 %
2026/09/22 01:30:39.145, 0, 233.49 W, 37, 2032 MHz, 3996 MHz, 0 %, 0 %
2026/09/22 01:30:39.145, 1, 237.52 W, 38, 2032 MHz, 3996 MHz, 0 %, 0 %
2026/09/22 01:30:39.145, 2, 228.07 W, 32, 2032 MHz, 3996 MHz, 0 %, 0 %
2026/09/22 01:30:39.145, 3, 230.15 W, 32, 2032 MHz, 3996 MHz, 0 %, 0 %
2026/09/22 01:30:39.145, 4, 180.66 W, 35, 120 MHz, 3996 MHz, 0 %, 0 %
2026/09/22 01:30:39.145, 5, 178.68 W, 34, 120 MHz, 3996 MHz, 0 %, 0 %
2026/09/22 01:30:39.145, 6, 179.35 W, 30, 120 MHz, 3996 MHz, 0 %, 0 %
2026/09/22 01:30:39.145, 7, 181.54 W, 30, 120 MHz, 3996 MHz, 0 %, 0 %
2026/09/22 01:30:40.146, 0, 233.51 W, 37, 2032 MHz, 3996 MHz, 0 %, 0 %
2026/09/22 01:30:40.146, 1, 237.52 W, 38, 2032 MHz, 3996 MHz, 0 %, 0 %
2026/09/22 01:30:40.146, 2, 228.07 W, 32, 2032 MHz, 3996 MHz, 0 %, 0 %
2026/09/22 01:30:40.146, 3, 230.16 W, 32, 2032 MHz, 3996 MHz, 0 %, 0 %
2026/09/22 01:30:40.146, 4, 180.89 W, 35, 120 MHz, 3996 MHz, 0 %, 0 %
2026/09/22 01:30:40.146, 5, 178.76 W, 34, 120 MHz, 3996 MHz, 0 %, 0 %
2026/09/22 01:30:40.146, 6, 179.38 W, 30, 120 MHz, 3996 MHz, 0 %, 0 %
2026/09/22 01:30:40.146, 7, 181.54 W, 30, 120 MHz, 3996 MHz, 0 %, 0 %
2026/09/22 01:30:41.146, 0, 233.48 W, 37, 2032 MHz, 3996 MHz, 0 %, 0 %
2026/09/22 01:30:41.146, 1, 237.52 W, 38, 2032 MHz, 3996 MHz, 100 %, 0 %
2026/09/22 01:30:41.146, 2, 228.07 W, 32, 2032 MHz, 3996 MHz, 0 %, 0 %
2026/09/22 01:30:41.146, 3, 230.15 W, 32, 2032 MHz, 3996 MHz, 0 %, 0 %
2026/09/22 01:30:41.146, 4, 181.05 W, 35, 120 MHz, 3996 MHz, 0 %, 0 %
2026/09/22 01:30:41.146, 5, 178.68 W, 34, 120 MHz, 3996 MHz, 0 %, 0 %
2026/09/22 01:30:41.146, 6, 179.24 W, 30, 120 MHz, 3996 MHz, 0 %, 0 %
2026/09/22 01:30:41.146, 7, 181.54 W, 30, 120 MHz, 3996 MHz, 0 %, 0 %
2026/09/22 01:30:42.146, 0, 233.48 W, 37, 2032 MHz, 3996 MHz, 0 %, 0 %
2026/09/22 01:30:42.146, 1, 237.51 W, 38, 2032 MHz, 3996 MHz, 100 %, 0 %
2026/09/22 01:30:42.146, 2, 228.07 W, 32, 2032 MHz, 3996 MHz, 0 %, 0 %
2026/09/22 01:30:42.146, 3, 230.16 W, 32, 2032 MHz, 3996 MHz, 0 %, 0 %
2026/09/22 01:30:42.146, 4, 180.97 W, 35, 120 MHz, 3996 MHz, 0 %, 0 %
2026/09/22 01:30:42.146, 5, 178.64 W, 34, 120 MHz, 3996 MHz, 0 %, 0 %
2026/09/22 01:30:42.146, 6, 179.16 W, 30, 120 MHz, 3996 MHz, 0 %, 0 %
2026/09/22 01:30:42.146, 7, 181.54 W, 30, 120 MHz, 3996 MHz, 0 %, 0 %
2026/09/22 01:30:43.146, 0, 233.49 W, 37, 2032 MHz, 3996 MHz, 0 %, 0 %
2026/09/22 01:30:43.146, 1, 237.52 W, 38, 2032 MHz, 3996 MHz, 100 %, 0 %
2026/09/22 01:30:43.146, 2, 228.07 W, 32, 2032 MHz, 3996 MHz, 0 %, 0 %
2026/09/22 01:30:43.146, 3, 230.16 W, 32, 2032 MHz, 3996 MHz, 0 %, 0 %
2026/09/22 01:30:43.147, 4, 180.89 W, 35, 120 MHz, 3996 MHz, 0 %, 0 %
2026/09/22 01:30:43.147, 5, 178.64 W, 34, 120 MHz, 3996 MHz, 0 %, 0 %
2026/09/22 01:30:43.147, 6, 179.31 W, 30, 120 MHz, 3996 MHz, 0 %, 0 %
2026/09/22 01:30:43.147, 7, 181.50 W, 30, 120 MHz, 3996 MHz, 0 %, 0 %
2026/09/22 01:30:44.147, 0, 233.48 W, 37, 2032 MHz, 3996 MHz, 0 %, 0 %
2026/09/22 01:30:44.147, 1, 237.52 W, 38, 2032 MHz, 3996 MHz, 100 %, 0 %
2026/09/22 01:30:44.147, 2, 228.07 W, 32, 2032 MHz, 3996 MHz, 0 %, 0 %
2026/09/22 01:30:44.147, 3, 230.15 W, 32, 2032 MHz, 3996 MHz, 0 %, 0 %
2026/09/22 01:30:44.147, 4, 180.89 W, 35, 120 MHz, 3996 MHz, 0 %, 0 %
2026/09/22 01:30:44.147, 5, 178.68 W, 34, 120 MHz, 3996 MHz, 0 %, 0 %
2026/09/22 01:30:44.147, 6, 179.46 W, 30, 120 MHz, 3996 MHz, 0 %, 0 %
2026/09/22 01:30:44.147, 7, 181.54 W, 30, 120 MHz, 3996 MHz, 0 %, 0 %
2026/09/22 01:30:45.147, 0, 233.48 W, 37, 2032 MHz, 3996 MHz, 0 %, 0 %
2026/09/22 01:30:45.147, 1, 237.52 W, 38, 2032 MHz, 3996 MHz, 100 %, 0 %
2026/09/22 01:30:45.147, 2, 228.07 W, 32, 2032 MHz, 3996 MHz, 0 %, 0 %
2026/09/22 01:30:45.147, 3, 230.15 W, 32, 2032 MHz, 3996 MHz, 0 %, 0 %
2026/09/22 01:30:45.147, 4, 180.89 W, 35, 120 MHz, 3996 MHz, 0 %, 0 %
2026/09/22 01:30:45.147, 5, 178.68 W, 34, 120 MHz, 3996 MHz, 0 %, 0 %
2026/09/22 01:30:45.147, 6, 179.32 W, 30, 120 MHz, 3996 MHz, 0 %, 0 %
2026/09/22 01:30:45.147, 7, 181.54 W, 30, 120 MHz, 3996 MHz, 0 %, 0 %
2026/09/22 01:30:46.147, 0, 233.48 W, 37, 2032 MHz, 3996 MHz, 0 %, 0 %
2026/09/22 01:30:46.147, 1, 237.52 W, 38, 2032 MHz, 3996 MHz, 100 %, 0 %
2026/09/22 01:30:46.147, 2, 228.07 W, 32, 2032 MHz, 3996 MHz, 0 %, 0 %
2026/09/22 01:30:46.147, 3, 230.15 W, 32, 2032 MHz, 3996 MHz, 0 %, 0 %
2026/09/22 01:30:46.147, 4, 180.89 W, 35, 120 MHz, 3996 MHz, 0 %, 0 %
2026/09/22 01:30:46.147, 5, 178.76 W, 34, 120 MHz, 3996 MHz, 0 %, 0 %
2026/09/22 01:30:46.147, 6, 179.28 W, 30, 120 MHz, 3996 MHz, 0 %, 0 %
2026/09/22 01:30:46.147, 7, 181.50 W, 30, 120 MHz, 3996 MHz, 0 %, 0 %
2026/09/22 01:30:47.147, 0, 233.50 W, 37, 2032 MHz, 3996 MHz, 0 %, 0 %
2026/09/22 01:30:47.147, 1, 237.52 W, 38, 2032 MHz, 3996 MHz, 0 %, 0 %
2026/09/22 01:30:47.148, 2, 228.07 W, 32, 2032 MHz, 3996 MHz, 0 %, 0 %
2026/09/22 01:30:47.148, 3, 230.16 W, 32, 2032 MHz, 3996 MHz, 0 %, 0 %
2026/09/22 01:30:47.148, 4, 180.81 W, 35, 120 MHz, 3996 MHz, 0 %, 0 %
2026/09/22 01:30:47.148, 5, 178.64 W, 34, 120 MHz, 3996 MHz, 0 %, 0 %
2026/09/22 01:30:47.148, 6, 179.35 W, 30, 120 MHz, 3996 MHz, 0 %, 0 %
2026/09/22 01:30:47.148, 7, 181.54 W, 30, 120 MHz, 3996 MHz, 0 %, 0 %
2026/09/22 01:30:48.148, 0, 233.50 W, 37, 2032 MHz, 3996 MHz, 0 %, 0 %
2026/09/22 01:30:48.148, 1, 237.52 W, 38, 2032 MHz, 3996 MHz, 0 %, 0 %
2026/09/22 01:30:48.148, 2, 228.07 W, 32, 2032 MHz, 3996 MHz, 0 %, 0 %
2026/09/22 01:30:48.148, 3, 230.16 W, 32, 2032 MHz, 3996 MHz, 0 %, 0 %
2026/09/22 01:30:48.148, 4, 180.85 W, 35, 120 MHz, 3996 MHz, 0 %, 0 %
2026/09/22 01:30:48.148, 5, 178.72 W, 34, 120 MHz, 3996 MHz, 0 %, 0 %
2026/09/22 01:30:48.148, 6, 179.15 W, 30, 120 MHz, 3996 MHz, 0 %, 0 %
2026/09/22 01:30:48.148, 7, 181.50 W, 30, 120 MHz, 3996 MHz, 0 %, 0 %
2026/09/22 01:30:49.148, 0, 233.49 W, 37, 2032 MHz, 3996 MHz, 0 %, 0 %
2026/09/22 01:30:49.148, 1, 241.52 W, 38, 2032 MHz, 3996 MHz, 100 %, 0 %
2026/09/22 01:30:49.148, 2, 228.07 W, 32, 2032 MHz, 3996 MHz, 2 %, 0 %
2026/09/22 01:30:49.148, 3, 230.54 W, 32, 2032 MHz, 3996 MHz, 0 %, 0 %
2026/09/22 01:30:49.148, 4, 180.82 W, 35, 120 MHz, 3996 MHz, 0 %, 0 %
2026/09/22 01:30:49.148, 5, 178.72 W, 34, 120 MHz, 3996 MHz, 0 %, 0 %
2026/09/22 01:30:49.148, 6, 179.35 W, 30, 120 MHz, 3996 MHz, 0 %, 0 %
2026/09/22 01:30:49.148, 7, 181.54 W, 30, 120 MHz, 3996 MHz, 0 %, 0 %
2026/09/22 01:30:50.148, 0, 233.51 W, 37, 2032 MHz, 3996 MHz, 0 %, 0 %
2026/09/22 01:30:50.148, 1, 237.56 W, 38, 2032 MHz, 3996 MHz, 0 %, 0 %
2026/09/22 01:30:50.148, 2, 228.40 W, 32, 2032 MHz, 3996 MHz, 0 %, 0 %
2026/09/22 01:30:50.148, 3, 230.46 W, 32, 2032 MHz, 3996 MHz, 0 %, 0 %
2026/09/22 01:30:50.148, 4, 180.85 W, 35, 120 MHz, 3996 MHz, 0 %, 0 %
2026/09/22 01:30:50.148, 5, 178.72 W, 34, 120 MHz, 3996 MHz, 0 %, 0 %
2026/09/22 01:30:50.148, 6, 179.27 W, 30, 120 MHz, 3996 MHz, 0 %, 0 %
2026/09/22 01:30:50.148, 7, 181.54 W, 30, 120 MHz, 3996 MHz, 0 %, 0 %
2026/09/22 01:30:51.149, 0, 233.49 W, 37, 2032 MHz, 3996 MHz, 0 %, 0 %
2026/09/22 01:30:51.149, 1, 237.52 W, 38, 2032 MHz, 3996 MHz, 0 %, 0 %
2026/09/22 01:30:51.149, 2, 228.07 W, 32, 2032 MHz, 3996 MHz, 0 %, 0 %
2026/09/22 01:30:51.149, 3, 230.15 W, 32, 2032 MHz, 3996 MHz, 0 %, 0 %
2026/09/22 01:30:51.149, 4, 180.78 W, 35, 120 MHz, 3996 MHz, 0 %, 0 %
2026/09/22 01:30:51.149, 5, 178.76 W, 34, 120 MHz, 3996 MHz, 0 %, 0 %
2026/09/22 01:30:51.149, 6, 179.19 W, 30, 120 MHz, 3996 MHz, 0 %, 0 %
2026/09/22 01:30:51.149, 7, 181.54 W, 30, 120 MHz, 3996 MHz, 0 %, 0 %
2026/09/22 01:30:52.149, 0, 233.48 W, 37, 2032 MHz, 3996 MHz, 0 %, 0 %
2026/09/22 01:30:52.149, 1, 237.52 W, 38, 2032 MHz, 3996 MHz, 0 %, 0 %
2026/09/22 01:30:52.149, 2, 228.07 W, 32, 2032 MHz, 3996 MHz, 0 %, 0 %
2026/09/22 01:30:52.149, 3, 230.16 W, 32, 2032 MHz, 3996 MHz, 0 %, 0 %
2026/09/22 01:30:52.149, 4, 180.97 W, 35, 120 MHz, 3996 MHz, 0 %, 0 %
2026/09/22 01:30:52.149, 5, 178.64 W, 34, 120 MHz, 3996 MHz, 0 %, 0 %
2026/09/22 01:30:52.149, 6, 179.43 W, 30, 120 MHz, 3996 MHz, 0 %, 0 %
2026/09/22 01:30:52.149, 7, 181.54 W, 30, 120 MHz, 3996 MHz, 0 %, 0 %
2026/09/22 01:30:53.149, 0, 233.48 W, 37, 2032 MHz, 3996 MHz, 0 %, 0 %
2026/09/22 01:30:53.149, 1, 237.52 W, 38, 2032 MHz, 3996 MHz, 0 %, 0 %
2026/09/22 01:30:53.149, 2, 228.07 W, 32, 2032 MHz, 3996 MHz, 0 %, 0 %
2026/09/22 01:30:53.149, 3, 230.16 W, 32, 2032 MHz, 3996 MHz, 0 %, 0 %
2026/09/22 01:30:53.149, 4, 180.81 W, 35, 120 MHz, 3996 MHz, 0 %, 0 %
2026/09/22 01:30:53.149, 5, 178.64 W, 34, 120 MHz, 3996 MHz, 0 %, 0 %
2026/09/22 01:30:53.149, 6, 179.47 W, 30, 120 MHz, 3996 MHz, 0 %, 0 %
2026/09/22 01:30:53.149, 7, 181.50 W, 30, 120 MHz, 3996 MHz, 0 %, 0 %
2026/09/22 01:30:54.149, 0, 233.48 W, 37, 2032 MHz, 3996 MHz, 0 %, 0 %
2026/09/22 01:30:54.149, 1, 237.52 W, 38, 2032 MHz, 3996 MHz, 0 %, 0 %
2026/09/22 01:30:54.149, 2, 228.07 W, 32, 2032 MHz, 3996 MHz, 0 %, 0 %
2026/09/22 01:30:54.149, 3, 230.15 W, 32, 2032 MHz, 3996 MHz, 0 %, 0 %
2026/09/22 01:30:54.149, 4, 181.00 W, 35, 120 MHz, 3996 MHz, 0 %, 0 %
2026/09/22 01:30:54.149, 5, 178.79 W, 34, 120 MHz, 3996 MHz, 0 %, 0 %
2026/09/22 01:30:54.149, 6, 179.32 W, 30, 120 MHz, 3996 MHz, 0 %, 0 %
2026/09/22 01:30:54.149, 7, 181.50 W, 30, 120 MHz, 3996 MHz, 0 %, 0 %
2026/09/22 01:30:55.150, 0, 233.48 W, 37, 2032 MHz, 3996 MHz, 0 %, 0 %
2026/09/22 01:30:55.150, 1, 237.52 W, 38, 2032 MHz, 3996 MHz, 0 %, 0 %
2026/09/22 01:30:55.150, 2, 228.07 W, 32, 2032 MHz, 3996 MHz, 0 %, 0 %
2026/09/22 01:30:55.150, 3, 230.15 W, 32, 2032 MHz, 3996 MHz, 0 %, 0 %
2026/09/22 01:30:55.150, 4, 180.89 W, 35, 120 MHz, 3996 MHz, 0 %, 0 %
2026/09/22 01:30:55.150, 5, 178.64 W, 34, 120 MHz, 3996 MHz, 0 %, 0 %
2026/09/22 01:30:55.150, 6, 179.39 W, 30, 120 MHz, 3996 MHz, 0 %, 0 %
2026/09/22 01:30:55.150, 7, 181.54 W, 30, 120 MHz, 3996 MHz, 0 %, 0 %
2026/09/22 01:30:56.150, 0, 233.50 W, 37, 2032 MHz, 3996 MHz, 0 %, 0 %
2026/09/22 01:30:56.150, 1, 237.52 W, 38, 2032 MHz, 3996 MHz, 0 %, 0 %
2026/09/22 01:30:56.150, 2, 228.07 W, 32, 2032 MHz, 3996 MHz, 0 %, 0 %
2026/09/22 01:30:56.150, 3, 230.15 W, 32, 2032 MHz, 3996 MHz, 0 %, 0 %
2026/09/22 01:30:56.150, 4, 180.89 W, 35, 120 MHz, 3996 MHz, 0 %, 0 %
2026/09/22 01:30:56.150, 5, 178.68 W, 34, 120 MHz, 3996 MHz, 0 %, 0 %
2026/09/22 01:30:56.150, 6, 179.32 W, 30, 120 MHz, 3996 MHz, 0 %, 0 %
2026/09/22 01:30:56.150, 7, 181.54 W, 30, 120 MHz, 3996 MHz, 0 %, 0 %
2026/09/22 01:30:57.150, 0, 233.48 W, 37, 2032 MHz, 3996 MHz, 0 %, 0 %
2026/09/22 01:30:57.150, 1, 237.51 W, 38, 2032 MHz, 3996 MHz, 0 %, 0 %
2026/09/22 01:30:57.150, 2, 228.07 W, 32, 2032 MHz, 3996 MHz, 0 %, 0 %
2026/09/22 01:30:57.150, 3, 230.16 W, 32, 2032 MHz, 3996 MHz, 0 %, 0 %
2026/09/22 01:30:57.150, 4, 180.85 W, 35, 120 MHz, 3996 MHz, 0 %, 0 %
2026/09/22 01:30:57.150, 5, 178.72 W, 34, 120 MHz, 3996 MHz, 0 %, 0 %
2026/09/22 01:30:57.150, 6, 179.39 W, 30, 120 MHz, 3996 MHz, 0 %, 0 %
2026/09/22 01:30:57.150, 7, 181.54 W, 30, 120 MHz, 3996 MHz, 0 %, 0 %
2026/09/22 01:30:58.150, 0, 233.48 W, 37, 2032 MHz, 3996 MHz, 0 %, 0 %
2026/09/22 01:30:58.150, 1, 237.52 W, 38, 2032 MHz, 3996 MHz, 88 %, 0 %
2026/09/22 01:30:58.150, 2, 228.07 W, 32, 2032 MHz, 3996 MHz, 100 %, 0 %
2026/09/22 01:30:58.150, 3, 230.16 W, 32, 2032 MHz, 3996 MHz, 48 %, 0 %
2026/09/22 01:30:58.150, 4, 180.93 W, 35, 120 MHz, 3996 MHz, 0 %, 0 %
2026/09/22 01:30:58.150, 5, 178.64 W, 34, 120 MHz, 3996 MHz, 0 %, 0 %
2026/09/22 01:30:58.150, 6, 179.27 W, 30, 120 MHz, 3996 MHz, 0 %, 0 %
2026/09/22 01:30:58.150, 7, 181.54 W, 30, 120 MHz, 3996 MHz, 0 %, 0 %
2026/09/22 01:30:59.151, 0, 233.48 W, 37, 2032 MHz, 3996 MHz, 0 %, 0 %
2026/09/22 01:30:59.151, 1, 237.51 W, 38, 2032 MHz, 3996 MHz, 0 %, 0 %
2026/09/22 01:30:59.151, 2, 228.07 W, 32, 2032 MHz, 3996 MHz, 0 %, 0 %
2026/09/22 01:30:59.151, 3, 230.16 W, 32, 2032 MHz, 3996 MHz, 0 %, 0 %
2026/09/22 01:30:59.151, 4, 181.08 W, 35, 120 MHz, 3996 MHz, 0 %, 0 %
2026/09/22 01:30:59.151, 5, 178.72 W, 34, 120 MHz, 3996 MHz, 0 %, 0 %
2026/09/22 01:30:59.151, 6, 179.08 W, 30, 120 MHz, 3996 MHz, 0 %, 0 %
2026/09/22 01:30:59.151, 7, 181.54 W, 30, 120 MHz, 3996 MHz, 0 %, 0 %
2026/09/22 01:31:00.151, 0, 233.48 W, 37, 2032 MHz, 3996 MHz, 0 %, 0 %
2026/09/22 01:31:00.151, 1, 237.52 W, 38, 2032 MHz, 3996 MHz, 0 %, 0 %
2026/09/22 01:31:00.151, 2, 228.07 W, 32, 2032 MHz, 3996 MHz, 0 %, 0 %
2026/09/22 01:31:00.151, 3, 230.16 W, 32, 2032 MHz, 3996 MHz, 0 %, 0 %
2026/09/22 01:31:00.151, 4, 180.89 W, 35, 120 MHz, 3996 MHz, 0 %, 0 %
2026/09/22 01:31:00.151, 5, 178.68 W, 34, 120 MHz, 3996 MHz, 0 %, 0 %
2026/09/22 01:31:00.151, 6, 179.32 W, 30, 120 MHz, 3996 MHz, 0 %, 0 %
2026/09/22 01:31:00.151, 7, 181.54 W, 30, 120 MHz, 3996 MHz, 0 %, 0 %
2026/09/22 01:31:01.151, 0, 233.48 W, 37, 2032 MHz, 3996 MHz, 0 %, 0 %
2026/09/22 01:31:01.151, 1, 237.85 W, 38, 2032 MHz, 3996 MHz, 31 %, 0 %
2026/09/22 01:31:01.151, 2, 228.19 W, 32, 2032 MHz, 3996 MHz, 21 %, 0 %
2026/09/22 01:31:01.151, 3, 230.57 W, 32, 2032 MHz, 3996 MHz, 0 %, 0 %
2026/09/22 01:31:01.151, 4, 180.93 W, 35, 120 MHz, 3996 MHz, 0 %, 0 %
2026/09/22 01:31:01.151, 5, 178.64 W, 34, 120 MHz, 3996 MHz, 0 %, 0 %
2026/09/22 01:31:01.151, 6, 179.43 W, 30, 120 MHz, 3996 MHz, 0 %, 0 %
2026/09/22 01:31:01.151, 7, 181.54 W, 30, 120 MHz, 3996 MHz, 0 %, 0 %
2026/09/22 01:31:02.151, 0, 233.48 W, 37, 2032 MHz, 3996 MHz, 0 %, 0 %
2026/09/22 01:31:02.151, 1, 237.51 W, 38, 2032 MHz, 3996 MHz, 0 %, 0 %
2026/09/22 01:31:02.151, 2, 228.41 W, 32, 2032 MHz, 3996 MHz, 0 %, 0 %
2026/09/22 01:31:02.151, 3, 230.19 W, 32, 2032 MHz, 3996 MHz, 0 %, 0 %
2026/09/22 01:31:02.151, 4, 180.93 W, 36, 120 MHz, 3996 MHz, 0 %, 0 %
2026/09/22 01:31:02.151, 5, 178.64 W, 34, 120 MHz, 3996 MHz, 0 %, 0 %
2026/09/22 01:31:02.151, 6, 179.47 W, 30, 120 MHz, 3996 MHz, 0 %, 0 %
2026/09/22 01:31:02.151, 7, 181.54 W, 30, 120 MHz, 3996 MHz, 0 %, 0 %
2026/09/22 01:31:03.152, 0, 233.48 W, 37, 2032 MHz, 3996 MHz, 0 %, 0 %
2026/09/22 01:31:03.152, 1, 237.52 W, 38, 2032 MHz, 3996 MHz, 0 %, 0 %
2026/09/22 01:31:03.152, 2, 228.07 W, 32, 2032 MHz, 3996 MHz, 0 %, 0 %
2026/09/22 01:31:03.152, 3, 230.15 W, 32, 2032 MHz, 3996 MHz, 0 %, 0 %
2026/09/22 01:31:03.152, 4, 180.96 W, 36, 120 MHz, 3996 MHz, 0 %, 0 %
2026/09/22 01:31:03.152, 5, 178.68 W, 34, 120 MHz, 3996 MHz, 0 %, 0 %
2026/09/22 01:31:03.152, 6, 179.20 W, 30, 120 MHz, 3996 MHz, 0 %, 0 %
2026/09/22 01:31:03.152, 7, 181.54 W, 30, 120 MHz, 3996 MHz, 0 %, 0 %
2026/09/22 01:31:04.152, 0, 233.48 W, 37, 2032 MHz, 3996 MHz, 0 %, 0 %
2026/09/22 01:31:04.152, 1, 237.52 W, 38, 2032 MHz, 3996 MHz, 0 %, 0 %
2026/09/22 01:31:04.152, 2, 228.07 W, 32, 2032 MHz, 3996 MHz, 0 %, 0 %
2026/09/22 01:31:04.152, 3, 230.16 W, 32, 2032 MHz, 3996 MHz, 0 %, 0 %
2026/09/22 01:31:04.152, 4, 180.78 W, 35, 120 MHz, 3996 MHz, 0 %, 0 %
2026/09/22 01:31:04.152, 5, 178.64 W, 34, 120 MHz, 3996 MHz, 0 %, 0 %
2026/09/22 01:31:04.152, 6, 179.47 W, 30, 120 MHz, 3996 MHz, 0 %, 0 %
2026/09/22 01:31:04.152, 7, 181.54 W, 30, 120 MHz, 3996 MHz, 0 %, 0 %
2026/09/22 01:31:05.152, 0, 233.48 W, 37, 2032 MHz, 3996 MHz, 0 %, 0 %
2026/09/22 01:31:05.152, 1, 237.52 W, 38, 2032 MHz, 3996 MHz, 0 %, 0 %
2026/09/22 01:31:05.152, 2, 228.07 W, 32, 2032 MHz, 3996 MHz, 0 %, 0 %
2026/09/22 01:31:05.152, 3, 230.15 W, 32, 2032 MHz, 3996 MHz, 0 %, 0 %
2026/09/22 01:31:05.152, 4, 180.89 W, 36, 120 MHz, 3996 MHz, 0 %, 0 %
2026/09/22 01:31:05.152, 5, 178.68 W, 34, 120 MHz, 3996 MHz, 0 %, 0 %
2026/09/22 01:31:05.152, 6, 179.35 W, 30, 120 MHz, 3996 MHz, 0 %, 0 %
2026/09/22 01:31:05.152, 7, 181.53 W, 30, 120 MHz, 3996 MHz, 0 %, 0 %
2026/09/22 01:31:06.152, 0, 233.48 W, 37, 2032 MHz, 3996 MHz, 0 %, 0 %
2026/09/22 01:31:06.152, 1, 237.52 W, 38, 2032 MHz, 3996 MHz, 0 %, 0 %
2026/09/22 01:31:06.152, 2, 228.07 W, 32, 2032 MHz, 3996 MHz, 0 %, 0 %
2026/09/22 01:31:06.152, 3, 230.15 W, 32, 2032 MHz, 3996 MHz, 0 %, 0 %
2026/09/22 01:31:06.152, 4, 180.77 W, 35, 120 MHz, 3996 MHz, 0 %, 0 %
2026/09/22 01:31:06.152, 5, 178.72 W, 34, 120 MHz, 3996 MHz, 0 %, 0 %
2026/09/22 01:31:06.152, 6, 179.54 W, 30, 120 MHz, 3996 MHz, 0 %, 0 %
2026/09/22 01:31:06.152, 7, 181.54 W, 30, 120 MHz, 3996 MHz, 0 %, 0 %
2026/09/22 01:31:07.153, 0, 233.48 W, 37, 2032 MHz, 3996 MHz, 0 %, 0 %
2026/09/22 01:31:07.153, 1, 237.52 W, 38, 2032 MHz, 3996 MHz, 0 %, 0 %
2026/09/22 01:31:07.153, 2, 228.07 W, 32, 2032 MHz, 3996 MHz, 0 %, 0 %
2026/09/22 01:31:07.153, 3, 230.16 W, 32, 2032 MHz, 3996 MHz, 0 %, 0 %
2026/09/22 01:31:07.153, 4, 180.78 W, 36, 120 MHz, 3996 MHz, 0 %, 0 %
2026/09/22 01:31:07.153, 5, 178.64 W, 34, 120 MHz, 3996 MHz, 0 %, 0 %
2026/09/22 01:31:07.153, 6, 179.35 W, 30, 120 MHz, 3996 MHz, 0 %, 0 %
2026/09/22 01:31:07.153, 7, 181.54 W, 30, 120 MHz, 3996 MHz, 0 %, 0 %
2026/09/22 01:31:08.153, 0, 233.51 W, 37, 2032 MHz, 3996 MHz, 0 %, 0 %
2026/09/22 01:31:08.153, 1, 237.51 W, 38, 2032 MHz, 3996 MHz, 0 %, 0 %
2026/09/22 01:31:08.153, 2, 228.07 W, 32, 2032 MHz, 3996 MHz, 0 %, 0 %
2026/09/22 01:31:08.153, 3, 230.16 W, 32, 2032 MHz, 3996 MHz, 0 %, 0 %
2026/09/22 01:31:08.153, 4, 181.24 W, 36, 120 MHz, 3996 MHz, 0 %, 0 %
2026/09/22 01:31:08.153, 5, 178.64 W, 34, 120 MHz, 3996 MHz, 0 %, 0 %
2026/09/22 01:31:08.153, 6, 179.35 W, 30, 120 MHz, 3996 MHz, 0 %, 0 %
2026/09/22 01:31:08.153, 7, 181.54 W, 30, 120 MHz, 3996 MHz, 0 %, 0 %
2026/09/22 01:31:09.153, 0, 233.50 W, 37, 2032 MHz, 3996 MHz, 0 %, 0 %
2026/09/22 01:31:09.153, 1, 237.52 W, 38, 2032 MHz, 3996 MHz, 0 %, 0 %
2026/09/22 01:31:09.153, 2, 228.07 W, 32, 2032 MHz, 3996 MHz, 0 %, 0 %
2026/09/22 01:31:09.153, 3, 230.16 W, 32, 2032 MHz, 3996 MHz, 0 %, 0 %
2026/09/22 01:31:09.153, 4, 180.97 W, 35, 120 MHz, 3996 MHz, 0 %, 0 %
2026/09/22 01:31:09.153, 5, 178.68 W, 34, 120 MHz, 3996 MHz, 0 %, 0 %
2026/09/22 01:31:09.153, 6, 179.35 W, 30, 120 MHz, 3996 MHz, 0 %, 0 %
2026/09/22 01:31:09.153, 7, 181.54 W, 30, 120 MHz, 3996 MHz, 0 %, 0 %
2026/09/22 01:31:10.153, 0, 233.49 W, 37, 2032 MHz, 3996 MHz, 0 %, 0 %
2026/09/22 01:31:10.153, 1, 237.52 W, 38, 2032 MHz, 3996 MHz, 56 %, 0 %
2026/09/22 01:31:10.153, 2, 228.07 W, 32, 2032 MHz, 3996 MHz, 80 %, 0 %
2026/09/22 01:31:10.153, 3, 230.19 W, 32, 2032 MHz, 3996 MHz, 54 %, 0 %
2026/09/22 01:31:10.153, 4, 180.74 W, 36, 120 MHz, 3996 MHz, 0 %, 0 %
2026/09/22 01:31:10.153, 5, 178.72 W, 34, 120 MHz, 3996 MHz, 0 %, 0 %
2026/09/22 01:31:10.153, 6, 179.47 W, 30, 120 MHz, 3996 MHz, 0 %, 0 %
2026/09/22 01:31:10.153, 7, 181.54 W, 30, 120 MHz, 3996 MHz, 0 %, 0 %
2026/09/22 01:31:11.154, 0, 233.50 W, 37, 2032 MHz, 3996 MHz, 0 %, 0 %
2026/09/22 01:31:11.154, 1, 237.52 W, 38, 2032 MHz, 3996 MHz, 0 %, 0 %
2026/09/22 01:31:11.154, 2, 228.07 W, 32, 2032 MHz, 3996 MHz, 0 %, 0 %
2026/09/22 01:31:11.154, 3, 230.16 W, 32, 2032 MHz, 3996 MHz, 0 %, 0 %
2026/09/22 01:31:11.154, 4, 180.77 W, 36, 120 MHz, 3996 MHz, 0 %, 0 %
2026/09/22 01:31:11.154, 5, 178.68 W, 34, 120 MHz, 3996 MHz, 0 %, 0 %
2026/09/22 01:31:11.154, 6, 179.39 W, 30, 120 MHz, 3996 MHz, 0 %, 0 %
2026/09/22 01:31:11.154, 7, 181.50 W, 30, 120 MHz, 3996 MHz, 0 %, 0 %
2026/09/22 01:31:12.154, 0, 233.50 W, 37, 2032 MHz, 3996 MHz, 0 %, 0 %
2026/09/22 01:31:12.154, 1, 237.52 W, 38, 2032 MHz, 3996 MHz, 0 %, 0 %
2026/09/22 01:31:12.154, 2, 228.07 W, 32, 2032 MHz, 3996 MHz, 0 %, 0 %
2026/09/22 01:31:12.154, 3, 230.16 W, 32, 2032 MHz, 3996 MHz, 0 %, 0 %
2026/09/22 01:31:12.154, 4, 181.01 W, 36, 120 MHz, 3996 MHz, 0 %, 0 %
2026/09/22 01:31:12.154, 5, 178.64 W, 34, 120 MHz, 3996 MHz, 0 %, 0 %
2026/09/22 01:31:12.154, 6, 179.27 W, 30, 120 MHz, 3996 MHz, 0 %, 0 %
2026/09/22 01:31:12.154, 7, 181.50 W, 30, 120 MHz, 3996 MHz, 0 %, 0 %
2026/09/22 01:31:13.154, 0, 233.49 W, 37, 2032 MHz, 3996 MHz, 0 %, 0 %
2026/09/22 01:31:13.154, 1, 237.87 W, 38, 2032 MHz, 3996 MHz, 36 %, 0 %
2026/09/22 01:31:13.154, 2, 228.46 W, 32, 2032 MHz, 3996 MHz, 37 %, 0 %
2026/09/22 01:31:13.154, 3, 230.61 W, 32, 2032 MHz, 3996 MHz, 0 %, 0 %
2026/09/22 01:31:13.154, 4, 180.93 W, 36, 120 MHz, 3996 MHz, 0 %, 0 %
2026/09/22 01:31:13.154, 5, 178.64 W, 34, 120 MHz, 3996 MHz, 0 %, 0 %
2026/09/22 01:31:13.154, 6, 179.35 W, 30, 120 MHz, 3996 MHz, 0 %, 0 %
2026/09/22 01:31:13.154, 7, 181.50 W, 30, 120 MHz, 3996 MHz, 0 %, 0 %
2026/09/22 01:31:14.154, 0, 233.51 W, 37, 2032 MHz, 3996 MHz, 0 %, 0 %
2026/09/22 01:31:14.154, 1, 237.52 W, 38, 2032 MHz, 3996 MHz, 0 %, 0 %
2026/09/22 01:31:14.154, 2, 228.26 W, 32, 2032 MHz, 3996 MHz, 0 %, 0 %
2026/09/22 01:31:14.154, 3, 230.15 W, 32, 2032 MHz, 3996 MHz, 0 %, 0 %
2026/09/22 01:31:14.154, 4, 180.82 W, 36, 120 MHz, 3996 MHz, 0 %, 0 %
2026/09/22 01:31:14.154, 5, 178.64 W, 34, 120 MHz, 3996 MHz, 0 %, 0 %
2026/09/22 01:31:14.154, 6, 179.15 W, 30, 120 MHz, 3996 MHz, 0 %, 0 %
2026/09/22 01:31:14.154, 7, 181.54 W, 30, 120 MHz, 3996 MHz, 0 %, 0 %
2026/09/22 01:31:15.155, 0, 233.50 W, 37, 2032 MHz, 3996 MHz, 0 %, 0 %
2026/09/22 01:31:15.155, 1, 237.52 W, 38, 2032 MHz, 3996 MHz, 0 %, 0 %
2026/09/22 01:31:15.155, 2, 228.07 W, 32, 2032 MHz, 3996 MHz, 0 %, 0 %
2026/09/22 01:31:15.155, 3, 230.16 W, 32, 2032 MHz, 3996 MHz, 0 %, 0 %
2026/09/22 01:31:15.155, 4, 181.01 W, 36, 120 MHz, 3996 MHz, 0 %, 0 %
2026/09/22 01:31:15.155, 5, 178.68 W, 34, 120 MHz, 3996 MHz, 0 %, 0 %
2026/09/22 01:31:15.155, 6, 179.19 W, 30, 120 MHz, 3996 MHz, 0 %, 0 %
2026/09/22 01:31:15.155, 7, 181.50 W, 30, 120 MHz, 3996 MHz, 0 %, 0 %
2026/09/22 01:31:16.155, 0, 233.50 W, 37, 2032 MHz, 3996 MHz, 0 %, 0 %
2026/09/22 01:31:16.155, 1, 237.52 W, 38, 2032 MHz, 3996 MHz, 0 %, 0 %
2026/09/22 01:31:16.155, 2, 228.07 W, 32, 2032 MHz, 3996 MHz, 0 %, 0 %
2026/09/22 01:31:16.155, 3, 230.15 W, 32, 2032 MHz, 3996 MHz, 0 %, 0 %
2026/09/22 01:31:16.155, 4, 181.00 W, 36, 120 MHz, 3996 MHz, 0 %, 0 %
2026/09/22 01:31:16.155, 5, 178.72 W, 34, 120 MHz, 3996 MHz, 0 %, 0 %
2026/09/22 01:31:16.155, 6, 179.24 W, 30, 120 MHz, 3996 MHz, 0 %, 0 %
2026/09/22 01:31:16.155, 7, 181.54 W, 30, 120 MHz, 3996 MHz, 0 %, 0 %
2026/09/22 01:31:17.155, 0, 233.49 W, 37, 2032 MHz, 3996 MHz, 0 %, 0 %
2026/09/22 01:31:17.155, 1, 237.52 W, 38, 2032 MHz, 3996 MHz, 0 %, 0 %
2026/09/22 01:31:17.155, 2, 228.07 W, 32, 2032 MHz, 3996 MHz, 0 %, 0 %
2026/09/22 01:31:17.155, 3, 230.16 W, 32, 2032 MHz, 3996 MHz, 0 %, 0 %
2026/09/22 01:31:17.155, 4, 180.81 W, 36, 120 MHz, 3996 MHz, 0 %, 0 %
2026/09/22 01:31:17.155, 5, 178.68 W, 34, 120 MHz, 3996 MHz, 0 %, 0 %
2026/09/22 01:31:17.155, 6, 179.39 W, 30, 120 MHz, 3996 MHz, 0 %, 0 %
2026/09/22 01:31:17.155, 7, 181.50 W, 30, 120 MHz, 3996 MHz, 0 %, 0 %
2026/09/22 01:31:18.155, 0, 233.48 W, 37, 2032 MHz, 3996 MHz, 0 %, 0 %
2026/09/22 01:31:18.155, 1, 237.52 W, 38, 2032 MHz, 3996 MHz, 0 %, 0 %
2026/09/22 01:31:18.155, 2, 228.07 W, 32, 2032 MHz, 3996 MHz, 0 %, 0 %
2026/09/22 01:31:18.155, 3, 230.15 W, 32, 2032 MHz, 3996 MHz, 0 %, 0 %
2026/09/22 01:31:18.155, 4, 180.89 W, 36, 120 MHz, 3996 MHz, 0 %, 0 %
2026/09/22 01:31:18.155, 5, 178.68 W, 34, 120 MHz, 3996 MHz, 0 %, 0 %
2026/09/22 01:31:18.155, 6, 179.38 W, 30, 120 MHz, 3996 MHz, 0 %, 0 %
2026/09/22 01:31:18.155, 7, 181.50 W, 30, 120 MHz, 3996 MHz, 0 %, 0 %
2026/09/22 01:31:19.156, 0, 233.49 W, 37, 2032 MHz, 3996 MHz, 0 %, 0 %
2026/09/22 01:31:19.156, 1, 237.52 W, 38, 2032 MHz, 3996 MHz, 0 %, 0 %
2026/09/22 01:31:19.156, 2, 228.07 W, 32, 2032 MHz, 3996 MHz, 0 %, 0 %
2026/09/22 01:31:19.156, 3, 230.15 W, 32, 2032 MHz, 3996 MHz, 0 %, 0 %
2026/09/22 01:31:19.156, 4, 180.93 W, 36, 120 MHz, 3996 MHz, 0 %, 0 %
2026/09/22 01:31:19.156, 5, 178.72 W, 34, 120 MHz, 3996 MHz, 0 %, 0 %
2026/09/22 01:31:19.156, 6, 179.16 W, 30, 120 MHz, 3996 MHz, 0 %, 0 %
2026/09/22 01:31:19.156, 7, 181.54 W, 30, 120 MHz, 3996 MHz, 0 %, 0 %
2026/09/22 01:31:20.156, 0, 233.50 W, 37, 2032 MHz, 3996 MHz, 0 %, 0 %
2026/09/22 01:31:20.156, 1, 237.52 W, 38, 2032 MHz, 3996 MHz, 0 %, 0 %
2026/09/22 01:31:20.156, 2, 228.07 W, 32, 2032 MHz, 3996 MHz, 0 %, 0 %
2026/09/22 01:31:20.156, 3, 230.16 W, 32, 2032 MHz, 3996 MHz, 0 %, 0 %
2026/09/22 01:31:20.156, 4, 181.01 W, 36, 120 MHz, 3996 MHz, 0 %, 0 %
2026/09/22 01:31:20.156, 5, 178.64 W, 34, 120 MHz, 3996 MHz, 0 %, 0 %
2026/09/22 01:31:20.156, 6, 179.20 W, 30, 120 MHz, 3996 MHz, 0 %, 0 %
2026/09/22 01:31:20.156, 7, 181.54 W, 30, 120 MHz, 3996 MHz, 0 %, 0 %
2026/09/22 01:31:21.156, 0, 233.52 W, 37, 2032 MHz, 3996 MHz, 0 %, 0 %
2026/09/22 01:31:21.156, 1, 237.52 W, 38, 2032 MHz, 3996 MHz, 0 %, 0 %
2026/09/22 01:31:21.156, 2, 228.07 W, 32, 2032 MHz, 3996 MHz, 0 %, 0 %
2026/09/22 01:31:21.156, 3, 230.16 W, 32, 2032 MHz, 3996 MHz, 0 %, 0 %
2026/09/22 01:31:21.156, 4, 180.96 W, 36, 120 MHz, 3996 MHz, 0 %, 0 %
2026/09/22 01:31:21.156, 5, 178.68 W, 34, 120 MHz, 3996 MHz, 0 %, 0 %
2026/09/22 01:31:21.156, 6, 179.08 W, 30, 120 MHz, 3996 MHz, 0 %, 0 %
2026/09/22 01:31:21.156, 7, 181.54 W, 30, 120 MHz, 3996 MHz, 0 %, 0 %
2026/09/22 01:31:22.156, 0, 233.98 W, 37, 2032 MHz, 3996 MHz, 0 %, 0 %
2026/09/22 01:31:22.156, 1, 237.79 W, 38, 2032 MHz, 3996 MHz, 17 %, 1 %
2026/09/22 01:31:22.156, 2, 228.48 W, 32, 2032 MHz, 3996 MHz, 41 %, 1 %
2026/09/22 01:31:22.156, 3, 230.66 W, 32, 2032 MHz, 3996 MHz, 88 %, 0 %
2026/09/22 01:31:22.157, 4, 180.97 W, 36, 120 MHz, 3996 MHz, 0 %, 0 %
2026/09/22 01:31:22.157, 5, 178.72 W, 34, 120 MHz, 3996 MHz, 0 %, 0 %
2026/09/22 01:31:22.157, 6, 179.39 W, 30, 120 MHz, 3996 MHz, 0 %, 0 %
2026/09/22 01:31:22.157, 7, 181.54 W, 30, 120 MHz, 3996 MHz, 0 %, 0 %
2026/09/22 01:31:23.157, 0, 233.49 W, 37, 2032 MHz, 3996 MHz, 0 %, 0 %
2026/09/22 01:31:23.157, 1, 237.52 W, 38, 2032 MHz, 3996 MHz, 0 %, 0 %
2026/09/22 01:31:23.157, 2, 228.07 W, 32, 2032 MHz, 3996 MHz, 0 %, 0 %
2026/09/22 01:31:23.157, 3, 230.16 W, 32, 2032 MHz, 3996 MHz, 0 %, 0 %
2026/09/22 01:31:23.157, 4, 180.86 W, 36, 120 MHz, 3996 MHz, 0 %, 0 %
2026/09/22 01:31:23.157, 5, 178.64 W, 34, 120 MHz, 3996 MHz, 0 %, 0 %
2026/09/22 01:31:23.157, 6, 179.31 W, 30, 120 MHz, 3996 MHz, 0 %, 0 %
2026/09/22 01:31:23.157, 7, 181.54 W, 30, 120 MHz, 3996 MHz, 0 %, 0 %
2026/09/22 01:31:24.157, 0, 233.48 W, 37, 2032 MHz, 3996 MHz, 0 %, 0 %
2026/09/22 01:31:24.157, 1, 237.52 W, 38, 2032 MHz, 3996 MHz, 0 %, 0 %
2026/09/22 01:31:24.157, 2, 228.07 W, 32, 2032 MHz, 3996 MHz, 0 %, 0 %
2026/09/22 01:31:24.157, 3, 230.16 W, 32, 2032 MHz, 3996 MHz, 0 %, 0 %
2026/09/22 01:31:24.157, 4, 181.00 W, 36, 120 MHz, 3996 MHz, 0 %, 0 %
2026/09/22 01:31:24.157, 5, 178.91 W, 34, 120 MHz, 3996 MHz, 0 %, 0 %
2026/09/22 01:31:24.157, 6, 179.19 W, 30, 120 MHz, 3996 MHz, 0 %, 0 %
2026/09/22 01:31:24.157, 7, 181.54 W, 30, 120 MHz, 3996 MHz, 0 %, 0 %
2026/09/22 01:31:25.157, 0, 233.48 W, 37, 2032 MHz, 3996 MHz, 0 %, 0 %
2026/09/22 01:31:25.157, 1, 237.52 W, 38, 2032 MHz, 3996 MHz, 0 %, 0 %
2026/09/22 01:31:25.157, 2, 228.07 W, 32, 2032 MHz, 3996 MHz, 0 %, 0 %
2026/09/22 01:31:25.157, 3, 230.15 W, 32, 2032 MHz, 3996 MHz, 0 %, 0 %
2026/09/22 01:31:25.157, 4, 180.70 W, 36, 120 MHz, 3996 MHz, 0 %, 0 %
2026/09/22 01:31:25.157, 5, 178.75 W, 34, 120 MHz, 3996 MHz, 0 %, 0 %
2026/09/22 01:31:25.157, 6, 179.35 W, 30, 120 MHz, 3996 MHz, 0 %, 0 %
2026/09/22 01:31:25.157, 7, 181.50 W, 30, 120 MHz, 3996 MHz, 0 %, 0 %
2026/09/22 01:31:26.157, 0, 239.90 W, 37, 2032 MHz, 3996 MHz, 0 %, 0 %
2026/09/22 01:31:26.158, 1, 238.91 W, 38, 2032 MHz, 3996 MHz, 0 %, 0 %
2026/09/22 01:31:26.158, 2, 230.33 W, 32, 2032 MHz, 3996 MHz, 0 %, 0 %
2026/09/22 01:31:26.158, 3, 235.67 W, 32, 2032 MHz, 3996 MHz, 0 %, 0 %
2026/09/22 01:31:26.158, 4, 180.89 W, 36, 120 MHz, 3996 MHz, 0 %, 0 %
2026/09/22 01:31:26.158, 5, 178.72 W, 34, 120 MHz, 3996 MHz, 0 %, 0 %
2026/09/22 01:31:26.158, 6, 179.15 W, 30, 120 MHz, 3996 MHz, 0 %, 0 %
2026/09/22 01:31:26.158, 7, 181.54 W, 30, 120 MHz, 3996 MHz, 0 %, 0 %
2026/09/22 01:31:27.158, 0, 233.49 W, 37, 2032 MHz, 3996 MHz, 0 %, 0 %
2026/09/22 01:31:27.158, 1, 237.52 W, 38, 2032 MHz, 3996 MHz, 0 %, 0 %
2026/09/22 01:31:27.158, 2, 228.07 W, 32, 2032 MHz, 3996 MHz, 0 %, 0 %
2026/09/22 01:31:27.158, 3, 230.16 W, 32, 2032 MHz, 3996 MHz, 0 %, 0 %
2026/09/22 01:31:27.158, 4, 181.04 W, 36, 120 MHz, 3996 MHz, 0 %, 0 %
2026/09/22 01:31:27.158, 5, 178.80 W, 34, 120 MHz, 3996 MHz, 0 %, 0 %
2026/09/22 01:31:27.158, 6, 179.12 W, 30, 120 MHz, 3996 MHz, 0 %, 0 %
2026/09/22 01:31:27.158, 7, 181.54 W, 30, 120 MHz, 3996 MHz, 0 %, 0 %
2026/09/22 01:31:28.158, 0, 233.48 W, 37, 2032 MHz, 3996 MHz, 0 %, 0 %
2026/09/22 01:31:28.158, 1, 237.52 W, 38, 2032 MHz, 3996 MHz, 0 %, 0 %
2026/09/22 01:31:28.158, 2, 228.07 W, 32, 2032 MHz, 3996 MHz, 0 %, 0 %
2026/09/22 01:31:28.158, 3, 230.19 W, 32, 2032 MHz, 3996 MHz, 0 %, 0 %
2026/09/22 01:31:28.158, 4, 180.97 W, 36, 120 MHz, 3996 MHz, 0 %, 0 %
2026/09/22 01:31:28.158, 5, 178.72 W, 34, 120 MHz, 3996 MHz, 0 %, 0 %
2026/09/22 01:31:28.158, 6, 179.39 W, 30, 120 MHz, 3996 MHz, 0 %, 0 %
2026/09/22 01:31:28.158, 7, 181.54 W, 30, 120 MHz, 3996 MHz, 0 %, 0 %
2026/09/22 01:31:29.158, 0, 233.52 W, 37, 2032 MHz, 3996 MHz, 0 %, 0 %
2026/09/22 01:31:29.158, 1, 237.52 W, 38, 2032 MHz, 3996 MHz, 0 %, 0 %
2026/09/22 01:31:29.158, 2, 228.07 W, 32, 2032 MHz, 3996 MHz, 0 %, 0 %
2026/09/22 01:31:29.158, 3, 230.16 W, 32, 2032 MHz, 3996 MHz, 0 %, 0 %
2026/09/22 01:31:29.158, 4, 180.85 W, 36, 120 MHz, 3996 MHz, 0 %, 0 %
2026/09/22 01:31:29.158, 5, 178.79 W, 34, 120 MHz, 3996 MHz, 0 %, 0 %
2026/09/22 01:31:29.158, 6, 179.35 W, 30, 120 MHz, 3996 MHz, 0 %, 0 %
2026/09/22 01:31:29.158, 7, 181.50 W, 30, 120 MHz, 3996 MHz, 0 %, 0 %
2026/09/22 01:31:30.159, 0, 233.51 W, 37, 2032 MHz, 3996 MHz, 0 %, 0 %
2026/09/22 01:31:30.159, 1, 237.52 W, 38, 2032 MHz, 3996 MHz, 0 %, 0 %
2026/09/22 01:31:30.159, 2, 228.07 W, 32, 2032 MHz, 3996 MHz, 0 %, 0 %
2026/09/22 01:31:30.159, 3, 230.16 W, 32, 2032 MHz, 3996 MHz, 0 %, 0 %
2026/09/22 01:31:30.159, 4, 181.01 W, 36, 120 MHz, 3996 MHz, 0 %, 0 %
2026/09/22 01:31:30.159, 5, 178.76 W, 34, 120 MHz, 3996 MHz, 0 %, 0 %
2026/09/22 01:31:30.159, 6, 179.27 W, 30, 120 MHz, 3996 MHz, 0 %, 0 %
2026/09/22 01:31:30.159, 7, 181.54 W, 30, 120 MHz, 3996 MHz, 0 %, 0 %
2026/09/22 01:31:31.159, 0, 233.53 W, 37, 2032 MHz, 3996 MHz, 0 %, 0 %
2026/09/22 01:31:31.159, 1, 237.52 W, 38, 2032 MHz, 3996 MHz, 0 %, 0 %
2026/09/22 01:31:31.159, 2, 228.07 W, 32, 2032 MHz, 3996 MHz, 0 %, 0 %
2026/09/22 01:31:31.159, 3, 230.16 W, 32, 2032 MHz, 3996 MHz, 0 %, 0 %
2026/09/22 01:31:31.159, 4, 181.16 W, 36, 120 MHz, 3996 MHz, 0 %, 0 %
2026/09/22 01:31:31.159, 5, 178.68 W, 34, 120 MHz, 3996 MHz, 0 %, 0 %
2026/09/22 01:31:31.159, 6, 179.16 W, 30, 120 MHz, 3996 MHz, 0 %, 0 %
2026/09/22 01:31:31.159, 7, 181.54 W, 30, 120 MHz, 3996 MHz, 0 %, 0 %
2026/09/22 01:31:32.159, 0, 233.51 W, 37, 2032 MHz, 3996 MHz, 0 %, 0 %
2026/09/22 01:31:32.159, 1, 237.52 W, 38, 2032 MHz, 3996 MHz, 0 %, 0 %
2026/09/22 01:31:32.159, 2, 228.07 W, 32, 2032 MHz, 3996 MHz, 0 %, 0 %
2026/09/22 01:31:32.159, 3, 230.16 W, 32, 2032 MHz, 3996 MHz, 0 %, 0 %
2026/09/22 01:31:32.159, 4, 180.93 W, 36, 120 MHz, 3996 MHz, 0 %, 0 %
2026/09/22 01:31:32.159, 5, 178.68 W, 34, 120 MHz, 3996 MHz, 0 %, 0 %
2026/09/22 01:31:32.159, 6, 179.27 W, 30, 120 MHz, 3996 MHz, 0 %, 0 %
2026/09/22 01:31:32.159, 7, 181.54 W, 30, 120 MHz, 3996 MHz, 0 %, 0 %
2026/09/22 01:31:33.159, 0, 233.52 W, 37, 2032 MHz, 3996 MHz, 0 %, 0 %
2026/09/22 01:31:33.159, 1, 237.52 W, 38, 2032 MHz, 3996 MHz, 0 %, 0 %
2026/09/22 01:31:33.159, 2, 228.07 W, 32, 2032 MHz, 3996 MHz, 0 %, 0 %
2026/09/22 01:31:33.159, 3, 230.16 W, 32, 2032 MHz, 3996 MHz, 0 %, 0 %
2026/09/22 01:31:33.159, 4, 180.97 W, 36, 120 MHz, 3996 MHz, 0 %, 0 %
2026/09/22 01:31:33.159, 5, 178.68 W, 34, 120 MHz, 3996 MHz, 0 %, 0 %
2026/09/22 01:31:33.160, 6, 179.20 W, 30, 120 MHz, 3996 MHz, 0 %, 0 %
2026/09/22 01:31:33.160, 7, 181.54 W, 30, 120 MHz, 3996 MHz, 0 %, 0 %
2026/09/22 01:31:34.160, 0, 233.50 W, 37, 2032 MHz, 3996 MHz, 0 %, 0 %
2026/09/22 01:31:34.160, 1, 237.52 W, 38, 2032 MHz, 3996 MHz, 0 %, 0 %
2026/09/22 01:31:34.160, 2, 228.07 W, 32, 2032 MHz, 3996 MHz, 0 %, 0 %
2026/09/22 01:31:34.160, 3, 230.15 W, 32, 2032 MHz, 3996 MHz, 0 %, 0 %
2026/09/22 01:31:34.160, 4, 180.96 W, 36, 120 MHz, 3996 MHz, 0 %, 0 %
2026/09/22 01:31:34.160, 5, 178.64 W, 34, 120 MHz, 3996 MHz, 0 %, 0 %
2026/09/22 01:31:34.160, 6, 179.35 W, 30, 120 MHz, 3996 MHz, 0 %, 0 %
2026/09/22 01:31:34.160, 7, 181.54 W, 30, 120 MHz, 3996 MHz, 0 %, 0 %
2026/09/22 01:31:35.160, 0, 233.48 W, 37, 2032 MHz, 3996 MHz, 0 %, 0 %
2026/09/22 01:31:35.160, 1, 237.52 W, 38, 2032 MHz, 3996 MHz, 0 %, 0 %
2026/09/22 01:31:35.160, 2, 228.07 W, 32, 2032 MHz, 3996 MHz, 0 %, 0 %
2026/09/22 01:31:35.160, 3, 230.16 W, 32, 2032 MHz, 3996 MHz, 0 %, 0 %
2026/09/22 01:31:35.160, 4, 180.96 W, 36, 120 MHz, 3996 MHz, 0 %, 0 %
2026/09/22 01:31:35.160, 5, 178.68 W, 34, 120 MHz, 3996 MHz, 0 %, 0 %
2026/09/22 01:31:35.160, 6, 179.23 W, 30, 120 MHz, 3996 MHz, 0 %, 0 %
2026/09/22 01:31:35.160, 7, 181.54 W, 30, 120 MHz, 3996 MHz, 0 %, 0 %
2026/09/22 01:31:36.160, 0, 233.50 W, 37, 2032 MHz, 3996 MHz, 0 %, 0 %
2026/09/22 01:31:36.160, 1, 237.52 W, 38, 2032 MHz, 3996 MHz, 0 %, 0 %
2026/09/22 01:31:36.160, 2, 228.07 W, 32, 2032 MHz, 3996 MHz, 0 %, 0 %
2026/09/22 01:31:36.160, 3, 230.16 W, 32, 2032 MHz, 3996 MHz, 0 %, 0 %
2026/09/22 01:31:36.160, 4, 180.89 W, 36, 120 MHz, 3996 MHz, 0 %, 0 %
2026/09/22 01:31:36.160, 5, 178.64 W, 34, 120 MHz, 3996 MHz, 0 %, 0 %
2026/09/22 01:31:36.160, 6, 179.35 W, 30, 120 MHz, 3996 MHz, 0 %, 0 %
2026/09/22 01:31:36.160, 7, 181.46 W, 30, 120 MHz, 3996 MHz, 0 %, 0 %
2026/09/22 01:31:37.160, 0, 291.68 W, 40, 2032 MHz, 3996 MHz, 34 %, 6 %
2026/09/22 01:31:37.160, 1, 312.87 W, 43, 2032 MHz, 3996 MHz, 42 %, 11 %
2026/09/22 01:31:37.160, 2, 291.10 W, 35, 2032 MHz, 3996 MHz, 39 %, 12 %
2026/09/22 01:31:37.160, 3, 304.51 W, 34, 2032 MHz, 3996 MHz, 37 %, 13 %
2026/09/22 01:31:37.161, 4, 180.90 W, 36, 120 MHz, 3996 MHz, 0 %, 0 %
2026/09/22 01:31:37.161, 5, 178.68 W, 34, 120 MHz, 3996 MHz, 0 %, 0 %
2026/09/22 01:31:37.161, 6, 179.12 W, 30, 120 MHz, 3996 MHz, 0 %, 0 %
2026/09/22 01:31:37.161, 7, 181.54 W, 30, 120 MHz, 3996 MHz, 0 %, 0 %
2026/09/22 01:31:38.161, 0, 460.16 W, 41, 2032 MHz, 3996 MHz, 37 %, 10 %
2026/09/22 01:31:38.161, 1, 464.49 W, 41, 2032 MHz, 3996 MHz, 39 %, 11 %
2026/09/22 01:31:38.161, 2, 459.24 W, 36, 2032 MHz, 3996 MHz, 34 %, 9 %
2026/09/22 01:31:38.161, 3, 470.67 W, 36, 2032 MHz, 3996 MHz, 38 %, 12 %
2026/09/22 01:31:38.161, 4, 180.85 W, 36, 120 MHz, 3996 MHz, 0 %, 0 %
2026/09/22 01:31:38.161, 5, 178.64 W, 34, 120 MHz, 3996 MHz, 0 %, 0 %
2026/09/22 01:31:38.161, 6, 179.31 W, 30, 120 MHz, 3996 MHz, 0 %, 0 %
2026/09/22 01:31:38.161, 7, 181.54 W, 30, 120 MHz, 3996 MHz, 0 %, 0 %
2026/09/22 01:31:39.161, 0, 248.03 W, 38, 2032 MHz, 3996 MHz, 7 %, 2 %
2026/09/22 01:31:39.161, 1, 247.09 W, 39, 2032 MHz, 3996 MHz, 21 %, 1 %
2026/09/22 01:31:39.161, 2, 245.88 W, 32, 2032 MHz, 3996 MHz, 11 %, 1 %
2026/09/22 01:31:39.161, 3, 237.49 W, 33, 2032 MHz, 3996 MHz, 59 %, 2 %
2026/09/22 01:31:39.161, 4, 180.85 W, 36, 120 MHz, 3996 MHz, 0 %, 0 %
2026/09/22 01:31:39.161, 5, 178.68 W, 34, 120 MHz, 3996 MHz, 0 %, 0 %
2026/09/22 01:31:39.161, 6, 179.27 W, 30, 120 MHz, 3996 MHz, 0 %, 0 %
2026/09/22 01:31:39.161, 7, 181.50 W, 30, 120 MHz, 3996 MHz, 0 %, 0 %
2026/09/22 01:31:40.161, 0, 239.36 W, 38, 2032 MHz, 3996 MHz, 0 %, 0 %
2026/09/22 01:31:40.161, 1, 251.63 W, 39, 2032 MHz, 3996 MHz, 43 %, 1 %
2026/09/22 01:31:40.161, 2, 243.75 W, 32, 2032 MHz, 3996 MHz, 41 %, 1 %
2026/09/22 01:31:40.161, 3, 243.01 W, 32, 2032 MHz, 3996 MHz, 0 %, 0 %
2026/09/22 01:31:40.161, 4, 181.01 W, 36, 120 MHz, 3996 MHz, 0 %, 0 %
2026/09/22 01:31:40.161, 5, 178.72 W, 34, 120 MHz, 3996 MHz, 0 %, 0 %
2026/09/22 01:31:40.161, 6, 179.19 W, 30, 120 MHz, 3996 MHz, 0 %, 0 %
2026/09/22 01:31:40.161, 7, 181.50 W, 30, 120 MHz, 3996 MHz, 0 %, 0 %
2026/09/22 01:31:41.161, 0, 240.80 W, 37, 2032 MHz, 3996 MHz, 0 %, 0 %
2026/09/22 01:31:41.161, 1, 246.67 W, 39, 2032 MHz, 3996 MHz, 0 %, 0 %
2026/09/22 01:31:41.162, 2, 239.94 W, 32, 2032 MHz, 3996 MHz, 0 %, 0 %
2026/09/22 01:31:41.162, 3, 241.87 W, 32, 2032 MHz, 3996 MHz, 0 %, 0 %
2026/09/22 01:31:41.162, 4, 180.89 W, 36, 120 MHz, 3996 MHz, 0 %, 0 %
2026/09/22 01:31:41.162, 5, 178.68 W, 34, 120 MHz, 3996 MHz, 0 %, 0 %
2026/09/22 01:31:41.162, 6, 179.23 W, 30, 120 MHz, 3996 MHz, 0 %, 0 %
2026/09/22 01:31:41.162, 7, 181.54 W, 30, 120 MHz, 3996 MHz, 0 %, 0 %
2026/09/22 01:31:42.162, 0, 233.98 W, 37, 2032 MHz, 3996 MHz, 0 %, 0 %
2026/09/22 01:31:42.162, 1, 244.65 W, 40, 2032 MHz, 3996 MHz, 4 %, 1 %
2026/09/22 01:31:42.162, 2, 228.11 W, 32, 2032 MHz, 3996 MHz, 0 %, 0 %
2026/09/22 01:31:42.162, 3, 231.85 W, 32, 2032 MHz, 3996 MHz, 0 %, 0 %
2026/09/22 01:31:42.162, 4, 181.12 W, 36, 120 MHz, 3996 MHz, 0 %, 0 %
2026/09/22 01:31:42.162, 5, 178.68 W, 34, 120 MHz, 3996 MHz, 0 %, 0 %
2026/09/22 01:31:42.162, 6, 179.22 W, 30, 120 MHz, 3996 MHz, 0 %, 0 %
2026/09/22 01:31:42.162, 7, 181.50 W, 30, 120 MHz, 3996 MHz, 0 %, 0 %
2026/09/22 01:31:43.162, 0, 288.67 W, 38, 2032 MHz, 3996 MHz, 0 %, 0 %
2026/09/22 01:31:43.162, 1, 294.69 W, 39, 2032 MHz, 3996 MHz, 0 %, 0 %
2026/09/22 01:31:43.162, 2, 285.81 W, 32, 2032 MHz, 3996 MHz, 0 %, 0 %
2026/09/22 01:31:43.162, 3, 287.53 W, 32, 2032 MHz, 3996 MHz, 0 %, 0 %
2026/09/22 01:31:43.162, 4, 181.01 W, 36, 120 MHz, 3996 MHz, 0 %, 0 %
2026/09/22 01:31:43.162, 5, 178.68 W, 34, 120 MHz, 3996 MHz, 0 %, 0 %
2026/09/22 01:31:43.162, 6, 179.03 W, 30, 120 MHz, 3996 MHz, 0 %, 0 %
2026/09/22 01:31:43.162, 7, 181.50 W, 30, 120 MHz, 3996 MHz, 0 %, 0 %
2026/09/22 01:31:44.162, 0, 285.35 W, 39, 2032 MHz, 3996 MHz, 34 %, 19 %
2026/09/22 01:31:44.162, 1, 276.10 W, 39, 2032 MHz, 3996 MHz, 25 %, 11 %
2026/09/22 01:31:44.162, 2, 294.35 W, 33, 2032 MHz, 3996 MHz, 34 %, 21 %
2026/09/22 01:31:44.162, 3, 285.00 W, 33, 2032 MHz, 3996 MHz, 33 %, 18 %
2026/09/22 01:31:44.162, 4, 180.86 W, 36, 120 MHz, 3996 MHz, 0 %, 0 %
2026/09/22 01:31:44.162, 5, 178.68 W, 34, 120 MHz, 3996 MHz, 0 %, 0 %
2026/09/22 01:31:44.162, 6, 179.04 W, 30, 120 MHz, 3996 MHz, 0 %, 0 %
2026/09/22 01:31:44.162, 7, 181.54 W, 30, 120 MHz, 3996 MHz, 0 %, 0 %
2026/09/22 01:31:45.163, 0, 300.17 W, 39, 2032 MHz, 3996 MHz, 25 %, 14 %
2026/09/22 01:31:45.163, 1, 285.46 W, 39, 2032 MHz, 3996 MHz, 25 %, 11 %
2026/09/22 01:31:45.163, 2, 311.51 W, 33, 2032 MHz, 3996 MHz, 29 %, 17 %
2026/09/22 01:31:45.163, 3, 297.41 W, 33, 2032 MHz, 3996 MHz, 26 %, 14 %
2026/09/22 01:31:45.163, 4, 180.93 W, 36, 120 MHz, 3996 MHz, 0 %, 0 %
2026/09/22 01:31:45.163, 5, 178.84 W, 34, 120 MHz, 3996 MHz, 0 %, 0 %
2026/09/22 01:31:45.163, 6, 179.27 W, 30, 120 MHz, 3996 MHz, 0 %, 0 %
2026/09/22 01:31:45.163, 7, 181.54 W, 30, 120 MHz, 3996 MHz, 0 %, 0 %
2026/09/22 01:31:46.163, 0, 316.33 W, 39, 2032 MHz, 3996 MHz, 32 %, 21 %
2026/09/22 01:31:46.163, 1, 292.71 W, 40, 2032 MHz, 3996 MHz, 26 %, 14 %
2026/09/22 01:31:46.163, 2, 325.70 W, 34, 2032 MHz, 3996 MHz, 37 %, 24 %
2026/09/22 01:31:46.163, 3, 314.25 W, 34, 2032 MHz, 3996 MHz, 33 %, 21 %
2026/09/22 01:31:46.163, 4, 181.09 W, 36, 120 MHz, 3996 MHz, 0 %, 0 %
2026/09/22 01:31:46.163, 5, 178.72 W, 34, 120 MHz, 3996 MHz, 0 %, 0 %
2026/09/22 01:31:46.163, 6, 179.27 W, 30, 120 MHz, 3996 MHz, 0 %, 0 %
2026/09/22 01:31:46.163, 7, 181.54 W, 30, 120 MHz, 3996 MHz, 0 %, 0 %
2026/09/22 01:31:47.163, 0, 337.40 W, 39, 2032 MHz, 3996 MHz, 33 %, 21 %
2026/09/22 01:31:47.163, 1, 305.90 W, 40, 2032 MHz, 3996 MHz, 27 %, 15 %
2026/09/22 01:31:47.163, 2, 350.30 W, 34, 2032 MHz, 3996 MHz, 37 %, 24 %
2026/09/22 01:31:47.163, 3, 334.28 W, 34, 2032 MHz, 3996 MHz, 32 %, 20 %
2026/09/22 01:31:47.163, 4, 180.89 W, 36, 120 MHz, 3996 MHz, 0 %, 0 %
2026/09/22 01:31:47.163, 5, 178.72 W, 34, 120 MHz, 3996 MHz, 0 %, 0 %
2026/09/22 01:31:47.163, 6, 179.31 W, 30, 120 MHz, 3996 MHz, 0 %, 0 %
2026/09/22 01:31:47.163, 7, 181.50 W, 30, 120 MHz, 3996 MHz, 0 %, 0 %
2026/09/22 01:31:48.163, 0, 329.72 W, 39, 2032 MHz, 3996 MHz, 30 %, 19 %
2026/09/22 01:31:48.163, 1, 350.66 W, 41, 2032 MHz, 3996 MHz, 32 %, 23 %
2026/09/22 01:31:48.163, 2, 372.95 W, 35, 2032 MHz, 3996 MHz, 37 %, 29 %
2026/09/22 01:31:48.163, 3, 327.56 W, 34, 2032 MHz, 3996 MHz, 29 %, 18 %
2026/09/22 01:31:48.163, 4, 180.97 W, 36, 120 MHz, 3996 MHz, 0 %, 0 %
2026/09/22 01:31:48.163, 5, 178.68 W, 34, 120 MHz, 3996 MHz, 0 %, 0 %
2026/09/22 01:31:48.163, 6, 179.05 W, 30, 120 MHz, 3996 MHz, 0 %, 0 %
2026/09/22 01:31:48.163, 7, 181.46 W, 30, 120 MHz, 3996 MHz, 0 %, 0 %
2026/09/22 01:31:49.164, 0, 344.80 W, 40, 2032 MHz, 3996 MHz, 35 %, 22 %
2026/09/22 01:31:49.164, 1, 380.22 W, 41, 2032 MHz, 3996 MHz, 37 %, 27 %
2026/09/22 01:31:49.164, 2, 403.17 W, 35, 2032 MHz, 3996 MHz, 42 %, 33 %
2026/09/22 01:31:49.164, 3, 341.89 W, 34, 2032 MHz, 3996 MHz, 34 %, 22 %
2026/09/22 01:31:49.164, 4, 181.17 W, 36, 120 MHz, 3996 MHz, 0 %, 0 %
2026/09/22 01:31:49.164, 5, 178.68 W, 34, 120 MHz, 3996 MHz, 0 %, 0 %
2026/09/22 01:31:49.164, 6, 179.30 W, 30, 120 MHz, 3996 MHz, 0 %, 0 %
2026/09/22 01:31:49.164, 7, 181.50 W, 30, 120 MHz, 3996 MHz, 0 %, 0 %
2026/09/22 01:31:50.164, 0, 391.75 W, 41, 2032 MHz, 3996 MHz, 44 %, 35 %
2026/09/22 01:31:50.164, 1, 422.98 W, 42, 2032 MHz, 3996 MHz, 46 %, 38 %
2026/09/22 01:31:50.164, 2, 443.04 W, 36, 2032 MHz, 3996 MHz, 51 %, 44 %
2026/09/22 01:31:50.164, 3, 365.01 W, 35, 2032 MHz, 3996 MHz, 38 %, 28 %
2026/09/22 01:31:50.164, 4, 180.96 W, 36, 120 MHz, 3996 MHz, 0 %, 0 %
2026/09/22 01:31:50.164, 5, 178.76 W, 34, 120 MHz, 3996 MHz, 0 %, 0 %
2026/09/22 01:31:50.164, 6, 178.89 W, 30, 120 MHz, 3996 MHz, 0 %, 0 %
2026/09/22 01:31:50.164, 7, 181.50 W, 30, 120 MHz, 3996 MHz, 0 %, 0 %
2026/09/22 01:31:51.164, 0, 423.36 W, 41, 2032 MHz, 3996 MHz, 45 %, 36 %
2026/09/22 01:31:51.164, 1, 443.80 W, 42, 2032 MHz, 3996 MHz, 46 %, 38 %
2026/09/22 01:31:51.164, 2, 464.34 W, 36, 2032 MHz, 3996 MHz, 51 %, 44 %
2026/09/22 01:31:51.164, 3, 374.80 W, 35, 2032 MHz, 3996 MHz, 37 %, 27 %
2026/09/22 01:31:51.164, 4, 180.86 W, 36, 120 MHz, 3996 MHz, 0 %, 0 %
2026/09/22 01:31:51.164, 5, 178.68 W, 34, 120 MHz, 3996 MHz, 0 %, 0 %
2026/09/22 01:31:51.164, 6, 179.35 W, 30, 120 MHz, 3996 MHz, 0 %, 0 %
2026/09/22 01:31:51.164, 7, 181.50 W, 30, 120 MHz, 3996 MHz, 0 %, 0 %
2026/09/22 01:31:52.164, 0, 374.86 W, 40, 2032 MHz, 3996 MHz, 5 %, 1 %
2026/09/22 01:31:52.164, 1, 382.29 W, 40, 2032 MHz, 3996 MHz, 0 %, 0 %
2026/09/22 01:31:52.164, 2, 405.25 W, 35, 2032 MHz, 3996 MHz, 0 %, 0 %
2026/09/22 01:31:52.164, 3, 332.77 W, 34, 2032 MHz, 3996 MHz, 4 %, 1 %
2026/09/22 01:31:52.164, 4, 180.66 W, 36, 120 MHz, 3996 MHz, 0 %, 0 %
2026/09/22 01:31:52.164, 5, 178.76 W, 34, 120 MHz, 3996 MHz, 0 %, 0 %
2026/09/22 01:31:52.164, 6, 179.04 W, 30, 120 MHz, 3996 MHz, 0 %, 0 %
2026/09/22 01:31:52.164, 7, 181.46 W, 30, 120 MHz, 3996 MHz, 0 %, 0 %
2026/09/22 01:31:53.164, 0, 235.80 W, 38, 2032 MHz, 3996 MHz, 0 %, 0 %
2026/09/22 01:31:53.165, 1, 239.22 W, 39, 2032 MHz, 3996 MHz, 0 %, 0 %
2026/09/22 01:31:53.165, 2, 230.22 W, 33, 2032 MHz, 3996 MHz, 0 %, 0 %
2026/09/22 01:31:53.165, 3, 232.35 W, 33, 2032 MHz, 3996 MHz, 0 %, 0 %
2026/09/22 01:31:53.165, 4, 180.93 W, 36, 120 MHz, 3996 MHz, 0 %, 0 %
2026/09/22 01:31:53.165, 5, 178.72 W, 34, 120 MHz, 3996 MHz, 0 %, 0 %
2026/09/22 01:31:53.165, 6, 179.31 W, 30, 120 MHz, 3996 MHz, 0 %, 0 %
2026/09/22 01:31:53.165, 7, 181.54 W, 30, 120 MHz, 3996 MHz, 0 %, 0 %
2026/09/22 01:31:54.165, 0, 234.64 W, 38, 2032 MHz, 3996 MHz, 1 %, 0 %
2026/09/22 01:31:54.165, 1, 237.67 W, 39, 2032 MHz, 3996 MHz, 0 %, 0 %
2026/09/22 01:31:54.165, 2, 228.82 W, 33, 2032 MHz, 3996 MHz, 0 %, 0 %
2026/09/22 01:31:54.165, 3, 230.66 W, 32, 2032 MHz, 3996 MHz, 1 %, 0 %
2026/09/22 01:31:54.165, 4, 180.78 W, 36, 120 MHz, 3996 MHz, 0 %, 0 %
2026/09/22 01:31:54.165, 5, 178.64 W, 34, 120 MHz, 3996 MHz, 0 %, 0 %
2026/09/22 01:31:54.165, 6, 179.31 W, 30, 120 MHz, 3996 MHz, 0 %, 0 %
2026/09/22 01:31:54.165, 7, 181.46 W, 30, 120 MHz, 3996 MHz, 0 %, 0 %
2026/09/22 01:31:55.165, 0, 234.58 W, 38, 2032 MHz, 3996 MHz, 0 %, 0 %
2026/09/22 01:31:55.165, 1, 237.55 W, 39, 2032 MHz, 3996 MHz, 0 %, 0 %
2026/09/22 01:31:55.165, 2, 228.23 W, 33, 2032 MHz, 3996 MHz, 0 %, 0 %
2026/09/22 01:31:55.165, 3, 230.35 W, 32, 2032 MHz, 3996 MHz, 0 %, 0 %
2026/09/22 01:31:55.165, 4, 180.96 W, 36, 120 MHz, 3996 MHz, 0 %, 0 %
2026/09/22 01:31:55.165, 5, 178.72 W, 34, 120 MHz, 3996 MHz, 0 %, 0 %
2026/09/22 01:31:55.165, 6, 179.12 W, 30, 120 MHz, 3996 MHz, 0 %, 0 %
2026/09/22 01:31:55.165, 7, 181.54 W, 30, 120 MHz, 3996 MHz, 0 %, 0 %
2026/09/22 01:31:56.165, 0, 234.02 W, 38, 2032 MHz, 3996 MHz, 0 %, 0 %
2026/09/22 01:31:56.165, 1, 237.51 W, 39, 2032 MHz, 3996 MHz, 0 %, 0 %
2026/09/22 01:31:56.165, 2, 228.15 W, 32, 2032 MHz, 3996 MHz, 0 %, 0 %
2026/09/22 01:31:56.165, 3, 230.31 W, 32, 2032 MHz, 3996 MHz, 0 %, 0 %
2026/09/22 01:31:56.165, 4, 181.00 W, 35, 120 MHz, 3996 MHz, 0 %, 0 %
2026/09/22 01:31:56.165, 5, 178.64 W, 34, 120 MHz, 3996 MHz, 0 %, 0 %
2026/09/22 01:31:56.165, 6, 179.16 W, 30, 120 MHz, 3996 MHz, 0 %, 0 %
2026/09/22 01:31:56.165, 7, 181.54 W, 30, 120 MHz, 3996 MHz, 0 %, 0 %
2026/09/22 01:31:57.166, 0, 234.15 W, 38, 2032 MHz, 3996 MHz, 0 %, 0 %
2026/09/22 01:31:57.166, 1, 237.52 W, 39, 2032 MHz, 3996 MHz, 0 %, 0 %
2026/09/22 01:31:57.166, 2, 228.23 W, 32, 2032 MHz, 3996 MHz, 0 %, 0 %
2026/09/22 01:31:57.166, 3, 230.19 W, 32, 2032 MHz, 3996 MHz, 0 %, 0 %
2026/09/22 01:31:57.166, 4, 180.81 W, 36, 120 MHz, 3996 MHz, 0 %, 0 %
2026/09/22 01:31:57.166, 5, 178.64 W, 34, 120 MHz, 3996 MHz, 0 %, 0 %
2026/09/22 01:31:57.166, 6, 179.04 W, 30, 120 MHz, 3996 MHz, 0 %, 0 %
2026/09/22 01:31:57.166, 7, 181.54 W, 30, 120 MHz, 3996 MHz, 0 %, 0 %
2026/09/22 01:31:58.166, 0, 391.24 W, 41, 2032 MHz, 3996 MHz, 46 %, 38 %
2026/09/22 01:31:58.166, 1, 449.75 W, 43, 2032 MHz, 3996 MHz, 54 %, 48 %
2026/09/22 01:31:58.166, 2, 406.11 W, 36, 2032 MHz, 3996 MHz, 52 %, 45 %
2026/09/22 01:31:58.166, 3, 421.31 W, 36, 2032 MHz, 3996 MHz, 51 %, 44 %
2026/09/22 01:31:58.166, 4, 180.97 W, 36, 120 MHz, 3996 MHz, 0 %, 0 %
2026/09/22 01:31:58.166, 5, 178.68 W, 34, 120 MHz, 3996 MHz, 0 %, 0 %
2026/09/22 01:31:58.166, 6, 179.19 W, 30, 120 MHz, 3996 MHz, 0 %, 0 %
2026/09/22 01:31:58.166, 7, 181.54 W, 30, 120 MHz, 3996 MHz, 0 %, 0 %
2026/09/22 01:31:59.166, 0, 411.61 W, 41, 2032 MHz, 3996 MHz, 40 %, 32 %
2026/09/22 01:31:59.166, 1, 465.65 W, 43, 2032 MHz, 3996 MHz, 44 %, 39 %
2026/09/22 01:31:59.166, 2, 442.81 W, 36, 2032 MHz, 3996 MHz, 42 %, 37 %
2026/09/22 01:31:59.166, 3, 444.27 W, 36, 2032 MHz, 3996 MHz, 45 %, 39 %
2026/09/22 01:31:59.166, 4, 181.04 W, 35, 120 MHz, 3996 MHz, 0 %, 0 %
2026/09/22 01:31:59.166, 5, 178.76 W, 34, 120 MHz, 3996 MHz, 0 %, 0 %
2026/09/22 01:31:59.166, 6, 179.12 W, 30, 120 MHz, 3996 MHz, 0 %, 0 %
2026/09/22 01:31:59.166, 7, 181.46 W, 30, 120 MHz, 3996 MHz, 0 %, 0 %
2026/09/22 01:32:00.166, 0, 396.28 W, 40, 2032 MHz, 3996 MHz, 19 %, 15 %
2026/09/22 01:32:00.166, 1, 446.55 W, 43, 2032 MHz, 3996 MHz, 24 %, 21 %
2026/09/22 01:32:00.166, 2, 420.63 W, 35, 2032 MHz, 3996 MHz, 14 %, 12 %
2026/09/22 01:32:00.166, 3, 430.46 W, 35, 2032 MHz, 3996 MHz, 21 %, 18 %
2026/09/22 01:32:00.166, 4, 181.00 W, 36, 120 MHz, 3996 MHz, 0 %, 0 %
2026/09/22 01:32:00.166, 5, 178.64 W, 34, 120 MHz, 3996 MHz, 0 %, 0 %
2026/09/22 01:32:00.166, 6, 179.15 W, 30, 120 MHz, 3996 MHz, 0 %, 0 %
2026/09/22 01:32:00.166, 7, 181.54 W, 30, 120 MHz, 3996 MHz, 0 %, 0 %
2026/09/22 01:32:01.167, 0, 466.94 W, 42, 2032 MHz, 3996 MHz, 48 %, 42 %
2026/09/22 01:32:01.167, 1, 472.09 W, 43, 2032 MHz, 3996 MHz, 47 %, 42 %
2026/09/22 01:32:01.167, 2, 462.82 W, 36, 2032 MHz, 3996 MHz, 48 %, 43 %
2026/09/22 01:32:01.167, 3, 489.97 W, 37, 2032 MHz, 3996 MHz, 49 %, 45 %
2026/09/22 01:32:01.167, 4, 181.15 W, 36, 120 MHz, 3996 MHz, 0 %, 0 %
2026/09/22 01:32:01.167, 5, 178.68 W, 34, 120 MHz, 3996 MHz, 0 %, 0 %
2026/09/22 01:32:01.167, 6, 179.12 W, 30, 120 MHz, 3996 MHz, 0 %, 0 %
2026/09/22 01:32:01.167, 7, 181.50 W, 30, 120 MHz, 3996 MHz, 0 %, 0 %
2026/09/22 01:32:02.167, 0, 474.34 W, 42, 2032 MHz, 3996 MHz, 48 %, 42 %
2026/09/22 01:32:02.167, 1, 479.92 W, 44, 2032 MHz, 3996 MHz, 50 %, 45 %
2026/09/22 01:32:02.167, 2, 469.66 W, 37, 2032 MHz, 3996 MHz, 50 %, 45 %
2026/09/22 01:32:02.167, 3, 490.16 W, 37, 2032 MHz, 3996 MHz, 52 %, 47 %
2026/09/22 01:32:02.167, 4, 180.66 W, 36, 120 MHz, 3996 MHz, 0 %, 0 %
2026/09/22 01:32:02.167, 5, 178.64 W, 34, 120 MHz, 3996 MHz, 0 %, 0 %
2026/09/22 01:32:02.167, 6, 179.27 W, 30, 120 MHz, 3996 MHz, 0 %, 0 %
2026/09/22 01:32:02.167, 7, 181.50 W, 30, 120 MHz, 3996 MHz, 0 %, 0 %
2026/09/22 01:32:03.167, 0, 453.28 W, 43, 2032 MHz, 3996 MHz, 45 %, 40 %
2026/09/22 01:32:03.167, 1, 445.90 W, 42, 2032 MHz, 3996 MHz, 20 %, 16 %
2026/09/22 01:32:03.167, 2, 446.61 W, 37, 2032 MHz, 3996 MHz, 32 %, 28 %
2026/09/22 01:32:03.167, 3, 454.63 W, 37, 2032 MHz, 3996 MHz, 47 %, 43 %
2026/09/22 01:32:03.167, 4, 180.89 W, 36, 120 MHz, 3996 MHz, 0 %, 0 %
2026/09/22 01:32:03.167, 5, 178.68 W, 34, 120 MHz, 3996 MHz, 0 %, 0 %
2026/09/22 01:32:03.167, 6, 179.43 W, 30, 120 MHz, 3996 MHz, 0 %, 0 %
2026/09/22 01:32:03.167, 7, 181.53 W, 30, 120 MHz, 3996 MHz, 0 %, 0 %
2026/09/22 01:32:04.167, 0, 235.77 W, 39, 2032 MHz, 3996 MHz, 0 %, 0 %
2026/09/22 01:32:04.167, 1, 239.56 W, 40, 2032 MHz, 3996 MHz, 0 %, 0 %
2026/09/22 01:32:04.167, 2, 230.28 W, 34, 2032 MHz, 3996 MHz, 0 %, 0 %
2026/09/22 01:32:04.167, 3, 232.22 W, 34, 2032 MHz, 3996 MHz, 0 %, 0 %
2026/09/22 01:32:04.167, 4, 180.81 W, 36, 120 MHz, 3996 MHz, 0 %, 0 %
2026/09/22 01:32:04.167, 5, 178.68 W, 34, 120 MHz, 3996 MHz, 0 %, 0 %
2026/09/22 01:32:04.167, 6, 179.43 W, 30, 120 MHz, 3996 MHz, 0 %, 0 %
2026/09/22 01:32:04.168, 7, 181.46 W, 30, 120 MHz, 3996 MHz, 0 %, 0 %
2026/09/22 01:32:05.168, 0, 235.42 W, 39, 2032 MHz, 3996 MHz, 0 %, 0 %
2026/09/22 01:32:05.168, 1, 239.35 W, 40, 2032 MHz, 3996 MHz, 0 %, 0 %
2026/09/22 01:32:05.168, 2, 229.96 W, 33, 2032 MHz, 3996 MHz, 0 %, 0 %
2026/09/22 01:32:05.168, 3, 232.09 W, 33, 2032 MHz, 3996 MHz, 0 %, 0 %
2026/09/22 01:32:05.168, 4, 180.97 W, 36, 120 MHz, 3996 MHz, 0 %, 0 %
2026/09/22 01:32:05.168, 5, 178.72 W, 34, 120 MHz, 3996 MHz, 0 %, 0 %
2026/09/22 01:32:05.168, 6, 179.08 W, 30, 120 MHz, 3996 MHz, 0 %, 0 %
2026/09/22 01:32:05.168, 7, 181.54 W, 30, 120 MHz, 3996 MHz, 0 %, 0 %
2026/09/22 01:32:06.168, 0, 235.38 W, 39, 2032 MHz, 3996 MHz, 0 %, 0 %
2026/09/22 01:32:06.168, 1, 239.12 W, 40, 2032 MHz, 3996 MHz, 0 %, 0 %
2026/09/22 01:32:06.168, 2, 229.54 W, 33, 2032 MHz, 3996 MHz, 0 %, 0 %
2026/09/22 01:32:06.168, 3, 232.01 W, 33, 2032 MHz, 3996 MHz, 0 %, 0 %
2026/09/22 01:32:06.168, 4, 180.93 W, 36, 120 MHz, 3996 MHz, 0 %, 0 %
2026/09/22 01:32:06.168, 5, 178.83 W, 34, 120 MHz, 3996 MHz, 0 %, 0 %
2026/09/22 01:32:06.168, 6, 179.19 W, 30, 120 MHz, 3996 MHz, 0 %, 0 %
2026/09/22 01:32:06.168, 7, 181.50 W, 30, 120 MHz, 3996 MHz, 0 %, 0 %
2026/09/22 01:32:07.168, 0, 235.34 W, 38, 2032 MHz, 3996 MHz, 0 %, 0 %
2026/09/22 01:32:07.168, 1, 238.65 W, 40, 2032 MHz, 3996 MHz, 0 %, 0 %
2026/09/22 01:32:07.168, 2, 229.30 W, 33, 2032 MHz, 3996 MHz, 0 %, 0 %
2026/09/22 01:32:07.168, 3, 231.97 W, 33, 2032 MHz, 3996 MHz, 0 %, 0 %
2026/09/22 01:32:07.168, 4, 180.85 W, 36, 120 MHz, 3996 MHz, 0 %, 0 %
2026/09/22 01:32:07.168, 5, 178.68 W, 34, 120 MHz, 3996 MHz, 0 %, 0 %
2026/09/22 01:32:07.168, 6, 179.12 W, 30, 120 MHz, 3996 MHz, 0 %, 0 %
2026/09/22 01:32:07.168, 7, 181.50 W, 30, 120 MHz, 3996 MHz, 0 %, 0 %
2026/09/22 01:32:08.168, 0, 248.28 W, 39, 2032 MHz, 3996 MHz, 0 %, 0 %
2026/09/22 01:32:08.168, 1, 249.81 W, 40, 2032 MHz, 3996 MHz, 0 %, 0 %
2026/09/22 01:32:08.168, 2, 240.93 W, 33, 2032 MHz, 3996 MHz, 0 %, 0 %
2026/09/22 01:32:08.169, 3, 240.00 W, 33, 2032 MHz, 3996 MHz, 0 %, 0 %
2026/09/22 01:32:08.169, 4, 180.89 W, 36, 120 MHz, 3996 MHz, 0 %, 0 %
2026/09/22 01:32:08.169, 5, 178.76 W, 34, 120 MHz, 3996 MHz, 0 %, 0 %
2026/09/22 01:32:08.169, 6, 179.15 W, 30, 120 MHz, 3996 MHz, 0 %, 0 %
2026/09/22 01:32:08.169, 7, 181.50 W, 30, 120 MHz, 3996 MHz, 0 %, 0 %
2026/09/22 01:32:09.169, 0, 235.38 W, 38, 2032 MHz, 3996 MHz, 0 %, 0 %
2026/09/22 01:32:09.169, 1, 238.96 W, 40, 2032 MHz, 3996 MHz, 0 %, 0 %
2026/09/22 01:32:09.169, 2, 228.79 W, 33, 2032 MHz, 3996 MHz, 0 %, 0 %
2026/09/22 01:32:09.169, 3, 231.63 W, 33, 2032 MHz, 3996 MHz, 0 %, 0 %
2026/09/22 01:32:09.169, 4, 180.78 W, 36, 120 MHz, 3996 MHz, 0 %, 0 %
2026/09/22 01:32:09.169, 5, 178.72 W, 34, 120 MHz, 3996 MHz, 0 %, 0 %
2026/09/22 01:32:09.169, 6, 178.82 W, 30, 120 MHz, 3996 MHz, 0 %, 0 %
2026/09/22 01:32:09.169, 7, 181.54 W, 30, 120 MHz, 3996 MHz, 0 %, 0 %
2026/09/22 01:32:10.169, 0, 252.92 W, 38, 2032 MHz, 3996 MHz, 0 %, 0 %
2026/09/22 01:32:10.169, 1, 262.52 W, 41, 2032 MHz, 3996 MHz, 32 %, 15 %
2026/09/22 01:32:10.169, 2, 234.01 W, 33, 2032 MHz, 3996 MHz, 16 %, 7 %
2026/09/22 01:32:10.169, 3, 250.06 W, 34, 2032 MHz, 3996 MHz, 0 %, 0 %
2026/09/22 01:32:10.169, 4, 181.27 W, 36, 120 MHz, 3996 MHz, 0 %, 0 %
2026/09/22 01:32:10.169, 5, 178.79 W, 34, 120 MHz, 3996 MHz, 0 %, 0 %
2026/09/22 01:32:10.169, 6, 179.08 W, 30, 120 MHz, 3996 MHz, 0 %, 0 %
2026/09/22 01:32:10.169, 7, 181.54 W, 30, 120 MHz, 3996 MHz, 0 %, 0 %
2026/09/22 01:32:11.169, 0, 247.12 W, 38, 2032 MHz, 3996 MHz, 0 %, 0 %
2026/09/22 01:32:11.169, 1, 241.55 W, 40, 2032 MHz, 3996 MHz, 0 %, 0 %
2026/09/22 01:32:11.169, 2, 248.91 W, 33, 2032 MHz, 3996 MHz, 0 %, 0 %
2026/09/22 01:32:11.169, 3, 242.83 W, 33, 2032 MHz, 3996 MHz, 0 %, 0 %
2026/09/22 01:32:11.169, 4, 181.24 W, 36, 120 MHz, 3996 MHz, 0 %, 0 %
2026/09/22 01:32:11.169, 5, 178.64 W, 34, 120 MHz, 3996 MHz, 0 %, 0 %
2026/09/22 01:32:11.169, 6, 179.12 W, 30, 120 MHz, 3996 MHz, 0 %, 0 %
2026/09/22 01:32:11.169, 7, 181.50 W, 30, 120 MHz, 3996 MHz, 0 %, 0 %
2026/09/22 01:32:12.170, 0, 235.30 W, 38, 2032 MHz, 3996 MHz, 0 %, 0 %
2026/09/22 01:32:12.170, 1, 238.45 W, 40, 2032 MHz, 3996 MHz, 0 %, 0 %
2026/09/22 01:32:12.170, 2, 228.65 W, 33, 2032 MHz, 3996 MHz, 0 %, 0 %
2026/09/22 01:32:12.170, 3, 231.29 W, 33, 2032 MHz, 3996 MHz, 0 %, 0 %
2026/09/22 01:32:12.170, 4, 181.00 W, 36, 120 MHz, 3996 MHz, 0 %, 0 %
2026/09/22 01:32:12.170, 5, 178.72 W, 34, 120 MHz, 3996 MHz, 0 %, 0 %
2026/09/22 01:32:12.170, 6, 179.35 W, 30, 120 MHz, 3996 MHz, 0 %, 0 %
2026/09/22 01:32:12.170, 7, 181.54 W, 30, 120 MHz, 3996 MHz, 0 %, 0 %
2026/09/22 01:32:13.170, 0, 235.26 W, 38, 2032 MHz, 3996 MHz, 0 %, 0 %
2026/09/22 01:32:13.170, 1, 237.99 W, 40, 2032 MHz, 3996 MHz, 0 %, 0 %
2026/09/22 01:32:13.170, 2, 228.34 W, 33, 2032 MHz, 3996 MHz, 0 %, 0 %
2026/09/22 01:32:13.170, 3, 231.24 W, 33, 2032 MHz, 3996 MHz, 0 %, 0 %
2026/09/22 01:32:13.170, 4, 180.85 W, 36, 120 MHz, 3996 MHz, 0 %, 0 %
2026/09/22 01:32:13.170, 5, 178.68 W, 34, 120 MHz, 3996 MHz, 0 %, 0 %
2026/09/22 01:32:13.170, 6, 179.31 W, 30, 120 MHz, 3996 MHz, 0 %, 0 %
2026/09/22 01:32:13.170, 7, 181.46 W, 30, 120 MHz, 3996 MHz, 0 %, 0 %
2026/09/22 01:32:14.170, 0, 235.19 W, 38, 2032 MHz, 3996 MHz, 0 %, 0 %
2026/09/22 01:32:14.170, 1, 238.01 W, 40, 2032 MHz, 3996 MHz, 0 %, 0 %
2026/09/22 01:32:14.170, 2, 228.18 W, 33, 2032 MHz, 3996 MHz, 0 %, 0 %
2026/09/22 01:32:14.170, 3, 230.95 W, 33, 2032 MHz, 3996 MHz, 0 %, 0 %
2026/09/22 01:32:14.170, 4, 180.85 W, 36, 120 MHz, 3996 MHz, 0 %, 0 %
2026/09/22 01:32:14.170, 5, 178.68 W, 34, 120 MHz, 3996 MHz, 0 %, 0 %
2026/09/22 01:32:14.170, 6, 179.28 W, 30, 120 MHz, 3996 MHz, 0 %, 0 %
2026/09/22 01:32:14.170, 7, 181.54 W, 30, 120 MHz, 3996 MHz, 0 %, 0 %
2026/09/22 01:32:15.170, 0, 244.67 W, 38, 2032 MHz, 3996 MHz, 0 %, 0 %
2026/09/22 01:32:15.170, 1, 248.26 W, 40, 2032 MHz, 3996 MHz, 0 %, 0 %
2026/09/22 01:32:15.170, 2, 239.45 W, 33, 2032 MHz, 3996 MHz, 0 %, 0 %
2026/09/22 01:32:15.170, 3, 242.95 W, 33, 2032 MHz, 3996 MHz, 0 %, 0 %
2026/09/22 01:32:15.170, 4, 181.09 W, 36, 120 MHz, 3996 MHz, 0 %, 0 %
2026/09/22 01:32:15.170, 5, 178.64 W, 34, 120 MHz, 3996 MHz, 0 %, 0 %
2026/09/22 01:32:15.170, 6, 179.47 W, 30, 120 MHz, 3996 MHz, 0 %, 0 %
2026/09/22 01:32:15.170, 7, 181.54 W, 30, 120 MHz, 3996 MHz, 0 %, 0 %
2026/09/22 01:32:16.171, 0, 235.23 W, 38, 2032 MHz, 3996 MHz, 0 %, 0 %
2026/09/22 01:32:16.171, 1, 238.24 W, 40, 2032 MHz, 3996 MHz, 0 %, 0 %
2026/09/22 01:32:16.171, 2, 228.49 W, 33, 2032 MHz, 3996 MHz, 0 %, 0 %
2026/09/22 01:32:16.171, 3, 231.03 W, 33, 2032 MHz, 3996 MHz, 0 %, 0 %
2026/09/22 01:32:16.171, 4, 180.89 W, 36, 120 MHz, 3996 MHz, 0 %, 0 %
2026/09/22 01:32:16.171, 5, 178.64 W, 34, 120 MHz, 3996 MHz, 0 %, 0 %
2026/09/22 01:32:16.171, 6, 179.15 W, 30, 120 MHz, 3996 MHz, 0 %, 0 %
2026/09/22 01:32:16.171, 7, 181.50 W, 30, 120 MHz, 3996 MHz, 0 %, 0 %
2026/09/22 01:32:17.171, 0, 235.11 W, 38, 2032 MHz, 3996 MHz, 0 %, 0 %
2026/09/22 01:32:17.171, 1, 238.01 W, 40, 2032 MHz, 3996 MHz, 0 %, 0 %
2026/09/22 01:32:17.171, 2, 228.19 W, 33, 2032 MHz, 3996 MHz, 0 %, 0 %
2026/09/22 01:32:17.171, 3, 230.89 W, 32, 2032 MHz, 3996 MHz, 0 %, 0 %
2026/09/22 01:32:17.171, 4, 181.04 W, 36, 120 MHz, 3996 MHz, 0 %, 0 %
2026/09/22 01:32:17.171, 5, 178.64 W, 34, 120 MHz, 3996 MHz, 0 %, 0 %
2026/09/22 01:32:17.171, 6, 179.08 W, 30, 120 MHz, 3996 MHz, 0 %, 0 %
2026/09/22 01:32:17.171, 7, 181.54 W, 30, 120 MHz, 3996 MHz, 0 %, 0 %
2026/09/22 01:32:18.171, 0, 234.98 W, 38, 2032 MHz, 3996 MHz, 0 %, 0 %
2026/09/22 01:32:18.171, 1, 237.83 W, 40, 2032 MHz, 3996 MHz, 0 %, 0 %
2026/09/22 01:32:18.171, 2, 228.23 W, 32, 2032 MHz, 3996 MHz, 0 %, 0 %
2026/09/22 01:32:18.171, 3, 230.65 W, 32, 2032 MHz, 3996 MHz, 0 %, 0 %
2026/09/22 01:32:18.171, 4, 180.74 W, 36, 120 MHz, 3996 MHz, 0 %, 0 %
2026/09/22 01:32:18.171, 5, 178.68 W, 34, 120 MHz, 3996 MHz, 0 %, 0 %
2026/09/22 01:32:18.171, 6, 179.00 W, 30, 120 MHz, 3996 MHz, 0 %, 0 %
2026/09/22 01:32:18.171, 7, 181.46 W, 30, 120 MHz, 3996 MHz, 0 %, 0 %
2026/09/22 01:32:19.171, 0, 234.99 W, 38, 2032 MHz, 3996 MHz, 0 %, 0 %
2026/09/22 01:32:19.171, 1, 237.79 W, 39, 2032 MHz, 3996 MHz, 0 %, 0 %
2026/09/22 01:32:19.171, 2, 228.07 W, 32, 2032 MHz, 3996 MHz, 0 %, 0 %
2026/09/22 01:32:19.171, 3, 230.54 W, 32, 2032 MHz, 3996 MHz, 0 %, 0 %
2026/09/22 01:32:19.171, 4, 181.04 W, 36, 120 MHz, 3996 MHz, 0 %, 0 %
2026/09/22 01:32:19.171, 5, 178.72 W, 34, 120 MHz, 3996 MHz, 0 %, 0 %
2026/09/22 01:32:19.171, 6, 179.23 W, 30, 120 MHz, 3996 MHz, 0 %, 0 %
2026/09/22 01:32:19.172, 7, 181.38 W, 30, 120 MHz, 3996 MHz, 0 %, 0 %
2026/09/22 01:32:20.172, 0, 234.92 W, 38, 2032 MHz, 3996 MHz, 0 %, 0 %
2026/09/22 01:32:20.172, 1, 237.91 W, 39, 2032 MHz, 3996 MHz, 0 %, 0 %
2026/09/22 01:32:20.172, 2, 228.15 W, 32, 2032 MHz, 3996 MHz, 0 %, 0 %
2026/09/22 01:32:20.172, 3, 230.50 W, 32, 2032 MHz, 3996 MHz, 0 %, 0 %
2026/09/22 01:32:20.172, 4, 180.93 W, 36, 120 MHz, 3996 MHz, 0 %, 0 %
2026/09/22 01:32:20.172, 5, 178.80 W, 34, 120 MHz, 3996 MHz, 0 %, 0 %
2026/09/22 01:32:20.172, 6, 179.20 W, 30, 120 MHz, 3996 MHz, 0 %, 0 %
2026/09/22 01:32:20.172, 7, 181.54 W, 30, 120 MHz, 3996 MHz, 0 %, 0 %
2026/09/22 01:32:21.172, 0, 234.75 W, 38, 2032 MHz, 3996 MHz, 0 %, 0 %
2026/09/22 01:32:21.172, 1, 237.79 W, 39, 2032 MHz, 3996 MHz, 0 %, 0 %
2026/09/22 01:32:21.172, 2, 228.11 W, 32, 2032 MHz, 3996 MHz, 0 %, 0 %
2026/09/22 01:32:21.172, 3, 230.43 W, 32, 2032 MHz, 3996 MHz, 0 %, 0 %
2026/09/22 01:32:21.172, 4, 180.89 W, 36, 120 MHz, 3996 MHz, 0 %, 0 %
2026/09/22 01:32:21.172, 5, 178.68 W, 34, 120 MHz, 3996 MHz, 0 %, 0 %
2026/09/22 01:32:21.172, 6, 179.24 W, 30, 120 MHz, 3996 MHz, 0 %, 0 %
2026/09/22 01:32:21.172, 7, 181.50 W, 30, 120 MHz, 3996 MHz, 0 %, 0 %
2026/09/22 01:32:22.172, 0, 234.54 W, 38, 2032 MHz, 3996 MHz, 0 %, 0 %
2026/09/22 01:32:22.172, 1, 237.67 W, 39, 2032 MHz, 3996 MHz, 0 %, 0 %
2026/09/22 01:32:22.172, 2, 228.07 W, 32, 2032 MHz, 3996 MHz, 0 %, 0 %
2026/09/22 01:32:22.172, 3, 230.23 W, 32, 2032 MHz, 3996 MHz, 0 %, 0 %
2026/09/22 01:32:22.172, 4, 180.85 W, 36, 120 MHz, 3996 MHz, 0 %, 0 %
2026/09/22 01:32:22.172, 5, 178.68 W, 34, 120 MHz, 3996 MHz, 0 %, 0 %
2026/09/22 01:32:22.172, 6, 178.89 W, 30, 120 MHz, 3996 MHz, 0 %, 0 %
2026/09/22 01:32:22.172, 7, 181.54 W, 30, 120 MHz, 3996 MHz, 0 %, 0 %
2026/09/22 01:32:23.172, 0, 234.55 W, 38, 2032 MHz, 3996 MHz, 0 %, 0 %
2026/09/22 01:32:23.172, 1, 237.63 W, 39, 2032 MHz, 3996 MHz, 0 %, 0 %
2026/09/22 01:32:23.172, 2, 228.07 W, 32, 2032 MHz, 3996 MHz, 0 %, 0 %
2026/09/22 01:32:23.172, 3, 230.19 W, 32, 2032 MHz, 3996 MHz, 0 %, 0 %
2026/09/22 01:32:23.173, 4, 180.78 W, 36, 120 MHz, 3996 MHz, 0 %, 0 %
2026/09/22 01:32:23.173, 5, 178.72 W, 34, 120 MHz, 3996 MHz, 0 %, 0 %
2026/09/22 01:32:23.173, 6, 179.31 W, 30, 120 MHz, 3996 MHz, 0 %, 0 %
2026/09/22 01:32:23.173, 7, 181.54 W, 30, 120 MHz, 3996 MHz, 0 %, 0 %
2026/09/22 01:32:24.173, 0, 234.25 W, 38, 2032 MHz, 3996 MHz, 0 %, 0 %
2026/09/22 01:32:24.173, 1, 237.71 W, 39, 2032 MHz, 3996 MHz, 0 %, 0 %
2026/09/22 01:32:24.173, 2, 228.07 W, 32, 2032 MHz, 3996 MHz, 0 %, 0 %
2026/09/22 01:32:24.173, 3, 230.27 W, 32, 2032 MHz, 3996 MHz, 0 %, 0 %
2026/09/22 01:32:24.173, 4, 180.89 W, 36, 120 MHz, 3996 MHz, 0 %, 0 %
2026/09/22 01:32:24.173, 5, 178.76 W, 34, 120 MHz, 3996 MHz, 0 %, 0 %
2026/09/22 01:32:24.173, 6, 179.23 W, 30, 120 MHz, 3996 MHz, 0 %, 0 %
2026/09/22 01:32:24.173, 7, 181.54 W, 30, 120 MHz, 3996 MHz, 0 %, 0 %
2026/09/22 01:32:25.173, 0, 234.33 W, 38, 2032 MHz, 3996 MHz, 0 %, 0 %
2026/09/22 01:32:25.173, 1, 237.56 W, 39, 2032 MHz, 3996 MHz, 0 %, 0 %
2026/09/22 01:32:25.173, 2, 228.07 W, 32, 2032 MHz, 3996 MHz, 0 %, 0 %
2026/09/22 01:32:25.173, 3, 230.15 W, 32, 2032 MHz, 3996 MHz, 0 %, 0 %
2026/09/22 01:32:25.173, 4, 180.93 W, 36, 120 MHz, 3996 MHz, 0 %, 0 %
2026/09/22 01:32:25.173, 5, 178.68 W, 34, 120 MHz, 3996 MHz, 0 %, 0 %
2026/09/22 01:32:25.173, 6, 179.27 W, 30, 120 MHz, 3996 MHz, 0 %, 0 %
2026/09/22 01:32:25.173, 7, 181.50 W, 30, 120 MHz, 3996 MHz, 0 %, 0 %
2026/09/22 01:32:26.173, 0, 234.15 W, 38, 2032 MHz, 3996 MHz, 0 %, 0 %
2026/09/22 01:32:26.173, 1, 237.60 W, 39, 2032 MHz, 3996 MHz, 0 %, 0 %
2026/09/22 01:32:26.173, 2, 228.07 W, 32, 2032 MHz, 3996 MHz, 0 %, 0 %
2026/09/22 01:32:26.173, 3, 230.23 W, 32, 2032 MHz, 3996 MHz, 0 %, 0 %
2026/09/22 01:32:26.173, 4, 180.82 W, 36, 120 MHz, 3996 MHz, 0 %, 0 %
2026/09/22 01:32:26.173, 5, 178.68 W, 34, 120 MHz, 3996 MHz, 0 %, 0 %
2026/09/22 01:32:26.173, 6, 179.24 W, 30, 120 MHz, 3996 MHz, 0 %, 0 %
2026/09/22 01:32:26.173, 7, 181.46 W, 30, 120 MHz, 3996 MHz, 0 %, 0 %
2026/09/22 01:32:27.174, 0, 233.82 W, 38, 2032 MHz, 3996 MHz, 0 %, 0 %
2026/09/22 01:32:27.174, 1, 237.56 W, 39, 2032 MHz, 3996 MHz, 0 %, 0 %
2026/09/22 01:32:27.174, 2, 228.07 W, 32, 2032 MHz, 3996 MHz, 0 %, 0 %
2026/09/22 01:32:27.174, 3, 230.16 W, 32, 2032 MHz, 3996 MHz, 0 %, 0 %
2026/09/22 01:32:27.174, 4, 181.04 W, 36, 120 MHz, 3996 MHz, 0 %, 0 %
2026/09/22 01:32:27.174, 5, 178.72 W, 34, 120 MHz, 3996 MHz, 0 %, 0 %
2026/09/22 01:32:27.174, 6, 179.23 W, 30, 120 MHz, 3996 MHz, 0 %, 0 %
2026/09/22 01:32:27.174, 7, 181.54 W, 30, 120 MHz, 3996 MHz, 0 %, 0 %
2026/09/22 01:32:28.174, 0, 233.99 W, 38, 2032 MHz, 3996 MHz, 0 %, 0 %
2026/09/22 01:32:28.174, 1, 237.52 W, 39, 2032 MHz, 3996 MHz, 0 %, 0 %
2026/09/22 01:32:28.174, 2, 228.11 W, 32, 2032 MHz, 3996 MHz, 0 %, 0 %
2026/09/22 01:32:28.174, 3, 230.24 W, 32, 2032 MHz, 3996 MHz, 0 %, 0 %
2026/09/22 01:32:28.174, 4, 180.89 W, 36, 120 MHz, 3996 MHz, 0 %, 0 %
2026/09/22 01:32:28.174, 5, 178.72 W, 34, 120 MHz, 3996 MHz, 0 %, 0 %
2026/09/22 01:32:28.174, 6, 179.35 W, 30, 120 MHz, 3996 MHz, 0 %, 0 %
2026/09/22 01:32:28.174, 7, 181.54 W, 30, 120 MHz, 3996 MHz, 0 %, 0 %
2026/09/22 01:32:29.174, 0, 233.99 W, 38, 2032 MHz, 3996 MHz, 0 %, 0 %
2026/09/22 01:32:29.174, 1, 237.52 W, 39, 2032 MHz, 3996 MHz, 0 %, 0 %
2026/09/22 01:32:29.174, 2, 228.07 W, 32, 2032 MHz, 3996 MHz, 0 %, 0 %
2026/09/22 01:32:29.174, 3, 230.19 W, 32, 2032 MHz, 3996 MHz, 0 %, 0 %
2026/09/22 01:32:29.174, 4, 180.97 W, 36, 120 MHz, 3996 MHz, 0 %, 0 %
2026/09/22 01:32:29.174, 5, 178.68 W, 34, 120 MHz, 3996 MHz, 0 %, 0 %
2026/09/22 01:32:29.174, 6, 179.27 W, 30, 120 MHz, 3996 MHz, 0 %, 0 %
2026/09/22 01:32:29.174, 7, 181.54 W, 30, 120 MHz, 3996 MHz, 0 %, 0 %
2026/09/22 01:32:30.174, 0, 233.83 W, 38, 2032 MHz, 3996 MHz, 0 %, 0 %
2026/09/22 01:32:30.175, 1, 237.52 W, 39, 2032 MHz, 3996 MHz, 0 %, 0 %
2026/09/22 01:32:30.175, 2, 228.07 W, 32, 2032 MHz, 3996 MHz, 0 %, 0 %
2026/09/22 01:32:30.175, 3, 230.16 W, 32, 2032 MHz, 3996 MHz, 0 %, 0 %
2026/09/22 01:32:30.175, 4, 180.96 W, 36, 120 MHz, 3996 MHz, 0 %, 0 %
2026/09/22 01:32:30.175, 5, 178.72 W, 34, 120 MHz, 3996 MHz, 0 %, 0 %
2026/09/22 01:32:30.175, 6, 179.27 W, 30, 120 MHz, 3996 MHz, 0 %, 0 %
2026/09/22 01:32:30.175, 7, 181.54 W, 30, 120 MHz, 3996 MHz, 0 %, 0 %
2026/09/22 01:32:31.175, 0, 233.69 W, 38, 2032 MHz, 3996 MHz, 0 %, 0 %
2026/09/22 01:32:31.175, 1, 237.56 W, 39, 2032 MHz, 3996 MHz, 0 %, 0 %
2026/09/22 01:32:31.175, 2, 228.07 W, 32, 2032 MHz, 3996 MHz, 0 %, 0 %
2026/09/22 01:32:31.175, 3, 230.16 W, 32, 2032 MHz, 3996 MHz, 0 %, 0 %
2026/09/22 01:32:31.175, 4, 180.97 W, 36, 120 MHz, 3996 MHz, 0 %, 0 %
2026/09/22 01:32:31.175, 5, 178.76 W, 34, 120 MHz, 3996 MHz, 0 %, 0 %
2026/09/22 01:32:31.175, 6, 179.15 W, 30, 120 MHz, 3996 MHz, 0 %, 0 %
2026/09/22 01:32:31.175, 7, 181.54 W, 30, 120 MHz, 3996 MHz, 0 %, 0 %
2026/09/22 01:32:32.175, 0, 233.56 W, 38, 2032 MHz, 3996 MHz, 0 %, 0 %
2026/09/22 01:32:32.175, 1, 237.52 W, 39, 2032 MHz, 3996 MHz, 0 %, 0 %
2026/09/22 01:32:32.175, 2, 228.07 W, 32, 2032 MHz, 3996 MHz, 0 %, 0 %
2026/09/22 01:32:32.175, 3, 230.16 W, 32, 2032 MHz, 3996 MHz, 0 %, 0 %
2026/09/22 01:32:32.175, 4, 180.89 W, 36, 120 MHz, 3996 MHz, 0 %, 0 %
2026/09/22 01:32:32.175, 5, 178.64 W, 34, 120 MHz, 3996 MHz, 0 %, 0 %
2026/09/22 01:32:32.175, 6, 179.24 W, 30, 120 MHz, 3996 MHz, 0 %, 0 %
2026/09/22 01:32:32.175, 7, 181.54 W, 30, 120 MHz, 3996 MHz, 0 %, 0 %
2026/09/22 01:32:33.175, 0, 566.54 W, 45, 2032 MHz, 3996 MHz, 100 %, 51 %
2026/09/22 01:32:33.176, 1, 592.50 W, 46, 2032 MHz, 3996 MHz, 100 %, 55 %
2026/09/22 01:32:33.176, 2, 542.47 W, 39, 2032 MHz, 3996 MHz, 100 %, 54 %
2026/09/22 01:32:33.176, 3, 565.85 W, 39, 2032 MHz, 3996 MHz, 100 %, 50 %
2026/09/22 01:32:33.176, 4, 180.78 W, 36, 120 MHz, 3996 MHz, 0 %, 0 %
2026/09/22 01:32:33.176, 5, 178.64 W, 34, 120 MHz, 3996 MHz, 0 %, 0 %
2026/09/22 01:32:33.176, 6, 179.19 W, 30, 120 MHz, 3996 MHz, 0 %, 0 %
2026/09/22 01:32:33.176, 7, 181.54 W, 30, 120 MHz, 3996 MHz, 0 %, 0 %
2026/09/22 01:32:34.176, 0, 699.85 W, 47, 2032 MHz, 3996 MHz, 100 %, 56 %
2026/09/22 01:32:34.176, 1, 711.56 W, 48, 2032 MHz, 3996 MHz, 100 %, 56 %
2026/09/22 01:32:34.176, 2, 692.51 W, 40, 2032 MHz, 3996 MHz, 100 %, 55 %
2026/09/22 01:32:34.176, 3, 701.76 W, 41, 2032 MHz, 3996 MHz, 100 %, 56 %
2026/09/22 01:32:34.176, 4, 180.77 W, 36, 120 MHz, 3996 MHz, 0 %, 0 %
2026/09/22 01:32:34.176, 5, 178.72 W, 34, 120 MHz, 3996 MHz, 0 %, 0 %
2026/09/22 01:32:34.176, 6, 179.26 W, 30, 120 MHz, 3996 MHz, 0 %, 0 %
2026/09/22 01:32:34.176, 7, 181.52 W, 30, 120 MHz, 3996 MHz, 0 %, 0 %
2026/09/22 01:32:35.176, 0, 715.65 W, 48, 2032 MHz, 3996 MHz, 100 %, 56 %
2026/09/22 01:32:35.176, 1, 728.97 W, 48, 2032 MHz, 3996 MHz, 100 %, 56 %
2026/09/22 01:32:35.176, 2, 708.17 W, 41, 2032 MHz, 3996 MHz, 100 %, 56 %
2026/09/22 01:32:35.176, 3, 719.27 W, 42, 2032 MHz, 3996 MHz, 100 %, 57 %
2026/09/22 01:32:35.176, 4, 180.93 W, 36, 120 MHz, 3996 MHz, 0 %, 0 %
2026/09/22 01:32:35.176, 5, 178.68 W, 34, 120 MHz, 3996 MHz, 0 %, 0 %
2026/09/22 01:32:35.176, 6, 179.49 W, 30, 120 MHz, 3996 MHz, 0 %, 0 %
2026/09/22 01:32:35.176, 7, 181.52 W, 30, 120 MHz, 3996 MHz, 0 %, 0 %
2026/09/22 01:32:36.176, 0, 711.10 W, 48, 2032 MHz, 3996 MHz, 100 %, 55 %
2026/09/22 01:32:36.176, 1, 719.48 W, 49, 2032 MHz, 3996 MHz, 100 %, 56 %
2026/09/22 01:32:36.176, 2, 701.63 W, 42, 2032 MHz, 3996 MHz, 100 %, 55 %
2026/09/22 01:32:36.176, 3, 713.52 W, 42, 2032 MHz, 3996 MHz, 100 %, 56 %
2026/09/22 01:32:36.176, 4, 180.97 W, 36, 120 MHz, 3996 MHz, 0 %, 0 %
2026/09/22 01:32:36.176, 5, 178.68 W, 34, 120 MHz, 3996 MHz, 0 %, 0 %
2026/09/22 01:32:36.177, 6, 179.33 W, 30, 120 MHz, 3996 MHz, 0 %, 0 %
2026/09/22 01:32:36.177, 7, 181.53 W, 30, 120 MHz, 3996 MHz, 0 %, 0 %
2026/09/22 01:32:37.177, 0, 711.15 W, 48, 2032 MHz, 3996 MHz, 100 %, 55 %
2026/09/22 01:32:37.177, 1, 723.97 W, 49, 2032 MHz, 3996 MHz, 100 %, 56 %
2026/09/22 01:32:37.177, 2, 699.70 W, 42, 2032 MHz, 3996 MHz, 100 %, 55 %
2026/09/22 01:32:37.177, 3, 715.60 W, 42, 2032 MHz, 3996 MHz, 100 %, 56 %
2026/09/22 01:32:37.177, 4, 181.00 W, 36, 120 MHz, 3996 MHz, 0 %, 0 %
2026/09/22 01:32:37.177, 5, 178.72 W, 34, 120 MHz, 3996 MHz, 0 %, 0 %
2026/09/22 01:32:37.177, 6, 179.37 W, 30, 120 MHz, 3996 MHz, 0 %, 0 %
2026/09/22 01:32:37.177, 7, 181.54 W, 30, 120 MHz, 3996 MHz, 0 %, 0 %
2026/09/22 01:32:38.177, 0, 666.39 W, 48, 2032 MHz, 3996 MHz, 64 %, 33 %
2026/09/22 01:32:38.177, 1, 653.92 W, 49, 2032 MHz, 3996 MHz, 100 %, 56 %
2026/09/22 01:32:38.177, 2, 660.30 W, 42, 2032 MHz, 3996 MHz, 100 %, 55 %
2026/09/22 01:32:38.177, 3, 640.35 W, 41, 2032 MHz, 3996 MHz, 95 %, 35 %
2026/09/22 01:32:38.177, 4, 180.89 W, 36, 120 MHz, 3996 MHz, 0 %, 0 %
2026/09/22 01:32:38.177, 5, 178.79 W, 34, 120 MHz, 3996 MHz, 0 %, 0 %
2026/09/22 01:32:38.177, 6, 179.27 W, 30, 120 MHz, 3996 MHz, 0 %, 0 %
2026/09/22 01:32:38.177, 7, 181.53 W, 30, 120 MHz, 3996 MHz, 0 %, 0 %
2026/09/22 01:32:39.177, 0, 651.56 W, 48, 2032 MHz, 3996 MHz, 100 %, 58 %
2026/09/22 01:32:39.177, 1, 672.05 W, 49, 2032 MHz, 3996 MHz, 100 %, 58 %
2026/09/22 01:32:39.177, 2, 684.34 W, 43, 2032 MHz, 3996 MHz, 100 %, 57 %
2026/09/22 01:32:39.177, 3, 675.39 W, 42, 2032 MHz, 3996 MHz, 100 %, 57 %
2026/09/22 01:32:39.177, 4, 180.97 W, 36, 120 MHz, 3996 MHz, 0 %, 0 %
2026/09/22 01:32:39.177, 5, 178.72 W, 34, 120 MHz, 3996 MHz, 0 %, 0 %
2026/09/22 01:32:39.177, 6, 179.34 W, 30, 120 MHz, 3996 MHz, 0 %, 0 %
2026/09/22 01:32:39.177, 7, 181.53 W, 30, 120 MHz, 3996 MHz, 0 %, 0 %
2026/09/22 01:32:40.177, 0, 712.18 W, 49, 2032 MHz, 3996 MHz, 100 %, 17 %
2026/09/22 01:32:40.178, 1, 747.88 W, 50, 2032 MHz, 3996 MHz, 73 %, 39 %
2026/09/22 01:32:40.178, 2, 673.19 W, 42, 2032 MHz, 3996 MHz, 94 %, 23 %
2026/09/22 01:32:40.178, 3, 715.59 W, 43, 2032 MHz, 3996 MHz, 100 %, 18 %
2026/09/22 01:32:40.178, 4, 180.89 W, 36, 120 MHz, 3996 MHz, 0 %, 0 %
2026/09/22 01:32:40.178, 5, 178.72 W, 34, 120 MHz, 3996 MHz, 0 %, 0 %
2026/09/22 01:32:40.178, 6, 179.30 W, 30, 120 MHz, 3996 MHz, 0 %, 0 %
2026/09/22 01:32:40.178, 7, 181.51 W, 30, 120 MHz, 3996 MHz, 0 %, 0 %
2026/09/22 01:32:41.178, 0, 771.83 W, 50, 2032 MHz, 3996 MHz, 100 %, 59 %
2026/09/22 01:32:41.178, 1, 782.24 W, 51, 2032 MHz, 3996 MHz, 100 %, 60 %
2026/09/22 01:32:41.178, 2, 760.93 W, 44, 2032 MHz, 3996 MHz, 100 %, 59 %
2026/09/22 01:32:41.178, 3, 769.92 W, 44, 2032 MHz, 3996 MHz, 100 %, 60 %
2026/09/22 01:32:41.178, 4, 181.01 W, 36, 120 MHz, 3996 MHz, 0 %, 0 %
2026/09/22 01:32:41.178, 5, 178.72 W, 34, 120 MHz, 3996 MHz, 0 %, 0 %
2026/09/22 01:32:41.178, 6, 179.36 W, 30, 120 MHz, 3996 MHz, 0 %, 0 %
2026/09/22 01:32:41.178, 7, 181.53 W, 30, 120 MHz, 3996 MHz, 0 %, 0 %
2026/09/22 01:32:42.178, 0, 781.61 W, 50, 2032 MHz, 3996 MHz, 100 %, 61 %
2026/09/22 01:32:42.178, 1, 792.44 W, 52, 2032 MHz, 3996 MHz, 100 %, 61 %
2026/09/22 01:32:42.178, 2, 767.14 W, 44, 2032 MHz, 3996 MHz, 100 %, 61 %
2026/09/22 01:32:42.178, 3, 781.42 W, 44, 2032 MHz, 3996 MHz, 100 %, 61 %
2026/09/22 01:32:42.178, 4, 181.09 W, 36, 120 MHz, 3996 MHz, 0 %, 0 %
2026/09/22 01:32:42.178, 5, 178.68 W, 34, 120 MHz, 3996 MHz, 0 %, 0 %
2026/09/22 01:32:42.178, 6, 179.26 W, 30, 120 MHz, 3996 MHz, 0 %, 0 %
2026/09/22 01:32:42.178, 7, 181.54 W, 30, 120 MHz, 3996 MHz, 0 %, 0 %
2026/09/22 01:32:43.178, 0, 781.03 W, 51, 2032 MHz, 3996 MHz, 100 %, 59 %
2026/09/22 01:32:43.178, 1, 785.38 W, 52, 2032 MHz, 3996 MHz, 100 %, 60 %
2026/09/22 01:32:43.178, 2, 764.99 W, 45, 2032 MHz, 3996 MHz, 100 %, 59 %
2026/09/22 01:32:43.178, 3, 780.54 W, 45, 2032 MHz, 3996 MHz, 100 %, 61 %
2026/09/22 01:32:43.178, 4, 180.81 W, 36, 120 MHz, 3996 MHz, 0 %, 0 %
2026/09/22 01:32:43.178, 5, 178.76 W, 34, 120 MHz, 3996 MHz, 0 %, 0 %
2026/09/22 01:32:43.178, 6, 179.39 W, 30, 120 MHz, 3996 MHz, 0 %, 0 %
2026/09/22 01:32:43.178, 7, 181.53 W, 30, 120 MHz, 3996 MHz, 0 %, 0 %
2026/09/22 01:32:44.179, 0, 749.78 W, 50, 2032 MHz, 3996 MHz, 100 %, 58 %
2026/09/22 01:32:44.179, 1, 766.72 W, 51, 2032 MHz, 3996 MHz, 100 %, 58 %
2026/09/22 01:32:44.179, 2, 741.18 W, 44, 2032 MHz, 3996 MHz, 100 %, 58 %
2026/09/22 01:32:44.179, 3, 757.40 W, 44, 2032 MHz, 3996 MHz, 100 %, 58 %
2026/09/22 01:32:44.179, 4, 180.96 W, 36, 120 MHz, 3996 MHz, 0 %, 0 %
2026/09/22 01:32:44.179, 5, 178.68 W, 34, 120 MHz, 3996 MHz, 0 %, 0 %
2026/09/22 01:32:44.179, 6, 179.26 W, 30, 120 MHz, 3996 MHz, 0 %, 0 %
2026/09/22 01:32:44.179, 7, 181.53 W, 30, 120 MHz, 3996 MHz, 0 %, 0 %
2026/09/22 01:32:45.179, 0, 698.04 W, 50, 2032 MHz, 3996 MHz, 100 %, 54 %
2026/09/22 01:32:45.179, 1, 709.85 W, 51, 2032 MHz, 3996 MHz, 100 %, 54 %
2026/09/22 01:32:45.179, 2, 670.93 W, 43, 2032 MHz, 3996 MHz, 100 %, 53 %
2026/09/22 01:32:45.179, 3, 696.50 W, 43, 2032 MHz, 3996 MHz, 100 %, 55 %
2026/09/22 01:32:45.179, 4, 180.89 W, 36, 120 MHz, 3996 MHz, 0 %, 0 %
2026/09/22 01:32:45.179, 5, 178.87 W, 34, 120 MHz, 3996 MHz, 0 %, 0 %
2026/09/22 01:32:45.179, 6, 179.38 W, 30, 120 MHz, 3996 MHz, 0 %, 0 %
2026/09/22 01:32:45.179, 7, 181.53 W, 30, 120 MHz, 3996 MHz, 0 %, 0 %
2026/09/22 01:32:46.179, 0, 613.26 W, 48, 2032 MHz, 3996 MHz, 100 %, 47 %
2026/09/22 01:32:46.179, 1, 633.34 W, 49, 2032 MHz, 3996 MHz, 100 %, 47 %
2026/09/22 01:32:46.179, 2, 601.25 W, 42, 2032 MHz, 3996 MHz, 100 %, 47 %
2026/09/22 01:32:46.179, 3, 609.71 W, 42, 2032 MHz, 3996 MHz, 100 %, 46 %
2026/09/22 01:32:46.179, 4, 181.23 W, 36, 120 MHz, 3996 MHz, 0 %, 0 %
2026/09/22 01:32:46.179, 5, 178.68 W, 34, 120 MHz, 3996 MHz, 0 %, 0 %
2026/09/22 01:32:46.179, 6, 179.38 W, 30, 120 MHz, 3996 MHz, 0 %, 0 %
2026/09/22 01:32:46.179, 7, 181.53 W, 30, 120 MHz, 3996 MHz, 0 %, 0 %
2026/09/22 01:32:47.179, 0, 593.79 W, 52, 2032 MHz, 3996 MHz, 66 %, 15 %
2026/09/22 01:32:47.179, 1, 629.71 W, 52, 2032 MHz, 3996 MHz, 100 %, 21 %
2026/09/22 01:32:47.179, 2, 578.28 W, 45, 2032 MHz, 3996 MHz, 100 %, 21 %
2026/09/22 01:32:47.179, 3, 587.25 W, 46, 2032 MHz, 3996 MHz, 43 %, 16 %
2026/09/22 01:32:47.180, 4, 180.97 W, 36, 120 MHz, 3996 MHz, 0 %, 0 %
2026/09/22 01:32:47.180, 5, 178.68 W, 34, 120 MHz, 3996 MHz, 0 %, 0 %
2026/09/22 01:32:47.180, 6, 179.30 W, 30, 120 MHz, 3996 MHz, 0 %, 0 %
2026/09/22 01:32:47.180, 7, 181.53 W, 30, 120 MHz, 3996 MHz, 0 %, 0 %
2026/09/22 01:32:48.180, 0, 780.83 W, 52, 2032 MHz, 3996 MHz, 100 %, 62 %
2026/09/22 01:32:48.180, 1, 792.15 W, 53, 2032 MHz, 3996 MHz, 100 %, 62 %
2026/09/22 01:32:48.180, 2, 765.11 W, 45, 2032 MHz, 3996 MHz, 100 %, 63 %
2026/09/22 01:32:48.180, 3, 776.46 W, 45, 2032 MHz, 3996 MHz, 100 %, 62 %
2026/09/22 01:32:48.180, 4, 181.12 W, 36, 120 MHz, 3996 MHz, 0 %, 0 %
2026/09/22 01:32:48.180, 5, 178.72 W, 34, 120 MHz, 3996 MHz, 0 %, 0 %
2026/09/22 01:32:48.180, 6, 179.36 W, 30, 120 MHz, 3996 MHz, 0 %, 0 %
2026/09/22 01:32:48.180, 7, 181.52 W, 30, 120 MHz, 3996 MHz, 0 %, 0 %
2026/09/22 01:32:49.180, 0, 807.40 W, 53, 2032 MHz, 3996 MHz, 100 %, 63 %
2026/09/22 01:32:49.180, 1, 819.62 W, 54, 2032 MHz, 3996 MHz, 100 %, 63 %
2026/09/22 01:32:49.180, 2, 791.99 W, 46, 2032 MHz, 3996 MHz, 100 %, 62 %
2026/09/22 01:32:49.180, 3, 798.51 W, 46, 2032 MHz, 3996 MHz, 100 %, 62 %
2026/09/22 01:32:49.180, 4, 181.01 W, 36, 120 MHz, 3996 MHz, 0 %, 0 %
2026/09/22 01:32:49.180, 5, 178.68 W, 34, 120 MHz, 3996 MHz, 0 %, 0 %
2026/09/22 01:32:49.180, 6, 179.43 W, 30, 120 MHz, 3996 MHz, 0 %, 0 %
2026/09/22 01:32:49.180, 7, 181.52 W, 30, 120 MHz, 3996 MHz, 0 %, 0 %
2026/09/22 01:32:50.180, 0, 820.73 W, 53, 2032 MHz, 3996 MHz, 100 %, 63 %
2026/09/22 01:32:50.180, 1, 830.22 W, 54, 2032 MHz, 3996 MHz, 100 %, 64 %
2026/09/22 01:32:50.180, 2, 804.60 W, 47, 2032 MHz, 3996 MHz, 100 %, 62 %
2026/09/22 01:32:50.180, 3, 814.91 W, 47, 2032 MHz, 3996 MHz, 100 %, 63 %
2026/09/22 01:32:50.180, 4, 180.74 W, 36, 120 MHz, 3996 MHz, 0 %, 0 %
2026/09/22 01:32:50.180, 5, 178.72 W, 34, 120 MHz, 3996 MHz, 0 %, 0 %
2026/09/22 01:32:50.180, 6, 179.08 W, 30, 120 MHz, 3996 MHz, 0 %, 0 %
2026/09/22 01:32:50.180, 7, 181.51 W, 30, 120 MHz, 3996 MHz, 0 %, 0 %
2026/09/22 01:32:51.180, 0, 819.97 W, 54, 2032 MHz, 3996 MHz, 100 %, 62 %
2026/09/22 01:32:51.180, 1, 831.86 W, 55, 2032 MHz, 3996 MHz, 100 %, 63 %
2026/09/22 01:32:51.181, 2, 805.64 W, 47, 2032 MHz, 3996 MHz, 100 %, 63 %
2026/09/22 01:32:51.181, 3, 816.26 W, 47, 2032 MHz, 3996 MHz, 100 %, 63 %
2026/09/22 01:32:51.181, 4, 180.96 W, 36, 120 MHz, 3996 MHz, 0 %, 0 %
2026/09/22 01:32:51.181, 5, 178.68 W, 34, 120 MHz, 3996 MHz, 0 %, 0 %
2026/09/22 01:32:51.181, 6, 179.25 W, 30, 120 MHz, 3996 MHz, 0 %, 0 %
2026/09/22 01:32:51.181, 7, 181.52 W, 30, 120 MHz, 3996 MHz, 0 %, 0 %
2026/09/22 01:32:52.181, 0, 825.66 W, 54, 2032 MHz, 3996 MHz, 100 %, 63 %
2026/09/22 01:32:52.181, 1, 836.82 W, 55, 2032 MHz, 3996 MHz, 100 %, 64 %
2026/09/22 01:32:52.181, 2, 813.68 W, 47, 2032 MHz, 3996 MHz, 100 %, 63 %
2026/09/22 01:32:52.181, 3, 825.23 W, 47, 2032 MHz, 3996 MHz, 100 %, 64 %
2026/09/22 01:32:52.181, 4, 180.96 W, 36, 120 MHz, 3996 MHz, 0 %, 0 %
2026/09/22 01:32:52.181, 5, 178.83 W, 34, 120 MHz, 3996 MHz, 0 %, 0 %
2026/09/22 01:32:52.181, 6, 179.32 W, 30, 120 MHz, 3996 MHz, 0 %, 0 %
2026/09/22 01:32:52.181, 7, 181.47 W, 30, 120 MHz, 3996 MHz, 0 %, 0 %
2026/09/22 01:32:53.181, 0, 828.79 W, 54, 2032 MHz, 3996 MHz, 100 %, 63 %
2026/09/22 01:32:53.181, 1, 837.13 W, 55, 2032 MHz, 3996 MHz, 100 %, 64 %
2026/09/22 01:32:53.181, 2, 814.88 W, 48, 2032 MHz, 3996 MHz, 100 %, 63 %
2026/09/22 01:32:53.181, 3, 830.05 W, 47, 2032 MHz, 3996 MHz, 100 %, 63 %
2026/09/22 01:32:53.181, 4, 180.97 W, 36, 120 MHz, 3996 MHz, 0 %, 0 %
2026/09/22 01:32:53.181, 5, 178.76 W, 34, 120 MHz, 3996 MHz, 0 %, 0 %
2026/09/22 01:32:53.181, 6, 179.30 W, 30, 120 MHz, 3996 MHz, 0 %, 0 %
2026/09/22 01:32:53.181, 7, 181.52 W, 30, 120 MHz, 3996 MHz, 0 %, 0 %
2026/09/22 01:32:54.181, 0, 617.51 W, 53, 2032 MHz, 3996 MHz, 100 %, 64 %
2026/09/22 01:32:54.181, 1, 652.83 W, 54, 2032 MHz, 3996 MHz, 100 %, 63 %
2026/09/22 01:32:54.181, 2, 631.88 W, 47, 2032 MHz, 3996 MHz, 100 %, 63 %
2026/09/22 01:32:54.181, 3, 613.59 W, 47, 2032 MHz, 3996 MHz, 100 %, 64 %
2026/09/22 01:32:54.181, 4, 181.08 W, 36, 120 MHz, 3996 MHz, 0 %, 0 %
2026/09/22 01:32:54.181, 5, 178.72 W, 34, 120 MHz, 3996 MHz, 0 %, 0 %
2026/09/22 01:32:54.181, 6, 179.28 W, 30, 120 MHz, 3996 MHz, 0 %, 0 %
2026/09/22 01:32:54.181, 7, 181.53 W, 30, 120 MHz, 3996 MHz, 0 %, 0 %
2026/09/22 01:32:55.182, 0, 647.13 W, 49, 2032 MHz, 3996 MHz, 100 %, 33 %
2026/09/22 01:32:55.182, 1, 621.62 W, 50, 2032 MHz, 3996 MHz, 100 %, 8 %
2026/09/22 01:32:55.182, 2, 616.33 W, 42, 2032 MHz, 3996 MHz, 100 %, 8 %
2026/09/22 01:32:55.182, 3, 641.48 W, 44, 2032 MHz, 3996 MHz, 56 %, 32 %
2026/09/22 01:32:55.182, 4, 181.17 W, 36, 120 MHz, 3996 MHz, 0 %, 0 %
2026/09/22 01:32:55.182, 5, 178.68 W, 34, 120 MHz, 3996 MHz, 0 %, 0 %
2026/09/22 01:32:55.182, 6, 179.32 W, 30, 120 MHz, 3996 MHz, 0 %, 0 %
2026/09/22 01:32:55.182, 7, 181.52 W, 30, 120 MHz, 3996 MHz, 0 %, 0 %
2026/09/22 01:32:56.182, 0, 672.99 W, 50, 2032 MHz, 3996 MHz, 94 %, 9 %
2026/09/22 01:32:56.182, 1, 685.57 W, 52, 2032 MHz, 3996 MHz, 80 %, 49 %
2026/09/22 01:32:56.182, 2, 686.37 W, 44, 2032 MHz, 3996 MHz, 92 %, 56 %
2026/09/22 01:32:56.182, 3, 677.78 W, 43, 2032 MHz, 3996 MHz, 95 %, 14 %
2026/09/22 01:32:56.182, 4, 181.01 W, 36, 120 MHz, 3996 MHz, 0 %, 0 %
2026/09/22 01:32:56.182, 5, 178.64 W, 34, 120 MHz, 3996 MHz, 0 %, 0 %
2026/09/22 01:32:56.182, 6, 179.42 W, 30, 120 MHz, 3996 MHz, 0 %, 0 %
2026/09/22 01:32:56.182, 7, 181.53 W, 30, 120 MHz, 3996 MHz, 0 %, 0 %
2026/09/22 01:32:57.182, 0, 658.93 W, 54, 2032 MHz, 3996 MHz, 100 %, 62 %
2026/09/22 01:32:57.182, 1, 676.65 W, 54, 2032 MHz, 3996 MHz, 100 %, 62 %
2026/09/22 01:32:57.182, 2, 609.67 W, 46, 2032 MHz, 3996 MHz, 100 %, 61 %
2026/09/22 01:32:57.182, 3, 648.61 W, 47, 2032 MHz, 3996 MHz, 100 %, 61 %
2026/09/22 01:32:57.182, 4, 181.13 W, 36, 120 MHz, 3996 MHz, 0 %, 0 %
2026/09/22 01:32:57.182, 5, 178.68 W, 34, 120 MHz, 3996 MHz, 0 %, 0 %
2026/09/22 01:32:57.182, 6, 179.41 W, 30, 120 MHz, 3996 MHz, 0 %, 0 %
2026/09/22 01:32:57.182, 7, 181.54 W, 30, 120 MHz, 3996 MHz, 0 %, 0 %
2026/09/22 01:32:58.182, 0, 810.86 W, 55, 2032 MHz, 3996 MHz, 100 %, 63 %
2026/09/22 01:32:58.183, 1, 820.26 W, 55, 2032 MHz, 3996 MHz, 100 %, 62 %
2026/09/22 01:32:58.183, 2, 799.22 W, 48, 2032 MHz, 3996 MHz, 100 %, 62 %
2026/09/22 01:32:58.183, 3, 807.39 W, 47, 2032 MHz, 3996 MHz, 100 %, 63 %
2026/09/22 01:32:58.183, 4, 181.04 W, 36, 120 MHz, 3996 MHz, 0 %, 0 %
2026/09/22 01:32:58.183, 5, 178.79 W, 34, 120 MHz, 3996 MHz, 0 %, 0 %
2026/09/22 01:32:58.183, 6, 179.35 W, 30, 120 MHz, 3996 MHz, 0 %, 0 %
2026/09/22 01:32:58.183, 7, 181.53 W, 30, 120 MHz, 3996 MHz, 0 %, 0 %
2026/09/22 01:32:59.183, 0, 808.76 W, 55, 2032 MHz, 3996 MHz, 100 %, 62 %
2026/09/22 01:32:59.183, 1, 814.93 W, 56, 2032 MHz, 3996 MHz, 100 %, 62 %
2026/09/22 01:32:59.183, 2, 798.26 W, 48, 2032 MHz, 3996 MHz, 100 %, 62 %
2026/09/22 01:32:59.183, 3, 803.89 W, 48, 2032 MHz, 3996 MHz, 100 %, 62 %
2026/09/22 01:32:59.183, 4, 181.09 W, 36, 120 MHz, 3996 MHz, 0 %, 0 %
2026/09/22 01:32:59.183, 5, 178.72 W, 34, 120 MHz, 3996 MHz, 0 %, 0 %
2026/09/22 01:32:59.183, 6, 179.41 W, 30, 120 MHz, 3996 MHz, 0 %, 0 %
2026/09/22 01:32:59.183, 7, 181.53 W, 30, 120 MHz, 3996 MHz, 0 %, 0 %
2026/09/22 01:33:00.183, 0, 807.65 W, 55, 2032 MHz, 3996 MHz, 100 %, 62 %
2026/09/22 01:33:00.183, 1, 817.49 W, 56, 2032 MHz, 3996 MHz, 100 %, 62 %
2026/09/22 01:33:00.183, 2, 797.76 W, 48, 2032 MHz, 3996 MHz, 100 %, 62 %
2026/09/22 01:33:00.183, 3, 806.74 W, 48, 2032 MHz, 3996 MHz, 100 %, 62 %
2026/09/22 01:33:00.183, 4, 181.35 W, 36, 120 MHz, 3996 MHz, 0 %, 0 %
2026/09/22 01:33:00.183, 5, 178.72 W, 34, 120 MHz, 3996 MHz, 0 %, 0 %
2026/09/22 01:33:00.183, 6, 179.32 W, 30, 120 MHz, 3996 MHz, 0 %, 0 %
2026/09/22 01:33:00.183, 7, 181.52 W, 30, 120 MHz, 3996 MHz, 0 %, 0 %
2026/09/22 01:33:01.183, 0, 808.79 W, 56, 2032 MHz, 3996 MHz, 100 %, 63 %
2026/09/22 01:33:01.183, 1, 820.86 W, 56, 2032 MHz, 3996 MHz, 100 %, 63 %
2026/09/22 01:33:01.183, 2, 800.14 W, 48, 2032 MHz, 3996 MHz, 100 %, 63 %
2026/09/22 01:33:01.184, 3, 802.05 W, 48, 2032 MHz, 3996 MHz, 100 %, 62 %
2026/09/22 01:33:01.184, 4, 181.08 W, 36, 120 MHz, 3996 MHz, 0 %, 0 %
2026/09/22 01:33:01.184, 5, 178.79 W, 34, 120 MHz, 3996 MHz, 0 %, 0 %
2026/09/22 01:33:01.184, 6, 179.44 W, 30, 120 MHz, 3996 MHz, 0 %, 0 %
2026/09/22 01:33:01.184, 7, 181.54 W, 30, 120 MHz, 3996 MHz, 0 %, 0 %
2026/09/22 01:33:02.184, 0, 821.66 W, 56, 2032 MHz, 3996 MHz, 100 %, 64 %
2026/09/22 01:33:02.184, 1, 833.17 W, 57, 2032 MHz, 3996 MHz, 100 %, 64 %
2026/09/22 01:33:02.184, 2, 806.92 W, 49, 2032 MHz, 3996 MHz, 100 %, 63 %
2026/09/22 01:33:02.184, 3, 812.02 W, 48, 2032 MHz, 3996 MHz, 100 %, 63 %
2026/09/22 01:33:02.184, 4, 181.28 W, 36, 120 MHz, 3996 MHz, 0 %, 0 %
2026/09/22 01:33:02.184, 5, 178.84 W, 34, 120 MHz, 3996 MHz, 0 %, 0 %
2026/09/22 01:33:02.184, 6, 179.34 W, 30, 120 MHz, 3996 MHz, 0 %, 0 %
2026/09/22 01:33:02.184, 7, 181.52 W, 30, 120 MHz, 3996 MHz, 0 %, 0 %
2026/09/22 01:33:03.184, 0, 722.91 W, 56, 2032 MHz, 3996 MHz, 100 %, 62 %
2026/09/22 01:33:03.184, 1, 727.06 W, 56, 2032 MHz, 3996 MHz, 100 %, 63 %
2026/09/22 01:33:03.184, 2, 728.12 W, 48, 2032 MHz, 3996 MHz, 100 %, 62 %
2026/09/22 01:33:03.184, 3, 705.80 W, 48, 2032 MHz, 3996 MHz, 100 %, 61 %
2026/09/22 01:33:03.184, 4, 180.96 W, 36, 120 MHz, 3996 MHz, 0 %, 0 %
2026/09/22 01:33:03.184, 5, 178.76 W, 34, 120 MHz, 3996 MHz, 0 %, 0 %
2026/09/22 01:33:03.184, 6, 179.39 W, 30, 120 MHz, 3996 MHz, 0 %, 0 %
2026/09/22 01:33:03.184, 7, 181.53 W, 30, 120 MHz, 3996 MHz, 0 %, 0 %
2026/09/22 01:33:04.184, 0, 643.02 W, 53, 2032 MHz, 3996 MHz, 100 %, 8 %
2026/09/22 01:33:04.184, 1, 691.72 W, 54, 2032 MHz, 3996 MHz, 100 %, 62 %
2026/09/22 01:33:04.184, 2, 631.45 W, 46, 2032 MHz, 3996 MHz, 95 %, 48 %
2026/09/22 01:33:04.184, 3, 665.45 W, 45, 2032 MHz, 3996 MHz, 96 %, 9 %
2026/09/22 01:33:04.184, 4, 181.04 W, 36, 120 MHz, 3996 MHz, 0 %, 0 %
2026/09/22 01:33:04.184, 5, 178.68 W, 34, 120 MHz, 3996 MHz, 0 %, 0 %
2026/09/22 01:33:04.184, 6, 179.44 W, 30, 120 MHz, 3996 MHz, 0 %, 0 %
2026/09/22 01:33:04.185, 7, 181.53 W, 30, 120 MHz, 3996 MHz, 0 %, 0 %
2026/09/22 01:33:05.185, 0, 711.06 W, 52, 2032 MHz, 3996 MHz, 100 %, 63 %
2026/09/22 01:33:05.185, 1, 686.16 W, 53, 2032 MHz, 3996 MHz, 100 %, 13 %
2026/09/22 01:33:05.185, 2, 703.95 W, 45, 2032 MHz, 3996 MHz, 100 %, 25 %
2026/09/22 01:33:05.185, 3, 687.80 W, 46, 2032 MHz, 3996 MHz, 100 %, 62 %
2026/09/22 01:33:05.185, 4, 180.93 W, 36, 120 MHz, 3996 MHz, 0 %, 0 %
2026/09/22 01:33:05.185, 5, 178.64 W, 34, 120 MHz, 3996 MHz, 0 %, 0 %
2026/09/22 01:33:05.185, 6, 179.34 W, 30, 120 MHz, 3996 MHz, 0 %, 0 %
2026/09/22 01:33:05.185, 7, 181.49 W, 30, 120 MHz, 3996 MHz, 0 %, 0 %
2026/09/22 01:33:06.185, 0, 777.84 W, 56, 2032 MHz, 3996 MHz, 100 %, 63 %
2026/09/22 01:33:06.185, 1, 787.69 W, 57, 2032 MHz, 3996 MHz, 100 %, 63 %
2026/09/22 01:33:06.185, 2, 742.12 W, 48, 2032 MHz, 3996 MHz, 100 %, 63 %
2026/09/22 01:33:06.185, 3, 776.84 W, 49, 2032 MHz, 3996 MHz, 100 %, 63 %
2026/09/22 01:33:06.185, 4, 181.15 W, 36, 120 MHz, 3996 MHz, 0 %, 0 %
2026/09/22 01:33:06.185, 5, 178.79 W, 34, 120 MHz, 3996 MHz, 0 %, 0 %
2026/09/22 01:33:06.185, 6, 179.48 W, 30, 120 MHz, 3996 MHz, 0 %, 0 %
2026/09/22 01:33:06.185, 7, 181.53 W, 30, 120 MHz, 3996 MHz, 0 %, 0 %
2026/09/22 01:33:07.185, 0, 756.34 W, 57, 2032 MHz, 3996 MHz, 100 %, 62 %
2026/09/22 01:33:07.185, 1, 739.93 W, 57, 2032 MHz, 3996 MHz, 100 %, 63 %
2026/09/22 01:33:07.185, 2, 714.92 W, 49, 2032 MHz, 3996 MHz, 100 %, 63 %
2026/09/22 01:33:07.185, 3, 726.46 W, 49, 2032 MHz, 3996 MHz, 100 %, 63 %
2026/09/22 01:33:07.185, 4, 181.08 W, 36, 120 MHz, 3996 MHz, 0 %, 0 %
2026/09/22 01:33:07.185, 5, 178.64 W, 34, 120 MHz, 3996 MHz, 0 %, 0 %
2026/09/22 01:33:07.185, 6, 179.39 W, 30, 120 MHz, 3996 MHz, 0 %, 0 %
2026/09/22 01:33:07.185, 7, 181.53 W, 30, 120 MHz, 3996 MHz, 0 %, 0 %
2026/09/22 01:33:08.185, 0, 823.48 W, 57, 2032 MHz, 3996 MHz, 100 %, 63 %
2026/09/22 01:33:08.185, 1, 828.46 W, 58, 2032 MHz, 3996 MHz, 100 %, 63 %
2026/09/22 01:33:08.185, 2, 806.86 W, 49, 2032 MHz, 3996 MHz, 100 %, 63 %
2026/09/22 01:33:08.186, 3, 818.85 W, 49, 2032 MHz, 3996 MHz, 100 %, 63 %
2026/09/22 01:33:08.186, 4, 181.05 W, 36, 120 MHz, 3996 MHz, 0 %, 0 %
2026/09/22 01:33:08.186, 5, 178.76 W, 34, 120 MHz, 3996 MHz, 0 %, 0 %
2026/09/22 01:33:08.186, 6, 179.45 W, 30, 120 MHz, 3996 MHz, 0 %, 0 %
2026/09/22 01:33:08.186, 7, 181.52 W, 30, 120 MHz, 3996 MHz, 0 %, 0 %
2026/09/22 01:33:09.186, 0, 828.35 W, 57, 2032 MHz, 3996 MHz, 100 %, 64 %
2026/09/22 01:33:09.186, 1, 836.43 W, 58, 2032 MHz, 3996 MHz, 100 %, 63 %
2026/09/22 01:33:09.186, 2, 812.92 W, 49, 2032 MHz, 3996 MHz, 100 %, 63 %
2026/09/22 01:33:09.186, 3, 823.66 W, 49, 2032 MHz, 3996 MHz, 100 %, 64 %
2026/09/22 01:33:09.186, 4, 181.19 W, 36, 120 MHz, 3996 MHz, 0 %, 0 %
2026/09/22 01:33:09.186, 5, 178.64 W, 34, 120 MHz, 3996 MHz, 0 %, 0 %
2026/09/22 01:33:09.186, 6, 179.35 W, 30, 120 MHz, 3996 MHz, 0 %, 0 %
2026/09/22 01:33:09.186, 7, 181.51 W, 30, 120 MHz, 3996 MHz, 0 %, 0 %
2026/09/22 01:33:10.186, 0, 830.57 W, 57, 2032 MHz, 3996 MHz, 100 %, 63 %
2026/09/22 01:33:10.186, 1, 844.33 W, 58, 2032 MHz, 3996 MHz, 100 %, 63 %
2026/09/22 01:33:10.186, 2, 820.53 W, 50, 2032 MHz, 3996 MHz, 100 %, 63 %
2026/09/22 01:33:10.186, 3, 830.16 W, 49, 2032 MHz, 3996 MHz, 100 %, 64 %
2026/09/22 01:33:10.186, 4, 181.19 W, 36, 120 MHz, 3996 MHz, 0 %, 0 %
2026/09/22 01:33:10.186, 5, 178.72 W, 34, 120 MHz, 3996 MHz, 0 %, 0 %
2026/09/22 01:33:10.186, 6, 179.41 W, 31, 120 MHz, 3996 MHz, 0 %, 0 %
2026/09/22 01:33:10.186, 7, 181.52 W, 30, 120 MHz, 3996 MHz, 0 %, 0 %
2026/09/22 01:33:11.186, 0, 731.70 W, 56, 2032 MHz, 3996 MHz, 100 %, 10 %
2026/09/22 01:33:11.186, 1, 765.78 W, 57, 2032 MHz, 3996 MHz, 95 %, 58 %
2026/09/22 01:33:11.186, 2, 737.86 W, 48, 2032 MHz, 3996 MHz, 71 %, 43 %
2026/09/22 01:33:11.186, 3, 729.76 W, 48, 2032 MHz, 3996 MHz, 100 %, 9 %
2026/09/22 01:33:11.186, 4, 181.28 W, 36, 120 MHz, 3996 MHz, 0 %, 0 %
2026/09/22 01:33:11.186, 5, 178.79 W, 34, 120 MHz, 3996 MHz, 0 %, 0 %
2026/09/22 01:33:11.186, 6, 179.51 W, 30, 120 MHz, 3996 MHz, 0 %, 0 %
2026/09/22 01:33:11.186, 7, 181.52 W, 30, 120 MHz, 3996 MHz, 0 %, 0 %
2026/09/22 01:33:12.187, 0, 701.28 W, 54, 2032 MHz, 3996 MHz, 100 %, 62 %
2026/09/22 01:33:12.187, 1, 713.28 W, 56, 2032 MHz, 3996 MHz, 100 %, 61 %
2026/09/22 01:33:12.187, 2, 698.22 W, 46, 2032 MHz, 3996 MHz, 100 %, 62 %
2026/09/22 01:33:12.187, 3, 718.02 W, 46, 2032 MHz, 3996 MHz, 100 %, 60 %
2026/09/22 01:33:12.187, 4, 181.03 W, 36, 120 MHz, 3996 MHz, 0 %, 0 %
2026/09/22 01:33:12.187, 5, 178.72 W, 34, 120 MHz, 3996 MHz, 0 %, 0 %
2026/09/22 01:33:12.187, 6, 179.40 W, 30, 120 MHz, 3996 MHz, 0 %, 0 %
2026/09/22 01:33:12.187, 7, 181.54 W, 30, 120 MHz, 3996 MHz, 0 %, 0 %
2026/09/22 01:33:13.187, 0, 660.49 W, 54, 2032 MHz, 3996 MHz, 100 %, 26 %
2026/09/22 01:33:13.187, 1, 698.61 W, 55, 2032 MHz, 3996 MHz, 100 %, 8 %
2026/09/22 01:33:13.187, 2, 653.63 W, 46, 2032 MHz, 3996 MHz, 32 %, 14 %
2026/09/22 01:33:13.187, 3, 647.06 W, 46, 2032 MHz, 3996 MHz, 100 %, 23 %
2026/09/22 01:33:13.187, 4, 181.21 W, 36, 120 MHz, 3996 MHz, 0 %, 0 %
2026/09/22 01:33:13.187, 5, 178.64 W, 34, 120 MHz, 3996 MHz, 0 %, 0 %
2026/09/22 01:33:13.187, 6, 179.40 W, 31, 120 MHz, 3996 MHz, 0 %, 0 %
2026/09/22 01:33:13.187, 7, 181.53 W, 30, 120 MHz, 3996 MHz, 0 %, 0 %
2026/09/22 01:33:14.187, 0, 750.51 W, 57, 2032 MHz, 3996 MHz, 100 %, 62 %
2026/09/22 01:33:14.187, 1, 736.04 W, 58, 2032 MHz, 3996 MHz, 100 %, 62 %
2026/09/22 01:33:14.187, 2, 704.57 W, 49, 2032 MHz, 3996 MHz, 100 %, 62 %
2026/09/22 01:33:14.187, 3, 754.02 W, 49, 2032 MHz, 3996 MHz, 100 %, 62 %
2026/09/22 01:33:14.187, 4, 180.85 W, 36, 120 MHz, 3996 MHz, 0 %, 0 %
2026/09/22 01:33:14.187, 5, 178.76 W, 34, 120 MHz, 3996 MHz, 0 %, 0 %
2026/09/22 01:33:14.187, 6, 179.45 W, 30, 120 MHz, 3996 MHz, 0 %, 0 %
2026/09/22 01:33:14.187, 7, 181.53 W, 30, 120 MHz, 3996 MHz, 0 %, 0 %
2026/09/22 01:33:15.187, 0, 758.23 W, 57, 2032 MHz, 3996 MHz, 53 %, 29 %
2026/09/22 01:33:15.187, 1, 734.31 W, 57, 2032 MHz, 3996 MHz, 100 %, 62 %
2026/09/22 01:33:15.187, 2, 714.63 W, 48, 2032 MHz, 3996 MHz, 100 %, 62 %
2026/09/22 01:33:15.187, 3, 722.74 W, 48, 2032 MHz, 3996 MHz, 96 %, 29 %
2026/09/22 01:33:15.187, 4, 180.96 W, 36, 120 MHz, 3996 MHz, 0 %, 0 %
2026/09/22 01:33:15.187, 5, 178.72 W, 34, 120 MHz, 3996 MHz, 0 %, 0 %
2026/09/22 01:33:15.187, 6, 179.39 W, 31, 120 MHz, 3996 MHz, 0 %, 0 %
2026/09/22 01:33:15.188, 7, 181.50 W, 30, 120 MHz, 3996 MHz, 0 %, 0 %
2026/09/22 01:33:16.188, 0, 815.14 W, 58, 2032 MHz, 3996 MHz, 100 %, 63 %
2026/09/22 01:33:16.188, 1, 821.03 W, 58, 2032 MHz, 3996 MHz, 100 %, 62 %
2026/09/22 01:33:16.188, 2, 795.97 W, 49, 2032 MHz, 3996 MHz, 100 %, 62 %
2026/09/22 01:33:16.188, 3, 801.02 W, 49, 2032 MHz, 3996 MHz, 100 %, 61 %
2026/09/22 01:33:16.188, 4, 181.00 W, 36, 120 MHz, 3996 MHz, 0 %, 0 %
2026/09/22 01:33:16.188, 5, 178.72 W, 34, 120 MHz, 3996 MHz, 0 %, 0 %
2026/09/22 01:33:16.188, 6, 179.37 W, 31, 120 MHz, 3996 MHz, 0 %, 0 %
2026/09/22 01:33:16.188, 7, 181.51 W, 30, 120 MHz, 3996 MHz, 0 %, 0 %
2026/09/22 01:33:17.188, 0, 819.69 W, 58, 2032 MHz, 3996 MHz, 100 %, 63 %
2026/09/22 01:33:17.188, 1, 830.57 W, 59, 2032 MHz, 3996 MHz, 100 %, 63 %
2026/09/22 01:33:17.188, 2, 805.62 W, 50, 2032 MHz, 3996 MHz, 100 %, 62 %
2026/09/22 01:33:17.188, 3, 808.90 W, 49, 2032 MHz, 3996 MHz, 100 %, 62 %
2026/09/22 01:33:17.188, 4, 181.01 W, 36, 120 MHz, 3996 MHz, 0 %, 0 %
2026/09/22 01:33:17.188, 5, 178.72 W, 34, 120 MHz, 3996 MHz, 0 %, 0 %
2026/09/22 01:33:17.188, 6, 179.36 W, 30, 120 MHz, 3996 MHz, 0 %, 0 %
2026/09/22 01:33:17.188, 7, 181.52 W, 30, 120 MHz, 3996 MHz, 0 %, 0 %
2026/09/22 01:33:18.188, 0, 832.19 W, 59, 2032 MHz, 3996 MHz, 100 %, 64 %
2026/09/22 01:33:18.188, 1, 838.62 W, 59, 2032 MHz, 3996 MHz, 100 %, 63 %
2026/09/22 01:33:18.188, 2, 812.73 W, 50, 2032 MHz, 3996 MHz, 100 %, 63 %
2026/09/22 01:33:18.188, 3, 820.20 W, 50, 2032 MHz, 3996 MHz, 100 %, 63 %
2026/09/22 01:33:18.188, 4, 181.04 W, 36, 120 MHz, 3996 MHz, 0 %, 0 %
2026/09/22 01:33:18.188, 5, 178.84 W, 34, 120 MHz, 3996 MHz, 0 %, 0 %
2026/09/22 01:33:18.188, 6, 179.45 W, 31, 120 MHz, 3996 MHz, 0 %, 0 %
2026/09/22 01:33:18.188, 7, 181.52 W, 30, 120 MHz, 3996 MHz, 0 %, 0 %
2026/09/22 01:33:19.188, 0, 837.90 W, 59, 2032 MHz, 3996 MHz, 100 %, 64 %
2026/09/22 01:33:19.188, 1, 850.34 W, 60, 2032 MHz, 3996 MHz, 100 %, 64 %
2026/09/22 01:33:19.189, 2, 825.19 W, 51, 2032 MHz, 3996 MHz, 100 %, 64 %
2026/09/22 01:33:19.189, 3, 827.42 W, 50, 2032 MHz, 3996 MHz, 100 %, 63 %
2026/09/22 01:33:19.189, 4, 181.09 W, 36, 120 MHz, 3996 MHz, 0 %, 0 %
2026/09/22 01:33:19.189, 5, 178.76 W, 34, 120 MHz, 3996 MHz, 0 %, 0 %
2026/09/22 01:33:19.189, 6, 179.47 W, 30, 120 MHz, 3996 MHz, 0 %, 0 %
2026/09/22 01:33:19.189, 7, 181.52 W, 30, 120 MHz, 3996 MHz, 0 %, 0 %
2026/09/22 01:33:20.189, 0, 581.80 W, 53, 2032 MHz, 3996 MHz, 97 %, 59 %
2026/09/22 01:33:20.189, 1, 607.75 W, 54, 2032 MHz, 3996 MHz, 100 %, 8 %
2026/09/22 01:33:20.189, 2, 609.81 W, 45, 2032 MHz, 3996 MHz, 100 %, 11 %
2026/09/22 01:33:20.189, 3, 606.48 W, 47, 2032 MHz, 3996 MHz, 94 %, 58 %
2026/09/22 01:33:20.189, 4, 181.05 W, 36, 120 MHz, 3996 MHz, 0 %, 0 %
2026/09/22 01:33:20.189, 5, 178.72 W, 34, 120 MHz, 3996 MHz, 0 %, 0 %
2026/09/22 01:33:20.189, 6, 179.38 W, 30, 120 MHz, 3996 MHz, 0 %, 0 %
2026/09/22 01:33:20.189, 7, 181.53 W, 30, 120 MHz, 3996 MHz, 0 %, 0 %
2026/09/22 01:33:21.189, 0, 770.27 W, 56, 2032 MHz, 3996 MHz, 100 %, 63 %
2026/09/22 01:33:21.189, 1, 784.05 W, 58, 2032 MHz, 3996 MHz, 33 %, 14 %
2026/09/22 01:33:21.189, 2, 747.80 W, 48, 2032 MHz, 3996 MHz, 100 %, 63 %
2026/09/22 01:33:21.189, 3, 760.92 W, 47, 2032 MHz, 3996 MHz, 100 %, 62 %
2026/09/22 01:33:21.189, 4, 181.04 W, 36, 120 MHz, 3996 MHz, 0 %, 0 %
2026/09/22 01:33:21.189, 5, 178.68 W, 34, 120 MHz, 3996 MHz, 0 %, 0 %
2026/09/22 01:33:21.189, 6, 179.35 W, 31, 120 MHz, 3996 MHz, 0 %, 0 %
2026/09/22 01:33:21.189, 7, 181.53 W, 30, 120 MHz, 3996 MHz, 0 %, 0 %
2026/09/22 01:33:22.189, 0, 672.87 W, 58, 2032 MHz, 3996 MHz, 57 %, 33 %
2026/09/22 01:33:22.189, 1, 688.36 W, 58, 2032 MHz, 3996 MHz, 100 %, 59 %
2026/09/22 01:33:22.189, 2, 628.02 W, 48, 2032 MHz, 3996 MHz, 100 %, 62 %
2026/09/22 01:33:22.189, 3, 645.10 W, 48, 2032 MHz, 3996 MHz, 96 %, 34 %
2026/09/22 01:33:22.189, 4, 181.13 W, 36, 120 MHz, 3996 MHz, 0 %, 0 %
2026/09/22 01:33:22.189, 5, 178.79 W, 34, 120 MHz, 3996 MHz, 0 %, 0 %
2026/09/22 01:33:22.189, 6, 179.28 W, 31, 120 MHz, 3996 MHz, 0 %, 0 %
2026/09/22 01:33:22.189, 7, 181.53 W, 30, 120 MHz, 3996 MHz, 0 %, 0 %
2026/09/22 01:33:23.190, 0, 743.10 W, 59, 2032 MHz, 3996 MHz, 100 %, 63 %
2026/09/22 01:33:23.190, 1, 755.66 W, 60, 2032 MHz, 3996 MHz, 100 %, 63 %
2026/09/22 01:33:23.190, 2, 762.21 W, 50, 2032 MHz, 3996 MHz, 100 %, 62 %
2026/09/22 01:33:23.190, 3, 774.31 W, 50, 2032 MHz, 3996 MHz, 100 %, 64 %
2026/09/22 01:33:23.190, 4, 181.32 W, 36, 120 MHz, 3996 MHz, 0 %, 0 %
2026/09/22 01:33:23.190, 5, 178.80 W, 34, 120 MHz, 3996 MHz, 0 %, 0 %
2026/09/22 01:33:23.190, 6, 179.51 W, 31, 120 MHz, 3996 MHz, 0 %, 0 %
2026/09/22 01:33:23.190, 7, 181.53 W, 30, 120 MHz, 3996 MHz, 0 %, 0 %
2026/09/22 01:33:24.190, 0, 763.10 W, 57, 2032 MHz, 3996 MHz, 49 %, 24 %
2026/09/22 01:33:24.190, 1, 739.08 W, 57, 2032 MHz, 3996 MHz, 95 %, 50 %
2026/09/22 01:33:24.190, 2, 716.96 W, 46, 2032 MHz, 3996 MHz, 100 %, 8 %
2026/09/22 01:33:24.190, 3, 726.07 W, 47, 2032 MHz, 3996 MHz, 100 %, 17 %
2026/09/22 01:33:24.190, 4, 181.08 W, 36, 120 MHz, 3996 MHz, 0 %, 0 %
2026/09/22 01:33:24.190, 5, 178.76 W, 34, 120 MHz, 3996 MHz, 0 %, 0 %
2026/09/22 01:33:24.190, 6, 179.32 W, 30, 120 MHz, 3996 MHz, 0 %, 0 %
2026/09/22 01:33:24.190, 7, 181.53 W, 30, 120 MHz, 3996 MHz, 0 %, 0 %
2026/09/22 01:33:25.190, 0, 809.83 W, 59, 2032 MHz, 3996 MHz, 100 %, 61 %
2026/09/22 01:33:25.190, 1, 819.51 W, 60, 2032 MHz, 3996 MHz, 100 %, 62 %
2026/09/22 01:33:25.190, 2, 788.29 W, 49, 2032 MHz, 3996 MHz, 100 %, 62 %
2026/09/22 01:33:25.190, 3, 796.60 W, 49, 2032 MHz, 3996 MHz, 100 %, 60 %
2026/09/22 01:33:25.190, 4, 181.13 W, 36, 120 MHz, 3996 MHz, 0 %, 0 %
2026/09/22 01:33:25.190, 5, 178.83 W, 34, 120 MHz, 3996 MHz, 0 %, 0 %
2026/09/22 01:33:25.190, 6, 179.22 W, 31, 120 MHz, 3996 MHz, 0 %, 0 %
2026/09/22 01:33:25.190, 7, 181.53 W, 30, 120 MHz, 3996 MHz, 0 %, 0 %
2026/09/22 01:33:26.190, 0, 801.46 W, 59, 2032 MHz, 3996 MHz, 100 %, 61 %
2026/09/22 01:33:26.190, 1, 813.04 W, 60, 2032 MHz, 3996 MHz, 100 %, 62 %
2026/09/22 01:33:26.190, 2, 789.17 W, 50, 2032 MHz, 3996 MHz, 100 %, 61 %
2026/09/22 01:33:26.190, 3, 794.84 W, 50, 2032 MHz, 3996 MHz, 100 %, 61 %
2026/09/22 01:33:26.190, 4, 180.85 W, 36, 120 MHz, 3996 MHz, 0 %, 0 %
2026/09/22 01:33:26.191, 5, 178.64 W, 34, 120 MHz, 3996 MHz, 0 %, 0 %
2026/09/22 01:33:26.191, 6, 179.42 W, 30, 120 MHz, 3996 MHz, 0 %, 0 %
2026/09/22 01:33:26.191, 7, 181.52 W, 30, 120 MHz, 3996 MHz, 0 %, 0 %
2026/09/22 01:33:27.191, 0, 819.92 W, 60, 2032 MHz, 3996 MHz, 100 %, 62 %
2026/09/22 01:33:27.191, 1, 829.39 W, 60, 2032 MHz, 3996 MHz, 100 %, 63 %
2026/09/22 01:33:27.191, 2, 801.55 W, 50, 2032 MHz, 3996 MHz, 100 %, 63 %
2026/09/22 01:33:27.191, 3, 808.54 W, 50, 2032 MHz, 3996 MHz, 100 %, 62 %
2026/09/22 01:33:27.191, 4, 181.43 W, 36, 120 MHz, 3996 MHz, 0 %, 0 %
2026/09/22 01:33:27.191, 5, 178.76 W, 34, 120 MHz, 3996 MHz, 0 %, 0 %
2026/09/22 01:33:27.191, 6, 179.26 W, 30, 120 MHz, 3996 MHz, 0 %, 0 %
2026/09/22 01:33:27.191, 7, 181.53 W, 30, 120 MHz, 3996 MHz, 0 %, 0 %
2026/09/22 01:33:28.191, 0, 833.65 W, 60, 2032 MHz, 3996 MHz, 100 %, 63 %
2026/09/22 01:33:28.191, 1, 843.84 W, 61, 2032 MHz, 3996 MHz, 100 %, 64 %
2026/09/22 01:33:28.191, 2, 816.93 W, 51, 2032 MHz, 3996 MHz, 100 %, 63 %
2026/09/22 01:33:28.191, 3, 820.14 W, 50, 2032 MHz, 3996 MHz, 100 %, 63 %
2026/09/22 01:33:28.191, 4, 181.21 W, 36, 120 MHz, 3996 MHz, 0 %, 0 %
2026/09/22 01:33:28.191, 5, 178.76 W, 34, 120 MHz, 3996 MHz, 0 %, 0 %
2026/09/22 01:33:28.191, 6, 179.34 W, 31, 120 MHz, 3996 MHz, 0 %, 0 %
2026/09/22 01:33:28.191, 7, 181.51 W, 30, 120 MHz, 3996 MHz, 0 %, 0 %
2026/09/22 01:33:29.191, 0, 741.72 W, 58, 2032 MHz, 3996 MHz, 100 %, 8 %
2026/09/22 01:33:29.191, 1, 778.64 W, 59, 2032 MHz, 3996 MHz, 100 %, 61 %
2026/09/22 01:33:29.191, 2, 726.22 W, 48, 2032 MHz, 3996 MHz, 96 %, 44 %
2026/09/22 01:33:29.191, 3, 729.51 W, 48, 2032 MHz, 3996 MHz, 100 %, 8 %
2026/09/22 01:33:29.191, 4, 181.31 W, 36, 120 MHz, 3996 MHz, 0 %, 0 %
2026/09/22 01:33:29.191, 5, 178.64 W, 34, 120 MHz, 3996 MHz, 0 %, 0 %
2026/09/22 01:33:29.191, 6, 179.44 W, 30, 120 MHz, 3996 MHz, 0 %, 0 %
2026/09/22 01:33:29.191, 7, 181.53 W, 30, 120 MHz, 3996 MHz, 0 %, 0 %
2026/09/22 01:33:30.192, 0, 679.14 W, 58, 2032 MHz, 3996 MHz, 100 %, 61 %
2026/09/22 01:33:30.192, 1, 681.86 W, 60, 2032 MHz, 3996 MHz, 100 %, 62 %
2026/09/22 01:33:30.192, 2, 658.33 W, 49, 2032 MHz, 3996 MHz, 100 %, 62 %
2026/09/22 01:33:30.192, 3, 649.60 W, 49, 2032 MHz, 3996 MHz, 100 %, 61 %
2026/09/22 01:33:30.192, 4, 181.34 W, 36, 120 MHz, 3996 MHz, 0 %, 0 %
2026/09/22 01:33:30.192, 5, 178.79 W, 34, 120 MHz, 3996 MHz, 0 %, 0 %
2026/09/22 01:33:30.192, 6, 179.45 W, 30, 120 MHz, 3996 MHz, 0 %, 0 %
2026/09/22 01:33:30.192, 7, 181.51 W, 30, 120 MHz, 3996 MHz, 0 %, 0 %
2026/09/22 01:33:31.192, 0, 740.72 W, 59, 2032 MHz, 3996 MHz, 100 %, 62 %
2026/09/22 01:33:31.192, 1, 746.74 W, 60, 2032 MHz, 3996 MHz, 100 %, 62 %
2026/09/22 01:33:31.192, 2, 753.18 W, 50, 2032 MHz, 3996 MHz, 100 %, 62 %
2026/09/22 01:33:31.192, 3, 746.20 W, 50, 2032 MHz, 3996 MHz, 100 %, 62 %
2026/09/22 01:33:31.192, 4, 181.17 W, 36, 120 MHz, 3996 MHz, 0 %, 0 %
2026/09/22 01:33:31.192, 5, 178.76 W, 34, 120 MHz, 3996 MHz, 0 %, 0 %
2026/09/22 01:33:31.192, 6, 179.42 W, 30, 120 MHz, 3996 MHz, 0 %, 0 %
2026/09/22 01:33:31.192, 7, 181.50 W, 30, 120 MHz, 3996 MHz, 0 %, 0 %
2026/09/22 01:33:32.192, 0, 825.43 W, 60, 2032 MHz, 3996 MHz, 100 %, 62 %
2026/09/22 01:33:32.192, 1, 836.71 W, 61, 2032 MHz, 3996 MHz, 100 %, 62 %
2026/09/22 01:33:32.192, 2, 810.34 W, 51, 2032 MHz, 3996 MHz, 100 %, 62 %
2026/09/22 01:33:32.192, 3, 812.72 W, 50, 2032 MHz, 3996 MHz, 100 %, 62 %
2026/09/22 01:33:32.192, 4, 181.38 W, 36, 120 MHz, 3996 MHz, 0 %, 0 %
2026/09/22 01:33:32.192, 5, 178.72 W, 34, 120 MHz, 3996 MHz, 0 %, 0 %
2026/09/22 01:33:32.192, 6, 179.39 W, 30, 120 MHz, 3996 MHz, 0 %, 0 %
2026/09/22 01:33:32.192, 7, 181.49 W, 30, 120 MHz, 3996 MHz, 0 %, 0 %
2026/09/22 01:33:33.192, 0, 794.46 W, 58, 2032 MHz, 3996 MHz, 100 %, 63 %
2026/09/22 01:33:33.192, 1, 769.05 W, 57, 2032 MHz, 3996 MHz, 100 %, 8 %
2026/09/22 01:33:33.192, 2, 759.67 W, 47, 2032 MHz, 3996 MHz, 100 %, 34 %
2026/09/22 01:33:33.192, 3, 756.59 W, 47, 2032 MHz, 3996 MHz, 100 %, 63 %
2026/09/22 01:33:33.192, 4, 181.01 W, 36, 120 MHz, 3996 MHz, 0 %, 0 %
2026/09/22 01:33:33.192, 5, 178.68 W, 34, 120 MHz, 3996 MHz, 0 %, 0 %
2026/09/22 01:33:33.192, 6, 179.42 W, 30, 120 MHz, 3996 MHz, 0 %, 0 %
2026/09/22 01:33:33.192, 7, 181.51 W, 30, 120 MHz, 3996 MHz, 0 %, 0 %
2026/09/22 01:33:34.193, 0, 797.45 W, 61, 2032 MHz, 3996 MHz, 100 %, 63 %
2026/09/22 01:33:34.193, 1, 815.20 W, 61, 2032 MHz, 3996 MHz, 100 %, 64 %
2026/09/22 01:33:34.193, 2, 760.91 W, 51, 2032 MHz, 3996 MHz, 100 %, 62 %
2026/09/22 01:33:34.193, 3, 779.09 W, 51, 2032 MHz, 3996 MHz, 100 %, 63 %
2026/09/22 01:33:34.193, 4, 181.21 W, 36, 120 MHz, 3996 MHz, 0 %, 0 %
2026/09/22 01:33:34.193, 5, 178.72 W, 34, 120 MHz, 3996 MHz, 0 %, 0 %
2026/09/22 01:33:34.193, 6, 179.38 W, 30, 120 MHz, 3996 MHz, 0 %, 0 %
2026/09/22 01:33:34.193, 7, 181.51 W, 30, 120 MHz, 3996 MHz, 0 %, 0 %
2026/09/22 01:33:35.193, 0, 838.51 W, 61, 2032 MHz, 3996 MHz, 100 %, 63 %
2026/09/22 01:33:35.193, 1, 842.89 W, 62, 2032 MHz, 3996 MHz, 100 %, 63 %
2026/09/22 01:33:35.193, 2, 818.62 W, 51, 2032 MHz, 3996 MHz, 100 %, 63 %
2026/09/22 01:33:35.193, 3, 825.28 W, 51, 2032 MHz, 3996 MHz, 100 %, 63 %
2026/09/22 01:33:35.193, 4, 181.12 W, 36, 120 MHz, 3996 MHz, 0 %, 0 %
2026/09/22 01:33:35.193, 5, 178.68 W, 34, 120 MHz, 3996 MHz, 0 %, 0 %
2026/09/22 01:33:35.193, 6, 179.26 W, 30, 120 MHz, 3996 MHz, 0 %, 0 %
2026/09/22 01:33:35.193, 7, 181.47 W, 30, 120 MHz, 3996 MHz, 0 %, 0 %
2026/09/22 01:33:36.193, 0, 832.36 W, 61, 2032 MHz, 3996 MHz, 100 %, 63 %
2026/09/22 01:33:36.193, 1, 843.70 W, 62, 2032 MHz, 3996 MHz, 100 %, 63 %
2026/09/22 01:33:36.193, 2, 815.22 W, 51, 2032 MHz, 3996 MHz, 100 %, 62 %
2026/09/22 01:33:36.193, 3, 823.40 W, 51, 2032 MHz, 3996 MHz, 100 %, 63 %
2026/09/22 01:33:36.193, 4, 181.23 W, 36, 120 MHz, 3996 MHz, 0 %, 0 %
2026/09/22 01:33:36.193, 5, 178.76 W, 34, 120 MHz, 3996 MHz, 0 %, 0 %
2026/09/22 01:33:36.193, 6, 179.31 W, 30, 120 MHz, 3996 MHz, 0 %, 0 %
2026/09/22 01:33:36.193, 7, 181.50 W, 30, 120 MHz, 3996 MHz, 0 %, 0 %
2026/09/22 01:33:37.193, 0, 770.78 W, 58, 2032 MHz, 3996 MHz, 100 %, 62 %
2026/09/22 01:33:37.193, 1, 800.01 W, 60, 2032 MHz, 3996 MHz, 36 %, 15 %
2026/09/22 01:33:37.193, 2, 772.12 W, 50, 2032 MHz, 3996 MHz, 100 %, 41 %
2026/09/22 01:33:37.193, 3, 758.44 W, 48, 2032 MHz, 3996 MHz, 100 %, 61 %
2026/09/22 01:33:37.194, 4, 181.48 W, 36, 120 MHz, 3996 MHz, 0 %, 0 %
2026/09/22 01:33:37.194, 5, 178.84 W, 34, 120 MHz, 3996 MHz, 0 %, 0 %
2026/09/22 01:33:37.194, 6, 179.50 W, 30, 120 MHz, 3996 MHz, 0 %, 0 %
2026/09/22 01:33:37.194, 7, 181.52 W, 30, 120 MHz, 3996 MHz, 0 %, 0 %
2026/09/22 01:33:38.194, 0, 704.19 W, 60, 2032 MHz, 3996 MHz, 30 %, 13 %
2026/09/22 01:33:38.194, 1, 692.42 W, 59, 2032 MHz, 3996 MHz, 95 %, 9 %
2026/09/22 01:33:38.194, 2, 677.68 W, 49, 2032 MHz, 3996 MHz, 95 %, 49 %
2026/09/22 01:33:38.194, 3, 671.08 W, 49, 2032 MHz, 3996 MHz, 96 %, 9 %
2026/09/22 01:33:38.194, 4, 181.23 W, 36, 120 MHz, 3996 MHz, 0 %, 0 %
2026/09/22 01:33:38.194, 5, 178.68 W, 34, 120 MHz, 3996 MHz, 0 %, 0 %
2026/09/22 01:33:38.194, 6, 179.46 W, 30, 120 MHz, 3996 MHz, 0 %, 0 %
2026/09/22 01:33:38.194, 7, 181.53 W, 30, 120 MHz, 3996 MHz, 0 %, 0 %
2026/09/22 01:33:39.194, 0, 736.28 W, 61, 2032 MHz, 3996 MHz, 100 %, 62 %
2026/09/22 01:33:39.194, 1, 779.42 W, 61, 2032 MHz, 3996 MHz, 100 %, 62 %
2026/09/22 01:33:39.194, 2, 721.27 W, 51, 2032 MHz, 3996 MHz, 100 %, 63 %
2026/09/22 01:33:39.194, 3, 759.72 W, 50, 2032 MHz, 3996 MHz, 100 %, 62 %
2026/09/22 01:33:39.194, 4, 181.51 W, 36, 120 MHz, 3996 MHz, 0 %, 0 %
2026/09/22 01:33:39.194, 5, 178.68 W, 34, 120 MHz, 3996 MHz, 0 %, 0 %
2026/09/22 01:33:39.194, 6, 179.09 W, 30, 120 MHz, 3996 MHz, 0 %, 0 %
2026/09/22 01:33:39.194, 7, 181.49 W, 30, 120 MHz, 3996 MHz, 0 %, 0 %
2026/09/22 01:33:40.194, 0, 825.92 W, 61, 2032 MHz, 3996 MHz, 100 %, 62 %
2026/09/22 01:33:40.194, 1, 832.76 W, 62, 2032 MHz, 3996 MHz, 100 %, 62 %
2026/09/22 01:33:40.194, 2, 801.37 W, 51, 2032 MHz, 3996 MHz, 100 %, 62 %
2026/09/22 01:33:40.194, 3, 800.69 W, 51, 2032 MHz, 3996 MHz, 100 %, 61 %
2026/09/22 01:33:40.194, 4, 181.38 W, 36, 120 MHz, 3996 MHz, 0 %, 0 %
2026/09/22 01:33:40.194, 5, 178.72 W, 34, 120 MHz, 3996 MHz, 0 %, 0 %
2026/09/22 01:33:40.194, 6, 179.41 W, 30, 120 MHz, 3996 MHz, 0 %, 0 %
2026/09/22 01:33:40.194, 7, 181.53 W, 30, 120 MHz, 3996 MHz, 0 %, 0 %
2026/09/22 01:33:41.194, 0, 746.72 W, 59, 2032 MHz, 3996 MHz, 100 %, 24 %
2026/09/22 01:33:41.195, 1, 773.82 W, 59, 2032 MHz, 3996 MHz, 100 %, 19 %
2026/09/22 01:33:41.195, 2, 759.45 W, 49, 2032 MHz, 3996 MHz, 100 %, 14 %
2026/09/22 01:33:41.195, 3, 753.61 W, 49, 2032 MHz, 3996 MHz, 51 %, 27 %
2026/09/22 01:33:41.195, 4, 181.23 W, 36, 120 MHz, 3996 MHz, 0 %, 0 %
2026/09/22 01:33:41.195, 5, 178.72 W, 34, 120 MHz, 3996 MHz, 0 %, 0 %
2026/09/22 01:33:41.195, 6, 179.25 W, 30, 120 MHz, 3996 MHz, 0 %, 0 %
2026/09/22 01:33:41.195, 7, 181.49 W, 30, 120 MHz, 3996 MHz, 0 %, 0 %
2026/09/22 01:33:42.195, 0, 762.41 W, 61, 2032 MHz, 3996 MHz, 100 %, 63 %
2026/09/22 01:33:42.195, 1, 723.19 W, 62, 2032 MHz, 3996 MHz, 100 %, 63 %
2026/09/22 01:33:42.195, 2, 709.45 W, 51, 2032 MHz, 3996 MHz, 100 %, 63 %
2026/09/22 01:33:42.195, 3, 721.19 W, 51, 2032 MHz, 3996 MHz, 100 %, 64 %
2026/09/22 01:33:42.195, 4, 181.20 W, 36, 120 MHz, 3996 MHz, 0 %, 0 %
2026/09/22 01:33:42.195, 5, 178.80 W, 34, 120 MHz, 3996 MHz, 0 %, 0 %
2026/09/22 01:33:42.195, 6, 179.31 W, 30, 120 MHz, 3996 MHz, 0 %, 0 %
2026/09/22 01:33:42.195, 7, 181.52 W, 30, 120 MHz, 3996 MHz, 0 %, 0 %
2026/09/22 01:33:43.195, 0, 843.93 W, 62, 2032 MHz, 3996 MHz, 100 %, 64 %
2026/09/22 01:33:43.195, 1, 853.11 W, 62, 2032 MHz, 3996 MHz, 100 %, 63 %
2026/09/22 01:33:43.195, 2, 822.64 W, 52, 2032 MHz, 3996 MHz, 100 %, 63 %
2026/09/22 01:33:43.195, 3, 833.28 W, 51, 2032 MHz, 3996 MHz, 100 %, 63 %
2026/09/22 01:33:43.195, 4, 181.24 W, 36, 120 MHz, 3996 MHz, 0 %, 0 %
2026/09/22 01:33:43.195, 5, 178.68 W, 34, 120 MHz, 3996 MHz, 0 %, 0 %
2026/09/22 01:33:43.195, 6, 179.40 W, 30, 120 MHz, 3996 MHz, 0 %, 0 %
2026/09/22 01:33:43.195, 7, 181.49 W, 30, 120 MHz, 3996 MHz, 0 %, 0 %
2026/09/22 01:33:44.195, 0, 847.42 W, 62, 2032 MHz, 3996 MHz, 100 %, 64 %
2026/09/22 01:33:44.195, 1, 853.72 W, 63, 2032 MHz, 3996 MHz, 100 %, 63 %
2026/09/22 01:33:44.195, 2, 828.97 W, 52, 2032 MHz, 3996 MHz, 100 %, 64 %
2026/09/22 01:33:44.195, 3, 831.98 W, 52, 2032 MHz, 3996 MHz, 100 %, 64 %
2026/09/22 01:33:44.195, 4, 181.50 W, 36, 120 MHz, 3996 MHz, 0 %, 0 %
2026/09/22 01:33:44.195, 5, 178.79 W, 34, 120 MHz, 3996 MHz, 0 %, 0 %
2026/09/22 01:33:44.195, 6, 179.33 W, 30, 120 MHz, 3996 MHz, 0 %, 0 %
2026/09/22 01:33:44.195, 7, 181.48 W, 30, 120 MHz, 3996 MHz, 0 %, 0 %
2026/09/22 01:33:45.196, 0, 783.94 W, 59, 2032 MHz, 3996 MHz, 100 %, 63 %
2026/09/22 01:33:45.196, 1, 821.71 W, 62, 2032 MHz, 3996 MHz, 100 %, 62 %
2026/09/22 01:33:45.196, 2, 792.65 W, 50, 2032 MHz, 3996 MHz, 85 %, 49 %
2026/09/22 01:33:45.196, 3, 770.17 W, 48, 2032 MHz, 3996 MHz, 100 %, 62 %
2026/09/22 01:33:45.196, 4, 181.32 W, 36, 120 MHz, 3996 MHz, 0 %, 0 %
2026/09/22 01:33:45.196, 5, 178.87 W, 34, 120 MHz, 3996 MHz, 0 %, 0 %
2026/09/22 01:33:45.196, 6, 179.14 W, 30, 120 MHz, 3996 MHz, 0 %, 0 %
2026/09/22 01:33:45.196, 7, 181.47 W, 30, 120 MHz, 3996 MHz, 0 %, 0 %
2026/09/22 01:33:46.196, 0, 702.27 W, 61, 2032 MHz, 3996 MHz, 95 %, 50 %
2026/09/22 01:33:46.196, 1, 681.84 W, 61, 2032 MHz, 3996 MHz, 95 %, 55 %
2026/09/22 01:33:46.196, 2, 684.48 W, 50, 2032 MHz, 3996 MHz, 100 %, 62 %
2026/09/22 01:33:46.196, 3, 712.65 W, 50, 2032 MHz, 3996 MHz, 86 %, 54 %
2026/09/22 01:33:46.196, 4, 181.15 W, 36, 120 MHz, 3996 MHz, 0 %, 0 %
2026/09/22 01:33:46.196, 5, 178.75 W, 34, 120 MHz, 3996 MHz, 0 %, 0 %
2026/09/22 01:33:46.196, 6, 179.40 W, 30, 120 MHz, 3996 MHz, 0 %, 0 %
2026/09/22 01:33:46.196, 7, 181.52 W, 30, 120 MHz, 3996 MHz, 0 %, 0 %
2026/09/22 01:33:47.196, 0, 778.38 W, 61, 2032 MHz, 3996 MHz, 34 %, 16 %
2026/09/22 01:33:47.196, 1, 783.22 W, 61, 2032 MHz, 3996 MHz, 95 %, 20 %
2026/09/22 01:33:47.196, 2, 733.07 W, 50, 2032 MHz, 3996 MHz, 95 %, 58 %
2026/09/22 01:33:47.196, 3, 735.93 W, 50, 2032 MHz, 3996 MHz, 95 %, 13 %
2026/09/22 01:33:47.196, 4, 181.40 W, 36, 120 MHz, 3996 MHz, 0 %, 0 %
2026/09/22 01:33:47.196, 5, 178.72 W, 34, 120 MHz, 3996 MHz, 0 %, 0 %
2026/09/22 01:33:47.196, 6, 179.24 W, 30, 120 MHz, 3996 MHz, 0 %, 0 %
2026/09/22 01:33:47.196, 7, 181.53 W, 30, 120 MHz, 3996 MHz, 0 %, 0 %
2026/09/22 01:33:48.196, 0, 775.21 W, 59, 2032 MHz, 3996 MHz, 100 %, 63 %
2026/09/22 01:33:48.196, 1, 828.60 W, 64, 2032 MHz, 3996 MHz, 100 %, 63 %
2026/09/22 01:33:48.196, 2, 773.38 W, 48, 2032 MHz, 3996 MHz, 100 %, 45 %
2026/09/22 01:33:48.196, 3, 762.95 W, 47, 2032 MHz, 3996 MHz, 100 %, 63 %
2026/09/22 01:33:48.196, 4, 181.42 W, 36, 120 MHz, 3996 MHz, 0 %, 0 %
2026/09/22 01:33:48.196, 5, 178.83 W, 34, 120 MHz, 3996 MHz, 0 %, 0 %
2026/09/22 01:33:48.196, 6, 179.40 W, 30, 120 MHz, 3996 MHz, 0 %, 0 %
2026/09/22 01:33:48.197, 7, 181.53 W, 30, 120 MHz, 3996 MHz, 0 %, 0 %
2026/09/22 01:33:49.197, 0, 757.67 W, 59, 2032 MHz, 3996 MHz, 100 %, 61 %
2026/09/22 01:33:49.197, 1, 777.91 W, 62, 2032 MHz, 3996 MHz, 100 %, 61 %
2026/09/22 01:33:49.197, 2, 747.74 W, 50, 2032 MHz, 3996 MHz, 100 %, 62 %
2026/09/22 01:33:49.197, 3, 745.14 W, 48, 2032 MHz, 3996 MHz, 100 %, 61 %
2026/09/22 01:33:49.197, 4, 181.42 W, 36, 120 MHz, 3996 MHz, 0 %, 0 %
2026/09/22 01:33:49.197, 5, 178.80 W, 34, 120 MHz, 3996 MHz, 0 %, 0 %
2026/09/22 01:33:49.197, 6, 179.10 W, 30, 120 MHz, 3996 MHz, 0 %, 0 %
2026/09/22 01:33:49.197, 7, 181.51 W, 30, 120 MHz, 3996 MHz, 0 %, 0 %
2026/09/22 01:33:50.197, 0, 744.92 W, 62, 2032 MHz, 3996 MHz, 100 %, 62 %
2026/09/22 01:33:50.197, 1, 731.74 W, 62, 2032 MHz, 3996 MHz, 100 %, 61 %
2026/09/22 01:33:50.197, 2, 739.14 W, 51, 2032 MHz, 3996 MHz, 100 %, 62 %
2026/09/22 01:33:50.197, 3, 725.24 W, 50, 2032 MHz, 3996 MHz, 100 %, 60 %
2026/09/22 01:33:50.197, 4, 181.16 W, 36, 120 MHz, 3996 MHz, 0 %, 0 %
2026/09/22 01:33:50.197, 5, 178.84 W, 34, 120 MHz, 3996 MHz, 0 %, 0 %
2026/09/22 01:33:50.197, 6, 179.50 W, 30, 120 MHz, 3996 MHz, 0 %, 0 %
2026/09/22 01:33:50.197, 7, 181.53 W, 30, 120 MHz, 3996 MHz, 0 %, 0 %
2026/09/22 01:33:51.197, 0, 768.52 W, 62, 2032 MHz, 3996 MHz, 100 %, 62 %
2026/09/22 01:33:51.197, 1, 749.88 W, 62, 2032 MHz, 3996 MHz, 100 %, 62 %
2026/09/22 01:33:51.197, 2, 723.06 W, 51, 2032 MHz, 3996 MHz, 100 %, 62 %
2026/09/22 01:33:51.197, 3, 759.87 W, 51, 2032 MHz, 3996 MHz, 100 %, 61 %
2026/09/22 01:33:51.197, 4, 181.23 W, 36, 120 MHz, 3996 MHz, 0 %, 0 %
2026/09/22 01:33:51.197, 5, 178.68 W, 34, 120 MHz, 3996 MHz, 0 %, 0 %
2026/09/22 01:33:51.197, 6, 179.28 W, 30, 120 MHz, 3996 MHz, 0 %, 0 %
2026/09/22 01:33:51.197, 7, 181.51 W, 30, 120 MHz, 3996 MHz, 0 %, 0 %
2026/09/22 01:33:52.197, 0, 825.32 W, 62, 2032 MHz, 3996 MHz, 100 %, 62 %
2026/09/22 01:33:52.197, 1, 836.47 W, 63, 2032 MHz, 3996 MHz, 100 %, 63 %
2026/09/22 01:33:52.198, 2, 802.65 W, 51, 2032 MHz, 3996 MHz, 100 %, 62 %
2026/09/22 01:33:52.198, 3, 812.40 W, 51, 2032 MHz, 3996 MHz, 100 %, 62 %
2026/09/22 01:33:52.198, 4, 181.27 W, 36, 120 MHz, 3996 MHz, 0 %, 0 %
2026/09/22 01:33:52.198, 5, 178.79 W, 34, 120 MHz, 3996 MHz, 0 %, 0 %
2026/09/22 01:33:52.198, 6, 179.33 W, 30, 120 MHz, 3996 MHz, 0 %, 0 %
2026/09/22 01:33:52.198, 7, 181.52 W, 30, 120 MHz, 3996 MHz, 0 %, 0 %
2026/09/22 01:33:53.198, 0, 831.87 W, 63, 2032 MHz, 3996 MHz, 100 %, 63 %
2026/09/22 01:33:53.198, 1, 844.90 W, 63, 2032 MHz, 3996 MHz, 100 %, 63 %
2026/09/22 01:33:53.198, 2, 813.35 W, 52, 2032 MHz, 3996 MHz, 100 %, 63 %
2026/09/22 01:33:53.198, 3, 822.51 W, 51, 2032 MHz, 3996 MHz, 100 %, 63 %
2026/09/22 01:33:53.198, 4, 181.20 W, 36, 120 MHz, 3996 MHz, 0 %, 0 %
2026/09/22 01:33:53.198, 5, 178.76 W, 34, 120 MHz, 3996 MHz, 0 %, 0 %
2026/09/22 01:33:53.198, 6, 179.47 W, 30, 120 MHz, 3996 MHz, 0 %, 0 %
2026/09/22 01:33:53.198, 7, 181.52 W, 30, 120 MHz, 3996 MHz, 0 %, 0 %
2026/09/22 01:33:54.198, 0, 833.38 W, 62, 2032 MHz, 3996 MHz, 100 %, 63 %
2026/09/22 01:33:54.198, 1, 846.23 W, 63, 2032 MHz, 3996 MHz, 100 %, 63 %
2026/09/22 01:33:54.198, 2, 814.54 W, 51, 2032 MHz, 3996 MHz, 100 %, 62 %
2026/09/22 01:33:54.198, 3, 818.71 W, 51, 2032 MHz, 3996 MHz, 100 %, 62 %
2026/09/22 01:33:54.198, 4, 181.38 W, 36, 120 MHz, 3996 MHz, 0 %, 0 %
2026/09/22 01:33:54.198, 5, 178.72 W, 34, 120 MHz, 3996 MHz, 0 %, 0 %
2026/09/22 01:33:54.198, 6, 179.24 W, 30, 120 MHz, 3996 MHz, 0 %, 0 %
2026/09/22 01:33:54.198, 7, 181.51 W, 30, 120 MHz, 3996 MHz, 0 %, 0 %
2026/09/22 01:33:55.198, 0, 689.08 W, 59, 2032 MHz, 3996 MHz, 100 %, 63 %
2026/09/22 01:33:55.198, 1, 743.48 W, 64, 2032 MHz, 3996 MHz, 100 %, 62 %
2026/09/22 01:33:55.198, 2, 704.87 W, 49, 2032 MHz, 3996 MHz, 100 %, 44 %
2026/09/22 01:33:55.198, 3, 699.29 W, 50, 2032 MHz, 3996 MHz, 100 %, 62 %
2026/09/22 01:33:55.198, 4, 181.24 W, 36, 120 MHz, 3996 MHz, 0 %, 0 %
2026/09/22 01:33:55.198, 5, 178.79 W, 34, 120 MHz, 3996 MHz, 0 %, 0 %
2026/09/22 01:33:55.198, 6, 179.40 W, 30, 120 MHz, 3996 MHz, 0 %, 0 %
2026/09/22 01:33:55.199, 7, 181.52 W, 30, 120 MHz, 3996 MHz, 0 %, 0 %
2026/09/22 01:33:56.199, 0, 767.99 W, 60, 2032 MHz, 3996 MHz, 100 %, 64 %
2026/09/22 01:33:56.199, 1, 770.09 W, 61, 2032 MHz, 3996 MHz, 100 %, 64 %
2026/09/22 01:33:56.199, 2, 721.77 W, 48, 2032 MHz, 3996 MHz, 100 %, 25 %
2026/09/22 01:33:56.199, 3, 737.78 W, 47, 2032 MHz, 3996 MHz, 100 %, 64 %
2026/09/22 01:33:56.199, 4, 181.13 W, 36, 120 MHz, 3996 MHz, 0 %, 0 %
2026/09/22 01:33:56.199, 5, 178.72 W, 34, 120 MHz, 3996 MHz, 0 %, 0 %
2026/09/22 01:33:56.199, 6, 179.20 W, 30, 120 MHz, 3996 MHz, 0 %, 0 %
2026/09/22 01:33:56.199, 7, 181.46 W, 30, 120 MHz, 3996 MHz, 0 %, 0 %
2026/09/22 01:33:57.199, 0, 659.63 W, 58, 2032 MHz, 3996 MHz, 100 %, 63 %
2026/09/22 01:33:57.199, 1, 687.77 W, 61, 2032 MHz, 3996 MHz, 100 %, 64 %
2026/09/22 01:33:57.199, 2, 657.84 W, 49, 2032 MHz, 3996 MHz, 67 %, 36 %
2026/09/22 01:33:57.199, 3, 645.90 W, 47, 2032 MHz, 3996 MHz, 100 %, 63 %
2026/09/22 01:33:57.199, 4, 181.17 W, 36, 120 MHz, 3996 MHz, 0 %, 0 %
2026/09/22 01:33:57.199, 5, 178.64 W, 34, 120 MHz, 3996 MHz, 0 %, 0 %
2026/09/22 01:33:57.199, 6, 179.21 W, 30, 120 MHz, 3996 MHz, 0 %, 0 %
2026/09/22 01:33:57.199, 7, 181.49 W, 30, 120 MHz, 3996 MHz, 0 %, 0 %
2026/09/22 01:33:58.199, 0, 719.55 W, 61, 2032 MHz, 3996 MHz, 95 %, 31 %
2026/09/22 01:33:58.199, 1, 698.06 W, 61, 2032 MHz, 3996 MHz, 96 %, 37 %
2026/09/22 01:33:58.199, 2, 697.47 W, 50, 2032 MHz, 3996 MHz, 100 %, 63 %
2026/09/22 01:33:58.199, 3, 744.06 W, 50, 2032 MHz, 3996 MHz, 63 %, 38 %
2026/09/22 01:33:58.199, 4, 181.00 W, 36, 120 MHz, 3996 MHz, 0 %, 0 %
2026/09/22 01:33:58.199, 5, 178.72 W, 34, 120 MHz, 3996 MHz, 0 %, 0 %
2026/09/22 01:33:58.199, 6, 179.34 W, 30, 120 MHz, 3996 MHz, 0 %, 0 %
2026/09/22 01:33:58.199, 7, 181.53 W, 30, 120 MHz, 3996 MHz, 0 %, 0 %
2026/09/22 01:33:59.199, 0, 777.05 W, 59, 2032 MHz, 3996 MHz, 70 %, 39 %
2026/09/22 01:33:59.199, 1, 774.60 W, 59, 2032 MHz, 3996 MHz, 100 %, 30 %
2026/09/22 01:33:59.200, 2, 724.51 W, 47, 2032 MHz, 3996 MHz, 100 %, 8 %
2026/09/22 01:33:59.200, 3, 736.95 W, 46, 2032 MHz, 3996 MHz, 100 %, 32 %
2026/09/22 01:33:59.200, 4, 181.17 W, 35, 120 MHz, 3996 MHz, 0 %, 0 %
2026/09/22 01:33:59.200, 5, 178.72 W, 34, 120 MHz, 3996 MHz, 0 %, 0 %
2026/09/22 01:33:59.200, 6, 179.30 W, 30, 120 MHz, 3996 MHz, 0 %, 0 %
2026/09/22 01:33:59.200, 7, 181.53 W, 30, 120 MHz, 3996 MHz, 0 %, 0 %
2026/09/22 01:34:00.200, 0, 836.13 W, 62, 2032 MHz, 3996 MHz, 100 %, 63 %
2026/09/22 01:34:00.200, 1, 822.86 W, 63, 2032 MHz, 3996 MHz, 100 %, 63 %
2026/09/22 01:34:00.200, 2, 813.25 W, 51, 2032 MHz, 3996 MHz, 100 %, 62 %
2026/09/22 01:34:00.200, 3, 825.98 W, 51, 2032 MHz, 3996 MHz, 100 %, 63 %
2026/09/22 01:34:00.200, 4, 181.00 W, 35, 120 MHz, 3996 MHz, 0 %, 0 %
2026/09/22 01:34:00.200, 5, 178.64 W, 34, 120 MHz, 3996 MHz, 0 %, 0 %
2026/09/22 01:34:00.200, 6, 179.39 W, 30, 120 MHz, 3996 MHz, 0 %, 0 %
2026/09/22 01:34:00.200, 7, 181.51 W, 30, 120 MHz, 3996 MHz, 0 %, 0 %
2026/09/22 01:34:01.200, 0, 841.35 W, 63, 2032 MHz, 3996 MHz, 100 %, 63 %
2026/09/22 01:34:01.200, 1, 853.61 W, 63, 2032 MHz, 3996 MHz, 100 %, 64 %
2026/09/22 01:34:01.200, 2, 817.79 W, 51, 2032 MHz, 3996 MHz, 100 %, 63 %
2026/09/22 01:34:01.200, 3, 825.90 W, 51, 2032 MHz, 3996 MHz, 100 %, 63 %
2026/09/22 01:34:01.200, 4, 180.96 W, 35, 120 MHz, 3996 MHz, 0 %, 0 %
2026/09/22 01:34:01.200, 5, 178.76 W, 34, 120 MHz, 3996 MHz, 0 %, 0 %
2026/09/22 01:34:01.200, 6, 179.27 W, 30, 120 MHz, 3996 MHz, 0 %, 0 %
2026/09/22 01:34:01.200, 7, 181.48 W, 30, 120 MHz, 3996 MHz, 0 %, 0 %
2026/09/22 01:34:02.200, 0, 847.05 W, 63, 2032 MHz, 3996 MHz, 100 %, 64 %
2026/09/22 01:34:02.200, 1, 858.05 W, 63, 2032 MHz, 3996 MHz, 100 %, 64 %
2026/09/22 01:34:02.200, 2, 825.77 W, 52, 2032 MHz, 3996 MHz, 100 %, 63 %
2026/09/22 01:34:02.200, 3, 839.20 W, 51, 2032 MHz, 3996 MHz, 100 %, 63 %
2026/09/22 01:34:02.200, 4, 180.82 W, 35, 120 MHz, 3996 MHz, 0 %, 0 %
2026/09/22 01:34:02.200, 5, 178.72 W, 34, 120 MHz, 3996 MHz, 0 %, 0 %
2026/09/22 01:34:02.200, 6, 179.07 W, 30, 120 MHz, 3996 MHz, 0 %, 0 %
2026/09/22 01:34:02.200, 7, 181.42 W, 30, 120 MHz, 3996 MHz, 0 %, 0 %
2026/09/22 01:34:03.201, 0, 841.09 W, 62, 2032 MHz, 3996 MHz, 100 %, 63 %
2026/09/22 01:34:03.201, 1, 847.71 W, 63, 2032 MHz, 3996 MHz, 100 %, 63 %
2026/09/22 01:34:03.201, 2, 820.63 W, 51, 2032 MHz, 3996 MHz, 100 %, 63 %
2026/09/22 01:34:03.201, 3, 825.88 W, 51, 2032 MHz, 3996 MHz, 100 %, 63 %
2026/09/22 01:34:03.201, 4, 180.89 W, 35, 120 MHz, 3996 MHz, 0 %, 0 %
2026/09/22 01:34:03.201, 5, 178.68 W, 34, 120 MHz, 3996 MHz, 0 %, 0 %
2026/09/22 01:34:03.201, 6, 178.94 W, 30, 120 MHz, 3996 MHz, 0 %, 0 %
2026/09/22 01:34:03.201, 7, 181.47 W, 30, 120 MHz, 3996 MHz, 0 %, 0 %
2026/09/22 01:34:04.201, 0, 741.79 W, 61, 2032 MHz, 3996 MHz, 95 %, 28 %
2026/09/22 01:34:04.201, 1, 780.55 W, 60, 2032 MHz, 3996 MHz, 30 %, 13 %
2026/09/22 01:34:04.201, 2, 721.17 W, 49, 2032 MHz, 3996 MHz, 95 %, 20 %
2026/09/22 01:34:04.201, 3, 720.14 W, 49, 2032 MHz, 3996 MHz, 95 %, 31 %
2026/09/22 01:34:04.201, 4, 180.70 W, 35, 120 MHz, 3996 MHz, 0 %, 0 %
2026/09/22 01:34:04.201, 5, 178.68 W, 34, 120 MHz, 3996 MHz, 0 %, 0 %
2026/09/22 01:34:04.201, 6, 179.14 W, 30, 120 MHz, 3996 MHz, 0 %, 0 %
2026/09/22 01:34:04.201, 7, 181.51 W, 30, 120 MHz, 3996 MHz, 0 %, 0 %
2026/09/22 01:34:05.201, 0, 588.49 W, 57, 2032 MHz, 3996 MHz, 100 %, 8 %
2026/09/22 01:34:05.201, 1, 616.51 W, 60, 2032 MHz, 3996 MHz, 71 %, 42 %
2026/09/22 01:34:05.201, 2, 576.86 W, 46, 2032 MHz, 3996 MHz, 100 %, 8 %
2026/09/22 01:34:05.201, 3, 578.22 W, 46, 2032 MHz, 3996 MHz, 100 %, 8 %
2026/09/22 01:34:05.201, 4, 180.85 W, 35, 120 MHz, 3996 MHz, 0 %, 0 %
2026/09/22 01:34:05.201, 5, 178.64 W, 34, 120 MHz, 3996 MHz, 0 %, 0 %
2026/09/22 01:34:05.201, 6, 179.11 W, 30, 120 MHz, 3996 MHz, 0 %, 0 %
2026/09/22 01:34:05.201, 7, 181.45 W, 30, 120 MHz, 3996 MHz, 0 %, 0 %
2026/09/22 01:34:06.201, 0, 737.14 W, 60, 2032 MHz, 3996 MHz, 96 %, 9 %
2026/09/22 01:34:06.201, 1, 721.95 W, 59, 2032 MHz, 3996 MHz, 100 %, 8 %
2026/09/22 01:34:06.201, 2, 736.77 W, 49, 2032 MHz, 3996 MHz, 34 %, 14 %
2026/09/22 01:34:06.201, 3, 731.42 W, 48, 2032 MHz, 3996 MHz, 95 %, 10 %
2026/09/22 01:34:06.201, 4, 180.74 W, 35, 120 MHz, 3996 MHz, 0 %, 0 %
2026/09/22 01:34:06.201, 5, 178.68 W, 34, 120 MHz, 3996 MHz, 0 %, 0 %
2026/09/22 01:34:06.201, 6, 179.29 W, 30, 120 MHz, 3996 MHz, 0 %, 0 %
2026/09/22 01:34:06.202, 7, 181.47 W, 30, 120 MHz, 3996 MHz, 0 %, 0 %
2026/09/22 01:34:07.202, 0, 733.72 W, 62, 2032 MHz, 3996 MHz, 100 %, 62 %
2026/09/22 01:34:07.202, 1, 742.81 W, 62, 2032 MHz, 3996 MHz, 100 %, 62 %
2026/09/22 01:34:07.202, 2, 716.35 W, 50, 2032 MHz, 3996 MHz, 100 %, 63 %
2026/09/22 01:34:07.202, 3, 753.47 W, 50, 2032 MHz, 3996 MHz, 100 %, 62 %
2026/09/22 01:34:07.202, 4, 180.78 W, 35, 120 MHz, 3996 MHz, 0 %, 0 %
2026/09/22 01:34:07.202, 5, 178.64 W, 34, 120 MHz, 3996 MHz, 0 %, 0 %
2026/09/22 01:34:07.202, 6, 178.96 W, 30, 120 MHz, 3996 MHz, 0 %, 0 %
2026/09/22 01:34:07.202, 7, 181.53 W, 30, 120 MHz, 3996 MHz, 0 %, 0 %
2026/09/22 01:34:08.202, 0, 828.91 W, 62, 2032 MHz, 3996 MHz, 100 %, 62 %
2026/09/22 01:34:08.202, 1, 839.09 W, 63, 2032 MHz, 3996 MHz, 100 %, 62 %
2026/09/22 01:34:08.202, 2, 804.25 W, 51, 2032 MHz, 3996 MHz, 100 %, 62 %
2026/09/22 01:34:08.202, 3, 814.76 W, 51, 2032 MHz, 3996 MHz, 100 %, 63 %
2026/09/22 01:34:08.202, 4, 180.89 W, 35, 120 MHz, 3996 MHz, 0 %, 0 %
2026/09/22 01:34:08.202, 5, 178.64 W, 34, 120 MHz, 3996 MHz, 0 %, 0 %
2026/09/22 01:34:08.202, 6, 179.10 W, 30, 120 MHz, 3996 MHz, 0 %, 0 %
2026/09/22 01:34:08.202, 7, 181.47 W, 30, 120 MHz, 3996 MHz, 0 %, 0 %
2026/09/22 01:34:09.202, 0, 756.80 W, 62, 2032 MHz, 3996 MHz, 100 %, 62 %
2026/09/22 01:34:09.202, 1, 738.91 W, 62, 2032 MHz, 3996 MHz, 100 %, 62 %
2026/09/22 01:34:09.202, 2, 713.64 W, 50, 2032 MHz, 3996 MHz, 100 %, 62 %
2026/09/22 01:34:09.202, 3, 719.95 W, 50, 2032 MHz, 3996 MHz, 100 %, 62 %
2026/09/22 01:34:09.202, 4, 180.93 W, 35, 120 MHz, 3996 MHz, 0 %, 0 %
2026/09/22 01:34:09.202, 5, 178.64 W, 34, 120 MHz, 3996 MHz, 0 %, 0 %
2026/09/22 01:34:09.202, 6, 178.77 W, 30, 120 MHz, 3996 MHz, 0 %, 0 %
2026/09/22 01:34:09.202, 7, 181.51 W, 30, 120 MHz, 3996 MHz, 0 %, 0 %
2026/09/22 01:34:10.202, 0, 837.33 W, 62, 2032 MHz, 3996 MHz, 100 %, 63 %
2026/09/22 01:34:10.202, 1, 845.65 W, 63, 2032 MHz, 3996 MHz, 100 %, 63 %
2026/09/22 01:34:10.203, 2, 817.75 W, 51, 2032 MHz, 3996 MHz, 100 %, 62 %
2026/09/22 01:34:10.203, 3, 830.23 W, 51, 2032 MHz, 3996 MHz, 100 %, 64 %
2026/09/22 01:34:10.203, 4, 180.66 W, 35, 120 MHz, 3996 MHz, 0 %, 0 %
2026/09/22 01:34:10.203, 5, 178.68 W, 34, 120 MHz, 3996 MHz, 0 %, 0 %
2026/09/22 01:34:10.203, 6, 178.85 W, 30, 120 MHz, 3996 MHz, 0 %, 0 %
2026/09/22 01:34:10.203, 7, 181.51 W, 30, 120 MHz, 3996 MHz, 0 %, 0 %
2026/09/22 01:34:11.203, 0, 834.22 W, 62, 2032 MHz, 3996 MHz, 100 %, 62 %
2026/09/22 01:34:11.203, 1, 848.99 W, 63, 2032 MHz, 3996 MHz, 100 %, 62 %
2026/09/22 01:34:11.203, 2, 814.63 W, 51, 2032 MHz, 3996 MHz, 100 %, 62 %
2026/09/22 01:34:11.203, 3, 824.13 W, 51, 2032 MHz, 3996 MHz, 100 %, 62 %
2026/09/22 01:34:11.203, 4, 180.62 W, 35, 120 MHz, 3996 MHz, 0 %, 0 %
2026/09/22 01:34:11.203, 5, 178.64 W, 34, 120 MHz, 3996 MHz, 0 %, 0 %
2026/09/22 01:34:11.203, 6, 178.90 W, 30, 120 MHz, 3996 MHz, 0 %, 0 %
2026/09/22 01:34:11.203, 7, 181.50 W, 30, 120 MHz, 3996 MHz, 0 %, 0 %
2026/09/22 01:34:12.203, 0, 809.91 W, 62, 2032 MHz, 3996 MHz, 100 %, 60 %
2026/09/22 01:34:12.203, 1, 817.57 W, 63, 2032 MHz, 3996 MHz, 100 %, 61 %
2026/09/22 01:34:12.203, 2, 792.26 W, 50, 2032 MHz, 3996 MHz, 100 %, 60 %
2026/09/22 01:34:12.203, 3, 799.54 W, 50, 2032 MHz, 3996 MHz, 100 %, 60 %
2026/09/22 01:34:12.203, 4, 180.66 W, 35, 120 MHz, 3996 MHz, 0 %, 0 %
2026/09/22 01:34:12.203, 5, 178.64 W, 34, 120 MHz, 3996 MHz, 0 %, 0 %
2026/09/22 01:34:12.203, 6, 178.90 W, 30, 120 MHz, 3996 MHz, 0 %, 0 %
2026/09/22 01:34:12.203, 7, 181.47 W, 30, 120 MHz, 3996 MHz, 0 %, 0 %
2026/09/22 01:34:13.203, 0, 764.85 W, 61, 2032 MHz, 3996 MHz, 100 %, 58 %
2026/09/22 01:34:13.203, 1, 780.35 W, 62, 2032 MHz, 3996 MHz, 100 %, 58 %
2026/09/22 01:34:13.203, 2, 750.91 W, 50, 2032 MHz, 3996 MHz, 100 %, 57 %
2026/09/22 01:34:13.203, 3, 746.38 W, 49, 2032 MHz, 3996 MHz, 100 %, 57 %
2026/09/22 01:34:13.203, 4, 180.78 W, 35, 120 MHz, 3996 MHz, 0 %, 0 %
2026/09/22 01:34:13.203, 5, 178.64 W, 34, 120 MHz, 3996 MHz, 0 %, 0 %
2026/09/22 01:34:13.203, 6, 178.90 W, 30, 120 MHz, 3996 MHz, 0 %, 0 %
2026/09/22 01:34:13.203, 7, 181.51 W, 30, 120 MHz, 3996 MHz, 0 %, 0 %
2026/09/22 01:34:14.204, 0, 385.40 W, 53, 2032 MHz, 3996 MHz, 0 %, 0 %
2026/09/22 01:34:14.204, 1, 402.93 W, 54, 2032 MHz, 3996 MHz, 0 %, 0 %
2026/09/22 01:34:14.204, 2, 367.24 W, 42, 2032 MHz, 3996 MHz, 0 %, 0 %
2026/09/22 01:34:14.204, 3, 365.76 W, 42, 2032 MHz, 3996 MHz, 0 %, 0 %
2026/09/22 01:34:14.204, 4, 180.66 W, 35, 120 MHz, 3996 MHz, 0 %, 0 %
2026/09/22 01:34:14.204, 5, 178.68 W, 34, 120 MHz, 3996 MHz, 0 %, 0 %
2026/09/22 01:34:14.204, 6, 178.99 W, 30, 120 MHz, 3996 MHz, 0 %, 0 %
2026/09/22 01:34:14.204, 7, 181.46 W, 30, 120 MHz, 3996 MHz, 0 %, 0 %
2026/09/22 01:34:15.204, 0, 250.90 W, 52, 2032 MHz, 3996 MHz, 0 %, 0 %
2026/09/22 01:34:15.204, 1, 253.51 W, 53, 2032 MHz, 3996 MHz, 0 %, 0 %
2026/09/22 01:34:15.204, 2, 235.91 W, 41, 2032 MHz, 3996 MHz, 0 %, 0 %
2026/09/22 01:34:15.204, 3, 237.85 W, 40, 2032 MHz, 3996 MHz, 0 %, 0 %
2026/09/22 01:34:15.204, 4, 180.66 W, 35, 120 MHz, 3996 MHz, 0 %, 0 %
2026/09/22 01:34:15.204, 5, 178.64 W, 34, 120 MHz, 3996 MHz, 0 %, 0 %
2026/09/22 01:34:15.204, 6, 178.92 W, 30, 120 MHz, 3996 MHz, 0 %, 0 %
2026/09/22 01:34:15.204, 7, 181.33 W, 30, 120 MHz, 3996 MHz, 0 %, 0 %
2026/09/22 01:34:16.204, 0, 257.44 W, 51, 2032 MHz, 3996 MHz, 49 %, 23 %
2026/09/22 01:34:16.204, 1, 252.85 W, 52, 2032 MHz, 3996 MHz, 0 %, 0 %
2026/09/22 01:34:16.204, 2, 235.57 W, 40, 2032 MHz, 3996 MHz, 0 %, 0 %
2026/09/22 01:34:16.204, 3, 237.73 W, 40, 2032 MHz, 3996 MHz, 0 %, 0 %
2026/09/22 01:34:16.204, 4, 180.62 W, 35, 120 MHz, 3996 MHz, 0 %, 0 %
2026/09/22 01:34:16.204, 5, 178.64 W, 34, 120 MHz, 3996 MHz, 0 %, 0 %
2026/09/22 01:34:16.204, 6, 178.77 W, 30, 120 MHz, 3996 MHz, 0 %, 0 %
2026/09/22 01:34:16.204, 7, 181.34 W, 30, 120 MHz, 3996 MHz, 0 %, 0 %
2026/09/22 01:34:17.204, 0, 249.15 W, 51, 2032 MHz, 3996 MHz, 0 %, 0 %
2026/09/22 01:34:17.204, 1, 251.44 W, 52, 2032 MHz, 3996 MHz, 0 %, 0 %
2026/09/22 01:34:17.204, 2, 242.82 W, 40, 2032 MHz, 3996 MHz, 34 %, 16 %
2026/09/22 01:34:17.204, 3, 244.87 W, 39, 2032 MHz, 3996 MHz, 0 %, 0 %
2026/09/22 01:34:17.204, 4, 180.66 W, 35, 120 MHz, 3996 MHz, 0 %, 0 %
2026/09/22 01:34:17.205, 5, 178.64 W, 34, 120 MHz, 3996 MHz, 0 %, 0 %
2026/09/22 01:34:17.205, 6, 178.82 W, 30, 120 MHz, 3996 MHz, 0 %, 0 %
2026/09/22 01:34:17.205, 7, 181.37 W, 30, 120 MHz, 3996 MHz, 0 %, 0 %
2026/09/22 01:34:18.205, 0, 238.15 W, 50, 450 MHz, 3996 MHz, 0 %, 0 %
2026/09/22 01:34:18.205, 1, 259.55 W, 52, 2032 MHz, 3996 MHz, 0 %, 0 %
2026/09/22 01:34:18.205, 2, 234.54 W, 39, 2032 MHz, 3996 MHz, 0 %, 0 %
2026/09/22 01:34:18.205, 3, 215.70 W, 38, 855 MHz, 3996 MHz, 0 %, 0 %
2026/09/22 01:34:18.205, 4, 180.74 W, 35, 120 MHz, 3996 MHz, 0 %, 0 %
2026/09/22 01:34:18.205, 5, 178.64 W, 34, 120 MHz, 3996 MHz, 0 %, 0 %
2026/09/22 01:34:18.205, 6, 179.19 W, 30, 120 MHz, 3996 MHz, 0 %, 0 %
2026/09/22 01:34:18.205, 7, 181.33 W, 30, 120 MHz, 3996 MHz, 0 %, 0 %
2026/09/22 01:34:19.205, 0, 191.55 W, 49, 285 MHz, 3996 MHz, 0 %, 0 %
2026/09/22 01:34:19.205, 1, 250.36 W, 51, 1065 MHz, 3996 MHz, 0 %, 0 %
2026/09/22 01:34:19.205, 2, 214.39 W, 38, 855 MHz, 3996 MHz, 0 %, 0 %
2026/09/22 01:34:19.205, 3, 188.46 W, 38, 540 MHz, 3996 MHz, 0 %, 0 %
2026/09/22 01:34:19.205, 4, 180.58 W, 35, 120 MHz, 3996 MHz, 0 %, 0 %
2026/09/22 01:34:19.205, 5, 178.68 W, 34, 120 MHz, 3996 MHz, 0 %, 0 %
2026/09/22 01:34:19.205, 6, 178.85 W, 30, 120 MHz, 3996 MHz, 0 %, 0 %
2026/09/22 01:34:19.205, 7, 181.49 W, 30, 120 MHz, 3996 MHz, 0 %, 0 %
2026/09/22 01:34:20.205, 0, 189.86 W, 48, 180 MHz, 3996 MHz, 0 %, 0 %
2026/09/22 01:34:20.205, 1, 199.15 W, 50, 675 MHz, 3996 MHz, 0 %, 0 %
2026/09/22 01:34:20.205, 2, 186.01 W, 38, 540 MHz, 3996 MHz, 0 %, 0 %
2026/09/22 01:34:20.205, 3, 185.61 W, 37, 337 MHz, 3996 MHz, 0 %, 0 %
2026/09/22 01:34:20.205, 4, 180.62 W, 35, 120 MHz, 3996 MHz, 0 %, 0 %
2026/09/22 01:34:20.205, 5, 178.64 W, 33, 120 MHz, 3996 MHz, 0 %, 0 %
2026/09/22 01:34:20.205, 6, 179.00 W, 30, 120 MHz, 3996 MHz, 0 %, 0 %
2026/09/22 01:34:20.205, 7, 181.38 W, 30, 120 MHz, 3996 MHz, 0 %, 0 %
2026/09/22 01:34:21.338, 0, 189.06 W, 48, 120 MHz, 3996 MHz, 0 %, 0 %
2026/09/22 01:34:21.340, 1, 194.17 W, 49, 390 MHz, 3996 MHz, 0 %, 0 %
2026/09/22 01:34:21.341, 2, 183.43 W, 37, 315 MHz, 3996 MHz, 0 %, 0 %
2026/09/22 01:34:21.343, 3, 183.86 W, 37, 195 MHz, 3996 MHz, 0 %, 0 %
2026/09/22 01:34:21.344, 4, 180.66 W, 35, 120 MHz, 3996 MHz, 0 %, 0 %
2026/09/22 01:34:21.346, 5, 178.64 W, 33, 120 MHz, 3996 MHz, 0 %, 0 %
2026/09/22 01:34:21.347, 6, 178.87 W, 30, 120 MHz, 3996 MHz, 0 %, 0 %
2026/09/22 01:34:21.349, 7, 181.48 W, 30, 120 MHz, 3996 MHz, 0 %, 0 %
