timestamp, index, power.draw [W], temperature.gpu, clocks.current.sm [MHz], clocks.current.memory [MHz], utilization.gpu [%], utilization.memory [%]
2026/09/20 08:28:52.726, 0, 185.51 W, 44, 120 MHz, 3996 MHz, 0 %, 0 %
2026/09/20 08:28:52.728, 1, 187.51 W, 45, 120 MHz, 3996 MHz, 0 %, 0 %
2026/09/20 08:28:52.730, 2, 179.51 W, 34, 120 MHz, 3996 MHz, 0 %, 0 %
2026/09/20 08:28:52.732, 3, 182.83 W, 33, 120 MHz, 3996 MHz, 0 %, 0 %
2026/09/20 08:28:52.733, 4, 181.53 W, 34, 120 MHz, 3996 MHz, 0 %, 0 %
2026/09/20 08:28:52.735, 5, 179.47 W, 32, 120 MHz, 3996 MHz, 0 %, 0 %
2026/09/20 08:28:52.737, 6, 180.17 W, 29, 120 MHz, 3996 MHz, 0 %, 0 %
2026/09/20 08:28:52.739, 7, 182.13 W, 29, 120 MHz, 3996 MHz, 0 %, 0 %
2026/09/20 08:28:53.740, 0, 185.50 W, 43, 120 MHz, 3996 MHz, 0 %, 0 %
2026/09/20 08:28:53.740, 1, 187.51 W, 45, 120 MHz, 3996 MHz, 0 %, 0 %
2026/09/20 08:28:53.740, 2, 179.58 W, 33, 120 MHz, 3996 MHz, 0 %, 0 %
2026/09/20 08:28:53.740, 3, 181.94 W, 33, 120 MHz, 3996 MHz, 0 %, 0 %
2026/09/20 08:28:53.740, 4, 181.45 W, 34, 120 MHz, 3996 MHz, 0 %, 0 %
2026/09/20 08:28:53.740, 5, 179.47 W, 32, 120 MHz, 3996 MHz, 0 %, 0 %
2026/09/20 08:28:53.740, 6, 180.17 W, 29, 120 MHz, 3996 MHz, 0 %, 0 %
2026/09/20 08:28:53.741, 7, 182.13 W, 29, 120 MHz, 3996 MHz, 0 %, 0 %
2026/09/20 08:28:54.741, 0, 185.49 W, 43, 120 MHz, 3996 MHz, 0 %, 0 %
2026/09/20 08:28:54.741, 1, 187.51 W, 44, 120 MHz, 3996 MHz, 0 %, 0 %
2026/09/20 08:28:54.741, 2, 179.46 W, 33, 120 MHz, 3996 MHz, 0 %, 0 %
2026/09/20 08:28:54.741, 3, 182.33 W, 33, 120 MHz, 3996 MHz, 0 %, 0 %
2026/09/20 08:28:54.741, 4, 181.60 W, 34, 120 MHz, 3996 MHz, 0 %, 0 %
2026/09/20 08:28:54.741, 5, 179.46 W, 32, 120 MHz, 3996 MHz, 0 %, 0 %
2026/09/20 08:28:54.741, 6, 180.17 W, 29, 120 MHz, 3996 MHz, 0 %, 0 %
2026/09/20 08:28:54.741, 7, 182.13 W, 29, 120 MHz, 3996 MHz, 0 %, 0 %
2026/09/20 08:28:55.741, 0, 185.47 W, 43, 120 MHz, 3996 MHz, 0 %, 0 %
2026/09/20 08:28:55.741, 1, 187.51 W, 44, 120 MHz, 3996 MHz, 0 %, 0 %
2026/09/20 08:28:55.741, 2, 179.47 W, 33, 120 MHz, 3996 MHz, 0 %, 0 %
2026/09/20 08:28:55.741, 3, 182.23 W, 33, 120 MHz, 3996 MHz, 0 %, 0 %
2026/09/20 08:28:55.741, 4, 181.64 W, 34, 120 MHz, 3996 MHz, 0 %, 0 %
2026/09/20 08:28:55.741, 5, 179.47 W, 32, 120 MHz, 3996 MHz, 0 %, 0 %
2026/09/20 08:28:55.741, 6, 180.17 W, 29, 120 MHz, 3996 MHz, 0 %, 0 %
2026/09/20 08:28:55.741, 7, 182.13 W, 29, 120 MHz, 3996 MHz, 0 %, 0 %
2026/09/20 08:28:56.741, 0, 185.46 W, 43, 120 MHz, 3996 MHz, 0 %, 0 %
2026/09/20 08:28:56.741, 1, 187.51 W, 44, 120 MHz, 3996 MHz, 0 %, 0 %
2026/09/20 08:28:56.741, 2, 179.47 W, 33, 120 MHz, 3996 MHz, 0 %, 0 %
2026/09/20 08:28:56.741, 3, 181.96 W, 33, 120 MHz, 3996 MHz, 0 %, 0 %
2026/09/20 08:28:56.741, 4, 181.42 W, 34, 120 MHz, 3996 MHz, 0 %, 0 %
2026/09/20 08:28:56.741, 5, 179.47 W, 32, 120 MHz, 3996 MHz, 0 %, 0 %
2026/09/20 08:28:56.741, 6, 180.17 W, 29, 120 MHz, 3996 MHz, 0 %, 0 %
2026/09/20 08:28:56.741, 7, 182.13 W, 29, 120 MHz, 3996 MHz, 0 %, 0 %
2026/09/20 08:28:57.741, 0, 185.47 W, 43, 120 MHz, 3996 MHz, 0 %, 0 %
2026/09/20 08:28:57.741, 1, 187.02 W, 44, 120 MHz, 3996 MHz, 0 %, 0 %
2026/09/20 08:28:57.741, 2, 179.46 W, 33, 120 MHz, 3996 MHz, 0 %, 0 %
2026/09/20 08:28:57.741, 3, 181.68 W, 33, 120 MHz, 3996 MHz, 0 %, 0 %
2026/09/20 08:28:57.742, 4, 181.38 W, 34, 120 MHz, 3996 MHz, 0 %, 0 %
2026/09/20 08:28:57.742, 5, 179.47 W, 32, 120 MHz, 3996 MHz, 0 %, 0 %
2026/09/20 08:28:57.742, 6, 180.17 W, 29, 120 MHz, 3996 MHz, 0 %, 0 %
2026/09/20 08:28:57.742, 7, 182.13 W, 29, 120 MHz, 3996 MHz, 0 %, 0 %
2026/09/20 08:28:58.742, 0, 185.45 W, 42, 120 MHz, 3996 MHz, 0 %, 0 %
2026/09/20 08:28:58.742, 1, 186.48 W, 44, 120 MHz, 3996 MHz, 0 %, 0 %
2026/09/20 08:28:58.742, 2, 179.46 W, 33, 120 MHz, 3996 MHz, 0 %, 0 %
2026/09/20 08:28:58.742, 3, 181.53 W, 33, 120 MHz, 3996 MHz, 0 %, 0 %
2026/09/20 08:28:58.742, 4, 181.41 W, 34, 120 MHz, 3996 MHz, 0 %, 0 %
2026/09/20 08:28:58.742, 5, 179.46 W, 32, 120 MHz, 3996 MHz, 0 %, 0 %
2026/09/20 08:28:58.742, 6, 180.17 W, 29, 120 MHz, 3996 MHz, 0 %, 0 %
2026/09/20 08:28:58.742, 7, 182.13 W, 29, 120 MHz, 3996 MHz, 0 %, 0 %
2026/09/20 08:28:59.742, 0, 185.45 W, 42, 120 MHz, 3996 MHz, 0 %, 0 %
2026/09/20 08:28:59.742, 1, 186.10 W, 43, 120 MHz, 3996 MHz, 0 %, 0 %
2026/09/20 08:28:59.742, 2, 179.47 W, 33, 120 MHz, 3996 MHz, 0 %, 0 %
2026/09/20 08:28:59.742, 3, 181.38 W, 32, 120 MHz, 3996 MHz, 0 %, 0 %
2026/09/20 08:28:59.742, 4, 181.49 W, 34, 120 MHz, 3996 MHz, 0 %, 0 %
2026/09/20 08:28:59.742, 5, 179.46 W, 32, 120 MHz, 3996 MHz, 0 %, 0 %
2026/09/20 08:28:59.742, 6, 180.17 W, 29, 120 MHz, 3996 MHz, 0 %, 0 %
2026/09/20 08:28:59.742, 7, 182.13 W, 29, 120 MHz, 3996 MHz, 0 %, 0 %
2026/09/20 08:29:00.742, 0, 185.47 W, 42, 120 MHz, 3996 MHz, 0 %, 0 %
2026/09/20 08:29:00.742, 1, 185.68 W, 43, 120 MHz, 3996 MHz, 0 %, 0 %
2026/09/20 08:29:00.742, 2, 179.46 W, 33, 120 MHz, 3996 MHz, 0 %, 0 %
2026/09/20 08:29:00.742, 3, 181.34 W, 32, 120 MHz, 3996 MHz, 0 %, 0 %
2026/09/20 08:29:00.742, 4, 181.42 W, 34, 120 MHz, 3996 MHz, 0 %, 0 %
2026/09/20 08:29:00.742, 5, 179.46 W, 32, 120 MHz, 3996 MHz, 0 %, 0 %
2026/09/20 08:29:00.742, 6, 180.17 W, 29, 120 MHz, 3996 MHz, 0 %, 0 %
2026/09/20 08:29:00.742, 7, 182.13 W, 29, 120 MHz, 3996 MHz, 0 %, 0 %
2026/09/20 08:29:01.742, 0, 185.45 W, 42, 120 MHz, 3996 MHz, 0 %, 0 %
2026/09/20 08:29:01.743, 1, 185.56 W, 43, 120 MHz, 3996 MHz, 0 %, 0 %
2026/09/20 08:29:01.743, 2, 179.47 W, 32, 120 MHz, 3996 MHz, 0 %, 0 %
2026/09/20 08:29:01.743, 3, 181.38 W, 32, 120 MHz, 3996 MHz, 0 %, 0 %
2026/09/20 08:29:01.743, 4, 181.41 W, 34, 120 MHz, 3996 MHz, 0 %, 0 %
2026/09/20 08:29:01.743, 5, 179.46 W, 32, 120 MHz, 3996 MHz, 0 %, 0 %
2026/09/20 08:29:01.743, 6, 180.17 W, 29, 120 MHz, 3996 MHz, 0 %, 0 %
2026/09/20 08:29:01.743, 7, 182.13 W, 29, 120 MHz, 3996 MHz, 0 %, 0 %
2026/09/20 08:29:02.743, 0, 185.44 W, 42, 120 MHz, 3996 MHz, 0 %, 0 %
2026/09/20 08:29:02.743, 1, 185.56 W, 43, 120 MHz, 3996 MHz, 0 %, 0 %
2026/09/20 08:29:02.743, 2, 179.47 W, 32, 120 MHz, 3996 MHz, 0 %, 0 %
2026/09/20 08:29:02.743, 3, 181.30 W, 32, 120 MHz, 3996 MHz, 0 %, 0 %
2026/09/20 08:29:02.743, 4, 181.49 W, 34, 120 MHz, 3996 MHz, 0 %, 0 %
2026/09/20 08:29:02.743, 5, 179.47 W, 32, 120 MHz, 3996 MHz, 0 %, 0 %
2026/09/20 08:29:02.743, 6, 180.13 W, 29, 120 MHz, 3996 MHz, 0 %, 0 %
2026/09/20 08:29:02.743, 7, 182.13 W, 29, 120 MHz, 3996 MHz, 0 %, 0 %
2026/09/20 08:29:03.743, 0, 185.46 W, 41, 150 MHz, 3996 MHz, 0 %, 0 %
2026/09/20 08:29:03.743, 1, 185.60 W, 43, 120 MHz, 3996 MHz, 0 %, 0 %
2026/09/20 08:29:03.743, 2, 179.47 W, 32, 120 MHz, 3996 MHz, 0 %, 0 %
2026/09/20 08:29:03.743, 3, 181.30 W, 32, 120 MHz, 3996 MHz, 0 %, 0 %
2026/09/20 08:29:03.743, 4, 181.53 W, 34, 120 MHz, 3996 MHz, 0 %, 0 %
2026/09/20 08:29:03.743, 5, 179.47 W, 32, 120 MHz, 3996 MHz, 0 %, 0 %
2026/09/20 08:29:03.743, 6, 180.17 W, 29, 120 MHz, 3996 MHz, 0 %, 0 %
2026/09/20 08:29:03.743, 7, 182.13 W, 29, 120 MHz, 3996 MHz, 0 %, 0 %
2026/09/20 08:29:04.743, 0, 185.43 W, 41, 120 MHz, 3996 MHz, 0 %, 0 %
2026/09/20 08:29:04.743, 1, 185.56 W, 43, 120 MHz, 3996 MHz, 0 %, 0 %
2026/09/20 08:29:04.743, 2, 179.46 W, 32, 120 MHz, 3996 MHz, 0 %, 0 %
2026/09/20 08:29:04.743, 3, 181.38 W, 32, 120 MHz, 3996 MHz, 0 %, 0 %
2026/09/20 08:29:04.743, 4, 181.53 W, 34, 120 MHz, 3996 MHz, 0 %, 0 %
2026/09/20 08:29:04.743, 5, 179.46 W, 32, 120 MHz, 3996 MHz, 0 %, 0 %
2026/09/20 08:29:04.743, 6, 180.17 W, 29, 120 MHz, 3996 MHz, 0 %, 0 %
2026/09/20 08:29:04.743, 7, 182.13 W, 29, 120 MHz, 3996 MHz, 0 %, 0 %
2026/09/20 08:29:05.744, 0, 185.46 W, 41, 120 MHz, 3996 MHz, 0 %, 0 %
2026/09/20 08:29:05.744, 1, 185.56 W, 42, 120 MHz, 3996 MHz, 0 %, 0 %
2026/09/20 08:29:05.744, 2, 179.46 W, 32, 120 MHz, 3996 MHz, 0 %, 0 %
2026/09/20 08:29:05.744, 3, 181.34 W, 32, 120 MHz, 3996 MHz, 0 %, 0 %
2026/09/20 08:29:05.744, 4, 181.37 W, 34, 120 MHz, 3996 MHz, 0 %, 0 %
2026/09/20 08:29:05.744, 5, 179.47 W, 32, 120 MHz, 3996 MHz, 0 %, 0 %
2026/09/20 08:29:05.744, 6, 180.17 W, 29, 120 MHz, 3996 MHz, 0 %, 0 %
2026/09/20 08:29:05.744, 7, 182.13 W, 29, 120 MHz, 3996 MHz, 0 %, 0 %
2026/09/20 08:29:06.744, 0, 185.31 W, 41, 120 MHz, 3996 MHz, 0 %, 0 %
2026/09/20 08:29:06.744, 1, 185.56 W, 42, 120 MHz, 3996 MHz, 0 %, 0 %
2026/09/20 08:29:06.744, 2, 179.46 W, 32, 120 MHz, 3996 MHz, 0 %, 0 %
2026/09/20 08:29:06.744, 3, 181.30 W, 32, 120 MHz, 3996 MHz, 0 %, 0 %
2026/09/20 08:29:06.744, 4, 181.58 W, 34, 120 MHz, 3996 MHz, 0 %, 0 %
2026/09/20 08:29:06.744, 5, 179.47 W, 32, 120 MHz, 3996 MHz, 0 %, 0 %
2026/09/20 08:29:06.744, 6, 180.17 W, 29, 120 MHz, 3996 MHz, 0 %, 0 %
2026/09/20 08:29:06.744, 7, 182.13 W, 29, 120 MHz, 3996 MHz, 0 %, 0 %
2026/09/20 08:29:07.744, 0, 185.30 W, 41, 120 MHz, 3996 MHz, 0 %, 0 %
2026/09/20 08:29:07.744, 1, 185.56 W, 42, 120 MHz, 3996 MHz, 0 %, 0 %
2026/09/20 08:29:07.744, 2, 179.47 W, 32, 120 MHz, 3996 MHz, 0 %, 0 %
2026/09/20 08:29:07.744, 3, 181.30 W, 32, 120 MHz, 3996 MHz, 0 %, 0 %
2026/09/20 08:29:07.744, 4, 181.46 W, 34, 120 MHz, 3996 MHz, 0 %, 0 %
2026/09/20 08:29:07.744, 5, 179.47 W, 32, 120 MHz, 3996 MHz, 0 %, 0 %
2026/09/20 08:29:07.744, 6, 180.13 W, 29, 120 MHz, 3996 MHz, 0 %, 0 %
2026/09/20 08:29:07.744, 7, 182.13 W, 29, 120 MHz, 3996 MHz, 0 %, 0 %
2026/09/20 08:29:08.745, 0, 184.80 W, 41, 120 MHz, 3996 MHz, 0 %, 0 %
2026/09/20 08:29:08.745, 1, 185.56 W, 42, 120 MHz, 3996 MHz, 0 %, 0 %
2026/09/20 08:29:08.745, 2, 179.46 W, 32, 120 MHz, 3996 MHz, 0 %, 0 %
2026/09/20 08:29:08.745, 3, 181.30 W, 32, 120 MHz, 3996 MHz, 0 %, 0 %
2026/09/20 08:29:08.745, 4, 181.38 W, 34, 120 MHz, 3996 MHz, 0 %, 0 %
2026/09/20 08:29:08.745, 5, 179.47 W, 32, 120 MHz, 3996 MHz, 0 %, 0 %
2026/09/20 08:29:08.745, 6, 180.17 W, 29, 120 MHz, 3996 MHz, 0 %, 0 %
2026/09/20 08:29:08.745, 7, 182.13 W, 29, 120 MHz, 3996 MHz, 0 %, 0 %
2026/09/20 08:29:09.745, 0, 184.16 W, 40, 120 MHz, 3996 MHz, 0 %, 0 %
2026/09/20 08:29:09.745, 1, 185.56 W, 42, 120 MHz, 3996 MHz, 0 %, 0 %
2026/09/20 08:29:09.745, 2, 179.46 W, 32, 120 MHz, 3996 MHz, 0 %, 0 %
2026/09/20 08:29:09.745, 3, 181.34 W, 31, 120 MHz, 3996 MHz, 0 %, 0 %
2026/09/20 08:29:09.745, 4, 181.49 W, 34, 120 MHz, 3996 MHz, 0 %, 0 %
2026/09/20 08:29:09.745, 5, 179.46 W, 32, 120 MHz, 3996 MHz, 0 %, 0 %
2026/09/20 08:29:09.745, 6, 180.17 W, 29, 120 MHz, 3996 MHz, 0 %, 0 %
2026/09/20 08:29:09.745, 7, 182.13 W, 29, 120 MHz, 3996 MHz, 0 %, 0 %
2026/09/20 08:29:10.745, 0, 183.85 W, 40, 120 MHz, 3996 MHz, 0 %, 0 %
2026/09/20 08:29:10.745, 1, 185.56 W, 42, 120 MHz, 3996 MHz, 0 %, 0 %
2026/09/20 08:29:10.745, 2, 179.47 W, 32, 120 MHz, 3996 MHz, 0 %, 0 %
2026/09/20 08:29:10.745, 3, 181.30 W, 31, 120 MHz, 3996 MHz, 0 %, 0 %
2026/09/20 08:29:10.745, 4, 181.41 W, 34, 120 MHz, 3996 MHz, 0 %, 0 %
2026/09/20 08:29:10.745, 5, 179.46 W, 32, 120 MHz, 3996 MHz, 0 %, 0 %
2026/09/20 08:29:10.745, 6, 180.17 W, 29, 120 MHz, 3996 MHz, 0 %, 0 %
2026/09/20 08:29:10.745, 7, 182.13 W, 29, 120 MHz, 3996 MHz, 0 %, 0 %
2026/09/20 08:29:11.745, 0, 183.54 W, 40, 120 MHz, 3996 MHz, 0 %, 0 %
2026/09/20 08:29:11.745, 1, 185.56 W, 41, 120 MHz, 3996 MHz, 0 %, 0 %
2026/09/20 08:29:11.745, 2, 179.47 W, 32, 120 MHz, 3996 MHz, 0 %, 0 %
2026/09/20 08:29:11.745, 3, 181.34 W, 31, 120 MHz, 3996 MHz, 0 %, 0 %
2026/09/20 08:29:11.745, 4, 181.38 W, 34, 120 MHz, 3996 MHz, 0 %, 0 %
2026/09/20 08:29:11.745, 5, 179.46 W, 32, 120 MHz, 3996 MHz, 0 %, 0 %
2026/09/20 08:29:11.746, 6, 180.13 W, 29, 120 MHz, 3996 MHz, 0 %, 0 %
2026/09/20 08:29:11.746, 7, 182.13 W, 29, 120 MHz, 3996 MHz, 0 %, 0 %
2026/09/20 08:29:12.746, 0, 183.54 W, 40, 120 MHz, 3996 MHz, 0 %, 0 %
2026/09/20 08:29:12.746, 1, 185.56 W, 41, 120 MHz, 3996 MHz, 0 %, 0 %
2026/09/20 08:29:12.746, 2, 179.46 W, 31, 120 MHz, 3996 MHz, 0 %, 0 %
2026/09/20 08:29:12.746, 3, 181.30 W, 31, 120 MHz, 3996 MHz, 0 %, 0 %
2026/09/20 08:29:12.746, 4, 181.49 W, 34, 120 MHz, 3996 MHz, 0 %, 0 %
2026/09/20 08:29:12.746, 5, 179.46 W, 32, 120 MHz, 3996 MHz, 0 %, 0 %
2026/09/20 08:29:12.746, 6, 180.17 W, 29, 120 MHz, 3996 MHz, 0 %, 0 %
2026/09/20 08:29:12.746, 7, 182.13 W, 29, 120 MHz, 3996 MHz, 0 %, 0 %
2026/09/20 08:29:13.746, 0, 183.50 W, 40, 120 MHz, 3996 MHz, 0 %, 0 %
2026/09/20 08:29:13.746, 1, 185.56 W, 41, 120 MHz, 3996 MHz, 0 %, 0 %
2026/09/20 08:29:13.746, 2, 179.47 W, 31, 120 MHz, 3996 MHz, 0 %, 0 %
2026/09/20 08:29:13.746, 3, 181.30 W, 31, 120 MHz, 3996 MHz, 0 %, 0 %
2026/09/20 08:29:13.746, 4, 181.34 W, 34, 120 MHz, 3996 MHz, 0 %, 0 %
2026/09/20 08:29:13.746, 5, 179.47 W, 32, 120 MHz, 3996 MHz, 0 %, 0 %
2026/09/20 08:29:13.746, 6, 180.17 W, 29, 120 MHz, 3996 MHz, 0 %, 0 %
2026/09/20 08:29:13.746, 7, 182.13 W, 29, 120 MHz, 3996 MHz, 0 %, 0 %
2026/09/20 08:29:14.746, 0, 183.49 W, 40, 120 MHz, 3996 MHz, 0 %, 0 %
2026/09/20 08:29:14.746, 1, 185.56 W, 41, 120 MHz, 3996 MHz, 0 %, 0 %
2026/09/20 08:29:14.746, 2, 179.47 W, 31, 120 MHz, 3996 MHz, 0 %, 0 %
2026/09/20 08:29:14.746, 3, 181.30 W, 31, 120 MHz, 3996 MHz, 0 %, 0 %
2026/09/20 08:29:14.746, 4, 181.41 W, 34, 120 MHz, 3996 MHz, 0 %, 0 %
2026/09/20 08:29:14.746, 5, 179.47 W, 32, 120 MHz, 3996 MHz, 0 %, 0 %
2026/09/20 08:29:14.746, 6, 180.17 W, 29, 120 MHz, 3996 MHz, 0 %, 0 %
2026/09/20 08:29:14.746, 7, 182.13 W, 29, 120 MHz, 3996 MHz, 0 %, 0 %
2026/09/20 08:29:15.747, 0, 183.50 W, 40, 120 MHz, 3996 MHz, 0 %, 0 %
2026/09/20 08:29:15.747, 1, 185.56 W, 41, 120 MHz, 3996 MHz, 0 %, 0 %
2026/09/20 08:29:15.747, 2, 179.47 W, 31, 120 MHz, 3996 MHz, 0 %, 0 %
2026/09/20 08:29:15.747, 3, 181.30 W, 31, 120 MHz, 3996 MHz, 0 %, 0 %
2026/09/20 08:29:15.747, 4, 181.41 W, 34, 120 MHz, 3996 MHz, 0 %, 0 %
2026/09/20 08:29:15.747, 5, 179.46 W, 32, 120 MHz, 3996 MHz, 0 %, 0 %
2026/09/20 08:29:15.747, 6, 180.17 W, 29, 120 MHz, 3996 MHz, 0 %, 0 %
2026/09/20 08:29:15.747, 7, 182.13 W, 29, 120 MHz, 3996 MHz, 0 %, 0 %
2026/09/20 08:29:16.747, 0, 183.49 W, 39, 120 MHz, 3996 MHz, 0 %, 0 %
2026/09/20 08:29:16.747, 1, 185.56 W, 41, 120 MHz, 3996 MHz, 0 %, 0 %
2026/09/20 08:29:16.747, 2, 179.46 W, 31, 120 MHz, 3996 MHz, 0 %, 0 %
2026/09/20 08:29:16.747, 3, 181.30 W, 31, 120 MHz, 3996 MHz, 0 %, 0 %
2026/09/20 08:29:16.747, 4, 181.38 W, 34, 120 MHz, 3996 MHz, 0 %, 0 %
2026/09/20 08:29:16.747, 5, 179.47 W, 32, 120 MHz, 3996 MHz, 0 %, 0 %
2026/09/20 08:29:16.747, 6, 180.17 W, 29, 120 MHz, 3996 MHz, 0 %, 0 %
2026/09/20 08:29:16.747, 7, 182.13 W, 29, 120 MHz, 3996 MHz, 0 %, 0 %
2026/09/20 08:29:17.747, 0, 183.49 W, 39, 120 MHz, 3996 MHz, 0 %, 0 %
2026/09/20 08:29:17.747, 1, 185.56 W, 41, 120 MHz, 3996 MHz, 0 %, 0 %
2026/09/20 08:29:17.747, 2, 179.46 W, 31, 120 MHz, 3996 MHz, 0 %, 0 %
2026/09/20 08:29:17.747, 3, 181.33 W, 31, 120 MHz, 3996 MHz, 0 %, 0 %
2026/09/20 08:29:17.747, 4, 181.45 W, 34, 120 MHz, 3996 MHz, 0 %, 0 %
2026/09/20 08:29:17.747, 5, 179.47 W, 32, 120 MHz, 3996 MHz, 0 %, 0 %
2026/09/20 08:29:17.747, 6, 180.13 W, 29, 120 MHz, 3996 MHz, 0 %, 0 %
2026/09/20 08:29:17.747, 7, 182.13 W, 29, 120 MHz, 3996 MHz, 0 %, 0 %
2026/09/20 08:29:18.747, 0, 183.49 W, 39, 120 MHz, 3996 MHz, 0 %, 0 %
2026/09/20 08:29:18.747, 1, 185.56 W, 41, 120 MHz, 3996 MHz, 0 %, 0 %
2026/09/20 08:29:18.747, 2, 179.46 W, 31, 120 MHz, 3996 MHz, 0 %, 0 %
2026/09/20 08:29:18.747, 3, 181.29 W, 31, 120 MHz, 3996 MHz, 0 %, 0 %
2026/09/20 08:29:18.747, 4, 181.45 W, 34, 120 MHz, 3996 MHz, 0 %, 0 %
2026/09/20 08:29:18.747, 5, 179.46 W, 32, 120 MHz, 3996 MHz, 0 %, 0 %
2026/09/20 08:29:18.748, 6, 180.13 W, 29, 120 MHz, 3996 MHz, 0 %, 0 %
2026/09/20 08:29:18.748, 7, 182.13 W, 29, 120 MHz, 3996 MHz, 0 %, 0 %
2026/09/20 08:29:19.748, 0, 183.49 W, 39, 120 MHz, 3996 MHz, 0 %, 0 %
2026/09/20 08:29:19.748, 1, 185.56 W, 40, 120 MHz, 3996 MHz, 0 %, 0 %
2026/09/20 08:29:19.748, 2, 179.47 W, 31, 120 MHz, 3996 MHz, 0 %, 0 %
2026/09/20 08:29:19.748, 3, 181.29 W, 31, 120 MHz, 3996 MHz, 0 %, 0 %
2026/09/20 08:29:19.748, 4, 181.30 W, 34, 120 MHz, 3996 MHz, 0 %, 0 %
2026/09/20 08:29:19.748, 5, 179.46 W, 32, 120 MHz, 3996 MHz, 0 %, 0 %
2026/09/20 08:29:19.748, 6, 180.17 W, 29, 120 MHz, 3996 MHz, 0 %, 0 %
2026/09/20 08:29:19.748, 7, 182.13 W, 29, 120 MHz, 3996 MHz, 0 %, 0 %
2026/09/20 08:29:20.748, 0, 183.49 W, 39, 120 MHz, 3996 MHz, 0 %, 0 %
2026/09/20 08:29:20.748, 1, 185.56 W, 40, 120 MHz, 3996 MHz, 0 %, 0 %
2026/09/20 08:29:20.748, 2, 179.46 W, 31, 120 MHz, 3996 MHz, 0 %, 0 %
2026/09/20 08:29:20.748, 3, 181.30 W, 31, 120 MHz, 3996 MHz, 0 %, 0 %
2026/09/20 08:29:20.748, 4, 181.37 W, 34, 120 MHz, 3996 MHz, 0 %, 0 %
2026/09/20 08:29:20.748, 5, 179.46 W, 32, 120 MHz, 3996 MHz, 0 %, 0 %
2026/09/20 08:29:20.748, 6, 180.17 W, 29, 120 MHz, 3996 MHz, 0 %, 0 %
2026/09/20 08:29:20.748, 7, 182.13 W, 29, 120 MHz, 3996 MHz, 0 %, 0 %
2026/09/20 08:29:21.748, 0, 183.49 W, 39, 120 MHz, 3996 MHz, 0 %, 0 %
2026/09/20 08:29:21.748, 1, 185.56 W, 40, 120 MHz, 3996 MHz, 0 %, 0 %
2026/09/20 08:29:21.748, 2, 179.47 W, 31, 120 MHz, 3996 MHz, 0 %, 0 %
2026/09/20 08:29:21.748, 3, 181.30 W, 31, 120 MHz, 3996 MHz, 0 %, 0 %
2026/09/20 08:29:21.748, 4, 181.41 W, 34, 120 MHz, 3996 MHz, 0 %, 0 %
2026/09/20 08:29:21.748, 5, 179.47 W, 32, 120 MHz, 3996 MHz, 0 %, 0 %
2026/09/20 08:29:21.748, 6, 180.17 W, 29, 120 MHz, 3996 MHz, 0 %, 0 %
2026/09/20 08:29:21.748, 7, 182.13 W, 29, 120 MHz, 3996 MHz, 0 %, 0 %
2026/09/20 08:29:22.748, 0, 183.49 W, 39, 120 MHz, 3996 MHz, 0 %, 0 %
2026/09/20 08:29:22.749, 1, 185.52 W, 40, 120 MHz, 3996 MHz, 0 %, 0 %
2026/09/20 08:29:22.749, 2, 179.47 W, 31, 120 MHz, 3996 MHz, 0 %, 0 %
2026/09/20 08:29:22.749, 3, 181.30 W, 31, 120 MHz, 3996 MHz, 0 %, 0 %
2026/09/20 08:29:22.749, 4, 181.34 W, 34, 120 MHz, 3996 MHz, 0 %, 0 %
2026/09/20 08:29:22.749, 5, 179.47 W, 32, 120 MHz, 3996 MHz, 0 %, 0 %
2026/09/20 08:29:22.749, 6, 180.17 W, 29, 120 MHz, 3996 MHz, 0 %, 0 %
2026/09/20 08:29:22.749, 7, 182.13 W, 29, 120 MHz, 3996 MHz, 0 %, 0 %
2026/09/20 08:29:23.749, 0, 183.49 W, 39, 120 MHz, 3996 MHz, 0 %, 0 %
2026/09/20 08:29:23.749, 1, 185.52 W, 40, 120 MHz, 3996 MHz, 0 %, 0 %
2026/09/20 08:29:23.749, 2, 179.46 W, 31, 120 MHz, 3996 MHz, 0 %, 0 %
2026/09/20 08:29:23.749, 3, 181.30 W, 30, 120 MHz, 3996 MHz, 0 %, 0 %
2026/09/20 08:29:23.749, 4, 181.41 W, 34, 120 MHz, 3996 MHz, 0 %, 0 %
2026/09/20 08:29:23.749, 5, 179.47 W, 32, 120 MHz, 3996 MHz, 0 %, 0 %
2026/09/20 08:29:23.749, 6, 180.17 W, 29, 120 MHz, 3996 MHz, 0 %, 0 %
2026/09/20 08:29:23.749, 7, 182.13 W, 29, 120 MHz, 3996 MHz, 0 %, 0 %
2026/09/20 08:29:24.749, 0, 183.49 W, 38, 120 MHz, 3996 MHz, 0 %, 0 %
2026/09/20 08:29:24.749, 1, 185.45 W, 40, 120 MHz, 3996 MHz, 0 %, 0 %
2026/09/20 08:29:24.749, 2, 179.46 W, 31, 120 MHz, 3996 MHz, 0 %, 0 %
2026/09/20 08:29:24.749, 3, 181.30 W, 30, 120 MHz, 3996 MHz, 0 %, 0 %
2026/09/20 08:29:24.749, 4, 181.45 W, 34, 120 MHz, 3996 MHz, 0 %, 0 %
2026/09/20 08:29:24.749, 5, 179.47 W, 32, 120 MHz, 3996 MHz, 0 %, 0 %
2026/09/20 08:29:24.749, 6, 180.17 W, 29, 120 MHz, 3996 MHz, 0 %, 0 %
2026/09/20 08:29:24.749, 7, 182.13 W, 29, 120 MHz, 3996 MHz, 0 %, 0 %
2026/09/20 08:29:25.749, 0, 183.49 W, 38, 120 MHz, 3996 MHz, 0 %, 0 %
2026/09/20 08:29:25.749, 1, 185.41 W, 40, 120 MHz, 3996 MHz, 0 %, 0 %
2026/09/20 08:29:25.749, 2, 179.47 W, 31, 120 MHz, 3996 MHz, 0 %, 0 %
2026/09/20 08:29:25.749, 3, 181.29 W, 30, 120 MHz, 3996 MHz, 0 %, 0 %
2026/09/20 08:29:25.749, 4, 181.49 W, 34, 120 MHz, 3996 MHz, 0 %, 0 %
2026/09/20 08:29:25.749, 5, 179.47 W, 32, 120 MHz, 3996 MHz, 0 %, 0 %
2026/09/20 08:29:25.750, 6, 180.17 W, 29, 120 MHz, 3996 MHz, 0 %, 0 %
2026/09/20 08:29:25.750, 7, 182.13 W, 29, 120 MHz, 3996 MHz, 0 %, 0 %
2026/09/20 08:29:26.750, 0, 183.49 W, 38, 120 MHz, 3996 MHz, 0 %, 0 %
2026/09/20 08:29:26.750, 1, 185.06 W, 40, 120 MHz, 3996 MHz, 0 %, 0 %
2026/09/20 08:29:26.750, 2, 179.46 W, 31, 120 MHz, 3996 MHz, 0 %, 0 %
2026/09/20 08:29:26.750, 3, 181.30 W, 30, 120 MHz, 3996 MHz, 0 %, 0 %
2026/09/20 08:29:26.750, 4, 181.41 W, 34, 120 MHz, 3996 MHz, 0 %, 0 %
2026/09/20 08:29:26.750, 5, 179.46 W, 32, 120 MHz, 3996 MHz, 0 %, 0 %
2026/09/20 08:29:26.750, 6, 180.17 W, 29, 120 MHz, 3996 MHz, 0 %, 0 %
2026/09/20 08:29:26.750, 7, 182.13 W, 29, 120 MHz, 3996 MHz, 0 %, 0 %
2026/09/20 08:29:27.750, 0, 183.49 W, 38, 120 MHz, 3996 MHz, 0 %, 0 %
2026/09/20 08:29:27.750, 1, 184.62 W, 39, 120 MHz, 3996 MHz, 0 %, 0 %
2026/09/20 08:29:27.750, 2, 179.47 W, 31, 120 MHz, 3996 MHz, 0 %, 0 %
2026/09/20 08:29:27.750, 3, 181.30 W, 30, 120 MHz, 3996 MHz, 0 %, 0 %
2026/09/20 08:29:27.750, 4, 181.30 W, 34, 120 MHz, 3996 MHz, 0 %, 0 %
2026/09/20 08:29:27.750, 5, 179.46 W, 32, 120 MHz, 3996 MHz, 0 %, 0 %
2026/09/20 08:29:27.750, 6, 180.17 W, 29, 120 MHz, 3996 MHz, 0 %, 0 %
2026/09/20 08:29:27.750, 7, 182.13 W, 29, 120 MHz, 3996 MHz, 0 %, 0 %
2026/09/20 08:29:28.750, 0, 183.49 W, 38, 120 MHz, 3996 MHz, 0 %, 0 %
2026/09/20 08:29:28.750, 1, 184.10 W, 39, 120 MHz, 3996 MHz, 0 %, 0 %
2026/09/20 08:29:28.750, 2, 179.47 W, 31, 120 MHz, 3996 MHz, 0 %, 0 %
2026/09/20 08:29:28.750, 3, 181.30 W, 30, 120 MHz, 3996 MHz, 0 %, 0 %
2026/09/20 08:29:28.750, 4, 181.57 W, 34, 120 MHz, 3996 MHz, 0 %, 0 %
2026/09/20 08:29:28.750, 5, 179.47 W, 32, 120 MHz, 3996 MHz, 0 %, 0 %
2026/09/20 08:29:28.750, 6, 180.17 W, 29, 120 MHz, 3996 MHz, 0 %, 0 %
2026/09/20 08:29:28.750, 7, 182.13 W, 29, 120 MHz, 3996 MHz, 0 %, 0 %
2026/09/20 08:29:29.751, 0, 183.49 W, 38, 120 MHz, 3996 MHz, 0 %, 0 %
2026/09/20 08:29:29.751, 1, 184.12 W, 39, 120 MHz, 3996 MHz, 0 %, 0 %
2026/09/20 08:29:29.751, 2, 179.47 W, 31, 120 MHz, 3996 MHz, 0 %, 0 %
2026/09/20 08:29:29.751, 3, 181.30 W, 30, 120 MHz, 3996 MHz, 0 %, 0 %
2026/09/20 08:29:29.751, 4, 181.34 W, 34, 120 MHz, 3996 MHz, 0 %, 0 %
2026/09/20 08:29:29.751, 5, 179.47 W, 32, 120 MHz, 3996 MHz, 0 %, 0 %
2026/09/20 08:29:29.751, 6, 180.17 W, 29, 120 MHz, 3996 MHz, 0 %, 0 %
2026/09/20 08:29:29.751, 7, 182.13 W, 29, 120 MHz, 3996 MHz, 0 %, 0 %
2026/09/20 08:29:30.751, 0, 183.49 W, 38, 120 MHz, 3996 MHz, 0 %, 0 %
2026/09/20 08:29:30.751, 1, 183.76 W, 39, 120 MHz, 3996 MHz, 0 %, 0 %
2026/09/20 08:29:30.751, 2, 179.47 W, 31, 120 MHz, 3996 MHz, 0 %, 0 %
2026/09/20 08:29:30.751, 3, 181.30 W, 30, 120 MHz, 3996 MHz, 0 %, 0 %
2026/09/20 08:29:30.751, 4, 181.38 W, 34, 120 MHz, 3996 MHz, 0 %, 0 %
2026/09/20 08:29:30.751, 5, 179.47 W, 32, 120 MHz, 3996 MHz, 0 %, 0 %
2026/09/20 08:29:30.751, 6, 180.17 W, 29, 120 MHz, 3996 MHz, 0 %, 0 %
2026/09/20 08:29:30.751, 7, 182.13 W, 29, 120 MHz, 3996 MHz, 0 %, 0 %
2026/09/20 08:29:31.751, 0, 183.41 W, 38, 120 MHz, 3996 MHz, 0 %, 0 %
2026/09/20 08:29:31.751, 1, 183.84 W, 39, 120 MHz, 3996 MHz, 0 %, 0 %
2026/09/20 08:29:31.751, 2, 179.47 W, 31, 120 MHz, 3996 MHz, 0 %, 0 %
2026/09/20 08:29:31.751, 3, 181.29 W, 30, 120 MHz, 3996 MHz, 0 %, 0 %
2026/09/20 08:29:31.751, 4, 181.49 W, 34, 120 MHz, 3996 MHz, 0 %, 0 %
2026/09/20 08:29:31.751, 5, 179.47 W, 32, 120 MHz, 3996 MHz, 0 %, 0 %
2026/09/20 08:29:31.751, 6, 180.17 W, 29, 120 MHz, 3996 MHz, 0 %, 0 %
2026/09/20 08:29:31.751, 7, 182.13 W, 29, 120 MHz, 3996 MHz, 0 %, 0 %
2026/09/20 08:29:32.751, 0, 183.33 W, 38, 120 MHz, 3996 MHz, 0 %, 0 %
2026/09/20 08:29:32.751, 1, 183.76 W, 39, 120 MHz, 3996 MHz, 0 %, 0 %
2026/09/20 08:29:32.751, 2, 179.46 W, 30, 120 MHz, 3996 MHz, 0 %, 0 %
2026/09/20 08:29:32.751, 3, 181.22 W, 30, 120 MHz, 3996 MHz, 0 %, 0 %
2026/09/20 08:29:32.752, 4, 181.38 W, 34, 120 MHz, 3996 MHz, 0 %, 0 %
2026/09/20 08:29:32.752, 5, 179.47 W, 32, 120 MHz, 3996 MHz, 0 %, 0 %
2026/09/20 08:29:32.752, 6, 180.17 W, 29, 120 MHz, 3996 MHz, 0 %, 0 %
2026/09/20 08:29:32.752, 7, 182.13 W, 29, 120 MHz, 3996 MHz, 0 %, 0 %
2026/09/20 08:29:33.752, 0, 183.22 W, 38, 120 MHz, 3996 MHz, 0 %, 0 %
2026/09/20 08:29:33.752, 1, 183.65 W, 39, 120 MHz, 3996 MHz, 0 %, 0 %
2026/09/20 08:29:33.752, 2, 179.47 W, 30, 120 MHz, 3996 MHz, 0 %, 0 %
2026/09/20 08:29:33.752, 3, 181.26 W, 30, 120 MHz, 3996 MHz, 0 %, 0 %
2026/09/20 08:29:33.752, 4, 181.41 W, 34, 120 MHz, 3996 MHz, 0 %, 0 %
2026/09/20 08:29:33.752, 5, 179.47 W, 32, 120 MHz, 3996 MHz, 0 %, 0 %
2026/09/20 08:29:33.752, 6, 180.17 W, 29, 120 MHz, 3996 MHz, 0 %, 0 %
2026/09/20 08:29:33.752, 7, 182.13 W, 29, 120 MHz, 3996 MHz, 0 %, 0 %
2026/09/20 08:29:34.752, 0, 183.07 W, 37, 120 MHz, 3996 MHz, 0 %, 0 %
2026/09/20 08:29:34.752, 1, 183.61 W, 39, 120 MHz, 3996 MHz, 0 %, 0 %
2026/09/20 08:29:34.752, 2, 179.46 W, 30, 120 MHz, 3996 MHz, 0 %, 0 %
2026/09/20 08:29:34.752, 3, 181.30 W, 30, 120 MHz, 3996 MHz, 0 %, 0 %
2026/09/20 08:29:34.752, 4, 181.34 W, 34, 120 MHz, 3996 MHz, 0 %, 0 %
2026/09/20 08:29:34.752, 5, 179.47 W, 32, 120 MHz, 3996 MHz, 0 %, 0 %
2026/09/20 08:29:34.752, 6, 180.17 W, 29, 120 MHz, 3996 MHz, 0 %, 0 %
2026/09/20 08:29:34.752, 7, 182.13 W, 29, 120 MHz, 3996 MHz, 0 %, 0 %
2026/09/20 08:29:35.752, 0, 182.78 W, 37, 120 MHz, 3996 MHz, 0 %, 0 %
2026/09/20 08:29:35.752, 1, 183.61 W, 39, 120 MHz, 3996 MHz, 0 %, 0 %
2026/09/20 08:29:35.752, 2, 179.46 W, 30, 120 MHz, 3996 MHz, 0 %, 0 %
2026/09/20 08:29:35.752, 3, 181.26 W, 30, 120 MHz, 3996 MHz, 0 %, 0 %
2026/09/20 08:29:35.752, 4, 181.41 W, 34, 120 MHz, 3996 MHz, 0 %, 0 %
2026/09/20 08:29:35.752, 5, 179.46 W, 32, 120 MHz, 3996 MHz, 0 %, 0 %
2026/09/20 08:29:35.752, 6, 180.13 W, 29, 120 MHz, 3996 MHz, 0 %, 0 %
2026/09/20 08:29:35.752, 7, 182.13 W, 29, 120 MHz, 3996 MHz, 0 %, 0 %
2026/09/20 08:29:36.753, 0, 182.49 W, 37, 120 MHz, 3996 MHz, 0 %, 0 %
2026/09/20 08:29:36.753, 1, 183.61 W, 39, 120 MHz, 3996 MHz, 0 %, 0 %
2026/09/20 08:29:36.753, 2, 179.47 W, 30, 120 MHz, 3996 MHz, 0 %, 0 %
2026/09/20 08:29:36.753, 3, 181.22 W, 30, 120 MHz, 3996 MHz, 0 %, 0 %
2026/09/20 08:29:36.753, 4, 181.37 W, 34, 120 MHz, 3996 MHz, 0 %, 0 %
2026/09/20 08:29:36.753, 5, 179.47 W, 32, 120 MHz, 3996 MHz, 0 %, 0 %
2026/09/20 08:29:36.753, 6, 180.17 W, 29, 120 MHz, 3996 MHz, 0 %, 0 %
2026/09/20 08:29:36.753, 7, 182.13 W, 29, 120 MHz, 3996 MHz, 0 %, 0 %
2026/09/20 08:29:37.753, 0, 181.96 W, 37, 120 MHz, 3996 MHz, 0 %, 0 %
2026/09/20 08:29:37.753, 1, 183.61 W, 39, 120 MHz, 3996 MHz, 0 %, 0 %
2026/09/20 08:29:37.753, 2, 179.47 W, 30, 120 MHz, 3996 MHz, 0 %, 0 %
2026/09/20 08:29:37.753, 3, 181.26 W, 30, 120 MHz, 3996 MHz, 0 %, 0 %
2026/09/20 08:29:37.753, 4, 181.49 W, 34, 120 MHz, 3996 MHz, 0 %, 0 %
2026/09/20 08:29:37.753, 5, 179.47 W, 32, 120 MHz, 3996 MHz, 0 %, 0 %
2026/09/20 08:29:37.753, 6, 180.17 W, 29, 120 MHz, 3996 MHz, 0 %, 0 %
2026/09/20 08:29:37.753, 7, 182.13 W, 29, 120 MHz, 3996 MHz, 0 %, 0 %
2026/09/20 08:29:38.753, 0, 181.77 W, 37, 120 MHz, 3996 MHz, 0 %, 0 %
2026/09/20 08:29:38.753, 1, 183.61 W, 38, 120 MHz, 3996 MHz, 0 %, 0 %
2026/09/20 08:29:38.753, 2, 179.47 W, 30, 120 MHz, 3996 MHz, 0 %, 0 %
2026/09/20 08:29:38.753, 3, 181.22 W, 30, 120 MHz, 3996 MHz, 0 %, 0 %
2026/09/20 08:29:38.753, 4, 181.30 W, 34, 120 MHz, 3996 MHz, 0 %, 0 %
2026/09/20 08:29:38.753, 5, 179.47 W, 32, 120 MHz, 3996 MHz, 0 %, 0 %
2026/09/20 08:29:38.753, 6, 180.17 W, 29, 120 MHz, 3996 MHz, 0 %, 0 %
2026/09/20 08:29:38.753, 7, 182.13 W, 29, 120 MHz, 3996 MHz, 0 %, 0 %
2026/09/20 08:29:39.753, 0, 181.92 W, 37, 120 MHz, 3996 MHz, 0 %, 0 %
2026/09/20 08:29:39.753, 1, 183.61 W, 38, 120 MHz, 3996 MHz, 0 %, 0 %
2026/09/20 08:29:39.753, 2, 179.47 W, 30, 120 MHz, 3996 MHz, 0 %, 0 %
2026/09/20 08:29:39.753, 3, 181.18 W, 30, 120 MHz, 3996 MHz, 0 %, 0 %
2026/09/20 08:29:39.753, 4, 181.45 W, 34, 120 MHz, 3996 MHz, 0 %, 0 %
2026/09/20 08:29:39.753, 5, 179.46 W, 32, 120 MHz, 3996 MHz, 0 %, 0 %
2026/09/20 08:29:39.754, 6, 180.17 W, 29, 120 MHz, 3996 MHz, 0 %, 0 %
2026/09/20 08:29:39.754, 7, 182.13 W, 29, 120 MHz, 3996 MHz, 0 %, 0 %
2026/09/20 08:29:40.754, 0, 181.73 W, 37, 120 MHz, 3996 MHz, 0 %, 0 %
2026/09/20 08:29:40.754, 1, 183.61 W, 38, 120 MHz, 3996 MHz, 0 %, 0 %
2026/09/20 08:29:40.754, 2, 179.46 W, 30, 120 MHz, 3996 MHz, 0 %, 0 %
2026/09/20 08:29:40.754, 3, 181.22 W, 30, 120 MHz, 3996 MHz, 0 %, 0 %
2026/09/20 08:29:40.754, 4, 181.46 W, 34, 120 MHz, 3996 MHz, 0 %, 0 %
2026/09/20 08:29:40.754, 5, 179.47 W, 32, 120 MHz, 3996 MHz, 0 %, 0 %
2026/09/20 08:29:40.754, 6, 180.13 W, 29, 120 MHz, 3996 MHz, 0 %, 0 %
2026/09/20 08:29:40.754, 7, 182.13 W, 29, 120 MHz, 3996 MHz, 0 %, 0 %
2026/09/20 08:29:41.754, 0, 181.54 W, 37, 120 MHz, 3996 MHz, 0 %, 0 %
2026/09/20 08:29:41.754, 1, 183.61 W, 38, 120 MHz, 3996 MHz, 0 %, 0 %
2026/09/20 08:29:41.754, 2, 179.47 W, 30, 120 MHz, 3996 MHz, 0 %, 0 %
2026/09/20 08:29:41.754, 3, 181.18 W, 30, 120 MHz, 3996 MHz, 0 %, 0 %
2026/09/20 08:29:41.754, 4, 181.38 W, 34, 120 MHz, 3996 MHz, 0 %, 0 %
2026/09/20 08:29:41.754, 5, 179.47 W, 32, 120 MHz, 3996 MHz, 0 %, 0 %
2026/09/20 08:29:41.754, 6, 180.17 W, 29, 120 MHz, 3996 MHz, 0 %, 0 %
2026/09/20 08:29:41.754, 7, 182.13 W, 29, 120 MHz, 3996 MHz, 0 %, 0 %
2026/09/20 08:29:42.754, 0, 181.54 W, 37, 120 MHz, 3996 MHz, 0 %, 0 %
2026/09/20 08:29:42.754, 1, 183.61 W, 38, 120 MHz, 3996 MHz, 0 %, 0 %
2026/09/20 08:29:42.754, 2, 179.47 W, 30, 120 MHz, 3996 MHz, 0 %, 0 %
2026/09/20 08:29:42.754, 3, 181.18 W, 30, 120 MHz, 3996 MHz, 0 %, 0 %
2026/09/20 08:29:42.754, 4, 181.41 W, 34, 120 MHz, 3996 MHz, 0 %, 0 %
2026/09/20 08:29:42.754, 5, 179.47 W, 32, 120 MHz, 3996 MHz, 0 %, 0 %
2026/09/20 08:29:42.754, 6, 180.17 W, 29, 120 MHz, 3996 MHz, 0 %, 0 %
2026/09/20 08:29:42.754, 7, 182.13 W, 29, 120 MHz, 3996 MHz, 0 %, 0 %
2026/09/20 08:29:43.754, 0, 181.61 W, 37, 120 MHz, 3996 MHz, 0 %, 0 %
2026/09/20 08:29:43.755, 1, 183.61 W, 38, 120 MHz, 3996 MHz, 0 %, 0 %
2026/09/20 08:29:43.755, 2, 179.46 W, 30, 120 MHz, 3996 MHz, 0 %, 0 %
2026/09/20 08:29:43.755, 3, 181.02 W, 30, 120 MHz, 3996 MHz, 0 %, 0 %
2026/09/20 08:29:43.755, 4, 181.34 W, 34, 120 MHz, 3996 MHz, 0 %, 0 %
2026/09/20 08:29:43.755, 5, 179.46 W, 32, 120 MHz, 3996 MHz, 0 %, 0 %
2026/09/20 08:29:43.755, 6, 180.13 W, 29, 120 MHz, 3996 MHz, 0 %, 0 %
2026/09/20 08:29:43.755, 7, 182.13 W, 29, 120 MHz, 3996 MHz, 0 %, 0 %
2026/09/20 08:29:44.755, 0, 181.54 W, 37, 120 MHz, 3996 MHz, 0 %, 0 %
2026/09/20 08:29:44.755, 1, 183.61 W, 38, 120 MHz, 3996 MHz, 0 %, 0 %
2026/09/20 08:29:44.755, 2, 179.47 W, 30, 120 MHz, 3996 MHz, 0 %, 0 %
2026/09/20 08:29:44.755, 3, 181.26 W, 30, 120 MHz, 3996 MHz, 0 %, 0 %
2026/09/20 08:29:44.755, 4, 181.38 W, 34, 120 MHz, 3996 MHz, 0 %, 0 %
2026/09/20 08:29:44.755, 5, 179.47 W, 32, 120 MHz, 3996 MHz, 0 %, 0 %
2026/09/20 08:29:44.755, 6, 180.17 W, 29, 120 MHz, 3996 MHz, 0 %, 0 %
2026/09/20 08:29:44.755, 7, 182.13 W, 29, 120 MHz, 3996 MHz, 0 %, 0 %
2026/09/20 08:29:45.755, 0, 181.54 W, 37, 120 MHz, 3996 MHz, 0 %, 0 %
2026/09/20 08:29:45.755, 1, 183.61 W, 38, 120 MHz, 3996 MHz, 0 %, 0 %
2026/09/20 08:29:45.755, 2, 179.47 W, 30, 120 MHz, 3996 MHz, 0 %, 0 %
2026/09/20 08:29:45.755, 3, 181.30 W, 30, 120 MHz, 3996 MHz, 0 %, 0 %
2026/09/20 08:29:45.755, 4, 181.45 W, 34, 120 MHz, 3996 MHz, 0 %, 0 %
2026/09/20 08:29:45.755, 5, 179.47 W, 32, 120 MHz, 3996 MHz, 0 %, 0 %
2026/09/20 08:29:45.755, 6, 180.13 W, 29, 120 MHz, 3996 MHz, 0 %, 0 %
2026/09/20 08:29:45.755, 7, 182.13 W, 29, 120 MHz, 3996 MHz, 0 %, 0 %
2026/09/20 08:29:46.755, 0, 181.54 W, 37, 120 MHz, 3996 MHz, 0 %, 0 %
2026/09/20 08:29:46.755, 1, 183.61 W, 38, 120 MHz, 3996 MHz, 0 %, 0 %
2026/09/20 08:29:46.755, 2, 179.46 W, 30, 120 MHz, 3996 MHz, 0 %, 0 %
2026/09/20 08:29:46.755, 3, 181.18 W, 30, 120 MHz, 3996 MHz, 0 %, 0 %
2026/09/20 08:29:46.755, 4, 181.34 W, 34, 120 MHz, 3996 MHz, 0 %, 0 %
2026/09/20 08:29:46.755, 5, 179.47 W, 32, 120 MHz, 3996 MHz, 0 %, 0 %
2026/09/20 08:29:46.756, 6, 180.17 W, 29, 120 MHz, 3996 MHz, 0 %, 0 %
2026/09/20 08:29:46.756, 7, 182.13 W, 29, 120 MHz, 3996 MHz, 0 %, 0 %
2026/09/20 08:29:47.756, 0, 181.54 W, 36, 120 MHz, 3996 MHz, 0 %, 0 %
2026/09/20 08:29:47.756, 1, 183.61 W, 38, 120 MHz, 3996 MHz, 0 %, 0 %
2026/09/20 08:29:47.756, 2, 179.46 W, 30, 120 MHz, 3996 MHz, 0 %, 0 %
2026/09/20 08:29:47.756, 3, 181.27 W, 30, 120 MHz, 3996 MHz, 0 %, 0 %
2026/09/20 08:29:47.756, 4, 181.34 W, 34, 120 MHz, 3996 MHz, 0 %, 0 %
2026/09/20 08:29:47.756, 5, 179.47 W, 32, 120 MHz, 3996 MHz, 0 %, 0 %
2026/09/20 08:29:47.756, 6, 180.17 W, 29, 120 MHz, 3996 MHz, 0 %, 0 %
2026/09/20 08:29:47.756, 7, 182.13 W, 29, 120 MHz, 3996 MHz, 0 %, 0 %
2026/09/20 08:29:48.756, 0, 181.54 W, 36, 120 MHz, 3996 MHz, 0 %, 0 %
2026/09/20 08:29:48.756, 1, 183.61 W, 38, 120 MHz, 3996 MHz, 0 %, 0 %
2026/09/20 08:29:48.756, 2, 179.46 W, 30, 120 MHz, 3996 MHz, 0 %, 0 %
2026/09/20 08:29:48.756, 3, 181.17 W, 30, 120 MHz, 3996 MHz, 0 %, 0 %
2026/09/20 08:29:48.756, 4, 181.37 W, 34, 120 MHz, 3996 MHz, 0 %, 0 %
2026/09/20 08:29:48.756, 5, 179.47 W, 32, 120 MHz, 3996 MHz, 0 %, 0 %
2026/09/20 08:29:48.756, 6, 180.17 W, 29, 120 MHz, 3996 MHz, 0 %, 0 %
2026/09/20 08:29:48.756, 7, 182.13 W, 29, 120 MHz, 3996 MHz, 0 %, 0 %
2026/09/20 08:29:49.756, 0, 181.54 W, 36, 120 MHz, 3996 MHz, 0 %, 0 %
2026/09/20 08:29:49.756, 1, 183.61 W, 38, 120 MHz, 3996 MHz, 0 %, 0 %
2026/09/20 08:29:49.756, 2, 179.46 W, 30, 120 MHz, 3996 MHz, 0 %, 0 %
2026/09/20 08:29:49.756, 3, 181.17 W, 30, 120 MHz, 3996 MHz, 0 %, 0 %
2026/09/20 08:29:49.756, 4, 181.37 W, 34, 120 MHz, 3996 MHz, 0 %, 0 %
2026/09/20 08:29:49.756, 5, 179.46 W, 32, 120 MHz, 3996 MHz, 0 %, 0 %
2026/09/20 08:29:49.756, 6, 180.17 W, 29, 120 MHz, 3996 MHz, 0 %, 0 %
2026/09/20 08:29:49.756, 7, 182.13 W, 29, 120 MHz, 3996 MHz, 0 %, 0 %
2026/09/20 08:29:50.757, 0, 181.54 W, 36, 120 MHz, 3996 MHz, 0 %, 0 %
2026/09/20 08:29:50.757, 1, 183.61 W, 38, 120 MHz, 3996 MHz, 0 %, 0 %
2026/09/20 08:29:50.757, 2, 179.46 W, 30, 120 MHz, 3996 MHz, 0 %, 0 %
2026/09/20 08:29:50.757, 3, 181.25 W, 30, 120 MHz, 3996 MHz, 0 %, 0 %
2026/09/20 08:29:50.757, 4, 181.41 W, 34, 120 MHz, 3996 MHz, 0 %, 0 %
2026/09/20 08:29:50.757, 5, 179.46 W, 32, 120 MHz, 3996 MHz, 0 %, 0 %
2026/09/20 08:29:50.757, 6, 180.17 W, 29, 120 MHz, 3996 MHz, 0 %, 0 %
2026/09/20 08:29:50.757, 7, 182.13 W, 29, 120 MHz, 3996 MHz, 0 %, 0 %
2026/09/20 08:29:51.757, 0, 181.54 W, 36, 120 MHz, 3996 MHz, 0 %, 0 %
2026/09/20 08:29:51.757, 1, 183.61 W, 38, 120 MHz, 3996 MHz, 0 %, 0 %
2026/09/20 08:29:51.757, 2, 179.46 W, 30, 120 MHz, 3996 MHz, 0 %, 0 %
2026/09/20 08:29:51.757, 3, 181.10 W, 30, 120 MHz, 3996 MHz, 0 %, 0 %
2026/09/20 08:29:51.757, 4, 181.30 W, 34, 120 MHz, 3996 MHz, 0 %, 0 %
2026/09/20 08:29:51.757, 5, 179.47 W, 32, 120 MHz, 3996 MHz, 0 %, 0 %
2026/09/20 08:29:51.757, 6, 180.17 W, 29, 120 MHz, 3996 MHz, 0 %, 0 %
2026/09/20 08:29:51.757, 7, 182.13 W, 29, 120 MHz, 3996 MHz, 0 %, 0 %
2026/09/20 08:29:52.757, 0, 181.54 W, 36, 120 MHz, 3996 MHz, 0 %, 0 %
2026/09/20 08:29:52.757, 1, 183.61 W, 38, 120 MHz, 3996 MHz, 0 %, 0 %
2026/09/20 08:29:52.757, 2, 179.47 W, 30, 120 MHz, 3996 MHz, 0 %, 0 %
2026/09/20 08:29:52.757, 3, 181.10 W, 30, 120 MHz, 3996 MHz, 0 %, 0 %
2026/09/20 08:29:52.757, 4, 181.30 W, 34, 120 MHz, 3996 MHz, 0 %, 0 %
2026/09/20 08:29:52.757, 5, 179.46 W, 32, 120 MHz, 3996 MHz, 0 %, 0 %
2026/09/20 08:29:52.757, 6, 180.13 W, 29, 120 MHz, 3996 MHz, 0 %, 0 %
2026/09/20 08:29:52.757, 7, 182.13 W, 29, 120 MHz, 3996 MHz, 0 %, 0 %
2026/09/20 08:29:53.757, 0, 181.54 W, 36, 120 MHz, 3996 MHz, 0 %, 0 %
2026/09/20 08:29:53.757, 1, 183.61 W, 37, 120 MHz, 3996 MHz, 0 %, 0 %
2026/09/20 08:29:53.757, 2, 179.47 W, 30, 120 MHz, 3996 MHz, 0 %, 0 %
2026/09/20 08:29:53.757, 3, 181.02 W, 30, 120 MHz, 3996 MHz, 0 %, 0 %
2026/09/20 08:29:53.757, 4, 181.34 W, 34, 120 MHz, 3996 MHz, 0 %, 0 %
2026/09/20 08:29:53.757, 5, 179.46 W, 32, 120 MHz, 3996 MHz, 0 %, 0 %
2026/09/20 08:29:53.758, 6, 180.17 W, 29, 120 MHz, 3996 MHz, 0 %, 0 %
2026/09/20 08:29:53.758, 7, 182.13 W, 29, 120 MHz, 3996 MHz, 0 %, 0 %
2026/09/20 08:29:54.758, 0, 181.54 W, 36, 120 MHz, 3996 MHz, 0 %, 0 %
2026/09/20 08:29:54.758, 1, 183.61 W, 37, 120 MHz, 3996 MHz, 0 %, 0 %
2026/09/20 08:29:54.758, 2, 179.46 W, 30, 120 MHz, 3996 MHz, 0 %, 0 %
2026/09/20 08:29:54.758, 3, 181.04 W, 30, 120 MHz, 3996 MHz, 0 %, 0 %
2026/09/20 08:29:54.758, 4, 181.38 W, 34, 120 MHz, 3996 MHz, 0 %, 0 %
2026/09/20 08:29:54.758, 5, 179.47 W, 32, 120 MHz, 3996 MHz, 0 %, 0 %
2026/09/20 08:29:54.758, 6, 180.17 W, 29, 120 MHz, 3996 MHz, 0 %, 0 %
2026/09/20 08:29:54.758, 7, 182.13 W, 29, 120 MHz, 3996 MHz, 0 %, 0 %
2026/09/20 08:29:55.758, 0, 181.54 W, 36, 120 MHz, 3996 MHz, 0 %, 0 %
2026/09/20 08:29:55.758, 1, 183.61 W, 37, 120 MHz, 3996 MHz, 0 %, 0 %
2026/09/20 08:29:55.758, 2, 179.47 W, 30, 120 MHz, 3996 MHz, 0 %, 0 %
2026/09/20 08:29:55.758, 3, 180.90 W, 30, 120 MHz, 3996 MHz, 0 %, 0 %
2026/09/20 08:29:55.758, 4, 181.34 W, 34, 120 MHz, 3996 MHz, 0 %, 0 %
2026/09/20 08:29:55.758, 5, 179.47 W, 32, 120 MHz, 3996 MHz, 0 %, 0 %
2026/09/20 08:29:55.758, 6, 180.17 W, 29, 120 MHz, 3996 MHz, 0 %, 0 %
2026/09/20 08:29:55.758, 7, 182.13 W, 29, 120 MHz, 3996 MHz, 0 %, 0 %
2026/09/20 08:29:56.758, 0, 181.54 W, 36, 120 MHz, 3996 MHz, 0 %, 0 %
2026/09/20 08:29:56.758, 1, 183.61 W, 37, 120 MHz, 3996 MHz, 0 %, 0 %
2026/09/20 08:29:56.758, 2, 179.46 W, 30, 120 MHz, 3996 MHz, 0 %, 0 %
2026/09/20 08:29:56.758, 3, 181.02 W, 30, 120 MHz, 3996 MHz, 0 %, 0 %
2026/09/20 08:29:56.758, 4, 181.30 W, 34, 120 MHz, 3996 MHz, 0 %, 0 %
2026/09/20 08:29:56.758, 5, 179.46 W, 32, 120 MHz, 3996 MHz, 0 %, 0 %
2026/09/20 08:29:56.758, 6, 180.17 W, 29, 120 MHz, 3996 MHz, 0 %, 0 %
2026/09/20 08:29:56.758, 7, 182.13 W, 29, 120 MHz, 3996 MHz, 0 %, 0 %
2026/09/20 08:29:57.758, 0, 181.54 W, 36, 120 MHz, 3996 MHz, 0 %, 0 %
2026/09/20 08:29:57.759, 1, 183.61 W, 37, 120 MHz, 3996 MHz, 0 %, 0 %
2026/09/20 08:29:57.759, 2, 179.47 W, 30, 120 MHz, 3996 MHz, 0 %, 0 %
2026/09/20 08:29:57.759, 3, 180.91 W, 29, 120 MHz, 3996 MHz, 0 %, 0 %
2026/09/20 08:29:57.759, 4, 181.41 W, 34, 120 MHz, 3996 MHz, 0 %, 0 %
2026/09/20 08:29:57.759, 5, 179.46 W, 32, 120 MHz, 3996 MHz, 0 %, 0 %
2026/09/20 08:29:57.759, 6, 180.17 W, 29, 120 MHz, 3996 MHz, 0 %, 0 %
2026/09/20 08:29:57.759, 7, 182.13 W, 29, 120 MHz, 3996 MHz, 0 %, 0 %
2026/09/20 08:29:58.759, 0, 181.54 W, 36, 120 MHz, 3996 MHz, 0 %, 0 %
2026/09/20 08:29:58.759, 1, 183.61 W, 37, 120 MHz, 3996 MHz, 0 %, 0 %
2026/09/20 08:29:58.759, 2, 179.46 W, 30, 120 MHz, 3996 MHz, 0 %, 0 %
2026/09/20 08:29:58.759, 3, 180.93 W, 29, 120 MHz, 3996 MHz, 0 %, 0 %
2026/09/20 08:29:58.759, 4, 181.38 W, 34, 120 MHz, 3996 MHz, 0 %, 0 %
2026/09/20 08:29:58.759, 5, 179.46 W, 32, 120 MHz, 3996 MHz, 0 %, 0 %
2026/09/20 08:29:58.759, 6, 180.17 W, 29, 120 MHz, 3996 MHz, 0 %, 0 %
2026/09/20 08:29:58.759, 7, 182.13 W, 29, 120 MHz, 3996 MHz, 0 %, 0 %
2026/09/20 08:29:59.759, 0, 181.54 W, 36, 120 MHz, 3996 MHz, 0 %, 0 %
2026/09/20 08:29:59.759, 1, 183.61 W, 37, 120 MHz, 3996 MHz, 0 %, 0 %
2026/09/20 08:29:59.759, 2, 179.46 W, 30, 120 MHz, 3996 MHz, 0 %, 0 %
2026/09/20 08:29:59.759, 3, 180.91 W, 29, 120 MHz, 3996 MHz, 0 %, 0 %
2026/09/20 08:29:59.759, 4, 181.34 W, 34, 120 MHz, 3996 MHz, 0 %, 0 %
2026/09/20 08:29:59.759, 5, 179.47 W, 32, 120 MHz, 3996 MHz, 0 %, 0 %
2026/09/20 08:29:59.759, 6, 180.17 W, 29, 120 MHz, 3996 MHz, 0 %, 0 %
2026/09/20 08:29:59.759, 7, 182.13 W, 29, 120 MHz, 3996 MHz, 0 %, 0 %
2026/09/20 08:30:00.759, 0, 181.54 W, 36, 120 MHz, 3996 MHz, 0 %, 0 %
2026/09/20 08:30:00.759, 1, 183.61 W, 37, 120 MHz, 3996 MHz, 0 %, 0 %
2026/09/20 08:30:00.759, 2, 179.46 W, 30, 120 MHz, 3996 MHz, 0 %, 0 %
2026/09/20 08:30:00.759, 3, 181.02 W, 29, 120 MHz, 3996 MHz, 0 %, 0 %
2026/09/20 08:30:00.759, 4, 181.41 W, 34, 120 MHz, 3996 MHz, 0 %, 0 %
2026/09/20 08:30:00.759, 5, 179.47 W, 32, 120 MHz, 3996 MHz, 0 %, 0 %
2026/09/20 08:30:00.759, 6, 180.17 W, 29, 120 MHz, 3996 MHz, 0 %, 0 %
2026/09/20 08:30:00.759, 7, 182.13 W, 29, 120 MHz, 3996 MHz, 0 %, 0 %
2026/09/20 08:30:01.760, 0, 181.54 W, 36, 120 MHz, 3996 MHz, 0 %, 0 %
2026/09/20 08:30:01.760, 1, 183.61 W, 37, 120 MHz, 3996 MHz, 0 %, 0 %
2026/09/20 08:30:01.760, 2, 179.47 W, 30, 120 MHz, 3996 MHz, 0 %, 0 %
2026/09/20 08:30:01.760, 3, 180.78 W, 29, 120 MHz, 3996 MHz, 0 %, 0 %
2026/09/20 08:30:01.760, 4, 181.38 W, 34, 120 MHz, 3996 MHz, 0 %, 0 %
2026/09/20 08:30:01.760, 5, 179.46 W, 32, 120 MHz, 3996 MHz, 0 %, 0 %
2026/09/20 08:30:01.760, 6, 180.17 W, 29, 120 MHz, 3996 MHz, 0 %, 0 %
2026/09/20 08:30:01.760, 7, 182.13 W, 29, 120 MHz, 3996 MHz, 0 %, 0 %
2026/09/20 08:30:02.760, 0, 181.54 W, 36, 120 MHz, 3996 MHz, 0 %, 0 %
2026/09/20 08:30:02.760, 1, 183.61 W, 37, 120 MHz, 3996 MHz, 0 %, 0 %
2026/09/20 08:30:02.760, 2, 179.47 W, 30, 120 MHz, 3996 MHz, 0 %, 0 %
2026/09/20 08:30:02.760, 3, 180.61 W, 29, 120 MHz, 3996 MHz, 0 %, 0 %
2026/09/20 08:30:02.760, 4, 181.41 W, 34, 120 MHz, 3996 MHz, 0 %, 0 %
2026/09/20 08:30:02.760, 5, 179.46 W, 32, 120 MHz, 3996 MHz, 0 %, 0 %
2026/09/20 08:30:02.760, 6, 180.13 W, 29, 120 MHz, 3996 MHz, 0 %, 0 %
2026/09/20 08:30:02.760, 7, 182.13 W, 29, 120 MHz, 3996 MHz, 0 %, 0 %
2026/09/20 08:30:03.760, 0, 181.54 W, 36, 120 MHz, 3996 MHz, 0 %, 0 %
2026/09/20 08:30:03.760, 1, 183.61 W, 37, 120 MHz, 3996 MHz, 0 %, 0 %
2026/09/20 08:30:03.760, 2, 179.47 W, 30, 120 MHz, 3996 MHz, 0 %, 0 %
2026/09/20 08:30:03.760, 3, 180.41 W, 29, 120 MHz, 3996 MHz, 0 %, 0 %
2026/09/20 08:30:03.760, 4, 181.30 W, 34, 120 MHz, 3996 MHz, 0 %, 0 %
2026/09/20 08:30:03.760, 5, 179.47 W, 32, 120 MHz, 3996 MHz, 0 %, 0 %
2026/09/20 08:30:03.760, 6, 180.17 W, 29, 120 MHz, 3996 MHz, 0 %, 0 %
2026/09/20 08:30:03.760, 7, 182.13 W, 29, 120 MHz, 3996 MHz, 0 %, 0 %
2026/09/20 08:30:04.760, 0, 181.54 W, 35, 120 MHz, 3996 MHz, 0 %, 0 %
2026/09/20 08:30:04.760, 1, 183.61 W, 37, 120 MHz, 3996 MHz, 0 %, 0 %
2026/09/20 08:30:04.760, 2, 179.47 W, 30, 120 MHz, 3996 MHz, 0 %, 0 %
2026/09/20 08:30:04.760, 3, 180.63 W, 29, 120 MHz, 3996 MHz, 0 %, 0 %
2026/09/20 08:30:04.760, 4, 181.34 W, 34, 120 MHz, 3996 MHz, 0 %, 0 %
2026/09/20 08:30:04.760, 5, 179.46 W, 32, 120 MHz, 3996 MHz, 0 %, 0 %
2026/09/20 08:30:04.760, 6, 180.17 W, 29, 120 MHz, 3996 MHz, 0 %, 0 %
2026/09/20 08:30:04.761, 7, 182.13 W, 29, 120 MHz, 3996 MHz, 0 %, 0 %
2026/09/20 08:30:05.761, 0, 181.54 W, 35, 120 MHz, 3996 MHz, 0 %, 0 %
2026/09/20 08:30:05.761, 1, 183.61 W, 37, 120 MHz, 3996 MHz, 0 %, 0 %
2026/09/20 08:30:05.761, 2, 179.47 W, 30, 120 MHz, 3996 MHz, 0 %, 0 %
2026/09/20 08:30:05.761, 3, 180.57 W, 29, 120 MHz, 3996 MHz, 0 %, 0 %
2026/09/20 08:30:05.761, 4, 181.34 W, 34, 120 MHz, 3996 MHz, 0 %, 0 %
2026/09/20 08:30:05.761, 5, 179.47 W, 32, 120 MHz, 3996 MHz, 0 %, 0 %
2026/09/20 08:30:05.761, 6, 180.17 W, 29, 120 MHz, 3996 MHz, 0 %, 0 %
2026/09/20 08:30:05.761, 7, 182.13 W, 29, 120 MHz, 3996 MHz, 0 %, 0 %
2026/09/20 08:30:06.761, 0, 181.54 W, 35, 120 MHz, 3996 MHz, 0 %, 0 %
2026/09/20 08:30:06.761, 1, 183.61 W, 37, 120 MHz, 3996 MHz, 0 %, 0 %
2026/09/20 08:30:06.761, 2, 179.46 W, 30, 120 MHz, 3996 MHz, 0 %, 0 %
2026/09/20 08:30:06.761, 3, 180.39 W, 29, 120 MHz, 3996 MHz, 0 %, 0 %
2026/09/20 08:30:06.761, 4, 181.34 W, 34, 120 MHz, 3996 MHz, 0 %, 0 %
2026/09/20 08:30:06.761, 5, 179.47 W, 32, 120 MHz, 3996 MHz, 0 %, 0 %
2026/09/20 08:30:06.761, 6, 180.13 W, 29, 120 MHz, 3996 MHz, 0 %, 0 %
2026/09/20 08:30:06.761, 7, 182.13 W, 29, 120 MHz, 3996 MHz, 0 %, 0 %
2026/09/20 08:30:07.761, 0, 181.54 W, 35, 120 MHz, 3996 MHz, 0 %, 0 %
2026/09/20 08:30:07.761, 1, 183.61 W, 37, 120 MHz, 3996 MHz, 0 %, 0 %
2026/09/20 08:30:07.761, 2, 179.47 W, 30, 120 MHz, 3996 MHz, 0 %, 0 %
2026/09/20 08:30:07.761, 3, 180.91 W, 29, 120 MHz, 3996 MHz, 0 %, 0 %
2026/09/20 08:30:07.761, 4, 181.30 W, 34, 120 MHz, 3996 MHz, 0 %, 0 %
2026/09/20 08:30:07.761, 5, 179.46 W, 32, 120 MHz, 3996 MHz, 0 %, 0 %
2026/09/20 08:30:07.761, 6, 180.17 W, 29, 120 MHz, 3996 MHz, 0 %, 0 %
2026/09/20 08:30:07.761, 7, 182.13 W, 29, 120 MHz, 3996 MHz, 0 %, 0 %
2026/09/20 08:30:08.762, 0, 181.54 W, 35, 120 MHz, 3996 MHz, 0 %, 0 %
2026/09/20 08:30:08.762, 1, 183.61 W, 37, 120 MHz, 3996 MHz, 0 %, 0 %
2026/09/20 08:30:08.762, 2, 179.46 W, 30, 120 MHz, 3996 MHz, 0 %, 0 %
2026/09/20 08:30:08.762, 3, 180.63 W, 29, 120 MHz, 3996 MHz, 0 %, 0 %
2026/09/20 08:30:08.762, 4, 181.34 W, 34, 120 MHz, 3996 MHz, 0 %, 0 %
2026/09/20 08:30:08.762, 5, 179.47 W, 32, 120 MHz, 3996 MHz, 0 %, 0 %
2026/09/20 08:30:08.762, 6, 180.17 W, 29, 120 MHz, 3996 MHz, 0 %, 0 %
2026/09/20 08:30:08.762, 7, 182.13 W, 29, 120 MHz, 3996 MHz, 0 %, 0 %
2026/09/20 08:30:09.762, 0, 181.54 W, 35, 120 MHz, 3996 MHz, 0 %, 0 %
2026/09/20 08:30:09.762, 1, 183.61 W, 37, 120 MHz, 3996 MHz, 0 %, 0 %
2026/09/20 08:30:09.762, 2, 179.46 W, 30, 120 MHz, 3996 MHz, 0 %, 0 %
2026/09/20 08:30:09.762, 3, 180.69 W, 29, 120 MHz, 3996 MHz, 0 %, 0 %
2026/09/20 08:30:09.762, 4, 181.30 W, 34, 120 MHz, 3996 MHz, 0 %, 0 %
2026/09/20 08:30:09.762, 5, 179.47 W, 32, 120 MHz, 3996 MHz, 0 %, 0 %
2026/09/20 08:30:09.762, 6, 180.17 W, 29, 120 MHz, 3996 MHz, 0 %, 0 %
2026/09/20 08:30:09.762, 7, 182.13 W, 29, 120 MHz, 3996 MHz, 0 %, 0 %
2026/09/20 08:30:10.762, 0, 181.54 W, 35, 120 MHz, 3996 MHz, 0 %, 0 %
2026/09/20 08:30:10.762, 1, 183.61 W, 37, 120 MHz, 3996 MHz, 0 %, 0 %
2026/09/20 08:30:10.762, 2, 179.46 W, 30, 120 MHz, 3996 MHz, 0 %, 0 %
2026/09/20 08:30:10.762, 3, 180.49 W, 29, 120 MHz, 3996 MHz, 0 %, 0 %
2026/09/20 08:30:10.762, 4, 181.34 W, 34, 120 MHz, 3996 MHz, 0 %, 0 %
2026/09/20 08:30:10.762, 5, 179.46 W, 32, 120 MHz, 3996 MHz, 0 %, 0 %
2026/09/20 08:30:10.762, 6, 180.17 W, 29, 120 MHz, 3996 MHz, 0 %, 0 %
2026/09/20 08:30:10.762, 7, 182.13 W, 29, 120 MHz, 3996 MHz, 0 %, 0 %
2026/09/20 08:30:11.762, 0, 181.54 W, 35, 120 MHz, 3996 MHz, 0 %, 0 %
2026/09/20 08:30:11.762, 1, 183.61 W, 37, 120 MHz, 3996 MHz, 0 %, 0 %
2026/09/20 08:30:11.762, 2, 179.47 W, 30, 120 MHz, 3996 MHz, 0 %, 0 %
2026/09/20 08:30:11.762, 3, 180.59 W, 29, 120 MHz, 3996 MHz, 0 %, 0 %
2026/09/20 08:30:11.762, 4, 181.30 W, 34, 120 MHz, 3996 MHz, 0 %, 0 %
2026/09/20 08:30:11.762, 5, 179.47 W, 32, 120 MHz, 3996 MHz, 0 %, 0 %
2026/09/20 08:30:11.762, 6, 180.17 W, 29, 120 MHz, 3996 MHz, 0 %, 0 %
2026/09/20 08:30:11.763, 7, 182.13 W, 29, 120 MHz, 3996 MHz, 0 %, 0 %
2026/09/20 08:30:12.763, 0, 181.54 W, 35, 120 MHz, 3996 MHz, 0 %, 0 %
2026/09/20 08:30:12.763, 1, 183.53 W, 36, 120 MHz, 3996 MHz, 0 %, 0 %
2026/09/20 08:30:12.763, 2, 179.46 W, 30, 120 MHz, 3996 MHz, 0 %, 0 %
2026/09/20 08:30:12.763, 3, 180.59 W, 29, 120 MHz, 3996 MHz, 0 %, 0 %
2026/09/20 08:30:12.763, 4, 181.30 W, 34, 120 MHz, 3996 MHz, 0 %, 0 %
2026/09/20 08:30:12.763, 5, 179.46 W, 32, 120 MHz, 3996 MHz, 0 %, 0 %
2026/09/20 08:30:12.763, 6, 180.17 W, 29, 120 MHz, 3996 MHz, 0 %, 0 %
2026/09/20 08:30:12.763, 7, 182.13 W, 29, 120 MHz, 3996 MHz, 0 %, 0 %
2026/09/20 08:30:13.763, 0, 181.54 W, 35, 120 MHz, 3996 MHz, 0 %, 0 %
2026/09/20 08:30:13.763, 1, 183.57 W, 36, 120 MHz, 3996 MHz, 0 %, 0 %
2026/09/20 08:30:13.763, 2, 179.47 W, 30, 120 MHz, 3996 MHz, 0 %, 0 %
2026/09/20 08:30:13.763, 3, 180.37 W, 29, 120 MHz, 3996 MHz, 0 %, 0 %
2026/09/20 08:30:13.763, 4, 181.30 W, 34, 120 MHz, 3996 MHz, 0 %, 0 %
2026/09/20 08:30:13.763, 5, 179.47 W, 32, 120 MHz, 3996 MHz, 0 %, 0 %
2026/09/20 08:30:13.763, 6, 180.17 W, 29, 120 MHz, 3996 MHz, 0 %, 0 %
2026/09/20 08:30:13.763, 7, 182.13 W, 29, 120 MHz, 3996 MHz, 0 %, 0 %
2026/09/20 08:30:14.763, 0, 181.54 W, 35, 120 MHz, 3996 MHz, 0 %, 0 %
2026/09/20 08:30:14.763, 1, 183.53 W, 36, 120 MHz, 3996 MHz, 0 %, 0 %
2026/09/20 08:30:14.763, 2, 179.46 W, 30, 120 MHz, 3996 MHz, 0 %, 0 %
2026/09/20 08:30:14.763, 3, 180.44 W, 29, 120 MHz, 3996 MHz, 0 %, 0 %
2026/09/20 08:30:14.763, 4, 181.45 W, 34, 120 MHz, 3996 MHz, 0 %, 0 %
2026/09/20 08:30:14.763, 5, 179.46 W, 32, 120 MHz, 3996 MHz, 0 %, 0 %
2026/09/20 08:30:14.763, 6, 180.17 W, 29, 120 MHz, 3996 MHz, 0 %, 0 %
2026/09/20 08:30:14.763, 7, 182.13 W, 29, 120 MHz, 3996 MHz, 0 %, 0 %
2026/09/20 08:30:15.764, 0, 181.54 W, 35, 120 MHz, 3996 MHz, 0 %, 0 %
2026/09/20 08:30:15.764, 1, 183.57 W, 36, 120 MHz, 3996 MHz, 0 %, 0 %
2026/09/20 08:30:15.764, 2, 179.46 W, 30, 120 MHz, 3996 MHz, 0 %, 0 %
2026/09/20 08:30:15.764, 3, 180.31 W, 29, 120 MHz, 3996 MHz, 0 %, 0 %
2026/09/20 08:30:15.764, 4, 181.34 W, 34, 120 MHz, 3996 MHz, 0 %, 0 %
2026/09/20 08:30:15.764, 5, 179.47 W, 32, 120 MHz, 3996 MHz, 0 %, 0 %
2026/09/20 08:30:15.764, 6, 180.17 W, 29, 120 MHz, 3996 MHz, 0 %, 0 %
2026/09/20 08:30:15.764, 7, 182.13 W, 29, 120 MHz, 3996 MHz, 0 %, 0 %
2026/09/20 08:30:16.764, 0, 181.54 W, 35, 120 MHz, 3996 MHz, 0 %, 0 %
2026/09/20 08:30:16.764, 1, 183.57 W, 36, 120 MHz, 3996 MHz, 0 %, 0 %
2026/09/20 08:30:16.764, 2, 179.47 W, 30, 120 MHz, 3996 MHz, 0 %, 0 %
2026/09/20 08:30:16.764, 3, 180.50 W, 29, 120 MHz, 3996 MHz, 0 %, 0 %
2026/09/20 08:30:16.764, 4, 181.38 W, 34, 120 MHz, 3996 MHz, 0 %, 0 %
2026/09/20 08:30:16.764, 5, 179.47 W, 32, 120 MHz, 3996 MHz, 0 %, 0 %
2026/09/20 08:30:16.764, 6, 180.17 W, 29, 120 MHz, 3996 MHz, 0 %, 0 %
2026/09/20 08:30:16.764, 7, 182.13 W, 29, 120 MHz, 3996 MHz, 0 %, 0 %
2026/09/20 08:30:17.764, 0, 181.54 W, 35, 120 MHz, 3996 MHz, 0 %, 0 %
2026/09/20 08:30:17.764, 1, 183.34 W, 36, 120 MHz, 3996 MHz, 0 %, 0 %
2026/09/20 08:30:17.764, 2, 179.47 W, 30, 120 MHz, 3996 MHz, 0 %, 0 %
2026/09/20 08:30:17.764, 3, 180.48 W, 29, 120 MHz, 3996 MHz, 0 %, 0 %
2026/09/20 08:30:17.764, 4, 181.30 W, 34, 120 MHz, 3996 MHz, 0 %, 0 %
2026/09/20 08:30:17.764, 5, 179.47 W, 32, 120 MHz, 3996 MHz, 0 %, 0 %
2026/09/20 08:30:17.764, 6, 180.17 W, 29, 120 MHz, 3996 MHz, 0 %, 0 %
2026/09/20 08:30:17.764, 7, 182.13 W, 29, 120 MHz, 3996 MHz, 0 %, 0 %
2026/09/20 08:30:18.764, 0, 181.54 W, 35, 120 MHz, 3996 MHz, 0 %, 0 %
2026/09/20 08:30:18.765, 1, 183.45 W, 36, 120 MHz, 3996 MHz, 0 %, 0 %
2026/09/20 08:30:18.765, 2, 179.46 W, 30, 120 MHz, 3996 MHz, 0 %, 0 %
2026/09/20 08:30:18.765, 3, 180.18 W, 29, 120 MHz, 3996 MHz, 0 %, 0 %
2026/09/20 08:30:18.765, 4, 181.30 W, 34, 120 MHz, 3996 MHz, 0 %, 0 %
2026/09/20 08:30:18.765, 5, 179.47 W, 32, 120 MHz, 3996 MHz, 0 %, 0 %
2026/09/20 08:30:18.765, 6, 180.17 W, 29, 120 MHz, 3996 MHz, 0 %, 0 %
2026/09/20 08:30:18.765, 7, 182.13 W, 29, 120 MHz, 3996 MHz, 0 %, 0 %
2026/09/20 08:30:19.765, 0, 181.54 W, 35, 120 MHz, 3996 MHz, 0 %, 0 %
2026/09/20 08:30:19.765, 1, 183.34 W, 36, 120 MHz, 3996 MHz, 0 %, 0 %
2026/09/20 08:30:19.765, 2, 179.47 W, 30, 120 MHz, 3996 MHz, 0 %, 0 %
2026/09/20 08:30:19.765, 3, 180.32 W, 29, 120 MHz, 3996 MHz, 0 %, 0 %
2026/09/20 08:30:19.765, 4, 181.41 W, 34, 120 MHz, 3996 MHz, 0 %, 0 %
2026/09/20 08:30:19.765, 5, 179.47 W, 32, 120 MHz, 3996 MHz, 0 %, 0 %
2026/09/20 08:30:19.765, 6, 180.17 W, 29, 120 MHz, 3996 MHz, 0 %, 0 %
2026/09/20 08:30:19.765, 7, 182.13 W, 29, 120 MHz, 3996 MHz, 0 %, 0 %
2026/09/20 08:30:20.765, 0, 181.54 W, 35, 120 MHz, 3996 MHz, 0 %, 0 %
2026/09/20 08:30:20.765, 1, 183.11 W, 36, 120 MHz, 3996 MHz, 0 %, 0 %
2026/09/20 08:30:20.765, 2, 179.47 W, 30, 120 MHz, 3996 MHz, 0 %, 0 %
2026/09/20 08:30:20.765, 3, 180.36 W, 29, 120 MHz, 3996 MHz, 0 %, 0 %
2026/09/20 08:30:20.765, 4, 181.30 W, 34, 120 MHz, 3996 MHz, 0 %, 0 %
2026/09/20 08:30:20.765, 5, 179.47 W, 32, 120 MHz, 3996 MHz, 0 %, 0 %
2026/09/20 08:30:20.765, 6, 180.17 W, 29, 120 MHz, 3996 MHz, 0 %, 0 %
2026/09/20 08:30:20.765, 7, 182.13 W, 29, 120 MHz, 3996 MHz, 0 %, 0 %
2026/09/20 08:30:21.765, 0, 181.54 W, 35, 120 MHz, 3996 MHz, 0 %, 0 %
2026/09/20 08:30:21.765, 1, 183.22 W, 36, 120 MHz, 3996 MHz, 0 %, 0 %
2026/09/20 08:30:21.765, 2, 179.45 W, 30, 120 MHz, 3996 MHz, 0 %, 0 %
2026/09/20 08:30:21.765, 3, 182.46 W, 29, 2032 MHz, 3996 MHz, 0 %, 0 %
2026/09/20 08:30:21.765, 4, 181.41 W, 34, 120 MHz, 3996 MHz, 0 %, 0 %
2026/09/20 08:30:21.765, 5, 179.46 W, 32, 120 MHz, 3996 MHz, 0 %, 0 %
2026/09/20 08:30:21.765, 6, 180.17 W, 29, 120 MHz, 3996 MHz, 0 %, 0 %
2026/09/20 08:30:21.766, 7, 182.13 W, 29, 120 MHz, 3996 MHz, 0 %, 0 %
2026/09/20 08:30:22.766, 0, 181.54 W, 35, 120 MHz, 3996 MHz, 0 %, 0 %
2026/09/20 08:30:22.766, 1, 182.84 W, 36, 120 MHz, 3996 MHz, 0 %, 0 %
2026/09/20 08:30:22.766, 2, 179.35 W, 30, 120 MHz, 3996 MHz, 0 %, 0 %
2026/09/20 08:30:22.766, 3, 229.72 W, 30, 2032 MHz, 3996 MHz, 0 %, 0 %
2026/09/20 08:30:22.766, 4, 181.34 W, 34, 120 MHz, 3996 MHz, 0 %, 0 %
2026/09/20 08:30:22.766, 5, 179.47 W, 32, 120 MHz, 3996 MHz, 0 %, 0 %
2026/09/20 08:30:22.766, 6, 180.17 W, 29, 120 MHz, 3996 MHz, 0 %, 0 %
2026/09/20 08:30:22.766, 7, 182.13 W, 29, 120 MHz, 3996 MHz, 0 %, 0 %
2026/09/20 08:30:23.766, 0, 181.54 W, 35, 120 MHz, 3996 MHz, 0 %, 0 %
2026/09/20 08:30:23.766, 1, 182.76 W, 36, 120 MHz, 3996 MHz, 0 %, 0 %
2026/09/20 08:30:23.766, 2, 179.35 W, 30, 120 MHz, 3996 MHz, 0 %, 0 %
2026/09/20 08:30:23.766, 3, 229.25 W, 30, 2032 MHz, 3996 MHz, 0 %, 0 %
2026/09/20 08:30:23.766, 4, 181.34 W, 34, 120 MHz, 3996 MHz, 0 %, 0 %
2026/09/20 08:30:23.766, 5, 179.47 W, 32, 120 MHz, 3996 MHz, 0 %, 0 %
2026/09/20 08:30:23.766, 6, 180.17 W, 29, 120 MHz, 3996 MHz, 0 %, 0 %
2026/09/20 08:30:23.766, 7, 182.13 W, 29, 120 MHz, 3996 MHz, 0 %, 0 %
2026/09/20 08:30:24.766, 0, 181.54 W, 35, 120 MHz, 3996 MHz, 0 %, 0 %
2026/09/20 08:30:24.766, 1, 182.79 W, 36, 120 MHz, 3996 MHz, 0 %, 0 %
2026/09/20 08:30:24.766, 2, 179.35 W, 30, 120 MHz, 3996 MHz, 0 %, 0 %
2026/09/20 08:30:24.766, 3, 229.47 W, 30, 2032 MHz, 3996 MHz, 0 %, 0 %
2026/09/20 08:30:24.766, 4, 181.34 W, 34, 120 MHz, 3996 MHz, 0 %, 0 %
2026/09/20 08:30:24.766, 5, 179.46 W, 32, 120 MHz, 3996 MHz, 0 %, 0 %
2026/09/20 08:30:24.766, 6, 180.13 W, 29, 120 MHz, 3996 MHz, 0 %, 0 %
2026/09/20 08:30:24.766, 7, 182.13 W, 29, 120 MHz, 3996 MHz, 0 %, 0 %
2026/09/20 08:30:25.766, 0, 181.54 W, 35, 120 MHz, 3996 MHz, 0 %, 0 %
2026/09/20 08:30:25.766, 1, 183.02 W, 36, 120 MHz, 3996 MHz, 0 %, 0 %
2026/09/20 08:30:25.766, 2, 179.35 W, 30, 120 MHz, 3996 MHz, 0 %, 0 %
2026/09/20 08:30:25.766, 3, 229.86 W, 30, 2032 MHz, 3996 MHz, 0 %, 0 %
2026/09/20 08:30:25.766, 4, 181.41 W, 34, 120 MHz, 3996 MHz, 0 %, 0 %
2026/09/20 08:30:25.767, 5, 179.46 W, 32, 120 MHz, 3996 MHz, 0 %, 0 %
2026/09/20 08:30:25.767, 6, 180.17 W, 29, 120 MHz, 3996 MHz, 0 %, 0 %
2026/09/20 08:30:25.767, 7, 182.13 W, 29, 120 MHz, 3996 MHz, 0 %, 0 %
2026/09/20 08:30:26.767, 0, 181.54 W, 35, 120 MHz, 3996 MHz, 0 %, 0 %
2026/09/20 08:30:26.767, 1, 182.94 W, 36, 120 MHz, 3996 MHz, 0 %, 0 %
2026/09/20 08:30:26.767, 2, 179.35 W, 30, 120 MHz, 3996 MHz, 0 %, 0 %
2026/09/20 08:30:26.767, 3, 229.86 W, 30, 2032 MHz, 3996 MHz, 0 %, 0 %
2026/09/20 08:30:26.767, 4, 181.38 W, 34, 120 MHz, 3996 MHz, 0 %, 0 %
2026/09/20 08:30:26.767, 5, 179.47 W, 32, 120 MHz, 3996 MHz, 0 %, 0 %
2026/09/20 08:30:26.767, 6, 180.17 W, 29, 120 MHz, 3996 MHz, 0 %, 0 %
2026/09/20 08:30:26.767, 7, 182.13 W, 29, 120 MHz, 3996 MHz, 0 %, 0 %
2026/09/20 08:30:27.767, 0, 181.54 W, 35, 120 MHz, 3996 MHz, 0 %, 0 %
2026/09/20 08:30:27.767, 1, 182.65 W, 36, 120 MHz, 3996 MHz, 0 %, 0 %
2026/09/20 08:30:27.767, 2, 179.35 W, 30, 120 MHz, 3996 MHz, 0 %, 0 %
2026/09/20 08:30:27.767, 3, 229.88 W, 30, 2032 MHz, 3996 MHz, 0 %, 0 %
2026/09/20 08:30:27.767, 4, 181.34 W, 34, 120 MHz, 3996 MHz, 0 %, 0 %
2026/09/20 08:30:27.767, 5, 179.47 W, 32, 120 MHz, 3996 MHz, 0 %, 0 %
2026/09/20 08:30:27.767, 6, 180.17 W, 29, 120 MHz, 3996 MHz, 0 %, 0 %
2026/09/20 08:30:27.767, 7, 182.13 W, 29, 120 MHz, 3996 MHz, 0 %, 0 %
2026/09/20 08:30:28.767, 0, 181.54 W, 35, 120 MHz, 3996 MHz, 0 %, 0 %
2026/09/20 08:30:28.767, 1, 182.88 W, 36, 120 MHz, 3996 MHz, 0 %, 0 %
2026/09/20 08:30:28.767, 2, 179.35 W, 30, 120 MHz, 3996 MHz, 0 %, 0 %
2026/09/20 08:30:28.767, 3, 229.88 W, 30, 2032 MHz, 3996 MHz, 0 %, 0 %
2026/09/20 08:30:28.767, 4, 181.38 W, 34, 120 MHz, 3996 MHz, 0 %, 0 %
2026/09/20 08:30:28.767, 5, 179.47 W, 32, 120 MHz, 3996 MHz, 0 %, 0 %
2026/09/20 08:30:28.767, 6, 180.17 W, 29, 120 MHz, 3996 MHz, 0 %, 0 %
2026/09/20 08:30:28.767, 7, 182.13 W, 29, 120 MHz, 3996 MHz, 0 %, 0 %
2026/09/20 08:30:29.768, 0, 181.54 W, 35, 120 MHz, 3996 MHz, 0 %, 0 %
2026/09/20 08:30:29.768, 1, 182.95 W, 36, 120 MHz, 3996 MHz, 0 %, 0 %
2026/09/20 08:30:29.768, 2, 214.68 W, 30, 2032 MHz, 3996 MHz, 0 %, 0 %
2026/09/20 08:30:29.768, 3, 229.76 W, 30, 2032 MHz, 3996 MHz, 0 %, 0 %
2026/09/20 08:30:29.768, 4, 181.34 W, 34, 120 MHz, 3996 MHz, 0 %, 0 %
2026/09/20 08:30:29.768, 5, 179.47 W, 32, 120 MHz, 3996 MHz, 0 %, 0 %
2026/09/20 08:30:29.768, 6, 180.17 W, 29, 120 MHz, 3996 MHz, 0 %, 0 %
2026/09/20 08:30:29.768, 7, 182.13 W, 29, 120 MHz, 3996 MHz, 0 %, 0 %
2026/09/20 08:30:30.768, 0, 181.54 W, 35, 120 MHz, 3996 MHz, 0 %, 0 %
2026/09/20 08:30:30.768, 1, 182.68 W, 36, 120 MHz, 3996 MHz, 0 %, 0 %
2026/09/20 08:30:30.768, 2, 225.98 W, 31, 2032 MHz, 3996 MHz, 0 %, 0 %
2026/09/20 08:30:30.768, 3, 229.73 W, 30, 2032 MHz, 3996 MHz, 0 %, 0 %
2026/09/20 08:30:30.768, 4, 181.38 W, 34, 120 MHz, 3996 MHz, 0 %, 0 %
2026/09/20 08:30:30.768, 5, 179.47 W, 32, 120 MHz, 3996 MHz, 0 %, 0 %
2026/09/20 08:30:30.768, 6, 180.17 W, 29, 120 MHz, 3996 MHz, 0 %, 0 %
2026/09/20 08:30:30.768, 7, 182.13 W, 29, 120 MHz, 3996 MHz, 0 %, 0 %
2026/09/20 08:30:31.768, 0, 181.54 W, 35, 120 MHz, 3996 MHz, 0 %, 0 %
2026/09/20 08:30:31.768, 1, 182.56 W, 36, 120 MHz, 3996 MHz, 0 %, 0 %
2026/09/20 08:30:31.768, 2, 225.98 W, 31, 2032 MHz, 3996 MHz, 0 %, 0 %
2026/09/20 08:30:31.768, 3, 229.73 W, 30, 2032 MHz, 3996 MHz, 0 %, 0 %
2026/09/20 08:30:31.768, 4, 181.38 W, 34, 120 MHz, 3996 MHz, 0 %, 0 %
2026/09/20 08:30:31.768, 5, 179.47 W, 32, 120 MHz, 3996 MHz, 0 %, 0 %
2026/09/20 08:30:31.768, 6, 180.17 W, 29, 120 MHz, 3996 MHz, 0 %, 0 %
2026/09/20 08:30:31.768, 7, 182.13 W, 29, 120 MHz, 3996 MHz, 0 %, 0 %
2026/09/20 08:30:32.768, 0, 181.48 W, 35, 120 MHz, 3996 MHz, 0 %, 0 %
2026/09/20 08:30:32.768, 1, 207.71 W, 37, 2032 MHz, 3996 MHz, 0 %, 0 %
2026/09/20 08:30:32.768, 2, 225.99 W, 31, 2032 MHz, 3996 MHz, 0 %, 0 %
2026/09/20 08:30:32.768, 3, 229.80 W, 30, 2032 MHz, 3996 MHz, 0 %, 0 %
2026/09/20 08:30:32.768, 4, 181.38 W, 34, 120 MHz, 3996 MHz, 0 %, 0 %
2026/09/20 08:30:32.769, 5, 179.47 W, 32, 120 MHz, 3996 MHz, 0 %, 0 %
2026/09/20 08:30:32.769, 6, 180.17 W, 29, 120 MHz, 3996 MHz, 0 %, 0 %
2026/09/20 08:30:32.769, 7, 182.13 W, 29, 120 MHz, 3996 MHz, 0 %, 0 %
2026/09/20 08:30:33.769, 0, 181.42 W, 35, 120 MHz, 3996 MHz, 0 %, 0 %
2026/09/20 08:30:33.769, 1, 234.12 W, 37, 2032 MHz, 3996 MHz, 0 %, 0 %
2026/09/20 08:30:33.769, 2, 225.98 W, 31, 2032 MHz, 3996 MHz, 0 %, 0 %
2026/09/20 08:30:33.769, 3, 229.72 W, 31, 2032 MHz, 3996 MHz, 0 %, 0 %
2026/09/20 08:30:33.769, 4, 181.37 W, 34, 120 MHz, 3996 MHz, 0 %, 0 %
2026/09/20 08:30:33.769, 5, 179.46 W, 32, 120 MHz, 3996 MHz, 0 %, 0 %
2026/09/20 08:30:33.769, 6, 180.17 W, 29, 120 MHz, 3996 MHz, 0 %, 0 %
2026/09/20 08:30:33.769, 7, 182.13 W, 29, 120 MHz, 3996 MHz, 0 %, 0 %
2026/09/20 08:30:34.769, 0, 181.42 W, 35, 120 MHz, 3996 MHz, 0 %, 0 %
2026/09/20 08:30:34.769, 1, 234.16 W, 37, 2032 MHz, 3996 MHz, 0 %, 0 %
2026/09/20 08:30:34.769, 2, 225.99 W, 31, 2032 MHz, 3996 MHz, 0 %, 0 %
2026/09/20 08:30:34.769, 3, 229.76 W, 31, 2032 MHz, 3996 MHz, 0 %, 0 %
2026/09/20 08:30:34.769, 4, 181.34 W, 34, 120 MHz, 3996 MHz, 0 %, 0 %
2026/09/20 08:30:34.769, 5, 179.47 W, 32, 120 MHz, 3996 MHz, 0 %, 0 %
2026/09/20 08:30:34.769, 6, 180.17 W, 29, 120 MHz, 3996 MHz, 0 %, 0 %
2026/09/20 08:30:34.769, 7, 182.13 W, 29, 120 MHz, 3996 MHz, 0 %, 0 %
2026/09/20 08:30:35.769, 0, 181.42 W, 35, 120 MHz, 3996 MHz, 0 %, 0 %
2026/09/20 08:30:35.769, 1, 234.09 W, 37, 2032 MHz, 3996 MHz, 0 %, 0 %
2026/09/20 08:30:35.769, 2, 225.99 W, 31, 2032 MHz, 3996 MHz, 0 %, 0 %
2026/09/20 08:30:35.769, 3, 229.75 W, 31, 2032 MHz, 3996 MHz, 0 %, 0 %
2026/09/20 08:30:35.769, 4, 181.30 W, 34, 120 MHz, 3996 MHz, 0 %, 0 %
2026/09/20 08:30:35.769, 5, 179.47 W, 32, 120 MHz, 3996 MHz, 0 %, 0 %
2026/09/20 08:30:35.769, 6, 180.17 W, 29, 120 MHz, 3996 MHz, 0 %, 0 %
2026/09/20 08:30:35.769, 7, 182.13 W, 29, 120 MHz, 3996 MHz, 0 %, 0 %
2026/09/20 08:30:36.769, 0, 181.42 W, 35, 120 MHz, 3996 MHz, 0 %, 0 %
2026/09/20 08:30:36.769, 1, 234.09 W, 37, 2032 MHz, 3996 MHz, 0 %, 0 %
2026/09/20 08:30:36.770, 2, 225.97 W, 31, 2032 MHz, 3996 MHz, 0 %, 0 %
2026/09/20 08:30:36.770, 3, 229.87 W, 31, 2032 MHz, 3996 MHz, 0 %, 0 %
2026/09/20 08:30:36.770, 4, 181.34 W, 34, 120 MHz, 3996 MHz, 0 %, 0 %
2026/09/20 08:30:36.770, 5, 179.46 W, 32, 120 MHz, 3996 MHz, 0 %, 0 %
2026/09/20 08:30:36.770, 6, 180.17 W, 29, 120 MHz, 3996 MHz, 0 %, 0 %
2026/09/20 08:30:36.770, 7, 182.13 W, 29, 120 MHz, 3996 MHz, 0 %, 0 %
2026/09/20 08:30:37.770, 0, 225.65 W, 36, 2032 MHz, 3996 MHz, 0 %, 0 %
2026/09/20 08:30:37.770, 1, 234.70 W, 37, 2032 MHz, 3996 MHz, 0 %, 0 %
2026/09/20 08:30:37.770, 2, 225.98 W, 31, 2032 MHz, 3996 MHz, 0 %, 0 %
2026/09/20 08:30:37.770, 3, 229.80 W, 31, 2032 MHz, 3996 MHz, 0 %, 0 %
2026/09/20 08:30:37.770, 4, 181.53 W, 34, 120 MHz, 3996 MHz, 0 %, 0 %
2026/09/20 08:30:37.770, 5, 179.47 W, 32, 120 MHz, 3996 MHz, 0 %, 0 %
2026/09/20 08:30:37.770, 6, 180.17 W, 29, 120 MHz, 3996 MHz, 0 %, 0 %
2026/09/20 08:30:37.770, 7, 182.13 W, 29, 120 MHz, 3996 MHz, 0 %, 0 %
2026/09/20 08:30:38.770, 0, 231.98 W, 36, 2032 MHz, 3996 MHz, 0 %, 0 %
2026/09/20 08:30:38.770, 1, 234.81 W, 37, 2032 MHz, 3996 MHz, 0 %, 0 %
2026/09/20 08:30:38.770, 2, 225.98 W, 31, 2032 MHz, 3996 MHz, 0 %, 0 %
2026/09/20 08:30:38.770, 3, 229.76 W, 31, 2032 MHz, 3996 MHz, 0 %, 0 %
2026/09/20 08:30:38.770, 4, 181.57 W, 34, 120 MHz, 3996 MHz, 0 %, 0 %
2026/09/20 08:30:38.770, 5, 179.47 W, 32, 120 MHz, 3996 MHz, 0 %, 0 %
2026/09/20 08:30:38.770, 6, 180.17 W, 29, 120 MHz, 3996 MHz, 0 %, 0 %
2026/09/20 08:30:38.770, 7, 182.13 W, 29, 120 MHz, 3996 MHz, 0 %, 0 %
2026/09/20 08:30:39.770, 0, 231.98 W, 36, 2032 MHz, 3996 MHz, 0 %, 0 %
2026/09/20 08:30:39.770, 1, 234.63 W, 37, 2032 MHz, 3996 MHz, 0 %, 0 %
2026/09/20 08:30:39.770, 2, 225.98 W, 31, 2032 MHz, 3996 MHz, 0 %, 0 %
2026/09/20 08:30:39.770, 3, 229.98 W, 31, 2032 MHz, 3996 MHz, 0 %, 0 %
2026/09/20 08:30:39.770, 4, 181.37 W, 34, 120 MHz, 3996 MHz, 0 %, 0 %
2026/09/20 08:30:39.770, 5, 179.46 W, 32, 120 MHz, 3996 MHz, 0 %, 0 %
2026/09/20 08:30:39.770, 6, 180.17 W, 29, 120 MHz, 3996 MHz, 0 %, 0 %
2026/09/20 08:30:39.771, 7, 182.13 W, 29, 120 MHz, 3996 MHz, 0 %, 0 %
2026/09/20 08:30:40.771, 0, 231.98 W, 36, 2032 MHz, 3996 MHz, 0 %, 0 %
2026/09/20 08:30:40.771, 1, 234.51 W, 37, 2032 MHz, 3996 MHz, 0 %, 0 %
2026/09/20 08:30:40.771, 2, 225.98 W, 31, 2032 MHz, 3996 MHz, 0 %, 0 %
2026/09/20 08:30:40.771, 3, 229.78 W, 31, 2032 MHz, 3996 MHz, 0 %, 0 %
2026/09/20 08:30:40.771, 4, 181.49 W, 34, 120 MHz, 3996 MHz, 0 %, 0 %
2026/09/20 08:30:40.771, 5, 179.46 W, 32, 120 MHz, 3996 MHz, 0 %, 0 %
2026/09/20 08:30:40.771, 6, 180.17 W, 29, 120 MHz, 3996 MHz, 0 %, 0 %
2026/09/20 08:30:40.771, 7, 182.13 W, 29, 120 MHz, 3996 MHz, 0 %, 0 %
2026/09/20 08:30:41.771, 0, 231.98 W, 36, 2032 MHz, 3996 MHz, 0 %, 0 %
2026/09/20 08:30:41.771, 1, 234.05 W, 37, 2032 MHz, 3996 MHz, 0 %, 0 %
2026/09/20 08:30:41.771, 2, 225.97 W, 31, 2032 MHz, 3996 MHz, 0 %, 0 %
2026/09/20 08:30:41.771, 3, 229.76 W, 31, 2032 MHz, 3996 MHz, 0 %, 0 %
2026/09/20 08:30:41.771, 4, 181.34 W, 34, 120 MHz, 3996 MHz, 0 %, 0 %
2026/09/20 08:30:41.771, 5, 179.46 W, 32, 120 MHz, 3996 MHz, 0 %, 0 %
2026/09/20 08:30:41.771, 6, 180.17 W, 29, 120 MHz, 3996 MHz, 0 %, 0 %
2026/09/20 08:30:41.771, 7, 182.13 W, 29, 120 MHz, 3996 MHz, 0 %, 0 %
2026/09/20 08:30:42.771, 0, 231.98 W, 36, 2032 MHz, 3996 MHz, 0 %, 0 %
2026/09/20 08:30:42.771, 1, 234.95 W, 37, 2032 MHz, 3996 MHz, 0 %, 0 %
2026/09/20 08:30:42.771, 2, 226.02 W, 31, 2032 MHz, 3996 MHz, 0 %, 0 %
2026/09/20 08:30:42.771, 3, 229.81 W, 31, 2032 MHz, 3996 MHz, 0 %, 0 %
2026/09/20 08:30:42.771, 4, 181.57 W, 34, 120 MHz, 3996 MHz, 0 %, 0 %
2026/09/20 08:30:42.771, 5, 179.47 W, 32, 120 MHz, 3996 MHz, 0 %, 0 %
2026/09/20 08:30:42.771, 6, 180.17 W, 29, 120 MHz, 3996 MHz, 0 %, 0 %
2026/09/20 08:30:42.771, 7, 182.13 W, 29, 120 MHz, 3996 MHz, 0 %, 0 %
2026/09/20 08:30:43.771, 0, 232.04 W, 36, 2032 MHz, 3996 MHz, 0 %, 0 %
2026/09/20 08:30:43.771, 1, 234.62 W, 37, 2032 MHz, 3996 MHz, 0 %, 0 %
2026/09/20 08:30:43.771, 2, 226.05 W, 31, 2032 MHz, 3996 MHz, 0 %, 0 %
2026/09/20 08:30:43.771, 3, 229.79 W, 31, 2032 MHz, 3996 MHz, 0 %, 0 %
2026/09/20 08:30:43.771, 4, 181.53 W, 34, 120 MHz, 3996 MHz, 0 %, 0 %
2026/09/20 08:30:43.771, 5, 179.47 W, 32, 120 MHz, 3996 MHz, 0 %, 0 %
2026/09/20 08:30:43.772, 6, 180.17 W, 29, 120 MHz, 3996 MHz, 0 %, 0 %
2026/09/20 08:30:43.772, 7, 182.13 W, 29, 120 MHz, 3996 MHz, 0 %, 0 %
2026/09/20 08:30:44.772, 0, 231.98 W, 36, 2032 MHz, 3996 MHz, 0 %, 0 %
2026/09/20 08:30:44.772, 1, 233.97 W, 37, 2032 MHz, 3996 MHz, 0 %, 0 %
2026/09/20 08:30:44.772, 2, 225.98 W, 31, 2032 MHz, 3996 MHz, 0 %, 0 %
2026/09/20 08:30:44.772, 3, 229.68 W, 31, 2032 MHz, 3996 MHz, 0 %, 0 %
2026/09/20 08:30:44.772, 4, 181.37 W, 34, 120 MHz, 3996 MHz, 0 %, 0 %
2026/09/20 08:30:44.772, 5, 179.46 W, 32, 120 MHz, 3996 MHz, 0 %, 0 %
2026/09/20 08:30:44.772, 6, 180.17 W, 29, 120 MHz, 3996 MHz, 0 %, 0 %
2026/09/20 08:30:44.772, 7, 182.13 W, 29, 120 MHz, 3996 MHz, 0 %, 0 %
2026/09/20 08:30:45.772, 0, 231.98 W, 36, 2032 MHz, 3996 MHz, 0 %, 0 %
2026/09/20 08:30:45.772, 1, 233.97 W, 37, 2032 MHz, 3996 MHz, 0 %, 0 %
2026/09/20 08:30:45.772, 2, 225.98 W, 31, 2032 MHz, 3996 MHz, 0 %, 0 %
2026/09/20 08:30:45.772, 3, 229.71 W, 31, 2032 MHz, 3996 MHz, 0 %, 0 %
2026/09/20 08:30:45.772, 4, 181.61 W, 34, 120 MHz, 3996 MHz, 0 %, 0 %
2026/09/20 08:30:45.772, 5, 179.47 W, 32, 120 MHz, 3996 MHz, 0 %, 0 %
2026/09/20 08:30:45.772, 6, 180.17 W, 29, 120 MHz, 3996 MHz, 0 %, 0 %
2026/09/20 08:30:45.772, 7, 182.13 W, 29, 120 MHz, 3996 MHz, 0 %, 0 %
2026/09/20 08:30:46.772, 0, 231.98 W, 36, 2032 MHz, 3996 MHz, 0 %, 0 %
2026/09/20 08:30:46.772, 1, 233.97 W, 37, 2032 MHz, 3996 MHz, 0 %, 0 %
2026/09/20 08:30:46.772, 2, 226.06 W, 31, 2032 MHz, 3996 MHz, 22 %, 0 %
2026/09/20 08:30:46.772, 3, 229.70 W, 31, 2032 MHz, 3996 MHz, 0 %, 0 %
2026/09/20 08:30:46.772, 4, 181.37 W, 34, 120 MHz, 3996 MHz, 0 %, 0 %
2026/09/20 08:30:46.772, 5, 179.47 W, 32, 120 MHz, 3996 MHz, 0 %, 0 %
2026/09/20 08:30:46.772, 6, 180.17 W, 29, 120 MHz, 3996 MHz, 0 %, 0 %
2026/09/20 08:30:46.772, 7, 182.13 W, 29, 120 MHz, 3996 MHz, 0 %, 0 %
2026/09/20 08:30:47.772, 0, 231.98 W, 36, 2032 MHz, 3996 MHz, 0 %, 0 %
2026/09/20 08:30:47.773, 1, 233.97 W, 37, 2032 MHz, 3996 MHz, 0 %, 0 %
2026/09/20 08:30:47.773, 2, 226.32 W, 31, 2032 MHz, 3996 MHz, 0 %, 0 %
2026/09/20 08:30:47.773, 3, 229.68 W, 31, 2032 MHz, 3996 MHz, 0 %, 0 %
2026/09/20 08:30:47.773, 4, 181.49 W, 34, 120 MHz, 3996 MHz, 0 %, 0 %
2026/09/20 08:30:47.773, 5, 179.47 W, 32, 120 MHz, 3996 MHz, 0 %, 0 %
2026/09/20 08:30:47.773, 6, 180.17 W, 29, 120 MHz, 3996 MHz, 0 %, 0 %
2026/09/20 08:30:47.773, 7, 182.13 W, 29, 120 MHz, 3996 MHz, 0 %, 0 %
2026/09/20 08:30:48.773, 0, 231.98 W, 36, 2032 MHz, 3996 MHz, 17 %, 0 %
2026/09/20 08:30:48.773, 1, 234.66 W, 37, 2032 MHz, 3996 MHz, 9 %, 0 %
2026/09/20 08:30:48.773, 2, 225.99 W, 31, 2032 MHz, 3996 MHz, 0 %, 0 %
2026/09/20 08:30:48.773, 3, 229.74 W, 31, 2032 MHz, 3996 MHz, 17 %, 0 %
2026/09/20 08:30:48.773, 4, 181.53 W, 34, 120 MHz, 3996 MHz, 0 %, 0 %
2026/09/20 08:30:48.773, 5, 179.46 W, 32, 120 MHz, 3996 MHz, 0 %, 0 %
2026/09/20 08:30:48.773, 6, 180.17 W, 29, 120 MHz, 3996 MHz, 0 %, 0 %
2026/09/20 08:30:48.773, 7, 182.13 W, 29, 120 MHz, 3996 MHz, 0 %, 0 %
2026/09/20 08:30:49.773, 0, 232.24 W, 36, 2032 MHz, 3996 MHz, 0 %, 0 %
2026/09/20 08:30:49.773, 1, 235.08 W, 37, 2032 MHz, 3996 MHz, 0 %, 0 %
2026/09/20 08:30:49.773, 2, 226.06 W, 31, 2032 MHz, 3996 MHz, 0 %, 0 %
2026/09/20 08:30:49.773, 3, 230.49 W, 31, 2032 MHz, 3996 MHz, 0 %, 0 %
2026/09/20 08:30:49.773, 4, 181.49 W, 34, 120 MHz, 3996 MHz, 0 %, 0 %
2026/09/20 08:30:49.773, 5, 179.47 W, 32, 120 MHz, 3996 MHz, 0 %, 0 %
2026/09/20 08:30:49.773, 6, 180.17 W, 29, 120 MHz, 3996 MHz, 0 %, 0 %
2026/09/20 08:30:49.773, 7, 182.13 W, 29, 120 MHz, 3996 MHz, 0 %, 0 %
2026/09/20 08:30:50.773, 0, 231.97 W, 36, 2032 MHz, 3996 MHz, 0 %, 0 %
2026/09/20 08:30:50.773, 1, 234.56 W, 37, 2032 MHz, 3996 MHz, 0 %, 0 %
2026/09/20 08:30:50.773, 2, 227.08 W, 31, 2032 MHz, 3996 MHz, 0 %, 0 %
2026/09/20 08:30:50.773, 3, 230.71 W, 31, 2032 MHz, 3996 MHz, 0 %, 0 %
2026/09/20 08:30:50.773, 4, 181.34 W, 34, 120 MHz, 3996 MHz, 0 %, 0 %
2026/09/20 08:30:50.773, 5, 179.47 W, 32, 120 MHz, 3996 MHz, 0 %, 0 %
2026/09/20 08:30:50.773, 6, 180.17 W, 29, 120 MHz, 3996 MHz, 0 %, 0 %
2026/09/20 08:30:50.774, 7, 182.13 W, 29, 120 MHz, 3996 MHz, 0 %, 0 %
2026/09/20 08:30:51.774, 0, 231.97 W, 36, 2032 MHz, 3996 MHz, 0 %, 0 %
2026/09/20 08:30:51.774, 1, 235.46 W, 37, 2032 MHz, 3996 MHz, 12 %, 0 %
2026/09/20 08:30:51.774, 2, 226.61 W, 31, 2032 MHz, 3996 MHz, 1 %, 0 %
2026/09/20 08:30:51.774, 3, 230.57 W, 31, 2032 MHz, 3996 MHz, 0 %, 0 %
2026/09/20 08:30:51.774, 4, 181.57 W, 34, 120 MHz, 3996 MHz, 0 %, 0 %
2026/09/20 08:30:51.774, 5, 179.47 W, 32, 120 MHz, 3996 MHz, 0 %, 0 %
2026/09/20 08:30:51.774, 6, 180.17 W, 29, 120 MHz, 3996 MHz, 0 %, 0 %
2026/09/20 08:30:51.774, 7, 182.13 W, 29, 120 MHz, 3996 MHz, 0 %, 0 %
2026/09/20 08:30:52.774, 0, 231.96 W, 36, 2032 MHz, 3996 MHz, 0 %, 0 %
2026/09/20 08:30:52.774, 1, 235.69 W, 37, 2032 MHz, 3996 MHz, 0 %, 0 %
2026/09/20 08:30:52.774, 2, 227.01 W, 31, 2032 MHz, 3996 MHz, 0 %, 0 %
2026/09/20 08:30:52.774, 3, 230.46 W, 31, 2032 MHz, 3996 MHz, 0 %, 0 %
2026/09/20 08:30:52.774, 4, 181.41 W, 34, 120 MHz, 3996 MHz, 0 %, 0 %
2026/09/20 08:30:52.774, 5, 179.46 W, 32, 120 MHz, 3996 MHz, 0 %, 0 %
2026/09/20 08:30:52.774, 6, 180.17 W, 29, 120 MHz, 3996 MHz, 0 %, 0 %
2026/09/20 08:30:52.774, 7, 182.13 W, 29, 120 MHz, 3996 MHz, 0 %, 0 %
2026/09/20 08:30:53.774, 0, 233.06 W, 36, 2032 MHz, 3996 MHz, 11 %, 0 %
2026/09/20 08:30:53.774, 1, 235.57 W, 37, 2032 MHz, 3996 MHz, 4 %, 0 %
2026/09/20 08:30:53.774, 2, 226.22 W, 31, 2032 MHz, 3996 MHz, 0 %, 0 %
2026/09/20 08:30:53.774, 3, 230.99 W, 31, 2032 MHz, 3996 MHz, 12 %, 0 %
2026/09/20 08:30:53.774, 4, 181.57 W, 34, 120 MHz, 3996 MHz, 0 %, 0 %
2026/09/20 08:30:53.774, 5, 179.47 W, 32, 120 MHz, 3996 MHz, 0 %, 0 %
2026/09/20 08:30:53.774, 6, 180.17 W, 29, 120 MHz, 3996 MHz, 0 %, 0 %
2026/09/20 08:30:53.774, 7, 182.13 W, 29, 120 MHz, 3996 MHz, 0 %, 0 %
2026/09/20 08:30:54.774, 0, 232.66 W, 36, 2032 MHz, 3996 MHz, 0 %, 0 %
2026/09/20 08:30:54.774, 1, 234.89 W, 37, 2032 MHz, 3996 MHz, 0 %, 0 %
2026/09/20 08:30:54.774, 2, 226.10 W, 31, 2032 MHz, 3996 MHz, 1 %, 0 %
2026/09/20 08:30:54.774, 3, 231.26 W, 31, 2032 MHz, 3996 MHz, 7 %, 0 %
2026/09/20 08:30:54.774, 4, 181.49 W, 34, 120 MHz, 3996 MHz, 0 %, 0 %
2026/09/20 08:30:54.774, 5, 179.47 W, 32, 120 MHz, 3996 MHz, 0 %, 0 %
2026/09/20 08:30:54.775, 6, 180.17 W, 29, 120 MHz, 3996 MHz, 0 %, 0 %
2026/09/20 08:30:54.775, 7, 182.13 W, 29, 120 MHz, 3996 MHz, 0 %, 0 %
2026/09/20 08:30:55.775, 0, 232.18 W, 36, 2032 MHz, 3996 MHz, 7 %, 0 %
2026/09/20 08:30:55.775, 1, 235.73 W, 37, 2032 MHz, 3996 MHz, 3 %, 0 %
2026/09/20 08:30:55.775, 2, 226.14 W, 31, 2032 MHz, 3996 MHz, 0 %, 0 %
2026/09/20 08:30:55.775, 3, 231.48 W, 31, 2032 MHz, 3996 MHz, 5 %, 0 %
2026/09/20 08:30:55.775, 4, 181.72 W, 34, 120 MHz, 3996 MHz, 0 %, 0 %
2026/09/20 08:30:55.775, 5, 179.46 W, 32, 120 MHz, 3996 MHz, 0 %, 0 %
2026/09/20 08:30:55.775, 6, 180.17 W, 29, 120 MHz, 3996 MHz, 0 %, 0 %
2026/09/20 08:30:55.775, 7, 182.13 W, 29, 120 MHz, 3996 MHz, 0 %, 0 %
2026/09/20 08:30:56.775, 0, 232.54 W, 36, 2032 MHz, 3996 MHz, 8 %, 0 %
2026/09/20 08:30:56.775, 1, 235.14 W, 37, 2032 MHz, 3996 MHz, 11 %, 0 %
2026/09/20 08:30:56.775, 2, 226.09 W, 31, 2032 MHz, 3996 MHz, 1 %, 0 %
2026/09/20 08:30:56.775, 3, 231.34 W, 31, 2032 MHz, 3996 MHz, 0 %, 0 %
2026/09/20 08:30:56.775, 4, 181.45 W, 34, 120 MHz, 3996 MHz, 0 %, 0 %
2026/09/20 08:30:56.775, 5, 179.47 W, 32, 120 MHz, 3996 MHz, 0 %, 0 %
2026/09/20 08:30:56.775, 6, 180.17 W, 29, 120 MHz, 3996 MHz, 0 %, 0 %
2026/09/20 08:30:56.775, 7, 182.13 W, 29, 120 MHz, 3996 MHz, 0 %, 0 %
2026/09/20 08:30:57.775, 0, 232.04 W, 36, 2032 MHz, 3996 MHz, 1 %, 0 %
2026/09/20 08:30:57.775, 1, 235.88 W, 37, 2032 MHz, 3996 MHz, 8 %, 0 %
2026/09/20 08:30:57.775, 2, 226.90 W, 31, 2032 MHz, 3996 MHz, 4 %, 0 %
2026/09/20 08:30:57.775, 3, 230.27 W, 31, 2032 MHz, 3996 MHz, 0 %, 0 %
2026/09/20 08:30:57.775, 4, 181.45 W, 34, 120 MHz, 3996 MHz, 0 %, 0 %
2026/09/20 08:30:57.775, 5, 179.46 W, 32, 120 MHz, 3996 MHz, 0 %, 0 %
2026/09/20 08:30:57.775, 6, 180.17 W, 29, 120 MHz, 3996 MHz, 0 %, 0 %
2026/09/20 08:30:57.775, 7, 182.13 W, 29, 120 MHz, 3996 MHz, 0 %, 0 %
2026/09/20 08:30:58.775, 0, 232.04 W, 36, 2032 MHz, 3996 MHz, 0 %, 0 %
2026/09/20 08:30:58.776, 1, 235.92 W, 37, 2032 MHz, 3996 MHz, 3 %, 0 %
2026/09/20 08:30:58.776, 2, 227.47 W, 31, 2032 MHz, 3996 MHz, 10 %, 0 %
2026/09/20 08:30:58.776, 3, 231.21 W, 31, 2032 MHz, 3996 MHz, 0 %, 0 %
2026/09/20 08:30:58.776, 4, 181.49 W, 34, 120 MHz, 3996 MHz, 0 %, 0 %
2026/09/20 08:30:58.776, 5, 179.47 W, 32, 120 MHz, 3996 MHz, 0 %, 0 %
2026/09/20 08:30:58.776, 6, 180.17 W, 29, 120 MHz, 3996 MHz, 0 %, 0 %
2026/09/20 08:30:58.776, 7, 182.13 W, 29, 120 MHz, 3996 MHz, 0 %, 0 %
2026/09/20 08:30:59.776, 0, 231.93 W, 36, 2032 MHz, 3996 MHz, 2 %, 0 %
2026/09/20 08:30:59.776, 1, 235.84 W, 38, 2032 MHz, 3996 MHz, 10 %, 0 %
2026/09/20 08:30:59.776, 2, 226.71 W, 31, 2032 MHz, 3996 MHz, 3 %, 0 %
2026/09/20 08:30:59.776, 3, 231.29 W, 31, 2032 MHz, 3996 MHz, 1 %, 0 %
2026/09/20 08:30:59.776, 4, 181.53 W, 34, 120 MHz, 3996 MHz, 0 %, 0 %
2026/09/20 08:30:59.776, 5, 179.46 W, 32, 120 MHz, 3996 MHz, 0 %, 0 %
2026/09/20 08:30:59.776, 6, 180.17 W, 29, 120 MHz, 3996 MHz, 0 %, 0 %
2026/09/20 08:30:59.776, 7, 182.13 W, 29, 120 MHz, 3996 MHz, 0 %, 0 %
2026/09/20 08:31:00.776, 0, 233.08 W, 36, 2032 MHz, 3996 MHz, 4 %, 0 %
2026/09/20 08:31:00.776, 1, 235.88 W, 38, 2032 MHz, 3996 MHz, 0 %, 0 %
2026/09/20 08:31:00.776, 2, 227.18 W, 31, 2032 MHz, 3996 MHz, 6 %, 0 %
2026/09/20 08:31:00.776, 3, 231.68 W, 31, 2032 MHz, 3996 MHz, 12 %, 0 %
2026/09/20 08:31:00.776, 4, 181.45 W, 34, 120 MHz, 3996 MHz, 0 %, 0 %
2026/09/20 08:31:00.776, 5, 179.46 W, 32, 120 MHz, 3996 MHz, 0 %, 0 %
2026/09/20 08:31:00.776, 6, 180.17 W, 29, 120 MHz, 3996 MHz, 0 %, 0 %
2026/09/20 08:31:00.776, 7, 182.13 W, 29, 120 MHz, 3996 MHz, 0 %, 0 %
2026/09/20 08:31:01.776, 0, 232.89 W, 36, 2032 MHz, 3996 MHz, 6 %, 0 %
2026/09/20 08:31:01.776, 1, 235.35 W, 38, 2032 MHz, 3996 MHz, 0 %, 0 %
2026/09/20 08:31:01.776, 2, 226.10 W, 31, 2032 MHz, 3996 MHz, 0 %, 0 %
2026/09/20 08:31:01.776, 3, 231.64 W, 31, 2032 MHz, 3996 MHz, 6 %, 0 %
2026/09/20 08:31:01.776, 4, 181.57 W, 34, 120 MHz, 3996 MHz, 0 %, 0 %
2026/09/20 08:31:01.777, 5, 179.46 W, 32, 120 MHz, 3996 MHz, 0 %, 0 %
2026/09/20 08:31:01.777, 6, 180.17 W, 29, 120 MHz, 3996 MHz, 0 %, 0 %
2026/09/20 08:31:01.777, 7, 182.13 W, 29, 120 MHz, 3996 MHz, 0 %, 0 %
2026/09/20 08:31:02.777, 0, 232.93 W, 36, 2032 MHz, 3996 MHz, 1 %, 0 %
2026/09/20 08:31:02.777, 1, 235.38 W, 38, 2032 MHz, 3996 MHz, 5 %, 0 %
2026/09/20 08:31:02.777, 2, 226.87 W, 31, 2032 MHz, 3996 MHz, 11 %, 0 %
2026/09/20 08:31:02.777, 3, 231.72 W, 31, 2032 MHz, 3996 MHz, 3 %, 0 %
2026/09/20 08:31:02.777, 4, 181.69 W, 35, 120 MHz, 3996 MHz, 0 %, 0 %
2026/09/20 08:31:02.777, 5, 179.46 W, 32, 120 MHz, 3996 MHz, 0 %, 0 %
2026/09/20 08:31:02.777, 6, 180.13 W, 29, 120 MHz, 3996 MHz, 0 %, 0 %
2026/09/20 08:31:02.777, 7, 182.13 W, 29, 120 MHz, 3996 MHz, 0 %, 0 %
2026/09/20 08:31:03.777, 0, 233.30 W, 36, 2032 MHz, 3996 MHz, 4 %, 0 %
2026/09/20 08:31:03.777, 1, 235.50 W, 38, 2032 MHz, 3996 MHz, 5 %, 0 %
2026/09/20 08:31:03.777, 2, 226.10 W, 31, 2032 MHz, 3996 MHz, 0 %, 0 %
2026/09/20 08:31:03.777, 3, 231.48 W, 31, 2032 MHz, 3996 MHz, 8 %, 0 %
2026/09/20 08:31:03.777, 4, 181.45 W, 35, 120 MHz, 3996 MHz, 0 %, 0 %
2026/09/20 08:31:03.777, 5, 179.46 W, 32, 120 MHz, 3996 MHz, 0 %, 0 %
2026/09/20 08:31:03.777, 6, 180.13 W, 29, 120 MHz, 3996 MHz, 0 %, 0 %
2026/09/20 08:31:03.777, 7, 182.13 W, 29, 120 MHz, 3996 MHz, 0 %, 0 %
2026/09/20 08:31:04.777, 0, 232.69 W, 36, 2032 MHz, 3996 MHz, 4 %, 0 %
2026/09/20 08:31:04.777, 1, 235.88 W, 38, 2032 MHz, 3996 MHz, 1 %, 0 %
2026/09/20 08:31:04.777, 2, 226.65 W, 31, 2032 MHz, 3996 MHz, 12 %, 0 %
2026/09/20 08:31:04.777, 3, 231.10 W, 31, 2032 MHz, 3996 MHz, 0 %, 0 %
2026/09/20 08:31:04.777, 4, 181.45 W, 35, 120 MHz, 3996 MHz, 0 %, 0 %
2026/09/20 08:31:04.777, 5, 179.46 W, 32, 120 MHz, 3996 MHz, 0 %, 0 %
2026/09/20 08:31:04.777, 6, 180.17 W, 29, 120 MHz, 3996 MHz, 0 %, 0 %
2026/09/20 08:31:04.777, 7, 182.13 W, 29, 120 MHz, 3996 MHz, 0 %, 0 %
2026/09/20 08:31:05.777, 0, 232.06 W, 36, 2032 MHz, 3996 MHz, 3 %, 0 %
2026/09/20 08:31:05.778, 1, 235.38 W, 38, 2032 MHz, 3996 MHz, 0 %, 0 %
2026/09/20 08:31:05.778, 2, 227.10 W, 31, 2032 MHz, 3996 MHz, 11 %, 0 %
2026/09/20 08:31:05.778, 3, 231.29 W, 31, 2032 MHz, 3996 MHz, 0 %, 0 %
2026/09/20 08:31:05.778, 4, 181.45 W, 35, 120 MHz, 3996 MHz, 0 %, 0 %
2026/09/20 08:31:05.778, 5, 179.47 W, 32, 120 MHz, 3996 MHz, 0 %, 0 %
2026/09/20 08:31:05.778, 6, 180.17 W, 29, 120 MHz, 3996 MHz, 0 %, 0 %
2026/09/20 08:31:05.778, 7, 182.13 W, 29, 120 MHz, 3996 MHz, 0 %, 0 %
2026/09/20 08:31:06.778, 0, 232.38 W, 36, 2032 MHz, 3996 MHz, 4 %, 0 %
2026/09/20 08:31:06.778, 1, 235.53 W, 38, 2032 MHz, 3996 MHz, 7 %, 0 %
2026/09/20 08:31:06.778, 2, 227.11 W, 31, 2032 MHz, 3996 MHz, 12 %, 0 %
2026/09/20 08:31:06.778, 3, 231.57 W, 31, 2032 MHz, 3996 MHz, 1 %, 0 %
2026/09/20 08:31:06.778, 4, 181.61 W, 35, 120 MHz, 3996 MHz, 0 %, 0 %
2026/09/20 08:31:06.778, 5, 179.46 W, 32, 120 MHz, 3996 MHz, 0 %, 0 %
2026/09/20 08:31:06.778, 6, 180.13 W, 29, 120 MHz, 3996 MHz, 0 %, 0 %
2026/09/20 08:31:06.778, 7, 182.13 W, 29, 120 MHz, 3996 MHz, 0 %, 0 %
2026/09/20 08:31:07.778, 0, 232.37 W, 36, 2032 MHz, 3996 MHz, 1 %, 0 %
2026/09/20 08:31:07.778, 1, 235.88 W, 38, 2032 MHz, 3996 MHz, 9 %, 0 %
2026/09/20 08:31:07.778, 2, 227.32 W, 31, 2032 MHz, 3996 MHz, 11 %, 0 %
2026/09/20 08:31:07.778, 3, 231.68 W, 31, 2032 MHz, 3996 MHz, 0 %, 0 %
2026/09/20 08:31:07.778, 4, 181.53 W, 35, 120 MHz, 3996 MHz, 0 %, 0 %
2026/09/20 08:31:07.778, 5, 179.46 W, 32, 120 MHz, 3996 MHz, 0 %, 0 %
2026/09/20 08:31:07.778, 6, 180.17 W, 29, 120 MHz, 3996 MHz, 0 %, 0 %
2026/09/20 08:31:07.778, 7, 182.13 W, 29, 120 MHz, 3996 MHz, 0 %, 0 %
2026/09/20 08:31:08.778, 0, 232.56 W, 36, 2032 MHz, 3996 MHz, 0 %, 0 %
2026/09/20 08:31:08.778, 1, 235.80 W, 38, 2032 MHz, 3996 MHz, 1 %, 0 %
2026/09/20 08:31:08.778, 2, 226.55 W, 31, 2032 MHz, 3996 MHz, 0 %, 0 %
2026/09/20 08:31:08.778, 3, 231.30 W, 31, 2032 MHz, 3996 MHz, 4 %, 0 %
2026/09/20 08:31:08.778, 4, 181.68 W, 35, 120 MHz, 3996 MHz, 0 %, 0 %
2026/09/20 08:31:08.779, 5, 179.47 W, 32, 120 MHz, 3996 MHz, 0 %, 0 %
2026/09/20 08:31:08.779, 6, 180.17 W, 29, 120 MHz, 3996 MHz, 0 %, 0 %
2026/09/20 08:31:08.779, 7, 182.13 W, 29, 120 MHz, 3996 MHz, 0 %, 0 %
2026/09/20 08:31:09.779, 0, 232.49 W, 36, 2032 MHz, 3996 MHz, 8 %, 0 %
2026/09/20 08:31:09.779, 1, 235.26 W, 38, 2032 MHz, 3996 MHz, 0 %, 0 %
2026/09/20 08:31:09.779, 2, 226.49 W, 31, 2032 MHz, 3996 MHz, 2 %, 0 %
2026/09/20 08:31:09.779, 3, 231.60 W, 31, 2032 MHz, 3996 MHz, 3 %, 0 %
2026/09/20 08:31:09.779, 4, 181.83 W, 35, 120 MHz, 3996 MHz, 0 %, 0 %
2026/09/20 08:31:09.779, 5, 179.47 W, 32, 120 MHz, 3996 MHz, 0 %, 0 %
2026/09/20 08:31:09.779, 6, 180.17 W, 29, 120 MHz, 3996 MHz, 0 %, 0 %
2026/09/20 08:31:09.779, 7, 182.13 W, 29, 120 MHz, 3996 MHz, 0 %, 0 %
2026/09/20 08:31:10.779, 0, 233.28 W, 36, 2032 MHz, 3996 MHz, 6 %, 0 %
2026/09/20 08:31:10.779, 1, 234.77 W, 38, 2032 MHz, 3996 MHz, 11 %, 0 %
2026/09/20 08:31:10.779, 2, 225.99 W, 31, 2032 MHz, 3996 MHz, 1 %, 0 %
2026/09/20 08:31:10.779, 3, 231.68 W, 31, 2032 MHz, 3996 MHz, 5 %, 0 %
2026/09/20 08:31:10.779, 4, 181.65 W, 35, 120 MHz, 3996 MHz, 0 %, 0 %
2026/09/20 08:31:10.779, 5, 179.47 W, 32, 120 MHz, 3996 MHz, 0 %, 0 %
2026/09/20 08:31:10.779, 6, 180.17 W, 29, 120 MHz, 3996 MHz, 0 %, 0 %
2026/09/20 08:31:10.779, 7, 182.13 W, 29, 120 MHz, 3996 MHz, 0 %, 0 %
2026/09/20 08:31:11.779, 0, 232.71 W, 36, 2032 MHz, 3996 MHz, 11 %, 0 %
2026/09/20 08:31:11.779, 1, 235.88 W, 38, 2032 MHz, 3996 MHz, 11 %, 0 %
2026/09/20 08:31:11.779, 2, 226.13 W, 31, 2032 MHz, 3996 MHz, 0 %, 0 %
2026/09/20 08:31:11.779, 3, 231.76 W, 31, 2032 MHz, 3996 MHz, 12 %, 0 %
2026/09/20 08:31:11.779, 4, 181.76 W, 35, 120 MHz, 3996 MHz, 0 %, 0 %
2026/09/20 08:31:11.779, 5, 179.46 W, 32, 120 MHz, 3996 MHz, 0 %, 0 %
2026/09/20 08:31:11.779, 6, 180.17 W, 29, 120 MHz, 3996 MHz, 0 %, 0 %
2026/09/20 08:31:11.779, 7, 182.13 W, 29, 120 MHz, 3996 MHz, 0 %, 0 %
2026/09/20 08:31:12.780, 0, 232.99 W, 36, 2032 MHz, 3996 MHz, 2 %, 0 %
2026/09/20 08:31:12.780, 1, 235.92 W, 38, 2032 MHz, 3996 MHz, 12 %, 0 %
2026/09/20 08:31:12.780, 2, 227.40 W, 31, 2032 MHz, 3996 MHz, 7 %, 0 %
2026/09/20 08:31:12.780, 3, 231.49 W, 31, 2032 MHz, 3996 MHz, 0 %, 0 %
2026/09/20 08:31:12.780, 4, 181.53 W, 35, 120 MHz, 3996 MHz, 0 %, 0 %
2026/09/20 08:31:12.780, 5, 179.47 W, 32, 120 MHz, 3996 MHz, 0 %, 0 %
2026/09/20 08:31:12.780, 6, 180.17 W, 29, 120 MHz, 3996 MHz, 0 %, 0 %
2026/09/20 08:31:12.780, 7, 182.13 W, 29, 120 MHz, 3996 MHz, 0 %, 0 %
2026/09/20 08:31:13.780, 0, 232.68 W, 36, 2032 MHz, 3996 MHz, 10 %, 0 %
2026/09/20 08:31:13.780, 1, 235.88 W, 38, 2032 MHz, 3996 MHz, 12 %, 0 %
2026/09/20 08:31:13.780, 2, 226.89 W, 31, 2032 MHz, 3996 MHz, 9 %, 0 %
2026/09/20 08:31:13.780, 3, 231.07 W, 31, 2032 MHz, 3996 MHz, 2 %, 0 %
2026/09/20 08:31:13.780, 4, 181.73 W, 35, 120 MHz, 3996 MHz, 0 %, 0 %
2026/09/20 08:31:13.780, 5, 179.47 W, 32, 120 MHz, 3996 MHz, 0 %, 0 %
2026/09/20 08:31:13.780, 6, 180.17 W, 29, 120 MHz, 3996 MHz, 0 %, 0 %
2026/09/20 08:31:13.780, 7, 182.13 W, 29, 120 MHz, 3996 MHz, 0 %, 0 %
2026/09/20 08:31:14.780, 0, 232.43 W, 36, 2032 MHz, 3996 MHz, 0 %, 0 %
2026/09/20 08:31:14.780, 1, 235.80 W, 38, 2032 MHz, 3996 MHz, 0 %, 0 %
2026/09/20 08:31:14.780, 2, 227.21 W, 31, 2032 MHz, 3996 MHz, 9 %, 0 %
2026/09/20 08:31:14.780, 3, 230.80 W, 31, 2032 MHz, 3996 MHz, 2 %, 0 %
2026/09/20 08:31:14.780, 4, 181.71 W, 35, 120 MHz, 3996 MHz, 0 %, 0 %
2026/09/20 08:31:14.780, 5, 179.47 W, 32, 120 MHz, 3996 MHz, 0 %, 0 %
2026/09/20 08:31:14.780, 6, 180.17 W, 29, 120 MHz, 3996 MHz, 0 %, 0 %
2026/09/20 08:31:14.780, 7, 182.13 W, 29, 120 MHz, 3996 MHz, 0 %, 0 %
2026/09/20 08:31:15.780, 0, 231.95 W, 36, 2032 MHz, 3996 MHz, 0 %, 0 %
2026/09/20 08:31:15.780, 1, 235.92 W, 38, 2032 MHz, 3996 MHz, 4 %, 0 %
2026/09/20 08:31:15.780, 2, 227.26 W, 31, 2032 MHz, 3996 MHz, 7 %, 0 %
2026/09/20 08:31:15.780, 3, 231.53 W, 31, 2032 MHz, 3996 MHz, 8 %, 0 %
2026/09/20 08:31:15.780, 4, 181.72 W, 35, 120 MHz, 3996 MHz, 0 %, 0 %
2026/09/20 08:31:15.781, 5, 179.46 W, 32, 120 MHz, 3996 MHz, 0 %, 0 %
2026/09/20 08:31:15.781, 6, 180.17 W, 29, 120 MHz, 3996 MHz, 0 %, 0 %
2026/09/20 08:31:15.781, 7, 182.13 W, 29, 120 MHz, 3996 MHz, 0 %, 0 %
2026/09/20 08:31:16.781, 0, 232.60 W, 36, 2032 MHz, 3996 MHz, 10 %, 0 %
2026/09/20 08:31:16.781, 1, 235.73 W, 38, 2032 MHz, 3996 MHz, 0 %, 0 %
2026/09/20 08:31:16.781, 2, 226.21 W, 31, 2032 MHz, 3996 MHz, 2 %, 0 %
2026/09/20 08:31:16.781, 3, 231.72 W, 31, 2032 MHz, 3996 MHz, 11 %, 0 %
2026/09/20 08:31:16.781, 4, 181.76 W, 35, 120 MHz, 3996 MHz, 0 %, 0 %
2026/09/20 08:31:16.781, 5, 179.47 W, 32, 120 MHz, 3996 MHz, 0 %, 0 %
2026/09/20 08:31:16.781, 6, 180.17 W, 29, 120 MHz, 3996 MHz, 0 %, 0 %
2026/09/20 08:31:16.781, 7, 182.13 W, 29, 120 MHz, 3996 MHz, 0 %, 0 %
2026/09/20 08:31:17.781, 0, 233.00 W, 36, 2032 MHz, 3996 MHz, 10 %, 0 %
2026/09/20 08:31:17.781, 1, 235.04 W, 38, 2032 MHz, 3996 MHz, 0 %, 0 %
2026/09/20 08:31:17.781, 2, 225.98 W, 31, 2032 MHz, 3996 MHz, 0 %, 0 %
2026/09/20 08:31:17.781, 3, 231.68 W, 31, 2032 MHz, 3996 MHz, 9 %, 0 %
2026/09/20 08:31:17.781, 4, 181.79 W, 35, 120 MHz, 3996 MHz, 0 %, 0 %
2026/09/20 08:31:17.781, 5, 179.46 W, 32, 120 MHz, 3996 MHz, 0 %, 0 %
2026/09/20 08:31:17.781, 6, 180.17 W, 29, 120 MHz, 3996 MHz, 0 %, 0 %
2026/09/20 08:31:17.781, 7, 182.13 W, 29, 120 MHz, 3996 MHz, 0 %, 0 %
2026/09/20 08:31:18.781, 0, 233.46 W, 36, 2032 MHz, 3996 MHz, 12 %, 0 %
2026/09/20 08:31:18.781, 1, 235.10 W, 38, 2032 MHz, 3996 MHz, 8 %, 0 %
2026/09/20 08:31:18.781, 2, 226.33 W, 31, 2032 MHz, 3996 MHz, 6 %, 0 %
2026/09/20 08:31:18.781, 3, 231.64 W, 31, 2032 MHz, 3996 MHz, 1 %, 0 %
2026/09/20 08:31:18.781, 4, 181.88 W, 35, 120 MHz, 3996 MHz, 0 %, 0 %
2026/09/20 08:31:18.781, 5, 179.47 W, 32, 120 MHz, 3996 MHz, 0 %, 0 %
2026/09/20 08:31:18.781, 6, 180.17 W, 29, 120 MHz, 3996 MHz, 0 %, 0 %
2026/09/20 08:31:18.781, 7, 182.13 W, 29, 120 MHz, 3996 MHz, 0 %, 0 %
2026/09/20 08:31:19.782, 0, 232.78 W, 36, 2032 MHz, 3996 MHz, 10 %, 0 %
2026/09/20 08:31:19.782, 1, 235.88 W, 38, 2032 MHz, 3996 MHz, 9 %, 0 %
2026/09/20 08:31:19.782, 2, 226.48 W, 31, 2032 MHz, 3996 MHz, 2 %, 0 %
2026/09/20 08:31:19.782, 3, 231.44 W, 31, 2032 MHz, 3996 MHz, 1 %, 0 %
2026/09/20 08:31:19.782, 4, 181.91 W, 35, 120 MHz, 3996 MHz, 0 %, 0 %
2026/09/20 08:31:19.782, 5, 179.46 W, 32, 120 MHz, 3996 MHz, 0 %, 0 %
2026/09/20 08:31:19.782, 6, 180.17 W, 29, 120 MHz, 3996 MHz, 0 %, 0 %
2026/09/20 08:31:19.782, 7, 182.13 W, 29, 120 MHz, 3996 MHz, 0 %, 0 %
2026/09/20 08:31:20.782, 0, 232.71 W, 36, 2032 MHz, 3996 MHz, 7 %, 0 %
2026/09/20 08:31:20.782, 1, 235.88 W, 38, 2032 MHz, 3996 MHz, 11 %, 0 %
2026/09/20 08:31:20.782, 2, 227.34 W, 31, 2032 MHz, 3996 MHz, 4 %, 0 %
2026/09/20 08:31:20.782, 3, 231.44 W, 31, 2032 MHz, 3996 MHz, 12 %, 0 %
2026/09/20 08:31:20.782, 4, 181.87 W, 35, 120 MHz, 3996 MHz, 0 %, 0 %
2026/09/20 08:31:20.782, 5, 179.47 W, 32, 120 MHz, 3996 MHz, 0 %, 0 %
2026/09/20 08:31:20.782, 6, 180.17 W, 29, 120 MHz, 3996 MHz, 0 %, 0 %
2026/09/20 08:31:20.782, 7, 182.13 W, 29, 120 MHz, 3996 MHz, 0 %, 0 %
2026/09/20 08:31:21.782, 0, 232.60 W, 36, 2032 MHz, 3996 MHz, 1 %, 0 %
2026/09/20 08:31:21.782, 1, 235.88 W, 38, 2032 MHz, 3996 MHz, 12 %, 0 %
2026/09/20 08:31:21.782, 2, 226.80 W, 31, 2032 MHz, 3996 MHz, 4 %, 0 %
2026/09/20 08:31:21.782, 3, 230.80 W, 31, 2032 MHz, 3996 MHz, 0 %, 0 %
2026/09/20 08:31:21.782, 4, 181.84 W, 35, 120 MHz, 3996 MHz, 0 %, 0 %
2026/09/20 08:31:21.782, 5, 179.47 W, 32, 120 MHz, 3996 MHz, 0 %, 0 %
2026/09/20 08:31:21.782, 6, 180.17 W, 29, 120 MHz, 3996 MHz, 0 %, 0 %
2026/09/20 08:31:21.782, 7, 182.13 W, 29, 120 MHz, 3996 MHz, 0 %, 0 %
2026/09/20 08:31:22.782, 0, 232.05 W, 36, 2032 MHz, 3996 MHz, 0 %, 0 %
2026/09/20 08:31:22.782, 1, 235.41 W, 38, 2032 MHz, 3996 MHz, 0 %, 0 %
2026/09/20 08:31:22.782, 2, 227.06 W, 31, 2032 MHz, 3996 MHz, 7 %, 0 %
2026/09/20 08:31:22.782, 3, 231.33 W, 31, 2032 MHz, 3996 MHz, 0 %, 0 %
2026/09/20 08:31:22.782, 4, 181.80 W, 35, 120 MHz, 3996 MHz, 0 %, 0 %
2026/09/20 08:31:22.782, 5, 179.46 W, 32, 120 MHz, 3996 MHz, 0 %, 0 %
2026/09/20 08:31:22.783, 6, 180.17 W, 29, 120 MHz, 3996 MHz, 0 %, 0 %
2026/09/20 08:31:22.783, 7, 182.13 W, 29, 120 MHz, 3996 MHz, 0 %, 0 %
2026/09/20 08:31:23.783, 0, 232.37 W, 36, 2032 MHz, 3996 MHz, 1 %, 0 %
2026/09/20 08:31:23.783, 1, 235.61 W, 38, 2032 MHz, 3996 MHz, 10 %, 0 %
2026/09/20 08:31:23.783, 2, 227.25 W, 31, 2032 MHz, 3996 MHz, 2 %, 0 %
2026/09/20 08:31:23.783, 3, 231.76 W, 31, 2032 MHz, 3996 MHz, 11 %, 0 %
2026/09/20 08:31:23.783, 4, 181.84 W, 35, 120 MHz, 3996 MHz, 0 %, 0 %
2026/09/20 08:31:23.783, 5, 179.47 W, 32, 120 MHz, 3996 MHz, 0 %, 0 %
2026/09/20 08:31:23.783, 6, 180.17 W, 29, 120 MHz, 3996 MHz, 0 %, 0 %
2026/09/20 08:31:23.783, 7, 182.13 W, 29, 120 MHz, 3996 MHz, 0 %, 0 %
2026/09/20 08:31:24.783, 0, 232.59 W, 36, 2032 MHz, 3996 MHz, 7 %, 0 %
2026/09/20 08:31:24.783, 1, 235.80 W, 38, 2032 MHz, 3996 MHz, 2 %, 0 %
2026/09/20 08:31:24.783, 2, 226.26 W, 31, 2032 MHz, 3996 MHz, 3 %, 0 %
2026/09/20 08:31:24.783, 3, 231.64 W, 31, 2032 MHz, 3996 MHz, 6 %, 0 %
2026/09/20 08:31:24.783, 4, 181.84 W, 35, 120 MHz, 3996 MHz, 0 %, 0 %
2026/09/20 08:31:24.783, 5, 179.47 W, 32, 120 MHz, 3996 MHz, 0 %, 0 %
2026/09/20 08:31:24.783, 6, 180.17 W, 29, 120 MHz, 3996 MHz, 0 %, 0 %
2026/09/20 08:31:24.783, 7, 182.13 W, 29, 120 MHz, 3996 MHz, 0 %, 0 %
2026/09/20 08:31:25.783, 0, 233.03 W, 36, 2032 MHz, 3996 MHz, 1 %, 0 %
2026/09/20 08:31:25.783, 1, 235.19 W, 38, 2032 MHz, 3996 MHz, 0 %, 0 %
2026/09/20 08:31:25.783, 2, 225.99 W, 31, 2032 MHz, 3996 MHz, 0 %, 0 %
2026/09/20 08:31:25.783, 3, 231.65 W, 31, 2032 MHz, 3996 MHz, 7 %, 0 %
2026/09/20 08:31:25.783, 4, 181.95 W, 35, 120 MHz, 3996 MHz, 0 %, 0 %
2026/09/20 08:31:25.783, 5, 179.47 W, 32, 120 MHz, 3996 MHz, 0 %, 0 %
2026/09/20 08:31:25.783, 6, 180.17 W, 29, 120 MHz, 3996 MHz, 0 %, 0 %
2026/09/20 08:31:25.783, 7, 182.13 W, 29, 120 MHz, 3996 MHz, 0 %, 0 %
2026/09/20 08:31:26.784, 0, 233.22 W, 36, 2032 MHz, 3996 MHz, 3 %, 0 %
2026/09/20 08:31:26.784, 1, 234.91 W, 38, 2032 MHz, 3996 MHz, 12 %, 0 %
2026/09/20 08:31:26.784, 2, 226.14 W, 31, 2032 MHz, 3996 MHz, 0 %, 0 %
2026/09/20 08:31:26.784, 3, 231.64 W, 31, 2032 MHz, 3996 MHz, 5 %, 0 %
2026/09/20 08:31:26.784, 4, 182.14 W, 35, 120 MHz, 3996 MHz, 0 %, 0 %
2026/09/20 08:31:26.784, 5, 179.47 W, 32, 120 MHz, 3996 MHz, 0 %, 0 %
2026/09/20 08:31:26.784, 6, 180.17 W, 29, 120 MHz, 3996 MHz, 0 %, 0 %
2026/09/20 08:31:26.784, 7, 182.13 W, 29, 120 MHz, 3996 MHz, 0 %, 0 %
2026/09/20 08:31:27.784, 0, 233.57 W, 36, 2032 MHz, 3996 MHz, 12 %, 0 %
2026/09/20 08:31:27.784, 1, 235.65 W, 38, 2032 MHz, 3996 MHz, 3 %, 0 %
2026/09/20 08:31:27.784, 2, 226.32 W, 31, 2032 MHz, 3996 MHz, 5 %, 0 %
2026/09/20 08:31:27.784, 3, 231.75 W, 31, 2032 MHz, 3996 MHz, 0 %, 0 %
2026/09/20 08:31:27.784, 4, 182.02 W, 35, 120 MHz, 3996 MHz, 0 %, 0 %
2026/09/20 08:31:27.784, 5, 179.46 W, 32, 120 MHz, 3996 MHz, 0 %, 0 %
2026/09/20 08:31:27.784, 6, 180.17 W, 29, 120 MHz, 3996 MHz, 0 %, 0 %
2026/09/20 08:31:27.784, 7, 182.13 W, 29, 120 MHz, 3996 MHz, 0 %, 0 %
2026/09/20 08:31:28.784, 0, 232.99 W, 36, 2032 MHz, 3996 MHz, 1 %, 0 %
2026/09/20 08:31:28.784, 1, 235.96 W, 38, 2032 MHz, 3996 MHz, 11 %, 0 %
2026/09/20 08:31:28.784, 2, 226.45 W, 31, 2032 MHz, 3996 MHz, 12 %, 0 %
2026/09/20 08:31:28.784, 3, 231.52 W, 31, 2032 MHz, 3996 MHz, 0 %, 0 %
2026/09/20 08:31:28.784, 4, 182.31 W, 35, 120 MHz, 3996 MHz, 0 %, 0 %
2026/09/20 08:31:28.784, 5, 179.46 W, 32, 120 MHz, 3996 MHz, 0 %, 0 %
2026/09/20 08:31:28.784, 6, 180.17 W, 29, 120 MHz, 3996 MHz, 0 %, 0 %
2026/09/20 08:31:28.784, 7, 182.13 W, 29, 120 MHz, 3996 MHz, 0 %, 0 %
2026/09/20 08:31:29.784, 0, 232.45 W, 36, 2032 MHz, 3996 MHz, 0 %, 0 %
2026/09/20 08:31:29.785, 1, 236.00 W, 38, 2032 MHz, 3996 MHz, 8 %, 0 %
2026/09/20 08:31:29.785, 2, 227.23 W, 31, 2032 MHz, 3996 MHz, 11 %, 0 %
2026/09/20 08:31:29.785, 3, 230.78 W, 31, 2032 MHz, 3996 MHz, 6 %, 0 %
2026/09/20 08:31:29.785, 4, 181.91 W, 35, 120 MHz, 3996 MHz, 0 %, 0 %
2026/09/20 08:31:29.785, 5, 179.47 W, 32, 120 MHz, 3996 MHz, 0 %, 0 %
2026/09/20 08:31:29.785, 6, 180.17 W, 29, 120 MHz, 3996 MHz, 0 %, 0 %
2026/09/20 08:31:29.785, 7, 182.13 W, 29, 120 MHz, 3996 MHz, 0 %, 0 %
2026/09/20 08:31:30.785, 0, 232.25 W, 36, 2032 MHz, 3996 MHz, 0 %, 0 %
2026/09/20 08:31:30.785, 1, 235.96 W, 38, 2032 MHz, 3996 MHz, 6 %, 0 %
2026/09/20 08:31:30.785, 2, 227.21 W, 31, 2032 MHz, 3996 MHz, 9 %, 0 %
2026/09/20 08:31:30.785, 3, 231.33 W, 31, 2032 MHz, 3996 MHz, 1 %, 0 %
2026/09/20 08:31:30.785, 4, 182.00 W, 35, 120 MHz, 3996 MHz, 0 %, 0 %
2026/09/20 08:31:30.785, 5, 179.46 W, 32, 120 MHz, 3996 MHz, 0 %, 0 %
2026/09/20 08:31:30.785, 6, 180.17 W, 29, 120 MHz, 3996 MHz, 0 %, 0 %
2026/09/20 08:31:30.785, 7, 182.13 W, 29, 120 MHz, 3996 MHz, 0 %, 0 %
2026/09/20 08:31:31.785, 0, 232.41 W, 36, 2032 MHz, 3996 MHz, 11 %, 0 %
2026/09/20 08:31:31.785, 1, 235.96 W, 38, 2032 MHz, 3996 MHz, 8 %, 0 %
2026/09/20 08:31:31.785, 2, 227.31 W, 31, 2032 MHz, 3996 MHz, 8 %, 0 %
2026/09/20 08:31:31.785, 3, 231.68 W, 31, 2032 MHz, 3996 MHz, 1 %, 0 %
2026/09/20 08:31:31.785, 4, 181.79 W, 35, 120 MHz, 3996 MHz, 0 %, 0 %
2026/09/20 08:31:31.785, 5, 179.47 W, 32, 120 MHz, 3996 MHz, 0 %, 0 %
2026/09/20 08:31:31.785, 6, 180.17 W, 29, 120 MHz, 3996 MHz, 0 %, 0 %
2026/09/20 08:31:31.785, 7, 182.13 W, 29, 120 MHz, 3996 MHz, 0 %, 0 %
2026/09/20 08:31:32.785, 0, 232.64 W, 36, 2032 MHz, 3996 MHz, 0 %, 0 %
2026/09/20 08:31:32.785, 1, 236.04 W, 38, 2032 MHz, 3996 MHz, 11 %, 0 %
2026/09/20 08:31:32.785, 2, 227.43 W, 31, 2032 MHz, 3996 MHz, 11 %, 0 %
2026/09/20 08:31:32.785, 3, 231.56 W, 31, 2032 MHz, 3996 MHz, 7 %, 0 %
2026/09/20 08:31:32.785, 4, 181.99 W, 35, 120 MHz, 3996 MHz, 0 %, 0 %
2026/09/20 08:31:32.785, 5, 179.47 W, 32, 120 MHz, 3996 MHz, 0 %, 0 %
2026/09/20 08:31:32.786, 6, 180.17 W, 29, 120 MHz, 3996 MHz, 0 %, 0 %
2026/09/20 08:31:32.786, 7, 182.13 W, 29, 120 MHz, 3996 MHz, 0 %, 0 %
2026/09/20 08:31:33.786, 0, 232.49 W, 36, 2032 MHz, 3996 MHz, 0 %, 0 %
2026/09/20 08:31:33.786, 1, 236.00 W, 38, 2032 MHz, 3996 MHz, 12 %, 0 %
2026/09/20 08:31:33.786, 2, 227.17 W, 31, 2032 MHz, 3996 MHz, 6 %, 0 %
2026/09/20 08:31:33.786, 3, 231.68 W, 31, 2032 MHz, 3996 MHz, 5 %, 0 %
2026/09/20 08:31:33.786, 4, 182.06 W, 35, 120 MHz, 3996 MHz, 0 %, 0 %
2026/09/20 08:31:33.786, 5, 179.47 W, 32, 120 MHz, 3996 MHz, 0 %, 0 %
2026/09/20 08:31:33.786, 6, 180.17 W, 29, 120 MHz, 3996 MHz, 0 %, 0 %
2026/09/20 08:31:33.786, 7, 182.13 W, 29, 120 MHz, 3996 MHz, 0 %, 0 %
2026/09/20 08:31:34.786, 0, 232.51 W, 36, 2032 MHz, 3996 MHz, 9 %, 0 %
2026/09/20 08:31:34.786, 1, 236.08 W, 38, 2032 MHz, 3996 MHz, 13 %, 0 %
2026/09/20 08:31:34.786, 2, 227.40 W, 31, 2032 MHz, 3996 MHz, 11 %, 0 %
2026/09/20 08:31:34.786, 3, 231.72 W, 31, 2032 MHz, 3996 MHz, 1 %, 0 %
2026/09/20 08:31:34.786, 4, 181.92 W, 35, 120 MHz, 3996 MHz, 0 %, 0 %
2026/09/20 08:31:34.786, 5, 179.47 W, 32, 120 MHz, 3996 MHz, 0 %, 0 %
2026/09/20 08:31:34.786, 6, 180.17 W, 29, 120 MHz, 3996 MHz, 0 %, 0 %
2026/09/20 08:31:34.786, 7, 182.13 W, 29, 120 MHz, 3996 MHz, 0 %, 0 %
2026/09/20 08:31:35.786, 0, 233.45 W, 36, 2032 MHz, 3996 MHz, 1 %, 0 %
2026/09/20 08:31:35.786, 1, 236.00 W, 38, 2032 MHz, 3996 MHz, 9 %, 0 %
2026/09/20 08:31:35.786, 2, 227.33 W, 31, 2032 MHz, 3996 MHz, 11 %, 0 %
2026/09/20 08:31:35.786, 3, 231.76 W, 31, 2032 MHz, 3996 MHz, 12 %, 0 %
2026/09/20 08:31:35.786, 4, 182.10 W, 35, 120 MHz, 3996 MHz, 0 %, 0 %
2026/09/20 08:31:35.786, 5, 179.47 W, 32, 120 MHz, 3996 MHz, 0 %, 0 %
2026/09/20 08:31:35.786, 6, 180.17 W, 29, 120 MHz, 3996 MHz, 0 %, 0 %
2026/09/20 08:31:35.786, 7, 182.13 W, 29, 120 MHz, 3996 MHz, 0 %, 0 %
2026/09/20 08:31:36.786, 0, 233.66 W, 36, 2032 MHz, 3996 MHz, 12 %, 0 %
2026/09/20 08:31:36.786, 1, 236.08 W, 38, 2032 MHz, 3996 MHz, 7 %, 0 %
2026/09/20 08:31:36.787, 2, 227.21 W, 31, 2032 MHz, 3996 MHz, 11 %, 0 %
2026/09/20 08:31:36.787, 3, 231.68 W, 31, 2032 MHz, 3996 MHz, 12 %, 0 %
2026/09/20 08:31:36.787, 4, 181.76 W, 35, 120 MHz, 3996 MHz, 0 %, 0 %
2026/09/20 08:31:36.787, 5, 179.47 W, 32, 120 MHz, 3996 MHz, 0 %, 0 %
2026/09/20 08:31:36.787, 6, 180.17 W, 29, 120 MHz, 3996 MHz, 0 %, 0 %
2026/09/20 08:31:36.787, 7, 182.13 W, 29, 120 MHz, 3996 MHz, 0 %, 0 %
2026/09/20 08:31:37.787, 0, 233.58 W, 36, 2032 MHz, 3996 MHz, 11 %, 0 %
2026/09/20 08:31:37.787, 1, 235.88 W, 38, 2032 MHz, 3996 MHz, 4 %, 0 %
2026/09/20 08:31:37.787, 2, 227.42 W, 31, 2032 MHz, 3996 MHz, 12 %, 0 %
2026/09/20 08:31:37.787, 3, 231.76 W, 31, 2032 MHz, 3996 MHz, 12 %, 0 %
2026/09/20 08:31:37.787, 4, 181.79 W, 35, 120 MHz, 3996 MHz, 0 %, 0 %
2026/09/20 08:31:37.787, 5, 179.47 W, 32, 120 MHz, 3996 MHz, 0 %, 0 %
2026/09/20 08:31:37.787, 6, 180.13 W, 29, 120 MHz, 3996 MHz, 0 %, 0 %
2026/09/20 08:31:37.787, 7, 182.13 W, 29, 120 MHz, 3996 MHz, 0 %, 0 %
2026/09/20 08:31:38.787, 0, 233.40 W, 36, 2032 MHz, 3996 MHz, 11 %, 0 %
2026/09/20 08:31:38.787, 1, 235.92 W, 38, 2032 MHz, 3996 MHz, 4 %, 0 %
2026/09/20 08:31:38.787, 2, 227.36 W, 31, 2032 MHz, 3996 MHz, 12 %, 0 %
2026/09/20 08:31:38.787, 3, 231.68 W, 31, 2032 MHz, 3996 MHz, 10 %, 0 %
2026/09/20 08:31:38.787, 4, 181.77 W, 35, 120 MHz, 3996 MHz, 0 %, 0 %
2026/09/20 08:31:38.787, 5, 179.46 W, 32, 120 MHz, 3996 MHz, 0 %, 0 %
2026/09/20 08:31:38.787, 6, 180.13 W, 29, 120 MHz, 3996 MHz, 0 %, 0 %
2026/09/20 08:31:38.787, 7, 182.13 W, 29, 120 MHz, 3996 MHz, 0 %, 0 %
2026/09/20 08:31:39.787, 0, 233.31 W, 36, 2032 MHz, 3996 MHz, 7 %, 0 %
2026/09/20 08:31:39.787, 1, 235.88 W, 38, 2032 MHz, 3996 MHz, 4 %, 0 %
2026/09/20 08:31:39.787, 2, 227.32 W, 31, 2032 MHz, 3996 MHz, 11 %, 0 %
2026/09/20 08:31:39.787, 3, 231.68 W, 31, 2032 MHz, 3996 MHz, 11 %, 0 %
2026/09/20 08:31:39.787, 4, 181.83 W, 35, 120 MHz, 3996 MHz, 0 %, 0 %
2026/09/20 08:31:39.787, 5, 179.47 W, 32, 120 MHz, 3996 MHz, 0 %, 0 %
2026/09/20 08:31:39.787, 6, 180.17 W, 29, 120 MHz, 3996 MHz, 0 %, 0 %
2026/09/20 08:31:39.788, 7, 182.13 W, 29, 120 MHz, 3996 MHz, 0 %, 0 %
2026/09/20 08:31:40.788, 0, 233.47 W, 36, 2032 MHz, 3996 MHz, 3 %, 0 %
2026/09/20 08:31:40.788, 1, 236.00 W, 38, 2032 MHz, 3996 MHz, 6 %, 0 %
2026/09/20 08:31:40.788, 2, 227.11 W, 31, 2032 MHz, 3996 MHz, 8 %, 0 %
2026/09/20 08:31:40.788, 3, 231.83 W, 31, 2032 MHz, 3996 MHz, 12 %, 0 %
2026/09/20 08:31:40.788, 4, 181.91 W, 35, 120 MHz, 3996 MHz, 0 %, 0 %
2026/09/20 08:31:40.788, 5, 179.46 W, 32, 120 MHz, 3996 MHz, 0 %, 0 %
2026/09/20 08:31:40.788, 6, 180.17 W, 29, 120 MHz, 3996 MHz, 0 %, 0 %
2026/09/20 08:31:40.788, 7, 182.13 W, 29, 120 MHz, 3996 MHz, 0 %, 0 %
2026/09/20 08:31:41.788, 0, 233.41 W, 36, 2032 MHz, 3996 MHz, 3 %, 0 %
2026/09/20 08:31:41.788, 1, 235.92 W, 38, 2032 MHz, 3996 MHz, 4 %, 0 %
2026/09/20 08:31:41.788, 2, 227.50 W, 31, 2032 MHz, 3996 MHz, 1 %, 0 %
2026/09/20 08:31:41.788, 3, 231.68 W, 31, 2032 MHz, 3996 MHz, 7 %, 0 %
2026/09/20 08:31:41.788, 4, 182.08 W, 35, 120 MHz, 3996 MHz, 0 %, 0 %
2026/09/20 08:31:41.788, 5, 179.46 W, 32, 120 MHz, 3996 MHz, 0 %, 0 %
2026/09/20 08:31:41.788, 6, 180.17 W, 29, 120 MHz, 3996 MHz, 0 %, 0 %
2026/09/20 08:31:41.788, 7, 182.13 W, 29, 120 MHz, 3996 MHz, 0 %, 0 %
2026/09/20 08:31:42.788, 0, 233.63 W, 36, 2032 MHz, 3996 MHz, 8 %, 0 %
2026/09/20 08:31:42.788, 1, 236.04 W, 38, 2032 MHz, 3996 MHz, 4 %, 0 %
2026/09/20 08:31:42.788, 2, 227.38 W, 31, 2032 MHz, 3996 MHz, 6 %, 0 %
2026/09/20 08:31:42.788, 3, 231.83 W, 31, 2032 MHz, 3996 MHz, 1 %, 0 %
2026/09/20 08:31:42.788, 4, 182.04 W, 35, 120 MHz, 3996 MHz, 0 %, 0 %
2026/09/20 08:31:42.788, 5, 179.47 W, 32, 120 MHz, 3996 MHz, 0 %, 0 %
2026/09/20 08:31:42.788, 6, 180.17 W, 29, 120 MHz, 3996 MHz, 0 %, 0 %
2026/09/20 08:31:42.788, 7, 182.13 W, 29, 120 MHz, 3996 MHz, 0 %, 0 %
2026/09/20 08:31:43.788, 0, 233.59 W, 36, 2032 MHz, 3996 MHz, 11 %, 0 %
2026/09/20 08:31:43.788, 1, 236.03 W, 38, 2032 MHz, 3996 MHz, 10 %, 0 %
2026/09/20 08:31:43.788, 2, 227.51 W, 31, 2032 MHz, 3996 MHz, 5 %, 0 %
2026/09/20 08:31:43.788, 3, 231.72 W, 31, 2032 MHz, 3996 MHz, 3 %, 0 %
2026/09/20 08:31:43.789, 4, 181.73 W, 35, 120 MHz, 3996 MHz, 0 %, 0 %
2026/09/20 08:31:43.789, 5, 179.47 W, 32, 120 MHz, 3996 MHz, 0 %, 0 %
2026/09/20 08:31:43.789, 6, 180.17 W, 29, 120 MHz, 3996 MHz, 0 %, 0 %
2026/09/20 08:31:43.789, 7, 182.13 W, 29, 120 MHz, 3996 MHz, 0 %, 0 %
2026/09/20 08:31:44.789, 0, 233.48 W, 36, 2032 MHz, 3996 MHz, 12 %, 0 %
2026/09/20 08:31:44.789, 1, 236.04 W, 38, 2032 MHz, 3996 MHz, 7 %, 0 %
2026/09/20 08:31:44.789, 2, 227.39 W, 31, 2032 MHz, 3996 MHz, 5 %, 0 %
2026/09/20 08:31:44.789, 3, 231.87 W, 31, 2032 MHz, 3996 MHz, 8 %, 0 %
2026/09/20 08:31:44.789, 4, 181.72 W, 35, 120 MHz, 3996 MHz, 0 %, 0 %
2026/09/20 08:31:44.789, 5, 179.47 W, 32, 120 MHz, 3996 MHz, 0 %, 0 %
2026/09/20 08:31:44.789, 6, 180.17 W, 29, 120 MHz, 3996 MHz, 0 %, 0 %
2026/09/20 08:31:44.789, 7, 182.13 W, 29, 120 MHz, 3996 MHz, 0 %, 0 %
2026/09/20 08:31:45.789, 0, 233.32 W, 36, 2032 MHz, 3996 MHz, 5 %, 0 %
2026/09/20 08:31:45.789, 1, 236.15 W, 38, 2032 MHz, 3996 MHz, 9 %, 0 %
2026/09/20 08:31:45.789, 2, 227.28 W, 31, 2032 MHz, 3996 MHz, 2 %, 0 %
2026/09/20 08:31:45.789, 3, 231.72 W, 31, 2032 MHz, 3996 MHz, 4 %, 0 %
2026/09/20 08:31:45.789, 4, 181.98 W, 35, 120 MHz, 3996 MHz, 0 %, 0 %
2026/09/20 08:31:45.789, 5, 179.46 W, 32, 120 MHz, 3996 MHz, 0 %, 0 %
2026/09/20 08:31:45.789, 6, 180.17 W, 29, 120 MHz, 3996 MHz, 0 %, 0 %
2026/09/20 08:31:45.789, 7, 182.13 W, 29, 120 MHz, 3996 MHz, 0 %, 0 %
2026/09/20 08:31:46.789, 0, 233.32 W, 36, 2032 MHz, 3996 MHz, 6 %, 0 %
2026/09/20 08:31:46.789, 1, 236.00 W, 38, 2032 MHz, 3996 MHz, 7 %, 0 %
2026/09/20 08:31:46.789, 2, 227.43 W, 31, 2032 MHz, 3996 MHz, 2 %, 0 %
2026/09/20 08:31:46.789, 3, 231.76 W, 31, 2032 MHz, 3996 MHz, 3 %, 0 %
2026/09/20 08:31:46.789, 4, 182.06 W, 35, 120 MHz, 3996 MHz, 0 %, 0 %
2026/09/20 08:31:46.789, 5, 179.47 W, 32, 120 MHz, 3996 MHz, 0 %, 0 %
2026/09/20 08:31:46.789, 6, 180.17 W, 29, 120 MHz, 3996 MHz, 0 %, 0 %
2026/09/20 08:31:46.789, 7, 182.13 W, 29, 120 MHz, 3996 MHz, 0 %, 0 %
2026/09/20 08:31:47.790, 0, 233.55 W, 36, 2032 MHz, 3996 MHz, 7 %, 0 %
2026/09/20 08:31:47.790, 1, 237.56 W, 38, 2032 MHz, 3996 MHz, 5 %, 1 %
2026/09/20 08:31:47.790, 2, 228.65 W, 31, 2032 MHz, 3996 MHz, 0 %, 0 %
2026/09/20 08:31:47.790, 3, 231.64 W, 31, 2032 MHz, 3996 MHz, 9 %, 0 %
2026/09/20 08:31:47.790, 4, 181.96 W, 35, 120 MHz, 3996 MHz, 0 %, 0 %
2026/09/20 08:31:47.790, 5, 179.47 W, 32, 120 MHz, 3996 MHz, 0 %, 0 %
2026/09/20 08:31:47.790, 6, 180.17 W, 29, 120 MHz, 3996 MHz, 0 %, 0 %
2026/09/20 08:31:47.790, 7, 182.13 W, 29, 120 MHz, 3996 MHz, 0 %, 0 %
2026/09/20 08:31:48.790, 0, 233.35 W, 36, 2032 MHz, 3996 MHz, 12 %, 0 %
2026/09/20 08:31:48.790, 1, 333.64 W, 40, 2032 MHz, 3996 MHz, 81 %, 13 %
2026/09/20 08:31:48.790, 2, 320.27 W, 33, 2032 MHz, 3996 MHz, 0 %, 0 %
2026/09/20 08:31:48.790, 3, 231.78 W, 31, 2032 MHz, 3996 MHz, 9 %, 0 %
2026/09/20 08:31:48.790, 4, 182.27 W, 35, 120 MHz, 3996 MHz, 0 %, 0 %
2026/09/20 08:31:48.790, 5, 179.46 W, 32, 120 MHz, 3996 MHz, 0 %, 0 %
2026/09/20 08:31:48.790, 6, 180.17 W, 29, 120 MHz, 3996 MHz, 0 %, 0 %
2026/09/20 08:31:48.790, 7, 182.13 W, 29, 120 MHz, 3996 MHz, 0 %, 0 %
2026/09/20 08:31:49.790, 0, 233.60 W, 36, 2032 MHz, 3996 MHz, 11 %, 0 %
2026/09/20 08:31:49.790, 1, 235.88 W, 38, 2032 MHz, 3996 MHz, 0 %, 0 %
2026/09/20 08:31:49.790, 2, 226.45 W, 32, 2032 MHz, 3996 MHz, 0 %, 0 %
2026/09/20 08:31:49.790, 3, 231.91 W, 31, 2032 MHz, 3996 MHz, 9 %, 0 %
2026/09/20 08:31:49.790, 4, 181.87 W, 35, 120 MHz, 3996 MHz, 0 %, 0 %
2026/09/20 08:31:49.790, 5, 179.47 W, 32, 120 MHz, 3996 MHz, 0 %, 0 %
2026/09/20 08:31:49.790, 6, 180.17 W, 29, 120 MHz, 3996 MHz, 0 %, 0 %
2026/09/20 08:31:49.790, 7, 182.13 W, 29, 120 MHz, 3996 MHz, 0 %, 0 %
2026/09/20 08:31:50.790, 0, 234.99 W, 36, 2032 MHz, 3996 MHz, 4 %, 1 %
2026/09/20 08:31:50.790, 1, 235.87 W, 38, 2032 MHz, 3996 MHz, 0 %, 0 %
2026/09/20 08:31:50.790, 2, 226.03 W, 31, 2032 MHz, 3996 MHz, 0 %, 0 %
2026/09/20 08:31:50.790, 3, 231.72 W, 31, 2032 MHz, 3996 MHz, 6 %, 0 %
2026/09/20 08:31:50.790, 4, 182.00 W, 35, 120 MHz, 3996 MHz, 0 %, 0 %
2026/09/20 08:31:50.790, 5, 179.46 W, 32, 120 MHz, 3996 MHz, 0 %, 0 %
2026/09/20 08:31:50.791, 6, 180.17 W, 29, 120 MHz, 3996 MHz, 0 %, 0 %
2026/09/20 08:31:50.791, 7, 182.13 W, 29, 120 MHz, 3996 MHz, 0 %, 0 %
2026/09/20 08:31:51.791, 0, 326.37 W, 37, 2032 MHz, 3996 MHz, 0 %, 0 %
2026/09/20 08:31:51.791, 1, 235.57 W, 38, 2032 MHz, 3996 MHz, 0 %, 0 %
2026/09/20 08:31:51.791, 2, 225.98 W, 31, 2032 MHz, 3996 MHz, 0 %, 0 %
2026/09/20 08:31:51.791, 3, 233.28 W, 31, 2032 MHz, 3996 MHz, 7 %, 1 %
2026/09/20 08:31:51.791, 4, 181.65 W, 35, 120 MHz, 3996 MHz, 0 %, 0 %
2026/09/20 08:31:51.791, 5, 179.46 W, 32, 120 MHz, 3996 MHz, 0 %, 0 %
2026/09/20 08:31:51.791, 6, 180.17 W, 29, 120 MHz, 3996 MHz, 0 %, 0 %
2026/09/20 08:31:51.791, 7, 182.13 W, 29, 120 MHz, 3996 MHz, 0 %, 0 %
2026/09/20 08:31:52.791, 0, 232.76 W, 37, 2032 MHz, 3996 MHz, 0 %, 0 %
2026/09/20 08:31:52.791, 1, 235.80 W, 38, 2032 MHz, 3996 MHz, 0 %, 0 %
2026/09/20 08:31:52.791, 2, 226.23 W, 31, 2032 MHz, 3996 MHz, 0 %, 0 %
2026/09/20 08:31:52.791, 3, 326.19 W, 34, 2032 MHz, 3996 MHz, 82 %, 13 %
2026/09/20 08:31:52.791, 4, 182.10 W, 35, 120 MHz, 3996 MHz, 0 %, 0 %
2026/09/20 08:31:52.791, 5, 179.47 W, 32, 120 MHz, 3996 MHz, 0 %, 0 %
2026/09/20 08:31:52.791, 6, 180.17 W, 29, 120 MHz, 3996 MHz, 0 %, 0 %
2026/09/20 08:31:52.791, 7, 182.13 W, 29, 120 MHz, 3996 MHz, 0 %, 0 %
2026/09/20 08:31:53.791, 0, 232.10 W, 37, 2032 MHz, 3996 MHz, 0 %, 0 %
2026/09/20 08:31:53.791, 1, 235.80 W, 38, 2032 MHz, 3996 MHz, 0 %, 0 %
2026/09/20 08:31:53.791, 2, 225.99 W, 31, 2032 MHz, 3996 MHz, 0 %, 0 %
2026/09/20 08:31:53.791, 3, 233.26 W, 31, 2032 MHz, 3996 MHz, 0 %, 0 %
2026/09/20 08:31:53.791, 4, 182.12 W, 35, 120 MHz, 3996 MHz, 0 %, 0 %
2026/09/20 08:31:53.791, 5, 179.46 W, 32, 120 MHz, 3996 MHz, 0 %, 0 %
2026/09/20 08:31:53.791, 6, 180.17 W, 29, 120 MHz, 3996 MHz, 0 %, 0 %
2026/09/20 08:31:53.791, 7, 182.13 W, 29, 120 MHz, 3996 MHz, 0 %, 0 %
2026/09/20 08:31:54.792, 0, 231.91 W, 37, 2032 MHz, 3996 MHz, 0 %, 0 %
2026/09/20 08:31:54.792, 1, 235.69 W, 38, 2032 MHz, 3996 MHz, 0 %, 0 %
2026/09/20 08:31:54.792, 2, 225.98 W, 31, 2032 MHz, 3996 MHz, 0 %, 0 %
2026/09/20 08:31:54.792, 3, 230.61 W, 31, 2032 MHz, 3996 MHz, 0 %, 0 %
2026/09/20 08:31:54.792, 4, 182.04 W, 35, 120 MHz, 3996 MHz, 0 %, 0 %
2026/09/20 08:31:54.792, 5, 179.47 W, 32, 120 MHz, 3996 MHz, 0 %, 0 %
2026/09/20 08:31:54.792, 6, 180.17 W, 29, 120 MHz, 3996 MHz, 0 %, 0 %
2026/09/20 08:31:54.792, 7, 182.13 W, 29, 120 MHz, 3996 MHz, 0 %, 0 %
2026/09/20 08:31:55.792, 0, 231.87 W, 37, 2032 MHz, 3996 MHz, 0 %, 0 %
2026/09/20 08:31:55.792, 1, 235.73 W, 38, 2032 MHz, 3996 MHz, 0 %, 0 %
2026/09/20 08:31:55.792, 2, 225.98 W, 31, 2032 MHz, 3996 MHz, 0 %, 0 %
2026/09/20 08:31:55.792, 3, 230.47 W, 31, 2032 MHz, 3996 MHz, 0 %, 0 %
2026/09/20 08:31:55.792, 4, 181.76 W, 35, 120 MHz, 3996 MHz, 0 %, 0 %
2026/09/20 08:31:55.792, 5, 179.46 W, 32, 120 MHz, 3996 MHz, 0 %, 0 %
2026/09/20 08:31:55.792, 6, 180.17 W, 29, 120 MHz, 3996 MHz, 0 %, 0 %
2026/09/20 08:31:55.792, 7, 182.13 W, 29, 120 MHz, 3996 MHz, 0 %, 0 %
2026/09/20 08:31:56.792, 0, 231.95 W, 37, 2032 MHz, 3996 MHz, 0 %, 0 %
2026/09/20 08:31:56.792, 1, 235.65 W, 38, 2032 MHz, 3996 MHz, 0 %, 0 %
2026/09/20 08:31:56.792, 2, 225.98 W, 31, 2032 MHz, 3996 MHz, 0 %, 0 %
2026/09/20 08:31:56.792, 3, 230.70 W, 31, 2032 MHz, 3996 MHz, 0 %, 0 %
2026/09/20 08:31:56.792, 4, 182.12 W, 35, 120 MHz, 3996 MHz, 0 %, 0 %
2026/09/20 08:31:56.792, 5, 179.47 W, 32, 120 MHz, 3996 MHz, 0 %, 0 %
2026/09/20 08:31:56.792, 6, 180.17 W, 29, 120 MHz, 3996 MHz, 0 %, 0 %
2026/09/20 08:31:56.792, 7, 182.13 W, 29, 120 MHz, 3996 MHz, 0 %, 0 %
2026/09/20 08:31:57.792, 0, 231.99 W, 37, 2032 MHz, 3996 MHz, 0 %, 0 %
2026/09/20 08:31:57.792, 1, 235.80 W, 38, 2032 MHz, 3996 MHz, 0 %, 0 %
2026/09/20 08:31:57.792, 2, 225.99 W, 31, 2032 MHz, 3996 MHz, 0 %, 0 %
2026/09/20 08:31:57.792, 3, 230.61 W, 31, 2032 MHz, 3996 MHz, 0 %, 0 %
2026/09/20 08:31:57.792, 4, 181.95 W, 35, 120 MHz, 3996 MHz, 0 %, 0 %
2026/09/20 08:31:57.792, 5, 179.46 W, 32, 120 MHz, 3996 MHz, 0 %, 0 %
2026/09/20 08:31:57.793, 6, 180.17 W, 29, 120 MHz, 3996 MHz, 0 %, 0 %
2026/09/20 08:31:57.793, 7, 182.13 W, 29, 120 MHz, 3996 MHz, 0 %, 0 %
2026/09/20 08:31:58.793, 0, 231.91 W, 37, 2032 MHz, 3996 MHz, 0 %, 0 %
2026/09/20 08:31:58.793, 1, 235.80 W, 38, 2032 MHz, 3996 MHz, 0 %, 0 %
2026/09/20 08:31:58.793, 2, 225.99 W, 31, 2032 MHz, 3996 MHz, 0 %, 0 %
2026/09/20 08:31:58.793, 3, 230.40 W, 31, 2032 MHz, 3996 MHz, 0 %, 0 %
2026/09/20 08:31:58.793, 4, 181.92 W, 35, 120 MHz, 3996 MHz, 0 %, 0 %
2026/09/20 08:31:58.793, 5, 179.46 W, 32, 120 MHz, 3996 MHz, 0 %, 0 %
2026/09/20 08:31:58.793, 6, 180.17 W, 29, 120 MHz, 3996 MHz, 0 %, 0 %
2026/09/20 08:31:58.793, 7, 182.13 W, 29, 120 MHz, 3996 MHz, 0 %, 0 %
2026/09/20 08:31:59.793, 0, 231.99 W, 37, 2032 MHz, 3996 MHz, 0 %, 0 %
2026/09/20 08:31:59.793, 1, 235.73 W, 38, 2032 MHz, 3996 MHz, 0 %, 0 %
2026/09/20 08:31:59.793, 2, 226.05 W, 31, 2032 MHz, 3996 MHz, 0 %, 0 %
2026/09/20 08:31:59.793, 3, 230.49 W, 31, 2032 MHz, 3996 MHz, 0 %, 0 %
2026/09/20 08:31:59.793, 4, 182.15 W, 35, 120 MHz, 3996 MHz, 0 %, 0 %
2026/09/20 08:31:59.793, 5, 179.47 W, 32, 120 MHz, 3996 MHz, 0 %, 0 %
2026/09/20 08:31:59.793, 6, 180.17 W, 29, 120 MHz, 3996 MHz, 0 %, 0 %
2026/09/20 08:31:59.793, 7, 182.13 W, 29, 120 MHz, 3996 MHz, 0 %, 0 %
2026/09/20 08:32:00.793, 0, 231.91 W, 37, 2032 MHz, 3996 MHz, 0 %, 0 %
2026/09/20 08:32:00.793, 1, 235.69 W, 38, 2032 MHz, 3996 MHz, 0 %, 0 %
2026/09/20 08:32:00.793, 2, 225.99 W, 31, 2032 MHz, 3996 MHz, 0 %, 0 %
2026/09/20 08:32:00.793, 3, 229.85 W, 31, 2032 MHz, 3996 MHz, 0 %, 0 %
2026/09/20 08:32:00.793, 4, 182.18 W, 35, 120 MHz, 3996 MHz, 0 %, 0 %
2026/09/20 08:32:00.793, 5, 179.46 W, 32, 120 MHz, 3996 MHz, 0 %, 0 %
2026/09/20 08:32:00.793, 6, 180.17 W, 29, 120 MHz, 3996 MHz, 0 %, 0 %
2026/09/20 08:32:00.793, 7, 182.13 W, 29, 120 MHz, 3996 MHz, 0 %, 0 %
2026/09/20 08:32:01.793, 0, 231.88 W, 37, 2032 MHz, 3996 MHz, 0 %, 0 %
2026/09/20 08:32:01.794, 1, 235.57 W, 38, 2032 MHz, 3996 MHz, 0 %, 0 %
2026/09/20 08:32:01.794, 2, 225.99 W, 31, 2032 MHz, 3996 MHz, 0 %, 0 %
2026/09/20 08:32:01.794, 3, 230.53 W, 31, 2032 MHz, 3996 MHz, 0 %, 0 %
2026/09/20 08:32:01.794, 4, 182.00 W, 35, 120 MHz, 3996 MHz, 0 %, 0 %
2026/09/20 08:32:01.794, 5, 179.47 W, 32, 120 MHz, 3996 MHz, 0 %, 0 %
2026/09/20 08:32:01.794, 6, 180.17 W, 29, 120 MHz, 3996 MHz, 0 %, 0 %
2026/09/20 08:32:01.794, 7, 182.13 W, 29, 120 MHz, 3996 MHz, 0 %, 0 %
2026/09/20 08:32:02.794, 0, 231.83 W, 37, 2032 MHz, 3996 MHz, 0 %, 0 %
2026/09/20 08:32:02.794, 1, 235.26 W, 38, 2032 MHz, 3996 MHz, 0 %, 0 %
2026/09/20 08:32:02.794, 2, 225.99 W, 31, 2032 MHz, 3996 MHz, 0 %, 0 %
2026/09/20 08:32:02.794, 3, 230.15 W, 31, 2032 MHz, 3996 MHz, 0 %, 0 %
2026/09/20 08:32:02.794, 4, 182.29 W, 35, 120 MHz, 3996 MHz, 0 %, 0 %
2026/09/20 08:32:02.794, 5, 179.46 W, 32, 120 MHz, 3996 MHz, 0 %, 0 %
2026/09/20 08:32:02.794, 6, 180.17 W, 29, 120 MHz, 3996 MHz, 0 %, 0 %
2026/09/20 08:32:02.794, 7, 182.13 W, 29, 120 MHz, 3996 MHz, 0 %, 0 %
2026/09/20 08:32:03.794, 0, 231.83 W, 37, 2032 MHz, 3996 MHz, 0 %, 0 %
2026/09/20 08:32:03.794, 1, 235.46 W, 38, 2032 MHz, 3996 MHz, 0 %, 0 %
2026/09/20 08:32:03.794, 2, 225.99 W, 31, 2032 MHz, 3996 MHz, 0 %, 0 %
2026/09/20 08:32:03.794, 3, 229.83 W, 31, 2032 MHz, 3996 MHz, 0 %, 0 %
2026/09/20 08:32:03.794, 4, 182.20 W, 35, 120 MHz, 3996 MHz, 0 %, 0 %
2026/09/20 08:32:03.794, 5, 179.47 W, 32, 120 MHz, 3996 MHz, 0 %, 0 %
2026/09/20 08:32:03.794, 6, 180.17 W, 29, 120 MHz, 3996 MHz, 0 %, 0 %
2026/09/20 08:32:03.794, 7, 182.13 W, 29, 120 MHz, 3996 MHz, 0 %, 0 %
2026/09/20 08:32:04.794, 0, 231.83 W, 37, 2032 MHz, 3996 MHz, 0 %, 0 %
2026/09/20 08:32:04.794, 1, 235.50 W, 38, 2032 MHz, 3996 MHz, 0 %, 0 %
2026/09/20 08:32:04.794, 2, 225.99 W, 31, 2032 MHz, 3996 MHz, 0 %, 0 %
2026/09/20 08:32:04.794, 3, 229.93 W, 31, 2032 MHz, 3996 MHz, 0 %, 0 %
2026/09/20 08:32:04.794, 4, 182.04 W, 35, 120 MHz, 3996 MHz, 0 %, 0 %
2026/09/20 08:32:04.795, 5, 179.47 W, 32, 120 MHz, 3996 MHz, 0 %, 0 %
2026/09/20 08:32:04.795, 6, 180.17 W, 29, 120 MHz, 3996 MHz, 0 %, 0 %
2026/09/20 08:32:04.795, 7, 182.13 W, 29, 120 MHz, 3996 MHz, 0 %, 0 %
2026/09/20 08:32:05.795, 0, 231.84 W, 37, 2032 MHz, 3996 MHz, 0 %, 0 %
2026/09/20 08:32:05.795, 1, 235.41 W, 38, 2032 MHz, 3996 MHz, 0 %, 0 %
2026/09/20 08:32:05.795, 2, 225.99 W, 31, 2032 MHz, 3996 MHz, 0 %, 0 %
2026/09/20 08:32:05.795, 3, 229.95 W, 31, 2032 MHz, 3996 MHz, 0 %, 0 %
2026/09/20 08:32:05.795, 4, 181.87 W, 35, 120 MHz, 3996 MHz, 0 %, 0 %
2026/09/20 08:32:05.795, 5, 179.46 W, 32, 120 MHz, 3996 MHz, 0 %, 0 %
2026/09/20 08:32:05.795, 6, 180.17 W, 29, 120 MHz, 3996 MHz, 0 %, 0 %
2026/09/20 08:32:05.795, 7, 182.13 W, 29, 120 MHz, 3996 MHz, 0 %, 0 %
2026/09/20 08:32:06.795, 0, 231.87 W, 37, 2032 MHz, 3996 MHz, 0 %, 0 %
2026/09/20 08:32:06.795, 1, 235.54 W, 38, 2032 MHz, 3996 MHz, 0 %, 0 %
2026/09/20 08:32:06.795, 2, 225.99 W, 31, 2032 MHz, 3996 MHz, 0 %, 0 %
2026/09/20 08:32:06.795, 3, 229.89 W, 31, 2032 MHz, 3996 MHz, 0 %, 0 %
2026/09/20 08:32:06.795, 4, 182.16 W, 35, 120 MHz, 3996 MHz, 0 %, 0 %
2026/09/20 08:32:06.795, 5, 179.47 W, 32, 120 MHz, 3996 MHz, 0 %, 0 %
2026/09/20 08:32:06.795, 6, 180.17 W, 29, 120 MHz, 3996 MHz, 0 %, 0 %
2026/09/20 08:32:06.795, 7, 182.13 W, 29, 120 MHz, 3996 MHz, 0 %, 0 %
2026/09/20 08:32:07.795, 0, 231.83 W, 37, 2032 MHz, 3996 MHz, 0 %, 0 %
2026/09/20 08:32:07.795, 1, 235.23 W, 38, 2032 MHz, 3996 MHz, 0 %, 0 %
2026/09/20 08:32:07.795, 2, 225.99 W, 31, 2032 MHz, 3996 MHz, 0 %, 0 %
2026/09/20 08:32:07.795, 3, 229.71 W, 31, 2032 MHz, 3996 MHz, 0 %, 0 %
2026/09/20 08:32:07.795, 4, 182.21 W, 35, 120 MHz, 3996 MHz, 0 %, 0 %
2026/09/20 08:32:07.795, 5, 179.47 W, 32, 120 MHz, 3996 MHz, 0 %, 0 %
2026/09/20 08:32:07.795, 6, 180.17 W, 29, 120 MHz, 3996 MHz, 0 %, 0 %
2026/09/20 08:32:07.795, 7, 182.13 W, 29, 120 MHz, 3996 MHz, 0 %, 0 %
2026/09/20 08:32:08.796, 0, 231.83 W, 37, 2032 MHz, 3996 MHz, 0 %, 0 %
2026/09/20 08:32:08.796, 1, 235.27 W, 38, 2032 MHz, 3996 MHz, 0 %, 0 %
2026/09/20 08:32:08.796, 2, 226.63 W, 31, 2032 MHz, 3996 MHz, 12 %, 0 %
2026/09/20 08:32:08.796, 3, 231.09 W, 31, 2032 MHz, 3996 MHz, 12 %, 0 %
2026/09/20 08:32:08.796, 4, 181.96 W, 35, 120 MHz, 3996 MHz, 0 %, 0 %
2026/09/20 08:32:08.796, 5, 179.47 W, 32, 120 MHz, 3996 MHz, 0 %, 0 %
2026/09/20 08:32:08.796, 6, 180.17 W, 29, 120 MHz, 3996 MHz, 0 %, 0 %
2026/09/20 08:32:08.796, 7, 182.13 W, 29, 120 MHz, 3996 MHz, 0 %, 0 %
2026/09/20 08:32:09.796, 0, 231.83 W, 37, 2032 MHz, 3996 MHz, 0 %, 0 %
2026/09/20 08:32:09.796, 1, 235.61 W, 38, 2032 MHz, 3996 MHz, 0 %, 0 %
2026/09/20 08:32:09.796, 2, 233.12 W, 31, 2032 MHz, 3996 MHz, 0 %, 0 %
2026/09/20 08:32:09.796, 3, 236.10 W, 31, 2032 MHz, 3996 MHz, 0 %, 0 %
2026/09/20 08:32:09.796, 4, 181.95 W, 35, 120 MHz, 3996 MHz, 0 %, 0 %
2026/09/20 08:32:09.796, 5, 179.46 W, 32, 120 MHz, 3996 MHz, 0 %, 0 %
2026/09/20 08:32:09.796, 6, 180.17 W, 29, 120 MHz, 3996 MHz, 0 %, 0 %
2026/09/20 08:32:09.796, 7, 182.13 W, 29, 120 MHz, 3996 MHz, 0 %, 0 %
2026/09/20 08:32:10.796, 0, 231.83 W, 37, 2032 MHz, 3996 MHz, 0 %, 0 %
2026/09/20 08:32:10.796, 1, 236.42 W, 38, 2032 MHz, 3996 MHz, 12 %, 0 %
2026/09/20 08:32:10.796, 2, 225.99 W, 31, 2032 MHz, 3996 MHz, 0 %, 0 %
2026/09/20 08:32:10.796, 3, 229.78 W, 31, 2032 MHz, 3996 MHz, 0 %, 0 %
2026/09/20 08:32:10.796, 4, 182.27 W, 35, 120 MHz, 3996 MHz, 0 %, 0 %
2026/09/20 08:32:10.796, 5, 179.46 W, 32, 120 MHz, 3996 MHz, 0 %, 0 %
2026/09/20 08:32:10.796, 6, 180.17 W, 29, 120 MHz, 3996 MHz, 0 %, 0 %
2026/09/20 08:32:10.796, 7, 182.13 W, 29, 120 MHz, 3996 MHz, 0 %, 0 %
2026/09/20 08:32:11.796, 0, 233.61 W, 37, 2032 MHz, 3996 MHz, 12 %, 0 %
2026/09/20 08:32:11.796, 1, 241.62 W, 38, 2032 MHz, 3996 MHz, 0 %, 0 %
2026/09/20 08:32:11.796, 2, 225.99 W, 31, 2032 MHz, 3996 MHz, 0 %, 0 %
2026/09/20 08:32:11.796, 3, 229.69 W, 31, 2032 MHz, 3996 MHz, 0 %, 0 %
2026/09/20 08:32:11.796, 4, 181.87 W, 35, 120 MHz, 3996 MHz, 0 %, 0 %
2026/09/20 08:32:11.796, 5, 179.47 W, 32, 120 MHz, 3996 MHz, 0 %, 0 %
2026/09/20 08:32:11.797, 6, 180.17 W, 29, 120 MHz, 3996 MHz, 0 %, 0 %
2026/09/20 08:32:11.797, 7, 182.13 W, 29, 120 MHz, 3996 MHz, 0 %, 0 %
2026/09/20 08:32:12.797, 0, 244.51 W, 37, 2032 MHz, 3996 MHz, 0 %, 0 %
2026/09/20 08:32:12.797, 1, 242.01 W, 38, 2032 MHz, 3996 MHz, 0 %, 0 %
2026/09/20 08:32:12.797, 2, 231.96 W, 31, 2032 MHz, 3996 MHz, 0 %, 0 %
2026/09/20 08:32:12.797, 3, 235.81 W, 31, 2032 MHz, 3996 MHz, 0 %, 0 %
2026/09/20 08:32:12.797, 4, 181.92 W, 35, 120 MHz, 3996 MHz, 0 %, 0 %
2026/09/20 08:32:12.797, 5, 179.47 W, 32, 120 MHz, 3996 MHz, 0 %, 0 %
2026/09/20 08:32:12.797, 6, 180.17 W, 29, 120 MHz, 3996 MHz, 0 %, 0 %
2026/09/20 08:32:12.797, 7, 182.13 W, 29, 120 MHz, 3996 MHz, 0 %, 0 %
2026/09/20 08:32:13.797, 0, 231.99 W, 37, 2032 MHz, 3996 MHz, 0 %, 0 %
2026/09/20 08:32:13.797, 1, 235.57 W, 38, 2032 MHz, 3996 MHz, 0 %, 0 %
2026/09/20 08:32:13.797, 2, 225.99 W, 31, 2032 MHz, 3996 MHz, 0 %, 0 %
2026/09/20 08:32:13.797, 3, 229.95 W, 31, 2032 MHz, 3996 MHz, 0 %, 0 %
2026/09/20 08:32:13.797, 4, 182.21 W, 35, 120 MHz, 3996 MHz, 0 %, 0 %
2026/09/20 08:32:13.797, 5, 179.46 W, 32, 120 MHz, 3996 MHz, 0 %, 0 %
2026/09/20 08:32:13.797, 6, 180.17 W, 29, 120 MHz, 3996 MHz, 0 %, 0 %
2026/09/20 08:32:13.797, 7, 182.13 W, 29, 120 MHz, 3996 MHz, 0 %, 0 %
2026/09/20 08:32:14.797, 0, 231.85 W, 37, 2032 MHz, 3996 MHz, 0 %, 0 %
2026/09/20 08:32:14.797, 1, 235.37 W, 38, 2032 MHz, 3996 MHz, 1 %, 0 %
2026/09/20 08:32:14.797, 2, 226.02 W, 31, 2032 MHz, 3996 MHz, 1 %, 0 %
2026/09/20 08:32:14.797, 3, 229.95 W, 31, 2032 MHz, 3996 MHz, 1 %, 0 %
2026/09/20 08:32:14.797, 4, 181.95 W, 35, 120 MHz, 3996 MHz, 0 %, 0 %
2026/09/20 08:32:14.797, 5, 179.47 W, 32, 120 MHz, 3996 MHz, 0 %, 0 %
2026/09/20 08:32:14.797, 6, 180.17 W, 29, 120 MHz, 3996 MHz, 0 %, 0 %
2026/09/20 08:32:14.797, 7, 182.13 W, 29, 120 MHz, 3996 MHz, 0 %, 0 %
2026/09/20 08:32:15.798, 0, 231.95 W, 37, 2032 MHz, 3996 MHz, 0 %, 0 %
2026/09/20 08:32:15.798, 1, 235.80 W, 38, 2032 MHz, 3996 MHz, 0 %, 0 %
2026/09/20 08:32:15.798, 2, 226.06 W, 31, 2032 MHz, 3996 MHz, 0 %, 0 %
2026/09/20 08:32:15.798, 3, 230.25 W, 31, 2032 MHz, 3996 MHz, 0 %, 0 %
2026/09/20 08:32:15.798, 4, 181.92 W, 35, 120 MHz, 3996 MHz, 0 %, 0 %
2026/09/20 08:32:15.798, 5, 179.46 W, 32, 120 MHz, 3996 MHz, 0 %, 0 %
2026/09/20 08:32:15.798, 6, 180.17 W, 29, 120 MHz, 3996 MHz, 0 %, 0 %
2026/09/20 08:32:15.798, 7, 182.13 W, 29, 120 MHz, 3996 MHz, 0 %, 0 %
2026/09/20 08:32:16.798, 0, 231.84 W, 37, 2032 MHz, 3996 MHz, 0 %, 0 %
2026/09/20 08:32:16.798, 1, 235.84 W, 38, 2032 MHz, 3996 MHz, 0 %, 0 %
2026/09/20 08:32:16.798, 2, 226.02 W, 31, 2032 MHz, 3996 MHz, 0 %, 0 %
2026/09/20 08:32:16.798, 3, 229.82 W, 31, 2032 MHz, 3996 MHz, 0 %, 0 %
2026/09/20 08:32:16.798, 4, 181.87 W, 35, 120 MHz, 3996 MHz, 0 %, 0 %
2026/09/20 08:32:16.798, 5, 179.47 W, 32, 120 MHz, 3996 MHz, 0 %, 0 %
2026/09/20 08:32:16.798, 6, 180.17 W, 29, 120 MHz, 3996 MHz, 0 %, 0 %
2026/09/20 08:32:16.798, 7, 182.13 W, 29, 120 MHz, 3996 MHz, 0 %, 0 %
2026/09/20 08:32:17.798, 0, 232.34 W, 37, 2032 MHz, 3996 MHz, 0 %, 0 %
2026/09/20 08:32:17.798, 1, 235.84 W, 38, 2032 MHz, 3996 MHz, 0 %, 0 %
2026/09/20 08:32:17.798, 2, 225.98 W, 31, 2032 MHz, 3996 MHz, 0 %, 0 %
2026/09/20 08:32:17.798, 3, 230.02 W, 31, 2032 MHz, 3996 MHz, 0 %, 0 %
2026/09/20 08:32:17.798, 4, 182.15 W, 35, 120 MHz, 3996 MHz, 0 %, 0 %
2026/09/20 08:32:17.798, 5, 179.46 W, 32, 120 MHz, 3996 MHz, 0 %, 0 %
2026/09/20 08:32:17.798, 6, 180.17 W, 29, 120 MHz, 3996 MHz, 0 %, 0 %
2026/09/20 08:32:17.798, 7, 182.13 W, 29, 120 MHz, 3996 MHz, 0 %, 0 %
2026/09/20 08:32:18.798, 0, 234.90 W, 37, 2032 MHz, 3996 MHz, 0 %, 0 %
2026/09/20 08:32:18.798, 1, 237.47 W, 38, 2032 MHz, 3996 MHz, 0 %, 0 %
2026/09/20 08:32:18.798, 2, 226.26 W, 31, 2032 MHz, 3996 MHz, 1 %, 0 %
2026/09/20 08:32:18.798, 3, 232.17 W, 31, 2032 MHz, 3996 MHz, 1 %, 0 %
2026/09/20 08:32:18.798, 4, 182.02 W, 35, 120 MHz, 3996 MHz, 0 %, 0 %
2026/09/20 08:32:18.799, 5, 179.46 W, 32, 120 MHz, 3996 MHz, 0 %, 0 %
2026/09/20 08:32:18.799, 6, 180.17 W, 29, 120 MHz, 3996 MHz, 0 %, 0 %
2026/09/20 08:32:18.799, 7, 182.13 W, 29, 120 MHz, 3996 MHz, 0 %, 0 %
2026/09/20 08:32:19.799, 0, 251.50 W, 37, 2032 MHz, 3996 MHz, 1 %, 0 %
2026/09/20 08:32:19.799, 1, 256.76 W, 38, 2032 MHz, 3996 MHz, 1 %, 0 %
2026/09/20 08:32:19.799, 2, 247.20 W, 31, 2032 MHz, 3996 MHz, 1 %, 0 %
2026/09/20 08:32:19.799, 3, 249.89 W, 31, 2032 MHz, 3996 MHz, 1 %, 0 %
2026/09/20 08:32:19.799, 4, 181.99 W, 35, 120 MHz, 3996 MHz, 0 %, 0 %
2026/09/20 08:32:19.799, 5, 179.47 W, 32, 120 MHz, 3996 MHz, 0 %, 0 %
2026/09/20 08:32:19.799, 6, 180.17 W, 29, 120 MHz, 3996 MHz, 0 %, 0 %
2026/09/20 08:32:19.799, 7, 182.13 W, 29, 120 MHz, 3996 MHz, 0 %, 0 %
2026/09/20 08:32:20.799, 0, 233.48 W, 37, 2032 MHz, 3996 MHz, 0 %, 0 %
2026/09/20 08:32:20.799, 1, 235.88 W, 38, 2032 MHz, 3996 MHz, 1 %, 0 %
2026/09/20 08:32:20.799, 2, 226.57 W, 31, 2032 MHz, 3996 MHz, 0 %, 0 %
2026/09/20 08:32:20.799, 3, 231.12 W, 31, 2032 MHz, 3996 MHz, 0 %, 0 %
2026/09/20 08:32:20.799, 4, 182.45 W, 35, 120 MHz, 3996 MHz, 0 %, 0 %
2026/09/20 08:32:20.799, 5, 179.47 W, 32, 120 MHz, 3996 MHz, 0 %, 0 %
2026/09/20 08:32:20.799, 6, 180.17 W, 29, 120 MHz, 3996 MHz, 0 %, 0 %
2026/09/20 08:32:20.799, 7, 182.13 W, 29, 120 MHz, 3996 MHz, 0 %, 0 %
2026/09/20 08:32:21.799, 0, 232.18 W, 37, 2032 MHz, 3996 MHz, 7 %, 0 %
2026/09/20 08:32:21.799, 1, 235.80 W, 38, 2032 MHz, 3996 MHz, 35 %, 0 %
2026/09/20 08:32:21.799, 2, 226.10 W, 31, 2032 MHz, 3996 MHz, 7 %, 0 %
2026/09/20 08:32:21.799, 3, 229.99 W, 31, 2032 MHz, 3996 MHz, 1 %, 0 %
2026/09/20 08:32:21.799, 4, 182.08 W, 35, 120 MHz, 3996 MHz, 0 %, 0 %
2026/09/20 08:32:21.799, 5, 179.46 W, 32, 120 MHz, 3996 MHz, 0 %, 0 %
2026/09/20 08:32:21.799, 6, 180.17 W, 29, 120 MHz, 3996 MHz, 0 %, 0 %
2026/09/20 08:32:21.799, 7, 182.13 W, 29, 120 MHz, 3996 MHz, 0 %, 0 %
2026/09/20 08:32:22.800, 0, 232.54 W, 37, 2032 MHz, 3996 MHz, 0 %, 0 %
2026/09/20 08:32:22.800, 1, 235.88 W, 38, 2032 MHz, 3996 MHz, 0 %, 0 %
2026/09/20 08:32:22.800, 2, 226.22 W, 31, 2032 MHz, 3996 MHz, 0 %, 0 %
2026/09/20 08:32:22.800, 3, 230.38 W, 31, 2032 MHz, 3996 MHz, 1 %, 0 %
2026/09/20 08:32:22.800, 4, 182.63 W, 35, 120 MHz, 3996 MHz, 0 %, 0 %
2026/09/20 08:32:22.800, 5, 179.47 W, 32, 120 MHz, 3996 MHz, 0 %, 0 %
2026/09/20 08:32:22.800, 6, 180.17 W, 29, 120 MHz, 3996 MHz, 0 %, 0 %
2026/09/20 08:32:22.800, 7, 182.13 W, 29, 120 MHz, 3996 MHz, 0 %, 0 %
2026/09/20 08:32:23.800, 0, 233.43 W, 37, 2032 MHz, 3996 MHz, 0 %, 0 %
2026/09/20 08:32:23.800, 1, 238.33 W, 38, 2032 MHz, 3996 MHz, 0 %, 0 %
2026/09/20 08:32:23.800, 2, 227.35 W, 31, 2032 MHz, 3996 MHz, 0 %, 0 %
2026/09/20 08:32:23.800, 3, 232.75 W, 31, 2032 MHz, 3996 MHz, 0 %, 0 %
2026/09/20 08:32:23.800, 4, 182.14 W, 35, 120 MHz, 3996 MHz, 0 %, 0 %
2026/09/20 08:32:23.800, 5, 179.46 W, 32, 120 MHz, 3996 MHz, 0 %, 0 %
2026/09/20 08:32:23.800, 6, 180.17 W, 29, 120 MHz, 3996 MHz, 0 %, 0 %
2026/09/20 08:32:23.800, 7, 182.13 W, 29, 120 MHz, 3996 MHz, 0 %, 0 %
2026/09/20 08:32:24.800, 0, 231.83 W, 37, 2032 MHz, 3996 MHz, 0 %, 0 %
2026/09/20 08:32:24.800, 1, 235.88 W, 38, 2032 MHz, 3996 MHz, 0 %, 0 %
2026/09/20 08:32:24.800, 2, 225.98 W, 31, 2032 MHz, 3996 MHz, 0 %, 0 %
2026/09/20 08:32:24.800, 3, 229.88 W, 31, 2032 MHz, 3996 MHz, 0 %, 0 %
2026/09/20 08:32:24.800, 4, 182.04 W, 35, 120 MHz, 3996 MHz, 0 %, 0 %
2026/09/20 08:32:24.800, 5, 179.46 W, 32, 120 MHz, 3996 MHz, 0 %, 0 %
2026/09/20 08:32:24.800, 6, 180.13 W, 29, 120 MHz, 3996 MHz, 0 %, 0 %
2026/09/20 08:32:24.800, 7, 182.13 W, 29, 120 MHz, 3996 MHz, 0 %, 0 %
2026/09/20 08:32:25.800, 0, 231.83 W, 37, 2032 MHz, 3996 MHz, 0 %, 0 %
2026/09/20 08:32:25.801, 1, 235.88 W, 38, 2032 MHz, 3996 MHz, 0 %, 0 %
2026/09/20 08:32:25.801, 2, 225.98 W, 31, 2032 MHz, 3996 MHz, 0 %, 0 %
2026/09/20 08:32:25.801, 3, 229.71 W, 31, 2032 MHz, 3996 MHz, 0 %, 0 %
2026/09/20 08:32:25.801, 4, 182.21 W, 35, 120 MHz, 3996 MHz, 0 %, 0 %
2026/09/20 08:32:25.801, 5, 179.47 W, 32, 120 MHz, 3996 MHz, 0 %, 0 %
2026/09/20 08:32:25.801, 6, 180.17 W, 29, 120 MHz, 3996 MHz, 0 %, 0 %
2026/09/20 08:32:25.801, 7, 182.13 W, 29, 120 MHz, 3996 MHz, 0 %, 0 %
2026/09/20 08:32:26.801, 0, 242.04 W, 37, 2032 MHz, 3996 MHz, 100 %, 0 %
2026/09/20 08:32:26.801, 1, 235.80 W, 38, 2032 MHz, 3996 MHz, 0 %, 0 %
2026/09/20 08:32:26.801, 2, 225.90 W, 31, 2032 MHz, 3996 MHz, 0 %, 0 %
2026/09/20 08:32:26.801, 3, 239.75 W, 31, 2032 MHz, 3996 MHz, 100 %, 0 %
2026/09/20 08:32:26.801, 4, 182.08 W, 35, 120 MHz, 3996 MHz, 0 %, 0 %
2026/09/20 08:32:26.801, 5, 179.46 W, 32, 120 MHz, 3996 MHz, 0 %, 0 %
2026/09/20 08:32:26.801, 6, 180.17 W, 29, 120 MHz, 3996 MHz, 0 %, 0 %
2026/09/20 08:32:26.801, 7, 182.13 W, 29, 120 MHz, 3996 MHz, 0 %, 0 %
2026/09/20 08:32:27.801, 0, 243.52 W, 37, 2032 MHz, 3996 MHz, 100 %, 0 %
2026/09/20 08:32:27.801, 1, 235.88 W, 38, 2032 MHz, 3996 MHz, 0 %, 0 %
2026/09/20 08:32:27.801, 2, 225.89 W, 31, 2032 MHz, 3996 MHz, 0 %, 0 %
2026/09/20 08:32:27.801, 3, 241.29 W, 31, 2032 MHz, 3996 MHz, 100 %, 0 %
2026/09/20 08:32:27.801, 4, 181.96 W, 35, 120 MHz, 3996 MHz, 0 %, 0 %
2026/09/20 08:32:27.801, 5, 179.47 W, 32, 120 MHz, 3996 MHz, 0 %, 0 %
2026/09/20 08:32:27.801, 6, 180.17 W, 29, 120 MHz, 3996 MHz, 0 %, 0 %
2026/09/20 08:32:27.801, 7, 182.13 W, 29, 120 MHz, 3996 MHz, 0 %, 0 %
2026/09/20 08:32:28.801, 0, 232.86 W, 37, 2032 MHz, 3996 MHz, 0 %, 0 %
2026/09/20 08:32:28.801, 1, 235.96 W, 38, 2032 MHz, 3996 MHz, 0 %, 0 %
2026/09/20 08:32:28.801, 2, 225.98 W, 31, 2032 MHz, 3996 MHz, 0 %, 0 %
2026/09/20 08:32:28.801, 3, 230.68 W, 31, 2032 MHz, 3996 MHz, 0 %, 0 %
2026/09/20 08:32:28.801, 4, 181.87 W, 35, 120 MHz, 3996 MHz, 0 %, 0 %
2026/09/20 08:32:28.802, 5, 179.47 W, 32, 120 MHz, 3996 MHz, 0 %, 0 %
2026/09/20 08:32:28.802, 6, 180.17 W, 29, 120 MHz, 3996 MHz, 0 %, 0 %
2026/09/20 08:32:28.802, 7, 182.13 W, 29, 120 MHz, 3996 MHz, 0 %, 0 %
2026/09/20 08:32:29.802, 0, 231.83 W, 37, 2032 MHz, 3996 MHz, 0 %, 0 %
2026/09/20 08:32:29.802, 1, 235.88 W, 38, 2032 MHz, 3996 MHz, 0 %, 0 %
2026/09/20 08:32:29.802, 2, 225.99 W, 31, 2032 MHz, 3996 MHz, 0 %, 0 %
2026/09/20 08:32:29.802, 3, 229.80 W, 31, 2032 MHz, 3996 MHz, 0 %, 0 %
2026/09/20 08:32:29.802, 4, 182.00 W, 35, 120 MHz, 3996 MHz, 0 %, 0 %
2026/09/20 08:32:29.802, 5, 179.46 W, 32, 120 MHz, 3996 MHz, 0 %, 0 %
2026/09/20 08:32:29.802, 6, 180.17 W, 29, 120 MHz, 3996 MHz, 0 %, 0 %
2026/09/20 08:32:29.802, 7, 182.13 W, 29, 120 MHz, 3996 MHz, 0 %, 0 %
2026/09/20 08:32:30.802, 0, 231.83 W, 37, 2032 MHz, 3996 MHz, 0 %, 0 %
2026/09/20 08:32:30.802, 1, 235.77 W, 38, 2032 MHz, 3996 MHz, 0 %, 0 %
2026/09/20 08:32:30.802, 2, 225.99 W, 31, 2032 MHz, 3996 MHz, 0 %, 0 %
2026/09/20 08:32:30.802, 3, 229.79 W, 31, 2032 MHz, 3996 MHz, 0 %, 0 %
2026/09/20 08:32:30.802, 4, 182.02 W, 35, 120 MHz, 3996 MHz, 0 %, 0 %
2026/09/20 08:32:30.802, 5, 179.47 W, 32, 120 MHz, 3996 MHz, 0 %, 0 %
2026/09/20 08:32:30.802, 6, 180.17 W, 29, 120 MHz, 3996 MHz, 0 %, 0 %
2026/09/20 08:32:30.802, 7, 182.13 W, 29, 120 MHz, 3996 MHz, 0 %, 0 %
2026/09/20 08:32:31.802, 0, 231.83 W, 37, 2032 MHz, 3996 MHz, 0 %, 0 %
2026/09/20 08:32:31.802, 1, 235.84 W, 38, 2032 MHz, 3996 MHz, 0 %, 0 %
2026/09/20 08:32:31.802, 2, 225.99 W, 31, 2032 MHz, 3996 MHz, 0 %, 0 %
2026/09/20 08:32:31.802, 3, 229.79 W, 31, 2032 MHz, 3996 MHz, 0 %, 0 %
2026/09/20 08:32:31.802, 4, 181.92 W, 35, 120 MHz, 3996 MHz, 0 %, 0 %
2026/09/20 08:32:31.802, 5, 179.46 W, 32, 120 MHz, 3996 MHz, 0 %, 0 %
2026/09/20 08:32:31.802, 6, 180.17 W, 29, 120 MHz, 3996 MHz, 0 %, 0 %
2026/09/20 08:32:31.802, 7, 182.13 W, 29, 120 MHz, 3996 MHz, 0 %, 0 %
2026/09/20 08:32:32.803, 0, 236.39 W, 37, 2032 MHz, 3996 MHz, 100 %, 0 %
2026/09/20 08:32:32.803, 1, 235.80 W, 38, 2032 MHz, 3996 MHz, 0 %, 0 %
2026/09/20 08:32:32.803, 2, 225.96 W, 31, 2032 MHz, 3996 MHz, 0 %, 0 %
2026/09/20 08:32:32.803, 3, 233.89 W, 31, 2032 MHz, 3996 MHz, 100 %, 0 %
2026/09/20 08:32:32.803, 4, 181.91 W, 35, 120 MHz, 3996 MHz, 0 %, 0 %
2026/09/20 08:32:32.803, 5, 179.47 W, 32, 120 MHz, 3996 MHz, 0 %, 0 %
2026/09/20 08:32:32.803, 6, 180.17 W, 29, 120 MHz, 3996 MHz, 0 %, 0 %
2026/09/20 08:32:32.803, 7, 182.13 W, 29, 120 MHz, 3996 MHz, 0 %, 0 %
2026/09/20 08:32:33.803, 0, 245.32 W, 37, 2032 MHz, 3996 MHz, 100 %, 0 %
2026/09/20 08:32:33.803, 1, 235.88 W, 38, 2032 MHz, 3996 MHz, 0 %, 0 %
2026/09/20 08:32:33.803, 2, 225.90 W, 31, 2032 MHz, 3996 MHz, 0 %, 0 %
2026/09/20 08:32:33.803, 3, 241.99 W, 31, 2032 MHz, 3996 MHz, 100 %, 0 %
2026/09/20 08:32:33.803, 4, 182.00 W, 35, 120 MHz, 3996 MHz, 0 %, 0 %
2026/09/20 08:32:33.803, 5, 179.46 W, 32, 120 MHz, 3996 MHz, 0 %, 0 %
2026/09/20 08:32:33.803, 6, 180.17 W, 29, 120 MHz, 3996 MHz, 0 %, 0 %
2026/09/20 08:32:33.803, 7, 182.13 W, 29, 120 MHz, 3996 MHz, 0 %, 0 %
2026/09/20 08:32:34.803, 0, 245.23 W, 37, 2032 MHz, 3996 MHz, 100 %, 0 %
2026/09/20 08:32:34.803, 1, 235.80 W, 38, 2032 MHz, 3996 MHz, 0 %, 0 %
2026/09/20 08:32:34.803, 2, 225.90 W, 31, 2032 MHz, 3996 MHz, 0 %, 0 %
2026/09/20 08:32:34.803, 3, 241.72 W, 31, 2032 MHz, 3996 MHz, 100 %, 0 %
2026/09/20 08:32:34.803, 4, 181.76 W, 35, 120 MHz, 3996 MHz, 0 %, 0 %
2026/09/20 08:32:34.803, 5, 179.46 W, 32, 120 MHz, 3996 MHz, 0 %, 0 %
2026/09/20 08:32:34.803, 6, 180.17 W, 29, 120 MHz, 3996 MHz, 0 %, 0 %
2026/09/20 08:32:34.803, 7, 182.13 W, 29, 120 MHz, 3996 MHz, 0 %, 0 %
2026/09/20 08:32:35.803, 0, 245.39 W, 37, 2032 MHz, 3996 MHz, 100 %, 0 %
2026/09/20 08:32:35.803, 1, 235.88 W, 38, 2032 MHz, 3996 MHz, 0 %, 0 %
2026/09/20 08:32:35.803, 2, 225.88 W, 31, 2032 MHz, 3996 MHz, 0 %, 0 %
2026/09/20 08:32:35.803, 3, 241.83 W, 31, 2032 MHz, 3996 MHz, 100 %, 0 %
2026/09/20 08:32:35.803, 4, 182.02 W, 35, 120 MHz, 3996 MHz, 0 %, 0 %
2026/09/20 08:32:35.804, 5, 179.47 W, 32, 120 MHz, 3996 MHz, 0 %, 0 %
2026/09/20 08:32:35.804, 6, 180.17 W, 29, 120 MHz, 3996 MHz, 0 %, 0 %
2026/09/20 08:32:35.804, 7, 182.13 W, 29, 120 MHz, 3996 MHz, 0 %, 0 %
2026/09/20 08:32:36.804, 0, 245.20 W, 37, 2032 MHz, 3996 MHz, 100 %, 0 %
2026/09/20 08:32:36.804, 1, 235.88 W, 38, 2032 MHz, 3996 MHz, 0 %, 0 %
2026/09/20 08:32:36.804, 2, 225.87 W, 31, 2032 MHz, 3996 MHz, 0 %, 0 %
2026/09/20 08:32:36.804, 3, 241.60 W, 31, 2032 MHz, 3996 MHz, 100 %, 0 %
2026/09/20 08:32:36.804, 4, 182.04 W, 35, 120 MHz, 3996 MHz, 0 %, 0 %
2026/09/20 08:32:36.804, 5, 179.47 W, 32, 120 MHz, 3996 MHz, 0 %, 0 %
2026/09/20 08:32:36.804, 6, 180.17 W, 29, 120 MHz, 3996 MHz, 0 %, 0 %
2026/09/20 08:32:36.804, 7, 182.13 W, 29, 120 MHz, 3996 MHz, 0 %, 0 %
2026/09/20 08:32:37.804, 0, 245.43 W, 37, 2032 MHz, 3996 MHz, 100 %, 0 %
2026/09/20 08:32:37.804, 1, 235.88 W, 38, 2032 MHz, 3996 MHz, 0 %, 0 %
2026/09/20 08:32:37.804, 2, 225.90 W, 31, 2032 MHz, 3996 MHz, 0 %, 0 %
2026/09/20 08:32:37.804, 3, 241.99 W, 31, 2032 MHz, 3996 MHz, 100 %, 0 %
2026/09/20 08:32:37.804, 4, 181.96 W, 35, 120 MHz, 3996 MHz, 0 %, 0 %
2026/09/20 08:32:37.804, 5, 179.47 W, 32, 120 MHz, 3996 MHz, 0 %, 0 %
2026/09/20 08:32:37.804, 6, 180.17 W, 29, 120 MHz, 3996 MHz, 0 %, 0 %
2026/09/20 08:32:37.804, 7, 182.13 W, 29, 120 MHz, 3996 MHz, 0 %, 0 %
2026/09/20 08:32:38.804, 0, 245.39 W, 37, 2032 MHz, 3996 MHz, 100 %, 0 %
2026/09/20 08:32:38.804, 1, 235.84 W, 38, 2032 MHz, 3996 MHz, 0 %, 0 %
2026/09/20 08:32:38.804, 2, 225.90 W, 31, 2032 MHz, 3996 MHz, 0 %, 0 %
2026/09/20 08:32:38.804, 3, 241.95 W, 31, 2032 MHz, 3996 MHz, 100 %, 0 %
2026/09/20 08:32:38.804, 4, 182.00 W, 35, 120 MHz, 3996 MHz, 0 %, 0 %
2026/09/20 08:32:38.804, 5, 179.47 W, 32, 120 MHz, 3996 MHz, 0 %, 0 %
2026/09/20 08:32:38.804, 6, 180.17 W, 29, 120 MHz, 3996 MHz, 0 %, 0 %
2026/09/20 08:32:38.804, 7, 182.13 W, 29, 120 MHz, 3996 MHz, 0 %, 0 %
2026/09/20 08:32:39.805, 0, 248.89 W, 37, 2032 MHz, 3996 MHz, 100 %, 1 %
2026/09/20 08:32:39.805, 1, 240.65 W, 38, 2032 MHz, 3996 MHz, 21 %, 1 %
2026/09/20 08:32:39.805, 2, 229.37 W, 31, 2032 MHz, 3996 MHz, 3 %, 1 %
2026/09/20 08:32:39.805, 3, 245.35 W, 31, 2032 MHz, 3996 MHz, 100 %, 1 %
2026/09/20 08:32:39.805, 4, 182.10 W, 35, 120 MHz, 3996 MHz, 0 %, 0 %
2026/09/20 08:32:39.805, 5, 179.47 W, 32, 120 MHz, 3996 MHz, 0 %, 0 %
2026/09/20 08:32:39.805, 6, 180.17 W, 29, 120 MHz, 3996 MHz, 0 %, 0 %
2026/09/20 08:32:39.805, 7, 182.13 W, 29, 120 MHz, 3996 MHz, 0 %, 0 %
2026/09/20 08:32:40.805, 0, 243.16 W, 37, 2032 MHz, 3996 MHz, 100 %, 2 %
2026/09/20 08:32:40.805, 1, 243.84 W, 38, 2032 MHz, 3996 MHz, 72 %, 2 %
2026/09/20 08:32:40.805, 2, 231.37 W, 31, 2032 MHz, 3996 MHz, 7 %, 2 %
2026/09/20 08:32:40.805, 3, 240.79 W, 31, 2032 MHz, 3996 MHz, 100 %, 2 %
2026/09/20 08:32:40.805, 4, 182.04 W, 35, 120 MHz, 3996 MHz, 0 %, 0 %
2026/09/20 08:32:40.805, 5, 179.46 W, 32, 120 MHz, 3996 MHz, 0 %, 0 %
2026/09/20 08:32:40.805, 6, 180.17 W, 29, 120 MHz, 3996 MHz, 0 %, 0 %
2026/09/20 08:32:40.805, 7, 182.13 W, 29, 120 MHz, 3996 MHz, 0 %, 0 %
2026/09/20 08:32:41.805, 0, 256.38 W, 37, 2032 MHz, 3996 MHz, 100 %, 2 %
2026/09/20 08:32:41.805, 1, 251.66 W, 38, 2032 MHz, 3996 MHz, 36 %, 2 %
2026/09/20 08:32:41.805, 2, 234.86 W, 31, 2032 MHz, 3996 MHz, 7 %, 2 %
2026/09/20 08:32:41.805, 3, 253.98 W, 32, 2032 MHz, 3996 MHz, 100 %, 2 %
2026/09/20 08:32:41.805, 4, 181.85 W, 35, 120 MHz, 3996 MHz, 0 %, 0 %
2026/09/20 08:32:41.805, 5, 179.47 W, 32, 120 MHz, 3996 MHz, 0 %, 0 %
2026/09/20 08:32:41.805, 6, 180.13 W, 29, 120 MHz, 3996 MHz, 0 %, 0 %
2026/09/20 08:32:41.805, 7, 182.13 W, 29, 120 MHz, 3996 MHz, 0 %, 0 %
2026/09/20 08:32:42.805, 0, 242.41 W, 37, 2032 MHz, 3996 MHz, 0 %, 0 %
2026/09/20 08:32:42.805, 1, 243.78 W, 38, 2032 MHz, 3996 MHz, 0 %, 0 %
2026/09/20 08:32:42.805, 2, 233.04 W, 31, 2032 MHz, 3996 MHz, 0 %, 0 %
2026/09/20 08:32:42.805, 3, 240.46 W, 31, 2032 MHz, 3996 MHz, 0 %, 0 %
2026/09/20 08:32:42.805, 4, 182.08 W, 35, 120 MHz, 3996 MHz, 0 %, 0 %
2026/09/20 08:32:42.805, 5, 179.46 W, 32, 120 MHz, 3996 MHz, 0 %, 0 %
2026/09/20 08:32:42.805, 6, 180.17 W, 29, 120 MHz, 3996 MHz, 0 %, 0 %
2026/09/20 08:32:42.806, 7, 182.13 W, 29, 120 MHz, 3996 MHz, 0 %, 0 %
2026/09/20 08:32:43.806, 0, 291.28 W, 39, 2032 MHz, 3996 MHz, 75 %, 15 %
2026/09/20 08:32:43.806, 1, 296.83 W, 41, 2032 MHz, 3996 MHz, 72 %, 17 %
2026/09/20 08:32:43.806, 2, 282.11 W, 35, 2032 MHz, 3996 MHz, 74 %, 15 %
2026/09/20 08:32:43.806, 3, 290.32 W, 33, 2032 MHz, 3996 MHz, 65 %, 13 %
2026/09/20 08:32:43.806, 4, 181.95 W, 35, 120 MHz, 3996 MHz, 0 %, 0 %
2026/09/20 08:32:43.806, 5, 179.47 W, 32, 120 MHz, 3996 MHz, 0 %, 0 %
2026/09/20 08:32:43.806, 6, 180.17 W, 29, 120 MHz, 3996 MHz, 0 %, 0 %
2026/09/20 08:32:43.806, 7, 182.13 W, 29, 120 MHz, 3996 MHz, 0 %, 0 %
2026/09/20 08:32:44.806, 0, 256.82 W, 38, 2032 MHz, 3996 MHz, 28 %, 17 %
2026/09/20 08:32:44.806, 1, 251.00 W, 39, 2032 MHz, 3996 MHz, 14 %, 7 %
2026/09/20 08:32:44.806, 2, 235.78 W, 32, 2032 MHz, 3996 MHz, 23 %, 12 %
2026/09/20 08:32:44.806, 3, 238.37 W, 32, 2032 MHz, 3996 MHz, 18 %, 8 %
2026/09/20 08:32:44.806, 4, 182.00 W, 35, 120 MHz, 3996 MHz, 0 %, 0 %
2026/09/20 08:32:44.806, 5, 179.46 W, 32, 120 MHz, 3996 MHz, 0 %, 0 %
2026/09/20 08:32:44.806, 6, 180.17 W, 29, 120 MHz, 3996 MHz, 0 %, 0 %
2026/09/20 08:32:44.806, 7, 182.13 W, 29, 120 MHz, 3996 MHz, 0 %, 0 %
2026/09/20 08:32:45.806, 0, 375.72 W, 39, 2032 MHz, 3996 MHz, 36 %, 23 %
2026/09/20 08:32:45.806, 1, 329.23 W, 39, 2032 MHz, 3996 MHz, 29 %, 16 %
2026/09/20 08:32:45.806, 2, 321.14 W, 33, 2032 MHz, 3996 MHz, 28 %, 16 %
2026/09/20 08:32:45.806, 3, 274.42 W, 32, 2032 MHz, 3996 MHz, 20 %, 9 %
2026/09/20 08:32:45.806, 4, 181.80 W, 35, 120 MHz, 3996 MHz, 0 %, 0 %
2026/09/20 08:32:45.806, 5, 179.47 W, 32, 120 MHz, 3996 MHz, 0 %, 0 %
2026/09/20 08:32:45.806, 6, 180.17 W, 29, 120 MHz, 3996 MHz, 0 %, 0 %
2026/09/20 08:32:45.806, 7, 182.13 W, 29, 120 MHz, 3996 MHz, 0 %, 0 %
2026/09/20 08:32:46.806, 0, 349.12 W, 39, 2032 MHz, 3996 MHz, 40 %, 26 %
2026/09/20 08:32:46.806, 1, 324.55 W, 40, 2032 MHz, 3996 MHz, 35 %, 22 %
2026/09/20 08:32:46.806, 2, 288.21 W, 32, 2032 MHz, 3996 MHz, 25 %, 11 %
2026/09/20 08:32:46.806, 3, 311.58 W, 33, 2032 MHz, 3996 MHz, 41 %, 29 %
2026/09/20 08:32:46.806, 4, 182.14 W, 35, 120 MHz, 3996 MHz, 0 %, 0 %
2026/09/20 08:32:46.806, 5, 179.46 W, 32, 120 MHz, 3996 MHz, 0 %, 0 %
2026/09/20 08:32:46.807, 6, 180.17 W, 29, 120 MHz, 3996 MHz, 0 %, 0 %
2026/09/20 08:32:46.807, 7, 182.13 W, 29, 120 MHz, 3996 MHz, 0 %, 0 %
2026/09/20 08:32:47.807, 0, 383.02 W, 39, 2032 MHz, 3996 MHz, 40 %, 26 %
2026/09/20 08:32:47.807, 1, 367.80 W, 40, 2032 MHz, 3996 MHz, 35 %, 22 %
2026/09/20 08:32:47.807, 2, 284.96 W, 32, 2032 MHz, 3996 MHz, 25 %, 11 %
2026/09/20 08:32:47.807, 3, 402.70 W, 34, 2032 MHz, 3996 MHz, 41 %, 29 %
2026/09/20 08:32:47.807, 4, 182.18 W, 35, 120 MHz, 3996 MHz, 0 %, 0 %
2026/09/20 08:32:47.807, 5, 179.47 W, 32, 120 MHz, 3996 MHz, 0 %, 0 %
2026/09/20 08:32:47.807, 6, 180.17 W, 29, 120 MHz, 3996 MHz, 0 %, 0 %
2026/09/20 08:32:47.807, 7, 182.13 W, 29, 120 MHz, 3996 MHz, 0 %, 0 %
2026/09/20 08:32:48.807, 0, 372.30 W, 39, 2032 MHz, 3996 MHz, 34 %, 22 %
2026/09/20 08:32:48.807, 1, 422.74 W, 41, 2032 MHz, 3996 MHz, 44 %, 35 %
2026/09/20 08:32:48.807, 2, 337.73 W, 33, 2032 MHz, 3996 MHz, 37 %, 27 %
2026/09/20 08:32:48.807, 3, 377.31 W, 34, 2032 MHz, 3996 MHz, 32 %, 21 %
2026/09/20 08:32:48.807, 4, 181.80 W, 35, 120 MHz, 3996 MHz, 0 %, 0 %
2026/09/20 08:32:48.807, 5, 179.46 W, 32, 120 MHz, 3996 MHz, 0 %, 0 %
2026/09/20 08:32:48.807, 6, 180.17 W, 29, 120 MHz, 3996 MHz, 0 %, 0 %
2026/09/20 08:32:48.807, 7, 182.13 W, 29, 120 MHz, 3996 MHz, 0 %, 0 %
2026/09/20 08:32:49.807, 0, 371.34 W, 39, 2032 MHz, 3996 MHz, 37 %, 24 %
2026/09/20 08:32:49.807, 1, 478.54 W, 42, 2032 MHz, 3996 MHz, 49 %, 39 %
2026/09/20 08:32:49.807, 2, 403.65 W, 34, 2032 MHz, 3996 MHz, 41 %, 30 %
2026/09/20 08:32:49.807, 3, 368.96 W, 34, 2032 MHz, 3996 MHz, 37 %, 24 %
2026/09/20 08:32:49.807, 4, 182.06 W, 35, 120 MHz, 3996 MHz, 0 %, 0 %
2026/09/20 08:32:49.807, 5, 179.47 W, 32, 120 MHz, 3996 MHz, 0 %, 0 %
2026/09/20 08:32:49.807, 6, 180.17 W, 29, 120 MHz, 3996 MHz, 0 %, 0 %
2026/09/20 08:32:49.807, 7, 182.13 W, 29, 120 MHz, 3996 MHz, 0 %, 0 %
2026/09/20 08:32:50.807, 0, 427.62 W, 40, 2032 MHz, 3996 MHz, 49 %, 39 %
2026/09/20 08:32:50.808, 1, 487.65 W, 42, 2032 MHz, 3996 MHz, 49 %, 41 %
2026/09/20 08:32:50.808, 2, 422.02 W, 35, 2032 MHz, 3996 MHz, 46 %, 35 %
2026/09/20 08:32:50.808, 3, 403.64 W, 34, 2032 MHz, 3996 MHz, 43 %, 32 %
2026/09/20 08:32:50.808, 4, 182.12 W, 35, 120 MHz, 3996 MHz, 0 %, 0 %
2026/09/20 08:32:50.808, 5, 179.46 W, 32, 120 MHz, 3996 MHz, 0 %, 0 %
2026/09/20 08:32:50.808, 6, 180.17 W, 29, 120 MHz, 3996 MHz, 0 %, 0 %
2026/09/20 08:32:50.808, 7, 182.13 W, 29, 120 MHz, 3996 MHz, 0 %, 0 %
2026/09/20 08:32:51.808, 0, 472.69 W, 41, 2032 MHz, 3996 MHz, 47 %, 38 %
2026/09/20 08:32:51.808, 1, 498.85 W, 43, 2032 MHz, 3996 MHz, 51 %, 42 %
2026/09/20 08:32:51.808, 2, 443.03 W, 35, 2032 MHz, 3996 MHz, 46 %, 36 %
2026/09/20 08:32:51.808, 3, 430.03 W, 35, 2032 MHz, 3996 MHz, 45 %, 33 %
2026/09/20 08:32:51.808, 4, 182.04 W, 35, 120 MHz, 3996 MHz, 0 %, 0 %
2026/09/20 08:32:51.808, 5, 179.47 W, 32, 120 MHz, 3996 MHz, 0 %, 0 %
2026/09/20 08:32:51.808, 6, 180.17 W, 29, 120 MHz, 3996 MHz, 0 %, 0 %
2026/09/20 08:32:51.808, 7, 182.13 W, 29, 120 MHz, 3996 MHz, 0 %, 0 %
2026/09/20 08:32:52.808, 0, 370.28 W, 39, 2032 MHz, 3996 MHz, 0 %, 0 %
2026/09/20 08:32:52.808, 1, 388.06 W, 40, 2032 MHz, 3996 MHz, 0 %, 0 %
2026/09/20 08:32:52.808, 2, 367.62 W, 33, 2032 MHz, 3996 MHz, 0 %, 0 %
2026/09/20 08:32:52.808, 3, 348.27 W, 33, 2032 MHz, 3996 MHz, 0 %, 0 %
2026/09/20 08:32:52.808, 4, 182.10 W, 35, 120 MHz, 3996 MHz, 0 %, 0 %
2026/09/20 08:32:52.808, 5, 179.47 W, 32, 120 MHz, 3996 MHz, 0 %, 0 %
2026/09/20 08:32:52.808, 6, 180.17 W, 29, 120 MHz, 3996 MHz, 0 %, 0 %
2026/09/20 08:32:52.808, 7, 182.13 W, 29, 120 MHz, 3996 MHz, 0 %, 0 %
2026/09/20 08:32:53.808, 0, 234.28 W, 38, 2032 MHz, 3996 MHz, 0 %, 0 %
2026/09/20 08:32:53.808, 1, 237.82 W, 39, 2032 MHz, 3996 MHz, 0 %, 0 %
2026/09/20 08:32:53.808, 2, 228.33 W, 32, 2032 MHz, 3996 MHz, 0 %, 0 %
2026/09/20 08:32:53.808, 3, 234.12 W, 32, 2032 MHz, 3996 MHz, 0 %, 0 %
2026/09/20 08:32:53.808, 4, 182.08 W, 35, 120 MHz, 3996 MHz, 0 %, 0 %
2026/09/20 08:32:53.808, 5, 179.47 W, 32, 120 MHz, 3996 MHz, 0 %, 0 %
2026/09/20 08:32:53.808, 6, 180.17 W, 29, 120 MHz, 3996 MHz, 0 %, 0 %
2026/09/20 08:32:53.808, 7, 182.13 W, 29, 120 MHz, 3996 MHz, 0 %, 0 %
2026/09/20 08:32:54.809, 0, 295.73 W, 39, 2032 MHz, 3996 MHz, 47 %, 40 %
2026/09/20 08:32:54.809, 1, 306.87 W, 41, 2032 MHz, 3996 MHz, 52 %, 45 %
2026/09/20 08:32:54.809, 2, 282.50 W, 34, 2032 MHz, 3996 MHz, 57 %, 52 %
2026/09/20 08:32:54.809, 3, 292.79 W, 34, 2032 MHz, 3996 MHz, 49 %, 43 %
2026/09/20 08:32:54.809, 4, 181.91 W, 35, 120 MHz, 3996 MHz, 0 %, 0 %
2026/09/20 08:32:54.809, 5, 179.47 W, 32, 120 MHz, 3996 MHz, 0 %, 0 %
2026/09/20 08:32:54.809, 6, 180.17 W, 29, 120 MHz, 3996 MHz, 0 %, 0 %
2026/09/20 08:32:54.809, 7, 182.13 W, 29, 120 MHz, 3996 MHz, 0 %, 0 %
2026/09/20 08:32:55.809, 0, 475.70 W, 41, 2032 MHz, 3996 MHz, 41 %, 34 %
2026/09/20 08:32:55.809, 1, 509.10 W, 42, 2032 MHz, 3996 MHz, 45 %, 39 %
2026/09/20 08:32:55.809, 2, 542.11 W, 36, 2032 MHz, 3996 MHz, 48 %, 44 %
2026/09/20 08:32:55.809, 3, 485.72 W, 35, 2032 MHz, 3996 MHz, 42 %, 36 %
2026/09/20 08:32:55.809, 4, 182.43 W, 35, 120 MHz, 3996 MHz, 0 %, 0 %
2026/09/20 08:32:55.809, 5, 179.46 W, 32, 120 MHz, 3996 MHz, 0 %, 0 %
2026/09/20 08:32:55.809, 6, 180.17 W, 29, 120 MHz, 3996 MHz, 0 %, 0 %
2026/09/20 08:32:55.809, 7, 182.13 W, 29, 120 MHz, 3996 MHz, 0 %, 0 %
2026/09/20 08:32:56.809, 0, 450.14 W, 41, 2032 MHz, 3996 MHz, 42 %, 34 %
2026/09/20 08:32:56.809, 1, 490.09 W, 43, 2032 MHz, 3996 MHz, 44 %, 38 %
2026/09/20 08:32:56.809, 2, 513.85 W, 37, 2032 MHz, 3996 MHz, 50 %, 45 %
2026/09/20 08:32:56.809, 3, 459.80 W, 36, 2032 MHz, 3996 MHz, 43 %, 37 %
2026/09/20 08:32:56.809, 4, 182.04 W, 35, 120 MHz, 3996 MHz, 0 %, 0 %
2026/09/20 08:32:56.809, 5, 179.47 W, 32, 120 MHz, 3996 MHz, 0 %, 0 %
2026/09/20 08:32:56.809, 6, 180.17 W, 29, 120 MHz, 3996 MHz, 0 %, 0 %
2026/09/20 08:32:56.809, 7, 182.13 W, 29, 120 MHz, 3996 MHz, 0 %, 0 %
2026/09/20 08:32:57.809, 0, 443.73 W, 41, 2032 MHz, 3996 MHz, 43 %, 38 %
2026/09/20 08:32:57.809, 1, 469.42 W, 43, 2032 MHz, 3996 MHz, 45 %, 39 %
2026/09/20 08:32:57.809, 2, 478.30 W, 36, 2032 MHz, 3996 MHz, 43 %, 38 %
2026/09/20 08:32:57.809, 3, 449.39 W, 36, 2032 MHz, 3996 MHz, 44 %, 39 %
2026/09/20 08:32:57.809, 4, 182.14 W, 35, 120 MHz, 3996 MHz, 0 %, 0 %
2026/09/20 08:32:57.809, 5, 179.47 W, 32, 120 MHz, 3996 MHz, 0 %, 0 %
2026/09/20 08:32:57.810, 6, 180.17 W, 29, 120 MHz, 3996 MHz, 0 %, 0 %
2026/09/20 08:32:57.810, 7, 182.13 W, 29, 120 MHz, 3996 MHz, 0 %, 0 %
2026/09/20 08:32:58.810, 0, 504.36 W, 42, 2032 MHz, 3996 MHz, 49 %, 44 %
2026/09/20 08:32:58.810, 1, 508.53 W, 43, 2032 MHz, 3996 MHz, 48 %, 43 %
2026/09/20 08:32:58.810, 2, 493.01 W, 37, 2032 MHz, 3996 MHz, 49 %, 44 %
2026/09/20 08:32:58.810, 3, 504.43 W, 37, 2032 MHz, 3996 MHz, 49 %, 43 %
2026/09/20 08:32:58.810, 4, 182.14 W, 35, 120 MHz, 3996 MHz, 0 %, 0 %
2026/09/20 08:32:58.810, 5, 179.47 W, 32, 120 MHz, 3996 MHz, 0 %, 0 %
2026/09/20 08:32:58.810, 6, 180.17 W, 29, 120 MHz, 3996 MHz, 0 %, 0 %
2026/09/20 08:32:58.810, 7, 182.13 W, 29, 120 MHz, 3996 MHz, 0 %, 0 %
2026/09/20 08:32:59.810, 0, 496.07 W, 42, 2032 MHz, 3996 MHz, 48 %, 42 %
2026/09/20 08:32:59.810, 1, 506.91 W, 43, 2032 MHz, 3996 MHz, 48 %, 43 %
2026/09/20 08:32:59.810, 2, 495.84 W, 36, 2032 MHz, 3996 MHz, 47 %, 42 %
2026/09/20 08:32:59.810, 3, 488.61 W, 36, 2032 MHz, 3996 MHz, 48 %, 43 %
2026/09/20 08:32:59.810, 4, 181.92 W, 35, 120 MHz, 3996 MHz, 0 %, 0 %
2026/09/20 08:32:59.810, 5, 179.47 W, 32, 120 MHz, 3996 MHz, 0 %, 0 %
2026/09/20 08:32:59.810, 6, 180.17 W, 29, 120 MHz, 3996 MHz, 0 %, 0 %
2026/09/20 08:32:59.810, 7, 182.13 W, 29, 120 MHz, 3996 MHz, 0 %, 0 %
2026/09/20 08:33:00.810, 0, 419.07 W, 40, 2032 MHz, 3996 MHz, 0 %, 0 %
2026/09/20 08:33:00.810, 1, 427.25 W, 41, 2032 MHz, 3996 MHz, 0 %, 0 %
2026/09/20 08:33:00.810, 2, 431.48 W, 35, 2032 MHz, 3996 MHz, 0 %, 0 %
2026/09/20 08:33:00.810, 3, 421.23 W, 34, 2032 MHz, 3996 MHz, 0 %, 0 %
2026/09/20 08:33:00.810, 4, 182.31 W, 35, 120 MHz, 3996 MHz, 0 %, 0 %
2026/09/20 08:33:00.810, 5, 179.47 W, 32, 120 MHz, 3996 MHz, 0 %, 0 %
2026/09/20 08:33:00.810, 6, 180.17 W, 29, 120 MHz, 3996 MHz, 0 %, 0 %
2026/09/20 08:33:00.810, 7, 182.13 W, 29, 120 MHz, 3996 MHz, 0 %, 0 %
2026/09/20 08:33:01.810, 0, 234.84 W, 38, 2032 MHz, 3996 MHz, 0 %, 0 %
2026/09/20 08:33:01.810, 1, 237.80 W, 40, 2032 MHz, 3996 MHz, 0 %, 0 %
2026/09/20 08:33:01.811, 2, 228.13 W, 33, 2032 MHz, 3996 MHz, 0 %, 0 %
2026/09/20 08:33:01.811, 3, 233.37 W, 33, 2032 MHz, 3996 MHz, 0 %, 0 %
2026/09/20 08:33:01.811, 4, 181.85 W, 35, 120 MHz, 3996 MHz, 0 %, 0 %
2026/09/20 08:33:01.811, 5, 179.46 W, 32, 120 MHz, 3996 MHz, 0 %, 0 %
2026/09/20 08:33:01.811, 6, 180.17 W, 29, 120 MHz, 3996 MHz, 0 %, 0 %
2026/09/20 08:33:01.811, 7, 182.13 W, 29, 120 MHz, 3996 MHz, 0 %, 0 %
2026/09/20 08:33:02.811, 0, 233.82 W, 38, 2032 MHz, 3996 MHz, 0 %, 0 %
2026/09/20 08:33:02.811, 1, 237.74 W, 40, 2032 MHz, 3996 MHz, 0 %, 0 %
2026/09/20 08:33:02.811, 2, 227.79 W, 33, 2032 MHz, 3996 MHz, 0 %, 0 %
2026/09/20 08:33:02.811, 3, 232.59 W, 32, 2032 MHz, 3996 MHz, 0 %, 0 %
2026/09/20 08:33:02.811, 4, 181.81 W, 35, 120 MHz, 3996 MHz, 0 %, 0 %
2026/09/20 08:33:02.811, 5, 179.47 W, 32, 120 MHz, 3996 MHz, 0 %, 0 %
2026/09/20 08:33:02.811, 6, 180.17 W, 29, 120 MHz, 3996 MHz, 0 %, 0 %
2026/09/20 08:33:02.811, 7, 182.13 W, 29, 120 MHz, 3996 MHz, 0 %, 0 %
2026/09/20 08:33:03.811, 0, 243.39 W, 38, 2032 MHz, 3996 MHz, 16 %, 1 %
2026/09/20 08:33:03.811, 1, 253.44 W, 40, 2032 MHz, 3996 MHz, 43 %, 1 %
2026/09/20 08:33:03.811, 2, 241.81 W, 33, 2032 MHz, 3996 MHz, 11 %, 1 %
2026/09/20 08:33:03.811, 3, 262.48 W, 33, 2032 MHz, 3996 MHz, 10 %, 0 %
2026/09/20 08:33:03.811, 4, 181.57 W, 35, 120 MHz, 3996 MHz, 0 %, 0 %
2026/09/20 08:33:03.811, 5, 179.46 W, 32, 120 MHz, 3996 MHz, 0 %, 0 %
2026/09/20 08:33:03.811, 6, 180.17 W, 29, 120 MHz, 3996 MHz, 0 %, 0 %
2026/09/20 08:33:03.811, 7, 182.13 W, 29, 120 MHz, 3996 MHz, 0 %, 0 %
2026/09/20 08:33:04.811, 0, 271.02 W, 38, 2032 MHz, 3996 MHz, 0 %, 0 %
2026/09/20 08:33:04.811, 1, 276.84 W, 40, 2032 MHz, 3996 MHz, 0 %, 0 %
2026/09/20 08:33:04.811, 2, 265.39 W, 33, 2032 MHz, 3996 MHz, 0 %, 0 %
2026/09/20 08:33:04.811, 3, 268.85 W, 33, 2032 MHz, 3996 MHz, 0 %, 0 %
2026/09/20 08:33:04.811, 4, 181.83 W, 35, 120 MHz, 3996 MHz, 0 %, 0 %
2026/09/20 08:33:04.812, 5, 179.47 W, 32, 120 MHz, 3996 MHz, 0 %, 0 %
2026/09/20 08:33:04.812, 6, 180.17 W, 29, 120 MHz, 3996 MHz, 0 %, 0 %
2026/09/20 08:33:04.812, 7, 182.13 W, 29, 120 MHz, 3996 MHz, 0 %, 0 %
2026/09/20 08:33:05.812, 0, 233.78 W, 38, 2032 MHz, 3996 MHz, 0 %, 0 %
2026/09/20 08:33:05.812, 1, 237.60 W, 39, 2032 MHz, 3996 MHz, 0 %, 0 %
2026/09/20 08:33:05.812, 2, 227.86 W, 32, 2032 MHz, 3996 MHz, 0 %, 0 %
2026/09/20 08:33:05.812, 3, 232.20 W, 32, 2032 MHz, 3996 MHz, 0 %, 0 %
2026/09/20 08:33:05.812, 4, 182.18 W, 35, 120 MHz, 3996 MHz, 0 %, 0 %
2026/09/20 08:33:05.812, 5, 179.47 W, 32, 120 MHz, 3996 MHz, 0 %, 0 %
2026/09/20 08:33:05.812, 6, 180.17 W, 29, 120 MHz, 3996 MHz, 0 %, 0 %
2026/09/20 08:33:05.812, 7, 182.13 W, 29, 120 MHz, 3996 MHz, 0 %, 0 %
2026/09/20 08:33:06.812, 0, 233.78 W, 38, 2032 MHz, 3996 MHz, 0 %, 0 %
2026/09/20 08:33:06.812, 1, 237.17 W, 39, 2032 MHz, 3996 MHz, 0 %, 0 %
2026/09/20 08:33:06.812, 2, 227.92 W, 32, 2032 MHz, 3996 MHz, 0 %, 0 %
2026/09/20 08:33:06.812, 3, 231.79 W, 32, 2032 MHz, 3996 MHz, 0 %, 0 %
2026/09/20 08:33:06.812, 4, 181.99 W, 35, 120 MHz, 3996 MHz, 0 %, 0 %
2026/09/20 08:33:06.812, 5, 179.47 W, 32, 120 MHz, 3996 MHz, 0 %, 0 %
2026/09/20 08:33:06.812, 6, 180.17 W, 29, 120 MHz, 3996 MHz, 0 %, 0 %
2026/09/20 08:33:06.812, 7, 182.13 W, 29, 120 MHz, 3996 MHz, 0 %, 0 %
2026/09/20 08:33:07.812, 0, 233.78 W, 38, 2032 MHz, 3996 MHz, 0 %, 0 %
2026/09/20 08:33:07.812, 1, 236.88 W, 39, 2032 MHz, 3996 MHz, 0 %, 0 %
2026/09/20 08:33:07.812, 2, 227.93 W, 32, 2032 MHz, 3996 MHz, 0 %, 0 %
2026/09/20 08:33:07.812, 3, 231.67 W, 32, 2032 MHz, 3996 MHz, 0 %, 0 %
2026/09/20 08:33:07.812, 4, 181.91 W, 35, 120 MHz, 3996 MHz, 0 %, 0 %
2026/09/20 08:33:07.812, 5, 179.47 W, 32, 120 MHz, 3996 MHz, 0 %, 0 %
2026/09/20 08:33:07.812, 6, 180.17 W, 29, 120 MHz, 3996 MHz, 0 %, 0 %
2026/09/20 08:33:07.812, 7, 182.13 W, 29, 120 MHz, 3996 MHz, 0 %, 0 %
2026/09/20 08:33:08.812, 0, 247.27 W, 38, 2032 MHz, 3996 MHz, 0 %, 0 %
2026/09/20 08:33:08.813, 1, 248.63 W, 39, 2032 MHz, 3996 MHz, 0 %, 0 %
2026/09/20 08:33:08.813, 2, 240.08 W, 32, 2032 MHz, 3996 MHz, 0 %, 0 %
2026/09/20 08:33:08.813, 3, 242.94 W, 32, 2032 MHz, 3996 MHz, 0 %, 0 %
2026/09/20 08:33:08.813, 4, 182.16 W, 35, 120 MHz, 3996 MHz, 0 %, 0 %
2026/09/20 08:33:08.813, 5, 179.46 W, 32, 120 MHz, 3996 MHz, 0 %, 0 %
2026/09/20 08:33:08.813, 6, 180.17 W, 29, 120 MHz, 3996 MHz, 0 %, 0 %
2026/09/20 08:33:08.813, 7, 182.13 W, 29, 120 MHz, 3996 MHz, 0 %, 0 %
2026/09/20 08:33:09.813, 0, 233.78 W, 38, 2032 MHz, 3996 MHz, 0 %, 0 %
2026/09/20 08:33:09.813, 1, 236.82 W, 39, 2032 MHz, 3996 MHz, 0 %, 0 %
2026/09/20 08:33:09.813, 2, 227.93 W, 32, 2032 MHz, 3996 MHz, 0 %, 0 %
2026/09/20 08:33:09.813, 3, 231.76 W, 32, 2032 MHz, 3996 MHz, 0 %, 0 %
2026/09/20 08:33:09.813, 4, 181.88 W, 35, 120 MHz, 3996 MHz, 0 %, 0 %
2026/09/20 08:33:09.813, 5, 179.47 W, 32, 120 MHz, 3996 MHz, 0 %, 0 %
2026/09/20 08:33:09.813, 6, 180.17 W, 29, 120 MHz, 3996 MHz, 0 %, 0 %
2026/09/20 08:33:09.813, 7, 182.13 W, 29, 120 MHz, 3996 MHz, 0 %, 0 %
2026/09/20 08:33:10.813, 0, 233.78 W, 38, 2032 MHz, 3996 MHz, 0 %, 0 %
2026/09/20 08:33:10.813, 1, 236.43 W, 39, 2032 MHz, 3996 MHz, 0 %, 0 %
2026/09/20 08:33:10.813, 2, 227.90 W, 32, 2032 MHz, 3996 MHz, 0 %, 0 %
2026/09/20 08:33:10.813, 3, 231.79 W, 32, 2032 MHz, 3996 MHz, 0 %, 0 %
2026/09/20 08:33:10.813, 4, 181.84 W, 35, 120 MHz, 3996 MHz, 0 %, 0 %
2026/09/20 08:33:10.813, 5, 179.46 W, 32, 120 MHz, 3996 MHz, 0 %, 0 %
2026/09/20 08:33:10.813, 6, 180.17 W, 29, 120 MHz, 3996 MHz, 0 %, 0 %
2026/09/20 08:33:10.813, 7, 182.13 W, 29, 120 MHz, 3996 MHz, 0 %, 0 %
2026/09/20 08:33:11.813, 0, 233.78 W, 38, 2032 MHz, 3996 MHz, 0 %, 0 %
2026/09/20 08:33:11.813, 1, 236.34 W, 39, 2032 MHz, 3996 MHz, 0 %, 0 %
2026/09/20 08:33:11.813, 2, 227.74 W, 32, 2032 MHz, 3996 MHz, 0 %, 0 %
2026/09/20 08:33:11.813, 3, 231.76 W, 32, 2032 MHz, 3996 MHz, 0 %, 0 %
2026/09/20 08:33:11.813, 4, 181.91 W, 35, 120 MHz, 3996 MHz, 0 %, 0 %
2026/09/20 08:33:11.814, 5, 179.47 W, 32, 120 MHz, 3996 MHz, 0 %, 0 %
2026/09/20 08:33:11.814, 6, 180.17 W, 29, 120 MHz, 3996 MHz, 0 %, 0 %
2026/09/20 08:33:11.814, 7, 182.13 W, 29, 120 MHz, 3996 MHz, 0 %, 0 %
2026/09/20 08:33:12.814, 0, 233.78 W, 38, 2032 MHz, 3996 MHz, 0 %, 0 %
2026/09/20 08:33:12.814, 1, 236.19 W, 39, 2032 MHz, 3996 MHz, 0 %, 0 %
2026/09/20 08:33:12.814, 2, 227.93 W, 32, 2032 MHz, 3996 MHz, 0 %, 0 %
2026/09/20 08:33:12.814, 3, 231.72 W, 32, 2032 MHz, 3996 MHz, 0 %, 0 %
2026/09/20 08:33:12.814, 4, 181.91 W, 35, 120 MHz, 3996 MHz, 0 %, 0 %
2026/09/20 08:33:12.814, 5, 179.46 W, 32, 120 MHz, 3996 MHz, 0 %, 0 %
2026/09/20 08:33:12.814, 6, 180.17 W, 29, 120 MHz, 3996 MHz, 0 %, 0 %
2026/09/20 08:33:12.814, 7, 182.13 W, 29, 120 MHz, 3996 MHz, 0 %, 0 %
2026/09/20 08:33:13.814, 0, 233.78 W, 38, 2032 MHz, 3996 MHz, 0 %, 0 %
2026/09/20 08:33:13.814, 1, 236.31 W, 39, 2032 MHz, 3996 MHz, 0 %, 0 %
2026/09/20 08:33:13.814, 2, 227.89 W, 32, 2032 MHz, 3996 MHz, 0 %, 0 %
2026/09/20 08:33:13.814, 3, 231.68 W, 32, 2032 MHz, 3996 MHz, 0 %, 0 %
2026/09/20 08:33:13.814, 4, 181.88 W, 35, 120 MHz, 3996 MHz, 0 %, 0 %
2026/09/20 08:33:13.814, 5, 179.47 W, 32, 120 MHz, 3996 MHz, 0 %, 0 %
2026/09/20 08:33:13.814, 6, 180.17 W, 29, 120 MHz, 3996 MHz, 0 %, 0 %
2026/09/20 08:33:13.814, 7, 182.13 W, 29, 120 MHz, 3996 MHz, 0 %, 0 %
2026/09/20 08:33:14.814, 0, 233.78 W, 38, 2032 MHz, 3996 MHz, 0 %, 0 %
2026/09/20 08:33:14.814, 1, 236.31 W, 39, 2032 MHz, 3996 MHz, 0 %, 0 %
2026/09/20 08:33:14.814, 2, 227.63 W, 32, 2032 MHz, 3996 MHz, 0 %, 0 %
2026/09/20 08:33:14.814, 3, 231.72 W, 32, 2032 MHz, 3996 MHz, 0 %, 0 %
2026/09/20 08:33:14.814, 4, 181.83 W, 35, 120 MHz, 3996 MHz, 0 %, 0 %
2026/09/20 08:33:14.814, 5, 179.46 W, 32, 120 MHz, 3996 MHz, 0 %, 0 %
2026/09/20 08:33:14.814, 6, 180.17 W, 29, 120 MHz, 3996 MHz, 0 %, 0 %
2026/09/20 08:33:14.814, 7, 182.13 W, 29, 120 MHz, 3996 MHz, 0 %, 0 %
2026/09/20 08:33:15.815, 0, 233.78 W, 38, 2032 MHz, 3996 MHz, 0 %, 0 %
2026/09/20 08:33:15.815, 1, 236.15 W, 39, 2032 MHz, 3996 MHz, 0 %, 0 %
2026/09/20 08:33:15.815, 2, 227.66 W, 32, 2032 MHz, 3996 MHz, 0 %, 0 %
2026/09/20 08:33:15.815, 3, 231.72 W, 32, 2032 MHz, 3996 MHz, 0 %, 0 %
2026/09/20 08:33:15.815, 4, 181.88 W, 35, 120 MHz, 3996 MHz, 0 %, 0 %
2026/09/20 08:33:15.815, 5, 179.47 W, 32, 120 MHz, 3996 MHz, 0 %, 0 %
2026/09/20 08:33:15.815, 6, 180.17 W, 29, 120 MHz, 3996 MHz, 0 %, 0 %
2026/09/20 08:33:15.815, 7, 182.13 W, 29, 120 MHz, 3996 MHz, 0 %, 0 %
2026/09/20 08:33:16.815, 0, 233.78 W, 38, 2032 MHz, 3996 MHz, 0 %, 0 %
2026/09/20 08:33:16.815, 1, 236.19 W, 39, 2032 MHz, 3996 MHz, 0 %, 0 %
2026/09/20 08:33:16.815, 2, 227.44 W, 32, 2032 MHz, 3996 MHz, 0 %, 0 %
2026/09/20 08:33:16.815, 3, 231.72 W, 32, 2032 MHz, 3996 MHz, 0 %, 0 %
2026/09/20 08:33:16.815, 4, 181.95 W, 35, 120 MHz, 3996 MHz, 0 %, 0 %
2026/09/20 08:33:16.815, 5, 179.47 W, 32, 120 MHz, 3996 MHz, 0 %, 0 %
2026/09/20 08:33:16.815, 6, 180.17 W, 29, 120 MHz, 3996 MHz, 0 %, 0 %
2026/09/20 08:33:16.815, 7, 182.13 W, 29, 120 MHz, 3996 MHz, 0 %, 0 %
2026/09/20 08:33:17.815, 0, 233.78 W, 38, 2032 MHz, 3996 MHz, 0 %, 0 %
2026/09/20 08:33:17.815, 1, 236.08 W, 39, 2032 MHz, 3996 MHz, 0 %, 0 %
2026/09/20 08:33:17.815, 2, 227.51 W, 32, 2032 MHz, 3996 MHz, 0 %, 0 %
2026/09/20 08:33:17.815, 3, 231.68 W, 32, 2032 MHz, 3996 MHz, 0 %, 0 %
2026/09/20 08:33:17.815, 4, 181.88 W, 35, 120 MHz, 3996 MHz, 0 %, 0 %
2026/09/20 08:33:17.815, 5, 179.47 W, 32, 120 MHz, 3996 MHz, 0 %, 0 %
2026/09/20 08:33:17.815, 6, 180.17 W, 29, 120 MHz, 3996 MHz, 0 %, 0 %
2026/09/20 08:33:17.815, 7, 182.13 W, 29, 120 MHz, 3996 MHz, 0 %, 0 %
2026/09/20 08:33:18.815, 0, 233.78 W, 38, 2032 MHz, 3996 MHz, 0 %, 0 %
2026/09/20 08:33:18.815, 1, 236.00 W, 39, 2032 MHz, 3996 MHz, 0 %, 0 %
2026/09/20 08:33:18.815, 2, 227.58 W, 32, 2032 MHz, 3996 MHz, 0 %, 0 %
2026/09/20 08:33:18.816, 3, 231.71 W, 32, 2032 MHz, 3996 MHz, 0 %, 0 %
2026/09/20 08:33:18.816, 4, 182.04 W, 35, 120 MHz, 3996 MHz, 0 %, 0 %
2026/09/20 08:33:18.816, 5, 179.47 W, 32, 120 MHz, 3996 MHz, 0 %, 0 %
2026/09/20 08:33:18.816, 6, 180.17 W, 29, 120 MHz, 3996 MHz, 0 %, 0 %
2026/09/20 08:33:18.816, 7, 182.13 W, 29, 120 MHz, 3996 MHz, 0 %, 0 %
2026/09/20 08:33:19.816, 0, 233.78 W, 38, 2032 MHz, 3996 MHz, 0 %, 0 %
2026/09/20 08:33:19.816, 1, 236.00 W, 39, 2032 MHz, 3996 MHz, 0 %, 0 %
2026/09/20 08:33:19.816, 2, 227.46 W, 32, 2032 MHz, 3996 MHz, 0 %, 0 %
2026/09/20 08:33:19.816, 3, 231.68 W, 32, 2032 MHz, 3996 MHz, 0 %, 0 %
2026/09/20 08:33:19.816, 4, 182.08 W, 35, 120 MHz, 3996 MHz, 0 %, 0 %
2026/09/20 08:33:19.816, 5, 179.47 W, 32, 120 MHz, 3996 MHz, 0 %, 0 %
2026/09/20 08:33:19.816, 6, 180.13 W, 29, 120 MHz, 3996 MHz, 0 %, 0 %
2026/09/20 08:33:19.816, 7, 182.13 W, 29, 120 MHz, 3996 MHz, 0 %, 0 %
2026/09/20 08:33:20.816, 0, 233.78 W, 38, 2032 MHz, 3996 MHz, 0 %, 0 %
2026/09/20 08:33:20.816, 1, 235.88 W, 39, 2032 MHz, 3996 MHz, 0 %, 0 %
2026/09/20 08:33:20.816, 2, 227.43 W, 32, 2032 MHz, 3996 MHz, 0 %, 0 %
2026/09/20 08:33:20.816, 3, 231.68 W, 32, 2032 MHz, 3996 MHz, 0 %, 0 %
2026/09/20 08:33:20.816, 4, 181.95 W, 35, 120 MHz, 3996 MHz, 0 %, 0 %
2026/09/20 08:33:20.816, 5, 179.47 W, 32, 120 MHz, 3996 MHz, 0 %, 0 %
2026/09/20 08:33:20.816, 6, 180.17 W, 29, 120 MHz, 3996 MHz, 0 %, 0 %
2026/09/20 08:33:20.816, 7, 182.13 W, 29, 120 MHz, 3996 MHz, 0 %, 0 %
2026/09/20 08:33:21.816, 0, 233.78 W, 37, 2032 MHz, 3996 MHz, 0 %, 0 %
2026/09/20 08:33:21.816, 1, 236.08 W, 39, 2032 MHz, 3996 MHz, 0 %, 0 %
2026/09/20 08:33:21.816, 2, 227.09 W, 32, 2032 MHz, 3996 MHz, 0 %, 0 %
2026/09/20 08:33:21.816, 3, 231.68 W, 32, 2032 MHz, 3996 MHz, 0 %, 0 %
2026/09/20 08:33:21.816, 4, 182.00 W, 35, 120 MHz, 3996 MHz, 0 %, 0 %
2026/09/20 08:33:21.816, 5, 179.47 W, 32, 120 MHz, 3996 MHz, 0 %, 0 %
2026/09/20 08:33:21.816, 6, 180.17 W, 29, 120 MHz, 3996 MHz, 0 %, 0 %
2026/09/20 08:33:21.816, 7, 182.13 W, 29, 120 MHz, 3996 MHz, 0 %, 0 %
2026/09/20 08:33:22.817, 0, 233.78 W, 37, 2032 MHz, 3996 MHz, 0 %, 0 %
2026/09/20 08:33:22.817, 1, 236.00 W, 39, 2032 MHz, 3996 MHz, 0 %, 0 %
2026/09/20 08:33:22.817, 2, 227.31 W, 32, 2032 MHz, 3996 MHz, 0 %, 0 %
2026/09/20 08:33:22.817, 3, 231.68 W, 31, 2032 MHz, 3996 MHz, 0 %, 0 %
2026/09/20 08:33:22.817, 4, 182.00 W, 35, 120 MHz, 3996 MHz, 0 %, 0 %
2026/09/20 08:33:22.817, 5, 179.47 W, 32, 120 MHz, 3996 MHz, 0 %, 0 %
2026/09/20 08:33:22.817, 6, 180.17 W, 29, 120 MHz, 3996 MHz, 0 %, 0 %
2026/09/20 08:33:22.817, 7, 182.13 W, 29, 120 MHz, 3996 MHz, 0 %, 0 %
2026/09/20 08:33:23.817, 0, 233.78 W, 37, 2032 MHz, 3996 MHz, 0 %, 0 %
2026/09/20 08:33:23.817, 1, 235.96 W, 39, 2032 MHz, 3996 MHz, 0 %, 0 %
2026/09/20 08:33:23.817, 2, 227.20 W, 32, 2032 MHz, 3996 MHz, 0 %, 0 %
2026/09/20 08:33:23.817, 3, 231.68 W, 31, 2032 MHz, 3996 MHz, 0 %, 0 %
2026/09/20 08:33:23.817, 4, 182.06 W, 35, 120 MHz, 3996 MHz, 0 %, 0 %
2026/09/20 08:33:23.817, 5, 179.46 W, 32, 120 MHz, 3996 MHz, 0 %, 0 %
2026/09/20 08:33:23.817, 6, 180.17 W, 29, 120 MHz, 3996 MHz, 0 %, 0 %
2026/09/20 08:33:23.817, 7, 182.13 W, 29, 120 MHz, 3996 MHz, 0 %, 0 %
2026/09/20 08:33:24.817, 0, 233.78 W, 37, 2032 MHz, 3996 MHz, 0 %, 0 %
2026/09/20 08:33:24.817, 1, 235.92 W, 39, 2032 MHz, 3996 MHz, 0 %, 0 %
2026/09/20 08:33:24.817, 2, 227.06 W, 32, 2032 MHz, 3996 MHz, 0 %, 0 %
2026/09/20 08:33:24.817, 3, 231.68 W, 31, 2032 MHz, 3996 MHz, 0 %, 0 %
2026/09/20 08:33:24.817, 4, 181.96 W, 35, 120 MHz, 3996 MHz, 0 %, 0 %
2026/09/20 08:33:24.817, 5, 179.47 W, 32, 120 MHz, 3996 MHz, 0 %, 0 %
2026/09/20 08:33:24.817, 6, 180.17 W, 29, 120 MHz, 3996 MHz, 0 %, 0 %
2026/09/20 08:33:24.817, 7, 182.13 W, 29, 120 MHz, 3996 MHz, 0 %, 0 %
2026/09/20 08:33:25.818, 0, 438.82 W, 47, 2032 MHz, 3996 MHz, 63 %, 6 %
2026/09/20 08:33:25.818, 1, 754.71 W, 55, 1815 MHz, 3996 MHz, 93 %, 25 %
2026/09/20 08:33:25.818, 2, 375.67 W, 40, 2032 MHz, 3996 MHz, 59 %, 5 %
2026/09/20 08:33:25.818, 3, 421.30 W, 42, 1687 MHz, 3996 MHz, 53 %, 5 %
2026/09/20 08:33:25.818, 4, 182.00 W, 35, 120 MHz, 3996 MHz, 0 %, 0 %
2026/09/20 08:33:25.818, 5, 179.47 W, 32, 120 MHz, 3996 MHz, 0 %, 0 %
2026/09/20 08:33:25.818, 6, 180.17 W, 29, 120 MHz, 3996 MHz, 0 %, 0 %
2026/09/20 08:33:25.818, 7, 182.13 W, 29, 120 MHz, 3996 MHz, 0 %, 0 %
2026/09/20 08:33:26.818, 0, 1051.70 W, 53, 1755 MHz, 3996 MHz, 100 %, 30 %
2026/09/20 08:33:26.818, 1, 919.11 W, 51, 2032 MHz, 3996 MHz, 100 %, 12 %
2026/09/20 08:33:26.818, 2, 1073.26 W, 48, 1672 MHz, 3996 MHz, 100 %, 31 %
2026/09/20 08:33:26.818, 3, 1049.45 W, 49, 1762 MHz, 3996 MHz, 100 %, 31 %
2026/09/20 08:33:26.818, 4, 182.10 W, 35, 120 MHz, 3996 MHz, 0 %, 0 %
2026/09/20 08:33:26.818, 5, 179.47 W, 32, 120 MHz, 3996 MHz, 0 %, 0 %
2026/09/20 08:33:26.818, 6, 180.17 W, 29, 120 MHz, 3996 MHz, 0 %, 0 %
2026/09/20 08:33:26.818, 7, 182.13 W, 29, 120 MHz, 3996 MHz, 0 %, 0 %
2026/09/20 08:33:27.818, 0, 850.36 W, 48, 2032 MHz, 3996 MHz, 100 %, 58 %
2026/09/20 08:33:27.818, 1, 741.52 W, 49, 2032 MHz, 3996 MHz, 100 %, 57 %
2026/09/20 08:33:27.818, 2, 856.93 W, 43, 2032 MHz, 3996 MHz, 100 %, 57 %
2026/09/20 08:33:27.818, 3, 837.10 W, 43, 2032 MHz, 3996 MHz, 100 %, 56 %
2026/09/20 08:33:27.818, 4, 181.83 W, 35, 120 MHz, 3996 MHz, 0 %, 0 %
2026/09/20 08:33:27.818, 5, 179.47 W, 32, 120 MHz, 3996 MHz, 0 %, 0 %
2026/09/20 08:33:27.818, 6, 180.17 W, 29, 120 MHz, 3996 MHz, 0 %, 0 %
2026/09/20 08:33:27.818, 7, 182.13 W, 29, 120 MHz, 3996 MHz, 0 %, 0 %
2026/09/20 08:33:28.818, 0, 821.55 W, 48, 2032 MHz, 3996 MHz, 100 %, 59 %
2026/09/20 08:33:28.818, 1, 827.59 W, 50, 2032 MHz, 3996 MHz, 100 %, 57 %
2026/09/20 08:33:28.818, 2, 810.22 W, 43, 2032 MHz, 3996 MHz, 100 %, 57 %
2026/09/20 08:33:28.818, 3, 802.08 W, 43, 2032 MHz, 3996 MHz, 100 %, 57 %
2026/09/20 08:33:28.818, 4, 181.92 W, 35, 120 MHz, 3996 MHz, 0 %, 0 %
2026/09/20 08:33:28.818, 5, 179.47 W, 32, 120 MHz, 3996 MHz, 0 %, 0 %
2026/09/20 08:33:28.819, 6, 180.17 W, 29, 120 MHz, 3996 MHz, 0 %, 0 %
2026/09/20 08:33:28.819, 7, 182.13 W, 29, 120 MHz, 3996 MHz, 0 %, 0 %
2026/09/20 08:33:29.819, 0, 863.24 W, 50, 2032 MHz, 3996 MHz, 100 %, 61 %
2026/09/20 08:33:29.819, 1, 866.58 W, 51, 2032 MHz, 3996 MHz, 100 %, 61 %
2026/09/20 08:33:29.819, 2, 853.42 W, 44, 2032 MHz, 3996 MHz, 100 %, 61 %
2026/09/20 08:33:29.819, 3, 842.03 W, 44, 2032 MHz, 3996 MHz, 100 %, 60 %
2026/09/20 08:33:29.819, 4, 182.06 W, 35, 120 MHz, 3996 MHz, 0 %, 0 %
2026/09/20 08:33:29.819, 5, 179.47 W, 32, 120 MHz, 3996 MHz, 0 %, 0 %
2026/09/20 08:33:29.819, 6, 180.17 W, 29, 120 MHz, 3996 MHz, 0 %, 0 %
2026/09/20 08:33:29.819, 7, 182.13 W, 29, 120 MHz, 3996 MHz, 0 %, 0 %
2026/09/20 08:33:30.819, 0, 883.13 W, 50, 2032 MHz, 3996 MHz, 100 %, 62 %
2026/09/20 08:33:30.819, 1, 886.44 W, 52, 2032 MHz, 3996 MHz, 100 %, 61 %
2026/09/20 08:33:30.819, 2, 878.56 W, 45, 2032 MHz, 3996 MHz, 100 %, 62 %
2026/09/20 08:33:30.819, 3, 865.72 W, 45, 2032 MHz, 3996 MHz, 100 %, 61 %
2026/09/20 08:33:30.819, 4, 182.25 W, 35, 120 MHz, 3996 MHz, 0 %, 0 %
2026/09/20 08:33:30.819, 5, 179.47 W, 32, 120 MHz, 3996 MHz, 0 %, 0 %
2026/09/20 08:33:30.819, 6, 180.17 W, 29, 120 MHz, 3996 MHz, 0 %, 0 %
2026/09/20 08:33:30.819, 7, 182.13 W, 29, 120 MHz, 3996 MHz, 0 %, 0 %
2026/09/20 08:33:31.819, 0, 880.86 W, 51, 2032 MHz, 3996 MHz, 100 %, 62 %
2026/09/20 08:33:31.819, 1, 890.11 W, 52, 2032 MHz, 3996 MHz, 100 %, 61 %
2026/09/20 08:33:31.819, 2, 878.27 W, 45, 2032 MHz, 3996 MHz, 100 %, 62 %
2026/09/20 08:33:31.819, 3, 870.97 W, 45, 2032 MHz, 3996 MHz, 100 %, 61 %
2026/09/20 08:33:31.819, 4, 181.88 W, 35, 120 MHz, 3996 MHz, 0 %, 0 %
2026/09/20 08:33:31.819, 5, 179.47 W, 32, 120 MHz, 3996 MHz, 0 %, 0 %
2026/09/20 08:33:31.819, 6, 180.17 W, 29, 120 MHz, 3996 MHz, 0 %, 0 %
2026/09/20 08:33:31.819, 7, 182.13 W, 29, 120 MHz, 3996 MHz, 0 %, 0 %
2026/09/20 08:33:32.820, 0, 886.82 W, 51, 2032 MHz, 3996 MHz, 100 %, 62 %
2026/09/20 08:33:32.820, 1, 895.47 W, 53, 2032 MHz, 3996 MHz, 100 %, 62 %
2026/09/20 08:33:32.820, 2, 879.47 W, 46, 2032 MHz, 3996 MHz, 100 %, 61 %
2026/09/20 08:33:32.820, 3, 879.62 W, 46, 2032 MHz, 3996 MHz, 100 %, 61 %
2026/09/20 08:33:32.820, 4, 181.72 W, 35, 120 MHz, 3996 MHz, 0 %, 0 %
2026/09/20 08:33:32.820, 5, 179.47 W, 32, 120 MHz, 3996 MHz, 0 %, 0 %
2026/09/20 08:33:32.820, 6, 180.17 W, 29, 120 MHz, 3996 MHz, 0 %, 0 %
2026/09/20 08:33:32.820, 7, 182.13 W, 29, 120 MHz, 3996 MHz, 0 %, 0 %
2026/09/20 08:33:33.820, 0, 887.26 W, 51, 2032 MHz, 3996 MHz, 100 %, 61 %
2026/09/20 08:33:33.820, 1, 896.14 W, 53, 2032 MHz, 3996 MHz, 100 %, 61 %
2026/09/20 08:33:33.820, 2, 881.48 W, 45, 2032 MHz, 3996 MHz, 100 %, 61 %
2026/09/20 08:33:33.820, 3, 883.62 W, 46, 2032 MHz, 3996 MHz, 100 %, 61 %
2026/09/20 08:33:33.820, 4, 182.19 W, 35, 120 MHz, 3996 MHz, 0 %, 0 %
2026/09/20 08:33:33.820, 5, 179.46 W, 32, 120 MHz, 3996 MHz, 0 %, 0 %
2026/09/20 08:33:33.820, 6, 180.17 W, 29, 120 MHz, 3996 MHz, 0 %, 0 %
2026/09/20 08:33:33.820, 7, 182.13 W, 29, 120 MHz, 3996 MHz, 0 %, 0 %
2026/09/20 08:33:34.820, 0, 889.06 W, 52, 2032 MHz, 3996 MHz, 100 %, 61 %
2026/09/20 08:33:34.820, 1, 902.19 W, 53, 2032 MHz, 3996 MHz, 100 %, 62 %
2026/09/20 08:33:34.820, 2, 882.86 W, 46, 2032 MHz, 3996 MHz, 100 %, 61 %
2026/09/20 08:33:34.820, 3, 885.77 W, 46, 2032 MHz, 3996 MHz, 100 %, 62 %
2026/09/20 08:33:34.820, 4, 182.31 W, 35, 120 MHz, 3996 MHz, 0 %, 0 %
2026/09/20 08:33:34.820, 5, 179.47 W, 32, 120 MHz, 3996 MHz, 0 %, 0 %
2026/09/20 08:33:34.820, 6, 180.17 W, 29, 120 MHz, 3996 MHz, 0 %, 0 %
2026/09/20 08:33:34.820, 7, 182.13 W, 29, 120 MHz, 3996 MHz, 0 %, 0 %
2026/09/20 08:33:35.820, 0, 648.61 W, 50, 2032 MHz, 3996 MHz, 100 %, 58 %
2026/09/20 08:33:35.820, 1, 972.83 W, 53, 2032 MHz, 3996 MHz, 100 %, 62 %
2026/09/20 08:33:35.820, 2, 646.07 W, 45, 2032 MHz, 3996 MHz, 100 %, 62 %
2026/09/20 08:33:35.821, 3, 645.93 W, 45, 2032 MHz, 3996 MHz, 100 %, 62 %
2026/09/20 08:33:35.821, 4, 181.80 W, 35, 120 MHz, 3996 MHz, 0 %, 0 %
2026/09/20 08:33:35.821, 5, 179.47 W, 32, 120 MHz, 3996 MHz, 0 %, 0 %
2026/09/20 08:33:35.821, 6, 180.17 W, 29, 120 MHz, 3996 MHz, 0 %, 0 %
2026/09/20 08:33:35.821, 7, 182.13 W, 29, 120 MHz, 3996 MHz, 0 %, 0 %
2026/09/20 08:33:36.821, 0, 748.33 W, 55, 1890 MHz, 3996 MHz, 100 %, 30 %
2026/09/20 08:33:36.821, 1, 480.61 W, 49, 2032 MHz, 3996 MHz, 100 %, 6 %
2026/09/20 08:33:36.821, 2, 502.61 W, 40, 2032 MHz, 3996 MHz, 100 %, 7 %
2026/09/20 08:33:36.821, 3, 773.31 W, 42, 2032 MHz, 3996 MHz, 100 %, 7 %
2026/09/20 08:33:36.821, 4, 181.99 W, 35, 120 MHz, 3996 MHz, 0 %, 0 %
2026/09/20 08:33:36.821, 5, 179.47 W, 32, 120 MHz, 3996 MHz, 0 %, 0 %
2026/09/20 08:33:36.821, 6, 180.17 W, 29, 120 MHz, 3996 MHz, 0 %, 0 %
2026/09/20 08:33:36.821, 7, 182.13 W, 29, 120 MHz, 3996 MHz, 0 %, 0 %
2026/09/20 08:33:37.821, 0, 664.46 W, 50, 2032 MHz, 3996 MHz, 100 %, 56 %
2026/09/20 08:33:37.821, 1, 639.88 W, 52, 2032 MHz, 3996 MHz, 100 %, 60 %
2026/09/20 08:33:37.821, 2, 896.64 W, 46, 2032 MHz, 3996 MHz, 100 %, 59 %
2026/09/20 08:33:37.821, 3, 627.40 W, 45, 2032 MHz, 3996 MHz, 100 %, 60 %
2026/09/20 08:33:37.821, 4, 181.96 W, 35, 120 MHz, 3996 MHz, 0 %, 0 %
2026/09/20 08:33:37.821, 5, 179.46 W, 32, 120 MHz, 3996 MHz, 0 %, 0 %
2026/09/20 08:33:37.821, 6, 180.17 W, 29, 120 MHz, 3996 MHz, 0 %, 0 %
2026/09/20 08:33:37.821, 7, 182.13 W, 29, 120 MHz, 3996 MHz, 0 %, 0 %
2026/09/20 08:33:38.821, 0, 749.37 W, 56, 1950 MHz, 3996 MHz, 100 %, 30 %
2026/09/20 08:33:38.821, 1, 769.14 W, 57, 1807 MHz, 3996 MHz, 100 %, 31 %
2026/09/20 08:33:38.821, 2, 915.30 W, 45, 2032 MHz, 3996 MHz, 100 %, 9 %
2026/09/20 08:33:38.821, 3, 888.94 W, 45, 2032 MHz, 3996 MHz, 100 %, 9 %
2026/09/20 08:33:38.821, 4, 182.20 W, 35, 120 MHz, 3996 MHz, 0 %, 0 %
2026/09/20 08:33:38.821, 5, 179.47 W, 32, 120 MHz, 3996 MHz, 0 %, 0 %
2026/09/20 08:33:38.821, 6, 180.17 W, 29, 120 MHz, 3996 MHz, 0 %, 0 %
2026/09/20 08:33:38.821, 7, 182.13 W, 29, 120 MHz, 3996 MHz, 0 %, 0 %
2026/09/20 08:33:39.822, 0, 894.69 W, 52, 2032 MHz, 3996 MHz, 100 %, 59 %
2026/09/20 08:33:39.822, 1, 894.26 W, 54, 2032 MHz, 3996 MHz, 100 %, 59 %
2026/09/20 08:33:39.822, 2, 716.28 W, 46, 2032 MHz, 3996 MHz, 100 %, 59 %
2026/09/20 08:33:39.822, 3, 735.17 W, 46, 2032 MHz, 3996 MHz, 100 %, 58 %
2026/09/20 08:33:39.822, 4, 181.95 W, 35, 120 MHz, 3996 MHz, 0 %, 0 %
2026/09/20 08:33:39.822, 5, 179.47 W, 32, 120 MHz, 3996 MHz, 0 %, 0 %
2026/09/20 08:33:39.822, 6, 180.17 W, 29, 120 MHz, 3996 MHz, 0 %, 0 %
2026/09/20 08:33:39.822, 7, 182.13 W, 29, 120 MHz, 3996 MHz, 0 %, 0 %
2026/09/20 08:33:40.822, 0, 857.11 W, 53, 2032 MHz, 3996 MHz, 100 %, 61 %
2026/09/20 08:33:40.822, 1, 857.75 W, 54, 2032 MHz, 3996 MHz, 100 %, 60 %
2026/09/20 08:33:40.822, 2, 845.04 W, 46, 2032 MHz, 3996 MHz, 100 %, 61 %
2026/09/20 08:33:40.822, 3, 833.75 W, 47, 2032 MHz, 3996 MHz, 100 %, 60 %
2026/09/20 08:33:40.822, 4, 182.00 W, 35, 120 MHz, 3996 MHz, 0 %, 0 %
2026/09/20 08:33:40.822, 5, 179.47 W, 32, 120 MHz, 3996 MHz, 0 %, 0 %
2026/09/20 08:33:40.822, 6, 180.17 W, 29, 120 MHz, 3996 MHz, 0 %, 0 %
2026/09/20 08:33:40.822, 7, 182.13 W, 29, 120 MHz, 3996 MHz, 0 %, 0 %
2026/09/20 08:33:41.822, 0, 877.52 W, 53, 2032 MHz, 3996 MHz, 100 %, 61 %
2026/09/20 08:33:41.822, 1, 885.60 W, 55, 2032 MHz, 3996 MHz, 100 %, 61 %
2026/09/20 08:33:41.822, 2, 873.54 W, 47, 2032 MHz, 3996 MHz, 100 %, 61 %
2026/09/20 08:33:41.822, 3, 862.34 W, 47, 2032 MHz, 3996 MHz, 100 %, 61 %
2026/09/20 08:33:41.822, 4, 181.80 W, 35, 120 MHz, 3996 MHz, 0 %, 0 %
2026/09/20 08:33:41.822, 5, 179.47 W, 32, 120 MHz, 3996 MHz, 0 %, 0 %
2026/09/20 08:33:41.822, 6, 180.17 W, 29, 120 MHz, 3996 MHz, 0 %, 0 %
2026/09/20 08:33:41.822, 7, 182.13 W, 29, 120 MHz, 3996 MHz, 0 %, 0 %
2026/09/20 08:33:42.822, 0, 892.19 W, 54, 2032 MHz, 3996 MHz, 100 %, 62 %
2026/09/20 08:33:42.822, 1, 892.48 W, 55, 2032 MHz, 3996 MHz, 100 %, 61 %
2026/09/20 08:33:42.822, 2, 884.36 W, 47, 2032 MHz, 3996 MHz, 100 %, 62 %
2026/09/20 08:33:42.822, 3, 873.56 W, 48, 2032 MHz, 3996 MHz, 100 %, 61 %
2026/09/20 08:33:42.822, 4, 181.95 W, 35, 120 MHz, 3996 MHz, 0 %, 0 %
2026/09/20 08:33:42.823, 5, 179.47 W, 32, 120 MHz, 3996 MHz, 0 %, 0 %
2026/09/20 08:33:42.823, 6, 180.17 W, 29, 120 MHz, 3996 MHz, 0 %, 0 %
2026/09/20 08:33:42.823, 7, 182.13 W, 29, 120 MHz, 3996 MHz, 0 %, 0 %
2026/09/20 08:33:43.823, 0, 893.91 W, 54, 2032 MHz, 3996 MHz, 100 %, 62 %
2026/09/20 08:33:43.823, 1, 899.61 W, 55, 2032 MHz, 3996 MHz, 100 %, 61 %
2026/09/20 08:33:43.823, 2, 886.69 W, 48, 2032 MHz, 3996 MHz, 100 %, 62 %
2026/09/20 08:33:43.823, 3, 877.99 W, 48, 2032 MHz, 3996 MHz, 100 %, 61 %
2026/09/20 08:33:43.823, 4, 181.92 W, 35, 120 MHz, 3996 MHz, 0 %, 0 %
2026/09/20 08:33:43.823, 5, 179.47 W, 32, 120 MHz, 3996 MHz, 0 %, 0 %
2026/09/20 08:33:43.823, 6, 180.17 W, 29, 120 MHz, 3996 MHz, 0 %, 0 %
2026/09/20 08:33:43.823, 7, 182.13 W, 29, 120 MHz, 3996 MHz, 0 %, 0 %
2026/09/20 08:33:44.823, 0, 899.45 W, 54, 2032 MHz, 3996 MHz, 100 %, 62 %
2026/09/20 08:33:44.823, 1, 907.79 W, 56, 2032 MHz, 3996 MHz, 100 %, 61 %
2026/09/20 08:33:44.823, 2, 886.72 W, 48, 2032 MHz, 3996 MHz, 100 %, 61 %
2026/09/20 08:33:44.823, 3, 887.12 W, 48, 2032 MHz, 3996 MHz, 100 %, 62 %
2026/09/20 08:33:44.823, 4, 181.91 W, 35, 120 MHz, 3996 MHz, 0 %, 0 %
2026/09/20 08:33:44.823, 5, 179.47 W, 32, 120 MHz, 3996 MHz, 0 %, 0 %
2026/09/20 08:33:44.823, 6, 180.17 W, 29, 120 MHz, 3996 MHz, 0 %, 0 %
2026/09/20 08:33:44.823, 7, 182.13 W, 29, 120 MHz, 3996 MHz, 0 %, 0 %
2026/09/20 08:33:45.823, 0, 882.29 W, 54, 2032 MHz, 3996 MHz, 100 %, 61 %
2026/09/20 08:33:45.823, 1, 893.71 W, 56, 2032 MHz, 3996 MHz, 100 %, 61 %
2026/09/20 08:33:45.823, 2, 877.42 W, 48, 2032 MHz, 3996 MHz, 100 %, 61 %
2026/09/20 08:33:45.823, 3, 875.39 W, 48, 2032 MHz, 3996 MHz, 100 %, 61 %
2026/09/20 08:33:45.823, 4, 181.87 W, 35, 120 MHz, 3996 MHz, 0 %, 0 %
2026/09/20 08:33:45.823, 5, 179.47 W, 32, 120 MHz, 3996 MHz, 0 %, 0 %
2026/09/20 08:33:45.823, 6, 180.17 W, 29, 120 MHz, 3996 MHz, 0 %, 0 %
2026/09/20 08:33:45.823, 7, 182.13 W, 29, 120 MHz, 3996 MHz, 0 %, 0 %
2026/09/20 08:33:46.823, 0, 880.36 W, 54, 2032 MHz, 3996 MHz, 100 %, 60 %
2026/09/20 08:33:46.824, 1, 894.46 W, 56, 2032 MHz, 3996 MHz, 100 %, 60 %
2026/09/20 08:33:46.824, 2, 879.87 W, 48, 2032 MHz, 3996 MHz, 100 %, 60 %
2026/09/20 08:33:46.824, 3, 876.60 W, 48, 2032 MHz, 3996 MHz, 100 %, 60 %
2026/09/20 08:33:46.824, 4, 182.19 W, 35, 120 MHz, 3996 MHz, 0 %, 0 %
2026/09/20 08:33:46.824, 5, 179.47 W, 32, 120 MHz, 3996 MHz, 0 %, 0 %
2026/09/20 08:33:46.824, 6, 180.17 W, 29, 120 MHz, 3996 MHz, 0 %, 0 %
2026/09/20 08:33:46.824, 7, 182.13 W, 29, 120 MHz, 3996 MHz, 0 %, 0 %
2026/09/20 08:33:47.824, 0, 759.10 W, 51, 2032 MHz, 3996 MHz, 100 %, 6 %
2026/09/20 08:33:47.824, 1, 857.33 W, 60, 2010 MHz, 3996 MHz, 91 %, 42 %
2026/09/20 08:33:47.824, 2, 786.66 W, 44, 2032 MHz, 3996 MHz, 92 %, 23 %
2026/09/20 08:33:47.824, 3, 760.01 W, 45, 2032 MHz, 3996 MHz, 92 %, 20 %
2026/09/20 08:33:47.824, 4, 181.96 W, 35, 120 MHz, 3996 MHz, 0 %, 0 %
2026/09/20 08:33:47.824, 5, 179.46 W, 32, 120 MHz, 3996 MHz, 0 %, 0 %
2026/09/20 08:33:47.824, 6, 180.17 W, 29, 120 MHz, 3996 MHz, 0 %, 0 %
2026/09/20 08:33:47.824, 7, 182.13 W, 29, 120 MHz, 3996 MHz, 0 %, 0 %
2026/09/20 08:33:48.824, 0, 836.54 W, 59, 1650 MHz, 3996 MHz, 100 %, 29 %
2026/09/20 08:33:48.824, 1, 1053.37 W, 62, 1485 MHz, 3996 MHz, 100 %, 27 %
2026/09/20 08:33:48.824, 2, 773.73 W, 53, 1680 MHz, 3996 MHz, 100 %, 28 %
2026/09/20 08:33:48.824, 3, 818.60 W, 54, 1575 MHz, 3996 MHz, 100 %, 31 %
2026/09/20 08:33:48.824, 4, 182.02 W, 35, 120 MHz, 3996 MHz, 0 %, 0 %
2026/09/20 08:33:48.824, 5, 179.47 W, 32, 120 MHz, 3996 MHz, 0 %, 0 %
2026/09/20 08:33:48.824, 6, 180.17 W, 29, 120 MHz, 3996 MHz, 0 %, 0 %
2026/09/20 08:33:48.824, 7, 182.13 W, 29, 120 MHz, 3996 MHz, 0 %, 0 %
2026/09/20 08:33:49.824, 0, 988.04 W, 57, 2032 MHz, 3996 MHz, 100 %, 31 %
2026/09/20 08:33:49.824, 1, 729.22 W, 55, 2032 MHz, 3996 MHz, 98 %, 28 %
2026/09/20 08:33:49.824, 2, 1021.12 W, 49, 2025 MHz, 3996 MHz, 97 %, 46 %
2026/09/20 08:33:49.824, 3, 990.83 W, 50, 2032 MHz, 3996 MHz, 97 %, 47 %
2026/09/20 08:33:49.824, 4, 182.22 W, 35, 120 MHz, 3996 MHz, 0 %, 0 %
2026/09/20 08:33:49.824, 5, 179.47 W, 32, 120 MHz, 3996 MHz, 0 %, 0 %
2026/09/20 08:33:49.824, 6, 180.17 W, 29, 120 MHz, 3996 MHz, 0 %, 0 %
2026/09/20 08:33:49.825, 7, 182.13 W, 29, 120 MHz, 3996 MHz, 0 %, 0 %
2026/09/20 08:33:50.825, 0, 841.99 W, 55, 2032 MHz, 3996 MHz, 100 %, 59 %
2026/09/20 08:33:50.825, 1, 859.30 W, 57, 2032 MHz, 3996 MHz, 100 %, 60 %
2026/09/20 08:33:50.825, 2, 827.52 W, 48, 2032 MHz, 3996 MHz, 100 %, 59 %
2026/09/20 08:33:50.825, 3, 833.05 W, 49, 2032 MHz, 3996 MHz, 100 %, 59 %
2026/09/20 08:33:50.825, 4, 182.15 W, 35, 120 MHz, 3996 MHz, 0 %, 0 %
2026/09/20 08:33:50.825, 5, 179.47 W, 32, 120 MHz, 3996 MHz, 0 %, 0 %
2026/09/20 08:33:50.825, 6, 180.17 W, 29, 120 MHz, 3996 MHz, 0 %, 0 %
2026/09/20 08:33:50.825, 7, 182.13 W, 29, 120 MHz, 3996 MHz, 0 %, 0 %
2026/09/20 08:33:51.825, 0, 862.91 W, 55, 2032 MHz, 3996 MHz, 100 %, 60 %
2026/09/20 08:33:51.825, 1, 876.01 W, 57, 2032 MHz, 3996 MHz, 100 %, 60 %
2026/09/20 08:33:51.825, 2, 849.42 W, 48, 2032 MHz, 3996 MHz, 100 %, 59 %
2026/09/20 08:33:51.825, 3, 847.42 W, 49, 2032 MHz, 3996 MHz, 100 %, 59 %
2026/09/20 08:33:51.825, 4, 181.88 W, 35, 120 MHz, 3996 MHz, 0 %, 0 %
2026/09/20 08:33:51.825, 5, 179.46 W, 32, 120 MHz, 3996 MHz, 0 %, 0 %
2026/09/20 08:33:51.825, 6, 180.13 W, 29, 120 MHz, 3996 MHz, 0 %, 0 %
2026/09/20 08:33:51.825, 7, 182.13 W, 29, 120 MHz, 3996 MHz, 0 %, 0 %
2026/09/20 08:33:52.825, 0, 872.66 W, 55, 2032 MHz, 3996 MHz, 100 %, 60 %
2026/09/20 08:33:52.825, 1, 881.64 W, 57, 2032 MHz, 3996 MHz, 100 %, 60 %
2026/09/20 08:33:52.825, 2, 863.74 W, 49, 2032 MHz, 3996 MHz, 100 %, 60 %
2026/09/20 08:33:52.825, 3, 855.62 W, 49, 2032 MHz, 3996 MHz, 100 %, 59 %
2026/09/20 08:33:52.825, 4, 181.83 W, 35, 120 MHz, 3996 MHz, 0 %, 0 %
2026/09/20 08:33:52.825, 5, 179.47 W, 32, 120 MHz, 3996 MHz, 0 %, 0 %
2026/09/20 08:33:52.825, 6, 180.17 W, 29, 120 MHz, 3996 MHz, 0 %, 0 %
2026/09/20 08:33:52.825, 7, 182.13 W, 29, 120 MHz, 3996 MHz, 0 %, 0 %
2026/09/20 08:33:53.825, 0, 874.68 W, 56, 2032 MHz, 3996 MHz, 100 %, 61 %
2026/09/20 08:33:53.825, 1, 883.58 W, 58, 2032 MHz, 3996 MHz, 100 %, 61 %
2026/09/20 08:33:53.825, 2, 862.38 W, 49, 2032 MHz, 3996 MHz, 100 %, 60 %
2026/09/20 08:33:53.825, 3, 856.69 W, 49, 2032 MHz, 3996 MHz, 100 %, 60 %
2026/09/20 08:33:53.825, 4, 182.31 W, 35, 120 MHz, 3996 MHz, 0 %, 0 %
2026/09/20 08:33:53.825, 5, 179.47 W, 32, 120 MHz, 3996 MHz, 0 %, 0 %
2026/09/20 08:33:53.826, 6, 180.17 W, 29, 120 MHz, 3996 MHz, 0 %, 0 %
2026/09/20 08:33:53.826, 7, 182.13 W, 29, 120 MHz, 3996 MHz, 0 %, 0 %
2026/09/20 08:33:54.826, 0, 875.45 W, 56, 2032 MHz, 3996 MHz, 100 %, 60 %
2026/09/20 08:33:54.826, 1, 887.14 W, 58, 2032 MHz, 3996 MHz, 100 %, 60 %
2026/09/20 08:33:54.826, 2, 863.76 W, 49, 2032 MHz, 3996 MHz, 100 %, 60 %
2026/09/20 08:33:54.826, 3, 860.93 W, 49, 2032 MHz, 3996 MHz, 100 %, 60 %
2026/09/20 08:33:54.826, 4, 181.76 W, 35, 120 MHz, 3996 MHz, 0 %, 0 %
2026/09/20 08:33:54.826, 5, 179.47 W, 32, 120 MHz, 3996 MHz, 0 %, 0 %
2026/09/20 08:33:54.826, 6, 180.17 W, 29, 120 MHz, 3996 MHz, 0 %, 0 %
2026/09/20 08:33:54.826, 7, 182.13 W, 29, 120 MHz, 3996 MHz, 0 %, 0 %
2026/09/20 08:33:55.826, 0, 878.08 W, 56, 2032 MHz, 3996 MHz, 100 %, 60 %
2026/09/20 08:33:55.826, 1, 886.07 W, 58, 2032 MHz, 3996 MHz, 100 %, 60 %
2026/09/20 08:33:55.826, 2, 868.43 W, 49, 2032 MHz, 3996 MHz, 100 %, 60 %
2026/09/20 08:33:55.826, 3, 862.68 W, 49, 2032 MHz, 3996 MHz, 100 %, 60 %
2026/09/20 08:33:55.826, 4, 181.87 W, 35, 120 MHz, 3996 MHz, 0 %, 0 %
2026/09/20 08:33:55.826, 5, 179.46 W, 32, 120 MHz, 3996 MHz, 0 %, 0 %
2026/09/20 08:33:55.826, 6, 180.17 W, 29, 120 MHz, 3996 MHz, 0 %, 0 %
2026/09/20 08:33:55.826, 7, 182.13 W, 29, 120 MHz, 3996 MHz, 0 %, 0 %
2026/09/20 08:33:56.826, 0, 879.29 W, 57, 2032 MHz, 3996 MHz, 100 %, 60 %
2026/09/20 08:33:56.826, 1, 885.69 W, 58, 2032 MHz, 3996 MHz, 100 %, 60 %
2026/09/20 08:33:56.826, 2, 865.91 W, 49, 2032 MHz, 3996 MHz, 100 %, 60 %
2026/09/20 08:33:56.826, 3, 866.45 W, 49, 2032 MHz, 3996 MHz, 100 %, 60 %
2026/09/20 08:33:56.826, 4, 181.96 W, 35, 120 MHz, 3996 MHz, 0 %, 0 %
2026/09/20 08:33:56.826, 5, 179.46 W, 32, 120 MHz, 3996 MHz, 0 %, 0 %
2026/09/20 08:33:56.826, 6, 180.17 W, 29, 120 MHz, 3996 MHz, 0 %, 0 %
2026/09/20 08:33:56.826, 7, 182.13 W, 29, 120 MHz, 3996 MHz, 0 %, 0 %
2026/09/20 08:33:57.826, 0, 717.73 W, 52, 2032 MHz, 3996 MHz, 100 %, 6 %
2026/09/20 08:33:57.826, 1, 690.84 W, 54, 2032 MHz, 3996 MHz, 100 %, 6 %
2026/09/20 08:33:57.826, 2, 945.45 W, 54, 1980 MHz, 3996 MHz, 100 %, 30 %
2026/09/20 08:33:57.826, 3, 681.90 W, 45, 2032 MHz, 3996 MHz, 100 %, 7 %
2026/09/20 08:33:57.827, 4, 181.65 W, 35, 120 MHz, 3996 MHz, 0 %, 0 %
2026/09/20 08:33:57.827, 5, 179.47 W, 32, 120 MHz, 3996 MHz, 0 %, 0 %
2026/09/20 08:33:57.827, 6, 180.17 W, 29, 120 MHz, 3996 MHz, 0 %, 0 %
2026/09/20 08:33:57.827, 7, 182.13 W, 29, 120 MHz, 3996 MHz, 0 %, 0 %
2026/09/20 08:33:58.827, 0, 575.58 W, 52, 2032 MHz, 3996 MHz, 100 %, 6 %
2026/09/20 08:33:58.827, 1, 937.04 W, 60, 2032 MHz, 3996 MHz, 96 %, 30 %
2026/09/20 08:33:58.827, 2, 653.12 W, 47, 2032 MHz, 3996 MHz, 95 %, 27 %
2026/09/20 08:33:58.827, 3, 606.90 W, 46, 2032 MHz, 3996 MHz, 100 %, 59 %
2026/09/20 08:33:58.827, 4, 181.64 W, 35, 120 MHz, 3996 MHz, 0 %, 0 %
2026/09/20 08:33:58.827, 5, 179.46 W, 32, 120 MHz, 3996 MHz, 0 %, 0 %
2026/09/20 08:33:58.827, 6, 180.17 W, 29, 120 MHz, 3996 MHz, 0 %, 0 %
2026/09/20 08:33:58.827, 7, 182.13 W, 29, 120 MHz, 3996 MHz, 0 %, 0 %
2026/09/20 08:33:59.827, 0, 966.33 W, 60, 1972 MHz, 3996 MHz, 100 %, 30 %
2026/09/20 08:33:59.827, 1, 723.50 W, 55, 2032 MHz, 3996 MHz, 100 %, 9 %
2026/09/20 08:33:59.827, 2, 695.68 W, 47, 2032 MHz, 3996 MHz, 100 %, 9 %
2026/09/20 08:33:59.827, 3, 983.83 W, 54, 1770 MHz, 3996 MHz, 100 %, 31 %
2026/09/20 08:33:59.827, 4, 181.76 W, 35, 120 MHz, 3996 MHz, 0 %, 0 %
2026/09/20 08:33:59.827, 5, 179.47 W, 32, 120 MHz, 3996 MHz, 0 %, 0 %
2026/09/20 08:33:59.827, 6, 180.17 W, 29, 120 MHz, 3996 MHz, 0 %, 0 %
2026/09/20 08:33:59.827, 7, 182.13 W, 29, 120 MHz, 3996 MHz, 0 %, 0 %
2026/09/20 08:34:00.827, 0, 688.45 W, 55, 2032 MHz, 3996 MHz, 97 %, 49 %
2026/09/20 08:34:00.827, 1, 637.97 W, 56, 2032 MHz, 3996 MHz, 100 %, 58 %
2026/09/20 08:34:00.827, 2, 906.66 W, 50, 2032 MHz, 3996 MHz, 100 %, 58 %
2026/09/20 08:34:00.827, 3, 666.60 W, 48, 2032 MHz, 3996 MHz, 100 %, 50 %
2026/09/20 08:34:00.827, 4, 182.23 W, 35, 120 MHz, 3996 MHz, 0 %, 0 %
2026/09/20 08:34:00.827, 5, 179.47 W, 32, 120 MHz, 3996 MHz, 0 %, 0 %
2026/09/20 08:34:00.827, 6, 180.17 W, 29, 120 MHz, 3996 MHz, 0 %, 0 %
2026/09/20 08:34:00.827, 7, 182.13 W, 29, 120 MHz, 3996 MHz, 0 %, 0 %
2026/09/20 08:34:01.828, 0, 664.29 W, 56, 2032 MHz, 3996 MHz, 100 %, 59 %
2026/09/20 08:34:01.828, 1, 680.30 W, 57, 1965 MHz, 3996 MHz, 100 %, 59 %
2026/09/20 08:34:01.828, 2, 651.22 W, 48, 2032 MHz, 3996 MHz, 100 %, 59 %
2026/09/20 08:34:01.828, 3, 935.61 W, 48, 2032 MHz, 3996 MHz, 100 %, 30 %
2026/09/20 08:34:01.828, 4, 182.18 W, 35, 120 MHz, 3996 MHz, 0 %, 0 %
2026/09/20 08:34:01.828, 5, 179.47 W, 32, 120 MHz, 3996 MHz, 0 %, 0 %
2026/09/20 08:34:01.828, 6, 180.17 W, 29, 120 MHz, 3996 MHz, 0 %, 0 %
2026/09/20 08:34:01.828, 7, 182.13 W, 29, 120 MHz, 3996 MHz, 0 %, 0 %
2026/09/20 08:34:02.828, 0, 977.34 W, 58, 2032 MHz, 3996 MHz, 100 %, 59 %
2026/09/20 08:34:02.828, 1, 987.01 W, 59, 2032 MHz, 3996 MHz, 100 %, 60 %
2026/09/20 08:34:02.828, 2, 649.24 W, 48, 2032 MHz, 3996 MHz, 100 %, 59 %
2026/09/20 08:34:02.828, 3, 680.21 W, 49, 2032 MHz, 3996 MHz, 100 %, 60 %
2026/09/20 08:34:02.828, 4, 182.02 W, 35, 120 MHz, 3996 MHz, 0 %, 0 %
2026/09/20 08:34:02.828, 5, 179.47 W, 32, 120 MHz, 3996 MHz, 0 %, 0 %
2026/09/20 08:34:02.828, 6, 180.17 W, 29, 120 MHz, 3996 MHz, 0 %, 0 %
2026/09/20 08:34:02.828, 7, 182.13 W, 29, 120 MHz, 3996 MHz, 0 %, 0 %
2026/09/20 08:34:03.828, 0, 871.29 W, 58, 2032 MHz, 3996 MHz, 100 %, 61 %
2026/09/20 08:34:03.828, 1, 878.04 W, 59, 2032 MHz, 3996 MHz, 100 %, 60 %
2026/09/20 08:34:03.828, 2, 848.05 W, 49, 2032 MHz, 3996 MHz, 100 %, 60 %
2026/09/20 08:34:03.828, 3, 853.37 W, 50, 2032 MHz, 3996 MHz, 100 %, 60 %
2026/09/20 08:34:03.828, 4, 181.87 W, 35, 120 MHz, 3996 MHz, 0 %, 0 %
2026/09/20 08:34:03.828, 5, 179.47 W, 32, 120 MHz, 3996 MHz, 0 %, 0 %
2026/09/20 08:34:03.828, 6, 180.17 W, 29, 120 MHz, 3996 MHz, 0 %, 0 %
2026/09/20 08:34:03.828, 7, 182.13 W, 29, 120 MHz, 3996 MHz, 0 %, 0 %
2026/09/20 08:34:04.828, 0, 876.73 W, 58, 2032 MHz, 3996 MHz, 100 %, 61 %
2026/09/20 08:34:04.828, 1, 882.69 W, 59, 2032 MHz, 3996 MHz, 100 %, 60 %
2026/09/20 08:34:04.829, 2, 857.44 W, 49, 2032 MHz, 3996 MHz, 100 %, 60 %
2026/09/20 08:34:04.829, 3, 859.91 W, 50, 2032 MHz, 3996 MHz, 100 %, 59 %
2026/09/20 08:34:04.829, 4, 181.88 W, 35, 120 MHz, 3996 MHz, 0 %, 0 %
2026/09/20 08:34:04.829, 5, 179.46 W, 32, 120 MHz, 3996 MHz, 0 %, 0 %
2026/09/20 08:34:04.829, 6, 180.17 W, 29, 120 MHz, 3996 MHz, 0 %, 0 %
2026/09/20 08:34:04.829, 7, 182.13 W, 29, 120 MHz, 3996 MHz, 0 %, 0 %
2026/09/20 08:34:05.829, 0, 876.79 W, 58, 2032 MHz, 3996 MHz, 100 %, 60 %
2026/09/20 08:34:05.829, 1, 884.18 W, 59, 2032 MHz, 3996 MHz, 100 %, 60 %
2026/09/20 08:34:05.829, 2, 860.39 W, 50, 2032 MHz, 3996 MHz, 100 %, 60 %
2026/09/20 08:34:05.829, 3, 859.49 W, 50, 2032 MHz, 3996 MHz, 100 %, 60 %
2026/09/20 08:34:05.829, 4, 182.00 W, 35, 120 MHz, 3996 MHz, 0 %, 0 %
2026/09/20 08:34:05.829, 5, 179.47 W, 32, 120 MHz, 3996 MHz, 0 %, 0 %
2026/09/20 08:34:05.829, 6, 180.17 W, 29, 120 MHz, 3996 MHz, 0 %, 0 %
2026/09/20 08:34:05.829, 7, 182.13 W, 29, 120 MHz, 3996 MHz, 0 %, 0 %
2026/09/20 08:34:06.829, 0, 880.31 W, 58, 2032 MHz, 3996 MHz, 100 %, 60 %
2026/09/20 08:34:06.829, 1, 887.74 W, 59, 2032 MHz, 3996 MHz, 100 %, 61 %
2026/09/20 08:34:06.829, 2, 862.68 W, 50, 2032 MHz, 3996 MHz, 100 %, 60 %
2026/09/20 08:34:06.829, 3, 861.52 W, 50, 2032 MHz, 3996 MHz, 100 %, 60 %
2026/09/20 08:34:06.829, 4, 181.87 W, 35, 120 MHz, 3996 MHz, 0 %, 0 %
2026/09/20 08:34:06.829, 5, 179.46 W, 32, 120 MHz, 3996 MHz, 0 %, 0 %
2026/09/20 08:34:06.829, 6, 180.17 W, 29, 120 MHz, 3996 MHz, 0 %, 0 %
2026/09/20 08:34:06.829, 7, 182.13 W, 29, 120 MHz, 3996 MHz, 0 %, 0 %
2026/09/20 08:34:07.829, 0, 747.80 W, 54, 2032 MHz, 3996 MHz, 100 %, 7 %
2026/09/20 08:34:07.829, 1, 936.17 W, 65, 1995 MHz, 3996 MHz, 100 %, 28 %
2026/09/20 08:34:07.829, 2, 716.24 W, 45, 2032 MHz, 3996 MHz, 100 %, 6 %
2026/09/20 08:34:07.829, 3, 707.80 W, 46, 2032 MHz, 3996 MHz, 100 %, 7 %
2026/09/20 08:34:07.829, 4, 182.06 W, 35, 120 MHz, 3996 MHz, 0 %, 0 %
2026/09/20 08:34:07.829, 5, 179.46 W, 32, 120 MHz, 3996 MHz, 0 %, 0 %
2026/09/20 08:34:07.829, 6, 180.17 W, 29, 120 MHz, 3996 MHz, 0 %, 0 %
2026/09/20 08:34:07.830, 7, 182.13 W, 29, 120 MHz, 3996 MHz, 0 %, 0 %
2026/09/20 08:34:08.830, 0, 779.28 W, 58, 2032 MHz, 3996 MHz, 100 %, 61 %
2026/09/20 08:34:08.830, 1, 921.12 W, 60, 2032 MHz, 3996 MHz, 100 %, 60 %
2026/09/20 08:34:08.830, 2, 771.98 W, 50, 2032 MHz, 3996 MHz, 100 %, 60 %
2026/09/20 08:34:08.830, 3, 801.60 W, 50, 2032 MHz, 3996 MHz, 100 %, 61 %
2026/09/20 08:34:08.830, 4, 182.14 W, 35, 120 MHz, 3996 MHz, 0 %, 0 %
2026/09/20 08:34:08.830, 5, 179.47 W, 32, 120 MHz, 3996 MHz, 0 %, 0 %
2026/09/20 08:34:08.830, 6, 180.17 W, 29, 120 MHz, 3996 MHz, 0 %, 0 %
2026/09/20 08:34:08.830, 7, 182.13 W, 29, 120 MHz, 3996 MHz, 0 %, 0 %
2026/09/20 08:34:09.830, 0, 720.35 W, 55, 2032 MHz, 3996 MHz, 100 %, 7 %
2026/09/20 08:34:09.830, 1, 735.96 W, 56, 2032 MHz, 3996 MHz, 100 %, 7 %
2026/09/20 08:34:09.830, 2, 966.56 W, 55, 1942 MHz, 3996 MHz, 100 %, 31 %
2026/09/20 08:34:09.830, 3, 687.63 W, 47, 2032 MHz, 3996 MHz, 96 %, 21 %
2026/09/20 08:34:09.830, 4, 182.18 W, 35, 120 MHz, 3996 MHz, 0 %, 0 %
2026/09/20 08:34:09.830, 5, 179.47 W, 32, 120 MHz, 3996 MHz, 0 %, 0 %
2026/09/20 08:34:09.830, 6, 180.17 W, 29, 120 MHz, 3996 MHz, 0 %, 0 %
2026/09/20 08:34:09.830, 7, 182.13 W, 29, 120 MHz, 3996 MHz, 0 %, 0 %
2026/09/20 08:34:10.830, 0, 663.88 W, 56, 2032 MHz, 3996 MHz, 99 %, 59 %
2026/09/20 08:34:10.830, 1, 662.64 W, 59, 2032 MHz, 3996 MHz, 100 %, 61 %
2026/09/20 08:34:10.830, 2, 677.71 W, 49, 2032 MHz, 3996 MHz, 100 %, 60 %
2026/09/20 08:34:10.830, 3, 950.68 W, 51, 2032 MHz, 3996 MHz, 100 %, 60 %
2026/09/20 08:34:10.830, 4, 182.00 W, 35, 120 MHz, 3996 MHz, 0 %, 0 %
2026/09/20 08:34:10.830, 5, 179.47 W, 32, 120 MHz, 3996 MHz, 0 %, 0 %
2026/09/20 08:34:10.830, 6, 180.17 W, 29, 120 MHz, 3996 MHz, 0 %, 0 %
2026/09/20 08:34:10.830, 7, 182.13 W, 29, 120 MHz, 3996 MHz, 0 %, 0 %
2026/09/20 08:34:11.830, 0, 889.01 W, 59, 1957 MHz, 3996 MHz, 100 %, 60 %
2026/09/20 08:34:11.830, 1, 868.69 W, 59, 2032 MHz, 3996 MHz, 100 %, 60 %
2026/09/20 08:34:11.830, 2, 832.16 W, 48, 2032 MHz, 3996 MHz, 100 %, 45 %
2026/09/20 08:34:11.830, 3, 800.69 W, 48, 2032 MHz, 3996 MHz, 100 %, 7 %
2026/09/20 08:34:11.830, 4, 182.14 W, 35, 120 MHz, 3996 MHz, 0 %, 0 %
2026/09/20 08:34:11.830, 5, 179.47 W, 32, 120 MHz, 3996 MHz, 0 %, 0 %
2026/09/20 08:34:11.831, 6, 180.17 W, 29, 120 MHz, 3996 MHz, 0 %, 0 %
2026/09/20 08:34:11.831, 7, 182.13 W, 29, 120 MHz, 3996 MHz, 0 %, 0 %
2026/09/20 08:34:12.831, 0, 823.57 W, 57, 2032 MHz, 3996 MHz, 100 %, 9 %
2026/09/20 08:34:12.831, 1, 523.65 W, 57, 2032 MHz, 3996 MHz, 100 %, 9 %
2026/09/20 08:34:12.831, 2, 752.96 W, 54, 1852 MHz, 3996 MHz, 100 %, 30 %
2026/09/20 08:34:12.831, 3, 801.54 W, 54, 1830 MHz, 3996 MHz, 100 %, 32 %
2026/09/20 08:34:12.831, 4, 181.80 W, 35, 120 MHz, 3996 MHz, 0 %, 0 %
2026/09/20 08:34:12.831, 5, 179.47 W, 32, 120 MHz, 3996 MHz, 0 %, 0 %
2026/09/20 08:34:12.831, 6, 180.17 W, 29, 120 MHz, 3996 MHz, 0 %, 0 %
2026/09/20 08:34:12.831, 7, 182.13 W, 29, 120 MHz, 3996 MHz, 0 %, 0 %
2026/09/20 08:34:13.831, 0, 939.71 W, 64, 1965 MHz, 3996 MHz, 100 %, 28 %
2026/09/20 08:34:13.831, 1, 946.07 W, 66, 1815 MHz, 3996 MHz, 100 %, 29 %
2026/09/20 08:34:13.831, 2, 684.96 W, 47, 2032 MHz, 3996 MHz, 100 %, 8 %
2026/09/20 08:34:13.831, 3, 680.01 W, 46, 2032 MHz, 3996 MHz, 97 %, 28 %
2026/09/20 08:34:13.831, 4, 182.14 W, 35, 120 MHz, 3996 MHz, 0 %, 0 %
2026/09/20 08:34:13.831, 5, 179.47 W, 32, 120 MHz, 3996 MHz, 0 %, 0 %
2026/09/20 08:34:13.831, 6, 180.17 W, 29, 120 MHz, 3996 MHz, 0 %, 0 %
2026/09/20 08:34:13.831, 7, 182.13 W, 29, 120 MHz, 3996 MHz, 0 %, 0 %
2026/09/20 08:34:14.831, 0, 861.49 W, 59, 2032 MHz, 3996 MHz, 100 %, 59 %
2026/09/20 08:34:14.831, 1, 871.50 W, 60, 2032 MHz, 3996 MHz, 100 %, 59 %
2026/09/20 08:34:14.831, 2, 822.91 W, 49, 2032 MHz, 3996 MHz, 100 %, 58 %
2026/09/20 08:34:14.831, 3, 835.71 W, 50, 2032 MHz, 3996 MHz, 100 %, 58 %
2026/09/20 08:34:14.831, 4, 181.93 W, 35, 120 MHz, 3996 MHz, 0 %, 0 %
2026/09/20 08:34:14.831, 5, 179.47 W, 32, 120 MHz, 3996 MHz, 0 %, 0 %
2026/09/20 08:34:14.831, 6, 180.17 W, 29, 120 MHz, 3996 MHz, 0 %, 0 %
2026/09/20 08:34:14.831, 7, 182.13 W, 29, 120 MHz, 3996 MHz, 0 %, 0 %
2026/09/20 08:34:15.831, 0, 874.15 W, 59, 2032 MHz, 3996 MHz, 100 %, 60 %
2026/09/20 08:34:15.832, 1, 875.18 W, 61, 2032 MHz, 3996 MHz, 100 %, 60 %
2026/09/20 08:34:15.832, 2, 852.63 W, 50, 2032 MHz, 3996 MHz, 100 %, 60 %
2026/09/20 08:34:15.832, 3, 849.71 W, 50, 2032 MHz, 3996 MHz, 100 %, 60 %
2026/09/20 08:34:15.832, 4, 182.04 W, 35, 120 MHz, 3996 MHz, 0 %, 0 %
2026/09/20 08:34:15.832, 5, 179.47 W, 32, 120 MHz, 3996 MHz, 0 %, 0 %
2026/09/20 08:34:15.832, 6, 180.17 W, 29, 120 MHz, 3996 MHz, 0 %, 0 %
2026/09/20 08:34:15.832, 7, 182.13 W, 29, 120 MHz, 3996 MHz, 0 %, 0 %
2026/09/20 08:34:16.832, 0, 891.53 W, 60, 2032 MHz, 3996 MHz, 100 %, 61 %
2026/09/20 08:34:16.832, 1, 892.67 W, 61, 2032 MHz, 3996 MHz, 100 %, 60 %
2026/09/20 08:34:16.832, 2, 869.06 W, 50, 2032 MHz, 3996 MHz, 100 %, 61 %
2026/09/20 08:34:16.832, 3, 868.90 W, 51, 2032 MHz, 3996 MHz, 100 %, 61 %
2026/09/20 08:34:16.832, 4, 182.06 W, 35, 120 MHz, 3996 MHz, 0 %, 0 %
2026/09/20 08:34:16.832, 5, 179.47 W, 32, 120 MHz, 3996 MHz, 0 %, 0 %
2026/09/20 08:34:16.832, 6, 180.17 W, 29, 120 MHz, 3996 MHz, 0 %, 0 %
2026/09/20 08:34:16.832, 7, 182.13 W, 29, 120 MHz, 3996 MHz, 0 %, 0 %
2026/09/20 08:34:17.832, 0, 895.92 W, 60, 2032 MHz, 3996 MHz, 100 %, 61 %
2026/09/20 08:34:17.832, 1, 901.45 W, 62, 2032 MHz, 3996 MHz, 100 %, 61 %
2026/09/20 08:34:17.832, 2, 871.02 W, 51, 2032 MHz, 3996 MHz, 100 %, 60 %
2026/09/20 08:34:17.832, 3, 876.57 W, 51, 2032 MHz, 3996 MHz, 100 %, 60 %
2026/09/20 08:34:17.832, 4, 182.12 W, 35, 120 MHz, 3996 MHz, 0 %, 0 %
2026/09/20 08:34:17.832, 5, 179.47 W, 32, 120 MHz, 3996 MHz, 0 %, 0 %
2026/09/20 08:34:17.832, 6, 180.17 W, 29, 120 MHz, 3996 MHz, 0 %, 0 %
2026/09/20 08:34:17.832, 7, 182.13 W, 29, 120 MHz, 3996 MHz, 0 %, 0 %
2026/09/20 08:34:18.832, 0, 746.34 W, 56, 2032 MHz, 3996 MHz, 100 %, 6 %
2026/09/20 08:34:18.832, 1, 948.28 W, 66, 1987 MHz, 3996 MHz, 100 %, 28 %
2026/09/20 08:34:18.832, 2, 713.64 W, 46, 2032 MHz, 3996 MHz, 100 %, 6 %
2026/09/20 08:34:18.832, 3, 701.72 W, 47, 2032 MHz, 3996 MHz, 100 %, 6 %
2026/09/20 08:34:18.832, 4, 182.31 W, 35, 120 MHz, 3996 MHz, 0 %, 0 %
2026/09/20 08:34:18.833, 5, 179.46 W, 32, 120 MHz, 3996 MHz, 0 %, 0 %
2026/09/20 08:34:18.833, 6, 180.17 W, 29, 120 MHz, 3996 MHz, 0 %, 0 %
2026/09/20 08:34:18.833, 7, 182.13 W, 29, 120 MHz, 3996 MHz, 0 %, 0 %
2026/09/20 08:34:19.833, 0, 784.38 W, 60, 2032 MHz, 3996 MHz, 100 %, 61 %
2026/09/20 08:34:19.833, 1, 922.91 W, 62, 2032 MHz, 3996 MHz, 100 %, 61 %
2026/09/20 08:34:19.833, 2, 788.83 W, 50, 2032 MHz, 3996 MHz, 100 %, 61 %
2026/09/20 08:34:19.833, 3, 807.77 W, 50, 2032 MHz, 3996 MHz, 100 %, 60 %
2026/09/20 08:34:19.833, 4, 182.10 W, 35, 120 MHz, 3996 MHz, 0 %, 0 %
2026/09/20 08:34:19.833, 5, 179.47 W, 32, 120 MHz, 3996 MHz, 0 %, 0 %
2026/09/20 08:34:19.833, 6, 180.17 W, 29, 120 MHz, 3996 MHz, 0 %, 0 %
2026/09/20 08:34:19.833, 7, 182.13 W, 29, 120 MHz, 3996 MHz, 0 %, 0 %
2026/09/20 08:34:20.833, 0, 764.83 W, 57, 2032 MHz, 3996 MHz, 100 %, 9 %
2026/09/20 08:34:20.833, 1, 766.42 W, 59, 2032 MHz, 3996 MHz, 100 %, 9 %
2026/09/20 08:34:20.833, 2, 959.09 W, 56, 1980 MHz, 3996 MHz, 100 %, 28 %
2026/09/20 08:34:20.833, 3, 961.50 W, 55, 1785 MHz, 3996 MHz, 100 %, 31 %
2026/09/20 08:34:20.833, 4, 181.95 W, 35, 120 MHz, 3996 MHz, 0 %, 0 %
2026/09/20 08:34:20.833, 5, 179.46 W, 32, 120 MHz, 3996 MHz, 0 %, 0 %
2026/09/20 08:34:20.833, 6, 180.17 W, 29, 120 MHz, 3996 MHz, 0 %, 0 %
2026/09/20 08:34:20.833, 7, 182.13 W, 29, 120 MHz, 3996 MHz, 0 %, 0 %
2026/09/20 08:34:21.833, 0, 907.06 W, 61, 2025 MHz, 3996 MHz, 100 %, 31 %
2026/09/20 08:34:21.833, 1, 630.46 W, 59, 2032 MHz, 3996 MHz, 100 %, 17 %
2026/09/20 08:34:21.833, 2, 680.57 W, 48, 2032 MHz, 3996 MHz, 100 %, 33 %
2026/09/20 08:34:21.833, 3, 670.09 W, 49, 2032 MHz, 3996 MHz, 100 %, 60 %
2026/09/20 08:34:21.833, 4, 182.16 W, 35, 120 MHz, 3996 MHz, 0 %, 0 %
2026/09/20 08:34:21.833, 5, 179.47 W, 32, 120 MHz, 3996 MHz, 0 %, 0 %
2026/09/20 08:34:21.833, 6, 180.17 W, 29, 120 MHz, 3996 MHz, 0 %, 0 %
2026/09/20 08:34:21.833, 7, 182.13 W, 29, 120 MHz, 3996 MHz, 0 %, 0 %
2026/09/20 08:34:22.833, 0, 859.52 W, 58, 2032 MHz, 3996 MHz, 100 %, 60 %
2026/09/20 08:34:22.834, 1, 859.50 W, 59, 2032 MHz, 3996 MHz, 100 %, 47 %
2026/09/20 08:34:22.834, 2, 890.00 W, 53, 1980 MHz, 3996 MHz, 100 %, 46 %
2026/09/20 08:34:22.834, 3, 796.38 W, 48, 2032 MHz, 3996 MHz, 100 %, 7 %
2026/09/20 08:34:22.834, 4, 182.20 W, 35, 120 MHz, 3996 MHz, 0 %, 0 %
2026/09/20 08:34:22.834, 5, 179.47 W, 32, 120 MHz, 3996 MHz, 0 %, 0 %
2026/09/20 08:34:22.834, 6, 180.17 W, 29, 120 MHz, 3996 MHz, 0 %, 0 %
2026/09/20 08:34:22.834, 7, 182.13 W, 29, 120 MHz, 3996 MHz, 0 %, 0 %
2026/09/20 08:34:23.834, 0, 704.93 W, 60, 2032 MHz, 3996 MHz, 100 %, 60 %
2026/09/20 08:34:23.834, 1, 714.12 W, 61, 2032 MHz, 3996 MHz, 100 %, 60 %
2026/09/20 08:34:23.834, 2, 932.63 W, 51, 2032 MHz, 3996 MHz, 100 %, 60 %
2026/09/20 08:34:23.834, 3, 723.54 W, 50, 2032 MHz, 3996 MHz, 100 %, 59 %
2026/09/20 08:34:23.834, 4, 182.06 W, 35, 120 MHz, 3996 MHz, 0 %, 0 %
2026/09/20 08:34:23.834, 5, 179.47 W, 32, 120 MHz, 3996 MHz, 0 %, 0 %
2026/09/20 08:34:23.834, 6, 180.17 W, 29, 120 MHz, 3996 MHz, 0 %, 0 %
2026/09/20 08:34:23.834, 7, 182.13 W, 29, 120 MHz, 3996 MHz, 0 %, 0 %
2026/09/20 08:34:24.834, 0, 734.77 W, 64, 1935 MHz, 3996 MHz, 100 %, 30 %
2026/09/20 08:34:24.834, 1, 497.25 W, 56, 2032 MHz, 3996 MHz, 100 %, 7 %
2026/09/20 08:34:24.834, 2, 467.21 W, 45, 2032 MHz, 3996 MHz, 100 %, 7 %
2026/09/20 08:34:24.834, 3, 792.29 W, 48, 2032 MHz, 3996 MHz, 100 %, 16 %
2026/09/20 08:34:24.834, 4, 181.68 W, 35, 120 MHz, 3996 MHz, 0 %, 0 %
2026/09/20 08:34:24.834, 5, 179.46 W, 32, 120 MHz, 3996 MHz, 0 %, 0 %
2026/09/20 08:34:24.834, 6, 180.17 W, 29, 120 MHz, 3996 MHz, 0 %, 0 %
2026/09/20 08:34:24.834, 7, 182.13 W, 29, 120 MHz, 3996 MHz, 0 %, 0 %
2026/09/20 08:34:25.834, 0, 620.23 W, 59, 2032 MHz, 3996 MHz, 100 %, 59 %
2026/09/20 08:34:25.834, 1, 937.82 W, 62, 2032 MHz, 3996 MHz, 100 %, 60 %
2026/09/20 08:34:25.834, 2, 589.01 W, 49, 2032 MHz, 3996 MHz, 100 %, 59 %
2026/09/20 08:34:25.834, 3, 605.26 W, 49, 2032 MHz, 3996 MHz, 100 %, 58 %
2026/09/20 08:34:25.834, 4, 182.23 W, 35, 120 MHz, 3996 MHz, 0 %, 0 %
2026/09/20 08:34:25.834, 5, 179.47 W, 32, 120 MHz, 3996 MHz, 0 %, 0 %
2026/09/20 08:34:25.834, 6, 180.17 W, 29, 120 MHz, 3996 MHz, 0 %, 0 %
2026/09/20 08:34:25.834, 7, 182.13 W, 29, 120 MHz, 3996 MHz, 0 %, 0 %
2026/09/20 08:34:26.835, 0, 877.73 W, 60, 2032 MHz, 3996 MHz, 100 %, 60 %
2026/09/20 08:34:26.835, 1, 885.80 W, 62, 2032 MHz, 3996 MHz, 100 %, 60 %
2026/09/20 08:34:26.835, 2, 864.74 W, 50, 2032 MHz, 3996 MHz, 100 %, 60 %
2026/09/20 08:34:26.835, 3, 857.29 W, 51, 2032 MHz, 3996 MHz, 100 %, 60 %
2026/09/20 08:34:26.835, 4, 182.18 W, 35, 120 MHz, 3996 MHz, 0 %, 0 %
2026/09/20 08:34:26.835, 5, 179.46 W, 32, 120 MHz, 3996 MHz, 0 %, 0 %
2026/09/20 08:34:26.835, 6, 180.17 W, 29, 120 MHz, 3996 MHz, 0 %, 0 %
2026/09/20 08:34:26.835, 7, 182.13 W, 29, 120 MHz, 3996 MHz, 0 %, 0 %
2026/09/20 08:34:27.835, 0, 883.50 W, 61, 2032 MHz, 3996 MHz, 100 %, 60 %
2026/09/20 08:34:27.835, 1, 895.24 W, 62, 2032 MHz, 3996 MHz, 100 %, 61 %
2026/09/20 08:34:27.835, 2, 873.35 W, 51, 2032 MHz, 3996 MHz, 100 %, 60 %
2026/09/20 08:34:27.835, 3, 863.92 W, 51, 2032 MHz, 3996 MHz, 100 %, 60 %
2026/09/20 08:34:27.835, 4, 182.04 W, 35, 120 MHz, 3996 MHz, 0 %, 0 %
2026/09/20 08:34:27.835, 5, 179.47 W, 32, 120 MHz, 3996 MHz, 0 %, 0 %
2026/09/20 08:34:27.835, 6, 180.17 W, 29, 120 MHz, 3996 MHz, 0 %, 0 %
2026/09/20 08:34:27.835, 7, 182.13 W, 29, 120 MHz, 3996 MHz, 0 %, 0 %
2026/09/20 08:34:28.835, 0, 888.57 W, 61, 2032 MHz, 3996 MHz, 100 %, 60 %
2026/09/20 08:34:28.835, 1, 895.41 W, 62, 2032 MHz, 3996 MHz, 100 %, 61 %
2026/09/20 08:34:28.835, 2, 871.16 W, 51, 2032 MHz, 3996 MHz, 100 %, 60 %
2026/09/20 08:34:28.835, 3, 869.24 W, 51, 2032 MHz, 3996 MHz, 100 %, 60 %
2026/09/20 08:34:28.835, 4, 182.10 W, 35, 120 MHz, 3996 MHz, 0 %, 0 %
2026/09/20 08:34:28.835, 5, 179.47 W, 32, 120 MHz, 3996 MHz, 0 %, 0 %
2026/09/20 08:34:28.835, 6, 180.17 W, 29, 120 MHz, 3996 MHz, 0 %, 0 %
2026/09/20 08:34:28.835, 7, 182.13 W, 29, 120 MHz, 3996 MHz, 0 %, 0 %
2026/09/20 08:34:29.836, 0, 799.58 W, 57, 2032 MHz, 3996 MHz, 100 %, 23 %
2026/09/20 08:34:29.836, 1, 926.74 W, 66, 1957 MHz, 3996 MHz, 100 %, 29 %
2026/09/20 08:34:29.836, 2, 776.24 W, 47, 2032 MHz, 3996 MHz, 100 %, 6 %
2026/09/20 08:34:29.836, 3, 758.67 W, 47, 2032 MHz, 3996 MHz, 100 %, 6 %
2026/09/20 08:34:29.836, 4, 181.88 W, 35, 120 MHz, 3996 MHz, 0 %, 0 %
2026/09/20 08:34:29.836, 5, 179.47 W, 32, 120 MHz, 3996 MHz, 0 %, 0 %
2026/09/20 08:34:29.836, 6, 180.17 W, 29, 120 MHz, 3996 MHz, 0 %, 0 %
2026/09/20 08:34:29.836, 7, 182.13 W, 29, 120 MHz, 3996 MHz, 0 %, 0 %
2026/09/20 08:34:30.836, 0, 723.88 W, 61, 2032 MHz, 3996 MHz, 100 %, 61 %
2026/09/20 08:34:30.836, 1, 946.26 W, 63, 2032 MHz, 3996 MHz, 100 %, 61 %
2026/09/20 08:34:30.836, 2, 711.88 W, 50, 2032 MHz, 3996 MHz, 100 %, 60 %
2026/09/20 08:34:30.836, 3, 732.65 W, 51, 2032 MHz, 3996 MHz, 100 %, 60 %
2026/09/20 08:34:30.836, 4, 181.91 W, 35, 120 MHz, 3996 MHz, 0 %, 0 %
2026/09/20 08:34:30.836, 5, 179.46 W, 32, 120 MHz, 3996 MHz, 0 %, 0 %
2026/09/20 08:34:30.836, 6, 180.17 W, 29, 120 MHz, 3996 MHz, 0 %, 0 %
2026/09/20 08:34:30.836, 7, 182.13 W, 29, 120 MHz, 3996 MHz, 0 %, 0 %
2026/09/20 08:34:31.836, 0, 899.53 W, 61, 2032 MHz, 3996 MHz, 100 %, 61 %
2026/09/20 08:34:31.836, 1, 906.54 W, 63, 2032 MHz, 3996 MHz, 100 %, 60 %
2026/09/20 08:34:31.836, 2, 876.02 W, 51, 2032 MHz, 3996 MHz, 100 %, 61 %
2026/09/20 08:34:31.836, 3, 879.47 W, 51, 2032 MHz, 3996 MHz, 100 %, 60 %
2026/09/20 08:34:31.836, 4, 182.03 W, 35, 120 MHz, 3996 MHz, 0 %, 0 %
2026/09/20 08:34:31.836, 5, 179.47 W, 32, 120 MHz, 3996 MHz, 0 %, 0 %
2026/09/20 08:34:31.836, 6, 180.17 W, 29, 120 MHz, 3996 MHz, 0 %, 0 %
2026/09/20 08:34:31.836, 7, 182.13 W, 29, 120 MHz, 3996 MHz, 0 %, 0 %
2026/09/20 08:34:32.836, 0, 682.20 W, 58, 2032 MHz, 3996 MHz, 100 %, 7 %
2026/09/20 08:34:32.836, 1, 677.38 W, 60, 2032 MHz, 3996 MHz, 100 %, 6 %
2026/09/20 08:34:32.836, 2, 943.28 W, 53, 2025 MHz, 3996 MHz, 100 %, 30 %
2026/09/20 08:34:32.836, 3, 666.67 W, 49, 2032 MHz, 3996 MHz, 100 %, 61 %
2026/09/20 08:34:32.836, 4, 181.88 W, 35, 120 MHz, 3996 MHz, 0 %, 0 %
2026/09/20 08:34:32.837, 5, 179.47 W, 32, 120 MHz, 3996 MHz, 0 %, 0 %
2026/09/20 08:34:32.837, 6, 180.17 W, 29, 120 MHz, 3996 MHz, 0 %, 0 %
2026/09/20 08:34:32.837, 7, 182.13 W, 29, 120 MHz, 3996 MHz, 0 %, 0 %
2026/09/20 08:34:33.837, 0, 969.62 W, 62, 2032 MHz, 3996 MHz, 100 %, 61 %
2026/09/20 08:34:33.837, 1, 694.51 W, 61, 2032 MHz, 3996 MHz, 100 %, 61 %
2026/09/20 08:34:33.837, 2, 665.41 W, 50, 2032 MHz, 3996 MHz, 100 %, 60 %
2026/09/20 08:34:33.837, 3, 669.39 W, 50, 2032 MHz, 3996 MHz, 100 %, 61 %
2026/09/20 08:34:33.837, 4, 181.96 W, 35, 120 MHz, 3996 MHz, 0 %, 0 %
2026/09/20 08:34:33.837, 5, 179.47 W, 32, 120 MHz, 3996 MHz, 0 %, 0 %
2026/09/20 08:34:33.837, 6, 180.17 W, 29, 120 MHz, 3996 MHz, 0 %, 0 %
2026/09/20 08:34:33.837, 7, 182.13 W, 29, 120 MHz, 3996 MHz, 0 %, 0 %
2026/09/20 08:34:34.837, 0, 684.40 W, 60, 2032 MHz, 3996 MHz, 100 %, 61 %
2026/09/20 08:34:34.837, 1, 681.13 W, 61, 2032 MHz, 3996 MHz, 100 %, 60 %
2026/09/20 08:34:34.837, 2, 652.08 W, 50, 2032 MHz, 3996 MHz, 100 %, 60 %
2026/09/20 08:34:34.837, 3, 939.57 W, 52, 2032 MHz, 3996 MHz, 100 %, 61 %
2026/09/20 08:34:34.837, 4, 181.99 W, 35, 120 MHz, 3996 MHz, 0 %, 0 %
2026/09/20 08:34:34.837, 5, 179.46 W, 32, 120 MHz, 3996 MHz, 0 %, 0 %
2026/09/20 08:34:34.837, 6, 180.17 W, 29, 120 MHz, 3996 MHz, 0 %, 0 %
2026/09/20 08:34:34.837, 7, 182.13 W, 29, 120 MHz, 3996 MHz, 0 %, 0 %
2026/09/20 08:34:35.837, 0, 660.18 W, 60, 2032 MHz, 3996 MHz, 100 %, 60 %
2026/09/20 08:34:35.837, 1, 672.91 W, 61, 2032 MHz, 3996 MHz, 100 %, 60 %
2026/09/20 08:34:35.837, 2, 971.34 W, 52, 2032 MHz, 3996 MHz, 100 %, 60 %
2026/09/20 08:34:35.837, 3, 651.90 W, 50, 2032 MHz, 3996 MHz, 100 %, 60 %
2026/09/20 08:34:35.837, 4, 182.20 W, 35, 120 MHz, 3996 MHz, 0 %, 0 %
2026/09/20 08:34:35.837, 5, 179.46 W, 32, 120 MHz, 3996 MHz, 0 %, 0 %
2026/09/20 08:34:35.837, 6, 180.17 W, 29, 120 MHz, 3996 MHz, 0 %, 0 %
2026/09/20 08:34:35.837, 7, 182.13 W, 29, 120 MHz, 3996 MHz, 0 %, 0 %
2026/09/20 08:34:36.837, 0, 685.11 W, 60, 2032 MHz, 3996 MHz, 100 %, 59 %
2026/09/20 08:34:36.837, 1, 687.24 W, 62, 2032 MHz, 3996 MHz, 100 %, 60 %
2026/09/20 08:34:36.838, 2, 661.47 W, 50, 2032 MHz, 3996 MHz, 100 %, 60 %
2026/09/20 08:34:36.838, 3, 936.99 W, 50, 2032 MHz, 3996 MHz, 100 %, 29 %
2026/09/20 08:34:36.838, 4, 182.04 W, 35, 120 MHz, 3996 MHz, 0 %, 0 %
2026/09/20 08:34:36.838, 5, 179.47 W, 32, 120 MHz, 3996 MHz, 0 %, 0 %
2026/09/20 08:34:36.838, 6, 180.13 W, 29, 120 MHz, 3996 MHz, 0 %, 0 %
2026/09/20 08:34:36.838, 7, 182.13 W, 29, 120 MHz, 3996 MHz, 0 %, 0 %
2026/09/20 08:34:37.838, 0, 982.54 W, 62, 2032 MHz, 3996 MHz, 100 %, 59 %
2026/09/20 08:34:37.838, 1, 990.63 W, 63, 2032 MHz, 3996 MHz, 100 %, 60 %
2026/09/20 08:34:37.838, 2, 663.20 W, 50, 2032 MHz, 3996 MHz, 100 %, 59 %
2026/09/20 08:34:37.838, 3, 693.47 W, 50, 2032 MHz, 3996 MHz, 100 %, 60 %
2026/09/20 08:34:37.838, 4, 182.02 W, 35, 120 MHz, 3996 MHz, 0 %, 0 %
2026/09/20 08:34:37.838, 5, 179.47 W, 32, 120 MHz, 3996 MHz, 0 %, 0 %
2026/09/20 08:34:37.838, 6, 180.17 W, 29, 120 MHz, 3996 MHz, 0 %, 0 %
2026/09/20 08:34:37.838, 7, 182.13 W, 29, 120 MHz, 3996 MHz, 0 %, 0 %
2026/09/20 08:34:38.838, 0, 882.92 W, 61, 2032 MHz, 3996 MHz, 100 %, 61 %
2026/09/20 08:34:38.838, 1, 887.44 W, 63, 2032 MHz, 3996 MHz, 100 %, 60 %
2026/09/20 08:34:38.838, 2, 860.13 W, 51, 2032 MHz, 3996 MHz, 100 %, 61 %
2026/09/20 08:34:38.838, 3, 860.43 W, 51, 2032 MHz, 3996 MHz, 100 %, 60 %
2026/09/20 08:34:38.838, 4, 181.84 W, 35, 120 MHz, 3996 MHz, 0 %, 0 %
2026/09/20 08:34:38.838, 5, 179.46 W, 32, 120 MHz, 3996 MHz, 0 %, 0 %
2026/09/20 08:34:38.838, 6, 180.17 W, 29, 120 MHz, 3996 MHz, 0 %, 0 %
2026/09/20 08:34:38.838, 7, 182.13 W, 29, 120 MHz, 3996 MHz, 0 %, 0 %
2026/09/20 08:34:39.838, 0, 882.89 W, 62, 2032 MHz, 3996 MHz, 100 %, 60 %
2026/09/20 08:34:39.838, 1, 887.81 W, 63, 2032 MHz, 3996 MHz, 100 %, 60 %
2026/09/20 08:34:39.838, 2, 865.23 W, 51, 2032 MHz, 3996 MHz, 100 %, 60 %
2026/09/20 08:34:39.838, 3, 868.96 W, 51, 2032 MHz, 3996 MHz, 100 %, 61 %
2026/09/20 08:34:39.838, 4, 182.03 W, 35, 120 MHz, 3996 MHz, 0 %, 0 %
2026/09/20 08:34:39.838, 5, 179.46 W, 32, 120 MHz, 3996 MHz, 0 %, 0 %
2026/09/20 08:34:39.838, 6, 180.17 W, 29, 120 MHz, 3996 MHz, 0 %, 0 %
2026/09/20 08:34:39.838, 7, 182.13 W, 29, 120 MHz, 3996 MHz, 0 %, 0 %
2026/09/20 08:34:40.839, 0, 629.62 W, 60, 2032 MHz, 3996 MHz, 100 %, 60 %
2026/09/20 08:34:40.839, 1, 968.25 W, 64, 2032 MHz, 3996 MHz, 100 %, 60 %
2026/09/20 08:34:40.839, 2, 615.50 W, 49, 2032 MHz, 3996 MHz, 100 %, 60 %
2026/09/20 08:34:40.839, 3, 614.24 W, 50, 2032 MHz, 3996 MHz, 100 %, 59 %
2026/09/20 08:34:40.839, 4, 181.76 W, 35, 120 MHz, 3996 MHz, 0 %, 0 %
2026/09/20 08:34:40.839, 5, 179.47 W, 32, 120 MHz, 3996 MHz, 0 %, 0 %
2026/09/20 08:34:40.839, 6, 180.17 W, 29, 120 MHz, 3996 MHz, 0 %, 0 %
2026/09/20 08:34:40.839, 7, 182.13 W, 29, 120 MHz, 3996 MHz, 0 %, 0 %
2026/09/20 08:34:41.839, 0, 872.99 W, 61, 2032 MHz, 3996 MHz, 100 %, 59 %
2026/09/20 08:34:41.839, 1, 886.48 W, 63, 2032 MHz, 3996 MHz, 100 %, 59 %
2026/09/20 08:34:41.839, 2, 859.43 W, 50, 2032 MHz, 3996 MHz, 100 %, 60 %
2026/09/20 08:34:41.839, 3, 856.00 W, 51, 2032 MHz, 3996 MHz, 100 %, 59 %
2026/09/20 08:34:41.839, 4, 181.73 W, 35, 120 MHz, 3996 MHz, 0 %, 0 %
2026/09/20 08:34:41.839, 5, 179.47 W, 32, 120 MHz, 3996 MHz, 0 %, 0 %
2026/09/20 08:34:41.839, 6, 180.17 W, 29, 120 MHz, 3996 MHz, 0 %, 0 %
2026/09/20 08:34:41.839, 7, 182.13 W, 29, 120 MHz, 3996 MHz, 0 %, 0 %
2026/09/20 08:34:42.839, 0, 889.17 W, 61, 2032 MHz, 3996 MHz, 100 %, 61 %
2026/09/20 08:34:42.839, 1, 894.66 W, 63, 2032 MHz, 3996 MHz, 100 %, 61 %
2026/09/20 08:34:42.839, 2, 867.03 W, 51, 2032 MHz, 3996 MHz, 100 %, 60 %
2026/09/20 08:34:42.839, 3, 865.76 W, 51, 2032 MHz, 3996 MHz, 100 %, 61 %
2026/09/20 08:34:42.839, 4, 181.60 W, 35, 120 MHz, 3996 MHz, 0 %, 0 %
2026/09/20 08:34:42.839, 5, 179.47 W, 32, 120 MHz, 3996 MHz, 0 %, 0 %
2026/09/20 08:34:42.839, 6, 180.17 W, 29, 120 MHz, 3996 MHz, 0 %, 0 %
2026/09/20 08:34:42.839, 7, 182.13 W, 29, 120 MHz, 3996 MHz, 0 %, 0 %
2026/09/20 08:34:43.839, 0, 900.77 W, 62, 2032 MHz, 3996 MHz, 100 %, 62 %
2026/09/20 08:34:43.839, 1, 907.48 W, 63, 2032 MHz, 3996 MHz, 100 %, 61 %
2026/09/20 08:34:43.839, 2, 876.79 W, 51, 2032 MHz, 3996 MHz, 100 %, 60 %
2026/09/20 08:34:43.839, 3, 869.65 W, 51, 2032 MHz, 3996 MHz, 100 %, 60 %
2026/09/20 08:34:43.839, 4, 181.60 W, 34, 120 MHz, 3996 MHz, 0 %, 0 %
2026/09/20 08:34:43.839, 5, 179.46 W, 32, 120 MHz, 3996 MHz, 0 %, 0 %
2026/09/20 08:34:43.840, 6, 180.17 W, 29, 120 MHz, 3996 MHz, 0 %, 0 %
2026/09/20 08:34:43.840, 7, 182.13 W, 29, 120 MHz, 3996 MHz, 0 %, 0 %
2026/09/20 08:34:44.840, 0, 744.44 W, 58, 2032 MHz, 3996 MHz, 100 %, 10 %
2026/09/20 08:34:44.840, 1, 748.33 W, 59, 2032 MHz, 3996 MHz, 100 %, 10 %
2026/09/20 08:34:44.840, 2, 985.40 W, 54, 1792 MHz, 3996 MHz, 100 %, 32 %
2026/09/20 08:34:44.840, 3, 988.86 W, 57, 1927 MHz, 3996 MHz, 100 %, 38 %
2026/09/20 08:34:44.840, 4, 181.41 W, 34, 120 MHz, 3996 MHz, 0 %, 0 %
2026/09/20 08:34:44.840, 5, 179.47 W, 32, 120 MHz, 3996 MHz, 0 %, 0 %
2026/09/20 08:34:44.840, 6, 180.17 W, 29, 120 MHz, 3996 MHz, 0 %, 0 %
2026/09/20 08:34:44.840, 7, 182.13 W, 29, 120 MHz, 3996 MHz, 0 %, 0 %
2026/09/20 08:34:45.840, 0, 898.20 W, 65, 2032 MHz, 3996 MHz, 100 %, 61 %
2026/09/20 08:34:45.840, 1, 873.92 W, 61, 2032 MHz, 3996 MHz, 100 %, 60 %
2026/09/20 08:34:45.840, 2, 890.66 W, 55, 2032 MHz, 3996 MHz, 100 %, 60 %
2026/09/20 08:34:45.840, 3, 839.32 W, 52, 2032 MHz, 3996 MHz, 100 %, 10 %
2026/09/20 08:34:45.840, 4, 181.45 W, 34, 120 MHz, 3996 MHz, 0 %, 0 %
2026/09/20 08:34:45.840, 5, 179.46 W, 32, 120 MHz, 3996 MHz, 0 %, 0 %
2026/09/20 08:34:45.840, 6, 180.17 W, 29, 120 MHz, 3996 MHz, 0 %, 0 %
2026/09/20 08:34:45.840, 7, 182.13 W, 29, 120 MHz, 3996 MHz, 0 %, 0 %
2026/09/20 08:34:46.840, 0, 939.91 W, 61, 2032 MHz, 3996 MHz, 100 %, 61 %
2026/09/20 08:34:46.840, 1, 755.63 W, 66, 1770 MHz, 3996 MHz, 100 %, 50 %
2026/09/20 08:34:46.840, 2, 931.96 W, 49, 2032 MHz, 3996 MHz, 100 %, 31 %
2026/09/20 08:34:46.840, 3, 760.94 W, 54, 1995 MHz, 3996 MHz, 100 %, 30 %
2026/09/20 08:34:46.840, 4, 181.34 W, 34, 120 MHz, 3996 MHz, 0 %, 0 %
2026/09/20 08:34:46.840, 5, 179.46 W, 32, 120 MHz, 3996 MHz, 0 %, 0 %
2026/09/20 08:34:46.840, 6, 180.17 W, 29, 120 MHz, 3996 MHz, 0 %, 0 %
2026/09/20 08:34:46.840, 7, 182.13 W, 29, 120 MHz, 3996 MHz, 0 %, 0 %
2026/09/20 08:34:47.841, 0, 744.27 W, 64, 2032 MHz, 3996 MHz, 100 %, 59 %
2026/09/20 08:34:47.841, 1, 960.16 W, 63, 2032 MHz, 3996 MHz, 100 %, 60 %
2026/09/20 08:34:47.841, 2, 698.48 W, 49, 2032 MHz, 3996 MHz, 100 %, 60 %
2026/09/20 08:34:47.841, 3, 907.03 W, 50, 2032 MHz, 3996 MHz, 100 %, 10 %
2026/09/20 08:34:47.841, 4, 181.34 W, 34, 120 MHz, 3996 MHz, 0 %, 0 %
2026/09/20 08:34:47.841, 5, 179.47 W, 32, 120 MHz, 3996 MHz, 0 %, 0 %
2026/09/20 08:34:47.841, 6, 180.13 W, 29, 120 MHz, 3996 MHz, 0 %, 0 %
2026/09/20 08:34:47.841, 7, 182.13 W, 29, 120 MHz, 3996 MHz, 0 %, 0 %
2026/09/20 08:34:48.841, 0, 948.93 W, 61, 2032 MHz, 3996 MHz, 100 %, 60 %
2026/09/20 08:34:48.841, 1, 706.36 W, 62, 2032 MHz, 3996 MHz, 100 %, 61 %
2026/09/20 08:34:48.841, 2, 680.73 W, 50, 2032 MHz, 3996 MHz, 100 %, 60 %
2026/09/20 08:34:48.841, 3, 708.16 W, 50, 2032 MHz, 3996 MHz, 100 %, 59 %
2026/09/20 08:34:48.841, 4, 181.37 W, 34, 120 MHz, 3996 MHz, 0 %, 0 %
2026/09/20 08:34:48.841, 5, 179.47 W, 32, 120 MHz, 3996 MHz, 0 %, 0 %
2026/09/20 08:34:48.841, 6, 180.09 W, 29, 120 MHz, 3996 MHz, 0 %, 0 %
2026/09/20 08:34:48.841, 7, 182.13 W, 29, 120 MHz, 3996 MHz, 0 %, 0 %
2026/09/20 08:34:49.841, 0, 881.60 W, 61, 2032 MHz, 3996 MHz, 100 %, 60 %
2026/09/20 08:34:49.841, 1, 888.50 W, 62, 2032 MHz, 3996 MHz, 100 %, 60 %
2026/09/20 08:34:49.841, 2, 857.24 W, 50, 2032 MHz, 3996 MHz, 100 %, 60 %
2026/09/20 08:34:49.841, 3, 861.06 W, 50, 2032 MHz, 3996 MHz, 100 %, 60 %
2026/09/20 08:34:49.841, 4, 181.30 W, 34, 120 MHz, 3996 MHz, 0 %, 0 %
2026/09/20 08:34:49.841, 5, 179.47 W, 32, 120 MHz, 3996 MHz, 0 %, 0 %
2026/09/20 08:34:49.841, 6, 180.17 W, 29, 120 MHz, 3996 MHz, 0 %, 0 %
2026/09/20 08:34:49.841, 7, 182.13 W, 29, 120 MHz, 3996 MHz, 0 %, 0 %
2026/09/20 08:34:50.841, 0, 661.90 W, 60, 2032 MHz, 3996 MHz, 100 %, 59 %
2026/09/20 08:34:50.841, 1, 974.37 W, 63, 2032 MHz, 3996 MHz, 100 %, 60 %
2026/09/20 08:34:50.841, 2, 641.37 W, 48, 2032 MHz, 3996 MHz, 100 %, 60 %
2026/09/20 08:34:50.841, 3, 641.89 W, 48, 2032 MHz, 3996 MHz, 100 %, 59 %
2026/09/20 08:34:50.841, 4, 181.30 W, 34, 120 MHz, 3996 MHz, 0 %, 0 %
2026/09/20 08:34:50.842, 5, 179.47 W, 32, 120 MHz, 3996 MHz, 0 %, 0 %
2026/09/20 08:34:50.842, 6, 180.13 W, 29, 120 MHz, 3996 MHz, 0 %, 0 %
2026/09/20 08:34:50.842, 7, 182.13 W, 29, 120 MHz, 3996 MHz, 0 %, 0 %
2026/09/20 08:34:51.842, 0, 880.64 W, 61, 2032 MHz, 3996 MHz, 100 %, 60 %
2026/09/20 08:34:51.842, 1, 898.31 W, 63, 2032 MHz, 3996 MHz, 100 %, 61 %
2026/09/20 08:34:51.842, 2, 864.82 W, 50, 2032 MHz, 3996 MHz, 100 %, 60 %
2026/09/20 08:34:51.842, 3, 863.86 W, 50, 2032 MHz, 3996 MHz, 100 %, 60 %
2026/09/20 08:34:51.842, 4, 181.30 W, 34, 120 MHz, 3996 MHz, 0 %, 0 %
2026/09/20 08:34:51.842, 5, 179.46 W, 32, 120 MHz, 3996 MHz, 0 %, 0 %
2026/09/20 08:34:51.842, 6, 180.17 W, 29, 120 MHz, 3996 MHz, 0 %, 0 %
2026/09/20 08:34:51.842, 7, 182.13 W, 29, 120 MHz, 3996 MHz, 0 %, 0 %
2026/09/20 08:34:52.842, 0, 891.57 W, 61, 2032 MHz, 3996 MHz, 100 %, 60 %
2026/09/20 08:34:52.842, 1, 903.58 W, 62, 2032 MHz, 3996 MHz, 100 %, 60 %
2026/09/20 08:34:52.842, 2, 873.98 W, 50, 2032 MHz, 3996 MHz, 100 %, 60 %
2026/09/20 08:34:52.842, 3, 871.73 W, 51, 2032 MHz, 3996 MHz, 100 %, 60 %
2026/09/20 08:34:52.842, 4, 181.34 W, 34, 120 MHz, 3996 MHz, 0 %, 0 %
2026/09/20 08:34:52.842, 5, 179.47 W, 32, 120 MHz, 3996 MHz, 0 %, 0 %
2026/09/20 08:34:52.842, 6, 180.09 W, 29, 120 MHz, 3996 MHz, 0 %, 0 %
2026/09/20 08:34:52.842, 7, 182.13 W, 29, 120 MHz, 3996 MHz, 0 %, 0 %
2026/09/20 08:34:53.842, 0, 897.26 W, 61, 2032 MHz, 3996 MHz, 100 %, 61 %
2026/09/20 08:34:53.842, 1, 902.26 W, 62, 2032 MHz, 3996 MHz, 100 %, 61 %
2026/09/20 08:34:53.842, 2, 877.00 W, 50, 2032 MHz, 3996 MHz, 100 %, 61 %
2026/09/20 08:34:53.842, 3, 878.04 W, 51, 2032 MHz, 3996 MHz, 100 %, 60 %
2026/09/20 08:34:53.842, 4, 181.37 W, 34, 120 MHz, 3996 MHz, 0 %, 0 %
2026/09/20 08:34:53.842, 5, 179.46 W, 32, 120 MHz, 3996 MHz, 0 %, 0 %
2026/09/20 08:34:53.842, 6, 180.13 W, 28, 120 MHz, 3996 MHz, 0 %, 0 %
2026/09/20 08:34:53.842, 7, 182.13 W, 29, 120 MHz, 3996 MHz, 0 %, 0 %
2026/09/20 08:34:54.842, 0, 828.13 W, 59, 2032 MHz, 3996 MHz, 100 %, 30 %
2026/09/20 08:34:54.842, 1, 844.85 W, 60, 2032 MHz, 3996 MHz, 100 %, 10 %
2026/09/20 08:34:54.843, 2, 920.93 W, 54, 1972 MHz, 3996 MHz, 100 %, 29 %
2026/09/20 08:34:54.843, 3, 918.75 W, 54, 1912 MHz, 3996 MHz, 100 %, 43 %
2026/09/20 08:34:54.843, 4, 181.30 W, 34, 120 MHz, 3996 MHz, 0 %, 0 %
2026/09/20 08:34:54.843, 5, 179.46 W, 32, 120 MHz, 3996 MHz, 0 %, 0 %
2026/09/20 08:34:54.843, 6, 180.17 W, 28, 120 MHz, 3996 MHz, 0 %, 0 %
2026/09/20 08:34:54.843, 7, 182.13 W, 29, 120 MHz, 3996 MHz, 0 %, 0 %
2026/09/20 08:34:55.843, 0, 768.24 W, 60, 2032 MHz, 3996 MHz, 100 %, 60 %
2026/09/20 08:34:55.843, 1, 766.91 W, 62, 2032 MHz, 3996 MHz, 100 %, 61 %
2026/09/20 08:34:55.843, 2, 934.27 W, 51, 2032 MHz, 3996 MHz, 100 %, 60 %
2026/09/20 08:34:55.843, 3, 946.69 W, 51, 2032 MHz, 3996 MHz, 100 %, 60 %
2026/09/20 08:34:55.843, 4, 181.30 W, 34, 120 MHz, 3996 MHz, 0 %, 0 %
2026/09/20 08:34:55.843, 5, 179.47 W, 32, 120 MHz, 3996 MHz, 0 %, 0 %
2026/09/20 08:34:55.843, 6, 180.17 W, 28, 120 MHz, 3996 MHz, 0 %, 0 %
2026/09/20 08:34:55.843, 7, 182.13 W, 29, 120 MHz, 3996 MHz, 0 %, 0 %
2026/09/20 08:34:56.843, 0, 988.28 W, 66, 1785 MHz, 3996 MHz, 100 %, 31 %
2026/09/20 08:34:56.843, 1, 748.87 W, 59, 2032 MHz, 3996 MHz, 100 %, 9 %
2026/09/20 08:34:56.843, 2, 970.36 W, 55, 1980 MHz, 3996 MHz, 100 %, 29 %
2026/09/20 08:34:56.843, 3, 723.47 W, 48, 2032 MHz, 3996 MHz, 100 %, 9 %
2026/09/20 08:34:56.843, 4, 181.30 W, 34, 120 MHz, 3996 MHz, 0 %, 0 %
2026/09/20 08:34:56.843, 5, 179.46 W, 32, 120 MHz, 3996 MHz, 0 %, 0 %
2026/09/20 08:34:56.843, 6, 180.13 W, 28, 120 MHz, 3996 MHz, 0 %, 0 %
2026/09/20 08:34:56.843, 7, 182.13 W, 29, 120 MHz, 3996 MHz, 0 %, 0 %
2026/09/20 08:34:57.843, 0, 678.52 W, 59, 2032 MHz, 3996 MHz, 100 %, 45 %
2026/09/20 08:34:57.843, 1, 649.95 W, 60, 2032 MHz, 3996 MHz, 100 %, 61 %
2026/09/20 08:34:57.843, 2, 654.28 W, 48, 2032 MHz, 3996 MHz, 100 %, 60 %
2026/09/20 08:34:57.843, 3, 929.38 W, 51, 2032 MHz, 3996 MHz, 100 %, 53 %
2026/09/20 08:34:57.843, 4, 181.30 W, 34, 120 MHz, 3996 MHz, 0 %, 0 %
2026/09/20 08:34:57.843, 5, 179.47 W, 32, 120 MHz, 3996 MHz, 0 %, 0 %
2026/09/20 08:34:57.843, 6, 180.13 W, 28, 120 MHz, 3996 MHz, 0 %, 0 %
2026/09/20 08:34:57.844, 7, 182.13 W, 29, 120 MHz, 3996 MHz, 0 %, 0 %
2026/09/20 08:34:58.844, 0, 963.87 W, 60, 2032 MHz, 3996 MHz, 100 %, 59 %
2026/09/20 08:34:58.844, 1, 980.44 W, 62, 2032 MHz, 3996 MHz, 100 %, 60 %
2026/09/20 08:34:58.844, 2, 662.58 W, 49, 2032 MHz, 3996 MHz, 100 %, 59 %
2026/09/20 08:34:58.844, 3, 676.30 W, 49, 2032 MHz, 3996 MHz, 100 %, 59 %
2026/09/20 08:34:58.844, 4, 181.30 W, 34, 120 MHz, 3996 MHz, 0 %, 0 %
2026/09/20 08:34:58.844, 5, 179.47 W, 32, 120 MHz, 3996 MHz, 0 %, 0 %
2026/09/20 08:34:58.844, 6, 180.17 W, 28, 120 MHz, 3996 MHz, 0 %, 0 %
2026/09/20 08:34:58.844, 7, 182.13 W, 29, 120 MHz, 3996 MHz, 0 %, 0 %
2026/09/20 08:34:59.844, 0, 871.83 W, 60, 2032 MHz, 3996 MHz, 100 %, 60 %
2026/09/20 08:34:59.844, 1, 886.79 W, 62, 2032 MHz, 3996 MHz, 100 %, 60 %
2026/09/20 08:34:59.844, 2, 850.99 W, 49, 2032 MHz, 3996 MHz, 100 %, 60 %
2026/09/20 08:34:59.844, 3, 846.94 W, 50, 2032 MHz, 3996 MHz, 100 %, 59 %
2026/09/20 08:34:59.844, 4, 181.30 W, 34, 120 MHz, 3996 MHz, 0 %, 0 %
2026/09/20 08:34:59.844, 5, 179.47 W, 32, 120 MHz, 3996 MHz, 0 %, 0 %
2026/09/20 08:34:59.844, 6, 179.94 W, 28, 120 MHz, 3996 MHz, 0 %, 0 %
2026/09/20 08:34:59.844, 7, 182.13 W, 29, 120 MHz, 3996 MHz, 0 %, 0 %
2026/09/20 08:35:00.844, 0, 688.04 W, 56, 2032 MHz, 3996 MHz, 100 %, 6 %
2026/09/20 08:35:00.844, 1, 956.03 W, 65, 1972 MHz, 3996 MHz, 100 %, 29 %
2026/09/20 08:35:00.844, 2, 661.49 W, 45, 2032 MHz, 3996 MHz, 100 %, 7 %
2026/09/20 08:35:00.844, 3, 677.92 W, 46, 2032 MHz, 3996 MHz, 100 %, 7 %
2026/09/20 08:35:00.844, 4, 181.30 W, 34, 120 MHz, 3996 MHz, 0 %, 0 %
2026/09/20 08:35:00.844, 5, 179.46 W, 32, 120 MHz, 3996 MHz, 0 %, 0 %
2026/09/20 08:35:00.844, 6, 180.05 W, 28, 120 MHz, 3996 MHz, 0 %, 0 %
2026/09/20 08:35:00.844, 7, 182.13 W, 29, 120 MHz, 3996 MHz, 0 %, 0 %
2026/09/20 08:35:01.844, 0, 849.59 W, 60, 2032 MHz, 3996 MHz, 100 %, 60 %
2026/09/20 08:35:01.844, 1, 897.67 W, 62, 2032 MHz, 3996 MHz, 100 %, 59 %
2026/09/20 08:35:01.845, 2, 853.97 W, 49, 2032 MHz, 3996 MHz, 100 %, 60 %
2026/09/20 08:35:01.845, 3, 835.43 W, 50, 2032 MHz, 3996 MHz, 100 %, 59 %
2026/09/20 08:35:01.845, 4, 181.30 W, 34, 120 MHz, 3996 MHz, 0 %, 0 %
2026/09/20 08:35:01.845, 5, 179.47 W, 31, 120 MHz, 3996 MHz, 0 %, 0 %
2026/09/20 08:35:01.845, 6, 180.13 W, 28, 120 MHz, 3996 MHz, 0 %, 0 %
2026/09/20 08:35:01.845, 7, 182.13 W, 29, 120 MHz, 3996 MHz, 0 %, 0 %
2026/09/20 08:35:02.845, 0, 880.28 W, 61, 2032 MHz, 3996 MHz, 100 %, 60 %
2026/09/20 08:35:02.845, 1, 894.90 W, 62, 2032 MHz, 3996 MHz, 100 %, 61 %
2026/09/20 08:35:02.845, 2, 864.41 W, 50, 2032 MHz, 3996 MHz, 100 %, 60 %
2026/09/20 08:35:02.845, 3, 865.23 W, 50, 2032 MHz, 3996 MHz, 100 %, 60 %
2026/09/20 08:35:02.845, 4, 181.30 W, 34, 120 MHz, 3996 MHz, 0 %, 0 %
2026/09/20 08:35:02.845, 5, 179.47 W, 31, 120 MHz, 3996 MHz, 0 %, 0 %
2026/09/20 08:35:02.845, 6, 180.05 W, 28, 120 MHz, 3996 MHz, 0 %, 0 %
2026/09/20 08:35:02.845, 7, 182.13 W, 29, 120 MHz, 3996 MHz, 0 %, 0 %
2026/09/20 08:35:03.845, 0, 890.98 W, 61, 2032 MHz, 3996 MHz, 100 %, 61 %
2026/09/20 08:35:03.845, 1, 896.09 W, 62, 2032 MHz, 3996 MHz, 100 %, 61 %
2026/09/20 08:35:03.845, 2, 877.29 W, 50, 2032 MHz, 3996 MHz, 100 %, 61 %
2026/09/20 08:35:03.845, 3, 872.08 W, 50, 2032 MHz, 3996 MHz, 100 %, 60 %
2026/09/20 08:35:03.845, 4, 181.30 W, 34, 120 MHz, 3996 MHz, 0 %, 0 %
2026/09/20 08:35:03.845, 5, 179.43 W, 31, 120 MHz, 3996 MHz, 0 %, 0 %
2026/09/20 08:35:03.845, 6, 180.06 W, 28, 120 MHz, 3996 MHz, 0 %, 0 %
2026/09/20 08:35:03.845, 7, 182.13 W, 29, 120 MHz, 3996 MHz, 0 %, 0 %
2026/09/20 08:35:04.845, 0, 897.67 W, 61, 2032 MHz, 3996 MHz, 100 %, 61 %
2026/09/20 08:35:04.845, 1, 906.76 W, 62, 2032 MHz, 3996 MHz, 100 %, 61 %
2026/09/20 08:35:04.845, 2, 882.52 W, 50, 2032 MHz, 3996 MHz, 100 %, 61 %
2026/09/20 08:35:04.845, 3, 875.83 W, 50, 2032 MHz, 3996 MHz, 100 %, 61 %
2026/09/20 08:35:04.845, 4, 181.30 W, 34, 120 MHz, 3996 MHz, 0 %, 0 %
2026/09/20 08:35:04.845, 5, 179.46 W, 31, 120 MHz, 3996 MHz, 0 %, 0 %
2026/09/20 08:35:04.845, 6, 180.17 W, 28, 120 MHz, 3996 MHz, 0 %, 0 %
2026/09/20 08:35:04.845, 7, 182.13 W, 29, 120 MHz, 3996 MHz, 0 %, 0 %
2026/09/20 08:35:05.846, 0, 697.78 W, 59, 2032 MHz, 3996 MHz, 100 %, 9 %
2026/09/20 08:35:05.846, 1, 704.73 W, 60, 2032 MHz, 3996 MHz, 98 %, 24 %
2026/09/20 08:35:05.846, 2, 987.16 W, 51, 2032 MHz, 3996 MHz, 98 %, 44 %
2026/09/20 08:35:05.846, 3, 987.73 W, 52, 2025 MHz, 3996 MHz, 100 %, 31 %
2026/09/20 08:35:05.846, 4, 181.30 W, 34, 120 MHz, 3996 MHz, 0 %, 0 %
2026/09/20 08:35:05.846, 5, 179.46 W, 31, 120 MHz, 3996 MHz, 0 %, 0 %
2026/09/20 08:35:05.846, 6, 179.94 W, 28, 120 MHz, 3996 MHz, 0 %, 0 %
2026/09/20 08:35:05.846, 7, 182.13 W, 29, 120 MHz, 3996 MHz, 0 %, 0 %
2026/09/20 08:35:06.846, 0, 938.03 W, 65, 1942 MHz, 3996 MHz, 100 %, 40 %
2026/09/20 08:35:06.846, 1, 805.13 W, 58, 2032 MHz, 3996 MHz, 100 %, 7 %
2026/09/20 08:35:06.846, 2, 778.83 W, 47, 2032 MHz, 3996 MHz, 100 %, 6 %
2026/09/20 08:35:06.846, 3, 780.85 W, 47, 2032 MHz, 3996 MHz, 100 %, 19 %
2026/09/20 08:35:06.846, 4, 181.30 W, 34, 120 MHz, 3996 MHz, 0 %, 0 %
2026/09/20 08:35:06.846, 5, 179.46 W, 31, 120 MHz, 3996 MHz, 0 %, 0 %
2026/09/20 08:35:06.846, 6, 180.02 W, 28, 120 MHz, 3996 MHz, 0 %, 0 %
2026/09/20 08:35:06.846, 7, 182.13 W, 29, 120 MHz, 3996 MHz, 0 %, 0 %
2026/09/20 08:35:07.846, 0, 719.23 W, 56, 2032 MHz, 3996 MHz, 100 %, 7 %
2026/09/20 08:35:07.846, 1, 816.84 W, 64, 2002 MHz, 3996 MHz, 100 %, 28 %
2026/09/20 08:35:07.846, 2, 493.65 W, 44, 2032 MHz, 3996 MHz, 100 %, 6 %
2026/09/20 08:35:07.846, 3, 515.72 W, 44, 2032 MHz, 3996 MHz, 100 %, 6 %
2026/09/20 08:35:07.846, 4, 181.30 W, 34, 120 MHz, 3996 MHz, 0 %, 0 %
2026/09/20 08:35:07.846, 5, 179.47 W, 31, 120 MHz, 3996 MHz, 0 %, 0 %
2026/09/20 08:35:07.846, 6, 180.17 W, 28, 120 MHz, 3996 MHz, 0 %, 0 %
2026/09/20 08:35:07.846, 7, 182.13 W, 29, 120 MHz, 3996 MHz, 0 %, 0 %
2026/09/20 08:35:08.846, 0, 708.41 W, 56, 2032 MHz, 3996 MHz, 100 %, 7 %
2026/09/20 08:35:08.846, 1, 749.98 W, 57, 2032 MHz, 3996 MHz, 100 %, 7 %
2026/09/20 08:35:08.846, 2, 693.54 W, 45, 2032 MHz, 3996 MHz, 100 %, 7 %
2026/09/20 08:35:08.846, 3, 907.05 W, 54, 1957 MHz, 3996 MHz, 100 %, 31 %
2026/09/20 08:35:08.846, 4, 181.30 W, 33, 120 MHz, 3996 MHz, 0 %, 0 %
2026/09/20 08:35:08.846, 5, 179.46 W, 31, 120 MHz, 3996 MHz, 0 %, 0 %
2026/09/20 08:35:08.846, 6, 179.90 W, 28, 120 MHz, 3996 MHz, 0 %, 0 %
2026/09/20 08:35:08.846, 7, 182.13 W, 29, 120 MHz, 3996 MHz, 0 %, 0 %
2026/09/20 08:35:09.847, 0, 929.33 W, 63, 1665 MHz, 3996 MHz, 100 %, 31 %
2026/09/20 08:35:09.847, 1, 730.81 W, 59, 2032 MHz, 3996 MHz, 100 %, 9 %
2026/09/20 08:35:09.847, 2, 929.93 W, 54, 1927 MHz, 3996 MHz, 100 %, 31 %
2026/09/20 08:35:09.847, 3, 770.38 W, 47, 2032 MHz, 3996 MHz, 100 %, 10 %
2026/09/20 08:35:09.847, 4, 181.30 W, 33, 120 MHz, 3996 MHz, 0 %, 0 %
2026/09/20 08:35:09.847, 5, 179.46 W, 31, 120 MHz, 3996 MHz, 0 %, 0 %
2026/09/20 08:35:09.847, 6, 180.13 W, 28, 120 MHz, 3996 MHz, 0 %, 0 %
2026/09/20 08:35:09.847, 7, 182.13 W, 29, 120 MHz, 3996 MHz, 0 %, 0 %
2026/09/20 08:35:10.847, 0, 891.30 W, 60, 2032 MHz, 3996 MHz, 100 %, 60 %
2026/09/20 08:35:10.847, 1, 835.50 W, 61, 2032 MHz, 3996 MHz, 100 %, 59 %
2026/09/20 08:35:10.847, 2, 877.00 W, 49, 2032 MHz, 3996 MHz, 100 %, 59 %
2026/09/20 08:35:10.847, 3, 811.30 W, 49, 2032 MHz, 3996 MHz, 100 %, 60 %
2026/09/20 08:35:10.847, 4, 181.30 W, 33, 120 MHz, 3996 MHz, 0 %, 0 %
2026/09/20 08:35:10.847, 5, 179.47 W, 31, 120 MHz, 3996 MHz, 0 %, 0 %
2026/09/20 08:35:10.847, 6, 180.05 W, 28, 120 MHz, 3996 MHz, 0 %, 0 %
2026/09/20 08:35:10.847, 7, 182.13 W, 29, 120 MHz, 3996 MHz, 0 %, 0 %
2026/09/20 08:35:11.847, 0, 717.30 W, 56, 2032 MHz, 3996 MHz, 100 %, 6 %
2026/09/20 08:35:11.847, 1, 957.12 W, 66, 2017 MHz, 3996 MHz, 100 %, 27 %
2026/09/20 08:35:11.847, 2, 686.34 W, 45, 2032 MHz, 3996 MHz, 100 %, 6 %
2026/09/20 08:35:11.847, 3, 706.42 W, 45, 2032 MHz, 3996 MHz, 100 %, 6 %
2026/09/20 08:35:11.847, 4, 181.30 W, 33, 120 MHz, 3996 MHz, 0 %, 0 %
2026/09/20 08:35:11.847, 5, 179.46 W, 31, 120 MHz, 3996 MHz, 0 %, 0 %
2026/09/20 08:35:11.847, 6, 180.02 W, 28, 120 MHz, 3996 MHz, 0 %, 0 %
2026/09/20 08:35:11.847, 7, 182.13 W, 29, 120 MHz, 3996 MHz, 0 %, 0 %
2026/09/20 08:35:12.847, 0, 807.16 W, 60, 2032 MHz, 3996 MHz, 100 %, 61 %
2026/09/20 08:35:12.847, 1, 918.67 W, 62, 2032 MHz, 3996 MHz, 100 %, 60 %
2026/09/20 08:35:12.847, 2, 796.36 W, 49, 2032 MHz, 3996 MHz, 100 %, 60 %
2026/09/20 08:35:12.847, 3, 777.94 W, 49, 2032 MHz, 3996 MHz, 100 %, 61 %
2026/09/20 08:35:12.847, 4, 181.30 W, 33, 120 MHz, 3996 MHz, 0 %, 0 %
2026/09/20 08:35:12.847, 5, 179.46 W, 31, 120 MHz, 3996 MHz, 0 %, 0 %
2026/09/20 08:35:12.847, 6, 180.05 W, 28, 120 MHz, 3996 MHz, 0 %, 0 %
2026/09/20 08:35:12.847, 7, 182.13 W, 29, 120 MHz, 3996 MHz, 0 %, 0 %
2026/09/20 08:35:13.847, 0, 889.08 W, 60, 2032 MHz, 3996 MHz, 100 %, 61 %
2026/09/20 08:35:13.847, 1, 898.96 W, 62, 2032 MHz, 3996 MHz, 100 %, 61 %
2026/09/20 08:35:13.847, 2, 868.37 W, 49, 2032 MHz, 3996 MHz, 100 %, 60 %
2026/09/20 08:35:13.847, 3, 868.75 W, 50, 2032 MHz, 3996 MHz, 100 %, 61 %
2026/09/20 08:35:13.847, 4, 181.30 W, 33, 120 MHz, 3996 MHz, 0 %, 0 %
2026/09/20 08:35:13.847, 5, 179.47 W, 31, 120 MHz, 3996 MHz, 0 %, 0 %
2026/09/20 08:35:13.847, 6, 180.09 W, 28, 120 MHz, 3996 MHz, 0 %, 0 %
2026/09/20 08:35:13.847, 7, 182.13 W, 29, 120 MHz, 3996 MHz, 0 %, 0 %
2026/09/20 08:35:14.848, 0, 891.82 W, 60, 2032 MHz, 3996 MHz, 100 %, 61 %
2026/09/20 08:35:14.848, 1, 903.13 W, 61, 2032 MHz, 3996 MHz, 100 %, 61 %
2026/09/20 08:35:14.848, 2, 872.66 W, 50, 2032 MHz, 3996 MHz, 100 %, 61 %
2026/09/20 08:35:14.848, 3, 876.53 W, 50, 2032 MHz, 3996 MHz, 100 %, 60 %
2026/09/20 08:35:14.848, 4, 181.30 W, 33, 120 MHz, 3996 MHz, 0 %, 0 %
2026/09/20 08:35:14.848, 5, 179.47 W, 31, 120 MHz, 3996 MHz, 0 %, 0 %
2026/09/20 08:35:14.848, 6, 180.06 W, 28, 120 MHz, 3996 MHz, 0 %, 0 %
2026/09/20 08:35:14.848, 7, 182.13 W, 29, 120 MHz, 3996 MHz, 0 %, 0 %
2026/09/20 08:35:15.848, 0, 893.98 W, 60, 2032 MHz, 3996 MHz, 100 %, 60 %
2026/09/20 08:35:15.848, 1, 907.48 W, 62, 2032 MHz, 3996 MHz, 100 %, 61 %
2026/09/20 08:35:15.848, 2, 877.53 W, 50, 2032 MHz, 3996 MHz, 100 %, 60 %
2026/09/20 08:35:15.848, 3, 881.45 W, 50, 2032 MHz, 3996 MHz, 100 %, 61 %
2026/09/20 08:35:15.848, 4, 181.30 W, 33, 120 MHz, 3996 MHz, 0 %, 0 %
2026/09/20 08:35:15.848, 5, 179.39 W, 31, 120 MHz, 3996 MHz, 0 %, 0 %
2026/09/20 08:35:15.848, 6, 179.97 W, 28, 120 MHz, 3996 MHz, 0 %, 0 %
2026/09/20 08:35:15.848, 7, 182.13 W, 29, 120 MHz, 3996 MHz, 0 %, 0 %
2026/09/20 08:35:16.848, 0, 711.07 W, 56, 2032 MHz, 3996 MHz, 100 %, 6 %
2026/09/20 08:35:16.848, 1, 725.63 W, 57, 2032 MHz, 3996 MHz, 100 %, 6 %
2026/09/20 08:35:16.848, 2, 953.57 W, 55, 1965 MHz, 3996 MHz, 100 %, 29 %
2026/09/20 08:35:16.848, 3, 708.69 W, 46, 2032 MHz, 3996 MHz, 100 %, 7 %
2026/09/20 08:35:16.848, 4, 181.30 W, 33, 120 MHz, 3996 MHz, 0 %, 0 %
2026/09/20 08:35:16.848, 5, 179.39 W, 31, 120 MHz, 3996 MHz, 0 %, 0 %
2026/09/20 08:35:16.848, 6, 179.85 W, 28, 120 MHz, 3996 MHz, 0 %, 0 %
2026/09/20 08:35:16.848, 7, 182.13 W, 28, 120 MHz, 3996 MHz, 0 %, 0 %
2026/09/20 08:35:17.848, 0, 623.46 W, 59, 2032 MHz, 3996 MHz, 100 %, 60 %
2026/09/20 08:35:17.848, 1, 616.17 W, 60, 2032 MHz, 3996 MHz, 100 %, 61 %
2026/09/20 08:35:17.848, 2, 688.43 W, 49, 2032 MHz, 3996 MHz, 100 %, 61 %
2026/09/20 08:35:17.848, 3, 899.94 W, 50, 2032 MHz, 3996 MHz, 100 %, 61 %
2026/09/20 08:35:17.848, 4, 181.30 W, 33, 120 MHz, 3996 MHz, 0 %, 0 %
2026/09/20 08:35:17.848, 5, 179.35 W, 31, 120 MHz, 3996 MHz, 0 %, 0 %
2026/09/20 08:35:17.848, 6, 179.98 W, 28, 120 MHz, 3996 MHz, 0 %, 0 %
2026/09/20 08:35:17.848, 7, 182.13 W, 29, 120 MHz, 3996 MHz, 0 %, 0 %
2026/09/20 08:35:18.848, 0, 943.06 W, 64, 1972 MHz, 3996 MHz, 100 %, 30 %
2026/09/20 08:35:18.848, 1, 791.29 W, 57, 2032 MHz, 3996 MHz, 100 %, 7 %
2026/09/20 08:35:18.848, 2, 751.85 W, 46, 2032 MHz, 3996 MHz, 100 %, 7 %
2026/09/20 08:35:18.848, 3, 774.16 W, 46, 2032 MHz, 3996 MHz, 100 %, 7 %
2026/09/20 08:35:18.848, 4, 181.30 W, 33, 120 MHz, 3996 MHz, 0 %, 0 %
2026/09/20 08:35:18.848, 5, 179.47 W, 31, 120 MHz, 3996 MHz, 0 %, 0 %
2026/09/20 08:35:18.848, 6, 180.05 W, 28, 120 MHz, 3996 MHz, 0 %, 0 %
2026/09/20 08:35:18.848, 7, 182.13 W, 28, 120 MHz, 3996 MHz, 0 %, 0 %
2026/09/20 08:35:19.849, 0, 937.94 W, 60, 2032 MHz, 3996 MHz, 100 %, 61 %
2026/09/20 08:35:19.849, 1, 785.99 W, 61, 2032 MHz, 3996 MHz, 100 %, 62 %
2026/09/20 08:35:19.849, 2, 770.86 W, 49, 2032 MHz, 3996 MHz, 100 %, 61 %
2026/09/20 08:35:19.849, 3, 760.66 W, 50, 2032 MHz, 3996 MHz, 100 %, 61 %
2026/09/20 08:35:19.849, 4, 181.30 W, 33, 120 MHz, 3996 MHz, 0 %, 0 %
2026/09/20 08:35:19.849, 5, 179.35 W, 31, 120 MHz, 3996 MHz, 0 %, 0 %
2026/09/20 08:35:19.849, 6, 179.82 W, 28, 120 MHz, 3996 MHz, 0 %, 0 %
2026/09/20 08:35:19.849, 7, 182.13 W, 28, 120 MHz, 3996 MHz, 0 %, 0 %
2026/09/20 08:35:20.849, 0, 582.87 W, 55, 2032 MHz, 3996 MHz, 100 %, 21 %
2026/09/20 08:35:20.849, 1, 593.42 W, 57, 2032 MHz, 3996 MHz, 100 %, 7 %
2026/09/20 08:35:20.849, 2, 885.52 W, 48, 2032 MHz, 3996 MHz, 100 %, 7 %
2026/09/20 08:35:20.849, 3, 685.97 W, 53, 1972 MHz, 3996 MHz, 100 %, 30 %
2026/09/20 08:35:20.849, 4, 181.30 W, 33, 120 MHz, 3996 MHz, 0 %, 0 %
2026/09/20 08:35:20.849, 5, 179.43 W, 31, 120 MHz, 3996 MHz, 0 %, 0 %
2026/09/20 08:35:20.849, 6, 179.97 W, 28, 120 MHz, 3996 MHz, 0 %, 0 %
2026/09/20 08:35:20.849, 7, 182.13 W, 28, 120 MHz, 3996 MHz, 0 %, 0 %
2026/09/20 08:35:21.849, 0, 766.98 W, 59, 2032 MHz, 3996 MHz, 100 %, 60 %
2026/09/20 08:35:21.849, 1, 770.02 W, 60, 2032 MHz, 3996 MHz, 100 %, 60 %
2026/09/20 08:35:21.849, 2, 769.66 W, 49, 2032 MHz, 3996 MHz, 100 %, 61 %
2026/09/20 08:35:21.849, 3, 916.24 W, 50, 2032 MHz, 3996 MHz, 100 %, 60 %
2026/09/20 08:35:21.849, 4, 181.30 W, 33, 120 MHz, 3996 MHz, 0 %, 0 %
2026/09/20 08:35:21.849, 5, 179.28 W, 31, 120 MHz, 3996 MHz, 0 %, 0 %
2026/09/20 08:35:21.849, 6, 180.01 W, 28, 120 MHz, 3996 MHz, 0 %, 0 %
2026/09/20 08:35:21.849, 7, 182.13 W, 28, 120 MHz, 3996 MHz, 0 %, 0 %
2026/09/20 08:35:22.849, 0, 838.86 W, 57, 2032 MHz, 3996 MHz, 100 %, 59 %
2026/09/20 08:35:22.849, 1, 906.92 W, 63, 1965 MHz, 3996 MHz, 100 %, 29 %
2026/09/20 08:35:22.849, 2, 819.71 W, 47, 2032 MHz, 3996 MHz, 100 %, 43 %
2026/09/20 08:35:22.849, 3, 842.97 W, 48, 2032 MHz, 3996 MHz, 100 %, 60 %
2026/09/20 08:35:22.849, 4, 181.30 W, 33, 120 MHz, 3996 MHz, 0 %, 0 %
2026/09/20 08:35:22.849, 5, 179.31 W, 31, 120 MHz, 3996 MHz, 0 %, 0 %
2026/09/20 08:35:22.849, 6, 179.85 W, 28, 120 MHz, 3996 MHz, 0 %, 0 %
2026/09/20 08:35:22.849, 7, 182.13 W, 28, 120 MHz, 3996 MHz, 0 %, 0 %
2026/09/20 08:35:23.849, 0, 789.52 W, 60, 2032 MHz, 3996 MHz, 100 %, 30 %
2026/09/20 08:35:23.849, 1, 748.17 W, 58, 2032 MHz, 3996 MHz, 100 %, 60 %
2026/09/20 08:35:23.849, 2, 500.42 W, 45, 2032 MHz, 3996 MHz, 100 %, 60 %
2026/09/20 08:35:23.849, 3, 496.63 W, 47, 2032 MHz, 3996 MHz, 100 %, 7 %
2026/09/20 08:35:23.849, 4, 181.30 W, 33, 120 MHz, 3996 MHz, 0 %, 0 %
2026/09/20 08:35:23.849, 5, 179.31 W, 31, 120 MHz, 3996 MHz, 0 %, 0 %
2026/09/20 08:35:23.849, 6, 179.77 W, 28, 120 MHz, 3996 MHz, 0 %, 0 %
2026/09/20 08:35:23.849, 7, 182.13 W, 28, 120 MHz, 3996 MHz, 0 %, 0 %
2026/09/20 08:35:24.849, 0, 877.36 W, 60, 2032 MHz, 3996 MHz, 100 %, 60 %
2026/09/20 08:35:24.850, 1, 882.43 W, 60, 2032 MHz, 3996 MHz, 100 %, 60 %
2026/09/20 08:35:24.850, 2, 853.48 W, 49, 2032 MHz, 3996 MHz, 100 %, 60 %
2026/09/20 08:35:24.850, 3, 853.34 W, 49, 2032 MHz, 3996 MHz, 100 %, 60 %
2026/09/20 08:35:24.850, 4, 181.30 W, 33, 120 MHz, 3996 MHz, 0 %, 0 %
2026/09/20 08:35:24.850, 5, 179.35 W, 31, 120 MHz, 3996 MHz, 0 %, 0 %
2026/09/20 08:35:24.850, 6, 180.01 W, 28, 120 MHz, 3996 MHz, 0 %, 0 %
2026/09/20 08:35:24.850, 7, 182.13 W, 28, 120 MHz, 3996 MHz, 0 %, 0 %
2026/09/20 08:35:25.850, 0, 639.22 W, 57, 2032 MHz, 3996 MHz, 100 %, 6 %
2026/09/20 08:35:25.850, 1, 980.15 W, 62, 2032 MHz, 3996 MHz, 100 %, 60 %
2026/09/20 08:35:25.850, 2, 621.97 W, 46, 2032 MHz, 3996 MHz, 100 %, 60 %
2026/09/20 08:35:25.850, 3, 622.93 W, 46, 2032 MHz, 3996 MHz, 100 %, 7 %
2026/09/20 08:35:25.850, 4, 181.30 W, 33, 120 MHz, 3996 MHz, 0 %, 0 %
2026/09/20 08:35:25.850, 5, 179.31 W, 31, 120 MHz, 3996 MHz, 0 %, 0 %
2026/09/20 08:35:25.850, 6, 179.98 W, 28, 120 MHz, 3996 MHz, 0 %, 0 %
2026/09/20 08:35:25.850, 7, 182.13 W, 28, 120 MHz, 3996 MHz, 0 %, 0 %
2026/09/20 08:35:26.850, 0, 885.27 W, 60, 2032 MHz, 3996 MHz, 100 %, 60 %
2026/09/20 08:35:26.850, 1, 900.54 W, 61, 2032 MHz, 3996 MHz, 100 %, 61 %
2026/09/20 08:35:26.850, 2, 870.19 W, 49, 2032 MHz, 3996 MHz, 100 %, 61 %
2026/09/20 08:35:26.850, 3, 864.80 W, 49, 2032 MHz, 3996 MHz, 100 %, 60 %
2026/09/20 08:35:26.850, 4, 181.30 W, 33, 120 MHz, 3996 MHz, 0 %, 0 %
2026/09/20 08:35:26.850, 5, 179.23 W, 31, 120 MHz, 3996 MHz, 0 %, 0 %
2026/09/20 08:35:26.850, 6, 180.01 W, 28, 120 MHz, 3996 MHz, 0 %, 0 %
2026/09/20 08:35:26.850, 7, 182.13 W, 28, 120 MHz, 3996 MHz, 0 %, 0 %
2026/09/20 08:35:27.850, 0, 822.40 W, 56, 2032 MHz, 3996 MHz, 100 %, 61 %
2026/09/20 08:35:27.850, 1, 827.16 W, 58, 2032 MHz, 3996 MHz, 100 %, 7 %
2026/09/20 08:35:27.850, 2, 900.72 W, 54, 1942 MHz, 3996 MHz, 100 %, 33 %
2026/09/20 08:35:27.850, 3, 813.40 W, 46, 2032 MHz, 3996 MHz, 100 %, 60 %
2026/09/20 08:35:27.850, 4, 181.30 W, 33, 120 MHz, 3996 MHz, 0 %, 0 %
2026/09/20 08:35:27.850, 5, 179.39 W, 31, 120 MHz, 3996 MHz, 0 %, 0 %
2026/09/20 08:35:27.850, 6, 179.90 W, 28, 120 MHz, 3996 MHz, 0 %, 0 %
2026/09/20 08:35:27.850, 7, 182.13 W, 28, 120 MHz, 3996 MHz, 0 %, 0 %
2026/09/20 08:35:28.850, 0, 535.10 W, 56, 2032 MHz, 3996 MHz, 100 %, 7 %
2026/09/20 08:35:28.850, 1, 536.91 W, 58, 2032 MHz, 3996 MHz, 100 %, 60 %
2026/09/20 08:35:28.850, 2, 727.58 W, 47, 2032 MHz, 3996 MHz, 100 %, 53 %
2026/09/20 08:35:28.850, 3, 806.48 W, 50, 2032 MHz, 3996 MHz, 100 %, 30 %
2026/09/20 08:35:28.850, 4, 181.30 W, 33, 120 MHz, 3996 MHz, 0 %, 0 %
2026/09/20 08:35:28.850, 5, 179.31 W, 31, 120 MHz, 3996 MHz, 0 %, 0 %
2026/09/20 08:35:28.850, 6, 180.09 W, 28, 120 MHz, 3996 MHz, 0 %, 0 %
2026/09/20 08:35:28.850, 7, 182.13 W, 28, 120 MHz, 3996 MHz, 0 %, 0 %
2026/09/20 08:35:29.850, 0, 874.64 W, 59, 2032 MHz, 3996 MHz, 100 %, 60 %
2026/09/20 08:35:29.850, 1, 888.81 W, 60, 2032 MHz, 3996 MHz, 100 %, 60 %
2026/09/20 08:35:29.850, 2, 860.54 W, 49, 2032 MHz, 3996 MHz, 100 %, 60 %
2026/09/20 08:35:29.850, 3, 863.18 W, 49, 2032 MHz, 3996 MHz, 100 %, 60 %
2026/09/20 08:35:29.850, 4, 181.30 W, 33, 120 MHz, 3996 MHz, 0 %, 0 %
2026/09/20 08:35:29.850, 5, 179.16 W, 31, 120 MHz, 3996 MHz, 0 %, 0 %
2026/09/20 08:35:29.850, 6, 179.92 W, 28, 120 MHz, 3996 MHz, 0 %, 0 %
2026/09/20 08:35:29.850, 7, 182.13 W, 28, 120 MHz, 3996 MHz, 0 %, 0 %
2026/09/20 08:35:30.851, 0, 973.17 W, 60, 2032 MHz, 3996 MHz, 100 %, 60 %
2026/09/20 08:35:30.851, 1, 658.52 W, 59, 2032 MHz, 3996 MHz, 100 %, 60 %
2026/09/20 08:35:30.851, 2, 630.85 W, 48, 2032 MHz, 3996 MHz, 100 %, 60 %
2026/09/20 08:35:30.851, 3, 645.78 W, 48, 2032 MHz, 3996 MHz, 100 %, 59 %
2026/09/20 08:35:30.851, 4, 181.30 W, 33, 120 MHz, 3996 MHz, 0 %, 0 %
2026/09/20 08:35:30.851, 5, 179.23 W, 31, 120 MHz, 3996 MHz, 0 %, 0 %
2026/09/20 08:35:30.851, 6, 179.93 W, 28, 120 MHz, 3996 MHz, 0 %, 0 %
2026/09/20 08:35:30.851, 7, 182.13 W, 28, 120 MHz, 3996 MHz, 0 %, 0 %
2026/09/20 08:35:31.851, 0, 817.27 W, 57, 2032 MHz, 3996 MHz, 100 %, 56 %
2026/09/20 08:35:31.851, 1, 820.89 W, 58, 2032 MHz, 3996 MHz, 100 %, 7 %
2026/09/20 08:35:31.851, 2, 897.18 W, 53, 1987 MHz, 3996 MHz, 100 %, 30 %
2026/09/20 08:35:31.851, 3, 788.30 W, 47, 2032 MHz, 3996 MHz, 100 %, 51 %
2026/09/20 08:35:31.851, 4, 181.30 W, 33, 120 MHz, 3996 MHz, 0 %, 0 %
2026/09/20 08:35:31.851, 5, 179.35 W, 31, 120 MHz, 3996 MHz, 0 %, 0 %
2026/09/20 08:35:31.851, 6, 179.90 W, 28, 120 MHz, 3996 MHz, 0 %, 0 %
2026/09/20 08:35:31.851, 7, 182.13 W, 28, 120 MHz, 3996 MHz, 0 %, 0 %
2026/09/20 08:35:32.851, 0, 644.61 W, 56, 2032 MHz, 3996 MHz, 100 %, 10 %
2026/09/20 08:35:32.851, 1, 658.10 W, 56, 2032 MHz, 3996 MHz, 100 %, 6 %
2026/09/20 08:35:32.851, 2, 806.42 W, 46, 2032 MHz, 3996 MHz, 100 %, 7 %
2026/09/20 08:35:32.851, 3, 800.98 W, 53, 1987 MHz, 3996 MHz, 99 %, 31 %
2026/09/20 08:35:32.851, 4, 181.30 W, 33, 120 MHz, 3996 MHz, 0 %, 0 %
2026/09/20 08:35:32.851, 5, 179.19 W, 31, 120 MHz, 3996 MHz, 0 %, 0 %
2026/09/20 08:35:32.851, 6, 179.78 W, 28, 120 MHz, 3996 MHz, 0 %, 0 %
2026/09/20 08:35:32.851, 7, 182.13 W, 28, 120 MHz, 3996 MHz, 0 %, 0 %
2026/09/20 08:35:33.851, 0, 787.45 W, 59, 2032 MHz, 3996 MHz, 100 %, 60 %
2026/09/20 08:35:33.851, 1, 799.44 W, 59, 2032 MHz, 3996 MHz, 100 %, 60 %
2026/09/20 08:35:33.851, 2, 775.90 W, 49, 2032 MHz, 3996 MHz, 100 %, 60 %
2026/09/20 08:35:33.851, 3, 907.83 W, 50, 2032 MHz, 3996 MHz, 100 %, 60 %
2026/09/20 08:35:33.851, 4, 181.30 W, 33, 120 MHz, 3996 MHz, 0 %, 0 %
2026/09/20 08:35:33.851, 5, 179.04 W, 31, 120 MHz, 3996 MHz, 0 %, 0 %
2026/09/20 08:35:33.851, 6, 180.02 W, 28, 120 MHz, 3996 MHz, 0 %, 0 %
2026/09/20 08:35:33.851, 7, 182.13 W, 28, 120 MHz, 3996 MHz, 0 %, 0 %
2026/09/20 08:35:34.851, 0, 886.43 W, 59, 2032 MHz, 3996 MHz, 100 %, 61 %
2026/09/20 08:35:34.851, 1, 898.45 W, 60, 2032 MHz, 3996 MHz, 100 %, 61 %
2026/09/20 08:35:34.851, 2, 870.09 W, 49, 2032 MHz, 3996 MHz, 100 %, 60 %
2026/09/20 08:35:34.851, 3, 871.02 W, 50, 2032 MHz, 3996 MHz, 100 %, 60 %
2026/09/20 08:35:34.851, 4, 181.30 W, 33, 120 MHz, 3996 MHz, 0 %, 0 %
2026/09/20 08:35:34.851, 5, 179.31 W, 31, 120 MHz, 3996 MHz, 0 %, 0 %
2026/09/20 08:35:34.851, 6, 180.01 W, 28, 120 MHz, 3996 MHz, 0 %, 0 %
2026/09/20 08:35:34.851, 7, 182.13 W, 28, 120 MHz, 3996 MHz, 0 %, 0 %
2026/09/20 08:35:35.852, 0, 987.33 W, 60, 2032 MHz, 3996 MHz, 100 %, 61 %
2026/09/20 08:35:35.852, 1, 994.12 W, 61, 2032 MHz, 3996 MHz, 100 %, 61 %
2026/09/20 08:35:35.852, 2, 661.89 W, 48, 2032 MHz, 3996 MHz, 100 %, 59 %
2026/09/20 08:35:35.852, 3, 672.24 W, 48, 2032 MHz, 3996 MHz, 100 %, 60 %
2026/09/20 08:35:35.852, 4, 181.30 W, 33, 120 MHz, 3996 MHz, 0 %, 0 %
2026/09/20 08:35:35.852, 5, 179.12 W, 31, 120 MHz, 3996 MHz, 0 %, 0 %
2026/09/20 08:35:35.852, 6, 180.12 W, 28, 120 MHz, 3996 MHz, 0 %, 0 %
2026/09/20 08:35:35.852, 7, 182.13 W, 28, 120 MHz, 3996 MHz, 0 %, 0 %
2026/09/20 08:35:36.852, 0, 890.48 W, 60, 2032 MHz, 3996 MHz, 100 %, 60 %
2026/09/20 08:35:36.852, 1, 897.42 W, 61, 2032 MHz, 3996 MHz, 100 %, 60 %
2026/09/20 08:35:36.852, 2, 867.97 W, 49, 2032 MHz, 3996 MHz, 100 %, 60 %
2026/09/20 08:35:36.852, 3, 872.77 W, 50, 2032 MHz, 3996 MHz, 100 %, 61 %
2026/09/20 08:35:36.852, 4, 181.30 W, 33, 120 MHz, 3996 MHz, 0 %, 0 %
2026/09/20 08:35:36.852, 5, 179.39 W, 31, 120 MHz, 3996 MHz, 0 %, 0 %
2026/09/20 08:35:36.852, 6, 180.01 W, 28, 120 MHz, 3996 MHz, 0 %, 0 %
2026/09/20 08:35:36.852, 7, 182.13 W, 28, 120 MHz, 3996 MHz, 0 %, 0 %
2026/09/20 08:35:37.852, 0, 898.50 W, 60, 2032 MHz, 3996 MHz, 100 %, 61 %
2026/09/20 08:35:37.852, 1, 889.98 W, 61, 2032 MHz, 3996 MHz, 100 %, 61 %
2026/09/20 08:35:37.852, 2, 876.35 W, 49, 2032 MHz, 3996 MHz, 100 %, 60 %
2026/09/20 08:35:37.852, 3, 876.60 W, 50, 2032 MHz, 3996 MHz, 100 %, 61 %
2026/09/20 08:35:37.852, 4, 181.30 W, 33, 120 MHz, 3996 MHz, 0 %, 0 %
2026/09/20 08:35:37.852, 5, 179.27 W, 31, 120 MHz, 3996 MHz, 0 %, 0 %
2026/09/20 08:35:37.852, 6, 179.87 W, 28, 120 MHz, 3996 MHz, 0 %, 0 %
2026/09/20 08:35:37.852, 7, 182.13 W, 28, 120 MHz, 3996 MHz, 0 %, 0 %
2026/09/20 08:35:38.852, 0, 887.26 W, 59, 2032 MHz, 3996 MHz, 100 %, 61 %
2026/09/20 08:35:38.852, 1, 890.90 W, 60, 2032 MHz, 3996 MHz, 100 %, 55 %
2026/09/20 08:35:38.852, 2, 861.14 W, 48, 2032 MHz, 3996 MHz, 100 %, 55 %
2026/09/20 08:35:38.852, 3, 872.62 W, 49, 2032 MHz, 3996 MHz, 100 %, 60 %
2026/09/20 08:35:38.852, 4, 181.30 W, 33, 120 MHz, 3996 MHz, 0 %, 0 %
2026/09/20 08:35:38.852, 5, 179.27 W, 31, 120 MHz, 3996 MHz, 0 %, 0 %
2026/09/20 08:35:38.852, 6, 179.88 W, 28, 120 MHz, 3996 MHz, 0 %, 0 %
2026/09/20 08:35:38.852, 7, 182.13 W, 28, 120 MHz, 3996 MHz, 0 %, 0 %
2026/09/20 08:35:39.852, 0, 804.52 W, 58, 2032 MHz, 3996 MHz, 100 %, 56 %
2026/09/20 08:35:39.852, 1, 810.02 W, 59, 2032 MHz, 3996 MHz, 100 %, 55 %
2026/09/20 08:35:39.852, 2, 778.50 W, 47, 2032 MHz, 3996 MHz, 100 %, 55 %
2026/09/20 08:35:39.852, 3, 791.22 W, 48, 2032 MHz, 3996 MHz, 100 %, 56 %
2026/09/20 08:35:39.852, 4, 181.30 W, 33, 120 MHz, 3996 MHz, 0 %, 0 %
2026/09/20 08:35:39.852, 5, 179.05 W, 31, 120 MHz, 3996 MHz, 0 %, 0 %
2026/09/20 08:35:39.852, 6, 179.90 W, 28, 120 MHz, 3996 MHz, 0 %, 0 %
2026/09/20 08:35:39.852, 7, 182.13 W, 28, 120 MHz, 3996 MHz, 0 %, 0 %
2026/09/20 08:35:40.852, 0, 802.83 W, 58, 2032 MHz, 3996 MHz, 100 %, 56 %
2026/09/20 08:35:40.853, 1, 802.94 W, 59, 2032 MHz, 3996 MHz, 100 %, 55 %
2026/09/20 08:35:40.853, 2, 769.68 W, 47, 2032 MHz, 3996 MHz, 100 %, 55 %
2026/09/20 08:35:40.853, 3, 785.45 W, 48, 2032 MHz, 3996 MHz, 100 %, 55 %
2026/09/20 08:35:40.853, 4, 181.30 W, 33, 120 MHz, 3996 MHz, 0 %, 0 %
2026/09/20 08:35:40.853, 5, 179.24 W, 31, 120 MHz, 3996 MHz, 0 %, 0 %
2026/09/20 08:35:40.853, 6, 179.67 W, 28, 120 MHz, 3996 MHz, 0 %, 0 %
2026/09/20 08:35:40.853, 7, 182.13 W, 28, 120 MHz, 3996 MHz, 0 %, 0 %
2026/09/20 08:35:41.853, 0, 699.87 W, 53, 2032 MHz, 3996 MHz, 100 %, 54 %
2026/09/20 08:35:41.853, 1, 710.34 W, 55, 2032 MHz, 3996 MHz, 0 %, 0 %
2026/09/20 08:35:41.853, 2, 662.53 W, 43, 2032 MHz, 3996 MHz, 0 %, 0 %
2026/09/20 08:35:41.853, 3, 682.42 W, 43, 2032 MHz, 3996 MHz, 100 %, 53 %
2026/09/20 08:35:41.853, 4, 181.30 W, 33, 120 MHz, 3996 MHz, 0 %, 0 %
2026/09/20 08:35:41.853, 5, 179.27 W, 31, 120 MHz, 3996 MHz, 0 %, 0 %
2026/09/20 08:35:41.853, 6, 180.09 W, 28, 120 MHz, 3996 MHz, 0 %, 0 %
2026/09/20 08:35:41.853, 7, 182.13 W, 28, 120 MHz, 3996 MHz, 0 %, 0 %
2026/09/20 08:35:42.983, 0, 247.08 W, 49, 2032 MHz, 3996 MHz, 0 %, 0 %
2026/09/20 08:35:42.992, 1, 248.18 W, 50, 2032 MHz, 3996 MHz, 0 %, 0 %
2026/09/20 08:35:43.000, 2, 234.39 W, 39, 2032 MHz, 3996 MHz, 0 %, 0 %
2026/09/20 08:35:43.007, 3, 240.35 W, 39, 2032 MHz, 3996 MHz, 0 %, 0 %
2026/09/20 08:35:43.015, 4, 181.30 W, 33, 120 MHz, 3996 MHz, 0 %, 0 %
2026/09/20 08:35:43.023, 5, 179.16 W, 31, 120 MHz, 3996 MHz, 0 %, 0 %
2026/09/20 08:35:43.031, 6, 179.94 W, 28, 120 MHz, 3996 MHz, 0 %, 0 %
2026/09/20 08:35:43.040, 7, 182.13 W, 28, 120 MHz, 3996 MHz, 0 %, 0 %
