timestamp, index, power.draw [W], temperature.gpu, clocks.current.sm [MHz], clocks.current.memory [MHz], utilization.gpu [%], utilization.memory [%]
2026/09/22 01:42:50.096, 0, 182.70 W, 42, 120 MHz, 3996 MHz, 0 %, 0 %
2026/09/22 01:42:50.098, 1, 185.20 W, 43, 120 MHz, 3996 MHz, 0 %, 0 %
2026/09/22 01:42:50.099, 2, 176.01 W, 33, 120 MHz, 3996 MHz, 0 %, 0 %
2026/09/22 01:42:50.101, 3, 178.05 W, 33, 120 MHz, 3996 MHz, 0 %, 0 %
2026/09/22 01:42:50.103, 4, 180.58 W, 34, 120 MHz, 3996 MHz, 0 %, 0 %
2026/09/22 01:42:50.104, 5, 178.64 W, 33, 120 MHz, 3996 MHz, 0 %, 0 %
2026/09/22 01:42:50.106, 6, 178.04 W, 30, 120 MHz, 3996 MHz, 0 %, 0 %
2026/09/22 01:42:50.108, 7, 180.89 W, 30, 120 MHz, 3996 MHz, 0 %, 0 %
2026/09/22 01:42:51.110, 0, 181.82 W, 42, 120 MHz, 3996 MHz, 0 %, 0 %
2026/09/22 01:42:51.110, 1, 185.16 W, 43, 120 MHz, 3996 MHz, 0 %, 0 %
2026/09/22 01:42:51.110, 2, 176.01 W, 33, 120 MHz, 3996 MHz, 0 %, 0 %
2026/09/22 01:42:51.110, 3, 178.05 W, 33, 120 MHz, 3996 MHz, 0 %, 0 %
2026/09/22 01:42:51.110, 4, 180.58 W, 34, 120 MHz, 3996 MHz, 0 %, 0 %
2026/09/22 01:42:51.110, 5, 178.64 W, 33, 120 MHz, 3996 MHz, 0 %, 0 %
2026/09/22 01:42:51.110, 6, 177.77 W, 30, 120 MHz, 3996 MHz, 0 %, 0 %
2026/09/22 01:42:51.110, 7, 180.96 W, 30, 120 MHz, 3996 MHz, 0 %, 0 %
2026/09/22 01:42:52.110, 0, 183.01 W, 42, 120 MHz, 3996 MHz, 0 %, 0 %
2026/09/22 01:42:52.110, 1, 185.01 W, 43, 120 MHz, 3996 MHz, 0 %, 0 %
2026/09/22 01:42:52.110, 2, 176.02 W, 33, 120 MHz, 3996 MHz, 0 %, 0 %
2026/09/22 01:42:52.110, 3, 178.05 W, 33, 120 MHz, 3996 MHz, 0 %, 0 %
2026/09/22 01:42:52.110, 4, 180.58 W, 34, 120 MHz, 3996 MHz, 0 %, 0 %
2026/09/22 01:42:52.110, 5, 178.64 W, 33, 120 MHz, 3996 MHz, 0 %, 0 %
2026/09/22 01:42:52.110, 6, 178.05 W, 30, 120 MHz, 3996 MHz, 0 %, 0 %
2026/09/22 01:42:52.110, 7, 180.79 W, 30, 120 MHz, 3996 MHz, 0 %, 0 %
2026/09/22 01:42:53.110, 0, 183.25 W, 41, 120 MHz, 3996 MHz, 0 %, 0 %
2026/09/22 01:42:53.110, 1, 184.65 W, 43, 120 MHz, 3996 MHz, 0 %, 0 %
2026/09/22 01:42:53.110, 2, 176.04 W, 32, 120 MHz, 3996 MHz, 0 %, 0 %
2026/09/22 01:42:53.110, 3, 178.07 W, 32, 120 MHz, 3996 MHz, 0 %, 0 %
2026/09/22 01:42:53.110, 4, 180.58 W, 34, 120 MHz, 3996 MHz, 0 %, 0 %
2026/09/22 01:42:53.110, 5, 178.64 W, 33, 120 MHz, 3996 MHz, 0 %, 0 %
2026/09/22 01:42:53.110, 6, 178.07 W, 30, 120 MHz, 3996 MHz, 0 %, 0 %
2026/09/22 01:42:53.110, 7, 180.72 W, 30, 120 MHz, 3996 MHz, 0 %, 0 %
2026/09/22 01:42:54.110, 0, 183.09 W, 41, 120 MHz, 3996 MHz, 0 %, 0 %
2026/09/22 01:42:54.111, 1, 184.43 W, 42, 120 MHz, 3996 MHz, 0 %, 0 %
2026/09/22 01:42:54.111, 2, 176.02 W, 32, 120 MHz, 3996 MHz, 0 %, 0 %
2026/09/22 01:42:54.111, 3, 178.06 W, 32, 120 MHz, 3996 MHz, 0 %, 0 %
2026/09/22 01:42:54.111, 4, 180.58 W, 34, 120 MHz, 3996 MHz, 0 %, 0 %
2026/09/22 01:42:54.111, 5, 178.64 W, 33, 120 MHz, 3996 MHz, 0 %, 0 %
2026/09/22 01:42:54.111, 6, 177.84 W, 30, 120 MHz, 3996 MHz, 0 %, 0 %
2026/09/22 01:42:54.111, 7, 181.15 W, 30, 120 MHz, 3996 MHz, 0 %, 0 %
2026/09/22 01:42:55.111, 0, 182.71 W, 41, 120 MHz, 3996 MHz, 0 %, 0 %
2026/09/22 01:42:55.111, 1, 183.80 W, 42, 120 MHz, 3996 MHz, 0 %, 0 %
2026/09/22 01:42:55.111, 2, 176.02 W, 32, 120 MHz, 3996 MHz, 0 %, 0 %
2026/09/22 01:42:55.111, 3, 178.07 W, 32, 120 MHz, 3996 MHz, 0 %, 0 %
2026/09/22 01:42:55.111, 4, 180.58 W, 34, 120 MHz, 3996 MHz, 0 %, 0 %
2026/09/22 01:42:55.111, 5, 178.64 W, 33, 120 MHz, 3996 MHz, 0 %, 0 %
2026/09/22 01:42:55.111, 6, 178.06 W, 30, 120 MHz, 3996 MHz, 0 %, 0 %
2026/09/22 01:42:55.111, 7, 181.10 W, 30, 120 MHz, 3996 MHz, 0 %, 0 %
2026/09/22 01:42:56.111, 0, 182.12 W, 41, 120 MHz, 3996 MHz, 0 %, 0 %
2026/09/22 01:42:56.111, 1, 183.40 W, 42, 120 MHz, 3996 MHz, 0 %, 0 %
2026/09/22 01:42:56.111, 2, 176.03 W, 32, 120 MHz, 3996 MHz, 0 %, 0 %
2026/09/22 01:42:56.111, 3, 178.06 W, 32, 120 MHz, 3996 MHz, 0 %, 0 %
2026/09/22 01:42:56.111, 4, 180.58 W, 34, 120 MHz, 3996 MHz, 0 %, 0 %
2026/09/22 01:42:56.111, 5, 178.64 W, 33, 120 MHz, 3996 MHz, 0 %, 0 %
2026/09/22 01:42:56.111, 6, 178.09 W, 30, 120 MHz, 3996 MHz, 0 %, 0 %
2026/09/22 01:42:56.111, 7, 181.19 W, 30, 120 MHz, 3996 MHz, 0 %, 0 %
2026/09/22 01:42:57.111, 0, 181.73 W, 41, 120 MHz, 3996 MHz, 0 %, 0 %
2026/09/22 01:42:57.111, 1, 183.28 W, 42, 120 MHz, 3996 MHz, 0 %, 0 %
2026/09/22 01:42:57.111, 2, 176.01 W, 32, 120 MHz, 3996 MHz, 0 %, 0 %
2026/09/22 01:42:57.111, 3, 178.05 W, 32, 120 MHz, 3996 MHz, 0 %, 0 %
2026/09/22 01:42:57.111, 4, 180.58 W, 34, 120 MHz, 3996 MHz, 0 %, 0 %
2026/09/22 01:42:57.111, 5, 178.64 W, 33, 120 MHz, 3996 MHz, 0 %, 0 %
2026/09/22 01:42:57.111, 6, 178.01 W, 30, 120 MHz, 3996 MHz, 0 %, 0 %
2026/09/22 01:42:57.111, 7, 181.12 W, 30, 120 MHz, 3996 MHz, 0 %, 0 %
2026/09/22 01:42:58.112, 0, 181.46 W, 41, 120 MHz, 3996 MHz, 0 %, 0 %
2026/09/22 01:42:58.112, 1, 183.25 W, 42, 120 MHz, 3996 MHz, 0 %, 0 %
2026/09/22 01:42:58.112, 2, 176.01 W, 32, 120 MHz, 3996 MHz, 0 %, 0 %
2026/09/22 01:42:58.112, 3, 178.05 W, 32, 120 MHz, 3996 MHz, 0 %, 0 %
2026/09/22 01:42:58.112, 4, 180.58 W, 34, 120 MHz, 3996 MHz, 0 %, 0 %
2026/09/22 01:42:58.112, 5, 178.64 W, 33, 120 MHz, 3996 MHz, 0 %, 0 %
2026/09/22 01:42:58.112, 6, 177.85 W, 30, 120 MHz, 3996 MHz, 0 %, 0 %
2026/09/22 01:42:58.112, 7, 181.18 W, 30, 120 MHz, 3996 MHz, 0 %, 0 %
2026/09/22 01:42:59.112, 0, 181.30 W, 41, 120 MHz, 3996 MHz, 0 %, 0 %
2026/09/22 01:42:59.112, 1, 183.25 W, 42, 120 MHz, 3996 MHz, 0 %, 0 %
2026/09/22 01:42:59.112, 2, 176.00 W, 32, 120 MHz, 3996 MHz, 0 %, 0 %
2026/09/22 01:42:59.112, 3, 178.05 W, 32, 120 MHz, 3996 MHz, 0 %, 0 %
2026/09/22 01:42:59.112, 4, 180.57 W, 34, 120 MHz, 3996 MHz, 0 %, 0 %
2026/09/22 01:42:59.112, 5, 178.64 W, 33, 120 MHz, 3996 MHz, 0 %, 0 %
2026/09/22 01:42:59.112, 6, 178.17 W, 30, 120 MHz, 3996 MHz, 0 %, 0 %
2026/09/22 01:42:59.112, 7, 180.85 W, 30, 120 MHz, 3996 MHz, 0 %, 0 %
2026/09/22 01:43:00.112, 0, 181.30 W, 40, 120 MHz, 3996 MHz, 0 %, 0 %
2026/09/22 01:43:00.112, 1, 183.25 W, 42, 120 MHz, 3996 MHz, 0 %, 0 %
2026/09/22 01:43:00.112, 2, 176.01 W, 32, 120 MHz, 3996 MHz, 0 %, 0 %
2026/09/22 01:43:00.112, 3, 178.05 W, 32, 120 MHz, 3996 MHz, 0 %, 0 %
2026/09/22 01:43:00.112, 4, 180.58 W, 34, 120 MHz, 3996 MHz, 0 %, 0 %
2026/09/22 01:43:00.112, 5, 178.64 W, 33, 120 MHz, 3996 MHz, 0 %, 0 %
2026/09/22 01:43:00.112, 6, 178.12 W, 30, 120 MHz, 3996 MHz, 0 %, 0 %
2026/09/22 01:43:00.112, 7, 181.18 W, 30, 120 MHz, 3996 MHz, 0 %, 0 %
2026/09/22 01:43:01.112, 0, 181.30 W, 40, 120 MHz, 3996 MHz, 0 %, 0 %
2026/09/22 01:43:01.112, 1, 183.25 W, 41, 120 MHz, 3996 MHz, 0 %, 0 %
2026/09/22 01:43:01.112, 2, 176.01 W, 32, 120 MHz, 3996 MHz, 0 %, 0 %
2026/09/22 01:43:01.112, 3, 178.07 W, 32, 120 MHz, 3996 MHz, 0 %, 0 %
2026/09/22 01:43:01.112, 4, 180.58 W, 34, 120 MHz, 3996 MHz, 0 %, 0 %
2026/09/22 01:43:01.112, 5, 178.64 W, 33, 120 MHz, 3996 MHz, 0 %, 0 %
2026/09/22 01:43:01.112, 6, 178.20 W, 30, 120 MHz, 3996 MHz, 0 %, 0 %
2026/09/22 01:43:01.112, 7, 180.96 W, 30, 120 MHz, 3996 MHz, 0 %, 0 %
2026/09/22 01:43:02.113, 0, 181.30 W, 40, 120 MHz, 3996 MHz, 0 %, 0 %
2026/09/22 01:43:02.113, 1, 183.25 W, 41, 120 MHz, 3996 MHz, 0 %, 0 %
2026/09/22 01:43:02.113, 2, 176.02 W, 32, 120 MHz, 3996 MHz, 0 %, 0 %
2026/09/22 01:43:02.113, 3, 178.02 W, 32, 120 MHz, 3996 MHz, 0 %, 0 %
2026/09/22 01:43:02.113, 4, 180.57 W, 34, 120 MHz, 3996 MHz, 0 %, 0 %
2026/09/22 01:43:02.113, 5, 178.64 W, 33, 120 MHz, 3996 MHz, 0 %, 0 %
2026/09/22 01:43:02.113, 6, 178.00 W, 30, 120 MHz, 3996 MHz, 0 %, 0 %
2026/09/22 01:43:02.113, 7, 181.15 W, 30, 120 MHz, 3996 MHz, 0 %, 0 %
2026/09/22 01:43:03.113, 0, 181.30 W, 40, 120 MHz, 3996 MHz, 0 %, 0 %
2026/09/22 01:43:03.113, 1, 183.25 W, 41, 120 MHz, 3996 MHz, 0 %, 0 %
2026/09/22 01:43:03.113, 2, 176.02 W, 32, 120 MHz, 3996 MHz, 0 %, 0 %
2026/09/22 01:43:03.113, 3, 178.06 W, 32, 120 MHz, 3996 MHz, 0 %, 0 %
2026/09/22 01:43:03.113, 4, 180.58 W, 34, 120 MHz, 3996 MHz, 0 %, 0 %
2026/09/22 01:43:03.113, 5, 178.64 W, 33, 120 MHz, 3996 MHz, 0 %, 0 %
2026/09/22 01:43:03.113, 6, 178.04 W, 30, 120 MHz, 3996 MHz, 0 %, 0 %
2026/09/22 01:43:03.113, 7, 181.01 W, 30, 120 MHz, 3996 MHz, 0 %, 0 %
2026/09/22 01:43:04.113, 0, 181.87 W, 40, 120 MHz, 3996 MHz, 0 %, 0 %
2026/09/22 01:43:04.113, 1, 183.25 W, 41, 120 MHz, 3996 MHz, 0 %, 0 %
2026/09/22 01:43:04.113, 2, 176.03 W, 32, 120 MHz, 3996 MHz, 0 %, 0 %
2026/09/22 01:43:04.113, 3, 178.03 W, 32, 120 MHz, 3996 MHz, 0 %, 0 %
2026/09/22 01:43:04.113, 4, 180.58 W, 34, 120 MHz, 3996 MHz, 0 %, 0 %
2026/09/22 01:43:04.113, 5, 178.64 W, 33, 120 MHz, 3996 MHz, 0 %, 0 %
2026/09/22 01:43:04.113, 6, 178.42 W, 30, 120 MHz, 3996 MHz, 0 %, 0 %
2026/09/22 01:43:04.113, 7, 181.14 W, 30, 120 MHz, 3996 MHz, 0 %, 0 %
2026/09/22 01:43:05.113, 0, 183.24 W, 40, 120 MHz, 3996 MHz, 0 %, 0 %
2026/09/22 01:43:05.113, 1, 184.93 W, 41, 120 MHz, 3996 MHz, 0 %, 0 %
2026/09/22 01:43:05.113, 2, 177.32 W, 32, 120 MHz, 3996 MHz, 0 %, 0 %
2026/09/22 01:43:05.113, 3, 178.63 W, 32, 120 MHz, 3996 MHz, 0 %, 0 %
2026/09/22 01:43:05.113, 4, 180.58 W, 34, 120 MHz, 3996 MHz, 0 %, 0 %
2026/09/22 01:43:05.113, 5, 178.64 W, 33, 120 MHz, 3996 MHz, 0 %, 0 %
2026/09/22 01:43:05.113, 6, 177.87 W, 30, 120 MHz, 3996 MHz, 0 %, 0 %
2026/09/22 01:43:05.113, 7, 181.32 W, 30, 120 MHz, 3996 MHz, 0 %, 0 %
2026/09/22 01:43:06.114, 0, 182.43 W, 40, 120 MHz, 3996 MHz, 0 %, 0 %
2026/09/22 01:43:06.114, 1, 185.16 W, 41, 120 MHz, 3996 MHz, 0 %, 0 %
2026/09/22 01:43:06.114, 2, 177.94 W, 32, 120 MHz, 3996 MHz, 0 %, 0 %
2026/09/22 01:43:06.114, 3, 179.72 W, 32, 120 MHz, 3996 MHz, 0 %, 0 %
2026/09/22 01:43:06.114, 4, 180.58 W, 34, 120 MHz, 3996 MHz, 0 %, 0 %
2026/09/22 01:43:06.114, 5, 178.64 W, 33, 120 MHz, 3996 MHz, 0 %, 0 %
2026/09/22 01:43:06.114, 6, 178.21 W, 30, 120 MHz, 3996 MHz, 0 %, 0 %
2026/09/22 01:43:06.114, 7, 181.21 W, 30, 120 MHz, 3996 MHz, 0 %, 0 %
2026/09/22 01:43:07.114, 0, 181.30 W, 40, 120 MHz, 3996 MHz, 0 %, 0 %
2026/09/22 01:43:07.114, 1, 183.25 W, 41, 120 MHz, 3996 MHz, 0 %, 0 %
2026/09/22 01:43:07.114, 2, 176.21 W, 31, 120 MHz, 3996 MHz, 0 %, 0 %
2026/09/22 01:43:07.114, 3, 178.56 W, 32, 120 MHz, 3996 MHz, 0 %, 0 %
2026/09/22 01:43:07.114, 4, 180.58 W, 34, 120 MHz, 3996 MHz, 0 %, 0 %
2026/09/22 01:43:07.114, 5, 178.64 W, 33, 120 MHz, 3996 MHz, 0 %, 0 %
2026/09/22 01:43:07.114, 6, 178.16 W, 30, 120 MHz, 3996 MHz, 0 %, 0 %
2026/09/22 01:43:07.114, 7, 181.27 W, 30, 120 MHz, 3996 MHz, 0 %, 0 %
2026/09/22 01:43:08.114, 0, 181.30 W, 39, 120 MHz, 3996 MHz, 0 %, 0 %
2026/09/22 01:43:08.114, 1, 183.25 W, 41, 120 MHz, 3996 MHz, 0 %, 0 %
2026/09/22 01:43:08.114, 2, 175.99 W, 31, 120 MHz, 3996 MHz, 0 %, 0 %
2026/09/22 01:43:08.114, 3, 177.62 W, 31, 120 MHz, 3996 MHz, 0 %, 0 %
2026/09/22 01:43:08.114, 4, 180.58 W, 34, 120 MHz, 3996 MHz, 0 %, 0 %
2026/09/22 01:43:08.114, 5, 178.64 W, 33, 120 MHz, 3996 MHz, 0 %, 0 %
2026/09/22 01:43:08.114, 6, 178.00 W, 30, 120 MHz, 3996 MHz, 0 %, 0 %
2026/09/22 01:43:08.114, 7, 181.27 W, 30, 120 MHz, 3996 MHz, 0 %, 0 %
2026/09/22 01:43:09.114, 0, 181.30 W, 39, 120 MHz, 3996 MHz, 0 %, 0 %
2026/09/22 01:43:09.114, 1, 183.25 W, 40, 120 MHz, 3996 MHz, 0 %, 0 %
2026/09/22 01:43:09.114, 2, 176.01 W, 31, 120 MHz, 3996 MHz, 0 %, 0 %
2026/09/22 01:43:09.114, 3, 177.65 W, 31, 120 MHz, 3996 MHz, 0 %, 0 %
2026/09/22 01:43:09.114, 4, 180.58 W, 34, 120 MHz, 3996 MHz, 0 %, 0 %
2026/09/22 01:43:09.114, 5, 178.64 W, 33, 120 MHz, 3996 MHz, 0 %, 0 %
2026/09/22 01:43:09.114, 6, 178.09 W, 30, 120 MHz, 3996 MHz, 0 %, 0 %
2026/09/22 01:43:09.115, 7, 181.35 W, 30, 120 MHz, 3996 MHz, 0 %, 0 %
2026/09/22 01:43:10.115, 0, 181.30 W, 39, 120 MHz, 3996 MHz, 0 %, 0 %
2026/09/22 01:43:10.115, 1, 183.25 W, 40, 120 MHz, 3996 MHz, 0 %, 0 %
2026/09/22 01:43:10.115, 2, 176.02 W, 31, 120 MHz, 3996 MHz, 0 %, 0 %
2026/09/22 01:43:10.115, 3, 177.74 W, 31, 120 MHz, 3996 MHz, 0 %, 0 %
2026/09/22 01:43:10.115, 4, 180.58 W, 34, 120 MHz, 3996 MHz, 0 %, 0 %
2026/09/22 01:43:10.115, 5, 178.64 W, 33, 120 MHz, 3996 MHz, 0 %, 0 %
2026/09/22 01:43:10.115, 6, 177.97 W, 30, 120 MHz, 3996 MHz, 0 %, 0 %
2026/09/22 01:43:10.115, 7, 181.24 W, 30, 120 MHz, 3996 MHz, 0 %, 0 %
2026/09/22 01:43:11.115, 0, 181.30 W, 39, 120 MHz, 3996 MHz, 0 %, 0 %
2026/09/22 01:43:11.115, 1, 183.25 W, 40, 120 MHz, 3996 MHz, 0 %, 0 %
2026/09/22 01:43:11.115, 2, 175.97 W, 31, 120 MHz, 3996 MHz, 0 %, 0 %
2026/09/22 01:43:11.115, 3, 177.35 W, 31, 120 MHz, 3996 MHz, 0 %, 0 %
2026/09/22 01:43:11.115, 4, 180.58 W, 34, 120 MHz, 3996 MHz, 0 %, 0 %
2026/09/22 01:43:11.115, 5, 178.64 W, 33, 120 MHz, 3996 MHz, 0 %, 0 %
2026/09/22 01:43:11.115, 6, 177.84 W, 30, 120 MHz, 3996 MHz, 0 %, 0 %
2026/09/22 01:43:11.115, 7, 181.34 W, 30, 120 MHz, 3996 MHz, 0 %, 0 %
2026/09/22 01:43:12.115, 0, 181.30 W, 39, 120 MHz, 3996 MHz, 0 %, 0 %
2026/09/22 01:43:12.115, 1, 183.25 W, 40, 120 MHz, 3996 MHz, 0 %, 0 %
2026/09/22 01:43:12.115, 2, 175.98 W, 31, 120 MHz, 3996 MHz, 0 %, 0 %
2026/09/22 01:43:12.115, 3, 177.15 W, 31, 120 MHz, 3996 MHz, 0 %, 0 %
2026/09/22 01:43:12.115, 4, 180.58 W, 34, 120 MHz, 3996 MHz, 0 %, 0 %
2026/09/22 01:43:12.115, 5, 178.64 W, 33, 120 MHz, 3996 MHz, 0 %, 0 %
2026/09/22 01:43:12.115, 6, 177.99 W, 30, 120 MHz, 3996 MHz, 0 %, 0 %
2026/09/22 01:43:12.115, 7, 181.21 W, 30, 120 MHz, 3996 MHz, 0 %, 0 %
2026/09/22 01:43:13.115, 0, 181.30 W, 39, 120 MHz, 3996 MHz, 0 %, 0 %
2026/09/22 01:43:13.115, 1, 183.25 W, 40, 120 MHz, 3996 MHz, 0 %, 0 %
2026/09/22 01:43:13.115, 2, 175.98 W, 31, 120 MHz, 3996 MHz, 0 %, 0 %
2026/09/22 01:43:13.115, 3, 177.16 W, 31, 120 MHz, 3996 MHz, 0 %, 0 %
2026/09/22 01:43:13.116, 4, 180.58 W, 34, 120 MHz, 3996 MHz, 0 %, 0 %
2026/09/22 01:43:13.116, 5, 178.64 W, 33, 120 MHz, 3996 MHz, 0 %, 0 %
2026/09/22 01:43:13.116, 6, 178.23 W, 30, 120 MHz, 3996 MHz, 0 %, 0 %
2026/09/22 01:43:13.116, 7, 181.30 W, 30, 120 MHz, 3996 MHz, 0 %, 0 %
2026/09/22 01:43:14.116, 0, 181.30 W, 39, 120 MHz, 3996 MHz, 0 %, 0 %
2026/09/22 01:43:14.116, 1, 183.25 W, 40, 120 MHz, 3996 MHz, 0 %, 0 %
2026/09/22 01:43:14.116, 2, 175.81 W, 31, 120 MHz, 3996 MHz, 0 %, 0 %
2026/09/22 01:43:14.116, 3, 177.15 W, 31, 120 MHz, 3996 MHz, 0 %, 0 %
2026/09/22 01:43:14.116, 4, 180.57 W, 34, 120 MHz, 3996 MHz, 0 %, 0 %
2026/09/22 01:43:14.116, 5, 178.64 W, 33, 120 MHz, 3996 MHz, 0 %, 0 %
2026/09/22 01:43:14.116, 6, 177.89 W, 30, 120 MHz, 3996 MHz, 0 %, 0 %
2026/09/22 01:43:14.116, 7, 181.36 W, 30, 120 MHz, 3996 MHz, 0 %, 0 %
2026/09/22 01:43:15.116, 0, 181.26 W, 39, 120 MHz, 3996 MHz, 0 %, 0 %
2026/09/22 01:43:15.116, 1, 183.21 W, 40, 120 MHz, 3996 MHz, 0 %, 0 %
2026/09/22 01:43:15.116, 2, 175.83 W, 31, 120 MHz, 3996 MHz, 0 %, 0 %
2026/09/22 01:43:15.116, 3, 177.11 W, 31, 120 MHz, 3996 MHz, 0 %, 0 %
2026/09/22 01:43:15.116, 4, 180.57 W, 34, 120 MHz, 3996 MHz, 0 %, 0 %
2026/09/22 01:43:15.116, 5, 178.64 W, 33, 120 MHz, 3996 MHz, 0 %, 0 %
2026/09/22 01:43:15.116, 6, 178.10 W, 30, 120 MHz, 3996 MHz, 0 %, 0 %
2026/09/22 01:43:15.116, 7, 181.43 W, 30, 120 MHz, 3996 MHz, 0 %, 0 %
2026/09/22 01:43:16.116, 0, 181.22 W, 39, 120 MHz, 3996 MHz, 0 %, 0 %
2026/09/22 01:43:16.116, 1, 183.09 W, 40, 120 MHz, 3996 MHz, 0 %, 0 %
2026/09/22 01:43:16.116, 2, 175.44 W, 31, 120 MHz, 3996 MHz, 0 %, 0 %
2026/09/22 01:43:16.116, 3, 176.59 W, 31, 120 MHz, 3996 MHz, 0 %, 0 %
2026/09/22 01:43:16.116, 4, 180.57 W, 34, 120 MHz, 3996 MHz, 0 %, 0 %
2026/09/22 01:43:16.116, 5, 178.64 W, 33, 120 MHz, 3996 MHz, 0 %, 0 %
2026/09/22 01:43:16.116, 6, 178.34 W, 30, 120 MHz, 3996 MHz, 0 %, 0 %
2026/09/22 01:43:16.116, 7, 181.19 W, 30, 120 MHz, 3996 MHz, 0 %, 0 %
2026/09/22 01:43:17.116, 0, 181.18 W, 38, 120 MHz, 3996 MHz, 0 %, 0 %
2026/09/22 01:43:17.117, 1, 182.93 W, 40, 120 MHz, 3996 MHz, 0 %, 0 %
2026/09/22 01:43:17.117, 2, 175.48 W, 31, 120 MHz, 3996 MHz, 0 %, 0 %
2026/09/22 01:43:17.117, 3, 176.53 W, 31, 120 MHz, 3996 MHz, 0 %, 0 %
2026/09/22 01:43:17.117, 4, 180.57 W, 34, 120 MHz, 3996 MHz, 0 %, 0 %
2026/09/22 01:43:17.117, 5, 178.64 W, 33, 120 MHz, 3996 MHz, 0 %, 0 %
2026/09/22 01:43:17.117, 6, 177.96 W, 30, 120 MHz, 3996 MHz, 0 %, 0 %
2026/09/22 01:43:17.117, 7, 181.32 W, 30, 120 MHz, 3996 MHz, 0 %, 0 %
2026/09/22 01:43:18.117, 0, 180.86 W, 38, 120 MHz, 3996 MHz, 0 %, 0 %
2026/09/22 01:43:18.117, 1, 182.67 W, 40, 120 MHz, 3996 MHz, 0 %, 0 %
2026/09/22 01:43:18.117, 2, 175.46 W, 31, 120 MHz, 3996 MHz, 0 %, 0 %
2026/09/22 01:43:18.117, 3, 176.47 W, 31, 120 MHz, 3996 MHz, 0 %, 0 %
2026/09/22 01:43:18.117, 4, 180.58 W, 34, 120 MHz, 3996 MHz, 0 %, 0 %
2026/09/22 01:43:18.117, 5, 178.64 W, 33, 120 MHz, 3996 MHz, 0 %, 0 %
2026/09/22 01:43:18.117, 6, 178.13 W, 30, 120 MHz, 3996 MHz, 0 %, 0 %
2026/09/22 01:43:18.117, 7, 181.17 W, 30, 120 MHz, 3996 MHz, 0 %, 0 %
2026/09/22 01:43:19.117, 0, 180.40 W, 38, 120 MHz, 3996 MHz, 0 %, 0 %
2026/09/22 01:43:19.117, 1, 182.38 W, 39, 120 MHz, 3996 MHz, 0 %, 0 %
2026/09/22 01:43:19.117, 2, 174.90 W, 31, 120 MHz, 3996 MHz, 0 %, 0 %
2026/09/22 01:43:19.117, 3, 176.30 W, 31, 120 MHz, 3996 MHz, 0 %, 0 %
2026/09/22 01:43:19.117, 4, 180.58 W, 34, 120 MHz, 3996 MHz, 0 %, 0 %
2026/09/22 01:43:19.117, 5, 178.64 W, 33, 120 MHz, 3996 MHz, 0 %, 0 %
2026/09/22 01:43:19.117, 6, 178.07 W, 30, 120 MHz, 3996 MHz, 0 %, 0 %
2026/09/22 01:43:19.117, 7, 181.40 W, 30, 120 MHz, 3996 MHz, 0 %, 0 %
2026/09/22 01:43:20.117, 0, 180.32 W, 38, 120 MHz, 3996 MHz, 0 %, 0 %
2026/09/22 01:43:20.117, 1, 182.43 W, 39, 120 MHz, 3996 MHz, 0 %, 0 %
2026/09/22 01:43:20.117, 2, 175.24 W, 31, 120 MHz, 3996 MHz, 0 %, 0 %
2026/09/22 01:43:20.117, 3, 176.38 W, 31, 120 MHz, 3996 MHz, 0 %, 0 %
2026/09/22 01:43:20.117, 4, 180.58 W, 34, 120 MHz, 3996 MHz, 0 %, 0 %
2026/09/22 01:43:20.117, 5, 178.64 W, 33, 120 MHz, 3996 MHz, 0 %, 0 %
2026/09/22 01:43:20.118, 6, 178.45 W, 30, 120 MHz, 3996 MHz, 0 %, 0 %
2026/09/22 01:43:20.118, 7, 181.12 W, 30, 120 MHz, 3996 MHz, 0 %, 0 %
2026/09/22 01:43:21.118, 0, 180.11 W, 38, 120 MHz, 3996 MHz, 0 %, 0 %
2026/09/22 01:43:21.118, 1, 181.79 W, 39, 120 MHz, 3996 MHz, 0 %, 0 %
2026/09/22 01:43:21.118, 2, 174.81 W, 31, 120 MHz, 3996 MHz, 0 %, 0 %
2026/09/22 01:43:21.118, 3, 176.44 W, 31, 120 MHz, 3996 MHz, 0 %, 0 %
2026/09/22 01:43:21.118, 4, 180.57 W, 34, 120 MHz, 3996 MHz, 0 %, 0 %
2026/09/22 01:43:21.118, 5, 178.64 W, 33, 120 MHz, 3996 MHz, 0 %, 0 %
2026/09/22 01:43:21.118, 6, 178.12 W, 30, 120 MHz, 3996 MHz, 0 %, 0 %
2026/09/22 01:43:21.118, 7, 181.21 W, 30, 120 MHz, 3996 MHz, 0 %, 0 %
2026/09/22 01:43:22.118, 0, 179.70 W, 38, 120 MHz, 3996 MHz, 0 %, 0 %
2026/09/22 01:43:22.118, 1, 181.64 W, 39, 120 MHz, 3996 MHz, 0 %, 0 %
2026/09/22 01:43:22.118, 2, 174.75 W, 31, 120 MHz, 3996 MHz, 0 %, 0 %
2026/09/22 01:43:22.118, 3, 176.23 W, 31, 120 MHz, 3996 MHz, 0 %, 0 %
2026/09/22 01:43:22.118, 4, 180.57 W, 34, 120 MHz, 3996 MHz, 0 %, 0 %
2026/09/22 01:43:22.118, 5, 178.64 W, 33, 120 MHz, 3996 MHz, 0 %, 0 %
2026/09/22 01:43:22.118, 6, 178.28 W, 30, 120 MHz, 3996 MHz, 0 %, 0 %
2026/09/22 01:43:22.118, 7, 181.25 W, 30, 120 MHz, 3996 MHz, 0 %, 0 %
2026/09/22 01:43:23.118, 0, 179.54 W, 38, 120 MHz, 3996 MHz, 0 %, 0 %
2026/09/22 01:43:23.118, 1, 181.53 W, 39, 120 MHz, 3996 MHz, 0 %, 0 %
2026/09/22 01:43:23.118, 2, 174.66 W, 31, 120 MHz, 3996 MHz, 0 %, 0 %
2026/09/22 01:43:23.118, 3, 176.24 W, 31, 120 MHz, 3996 MHz, 0 %, 0 %
2026/09/22 01:43:23.118, 4, 180.57 W, 34, 120 MHz, 3996 MHz, 0 %, 0 %
2026/09/22 01:43:23.118, 5, 178.64 W, 33, 120 MHz, 3996 MHz, 0 %, 0 %
2026/09/22 01:43:23.118, 6, 178.14 W, 30, 120 MHz, 3996 MHz, 0 %, 0 %
2026/09/22 01:43:23.118, 7, 181.19 W, 30, 120 MHz, 3996 MHz, 0 %, 0 %
2026/09/22 01:43:24.119, 0, 179.50 W, 38, 120 MHz, 3996 MHz, 0 %, 0 %
2026/09/22 01:43:24.119, 1, 181.34 W, 39, 120 MHz, 3996 MHz, 0 %, 0 %
2026/09/22 01:43:24.119, 2, 174.74 W, 31, 120 MHz, 3996 MHz, 0 %, 0 %
2026/09/22 01:43:24.119, 3, 176.23 W, 31, 120 MHz, 3996 MHz, 0 %, 0 %
2026/09/22 01:43:24.119, 4, 180.57 W, 34, 120 MHz, 3996 MHz, 0 %, 0 %
2026/09/22 01:43:24.119, 5, 178.64 W, 33, 120 MHz, 3996 MHz, 0 %, 0 %
2026/09/22 01:43:24.119, 6, 178.13 W, 30, 120 MHz, 3996 MHz, 0 %, 0 %
2026/09/22 01:43:24.119, 7, 181.37 W, 30, 120 MHz, 3996 MHz, 0 %, 0 %
2026/09/22 01:43:25.119, 0, 179.54 W, 38, 120 MHz, 3996 MHz, 0 %, 0 %
2026/09/22 01:43:25.119, 1, 181.41 W, 39, 120 MHz, 3996 MHz, 0 %, 0 %
2026/09/22 01:43:25.119, 2, 174.53 W, 31, 120 MHz, 3996 MHz, 0 %, 0 %
2026/09/22 01:43:25.119, 3, 176.19 W, 31, 120 MHz, 3996 MHz, 0 %, 0 %
2026/09/22 01:43:25.119, 4, 180.58 W, 34, 120 MHz, 3996 MHz, 0 %, 0 %
2026/09/22 01:43:25.119, 5, 178.64 W, 33, 120 MHz, 3996 MHz, 0 %, 0 %
2026/09/22 01:43:25.119, 6, 178.23 W, 30, 120 MHz, 3996 MHz, 0 %, 0 %
2026/09/22 01:43:25.119, 7, 181.33 W, 30, 120 MHz, 3996 MHz, 0 %, 0 %
2026/09/22 01:43:26.119, 0, 179.35 W, 38, 120 MHz, 3996 MHz, 0 %, 0 %
2026/09/22 01:43:26.119, 1, 181.34 W, 39, 120 MHz, 3996 MHz, 0 %, 0 %
2026/09/22 01:43:26.119, 2, 174.60 W, 31, 120 MHz, 3996 MHz, 0 %, 0 %
2026/09/22 01:43:26.119, 3, 176.24 W, 31, 120 MHz, 3996 MHz, 0 %, 0 %
2026/09/22 01:43:26.119, 4, 180.57 W, 34, 120 MHz, 3996 MHz, 0 %, 0 %
2026/09/22 01:43:26.119, 5, 178.64 W, 33, 120 MHz, 3996 MHz, 0 %, 0 %
2026/09/22 01:43:26.119, 6, 178.49 W, 30, 120 MHz, 3996 MHz, 0 %, 0 %
2026/09/22 01:43:26.119, 7, 181.24 W, 30, 120 MHz, 3996 MHz, 0 %, 0 %
2026/09/22 01:43:27.119, 0, 179.35 W, 38, 120 MHz, 3996 MHz, 0 %, 0 %
2026/09/22 01:43:27.120, 1, 181.38 W, 39, 120 MHz, 3996 MHz, 0 %, 0 %
2026/09/22 01:43:27.120, 2, 174.49 W, 31, 120 MHz, 3996 MHz, 0 %, 0 %
2026/09/22 01:43:27.120, 3, 176.18 W, 31, 120 MHz, 3996 MHz, 0 %, 0 %
2026/09/22 01:43:27.120, 4, 180.57 W, 34, 120 MHz, 3996 MHz, 0 %, 0 %
2026/09/22 01:43:27.120, 5, 178.64 W, 33, 120 MHz, 3996 MHz, 0 %, 0 %
2026/09/22 01:43:27.120, 6, 178.36 W, 30, 120 MHz, 3996 MHz, 0 %, 0 %
2026/09/22 01:43:27.120, 7, 181.21 W, 30, 120 MHz, 3996 MHz, 0 %, 0 %
2026/09/22 01:43:28.120, 0, 179.35 W, 38, 120 MHz, 3996 MHz, 0 %, 0 %
2026/09/22 01:43:28.120, 1, 181.30 W, 39, 120 MHz, 3996 MHz, 0 %, 0 %
2026/09/22 01:43:28.120, 2, 174.41 W, 31, 120 MHz, 3996 MHz, 0 %, 0 %
2026/09/22 01:43:28.120, 3, 176.19 W, 31, 120 MHz, 3996 MHz, 0 %, 0 %
2026/09/22 01:43:28.120, 4, 180.58 W, 35, 120 MHz, 3996 MHz, 0 %, 0 %
2026/09/22 01:43:28.120, 5, 178.64 W, 33, 120 MHz, 3996 MHz, 0 %, 0 %
2026/09/22 01:43:28.120, 6, 178.39 W, 30, 120 MHz, 3996 MHz, 0 %, 0 %
2026/09/22 01:43:28.120, 7, 181.28 W, 30, 120 MHz, 3996 MHz, 0 %, 0 %
2026/09/22 01:43:29.120, 0, 179.35 W, 37, 120 MHz, 3996 MHz, 0 %, 0 %
2026/09/22 01:43:29.120, 1, 181.30 W, 39, 120 MHz, 3996 MHz, 0 %, 0 %
2026/09/22 01:43:29.120, 2, 174.31 W, 31, 120 MHz, 3996 MHz, 0 %, 0 %
2026/09/22 01:43:29.120, 3, 176.20 W, 31, 120 MHz, 3996 MHz, 0 %, 0 %
2026/09/22 01:43:29.120, 4, 180.57 W, 35, 120 MHz, 3996 MHz, 0 %, 0 %
2026/09/22 01:43:29.120, 5, 178.64 W, 33, 120 MHz, 3996 MHz, 0 %, 0 %
2026/09/22 01:43:29.120, 6, 177.96 W, 30, 120 MHz, 3996 MHz, 0 %, 0 %
2026/09/22 01:43:29.120, 7, 181.13 W, 30, 120 MHz, 3996 MHz, 0 %, 0 %
2026/09/22 01:43:30.120, 0, 179.35 W, 37, 120 MHz, 3996 MHz, 0 %, 0 %
2026/09/22 01:43:30.120, 1, 181.30 W, 38, 120 MHz, 3996 MHz, 0 %, 0 %
2026/09/22 01:43:30.120, 2, 174.35 W, 30, 120 MHz, 3996 MHz, 0 %, 0 %
2026/09/22 01:43:30.120, 3, 176.22 W, 31, 120 MHz, 3996 MHz, 0 %, 0 %
2026/09/22 01:43:30.120, 4, 180.56 W, 35, 120 MHz, 3996 MHz, 0 %, 0 %
2026/09/22 01:43:30.120, 5, 178.64 W, 33, 120 MHz, 3996 MHz, 0 %, 0 %
2026/09/22 01:43:30.120, 6, 178.20 W, 30, 120 MHz, 3996 MHz, 0 %, 0 %
2026/09/22 01:43:30.121, 7, 181.28 W, 30, 120 MHz, 3996 MHz, 0 %, 0 %
2026/09/22 01:43:31.121, 0, 179.35 W, 37, 120 MHz, 3996 MHz, 0 %, 0 %
2026/09/22 01:43:31.121, 1, 181.30 W, 38, 120 MHz, 3996 MHz, 0 %, 0 %
2026/09/22 01:43:31.121, 2, 174.29 W, 30, 120 MHz, 3996 MHz, 0 %, 0 %
2026/09/22 01:43:31.121, 3, 176.22 W, 31, 120 MHz, 3996 MHz, 0 %, 0 %
2026/09/22 01:43:31.121, 4, 180.58 W, 35, 120 MHz, 3996 MHz, 0 %, 0 %
2026/09/22 01:43:31.121, 5, 178.64 W, 33, 120 MHz, 3996 MHz, 0 %, 0 %
2026/09/22 01:43:31.121, 6, 177.97 W, 30, 120 MHz, 3996 MHz, 0 %, 0 %
2026/09/22 01:43:31.121, 7, 181.41 W, 30, 120 MHz, 3996 MHz, 0 %, 0 %
2026/09/22 01:43:32.121, 0, 179.35 W, 37, 120 MHz, 3996 MHz, 0 %, 0 %
2026/09/22 01:43:32.121, 1, 181.30 W, 38, 120 MHz, 3996 MHz, 0 %, 0 %
2026/09/22 01:43:32.121, 2, 174.25 W, 30, 120 MHz, 3996 MHz, 0 %, 0 %
2026/09/22 01:43:32.121, 3, 176.22 W, 30, 120 MHz, 3996 MHz, 0 %, 0 %
2026/09/22 01:43:32.121, 4, 180.57 W, 35, 120 MHz, 3996 MHz, 0 %, 0 %
2026/09/22 01:43:32.121, 5, 178.64 W, 33, 120 MHz, 3996 MHz, 0 %, 0 %
2026/09/22 01:43:32.121, 6, 177.84 W, 30, 120 MHz, 3996 MHz, 0 %, 0 %
2026/09/22 01:43:32.121, 7, 181.46 W, 30, 120 MHz, 3996 MHz, 0 %, 0 %
2026/09/22 01:43:33.121, 0, 179.35 W, 37, 120 MHz, 3996 MHz, 0 %, 0 %
2026/09/22 01:43:33.121, 1, 181.30 W, 38, 120 MHz, 3996 MHz, 0 %, 0 %
2026/09/22 01:43:33.121, 2, 174.17 W, 30, 120 MHz, 3996 MHz, 0 %, 0 %
2026/09/22 01:43:33.121, 3, 176.21 W, 30, 120 MHz, 3996 MHz, 0 %, 0 %
2026/09/22 01:43:33.121, 4, 180.61 W, 35, 120 MHz, 3996 MHz, 0 %, 0 %
2026/09/22 01:43:33.121, 5, 178.64 W, 33, 120 MHz, 3996 MHz, 0 %, 0 %
2026/09/22 01:43:33.121, 6, 178.41 W, 30, 120 MHz, 3996 MHz, 0 %, 0 %
2026/09/22 01:43:33.121, 7, 181.25 W, 30, 120 MHz, 3996 MHz, 0 %, 0 %
2026/09/22 01:43:34.121, 0, 179.35 W, 37, 120 MHz, 3996 MHz, 0 %, 0 %
2026/09/22 01:43:34.121, 1, 181.30 W, 38, 120 MHz, 3996 MHz, 0 %, 0 %
2026/09/22 01:43:34.122, 2, 174.27 W, 30, 120 MHz, 3996 MHz, 0 %, 0 %
2026/09/22 01:43:34.122, 3, 176.20 W, 30, 120 MHz, 3996 MHz, 0 %, 0 %
2026/09/22 01:43:34.122, 4, 180.58 W, 35, 120 MHz, 3996 MHz, 0 %, 0 %
2026/09/22 01:43:34.122, 5, 178.64 W, 33, 120 MHz, 3996 MHz, 0 %, 0 %
2026/09/22 01:43:34.122, 6, 178.18 W, 30, 120 MHz, 3996 MHz, 0 %, 0 %
2026/09/22 01:43:34.122, 7, 181.37 W, 30, 120 MHz, 3996 MHz, 0 %, 0 %
2026/09/22 01:43:35.122, 0, 179.35 W, 37, 120 MHz, 3996 MHz, 0 %, 0 %
2026/09/22 01:43:35.122, 1, 181.30 W, 38, 120 MHz, 3996 MHz, 0 %, 0 %
2026/09/22 01:43:35.122, 2, 174.15 W, 30, 120 MHz, 3996 MHz, 0 %, 0 %
2026/09/22 01:43:35.122, 3, 176.21 W, 30, 120 MHz, 3996 MHz, 0 %, 0 %
2026/09/22 01:43:35.122, 4, 180.58 W, 35, 120 MHz, 3996 MHz, 0 %, 0 %
2026/09/22 01:43:35.122, 5, 178.64 W, 33, 120 MHz, 3996 MHz, 0 %, 0 %
2026/09/22 01:43:35.122, 6, 178.21 W, 30, 120 MHz, 3996 MHz, 0 %, 0 %
2026/09/22 01:43:35.122, 7, 181.26 W, 30, 120 MHz, 3996 MHz, 0 %, 0 %
2026/09/22 01:43:36.122, 0, 179.35 W, 37, 120 MHz, 3996 MHz, 0 %, 0 %
2026/09/22 01:43:36.122, 1, 181.30 W, 38, 120 MHz, 3996 MHz, 0 %, 0 %
2026/09/22 01:43:36.122, 2, 174.32 W, 30, 120 MHz, 3996 MHz, 0 %, 0 %
2026/09/22 01:43:36.122, 3, 176.21 W, 30, 120 MHz, 3996 MHz, 0 %, 0 %
2026/09/22 01:43:36.122, 4, 180.57 W, 35, 120 MHz, 3996 MHz, 0 %, 0 %
2026/09/22 01:43:36.122, 5, 178.64 W, 33, 120 MHz, 3996 MHz, 0 %, 0 %
2026/09/22 01:43:36.122, 6, 178.52 W, 30, 120 MHz, 3996 MHz, 0 %, 0 %
2026/09/22 01:43:36.122, 7, 181.24 W, 30, 120 MHz, 3996 MHz, 0 %, 0 %
2026/09/22 01:43:37.122, 0, 179.35 W, 37, 120 MHz, 3996 MHz, 0 %, 0 %
2026/09/22 01:43:37.122, 1, 181.30 W, 38, 120 MHz, 3996 MHz, 0 %, 0 %
2026/09/22 01:43:37.122, 2, 174.25 W, 30, 120 MHz, 3996 MHz, 0 %, 0 %
2026/09/22 01:43:37.122, 3, 176.21 W, 30, 120 MHz, 3996 MHz, 0 %, 0 %
2026/09/22 01:43:37.122, 4, 180.58 W, 35, 120 MHz, 3996 MHz, 0 %, 0 %
2026/09/22 01:43:37.122, 5, 178.64 W, 33, 120 MHz, 3996 MHz, 0 %, 0 %
2026/09/22 01:43:37.122, 6, 178.18 W, 30, 120 MHz, 3996 MHz, 0 %, 0 %
2026/09/22 01:43:37.122, 7, 181.33 W, 30, 120 MHz, 3996 MHz, 0 %, 0 %
2026/09/22 01:43:38.123, 0, 179.35 W, 37, 120 MHz, 3996 MHz, 0 %, 0 %
2026/09/22 01:43:38.123, 1, 181.30 W, 38, 120 MHz, 3996 MHz, 0 %, 0 %
2026/09/22 01:43:38.123, 2, 174.29 W, 30, 120 MHz, 3996 MHz, 0 %, 0 %
2026/09/22 01:43:38.123, 3, 176.23 W, 30, 120 MHz, 3996 MHz, 0 %, 0 %
2026/09/22 01:43:38.123, 4, 180.57 W, 35, 120 MHz, 3996 MHz, 0 %, 0 %
2026/09/22 01:43:38.123, 5, 178.64 W, 33, 120 MHz, 3996 MHz, 0 %, 0 %
2026/09/22 01:43:38.123, 6, 178.05 W, 30, 120 MHz, 3996 MHz, 0 %, 0 %
2026/09/22 01:43:38.123, 7, 181.20 W, 30, 120 MHz, 3996 MHz, 0 %, 0 %
2026/09/22 01:43:39.123, 0, 179.35 W, 37, 120 MHz, 3996 MHz, 0 %, 0 %
2026/09/22 01:43:39.123, 1, 181.30 W, 38, 120 MHz, 3996 MHz, 0 %, 0 %
2026/09/22 01:43:39.123, 2, 174.18 W, 30, 120 MHz, 3996 MHz, 0 %, 0 %
2026/09/22 01:43:39.123, 3, 176.23 W, 30, 120 MHz, 3996 MHz, 0 %, 0 %
2026/09/22 01:43:39.123, 4, 180.56 W, 35, 120 MHz, 3996 MHz, 0 %, 0 %
2026/09/22 01:43:39.123, 5, 178.64 W, 33, 120 MHz, 3996 MHz, 0 %, 0 %
2026/09/22 01:43:39.123, 6, 178.00 W, 30, 120 MHz, 3996 MHz, 0 %, 0 %
2026/09/22 01:43:39.123, 7, 181.30 W, 30, 120 MHz, 3996 MHz, 0 %, 0 %
2026/09/22 01:43:40.123, 0, 179.35 W, 37, 120 MHz, 3996 MHz, 0 %, 0 %
2026/09/22 01:43:40.123, 1, 181.30 W, 38, 120 MHz, 3996 MHz, 0 %, 0 %
2026/09/22 01:43:40.123, 2, 174.21 W, 30, 120 MHz, 3996 MHz, 0 %, 0 %
2026/09/22 01:43:40.123, 3, 176.22 W, 30, 120 MHz, 3996 MHz, 0 %, 0 %
2026/09/22 01:43:40.123, 4, 180.56 W, 35, 120 MHz, 3996 MHz, 0 %, 0 %
2026/09/22 01:43:40.123, 5, 178.64 W, 33, 120 MHz, 3996 MHz, 0 %, 0 %
2026/09/22 01:43:40.123, 6, 178.40 W, 30, 120 MHz, 3996 MHz, 0 %, 0 %
2026/09/22 01:43:40.123, 7, 181.29 W, 30, 120 MHz, 3996 MHz, 0 %, 0 %
2026/09/22 01:43:41.123, 0, 179.35 W, 37, 120 MHz, 3996 MHz, 0 %, 0 %
2026/09/22 01:43:41.123, 1, 181.30 W, 38, 120 MHz, 3996 MHz, 0 %, 0 %
2026/09/22 01:43:41.123, 2, 174.24 W, 30, 120 MHz, 3996 MHz, 0 %, 0 %
2026/09/22 01:43:41.123, 3, 176.22 W, 30, 120 MHz, 3996 MHz, 0 %, 0 %
2026/09/22 01:43:41.123, 4, 180.58 W, 35, 120 MHz, 3996 MHz, 0 %, 0 %
2026/09/22 01:43:41.123, 5, 178.64 W, 33, 120 MHz, 3996 MHz, 0 %, 0 %
2026/09/22 01:43:41.123, 6, 178.29 W, 30, 120 MHz, 3996 MHz, 0 %, 0 %
2026/09/22 01:43:41.123, 7, 181.13 W, 30, 120 MHz, 3996 MHz, 0 %, 0 %
2026/09/22 01:43:42.124, 0, 179.35 W, 37, 120 MHz, 3996 MHz, 0 %, 0 %
2026/09/22 01:43:42.124, 1, 181.30 W, 38, 120 MHz, 3996 MHz, 0 %, 0 %
2026/09/22 01:43:42.124, 2, 174.21 W, 30, 120 MHz, 3996 MHz, 0 %, 0 %
2026/09/22 01:43:42.124, 3, 176.23 W, 30, 120 MHz, 3996 MHz, 0 %, 0 %
2026/09/22 01:43:42.124, 4, 180.56 W, 35, 120 MHz, 3996 MHz, 0 %, 0 %
2026/09/22 01:43:42.124, 5, 178.64 W, 33, 120 MHz, 3996 MHz, 0 %, 0 %
2026/09/22 01:43:42.124, 6, 178.15 W, 30, 120 MHz, 3996 MHz, 0 %, 0 %
2026/09/22 01:43:42.124, 7, 181.43 W, 30, 120 MHz, 3996 MHz, 0 %, 0 %
2026/09/22 01:43:43.124, 0, 179.35 W, 37, 120 MHz, 3996 MHz, 0 %, 0 %
2026/09/22 01:43:43.124, 1, 181.30 W, 38, 120 MHz, 3996 MHz, 0 %, 0 %
2026/09/22 01:43:43.124, 2, 174.22 W, 30, 120 MHz, 3996 MHz, 0 %, 0 %
2026/09/22 01:43:43.124, 3, 176.22 W, 30, 120 MHz, 3996 MHz, 0 %, 0 %
2026/09/22 01:43:43.124, 4, 180.57 W, 35, 120 MHz, 3996 MHz, 0 %, 0 %
2026/09/22 01:43:43.124, 5, 178.64 W, 33, 120 MHz, 3996 MHz, 0 %, 0 %
2026/09/22 01:43:43.124, 6, 178.60 W, 30, 120 MHz, 3996 MHz, 0 %, 0 %
2026/09/22 01:43:43.124, 7, 181.46 W, 30, 120 MHz, 3996 MHz, 0 %, 0 %
2026/09/22 01:43:44.124, 0, 179.35 W, 36, 120 MHz, 3996 MHz, 0 %, 0 %
2026/09/22 01:43:44.124, 1, 181.30 W, 38, 120 MHz, 3996 MHz, 0 %, 0 %
2026/09/22 01:43:44.124, 2, 174.18 W, 30, 120 MHz, 3996 MHz, 0 %, 0 %
2026/09/22 01:43:44.124, 3, 176.21 W, 30, 120 MHz, 3996 MHz, 0 %, 0 %
2026/09/22 01:43:44.124, 4, 180.58 W, 35, 120 MHz, 3996 MHz, 0 %, 0 %
2026/09/22 01:43:44.124, 5, 178.64 W, 33, 120 MHz, 3996 MHz, 0 %, 0 %
2026/09/22 01:43:44.124, 6, 178.32 W, 30, 120 MHz, 3996 MHz, 0 %, 0 %
2026/09/22 01:43:44.124, 7, 181.35 W, 30, 120 MHz, 3996 MHz, 0 %, 0 %
2026/09/22 01:43:45.124, 0, 179.35 W, 36, 120 MHz, 3996 MHz, 0 %, 0 %
2026/09/22 01:43:45.124, 1, 181.30 W, 38, 120 MHz, 3996 MHz, 0 %, 0 %
2026/09/22 01:43:45.124, 2, 174.18 W, 30, 120 MHz, 3996 MHz, 0 %, 0 %
2026/09/22 01:43:45.124, 3, 176.23 W, 30, 120 MHz, 3996 MHz, 0 %, 0 %
2026/09/22 01:43:45.124, 4, 180.57 W, 35, 120 MHz, 3996 MHz, 0 %, 0 %
2026/09/22 01:43:45.125, 5, 178.64 W, 33, 120 MHz, 3996 MHz, 0 %, 0 %
2026/09/22 01:43:45.125, 6, 178.28 W, 30, 120 MHz, 3996 MHz, 0 %, 0 %
2026/09/22 01:43:45.125, 7, 181.34 W, 30, 120 MHz, 3996 MHz, 0 %, 0 %
2026/09/22 01:43:46.125, 0, 179.35 W, 36, 120 MHz, 3996 MHz, 0 %, 0 %
2026/09/22 01:43:46.125, 1, 181.30 W, 37, 120 MHz, 3996 MHz, 0 %, 0 %
2026/09/22 01:43:46.125, 2, 175.19 W, 30, 120 MHz, 3996 MHz, 0 %, 0 %
2026/09/22 01:43:46.125, 3, 176.22 W, 30, 120 MHz, 3996 MHz, 0 %, 0 %
2026/09/22 01:43:46.125, 4, 180.58 W, 35, 120 MHz, 3996 MHz, 0 %, 0 %
2026/09/22 01:43:46.125, 5, 178.64 W, 33, 120 MHz, 3996 MHz, 0 %, 0 %
2026/09/22 01:43:46.125, 6, 178.41 W, 30, 120 MHz, 3996 MHz, 0 %, 0 %
2026/09/22 01:43:46.125, 7, 181.35 W, 30, 120 MHz, 3996 MHz, 0 %, 0 %
2026/09/22 01:43:47.125, 0, 179.35 W, 36, 120 MHz, 3996 MHz, 0 %, 0 %
2026/09/22 01:43:47.125, 1, 181.30 W, 37, 120 MHz, 3996 MHz, 0 %, 0 %
2026/09/22 01:43:47.125, 2, 175.33 W, 30, 120 MHz, 3996 MHz, 0 %, 0 %
2026/09/22 01:43:47.125, 3, 176.22 W, 30, 120 MHz, 3996 MHz, 0 %, 0 %
2026/09/22 01:43:47.125, 4, 180.58 W, 35, 120 MHz, 3996 MHz, 0 %, 0 %
2026/09/22 01:43:47.125, 5, 178.64 W, 33, 120 MHz, 3996 MHz, 0 %, 0 %
2026/09/22 01:43:47.125, 6, 178.56 W, 30, 120 MHz, 3996 MHz, 0 %, 0 %
2026/09/22 01:43:47.125, 7, 181.35 W, 30, 120 MHz, 3996 MHz, 0 %, 0 %
2026/09/22 01:43:48.125, 0, 179.35 W, 36, 120 MHz, 3996 MHz, 0 %, 0 %
2026/09/22 01:43:48.125, 1, 181.30 W, 37, 120 MHz, 3996 MHz, 0 %, 0 %
2026/09/22 01:43:48.125, 2, 175.54 W, 30, 120 MHz, 3996 MHz, 0 %, 0 %
2026/09/22 01:43:48.125, 3, 176.23 W, 30, 120 MHz, 3996 MHz, 0 %, 0 %
2026/09/22 01:43:48.125, 4, 180.58 W, 35, 120 MHz, 3996 MHz, 0 %, 0 %
2026/09/22 01:43:48.125, 5, 178.64 W, 33, 120 MHz, 3996 MHz, 0 %, 0 %
2026/09/22 01:43:48.125, 6, 178.39 W, 30, 120 MHz, 3996 MHz, 0 %, 0 %
2026/09/22 01:43:48.125, 7, 181.24 W, 30, 120 MHz, 3996 MHz, 0 %, 0 %
2026/09/22 01:43:49.125, 0, 179.35 W, 36, 120 MHz, 3996 MHz, 0 %, 0 %
2026/09/22 01:43:49.126, 1, 181.30 W, 37, 120 MHz, 3996 MHz, 0 %, 0 %
2026/09/22 01:43:49.126, 2, 175.39 W, 30, 120 MHz, 3996 MHz, 0 %, 0 %
2026/09/22 01:43:49.126, 3, 176.22 W, 30, 120 MHz, 3996 MHz, 0 %, 0 %
2026/09/22 01:43:49.126, 4, 180.58 W, 35, 120 MHz, 3996 MHz, 0 %, 0 %
2026/09/22 01:43:49.126, 5, 178.64 W, 33, 120 MHz, 3996 MHz, 0 %, 0 %
2026/09/22 01:43:49.126, 6, 178.28 W, 30, 120 MHz, 3996 MHz, 0 %, 0 %
2026/09/22 01:43:49.126, 7, 181.35 W, 30, 120 MHz, 3996 MHz, 0 %, 0 %
2026/09/22 01:43:50.126, 0, 179.35 W, 36, 120 MHz, 3996 MHz, 0 %, 0 %
2026/09/22 01:43:50.126, 1, 181.30 W, 37, 120 MHz, 3996 MHz, 0 %, 0 %
2026/09/22 01:43:50.126, 2, 175.37 W, 30, 120 MHz, 3996 MHz, 0 %, 0 %
2026/09/22 01:43:50.126, 3, 176.23 W, 30, 120 MHz, 3996 MHz, 0 %, 0 %
2026/09/22 01:43:50.126, 4, 180.58 W, 35, 120 MHz, 3996 MHz, 0 %, 0 %
2026/09/22 01:43:50.126, 5, 178.64 W, 33, 120 MHz, 3996 MHz, 0 %, 0 %
2026/09/22 01:43:50.126, 6, 178.39 W, 30, 120 MHz, 3996 MHz, 0 %, 0 %
2026/09/22 01:43:50.126, 7, 181.38 W, 30, 120 MHz, 3996 MHz, 0 %, 0 %
2026/09/22 01:43:51.126, 0, 179.35 W, 36, 120 MHz, 3996 MHz, 0 %, 0 %
2026/09/22 01:43:51.126, 1, 181.30 W, 37, 120 MHz, 3996 MHz, 0 %, 0 %
2026/09/22 01:43:51.126, 2, 175.34 W, 30, 120 MHz, 3996 MHz, 0 %, 0 %
2026/09/22 01:43:51.126, 3, 176.23 W, 30, 120 MHz, 3996 MHz, 0 %, 0 %
2026/09/22 01:43:51.126, 4, 180.58 W, 35, 120 MHz, 3996 MHz, 0 %, 0 %
2026/09/22 01:43:51.126, 5, 178.64 W, 33, 120 MHz, 3996 MHz, 0 %, 0 %
2026/09/22 01:43:51.126, 6, 178.43 W, 30, 120 MHz, 3996 MHz, 0 %, 0 %
2026/09/22 01:43:51.126, 7, 181.37 W, 30, 120 MHz, 3996 MHz, 0 %, 0 %
2026/09/22 01:43:52.126, 0, 179.35 W, 36, 120 MHz, 3996 MHz, 0 %, 0 %
2026/09/22 01:43:52.126, 1, 181.30 W, 37, 120 MHz, 3996 MHz, 0 %, 0 %
2026/09/22 01:43:52.126, 2, 174.91 W, 30, 120 MHz, 3996 MHz, 0 %, 0 %
2026/09/22 01:43:52.126, 3, 176.23 W, 30, 120 MHz, 3996 MHz, 0 %, 0 %
2026/09/22 01:43:52.126, 4, 180.58 W, 35, 120 MHz, 3996 MHz, 0 %, 0 %
2026/09/22 01:43:52.126, 5, 178.64 W, 33, 120 MHz, 3996 MHz, 0 %, 0 %
2026/09/22 01:43:52.127, 6, 178.62 W, 30, 120 MHz, 3996 MHz, 0 %, 0 %
2026/09/22 01:43:52.127, 7, 181.45 W, 30, 120 MHz, 3996 MHz, 0 %, 0 %
2026/09/22 01:43:53.127, 0, 179.35 W, 36, 120 MHz, 3996 MHz, 0 %, 0 %
2026/09/22 01:43:53.127, 1, 181.30 W, 37, 120 MHz, 3996 MHz, 0 %, 0 %
2026/09/22 01:43:53.127, 2, 175.01 W, 30, 120 MHz, 3996 MHz, 0 %, 0 %
2026/09/22 01:43:53.127, 3, 176.22 W, 30, 120 MHz, 3996 MHz, 0 %, 0 %
2026/09/22 01:43:53.127, 4, 180.57 W, 35, 120 MHz, 3996 MHz, 0 %, 0 %
2026/09/22 01:43:53.127, 5, 178.64 W, 33, 120 MHz, 3996 MHz, 0 %, 0 %
2026/09/22 01:43:53.127, 6, 178.15 W, 30, 120 MHz, 3996 MHz, 0 %, 0 %
2026/09/22 01:43:53.127, 7, 181.41 W, 30, 120 MHz, 3996 MHz, 0 %, 0 %
2026/09/22 01:43:54.127, 0, 179.35 W, 36, 120 MHz, 3996 MHz, 0 %, 0 %
2026/09/22 01:43:54.127, 1, 181.30 W, 37, 120 MHz, 3996 MHz, 0 %, 0 %
2026/09/22 01:43:54.127, 2, 175.10 W, 30, 120 MHz, 3996 MHz, 0 %, 0 %
2026/09/22 01:43:54.127, 3, 176.23 W, 30, 120 MHz, 3996 MHz, 0 %, 0 %
2026/09/22 01:43:54.127, 4, 180.57 W, 35, 120 MHz, 3996 MHz, 0 %, 0 %
2026/09/22 01:43:54.127, 5, 178.64 W, 33, 120 MHz, 3996 MHz, 0 %, 0 %
2026/09/22 01:43:54.127, 6, 178.27 W, 30, 120 MHz, 3996 MHz, 0 %, 0 %
2026/09/22 01:43:54.127, 7, 181.32 W, 30, 120 MHz, 3996 MHz, 0 %, 0 %
2026/09/22 01:43:55.127, 0, 179.35 W, 36, 120 MHz, 3996 MHz, 0 %, 0 %
2026/09/22 01:43:55.127, 1, 181.30 W, 37, 120 MHz, 3996 MHz, 0 %, 0 %
2026/09/22 01:43:55.127, 2, 174.60 W, 30, 120 MHz, 3996 MHz, 0 %, 0 %
2026/09/22 01:43:55.127, 3, 176.23 W, 30, 120 MHz, 3996 MHz, 0 %, 0 %
2026/09/22 01:43:55.127, 4, 180.58 W, 35, 120 MHz, 3996 MHz, 0 %, 0 %
2026/09/22 01:43:55.127, 5, 178.64 W, 33, 120 MHz, 3996 MHz, 0 %, 0 %
2026/09/22 01:43:55.127, 6, 178.40 W, 30, 120 MHz, 3996 MHz, 0 %, 0 %
2026/09/22 01:43:55.127, 7, 181.42 W, 30, 120 MHz, 3996 MHz, 0 %, 0 %
2026/09/22 01:43:56.128, 0, 179.35 W, 36, 120 MHz, 3996 MHz, 0 %, 0 %
2026/09/22 01:43:56.128, 1, 181.30 W, 37, 120 MHz, 3996 MHz, 0 %, 0 %
2026/09/22 01:43:56.128, 2, 174.88 W, 30, 120 MHz, 3996 MHz, 0 %, 0 %
2026/09/22 01:43:56.128, 3, 176.23 W, 30, 120 MHz, 3996 MHz, 0 %, 0 %
2026/09/22 01:43:56.128, 4, 180.58 W, 35, 120 MHz, 3996 MHz, 0 %, 0 %
2026/09/22 01:43:56.128, 5, 178.64 W, 33, 120 MHz, 3996 MHz, 0 %, 0 %
2026/09/22 01:43:56.128, 6, 178.31 W, 30, 120 MHz, 3996 MHz, 0 %, 0 %
2026/09/22 01:43:56.128, 7, 181.44 W, 30, 120 MHz, 3996 MHz, 0 %, 0 %
2026/09/22 01:43:57.128, 0, 179.35 W, 36, 120 MHz, 3996 MHz, 0 %, 0 %
2026/09/22 01:43:57.128, 1, 181.30 W, 37, 120 MHz, 3996 MHz, 0 %, 0 %
2026/09/22 01:43:57.128, 2, 175.38 W, 30, 120 MHz, 3996 MHz, 0 %, 0 %
2026/09/22 01:43:57.128, 3, 176.23 W, 30, 120 MHz, 3996 MHz, 0 %, 0 %
2026/09/22 01:43:57.128, 4, 180.58 W, 35, 120 MHz, 3996 MHz, 0 %, 0 %
2026/09/22 01:43:57.128, 5, 178.64 W, 33, 120 MHz, 3996 MHz, 0 %, 0 %
2026/09/22 01:43:57.128, 6, 178.29 W, 30, 120 MHz, 3996 MHz, 0 %, 0 %
2026/09/22 01:43:57.128, 7, 181.44 W, 30, 120 MHz, 3996 MHz, 0 %, 0 %
2026/09/22 01:43:58.128, 0, 179.35 W, 36, 120 MHz, 3996 MHz, 0 %, 0 %
2026/09/22 01:43:58.128, 1, 181.30 W, 37, 120 MHz, 3996 MHz, 0 %, 0 %
2026/09/22 01:43:58.128, 2, 175.31 W, 30, 120 MHz, 3996 MHz, 0 %, 0 %
2026/09/22 01:43:58.128, 3, 176.23 W, 30, 120 MHz, 3996 MHz, 0 %, 0 %
2026/09/22 01:43:58.128, 4, 180.58 W, 35, 120 MHz, 3996 MHz, 0 %, 0 %
2026/09/22 01:43:58.128, 5, 178.64 W, 33, 120 MHz, 3996 MHz, 0 %, 0 %
2026/09/22 01:43:58.128, 6, 178.70 W, 30, 120 MHz, 3996 MHz, 0 %, 0 %
2026/09/22 01:43:58.128, 7, 181.36 W, 30, 120 MHz, 3996 MHz, 0 %, 0 %
2026/09/22 01:43:59.128, 0, 179.35 W, 36, 120 MHz, 3996 MHz, 0 %, 0 %
2026/09/22 01:43:59.128, 1, 181.30 W, 37, 120 MHz, 3996 MHz, 0 %, 0 %
2026/09/22 01:43:59.128, 2, 174.86 W, 30, 120 MHz, 3996 MHz, 0 %, 0 %
2026/09/22 01:43:59.128, 3, 176.23 W, 30, 120 MHz, 3996 MHz, 0 %, 0 %
2026/09/22 01:43:59.129, 4, 180.58 W, 35, 120 MHz, 3996 MHz, 0 %, 0 %
2026/09/22 01:43:59.129, 5, 178.64 W, 33, 120 MHz, 3996 MHz, 0 %, 0 %
2026/09/22 01:43:59.129, 6, 178.14 W, 30, 120 MHz, 3996 MHz, 0 %, 0 %
2026/09/22 01:43:59.129, 7, 181.17 W, 30, 120 MHz, 3996 MHz, 0 %, 0 %
2026/09/22 01:44:00.129, 0, 179.35 W, 36, 120 MHz, 3996 MHz, 0 %, 0 %
2026/09/22 01:44:00.129, 1, 181.30 W, 37, 120 MHz, 3996 MHz, 0 %, 0 %
2026/09/22 01:44:00.129, 2, 174.82 W, 30, 120 MHz, 3996 MHz, 0 %, 0 %
2026/09/22 01:44:00.129, 3, 176.23 W, 30, 120 MHz, 3996 MHz, 0 %, 0 %
2026/09/22 01:44:00.129, 4, 180.58 W, 35, 120 MHz, 3996 MHz, 0 %, 0 %
2026/09/22 01:44:00.129, 5, 178.64 W, 33, 120 MHz, 3996 MHz, 0 %, 0 %
2026/09/22 01:44:00.129, 6, 178.60 W, 30, 120 MHz, 3996 MHz, 0 %, 0 %
2026/09/22 01:44:00.129, 7, 181.21 W, 30, 120 MHz, 3996 MHz, 0 %, 0 %
2026/09/22 01:44:01.129, 0, 179.35 W, 36, 120 MHz, 3996 MHz, 0 %, 0 %
2026/09/22 01:44:01.129, 1, 181.30 W, 37, 120 MHz, 3996 MHz, 0 %, 0 %
2026/09/22 01:44:01.129, 2, 175.07 W, 30, 120 MHz, 3996 MHz, 0 %, 0 %
2026/09/22 01:44:01.129, 3, 176.23 W, 30, 120 MHz, 3996 MHz, 0 %, 0 %
2026/09/22 01:44:01.129, 4, 180.58 W, 35, 120 MHz, 3996 MHz, 0 %, 0 %
2026/09/22 01:44:01.129, 5, 178.64 W, 33, 120 MHz, 3996 MHz, 0 %, 0 %
2026/09/22 01:44:01.129, 6, 178.57 W, 30, 120 MHz, 3996 MHz, 0 %, 0 %
2026/09/22 01:44:01.129, 7, 181.33 W, 30, 120 MHz, 3996 MHz, 0 %, 0 %
2026/09/22 01:44:02.129, 0, 179.35 W, 36, 120 MHz, 3996 MHz, 0 %, 0 %
2026/09/22 01:44:02.129, 1, 181.30 W, 37, 120 MHz, 3996 MHz, 0 %, 0 %
2026/09/22 01:44:02.129, 2, 174.98 W, 30, 120 MHz, 3996 MHz, 0 %, 0 %
2026/09/22 01:44:02.129, 3, 176.23 W, 30, 120 MHz, 3996 MHz, 0 %, 0 %
2026/09/22 01:44:02.129, 4, 180.58 W, 35, 120 MHz, 3996 MHz, 0 %, 0 %
2026/09/22 01:44:02.129, 5, 178.64 W, 33, 120 MHz, 3996 MHz, 0 %, 0 %
2026/09/22 01:44:02.129, 6, 178.56 W, 30, 120 MHz, 3996 MHz, 0 %, 0 %
2026/09/22 01:44:02.129, 7, 181.29 W, 30, 120 MHz, 3996 MHz, 0 %, 0 %
2026/09/22 01:44:03.130, 0, 179.31 W, 36, 120 MHz, 3996 MHz, 0 %, 0 %
2026/09/22 01:44:03.130, 1, 181.30 W, 37, 120 MHz, 3996 MHz, 0 %, 0 %
2026/09/22 01:44:03.130, 2, 174.63 W, 30, 120 MHz, 3996 MHz, 0 %, 0 %
2026/09/22 01:44:03.130, 3, 176.23 W, 30, 120 MHz, 3996 MHz, 0 %, 0 %
2026/09/22 01:44:03.130, 4, 180.58 W, 35, 120 MHz, 3996 MHz, 0 %, 0 %
2026/09/22 01:44:03.130, 5, 178.64 W, 33, 120 MHz, 3996 MHz, 0 %, 0 %
2026/09/22 01:44:03.130, 6, 178.37 W, 30, 120 MHz, 3996 MHz, 0 %, 0 %
2026/09/22 01:44:03.130, 7, 181.16 W, 30, 120 MHz, 3996 MHz, 0 %, 0 %
2026/09/22 01:44:04.130, 0, 179.27 W, 36, 120 MHz, 3996 MHz, 0 %, 0 %
2026/09/22 01:44:04.130, 1, 181.30 W, 37, 120 MHz, 3996 MHz, 0 %, 0 %
2026/09/22 01:44:04.130, 2, 174.75 W, 30, 120 MHz, 3996 MHz, 0 %, 0 %
2026/09/22 01:44:04.130, 3, 176.23 W, 30, 120 MHz, 3996 MHz, 0 %, 0 %
2026/09/22 01:44:04.130, 4, 180.58 W, 35, 120 MHz, 3996 MHz, 0 %, 0 %
2026/09/22 01:44:04.130, 5, 178.64 W, 33, 120 MHz, 3996 MHz, 0 %, 0 %
2026/09/22 01:44:04.130, 6, 178.48 W, 30, 120 MHz, 3996 MHz, 0 %, 0 %
2026/09/22 01:44:04.130, 7, 181.27 W, 30, 120 MHz, 3996 MHz, 0 %, 0 %
2026/09/22 01:44:05.130, 0, 179.35 W, 36, 120 MHz, 3996 MHz, 0 %, 0 %
2026/09/22 01:44:05.130, 1, 181.30 W, 37, 120 MHz, 3996 MHz, 0 %, 0 %
2026/09/22 01:44:05.130, 2, 174.75 W, 30, 120 MHz, 3996 MHz, 0 %, 0 %
2026/09/22 01:44:05.130, 3, 176.23 W, 30, 120 MHz, 3996 MHz, 0 %, 0 %
2026/09/22 01:44:05.130, 4, 180.58 W, 35, 120 MHz, 3996 MHz, 0 %, 0 %
2026/09/22 01:44:05.130, 5, 178.64 W, 33, 120 MHz, 3996 MHz, 0 %, 0 %
2026/09/22 01:44:05.130, 6, 178.59 W, 30, 120 MHz, 3996 MHz, 0 %, 0 %
2026/09/22 01:44:05.130, 7, 181.37 W, 30, 120 MHz, 3996 MHz, 0 %, 0 %
2026/09/22 01:44:06.130, 0, 179.27 W, 36, 120 MHz, 3996 MHz, 0 %, 0 %
2026/09/22 01:44:06.130, 1, 181.22 W, 37, 120 MHz, 3996 MHz, 0 %, 0 %
2026/09/22 01:44:06.130, 2, 174.80 W, 30, 120 MHz, 3996 MHz, 0 %, 0 %
2026/09/22 01:44:06.130, 3, 176.23 W, 30, 120 MHz, 3996 MHz, 0 %, 0 %
2026/09/22 01:44:06.131, 4, 180.58 W, 35, 120 MHz, 3996 MHz, 0 %, 0 %
2026/09/22 01:44:06.131, 5, 178.64 W, 33, 120 MHz, 3996 MHz, 0 %, 0 %
2026/09/22 01:44:06.131, 6, 178.40 W, 30, 120 MHz, 3996 MHz, 0 %, 0 %
2026/09/22 01:44:06.131, 7, 181.41 W, 30, 120 MHz, 3996 MHz, 0 %, 0 %
2026/09/22 01:44:07.131, 0, 179.12 W, 36, 120 MHz, 3996 MHz, 0 %, 0 %
2026/09/22 01:44:07.131, 1, 181.22 W, 37, 120 MHz, 3996 MHz, 0 %, 0 %
2026/09/22 01:44:07.131, 2, 174.64 W, 30, 120 MHz, 3996 MHz, 0 %, 0 %
2026/09/22 01:44:07.131, 3, 176.23 W, 30, 120 MHz, 3996 MHz, 0 %, 0 %
2026/09/22 01:44:07.131, 4, 180.58 W, 35, 120 MHz, 3996 MHz, 0 %, 0 %
2026/09/22 01:44:07.131, 5, 178.64 W, 33, 120 MHz, 3996 MHz, 0 %, 0 %
2026/09/22 01:44:07.131, 6, 178.23 W, 30, 120 MHz, 3996 MHz, 0 %, 0 %
2026/09/22 01:44:07.131, 7, 181.41 W, 30, 120 MHz, 3996 MHz, 0 %, 0 %
2026/09/22 01:44:08.131, 0, 179.11 W, 35, 120 MHz, 3996 MHz, 0 %, 0 %
2026/09/22 01:44:08.131, 1, 181.22 W, 36, 120 MHz, 3996 MHz, 0 %, 0 %
2026/09/22 01:44:08.131, 2, 174.41 W, 30, 120 MHz, 3996 MHz, 0 %, 0 %
2026/09/22 01:44:08.131, 3, 176.23 W, 30, 120 MHz, 3996 MHz, 0 %, 0 %
2026/09/22 01:44:08.131, 4, 180.57 W, 35, 120 MHz, 3996 MHz, 0 %, 0 %
2026/09/22 01:44:08.131, 5, 178.64 W, 33, 120 MHz, 3996 MHz, 0 %, 0 %
2026/09/22 01:44:08.131, 6, 178.72 W, 30, 120 MHz, 3996 MHz, 0 %, 0 %
2026/09/22 01:44:08.131, 7, 181.40 W, 30, 120 MHz, 3996 MHz, 0 %, 0 %
2026/09/22 01:44:09.131, 0, 179.23 W, 35, 120 MHz, 3996 MHz, 0 %, 0 %
2026/09/22 01:44:09.131, 1, 181.18 W, 36, 120 MHz, 3996 MHz, 0 %, 0 %
2026/09/22 01:44:09.131, 2, 174.57 W, 30, 120 MHz, 3996 MHz, 0 %, 0 %
2026/09/22 01:44:09.131, 3, 176.23 W, 30, 120 MHz, 3996 MHz, 0 %, 0 %
2026/09/22 01:44:09.131, 4, 180.58 W, 35, 120 MHz, 3996 MHz, 0 %, 0 %
2026/09/22 01:44:09.131, 5, 178.64 W, 33, 120 MHz, 3996 MHz, 0 %, 0 %
2026/09/22 01:44:09.131, 6, 178.82 W, 30, 120 MHz, 3996 MHz, 0 %, 0 %
2026/09/22 01:44:09.131, 7, 181.47 W, 30, 120 MHz, 3996 MHz, 0 %, 0 %
2026/09/22 01:44:10.132, 0, 179.15 W, 35, 120 MHz, 3996 MHz, 0 %, 0 %
2026/09/22 01:44:10.132, 1, 181.30 W, 36, 120 MHz, 3996 MHz, 0 %, 0 %
2026/09/22 01:44:10.132, 2, 174.29 W, 30, 120 MHz, 3996 MHz, 0 %, 0 %
2026/09/22 01:44:10.132, 3, 176.23 W, 30, 120 MHz, 3996 MHz, 0 %, 0 %
2026/09/22 01:44:10.132, 4, 180.57 W, 35, 120 MHz, 3996 MHz, 0 %, 0 %
2026/09/22 01:44:10.132, 5, 178.64 W, 33, 120 MHz, 3996 MHz, 0 %, 0 %
2026/09/22 01:44:10.132, 6, 178.57 W, 30, 120 MHz, 3996 MHz, 0 %, 0 %
2026/09/22 01:44:10.132, 7, 181.36 W, 30, 120 MHz, 3996 MHz, 0 %, 0 %
2026/09/22 01:44:11.132, 0, 178.85 W, 35, 120 MHz, 3996 MHz, 0 %, 0 %
2026/09/22 01:44:11.132, 1, 181.18 W, 36, 120 MHz, 3996 MHz, 0 %, 0 %
2026/09/22 01:44:11.132, 2, 174.41 W, 30, 120 MHz, 3996 MHz, 0 %, 0 %
2026/09/22 01:44:11.132, 3, 176.23 W, 30, 120 MHz, 3996 MHz, 0 %, 0 %
2026/09/22 01:44:11.132, 4, 180.56 W, 35, 120 MHz, 3996 MHz, 0 %, 0 %
2026/09/22 01:44:11.132, 5, 178.64 W, 33, 120 MHz, 3996 MHz, 0 %, 0 %
2026/09/22 01:44:11.132, 6, 178.74 W, 30, 120 MHz, 3996 MHz, 0 %, 0 %
2026/09/22 01:44:11.132, 7, 181.32 W, 30, 120 MHz, 3996 MHz, 0 %, 0 %
2026/09/22 01:44:12.132, 0, 178.65 W, 35, 120 MHz, 3996 MHz, 0 %, 0 %
2026/09/22 01:44:12.132, 1, 181.30 W, 36, 120 MHz, 3996 MHz, 0 %, 0 %
2026/09/22 01:44:12.132, 2, 174.48 W, 30, 120 MHz, 3996 MHz, 0 %, 0 %
2026/09/22 01:44:12.132, 3, 176.23 W, 30, 120 MHz, 3996 MHz, 0 %, 0 %
2026/09/22 01:44:12.132, 4, 180.58 W, 35, 120 MHz, 3996 MHz, 0 %, 0 %
2026/09/22 01:44:12.132, 5, 178.64 W, 33, 120 MHz, 3996 MHz, 0 %, 0 %
2026/09/22 01:44:12.132, 6, 178.68 W, 30, 120 MHz, 3996 MHz, 0 %, 0 %
2026/09/22 01:44:12.132, 7, 181.23 W, 30, 120 MHz, 3996 MHz, 0 %, 0 %
2026/09/22 01:44:13.132, 0, 178.92 W, 35, 120 MHz, 3996 MHz, 0 %, 0 %
2026/09/22 01:44:13.132, 1, 181.02 W, 36, 120 MHz, 3996 MHz, 0 %, 0 %
2026/09/22 01:44:13.132, 2, 174.33 W, 30, 120 MHz, 3996 MHz, 0 %, 0 %
2026/09/22 01:44:13.132, 3, 176.23 W, 30, 120 MHz, 3996 MHz, 0 %, 0 %
2026/09/22 01:44:13.132, 4, 180.57 W, 35, 120 MHz, 3996 MHz, 0 %, 0 %
2026/09/22 01:44:13.132, 5, 178.64 W, 33, 120 MHz, 3996 MHz, 0 %, 0 %
2026/09/22 01:44:13.133, 6, 178.38 W, 30, 120 MHz, 3996 MHz, 0 %, 0 %
2026/09/22 01:44:13.133, 7, 181.37 W, 30, 120 MHz, 3996 MHz, 0 %, 0 %
2026/09/22 01:44:14.133, 0, 178.84 W, 35, 120 MHz, 3996 MHz, 0 %, 0 %
2026/09/22 01:44:14.133, 1, 181.18 W, 36, 120 MHz, 3996 MHz, 0 %, 0 %
2026/09/22 01:44:14.133, 2, 174.53 W, 30, 120 MHz, 3996 MHz, 0 %, 0 %
2026/09/22 01:44:14.133, 3, 176.23 W, 30, 120 MHz, 3996 MHz, 0 %, 0 %
2026/09/22 01:44:14.133, 4, 180.57 W, 35, 120 MHz, 3996 MHz, 0 %, 0 %
2026/09/22 01:44:14.133, 5, 178.64 W, 33, 120 MHz, 3996 MHz, 0 %, 0 %
2026/09/22 01:44:14.133, 6, 178.43 W, 30, 120 MHz, 3996 MHz, 0 %, 0 %
2026/09/22 01:44:14.133, 7, 181.30 W, 30, 120 MHz, 3996 MHz, 0 %, 0 %
2026/09/22 01:44:15.133, 0, 178.70 W, 35, 120 MHz, 3996 MHz, 0 %, 0 %
2026/09/22 01:44:15.133, 1, 180.91 W, 36, 120 MHz, 3996 MHz, 0 %, 0 %
2026/09/22 01:44:15.133, 2, 174.49 W, 30, 120 MHz, 3996 MHz, 0 %, 0 %
2026/09/22 01:44:15.133, 3, 176.23 W, 30, 120 MHz, 3996 MHz, 0 %, 0 %
2026/09/22 01:44:15.133, 4, 180.58 W, 35, 120 MHz, 3996 MHz, 0 %, 0 %
2026/09/22 01:44:15.133, 5, 178.64 W, 33, 120 MHz, 3996 MHz, 0 %, 0 %
2026/09/22 01:44:15.133, 6, 178.52 W, 30, 120 MHz, 3996 MHz, 0 %, 0 %
2026/09/22 01:44:15.133, 7, 181.35 W, 30, 120 MHz, 3996 MHz, 0 %, 0 %
2026/09/22 01:44:16.133, 0, 178.70 W, 35, 120 MHz, 3996 MHz, 0 %, 0 %
2026/09/22 01:44:16.133, 1, 180.84 W, 36, 120 MHz, 3996 MHz, 0 %, 0 %
2026/09/22 01:44:16.133, 2, 174.33 W, 30, 120 MHz, 3996 MHz, 0 %, 0 %
2026/09/22 01:44:16.133, 3, 176.23 W, 30, 120 MHz, 3996 MHz, 0 %, 0 %
2026/09/22 01:44:16.133, 4, 180.58 W, 35, 120 MHz, 3996 MHz, 0 %, 0 %
2026/09/22 01:44:16.133, 5, 178.64 W, 33, 120 MHz, 3996 MHz, 0 %, 0 %
2026/09/22 01:44:16.133, 6, 178.30 W, 30, 120 MHz, 3996 MHz, 0 %, 0 %
2026/09/22 01:44:16.133, 7, 181.46 W, 30, 120 MHz, 3996 MHz, 0 %, 0 %
2026/09/22 01:44:17.133, 0, 178.65 W, 35, 120 MHz, 3996 MHz, 0 %, 0 %
2026/09/22 01:44:17.133, 1, 180.84 W, 36, 120 MHz, 3996 MHz, 0 %, 0 %
2026/09/22 01:44:17.133, 2, 174.34 W, 30, 120 MHz, 3996 MHz, 0 %, 0 %
2026/09/22 01:44:17.133, 3, 176.23 W, 30, 120 MHz, 3996 MHz, 0 %, 0 %
2026/09/22 01:44:17.134, 4, 180.58 W, 35, 120 MHz, 3996 MHz, 0 %, 0 %
2026/09/22 01:44:17.134, 5, 178.64 W, 33, 120 MHz, 3996 MHz, 0 %, 0 %
2026/09/22 01:44:17.134, 6, 178.35 W, 30, 120 MHz, 3996 MHz, 0 %, 0 %
2026/09/22 01:44:17.134, 7, 181.33 W, 30, 120 MHz, 3996 MHz, 0 %, 0 %
2026/09/22 01:44:18.134, 0, 178.41 W, 35, 120 MHz, 3996 MHz, 0 %, 0 %
2026/09/22 01:44:18.134, 1, 180.75 W, 36, 120 MHz, 3996 MHz, 0 %, 0 %
2026/09/22 01:44:18.134, 2, 174.41 W, 30, 120 MHz, 3996 MHz, 0 %, 0 %
2026/09/22 01:44:18.134, 3, 176.23 W, 30, 120 MHz, 3996 MHz, 0 %, 0 %
2026/09/22 01:44:18.134, 4, 180.57 W, 35, 120 MHz, 3996 MHz, 0 %, 0 %
2026/09/22 01:44:18.134, 5, 178.64 W, 33, 120 MHz, 3996 MHz, 0 %, 0 %
2026/09/22 01:44:18.134, 6, 178.40 W, 30, 120 MHz, 3996 MHz, 0 %, 0 %
2026/09/22 01:44:18.134, 7, 181.33 W, 30, 120 MHz, 3996 MHz, 0 %, 0 %
2026/09/22 01:44:19.134, 0, 195.27 W, 36, 2032 MHz, 3996 MHz, 2 %, 0 %
2026/09/22 01:44:19.134, 1, 181.06 W, 36, 120 MHz, 3996 MHz, 0 %, 0 %
2026/09/22 01:44:19.134, 2, 174.45 W, 30, 120 MHz, 3996 MHz, 0 %, 0 %
2026/09/22 01:44:19.134, 3, 176.23 W, 30, 120 MHz, 3996 MHz, 0 %, 0 %
2026/09/22 01:44:19.134, 4, 180.57 W, 35, 120 MHz, 3996 MHz, 0 %, 0 %
2026/09/22 01:44:19.134, 5, 178.64 W, 33, 120 MHz, 3996 MHz, 0 %, 0 %
2026/09/22 01:44:19.134, 6, 178.42 W, 30, 120 MHz, 3996 MHz, 0 %, 0 %
2026/09/22 01:44:19.134, 7, 181.33 W, 30, 120 MHz, 3996 MHz, 0 %, 0 %
2026/09/22 01:44:20.134, 0, 232.42 W, 36, 2032 MHz, 3996 MHz, 0 %, 0 %
2026/09/22 01:44:20.134, 1, 180.99 W, 36, 120 MHz, 3996 MHz, 0 %, 0 %
2026/09/22 01:44:20.134, 2, 200.47 W, 31, 2032 MHz, 3996 MHz, 0 %, 0 %
2026/09/22 01:44:20.134, 3, 176.18 W, 30, 120 MHz, 3996 MHz, 0 %, 0 %
2026/09/22 01:44:20.134, 4, 180.57 W, 35, 120 MHz, 3996 MHz, 0 %, 0 %
2026/09/22 01:44:20.134, 5, 178.64 W, 33, 120 MHz, 3996 MHz, 0 %, 0 %
2026/09/22 01:44:20.134, 6, 178.24 W, 30, 120 MHz, 3996 MHz, 0 %, 0 %
2026/09/22 01:44:20.134, 7, 181.40 W, 30, 120 MHz, 3996 MHz, 0 %, 0 %
2026/09/22 01:44:21.134, 0, 232.89 W, 36, 2032 MHz, 3996 MHz, 0 %, 0 %
2026/09/22 01:44:21.134, 1, 180.99 W, 36, 120 MHz, 3996 MHz, 0 %, 0 %
2026/09/22 01:44:21.135, 2, 227.74 W, 31, 2032 MHz, 3996 MHz, 0 %, 0 %
2026/09/22 01:44:21.135, 3, 176.12 W, 30, 120 MHz, 3996 MHz, 0 %, 0 %
2026/09/22 01:44:21.135, 4, 180.57 W, 35, 120 MHz, 3996 MHz, 0 %, 0 %
2026/09/22 01:44:21.135, 5, 178.64 W, 33, 120 MHz, 3996 MHz, 0 %, 0 %
2026/09/22 01:44:21.135, 6, 178.63 W, 30, 120 MHz, 3996 MHz, 0 %, 0 %
2026/09/22 01:44:21.135, 7, 181.35 W, 30, 120 MHz, 3996 MHz, 0 %, 0 %
2026/09/22 01:44:22.135, 0, 232.97 W, 36, 2032 MHz, 3996 MHz, 0 %, 0 %
2026/09/22 01:44:22.135, 1, 180.83 W, 36, 120 MHz, 3996 MHz, 0 %, 0 %
2026/09/22 01:44:22.135, 2, 227.57 W, 31, 2032 MHz, 3996 MHz, 0 %, 0 %
2026/09/22 01:44:22.135, 3, 176.12 W, 30, 120 MHz, 3996 MHz, 0 %, 0 %
2026/09/22 01:44:22.135, 4, 180.57 W, 35, 120 MHz, 3996 MHz, 0 %, 0 %
2026/09/22 01:44:22.135, 5, 178.64 W, 33, 120 MHz, 3996 MHz, 0 %, 0 %
2026/09/22 01:44:22.135, 6, 178.27 W, 30, 120 MHz, 3996 MHz, 0 %, 0 %
2026/09/22 01:44:22.135, 7, 181.33 W, 30, 120 MHz, 3996 MHz, 0 %, 0 %
2026/09/22 01:44:23.135, 0, 233.21 W, 36, 2032 MHz, 3996 MHz, 0 %, 0 %
2026/09/22 01:44:23.135, 1, 180.91 W, 36, 120 MHz, 3996 MHz, 0 %, 0 %
2026/09/22 01:44:23.135, 2, 227.82 W, 31, 2032 MHz, 3996 MHz, 0 %, 0 %
2026/09/22 01:44:23.135, 3, 176.12 W, 30, 120 MHz, 3996 MHz, 0 %, 0 %
2026/09/22 01:44:23.135, 4, 180.58 W, 35, 120 MHz, 3996 MHz, 0 %, 0 %
2026/09/22 01:44:23.135, 5, 178.64 W, 33, 120 MHz, 3996 MHz, 0 %, 0 %
2026/09/22 01:44:23.135, 6, 178.66 W, 30, 120 MHz, 3996 MHz, 0 %, 0 %
2026/09/22 01:44:23.135, 7, 181.35 W, 30, 120 MHz, 3996 MHz, 0 %, 0 %
2026/09/22 01:44:24.135, 0, 232.91 W, 36, 2032 MHz, 3996 MHz, 0 %, 0 %
2026/09/22 01:44:24.135, 1, 180.87 W, 36, 120 MHz, 3996 MHz, 0 %, 0 %
2026/09/22 01:44:24.135, 2, 227.90 W, 31, 2032 MHz, 3996 MHz, 0 %, 0 %
2026/09/22 01:44:24.135, 3, 176.12 W, 30, 120 MHz, 3996 MHz, 0 %, 0 %
2026/09/22 01:44:24.135, 4, 180.57 W, 35, 120 MHz, 3996 MHz, 0 %, 0 %
2026/09/22 01:44:24.135, 5, 178.64 W, 33, 120 MHz, 3996 MHz, 0 %, 0 %
2026/09/22 01:44:24.135, 6, 178.51 W, 30, 120 MHz, 3996 MHz, 0 %, 0 %
2026/09/22 01:44:24.135, 7, 181.32 W, 30, 120 MHz, 3996 MHz, 0 %, 0 %
2026/09/22 01:44:25.136, 0, 232.97 W, 36, 2032 MHz, 3996 MHz, 0 %, 0 %
2026/09/22 01:44:25.136, 1, 180.67 W, 36, 120 MHz, 3996 MHz, 0 %, 0 %
2026/09/22 01:44:25.136, 2, 228.01 W, 31, 2032 MHz, 3996 MHz, 0 %, 0 %
2026/09/22 01:44:25.136, 3, 176.12 W, 30, 120 MHz, 3996 MHz, 0 %, 0 %
2026/09/22 01:44:25.136, 4, 180.58 W, 35, 120 MHz, 3996 MHz, 0 %, 0 %
2026/09/22 01:44:25.136, 5, 178.64 W, 33, 120 MHz, 3996 MHz, 0 %, 0 %
2026/09/22 01:44:25.136, 6, 178.49 W, 30, 120 MHz, 3996 MHz, 0 %, 0 %
2026/09/22 01:44:25.136, 7, 181.39 W, 30, 120 MHz, 3996 MHz, 0 %, 0 %
2026/09/22 01:44:26.136, 0, 233.04 W, 36, 2032 MHz, 3996 MHz, 0 %, 0 %
2026/09/22 01:44:26.136, 1, 180.71 W, 36, 120 MHz, 3996 MHz, 0 %, 0 %
2026/09/22 01:44:26.136, 2, 228.09 W, 31, 2032 MHz, 3996 MHz, 0 %, 0 %
2026/09/22 01:44:26.136, 3, 176.12 W, 30, 120 MHz, 3996 MHz, 0 %, 0 %
2026/09/22 01:44:26.136, 4, 180.57 W, 35, 120 MHz, 3996 MHz, 0 %, 0 %
2026/09/22 01:44:26.136, 5, 178.64 W, 33, 120 MHz, 3996 MHz, 0 %, 0 %
2026/09/22 01:44:26.136, 6, 178.57 W, 30, 120 MHz, 3996 MHz, 0 %, 0 %
2026/09/22 01:44:26.136, 7, 181.41 W, 30, 120 MHz, 3996 MHz, 0 %, 0 %
2026/09/22 01:44:27.136, 0, 232.87 W, 36, 2032 MHz, 3996 MHz, 0 %, 0 %
2026/09/22 01:44:27.136, 1, 180.49 W, 36, 120 MHz, 3996 MHz, 0 %, 0 %
2026/09/22 01:44:27.136, 2, 228.05 W, 31, 2032 MHz, 3996 MHz, 0 %, 0 %
2026/09/22 01:44:27.136, 3, 176.12 W, 30, 120 MHz, 3996 MHz, 0 %, 0 %
2026/09/22 01:44:27.136, 4, 180.57 W, 35, 120 MHz, 3996 MHz, 0 %, 0 %
2026/09/22 01:44:27.136, 5, 178.64 W, 33, 120 MHz, 3996 MHz, 0 %, 0 %
2026/09/22 01:44:27.136, 6, 178.36 W, 30, 120 MHz, 3996 MHz, 0 %, 0 %
2026/09/22 01:44:27.136, 7, 181.29 W, 30, 120 MHz, 3996 MHz, 0 %, 0 %
2026/09/22 01:44:28.136, 0, 233.39 W, 36, 2032 MHz, 3996 MHz, 0 %, 0 %
2026/09/22 01:44:28.136, 1, 188.03 W, 36, 2032 MHz, 3996 MHz, 0 %, 0 %
2026/09/22 01:44:28.136, 2, 228.08 W, 31, 2032 MHz, 3996 MHz, 0 %, 0 %
2026/09/22 01:44:28.136, 3, 176.12 W, 30, 120 MHz, 3996 MHz, 0 %, 0 %
2026/09/22 01:44:28.136, 4, 180.55 W, 35, 120 MHz, 3996 MHz, 0 %, 0 %
2026/09/22 01:44:28.136, 5, 178.64 W, 33, 120 MHz, 3996 MHz, 0 %, 0 %
2026/09/22 01:44:28.136, 6, 178.07 W, 30, 120 MHz, 3996 MHz, 0 %, 0 %
2026/09/22 01:44:28.136, 7, 181.17 W, 30, 120 MHz, 3996 MHz, 0 %, 0 %
2026/09/22 01:44:29.137, 0, 233.36 W, 36, 2032 MHz, 3996 MHz, 0 %, 0 %
2026/09/22 01:44:29.137, 1, 235.60 W, 37, 2032 MHz, 3996 MHz, 0 %, 0 %
2026/09/22 01:44:29.137, 2, 227.97 W, 31, 2032 MHz, 3996 MHz, 0 %, 0 %
2026/09/22 01:44:29.137, 3, 199.93 W, 31, 2032 MHz, 3996 MHz, 2 %, 0 %
2026/09/22 01:44:29.137, 4, 180.62 W, 35, 120 MHz, 3996 MHz, 0 %, 0 %
2026/09/22 01:44:29.137, 5, 178.64 W, 33, 120 MHz, 3996 MHz, 0 %, 0 %
2026/09/22 01:44:29.137, 6, 178.07 W, 30, 120 MHz, 3996 MHz, 0 %, 0 %
2026/09/22 01:44:29.137, 7, 181.46 W, 30, 120 MHz, 3996 MHz, 0 %, 0 %
2026/09/22 01:44:30.137, 0, 233.43 W, 36, 2032 MHz, 3996 MHz, 0 %, 0 %
2026/09/22 01:44:30.137, 1, 235.59 W, 37, 2032 MHz, 3996 MHz, 0 %, 0 %
2026/09/22 01:44:30.137, 2, 227.92 W, 31, 2032 MHz, 3996 MHz, 0 %, 0 %
2026/09/22 01:44:30.137, 3, 230.00 W, 31, 2032 MHz, 3996 MHz, 0 %, 0 %
2026/09/22 01:44:30.137, 4, 180.58 W, 35, 120 MHz, 3996 MHz, 0 %, 0 %
2026/09/22 01:44:30.137, 5, 178.64 W, 33, 120 MHz, 3996 MHz, 0 %, 0 %
2026/09/22 01:44:30.137, 6, 178.50 W, 30, 120 MHz, 3996 MHz, 0 %, 0 %
2026/09/22 01:44:30.137, 7, 181.32 W, 30, 120 MHz, 3996 MHz, 0 %, 0 %
2026/09/22 01:44:31.138, 0, 233.40 W, 36, 2032 MHz, 3996 MHz, 0 %, 0 %
2026/09/22 01:44:31.138, 1, 235.92 W, 37, 2032 MHz, 3996 MHz, 0 %, 0 %
2026/09/22 01:44:31.138, 2, 227.94 W, 31, 2032 MHz, 3996 MHz, 0 %, 0 %
2026/09/22 01:44:31.138, 3, 230.01 W, 31, 2032 MHz, 3996 MHz, 0 %, 0 %
2026/09/22 01:44:31.138, 4, 180.58 W, 35, 120 MHz, 3996 MHz, 0 %, 0 %
2026/09/22 01:44:31.138, 5, 178.64 W, 33, 120 MHz, 3996 MHz, 0 %, 0 %
2026/09/22 01:44:31.138, 6, 178.17 W, 30, 120 MHz, 3996 MHz, 0 %, 0 %
2026/09/22 01:44:31.139, 7, 181.22 W, 30, 120 MHz, 3996 MHz, 0 %, 0 %
2026/09/22 01:44:32.139, 0, 233.43 W, 36, 2032 MHz, 3996 MHz, 0 %, 0 %
2026/09/22 01:44:32.139, 1, 235.57 W, 37, 2032 MHz, 3996 MHz, 0 %, 0 %
2026/09/22 01:44:32.139, 2, 228.01 W, 31, 2032 MHz, 3996 MHz, 0 %, 0 %
2026/09/22 01:44:32.139, 3, 230.04 W, 31, 2032 MHz, 3996 MHz, 0 %, 0 %
2026/09/22 01:44:32.139, 4, 180.58 W, 35, 120 MHz, 3996 MHz, 0 %, 0 %
2026/09/22 01:44:32.139, 5, 178.64 W, 33, 120 MHz, 3996 MHz, 0 %, 0 %
2026/09/22 01:44:32.139, 6, 178.38 W, 30, 120 MHz, 3996 MHz, 0 %, 0 %
2026/09/22 01:44:32.139, 7, 181.38 W, 30, 120 MHz, 3996 MHz, 0 %, 0 %
2026/09/22 01:44:33.139, 0, 233.51 W, 36, 2032 MHz, 3996 MHz, 0 %, 0 %
2026/09/22 01:44:33.139, 1, 235.57 W, 37, 2032 MHz, 3996 MHz, 0 %, 0 %
2026/09/22 01:44:33.139, 2, 228.04 W, 31, 2032 MHz, 3996 MHz, 0 %, 0 %
2026/09/22 01:44:33.139, 3, 230.13 W, 31, 2032 MHz, 3996 MHz, 0 %, 0 %
2026/09/22 01:44:33.139, 4, 180.62 W, 35, 120 MHz, 3996 MHz, 0 %, 0 %
2026/09/22 01:44:33.139, 5, 178.64 W, 33, 120 MHz, 3996 MHz, 0 %, 0 %
2026/09/22 01:44:33.139, 6, 178.05 W, 30, 120 MHz, 3996 MHz, 0 %, 0 %
2026/09/22 01:44:33.139, 7, 181.23 W, 30, 120 MHz, 3996 MHz, 0 %, 0 %
2026/09/22 01:44:34.139, 0, 233.49 W, 36, 2032 MHz, 3996 MHz, 0 %, 0 %
2026/09/22 01:44:34.139, 1, 235.57 W, 37, 2032 MHz, 3996 MHz, 0 %, 0 %
2026/09/22 01:44:34.139, 2, 228.06 W, 31, 2032 MHz, 3996 MHz, 0 %, 0 %
2026/09/22 01:44:34.139, 3, 230.15 W, 31, 2032 MHz, 3996 MHz, 0 %, 0 %
2026/09/22 01:44:34.139, 4, 180.58 W, 35, 120 MHz, 3996 MHz, 0 %, 0 %
2026/09/22 01:44:34.139, 5, 178.64 W, 33, 120 MHz, 3996 MHz, 0 %, 0 %
2026/09/22 01:44:34.139, 6, 178.24 W, 30, 120 MHz, 3996 MHz, 0 %, 0 %
2026/09/22 01:44:34.139, 7, 181.30 W, 30, 120 MHz, 3996 MHz, 0 %, 0 %
2026/09/22 01:44:35.139, 0, 233.44 W, 36, 2032 MHz, 3996 MHz, 0 %, 0 %
2026/09/22 01:44:35.139, 1, 235.57 W, 37, 2032 MHz, 3996 MHz, 0 %, 0 %
2026/09/22 01:44:35.139, 2, 228.05 W, 31, 2032 MHz, 3996 MHz, 0 %, 0 %
2026/09/22 01:44:35.139, 3, 230.15 W, 31, 2032 MHz, 3996 MHz, 0 %, 0 %
2026/09/22 01:44:35.139, 4, 180.58 W, 35, 120 MHz, 3996 MHz, 0 %, 0 %
2026/09/22 01:44:35.139, 5, 178.64 W, 33, 120 MHz, 3996 MHz, 0 %, 0 %
2026/09/22 01:44:35.140, 6, 178.45 W, 30, 120 MHz, 3996 MHz, 0 %, 0 %
2026/09/22 01:44:35.140, 7, 181.04 W, 30, 120 MHz, 3996 MHz, 0 %, 0 %
2026/09/22 01:44:36.140, 0, 233.44 W, 36, 2032 MHz, 3996 MHz, 0 %, 0 %
2026/09/22 01:44:36.140, 1, 235.84 W, 37, 2032 MHz, 3996 MHz, 7 %, 0 %
2026/09/22 01:44:36.140, 2, 228.06 W, 31, 2032 MHz, 3996 MHz, 0 %, 0 %
2026/09/22 01:44:36.140, 3, 230.15 W, 31, 2032 MHz, 3996 MHz, 16 %, 0 %
2026/09/22 01:44:36.140, 4, 180.58 W, 35, 120 MHz, 3996 MHz, 0 %, 0 %
2026/09/22 01:44:36.140, 5, 178.64 W, 33, 120 MHz, 3996 MHz, 0 %, 0 %
2026/09/22 01:44:36.140, 6, 178.10 W, 30, 120 MHz, 3996 MHz, 0 %, 0 %
2026/09/22 01:44:36.140, 7, 181.19 W, 30, 120 MHz, 3996 MHz, 0 %, 0 %
2026/09/22 01:44:37.140, 0, 233.74 W, 36, 2032 MHz, 3996 MHz, 0 %, 0 %
2026/09/22 01:44:37.140, 1, 235.61 W, 37, 2032 MHz, 3996 MHz, 0 %, 0 %
2026/09/22 01:44:37.140, 2, 228.07 W, 31, 2032 MHz, 3996 MHz, 0 %, 0 %
2026/09/22 01:44:37.140, 3, 230.15 W, 31, 2032 MHz, 3996 MHz, 0 %, 0 %
2026/09/22 01:44:37.140, 4, 180.58 W, 35, 120 MHz, 3996 MHz, 0 %, 0 %
2026/09/22 01:44:37.140, 5, 178.64 W, 33, 120 MHz, 3996 MHz, 0 %, 0 %
2026/09/22 01:44:37.140, 6, 178.20 W, 30, 120 MHz, 3996 MHz, 0 %, 0 %
2026/09/22 01:44:37.140, 7, 181.50 W, 30, 120 MHz, 3996 MHz, 0 %, 0 %
2026/09/22 01:44:38.140, 0, 233.56 W, 36, 2032 MHz, 3996 MHz, 0 %, 0 %
2026/09/22 01:44:38.140, 1, 235.61 W, 37, 2032 MHz, 3996 MHz, 0 %, 0 %
2026/09/22 01:44:38.140, 2, 228.06 W, 31, 2032 MHz, 3996 MHz, 0 %, 0 %
2026/09/22 01:44:38.140, 3, 230.15 W, 31, 2032 MHz, 3996 MHz, 0 %, 0 %
2026/09/22 01:44:38.140, 4, 180.58 W, 35, 120 MHz, 3996 MHz, 0 %, 0 %
2026/09/22 01:44:38.140, 5, 178.64 W, 33, 120 MHz, 3996 MHz, 0 %, 0 %
2026/09/22 01:44:38.140, 6, 178.41 W, 30, 120 MHz, 3996 MHz, 0 %, 0 %
2026/09/22 01:44:38.140, 7, 181.07 W, 30, 120 MHz, 3996 MHz, 0 %, 0 %
2026/09/22 01:44:39.140, 0, 233.41 W, 36, 2032 MHz, 3996 MHz, 0 %, 0 %
2026/09/22 01:44:39.140, 1, 235.61 W, 37, 2032 MHz, 3996 MHz, 0 %, 0 %
2026/09/22 01:44:39.140, 2, 228.07 W, 31, 2032 MHz, 3996 MHz, 0 %, 0 %
2026/09/22 01:44:39.141, 3, 230.15 W, 31, 2032 MHz, 3996 MHz, 0 %, 0 %
2026/09/22 01:44:39.141, 4, 180.58 W, 35, 120 MHz, 3996 MHz, 0 %, 0 %
2026/09/22 01:44:39.141, 5, 178.64 W, 33, 120 MHz, 3996 MHz, 0 %, 0 %
2026/09/22 01:44:39.141, 6, 178.36 W, 30, 120 MHz, 3996 MHz, 0 %, 0 %
2026/09/22 01:44:39.141, 7, 181.34 W, 30, 120 MHz, 3996 MHz, 0 %, 0 %
2026/09/22 01:44:40.141, 0, 233.61 W, 36, 2032 MHz, 3996 MHz, 0 %, 0 %
2026/09/22 01:44:40.141, 1, 235.57 W, 37, 2032 MHz, 3996 MHz, 0 %, 0 %
2026/09/22 01:44:40.141, 2, 228.07 W, 31, 2032 MHz, 3996 MHz, 0 %, 0 %
2026/09/22 01:44:40.141, 3, 230.15 W, 31, 2032 MHz, 3996 MHz, 0 %, 0 %
2026/09/22 01:44:40.141, 4, 180.58 W, 35, 120 MHz, 3996 MHz, 0 %, 0 %
2026/09/22 01:44:40.141, 5, 178.64 W, 33, 120 MHz, 3996 MHz, 0 %, 0 %
2026/09/22 01:44:40.141, 6, 178.14 W, 30, 120 MHz, 3996 MHz, 0 %, 0 %
2026/09/22 01:44:40.141, 7, 181.12 W, 30, 120 MHz, 3996 MHz, 0 %, 0 %
2026/09/22 01:44:41.141, 0, 233.60 W, 36, 2032 MHz, 3996 MHz, 2 %, 0 %
2026/09/22 01:44:41.141, 1, 235.61 W, 37, 2032 MHz, 3996 MHz, 0 %, 0 %
2026/09/22 01:44:41.141, 2, 228.07 W, 31, 2032 MHz, 3996 MHz, 0 %, 0 %
2026/09/22 01:44:41.141, 3, 230.15 W, 31, 2032 MHz, 3996 MHz, 0 %, 0 %
2026/09/22 01:44:41.141, 4, 180.58 W, 35, 120 MHz, 3996 MHz, 0 %, 0 %
2026/09/22 01:44:41.141, 5, 178.64 W, 33, 120 MHz, 3996 MHz, 0 %, 0 %
2026/09/22 01:44:41.141, 6, 178.26 W, 30, 120 MHz, 3996 MHz, 0 %, 0 %
2026/09/22 01:44:41.141, 7, 181.19 W, 30, 120 MHz, 3996 MHz, 0 %, 0 %
2026/09/22 01:44:42.141, 0, 233.56 W, 36, 2032 MHz, 3996 MHz, 3 %, 0 %
2026/09/22 01:44:42.141, 1, 235.61 W, 37, 2032 MHz, 3996 MHz, 0 %, 0 %
2026/09/22 01:44:42.141, 2, 228.06 W, 31, 2032 MHz, 3996 MHz, 0 %, 0 %
2026/09/22 01:44:42.141, 3, 230.16 W, 31, 2032 MHz, 3996 MHz, 0 %, 0 %
2026/09/22 01:44:42.141, 4, 180.58 W, 35, 120 MHz, 3996 MHz, 0 %, 0 %
2026/09/22 01:44:42.141, 5, 178.64 W, 33, 120 MHz, 3996 MHz, 0 %, 0 %
2026/09/22 01:44:42.141, 6, 178.40 W, 30, 120 MHz, 3996 MHz, 0 %, 0 %
2026/09/22 01:44:42.141, 7, 181.38 W, 30, 120 MHz, 3996 MHz, 0 %, 0 %
2026/09/22 01:44:43.141, 0, 233.57 W, 36, 2032 MHz, 3996 MHz, 2 %, 0 %
2026/09/22 01:44:43.142, 1, 235.57 W, 37, 2032 MHz, 3996 MHz, 0 %, 0 %
2026/09/22 01:44:43.142, 2, 228.07 W, 31, 2032 MHz, 3996 MHz, 0 %, 0 %
2026/09/22 01:44:43.142, 3, 230.14 W, 31, 2032 MHz, 3996 MHz, 0 %, 0 %
2026/09/22 01:44:43.142, 4, 180.58 W, 35, 120 MHz, 3996 MHz, 0 %, 0 %
2026/09/22 01:44:43.142, 5, 178.64 W, 33, 120 MHz, 3996 MHz, 0 %, 0 %
2026/09/22 01:44:43.142, 6, 178.30 W, 30, 120 MHz, 3996 MHz, 0 %, 0 %
2026/09/22 01:44:43.142, 7, 181.19 W, 30, 120 MHz, 3996 MHz, 0 %, 0 %
2026/09/22 01:44:44.142, 0, 233.57 W, 36, 2032 MHz, 3996 MHz, 1 %, 0 %
2026/09/22 01:44:44.142, 1, 236.00 W, 37, 2032 MHz, 3996 MHz, 0 %, 0 %
2026/09/22 01:44:44.142, 2, 228.29 W, 31, 2032 MHz, 3996 MHz, 1 %, 0 %
2026/09/22 01:44:44.142, 3, 230.30 W, 31, 2032 MHz, 3996 MHz, 0 %, 0 %
2026/09/22 01:44:44.142, 4, 180.58 W, 35, 120 MHz, 3996 MHz, 0 %, 0 %
2026/09/22 01:44:44.142, 5, 178.64 W, 33, 120 MHz, 3996 MHz, 0 %, 0 %
2026/09/22 01:44:44.142, 6, 178.37 W, 30, 120 MHz, 3996 MHz, 0 %, 0 %
2026/09/22 01:44:44.142, 7, 181.04 W, 30, 120 MHz, 3996 MHz, 0 %, 0 %
2026/09/22 01:44:45.142, 0, 233.61 W, 36, 2032 MHz, 3996 MHz, 2 %, 0 %
2026/09/22 01:44:45.142, 1, 235.69 W, 37, 2032 MHz, 3996 MHz, 0 %, 0 %
2026/09/22 01:44:45.142, 2, 228.06 W, 31, 2032 MHz, 3996 MHz, 0 %, 0 %
2026/09/22 01:44:45.142, 3, 230.30 W, 31, 2032 MHz, 3996 MHz, 0 %, 0 %
2026/09/22 01:44:45.142, 4, 180.58 W, 35, 120 MHz, 3996 MHz, 0 %, 0 %
2026/09/22 01:44:45.142, 5, 178.64 W, 33, 120 MHz, 3996 MHz, 0 %, 0 %
2026/09/22 01:44:45.142, 6, 178.24 W, 30, 120 MHz, 3996 MHz, 0 %, 0 %
2026/09/22 01:44:45.142, 7, 181.03 W, 30, 120 MHz, 3996 MHz, 0 %, 0 %
2026/09/22 01:44:46.142, 0, 233.60 W, 36, 2032 MHz, 3996 MHz, 3 %, 0 %
2026/09/22 01:44:46.142, 1, 235.65 W, 37, 2032 MHz, 3996 MHz, 0 %, 0 %
2026/09/22 01:44:46.142, 2, 228.06 W, 31, 2032 MHz, 3996 MHz, 0 %, 0 %
2026/09/22 01:44:46.142, 3, 230.15 W, 31, 2032 MHz, 3996 MHz, 0 %, 0 %
2026/09/22 01:44:46.142, 4, 180.58 W, 35, 120 MHz, 3996 MHz, 0 %, 0 %
2026/09/22 01:44:46.142, 5, 178.64 W, 33, 120 MHz, 3996 MHz, 0 %, 0 %
2026/09/22 01:44:46.142, 6, 178.47 W, 30, 120 MHz, 3996 MHz, 0 %, 0 %
2026/09/22 01:44:46.142, 7, 181.34 W, 30, 120 MHz, 3996 MHz, 0 %, 0 %
2026/09/22 01:44:47.143, 0, 233.59 W, 36, 2032 MHz, 3996 MHz, 11 %, 0 %
2026/09/22 01:44:47.143, 1, 235.84 W, 37, 2032 MHz, 3996 MHz, 0 %, 0 %
2026/09/22 01:44:47.143, 2, 228.07 W, 31, 2032 MHz, 3996 MHz, 0 %, 0 %
2026/09/22 01:44:47.143, 3, 230.15 W, 31, 2032 MHz, 3996 MHz, 0 %, 0 %
2026/09/22 01:44:47.143, 4, 180.62 W, 35, 120 MHz, 3996 MHz, 0 %, 0 %
2026/09/22 01:44:47.143, 5, 178.64 W, 33, 120 MHz, 3996 MHz, 0 %, 0 %
2026/09/22 01:44:47.143, 6, 178.29 W, 30, 120 MHz, 3996 MHz, 0 %, 0 %
2026/09/22 01:44:47.143, 7, 181.15 W, 30, 120 MHz, 3996 MHz, 0 %, 0 %
2026/09/22 01:44:48.143, 0, 233.59 W, 36, 2032 MHz, 3996 MHz, 3 %, 0 %
2026/09/22 01:44:48.143, 1, 235.57 W, 37, 2032 MHz, 3996 MHz, 0 %, 0 %
2026/09/22 01:44:48.143, 2, 228.10 W, 31, 2032 MHz, 3996 MHz, 9 %, 0 %
2026/09/22 01:44:48.143, 3, 230.56 W, 31, 2032 MHz, 3996 MHz, 10 %, 0 %
2026/09/22 01:44:48.143, 4, 180.58 W, 35, 120 MHz, 3996 MHz, 0 %, 0 %
2026/09/22 01:44:48.143, 5, 178.64 W, 33, 120 MHz, 3996 MHz, 0 %, 0 %
2026/09/22 01:44:48.143, 6, 178.40 W, 30, 120 MHz, 3996 MHz, 0 %, 0 %
2026/09/22 01:44:48.143, 7, 181.46 W, 30, 120 MHz, 3996 MHz, 0 %, 0 %
2026/09/22 01:44:49.143, 0, 233.55 W, 36, 2032 MHz, 3996 MHz, 0 %, 0 %
2026/09/22 01:44:49.143, 1, 236.64 W, 37, 2032 MHz, 3996 MHz, 0 %, 0 %
2026/09/22 01:44:49.143, 2, 228.36 W, 31, 2032 MHz, 3996 MHz, 3 %, 0 %
2026/09/22 01:44:49.143, 3, 230.69 W, 31, 2032 MHz, 3996 MHz, 0 %, 0 %
2026/09/22 01:44:49.143, 4, 180.58 W, 35, 120 MHz, 3996 MHz, 0 %, 0 %
2026/09/22 01:44:49.143, 5, 178.64 W, 33, 120 MHz, 3996 MHz, 0 %, 0 %
2026/09/22 01:44:49.143, 6, 178.25 W, 30, 120 MHz, 3996 MHz, 0 %, 0 %
2026/09/22 01:44:49.143, 7, 181.34 W, 30, 120 MHz, 3996 MHz, 0 %, 0 %
2026/09/22 01:44:50.143, 0, 233.58 W, 36, 2032 MHz, 3996 MHz, 3 %, 0 %
2026/09/22 01:44:50.143, 1, 236.78 W, 37, 2032 MHz, 3996 MHz, 1 %, 0 %
2026/09/22 01:44:50.143, 2, 228.10 W, 31, 2032 MHz, 3996 MHz, 0 %, 0 %
2026/09/22 01:44:50.143, 3, 230.30 W, 31, 2032 MHz, 3996 MHz, 0 %, 0 %
2026/09/22 01:44:50.143, 4, 180.58 W, 35, 120 MHz, 3996 MHz, 0 %, 0 %
2026/09/22 01:44:50.143, 5, 178.64 W, 33, 120 MHz, 3996 MHz, 0 %, 0 %
2026/09/22 01:44:50.144, 6, 178.33 W, 30, 120 MHz, 3996 MHz, 0 %, 0 %
2026/09/22 01:44:50.144, 7, 181.46 W, 30, 120 MHz, 3996 MHz, 0 %, 0 %
2026/09/22 01:44:51.144, 0, 233.55 W, 36, 2032 MHz, 3996 MHz, 11 %, 0 %
2026/09/22 01:44:51.144, 1, 236.66 W, 37, 2032 MHz, 3996 MHz, 3 %, 0 %
2026/09/22 01:44:51.144, 2, 228.07 W, 31, 2032 MHz, 3996 MHz, 0 %, 0 %
2026/09/22 01:44:51.144, 3, 230.46 W, 31, 2032 MHz, 3996 MHz, 5 %, 0 %
2026/09/22 01:44:51.144, 4, 180.58 W, 35, 120 MHz, 3996 MHz, 0 %, 0 %
2026/09/22 01:44:51.144, 5, 178.64 W, 33, 120 MHz, 3996 MHz, 0 %, 0 %
2026/09/22 01:44:51.144, 6, 178.47 W, 30, 120 MHz, 3996 MHz, 0 %, 0 %
2026/09/22 01:44:51.144, 7, 181.42 W, 30, 120 MHz, 3996 MHz, 0 %, 0 %
2026/09/22 01:44:52.144, 0, 233.60 W, 36, 2032 MHz, 3996 MHz, 1 %, 0 %
2026/09/22 01:44:52.144, 1, 235.76 W, 37, 2032 MHz, 3996 MHz, 0 %, 0 %
2026/09/22 01:44:52.144, 2, 228.10 W, 31, 2032 MHz, 3996 MHz, 2 %, 0 %
2026/09/22 01:44:52.144, 3, 230.27 W, 31, 2032 MHz, 3996 MHz, 9 %, 0 %
2026/09/22 01:44:52.144, 4, 180.66 W, 35, 120 MHz, 3996 MHz, 0 %, 0 %
2026/09/22 01:44:52.144, 5, 178.64 W, 33, 120 MHz, 3996 MHz, 0 %, 0 %
2026/09/22 01:44:52.144, 6, 178.74 W, 30, 120 MHz, 3996 MHz, 0 %, 0 %
2026/09/22 01:44:52.144, 7, 181.42 W, 30, 120 MHz, 3996 MHz, 0 %, 0 %
2026/09/22 01:44:53.144, 0, 233.61 W, 36, 2032 MHz, 3996 MHz, 0 %, 0 %
2026/09/22 01:44:53.144, 1, 236.31 W, 37, 2032 MHz, 3996 MHz, 4 %, 0 %
2026/09/22 01:44:53.144, 2, 228.11 W, 31, 2032 MHz, 3996 MHz, 1 %, 0 %
2026/09/22 01:44:53.144, 3, 230.22 W, 31, 2032 MHz, 3996 MHz, 2 %, 0 %
2026/09/22 01:44:53.144, 4, 180.62 W, 35, 120 MHz, 3996 MHz, 0 %, 0 %
2026/09/22 01:44:53.144, 5, 178.64 W, 33, 120 MHz, 3996 MHz, 0 %, 0 %
2026/09/22 01:44:53.144, 6, 178.34 W, 30, 120 MHz, 3996 MHz, 0 %, 0 %
2026/09/22 01:44:53.144, 7, 181.34 W, 30, 120 MHz, 3996 MHz, 0 %, 0 %
2026/09/22 01:44:54.144, 0, 233.62 W, 36, 2032 MHz, 3996 MHz, 5 %, 0 %
2026/09/22 01:44:54.144, 1, 235.84 W, 37, 2032 MHz, 3996 MHz, 0 %, 0 %
2026/09/22 01:44:54.144, 2, 228.10 W, 31, 2032 MHz, 3996 MHz, 10 %, 0 %
2026/09/22 01:44:54.144, 3, 230.19 W, 31, 2032 MHz, 3996 MHz, 3 %, 0 %
2026/09/22 01:44:54.145, 4, 180.58 W, 35, 120 MHz, 3996 MHz, 0 %, 0 %
2026/09/22 01:44:54.145, 5, 178.64 W, 33, 120 MHz, 3996 MHz, 0 %, 0 %
2026/09/22 01:44:54.145, 6, 178.61 W, 30, 120 MHz, 3996 MHz, 0 %, 0 %
2026/09/22 01:44:54.145, 7, 181.46 W, 30, 120 MHz, 3996 MHz, 0 %, 0 %
2026/09/22 01:44:55.145, 0, 233.61 W, 36, 2032 MHz, 3996 MHz, 9 %, 0 %
2026/09/22 01:44:55.145, 1, 236.16 W, 37, 2032 MHz, 3996 MHz, 8 %, 0 %
2026/09/22 01:44:55.145, 2, 228.25 W, 31, 2032 MHz, 3996 MHz, 8 %, 0 %
2026/09/22 01:44:55.145, 3, 230.49 W, 31, 2032 MHz, 3996 MHz, 0 %, 0 %
2026/09/22 01:44:55.145, 4, 180.58 W, 35, 120 MHz, 3996 MHz, 0 %, 0 %
2026/09/22 01:44:55.145, 5, 178.64 W, 33, 120 MHz, 3996 MHz, 0 %, 0 %
2026/09/22 01:44:55.145, 6, 178.52 W, 30, 120 MHz, 3996 MHz, 0 %, 0 %
2026/09/22 01:44:55.145, 7, 181.42 W, 30, 120 MHz, 3996 MHz, 0 %, 0 %
2026/09/22 01:44:56.145, 0, 233.59 W, 36, 2032 MHz, 3996 MHz, 11 %, 0 %
2026/09/22 01:44:56.145, 1, 237.06 W, 37, 2032 MHz, 3996 MHz, 2 %, 0 %
2026/09/22 01:44:56.145, 2, 228.40 W, 31, 2032 MHz, 3996 MHz, 10 %, 0 %
2026/09/22 01:44:56.145, 3, 230.69 W, 31, 2032 MHz, 3996 MHz, 3 %, 0 %
2026/09/22 01:44:56.145, 4, 180.58 W, 35, 120 MHz, 3996 MHz, 0 %, 0 %
2026/09/22 01:44:56.145, 5, 178.64 W, 33, 120 MHz, 3996 MHz, 0 %, 0 %
2026/09/22 01:44:56.145, 6, 178.69 W, 30, 120 MHz, 3996 MHz, 0 %, 0 %
2026/09/22 01:44:56.145, 7, 181.38 W, 30, 120 MHz, 3996 MHz, 0 %, 0 %
2026/09/22 01:44:57.145, 0, 233.57 W, 36, 2032 MHz, 3996 MHz, 1 %, 0 %
2026/09/22 01:44:57.145, 1, 236.70 W, 37, 2032 MHz, 3996 MHz, 8 %, 0 %
2026/09/22 01:44:57.145, 2, 228.75 W, 31, 2032 MHz, 3996 MHz, 1 %, 0 %
2026/09/22 01:44:57.145, 3, 231.08 W, 31, 2032 MHz, 3996 MHz, 5 %, 0 %
2026/09/22 01:44:57.145, 4, 180.62 W, 35, 120 MHz, 3996 MHz, 0 %, 0 %
2026/09/22 01:44:57.145, 5, 178.64 W, 33, 120 MHz, 3996 MHz, 0 %, 0 %
2026/09/22 01:44:57.145, 6, 178.29 W, 30, 120 MHz, 3996 MHz, 0 %, 0 %
2026/09/22 01:44:57.145, 7, 181.42 W, 30, 120 MHz, 3996 MHz, 0 %, 0 %
2026/09/22 01:44:58.145, 0, 233.57 W, 36, 2032 MHz, 3996 MHz, 4 %, 0 %
2026/09/22 01:44:58.145, 1, 236.93 W, 37, 2032 MHz, 3996 MHz, 2 %, 0 %
2026/09/22 01:44:58.146, 2, 228.29 W, 31, 2032 MHz, 3996 MHz, 9 %, 0 %
2026/09/22 01:44:58.146, 3, 231.29 W, 31, 2032 MHz, 3996 MHz, 3 %, 0 %
2026/09/22 01:44:58.146, 4, 180.58 W, 35, 120 MHz, 3996 MHz, 0 %, 0 %
2026/09/22 01:44:58.146, 5, 178.64 W, 33, 120 MHz, 3996 MHz, 0 %, 0 %
2026/09/22 01:44:58.146, 6, 178.45 W, 30, 120 MHz, 3996 MHz, 0 %, 0 %
2026/09/22 01:44:58.146, 7, 181.42 W, 30, 120 MHz, 3996 MHz, 0 %, 0 %
2026/09/22 01:44:59.146, 0, 233.61 W, 36, 2032 MHz, 3996 MHz, 11 %, 0 %
2026/09/22 01:44:59.146, 1, 236.68 W, 37, 2032 MHz, 3996 MHz, 0 %, 0 %
2026/09/22 01:44:59.146, 2, 228.26 W, 31, 2032 MHz, 3996 MHz, 0 %, 0 %
2026/09/22 01:44:59.146, 3, 230.62 W, 31, 2032 MHz, 3996 MHz, 0 %, 0 %
2026/09/22 01:44:59.146, 4, 180.58 W, 35, 120 MHz, 3996 MHz, 0 %, 0 %
2026/09/22 01:44:59.146, 5, 178.64 W, 33, 120 MHz, 3996 MHz, 0 %, 0 %
2026/09/22 01:44:59.146, 6, 178.55 W, 30, 120 MHz, 3996 MHz, 0 %, 0 %
2026/09/22 01:44:59.146, 7, 181.46 W, 30, 120 MHz, 3996 MHz, 0 %, 0 %
2026/09/22 01:45:00.146, 0, 233.60 W, 36, 2032 MHz, 3996 MHz, 0 %, 0 %
2026/09/22 01:45:00.146, 1, 235.88 W, 37, 2032 MHz, 3996 MHz, 2 %, 0 %
2026/09/22 01:45:00.146, 2, 228.07 W, 31, 2032 MHz, 3996 MHz, 4 %, 0 %
2026/09/22 01:45:00.146, 3, 230.19 W, 31, 2032 MHz, 3996 MHz, 1 %, 0 %
2026/09/22 01:45:00.146, 4, 180.58 W, 35, 120 MHz, 3996 MHz, 0 %, 0 %
2026/09/22 01:45:00.146, 5, 178.64 W, 33, 120 MHz, 3996 MHz, 0 %, 0 %
2026/09/22 01:45:00.146, 6, 178.59 W, 30, 120 MHz, 3996 MHz, 0 %, 0 %
2026/09/22 01:45:00.146, 7, 181.42 W, 30, 120 MHz, 3996 MHz, 0 %, 0 %
2026/09/22 01:45:01.146, 0, 233.60 W, 36, 2032 MHz, 3996 MHz, 6 %, 0 %
2026/09/22 01:45:01.146, 1, 236.60 W, 37, 2032 MHz, 3996 MHz, 0 %, 0 %
2026/09/22 01:45:01.146, 2, 228.07 W, 31, 2032 MHz, 3996 MHz, 1 %, 0 %
2026/09/22 01:45:01.146, 3, 230.23 W, 31, 2032 MHz, 3996 MHz, 5 %, 0 %
2026/09/22 01:45:01.146, 4, 180.62 W, 35, 120 MHz, 3996 MHz, 0 %, 0 %
2026/09/22 01:45:01.146, 5, 178.64 W, 33, 120 MHz, 3996 MHz, 0 %, 0 %
2026/09/22 01:45:01.146, 6, 178.53 W, 30, 120 MHz, 3996 MHz, 0 %, 0 %
2026/09/22 01:45:01.146, 7, 181.46 W, 30, 120 MHz, 3996 MHz, 0 %, 0 %
2026/09/22 01:45:02.147, 0, 233.55 W, 36, 2032 MHz, 3996 MHz, 1 %, 0 %
2026/09/22 01:45:02.147, 1, 236.00 W, 37, 2032 MHz, 3996 MHz, 0 %, 0 %
2026/09/22 01:45:02.147, 2, 228.14 W, 31, 2032 MHz, 3996 MHz, 0 %, 0 %
2026/09/22 01:45:02.147, 3, 230.27 W, 31, 2032 MHz, 3996 MHz, 0 %, 0 %
2026/09/22 01:45:02.147, 4, 180.58 W, 35, 120 MHz, 3996 MHz, 0 %, 0 %
2026/09/22 01:45:02.147, 5, 178.64 W, 33, 120 MHz, 3996 MHz, 0 %, 0 %
2026/09/22 01:45:02.147, 6, 178.51 W, 30, 120 MHz, 3996 MHz, 0 %, 0 %
2026/09/22 01:45:02.147, 7, 181.34 W, 30, 120 MHz, 3996 MHz, 0 %, 0 %
2026/09/22 01:45:03.147, 0, 233.60 W, 36, 2032 MHz, 3996 MHz, 10 %, 0 %
2026/09/22 01:45:03.147, 1, 235.72 W, 37, 2032 MHz, 3996 MHz, 2 %, 0 %
2026/09/22 01:45:03.147, 2, 228.48 W, 31, 2032 MHz, 3996 MHz, 11 %, 0 %
2026/09/22 01:45:03.147, 3, 230.76 W, 31, 2032 MHz, 3996 MHz, 10 %, 0 %
2026/09/22 01:45:03.147, 4, 180.58 W, 35, 120 MHz, 3996 MHz, 0 %, 0 %
2026/09/22 01:45:03.147, 5, 178.64 W, 33, 120 MHz, 3996 MHz, 0 %, 0 %
2026/09/22 01:45:03.147, 6, 178.37 W, 30, 120 MHz, 3996 MHz, 0 %, 0 %
2026/09/22 01:45:03.147, 7, 181.38 W, 30, 120 MHz, 3996 MHz, 0 %, 0 %
2026/09/22 01:45:04.147, 0, 233.61 W, 36, 2032 MHz, 3996 MHz, 8 %, 0 %
2026/09/22 01:45:04.147, 1, 237.05 W, 37, 2032 MHz, 3996 MHz, 9 %, 0 %
2026/09/22 01:45:04.147, 2, 228.33 W, 31, 2032 MHz, 3996 MHz, 10 %, 0 %
2026/09/22 01:45:04.147, 3, 230.31 W, 31, 2032 MHz, 3996 MHz, 3 %, 0 %
2026/09/22 01:45:04.147, 4, 180.58 W, 35, 120 MHz, 3996 MHz, 0 %, 0 %
2026/09/22 01:45:04.147, 5, 178.64 W, 33, 120 MHz, 3996 MHz, 0 %, 0 %
2026/09/22 01:45:04.147, 6, 178.22 W, 30, 120 MHz, 3996 MHz, 0 %, 0 %
2026/09/22 01:45:04.147, 7, 181.31 W, 30, 120 MHz, 3996 MHz, 0 %, 0 %
2026/09/22 01:45:05.147, 0, 233.55 W, 36, 2032 MHz, 3996 MHz, 2 %, 0 %
2026/09/22 01:45:05.147, 1, 236.83 W, 37, 2032 MHz, 3996 MHz, 0 %, 0 %
2026/09/22 01:45:05.147, 2, 228.37 W, 31, 2032 MHz, 3996 MHz, 10 %, 0 %
2026/09/22 01:45:05.147, 3, 230.88 W, 31, 2032 MHz, 3996 MHz, 1 %, 0 %
2026/09/22 01:45:05.147, 4, 180.58 W, 35, 120 MHz, 3996 MHz, 0 %, 0 %
2026/09/22 01:45:05.148, 5, 178.64 W, 33, 120 MHz, 3996 MHz, 0 %, 0 %
2026/09/22 01:45:05.148, 6, 178.51 W, 30, 120 MHz, 3996 MHz, 0 %, 0 %
2026/09/22 01:45:05.148, 7, 181.38 W, 30, 120 MHz, 3996 MHz, 0 %, 0 %
2026/09/22 01:45:06.148, 0, 233.61 W, 36, 2032 MHz, 3996 MHz, 3 %, 0 %
2026/09/22 01:45:06.148, 1, 237.09 W, 37, 2032 MHz, 3996 MHz, 7 %, 0 %
2026/09/22 01:45:06.148, 2, 228.22 W, 31, 2032 MHz, 3996 MHz, 11 %, 0 %
2026/09/22 01:45:06.148, 3, 231.45 W, 31, 2032 MHz, 3996 MHz, 6 %, 0 %
2026/09/22 01:45:06.148, 4, 180.58 W, 35, 120 MHz, 3996 MHz, 0 %, 0 %
2026/09/22 01:45:06.148, 5, 178.64 W, 33, 120 MHz, 3996 MHz, 0 %, 0 %
2026/09/22 01:45:06.148, 6, 178.51 W, 30, 120 MHz, 3996 MHz, 0 %, 0 %
2026/09/22 01:45:06.148, 7, 181.30 W, 30, 120 MHz, 3996 MHz, 0 %, 0 %
2026/09/22 01:45:07.148, 0, 233.57 W, 36, 2032 MHz, 3996 MHz, 3 %, 0 %
2026/09/22 01:45:07.148, 1, 236.86 W, 37, 2032 MHz, 3996 MHz, 3 %, 0 %
2026/09/22 01:45:07.148, 2, 228.25 W, 31, 2032 MHz, 3996 MHz, 2 %, 0 %
2026/09/22 01:45:07.148, 3, 231.42 W, 31, 2032 MHz, 3996 MHz, 5 %, 0 %
2026/09/22 01:45:07.148, 4, 180.58 W, 35, 120 MHz, 3996 MHz, 0 %, 0 %
2026/09/22 01:45:07.148, 5, 178.64 W, 33, 120 MHz, 3996 MHz, 0 %, 0 %
2026/09/22 01:45:07.148, 6, 178.49 W, 30, 120 MHz, 3996 MHz, 0 %, 0 %
2026/09/22 01:45:07.148, 7, 181.19 W, 30, 120 MHz, 3996 MHz, 0 %, 0 %
2026/09/22 01:45:08.148, 0, 233.57 W, 36, 2032 MHz, 3996 MHz, 2 %, 0 %
2026/09/22 01:45:08.148, 1, 236.53 W, 37, 2032 MHz, 3996 MHz, 7 %, 0 %
2026/09/22 01:45:08.148, 2, 228.15 W, 31, 2032 MHz, 3996 MHz, 1 %, 0 %
2026/09/22 01:45:08.148, 3, 230.27 W, 31, 2032 MHz, 3996 MHz, 2 %, 0 %
2026/09/22 01:45:08.148, 4, 180.58 W, 35, 120 MHz, 3996 MHz, 0 %, 0 %
2026/09/22 01:45:08.148, 5, 178.64 W, 33, 120 MHz, 3996 MHz, 0 %, 0 %
2026/09/22 01:45:08.148, 6, 178.32 W, 30, 120 MHz, 3996 MHz, 0 %, 0 %
2026/09/22 01:45:08.148, 7, 181.42 W, 30, 120 MHz, 3996 MHz, 0 %, 0 %
2026/09/22 01:45:09.148, 0, 233.59 W, 36, 2032 MHz, 3996 MHz, 2 %, 0 %
2026/09/22 01:45:09.148, 1, 236.22 W, 37, 2032 MHz, 3996 MHz, 0 %, 0 %
2026/09/22 01:45:09.149, 2, 228.11 W, 31, 2032 MHz, 3996 MHz, 4 %, 0 %
2026/09/22 01:45:09.149, 3, 230.19 W, 31, 2032 MHz, 3996 MHz, 0 %, 0 %
2026/09/22 01:45:09.149, 4, 180.58 W, 35, 120 MHz, 3996 MHz, 0 %, 0 %
2026/09/22 01:45:09.149, 5, 178.64 W, 33, 120 MHz, 3996 MHz, 0 %, 0 %
2026/09/22 01:45:09.149, 6, 178.41 W, 30, 120 MHz, 3996 MHz, 0 %, 0 %
2026/09/22 01:45:09.149, 7, 181.38 W, 30, 120 MHz, 3996 MHz, 0 %, 0 %
2026/09/22 01:45:10.149, 0, 233.67 W, 36, 2032 MHz, 3996 MHz, 11 %, 0 %
2026/09/22 01:45:10.149, 1, 236.20 W, 37, 2032 MHz, 3996 MHz, 7 %, 0 %
2026/09/22 01:45:10.149, 2, 228.26 W, 31, 2032 MHz, 3996 MHz, 11 %, 0 %
2026/09/22 01:45:10.149, 3, 230.34 W, 31, 2032 MHz, 3996 MHz, 4 %, 0 %
2026/09/22 01:45:10.149, 4, 180.58 W, 35, 120 MHz, 3996 MHz, 0 %, 0 %
2026/09/22 01:45:10.149, 5, 178.64 W, 33, 120 MHz, 3996 MHz, 0 %, 0 %
2026/09/22 01:45:10.149, 6, 178.51 W, 30, 120 MHz, 3996 MHz, 0 %, 0 %
2026/09/22 01:45:10.149, 7, 181.38 W, 30, 120 MHz, 3996 MHz, 0 %, 0 %
2026/09/22 01:45:11.149, 0, 233.68 W, 36, 2032 MHz, 3996 MHz, 11 %, 0 %
2026/09/22 01:45:11.149, 1, 236.93 W, 37, 2032 MHz, 3996 MHz, 1 %, 0 %
2026/09/22 01:45:11.149, 2, 228.30 W, 31, 2032 MHz, 3996 MHz, 8 %, 0 %
2026/09/22 01:45:11.149, 3, 230.74 W, 31, 2032 MHz, 3996 MHz, 5 %, 0 %
2026/09/22 01:45:11.149, 4, 180.58 W, 35, 120 MHz, 3996 MHz, 0 %, 0 %
2026/09/22 01:45:11.149, 5, 178.64 W, 33, 120 MHz, 3996 MHz, 0 %, 0 %
2026/09/22 01:45:11.149, 6, 178.44 W, 30, 120 MHz, 3996 MHz, 0 %, 0 %
2026/09/22 01:45:11.149, 7, 181.42 W, 30, 120 MHz, 3996 MHz, 0 %, 0 %
2026/09/22 01:45:12.149, 0, 233.56 W, 36, 2032 MHz, 3996 MHz, 8 %, 0 %
2026/09/22 01:45:12.149, 1, 237.18 W, 37, 2032 MHz, 3996 MHz, 10 %, 0 %
2026/09/22 01:45:12.149, 2, 228.61 W, 31, 2032 MHz, 3996 MHz, 11 %, 0 %
2026/09/22 01:45:12.149, 3, 230.81 W, 31, 2032 MHz, 3996 MHz, 7 %, 0 %
2026/09/22 01:45:12.149, 4, 180.58 W, 35, 120 MHz, 3996 MHz, 0 %, 0 %
2026/09/22 01:45:12.149, 5, 178.64 W, 33, 120 MHz, 3996 MHz, 0 %, 0 %
2026/09/22 01:45:12.149, 6, 178.40 W, 30, 120 MHz, 3996 MHz, 0 %, 0 %
2026/09/22 01:45:12.149, 7, 181.42 W, 30, 120 MHz, 3996 MHz, 0 %, 0 %
2026/09/22 01:45:13.150, 0, 233.60 W, 36, 2032 MHz, 3996 MHz, 0 %, 0 %
2026/09/22 01:45:13.150, 1, 236.95 W, 37, 2032 MHz, 3996 MHz, 3 %, 0 %
2026/09/22 01:45:13.150, 2, 228.48 W, 31, 2032 MHz, 3996 MHz, 0 %, 0 %
2026/09/22 01:45:13.150, 3, 231.31 W, 31, 2032 MHz, 3996 MHz, 3 %, 0 %
2026/09/22 01:45:13.150, 4, 180.58 W, 35, 120 MHz, 3996 MHz, 0 %, 0 %
2026/09/22 01:45:13.150, 5, 178.64 W, 33, 120 MHz, 3996 MHz, 0 %, 0 %
2026/09/22 01:45:13.150, 6, 178.61 W, 30, 120 MHz, 3996 MHz, 0 %, 0 %
2026/09/22 01:45:13.150, 7, 181.26 W, 30, 120 MHz, 3996 MHz, 0 %, 0 %
2026/09/22 01:45:14.150, 0, 233.54 W, 36, 2032 MHz, 3996 MHz, 2 %, 0 %
2026/09/22 01:45:14.150, 1, 237.09 W, 37, 2032 MHz, 3996 MHz, 1 %, 0 %
2026/09/22 01:45:14.150, 2, 228.26 W, 31, 2032 MHz, 3996 MHz, 3 %, 0 %
2026/09/22 01:45:14.150, 3, 231.13 W, 31, 2032 MHz, 3996 MHz, 3 %, 0 %
2026/09/22 01:45:14.150, 4, 180.58 W, 35, 120 MHz, 3996 MHz, 0 %, 0 %
2026/09/22 01:45:14.150, 5, 178.64 W, 33, 120 MHz, 3996 MHz, 0 %, 0 %
2026/09/22 01:45:14.150, 6, 178.70 W, 30, 120 MHz, 3996 MHz, 0 %, 0 %
2026/09/22 01:45:14.150, 7, 181.18 W, 30, 120 MHz, 3996 MHz, 0 %, 0 %
2026/09/22 01:45:15.150, 0, 233.60 W, 36, 2032 MHz, 3996 MHz, 1 %, 0 %
2026/09/22 01:45:15.150, 1, 236.90 W, 37, 2032 MHz, 3996 MHz, 0 %, 0 %
2026/09/22 01:45:15.150, 2, 228.26 W, 31, 2032 MHz, 3996 MHz, 2 %, 0 %
2026/09/22 01:45:15.150, 3, 230.79 W, 31, 2032 MHz, 3996 MHz, 10 %, 0 %
2026/09/22 01:45:15.150, 4, 180.62 W, 35, 120 MHz, 3996 MHz, 0 %, 0 %
2026/09/22 01:45:15.150, 5, 178.64 W, 33, 120 MHz, 3996 MHz, 0 %, 0 %
2026/09/22 01:45:15.150, 6, 178.59 W, 30, 120 MHz, 3996 MHz, 0 %, 0 %
2026/09/22 01:45:15.150, 7, 181.34 W, 30, 120 MHz, 3996 MHz, 0 %, 0 %
2026/09/22 01:45:16.150, 0, 233.58 W, 36, 2032 MHz, 3996 MHz, 11 %, 0 %
2026/09/22 01:45:16.150, 1, 235.84 W, 37, 2032 MHz, 3996 MHz, 0 %, 0 %
2026/09/22 01:45:16.150, 2, 228.07 W, 31, 2032 MHz, 3996 MHz, 0 %, 0 %
2026/09/22 01:45:16.150, 3, 230.19 W, 31, 2032 MHz, 3996 MHz, 0 %, 0 %
2026/09/22 01:45:16.150, 4, 180.58 W, 35, 120 MHz, 3996 MHz, 0 %, 0 %
2026/09/22 01:45:16.150, 5, 178.64 W, 33, 120 MHz, 3996 MHz, 0 %, 0 %
2026/09/22 01:45:16.150, 6, 178.44 W, 30, 120 MHz, 3996 MHz, 0 %, 0 %
2026/09/22 01:45:16.150, 7, 181.15 W, 30, 120 MHz, 3996 MHz, 0 %, 0 %
2026/09/22 01:45:17.151, 0, 233.55 W, 36, 2032 MHz, 3996 MHz, 0 %, 0 %
2026/09/22 01:45:17.151, 1, 236.64 W, 37, 2032 MHz, 3996 MHz, 7 %, 0 %
2026/09/22 01:45:17.151, 2, 228.19 W, 31, 2032 MHz, 3996 MHz, 1 %, 0 %
2026/09/22 01:45:17.151, 3, 230.16 W, 31, 2032 MHz, 3996 MHz, 0 %, 0 %
2026/09/22 01:45:17.151, 4, 180.58 W, 35, 120 MHz, 3996 MHz, 0 %, 0 %
2026/09/22 01:45:17.151, 5, 178.64 W, 33, 120 MHz, 3996 MHz, 0 %, 0 %
2026/09/22 01:45:17.151, 6, 178.21 W, 30, 120 MHz, 3996 MHz, 0 %, 0 %
2026/09/22 01:45:17.151, 7, 181.34 W, 30, 120 MHz, 3996 MHz, 0 %, 0 %
2026/09/22 01:45:18.151, 0, 233.53 W, 36, 2032 MHz, 3996 MHz, 1 %, 0 %
2026/09/22 01:45:18.151, 1, 236.95 W, 37, 2032 MHz, 3996 MHz, 3 %, 0 %
2026/09/22 01:45:18.151, 2, 228.41 W, 31, 2032 MHz, 3996 MHz, 6 %, 0 %
2026/09/22 01:45:18.151, 3, 230.57 W, 31, 2032 MHz, 3996 MHz, 4 %, 0 %
2026/09/22 01:45:18.151, 4, 180.58 W, 35, 120 MHz, 3996 MHz, 0 %, 0 %
2026/09/22 01:45:18.151, 5, 178.64 W, 33, 120 MHz, 3996 MHz, 0 %, 0 %
2026/09/22 01:45:18.151, 6, 178.29 W, 30, 120 MHz, 3996 MHz, 0 %, 0 %
2026/09/22 01:45:18.151, 7, 181.19 W, 30, 120 MHz, 3996 MHz, 0 %, 0 %
2026/09/22 01:45:19.151, 0, 233.61 W, 36, 2032 MHz, 3996 MHz, 2 %, 0 %
2026/09/22 01:45:19.151, 1, 236.74 W, 37, 2032 MHz, 3996 MHz, 9 %, 0 %
2026/09/22 01:45:19.151, 2, 228.44 W, 31, 2032 MHz, 3996 MHz, 11 %, 0 %
2026/09/22 01:45:19.151, 3, 230.54 W, 31, 2032 MHz, 3996 MHz, 10 %, 0 %
2026/09/22 01:45:19.151, 4, 180.58 W, 35, 120 MHz, 3996 MHz, 0 %, 0 %
2026/09/22 01:45:19.151, 5, 178.64 W, 33, 120 MHz, 3996 MHz, 0 %, 0 %
2026/09/22 01:45:19.151, 6, 178.40 W, 30, 120 MHz, 3996 MHz, 0 %, 0 %
2026/09/22 01:45:19.151, 7, 181.19 W, 30, 120 MHz, 3996 MHz, 0 %, 0 %
2026/09/22 01:45:20.151, 0, 233.55 W, 36, 2032 MHz, 3996 MHz, 10 %, 0 %
2026/09/22 01:45:20.151, 1, 236.98 W, 38, 2032 MHz, 3996 MHz, 2 %, 0 %
2026/09/22 01:45:20.151, 2, 228.41 W, 31, 2032 MHz, 3996 MHz, 10 %, 0 %
2026/09/22 01:45:20.151, 3, 231.35 W, 31, 2032 MHz, 3996 MHz, 11 %, 0 %
2026/09/22 01:45:20.151, 4, 180.58 W, 35, 120 MHz, 3996 MHz, 0 %, 0 %
2026/09/22 01:45:20.151, 5, 178.64 W, 33, 120 MHz, 3996 MHz, 0 %, 0 %
2026/09/22 01:45:20.151, 6, 178.49 W, 30, 120 MHz, 3996 MHz, 0 %, 0 %
2026/09/22 01:45:20.151, 7, 181.26 W, 30, 120 MHz, 3996 MHz, 0 %, 0 %
2026/09/22 01:45:21.152, 0, 233.61 W, 36, 2032 MHz, 3996 MHz, 10 %, 0 %
2026/09/22 01:45:21.152, 1, 237.06 W, 37, 2032 MHz, 3996 MHz, 11 %, 0 %
2026/09/22 01:45:21.152, 2, 228.42 W, 31, 2032 MHz, 3996 MHz, 10 %, 0 %
2026/09/22 01:45:21.152, 3, 231.32 W, 31, 2032 MHz, 3996 MHz, 8 %, 0 %
2026/09/22 01:45:21.152, 4, 180.58 W, 35, 120 MHz, 3996 MHz, 0 %, 0 %
2026/09/22 01:45:21.152, 5, 178.64 W, 33, 120 MHz, 3996 MHz, 0 %, 0 %
2026/09/22 01:45:21.152, 6, 178.36 W, 30, 120 MHz, 3996 MHz, 0 %, 0 %
2026/09/22 01:45:21.152, 7, 181.30 W, 30, 120 MHz, 3996 MHz, 0 %, 0 %
2026/09/22 01:45:22.152, 0, 233.63 W, 36, 2032 MHz, 3996 MHz, 10 %, 0 %
2026/09/22 01:45:22.152, 1, 237.06 W, 38, 2032 MHz, 3996 MHz, 1 %, 0 %
2026/09/22 01:45:22.152, 2, 228.18 W, 31, 2032 MHz, 3996 MHz, 2 %, 0 %
2026/09/22 01:45:22.152, 3, 231.04 W, 31, 2032 MHz, 3996 MHz, 8 %, 0 %
2026/09/22 01:45:22.152, 4, 180.58 W, 35, 120 MHz, 3996 MHz, 0 %, 0 %
2026/09/22 01:45:22.152, 5, 178.64 W, 33, 120 MHz, 3996 MHz, 0 %, 0 %
2026/09/22 01:45:22.152, 6, 178.37 W, 30, 120 MHz, 3996 MHz, 0 %, 0 %
2026/09/22 01:45:22.152, 7, 181.27 W, 30, 120 MHz, 3996 MHz, 0 %, 0 %
2026/09/22 01:45:23.152, 0, 233.57 W, 37, 2032 MHz, 3996 MHz, 10 %, 0 %
2026/09/22 01:45:23.152, 1, 236.56 W, 38, 2032 MHz, 3996 MHz, 0 %, 0 %
2026/09/22 01:45:23.152, 2, 228.14 W, 31, 2032 MHz, 3996 MHz, 0 %, 0 %
2026/09/22 01:45:23.152, 3, 230.46 W, 31, 2032 MHz, 3996 MHz, 2 %, 0 %
2026/09/22 01:45:23.152, 4, 180.58 W, 35, 120 MHz, 3996 MHz, 0 %, 0 %
2026/09/22 01:45:23.152, 5, 178.64 W, 33, 120 MHz, 3996 MHz, 0 %, 0 %
2026/09/22 01:45:23.152, 6, 178.41 W, 30, 120 MHz, 3996 MHz, 0 %, 0 %
2026/09/22 01:45:23.152, 7, 181.22 W, 30, 120 MHz, 3996 MHz, 0 %, 0 %
2026/09/22 01:45:24.152, 0, 233.61 W, 37, 2032 MHz, 3996 MHz, 1 %, 0 %
2026/09/22 01:45:24.152, 1, 235.77 W, 37, 2032 MHz, 3996 MHz, 0 %, 0 %
2026/09/22 01:45:24.152, 2, 228.07 W, 31, 2032 MHz, 3996 MHz, 3 %, 0 %
2026/09/22 01:45:24.152, 3, 230.16 W, 31, 2032 MHz, 3996 MHz, 0 %, 0 %
2026/09/22 01:45:24.152, 4, 180.62 W, 35, 120 MHz, 3996 MHz, 0 %, 0 %
2026/09/22 01:45:24.152, 5, 178.64 W, 33, 120 MHz, 3996 MHz, 0 %, 0 %
2026/09/22 01:45:24.152, 6, 178.41 W, 30, 120 MHz, 3996 MHz, 0 %, 0 %
2026/09/22 01:45:24.152, 7, 181.23 W, 30, 120 MHz, 3996 MHz, 0 %, 0 %
2026/09/22 01:45:25.153, 0, 233.63 W, 36, 2032 MHz, 3996 MHz, 3 %, 0 %
2026/09/22 01:45:25.153, 1, 237.02 W, 38, 2032 MHz, 3996 MHz, 2 %, 0 %
2026/09/22 01:45:25.153, 2, 228.15 W, 31, 2032 MHz, 3996 MHz, 0 %, 0 %
2026/09/22 01:45:25.153, 3, 230.42 W, 31, 2032 MHz, 3996 MHz, 1 %, 0 %
2026/09/22 01:45:25.153, 4, 180.62 W, 35, 120 MHz, 3996 MHz, 0 %, 0 %
2026/09/22 01:45:25.153, 5, 178.64 W, 33, 120 MHz, 3996 MHz, 0 %, 0 %
2026/09/22 01:45:25.153, 6, 178.47 W, 30, 120 MHz, 3996 MHz, 0 %, 0 %
2026/09/22 01:45:25.153, 7, 181.26 W, 30, 120 MHz, 3996 MHz, 0 %, 0 %
2026/09/22 01:45:26.153, 0, 233.57 W, 36, 2032 MHz, 3996 MHz, 8 %, 0 %
2026/09/22 01:45:26.153, 1, 236.79 W, 38, 2032 MHz, 3996 MHz, 4 %, 0 %
2026/09/22 01:45:26.153, 2, 228.41 W, 31, 2032 MHz, 3996 MHz, 3 %, 0 %
2026/09/22 01:45:26.153, 3, 230.42 W, 31, 2032 MHz, 3996 MHz, 3 %, 0 %
2026/09/22 01:45:26.153, 4, 180.58 W, 35, 120 MHz, 3996 MHz, 0 %, 0 %
2026/09/22 01:45:26.153, 5, 178.64 W, 33, 120 MHz, 3996 MHz, 0 %, 0 %
2026/09/22 01:45:26.153, 6, 178.45 W, 30, 120 MHz, 3996 MHz, 0 %, 0 %
2026/09/22 01:45:26.153, 7, 181.38 W, 30, 120 MHz, 3996 MHz, 0 %, 0 %
2026/09/22 01:45:27.153, 0, 233.59 W, 37, 2032 MHz, 3996 MHz, 11 %, 0 %
2026/09/22 01:45:27.153, 1, 237.02 W, 38, 2032 MHz, 3996 MHz, 7 %, 0 %
2026/09/22 01:45:27.153, 2, 228.11 W, 31, 2032 MHz, 3996 MHz, 1 %, 0 %
2026/09/22 01:45:27.153, 3, 230.58 W, 31, 2032 MHz, 3996 MHz, 5 %, 0 %
2026/09/22 01:45:27.153, 4, 180.58 W, 35, 120 MHz, 3996 MHz, 0 %, 0 %
2026/09/22 01:45:27.153, 5, 178.64 W, 33, 120 MHz, 3996 MHz, 0 %, 0 %
2026/09/22 01:45:27.153, 6, 178.37 W, 30, 120 MHz, 3996 MHz, 0 %, 0 %
2026/09/22 01:45:27.153, 7, 181.34 W, 30, 120 MHz, 3996 MHz, 0 %, 0 %
2026/09/22 01:45:28.153, 0, 233.58 W, 37, 2032 MHz, 3996 MHz, 11 %, 0 %
2026/09/22 01:45:28.153, 1, 236.27 W, 38, 2032 MHz, 3996 MHz, 2 %, 0 %
2026/09/22 01:45:28.153, 2, 228.52 W, 31, 2032 MHz, 3996 MHz, 9 %, 0 %
2026/09/22 01:45:28.153, 3, 230.65 W, 31, 2032 MHz, 3996 MHz, 11 %, 0 %
2026/09/22 01:45:28.153, 4, 180.58 W, 35, 120 MHz, 3996 MHz, 0 %, 0 %
2026/09/22 01:45:28.153, 5, 178.64 W, 33, 120 MHz, 3996 MHz, 0 %, 0 %
2026/09/22 01:45:28.153, 6, 178.43 W, 30, 120 MHz, 3996 MHz, 0 %, 0 %
2026/09/22 01:45:28.153, 7, 181.38 W, 30, 120 MHz, 3996 MHz, 0 %, 0 %
2026/09/22 01:45:29.154, 0, 233.52 W, 37, 2032 MHz, 3996 MHz, 5 %, 0 %
2026/09/22 01:45:29.154, 1, 237.14 W, 38, 2032 MHz, 3996 MHz, 8 %, 0 %
2026/09/22 01:45:29.154, 2, 228.52 W, 31, 2032 MHz, 3996 MHz, 10 %, 0 %
2026/09/22 01:45:29.154, 3, 231.20 W, 31, 2032 MHz, 3996 MHz, 8 %, 0 %
2026/09/22 01:45:29.154, 4, 180.58 W, 35, 120 MHz, 3996 MHz, 0 %, 0 %
2026/09/22 01:45:29.154, 5, 178.64 W, 33, 120 MHz, 3996 MHz, 0 %, 0 %
2026/09/22 01:45:29.154, 6, 178.45 W, 30, 120 MHz, 3996 MHz, 0 %, 0 %
2026/09/22 01:45:29.154, 7, 181.34 W, 30, 120 MHz, 3996 MHz, 0 %, 0 %
2026/09/22 01:45:30.154, 0, 233.56 W, 37, 2032 MHz, 3996 MHz, 6 %, 0 %
2026/09/22 01:45:30.154, 1, 237.21 W, 38, 2032 MHz, 3996 MHz, 12 %, 0 %
2026/09/22 01:45:30.154, 2, 228.73 W, 31, 2032 MHz, 3996 MHz, 7 %, 0 %
2026/09/22 01:45:30.154, 3, 231.26 W, 31, 2032 MHz, 3996 MHz, 4 %, 0 %
2026/09/22 01:45:30.154, 4, 180.62 W, 35, 120 MHz, 3996 MHz, 0 %, 0 %
2026/09/22 01:45:30.154, 5, 178.64 W, 33, 120 MHz, 3996 MHz, 0 %, 0 %
2026/09/22 01:45:30.154, 6, 178.41 W, 30, 120 MHz, 3996 MHz, 0 %, 0 %
2026/09/22 01:45:30.154, 7, 181.27 W, 30, 120 MHz, 3996 MHz, 0 %, 0 %
2026/09/22 01:45:31.154, 0, 233.62 W, 37, 2032 MHz, 3996 MHz, 5 %, 0 %
2026/09/22 01:45:31.154, 1, 237.21 W, 38, 2032 MHz, 3996 MHz, 10 %, 0 %
2026/09/22 01:45:31.154, 2, 228.84 W, 31, 2032 MHz, 3996 MHz, 11 %, 0 %
2026/09/22 01:45:31.154, 3, 231.04 W, 31, 2032 MHz, 3996 MHz, 5 %, 0 %
2026/09/22 01:45:31.154, 4, 180.62 W, 35, 120 MHz, 3996 MHz, 0 %, 0 %
2026/09/22 01:45:31.154, 5, 178.64 W, 33, 120 MHz, 3996 MHz, 0 %, 0 %
2026/09/22 01:45:31.154, 6, 178.45 W, 30, 120 MHz, 3996 MHz, 0 %, 0 %
2026/09/22 01:45:31.154, 7, 181.19 W, 30, 120 MHz, 3996 MHz, 0 %, 0 %
2026/09/22 01:45:32.154, 0, 233.57 W, 37, 2032 MHz, 3996 MHz, 8 %, 0 %
2026/09/22 01:45:32.154, 1, 237.25 W, 38, 2032 MHz, 3996 MHz, 6 %, 0 %
2026/09/22 01:45:32.154, 2, 228.49 W, 31, 2032 MHz, 3996 MHz, 9 %, 0 %
2026/09/22 01:45:32.154, 3, 231.24 W, 31, 2032 MHz, 3996 MHz, 8 %, 0 %
2026/09/22 01:45:32.154, 4, 180.58 W, 35, 120 MHz, 3996 MHz, 0 %, 0 %
2026/09/22 01:45:32.154, 5, 178.64 W, 33, 120 MHz, 3996 MHz, 0 %, 0 %
2026/09/22 01:45:32.154, 6, 178.47 W, 30, 120 MHz, 3996 MHz, 0 %, 0 %
2026/09/22 01:45:32.155, 7, 181.42 W, 30, 120 MHz, 3996 MHz, 0 %, 0 %
2026/09/22 01:45:33.155, 0, 233.53 W, 37, 2032 MHz, 3996 MHz, 12 %, 0 %
2026/09/22 01:45:33.155, 1, 237.29 W, 38, 2032 MHz, 3996 MHz, 3 %, 0 %
2026/09/22 01:45:33.155, 2, 228.80 W, 31, 2032 MHz, 3996 MHz, 6 %, 0 %
2026/09/22 01:45:33.155, 3, 231.41 W, 31, 2032 MHz, 3996 MHz, 7 %, 0 %
2026/09/22 01:45:33.155, 4, 180.58 W, 35, 120 MHz, 3996 MHz, 0 %, 0 %
2026/09/22 01:45:33.155, 5, 178.64 W, 33, 120 MHz, 3996 MHz, 0 %, 0 %
2026/09/22 01:45:33.155, 6, 178.36 W, 30, 120 MHz, 3996 MHz, 0 %, 0 %
2026/09/22 01:45:33.155, 7, 181.34 W, 30, 120 MHz, 3996 MHz, 0 %, 0 %
2026/09/22 01:45:34.155, 0, 235.14 W, 37, 2032 MHz, 3996 MHz, 0 %, 0 %
2026/09/22 01:45:34.155, 1, 237.13 W, 38, 2032 MHz, 3996 MHz, 2 %, 0 %
2026/09/22 01:45:34.155, 2, 228.45 W, 31, 2032 MHz, 3996 MHz, 4 %, 0 %
2026/09/22 01:45:34.155, 3, 231.22 W, 31, 2032 MHz, 3996 MHz, 7 %, 0 %
2026/09/22 01:45:34.155, 4, 180.58 W, 35, 120 MHz, 3996 MHz, 0 %, 0 %
2026/09/22 01:45:34.155, 5, 178.64 W, 33, 120 MHz, 3996 MHz, 0 %, 0 %
2026/09/22 01:45:34.155, 6, 178.36 W, 30, 120 MHz, 3996 MHz, 0 %, 0 %
2026/09/22 01:45:34.155, 7, 181.34 W, 30, 120 MHz, 3996 MHz, 0 %, 0 %
2026/09/22 01:45:35.155, 0, 233.55 W, 37, 2032 MHz, 3996 MHz, 0 %, 0 %
2026/09/22 01:45:35.155, 1, 237.33 W, 38, 2032 MHz, 3996 MHz, 2 %, 0 %
2026/09/22 01:45:35.155, 2, 228.64 W, 31, 2032 MHz, 3996 MHz, 11 %, 0 %
2026/09/22 01:45:35.155, 3, 231.28 W, 31, 2032 MHz, 3996 MHz, 9 %, 0 %
2026/09/22 01:45:35.155, 4, 180.62 W, 35, 120 MHz, 3996 MHz, 0 %, 0 %
2026/09/22 01:45:35.155, 5, 178.64 W, 33, 120 MHz, 3996 MHz, 0 %, 0 %
2026/09/22 01:45:35.155, 6, 178.57 W, 30, 120 MHz, 3996 MHz, 0 %, 0 %
2026/09/22 01:45:35.155, 7, 181.35 W, 30, 120 MHz, 3996 MHz, 0 %, 0 %
2026/09/22 01:45:36.155, 0, 233.60 W, 37, 2032 MHz, 3996 MHz, 0 %, 0 %
2026/09/22 01:45:36.155, 1, 237.36 W, 38, 2032 MHz, 3996 MHz, 3 %, 0 %
2026/09/22 01:45:36.155, 2, 228.65 W, 31, 2032 MHz, 3996 MHz, 12 %, 0 %
2026/09/22 01:45:36.156, 3, 231.29 W, 31, 2032 MHz, 3996 MHz, 4 %, 0 %
2026/09/22 01:45:36.156, 4, 180.58 W, 35, 120 MHz, 3996 MHz, 0 %, 0 %
2026/09/22 01:45:36.156, 5, 178.64 W, 33, 120 MHz, 3996 MHz, 0 %, 0 %
2026/09/22 01:45:36.156, 6, 178.61 W, 30, 120 MHz, 3996 MHz, 0 %, 0 %
2026/09/22 01:45:36.156, 7, 181.38 W, 30, 120 MHz, 3996 MHz, 0 %, 0 %
2026/09/22 01:45:37.156, 0, 324.44 W, 38, 2032 MHz, 3996 MHz, 0 %, 0 %
2026/09/22 01:45:37.156, 1, 237.42 W, 38, 2032 MHz, 3996 MHz, 5 %, 0 %
2026/09/22 01:45:37.156, 2, 228.79 W, 31, 2032 MHz, 3996 MHz, 12 %, 0 %
2026/09/22 01:45:37.156, 3, 231.24 W, 31, 2032 MHz, 3996 MHz, 8 %, 0 %
2026/09/22 01:45:37.156, 4, 180.58 W, 35, 120 MHz, 3996 MHz, 0 %, 0 %
2026/09/22 01:45:37.156, 5, 178.64 W, 33, 120 MHz, 3996 MHz, 0 %, 0 %
2026/09/22 01:45:37.156, 6, 178.14 W, 30, 120 MHz, 3996 MHz, 0 %, 0 %
2026/09/22 01:45:37.156, 7, 181.38 W, 30, 120 MHz, 3996 MHz, 0 %, 0 %
2026/09/22 01:45:38.156, 0, 233.57 W, 37, 2032 MHz, 3996 MHz, 0 %, 0 %
2026/09/22 01:45:38.156, 1, 237.33 W, 38, 2032 MHz, 3996 MHz, 12 %, 0 %
2026/09/22 01:45:38.156, 2, 228.60 W, 31, 2032 MHz, 3996 MHz, 12 %, 0 %
2026/09/22 01:45:38.156, 3, 231.26 W, 31, 2032 MHz, 3996 MHz, 5 %, 0 %
2026/09/22 01:45:38.156, 4, 180.58 W, 35, 120 MHz, 3996 MHz, 0 %, 0 %
2026/09/22 01:45:38.156, 5, 178.64 W, 33, 120 MHz, 3996 MHz, 0 %, 0 %
2026/09/22 01:45:38.156, 6, 178.28 W, 30, 120 MHz, 3996 MHz, 0 %, 0 %
2026/09/22 01:45:38.156, 7, 181.04 W, 30, 120 MHz, 3996 MHz, 0 %, 0 %
2026/09/22 01:45:39.156, 0, 233.57 W, 37, 2032 MHz, 3996 MHz, 0 %, 0 %
2026/09/22 01:45:39.156, 1, 237.32 W, 38, 2032 MHz, 3996 MHz, 5 %, 0 %
2026/09/22 01:45:39.156, 2, 228.67 W, 31, 2032 MHz, 3996 MHz, 11 %, 0 %
2026/09/22 01:45:39.156, 3, 231.28 W, 31, 2032 MHz, 3996 MHz, 3 %, 0 %
2026/09/22 01:45:39.156, 4, 180.58 W, 35, 120 MHz, 3996 MHz, 0 %, 0 %
2026/09/22 01:45:39.156, 5, 178.64 W, 33, 120 MHz, 3996 MHz, 0 %, 0 %
2026/09/22 01:45:39.156, 6, 178.32 W, 30, 120 MHz, 3996 MHz, 0 %, 0 %
2026/09/22 01:45:39.156, 7, 181.30 W, 30, 120 MHz, 3996 MHz, 0 %, 0 %
2026/09/22 01:45:40.157, 0, 233.52 W, 37, 2032 MHz, 3996 MHz, 0 %, 0 %
2026/09/22 01:45:40.157, 1, 237.25 W, 38, 2032 MHz, 3996 MHz, 11 %, 0 %
2026/09/22 01:45:40.157, 2, 228.80 W, 31, 2032 MHz, 3996 MHz, 11 %, 0 %
2026/09/22 01:45:40.157, 3, 231.10 W, 31, 2032 MHz, 3996 MHz, 5 %, 0 %
2026/09/22 01:45:40.157, 4, 180.58 W, 35, 120 MHz, 3996 MHz, 0 %, 0 %
2026/09/22 01:45:40.157, 5, 178.64 W, 33, 120 MHz, 3996 MHz, 0 %, 0 %
2026/09/22 01:45:40.157, 6, 178.26 W, 30, 120 MHz, 3996 MHz, 0 %, 0 %
2026/09/22 01:45:40.157, 7, 181.26 W, 30, 120 MHz, 3996 MHz, 0 %, 0 %
2026/09/22 01:45:41.157, 0, 233.56 W, 37, 2032 MHz, 3996 MHz, 0 %, 0 %
2026/09/22 01:45:41.157, 1, 237.40 W, 38, 2032 MHz, 3996 MHz, 11 %, 0 %
2026/09/22 01:45:41.157, 2, 228.74 W, 31, 2032 MHz, 3996 MHz, 6 %, 0 %
2026/09/22 01:45:41.157, 3, 231.37 W, 31, 2032 MHz, 3996 MHz, 8 %, 0 %
2026/09/22 01:45:41.157, 4, 180.58 W, 35, 120 MHz, 3996 MHz, 0 %, 0 %
2026/09/22 01:45:41.157, 5, 178.64 W, 33, 120 MHz, 3996 MHz, 0 %, 0 %
2026/09/22 01:45:41.157, 6, 178.26 W, 30, 120 MHz, 3996 MHz, 0 %, 0 %
2026/09/22 01:45:41.157, 7, 181.38 W, 30, 120 MHz, 3996 MHz, 0 %, 0 %
2026/09/22 01:45:42.157, 0, 233.52 W, 37, 2032 MHz, 3996 MHz, 0 %, 0 %
2026/09/22 01:45:42.157, 1, 237.33 W, 38, 2032 MHz, 3996 MHz, 11 %, 0 %
2026/09/22 01:45:42.157, 2, 228.72 W, 31, 2032 MHz, 3996 MHz, 7 %, 0 %
2026/09/22 01:45:42.157, 3, 231.39 W, 31, 2032 MHz, 3996 MHz, 8 %, 0 %
2026/09/22 01:45:42.157, 4, 180.58 W, 35, 120 MHz, 3996 MHz, 0 %, 0 %
2026/09/22 01:45:42.157, 5, 178.64 W, 33, 120 MHz, 3996 MHz, 0 %, 0 %
2026/09/22 01:45:42.157, 6, 178.28 W, 30, 120 MHz, 3996 MHz, 0 %, 0 %
2026/09/22 01:45:42.157, 7, 181.31 W, 30, 120 MHz, 3996 MHz, 0 %, 0 %
2026/09/22 01:45:43.157, 0, 233.55 W, 37, 2032 MHz, 3996 MHz, 0 %, 0 %
2026/09/22 01:45:43.157, 1, 237.29 W, 38, 2032 MHz, 3996 MHz, 12 %, 0 %
2026/09/22 01:45:43.157, 2, 228.60 W, 31, 2032 MHz, 3996 MHz, 3 %, 0 %
2026/09/22 01:45:43.157, 3, 231.21 W, 31, 2032 MHz, 3996 MHz, 8 %, 0 %
2026/09/22 01:45:43.157, 4, 180.58 W, 35, 120 MHz, 3996 MHz, 0 %, 0 %
2026/09/22 01:45:43.157, 5, 178.64 W, 33, 120 MHz, 3996 MHz, 0 %, 0 %
2026/09/22 01:45:43.157, 6, 178.14 W, 30, 120 MHz, 3996 MHz, 0 %, 0 %
2026/09/22 01:45:43.157, 7, 181.34 W, 30, 120 MHz, 3996 MHz, 0 %, 0 %
2026/09/22 01:45:44.158, 0, 233.54 W, 37, 2032 MHz, 3996 MHz, 0 %, 0 %
2026/09/22 01:45:44.158, 1, 237.21 W, 38, 2032 MHz, 3996 MHz, 9 %, 0 %
2026/09/22 01:45:44.158, 2, 228.56 W, 31, 2032 MHz, 3996 MHz, 9 %, 0 %
2026/09/22 01:45:44.158, 3, 231.37 W, 31, 2032 MHz, 3996 MHz, 11 %, 0 %
2026/09/22 01:45:44.158, 4, 180.62 W, 35, 120 MHz, 3996 MHz, 0 %, 0 %
2026/09/22 01:45:44.158, 5, 178.64 W, 33, 120 MHz, 3996 MHz, 0 %, 0 %
2026/09/22 01:45:44.158, 6, 178.36 W, 30, 120 MHz, 3996 MHz, 0 %, 0 %
2026/09/22 01:45:44.158, 7, 181.22 W, 30, 120 MHz, 3996 MHz, 0 %, 0 %
2026/09/22 01:45:45.158, 0, 233.59 W, 37, 2032 MHz, 3996 MHz, 0 %, 0 %
2026/09/22 01:45:45.158, 1, 237.21 W, 38, 2032 MHz, 3996 MHz, 10 %, 0 %
2026/09/22 01:45:45.158, 2, 228.67 W, 31, 2032 MHz, 3996 MHz, 11 %, 0 %
2026/09/22 01:45:45.158, 3, 231.39 W, 31, 2032 MHz, 3996 MHz, 12 %, 0 %
2026/09/22 01:45:45.158, 4, 180.58 W, 35, 120 MHz, 3996 MHz, 0 %, 0 %
2026/09/22 01:45:45.158, 5, 178.64 W, 33, 120 MHz, 3996 MHz, 0 %, 0 %
2026/09/22 01:45:45.158, 6, 178.45 W, 30, 120 MHz, 3996 MHz, 0 %, 0 %
2026/09/22 01:45:45.158, 7, 181.19 W, 30, 120 MHz, 3996 MHz, 0 %, 0 %
2026/09/22 01:45:46.158, 0, 233.54 W, 37, 2032 MHz, 3996 MHz, 0 %, 0 %
2026/09/22 01:45:46.158, 1, 237.40 W, 38, 2032 MHz, 3996 MHz, 3 %, 0 %
2026/09/22 01:45:46.158, 2, 228.59 W, 31, 2032 MHz, 3996 MHz, 6 %, 0 %
2026/09/22 01:45:46.158, 3, 231.35 W, 31, 2032 MHz, 3996 MHz, 12 %, 0 %
2026/09/22 01:45:46.158, 4, 180.58 W, 35, 120 MHz, 3996 MHz, 0 %, 0 %
2026/09/22 01:45:46.158, 5, 178.64 W, 33, 120 MHz, 3996 MHz, 0 %, 0 %
2026/09/22 01:45:46.158, 6, 178.37 W, 30, 120 MHz, 3996 MHz, 0 %, 0 %
2026/09/22 01:45:46.158, 7, 181.22 W, 30, 120 MHz, 3996 MHz, 0 %, 0 %
2026/09/22 01:45:47.158, 0, 233.55 W, 37, 2032 MHz, 3996 MHz, 0 %, 0 %
2026/09/22 01:45:47.158, 1, 238.56 W, 38, 2032 MHz, 3996 MHz, 4 %, 0 %
2026/09/22 01:45:47.158, 2, 228.57 W, 31, 2032 MHz, 3996 MHz, 9 %, 0 %
2026/09/22 01:45:47.159, 3, 231.37 W, 31, 2032 MHz, 3996 MHz, 11 %, 0 %
2026/09/22 01:45:47.159, 4, 180.58 W, 35, 120 MHz, 3996 MHz, 0 %, 0 %
2026/09/22 01:45:47.159, 5, 178.64 W, 33, 120 MHz, 3996 MHz, 0 %, 0 %
2026/09/22 01:45:47.159, 6, 178.51 W, 30, 120 MHz, 3996 MHz, 0 %, 0 %
2026/09/22 01:45:47.159, 7, 181.27 W, 30, 120 MHz, 3996 MHz, 0 %, 0 %
2026/09/22 01:45:48.159, 0, 233.53 W, 37, 2032 MHz, 3996 MHz, 0 %, 0 %
2026/09/22 01:45:48.159, 1, 236.39 W, 38, 2032 MHz, 3996 MHz, 0 %, 0 %
2026/09/22 01:45:48.159, 2, 230.03 W, 31, 2032 MHz, 3996 MHz, 0 %, 0 %
2026/09/22 01:45:48.159, 3, 232.50 W, 31, 2032 MHz, 3996 MHz, 0 %, 0 %
2026/09/22 01:45:48.159, 4, 180.58 W, 35, 120 MHz, 3996 MHz, 0 %, 0 %
2026/09/22 01:45:48.159, 5, 178.64 W, 33, 120 MHz, 3996 MHz, 0 %, 0 %
2026/09/22 01:45:48.159, 6, 178.66 W, 30, 120 MHz, 3996 MHz, 0 %, 0 %
2026/09/22 01:45:48.159, 7, 181.03 W, 30, 120 MHz, 3996 MHz, 0 %, 0 %
2026/09/22 01:45:49.159, 0, 233.54 W, 37, 2032 MHz, 3996 MHz, 0 %, 0 %
2026/09/22 01:45:49.159, 1, 236.34 W, 38, 2032 MHz, 3996 MHz, 0 %, 0 %
2026/09/22 01:45:49.159, 2, 228.07 W, 31, 2032 MHz, 3996 MHz, 0 %, 0 %
2026/09/22 01:45:49.159, 3, 230.16 W, 31, 2032 MHz, 3996 MHz, 0 %, 0 %
2026/09/22 01:45:49.159, 4, 180.58 W, 35, 120 MHz, 3996 MHz, 0 %, 0 %
2026/09/22 01:45:49.159, 5, 178.64 W, 33, 120 MHz, 3996 MHz, 0 %, 0 %
2026/09/22 01:45:49.159, 6, 178.57 W, 30, 120 MHz, 3996 MHz, 0 %, 0 %
2026/09/22 01:45:49.159, 7, 181.23 W, 30, 120 MHz, 3996 MHz, 0 %, 0 %
2026/09/22 01:45:50.159, 0, 233.55 W, 37, 2032 MHz, 3996 MHz, 0 %, 0 %
2026/09/22 01:45:50.159, 1, 236.12 W, 38, 2032 MHz, 3996 MHz, 0 %, 0 %
2026/09/22 01:45:50.159, 2, 228.07 W, 31, 2032 MHz, 3996 MHz, 0 %, 0 %
2026/09/22 01:45:50.159, 3, 230.16 W, 31, 2032 MHz, 3996 MHz, 0 %, 0 %
2026/09/22 01:45:50.159, 4, 180.58 W, 35, 120 MHz, 3996 MHz, 0 %, 0 %
2026/09/22 01:45:50.159, 5, 178.64 W, 33, 120 MHz, 3996 MHz, 0 %, 0 %
2026/09/22 01:45:50.159, 6, 178.45 W, 30, 120 MHz, 3996 MHz, 0 %, 0 %
2026/09/22 01:45:50.159, 7, 181.23 W, 30, 120 MHz, 3996 MHz, 0 %, 0 %
2026/09/22 01:45:51.160, 0, 233.53 W, 37, 2032 MHz, 3996 MHz, 0 %, 0 %
2026/09/22 01:45:51.160, 1, 236.14 W, 38, 2032 MHz, 3996 MHz, 0 %, 0 %
2026/09/22 01:45:51.160, 2, 228.07 W, 31, 2032 MHz, 3996 MHz, 0 %, 0 %
2026/09/22 01:45:51.160, 3, 230.16 W, 31, 2032 MHz, 3996 MHz, 0 %, 0 %
2026/09/22 01:45:51.160, 4, 180.58 W, 35, 120 MHz, 3996 MHz, 0 %, 0 %
2026/09/22 01:45:51.160, 5, 178.64 W, 33, 120 MHz, 3996 MHz, 0 %, 0 %
2026/09/22 01:45:51.160, 6, 178.36 W, 30, 120 MHz, 3996 MHz, 0 %, 0 %
2026/09/22 01:45:51.160, 7, 181.31 W, 30, 120 MHz, 3996 MHz, 0 %, 0 %
2026/09/22 01:45:52.160, 0, 233.50 W, 37, 2032 MHz, 3996 MHz, 0 %, 0 %
2026/09/22 01:45:52.160, 1, 236.14 W, 38, 2032 MHz, 3996 MHz, 0 %, 0 %
2026/09/22 01:45:52.160, 2, 228.07 W, 31, 2032 MHz, 3996 MHz, 0 %, 0 %
2026/09/22 01:45:52.160, 3, 230.15 W, 31, 2032 MHz, 3996 MHz, 0 %, 0 %
2026/09/22 01:45:52.160, 4, 180.58 W, 35, 120 MHz, 3996 MHz, 0 %, 0 %
2026/09/22 01:45:52.160, 5, 178.64 W, 33, 120 MHz, 3996 MHz, 0 %, 0 %
2026/09/22 01:45:52.160, 6, 178.53 W, 30, 120 MHz, 3996 MHz, 0 %, 0 %
2026/09/22 01:45:52.160, 7, 181.04 W, 30, 120 MHz, 3996 MHz, 0 %, 0 %
2026/09/22 01:45:53.160, 0, 233.52 W, 37, 2032 MHz, 3996 MHz, 0 %, 0 %
2026/09/22 01:45:53.160, 1, 236.07 W, 38, 2032 MHz, 3996 MHz, 0 %, 0 %
2026/09/22 01:45:53.160, 2, 228.07 W, 31, 2032 MHz, 3996 MHz, 0 %, 0 %
2026/09/22 01:45:53.160, 3, 230.16 W, 31, 2032 MHz, 3996 MHz, 0 %, 0 %
2026/09/22 01:45:53.160, 4, 180.58 W, 35, 120 MHz, 3996 MHz, 0 %, 0 %
2026/09/22 01:45:53.160, 5, 178.64 W, 33, 120 MHz, 3996 MHz, 0 %, 0 %
2026/09/22 01:45:53.160, 6, 178.34 W, 30, 120 MHz, 3996 MHz, 0 %, 0 %
2026/09/22 01:45:53.160, 7, 181.26 W, 30, 120 MHz, 3996 MHz, 0 %, 0 %
2026/09/22 01:45:54.160, 0, 233.54 W, 37, 2032 MHz, 3996 MHz, 0 %, 0 %
2026/09/22 01:45:54.160, 1, 235.92 W, 38, 2032 MHz, 3996 MHz, 0 %, 0 %
2026/09/22 01:45:54.160, 2, 228.07 W, 31, 2032 MHz, 3996 MHz, 0 %, 0 %
2026/09/22 01:45:54.160, 3, 230.15 W, 31, 2032 MHz, 3996 MHz, 0 %, 0 %
2026/09/22 01:45:54.160, 4, 180.58 W, 35, 120 MHz, 3996 MHz, 0 %, 0 %
2026/09/22 01:45:54.160, 5, 178.64 W, 33, 120 MHz, 3996 MHz, 0 %, 0 %
2026/09/22 01:45:54.160, 6, 178.54 W, 30, 120 MHz, 3996 MHz, 0 %, 0 %
2026/09/22 01:45:54.160, 7, 181.11 W, 30, 120 MHz, 3996 MHz, 0 %, 0 %
2026/09/22 01:45:55.161, 0, 233.51 W, 37, 2032 MHz, 3996 MHz, 0 %, 0 %
2026/09/22 01:45:55.161, 1, 236.07 W, 38, 2032 MHz, 3996 MHz, 0 %, 0 %
2026/09/22 01:45:55.161, 2, 228.07 W, 31, 2032 MHz, 3996 MHz, 0 %, 0 %
2026/09/22 01:45:55.161, 3, 230.15 W, 31, 2032 MHz, 3996 MHz, 0 %, 0 %
2026/09/22 01:45:55.161, 4, 180.58 W, 35, 120 MHz, 3996 MHz, 0 %, 0 %
2026/09/22 01:45:55.161, 5, 178.64 W, 33, 120 MHz, 3996 MHz, 0 %, 0 %
2026/09/22 01:45:55.161, 6, 178.55 W, 30, 120 MHz, 3996 MHz, 0 %, 0 %
2026/09/22 01:45:55.161, 7, 181.38 W, 30, 120 MHz, 3996 MHz, 0 %, 0 %
2026/09/22 01:45:56.161, 0, 233.22 W, 37, 2032 MHz, 3996 MHz, 0 %, 0 %
2026/09/22 01:45:56.161, 1, 330.50 W, 38, 2032 MHz, 3996 MHz, 0 %, 0 %
2026/09/22 01:45:56.161, 2, 288.05 W, 34, 2032 MHz, 3996 MHz, 63 %, 9 %
2026/09/22 01:45:56.161, 3, 280.40 W, 34, 2032 MHz, 3996 MHz, 17 %, 3 %
2026/09/22 01:45:56.161, 4, 180.58 W, 35, 120 MHz, 3996 MHz, 0 %, 0 %
2026/09/22 01:45:56.161, 5, 178.64 W, 33, 120 MHz, 3996 MHz, 0 %, 0 %
2026/09/22 01:45:56.161, 6, 178.40 W, 30, 120 MHz, 3996 MHz, 0 %, 0 %
2026/09/22 01:45:56.161, 7, 181.42 W, 30, 120 MHz, 3996 MHz, 0 %, 0 %
2026/09/22 01:45:57.161, 0, 233.56 W, 37, 2032 MHz, 3996 MHz, 0 %, 0 %
2026/09/22 01:45:57.161, 1, 237.17 W, 38, 2032 MHz, 3996 MHz, 0 %, 0 %
2026/09/22 01:45:57.161, 2, 261.06 W, 32, 2032 MHz, 3996 MHz, 0 %, 0 %
2026/09/22 01:45:57.161, 3, 277.87 W, 32, 2032 MHz, 3996 MHz, 0 %, 0 %
2026/09/22 01:45:57.161, 4, 180.58 W, 35, 120 MHz, 3996 MHz, 0 %, 0 %
2026/09/22 01:45:57.161, 5, 178.64 W, 33, 120 MHz, 3996 MHz, 0 %, 0 %
2026/09/22 01:45:57.161, 6, 178.49 W, 30, 120 MHz, 3996 MHz, 0 %, 0 %
2026/09/22 01:45:57.161, 7, 181.38 W, 30, 120 MHz, 3996 MHz, 0 %, 0 %
2026/09/22 01:45:58.161, 0, 233.52 W, 37, 2032 MHz, 3996 MHz, 0 %, 0 %
2026/09/22 01:45:58.161, 1, 236.49 W, 38, 2032 MHz, 3996 MHz, 0 %, 0 %
2026/09/22 01:45:58.161, 2, 228.07 W, 32, 2032 MHz, 3996 MHz, 0 %, 0 %
2026/09/22 01:45:58.161, 3, 230.16 W, 32, 2032 MHz, 3996 MHz, 0 %, 0 %
2026/09/22 01:45:58.161, 4, 180.58 W, 35, 120 MHz, 3996 MHz, 0 %, 0 %
2026/09/22 01:45:58.161, 5, 178.64 W, 33, 120 MHz, 3996 MHz, 0 %, 0 %
2026/09/22 01:45:58.161, 6, 178.53 W, 30, 120 MHz, 3996 MHz, 0 %, 0 %
2026/09/22 01:45:58.162, 7, 181.38 W, 30, 120 MHz, 3996 MHz, 0 %, 0 %
2026/09/22 01:45:59.162, 0, 233.49 W, 37, 2032 MHz, 3996 MHz, 0 %, 0 %
2026/09/22 01:45:59.162, 1, 236.62 W, 38, 2032 MHz, 3996 MHz, 0 %, 0 %
2026/09/22 01:45:59.162, 2, 228.07 W, 31, 2032 MHz, 3996 MHz, 0 %, 0 %
2026/09/22 01:45:59.162, 3, 230.15 W, 31, 2032 MHz, 3996 MHz, 0 %, 0 %
2026/09/22 01:45:59.162, 4, 180.58 W, 35, 120 MHz, 3996 MHz, 0 %, 0 %
2026/09/22 01:45:59.162, 5, 178.64 W, 33, 120 MHz, 3996 MHz, 0 %, 0 %
2026/09/22 01:45:59.162, 6, 178.17 W, 30, 120 MHz, 3996 MHz, 0 %, 0 %
2026/09/22 01:45:59.162, 7, 181.00 W, 30, 120 MHz, 3996 MHz, 0 %, 0 %
2026/09/22 01:46:00.162, 0, 233.54 W, 37, 2032 MHz, 3996 MHz, 0 %, 0 %
2026/09/22 01:46:00.162, 1, 236.82 W, 38, 2032 MHz, 3996 MHz, 0 %, 0 %
2026/09/22 01:46:00.162, 2, 228.07 W, 31, 2032 MHz, 3996 MHz, 0 %, 0 %
2026/09/22 01:46:00.162, 3, 230.15 W, 31, 2032 MHz, 3996 MHz, 0 %, 0 %
2026/09/22 01:46:00.162, 4, 180.58 W, 35, 120 MHz, 3996 MHz, 0 %, 0 %
2026/09/22 01:46:00.162, 5, 178.64 W, 33, 120 MHz, 3996 MHz, 0 %, 0 %
2026/09/22 01:46:00.162, 6, 178.26 W, 30, 120 MHz, 3996 MHz, 0 %, 0 %
2026/09/22 01:46:00.162, 7, 181.15 W, 30, 120 MHz, 3996 MHz, 0 %, 0 %
2026/09/22 01:46:01.162, 0, 233.56 W, 37, 2032 MHz, 3996 MHz, 0 %, 0 %
2026/09/22 01:46:01.162, 1, 236.41 W, 38, 2032 MHz, 3996 MHz, 0 %, 0 %
2026/09/22 01:46:01.162, 2, 228.07 W, 31, 2032 MHz, 3996 MHz, 0 %, 0 %
2026/09/22 01:46:01.162, 3, 230.15 W, 31, 2032 MHz, 3996 MHz, 0 %, 0 %
2026/09/22 01:46:01.162, 4, 180.58 W, 35, 120 MHz, 3996 MHz, 0 %, 0 %
2026/09/22 01:46:01.162, 5, 178.64 W, 33, 120 MHz, 3996 MHz, 0 %, 0 %
2026/09/22 01:46:01.162, 6, 178.51 W, 30, 120 MHz, 3996 MHz, 0 %, 0 %
2026/09/22 01:46:01.162, 7, 181.34 W, 30, 120 MHz, 3996 MHz, 0 %, 0 %
2026/09/22 01:46:02.162, 0, 233.57 W, 37, 2032 MHz, 3996 MHz, 0 %, 0 %
2026/09/22 01:46:02.162, 1, 236.19 W, 38, 2032 MHz, 3996 MHz, 0 %, 0 %
2026/09/22 01:46:02.162, 2, 228.07 W, 31, 2032 MHz, 3996 MHz, 0 %, 0 %
2026/09/22 01:46:02.162, 3, 230.16 W, 31, 2032 MHz, 3996 MHz, 0 %, 0 %
2026/09/22 01:46:02.162, 4, 180.62 W, 35, 120 MHz, 3996 MHz, 0 %, 0 %
2026/09/22 01:46:02.163, 5, 178.64 W, 33, 120 MHz, 3996 MHz, 0 %, 0 %
2026/09/22 01:46:02.163, 6, 178.59 W, 30, 120 MHz, 3996 MHz, 0 %, 0 %
2026/09/22 01:46:02.163, 7, 181.23 W, 30, 120 MHz, 3996 MHz, 0 %, 0 %
2026/09/22 01:46:03.163, 0, 233.54 W, 37, 2032 MHz, 3996 MHz, 0 %, 0 %
2026/09/22 01:46:03.163, 1, 236.11 W, 38, 2032 MHz, 3996 MHz, 0 %, 0 %
2026/09/22 01:46:03.163, 2, 228.07 W, 31, 2032 MHz, 3996 MHz, 0 %, 0 %
2026/09/22 01:46:03.163, 3, 230.16 W, 31, 2032 MHz, 3996 MHz, 0 %, 0 %
2026/09/22 01:46:03.163, 4, 180.58 W, 35, 120 MHz, 3996 MHz, 0 %, 0 %
2026/09/22 01:46:03.163, 5, 178.64 W, 33, 120 MHz, 3996 MHz, 0 %, 0 %
2026/09/22 01:46:03.163, 6, 178.53 W, 30, 120 MHz, 3996 MHz, 0 %, 0 %
2026/09/22 01:46:03.163, 7, 181.15 W, 30, 120 MHz, 3996 MHz, 0 %, 0 %
2026/09/22 01:46:04.163, 0, 233.56 W, 37, 2032 MHz, 3996 MHz, 0 %, 0 %
2026/09/22 01:46:04.163, 1, 236.59 W, 38, 2032 MHz, 3996 MHz, 0 %, 0 %
2026/09/22 01:46:04.163, 2, 228.15 W, 31, 2032 MHz, 3996 MHz, 0 %, 0 %
2026/09/22 01:46:04.163, 3, 230.19 W, 31, 2032 MHz, 3996 MHz, 0 %, 0 %
2026/09/22 01:46:04.163, 4, 180.58 W, 35, 120 MHz, 3996 MHz, 0 %, 0 %
2026/09/22 01:46:04.163, 5, 178.64 W, 33, 120 MHz, 3996 MHz, 0 %, 0 %
2026/09/22 01:46:04.163, 6, 178.44 W, 30, 120 MHz, 3996 MHz, 0 %, 0 %
2026/09/22 01:46:04.163, 7, 181.42 W, 30, 120 MHz, 3996 MHz, 0 %, 0 %
2026/09/22 01:46:05.163, 0, 233.53 W, 37, 2032 MHz, 3996 MHz, 0 %, 0 %
2026/09/22 01:46:05.163, 1, 236.43 W, 38, 2032 MHz, 3996 MHz, 0 %, 0 %
2026/09/22 01:46:05.163, 2, 228.07 W, 31, 2032 MHz, 3996 MHz, 0 %, 0 %
2026/09/22 01:46:05.163, 3, 230.16 W, 31, 2032 MHz, 3996 MHz, 0 %, 0 %
2026/09/22 01:46:05.163, 4, 180.62 W, 35, 120 MHz, 3996 MHz, 0 %, 0 %
2026/09/22 01:46:05.163, 5, 178.64 W, 33, 120 MHz, 3996 MHz, 0 %, 0 %
2026/09/22 01:46:05.163, 6, 178.13 W, 30, 120 MHz, 3996 MHz, 0 %, 0 %
2026/09/22 01:46:05.163, 7, 181.30 W, 30, 120 MHz, 3996 MHz, 0 %, 0 %
2026/09/22 01:46:06.163, 0, 233.49 W, 37, 2032 MHz, 3996 MHz, 0 %, 0 %
2026/09/22 01:46:06.163, 1, 236.30 W, 38, 2032 MHz, 3996 MHz, 0 %, 0 %
2026/09/22 01:46:06.164, 2, 228.07 W, 31, 2032 MHz, 3996 MHz, 0 %, 0 %
2026/09/22 01:46:06.164, 3, 230.15 W, 31, 2032 MHz, 3996 MHz, 0 %, 0 %
2026/09/22 01:46:06.164, 4, 180.62 W, 35, 120 MHz, 3996 MHz, 0 %, 0 %
2026/09/22 01:46:06.164, 5, 178.64 W, 33, 120 MHz, 3996 MHz, 0 %, 0 %
2026/09/22 01:46:06.164, 6, 178.18 W, 30, 120 MHz, 3996 MHz, 0 %, 0 %
2026/09/22 01:46:06.164, 7, 181.11 W, 30, 120 MHz, 3996 MHz, 0 %, 0 %
2026/09/22 01:46:07.164, 0, 233.50 W, 37, 2032 MHz, 3996 MHz, 0 %, 0 %
2026/09/22 01:46:07.164, 1, 236.14 W, 38, 2032 MHz, 3996 MHz, 0 %, 0 %
2026/09/22 01:46:07.164, 2, 228.07 W, 31, 2032 MHz, 3996 MHz, 0 %, 0 %
2026/09/22 01:46:07.164, 3, 230.16 W, 31, 2032 MHz, 3996 MHz, 0 %, 0 %
2026/09/22 01:46:07.164, 4, 180.58 W, 35, 120 MHz, 3996 MHz, 0 %, 0 %
2026/09/22 01:46:07.164, 5, 178.64 W, 33, 120 MHz, 3996 MHz, 0 %, 0 %
2026/09/22 01:46:07.164, 6, 178.30 W, 30, 120 MHz, 3996 MHz, 0 %, 0 %
2026/09/22 01:46:07.164, 7, 181.11 W, 30, 120 MHz, 3996 MHz, 0 %, 0 %
2026/09/22 01:46:08.164, 0, 233.51 W, 37, 2032 MHz, 3996 MHz, 0 %, 0 %
2026/09/22 01:46:08.164, 1, 236.04 W, 38, 2032 MHz, 3996 MHz, 0 %, 0 %
2026/09/22 01:46:08.164, 2, 228.07 W, 31, 2032 MHz, 3996 MHz, 0 %, 0 %
2026/09/22 01:46:08.164, 3, 230.16 W, 31, 2032 MHz, 3996 MHz, 0 %, 0 %
2026/09/22 01:46:08.164, 4, 180.58 W, 35, 120 MHz, 3996 MHz, 0 %, 0 %
2026/09/22 01:46:08.164, 5, 178.64 W, 33, 120 MHz, 3996 MHz, 0 %, 0 %
2026/09/22 01:46:08.164, 6, 178.59 W, 30, 120 MHz, 3996 MHz, 0 %, 0 %
2026/09/22 01:46:08.164, 7, 181.22 W, 30, 120 MHz, 3996 MHz, 0 %, 0 %
2026/09/22 01:46:09.164, 0, 233.49 W, 37, 2032 MHz, 3996 MHz, 0 %, 0 %
2026/09/22 01:46:09.164, 1, 236.31 W, 38, 2032 MHz, 3996 MHz, 0 %, 0 %
2026/09/22 01:46:09.164, 2, 228.07 W, 31, 2032 MHz, 3996 MHz, 0 %, 0 %
2026/09/22 01:46:09.164, 3, 230.15 W, 31, 2032 MHz, 3996 MHz, 0 %, 0 %
2026/09/22 01:46:09.164, 4, 180.58 W, 35, 120 MHz, 3996 MHz, 0 %, 0 %
2026/09/22 01:46:09.164, 5, 178.64 W, 33, 120 MHz, 3996 MHz, 0 %, 0 %
2026/09/22 01:46:09.164, 6, 178.63 W, 30, 120 MHz, 3996 MHz, 0 %, 0 %
2026/09/22 01:46:09.164, 7, 181.11 W, 30, 120 MHz, 3996 MHz, 0 %, 0 %
2026/09/22 01:46:10.165, 0, 233.46 W, 37, 2032 MHz, 3996 MHz, 0 %, 0 %
2026/09/22 01:46:10.165, 1, 236.30 W, 38, 2032 MHz, 3996 MHz, 0 %, 0 %
2026/09/22 01:46:10.165, 2, 228.07 W, 31, 2032 MHz, 3996 MHz, 0 %, 0 %
2026/09/22 01:46:10.165, 3, 230.16 W, 31, 2032 MHz, 3996 MHz, 0 %, 0 %
2026/09/22 01:46:10.165, 4, 180.58 W, 35, 120 MHz, 3996 MHz, 0 %, 0 %
2026/09/22 01:46:10.165, 5, 178.64 W, 33, 120 MHz, 3996 MHz, 0 %, 0 %
2026/09/22 01:46:10.165, 6, 178.86 W, 30, 120 MHz, 3996 MHz, 0 %, 0 %
2026/09/22 01:46:10.165, 7, 181.46 W, 30, 120 MHz, 3996 MHz, 0 %, 0 %
2026/09/22 01:46:11.165, 0, 233.48 W, 37, 2032 MHz, 3996 MHz, 0 %, 0 %
2026/09/22 01:46:11.165, 1, 236.08 W, 38, 2032 MHz, 3996 MHz, 0 %, 0 %
2026/09/22 01:46:11.165, 2, 228.07 W, 31, 2032 MHz, 3996 MHz, 0 %, 0 %
2026/09/22 01:46:11.165, 3, 230.15 W, 31, 2032 MHz, 3996 MHz, 0 %, 0 %
2026/09/22 01:46:11.165, 4, 180.58 W, 35, 120 MHz, 3996 MHz, 0 %, 0 %
2026/09/22 01:46:11.165, 5, 178.64 W, 33, 120 MHz, 3996 MHz, 0 %, 0 %
2026/09/22 01:46:11.165, 6, 178.76 W, 30, 120 MHz, 3996 MHz, 0 %, 0 %
2026/09/22 01:46:11.165, 7, 181.19 W, 30, 120 MHz, 3996 MHz, 0 %, 0 %
2026/09/22 01:46:12.165, 0, 233.49 W, 37, 2032 MHz, 3996 MHz, 0 %, 0 %
2026/09/22 01:46:12.165, 1, 235.88 W, 38, 2032 MHz, 3996 MHz, 0 %, 0 %
2026/09/22 01:46:12.165, 2, 228.07 W, 31, 2032 MHz, 3996 MHz, 0 %, 0 %
2026/09/22 01:46:12.165, 3, 230.15 W, 31, 2032 MHz, 3996 MHz, 0 %, 0 %
2026/09/22 01:46:12.165, 4, 180.58 W, 35, 120 MHz, 3996 MHz, 0 %, 0 %
2026/09/22 01:46:12.165, 5, 178.64 W, 33, 120 MHz, 3996 MHz, 0 %, 0 %
2026/09/22 01:46:12.165, 6, 178.66 W, 30, 120 MHz, 3996 MHz, 0 %, 0 %
2026/09/22 01:46:12.165, 7, 181.19 W, 30, 120 MHz, 3996 MHz, 0 %, 0 %
2026/09/22 01:46:13.165, 0, 233.48 W, 37, 2032 MHz, 3996 MHz, 0 %, 0 %
2026/09/22 01:46:13.165, 1, 237.40 W, 38, 2032 MHz, 3996 MHz, 12 %, 0 %
2026/09/22 01:46:13.166, 2, 228.07 W, 31, 2032 MHz, 3996 MHz, 0 %, 0 %
2026/09/22 01:46:13.166, 3, 230.35 W, 31, 2032 MHz, 3996 MHz, 0 %, 0 %
2026/09/22 01:46:13.166, 4, 180.58 W, 35, 120 MHz, 3996 MHz, 0 %, 0 %
2026/09/22 01:46:13.166, 5, 178.64 W, 33, 120 MHz, 3996 MHz, 0 %, 0 %
2026/09/22 01:46:13.166, 6, 178.59 W, 30, 120 MHz, 3996 MHz, 0 %, 0 %
2026/09/22 01:46:13.166, 7, 181.23 W, 30, 120 MHz, 3996 MHz, 0 %, 0 %
2026/09/22 01:46:14.166, 0, 233.54 W, 37, 2032 MHz, 3996 MHz, 11 %, 0 %
2026/09/22 01:46:14.166, 1, 244.04 W, 38, 2032 MHz, 3996 MHz, 0 %, 0 %
2026/09/22 01:46:14.166, 2, 228.17 W, 31, 2032 MHz, 3996 MHz, 0 %, 0 %
2026/09/22 01:46:14.166, 3, 238.07 W, 33, 2032 MHz, 3996 MHz, 11 %, 0 %
2026/09/22 01:46:14.166, 4, 180.62 W, 35, 120 MHz, 3996 MHz, 0 %, 0 %
2026/09/22 01:46:14.166, 5, 178.64 W, 33, 120 MHz, 3996 MHz, 0 %, 0 %
2026/09/22 01:46:14.166, 6, 178.49 W, 30, 120 MHz, 3996 MHz, 0 %, 0 %
2026/09/22 01:46:14.166, 7, 181.11 W, 30, 120 MHz, 3996 MHz, 0 %, 0 %
2026/09/22 01:46:15.166, 0, 238.63 W, 37, 2032 MHz, 3996 MHz, 0 %, 0 %
2026/09/22 01:46:15.166, 1, 236.48 W, 38, 2032 MHz, 3996 MHz, 0 %, 0 %
2026/09/22 01:46:15.166, 2, 235.06 W, 32, 2032 MHz, 3996 MHz, 11 %, 0 %
2026/09/22 01:46:15.166, 3, 230.37 W, 31, 2032 MHz, 3996 MHz, 0 %, 0 %
2026/09/22 01:46:15.166, 4, 180.58 W, 35, 120 MHz, 3996 MHz, 0 %, 0 %
2026/09/22 01:46:15.166, 5, 178.64 W, 33, 120 MHz, 3996 MHz, 0 %, 0 %
2026/09/22 01:46:15.166, 6, 178.84 W, 30, 120 MHz, 3996 MHz, 0 %, 0 %
2026/09/22 01:46:15.166, 7, 181.22 W, 30, 120 MHz, 3996 MHz, 0 %, 0 %
2026/09/22 01:46:16.166, 0, 238.50 W, 37, 2032 MHz, 3996 MHz, 0 %, 0 %
2026/09/22 01:46:16.166, 1, 241.49 W, 38, 2032 MHz, 3996 MHz, 0 %, 0 %
2026/09/22 01:46:16.166, 2, 232.96 W, 31, 2032 MHz, 3996 MHz, 0 %, 0 %
2026/09/22 01:46:16.166, 3, 235.33 W, 31, 2032 MHz, 3996 MHz, 0 %, 0 %
2026/09/22 01:46:16.166, 4, 180.58 W, 35, 120 MHz, 3996 MHz, 0 %, 0 %
2026/09/22 01:46:16.166, 5, 178.64 W, 33, 120 MHz, 3996 MHz, 0 %, 0 %
2026/09/22 01:46:16.166, 6, 178.59 W, 30, 120 MHz, 3996 MHz, 0 %, 0 %
2026/09/22 01:46:16.166, 7, 181.42 W, 30, 120 MHz, 3996 MHz, 0 %, 0 %
2026/09/22 01:46:17.167, 0, 233.51 W, 37, 2032 MHz, 3996 MHz, 0 %, 0 %
2026/09/22 01:46:17.167, 1, 236.20 W, 38, 2032 MHz, 3996 MHz, 0 %, 0 %
2026/09/22 01:46:17.167, 2, 228.07 W, 31, 2032 MHz, 3996 MHz, 0 %, 0 %
2026/09/22 01:46:17.167, 3, 230.16 W, 31, 2032 MHz, 3996 MHz, 0 %, 0 %
2026/09/22 01:46:17.167, 4, 180.58 W, 35, 120 MHz, 3996 MHz, 0 %, 0 %
2026/09/22 01:46:17.167, 5, 178.64 W, 33, 120 MHz, 3996 MHz, 0 %, 0 %
2026/09/22 01:46:17.167, 6, 178.61 W, 30, 120 MHz, 3996 MHz, 0 %, 0 %
2026/09/22 01:46:17.167, 7, 181.38 W, 30, 120 MHz, 3996 MHz, 0 %, 0 %
2026/09/22 01:46:18.167, 0, 233.49 W, 37, 2032 MHz, 3996 MHz, 0 %, 0 %
2026/09/22 01:46:18.167, 1, 236.47 W, 38, 2032 MHz, 3996 MHz, 0 %, 0 %
2026/09/22 01:46:18.167, 2, 228.07 W, 31, 2032 MHz, 3996 MHz, 0 %, 0 %
2026/09/22 01:46:18.167, 3, 230.15 W, 31, 2032 MHz, 3996 MHz, 0 %, 0 %
2026/09/22 01:46:18.167, 4, 180.58 W, 35, 120 MHz, 3996 MHz, 0 %, 0 %
2026/09/22 01:46:18.167, 5, 178.64 W, 33, 120 MHz, 3996 MHz, 0 %, 0 %
2026/09/22 01:46:18.167, 6, 178.33 W, 30, 120 MHz, 3996 MHz, 0 %, 0 %
2026/09/22 01:46:18.167, 7, 181.30 W, 30, 120 MHz, 3996 MHz, 0 %, 0 %
2026/09/22 01:46:19.167, 0, 233.57 W, 37, 2032 MHz, 3996 MHz, 0 %, 0 %
2026/09/22 01:46:19.167, 1, 236.72 W, 38, 2032 MHz, 3996 MHz, 0 %, 0 %
2026/09/22 01:46:19.167, 2, 228.07 W, 31, 2032 MHz, 3996 MHz, 0 %, 0 %
2026/09/22 01:46:19.167, 3, 230.27 W, 31, 2032 MHz, 3996 MHz, 0 %, 0 %
2026/09/22 01:46:19.167, 4, 180.58 W, 35, 120 MHz, 3996 MHz, 0 %, 0 %
2026/09/22 01:46:19.167, 5, 178.64 W, 33, 120 MHz, 3996 MHz, 0 %, 0 %
2026/09/22 01:46:19.167, 6, 178.43 W, 30, 120 MHz, 3996 MHz, 0 %, 0 %
2026/09/22 01:46:19.167, 7, 181.42 W, 30, 120 MHz, 3996 MHz, 0 %, 0 %
2026/09/22 01:46:20.167, 0, 233.50 W, 37, 2032 MHz, 3996 MHz, 0 %, 0 %
2026/09/22 01:46:20.167, 1, 236.47 W, 38, 2032 MHz, 3996 MHz, 0 %, 0 %
2026/09/22 01:46:20.167, 2, 228.07 W, 31, 2032 MHz, 3996 MHz, 0 %, 0 %
2026/09/22 01:46:20.167, 3, 230.16 W, 31, 2032 MHz, 3996 MHz, 0 %, 0 %
2026/09/22 01:46:20.167, 4, 180.58 W, 35, 120 MHz, 3996 MHz, 0 %, 0 %
2026/09/22 01:46:20.167, 5, 178.64 W, 33, 120 MHz, 3996 MHz, 0 %, 0 %
2026/09/22 01:46:20.167, 6, 178.73 W, 30, 120 MHz, 3996 MHz, 0 %, 0 %
2026/09/22 01:46:20.168, 7, 180.96 W, 30, 120 MHz, 3996 MHz, 0 %, 0 %
2026/09/22 01:46:21.168, 0, 233.51 W, 37, 2032 MHz, 3996 MHz, 0 %, 0 %
2026/09/22 01:46:21.168, 1, 236.74 W, 38, 2032 MHz, 3996 MHz, 0 %, 0 %
2026/09/22 01:46:21.168, 2, 228.07 W, 31, 2032 MHz, 3996 MHz, 0 %, 0 %
2026/09/22 01:46:21.168, 3, 230.16 W, 31, 2032 MHz, 3996 MHz, 0 %, 0 %
2026/09/22 01:46:21.168, 4, 180.58 W, 35, 120 MHz, 3996 MHz, 0 %, 0 %
2026/09/22 01:46:21.168, 5, 178.64 W, 33, 120 MHz, 3996 MHz, 0 %, 0 %
2026/09/22 01:46:21.168, 6, 178.40 W, 30, 120 MHz, 3996 MHz, 0 %, 0 %
2026/09/22 01:46:21.168, 7, 181.15 W, 30, 120 MHz, 3996 MHz, 0 %, 0 %
2026/09/22 01:46:22.168, 0, 250.63 W, 38, 2032 MHz, 3996 MHz, 39 %, 23 %
2026/09/22 01:46:22.168, 1, 256.74 W, 39, 2032 MHz, 3996 MHz, 16 %, 8 %
2026/09/22 01:46:22.168, 2, 244.47 W, 32, 2032 MHz, 3996 MHz, 6 %, 2 %
2026/09/22 01:46:22.168, 3, 248.72 W, 33, 2032 MHz, 3996 MHz, 12 %, 5 %
2026/09/22 01:46:22.168, 4, 180.58 W, 35, 120 MHz, 3996 MHz, 0 %, 0 %
2026/09/22 01:46:22.168, 5, 178.64 W, 33, 120 MHz, 3996 MHz, 0 %, 0 %
2026/09/22 01:46:22.168, 6, 178.57 W, 30, 120 MHz, 3996 MHz, 0 %, 0 %
2026/09/22 01:46:22.168, 7, 181.15 W, 30, 120 MHz, 3996 MHz, 0 %, 0 %
2026/09/22 01:46:23.168, 0, 242.13 W, 37, 2032 MHz, 3996 MHz, 0 %, 0 %
2026/09/22 01:46:23.168, 1, 237.60 W, 38, 2032 MHz, 3996 MHz, 0 %, 0 %
2026/09/22 01:46:23.168, 2, 243.30 W, 32, 2032 MHz, 3996 MHz, 0 %, 0 %
2026/09/22 01:46:23.168, 3, 233.92 W, 32, 2032 MHz, 3996 MHz, 0 %, 0 %
2026/09/22 01:46:23.168, 4, 180.58 W, 35, 120 MHz, 3996 MHz, 0 %, 0 %
2026/09/22 01:46:23.168, 5, 178.64 W, 33, 120 MHz, 3996 MHz, 0 %, 0 %
2026/09/22 01:46:23.168, 6, 178.61 W, 30, 120 MHz, 3996 MHz, 0 %, 0 %
2026/09/22 01:46:23.168, 7, 181.11 W, 30, 120 MHz, 3996 MHz, 0 %, 0 %
2026/09/22 01:46:24.168, 0, 233.48 W, 37, 2032 MHz, 3996 MHz, 100 %, 0 %
2026/09/22 01:46:24.168, 1, 237.36 W, 38, 2032 MHz, 3996 MHz, 0 %, 0 %
2026/09/22 01:46:24.169, 2, 228.07 W, 31, 2032 MHz, 3996 MHz, 100 %, 0 %
2026/09/22 01:46:24.169, 3, 230.16 W, 31, 2032 MHz, 3996 MHz, 0 %, 0 %
2026/09/22 01:46:24.169, 4, 180.58 W, 35, 120 MHz, 3996 MHz, 0 %, 0 %
2026/09/22 01:46:24.169, 5, 178.64 W, 33, 120 MHz, 3996 MHz, 0 %, 0 %
2026/09/22 01:46:24.169, 6, 178.47 W, 30, 120 MHz, 3996 MHz, 0 %, 0 %
2026/09/22 01:46:24.169, 7, 181.11 W, 30, 120 MHz, 3996 MHz, 0 %, 0 %
2026/09/22 01:46:25.169, 0, 233.52 W, 37, 2032 MHz, 3996 MHz, 29 %, 0 %
2026/09/22 01:46:25.169, 1, 237.17 W, 38, 2032 MHz, 3996 MHz, 100 %, 0 %
2026/09/22 01:46:25.169, 2, 228.11 W, 31, 2032 MHz, 3996 MHz, 99 %, 0 %
2026/09/22 01:46:25.169, 3, 230.23 W, 31, 2032 MHz, 3996 MHz, 100 %, 0 %
2026/09/22 01:46:25.169, 4, 180.62 W, 35, 120 MHz, 3996 MHz, 0 %, 0 %
2026/09/22 01:46:25.169, 5, 178.64 W, 33, 120 MHz, 3996 MHz, 0 %, 0 %
2026/09/22 01:46:25.169, 6, 178.43 W, 30, 120 MHz, 3996 MHz, 0 %, 0 %
2026/09/22 01:46:25.169, 7, 181.42 W, 30, 120 MHz, 3996 MHz, 0 %, 0 %
2026/09/22 01:46:26.169, 0, 233.50 W, 37, 2032 MHz, 3996 MHz, 0 %, 0 %
2026/09/22 01:46:26.169, 1, 237.37 W, 38, 2032 MHz, 3996 MHz, 1 %, 0 %
2026/09/22 01:46:26.169, 2, 228.10 W, 31, 2032 MHz, 3996 MHz, 1 %, 0 %
2026/09/22 01:46:26.169, 3, 230.35 W, 31, 2032 MHz, 3996 MHz, 0 %, 0 %
2026/09/22 01:46:26.169, 4, 180.58 W, 35, 120 MHz, 3996 MHz, 0 %, 0 %
2026/09/22 01:46:26.169, 5, 178.64 W, 33, 120 MHz, 3996 MHz, 0 %, 0 %
2026/09/22 01:46:26.169, 6, 178.57 W, 30, 120 MHz, 3996 MHz, 0 %, 0 %
2026/09/22 01:46:26.169, 7, 181.18 W, 30, 120 MHz, 3996 MHz, 0 %, 0 %
2026/09/22 01:46:27.169, 0, 233.54 W, 37, 2032 MHz, 3996 MHz, 20 %, 0 %
2026/09/22 01:46:27.169, 1, 237.02 W, 38, 2032 MHz, 3996 MHz, 77 %, 0 %
2026/09/22 01:46:27.169, 2, 228.10 W, 31, 2032 MHz, 3996 MHz, 0 %, 0 %
2026/09/22 01:46:27.169, 3, 230.19 W, 31, 2032 MHz, 3996 MHz, 72 %, 0 %
2026/09/22 01:46:27.169, 4, 180.58 W, 35, 120 MHz, 3996 MHz, 0 %, 0 %
2026/09/22 01:46:27.169, 5, 178.64 W, 33, 120 MHz, 3996 MHz, 0 %, 0 %
2026/09/22 01:46:27.169, 6, 178.61 W, 30, 120 MHz, 3996 MHz, 0 %, 0 %
2026/09/22 01:46:27.169, 7, 181.19 W, 30, 120 MHz, 3996 MHz, 0 %, 0 %
2026/09/22 01:46:28.170, 0, 233.54 W, 37, 2032 MHz, 3996 MHz, 0 %, 0 %
2026/09/22 01:46:28.170, 1, 236.82 W, 38, 2032 MHz, 3996 MHz, 0 %, 0 %
2026/09/22 01:46:28.170, 2, 228.07 W, 31, 2032 MHz, 3996 MHz, 0 %, 0 %
2026/09/22 01:46:28.170, 3, 230.15 W, 31, 2032 MHz, 3996 MHz, 0 %, 0 %
2026/09/22 01:46:28.170, 4, 180.58 W, 35, 120 MHz, 3996 MHz, 0 %, 0 %
2026/09/22 01:46:28.170, 5, 178.64 W, 33, 120 MHz, 3996 MHz, 0 %, 0 %
2026/09/22 01:46:28.170, 6, 178.21 W, 30, 120 MHz, 3996 MHz, 0 %, 0 %
2026/09/22 01:46:28.170, 7, 181.18 W, 30, 120 MHz, 3996 MHz, 0 %, 0 %
2026/09/22 01:46:29.170, 0, 233.56 W, 37, 2032 MHz, 3996 MHz, 0 %, 0 %
2026/09/22 01:46:29.170, 1, 237.02 W, 38, 2032 MHz, 3996 MHz, 0 %, 0 %
2026/09/22 01:46:29.170, 2, 228.07 W, 31, 2032 MHz, 3996 MHz, 0 %, 0 %
2026/09/22 01:46:29.170, 3, 230.15 W, 31, 2032 MHz, 3996 MHz, 0 %, 0 %
2026/09/22 01:46:29.170, 4, 180.58 W, 35, 120 MHz, 3996 MHz, 0 %, 0 %
2026/09/22 01:46:29.170, 5, 178.64 W, 33, 120 MHz, 3996 MHz, 0 %, 0 %
2026/09/22 01:46:29.170, 6, 178.53 W, 30, 120 MHz, 3996 MHz, 0 %, 0 %
2026/09/22 01:46:29.170, 7, 181.19 W, 30, 120 MHz, 3996 MHz, 0 %, 0 %
2026/09/22 01:46:30.170, 0, 233.57 W, 37, 2032 MHz, 3996 MHz, 0 %, 0 %
2026/09/22 01:46:30.170, 1, 236.56 W, 38, 2032 MHz, 3996 MHz, 0 %, 0 %
2026/09/22 01:46:30.170, 2, 228.07 W, 31, 2032 MHz, 3996 MHz, 0 %, 0 %
2026/09/22 01:46:30.170, 3, 230.16 W, 31, 2032 MHz, 3996 MHz, 0 %, 0 %
2026/09/22 01:46:30.170, 4, 180.58 W, 35, 120 MHz, 3996 MHz, 0 %, 0 %
2026/09/22 01:46:30.170, 5, 178.64 W, 33, 120 MHz, 3996 MHz, 0 %, 0 %
2026/09/22 01:46:30.170, 6, 178.36 W, 30, 120 MHz, 3996 MHz, 0 %, 0 %
2026/09/22 01:46:30.170, 7, 181.34 W, 30, 120 MHz, 3996 MHz, 0 %, 0 %
2026/09/22 01:46:31.170, 0, 233.62 W, 37, 2032 MHz, 3996 MHz, 0 %, 0 %
2026/09/22 01:46:31.170, 1, 236.74 W, 38, 2032 MHz, 3996 MHz, 0 %, 0 %
2026/09/22 01:46:31.170, 2, 228.26 W, 31, 2032 MHz, 3996 MHz, 0 %, 0 %
2026/09/22 01:46:31.170, 3, 230.34 W, 31, 2032 MHz, 3996 MHz, 0 %, 0 %
2026/09/22 01:46:31.170, 4, 180.58 W, 35, 120 MHz, 3996 MHz, 0 %, 0 %
2026/09/22 01:46:31.170, 5, 178.64 W, 33, 120 MHz, 3996 MHz, 0 %, 0 %
2026/09/22 01:46:31.170, 6, 178.28 W, 30, 120 MHz, 3996 MHz, 0 %, 0 %
2026/09/22 01:46:31.170, 7, 181.18 W, 30, 120 MHz, 3996 MHz, 0 %, 0 %
2026/09/22 01:46:32.171, 0, 233.55 W, 37, 2032 MHz, 3996 MHz, 0 %, 0 %
2026/09/22 01:46:32.171, 1, 236.76 W, 38, 2032 MHz, 3996 MHz, 0 %, 0 %
2026/09/22 01:46:32.171, 2, 228.07 W, 31, 2032 MHz, 3996 MHz, 0 %, 0 %
2026/09/22 01:46:32.171, 3, 230.15 W, 31, 2032 MHz, 3996 MHz, 0 %, 0 %
2026/09/22 01:46:32.171, 4, 180.58 W, 35, 120 MHz, 3996 MHz, 0 %, 0 %
2026/09/22 01:46:32.171, 5, 178.64 W, 33, 120 MHz, 3996 MHz, 0 %, 0 %
2026/09/22 01:46:32.171, 6, 178.10 W, 30, 120 MHz, 3996 MHz, 0 %, 0 %
2026/09/22 01:46:32.171, 7, 181.18 W, 30, 120 MHz, 3996 MHz, 0 %, 0 %
2026/09/22 01:46:33.171, 0, 233.53 W, 37, 2032 MHz, 3996 MHz, 0 %, 0 %
2026/09/22 01:46:33.171, 1, 236.70 W, 38, 2032 MHz, 3996 MHz, 0 %, 0 %
2026/09/22 01:46:33.171, 2, 228.07 W, 31, 2032 MHz, 3996 MHz, 0 %, 0 %
2026/09/22 01:46:33.171, 3, 230.15 W, 31, 2032 MHz, 3996 MHz, 0 %, 0 %
2026/09/22 01:46:33.171, 4, 180.58 W, 35, 120 MHz, 3996 MHz, 0 %, 0 %
2026/09/22 01:46:33.171, 5, 178.64 W, 33, 120 MHz, 3996 MHz, 0 %, 0 %
2026/09/22 01:46:33.171, 6, 178.52 W, 30, 120 MHz, 3996 MHz, 0 %, 0 %
2026/09/22 01:46:33.171, 7, 181.15 W, 30, 120 MHz, 3996 MHz, 0 %, 0 %
2026/09/22 01:46:34.171, 0, 233.54 W, 37, 2032 MHz, 3996 MHz, 0 %, 0 %
2026/09/22 01:46:34.171, 1, 236.82 W, 38, 2032 MHz, 3996 MHz, 0 %, 0 %
2026/09/22 01:46:34.171, 2, 228.07 W, 31, 2032 MHz, 3996 MHz, 0 %, 0 %
2026/09/22 01:46:34.171, 3, 230.15 W, 31, 2032 MHz, 3996 MHz, 0 %, 0 %
2026/09/22 01:46:34.171, 4, 180.58 W, 35, 120 MHz, 3996 MHz, 0 %, 0 %
2026/09/22 01:46:34.171, 5, 178.64 W, 33, 120 MHz, 3996 MHz, 0 %, 0 %
2026/09/22 01:46:34.171, 6, 178.43 W, 30, 120 MHz, 3996 MHz, 0 %, 0 %
2026/09/22 01:46:34.171, 7, 181.30 W, 30, 120 MHz, 3996 MHz, 0 %, 0 %
2026/09/22 01:46:35.171, 0, 233.54 W, 37, 2032 MHz, 3996 MHz, 0 %, 0 %
2026/09/22 01:46:35.171, 1, 236.57 W, 38, 2032 MHz, 3996 MHz, 0 %, 0 %
2026/09/22 01:46:35.171, 2, 228.07 W, 31, 2032 MHz, 3996 MHz, 0 %, 0 %
2026/09/22 01:46:35.172, 3, 230.16 W, 31, 2032 MHz, 3996 MHz, 0 %, 0 %
2026/09/22 01:46:35.172, 4, 180.58 W, 35, 120 MHz, 3996 MHz, 0 %, 0 %
2026/09/22 01:46:35.172, 5, 178.64 W, 33, 120 MHz, 3996 MHz, 0 %, 0 %
2026/09/22 01:46:35.172, 6, 178.29 W, 30, 120 MHz, 3996 MHz, 0 %, 0 %
2026/09/22 01:46:35.172, 7, 181.34 W, 30, 120 MHz, 3996 MHz, 0 %, 0 %
2026/09/22 01:46:36.172, 0, 233.51 W, 37, 2032 MHz, 3996 MHz, 0 %, 0 %
2026/09/22 01:46:36.172, 1, 236.66 W, 38, 2032 MHz, 3996 MHz, 0 %, 0 %
2026/09/22 01:46:36.172, 2, 228.07 W, 31, 2032 MHz, 3996 MHz, 0 %, 0 %
2026/09/22 01:46:36.172, 3, 230.16 W, 31, 2032 MHz, 3996 MHz, 0 %, 0 %
2026/09/22 01:46:36.172, 4, 180.58 W, 35, 120 MHz, 3996 MHz, 0 %, 0 %
2026/09/22 01:46:36.172, 5, 178.64 W, 33, 120 MHz, 3996 MHz, 0 %, 0 %
2026/09/22 01:46:36.172, 6, 178.70 W, 30, 120 MHz, 3996 MHz, 0 %, 0 %
2026/09/22 01:46:36.172, 7, 181.18 W, 30, 120 MHz, 3996 MHz, 0 %, 0 %
2026/09/22 01:46:37.172, 0, 233.53 W, 37, 2032 MHz, 3996 MHz, 0 %, 0 %
2026/09/22 01:46:37.172, 1, 236.86 W, 38, 2032 MHz, 3996 MHz, 0 %, 0 %
2026/09/22 01:46:37.172, 2, 228.07 W, 31, 2032 MHz, 3996 MHz, 0 %, 0 %
2026/09/22 01:46:37.172, 3, 230.15 W, 31, 2032 MHz, 3996 MHz, 0 %, 0 %
2026/09/22 01:46:37.172, 4, 180.58 W, 35, 120 MHz, 3996 MHz, 0 %, 0 %
2026/09/22 01:46:37.172, 5, 178.64 W, 33, 120 MHz, 3996 MHz, 0 %, 0 %
2026/09/22 01:46:37.172, 6, 178.28 W, 30, 120 MHz, 3996 MHz, 0 %, 0 %
2026/09/22 01:46:37.172, 7, 181.38 W, 30, 120 MHz, 3996 MHz, 0 %, 0 %
2026/09/22 01:46:38.172, 0, 233.50 W, 37, 2032 MHz, 3996 MHz, 0 %, 0 %
2026/09/22 01:46:38.172, 1, 236.41 W, 38, 2032 MHz, 3996 MHz, 0 %, 0 %
2026/09/22 01:46:38.172, 2, 228.07 W, 31, 2032 MHz, 3996 MHz, 0 %, 0 %
2026/09/22 01:46:38.172, 3, 230.16 W, 31, 2032 MHz, 3996 MHz, 0 %, 0 %
2026/09/22 01:46:38.172, 4, 180.58 W, 35, 120 MHz, 3996 MHz, 0 %, 0 %
2026/09/22 01:46:38.172, 5, 178.64 W, 33, 120 MHz, 3996 MHz, 0 %, 0 %
2026/09/22 01:46:38.172, 6, 178.49 W, 30, 120 MHz, 3996 MHz, 0 %, 0 %
2026/09/22 01:46:38.172, 7, 181.42 W, 30, 120 MHz, 3996 MHz, 0 %, 0 %
2026/09/22 01:46:39.173, 0, 233.51 W, 37, 2032 MHz, 3996 MHz, 0 %, 0 %
2026/09/22 01:46:39.173, 1, 236.68 W, 38, 2032 MHz, 3996 MHz, 0 %, 0 %
2026/09/22 01:46:39.173, 2, 228.07 W, 31, 2032 MHz, 3996 MHz, 0 %, 0 %
2026/09/22 01:46:39.173, 3, 230.16 W, 31, 2032 MHz, 3996 MHz, 0 %, 0 %
2026/09/22 01:46:39.173, 4, 180.58 W, 35, 120 MHz, 3996 MHz, 0 %, 0 %
2026/09/22 01:46:39.173, 5, 178.64 W, 33, 120 MHz, 3996 MHz, 0 %, 0 %
2026/09/22 01:46:39.173, 6, 178.44 W, 30, 120 MHz, 3996 MHz, 0 %, 0 %
2026/09/22 01:46:39.173, 7, 181.38 W, 30, 120 MHz, 3996 MHz, 0 %, 0 %
2026/09/22 01:46:40.173, 0, 233.48 W, 37, 2032 MHz, 3996 MHz, 0 %, 0 %
2026/09/22 01:46:40.173, 1, 236.74 W, 38, 2032 MHz, 3996 MHz, 0 %, 0 %
2026/09/22 01:46:40.173, 2, 228.07 W, 31, 2032 MHz, 3996 MHz, 0 %, 0 %
2026/09/22 01:46:40.173, 3, 230.15 W, 31, 2032 MHz, 3996 MHz, 0 %, 0 %
2026/09/22 01:46:40.173, 4, 180.58 W, 35, 120 MHz, 3996 MHz, 0 %, 0 %
2026/09/22 01:46:40.173, 5, 178.64 W, 33, 120 MHz, 3996 MHz, 0 %, 0 %
2026/09/22 01:46:40.173, 6, 178.41 W, 30, 120 MHz, 3996 MHz, 0 %, 0 %
2026/09/22 01:46:40.173, 7, 181.42 W, 30, 120 MHz, 3996 MHz, 0 %, 0 %
2026/09/22 01:46:41.173, 0, 233.49 W, 37, 2032 MHz, 3996 MHz, 0 %, 0 %
2026/09/22 01:46:41.173, 1, 236.60 W, 38, 2032 MHz, 3996 MHz, 0 %, 0 %
2026/09/22 01:46:41.173, 2, 228.07 W, 31, 2032 MHz, 3996 MHz, 0 %, 0 %
2026/09/22 01:46:41.173, 3, 230.16 W, 31, 2032 MHz, 3996 MHz, 0 %, 0 %
2026/09/22 01:46:41.173, 4, 180.58 W, 35, 120 MHz, 3996 MHz, 0 %, 0 %
2026/09/22 01:46:41.173, 5, 178.64 W, 33, 120 MHz, 3996 MHz, 0 %, 0 %
2026/09/22 01:46:41.173, 6, 178.36 W, 30, 120 MHz, 3996 MHz, 0 %, 0 %
2026/09/22 01:46:41.173, 7, 181.30 W, 30, 120 MHz, 3996 MHz, 0 %, 0 %
2026/09/22 01:46:42.173, 0, 233.52 W, 37, 2032 MHz, 3996 MHz, 0 %, 0 %
2026/09/22 01:46:42.173, 1, 236.54 W, 38, 2032 MHz, 3996 MHz, 0 %, 0 %
2026/09/22 01:46:42.173, 2, 228.07 W, 31, 2032 MHz, 3996 MHz, 0 %, 0 %
2026/09/22 01:46:42.173, 3, 230.15 W, 31, 2032 MHz, 3996 MHz, 0 %, 0 %
2026/09/22 01:46:42.173, 4, 180.58 W, 35, 120 MHz, 3996 MHz, 0 %, 0 %
2026/09/22 01:46:42.173, 5, 178.64 W, 33, 120 MHz, 3996 MHz, 0 %, 0 %
2026/09/22 01:46:42.174, 6, 178.49 W, 30, 120 MHz, 3996 MHz, 0 %, 0 %
2026/09/22 01:46:42.174, 7, 181.34 W, 30, 120 MHz, 3996 MHz, 0 %, 0 %
2026/09/22 01:46:43.174, 0, 233.49 W, 37, 2032 MHz, 3996 MHz, 0 %, 0 %
2026/09/22 01:46:43.174, 1, 236.45 W, 38, 2032 MHz, 3996 MHz, 0 %, 0 %
2026/09/22 01:46:43.174, 2, 228.07 W, 31, 2032 MHz, 3996 MHz, 0 %, 0 %
2026/09/22 01:46:43.174, 3, 230.16 W, 31, 2032 MHz, 3996 MHz, 0 %, 0 %
2026/09/22 01:46:43.174, 4, 180.58 W, 35, 120 MHz, 3996 MHz, 0 %, 0 %
2026/09/22 01:46:43.174, 5, 178.64 W, 33, 120 MHz, 3996 MHz, 0 %, 0 %
2026/09/22 01:46:43.174, 6, 178.33 W, 30, 120 MHz, 3996 MHz, 0 %, 0 %
2026/09/22 01:46:43.174, 7, 181.19 W, 30, 120 MHz, 3996 MHz, 0 %, 0 %
2026/09/22 01:46:44.174, 0, 233.50 W, 37, 2032 MHz, 3996 MHz, 0 %, 0 %
2026/09/22 01:46:44.174, 1, 237.09 W, 38, 2032 MHz, 3996 MHz, 0 %, 0 %
2026/09/22 01:46:44.174, 2, 228.26 W, 31, 2032 MHz, 3996 MHz, 0 %, 0 %
2026/09/22 01:46:44.174, 3, 230.35 W, 31, 2032 MHz, 3996 MHz, 0 %, 0 %
2026/09/22 01:46:44.174, 4, 180.58 W, 35, 120 MHz, 3996 MHz, 0 %, 0 %
2026/09/22 01:46:44.174, 5, 178.64 W, 33, 120 MHz, 3996 MHz, 0 %, 0 %
2026/09/22 01:46:44.174, 6, 178.32 W, 30, 120 MHz, 3996 MHz, 0 %, 0 %
2026/09/22 01:46:44.174, 7, 181.30 W, 30, 120 MHz, 3996 MHz, 0 %, 0 %
2026/09/22 01:46:45.174, 0, 233.51 W, 37, 2032 MHz, 3996 MHz, 0 %, 0 %
2026/09/22 01:46:45.174, 1, 236.57 W, 38, 2032 MHz, 3996 MHz, 0 %, 0 %
2026/09/22 01:46:45.174, 2, 228.07 W, 31, 2032 MHz, 3996 MHz, 0 %, 0 %
2026/09/22 01:46:45.174, 3, 230.15 W, 31, 2032 MHz, 3996 MHz, 0 %, 0 %
2026/09/22 01:46:45.174, 4, 180.58 W, 35, 120 MHz, 3996 MHz, 0 %, 0 %
2026/09/22 01:46:45.174, 5, 178.64 W, 33, 120 MHz, 3996 MHz, 0 %, 0 %
2026/09/22 01:46:45.174, 6, 178.36 W, 30, 120 MHz, 3996 MHz, 0 %, 0 %
2026/09/22 01:46:45.174, 7, 181.15 W, 30, 120 MHz, 3996 MHz, 0 %, 0 %
2026/09/22 01:46:46.174, 0, 233.51 W, 37, 2032 MHz, 3996 MHz, 0 %, 0 %
2026/09/22 01:46:46.174, 1, 236.91 W, 38, 2032 MHz, 3996 MHz, 0 %, 0 %
2026/09/22 01:46:46.174, 2, 228.07 W, 31, 2032 MHz, 3996 MHz, 0 %, 0 %
2026/09/22 01:46:46.174, 3, 230.16 W, 31, 2032 MHz, 3996 MHz, 0 %, 0 %
2026/09/22 01:46:46.175, 4, 180.58 W, 35, 120 MHz, 3996 MHz, 0 %, 0 %
2026/09/22 01:46:46.175, 5, 178.64 W, 33, 120 MHz, 3996 MHz, 0 %, 0 %
2026/09/22 01:46:46.175, 6, 178.49 W, 30, 120 MHz, 3996 MHz, 0 %, 0 %
2026/09/22 01:46:46.175, 7, 181.38 W, 30, 120 MHz, 3996 MHz, 0 %, 0 %
2026/09/22 01:46:47.175, 0, 233.46 W, 37, 2032 MHz, 3996 MHz, 0 %, 0 %
2026/09/22 01:46:47.175, 1, 236.78 W, 38, 2032 MHz, 3996 MHz, 0 %, 0 %
2026/09/22 01:46:47.175, 2, 228.07 W, 31, 2032 MHz, 3996 MHz, 0 %, 0 %
2026/09/22 01:46:47.175, 3, 230.15 W, 31, 2032 MHz, 3996 MHz, 0 %, 0 %
2026/09/22 01:46:47.175, 4, 180.62 W, 35, 120 MHz, 3996 MHz, 0 %, 0 %
2026/09/22 01:46:47.175, 5, 178.64 W, 33, 120 MHz, 3996 MHz, 0 %, 0 %
2026/09/22 01:46:47.175, 6, 178.45 W, 30, 120 MHz, 3996 MHz, 0 %, 0 %
2026/09/22 01:46:47.175, 7, 181.26 W, 30, 120 MHz, 3996 MHz, 0 %, 0 %
2026/09/22 01:46:48.175, 0, 233.49 W, 37, 2032 MHz, 3996 MHz, 0 %, 0 %
2026/09/22 01:46:48.175, 1, 236.87 W, 38, 2032 MHz, 3996 MHz, 0 %, 0 %
2026/09/22 01:46:48.175, 2, 228.07 W, 31, 2032 MHz, 3996 MHz, 0 %, 0 %
2026/09/22 01:46:48.175, 3, 230.16 W, 31, 2032 MHz, 3996 MHz, 0 %, 0 %
2026/09/22 01:46:48.175, 4, 180.58 W, 35, 120 MHz, 3996 MHz, 0 %, 0 %
2026/09/22 01:46:48.175, 5, 178.64 W, 33, 120 MHz, 3996 MHz, 0 %, 0 %
2026/09/22 01:46:48.175, 6, 178.90 W, 30, 120 MHz, 3996 MHz, 0 %, 0 %
2026/09/22 01:46:48.175, 7, 181.26 W, 30, 120 MHz, 3996 MHz, 0 %, 0 %
2026/09/22 01:46:49.175, 0, 233.50 W, 37, 2032 MHz, 3996 MHz, 0 %, 0 %
2026/09/22 01:46:49.175, 1, 236.62 W, 38, 2032 MHz, 3996 MHz, 0 %, 0 %
2026/09/22 01:46:49.175, 2, 228.07 W, 31, 2032 MHz, 3996 MHz, 0 %, 0 %
2026/09/22 01:46:49.175, 3, 230.16 W, 31, 2032 MHz, 3996 MHz, 0 %, 0 %
2026/09/22 01:46:49.175, 4, 180.58 W, 35, 120 MHz, 3996 MHz, 0 %, 0 %
2026/09/22 01:46:49.175, 5, 178.64 W, 33, 120 MHz, 3996 MHz, 0 %, 0 %
2026/09/22 01:46:49.175, 6, 178.45 W, 30, 120 MHz, 3996 MHz, 0 %, 0 %
2026/09/22 01:46:49.175, 7, 181.22 W, 30, 120 MHz, 3996 MHz, 0 %, 0 %
2026/09/22 01:46:50.175, 0, 233.48 W, 37, 2032 MHz, 3996 MHz, 0 %, 0 %
2026/09/22 01:46:50.176, 1, 236.66 W, 38, 2032 MHz, 3996 MHz, 0 %, 0 %
2026/09/22 01:46:50.176, 2, 228.07 W, 31, 2032 MHz, 3996 MHz, 0 %, 0 %
2026/09/22 01:46:50.176, 3, 230.16 W, 31, 2032 MHz, 3996 MHz, 0 %, 0 %
2026/09/22 01:46:50.176, 4, 180.62 W, 35, 120 MHz, 3996 MHz, 0 %, 0 %
2026/09/22 01:46:50.176, 5, 178.64 W, 33, 120 MHz, 3996 MHz, 0 %, 0 %
2026/09/22 01:46:50.176, 6, 178.40 W, 30, 120 MHz, 3996 MHz, 0 %, 0 %
2026/09/22 01:46:50.176, 7, 181.34 W, 30, 120 MHz, 3996 MHz, 0 %, 0 %
2026/09/22 01:46:51.176, 0, 233.49 W, 37, 2032 MHz, 3996 MHz, 0 %, 0 %
2026/09/22 01:46:51.176, 1, 236.39 W, 38, 2032 MHz, 3996 MHz, 0 %, 0 %
2026/09/22 01:46:51.176, 2, 228.07 W, 31, 2032 MHz, 3996 MHz, 0 %, 0 %
2026/09/22 01:46:51.176, 3, 230.16 W, 31, 2032 MHz, 3996 MHz, 0 %, 0 %
2026/09/22 01:46:51.176, 4, 180.58 W, 35, 120 MHz, 3996 MHz, 0 %, 0 %
2026/09/22 01:46:51.176, 5, 178.64 W, 33, 120 MHz, 3996 MHz, 0 %, 0 %
2026/09/22 01:46:51.176, 6, 178.45 W, 30, 120 MHz, 3996 MHz, 0 %, 0 %
2026/09/22 01:46:51.176, 7, 181.42 W, 30, 120 MHz, 3996 MHz, 0 %, 0 %
2026/09/22 01:46:52.176, 0, 233.49 W, 37, 2032 MHz, 3996 MHz, 0 %, 0 %
2026/09/22 01:46:52.176, 1, 236.87 W, 38, 2032 MHz, 3996 MHz, 0 %, 0 %
2026/09/22 01:46:52.176, 2, 228.07 W, 31, 2032 MHz, 3996 MHz, 0 %, 0 %
2026/09/22 01:46:52.176, 3, 230.16 W, 31, 2032 MHz, 3996 MHz, 0 %, 0 %
2026/09/22 01:46:52.176, 4, 180.58 W, 35, 120 MHz, 3996 MHz, 0 %, 0 %
2026/09/22 01:46:52.176, 5, 178.64 W, 33, 120 MHz, 3996 MHz, 0 %, 0 %
2026/09/22 01:46:52.176, 6, 178.44 W, 30, 120 MHz, 3996 MHz, 0 %, 0 %
2026/09/22 01:46:52.176, 7, 181.30 W, 30, 120 MHz, 3996 MHz, 0 %, 0 %
2026/09/22 01:46:53.176, 0, 233.51 W, 37, 2032 MHz, 3996 MHz, 0 %, 0 %
2026/09/22 01:46:53.176, 1, 236.58 W, 38, 2032 MHz, 3996 MHz, 0 %, 0 %
2026/09/22 01:46:53.176, 2, 228.07 W, 31, 2032 MHz, 3996 MHz, 0 %, 0 %
2026/09/22 01:46:53.176, 3, 230.16 W, 31, 2032 MHz, 3996 MHz, 0 %, 0 %
2026/09/22 01:46:53.176, 4, 180.58 W, 35, 120 MHz, 3996 MHz, 0 %, 0 %
2026/09/22 01:46:53.176, 5, 178.64 W, 33, 120 MHz, 3996 MHz, 0 %, 0 %
2026/09/22 01:46:53.176, 6, 178.62 W, 30, 120 MHz, 3996 MHz, 0 %, 0 %
2026/09/22 01:46:53.177, 7, 181.27 W, 30, 120 MHz, 3996 MHz, 0 %, 0 %
2026/09/22 01:46:54.177, 0, 233.52 W, 37, 2032 MHz, 3996 MHz, 0 %, 0 %
2026/09/22 01:46:54.177, 1, 236.78 W, 38, 2032 MHz, 3996 MHz, 0 %, 0 %
2026/09/22 01:46:54.177, 2, 228.07 W, 31, 2032 MHz, 3996 MHz, 0 %, 0 %
2026/09/22 01:46:54.177, 3, 230.15 W, 31, 2032 MHz, 3996 MHz, 0 %, 0 %
2026/09/22 01:46:54.177, 4, 180.58 W, 35, 120 MHz, 3996 MHz, 0 %, 0 %
2026/09/22 01:46:54.177, 5, 178.64 W, 33, 120 MHz, 3996 MHz, 0 %, 0 %
2026/09/22 01:46:54.177, 6, 178.61 W, 30, 120 MHz, 3996 MHz, 0 %, 0 %
2026/09/22 01:46:54.177, 7, 181.30 W, 30, 120 MHz, 3996 MHz, 0 %, 0 %
2026/09/22 01:46:55.177, 0, 233.51 W, 37, 2032 MHz, 3996 MHz, 0 %, 0 %
2026/09/22 01:46:55.177, 1, 236.53 W, 38, 2032 MHz, 3996 MHz, 0 %, 0 %
2026/09/22 01:46:55.177, 2, 228.07 W, 31, 2032 MHz, 3996 MHz, 0 %, 0 %
2026/09/22 01:46:55.177, 3, 230.16 W, 31, 2032 MHz, 3996 MHz, 0 %, 0 %
2026/09/22 01:46:55.177, 4, 180.58 W, 35, 120 MHz, 3996 MHz, 0 %, 0 %
2026/09/22 01:46:55.177, 5, 178.64 W, 33, 120 MHz, 3996 MHz, 0 %, 0 %
2026/09/22 01:46:55.177, 6, 178.61 W, 30, 120 MHz, 3996 MHz, 0 %, 0 %
2026/09/22 01:46:55.177, 7, 181.22 W, 30, 120 MHz, 3996 MHz, 0 %, 0 %
2026/09/22 01:46:56.177, 0, 233.63 W, 37, 2032 MHz, 3996 MHz, 0 %, 0 %
2026/09/22 01:46:56.177, 1, 236.66 W, 38, 2032 MHz, 3996 MHz, 0 %, 0 %
2026/09/22 01:46:56.177, 2, 228.41 W, 31, 2032 MHz, 3996 MHz, 0 %, 0 %
2026/09/22 01:46:56.177, 3, 230.53 W, 31, 2032 MHz, 3996 MHz, 0 %, 0 %
2026/09/22 01:46:56.177, 4, 180.58 W, 35, 120 MHz, 3996 MHz, 0 %, 0 %
2026/09/22 01:46:56.177, 5, 178.64 W, 33, 120 MHz, 3996 MHz, 0 %, 0 %
2026/09/22 01:46:56.177, 6, 178.61 W, 30, 120 MHz, 3996 MHz, 0 %, 0 %
2026/09/22 01:46:56.177, 7, 181.31 W, 30, 120 MHz, 3996 MHz, 0 %, 0 %
2026/09/22 01:46:57.177, 0, 233.53 W, 37, 2032 MHz, 3996 MHz, 0 %, 0 %
2026/09/22 01:46:57.177, 1, 236.72 W, 38, 2032 MHz, 3996 MHz, 0 %, 0 %
2026/09/22 01:46:57.177, 2, 228.07 W, 31, 2032 MHz, 3996 MHz, 0 %, 0 %
2026/09/22 01:46:57.177, 3, 230.15 W, 31, 2032 MHz, 3996 MHz, 0 %, 0 %
2026/09/22 01:46:57.178, 4, 180.58 W, 35, 120 MHz, 3996 MHz, 0 %, 0 %
2026/09/22 01:46:57.178, 5, 178.64 W, 33, 120 MHz, 3996 MHz, 0 %, 0 %
2026/09/22 01:46:57.178, 6, 178.43 W, 30, 120 MHz, 3996 MHz, 0 %, 0 %
2026/09/22 01:46:57.178, 7, 181.14 W, 30, 120 MHz, 3996 MHz, 0 %, 0 %
2026/09/22 01:46:58.178, 0, 233.49 W, 37, 2032 MHz, 3996 MHz, 0 %, 0 %
2026/09/22 01:46:58.178, 1, 236.74 W, 38, 2032 MHz, 3996 MHz, 0 %, 0 %
2026/09/22 01:46:58.178, 2, 228.07 W, 31, 2032 MHz, 3996 MHz, 0 %, 0 %
2026/09/22 01:46:58.178, 3, 230.16 W, 31, 2032 MHz, 3996 MHz, 0 %, 0 %
2026/09/22 01:46:58.178, 4, 180.58 W, 35, 120 MHz, 3996 MHz, 0 %, 0 %
2026/09/22 01:46:58.178, 5, 178.64 W, 33, 120 MHz, 3996 MHz, 0 %, 0 %
2026/09/22 01:46:58.178, 6, 178.06 W, 30, 120 MHz, 3996 MHz, 0 %, 0 %
2026/09/22 01:46:58.178, 7, 181.23 W, 30, 120 MHz, 3996 MHz, 0 %, 0 %
2026/09/22 01:46:59.178, 0, 233.49 W, 37, 2032 MHz, 3996 MHz, 0 %, 0 %
2026/09/22 01:46:59.178, 1, 236.68 W, 38, 2032 MHz, 3996 MHz, 0 %, 0 %
2026/09/22 01:46:59.178, 2, 228.07 W, 31, 2032 MHz, 3996 MHz, 0 %, 0 %
2026/09/22 01:46:59.178, 3, 230.16 W, 31, 2032 MHz, 3996 MHz, 0 %, 0 %
2026/09/22 01:46:59.178, 4, 180.62 W, 35, 120 MHz, 3996 MHz, 0 %, 0 %
2026/09/22 01:46:59.178, 5, 178.64 W, 33, 120 MHz, 3996 MHz, 0 %, 0 %
2026/09/22 01:46:59.178, 6, 178.57 W, 30, 120 MHz, 3996 MHz, 0 %, 0 %
2026/09/22 01:46:59.178, 7, 181.46 W, 30, 120 MHz, 3996 MHz, 0 %, 0 %
2026/09/22 01:47:00.178, 0, 233.51 W, 37, 2032 MHz, 3996 MHz, 0 %, 0 %
2026/09/22 01:47:00.178, 1, 236.89 W, 38, 2032 MHz, 3996 MHz, 0 %, 0 %
2026/09/22 01:47:00.178, 2, 228.07 W, 31, 2032 MHz, 3996 MHz, 0 %, 0 %
2026/09/22 01:47:00.178, 3, 230.15 W, 31, 2032 MHz, 3996 MHz, 0 %, 0 %
2026/09/22 01:47:00.178, 4, 180.62 W, 35, 120 MHz, 3996 MHz, 0 %, 0 %
2026/09/22 01:47:00.178, 5, 178.64 W, 33, 120 MHz, 3996 MHz, 0 %, 0 %
2026/09/22 01:47:00.178, 6, 178.40 W, 30, 120 MHz, 3996 MHz, 0 %, 0 %
2026/09/22 01:47:00.178, 7, 181.42 W, 30, 120 MHz, 3996 MHz, 0 %, 0 %
2026/09/22 01:47:01.178, 0, 233.49 W, 37, 2032 MHz, 3996 MHz, 0 %, 0 %
2026/09/22 01:47:01.179, 1, 236.37 W, 38, 2032 MHz, 3996 MHz, 0 %, 0 %
2026/09/22 01:47:01.179, 2, 228.07 W, 31, 2032 MHz, 3996 MHz, 0 %, 0 %
2026/09/22 01:47:01.179, 3, 230.16 W, 31, 2032 MHz, 3996 MHz, 0 %, 0 %
2026/09/22 01:47:01.179, 4, 180.62 W, 35, 120 MHz, 3996 MHz, 0 %, 0 %
2026/09/22 01:47:01.179, 5, 178.64 W, 33, 120 MHz, 3996 MHz, 0 %, 0 %
2026/09/22 01:47:01.179, 6, 178.45 W, 30, 120 MHz, 3996 MHz, 0 %, 0 %
2026/09/22 01:47:01.179, 7, 181.26 W, 30, 120 MHz, 3996 MHz, 0 %, 0 %
2026/09/22 01:47:02.179, 0, 233.51 W, 37, 2032 MHz, 3996 MHz, 0 %, 0 %
2026/09/22 01:47:02.179, 1, 236.68 W, 38, 2032 MHz, 3996 MHz, 0 %, 0 %
2026/09/22 01:47:02.179, 2, 228.07 W, 31, 2032 MHz, 3996 MHz, 0 %, 0 %
2026/09/22 01:47:02.179, 3, 230.15 W, 31, 2032 MHz, 3996 MHz, 0 %, 0 %
2026/09/22 01:47:02.179, 4, 180.58 W, 35, 120 MHz, 3996 MHz, 0 %, 0 %
2026/09/22 01:47:02.179, 5, 178.64 W, 33, 120 MHz, 3996 MHz, 0 %, 0 %
2026/09/22 01:47:02.179, 6, 178.88 W, 30, 120 MHz, 3996 MHz, 0 %, 0 %
2026/09/22 01:47:02.179, 7, 181.31 W, 30, 120 MHz, 3996 MHz, 0 %, 0 %
2026/09/22 01:47:03.179, 0, 233.49 W, 37, 2032 MHz, 3996 MHz, 0 %, 0 %
2026/09/22 01:47:03.179, 1, 236.51 W, 38, 2032 MHz, 3996 MHz, 0 %, 0 %
2026/09/22 01:47:03.179, 2, 228.07 W, 31, 2032 MHz, 3996 MHz, 0 %, 0 %
2026/09/22 01:47:03.179, 3, 230.16 W, 31, 2032 MHz, 3996 MHz, 0 %, 0 %
2026/09/22 01:47:03.179, 4, 180.58 W, 35, 120 MHz, 3996 MHz, 0 %, 0 %
2026/09/22 01:47:03.179, 5, 178.64 W, 33, 120 MHz, 3996 MHz, 0 %, 0 %
2026/09/22 01:47:03.179, 6, 178.44 W, 30, 120 MHz, 3996 MHz, 0 %, 0 %
2026/09/22 01:47:03.179, 7, 181.38 W, 30, 120 MHz, 3996 MHz, 0 %, 0 %
2026/09/22 01:47:04.179, 0, 233.50 W, 37, 2032 MHz, 3996 MHz, 0 %, 0 %
2026/09/22 01:47:04.179, 1, 236.43 W, 38, 2032 MHz, 3996 MHz, 0 %, 0 %
2026/09/22 01:47:04.179, 2, 228.07 W, 31, 2032 MHz, 3996 MHz, 0 %, 0 %
2026/09/22 01:47:04.179, 3, 230.16 W, 31, 2032 MHz, 3996 MHz, 0 %, 0 %
2026/09/22 01:47:04.179, 4, 180.58 W, 35, 120 MHz, 3996 MHz, 0 %, 0 %
2026/09/22 01:47:04.179, 5, 178.64 W, 33, 120 MHz, 3996 MHz, 0 %, 0 %
2026/09/22 01:47:04.179, 6, 178.53 W, 30, 120 MHz, 3996 MHz, 0 %, 0 %
2026/09/22 01:47:04.180, 7, 181.18 W, 30, 120 MHz, 3996 MHz, 0 %, 0 %
2026/09/22 01:47:05.180, 0, 233.49 W, 37, 2032 MHz, 3996 MHz, 0 %, 0 %
2026/09/22 01:47:05.180, 1, 236.60 W, 38, 2032 MHz, 3996 MHz, 0 %, 0 %
2026/09/22 01:47:05.180, 2, 228.07 W, 31, 2032 MHz, 3996 MHz, 0 %, 0 %
2026/09/22 01:47:05.180, 3, 230.16 W, 31, 2032 MHz, 3996 MHz, 0 %, 0 %
2026/09/22 01:47:05.180, 4, 180.58 W, 35, 120 MHz, 3996 MHz, 0 %, 0 %
2026/09/22 01:47:05.180, 5, 178.64 W, 33, 120 MHz, 3996 MHz, 0 %, 0 %
2026/09/22 01:47:05.180, 6, 178.57 W, 30, 120 MHz, 3996 MHz, 0 %, 0 %
2026/09/22 01:47:05.180, 7, 181.46 W, 30, 120 MHz, 3996 MHz, 0 %, 0 %
2026/09/22 01:47:06.180, 0, 233.50 W, 37, 2032 MHz, 3996 MHz, 0 %, 0 %
2026/09/22 01:47:06.180, 1, 236.47 W, 38, 2032 MHz, 3996 MHz, 0 %, 0 %
2026/09/22 01:47:06.180, 2, 228.07 W, 31, 2032 MHz, 3996 MHz, 0 %, 0 %
2026/09/22 01:47:06.180, 3, 230.15 W, 31, 2032 MHz, 3996 MHz, 0 %, 0 %
2026/09/22 01:47:06.180, 4, 180.58 W, 35, 120 MHz, 3996 MHz, 0 %, 0 %
2026/09/22 01:47:06.180, 5, 178.64 W, 33, 120 MHz, 3996 MHz, 0 %, 0 %
2026/09/22 01:47:06.180, 6, 178.51 W, 30, 120 MHz, 3996 MHz, 0 %, 0 %
2026/09/22 01:47:06.180, 7, 181.26 W, 30, 120 MHz, 3996 MHz, 0 %, 0 %
2026/09/22 01:47:07.180, 0, 233.48 W, 37, 2032 MHz, 3996 MHz, 0 %, 0 %
2026/09/22 01:47:07.180, 1, 236.52 W, 38, 2032 MHz, 3996 MHz, 0 %, 0 %
2026/09/22 01:47:07.180, 2, 228.07 W, 31, 2032 MHz, 3996 MHz, 0 %, 0 %
2026/09/22 01:47:07.180, 3, 230.16 W, 31, 2032 MHz, 3996 MHz, 0 %, 0 %
2026/09/22 01:47:07.180, 4, 180.58 W, 35, 120 MHz, 3996 MHz, 0 %, 0 %
2026/09/22 01:47:07.180, 5, 178.64 W, 33, 120 MHz, 3996 MHz, 0 %, 0 %
2026/09/22 01:47:07.180, 6, 178.28 W, 30, 120 MHz, 3996 MHz, 0 %, 0 %
2026/09/22 01:47:07.180, 7, 181.18 W, 30, 120 MHz, 3996 MHz, 0 %, 0 %
2026/09/22 01:47:08.180, 0, 233.52 W, 37, 2032 MHz, 3996 MHz, 0 %, 0 %
2026/09/22 01:47:08.180, 1, 236.45 W, 38, 2032 MHz, 3996 MHz, 0 %, 0 %
2026/09/22 01:47:08.180, 2, 228.30 W, 31, 2032 MHz, 3996 MHz, 0 %, 0 %
2026/09/22 01:47:08.180, 3, 230.46 W, 31, 2032 MHz, 3996 MHz, 0 %, 0 %
2026/09/22 01:47:08.181, 4, 180.58 W, 35, 120 MHz, 3996 MHz, 0 %, 0 %
2026/09/22 01:47:08.181, 5, 178.64 W, 33, 120 MHz, 3996 MHz, 0 %, 0 %
2026/09/22 01:47:08.181, 6, 178.37 W, 30, 120 MHz, 3996 MHz, 0 %, 0 %
2026/09/22 01:47:08.181, 7, 181.31 W, 30, 120 MHz, 3996 MHz, 0 %, 0 %
2026/09/22 01:47:09.181, 0, 233.50 W, 37, 2032 MHz, 3996 MHz, 0 %, 0 %
2026/09/22 01:47:09.181, 1, 236.62 W, 38, 2032 MHz, 3996 MHz, 0 %, 0 %
2026/09/22 01:47:09.181, 2, 228.07 W, 31, 2032 MHz, 3996 MHz, 0 %, 0 %
2026/09/22 01:47:09.181, 3, 230.15 W, 31, 2032 MHz, 3996 MHz, 0 %, 0 %
2026/09/22 01:47:09.181, 4, 180.58 W, 35, 120 MHz, 3996 MHz, 0 %, 0 %
2026/09/22 01:47:09.181, 5, 178.64 W, 33, 120 MHz, 3996 MHz, 0 %, 0 %
2026/09/22 01:47:09.181, 6, 178.21 W, 30, 120 MHz, 3996 MHz, 0 %, 0 %
2026/09/22 01:47:09.181, 7, 181.30 W, 30, 120 MHz, 3996 MHz, 0 %, 0 %
2026/09/22 01:47:10.181, 0, 233.52 W, 37, 2032 MHz, 3996 MHz, 0 %, 0 %
2026/09/22 01:47:10.181, 1, 236.66 W, 38, 2032 MHz, 3996 MHz, 0 %, 0 %
2026/09/22 01:47:10.181, 2, 228.07 W, 31, 2032 MHz, 3996 MHz, 0 %, 0 %
2026/09/22 01:47:10.181, 3, 230.16 W, 31, 2032 MHz, 3996 MHz, 0 %, 0 %
2026/09/22 01:47:10.181, 4, 180.58 W, 35, 120 MHz, 3996 MHz, 0 %, 0 %
2026/09/22 01:47:10.181, 5, 178.64 W, 33, 120 MHz, 3996 MHz, 0 %, 0 %
2026/09/22 01:47:10.181, 6, 178.63 W, 30, 120 MHz, 3996 MHz, 0 %, 0 %
2026/09/22 01:47:10.181, 7, 181.42 W, 30, 120 MHz, 3996 MHz, 0 %, 0 %
2026/09/22 01:47:11.181, 0, 233.50 W, 37, 2032 MHz, 3996 MHz, 0 %, 0 %
2026/09/22 01:47:11.181, 1, 236.37 W, 38, 2032 MHz, 3996 MHz, 0 %, 0 %
2026/09/22 01:47:11.181, 2, 228.07 W, 31, 2032 MHz, 3996 MHz, 0 %, 0 %
2026/09/22 01:47:11.181, 3, 230.16 W, 31, 2032 MHz, 3996 MHz, 0 %, 0 %
2026/09/22 01:47:11.181, 4, 180.58 W, 35, 120 MHz, 3996 MHz, 0 %, 0 %
2026/09/22 01:47:11.181, 5, 178.64 W, 33, 120 MHz, 3996 MHz, 0 %, 0 %
2026/09/22 01:47:11.181, 6, 178.41 W, 30, 120 MHz, 3996 MHz, 0 %, 0 %
2026/09/22 01:47:11.181, 7, 181.42 W, 30, 120 MHz, 3996 MHz, 0 %, 0 %
2026/09/22 01:47:12.182, 0, 233.48 W, 36, 2032 MHz, 3996 MHz, 0 %, 0 %
2026/09/22 01:47:12.182, 1, 236.87 W, 38, 2032 MHz, 3996 MHz, 0 %, 0 %
2026/09/22 01:47:12.182, 2, 228.07 W, 31, 2032 MHz, 3996 MHz, 0 %, 0 %
2026/09/22 01:47:12.182, 3, 230.16 W, 31, 2032 MHz, 3996 MHz, 0 %, 0 %
2026/09/22 01:47:12.182, 4, 180.58 W, 35, 120 MHz, 3996 MHz, 0 %, 0 %
2026/09/22 01:47:12.182, 5, 178.64 W, 33, 120 MHz, 3996 MHz, 0 %, 0 %
2026/09/22 01:47:12.182, 6, 178.45 W, 30, 120 MHz, 3996 MHz, 0 %, 0 %
2026/09/22 01:47:12.182, 7, 181.34 W, 30, 120 MHz, 3996 MHz, 0 %, 0 %
2026/09/22 01:47:13.182, 0, 233.49 W, 37, 2032 MHz, 3996 MHz, 0 %, 0 %
2026/09/22 01:47:13.182, 1, 236.90 W, 38, 2032 MHz, 3996 MHz, 0 %, 0 %
2026/09/22 01:47:13.182, 2, 228.07 W, 31, 2032 MHz, 3996 MHz, 0 %, 0 %
2026/09/22 01:47:13.182, 3, 230.16 W, 31, 2032 MHz, 3996 MHz, 0 %, 0 %
2026/09/22 01:47:13.182, 4, 180.58 W, 35, 120 MHz, 3996 MHz, 0 %, 0 %
2026/09/22 01:47:13.182, 5, 178.64 W, 33, 120 MHz, 3996 MHz, 0 %, 0 %
2026/09/22 01:47:13.182, 6, 178.74 W, 30, 120 MHz, 3996 MHz, 0 %, 0 %
2026/09/22 01:47:13.182, 7, 181.42 W, 30, 120 MHz, 3996 MHz, 0 %, 0 %
2026/09/22 01:47:14.182, 0, 233.48 W, 36, 2032 MHz, 3996 MHz, 0 %, 0 %
2026/09/22 01:47:14.182, 1, 236.43 W, 38, 2032 MHz, 3996 MHz, 0 %, 0 %
2026/09/22 01:47:14.182, 2, 228.07 W, 31, 2032 MHz, 3996 MHz, 0 %, 0 %
2026/09/22 01:47:14.182, 3, 230.15 W, 31, 2032 MHz, 3996 MHz, 0 %, 0 %
2026/09/22 01:47:14.182, 4, 180.58 W, 35, 120 MHz, 3996 MHz, 0 %, 0 %
2026/09/22 01:47:14.182, 5, 178.64 W, 33, 120 MHz, 3996 MHz, 0 %, 0 %
2026/09/22 01:47:14.182, 6, 178.66 W, 30, 120 MHz, 3996 MHz, 0 %, 0 %
2026/09/22 01:47:14.182, 7, 181.35 W, 30, 120 MHz, 3996 MHz, 0 %, 0 %
2026/09/22 01:47:15.182, 0, 233.50 W, 36, 2032 MHz, 3996 MHz, 0 %, 0 %
2026/09/22 01:47:15.182, 1, 236.39 W, 38, 2032 MHz, 3996 MHz, 0 %, 0 %
2026/09/22 01:47:15.182, 2, 228.07 W, 31, 2032 MHz, 3996 MHz, 0 %, 0 %
2026/09/22 01:47:15.182, 3, 230.16 W, 31, 2032 MHz, 3996 MHz, 0 %, 0 %
2026/09/22 01:47:15.182, 4, 180.58 W, 35, 120 MHz, 3996 MHz, 0 %, 0 %
2026/09/22 01:47:15.182, 5, 178.64 W, 33, 120 MHz, 3996 MHz, 0 %, 0 %
2026/09/22 01:47:15.182, 6, 178.65 W, 30, 120 MHz, 3996 MHz, 0 %, 0 %
2026/09/22 01:47:15.183, 7, 181.35 W, 30, 120 MHz, 3996 MHz, 0 %, 0 %
2026/09/22 01:47:16.183, 0, 233.48 W, 37, 2032 MHz, 3996 MHz, 0 %, 0 %
2026/09/22 01:47:16.183, 1, 236.87 W, 38, 2032 MHz, 3996 MHz, 0 %, 0 %
2026/09/22 01:47:16.183, 2, 228.07 W, 31, 2032 MHz, 3996 MHz, 0 %, 0 %
2026/09/22 01:47:16.183, 3, 230.16 W, 31, 2032 MHz, 3996 MHz, 0 %, 0 %
2026/09/22 01:47:16.183, 4, 180.58 W, 35, 120 MHz, 3996 MHz, 0 %, 0 %
2026/09/22 01:47:16.183, 5, 178.64 W, 33, 120 MHz, 3996 MHz, 0 %, 0 %
2026/09/22 01:47:16.183, 6, 178.51 W, 30, 120 MHz, 3996 MHz, 0 %, 0 %
2026/09/22 01:47:16.183, 7, 181.42 W, 30, 120 MHz, 3996 MHz, 0 %, 0 %
2026/09/22 01:47:17.183, 0, 233.49 W, 36, 2032 MHz, 3996 MHz, 0 %, 0 %
2026/09/22 01:47:17.183, 1, 236.39 W, 38, 2032 MHz, 3996 MHz, 0 %, 0 %
2026/09/22 01:47:17.183, 2, 228.07 W, 31, 2032 MHz, 3996 MHz, 0 %, 0 %
2026/09/22 01:47:17.183, 3, 230.15 W, 31, 2032 MHz, 3996 MHz, 0 %, 0 %
2026/09/22 01:47:17.183, 4, 180.58 W, 35, 120 MHz, 3996 MHz, 0 %, 0 %
2026/09/22 01:47:17.183, 5, 178.64 W, 33, 120 MHz, 3996 MHz, 0 %, 0 %
2026/09/22 01:47:17.183, 6, 178.41 W, 30, 120 MHz, 3996 MHz, 0 %, 0 %
2026/09/22 01:47:17.183, 7, 181.38 W, 30, 120 MHz, 3996 MHz, 0 %, 0 %
2026/09/22 01:47:18.183, 0, 233.49 W, 37, 2032 MHz, 3996 MHz, 0 %, 0 %
2026/09/22 01:47:18.183, 1, 236.60 W, 38, 2032 MHz, 3996 MHz, 0 %, 0 %
2026/09/22 01:47:18.183, 2, 228.07 W, 31, 2032 MHz, 3996 MHz, 0 %, 0 %
2026/09/22 01:47:18.183, 3, 230.16 W, 31, 2032 MHz, 3996 MHz, 0 %, 0 %
2026/09/22 01:47:18.183, 4, 180.58 W, 35, 120 MHz, 3996 MHz, 0 %, 0 %
2026/09/22 01:47:18.183, 5, 178.64 W, 33, 120 MHz, 3996 MHz, 0 %, 0 %
2026/09/22 01:47:18.183, 6, 178.76 W, 30, 120 MHz, 3996 MHz, 0 %, 0 %
2026/09/22 01:47:18.183, 7, 181.38 W, 30, 120 MHz, 3996 MHz, 0 %, 0 %
2026/09/22 01:47:19.183, 0, 233.50 W, 37, 2032 MHz, 3996 MHz, 0 %, 0 %
2026/09/22 01:47:19.183, 1, 236.35 W, 38, 2032 MHz, 3996 MHz, 0 %, 0 %
2026/09/22 01:47:19.184, 2, 228.07 W, 31, 2032 MHz, 3996 MHz, 0 %, 0 %
2026/09/22 01:47:19.184, 3, 230.16 W, 31, 2032 MHz, 3996 MHz, 0 %, 0 %
2026/09/22 01:47:19.184, 4, 180.58 W, 35, 120 MHz, 3996 MHz, 0 %, 0 %
2026/09/22 01:47:19.184, 5, 178.64 W, 33, 120 MHz, 3996 MHz, 0 %, 0 %
2026/09/22 01:47:19.184, 6, 178.66 W, 30, 120 MHz, 3996 MHz, 0 %, 0 %
2026/09/22 01:47:19.184, 7, 181.50 W, 30, 120 MHz, 3996 MHz, 0 %, 0 %
2026/09/22 01:47:20.184, 0, 233.67 W, 36, 2032 MHz, 3996 MHz, 0 %, 0 %
2026/09/22 01:47:20.184, 1, 237.01 W, 38, 2032 MHz, 3996 MHz, 0 %, 0 %
2026/09/22 01:47:20.184, 2, 228.41 W, 31, 2032 MHz, 3996 MHz, 0 %, 0 %
2026/09/22 01:47:20.184, 3, 230.50 W, 31, 2032 MHz, 3996 MHz, 0 %, 0 %
2026/09/22 01:47:20.184, 4, 180.62 W, 35, 120 MHz, 3996 MHz, 0 %, 0 %
2026/09/22 01:47:20.184, 5, 178.64 W, 33, 120 MHz, 3996 MHz, 0 %, 0 %
2026/09/22 01:47:20.184, 6, 178.80 W, 30, 120 MHz, 3996 MHz, 0 %, 0 %
2026/09/22 01:47:20.184, 7, 181.42 W, 30, 120 MHz, 3996 MHz, 0 %, 0 %
2026/09/22 01:47:21.184, 0, 233.50 W, 37, 2032 MHz, 3996 MHz, 0 %, 0 %
2026/09/22 01:47:21.184, 1, 236.56 W, 38, 2032 MHz, 3996 MHz, 0 %, 0 %
2026/09/22 01:47:21.184, 2, 228.07 W, 31, 2032 MHz, 3996 MHz, 0 %, 0 %
2026/09/22 01:47:21.184, 3, 230.15 W, 31, 2032 MHz, 3996 MHz, 0 %, 0 %
2026/09/22 01:47:21.184, 4, 180.58 W, 35, 120 MHz, 3996 MHz, 0 %, 0 %
2026/09/22 01:47:21.184, 5, 178.64 W, 33, 120 MHz, 3996 MHz, 0 %, 0 %
2026/09/22 01:47:21.184, 6, 178.57 W, 30, 120 MHz, 3996 MHz, 0 %, 0 %
2026/09/22 01:47:21.184, 7, 181.46 W, 30, 120 MHz, 3996 MHz, 0 %, 0 %
2026/09/22 01:47:22.184, 0, 233.50 W, 37, 2032 MHz, 3996 MHz, 0 %, 0 %
2026/09/22 01:47:22.184, 1, 236.45 W, 38, 2032 MHz, 3996 MHz, 0 %, 0 %
2026/09/22 01:47:22.184, 2, 228.07 W, 31, 2032 MHz, 3996 MHz, 0 %, 0 %
2026/09/22 01:47:22.184, 3, 230.16 W, 31, 2032 MHz, 3996 MHz, 0 %, 0 %
2026/09/22 01:47:22.184, 4, 180.58 W, 35, 120 MHz, 3996 MHz, 0 %, 0 %
2026/09/22 01:47:22.184, 5, 178.64 W, 33, 120 MHz, 3996 MHz, 0 %, 0 %
2026/09/22 01:47:22.185, 6, 178.59 W, 30, 120 MHz, 3996 MHz, 0 %, 0 %
2026/09/22 01:47:22.185, 7, 181.23 W, 30, 120 MHz, 3996 MHz, 0 %, 0 %
2026/09/22 01:47:23.185, 0, 233.50 W, 36, 2032 MHz, 3996 MHz, 0 %, 0 %
2026/09/22 01:47:23.185, 1, 236.70 W, 38, 2032 MHz, 3996 MHz, 0 %, 0 %
2026/09/22 01:47:23.185, 2, 228.07 W, 31, 2032 MHz, 3996 MHz, 0 %, 0 %
2026/09/22 01:47:23.185, 3, 230.15 W, 31, 2032 MHz, 3996 MHz, 0 %, 0 %
2026/09/22 01:47:23.185, 4, 180.58 W, 35, 120 MHz, 3996 MHz, 0 %, 0 %
2026/09/22 01:47:23.185, 5, 178.64 W, 33, 120 MHz, 3996 MHz, 0 %, 0 %
2026/09/22 01:47:23.185, 6, 178.72 W, 30, 120 MHz, 3996 MHz, 0 %, 0 %
2026/09/22 01:47:23.185, 7, 181.34 W, 30, 120 MHz, 3996 MHz, 0 %, 0 %
2026/09/22 01:47:24.185, 0, 233.48 W, 36, 2032 MHz, 3996 MHz, 0 %, 0 %
2026/09/22 01:47:24.185, 1, 236.23 W, 38, 2032 MHz, 3996 MHz, 0 %, 0 %
2026/09/22 01:47:24.185, 2, 228.07 W, 31, 2032 MHz, 3996 MHz, 0 %, 0 %
2026/09/22 01:47:24.185, 3, 230.16 W, 31, 2032 MHz, 3996 MHz, 0 %, 0 %
2026/09/22 01:47:24.185, 4, 180.58 W, 35, 120 MHz, 3996 MHz, 0 %, 0 %
2026/09/22 01:47:24.185, 5, 178.64 W, 33, 120 MHz, 3996 MHz, 0 %, 0 %
2026/09/22 01:47:24.185, 6, 178.82 W, 30, 120 MHz, 3996 MHz, 0 %, 0 %
2026/09/22 01:47:24.185, 7, 181.38 W, 30, 120 MHz, 3996 MHz, 0 %, 0 %
2026/09/22 01:47:25.185, 0, 233.49 W, 36, 2032 MHz, 3996 MHz, 0 %, 0 %
2026/09/22 01:47:25.185, 1, 236.72 W, 38, 2032 MHz, 3996 MHz, 0 %, 0 %
2026/09/22 01:47:25.185, 2, 228.07 W, 31, 2032 MHz, 3996 MHz, 0 %, 0 %
2026/09/22 01:47:25.185, 3, 230.16 W, 31, 2032 MHz, 3996 MHz, 0 %, 0 %
2026/09/22 01:47:25.185, 4, 180.58 W, 35, 120 MHz, 3996 MHz, 0 %, 0 %
2026/09/22 01:47:25.185, 5, 178.64 W, 33, 120 MHz, 3996 MHz, 0 %, 0 %
2026/09/22 01:47:25.185, 6, 178.61 W, 30, 120 MHz, 3996 MHz, 0 %, 0 %
2026/09/22 01:47:25.185, 7, 181.38 W, 30, 120 MHz, 3996 MHz, 0 %, 0 %
2026/09/22 01:47:26.185, 0, 233.50 W, 36, 2032 MHz, 3996 MHz, 0 %, 0 %
2026/09/22 01:47:26.185, 1, 236.62 W, 38, 2032 MHz, 3996 MHz, 0 %, 0 %
2026/09/22 01:47:26.186, 2, 228.07 W, 31, 2032 MHz, 3996 MHz, 0 %, 0 %
2026/09/22 01:47:26.186, 3, 230.15 W, 31, 2032 MHz, 3996 MHz, 0 %, 0 %
2026/09/22 01:47:26.186, 4, 180.58 W, 35, 120 MHz, 3996 MHz, 0 %, 0 %
2026/09/22 01:47:26.186, 5, 178.64 W, 33, 120 MHz, 3996 MHz, 0 %, 0 %
2026/09/22 01:47:26.186, 6, 178.70 W, 30, 120 MHz, 3996 MHz, 0 %, 0 %
2026/09/22 01:47:26.186, 7, 181.16 W, 30, 120 MHz, 3996 MHz, 0 %, 0 %
2026/09/22 01:47:27.186, 0, 233.52 W, 36, 2032 MHz, 3996 MHz, 0 %, 0 %
2026/09/22 01:47:27.186, 1, 236.60 W, 38, 2032 MHz, 3996 MHz, 0 %, 0 %
2026/09/22 01:47:27.186, 2, 228.07 W, 31, 2032 MHz, 3996 MHz, 0 %, 0 %
2026/09/22 01:47:27.186, 3, 230.16 W, 31, 2032 MHz, 3996 MHz, 0 %, 0 %
2026/09/22 01:47:27.186, 4, 180.58 W, 35, 120 MHz, 3996 MHz, 0 %, 0 %
2026/09/22 01:47:27.186, 5, 178.64 W, 33, 120 MHz, 3996 MHz, 0 %, 0 %
2026/09/22 01:47:27.186, 6, 178.80 W, 30, 120 MHz, 3996 MHz, 0 %, 0 %
2026/09/22 01:47:27.186, 7, 181.26 W, 30, 120 MHz, 3996 MHz, 0 %, 0 %
2026/09/22 01:47:28.186, 0, 233.50 W, 37, 2032 MHz, 3996 MHz, 0 %, 0 %
2026/09/22 01:47:28.186, 1, 236.54 W, 38, 2032 MHz, 3996 MHz, 0 %, 0 %
2026/09/22 01:47:28.186, 2, 228.07 W, 31, 2032 MHz, 3996 MHz, 0 %, 0 %
2026/09/22 01:47:28.186, 3, 230.15 W, 31, 2032 MHz, 3996 MHz, 0 %, 0 %
2026/09/22 01:47:28.186, 4, 180.58 W, 35, 120 MHz, 3996 MHz, 0 %, 0 %
2026/09/22 01:47:28.186, 5, 178.64 W, 33, 120 MHz, 3996 MHz, 0 %, 0 %
2026/09/22 01:47:28.186, 6, 178.51 W, 30, 120 MHz, 3996 MHz, 0 %, 0 %
2026/09/22 01:47:28.186, 7, 181.38 W, 30, 120 MHz, 3996 MHz, 0 %, 0 %
2026/09/22 01:47:29.186, 0, 233.50 W, 36, 2032 MHz, 3996 MHz, 0 %, 0 %
2026/09/22 01:47:29.186, 1, 236.74 W, 38, 2032 MHz, 3996 MHz, 0 %, 0 %
2026/09/22 01:47:29.186, 2, 228.07 W, 31, 2032 MHz, 3996 MHz, 0 %, 0 %
2026/09/22 01:47:29.186, 3, 230.15 W, 31, 2032 MHz, 3996 MHz, 0 %, 0 %
2026/09/22 01:47:29.186, 4, 180.62 W, 35, 120 MHz, 3996 MHz, 0 %, 0 %
2026/09/22 01:47:29.186, 5, 178.64 W, 33, 120 MHz, 3996 MHz, 0 %, 0 %
2026/09/22 01:47:29.186, 6, 178.62 W, 30, 120 MHz, 3996 MHz, 0 %, 0 %
2026/09/22 01:47:29.186, 7, 181.15 W, 30, 120 MHz, 3996 MHz, 0 %, 0 %
2026/09/22 01:47:30.186, 0, 233.50 W, 37, 2032 MHz, 3996 MHz, 0 %, 0 %
2026/09/22 01:47:30.187, 1, 236.64 W, 38, 2032 MHz, 3996 MHz, 0 %, 0 %
2026/09/22 01:47:30.187, 2, 228.07 W, 31, 2032 MHz, 3996 MHz, 0 %, 0 %
2026/09/22 01:47:30.187, 3, 230.16 W, 31, 2032 MHz, 3996 MHz, 0 %, 0 %
2026/09/22 01:47:30.187, 4, 180.58 W, 35, 120 MHz, 3996 MHz, 0 %, 0 %
2026/09/22 01:47:30.187, 5, 178.64 W, 33, 120 MHz, 3996 MHz, 0 %, 0 %
2026/09/22 01:47:30.187, 6, 178.66 W, 30, 120 MHz, 3996 MHz, 0 %, 0 %
2026/09/22 01:47:30.187, 7, 181.46 W, 30, 120 MHz, 3996 MHz, 0 %, 0 %
2026/09/22 01:47:31.187, 0, 233.49 W, 37, 2032 MHz, 3996 MHz, 0 %, 0 %
2026/09/22 01:47:31.187, 1, 236.31 W, 38, 2032 MHz, 3996 MHz, 0 %, 0 %
2026/09/22 01:47:31.187, 2, 228.07 W, 31, 2032 MHz, 3996 MHz, 0 %, 0 %
2026/09/22 01:47:31.187, 3, 230.15 W, 32, 2032 MHz, 3996 MHz, 0 %, 0 %
2026/09/22 01:47:31.187, 4, 180.58 W, 35, 120 MHz, 3996 MHz, 0 %, 0 %
2026/09/22 01:47:31.187, 5, 178.64 W, 33, 120 MHz, 3996 MHz, 0 %, 0 %
2026/09/22 01:47:31.187, 6, 178.84 W, 30, 120 MHz, 3996 MHz, 0 %, 0 %
2026/09/22 01:47:31.187, 7, 181.50 W, 30, 120 MHz, 3996 MHz, 0 %, 0 %
2026/09/22 01:47:32.187, 0, 233.65 W, 37, 2032 MHz, 3996 MHz, 0 %, 0 %
2026/09/22 01:47:32.187, 1, 236.43 W, 38, 2032 MHz, 3996 MHz, 0 %, 0 %
2026/09/22 01:47:32.187, 2, 228.49 W, 31, 2032 MHz, 3996 MHz, 37 %, 0 %
2026/09/22 01:47:32.187, 3, 230.58 W, 32, 2032 MHz, 3996 MHz, 39 %, 0 %
2026/09/22 01:47:32.187, 4, 180.62 W, 35, 120 MHz, 3996 MHz, 0 %, 0 %
2026/09/22 01:47:32.187, 5, 178.64 W, 33, 120 MHz, 3996 MHz, 0 %, 0 %
2026/09/22 01:47:32.187, 6, 179.04 W, 30, 120 MHz, 3996 MHz, 0 %, 0 %
2026/09/22 01:47:32.187, 7, 181.34 W, 30, 120 MHz, 3996 MHz, 0 %, 0 %
2026/09/22 01:47:33.187, 0, 233.49 W, 37, 2032 MHz, 3996 MHz, 0 %, 0 %
2026/09/22 01:47:33.187, 1, 236.49 W, 38, 2032 MHz, 3996 MHz, 0 %, 0 %
2026/09/22 01:47:33.187, 2, 228.07 W, 31, 2032 MHz, 3996 MHz, 0 %, 0 %
2026/09/22 01:47:33.187, 3, 230.15 W, 32, 2032 MHz, 3996 MHz, 0 %, 0 %
2026/09/22 01:47:33.187, 4, 180.58 W, 35, 120 MHz, 3996 MHz, 0 %, 0 %
2026/09/22 01:47:33.187, 5, 178.64 W, 33, 120 MHz, 3996 MHz, 0 %, 0 %
2026/09/22 01:47:33.187, 6, 179.05 W, 30, 120 MHz, 3996 MHz, 0 %, 0 %
2026/09/22 01:47:33.188, 7, 181.46 W, 30, 120 MHz, 3996 MHz, 0 %, 0 %
2026/09/22 01:47:34.188, 0, 233.51 W, 37, 2032 MHz, 3996 MHz, 0 %, 0 %
2026/09/22 01:47:34.188, 1, 236.66 W, 38, 2032 MHz, 3996 MHz, 0 %, 0 %
2026/09/22 01:47:34.188, 2, 228.07 W, 31, 2032 MHz, 3996 MHz, 0 %, 0 %
2026/09/22 01:47:34.188, 3, 230.16 W, 32, 2032 MHz, 3996 MHz, 0 %, 0 %
2026/09/22 01:47:34.188, 4, 180.58 W, 35, 120 MHz, 3996 MHz, 0 %, 0 %
2026/09/22 01:47:34.188, 5, 178.64 W, 33, 120 MHz, 3996 MHz, 0 %, 0 %
2026/09/22 01:47:34.188, 6, 178.84 W, 30, 120 MHz, 3996 MHz, 0 %, 0 %
2026/09/22 01:47:34.188, 7, 181.38 W, 30, 120 MHz, 3996 MHz, 0 %, 0 %
2026/09/22 01:47:35.188, 0, 233.46 W, 37, 2032 MHz, 3996 MHz, 0 %, 0 %
2026/09/22 01:47:35.188, 1, 236.79 W, 38, 2032 MHz, 3996 MHz, 0 %, 0 %
2026/09/22 01:47:35.188, 2, 228.07 W, 31, 2032 MHz, 3996 MHz, 0 %, 0 %
2026/09/22 01:47:35.188, 3, 230.16 W, 32, 2032 MHz, 3996 MHz, 0 %, 0 %
2026/09/22 01:47:35.188, 4, 180.58 W, 35, 120 MHz, 3996 MHz, 0 %, 0 %
2026/09/22 01:47:35.188, 5, 178.64 W, 33, 120 MHz, 3996 MHz, 0 %, 0 %
2026/09/22 01:47:35.188, 6, 178.73 W, 30, 120 MHz, 3996 MHz, 0 %, 0 %
2026/09/22 01:47:35.188, 7, 181.34 W, 30, 120 MHz, 3996 MHz, 0 %, 0 %
2026/09/22 01:47:36.188, 0, 233.49 W, 37, 2032 MHz, 3996 MHz, 0 %, 0 %
2026/09/22 01:47:36.188, 1, 236.78 W, 38, 2032 MHz, 3996 MHz, 0 %, 0 %
2026/09/22 01:47:36.188, 2, 228.07 W, 31, 2032 MHz, 3996 MHz, 0 %, 0 %
2026/09/22 01:47:36.188, 3, 230.16 W, 32, 2032 MHz, 3996 MHz, 0 %, 0 %
2026/09/22 01:47:36.188, 4, 180.58 W, 35, 120 MHz, 3996 MHz, 0 %, 0 %
2026/09/22 01:47:36.188, 5, 178.64 W, 33, 120 MHz, 3996 MHz, 0 %, 0 %
2026/09/22 01:47:36.188, 6, 179.01 W, 30, 120 MHz, 3996 MHz, 0 %, 0 %
2026/09/22 01:47:36.188, 7, 181.42 W, 30, 120 MHz, 3996 MHz, 0 %, 0 %
2026/09/22 01:47:37.188, 0, 233.49 W, 37, 2032 MHz, 3996 MHz, 0 %, 0 %
2026/09/22 01:47:37.188, 1, 236.76 W, 38, 2032 MHz, 3996 MHz, 0 %, 0 %
2026/09/22 01:47:37.188, 2, 228.07 W, 32, 2032 MHz, 3996 MHz, 0 %, 0 %
2026/09/22 01:47:37.189, 3, 230.16 W, 32, 2032 MHz, 3996 MHz, 0 %, 0 %
2026/09/22 01:47:37.189, 4, 180.58 W, 35, 120 MHz, 3996 MHz, 0 %, 0 %
2026/09/22 01:47:37.189, 5, 178.64 W, 33, 120 MHz, 3996 MHz, 0 %, 0 %
2026/09/22 01:47:37.189, 6, 178.82 W, 30, 120 MHz, 3996 MHz, 0 %, 0 %
2026/09/22 01:47:37.189, 7, 181.46 W, 30, 120 MHz, 3996 MHz, 0 %, 0 %
2026/09/22 01:47:38.189, 0, 233.49 W, 37, 2032 MHz, 3996 MHz, 0 %, 0 %
2026/09/22 01:47:38.189, 1, 236.35 W, 38, 2032 MHz, 3996 MHz, 0 %, 0 %
2026/09/22 01:47:38.189, 2, 228.07 W, 31, 2032 MHz, 3996 MHz, 0 %, 0 %
2026/09/22 01:47:38.189, 3, 230.16 W, 32, 2032 MHz, 3996 MHz, 0 %, 0 %
2026/09/22 01:47:38.189, 4, 180.58 W, 35, 120 MHz, 3996 MHz, 0 %, 0 %
2026/09/22 01:47:38.189, 5, 178.64 W, 33, 120 MHz, 3996 MHz, 0 %, 0 %
2026/09/22 01:47:38.189, 6, 178.66 W, 30, 120 MHz, 3996 MHz, 0 %, 0 %
2026/09/22 01:47:38.189, 7, 181.50 W, 30, 120 MHz, 3996 MHz, 0 %, 0 %
2026/09/22 01:47:39.189, 0, 233.50 W, 37, 2032 MHz, 3996 MHz, 0 %, 0 %
2026/09/22 01:47:39.189, 1, 236.76 W, 38, 2032 MHz, 3996 MHz, 0 %, 0 %
2026/09/22 01:47:39.189, 2, 228.07 W, 32, 2032 MHz, 3996 MHz, 0 %, 0 %
2026/09/22 01:47:39.189, 3, 230.16 W, 32, 2032 MHz, 3996 MHz, 0 %, 0 %
2026/09/22 01:47:39.189, 4, 180.58 W, 35, 120 MHz, 3996 MHz, 0 %, 0 %
2026/09/22 01:47:39.189, 5, 178.64 W, 33, 120 MHz, 3996 MHz, 0 %, 0 %
2026/09/22 01:47:39.189, 6, 178.88 W, 30, 120 MHz, 3996 MHz, 0 %, 0 %
2026/09/22 01:47:39.189, 7, 181.34 W, 30, 120 MHz, 3996 MHz, 0 %, 0 %
2026/09/22 01:47:40.189, 0, 233.50 W, 37, 2032 MHz, 3996 MHz, 0 %, 0 %
2026/09/22 01:47:40.189, 1, 237.05 W, 38, 2032 MHz, 3996 MHz, 0 %, 0 %
2026/09/22 01:47:40.189, 2, 228.07 W, 31, 2032 MHz, 3996 MHz, 0 %, 0 %
2026/09/22 01:47:40.189, 3, 230.16 W, 32, 2032 MHz, 3996 MHz, 0 %, 0 %
2026/09/22 01:47:40.189, 4, 180.58 W, 35, 120 MHz, 3996 MHz, 0 %, 0 %
2026/09/22 01:47:40.189, 5, 178.64 W, 33, 120 MHz, 3996 MHz, 0 %, 0 %
2026/09/22 01:47:40.189, 6, 178.93 W, 30, 120 MHz, 3996 MHz, 0 %, 0 %
2026/09/22 01:47:40.189, 7, 181.34 W, 30, 120 MHz, 3996 MHz, 0 %, 0 %
2026/09/22 01:47:41.189, 0, 233.51 W, 37, 2032 MHz, 3996 MHz, 0 %, 0 %
2026/09/22 01:47:41.190, 1, 236.86 W, 38, 2032 MHz, 3996 MHz, 0 %, 0 %
2026/09/22 01:47:41.190, 2, 228.07 W, 31, 2032 MHz, 3996 MHz, 0 %, 0 %
2026/09/22 01:47:41.190, 3, 230.16 W, 32, 2032 MHz, 3996 MHz, 0 %, 0 %
2026/09/22 01:47:41.190, 4, 180.58 W, 35, 120 MHz, 3996 MHz, 0 %, 0 %
2026/09/22 01:47:41.190, 5, 178.64 W, 33, 120 MHz, 3996 MHz, 0 %, 0 %
2026/09/22 01:47:41.190, 6, 178.96 W, 30, 120 MHz, 3996 MHz, 0 %, 0 %
2026/09/22 01:47:41.190, 7, 181.50 W, 30, 120 MHz, 3996 MHz, 0 %, 0 %
2026/09/22 01:47:42.190, 0, 233.50 W, 37, 2032 MHz, 3996 MHz, 0 %, 0 %
2026/09/22 01:47:42.190, 1, 236.56 W, 38, 2032 MHz, 3996 MHz, 0 %, 0 %
2026/09/22 01:47:42.190, 2, 228.07 W, 31, 2032 MHz, 3996 MHz, 0 %, 0 %
2026/09/22 01:47:42.190, 3, 230.16 W, 32, 2032 MHz, 3996 MHz, 0 %, 0 %
2026/09/22 01:47:42.190, 4, 180.58 W, 35, 120 MHz, 3996 MHz, 0 %, 0 %
2026/09/22 01:47:42.190, 5, 178.64 W, 33, 120 MHz, 3996 MHz, 0 %, 0 %
2026/09/22 01:47:42.190, 6, 178.85 W, 30, 120 MHz, 3996 MHz, 0 %, 0 %
2026/09/22 01:47:42.190, 7, 181.42 W, 30, 120 MHz, 3996 MHz, 0 %, 0 %
2026/09/22 01:47:43.190, 0, 234.05 W, 37, 2032 MHz, 3996 MHz, 0 %, 0 %
2026/09/22 01:47:43.190, 1, 236.98 W, 38, 2032 MHz, 3996 MHz, 3 %, 1 %
2026/09/22 01:47:43.190, 2, 228.48 W, 31, 2032 MHz, 3996 MHz, 43 %, 1 %
2026/09/22 01:47:43.190, 3, 230.72 W, 32, 2032 MHz, 3996 MHz, 25 %, 1 %
2026/09/22 01:47:43.190, 4, 180.58 W, 35, 120 MHz, 3996 MHz, 0 %, 0 %
2026/09/22 01:47:43.190, 5, 178.64 W, 33, 120 MHz, 3996 MHz, 0 %, 0 %
2026/09/22 01:47:43.190, 6, 179.15 W, 30, 120 MHz, 3996 MHz, 0 %, 0 %
2026/09/22 01:47:43.190, 7, 181.38 W, 30, 120 MHz, 3996 MHz, 0 %, 0 %
2026/09/22 01:47:44.190, 0, 233.50 W, 37, 2032 MHz, 3996 MHz, 0 %, 0 %
2026/09/22 01:47:44.190, 1, 236.66 W, 38, 2032 MHz, 3996 MHz, 0 %, 0 %
2026/09/22 01:47:44.190, 2, 228.07 W, 31, 2032 MHz, 3996 MHz, 0 %, 0 %
2026/09/22 01:47:44.190, 3, 230.16 W, 31, 2032 MHz, 3996 MHz, 0 %, 0 %
2026/09/22 01:47:44.190, 4, 180.58 W, 35, 120 MHz, 3996 MHz, 0 %, 0 %
2026/09/22 01:47:44.190, 5, 178.64 W, 33, 120 MHz, 3996 MHz, 0 %, 0 %
2026/09/22 01:47:44.191, 6, 178.88 W, 30, 120 MHz, 3996 MHz, 0 %, 0 %
2026/09/22 01:47:44.191, 7, 181.34 W, 30, 120 MHz, 3996 MHz, 0 %, 0 %
2026/09/22 01:47:45.191, 0, 233.48 W, 37, 2032 MHz, 3996 MHz, 0 %, 0 %
2026/09/22 01:47:45.191, 1, 236.60 W, 38, 2032 MHz, 3996 MHz, 0 %, 0 %
2026/09/22 01:47:45.191, 2, 228.07 W, 31, 2032 MHz, 3996 MHz, 0 %, 0 %
2026/09/22 01:47:45.191, 3, 230.16 W, 31, 2032 MHz, 3996 MHz, 0 %, 0 %
2026/09/22 01:47:45.191, 4, 180.62 W, 35, 120 MHz, 3996 MHz, 0 %, 0 %
2026/09/22 01:47:45.191, 5, 178.64 W, 33, 120 MHz, 3996 MHz, 0 %, 0 %
2026/09/22 01:47:45.191, 6, 178.78 W, 30, 120 MHz, 3996 MHz, 0 %, 0 %
2026/09/22 01:47:45.191, 7, 181.38 W, 30, 120 MHz, 3996 MHz, 0 %, 0 %
2026/09/22 01:47:46.191, 0, 233.49 W, 37, 2032 MHz, 3996 MHz, 0 %, 0 %
2026/09/22 01:47:46.191, 1, 236.75 W, 38, 2032 MHz, 3996 MHz, 0 %, 0 %
2026/09/22 01:47:46.191, 2, 228.07 W, 31, 2032 MHz, 3996 MHz, 0 %, 0 %
2026/09/22 01:47:46.191, 3, 230.16 W, 31, 2032 MHz, 3996 MHz, 0 %, 0 %
2026/09/22 01:47:46.191, 4, 180.58 W, 35, 120 MHz, 3996 MHz, 0 %, 0 %
2026/09/22 01:47:46.191, 5, 178.64 W, 33, 120 MHz, 3996 MHz, 0 %, 0 %
2026/09/22 01:47:46.191, 6, 178.88 W, 30, 120 MHz, 3996 MHz, 0 %, 0 %
2026/09/22 01:47:46.191, 7, 181.42 W, 30, 120 MHz, 3996 MHz, 0 %, 0 %
2026/09/22 01:47:47.191, 0, 242.85 W, 37, 2032 MHz, 3996 MHz, 0 %, 0 %
2026/09/22 01:47:47.191, 1, 238.44 W, 38, 2032 MHz, 3996 MHz, 0 %, 0 %
2026/09/22 01:47:47.191, 2, 230.20 W, 31, 2032 MHz, 3996 MHz, 0 %, 0 %
2026/09/22 01:47:47.191, 3, 236.71 W, 32, 2032 MHz, 3996 MHz, 0 %, 0 %
2026/09/22 01:47:47.191, 4, 180.62 W, 35, 120 MHz, 3996 MHz, 0 %, 0 %
2026/09/22 01:47:47.191, 5, 178.64 W, 33, 120 MHz, 3996 MHz, 0 %, 0 %
2026/09/22 01:47:47.191, 6, 178.68 W, 30, 120 MHz, 3996 MHz, 0 %, 0 %
2026/09/22 01:47:47.191, 7, 181.46 W, 30, 120 MHz, 3996 MHz, 0 %, 0 %
2026/09/22 01:47:48.191, 0, 233.48 W, 37, 2032 MHz, 3996 MHz, 0 %, 0 %
2026/09/22 01:47:48.191, 1, 237.02 W, 38, 2032 MHz, 3996 MHz, 0 %, 0 %
2026/09/22 01:47:48.191, 2, 228.07 W, 31, 2032 MHz, 3996 MHz, 0 %, 0 %
2026/09/22 01:47:48.191, 3, 230.16 W, 31, 2032 MHz, 3996 MHz, 0 %, 0 %
2026/09/22 01:47:48.192, 4, 180.58 W, 35, 120 MHz, 3996 MHz, 0 %, 0 %
2026/09/22 01:47:48.192, 5, 178.64 W, 33, 120 MHz, 3996 MHz, 0 %, 0 %
2026/09/22 01:47:48.192, 6, 178.86 W, 30, 120 MHz, 3996 MHz, 0 %, 0 %
2026/09/22 01:47:48.192, 7, 181.38 W, 30, 120 MHz, 3996 MHz, 0 %, 0 %
2026/09/22 01:47:49.192, 0, 233.50 W, 37, 2032 MHz, 3996 MHz, 0 %, 0 %
2026/09/22 01:47:49.192, 1, 237.01 W, 38, 2032 MHz, 3996 MHz, 0 %, 0 %
2026/09/22 01:47:49.192, 2, 228.07 W, 31, 2032 MHz, 3996 MHz, 0 %, 0 %
2026/09/22 01:47:49.192, 3, 230.16 W, 31, 2032 MHz, 3996 MHz, 0 %, 0 %
2026/09/22 01:47:49.192, 4, 180.58 W, 35, 120 MHz, 3996 MHz, 0 %, 0 %
2026/09/22 01:47:49.192, 5, 178.64 W, 33, 120 MHz, 3996 MHz, 0 %, 0 %
2026/09/22 01:47:49.192, 6, 178.99 W, 30, 120 MHz, 3996 MHz, 0 %, 0 %
2026/09/22 01:47:49.192, 7, 181.42 W, 30, 120 MHz, 3996 MHz, 0 %, 0 %
2026/09/22 01:47:50.192, 0, 233.49 W, 37, 2032 MHz, 3996 MHz, 0 %, 0 %
2026/09/22 01:47:50.192, 1, 236.70 W, 38, 2032 MHz, 3996 MHz, 0 %, 0 %
2026/09/22 01:47:50.192, 2, 228.07 W, 31, 2032 MHz, 3996 MHz, 0 %, 0 %
2026/09/22 01:47:50.192, 3, 230.16 W, 31, 2032 MHz, 3996 MHz, 0 %, 0 %
2026/09/22 01:47:50.192, 4, 180.58 W, 35, 120 MHz, 3996 MHz, 0 %, 0 %
2026/09/22 01:47:50.192, 5, 178.64 W, 33, 120 MHz, 3996 MHz, 0 %, 0 %
2026/09/22 01:47:50.192, 6, 178.80 W, 30, 120 MHz, 3996 MHz, 0 %, 0 %
2026/09/22 01:47:50.192, 7, 181.38 W, 30, 120 MHz, 3996 MHz, 0 %, 0 %
2026/09/22 01:47:51.192, 0, 233.49 W, 37, 2032 MHz, 3996 MHz, 0 %, 0 %
2026/09/22 01:47:51.192, 1, 236.94 W, 38, 2032 MHz, 3996 MHz, 0 %, 0 %
2026/09/22 01:47:51.192, 2, 228.07 W, 31, 2032 MHz, 3996 MHz, 0 %, 0 %
2026/09/22 01:47:51.192, 3, 230.15 W, 31, 2032 MHz, 3996 MHz, 0 %, 0 %
2026/09/22 01:47:51.192, 4, 180.58 W, 35, 120 MHz, 3996 MHz, 0 %, 0 %
2026/09/22 01:47:51.192, 5, 178.64 W, 33, 120 MHz, 3996 MHz, 0 %, 0 %
2026/09/22 01:47:51.192, 6, 178.97 W, 30, 120 MHz, 3996 MHz, 0 %, 0 %
2026/09/22 01:47:51.192, 7, 181.30 W, 30, 120 MHz, 3996 MHz, 0 %, 0 %
2026/09/22 01:47:52.192, 0, 233.44 W, 37, 2032 MHz, 3996 MHz, 0 %, 0 %
2026/09/22 01:47:52.193, 1, 236.93 W, 38, 2032 MHz, 3996 MHz, 0 %, 0 %
2026/09/22 01:47:52.193, 2, 228.07 W, 31, 2032 MHz, 3996 MHz, 0 %, 0 %
2026/09/22 01:47:52.193, 3, 230.16 W, 31, 2032 MHz, 3996 MHz, 0 %, 0 %
2026/09/22 01:47:52.193, 4, 180.58 W, 35, 120 MHz, 3996 MHz, 0 %, 0 %
2026/09/22 01:47:52.193, 5, 178.64 W, 33, 120 MHz, 3996 MHz, 0 %, 0 %
2026/09/22 01:47:52.193, 6, 178.66 W, 30, 120 MHz, 3996 MHz, 0 %, 0 %
2026/09/22 01:47:52.193, 7, 181.26 W, 30, 120 MHz, 3996 MHz, 0 %, 0 %
2026/09/22 01:47:53.193, 0, 233.48 W, 37, 2032 MHz, 3996 MHz, 0 %, 0 %
2026/09/22 01:47:53.193, 1, 237.05 W, 38, 2032 MHz, 3996 MHz, 0 %, 0 %
2026/09/22 01:47:53.193, 2, 228.07 W, 31, 2032 MHz, 3996 MHz, 0 %, 0 %
2026/09/22 01:47:53.193, 3, 230.16 W, 31, 2032 MHz, 3996 MHz, 0 %, 0 %
2026/09/22 01:47:53.193, 4, 180.58 W, 35, 120 MHz, 3996 MHz, 0 %, 0 %
2026/09/22 01:47:53.193, 5, 178.64 W, 33, 120 MHz, 3996 MHz, 0 %, 0 %
2026/09/22 01:47:53.193, 6, 178.80 W, 30, 120 MHz, 3996 MHz, 0 %, 0 %
2026/09/22 01:47:53.193, 7, 181.34 W, 30, 120 MHz, 3996 MHz, 0 %, 0 %
2026/09/22 01:47:54.193, 0, 233.48 W, 37, 2032 MHz, 3996 MHz, 0 %, 0 %
2026/09/22 01:47:54.193, 1, 237.02 W, 38, 2032 MHz, 3996 MHz, 0 %, 0 %
2026/09/22 01:47:54.193, 2, 228.07 W, 31, 2032 MHz, 3996 MHz, 0 %, 0 %
2026/09/22 01:47:54.193, 3, 230.16 W, 31, 2032 MHz, 3996 MHz, 0 %, 0 %
2026/09/22 01:47:54.193, 4, 180.62 W, 35, 120 MHz, 3996 MHz, 0 %, 0 %
2026/09/22 01:47:54.193, 5, 178.64 W, 33, 120 MHz, 3996 MHz, 0 %, 0 %
2026/09/22 01:47:54.193, 6, 178.96 W, 30, 120 MHz, 3996 MHz, 0 %, 0 %
2026/09/22 01:47:54.193, 7, 181.35 W, 30, 120 MHz, 3996 MHz, 0 %, 0 %
2026/09/22 01:47:55.193, 0, 233.47 W, 37, 2032 MHz, 3996 MHz, 0 %, 0 %
2026/09/22 01:47:55.193, 1, 237.06 W, 38, 2032 MHz, 3996 MHz, 0 %, 0 %
2026/09/22 01:47:55.193, 2, 228.07 W, 31, 2032 MHz, 3996 MHz, 0 %, 0 %
2026/09/22 01:47:55.193, 3, 230.16 W, 31, 2032 MHz, 3996 MHz, 0 %, 0 %
2026/09/22 01:47:55.194, 4, 180.58 W, 35, 120 MHz, 3996 MHz, 0 %, 0 %
2026/09/22 01:47:55.194, 5, 178.64 W, 33, 120 MHz, 3996 MHz, 0 %, 0 %
2026/09/22 01:47:55.194, 6, 179.09 W, 30, 120 MHz, 3996 MHz, 0 %, 0 %
2026/09/22 01:47:55.194, 7, 181.42 W, 30, 120 MHz, 3996 MHz, 0 %, 0 %
2026/09/22 01:47:56.194, 0, 233.48 W, 37, 2032 MHz, 3996 MHz, 0 %, 0 %
2026/09/22 01:47:56.194, 1, 237.09 W, 38, 2032 MHz, 3996 MHz, 0 %, 0 %
2026/09/22 01:47:56.194, 2, 228.07 W, 31, 2032 MHz, 3996 MHz, 0 %, 0 %
2026/09/22 01:47:56.194, 3, 230.16 W, 31, 2032 MHz, 3996 MHz, 0 %, 0 %
2026/09/22 01:47:56.194, 4, 180.58 W, 35, 120 MHz, 3996 MHz, 0 %, 0 %
2026/09/22 01:47:56.194, 5, 178.64 W, 33, 120 MHz, 3996 MHz, 0 %, 0 %
2026/09/22 01:47:56.194, 6, 178.73 W, 30, 120 MHz, 3996 MHz, 0 %, 0 %
2026/09/22 01:47:56.194, 7, 181.54 W, 30, 120 MHz, 3996 MHz, 0 %, 0 %
2026/09/22 01:47:57.194, 0, 233.48 W, 37, 2032 MHz, 3996 MHz, 0 %, 0 %
2026/09/22 01:47:57.194, 1, 237.04 W, 38, 2032 MHz, 3996 MHz, 0 %, 0 %
2026/09/22 01:47:57.194, 2, 228.06 W, 31, 2032 MHz, 3996 MHz, 0 %, 0 %
2026/09/22 01:47:57.194, 3, 230.15 W, 31, 2032 MHz, 3996 MHz, 0 %, 0 %
2026/09/22 01:47:57.194, 4, 180.62 W, 35, 120 MHz, 3996 MHz, 0 %, 0 %
2026/09/22 01:47:57.194, 5, 178.64 W, 33, 120 MHz, 3996 MHz, 0 %, 0 %
2026/09/22 01:47:57.194, 6, 179.09 W, 30, 120 MHz, 3996 MHz, 0 %, 0 %
2026/09/22 01:47:57.194, 7, 181.50 W, 30, 120 MHz, 3996 MHz, 0 %, 0 %
2026/09/22 01:47:58.194, 0, 318.67 W, 40, 2032 MHz, 3996 MHz, 37 %, 10 %
2026/09/22 01:47:58.194, 1, 295.01 W, 42, 2032 MHz, 3996 MHz, 36 %, 10 %
2026/09/22 01:47:58.194, 2, 300.11 W, 34, 2032 MHz, 3996 MHz, 39 %, 9 %
2026/09/22 01:47:58.194, 3, 322.40 W, 35, 2032 MHz, 3996 MHz, 37 %, 14 %
2026/09/22 01:47:58.194, 4, 180.58 W, 35, 120 MHz, 3996 MHz, 0 %, 0 %
2026/09/22 01:47:58.194, 5, 178.64 W, 33, 120 MHz, 3996 MHz, 0 %, 0 %
2026/09/22 01:47:58.194, 6, 179.00 W, 30, 120 MHz, 3996 MHz, 0 %, 0 %
2026/09/22 01:47:58.194, 7, 181.46 W, 30, 120 MHz, 3996 MHz, 0 %, 0 %
2026/09/22 01:47:59.195, 0, 448.39 W, 40, 2032 MHz, 3996 MHz, 36 %, 9 %
2026/09/22 01:47:59.195, 1, 441.43 W, 42, 2032 MHz, 3996 MHz, 35 %, 6 %
2026/09/22 01:47:59.195, 2, 424.69 W, 36, 2032 MHz, 3996 MHz, 35 %, 13 %
2026/09/22 01:47:59.195, 3, 433.19 W, 35, 2032 MHz, 3996 MHz, 37 %, 12 %
2026/09/22 01:47:59.195, 4, 180.58 W, 35, 120 MHz, 3996 MHz, 0 %, 0 %
2026/09/22 01:47:59.195, 5, 178.64 W, 33, 120 MHz, 3996 MHz, 0 %, 0 %
2026/09/22 01:47:59.195, 6, 178.89 W, 30, 120 MHz, 3996 MHz, 0 %, 0 %
2026/09/22 01:47:59.195, 7, 181.46 W, 30, 120 MHz, 3996 MHz, 0 %, 0 %
2026/09/22 01:48:00.195, 0, 260.89 W, 37, 2032 MHz, 3996 MHz, 96 %, 2 %
2026/09/22 01:48:00.195, 1, 263.41 W, 38, 2032 MHz, 3996 MHz, 23 %, 2 %
2026/09/22 01:48:00.195, 2, 278.46 W, 32, 2032 MHz, 3996 MHz, 23 %, 1 %
2026/09/22 01:48:00.195, 3, 267.24 W, 32, 2032 MHz, 3996 MHz, 7 %, 2 %
2026/09/22 01:48:00.195, 4, 180.62 W, 35, 120 MHz, 3996 MHz, 0 %, 0 %
2026/09/22 01:48:00.195, 5, 178.64 W, 33, 120 MHz, 3996 MHz, 0 %, 0 %
2026/09/22 01:48:00.195, 6, 178.86 W, 30, 120 MHz, 3996 MHz, 0 %, 0 %
2026/09/22 01:48:00.195, 7, 181.38 W, 30, 120 MHz, 3996 MHz, 0 %, 0 %
2026/09/22 01:48:01.195, 0, 275.22 W, 37, 2032 MHz, 3996 MHz, 24 %, 2 %
2026/09/22 01:48:01.195, 1, 245.82 W, 38, 2032 MHz, 3996 MHz, 0 %, 0 %
2026/09/22 01:48:01.195, 2, 272.07 W, 32, 2032 MHz, 3996 MHz, 0 %, 0 %
2026/09/22 01:48:01.195, 3, 255.45 W, 32, 2032 MHz, 3996 MHz, 0 %, 0 %
2026/09/22 01:48:01.195, 4, 180.58 W, 35, 120 MHz, 3996 MHz, 0 %, 0 %
2026/09/22 01:48:01.195, 5, 178.64 W, 33, 120 MHz, 3996 MHz, 0 %, 0 %
2026/09/22 01:48:01.195, 6, 178.69 W, 30, 120 MHz, 3996 MHz, 0 %, 0 %
2026/09/22 01:48:01.195, 7, 181.50 W, 30, 120 MHz, 3996 MHz, 0 %, 0 %
2026/09/22 01:48:02.195, 0, 252.51 W, 37, 2032 MHz, 3996 MHz, 98 %, 2 %
2026/09/22 01:48:02.195, 1, 250.12 W, 38, 2032 MHz, 3996 MHz, 9 %, 2 %
2026/09/22 01:48:02.195, 2, 244.45 W, 32, 2032 MHz, 3996 MHz, 14 %, 2 %
2026/09/22 01:48:02.195, 3, 244.58 W, 32, 2032 MHz, 3996 MHz, 7 %, 2 %
2026/09/22 01:48:02.195, 4, 180.58 W, 35, 120 MHz, 3996 MHz, 0 %, 0 %
2026/09/22 01:48:02.196, 5, 178.64 W, 33, 120 MHz, 3996 MHz, 0 %, 0 %
2026/09/22 01:48:02.196, 6, 178.93 W, 30, 120 MHz, 3996 MHz, 0 %, 0 %
2026/09/22 01:48:02.196, 7, 181.50 W, 30, 120 MHz, 3996 MHz, 0 %, 0 %
2026/09/22 01:48:03.196, 0, 252.48 W, 37, 2032 MHz, 3996 MHz, 94 %, 2 %
2026/09/22 01:48:03.196, 1, 249.99 W, 38, 2032 MHz, 3996 MHz, 7 %, 2 %
2026/09/22 01:48:03.196, 2, 245.79 W, 32, 2032 MHz, 3996 MHz, 39 %, 2 %
2026/09/22 01:48:03.196, 3, 245.89 W, 32, 2032 MHz, 3996 MHz, 24 %, 2 %
2026/09/22 01:48:03.196, 4, 180.58 W, 35, 120 MHz, 3996 MHz, 0 %, 0 %
2026/09/22 01:48:03.196, 5, 178.64 W, 33, 120 MHz, 3996 MHz, 0 %, 0 %
2026/09/22 01:48:03.196, 6, 179.35 W, 30, 120 MHz, 3996 MHz, 0 %, 0 %
2026/09/22 01:48:03.196, 7, 181.46 W, 30, 120 MHz, 3996 MHz, 0 %, 0 %
2026/09/22 01:48:04.196, 0, 240.43 W, 37, 2032 MHz, 3996 MHz, 2 %, 0 %
2026/09/22 01:48:04.196, 1, 240.85 W, 38, 2032 MHz, 3996 MHz, 2 %, 0 %
2026/09/22 01:48:04.196, 2, 234.38 W, 32, 2032 MHz, 3996 MHz, 0 %, 0 %
2026/09/22 01:48:04.196, 3, 234.99 W, 32, 2032 MHz, 3996 MHz, 2 %, 0 %
2026/09/22 01:48:04.196, 4, 180.62 W, 35, 120 MHz, 3996 MHz, 0 %, 0 %
2026/09/22 01:48:04.196, 5, 178.64 W, 33, 120 MHz, 3996 MHz, 0 %, 0 %
2026/09/22 01:48:04.196, 6, 178.85 W, 30, 120 MHz, 3996 MHz, 0 %, 0 %
2026/09/22 01:48:04.196, 7, 181.42 W, 30, 120 MHz, 3996 MHz, 0 %, 0 %
2026/09/22 01:48:05.196, 0, 247.63 W, 37, 2032 MHz, 3996 MHz, 0 %, 0 %
2026/09/22 01:48:05.196, 1, 246.27 W, 38, 2032 MHz, 3996 MHz, 4 %, 1 %
2026/09/22 01:48:05.196, 2, 239.70 W, 32, 2032 MHz, 3996 MHz, 56 %, 2 %
2026/09/22 01:48:05.196, 3, 240.82 W, 32, 2032 MHz, 3996 MHz, 13 %, 1 %
2026/09/22 01:48:05.196, 4, 180.58 W, 35, 120 MHz, 3996 MHz, 0 %, 0 %
2026/09/22 01:48:05.196, 5, 178.64 W, 33, 120 MHz, 3996 MHz, 0 %, 0 %
2026/09/22 01:48:05.196, 6, 179.00 W, 30, 120 MHz, 3996 MHz, 0 %, 0 %
2026/09/22 01:48:05.196, 7, 181.42 W, 30, 120 MHz, 3996 MHz, 0 %, 0 %
2026/09/22 01:48:06.196, 0, 247.54 W, 37, 2032 MHz, 3996 MHz, 0 %, 0 %
2026/09/22 01:48:06.197, 1, 245.96 W, 38, 2032 MHz, 3996 MHz, 0 %, 0 %
2026/09/22 01:48:06.197, 2, 240.01 W, 32, 2032 MHz, 3996 MHz, 0 %, 0 %
2026/09/22 01:48:06.197, 3, 240.60 W, 32, 2032 MHz, 3996 MHz, 0 %, 0 %
2026/09/22 01:48:06.197, 4, 180.62 W, 35, 120 MHz, 3996 MHz, 0 %, 0 %
2026/09/22 01:48:06.197, 5, 178.64 W, 33, 120 MHz, 3996 MHz, 0 %, 0 %
2026/09/22 01:48:06.197, 6, 178.80 W, 30, 120 MHz, 3996 MHz, 0 %, 0 %
2026/09/22 01:48:06.197, 7, 181.27 W, 30, 120 MHz, 3996 MHz, 0 %, 0 %
2026/09/22 01:48:07.197, 0, 246.64 W, 37, 2032 MHz, 3996 MHz, 0 %, 0 %
2026/09/22 01:48:07.197, 1, 245.48 W, 38, 2032 MHz, 3996 MHz, 5 %, 2 %
2026/09/22 01:48:07.197, 2, 240.25 W, 32, 2032 MHz, 3996 MHz, 83 %, 2 %
2026/09/22 01:48:07.197, 3, 240.19 W, 32, 2032 MHz, 3996 MHz, 26 %, 2 %
2026/09/22 01:48:07.197, 4, 180.58 W, 35, 120 MHz, 3996 MHz, 0 %, 0 %
2026/09/22 01:48:07.197, 5, 178.64 W, 33, 120 MHz, 3996 MHz, 0 %, 0 %
2026/09/22 01:48:07.197, 6, 179.12 W, 30, 120 MHz, 3996 MHz, 0 %, 0 %
2026/09/22 01:48:07.197, 7, 181.38 W, 30, 120 MHz, 3996 MHz, 0 %, 0 %
2026/09/22 01:48:08.197, 0, 246.25 W, 37, 2032 MHz, 3996 MHz, 0 %, 0 %
2026/09/22 01:48:08.197, 1, 245.32 W, 38, 2032 MHz, 3996 MHz, 0 %, 0 %
2026/09/22 01:48:08.197, 2, 239.67 W, 32, 2032 MHz, 3996 MHz, 0 %, 0 %
2026/09/22 01:48:08.197, 3, 239.79 W, 32, 2032 MHz, 3996 MHz, 0 %, 0 %
2026/09/22 01:48:08.197, 4, 180.58 W, 35, 120 MHz, 3996 MHz, 0 %, 0 %
2026/09/22 01:48:08.197, 5, 178.64 W, 33, 120 MHz, 3996 MHz, 0 %, 0 %
2026/09/22 01:48:08.197, 6, 178.63 W, 30, 120 MHz, 3996 MHz, 0 %, 0 %
2026/09/22 01:48:08.197, 7, 181.38 W, 30, 120 MHz, 3996 MHz, 0 %, 0 %
2026/09/22 01:48:09.197, 0, 233.48 W, 37, 2032 MHz, 3996 MHz, 0 %, 0 %
2026/09/22 01:48:09.197, 1, 237.44 W, 38, 2032 MHz, 3996 MHz, 0 %, 0 %
2026/09/22 01:48:09.197, 2, 228.07 W, 32, 2032 MHz, 3996 MHz, 0 %, 0 %
2026/09/22 01:48:09.197, 3, 230.15 W, 32, 2032 MHz, 3996 MHz, 0 %, 0 %
2026/09/22 01:48:09.197, 4, 180.58 W, 35, 120 MHz, 3996 MHz, 0 %, 0 %
2026/09/22 01:48:09.197, 5, 178.64 W, 33, 120 MHz, 3996 MHz, 0 %, 0 %
2026/09/22 01:48:09.197, 6, 178.76 W, 30, 120 MHz, 3996 MHz, 0 %, 0 %
2026/09/22 01:48:09.197, 7, 181.42 W, 30, 120 MHz, 3996 MHz, 0 %, 0 %
2026/09/22 01:48:10.198, 0, 289.31 W, 37, 2032 MHz, 3996 MHz, 0 %, 0 %
2026/09/22 01:48:10.198, 1, 294.59 W, 38, 2032 MHz, 3996 MHz, 0 %, 0 %
2026/09/22 01:48:10.198, 2, 287.17 W, 32, 2032 MHz, 3996 MHz, 0 %, 0 %
2026/09/22 01:48:10.198, 3, 288.85 W, 32, 2032 MHz, 3996 MHz, 0 %, 0 %
2026/09/22 01:48:10.198, 4, 180.58 W, 35, 120 MHz, 3996 MHz, 0 %, 0 %
2026/09/22 01:48:10.198, 5, 178.64 W, 33, 120 MHz, 3996 MHz, 0 %, 0 %
2026/09/22 01:48:10.198, 6, 178.93 W, 30, 120 MHz, 3996 MHz, 0 %, 0 %
2026/09/22 01:48:10.198, 7, 181.38 W, 30, 120 MHz, 3996 MHz, 0 %, 0 %
2026/09/22 01:48:11.198, 0, 269.46 W, 38, 2032 MHz, 3996 MHz, 29 %, 16 %
2026/09/22 01:48:11.198, 1, 276.79 W, 39, 2032 MHz, 3996 MHz, 30 %, 16 %
2026/09/22 01:48:11.198, 2, 271.07 W, 33, 2032 MHz, 3996 MHz, 32 %, 19 %
2026/09/22 01:48:11.198, 3, 254.58 W, 32, 2032 MHz, 3996 MHz, 27 %, 12 %
2026/09/22 01:48:11.198, 4, 180.58 W, 35, 120 MHz, 3996 MHz, 0 %, 0 %
2026/09/22 01:48:11.198, 5, 178.64 W, 33, 120 MHz, 3996 MHz, 0 %, 0 %
2026/09/22 01:48:11.198, 6, 179.08 W, 30, 120 MHz, 3996 MHz, 0 %, 0 %
2026/09/22 01:48:11.198, 7, 181.46 W, 30, 120 MHz, 3996 MHz, 0 %, 0 %
2026/09/22 01:48:12.198, 0, 306.59 W, 38, 2032 MHz, 3996 MHz, 24 %, 13 %
2026/09/22 01:48:12.198, 1, 309.28 W, 39, 2032 MHz, 3996 MHz, 31 %, 17 %
2026/09/22 01:48:12.198, 2, 321.57 W, 33, 2032 MHz, 3996 MHz, 33 %, 20 %
2026/09/22 01:48:12.198, 3, 281.26 W, 32, 2032 MHz, 3996 MHz, 27 %, 12 %
2026/09/22 01:48:12.198, 4, 180.62 W, 35, 120 MHz, 3996 MHz, 0 %, 0 %
2026/09/22 01:48:12.198, 5, 178.64 W, 33, 120 MHz, 3996 MHz, 0 %, 0 %
2026/09/22 01:48:12.198, 6, 179.32 W, 30, 120 MHz, 3996 MHz, 0 %, 0 %
2026/09/22 01:48:12.198, 7, 181.42 W, 30, 120 MHz, 3996 MHz, 0 %, 0 %
2026/09/22 01:48:13.198, 0, 321.35 W, 39, 2032 MHz, 3996 MHz, 35 %, 24 %
2026/09/22 01:48:13.199, 1, 308.36 W, 39, 2032 MHz, 3996 MHz, 29 %, 18 %
2026/09/22 01:48:13.199, 2, 284.28 W, 33, 2032 MHz, 3996 MHz, 24 %, 13 %
2026/09/22 01:48:13.199, 3, 293.83 W, 33, 2032 MHz, 3996 MHz, 30 %, 19 %
2026/09/22 01:48:13.199, 4, 180.58 W, 35, 120 MHz, 3996 MHz, 0 %, 0 %
2026/09/22 01:48:13.199, 5, 178.64 W, 33, 120 MHz, 3996 MHz, 0 %, 0 %
2026/09/22 01:48:13.199, 6, 179.08 W, 30, 120 MHz, 3996 MHz, 0 %, 0 %
2026/09/22 01:48:13.199, 7, 181.30 W, 30, 120 MHz, 3996 MHz, 0 %, 0 %
2026/09/22 01:48:14.199, 0, 356.72 W, 39, 2032 MHz, 3996 MHz, 35 %, 24 %
2026/09/22 01:48:14.199, 1, 328.92 W, 39, 2032 MHz, 3996 MHz, 28 %, 18 %
2026/09/22 01:48:14.199, 2, 287.44 W, 33, 2032 MHz, 3996 MHz, 23 %, 13 %
2026/09/22 01:48:14.199, 3, 322.22 W, 33, 2032 MHz, 3996 MHz, 29 %, 18 %
2026/09/22 01:48:14.199, 4, 180.58 W, 35, 120 MHz, 3996 MHz, 0 %, 0 %
2026/09/22 01:48:14.199, 5, 178.64 W, 33, 120 MHz, 3996 MHz, 0 %, 0 %
2026/09/22 01:48:14.199, 6, 179.16 W, 30, 120 MHz, 3996 MHz, 0 %, 0 %
2026/09/22 01:48:14.199, 7, 181.38 W, 30, 120 MHz, 3996 MHz, 0 %, 0 %
2026/09/22 01:48:15.199, 0, 397.54 W, 40, 2032 MHz, 3996 MHz, 47 %, 36 %
2026/09/22 01:48:15.199, 1, 370.24 W, 40, 2032 MHz, 3996 MHz, 41 %, 30 %
2026/09/22 01:48:15.199, 2, 310.88 W, 33, 2032 MHz, 3996 MHz, 33 %, 21 %
2026/09/22 01:48:15.199, 3, 349.18 W, 34, 2032 MHz, 3996 MHz, 39 %, 27 %
2026/09/22 01:48:15.199, 4, 180.58 W, 35, 120 MHz, 3996 MHz, 0 %, 0 %
2026/09/22 01:48:15.199, 5, 178.64 W, 33, 120 MHz, 3996 MHz, 0 %, 0 %
2026/09/22 01:48:15.199, 6, 178.93 W, 30, 120 MHz, 3996 MHz, 0 %, 0 %
2026/09/22 01:48:15.199, 7, 181.50 W, 30, 120 MHz, 3996 MHz, 0 %, 0 %
2026/09/22 01:48:16.199, 0, 423.38 W, 40, 2032 MHz, 3996 MHz, 46 %, 36 %
2026/09/22 01:48:16.199, 1, 394.54 W, 41, 2032 MHz, 3996 MHz, 41 %, 30 %
2026/09/22 01:48:16.199, 2, 329.35 W, 34, 2032 MHz, 3996 MHz, 32 %, 20 %
2026/09/22 01:48:16.199, 3, 368.08 W, 34, 2032 MHz, 3996 MHz, 38 %, 26 %
2026/09/22 01:48:16.199, 4, 180.66 W, 35, 120 MHz, 3996 MHz, 0 %, 0 %
2026/09/22 01:48:16.199, 5, 178.64 W, 33, 120 MHz, 3996 MHz, 0 %, 0 %
2026/09/22 01:48:16.199, 6, 178.78 W, 30, 120 MHz, 3996 MHz, 0 %, 0 %
2026/09/22 01:48:16.200, 7, 181.46 W, 30, 120 MHz, 3996 MHz, 0 %, 0 %
2026/09/22 01:48:17.200, 0, 437.98 W, 41, 2032 MHz, 3996 MHz, 49 %, 40 %
2026/09/22 01:48:17.200, 1, 413.86 W, 41, 2032 MHz, 3996 MHz, 45 %, 35 %
2026/09/22 01:48:17.200, 2, 382.84 W, 35, 2032 MHz, 3996 MHz, 47 %, 37 %
2026/09/22 01:48:17.200, 3, 411.61 W, 35, 2032 MHz, 3996 MHz, 48 %, 40 %
2026/09/22 01:48:17.200, 4, 180.58 W, 35, 120 MHz, 3996 MHz, 0 %, 0 %
2026/09/22 01:48:17.200, 5, 178.64 W, 33, 120 MHz, 3996 MHz, 0 %, 0 %
2026/09/22 01:48:17.200, 6, 178.96 W, 30, 120 MHz, 3996 MHz, 0 %, 0 %
2026/09/22 01:48:17.200, 7, 181.34 W, 30, 120 MHz, 3996 MHz, 0 %, 0 %
2026/09/22 01:48:18.200, 0, 449.44 W, 41, 2032 MHz, 3996 MHz, 50 %, 41 %
2026/09/22 01:48:18.200, 1, 425.86 W, 41, 2032 MHz, 3996 MHz, 45 %, 35 %
2026/09/22 01:48:18.200, 2, 430.59 W, 35, 2032 MHz, 3996 MHz, 47 %, 38 %
2026/09/22 01:48:18.200, 3, 449.13 W, 36, 2032 MHz, 3996 MHz, 49 %, 41 %
2026/09/22 01:48:18.200, 4, 180.62 W, 35, 120 MHz, 3996 MHz, 0 %, 0 %
2026/09/22 01:48:18.200, 5, 178.64 W, 33, 120 MHz, 3996 MHz, 0 %, 0 %
2026/09/22 01:48:18.200, 6, 178.82 W, 30, 120 MHz, 3996 MHz, 0 %, 0 %
2026/09/22 01:48:18.200, 7, 181.42 W, 30, 120 MHz, 3996 MHz, 0 %, 0 %
2026/09/22 01:48:19.200, 0, 462.74 W, 42, 2032 MHz, 3996 MHz, 59 %, 53 %
2026/09/22 01:48:19.200, 1, 433.20 W, 42, 2032 MHz, 3996 MHz, 50 %, 43 %
2026/09/22 01:48:19.200, 2, 425.91 W, 36, 2032 MHz, 3996 MHz, 48 %, 40 %
2026/09/22 01:48:19.200, 3, 448.87 W, 36, 2032 MHz, 3996 MHz, 49 %, 42 %
2026/09/22 01:48:19.200, 4, 180.58 W, 35, 120 MHz, 3996 MHz, 0 %, 0 %
2026/09/22 01:48:19.200, 5, 178.68 W, 33, 120 MHz, 3996 MHz, 0 %, 0 %
2026/09/22 01:48:19.200, 6, 178.80 W, 30, 120 MHz, 3996 MHz, 0 %, 0 %
2026/09/22 01:48:19.200, 7, 181.46 W, 30, 120 MHz, 3996 MHz, 0 %, 0 %
2026/09/22 01:48:20.201, 0, 509.88 W, 42, 2032 MHz, 3996 MHz, 52 %, 46 %
2026/09/22 01:48:20.201, 1, 457.74 W, 42, 2032 MHz, 3996 MHz, 44 %, 37 %
2026/09/22 01:48:20.201, 2, 433.56 W, 35, 2032 MHz, 3996 MHz, 43 %, 36 %
2026/09/22 01:48:20.201, 3, 455.22 W, 36, 2032 MHz, 3996 MHz, 44 %, 37 %
2026/09/22 01:48:20.201, 4, 180.62 W, 35, 120 MHz, 3996 MHz, 0 %, 0 %
2026/09/22 01:48:20.201, 5, 178.64 W, 33, 120 MHz, 3996 MHz, 0 %, 0 %
2026/09/22 01:48:20.201, 6, 178.88 W, 30, 120 MHz, 3996 MHz, 0 %, 0 %
2026/09/22 01:48:20.201, 7, 181.34 W, 30, 120 MHz, 3996 MHz, 0 %, 0 %
2026/09/22 01:48:21.201, 0, 490.26 W, 42, 2032 MHz, 3996 MHz, 50 %, 45 %
2026/09/22 01:48:21.201, 1, 445.45 W, 42, 2032 MHz, 3996 MHz, 43 %, 36 %
2026/09/22 01:48:21.201, 2, 420.94 W, 36, 2032 MHz, 3996 MHz, 42 %, 35 %
2026/09/22 01:48:21.201, 3, 437.56 W, 36, 2032 MHz, 3996 MHz, 44 %, 37 %
2026/09/22 01:48:21.201, 4, 180.62 W, 35, 120 MHz, 3996 MHz, 0 %, 0 %
2026/09/22 01:48:21.201, 5, 178.64 W, 33, 120 MHz, 3996 MHz, 0 %, 0 %
2026/09/22 01:48:21.201, 6, 178.63 W, 30, 120 MHz, 3996 MHz, 0 %, 0 %
2026/09/22 01:48:21.201, 7, 181.19 W, 30, 120 MHz, 3996 MHz, 0 %, 0 %
2026/09/22 01:48:22.201, 0, 464.46 W, 42, 2032 MHz, 3996 MHz, 51 %, 46 %
2026/09/22 01:48:22.201, 1, 429.95 W, 42, 2032 MHz, 3996 MHz, 45 %, 39 %
2026/09/22 01:48:22.201, 2, 420.70 W, 36, 2032 MHz, 3996 MHz, 47 %, 41 %
2026/09/22 01:48:22.201, 3, 448.16 W, 37, 2032 MHz, 3996 MHz, 52 %, 46 %
2026/09/22 01:48:22.201, 4, 180.58 W, 35, 120 MHz, 3996 MHz, 0 %, 0 %
2026/09/22 01:48:22.201, 5, 178.64 W, 33, 120 MHz, 3996 MHz, 0 %, 0 %
2026/09/22 01:48:22.201, 6, 179.04 W, 30, 120 MHz, 3996 MHz, 0 %, 0 %
2026/09/22 01:48:22.201, 7, 181.38 W, 30, 120 MHz, 3996 MHz, 0 %, 0 %
2026/09/22 01:48:23.201, 0, 480.44 W, 42, 2032 MHz, 3996 MHz, 48 %, 42 %
2026/09/22 01:48:23.201, 1, 458.58 W, 42, 2032 MHz, 3996 MHz, 45 %, 39 %
2026/09/22 01:48:23.201, 2, 450.75 W, 36, 2032 MHz, 3996 MHz, 44 %, 39 %
2026/09/22 01:48:23.201, 3, 489.42 W, 37, 2032 MHz, 3996 MHz, 50 %, 45 %
2026/09/22 01:48:23.202, 4, 180.58 W, 35, 120 MHz, 3996 MHz, 0 %, 0 %
2026/09/22 01:48:23.202, 5, 178.64 W, 33, 120 MHz, 3996 MHz, 0 %, 0 %
2026/09/22 01:48:23.202, 6, 178.86 W, 30, 120 MHz, 3996 MHz, 0 %, 0 %
2026/09/22 01:48:23.202, 7, 181.34 W, 30, 120 MHz, 3996 MHz, 0 %, 0 %
2026/09/22 01:48:24.202, 0, 473.20 W, 42, 2032 MHz, 3996 MHz, 46 %, 42 %
2026/09/22 01:48:24.202, 1, 455.16 W, 43, 2032 MHz, 3996 MHz, 42 %, 36 %
2026/09/22 01:48:24.202, 2, 444.38 W, 36, 2032 MHz, 3996 MHz, 44 %, 38 %
2026/09/22 01:48:24.202, 3, 485.09 W, 37, 2032 MHz, 3996 MHz, 50 %, 44 %
2026/09/22 01:48:24.202, 4, 180.58 W, 35, 120 MHz, 3996 MHz, 0 %, 0 %
2026/09/22 01:48:24.202, 5, 178.64 W, 33, 120 MHz, 3996 MHz, 0 %, 0 %
2026/09/22 01:48:24.202, 6, 178.76 W, 30, 120 MHz, 3996 MHz, 0 %, 0 %
2026/09/22 01:48:24.202, 7, 181.34 W, 30, 120 MHz, 3996 MHz, 0 %, 0 %
2026/09/22 01:48:25.202, 0, 303.67 W, 39, 2032 MHz, 3996 MHz, 0 %, 0 %
2026/09/22 01:48:25.202, 1, 300.65 W, 40, 2032 MHz, 3996 MHz, 34 %, 0 %
2026/09/22 01:48:25.202, 2, 299.32 W, 33, 2032 MHz, 3996 MHz, 0 %, 0 %
2026/09/22 01:48:25.202, 3, 311.98 W, 34, 2032 MHz, 3996 MHz, 0 %, 0 %
2026/09/22 01:48:25.202, 4, 180.62 W, 35, 120 MHz, 3996 MHz, 0 %, 0 %
2026/09/22 01:48:25.202, 5, 178.64 W, 33, 120 MHz, 3996 MHz, 0 %, 0 %
2026/09/22 01:48:25.202, 6, 178.80 W, 30, 120 MHz, 3996 MHz, 0 %, 0 %
2026/09/22 01:48:25.202, 7, 181.23 W, 30, 120 MHz, 3996 MHz, 0 %, 0 %
2026/09/22 01:48:26.202, 0, 235.79 W, 38, 2032 MHz, 3996 MHz, 0 %, 0 %
2026/09/22 01:48:26.202, 1, 239.42 W, 39, 2032 MHz, 3996 MHz, 0 %, 0 %
2026/09/22 01:48:26.202, 2, 229.53 W, 33, 2032 MHz, 3996 MHz, 0 %, 0 %
2026/09/22 01:48:26.202, 3, 232.47 W, 33, 2032 MHz, 3996 MHz, 0 %, 0 %
2026/09/22 01:48:26.202, 4, 180.58 W, 35, 120 MHz, 3996 MHz, 0 %, 0 %
2026/09/22 01:48:26.202, 5, 178.64 W, 33, 120 MHz, 3996 MHz, 0 %, 0 %
2026/09/22 01:48:26.202, 6, 178.97 W, 30, 120 MHz, 3996 MHz, 0 %, 0 %
2026/09/22 01:48:26.202, 7, 181.19 W, 30, 120 MHz, 3996 MHz, 0 %, 0 %
2026/09/22 01:48:27.203, 0, 362.62 W, 42, 2032 MHz, 3996 MHz, 51 %, 46 %
2026/09/22 01:48:27.203, 1, 356.15 W, 42, 2032 MHz, 3996 MHz, 50 %, 44 %
2026/09/22 01:48:27.203, 2, 342.94 W, 36, 2032 MHz, 3996 MHz, 52 %, 46 %
2026/09/22 01:48:27.203, 3, 357.78 W, 36, 2032 MHz, 3996 MHz, 55 %, 51 %
2026/09/22 01:48:27.203, 4, 180.62 W, 35, 120 MHz, 3996 MHz, 0 %, 0 %
2026/09/22 01:48:27.203, 5, 178.64 W, 33, 120 MHz, 3996 MHz, 0 %, 0 %
2026/09/22 01:48:27.203, 6, 179.07 W, 30, 120 MHz, 3996 MHz, 0 %, 0 %
2026/09/22 01:48:27.203, 7, 181.18 W, 30, 120 MHz, 3996 MHz, 0 %, 0 %
2026/09/22 01:48:28.203, 0, 501.46 W, 43, 2032 MHz, 3996 MHz, 53 %, 47 %
2026/09/22 01:48:28.203, 1, 479.71 W, 43, 2032 MHz, 3996 MHz, 48 %, 43 %
2026/09/22 01:48:28.203, 2, 490.23 W, 37, 2032 MHz, 3996 MHz, 52 %, 46 %
2026/09/22 01:48:28.203, 3, 525.47 W, 37, 2032 MHz, 3996 MHz, 56 %, 51 %
2026/09/22 01:48:28.203, 4, 180.58 W, 35, 120 MHz, 3996 MHz, 0 %, 0 %
2026/09/22 01:48:28.203, 5, 178.64 W, 33, 120 MHz, 3996 MHz, 0 %, 0 %
2026/09/22 01:48:28.203, 6, 178.70 W, 30, 120 MHz, 3996 MHz, 0 %, 0 %
2026/09/22 01:48:28.203, 7, 181.30 W, 30, 120 MHz, 3996 MHz, 0 %, 0 %
2026/09/22 01:48:29.203, 0, 491.94 W, 43, 2032 MHz, 3996 MHz, 49 %, 44 %
2026/09/22 01:48:29.203, 1, 483.65 W, 43, 2032 MHz, 3996 MHz, 48 %, 42 %
2026/09/22 01:48:29.203, 2, 493.72 W, 37, 2032 MHz, 3996 MHz, 52 %, 48 %
2026/09/22 01:48:29.203, 3, 509.66 W, 38, 2032 MHz, 3996 MHz, 54 %, 49 %
2026/09/22 01:48:29.203, 4, 180.58 W, 35, 120 MHz, 3996 MHz, 0 %, 0 %
2026/09/22 01:48:29.203, 5, 178.64 W, 33, 120 MHz, 3996 MHz, 0 %, 0 %
2026/09/22 01:48:29.203, 6, 178.96 W, 30, 120 MHz, 3996 MHz, 0 %, 0 %
2026/09/22 01:48:29.203, 7, 181.30 W, 30, 120 MHz, 3996 MHz, 0 %, 0 %
2026/09/22 01:48:30.203, 0, 506.40 W, 44, 2032 MHz, 3996 MHz, 54 %, 43 %
2026/09/22 01:48:30.203, 1, 503.59 W, 44, 2032 MHz, 3996 MHz, 53 %, 44 %
2026/09/22 01:48:30.203, 2, 512.55 W, 38, 2032 MHz, 3996 MHz, 49 %, 42 %
2026/09/22 01:48:30.203, 3, 535.89 W, 39, 2032 MHz, 3996 MHz, 53 %, 46 %
2026/09/22 01:48:30.204, 4, 180.62 W, 35, 120 MHz, 3996 MHz, 0 %, 0 %
2026/09/22 01:48:30.204, 5, 178.64 W, 33, 120 MHz, 3996 MHz, 0 %, 0 %
2026/09/22 01:48:30.204, 6, 179.04 W, 30, 120 MHz, 3996 MHz, 0 %, 0 %
2026/09/22 01:48:30.204, 7, 181.42 W, 30, 120 MHz, 3996 MHz, 0 %, 0 %
2026/09/22 01:48:31.204, 0, 567.91 W, 45, 2032 MHz, 3996 MHz, 55 %, 45 %
2026/09/22 01:48:31.204, 1, 555.00 W, 45, 2032 MHz, 3996 MHz, 55 %, 48 %
2026/09/22 01:48:31.204, 2, 574.92 W, 39, 2032 MHz, 3996 MHz, 58 %, 48 %
2026/09/22 01:48:31.204, 3, 610.66 W, 40, 2032 MHz, 3996 MHz, 60 %, 51 %
2026/09/22 01:48:31.204, 4, 180.58 W, 35, 120 MHz, 3996 MHz, 0 %, 0 %
2026/09/22 01:48:31.204, 5, 178.64 W, 33, 120 MHz, 3996 MHz, 0 %, 0 %
2026/09/22 01:48:31.204, 6, 178.83 W, 30, 120 MHz, 3996 MHz, 0 %, 0 %
2026/09/22 01:48:31.204, 7, 181.30 W, 30, 120 MHz, 3996 MHz, 0 %, 0 %
2026/09/22 01:48:32.204, 0, 536.64 W, 44, 2032 MHz, 3996 MHz, 51 %, 45 %
2026/09/22 01:48:32.204, 1, 525.76 W, 44, 2032 MHz, 3996 MHz, 50 %, 45 %
2026/09/22 01:48:32.204, 2, 547.65 W, 39, 2032 MHz, 3996 MHz, 55 %, 50 %
2026/09/22 01:48:32.204, 3, 577.28 W, 39, 2032 MHz, 3996 MHz, 52 %, 48 %
2026/09/22 01:48:32.204, 4, 180.58 W, 35, 120 MHz, 3996 MHz, 0 %, 0 %
2026/09/22 01:48:32.204, 5, 178.64 W, 33, 120 MHz, 3996 MHz, 0 %, 0 %
2026/09/22 01:48:32.204, 6, 178.74 W, 30, 120 MHz, 3996 MHz, 0 %, 0 %
2026/09/22 01:48:32.204, 7, 181.29 W, 30, 120 MHz, 3996 MHz, 0 %, 0 %
2026/09/22 01:48:33.204, 0, 513.60 W, 44, 2032 MHz, 3996 MHz, 49 %, 43 %
2026/09/22 01:48:33.204, 1, 514.54 W, 44, 2032 MHz, 3996 MHz, 50 %, 45 %
2026/09/22 01:48:33.204, 2, 539.00 W, 39, 2032 MHz, 3996 MHz, 53 %, 49 %
2026/09/22 01:48:33.204, 3, 553.21 W, 39, 2032 MHz, 3996 MHz, 51 %, 48 %
2026/09/22 01:48:33.204, 4, 180.58 W, 35, 120 MHz, 3996 MHz, 0 %, 0 %
2026/09/22 01:48:33.204, 5, 178.64 W, 33, 120 MHz, 3996 MHz, 0 %, 0 %
2026/09/22 01:48:33.204, 6, 179.00 W, 30, 120 MHz, 3996 MHz, 0 %, 0 %
2026/09/22 01:48:33.204, 7, 181.33 W, 30, 120 MHz, 3996 MHz, 0 %, 0 %
2026/09/22 01:48:34.205, 0, 288.35 W, 40, 2032 MHz, 3996 MHz, 0 %, 0 %
2026/09/22 01:48:34.205, 1, 310.43 W, 41, 2032 MHz, 3996 MHz, 0 %, 0 %
2026/09/22 01:48:34.205, 2, 301.62 W, 34, 2032 MHz, 3996 MHz, 0 %, 0 %
2026/09/22 01:48:34.205, 3, 297.85 W, 34, 2032 MHz, 3996 MHz, 0 %, 0 %
2026/09/22 01:48:34.205, 4, 180.58 W, 35, 120 MHz, 3996 MHz, 0 %, 0 %
2026/09/22 01:48:34.205, 5, 178.64 W, 33, 120 MHz, 3996 MHz, 0 %, 0 %
2026/09/22 01:48:34.205, 6, 178.58 W, 30, 120 MHz, 3996 MHz, 0 %, 0 %
2026/09/22 01:48:34.205, 7, 181.28 W, 30, 120 MHz, 3996 MHz, 0 %, 0 %
2026/09/22 01:48:35.205, 0, 235.42 W, 39, 2032 MHz, 3996 MHz, 0 %, 0 %
2026/09/22 01:48:35.205, 1, 239.39 W, 40, 2032 MHz, 3996 MHz, 0 %, 0 %
2026/09/22 01:48:35.205, 2, 229.96 W, 34, 2032 MHz, 3996 MHz, 0 %, 0 %
2026/09/22 01:48:35.205, 3, 232.00 W, 34, 2032 MHz, 3996 MHz, 0 %, 0 %
2026/09/22 01:48:35.205, 4, 180.58 W, 35, 120 MHz, 3996 MHz, 0 %, 0 %
2026/09/22 01:48:35.205, 5, 178.64 W, 33, 120 MHz, 3996 MHz, 0 %, 0 %
2026/09/22 01:48:35.205, 6, 178.71 W, 30, 120 MHz, 3996 MHz, 0 %, 0 %
2026/09/22 01:48:35.205, 7, 181.30 W, 30, 120 MHz, 3996 MHz, 0 %, 0 %
2026/09/22 01:48:36.205, 0, 235.42 W, 39, 2032 MHz, 3996 MHz, 0 %, 0 %
2026/09/22 01:48:36.205, 1, 239.32 W, 40, 2032 MHz, 3996 MHz, 0 %, 0 %
2026/09/22 01:48:36.205, 2, 230.00 W, 33, 2032 MHz, 3996 MHz, 0 %, 0 %
2026/09/22 01:48:36.205, 3, 232.08 W, 34, 2032 MHz, 3996 MHz, 0 %, 0 %
2026/09/22 01:48:36.205, 4, 180.58 W, 35, 120 MHz, 3996 MHz, 0 %, 0 %
2026/09/22 01:48:36.205, 5, 178.64 W, 33, 120 MHz, 3996 MHz, 0 %, 0 %
2026/09/22 01:48:36.205, 6, 178.72 W, 30, 120 MHz, 3996 MHz, 0 %, 0 %
2026/09/22 01:48:36.205, 7, 181.15 W, 30, 120 MHz, 3996 MHz, 0 %, 0 %
2026/09/22 01:48:37.205, 0, 263.99 W, 39, 2032 MHz, 3996 MHz, 46 %, 23 %
2026/09/22 01:48:37.205, 1, 283.02 W, 41, 2032 MHz, 3996 MHz, 37 %, 18 %
2026/09/22 01:48:37.205, 2, 269.29 W, 34, 2032 MHz, 3996 MHz, 34 %, 7 %
2026/09/22 01:48:37.206, 3, 266.55 W, 34, 2032 MHz, 3996 MHz, 23 %, 11 %
2026/09/22 01:48:37.206, 4, 180.58 W, 35, 120 MHz, 3996 MHz, 0 %, 0 %
2026/09/22 01:48:37.206, 5, 178.64 W, 33, 120 MHz, 3996 MHz, 0 %, 0 %
2026/09/22 01:48:37.206, 6, 178.53 W, 30, 120 MHz, 3996 MHz, 0 %, 0 %
2026/09/22 01:48:37.206, 7, 181.46 W, 30, 120 MHz, 3996 MHz, 0 %, 0 %
2026/09/22 01:48:38.206, 0, 235.42 W, 39, 2032 MHz, 3996 MHz, 0 %, 0 %
2026/09/22 01:48:38.206, 1, 239.46 W, 40, 2032 MHz, 3996 MHz, 0 %, 0 %
2026/09/22 01:48:38.206, 2, 229.96 W, 33, 2032 MHz, 3996 MHz, 0 %, 0 %
2026/09/22 01:48:38.206, 3, 232.09 W, 33, 2032 MHz, 3996 MHz, 0 %, 0 %
2026/09/22 01:48:38.206, 4, 180.58 W, 35, 120 MHz, 3996 MHz, 0 %, 0 %
2026/09/22 01:48:38.206, 5, 178.64 W, 33, 120 MHz, 3996 MHz, 0 %, 0 %
2026/09/22 01:48:38.206, 6, 178.70 W, 30, 120 MHz, 3996 MHz, 0 %, 0 %
2026/09/22 01:48:38.206, 7, 181.15 W, 30, 120 MHz, 3996 MHz, 0 %, 0 %
2026/09/22 01:48:39.206, 0, 244.56 W, 39, 2032 MHz, 3996 MHz, 17 %, 8 %
2026/09/22 01:48:39.206, 1, 248.79 W, 40, 2032 MHz, 3996 MHz, 23 %, 8 %
2026/09/22 01:48:39.206, 2, 240.54 W, 33, 2032 MHz, 3996 MHz, 100 %, 0 %
2026/09/22 01:48:39.206, 3, 243.43 W, 33, 2032 MHz, 3996 MHz, 100 %, 0 %
2026/09/22 01:48:39.206, 4, 180.58 W, 35, 120 MHz, 3996 MHz, 0 %, 0 %
2026/09/22 01:48:39.206, 5, 178.64 W, 33, 120 MHz, 3996 MHz, 0 %, 0 %
2026/09/22 01:48:39.206, 6, 178.78 W, 30, 120 MHz, 3996 MHz, 0 %, 0 %
2026/09/22 01:48:39.206, 7, 181.19 W, 30, 120 MHz, 3996 MHz, 0 %, 0 %
2026/09/22 01:48:40.206, 0, 235.42 W, 39, 2032 MHz, 3996 MHz, 0 %, 0 %
2026/09/22 01:48:40.206, 1, 238.84 W, 40, 2032 MHz, 3996 MHz, 0 %, 0 %
2026/09/22 01:48:40.206, 2, 229.65 W, 33, 2032 MHz, 3996 MHz, 0 %, 0 %
2026/09/22 01:48:40.206, 3, 232.09 W, 33, 2032 MHz, 3996 MHz, 0 %, 0 %
2026/09/22 01:48:40.206, 4, 180.62 W, 35, 120 MHz, 3996 MHz, 0 %, 0 %
2026/09/22 01:48:40.206, 5, 178.64 W, 33, 120 MHz, 3996 MHz, 0 %, 0 %
2026/09/22 01:48:40.206, 6, 178.51 W, 30, 120 MHz, 3996 MHz, 0 %, 0 %
2026/09/22 01:48:40.206, 7, 181.22 W, 30, 120 MHz, 3996 MHz, 0 %, 0 %
2026/09/22 01:48:41.207, 0, 235.42 W, 39, 2032 MHz, 3996 MHz, 0 %, 0 %
2026/09/22 01:48:41.207, 1, 238.05 W, 40, 2032 MHz, 3996 MHz, 0 %, 0 %
2026/09/22 01:48:41.207, 2, 229.43 W, 33, 2032 MHz, 3996 MHz, 0 %, 0 %
2026/09/22 01:48:41.207, 3, 232.09 W, 33, 2032 MHz, 3996 MHz, 0 %, 0 %
2026/09/22 01:48:41.207, 4, 180.58 W, 35, 120 MHz, 3996 MHz, 0 %, 0 %
2026/09/22 01:48:41.207, 5, 178.64 W, 33, 120 MHz, 3996 MHz, 0 %, 0 %
2026/09/22 01:48:41.207, 6, 178.72 W, 30, 120 MHz, 3996 MHz, 0 %, 0 %
2026/09/22 01:48:41.207, 7, 181.15 W, 30, 120 MHz, 3996 MHz, 0 %, 0 %
2026/09/22 01:48:42.207, 0, 235.42 W, 39, 2032 MHz, 3996 MHz, 0 %, 0 %
2026/09/22 01:48:42.207, 1, 238.09 W, 40, 2032 MHz, 3996 MHz, 0 %, 0 %
2026/09/22 01:48:42.207, 2, 229.04 W, 33, 2032 MHz, 3996 MHz, 0 %, 0 %
2026/09/22 01:48:42.207, 3, 232.09 W, 33, 2032 MHz, 3996 MHz, 0 %, 0 %
2026/09/22 01:48:42.207, 4, 180.58 W, 35, 120 MHz, 3996 MHz, 0 %, 0 %
2026/09/22 01:48:42.207, 5, 178.64 W, 33, 120 MHz, 3996 MHz, 0 %, 0 %
2026/09/22 01:48:42.207, 6, 178.57 W, 30, 120 MHz, 3996 MHz, 0 %, 0 %
2026/09/22 01:48:42.207, 7, 181.42 W, 30, 120 MHz, 3996 MHz, 0 %, 0 %
2026/09/22 01:48:43.207, 0, 235.42 W, 39, 2032 MHz, 3996 MHz, 0 %, 0 %
2026/09/22 01:48:43.207, 1, 238.02 W, 39, 2032 MHz, 3996 MHz, 0 %, 0 %
2026/09/22 01:48:43.207, 2, 228.80 W, 33, 2032 MHz, 3996 MHz, 0 %, 0 %
2026/09/22 01:48:43.207, 3, 232.05 W, 33, 2032 MHz, 3996 MHz, 0 %, 0 %
2026/09/22 01:48:43.207, 4, 180.58 W, 35, 120 MHz, 3996 MHz, 0 %, 0 %
2026/09/22 01:48:43.207, 5, 178.64 W, 33, 120 MHz, 3996 MHz, 0 %, 0 %
2026/09/22 01:48:43.207, 6, 178.59 W, 30, 120 MHz, 3996 MHz, 0 %, 0 %
2026/09/22 01:48:43.207, 7, 181.04 W, 30, 120 MHz, 3996 MHz, 0 %, 0 %
2026/09/22 01:48:44.207, 0, 235.38 W, 38, 2032 MHz, 3996 MHz, 0 %, 0 %
2026/09/22 01:48:44.207, 1, 237.63 W, 39, 2032 MHz, 3996 MHz, 0 %, 0 %
2026/09/22 01:48:44.207, 2, 228.38 W, 33, 2032 MHz, 3996 MHz, 0 %, 0 %
2026/09/22 01:48:44.207, 3, 231.86 W, 33, 2032 MHz, 3996 MHz, 0 %, 0 %
2026/09/22 01:48:44.207, 4, 180.58 W, 35, 120 MHz, 3996 MHz, 0 %, 0 %
2026/09/22 01:48:44.207, 5, 178.64 W, 33, 120 MHz, 3996 MHz, 0 %, 0 %
2026/09/22 01:48:44.207, 6, 178.59 W, 30, 120 MHz, 3996 MHz, 0 %, 0 %
2026/09/22 01:48:44.207, 7, 181.15 W, 30, 120 MHz, 3996 MHz, 0 %, 0 %
2026/09/22 01:48:45.208, 0, 235.43 W, 38, 2032 MHz, 3996 MHz, 0 %, 0 %
2026/09/22 01:48:45.208, 1, 237.55 W, 39, 2032 MHz, 3996 MHz, 0 %, 0 %
2026/09/22 01:48:45.208, 2, 228.26 W, 33, 2032 MHz, 3996 MHz, 0 %, 0 %
2026/09/22 01:48:45.208, 3, 231.74 W, 33, 2032 MHz, 3996 MHz, 0 %, 0 %
2026/09/22 01:48:45.208, 4, 180.58 W, 35, 120 MHz, 3996 MHz, 0 %, 0 %
2026/09/22 01:48:45.208, 5, 178.64 W, 33, 120 MHz, 3996 MHz, 0 %, 0 %
2026/09/22 01:48:45.208, 6, 178.69 W, 30, 120 MHz, 3996 MHz, 0 %, 0 %
2026/09/22 01:48:45.208, 7, 181.03 W, 30, 120 MHz, 3996 MHz, 0 %, 0 %
2026/09/22 01:48:46.208, 0, 235.38 W, 38, 2032 MHz, 3996 MHz, 0 %, 0 %
2026/09/22 01:48:46.208, 1, 237.63 W, 39, 2032 MHz, 3996 MHz, 0 %, 0 %
2026/09/22 01:48:46.208, 2, 228.26 W, 32, 2032 MHz, 3996 MHz, 0 %, 0 %
2026/09/22 01:48:46.208, 3, 231.28 W, 33, 2032 MHz, 3996 MHz, 0 %, 0 %
2026/09/22 01:48:46.208, 4, 180.58 W, 35, 120 MHz, 3996 MHz, 0 %, 0 %
2026/09/22 01:48:46.208, 5, 178.64 W, 33, 120 MHz, 3996 MHz, 0 %, 0 %
2026/09/22 01:48:46.208, 6, 178.33 W, 30, 120 MHz, 3996 MHz, 0 %, 0 %
2026/09/22 01:48:46.208, 7, 181.15 W, 30, 120 MHz, 3996 MHz, 0 %, 0 %
2026/09/22 01:48:47.208, 0, 235.31 W, 38, 2032 MHz, 3996 MHz, 0 %, 0 %
2026/09/22 01:48:47.208, 1, 237.52 W, 39, 2032 MHz, 3996 MHz, 0 %, 0 %
2026/09/22 01:48:47.208, 2, 228.11 W, 32, 2032 MHz, 3996 MHz, 0 %, 0 %
2026/09/22 01:48:47.208, 3, 231.03 W, 33, 2032 MHz, 3996 MHz, 0 %, 0 %
2026/09/22 01:48:47.208, 4, 180.58 W, 35, 120 MHz, 3996 MHz, 0 %, 0 %
2026/09/22 01:48:47.208, 5, 178.64 W, 33, 120 MHz, 3996 MHz, 0 %, 0 %
2026/09/22 01:48:47.208, 6, 178.49 W, 30, 120 MHz, 3996 MHz, 0 %, 0 %
2026/09/22 01:48:47.208, 7, 180.69 W, 30, 120 MHz, 3996 MHz, 0 %, 0 %
2026/09/22 01:48:48.208, 0, 235.43 W, 38, 2032 MHz, 3996 MHz, 0 %, 0 %
2026/09/22 01:48:48.208, 1, 237.52 W, 39, 2032 MHz, 3996 MHz, 0 %, 0 %
2026/09/22 01:48:48.208, 2, 228.07 W, 32, 2032 MHz, 3996 MHz, 0 %, 0 %
2026/09/22 01:48:48.208, 3, 231.03 W, 32, 2032 MHz, 3996 MHz, 0 %, 0 %
2026/09/22 01:48:48.208, 4, 180.58 W, 35, 120 MHz, 3996 MHz, 0 %, 0 %
2026/09/22 01:48:48.208, 5, 178.64 W, 33, 120 MHz, 3996 MHz, 0 %, 0 %
2026/09/22 01:48:48.208, 6, 178.65 W, 30, 120 MHz, 3996 MHz, 0 %, 0 %
2026/09/22 01:48:48.208, 7, 181.03 W, 30, 120 MHz, 3996 MHz, 0 %, 0 %
2026/09/22 01:48:49.209, 0, 235.20 W, 38, 2032 MHz, 3996 MHz, 0 %, 0 %
2026/09/22 01:48:49.209, 1, 237.60 W, 39, 2032 MHz, 3996 MHz, 0 %, 0 %
2026/09/22 01:48:49.209, 2, 228.07 W, 32, 2032 MHz, 3996 MHz, 0 %, 0 %
2026/09/22 01:48:49.209, 3, 230.91 W, 32, 2032 MHz, 3996 MHz, 0 %, 0 %
2026/09/22 01:48:49.209, 4, 180.58 W, 35, 120 MHz, 3996 MHz, 0 %, 0 %
2026/09/22 01:48:49.209, 5, 178.64 W, 33, 120 MHz, 3996 MHz, 0 %, 0 %
2026/09/22 01:48:49.209, 6, 178.53 W, 30, 120 MHz, 3996 MHz, 0 %, 0 %
2026/09/22 01:48:49.209, 7, 181.11 W, 30, 120 MHz, 3996 MHz, 0 %, 0 %
2026/09/22 01:48:50.209, 0, 235.04 W, 38, 2032 MHz, 3996 MHz, 0 %, 0 %
2026/09/22 01:48:50.209, 1, 237.51 W, 39, 2032 MHz, 3996 MHz, 0 %, 0 %
2026/09/22 01:48:50.209, 2, 228.07 W, 32, 2032 MHz, 3996 MHz, 0 %, 0 %
2026/09/22 01:48:50.209, 3, 230.77 W, 32, 2032 MHz, 3996 MHz, 0 %, 0 %
2026/09/22 01:48:50.209, 4, 180.62 W, 35, 120 MHz, 3996 MHz, 0 %, 0 %
2026/09/22 01:48:50.209, 5, 178.64 W, 33, 120 MHz, 3996 MHz, 0 %, 0 %
2026/09/22 01:48:50.209, 6, 178.55 W, 30, 120 MHz, 3996 MHz, 0 %, 0 %
2026/09/22 01:48:50.209, 7, 181.23 W, 30, 120 MHz, 3996 MHz, 0 %, 0 %
2026/09/22 01:48:51.209, 0, 234.81 W, 38, 2032 MHz, 3996 MHz, 0 %, 0 %
2026/09/22 01:48:51.209, 1, 237.51 W, 39, 2032 MHz, 3996 MHz, 0 %, 0 %
2026/09/22 01:48:51.209, 2, 228.07 W, 32, 2032 MHz, 3996 MHz, 0 %, 0 %
2026/09/22 01:48:51.209, 3, 230.65 W, 32, 2032 MHz, 3996 MHz, 0 %, 0 %
2026/09/22 01:48:51.209, 4, 180.58 W, 35, 120 MHz, 3996 MHz, 0 %, 0 %
2026/09/22 01:48:51.209, 5, 178.64 W, 33, 120 MHz, 3996 MHz, 0 %, 0 %
2026/09/22 01:48:51.209, 6, 178.73 W, 30, 120 MHz, 3996 MHz, 0 %, 0 %
2026/09/22 01:48:51.209, 7, 181.04 W, 30, 120 MHz, 3996 MHz, 0 %, 0 %
2026/09/22 01:48:52.209, 0, 235.11 W, 38, 2032 MHz, 3996 MHz, 0 %, 0 %
2026/09/22 01:48:52.209, 1, 237.52 W, 39, 2032 MHz, 3996 MHz, 0 %, 0 %
2026/09/22 01:48:52.209, 2, 228.07 W, 32, 2032 MHz, 3996 MHz, 0 %, 0 %
2026/09/22 01:48:52.209, 3, 230.42 W, 32, 2032 MHz, 3996 MHz, 0 %, 0 %
2026/09/22 01:48:52.210, 4, 180.58 W, 35, 120 MHz, 3996 MHz, 0 %, 0 %
2026/09/22 01:48:52.210, 5, 178.64 W, 33, 120 MHz, 3996 MHz, 0 %, 0 %
2026/09/22 01:48:52.210, 6, 178.66 W, 30, 120 MHz, 3996 MHz, 0 %, 0 %
2026/09/22 01:48:52.210, 7, 181.07 W, 30, 120 MHz, 3996 MHz, 0 %, 0 %
2026/09/22 01:48:53.210, 0, 234.65 W, 38, 2032 MHz, 3996 MHz, 0 %, 0 %
2026/09/22 01:48:53.210, 1, 237.55 W, 39, 2032 MHz, 3996 MHz, 0 %, 0 %
2026/09/22 01:48:53.210, 2, 228.11 W, 32, 2032 MHz, 3996 MHz, 0 %, 0 %
2026/09/22 01:48:53.210, 3, 230.35 W, 32, 2032 MHz, 3996 MHz, 0 %, 0 %
2026/09/22 01:48:53.210, 4, 180.58 W, 35, 120 MHz, 3996 MHz, 0 %, 0 %
2026/09/22 01:48:53.210, 5, 178.64 W, 33, 120 MHz, 3996 MHz, 0 %, 0 %
2026/09/22 01:48:53.210, 6, 178.44 W, 30, 120 MHz, 3996 MHz, 0 %, 0 %
2026/09/22 01:48:53.210, 7, 181.00 W, 30, 120 MHz, 3996 MHz, 0 %, 0 %
2026/09/22 01:48:54.210, 0, 234.59 W, 38, 2032 MHz, 3996 MHz, 0 %, 0 %
2026/09/22 01:48:54.210, 1, 237.52 W, 39, 2032 MHz, 3996 MHz, 0 %, 0 %
2026/09/22 01:48:54.210, 2, 228.07 W, 32, 2032 MHz, 3996 MHz, 0 %, 0 %
2026/09/22 01:48:54.210, 3, 230.23 W, 32, 2032 MHz, 3996 MHz, 0 %, 0 %
2026/09/22 01:48:54.210, 4, 180.58 W, 35, 120 MHz, 3996 MHz, 0 %, 0 %
2026/09/22 01:48:54.210, 5, 178.64 W, 33, 120 MHz, 3996 MHz, 0 %, 0 %
2026/09/22 01:48:54.210, 6, 178.51 W, 30, 120 MHz, 3996 MHz, 0 %, 0 %
2026/09/22 01:48:54.210, 7, 181.11 W, 30, 120 MHz, 3996 MHz, 0 %, 0 %
2026/09/22 01:48:55.210, 0, 234.62 W, 38, 2032 MHz, 3996 MHz, 0 %, 0 %
2026/09/22 01:48:55.210, 1, 237.52 W, 39, 2032 MHz, 3996 MHz, 0 %, 0 %
2026/09/22 01:48:55.211, 2, 228.07 W, 32, 2032 MHz, 3996 MHz, 0 %, 0 %
2026/09/22 01:48:55.211, 3, 230.23 W, 32, 2032 MHz, 3996 MHz, 0 %, 0 %
2026/09/22 01:48:55.211, 4, 180.58 W, 35, 120 MHz, 3996 MHz, 0 %, 0 %
2026/09/22 01:48:55.211, 5, 178.64 W, 33, 120 MHz, 3996 MHz, 0 %, 0 %
2026/09/22 01:48:55.211, 6, 178.65 W, 30, 120 MHz, 3996 MHz, 0 %, 0 %
2026/09/22 01:48:55.211, 7, 180.95 W, 30, 120 MHz, 3996 MHz, 0 %, 0 %
2026/09/22 01:48:56.211, 0, 234.42 W, 38, 2032 MHz, 3996 MHz, 0 %, 0 %
2026/09/22 01:48:56.211, 1, 237.52 W, 39, 2032 MHz, 3996 MHz, 0 %, 0 %
2026/09/22 01:48:56.211, 2, 228.07 W, 32, 2032 MHz, 3996 MHz, 0 %, 0 %
2026/09/22 01:48:56.211, 3, 230.16 W, 32, 2032 MHz, 3996 MHz, 0 %, 0 %
2026/09/22 01:48:56.211, 4, 180.58 W, 35, 120 MHz, 3996 MHz, 0 %, 0 %
2026/09/22 01:48:56.211, 5, 178.64 W, 33, 120 MHz, 3996 MHz, 0 %, 0 %
2026/09/22 01:48:56.211, 6, 178.32 W, 30, 120 MHz, 3996 MHz, 0 %, 0 %
2026/09/22 01:48:56.211, 7, 180.87 W, 30, 120 MHz, 3996 MHz, 0 %, 0 %
2026/09/22 01:48:57.211, 0, 588.04 W, 50, 1582 MHz, 3996 MHz, 100 %, 38 %
2026/09/22 01:48:57.211, 1, 573.68 W, 52, 1897 MHz, 3996 MHz, 100 %, 32 %
2026/09/22 01:48:57.211, 2, 554.57 W, 46, 1642 MHz, 3996 MHz, 100 %, 34 %
2026/09/22 01:48:57.211, 3, 582.88 W, 48, 1575 MHz, 3996 MHz, 100 %, 34 %
2026/09/22 01:48:57.211, 4, 180.62 W, 35, 120 MHz, 3996 MHz, 0 %, 0 %
2026/09/22 01:48:57.211, 5, 178.64 W, 33, 120 MHz, 3996 MHz, 0 %, 0 %
2026/09/22 01:48:57.211, 6, 178.68 W, 30, 120 MHz, 3996 MHz, 0 %, 0 %
2026/09/22 01:48:57.211, 7, 181.00 W, 30, 120 MHz, 3996 MHz, 0 %, 0 %
2026/09/22 01:48:58.211, 0, 886.13 W, 51, 2032 MHz, 3996 MHz, 100 %, 63 %
2026/09/22 01:48:58.211, 1, 890.14 W, 51, 2032 MHz, 3996 MHz, 100 %, 64 %
2026/09/22 01:48:58.211, 2, 884.72 W, 44, 2032 MHz, 3996 MHz, 100 %, 62 %
2026/09/22 01:48:58.211, 3, 890.63 W, 44, 2032 MHz, 3996 MHz, 100 %, 62 %
2026/09/22 01:48:58.212, 4, 180.58 W, 35, 120 MHz, 3996 MHz, 0 %, 0 %
2026/09/22 01:48:58.212, 5, 178.64 W, 33, 120 MHz, 3996 MHz, 0 %, 0 %
2026/09/22 01:48:58.212, 6, 178.68 W, 30, 120 MHz, 3996 MHz, 0 %, 0 %
2026/09/22 01:48:58.212, 7, 180.95 W, 30, 120 MHz, 3996 MHz, 0 %, 0 %
2026/09/22 01:48:59.212, 0, 942.11 W, 52, 2032 MHz, 3996 MHz, 100 %, 67 %
2026/09/22 01:48:59.212, 1, 946.48 W, 53, 2032 MHz, 3996 MHz, 100 %, 67 %
2026/09/22 01:48:59.212, 2, 922.44 W, 46, 2032 MHz, 3996 MHz, 100 %, 66 %
2026/09/22 01:48:59.212, 3, 934.17 W, 46, 2032 MHz, 3996 MHz, 100 %, 66 %
2026/09/22 01:48:59.212, 4, 180.59 W, 35, 120 MHz, 3996 MHz, 0 %, 0 %
2026/09/22 01:48:59.212, 5, 178.64 W, 33, 120 MHz, 3996 MHz, 0 %, 0 %
2026/09/22 01:48:59.212, 6, 178.67 W, 30, 120 MHz, 3996 MHz, 0 %, 0 %
2026/09/22 01:48:59.212, 7, 181.17 W, 30, 120 MHz, 3996 MHz, 0 %, 0 %
2026/09/22 01:49:00.212, 0, 959.73 W, 53, 2032 MHz, 3996 MHz, 100 %, 68 %
2026/09/22 01:49:00.212, 1, 968.91 W, 53, 2032 MHz, 3996 MHz, 100 %, 68 %
2026/09/22 01:49:00.212, 2, 938.93 W, 47, 2032 MHz, 3996 MHz, 100 %, 67 %
2026/09/22 01:49:00.212, 3, 946.35 W, 47, 2032 MHz, 3996 MHz, 100 %, 67 %
2026/09/22 01:49:00.212, 4, 180.58 W, 35, 120 MHz, 3996 MHz, 0 %, 0 %
2026/09/22 01:49:00.212, 5, 178.68 W, 33, 120 MHz, 3996 MHz, 0 %, 0 %
2026/09/22 01:49:00.212, 6, 178.94 W, 30, 120 MHz, 3996 MHz, 0 %, 0 %
2026/09/22 01:49:00.212, 7, 181.00 W, 30, 120 MHz, 3996 MHz, 0 %, 0 %
2026/09/22 01:49:01.212, 0, 980.42 W, 54, 2032 MHz, 3996 MHz, 100 %, 69 %
2026/09/22 01:49:01.212, 1, 979.96 W, 54, 2032 MHz, 3996 MHz, 100 %, 69 %
2026/09/22 01:49:01.212, 2, 969.71 W, 47, 2032 MHz, 3996 MHz, 100 %, 69 %
2026/09/22 01:49:01.212, 3, 974.47 W, 48, 2032 MHz, 3996 MHz, 100 %, 69 %
2026/09/22 01:49:01.212, 4, 180.58 W, 35, 120 MHz, 3996 MHz, 0 %, 0 %
2026/09/22 01:49:01.212, 5, 178.64 W, 33, 120 MHz, 3996 MHz, 0 %, 0 %
2026/09/22 01:49:01.212, 6, 178.39 W, 30, 120 MHz, 3996 MHz, 0 %, 0 %
2026/09/22 01:49:01.212, 7, 181.24 W, 30, 120 MHz, 3996 MHz, 0 %, 0 %
2026/09/22 01:49:02.213, 0, 990.66 W, 55, 2032 MHz, 3996 MHz, 100 %, 70 %
2026/09/22 01:49:02.213, 1, 1000.71 W, 55, 2032 MHz, 3996 MHz, 100 %, 70 %
2026/09/22 01:49:02.213, 2, 978.91 W, 49, 2032 MHz, 3996 MHz, 100 %, 69 %
2026/09/22 01:49:02.213, 3, 987.78 W, 48, 2032 MHz, 3996 MHz, 100 %, 70 %
2026/09/22 01:49:02.213, 4, 180.58 W, 35, 120 MHz, 3996 MHz, 0 %, 0 %
2026/09/22 01:49:02.213, 5, 178.64 W, 33, 120 MHz, 3996 MHz, 0 %, 0 %
2026/09/22 01:49:02.213, 6, 178.63 W, 30, 120 MHz, 3996 MHz, 0 %, 0 %
2026/09/22 01:49:02.213, 7, 181.04 W, 30, 120 MHz, 3996 MHz, 0 %, 0 %
2026/09/22 01:49:03.213, 0, 997.55 W, 55, 2032 MHz, 3996 MHz, 100 %, 70 %
2026/09/22 01:49:03.213, 1, 999.38 W, 56, 2032 MHz, 3996 MHz, 100 %, 70 %
2026/09/22 01:49:03.213, 2, 981.34 W, 49, 2032 MHz, 3996 MHz, 100 %, 70 %
2026/09/22 01:49:03.213, 3, 994.29 W, 49, 2032 MHz, 3996 MHz, 100 %, 70 %
2026/09/22 01:49:03.213, 4, 180.58 W, 35, 120 MHz, 3996 MHz, 0 %, 0 %
2026/09/22 01:49:03.213, 5, 178.64 W, 33, 120 MHz, 3996 MHz, 0 %, 0 %
2026/09/22 01:49:03.213, 6, 178.62 W, 30, 120 MHz, 3996 MHz, 0 %, 0 %
2026/09/22 01:49:03.213, 7, 181.10 W, 30, 120 MHz, 3996 MHz, 0 %, 0 %
2026/09/22 01:49:04.213, 0, 1006.36 W, 56, 2032 MHz, 3996 MHz, 100 %, 70 %
2026/09/22 01:49:04.213, 1, 1009.17 W, 56, 2032 MHz, 3996 MHz, 100 %, 70 %
2026/09/22 01:49:04.213, 2, 989.50 W, 49, 2032 MHz, 3996 MHz, 100 %, 70 %
2026/09/22 01:49:04.213, 3, 997.47 W, 49, 2032 MHz, 3996 MHz, 100 %, 70 %
2026/09/22 01:49:04.213, 4, 180.57 W, 35, 120 MHz, 3996 MHz, 0 %, 0 %
2026/09/22 01:49:04.213, 5, 178.64 W, 33, 120 MHz, 3996 MHz, 0 %, 0 %
2026/09/22 01:49:04.213, 6, 178.59 W, 30, 120 MHz, 3996 MHz, 0 %, 0 %
2026/09/22 01:49:04.213, 7, 181.23 W, 30, 120 MHz, 3996 MHz, 0 %, 0 %
2026/09/22 01:49:05.213, 0, 940.45 W, 51, 2032 MHz, 3996 MHz, 100 %, 43 %
2026/09/22 01:49:05.213, 1, 979.09 W, 56, 2032 MHz, 3996 MHz, 100 %, 37 %
2026/09/22 01:49:05.213, 2, 936.82 W, 45, 2032 MHz, 3996 MHz, 100 %, 70 %
2026/09/22 01:49:05.213, 3, 949.27 W, 46, 2032 MHz, 3996 MHz, 100 %, 70 %
2026/09/22 01:49:05.213, 4, 180.58 W, 35, 120 MHz, 3996 MHz, 0 %, 0 %
2026/09/22 01:49:05.213, 5, 178.64 W, 33, 120 MHz, 3996 MHz, 0 %, 0 %
2026/09/22 01:49:05.213, 6, 178.66 W, 30, 120 MHz, 3996 MHz, 0 %, 0 %
2026/09/22 01:49:05.213, 7, 180.90 W, 30, 120 MHz, 3996 MHz, 0 %, 0 %
2026/09/22 01:49:06.214, 0, 601.56 W, 48, 2032 MHz, 3996 MHz, 100 %, 8 %
2026/09/22 01:49:06.214, 1, 577.59 W, 49, 2032 MHz, 3996 MHz, 100 %, 8 %
2026/09/22 01:49:06.214, 2, 628.51 W, 44, 2032 MHz, 3996 MHz, 90 %, 58 %
2026/09/22 01:49:06.214, 3, 596.24 W, 42, 2032 MHz, 3996 MHz, 100 %, 44 %
2026/09/22 01:49:06.214, 4, 180.58 W, 35, 120 MHz, 3996 MHz, 0 %, 0 %
2026/09/22 01:49:06.214, 5, 178.64 W, 33, 120 MHz, 3996 MHz, 0 %, 0 %
2026/09/22 01:49:06.214, 6, 178.41 W, 30, 120 MHz, 3996 MHz, 0 %, 0 %
2026/09/22 01:49:06.214, 7, 181.01 W, 30, 120 MHz, 3996 MHz, 0 %, 0 %
2026/09/22 01:49:07.214, 0, 639.12 W, 52, 2032 MHz, 3996 MHz, 100 %, 15 %
2026/09/22 01:49:07.214, 1, 613.56 W, 51, 2032 MHz, 3996 MHz, 36 %, 15 %
2026/09/22 01:49:07.214, 2, 555.79 W, 41, 2032 MHz, 3996 MHz, 100 %, 37 %
2026/09/22 01:49:07.214, 3, 621.90 W, 45, 2032 MHz, 3996 MHz, 100 %, 28 %
2026/09/22 01:49:07.214, 4, 180.58 W, 35, 120 MHz, 3996 MHz, 0 %, 0 %
2026/09/22 01:49:07.214, 5, 178.64 W, 33, 120 MHz, 3996 MHz, 0 %, 0 %
2026/09/22 01:49:07.214, 6, 178.60 W, 30, 120 MHz, 3996 MHz, 0 %, 0 %
2026/09/22 01:49:07.214, 7, 181.15 W, 30, 120 MHz, 3996 MHz, 0 %, 0 %
2026/09/22 01:49:08.214, 0, 488.18 W, 46, 2032 MHz, 3996 MHz, 100 %, 9 %
2026/09/22 01:49:08.214, 1, 561.84 W, 48, 2032 MHz, 3996 MHz, 100 %, 9 %
2026/09/22 01:49:08.214, 2, 540.59 W, 44, 2032 MHz, 3996 MHz, 55 %, 29 %
2026/09/22 01:49:08.214, 3, 511.04 W, 41, 2032 MHz, 3996 MHz, 97 %, 12 %
2026/09/22 01:49:08.214, 4, 180.58 W, 35, 120 MHz, 3996 MHz, 0 %, 0 %
2026/09/22 01:49:08.214, 5, 178.64 W, 33, 120 MHz, 3996 MHz, 0 %, 0 %
2026/09/22 01:49:08.214, 6, 178.42 W, 30, 120 MHz, 3996 MHz, 0 %, 0 %
2026/09/22 01:49:08.214, 7, 181.10 W, 30, 120 MHz, 3996 MHz, 0 %, 0 %
2026/09/22 01:49:09.214, 0, 664.18 W, 52, 2032 MHz, 3996 MHz, 99 %, 9 %
2026/09/22 01:49:09.214, 1, 686.71 W, 51, 2032 MHz, 3996 MHz, 36 %, 17 %
2026/09/22 01:49:09.214, 2, 618.49 W, 44, 2032 MHz, 3996 MHz, 100 %, 22 %
2026/09/22 01:49:09.214, 3, 658.81 W, 45, 2032 MHz, 3996 MHz, 100 %, 12 %
2026/09/22 01:49:09.214, 4, 180.58 W, 35, 120 MHz, 3996 MHz, 0 %, 0 %
2026/09/22 01:49:09.214, 5, 178.64 W, 33, 120 MHz, 3996 MHz, 0 %, 0 %
2026/09/22 01:49:09.215, 6, 178.52 W, 30, 120 MHz, 3996 MHz, 0 %, 0 %
2026/09/22 01:49:09.215, 7, 181.25 W, 30, 120 MHz, 3996 MHz, 0 %, 0 %
2026/09/22 01:49:10.215, 0, 659.84 W, 53, 2032 MHz, 3996 MHz, 100 %, 66 %
2026/09/22 01:49:10.215, 1, 619.64 W, 52, 2032 MHz, 3996 MHz, 100 %, 67 %
2026/09/22 01:49:10.215, 2, 604.72 W, 45, 2032 MHz, 3996 MHz, 96 %, 13 %
2026/09/22 01:49:10.215, 3, 611.47 W, 46, 2032 MHz, 3996 MHz, 96 %, 23 %
2026/09/22 01:49:10.215, 4, 180.58 W, 35, 120 MHz, 3996 MHz, 0 %, 0 %
2026/09/22 01:49:10.215, 5, 178.64 W, 33, 120 MHz, 3996 MHz, 0 %, 0 %
2026/09/22 01:49:10.215, 6, 178.60 W, 30, 120 MHz, 3996 MHz, 0 %, 0 %
2026/09/22 01:49:10.215, 7, 181.30 W, 30, 120 MHz, 3996 MHz, 0 %, 0 %
2026/09/22 01:49:11.215, 0, 640.42 W, 48, 2032 MHz, 3996 MHz, 98 %, 9 %
2026/09/22 01:49:11.215, 1, 634.08 W, 49, 2032 MHz, 3996 MHz, 96 %, 8 %
2026/09/22 01:49:11.215, 2, 662.94 W, 43, 2032 MHz, 3996 MHz, 57 %, 29 %
2026/09/22 01:49:11.215, 3, 642.10 W, 42, 2032 MHz, 3996 MHz, 100 %, 12 %
2026/09/22 01:49:11.215, 4, 180.58 W, 35, 120 MHz, 3996 MHz, 0 %, 0 %
2026/09/22 01:49:11.215, 5, 178.64 W, 33, 120 MHz, 3996 MHz, 0 %, 0 %
2026/09/22 01:49:11.215, 6, 178.44 W, 30, 120 MHz, 3996 MHz, 0 %, 0 %
2026/09/22 01:49:11.215, 7, 181.18 W, 30, 120 MHz, 3996 MHz, 0 %, 0 %
2026/09/22 01:49:12.215, 0, 686.67 W, 54, 2032 MHz, 3996 MHz, 100 %, 66 %
2026/09/22 01:49:12.215, 1, 645.93 W, 54, 2032 MHz, 3996 MHz, 100 %, 66 %
2026/09/22 01:49:12.215, 2, 649.65 W, 47, 2032 MHz, 3996 MHz, 100 %, 65 %
2026/09/22 01:49:12.215, 3, 655.58 W, 47, 2032 MHz, 3996 MHz, 100 %, 65 %
2026/09/22 01:49:12.215, 4, 180.58 W, 35, 120 MHz, 3996 MHz, 0 %, 0 %
2026/09/22 01:49:12.215, 5, 178.64 W, 33, 120 MHz, 3996 MHz, 0 %, 0 %
2026/09/22 01:49:12.215, 6, 178.41 W, 30, 120 MHz, 3996 MHz, 0 %, 0 %
2026/09/22 01:49:12.215, 7, 181.33 W, 30, 120 MHz, 3996 MHz, 0 %, 0 %
2026/09/22 01:49:13.215, 0, 954.36 W, 56, 2032 MHz, 3996 MHz, 100 %, 66 %
2026/09/22 01:49:13.216, 1, 958.66 W, 56, 2032 MHz, 3996 MHz, 100 %, 66 %
2026/09/22 01:49:13.216, 2, 932.20 W, 49, 2032 MHz, 3996 MHz, 100 %, 66 %
2026/09/22 01:49:13.216, 3, 943.17 W, 49, 2032 MHz, 3996 MHz, 100 %, 67 %
2026/09/22 01:49:13.216, 4, 180.58 W, 35, 120 MHz, 3996 MHz, 0 %, 0 %
2026/09/22 01:49:13.216, 5, 178.64 W, 33, 120 MHz, 3996 MHz, 0 %, 0 %
2026/09/22 01:49:13.216, 6, 178.41 W, 30, 120 MHz, 3996 MHz, 0 %, 0 %
2026/09/22 01:49:13.216, 7, 181.22 W, 30, 120 MHz, 3996 MHz, 0 %, 0 %
2026/09/22 01:49:14.216, 0, 966.40 W, 57, 2032 MHz, 3996 MHz, 100 %, 68 %
2026/09/22 01:49:14.216, 1, 968.29 W, 57, 2032 MHz, 3996 MHz, 100 %, 68 %
2026/09/22 01:49:14.216, 2, 940.23 W, 50, 2032 MHz, 3996 MHz, 100 %, 67 %
2026/09/22 01:49:14.216, 3, 954.62 W, 50, 2032 MHz, 3996 MHz, 100 %, 67 %
2026/09/22 01:49:14.216, 4, 180.58 W, 35, 120 MHz, 3996 MHz, 0 %, 0 %
2026/09/22 01:49:14.216, 5, 178.64 W, 33, 120 MHz, 3996 MHz, 0 %, 0 %
2026/09/22 01:49:14.216, 6, 178.42 W, 30, 120 MHz, 3996 MHz, 0 %, 0 %
2026/09/22 01:49:14.216, 7, 181.38 W, 30, 120 MHz, 3996 MHz, 0 %, 0 %
2026/09/22 01:49:15.216, 0, 975.93 W, 57, 2032 MHz, 3996 MHz, 100 %, 69 %
2026/09/22 01:49:15.216, 1, 979.55 W, 58, 2032 MHz, 3996 MHz, 100 %, 69 %
2026/09/22 01:49:15.216, 2, 960.53 W, 50, 2032 MHz, 3996 MHz, 100 %, 69 %
2026/09/22 01:49:15.216, 3, 971.24 W, 50, 2032 MHz, 3996 MHz, 100 %, 68 %
2026/09/22 01:49:15.216, 4, 180.62 W, 35, 120 MHz, 3996 MHz, 0 %, 0 %
2026/09/22 01:49:15.216, 5, 178.64 W, 33, 120 MHz, 3996 MHz, 0 %, 0 %
2026/09/22 01:49:15.216, 6, 178.24 W, 30, 120 MHz, 3996 MHz, 0 %, 0 %
2026/09/22 01:49:15.216, 7, 181.19 W, 30, 120 MHz, 3996 MHz, 0 %, 0 %
2026/09/22 01:49:16.216, 0, 984.65 W, 58, 2032 MHz, 3996 MHz, 100 %, 69 %
2026/09/22 01:49:16.216, 1, 992.70 W, 58, 2032 MHz, 3996 MHz, 100 %, 69 %
2026/09/22 01:49:16.216, 2, 970.67 W, 51, 2032 MHz, 3996 MHz, 100 %, 69 %
2026/09/22 01:49:16.216, 3, 978.34 W, 51, 2032 MHz, 3996 MHz, 100 %, 69 %
2026/09/22 01:49:16.216, 4, 180.62 W, 35, 120 MHz, 3996 MHz, 0 %, 0 %
2026/09/22 01:49:16.217, 5, 178.64 W, 33, 120 MHz, 3996 MHz, 0 %, 0 %
2026/09/22 01:49:16.217, 6, 178.45 W, 30, 120 MHz, 3996 MHz, 0 %, 0 %
2026/09/22 01:49:16.217, 7, 181.19 W, 30, 120 MHz, 3996 MHz, 0 %, 0 %
2026/09/22 01:49:17.217, 0, 997.25 W, 59, 2032 MHz, 3996 MHz, 100 %, 69 %
2026/09/22 01:49:17.217, 1, 995.96 W, 59, 2032 MHz, 3996 MHz, 100 %, 69 %
2026/09/22 01:49:17.217, 2, 979.66 W, 51, 2032 MHz, 3996 MHz, 100 %, 69 %
2026/09/22 01:49:17.217, 3, 986.28 W, 51, 2032 MHz, 3996 MHz, 100 %, 69 %
2026/09/22 01:49:17.217, 4, 180.58 W, 35, 120 MHz, 3996 MHz, 0 %, 0 %
2026/09/22 01:49:17.217, 5, 178.64 W, 33, 120 MHz, 3996 MHz, 0 %, 0 %
2026/09/22 01:49:17.217, 6, 178.35 W, 30, 120 MHz, 3996 MHz, 0 %, 0 %
2026/09/22 01:49:17.217, 7, 181.22 W, 30, 120 MHz, 3996 MHz, 0 %, 0 %
2026/09/22 01:49:18.217, 0, 1001.63 W, 59, 2032 MHz, 3996 MHz, 100 %, 69 %
2026/09/22 01:49:18.217, 1, 1004.16 W, 59, 2032 MHz, 3996 MHz, 100 %, 69 %
2026/09/22 01:49:18.217, 2, 982.75 W, 52, 2032 MHz, 3996 MHz, 100 %, 69 %
2026/09/22 01:49:18.217, 3, 989.98 W, 51, 2032 MHz, 3996 MHz, 100 %, 69 %
2026/09/22 01:49:18.217, 4, 180.62 W, 35, 120 MHz, 3996 MHz, 0 %, 0 %
2026/09/22 01:49:18.217, 5, 178.64 W, 33, 120 MHz, 3996 MHz, 0 %, 0 %
2026/09/22 01:49:18.217, 6, 178.61 W, 30, 120 MHz, 3996 MHz, 0 %, 0 %
2026/09/22 01:49:18.217, 7, 181.18 W, 30, 120 MHz, 3996 MHz, 0 %, 0 %
2026/09/22 01:49:19.217, 0, 988.19 W, 59, 2032 MHz, 3996 MHz, 100 %, 69 %
2026/09/22 01:49:19.217, 1, 995.95 W, 59, 2032 MHz, 3996 MHz, 100 %, 68 %
2026/09/22 01:49:19.217, 2, 978.05 W, 51, 2032 MHz, 3996 MHz, 100 %, 69 %
2026/09/22 01:49:19.217, 3, 978.79 W, 51, 2032 MHz, 3996 MHz, 95 %, 65 %
2026/09/22 01:49:19.217, 4, 180.58 W, 35, 120 MHz, 3996 MHz, 0 %, 0 %
2026/09/22 01:49:19.217, 5, 178.64 W, 33, 120 MHz, 3996 MHz, 0 %, 0 %
2026/09/22 01:49:19.217, 6, 178.82 W, 30, 120 MHz, 3996 MHz, 0 %, 0 %
2026/09/22 01:49:19.217, 7, 181.25 W, 30, 120 MHz, 3996 MHz, 0 %, 0 %
2026/09/22 01:49:20.217, 0, 918.09 W, 57, 2032 MHz, 3996 MHz, 90 %, 56 %
2026/09/22 01:49:20.217, 1, 932.74 W, 55, 2032 MHz, 3996 MHz, 85 %, 55 %
2026/09/22 01:49:20.217, 2, 902.88 W, 50, 2032 MHz, 3996 MHz, 95 %, 61 %
2026/09/22 01:49:20.218, 3, 890.74 W, 49, 2032 MHz, 3996 MHz, 92 %, 60 %
2026/09/22 01:49:20.218, 4, 180.58 W, 35, 120 MHz, 3996 MHz, 0 %, 0 %
2026/09/22 01:49:20.218, 5, 178.64 W, 33, 120 MHz, 3996 MHz, 0 %, 0 %
2026/09/22 01:49:20.218, 6, 178.44 W, 30, 120 MHz, 3996 MHz, 0 %, 0 %
2026/09/22 01:49:20.218, 7, 181.15 W, 30, 120 MHz, 3996 MHz, 0 %, 0 %
2026/09/22 01:49:21.218, 0, 665.02 W, 57, 1597 MHz, 3996 MHz, 100 %, 8 %
2026/09/22 01:49:21.218, 1, 660.45 W, 52, 2032 MHz, 3996 MHz, 29 %, 13 %
2026/09/22 01:49:21.218, 2, 636.03 W, 45, 2032 MHz, 3996 MHz, 100 %, 7 %
2026/09/22 01:49:21.218, 3, 633.16 W, 48, 2032 MHz, 3996 MHz, 100 %, 7 %
2026/09/22 01:49:21.218, 4, 180.62 W, 35, 120 MHz, 3996 MHz, 0 %, 0 %
2026/09/22 01:49:21.218, 5, 178.64 W, 33, 120 MHz, 3996 MHz, 0 %, 0 %
2026/09/22 01:49:21.218, 6, 178.43 W, 30, 120 MHz, 3996 MHz, 0 %, 0 %
2026/09/22 01:49:21.218, 7, 181.13 W, 30, 120 MHz, 3996 MHz, 0 %, 0 %
2026/09/22 01:49:22.218, 0, 973.32 W, 58, 2032 MHz, 3996 MHz, 100 %, 63 %
2026/09/22 01:49:22.218, 1, 972.24 W, 58, 2032 MHz, 3996 MHz, 100 %, 64 %
2026/09/22 01:49:22.218, 2, 976.29 W, 51, 2032 MHz, 3996 MHz, 100 %, 61 %
2026/09/22 01:49:22.218, 3, 985.57 W, 50, 2032 MHz, 3996 MHz, 100 %, 61 %
2026/09/22 01:49:22.218, 4, 180.65 W, 35, 120 MHz, 3996 MHz, 0 %, 0 %
2026/09/22 01:49:22.218, 5, 178.64 W, 33, 120 MHz, 3996 MHz, 0 %, 0 %
2026/09/22 01:49:22.218, 6, 178.58 W, 30, 120 MHz, 3996 MHz, 0 %, 0 %
2026/09/22 01:49:22.218, 7, 181.06 W, 30, 120 MHz, 3996 MHz, 0 %, 0 %
2026/09/22 01:49:23.218, 0, 972.51 W, 60, 2032 MHz, 3996 MHz, 100 %, 68 %
2026/09/22 01:49:23.218, 1, 978.70 W, 60, 2032 MHz, 3996 MHz, 100 %, 68 %
2026/09/22 01:49:23.218, 2, 952.25 W, 52, 2032 MHz, 3996 MHz, 100 %, 68 %
2026/09/22 01:49:23.218, 3, 955.30 W, 52, 2032 MHz, 3996 MHz, 100 %, 68 %
2026/09/22 01:49:23.218, 4, 180.58 W, 35, 120 MHz, 3996 MHz, 0 %, 0 %
2026/09/22 01:49:23.218, 5, 178.64 W, 33, 120 MHz, 3996 MHz, 0 %, 0 %
2026/09/22 01:49:23.218, 6, 178.59 W, 30, 120 MHz, 3996 MHz, 0 %, 0 %
2026/09/22 01:49:23.218, 7, 180.98 W, 30, 120 MHz, 3996 MHz, 0 %, 0 %
2026/09/22 01:49:24.219, 0, 984.99 W, 59, 2032 MHz, 3996 MHz, 100 %, 69 %
2026/09/22 01:49:24.219, 1, 993.09 W, 59, 2032 MHz, 3996 MHz, 100 %, 69 %
2026/09/22 01:49:24.219, 2, 970.31 W, 52, 2032 MHz, 3996 MHz, 100 %, 68 %
2026/09/22 01:49:24.219, 3, 972.76 W, 51, 2032 MHz, 3996 MHz, 100 %, 68 %
2026/09/22 01:49:24.219, 4, 180.58 W, 35, 120 MHz, 3996 MHz, 0 %, 0 %
2026/09/22 01:49:24.219, 5, 178.64 W, 33, 120 MHz, 3996 MHz, 0 %, 0 %
2026/09/22 01:49:24.219, 6, 178.36 W, 30, 120 MHz, 3996 MHz, 0 %, 0 %
2026/09/22 01:49:24.219, 7, 181.17 W, 30, 120 MHz, 3996 MHz, 0 %, 0 %
2026/09/22 01:49:25.219, 0, 995.61 W, 60, 2032 MHz, 3996 MHz, 100 %, 69 %
2026/09/22 01:49:25.219, 1, 1000.78 W, 60, 2032 MHz, 3996 MHz, 100 %, 69 %
2026/09/22 01:49:25.219, 2, 973.19 W, 53, 2032 MHz, 3996 MHz, 100 %, 69 %
2026/09/22 01:49:25.219, 3, 982.21 W, 52, 2032 MHz, 3996 MHz, 100 %, 69 %
2026/09/22 01:49:25.219, 4, 180.58 W, 35, 120 MHz, 3996 MHz, 0 %, 0 %
2026/09/22 01:49:25.219, 5, 178.64 W, 33, 120 MHz, 3996 MHz, 0 %, 0 %
2026/09/22 01:49:25.219, 6, 178.56 W, 30, 120 MHz, 3996 MHz, 0 %, 0 %
2026/09/22 01:49:25.219, 7, 181.10 W, 30, 120 MHz, 3996 MHz, 0 %, 0 %
2026/09/22 01:49:26.219, 0, 996.43 W, 61, 2032 MHz, 3996 MHz, 100 %, 69 %
2026/09/22 01:49:26.219, 1, 1004.64 W, 61, 2032 MHz, 3996 MHz, 100 %, 69 %
2026/09/22 01:49:26.219, 2, 979.82 W, 53, 2032 MHz, 3996 MHz, 100 %, 69 %
2026/09/22 01:49:26.219, 3, 987.17 W, 53, 2032 MHz, 3996 MHz, 100 %, 69 %
2026/09/22 01:49:26.219, 4, 180.58 W, 35, 120 MHz, 3996 MHz, 0 %, 0 %
2026/09/22 01:49:26.219, 5, 178.64 W, 33, 120 MHz, 3996 MHz, 0 %, 0 %
2026/09/22 01:49:26.219, 6, 178.51 W, 30, 120 MHz, 3996 MHz, 0 %, 0 %
2026/09/22 01:49:26.219, 7, 181.05 W, 30, 120 MHz, 3996 MHz, 0 %, 0 %
2026/09/22 01:49:27.219, 0, 1000.64 W, 61, 2032 MHz, 3996 MHz, 100 %, 69 %
2026/09/22 01:49:27.219, 1, 1007.71 W, 61, 2032 MHz, 3996 MHz, 100 %, 69 %
2026/09/22 01:49:27.219, 2, 984.02 W, 53, 2032 MHz, 3996 MHz, 100 %, 70 %
2026/09/22 01:49:27.219, 3, 994.56 W, 53, 2032 MHz, 3996 MHz, 100 %, 70 %
2026/09/22 01:49:27.219, 4, 180.58 W, 35, 120 MHz, 3996 MHz, 0 %, 0 %
2026/09/22 01:49:27.219, 5, 178.64 W, 33, 120 MHz, 3996 MHz, 0 %, 0 %
2026/09/22 01:49:27.219, 6, 178.56 W, 30, 120 MHz, 3996 MHz, 0 %, 0 %
2026/09/22 01:49:27.219, 7, 181.25 W, 30, 120 MHz, 3996 MHz, 0 %, 0 %
2026/09/22 01:49:28.220, 0, 1005.94 W, 62, 2032 MHz, 3996 MHz, 100 %, 70 %
2026/09/22 01:49:28.220, 1, 1010.91 W, 62, 2032 MHz, 3996 MHz, 100 %, 70 %
2026/09/22 01:49:28.220, 2, 988.94 W, 54, 2032 MHz, 3996 MHz, 100 %, 70 %
2026/09/22 01:49:28.220, 3, 994.70 W, 53, 2032 MHz, 3996 MHz, 100 %, 70 %
2026/09/22 01:49:28.220, 4, 180.58 W, 35, 120 MHz, 3996 MHz, 0 %, 0 %
2026/09/22 01:49:28.220, 5, 178.64 W, 33, 120 MHz, 3996 MHz, 0 %, 0 %
2026/09/22 01:49:28.220, 6, 178.23 W, 30, 120 MHz, 3996 MHz, 0 %, 0 %
2026/09/22 01:49:28.220, 7, 181.03 W, 30, 120 MHz, 3996 MHz, 0 %, 0 %
2026/09/22 01:49:29.220, 0, 1015.09 W, 62, 2032 MHz, 3996 MHz, 100 %, 71 %
2026/09/22 01:49:29.220, 1, 1017.00 W, 62, 2032 MHz, 3996 MHz, 100 %, 70 %
2026/09/22 01:49:29.220, 2, 993.06 W, 53, 2032 MHz, 3996 MHz, 100 %, 70 %
2026/09/22 01:49:29.220, 3, 1002.57 W, 54, 2032 MHz, 3996 MHz, 100 %, 70 %
2026/09/22 01:49:29.220, 4, 180.58 W, 35, 120 MHz, 3996 MHz, 0 %, 0 %
2026/09/22 01:49:29.220, 5, 178.64 W, 33, 120 MHz, 3996 MHz, 0 %, 0 %
2026/09/22 01:49:29.220, 6, 178.26 W, 30, 120 MHz, 3996 MHz, 0 %, 0 %
2026/09/22 01:49:29.220, 7, 181.37 W, 30, 120 MHz, 3996 MHz, 0 %, 0 %
2026/09/22 01:49:30.220, 0, 1015.25 W, 62, 2032 MHz, 3996 MHz, 100 %, 70 %
2026/09/22 01:49:30.220, 1, 1023.53 W, 63, 2032 MHz, 3996 MHz, 100 %, 70 %
2026/09/22 01:49:30.220, 2, 995.52 W, 54, 2032 MHz, 3996 MHz, 100 %, 70 %
2026/09/22 01:49:30.220, 3, 1007.60 W, 54, 2032 MHz, 3996 MHz, 100 %, 70 %
2026/09/22 01:49:30.220, 4, 180.58 W, 35, 120 MHz, 3996 MHz, 0 %, 0 %
2026/09/22 01:49:30.220, 5, 178.64 W, 33, 120 MHz, 3996 MHz, 0 %, 0 %
2026/09/22 01:49:30.220, 6, 178.54 W, 30, 120 MHz, 3996 MHz, 0 %, 0 %
2026/09/22 01:49:30.220, 7, 181.01 W, 30, 120 MHz, 3996 MHz, 0 %, 0 %
2026/09/22 01:49:31.220, 0, 689.30 W, 58, 2032 MHz, 3996 MHz, 89 %, 40 %
2026/09/22 01:49:31.220, 1, 759.77 W, 60, 2032 MHz, 3996 MHz, 100 %, 33 %
2026/09/22 01:49:31.220, 2, 721.12 W, 50, 2032 MHz, 3996 MHz, 100 %, 70 %
2026/09/22 01:49:31.220, 3, 722.53 W, 50, 2032 MHz, 3996 MHz, 100 %, 70 %
2026/09/22 01:49:31.220, 4, 180.58 W, 35, 120 MHz, 3996 MHz, 0 %, 0 %
2026/09/22 01:49:31.220, 5, 178.64 W, 33, 120 MHz, 3996 MHz, 0 %, 0 %
2026/09/22 01:49:31.220, 6, 178.58 W, 30, 120 MHz, 3996 MHz, 0 %, 0 %
2026/09/22 01:49:31.220, 7, 180.95 W, 30, 120 MHz, 3996 MHz, 0 %, 0 %
2026/09/22 01:49:32.221, 0, 766.84 W, 56, 2032 MHz, 3996 MHz, 100 %, 60 %
2026/09/22 01:49:32.221, 1, 800.66 W, 60, 2032 MHz, 3996 MHz, 81 %, 55 %
2026/09/22 01:49:32.221, 2, 802.63 W, 48, 2032 MHz, 3996 MHz, 96 %, 46 %
2026/09/22 01:49:32.221, 3, 782.81 W, 47, 2032 MHz, 3996 MHz, 84 %, 57 %
2026/09/22 01:49:32.221, 4, 180.58 W, 35, 120 MHz, 3996 MHz, 0 %, 0 %
2026/09/22 01:49:32.221, 5, 178.64 W, 33, 120 MHz, 3996 MHz, 0 %, 0 %
2026/09/22 01:49:32.221, 6, 178.20 W, 30, 120 MHz, 3996 MHz, 0 %, 0 %
2026/09/22 01:49:32.221, 7, 180.90 W, 30, 120 MHz, 3996 MHz, 0 %, 0 %
2026/09/22 01:49:33.221, 0, 669.29 W, 59, 2025 MHz, 3996 MHz, 100 %, 61 %
2026/09/22 01:49:33.221, 1, 605.12 W, 59, 2032 MHz, 3996 MHz, 100 %, 50 %
2026/09/22 01:49:33.221, 2, 596.72 W, 48, 2032 MHz, 3996 MHz, 100 %, 69 %
2026/09/22 01:49:33.221, 3, 598.70 W, 47, 2032 MHz, 3996 MHz, 100 %, 69 %
2026/09/22 01:49:33.221, 4, 180.58 W, 35, 120 MHz, 3996 MHz, 0 %, 0 %
2026/09/22 01:49:33.221, 5, 178.64 W, 33, 120 MHz, 3996 MHz, 0 %, 0 %
2026/09/22 01:49:33.221, 6, 178.58 W, 30, 120 MHz, 3996 MHz, 0 %, 0 %
2026/09/22 01:49:33.221, 7, 180.84 W, 30, 120 MHz, 3996 MHz, 0 %, 0 %
2026/09/22 01:49:34.221, 0, 755.83 W, 58, 2032 MHz, 3996 MHz, 100 %, 8 %
2026/09/22 01:49:34.221, 1, 764.09 W, 57, 2032 MHz, 3996 MHz, 33 %, 15 %
2026/09/22 01:49:34.221, 2, 687.08 W, 47, 2032 MHz, 3996 MHz, 100 %, 34 %
2026/09/22 01:49:34.221, 3, 739.25 W, 49, 2032 MHz, 3996 MHz, 100 %, 22 %
2026/09/22 01:49:34.221, 4, 180.58 W, 35, 120 MHz, 3996 MHz, 0 %, 0 %
2026/09/22 01:49:34.221, 5, 178.64 W, 33, 120 MHz, 3996 MHz, 0 %, 0 %
2026/09/22 01:49:34.221, 6, 178.17 W, 30, 120 MHz, 3996 MHz, 0 %, 0 %
2026/09/22 01:49:34.221, 7, 181.00 W, 30, 120 MHz, 3996 MHz, 0 %, 0 %
2026/09/22 01:49:35.221, 0, 760.41 W, 59, 2032 MHz, 3996 MHz, 100 %, 68 %
2026/09/22 01:49:35.221, 1, 757.03 W, 58, 2032 MHz, 3996 MHz, 57 %, 35 %
2026/09/22 01:49:35.221, 2, 760.98 W, 50, 2032 MHz, 3996 MHz, 100 %, 20 %
2026/09/22 01:49:35.221, 3, 739.43 W, 50, 2032 MHz, 3996 MHz, 100 %, 12 %
2026/09/22 01:49:35.221, 4, 180.58 W, 35, 120 MHz, 3996 MHz, 0 %, 0 %
2026/09/22 01:49:35.221, 5, 178.64 W, 33, 120 MHz, 3996 MHz, 0 %, 0 %
2026/09/22 01:49:35.221, 6, 178.06 W, 30, 120 MHz, 3996 MHz, 0 %, 0 %
2026/09/22 01:49:35.221, 7, 180.82 W, 30, 120 MHz, 3996 MHz, 0 %, 0 %
2026/09/22 01:49:36.222, 0, 731.14 W, 56, 2032 MHz, 3996 MHz, 100 %, 9 %
2026/09/22 01:49:36.222, 1, 718.84 W, 58, 2032 MHz, 3996 MHz, 99 %, 8 %
2026/09/22 01:49:36.222, 2, 716.70 W, 48, 2032 MHz, 3996 MHz, 100 %, 68 %
2026/09/22 01:49:36.222, 3, 697.21 W, 48, 2032 MHz, 3996 MHz, 100 %, 67 %
2026/09/22 01:49:36.222, 4, 180.58 W, 35, 120 MHz, 3996 MHz, 0 %, 0 %
2026/09/22 01:49:36.222, 5, 178.64 W, 33, 120 MHz, 3996 MHz, 0 %, 0 %
2026/09/22 01:49:36.222, 6, 178.40 W, 30, 120 MHz, 3996 MHz, 0 %, 0 %
2026/09/22 01:49:36.222, 7, 181.03 W, 30, 120 MHz, 3996 MHz, 0 %, 0 %
2026/09/22 01:49:37.222, 0, 940.89 W, 62, 2032 MHz, 3996 MHz, 100 %, 69 %
2026/09/22 01:49:37.222, 1, 917.86 W, 62, 2032 MHz, 3996 MHz, 100 %, 69 %
2026/09/22 01:49:37.222, 2, 916.28 W, 53, 2032 MHz, 3996 MHz, 100 %, 69 %
2026/09/22 01:49:37.222, 3, 925.93 W, 53, 2032 MHz, 3996 MHz, 100 %, 69 %
2026/09/22 01:49:37.222, 4, 180.58 W, 35, 120 MHz, 3996 MHz, 0 %, 0 %
2026/09/22 01:49:37.222, 5, 178.64 W, 33, 120 MHz, 3996 MHz, 0 %, 0 %
2026/09/22 01:49:37.222, 6, 178.40 W, 30, 120 MHz, 3996 MHz, 0 %, 0 %
2026/09/22 01:49:37.222, 7, 180.70 W, 30, 120 MHz, 3996 MHz, 0 %, 0 %
2026/09/22 01:49:38.222, 0, 985.83 W, 63, 2032 MHz, 3996 MHz, 100 %, 70 %
2026/09/22 01:49:38.222, 1, 962.43 W, 63, 2032 MHz, 3996 MHz, 100 %, 69 %
2026/09/22 01:49:38.222, 2, 930.37 W, 54, 2032 MHz, 3996 MHz, 100 %, 69 %
2026/09/22 01:49:38.222, 3, 938.48 W, 53, 2032 MHz, 3996 MHz, 100 %, 69 %
2026/09/22 01:49:38.222, 4, 180.58 W, 35, 120 MHz, 3996 MHz, 0 %, 0 %
2026/09/22 01:49:38.222, 5, 178.64 W, 33, 120 MHz, 3996 MHz, 0 %, 0 %
2026/09/22 01:49:38.222, 6, 178.17 W, 30, 120 MHz, 3996 MHz, 0 %, 0 %
2026/09/22 01:49:38.222, 7, 180.72 W, 30, 120 MHz, 3996 MHz, 0 %, 0 %
2026/09/22 01:49:39.222, 0, 1005.44 W, 63, 2032 MHz, 3996 MHz, 100 %, 70 %
2026/09/22 01:49:39.222, 1, 1011.00 W, 63, 2032 MHz, 3996 MHz, 100 %, 69 %
2026/09/22 01:49:39.222, 2, 983.54 W, 54, 2032 MHz, 3996 MHz, 100 %, 69 %
2026/09/22 01:49:39.222, 3, 988.53 W, 54, 2032 MHz, 3996 MHz, 100 %, 69 %
2026/09/22 01:49:39.222, 4, 180.58 W, 35, 120 MHz, 3996 MHz, 0 %, 0 %
2026/09/22 01:49:39.222, 5, 178.64 W, 33, 120 MHz, 3996 MHz, 0 %, 0 %
2026/09/22 01:49:39.222, 6, 178.24 W, 30, 120 MHz, 3996 MHz, 0 %, 0 %
2026/09/22 01:49:39.223, 7, 180.82 W, 30, 120 MHz, 3996 MHz, 0 %, 0 %
2026/09/22 01:49:40.223, 0, 1011.42 W, 64, 2032 MHz, 3996 MHz, 100 %, 70 %
2026/09/22 01:49:40.223, 1, 1019.36 W, 63, 2032 MHz, 3996 MHz, 100 %, 70 %
2026/09/22 01:49:40.223, 2, 992.88 W, 54, 2032 MHz, 3996 MHz, 100 %, 70 %
2026/09/22 01:49:40.223, 3, 999.07 W, 54, 2032 MHz, 3996 MHz, 100 %, 70 %
2026/09/22 01:49:40.223, 4, 180.58 W, 35, 120 MHz, 3996 MHz, 0 %, 0 %
2026/09/22 01:49:40.223, 5, 178.64 W, 33, 120 MHz, 3996 MHz, 0 %, 0 %
2026/09/22 01:49:40.223, 6, 178.58 W, 30, 120 MHz, 3996 MHz, 0 %, 0 %
2026/09/22 01:49:40.223, 7, 180.80 W, 30, 120 MHz, 3996 MHz, 0 %, 0 %
2026/09/22 01:49:41.223, 0, 1018.10 W, 64, 2032 MHz, 3996 MHz, 100 %, 70 %
2026/09/22 01:49:41.223, 1, 1027.43 W, 64, 2032 MHz, 3996 MHz, 100 %, 71 %
2026/09/22 01:49:41.223, 2, 997.57 W, 55, 2032 MHz, 3996 MHz, 100 %, 70 %
2026/09/22 01:49:41.223, 3, 1004.35 W, 54, 2032 MHz, 3996 MHz, 100 %, 70 %
2026/09/22 01:49:41.223, 4, 180.58 W, 35, 120 MHz, 3996 MHz, 0 %, 0 %
2026/09/22 01:49:41.223, 5, 178.64 W, 33, 120 MHz, 3996 MHz, 0 %, 0 %
2026/09/22 01:49:41.223, 6, 177.82 W, 30, 120 MHz, 3996 MHz, 0 %, 0 %
2026/09/22 01:49:41.223, 7, 180.98 W, 30, 120 MHz, 3996 MHz, 0 %, 0 %
2026/09/22 01:49:42.223, 0, 969.94 W, 60, 2032 MHz, 3996 MHz, 97 %, 38 %
2026/09/22 01:49:42.223, 1, 986.72 W, 59, 2032 MHz, 3996 MHz, 100 %, 41 %
2026/09/22 01:49:42.223, 2, 976.62 W, 53, 2032 MHz, 3996 MHz, 100 %, 70 %
2026/09/22 01:49:42.223, 3, 951.02 W, 50, 2032 MHz, 3996 MHz, 100 %, 70 %
2026/09/22 01:49:42.223, 4, 180.58 W, 35, 120 MHz, 3996 MHz, 0 %, 0 %
2026/09/22 01:49:42.223, 5, 178.64 W, 33, 120 MHz, 3996 MHz, 0 %, 0 %
2026/09/22 01:49:42.223, 6, 178.32 W, 30, 120 MHz, 3996 MHz, 0 %, 0 %
2026/09/22 01:49:42.223, 7, 180.82 W, 30, 120 MHz, 3996 MHz, 0 %, 0 %
2026/09/22 01:49:43.223, 0, 1025.86 W, 64, 2032 MHz, 3996 MHz, 100 %, 71 %
2026/09/22 01:49:43.223, 1, 1016.89 W, 65, 2032 MHz, 3996 MHz, 100 %, 71 %
2026/09/22 01:49:43.223, 2, 998.59 W, 55, 2032 MHz, 3996 MHz, 100 %, 71 %
2026/09/22 01:49:43.224, 3, 996.90 W, 55, 2032 MHz, 3996 MHz, 100 %, 70 %
2026/09/22 01:49:43.224, 4, 180.58 W, 35, 120 MHz, 3996 MHz, 0 %, 0 %
2026/09/22 01:49:43.224, 5, 178.64 W, 33, 120 MHz, 3996 MHz, 0 %, 0 %
2026/09/22 01:49:43.224, 6, 178.05 W, 30, 120 MHz, 3996 MHz, 0 %, 0 %
2026/09/22 01:49:43.224, 7, 180.75 W, 30, 120 MHz, 3996 MHz, 0 %, 0 %
2026/09/22 01:49:44.224, 0, 890.27 W, 61, 2032 MHz, 3996 MHz, 57 %, 28 %
2026/09/22 01:49:44.224, 1, 880.78 W, 58, 2032 MHz, 3996 MHz, 95 %, 34 %
2026/09/22 01:49:44.224, 2, 845.28 W, 49, 2032 MHz, 3996 MHz, 100 %, 8 %
2026/09/22 01:49:44.224, 3, 877.32 W, 49, 2032 MHz, 3996 MHz, 33 %, 14 %
2026/09/22 01:49:44.224, 4, 180.58 W, 35, 120 MHz, 3996 MHz, 0 %, 0 %
2026/09/22 01:49:44.224, 5, 178.64 W, 33, 120 MHz, 3996 MHz, 0 %, 0 %
2026/09/22 01:49:44.224, 6, 177.99 W, 30, 120 MHz, 3996 MHz, 0 %, 0 %
2026/09/22 01:49:44.224, 7, 181.01 W, 30, 120 MHz, 3996 MHz, 0 %, 0 %
2026/09/22 01:49:45.224, 0, 760.33 W, 61, 2032 MHz, 3996 MHz, 100 %, 70 %
2026/09/22 01:49:45.224, 1, 778.40 W, 61, 2032 MHz, 3996 MHz, 95 %, 24 %
2026/09/22 01:49:45.224, 2, 732.58 W, 51, 2032 MHz, 3996 MHz, 100 %, 9 %
2026/09/22 01:49:45.224, 3, 775.57 W, 52, 2032 MHz, 3996 MHz, 30 %, 13 %
2026/09/22 01:49:45.224, 4, 180.58 W, 35, 120 MHz, 3996 MHz, 0 %, 0 %
2026/09/22 01:49:45.224, 5, 178.64 W, 33, 120 MHz, 3996 MHz, 0 %, 0 %
2026/09/22 01:49:45.224, 6, 177.96 W, 30, 120 MHz, 3996 MHz, 0 %, 0 %
2026/09/22 01:49:45.224, 7, 181.04 W, 30, 120 MHz, 3996 MHz, 0 %, 0 %
2026/09/22 01:49:46.224, 0, 730.43 W, 58, 2032 MHz, 3996 MHz, 100 %, 8 %
2026/09/22 01:49:46.224, 1, 778.71 W, 58, 2032 MHz, 3996 MHz, 100 %, 43 %
2026/09/22 01:49:46.224, 2, 700.68 W, 48, 2032 MHz, 3996 MHz, 100 %, 70 %
2026/09/22 01:49:46.224, 3, 721.14 W, 49, 2032 MHz, 3996 MHz, 100 %, 70 %
2026/09/22 01:49:46.224, 4, 180.58 W, 35, 120 MHz, 3996 MHz, 0 %, 0 %
2026/09/22 01:49:46.224, 5, 178.64 W, 33, 120 MHz, 3996 MHz, 0 %, 0 %
2026/09/22 01:49:46.224, 6, 178.12 W, 30, 120 MHz, 3996 MHz, 0 %, 0 %
2026/09/22 01:49:46.224, 7, 180.84 W, 30, 120 MHz, 3996 MHz, 0 %, 0 %
2026/09/22 01:49:47.224, 0, 669.20 W, 56, 2032 MHz, 3996 MHz, 94 %, 33 %
2026/09/22 01:49:47.224, 1, 645.75 W, 57, 2032 MHz, 3996 MHz, 100 %, 9 %
2026/09/22 01:49:47.224, 2, 632.07 W, 49, 2032 MHz, 3996 MHz, 78 %, 49 %
2026/09/22 01:49:47.225, 3, 654.65 W, 47, 2032 MHz, 3996 MHz, 94 %, 43 %
2026/09/22 01:49:47.225, 4, 180.58 W, 35, 120 MHz, 3996 MHz, 0 %, 0 %
2026/09/22 01:49:47.225, 5, 178.64 W, 33, 120 MHz, 3996 MHz, 0 %, 0 %
2026/09/22 01:49:47.225, 6, 178.20 W, 30, 120 MHz, 3996 MHz, 0 %, 0 %
2026/09/22 01:49:47.225, 7, 181.03 W, 30, 120 MHz, 3996 MHz, 0 %, 0 %
2026/09/22 01:49:48.225, 0, 719.73 W, 58, 2032 MHz, 3996 MHz, 100 %, 9 %
2026/09/22 01:49:48.225, 1, 731.27 W, 58, 2032 MHz, 3996 MHz, 100 %, 27 %
2026/09/22 01:49:48.225, 2, 739.76 W, 51, 2032 MHz, 3996 MHz, 100 %, 70 %
2026/09/22 01:49:48.225, 3, 712.57 W, 50, 2032 MHz, 3996 MHz, 100 %, 70 %
2026/09/22 01:49:48.225, 4, 180.58 W, 35, 120 MHz, 3996 MHz, 0 %, 0 %
2026/09/22 01:49:48.225, 5, 178.64 W, 33, 120 MHz, 3996 MHz, 0 %, 0 %
2026/09/22 01:49:48.225, 6, 178.37 W, 30, 120 MHz, 3996 MHz, 0 %, 0 %
2026/09/22 01:49:48.225, 7, 180.71 W, 30, 120 MHz, 3996 MHz, 0 %, 0 %
2026/09/22 01:49:49.225, 0, 830.34 W, 62, 2032 MHz, 3996 MHz, 100 %, 69 %
2026/09/22 01:49:49.225, 1, 825.19 W, 62, 2032 MHz, 3996 MHz, 89 %, 62 %
2026/09/22 01:49:49.225, 2, 847.87 W, 52, 2032 MHz, 3996 MHz, 100 %, 15 %
2026/09/22 01:49:49.225, 3, 791.47 W, 52, 2032 MHz, 3996 MHz, 100 %, 10 %
2026/09/22 01:49:49.225, 4, 180.58 W, 35, 120 MHz, 3996 MHz, 0 %, 0 %
2026/09/22 01:49:49.225, 5, 178.64 W, 33, 120 MHz, 3996 MHz, 0 %, 0 %
2026/09/22 01:49:49.225, 6, 178.24 W, 30, 120 MHz, 3996 MHz, 0 %, 0 %
2026/09/22 01:49:49.225, 7, 180.89 W, 30, 120 MHz, 3996 MHz, 0 %, 0 %
2026/09/22 01:49:50.225, 0, 798.37 W, 60, 2032 MHz, 3996 MHz, 96 %, 56 %
2026/09/22 01:49:50.225, 1, 800.19 W, 61, 2032 MHz, 3996 MHz, 33 %, 15 %
2026/09/22 01:49:50.225, 2, 742.17 W, 49, 2032 MHz, 3996 MHz, 100 %, 16 %
2026/09/22 01:49:50.225, 3, 780.16 W, 50, 2032 MHz, 3996 MHz, 100 %, 8 %
2026/09/22 01:49:50.225, 4, 180.58 W, 35, 120 MHz, 3996 MHz, 0 %, 0 %
2026/09/22 01:49:50.225, 5, 178.64 W, 33, 120 MHz, 3996 MHz, 0 %, 0 %
2026/09/22 01:49:50.225, 6, 178.37 W, 30, 120 MHz, 3996 MHz, 0 %, 0 %
2026/09/22 01:49:50.226, 7, 180.71 W, 30, 120 MHz, 3996 MHz, 0 %, 0 %
2026/09/22 01:49:51.226, 0, 856.72 W, 60, 2032 MHz, 3996 MHz, 100 %, 11 %
2026/09/22 01:49:51.226, 1, 865.70 W, 62, 2032 MHz, 3996 MHz, 100 %, 53 %
2026/09/22 01:49:51.226, 2, 841.68 W, 52, 2032 MHz, 3996 MHz, 100 %, 69 %
2026/09/22 01:49:51.226, 3, 856.20 W, 49, 2032 MHz, 3996 MHz, 100 %, 69 %
2026/09/22 01:49:51.226, 4, 180.58 W, 35, 120 MHz, 3996 MHz, 0 %, 0 %
2026/09/22 01:49:51.226, 5, 178.64 W, 33, 120 MHz, 3996 MHz, 0 %, 0 %
2026/09/22 01:49:51.226, 6, 178.11 W, 30, 120 MHz, 3996 MHz, 0 %, 0 %
2026/09/22 01:49:51.226, 7, 180.65 W, 30, 120 MHz, 3996 MHz, 0 %, 0 %
2026/09/22 01:49:52.226, 0, 887.35 W, 59, 2032 MHz, 3996 MHz, 97 %, 36 %
2026/09/22 01:49:52.226, 1, 880.51 W, 60, 2032 MHz, 3996 MHz, 100 %, 23 %
2026/09/22 01:49:52.226, 2, 897.97 W, 53, 2032 MHz, 3996 MHz, 100 %, 69 %
2026/09/22 01:49:52.226, 3, 856.70 W, 49, 2032 MHz, 3996 MHz, 100 %, 69 %
2026/09/22 01:49:52.226, 4, 180.58 W, 35, 120 MHz, 3996 MHz, 0 %, 0 %
2026/09/22 01:49:52.226, 5, 178.64 W, 33, 120 MHz, 3996 MHz, 0 %, 0 %
2026/09/22 01:49:52.226, 6, 178.26 W, 30, 120 MHz, 3996 MHz, 0 %, 0 %
2026/09/22 01:49:52.226, 7, 180.77 W, 30, 120 MHz, 3996 MHz, 0 %, 0 %
2026/09/22 01:49:53.226, 0, 910.78 W, 64, 2032 MHz, 3996 MHz, 100 %, 70 %
2026/09/22 01:49:53.226, 1, 868.31 W, 64, 2032 MHz, 3996 MHz, 100 %, 70 %
2026/09/22 01:49:53.226, 2, 853.11 W, 54, 2032 MHz, 3996 MHz, 100 %, 69 %
2026/09/22 01:49:53.226, 3, 884.45 W, 54, 2032 MHz, 3996 MHz, 100 %, 69 %
2026/09/22 01:49:53.226, 4, 180.58 W, 35, 120 MHz, 3996 MHz, 0 %, 0 %
2026/09/22 01:49:53.226, 5, 178.64 W, 33, 120 MHz, 3996 MHz, 0 %, 0 %
2026/09/22 01:49:53.228, 6, 178.39 W, 30, 120 MHz, 3996 MHz, 0 %, 0 %
2026/09/22 01:49:53.228, 7, 180.71 W, 30, 120 MHz, 3996 MHz, 0 %, 0 %
2026/09/22 01:49:54.228, 0, 1016.22 W, 65, 2032 MHz, 3996 MHz, 100 %, 70 %
2026/09/22 01:49:54.228, 1, 1018.15 W, 65, 2032 MHz, 3996 MHz, 100 %, 70 %
2026/09/22 01:49:54.228, 2, 985.57 W, 55, 2032 MHz, 3996 MHz, 100 %, 69 %
2026/09/22 01:49:54.228, 3, 995.76 W, 54, 2032 MHz, 3996 MHz, 100 %, 70 %
2026/09/22 01:49:54.228, 4, 180.62 W, 35, 120 MHz, 3996 MHz, 0 %, 0 %
2026/09/22 01:49:54.228, 5, 178.64 W, 33, 120 MHz, 3996 MHz, 0 %, 0 %
2026/09/22 01:49:54.228, 6, 178.16 W, 30, 120 MHz, 3996 MHz, 0 %, 0 %
2026/09/22 01:49:54.228, 7, 180.92 W, 30, 120 MHz, 3996 MHz, 0 %, 0 %
2026/09/22 01:49:55.228, 0, 1023.50 W, 65, 2032 MHz, 3996 MHz, 100 %, 70 %
2026/09/22 01:49:55.228, 1, 1021.48 W, 66, 2032 MHz, 3996 MHz, 100 %, 70 %
2026/09/22 01:49:55.228, 2, 993.92 W, 55, 2032 MHz, 3996 MHz, 100 %, 70 %
2026/09/22 01:49:55.228, 3, 1001.28 W, 55, 2032 MHz, 3996 MHz, 100 %, 70 %
2026/09/22 01:49:55.228, 4, 180.58 W, 35, 120 MHz, 3996 MHz, 0 %, 0 %
2026/09/22 01:49:55.228, 5, 178.64 W, 33, 120 MHz, 3996 MHz, 0 %, 0 %
2026/09/22 01:49:55.228, 6, 178.18 W, 30, 120 MHz, 3996 MHz, 0 %, 0 %
2026/09/22 01:49:55.228, 7, 180.92 W, 30, 120 MHz, 3996 MHz, 0 %, 0 %
2026/09/22 01:49:56.228, 0, 897.96 W, 65, 2032 MHz, 3996 MHz, 100 %, 70 %
2026/09/22 01:49:56.228, 1, 937.58 W, 65, 2032 MHz, 3996 MHz, 100 %, 71 %
2026/09/22 01:49:56.228, 2, 874.86 W, 55, 2032 MHz, 3996 MHz, 100 %, 70 %
2026/09/22 01:49:56.228, 3, 882.09 W, 54, 2032 MHz, 3996 MHz, 100 %, 70 %
2026/09/22 01:49:56.228, 4, 180.58 W, 35, 120 MHz, 3996 MHz, 0 %, 0 %
2026/09/22 01:49:56.228, 5, 178.64 W, 33, 120 MHz, 3996 MHz, 0 %, 0 %
2026/09/22 01:49:56.228, 6, 178.07 W, 30, 120 MHz, 3996 MHz, 0 %, 0 %
2026/09/22 01:49:56.229, 7, 181.06 W, 30, 120 MHz, 3996 MHz, 0 %, 0 %
2026/09/22 01:49:57.229, 0, 982.26 W, 66, 2032 MHz, 3996 MHz, 100 %, 70 %
2026/09/22 01:49:57.229, 1, 984.05 W, 65, 2032 MHz, 3996 MHz, 100 %, 71 %
2026/09/22 01:49:57.229, 2, 979.83 W, 55, 2032 MHz, 3996 MHz, 100 %, 71 %
2026/09/22 01:49:57.229, 3, 957.78 W, 55, 2032 MHz, 3996 MHz, 100 %, 71 %
2026/09/22 01:49:57.229, 4, 180.58 W, 35, 120 MHz, 3996 MHz, 0 %, 0 %
2026/09/22 01:49:57.229, 5, 178.64 W, 33, 120 MHz, 3996 MHz, 0 %, 0 %
2026/09/22 01:49:57.229, 6, 178.29 W, 30, 120 MHz, 3996 MHz, 0 %, 0 %
2026/09/22 01:49:57.229, 7, 181.03 W, 30, 120 MHz, 3996 MHz, 0 %, 0 %
2026/09/22 01:49:58.229, 0, 956.84 W, 65, 2032 MHz, 3996 MHz, 100 %, 71 %
2026/09/22 01:49:58.229, 1, 925.51 W, 65, 2032 MHz, 3996 MHz, 100 %, 71 %
2026/09/22 01:49:58.229, 2, 895.31 W, 55, 2032 MHz, 3996 MHz, 100 %, 71 %
2026/09/22 01:49:58.229, 3, 935.64 W, 55, 2032 MHz, 3996 MHz, 100 %, 70 %
2026/09/22 01:49:58.229, 4, 180.58 W, 35, 120 MHz, 3996 MHz, 0 %, 0 %
2026/09/22 01:49:58.229, 5, 178.64 W, 33, 120 MHz, 3996 MHz, 0 %, 0 %
2026/09/22 01:49:58.229, 6, 178.55 W, 30, 120 MHz, 3996 MHz, 0 %, 0 %
2026/09/22 01:49:58.229, 7, 180.73 W, 30, 120 MHz, 3996 MHz, 0 %, 0 %
2026/09/22 01:49:59.229, 0, 840.09 W, 65, 2025 MHz, 3996 MHz, 74 %, 37 %
2026/09/22 01:49:59.229, 1, 842.59 W, 62, 2032 MHz, 3996 MHz, 100 %, 70 %
2026/09/22 01:49:59.229, 2, 832.33 W, 53, 2032 MHz, 3996 MHz, 100 %, 70 %
2026/09/22 01:49:59.229, 3, 831.69 W, 52, 2032 MHz, 3996 MHz, 100 %, 70 %
2026/09/22 01:49:59.229, 4, 180.58 W, 35, 120 MHz, 3996 MHz, 0 %, 0 %
2026/09/22 01:49:59.229, 5, 178.64 W, 33, 120 MHz, 3996 MHz, 0 %, 0 %
2026/09/22 01:49:59.229, 6, 177.97 W, 30, 120 MHz, 3996 MHz, 0 %, 0 %
2026/09/22 01:49:59.229, 7, 180.83 W, 30, 120 MHz, 3996 MHz, 0 %, 0 %
2026/09/22 01:50:00.229, 0, 775.90 W, 61, 2032 MHz, 3996 MHz, 96 %, 50 %
2026/09/22 01:50:00.230, 1, 781.53 W, 62, 2032 MHz, 3996 MHz, 100 %, 8 %
2026/09/22 01:50:00.230, 2, 727.92 W, 48, 2032 MHz, 3996 MHz, 100 %, 38 %
2026/09/22 01:50:00.230, 3, 762.09 W, 51, 2032 MHz, 3996 MHz, 59 %, 34 %
2026/09/22 01:50:00.230, 4, 180.58 W, 35, 120 MHz, 3996 MHz, 0 %, 0 %
2026/09/22 01:50:00.230, 5, 178.64 W, 33, 120 MHz, 3996 MHz, 0 %, 0 %
2026/09/22 01:50:00.230, 6, 178.18 W, 30, 120 MHz, 3996 MHz, 0 %, 0 %
2026/09/22 01:50:00.230, 7, 180.73 W, 30, 120 MHz, 3996 MHz, 0 %, 0 %
2026/09/22 01:50:01.230, 0, 870.26 W, 65, 2032 MHz, 3996 MHz, 100 %, 70 %
2026/09/22 01:50:01.230, 1, 881.20 W, 65, 2032 MHz, 3996 MHz, 100 %, 70 %
2026/09/22 01:50:01.230, 2, 823.78 W, 54, 2032 MHz, 3996 MHz, 100 %, 70 %
2026/09/22 01:50:01.230, 3, 834.68 W, 54, 2032 MHz, 3996 MHz, 100 %, 70 %
2026/09/22 01:50:01.230, 4, 180.58 W, 35, 120 MHz, 3996 MHz, 0 %, 0 %
2026/09/22 01:50:01.230, 5, 178.64 W, 33, 120 MHz, 3996 MHz, 0 %, 0 %
2026/09/22 01:50:01.230, 6, 178.17 W, 30, 120 MHz, 3996 MHz, 0 %, 0 %
2026/09/22 01:50:01.230, 7, 180.99 W, 30, 120 MHz, 3996 MHz, 0 %, 0 %
2026/09/22 01:50:02.230, 0, 632.41 W, 57, 2032 MHz, 3996 MHz, 75 %, 15 %
2026/09/22 01:50:02.230, 1, 717.71 W, 59, 2032 MHz, 3996 MHz, 33 %, 14 %
2026/09/22 01:50:02.230, 2, 617.86 W, 46, 2032 MHz, 3996 MHz, 96 %, 8 %
2026/09/22 01:50:02.230, 3, 649.76 W, 47, 2032 MHz, 3996 MHz, 81 %, 9 %
2026/09/22 01:50:02.230, 4, 180.58 W, 35, 120 MHz, 3996 MHz, 0 %, 0 %
2026/09/22 01:50:02.230, 5, 178.64 W, 33, 120 MHz, 3996 MHz, 0 %, 0 %
2026/09/22 01:50:02.230, 6, 178.04 W, 30, 120 MHz, 3996 MHz, 0 %, 0 %
2026/09/22 01:50:02.230, 7, 181.07 W, 30, 120 MHz, 3996 MHz, 0 %, 0 %
2026/09/22 01:50:03.230, 0, 755.01 W, 58, 2032 MHz, 3996 MHz, 85 %, 11 %
2026/09/22 01:50:03.230, 1, 735.50 W, 59, 2032 MHz, 3996 MHz, 100 %, 8 %
2026/09/22 01:50:03.230, 2, 778.01 W, 48, 2032 MHz, 3996 MHz, 100 %, 67 %
2026/09/22 01:50:03.230, 3, 751.01 W, 49, 2032 MHz, 3996 MHz, 88 %, 56 %
2026/09/22 01:50:03.230, 4, 180.58 W, 35, 120 MHz, 3996 MHz, 0 %, 0 %
2026/09/22 01:50:03.230, 5, 178.64 W, 33, 120 MHz, 3996 MHz, 0 %, 0 %
2026/09/22 01:50:03.230, 6, 178.13 W, 30, 120 MHz, 3996 MHz, 0 %, 0 %
2026/09/22 01:50:03.230, 7, 181.02 W, 30, 120 MHz, 3996 MHz, 0 %, 0 %
2026/09/22 01:50:04.231, 0, 760.73 W, 62, 2032 MHz, 3996 MHz, 100 %, 28 %
2026/09/22 01:50:04.231, 1, 787.61 W, 62, 2032 MHz, 3996 MHz, 100 %, 70 %
2026/09/22 01:50:04.231, 2, 747.58 W, 53, 2032 MHz, 3996 MHz, 100 %, 69 %
2026/09/22 01:50:04.231, 3, 733.79 W, 52, 2032 MHz, 3996 MHz, 100 %, 69 %
2026/09/22 01:50:04.231, 4, 180.58 W, 35, 120 MHz, 3996 MHz, 0 %, 0 %
2026/09/22 01:50:04.231, 5, 178.64 W, 33, 120 MHz, 3996 MHz, 0 %, 0 %
2026/09/22 01:50:04.231, 6, 178.17 W, 30, 120 MHz, 3996 MHz, 0 %, 0 %
2026/09/22 01:50:04.231, 7, 180.88 W, 30, 120 MHz, 3996 MHz, 0 %, 0 %
2026/09/22 01:50:05.231, 0, 714.42 W, 60, 2032 MHz, 3996 MHz, 100 %, 12 %
2026/09/22 01:50:05.231, 1, 718.30 W, 61, 2032 MHz, 3996 MHz, 100 %, 65 %
2026/09/22 01:50:05.231, 2, 679.19 W, 51, 2032 MHz, 3996 MHz, 100 %, 69 %
2026/09/22 01:50:05.231, 3, 712.71 W, 51, 2032 MHz, 3996 MHz, 100 %, 69 %
2026/09/22 01:50:05.231, 4, 180.58 W, 35, 120 MHz, 3996 MHz, 0 %, 0 %
2026/09/22 01:50:05.231, 5, 178.64 W, 33, 120 MHz, 3996 MHz, 0 %, 0 %
2026/09/22 01:50:05.231, 6, 178.09 W, 30, 120 MHz, 3996 MHz, 0 %, 0 %
2026/09/22 01:50:05.231, 7, 180.85 W, 30, 120 MHz, 3996 MHz, 0 %, 0 %
2026/09/22 01:50:06.231, 0, 755.78 W, 63, 2032 MHz, 3996 MHz, 100 %, 35 %
2026/09/22 01:50:06.231, 1, 755.22 W, 63, 2032 MHz, 3996 MHz, 100 %, 69 %
2026/09/22 01:50:06.231, 2, 741.73 W, 53, 2032 MHz, 3996 MHz, 100 %, 68 %
2026/09/22 01:50:06.231, 3, 730.09 W, 51, 2032 MHz, 3996 MHz, 100 %, 68 %
2026/09/22 01:50:06.231, 4, 180.58 W, 35, 120 MHz, 3996 MHz, 0 %, 0 %
2026/09/22 01:50:06.231, 5, 178.64 W, 33, 120 MHz, 3996 MHz, 0 %, 0 %
2026/09/22 01:50:06.231, 6, 178.23 W, 30, 120 MHz, 3996 MHz, 0 %, 0 %
2026/09/22 01:50:06.231, 7, 180.92 W, 30, 120 MHz, 3996 MHz, 0 %, 0 %
2026/09/22 01:50:07.231, 0, 908.55 W, 63, 2032 MHz, 3996 MHz, 100 %, 19 %
2026/09/22 01:50:07.231, 1, 903.33 W, 61, 2032 MHz, 3996 MHz, 95 %, 33 %
2026/09/22 01:50:07.231, 2, 911.91 W, 51, 2032 MHz, 3996 MHz, 62 %, 30 %
2026/09/22 01:50:07.231, 3, 887.54 W, 51, 2032 MHz, 3996 MHz, 100 %, 48 %
2026/09/22 01:50:07.231, 4, 180.58 W, 35, 120 MHz, 3996 MHz, 0 %, 0 %
2026/09/22 01:50:07.231, 5, 178.64 W, 33, 120 MHz, 3996 MHz, 0 %, 0 %
2026/09/22 01:50:07.231, 6, 178.06 W, 30, 120 MHz, 3996 MHz, 0 %, 0 %
2026/09/22 01:50:07.231, 7, 180.86 W, 30, 120 MHz, 3996 MHz, 0 %, 0 %
2026/09/22 01:50:08.232, 0, 959.60 W, 66, 2032 MHz, 3996 MHz, 100 %, 70 %
2026/09/22 01:50:08.232, 1, 921.46 W, 66, 2032 MHz, 3996 MHz, 100 %, 69 %
2026/09/22 01:50:08.232, 2, 896.79 W, 54, 2032 MHz, 3996 MHz, 100 %, 70 %
2026/09/22 01:50:08.232, 3, 925.74 W, 55, 2032 MHz, 3996 MHz, 100 %, 69 %
2026/09/22 01:50:08.232, 4, 180.58 W, 35, 120 MHz, 3996 MHz, 0 %, 0 %
2026/09/22 01:50:08.232, 5, 178.64 W, 33, 120 MHz, 3996 MHz, 0 %, 0 %
2026/09/22 01:50:08.232, 6, 178.21 W, 30, 120 MHz, 3996 MHz, 0 %, 0 %
2026/09/22 01:50:08.232, 7, 180.75 W, 30, 120 MHz, 3996 MHz, 0 %, 0 %
2026/09/22 01:50:09.232, 0, 1024.50 W, 66, 2032 MHz, 3996 MHz, 100 %, 70 %
2026/09/22 01:50:09.232, 1, 1024.28 W, 67, 2032 MHz, 3996 MHz, 100 %, 70 %
2026/09/22 01:50:09.232, 2, 986.74 W, 55, 2032 MHz, 3996 MHz, 100 %, 70 %
2026/09/22 01:50:09.232, 3, 997.46 W, 55, 2032 MHz, 3996 MHz, 100 %, 70 %
2026/09/22 01:50:09.232, 4, 180.58 W, 35, 120 MHz, 3996 MHz, 0 %, 0 %
2026/09/22 01:50:09.232, 5, 178.64 W, 33, 120 MHz, 3996 MHz, 0 %, 0 %
2026/09/22 01:50:09.232, 6, 178.08 W, 30, 120 MHz, 3996 MHz, 0 %, 0 %
2026/09/22 01:50:09.232, 7, 181.09 W, 30, 120 MHz, 3996 MHz, 0 %, 0 %
2026/09/22 01:50:10.232, 0, 882.01 W, 66, 2032 MHz, 3996 MHz, 100 %, 70 %
2026/09/22 01:50:10.232, 1, 908.36 W, 67, 2032 MHz, 3996 MHz, 100 %, 70 %
2026/09/22 01:50:10.232, 2, 853.94 W, 55, 2032 MHz, 3996 MHz, 100 %, 70 %
2026/09/22 01:50:10.232, 3, 862.63 W, 55, 2032 MHz, 3996 MHz, 100 %, 70 %
2026/09/22 01:50:10.232, 4, 180.58 W, 35, 120 MHz, 3996 MHz, 0 %, 0 %
2026/09/22 01:50:10.232, 5, 178.64 W, 33, 120 MHz, 3996 MHz, 0 %, 0 %
2026/09/22 01:50:10.232, 6, 178.19 W, 30, 120 MHz, 3996 MHz, 0 %, 0 %
2026/09/22 01:50:10.232, 7, 180.99 W, 30, 120 MHz, 3996 MHz, 0 %, 0 %
2026/09/22 01:50:11.232, 0, 1032.12 W, 67, 2032 MHz, 3996 MHz, 100 %, 70 %
2026/09/22 01:50:11.232, 1, 1032.77 W, 67, 2032 MHz, 3996 MHz, 100 %, 71 %
2026/09/22 01:50:11.232, 2, 997.38 W, 56, 2032 MHz, 3996 MHz, 100 %, 71 %
2026/09/22 01:50:11.232, 3, 1005.39 W, 56, 2032 MHz, 3996 MHz, 100 %, 70 %
2026/09/22 01:50:11.232, 4, 180.58 W, 35, 120 MHz, 3996 MHz, 0 %, 0 %
2026/09/22 01:50:11.232, 5, 178.64 W, 33, 120 MHz, 3996 MHz, 0 %, 0 %
2026/09/22 01:50:11.233, 6, 178.09 W, 30, 120 MHz, 3996 MHz, 0 %, 0 %
2026/09/22 01:50:11.233, 7, 181.16 W, 30, 120 MHz, 3996 MHz, 0 %, 0 %
2026/09/22 01:50:12.233, 0, 982.55 W, 66, 2032 MHz, 3996 MHz, 100 %, 70 %
2026/09/22 01:50:12.233, 1, 978.73 W, 67, 2032 MHz, 3996 MHz, 100 %, 71 %
2026/09/22 01:50:12.233, 2, 979.62 W, 56, 2032 MHz, 3996 MHz, 100 %, 70 %
2026/09/22 01:50:12.233, 3, 965.75 W, 55, 2032 MHz, 3996 MHz, 96 %, 31 %
2026/09/22 01:50:12.233, 4, 180.58 W, 35, 120 MHz, 3996 MHz, 0 %, 0 %
2026/09/22 01:50:12.233, 5, 178.64 W, 33, 120 MHz, 3996 MHz, 0 %, 0 %
2026/09/22 01:50:12.233, 6, 178.30 W, 30, 120 MHz, 3996 MHz, 0 %, 0 %
2026/09/22 01:50:12.233, 7, 181.05 W, 30, 120 MHz, 3996 MHz, 0 %, 0 %
2026/09/22 01:50:13.233, 0, 895.19 W, 66, 2032 MHz, 3996 MHz, 100 %, 70 %
2026/09/22 01:50:13.233, 1, 895.88 W, 66, 2032 MHz, 3996 MHz, 100 %, 71 %
2026/09/22 01:50:13.233, 2, 860.69 W, 55, 2032 MHz, 3996 MHz, 100 %, 70 %
2026/09/22 01:50:13.233, 3, 901.64 W, 55, 2032 MHz, 3996 MHz, 100 %, 71 %
2026/09/22 01:50:13.233, 4, 180.58 W, 35, 120 MHz, 3996 MHz, 0 %, 0 %
2026/09/22 01:50:13.233, 5, 178.64 W, 33, 120 MHz, 3996 MHz, 0 %, 0 %
2026/09/22 01:50:13.233, 6, 178.28 W, 30, 120 MHz, 3996 MHz, 0 %, 0 %
2026/09/22 01:50:13.233, 7, 181.01 W, 30, 120 MHz, 3996 MHz, 0 %, 0 %
2026/09/22 01:50:14.233, 0, 741.11 W, 65, 1987 MHz, 3996 MHz, 100 %, 66 %
2026/09/22 01:50:14.233, 1, 775.41 W, 65, 2032 MHz, 3996 MHz, 100 %, 70 %
2026/09/22 01:50:14.233, 2, 742.31 W, 54, 2032 MHz, 3996 MHz, 100 %, 70 %
2026/09/22 01:50:14.233, 3, 740.80 W, 54, 2032 MHz, 3996 MHz, 100 %, 70 %
2026/09/22 01:50:14.233, 4, 180.58 W, 35, 120 MHz, 3996 MHz, 0 %, 0 %
2026/09/22 01:50:14.233, 5, 178.64 W, 33, 120 MHz, 3996 MHz, 0 %, 0 %
2026/09/22 01:50:14.233, 6, 178.20 W, 30, 120 MHz, 3996 MHz, 0 %, 0 %
2026/09/22 01:50:14.233, 7, 181.12 W, 30, 120 MHz, 3996 MHz, 0 %, 0 %
2026/09/22 01:50:15.233, 0, 990.21 W, 67, 2032 MHz, 3996 MHz, 100 %, 70 %
2026/09/22 01:50:15.234, 1, 929.74 W, 67, 2032 MHz, 3996 MHz, 100 %, 70 %
2026/09/22 01:50:15.234, 2, 891.26 W, 55, 2032 MHz, 3996 MHz, 100 %, 70 %
2026/09/22 01:50:15.234, 3, 898.60 W, 55, 2032 MHz, 3996 MHz, 100 %, 70 %
2026/09/22 01:50:15.234, 4, 180.58 W, 35, 120 MHz, 3996 MHz, 0 %, 0 %
2026/09/22 01:50:15.234, 5, 178.64 W, 33, 120 MHz, 3996 MHz, 0 %, 0 %
2026/09/22 01:50:15.234, 6, 178.24 W, 30, 120 MHz, 3996 MHz, 0 %, 0 %
2026/09/22 01:50:15.234, 7, 181.04 W, 30, 120 MHz, 3996 MHz, 0 %, 0 %
2026/09/22 01:50:16.234, 0, 785.71 W, 66, 2025 MHz, 3996 MHz, 96 %, 35 %
2026/09/22 01:50:16.234, 1, 809.60 W, 64, 2032 MHz, 3996 MHz, 100 %, 67 %
2026/09/22 01:50:16.234, 2, 796.25 W, 56, 2017 MHz, 3996 MHz, 100 %, 69 %
2026/09/22 01:50:16.234, 3, 770.13 W, 52, 2032 MHz, 3996 MHz, 96 %, 64 %
2026/09/22 01:50:16.234, 4, 180.58 W, 35, 120 MHz, 3996 MHz, 0 %, 0 %
2026/09/22 01:50:16.234, 5, 178.64 W, 33, 120 MHz, 3996 MHz, 0 %, 0 %
2026/09/22 01:50:16.234, 6, 178.17 W, 30, 120 MHz, 3996 MHz, 0 %, 0 %
2026/09/22 01:50:16.234, 7, 180.95 W, 30, 120 MHz, 3996 MHz, 0 %, 0 %
2026/09/22 01:50:17.234, 0, 777.41 W, 65, 2032 MHz, 3996 MHz, 100 %, 69 %
2026/09/22 01:50:17.234, 1, 789.07 W, 66, 2032 MHz, 3996 MHz, 100 %, 70 %
2026/09/22 01:50:17.234, 2, 738.51 W, 54, 2032 MHz, 3996 MHz, 100 %, 69 %
2026/09/22 01:50:17.234, 3, 750.51 W, 53, 2032 MHz, 3996 MHz, 100 %, 69 %
2026/09/22 01:50:17.234, 4, 180.58 W, 35, 120 MHz, 3996 MHz, 0 %, 0 %
2026/09/22 01:50:17.234, 5, 178.64 W, 33, 120 MHz, 3996 MHz, 0 %, 0 %
2026/09/22 01:50:17.234, 6, 178.44 W, 30, 120 MHz, 3996 MHz, 0 %, 0 %
2026/09/22 01:50:17.234, 7, 181.10 W, 30, 120 MHz, 3996 MHz, 0 %, 0 %
2026/09/22 01:50:18.234, 0, 899.48 W, 62, 2032 MHz, 3996 MHz, 100 %, 9 %
2026/09/22 01:50:18.234, 1, 928.36 W, 63, 2032 MHz, 3996 MHz, 49 %, 27 %
2026/09/22 01:50:18.234, 2, 886.58 W, 52, 2032 MHz, 3996 MHz, 100 %, 38 %
2026/09/22 01:50:18.234, 3, 859.07 W, 50, 2032 MHz, 3996 MHz, 100 %, 26 %
2026/09/22 01:50:18.235, 4, 180.62 W, 35, 120 MHz, 3996 MHz, 0 %, 0 %
2026/09/22 01:50:18.235, 5, 178.64 W, 33, 120 MHz, 3996 MHz, 0 %, 0 %
2026/09/22 01:50:18.235, 6, 178.04 W, 30, 120 MHz, 3996 MHz, 0 %, 0 %
2026/09/22 01:50:18.235, 7, 180.91 W, 30, 120 MHz, 3996 MHz, 0 %, 0 %
2026/09/22 01:50:19.235, 0, 859.09 W, 61, 2032 MHz, 3996 MHz, 95 %, 29 %
2026/09/22 01:50:19.235, 1, 815.78 W, 61, 2032 MHz, 3996 MHz, 100 %, 9 %
2026/09/22 01:50:19.235, 2, 822.33 W, 51, 2032 MHz, 3996 MHz, 100 %, 14 %
2026/09/22 01:50:19.235, 3, 827.63 W, 50, 2032 MHz, 3996 MHz, 33 %, 15 %
2026/09/22 01:50:19.235, 4, 180.58 W, 35, 120 MHz, 3996 MHz, 0 %, 0 %
2026/09/22 01:50:19.235, 5, 178.64 W, 33, 120 MHz, 3996 MHz, 0 %, 0 %
2026/09/22 01:50:19.235, 6, 178.05 W, 30, 120 MHz, 3996 MHz, 0 %, 0 %
2026/09/22 01:50:19.235, 7, 180.96 W, 30, 120 MHz, 3996 MHz, 0 %, 0 %
2026/09/22 01:50:20.235, 0, 752.63 W, 63, 2032 MHz, 3996 MHz, 100 %, 24 %
2026/09/22 01:50:20.235, 1, 762.45 W, 64, 2032 MHz, 3996 MHz, 100 %, 69 %
2026/09/22 01:50:20.235, 2, 724.96 W, 55, 2032 MHz, 3996 MHz, 100 %, 69 %
2026/09/22 01:50:20.235, 3, 772.56 W, 51, 2032 MHz, 3996 MHz, 100 %, 69 %
2026/09/22 01:50:20.235, 4, 180.58 W, 35, 120 MHz, 3996 MHz, 0 %, 0 %
2026/09/22 01:50:20.235, 5, 178.64 W, 33, 120 MHz, 3996 MHz, 0 %, 0 %
2026/09/22 01:50:20.235, 6, 178.17 W, 30, 120 MHz, 3996 MHz, 0 %, 0 %
2026/09/22 01:50:20.235, 7, 181.03 W, 30, 120 MHz, 3996 MHz, 0 %, 0 %
2026/09/22 01:50:21.235, 0, 840.19 W, 67, 2032 MHz, 3996 MHz, 100 %, 70 %
2026/09/22 01:50:21.235, 1, 856.69 W, 66, 2032 MHz, 3996 MHz, 100 %, 70 %
2026/09/22 01:50:21.235, 2, 815.99 W, 54, 2032 MHz, 3996 MHz, 100 %, 69 %
2026/09/22 01:50:21.235, 3, 833.98 W, 55, 2032 MHz, 3996 MHz, 100 %, 70 %
2026/09/22 01:50:21.235, 4, 180.58 W, 35, 120 MHz, 3996 MHz, 0 %, 0 %
2026/09/22 01:50:21.235, 5, 178.64 W, 33, 120 MHz, 3996 MHz, 0 %, 0 %
2026/09/22 01:50:21.235, 6, 178.61 W, 30, 120 MHz, 3996 MHz, 0 %, 0 %
2026/09/22 01:50:21.235, 7, 181.09 W, 30, 120 MHz, 3996 MHz, 0 %, 0 %
2026/09/22 01:50:22.235, 0, 1005.28 W, 67, 2032 MHz, 3996 MHz, 100 %, 69 %
2026/09/22 01:50:22.235, 1, 975.77 W, 67, 2032 MHz, 3996 MHz, 100 %, 70 %
2026/09/22 01:50:22.236, 2, 940.74 W, 55, 2032 MHz, 3996 MHz, 100 %, 69 %
2026/09/22 01:50:22.236, 3, 941.98 W, 54, 2032 MHz, 3996 MHz, 100 %, 70 %
2026/09/22 01:50:22.236, 4, 180.58 W, 35, 120 MHz, 3996 MHz, 0 %, 0 %
2026/09/22 01:50:22.236, 5, 178.64 W, 33, 120 MHz, 3996 MHz, 0 %, 0 %
2026/09/22 01:50:22.236, 6, 178.30 W, 30, 120 MHz, 3996 MHz, 0 %, 0 %
2026/09/22 01:50:22.236, 7, 181.19 W, 30, 120 MHz, 3996 MHz, 0 %, 0 %
2026/09/22 01:50:23.236, 0, 912.62 W, 67, 2032 MHz, 3996 MHz, 100 %, 70 %
2026/09/22 01:50:23.236, 1, 935.78 W, 67, 2032 MHz, 3996 MHz, 100 %, 70 %
2026/09/22 01:50:23.236, 2, 875.41 W, 55, 2032 MHz, 3996 MHz, 100 %, 70 %
2026/09/22 01:50:23.236, 3, 879.04 W, 55, 2032 MHz, 3996 MHz, 100 %, 70 %
2026/09/22 01:50:23.236, 4, 180.58 W, 35, 120 MHz, 3996 MHz, 0 %, 0 %
2026/09/22 01:50:23.236, 5, 178.64 W, 33, 120 MHz, 3996 MHz, 0 %, 0 %
2026/09/22 01:50:23.236, 6, 178.02 W, 30, 120 MHz, 3996 MHz, 0 %, 0 %
2026/09/22 01:50:23.236, 7, 181.32 W, 30, 120 MHz, 3996 MHz, 0 %, 0 %
2026/09/22 01:50:24.236, 0, 1035.54 W, 68, 2032 MHz, 3996 MHz, 100 %, 71 %
2026/09/22 01:50:24.236, 1, 1035.88 W, 68, 2032 MHz, 3996 MHz, 100 %, 71 %
2026/09/22 01:50:24.236, 2, 1002.36 W, 56, 2032 MHz, 3996 MHz, 100 %, 70 %
2026/09/22 01:50:24.236, 3, 1010.10 W, 56, 2032 MHz, 3996 MHz, 100 %, 70 %
2026/09/22 01:50:24.236, 4, 180.58 W, 35, 120 MHz, 3996 MHz, 0 %, 0 %
2026/09/22 01:50:24.236, 5, 178.64 W, 33, 120 MHz, 3996 MHz, 0 %, 0 %
2026/09/22 01:50:24.236, 6, 178.41 W, 30, 120 MHz, 3996 MHz, 0 %, 0 %
2026/09/22 01:50:24.236, 7, 181.32 W, 30, 120 MHz, 3996 MHz, 0 %, 0 %
2026/09/22 01:50:25.236, 0, 987.59 W, 68, 2032 MHz, 3996 MHz, 100 %, 70 %
2026/09/22 01:50:25.236, 1, 996.94 W, 68, 2032 MHz, 3996 MHz, 100 %, 70 %
2026/09/22 01:50:25.236, 2, 977.23 W, 56, 2032 MHz, 3996 MHz, 100 %, 70 %
2026/09/22 01:50:25.236, 3, 957.99 W, 56, 2032 MHz, 3996 MHz, 100 %, 71 %
2026/09/22 01:50:25.236, 4, 180.58 W, 35, 120 MHz, 3996 MHz, 0 %, 0 %
2026/09/22 01:50:25.236, 5, 178.64 W, 33, 120 MHz, 3996 MHz, 0 %, 0 %
2026/09/22 01:50:25.236, 6, 178.60 W, 30, 120 MHz, 3996 MHz, 0 %, 0 %
2026/09/22 01:50:25.236, 7, 181.35 W, 30, 120 MHz, 3996 MHz, 0 %, 0 %
2026/09/22 01:50:26.237, 0, 926.04 W, 68, 2032 MHz, 3996 MHz, 100 %, 71 %
2026/09/22 01:50:26.237, 1, 920.04 W, 67, 2032 MHz, 3996 MHz, 100 %, 71 %
2026/09/22 01:50:26.237, 2, 884.89 W, 55, 2032 MHz, 3996 MHz, 100 %, 70 %
2026/09/22 01:50:26.237, 3, 928.91 W, 56, 2032 MHz, 3996 MHz, 100 %, 71 %
2026/09/22 01:50:26.237, 4, 180.58 W, 35, 120 MHz, 3996 MHz, 0 %, 0 %
2026/09/22 01:50:26.237, 5, 178.64 W, 33, 120 MHz, 3996 MHz, 0 %, 0 %
2026/09/22 01:50:26.237, 6, 178.21 W, 30, 120 MHz, 3996 MHz, 0 %, 0 %
2026/09/22 01:50:26.237, 7, 181.38 W, 30, 120 MHz, 3996 MHz, 0 %, 0 %
2026/09/22 01:50:27.237, 0, 954.12 W, 64, 2032 MHz, 3996 MHz, 100 %, 11 %
2026/09/22 01:50:27.237, 1, 953.57 W, 64, 2032 MHz, 3996 MHz, 100 %, 66 %
2026/09/22 01:50:27.237, 2, 938.97 W, 53, 2032 MHz, 3996 MHz, 100 %, 70 %
2026/09/22 01:50:27.237, 3, 937.82 W, 53, 2032 MHz, 3996 MHz, 100 %, 70 %
2026/09/22 01:50:27.237, 4, 180.58 W, 35, 120 MHz, 3996 MHz, 0 %, 0 %
2026/09/22 01:50:27.237, 5, 178.64 W, 33, 120 MHz, 3996 MHz, 0 %, 0 %
2026/09/22 01:50:27.237, 6, 178.10 W, 30, 120 MHz, 3996 MHz, 0 %, 0 %
2026/09/22 01:50:27.237, 7, 181.27 W, 30, 120 MHz, 3996 MHz, 0 %, 0 %
2026/09/22 01:50:28.237, 0, 873.26 W, 67, 2032 MHz, 3996 MHz, 100 %, 70 %
2026/09/22 01:50:28.237, 1, 863.89 W, 67, 2032 MHz, 3996 MHz, 100 %, 70 %
2026/09/22 01:50:28.237, 2, 819.90 W, 55, 2032 MHz, 3996 MHz, 100 %, 70 %
2026/09/22 01:50:28.237, 3, 833.59 W, 55, 2032 MHz, 3996 MHz, 100 %, 71 %
2026/09/22 01:50:28.237, 4, 180.58 W, 35, 120 MHz, 3996 MHz, 0 %, 0 %
2026/09/22 01:50:28.237, 5, 178.64 W, 33, 120 MHz, 3996 MHz, 0 %, 0 %
2026/09/22 01:50:28.237, 6, 178.47 W, 30, 120 MHz, 3996 MHz, 0 %, 0 %
2026/09/22 01:50:28.237, 7, 181.33 W, 30, 120 MHz, 3996 MHz, 0 %, 0 %
2026/09/22 01:50:29.237, 0, 836.35 W, 63, 2032 MHz, 3996 MHz, 100 %, 9 %
2026/09/22 01:50:29.237, 1, 892.93 W, 66, 2032 MHz, 3996 MHz, 44 %, 19 %
2026/09/22 01:50:29.237, 2, 823.03 W, 51, 2032 MHz, 3996 MHz, 98 %, 18 %
2026/09/22 01:50:29.237, 3, 800.39 W, 50, 2032 MHz, 3996 MHz, 98 %, 8 %
2026/09/22 01:50:29.237, 4, 180.58 W, 35, 120 MHz, 3996 MHz, 0 %, 0 %
2026/09/22 01:50:29.237, 5, 178.64 W, 33, 120 MHz, 3996 MHz, 0 %, 0 %
2026/09/22 01:50:29.237, 6, 178.57 W, 30, 120 MHz, 3996 MHz, 0 %, 0 %
2026/09/22 01:50:29.237, 7, 181.29 W, 30, 120 MHz, 3996 MHz, 0 %, 0 %
2026/09/22 01:50:30.238, 0, 825.71 W, 61, 2032 MHz, 3996 MHz, 96 %, 16 %
2026/09/22 01:50:30.238, 1, 792.03 W, 61, 2032 MHz, 3996 MHz, 100 %, 8 %
2026/09/22 01:50:30.238, 2, 768.52 W, 49, 2032 MHz, 3996 MHz, 100 %, 13 %
2026/09/22 01:50:30.238, 3, 780.80 W, 51, 2032 MHz, 3996 MHz, 33 %, 14 %
2026/09/22 01:50:30.238, 4, 180.58 W, 35, 120 MHz, 3996 MHz, 0 %, 0 %
2026/09/22 01:50:30.238, 5, 178.64 W, 33, 120 MHz, 3996 MHz, 0 %, 0 %
2026/09/22 01:50:30.238, 6, 178.32 W, 30, 120 MHz, 3996 MHz, 0 %, 0 %
2026/09/22 01:50:30.238, 7, 181.22 W, 30, 120 MHz, 3996 MHz, 0 %, 0 %
2026/09/22 01:50:31.238, 0, 749.87 W, 61, 2032 MHz, 3996 MHz, 100 %, 8 %
2026/09/22 01:50:31.238, 1, 760.04 W, 63, 2032 MHz, 3996 MHz, 46 %, 25 %
2026/09/22 01:50:31.238, 2, 732.27 W, 49, 2032 MHz, 3996 MHz, 100 %, 37 %
2026/09/22 01:50:31.238, 3, 716.98 W, 48, 2032 MHz, 3996 MHz, 100 %, 22 %
2026/09/22 01:50:31.238, 4, 180.58 W, 35, 120 MHz, 3996 MHz, 0 %, 0 %
2026/09/22 01:50:31.238, 5, 178.64 W, 33, 120 MHz, 3996 MHz, 0 %, 0 %
2026/09/22 01:50:31.238, 6, 178.23 W, 30, 120 MHz, 3996 MHz, 0 %, 0 %
2026/09/22 01:50:31.238, 7, 181.29 W, 30, 120 MHz, 3996 MHz, 0 %, 0 %
2026/09/22 01:50:32.238, 0, 745.22 W, 62, 2032 MHz, 3996 MHz, 100 %, 8 %
2026/09/22 01:50:32.238, 1, 747.35 W, 62, 2032 MHz, 3996 MHz, 100 %, 21 %
2026/09/22 01:50:32.238, 2, 705.74 W, 51, 2032 MHz, 3996 MHz, 69 %, 42 %
2026/09/22 01:50:32.238, 3, 696.78 W, 49, 2032 MHz, 3996 MHz, 100 %, 29 %
2026/09/22 01:50:32.238, 4, 180.58 W, 35, 120 MHz, 3996 MHz, 0 %, 0 %
2026/09/22 01:50:32.238, 5, 178.64 W, 33, 120 MHz, 3996 MHz, 0 %, 0 %
2026/09/22 01:50:32.238, 6, 178.39 W, 30, 120 MHz, 3996 MHz, 0 %, 0 %
2026/09/22 01:50:32.238, 7, 181.45 W, 30, 120 MHz, 3996 MHz, 0 %, 0 %
2026/09/22 01:50:33.238, 0, 864.55 W, 67, 2032 MHz, 3996 MHz, 100 %, 70 %
2026/09/22 01:50:33.238, 1, 814.53 W, 67, 2032 MHz, 3996 MHz, 100 %, 70 %
2026/09/22 01:50:33.238, 2, 795.98 W, 55, 2032 MHz, 3996 MHz, 100 %, 70 %
2026/09/22 01:50:33.238, 3, 826.89 W, 55, 2032 MHz, 3996 MHz, 100 %, 70 %
2026/09/22 01:50:33.238, 4, 180.58 W, 35, 120 MHz, 3996 MHz, 0 %, 0 %
2026/09/22 01:50:33.238, 5, 178.64 W, 33, 120 MHz, 3996 MHz, 0 %, 0 %
2026/09/22 01:50:33.238, 6, 178.52 W, 30, 120 MHz, 3996 MHz, 0 %, 0 %
2026/09/22 01:50:33.238, 7, 181.40 W, 30, 120 MHz, 3996 MHz, 0 %, 0 %
2026/09/22 01:50:34.239, 0, 766.88 W, 66, 2032 MHz, 3996 MHz, 100 %, 69 %
2026/09/22 01:50:34.239, 1, 806.68 W, 67, 2032 MHz, 3996 MHz, 100 %, 69 %
2026/09/22 01:50:34.239, 2, 765.67 W, 54, 2032 MHz, 3996 MHz, 100 %, 70 %
2026/09/22 01:50:34.239, 3, 754.92 W, 54, 2032 MHz, 3996 MHz, 100 %, 70 %
2026/09/22 01:50:34.239, 4, 180.58 W, 35, 120 MHz, 3996 MHz, 0 %, 0 %
2026/09/22 01:50:34.239, 5, 178.64 W, 33, 120 MHz, 3996 MHz, 0 %, 0 %
2026/09/22 01:50:34.239, 6, 178.44 W, 30, 120 MHz, 3996 MHz, 0 %, 0 %
2026/09/22 01:50:34.239, 7, 181.45 W, 30, 120 MHz, 3996 MHz, 0 %, 0 %
2026/09/22 01:50:35.239, 0, 870.68 W, 67, 2032 MHz, 3996 MHz, 100 %, 69 %
2026/09/22 01:50:35.239, 1, 839.05 W, 67, 2032 MHz, 3996 MHz, 100 %, 69 %
2026/09/22 01:50:35.239, 2, 807.73 W, 54, 2032 MHz, 3996 MHz, 100 %, 69 %
2026/09/22 01:50:35.239, 3, 849.38 W, 54, 2032 MHz, 3996 MHz, 100 %, 70 %
2026/09/22 01:50:35.239, 4, 180.58 W, 35, 120 MHz, 3996 MHz, 0 %, 0 %
2026/09/22 01:50:35.239, 5, 178.64 W, 33, 120 MHz, 3996 MHz, 0 %, 0 %
2026/09/22 01:50:35.239, 6, 178.32 W, 30, 120 MHz, 3996 MHz, 0 %, 0 %
2026/09/22 01:50:35.239, 7, 181.29 W, 30, 120 MHz, 3996 MHz, 0 %, 0 %
2026/09/22 01:50:36.239, 0, 603.16 W, 63, 2032 MHz, 3996 MHz, 100 %, 31 %
2026/09/22 01:50:36.239, 1, 658.86 W, 63, 2032 MHz, 3996 MHz, 100 %, 70 %
2026/09/22 01:50:36.239, 2, 614.25 W, 53, 2032 MHz, 3996 MHz, 100 %, 69 %
2026/09/22 01:50:36.239, 3, 634.75 W, 53, 2032 MHz, 3996 MHz, 100 %, 70 %
2026/09/22 01:50:36.239, 4, 180.58 W, 35, 120 MHz, 3996 MHz, 0 %, 0 %
2026/09/22 01:50:36.239, 5, 178.64 W, 33, 120 MHz, 3996 MHz, 0 %, 0 %
2026/09/22 01:50:36.239, 6, 178.42 W, 30, 120 MHz, 3996 MHz, 0 %, 0 %
2026/09/22 01:50:36.239, 7, 181.14 W, 30, 120 MHz, 3996 MHz, 0 %, 0 %
2026/09/22 01:50:37.239, 0, 861.28 W, 63, 2032 MHz, 3996 MHz, 96 %, 31 %
2026/09/22 01:50:37.239, 1, 808.53 W, 62, 2032 MHz, 3996 MHz, 100 %, 9 %
2026/09/22 01:50:37.239, 2, 796.10 W, 49, 2032 MHz, 3996 MHz, 100 %, 9 %
2026/09/22 01:50:37.239, 3, 851.36 W, 51, 2032 MHz, 3996 MHz, 33 %, 15 %
2026/09/22 01:50:37.239, 4, 180.58 W, 35, 120 MHz, 3996 MHz, 0 %, 0 %
2026/09/22 01:50:37.239, 5, 178.64 W, 33, 120 MHz, 3996 MHz, 0 %, 0 %
2026/09/22 01:50:37.239, 6, 178.23 W, 30, 120 MHz, 3996 MHz, 0 %, 0 %
2026/09/22 01:50:37.239, 7, 181.28 W, 30, 120 MHz, 3996 MHz, 0 %, 0 %
2026/09/22 01:50:38.240, 0, 905.98 W, 67, 2032 MHz, 3996 MHz, 100 %, 70 %
2026/09/22 01:50:38.240, 1, 936.70 W, 67, 2032 MHz, 3996 MHz, 100 %, 70 %
2026/09/22 01:50:38.240, 2, 879.80 W, 54, 2032 MHz, 3996 MHz, 100 %, 70 %
2026/09/22 01:50:38.240, 3, 881.91 W, 54, 2032 MHz, 3996 MHz, 100 %, 69 %
2026/09/22 01:50:38.240, 4, 180.58 W, 35, 120 MHz, 3996 MHz, 0 %, 0 %
2026/09/22 01:50:38.240, 5, 178.64 W, 33, 120 MHz, 3996 MHz, 0 %, 0 %
2026/09/22 01:50:38.240, 6, 178.50 W, 30, 120 MHz, 3996 MHz, 0 %, 0 %
2026/09/22 01:50:38.240, 7, 181.37 W, 30, 120 MHz, 3996 MHz, 0 %, 0 %
2026/09/22 01:50:39.240, 0, 1034.72 W, 68, 2032 MHz, 3996 MHz, 100 %, 70 %
2026/09/22 01:50:39.240, 1, 1035.13 W, 68, 2032 MHz, 3996 MHz, 100 %, 70 %
2026/09/22 01:50:39.240, 2, 999.27 W, 55, 2032 MHz, 3996 MHz, 100 %, 70 %
2026/09/22 01:50:39.240, 3, 1003.78 W, 56, 2032 MHz, 3996 MHz, 100 %, 70 %
2026/09/22 01:50:39.240, 4, 180.58 W, 35, 120 MHz, 3996 MHz, 0 %, 0 %
2026/09/22 01:50:39.240, 5, 178.64 W, 33, 120 MHz, 3996 MHz, 0 %, 0 %
2026/09/22 01:50:39.240, 6, 178.18 W, 30, 120 MHz, 3996 MHz, 0 %, 0 %
2026/09/22 01:50:39.240, 7, 181.22 W, 30, 120 MHz, 3996 MHz, 0 %, 0 %
2026/09/22 01:50:40.240, 0, 913.63 W, 67, 2032 MHz, 3996 MHz, 100 %, 70 %
2026/09/22 01:50:40.240, 1, 915.86 W, 68, 2032 MHz, 3996 MHz, 100 %, 71 %
2026/09/22 01:50:40.240, 2, 905.86 W, 55, 2032 MHz, 3996 MHz, 100 %, 70 %
2026/09/22 01:50:40.240, 3, 887.61 W, 55, 2032 MHz, 3996 MHz, 100 %, 71 %
2026/09/22 01:50:40.240, 4, 180.58 W, 35, 120 MHz, 3996 MHz, 0 %, 0 %
2026/09/22 01:50:40.240, 5, 178.64 W, 33, 120 MHz, 3996 MHz, 0 %, 0 %
2026/09/22 01:50:40.240, 6, 178.09 W, 30, 120 MHz, 3996 MHz, 0 %, 0 %
2026/09/22 01:50:40.240, 7, 181.18 W, 30, 120 MHz, 3996 MHz, 0 %, 0 %
2026/09/22 01:50:41.240, 0, 919.58 W, 65, 2032 MHz, 3996 MHz, 100 %, 70 %
2026/09/22 01:50:41.240, 1, 918.30 W, 65, 2032 MHz, 3996 MHz, 95 %, 15 %
2026/09/22 01:50:41.240, 2, 883.27 W, 52, 2032 MHz, 3996 MHz, 100 %, 8 %
2026/09/22 01:50:41.240, 3, 924.11 W, 53, 2032 MHz, 3996 MHz, 34 %, 16 %
2026/09/22 01:50:41.240, 4, 180.58 W, 34, 120 MHz, 3996 MHz, 0 %, 0 %
2026/09/22 01:50:41.240, 5, 178.64 W, 33, 120 MHz, 3996 MHz, 0 %, 0 %
2026/09/22 01:50:41.240, 6, 178.06 W, 30, 120 MHz, 3996 MHz, 0 %, 0 %
2026/09/22 01:50:41.240, 7, 180.99 W, 30, 120 MHz, 3996 MHz, 0 %, 0 %
2026/09/22 01:50:42.241, 0, 879.22 W, 67, 2032 MHz, 3996 MHz, 100 %, 51 %
2026/09/22 01:50:42.241, 1, 939.88 W, 67, 2032 MHz, 3996 MHz, 100 %, 71 %
2026/09/22 01:50:42.241, 2, 873.77 W, 55, 2032 MHz, 3996 MHz, 100 %, 70 %
2026/09/22 01:50:42.241, 3, 863.98 W, 55, 2032 MHz, 3996 MHz, 100 %, 70 %
2026/09/22 01:50:42.241, 4, 180.58 W, 34, 120 MHz, 3996 MHz, 0 %, 0 %
2026/09/22 01:50:42.241, 5, 178.64 W, 33, 120 MHz, 3996 MHz, 0 %, 0 %
2026/09/22 01:50:42.241, 6, 178.21 W, 30, 120 MHz, 3996 MHz, 0 %, 0 %
2026/09/22 01:50:42.241, 7, 181.22 W, 30, 120 MHz, 3996 MHz, 0 %, 0 %
2026/09/22 01:50:43.241, 0, 785.13 W, 66, 2032 MHz, 3996 MHz, 65 %, 34 %
2026/09/22 01:50:43.241, 1, 729.49 W, 63, 2032 MHz, 3996 MHz, 100 %, 55 %
2026/09/22 01:50:43.241, 2, 727.09 W, 51, 2032 MHz, 3996 MHz, 100 %, 65 %
2026/09/22 01:50:43.241, 3, 745.63 W, 50, 2032 MHz, 3996 MHz, 100 %, 58 %
2026/09/22 01:50:43.241, 4, 180.58 W, 34, 120 MHz, 3996 MHz, 0 %, 0 %
2026/09/22 01:50:43.241, 5, 178.64 W, 33, 120 MHz, 3996 MHz, 0 %, 0 %
2026/09/22 01:50:43.241, 6, 177.78 W, 30, 120 MHz, 3996 MHz, 0 %, 0 %
2026/09/22 01:50:43.241, 7, 180.86 W, 30, 120 MHz, 3996 MHz, 0 %, 0 %
2026/09/22 01:50:44.241, 0, 948.64 W, 62, 2032 MHz, 3996 MHz, 100 %, 10 %
2026/09/22 01:50:44.241, 1, 954.71 W, 64, 2010 MHz, 3996 MHz, 96 %, 63 %
2026/09/22 01:50:44.241, 2, 920.43 W, 52, 2032 MHz, 3996 MHz, 100 %, 71 %
2026/09/22 01:50:44.241, 3, 922.89 W, 52, 2032 MHz, 3996 MHz, 100 %, 66 %
2026/09/22 01:50:44.241, 4, 180.58 W, 34, 120 MHz, 3996 MHz, 0 %, 0 %
2026/09/22 01:50:44.241, 5, 178.64 W, 33, 120 MHz, 3996 MHz, 0 %, 0 %
2026/09/22 01:50:44.241, 6, 177.94 W, 30, 120 MHz, 3996 MHz, 0 %, 0 %
2026/09/22 01:50:44.241, 7, 180.67 W, 30, 120 MHz, 3996 MHz, 0 %, 0 %
2026/09/22 01:50:45.241, 0, 800.78 W, 64, 2032 MHz, 3996 MHz, 99 %, 16 %
2026/09/22 01:50:45.241, 1, 789.78 W, 63, 2032 MHz, 3996 MHz, 42 %, 18 %
2026/09/22 01:50:45.241, 2, 712.07 W, 48, 2032 MHz, 3996 MHz, 100 %, 21 %
2026/09/22 01:50:45.241, 3, 706.67 W, 48, 2032 MHz, 3996 MHz, 100 %, 14 %
2026/09/22 01:50:45.241, 4, 180.58 W, 34, 120 MHz, 3996 MHz, 0 %, 0 %
2026/09/22 01:50:45.241, 5, 178.64 W, 33, 120 MHz, 3996 MHz, 0 %, 0 %
2026/09/22 01:50:45.242, 6, 177.80 W, 30, 120 MHz, 3996 MHz, 0 %, 0 %
2026/09/22 01:50:45.242, 7, 180.72 W, 30, 120 MHz, 3996 MHz, 0 %, 0 %
2026/09/22 01:50:46.242, 0, 919.14 W, 66, 2032 MHz, 3996 MHz, 100 %, 71 %
2026/09/22 01:50:46.242, 1, 906.46 W, 66, 2032 MHz, 3996 MHz, 100 %, 71 %
2026/09/22 01:50:46.242, 2, 909.77 W, 53, 2032 MHz, 3996 MHz, 100 %, 70 %
2026/09/22 01:50:46.242, 3, 915.30 W, 53, 2032 MHz, 3996 MHz, 100 %, 70 %
2026/09/22 01:50:46.242, 4, 180.58 W, 34, 120 MHz, 3996 MHz, 0 %, 0 %
2026/09/22 01:50:46.242, 5, 178.64 W, 33, 120 MHz, 3996 MHz, 0 %, 0 %
2026/09/22 01:50:46.242, 6, 177.96 W, 30, 120 MHz, 3996 MHz, 0 %, 0 %
2026/09/22 01:50:46.242, 7, 180.67 W, 30, 120 MHz, 3996 MHz, 0 %, 0 %
2026/09/22 01:50:47.242, 0, 975.96 W, 62, 2032 MHz, 3996 MHz, 100 %, 45 %
2026/09/22 01:50:47.242, 1, 979.26 W, 66, 2032 MHz, 3996 MHz, 100 %, 71 %
2026/09/22 01:50:47.242, 2, 944.76 W, 54, 2032 MHz, 3996 MHz, 100 %, 70 %
2026/09/22 01:50:47.242, 3, 946.16 W, 54, 2032 MHz, 3996 MHz, 100 %, 70 %
2026/09/22 01:50:47.242, 4, 180.58 W, 34, 120 MHz, 3996 MHz, 0 %, 0 %
2026/09/22 01:50:47.242, 5, 178.64 W, 33, 120 MHz, 3996 MHz, 0 %, 0 %
2026/09/22 01:50:47.242, 6, 177.74 W, 30, 120 MHz, 3996 MHz, 0 %, 0 %
2026/09/22 01:50:47.242, 7, 180.76 W, 29, 120 MHz, 3996 MHz, 0 %, 0 %
2026/09/22 01:50:48.242, 0, 766.41 W, 65, 2032 MHz, 3996 MHz, 98 %, 69 %
2026/09/22 01:50:48.242, 1, 756.12 W, 64, 2032 MHz, 3996 MHz, 38 %, 19 %
2026/09/22 01:50:48.242, 2, 703.31 W, 51, 2032 MHz, 3996 MHz, 100 %, 9 %
2026/09/22 01:50:48.242, 3, 715.98 W, 51, 2032 MHz, 3996 MHz, 95 %, 10 %
2026/09/22 01:50:48.242, 4, 180.58 W, 34, 120 MHz, 3996 MHz, 0 %, 0 %
2026/09/22 01:50:48.242, 5, 178.64 W, 33, 120 MHz, 3996 MHz, 0 %, 0 %
2026/09/22 01:50:48.242, 6, 177.59 W, 30, 120 MHz, 3996 MHz, 0 %, 0 %
2026/09/22 01:50:48.242, 7, 180.24 W, 29, 120 MHz, 3996 MHz, 0 %, 0 %
2026/09/22 01:50:49.242, 0, 846.56 W, 66, 2032 MHz, 3996 MHz, 100 %, 70 %
2026/09/22 01:50:49.242, 1, 856.02 W, 66, 2032 MHz, 3996 MHz, 100 %, 70 %
2026/09/22 01:50:49.243, 2, 849.69 W, 53, 2032 MHz, 3996 MHz, 100 %, 69 %
2026/09/22 01:50:49.243, 3, 865.41 W, 53, 2032 MHz, 3996 MHz, 100 %, 70 %
2026/09/22 01:50:49.243, 4, 180.58 W, 34, 120 MHz, 3996 MHz, 0 %, 0 %
2026/09/22 01:50:49.243, 5, 178.64 W, 33, 120 MHz, 3996 MHz, 0 %, 0 %
2026/09/22 01:50:49.243, 6, 177.77 W, 30, 120 MHz, 3996 MHz, 0 %, 0 %
2026/09/22 01:50:49.243, 7, 180.27 W, 29, 120 MHz, 3996 MHz, 0 %, 0 %
2026/09/22 01:50:50.243, 0, 976.42 W, 62, 2032 MHz, 3996 MHz, 100 %, 57 %
2026/09/22 01:50:50.243, 1, 985.23 W, 66, 2032 MHz, 3996 MHz, 100 %, 70 %
2026/09/22 01:50:50.243, 2, 946.67 W, 54, 2032 MHz, 3996 MHz, 100 %, 70 %
2026/09/22 01:50:50.243, 3, 953.86 W, 53, 2032 MHz, 3996 MHz, 100 %, 70 %
2026/09/22 01:50:50.243, 4, 180.58 W, 34, 120 MHz, 3996 MHz, 0 %, 0 %
2026/09/22 01:50:50.243, 5, 178.64 W, 33, 120 MHz, 3996 MHz, 0 %, 0 %
2026/09/22 01:50:50.243, 6, 177.81 W, 30, 120 MHz, 3996 MHz, 0 %, 0 %
2026/09/22 01:50:50.243, 7, 180.21 W, 29, 120 MHz, 3996 MHz, 0 %, 0 %
2026/09/22 01:50:51.243, 0, 702.21 W, 59, 2032 MHz, 3996 MHz, 96 %, 38 %
2026/09/22 01:50:51.243, 1, 744.96 W, 61, 2032 MHz, 3996 MHz, 30 %, 13 %
2026/09/22 01:50:51.243, 2, 688.34 W, 47, 2032 MHz, 3996 MHz, 100 %, 8 %
2026/09/22 01:50:51.243, 3, 722.22 W, 46, 2032 MHz, 3996 MHz, 100 %, 8 %
2026/09/22 01:50:51.243, 4, 180.58 W, 34, 120 MHz, 3996 MHz, 0 %, 0 %
2026/09/22 01:50:51.243, 5, 178.64 W, 33, 120 MHz, 3996 MHz, 0 %, 0 %
2026/09/22 01:50:51.243, 6, 177.76 W, 30, 120 MHz, 3996 MHz, 0 %, 0 %
2026/09/22 01:50:51.243, 7, 179.81 W, 29, 120 MHz, 3996 MHz, 0 %, 0 %
2026/09/22 01:50:52.243, 0, 1022.11 W, 66, 2032 MHz, 3996 MHz, 100 %, 70 %
2026/09/22 01:50:52.243, 1, 1025.03 W, 66, 2032 MHz, 3996 MHz, 100 %, 70 %
2026/09/22 01:50:52.243, 2, 989.71 W, 54, 2032 MHz, 3996 MHz, 100 %, 70 %
2026/09/22 01:50:52.243, 3, 995.02 W, 54, 2032 MHz, 3996 MHz, 100 %, 69 %
2026/09/22 01:50:52.243, 4, 180.58 W, 34, 120 MHz, 3996 MHz, 0 %, 0 %
2026/09/22 01:50:52.243, 5, 178.64 W, 32, 120 MHz, 3996 MHz, 0 %, 0 %
2026/09/22 01:50:52.243, 6, 177.64 W, 29, 120 MHz, 3996 MHz, 0 %, 0 %
2026/09/22 01:50:52.243, 7, 179.97 W, 29, 120 MHz, 3996 MHz, 0 %, 0 %
2026/09/22 01:50:53.244, 0, 1020.05 W, 66, 2032 MHz, 3996 MHz, 100 %, 70 %
2026/09/22 01:50:53.244, 1, 987.82 W, 66, 2032 MHz, 3996 MHz, 100 %, 70 %
2026/09/22 01:50:53.244, 2, 979.36 W, 54, 2032 MHz, 3996 MHz, 100 %, 70 %
2026/09/22 01:50:53.244, 3, 958.37 W, 53, 2032 MHz, 3996 MHz, 100 %, 70 %
2026/09/22 01:50:53.244, 4, 180.58 W, 34, 120 MHz, 3996 MHz, 0 %, 0 %
2026/09/22 01:50:53.244, 5, 178.64 W, 32, 120 MHz, 3996 MHz, 0 %, 0 %
2026/09/22 01:50:53.244, 6, 177.61 W, 29, 120 MHz, 3996 MHz, 0 %, 0 %
2026/09/22 01:50:53.244, 7, 179.89 W, 29, 120 MHz, 3996 MHz, 0 %, 0 %
2026/09/22 01:50:54.244, 0, 1033.90 W, 66, 2032 MHz, 3996 MHz, 100 %, 70 %
2026/09/22 01:50:54.244, 1, 1034.78 W, 66, 2032 MHz, 3996 MHz, 100 %, 70 %
2026/09/22 01:50:54.244, 2, 1002.23 W, 55, 2032 MHz, 3996 MHz, 100 %, 70 %
2026/09/22 01:50:54.244, 3, 1008.51 W, 54, 2032 MHz, 3996 MHz, 100 %, 70 %
2026/09/22 01:50:54.244, 4, 180.58 W, 34, 120 MHz, 3996 MHz, 0 %, 0 %
2026/09/22 01:50:54.244, 5, 178.64 W, 32, 120 MHz, 3996 MHz, 0 %, 0 %
2026/09/22 01:50:54.244, 6, 177.64 W, 29, 120 MHz, 3996 MHz, 0 %, 0 %
2026/09/22 01:50:54.244, 7, 179.76 W, 29, 120 MHz, 3996 MHz, 0 %, 0 %
2026/09/22 01:50:55.244, 0, 875.89 W, 64, 2032 MHz, 3996 MHz, 100 %, 70 %
2026/09/22 01:50:55.244, 1, 877.98 W, 65, 2032 MHz, 3996 MHz, 100 %, 70 %
2026/09/22 01:50:55.244, 2, 814.48 W, 53, 2032 MHz, 3996 MHz, 100 %, 70 %
2026/09/22 01:50:55.244, 3, 821.64 W, 52, 2032 MHz, 3996 MHz, 100 %, 70 %
2026/09/22 01:50:55.244, 4, 180.58 W, 34, 120 MHz, 3996 MHz, 0 %, 0 %
2026/09/22 01:50:55.244, 5, 178.64 W, 32, 120 MHz, 3996 MHz, 0 %, 0 %
2026/09/22 01:50:55.244, 6, 177.59 W, 29, 120 MHz, 3996 MHz, 0 %, 0 %
2026/09/22 01:50:55.244, 7, 179.92 W, 29, 120 MHz, 3996 MHz, 0 %, 0 %
2026/09/22 01:50:56.244, 0, 878.36 W, 65, 2032 MHz, 3996 MHz, 63 %, 28 %
2026/09/22 01:50:56.244, 1, 852.51 W, 65, 2032 MHz, 3996 MHz, 100 %, 71 %
2026/09/22 01:50:56.244, 2, 821.31 W, 52, 2032 MHz, 3996 MHz, 96 %, 64 %
2026/09/22 01:50:56.244, 3, 862.43 W, 52, 2032 MHz, 3996 MHz, 100 %, 70 %
2026/09/22 01:50:56.244, 4, 180.58 W, 34, 120 MHz, 3996 MHz, 0 %, 0 %
2026/09/22 01:50:56.244, 5, 178.64 W, 32, 120 MHz, 3996 MHz, 0 %, 0 %
2026/09/22 01:50:56.244, 6, 177.62 W, 29, 120 MHz, 3996 MHz, 0 %, 0 %
2026/09/22 01:50:56.244, 7, 179.66 W, 29, 120 MHz, 3996 MHz, 0 %, 0 %
2026/09/22 01:50:57.245, 0, 866.12 W, 63, 2032 MHz, 3996 MHz, 96 %, 65 %
2026/09/22 01:50:57.245, 1, 892.40 W, 63, 2032 MHz, 3996 MHz, 96 %, 17 %
2026/09/22 01:50:57.245, 2, 898.03 W, 52, 2032 MHz, 3996 MHz, 78 %, 40 %
2026/09/22 01:50:57.245, 3, 844.17 W, 51, 2032 MHz, 3996 MHz, 100 %, 17 %
2026/09/22 01:50:57.245, 4, 180.58 W, 34, 120 MHz, 3996 MHz, 0 %, 0 %
2026/09/22 01:50:57.245, 5, 178.64 W, 32, 120 MHz, 3996 MHz, 0 %, 0 %
2026/09/22 01:50:57.245, 6, 177.60 W, 29, 120 MHz, 3996 MHz, 0 %, 0 %
2026/09/22 01:50:57.245, 7, 179.66 W, 29, 120 MHz, 3996 MHz, 0 %, 0 %
2026/09/22 01:50:58.245, 0, 815.14 W, 64, 2032 MHz, 3996 MHz, 96 %, 11 %
2026/09/22 01:50:58.245, 1, 817.71 W, 64, 2032 MHz, 3996 MHz, 100 %, 70 %
2026/09/22 01:50:58.245, 2, 762.66 W, 51, 2032 MHz, 3996 MHz, 96 %, 62 %
2026/09/22 01:50:58.245, 3, 805.72 W, 52, 2032 MHz, 3996 MHz, 100 %, 70 %
2026/09/22 01:50:58.245, 4, 180.58 W, 34, 120 MHz, 3996 MHz, 0 %, 0 %
2026/09/22 01:50:58.245, 5, 178.64 W, 32, 120 MHz, 3996 MHz, 0 %, 0 %
2026/09/22 01:50:58.245, 6, 177.65 W, 29, 120 MHz, 3996 MHz, 0 %, 0 %
2026/09/22 01:50:58.245, 7, 179.69 W, 29, 120 MHz, 3996 MHz, 0 %, 0 %
2026/09/22 01:50:59.245, 0, 896.15 W, 66, 2025 MHz, 3996 MHz, 96 %, 65 %
2026/09/22 01:50:59.245, 1, 891.01 W, 63, 2032 MHz, 3996 MHz, 100 %, 70 %
2026/09/22 01:50:59.245, 2, 835.35 W, 52, 2032 MHz, 3996 MHz, 100 %, 70 %
2026/09/22 01:50:59.245, 3, 870.80 W, 51, 2032 MHz, 3996 MHz, 100 %, 70 %
2026/09/22 01:50:59.245, 4, 180.58 W, 34, 120 MHz, 3996 MHz, 0 %, 0 %
2026/09/22 01:50:59.245, 5, 178.64 W, 32, 120 MHz, 3996 MHz, 0 %, 0 %
2026/09/22 01:50:59.245, 6, 177.66 W, 29, 120 MHz, 3996 MHz, 0 %, 0 %
2026/09/22 01:50:59.245, 7, 179.58 W, 29, 120 MHz, 3996 MHz, 0 %, 0 %
2026/09/22 01:51:00.245, 0, 806.11 W, 64, 2032 MHz, 3996 MHz, 100 %, 69 %
2026/09/22 01:51:00.245, 1, 795.14 W, 61, 2032 MHz, 3996 MHz, 100 %, 54 %
2026/09/22 01:51:00.245, 2, 808.86 W, 53, 2032 MHz, 3996 MHz, 100 %, 66 %
2026/09/22 01:51:00.245, 3, 757.25 W, 49, 2032 MHz, 3996 MHz, 100 %, 56 %
2026/09/22 01:51:00.245, 4, 180.58 W, 34, 120 MHz, 3996 MHz, 0 %, 0 %
2026/09/22 01:51:00.246, 5, 178.64 W, 32, 120 MHz, 3996 MHz, 0 %, 0 %
2026/09/22 01:51:00.246, 6, 177.61 W, 29, 120 MHz, 3996 MHz, 0 %, 0 %
2026/09/22 01:51:00.246, 7, 179.73 W, 29, 120 MHz, 3996 MHz, 0 %, 0 %
2026/09/22 01:51:01.246, 0, 1007.21 W, 66, 2032 MHz, 3996 MHz, 100 %, 70 %
2026/09/22 01:51:01.246, 1, 1009.47 W, 65, 2032 MHz, 3996 MHz, 100 %, 70 %
2026/09/22 01:51:01.246, 2, 984.12 W, 54, 2032 MHz, 3996 MHz, 100 %, 70 %
2026/09/22 01:51:01.246, 3, 993.94 W, 53, 2032 MHz, 3996 MHz, 100 %, 70 %
2026/09/22 01:51:01.246, 4, 180.58 W, 33, 120 MHz, 3996 MHz, 0 %, 0 %
2026/09/22 01:51:01.246, 5, 178.64 W, 32, 120 MHz, 3996 MHz, 0 %, 0 %
2026/09/22 01:51:01.246, 6, 177.63 W, 29, 120 MHz, 3996 MHz, 0 %, 0 %
2026/09/22 01:51:01.246, 7, 179.74 W, 29, 120 MHz, 3996 MHz, 0 %, 0 %
2026/09/22 01:51:02.246, 0, 850.29 W, 63, 2032 MHz, 3996 MHz, 97 %, 58 %
2026/09/22 01:51:02.246, 1, 849.27 W, 61, 2032 MHz, 3996 MHz, 100 %, 56 %
2026/09/22 01:51:02.246, 2, 807.37 W, 50, 2032 MHz, 3996 MHz, 100 %, 66 %
2026/09/22 01:51:02.246, 3, 813.34 W, 49, 2032 MHz, 3996 MHz, 100 %, 59 %
2026/09/22 01:51:02.246, 4, 180.58 W, 33, 120 MHz, 3996 MHz, 0 %, 0 %
2026/09/22 01:51:02.246, 5, 178.64 W, 32, 120 MHz, 3996 MHz, 0 %, 0 %
2026/09/22 01:51:02.246, 6, 177.62 W, 29, 120 MHz, 3996 MHz, 0 %, 0 %
2026/09/22 01:51:02.246, 7, 179.69 W, 29, 120 MHz, 3996 MHz, 0 %, 0 %
2026/09/22 01:51:03.246, 0, 769.32 W, 63, 2032 MHz, 3996 MHz, 96 %, 8 %
2026/09/22 01:51:03.246, 1, 813.47 W, 63, 2032 MHz, 3996 MHz, 100 %, 69 %
2026/09/22 01:51:03.246, 2, 754.69 W, 50, 2032 MHz, 3996 MHz, 95 %, 64 %
2026/09/22 01:51:03.246, 3, 823.02 W, 52, 2032 MHz, 3996 MHz, 100 %, 69 %
2026/09/22 01:51:03.246, 4, 180.58 W, 33, 120 MHz, 3996 MHz, 0 %, 0 %
2026/09/22 01:51:03.246, 5, 178.64 W, 32, 120 MHz, 3996 MHz, 0 %, 0 %
2026/09/22 01:51:03.246, 6, 177.65 W, 29, 120 MHz, 3996 MHz, 0 %, 0 %
2026/09/22 01:51:03.246, 7, 179.73 W, 29, 120 MHz, 3996 MHz, 0 %, 0 %
2026/09/22 01:51:04.246, 0, 816.66 W, 62, 2032 MHz, 3996 MHz, 100 %, 38 %
2026/09/22 01:51:04.246, 1, 785.90 W, 62, 2032 MHz, 3996 MHz, 100 %, 9 %
2026/09/22 01:51:04.247, 2, 790.01 W, 48, 2032 MHz, 3996 MHz, 35 %, 15 %
2026/09/22 01:51:04.247, 3, 798.37 W, 49, 2032 MHz, 3996 MHz, 100 %, 9 %
2026/09/22 01:51:04.247, 4, 180.58 W, 33, 120 MHz, 3996 MHz, 0 %, 0 %
2026/09/22 01:51:04.247, 5, 178.64 W, 32, 120 MHz, 3996 MHz, 0 %, 0 %
2026/09/22 01:51:04.247, 6, 177.68 W, 29, 120 MHz, 3996 MHz, 0 %, 0 %
2026/09/22 01:51:04.247, 7, 179.65 W, 29, 120 MHz, 3996 MHz, 0 %, 0 %
2026/09/22 01:51:05.247, 0, 985.44 W, 61, 2032 MHz, 3996 MHz, 100 %, 70 %
2026/09/22 01:51:05.247, 1, 986.35 W, 62, 2032 MHz, 3996 MHz, 93 %, 62 %
2026/09/22 01:51:05.247, 2, 913.22 W, 50, 2032 MHz, 3996 MHz, 100 %, 70 %
2026/09/22 01:51:05.247, 3, 928.99 W, 49, 2032 MHz, 3996 MHz, 100 %, 64 %
2026/09/22 01:51:05.247, 4, 180.58 W, 33, 120 MHz, 3996 MHz, 0 %, 0 %
2026/09/22 01:51:05.247, 5, 178.64 W, 32, 120 MHz, 3996 MHz, 0 %, 0 %
2026/09/22 01:51:05.247, 6, 177.65 W, 29, 120 MHz, 3996 MHz, 0 %, 0 %
2026/09/22 01:51:05.247, 7, 179.60 W, 29, 120 MHz, 3996 MHz, 0 %, 0 %
2026/09/22 01:51:06.247, 0, 796.36 W, 61, 2032 MHz, 3996 MHz, 100 %, 8 %
2026/09/22 01:51:06.247, 1, 830.30 W, 62, 2032 MHz, 3996 MHz, 100 %, 8 %
2026/09/22 01:51:06.247, 2, 825.47 W, 50, 2032 MHz, 3996 MHz, 30 %, 13 %
2026/09/22 01:51:06.247, 3, 811.89 W, 49, 2032 MHz, 3996 MHz, 100 %, 8 %
2026/09/22 01:51:06.247, 4, 180.58 W, 33, 120 MHz, 3996 MHz, 0 %, 0 %
2026/09/22 01:51:06.247, 5, 178.64 W, 32, 120 MHz, 3996 MHz, 0 %, 0 %
2026/09/22 01:51:06.247, 6, 177.68 W, 29, 120 MHz, 3996 MHz, 0 %, 0 %
2026/09/22 01:51:06.247, 7, 179.72 W, 29, 120 MHz, 3996 MHz, 0 %, 0 %
2026/09/22 01:51:07.247, 0, 888.89 W, 62, 2032 MHz, 3996 MHz, 100 %, 70 %
2026/09/22 01:51:07.247, 1, 892.37 W, 61, 2032 MHz, 3996 MHz, 100 %, 56 %
2026/09/22 01:51:07.247, 2, 829.38 W, 51, 2032 MHz, 3996 MHz, 100 %, 70 %
2026/09/22 01:51:07.247, 3, 855.15 W, 49, 2032 MHz, 3996 MHz, 100 %, 61 %
2026/09/22 01:51:07.247, 4, 180.58 W, 33, 120 MHz, 3996 MHz, 0 %, 0 %
2026/09/22 01:51:07.248, 5, 178.64 W, 32, 120 MHz, 3996 MHz, 0 %, 0 %
2026/09/22 01:51:07.248, 6, 177.62 W, 29, 120 MHz, 3996 MHz, 0 %, 0 %
2026/09/22 01:51:07.248, 7, 179.64 W, 29, 120 MHz, 3996 MHz, 0 %, 0 %
2026/09/22 01:51:08.248, 0, 837.21 W, 64, 2032 MHz, 3996 MHz, 100 %, 70 %
2026/09/22 01:51:08.248, 1, 830.12 W, 64, 2032 MHz, 3996 MHz, 100 %, 70 %
2026/09/22 01:51:08.248, 2, 830.98 W, 53, 2032 MHz, 3996 MHz, 100 %, 70 %
2026/09/22 01:51:08.248, 3, 859.36 W, 52, 2032 MHz, 3996 MHz, 100 %, 70 %
2026/09/22 01:51:08.248, 4, 180.54 W, 33, 120 MHz, 3996 MHz, 0 %, 0 %
2026/09/22 01:51:08.248, 5, 178.64 W, 32, 120 MHz, 3996 MHz, 0 %, 0 %
2026/09/22 01:51:08.248, 6, 177.60 W, 29, 120 MHz, 3996 MHz, 0 %, 0 %
2026/09/22 01:51:08.248, 7, 179.70 W, 29, 120 MHz, 3996 MHz, 0 %, 0 %
2026/09/22 01:51:09.248, 0, 892.74 W, 63, 2032 MHz, 3996 MHz, 100 %, 8 %
2026/09/22 01:51:09.248, 1, 884.32 W, 63, 2032 MHz, 3996 MHz, 86 %, 59 %
2026/09/22 01:51:09.248, 2, 826.91 W, 51, 2032 MHz, 3996 MHz, 95 %, 41 %
2026/09/22 01:51:09.248, 3, 838.79 W, 51, 2032 MHz, 3996 MHz, 95 %, 52 %
2026/09/22 01:51:09.248, 4, 180.58 W, 33, 120 MHz, 3996 MHz, 0 %, 0 %
2026/09/22 01:51:09.248, 5, 178.64 W, 32, 120 MHz, 3996 MHz, 0 %, 0 %
2026/09/22 01:51:09.248, 6, 177.59 W, 29, 120 MHz, 3996 MHz, 0 %, 0 %
2026/09/22 01:51:09.248, 7, 179.61 W, 29, 120 MHz, 3996 MHz, 0 %, 0 %
2026/09/22 01:51:10.248, 0, 999.20 W, 61, 2032 MHz, 3996 MHz, 100 %, 71 %
2026/09/22 01:51:10.248, 1, 963.78 W, 61, 2032 MHz, 3996 MHz, 100 %, 62 %
2026/09/22 01:51:10.248, 2, 949.17 W, 49, 2032 MHz, 3996 MHz, 100 %, 70 %
2026/09/22 01:51:10.248, 3, 938.38 W, 49, 2032 MHz, 3996 MHz, 100 %, 66 %
2026/09/22 01:51:10.248, 4, 180.58 W, 33, 120 MHz, 3996 MHz, 0 %, 0 %
2026/09/22 01:51:10.248, 5, 178.64 W, 32, 120 MHz, 3996 MHz, 0 %, 0 %
2026/09/22 01:51:10.248, 6, 177.64 W, 29, 120 MHz, 3996 MHz, 0 %, 0 %
2026/09/22 01:51:10.248, 7, 179.62 W, 29, 120 MHz, 3996 MHz, 0 %, 0 %
2026/09/22 01:51:11.248, 0, 896.46 W, 65, 2032 MHz, 3996 MHz, 77 %, 49 %
2026/09/22 01:51:11.248, 1, 919.18 W, 64, 2032 MHz, 3996 MHz, 100 %, 70 %
2026/09/22 01:51:11.249, 2, 889.79 W, 53, 2032 MHz, 3996 MHz, 100 %, 70 %
2026/09/22 01:51:11.249, 3, 891.67 W, 53, 2032 MHz, 3996 MHz, 100 %, 71 %
2026/09/22 01:51:11.249, 4, 180.58 W, 33, 120 MHz, 3996 MHz, 0 %, 0 %
2026/09/22 01:51:11.249, 5, 178.64 W, 32, 120 MHz, 3996 MHz, 0 %, 0 %
2026/09/22 01:51:11.249, 6, 177.61 W, 29, 120 MHz, 3996 MHz, 0 %, 0 %
2026/09/22 01:51:11.249, 7, 179.65 W, 29, 120 MHz, 3996 MHz, 0 %, 0 %
2026/09/22 01:51:12.249, 0, 662.98 W, 56, 2032 MHz, 3996 MHz, 96 %, 29 %
2026/09/22 01:51:12.249, 1, 696.87 W, 57, 2032 MHz, 3996 MHz, 100 %, 8 %
2026/09/22 01:51:12.249, 2, 659.68 W, 49, 2032 MHz, 3996 MHz, 100 %, 8 %
2026/09/22 01:51:12.249, 3, 668.69 W, 46, 2032 MHz, 3996 MHz, 29 %, 13 %
2026/09/22 01:51:12.249, 4, 180.58 W, 33, 120 MHz, 3996 MHz, 0 %, 0 %
2026/09/22 01:51:12.249, 5, 178.64 W, 32, 120 MHz, 3996 MHz, 0 %, 0 %
2026/09/22 01:51:12.249, 6, 177.57 W, 29, 120 MHz, 3996 MHz, 0 %, 0 %
2026/09/22 01:51:12.249, 7, 179.65 W, 29, 120 MHz, 3996 MHz, 0 %, 0 %
2026/09/22 01:51:13.249, 0, 747.53 W, 61, 2032 MHz, 3996 MHz, 100 %, 8 %
2026/09/22 01:51:13.249, 1, 767.22 W, 62, 2032 MHz, 3996 MHz, 95 %, 48 %
2026/09/22 01:51:13.249, 2, 743.41 W, 51, 2032 MHz, 3996 MHz, 56 %, 35 %
2026/09/22 01:51:13.249, 3, 744.28 W, 50, 2032 MHz, 3996 MHz, 95 %, 41 %
2026/09/22 01:51:13.249, 4, 180.58 W, 33, 120 MHz, 3996 MHz, 0 %, 0 %
2026/09/22 01:51:13.249, 5, 178.64 W, 32, 120 MHz, 3996 MHz, 0 %, 0 %
2026/09/22 01:51:13.249, 6, 177.60 W, 29, 120 MHz, 3996 MHz, 0 %, 0 %
2026/09/22 01:51:13.249, 7, 179.61 W, 29, 120 MHz, 3996 MHz, 0 %, 0 %
2026/09/22 01:51:14.249, 0, 1019.74 W, 65, 2032 MHz, 3996 MHz, 100 %, 70 %
2026/09/22 01:51:14.249, 1, 1018.93 W, 65, 2032 MHz, 3996 MHz, 100 %, 70 %
2026/09/22 01:51:14.249, 2, 991.11 W, 54, 2032 MHz, 3996 MHz, 100 %, 70 %
2026/09/22 01:51:14.249, 3, 999.50 W, 53, 2032 MHz, 3996 MHz, 100 %, 70 %
2026/09/22 01:51:14.249, 4, 180.58 W, 33, 120 MHz, 3996 MHz, 0 %, 0 %
2026/09/22 01:51:14.249, 5, 178.64 W, 32, 120 MHz, 3996 MHz, 0 %, 0 %
2026/09/22 01:51:14.249, 6, 177.62 W, 29, 120 MHz, 3996 MHz, 0 %, 0 %
2026/09/22 01:51:14.249, 7, 179.64 W, 29, 120 MHz, 3996 MHz, 0 %, 0 %
2026/09/22 01:51:15.250, 0, 789.70 W, 63, 2017 MHz, 3996 MHz, 100 %, 70 %
2026/09/22 01:51:15.250, 1, 762.73 W, 59, 2032 MHz, 3996 MHz, 98 %, 14 %
2026/09/22 01:51:15.250, 2, 730.61 W, 51, 2032 MHz, 3996 MHz, 97 %, 28 %
2026/09/22 01:51:15.250, 3, 746.79 W, 48, 2032 MHz, 3996 MHz, 97 %, 22 %
2026/09/22 01:51:15.250, 4, 180.58 W, 33, 120 MHz, 3996 MHz, 0 %, 0 %
2026/09/22 01:51:15.250, 5, 178.64 W, 32, 120 MHz, 3996 MHz, 0 %, 0 %
2026/09/22 01:51:15.250, 6, 177.61 W, 29, 120 MHz, 3996 MHz, 0 %, 0 %
2026/09/22 01:51:15.250, 7, 179.61 W, 29, 120 MHz, 3996 MHz, 0 %, 0 %
2026/09/22 01:51:16.250, 0, 791.53 W, 58, 2032 MHz, 3996 MHz, 100 %, 48 %
2026/09/22 01:51:16.250, 1, 807.45 W, 58, 2032 MHz, 3996 MHz, 100 %, 8 %
2026/09/22 01:51:16.250, 2, 789.13 W, 50, 2032 MHz, 3996 MHz, 33 %, 14 %
2026/09/22 01:51:16.250, 3, 763.97 W, 46, 2032 MHz, 3996 MHz, 100 %, 8 %
2026/09/22 01:51:16.250, 4, 180.54 W, 33, 120 MHz, 3996 MHz, 0 %, 0 %
2026/09/22 01:51:16.250, 5, 178.64 W, 32, 120 MHz, 3996 MHz, 0 %, 0 %
2026/09/22 01:51:16.250, 6, 177.59 W, 29, 120 MHz, 3996 MHz, 0 %, 0 %
2026/09/22 01:51:16.250, 7, 179.61 W, 29, 120 MHz, 3996 MHz, 0 %, 0 %
2026/09/22 01:51:17.250, 0, 832.48 W, 59, 2032 MHz, 3996 MHz, 100 %, 70 %
2026/09/22 01:51:17.250, 1, 837.16 W, 60, 2032 MHz, 3996 MHz, 91 %, 33 %
2026/09/22 01:51:17.250, 2, 776.77 W, 47, 2032 MHz, 3996 MHz, 100 %, 40 %
2026/09/22 01:51:17.250, 3, 847.09 W, 49, 2032 MHz, 3996 MHz, 65 %, 37 %
2026/09/22 01:51:17.250, 4, 180.58 W, 33, 120 MHz, 3996 MHz, 0 %, 0 %
2026/09/22 01:51:17.250, 5, 178.64 W, 32, 120 MHz, 3996 MHz, 0 %, 0 %
2026/09/22 01:51:17.250, 6, 177.59 W, 29, 120 MHz, 3996 MHz, 0 %, 0 %
2026/09/22 01:51:17.250, 7, 179.62 W, 29, 120 MHz, 3996 MHz, 0 %, 0 %
2026/09/22 01:51:18.250, 0, 826.72 W, 63, 2032 MHz, 3996 MHz, 100 %, 70 %
2026/09/22 01:51:18.250, 1, 822.53 W, 63, 2032 MHz, 3996 MHz, 100 %, 70 %
2026/09/22 01:51:18.250, 2, 824.84 W, 52, 2032 MHz, 3996 MHz, 100 %, 69 %
2026/09/22 01:51:18.250, 3, 814.24 W, 51, 2032 MHz, 3996 MHz, 100 %, 69 %
2026/09/22 01:51:18.250, 4, 180.54 W, 33, 120 MHz, 3996 MHz, 0 %, 0 %
2026/09/22 01:51:18.250, 5, 178.64 W, 32, 120 MHz, 3996 MHz, 0 %, 0 %
2026/09/22 01:51:18.251, 6, 177.61 W, 29, 120 MHz, 3996 MHz, 0 %, 0 %
2026/09/22 01:51:18.251, 7, 179.58 W, 29, 120 MHz, 3996 MHz, 0 %, 0 %
2026/09/22 01:51:19.251, 0, 896.43 W, 63, 2032 MHz, 3996 MHz, 96 %, 52 %
2026/09/22 01:51:19.251, 1, 901.26 W, 62, 2032 MHz, 3996 MHz, 100 %, 70 %
2026/09/22 01:51:19.251, 2, 869.63 W, 51, 2032 MHz, 3996 MHz, 100 %, 70 %
2026/09/22 01:51:19.251, 3, 905.79 W, 52, 2032 MHz, 3996 MHz, 100 %, 70 %
2026/09/22 01:51:19.251, 4, 180.54 W, 33, 120 MHz, 3996 MHz, 0 %, 0 %
2026/09/22 01:51:19.251, 5, 178.64 W, 32, 120 MHz, 3996 MHz, 0 %, 0 %
2026/09/22 01:51:19.251, 6, 177.58 W, 29, 120 MHz, 3996 MHz, 0 %, 0 %
2026/09/22 01:51:19.251, 7, 179.57 W, 29, 120 MHz, 3996 MHz, 0 %, 0 %
2026/09/22 01:51:20.251, 0, 938.68 W, 64, 2032 MHz, 3996 MHz, 100 %, 69 %
2026/09/22 01:51:20.251, 1, 937.51 W, 64, 2032 MHz, 3996 MHz, 100 %, 70 %
2026/09/22 01:51:20.251, 2, 877.11 W, 53, 2032 MHz, 3996 MHz, 100 %, 69 %
2026/09/22 01:51:20.251, 3, 893.65 W, 53, 2032 MHz, 3996 MHz, 100 %, 69 %
2026/09/22 01:51:20.251, 4, 180.58 W, 33, 120 MHz, 3996 MHz, 0 %, 0 %
2026/09/22 01:51:20.251, 5, 178.64 W, 32, 120 MHz, 3996 MHz, 0 %, 0 %
2026/09/22 01:51:20.251, 6, 177.60 W, 29, 120 MHz, 3996 MHz, 0 %, 0 %
2026/09/22 01:51:20.251, 7, 179.62 W, 29, 120 MHz, 3996 MHz, 0 %, 0 %
2026/09/22 01:51:21.251, 0, 876.42 W, 64, 2032 MHz, 3996 MHz, 100 %, 69 %
2026/09/22 01:51:21.251, 1, 859.98 W, 63, 2032 MHz, 3996 MHz, 100 %, 69 %
2026/09/22 01:51:21.251, 2, 853.43 W, 51, 2032 MHz, 3996 MHz, 100 %, 69 %
2026/09/22 01:51:21.251, 3, 842.68 W, 52, 2032 MHz, 3996 MHz, 100 %, 69 %
2026/09/22 01:51:21.251, 4, 180.58 W, 33, 120 MHz, 3996 MHz, 0 %, 0 %
2026/09/22 01:51:21.251, 5, 178.64 W, 32, 120 MHz, 3996 MHz, 0 %, 0 %
2026/09/22 01:51:21.251, 6, 177.65 W, 29, 120 MHz, 3996 MHz, 0 %, 0 %
2026/09/22 01:51:21.251, 7, 179.66 W, 29, 120 MHz, 3996 MHz, 0 %, 0 %
2026/09/22 01:51:22.251, 0, 779.64 W, 58, 2032 MHz, 3996 MHz, 100 %, 46 %
2026/09/22 01:51:22.251, 1, 820.51 W, 58, 2032 MHz, 3996 MHz, 100 %, 8 %
2026/09/22 01:51:22.251, 2, 788.95 W, 50, 2032 MHz, 3996 MHz, 100 %, 8 %
2026/09/22 01:51:22.251, 3, 799.77 W, 47, 2032 MHz, 3996 MHz, 28 %, 13 %
2026/09/22 01:51:22.251, 4, 180.47 W, 33, 120 MHz, 3996 MHz, 0 %, 0 %
2026/09/22 01:51:22.252, 5, 178.64 W, 32, 120 MHz, 3996 MHz, 0 %, 0 %
2026/09/22 01:51:22.252, 6, 177.61 W, 29, 120 MHz, 3996 MHz, 0 %, 0 %
2026/09/22 01:51:22.252, 7, 179.62 W, 29, 120 MHz, 3996 MHz, 0 %, 0 %
2026/09/22 01:51:23.252, 0, 1006.46 W, 64, 2032 MHz, 3996 MHz, 100 %, 70 %
2026/09/22 01:51:23.252, 1, 1010.93 W, 64, 2032 MHz, 3996 MHz, 100 %, 70 %
2026/09/22 01:51:23.252, 2, 982.89 W, 53, 2032 MHz, 3996 MHz, 100 %, 69 %
2026/09/22 01:51:23.252, 3, 990.22 W, 53, 2032 MHz, 3996 MHz, 100 %, 69 %
2026/09/22 01:51:23.252, 4, 180.58 W, 33, 120 MHz, 3996 MHz, 0 %, 0 %
2026/09/22 01:51:23.252, 5, 178.64 W, 32, 120 MHz, 3996 MHz, 0 %, 0 %
2026/09/22 01:51:23.252, 6, 177.64 W, 29, 120 MHz, 3996 MHz, 0 %, 0 %
2026/09/22 01:51:23.252, 7, 179.57 W, 29, 120 MHz, 3996 MHz, 0 %, 0 %
2026/09/22 01:51:24.252, 0, 1010.91 W, 65, 2032 MHz, 3996 MHz, 100 %, 70 %
2026/09/22 01:51:24.252, 1, 1016.25 W, 65, 2032 MHz, 3996 MHz, 100 %, 69 %
2026/09/22 01:51:24.252, 2, 963.42 W, 50, 2032 MHz, 3996 MHz, 100 %, 69 %
2026/09/22 01:51:24.252, 3, 973.84 W, 53, 2032 MHz, 3996 MHz, 100 %, 69 %
2026/09/22 01:51:24.252, 4, 180.54 W, 33, 120 MHz, 3996 MHz, 0 %, 0 %
2026/09/22 01:51:24.252, 5, 178.64 W, 32, 120 MHz, 3996 MHz, 0 %, 0 %
2026/09/22 01:51:24.252, 6, 177.59 W, 29, 120 MHz, 3996 MHz, 0 %, 0 %
2026/09/22 01:51:24.252, 7, 179.61 W, 29, 120 MHz, 3996 MHz, 0 %, 0 %
2026/09/22 01:51:25.252, 0, 746.02 W, 64, 2032 MHz, 3996 MHz, 100 %, 69 %
2026/09/22 01:51:25.252, 1, 743.47 W, 63, 2032 MHz, 3996 MHz, 100 %, 69 %
2026/09/22 01:51:25.252, 2, 730.64 W, 52, 2032 MHz, 3996 MHz, 100 %, 69 %
2026/09/22 01:51:25.252, 3, 710.75 W, 52, 2032 MHz, 3996 MHz, 100 %, 69 %
2026/09/22 01:51:25.252, 4, 180.47 W, 33, 120 MHz, 3996 MHz, 0 %, 0 %
2026/09/22 01:51:25.252, 5, 178.64 W, 32, 120 MHz, 3996 MHz, 0 %, 0 %
2026/09/22 01:51:25.252, 6, 177.61 W, 29, 120 MHz, 3996 MHz, 0 %, 0 %
2026/09/22 01:51:25.252, 7, 179.70 W, 29, 120 MHz, 3996 MHz, 0 %, 0 %
2026/09/22 01:51:26.253, 0, 826.34 W, 58, 2032 MHz, 3996 MHz, 100 %, 8 %
2026/09/22 01:51:26.253, 1, 815.80 W, 58, 2032 MHz, 3996 MHz, 100 %, 9 %
2026/09/22 01:51:26.253, 2, 764.05 W, 48, 2032 MHz, 3996 MHz, 94 %, 33 %
2026/09/22 01:51:26.253, 3, 770.80 W, 47, 2032 MHz, 3996 MHz, 73 %, 33 %
2026/09/22 01:51:26.253, 4, 180.58 W, 33, 120 MHz, 3996 MHz, 0 %, 0 %
2026/09/22 01:51:26.253, 5, 178.64 W, 32, 120 MHz, 3996 MHz, 0 %, 0 %
2026/09/22 01:51:26.253, 6, 177.62 W, 29, 120 MHz, 3996 MHz, 0 %, 0 %
2026/09/22 01:51:26.253, 7, 179.66 W, 29, 120 MHz, 3996 MHz, 0 %, 0 %
2026/09/22 01:51:27.253, 0, 939.66 W, 64, 2032 MHz, 3996 MHz, 100 %, 69 %
2026/09/22 01:51:27.253, 1, 963.55 W, 63, 2032 MHz, 3996 MHz, 100 %, 69 %
2026/09/22 01:51:27.253, 2, 968.99 W, 53, 2032 MHz, 3996 MHz, 100 %, 69 %
2026/09/22 01:51:27.253, 3, 966.96 W, 53, 2032 MHz, 3996 MHz, 100 %, 69 %
2026/09/22 01:51:27.253, 4, 180.58 W, 33, 120 MHz, 3996 MHz, 0 %, 0 %
2026/09/22 01:51:27.253, 5, 178.64 W, 32, 120 MHz, 3996 MHz, 0 %, 0 %
2026/09/22 01:51:27.253, 6, 177.60 W, 29, 120 MHz, 3996 MHz, 0 %, 0 %
2026/09/22 01:51:27.253, 7, 179.62 W, 29, 120 MHz, 3996 MHz, 0 %, 0 %
2026/09/22 01:51:28.253, 0, 969.11 W, 61, 2032 MHz, 3996 MHz, 100 %, 69 %
2026/09/22 01:51:28.253, 1, 937.27 W, 62, 2032 MHz, 3996 MHz, 100 %, 70 %
2026/09/22 01:51:28.253, 2, 876.03 W, 48, 2032 MHz, 3996 MHz, 100 %, 69 %
2026/09/22 01:51:28.253, 3, 906.18 W, 51, 2032 MHz, 3996 MHz, 100 %, 69 %
2026/09/22 01:51:28.253, 4, 180.54 W, 33, 120 MHz, 3996 MHz, 0 %, 0 %
2026/09/22 01:51:28.253, 5, 178.64 W, 32, 120 MHz, 3996 MHz, 0 %, 0 %
2026/09/22 01:51:28.253, 6, 177.61 W, 29, 120 MHz, 3996 MHz, 0 %, 0 %
2026/09/22 01:51:28.253, 7, 179.62 W, 29, 120 MHz, 3996 MHz, 0 %, 0 %
2026/09/22 01:51:29.253, 0, 848.07 W, 63, 2032 MHz, 3996 MHz, 96 %, 51 %
2026/09/22 01:51:29.253, 1, 850.59 W, 63, 2032 MHz, 3996 MHz, 100 %, 70 %
2026/09/22 01:51:29.253, 2, 847.53 W, 52, 2032 MHz, 3996 MHz, 100 %, 69 %
2026/09/22 01:51:29.253, 3, 840.40 W, 52, 2032 MHz, 3996 MHz, 100 %, 69 %
2026/09/22 01:51:29.253, 4, 180.54 W, 33, 120 MHz, 3996 MHz, 0 %, 0 %
2026/09/22 01:51:29.253, 5, 178.64 W, 32, 120 MHz, 3996 MHz, 0 %, 0 %
2026/09/22 01:51:29.253, 6, 177.62 W, 29, 120 MHz, 3996 MHz, 0 %, 0 %
2026/09/22 01:51:29.254, 7, 179.66 W, 29, 120 MHz, 3996 MHz, 0 %, 0 %
2026/09/22 01:51:30.254, 0, 902.36 W, 63, 2032 MHz, 3996 MHz, 100 %, 69 %
2026/09/22 01:51:30.254, 1, 936.15 W, 64, 2032 MHz, 3996 MHz, 100 %, 69 %
2026/09/22 01:51:30.254, 2, 906.17 W, 53, 2032 MHz, 3996 MHz, 100 %, 69 %
2026/09/22 01:51:30.254, 3, 883.58 W, 52, 2032 MHz, 3996 MHz, 100 %, 69 %
2026/09/22 01:51:30.254, 4, 180.39 W, 33, 120 MHz, 3996 MHz, 0 %, 0 %
2026/09/22 01:51:30.254, 5, 178.64 W, 32, 120 MHz, 3996 MHz, 0 %, 0 %
2026/09/22 01:51:30.254, 6, 177.61 W, 29, 120 MHz, 3996 MHz, 0 %, 0 %
2026/09/22 01:51:30.254, 7, 179.61 W, 29, 120 MHz, 3996 MHz, 0 %, 0 %
2026/09/22 01:51:31.254, 0, 800.63 W, 62, 2032 MHz, 3996 MHz, 100 %, 69 %
2026/09/22 01:51:31.254, 1, 791.95 W, 61, 2032 MHz, 3996 MHz, 100 %, 31 %
2026/09/22 01:51:31.254, 2, 722.68 W, 49, 2032 MHz, 3996 MHz, 100 %, 69 %
2026/09/22 01:51:31.254, 3, 740.90 W, 51, 2032 MHz, 3996 MHz, 100 %, 69 %
2026/09/22 01:51:31.254, 4, 180.43 W, 33, 120 MHz, 3996 MHz, 0 %, 0 %
2026/09/22 01:51:31.254, 5, 178.64 W, 32, 120 MHz, 3996 MHz, 0 %, 0 %
2026/09/22 01:51:31.254, 6, 177.60 W, 29, 120 MHz, 3996 MHz, 0 %, 0 %
2026/09/22 01:51:31.254, 7, 179.58 W, 29, 120 MHz, 3996 MHz, 0 %, 0 %
2026/09/22 01:51:32.254, 0, 819.34 W, 63, 2032 MHz, 3996 MHz, 96 %, 42 %
2026/09/22 01:51:32.254, 1, 841.71 W, 63, 2032 MHz, 3996 MHz, 100 %, 69 %
2026/09/22 01:51:32.254, 2, 813.06 W, 52, 2032 MHz, 3996 MHz, 100 %, 69 %
2026/09/22 01:51:32.254, 3, 801.42 W, 51, 2032 MHz, 3996 MHz, 100 %, 69 %
2026/09/22 01:51:32.254, 4, 180.54 W, 33, 120 MHz, 3996 MHz, 0 %, 0 %
2026/09/22 01:51:32.254, 5, 178.64 W, 32, 120 MHz, 3996 MHz, 0 %, 0 %
2026/09/22 01:51:32.254, 6, 177.66 W, 29, 120 MHz, 3996 MHz, 0 %, 0 %
2026/09/22 01:51:32.254, 7, 179.58 W, 29, 120 MHz, 3996 MHz, 0 %, 0 %
2026/09/22 01:51:33.254, 0, 888.50 W, 64, 2032 MHz, 3996 MHz, 100 %, 69 %
2026/09/22 01:51:33.254, 1, 908.96 W, 64, 2032 MHz, 3996 MHz, 100 %, 70 %
2026/09/22 01:51:33.254, 2, 906.98 W, 53, 2032 MHz, 3996 MHz, 100 %, 69 %
2026/09/22 01:51:33.254, 3, 910.67 W, 53, 2032 MHz, 3996 MHz, 100 %, 70 %
2026/09/22 01:51:33.255, 4, 180.51 W, 33, 120 MHz, 3996 MHz, 0 %, 0 %
2026/09/22 01:51:33.255, 5, 178.64 W, 32, 120 MHz, 3996 MHz, 0 %, 0 %
2026/09/22 01:51:33.255, 6, 177.61 W, 29, 120 MHz, 3996 MHz, 0 %, 0 %
2026/09/22 01:51:33.255, 7, 179.57 W, 29, 120 MHz, 3996 MHz, 0 %, 0 %
2026/09/22 01:51:34.255, 0, 993.96 W, 64, 2032 MHz, 3996 MHz, 100 %, 69 %
2026/09/22 01:51:34.255, 1, 970.02 W, 64, 2032 MHz, 3996 MHz, 100 %, 70 %
2026/09/22 01:51:34.255, 2, 935.65 W, 53, 2032 MHz, 3996 MHz, 100 %, 69 %
2026/09/22 01:51:34.255, 3, 944.04 W, 52, 2032 MHz, 3996 MHz, 100 %, 69 %
2026/09/22 01:51:34.255, 4, 180.46 W, 33, 120 MHz, 3996 MHz, 0 %, 0 %
2026/09/22 01:51:34.255, 5, 178.64 W, 32, 120 MHz, 3996 MHz, 0 %, 0 %
2026/09/22 01:51:34.255, 6, 177.59 W, 29, 120 MHz, 3996 MHz, 0 %, 0 %
2026/09/22 01:51:34.255, 7, 179.68 W, 29, 120 MHz, 3996 MHz, 0 %, 0 %
2026/09/22 01:51:35.255, 0, 644.61 W, 56, 2032 MHz, 3996 MHz, 100 %, 24 %
2026/09/22 01:51:35.255, 1, 644.05 W, 58, 2032 MHz, 3996 MHz, 95 %, 46 %
2026/09/22 01:51:35.255, 2, 655.48 W, 50, 2032 MHz, 3996 MHz, 100 %, 7 %
2026/09/22 01:51:35.255, 3, 717.34 W, 46, 2032 MHz, 3996 MHz, 29 %, 12 %
2026/09/22 01:51:35.255, 4, 180.54 W, 33, 120 MHz, 3996 MHz, 0 %, 0 %
2026/09/22 01:51:35.255, 5, 178.64 W, 32, 120 MHz, 3996 MHz, 0 %, 0 %
2026/09/22 01:51:35.255, 6, 177.61 W, 29, 120 MHz, 3996 MHz, 0 %, 0 %
2026/09/22 01:51:35.255, 7, 179.66 W, 29, 120 MHz, 3996 MHz, 0 %, 0 %
2026/09/22 01:51:36.255, 0, 872.99 W, 61, 2032 MHz, 3996 MHz, 100 %, 24 %
2026/09/22 01:51:36.255, 1, 874.86 W, 60, 2032 MHz, 3996 MHz, 90 %, 63 %
2026/09/22 01:51:36.255, 2, 820.72 W, 51, 2032 MHz, 3996 MHz, 100 %, 8 %
2026/09/22 01:51:36.255, 3, 838.89 W, 49, 2032 MHz, 3996 MHz, 100 %, 8 %
2026/09/22 01:51:36.255, 4, 180.51 W, 33, 120 MHz, 3996 MHz, 0 %, 0 %
2026/09/22 01:51:36.255, 5, 178.64 W, 32, 120 MHz, 3996 MHz, 0 %, 0 %
2026/09/22 01:51:36.255, 6, 177.61 W, 29, 120 MHz, 3996 MHz, 0 %, 0 %
2026/09/22 01:51:36.255, 7, 179.58 W, 29, 120 MHz, 3996 MHz, 0 %, 0 %
2026/09/22 01:51:37.255, 0, 1013.77 W, 64, 2032 MHz, 3996 MHz, 100 %, 70 %
2026/09/22 01:51:37.256, 1, 1024.62 W, 64, 2032 MHz, 3996 MHz, 100 %, 70 %
2026/09/22 01:51:37.256, 2, 989.80 W, 53, 2032 MHz, 3996 MHz, 100 %, 69 %
2026/09/22 01:51:37.256, 3, 993.34 W, 53, 2032 MHz, 3996 MHz, 100 %, 69 %
2026/09/22 01:51:37.256, 4, 180.54 W, 33, 120 MHz, 3996 MHz, 0 %, 0 %
2026/09/22 01:51:37.256, 5, 178.64 W, 32, 120 MHz, 3996 MHz, 0 %, 0 %
2026/09/22 01:51:37.256, 6, 177.59 W, 29, 120 MHz, 3996 MHz, 0 %, 0 %
2026/09/22 01:51:37.256, 7, 179.67 W, 29, 120 MHz, 3996 MHz, 0 %, 0 %
2026/09/22 01:51:38.256, 0, 1004.27 W, 64, 2032 MHz, 3996 MHz, 100 %, 68 %
2026/09/22 01:51:38.256, 1, 1014.95 W, 64, 2032 MHz, 3996 MHz, 100 %, 69 %
2026/09/22 01:51:38.256, 2, 977.47 W, 53, 2032 MHz, 3996 MHz, 100 %, 68 %
2026/09/22 01:51:38.256, 3, 990.53 W, 53, 2032 MHz, 3996 MHz, 100 %, 69 %
2026/09/22 01:51:38.256, 4, 180.54 W, 33, 120 MHz, 3996 MHz, 0 %, 0 %
2026/09/22 01:51:38.256, 5, 178.64 W, 32, 120 MHz, 3996 MHz, 0 %, 0 %
2026/09/22 01:51:38.256, 6, 177.60 W, 29, 120 MHz, 3996 MHz, 0 %, 0 %
2026/09/22 01:51:38.256, 7, 179.57 W, 29, 120 MHz, 3996 MHz, 0 %, 0 %
2026/09/22 01:51:39.256, 0, 994.55 W, 64, 2032 MHz, 3996 MHz, 100 %, 69 %
2026/09/22 01:51:39.256, 1, 1008.10 W, 64, 2032 MHz, 3996 MHz, 100 %, 68 %
2026/09/22 01:51:39.256, 2, 971.32 W, 53, 2032 MHz, 3996 MHz, 100 %, 69 %
2026/09/22 01:51:39.256, 3, 986.08 W, 53, 2032 MHz, 3996 MHz, 100 %, 69 %
2026/09/22 01:51:39.256, 4, 180.51 W, 33, 120 MHz, 3996 MHz, 0 %, 0 %
2026/09/22 01:51:39.256, 5, 178.64 W, 32, 120 MHz, 3996 MHz, 0 %, 0 %
2026/09/22 01:51:39.256, 6, 177.58 W, 29, 120 MHz, 3996 MHz, 0 %, 0 %
2026/09/22 01:51:39.256, 7, 179.67 W, 29, 120 MHz, 3996 MHz, 0 %, 0 %
2026/09/22 01:51:40.256, 0, 983.52 W, 63, 2032 MHz, 3996 MHz, 100 %, 68 %
2026/09/22 01:51:40.256, 1, 992.78 W, 64, 2032 MHz, 3996 MHz, 100 %, 68 %
2026/09/22 01:51:40.256, 2, 962.47 W, 53, 2032 MHz, 3996 MHz, 100 %, 68 %
2026/09/22 01:51:40.256, 3, 969.15 W, 52, 2032 MHz, 3996 MHz, 100 %, 69 %
2026/09/22 01:51:40.256, 4, 180.31 W, 33, 120 MHz, 3996 MHz, 0 %, 0 %
2026/09/22 01:51:40.256, 5, 178.64 W, 32, 120 MHz, 3996 MHz, 0 %, 0 %
2026/09/22 01:51:40.256, 6, 177.63 W, 29, 120 MHz, 3996 MHz, 0 %, 0 %
2026/09/22 01:51:40.257, 7, 179.65 W, 29, 120 MHz, 3996 MHz, 0 %, 0 %
2026/09/22 01:51:41.257, 0, 979.09 W, 64, 2032 MHz, 3996 MHz, 100 %, 67 %
2026/09/22 01:51:41.257, 1, 986.73 W, 64, 2032 MHz, 3996 MHz, 100 %, 68 %
2026/09/22 01:51:41.257, 2, 952.76 W, 53, 2032 MHz, 3996 MHz, 100 %, 67 %
2026/09/22 01:51:41.257, 3, 969.30 W, 53, 2032 MHz, 3996 MHz, 100 %, 67 %
2026/09/22 01:51:41.257, 4, 180.47 W, 33, 120 MHz, 3996 MHz, 0 %, 0 %
2026/09/22 01:51:41.257, 5, 178.64 W, 32, 120 MHz, 3996 MHz, 0 %, 0 %
2026/09/22 01:51:41.257, 6, 177.59 W, 29, 120 MHz, 3996 MHz, 0 %, 0 %
2026/09/22 01:51:41.257, 7, 179.69 W, 29, 120 MHz, 3996 MHz, 0 %, 0 %
2026/09/22 01:51:42.257, 0, 936.97 W, 63, 2032 MHz, 3996 MHz, 100 %, 67 %
2026/09/22 01:51:42.257, 1, 932.17 W, 63, 2032 MHz, 3996 MHz, 100 %, 66 %
2026/09/22 01:51:42.257, 2, 900.23 W, 52, 2032 MHz, 3996 MHz, 100 %, 66 %
2026/09/22 01:51:42.257, 3, 908.60 W, 52, 2032 MHz, 3996 MHz, 100 %, 65 %
2026/09/22 01:51:42.257, 4, 180.32 W, 33, 120 MHz, 3996 MHz, 0 %, 0 %
2026/09/22 01:51:42.257, 5, 178.64 W, 32, 120 MHz, 3996 MHz, 0 %, 0 %
2026/09/22 01:51:42.257, 6, 177.59 W, 29, 120 MHz, 3996 MHz, 0 %, 0 %
2026/09/22 01:51:42.257, 7, 179.62 W, 29, 120 MHz, 3996 MHz, 0 %, 0 %
2026/09/22 01:51:43.257, 0, 868.44 W, 62, 2032 MHz, 3996 MHz, 100 %, 65 %
2026/09/22 01:51:43.257, 1, 866.97 W, 62, 2032 MHz, 3996 MHz, 100 %, 63 %
2026/09/22 01:51:43.257, 2, 838.71 W, 51, 2032 MHz, 3996 MHz, 100 %, 63 %
2026/09/22 01:51:43.257, 3, 849.12 W, 51, 2032 MHz, 3996 MHz, 100 %, 63 %
2026/09/22 01:51:43.257, 4, 180.43 W, 33, 120 MHz, 3996 MHz, 0 %, 0 %
2026/09/22 01:51:43.257, 5, 178.64 W, 32, 120 MHz, 3996 MHz, 0 %, 0 %
2026/09/22 01:51:43.257, 6, 177.57 W, 29, 120 MHz, 3996 MHz, 0 %, 0 %
2026/09/22 01:51:43.257, 7, 179.57 W, 29, 120 MHz, 3996 MHz, 0 %, 0 %
2026/09/22 01:51:44.257, 0, 850.27 W, 61, 2032 MHz, 3996 MHz, 100 %, 62 %
2026/09/22 01:51:44.257, 1, 843.07 W, 61, 2032 MHz, 3996 MHz, 100 %, 62 %
2026/09/22 01:51:44.257, 2, 812.41 W, 50, 2032 MHz, 3996 MHz, 100 %, 62 %
2026/09/22 01:51:44.257, 3, 828.24 W, 50, 2032 MHz, 3996 MHz, 95 %, 59 %
2026/09/22 01:51:44.257, 4, 180.47 W, 33, 120 MHz, 3996 MHz, 0 %, 0 %
2026/09/22 01:51:44.258, 5, 178.64 W, 32, 120 MHz, 3996 MHz, 0 %, 0 %
2026/09/22 01:51:44.258, 6, 177.57 W, 29, 120 MHz, 3996 MHz, 0 %, 0 %
2026/09/22 01:51:44.258, 7, 179.64 W, 29, 120 MHz, 3996 MHz, 0 %, 0 %
2026/09/22 01:51:45.258, 0, 778.49 W, 59, 2032 MHz, 3996 MHz, 100 %, 58 %
2026/09/22 01:51:45.258, 1, 773.45 W, 59, 2032 MHz, 3996 MHz, 100 %, 52 %
2026/09/22 01:51:45.258, 2, 735.96 W, 48, 2032 MHz, 3996 MHz, 100 %, 54 %
2026/09/22 01:51:45.258, 3, 753.14 W, 48, 2032 MHz, 3996 MHz, 100 %, 53 %
2026/09/22 01:51:45.258, 4, 180.46 W, 33, 120 MHz, 3996 MHz, 0 %, 0 %
2026/09/22 01:51:45.258, 5, 178.64 W, 32, 120 MHz, 3996 MHz, 0 %, 0 %
2026/09/22 01:51:45.258, 6, 177.56 W, 29, 120 MHz, 3996 MHz, 0 %, 0 %
2026/09/22 01:51:45.258, 7, 179.56 W, 29, 120 MHz, 3996 MHz, 0 %, 0 %
2026/09/22 01:51:46.258, 0, 405.43 W, 52, 2032 MHz, 3996 MHz, 0 %, 0 %
2026/09/22 01:51:46.258, 1, 395.23 W, 52, 2032 MHz, 3996 MHz, 0 %, 0 %
2026/09/22 01:51:46.258, 2, 363.16 W, 41, 2032 MHz, 3996 MHz, 0 %, 0 %
2026/09/22 01:51:46.258, 3, 366.86 W, 41, 2032 MHz, 3996 MHz, 0 %, 0 %
2026/09/22 01:51:46.258, 4, 180.58 W, 33, 120 MHz, 3996 MHz, 0 %, 0 %
2026/09/22 01:51:46.258, 5, 178.64 W, 32, 120 MHz, 3996 MHz, 0 %, 0 %
2026/09/22 01:51:46.258, 6, 177.64 W, 29, 120 MHz, 3996 MHz, 0 %, 0 %
2026/09/22 01:51:46.258, 7, 179.58 W, 29, 120 MHz, 3996 MHz, 0 %, 0 %
2026/09/22 01:51:47.258, 0, 249.19 W, 50, 2032 MHz, 3996 MHz, 0 %, 0 %
2026/09/22 01:51:47.258, 1, 251.23 W, 51, 2032 MHz, 3996 MHz, 0 %, 0 %
2026/09/22 01:51:47.258, 2, 235.60 W, 40, 2032 MHz, 3996 MHz, 0 %, 0 %
2026/09/22 01:51:47.258, 3, 237.59 W, 40, 2032 MHz, 3996 MHz, 0 %, 0 %
2026/09/22 01:51:47.258, 4, 180.51 W, 33, 120 MHz, 3996 MHz, 0 %, 0 %
2026/09/22 01:51:47.258, 5, 178.64 W, 32, 120 MHz, 3996 MHz, 0 %, 0 %
2026/09/22 01:51:47.258, 6, 177.69 W, 29, 120 MHz, 3996 MHz, 0 %, 0 %
2026/09/22 01:51:47.258, 7, 179.64 W, 29, 120 MHz, 3996 MHz, 0 %, 0 %
2026/09/22 01:51:48.258, 0, 247.92 W, 50, 2032 MHz, 3996 MHz, 0 %, 0 %
2026/09/22 01:51:48.258, 1, 258.64 W, 50, 2032 MHz, 3996 MHz, 0 %, 0 %
2026/09/22 01:51:48.259, 2, 234.55 W, 39, 2032 MHz, 3996 MHz, 0 %, 0 %
2026/09/22 01:51:48.259, 3, 237.18 W, 39, 2032 MHz, 3996 MHz, 0 %, 0 %
2026/09/22 01:51:48.259, 4, 180.54 W, 33, 120 MHz, 3996 MHz, 0 %, 0 %
2026/09/22 01:51:48.259, 5, 178.64 W, 32, 120 MHz, 3996 MHz, 0 %, 0 %
2026/09/22 01:51:48.259, 6, 177.65 W, 29, 120 MHz, 3996 MHz, 0 %, 0 %
2026/09/22 01:51:48.259, 7, 179.68 W, 29, 120 MHz, 3996 MHz, 0 %, 0 %
2026/09/22 01:51:49.259, 0, 247.09 W, 49, 2032 MHz, 3996 MHz, 0 %, 0 %
2026/09/22 01:51:49.259, 1, 249.27 W, 50, 2032 MHz, 3996 MHz, 1 %, 0 %
2026/09/22 01:51:49.259, 2, 241.59 W, 38, 2032 MHz, 3996 MHz, 33 %, 15 %
2026/09/22 01:51:49.259, 3, 244.03 W, 38, 2032 MHz, 3996 MHz, 0 %, 0 %
2026/09/22 01:51:49.259, 4, 180.47 W, 33, 120 MHz, 3996 MHz, 0 %, 0 %
2026/09/22 01:51:49.259, 5, 178.64 W, 32, 120 MHz, 3996 MHz, 0 %, 0 %
2026/09/22 01:51:49.259, 6, 177.63 W, 29, 120 MHz, 3996 MHz, 0 %, 0 %
2026/09/22 01:51:49.259, 7, 179.74 W, 29, 120 MHz, 3996 MHz, 0 %, 0 %
2026/09/22 01:51:50.259, 0, 255.10 W, 49, 2032 MHz, 3996 MHz, 0 %, 0 %
2026/09/22 01:51:50.259, 1, 201.14 W, 48, 795 MHz, 3996 MHz, 0 %, 0 %
2026/09/22 01:51:50.259, 2, 233.77 W, 38, 2032 MHz, 3996 MHz, 0 %, 0 %
2026/09/22 01:51:50.259, 3, 228.18 W, 38, 847 MHz, 3996 MHz, 0 %, 0 %
2026/09/22 01:51:50.259, 4, 180.54 W, 33, 120 MHz, 3996 MHz, 0 %, 0 %
2026/09/22 01:51:50.259, 5, 178.64 W, 32, 120 MHz, 3996 MHz, 0 %, 0 %
2026/09/22 01:51:50.259, 6, 177.63 W, 29, 120 MHz, 3996 MHz, 0 %, 0 %
2026/09/22 01:51:50.259, 7, 179.64 W, 29, 120 MHz, 3996 MHz, 0 %, 0 %
2026/09/22 01:51:51.259, 0, 245.50 W, 48, 2025 MHz, 3996 MHz, 0 %, 0 %
2026/09/22 01:51:51.259, 1, 194.50 W, 48, 502 MHz, 3996 MHz, 0 %, 0 %
2026/09/22 01:51:51.259, 2, 215.35 W, 37, 810 MHz, 3996 MHz, 0 %, 0 %
2026/09/22 01:51:51.259, 3, 188.43 W, 37, 532 MHz, 3996 MHz, 0 %, 0 %
2026/09/22 01:51:51.259, 4, 180.54 W, 33, 120 MHz, 3996 MHz, 0 %, 0 %
2026/09/22 01:51:51.259, 5, 178.64 W, 32, 120 MHz, 3996 MHz, 0 %, 0 %
2026/09/22 01:51:51.259, 6, 177.59 W, 29, 120 MHz, 3996 MHz, 0 %, 0 %
2026/09/22 01:51:51.259, 7, 179.65 W, 29, 120 MHz, 3996 MHz, 0 %, 0 %
2026/09/22 01:51:52.260, 0, 197.22 W, 47, 690 MHz, 3996 MHz, 0 %, 0 %
2026/09/22 01:51:52.260, 1, 192.08 W, 47, 315 MHz, 3996 MHz, 0 %, 0 %
2026/09/22 01:51:52.260, 2, 185.64 W, 36, 510 MHz, 3996 MHz, 0 %, 0 %
2026/09/22 01:51:52.260, 3, 185.52 W, 36, 337 MHz, 3996 MHz, 0 %, 0 %
2026/09/22 01:51:52.260, 4, 180.38 W, 33, 120 MHz, 3996 MHz, 0 %, 0 %
2026/09/22 01:51:52.260, 5, 178.64 W, 32, 120 MHz, 3996 MHz, 0 %, 0 %
2026/09/22 01:51:52.260, 6, 177.56 W, 29, 120 MHz, 3996 MHz, 0 %, 0 %
2026/09/22 01:51:52.260, 7, 179.59 W, 29, 120 MHz, 3996 MHz, 0 %, 0 %
2026/09/22 01:51:53.260, 0, 191.50 W, 46, 435 MHz, 3996 MHz, 0 %, 0 %
2026/09/22 01:51:53.260, 1, 191.04 W, 47, 202 MHz, 3996 MHz, 0 %, 0 %
2026/09/22 01:51:53.260, 2, 183.15 W, 36, 322 MHz, 3996 MHz, 0 %, 0 %
2026/09/22 01:51:53.260, 3, 183.86 W, 36, 210 MHz, 3996 MHz, 0 %, 0 %
2026/09/22 01:51:53.260, 4, 180.38 W, 33, 120 MHz, 3996 MHz, 0 %, 0 %
2026/09/22 01:51:53.260, 5, 178.64 W, 32, 120 MHz, 3996 MHz, 0 %, 0 %
2026/09/22 01:51:53.260, 6, 177.62 W, 29, 120 MHz, 3996 MHz, 0 %, 0 %
2026/09/22 01:51:53.260, 7, 179.73 W, 29, 120 MHz, 3996 MHz, 0 %, 0 %
2026/09/22 01:51:54.383, 0, 189.01 W, 46, 247 MHz, 3996 MHz, 0 %, 0 %
2026/09/22 01:51:54.385, 1, 190.05 W, 46, 120 MHz, 3996 MHz, 0 %, 0 %
2026/09/22 01:51:54.387, 2, 181.68 W, 36, 202 MHz, 3996 MHz, 0 %, 0 %
2026/09/22 01:51:54.388, 3, 182.53 W, 35, 135 MHz, 3996 MHz, 0 %, 0 %
2026/09/22 01:51:54.389, 4, 180.30 W, 33, 120 MHz, 3996 MHz, 0 %, 0 %
2026/09/22 01:51:54.391, 5, 178.64 W, 32, 120 MHz, 3996 MHz, 0 %, 0 %
2026/09/22 01:51:54.393, 6, 177.52 W, 29, 120 MHz, 3996 MHz, 0 %, 0 %
2026/09/22 01:51:54.395, 7, 179.55 W, 29, 120 MHz, 3996 MHz, 0 %, 0 %
