timestamp, index, power.draw [W], temperature.gpu, clocks.current.sm [MHz], clocks.current.memory [MHz], utilization.gpu [%], utilization.memory [%]
2026/09/20 10:40:46.571, 0, 179.58 W, 34, 120 MHz, 3996 MHz, 0 %, 0 %
2026/09/20 10:40:46.573, 1, 181.57 W, 36, 120 MHz, 3996 MHz, 0 %, 0 %
2026/09/20 10:40:46.575, 2, 177.52 W, 30, 120 MHz, 3996 MHz, 0 %, 0 %
2026/09/20 10:40:46.576, 3, 179.35 W, 29, 120 MHz, 3996 MHz, 0 %, 0 %
2026/09/20 10:40:46.578, 4, 183.37 W, 36, 120 MHz, 3996 MHz, 0 %, 0 %
2026/09/20 10:40:46.580, 5, 179.58 W, 33, 120 MHz, 3996 MHz, 0 %, 0 %
2026/09/20 10:40:46.582, 6, 180.17 W, 29, 120 MHz, 3996 MHz, 0 %, 0 %
2026/09/20 10:40:46.583, 7, 182.27 W, 30, 120 MHz, 3996 MHz, 0 %, 0 %
2026/09/20 10:40:47.585, 0, 179.58 W, 34, 120 MHz, 3996 MHz, 0 %, 0 %
2026/09/20 10:40:47.585, 1, 181.56 W, 36, 120 MHz, 3996 MHz, 0 %, 0 %
2026/09/20 10:40:47.585, 2, 177.51 W, 30, 120 MHz, 3996 MHz, 0 %, 0 %
2026/09/20 10:40:47.585, 3, 179.35 W, 29, 120 MHz, 3996 MHz, 0 %, 0 %
2026/09/20 10:40:47.585, 4, 183.37 W, 36, 120 MHz, 3996 MHz, 0 %, 0 %
2026/09/20 10:40:47.585, 5, 179.58 W, 33, 120 MHz, 3996 MHz, 0 %, 0 %
2026/09/20 10:40:47.585, 6, 180.17 W, 29, 120 MHz, 3996 MHz, 0 %, 0 %
2026/09/20 10:40:47.585, 7, 182.38 W, 30, 120 MHz, 3996 MHz, 0 %, 0 %
2026/09/20 10:40:48.585, 0, 179.58 W, 34, 120 MHz, 3996 MHz, 0 %, 0 %
2026/09/20 10:40:48.585, 1, 181.58 W, 36, 120 MHz, 3996 MHz, 0 %, 0 %
2026/09/20 10:40:48.585, 2, 177.52 W, 30, 120 MHz, 3996 MHz, 0 %, 0 %
2026/09/20 10:40:48.585, 3, 179.35 W, 29, 120 MHz, 3996 MHz, 0 %, 0 %
2026/09/20 10:40:48.585, 4, 183.37 W, 36, 120 MHz, 3996 MHz, 0 %, 0 %
2026/09/20 10:40:48.586, 5, 179.58 W, 33, 120 MHz, 3996 MHz, 0 %, 0 %
2026/09/20 10:40:48.586, 6, 180.17 W, 29, 120 MHz, 3996 MHz, 0 %, 0 %
2026/09/20 10:40:48.586, 7, 182.33 W, 30, 120 MHz, 3996 MHz, 0 %, 0 %
2026/09/20 10:40:49.586, 0, 179.58 W, 34, 120 MHz, 3996 MHz, 0 %, 0 %
2026/09/20 10:40:49.586, 1, 181.56 W, 36, 120 MHz, 3996 MHz, 0 %, 0 %
2026/09/20 10:40:49.586, 2, 177.52 W, 30, 120 MHz, 3996 MHz, 0 %, 0 %
2026/09/20 10:40:49.586, 3, 179.35 W, 29, 120 MHz, 3996 MHz, 0 %, 0 %
2026/09/20 10:40:49.586, 4, 183.37 W, 35, 120 MHz, 3996 MHz, 0 %, 0 %
2026/09/20 10:40:49.586, 5, 179.57 W, 33, 120 MHz, 3996 MHz, 0 %, 0 %
2026/09/20 10:40:49.586, 6, 180.17 W, 29, 120 MHz, 3996 MHz, 0 %, 0 %
2026/09/20 10:40:49.586, 7, 182.36 W, 30, 120 MHz, 3996 MHz, 0 %, 0 %
2026/09/20 10:40:50.586, 0, 179.58 W, 34, 120 MHz, 3996 MHz, 0 %, 0 %
2026/09/20 10:40:50.586, 1, 181.58 W, 36, 120 MHz, 3996 MHz, 0 %, 0 %
2026/09/20 10:40:50.586, 2, 177.52 W, 30, 120 MHz, 3996 MHz, 0 %, 0 %
2026/09/20 10:40:50.586, 3, 179.35 W, 29, 120 MHz, 3996 MHz, 0 %, 0 %
2026/09/20 10:40:50.586, 4, 183.37 W, 35, 120 MHz, 3996 MHz, 0 %, 0 %
2026/09/20 10:40:50.586, 5, 179.57 W, 33, 120 MHz, 3996 MHz, 0 %, 0 %
2026/09/20 10:40:50.586, 6, 180.17 W, 29, 120 MHz, 3996 MHz, 0 %, 0 %
2026/09/20 10:40:50.586, 7, 182.20 W, 30, 120 MHz, 3996 MHz, 0 %, 0 %
2026/09/20 10:40:51.586, 0, 179.58 W, 34, 120 MHz, 3996 MHz, 0 %, 0 %
2026/09/20 10:40:51.586, 1, 181.57 W, 36, 120 MHz, 3996 MHz, 0 %, 0 %
2026/09/20 10:40:51.586, 2, 177.52 W, 30, 120 MHz, 3996 MHz, 0 %, 0 %
2026/09/20 10:40:51.586, 3, 179.35 W, 29, 120 MHz, 3996 MHz, 0 %, 0 %
2026/09/20 10:40:51.586, 4, 183.37 W, 35, 120 MHz, 3996 MHz, 0 %, 0 %
2026/09/20 10:40:51.586, 5, 179.57 W, 33, 120 MHz, 3996 MHz, 0 %, 0 %
2026/09/20 10:40:51.586, 6, 180.17 W, 29, 120 MHz, 3996 MHz, 0 %, 0 %
2026/09/20 10:40:51.586, 7, 182.29 W, 30, 120 MHz, 3996 MHz, 0 %, 0 %
2026/09/20 10:40:52.586, 0, 179.58 W, 34, 120 MHz, 3996 MHz, 0 %, 0 %
2026/09/20 10:40:52.587, 1, 181.56 W, 36, 120 MHz, 3996 MHz, 0 %, 0 %
2026/09/20 10:40:52.587, 2, 177.52 W, 30, 120 MHz, 3996 MHz, 0 %, 0 %
2026/09/20 10:40:52.587, 3, 179.35 W, 29, 120 MHz, 3996 MHz, 0 %, 0 %
2026/09/20 10:40:52.587, 4, 183.37 W, 35, 120 MHz, 3996 MHz, 0 %, 0 %
2026/09/20 10:40:52.587, 5, 179.58 W, 33, 120 MHz, 3996 MHz, 0 %, 0 %
2026/09/20 10:40:52.587, 6, 180.17 W, 29, 120 MHz, 3996 MHz, 0 %, 0 %
2026/09/20 10:40:52.587, 7, 182.18 W, 30, 120 MHz, 3996 MHz, 0 %, 0 %
2026/09/20 10:40:53.587, 0, 179.58 W, 34, 120 MHz, 3996 MHz, 0 %, 0 %
2026/09/20 10:40:53.587, 1, 181.58 W, 36, 120 MHz, 3996 MHz, 0 %, 0 %
2026/09/20 10:40:53.587, 2, 177.52 W, 30, 120 MHz, 3996 MHz, 0 %, 0 %
2026/09/20 10:40:53.587, 3, 179.35 W, 29, 120 MHz, 3996 MHz, 0 %, 0 %
2026/09/20 10:40:53.587, 4, 183.37 W, 35, 120 MHz, 3996 MHz, 0 %, 0 %
2026/09/20 10:40:53.587, 5, 179.58 W, 33, 120 MHz, 3996 MHz, 0 %, 0 %
2026/09/20 10:40:53.587, 6, 180.17 W, 29, 120 MHz, 3996 MHz, 0 %, 0 %
2026/09/20 10:40:53.587, 7, 182.20 W, 30, 120 MHz, 3996 MHz, 0 %, 0 %
2026/09/20 10:40:54.587, 0, 179.58 W, 34, 120 MHz, 3996 MHz, 0 %, 0 %
2026/09/20 10:40:54.587, 1, 181.57 W, 36, 120 MHz, 3996 MHz, 0 %, 0 %
2026/09/20 10:40:54.587, 2, 177.51 W, 30, 120 MHz, 3996 MHz, 0 %, 0 %
2026/09/20 10:40:54.587, 3, 179.35 W, 29, 120 MHz, 3996 MHz, 0 %, 0 %
2026/09/20 10:40:54.587, 4, 183.37 W, 35, 120 MHz, 3996 MHz, 0 %, 0 %
2026/09/20 10:40:54.587, 5, 179.57 W, 33, 120 MHz, 3996 MHz, 0 %, 0 %
2026/09/20 10:40:54.587, 6, 180.17 W, 29, 120 MHz, 3996 MHz, 0 %, 0 %
2026/09/20 10:40:54.587, 7, 182.32 W, 30, 120 MHz, 3996 MHz, 0 %, 0 %
2026/09/20 10:40:55.587, 0, 179.58 W, 34, 120 MHz, 3996 MHz, 0 %, 0 %
2026/09/20 10:40:55.587, 1, 181.55 W, 36, 120 MHz, 3996 MHz, 0 %, 0 %
2026/09/20 10:40:55.587, 2, 177.52 W, 30, 120 MHz, 3996 MHz, 0 %, 0 %
2026/09/20 10:40:55.587, 3, 179.35 W, 29, 120 MHz, 3996 MHz, 0 %, 0 %
2026/09/20 10:40:55.587, 4, 183.37 W, 35, 120 MHz, 3996 MHz, 0 %, 0 %
2026/09/20 10:40:55.587, 5, 179.58 W, 33, 120 MHz, 3996 MHz, 0 %, 0 %
2026/09/20 10:40:55.587, 6, 180.17 W, 29, 120 MHz, 3996 MHz, 0 %, 0 %
2026/09/20 10:40:55.587, 7, 182.30 W, 30, 120 MHz, 3996 MHz, 0 %, 0 %
2026/09/20 10:40:56.588, 0, 179.58 W, 34, 120 MHz, 3996 MHz, 0 %, 0 %
2026/09/20 10:40:56.588, 1, 181.54 W, 36, 120 MHz, 3996 MHz, 0 %, 0 %
2026/09/20 10:40:56.588, 2, 177.52 W, 30, 120 MHz, 3996 MHz, 0 %, 0 %
2026/09/20 10:40:56.588, 3, 179.35 W, 29, 120 MHz, 3996 MHz, 0 %, 0 %
2026/09/20 10:40:56.588, 4, 183.37 W, 35, 120 MHz, 3996 MHz, 0 %, 0 %
2026/09/20 10:40:56.588, 5, 179.57 W, 33, 120 MHz, 3996 MHz, 0 %, 0 %
2026/09/20 10:40:56.588, 6, 180.17 W, 29, 120 MHz, 3996 MHz, 0 %, 0 %
2026/09/20 10:40:56.588, 7, 182.23 W, 30, 120 MHz, 3996 MHz, 0 %, 0 %
2026/09/20 10:40:57.588, 0, 179.62 W, 34, 120 MHz, 3996 MHz, 0 %, 0 %
2026/09/20 10:40:57.588, 1, 181.55 W, 36, 120 MHz, 3996 MHz, 0 %, 0 %
2026/09/20 10:40:57.588, 2, 177.51 W, 30, 120 MHz, 3996 MHz, 0 %, 0 %
2026/09/20 10:40:57.588, 3, 179.35 W, 29, 120 MHz, 3996 MHz, 0 %, 0 %
2026/09/20 10:40:57.588, 4, 183.37 W, 35, 120 MHz, 3996 MHz, 0 %, 0 %
2026/09/20 10:40:57.588, 5, 179.57 W, 33, 120 MHz, 3996 MHz, 0 %, 0 %
2026/09/20 10:40:57.588, 6, 180.17 W, 29, 120 MHz, 3996 MHz, 0 %, 0 %
2026/09/20 10:40:57.588, 7, 182.22 W, 30, 120 MHz, 3996 MHz, 0 %, 0 %
2026/09/20 10:40:58.588, 0, 179.85 W, 34, 120 MHz, 3996 MHz, 0 %, 0 %
2026/09/20 10:40:58.588, 1, 181.55 W, 36, 120 MHz, 3996 MHz, 0 %, 0 %
2026/09/20 10:40:58.588, 2, 177.94 W, 30, 120 MHz, 3996 MHz, 0 %, 0 %
2026/09/20 10:40:58.588, 3, 179.35 W, 29, 120 MHz, 3996 MHz, 0 %, 0 %
2026/09/20 10:40:58.588, 4, 183.37 W, 35, 120 MHz, 3996 MHz, 0 %, 0 %
2026/09/20 10:40:58.588, 5, 179.58 W, 33, 120 MHz, 3996 MHz, 0 %, 0 %
2026/09/20 10:40:58.588, 6, 180.17 W, 29, 120 MHz, 3996 MHz, 0 %, 0 %
2026/09/20 10:40:58.588, 7, 182.21 W, 30, 120 MHz, 3996 MHz, 0 %, 0 %
2026/09/20 10:40:59.589, 0, 179.58 W, 34, 120 MHz, 3996 MHz, 0 %, 0 %
2026/09/20 10:40:59.589, 1, 181.54 W, 36, 120 MHz, 3996 MHz, 0 %, 0 %
2026/09/20 10:40:59.589, 2, 177.67 W, 30, 120 MHz, 3996 MHz, 0 %, 0 %
2026/09/20 10:40:59.589, 3, 179.34 W, 29, 120 MHz, 3996 MHz, 0 %, 0 %
2026/09/20 10:40:59.589, 4, 183.37 W, 35, 120 MHz, 3996 MHz, 0 %, 0 %
2026/09/20 10:40:59.589, 5, 179.58 W, 33, 120 MHz, 3996 MHz, 0 %, 0 %
2026/09/20 10:40:59.589, 6, 180.17 W, 29, 120 MHz, 3996 MHz, 0 %, 0 %
2026/09/20 10:40:59.589, 7, 182.18 W, 29, 120 MHz, 3996 MHz, 0 %, 0 %
2026/09/20 10:41:00.589, 0, 179.58 W, 34, 120 MHz, 3996 MHz, 0 %, 0 %
2026/09/20 10:41:00.589, 1, 181.54 W, 36, 120 MHz, 3996 MHz, 0 %, 0 %
2026/09/20 10:41:00.589, 2, 177.52 W, 30, 120 MHz, 3996 MHz, 0 %, 0 %
2026/09/20 10:41:00.589, 3, 179.35 W, 29, 120 MHz, 3996 MHz, 0 %, 0 %
2026/09/20 10:41:00.589, 4, 183.37 W, 35, 120 MHz, 3996 MHz, 0 %, 0 %
2026/09/20 10:41:00.589, 5, 179.57 W, 33, 120 MHz, 3996 MHz, 0 %, 0 %
2026/09/20 10:41:00.589, 6, 180.17 W, 29, 120 MHz, 3996 MHz, 0 %, 0 %
2026/09/20 10:41:00.589, 7, 182.28 W, 30, 120 MHz, 3996 MHz, 0 %, 0 %
2026/09/20 10:41:01.589, 0, 179.58 W, 34, 120 MHz, 3996 MHz, 0 %, 0 %
2026/09/20 10:41:01.589, 1, 181.55 W, 36, 120 MHz, 3996 MHz, 0 %, 0 %
2026/09/20 10:41:01.589, 2, 177.51 W, 30, 120 MHz, 3996 MHz, 0 %, 0 %
2026/09/20 10:41:01.589, 3, 179.35 W, 29, 120 MHz, 3996 MHz, 0 %, 0 %
2026/09/20 10:41:01.589, 4, 183.37 W, 35, 120 MHz, 3996 MHz, 0 %, 0 %
2026/09/20 10:41:01.589, 5, 179.57 W, 33, 120 MHz, 3996 MHz, 0 %, 0 %
2026/09/20 10:41:01.589, 6, 180.17 W, 29, 120 MHz, 3996 MHz, 0 %, 0 %
2026/09/20 10:41:01.589, 7, 182.19 W, 30, 120 MHz, 3996 MHz, 0 %, 0 %
2026/09/20 10:41:02.589, 0, 179.62 W, 34, 120 MHz, 3996 MHz, 0 %, 0 %
2026/09/20 10:41:02.589, 1, 181.56 W, 36, 120 MHz, 3996 MHz, 0 %, 0 %
2026/09/20 10:41:02.589, 2, 177.52 W, 30, 120 MHz, 3996 MHz, 0 %, 0 %
2026/09/20 10:41:02.589, 3, 179.35 W, 29, 120 MHz, 3996 MHz, 0 %, 0 %
2026/09/20 10:41:02.589, 4, 183.37 W, 35, 120 MHz, 3996 MHz, 0 %, 0 %
2026/09/20 10:41:02.589, 5, 179.55 W, 33, 120 MHz, 3996 MHz, 0 %, 0 %
2026/09/20 10:41:02.589, 6, 180.17 W, 29, 120 MHz, 3996 MHz, 0 %, 0 %
2026/09/20 10:41:02.589, 7, 182.20 W, 29, 120 MHz, 3996 MHz, 0 %, 0 %
2026/09/20 10:41:03.590, 0, 179.66 W, 34, 120 MHz, 3996 MHz, 0 %, 0 %
2026/09/20 10:41:03.590, 1, 181.54 W, 36, 120 MHz, 3996 MHz, 0 %, 0 %
2026/09/20 10:41:03.590, 2, 177.52 W, 30, 120 MHz, 3996 MHz, 0 %, 0 %
2026/09/20 10:41:03.590, 3, 179.35 W, 29, 120 MHz, 3996 MHz, 0 %, 0 %
2026/09/20 10:41:03.590, 4, 183.37 W, 35, 120 MHz, 3996 MHz, 0 %, 0 %
2026/09/20 10:41:03.590, 5, 179.57 W, 33, 120 MHz, 3996 MHz, 0 %, 0 %
2026/09/20 10:41:03.590, 6, 180.17 W, 29, 120 MHz, 3996 MHz, 0 %, 0 %
2026/09/20 10:41:03.590, 7, 182.19 W, 30, 120 MHz, 3996 MHz, 0 %, 0 %
2026/09/20 10:41:04.590, 0, 179.70 W, 34, 120 MHz, 3996 MHz, 0 %, 0 %
2026/09/20 10:41:04.590, 1, 181.54 W, 36, 120 MHz, 3996 MHz, 0 %, 0 %
2026/09/20 10:41:04.590, 2, 177.52 W, 30, 120 MHz, 3996 MHz, 0 %, 0 %
2026/09/20 10:41:04.590, 3, 179.35 W, 29, 120 MHz, 3996 MHz, 0 %, 0 %
2026/09/20 10:41:04.590, 4, 183.37 W, 35, 120 MHz, 3996 MHz, 0 %, 0 %
2026/09/20 10:41:04.590, 5, 179.57 W, 33, 120 MHz, 3996 MHz, 0 %, 0 %
2026/09/20 10:41:04.590, 6, 180.17 W, 29, 120 MHz, 3996 MHz, 0 %, 0 %
2026/09/20 10:41:04.590, 7, 182.18 W, 30, 120 MHz, 3996 MHz, 0 %, 0 %
2026/09/20 10:41:05.590, 0, 179.62 W, 34, 120 MHz, 3996 MHz, 0 %, 0 %
2026/09/20 10:41:05.590, 1, 181.54 W, 36, 120 MHz, 3996 MHz, 0 %, 0 %
2026/09/20 10:41:05.590, 2, 177.51 W, 30, 120 MHz, 3996 MHz, 0 %, 0 %
2026/09/20 10:41:05.590, 3, 179.35 W, 29, 120 MHz, 3996 MHz, 0 %, 0 %
2026/09/20 10:41:05.590, 4, 183.37 W, 35, 120 MHz, 3996 MHz, 0 %, 0 %
2026/09/20 10:41:05.590, 5, 179.56 W, 33, 120 MHz, 3996 MHz, 0 %, 0 %
2026/09/20 10:41:05.590, 6, 180.17 W, 29, 120 MHz, 3996 MHz, 0 %, 0 %
2026/09/20 10:41:05.590, 7, 182.17 W, 29, 120 MHz, 3996 MHz, 0 %, 0 %
2026/09/20 10:41:06.590, 0, 179.62 W, 34, 120 MHz, 3996 MHz, 0 %, 0 %
2026/09/20 10:41:06.590, 1, 181.56 W, 36, 120 MHz, 3996 MHz, 0 %, 0 %
2026/09/20 10:41:06.590, 2, 177.52 W, 30, 120 MHz, 3996 MHz, 0 %, 0 %
2026/09/20 10:41:06.590, 3, 179.34 W, 29, 120 MHz, 3996 MHz, 0 %, 0 %
2026/09/20 10:41:06.591, 4, 183.37 W, 35, 120 MHz, 3996 MHz, 0 %, 0 %
2026/09/20 10:41:06.591, 5, 179.58 W, 33, 120 MHz, 3996 MHz, 0 %, 0 %
2026/09/20 10:41:06.591, 6, 180.17 W, 29, 120 MHz, 3996 MHz, 0 %, 0 %
2026/09/20 10:41:06.591, 7, 182.17 W, 30, 120 MHz, 3996 MHz, 0 %, 0 %
2026/09/20 10:41:07.591, 0, 179.58 W, 34, 120 MHz, 3996 MHz, 0 %, 0 %
2026/09/20 10:41:07.591, 1, 181.56 W, 36, 120 MHz, 3996 MHz, 0 %, 0 %
2026/09/20 10:41:07.591, 2, 177.51 W, 30, 120 MHz, 3996 MHz, 0 %, 0 %
2026/09/20 10:41:07.591, 3, 179.35 W, 29, 120 MHz, 3996 MHz, 0 %, 0 %
2026/09/20 10:41:07.591, 4, 183.37 W, 35, 120 MHz, 3996 MHz, 0 %, 0 %
2026/09/20 10:41:07.591, 5, 179.58 W, 33, 120 MHz, 3996 MHz, 0 %, 0 %
2026/09/20 10:41:07.591, 6, 180.17 W, 29, 120 MHz, 3996 MHz, 0 %, 0 %
2026/09/20 10:41:07.591, 7, 182.15 W, 30, 120 MHz, 3996 MHz, 0 %, 0 %
2026/09/20 10:41:08.591, 0, 179.58 W, 34, 120 MHz, 3996 MHz, 0 %, 0 %
2026/09/20 10:41:08.591, 1, 181.55 W, 36, 120 MHz, 3996 MHz, 0 %, 0 %
2026/09/20 10:41:08.591, 2, 177.51 W, 30, 120 MHz, 3996 MHz, 0 %, 0 %
2026/09/20 10:41:08.591, 3, 179.35 W, 29, 120 MHz, 3996 MHz, 0 %, 0 %
2026/09/20 10:41:08.591, 4, 183.37 W, 35, 120 MHz, 3996 MHz, 0 %, 0 %
2026/09/20 10:41:08.591, 5, 179.57 W, 33, 120 MHz, 3996 MHz, 0 %, 0 %
2026/09/20 10:41:08.591, 6, 180.17 W, 29, 120 MHz, 3996 MHz, 0 %, 0 %
2026/09/20 10:41:08.591, 7, 182.16 W, 30, 120 MHz, 3996 MHz, 0 %, 0 %
2026/09/20 10:41:09.591, 0, 179.58 W, 34, 120 MHz, 3996 MHz, 0 %, 0 %
2026/09/20 10:41:09.591, 1, 181.55 W, 36, 120 MHz, 3996 MHz, 0 %, 0 %
2026/09/20 10:41:09.591, 2, 177.52 W, 30, 120 MHz, 3996 MHz, 0 %, 0 %
2026/09/20 10:41:09.591, 3, 179.35 W, 29, 120 MHz, 3996 MHz, 0 %, 0 %
2026/09/20 10:41:09.591, 4, 183.37 W, 35, 120 MHz, 3996 MHz, 0 %, 0 %
2026/09/20 10:41:09.591, 5, 179.56 W, 33, 120 MHz, 3996 MHz, 0 %, 0 %
2026/09/20 10:41:09.591, 6, 180.17 W, 29, 120 MHz, 3996 MHz, 0 %, 0 %
2026/09/20 10:41:09.591, 7, 182.17 W, 30, 120 MHz, 3996 MHz, 0 %, 0 %
2026/09/20 10:41:10.592, 0, 179.62 W, 34, 120 MHz, 3996 MHz, 0 %, 0 %
2026/09/20 10:41:10.592, 1, 181.54 W, 36, 120 MHz, 3996 MHz, 0 %, 0 %
2026/09/20 10:41:10.592, 2, 177.52 W, 30, 120 MHz, 3996 MHz, 0 %, 0 %
2026/09/20 10:41:10.592, 3, 179.35 W, 29, 120 MHz, 3996 MHz, 0 %, 0 %
2026/09/20 10:41:10.592, 4, 183.37 W, 35, 120 MHz, 3996 MHz, 0 %, 0 %
2026/09/20 10:41:10.592, 5, 179.56 W, 33, 120 MHz, 3996 MHz, 0 %, 0 %
2026/09/20 10:41:10.592, 6, 180.17 W, 29, 120 MHz, 3996 MHz, 0 %, 0 %
2026/09/20 10:41:10.592, 7, 182.15 W, 30, 120 MHz, 3996 MHz, 0 %, 0 %
2026/09/20 10:41:11.592, 0, 179.58 W, 34, 120 MHz, 3996 MHz, 0 %, 0 %
2026/09/20 10:41:11.592, 1, 181.54 W, 36, 120 MHz, 3996 MHz, 0 %, 0 %
2026/09/20 10:41:11.592, 2, 177.52 W, 30, 120 MHz, 3996 MHz, 0 %, 0 %
2026/09/20 10:41:11.592, 3, 179.35 W, 29, 120 MHz, 3996 MHz, 0 %, 0 %
2026/09/20 10:41:11.592, 4, 183.37 W, 35, 120 MHz, 3996 MHz, 0 %, 0 %
2026/09/20 10:41:11.592, 5, 179.55 W, 33, 120 MHz, 3996 MHz, 0 %, 0 %
2026/09/20 10:41:11.592, 6, 180.17 W, 29, 120 MHz, 3996 MHz, 0 %, 0 %
2026/09/20 10:41:11.592, 7, 182.22 W, 30, 120 MHz, 3996 MHz, 0 %, 0 %
2026/09/20 10:41:12.592, 0, 179.62 W, 34, 120 MHz, 3996 MHz, 0 %, 0 %
2026/09/20 10:41:12.592, 1, 181.54 W, 36, 120 MHz, 3996 MHz, 0 %, 0 %
2026/09/20 10:41:12.592, 2, 177.52 W, 30, 120 MHz, 3996 MHz, 0 %, 0 %
2026/09/20 10:41:12.592, 3, 179.35 W, 29, 120 MHz, 3996 MHz, 0 %, 0 %
2026/09/20 10:41:12.592, 4, 183.37 W, 35, 120 MHz, 3996 MHz, 0 %, 0 %
2026/09/20 10:41:12.592, 5, 179.57 W, 33, 120 MHz, 3996 MHz, 0 %, 0 %
2026/09/20 10:41:12.592, 6, 180.17 W, 29, 120 MHz, 3996 MHz, 0 %, 0 %
2026/09/20 10:41:12.592, 7, 182.18 W, 30, 120 MHz, 3996 MHz, 0 %, 0 %
2026/09/20 10:41:13.592, 0, 179.62 W, 34, 120 MHz, 3996 MHz, 0 %, 0 %
2026/09/20 10:41:13.592, 1, 181.54 W, 36, 120 MHz, 3996 MHz, 0 %, 0 %
2026/09/20 10:41:13.592, 2, 177.52 W, 30, 120 MHz, 3996 MHz, 0 %, 0 %
2026/09/20 10:41:13.592, 3, 179.35 W, 29, 120 MHz, 3996 MHz, 0 %, 0 %
2026/09/20 10:41:13.592, 4, 183.37 W, 35, 120 MHz, 3996 MHz, 0 %, 0 %
2026/09/20 10:41:13.592, 5, 179.55 W, 33, 120 MHz, 3996 MHz, 0 %, 0 %
2026/09/20 10:41:13.593, 6, 180.17 W, 29, 120 MHz, 3996 MHz, 0 %, 0 %
2026/09/20 10:41:13.593, 7, 182.18 W, 30, 120 MHz, 3996 MHz, 0 %, 0 %
2026/09/20 10:41:14.593, 0, 179.58 W, 34, 120 MHz, 3996 MHz, 0 %, 0 %
2026/09/20 10:41:14.593, 1, 181.54 W, 36, 120 MHz, 3996 MHz, 0 %, 0 %
2026/09/20 10:41:14.593, 2, 177.52 W, 30, 120 MHz, 3996 MHz, 0 %, 0 %
2026/09/20 10:41:14.593, 3, 179.35 W, 29, 120 MHz, 3996 MHz, 0 %, 0 %
2026/09/20 10:41:14.593, 4, 183.37 W, 35, 120 MHz, 3996 MHz, 0 %, 0 %
2026/09/20 10:41:14.593, 5, 179.56 W, 33, 120 MHz, 3996 MHz, 0 %, 0 %
2026/09/20 10:41:14.593, 6, 180.17 W, 29, 120 MHz, 3996 MHz, 0 %, 0 %
2026/09/20 10:41:14.593, 7, 182.24 W, 30, 120 MHz, 3996 MHz, 0 %, 0 %
2026/09/20 10:41:15.593, 0, 179.58 W, 34, 120 MHz, 3996 MHz, 0 %, 0 %
2026/09/20 10:41:15.593, 1, 181.54 W, 36, 120 MHz, 3996 MHz, 0 %, 0 %
2026/09/20 10:41:15.593, 2, 177.52 W, 30, 120 MHz, 3996 MHz, 0 %, 0 %
2026/09/20 10:41:15.593, 3, 179.35 W, 29, 120 MHz, 3996 MHz, 0 %, 0 %
2026/09/20 10:41:15.593, 4, 183.37 W, 35, 120 MHz, 3996 MHz, 0 %, 0 %
2026/09/20 10:41:15.593, 5, 179.56 W, 33, 120 MHz, 3996 MHz, 0 %, 0 %
2026/09/20 10:41:15.593, 6, 180.17 W, 29, 120 MHz, 3996 MHz, 0 %, 0 %
2026/09/20 10:41:15.593, 7, 182.17 W, 30, 120 MHz, 3996 MHz, 0 %, 0 %
2026/09/20 10:41:16.593, 0, 179.58 W, 34, 120 MHz, 3996 MHz, 0 %, 0 %
2026/09/20 10:41:16.593, 1, 181.55 W, 36, 120 MHz, 3996 MHz, 0 %, 0 %
2026/09/20 10:41:16.593, 2, 177.52 W, 30, 120 MHz, 3996 MHz, 0 %, 0 %
2026/09/20 10:41:16.593, 3, 179.34 W, 29, 120 MHz, 3996 MHz, 0 %, 0 %
2026/09/20 10:41:16.593, 4, 183.37 W, 35, 120 MHz, 3996 MHz, 0 %, 0 %
2026/09/20 10:41:16.593, 5, 179.57 W, 33, 120 MHz, 3996 MHz, 0 %, 0 %
2026/09/20 10:41:16.593, 6, 180.17 W, 29, 120 MHz, 3996 MHz, 0 %, 0 %
2026/09/20 10:41:16.593, 7, 182.18 W, 30, 120 MHz, 3996 MHz, 0 %, 0 %
2026/09/20 10:41:17.593, 0, 179.62 W, 34, 120 MHz, 3996 MHz, 0 %, 0 %
2026/09/20 10:41:17.593, 1, 181.54 W, 36, 120 MHz, 3996 MHz, 0 %, 0 %
2026/09/20 10:41:17.593, 2, 177.51 W, 30, 120 MHz, 3996 MHz, 0 %, 0 %
2026/09/20 10:41:17.593, 3, 179.35 W, 29, 120 MHz, 3996 MHz, 0 %, 0 %
2026/09/20 10:41:17.593, 4, 183.37 W, 35, 120 MHz, 3996 MHz, 0 %, 0 %
2026/09/20 10:41:17.594, 5, 179.56 W, 33, 120 MHz, 3996 MHz, 0 %, 0 %
2026/09/20 10:41:17.594, 6, 180.17 W, 29, 120 MHz, 3996 MHz, 0 %, 0 %
2026/09/20 10:41:17.594, 7, 182.18 W, 30, 120 MHz, 3996 MHz, 0 %, 0 %
2026/09/20 10:41:18.594, 0, 179.58 W, 34, 120 MHz, 3996 MHz, 0 %, 0 %
2026/09/20 10:41:18.594, 1, 181.54 W, 36, 120 MHz, 3996 MHz, 0 %, 0 %
2026/09/20 10:41:18.594, 2, 177.52 W, 30, 120 MHz, 3996 MHz, 0 %, 0 %
2026/09/20 10:41:18.594, 3, 179.35 W, 29, 120 MHz, 3996 MHz, 0 %, 0 %
2026/09/20 10:41:18.594, 4, 183.37 W, 35, 120 MHz, 3996 MHz, 0 %, 0 %
2026/09/20 10:41:18.594, 5, 179.57 W, 33, 120 MHz, 3996 MHz, 0 %, 0 %
2026/09/20 10:41:18.594, 6, 180.17 W, 29, 120 MHz, 3996 MHz, 0 %, 0 %
2026/09/20 10:41:18.594, 7, 182.16 W, 30, 120 MHz, 3996 MHz, 0 %, 0 %
2026/09/20 10:41:19.594, 0, 179.62 W, 34, 120 MHz, 3996 MHz, 0 %, 0 %
2026/09/20 10:41:19.594, 1, 181.54 W, 36, 120 MHz, 3996 MHz, 0 %, 0 %
2026/09/20 10:41:19.594, 2, 177.52 W, 30, 120 MHz, 3996 MHz, 0 %, 0 %
2026/09/20 10:41:19.594, 3, 179.35 W, 29, 120 MHz, 3996 MHz, 0 %, 0 %
2026/09/20 10:41:19.594, 4, 183.37 W, 35, 120 MHz, 3996 MHz, 0 %, 0 %
2026/09/20 10:41:19.594, 5, 179.57 W, 33, 120 MHz, 3996 MHz, 0 %, 0 %
2026/09/20 10:41:19.594, 6, 180.17 W, 29, 120 MHz, 3996 MHz, 0 %, 0 %
2026/09/20 10:41:19.594, 7, 182.16 W, 30, 120 MHz, 3996 MHz, 0 %, 0 %
2026/09/20 10:41:20.594, 0, 179.58 W, 34, 120 MHz, 3996 MHz, 0 %, 0 %
2026/09/20 10:41:20.594, 1, 181.54 W, 36, 120 MHz, 3996 MHz, 0 %, 0 %
2026/09/20 10:41:20.594, 2, 177.51 W, 30, 120 MHz, 3996 MHz, 0 %, 0 %
2026/09/20 10:41:20.594, 3, 179.35 W, 29, 120 MHz, 3996 MHz, 0 %, 0 %
2026/09/20 10:41:20.594, 4, 183.37 W, 35, 120 MHz, 3996 MHz, 0 %, 0 %
2026/09/20 10:41:20.594, 5, 179.57 W, 33, 120 MHz, 3996 MHz, 0 %, 0 %
2026/09/20 10:41:20.594, 6, 180.17 W, 29, 120 MHz, 3996 MHz, 0 %, 0 %
2026/09/20 10:41:20.594, 7, 182.14 W, 30, 120 MHz, 3996 MHz, 0 %, 0 %
2026/09/20 10:41:21.595, 0, 179.58 W, 34, 120 MHz, 3996 MHz, 0 %, 0 %
2026/09/20 10:41:21.595, 1, 181.54 W, 36, 120 MHz, 3996 MHz, 0 %, 0 %
2026/09/20 10:41:21.595, 2, 177.51 W, 30, 120 MHz, 3996 MHz, 0 %, 0 %
2026/09/20 10:41:21.595, 3, 179.35 W, 29, 120 MHz, 3996 MHz, 0 %, 0 %
2026/09/20 10:41:21.595, 4, 183.37 W, 35, 120 MHz, 3996 MHz, 0 %, 0 %
2026/09/20 10:41:21.595, 5, 179.57 W, 33, 120 MHz, 3996 MHz, 0 %, 0 %
2026/09/20 10:41:21.595, 6, 180.17 W, 29, 120 MHz, 3996 MHz, 0 %, 0 %
2026/09/20 10:41:21.595, 7, 182.18 W, 30, 120 MHz, 3996 MHz, 0 %, 0 %
2026/09/20 10:41:22.596, 0, 179.58 W, 34, 120 MHz, 3996 MHz, 0 %, 0 %
2026/09/20 10:41:22.596, 1, 181.54 W, 36, 120 MHz, 3996 MHz, 0 %, 0 %
2026/09/20 10:41:22.596, 2, 177.52 W, 30, 120 MHz, 3996 MHz, 0 %, 0 %
2026/09/20 10:41:22.596, 3, 179.35 W, 29, 120 MHz, 3996 MHz, 0 %, 0 %
2026/09/20 10:41:22.597, 4, 183.37 W, 35, 120 MHz, 3996 MHz, 0 %, 0 %
2026/09/20 10:41:22.597, 5, 179.57 W, 33, 120 MHz, 3996 MHz, 0 %, 0 %
2026/09/20 10:41:22.597, 6, 180.17 W, 29, 120 MHz, 3996 MHz, 0 %, 0 %
2026/09/20 10:41:22.597, 7, 182.17 W, 30, 120 MHz, 3996 MHz, 0 %, 0 %
2026/09/20 10:41:23.597, 0, 179.57 W, 34, 120 MHz, 3996 MHz, 0 %, 0 %
2026/09/20 10:41:23.597, 1, 181.54 W, 36, 120 MHz, 3996 MHz, 0 %, 0 %
2026/09/20 10:41:23.597, 2, 177.52 W, 30, 120 MHz, 3996 MHz, 0 %, 0 %
2026/09/20 10:41:23.597, 3, 179.34 W, 29, 120 MHz, 3996 MHz, 0 %, 0 %
2026/09/20 10:41:23.597, 4, 183.37 W, 35, 120 MHz, 3996 MHz, 0 %, 0 %
2026/09/20 10:41:23.597, 5, 179.57 W, 33, 120 MHz, 3996 MHz, 0 %, 0 %
2026/09/20 10:41:23.597, 6, 180.17 W, 29, 120 MHz, 3996 MHz, 0 %, 0 %
2026/09/20 10:41:23.597, 7, 182.14 W, 30, 120 MHz, 3996 MHz, 0 %, 0 %
2026/09/20 10:41:24.597, 0, 179.58 W, 34, 120 MHz, 3996 MHz, 0 %, 0 %
2026/09/20 10:41:24.597, 1, 181.54 W, 36, 120 MHz, 3996 MHz, 0 %, 0 %
2026/09/20 10:41:24.597, 2, 177.51 W, 30, 120 MHz, 3996 MHz, 0 %, 0 %
2026/09/20 10:41:24.597, 3, 179.34 W, 29, 120 MHz, 3996 MHz, 0 %, 0 %
2026/09/20 10:41:24.597, 4, 183.37 W, 35, 120 MHz, 3996 MHz, 0 %, 0 %
2026/09/20 10:41:24.597, 5, 179.60 W, 33, 120 MHz, 3996 MHz, 0 %, 0 %
2026/09/20 10:41:24.597, 6, 180.17 W, 29, 120 MHz, 3996 MHz, 0 %, 0 %
2026/09/20 10:41:24.597, 7, 182.18 W, 29, 120 MHz, 3996 MHz, 0 %, 0 %
2026/09/20 10:41:25.597, 0, 179.76 W, 34, 120 MHz, 3996 MHz, 0 %, 0 %
2026/09/20 10:41:25.597, 1, 181.54 W, 36, 120 MHz, 3996 MHz, 0 %, 0 %
2026/09/20 10:41:25.597, 2, 177.52 W, 30, 120 MHz, 3996 MHz, 0 %, 0 %
2026/09/20 10:41:25.597, 3, 179.34 W, 29, 120 MHz, 3996 MHz, 0 %, 0 %
2026/09/20 10:41:25.597, 4, 183.37 W, 35, 120 MHz, 3996 MHz, 0 %, 0 %
2026/09/20 10:41:25.597, 5, 179.56 W, 33, 120 MHz, 3996 MHz, 0 %, 0 %
2026/09/20 10:41:25.597, 6, 180.17 W, 29, 120 MHz, 3996 MHz, 0 %, 0 %
2026/09/20 10:41:25.597, 7, 182.15 W, 29, 120 MHz, 3996 MHz, 0 %, 0 %
2026/09/20 10:41:26.598, 0, 179.86 W, 34, 120 MHz, 3996 MHz, 0 %, 0 %
2026/09/20 10:41:26.598, 1, 181.54 W, 36, 120 MHz, 3996 MHz, 0 %, 0 %
2026/09/20 10:41:26.598, 2, 177.67 W, 30, 120 MHz, 3996 MHz, 0 %, 0 %
2026/09/20 10:41:26.598, 3, 179.35 W, 29, 120 MHz, 3996 MHz, 0 %, 0 %
2026/09/20 10:41:26.598, 4, 183.37 W, 35, 120 MHz, 3996 MHz, 0 %, 0 %
2026/09/20 10:41:26.598, 5, 179.56 W, 33, 120 MHz, 3996 MHz, 0 %, 0 %
2026/09/20 10:41:26.598, 6, 180.17 W, 29, 120 MHz, 3996 MHz, 0 %, 0 %
2026/09/20 10:41:26.598, 7, 182.18 W, 29, 120 MHz, 3996 MHz, 0 %, 0 %
2026/09/20 10:41:27.598, 0, 179.92 W, 34, 120 MHz, 3996 MHz, 0 %, 0 %
2026/09/20 10:41:27.598, 1, 181.54 W, 36, 120 MHz, 3996 MHz, 0 %, 0 %
2026/09/20 10:41:27.598, 2, 177.67 W, 30, 120 MHz, 3996 MHz, 0 %, 0 %
2026/09/20 10:41:27.598, 3, 179.35 W, 29, 120 MHz, 3996 MHz, 0 %, 0 %
2026/09/20 10:41:27.598, 4, 183.37 W, 35, 120 MHz, 3996 MHz, 0 %, 0 %
2026/09/20 10:41:27.598, 5, 179.56 W, 33, 120 MHz, 3996 MHz, 0 %, 0 %
2026/09/20 10:41:27.598, 6, 180.17 W, 29, 120 MHz, 3996 MHz, 0 %, 0 %
2026/09/20 10:41:27.598, 7, 182.50 W, 29, 120 MHz, 3996 MHz, 0 %, 0 %
2026/09/20 10:41:28.598, 0, 179.86 W, 34, 120 MHz, 3996 MHz, 0 %, 0 %
2026/09/20 10:41:28.598, 1, 181.54 W, 36, 120 MHz, 3996 MHz, 0 %, 0 %
2026/09/20 10:41:28.598, 2, 177.71 W, 30, 120 MHz, 3996 MHz, 0 %, 0 %
2026/09/20 10:41:28.598, 3, 179.35 W, 29, 120 MHz, 3996 MHz, 0 %, 0 %
2026/09/20 10:41:28.598, 4, 183.37 W, 35, 120 MHz, 3996 MHz, 0 %, 0 %
2026/09/20 10:41:28.598, 5, 179.56 W, 33, 120 MHz, 3996 MHz, 0 %, 0 %
2026/09/20 10:41:28.598, 6, 180.17 W, 29, 120 MHz, 3996 MHz, 0 %, 0 %
2026/09/20 10:41:28.598, 7, 182.33 W, 29, 120 MHz, 3996 MHz, 0 %, 0 %
2026/09/20 10:41:29.598, 0, 180.19 W, 34, 120 MHz, 3996 MHz, 0 %, 0 %
2026/09/20 10:41:29.598, 1, 181.54 W, 36, 120 MHz, 3996 MHz, 0 %, 0 %
2026/09/20 10:41:29.598, 2, 178.09 W, 30, 120 MHz, 3996 MHz, 0 %, 0 %
2026/09/20 10:41:29.598, 3, 179.38 W, 29, 120 MHz, 3996 MHz, 0 %, 0 %
2026/09/20 10:41:29.598, 4, 183.37 W, 35, 120 MHz, 3996 MHz, 0 %, 0 %
2026/09/20 10:41:29.599, 5, 179.55 W, 33, 120 MHz, 3996 MHz, 0 %, 0 %
2026/09/20 10:41:29.599, 6, 180.17 W, 29, 120 MHz, 3996 MHz, 0 %, 0 %
2026/09/20 10:41:29.599, 7, 182.23 W, 29, 120 MHz, 3996 MHz, 0 %, 0 %
2026/09/20 10:41:30.599, 0, 180.24 W, 34, 120 MHz, 3996 MHz, 0 %, 0 %
2026/09/20 10:41:30.599, 1, 181.54 W, 36, 120 MHz, 3996 MHz, 0 %, 0 %
2026/09/20 10:41:30.599, 2, 178.06 W, 30, 120 MHz, 3996 MHz, 0 %, 0 %
2026/09/20 10:41:30.599, 3, 179.34 W, 29, 120 MHz, 3996 MHz, 0 %, 0 %
2026/09/20 10:41:30.599, 4, 183.37 W, 35, 120 MHz, 3996 MHz, 0 %, 0 %
2026/09/20 10:41:30.599, 5, 179.57 W, 33, 120 MHz, 3996 MHz, 0 %, 0 %
2026/09/20 10:41:30.599, 6, 180.17 W, 29, 120 MHz, 3996 MHz, 0 %, 0 %
2026/09/20 10:41:30.599, 7, 182.26 W, 29, 120 MHz, 3996 MHz, 0 %, 0 %
2026/09/20 10:41:31.599, 0, 180.43 W, 34, 120 MHz, 3996 MHz, 0 %, 0 %
2026/09/20 10:41:31.599, 1, 181.54 W, 36, 120 MHz, 3996 MHz, 0 %, 0 %
2026/09/20 10:41:31.599, 2, 177.75 W, 30, 120 MHz, 3996 MHz, 0 %, 0 %
2026/09/20 10:41:31.599, 3, 179.35 W, 29, 120 MHz, 3996 MHz, 0 %, 0 %
2026/09/20 10:41:31.599, 4, 183.37 W, 35, 120 MHz, 3996 MHz, 0 %, 0 %
2026/09/20 10:41:31.599, 5, 179.56 W, 33, 120 MHz, 3996 MHz, 0 %, 0 %
2026/09/20 10:41:31.599, 6, 180.17 W, 29, 120 MHz, 3996 MHz, 0 %, 0 %
2026/09/20 10:41:31.599, 7, 182.37 W, 29, 120 MHz, 3996 MHz, 0 %, 0 %
2026/09/20 10:41:32.599, 0, 180.32 W, 34, 120 MHz, 3996 MHz, 0 %, 0 %
2026/09/20 10:41:32.599, 1, 181.54 W, 36, 120 MHz, 3996 MHz, 0 %, 0 %
2026/09/20 10:41:32.599, 2, 178.33 W, 30, 120 MHz, 3996 MHz, 0 %, 0 %
2026/09/20 10:41:32.599, 3, 179.42 W, 29, 120 MHz, 3996 MHz, 0 %, 0 %
2026/09/20 10:41:32.599, 4, 183.37 W, 35, 120 MHz, 3996 MHz, 0 %, 0 %
2026/09/20 10:41:32.599, 5, 179.56 W, 33, 120 MHz, 3996 MHz, 0 %, 0 %
2026/09/20 10:41:32.599, 6, 180.17 W, 29, 120 MHz, 3996 MHz, 0 %, 0 %
2026/09/20 10:41:32.599, 7, 182.17 W, 29, 120 MHz, 3996 MHz, 0 %, 0 %
2026/09/20 10:41:33.599, 0, 180.97 W, 34, 120 MHz, 3996 MHz, 0 %, 0 %
2026/09/20 10:41:33.600, 1, 181.54 W, 36, 120 MHz, 3996 MHz, 0 %, 0 %
2026/09/20 10:41:33.600, 2, 178.51 W, 30, 120 MHz, 3996 MHz, 0 %, 0 %
2026/09/20 10:41:33.600, 3, 179.43 W, 29, 120 MHz, 3996 MHz, 0 %, 0 %
2026/09/20 10:41:33.600, 4, 183.37 W, 35, 120 MHz, 3996 MHz, 0 %, 0 %
2026/09/20 10:41:33.600, 5, 179.54 W, 33, 120 MHz, 3996 MHz, 0 %, 0 %
2026/09/20 10:41:33.600, 6, 180.17 W, 29, 120 MHz, 3996 MHz, 0 %, 0 %
2026/09/20 10:41:33.600, 7, 182.19 W, 29, 120 MHz, 3996 MHz, 0 %, 0 %
2026/09/20 10:41:34.600, 0, 180.52 W, 34, 120 MHz, 3996 MHz, 0 %, 0 %
2026/09/20 10:41:34.600, 1, 181.54 W, 36, 120 MHz, 3996 MHz, 0 %, 0 %
2026/09/20 10:41:34.600, 2, 178.55 W, 30, 120 MHz, 3996 MHz, 0 %, 0 %
2026/09/20 10:41:34.600, 3, 179.35 W, 29, 120 MHz, 3996 MHz, 0 %, 0 %
2026/09/20 10:41:34.600, 4, 183.37 W, 35, 120 MHz, 3996 MHz, 0 %, 0 %
2026/09/20 10:41:34.600, 5, 179.52 W, 33, 120 MHz, 3996 MHz, 0 %, 0 %
2026/09/20 10:41:34.600, 6, 180.17 W, 29, 120 MHz, 3996 MHz, 0 %, 0 %
2026/09/20 10:41:34.600, 7, 182.30 W, 29, 120 MHz, 3996 MHz, 0 %, 0 %
2026/09/20 10:41:35.600, 0, 180.76 W, 34, 120 MHz, 3996 MHz, 0 %, 0 %
2026/09/20 10:41:35.600, 1, 181.54 W, 36, 120 MHz, 3996 MHz, 0 %, 0 %
2026/09/20 10:41:35.600, 2, 178.30 W, 30, 120 MHz, 3996 MHz, 0 %, 0 %
2026/09/20 10:41:35.600, 3, 179.50 W, 29, 120 MHz, 3996 MHz, 0 %, 0 %
2026/09/20 10:41:35.600, 4, 183.37 W, 35, 120 MHz, 3996 MHz, 0 %, 0 %
2026/09/20 10:41:35.600, 5, 179.54 W, 33, 120 MHz, 3996 MHz, 0 %, 0 %
2026/09/20 10:41:35.600, 6, 180.17 W, 29, 120 MHz, 3996 MHz, 0 %, 0 %
2026/09/20 10:41:35.600, 7, 182.18 W, 29, 120 MHz, 3996 MHz, 0 %, 0 %
2026/09/20 10:41:36.600, 0, 180.69 W, 34, 120 MHz, 3996 MHz, 0 %, 0 %
2026/09/20 10:41:36.600, 1, 181.54 W, 36, 120 MHz, 3996 MHz, 0 %, 0 %
2026/09/20 10:41:36.600, 2, 178.61 W, 30, 120 MHz, 3996 MHz, 0 %, 0 %
2026/09/20 10:41:36.600, 3, 179.35 W, 29, 120 MHz, 3996 MHz, 0 %, 0 %
2026/09/20 10:41:36.600, 4, 183.37 W, 35, 120 MHz, 3996 MHz, 0 %, 0 %
2026/09/20 10:41:36.601, 5, 179.54 W, 33, 120 MHz, 3996 MHz, 0 %, 0 %
2026/09/20 10:41:36.601, 6, 180.17 W, 29, 120 MHz, 3996 MHz, 0 %, 0 %
2026/09/20 10:41:36.601, 7, 182.29 W, 29, 120 MHz, 3996 MHz, 0 %, 0 %
2026/09/20 10:41:37.601, 0, 180.53 W, 34, 120 MHz, 3996 MHz, 0 %, 0 %
2026/09/20 10:41:37.601, 1, 181.54 W, 36, 120 MHz, 3996 MHz, 0 %, 0 %
2026/09/20 10:41:37.601, 2, 178.55 W, 30, 120 MHz, 3996 MHz, 0 %, 0 %
2026/09/20 10:41:37.601, 3, 179.39 W, 29, 120 MHz, 3996 MHz, 0 %, 0 %
2026/09/20 10:41:37.601, 4, 183.37 W, 35, 120 MHz, 3996 MHz, 0 %, 0 %
2026/09/20 10:41:37.601, 5, 179.55 W, 33, 120 MHz, 3996 MHz, 0 %, 0 %
2026/09/20 10:41:37.601, 6, 180.17 W, 29, 120 MHz, 3996 MHz, 0 %, 0 %
2026/09/20 10:41:37.601, 7, 182.21 W, 29, 120 MHz, 3996 MHz, 0 %, 0 %
2026/09/20 10:41:38.601, 0, 180.63 W, 34, 120 MHz, 3996 MHz, 0 %, 0 %
2026/09/20 10:41:38.601, 1, 181.54 W, 36, 120 MHz, 3996 MHz, 0 %, 0 %
2026/09/20 10:41:38.601, 2, 178.45 W, 30, 120 MHz, 3996 MHz, 0 %, 0 %
2026/09/20 10:41:38.601, 3, 179.47 W, 29, 120 MHz, 3996 MHz, 0 %, 0 %
2026/09/20 10:41:38.601, 4, 183.37 W, 35, 120 MHz, 3996 MHz, 0 %, 0 %
2026/09/20 10:41:38.601, 5, 179.53 W, 33, 120 MHz, 3996 MHz, 0 %, 0 %
2026/09/20 10:41:38.601, 6, 180.17 W, 29, 120 MHz, 3996 MHz, 0 %, 0 %
2026/09/20 10:41:38.601, 7, 182.19 W, 29, 120 MHz, 3996 MHz, 0 %, 0 %
2026/09/20 10:41:39.601, 0, 180.19 W, 34, 120 MHz, 3996 MHz, 0 %, 0 %
2026/09/20 10:41:39.601, 1, 181.54 W, 36, 120 MHz, 3996 MHz, 0 %, 0 %
2026/09/20 10:41:39.601, 2, 178.55 W, 30, 120 MHz, 3996 MHz, 0 %, 0 %
2026/09/20 10:41:39.601, 3, 179.35 W, 29, 120 MHz, 3996 MHz, 0 %, 0 %
2026/09/20 10:41:39.601, 4, 183.36 W, 35, 120 MHz, 3996 MHz, 0 %, 0 %
2026/09/20 10:41:39.601, 5, 179.52 W, 33, 120 MHz, 3996 MHz, 0 %, 0 %
2026/09/20 10:41:39.601, 6, 180.17 W, 29, 120 MHz, 3996 MHz, 0 %, 0 %
2026/09/20 10:41:39.601, 7, 182.34 W, 29, 120 MHz, 3996 MHz, 0 %, 0 %
2026/09/20 10:41:40.601, 0, 180.69 W, 34, 120 MHz, 3996 MHz, 0 %, 0 %
2026/09/20 10:41:40.602, 1, 181.54 W, 36, 120 MHz, 3996 MHz, 0 %, 0 %
2026/09/20 10:41:40.602, 2, 178.49 W, 30, 120 MHz, 3996 MHz, 0 %, 0 %
2026/09/20 10:41:40.602, 3, 179.38 W, 29, 120 MHz, 3996 MHz, 0 %, 0 %
2026/09/20 10:41:40.602, 4, 183.37 W, 35, 120 MHz, 3996 MHz, 0 %, 0 %
2026/09/20 10:41:40.602, 5, 179.53 W, 33, 120 MHz, 3996 MHz, 0 %, 0 %
2026/09/20 10:41:40.602, 6, 180.17 W, 29, 120 MHz, 3996 MHz, 0 %, 0 %
2026/09/20 10:41:40.602, 7, 182.26 W, 29, 120 MHz, 3996 MHz, 0 %, 0 %
2026/09/20 10:41:41.602, 0, 180.61 W, 34, 120 MHz, 3996 MHz, 0 %, 0 %
2026/09/20 10:41:41.602, 1, 181.54 W, 36, 120 MHz, 3996 MHz, 0 %, 0 %
2026/09/20 10:41:41.602, 2, 178.36 W, 30, 120 MHz, 3996 MHz, 0 %, 0 %
2026/09/20 10:41:41.602, 3, 179.46 W, 29, 120 MHz, 3996 MHz, 0 %, 0 %
2026/09/20 10:41:41.602, 4, 183.37 W, 35, 120 MHz, 3996 MHz, 0 %, 0 %
2026/09/20 10:41:41.602, 5, 179.53 W, 33, 120 MHz, 3996 MHz, 0 %, 0 %
2026/09/20 10:41:41.602, 6, 180.17 W, 29, 120 MHz, 3996 MHz, 0 %, 0 %
2026/09/20 10:41:41.602, 7, 182.38 W, 29, 120 MHz, 3996 MHz, 0 %, 0 %
2026/09/20 10:41:42.602, 0, 180.48 W, 34, 120 MHz, 3996 MHz, 0 %, 0 %
2026/09/20 10:41:42.602, 1, 181.54 W, 36, 120 MHz, 3996 MHz, 0 %, 0 %
2026/09/20 10:41:42.602, 2, 178.68 W, 30, 120 MHz, 3996 MHz, 0 %, 0 %
2026/09/20 10:41:42.602, 3, 179.38 W, 29, 120 MHz, 3996 MHz, 0 %, 0 %
2026/09/20 10:41:42.602, 4, 183.37 W, 35, 120 MHz, 3996 MHz, 0 %, 0 %
2026/09/20 10:41:42.602, 5, 179.54 W, 33, 120 MHz, 3996 MHz, 0 %, 0 %
2026/09/20 10:41:42.602, 6, 180.17 W, 29, 120 MHz, 3996 MHz, 0 %, 0 %
2026/09/20 10:41:42.602, 7, 182.30 W, 29, 120 MHz, 3996 MHz, 0 %, 0 %
2026/09/20 10:41:43.602, 0, 180.61 W, 34, 120 MHz, 3996 MHz, 0 %, 0 %
2026/09/20 10:41:43.602, 1, 181.54 W, 36, 120 MHz, 3996 MHz, 0 %, 0 %
2026/09/20 10:41:43.602, 2, 178.51 W, 30, 120 MHz, 3996 MHz, 0 %, 0 %
2026/09/20 10:41:43.602, 3, 179.46 W, 29, 120 MHz, 3996 MHz, 0 %, 0 %
2026/09/20 10:41:43.602, 4, 183.37 W, 35, 120 MHz, 3996 MHz, 0 %, 0 %
2026/09/20 10:41:43.602, 5, 179.50 W, 33, 120 MHz, 3996 MHz, 0 %, 0 %
2026/09/20 10:41:43.603, 6, 180.17 W, 29, 120 MHz, 3996 MHz, 0 %, 0 %
2026/09/20 10:41:43.603, 7, 182.34 W, 29, 120 MHz, 3996 MHz, 0 %, 0 %
2026/09/20 10:41:44.603, 0, 180.32 W, 34, 120 MHz, 3996 MHz, 0 %, 0 %
2026/09/20 10:41:44.603, 1, 181.54 W, 36, 120 MHz, 3996 MHz, 0 %, 0 %
2026/09/20 10:41:44.603, 2, 178.47 W, 30, 120 MHz, 3996 MHz, 0 %, 0 %
2026/09/20 10:41:44.603, 3, 179.42 W, 29, 120 MHz, 3996 MHz, 0 %, 0 %
2026/09/20 10:41:44.603, 4, 183.37 W, 35, 120 MHz, 3996 MHz, 0 %, 0 %
2026/09/20 10:41:44.603, 5, 179.52 W, 33, 120 MHz, 3996 MHz, 0 %, 0 %
2026/09/20 10:41:44.603, 6, 180.17 W, 29, 120 MHz, 3996 MHz, 0 %, 0 %
2026/09/20 10:41:44.603, 7, 182.26 W, 29, 120 MHz, 3996 MHz, 0 %, 0 %
2026/09/20 10:41:45.603, 0, 180.11 W, 34, 120 MHz, 3996 MHz, 0 %, 0 %
2026/09/20 10:41:45.603, 1, 181.54 W, 36, 120 MHz, 3996 MHz, 0 %, 0 %
2026/09/20 10:41:45.603, 2, 178.40 W, 30, 120 MHz, 3996 MHz, 0 %, 0 %
2026/09/20 10:41:45.603, 3, 179.50 W, 29, 120 MHz, 3996 MHz, 0 %, 0 %
2026/09/20 10:41:45.603, 4, 183.37 W, 35, 120 MHz, 3996 MHz, 0 %, 0 %
2026/09/20 10:41:45.603, 5, 179.53 W, 33, 120 MHz, 3996 MHz, 0 %, 0 %
2026/09/20 10:41:45.603, 6, 180.17 W, 29, 120 MHz, 3996 MHz, 0 %, 0 %
2026/09/20 10:41:45.603, 7, 182.26 W, 29, 120 MHz, 3996 MHz, 0 %, 0 %
2026/09/20 10:41:46.603, 0, 180.35 W, 34, 120 MHz, 3996 MHz, 0 %, 0 %
2026/09/20 10:41:46.603, 1, 181.54 W, 36, 120 MHz, 3996 MHz, 0 %, 0 %
2026/09/20 10:41:46.603, 2, 178.43 W, 30, 120 MHz, 3996 MHz, 0 %, 0 %
2026/09/20 10:41:46.603, 3, 179.46 W, 29, 120 MHz, 3996 MHz, 0 %, 0 %
2026/09/20 10:41:46.603, 4, 183.37 W, 35, 120 MHz, 3996 MHz, 0 %, 0 %
2026/09/20 10:41:46.603, 5, 179.53 W, 33, 120 MHz, 3996 MHz, 0 %, 0 %
2026/09/20 10:41:46.603, 6, 180.17 W, 29, 120 MHz, 3996 MHz, 0 %, 0 %
2026/09/20 10:41:46.603, 7, 182.19 W, 29, 120 MHz, 3996 MHz, 0 %, 0 %
2026/09/20 10:41:47.603, 0, 180.68 W, 34, 120 MHz, 3996 MHz, 0 %, 0 %
2026/09/20 10:41:47.603, 1, 181.54 W, 36, 120 MHz, 3996 MHz, 0 %, 0 %
2026/09/20 10:41:47.603, 2, 178.72 W, 30, 120 MHz, 3996 MHz, 0 %, 0 %
2026/09/20 10:41:47.603, 3, 179.42 W, 29, 120 MHz, 3996 MHz, 0 %, 0 %
2026/09/20 10:41:47.603, 4, 183.37 W, 35, 120 MHz, 3996 MHz, 0 %, 0 %
2026/09/20 10:41:47.603, 5, 179.56 W, 33, 120 MHz, 3996 MHz, 0 %, 0 %
2026/09/20 10:41:47.604, 6, 180.17 W, 29, 120 MHz, 3996 MHz, 0 %, 0 %
2026/09/20 10:41:47.604, 7, 182.37 W, 29, 120 MHz, 3996 MHz, 0 %, 0 %
2026/09/20 10:41:48.604, 0, 180.75 W, 34, 120 MHz, 3996 MHz, 0 %, 0 %
2026/09/20 10:41:48.604, 1, 181.54 W, 36, 120 MHz, 3996 MHz, 0 %, 0 %
2026/09/20 10:41:48.604, 2, 178.51 W, 30, 120 MHz, 3996 MHz, 0 %, 0 %
2026/09/20 10:41:48.604, 3, 179.54 W, 29, 120 MHz, 3996 MHz, 0 %, 0 %
2026/09/20 10:41:48.604, 4, 183.37 W, 35, 120 MHz, 3996 MHz, 0 %, 0 %
2026/09/20 10:41:48.604, 5, 179.52 W, 33, 120 MHz, 3996 MHz, 0 %, 0 %
2026/09/20 10:41:48.604, 6, 180.17 W, 29, 120 MHz, 3996 MHz, 0 %, 0 %
2026/09/20 10:41:48.604, 7, 182.27 W, 29, 120 MHz, 3996 MHz, 0 %, 0 %
2026/09/20 10:41:49.604, 0, 180.96 W, 34, 120 MHz, 3996 MHz, 0 %, 0 %
2026/09/20 10:41:49.604, 1, 181.54 W, 36, 120 MHz, 3996 MHz, 0 %, 0 %
2026/09/20 10:41:49.604, 2, 178.88 W, 30, 120 MHz, 3996 MHz, 0 %, 0 %
2026/09/20 10:41:49.604, 3, 179.54 W, 29, 120 MHz, 3996 MHz, 0 %, 0 %
2026/09/20 10:41:49.604, 4, 183.35 W, 35, 120 MHz, 3996 MHz, 0 %, 0 %
2026/09/20 10:41:49.604, 5, 179.48 W, 33, 120 MHz, 3996 MHz, 0 %, 0 %
2026/09/20 10:41:49.604, 6, 180.17 W, 29, 120 MHz, 3996 MHz, 0 %, 0 %
2026/09/20 10:41:49.604, 7, 182.30 W, 29, 120 MHz, 3996 MHz, 0 %, 0 %
2026/09/20 10:41:50.604, 0, 180.93 W, 34, 120 MHz, 3996 MHz, 0 %, 0 %
2026/09/20 10:41:50.604, 1, 181.54 W, 36, 120 MHz, 3996 MHz, 0 %, 0 %
2026/09/20 10:41:50.604, 2, 179.12 W, 30, 120 MHz, 3996 MHz, 0 %, 0 %
2026/09/20 10:41:50.604, 3, 179.54 W, 29, 120 MHz, 3996 MHz, 0 %, 0 %
2026/09/20 10:41:50.604, 4, 183.36 W, 35, 120 MHz, 3996 MHz, 0 %, 0 %
2026/09/20 10:41:50.604, 5, 179.51 W, 33, 120 MHz, 3996 MHz, 0 %, 0 %
2026/09/20 10:41:50.604, 6, 180.17 W, 29, 120 MHz, 3996 MHz, 0 %, 0 %
2026/09/20 10:41:50.604, 7, 182.34 W, 29, 120 MHz, 3996 MHz, 0 %, 0 %
2026/09/20 10:41:51.604, 0, 181.14 W, 34, 120 MHz, 3996 MHz, 0 %, 0 %
2026/09/20 10:41:51.604, 1, 181.54 W, 36, 120 MHz, 3996 MHz, 0 %, 0 %
2026/09/20 10:41:51.604, 2, 179.15 W, 30, 120 MHz, 3996 MHz, 0 %, 0 %
2026/09/20 10:41:51.604, 3, 179.39 W, 29, 120 MHz, 3996 MHz, 0 %, 0 %
2026/09/20 10:41:51.604, 4, 183.36 W, 35, 120 MHz, 3996 MHz, 0 %, 0 %
2026/09/20 10:41:51.604, 5, 179.53 W, 33, 120 MHz, 3996 MHz, 0 %, 0 %
2026/09/20 10:41:51.604, 6, 180.17 W, 29, 120 MHz, 3996 MHz, 0 %, 0 %
2026/09/20 10:41:51.604, 7, 182.26 W, 29, 120 MHz, 3996 MHz, 0 %, 0 %
2026/09/20 10:41:52.604, 0, 181.34 W, 34, 120 MHz, 3996 MHz, 0 %, 0 %
2026/09/20 10:41:52.604, 1, 181.54 W, 36, 120 MHz, 3996 MHz, 0 %, 0 %
2026/09/20 10:41:52.605, 2, 179.19 W, 30, 120 MHz, 3996 MHz, 0 %, 0 %
2026/09/20 10:41:52.605, 3, 179.77 W, 29, 120 MHz, 3996 MHz, 0 %, 0 %
2026/09/20 10:41:52.605, 4, 183.37 W, 35, 120 MHz, 3996 MHz, 0 %, 0 %
2026/09/20 10:41:52.605, 5, 179.55 W, 33, 120 MHz, 3996 MHz, 0 %, 0 %
2026/09/20 10:41:52.605, 6, 180.17 W, 29, 120 MHz, 3996 MHz, 0 %, 0 %
2026/09/20 10:41:52.605, 7, 182.50 W, 29, 120 MHz, 3996 MHz, 0 %, 0 %
2026/09/20 10:41:53.605, 0, 181.08 W, 34, 120 MHz, 3996 MHz, 0 %, 0 %
2026/09/20 10:41:53.605, 1, 181.54 W, 36, 120 MHz, 3996 MHz, 0 %, 0 %
2026/09/20 10:41:53.605, 2, 179.23 W, 30, 120 MHz, 3996 MHz, 0 %, 0 %
2026/09/20 10:41:53.605, 3, 179.58 W, 29, 120 MHz, 3996 MHz, 0 %, 0 %
2026/09/20 10:41:53.605, 4, 183.35 W, 35, 120 MHz, 3996 MHz, 0 %, 0 %
2026/09/20 10:41:53.605, 5, 179.48 W, 33, 120 MHz, 3996 MHz, 0 %, 0 %
2026/09/20 10:41:53.605, 6, 180.17 W, 29, 120 MHz, 3996 MHz, 0 %, 0 %
2026/09/20 10:41:53.605, 7, 182.18 W, 29, 120 MHz, 3996 MHz, 0 %, 0 %
2026/09/20 10:41:54.605, 0, 181.09 W, 34, 120 MHz, 3996 MHz, 0 %, 0 %
2026/09/20 10:41:54.605, 1, 181.54 W, 36, 120 MHz, 3996 MHz, 0 %, 0 %
2026/09/20 10:41:54.605, 2, 179.12 W, 30, 120 MHz, 3996 MHz, 0 %, 0 %
2026/09/20 10:41:54.605, 3, 179.58 W, 29, 120 MHz, 3996 MHz, 0 %, 0 %
2026/09/20 10:41:54.605, 4, 183.36 W, 35, 120 MHz, 3996 MHz, 0 %, 0 %
2026/09/20 10:41:54.605, 5, 179.50 W, 33, 120 MHz, 3996 MHz, 0 %, 0 %
2026/09/20 10:41:54.605, 6, 180.17 W, 29, 120 MHz, 3996 MHz, 0 %, 0 %
2026/09/20 10:41:54.605, 7, 182.22 W, 29, 120 MHz, 3996 MHz, 0 %, 0 %
2026/09/20 10:41:55.605, 0, 181.02 W, 34, 120 MHz, 3996 MHz, 0 %, 0 %
2026/09/20 10:41:55.605, 1, 181.54 W, 36, 120 MHz, 3996 MHz, 0 %, 0 %
2026/09/20 10:41:55.605, 2, 179.00 W, 29, 120 MHz, 3996 MHz, 0 %, 0 %
2026/09/20 10:41:55.605, 3, 179.65 W, 29, 120 MHz, 3996 MHz, 0 %, 0 %
2026/09/20 10:41:55.605, 4, 183.36 W, 35, 120 MHz, 3996 MHz, 0 %, 0 %
2026/09/20 10:41:55.605, 5, 179.50 W, 33, 120 MHz, 3996 MHz, 0 %, 0 %
2026/09/20 10:41:55.605, 6, 180.17 W, 29, 120 MHz, 3996 MHz, 0 %, 0 %
2026/09/20 10:41:55.605, 7, 182.25 W, 29, 120 MHz, 3996 MHz, 0 %, 0 %
2026/09/20 10:41:56.605, 0, 181.11 W, 34, 120 MHz, 3996 MHz, 0 %, 0 %
2026/09/20 10:41:56.605, 1, 181.54 W, 36, 120 MHz, 3996 MHz, 0 %, 0 %
2026/09/20 10:41:56.605, 2, 179.03 W, 29, 120 MHz, 3996 MHz, 0 %, 0 %
2026/09/20 10:41:56.605, 3, 179.65 W, 29, 120 MHz, 3996 MHz, 0 %, 0 %
2026/09/20 10:41:56.605, 4, 183.36 W, 35, 120 MHz, 3996 MHz, 0 %, 0 %
2026/09/20 10:41:56.605, 5, 179.51 W, 33, 120 MHz, 3996 MHz, 0 %, 0 %
2026/09/20 10:41:56.605, 6, 180.17 W, 29, 120 MHz, 3996 MHz, 0 %, 0 %
2026/09/20 10:41:56.605, 7, 182.30 W, 29, 120 MHz, 3996 MHz, 0 %, 0 %
2026/09/20 10:41:57.606, 0, 181.23 W, 34, 120 MHz, 3996 MHz, 0 %, 0 %
2026/09/20 10:41:57.606, 1, 181.54 W, 36, 120 MHz, 3996 MHz, 0 %, 0 %
2026/09/20 10:41:57.606, 2, 179.16 W, 29, 120 MHz, 3996 MHz, 0 %, 0 %
2026/09/20 10:41:57.606, 3, 179.54 W, 29, 120 MHz, 3996 MHz, 0 %, 0 %
2026/09/20 10:41:57.606, 4, 183.37 W, 35, 120 MHz, 3996 MHz, 0 %, 0 %
2026/09/20 10:41:57.606, 5, 179.50 W, 33, 120 MHz, 3996 MHz, 0 %, 0 %
2026/09/20 10:41:57.606, 6, 180.17 W, 29, 120 MHz, 3996 MHz, 0 %, 0 %
2026/09/20 10:41:57.606, 7, 182.27 W, 29, 120 MHz, 3996 MHz, 0 %, 0 %
2026/09/20 10:41:58.606, 0, 180.88 W, 34, 120 MHz, 3996 MHz, 0 %, 0 %
2026/09/20 10:41:58.606, 1, 181.54 W, 36, 120 MHz, 3996 MHz, 0 %, 0 %
2026/09/20 10:41:58.606, 2, 179.08 W, 29, 120 MHz, 3996 MHz, 0 %, 0 %
2026/09/20 10:41:58.606, 3, 179.66 W, 29, 120 MHz, 3996 MHz, 0 %, 0 %
2026/09/20 10:41:58.606, 4, 183.37 W, 35, 120 MHz, 3996 MHz, 0 %, 0 %
2026/09/20 10:41:58.606, 5, 179.50 W, 33, 120 MHz, 3996 MHz, 0 %, 0 %
2026/09/20 10:41:58.606, 6, 180.17 W, 29, 120 MHz, 3996 MHz, 0 %, 0 %
2026/09/20 10:41:58.606, 7, 182.42 W, 29, 120 MHz, 3996 MHz, 0 %, 0 %
2026/09/20 10:41:59.606, 0, 181.00 W, 34, 120 MHz, 3996 MHz, 0 %, 0 %
2026/09/20 10:41:59.606, 1, 181.54 W, 36, 120 MHz, 3996 MHz, 0 %, 0 %
2026/09/20 10:41:59.606, 2, 179.19 W, 29, 120 MHz, 3996 MHz, 0 %, 0 %
2026/09/20 10:41:59.606, 3, 179.62 W, 29, 120 MHz, 3996 MHz, 0 %, 0 %
2026/09/20 10:41:59.606, 4, 183.37 W, 35, 120 MHz, 3996 MHz, 0 %, 0 %
2026/09/20 10:41:59.606, 5, 179.55 W, 33, 120 MHz, 3996 MHz, 0 %, 0 %
2026/09/20 10:41:59.606, 6, 180.17 W, 29, 120 MHz, 3996 MHz, 0 %, 0 %
2026/09/20 10:41:59.606, 7, 182.37 W, 29, 120 MHz, 3996 MHz, 0 %, 0 %
2026/09/20 10:42:00.606, 0, 181.12 W, 34, 120 MHz, 3996 MHz, 0 %, 0 %
2026/09/20 10:42:00.606, 1, 181.54 W, 36, 120 MHz, 3996 MHz, 0 %, 0 %
2026/09/20 10:42:00.606, 2, 179.27 W, 29, 120 MHz, 3996 MHz, 0 %, 0 %
2026/09/20 10:42:00.606, 3, 179.50 W, 29, 120 MHz, 3996 MHz, 0 %, 0 %
2026/09/20 10:42:00.606, 4, 183.36 W, 35, 120 MHz, 3996 MHz, 0 %, 0 %
2026/09/20 10:42:00.606, 5, 179.51 W, 33, 120 MHz, 3996 MHz, 0 %, 0 %
2026/09/20 10:42:00.606, 6, 180.17 W, 29, 120 MHz, 3996 MHz, 0 %, 0 %
2026/09/20 10:42:00.606, 7, 182.46 W, 29, 120 MHz, 3996 MHz, 0 %, 0 %
2026/09/20 10:42:01.606, 0, 181.19 W, 34, 120 MHz, 3996 MHz, 0 %, 0 %
2026/09/20 10:42:01.606, 1, 181.54 W, 36, 120 MHz, 3996 MHz, 0 %, 0 %
2026/09/20 10:42:01.606, 2, 179.19 W, 29, 120 MHz, 3996 MHz, 0 %, 0 %
2026/09/20 10:42:01.606, 3, 179.58 W, 29, 120 MHz, 3996 MHz, 0 %, 0 %
2026/09/20 10:42:01.606, 4, 183.37 W, 35, 120 MHz, 3996 MHz, 0 %, 0 %
2026/09/20 10:42:01.606, 5, 179.51 W, 33, 120 MHz, 3996 MHz, 0 %, 0 %
2026/09/20 10:42:01.606, 6, 180.17 W, 29, 120 MHz, 3996 MHz, 0 %, 0 %
2026/09/20 10:42:01.606, 7, 182.19 W, 29, 120 MHz, 3996 MHz, 0 %, 0 %
2026/09/20 10:42:02.607, 0, 181.03 W, 34, 120 MHz, 3996 MHz, 0 %, 0 %
2026/09/20 10:42:02.607, 1, 181.54 W, 35, 120 MHz, 3996 MHz, 0 %, 0 %
2026/09/20 10:42:02.607, 2, 179.19 W, 29, 120 MHz, 3996 MHz, 0 %, 0 %
2026/09/20 10:42:02.607, 3, 179.70 W, 29, 120 MHz, 3996 MHz, 0 %, 0 %
2026/09/20 10:42:02.607, 4, 183.36 W, 35, 120 MHz, 3996 MHz, 0 %, 0 %
2026/09/20 10:42:02.607, 5, 179.51 W, 33, 120 MHz, 3996 MHz, 0 %, 0 %
2026/09/20 10:42:02.607, 6, 180.17 W, 29, 120 MHz, 3996 MHz, 0 %, 0 %
2026/09/20 10:42:02.607, 7, 182.18 W, 29, 120 MHz, 3996 MHz, 0 %, 0 %
2026/09/20 10:42:03.607, 0, 181.06 W, 34, 120 MHz, 3996 MHz, 0 %, 0 %
2026/09/20 10:42:03.607, 1, 181.54 W, 35, 120 MHz, 3996 MHz, 0 %, 0 %
2026/09/20 10:42:03.607, 2, 178.85 W, 29, 120 MHz, 3996 MHz, 0 %, 0 %
2026/09/20 10:42:03.607, 3, 179.46 W, 29, 120 MHz, 3996 MHz, 0 %, 0 %
2026/09/20 10:42:03.607, 4, 183.36 W, 35, 120 MHz, 3996 MHz, 0 %, 0 %
2026/09/20 10:42:03.607, 5, 179.52 W, 33, 120 MHz, 3996 MHz, 0 %, 0 %
2026/09/20 10:42:03.607, 6, 180.17 W, 29, 120 MHz, 3996 MHz, 0 %, 0 %
2026/09/20 10:42:03.607, 7, 182.33 W, 29, 120 MHz, 3996 MHz, 0 %, 0 %
2026/09/20 10:42:04.607, 0, 181.18 W, 34, 120 MHz, 3996 MHz, 0 %, 0 %
2026/09/20 10:42:04.607, 1, 181.54 W, 35, 120 MHz, 3996 MHz, 0 %, 0 %
2026/09/20 10:42:04.607, 2, 179.04 W, 29, 120 MHz, 3996 MHz, 0 %, 0 %
2026/09/20 10:42:04.607, 3, 179.50 W, 29, 120 MHz, 3996 MHz, 0 %, 0 %
2026/09/20 10:42:04.607, 4, 183.36 W, 35, 120 MHz, 3996 MHz, 0 %, 0 %
2026/09/20 10:42:04.607, 5, 179.51 W, 33, 120 MHz, 3996 MHz, 0 %, 0 %
2026/09/20 10:42:04.607, 6, 180.17 W, 29, 120 MHz, 3996 MHz, 0 %, 0 %
2026/09/20 10:42:04.607, 7, 182.18 W, 29, 120 MHz, 3996 MHz, 0 %, 0 %
2026/09/20 10:42:05.607, 0, 181.09 W, 34, 120 MHz, 3996 MHz, 0 %, 0 %
2026/09/20 10:42:05.607, 1, 181.54 W, 35, 120 MHz, 3996 MHz, 0 %, 0 %
2026/09/20 10:42:05.607, 2, 179.08 W, 29, 120 MHz, 3996 MHz, 0 %, 0 %
2026/09/20 10:42:05.607, 3, 179.58 W, 29, 120 MHz, 3996 MHz, 0 %, 0 %
2026/09/20 10:42:05.607, 4, 183.37 W, 35, 120 MHz, 3996 MHz, 0 %, 0 %
2026/09/20 10:42:05.607, 5, 179.51 W, 33, 120 MHz, 3996 MHz, 0 %, 0 %
2026/09/20 10:42:05.607, 6, 180.17 W, 29, 120 MHz, 3996 MHz, 0 %, 0 %
2026/09/20 10:42:05.607, 7, 182.25 W, 29, 120 MHz, 3996 MHz, 0 %, 0 %
2026/09/20 10:42:06.607, 0, 180.84 W, 34, 120 MHz, 3996 MHz, 0 %, 0 %
2026/09/20 10:42:06.607, 1, 181.54 W, 35, 120 MHz, 3996 MHz, 0 %, 0 %
2026/09/20 10:42:06.607, 2, 178.96 W, 29, 120 MHz, 3996 MHz, 0 %, 0 %
2026/09/20 10:42:06.607, 3, 198.96 W, 30, 2032 MHz, 3996 MHz, 1 %, 0 %
2026/09/20 10:42:06.607, 4, 183.33 W, 35, 120 MHz, 3996 MHz, 0 %, 0 %
2026/09/20 10:42:06.607, 5, 179.50 W, 33, 120 MHz, 3996 MHz, 0 %, 0 %
2026/09/20 10:42:06.607, 6, 180.17 W, 29, 120 MHz, 3996 MHz, 0 %, 0 %
2026/09/20 10:42:06.607, 7, 182.23 W, 29, 120 MHz, 3996 MHz, 0 %, 0 %
2026/09/20 10:42:07.608, 0, 209.31 W, 35, 2032 MHz, 3996 MHz, 0 %, 0 %
2026/09/20 10:42:07.608, 1, 181.47 W, 35, 120 MHz, 3996 MHz, 0 %, 0 %
2026/09/20 10:42:07.608, 2, 179.00 W, 29, 120 MHz, 3996 MHz, 0 %, 0 %
2026/09/20 10:42:07.608, 3, 229.84 W, 30, 2032 MHz, 3996 MHz, 0 %, 0 %
2026/09/20 10:42:07.608, 4, 183.37 W, 35, 120 MHz, 3996 MHz, 0 %, 0 %
2026/09/20 10:42:07.608, 5, 179.52 W, 33, 120 MHz, 3996 MHz, 0 %, 0 %
2026/09/20 10:42:07.608, 6, 180.17 W, 29, 120 MHz, 3996 MHz, 0 %, 0 %
2026/09/20 10:42:07.608, 7, 182.18 W, 29, 120 MHz, 3996 MHz, 0 %, 0 %
2026/09/20 10:42:08.608, 0, 231.02 W, 35, 2032 MHz, 3996 MHz, 0 %, 0 %
2026/09/20 10:42:08.608, 1, 181.42 W, 35, 120 MHz, 3996 MHz, 0 %, 0 %
2026/09/20 10:42:08.608, 2, 178.92 W, 29, 120 MHz, 3996 MHz, 0 %, 0 %
2026/09/20 10:42:08.608, 3, 229.85 W, 30, 2032 MHz, 3996 MHz, 0 %, 0 %
2026/09/20 10:42:08.608, 4, 183.37 W, 35, 120 MHz, 3996 MHz, 0 %, 0 %
2026/09/20 10:42:08.608, 5, 179.52 W, 33, 120 MHz, 3996 MHz, 0 %, 0 %
2026/09/20 10:42:08.608, 6, 180.17 W, 29, 120 MHz, 3996 MHz, 0 %, 0 %
2026/09/20 10:42:08.608, 7, 182.18 W, 29, 120 MHz, 3996 MHz, 0 %, 0 %
2026/09/20 10:42:09.608, 0, 231.26 W, 35, 2032 MHz, 3996 MHz, 0 %, 0 %
2026/09/20 10:42:09.608, 1, 181.42 W, 35, 120 MHz, 3996 MHz, 0 %, 0 %
2026/09/20 10:42:09.608, 2, 178.93 W, 29, 120 MHz, 3996 MHz, 0 %, 0 %
2026/09/20 10:42:09.608, 3, 229.80 W, 30, 2032 MHz, 3996 MHz, 0 %, 0 %
2026/09/20 10:42:09.608, 4, 183.36 W, 35, 120 MHz, 3996 MHz, 0 %, 0 %
2026/09/20 10:42:09.608, 5, 179.49 W, 33, 120 MHz, 3996 MHz, 0 %, 0 %
2026/09/20 10:42:09.608, 6, 180.17 W, 29, 120 MHz, 3996 MHz, 0 %, 0 %
2026/09/20 10:42:09.608, 7, 182.25 W, 29, 120 MHz, 3996 MHz, 0 %, 0 %
2026/09/20 10:42:10.608, 0, 230.46 W, 35, 2032 MHz, 3996 MHz, 0 %, 0 %
2026/09/20 10:42:10.608, 1, 181.42 W, 35, 120 MHz, 3996 MHz, 0 %, 0 %
2026/09/20 10:42:10.608, 2, 179.15 W, 29, 120 MHz, 3996 MHz, 0 %, 0 %
2026/09/20 10:42:10.608, 3, 229.61 W, 30, 2032 MHz, 3996 MHz, 0 %, 0 %
2026/09/20 10:42:10.608, 4, 183.37 W, 35, 120 MHz, 3996 MHz, 0 %, 0 %
2026/09/20 10:42:10.608, 5, 179.53 W, 33, 120 MHz, 3996 MHz, 0 %, 0 %
2026/09/20 10:42:10.608, 6, 180.17 W, 29, 120 MHz, 3996 MHz, 0 %, 0 %
2026/09/20 10:42:10.608, 7, 182.17 W, 29, 120 MHz, 3996 MHz, 0 %, 0 %
2026/09/20 10:42:11.608, 0, 230.76 W, 35, 2032 MHz, 3996 MHz, 0 %, 0 %
2026/09/20 10:42:11.608, 1, 181.42 W, 35, 120 MHz, 3996 MHz, 0 %, 0 %
2026/09/20 10:42:11.608, 2, 179.00 W, 29, 120 MHz, 3996 MHz, 0 %, 0 %
2026/09/20 10:42:11.608, 3, 229.80 W, 30, 2032 MHz, 3996 MHz, 0 %, 0 %
2026/09/20 10:42:11.608, 4, 183.35 W, 35, 120 MHz, 3996 MHz, 0 %, 0 %
2026/09/20 10:42:11.608, 5, 179.48 W, 33, 120 MHz, 3996 MHz, 0 %, 0 %
2026/09/20 10:42:11.608, 6, 180.17 W, 29, 120 MHz, 3996 MHz, 0 %, 0 %
2026/09/20 10:42:11.608, 7, 182.33 W, 29, 120 MHz, 3996 MHz, 0 %, 0 %
2026/09/20 10:42:12.609, 0, 231.12 W, 35, 2032 MHz, 3996 MHz, 0 %, 0 %
2026/09/20 10:42:12.609, 1, 181.42 W, 35, 120 MHz, 3996 MHz, 0 %, 0 %
2026/09/20 10:42:12.609, 2, 178.89 W, 29, 120 MHz, 3996 MHz, 0 %, 0 %
2026/09/20 10:42:12.609, 3, 229.85 W, 30, 2032 MHz, 3996 MHz, 0 %, 0 %
2026/09/20 10:42:12.609, 4, 183.36 W, 35, 120 MHz, 3996 MHz, 0 %, 0 %
2026/09/20 10:42:12.609, 5, 179.49 W, 33, 120 MHz, 3996 MHz, 0 %, 0 %
2026/09/20 10:42:12.609, 6, 180.17 W, 29, 120 MHz, 3996 MHz, 0 %, 0 %
2026/09/20 10:42:12.609, 7, 182.29 W, 29, 120 MHz, 3996 MHz, 0 %, 0 %
2026/09/20 10:42:13.609, 0, 231.14 W, 35, 2032 MHz, 3996 MHz, 0 %, 0 %
2026/09/20 10:42:13.609, 1, 181.42 W, 35, 120 MHz, 3996 MHz, 0 %, 0 %
2026/09/20 10:42:13.609, 2, 179.19 W, 29, 120 MHz, 3996 MHz, 0 %, 0 %
2026/09/20 10:42:13.609, 3, 229.86 W, 30, 2032 MHz, 3996 MHz, 0 %, 0 %
2026/09/20 10:42:13.609, 4, 183.36 W, 35, 120 MHz, 3996 MHz, 0 %, 0 %
2026/09/20 10:42:13.609, 5, 179.50 W, 33, 120 MHz, 3996 MHz, 0 %, 0 %
2026/09/20 10:42:13.609, 6, 180.17 W, 29, 120 MHz, 3996 MHz, 0 %, 0 %
2026/09/20 10:42:13.609, 7, 182.21 W, 29, 120 MHz, 3996 MHz, 0 %, 0 %
2026/09/20 10:42:14.609, 0, 231.52 W, 35, 2032 MHz, 3996 MHz, 0 %, 0 %
2026/09/20 10:42:14.609, 1, 181.42 W, 35, 120 MHz, 3996 MHz, 0 %, 0 %
2026/09/20 10:42:14.609, 2, 179.04 W, 29, 120 MHz, 3996 MHz, 0 %, 0 %
2026/09/20 10:42:14.609, 3, 229.87 W, 30, 2032 MHz, 3996 MHz, 0 %, 0 %
2026/09/20 10:42:14.609, 4, 183.36 W, 35, 120 MHz, 3996 MHz, 0 %, 0 %
2026/09/20 10:42:14.609, 5, 179.50 W, 33, 120 MHz, 3996 MHz, 0 %, 0 %
2026/09/20 10:42:14.609, 6, 180.17 W, 29, 120 MHz, 3996 MHz, 0 %, 0 %
2026/09/20 10:42:14.609, 7, 182.26 W, 29, 120 MHz, 3996 MHz, 0 %, 0 %
2026/09/20 10:42:15.609, 0, 231.64 W, 35, 2032 MHz, 3996 MHz, 0 %, 0 %
2026/09/20 10:42:15.609, 1, 181.42 W, 35, 120 MHz, 3996 MHz, 0 %, 0 %
2026/09/20 10:42:15.609, 2, 179.11 W, 29, 120 MHz, 3996 MHz, 0 %, 0 %
2026/09/20 10:42:15.609, 3, 229.85 W, 30, 2032 MHz, 3996 MHz, 0 %, 0 %
2026/09/20 10:42:15.609, 4, 183.37 W, 35, 120 MHz, 3996 MHz, 0 %, 0 %
2026/09/20 10:42:15.609, 5, 179.51 W, 33, 120 MHz, 3996 MHz, 0 %, 0 %
2026/09/20 10:42:15.609, 6, 180.17 W, 29, 120 MHz, 3996 MHz, 0 %, 0 %
2026/09/20 10:42:15.609, 7, 182.18 W, 29, 120 MHz, 3996 MHz, 0 %, 0 %
2026/09/20 10:42:16.609, 0, 231.67 W, 35, 2032 MHz, 3996 MHz, 0 %, 0 %
2026/09/20 10:42:16.609, 1, 181.42 W, 35, 120 MHz, 3996 MHz, 0 %, 0 %
2026/09/20 10:42:16.609, 2, 178.97 W, 29, 120 MHz, 3996 MHz, 0 %, 0 %
2026/09/20 10:42:16.609, 3, 229.87 W, 30, 2032 MHz, 3996 MHz, 0 %, 0 %
2026/09/20 10:42:16.609, 4, 183.36 W, 35, 120 MHz, 3996 MHz, 0 %, 0 %
2026/09/20 10:42:16.609, 5, 179.51 W, 33, 120 MHz, 3996 MHz, 0 %, 0 %
2026/09/20 10:42:16.609, 6, 180.17 W, 29, 120 MHz, 3996 MHz, 0 %, 0 %
2026/09/20 10:42:16.609, 7, 182.29 W, 29, 120 MHz, 3996 MHz, 0 %, 0 %
2026/09/20 10:42:17.610, 0, 231.90 W, 35, 2032 MHz, 3996 MHz, 0 %, 0 %
2026/09/20 10:42:17.610, 1, 181.42 W, 35, 120 MHz, 3996 MHz, 0 %, 0 %
2026/09/20 10:42:17.610, 2, 178.89 W, 29, 120 MHz, 3996 MHz, 0 %, 0 %
2026/09/20 10:42:17.610, 3, 229.94 W, 30, 2032 MHz, 3996 MHz, 0 %, 0 %
2026/09/20 10:42:17.610, 4, 183.36 W, 35, 120 MHz, 3996 MHz, 0 %, 0 %
2026/09/20 10:42:17.610, 5, 179.51 W, 33, 120 MHz, 3996 MHz, 0 %, 0 %
2026/09/20 10:42:17.610, 6, 180.17 W, 29, 120 MHz, 3996 MHz, 0 %, 0 %
2026/09/20 10:42:17.610, 7, 182.26 W, 29, 120 MHz, 3996 MHz, 0 %, 0 %
2026/09/20 10:42:18.610, 0, 231.94 W, 35, 2032 MHz, 3996 MHz, 0 %, 0 %
2026/09/20 10:42:18.610, 1, 181.42 W, 35, 120 MHz, 3996 MHz, 0 %, 0 %
2026/09/20 10:42:18.610, 2, 179.11 W, 29, 120 MHz, 3996 MHz, 0 %, 0 %
2026/09/20 10:42:18.610, 3, 229.96 W, 30, 2032 MHz, 3996 MHz, 0 %, 0 %
2026/09/20 10:42:18.610, 4, 183.34 W, 35, 120 MHz, 3996 MHz, 0 %, 0 %
2026/09/20 10:42:18.610, 5, 179.48 W, 33, 120 MHz, 3996 MHz, 0 %, 0 %
2026/09/20 10:42:18.610, 6, 180.17 W, 29, 120 MHz, 3996 MHz, 0 %, 0 %
2026/09/20 10:42:18.610, 7, 182.26 W, 29, 120 MHz, 3996 MHz, 0 %, 0 %
2026/09/20 10:42:19.610, 0, 231.90 W, 35, 2032 MHz, 3996 MHz, 0 %, 0 %
2026/09/20 10:42:19.610, 1, 181.42 W, 35, 120 MHz, 3996 MHz, 0 %, 0 %
2026/09/20 10:42:19.610, 2, 179.11 W, 29, 120 MHz, 3996 MHz, 0 %, 0 %
2026/09/20 10:42:19.610, 3, 229.91 W, 30, 2032 MHz, 3996 MHz, 0 %, 0 %
2026/09/20 10:42:19.610, 4, 183.35 W, 35, 120 MHz, 3996 MHz, 0 %, 0 %
2026/09/20 10:42:19.610, 5, 179.48 W, 33, 120 MHz, 3996 MHz, 0 %, 0 %
2026/09/20 10:42:19.610, 6, 180.17 W, 29, 120 MHz, 3996 MHz, 0 %, 0 %
2026/09/20 10:42:19.610, 7, 182.29 W, 29, 120 MHz, 3996 MHz, 0 %, 0 %
2026/09/20 10:42:20.610, 0, 231.94 W, 35, 2032 MHz, 3996 MHz, 0 %, 0 %
2026/09/20 10:42:20.610, 1, 181.42 W, 35, 120 MHz, 3996 MHz, 0 %, 0 %
2026/09/20 10:42:20.610, 2, 179.04 W, 29, 120 MHz, 3996 MHz, 0 %, 0 %
2026/09/20 10:42:20.610, 3, 230.03 W, 30, 2032 MHz, 3996 MHz, 0 %, 0 %
2026/09/20 10:42:20.610, 4, 183.37 W, 35, 120 MHz, 3996 MHz, 0 %, 0 %
2026/09/20 10:42:20.610, 5, 179.51 W, 33, 120 MHz, 3996 MHz, 0 %, 0 %
2026/09/20 10:42:20.610, 6, 180.17 W, 29, 120 MHz, 3996 MHz, 0 %, 0 %
2026/09/20 10:42:20.610, 7, 182.21 W, 29, 120 MHz, 3996 MHz, 0 %, 0 %
2026/09/20 10:42:21.610, 0, 231.97 W, 35, 2032 MHz, 3996 MHz, 0 %, 0 %
2026/09/20 10:42:21.610, 1, 185.80 W, 36, 2032 MHz, 3996 MHz, 0 %, 0 %
2026/09/20 10:42:21.610, 2, 186.28 W, 30, 2032 MHz, 3996 MHz, 0 %, 0 %
2026/09/20 10:42:21.610, 3, 230.15 W, 30, 2032 MHz, 3996 MHz, 0 %, 0 %
2026/09/20 10:42:21.610, 4, 183.35 W, 35, 120 MHz, 3996 MHz, 0 %, 0 %
2026/09/20 10:42:21.610, 5, 179.49 W, 33, 120 MHz, 3996 MHz, 0 %, 0 %
2026/09/20 10:42:21.610, 6, 180.17 W, 29, 120 MHz, 3996 MHz, 0 %, 0 %
2026/09/20 10:42:21.610, 7, 182.21 W, 29, 120 MHz, 3996 MHz, 0 %, 0 %
2026/09/20 10:42:22.611, 0, 231.83 W, 35, 2032 MHz, 3996 MHz, 0 %, 0 %
2026/09/20 10:42:22.611, 1, 234.32 W, 36, 2032 MHz, 3996 MHz, 4 %, 0 %
2026/09/20 10:42:22.611, 2, 225.99 W, 30, 2032 MHz, 3996 MHz, 9 %, 0 %
2026/09/20 10:42:22.611, 3, 229.80 W, 30, 2032 MHz, 3996 MHz, 0 %, 0 %
2026/09/20 10:42:22.611, 4, 183.34 W, 35, 120 MHz, 3996 MHz, 0 %, 0 %
2026/09/20 10:42:22.611, 5, 179.50 W, 33, 120 MHz, 3996 MHz, 0 %, 0 %
2026/09/20 10:42:22.611, 6, 180.17 W, 29, 120 MHz, 3996 MHz, 0 %, 0 %
2026/09/20 10:42:22.611, 7, 182.26 W, 29, 120 MHz, 3996 MHz, 0 %, 0 %
2026/09/20 10:42:23.611, 0, 231.87 W, 35, 2032 MHz, 3996 MHz, 0 %, 0 %
2026/09/20 10:42:23.611, 1, 234.33 W, 37, 2032 MHz, 3996 MHz, 0 %, 0 %
2026/09/20 10:42:23.611, 2, 226.02 W, 30, 2032 MHz, 3996 MHz, 1 %, 0 %
2026/09/20 10:42:23.611, 3, 229.92 W, 30, 2032 MHz, 3996 MHz, 4 %, 0 %
2026/09/20 10:42:23.611, 4, 183.33 W, 35, 120 MHz, 3996 MHz, 0 %, 0 %
2026/09/20 10:42:23.611, 5, 179.47 W, 33, 120 MHz, 3996 MHz, 0 %, 0 %
2026/09/20 10:42:23.611, 6, 180.17 W, 29, 120 MHz, 3996 MHz, 0 %, 0 %
2026/09/20 10:42:23.611, 7, 182.29 W, 29, 120 MHz, 3996 MHz, 0 %, 0 %
2026/09/20 10:42:24.611, 0, 231.83 W, 35, 2032 MHz, 3996 MHz, 0 %, 0 %
2026/09/20 10:42:24.611, 1, 233.97 W, 37, 2032 MHz, 3996 MHz, 0 %, 0 %
2026/09/20 10:42:24.611, 2, 225.99 W, 31, 2032 MHz, 3996 MHz, 0 %, 0 %
2026/09/20 10:42:24.611, 3, 229.73 W, 30, 2032 MHz, 3996 MHz, 0 %, 0 %
2026/09/20 10:42:24.611, 4, 183.33 W, 35, 120 MHz, 3996 MHz, 0 %, 0 %
2026/09/20 10:42:24.611, 5, 179.48 W, 33, 120 MHz, 3996 MHz, 0 %, 0 %
2026/09/20 10:42:24.611, 6, 180.17 W, 29, 120 MHz, 3996 MHz, 0 %, 0 %
2026/09/20 10:42:24.611, 7, 182.17 W, 29, 120 MHz, 3996 MHz, 0 %, 0 %
2026/09/20 10:42:25.611, 0, 231.83 W, 35, 2032 MHz, 3996 MHz, 0 %, 0 %
2026/09/20 10:42:25.611, 1, 233.93 W, 37, 2032 MHz, 3996 MHz, 0 %, 0 %
2026/09/20 10:42:25.611, 2, 225.99 W, 31, 2032 MHz, 3996 MHz, 0 %, 0 %
2026/09/20 10:42:25.611, 3, 229.73 W, 30, 2032 MHz, 3996 MHz, 0 %, 0 %
2026/09/20 10:42:25.611, 4, 183.33 W, 35, 120 MHz, 3996 MHz, 0 %, 0 %
2026/09/20 10:42:25.611, 5, 179.48 W, 33, 120 MHz, 3996 MHz, 0 %, 0 %
2026/09/20 10:42:25.611, 6, 180.17 W, 29, 120 MHz, 3996 MHz, 0 %, 0 %
2026/09/20 10:42:25.611, 7, 182.29 W, 29, 120 MHz, 3996 MHz, 0 %, 0 %
2026/09/20 10:42:26.611, 0, 231.83 W, 35, 2032 MHz, 3996 MHz, 0 %, 0 %
2026/09/20 10:42:26.611, 1, 233.93 W, 37, 2032 MHz, 3996 MHz, 0 %, 0 %
2026/09/20 10:42:26.611, 2, 225.95 W, 31, 2032 MHz, 3996 MHz, 0 %, 0 %
2026/09/20 10:42:26.611, 3, 229.72 W, 30, 2032 MHz, 3996 MHz, 0 %, 0 %
2026/09/20 10:42:26.611, 4, 183.33 W, 35, 120 MHz, 3996 MHz, 0 %, 0 %
2026/09/20 10:42:26.611, 5, 179.48 W, 33, 120 MHz, 3996 MHz, 0 %, 0 %
2026/09/20 10:42:26.611, 6, 180.17 W, 29, 120 MHz, 3996 MHz, 0 %, 0 %
2026/09/20 10:42:26.611, 7, 182.25 W, 29, 120 MHz, 3996 MHz, 0 %, 0 %
2026/09/20 10:42:27.611, 0, 231.83 W, 35, 2032 MHz, 3996 MHz, 0 %, 0 %
2026/09/20 10:42:27.612, 1, 234.24 W, 37, 2032 MHz, 3996 MHz, 0 %, 0 %
2026/09/20 10:42:27.612, 2, 225.98 W, 31, 2032 MHz, 3996 MHz, 0 %, 0 %
2026/09/20 10:42:27.612, 3, 229.75 W, 31, 2032 MHz, 3996 MHz, 0 %, 0 %
2026/09/20 10:42:27.612, 4, 183.34 W, 35, 120 MHz, 3996 MHz, 0 %, 0 %
2026/09/20 10:42:27.612, 5, 179.49 W, 33, 120 MHz, 3996 MHz, 0 %, 0 %
2026/09/20 10:42:27.612, 6, 180.17 W, 29, 120 MHz, 3996 MHz, 0 %, 0 %
2026/09/20 10:42:27.612, 7, 182.21 W, 29, 120 MHz, 3996 MHz, 0 %, 0 %
2026/09/20 10:42:28.612, 0, 231.83 W, 35, 2032 MHz, 3996 MHz, 0 %, 0 %
2026/09/20 10:42:28.612, 1, 233.97 W, 37, 2032 MHz, 3996 MHz, 0 %, 0 %
2026/09/20 10:42:28.612, 2, 225.99 W, 31, 2032 MHz, 3996 MHz, 0 %, 0 %
2026/09/20 10:42:28.612, 3, 229.72 W, 31, 2032 MHz, 3996 MHz, 0 %, 0 %
2026/09/20 10:42:28.612, 4, 183.32 W, 35, 120 MHz, 3996 MHz, 0 %, 0 %
2026/09/20 10:42:28.612, 5, 179.48 W, 33, 120 MHz, 3996 MHz, 0 %, 0 %
2026/09/20 10:42:28.612, 6, 180.17 W, 29, 120 MHz, 3996 MHz, 0 %, 0 %
2026/09/20 10:42:28.612, 7, 182.98 W, 29, 120 MHz, 3996 MHz, 0 %, 0 %
2026/09/20 10:42:29.612, 0, 231.83 W, 36, 2032 MHz, 3996 MHz, 0 %, 0 %
2026/09/20 10:42:29.612, 1, 233.97 W, 37, 2032 MHz, 3996 MHz, 0 %, 0 %
2026/09/20 10:42:29.612, 2, 225.95 W, 31, 2032 MHz, 3996 MHz, 0 %, 0 %
2026/09/20 10:42:29.612, 3, 229.71 W, 31, 2032 MHz, 3996 MHz, 0 %, 0 %
2026/09/20 10:42:29.612, 4, 183.33 W, 35, 120 MHz, 3996 MHz, 0 %, 0 %
2026/09/20 10:42:29.612, 5, 179.51 W, 33, 120 MHz, 3996 MHz, 0 %, 0 %
2026/09/20 10:42:29.612, 6, 180.17 W, 29, 120 MHz, 3996 MHz, 0 %, 0 %
2026/09/20 10:42:29.612, 7, 182.99 W, 29, 120 MHz, 3996 MHz, 0 %, 0 %
2026/09/20 10:42:30.612, 0, 231.83 W, 36, 2032 MHz, 3996 MHz, 0 %, 0 %
2026/09/20 10:42:30.612, 1, 234.05 W, 37, 2032 MHz, 3996 MHz, 0 %, 0 %
2026/09/20 10:42:30.612, 2, 225.99 W, 31, 2032 MHz, 3996 MHz, 0 %, 0 %
2026/09/20 10:42:30.612, 3, 229.74 W, 31, 2032 MHz, 3996 MHz, 0 %, 0 %
2026/09/20 10:42:30.612, 4, 183.33 W, 35, 120 MHz, 3996 MHz, 0 %, 0 %
2026/09/20 10:42:30.612, 5, 179.50 W, 33, 120 MHz, 3996 MHz, 0 %, 0 %
2026/09/20 10:42:30.612, 6, 180.17 W, 29, 120 MHz, 3996 MHz, 0 %, 0 %
2026/09/20 10:42:30.612, 7, 183.01 W, 29, 120 MHz, 3996 MHz, 0 %, 0 %
2026/09/20 10:42:31.612, 0, 231.83 W, 36, 2032 MHz, 3996 MHz, 0 %, 0 %
2026/09/20 10:42:31.612, 1, 233.97 W, 37, 2032 MHz, 3996 MHz, 0 %, 0 %
2026/09/20 10:42:31.612, 2, 225.98 W, 31, 2032 MHz, 3996 MHz, 0 %, 0 %
2026/09/20 10:42:31.612, 3, 229.69 W, 31, 2032 MHz, 3996 MHz, 0 %, 0 %
2026/09/20 10:42:31.612, 4, 183.34 W, 35, 120 MHz, 3996 MHz, 0 %, 0 %
2026/09/20 10:42:31.612, 5, 179.52 W, 33, 120 MHz, 3996 MHz, 0 %, 0 %
2026/09/20 10:42:31.612, 6, 180.17 W, 29, 120 MHz, 3996 MHz, 0 %, 0 %
2026/09/20 10:42:31.612, 7, 183.11 W, 29, 120 MHz, 3996 MHz, 0 %, 0 %
2026/09/20 10:42:32.613, 0, 231.83 W, 36, 2032 MHz, 3996 MHz, 0 %, 0 %
2026/09/20 10:42:32.613, 1, 234.01 W, 37, 2032 MHz, 3996 MHz, 0 %, 0 %
2026/09/20 10:42:32.613, 2, 225.98 W, 31, 2032 MHz, 3996 MHz, 0 %, 0 %
2026/09/20 10:42:32.613, 3, 229.72 W, 31, 2032 MHz, 3996 MHz, 0 %, 0 %
2026/09/20 10:42:32.613, 4, 183.32 W, 35, 120 MHz, 3996 MHz, 0 %, 0 %
2026/09/20 10:42:32.613, 5, 179.51 W, 33, 120 MHz, 3996 MHz, 0 %, 0 %
2026/09/20 10:42:32.613, 6, 180.17 W, 29, 120 MHz, 3996 MHz, 0 %, 0 %
2026/09/20 10:42:32.613, 7, 182.84 W, 29, 120 MHz, 3996 MHz, 0 %, 0 %
2026/09/20 10:42:33.613, 0, 231.83 W, 36, 2032 MHz, 3996 MHz, 0 %, 0 %
2026/09/20 10:42:33.613, 1, 234.01 W, 37, 2032 MHz, 3996 MHz, 0 %, 0 %
2026/09/20 10:42:33.613, 2, 225.98 W, 31, 2032 MHz, 3996 MHz, 0 %, 0 %
2026/09/20 10:42:33.613, 3, 229.71 W, 31, 2032 MHz, 3996 MHz, 0 %, 0 %
2026/09/20 10:42:33.613, 4, 183.33 W, 35, 120 MHz, 3996 MHz, 0 %, 0 %
2026/09/20 10:42:33.613, 5, 179.51 W, 33, 120 MHz, 3996 MHz, 0 %, 0 %
2026/09/20 10:42:33.613, 6, 180.17 W, 29, 120 MHz, 3996 MHz, 0 %, 0 %
2026/09/20 10:42:33.613, 7, 182.94 W, 29, 120 MHz, 3996 MHz, 0 %, 0 %
2026/09/20 10:42:34.613, 0, 231.83 W, 36, 2032 MHz, 3996 MHz, 0 %, 0 %
2026/09/20 10:42:34.613, 1, 233.93 W, 37, 2032 MHz, 3996 MHz, 0 %, 0 %
2026/09/20 10:42:34.613, 2, 225.99 W, 31, 2032 MHz, 3996 MHz, 0 %, 0 %
2026/09/20 10:42:34.613, 3, 229.73 W, 31, 2032 MHz, 3996 MHz, 0 %, 0 %
2026/09/20 10:42:34.613, 4, 183.32 W, 35, 120 MHz, 3996 MHz, 0 %, 0 %
2026/09/20 10:42:34.613, 5, 179.55 W, 33, 120 MHz, 3996 MHz, 0 %, 0 %
2026/09/20 10:42:34.613, 6, 180.17 W, 29, 120 MHz, 3996 MHz, 0 %, 0 %
2026/09/20 10:42:34.613, 7, 183.03 W, 29, 120 MHz, 3996 MHz, 0 %, 0 %
2026/09/20 10:42:35.613, 0, 231.83 W, 36, 2032 MHz, 3996 MHz, 0 %, 0 %
2026/09/20 10:42:35.613, 1, 233.97 W, 37, 2032 MHz, 3996 MHz, 0 %, 0 %
2026/09/20 10:42:35.613, 2, 225.99 W, 31, 2032 MHz, 3996 MHz, 0 %, 0 %
2026/09/20 10:42:35.613, 3, 229.76 W, 31, 2032 MHz, 3996 MHz, 0 %, 0 %
2026/09/20 10:42:35.613, 4, 183.33 W, 35, 120 MHz, 3996 MHz, 0 %, 0 %
2026/09/20 10:42:35.613, 5, 179.59 W, 33, 120 MHz, 3996 MHz, 0 %, 0 %
2026/09/20 10:42:35.613, 6, 180.17 W, 29, 120 MHz, 3996 MHz, 0 %, 0 %
2026/09/20 10:42:35.613, 7, 183.28 W, 29, 120 MHz, 3996 MHz, 0 %, 0 %
2026/09/20 10:42:36.613, 0, 231.83 W, 36, 2032 MHz, 3996 MHz, 0 %, 0 %
2026/09/20 10:42:36.613, 1, 234.09 W, 37, 2032 MHz, 3996 MHz, 0 %, 0 %
2026/09/20 10:42:36.613, 2, 225.99 W, 31, 2032 MHz, 3996 MHz, 0 %, 0 %
2026/09/20 10:42:36.613, 3, 229.79 W, 31, 2032 MHz, 3996 MHz, 0 %, 0 %
2026/09/20 10:42:36.613, 4, 183.31 W, 35, 120 MHz, 3996 MHz, 0 %, 0 %
2026/09/20 10:42:36.613, 5, 179.51 W, 33, 120 MHz, 3996 MHz, 0 %, 0 %
2026/09/20 10:42:36.613, 6, 180.17 W, 29, 120 MHz, 3996 MHz, 0 %, 0 %
2026/09/20 10:42:36.613, 7, 183.13 W, 29, 120 MHz, 3996 MHz, 0 %, 0 %
2026/09/20 10:42:37.613, 0, 231.83 W, 36, 2032 MHz, 3996 MHz, 0 %, 0 %
2026/09/20 10:42:37.614, 1, 233.93 W, 37, 2032 MHz, 3996 MHz, 0 %, 0 %
2026/09/20 10:42:37.614, 2, 225.98 W, 31, 2032 MHz, 3996 MHz, 0 %, 0 %
2026/09/20 10:42:37.614, 3, 229.72 W, 31, 2032 MHz, 3996 MHz, 0 %, 0 %
2026/09/20 10:42:37.614, 4, 183.33 W, 35, 120 MHz, 3996 MHz, 0 %, 0 %
2026/09/20 10:42:37.614, 5, 179.51 W, 33, 120 MHz, 3996 MHz, 0 %, 0 %
2026/09/20 10:42:37.614, 6, 180.17 W, 29, 120 MHz, 3996 MHz, 0 %, 0 %
2026/09/20 10:42:37.614, 7, 183.11 W, 29, 120 MHz, 3996 MHz, 0 %, 0 %
2026/09/20 10:42:38.614, 0, 231.83 W, 36, 2032 MHz, 3996 MHz, 0 %, 0 %
2026/09/20 10:42:38.614, 1, 234.09 W, 37, 2032 MHz, 3996 MHz, 0 %, 0 %
2026/09/20 10:42:38.614, 2, 225.99 W, 31, 2032 MHz, 3996 MHz, 0 %, 0 %
2026/09/20 10:42:38.614, 3, 229.76 W, 31, 2032 MHz, 3996 MHz, 0 %, 0 %
2026/09/20 10:42:38.614, 4, 183.31 W, 35, 120 MHz, 3996 MHz, 0 %, 0 %
2026/09/20 10:42:38.614, 5, 179.52 W, 33, 120 MHz, 3996 MHz, 0 %, 0 %
2026/09/20 10:42:38.614, 6, 180.17 W, 29, 120 MHz, 3996 MHz, 0 %, 0 %
2026/09/20 10:42:38.614, 7, 182.95 W, 29, 120 MHz, 3996 MHz, 0 %, 0 %
2026/09/20 10:42:39.614, 0, 231.83 W, 36, 2032 MHz, 3996 MHz, 0 %, 0 %
2026/09/20 10:42:39.614, 1, 233.93 W, 37, 2032 MHz, 3996 MHz, 0 %, 0 %
2026/09/20 10:42:39.614, 2, 225.95 W, 31, 2032 MHz, 3996 MHz, 0 %, 0 %
2026/09/20 10:42:39.614, 3, 229.76 W, 31, 2032 MHz, 3996 MHz, 0 %, 0 %
2026/09/20 10:42:39.614, 4, 183.31 W, 35, 120 MHz, 3996 MHz, 0 %, 0 %
2026/09/20 10:42:39.614, 5, 179.55 W, 33, 120 MHz, 3996 MHz, 0 %, 0 %
2026/09/20 10:42:39.614, 6, 180.17 W, 29, 120 MHz, 3996 MHz, 0 %, 0 %
2026/09/20 10:42:39.614, 7, 183.17 W, 29, 120 MHz, 3996 MHz, 0 %, 0 %
2026/09/20 10:42:40.614, 0, 231.83 W, 36, 2032 MHz, 3996 MHz, 0 %, 0 %
2026/09/20 10:42:40.614, 1, 233.93 W, 37, 2032 MHz, 3996 MHz, 0 %, 0 %
2026/09/20 10:42:40.614, 2, 225.98 W, 31, 2032 MHz, 3996 MHz, 0 %, 0 %
2026/09/20 10:42:40.614, 3, 229.79 W, 31, 2032 MHz, 3996 MHz, 0 %, 0 %
2026/09/20 10:42:40.614, 4, 183.32 W, 35, 120 MHz, 3996 MHz, 0 %, 0 %
2026/09/20 10:42:40.614, 5, 179.51 W, 33, 120 MHz, 3996 MHz, 0 %, 0 %
2026/09/20 10:42:40.614, 6, 180.17 W, 29, 120 MHz, 3996 MHz, 0 %, 0 %
2026/09/20 10:42:40.614, 7, 183.25 W, 29, 120 MHz, 3996 MHz, 0 %, 0 %
2026/09/20 10:42:41.614, 0, 231.83 W, 36, 2032 MHz, 3996 MHz, 0 %, 0 %
2026/09/20 10:42:41.614, 1, 233.97 W, 37, 2032 MHz, 3996 MHz, 0 %, 0 %
2026/09/20 10:42:41.614, 2, 225.99 W, 31, 2032 MHz, 3996 MHz, 0 %, 0 %
2026/09/20 10:42:41.614, 3, 229.76 W, 31, 2032 MHz, 3996 MHz, 0 %, 0 %
2026/09/20 10:42:41.614, 4, 183.29 W, 35, 120 MHz, 3996 MHz, 0 %, 0 %
2026/09/20 10:42:41.614, 5, 179.47 W, 33, 120 MHz, 3996 MHz, 0 %, 0 %
2026/09/20 10:42:41.614, 6, 180.17 W, 29, 120 MHz, 3996 MHz, 0 %, 0 %
2026/09/20 10:42:41.614, 7, 183.00 W, 29, 120 MHz, 3996 MHz, 0 %, 0 %
2026/09/20 10:42:42.614, 0, 231.83 W, 36, 2032 MHz, 3996 MHz, 0 %, 0 %
2026/09/20 10:42:42.614, 1, 234.01 W, 37, 2032 MHz, 3996 MHz, 0 %, 0 %
2026/09/20 10:42:42.614, 2, 225.98 W, 31, 2032 MHz, 3996 MHz, 0 %, 0 %
2026/09/20 10:42:42.614, 3, 229.77 W, 31, 2032 MHz, 3996 MHz, 0 %, 0 %
2026/09/20 10:42:42.614, 4, 183.30 W, 35, 120 MHz, 3996 MHz, 0 %, 0 %
2026/09/20 10:42:42.614, 5, 179.47 W, 33, 120 MHz, 3996 MHz, 0 %, 0 %
2026/09/20 10:42:42.614, 6, 180.17 W, 29, 120 MHz, 3996 MHz, 0 %, 0 %
2026/09/20 10:42:42.615, 7, 183.01 W, 29, 120 MHz, 3996 MHz, 0 %, 0 %
2026/09/20 10:42:43.615, 0, 231.83 W, 36, 2032 MHz, 3996 MHz, 0 %, 0 %
2026/09/20 10:42:43.615, 1, 233.93 W, 37, 2032 MHz, 3996 MHz, 0 %, 0 %
2026/09/20 10:42:43.615, 2, 225.98 W, 31, 2032 MHz, 3996 MHz, 0 %, 0 %
2026/09/20 10:42:43.615, 3, 229.73 W, 31, 2032 MHz, 3996 MHz, 0 %, 0 %
2026/09/20 10:42:43.615, 4, 183.32 W, 35, 120 MHz, 3996 MHz, 0 %, 0 %
2026/09/20 10:42:43.615, 5, 179.51 W, 33, 120 MHz, 3996 MHz, 0 %, 0 %
2026/09/20 10:42:43.615, 6, 180.17 W, 29, 120 MHz, 3996 MHz, 0 %, 0 %
2026/09/20 10:42:43.615, 7, 183.15 W, 29, 120 MHz, 3996 MHz, 0 %, 0 %
2026/09/20 10:42:44.615, 0, 231.83 W, 36, 2032 MHz, 3996 MHz, 0 %, 0 %
2026/09/20 10:42:44.615, 1, 233.93 W, 37, 2032 MHz, 3996 MHz, 0 %, 0 %
2026/09/20 10:42:44.615, 2, 225.99 W, 31, 2032 MHz, 3996 MHz, 0 %, 0 %
2026/09/20 10:42:44.615, 3, 229.71 W, 31, 2032 MHz, 3996 MHz, 0 %, 0 %
2026/09/20 10:42:44.615, 4, 183.32 W, 35, 120 MHz, 3996 MHz, 0 %, 0 %
2026/09/20 10:42:44.615, 5, 179.51 W, 33, 120 MHz, 3996 MHz, 0 %, 0 %
2026/09/20 10:42:44.615, 6, 180.17 W, 29, 120 MHz, 3996 MHz, 0 %, 0 %
2026/09/20 10:42:44.615, 7, 183.05 W, 29, 120 MHz, 3996 MHz, 0 %, 0 %
2026/09/20 10:42:45.615, 0, 231.83 W, 36, 2032 MHz, 3996 MHz, 0 %, 0 %
2026/09/20 10:42:45.615, 1, 234.24 W, 37, 2032 MHz, 3996 MHz, 0 %, 0 %
2026/09/20 10:42:45.615, 2, 225.99 W, 31, 2032 MHz, 3996 MHz, 0 %, 0 %
2026/09/20 10:42:45.615, 3, 229.72 W, 31, 2032 MHz, 3996 MHz, 0 %, 0 %
2026/09/20 10:42:45.615, 4, 183.31 W, 35, 120 MHz, 3996 MHz, 0 %, 0 %
2026/09/20 10:42:45.615, 5, 179.59 W, 33, 120 MHz, 3996 MHz, 0 %, 0 %
2026/09/20 10:42:45.615, 6, 180.17 W, 29, 120 MHz, 3996 MHz, 0 %, 0 %
2026/09/20 10:42:45.615, 7, 183.27 W, 29, 120 MHz, 3996 MHz, 0 %, 0 %
2026/09/20 10:42:46.615, 0, 231.83 W, 36, 2032 MHz, 3996 MHz, 0 %, 0 %
2026/09/20 10:42:46.615, 1, 234.13 W, 37, 2032 MHz, 3996 MHz, 0 %, 0 %
2026/09/20 10:42:46.615, 2, 225.98 W, 31, 2032 MHz, 3996 MHz, 0 %, 0 %
2026/09/20 10:42:46.615, 3, 229.72 W, 31, 2032 MHz, 3996 MHz, 0 %, 0 %
2026/09/20 10:42:46.615, 4, 183.29 W, 35, 120 MHz, 3996 MHz, 0 %, 0 %
2026/09/20 10:42:46.615, 5, 179.51 W, 33, 120 MHz, 3996 MHz, 0 %, 0 %
2026/09/20 10:42:46.615, 6, 180.17 W, 29, 120 MHz, 3996 MHz, 0 %, 0 %
2026/09/20 10:42:46.615, 7, 182.91 W, 29, 120 MHz, 3996 MHz, 0 %, 0 %
2026/09/20 10:42:47.615, 0, 231.83 W, 36, 2032 MHz, 3996 MHz, 0 %, 0 %
2026/09/20 10:42:47.615, 1, 234.16 W, 37, 2032 MHz, 3996 MHz, 0 %, 0 %
2026/09/20 10:42:47.615, 2, 225.99 W, 31, 2032 MHz, 3996 MHz, 0 %, 0 %
2026/09/20 10:42:47.615, 3, 229.72 W, 31, 2032 MHz, 3996 MHz, 0 %, 0 %
2026/09/20 10:42:47.615, 4, 183.29 W, 35, 120 MHz, 3996 MHz, 0 %, 0 %
2026/09/20 10:42:47.615, 5, 179.54 W, 33, 120 MHz, 3996 MHz, 0 %, 0 %
2026/09/20 10:42:47.615, 6, 180.17 W, 29, 120 MHz, 3996 MHz, 0 %, 0 %
2026/09/20 10:42:47.615, 7, 183.03 W, 29, 120 MHz, 3996 MHz, 0 %, 0 %
2026/09/20 10:42:48.616, 0, 231.83 W, 36, 2032 MHz, 3996 MHz, 0 %, 0 %
2026/09/20 10:42:48.616, 1, 234.01 W, 37, 2032 MHz, 3996 MHz, 0 %, 0 %
2026/09/20 10:42:48.616, 2, 225.98 W, 31, 2032 MHz, 3996 MHz, 0 %, 0 %
2026/09/20 10:42:48.616, 3, 229.76 W, 31, 2032 MHz, 3996 MHz, 0 %, 0 %
2026/09/20 10:42:48.616, 4, 183.30 W, 35, 120 MHz, 3996 MHz, 0 %, 0 %
2026/09/20 10:42:48.616, 5, 179.50 W, 33, 120 MHz, 3996 MHz, 0 %, 0 %
2026/09/20 10:42:48.616, 6, 180.17 W, 29, 120 MHz, 3996 MHz, 0 %, 0 %
2026/09/20 10:42:48.616, 7, 183.28 W, 29, 120 MHz, 3996 MHz, 0 %, 0 %
2026/09/20 10:42:49.616, 0, 231.83 W, 36, 2032 MHz, 3996 MHz, 0 %, 0 %
2026/09/20 10:42:49.616, 1, 234.09 W, 37, 2032 MHz, 3996 MHz, 0 %, 0 %
2026/09/20 10:42:49.616, 2, 225.98 W, 31, 2032 MHz, 3996 MHz, 0 %, 0 %
2026/09/20 10:42:49.616, 3, 229.84 W, 31, 2032 MHz, 3996 MHz, 0 %, 0 %
2026/09/20 10:42:49.616, 4, 183.28 W, 35, 120 MHz, 3996 MHz, 0 %, 0 %
2026/09/20 10:42:49.616, 5, 179.50 W, 33, 120 MHz, 3996 MHz, 0 %, 0 %
2026/09/20 10:42:49.616, 6, 180.17 W, 29, 120 MHz, 3996 MHz, 0 %, 0 %
2026/09/20 10:42:49.616, 7, 182.82 W, 29, 120 MHz, 3996 MHz, 0 %, 0 %
2026/09/20 10:42:50.616, 0, 231.83 W, 36, 2032 MHz, 3996 MHz, 0 %, 0 %
2026/09/20 10:42:50.616, 1, 234.87 W, 37, 2032 MHz, 3996 MHz, 0 %, 0 %
2026/09/20 10:42:50.616, 2, 225.99 W, 31, 2032 MHz, 3996 MHz, 0 %, 0 %
2026/09/20 10:42:50.616, 3, 229.91 W, 31, 2032 MHz, 3996 MHz, 0 %, 0 %
2026/09/20 10:42:50.616, 4, 183.27 W, 35, 120 MHz, 3996 MHz, 0 %, 0 %
2026/09/20 10:42:50.616, 5, 179.47 W, 33, 120 MHz, 3996 MHz, 0 %, 0 %
2026/09/20 10:42:50.616, 6, 180.17 W, 29, 120 MHz, 3996 MHz, 0 %, 0 %
2026/09/20 10:42:50.616, 7, 182.75 W, 29, 120 MHz, 3996 MHz, 0 %, 0 %
2026/09/20 10:42:51.616, 0, 231.83 W, 36, 2032 MHz, 3996 MHz, 0 %, 0 %
2026/09/20 10:42:51.616, 1, 234.20 W, 37, 2032 MHz, 3996 MHz, 0 %, 0 %
2026/09/20 10:42:51.616, 2, 225.99 W, 31, 2032 MHz, 3996 MHz, 0 %, 0 %
2026/09/20 10:42:51.616, 3, 229.83 W, 31, 2032 MHz, 3996 MHz, 0 %, 0 %
2026/09/20 10:42:51.616, 4, 183.29 W, 35, 120 MHz, 3996 MHz, 0 %, 0 %
2026/09/20 10:42:51.616, 5, 179.58 W, 33, 120 MHz, 3996 MHz, 0 %, 0 %
2026/09/20 10:42:51.616, 6, 180.17 W, 29, 120 MHz, 3996 MHz, 0 %, 0 %
2026/09/20 10:42:51.616, 7, 182.98 W, 29, 120 MHz, 3996 MHz, 0 %, 0 %
2026/09/20 10:42:52.616, 0, 231.83 W, 36, 2032 MHz, 3996 MHz, 0 %, 0 %
2026/09/20 10:42:52.616, 1, 234.17 W, 37, 2032 MHz, 3996 MHz, 0 %, 0 %
2026/09/20 10:42:52.616, 2, 225.99 W, 31, 2032 MHz, 3996 MHz, 0 %, 0 %
2026/09/20 10:42:52.616, 3, 229.76 W, 31, 2032 MHz, 3996 MHz, 0 %, 0 %
2026/09/20 10:42:52.616, 4, 183.30 W, 35, 120 MHz, 3996 MHz, 0 %, 0 %
2026/09/20 10:42:52.616, 5, 179.51 W, 33, 120 MHz, 3996 MHz, 0 %, 0 %
2026/09/20 10:42:52.616, 6, 180.17 W, 29, 120 MHz, 3996 MHz, 0 %, 0 %
2026/09/20 10:42:52.616, 7, 183.07 W, 29, 120 MHz, 3996 MHz, 0 %, 0 %
2026/09/20 10:42:53.617, 0, 231.83 W, 36, 2032 MHz, 3996 MHz, 0 %, 0 %
2026/09/20 10:42:53.617, 1, 234.62 W, 37, 2032 MHz, 3996 MHz, 0 %, 0 %
2026/09/20 10:42:53.617, 2, 225.99 W, 31, 2032 MHz, 3996 MHz, 0 %, 0 %
2026/09/20 10:42:53.617, 3, 230.13 W, 31, 2032 MHz, 3996 MHz, 0 %, 0 %
2026/09/20 10:42:53.617, 4, 183.30 W, 35, 120 MHz, 3996 MHz, 0 %, 0 %
2026/09/20 10:42:53.617, 5, 179.58 W, 33, 120 MHz, 3996 MHz, 0 %, 0 %
2026/09/20 10:42:53.617, 6, 180.17 W, 29, 120 MHz, 3996 MHz, 0 %, 0 %
2026/09/20 10:42:53.617, 7, 183.05 W, 29, 120 MHz, 3996 MHz, 0 %, 0 %
2026/09/20 10:42:54.617, 0, 231.83 W, 36, 2032 MHz, 3996 MHz, 0 %, 0 %
2026/09/20 10:42:54.617, 1, 235.80 W, 37, 2032 MHz, 3996 MHz, 0 %, 0 %
2026/09/20 10:42:54.617, 2, 225.99 W, 31, 2032 MHz, 3996 MHz, 0 %, 0 %
2026/09/20 10:42:54.617, 3, 230.52 W, 31, 2032 MHz, 3996 MHz, 0 %, 0 %
2026/09/20 10:42:54.617, 4, 183.29 W, 35, 120 MHz, 3996 MHz, 0 %, 0 %
2026/09/20 10:42:54.617, 5, 179.54 W, 33, 120 MHz, 3996 MHz, 0 %, 0 %
2026/09/20 10:42:54.617, 6, 180.17 W, 29, 120 MHz, 3996 MHz, 0 %, 0 %
2026/09/20 10:42:54.617, 7, 183.07 W, 29, 120 MHz, 3996 MHz, 0 %, 0 %
2026/09/20 10:42:55.617, 0, 231.83 W, 36, 2032 MHz, 3996 MHz, 0 %, 0 %
2026/09/20 10:42:55.617, 1, 235.88 W, 37, 2032 MHz, 3996 MHz, 0 %, 0 %
2026/09/20 10:42:55.617, 2, 225.98 W, 31, 2032 MHz, 3996 MHz, 0 %, 0 %
2026/09/20 10:42:55.617, 3, 231.10 W, 31, 2032 MHz, 3996 MHz, 0 %, 0 %
2026/09/20 10:42:55.617, 4, 183.28 W, 35, 120 MHz, 3996 MHz, 0 %, 0 %
2026/09/20 10:42:55.617, 5, 179.54 W, 33, 120 MHz, 3996 MHz, 0 %, 0 %
2026/09/20 10:42:55.617, 6, 180.17 W, 29, 120 MHz, 3996 MHz, 0 %, 0 %
2026/09/20 10:42:55.617, 7, 182.90 W, 29, 120 MHz, 3996 MHz, 0 %, 0 %
2026/09/20 10:42:56.617, 0, 231.83 W, 36, 2032 MHz, 3996 MHz, 0 %, 0 %
2026/09/20 10:42:56.617, 1, 235.88 W, 37, 2032 MHz, 3996 MHz, 0 %, 0 %
2026/09/20 10:42:56.617, 2, 225.98 W, 31, 2032 MHz, 3996 MHz, 0 %, 0 %
2026/09/20 10:42:56.617, 3, 230.88 W, 31, 2032 MHz, 3996 MHz, 0 %, 0 %
2026/09/20 10:42:56.617, 4, 183.29 W, 35, 120 MHz, 3996 MHz, 0 %, 0 %
2026/09/20 10:42:56.617, 5, 179.51 W, 33, 120 MHz, 3996 MHz, 0 %, 0 %
2026/09/20 10:42:56.617, 6, 180.17 W, 29, 120 MHz, 3996 MHz, 0 %, 0 %
2026/09/20 10:42:56.617, 7, 183.03 W, 29, 120 MHz, 3996 MHz, 0 %, 0 %
2026/09/20 10:42:57.617, 0, 231.83 W, 36, 2032 MHz, 3996 MHz, 0 %, 0 %
2026/09/20 10:42:57.617, 1, 235.88 W, 37, 2032 MHz, 3996 MHz, 0 %, 0 %
2026/09/20 10:42:57.617, 2, 225.99 W, 31, 2032 MHz, 3996 MHz, 0 %, 0 %
2026/09/20 10:42:57.617, 3, 230.82 W, 31, 2032 MHz, 3996 MHz, 0 %, 0 %
2026/09/20 10:42:57.617, 4, 183.29 W, 35, 120 MHz, 3996 MHz, 0 %, 0 %
2026/09/20 10:42:57.617, 5, 179.54 W, 33, 120 MHz, 3996 MHz, 0 %, 0 %
2026/09/20 10:42:57.617, 6, 180.17 W, 29, 120 MHz, 3996 MHz, 0 %, 0 %
2026/09/20 10:42:57.617, 7, 183.05 W, 29, 120 MHz, 3996 MHz, 0 %, 0 %
2026/09/20 10:42:58.617, 0, 231.91 W, 36, 2032 MHz, 3996 MHz, 0 %, 0 %
2026/09/20 10:42:58.618, 1, 235.88 W, 37, 2032 MHz, 3996 MHz, 0 %, 0 %
2026/09/20 10:42:58.618, 2, 225.98 W, 31, 2032 MHz, 3996 MHz, 0 %, 0 %
2026/09/20 10:42:58.618, 3, 231.15 W, 31, 2032 MHz, 3996 MHz, 0 %, 0 %
2026/09/20 10:42:58.618, 4, 183.29 W, 35, 120 MHz, 3996 MHz, 0 %, 0 %
2026/09/20 10:42:58.618, 5, 179.47 W, 33, 120 MHz, 3996 MHz, 0 %, 0 %
2026/09/20 10:42:58.618, 6, 180.17 W, 29, 120 MHz, 3996 MHz, 0 %, 0 %
2026/09/20 10:42:58.618, 7, 183.27 W, 29, 120 MHz, 3996 MHz, 0 %, 0 %
2026/09/20 10:42:59.618, 0, 231.95 W, 36, 2032 MHz, 3996 MHz, 0 %, 0 %
2026/09/20 10:42:59.618, 1, 235.88 W, 37, 2032 MHz, 3996 MHz, 0 %, 0 %
2026/09/20 10:42:59.618, 2, 226.32 W, 31, 2032 MHz, 3996 MHz, 0 %, 0 %
2026/09/20 10:42:59.618, 3, 231.14 W, 31, 2032 MHz, 3996 MHz, 0 %, 0 %
2026/09/20 10:42:59.618, 4, 183.28 W, 35, 120 MHz, 3996 MHz, 0 %, 0 %
2026/09/20 10:42:59.618, 5, 179.59 W, 33, 120 MHz, 3996 MHz, 0 %, 0 %
2026/09/20 10:42:59.618, 6, 180.17 W, 29, 120 MHz, 3996 MHz, 0 %, 0 %
2026/09/20 10:42:59.618, 7, 183.17 W, 29, 120 MHz, 3996 MHz, 0 %, 0 %
2026/09/20 10:43:00.618, 0, 232.06 W, 36, 2032 MHz, 3996 MHz, 0 %, 0 %
2026/09/20 10:43:00.618, 1, 235.88 W, 37, 2032 MHz, 3996 MHz, 0 %, 0 %
2026/09/20 10:43:00.618, 2, 226.03 W, 31, 2032 MHz, 3996 MHz, 0 %, 0 %
2026/09/20 10:43:00.618, 3, 231.19 W, 31, 2032 MHz, 3996 MHz, 0 %, 0 %
2026/09/20 10:43:00.618, 4, 183.26 W, 35, 120 MHz, 3996 MHz, 0 %, 0 %
2026/09/20 10:43:00.618, 5, 179.58 W, 33, 120 MHz, 3996 MHz, 0 %, 0 %
2026/09/20 10:43:00.618, 6, 180.17 W, 29, 120 MHz, 3996 MHz, 0 %, 0 %
2026/09/20 10:43:00.618, 7, 183.24 W, 29, 120 MHz, 3996 MHz, 0 %, 0 %
2026/09/20 10:43:01.618, 0, 231.91 W, 36, 2032 MHz, 3996 MHz, 0 %, 0 %
2026/09/20 10:43:01.618, 1, 235.88 W, 37, 2032 MHz, 3996 MHz, 0 %, 0 %
2026/09/20 10:43:01.618, 2, 225.99 W, 31, 2032 MHz, 3996 MHz, 0 %, 0 %
2026/09/20 10:43:01.618, 3, 231.01 W, 31, 2032 MHz, 3996 MHz, 0 %, 0 %
2026/09/20 10:43:01.618, 4, 183.27 W, 35, 120 MHz, 3996 MHz, 0 %, 0 %
2026/09/20 10:43:01.618, 5, 179.50 W, 33, 120 MHz, 3996 MHz, 0 %, 0 %
2026/09/20 10:43:01.618, 6, 180.17 W, 29, 120 MHz, 3996 MHz, 0 %, 0 %
2026/09/20 10:43:01.618, 7, 183.06 W, 29, 120 MHz, 3996 MHz, 0 %, 0 %
2026/09/20 10:43:02.618, 0, 232.14 W, 36, 2032 MHz, 3996 MHz, 0 %, 0 %
2026/09/20 10:43:02.618, 1, 235.88 W, 37, 2032 MHz, 3996 MHz, 0 %, 0 %
2026/09/20 10:43:02.618, 2, 227.02 W, 31, 2032 MHz, 3996 MHz, 13 %, 0 %
2026/09/20 10:43:02.618, 3, 231.04 W, 31, 2032 MHz, 3996 MHz, 1 %, 0 %
2026/09/20 10:43:02.618, 4, 183.27 W, 35, 120 MHz, 3996 MHz, 0 %, 0 %
2026/09/20 10:43:02.618, 5, 179.47 W, 33, 120 MHz, 3996 MHz, 0 %, 0 %
2026/09/20 10:43:02.618, 6, 180.17 W, 29, 120 MHz, 3996 MHz, 0 %, 0 %
2026/09/20 10:43:02.618, 7, 183.23 W, 29, 120 MHz, 3996 MHz, 0 %, 0 %
2026/09/20 10:43:03.618, 0, 232.26 W, 36, 2032 MHz, 3996 MHz, 0 %, 0 %
2026/09/20 10:43:03.618, 1, 235.41 W, 37, 2032 MHz, 3996 MHz, 0 %, 0 %
2026/09/20 10:43:03.618, 2, 226.60 W, 31, 2032 MHz, 3996 MHz, 0 %, 0 %
2026/09/20 10:43:03.619, 3, 230.42 W, 31, 2032 MHz, 3996 MHz, 0 %, 0 %
2026/09/20 10:43:03.619, 4, 183.28 W, 35, 120 MHz, 3996 MHz, 0 %, 0 %
2026/09/20 10:43:03.619, 5, 179.54 W, 33, 120 MHz, 3996 MHz, 0 %, 0 %
2026/09/20 10:43:03.619, 6, 180.17 W, 29, 120 MHz, 3996 MHz, 0 %, 0 %
2026/09/20 10:43:03.619, 7, 183.07 W, 29, 120 MHz, 3996 MHz, 0 %, 0 %
2026/09/20 10:43:04.619, 0, 231.83 W, 36, 2032 MHz, 3996 MHz, 0 %, 0 %
2026/09/20 10:43:04.619, 1, 234.95 W, 37, 2032 MHz, 3996 MHz, 0 %, 0 %
2026/09/20 10:43:04.619, 2, 226.43 W, 31, 2032 MHz, 3996 MHz, 1 %, 0 %
2026/09/20 10:43:04.619, 3, 230.05 W, 31, 2032 MHz, 3996 MHz, 0 %, 0 %
2026/09/20 10:43:04.619, 4, 183.27 W, 35, 120 MHz, 3996 MHz, 0 %, 0 %
2026/09/20 10:43:04.619, 5, 179.50 W, 33, 120 MHz, 3996 MHz, 0 %, 0 %
2026/09/20 10:43:04.619, 6, 180.17 W, 29, 120 MHz, 3996 MHz, 0 %, 0 %
2026/09/20 10:43:04.619, 7, 183.11 W, 29, 120 MHz, 3996 MHz, 0 %, 0 %
2026/09/20 10:43:05.619, 0, 231.83 W, 36, 2032 MHz, 3996 MHz, 0 %, 0 %
2026/09/20 10:43:05.619, 1, 235.22 W, 37, 2032 MHz, 3996 MHz, 0 %, 0 %
2026/09/20 10:43:05.619, 2, 226.25 W, 31, 2032 MHz, 3996 MHz, 0 %, 0 %
2026/09/20 10:43:05.619, 3, 230.90 W, 31, 2032 MHz, 3996 MHz, 12 %, 0 %
2026/09/20 10:43:05.619, 4, 183.29 W, 35, 120 MHz, 3996 MHz, 0 %, 0 %
2026/09/20 10:43:05.619, 5, 179.46 W, 33, 120 MHz, 3996 MHz, 0 %, 0 %
2026/09/20 10:43:05.619, 6, 180.17 W, 29, 120 MHz, 3996 MHz, 0 %, 0 %
2026/09/20 10:43:05.619, 7, 183.19 W, 29, 120 MHz, 3996 MHz, 0 %, 0 %
2026/09/20 10:43:06.619, 0, 232.14 W, 36, 2032 MHz, 3996 MHz, 4 %, 0 %
2026/09/20 10:43:06.619, 1, 234.71 W, 37, 2032 MHz, 3996 MHz, 0 %, 0 %
2026/09/20 10:43:06.619, 2, 226.20 W, 31, 2032 MHz, 3996 MHz, 3 %, 0 %
2026/09/20 10:43:06.619, 3, 231.03 W, 31, 2032 MHz, 3996 MHz, 0 %, 0 %
2026/09/20 10:43:06.619, 4, 183.29 W, 35, 120 MHz, 3996 MHz, 0 %, 0 %
2026/09/20 10:43:06.619, 5, 179.47 W, 33, 120 MHz, 3996 MHz, 0 %, 0 %
2026/09/20 10:43:06.619, 6, 180.17 W, 29, 120 MHz, 3996 MHz, 0 %, 0 %
2026/09/20 10:43:06.619, 7, 182.95 W, 29, 120 MHz, 3996 MHz, 0 %, 0 %
2026/09/20 10:43:07.619, 0, 233.58 W, 36, 2032 MHz, 3996 MHz, 11 %, 0 %
2026/09/20 10:43:07.619, 1, 235.73 W, 37, 2032 MHz, 3996 MHz, 9 %, 0 %
2026/09/20 10:43:07.619, 2, 226.99 W, 31, 2032 MHz, 3996 MHz, 7 %, 0 %
2026/09/20 10:43:07.619, 3, 230.56 W, 31, 2032 MHz, 3996 MHz, 2 %, 0 %
2026/09/20 10:43:07.619, 4, 183.27 W, 35, 120 MHz, 3996 MHz, 0 %, 0 %
2026/09/20 10:43:07.619, 5, 179.47 W, 33, 120 MHz, 3996 MHz, 0 %, 0 %
2026/09/20 10:43:07.619, 6, 180.17 W, 29, 120 MHz, 3996 MHz, 0 %, 0 %
2026/09/20 10:43:07.619, 7, 183.28 W, 29, 120 MHz, 3996 MHz, 0 %, 0 %
2026/09/20 10:43:08.619, 0, 231.95 W, 36, 2032 MHz, 3996 MHz, 1 %, 0 %
2026/09/20 10:43:08.620, 1, 234.93 W, 37, 2032 MHz, 3996 MHz, 0 %, 0 %
2026/09/20 10:43:08.620, 2, 226.14 W, 31, 2032 MHz, 3996 MHz, 0 %, 0 %
2026/09/20 10:43:08.620, 3, 230.68 W, 31, 2032 MHz, 3996 MHz, 0 %, 0 %
2026/09/20 10:43:08.620, 4, 183.27 W, 35, 120 MHz, 3996 MHz, 0 %, 0 %
2026/09/20 10:43:08.620, 5, 179.51 W, 33, 120 MHz, 3996 MHz, 0 %, 0 %
2026/09/20 10:43:08.620, 6, 180.17 W, 29, 120 MHz, 3996 MHz, 0 %, 0 %
2026/09/20 10:43:08.620, 7, 183.38 W, 29, 120 MHz, 3996 MHz, 0 %, 0 %
2026/09/20 10:43:09.620, 0, 232.79 W, 36, 2032 MHz, 3996 MHz, 6 %, 0 %
2026/09/20 10:43:09.620, 1, 235.80 W, 37, 2032 MHz, 3996 MHz, 4 %, 0 %
2026/09/20 10:43:09.620, 2, 227.08 W, 31, 2032 MHz, 3996 MHz, 3 %, 0 %
2026/09/20 10:43:09.620, 3, 230.17 W, 31, 2032 MHz, 3996 MHz, 1 %, 0 %
2026/09/20 10:43:09.620, 4, 183.27 W, 35, 120 MHz, 3996 MHz, 0 %, 0 %
2026/09/20 10:43:09.620, 5, 179.54 W, 33, 120 MHz, 3996 MHz, 0 %, 0 %
2026/09/20 10:43:09.620, 6, 180.17 W, 29, 120 MHz, 3996 MHz, 0 %, 0 %
2026/09/20 10:43:09.620, 7, 182.98 W, 29, 120 MHz, 3996 MHz, 0 %, 0 %
2026/09/20 10:43:10.620, 0, 232.10 W, 36, 2032 MHz, 3996 MHz, 2 %, 0 %
2026/09/20 10:43:10.620, 1, 234.71 W, 37, 2032 MHz, 3996 MHz, 3 %, 0 %
2026/09/20 10:43:10.620, 2, 227.04 W, 31, 2032 MHz, 3996 MHz, 9 %, 0 %
2026/09/20 10:43:10.620, 3, 231.01 W, 31, 2032 MHz, 3996 MHz, 7 %, 0 %
2026/09/20 10:43:10.620, 4, 183.27 W, 35, 120 MHz, 3996 MHz, 0 %, 0 %
2026/09/20 10:43:10.620, 5, 179.47 W, 33, 120 MHz, 3996 MHz, 0 %, 0 %
2026/09/20 10:43:10.620, 6, 180.17 W, 29, 120 MHz, 3996 MHz, 0 %, 0 %
2026/09/20 10:43:10.620, 7, 182.95 W, 29, 120 MHz, 3996 MHz, 0 %, 0 %
2026/09/20 10:43:11.620, 0, 232.69 W, 36, 2032 MHz, 3996 MHz, 6 %, 0 %
2026/09/20 10:43:11.620, 1, 235.77 W, 37, 2032 MHz, 3996 MHz, 3 %, 0 %
2026/09/20 10:43:11.620, 2, 226.97 W, 31, 2032 MHz, 3996 MHz, 8 %, 0 %
2026/09/20 10:43:11.620, 3, 230.42 W, 31, 2032 MHz, 3996 MHz, 0 %, 0 %
2026/09/20 10:43:11.620, 4, 183.29 W, 35, 120 MHz, 3996 MHz, 0 %, 0 %
2026/09/20 10:43:11.620, 5, 179.47 W, 33, 120 MHz, 3996 MHz, 0 %, 0 %
2026/09/20 10:43:11.620, 6, 180.17 W, 29, 120 MHz, 3996 MHz, 0 %, 0 %
2026/09/20 10:43:11.620, 7, 183.32 W, 29, 120 MHz, 3996 MHz, 0 %, 0 %
2026/09/20 10:43:12.620, 0, 232.71 W, 36, 2032 MHz, 3996 MHz, 2 %, 0 %
2026/09/20 10:43:12.620, 1, 235.31 W, 37, 2032 MHz, 3996 MHz, 0 %, 0 %
2026/09/20 10:43:12.620, 2, 226.59 W, 31, 2032 MHz, 3996 MHz, 3 %, 0 %
2026/09/20 10:43:12.620, 3, 230.98 W, 31, 2032 MHz, 3996 MHz, 10 %, 0 %
2026/09/20 10:43:12.620, 4, 183.29 W, 35, 120 MHz, 3996 MHz, 0 %, 0 %
2026/09/20 10:43:12.620, 5, 179.54 W, 33, 120 MHz, 3996 MHz, 0 %, 0 %
2026/09/20 10:43:12.620, 6, 180.17 W, 29, 120 MHz, 3996 MHz, 0 %, 0 %
2026/09/20 10:43:12.620, 7, 182.86 W, 29, 120 MHz, 3996 MHz, 0 %, 0 %
2026/09/20 10:43:13.620, 0, 233.28 W, 36, 2032 MHz, 3996 MHz, 11 %, 0 %
2026/09/20 10:43:13.620, 1, 235.76 W, 37, 2032 MHz, 3996 MHz, 7 %, 0 %
2026/09/20 10:43:13.621, 2, 225.97 W, 31, 2032 MHz, 3996 MHz, 0 %, 0 %
2026/09/20 10:43:13.621, 3, 230.98 W, 31, 2032 MHz, 3996 MHz, 8 %, 0 %
2026/09/20 10:43:13.621, 4, 183.29 W, 35, 120 MHz, 3996 MHz, 0 %, 0 %
2026/09/20 10:43:13.621, 5, 179.54 W, 33, 120 MHz, 3996 MHz, 0 %, 0 %
2026/09/20 10:43:13.621, 6, 180.17 W, 29, 120 MHz, 3996 MHz, 0 %, 0 %
2026/09/20 10:43:13.621, 7, 183.04 W, 29, 120 MHz, 3996 MHz, 0 %, 0 %
2026/09/20 10:43:14.621, 0, 233.09 W, 36, 2032 MHz, 3996 MHz, 6 %, 0 %
2026/09/20 10:43:14.621, 1, 235.88 W, 37, 2032 MHz, 3996 MHz, 8 %, 0 %
2026/09/20 10:43:14.621, 2, 226.52 W, 31, 2032 MHz, 3996 MHz, 0 %, 0 %
2026/09/20 10:43:14.621, 3, 231.52 W, 31, 2032 MHz, 3996 MHz, 11 %, 0 %
2026/09/20 10:43:14.621, 4, 183.29 W, 35, 120 MHz, 3996 MHz, 0 %, 0 %
2026/09/20 10:43:14.621, 5, 179.51 W, 33, 120 MHz, 3996 MHz, 0 %, 0 %
2026/09/20 10:43:14.621, 6, 180.17 W, 29, 120 MHz, 3996 MHz, 0 %, 0 %
2026/09/20 10:43:14.621, 7, 182.94 W, 29, 120 MHz, 3996 MHz, 0 %, 0 %
2026/09/20 10:43:15.621, 0, 232.96 W, 36, 2032 MHz, 3996 MHz, 0 %, 0 %
2026/09/20 10:43:15.621, 1, 235.88 W, 37, 2032 MHz, 3996 MHz, 11 %, 0 %
2026/09/20 10:43:15.621, 2, 227.17 W, 31, 2032 MHz, 3996 MHz, 4 %, 0 %
2026/09/20 10:43:15.621, 3, 231.48 W, 31, 2032 MHz, 3996 MHz, 5 %, 0 %
2026/09/20 10:43:15.621, 4, 183.26 W, 35, 120 MHz, 3996 MHz, 0 %, 0 %
2026/09/20 10:43:15.621, 5, 179.47 W, 33, 120 MHz, 3996 MHz, 0 %, 0 %
2026/09/20 10:43:15.621, 6, 180.17 W, 29, 120 MHz, 3996 MHz, 0 %, 0 %
2026/09/20 10:43:15.621, 7, 183.32 W, 29, 120 MHz, 3996 MHz, 0 %, 0 %
2026/09/20 10:43:16.621, 0, 233.51 W, 36, 2032 MHz, 3996 MHz, 11 %, 0 %
2026/09/20 10:43:16.621, 1, 235.88 W, 37, 2032 MHz, 3996 MHz, 5 %, 0 %
2026/09/20 10:43:16.621, 2, 227.07 W, 31, 2032 MHz, 3996 MHz, 11 %, 0 %
2026/09/20 10:43:16.621, 3, 230.69 W, 31, 2032 MHz, 3996 MHz, 0 %, 0 %
2026/09/20 10:43:16.621, 4, 183.26 W, 35, 120 MHz, 3996 MHz, 0 %, 0 %
2026/09/20 10:43:16.621, 5, 179.46 W, 33, 120 MHz, 3996 MHz, 0 %, 0 %
2026/09/20 10:43:16.621, 6, 180.17 W, 29, 120 MHz, 3996 MHz, 0 %, 0 %
2026/09/20 10:43:16.621, 7, 183.11 W, 29, 120 MHz, 3996 MHz, 0 %, 0 %
2026/09/20 10:43:17.621, 0, 232.63 W, 36, 2032 MHz, 3996 MHz, 0 %, 0 %
2026/09/20 10:43:17.621, 1, 235.61 W, 37, 2032 MHz, 3996 MHz, 0 %, 0 %
2026/09/20 10:43:17.621, 2, 226.10 W, 31, 2032 MHz, 3996 MHz, 0 %, 0 %
2026/09/20 10:43:17.621, 3, 230.55 W, 31, 2032 MHz, 3996 MHz, 0 %, 0 %
2026/09/20 10:43:17.621, 4, 183.26 W, 35, 120 MHz, 3996 MHz, 0 %, 0 %
2026/09/20 10:43:17.621, 5, 179.47 W, 33, 120 MHz, 3996 MHz, 0 %, 0 %
2026/09/20 10:43:17.621, 6, 180.17 W, 29, 120 MHz, 3996 MHz, 0 %, 0 %
2026/09/20 10:43:17.621, 7, 183.19 W, 29, 120 MHz, 3996 MHz, 0 %, 0 %
2026/09/20 10:43:18.621, 0, 231.83 W, 36, 2032 MHz, 3996 MHz, 0 %, 0 %
2026/09/20 10:43:18.621, 1, 234.96 W, 37, 2032 MHz, 3996 MHz, 9 %, 0 %
2026/09/20 10:43:18.621, 2, 226.70 W, 31, 2032 MHz, 3996 MHz, 11 %, 0 %
2026/09/20 10:43:18.621, 3, 230.92 W, 31, 2032 MHz, 3996 MHz, 11 %, 0 %
2026/09/20 10:43:18.621, 4, 183.26 W, 35, 120 MHz, 3996 MHz, 0 %, 0 %
2026/09/20 10:43:18.621, 5, 179.46 W, 33, 120 MHz, 3996 MHz, 0 %, 0 %
2026/09/20 10:43:18.621, 6, 180.17 W, 29, 120 MHz, 3996 MHz, 0 %, 0 %
2026/09/20 10:43:18.621, 7, 183.13 W, 29, 120 MHz, 3996 MHz, 0 %, 0 %
2026/09/20 10:43:19.622, 0, 232.61 W, 36, 2032 MHz, 3996 MHz, 3 %, 0 %
2026/09/20 10:43:19.622, 1, 235.80 W, 38, 2032 MHz, 3996 MHz, 2 %, 0 %
2026/09/20 10:43:19.622, 2, 227.38 W, 31, 2032 MHz, 3996 MHz, 12 %, 0 %
2026/09/20 10:43:19.622, 3, 231.31 W, 31, 2032 MHz, 3996 MHz, 3 %, 0 %
2026/09/20 10:43:19.622, 4, 183.26 W, 35, 120 MHz, 3996 MHz, 0 %, 0 %
2026/09/20 10:43:19.622, 5, 179.46 W, 33, 120 MHz, 3996 MHz, 0 %, 0 %
2026/09/20 10:43:19.622, 6, 180.17 W, 29, 120 MHz, 3996 MHz, 0 %, 0 %
2026/09/20 10:43:19.622, 7, 183.21 W, 29, 120 MHz, 3996 MHz, 0 %, 0 %
2026/09/20 10:43:20.622, 0, 232.98 W, 36, 2032 MHz, 3996 MHz, 8 %, 0 %
2026/09/20 10:43:20.622, 1, 235.88 W, 38, 2032 MHz, 3996 MHz, 2 %, 0 %
2026/09/20 10:43:20.622, 2, 226.56 W, 31, 2032 MHz, 3996 MHz, 3 %, 0 %
2026/09/20 10:43:20.622, 3, 231.39 W, 31, 2032 MHz, 3996 MHz, 3 %, 0 %
2026/09/20 10:43:20.622, 4, 183.27 W, 35, 120 MHz, 3996 MHz, 0 %, 0 %
2026/09/20 10:43:20.622, 5, 179.50 W, 33, 120 MHz, 3996 MHz, 0 %, 0 %
2026/09/20 10:43:20.622, 6, 180.17 W, 29, 120 MHz, 3996 MHz, 0 %, 0 %
2026/09/20 10:43:20.622, 7, 182.88 W, 29, 120 MHz, 3996 MHz, 0 %, 0 %
2026/09/20 10:43:21.622, 0, 233.40 W, 36, 2032 MHz, 3996 MHz, 12 %, 0 %
2026/09/20 10:43:21.622, 1, 235.92 W, 38, 2032 MHz, 3996 MHz, 3 %, 0 %
2026/09/20 10:43:21.622, 2, 226.43 W, 31, 2032 MHz, 3996 MHz, 3 %, 0 %
2026/09/20 10:43:21.622, 3, 230.65 W, 31, 2032 MHz, 3996 MHz, 11 %, 0 %
2026/09/20 10:43:21.622, 4, 183.26 W, 35, 120 MHz, 3996 MHz, 0 %, 0 %
2026/09/20 10:43:21.622, 5, 179.47 W, 33, 120 MHz, 3996 MHz, 0 %, 0 %
2026/09/20 10:43:21.622, 6, 180.17 W, 29, 120 MHz, 3996 MHz, 0 %, 0 %
2026/09/20 10:43:21.622, 7, 183.21 W, 29, 120 MHz, 3996 MHz, 0 %, 0 %
2026/09/20 10:43:22.622, 0, 233.00 W, 36, 2032 MHz, 3996 MHz, 7 %, 0 %
2026/09/20 10:43:22.622, 1, 235.88 W, 38, 2032 MHz, 3996 MHz, 0 %, 0 %
2026/09/20 10:43:22.622, 2, 226.86 W, 31, 2032 MHz, 3996 MHz, 6 %, 0 %
2026/09/20 10:43:22.622, 3, 231.47 W, 31, 2032 MHz, 3996 MHz, 12 %, 0 %
2026/09/20 10:43:22.622, 4, 183.26 W, 35, 120 MHz, 3996 MHz, 0 %, 0 %
2026/09/20 10:43:22.622, 5, 179.51 W, 33, 120 MHz, 3996 MHz, 0 %, 0 %
2026/09/20 10:43:22.622, 6, 180.17 W, 29, 120 MHz, 3996 MHz, 0 %, 0 %
2026/09/20 10:43:22.622, 7, 183.21 W, 29, 120 MHz, 3996 MHz, 0 %, 0 %
2026/09/20 10:43:23.622, 0, 232.80 W, 36, 2032 MHz, 3996 MHz, 0 %, 0 %
2026/09/20 10:43:23.622, 1, 235.08 W, 38, 2032 MHz, 3996 MHz, 6 %, 0 %
2026/09/20 10:43:23.622, 2, 226.74 W, 31, 2032 MHz, 3996 MHz, 2 %, 0 %
2026/09/20 10:43:23.622, 3, 231.31 W, 31, 2032 MHz, 3996 MHz, 2 %, 0 %
2026/09/20 10:43:23.622, 4, 183.26 W, 35, 120 MHz, 3996 MHz, 0 %, 0 %
2026/09/20 10:43:23.622, 5, 179.46 W, 33, 120 MHz, 3996 MHz, 0 %, 0 %
2026/09/20 10:43:23.622, 6, 180.17 W, 29, 120 MHz, 3996 MHz, 0 %, 0 %
2026/09/20 10:43:23.622, 7, 183.19 W, 29, 120 MHz, 3996 MHz, 0 %, 0 %
2026/09/20 10:43:24.623, 0, 232.65 W, 36, 2032 MHz, 3996 MHz, 8 %, 0 %
2026/09/20 10:43:24.623, 1, 235.88 W, 38, 2032 MHz, 3996 MHz, 3 %, 0 %
2026/09/20 10:43:24.623, 2, 226.39 W, 31, 2032 MHz, 3996 MHz, 4 %, 0 %
2026/09/20 10:43:24.623, 3, 231.26 W, 31, 2032 MHz, 3996 MHz, 5 %, 0 %
2026/09/20 10:43:24.623, 4, 183.26 W, 35, 120 MHz, 3996 MHz, 0 %, 0 %
2026/09/20 10:43:24.623, 5, 179.47 W, 33, 120 MHz, 3996 MHz, 0 %, 0 %
2026/09/20 10:43:24.623, 6, 180.17 W, 29, 120 MHz, 3996 MHz, 0 %, 0 %
2026/09/20 10:43:24.623, 7, 183.09 W, 29, 120 MHz, 3996 MHz, 0 %, 0 %
2026/09/20 10:43:25.623, 0, 233.43 W, 36, 2032 MHz, 3996 MHz, 1 %, 0 %
2026/09/20 10:43:25.623, 1, 235.69 W, 38, 2032 MHz, 3996 MHz, 2 %, 0 %
2026/09/20 10:43:25.623, 2, 226.68 W, 31, 2032 MHz, 3996 MHz, 2 %, 0 %
2026/09/20 10:43:25.623, 3, 230.85 W, 31, 2032 MHz, 3996 MHz, 8 %, 0 %
2026/09/20 10:43:25.623, 4, 183.27 W, 35, 120 MHz, 3996 MHz, 0 %, 0 %
2026/09/20 10:43:25.623, 5, 179.50 W, 33, 120 MHz, 3996 MHz, 0 %, 0 %
2026/09/20 10:43:25.623, 6, 180.17 W, 29, 120 MHz, 3996 MHz, 0 %, 0 %
2026/09/20 10:43:25.623, 7, 183.34 W, 29, 120 MHz, 3996 MHz, 0 %, 0 %
2026/09/20 10:43:26.623, 0, 232.67 W, 36, 2032 MHz, 3996 MHz, 2 %, 0 %
2026/09/20 10:43:26.623, 1, 235.12 W, 38, 2032 MHz, 3996 MHz, 0 %, 0 %
2026/09/20 10:43:26.623, 2, 227.32 W, 31, 2032 MHz, 3996 MHz, 12 %, 0 %
2026/09/20 10:43:26.623, 3, 230.40 W, 31, 2032 MHz, 3996 MHz, 0 %, 0 %
2026/09/20 10:43:26.623, 4, 183.27 W, 35, 120 MHz, 3996 MHz, 0 %, 0 %
2026/09/20 10:43:26.623, 5, 179.51 W, 33, 120 MHz, 3996 MHz, 0 %, 0 %
2026/09/20 10:43:26.623, 6, 180.17 W, 29, 120 MHz, 3996 MHz, 0 %, 0 %
2026/09/20 10:43:26.623, 7, 183.21 W, 29, 120 MHz, 3996 MHz, 0 %, 0 %
2026/09/20 10:43:27.623, 0, 232.76 W, 36, 2032 MHz, 3996 MHz, 3 %, 0 %
2026/09/20 10:43:27.623, 1, 235.73 W, 38, 2032 MHz, 3996 MHz, 11 %, 0 %
2026/09/20 10:43:27.623, 2, 226.85 W, 31, 2032 MHz, 3996 MHz, 10 %, 0 %
2026/09/20 10:43:27.623, 3, 230.79 W, 31, 2032 MHz, 3996 MHz, 0 %, 0 %
2026/09/20 10:43:27.623, 4, 183.25 W, 35, 120 MHz, 3996 MHz, 0 %, 0 %
2026/09/20 10:43:27.623, 5, 179.47 W, 33, 120 MHz, 3996 MHz, 0 %, 0 %
2026/09/20 10:43:27.623, 6, 180.17 W, 29, 120 MHz, 3996 MHz, 0 %, 0 %
2026/09/20 10:43:27.623, 7, 183.54 W, 29, 120 MHz, 3996 MHz, 0 %, 0 %
2026/09/20 10:43:28.623, 0, 232.37 W, 36, 2032 MHz, 3996 MHz, 0 %, 0 %
2026/09/20 10:43:28.623, 1, 236.04 W, 38, 2032 MHz, 3996 MHz, 11 %, 0 %
2026/09/20 10:43:28.624, 2, 226.68 W, 31, 2032 MHz, 3996 MHz, 0 %, 0 %
2026/09/20 10:43:28.624, 3, 231.36 W, 31, 2032 MHz, 3996 MHz, 6 %, 0 %
2026/09/20 10:43:28.624, 4, 183.26 W, 35, 120 MHz, 3996 MHz, 0 %, 0 %
2026/09/20 10:43:28.624, 5, 179.46 W, 33, 120 MHz, 3996 MHz, 0 %, 0 %
2026/09/20 10:43:28.624, 6, 180.17 W, 29, 120 MHz, 3996 MHz, 0 %, 0 %
2026/09/20 10:43:28.624, 7, 183.42 W, 29, 120 MHz, 3996 MHz, 0 %, 0 %
2026/09/20 10:43:29.624, 0, 233.39 W, 36, 2032 MHz, 3996 MHz, 10 %, 0 %
2026/09/20 10:43:29.624, 1, 235.96 W, 38, 2032 MHz, 3996 MHz, 11 %, 0 %
2026/09/20 10:43:29.624, 2, 226.68 W, 31, 2032 MHz, 3996 MHz, 2 %, 0 %
2026/09/20 10:43:29.624, 3, 231.63 W, 31, 2032 MHz, 3996 MHz, 6 %, 0 %
2026/09/20 10:43:29.624, 4, 183.25 W, 35, 120 MHz, 3996 MHz, 0 %, 0 %
2026/09/20 10:43:29.624, 5, 179.62 W, 33, 120 MHz, 3996 MHz, 0 %, 0 %
2026/09/20 10:43:29.624, 6, 180.17 W, 29, 120 MHz, 3996 MHz, 0 %, 0 %
2026/09/20 10:43:29.624, 7, 183.38 W, 29, 120 MHz, 3996 MHz, 0 %, 0 %
2026/09/20 10:43:30.624, 0, 233.51 W, 36, 2032 MHz, 3996 MHz, 11 %, 0 %
2026/09/20 10:43:30.624, 1, 235.88 W, 38, 2032 MHz, 3996 MHz, 2 %, 0 %
2026/09/20 10:43:30.624, 2, 227.28 W, 31, 2032 MHz, 3996 MHz, 10 %, 0 %
2026/09/20 10:43:30.624, 3, 231.37 W, 31, 2032 MHz, 3996 MHz, 4 %, 0 %
2026/09/20 10:43:30.624, 4, 183.26 W, 35, 120 MHz, 3996 MHz, 0 %, 0 %
2026/09/20 10:43:30.624, 5, 179.66 W, 33, 120 MHz, 3996 MHz, 0 %, 0 %
2026/09/20 10:43:30.624, 6, 180.17 W, 29, 120 MHz, 3996 MHz, 0 %, 0 %
2026/09/20 10:43:30.624, 7, 183.86 W, 29, 120 MHz, 3996 MHz, 0 %, 0 %
2026/09/20 10:43:31.624, 0, 233.43 W, 36, 2032 MHz, 3996 MHz, 5 %, 0 %
2026/09/20 10:43:31.624, 1, 235.88 W, 38, 2032 MHz, 3996 MHz, 4 %, 0 %
2026/09/20 10:43:31.624, 2, 225.98 W, 31, 2032 MHz, 3996 MHz, 0 %, 0 %
2026/09/20 10:43:31.624, 3, 231.19 W, 31, 2032 MHz, 3996 MHz, 6 %, 0 %
2026/09/20 10:43:31.624, 4, 183.26 W, 35, 120 MHz, 3996 MHz, 0 %, 0 %
2026/09/20 10:43:31.624, 5, 179.62 W, 33, 120 MHz, 3996 MHz, 0 %, 0 %
2026/09/20 10:43:31.624, 6, 180.17 W, 29, 120 MHz, 3996 MHz, 0 %, 0 %
2026/09/20 10:43:31.625, 7, 183.93 W, 29, 120 MHz, 3996 MHz, 0 %, 0 %
2026/09/20 10:43:32.625, 0, 233.47 W, 36, 2032 MHz, 3996 MHz, 6 %, 0 %
2026/09/20 10:43:32.625, 1, 235.54 W, 38, 2032 MHz, 3996 MHz, 0 %, 0 %
2026/09/20 10:43:32.625, 2, 226.79 W, 31, 2032 MHz, 3996 MHz, 0 %, 0 %
2026/09/20 10:43:32.625, 3, 230.85 W, 31, 2032 MHz, 3996 MHz, 4 %, 0 %
2026/09/20 10:43:32.625, 4, 183.29 W, 35, 120 MHz, 3996 MHz, 0 %, 0 %
2026/09/20 10:43:32.625, 5, 179.70 W, 33, 120 MHz, 3996 MHz, 0 %, 0 %
2026/09/20 10:43:32.625, 6, 180.17 W, 29, 120 MHz, 3996 MHz, 0 %, 0 %
2026/09/20 10:43:32.625, 7, 183.70 W, 29, 120 MHz, 3996 MHz, 0 %, 0 %
2026/09/20 10:43:33.625, 0, 233.05 W, 36, 2032 MHz, 3996 MHz, 7 %, 0 %
2026/09/20 10:43:33.625, 1, 235.57 W, 38, 2032 MHz, 3996 MHz, 6 %, 0 %
2026/09/20 10:43:33.625, 2, 226.70 W, 31, 2032 MHz, 3996 MHz, 6 %, 0 %
2026/09/20 10:43:33.625, 3, 230.71 W, 31, 2032 MHz, 3996 MHz, 0 %, 0 %
2026/09/20 10:43:33.625, 4, 183.27 W, 35, 120 MHz, 3996 MHz, 0 %, 0 %
2026/09/20 10:43:33.625, 5, 179.70 W, 33, 120 MHz, 3996 MHz, 0 %, 0 %
2026/09/20 10:43:33.625, 6, 180.17 W, 29, 120 MHz, 3996 MHz, 0 %, 0 %
2026/09/20 10:43:33.625, 7, 183.97 W, 29, 120 MHz, 3996 MHz, 0 %, 0 %
2026/09/20 10:43:34.625, 0, 232.22 W, 36, 2032 MHz, 3996 MHz, 0 %, 0 %
2026/09/20 10:43:34.625, 1, 235.88 W, 38, 2032 MHz, 3996 MHz, 7 %, 0 %
2026/09/20 10:43:34.625, 2, 227.53 W, 31, 2032 MHz, 3996 MHz, 8 %, 0 %
2026/09/20 10:43:34.625, 3, 229.99 W, 31, 2032 MHz, 3996 MHz, 0 %, 0 %
2026/09/20 10:43:34.625, 4, 183.28 W, 35, 120 MHz, 3996 MHz, 0 %, 0 %
2026/09/20 10:43:34.625, 5, 179.74 W, 33, 120 MHz, 3996 MHz, 0 %, 0 %
2026/09/20 10:43:34.625, 6, 180.17 W, 29, 120 MHz, 3996 MHz, 0 %, 0 %
2026/09/20 10:43:34.625, 7, 183.78 W, 29, 120 MHz, 3996 MHz, 0 %, 0 %
2026/09/20 10:43:35.625, 0, 232.21 W, 36, 2032 MHz, 3996 MHz, 6 %, 0 %
2026/09/20 10:43:35.626, 1, 235.96 W, 38, 2032 MHz, 3996 MHz, 1 %, 0 %
2026/09/20 10:43:35.626, 2, 226.78 W, 31, 2032 MHz, 3996 MHz, 2 %, 0 %
2026/09/20 10:43:35.626, 3, 231.10 W, 31, 2032 MHz, 3996 MHz, 2 %, 0 %
2026/09/20 10:43:35.626, 4, 183.29 W, 35, 120 MHz, 3996 MHz, 0 %, 0 %
2026/09/20 10:43:35.626, 5, 179.66 W, 33, 120 MHz, 3996 MHz, 0 %, 0 %
2026/09/20 10:43:35.626, 6, 180.17 W, 29, 120 MHz, 3996 MHz, 0 %, 0 %
2026/09/20 10:43:35.626, 7, 183.62 W, 29, 120 MHz, 3996 MHz, 0 %, 0 %
2026/09/20 10:43:36.626, 0, 233.32 W, 36, 2032 MHz, 3996 MHz, 3 %, 0 %
2026/09/20 10:43:36.626, 1, 235.96 W, 38, 2032 MHz, 3996 MHz, 2 %, 0 %
2026/09/20 10:43:36.626, 2, 226.64 W, 31, 2032 MHz, 3996 MHz, 0 %, 0 %
2026/09/20 10:43:36.626, 3, 231.38 W, 31, 2032 MHz, 3996 MHz, 4 %, 0 %
2026/09/20 10:43:36.626, 4, 183.26 W, 35, 120 MHz, 3996 MHz, 0 %, 0 %
2026/09/20 10:43:36.626, 5, 179.54 W, 33, 120 MHz, 3996 MHz, 0 %, 0 %
2026/09/20 10:43:36.626, 6, 180.17 W, 29, 120 MHz, 3996 MHz, 0 %, 0 %
2026/09/20 10:43:36.626, 7, 183.82 W, 29, 120 MHz, 3996 MHz, 0 %, 0 %
2026/09/20 10:43:37.626, 0, 233.27 W, 36, 2032 MHz, 3996 MHz, 6 %, 0 %
2026/09/20 10:43:37.626, 1, 235.88 W, 38, 2032 MHz, 3996 MHz, 1 %, 0 %
2026/09/20 10:43:37.626, 2, 227.17 W, 31, 2032 MHz, 3996 MHz, 7 %, 0 %
2026/09/20 10:43:37.626, 3, 231.61 W, 31, 2032 MHz, 3996 MHz, 8 %, 0 %
2026/09/20 10:43:37.626, 4, 183.27 W, 35, 120 MHz, 3996 MHz, 0 %, 0 %
2026/09/20 10:43:37.626, 5, 179.66 W, 33, 120 MHz, 3996 MHz, 0 %, 0 %
2026/09/20 10:43:37.626, 6, 180.17 W, 29, 120 MHz, 3996 MHz, 0 %, 0 %
2026/09/20 10:43:37.626, 7, 183.90 W, 29, 120 MHz, 3996 MHz, 0 %, 0 %
2026/09/20 10:43:38.626, 0, 233.36 W, 36, 2032 MHz, 3996 MHz, 9 %, 0 %
2026/09/20 10:43:38.626, 1, 235.88 W, 38, 2032 MHz, 3996 MHz, 2 %, 0 %
2026/09/20 10:43:38.626, 2, 226.13 W, 31, 2032 MHz, 3996 MHz, 0 %, 0 %
2026/09/20 10:43:38.626, 3, 230.98 W, 31, 2032 MHz, 3996 MHz, 0 %, 0 %
2026/09/20 10:43:38.626, 4, 183.29 W, 35, 120 MHz, 3996 MHz, 0 %, 0 %
2026/09/20 10:43:38.626, 5, 179.51 W, 33, 120 MHz, 3996 MHz, 0 %, 0 %
2026/09/20 10:43:38.627, 6, 180.17 W, 29, 120 MHz, 3996 MHz, 0 %, 0 %
2026/09/20 10:43:38.627, 7, 183.86 W, 29, 120 MHz, 3996 MHz, 0 %, 0 %
2026/09/20 10:43:39.627, 0, 233.54 W, 36, 2032 MHz, 3996 MHz, 8 %, 0 %
2026/09/20 10:43:39.627, 1, 235.58 W, 38, 2032 MHz, 3996 MHz, 0 %, 0 %
2026/09/20 10:43:39.627, 2, 226.21 W, 31, 2032 MHz, 3996 MHz, 1 %, 0 %
2026/09/20 10:43:39.627, 3, 231.13 W, 31, 2032 MHz, 3996 MHz, 1 %, 0 %
2026/09/20 10:43:39.627, 4, 183.27 W, 35, 120 MHz, 3996 MHz, 0 %, 0 %
2026/09/20 10:43:39.627, 5, 179.70 W, 33, 120 MHz, 3996 MHz, 0 %, 0 %
2026/09/20 10:43:39.627, 6, 180.17 W, 29, 120 MHz, 3996 MHz, 0 %, 0 %
2026/09/20 10:43:39.627, 7, 183.82 W, 29, 120 MHz, 3996 MHz, 0 %, 0 %
2026/09/20 10:43:40.627, 0, 233.04 W, 36, 2032 MHz, 3996 MHz, 1 %, 0 %
2026/09/20 10:43:40.627, 1, 235.65 W, 38, 2032 MHz, 3996 MHz, 12 %, 0 %
2026/09/20 10:43:40.627, 2, 226.52 W, 31, 2032 MHz, 3996 MHz, 9 %, 0 %
2026/09/20 10:43:40.627, 3, 230.84 W, 31, 2032 MHz, 3996 MHz, 2 %, 0 %
2026/09/20 10:43:40.627, 4, 183.26 W, 35, 120 MHz, 3996 MHz, 0 %, 0 %
2026/09/20 10:43:40.627, 5, 179.54 W, 33, 120 MHz, 3996 MHz, 0 %, 0 %
2026/09/20 10:43:40.627, 6, 180.17 W, 29, 120 MHz, 3996 MHz, 0 %, 0 %
2026/09/20 10:43:40.627, 7, 183.71 W, 29, 120 MHz, 3996 MHz, 0 %, 0 %
2026/09/20 10:43:41.627, 0, 232.86 W, 36, 2032 MHz, 3996 MHz, 0 %, 0 %
2026/09/20 10:43:41.627, 1, 236.00 W, 38, 2032 MHz, 3996 MHz, 1 %, 0 %
2026/09/20 10:43:41.627, 2, 226.52 W, 31, 2032 MHz, 3996 MHz, 12 %, 0 %
2026/09/20 10:43:41.627, 3, 230.59 W, 31, 2032 MHz, 3996 MHz, 0 %, 0 %
2026/09/20 10:43:41.627, 4, 183.26 W, 35, 120 MHz, 3996 MHz, 0 %, 0 %
2026/09/20 10:43:41.627, 5, 179.54 W, 33, 120 MHz, 3996 MHz, 0 %, 0 %
2026/09/20 10:43:41.627, 6, 180.17 W, 29, 120 MHz, 3996 MHz, 0 %, 0 %
2026/09/20 10:43:41.627, 7, 183.86 W, 29, 120 MHz, 3996 MHz, 0 %, 0 %
2026/09/20 10:43:42.627, 0, 232.14 W, 36, 2032 MHz, 3996 MHz, 1 %, 0 %
2026/09/20 10:43:42.627, 1, 235.73 W, 38, 2032 MHz, 3996 MHz, 2 %, 0 %
2026/09/20 10:43:42.628, 2, 227.46 W, 31, 2032 MHz, 3996 MHz, 11 %, 0 %
2026/09/20 10:43:42.628, 3, 230.44 W, 31, 2032 MHz, 3996 MHz, 8 %, 0 %
2026/09/20 10:43:42.628, 4, 183.25 W, 35, 120 MHz, 3996 MHz, 0 %, 0 %
2026/09/20 10:43:42.628, 5, 179.62 W, 33, 120 MHz, 3996 MHz, 0 %, 0 %
2026/09/20 10:43:42.628, 6, 180.17 W, 29, 120 MHz, 3996 MHz, 0 %, 0 %
2026/09/20 10:43:42.628, 7, 183.59 W, 29, 120 MHz, 3996 MHz, 0 %, 0 %
2026/09/20 10:43:43.628, 0, 233.51 W, 36, 2032 MHz, 3996 MHz, 4 %, 0 %
2026/09/20 10:43:43.628, 1, 235.92 W, 38, 2032 MHz, 3996 MHz, 3 %, 0 %
2026/09/20 10:43:43.628, 2, 227.43 W, 31, 2032 MHz, 3996 MHz, 12 %, 0 %
2026/09/20 10:43:43.628, 3, 230.69 W, 31, 2032 MHz, 3996 MHz, 0 %, 0 %
2026/09/20 10:43:43.628, 4, 183.26 W, 35, 120 MHz, 3996 MHz, 0 %, 0 %
2026/09/20 10:43:43.628, 5, 179.54 W, 33, 120 MHz, 3996 MHz, 0 %, 0 %
2026/09/20 10:43:43.628, 6, 180.17 W, 29, 120 MHz, 3996 MHz, 0 %, 0 %
2026/09/20 10:43:43.628, 7, 183.70 W, 29, 120 MHz, 3996 MHz, 0 %, 0 %
2026/09/20 10:43:44.628, 0, 233.19 W, 36, 2032 MHz, 3996 MHz, 1 %, 0 %
2026/09/20 10:43:44.628, 1, 236.04 W, 38, 2032 MHz, 3996 MHz, 12 %, 0 %
2026/09/20 10:43:44.628, 2, 227.43 W, 31, 2032 MHz, 3996 MHz, 9 %, 0 %
2026/09/20 10:43:44.628, 3, 230.64 W, 31, 2032 MHz, 3996 MHz, 6 %, 0 %
2026/09/20 10:43:44.628, 4, 183.26 W, 35, 120 MHz, 3996 MHz, 0 %, 0 %
2026/09/20 10:43:44.628, 5, 179.54 W, 33, 120 MHz, 3996 MHz, 0 %, 0 %
2026/09/20 10:43:44.628, 6, 180.17 W, 29, 120 MHz, 3996 MHz, 0 %, 0 %
2026/09/20 10:43:44.628, 7, 183.74 W, 29, 120 MHz, 3996 MHz, 0 %, 0 %
2026/09/20 10:43:45.628, 0, 233.40 W, 36, 2032 MHz, 3996 MHz, 3 %, 0 %
2026/09/20 10:43:45.628, 1, 236.00 W, 38, 2032 MHz, 3996 MHz, 6 %, 0 %
2026/09/20 10:43:45.628, 2, 227.55 W, 31, 2032 MHz, 3996 MHz, 10 %, 0 %
2026/09/20 10:43:45.628, 3, 231.40 W, 31, 2032 MHz, 3996 MHz, 8 %, 0 %
2026/09/20 10:43:45.628, 4, 183.26 W, 35, 120 MHz, 3996 MHz, 0 %, 0 %
2026/09/20 10:43:45.628, 5, 179.66 W, 33, 120 MHz, 3996 MHz, 0 %, 0 %
2026/09/20 10:43:45.628, 6, 180.17 W, 29, 120 MHz, 3996 MHz, 0 %, 0 %
2026/09/20 10:43:45.629, 7, 183.58 W, 29, 120 MHz, 3996 MHz, 0 %, 0 %
2026/09/20 10:43:46.629, 0, 233.78 W, 36, 2032 MHz, 3996 MHz, 8 %, 0 %
2026/09/20 10:43:46.629, 1, 236.00 W, 38, 2032 MHz, 3996 MHz, 3 %, 0 %
2026/09/20 10:43:46.629, 2, 227.50 W, 31, 2032 MHz, 3996 MHz, 11 %, 0 %
2026/09/20 10:43:46.629, 3, 231.52 W, 31, 2032 MHz, 3996 MHz, 12 %, 0 %
2026/09/20 10:43:46.629, 4, 183.26 W, 35, 120 MHz, 3996 MHz, 0 %, 0 %
2026/09/20 10:43:46.629, 5, 179.54 W, 33, 120 MHz, 3996 MHz, 0 %, 0 %
2026/09/20 10:43:46.629, 6, 180.17 W, 29, 120 MHz, 3996 MHz, 0 %, 0 %
2026/09/20 10:43:46.629, 7, 183.86 W, 29, 120 MHz, 3996 MHz, 0 %, 0 %
2026/09/20 10:43:47.629, 0, 233.66 W, 36, 2032 MHz, 3996 MHz, 11 %, 0 %
2026/09/20 10:43:47.629, 1, 235.88 W, 38, 2032 MHz, 3996 MHz, 3 %, 0 %
2026/09/20 10:43:47.629, 2, 227.55 W, 31, 2032 MHz, 3996 MHz, 12 %, 0 %
2026/09/20 10:43:47.629, 3, 231.39 W, 31, 2032 MHz, 3996 MHz, 9 %, 0 %
2026/09/20 10:43:47.629, 4, 183.25 W, 35, 120 MHz, 3996 MHz, 0 %, 0 %
2026/09/20 10:43:47.629, 5, 179.73 W, 33, 120 MHz, 3996 MHz, 0 %, 0 %
2026/09/20 10:43:47.629, 6, 180.17 W, 29, 120 MHz, 3996 MHz, 0 %, 0 %
2026/09/20 10:43:47.629, 7, 183.86 W, 29, 120 MHz, 3996 MHz, 0 %, 0 %
2026/09/20 10:43:48.629, 0, 233.66 W, 36, 2032 MHz, 3996 MHz, 10 %, 0 %
2026/09/20 10:43:48.629, 1, 235.92 W, 38, 2032 MHz, 3996 MHz, 6 %, 0 %
2026/09/20 10:43:48.629, 2, 227.45 W, 31, 2032 MHz, 3996 MHz, 12 %, 0 %
2026/09/20 10:43:48.629, 3, 231.44 W, 31, 2032 MHz, 3996 MHz, 12 %, 0 %
2026/09/20 10:43:48.629, 4, 183.25 W, 35, 120 MHz, 3996 MHz, 0 %, 0 %
2026/09/20 10:43:48.629, 5, 179.78 W, 33, 120 MHz, 3996 MHz, 0 %, 0 %
2026/09/20 10:43:48.629, 6, 180.17 W, 29, 120 MHz, 3996 MHz, 0 %, 0 %
2026/09/20 10:43:48.629, 7, 183.70 W, 29, 120 MHz, 3996 MHz, 0 %, 0 %
2026/09/20 10:43:49.629, 0, 233.66 W, 36, 2032 MHz, 3996 MHz, 11 %, 0 %
2026/09/20 10:43:49.629, 1, 236.00 W, 38, 2032 MHz, 3996 MHz, 7 %, 0 %
2026/09/20 10:43:49.629, 2, 227.43 W, 31, 2032 MHz, 3996 MHz, 12 %, 0 %
2026/09/20 10:43:49.629, 3, 231.46 W, 31, 2032 MHz, 3996 MHz, 12 %, 0 %
2026/09/20 10:43:49.629, 4, 183.25 W, 35, 120 MHz, 3996 MHz, 0 %, 0 %
2026/09/20 10:43:49.630, 5, 179.66 W, 33, 120 MHz, 3996 MHz, 0 %, 0 %
2026/09/20 10:43:49.630, 6, 180.17 W, 29, 120 MHz, 3996 MHz, 0 %, 0 %
2026/09/20 10:43:49.630, 7, 183.74 W, 29, 120 MHz, 3996 MHz, 0 %, 0 %
2026/09/20 10:43:50.630, 0, 233.78 W, 36, 2032 MHz, 3996 MHz, 11 %, 0 %
2026/09/20 10:43:50.630, 1, 235.88 W, 38, 2032 MHz, 3996 MHz, 11 %, 0 %
2026/09/20 10:43:50.630, 2, 227.45 W, 31, 2032 MHz, 3996 MHz, 12 %, 0 %
2026/09/20 10:43:50.630, 3, 231.61 W, 31, 2032 MHz, 3996 MHz, 11 %, 0 %
2026/09/20 10:43:50.630, 4, 183.26 W, 35, 120 MHz, 3996 MHz, 0 %, 0 %
2026/09/20 10:43:50.630, 5, 179.66 W, 33, 120 MHz, 3996 MHz, 0 %, 0 %
2026/09/20 10:43:50.630, 6, 180.17 W, 29, 120 MHz, 3996 MHz, 0 %, 0 %
2026/09/20 10:43:50.630, 7, 183.74 W, 29, 120 MHz, 3996 MHz, 0 %, 0 %
2026/09/20 10:43:51.630, 0, 233.70 W, 36, 2032 MHz, 3996 MHz, 10 %, 0 %
2026/09/20 10:43:51.630, 1, 235.92 W, 38, 2032 MHz, 3996 MHz, 6 %, 0 %
2026/09/20 10:43:51.630, 2, 227.42 W, 31, 2032 MHz, 3996 MHz, 11 %, 0 %
2026/09/20 10:43:51.630, 3, 231.19 W, 31, 2032 MHz, 3996 MHz, 12 %, 0 %
2026/09/20 10:43:51.630, 4, 183.25 W, 35, 120 MHz, 3996 MHz, 0 %, 0 %
2026/09/20 10:43:51.630, 5, 179.70 W, 33, 120 MHz, 3996 MHz, 0 %, 0 %
2026/09/20 10:43:51.630, 6, 180.17 W, 29, 120 MHz, 3996 MHz, 0 %, 0 %
2026/09/20 10:43:51.630, 7, 183.79 W, 29, 120 MHz, 3996 MHz, 0 %, 0 %
2026/09/20 10:43:52.630, 0, 233.74 W, 36, 2032 MHz, 3996 MHz, 2 %, 0 %
2026/09/20 10:43:52.630, 1, 235.99 W, 38, 2032 MHz, 3996 MHz, 3 %, 0 %
2026/09/20 10:43:52.630, 2, 227.32 W, 31, 2032 MHz, 3996 MHz, 11 %, 0 %
2026/09/20 10:43:52.630, 3, 231.52 W, 31, 2032 MHz, 3996 MHz, 4 %, 0 %
2026/09/20 10:43:52.630, 4, 183.25 W, 35, 120 MHz, 3996 MHz, 0 %, 0 %
2026/09/20 10:43:52.630, 5, 179.66 W, 33, 120 MHz, 3996 MHz, 0 %, 0 %
2026/09/20 10:43:52.630, 6, 180.17 W, 29, 120 MHz, 3996 MHz, 0 %, 0 %
2026/09/20 10:43:52.630, 7, 183.67 W, 29, 120 MHz, 3996 MHz, 0 %, 0 %
2026/09/20 10:43:53.630, 0, 233.62 W, 36, 2032 MHz, 3996 MHz, 5 %, 0 %
2026/09/20 10:43:53.630, 1, 235.96 W, 38, 2032 MHz, 3996 MHz, 4 %, 0 %
2026/09/20 10:43:53.631, 2, 227.46 W, 31, 2032 MHz, 3996 MHz, 11 %, 0 %
2026/09/20 10:43:53.631, 3, 231.47 W, 31, 2032 MHz, 3996 MHz, 5 %, 0 %
2026/09/20 10:43:53.631, 4, 183.25 W, 35, 120 MHz, 3996 MHz, 0 %, 0 %
2026/09/20 10:43:53.631, 5, 179.54 W, 33, 120 MHz, 3996 MHz, 0 %, 0 %
2026/09/20 10:43:53.631, 6, 180.17 W, 29, 120 MHz, 3996 MHz, 0 %, 0 %
2026/09/20 10:43:53.631, 7, 183.78 W, 29, 120 MHz, 3996 MHz, 0 %, 0 %
2026/09/20 10:43:54.631, 0, 233.66 W, 36, 2032 MHz, 3996 MHz, 7 %, 0 %
2026/09/20 10:43:54.631, 1, 236.15 W, 38, 2032 MHz, 3996 MHz, 9 %, 0 %
2026/09/20 10:43:54.631, 2, 227.39 W, 31, 2032 MHz, 3996 MHz, 11 %, 0 %
2026/09/20 10:43:54.631, 3, 231.59 W, 31, 2032 MHz, 3996 MHz, 10 %, 0 %
2026/09/20 10:43:54.631, 4, 183.25 W, 35, 120 MHz, 3996 MHz, 0 %, 0 %
2026/09/20 10:43:54.631, 5, 179.78 W, 33, 120 MHz, 3996 MHz, 0 %, 0 %
2026/09/20 10:43:54.631, 6, 180.17 W, 29, 120 MHz, 3996 MHz, 0 %, 0 %
2026/09/20 10:43:54.631, 7, 183.86 W, 29, 120 MHz, 3996 MHz, 0 %, 0 %
2026/09/20 10:43:55.631, 0, 233.78 W, 36, 2032 MHz, 3996 MHz, 12 %, 0 %
2026/09/20 10:43:55.631, 1, 236.00 W, 38, 2032 MHz, 3996 MHz, 11 %, 0 %
2026/09/20 10:43:55.631, 2, 227.51 W, 31, 2032 MHz, 3996 MHz, 11 %, 0 %
2026/09/20 10:43:55.631, 3, 231.54 W, 31, 2032 MHz, 3996 MHz, 11 %, 0 %
2026/09/20 10:43:55.631, 4, 183.25 W, 35, 120 MHz, 3996 MHz, 0 %, 0 %
2026/09/20 10:43:55.631, 5, 179.77 W, 33, 120 MHz, 3996 MHz, 0 %, 0 %
2026/09/20 10:43:55.631, 6, 180.17 W, 29, 120 MHz, 3996 MHz, 0 %, 0 %
2026/09/20 10:43:55.631, 7, 183.54 W, 29, 120 MHz, 3996 MHz, 0 %, 0 %
2026/09/20 10:43:56.631, 0, 233.66 W, 36, 2032 MHz, 3996 MHz, 12 %, 0 %
2026/09/20 10:43:56.631, 1, 236.11 W, 38, 2032 MHz, 3996 MHz, 10 %, 0 %
2026/09/20 10:43:56.631, 2, 227.51 W, 31, 2032 MHz, 3996 MHz, 11 %, 0 %
2026/09/20 10:43:56.631, 3, 231.59 W, 31, 2032 MHz, 3996 MHz, 12 %, 0 %
2026/09/20 10:43:56.631, 4, 183.26 W, 35, 120 MHz, 3996 MHz, 0 %, 0 %
2026/09/20 10:43:56.631, 5, 179.58 W, 33, 120 MHz, 3996 MHz, 0 %, 0 %
2026/09/20 10:43:56.631, 6, 180.17 W, 29, 120 MHz, 3996 MHz, 0 %, 0 %
2026/09/20 10:43:56.631, 7, 183.70 W, 29, 120 MHz, 3996 MHz, 0 %, 0 %
2026/09/20 10:43:57.632, 0, 233.74 W, 36, 2032 MHz, 3996 MHz, 10 %, 0 %
2026/09/20 10:43:57.632, 1, 236.08 W, 38, 2032 MHz, 3996 MHz, 4 %, 0 %
2026/09/20 10:43:57.632, 2, 227.45 W, 31, 2032 MHz, 3996 MHz, 9 %, 0 %
2026/09/20 10:43:57.632, 3, 231.52 W, 31, 2032 MHz, 3996 MHz, 12 %, 0 %
2026/09/20 10:43:57.632, 4, 183.25 W, 35, 120 MHz, 3996 MHz, 0 %, 0 %
2026/09/20 10:43:57.632, 5, 179.73 W, 33, 120 MHz, 3996 MHz, 0 %, 0 %
2026/09/20 10:43:57.632, 6, 180.17 W, 29, 120 MHz, 3996 MHz, 0 %, 0 %
2026/09/20 10:43:57.632, 7, 183.74 W, 29, 120 MHz, 3996 MHz, 0 %, 0 %
2026/09/20 10:43:58.632, 0, 233.66 W, 36, 2032 MHz, 3996 MHz, 12 %, 0 %
2026/09/20 10:43:58.632, 1, 236.03 W, 38, 2032 MHz, 3996 MHz, 11 %, 0 %
2026/09/20 10:43:58.632, 2, 227.51 W, 31, 2032 MHz, 3996 MHz, 10 %, 0 %
2026/09/20 10:43:58.632, 3, 231.43 W, 31, 2032 MHz, 3996 MHz, 6 %, 0 %
2026/09/20 10:43:58.632, 4, 183.25 W, 35, 120 MHz, 3996 MHz, 0 %, 0 %
2026/09/20 10:43:58.632, 5, 179.66 W, 33, 120 MHz, 3996 MHz, 0 %, 0 %
2026/09/20 10:43:58.632, 6, 180.17 W, 29, 120 MHz, 3996 MHz, 0 %, 0 %
2026/09/20 10:43:58.632, 7, 183.85 W, 29, 120 MHz, 3996 MHz, 0 %, 0 %
2026/09/20 10:43:59.632, 0, 234.64 W, 36, 2032 MHz, 3996 MHz, 0 %, 0 %
2026/09/20 10:43:59.632, 1, 235.95 W, 38, 2032 MHz, 3996 MHz, 12 %, 0 %
2026/09/20 10:43:59.632, 2, 228.07 W, 31, 2032 MHz, 3996 MHz, 0 %, 0 %
2026/09/20 10:43:59.632, 3, 231.53 W, 31, 2032 MHz, 3996 MHz, 1 %, 0 %
2026/09/20 10:43:59.632, 4, 183.25 W, 35, 120 MHz, 3996 MHz, 0 %, 0 %
2026/09/20 10:43:59.632, 5, 179.74 W, 33, 120 MHz, 3996 MHz, 0 %, 0 %
2026/09/20 10:43:59.632, 6, 180.17 W, 29, 120 MHz, 3996 MHz, 0 %, 0 %
2026/09/20 10:43:59.632, 7, 183.67 W, 29, 120 MHz, 3996 MHz, 0 %, 0 %
2026/09/20 10:44:00.632, 0, 232.26 W, 36, 2032 MHz, 3996 MHz, 0 %, 0 %
2026/09/20 10:44:00.632, 1, 237.71 W, 38, 2032 MHz, 3996 MHz, 0 %, 0 %
2026/09/20 10:44:00.632, 2, 226.14 W, 31, 2032 MHz, 3996 MHz, 0 %, 0 %
2026/09/20 10:44:00.632, 3, 231.59 W, 31, 2032 MHz, 3996 MHz, 12 %, 0 %
2026/09/20 10:44:00.632, 4, 183.25 W, 35, 120 MHz, 3996 MHz, 0 %, 0 %
2026/09/20 10:44:00.633, 5, 179.78 W, 33, 120 MHz, 3996 MHz, 0 %, 0 %
2026/09/20 10:44:00.633, 6, 180.17 W, 29, 120 MHz, 3996 MHz, 0 %, 0 %
2026/09/20 10:44:00.633, 7, 183.82 W, 29, 120 MHz, 3996 MHz, 0 %, 0 %
2026/09/20 10:44:01.633, 0, 232.17 W, 36, 2032 MHz, 3996 MHz, 0 %, 0 %
2026/09/20 10:44:01.633, 1, 235.88 W, 38, 2032 MHz, 3996 MHz, 0 %, 0 %
2026/09/20 10:44:01.633, 2, 226.06 W, 31, 2032 MHz, 3996 MHz, 0 %, 0 %
2026/09/20 10:44:01.633, 3, 231.78 W, 31, 2032 MHz, 3996 MHz, 12 %, 0 %
2026/09/20 10:44:01.633, 4, 183.25 W, 35, 120 MHz, 3996 MHz, 0 %, 0 %
2026/09/20 10:44:01.633, 5, 179.62 W, 33, 120 MHz, 3996 MHz, 0 %, 0 %
2026/09/20 10:44:01.633, 6, 180.17 W, 29, 120 MHz, 3996 MHz, 0 %, 0 %
2026/09/20 10:44:01.633, 7, 183.78 W, 29, 120 MHz, 3996 MHz, 0 %, 0 %
2026/09/20 10:44:02.633, 0, 231.95 W, 36, 2032 MHz, 3996 MHz, 0 %, 0 %
2026/09/20 10:44:02.633, 1, 235.88 W, 38, 2032 MHz, 3996 MHz, 0 %, 0 %
2026/09/20 10:44:02.633, 2, 226.55 W, 31, 2032 MHz, 3996 MHz, 0 %, 0 %
2026/09/20 10:44:02.633, 3, 233.31 W, 31, 2032 MHz, 3996 MHz, 0 %, 0 %
2026/09/20 10:44:02.633, 4, 183.25 W, 35, 120 MHz, 3996 MHz, 0 %, 0 %
2026/09/20 10:44:02.633, 5, 179.66 W, 33, 120 MHz, 3996 MHz, 0 %, 0 %
2026/09/20 10:44:02.633, 6, 180.17 W, 29, 120 MHz, 3996 MHz, 0 %, 0 %
2026/09/20 10:44:02.633, 7, 183.82 W, 29, 120 MHz, 3996 MHz, 0 %, 0 %
2026/09/20 10:44:03.633, 0, 278.64 W, 37, 2032 MHz, 3996 MHz, 31 %, 7 %
2026/09/20 10:44:03.633, 1, 304.48 W, 39, 2032 MHz, 3996 MHz, 30 %, 7 %
2026/09/20 10:44:03.633, 2, 296.89 W, 33, 2032 MHz, 3996 MHz, 31 %, 7 %
2026/09/20 10:44:03.633, 3, 296.08 W, 32, 2032 MHz, 3996 MHz, 30 %, 7 %
2026/09/20 10:44:03.633, 4, 183.25 W, 35, 120 MHz, 3996 MHz, 0 %, 0 %
2026/09/20 10:44:03.633, 5, 179.77 W, 33, 120 MHz, 3996 MHz, 0 %, 0 %
2026/09/20 10:44:03.633, 6, 180.17 W, 29, 120 MHz, 3996 MHz, 0 %, 0 %
2026/09/20 10:44:03.633, 7, 183.97 W, 29, 120 MHz, 3996 MHz, 0 %, 0 %
2026/09/20 10:44:04.634, 0, 259.60 W, 37, 2032 MHz, 3996 MHz, 0 %, 0 %
2026/09/20 10:44:04.634, 1, 239.59 W, 38, 2032 MHz, 3996 MHz, 0 %, 0 %
2026/09/20 10:44:04.634, 2, 226.85 W, 32, 2032 MHz, 3996 MHz, 0 %, 0 %
2026/09/20 10:44:04.634, 3, 237.12 W, 31, 2032 MHz, 3996 MHz, 0 %, 0 %
2026/09/20 10:44:04.634, 4, 183.25 W, 35, 120 MHz, 3996 MHz, 0 %, 0 %
2026/09/20 10:44:04.634, 5, 179.54 W, 33, 120 MHz, 3996 MHz, 0 %, 0 %
2026/09/20 10:44:04.634, 6, 180.17 W, 29, 120 MHz, 3996 MHz, 0 %, 0 %
2026/09/20 10:44:04.634, 7, 183.67 W, 29, 120 MHz, 3996 MHz, 0 %, 0 %
2026/09/20 10:44:05.634, 0, 231.98 W, 36, 2032 MHz, 3996 MHz, 0 %, 0 %
2026/09/20 10:44:05.634, 1, 235.88 W, 38, 2032 MHz, 3996 MHz, 0 %, 0 %
2026/09/20 10:44:05.634, 2, 226.18 W, 31, 2032 MHz, 3996 MHz, 0 %, 0 %
2026/09/20 10:44:05.634, 3, 231.59 W, 31, 2032 MHz, 3996 MHz, 0 %, 0 %
2026/09/20 10:44:05.634, 4, 183.25 W, 35, 120 MHz, 3996 MHz, 0 %, 0 %
2026/09/20 10:44:05.634, 5, 179.50 W, 33, 120 MHz, 3996 MHz, 0 %, 0 %
2026/09/20 10:44:05.634, 6, 180.17 W, 29, 120 MHz, 3996 MHz, 0 %, 0 %
2026/09/20 10:44:05.634, 7, 183.85 W, 29, 120 MHz, 3996 MHz, 0 %, 0 %
2026/09/20 10:44:06.634, 0, 231.87 W, 36, 2032 MHz, 3996 MHz, 0 %, 0 %
2026/09/20 10:44:06.634, 1, 235.88 W, 38, 2032 MHz, 3996 MHz, 0 %, 0 %
2026/09/20 10:44:06.634, 2, 226.10 W, 31, 2032 MHz, 3996 MHz, 0 %, 0 %
2026/09/20 10:44:06.634, 3, 231.39 W, 31, 2032 MHz, 3996 MHz, 0 %, 0 %
2026/09/20 10:44:06.634, 4, 183.25 W, 35, 120 MHz, 3996 MHz, 0 %, 0 %
2026/09/20 10:44:06.634, 5, 179.66 W, 33, 120 MHz, 3996 MHz, 0 %, 0 %
2026/09/20 10:44:06.634, 6, 180.17 W, 29, 120 MHz, 3996 MHz, 0 %, 0 %
2026/09/20 10:44:06.634, 7, 183.97 W, 29, 120 MHz, 3996 MHz, 0 %, 0 %
2026/09/20 10:44:07.634, 0, 231.83 W, 36, 2032 MHz, 3996 MHz, 0 %, 0 %
2026/09/20 10:44:07.634, 1, 235.88 W, 38, 2032 MHz, 3996 MHz, 0 %, 0 %
2026/09/20 10:44:07.634, 2, 226.18 W, 31, 2032 MHz, 3996 MHz, 0 %, 0 %
2026/09/20 10:44:07.634, 3, 231.24 W, 31, 2032 MHz, 3996 MHz, 0 %, 0 %
2026/09/20 10:44:07.635, 4, 183.25 W, 35, 120 MHz, 3996 MHz, 0 %, 0 %
2026/09/20 10:44:07.635, 5, 179.54 W, 33, 120 MHz, 3996 MHz, 0 %, 0 %
2026/09/20 10:44:07.635, 6, 180.17 W, 29, 120 MHz, 3996 MHz, 0 %, 0 %
2026/09/20 10:44:07.635, 7, 183.78 W, 29, 120 MHz, 3996 MHz, 0 %, 0 %
2026/09/20 10:44:08.635, 0, 231.83 W, 36, 2032 MHz, 3996 MHz, 0 %, 0 %
2026/09/20 10:44:08.635, 1, 235.84 W, 38, 2032 MHz, 3996 MHz, 0 %, 0 %
2026/09/20 10:44:08.635, 2, 226.10 W, 31, 2032 MHz, 3996 MHz, 0 %, 0 %
2026/09/20 10:44:08.635, 3, 231.07 W, 31, 2032 MHz, 3996 MHz, 0 %, 0 %
2026/09/20 10:44:08.635, 4, 183.25 W, 35, 120 MHz, 3996 MHz, 0 %, 0 %
2026/09/20 10:44:08.635, 5, 179.66 W, 33, 120 MHz, 3996 MHz, 0 %, 0 %
2026/09/20 10:44:08.635, 6, 180.17 W, 29, 120 MHz, 3996 MHz, 0 %, 0 %
2026/09/20 10:44:08.635, 7, 183.89 W, 29, 120 MHz, 3996 MHz, 0 %, 0 %
2026/09/20 10:44:09.635, 0, 231.91 W, 36, 2032 MHz, 3996 MHz, 0 %, 0 %
2026/09/20 10:44:09.635, 1, 235.88 W, 38, 2032 MHz, 3996 MHz, 0 %, 0 %
2026/09/20 10:44:09.635, 2, 226.06 W, 31, 2032 MHz, 3996 MHz, 0 %, 0 %
2026/09/20 10:44:09.635, 3, 230.97 W, 31, 2032 MHz, 3996 MHz, 0 %, 0 %
2026/09/20 10:44:09.635, 4, 183.25 W, 35, 120 MHz, 3996 MHz, 0 %, 0 %
2026/09/20 10:44:09.635, 5, 179.70 W, 33, 120 MHz, 3996 MHz, 0 %, 0 %
2026/09/20 10:44:09.635, 6, 180.17 W, 29, 120 MHz, 3996 MHz, 0 %, 0 %
2026/09/20 10:44:09.635, 7, 183.90 W, 29, 120 MHz, 3996 MHz, 0 %, 0 %
2026/09/20 10:44:10.635, 0, 231.83 W, 36, 2032 MHz, 3996 MHz, 0 %, 0 %
2026/09/20 10:44:10.635, 1, 235.88 W, 38, 2032 MHz, 3996 MHz, 0 %, 0 %
2026/09/20 10:44:10.635, 2, 226.02 W, 31, 2032 MHz, 3996 MHz, 0 %, 0 %
2026/09/20 10:44:10.635, 3, 231.06 W, 31, 2032 MHz, 3996 MHz, 0 %, 0 %
2026/09/20 10:44:10.635, 4, 183.25 W, 35, 120 MHz, 3996 MHz, 0 %, 0 %
2026/09/20 10:44:10.635, 5, 179.66 W, 33, 120 MHz, 3996 MHz, 0 %, 0 %
2026/09/20 10:44:10.635, 6, 180.17 W, 29, 120 MHz, 3996 MHz, 0 %, 0 %
2026/09/20 10:44:10.635, 7, 183.74 W, 29, 120 MHz, 3996 MHz, 0 %, 0 %
2026/09/20 10:44:11.635, 0, 232.10 W, 36, 2032 MHz, 3996 MHz, 0 %, 0 %
2026/09/20 10:44:11.636, 1, 235.92 W, 38, 2032 MHz, 3996 MHz, 0 %, 0 %
2026/09/20 10:44:11.636, 2, 226.29 W, 31, 2032 MHz, 3996 MHz, 0 %, 0 %
2026/09/20 10:44:11.636, 3, 231.31 W, 31, 2032 MHz, 3996 MHz, 0 %, 0 %
2026/09/20 10:44:11.636, 4, 183.25 W, 35, 120 MHz, 3996 MHz, 0 %, 0 %
2026/09/20 10:44:11.636, 5, 179.73 W, 33, 120 MHz, 3996 MHz, 0 %, 0 %
2026/09/20 10:44:11.636, 6, 180.17 W, 29, 120 MHz, 3996 MHz, 0 %, 0 %
2026/09/20 10:44:11.636, 7, 183.82 W, 29, 120 MHz, 3996 MHz, 0 %, 0 %
2026/09/20 10:44:12.636, 0, 231.83 W, 36, 2032 MHz, 3996 MHz, 0 %, 0 %
2026/09/20 10:44:12.636, 1, 235.88 W, 38, 2032 MHz, 3996 MHz, 0 %, 0 %
2026/09/20 10:44:12.636, 2, 226.06 W, 31, 2032 MHz, 3996 MHz, 0 %, 0 %
2026/09/20 10:44:12.636, 3, 230.47 W, 31, 2032 MHz, 3996 MHz, 0 %, 0 %
2026/09/20 10:44:12.636, 4, 183.25 W, 35, 120 MHz, 3996 MHz, 0 %, 0 %
2026/09/20 10:44:12.636, 5, 179.58 W, 33, 120 MHz, 3996 MHz, 0 %, 0 %
2026/09/20 10:44:12.636, 6, 180.17 W, 29, 120 MHz, 3996 MHz, 0 %, 0 %
2026/09/20 10:44:12.636, 7, 183.86 W, 29, 120 MHz, 3996 MHz, 0 %, 0 %
2026/09/20 10:44:13.636, 0, 231.83 W, 36, 2032 MHz, 3996 MHz, 0 %, 0 %
2026/09/20 10:44:13.636, 1, 235.84 W, 38, 2032 MHz, 3996 MHz, 0 %, 0 %
2026/09/20 10:44:13.636, 2, 225.99 W, 31, 2032 MHz, 3996 MHz, 0 %, 0 %
2026/09/20 10:44:13.636, 3, 231.02 W, 31, 2032 MHz, 3996 MHz, 0 %, 0 %
2026/09/20 10:44:13.636, 4, 183.25 W, 35, 120 MHz, 3996 MHz, 0 %, 0 %
2026/09/20 10:44:13.636, 5, 179.66 W, 33, 120 MHz, 3996 MHz, 0 %, 0 %
2026/09/20 10:44:13.636, 6, 180.17 W, 29, 120 MHz, 3996 MHz, 0 %, 0 %
2026/09/20 10:44:13.636, 7, 183.93 W, 29, 120 MHz, 3996 MHz, 0 %, 0 %
2026/09/20 10:44:14.636, 0, 231.83 W, 36, 2032 MHz, 3996 MHz, 0 %, 0 %
2026/09/20 10:44:14.636, 1, 235.80 W, 38, 2032 MHz, 3996 MHz, 0 %, 0 %
2026/09/20 10:44:14.636, 2, 225.98 W, 31, 2032 MHz, 3996 MHz, 0 %, 0 %
2026/09/20 10:44:14.636, 3, 230.65 W, 31, 2032 MHz, 3996 MHz, 0 %, 0 %
2026/09/20 10:44:14.636, 4, 183.25 W, 35, 120 MHz, 3996 MHz, 0 %, 0 %
2026/09/20 10:44:14.636, 5, 179.54 W, 33, 120 MHz, 3996 MHz, 0 %, 0 %
2026/09/20 10:44:14.636, 6, 180.17 W, 29, 120 MHz, 3996 MHz, 0 %, 0 %
2026/09/20 10:44:14.636, 7, 183.89 W, 29, 120 MHz, 3996 MHz, 0 %, 0 %
2026/09/20 10:44:15.637, 0, 231.83 W, 36, 2032 MHz, 3996 MHz, 0 %, 0 %
2026/09/20 10:44:15.637, 1, 235.84 W, 38, 2032 MHz, 3996 MHz, 0 %, 0 %
2026/09/20 10:44:15.637, 2, 225.99 W, 31, 2032 MHz, 3996 MHz, 0 %, 0 %
2026/09/20 10:44:15.637, 3, 230.40 W, 31, 2032 MHz, 3996 MHz, 0 %, 0 %
2026/09/20 10:44:15.637, 4, 183.25 W, 35, 120 MHz, 3996 MHz, 0 %, 0 %
2026/09/20 10:44:15.637, 5, 179.58 W, 33, 120 MHz, 3996 MHz, 0 %, 0 %
2026/09/20 10:44:15.637, 6, 180.17 W, 29, 120 MHz, 3996 MHz, 0 %, 0 %
2026/09/20 10:44:15.637, 7, 183.86 W, 29, 120 MHz, 3996 MHz, 0 %, 0 %
2026/09/20 10:44:16.637, 0, 231.83 W, 36, 2032 MHz, 3996 MHz, 0 %, 0 %
2026/09/20 10:44:16.637, 1, 235.80 W, 38, 2032 MHz, 3996 MHz, 0 %, 0 %
2026/09/20 10:44:16.637, 2, 226.03 W, 31, 2032 MHz, 3996 MHz, 0 %, 0 %
2026/09/20 10:44:16.637, 3, 230.33 W, 31, 2032 MHz, 3996 MHz, 0 %, 0 %
2026/09/20 10:44:16.637, 4, 183.25 W, 35, 120 MHz, 3996 MHz, 0 %, 0 %
2026/09/20 10:44:16.637, 5, 179.62 W, 33, 120 MHz, 3996 MHz, 0 %, 0 %
2026/09/20 10:44:16.637, 6, 180.17 W, 29, 120 MHz, 3996 MHz, 0 %, 0 %
2026/09/20 10:44:16.637, 7, 183.85 W, 29, 120 MHz, 3996 MHz, 0 %, 0 %
2026/09/20 10:44:17.637, 0, 231.83 W, 36, 2032 MHz, 3996 MHz, 0 %, 0 %
2026/09/20 10:44:17.637, 1, 235.84 W, 38, 2032 MHz, 3996 MHz, 0 %, 0 %
2026/09/20 10:44:17.637, 2, 225.99 W, 31, 2032 MHz, 3996 MHz, 0 %, 0 %
2026/09/20 10:44:17.637, 3, 229.98 W, 31, 2032 MHz, 3996 MHz, 0 %, 0 %
2026/09/20 10:44:17.637, 4, 183.25 W, 35, 120 MHz, 3996 MHz, 0 %, 0 %
2026/09/20 10:44:17.637, 5, 179.62 W, 33, 120 MHz, 3996 MHz, 0 %, 0 %
2026/09/20 10:44:17.637, 6, 180.17 W, 29, 120 MHz, 3996 MHz, 0 %, 0 %
2026/09/20 10:44:17.637, 7, 183.71 W, 29, 120 MHz, 3996 MHz, 0 %, 0 %
2026/09/20 10:44:18.637, 0, 231.83 W, 36, 2032 MHz, 3996 MHz, 0 %, 0 %
2026/09/20 10:44:18.637, 1, 235.88 W, 38, 2032 MHz, 3996 MHz, 0 %, 0 %
2026/09/20 10:44:18.637, 2, 225.99 W, 31, 2032 MHz, 3996 MHz, 0 %, 0 %
2026/09/20 10:44:18.637, 3, 230.29 W, 31, 2032 MHz, 3996 MHz, 0 %, 0 %
2026/09/20 10:44:18.637, 4, 183.25 W, 35, 120 MHz, 3996 MHz, 0 %, 0 %
2026/09/20 10:44:18.638, 5, 179.82 W, 33, 120 MHz, 3996 MHz, 0 %, 0 %
2026/09/20 10:44:18.638, 6, 180.17 W, 29, 120 MHz, 3996 MHz, 0 %, 0 %
2026/09/20 10:44:18.638, 7, 183.82 W, 29, 120 MHz, 3996 MHz, 0 %, 0 %
2026/09/20 10:44:19.638, 0, 232.38 W, 36, 2032 MHz, 3996 MHz, 12 %, 0 %
2026/09/20 10:44:19.638, 1, 235.88 W, 38, 2032 MHz, 3996 MHz, 0 %, 0 %
2026/09/20 10:44:19.638, 2, 227.15 W, 31, 2032 MHz, 3996 MHz, 12 %, 0 %
2026/09/20 10:44:19.638, 3, 230.13 W, 31, 2032 MHz, 3996 MHz, 0 %, 0 %
2026/09/20 10:44:19.638, 4, 183.25 W, 35, 120 MHz, 3996 MHz, 0 %, 0 %
2026/09/20 10:44:19.638, 5, 179.70 W, 33, 120 MHz, 3996 MHz, 0 %, 0 %
2026/09/20 10:44:19.638, 6, 180.17 W, 29, 120 MHz, 3996 MHz, 0 %, 0 %
2026/09/20 10:44:19.638, 7, 183.82 W, 29, 120 MHz, 3996 MHz, 0 %, 0 %
2026/09/20 10:44:20.638, 0, 241.05 W, 37, 2032 MHz, 3996 MHz, 0 %, 0 %
2026/09/20 10:44:20.638, 1, 235.79 W, 38, 2032 MHz, 3996 MHz, 7 %, 0 %
2026/09/20 10:44:20.638, 2, 232.57 W, 31, 2032 MHz, 3996 MHz, 0 %, 0 %
2026/09/20 10:44:20.638, 3, 231.31 W, 31, 2032 MHz, 3996 MHz, 12 %, 0 %
2026/09/20 10:44:20.638, 4, 183.25 W, 35, 120 MHz, 3996 MHz, 0 %, 0 %
2026/09/20 10:44:20.638, 5, 179.62 W, 33, 120 MHz, 3996 MHz, 0 %, 0 %
2026/09/20 10:44:20.638, 6, 180.17 W, 29, 120 MHz, 3996 MHz, 0 %, 0 %
2026/09/20 10:44:20.638, 7, 183.70 W, 29, 120 MHz, 3996 MHz, 0 %, 0 %
2026/09/20 10:44:21.638, 0, 232.80 W, 36, 2032 MHz, 3996 MHz, 0 %, 0 %
2026/09/20 10:44:21.638, 1, 242.13 W, 38, 2032 MHz, 3996 MHz, 16 %, 5 %
2026/09/20 10:44:21.638, 2, 226.15 W, 31, 2032 MHz, 3996 MHz, 0 %, 0 %
2026/09/20 10:44:21.638, 3, 237.01 W, 31, 2032 MHz, 3996 MHz, 0 %, 0 %
2026/09/20 10:44:21.638, 4, 183.25 W, 35, 120 MHz, 3996 MHz, 0 %, 0 %
2026/09/20 10:44:21.638, 5, 179.58 W, 33, 120 MHz, 3996 MHz, 0 %, 0 %
2026/09/20 10:44:21.638, 6, 180.17 W, 29, 120 MHz, 3996 MHz, 0 %, 0 %
2026/09/20 10:44:21.638, 7, 183.90 W, 29, 120 MHz, 3996 MHz, 0 %, 0 %
2026/09/20 10:44:22.638, 0, 238.20 W, 37, 2032 MHz, 3996 MHz, 0 %, 0 %
2026/09/20 10:44:22.638, 1, 243.40 W, 38, 2032 MHz, 3996 MHz, 0 %, 0 %
2026/09/20 10:44:22.639, 2, 232.73 W, 31, 2032 MHz, 3996 MHz, 0 %, 0 %
2026/09/20 10:44:22.639, 3, 236.95 W, 31, 2032 MHz, 3996 MHz, 0 %, 0 %
2026/09/20 10:44:22.639, 4, 183.25 W, 35, 120 MHz, 3996 MHz, 0 %, 0 %
2026/09/20 10:44:22.639, 5, 179.74 W, 33, 120 MHz, 3996 MHz, 0 %, 0 %
2026/09/20 10:44:22.639, 6, 180.17 W, 29, 120 MHz, 3996 MHz, 0 %, 0 %
2026/09/20 10:44:22.639, 7, 183.89 W, 29, 120 MHz, 3996 MHz, 0 %, 0 %
2026/09/20 10:44:23.639, 0, 231.83 W, 36, 2032 MHz, 3996 MHz, 0 %, 0 %
2026/09/20 10:44:23.639, 1, 235.73 W, 38, 2032 MHz, 3996 MHz, 0 %, 0 %
2026/09/20 10:44:23.639, 2, 225.99 W, 31, 2032 MHz, 3996 MHz, 0 %, 0 %
2026/09/20 10:44:23.639, 3, 230.07 W, 31, 2032 MHz, 3996 MHz, 0 %, 0 %
2026/09/20 10:44:23.639, 4, 183.25 W, 35, 120 MHz, 3996 MHz, 0 %, 0 %
2026/09/20 10:44:23.639, 5, 179.58 W, 33, 120 MHz, 3996 MHz, 0 %, 0 %
2026/09/20 10:44:23.639, 6, 180.17 W, 29, 120 MHz, 3996 MHz, 0 %, 0 %
2026/09/20 10:44:23.639, 7, 183.90 W, 29, 120 MHz, 3996 MHz, 0 %, 0 %
2026/09/20 10:44:24.639, 0, 231.83 W, 36, 2032 MHz, 3996 MHz, 0 %, 0 %
2026/09/20 10:44:24.639, 1, 235.76 W, 38, 2032 MHz, 3996 MHz, 0 %, 0 %
2026/09/20 10:44:24.639, 2, 225.99 W, 31, 2032 MHz, 3996 MHz, 0 %, 0 %
2026/09/20 10:44:24.639, 3, 230.18 W, 31, 2032 MHz, 3996 MHz, 0 %, 0 %
2026/09/20 10:44:24.639, 4, 183.25 W, 35, 120 MHz, 3996 MHz, 0 %, 0 %
2026/09/20 10:44:24.639, 5, 179.66 W, 33, 120 MHz, 3996 MHz, 0 %, 0 %
2026/09/20 10:44:24.639, 6, 180.17 W, 29, 120 MHz, 3996 MHz, 0 %, 0 %
2026/09/20 10:44:24.639, 7, 183.85 W, 29, 120 MHz, 3996 MHz, 0 %, 0 %
2026/09/20 10:44:25.639, 0, 231.83 W, 36, 2032 MHz, 3996 MHz, 0 %, 0 %
2026/09/20 10:44:25.639, 1, 235.84 W, 38, 2032 MHz, 3996 MHz, 0 %, 0 %
2026/09/20 10:44:25.639, 2, 225.99 W, 31, 2032 MHz, 3996 MHz, 0 %, 0 %
2026/09/20 10:44:25.639, 3, 230.29 W, 31, 2032 MHz, 3996 MHz, 0 %, 0 %
2026/09/20 10:44:25.639, 4, 183.25 W, 35, 120 MHz, 3996 MHz, 0 %, 0 %
2026/09/20 10:44:25.639, 5, 179.81 W, 33, 120 MHz, 3996 MHz, 0 %, 0 %
2026/09/20 10:44:25.639, 6, 180.17 W, 29, 120 MHz, 3996 MHz, 0 %, 0 %
2026/09/20 10:44:25.639, 7, 183.85 W, 29, 120 MHz, 3996 MHz, 0 %, 0 %
2026/09/20 10:44:26.640, 0, 231.83 W, 36, 2032 MHz, 3996 MHz, 0 %, 0 %
2026/09/20 10:44:26.640, 1, 235.80 W, 38, 2032 MHz, 3996 MHz, 0 %, 0 %
2026/09/20 10:44:26.640, 2, 225.99 W, 31, 2032 MHz, 3996 MHz, 0 %, 0 %
2026/09/20 10:44:26.640, 3, 229.99 W, 31, 2032 MHz, 3996 MHz, 0 %, 0 %
2026/09/20 10:44:26.640, 4, 183.25 W, 35, 120 MHz, 3996 MHz, 0 %, 0 %
2026/09/20 10:44:26.640, 5, 179.58 W, 33, 120 MHz, 3996 MHz, 0 %, 0 %
2026/09/20 10:44:26.640, 6, 180.17 W, 29, 120 MHz, 3996 MHz, 0 %, 0 %
2026/09/20 10:44:26.640, 7, 183.90 W, 29, 120 MHz, 3996 MHz, 0 %, 0 %
2026/09/20 10:44:27.640, 0, 231.83 W, 36, 2032 MHz, 3996 MHz, 0 %, 0 %
2026/09/20 10:44:27.640, 1, 235.88 W, 38, 2032 MHz, 3996 MHz, 0 %, 0 %
2026/09/20 10:44:27.640, 2, 225.99 W, 31, 2032 MHz, 3996 MHz, 0 %, 0 %
2026/09/20 10:44:27.640, 3, 229.80 W, 31, 2032 MHz, 3996 MHz, 0 %, 0 %
2026/09/20 10:44:27.640, 4, 183.25 W, 35, 120 MHz, 3996 MHz, 0 %, 0 %
2026/09/20 10:44:27.640, 5, 179.98 W, 33, 120 MHz, 3996 MHz, 0 %, 0 %
2026/09/20 10:44:27.640, 6, 180.17 W, 29, 120 MHz, 3996 MHz, 0 %, 0 %
2026/09/20 10:44:27.640, 7, 183.90 W, 29, 120 MHz, 3996 MHz, 0 %, 0 %
2026/09/20 10:44:28.640, 0, 231.83 W, 36, 2032 MHz, 3996 MHz, 0 %, 0 %
2026/09/20 10:44:28.640, 1, 235.80 W, 38, 2032 MHz, 3996 MHz, 0 %, 0 %
2026/09/20 10:44:28.640, 2, 225.99 W, 31, 2032 MHz, 3996 MHz, 0 %, 0 %
2026/09/20 10:44:28.640, 3, 230.01 W, 31, 2032 MHz, 3996 MHz, 0 %, 0 %
2026/09/20 10:44:28.640, 4, 183.25 W, 35, 120 MHz, 3996 MHz, 0 %, 0 %
2026/09/20 10:44:28.640, 5, 179.66 W, 33, 120 MHz, 3996 MHz, 0 %, 0 %
2026/09/20 10:44:28.640, 6, 180.17 W, 29, 120 MHz, 3996 MHz, 0 %, 0 %
2026/09/20 10:44:28.640, 7, 183.70 W, 29, 120 MHz, 3996 MHz, 0 %, 0 %
2026/09/20 10:44:29.640, 0, 231.87 W, 36, 2032 MHz, 3996 MHz, 0 %, 0 %
2026/09/20 10:44:29.640, 1, 235.88 W, 38, 2032 MHz, 3996 MHz, 0 %, 0 %
2026/09/20 10:44:29.640, 2, 226.02 W, 31, 2032 MHz, 3996 MHz, 0 %, 0 %
2026/09/20 10:44:29.640, 3, 230.21 W, 31, 2032 MHz, 3996 MHz, 0 %, 0 %
2026/09/20 10:44:29.640, 4, 183.25 W, 35, 120 MHz, 3996 MHz, 0 %, 0 %
2026/09/20 10:44:29.641, 5, 179.62 W, 33, 120 MHz, 3996 MHz, 0 %, 0 %
2026/09/20 10:44:29.641, 6, 180.17 W, 29, 120 MHz, 3996 MHz, 0 %, 0 %
2026/09/20 10:44:29.641, 7, 183.93 W, 29, 120 MHz, 3996 MHz, 0 %, 0 %
2026/09/20 10:44:30.641, 0, 231.83 W, 36, 2032 MHz, 3996 MHz, 0 %, 0 %
2026/09/20 10:44:30.641, 1, 235.88 W, 38, 2032 MHz, 3996 MHz, 0 %, 0 %
2026/09/20 10:44:30.641, 2, 225.99 W, 31, 2032 MHz, 3996 MHz, 0 %, 0 %
2026/09/20 10:44:30.641, 3, 230.13 W, 31, 2032 MHz, 3996 MHz, 0 %, 0 %
2026/09/20 10:44:30.641, 4, 183.25 W, 35, 120 MHz, 3996 MHz, 0 %, 0 %
2026/09/20 10:44:30.641, 5, 179.90 W, 33, 120 MHz, 3996 MHz, 0 %, 0 %
2026/09/20 10:44:30.641, 6, 180.17 W, 29, 120 MHz, 3996 MHz, 0 %, 0 %
2026/09/20 10:44:30.641, 7, 183.90 W, 29, 120 MHz, 3996 MHz, 0 %, 0 %
2026/09/20 10:44:31.641, 0, 231.83 W, 36, 2032 MHz, 3996 MHz, 0 %, 0 %
2026/09/20 10:44:31.641, 1, 235.88 W, 38, 2032 MHz, 3996 MHz, 0 %, 0 %
2026/09/20 10:44:31.641, 2, 225.99 W, 31, 2032 MHz, 3996 MHz, 0 %, 0 %
2026/09/20 10:44:31.641, 3, 230.14 W, 31, 2032 MHz, 3996 MHz, 0 %, 0 %
2026/09/20 10:44:31.641, 4, 183.25 W, 35, 120 MHz, 3996 MHz, 0 %, 0 %
2026/09/20 10:44:31.641, 5, 180.15 W, 33, 120 MHz, 3996 MHz, 0 %, 0 %
2026/09/20 10:44:31.641, 6, 180.17 W, 29, 120 MHz, 3996 MHz, 0 %, 0 %
2026/09/20 10:44:31.641, 7, 183.85 W, 29, 120 MHz, 3996 MHz, 0 %, 0 %
2026/09/20 10:44:32.641, 0, 231.83 W, 36, 2032 MHz, 3996 MHz, 0 %, 0 %
2026/09/20 10:44:32.641, 1, 235.69 W, 38, 2032 MHz, 3996 MHz, 0 %, 0 %
2026/09/20 10:44:32.641, 2, 225.99 W, 31, 2032 MHz, 3996 MHz, 0 %, 0 %
2026/09/20 10:44:32.641, 3, 229.99 W, 31, 2032 MHz, 3996 MHz, 0 %, 0 %
2026/09/20 10:44:32.641, 4, 183.25 W, 35, 120 MHz, 3996 MHz, 0 %, 0 %
2026/09/20 10:44:32.641, 5, 180.35 W, 33, 120 MHz, 3996 MHz, 0 %, 0 %
2026/09/20 10:44:32.641, 6, 180.17 W, 29, 120 MHz, 3996 MHz, 0 %, 0 %
2026/09/20 10:44:32.641, 7, 183.94 W, 29, 120 MHz, 3996 MHz, 0 %, 0 %
2026/09/20 10:44:33.641, 0, 231.83 W, 36, 2032 MHz, 3996 MHz, 0 %, 0 %
2026/09/20 10:44:33.641, 1, 235.80 W, 38, 2032 MHz, 3996 MHz, 0 %, 0 %
2026/09/20 10:44:33.642, 2, 225.99 W, 31, 2032 MHz, 3996 MHz, 0 %, 0 %
2026/09/20 10:44:33.642, 3, 229.80 W, 31, 2032 MHz, 3996 MHz, 0 %, 0 %
2026/09/20 10:44:33.642, 4, 183.25 W, 35, 120 MHz, 3996 MHz, 0 %, 0 %
2026/09/20 10:44:33.642, 5, 179.90 W, 33, 120 MHz, 3996 MHz, 0 %, 0 %
2026/09/20 10:44:33.642, 6, 180.17 W, 29, 120 MHz, 3996 MHz, 0 %, 0 %
2026/09/20 10:44:33.642, 7, 183.97 W, 29, 120 MHz, 3996 MHz, 0 %, 0 %
2026/09/20 10:44:34.642, 0, 231.83 W, 36, 2032 MHz, 3996 MHz, 0 %, 0 %
2026/09/20 10:44:34.642, 1, 235.84 W, 38, 2032 MHz, 3996 MHz, 0 %, 0 %
2026/09/20 10:44:34.642, 2, 225.99 W, 31, 2032 MHz, 3996 MHz, 0 %, 0 %
2026/09/20 10:44:34.642, 3, 229.93 W, 31, 2032 MHz, 3996 MHz, 0 %, 0 %
2026/09/20 10:44:34.642, 4, 183.25 W, 35, 120 MHz, 3996 MHz, 0 %, 0 %
2026/09/20 10:44:34.642, 5, 179.97 W, 33, 120 MHz, 3996 MHz, 0 %, 0 %
2026/09/20 10:44:34.642, 6, 180.17 W, 29, 120 MHz, 3996 MHz, 0 %, 0 %
2026/09/20 10:44:34.642, 7, 184.05 W, 29, 120 MHz, 3996 MHz, 0 %, 0 %
2026/09/20 10:44:35.642, 0, 231.83 W, 36, 2032 MHz, 3996 MHz, 0 %, 0 %
2026/09/20 10:44:35.642, 1, 235.80 W, 38, 2032 MHz, 3996 MHz, 0 %, 0 %
2026/09/20 10:44:35.642, 2, 225.99 W, 31, 2032 MHz, 3996 MHz, 0 %, 0 %
2026/09/20 10:44:35.642, 3, 229.84 W, 31, 2032 MHz, 3996 MHz, 0 %, 0 %
2026/09/20 10:44:35.642, 4, 183.25 W, 35, 120 MHz, 3996 MHz, 0 %, 0 %
2026/09/20 10:44:35.642, 5, 179.85 W, 33, 120 MHz, 3996 MHz, 0 %, 0 %
2026/09/20 10:44:35.642, 6, 180.17 W, 29, 120 MHz, 3996 MHz, 0 %, 0 %
2026/09/20 10:44:35.642, 7, 183.98 W, 29, 120 MHz, 3996 MHz, 0 %, 0 %
2026/09/20 10:44:36.642, 0, 231.83 W, 36, 2032 MHz, 3996 MHz, 0 %, 0 %
2026/09/20 10:44:36.642, 1, 235.84 W, 38, 2032 MHz, 3996 MHz, 0 %, 0 %
2026/09/20 10:44:36.642, 2, 225.99 W, 31, 2032 MHz, 3996 MHz, 0 %, 0 %
2026/09/20 10:44:36.642, 3, 230.01 W, 31, 2032 MHz, 3996 MHz, 0 %, 0 %
2026/09/20 10:44:36.642, 4, 183.25 W, 35, 120 MHz, 3996 MHz, 0 %, 0 %
2026/09/20 10:44:36.642, 5, 179.97 W, 33, 120 MHz, 3996 MHz, 0 %, 0 %
2026/09/20 10:44:36.642, 6, 180.17 W, 29, 120 MHz, 3996 MHz, 0 %, 0 %
2026/09/20 10:44:36.642, 7, 184.05 W, 29, 120 MHz, 3996 MHz, 0 %, 0 %
2026/09/20 10:44:37.643, 0, 231.83 W, 36, 2032 MHz, 3996 MHz, 0 %, 0 %
2026/09/20 10:44:37.643, 1, 235.80 W, 38, 2032 MHz, 3996 MHz, 0 %, 0 %
2026/09/20 10:44:37.643, 2, 225.99 W, 31, 2032 MHz, 3996 MHz, 0 %, 0 %
2026/09/20 10:44:37.643, 3, 229.86 W, 31, 2032 MHz, 3996 MHz, 0 %, 0 %
2026/09/20 10:44:37.643, 4, 183.25 W, 35, 120 MHz, 3996 MHz, 0 %, 0 %
2026/09/20 10:44:37.643, 5, 180.04 W, 33, 120 MHz, 3996 MHz, 0 %, 0 %
2026/09/20 10:44:37.643, 6, 180.17 W, 29, 120 MHz, 3996 MHz, 0 %, 0 %
2026/09/20 10:44:37.643, 7, 183.93 W, 29, 120 MHz, 3996 MHz, 0 %, 0 %
2026/09/20 10:44:38.643, 0, 231.83 W, 36, 2032 MHz, 3996 MHz, 0 %, 0 %
2026/09/20 10:44:38.643, 1, 235.84 W, 38, 2032 MHz, 3996 MHz, 0 %, 0 %
2026/09/20 10:44:38.643, 2, 225.99 W, 31, 2032 MHz, 3996 MHz, 0 %, 0 %
2026/09/20 10:44:38.643, 3, 229.99 W, 31, 2032 MHz, 3996 MHz, 0 %, 0 %
2026/09/20 10:44:38.643, 4, 183.25 W, 35, 120 MHz, 3996 MHz, 0 %, 0 %
2026/09/20 10:44:38.643, 5, 179.86 W, 33, 120 MHz, 3996 MHz, 0 %, 0 %
2026/09/20 10:44:38.643, 6, 180.17 W, 29, 120 MHz, 3996 MHz, 0 %, 0 %
2026/09/20 10:44:38.643, 7, 183.90 W, 29, 120 MHz, 3996 MHz, 0 %, 0 %
2026/09/20 10:44:39.643, 0, 231.83 W, 36, 2032 MHz, 3996 MHz, 0 %, 0 %
2026/09/20 10:44:39.643, 1, 235.88 W, 38, 2032 MHz, 3996 MHz, 0 %, 0 %
2026/09/20 10:44:39.643, 2, 225.99 W, 31, 2032 MHz, 3996 MHz, 0 %, 0 %
2026/09/20 10:44:39.643, 3, 230.28 W, 31, 2032 MHz, 3996 MHz, 0 %, 0 %
2026/09/20 10:44:39.643, 4, 183.25 W, 35, 120 MHz, 3996 MHz, 0 %, 0 %
2026/09/20 10:44:39.643, 5, 179.97 W, 33, 120 MHz, 3996 MHz, 0 %, 0 %
2026/09/20 10:44:39.643, 6, 180.17 W, 29, 120 MHz, 3996 MHz, 0 %, 0 %
2026/09/20 10:44:39.643, 7, 184.01 W, 29, 120 MHz, 3996 MHz, 0 %, 0 %
2026/09/20 10:44:40.643, 0, 231.83 W, 36, 2032 MHz, 3996 MHz, 0 %, 0 %
2026/09/20 10:44:40.643, 1, 235.76 W, 38, 2032 MHz, 3996 MHz, 0 %, 0 %
2026/09/20 10:44:40.643, 2, 225.99 W, 31, 2032 MHz, 3996 MHz, 0 %, 0 %
2026/09/20 10:44:40.643, 3, 229.99 W, 31, 2032 MHz, 3996 MHz, 0 %, 0 %
2026/09/20 10:44:40.643, 4, 183.25 W, 35, 120 MHz, 3996 MHz, 0 %, 0 %
2026/09/20 10:44:40.643, 5, 179.93 W, 33, 120 MHz, 3996 MHz, 0 %, 0 %
2026/09/20 10:44:40.644, 6, 180.17 W, 29, 120 MHz, 3996 MHz, 0 %, 0 %
2026/09/20 10:44:40.644, 7, 184.01 W, 29, 120 MHz, 3996 MHz, 0 %, 0 %
2026/09/20 10:44:41.644, 0, 231.83 W, 36, 2032 MHz, 3996 MHz, 0 %, 0 %
2026/09/20 10:44:41.644, 1, 235.84 W, 38, 2032 MHz, 3996 MHz, 0 %, 0 %
2026/09/20 10:44:41.644, 2, 225.98 W, 31, 2032 MHz, 3996 MHz, 0 %, 0 %
2026/09/20 10:44:41.644, 3, 230.16 W, 31, 2032 MHz, 3996 MHz, 0 %, 0 %
2026/09/20 10:44:41.644, 4, 183.25 W, 35, 120 MHz, 3996 MHz, 0 %, 0 %
2026/09/20 10:44:41.644, 5, 179.82 W, 33, 120 MHz, 3996 MHz, 0 %, 0 %
2026/09/20 10:44:41.644, 6, 180.17 W, 29, 120 MHz, 3996 MHz, 0 %, 0 %
2026/09/20 10:44:41.644, 7, 183.94 W, 29, 120 MHz, 3996 MHz, 0 %, 0 %
2026/09/20 10:44:42.644, 0, 231.83 W, 36, 2032 MHz, 3996 MHz, 0 %, 0 %
2026/09/20 10:44:42.644, 1, 235.84 W, 38, 2032 MHz, 3996 MHz, 0 %, 0 %
2026/09/20 10:44:42.644, 2, 225.99 W, 31, 2032 MHz, 3996 MHz, 0 %, 0 %
2026/09/20 10:44:42.644, 3, 230.21 W, 31, 2032 MHz, 3996 MHz, 0 %, 0 %
2026/09/20 10:44:42.644, 4, 183.25 W, 35, 120 MHz, 3996 MHz, 0 %, 0 %
2026/09/20 10:44:42.644, 5, 180.00 W, 33, 120 MHz, 3996 MHz, 0 %, 0 %
2026/09/20 10:44:42.644, 6, 180.17 W, 29, 120 MHz, 3996 MHz, 0 %, 0 %
2026/09/20 10:44:42.644, 7, 184.02 W, 29, 120 MHz, 3996 MHz, 0 %, 0 %
2026/09/20 10:44:43.644, 0, 231.83 W, 36, 2032 MHz, 3996 MHz, 0 %, 0 %
2026/09/20 10:44:43.644, 1, 235.88 W, 38, 2032 MHz, 3996 MHz, 0 %, 0 %
2026/09/20 10:44:43.644, 2, 225.99 W, 31, 2032 MHz, 3996 MHz, 0 %, 0 %
2026/09/20 10:44:43.644, 3, 230.14 W, 31, 2032 MHz, 3996 MHz, 0 %, 0 %
2026/09/20 10:44:43.644, 4, 183.25 W, 35, 120 MHz, 3996 MHz, 0 %, 0 %
2026/09/20 10:44:43.644, 5, 179.89 W, 33, 120 MHz, 3996 MHz, 0 %, 0 %
2026/09/20 10:44:43.644, 6, 180.17 W, 29, 120 MHz, 3996 MHz, 0 %, 0 %
2026/09/20 10:44:43.644, 7, 184.01 W, 29, 120 MHz, 3996 MHz, 0 %, 0 %
2026/09/20 10:44:44.644, 0, 232.18 W, 36, 2032 MHz, 3996 MHz, 1 %, 0 %
2026/09/20 10:44:44.645, 1, 235.88 W, 38, 2032 MHz, 3996 MHz, 0 %, 0 %
2026/09/20 10:44:44.645, 2, 226.25 W, 31, 2032 MHz, 3996 MHz, 0 %, 0 %
2026/09/20 10:44:44.645, 3, 230.35 W, 31, 2032 MHz, 3996 MHz, 0 %, 0 %
2026/09/20 10:44:44.645, 4, 183.25 W, 35, 120 MHz, 3996 MHz, 0 %, 0 %
2026/09/20 10:44:44.645, 5, 179.85 W, 33, 120 MHz, 3996 MHz, 0 %, 0 %
2026/09/20 10:44:44.645, 6, 180.17 W, 29, 120 MHz, 3996 MHz, 0 %, 0 %
2026/09/20 10:44:44.645, 7, 183.97 W, 29, 120 MHz, 3996 MHz, 0 %, 0 %
2026/09/20 10:44:45.645, 0, 231.83 W, 36, 2032 MHz, 3996 MHz, 0 %, 0 %
2026/09/20 10:44:45.645, 1, 235.88 W, 38, 2032 MHz, 3996 MHz, 0 %, 0 %
2026/09/20 10:44:45.645, 2, 225.98 W, 31, 2032 MHz, 3996 MHz, 0 %, 0 %
2026/09/20 10:44:45.645, 3, 230.30 W, 31, 2032 MHz, 3996 MHz, 0 %, 0 %
2026/09/20 10:44:45.645, 4, 183.25 W, 35, 120 MHz, 3996 MHz, 0 %, 0 %
2026/09/20 10:44:45.645, 5, 179.85 W, 33, 120 MHz, 3996 MHz, 0 %, 0 %
2026/09/20 10:44:45.645, 6, 180.17 W, 29, 120 MHz, 3996 MHz, 0 %, 0 %
2026/09/20 10:44:45.645, 7, 183.97 W, 29, 120 MHz, 3996 MHz, 0 %, 0 %
2026/09/20 10:44:46.645, 0, 231.83 W, 36, 2032 MHz, 3996 MHz, 0 %, 0 %
2026/09/20 10:44:46.645, 1, 235.88 W, 38, 2032 MHz, 3996 MHz, 0 %, 0 %
2026/09/20 10:44:46.645, 2, 225.99 W, 31, 2032 MHz, 3996 MHz, 0 %, 0 %
2026/09/20 10:44:46.645, 3, 230.14 W, 31, 2032 MHz, 3996 MHz, 0 %, 0 %
2026/09/20 10:44:46.645, 4, 183.25 W, 35, 120 MHz, 3996 MHz, 0 %, 0 %
2026/09/20 10:44:46.645, 5, 179.93 W, 33, 120 MHz, 3996 MHz, 0 %, 0 %
2026/09/20 10:44:46.645, 6, 180.17 W, 29, 120 MHz, 3996 MHz, 0 %, 0 %
2026/09/20 10:44:46.645, 7, 183.97 W, 29, 120 MHz, 3996 MHz, 0 %, 0 %
2026/09/20 10:44:47.645, 0, 231.83 W, 36, 2032 MHz, 3996 MHz, 0 %, 0 %
2026/09/20 10:44:47.645, 1, 235.84 W, 38, 2032 MHz, 3996 MHz, 0 %, 0 %
2026/09/20 10:44:47.645, 2, 225.98 W, 31, 2032 MHz, 3996 MHz, 0 %, 0 %
2026/09/20 10:44:47.645, 3, 229.85 W, 31, 2032 MHz, 3996 MHz, 0 %, 0 %
2026/09/20 10:44:47.645, 4, 183.25 W, 35, 120 MHz, 3996 MHz, 0 %, 0 %
2026/09/20 10:44:47.645, 5, 179.93 W, 33, 120 MHz, 3996 MHz, 0 %, 0 %
2026/09/20 10:44:47.645, 6, 180.17 W, 29, 120 MHz, 3996 MHz, 0 %, 0 %
2026/09/20 10:44:47.646, 7, 183.86 W, 29, 120 MHz, 3996 MHz, 0 %, 0 %
2026/09/20 10:44:48.646, 0, 231.83 W, 36, 2032 MHz, 3996 MHz, 0 %, 0 %
2026/09/20 10:44:48.646, 1, 235.84 W, 38, 2032 MHz, 3996 MHz, 0 %, 0 %
2026/09/20 10:44:48.646, 2, 225.99 W, 31, 2032 MHz, 3996 MHz, 0 %, 0 %
2026/09/20 10:44:48.646, 3, 229.97 W, 31, 2032 MHz, 3996 MHz, 0 %, 0 %
2026/09/20 10:44:48.646, 4, 183.25 W, 35, 120 MHz, 3996 MHz, 0 %, 0 %
2026/09/20 10:44:48.646, 5, 180.15 W, 33, 120 MHz, 3996 MHz, 0 %, 0 %
2026/09/20 10:44:48.646, 6, 180.17 W, 29, 120 MHz, 3996 MHz, 0 %, 0 %
2026/09/20 10:44:48.646, 7, 183.93 W, 29, 120 MHz, 3996 MHz, 0 %, 0 %
2026/09/20 10:44:49.646, 0, 231.83 W, 36, 2032 MHz, 3996 MHz, 0 %, 0 %
2026/09/20 10:44:49.646, 1, 235.88 W, 38, 2032 MHz, 3996 MHz, 0 %, 0 %
2026/09/20 10:44:49.646, 2, 225.99 W, 31, 2032 MHz, 3996 MHz, 0 %, 0 %
2026/09/20 10:44:49.646, 3, 230.06 W, 31, 2032 MHz, 3996 MHz, 0 %, 0 %
2026/09/20 10:44:49.646, 4, 183.25 W, 35, 120 MHz, 3996 MHz, 0 %, 0 %
2026/09/20 10:44:49.646, 5, 180.21 W, 33, 120 MHz, 3996 MHz, 0 %, 0 %
2026/09/20 10:44:49.646, 6, 180.17 W, 29, 120 MHz, 3996 MHz, 0 %, 0 %
2026/09/20 10:44:49.646, 7, 183.97 W, 29, 120 MHz, 3996 MHz, 0 %, 0 %
2026/09/20 10:44:50.646, 0, 231.83 W, 36, 2032 MHz, 3996 MHz, 0 %, 0 %
2026/09/20 10:44:50.646, 1, 235.84 W, 38, 2032 MHz, 3996 MHz, 0 %, 0 %
2026/09/20 10:44:50.646, 2, 225.98 W, 31, 2032 MHz, 3996 MHz, 0 %, 0 %
2026/09/20 10:44:50.646, 3, 230.32 W, 31, 2032 MHz, 3996 MHz, 0 %, 0 %
2026/09/20 10:44:50.646, 4, 183.25 W, 35, 120 MHz, 3996 MHz, 0 %, 0 %
2026/09/20 10:44:50.646, 5, 179.96 W, 33, 120 MHz, 3996 MHz, 0 %, 0 %
2026/09/20 10:44:50.646, 6, 180.17 W, 29, 120 MHz, 3996 MHz, 0 %, 0 %
2026/09/20 10:44:50.646, 7, 183.89 W, 29, 120 MHz, 3996 MHz, 0 %, 0 %
2026/09/20 10:44:51.646, 0, 231.83 W, 36, 2032 MHz, 3996 MHz, 0 %, 0 %
2026/09/20 10:44:51.646, 1, 235.84 W, 38, 2032 MHz, 3996 MHz, 0 %, 0 %
2026/09/20 10:44:51.646, 2, 225.99 W, 31, 2032 MHz, 3996 MHz, 0 %, 0 %
2026/09/20 10:44:51.646, 3, 230.02 W, 31, 2032 MHz, 3996 MHz, 0 %, 0 %
2026/09/20 10:44:51.646, 4, 183.25 W, 35, 120 MHz, 3996 MHz, 0 %, 0 %
2026/09/20 10:44:51.646, 5, 180.05 W, 33, 120 MHz, 3996 MHz, 0 %, 0 %
2026/09/20 10:44:51.646, 6, 180.17 W, 29, 120 MHz, 3996 MHz, 0 %, 0 %
2026/09/20 10:44:51.647, 7, 184.05 W, 29, 120 MHz, 3996 MHz, 0 %, 0 %
2026/09/20 10:44:52.647, 0, 231.83 W, 36, 2032 MHz, 3996 MHz, 0 %, 0 %
2026/09/20 10:44:52.647, 1, 235.84 W, 38, 2032 MHz, 3996 MHz, 0 %, 0 %
2026/09/20 10:44:52.647, 2, 225.98 W, 31, 2032 MHz, 3996 MHz, 0 %, 0 %
2026/09/20 10:44:52.647, 3, 230.25 W, 31, 2032 MHz, 3996 MHz, 0 %, 0 %
2026/09/20 10:44:52.647, 4, 183.25 W, 35, 120 MHz, 3996 MHz, 0 %, 0 %
2026/09/20 10:44:52.647, 5, 180.04 W, 33, 120 MHz, 3996 MHz, 0 %, 0 %
2026/09/20 10:44:52.647, 6, 180.17 W, 29, 120 MHz, 3996 MHz, 0 %, 0 %
2026/09/20 10:44:52.647, 7, 184.01 W, 29, 120 MHz, 3996 MHz, 0 %, 0 %
2026/09/20 10:44:53.647, 0, 231.83 W, 36, 2032 MHz, 3996 MHz, 0 %, 0 %
2026/09/20 10:44:53.647, 1, 235.80 W, 38, 2032 MHz, 3996 MHz, 0 %, 0 %
2026/09/20 10:44:53.647, 2, 225.99 W, 31, 2032 MHz, 3996 MHz, 0 %, 0 %
2026/09/20 10:44:53.647, 3, 229.94 W, 31, 2032 MHz, 3996 MHz, 0 %, 0 %
2026/09/20 10:44:53.647, 4, 183.25 W, 35, 120 MHz, 3996 MHz, 0 %, 0 %
2026/09/20 10:44:53.647, 5, 180.01 W, 33, 120 MHz, 3996 MHz, 0 %, 0 %
2026/09/20 10:44:53.647, 6, 180.17 W, 29, 120 MHz, 3996 MHz, 0 %, 0 %
2026/09/20 10:44:53.647, 7, 183.97 W, 29, 120 MHz, 3996 MHz, 0 %, 0 %
2026/09/20 10:44:54.647, 0, 231.83 W, 36, 2032 MHz, 3996 MHz, 0 %, 0 %
2026/09/20 10:44:54.647, 1, 235.88 W, 38, 2032 MHz, 3996 MHz, 0 %, 0 %
2026/09/20 10:44:54.647, 2, 225.99 W, 31, 2032 MHz, 3996 MHz, 0 %, 0 %
2026/09/20 10:44:54.647, 3, 230.06 W, 31, 2032 MHz, 3996 MHz, 0 %, 0 %
2026/09/20 10:44:54.647, 4, 183.25 W, 35, 120 MHz, 3996 MHz, 0 %, 0 %
2026/09/20 10:44:54.647, 5, 179.85 W, 33, 120 MHz, 3996 MHz, 0 %, 0 %
2026/09/20 10:44:54.647, 6, 180.17 W, 29, 120 MHz, 3996 MHz, 0 %, 0 %
2026/09/20 10:44:54.647, 7, 183.97 W, 29, 120 MHz, 3996 MHz, 0 %, 0 %
2026/09/20 10:44:55.647, 0, 231.83 W, 36, 2032 MHz, 3996 MHz, 0 %, 0 %
2026/09/20 10:44:55.647, 1, 235.84 W, 38, 2032 MHz, 3996 MHz, 0 %, 0 %
2026/09/20 10:44:55.647, 2, 225.98 W, 31, 2032 MHz, 3996 MHz, 0 %, 0 %
2026/09/20 10:44:55.647, 3, 230.17 W, 31, 2032 MHz, 3996 MHz, 0 %, 0 %
2026/09/20 10:44:55.647, 4, 183.25 W, 35, 120 MHz, 3996 MHz, 0 %, 0 %
2026/09/20 10:44:55.647, 5, 179.81 W, 33, 120 MHz, 3996 MHz, 0 %, 0 %
2026/09/20 10:44:55.648, 6, 180.17 W, 29, 120 MHz, 3996 MHz, 0 %, 0 %
2026/09/20 10:44:55.648, 7, 184.01 W, 29, 120 MHz, 3996 MHz, 0 %, 0 %
2026/09/20 10:44:56.648, 0, 231.83 W, 36, 2032 MHz, 3996 MHz, 0 %, 0 %
2026/09/20 10:44:56.648, 1, 235.88 W, 38, 2032 MHz, 3996 MHz, 0 %, 0 %
2026/09/20 10:44:56.648, 2, 225.98 W, 31, 2032 MHz, 3996 MHz, 0 %, 0 %
2026/09/20 10:44:56.648, 3, 229.95 W, 31, 2032 MHz, 3996 MHz, 0 %, 0 %
2026/09/20 10:44:56.648, 4, 183.25 W, 35, 120 MHz, 3996 MHz, 0 %, 0 %
2026/09/20 10:44:56.648, 5, 179.82 W, 33, 120 MHz, 3996 MHz, 0 %, 0 %
2026/09/20 10:44:56.648, 6, 180.17 W, 29, 120 MHz, 3996 MHz, 0 %, 0 %
2026/09/20 10:44:56.648, 7, 184.05 W, 29, 120 MHz, 3996 MHz, 0 %, 0 %
2026/09/20 10:44:57.648, 0, 231.83 W, 36, 2032 MHz, 3996 MHz, 0 %, 0 %
2026/09/20 10:44:57.648, 1, 235.80 W, 38, 2032 MHz, 3996 MHz, 0 %, 0 %
2026/09/20 10:44:57.648, 2, 225.99 W, 31, 2032 MHz, 3996 MHz, 0 %, 0 %
2026/09/20 10:44:57.648, 3, 230.10 W, 31, 2032 MHz, 3996 MHz, 0 %, 0 %
2026/09/20 10:44:57.648, 4, 183.25 W, 35, 120 MHz, 3996 MHz, 0 %, 0 %
2026/09/20 10:44:57.648, 5, 179.92 W, 33, 120 MHz, 3996 MHz, 0 %, 0 %
2026/09/20 10:44:57.648, 6, 180.17 W, 29, 120 MHz, 3996 MHz, 0 %, 0 %
2026/09/20 10:44:57.648, 7, 183.97 W, 29, 120 MHz, 3996 MHz, 0 %, 0 %
2026/09/20 10:44:58.648, 0, 231.83 W, 36, 2032 MHz, 3996 MHz, 0 %, 0 %
2026/09/20 10:44:58.648, 1, 235.84 W, 38, 2032 MHz, 3996 MHz, 0 %, 0 %
2026/09/20 10:44:58.648, 2, 225.98 W, 31, 2032 MHz, 3996 MHz, 0 %, 0 %
2026/09/20 10:44:58.648, 3, 229.93 W, 31, 2032 MHz, 3996 MHz, 0 %, 0 %
2026/09/20 10:44:58.648, 4, 183.25 W, 35, 120 MHz, 3996 MHz, 0 %, 0 %
2026/09/20 10:44:58.648, 5, 180.05 W, 33, 120 MHz, 3996 MHz, 0 %, 0 %
2026/09/20 10:44:58.648, 6, 180.17 W, 29, 120 MHz, 3996 MHz, 0 %, 0 %
2026/09/20 10:44:58.648, 7, 183.97 W, 29, 120 MHz, 3996 MHz, 0 %, 0 %
2026/09/20 10:44:59.648, 0, 231.83 W, 36, 2032 MHz, 3996 MHz, 0 %, 0 %
2026/09/20 10:44:59.648, 1, 235.84 W, 38, 2032 MHz, 3996 MHz, 0 %, 0 %
2026/09/20 10:44:59.648, 2, 225.98 W, 31, 2032 MHz, 3996 MHz, 0 %, 0 %
2026/09/20 10:44:59.648, 3, 230.37 W, 31, 2032 MHz, 3996 MHz, 0 %, 0 %
2026/09/20 10:44:59.648, 4, 183.25 W, 35, 120 MHz, 3996 MHz, 0 %, 0 %
2026/09/20 10:44:59.648, 5, 179.82 W, 33, 120 MHz, 3996 MHz, 0 %, 0 %
2026/09/20 10:44:59.649, 6, 180.17 W, 29, 120 MHz, 3996 MHz, 0 %, 0 %
2026/09/20 10:44:59.649, 7, 184.01 W, 29, 120 MHz, 3996 MHz, 0 %, 0 %
2026/09/20 10:45:00.649, 0, 231.87 W, 36, 2032 MHz, 3996 MHz, 0 %, 0 %
2026/09/20 10:45:00.649, 1, 235.84 W, 38, 2032 MHz, 3996 MHz, 0 %, 0 %
2026/09/20 10:45:00.649, 2, 225.99 W, 31, 2032 MHz, 3996 MHz, 0 %, 0 %
2026/09/20 10:45:00.649, 3, 230.02 W, 31, 2032 MHz, 3996 MHz, 0 %, 0 %
2026/09/20 10:45:00.649, 4, 183.25 W, 35, 120 MHz, 3996 MHz, 0 %, 0 %
2026/09/20 10:45:00.649, 5, 180.01 W, 33, 120 MHz, 3996 MHz, 0 %, 0 %
2026/09/20 10:45:00.649, 6, 180.17 W, 29, 120 MHz, 3996 MHz, 0 %, 0 %
2026/09/20 10:45:00.649, 7, 184.05 W, 29, 120 MHz, 3996 MHz, 0 %, 0 %
2026/09/20 10:45:01.649, 0, 231.83 W, 36, 2032 MHz, 3996 MHz, 0 %, 0 %
2026/09/20 10:45:01.649, 1, 235.84 W, 38, 2032 MHz, 3996 MHz, 0 %, 0 %
2026/09/20 10:45:01.649, 2, 225.98 W, 31, 2032 MHz, 3996 MHz, 0 %, 0 %
2026/09/20 10:45:01.649, 3, 229.95 W, 31, 2032 MHz, 3996 MHz, 0 %, 0 %
2026/09/20 10:45:01.649, 4, 183.25 W, 35, 120 MHz, 3996 MHz, 0 %, 0 %
2026/09/20 10:45:01.649, 5, 180.13 W, 33, 120 MHz, 3996 MHz, 0 %, 0 %
2026/09/20 10:45:01.649, 6, 180.17 W, 29, 120 MHz, 3996 MHz, 0 %, 0 %
2026/09/20 10:45:01.649, 7, 183.97 W, 29, 120 MHz, 3996 MHz, 0 %, 0 %
2026/09/20 10:45:02.649, 0, 231.83 W, 36, 2032 MHz, 3996 MHz, 0 %, 0 %
2026/09/20 10:45:02.649, 1, 235.80 W, 38, 2032 MHz, 3996 MHz, 0 %, 0 %
2026/09/20 10:45:02.649, 2, 225.99 W, 31, 2032 MHz, 3996 MHz, 0 %, 0 %
2026/09/20 10:45:02.649, 3, 229.92 W, 31, 2032 MHz, 3996 MHz, 0 %, 0 %
2026/09/20 10:45:02.649, 4, 183.25 W, 35, 120 MHz, 3996 MHz, 0 %, 0 %
2026/09/20 10:45:02.649, 5, 179.89 W, 33, 120 MHz, 3996 MHz, 0 %, 0 %
2026/09/20 10:45:02.649, 6, 180.17 W, 29, 120 MHz, 3996 MHz, 0 %, 0 %
2026/09/20 10:45:02.649, 7, 184.05 W, 29, 120 MHz, 3996 MHz, 0 %, 0 %
2026/09/20 10:45:03.649, 0, 231.83 W, 36, 2032 MHz, 3996 MHz, 0 %, 0 %
2026/09/20 10:45:03.650, 1, 235.84 W, 38, 2032 MHz, 3996 MHz, 0 %, 0 %
2026/09/20 10:45:03.650, 2, 225.99 W, 31, 2032 MHz, 3996 MHz, 0 %, 0 %
2026/09/20 10:45:03.650, 3, 229.98 W, 31, 2032 MHz, 3996 MHz, 0 %, 0 %
2026/09/20 10:45:03.650, 4, 183.25 W, 35, 120 MHz, 3996 MHz, 0 %, 0 %
2026/09/20 10:45:03.650, 5, 180.04 W, 33, 120 MHz, 3996 MHz, 0 %, 0 %
2026/09/20 10:45:03.650, 6, 180.17 W, 29, 120 MHz, 3996 MHz, 0 %, 0 %
2026/09/20 10:45:03.650, 7, 183.97 W, 29, 120 MHz, 3996 MHz, 0 %, 0 %
2026/09/20 10:45:04.650, 0, 231.83 W, 36, 2032 MHz, 3996 MHz, 0 %, 0 %
2026/09/20 10:45:04.650, 1, 235.88 W, 38, 2032 MHz, 3996 MHz, 0 %, 0 %
2026/09/20 10:45:04.650, 2, 225.99 W, 31, 2032 MHz, 3996 MHz, 0 %, 0 %
2026/09/20 10:45:04.650, 3, 230.15 W, 31, 2032 MHz, 3996 MHz, 0 %, 0 %
2026/09/20 10:45:04.650, 4, 183.25 W, 35, 120 MHz, 3996 MHz, 0 %, 0 %
2026/09/20 10:45:04.650, 5, 179.82 W, 33, 120 MHz, 3996 MHz, 0 %, 0 %
2026/09/20 10:45:04.650, 6, 180.17 W, 29, 120 MHz, 3996 MHz, 0 %, 0 %
2026/09/20 10:45:04.650, 7, 184.05 W, 29, 120 MHz, 3996 MHz, 0 %, 0 %
2026/09/20 10:45:05.650, 0, 231.87 W, 36, 2032 MHz, 3996 MHz, 0 %, 0 %
2026/09/20 10:45:05.650, 1, 235.80 W, 38, 2032 MHz, 3996 MHz, 0 %, 0 %
2026/09/20 10:45:05.650, 2, 225.99 W, 31, 2032 MHz, 3996 MHz, 0 %, 0 %
2026/09/20 10:45:05.650, 3, 230.07 W, 31, 2032 MHz, 3996 MHz, 0 %, 0 %
2026/09/20 10:45:05.650, 4, 183.25 W, 35, 120 MHz, 3996 MHz, 0 %, 0 %
2026/09/20 10:45:05.650, 5, 179.93 W, 33, 120 MHz, 3996 MHz, 0 %, 0 %
2026/09/20 10:45:05.650, 6, 180.17 W, 29, 120 MHz, 3996 MHz, 0 %, 0 %
2026/09/20 10:45:05.650, 7, 183.94 W, 29, 120 MHz, 3996 MHz, 0 %, 0 %
2026/09/20 10:45:06.650, 0, 231.83 W, 36, 2032 MHz, 3996 MHz, 0 %, 0 %
2026/09/20 10:45:06.650, 1, 235.80 W, 38, 2032 MHz, 3996 MHz, 0 %, 0 %
2026/09/20 10:45:06.650, 2, 225.98 W, 31, 2032 MHz, 3996 MHz, 0 %, 0 %
2026/09/20 10:45:06.650, 3, 230.22 W, 31, 2032 MHz, 3996 MHz, 0 %, 0 %
2026/09/20 10:45:06.650, 4, 183.25 W, 35, 120 MHz, 3996 MHz, 0 %, 0 %
2026/09/20 10:45:06.650, 5, 179.85 W, 33, 120 MHz, 3996 MHz, 0 %, 0 %
2026/09/20 10:45:06.650, 6, 180.17 W, 29, 120 MHz, 3996 MHz, 0 %, 0 %
2026/09/20 10:45:06.651, 7, 184.01 W, 29, 120 MHz, 3996 MHz, 0 %, 0 %
2026/09/20 10:45:07.651, 0, 231.83 W, 36, 2032 MHz, 3996 MHz, 0 %, 0 %
2026/09/20 10:45:07.651, 1, 235.84 W, 38, 2032 MHz, 3996 MHz, 0 %, 0 %
2026/09/20 10:45:07.651, 2, 225.99 W, 31, 2032 MHz, 3996 MHz, 0 %, 0 %
2026/09/20 10:45:07.651, 3, 229.96 W, 31, 2032 MHz, 3996 MHz, 0 %, 0 %
2026/09/20 10:45:07.651, 4, 183.25 W, 35, 120 MHz, 3996 MHz, 0 %, 0 %
2026/09/20 10:45:07.651, 5, 179.73 W, 33, 120 MHz, 3996 MHz, 0 %, 0 %
2026/09/20 10:45:07.651, 6, 180.17 W, 29, 120 MHz, 3996 MHz, 0 %, 0 %
2026/09/20 10:45:07.651, 7, 183.98 W, 29, 120 MHz, 3996 MHz, 0 %, 0 %
2026/09/20 10:45:08.651, 0, 231.83 W, 36, 2032 MHz, 3996 MHz, 0 %, 0 %
2026/09/20 10:45:08.651, 1, 235.80 W, 38, 2032 MHz, 3996 MHz, 0 %, 0 %
2026/09/20 10:45:08.651, 2, 225.99 W, 31, 2032 MHz, 3996 MHz, 0 %, 0 %
2026/09/20 10:45:08.651, 3, 230.10 W, 31, 2032 MHz, 3996 MHz, 0 %, 0 %
2026/09/20 10:45:08.651, 4, 183.25 W, 35, 120 MHz, 3996 MHz, 0 %, 0 %
2026/09/20 10:45:08.651, 5, 180.36 W, 33, 120 MHz, 3996 MHz, 0 %, 0 %
2026/09/20 10:45:08.651, 6, 180.17 W, 29, 120 MHz, 3996 MHz, 0 %, 0 %
2026/09/20 10:45:08.651, 7, 183.89 W, 29, 120 MHz, 3996 MHz, 0 %, 0 %
2026/09/20 10:45:09.651, 0, 231.83 W, 36, 2032 MHz, 3996 MHz, 0 %, 0 %
2026/09/20 10:45:09.651, 1, 235.76 W, 38, 2032 MHz, 3996 MHz, 0 %, 0 %
2026/09/20 10:45:09.651, 2, 225.99 W, 31, 2032 MHz, 3996 MHz, 0 %, 0 %
2026/09/20 10:45:09.651, 3, 230.06 W, 31, 2032 MHz, 3996 MHz, 0 %, 0 %
2026/09/20 10:45:09.651, 4, 183.25 W, 35, 120 MHz, 3996 MHz, 0 %, 0 %
2026/09/20 10:45:09.651, 5, 181.42 W, 33, 120 MHz, 3996 MHz, 0 %, 0 %
2026/09/20 10:45:09.651, 6, 180.17 W, 29, 120 MHz, 3996 MHz, 0 %, 0 %
2026/09/20 10:45:09.651, 7, 183.90 W, 29, 120 MHz, 3996 MHz, 0 %, 0 %
2026/09/20 10:45:10.651, 0, 231.83 W, 36, 2032 MHz, 3996 MHz, 0 %, 0 %
2026/09/20 10:45:10.652, 1, 235.88 W, 38, 2032 MHz, 3996 MHz, 0 %, 0 %
2026/09/20 10:45:10.652, 2, 225.98 W, 31, 2032 MHz, 3996 MHz, 0 %, 0 %
2026/09/20 10:45:10.652, 3, 230.00 W, 31, 2032 MHz, 3996 MHz, 0 %, 0 %
2026/09/20 10:45:10.652, 4, 183.25 W, 35, 120 MHz, 3996 MHz, 0 %, 0 %
2026/09/20 10:45:10.652, 5, 181.38 W, 33, 120 MHz, 3996 MHz, 0 %, 0 %
2026/09/20 10:45:10.652, 6, 180.37 W, 29, 120 MHz, 3996 MHz, 0 %, 0 %
2026/09/20 10:45:10.652, 7, 184.01 W, 29, 120 MHz, 3996 MHz, 0 %, 0 %
2026/09/20 10:45:11.652, 0, 231.83 W, 36, 2032 MHz, 3996 MHz, 0 %, 0 %
2026/09/20 10:45:11.652, 1, 235.84 W, 38, 2032 MHz, 3996 MHz, 0 %, 0 %
2026/09/20 10:45:11.652, 2, 225.99 W, 31, 2032 MHz, 3996 MHz, 0 %, 0 %
2026/09/20 10:45:11.652, 3, 230.24 W, 31, 2032 MHz, 3996 MHz, 0 %, 0 %
2026/09/20 10:45:11.652, 4, 183.25 W, 35, 120 MHz, 3996 MHz, 0 %, 0 %
2026/09/20 10:45:11.652, 5, 181.30 W, 33, 120 MHz, 3996 MHz, 0 %, 0 %
2026/09/20 10:45:11.652, 6, 180.36 W, 29, 120 MHz, 3996 MHz, 0 %, 0 %
2026/09/20 10:45:11.652, 7, 184.01 W, 29, 120 MHz, 3996 MHz, 0 %, 0 %
2026/09/20 10:45:12.652, 0, 231.83 W, 36, 2032 MHz, 3996 MHz, 0 %, 0 %
2026/09/20 10:45:12.652, 1, 235.77 W, 38, 2032 MHz, 3996 MHz, 0 %, 0 %
2026/09/20 10:45:12.652, 2, 225.98 W, 31, 2032 MHz, 3996 MHz, 0 %, 0 %
2026/09/20 10:45:12.652, 3, 230.20 W, 31, 2032 MHz, 3996 MHz, 0 %, 0 %
2026/09/20 10:45:12.652, 4, 183.25 W, 35, 120 MHz, 3996 MHz, 0 %, 0 %
2026/09/20 10:45:12.652, 5, 181.42 W, 33, 120 MHz, 3996 MHz, 0 %, 0 %
2026/09/20 10:45:12.652, 6, 180.29 W, 29, 120 MHz, 3996 MHz, 0 %, 0 %
2026/09/20 10:45:12.652, 7, 183.98 W, 29, 120 MHz, 3996 MHz, 0 %, 0 %
2026/09/20 10:45:13.652, 0, 231.83 W, 36, 2032 MHz, 3996 MHz, 0 %, 0 %
2026/09/20 10:45:13.652, 1, 235.80 W, 38, 2032 MHz, 3996 MHz, 0 %, 0 %
2026/09/20 10:45:13.652, 2, 225.99 W, 31, 2032 MHz, 3996 MHz, 0 %, 0 %
2026/09/20 10:45:13.652, 3, 230.18 W, 31, 2032 MHz, 3996 MHz, 0 %, 0 %
2026/09/20 10:45:13.652, 4, 183.25 W, 35, 120 MHz, 3996 MHz, 0 %, 0 %
2026/09/20 10:45:13.653, 5, 181.38 W, 33, 120 MHz, 3996 MHz, 0 %, 0 %
2026/09/20 10:45:13.653, 6, 180.56 W, 29, 120 MHz, 3996 MHz, 0 %, 0 %
2026/09/20 10:45:13.653, 7, 183.93 W, 29, 120 MHz, 3996 MHz, 0 %, 0 %
2026/09/20 10:45:14.653, 0, 231.83 W, 36, 2032 MHz, 3996 MHz, 0 %, 0 %
2026/09/20 10:45:14.653, 1, 235.84 W, 38, 2032 MHz, 3996 MHz, 0 %, 0 %
2026/09/20 10:45:14.653, 2, 225.98 W, 31, 2032 MHz, 3996 MHz, 0 %, 0 %
2026/09/20 10:45:14.653, 3, 229.94 W, 31, 2032 MHz, 3996 MHz, 0 %, 0 %
2026/09/20 10:45:14.653, 4, 183.25 W, 35, 120 MHz, 3996 MHz, 0 %, 0 %
2026/09/20 10:45:14.653, 5, 181.38 W, 33, 120 MHz, 3996 MHz, 0 %, 0 %
2026/09/20 10:45:14.653, 6, 180.32 W, 29, 120 MHz, 3996 MHz, 0 %, 0 %
2026/09/20 10:45:14.653, 7, 183.90 W, 29, 120 MHz, 3996 MHz, 0 %, 0 %
2026/09/20 10:45:15.653, 0, 231.83 W, 36, 2032 MHz, 3996 MHz, 0 %, 0 %
2026/09/20 10:45:15.653, 1, 235.88 W, 38, 2032 MHz, 3996 MHz, 0 %, 0 %
2026/09/20 10:45:15.653, 2, 225.98 W, 31, 2032 MHz, 3996 MHz, 0 %, 0 %
2026/09/20 10:45:15.653, 3, 230.37 W, 31, 2032 MHz, 3996 MHz, 0 %, 0 %
2026/09/20 10:45:15.653, 4, 183.25 W, 35, 120 MHz, 3996 MHz, 0 %, 0 %
2026/09/20 10:45:15.653, 5, 181.34 W, 33, 120 MHz, 3996 MHz, 0 %, 0 %
2026/09/20 10:45:15.653, 6, 180.37 W, 29, 120 MHz, 3996 MHz, 0 %, 0 %
2026/09/20 10:45:15.653, 7, 183.94 W, 29, 120 MHz, 3996 MHz, 0 %, 0 %
2026/09/20 10:45:16.653, 0, 231.83 W, 36, 2032 MHz, 3996 MHz, 0 %, 0 %
2026/09/20 10:45:16.653, 1, 235.84 W, 38, 2032 MHz, 3996 MHz, 0 %, 0 %
2026/09/20 10:45:16.653, 2, 225.98 W, 31, 2032 MHz, 3996 MHz, 0 %, 0 %
2026/09/20 10:45:16.653, 3, 229.95 W, 31, 2032 MHz, 3996 MHz, 0 %, 0 %
2026/09/20 10:45:16.653, 4, 183.25 W, 35, 120 MHz, 3996 MHz, 0 %, 0 %
2026/09/20 10:45:16.653, 5, 181.34 W, 33, 120 MHz, 3996 MHz, 0 %, 0 %
2026/09/20 10:45:16.653, 6, 180.29 W, 29, 120 MHz, 3996 MHz, 0 %, 0 %
2026/09/20 10:45:16.653, 7, 183.97 W, 29, 120 MHz, 3996 MHz, 0 %, 0 %
2026/09/20 10:45:17.654, 0, 231.83 W, 36, 2032 MHz, 3996 MHz, 0 %, 0 %
2026/09/20 10:45:17.654, 1, 235.88 W, 38, 2032 MHz, 3996 MHz, 0 %, 0 %
2026/09/20 10:45:17.654, 2, 225.97 W, 31, 2032 MHz, 3996 MHz, 0 %, 0 %
2026/09/20 10:45:17.654, 3, 229.92 W, 31, 2032 MHz, 3996 MHz, 0 %, 0 %
2026/09/20 10:45:17.654, 4, 183.25 W, 35, 120 MHz, 3996 MHz, 0 %, 0 %
2026/09/20 10:45:17.654, 5, 181.38 W, 33, 120 MHz, 3996 MHz, 0 %, 0 %
2026/09/20 10:45:17.654, 6, 180.33 W, 29, 120 MHz, 3996 MHz, 0 %, 0 %
2026/09/20 10:45:17.654, 7, 183.90 W, 29, 120 MHz, 3996 MHz, 0 %, 0 %
2026/09/20 10:45:18.654, 0, 231.83 W, 36, 2032 MHz, 3996 MHz, 0 %, 0 %
2026/09/20 10:45:18.654, 1, 235.80 W, 38, 2032 MHz, 3996 MHz, 0 %, 0 %
2026/09/20 10:45:18.654, 2, 225.98 W, 31, 2032 MHz, 3996 MHz, 0 %, 0 %
2026/09/20 10:45:18.654, 3, 230.07 W, 31, 2032 MHz, 3996 MHz, 0 %, 0 %
2026/09/20 10:45:18.654, 4, 183.25 W, 35, 120 MHz, 3996 MHz, 0 %, 0 %
2026/09/20 10:45:18.654, 5, 181.42 W, 33, 120 MHz, 3996 MHz, 0 %, 0 %
2026/09/20 10:45:18.654, 6, 180.40 W, 29, 120 MHz, 3996 MHz, 0 %, 0 %
2026/09/20 10:45:18.654, 7, 184.01 W, 29, 120 MHz, 3996 MHz, 0 %, 0 %
2026/09/20 10:45:19.654, 0, 231.83 W, 36, 2032 MHz, 3996 MHz, 0 %, 0 %
2026/09/20 10:45:19.654, 1, 235.88 W, 38, 2032 MHz, 3996 MHz, 0 %, 0 %
2026/09/20 10:45:19.654, 2, 225.99 W, 31, 2032 MHz, 3996 MHz, 0 %, 0 %
2026/09/20 10:45:19.654, 3, 230.13 W, 31, 2032 MHz, 3996 MHz, 0 %, 0 %
2026/09/20 10:45:19.654, 4, 183.25 W, 35, 120 MHz, 3996 MHz, 0 %, 0 %
2026/09/20 10:45:19.654, 5, 181.38 W, 33, 120 MHz, 3996 MHz, 0 %, 0 %
2026/09/20 10:45:19.654, 6, 180.45 W, 29, 120 MHz, 3996 MHz, 0 %, 0 %
2026/09/20 10:45:19.654, 7, 183.78 W, 29, 120 MHz, 3996 MHz, 0 %, 0 %
2026/09/20 10:45:20.654, 0, 231.83 W, 36, 2032 MHz, 3996 MHz, 0 %, 0 %
2026/09/20 10:45:20.654, 1, 235.88 W, 38, 2032 MHz, 3996 MHz, 0 %, 0 %
2026/09/20 10:45:20.654, 2, 225.98 W, 31, 2032 MHz, 3996 MHz, 0 %, 0 %
2026/09/20 10:45:20.654, 3, 230.17 W, 31, 2032 MHz, 3996 MHz, 0 %, 0 %
2026/09/20 10:45:20.654, 4, 183.25 W, 35, 120 MHz, 3996 MHz, 0 %, 0 %
2026/09/20 10:45:20.654, 5, 181.22 W, 33, 120 MHz, 3996 MHz, 0 %, 0 %
2026/09/20 10:45:20.655, 6, 180.40 W, 29, 120 MHz, 3996 MHz, 0 %, 0 %
2026/09/20 10:45:20.655, 7, 184.01 W, 29, 120 MHz, 3996 MHz, 0 %, 0 %
2026/09/20 10:45:21.655, 0, 231.91 W, 36, 2032 MHz, 3996 MHz, 0 %, 0 %
2026/09/20 10:45:21.655, 1, 235.88 W, 38, 2032 MHz, 3996 MHz, 0 %, 0 %
2026/09/20 10:45:21.655, 2, 225.99 W, 31, 2032 MHz, 3996 MHz, 0 %, 0 %
2026/09/20 10:45:21.655, 3, 229.88 W, 31, 2032 MHz, 3996 MHz, 0 %, 0 %
2026/09/20 10:45:21.655, 4, 183.25 W, 35, 120 MHz, 3996 MHz, 0 %, 0 %
2026/09/20 10:45:21.655, 5, 181.34 W, 33, 120 MHz, 3996 MHz, 0 %, 0 %
2026/09/20 10:45:21.655, 6, 180.41 W, 29, 120 MHz, 3996 MHz, 0 %, 0 %
2026/09/20 10:45:21.655, 7, 184.01 W, 29, 120 MHz, 3996 MHz, 0 %, 0 %
2026/09/20 10:45:22.655, 0, 231.83 W, 36, 2032 MHz, 3996 MHz, 0 %, 0 %
2026/09/20 10:45:22.655, 1, 235.88 W, 38, 2032 MHz, 3996 MHz, 0 %, 0 %
2026/09/20 10:45:22.655, 2, 225.99 W, 31, 2032 MHz, 3996 MHz, 0 %, 0 %
2026/09/20 10:45:22.655, 3, 229.96 W, 31, 2032 MHz, 3996 MHz, 0 %, 0 %
2026/09/20 10:45:22.655, 4, 183.25 W, 35, 120 MHz, 3996 MHz, 0 %, 0 %
2026/09/20 10:45:22.655, 5, 181.42 W, 33, 120 MHz, 3996 MHz, 0 %, 0 %
2026/09/20 10:45:22.655, 6, 180.21 W, 29, 120 MHz, 3996 MHz, 0 %, 0 %
2026/09/20 10:45:22.655, 7, 183.97 W, 29, 120 MHz, 3996 MHz, 0 %, 0 %
2026/09/20 10:45:23.655, 0, 231.83 W, 36, 2032 MHz, 3996 MHz, 0 %, 0 %
2026/09/20 10:45:23.655, 1, 235.88 W, 38, 2032 MHz, 3996 MHz, 0 %, 0 %
2026/09/20 10:45:23.655, 2, 225.98 W, 31, 2032 MHz, 3996 MHz, 0 %, 0 %
2026/09/20 10:45:23.655, 3, 230.28 W, 31, 2032 MHz, 3996 MHz, 0 %, 0 %
2026/09/20 10:45:23.655, 4, 183.25 W, 35, 120 MHz, 3996 MHz, 0 %, 0 %
2026/09/20 10:45:23.655, 5, 181.38 W, 33, 120 MHz, 3996 MHz, 0 %, 0 %
2026/09/20 10:45:23.655, 6, 180.25 W, 29, 120 MHz, 3996 MHz, 0 %, 0 %
2026/09/20 10:45:23.655, 7, 184.09 W, 29, 120 MHz, 3996 MHz, 0 %, 0 %
2026/09/20 10:45:24.655, 0, 231.83 W, 36, 2032 MHz, 3996 MHz, 0 %, 0 %
2026/09/20 10:45:24.655, 1, 235.84 W, 38, 2032 MHz, 3996 MHz, 0 %, 0 %
2026/09/20 10:45:24.656, 2, 225.98 W, 31, 2032 MHz, 3996 MHz, 0 %, 0 %
2026/09/20 10:45:24.656, 3, 230.23 W, 31, 2032 MHz, 3996 MHz, 0 %, 0 %
2026/09/20 10:45:24.656, 4, 183.25 W, 35, 120 MHz, 3996 MHz, 0 %, 0 %
2026/09/20 10:45:24.656, 5, 181.30 W, 33, 120 MHz, 3996 MHz, 0 %, 0 %
2026/09/20 10:45:24.656, 6, 180.48 W, 29, 120 MHz, 3996 MHz, 0 %, 0 %
2026/09/20 10:45:24.656, 7, 184.09 W, 29, 120 MHz, 3996 MHz, 0 %, 0 %
2026/09/20 10:45:25.656, 0, 231.83 W, 36, 2032 MHz, 3996 MHz, 0 %, 0 %
2026/09/20 10:45:25.656, 1, 235.84 W, 38, 2032 MHz, 3996 MHz, 0 %, 0 %
2026/09/20 10:45:25.656, 2, 225.99 W, 31, 2032 MHz, 3996 MHz, 0 %, 0 %
2026/09/20 10:45:25.656, 3, 229.95 W, 31, 2032 MHz, 3996 MHz, 0 %, 0 %
2026/09/20 10:45:25.656, 4, 183.25 W, 35, 120 MHz, 3996 MHz, 0 %, 0 %
2026/09/20 10:45:25.656, 5, 181.38 W, 33, 120 MHz, 3996 MHz, 0 %, 0 %
2026/09/20 10:45:25.656, 6, 180.32 W, 29, 120 MHz, 3996 MHz, 0 %, 0 %
2026/09/20 10:45:25.657, 7, 184.09 W, 29, 120 MHz, 3996 MHz, 0 %, 0 %
2026/09/20 10:45:26.657, 0, 231.83 W, 36, 2032 MHz, 3996 MHz, 0 %, 0 %
2026/09/20 10:45:26.657, 1, 235.88 W, 38, 2032 MHz, 3996 MHz, 0 %, 0 %
2026/09/20 10:45:26.657, 2, 225.99 W, 31, 2032 MHz, 3996 MHz, 0 %, 0 %
2026/09/20 10:45:26.657, 3, 230.05 W, 31, 2032 MHz, 3996 MHz, 0 %, 0 %
2026/09/20 10:45:26.657, 4, 183.25 W, 35, 120 MHz, 3996 MHz, 0 %, 0 %
2026/09/20 10:45:26.657, 5, 181.34 W, 33, 120 MHz, 3996 MHz, 0 %, 0 %
2026/09/20 10:45:26.657, 6, 180.41 W, 29, 120 MHz, 3996 MHz, 0 %, 0 %
2026/09/20 10:45:26.657, 7, 184.09 W, 29, 120 MHz, 3996 MHz, 0 %, 0 %
2026/09/20 10:45:27.657, 0, 231.83 W, 36, 2032 MHz, 3996 MHz, 0 %, 0 %
2026/09/20 10:45:27.657, 1, 235.84 W, 38, 2032 MHz, 3996 MHz, 0 %, 0 %
2026/09/20 10:45:27.657, 2, 225.98 W, 31, 2032 MHz, 3996 MHz, 0 %, 0 %
2026/09/20 10:45:27.657, 3, 230.05 W, 31, 2032 MHz, 3996 MHz, 0 %, 0 %
2026/09/20 10:45:27.657, 4, 183.25 W, 35, 120 MHz, 3996 MHz, 0 %, 0 %
2026/09/20 10:45:27.657, 5, 181.34 W, 33, 120 MHz, 3996 MHz, 0 %, 0 %
2026/09/20 10:45:27.657, 6, 180.33 W, 29, 120 MHz, 3996 MHz, 0 %, 0 %
2026/09/20 10:45:27.657, 7, 184.09 W, 29, 120 MHz, 3996 MHz, 0 %, 0 %
2026/09/20 10:45:28.657, 0, 231.83 W, 36, 2032 MHz, 3996 MHz, 0 %, 0 %
2026/09/20 10:45:28.657, 1, 235.84 W, 38, 2032 MHz, 3996 MHz, 0 %, 0 %
2026/09/20 10:45:28.657, 2, 225.99 W, 31, 2032 MHz, 3996 MHz, 0 %, 0 %
2026/09/20 10:45:28.657, 3, 229.91 W, 31, 2032 MHz, 3996 MHz, 0 %, 0 %
2026/09/20 10:45:28.658, 4, 183.25 W, 35, 120 MHz, 3996 MHz, 0 %, 0 %
2026/09/20 10:45:28.658, 5, 181.38 W, 33, 120 MHz, 3996 MHz, 0 %, 0 %
2026/09/20 10:45:28.658, 6, 180.44 W, 29, 120 MHz, 3996 MHz, 0 %, 0 %
2026/09/20 10:45:28.658, 7, 184.09 W, 29, 120 MHz, 3996 MHz, 0 %, 0 %
2026/09/20 10:45:29.658, 0, 231.83 W, 36, 2032 MHz, 3996 MHz, 0 %, 0 %
2026/09/20 10:45:29.658, 1, 235.84 W, 38, 2032 MHz, 3996 MHz, 0 %, 0 %
2026/09/20 10:45:29.658, 2, 225.98 W, 31, 2032 MHz, 3996 MHz, 0 %, 0 %
2026/09/20 10:45:29.658, 3, 229.97 W, 31, 2032 MHz, 3996 MHz, 0 %, 0 %
2026/09/20 10:45:29.658, 4, 183.25 W, 35, 120 MHz, 3996 MHz, 0 %, 0 %
2026/09/20 10:45:29.658, 5, 181.38 W, 33, 120 MHz, 3996 MHz, 0 %, 0 %
2026/09/20 10:45:29.658, 6, 180.53 W, 29, 120 MHz, 3996 MHz, 0 %, 0 %
2026/09/20 10:45:29.658, 7, 184.09 W, 29, 120 MHz, 3996 MHz, 0 %, 0 %
2026/09/20 10:45:30.658, 0, 231.95 W, 36, 2032 MHz, 3996 MHz, 0 %, 0 %
2026/09/20 10:45:30.658, 1, 235.84 W, 38, 2032 MHz, 3996 MHz, 0 %, 0 %
2026/09/20 10:45:30.658, 2, 225.99 W, 31, 2032 MHz, 3996 MHz, 0 %, 0 %
2026/09/20 10:45:30.658, 3, 230.07 W, 31, 2032 MHz, 3996 MHz, 0 %, 0 %
2026/09/20 10:45:30.658, 4, 183.25 W, 35, 120 MHz, 3996 MHz, 0 %, 0 %
2026/09/20 10:45:30.658, 5, 181.34 W, 33, 120 MHz, 3996 MHz, 0 %, 0 %
2026/09/20 10:45:30.658, 6, 180.33 W, 29, 120 MHz, 3996 MHz, 0 %, 0 %
2026/09/20 10:45:30.658, 7, 184.09 W, 29, 120 MHz, 3996 MHz, 0 %, 0 %
2026/09/20 10:45:31.658, 0, 232.98 W, 36, 2032 MHz, 3996 MHz, 0 %, 0 %
2026/09/20 10:45:31.658, 1, 235.92 W, 38, 2032 MHz, 3996 MHz, 0 %, 0 %
2026/09/20 10:45:31.658, 2, 226.29 W, 31, 2032 MHz, 3996 MHz, 0 %, 0 %
2026/09/20 10:45:31.658, 3, 230.95 W, 31, 2032 MHz, 3996 MHz, 0 %, 0 %
2026/09/20 10:45:31.658, 4, 183.25 W, 35, 120 MHz, 3996 MHz, 0 %, 0 %
2026/09/20 10:45:31.658, 5, 181.38 W, 33, 120 MHz, 3996 MHz, 0 %, 0 %
2026/09/20 10:45:31.658, 6, 180.57 W, 29, 120 MHz, 3996 MHz, 0 %, 0 %
2026/09/20 10:45:31.658, 7, 184.09 W, 29, 120 MHz, 3996 MHz, 0 %, 0 %
2026/09/20 10:45:32.658, 0, 233.47 W, 36, 2032 MHz, 3996 MHz, 0 %, 0 %
2026/09/20 10:45:32.659, 1, 235.88 W, 38, 2032 MHz, 3996 MHz, 0 %, 0 %
2026/09/20 10:45:32.659, 2, 226.97 W, 31, 2032 MHz, 3996 MHz, 0 %, 0 %
2026/09/20 10:45:32.659, 3, 231.20 W, 31, 2032 MHz, 3996 MHz, 0 %, 0 %
2026/09/20 10:45:32.659, 4, 183.25 W, 35, 120 MHz, 3996 MHz, 0 %, 0 %
2026/09/20 10:45:32.659, 5, 181.38 W, 33, 120 MHz, 3996 MHz, 0 %, 0 %
2026/09/20 10:45:32.659, 6, 180.56 W, 29, 120 MHz, 3996 MHz, 0 %, 0 %
2026/09/20 10:45:32.659, 7, 184.09 W, 29, 120 MHz, 3996 MHz, 0 %, 0 %
2026/09/20 10:45:33.659, 0, 233.32 W, 36, 2032 MHz, 3996 MHz, 0 %, 0 %
2026/09/20 10:45:33.659, 1, 235.88 W, 38, 2032 MHz, 3996 MHz, 0 %, 0 %
2026/09/20 10:45:33.659, 2, 226.82 W, 31, 2032 MHz, 3996 MHz, 0 %, 0 %
2026/09/20 10:45:33.659, 3, 231.25 W, 31, 2032 MHz, 3996 MHz, 0 %, 0 %
2026/09/20 10:45:33.659, 4, 183.25 W, 35, 120 MHz, 3996 MHz, 0 %, 0 %
2026/09/20 10:45:33.659, 5, 181.38 W, 33, 120 MHz, 3996 MHz, 0 %, 0 %
2026/09/20 10:45:33.659, 6, 180.40 W, 29, 120 MHz, 3996 MHz, 0 %, 0 %
2026/09/20 10:45:33.659, 7, 184.09 W, 29, 120 MHz, 3996 MHz, 0 %, 0 %
2026/09/20 10:45:34.659, 0, 233.36 W, 36, 2032 MHz, 3996 MHz, 0 %, 0 %
2026/09/20 10:45:34.659, 1, 235.88 W, 38, 2032 MHz, 3996 MHz, 0 %, 0 %
2026/09/20 10:45:34.659, 2, 226.80 W, 31, 2032 MHz, 3996 MHz, 0 %, 0 %
2026/09/20 10:45:34.659, 3, 231.40 W, 31, 2032 MHz, 3996 MHz, 0 %, 0 %
2026/09/20 10:45:34.659, 4, 183.25 W, 35, 120 MHz, 3996 MHz, 0 %, 0 %
2026/09/20 10:45:34.659, 5, 181.42 W, 33, 120 MHz, 3996 MHz, 0 %, 0 %
2026/09/20 10:45:34.659, 6, 180.44 W, 29, 120 MHz, 3996 MHz, 0 %, 0 %
2026/09/20 10:45:34.659, 7, 184.09 W, 29, 120 MHz, 3996 MHz, 0 %, 0 %
2026/09/20 10:45:35.659, 0, 233.19 W, 36, 2032 MHz, 3996 MHz, 0 %, 0 %
2026/09/20 10:45:35.659, 1, 235.88 W, 38, 2032 MHz, 3996 MHz, 0 %, 0 %
2026/09/20 10:45:35.659, 2, 226.63 W, 31, 2032 MHz, 3996 MHz, 0 %, 0 %
2026/09/20 10:45:35.659, 3, 231.04 W, 31, 2032 MHz, 3996 MHz, 0 %, 0 %
2026/09/20 10:45:35.659, 4, 183.25 W, 35, 120 MHz, 3996 MHz, 0 %, 0 %
2026/09/20 10:45:35.659, 5, 181.38 W, 33, 120 MHz, 3996 MHz, 0 %, 0 %
2026/09/20 10:45:35.659, 6, 180.25 W, 29, 120 MHz, 3996 MHz, 0 %, 0 %
2026/09/20 10:45:35.659, 7, 184.09 W, 29, 120 MHz, 3996 MHz, 0 %, 0 %
2026/09/20 10:45:36.660, 0, 233.08 W, 36, 2032 MHz, 3996 MHz, 0 %, 0 %
2026/09/20 10:45:36.660, 1, 235.87 W, 38, 2032 MHz, 3996 MHz, 0 %, 0 %
2026/09/20 10:45:36.660, 2, 226.60 W, 31, 2032 MHz, 3996 MHz, 0 %, 0 %
2026/09/20 10:45:36.660, 3, 231.19 W, 31, 2032 MHz, 3996 MHz, 0 %, 0 %
2026/09/20 10:45:36.660, 4, 183.25 W, 35, 120 MHz, 3996 MHz, 0 %, 0 %
2026/09/20 10:45:36.660, 5, 181.42 W, 33, 120 MHz, 3996 MHz, 0 %, 0 %
2026/09/20 10:45:36.660, 6, 180.29 W, 29, 120 MHz, 3996 MHz, 0 %, 0 %
2026/09/20 10:45:36.660, 7, 184.09 W, 29, 120 MHz, 3996 MHz, 0 %, 0 %
2026/09/20 10:45:37.660, 0, 233.32 W, 36, 2032 MHz, 3996 MHz, 0 %, 0 %
2026/09/20 10:45:37.660, 1, 235.88 W, 38, 2032 MHz, 3996 MHz, 0 %, 0 %
2026/09/20 10:45:37.660, 2, 226.61 W, 31, 2032 MHz, 3996 MHz, 0 %, 0 %
2026/09/20 10:45:37.660, 3, 231.31 W, 31, 2032 MHz, 3996 MHz, 0 %, 0 %
2026/09/20 10:45:37.660, 4, 183.25 W, 35, 120 MHz, 3996 MHz, 0 %, 0 %
2026/09/20 10:45:37.660, 5, 181.38 W, 33, 120 MHz, 3996 MHz, 0 %, 0 %
2026/09/20 10:45:37.660, 6, 180.40 W, 29, 120 MHz, 3996 MHz, 0 %, 0 %
2026/09/20 10:45:37.660, 7, 184.09 W, 29, 120 MHz, 3996 MHz, 0 %, 0 %
2026/09/20 10:45:38.660, 0, 233.47 W, 36, 2032 MHz, 3996 MHz, 0 %, 0 %
2026/09/20 10:45:38.660, 1, 235.88 W, 38, 2032 MHz, 3996 MHz, 0 %, 0 %
2026/09/20 10:45:38.660, 2, 226.94 W, 31, 2032 MHz, 3996 MHz, 0 %, 0 %
2026/09/20 10:45:38.660, 3, 231.39 W, 31, 2032 MHz, 3996 MHz, 0 %, 0 %
2026/09/20 10:45:38.660, 4, 183.25 W, 35, 120 MHz, 3996 MHz, 0 %, 0 %
2026/09/20 10:45:38.660, 5, 181.42 W, 33, 120 MHz, 3996 MHz, 0 %, 0 %
2026/09/20 10:45:38.660, 6, 180.33 W, 29, 120 MHz, 3996 MHz, 0 %, 0 %
2026/09/20 10:45:38.660, 7, 184.09 W, 29, 120 MHz, 3996 MHz, 0 %, 0 %
2026/09/20 10:45:39.660, 0, 233.47 W, 36, 2032 MHz, 3996 MHz, 0 %, 0 %
2026/09/20 10:45:39.660, 1, 235.88 W, 38, 2032 MHz, 3996 MHz, 0 %, 0 %
2026/09/20 10:45:39.660, 2, 227.54 W, 31, 2032 MHz, 3996 MHz, 0 %, 0 %
2026/09/20 10:45:39.660, 3, 231.12 W, 31, 2032 MHz, 3996 MHz, 0 %, 0 %
2026/09/20 10:45:39.660, 4, 183.25 W, 35, 120 MHz, 3996 MHz, 0 %, 0 %
2026/09/20 10:45:39.661, 5, 181.42 W, 33, 120 MHz, 3996 MHz, 0 %, 0 %
2026/09/20 10:45:39.661, 6, 180.37 W, 29, 120 MHz, 3996 MHz, 0 %, 0 %
2026/09/20 10:45:39.661, 7, 184.09 W, 29, 120 MHz, 3996 MHz, 0 %, 0 %
2026/09/20 10:45:40.661, 0, 233.47 W, 36, 2032 MHz, 3996 MHz, 0 %, 0 %
2026/09/20 10:45:40.661, 1, 235.88 W, 38, 2032 MHz, 3996 MHz, 0 %, 0 %
2026/09/20 10:45:40.661, 2, 227.03 W, 31, 2032 MHz, 3996 MHz, 0 %, 0 %
2026/09/20 10:45:40.661, 3, 231.31 W, 31, 2032 MHz, 3996 MHz, 0 %, 0 %
2026/09/20 10:45:40.661, 4, 183.25 W, 35, 120 MHz, 3996 MHz, 0 %, 0 %
2026/09/20 10:45:40.661, 5, 181.38 W, 33, 120 MHz, 3996 MHz, 0 %, 0 %
2026/09/20 10:45:40.661, 6, 180.37 W, 29, 120 MHz, 3996 MHz, 0 %, 0 %
2026/09/20 10:45:40.661, 7, 184.09 W, 29, 120 MHz, 3996 MHz, 0 %, 0 %
2026/09/20 10:45:41.661, 0, 233.24 W, 36, 2032 MHz, 3996 MHz, 0 %, 0 %
2026/09/20 10:45:41.661, 1, 235.88 W, 38, 2032 MHz, 3996 MHz, 0 %, 0 %
2026/09/20 10:45:41.661, 2, 227.05 W, 31, 2032 MHz, 3996 MHz, 0 %, 0 %
2026/09/20 10:45:41.661, 3, 231.35 W, 31, 2032 MHz, 3996 MHz, 0 %, 0 %
2026/09/20 10:45:41.661, 4, 183.25 W, 35, 120 MHz, 3996 MHz, 0 %, 0 %
2026/09/20 10:45:41.661, 5, 181.34 W, 33, 120 MHz, 3996 MHz, 0 %, 0 %
2026/09/20 10:45:41.661, 6, 180.36 W, 29, 120 MHz, 3996 MHz, 0 %, 0 %
2026/09/20 10:45:41.661, 7, 184.09 W, 29, 120 MHz, 3996 MHz, 0 %, 0 %
2026/09/20 10:45:42.661, 0, 233.47 W, 36, 2032 MHz, 3996 MHz, 0 %, 0 %
2026/09/20 10:45:42.661, 1, 235.88 W, 38, 2032 MHz, 3996 MHz, 0 %, 0 %
2026/09/20 10:45:42.661, 2, 226.99 W, 31, 2032 MHz, 3996 MHz, 0 %, 0 %
2026/09/20 10:45:42.661, 3, 231.24 W, 31, 2032 MHz, 3996 MHz, 0 %, 0 %
2026/09/20 10:45:42.661, 4, 183.25 W, 35, 120 MHz, 3996 MHz, 0 %, 0 %
2026/09/20 10:45:42.661, 5, 181.42 W, 33, 120 MHz, 3996 MHz, 0 %, 0 %
2026/09/20 10:45:42.661, 6, 180.45 W, 29, 120 MHz, 3996 MHz, 0 %, 0 %
2026/09/20 10:45:42.661, 7, 184.09 W, 29, 120 MHz, 3996 MHz, 0 %, 0 %
2026/09/20 10:45:43.661, 0, 233.28 W, 36, 2032 MHz, 3996 MHz, 0 %, 0 %
2026/09/20 10:45:43.661, 1, 235.88 W, 38, 2032 MHz, 3996 MHz, 0 %, 0 %
2026/09/20 10:45:43.661, 2, 227.21 W, 31, 2032 MHz, 3996 MHz, 0 %, 0 %
2026/09/20 10:45:43.661, 3, 231.31 W, 31, 2032 MHz, 3996 MHz, 0 %, 0 %
2026/09/20 10:45:43.661, 4, 183.25 W, 35, 120 MHz, 3996 MHz, 0 %, 0 %
2026/09/20 10:45:43.661, 5, 181.38 W, 33, 120 MHz, 3996 MHz, 0 %, 0 %
2026/09/20 10:45:43.662, 6, 180.25 W, 29, 120 MHz, 3996 MHz, 0 %, 0 %
2026/09/20 10:45:43.662, 7, 184.09 W, 29, 120 MHz, 3996 MHz, 0 %, 0 %
2026/09/20 10:45:44.662, 0, 233.24 W, 36, 2032 MHz, 3996 MHz, 0 %, 0 %
2026/09/20 10:45:44.662, 1, 235.88 W, 38, 2032 MHz, 3996 MHz, 0 %, 0 %
2026/09/20 10:45:44.662, 2, 227.19 W, 31, 2032 MHz, 3996 MHz, 0 %, 0 %
2026/09/20 10:45:44.662, 3, 231.44 W, 31, 2032 MHz, 3996 MHz, 0 %, 0 %
2026/09/20 10:45:44.662, 4, 183.25 W, 35, 120 MHz, 3996 MHz, 0 %, 0 %
2026/09/20 10:45:44.662, 5, 181.42 W, 33, 120 MHz, 3996 MHz, 0 %, 0 %
2026/09/20 10:45:44.662, 6, 180.52 W, 29, 120 MHz, 3996 MHz, 0 %, 0 %
2026/09/20 10:45:44.662, 7, 184.09 W, 29, 120 MHz, 3996 MHz, 0 %, 0 %
2026/09/20 10:45:45.662, 0, 233.51 W, 36, 2032 MHz, 3996 MHz, 0 %, 0 %
2026/09/20 10:45:45.662, 1, 235.88 W, 38, 2032 MHz, 3996 MHz, 0 %, 0 %
2026/09/20 10:45:45.662, 2, 227.21 W, 31, 2032 MHz, 3996 MHz, 0 %, 0 %
2026/09/20 10:45:45.662, 3, 231.49 W, 31, 2032 MHz, 3996 MHz, 0 %, 0 %
2026/09/20 10:45:45.662, 4, 183.25 W, 35, 120 MHz, 3996 MHz, 0 %, 0 %
2026/09/20 10:45:45.662, 5, 181.34 W, 33, 120 MHz, 3996 MHz, 0 %, 0 %
2026/09/20 10:45:45.662, 6, 180.37 W, 29, 120 MHz, 3996 MHz, 0 %, 0 %
2026/09/20 10:45:45.662, 7, 184.09 W, 29, 120 MHz, 3996 MHz, 0 %, 0 %
2026/09/20 10:45:46.662, 0, 233.40 W, 36, 2032 MHz, 3996 MHz, 0 %, 0 %
2026/09/20 10:45:46.662, 1, 235.88 W, 38, 2032 MHz, 3996 MHz, 0 %, 0 %
2026/09/20 10:45:46.662, 2, 227.12 W, 31, 2032 MHz, 3996 MHz, 0 %, 0 %
2026/09/20 10:45:46.662, 3, 231.18 W, 31, 2032 MHz, 3996 MHz, 0 %, 0 %
2026/09/20 10:45:46.662, 4, 183.25 W, 35, 120 MHz, 3996 MHz, 0 %, 0 %
2026/09/20 10:45:46.662, 5, 181.42 W, 33, 120 MHz, 3996 MHz, 0 %, 0 %
2026/09/20 10:45:46.662, 6, 180.45 W, 29, 120 MHz, 3996 MHz, 0 %, 0 %
2026/09/20 10:45:46.662, 7, 184.09 W, 29, 120 MHz, 3996 MHz, 0 %, 0 %
2026/09/20 10:45:47.662, 0, 233.59 W, 36, 2032 MHz, 3996 MHz, 0 %, 0 %
2026/09/20 10:45:47.662, 1, 235.88 W, 38, 2032 MHz, 3996 MHz, 0 %, 0 %
2026/09/20 10:45:47.663, 2, 227.19 W, 31, 2032 MHz, 3996 MHz, 0 %, 0 %
2026/09/20 10:45:47.663, 3, 231.24 W, 31, 2032 MHz, 3996 MHz, 0 %, 0 %
2026/09/20 10:45:47.663, 4, 183.25 W, 35, 120 MHz, 3996 MHz, 0 %, 0 %
2026/09/20 10:45:47.663, 5, 181.38 W, 33, 120 MHz, 3996 MHz, 0 %, 0 %
2026/09/20 10:45:47.663, 6, 180.48 W, 29, 120 MHz, 3996 MHz, 0 %, 0 %
2026/09/20 10:45:47.663, 7, 184.09 W, 29, 120 MHz, 3996 MHz, 0 %, 0 %
2026/09/20 10:45:48.663, 0, 233.20 W, 36, 2032 MHz, 3996 MHz, 0 %, 0 %
2026/09/20 10:45:48.663, 1, 235.87 W, 38, 2032 MHz, 3996 MHz, 0 %, 0 %
2026/09/20 10:45:48.663, 2, 227.17 W, 31, 2032 MHz, 3996 MHz, 0 %, 0 %
2026/09/20 10:45:48.663, 3, 230.98 W, 31, 2032 MHz, 3996 MHz, 0 %, 0 %
2026/09/20 10:45:48.663, 4, 183.25 W, 35, 120 MHz, 3996 MHz, 0 %, 0 %
2026/09/20 10:45:48.663, 5, 181.38 W, 33, 120 MHz, 3996 MHz, 0 %, 0 %
2026/09/20 10:45:48.663, 6, 180.45 W, 29, 120 MHz, 3996 MHz, 0 %, 0 %
2026/09/20 10:45:48.663, 7, 184.09 W, 29, 120 MHz, 3996 MHz, 0 %, 0 %
2026/09/20 10:45:49.663, 0, 233.43 W, 36, 2032 MHz, 3996 MHz, 0 %, 0 %
2026/09/20 10:45:49.663, 1, 235.87 W, 38, 2032 MHz, 3996 MHz, 0 %, 0 %
2026/09/20 10:45:49.663, 2, 226.96 W, 31, 2032 MHz, 3996 MHz, 0 %, 0 %
2026/09/20 10:45:49.663, 3, 231.29 W, 31, 2032 MHz, 3996 MHz, 0 %, 0 %
2026/09/20 10:45:49.663, 4, 183.25 W, 35, 120 MHz, 3996 MHz, 0 %, 0 %
2026/09/20 10:45:49.663, 5, 181.38 W, 33, 120 MHz, 3996 MHz, 0 %, 0 %
2026/09/20 10:45:49.663, 6, 180.40 W, 29, 120 MHz, 3996 MHz, 0 %, 0 %
2026/09/20 10:45:49.663, 7, 184.09 W, 29, 120 MHz, 3996 MHz, 0 %, 0 %
2026/09/20 10:45:50.663, 0, 233.21 W, 36, 2032 MHz, 3996 MHz, 0 %, 0 %
2026/09/20 10:45:50.663, 1, 235.88 W, 38, 2032 MHz, 3996 MHz, 0 %, 0 %
2026/09/20 10:45:50.663, 2, 227.09 W, 31, 2032 MHz, 3996 MHz, 0 %, 0 %
2026/09/20 10:45:50.663, 3, 231.54 W, 31, 2032 MHz, 3996 MHz, 0 %, 0 %
2026/09/20 10:45:50.663, 4, 183.25 W, 35, 120 MHz, 3996 MHz, 0 %, 0 %
2026/09/20 10:45:50.663, 5, 181.34 W, 33, 120 MHz, 3996 MHz, 0 %, 0 %
2026/09/20 10:45:50.663, 6, 180.25 W, 29, 120 MHz, 3996 MHz, 0 %, 0 %
2026/09/20 10:45:50.664, 7, 184.09 W, 29, 120 MHz, 3996 MHz, 0 %, 0 %
2026/09/20 10:45:51.664, 0, 233.35 W, 36, 2032 MHz, 3996 MHz, 0 %, 0 %
2026/09/20 10:45:51.664, 1, 235.88 W, 38, 2032 MHz, 3996 MHz, 0 %, 0 %
2026/09/20 10:45:51.664, 2, 227.05 W, 31, 2032 MHz, 3996 MHz, 0 %, 0 %
2026/09/20 10:45:51.664, 3, 231.45 W, 31, 2032 MHz, 3996 MHz, 0 %, 0 %
2026/09/20 10:45:51.664, 4, 183.25 W, 35, 120 MHz, 3996 MHz, 0 %, 0 %
2026/09/20 10:45:51.664, 5, 181.38 W, 33, 120 MHz, 3996 MHz, 0 %, 0 %
2026/09/20 10:45:51.664, 6, 180.25 W, 29, 120 MHz, 3996 MHz, 0 %, 0 %
2026/09/20 10:45:51.664, 7, 184.09 W, 29, 120 MHz, 3996 MHz, 0 %, 0 %
2026/09/20 10:45:52.664, 0, 233.12 W, 36, 2032 MHz, 3996 MHz, 0 %, 0 %
2026/09/20 10:45:52.664, 1, 235.88 W, 38, 2032 MHz, 3996 MHz, 0 %, 0 %
2026/09/20 10:45:52.664, 2, 227.01 W, 31, 2032 MHz, 3996 MHz, 0 %, 0 %
2026/09/20 10:45:52.664, 3, 231.37 W, 31, 2032 MHz, 3996 MHz, 0 %, 0 %
2026/09/20 10:45:52.664, 4, 183.25 W, 35, 120 MHz, 3996 MHz, 0 %, 0 %
2026/09/20 10:45:52.664, 5, 181.34 W, 33, 120 MHz, 3996 MHz, 0 %, 0 %
2026/09/20 10:45:52.664, 6, 180.41 W, 29, 120 MHz, 3996 MHz, 0 %, 0 %
2026/09/20 10:45:52.664, 7, 184.09 W, 29, 120 MHz, 3996 MHz, 0 %, 0 %
2026/09/20 10:45:53.664, 0, 233.31 W, 36, 2032 MHz, 3996 MHz, 0 %, 0 %
2026/09/20 10:45:53.664, 1, 235.88 W, 38, 2032 MHz, 3996 MHz, 0 %, 0 %
2026/09/20 10:45:53.664, 2, 227.15 W, 31, 2032 MHz, 3996 MHz, 0 %, 0 %
2026/09/20 10:45:53.664, 3, 231.22 W, 31, 2032 MHz, 3996 MHz, 0 %, 0 %
2026/09/20 10:45:53.664, 4, 183.25 W, 35, 120 MHz, 3996 MHz, 0 %, 0 %
2026/09/20 10:45:53.664, 5, 181.38 W, 33, 120 MHz, 3996 MHz, 0 %, 0 %
2026/09/20 10:45:53.664, 6, 180.29 W, 29, 120 MHz, 3996 MHz, 0 %, 0 %
2026/09/20 10:45:53.664, 7, 184.09 W, 29, 120 MHz, 3996 MHz, 0 %, 0 %
2026/09/20 10:45:54.664, 0, 233.27 W, 36, 2032 MHz, 3996 MHz, 0 %, 0 %
2026/09/20 10:45:54.664, 1, 235.88 W, 38, 2032 MHz, 3996 MHz, 0 %, 0 %
2026/09/20 10:45:54.664, 2, 226.94 W, 31, 2032 MHz, 3996 MHz, 0 %, 0 %
2026/09/20 10:45:54.664, 3, 231.30 W, 31, 2032 MHz, 3996 MHz, 0 %, 0 %
2026/09/20 10:45:54.664, 4, 183.25 W, 35, 120 MHz, 3996 MHz, 0 %, 0 %
2026/09/20 10:45:54.665, 5, 181.42 W, 33, 120 MHz, 3996 MHz, 0 %, 0 %
2026/09/20 10:45:54.665, 6, 180.36 W, 29, 120 MHz, 3996 MHz, 0 %, 0 %
2026/09/20 10:45:54.665, 7, 184.09 W, 29, 120 MHz, 3996 MHz, 0 %, 0 %
2026/09/20 10:45:55.665, 0, 233.47 W, 36, 2032 MHz, 3996 MHz, 0 %, 0 %
2026/09/20 10:45:55.665, 1, 235.88 W, 38, 2032 MHz, 3996 MHz, 0 %, 0 %
2026/09/20 10:45:55.665, 2, 227.13 W, 31, 2032 MHz, 3996 MHz, 0 %, 0 %
2026/09/20 10:45:55.665, 3, 231.34 W, 31, 2032 MHz, 3996 MHz, 0 %, 0 %
2026/09/20 10:45:55.665, 4, 183.25 W, 35, 120 MHz, 3996 MHz, 0 %, 0 %
2026/09/20 10:45:55.665, 5, 181.34 W, 33, 120 MHz, 3996 MHz, 0 %, 0 %
2026/09/20 10:45:55.665, 6, 180.29 W, 29, 120 MHz, 3996 MHz, 0 %, 0 %
2026/09/20 10:45:55.665, 7, 184.09 W, 29, 120 MHz, 3996 MHz, 0 %, 0 %
2026/09/20 10:45:56.665, 0, 250.33 W, 37, 2032 MHz, 3996 MHz, 26 %, 16 %
2026/09/20 10:45:56.665, 1, 253.14 W, 38, 2032 MHz, 3996 MHz, 27 %, 16 %
2026/09/20 10:45:56.665, 2, 242.49 W, 32, 2032 MHz, 3996 MHz, 27 %, 16 %
2026/09/20 10:45:56.665, 3, 247.36 W, 31, 2032 MHz, 3996 MHz, 29 %, 17 %
2026/09/20 10:45:56.665, 4, 183.25 W, 35, 120 MHz, 3996 MHz, 0 %, 0 %
2026/09/20 10:45:56.665, 5, 181.23 W, 33, 120 MHz, 3996 MHz, 0 %, 0 %
2026/09/20 10:45:56.665, 6, 180.25 W, 29, 120 MHz, 3996 MHz, 0 %, 0 %
2026/09/20 10:45:56.665, 7, 184.09 W, 29, 120 MHz, 3996 MHz, 0 %, 0 %
2026/09/20 10:45:57.665, 0, 234.17 W, 37, 2032 MHz, 3996 MHz, 0 %, 0 %
2026/09/20 10:45:57.665, 1, 235.99 W, 38, 2032 MHz, 3996 MHz, 0 %, 0 %
2026/09/20 10:45:57.665, 2, 227.09 W, 31, 2032 MHz, 3996 MHz, 0 %, 0 %
2026/09/20 10:45:57.665, 3, 231.63 W, 31, 2032 MHz, 3996 MHz, 0 %, 0 %
2026/09/20 10:45:57.665, 4, 183.25 W, 35, 120 MHz, 3996 MHz, 0 %, 0 %
2026/09/20 10:45:57.665, 5, 181.42 W, 33, 120 MHz, 3996 MHz, 0 %, 0 %
2026/09/20 10:45:57.665, 6, 180.33 W, 29, 120 MHz, 3996 MHz, 0 %, 0 %
2026/09/20 10:45:57.665, 7, 184.09 W, 29, 120 MHz, 3996 MHz, 0 %, 0 %
2026/09/20 10:45:58.665, 0, 233.36 W, 37, 2032 MHz, 3996 MHz, 0 %, 0 %
2026/09/20 10:45:58.665, 1, 235.88 W, 38, 2032 MHz, 3996 MHz, 0 %, 0 %
2026/09/20 10:45:58.666, 2, 226.88 W, 31, 2032 MHz, 3996 MHz, 0 %, 0 %
2026/09/20 10:45:58.666, 3, 231.47 W, 31, 2032 MHz, 3996 MHz, 0 %, 0 %
2026/09/20 10:45:58.666, 4, 183.25 W, 35, 120 MHz, 3996 MHz, 0 %, 0 %
2026/09/20 10:45:58.666, 5, 181.34 W, 33, 120 MHz, 3996 MHz, 0 %, 0 %
2026/09/20 10:45:58.666, 6, 180.25 W, 29, 120 MHz, 3996 MHz, 0 %, 0 %
2026/09/20 10:45:58.666, 7, 184.09 W, 29, 120 MHz, 3996 MHz, 0 %, 0 %
2026/09/20 10:45:59.666, 0, 233.08 W, 36, 2032 MHz, 3996 MHz, 0 %, 0 %
2026/09/20 10:45:59.666, 1, 235.88 W, 38, 2032 MHz, 3996 MHz, 0 %, 0 %
2026/09/20 10:45:59.666, 2, 226.34 W, 31, 2032 MHz, 3996 MHz, 0 %, 0 %
2026/09/20 10:45:59.666, 3, 231.38 W, 31, 2032 MHz, 3996 MHz, 0 %, 0 %
2026/09/20 10:45:59.666, 4, 183.25 W, 35, 120 MHz, 3996 MHz, 0 %, 0 %
2026/09/20 10:45:59.666, 5, 181.38 W, 33, 120 MHz, 3996 MHz, 0 %, 0 %
2026/09/20 10:45:59.666, 6, 180.29 W, 29, 120 MHz, 3996 MHz, 0 %, 0 %
2026/09/20 10:45:59.666, 7, 184.09 W, 29, 120 MHz, 3996 MHz, 0 %, 0 %
2026/09/20 10:46:00.666, 0, 232.94 W, 37, 2032 MHz, 3996 MHz, 0 %, 0 %
2026/09/20 10:46:00.666, 1, 235.88 W, 38, 2032 MHz, 3996 MHz, 0 %, 0 %
2026/09/20 10:46:00.666, 2, 226.41 W, 31, 2032 MHz, 3996 MHz, 0 %, 0 %
2026/09/20 10:46:00.666, 3, 231.41 W, 31, 2032 MHz, 3996 MHz, 0 %, 0 %
2026/09/20 10:46:00.666, 4, 183.25 W, 35, 120 MHz, 3996 MHz, 0 %, 0 %
2026/09/20 10:46:00.666, 5, 181.38 W, 33, 120 MHz, 3996 MHz, 0 %, 0 %
2026/09/20 10:46:00.666, 6, 180.32 W, 29, 120 MHz, 3996 MHz, 0 %, 0 %
2026/09/20 10:46:00.666, 7, 184.09 W, 29, 120 MHz, 3996 MHz, 0 %, 0 %
2026/09/20 10:46:01.666, 0, 232.94 W, 37, 2032 MHz, 3996 MHz, 0 %, 0 %
2026/09/20 10:46:01.666, 1, 235.88 W, 38, 2032 MHz, 3996 MHz, 0 %, 0 %
2026/09/20 10:46:01.666, 2, 226.29 W, 31, 2032 MHz, 3996 MHz, 0 %, 0 %
2026/09/20 10:46:01.666, 3, 231.41 W, 31, 2032 MHz, 3996 MHz, 0 %, 0 %
2026/09/20 10:46:01.666, 4, 183.25 W, 35, 120 MHz, 3996 MHz, 0 %, 0 %
2026/09/20 10:46:01.666, 5, 181.34 W, 33, 120 MHz, 3996 MHz, 0 %, 0 %
2026/09/20 10:46:01.666, 6, 180.37 W, 29, 120 MHz, 3996 MHz, 0 %, 0 %
2026/09/20 10:46:01.666, 7, 184.09 W, 29, 120 MHz, 3996 MHz, 0 %, 0 %
2026/09/20 10:46:02.667, 0, 232.88 W, 36, 2032 MHz, 3996 MHz, 0 %, 0 %
2026/09/20 10:46:02.667, 1, 235.88 W, 38, 2032 MHz, 3996 MHz, 0 %, 0 %
2026/09/20 10:46:02.667, 2, 226.36 W, 31, 2032 MHz, 3996 MHz, 0 %, 0 %
2026/09/20 10:46:02.667, 3, 231.38 W, 31, 2032 MHz, 3996 MHz, 0 %, 0 %
2026/09/20 10:46:02.667, 4, 183.25 W, 35, 120 MHz, 3996 MHz, 0 %, 0 %
2026/09/20 10:46:02.667, 5, 181.38 W, 33, 120 MHz, 3996 MHz, 0 %, 0 %
2026/09/20 10:46:02.667, 6, 180.41 W, 29, 120 MHz, 3996 MHz, 0 %, 0 %
2026/09/20 10:46:02.667, 7, 184.09 W, 29, 120 MHz, 3996 MHz, 0 %, 0 %
2026/09/20 10:46:03.667, 0, 233.05 W, 37, 2032 MHz, 3996 MHz, 0 %, 0 %
2026/09/20 10:46:03.667, 1, 235.88 W, 38, 2032 MHz, 3996 MHz, 0 %, 0 %
2026/09/20 10:46:03.667, 2, 226.53 W, 31, 2032 MHz, 3996 MHz, 0 %, 0 %
2026/09/20 10:46:03.667, 3, 231.40 W, 31, 2032 MHz, 3996 MHz, 0 %, 0 %
2026/09/20 10:46:03.667, 4, 183.25 W, 35, 120 MHz, 3996 MHz, 0 %, 0 %
2026/09/20 10:46:03.667, 5, 181.38 W, 33, 120 MHz, 3996 MHz, 0 %, 0 %
2026/09/20 10:46:03.667, 6, 180.49 W, 29, 120 MHz, 3996 MHz, 0 %, 0 %
2026/09/20 10:46:03.667, 7, 184.09 W, 29, 120 MHz, 3996 MHz, 0 %, 0 %
2026/09/20 10:46:04.667, 0, 232.59 W, 36, 2032 MHz, 3996 MHz, 0 %, 0 %
2026/09/20 10:46:04.667, 1, 235.88 W, 38, 2032 MHz, 3996 MHz, 0 %, 0 %
2026/09/20 10:46:04.667, 2, 226.50 W, 31, 2032 MHz, 3996 MHz, 0 %, 0 %
2026/09/20 10:46:04.667, 3, 231.36 W, 31, 2032 MHz, 3996 MHz, 0 %, 0 %
2026/09/20 10:46:04.667, 4, 183.25 W, 35, 120 MHz, 3996 MHz, 0 %, 0 %
2026/09/20 10:46:04.667, 5, 181.38 W, 33, 120 MHz, 3996 MHz, 0 %, 0 %
2026/09/20 10:46:04.667, 6, 180.25 W, 29, 120 MHz, 3996 MHz, 0 %, 0 %
2026/09/20 10:46:04.667, 7, 184.09 W, 29, 120 MHz, 3996 MHz, 0 %, 0 %
2026/09/20 10:46:05.667, 0, 233.77 W, 36, 2032 MHz, 3996 MHz, 0 %, 0 %
2026/09/20 10:46:05.667, 1, 236.38 W, 38, 2032 MHz, 3996 MHz, 0 %, 0 %
2026/09/20 10:46:05.667, 2, 226.82 W, 31, 2032 MHz, 3996 MHz, 0 %, 0 %
2026/09/20 10:46:05.667, 3, 231.70 W, 31, 2032 MHz, 3996 MHz, 0 %, 0 %
2026/09/20 10:46:05.667, 4, 183.25 W, 35, 120 MHz, 3996 MHz, 0 %, 0 %
2026/09/20 10:46:05.667, 5, 181.30 W, 33, 120 MHz, 3996 MHz, 0 %, 0 %
2026/09/20 10:46:05.667, 6, 180.41 W, 29, 120 MHz, 3996 MHz, 0 %, 0 %
2026/09/20 10:46:05.668, 7, 184.09 W, 29, 120 MHz, 3996 MHz, 0 %, 0 %
2026/09/20 10:46:06.668, 0, 232.90 W, 36, 2032 MHz, 3996 MHz, 0 %, 0 %
2026/09/20 10:46:06.668, 1, 235.88 W, 38, 2032 MHz, 3996 MHz, 0 %, 0 %
2026/09/20 10:46:06.668, 2, 226.10 W, 31, 2032 MHz, 3996 MHz, 0 %, 0 %
2026/09/20 10:46:06.668, 3, 231.38 W, 31, 2032 MHz, 3996 MHz, 0 %, 0 %
2026/09/20 10:46:06.668, 4, 183.25 W, 35, 120 MHz, 3996 MHz, 0 %, 0 %
2026/09/20 10:46:06.668, 5, 181.34 W, 33, 120 MHz, 3996 MHz, 0 %, 0 %
2026/09/20 10:46:06.668, 6, 180.25 W, 29, 120 MHz, 3996 MHz, 0 %, 0 %
2026/09/20 10:46:06.668, 7, 184.09 W, 29, 120 MHz, 3996 MHz, 0 %, 0 %
2026/09/20 10:46:07.668, 0, 232.34 W, 36, 2032 MHz, 3996 MHz, 0 %, 0 %
2026/09/20 10:46:07.668, 1, 235.88 W, 38, 2032 MHz, 3996 MHz, 0 %, 0 %
2026/09/20 10:46:07.668, 2, 226.02 W, 31, 2032 MHz, 3996 MHz, 0 %, 0 %
2026/09/20 10:46:07.668, 3, 231.06 W, 31, 2032 MHz, 3996 MHz, 0 %, 0 %
2026/09/20 10:46:07.668, 4, 183.25 W, 35, 120 MHz, 3996 MHz, 0 %, 0 %
2026/09/20 10:46:07.668, 5, 181.42 W, 33, 120 MHz, 3996 MHz, 0 %, 0 %
2026/09/20 10:46:07.668, 6, 180.33 W, 29, 120 MHz, 3996 MHz, 0 %, 0 %
2026/09/20 10:46:07.668, 7, 184.09 W, 29, 120 MHz, 3996 MHz, 0 %, 0 %
2026/09/20 10:46:08.668, 0, 232.10 W, 36, 2032 MHz, 3996 MHz, 0 %, 0 %
2026/09/20 10:46:08.668, 1, 235.88 W, 38, 2032 MHz, 3996 MHz, 0 %, 0 %
2026/09/20 10:46:08.668, 2, 225.99 W, 31, 2032 MHz, 3996 MHz, 0 %, 0 %
2026/09/20 10:46:08.668, 3, 231.05 W, 31, 2032 MHz, 3996 MHz, 0 %, 0 %
2026/09/20 10:46:08.668, 4, 183.25 W, 35, 120 MHz, 3996 MHz, 0 %, 0 %
2026/09/20 10:46:08.668, 5, 181.34 W, 33, 120 MHz, 3996 MHz, 0 %, 0 %
2026/09/20 10:46:08.668, 6, 180.25 W, 29, 120 MHz, 3996 MHz, 0 %, 0 %
2026/09/20 10:46:08.668, 7, 184.09 W, 29, 120 MHz, 3996 MHz, 0 %, 0 %
2026/09/20 10:46:09.669, 0, 232.48 W, 36, 2032 MHz, 3996 MHz, 0 %, 0 %
2026/09/20 10:46:09.669, 1, 235.88 W, 38, 2032 MHz, 3996 MHz, 0 %, 0 %
2026/09/20 10:46:09.669, 2, 226.10 W, 31, 2032 MHz, 3996 MHz, 0 %, 0 %
2026/09/20 10:46:09.669, 3, 231.29 W, 31, 2032 MHz, 3996 MHz, 0 %, 0 %
2026/09/20 10:46:09.669, 4, 183.25 W, 35, 120 MHz, 3996 MHz, 0 %, 0 %
2026/09/20 10:46:09.669, 5, 181.38 W, 33, 120 MHz, 3996 MHz, 0 %, 0 %
2026/09/20 10:46:09.669, 6, 180.25 W, 29, 120 MHz, 3996 MHz, 0 %, 0 %
2026/09/20 10:46:09.669, 7, 184.09 W, 29, 120 MHz, 3996 MHz, 0 %, 0 %
2026/09/20 10:46:10.669, 0, 232.14 W, 36, 2032 MHz, 3996 MHz, 0 %, 0 %
2026/09/20 10:46:10.669, 1, 235.88 W, 38, 2032 MHz, 3996 MHz, 0 %, 0 %
2026/09/20 10:46:10.669, 2, 226.02 W, 31, 2032 MHz, 3996 MHz, 0 %, 0 %
2026/09/20 10:46:10.669, 3, 231.05 W, 31, 2032 MHz, 3996 MHz, 0 %, 0 %
2026/09/20 10:46:10.669, 4, 183.25 W, 35, 120 MHz, 3996 MHz, 0 %, 0 %
2026/09/20 10:46:10.669, 5, 181.30 W, 33, 120 MHz, 3996 MHz, 0 %, 0 %
2026/09/20 10:46:10.669, 6, 180.25 W, 29, 120 MHz, 3996 MHz, 0 %, 0 %
2026/09/20 10:46:10.669, 7, 184.09 W, 29, 120 MHz, 3996 MHz, 0 %, 0 %
2026/09/20 10:46:11.669, 0, 232.18 W, 36, 2032 MHz, 3996 MHz, 0 %, 0 %
2026/09/20 10:46:11.669, 1, 235.88 W, 38, 2032 MHz, 3996 MHz, 0 %, 0 %
2026/09/20 10:46:11.669, 2, 225.98 W, 31, 2032 MHz, 3996 MHz, 0 %, 0 %
2026/09/20 10:46:11.669, 3, 231.18 W, 31, 2032 MHz, 3996 MHz, 0 %, 0 %
2026/09/20 10:46:11.669, 4, 183.25 W, 35, 120 MHz, 3996 MHz, 0 %, 0 %
2026/09/20 10:46:11.669, 5, 181.34 W, 33, 120 MHz, 3996 MHz, 0 %, 0 %
2026/09/20 10:46:11.669, 6, 180.33 W, 29, 120 MHz, 3996 MHz, 0 %, 0 %
2026/09/20 10:46:11.669, 7, 184.09 W, 29, 120 MHz, 3996 MHz, 0 %, 0 %
2026/09/20 10:46:12.669, 0, 231.91 W, 36, 2032 MHz, 3996 MHz, 0 %, 0 %
2026/09/20 10:46:12.669, 1, 235.88 W, 38, 2032 MHz, 3996 MHz, 0 %, 0 %
2026/09/20 10:46:12.669, 2, 225.99 W, 31, 2032 MHz, 3996 MHz, 0 %, 0 %
2026/09/20 10:46:12.669, 3, 230.90 W, 31, 2032 MHz, 3996 MHz, 0 %, 0 %
2026/09/20 10:46:12.669, 4, 183.25 W, 35, 120 MHz, 3996 MHz, 0 %, 0 %
2026/09/20 10:46:12.669, 5, 181.34 W, 33, 120 MHz, 3996 MHz, 0 %, 0 %
2026/09/20 10:46:12.669, 6, 180.25 W, 29, 120 MHz, 3996 MHz, 0 %, 0 %
2026/09/20 10:46:12.670, 7, 184.09 W, 29, 120 MHz, 3996 MHz, 0 %, 0 %
2026/09/20 10:46:13.670, 0, 231.91 W, 36, 2032 MHz, 3996 MHz, 0 %, 0 %
2026/09/20 10:46:13.670, 1, 235.88 W, 38, 2032 MHz, 3996 MHz, 0 %, 0 %
2026/09/20 10:46:13.670, 2, 225.99 W, 31, 2032 MHz, 3996 MHz, 0 %, 0 %
2026/09/20 10:46:13.670, 3, 230.55 W, 31, 2032 MHz, 3996 MHz, 0 %, 0 %
2026/09/20 10:46:13.670, 4, 183.25 W, 35, 120 MHz, 3996 MHz, 0 %, 0 %
2026/09/20 10:46:13.670, 5, 181.30 W, 33, 120 MHz, 3996 MHz, 0 %, 0 %
2026/09/20 10:46:13.670, 6, 180.40 W, 29, 120 MHz, 3996 MHz, 0 %, 0 %
2026/09/20 10:46:13.670, 7, 184.09 W, 29, 120 MHz, 3996 MHz, 0 %, 0 %
2026/09/20 10:46:14.670, 0, 231.91 W, 36, 2032 MHz, 3996 MHz, 0 %, 0 %
2026/09/20 10:46:14.670, 1, 235.88 W, 38, 2032 MHz, 3996 MHz, 0 %, 0 %
2026/09/20 10:46:14.670, 2, 225.98 W, 31, 2032 MHz, 3996 MHz, 0 %, 0 %
2026/09/20 10:46:14.670, 3, 230.60 W, 31, 2032 MHz, 3996 MHz, 0 %, 0 %
2026/09/20 10:46:14.670, 4, 183.25 W, 35, 120 MHz, 3996 MHz, 0 %, 0 %
2026/09/20 10:46:14.670, 5, 181.38 W, 33, 120 MHz, 3996 MHz, 0 %, 0 %
2026/09/20 10:46:14.670, 6, 180.29 W, 29, 120 MHz, 3996 MHz, 0 %, 0 %
2026/09/20 10:46:14.670, 7, 184.09 W, 29, 120 MHz, 3996 MHz, 0 %, 0 %
2026/09/20 10:46:15.670, 0, 231.95 W, 36, 2032 MHz, 3996 MHz, 0 %, 0 %
2026/09/20 10:46:15.671, 1, 235.88 W, 38, 2032 MHz, 3996 MHz, 0 %, 0 %
2026/09/20 10:46:15.671, 2, 225.98 W, 31, 2032 MHz, 3996 MHz, 0 %, 0 %
2026/09/20 10:46:15.671, 3, 231.07 W, 31, 2032 MHz, 3996 MHz, 0 %, 0 %
2026/09/20 10:46:15.671, 4, 183.25 W, 35, 120 MHz, 3996 MHz, 0 %, 0 %
2026/09/20 10:46:15.671, 5, 181.34 W, 33, 120 MHz, 3996 MHz, 0 %, 0 %
2026/09/20 10:46:15.671, 6, 180.21 W, 29, 120 MHz, 3996 MHz, 0 %, 0 %
2026/09/20 10:46:15.671, 7, 184.09 W, 29, 120 MHz, 3996 MHz, 0 %, 0 %
2026/09/20 10:46:16.671, 0, 232.80 W, 36, 2032 MHz, 3996 MHz, 0 %, 0 %
2026/09/20 10:46:16.671, 1, 235.88 W, 38, 2032 MHz, 3996 MHz, 0 %, 0 %
2026/09/20 10:46:16.671, 2, 225.99 W, 31, 2032 MHz, 3996 MHz, 0 %, 0 %
2026/09/20 10:46:16.671, 3, 230.90 W, 31, 2032 MHz, 3996 MHz, 0 %, 0 %
2026/09/20 10:46:16.671, 4, 183.25 W, 35, 120 MHz, 3996 MHz, 0 %, 0 %
2026/09/20 10:46:16.671, 5, 181.34 W, 33, 120 MHz, 3996 MHz, 0 %, 0 %
2026/09/20 10:46:16.671, 6, 180.29 W, 29, 120 MHz, 3996 MHz, 0 %, 0 %
2026/09/20 10:46:16.671, 7, 184.09 W, 29, 120 MHz, 3996 MHz, 0 %, 0 %
2026/09/20 10:46:17.672, 0, 232.34 W, 36, 2032 MHz, 3996 MHz, 0 %, 0 %
2026/09/20 10:46:17.672, 1, 235.88 W, 38, 2032 MHz, 3996 MHz, 0 %, 0 %
2026/09/20 10:46:17.672, 2, 225.98 W, 31, 2032 MHz, 3996 MHz, 0 %, 0 %
2026/09/20 10:46:17.672, 3, 231.16 W, 31, 2032 MHz, 3996 MHz, 0 %, 0 %
2026/09/20 10:46:17.672, 4, 183.25 W, 35, 120 MHz, 3996 MHz, 0 %, 0 %
2026/09/20 10:46:17.672, 5, 181.42 W, 33, 120 MHz, 3996 MHz, 0 %, 0 %
2026/09/20 10:46:17.672, 6, 180.37 W, 29, 120 MHz, 3996 MHz, 0 %, 0 %
2026/09/20 10:46:17.672, 7, 184.09 W, 29, 120 MHz, 3996 MHz, 0 %, 0 %
2026/09/20 10:46:18.672, 0, 232.61 W, 36, 2032 MHz, 3996 MHz, 0 %, 0 %
2026/09/20 10:46:18.672, 1, 235.88 W, 38, 2032 MHz, 3996 MHz, 0 %, 0 %
2026/09/20 10:46:18.672, 2, 225.98 W, 31, 2032 MHz, 3996 MHz, 0 %, 0 %
2026/09/20 10:46:18.672, 3, 231.17 W, 31, 2032 MHz, 3996 MHz, 0 %, 0 %
2026/09/20 10:46:18.672, 4, 183.25 W, 35, 120 MHz, 3996 MHz, 0 %, 0 %
2026/09/20 10:46:18.672, 5, 181.34 W, 33, 120 MHz, 3996 MHz, 0 %, 0 %
2026/09/20 10:46:18.672, 6, 180.37 W, 29, 120 MHz, 3996 MHz, 0 %, 0 %
2026/09/20 10:46:18.672, 7, 184.09 W, 29, 120 MHz, 3996 MHz, 0 %, 0 %
2026/09/20 10:46:19.672, 0, 233.97 W, 36, 2032 MHz, 3996 MHz, 1 %, 0 %
2026/09/20 10:46:19.672, 1, 235.88 W, 38, 2032 MHz, 3996 MHz, 1 %, 0 %
2026/09/20 10:46:19.672, 2, 229.95 W, 31, 2032 MHz, 3996 MHz, 2 %, 0 %
2026/09/20 10:46:19.672, 3, 231.46 W, 31, 2032 MHz, 3996 MHz, 1 %, 0 %
2026/09/20 10:46:19.672, 4, 183.25 W, 35, 120 MHz, 3996 MHz, 0 %, 0 %
2026/09/20 10:46:19.672, 5, 181.38 W, 33, 120 MHz, 3996 MHz, 0 %, 0 %
2026/09/20 10:46:19.672, 6, 180.41 W, 29, 120 MHz, 3996 MHz, 0 %, 0 %
2026/09/20 10:46:19.672, 7, 184.09 W, 29, 120 MHz, 3996 MHz, 0 %, 0 %
2026/09/20 10:46:20.672, 0, 237.94 W, 37, 2032 MHz, 3996 MHz, 7 %, 0 %
2026/09/20 10:46:20.672, 1, 235.87 W, 38, 2032 MHz, 3996 MHz, 4 %, 0 %
2026/09/20 10:46:20.672, 2, 248.36 W, 32, 2032 MHz, 3996 MHz, 10 %, 3 %
2026/09/20 10:46:20.673, 3, 231.55 W, 31, 2032 MHz, 3996 MHz, 6 %, 0 %
2026/09/20 10:46:20.673, 4, 183.25 W, 35, 120 MHz, 3996 MHz, 0 %, 0 %
2026/09/20 10:46:20.673, 5, 181.30 W, 33, 120 MHz, 3996 MHz, 0 %, 0 %
2026/09/20 10:46:20.673, 6, 180.37 W, 29, 120 MHz, 3996 MHz, 0 %, 0 %
2026/09/20 10:46:20.673, 7, 184.09 W, 29, 120 MHz, 3996 MHz, 0 %, 0 %
2026/09/20 10:46:21.673, 0, 236.31 W, 37, 2032 MHz, 3996 MHz, 1 %, 0 %
2026/09/20 10:46:21.673, 1, 235.87 W, 38, 2032 MHz, 3996 MHz, 1 %, 0 %
2026/09/20 10:46:21.673, 2, 241.74 W, 32, 2032 MHz, 3996 MHz, 1 %, 0 %
2026/09/20 10:46:21.673, 3, 231.45 W, 31, 2032 MHz, 3996 MHz, 1 %, 0 %
2026/09/20 10:46:21.673, 4, 183.25 W, 35, 120 MHz, 3996 MHz, 0 %, 0 %
2026/09/20 10:46:21.673, 5, 181.38 W, 33, 120 MHz, 3996 MHz, 0 %, 0 %
2026/09/20 10:46:21.673, 6, 180.33 W, 29, 120 MHz, 3996 MHz, 0 %, 0 %
2026/09/20 10:46:21.673, 7, 184.09 W, 29, 120 MHz, 3996 MHz, 0 %, 0 %
2026/09/20 10:46:22.673, 0, 233.97 W, 37, 2032 MHz, 3996 MHz, 1 %, 0 %
2026/09/20 10:46:22.673, 1, 235.88 W, 38, 2032 MHz, 3996 MHz, 1 %, 0 %
2026/09/20 10:46:22.673, 2, 229.61 W, 31, 2032 MHz, 3996 MHz, 2 %, 0 %
2026/09/20 10:46:22.673, 3, 231.57 W, 31, 2032 MHz, 3996 MHz, 1 %, 0 %
2026/09/20 10:46:22.673, 4, 183.25 W, 35, 120 MHz, 3996 MHz, 0 %, 0 %
2026/09/20 10:46:22.673, 5, 181.30 W, 33, 120 MHz, 3996 MHz, 0 %, 0 %
2026/09/20 10:46:22.673, 6, 180.17 W, 29, 120 MHz, 3996 MHz, 0 %, 0 %
2026/09/20 10:46:22.673, 7, 184.09 W, 29, 120 MHz, 3996 MHz, 0 %, 0 %
2026/09/20 10:46:23.673, 0, 237.95 W, 37, 2032 MHz, 3996 MHz, 5 %, 0 %
2026/09/20 10:46:23.673, 1, 235.84 W, 38, 2032 MHz, 3996 MHz, 5 %, 0 %
2026/09/20 10:46:23.673, 2, 247.77 W, 32, 2032 MHz, 3996 MHz, 8 %, 2 %
2026/09/20 10:46:23.673, 3, 231.54 W, 31, 2032 MHz, 3996 MHz, 4 %, 0 %
2026/09/20 10:46:23.673, 4, 183.25 W, 35, 120 MHz, 3996 MHz, 0 %, 0 %
2026/09/20 10:46:23.673, 5, 181.38 W, 33, 120 MHz, 3996 MHz, 0 %, 0 %
2026/09/20 10:46:23.673, 6, 180.29 W, 29, 120 MHz, 3996 MHz, 0 %, 0 %
2026/09/20 10:46:23.673, 7, 184.09 W, 29, 120 MHz, 3996 MHz, 0 %, 0 %
2026/09/20 10:46:24.677, 0, 237.94 W, 37, 2032 MHz, 3996 MHz, 4 %, 0 %
2026/09/20 10:46:24.677, 1, 235.85 W, 38, 2032 MHz, 3996 MHz, 5 %, 0 %
2026/09/20 10:46:24.677, 2, 248.81 W, 32, 2032 MHz, 3996 MHz, 6 %, 2 %
2026/09/20 10:46:24.677, 3, 231.56 W, 31, 2032 MHz, 3996 MHz, 3 %, 0 %
2026/09/20 10:46:24.677, 4, 183.25 W, 35, 120 MHz, 3996 MHz, 0 %, 0 %
2026/09/20 10:46:24.677, 5, 181.30 W, 33, 120 MHz, 3996 MHz, 0 %, 0 %
2026/09/20 10:46:24.677, 6, 180.37 W, 29, 120 MHz, 3996 MHz, 0 %, 0 %
2026/09/20 10:46:24.677, 7, 184.09 W, 29, 120 MHz, 3996 MHz, 0 %, 0 %
2026/09/20 10:46:25.677, 0, 234.60 W, 37, 2032 MHz, 3996 MHz, 1 %, 0 %
2026/09/20 10:46:25.677, 1, 235.87 W, 38, 2032 MHz, 3996 MHz, 1 %, 0 %
2026/09/20 10:46:25.677, 2, 233.13 W, 31, 2032 MHz, 3996 MHz, 1 %, 0 %
2026/09/20 10:46:25.677, 3, 231.26 W, 31, 2032 MHz, 3996 MHz, 0 %, 0 %
2026/09/20 10:46:25.677, 4, 183.25 W, 35, 120 MHz, 3996 MHz, 0 %, 0 %
2026/09/20 10:46:25.677, 5, 181.42 W, 33, 120 MHz, 3996 MHz, 0 %, 0 %
2026/09/20 10:46:25.677, 6, 180.33 W, 29, 120 MHz, 3996 MHz, 0 %, 0 %
2026/09/20 10:46:25.677, 7, 184.09 W, 29, 120 MHz, 3996 MHz, 0 %, 0 %
2026/09/20 10:46:26.678, 0, 233.82 W, 37, 2032 MHz, 3996 MHz, 1 %, 0 %
2026/09/20 10:46:26.678, 1, 235.87 W, 38, 2032 MHz, 3996 MHz, 1 %, 0 %
2026/09/20 10:46:26.678, 2, 229.38 W, 31, 2032 MHz, 3996 MHz, 1 %, 0 %
2026/09/20 10:46:26.678, 3, 231.40 W, 31, 2032 MHz, 3996 MHz, 0 %, 0 %
2026/09/20 10:46:26.678, 4, 183.25 W, 35, 120 MHz, 3996 MHz, 0 %, 0 %
2026/09/20 10:46:26.678, 5, 181.30 W, 33, 120 MHz, 3996 MHz, 0 %, 0 %
2026/09/20 10:46:26.678, 6, 180.25 W, 29, 120 MHz, 3996 MHz, 0 %, 0 %
2026/09/20 10:46:26.678, 7, 184.09 W, 29, 120 MHz, 3996 MHz, 0 %, 0 %
2026/09/20 10:46:27.678, 0, 238.28 W, 37, 2032 MHz, 3996 MHz, 9 %, 0 %
2026/09/20 10:46:27.678, 1, 235.86 W, 38, 2032 MHz, 3996 MHz, 3 %, 0 %
2026/09/20 10:46:27.678, 2, 246.30 W, 32, 2032 MHz, 3996 MHz, 12 %, 3 %
2026/09/20 10:46:27.678, 3, 231.55 W, 31, 2032 MHz, 3996 MHz, 5 %, 0 %
2026/09/20 10:46:27.678, 4, 183.25 W, 35, 120 MHz, 3996 MHz, 0 %, 0 %
2026/09/20 10:46:27.678, 5, 181.30 W, 33, 120 MHz, 3996 MHz, 0 %, 0 %
2026/09/20 10:46:27.678, 6, 180.17 W, 29, 120 MHz, 3996 MHz, 0 %, 0 %
2026/09/20 10:46:27.678, 7, 184.09 W, 29, 120 MHz, 3996 MHz, 0 %, 0 %
2026/09/20 10:46:28.678, 0, 238.14 W, 37, 2032 MHz, 3996 MHz, 9 %, 0 %
2026/09/20 10:46:28.678, 1, 235.93 W, 38, 2032 MHz, 3996 MHz, 6 %, 0 %
2026/09/20 10:46:28.678, 2, 248.74 W, 32, 2032 MHz, 3996 MHz, 12 %, 3 %
2026/09/20 10:46:28.678, 3, 231.50 W, 31, 2032 MHz, 3996 MHz, 6 %, 0 %
2026/09/20 10:46:28.678, 4, 183.25 W, 35, 120 MHz, 3996 MHz, 0 %, 0 %
2026/09/20 10:46:28.678, 5, 181.34 W, 33, 120 MHz, 3996 MHz, 0 %, 0 %
2026/09/20 10:46:28.678, 6, 180.21 W, 29, 120 MHz, 3996 MHz, 0 %, 0 %
2026/09/20 10:46:28.678, 7, 184.09 W, 29, 120 MHz, 3996 MHz, 0 %, 0 %
2026/09/20 10:46:29.678, 0, 235.04 W, 37, 2032 MHz, 3996 MHz, 0 %, 0 %
2026/09/20 10:46:29.678, 1, 235.90 W, 38, 2032 MHz, 3996 MHz, 0 %, 0 %
2026/09/20 10:46:29.678, 2, 234.33 W, 31, 2032 MHz, 3996 MHz, 0 %, 0 %
2026/09/20 10:46:29.678, 3, 231.34 W, 31, 2032 MHz, 3996 MHz, 0 %, 0 %
2026/09/20 10:46:29.678, 4, 183.25 W, 35, 120 MHz, 3996 MHz, 0 %, 0 %
2026/09/20 10:46:29.679, 5, 181.42 W, 33, 120 MHz, 3996 MHz, 0 %, 0 %
2026/09/20 10:46:29.679, 6, 180.36 W, 29, 120 MHz, 3996 MHz, 0 %, 0 %
2026/09/20 10:46:29.679, 7, 184.09 W, 29, 120 MHz, 3996 MHz, 0 %, 0 %
2026/09/20 10:46:30.679, 0, 232.76 W, 37, 2032 MHz, 3996 MHz, 0 %, 0 %
2026/09/20 10:46:30.679, 1, 235.88 W, 38, 2032 MHz, 3996 MHz, 0 %, 0 %
2026/09/20 10:46:30.679, 2, 226.67 W, 31, 2032 MHz, 3996 MHz, 0 %, 0 %
2026/09/20 10:46:30.679, 3, 230.21 W, 31, 2032 MHz, 3996 MHz, 0 %, 0 %
2026/09/20 10:46:30.679, 4, 183.25 W, 35, 120 MHz, 3996 MHz, 0 %, 0 %
2026/09/20 10:46:30.679, 5, 181.42 W, 33, 120 MHz, 3996 MHz, 0 %, 0 %
2026/09/20 10:46:30.679, 6, 180.53 W, 29, 120 MHz, 3996 MHz, 0 %, 0 %
2026/09/20 10:46:30.679, 7, 184.09 W, 29, 120 MHz, 3996 MHz, 0 %, 0 %
2026/09/20 10:46:31.679, 0, 245.70 W, 37, 2032 MHz, 3996 MHz, 11 %, 3 %
2026/09/20 10:46:31.679, 1, 236.71 W, 38, 2032 MHz, 3996 MHz, 6 %, 0 %
2026/09/20 10:46:31.679, 2, 237.53 W, 32, 2032 MHz, 3996 MHz, 11 %, 3 %
2026/09/20 10:46:31.679, 3, 232.81 W, 31, 2032 MHz, 3996 MHz, 8 %, 0 %
2026/09/20 10:46:31.679, 4, 183.25 W, 35, 120 MHz, 3996 MHz, 0 %, 0 %
2026/09/20 10:46:31.679, 5, 181.38 W, 33, 120 MHz, 3996 MHz, 0 %, 0 %
2026/09/20 10:46:31.679, 6, 180.49 W, 29, 120 MHz, 3996 MHz, 0 %, 0 %
2026/09/20 10:46:31.679, 7, 184.09 W, 29, 120 MHz, 3996 MHz, 0 %, 0 %
2026/09/20 10:46:32.679, 0, 252.63 W, 37, 2032 MHz, 3996 MHz, 7 %, 2 %
2026/09/20 10:46:32.679, 1, 237.88 W, 38, 2032 MHz, 3996 MHz, 5 %, 0 %
2026/09/20 10:46:32.679, 2, 245.19 W, 32, 2032 MHz, 3996 MHz, 8 %, 2 %
2026/09/20 10:46:32.679, 3, 234.32 W, 31, 2032 MHz, 3996 MHz, 5 %, 0 %
2026/09/20 10:46:32.679, 4, 183.25 W, 35, 120 MHz, 3996 MHz, 0 %, 0 %
2026/09/20 10:46:32.679, 5, 181.34 W, 33, 120 MHz, 3996 MHz, 0 %, 0 %
2026/09/20 10:46:32.679, 6, 180.37 W, 29, 120 MHz, 3996 MHz, 0 %, 0 %
2026/09/20 10:46:32.679, 7, 184.09 W, 29, 120 MHz, 3996 MHz, 0 %, 0 %
2026/09/20 10:46:33.680, 0, 254.74 W, 37, 2032 MHz, 3996 MHz, 11 %, 4 %
2026/09/20 10:46:33.680, 1, 237.60 W, 38, 2032 MHz, 3996 MHz, 8 %, 0 %
2026/09/20 10:46:33.680, 2, 245.56 W, 32, 2032 MHz, 3996 MHz, 11 %, 3 %
2026/09/20 10:46:33.680, 3, 234.66 W, 31, 2032 MHz, 3996 MHz, 8 %, 0 %
2026/09/20 10:46:33.680, 4, 183.25 W, 35, 120 MHz, 3996 MHz, 0 %, 0 %
2026/09/20 10:46:33.680, 5, 181.38 W, 33, 120 MHz, 3996 MHz, 0 %, 0 %
2026/09/20 10:46:33.680, 6, 180.52 W, 29, 120 MHz, 3996 MHz, 0 %, 0 %
2026/09/20 10:46:33.680, 7, 184.09 W, 29, 120 MHz, 3996 MHz, 0 %, 0 %
2026/09/20 10:46:34.680, 0, 262.23 W, 37, 2032 MHz, 3996 MHz, 11 %, 3 %
2026/09/20 10:46:34.680, 1, 238.78 W, 38, 2032 MHz, 3996 MHz, 8 %, 0 %
2026/09/20 10:46:34.680, 2, 252.47 W, 32, 2032 MHz, 3996 MHz, 12 %, 3 %
2026/09/20 10:46:34.680, 3, 235.66 W, 31, 2032 MHz, 3996 MHz, 8 %, 0 %
2026/09/20 10:46:34.680, 4, 183.25 W, 35, 120 MHz, 3996 MHz, 0 %, 0 %
2026/09/20 10:46:34.680, 5, 181.30 W, 33, 120 MHz, 3996 MHz, 0 %, 0 %
2026/09/20 10:46:34.680, 6, 180.32 W, 29, 120 MHz, 3996 MHz, 0 %, 0 %
2026/09/20 10:46:34.680, 7, 184.09 W, 29, 120 MHz, 3996 MHz, 0 %, 0 %
2026/09/20 10:46:35.680, 0, 258.69 W, 37, 2032 MHz, 3996 MHz, 10 %, 3 %
2026/09/20 10:46:35.680, 1, 238.22 W, 38, 2032 MHz, 3996 MHz, 7 %, 0 %
2026/09/20 10:46:35.680, 2, 251.37 W, 32, 2032 MHz, 3996 MHz, 10 %, 3 %
2026/09/20 10:46:35.680, 3, 235.54 W, 31, 2032 MHz, 3996 MHz, 7 %, 0 %
2026/09/20 10:46:35.680, 4, 183.25 W, 35, 120 MHz, 3996 MHz, 0 %, 0 %
2026/09/20 10:46:35.680, 5, 181.26 W, 33, 120 MHz, 3996 MHz, 0 %, 0 %
2026/09/20 10:46:35.680, 6, 180.37 W, 29, 120 MHz, 3996 MHz, 0 %, 0 %
2026/09/20 10:46:35.680, 7, 184.09 W, 29, 120 MHz, 3996 MHz, 0 %, 0 %
2026/09/20 10:46:36.681, 0, 257.60 W, 37, 2032 MHz, 3996 MHz, 10 %, 3 %
2026/09/20 10:46:36.681, 1, 238.43 W, 38, 2032 MHz, 3996 MHz, 7 %, 0 %
2026/09/20 10:46:36.681, 2, 250.95 W, 32, 2032 MHz, 3996 MHz, 11 %, 3 %
2026/09/20 10:46:36.681, 3, 235.76 W, 31, 2032 MHz, 3996 MHz, 7 %, 0 %
2026/09/20 10:46:36.681, 4, 183.25 W, 35, 120 MHz, 3996 MHz, 0 %, 0 %
2026/09/20 10:46:36.681, 5, 181.38 W, 33, 120 MHz, 3996 MHz, 0 %, 0 %
2026/09/20 10:46:36.681, 6, 180.40 W, 29, 120 MHz, 3996 MHz, 0 %, 0 %
2026/09/20 10:46:36.681, 7, 184.09 W, 29, 120 MHz, 3996 MHz, 0 %, 0 %
2026/09/20 10:46:37.681, 0, 273.15 W, 37, 2032 MHz, 3996 MHz, 16 %, 9 %
2026/09/20 10:46:37.681, 1, 239.80 W, 38, 2032 MHz, 3996 MHz, 9 %, 0 %
2026/09/20 10:46:37.681, 2, 262.70 W, 32, 2032 MHz, 3996 MHz, 16 %, 7 %
2026/09/20 10:46:37.681, 3, 248.48 W, 31, 2032 MHz, 3996 MHz, 14 %, 5 %
2026/09/20 10:46:37.681, 4, 183.25 W, 35, 120 MHz, 3996 MHz, 0 %, 0 %
2026/09/20 10:46:37.681, 5, 181.38 W, 33, 120 MHz, 3996 MHz, 0 %, 0 %
2026/09/20 10:46:37.681, 6, 180.49 W, 29, 120 MHz, 3996 MHz, 0 %, 0 %
2026/09/20 10:46:37.681, 7, 184.09 W, 29, 120 MHz, 3996 MHz, 0 %, 0 %
2026/09/20 10:46:38.681, 0, 295.51 W, 37, 2032 MHz, 3996 MHz, 16 %, 9 %
2026/09/20 10:46:38.681, 1, 242.81 W, 38, 2032 MHz, 3996 MHz, 9 %, 0 %
2026/09/20 10:46:38.681, 2, 278.26 W, 32, 2032 MHz, 3996 MHz, 16 %, 7 %
2026/09/20 10:46:38.681, 3, 265.66 W, 32, 2032 MHz, 3996 MHz, 13 %, 5 %
2026/09/20 10:46:38.681, 4, 183.25 W, 35, 120 MHz, 3996 MHz, 0 %, 0 %
2026/09/20 10:46:38.681, 5, 181.38 W, 33, 120 MHz, 3996 MHz, 0 %, 0 %
2026/09/20 10:46:38.681, 6, 180.36 W, 29, 120 MHz, 3996 MHz, 0 %, 0 %
2026/09/20 10:46:38.681, 7, 184.09 W, 29, 120 MHz, 3996 MHz, 0 %, 0 %
2026/09/20 10:46:39.681, 0, 289.06 W, 37, 2032 MHz, 3996 MHz, 14 %, 7 %
2026/09/20 10:46:39.681, 1, 241.99 W, 38, 2032 MHz, 3996 MHz, 7 %, 0 %
2026/09/20 10:46:39.681, 2, 271.42 W, 32, 2032 MHz, 3996 MHz, 12 %, 6 %
2026/09/20 10:46:39.681, 3, 261.34 W, 32, 2032 MHz, 3996 MHz, 10 %, 4 %
2026/09/20 10:46:39.681, 4, 183.25 W, 35, 120 MHz, 3996 MHz, 0 %, 0 %
2026/09/20 10:46:39.681, 5, 181.42 W, 33, 120 MHz, 3996 MHz, 0 %, 0 %
2026/09/20 10:46:39.682, 6, 180.33 W, 29, 120 MHz, 3996 MHz, 0 %, 0 %
2026/09/20 10:46:39.682, 7, 184.09 W, 29, 120 MHz, 3996 MHz, 0 %, 0 %
2026/09/20 10:46:40.682, 0, 287.77 W, 37, 2032 MHz, 3996 MHz, 14 %, 8 %
2026/09/20 10:46:40.682, 1, 241.76 W, 38, 2032 MHz, 3996 MHz, 8 %, 0 %
2026/09/20 10:46:40.682, 2, 268.48 W, 32, 2032 MHz, 3996 MHz, 13 %, 6 %
2026/09/20 10:46:40.682, 3, 261.36 W, 32, 2032 MHz, 3996 MHz, 12 %, 4 %
2026/09/20 10:46:40.682, 4, 183.25 W, 35, 120 MHz, 3996 MHz, 0 %, 0 %
2026/09/20 10:46:40.682, 5, 181.42 W, 33, 120 MHz, 3996 MHz, 0 %, 0 %
2026/09/20 10:46:40.682, 6, 180.25 W, 29, 120 MHz, 3996 MHz, 0 %, 0 %
2026/09/20 10:46:40.682, 7, 184.09 W, 29, 120 MHz, 3996 MHz, 0 %, 0 %
2026/09/20 10:46:41.682, 0, 290.12 W, 38, 2032 MHz, 3996 MHz, 15 %, 8 %
2026/09/20 10:46:41.682, 1, 242.26 W, 38, 2032 MHz, 3996 MHz, 8 %, 0 %
2026/09/20 10:46:41.682, 2, 270.98 W, 32, 2032 MHz, 3996 MHz, 12 %, 6 %
2026/09/20 10:46:41.682, 3, 262.40 W, 32, 2032 MHz, 3996 MHz, 11 %, 4 %
2026/09/20 10:46:41.682, 4, 183.25 W, 35, 120 MHz, 3996 MHz, 0 %, 0 %
2026/09/20 10:46:41.682, 5, 181.38 W, 33, 120 MHz, 3996 MHz, 0 %, 0 %
2026/09/20 10:46:41.682, 6, 180.33 W, 29, 120 MHz, 3996 MHz, 0 %, 0 %
2026/09/20 10:46:41.682, 7, 184.09 W, 29, 120 MHz, 3996 MHz, 0 %, 0 %
2026/09/20 10:46:42.682, 0, 290.94 W, 38, 2032 MHz, 3996 MHz, 14 %, 7 %
2026/09/20 10:46:42.682, 1, 242.89 W, 38, 2032 MHz, 3996 MHz, 8 %, 0 %
2026/09/20 10:46:42.682, 2, 273.42 W, 32, 2032 MHz, 3996 MHz, 13 %, 6 %
2026/09/20 10:46:42.682, 3, 264.82 W, 32, 2032 MHz, 3996 MHz, 11 %, 4 %
2026/09/20 10:46:42.682, 4, 183.25 W, 35, 120 MHz, 3996 MHz, 0 %, 0 %
2026/09/20 10:46:42.682, 5, 181.38 W, 33, 120 MHz, 3996 MHz, 0 %, 0 %
2026/09/20 10:46:42.682, 6, 180.33 W, 29, 120 MHz, 3996 MHz, 0 %, 0 %
2026/09/20 10:46:42.682, 7, 184.09 W, 29, 120 MHz, 3996 MHz, 0 %, 0 %
2026/09/20 10:46:43.682, 0, 292.39 W, 38, 2032 MHz, 3996 MHz, 16 %, 7 %
2026/09/20 10:46:43.682, 1, 247.33 W, 38, 2032 MHz, 3996 MHz, 14 %, 5 %
2026/09/20 10:46:43.682, 2, 275.71 W, 32, 2032 MHz, 3996 MHz, 15 %, 6 %
2026/09/20 10:46:43.682, 3, 269.10 W, 32, 2032 MHz, 3996 MHz, 14 %, 6 %
2026/09/20 10:46:43.682, 4, 183.25 W, 35, 120 MHz, 3996 MHz, 0 %, 0 %
2026/09/20 10:46:43.682, 5, 181.34 W, 33, 120 MHz, 3996 MHz, 0 %, 0 %
2026/09/20 10:46:43.683, 6, 180.37 W, 29, 120 MHz, 3996 MHz, 0 %, 0 %
2026/09/20 10:46:43.683, 7, 184.09 W, 29, 120 MHz, 3996 MHz, 0 %, 0 %
2026/09/20 10:46:44.683, 0, 289.18 W, 38, 2032 MHz, 3996 MHz, 14 %, 8 %
2026/09/20 10:46:44.683, 1, 286.41 W, 39, 2032 MHz, 3996 MHz, 14 %, 7 %
2026/09/20 10:46:44.683, 2, 282.27 W, 33, 2032 MHz, 3996 MHz, 16 %, 8 %
2026/09/20 10:46:44.683, 3, 292.39 W, 32, 2032 MHz, 3996 MHz, 16 %, 9 %
2026/09/20 10:46:44.683, 4, 183.25 W, 35, 120 MHz, 3996 MHz, 0 %, 0 %
2026/09/20 10:46:44.683, 5, 181.22 W, 33, 120 MHz, 3996 MHz, 0 %, 0 %
2026/09/20 10:46:44.683, 6, 180.55 W, 29, 120 MHz, 3996 MHz, 0 %, 0 %
2026/09/20 10:46:44.683, 7, 184.09 W, 29, 120 MHz, 3996 MHz, 0 %, 0 %
2026/09/20 10:46:45.683, 0, 288.80 W, 38, 2032 MHz, 3996 MHz, 16 %, 7 %
2026/09/20 10:46:45.683, 1, 286.69 W, 39, 2032 MHz, 3996 MHz, 17 %, 7 %
2026/09/20 10:46:45.683, 2, 282.59 W, 33, 2032 MHz, 3996 MHz, 18 %, 8 %
2026/09/20 10:46:45.683, 3, 290.18 W, 32, 2032 MHz, 3996 MHz, 18 %, 8 %
2026/09/20 10:46:45.683, 4, 183.25 W, 35, 120 MHz, 3996 MHz, 0 %, 0 %
2026/09/20 10:46:45.683, 5, 181.42 W, 33, 120 MHz, 3996 MHz, 0 %, 0 %
2026/09/20 10:46:45.683, 6, 180.45 W, 29, 120 MHz, 3996 MHz, 0 %, 0 %
2026/09/20 10:46:45.683, 7, 184.09 W, 29, 120 MHz, 3996 MHz, 0 %, 0 %
2026/09/20 10:46:46.683, 0, 290.60 W, 38, 2032 MHz, 3996 MHz, 15 %, 8 %
2026/09/20 10:46:46.683, 1, 286.84 W, 39, 2032 MHz, 3996 MHz, 15 %, 7 %
2026/09/20 10:46:46.683, 2, 285.20 W, 33, 2032 MHz, 3996 MHz, 15 %, 8 %
2026/09/20 10:46:46.683, 3, 292.26 W, 32, 2032 MHz, 3996 MHz, 16 %, 8 %
2026/09/20 10:46:46.683, 4, 183.25 W, 35, 120 MHz, 3996 MHz, 0 %, 0 %
2026/09/20 10:46:46.683, 5, 181.30 W, 33, 120 MHz, 3996 MHz, 0 %, 0 %
2026/09/20 10:46:46.683, 6, 180.37 W, 29, 120 MHz, 3996 MHz, 0 %, 0 %
2026/09/20 10:46:46.683, 7, 184.09 W, 29, 120 MHz, 3996 MHz, 0 %, 0 %
2026/09/20 10:46:47.684, 0, 288.92 W, 38, 2032 MHz, 3996 MHz, 14 %, 7 %
2026/09/20 10:46:47.684, 1, 286.85 W, 39, 2032 MHz, 3996 MHz, 15 %, 6 %
2026/09/20 10:46:47.684, 2, 283.37 W, 33, 2032 MHz, 3996 MHz, 16 %, 7 %
2026/09/20 10:46:47.684, 3, 290.85 W, 32, 2032 MHz, 3996 MHz, 16 %, 8 %
2026/09/20 10:46:47.684, 4, 183.25 W, 35, 120 MHz, 3996 MHz, 0 %, 0 %
2026/09/20 10:46:47.684, 5, 181.34 W, 33, 120 MHz, 3996 MHz, 0 %, 0 %
2026/09/20 10:46:47.684, 6, 180.32 W, 29, 120 MHz, 3996 MHz, 0 %, 0 %
2026/09/20 10:46:47.684, 7, 184.09 W, 29, 120 MHz, 3996 MHz, 0 %, 0 %
2026/09/20 10:46:48.684, 0, 283.41 W, 38, 2032 MHz, 3996 MHz, 16 %, 6 %
2026/09/20 10:46:48.684, 1, 280.83 W, 39, 2032 MHz, 3996 MHz, 17 %, 6 %
2026/09/20 10:46:48.684, 2, 278.58 W, 32, 2032 MHz, 3996 MHz, 17 %, 6 %
2026/09/20 10:46:48.684, 3, 286.63 W, 32, 2032 MHz, 3996 MHz, 17 %, 7 %
2026/09/20 10:46:48.684, 4, 183.25 W, 35, 120 MHz, 3996 MHz, 0 %, 0 %
2026/09/20 10:46:48.684, 5, 181.34 W, 33, 120 MHz, 3996 MHz, 0 %, 0 %
2026/09/20 10:46:48.684, 6, 180.33 W, 29, 120 MHz, 3996 MHz, 0 %, 0 %
2026/09/20 10:46:48.684, 7, 184.09 W, 29, 120 MHz, 3996 MHz, 0 %, 0 %
2026/09/20 10:46:49.684, 0, 281.56 W, 38, 2032 MHz, 3996 MHz, 15 %, 6 %
2026/09/20 10:46:49.684, 1, 280.30 W, 39, 2032 MHz, 3996 MHz, 14 %, 5 %
2026/09/20 10:46:49.684, 2, 273.76 W, 32, 2032 MHz, 3996 MHz, 15 %, 6 %
2026/09/20 10:46:49.684, 3, 285.96 W, 32, 2032 MHz, 3996 MHz, 15 %, 7 %
2026/09/20 10:46:49.684, 4, 183.25 W, 35, 120 MHz, 3996 MHz, 0 %, 0 %
2026/09/20 10:46:49.684, 5, 181.42 W, 33, 120 MHz, 3996 MHz, 0 %, 0 %
2026/09/20 10:46:49.684, 6, 180.36 W, 29, 120 MHz, 3996 MHz, 0 %, 0 %
2026/09/20 10:46:49.684, 7, 184.09 W, 29, 120 MHz, 3996 MHz, 0 %, 0 %
2026/09/20 10:46:50.684, 0, 291.12 W, 38, 2032 MHz, 3996 MHz, 18 %, 10 %
2026/09/20 10:46:50.684, 1, 282.93 W, 39, 2032 MHz, 3996 MHz, 16 %, 7 %
2026/09/20 10:46:50.684, 2, 286.12 W, 33, 2032 MHz, 3996 MHz, 19 %, 10 %
2026/09/20 10:46:50.684, 3, 298.57 W, 33, 2032 MHz, 3996 MHz, 21 %, 12 %
2026/09/20 10:46:50.684, 4, 183.25 W, 35, 120 MHz, 3996 MHz, 0 %, 0 %
2026/09/20 10:46:50.684, 5, 181.42 W, 33, 120 MHz, 3996 MHz, 0 %, 0 %
2026/09/20 10:46:50.684, 6, 180.49 W, 29, 120 MHz, 3996 MHz, 0 %, 0 %
2026/09/20 10:46:50.685, 7, 184.09 W, 29, 120 MHz, 3996 MHz, 0 %, 0 %
2026/09/20 10:46:51.685, 0, 311.49 W, 38, 2032 MHz, 3996 MHz, 19 %, 10 %
2026/09/20 10:46:51.685, 1, 288.36 W, 39, 2032 MHz, 3996 MHz, 15 %, 7 %
2026/09/20 10:46:51.685, 2, 304.63 W, 33, 2032 MHz, 3996 MHz, 18 %, 10 %
2026/09/20 10:46:51.685, 3, 317.65 W, 33, 2032 MHz, 3996 MHz, 20 %, 12 %
2026/09/20 10:46:51.685, 4, 183.25 W, 35, 120 MHz, 3996 MHz, 0 %, 0 %
2026/09/20 10:46:51.685, 5, 181.34 W, 33, 120 MHz, 3996 MHz, 0 %, 0 %
2026/09/20 10:46:51.685, 6, 180.32 W, 29, 120 MHz, 3996 MHz, 0 %, 0 %
2026/09/20 10:46:51.685, 7, 184.09 W, 29, 120 MHz, 3996 MHz, 0 %, 0 %
2026/09/20 10:46:52.685, 0, 305.21 W, 38, 2032 MHz, 3996 MHz, 16 %, 9 %
2026/09/20 10:46:52.685, 1, 285.05 W, 39, 2032 MHz, 3996 MHz, 14 %, 6 %
2026/09/20 10:46:52.685, 2, 298.21 W, 33, 2032 MHz, 3996 MHz, 17 %, 9 %
2026/09/20 10:46:52.685, 3, 310.24 W, 33, 2032 MHz, 3996 MHz, 18 %, 10 %
2026/09/20 10:46:52.685, 4, 183.25 W, 35, 120 MHz, 3996 MHz, 0 %, 0 %
2026/09/20 10:46:52.685, 5, 181.34 W, 33, 120 MHz, 3996 MHz, 0 %, 0 %
2026/09/20 10:46:52.685, 6, 180.29 W, 29, 120 MHz, 3996 MHz, 0 %, 0 %
2026/09/20 10:46:52.685, 7, 184.09 W, 29, 120 MHz, 3996 MHz, 0 %, 0 %
2026/09/20 10:46:53.685, 0, 304.96 W, 38, 2032 MHz, 3996 MHz, 15 %, 10 %
2026/09/20 10:46:53.685, 1, 283.34 W, 39, 2032 MHz, 3996 MHz, 15 %, 7 %
2026/09/20 10:46:53.685, 2, 298.55 W, 33, 2032 MHz, 3996 MHz, 18 %, 10 %
2026/09/20 10:46:53.685, 3, 311.09 W, 33, 2032 MHz, 3996 MHz, 19 %, 11 %
2026/09/20 10:46:53.685, 4, 183.25 W, 35, 120 MHz, 3996 MHz, 0 %, 0 %
2026/09/20 10:46:53.685, 5, 181.38 W, 33, 120 MHz, 3996 MHz, 0 %, 0 %
2026/09/20 10:46:53.685, 6, 180.48 W, 29, 120 MHz, 3996 MHz, 0 %, 0 %
2026/09/20 10:46:53.685, 7, 184.09 W, 29, 120 MHz, 3996 MHz, 0 %, 0 %
2026/09/20 10:46:54.686, 0, 305.02 W, 38, 2032 MHz, 3996 MHz, 18 %, 10 %
2026/09/20 10:46:54.686, 1, 285.20 W, 39, 2032 MHz, 3996 MHz, 16 %, 7 %
2026/09/20 10:46:54.686, 2, 298.48 W, 33, 2032 MHz, 3996 MHz, 18 %, 10 %
2026/09/20 10:46:54.686, 3, 311.74 W, 33, 2032 MHz, 3996 MHz, 19 %, 11 %
2026/09/20 10:46:54.686, 4, 183.25 W, 35, 120 MHz, 3996 MHz, 0 %, 0 %
2026/09/20 10:46:54.686, 5, 181.34 W, 33, 120 MHz, 3996 MHz, 0 %, 0 %
2026/09/20 10:46:54.686, 6, 180.32 W, 29, 120 MHz, 3996 MHz, 0 %, 0 %
2026/09/20 10:46:54.686, 7, 184.09 W, 29, 120 MHz, 3996 MHz, 0 %, 0 %
2026/09/20 10:46:55.686, 0, 307.19 W, 38, 2032 MHz, 3996 MHz, 17 %, 10 %
2026/09/20 10:46:55.686, 1, 286.30 W, 39, 2032 MHz, 3996 MHz, 15 %, 6 %
2026/09/20 10:46:55.686, 2, 300.28 W, 33, 2032 MHz, 3996 MHz, 19 %, 10 %
2026/09/20 10:46:55.686, 3, 315.11 W, 33, 2032 MHz, 3996 MHz, 20 %, 11 %
2026/09/20 10:46:55.686, 4, 183.25 W, 35, 120 MHz, 3996 MHz, 0 %, 0 %
2026/09/20 10:46:55.686, 5, 181.26 W, 33, 120 MHz, 3996 MHz, 0 %, 0 %
2026/09/20 10:46:55.686, 6, 180.17 W, 29, 120 MHz, 3996 MHz, 0 %, 0 %
2026/09/20 10:46:55.686, 7, 184.09 W, 29, 120 MHz, 3996 MHz, 0 %, 0 %
2026/09/20 10:46:56.686, 0, 307.87 W, 38, 2032 MHz, 3996 MHz, 17 %, 10 %
2026/09/20 10:46:56.686, 1, 286.52 W, 39, 2032 MHz, 3996 MHz, 15 %, 6 %
2026/09/20 10:46:56.686, 2, 302.70 W, 33, 2032 MHz, 3996 MHz, 18 %, 10 %
2026/09/20 10:46:56.686, 3, 315.42 W, 33, 2032 MHz, 3996 MHz, 19 %, 11 %
2026/09/20 10:46:56.686, 4, 183.25 W, 35, 120 MHz, 3996 MHz, 0 %, 0 %
2026/09/20 10:46:56.686, 5, 181.34 W, 33, 120 MHz, 3996 MHz, 0 %, 0 %
2026/09/20 10:46:56.686, 6, 180.29 W, 29, 120 MHz, 3996 MHz, 0 %, 0 %
2026/09/20 10:46:56.686, 7, 184.09 W, 29, 120 MHz, 3996 MHz, 0 %, 0 %
2026/09/20 10:46:57.686, 0, 305.30 W, 38, 2032 MHz, 3996 MHz, 16 %, 9 %
2026/09/20 10:46:57.686, 1, 284.48 W, 39, 2032 MHz, 3996 MHz, 13 %, 6 %
2026/09/20 10:46:57.686, 2, 298.23 W, 33, 2032 MHz, 3996 MHz, 16 %, 9 %
2026/09/20 10:46:57.686, 3, 312.84 W, 33, 2032 MHz, 3996 MHz, 18 %, 10 %
2026/09/20 10:46:57.686, 4, 183.25 W, 35, 120 MHz, 3996 MHz, 0 %, 0 %
2026/09/20 10:46:57.687, 5, 181.34 W, 33, 120 MHz, 3996 MHz, 0 %, 0 %
2026/09/20 10:46:57.687, 6, 180.33 W, 29, 120 MHz, 3996 MHz, 0 %, 0 %
2026/09/20 10:46:57.687, 7, 184.09 W, 29, 120 MHz, 3996 MHz, 0 %, 0 %
2026/09/20 10:46:58.687, 0, 312.57 W, 38, 2032 MHz, 3996 MHz, 20 %, 10 %
2026/09/20 10:46:58.687, 1, 298.25 W, 39, 2032 MHz, 3996 MHz, 19 %, 8 %
2026/09/20 10:46:58.687, 2, 310.97 W, 33, 2032 MHz, 3996 MHz, 22 %, 12 %
2026/09/20 10:46:58.687, 3, 315.48 W, 33, 2032 MHz, 3996 MHz, 22 %, 11 %
2026/09/20 10:46:58.687, 4, 183.25 W, 35, 120 MHz, 3996 MHz, 0 %, 0 %
2026/09/20 10:46:58.687, 5, 181.38 W, 33, 120 MHz, 3996 MHz, 0 %, 0 %
2026/09/20 10:46:58.687, 6, 180.33 W, 29, 120 MHz, 3996 MHz, 0 %, 0 %
2026/09/20 10:46:58.687, 7, 184.09 W, 29, 120 MHz, 3996 MHz, 0 %, 0 %
2026/09/20 10:46:59.687, 0, 312.82 W, 38, 2032 MHz, 3996 MHz, 18 %, 10 %
2026/09/20 10:46:59.687, 1, 299.94 W, 40, 2032 MHz, 3996 MHz, 16 %, 8 %
2026/09/20 10:46:59.687, 2, 313.97 W, 33, 2032 MHz, 3996 MHz, 19 %, 12 %
2026/09/20 10:46:59.687, 3, 313.56 W, 33, 2032 MHz, 3996 MHz, 19 %, 12 %
2026/09/20 10:46:59.687, 4, 183.25 W, 35, 120 MHz, 3996 MHz, 0 %, 0 %
2026/09/20 10:46:59.687, 5, 181.42 W, 33, 120 MHz, 3996 MHz, 0 %, 0 %
2026/09/20 10:46:59.687, 6, 180.37 W, 29, 120 MHz, 3996 MHz, 0 %, 0 %
2026/09/20 10:46:59.687, 7, 184.09 W, 29, 120 MHz, 3996 MHz, 0 %, 0 %
2026/09/20 10:47:00.687, 0, 306.44 W, 38, 2032 MHz, 3996 MHz, 20 %, 10 %
2026/09/20 10:47:00.687, 1, 295.61 W, 39, 2032 MHz, 3996 MHz, 17 %, 8 %
2026/09/20 10:47:00.687, 2, 306.86 W, 33, 2032 MHz, 3996 MHz, 19 %, 12 %
2026/09/20 10:47:00.687, 3, 313.98 W, 33, 2032 MHz, 3996 MHz, 19 %, 12 %
2026/09/20 10:47:00.687, 4, 183.25 W, 35, 120 MHz, 3996 MHz, 0 %, 0 %
2026/09/20 10:47:00.687, 5, 181.34 W, 33, 120 MHz, 3996 MHz, 0 %, 0 %
2026/09/20 10:47:00.687, 6, 180.41 W, 29, 120 MHz, 3996 MHz, 0 %, 0 %
2026/09/20 10:47:00.687, 7, 184.09 W, 29, 120 MHz, 3996 MHz, 0 %, 0 %
2026/09/20 10:47:01.688, 0, 303.74 W, 38, 2032 MHz, 3996 MHz, 17 %, 8 %
2026/09/20 10:47:01.688, 1, 291.80 W, 39, 2032 MHz, 3996 MHz, 16 %, 7 %
2026/09/20 10:47:01.688, 2, 311.44 W, 33, 2032 MHz, 3996 MHz, 22 %, 12 %
2026/09/20 10:47:01.688, 3, 308.11 W, 33, 2032 MHz, 3996 MHz, 21 %, 12 %
2026/09/20 10:47:01.688, 4, 183.25 W, 35, 120 MHz, 3996 MHz, 0 %, 0 %
2026/09/20 10:47:01.688, 5, 181.26 W, 33, 120 MHz, 3996 MHz, 0 %, 0 %
2026/09/20 10:47:01.688, 6, 180.25 W, 29, 120 MHz, 3996 MHz, 0 %, 0 %
2026/09/20 10:47:01.688, 7, 184.09 W, 29, 120 MHz, 3996 MHz, 0 %, 0 %
2026/09/20 10:47:02.688, 0, 313.69 W, 38, 2032 MHz, 3996 MHz, 17 %, 10 %
2026/09/20 10:47:02.688, 1, 301.35 W, 40, 2032 MHz, 3996 MHz, 17 %, 8 %
2026/09/20 10:47:02.688, 2, 312.48 W, 33, 2032 MHz, 3996 MHz, 22 %, 12 %
2026/09/20 10:47:02.688, 3, 321.49 W, 33, 2032 MHz, 3996 MHz, 21 %, 12 %
2026/09/20 10:47:02.688, 4, 183.25 W, 35, 120 MHz, 3996 MHz, 0 %, 0 %
2026/09/20 10:47:02.688, 5, 181.42 W, 33, 120 MHz, 3996 MHz, 0 %, 0 %
2026/09/20 10:47:02.688, 6, 180.29 W, 29, 120 MHz, 3996 MHz, 0 %, 0 %
2026/09/20 10:47:02.688, 7, 184.09 W, 29, 120 MHz, 3996 MHz, 0 %, 0 %
2026/09/20 10:47:03.688, 0, 312.78 W, 39, 2032 MHz, 3996 MHz, 20 %, 10 %
2026/09/20 10:47:03.688, 1, 301.53 W, 40, 2032 MHz, 3996 MHz, 18 %, 8 %
2026/09/20 10:47:03.688, 2, 319.78 W, 33, 2032 MHz, 3996 MHz, 22 %, 12 %
2026/09/20 10:47:03.688, 3, 320.81 W, 33, 2032 MHz, 3996 MHz, 21 %, 11 %
2026/09/20 10:47:03.688, 4, 183.25 W, 35, 120 MHz, 3996 MHz, 0 %, 0 %
2026/09/20 10:47:03.688, 5, 181.30 W, 33, 120 MHz, 3996 MHz, 0 %, 0 %
2026/09/20 10:47:03.688, 6, 180.25 W, 29, 120 MHz, 3996 MHz, 0 %, 0 %
2026/09/20 10:47:03.688, 7, 184.09 W, 29, 120 MHz, 3996 MHz, 0 %, 0 %
2026/09/20 10:47:04.688, 0, 314.03 W, 39, 2032 MHz, 3996 MHz, 18 %, 10 %
2026/09/20 10:47:04.688, 1, 301.94 W, 40, 2032 MHz, 3996 MHz, 18 %, 8 %
2026/09/20 10:47:04.688, 2, 315.78 W, 33, 2032 MHz, 3996 MHz, 22 %, 11 %
2026/09/20 10:47:04.688, 3, 321.23 W, 33, 2032 MHz, 3996 MHz, 22 %, 11 %
2026/09/20 10:47:04.688, 4, 183.25 W, 35, 120 MHz, 3996 MHz, 0 %, 0 %
2026/09/20 10:47:04.688, 5, 181.30 W, 33, 120 MHz, 3996 MHz, 0 %, 0 %
2026/09/20 10:47:04.689, 6, 180.40 W, 29, 120 MHz, 3996 MHz, 0 %, 0 %
2026/09/20 10:47:04.689, 7, 184.09 W, 29, 120 MHz, 3996 MHz, 0 %, 0 %
2026/09/20 10:47:05.689, 0, 326.41 W, 39, 2032 MHz, 3996 MHz, 21 %, 11 %
2026/09/20 10:47:05.689, 1, 304.07 W, 40, 2032 MHz, 3996 MHz, 17 %, 8 %
2026/09/20 10:47:05.689, 2, 327.83 W, 34, 2032 MHz, 3996 MHz, 21 %, 13 %
2026/09/20 10:47:05.689, 3, 328.84 W, 34, 2032 MHz, 3996 MHz, 21 %, 12 %
2026/09/20 10:47:05.689, 4, 183.25 W, 35, 120 MHz, 3996 MHz, 0 %, 0 %
2026/09/20 10:47:05.689, 5, 181.30 W, 33, 120 MHz, 3996 MHz, 0 %, 0 %
2026/09/20 10:47:05.689, 6, 180.33 W, 29, 120 MHz, 3996 MHz, 0 %, 0 %
2026/09/20 10:47:05.689, 7, 184.09 W, 29, 120 MHz, 3996 MHz, 0 %, 0 %
2026/09/20 10:47:06.689, 0, 332.76 W, 39, 2032 MHz, 3996 MHz, 23 %, 11 %
2026/09/20 10:47:06.689, 1, 305.20 W, 40, 2032 MHz, 3996 MHz, 19 %, 8 %
2026/09/20 10:47:06.689, 2, 334.76 W, 34, 2032 MHz, 3996 MHz, 25 %, 12 %
2026/09/20 10:47:06.689, 3, 329.46 W, 34, 2032 MHz, 3996 MHz, 24 %, 11 %
2026/09/20 10:47:06.689, 4, 183.25 W, 35, 120 MHz, 3996 MHz, 0 %, 0 %
2026/09/20 10:47:06.689, 5, 181.38 W, 33, 120 MHz, 3996 MHz, 0 %, 0 %
2026/09/20 10:47:06.689, 6, 180.29 W, 29, 120 MHz, 3996 MHz, 0 %, 0 %
2026/09/20 10:47:06.689, 7, 184.09 W, 29, 120 MHz, 3996 MHz, 0 %, 0 %
2026/09/20 10:47:07.689, 0, 327.18 W, 39, 2032 MHz, 3996 MHz, 18 %, 11 %
2026/09/20 10:47:07.689, 1, 301.60 W, 40, 2032 MHz, 3996 MHz, 16 %, 8 %
2026/09/20 10:47:07.689, 2, 323.68 W, 34, 2032 MHz, 3996 MHz, 21 %, 13 %
2026/09/20 10:47:07.689, 3, 324.54 W, 33, 2032 MHz, 3996 MHz, 20 %, 12 %
2026/09/20 10:47:07.689, 4, 183.25 W, 35, 120 MHz, 3996 MHz, 0 %, 0 %
2026/09/20 10:47:07.689, 5, 181.42 W, 33, 120 MHz, 3996 MHz, 0 %, 0 %
2026/09/20 10:47:07.689, 6, 180.21 W, 29, 120 MHz, 3996 MHz, 0 %, 0 %
2026/09/20 10:47:07.689, 7, 184.09 W, 29, 120 MHz, 3996 MHz, 0 %, 0 %
2026/09/20 10:47:08.689, 0, 322.26 W, 39, 2032 MHz, 3996 MHz, 20 %, 12 %
2026/09/20 10:47:08.689, 1, 297.33 W, 40, 2032 MHz, 3996 MHz, 17 %, 8 %
2026/09/20 10:47:08.689, 2, 323.28 W, 34, 2032 MHz, 3996 MHz, 20 %, 13 %
2026/09/20 10:47:08.689, 3, 320.35 W, 33, 2032 MHz, 3996 MHz, 20 %, 12 %
2026/09/20 10:47:08.689, 4, 183.25 W, 35, 120 MHz, 3996 MHz, 0 %, 0 %
2026/09/20 10:47:08.689, 5, 181.15 W, 33, 120 MHz, 3996 MHz, 0 %, 0 %
2026/09/20 10:47:08.690, 6, 180.21 W, 29, 120 MHz, 3996 MHz, 0 %, 0 %
2026/09/20 10:47:08.690, 7, 184.09 W, 29, 120 MHz, 3996 MHz, 0 %, 0 %
2026/09/20 10:47:09.690, 0, 321.16 W, 39, 2032 MHz, 3996 MHz, 20 %, 11 %
2026/09/20 10:47:09.690, 1, 297.20 W, 40, 2032 MHz, 3996 MHz, 17 %, 8 %
2026/09/20 10:47:09.690, 2, 325.01 W, 34, 2032 MHz, 3996 MHz, 21 %, 13 %
2026/09/20 10:47:09.690, 3, 320.23 W, 34, 2032 MHz, 3996 MHz, 20 %, 12 %
2026/09/20 10:47:09.690, 4, 183.25 W, 35, 120 MHz, 3996 MHz, 0 %, 0 %
2026/09/20 10:47:09.690, 5, 181.26 W, 33, 120 MHz, 3996 MHz, 0 %, 0 %
2026/09/20 10:47:09.690, 6, 180.29 W, 29, 120 MHz, 3996 MHz, 0 %, 0 %
2026/09/20 10:47:09.690, 7, 184.09 W, 29, 120 MHz, 3996 MHz, 0 %, 0 %
2026/09/20 10:47:10.690, 0, 326.90 W, 39, 2032 MHz, 3996 MHz, 22 %, 11 %
2026/09/20 10:47:10.690, 1, 304.77 W, 40, 2032 MHz, 3996 MHz, 19 %, 8 %
2026/09/20 10:47:10.690, 2, 326.73 W, 34, 2032 MHz, 3996 MHz, 25 %, 13 %
2026/09/20 10:47:10.690, 3, 326.62 W, 34, 2032 MHz, 3996 MHz, 23 %, 11 %
2026/09/20 10:47:10.690, 4, 183.25 W, 35, 120 MHz, 3996 MHz, 0 %, 0 %
2026/09/20 10:47:10.690, 5, 181.30 W, 33, 120 MHz, 3996 MHz, 0 %, 0 %
2026/09/20 10:47:10.690, 6, 180.29 W, 29, 120 MHz, 3996 MHz, 0 %, 0 %
2026/09/20 10:47:10.690, 7, 184.09 W, 29, 120 MHz, 3996 MHz, 0 %, 0 %
2026/09/20 10:47:11.690, 0, 326.35 W, 39, 2032 MHz, 3996 MHz, 22 %, 11 %
2026/09/20 10:47:11.690, 1, 302.06 W, 40, 2032 MHz, 3996 MHz, 20 %, 8 %
2026/09/20 10:47:11.690, 2, 331.73 W, 34, 2032 MHz, 3996 MHz, 25 %, 13 %
2026/09/20 10:47:11.690, 3, 324.17 W, 33, 2032 MHz, 3996 MHz, 23 %, 12 %
2026/09/20 10:47:11.690, 4, 183.25 W, 35, 120 MHz, 3996 MHz, 0 %, 0 %
2026/09/20 10:47:11.690, 5, 181.42 W, 33, 120 MHz, 3996 MHz, 0 %, 0 %
2026/09/20 10:47:11.690, 6, 180.21 W, 29, 120 MHz, 3996 MHz, 0 %, 0 %
2026/09/20 10:47:11.690, 7, 184.09 W, 29, 120 MHz, 3996 MHz, 0 %, 0 %
2026/09/20 10:47:12.690, 0, 340.11 W, 40, 2032 MHz, 3996 MHz, 25 %, 12 %
2026/09/20 10:47:12.690, 1, 313.07 W, 40, 2032 MHz, 3996 MHz, 25 %, 9 %
2026/09/20 10:47:12.691, 2, 358.21 W, 35, 2032 MHz, 3996 MHz, 33 %, 13 %
2026/09/20 10:47:12.691, 3, 339.81 W, 34, 2032 MHz, 3996 MHz, 29 %, 11 %
2026/09/20 10:47:12.691, 4, 183.25 W, 35, 120 MHz, 3996 MHz, 0 %, 0 %
2026/09/20 10:47:12.691, 5, 181.38 W, 33, 120 MHz, 3996 MHz, 0 %, 0 %
2026/09/20 10:47:12.691, 6, 180.17 W, 29, 120 MHz, 3996 MHz, 0 %, 0 %
2026/09/20 10:47:12.691, 7, 184.09 W, 29, 120 MHz, 3996 MHz, 0 %, 0 %
2026/09/20 10:47:13.691, 0, 360.38 W, 40, 2032 MHz, 3996 MHz, 29 %, 11 %
2026/09/20 10:47:13.691, 1, 330.24 W, 40, 2032 MHz, 3996 MHz, 23 %, 9 %
2026/09/20 10:47:13.691, 2, 376.32 W, 35, 2032 MHz, 3996 MHz, 27 %, 15 %
2026/09/20 10:47:13.691, 3, 357.85 W, 34, 2032 MHz, 3996 MHz, 25 %, 13 %
2026/09/20 10:47:13.691, 4, 183.25 W, 35, 120 MHz, 3996 MHz, 0 %, 0 %
2026/09/20 10:47:13.691, 5, 181.34 W, 33, 120 MHz, 3996 MHz, 0 %, 0 %
2026/09/20 10:47:13.691, 6, 180.21 W, 29, 120 MHz, 3996 MHz, 0 %, 0 %
2026/09/20 10:47:13.691, 7, 184.09 W, 29, 120 MHz, 3996 MHz, 0 %, 0 %
2026/09/20 10:47:14.691, 0, 353.02 W, 40, 2032 MHz, 3996 MHz, 24 %, 11 %
2026/09/20 10:47:14.691, 1, 324.39 W, 40, 2032 MHz, 3996 MHz, 23 %, 10 %
2026/09/20 10:47:14.691, 2, 367.46 W, 35, 2032 MHz, 3996 MHz, 27 %, 14 %
2026/09/20 10:47:14.691, 3, 347.16 W, 34, 2032 MHz, 3996 MHz, 25 %, 12 %
2026/09/20 10:47:14.691, 4, 183.25 W, 35, 120 MHz, 3996 MHz, 0 %, 0 %
2026/09/20 10:47:14.691, 5, 181.30 W, 33, 120 MHz, 3996 MHz, 0 %, 0 %
2026/09/20 10:47:14.691, 6, 180.29 W, 29, 120 MHz, 3996 MHz, 0 %, 0 %
2026/09/20 10:47:14.691, 7, 184.09 W, 29, 120 MHz, 3996 MHz, 0 %, 0 %
2026/09/20 10:47:15.691, 0, 341.89 W, 39, 2032 MHz, 3996 MHz, 21 %, 11 %
2026/09/20 10:47:15.691, 1, 323.79 W, 40, 2032 MHz, 3996 MHz, 21 %, 9 %
2026/09/20 10:47:15.691, 2, 359.41 W, 35, 2032 MHz, 3996 MHz, 27 %, 13 %
2026/09/20 10:47:15.691, 3, 338.21 W, 34, 2032 MHz, 3996 MHz, 25 %, 12 %
2026/09/20 10:47:15.691, 4, 183.25 W, 35, 120 MHz, 3996 MHz, 0 %, 0 %
2026/09/20 10:47:15.691, 5, 181.38 W, 33, 120 MHz, 3996 MHz, 0 %, 0 %
2026/09/20 10:47:15.692, 6, 180.29 W, 29, 120 MHz, 3996 MHz, 0 %, 0 %
2026/09/20 10:47:15.692, 7, 184.09 W, 29, 120 MHz, 3996 MHz, 0 %, 0 %
2026/09/20 10:47:16.692, 0, 335.11 W, 39, 2032 MHz, 3996 MHz, 25 %, 11 %
2026/09/20 10:47:16.692, 1, 317.29 W, 40, 2032 MHz, 3996 MHz, 22 %, 9 %
2026/09/20 10:47:16.692, 2, 354.01 W, 35, 2032 MHz, 3996 MHz, 26 %, 14 %
2026/09/20 10:47:16.692, 3, 334.03 W, 34, 2032 MHz, 3996 MHz, 25 %, 12 %
2026/09/20 10:47:16.692, 4, 183.25 W, 35, 120 MHz, 3996 MHz, 0 %, 0 %
2026/09/20 10:47:16.692, 5, 181.34 W, 33, 120 MHz, 3996 MHz, 0 %, 0 %
2026/09/20 10:47:16.692, 6, 180.25 W, 29, 120 MHz, 3996 MHz, 0 %, 0 %
2026/09/20 10:47:16.692, 7, 184.09 W, 29, 120 MHz, 3996 MHz, 0 %, 0 %
2026/09/20 10:47:17.692, 0, 331.72 W, 39, 2032 MHz, 3996 MHz, 21 %, 11 %
2026/09/20 10:47:17.692, 1, 314.91 W, 40, 2032 MHz, 3996 MHz, 21 %, 9 %
2026/09/20 10:47:17.692, 2, 342.72 W, 34, 2032 MHz, 3996 MHz, 25 %, 14 %
2026/09/20 10:47:17.692, 3, 330.27 W, 34, 2032 MHz, 3996 MHz, 24 %, 12 %
2026/09/20 10:47:17.692, 4, 183.25 W, 35, 120 MHz, 3996 MHz, 0 %, 0 %
2026/09/20 10:47:17.692, 5, 181.38 W, 33, 120 MHz, 3996 MHz, 0 %, 0 %
2026/09/20 10:47:17.692, 6, 180.21 W, 29, 120 MHz, 3996 MHz, 0 %, 0 %
2026/09/20 10:47:17.692, 7, 184.09 W, 29, 120 MHz, 3996 MHz, 0 %, 0 %
2026/09/20 10:47:18.692, 0, 328.28 W, 39, 2032 MHz, 3996 MHz, 19 %, 11 %
2026/09/20 10:47:18.692, 1, 312.93 W, 40, 2032 MHz, 3996 MHz, 19 %, 9 %
2026/09/20 10:47:18.692, 2, 338.87 W, 34, 2032 MHz, 3996 MHz, 22 %, 14 %
2026/09/20 10:47:18.692, 3, 326.66 W, 34, 2032 MHz, 3996 MHz, 21 %, 12 %
2026/09/20 10:47:18.692, 4, 183.25 W, 35, 120 MHz, 3996 MHz, 0 %, 0 %
2026/09/20 10:47:18.692, 5, 181.38 W, 33, 120 MHz, 3996 MHz, 0 %, 0 %
2026/09/20 10:47:18.692, 6, 180.17 W, 29, 120 MHz, 3996 MHz, 0 %, 0 %
2026/09/20 10:47:18.692, 7, 184.09 W, 29, 120 MHz, 3996 MHz, 0 %, 0 %
2026/09/20 10:47:19.692, 0, 326.50 W, 39, 2032 MHz, 3996 MHz, 19 %, 12 %
2026/09/20 10:47:19.693, 1, 310.01 W, 40, 2032 MHz, 3996 MHz, 18 %, 9 %
2026/09/20 10:47:19.693, 2, 331.83 W, 34, 2032 MHz, 3996 MHz, 23 %, 15 %
2026/09/20 10:47:19.693, 3, 317.53 W, 33, 2032 MHz, 3996 MHz, 20 %, 12 %
2026/09/20 10:47:19.693, 4, 183.25 W, 35, 120 MHz, 3996 MHz, 0 %, 0 %
2026/09/20 10:47:19.693, 5, 181.42 W, 33, 120 MHz, 3996 MHz, 0 %, 0 %
2026/09/20 10:47:19.693, 6, 180.21 W, 29, 120 MHz, 3996 MHz, 0 %, 0 %
2026/09/20 10:47:19.693, 7, 184.09 W, 29, 120 MHz, 3996 MHz, 0 %, 0 %
2026/09/20 10:47:20.693, 0, 252.71 W, 39, 2032 MHz, 3996 MHz, 13 %, 5 %
2026/09/20 10:47:20.693, 1, 251.50 W, 40, 2032 MHz, 3996 MHz, 23 %, 7 %
2026/09/20 10:47:20.693, 2, 254.55 W, 34, 2032 MHz, 3996 MHz, 19 %, 7 %
2026/09/20 10:47:20.693, 3, 260.40 W, 33, 2032 MHz, 3996 MHz, 20 %, 7 %
2026/09/20 10:47:20.693, 4, 183.25 W, 35, 120 MHz, 3996 MHz, 0 %, 0 %
2026/09/20 10:47:20.693, 5, 181.38 W, 33, 120 MHz, 3996 MHz, 0 %, 0 %
2026/09/20 10:47:20.693, 6, 180.21 W, 29, 120 MHz, 3996 MHz, 0 %, 0 %
2026/09/20 10:47:20.693, 7, 184.09 W, 29, 120 MHz, 3996 MHz, 0 %, 0 %
2026/09/20 10:47:21.693, 0, 300.16 W, 39, 2032 MHz, 3996 MHz, 28 %, 9 %
2026/09/20 10:47:21.693, 1, 288.03 W, 40, 2032 MHz, 3996 MHz, 23 %, 7 %
2026/09/20 10:47:21.693, 2, 306.92 W, 34, 2032 MHz, 3996 MHz, 31 %, 11 %
2026/09/20 10:47:21.693, 3, 301.24 W, 34, 2032 MHz, 3996 MHz, 27 %, 9 %
2026/09/20 10:47:21.693, 4, 183.25 W, 35, 120 MHz, 3996 MHz, 0 %, 0 %
2026/09/20 10:47:21.693, 5, 181.42 W, 33, 120 MHz, 3996 MHz, 0 %, 0 %
2026/09/20 10:47:21.693, 6, 180.41 W, 29, 120 MHz, 3996 MHz, 0 %, 0 %
2026/09/20 10:47:21.693, 7, 184.09 W, 29, 120 MHz, 3996 MHz, 0 %, 0 %
2026/09/20 10:47:22.693, 0, 351.18 W, 40, 2032 MHz, 3996 MHz, 22 %, 10 %
2026/09/20 10:47:22.693, 1, 312.29 W, 40, 2032 MHz, 3996 MHz, 17 %, 6 %
2026/09/20 10:47:22.693, 2, 349.13 W, 35, 2032 MHz, 3996 MHz, 20 %, 10 %
2026/09/20 10:47:22.693, 3, 340.57 W, 34, 2032 MHz, 3996 MHz, 19 %, 9 %
2026/09/20 10:47:22.693, 4, 183.25 W, 35, 120 MHz, 3996 MHz, 0 %, 0 %
2026/09/20 10:47:22.693, 5, 181.30 W, 33, 120 MHz, 3996 MHz, 0 %, 0 %
2026/09/20 10:47:22.693, 6, 180.33 W, 29, 120 MHz, 3996 MHz, 0 %, 0 %
2026/09/20 10:47:22.694, 7, 184.09 W, 29, 120 MHz, 3996 MHz, 0 %, 0 %
2026/09/20 10:47:23.694, 0, 354.56 W, 40, 2032 MHz, 3996 MHz, 22 %, 10 %
2026/09/20 10:47:23.694, 1, 315.65 W, 41, 2032 MHz, 3996 MHz, 19 %, 7 %
2026/09/20 10:47:23.694, 2, 353.84 W, 35, 2032 MHz, 3996 MHz, 23 %, 11 %
2026/09/20 10:47:23.694, 3, 348.73 W, 34, 2032 MHz, 3996 MHz, 22 %, 11 %
2026/09/20 10:47:23.694, 4, 183.25 W, 35, 120 MHz, 3996 MHz, 0 %, 0 %
2026/09/20 10:47:23.694, 5, 181.26 W, 33, 120 MHz, 3996 MHz, 0 %, 0 %
2026/09/20 10:47:23.694, 6, 180.37 W, 29, 120 MHz, 3996 MHz, 0 %, 0 %
2026/09/20 10:47:23.694, 7, 184.09 W, 29, 120 MHz, 3996 MHz, 0 %, 0 %
2026/09/20 10:47:24.694, 0, 355.32 W, 40, 2032 MHz, 3996 MHz, 26 %, 9 %
2026/09/20 10:47:24.694, 1, 317.33 W, 41, 2032 MHz, 3996 MHz, 23 %, 6 %
2026/09/20 10:47:24.694, 2, 352.80 W, 35, 2032 MHz, 3996 MHz, 29 %, 10 %
2026/09/20 10:47:24.694, 3, 348.10 W, 34, 2032 MHz, 3996 MHz, 29 %, 10 %
2026/09/20 10:47:24.694, 4, 183.25 W, 35, 120 MHz, 3996 MHz, 0 %, 0 %
2026/09/20 10:47:24.694, 5, 181.23 W, 33, 120 MHz, 3996 MHz, 0 %, 0 %
2026/09/20 10:47:24.694, 6, 180.29 W, 29, 120 MHz, 3996 MHz, 0 %, 0 %
2026/09/20 10:47:24.694, 7, 184.09 W, 29, 120 MHz, 3996 MHz, 0 %, 0 %
2026/09/20 10:47:25.694, 0, 355.66 W, 40, 2032 MHz, 3996 MHz, 24 %, 12 %
2026/09/20 10:47:25.694, 1, 317.39 W, 41, 2032 MHz, 3996 MHz, 21 %, 8 %
2026/09/20 10:47:25.694, 2, 357.27 W, 35, 2032 MHz, 3996 MHz, 28 %, 13 %
2026/09/20 10:47:25.694, 3, 344.83 W, 34, 2032 MHz, 3996 MHz, 26 %, 12 %
2026/09/20 10:47:25.694, 4, 183.25 W, 35, 120 MHz, 3996 MHz, 0 %, 0 %
2026/09/20 10:47:25.694, 5, 181.34 W, 33, 120 MHz, 3996 MHz, 0 %, 0 %
2026/09/20 10:47:25.694, 6, 180.21 W, 29, 120 MHz, 3996 MHz, 0 %, 0 %
2026/09/20 10:47:25.694, 7, 184.09 W, 29, 120 MHz, 3996 MHz, 0 %, 0 %
2026/09/20 10:47:26.694, 0, 352.26 W, 40, 2032 MHz, 3996 MHz, 22 %, 12 %
2026/09/20 10:47:26.695, 1, 318.00 W, 41, 2032 MHz, 3996 MHz, 18 %, 8 %
2026/09/20 10:47:26.695, 2, 354.47 W, 35, 2032 MHz, 3996 MHz, 24 %, 13 %
2026/09/20 10:47:26.695, 3, 342.59 W, 34, 2032 MHz, 3996 MHz, 22 %, 12 %
2026/09/20 10:47:26.695, 4, 183.25 W, 35, 120 MHz, 3996 MHz, 0 %, 0 %
2026/09/20 10:47:26.695, 5, 181.34 W, 33, 120 MHz, 3996 MHz, 0 %, 0 %
2026/09/20 10:47:26.695, 6, 180.37 W, 29, 120 MHz, 3996 MHz, 0 %, 0 %
2026/09/20 10:47:26.695, 7, 184.09 W, 29, 120 MHz, 3996 MHz, 0 %, 0 %
2026/09/20 10:47:27.695, 0, 353.17 W, 40, 2032 MHz, 3996 MHz, 22 %, 12 %
2026/09/20 10:47:27.695, 1, 318.90 W, 41, 2032 MHz, 3996 MHz, 18 %, 8 %
2026/09/20 10:47:27.695, 2, 352.31 W, 35, 2032 MHz, 3996 MHz, 24 %, 13 %
2026/09/20 10:47:27.695, 3, 343.59 W, 34, 2032 MHz, 3996 MHz, 23 %, 12 %
2026/09/20 10:47:27.695, 4, 183.25 W, 35, 120 MHz, 3996 MHz, 0 %, 0 %
2026/09/20 10:47:27.695, 5, 181.19 W, 33, 120 MHz, 3996 MHz, 0 %, 0 %
2026/09/20 10:47:27.695, 6, 180.25 W, 29, 120 MHz, 3996 MHz, 0 %, 0 %
2026/09/20 10:47:27.695, 7, 184.09 W, 29, 120 MHz, 3996 MHz, 0 %, 0 %
2026/09/20 10:47:28.695, 0, 318.11 W, 39, 2032 MHz, 3996 MHz, 4 %, 1 %
2026/09/20 10:47:28.695, 1, 294.15 W, 40, 2032 MHz, 3996 MHz, 5 %, 1 %
2026/09/20 10:47:28.695, 2, 314.70 W, 34, 2032 MHz, 3996 MHz, 4 %, 1 %
2026/09/20 10:47:28.695, 3, 310.81 W, 33, 2032 MHz, 3996 MHz, 4 %, 1 %
2026/09/20 10:47:28.695, 4, 183.25 W, 35, 120 MHz, 3996 MHz, 0 %, 0 %
2026/09/20 10:47:28.695, 5, 181.38 W, 33, 120 MHz, 3996 MHz, 0 %, 0 %
2026/09/20 10:47:28.695, 6, 180.25 W, 29, 120 MHz, 3996 MHz, 0 %, 0 %
2026/09/20 10:47:28.695, 7, 184.09 W, 29, 120 MHz, 3996 MHz, 0 %, 0 %
2026/09/20 10:47:29.695, 0, 273.52 W, 39, 2032 MHz, 3996 MHz, 11 %, 6 %
2026/09/20 10:47:29.695, 1, 261.19 W, 40, 2032 MHz, 3996 MHz, 6 %, 3 %
2026/09/20 10:47:29.695, 2, 269.66 W, 34, 2032 MHz, 3996 MHz, 16 %, 4 %
2026/09/20 10:47:29.695, 3, 273.35 W, 33, 2032 MHz, 3996 MHz, 11 %, 3 %
2026/09/20 10:47:29.695, 4, 183.25 W, 35, 120 MHz, 3996 MHz, 0 %, 0 %
2026/09/20 10:47:29.695, 5, 181.23 W, 33, 120 MHz, 3996 MHz, 0 %, 0 %
2026/09/20 10:47:29.696, 6, 180.36 W, 29, 120 MHz, 3996 MHz, 0 %, 0 %
2026/09/20 10:47:29.696, 7, 184.09 W, 29, 120 MHz, 3996 MHz, 0 %, 0 %
2026/09/20 10:47:30.696, 0, 282.84 W, 39, 2032 MHz, 3996 MHz, 15 %, 8 %
2026/09/20 10:47:30.696, 1, 272.12 W, 40, 2032 MHz, 3996 MHz, 6 %, 2 %
2026/09/20 10:47:30.696, 2, 289.97 W, 35, 2032 MHz, 3996 MHz, 13 %, 7 %
2026/09/20 10:47:30.696, 3, 292.33 W, 34, 2032 MHz, 3996 MHz, 15 %, 8 %
2026/09/20 10:47:30.696, 4, 183.25 W, 35, 120 MHz, 3996 MHz, 0 %, 0 %
2026/09/20 10:47:30.696, 5, 181.30 W, 33, 120 MHz, 3996 MHz, 0 %, 0 %
2026/09/20 10:47:30.696, 6, 180.32 W, 29, 120 MHz, 3996 MHz, 0 %, 0 %
2026/09/20 10:47:30.696, 7, 184.09 W, 29, 120 MHz, 3996 MHz, 0 %, 0 %
2026/09/20 10:47:31.696, 0, 374.14 W, 40, 2032 MHz, 3996 MHz, 20 %, 10 %
2026/09/20 10:47:31.696, 1, 340.30 W, 41, 2032 MHz, 3996 MHz, 18 %, 8 %
2026/09/20 10:47:31.696, 2, 392.11 W, 35, 2032 MHz, 3996 MHz, 30 %, 14 %
2026/09/20 10:47:31.696, 3, 371.96 W, 35, 2032 MHz, 3996 MHz, 21 %, 10 %
2026/09/20 10:47:31.696, 4, 183.25 W, 35, 120 MHz, 3996 MHz, 0 %, 0 %
2026/09/20 10:47:31.696, 5, 181.26 W, 33, 120 MHz, 3996 MHz, 0 %, 0 %
2026/09/20 10:47:31.696, 6, 180.25 W, 29, 120 MHz, 3996 MHz, 0 %, 0 %
2026/09/20 10:47:31.696, 7, 184.09 W, 29, 120 MHz, 3996 MHz, 0 %, 0 %
2026/09/20 10:47:32.696, 0, 382.47 W, 41, 2032 MHz, 3996 MHz, 25 %, 12 %
2026/09/20 10:47:32.696, 1, 345.63 W, 41, 2032 MHz, 3996 MHz, 23 %, 10 %
2026/09/20 10:47:32.696, 2, 399.36 W, 36, 2032 MHz, 3996 MHz, 29 %, 14 %
2026/09/20 10:47:32.696, 3, 380.97 W, 35, 2032 MHz, 3996 MHz, 25 %, 12 %
2026/09/20 10:47:32.696, 4, 183.25 W, 35, 120 MHz, 3996 MHz, 0 %, 0 %
2026/09/20 10:47:32.696, 5, 181.34 W, 33, 120 MHz, 3996 MHz, 0 %, 0 %
2026/09/20 10:47:32.696, 6, 180.33 W, 29, 120 MHz, 3996 MHz, 0 %, 0 %
2026/09/20 10:47:32.696, 7, 184.09 W, 29, 120 MHz, 3996 MHz, 0 %, 0 %
2026/09/20 10:47:33.696, 0, 368.06 W, 40, 2032 MHz, 3996 MHz, 19 %, 9 %
2026/09/20 10:47:33.696, 1, 335.67 W, 41, 2032 MHz, 3996 MHz, 16 %, 7 %
2026/09/20 10:47:33.696, 2, 377.25 W, 35, 2032 MHz, 3996 MHz, 25 %, 12 %
2026/09/20 10:47:33.696, 3, 364.88 W, 34, 2032 MHz, 3996 MHz, 23 %, 10 %
2026/09/20 10:47:33.696, 4, 183.25 W, 35, 120 MHz, 3996 MHz, 0 %, 0 %
2026/09/20 10:47:33.696, 5, 181.38 W, 33, 120 MHz, 3996 MHz, 0 %, 0 %
2026/09/20 10:47:33.697, 6, 180.25 W, 29, 120 MHz, 3996 MHz, 0 %, 0 %
2026/09/20 10:47:33.697, 7, 184.09 W, 29, 120 MHz, 3996 MHz, 0 %, 0 %
2026/09/20 10:47:34.697, 0, 313.41 W, 40, 2032 MHz, 3996 MHz, 16 %, 8 %
2026/09/20 10:47:34.697, 1, 299.26 W, 41, 2032 MHz, 3996 MHz, 14 %, 5 %
2026/09/20 10:47:34.697, 2, 324.38 W, 34, 2032 MHz, 3996 MHz, 12 %, 5 %
2026/09/20 10:47:34.697, 3, 310.30 W, 34, 2032 MHz, 3996 MHz, 13 %, 7 %
2026/09/20 10:47:34.697, 4, 183.25 W, 35, 120 MHz, 3996 MHz, 0 %, 0 %
2026/09/20 10:47:34.697, 5, 181.38 W, 33, 120 MHz, 3996 MHz, 0 %, 0 %
2026/09/20 10:47:34.697, 6, 180.37 W, 29, 120 MHz, 3996 MHz, 0 %, 0 %
2026/09/20 10:47:34.697, 7, 184.09 W, 29, 120 MHz, 3996 MHz, 0 %, 0 %
2026/09/20 10:47:35.697, 0, 323.20 W, 40, 2032 MHz, 3996 MHz, 22 %, 8 %
2026/09/20 10:47:35.697, 1, 313.42 W, 41, 2032 MHz, 3996 MHz, 24 %, 6 %
2026/09/20 10:47:35.697, 2, 334.55 W, 35, 2032 MHz, 3996 MHz, 31 %, 9 %
2026/09/20 10:47:35.697, 3, 324.98 W, 34, 2032 MHz, 3996 MHz, 22 %, 9 %
2026/09/20 10:47:35.698, 4, 183.25 W, 35, 120 MHz, 3996 MHz, 0 %, 0 %
2026/09/20 10:47:35.698, 5, 181.42 W, 33, 120 MHz, 3996 MHz, 0 %, 0 %
2026/09/20 10:47:35.698, 6, 180.21 W, 29, 120 MHz, 3996 MHz, 0 %, 0 %
2026/09/20 10:47:35.698, 7, 184.09 W, 29, 120 MHz, 3996 MHz, 0 %, 0 %
2026/09/20 10:47:36.698, 0, 301.13 W, 39, 2032 MHz, 3996 MHz, 7 %, 1 %
2026/09/20 10:47:36.698, 1, 291.83 W, 40, 2032 MHz, 3996 MHz, 10 %, 2 %
2026/09/20 10:47:36.698, 2, 305.16 W, 34, 2032 MHz, 3996 MHz, 6 %, 1 %
2026/09/20 10:47:36.698, 3, 299.53 W, 34, 2032 MHz, 3996 MHz, 8 %, 1 %
2026/09/20 10:47:36.698, 4, 183.25 W, 35, 120 MHz, 3996 MHz, 0 %, 0 %
2026/09/20 10:47:36.698, 5, 181.38 W, 33, 120 MHz, 3996 MHz, 0 %, 0 %
2026/09/20 10:47:36.698, 6, 180.21 W, 29, 120 MHz, 3996 MHz, 0 %, 0 %
2026/09/20 10:47:36.698, 7, 184.09 W, 29, 120 MHz, 3996 MHz, 0 %, 0 %
2026/09/20 10:47:37.698, 0, 363.77 W, 41, 2032 MHz, 3996 MHz, 27 %, 11 %
2026/09/20 10:47:37.698, 1, 326.16 W, 41, 2032 MHz, 3996 MHz, 20 %, 8 %
2026/09/20 10:47:37.698, 2, 381.63 W, 36, 2032 MHz, 3996 MHz, 32 %, 12 %
2026/09/20 10:47:37.698, 3, 380.17 W, 35, 2032 MHz, 3996 MHz, 32 %, 11 %
2026/09/20 10:47:37.698, 4, 183.25 W, 35, 120 MHz, 3996 MHz, 0 %, 0 %
2026/09/20 10:47:37.698, 5, 181.38 W, 33, 120 MHz, 3996 MHz, 0 %, 0 %
2026/09/20 10:47:37.698, 6, 180.33 W, 29, 120 MHz, 3996 MHz, 0 %, 0 %
2026/09/20 10:47:37.698, 7, 184.09 W, 29, 120 MHz, 3996 MHz, 0 %, 0 %
2026/09/20 10:47:38.699, 0, 350.62 W, 40, 2032 MHz, 3996 MHz, 29 %, 9 %
2026/09/20 10:47:38.699, 1, 323.11 W, 41, 2032 MHz, 3996 MHz, 19 %, 8 %
2026/09/20 10:47:38.699, 2, 357.31 W, 35, 2032 MHz, 3996 MHz, 24 %, 13 %
2026/09/20 10:47:38.699, 3, 349.06 W, 34, 2032 MHz, 3996 MHz, 34 %, 9 %
2026/09/20 10:47:38.699, 4, 183.25 W, 35, 120 MHz, 3996 MHz, 0 %, 0 %
2026/09/20 10:47:38.699, 5, 181.30 W, 33, 120 MHz, 3996 MHz, 0 %, 0 %
2026/09/20 10:47:38.699, 6, 180.25 W, 29, 120 MHz, 3996 MHz, 0 %, 0 %
2026/09/20 10:47:38.699, 7, 184.09 W, 29, 120 MHz, 3996 MHz, 0 %, 0 %
2026/09/20 10:47:39.699, 0, 342.90 W, 41, 2032 MHz, 3996 MHz, 26 %, 12 %
2026/09/20 10:47:39.699, 1, 326.29 W, 42, 2032 MHz, 3996 MHz, 24 %, 10 %
2026/09/20 10:47:39.699, 2, 350.51 W, 36, 2032 MHz, 3996 MHz, 28 %, 13 %
2026/09/20 10:47:39.699, 3, 349.86 W, 36, 2032 MHz, 3996 MHz, 27 %, 12 %
2026/09/20 10:47:39.699, 4, 183.25 W, 35, 120 MHz, 3996 MHz, 0 %, 0 %
2026/09/20 10:47:39.699, 5, 181.38 W, 33, 120 MHz, 3996 MHz, 0 %, 0 %
2026/09/20 10:47:39.699, 6, 180.29 W, 29, 120 MHz, 3996 MHz, 0 %, 0 %
2026/09/20 10:47:39.699, 7, 184.09 W, 29, 120 MHz, 3996 MHz, 0 %, 0 %
2026/09/20 10:47:40.699, 0, 388.32 W, 41, 2032 MHz, 3996 MHz, 26 %, 12 %
2026/09/20 10:47:40.699, 1, 362.63 W, 42, 2032 MHz, 3996 MHz, 19 %, 10 %
2026/09/20 10:47:40.699, 2, 397.12 W, 36, 2032 MHz, 3996 MHz, 22 %, 14 %
2026/09/20 10:47:40.699, 3, 381.36 W, 35, 2032 MHz, 3996 MHz, 28 %, 12 %
2026/09/20 10:47:40.699, 4, 183.25 W, 35, 120 MHz, 3996 MHz, 0 %, 0 %
2026/09/20 10:47:40.699, 5, 181.42 W, 33, 120 MHz, 3996 MHz, 0 %, 0 %
2026/09/20 10:47:40.699, 6, 180.40 W, 29, 120 MHz, 3996 MHz, 0 %, 0 %
2026/09/20 10:47:40.699, 7, 184.09 W, 29, 120 MHz, 3996 MHz, 0 %, 0 %
2026/09/20 10:47:41.699, 0, 302.37 W, 39, 2032 MHz, 3996 MHz, 40 %, 1 %
2026/09/20 10:47:41.699, 1, 292.98 W, 40, 2032 MHz, 3996 MHz, 67 %, 1 %
2026/09/20 10:47:41.699, 2, 296.60 W, 34, 2032 MHz, 3996 MHz, 4 %, 1 %
2026/09/20 10:47:41.699, 3, 286.73 W, 33, 2032 MHz, 3996 MHz, 47 %, 1 %
2026/09/20 10:47:41.699, 4, 183.25 W, 35, 120 MHz, 3996 MHz, 0 %, 0 %
2026/09/20 10:47:41.699, 5, 181.38 W, 33, 120 MHz, 3996 MHz, 0 %, 0 %
2026/09/20 10:47:41.700, 6, 180.25 W, 29, 120 MHz, 3996 MHz, 0 %, 0 %
2026/09/20 10:47:41.700, 7, 184.09 W, 29, 120 MHz, 3996 MHz, 0 %, 0 %
2026/09/20 10:47:42.700, 0, 239.95 W, 39, 2032 MHz, 3996 MHz, 0 %, 0 %
2026/09/20 10:47:42.700, 1, 244.29 W, 40, 2032 MHz, 3996 MHz, 2 %, 0 %
2026/09/20 10:47:42.700, 2, 232.27 W, 33, 2032 MHz, 3996 MHz, 2 %, 0 %
2026/09/20 10:47:42.700, 3, 236.99 W, 33, 2032 MHz, 3996 MHz, 0 %, 0 %
2026/09/20 10:47:42.700, 4, 183.25 W, 35, 120 MHz, 3996 MHz, 0 %, 0 %
2026/09/20 10:47:42.700, 5, 181.38 W, 33, 120 MHz, 3996 MHz, 0 %, 0 %
2026/09/20 10:47:42.700, 6, 180.29 W, 29, 120 MHz, 3996 MHz, 0 %, 0 %
2026/09/20 10:47:42.700, 7, 184.09 W, 29, 120 MHz, 3996 MHz, 0 %, 0 %
2026/09/20 10:47:43.700, 0, 233.93 W, 39, 2032 MHz, 3996 MHz, 0 %, 0 %
2026/09/20 10:47:43.700, 1, 237.64 W, 40, 2032 MHz, 3996 MHz, 0 %, 0 %
2026/09/20 10:47:43.700, 2, 227.93 W, 33, 2032 MHz, 3996 MHz, 0 %, 0 %
2026/09/20 10:47:43.700, 3, 232.50 W, 33, 2032 MHz, 3996 MHz, 0 %, 0 %
2026/09/20 10:47:43.700, 4, 183.25 W, 35, 120 MHz, 3996 MHz, 0 %, 0 %
2026/09/20 10:47:43.700, 5, 181.30 W, 33, 120 MHz, 3996 MHz, 0 %, 0 %
2026/09/20 10:47:43.700, 6, 180.25 W, 29, 120 MHz, 3996 MHz, 0 %, 0 %
2026/09/20 10:47:43.700, 7, 184.09 W, 29, 120 MHz, 3996 MHz, 0 %, 0 %
2026/09/20 10:47:44.700, 0, 233.78 W, 38, 2032 MHz, 3996 MHz, 0 %, 0 %
2026/09/20 10:47:44.700, 1, 237.25 W, 40, 2032 MHz, 3996 MHz, 0 %, 0 %
2026/09/20 10:47:44.700, 2, 227.92 W, 33, 2032 MHz, 3996 MHz, 0 %, 0 %
2026/09/20 10:47:44.700, 3, 232.35 W, 32, 2032 MHz, 3996 MHz, 0 %, 0 %
2026/09/20 10:47:44.700, 4, 183.25 W, 35, 120 MHz, 3996 MHz, 0 %, 0 %
2026/09/20 10:47:44.700, 5, 181.38 W, 33, 120 MHz, 3996 MHz, 0 %, 0 %
2026/09/20 10:47:44.700, 6, 180.33 W, 29, 120 MHz, 3996 MHz, 0 %, 0 %
2026/09/20 10:47:44.700, 7, 184.09 W, 29, 120 MHz, 3996 MHz, 0 %, 0 %
2026/09/20 10:47:45.700, 0, 233.78 W, 38, 2032 MHz, 3996 MHz, 0 %, 0 %
2026/09/20 10:47:45.700, 1, 236.15 W, 40, 2032 MHz, 3996 MHz, 0 %, 0 %
2026/09/20 10:47:45.700, 2, 227.73 W, 33, 2032 MHz, 3996 MHz, 0 %, 0 %
2026/09/20 10:47:45.700, 3, 232.04 W, 32, 2032 MHz, 3996 MHz, 0 %, 0 %
2026/09/20 10:47:45.700, 4, 183.25 W, 35, 120 MHz, 3996 MHz, 0 %, 0 %
2026/09/20 10:47:45.700, 5, 181.34 W, 33, 120 MHz, 3996 MHz, 0 %, 0 %
2026/09/20 10:47:45.701, 6, 180.21 W, 29, 120 MHz, 3996 MHz, 0 %, 0 %
2026/09/20 10:47:45.701, 7, 184.09 W, 29, 120 MHz, 3996 MHz, 0 %, 0 %
2026/09/20 10:47:46.701, 0, 233.78 W, 38, 2032 MHz, 3996 MHz, 0 %, 0 %
2026/09/20 10:47:46.701, 1, 236.23 W, 40, 2032 MHz, 3996 MHz, 0 %, 0 %
2026/09/20 10:47:46.701, 2, 227.74 W, 33, 2032 MHz, 3996 MHz, 0 %, 0 %
2026/09/20 10:47:46.701, 3, 231.90 W, 32, 2032 MHz, 3996 MHz, 0 %, 0 %
2026/09/20 10:47:46.701, 4, 183.25 W, 35, 120 MHz, 3996 MHz, 0 %, 0 %
2026/09/20 10:47:46.701, 5, 181.22 W, 33, 120 MHz, 3996 MHz, 0 %, 0 %
2026/09/20 10:47:46.701, 6, 180.21 W, 29, 120 MHz, 3996 MHz, 0 %, 0 %
2026/09/20 10:47:46.701, 7, 184.09 W, 29, 120 MHz, 3996 MHz, 0 %, 0 %
2026/09/20 10:47:47.701, 0, 233.78 W, 38, 2032 MHz, 3996 MHz, 0 %, 0 %
2026/09/20 10:47:47.701, 1, 236.12 W, 40, 2032 MHz, 3996 MHz, 0 %, 0 %
2026/09/20 10:47:47.701, 2, 227.85 W, 33, 2032 MHz, 3996 MHz, 0 %, 0 %
2026/09/20 10:47:47.701, 3, 231.85 W, 32, 2032 MHz, 3996 MHz, 0 %, 0 %
2026/09/20 10:47:47.701, 4, 183.25 W, 35, 120 MHz, 3996 MHz, 0 %, 0 %
2026/09/20 10:47:47.701, 5, 181.22 W, 33, 120 MHz, 3996 MHz, 0 %, 0 %
2026/09/20 10:47:47.701, 6, 180.21 W, 29, 120 MHz, 3996 MHz, 0 %, 0 %
2026/09/20 10:47:47.701, 7, 184.09 W, 29, 120 MHz, 3996 MHz, 0 %, 0 %
2026/09/20 10:47:48.701, 0, 233.78 W, 38, 2032 MHz, 3996 MHz, 0 %, 0 %
2026/09/20 10:47:48.701, 1, 236.12 W, 40, 2032 MHz, 3996 MHz, 0 %, 0 %
2026/09/20 10:47:48.701, 2, 227.78 W, 33, 2032 MHz, 3996 MHz, 0 %, 0 %
2026/09/20 10:47:48.701, 3, 231.76 W, 32, 2032 MHz, 3996 MHz, 0 %, 0 %
2026/09/20 10:47:48.701, 4, 183.25 W, 35, 120 MHz, 3996 MHz, 0 %, 0 %
2026/09/20 10:47:48.701, 5, 181.30 W, 33, 120 MHz, 3996 MHz, 0 %, 0 %
2026/09/20 10:47:48.701, 6, 180.25 W, 29, 120 MHz, 3996 MHz, 0 %, 0 %
2026/09/20 10:47:48.701, 7, 184.09 W, 29, 120 MHz, 3996 MHz, 0 %, 0 %
2026/09/20 10:47:49.701, 0, 233.78 W, 38, 2032 MHz, 3996 MHz, 0 %, 0 %
2026/09/20 10:47:49.701, 1, 236.12 W, 39, 2032 MHz, 3996 MHz, 0 %, 0 %
2026/09/20 10:47:49.702, 2, 227.80 W, 32, 2032 MHz, 3996 MHz, 0 %, 0 %
2026/09/20 10:47:49.702, 3, 231.63 W, 32, 2032 MHz, 3996 MHz, 0 %, 0 %
2026/09/20 10:47:49.702, 4, 183.25 W, 35, 120 MHz, 3996 MHz, 0 %, 0 %
2026/09/20 10:47:49.702, 5, 181.34 W, 33, 120 MHz, 3996 MHz, 0 %, 0 %
2026/09/20 10:47:49.702, 6, 180.25 W, 29, 120 MHz, 3996 MHz, 0 %, 0 %
2026/09/20 10:47:49.702, 7, 184.09 W, 29, 120 MHz, 3996 MHz, 0 %, 0 %
2026/09/20 10:47:50.702, 0, 233.78 W, 38, 2032 MHz, 3996 MHz, 0 %, 0 %
2026/09/20 10:47:50.702, 1, 236.04 W, 39, 2032 MHz, 3996 MHz, 0 %, 0 %
2026/09/20 10:47:50.702, 2, 227.57 W, 32, 2032 MHz, 3996 MHz, 0 %, 0 %
2026/09/20 10:47:50.702, 3, 231.61 W, 32, 2032 MHz, 3996 MHz, 0 %, 0 %
2026/09/20 10:47:50.702, 4, 183.25 W, 35, 120 MHz, 3996 MHz, 0 %, 0 %
2026/09/20 10:47:50.702, 5, 181.38 W, 33, 120 MHz, 3996 MHz, 0 %, 0 %
2026/09/20 10:47:50.702, 6, 180.29 W, 29, 120 MHz, 3996 MHz, 0 %, 0 %
2026/09/20 10:47:50.702, 7, 184.09 W, 29, 120 MHz, 3996 MHz, 0 %, 0 %
2026/09/20 10:47:51.702, 0, 235.77 W, 38, 2032 MHz, 3996 MHz, 40 %, 0 %
2026/09/20 10:47:51.702, 1, 237.51 W, 40, 2032 MHz, 3996 MHz, 0 %, 0 %
2026/09/20 10:47:51.702, 2, 231.65 W, 33, 2032 MHz, 3996 MHz, 0 %, 0 %
2026/09/20 10:47:51.702, 3, 238.48 W, 33, 2032 MHz, 3996 MHz, 67 %, 1 %
2026/09/20 10:47:51.702, 4, 183.25 W, 35, 120 MHz, 3996 MHz, 0 %, 0 %
2026/09/20 10:47:51.702, 5, 181.30 W, 33, 120 MHz, 3996 MHz, 0 %, 0 %
2026/09/20 10:47:51.702, 6, 180.33 W, 29, 120 MHz, 3996 MHz, 0 %, 0 %
2026/09/20 10:47:51.702, 7, 184.09 W, 29, 120 MHz, 3996 MHz, 0 %, 0 %
2026/09/20 10:47:52.702, 0, 275.47 W, 39, 2032 MHz, 3996 MHz, 0 %, 0 %
2026/09/20 10:47:52.702, 1, 264.51 W, 40, 2032 MHz, 3996 MHz, 0 %, 0 %
2026/09/20 10:47:52.702, 2, 257.50 W, 33, 2032 MHz, 3996 MHz, 24 %, 1 %
2026/09/20 10:47:52.702, 3, 262.62 W, 32, 2032 MHz, 3996 MHz, 0 %, 0 %
2026/09/20 10:47:52.702, 4, 183.25 W, 35, 120 MHz, 3996 MHz, 0 %, 0 %
2026/09/20 10:47:52.702, 5, 181.23 W, 33, 120 MHz, 3996 MHz, 0 %, 0 %
2026/09/20 10:47:52.702, 6, 180.37 W, 29, 120 MHz, 3996 MHz, 0 %, 0 %
2026/09/20 10:47:52.702, 7, 184.09 W, 29, 120 MHz, 3996 MHz, 0 %, 0 %
2026/09/20 10:47:53.703, 0, 263.27 W, 38, 2032 MHz, 3996 MHz, 31 %, 1 %
2026/09/20 10:47:53.703, 1, 267.35 W, 40, 2032 MHz, 3996 MHz, 1 %, 0 %
2026/09/20 10:47:53.703, 2, 259.92 W, 33, 2032 MHz, 3996 MHz, 0 %, 0 %
2026/09/20 10:47:53.703, 3, 264.47 W, 33, 2032 MHz, 3996 MHz, 11 %, 2 %
2026/09/20 10:47:53.703, 4, 183.25 W, 35, 120 MHz, 3996 MHz, 0 %, 0 %
2026/09/20 10:47:53.703, 5, 181.38 W, 33, 120 MHz, 3996 MHz, 0 %, 0 %
2026/09/20 10:47:53.703, 6, 180.37 W, 29, 120 MHz, 3996 MHz, 0 %, 0 %
2026/09/20 10:47:53.703, 7, 184.09 W, 29, 120 MHz, 3996 MHz, 0 %, 0 %
2026/09/20 10:47:54.703, 0, 270.54 W, 39, 2032 MHz, 3996 MHz, 100 %, 3 %
2026/09/20 10:47:54.703, 1, 274.46 W, 40, 2032 MHz, 3996 MHz, 100 %, 3 %
2026/09/20 10:47:54.703, 2, 262.12 W, 33, 2032 MHz, 3996 MHz, 63 %, 3 %
2026/09/20 10:47:54.703, 3, 266.71 W, 33, 2032 MHz, 3996 MHz, 15 %, 3 %
2026/09/20 10:47:54.703, 4, 183.25 W, 35, 120 MHz, 3996 MHz, 0 %, 0 %
2026/09/20 10:47:54.703, 5, 181.34 W, 33, 120 MHz, 3996 MHz, 0 %, 0 %
2026/09/20 10:47:54.703, 6, 180.32 W, 29, 120 MHz, 3996 MHz, 0 %, 0 %
2026/09/20 10:47:54.703, 7, 184.09 W, 29, 120 MHz, 3996 MHz, 0 %, 0 %
2026/09/20 10:47:55.703, 0, 267.82 W, 39, 2032 MHz, 3996 MHz, 100 %, 3 %
2026/09/20 10:47:55.703, 1, 271.93 W, 40, 2032 MHz, 3996 MHz, 94 %, 3 %
2026/09/20 10:47:55.703, 2, 259.43 W, 33, 2032 MHz, 3996 MHz, 57 %, 3 %
2026/09/20 10:47:55.703, 3, 262.75 W, 33, 2032 MHz, 3996 MHz, 12 %, 3 %
2026/09/20 10:47:55.703, 4, 183.25 W, 35, 120 MHz, 3996 MHz, 0 %, 0 %
2026/09/20 10:47:55.703, 5, 181.30 W, 33, 120 MHz, 3996 MHz, 0 %, 0 %
2026/09/20 10:47:55.703, 6, 180.25 W, 29, 120 MHz, 3996 MHz, 0 %, 0 %
2026/09/20 10:47:55.703, 7, 184.09 W, 29, 120 MHz, 3996 MHz, 0 %, 0 %
2026/09/20 10:47:56.703, 0, 258.41 W, 39, 2032 MHz, 3996 MHz, 0 %, 0 %
2026/09/20 10:47:56.703, 1, 262.30 W, 40, 2032 MHz, 3996 MHz, 7 %, 1 %
2026/09/20 10:47:56.703, 2, 249.84 W, 33, 2032 MHz, 3996 MHz, 51 %, 2 %
2026/09/20 10:47:56.703, 3, 252.75 W, 32, 2032 MHz, 3996 MHz, 0 %, 0 %
2026/09/20 10:47:56.703, 4, 183.25 W, 35, 120 MHz, 3996 MHz, 0 %, 0 %
2026/09/20 10:47:56.703, 5, 181.30 W, 33, 120 MHz, 3996 MHz, 0 %, 0 %
2026/09/20 10:47:56.704, 6, 180.29 W, 29, 120 MHz, 3996 MHz, 0 %, 0 %
2026/09/20 10:47:56.704, 7, 184.09 W, 29, 120 MHz, 3996 MHz, 0 %, 0 %
2026/09/20 10:47:57.704, 0, 254.34 W, 38, 2032 MHz, 3996 MHz, 0 %, 0 %
2026/09/20 10:47:57.704, 1, 257.96 W, 40, 2032 MHz, 3996 MHz, 0 %, 0 %
2026/09/20 10:47:57.704, 2, 246.47 W, 32, 2032 MHz, 3996 MHz, 0 %, 0 %
2026/09/20 10:47:57.704, 3, 251.06 W, 32, 2032 MHz, 3996 MHz, 0 %, 0 %
2026/09/20 10:47:57.704, 4, 183.25 W, 35, 120 MHz, 3996 MHz, 0 %, 0 %
2026/09/20 10:47:57.704, 5, 181.30 W, 33, 120 MHz, 3996 MHz, 0 %, 0 %
2026/09/20 10:47:57.704, 6, 180.36 W, 29, 120 MHz, 3996 MHz, 0 %, 0 %
2026/09/20 10:47:57.704, 7, 184.09 W, 29, 120 MHz, 3996 MHz, 0 %, 0 %
2026/09/20 10:47:58.704, 0, 264.11 W, 39, 2032 MHz, 3996 MHz, 29 %, 1 %
2026/09/20 10:47:58.704, 1, 266.83 W, 40, 2032 MHz, 3996 MHz, 82 %, 2 %
2026/09/20 10:47:58.704, 2, 254.16 W, 33, 2032 MHz, 3996 MHz, 82 %, 3 %
2026/09/20 10:47:58.704, 3, 251.68 W, 32, 2032 MHz, 3996 MHz, 2 %, 1 %
2026/09/20 10:47:58.704, 4, 183.25 W, 35, 120 MHz, 3996 MHz, 0 %, 0 %
2026/09/20 10:47:58.704, 5, 181.30 W, 33, 120 MHz, 3996 MHz, 0 %, 0 %
2026/09/20 10:47:58.704, 6, 180.33 W, 29, 120 MHz, 3996 MHz, 0 %, 0 %
2026/09/20 10:47:58.704, 7, 184.09 W, 29, 120 MHz, 3996 MHz, 0 %, 0 %
2026/09/20 10:47:59.704, 0, 263.90 W, 39, 2032 MHz, 3996 MHz, 0 %, 0 %
2026/09/20 10:47:59.704, 1, 266.04 W, 40, 2032 MHz, 3996 MHz, 0 %, 0 %
2026/09/20 10:47:59.704, 2, 252.40 W, 33, 2032 MHz, 3996 MHz, 6 %, 0 %
2026/09/20 10:47:59.704, 3, 250.72 W, 32, 2032 MHz, 3996 MHz, 0 %, 0 %
2026/09/20 10:47:59.704, 4, 183.25 W, 35, 120 MHz, 3996 MHz, 0 %, 0 %
2026/09/20 10:47:59.704, 5, 181.38 W, 33, 120 MHz, 3996 MHz, 0 %, 0 %
2026/09/20 10:47:59.704, 6, 180.29 W, 29, 120 MHz, 3996 MHz, 0 %, 0 %
2026/09/20 10:47:59.704, 7, 184.09 W, 29, 120 MHz, 3996 MHz, 0 %, 0 %
2026/09/20 10:48:00.704, 0, 262.04 W, 38, 2032 MHz, 3996 MHz, 0 %, 0 %
2026/09/20 10:48:00.704, 1, 265.90 W, 40, 2032 MHz, 3996 MHz, 0 %, 0 %
2026/09/20 10:48:00.704, 2, 252.12 W, 33, 2032 MHz, 3996 MHz, 0 %, 0 %
2026/09/20 10:48:00.704, 3, 252.74 W, 32, 2032 MHz, 3996 MHz, 0 %, 0 %
2026/09/20 10:48:00.704, 4, 183.25 W, 35, 120 MHz, 3996 MHz, 0 %, 0 %
2026/09/20 10:48:00.704, 5, 181.34 W, 33, 120 MHz, 3996 MHz, 0 %, 0 %
2026/09/20 10:48:00.705, 6, 180.36 W, 29, 120 MHz, 3996 MHz, 0 %, 0 %
2026/09/20 10:48:00.705, 7, 184.09 W, 29, 120 MHz, 3996 MHz, 0 %, 0 %
2026/09/20 10:48:01.705, 0, 262.27 W, 38, 2032 MHz, 3996 MHz, 0 %, 0 %
2026/09/20 10:48:01.705, 1, 264.25 W, 40, 2032 MHz, 3996 MHz, 0 %, 0 %
2026/09/20 10:48:01.705, 2, 243.45 W, 32, 2032 MHz, 3996 MHz, 0 %, 0 %
2026/09/20 10:48:01.705, 3, 249.06 W, 32, 2032 MHz, 3996 MHz, 0 %, 0 %
2026/09/20 10:48:01.705, 4, 183.25 W, 35, 120 MHz, 3996 MHz, 0 %, 0 %
2026/09/20 10:48:01.705, 5, 181.22 W, 33, 120 MHz, 3996 MHz, 0 %, 0 %
2026/09/20 10:48:01.705, 6, 180.37 W, 29, 120 MHz, 3996 MHz, 0 %, 0 %
2026/09/20 10:48:01.705, 7, 184.09 W, 29, 120 MHz, 3996 MHz, 0 %, 0 %
2026/09/20 10:48:02.705, 0, 260.04 W, 38, 2032 MHz, 3996 MHz, 0 %, 0 %
2026/09/20 10:48:02.705, 1, 261.40 W, 40, 2032 MHz, 3996 MHz, 0 %, 0 %
2026/09/20 10:48:02.705, 2, 243.10 W, 32, 2032 MHz, 3996 MHz, 0 %, 0 %
2026/09/20 10:48:02.705, 3, 248.66 W, 32, 2032 MHz, 3996 MHz, 0 %, 0 %
2026/09/20 10:48:02.705, 4, 183.25 W, 35, 120 MHz, 3996 MHz, 0 %, 0 %
2026/09/20 10:48:02.705, 5, 181.26 W, 33, 120 MHz, 3996 MHz, 0 %, 0 %
2026/09/20 10:48:02.705, 6, 180.49 W, 29, 120 MHz, 3996 MHz, 0 %, 0 %
2026/09/20 10:48:02.705, 7, 184.09 W, 29, 120 MHz, 3996 MHz, 0 %, 0 %
2026/09/20 10:48:03.705, 0, 262.09 W, 38, 2032 MHz, 3996 MHz, 1 %, 0 %
2026/09/20 10:48:03.705, 1, 265.41 W, 40, 2032 MHz, 3996 MHz, 0 %, 0 %
2026/09/20 10:48:03.705, 2, 247.60 W, 32, 2032 MHz, 3996 MHz, 0 %, 0 %
2026/09/20 10:48:03.705, 3, 251.89 W, 32, 2032 MHz, 3996 MHz, 3 %, 0 %
2026/09/20 10:48:03.705, 4, 183.25 W, 35, 120 MHz, 3996 MHz, 0 %, 0 %
2026/09/20 10:48:03.705, 5, 181.42 W, 33, 120 MHz, 3996 MHz, 0 %, 0 %
2026/09/20 10:48:03.705, 6, 180.36 W, 29, 120 MHz, 3996 MHz, 0 %, 0 %
2026/09/20 10:48:03.705, 7, 184.09 W, 29, 120 MHz, 3996 MHz, 0 %, 0 %
2026/09/20 10:48:04.705, 0, 264.76 W, 38, 2032 MHz, 3996 MHz, 89 %, 2 %
2026/09/20 10:48:04.705, 1, 267.08 W, 40, 2032 MHz, 3996 MHz, 15 %, 1 %
2026/09/20 10:48:04.705, 2, 245.19 W, 33, 2032 MHz, 3996 MHz, 2 %, 0 %
2026/09/20 10:48:04.705, 3, 251.78 W, 32, 2032 MHz, 3996 MHz, 10 %, 2 %
2026/09/20 10:48:04.705, 4, 183.25 W, 35, 120 MHz, 3996 MHz, 0 %, 0 %
2026/09/20 10:48:04.706, 5, 181.22 W, 33, 120 MHz, 3996 MHz, 0 %, 0 %
2026/09/20 10:48:04.706, 6, 180.53 W, 29, 120 MHz, 3996 MHz, 0 %, 0 %
2026/09/20 10:48:04.706, 7, 184.09 W, 29, 120 MHz, 3996 MHz, 0 %, 0 %
2026/09/20 10:48:05.706, 0, 264.12 W, 39, 2032 MHz, 3996 MHz, 100 %, 2 %
2026/09/20 10:48:05.706, 1, 266.44 W, 40, 2032 MHz, 3996 MHz, 95 %, 2 %
2026/09/20 10:48:05.706, 2, 247.73 W, 33, 2032 MHz, 3996 MHz, 20 %, 2 %
2026/09/20 10:48:05.706, 3, 248.98 W, 32, 2032 MHz, 3996 MHz, 9 %, 2 %
2026/09/20 10:48:05.706, 4, 183.25 W, 35, 120 MHz, 3996 MHz, 0 %, 0 %
2026/09/20 10:48:05.706, 5, 181.34 W, 33, 120 MHz, 3996 MHz, 0 %, 0 %
2026/09/20 10:48:05.706, 6, 180.52 W, 29, 120 MHz, 3996 MHz, 0 %, 0 %
2026/09/20 10:48:05.706, 7, 184.09 W, 29, 120 MHz, 3996 MHz, 0 %, 0 %
2026/09/20 10:48:06.706, 0, 264.46 W, 39, 2032 MHz, 3996 MHz, 78 %, 2 %
2026/09/20 10:48:06.706, 1, 266.98 W, 40, 2032 MHz, 3996 MHz, 100 %, 2 %
2026/09/20 10:48:06.706, 2, 250.15 W, 33, 2032 MHz, 3996 MHz, 100 %, 2 %
2026/09/20 10:48:06.706, 3, 249.67 W, 32, 2032 MHz, 3996 MHz, 9 %, 2 %
2026/09/20 10:48:06.706, 4, 183.25 W, 35, 120 MHz, 3996 MHz, 0 %, 0 %
2026/09/20 10:48:06.706, 5, 181.30 W, 33, 120 MHz, 3996 MHz, 0 %, 0 %
2026/09/20 10:48:06.706, 6, 180.37 W, 29, 120 MHz, 3996 MHz, 0 %, 0 %
2026/09/20 10:48:06.706, 7, 184.09 W, 29, 120 MHz, 3996 MHz, 0 %, 0 %
2026/09/20 10:48:07.706, 0, 250.38 W, 38, 2032 MHz, 3996 MHz, 75 %, 2 %
2026/09/20 10:48:07.706, 1, 253.54 W, 40, 2032 MHz, 3996 MHz, 20 %, 2 %
2026/09/20 10:48:07.706, 2, 238.49 W, 32, 2032 MHz, 3996 MHz, 4 %, 1 %
2026/09/20 10:48:07.706, 3, 240.80 W, 32, 2032 MHz, 3996 MHz, 8 %, 2 %
2026/09/20 10:48:07.706, 4, 183.25 W, 35, 120 MHz, 3996 MHz, 0 %, 0 %
2026/09/20 10:48:07.706, 5, 181.30 W, 33, 120 MHz, 3996 MHz, 0 %, 0 %
2026/09/20 10:48:07.706, 6, 180.25 W, 29, 120 MHz, 3996 MHz, 0 %, 0 %
2026/09/20 10:48:07.706, 7, 184.09 W, 29, 120 MHz, 3996 MHz, 0 %, 0 %
2026/09/20 10:48:08.706, 0, 265.23 W, 39, 2032 MHz, 3996 MHz, 100 %, 2 %
2026/09/20 10:48:08.707, 1, 268.18 W, 40, 2032 MHz, 3996 MHz, 100 %, 2 %
2026/09/20 10:48:08.707, 2, 246.89 W, 32, 2032 MHz, 3996 MHz, 12 %, 2 %
2026/09/20 10:48:08.707, 3, 247.73 W, 32, 2032 MHz, 3996 MHz, 8 %, 2 %
2026/09/20 10:48:08.707, 4, 183.25 W, 35, 120 MHz, 3996 MHz, 0 %, 0 %
2026/09/20 10:48:08.707, 5, 181.38 W, 33, 120 MHz, 3996 MHz, 0 %, 0 %
2026/09/20 10:48:08.707, 6, 180.21 W, 29, 120 MHz, 3996 MHz, 0 %, 0 %
2026/09/20 10:48:08.707, 7, 184.09 W, 29, 120 MHz, 3996 MHz, 0 %, 0 %
2026/09/20 10:48:09.707, 0, 269.95 W, 39, 2032 MHz, 3996 MHz, 69 %, 2 %
2026/09/20 10:48:09.707, 1, 270.02 W, 40, 2032 MHz, 3996 MHz, 100 %, 2 %
2026/09/20 10:48:09.707, 2, 246.92 W, 32, 2032 MHz, 3996 MHz, 41 %, 2 %
2026/09/20 10:48:09.707, 3, 246.95 W, 32, 2032 MHz, 3996 MHz, 8 %, 2 %
2026/09/20 10:48:09.707, 4, 183.25 W, 35, 120 MHz, 3996 MHz, 0 %, 0 %
2026/09/20 10:48:09.707, 5, 181.42 W, 33, 120 MHz, 3996 MHz, 0 %, 0 %
2026/09/20 10:48:09.707, 6, 180.36 W, 29, 120 MHz, 3996 MHz, 0 %, 0 %
2026/09/20 10:48:09.707, 7, 184.09 W, 29, 120 MHz, 3996 MHz, 0 %, 0 %
2026/09/20 10:48:10.707, 0, 269.50 W, 39, 2032 MHz, 3996 MHz, 98 %, 2 %
2026/09/20 10:48:10.707, 1, 270.14 W, 40, 2032 MHz, 3996 MHz, 61 %, 2 %
2026/09/20 10:48:10.707, 2, 246.29 W, 32, 2032 MHz, 3996 MHz, 32 %, 2 %
2026/09/20 10:48:10.707, 3, 247.07 W, 32, 2032 MHz, 3996 MHz, 8 %, 2 %
2026/09/20 10:48:10.707, 4, 183.25 W, 35, 120 MHz, 3996 MHz, 0 %, 0 %
2026/09/20 10:48:10.707, 5, 181.26 W, 33, 120 MHz, 3996 MHz, 0 %, 0 %
2026/09/20 10:48:10.707, 6, 180.37 W, 29, 120 MHz, 3996 MHz, 0 %, 0 %
2026/09/20 10:48:10.707, 7, 184.09 W, 29, 120 MHz, 3996 MHz, 0 %, 0 %
2026/09/20 10:48:11.707, 0, 268.19 W, 39, 2032 MHz, 3996 MHz, 100 %, 2 %
2026/09/20 10:48:11.707, 1, 267.45 W, 40, 2032 MHz, 3996 MHz, 99 %, 2 %
2026/09/20 10:48:11.707, 2, 240.96 W, 32, 2032 MHz, 3996 MHz, 8 %, 2 %
2026/09/20 10:48:11.707, 3, 243.73 W, 32, 2032 MHz, 3996 MHz, 7 %, 2 %
2026/09/20 10:48:11.707, 4, 183.25 W, 35, 120 MHz, 3996 MHz, 0 %, 0 %
2026/09/20 10:48:11.707, 5, 181.30 W, 33, 120 MHz, 3996 MHz, 0 %, 0 %
2026/09/20 10:48:11.708, 6, 180.37 W, 29, 120 MHz, 3996 MHz, 0 %, 0 %
2026/09/20 10:48:11.708, 7, 184.09 W, 29, 120 MHz, 3996 MHz, 0 %, 0 %
2026/09/20 10:48:12.708, 0, 262.05 W, 39, 2032 MHz, 3996 MHz, 0 %, 0 %
2026/09/20 10:48:12.708, 1, 263.13 W, 40, 2032 MHz, 3996 MHz, 48 %, 1 %
2026/09/20 10:48:12.708, 2, 242.80 W, 32, 2032 MHz, 3996 MHz, 60 %, 2 %
2026/09/20 10:48:12.708, 3, 242.69 W, 32, 2032 MHz, 3996 MHz, 0 %, 0 %
2026/09/20 10:48:12.708, 4, 183.25 W, 35, 120 MHz, 3996 MHz, 0 %, 0 %
2026/09/20 10:48:12.708, 5, 181.38 W, 33, 120 MHz, 3996 MHz, 0 %, 0 %
2026/09/20 10:48:12.708, 6, 180.25 W, 29, 120 MHz, 3996 MHz, 0 %, 0 %
2026/09/20 10:48:12.708, 7, 184.09 W, 29, 120 MHz, 3996 MHz, 0 %, 0 %
2026/09/20 10:48:13.708, 0, 233.78 W, 38, 2032 MHz, 3996 MHz, 0 %, 0 %
2026/09/20 10:48:13.708, 1, 237.26 W, 39, 2032 MHz, 3996 MHz, 0 %, 0 %
2026/09/20 10:48:13.708, 2, 227.62 W, 32, 2032 MHz, 3996 MHz, 0 %, 0 %
2026/09/20 10:48:13.708, 3, 231.67 W, 32, 2032 MHz, 3996 MHz, 0 %, 0 %
2026/09/20 10:48:13.708, 4, 183.25 W, 35, 120 MHz, 3996 MHz, 0 %, 0 %
2026/09/20 10:48:13.708, 5, 181.26 W, 33, 120 MHz, 3996 MHz, 0 %, 0 %
2026/09/20 10:48:13.708, 6, 180.33 W, 29, 120 MHz, 3996 MHz, 0 %, 0 %
2026/09/20 10:48:13.708, 7, 184.09 W, 29, 120 MHz, 3996 MHz, 0 %, 0 %
2026/09/20 10:48:14.708, 0, 233.78 W, 38, 2032 MHz, 3996 MHz, 0 %, 0 %
2026/09/20 10:48:14.708, 1, 236.46 W, 39, 2032 MHz, 3996 MHz, 0 %, 0 %
2026/09/20 10:48:14.708, 2, 226.92 W, 32, 2032 MHz, 3996 MHz, 0 %, 0 %
2026/09/20 10:48:14.708, 3, 231.65 W, 32, 2032 MHz, 3996 MHz, 0 %, 0 %
2026/09/20 10:48:14.708, 4, 183.25 W, 35, 120 MHz, 3996 MHz, 0 %, 0 %
2026/09/20 10:48:14.708, 5, 181.42 W, 33, 120 MHz, 3996 MHz, 0 %, 0 %
2026/09/20 10:48:14.708, 6, 180.25 W, 29, 120 MHz, 3996 MHz, 0 %, 0 %
2026/09/20 10:48:14.708, 7, 184.09 W, 29, 120 MHz, 3996 MHz, 0 %, 0 %
2026/09/20 10:48:15.708, 0, 233.78 W, 38, 2032 MHz, 3996 MHz, 0 %, 0 %
2026/09/20 10:48:15.708, 1, 235.96 W, 39, 2032 MHz, 3996 MHz, 0 %, 0 %
2026/09/20 10:48:15.708, 2, 226.30 W, 32, 2032 MHz, 3996 MHz, 0 %, 0 %
2026/09/20 10:48:15.708, 3, 231.62 W, 32, 2032 MHz, 3996 MHz, 0 %, 0 %
2026/09/20 10:48:15.708, 4, 183.25 W, 35, 120 MHz, 3996 MHz, 0 %, 0 %
2026/09/20 10:48:15.708, 5, 181.34 W, 33, 120 MHz, 3996 MHz, 0 %, 0 %
2026/09/20 10:48:15.709, 6, 180.36 W, 29, 120 MHz, 3996 MHz, 0 %, 0 %
2026/09/20 10:48:15.709, 7, 184.09 W, 29, 120 MHz, 3996 MHz, 0 %, 0 %
2026/09/20 10:48:16.709, 0, 233.78 W, 38, 2032 MHz, 3996 MHz, 0 %, 0 %
2026/09/20 10:48:16.709, 1, 235.92 W, 39, 2032 MHz, 3996 MHz, 0 %, 0 %
2026/09/20 10:48:16.709, 2, 226.63 W, 32, 2032 MHz, 3996 MHz, 0 %, 0 %
2026/09/20 10:48:16.709, 3, 231.58 W, 32, 2032 MHz, 3996 MHz, 0 %, 0 %
2026/09/20 10:48:16.709, 4, 183.25 W, 35, 120 MHz, 3996 MHz, 0 %, 0 %
2026/09/20 10:48:16.709, 5, 181.23 W, 33, 120 MHz, 3996 MHz, 0 %, 0 %
2026/09/20 10:48:16.709, 6, 180.33 W, 29, 120 MHz, 3996 MHz, 0 %, 0 %
2026/09/20 10:48:16.709, 7, 184.09 W, 29, 120 MHz, 3996 MHz, 0 %, 0 %
2026/09/20 10:48:17.709, 0, 233.78 W, 38, 2032 MHz, 3996 MHz, 0 %, 0 %
2026/09/20 10:48:17.709, 1, 235.92 W, 39, 2032 MHz, 3996 MHz, 0 %, 0 %
2026/09/20 10:48:17.709, 2, 226.33 W, 32, 2032 MHz, 3996 MHz, 0 %, 0 %
2026/09/20 10:48:17.709, 3, 231.64 W, 32, 2032 MHz, 3996 MHz, 0 %, 0 %
2026/09/20 10:48:17.709, 4, 183.25 W, 35, 120 MHz, 3996 MHz, 0 %, 0 %
2026/09/20 10:48:17.709, 5, 181.38 W, 33, 120 MHz, 3996 MHz, 0 %, 0 %
2026/09/20 10:48:17.709, 6, 180.29 W, 29, 120 MHz, 3996 MHz, 0 %, 0 %
2026/09/20 10:48:17.709, 7, 184.09 W, 29, 120 MHz, 3996 MHz, 0 %, 0 %
2026/09/20 10:48:18.709, 0, 233.78 W, 38, 2032 MHz, 3996 MHz, 0 %, 0 %
2026/09/20 10:48:18.709, 1, 235.92 W, 39, 2032 MHz, 3996 MHz, 0 %, 0 %
2026/09/20 10:48:18.709, 2, 226.29 W, 32, 2032 MHz, 3996 MHz, 0 %, 0 %
2026/09/20 10:48:18.709, 3, 231.57 W, 32, 2032 MHz, 3996 MHz, 0 %, 0 %
2026/09/20 10:48:18.709, 4, 183.25 W, 35, 120 MHz, 3996 MHz, 0 %, 0 %
2026/09/20 10:48:18.709, 5, 181.42 W, 33, 120 MHz, 3996 MHz, 0 %, 0 %
2026/09/20 10:48:18.709, 6, 180.25 W, 29, 120 MHz, 3996 MHz, 0 %, 0 %
2026/09/20 10:48:18.709, 7, 184.09 W, 29, 120 MHz, 3996 MHz, 0 %, 0 %
2026/09/20 10:48:19.709, 0, 233.78 W, 38, 2032 MHz, 3996 MHz, 0 %, 0 %
2026/09/20 10:48:19.710, 1, 235.88 W, 39, 2032 MHz, 3996 MHz, 0 %, 0 %
2026/09/20 10:48:19.710, 2, 226.26 W, 32, 2032 MHz, 3996 MHz, 0 %, 0 %
2026/09/20 10:48:19.710, 3, 231.61 W, 32, 2032 MHz, 3996 MHz, 0 %, 0 %
2026/09/20 10:48:19.710, 4, 183.25 W, 35, 120 MHz, 3996 MHz, 0 %, 0 %
2026/09/20 10:48:19.710, 5, 181.22 W, 33, 120 MHz, 3996 MHz, 0 %, 0 %
2026/09/20 10:48:19.710, 6, 180.25 W, 29, 120 MHz, 3996 MHz, 0 %, 0 %
2026/09/20 10:48:19.710, 7, 184.09 W, 29, 120 MHz, 3996 MHz, 0 %, 0 %
2026/09/20 10:48:20.710, 0, 233.78 W, 38, 2032 MHz, 3996 MHz, 0 %, 0 %
2026/09/20 10:48:20.710, 1, 235.92 W, 39, 2032 MHz, 3996 MHz, 0 %, 0 %
2026/09/20 10:48:20.710, 2, 226.22 W, 32, 2032 MHz, 3996 MHz, 0 %, 0 %
2026/09/20 10:48:20.710, 3, 231.63 W, 32, 2032 MHz, 3996 MHz, 0 %, 0 %
2026/09/20 10:48:20.710, 4, 183.25 W, 35, 120 MHz, 3996 MHz, 0 %, 0 %
2026/09/20 10:48:20.710, 5, 181.38 W, 33, 120 MHz, 3996 MHz, 0 %, 0 %
2026/09/20 10:48:20.710, 6, 180.36 W, 29, 120 MHz, 3996 MHz, 0 %, 0 %
2026/09/20 10:48:20.710, 7, 184.09 W, 29, 120 MHz, 3996 MHz, 0 %, 0 %
2026/09/20 10:48:21.710, 0, 233.78 W, 38, 2032 MHz, 3996 MHz, 0 %, 0 %
2026/09/20 10:48:21.710, 1, 235.88 W, 39, 2032 MHz, 3996 MHz, 0 %, 0 %
2026/09/20 10:48:21.710, 2, 226.18 W, 32, 2032 MHz, 3996 MHz, 0 %, 0 %
2026/09/20 10:48:21.710, 3, 231.60 W, 32, 2032 MHz, 3996 MHz, 0 %, 0 %
2026/09/20 10:48:21.710, 4, 183.25 W, 35, 120 MHz, 3996 MHz, 0 %, 0 %
2026/09/20 10:48:21.710, 5, 181.34 W, 33, 120 MHz, 3996 MHz, 0 %, 0 %
2026/09/20 10:48:21.710, 6, 180.29 W, 29, 120 MHz, 3996 MHz, 0 %, 0 %
2026/09/20 10:48:21.710, 7, 184.09 W, 29, 120 MHz, 3996 MHz, 0 %, 0 %
2026/09/20 10:48:22.710, 0, 233.78 W, 38, 2032 MHz, 3996 MHz, 0 %, 0 %
2026/09/20 10:48:22.710, 1, 236.04 W, 39, 2032 MHz, 3996 MHz, 0 %, 0 %
2026/09/20 10:48:22.710, 2, 226.22 W, 32, 2032 MHz, 3996 MHz, 0 %, 0 %
2026/09/20 10:48:22.710, 3, 231.62 W, 32, 2032 MHz, 3996 MHz, 0 %, 0 %
2026/09/20 10:48:22.710, 4, 183.25 W, 35, 120 MHz, 3996 MHz, 0 %, 0 %
2026/09/20 10:48:22.710, 5, 181.34 W, 33, 120 MHz, 3996 MHz, 0 %, 0 %
2026/09/20 10:48:22.710, 6, 180.29 W, 29, 120 MHz, 3996 MHz, 0 %, 0 %
2026/09/20 10:48:22.711, 7, 184.09 W, 29, 120 MHz, 3996 MHz, 0 %, 0 %
2026/09/20 10:48:23.711, 0, 233.78 W, 38, 2032 MHz, 3996 MHz, 0 %, 0 %
2026/09/20 10:48:23.711, 1, 235.96 W, 39, 2032 MHz, 3996 MHz, 0 %, 0 %
2026/09/20 10:48:23.711, 2, 226.65 W, 32, 2032 MHz, 3996 MHz, 0 %, 0 %
2026/09/20 10:48:23.711, 3, 231.63 W, 32, 2032 MHz, 3996 MHz, 0 %, 0 %
2026/09/20 10:48:23.711, 4, 183.25 W, 35, 120 MHz, 3996 MHz, 0 %, 0 %
2026/09/20 10:48:23.711, 5, 181.42 W, 33, 120 MHz, 3996 MHz, 0 %, 0 %
2026/09/20 10:48:23.711, 6, 180.29 W, 29, 120 MHz, 3996 MHz, 0 %, 0 %
2026/09/20 10:48:23.711, 7, 184.09 W, 29, 120 MHz, 3996 MHz, 0 %, 0 %
2026/09/20 10:48:24.711, 0, 233.78 W, 38, 2032 MHz, 3996 MHz, 0 %, 0 %
2026/09/20 10:48:24.711, 1, 235.88 W, 39, 2032 MHz, 3996 MHz, 0 %, 0 %
2026/09/20 10:48:24.711, 2, 226.06 W, 32, 2032 MHz, 3996 MHz, 0 %, 0 %
2026/09/20 10:48:24.711, 3, 231.63 W, 32, 2032 MHz, 3996 MHz, 0 %, 0 %
2026/09/20 10:48:24.711, 4, 183.25 W, 35, 120 MHz, 3996 MHz, 0 %, 0 %
2026/09/20 10:48:24.711, 5, 181.26 W, 33, 120 MHz, 3996 MHz, 0 %, 0 %
2026/09/20 10:48:24.711, 6, 180.33 W, 29, 120 MHz, 3996 MHz, 0 %, 0 %
2026/09/20 10:48:24.711, 7, 184.09 W, 29, 120 MHz, 3996 MHz, 0 %, 0 %
2026/09/20 10:48:25.711, 0, 233.78 W, 38, 2032 MHz, 3996 MHz, 0 %, 0 %
2026/09/20 10:48:25.711, 1, 235.88 W, 39, 2032 MHz, 3996 MHz, 0 %, 0 %
2026/09/20 10:48:25.711, 2, 226.13 W, 32, 2032 MHz, 3996 MHz, 0 %, 0 %
2026/09/20 10:48:25.711, 3, 231.63 W, 32, 2032 MHz, 3996 MHz, 0 %, 0 %
2026/09/20 10:48:25.711, 4, 183.25 W, 35, 120 MHz, 3996 MHz, 0 %, 0 %
2026/09/20 10:48:25.711, 5, 181.38 W, 33, 120 MHz, 3996 MHz, 0 %, 0 %
2026/09/20 10:48:25.711, 6, 180.52 W, 29, 120 MHz, 3996 MHz, 0 %, 0 %
2026/09/20 10:48:25.711, 7, 184.09 W, 29, 120 MHz, 3996 MHz, 0 %, 0 %
2026/09/20 10:48:26.712, 0, 233.78 W, 38, 2032 MHz, 3996 MHz, 0 %, 0 %
2026/09/20 10:48:26.712, 1, 235.88 W, 39, 2032 MHz, 3996 MHz, 0 %, 0 %
2026/09/20 10:48:26.712, 2, 226.01 W, 32, 2032 MHz, 3996 MHz, 0 %, 0 %
2026/09/20 10:48:26.712, 3, 231.61 W, 32, 2032 MHz, 3996 MHz, 0 %, 0 %
2026/09/20 10:48:26.712, 4, 183.25 W, 35, 120 MHz, 3996 MHz, 0 %, 0 %
2026/09/20 10:48:26.712, 5, 181.34 W, 33, 120 MHz, 3996 MHz, 0 %, 0 %
2026/09/20 10:48:26.712, 6, 180.52 W, 29, 120 MHz, 3996 MHz, 0 %, 0 %
2026/09/20 10:48:26.712, 7, 184.09 W, 29, 120 MHz, 3996 MHz, 0 %, 0 %
2026/09/20 10:48:27.712, 0, 233.78 W, 38, 2032 MHz, 3996 MHz, 0 %, 0 %
2026/09/20 10:48:27.712, 1, 235.88 W, 39, 2032 MHz, 3996 MHz, 0 %, 0 %
2026/09/20 10:48:27.712, 2, 226.10 W, 32, 2032 MHz, 3996 MHz, 0 %, 0 %
2026/09/20 10:48:27.712, 3, 231.47 W, 32, 2032 MHz, 3996 MHz, 0 %, 0 %
2026/09/20 10:48:27.712, 4, 183.25 W, 35, 120 MHz, 3996 MHz, 0 %, 0 %
2026/09/20 10:48:27.712, 5, 181.42 W, 33, 120 MHz, 3996 MHz, 0 %, 0 %
2026/09/20 10:48:27.712, 6, 180.57 W, 29, 120 MHz, 3996 MHz, 0 %, 0 %
2026/09/20 10:48:27.712, 7, 184.09 W, 29, 120 MHz, 3996 MHz, 0 %, 0 %
2026/09/20 10:48:28.712, 0, 233.74 W, 38, 2032 MHz, 3996 MHz, 0 %, 0 %
2026/09/20 10:48:28.712, 1, 235.88 W, 39, 2032 MHz, 3996 MHz, 0 %, 0 %
2026/09/20 10:48:28.712, 2, 226.03 W, 32, 2032 MHz, 3996 MHz, 0 %, 0 %
2026/09/20 10:48:28.712, 3, 231.63 W, 32, 2032 MHz, 3996 MHz, 0 %, 0 %
2026/09/20 10:48:28.712, 4, 183.25 W, 35, 120 MHz, 3996 MHz, 0 %, 0 %
2026/09/20 10:48:28.712, 5, 181.30 W, 33, 120 MHz, 3996 MHz, 0 %, 0 %
2026/09/20 10:48:28.712, 6, 180.60 W, 29, 120 MHz, 3996 MHz, 0 %, 0 %
2026/09/20 10:48:28.712, 7, 184.09 W, 29, 120 MHz, 3996 MHz, 0 %, 0 %
2026/09/20 10:48:29.712, 0, 238.35 W, 38, 2032 MHz, 3996 MHz, 66 %, 1 %
2026/09/20 10:48:29.713, 1, 239.97 W, 39, 2032 MHz, 3996 MHz, 100 %, 2 %
2026/09/20 10:48:29.713, 2, 227.81 W, 32, 2032 MHz, 3996 MHz, 0 %, 0 %
2026/09/20 10:48:29.713, 3, 240.54 W, 32, 2032 MHz, 3996 MHz, 65 %, 1 %
2026/09/20 10:48:29.713, 4, 183.25 W, 35, 120 MHz, 3996 MHz, 0 %, 0 %
2026/09/20 10:48:29.713, 5, 181.42 W, 33, 120 MHz, 3996 MHz, 0 %, 0 %
2026/09/20 10:48:29.713, 6, 180.48 W, 29, 120 MHz, 3996 MHz, 0 %, 0 %
2026/09/20 10:48:29.713, 7, 184.09 W, 29, 120 MHz, 3996 MHz, 0 %, 0 %
2026/09/20 10:48:30.713, 0, 266.91 W, 38, 2032 MHz, 3996 MHz, 100 %, 2 %
2026/09/20 10:48:30.713, 1, 263.72 W, 39, 2032 MHz, 3996 MHz, 83 %, 2 %
2026/09/20 10:48:30.713, 2, 240.81 W, 32, 2032 MHz, 3996 MHz, 13 %, 2 %
2026/09/20 10:48:30.713, 3, 254.94 W, 32, 2032 MHz, 3996 MHz, 7 %, 2 %
2026/09/20 10:48:30.713, 4, 183.25 W, 35, 120 MHz, 3996 MHz, 0 %, 0 %
2026/09/20 10:48:30.713, 5, 181.42 W, 33, 120 MHz, 3996 MHz, 0 %, 0 %
2026/09/20 10:48:30.713, 6, 180.45 W, 29, 120 MHz, 3996 MHz, 0 %, 0 %
2026/09/20 10:48:30.713, 7, 184.09 W, 29, 120 MHz, 3996 MHz, 0 %, 0 %
2026/09/20 10:48:31.713, 0, 259.04 W, 38, 2032 MHz, 3996 MHz, 98 %, 2 %
2026/09/20 10:48:31.713, 1, 260.58 W, 39, 2032 MHz, 3996 MHz, 63 %, 2 %
2026/09/20 10:48:31.713, 2, 238.31 W, 32, 2032 MHz, 3996 MHz, 7 %, 2 %
2026/09/20 10:48:31.713, 3, 250.43 W, 32, 2032 MHz, 3996 MHz, 85 %, 2 %
2026/09/20 10:48:31.713, 4, 183.25 W, 35, 120 MHz, 3996 MHz, 0 %, 0 %
2026/09/20 10:48:31.713, 5, 181.42 W, 33, 120 MHz, 3996 MHz, 0 %, 0 %
2026/09/20 10:48:31.713, 6, 180.44 W, 29, 120 MHz, 3996 MHz, 0 %, 0 %
2026/09/20 10:48:31.713, 7, 184.09 W, 29, 120 MHz, 3996 MHz, 0 %, 0 %
2026/09/20 10:48:32.713, 0, 244.78 W, 38, 2032 MHz, 3996 MHz, 0 %, 0 %
2026/09/20 10:48:32.713, 1, 246.32 W, 39, 2032 MHz, 3996 MHz, 0 %, 0 %
2026/09/20 10:48:32.713, 2, 231.05 W, 32, 2032 MHz, 3996 MHz, 0 %, 0 %
2026/09/20 10:48:32.713, 3, 235.31 W, 32, 2032 MHz, 3996 MHz, 0 %, 0 %
2026/09/20 10:48:32.713, 4, 183.25 W, 35, 120 MHz, 3996 MHz, 0 %, 0 %
2026/09/20 10:48:32.713, 5, 181.26 W, 33, 120 MHz, 3996 MHz, 0 %, 0 %
2026/09/20 10:48:32.713, 6, 180.45 W, 29, 120 MHz, 3996 MHz, 0 %, 0 %
2026/09/20 10:48:32.713, 7, 184.09 W, 29, 120 MHz, 3996 MHz, 0 %, 0 %
2026/09/20 10:48:33.714, 0, 233.78 W, 38, 2032 MHz, 3996 MHz, 0 %, 0 %
2026/09/20 10:48:33.714, 1, 237.05 W, 39, 2032 MHz, 3996 MHz, 0 %, 0 %
2026/09/20 10:48:33.714, 2, 227.74 W, 32, 2032 MHz, 3996 MHz, 0 %, 0 %
2026/09/20 10:48:33.714, 3, 231.72 W, 32, 2032 MHz, 3996 MHz, 0 %, 0 %
2026/09/20 10:48:33.714, 4, 183.25 W, 35, 120 MHz, 3996 MHz, 0 %, 0 %
2026/09/20 10:48:33.714, 5, 181.34 W, 33, 120 MHz, 3996 MHz, 0 %, 0 %
2026/09/20 10:48:33.714, 6, 180.52 W, 29, 120 MHz, 3996 MHz, 0 %, 0 %
2026/09/20 10:48:33.714, 7, 184.09 W, 29, 120 MHz, 3996 MHz, 0 %, 0 %
2026/09/20 10:48:34.714, 0, 233.78 W, 37, 2032 MHz, 3996 MHz, 0 %, 0 %
2026/09/20 10:48:34.714, 1, 236.91 W, 39, 2032 MHz, 3996 MHz, 0 %, 0 %
2026/09/20 10:48:34.714, 2, 227.74 W, 32, 2032 MHz, 3996 MHz, 0 %, 0 %
2026/09/20 10:48:34.714, 3, 231.68 W, 32, 2032 MHz, 3996 MHz, 0 %, 0 %
2026/09/20 10:48:34.714, 4, 183.25 W, 35, 120 MHz, 3996 MHz, 0 %, 0 %
2026/09/20 10:48:34.714, 5, 181.26 W, 33, 120 MHz, 3996 MHz, 0 %, 0 %
2026/09/20 10:48:34.714, 6, 180.52 W, 29, 120 MHz, 3996 MHz, 0 %, 0 %
2026/09/20 10:48:34.714, 7, 184.09 W, 29, 120 MHz, 3996 MHz, 0 %, 0 %
2026/09/20 10:48:35.714, 0, 233.78 W, 37, 2032 MHz, 3996 MHz, 0 %, 0 %
2026/09/20 10:48:35.714, 1, 236.70 W, 39, 2032 MHz, 3996 MHz, 0 %, 0 %
2026/09/20 10:48:35.714, 2, 227.74 W, 32, 2032 MHz, 3996 MHz, 0 %, 0 %
2026/09/20 10:48:35.714, 3, 231.72 W, 32, 2032 MHz, 3996 MHz, 0 %, 0 %
2026/09/20 10:48:35.714, 4, 183.25 W, 35, 120 MHz, 3996 MHz, 0 %, 0 %
2026/09/20 10:48:35.714, 5, 181.38 W, 33, 120 MHz, 3996 MHz, 0 %, 0 %
2026/09/20 10:48:35.714, 6, 180.49 W, 29, 120 MHz, 3996 MHz, 0 %, 0 %
2026/09/20 10:48:35.714, 7, 184.09 W, 29, 120 MHz, 3996 MHz, 0 %, 0 %
2026/09/20 10:48:36.714, 0, 233.78 W, 37, 2032 MHz, 3996 MHz, 0 %, 0 %
2026/09/20 10:48:36.714, 1, 236.76 W, 39, 2032 MHz, 3996 MHz, 0 %, 0 %
2026/09/20 10:48:36.714, 2, 227.66 W, 32, 2032 MHz, 3996 MHz, 0 %, 0 %
2026/09/20 10:48:36.714, 3, 231.68 W, 31, 2032 MHz, 3996 MHz, 0 %, 0 %
2026/09/20 10:48:36.715, 4, 183.25 W, 35, 120 MHz, 3996 MHz, 0 %, 0 %
2026/09/20 10:48:36.715, 5, 181.42 W, 33, 120 MHz, 3996 MHz, 0 %, 0 %
2026/09/20 10:48:36.715, 6, 180.44 W, 29, 120 MHz, 3996 MHz, 0 %, 0 %
2026/09/20 10:48:36.715, 7, 184.09 W, 29, 120 MHz, 3996 MHz, 0 %, 0 %
2026/09/20 10:48:37.715, 0, 233.78 W, 37, 2032 MHz, 3996 MHz, 0 %, 0 %
2026/09/20 10:48:37.715, 1, 236.43 W, 39, 2032 MHz, 3996 MHz, 0 %, 0 %
2026/09/20 10:48:37.715, 2, 227.66 W, 32, 2032 MHz, 3996 MHz, 0 %, 0 %
2026/09/20 10:48:37.715, 3, 231.68 W, 32, 2032 MHz, 3996 MHz, 0 %, 0 %
2026/09/20 10:48:37.715, 4, 183.25 W, 35, 120 MHz, 3996 MHz, 0 %, 0 %
2026/09/20 10:48:37.715, 5, 181.30 W, 33, 120 MHz, 3996 MHz, 0 %, 0 %
2026/09/20 10:48:37.715, 6, 180.33 W, 29, 120 MHz, 3996 MHz, 0 %, 0 %
2026/09/20 10:48:37.715, 7, 184.09 W, 30, 120 MHz, 3996 MHz, 0 %, 0 %
2026/09/20 10:48:38.715, 0, 233.78 W, 37, 2032 MHz, 3996 MHz, 0 %, 0 %
2026/09/20 10:48:38.715, 1, 236.31 W, 39, 2032 MHz, 3996 MHz, 0 %, 0 %
2026/09/20 10:48:38.715, 2, 227.54 W, 32, 2032 MHz, 3996 MHz, 0 %, 0 %
2026/09/20 10:48:38.715, 3, 231.72 W, 31, 2032 MHz, 3996 MHz, 0 %, 0 %
2026/09/20 10:48:38.715, 4, 183.25 W, 35, 120 MHz, 3996 MHz, 0 %, 0 %
2026/09/20 10:48:38.715, 5, 181.34 W, 33, 120 MHz, 3996 MHz, 0 %, 0 %
2026/09/20 10:48:38.715, 6, 180.40 W, 29, 120 MHz, 3996 MHz, 0 %, 0 %
2026/09/20 10:48:38.715, 7, 184.09 W, 29, 120 MHz, 3996 MHz, 0 %, 0 %
2026/09/20 10:48:39.715, 0, 233.78 W, 37, 2032 MHz, 3996 MHz, 0 %, 0 %
2026/09/20 10:48:39.715, 1, 236.31 W, 39, 2032 MHz, 3996 MHz, 0 %, 0 %
2026/09/20 10:48:39.715, 2, 227.36 W, 32, 2032 MHz, 3996 MHz, 0 %, 0 %
2026/09/20 10:48:39.715, 3, 231.68 W, 31, 2032 MHz, 3996 MHz, 0 %, 0 %
2026/09/20 10:48:39.715, 4, 183.25 W, 35, 120 MHz, 3996 MHz, 0 %, 0 %
2026/09/20 10:48:39.715, 5, 181.38 W, 33, 120 MHz, 3996 MHz, 0 %, 0 %
2026/09/20 10:48:39.715, 6, 180.49 W, 29, 120 MHz, 3996 MHz, 0 %, 0 %
2026/09/20 10:48:39.715, 7, 184.09 W, 29, 120 MHz, 3996 MHz, 0 %, 0 %
2026/09/20 10:48:40.716, 0, 250.51 W, 38, 2032 MHz, 3996 MHz, 100 %, 2 %
2026/09/20 10:48:40.716, 1, 251.55 W, 39, 2032 MHz, 3996 MHz, 70 %, 2 %
2026/09/20 10:48:40.716, 2, 237.95 W, 32, 2032 MHz, 3996 MHz, 19 %, 2 %
2026/09/20 10:48:40.716, 3, 239.26 W, 32, 2032 MHz, 3996 MHz, 7 %, 2 %
2026/09/20 10:48:40.716, 4, 183.25 W, 35, 120 MHz, 3996 MHz, 0 %, 0 %
2026/09/20 10:48:40.716, 5, 181.26 W, 33, 120 MHz, 3996 MHz, 0 %, 0 %
2026/09/20 10:48:40.716, 6, 180.49 W, 29, 120 MHz, 3996 MHz, 0 %, 0 %
2026/09/20 10:48:40.716, 7, 184.09 W, 29, 120 MHz, 3996 MHz, 0 %, 0 %
2026/09/20 10:48:41.716, 0, 233.82 W, 37, 2032 MHz, 3996 MHz, 0 %, 0 %
2026/09/20 10:48:41.716, 1, 236.66 W, 39, 2032 MHz, 3996 MHz, 0 %, 0 %
2026/09/20 10:48:41.716, 2, 227.43 W, 32, 2032 MHz, 3996 MHz, 0 %, 0 %
2026/09/20 10:48:41.716, 3, 231.64 W, 31, 2032 MHz, 3996 MHz, 0 %, 0 %
2026/09/20 10:48:41.716, 4, 183.25 W, 35, 120 MHz, 3996 MHz, 0 %, 0 %
2026/09/20 10:48:41.716, 5, 181.38 W, 33, 120 MHz, 3996 MHz, 0 %, 0 %
2026/09/20 10:48:41.716, 6, 180.44 W, 29, 120 MHz, 3996 MHz, 0 %, 0 %
2026/09/20 10:48:41.716, 7, 184.09 W, 29, 120 MHz, 3996 MHz, 0 %, 0 %
2026/09/20 10:48:42.716, 0, 233.66 W, 37, 2032 MHz, 3996 MHz, 0 %, 0 %
2026/09/20 10:48:42.716, 1, 235.88 W, 39, 2032 MHz, 3996 MHz, 0 %, 0 %
2026/09/20 10:48:42.716, 2, 226.30 W, 32, 2032 MHz, 3996 MHz, 0 %, 0 %
2026/09/20 10:48:42.716, 3, 231.41 W, 31, 2032 MHz, 3996 MHz, 0 %, 0 %
2026/09/20 10:48:42.716, 4, 183.25 W, 35, 120 MHz, 3996 MHz, 0 %, 0 %
2026/09/20 10:48:42.716, 5, 181.38 W, 33, 120 MHz, 3996 MHz, 0 %, 0 %
2026/09/20 10:48:42.716, 6, 180.44 W, 29, 120 MHz, 3996 MHz, 0 %, 0 %
2026/09/20 10:48:42.716, 7, 184.09 W, 30, 120 MHz, 3996 MHz, 0 %, 0 %
2026/09/20 10:48:43.716, 0, 233.78 W, 37, 2032 MHz, 3996 MHz, 0 %, 0 %
2026/09/20 10:48:43.716, 1, 235.88 W, 39, 2032 MHz, 3996 MHz, 0 %, 0 %
2026/09/20 10:48:43.716, 2, 226.67 W, 32, 2032 MHz, 3996 MHz, 0 %, 0 %
2026/09/20 10:48:43.716, 3, 231.52 W, 31, 2032 MHz, 3996 MHz, 0 %, 0 %
2026/09/20 10:48:43.716, 4, 183.25 W, 35, 120 MHz, 3996 MHz, 0 %, 0 %
2026/09/20 10:48:43.717, 5, 181.38 W, 33, 120 MHz, 3996 MHz, 0 %, 0 %
2026/09/20 10:48:43.717, 6, 180.32 W, 29, 120 MHz, 3996 MHz, 0 %, 0 %
2026/09/20 10:48:43.717, 7, 184.09 W, 29, 120 MHz, 3996 MHz, 0 %, 0 %
2026/09/20 10:48:44.717, 0, 233.78 W, 37, 2032 MHz, 3996 MHz, 0 %, 0 %
2026/09/20 10:48:44.717, 1, 236.51 W, 39, 2032 MHz, 3996 MHz, 0 %, 0 %
2026/09/20 10:48:44.717, 2, 227.70 W, 32, 2032 MHz, 3996 MHz, 0 %, 0 %
2026/09/20 10:48:44.717, 3, 231.63 W, 31, 2032 MHz, 3996 MHz, 0 %, 0 %
2026/09/20 10:48:44.717, 4, 183.25 W, 35, 120 MHz, 3996 MHz, 0 %, 0 %
2026/09/20 10:48:44.717, 5, 181.42 W, 33, 120 MHz, 3996 MHz, 0 %, 0 %
2026/09/20 10:48:44.717, 6, 180.25 W, 29, 120 MHz, 3996 MHz, 0 %, 0 %
2026/09/20 10:48:44.717, 7, 184.09 W, 29, 120 MHz, 3996 MHz, 0 %, 0 %
2026/09/20 10:48:45.717, 0, 233.78 W, 37, 2032 MHz, 3996 MHz, 0 %, 0 %
2026/09/20 10:48:45.717, 1, 236.78 W, 39, 2032 MHz, 3996 MHz, 0 %, 0 %
2026/09/20 10:48:45.717, 2, 227.78 W, 32, 2032 MHz, 3996 MHz, 0 %, 0 %
2026/09/20 10:48:45.717, 3, 231.65 W, 31, 2032 MHz, 3996 MHz, 0 %, 0 %
2026/09/20 10:48:45.717, 4, 183.25 W, 35, 120 MHz, 3996 MHz, 0 %, 0 %
2026/09/20 10:48:45.717, 5, 181.38 W, 33, 120 MHz, 3996 MHz, 0 %, 0 %
2026/09/20 10:48:45.717, 6, 180.45 W, 29, 120 MHz, 3996 MHz, 0 %, 0 %
2026/09/20 10:48:45.717, 7, 184.09 W, 30, 120 MHz, 3996 MHz, 0 %, 0 %
2026/09/20 10:48:46.717, 0, 233.78 W, 37, 2032 MHz, 3996 MHz, 0 %, 0 %
2026/09/20 10:48:46.717, 1, 236.49 W, 39, 2032 MHz, 3996 MHz, 0 %, 0 %
2026/09/20 10:48:46.717, 2, 227.59 W, 32, 2032 MHz, 3996 MHz, 0 %, 0 %
2026/09/20 10:48:46.717, 3, 231.56 W, 31, 2032 MHz, 3996 MHz, 0 %, 0 %
2026/09/20 10:48:46.717, 4, 183.25 W, 35, 120 MHz, 3996 MHz, 0 %, 0 %
2026/09/20 10:48:46.717, 5, 181.38 W, 33, 120 MHz, 3996 MHz, 0 %, 0 %
2026/09/20 10:48:46.717, 6, 180.40 W, 29, 120 MHz, 3996 MHz, 0 %, 0 %
2026/09/20 10:48:46.718, 7, 184.09 W, 29, 120 MHz, 3996 MHz, 0 %, 0 %
2026/09/20 10:48:47.718, 0, 233.78 W, 37, 2032 MHz, 3996 MHz, 0 %, 0 %
2026/09/20 10:48:47.718, 1, 236.51 W, 39, 2032 MHz, 3996 MHz, 0 %, 0 %
2026/09/20 10:48:47.718, 2, 227.50 W, 32, 2032 MHz, 3996 MHz, 0 %, 0 %
2026/09/20 10:48:47.718, 3, 231.59 W, 31, 2032 MHz, 3996 MHz, 0 %, 0 %
2026/09/20 10:48:47.718, 4, 183.25 W, 35, 120 MHz, 3996 MHz, 0 %, 0 %
2026/09/20 10:48:47.718, 5, 181.42 W, 33, 120 MHz, 3996 MHz, 0 %, 0 %
2026/09/20 10:48:47.718, 6, 180.41 W, 29, 120 MHz, 3996 MHz, 0 %, 0 %
2026/09/20 10:48:47.718, 7, 184.09 W, 30, 120 MHz, 3996 MHz, 0 %, 0 %
2026/09/20 10:48:48.718, 0, 233.78 W, 37, 2032 MHz, 3996 MHz, 0 %, 0 %
2026/09/20 10:48:48.718, 1, 236.49 W, 39, 2032 MHz, 3996 MHz, 0 %, 0 %
2026/09/20 10:48:48.718, 2, 227.55 W, 32, 2032 MHz, 3996 MHz, 0 %, 0 %
2026/09/20 10:48:48.718, 3, 231.63 W, 31, 2032 MHz, 3996 MHz, 0 %, 0 %
2026/09/20 10:48:48.718, 4, 183.25 W, 35, 120 MHz, 3996 MHz, 0 %, 0 %
2026/09/20 10:48:48.718, 5, 181.42 W, 33, 120 MHz, 3996 MHz, 0 %, 0 %
2026/09/20 10:48:48.718, 6, 180.56 W, 29, 120 MHz, 3996 MHz, 0 %, 0 %
2026/09/20 10:48:48.718, 7, 184.09 W, 30, 120 MHz, 3996 MHz, 0 %, 0 %
2026/09/20 10:48:49.718, 0, 233.78 W, 37, 2032 MHz, 3996 MHz, 0 %, 0 %
2026/09/20 10:48:49.718, 1, 236.39 W, 39, 2032 MHz, 3996 MHz, 0 %, 0 %
2026/09/20 10:48:49.718, 2, 227.62 W, 32, 2032 MHz, 3996 MHz, 0 %, 0 %
2026/09/20 10:48:49.718, 3, 231.58 W, 31, 2032 MHz, 3996 MHz, 0 %, 0 %
2026/09/20 10:48:49.718, 4, 183.25 W, 35, 120 MHz, 3996 MHz, 0 %, 0 %
2026/09/20 10:48:49.718, 5, 181.38 W, 33, 120 MHz, 3996 MHz, 0 %, 0 %
2026/09/20 10:48:49.718, 6, 180.44 W, 29, 120 MHz, 3996 MHz, 0 %, 0 %
2026/09/20 10:48:49.718, 7, 184.09 W, 29, 120 MHz, 3996 MHz, 0 %, 0 %
2026/09/20 10:48:50.718, 0, 233.78 W, 37, 2032 MHz, 3996 MHz, 0 %, 0 %
2026/09/20 10:48:50.718, 1, 236.26 W, 39, 2032 MHz, 3996 MHz, 0 %, 0 %
2026/09/20 10:48:50.718, 2, 227.67 W, 32, 2032 MHz, 3996 MHz, 0 %, 0 %
2026/09/20 10:48:50.718, 3, 231.60 W, 31, 2032 MHz, 3996 MHz, 0 %, 0 %
2026/09/20 10:48:50.718, 4, 183.25 W, 35, 120 MHz, 3996 MHz, 0 %, 0 %
2026/09/20 10:48:50.718, 5, 181.34 W, 33, 120 MHz, 3996 MHz, 0 %, 0 %
2026/09/20 10:48:50.719, 6, 180.36 W, 29, 120 MHz, 3996 MHz, 0 %, 0 %
2026/09/20 10:48:50.719, 7, 184.09 W, 29, 120 MHz, 3996 MHz, 0 %, 0 %
2026/09/20 10:48:51.719, 0, 249.07 W, 39, 2032 MHz, 3996 MHz, 10 %, 1 %
2026/09/20 10:48:51.719, 1, 249.10 W, 39, 2032 MHz, 3996 MHz, 29 %, 6 %
2026/09/20 10:48:51.719, 2, 257.14 W, 33, 2032 MHz, 3996 MHz, 11 %, 1 %
2026/09/20 10:48:51.719, 3, 270.35 W, 34, 2032 MHz, 3996 MHz, 14 %, 2 %
2026/09/20 10:48:51.719, 4, 183.25 W, 35, 120 MHz, 3996 MHz, 0 %, 0 %
2026/09/20 10:48:51.719, 5, 181.42 W, 33, 120 MHz, 3996 MHz, 0 %, 0 %
2026/09/20 10:48:51.719, 6, 180.45 W, 29, 120 MHz, 3996 MHz, 0 %, 0 %
2026/09/20 10:48:51.719, 7, 184.09 W, 30, 120 MHz, 3996 MHz, 0 %, 0 %
2026/09/20 10:48:52.719, 0, 276.95 W, 37, 2032 MHz, 3996 MHz, 0 %, 0 %
2026/09/20 10:48:52.719, 1, 283.61 W, 39, 2032 MHz, 3996 MHz, 0 %, 0 %
2026/09/20 10:48:52.719, 2, 254.41 W, 32, 2032 MHz, 3996 MHz, 0 %, 0 %
2026/09/20 10:48:52.719, 3, 243.97 W, 32, 2032 MHz, 3996 MHz, 0 %, 0 %
2026/09/20 10:48:52.719, 4, 183.25 W, 35, 120 MHz, 3996 MHz, 0 %, 0 %
2026/09/20 10:48:52.719, 5, 181.42 W, 33, 120 MHz, 3996 MHz, 0 %, 0 %
2026/09/20 10:48:52.719, 6, 180.52 W, 29, 120 MHz, 3996 MHz, 0 %, 0 %
2026/09/20 10:48:52.719, 7, 184.09 W, 29, 120 MHz, 3996 MHz, 0 %, 0 %
2026/09/20 10:48:53.719, 0, 246.60 W, 38, 2032 MHz, 3996 MHz, 7 %, 4 %
2026/09/20 10:48:53.719, 1, 238.31 W, 39, 2032 MHz, 3996 MHz, 6 %, 0 %
2026/09/20 10:48:53.719, 2, 240.86 W, 32, 2032 MHz, 3996 MHz, 7 %, 4 %
2026/09/20 10:48:53.719, 3, 252.50 W, 32, 2032 MHz, 3996 MHz, 9 %, 6 %
2026/09/20 10:48:53.719, 4, 183.25 W, 35, 120 MHz, 3996 MHz, 0 %, 0 %
2026/09/20 10:48:53.719, 5, 181.34 W, 33, 120 MHz, 3996 MHz, 0 %, 0 %
2026/09/20 10:48:53.719, 6, 180.52 W, 29, 120 MHz, 3996 MHz, 0 %, 0 %
2026/09/20 10:48:53.719, 7, 184.09 W, 30, 120 MHz, 3996 MHz, 0 %, 0 %
2026/09/20 10:48:54.719, 0, 252.09 W, 37, 2032 MHz, 3996 MHz, 2 %, 1 %
2026/09/20 10:48:54.719, 1, 239.38 W, 39, 2032 MHz, 3996 MHz, 1 %, 0 %
2026/09/20 10:48:54.719, 2, 244.40 W, 32, 2032 MHz, 3996 MHz, 2 %, 1 %
2026/09/20 10:48:54.719, 3, 256.12 W, 32, 2032 MHz, 3996 MHz, 2 %, 1 %
2026/09/20 10:48:54.719, 4, 183.25 W, 35, 120 MHz, 3996 MHz, 0 %, 0 %
2026/09/20 10:48:54.719, 5, 181.38 W, 33, 120 MHz, 3996 MHz, 0 %, 0 %
2026/09/20 10:48:54.720, 6, 180.68 W, 29, 120 MHz, 3996 MHz, 0 %, 0 %
2026/09/20 10:48:54.720, 7, 184.09 W, 30, 120 MHz, 3996 MHz, 0 %, 0 %
2026/09/20 10:48:55.720, 0, 253.89 W, 38, 2032 MHz, 3996 MHz, 7 %, 4 %
2026/09/20 10:48:55.720, 1, 239.86 W, 39, 2032 MHz, 3996 MHz, 5 %, 0 %
2026/09/20 10:48:55.720, 2, 249.15 W, 32, 2032 MHz, 3996 MHz, 7 %, 4 %
2026/09/20 10:48:55.720, 3, 263.71 W, 32, 2032 MHz, 3996 MHz, 8 %, 5 %
2026/09/20 10:48:55.720, 4, 183.25 W, 35, 120 MHz, 3996 MHz, 0 %, 0 %
2026/09/20 10:48:55.720, 5, 181.38 W, 33, 120 MHz, 3996 MHz, 0 %, 0 %
2026/09/20 10:48:55.720, 6, 180.59 W, 29, 120 MHz, 3996 MHz, 0 %, 0 %
2026/09/20 10:48:55.720, 7, 184.09 W, 30, 120 MHz, 3996 MHz, 0 %, 0 %
2026/09/20 10:48:56.720, 0, 250.53 W, 38, 2032 MHz, 3996 MHz, 5 %, 3 %
2026/09/20 10:48:56.720, 1, 239.11 W, 39, 2032 MHz, 3996 MHz, 5 %, 0 %
2026/09/20 10:48:56.720, 2, 242.13 W, 32, 2032 MHz, 3996 MHz, 6 %, 3 %
2026/09/20 10:48:56.720, 3, 255.22 W, 32, 2032 MHz, 3996 MHz, 6 %, 4 %
2026/09/20 10:48:56.720, 4, 183.25 W, 35, 120 MHz, 3996 MHz, 0 %, 0 %
2026/09/20 10:48:56.720, 5, 181.38 W, 33, 120 MHz, 3996 MHz, 0 %, 0 %
2026/09/20 10:48:56.720, 6, 180.52 W, 29, 120 MHz, 3996 MHz, 0 %, 0 %
2026/09/20 10:48:56.720, 7, 184.09 W, 30, 120 MHz, 3996 MHz, 0 %, 0 %
2026/09/20 10:48:57.720, 0, 289.43 W, 38, 2032 MHz, 3996 MHz, 14 %, 10 %
2026/09/20 10:48:57.720, 1, 289.27 W, 40, 2032 MHz, 3996 MHz, 14 %, 10 %
2026/09/20 10:48:57.720, 2, 298.78 W, 33, 2032 MHz, 3996 MHz, 18 %, 13 %
2026/09/20 10:48:57.720, 3, 277.30 W, 32, 2032 MHz, 3996 MHz, 12 %, 8 %
2026/09/20 10:48:57.720, 4, 183.25 W, 35, 120 MHz, 3996 MHz, 0 %, 0 %
2026/09/20 10:48:57.720, 5, 181.34 W, 33, 120 MHz, 3996 MHz, 0 %, 0 %
2026/09/20 10:48:57.720, 6, 180.48 W, 29, 120 MHz, 3996 MHz, 0 %, 0 %
2026/09/20 10:48:57.720, 7, 184.09 W, 30, 120 MHz, 3996 MHz, 0 %, 0 %
2026/09/20 10:48:58.721, 0, 301.23 W, 38, 2032 MHz, 3996 MHz, 14 %, 10 %
2026/09/20 10:48:58.721, 1, 304.98 W, 40, 2032 MHz, 3996 MHz, 15 %, 11 %
2026/09/20 10:48:58.721, 2, 310.41 W, 33, 2032 MHz, 3996 MHz, 18 %, 13 %
2026/09/20 10:48:58.721, 3, 279.63 W, 32, 2032 MHz, 3996 MHz, 12 %, 8 %
2026/09/20 10:48:58.721, 4, 183.25 W, 35, 120 MHz, 3996 MHz, 0 %, 0 %
2026/09/20 10:48:58.721, 5, 181.42 W, 33, 120 MHz, 3996 MHz, 0 %, 0 %
2026/09/20 10:48:58.721, 6, 180.41 W, 29, 120 MHz, 3996 MHz, 0 %, 0 %
2026/09/20 10:48:58.721, 7, 184.09 W, 30, 120 MHz, 3996 MHz, 0 %, 0 %
2026/09/20 10:48:59.721, 0, 344.63 W, 39, 2032 MHz, 3996 MHz, 24 %, 20 %
2026/09/20 10:48:59.721, 1, 322.59 W, 40, 2032 MHz, 3996 MHz, 20 %, 14 %
2026/09/20 10:48:59.721, 2, 357.28 W, 34, 2032 MHz, 3996 MHz, 25 %, 22 %
2026/09/20 10:48:59.721, 3, 351.78 W, 34, 2032 MHz, 3996 MHz, 25 %, 22 %
2026/09/20 10:48:59.721, 4, 183.25 W, 35, 120 MHz, 3996 MHz, 0 %, 0 %
2026/09/20 10:48:59.721, 5, 181.38 W, 33, 120 MHz, 3996 MHz, 0 %, 0 %
2026/09/20 10:48:59.721, 6, 180.40 W, 29, 120 MHz, 3996 MHz, 0 %, 0 %
2026/09/20 10:48:59.721, 7, 184.09 W, 30, 120 MHz, 3996 MHz, 0 %, 0 %
2026/09/20 10:49:00.721, 0, 356.87 W, 39, 2032 MHz, 3996 MHz, 24 %, 20 %
2026/09/20 10:49:00.721, 1, 324.89 W, 40, 2032 MHz, 3996 MHz, 21 %, 15 %
2026/09/20 10:49:00.721, 2, 365.85 W, 34, 2032 MHz, 3996 MHz, 25 %, 22 %
2026/09/20 10:49:00.721, 3, 375.52 W, 34, 2032 MHz, 3996 MHz, 25 %, 23 %
2026/09/20 10:49:00.721, 4, 183.25 W, 35, 120 MHz, 3996 MHz, 0 %, 0 %
2026/09/20 10:49:00.721, 5, 181.30 W, 33, 120 MHz, 3996 MHz, 0 %, 0 %
2026/09/20 10:49:00.721, 6, 180.64 W, 29, 120 MHz, 3996 MHz, 0 %, 0 %
2026/09/20 10:49:00.721, 7, 184.09 W, 30, 120 MHz, 3996 MHz, 0 %, 0 %
2026/09/20 10:49:01.721, 0, 399.07 W, 40, 2032 MHz, 3996 MHz, 29 %, 27 %
2026/09/20 10:49:01.721, 1, 361.69 W, 41, 2032 MHz, 3996 MHz, 28 %, 24 %
2026/09/20 10:49:01.721, 2, 390.03 W, 35, 2032 MHz, 3996 MHz, 27 %, 25 %
2026/09/20 10:49:01.721, 3, 388.03 W, 34, 2032 MHz, 3996 MHz, 26 %, 23 %
2026/09/20 10:49:01.721, 4, 183.25 W, 35, 120 MHz, 3996 MHz, 0 %, 0 %
2026/09/20 10:49:01.721, 5, 181.38 W, 33, 120 MHz, 3996 MHz, 0 %, 0 %
2026/09/20 10:49:01.721, 6, 180.67 W, 29, 120 MHz, 3996 MHz, 0 %, 0 %
2026/09/20 10:49:01.721, 7, 184.09 W, 30, 120 MHz, 3996 MHz, 0 %, 0 %
2026/09/20 10:49:02.722, 0, 441.14 W, 41, 2032 MHz, 3996 MHz, 33 %, 32 %
2026/09/20 10:49:02.722, 1, 396.67 W, 41, 2032 MHz, 3996 MHz, 29 %, 25 %
2026/09/20 10:49:02.722, 2, 419.55 W, 35, 2032 MHz, 3996 MHz, 32 %, 30 %
2026/09/20 10:49:02.722, 3, 405.29 W, 34, 2032 MHz, 3996 MHz, 30 %, 26 %
2026/09/20 10:49:02.722, 4, 183.25 W, 35, 120 MHz, 3996 MHz, 0 %, 0 %
2026/09/20 10:49:02.722, 5, 181.38 W, 33, 120 MHz, 3996 MHz, 0 %, 0 %
2026/09/20 10:49:02.722, 6, 180.80 W, 29, 120 MHz, 3996 MHz, 0 %, 0 %
2026/09/20 10:49:02.722, 7, 184.09 W, 30, 120 MHz, 3996 MHz, 0 %, 0 %
2026/09/20 10:49:03.722, 0, 453.01 W, 41, 2032 MHz, 3996 MHz, 40 %, 39 %
2026/09/20 10:49:03.722, 1, 404.48 W, 42, 2032 MHz, 3996 MHz, 32 %, 30 %
2026/09/20 10:49:03.722, 2, 430.36 W, 36, 2032 MHz, 3996 MHz, 40 %, 39 %
2026/09/20 10:49:03.722, 3, 423.90 W, 35, 2032 MHz, 3996 MHz, 36 %, 35 %
2026/09/20 10:49:03.722, 4, 183.25 W, 35, 120 MHz, 3996 MHz, 0 %, 0 %
2026/09/20 10:49:03.722, 5, 181.30 W, 33, 120 MHz, 3996 MHz, 0 %, 0 %
2026/09/20 10:49:03.722, 6, 180.67 W, 29, 120 MHz, 3996 MHz, 0 %, 0 %
2026/09/20 10:49:03.722, 7, 184.09 W, 30, 120 MHz, 3996 MHz, 0 %, 0 %
2026/09/20 10:49:04.722, 0, 484.56 W, 41, 2032 MHz, 3996 MHz, 34 %, 34 %
2026/09/20 10:49:04.722, 1, 429.38 W, 42, 2032 MHz, 3996 MHz, 28 %, 25 %
2026/09/20 10:49:04.722, 2, 460.34 W, 36, 2032 MHz, 3996 MHz, 35 %, 34 %
2026/09/20 10:49:04.722, 3, 447.54 W, 36, 2032 MHz, 3996 MHz, 31 %, 30 %
2026/09/20 10:49:04.722, 4, 183.25 W, 35, 120 MHz, 3996 MHz, 0 %, 0 %
2026/09/20 10:49:04.722, 5, 181.42 W, 33, 120 MHz, 3996 MHz, 0 %, 0 %
2026/09/20 10:49:04.722, 6, 180.52 W, 29, 120 MHz, 3996 MHz, 0 %, 0 %
2026/09/20 10:49:04.722, 7, 184.09 W, 30, 120 MHz, 3996 MHz, 0 %, 0 %
2026/09/20 10:49:05.722, 0, 467.66 W, 42, 2032 MHz, 3996 MHz, 35 %, 35 %
2026/09/20 10:49:05.722, 1, 417.98 W, 42, 2032 MHz, 3996 MHz, 28 %, 26 %
2026/09/20 10:49:05.722, 2, 447.25 W, 36, 2032 MHz, 3996 MHz, 33 %, 33 %
2026/09/20 10:49:05.722, 3, 438.88 W, 36, 2032 MHz, 3996 MHz, 33 %, 32 %
2026/09/20 10:49:05.723, 4, 183.25 W, 35, 120 MHz, 3996 MHz, 0 %, 0 %
2026/09/20 10:49:05.723, 5, 181.42 W, 33, 120 MHz, 3996 MHz, 0 %, 0 %
2026/09/20 10:49:05.723, 6, 180.56 W, 29, 120 MHz, 3996 MHz, 0 %, 0 %
2026/09/20 10:49:05.723, 7, 184.09 W, 30, 120 MHz, 3996 MHz, 0 %, 0 %
2026/09/20 10:49:06.723, 0, 460.15 W, 42, 2032 MHz, 3996 MHz, 35 %, 33 %
2026/09/20 10:49:06.723, 1, 422.53 W, 42, 2032 MHz, 3996 MHz, 31 %, 29 %
2026/09/20 10:49:06.723, 2, 439.77 W, 36, 2032 MHz, 3996 MHz, 33 %, 31 %
2026/09/20 10:49:06.723, 3, 469.43 W, 36, 2032 MHz, 3996 MHz, 37 %, 36 %
2026/09/20 10:49:06.723, 4, 183.25 W, 35, 120 MHz, 3996 MHz, 0 %, 0 %
2026/09/20 10:49:06.723, 5, 181.42 W, 33, 120 MHz, 3996 MHz, 0 %, 0 %
2026/09/20 10:49:06.723, 6, 180.90 W, 29, 120 MHz, 3996 MHz, 0 %, 0 %
2026/09/20 10:49:06.723, 7, 184.09 W, 30, 120 MHz, 3996 MHz, 0 %, 0 %
2026/09/20 10:49:07.723, 0, 462.65 W, 42, 2032 MHz, 3996 MHz, 36 %, 36 %
2026/09/20 10:49:07.723, 1, 431.44 W, 42, 2032 MHz, 3996 MHz, 31 %, 28 %
2026/09/20 10:49:07.723, 2, 450.51 W, 36, 2032 MHz, 3996 MHz, 35 %, 34 %
2026/09/20 10:49:07.723, 3, 474.73 W, 37, 2032 MHz, 3996 MHz, 38 %, 38 %
2026/09/20 10:49:07.723, 4, 183.25 W, 35, 120 MHz, 3996 MHz, 0 %, 0 %
2026/09/20 10:49:07.723, 5, 181.38 W, 33, 120 MHz, 3996 MHz, 0 %, 0 %
2026/09/20 10:49:07.723, 6, 180.71 W, 29, 120 MHz, 3996 MHz, 0 %, 0 %
2026/09/20 10:49:07.723, 7, 184.09 W, 30, 120 MHz, 3996 MHz, 0 %, 0 %
2026/09/20 10:49:08.723, 0, 463.12 W, 42, 2032 MHz, 3996 MHz, 35 %, 34 %
2026/09/20 10:49:08.723, 1, 431.40 W, 43, 2032 MHz, 3996 MHz, 31 %, 28 %
2026/09/20 10:49:08.723, 2, 450.02 W, 36, 2032 MHz, 3996 MHz, 33 %, 32 %
2026/09/20 10:49:08.723, 3, 479.87 W, 36, 2032 MHz, 3996 MHz, 38 %, 37 %
2026/09/20 10:49:08.723, 4, 183.25 W, 35, 120 MHz, 3996 MHz, 0 %, 0 %
2026/09/20 10:49:08.723, 5, 181.38 W, 33, 120 MHz, 3996 MHz, 0 %, 0 %
2026/09/20 10:49:08.723, 6, 180.83 W, 29, 120 MHz, 3996 MHz, 0 %, 0 %
2026/09/20 10:49:08.723, 7, 184.09 W, 30, 120 MHz, 3996 MHz, 0 %, 0 %
2026/09/20 10:49:09.724, 0, 513.74 W, 43, 2032 MHz, 3996 MHz, 40 %, 39 %
2026/09/20 10:49:09.724, 1, 477.14 W, 43, 2032 MHz, 3996 MHz, 37 %, 33 %
2026/09/20 10:49:09.724, 2, 521.19 W, 37, 2032 MHz, 3996 MHz, 41 %, 39 %
2026/09/20 10:49:09.724, 3, 521.94 W, 37, 2032 MHz, 3996 MHz, 43 %, 41 %
2026/09/20 10:49:09.724, 4, 183.25 W, 35, 120 MHz, 3996 MHz, 0 %, 0 %
2026/09/20 10:49:09.724, 5, 181.34 W, 33, 120 MHz, 3996 MHz, 0 %, 0 %
2026/09/20 10:49:09.724, 6, 181.01 W, 29, 120 MHz, 3996 MHz, 0 %, 0 %
2026/09/20 10:49:09.724, 7, 184.09 W, 30, 120 MHz, 3996 MHz, 0 %, 0 %
2026/09/20 10:49:10.724, 0, 498.41 W, 42, 2032 MHz, 3996 MHz, 39 %, 39 %
2026/09/20 10:49:10.724, 1, 473.77 W, 44, 2032 MHz, 3996 MHz, 34 %, 32 %
2026/09/20 10:49:10.724, 2, 500.30 W, 37, 2032 MHz, 3996 MHz, 39 %, 38 %
2026/09/20 10:49:10.724, 3, 511.04 W, 37, 2032 MHz, 3996 MHz, 40 %, 41 %
2026/09/20 10:49:10.724, 4, 183.25 W, 35, 120 MHz, 3996 MHz, 0 %, 0 %
2026/09/20 10:49:10.724, 5, 181.38 W, 33, 120 MHz, 3996 MHz, 0 %, 0 %
2026/09/20 10:49:10.724, 6, 180.96 W, 29, 120 MHz, 3996 MHz, 0 %, 0 %
2026/09/20 10:49:10.724, 7, 184.09 W, 30, 120 MHz, 3996 MHz, 0 %, 0 %
2026/09/20 10:49:11.724, 0, 497.36 W, 43, 2032 MHz, 3996 MHz, 37 %, 36 %
2026/09/20 10:49:11.724, 1, 471.22 W, 43, 2032 MHz, 3996 MHz, 34 %, 32 %
2026/09/20 10:49:11.724, 2, 495.71 W, 37, 2032 MHz, 3996 MHz, 39 %, 38 %
2026/09/20 10:49:11.724, 3, 506.06 W, 37, 2032 MHz, 3996 MHz, 39 %, 39 %
2026/09/20 10:49:11.724, 4, 183.25 W, 35, 120 MHz, 3996 MHz, 0 %, 0 %
2026/09/20 10:49:11.724, 5, 181.34 W, 33, 120 MHz, 3996 MHz, 0 %, 0 %
2026/09/20 10:49:11.724, 6, 180.94 W, 29, 120 MHz, 3996 MHz, 0 %, 0 %
2026/09/20 10:49:11.724, 7, 184.09 W, 30, 120 MHz, 3996 MHz, 0 %, 0 %
2026/09/20 10:49:12.724, 0, 533.39 W, 43, 2032 MHz, 3996 MHz, 43 %, 35 %
2026/09/20 10:49:12.724, 1, 566.97 W, 45, 2032 MHz, 3996 MHz, 43 %, 38 %
2026/09/20 10:49:12.724, 2, 563.00 W, 38, 2032 MHz, 3996 MHz, 46 %, 39 %
2026/09/20 10:49:12.724, 3, 601.85 W, 39, 2032 MHz, 3996 MHz, 51 %, 45 %
2026/09/20 10:49:12.724, 4, 183.25 W, 35, 120 MHz, 3996 MHz, 0 %, 0 %
2026/09/20 10:49:12.724, 5, 181.34 W, 33, 120 MHz, 3996 MHz, 0 %, 0 %
2026/09/20 10:49:12.725, 6, 180.74 W, 29, 120 MHz, 3996 MHz, 0 %, 0 %
2026/09/20 10:49:12.725, 7, 184.09 W, 29, 120 MHz, 3996 MHz, 0 %, 0 %
2026/09/20 10:49:13.725, 0, 528.72 W, 43, 2032 MHz, 3996 MHz, 37 %, 35 %
2026/09/20 10:49:13.725, 1, 565.04 W, 45, 2032 MHz, 3996 MHz, 44 %, 43 %
2026/09/20 10:49:13.725, 2, 560.88 W, 39, 2032 MHz, 3996 MHz, 42 %, 41 %
2026/09/20 10:49:13.725, 3, 593.44 W, 39, 2032 MHz, 3996 MHz, 44 %, 44 %
2026/09/20 10:49:13.725, 4, 183.25 W, 35, 120 MHz, 3996 MHz, 0 %, 0 %
2026/09/20 10:49:13.725, 5, 181.34 W, 33, 120 MHz, 3996 MHz, 0 %, 0 %
2026/09/20 10:49:13.725, 6, 180.93 W, 29, 120 MHz, 3996 MHz, 0 %, 0 %
2026/09/20 10:49:13.725, 7, 184.09 W, 29, 120 MHz, 3996 MHz, 0 %, 0 %
2026/09/20 10:49:14.725, 0, 510.11 W, 43, 2032 MHz, 3996 MHz, 38 %, 37 %
2026/09/20 10:49:14.725, 1, 558.53 W, 46, 2032 MHz, 3996 MHz, 43 %, 42 %
2026/09/20 10:49:14.725, 2, 545.37 W, 39, 2032 MHz, 3996 MHz, 43 %, 42 %
2026/09/20 10:49:14.725, 3, 579.06 W, 39, 2032 MHz, 3996 MHz, 48 %, 48 %
2026/09/20 10:49:14.725, 4, 183.25 W, 35, 120 MHz, 3996 MHz, 0 %, 0 %
2026/09/20 10:49:14.725, 5, 181.42 W, 33, 120 MHz, 3996 MHz, 0 %, 0 %
2026/09/20 10:49:14.725, 6, 180.84 W, 29, 120 MHz, 3996 MHz, 0 %, 0 %
2026/09/20 10:49:14.725, 7, 184.09 W, 30, 120 MHz, 3996 MHz, 0 %, 0 %
2026/09/20 10:49:15.725, 0, 511.21 W, 44, 2032 MHz, 3996 MHz, 49 %, 42 %
2026/09/20 10:49:15.725, 1, 508.50 W, 46, 2032 MHz, 3996 MHz, 43 %, 37 %
2026/09/20 10:49:15.725, 2, 526.58 W, 39, 2032 MHz, 3996 MHz, 50 %, 42 %
2026/09/20 10:49:15.725, 3, 541.55 W, 39, 2032 MHz, 3996 MHz, 49 %, 43 %
2026/09/20 10:49:15.725, 4, 183.25 W, 35, 120 MHz, 3996 MHz, 0 %, 0 %
2026/09/20 10:49:15.725, 5, 181.34 W, 33, 120 MHz, 3996 MHz, 0 %, 0 %
2026/09/20 10:49:15.725, 6, 180.67 W, 29, 120 MHz, 3996 MHz, 0 %, 0 %
2026/09/20 10:49:15.725, 7, 184.09 W, 30, 120 MHz, 3996 MHz, 0 %, 0 %
2026/09/20 10:49:16.725, 0, 625.27 W, 45, 2032 MHz, 3996 MHz, 50 %, 43 %
2026/09/20 10:49:16.725, 1, 584.48 W, 46, 2032 MHz, 3996 MHz, 45 %, 36 %
2026/09/20 10:49:16.725, 2, 616.08 W, 40, 2032 MHz, 3996 MHz, 50 %, 42 %
2026/09/20 10:49:16.725, 3, 609.45 W, 40, 2032 MHz, 3996 MHz, 50 %, 43 %
2026/09/20 10:49:16.725, 4, 183.25 W, 35, 120 MHz, 3996 MHz, 0 %, 0 %
2026/09/20 10:49:16.726, 5, 181.38 W, 33, 120 MHz, 3996 MHz, 0 %, 0 %
2026/09/20 10:49:16.726, 6, 180.48 W, 29, 120 MHz, 3996 MHz, 0 %, 0 %
2026/09/20 10:49:16.726, 7, 184.09 W, 29, 120 MHz, 3996 MHz, 0 %, 0 %
2026/09/20 10:49:17.726, 0, 518.75 W, 42, 2032 MHz, 3996 MHz, 11 %, 8 %
2026/09/20 10:49:17.726, 1, 497.67 W, 44, 2032 MHz, 3996 MHz, 8 %, 6 %
2026/09/20 10:49:17.726, 2, 479.53 W, 37, 2032 MHz, 3996 MHz, 9 %, 8 %
2026/09/20 10:49:17.726, 3, 526.54 W, 38, 2032 MHz, 3996 MHz, 9 %, 7 %
2026/09/20 10:49:17.726, 4, 183.25 W, 35, 120 MHz, 3996 MHz, 0 %, 0 %
2026/09/20 10:49:17.726, 5, 181.30 W, 33, 120 MHz, 3996 MHz, 0 %, 0 %
2026/09/20 10:49:17.726, 6, 180.43 W, 29, 120 MHz, 3996 MHz, 0 %, 0 %
2026/09/20 10:49:17.726, 7, 184.09 W, 29, 120 MHz, 3996 MHz, 0 %, 0 %
2026/09/20 10:49:18.726, 0, 261.16 W, 41, 2032 MHz, 3996 MHz, 25 %, 2 %
2026/09/20 10:49:18.726, 1, 254.73 W, 41, 2032 MHz, 3996 MHz, 13 %, 2 %
2026/09/20 10:49:18.726, 2, 245.69 W, 35, 2032 MHz, 3996 MHz, 14 %, 2 %
2026/09/20 10:49:18.726, 3, 245.48 W, 35, 2032 MHz, 3996 MHz, 8 %, 2 %
2026/09/20 10:49:18.726, 4, 183.25 W, 35, 120 MHz, 3996 MHz, 0 %, 0 %
2026/09/20 10:49:18.726, 5, 181.38 W, 33, 120 MHz, 3996 MHz, 0 %, 0 %
2026/09/20 10:49:18.726, 6, 181.05 W, 29, 120 MHz, 3996 MHz, 0 %, 0 %
2026/09/20 10:49:18.726, 7, 184.09 W, 29, 120 MHz, 3996 MHz, 0 %, 0 %
2026/09/20 10:49:19.726, 0, 246.40 W, 40, 2032 MHz, 3996 MHz, 0 %, 0 %
2026/09/20 10:49:19.726, 1, 248.56 W, 41, 2032 MHz, 3996 MHz, 0 %, 0 %
2026/09/20 10:49:19.726, 2, 236.99 W, 34, 2032 MHz, 3996 MHz, 0 %, 0 %
2026/09/20 10:49:19.726, 3, 242.64 W, 34, 2032 MHz, 3996 MHz, 0 %, 0 %
2026/09/20 10:49:19.726, 4, 183.25 W, 35, 120 MHz, 3996 MHz, 0 %, 0 %
2026/09/20 10:49:19.726, 5, 181.34 W, 33, 120 MHz, 3996 MHz, 0 %, 0 %
2026/09/20 10:49:19.726, 6, 180.76 W, 29, 120 MHz, 3996 MHz, 0 %, 0 %
2026/09/20 10:49:19.726, 7, 184.09 W, 29, 120 MHz, 3996 MHz, 0 %, 0 %
2026/09/20 10:49:20.727, 0, 236.10 W, 40, 2032 MHz, 3996 MHz, 0 %, 0 %
2026/09/20 10:49:20.727, 1, 238.31 W, 41, 2032 MHz, 3996 MHz, 0 %, 0 %
2026/09/20 10:49:20.727, 2, 228.74 W, 34, 2032 MHz, 3996 MHz, 0 %, 0 %
2026/09/20 10:49:20.727, 3, 234.24 W, 34, 2032 MHz, 3996 MHz, 0 %, 0 %
2026/09/20 10:49:20.727, 4, 183.25 W, 35, 120 MHz, 3996 MHz, 0 %, 0 %
2026/09/20 10:49:20.727, 5, 181.42 W, 33, 120 MHz, 3996 MHz, 0 %, 0 %
2026/09/20 10:49:20.727, 6, 180.66 W, 29, 120 MHz, 3996 MHz, 0 %, 0 %
2026/09/20 10:49:20.727, 7, 184.09 W, 30, 120 MHz, 3996 MHz, 0 %, 0 %
2026/09/20 10:49:21.727, 0, 235.88 W, 39, 2032 MHz, 3996 MHz, 0 %, 0 %
2026/09/20 10:49:21.727, 1, 237.91 W, 41, 2032 MHz, 3996 MHz, 0 %, 0 %
2026/09/20 10:49:21.727, 2, 228.02 W, 34, 2032 MHz, 3996 MHz, 0 %, 0 %
2026/09/20 10:49:21.727, 3, 233.74 W, 34, 2032 MHz, 3996 MHz, 0 %, 0 %
2026/09/20 10:49:21.727, 4, 183.25 W, 35, 120 MHz, 3996 MHz, 0 %, 0 %
2026/09/20 10:49:21.727, 5, 181.34 W, 33, 120 MHz, 3996 MHz, 0 %, 0 %
2026/09/20 10:49:21.727, 6, 180.95 W, 29, 120 MHz, 3996 MHz, 0 %, 0 %
2026/09/20 10:49:21.727, 7, 184.09 W, 30, 120 MHz, 3996 MHz, 0 %, 0 %
2026/09/20 10:49:22.727, 0, 235.73 W, 39, 2032 MHz, 3996 MHz, 0 %, 0 %
2026/09/20 10:49:22.727, 1, 237.83 W, 41, 2032 MHz, 3996 MHz, 0 %, 0 %
2026/09/20 10:49:22.727, 2, 227.86 W, 34, 2032 MHz, 3996 MHz, 0 %, 0 %
2026/09/20 10:49:22.727, 3, 233.48 W, 33, 2032 MHz, 3996 MHz, 0 %, 0 %
2026/09/20 10:49:22.727, 4, 183.25 W, 35, 120 MHz, 3996 MHz, 0 %, 0 %
2026/09/20 10:49:22.727, 5, 181.34 W, 33, 120 MHz, 3996 MHz, 0 %, 0 %
2026/09/20 10:49:22.727, 6, 180.60 W, 29, 120 MHz, 3996 MHz, 0 %, 0 %
2026/09/20 10:49:22.727, 7, 184.09 W, 30, 120 MHz, 3996 MHz, 0 %, 0 %
2026/09/20 10:49:23.727, 0, 235.73 W, 39, 2032 MHz, 3996 MHz, 0 %, 0 %
2026/09/20 10:49:23.727, 1, 237.83 W, 41, 2032 MHz, 3996 MHz, 0 %, 0 %
2026/09/20 10:49:23.727, 2, 227.79 W, 33, 2032 MHz, 3996 MHz, 0 %, 0 %
2026/09/20 10:49:23.727, 3, 233.51 W, 33, 2032 MHz, 3996 MHz, 0 %, 0 %
2026/09/20 10:49:23.728, 4, 183.25 W, 35, 120 MHz, 3996 MHz, 0 %, 0 %
2026/09/20 10:49:23.728, 5, 181.38 W, 33, 120 MHz, 3996 MHz, 0 %, 0 %
2026/09/20 10:49:23.728, 6, 180.71 W, 29, 120 MHz, 3996 MHz, 0 %, 0 %
2026/09/20 10:49:23.728, 7, 184.09 W, 30, 120 MHz, 3996 MHz, 0 %, 0 %
2026/09/20 10:49:24.728, 0, 440.58 W, 45, 2032 MHz, 3996 MHz, 48 %, 39 %
2026/09/20 10:49:24.728, 1, 438.44 W, 45, 2032 MHz, 3996 MHz, 46 %, 38 %
2026/09/20 10:49:24.728, 2, 478.23 W, 40, 2032 MHz, 3996 MHz, 51 %, 44 %
2026/09/20 10:49:24.728, 3, 457.79 W, 39, 2032 MHz, 3996 MHz, 51 %, 43 %
2026/09/20 10:49:24.728, 4, 183.25 W, 35, 120 MHz, 3996 MHz, 0 %, 0 %
2026/09/20 10:49:24.728, 5, 181.38 W, 33, 120 MHz, 3996 MHz, 0 %, 0 %
2026/09/20 10:49:24.728, 6, 180.72 W, 29, 120 MHz, 3996 MHz, 0 %, 0 %
2026/09/20 10:49:24.728, 7, 184.09 W, 30, 120 MHz, 3996 MHz, 0 %, 0 %
2026/09/20 10:49:25.728, 0, 437.96 W, 41, 2032 MHz, 3996 MHz, 11 %, 2 %
2026/09/20 10:49:25.728, 1, 426.62 W, 42, 2032 MHz, 3996 MHz, 11 %, 2 %
2026/09/20 10:49:25.728, 2, 422.55 W, 35, 2032 MHz, 3996 MHz, 9 %, 2 %
2026/09/20 10:49:25.728, 3, 446.36 W, 35, 2032 MHz, 3996 MHz, 7 %, 2 %
2026/09/20 10:49:25.728, 4, 183.25 W, 35, 120 MHz, 3996 MHz, 0 %, 0 %
2026/09/20 10:49:25.728, 5, 181.38 W, 33, 120 MHz, 3996 MHz, 0 %, 0 %
2026/09/20 10:49:25.728, 6, 180.40 W, 29, 120 MHz, 3996 MHz, 0 %, 0 %
2026/09/20 10:49:25.728, 7, 184.09 W, 30, 120 MHz, 3996 MHz, 0 %, 0 %
2026/09/20 10:49:26.728, 0, 240.51 W, 40, 2032 MHz, 3996 MHz, 0 %, 0 %
2026/09/20 10:49:26.728, 1, 243.25 W, 41, 2032 MHz, 3996 MHz, 0 %, 0 %
2026/09/20 10:49:26.728, 2, 231.60 W, 34, 2032 MHz, 3996 MHz, 0 %, 0 %
2026/09/20 10:49:26.728, 3, 237.09 W, 34, 2032 MHz, 3996 MHz, 0 %, 0 %
2026/09/20 10:49:26.728, 4, 183.25 W, 35, 120 MHz, 3996 MHz, 0 %, 0 %
2026/09/20 10:49:26.728, 5, 181.38 W, 33, 120 MHz, 3996 MHz, 0 %, 0 %
2026/09/20 10:49:26.728, 6, 180.78 W, 29, 120 MHz, 3996 MHz, 0 %, 0 %
2026/09/20 10:49:26.728, 7, 184.09 W, 30, 120 MHz, 3996 MHz, 0 %, 0 %
2026/09/20 10:49:27.729, 0, 235.73 W, 39, 2032 MHz, 3996 MHz, 0 %, 0 %
2026/09/20 10:49:27.729, 1, 237.83 W, 41, 2032 MHz, 3996 MHz, 0 %, 0 %
2026/09/20 10:49:27.729, 2, 227.92 W, 34, 2032 MHz, 3996 MHz, 0 %, 0 %
2026/09/20 10:49:27.729, 3, 233.61 W, 33, 2032 MHz, 3996 MHz, 0 %, 0 %
2026/09/20 10:49:27.729, 4, 183.25 W, 35, 120 MHz, 3996 MHz, 0 %, 0 %
2026/09/20 10:49:27.729, 5, 181.30 W, 33, 120 MHz, 3996 MHz, 0 %, 0 %
2026/09/20 10:49:27.729, 6, 180.72 W, 29, 120 MHz, 3996 MHz, 0 %, 0 %
2026/09/20 10:49:27.729, 7, 184.09 W, 30, 120 MHz, 3996 MHz, 0 %, 0 %
2026/09/20 10:49:28.729, 0, 235.73 W, 39, 2032 MHz, 3996 MHz, 0 %, 0 %
2026/09/20 10:49:28.729, 1, 237.83 W, 41, 2032 MHz, 3996 MHz, 0 %, 0 %
2026/09/20 10:49:28.729, 2, 227.91 W, 33, 2032 MHz, 3996 MHz, 0 %, 0 %
2026/09/20 10:49:28.729, 3, 233.56 W, 33, 2032 MHz, 3996 MHz, 0 %, 0 %
2026/09/20 10:49:28.729, 4, 183.25 W, 35, 120 MHz, 3996 MHz, 0 %, 0 %
2026/09/20 10:49:28.729, 5, 181.34 W, 33, 120 MHz, 3996 MHz, 0 %, 0 %
2026/09/20 10:49:28.729, 6, 180.71 W, 29, 120 MHz, 3996 MHz, 0 %, 0 %
2026/09/20 10:49:28.729, 7, 184.09 W, 30, 120 MHz, 3996 MHz, 0 %, 0 %
2026/09/20 10:49:29.729, 0, 235.65 W, 39, 2032 MHz, 3996 MHz, 0 %, 0 %
2026/09/20 10:49:29.729, 1, 237.83 W, 41, 2032 MHz, 3996 MHz, 0 %, 0 %
2026/09/20 10:49:29.729, 2, 227.91 W, 33, 2032 MHz, 3996 MHz, 0 %, 0 %
2026/09/20 10:49:29.729, 3, 233.57 W, 33, 2032 MHz, 3996 MHz, 0 %, 0 %
2026/09/20 10:49:29.729, 4, 183.25 W, 35, 120 MHz, 3996 MHz, 0 %, 0 %
2026/09/20 10:49:29.729, 5, 181.30 W, 33, 120 MHz, 3996 MHz, 0 %, 0 %
2026/09/20 10:49:29.729, 6, 180.53 W, 29, 120 MHz, 3996 MHz, 0 %, 0 %
2026/09/20 10:49:29.729, 7, 184.09 W, 30, 120 MHz, 3996 MHz, 0 %, 0 %
2026/09/20 10:49:30.729, 0, 235.73 W, 39, 2032 MHz, 3996 MHz, 0 %, 0 %
2026/09/20 10:49:30.729, 1, 237.83 W, 40, 2032 MHz, 3996 MHz, 0 %, 0 %
2026/09/20 10:49:30.730, 2, 227.96 W, 33, 2032 MHz, 3996 MHz, 0 %, 0 %
2026/09/20 10:49:30.730, 3, 233.42 W, 33, 2032 MHz, 3996 MHz, 0 %, 0 %
2026/09/20 10:49:30.730, 4, 183.25 W, 35, 120 MHz, 3996 MHz, 0 %, 0 %
2026/09/20 10:49:30.730, 5, 181.38 W, 33, 120 MHz, 3996 MHz, 0 %, 0 %
2026/09/20 10:49:30.730, 6, 180.60 W, 29, 120 MHz, 3996 MHz, 0 %, 0 %
2026/09/20 10:49:30.730, 7, 184.09 W, 30, 120 MHz, 3996 MHz, 0 %, 0 %
2026/09/20 10:49:31.730, 0, 235.69 W, 39, 2032 MHz, 3996 MHz, 0 %, 0 %
2026/09/20 10:49:31.730, 1, 237.83 W, 40, 2032 MHz, 3996 MHz, 0 %, 0 %
2026/09/20 10:49:31.730, 2, 227.93 W, 33, 2032 MHz, 3996 MHz, 0 %, 0 %
2026/09/20 10:49:31.730, 3, 233.49 W, 33, 2032 MHz, 3996 MHz, 0 %, 0 %
2026/09/20 10:49:31.730, 4, 183.25 W, 35, 120 MHz, 3996 MHz, 0 %, 0 %
2026/09/20 10:49:31.730, 5, 181.38 W, 33, 120 MHz, 3996 MHz, 0 %, 0 %
2026/09/20 10:49:31.730, 6, 180.52 W, 29, 120 MHz, 3996 MHz, 0 %, 0 %
2026/09/20 10:49:31.730, 7, 184.09 W, 30, 120 MHz, 3996 MHz, 0 %, 0 %
2026/09/20 10:49:32.730, 0, 235.54 W, 39, 2032 MHz, 3996 MHz, 0 %, 0 %
2026/09/20 10:49:32.730, 1, 237.83 W, 40, 2032 MHz, 3996 MHz, 0 %, 0 %
2026/09/20 10:49:32.730, 2, 227.92 W, 33, 2032 MHz, 3996 MHz, 0 %, 0 %
2026/09/20 10:49:32.730, 3, 233.50 W, 33, 2032 MHz, 3996 MHz, 0 %, 0 %
2026/09/20 10:49:32.730, 4, 183.25 W, 35, 120 MHz, 3996 MHz, 0 %, 0 %
2026/09/20 10:49:32.730, 5, 181.38 W, 33, 120 MHz, 3996 MHz, 0 %, 0 %
2026/09/20 10:49:32.730, 6, 180.60 W, 29, 120 MHz, 3996 MHz, 0 %, 0 %
2026/09/20 10:49:32.730, 7, 184.09 W, 30, 120 MHz, 3996 MHz, 0 %, 0 %
2026/09/20 10:49:33.730, 0, 235.73 W, 39, 2032 MHz, 3996 MHz, 0 %, 0 %
2026/09/20 10:49:33.730, 1, 237.83 W, 40, 2032 MHz, 3996 MHz, 0 %, 0 %
2026/09/20 10:49:33.730, 2, 227.92 W, 33, 2032 MHz, 3996 MHz, 0 %, 0 %
2026/09/20 10:49:33.730, 3, 233.57 W, 33, 2032 MHz, 3996 MHz, 0 %, 0 %
2026/09/20 10:49:33.730, 4, 183.25 W, 35, 120 MHz, 3996 MHz, 0 %, 0 %
2026/09/20 10:49:33.730, 5, 181.34 W, 33, 120 MHz, 3996 MHz, 0 %, 0 %
2026/09/20 10:49:33.730, 6, 180.67 W, 29, 120 MHz, 3996 MHz, 0 %, 0 %
2026/09/20 10:49:33.730, 7, 184.09 W, 30, 120 MHz, 3996 MHz, 0 %, 0 %
2026/09/20 10:49:34.731, 0, 235.69 W, 39, 2032 MHz, 3996 MHz, 0 %, 0 %
2026/09/20 10:49:34.731, 1, 237.83 W, 40, 2032 MHz, 3996 MHz, 0 %, 0 %
2026/09/20 10:49:34.731, 2, 227.93 W, 33, 2032 MHz, 3996 MHz, 0 %, 0 %
2026/09/20 10:49:34.731, 3, 233.48 W, 33, 2032 MHz, 3996 MHz, 0 %, 0 %
2026/09/20 10:49:34.731, 4, 183.25 W, 35, 120 MHz, 3996 MHz, 0 %, 0 %
2026/09/20 10:49:34.731, 5, 181.34 W, 33, 120 MHz, 3996 MHz, 0 %, 0 %
2026/09/20 10:49:34.731, 6, 180.80 W, 29, 120 MHz, 3996 MHz, 0 %, 0 %
2026/09/20 10:49:34.731, 7, 184.09 W, 30, 120 MHz, 3996 MHz, 0 %, 0 %
2026/09/20 10:49:35.731, 0, 235.65 W, 39, 2032 MHz, 3996 MHz, 0 %, 0 %
2026/09/20 10:49:35.731, 1, 237.83 W, 40, 2032 MHz, 3996 MHz, 0 %, 0 %
2026/09/20 10:49:35.731, 2, 227.93 W, 33, 2032 MHz, 3996 MHz, 0 %, 0 %
2026/09/20 10:49:35.731, 3, 233.45 W, 33, 2032 MHz, 3996 MHz, 0 %, 0 %
2026/09/20 10:49:35.731, 4, 183.25 W, 35, 120 MHz, 3996 MHz, 0 %, 0 %
2026/09/20 10:49:35.731, 5, 181.42 W, 33, 120 MHz, 3996 MHz, 0 %, 0 %
2026/09/20 10:49:35.731, 6, 180.52 W, 29, 120 MHz, 3996 MHz, 0 %, 0 %
2026/09/20 10:49:35.731, 7, 184.09 W, 30, 120 MHz, 3996 MHz, 0 %, 0 %
2026/09/20 10:49:36.731, 0, 235.73 W, 39, 2032 MHz, 3996 MHz, 0 %, 0 %
2026/09/20 10:49:36.731, 1, 237.83 W, 40, 2032 MHz, 3996 MHz, 0 %, 0 %
2026/09/20 10:49:36.731, 2, 227.93 W, 33, 2032 MHz, 3996 MHz, 0 %, 0 %
2026/09/20 10:49:36.731, 3, 233.27 W, 33, 2032 MHz, 3996 MHz, 0 %, 0 %
2026/09/20 10:49:36.731, 4, 183.25 W, 35, 120 MHz, 3996 MHz, 0 %, 0 %
2026/09/20 10:49:36.731, 5, 181.38 W, 33, 120 MHz, 3996 MHz, 0 %, 0 %
2026/09/20 10:49:36.731, 6, 180.67 W, 29, 120 MHz, 3996 MHz, 0 %, 0 %
2026/09/20 10:49:36.731, 7, 184.09 W, 30, 120 MHz, 3996 MHz, 0 %, 0 %
2026/09/20 10:49:37.731, 0, 235.61 W, 39, 2032 MHz, 3996 MHz, 0 %, 0 %
2026/09/20 10:49:37.731, 1, 237.83 W, 40, 2032 MHz, 3996 MHz, 0 %, 0 %
2026/09/20 10:49:37.731, 2, 227.93 W, 33, 2032 MHz, 3996 MHz, 0 %, 0 %
2026/09/20 10:49:37.731, 3, 233.48 W, 33, 2032 MHz, 3996 MHz, 0 %, 0 %
2026/09/20 10:49:37.731, 4, 183.25 W, 35, 120 MHz, 3996 MHz, 0 %, 0 %
2026/09/20 10:49:37.731, 5, 181.30 W, 33, 120 MHz, 3996 MHz, 0 %, 0 %
2026/09/20 10:49:37.732, 6, 180.94 W, 29, 120 MHz, 3996 MHz, 0 %, 0 %
2026/09/20 10:49:37.732, 7, 184.09 W, 30, 120 MHz, 3996 MHz, 0 %, 0 %
2026/09/20 10:49:38.732, 0, 235.46 W, 39, 2032 MHz, 3996 MHz, 0 %, 0 %
2026/09/20 10:49:38.732, 1, 237.83 W, 40, 2032 MHz, 3996 MHz, 0 %, 0 %
2026/09/20 10:49:38.732, 2, 227.92 W, 33, 2032 MHz, 3996 MHz, 0 %, 0 %
2026/09/20 10:49:38.732, 3, 233.27 W, 33, 2032 MHz, 3996 MHz, 0 %, 0 %
2026/09/20 10:49:38.732, 4, 183.25 W, 35, 120 MHz, 3996 MHz, 0 %, 0 %
2026/09/20 10:49:38.732, 5, 181.38 W, 33, 120 MHz, 3996 MHz, 0 %, 0 %
2026/09/20 10:49:38.732, 6, 180.29 W, 29, 120 MHz, 3996 MHz, 0 %, 0 %
2026/09/20 10:49:38.732, 7, 184.09 W, 30, 120 MHz, 3996 MHz, 0 %, 0 %
2026/09/20 10:49:39.732, 0, 235.61 W, 39, 2032 MHz, 3996 MHz, 0 %, 0 %
2026/09/20 10:49:39.732, 1, 237.83 W, 40, 2032 MHz, 3996 MHz, 0 %, 0 %
2026/09/20 10:49:39.732, 2, 227.97 W, 33, 2032 MHz, 3996 MHz, 0 %, 0 %
2026/09/20 10:49:39.732, 3, 233.27 W, 33, 2032 MHz, 3996 MHz, 0 %, 0 %
2026/09/20 10:49:39.732, 4, 183.25 W, 35, 120 MHz, 3996 MHz, 0 %, 0 %
2026/09/20 10:49:39.732, 5, 181.42 W, 33, 120 MHz, 3996 MHz, 0 %, 0 %
2026/09/20 10:49:39.732, 6, 180.55 W, 29, 120 MHz, 3996 MHz, 0 %, 0 %
2026/09/20 10:49:39.732, 7, 184.09 W, 30, 120 MHz, 3996 MHz, 0 %, 0 %
2026/09/20 10:49:40.732, 0, 248.16 W, 39, 2032 MHz, 3996 MHz, 0 %, 0 %
2026/09/20 10:49:40.732, 1, 249.79 W, 40, 2032 MHz, 3996 MHz, 0 %, 0 %
2026/09/20 10:49:40.732, 2, 234.24 W, 33, 2032 MHz, 3996 MHz, 0 %, 0 %
2026/09/20 10:49:40.732, 3, 239.57 W, 33, 2032 MHz, 3996 MHz, 0 %, 0 %
2026/09/20 10:49:40.732, 4, 183.25 W, 35, 120 MHz, 3996 MHz, 0 %, 0 %
2026/09/20 10:49:40.732, 5, 181.42 W, 33, 120 MHz, 3996 MHz, 0 %, 0 %
2026/09/20 10:49:40.732, 6, 180.72 W, 29, 120 MHz, 3996 MHz, 0 %, 0 %
2026/09/20 10:49:40.732, 7, 184.09 W, 30, 120 MHz, 3996 MHz, 0 %, 0 %
2026/09/20 10:49:41.732, 0, 235.50 W, 39, 2032 MHz, 3996 MHz, 0 %, 0 %
2026/09/20 10:49:41.732, 1, 237.83 W, 40, 2032 MHz, 3996 MHz, 0 %, 0 %
2026/09/20 10:49:41.732, 2, 227.92 W, 33, 2032 MHz, 3996 MHz, 0 %, 0 %
2026/09/20 10:49:41.732, 3, 232.89 W, 33, 2032 MHz, 3996 MHz, 0 %, 0 %
2026/09/20 10:49:41.732, 4, 183.25 W, 35, 120 MHz, 3996 MHz, 0 %, 0 %
2026/09/20 10:49:41.733, 5, 181.34 W, 33, 120 MHz, 3996 MHz, 0 %, 0 %
2026/09/20 10:49:41.733, 6, 180.82 W, 29, 120 MHz, 3996 MHz, 0 %, 0 %
2026/09/20 10:49:41.733, 7, 184.09 W, 30, 120 MHz, 3996 MHz, 0 %, 0 %
2026/09/20 10:49:42.733, 0, 235.27 W, 39, 2032 MHz, 3996 MHz, 0 %, 0 %
2026/09/20 10:49:42.733, 1, 237.83 W, 40, 2032 MHz, 3996 MHz, 0 %, 0 %
2026/09/20 10:49:42.733, 2, 227.93 W, 33, 2032 MHz, 3996 MHz, 0 %, 0 %
2026/09/20 10:49:42.733, 3, 232.64 W, 32, 2032 MHz, 3996 MHz, 0 %, 0 %
2026/09/20 10:49:42.733, 4, 183.25 W, 35, 120 MHz, 3996 MHz, 0 %, 0 %
2026/09/20 10:49:42.733, 5, 181.38 W, 33, 120 MHz, 3996 MHz, 0 %, 0 %
2026/09/20 10:49:42.733, 6, 180.79 W, 29, 120 MHz, 3996 MHz, 0 %, 0 %
2026/09/20 10:49:42.733, 7, 184.09 W, 30, 120 MHz, 3996 MHz, 0 %, 0 %
2026/09/20 10:49:43.733, 0, 235.07 W, 39, 2032 MHz, 3996 MHz, 0 %, 0 %
2026/09/20 10:49:43.733, 1, 237.83 W, 40, 2032 MHz, 3996 MHz, 0 %, 0 %
2026/09/20 10:49:43.733, 2, 227.93 W, 33, 2032 MHz, 3996 MHz, 0 %, 0 %
2026/09/20 10:49:43.733, 3, 232.48 W, 32, 2032 MHz, 3996 MHz, 0 %, 0 %
2026/09/20 10:49:43.733, 4, 183.25 W, 35, 120 MHz, 3996 MHz, 0 %, 0 %
2026/09/20 10:49:43.733, 5, 181.34 W, 33, 120 MHz, 3996 MHz, 0 %, 0 %
2026/09/20 10:49:43.733, 6, 180.91 W, 29, 120 MHz, 3996 MHz, 0 %, 0 %
2026/09/20 10:49:43.733, 7, 184.09 W, 30, 120 MHz, 3996 MHz, 0 %, 0 %
2026/09/20 10:49:44.733, 0, 234.92 W, 39, 2032 MHz, 3996 MHz, 0 %, 0 %
2026/09/20 10:49:44.733, 1, 237.83 W, 40, 2032 MHz, 3996 MHz, 0 %, 0 %
2026/09/20 10:49:44.733, 2, 227.93 W, 33, 2032 MHz, 3996 MHz, 0 %, 0 %
2026/09/20 10:49:44.733, 3, 232.01 W, 32, 2032 MHz, 3996 MHz, 0 %, 0 %
2026/09/20 10:49:44.733, 4, 183.25 W, 35, 120 MHz, 3996 MHz, 0 %, 0 %
2026/09/20 10:49:44.733, 5, 181.34 W, 33, 120 MHz, 3996 MHz, 0 %, 0 %
2026/09/20 10:49:44.733, 6, 180.67 W, 29, 120 MHz, 3996 MHz, 0 %, 0 %
2026/09/20 10:49:44.733, 7, 184.09 W, 30, 120 MHz, 3996 MHz, 0 %, 0 %
2026/09/20 10:49:45.734, 0, 234.83 W, 39, 2032 MHz, 3996 MHz, 0 %, 0 %
2026/09/20 10:49:45.734, 1, 237.83 W, 40, 2032 MHz, 3996 MHz, 0 %, 0 %
2026/09/20 10:49:45.734, 2, 227.93 W, 32, 2032 MHz, 3996 MHz, 0 %, 0 %
2026/09/20 10:49:45.734, 3, 232.26 W, 32, 2032 MHz, 3996 MHz, 0 %, 0 %
2026/09/20 10:49:45.734, 4, 183.25 W, 35, 120 MHz, 3996 MHz, 0 %, 0 %
2026/09/20 10:49:45.734, 5, 181.38 W, 33, 120 MHz, 3996 MHz, 0 %, 0 %
2026/09/20 10:49:45.734, 6, 180.44 W, 29, 120 MHz, 3996 MHz, 0 %, 0 %
2026/09/20 10:49:45.734, 7, 184.09 W, 30, 120 MHz, 3996 MHz, 0 %, 0 %
2026/09/20 10:49:46.734, 0, 234.87 W, 39, 2032 MHz, 3996 MHz, 0 %, 0 %
2026/09/20 10:49:46.734, 1, 237.79 W, 40, 2032 MHz, 3996 MHz, 0 %, 0 %
2026/09/20 10:49:46.734, 2, 227.93 W, 32, 2032 MHz, 3996 MHz, 0 %, 0 %
2026/09/20 10:49:46.734, 3, 232.24 W, 32, 2032 MHz, 3996 MHz, 0 %, 0 %
2026/09/20 10:49:46.734, 4, 183.25 W, 35, 120 MHz, 3996 MHz, 0 %, 0 %
2026/09/20 10:49:46.734, 5, 181.42 W, 33, 120 MHz, 3996 MHz, 0 %, 0 %
2026/09/20 10:49:46.734, 6, 180.56 W, 29, 120 MHz, 3996 MHz, 0 %, 0 %
2026/09/20 10:49:46.734, 7, 184.09 W, 30, 120 MHz, 3996 MHz, 0 %, 0 %
2026/09/20 10:49:47.734, 0, 234.05 W, 39, 2032 MHz, 3996 MHz, 0 %, 0 %
2026/09/20 10:49:47.734, 1, 237.68 W, 40, 2032 MHz, 3996 MHz, 0 %, 0 %
2026/09/20 10:49:47.734, 2, 227.93 W, 32, 2032 MHz, 3996 MHz, 0 %, 0 %
2026/09/20 10:49:47.734, 3, 231.82 W, 32, 2032 MHz, 3996 MHz, 0 %, 0 %
2026/09/20 10:49:47.734, 4, 183.25 W, 35, 120 MHz, 3996 MHz, 0 %, 0 %
2026/09/20 10:49:47.734, 5, 181.38 W, 33, 120 MHz, 3996 MHz, 0 %, 0 %
2026/09/20 10:49:47.734, 6, 180.63 W, 29, 120 MHz, 3996 MHz, 0 %, 0 %
2026/09/20 10:49:47.734, 7, 184.09 W, 30, 120 MHz, 3996 MHz, 0 %, 0 %
2026/09/20 10:49:48.734, 0, 234.05 W, 39, 2032 MHz, 3996 MHz, 0 %, 0 %
2026/09/20 10:49:48.734, 1, 237.83 W, 40, 2032 MHz, 3996 MHz, 0 %, 0 %
2026/09/20 10:49:48.734, 2, 227.93 W, 32, 2032 MHz, 3996 MHz, 0 %, 0 %
2026/09/20 10:49:48.734, 3, 231.89 W, 32, 2032 MHz, 3996 MHz, 0 %, 0 %
2026/09/20 10:49:48.735, 4, 183.25 W, 35, 120 MHz, 3996 MHz, 0 %, 0 %
2026/09/20 10:49:48.735, 5, 181.42 W, 33, 120 MHz, 3996 MHz, 0 %, 0 %
2026/09/20 10:49:48.735, 6, 180.45 W, 29, 120 MHz, 3996 MHz, 0 %, 0 %
2026/09/20 10:49:48.735, 7, 184.09 W, 30, 120 MHz, 3996 MHz, 0 %, 0 %
2026/09/20 10:49:49.735, 0, 233.93 W, 39, 2032 MHz, 3996 MHz, 0 %, 0 %
2026/09/20 10:49:49.735, 1, 237.79 W, 40, 2032 MHz, 3996 MHz, 0 %, 0 %
2026/09/20 10:49:49.735, 2, 227.93 W, 32, 2032 MHz, 3996 MHz, 0 %, 0 %
2026/09/20 10:49:49.735, 3, 231.94 W, 32, 2032 MHz, 3996 MHz, 0 %, 0 %
2026/09/20 10:49:49.735, 4, 183.25 W, 35, 120 MHz, 3996 MHz, 0 %, 0 %
2026/09/20 10:49:49.735, 5, 181.34 W, 33, 120 MHz, 3996 MHz, 0 %, 0 %
2026/09/20 10:49:49.735, 6, 180.56 W, 29, 120 MHz, 3996 MHz, 0 %, 0 %
2026/09/20 10:49:49.735, 7, 184.09 W, 30, 120 MHz, 3996 MHz, 0 %, 0 %
2026/09/20 10:49:50.735, 0, 233.82 W, 38, 2032 MHz, 3996 MHz, 0 %, 0 %
2026/09/20 10:49:50.735, 1, 237.75 W, 40, 2032 MHz, 3996 MHz, 0 %, 0 %
2026/09/20 10:49:50.735, 2, 227.93 W, 32, 2032 MHz, 3996 MHz, 0 %, 0 %
2026/09/20 10:49:50.735, 3, 231.90 W, 32, 2032 MHz, 3996 MHz, 0 %, 0 %
2026/09/20 10:49:50.735, 4, 183.25 W, 35, 120 MHz, 3996 MHz, 0 %, 0 %
2026/09/20 10:49:50.735, 5, 181.42 W, 33, 120 MHz, 3996 MHz, 0 %, 0 %
2026/09/20 10:49:50.735, 6, 180.52 W, 29, 120 MHz, 3996 MHz, 0 %, 0 %
2026/09/20 10:49:50.735, 7, 184.09 W, 30, 120 MHz, 3996 MHz, 0 %, 0 %
2026/09/20 10:49:51.735, 0, 233.81 W, 38, 2032 MHz, 3996 MHz, 0 %, 0 %
2026/09/20 10:49:51.735, 1, 237.71 W, 40, 2032 MHz, 3996 MHz, 0 %, 0 %
2026/09/20 10:49:51.735, 2, 227.92 W, 32, 2032 MHz, 3996 MHz, 0 %, 0 %
2026/09/20 10:49:51.735, 3, 231.69 W, 32, 2032 MHz, 3996 MHz, 0 %, 0 %
2026/09/20 10:49:51.735, 4, 183.25 W, 35, 120 MHz, 3996 MHz, 0 %, 0 %
2026/09/20 10:49:51.735, 5, 181.42 W, 33, 120 MHz, 3996 MHz, 0 %, 0 %
2026/09/20 10:49:51.735, 6, 180.56 W, 29, 120 MHz, 3996 MHz, 0 %, 0 %
2026/09/20 10:49:51.735, 7, 184.09 W, 30, 120 MHz, 3996 MHz, 0 %, 0 %
2026/09/20 10:49:52.735, 0, 233.78 W, 38, 2032 MHz, 3996 MHz, 0 %, 0 %
2026/09/20 10:49:52.735, 1, 237.76 W, 40, 2032 MHz, 3996 MHz, 0 %, 0 %
2026/09/20 10:49:52.736, 2, 227.93 W, 32, 2032 MHz, 3996 MHz, 0 %, 0 %
2026/09/20 10:49:52.736, 3, 231.69 W, 32, 2032 MHz, 3996 MHz, 0 %, 0 %
2026/09/20 10:49:52.736, 4, 183.25 W, 35, 120 MHz, 3996 MHz, 0 %, 0 %
2026/09/20 10:49:52.736, 5, 181.42 W, 33, 120 MHz, 3996 MHz, 0 %, 0 %
2026/09/20 10:49:52.736, 6, 180.53 W, 29, 120 MHz, 3996 MHz, 0 %, 0 %
2026/09/20 10:49:52.736, 7, 184.09 W, 30, 120 MHz, 3996 MHz, 0 %, 0 %
2026/09/20 10:49:53.736, 0, 239.78 W, 39, 2032 MHz, 3996 MHz, 63 %, 0 %
2026/09/20 10:49:53.736, 1, 242.84 W, 40, 2032 MHz, 3996 MHz, 14 %, 7 %
2026/09/20 10:49:53.736, 2, 232.99 W, 33, 2032 MHz, 3996 MHz, 2 %, 0 %
2026/09/20 10:49:53.736, 3, 237.37 W, 32, 2032 MHz, 3996 MHz, 13 %, 3 %
2026/09/20 10:49:53.736, 4, 183.25 W, 35, 120 MHz, 3996 MHz, 0 %, 0 %
2026/09/20 10:49:53.736, 5, 181.38 W, 33, 120 MHz, 3996 MHz, 0 %, 0 %
2026/09/20 10:49:53.736, 6, 180.49 W, 29, 120 MHz, 3996 MHz, 0 %, 0 %
2026/09/20 10:49:53.736, 7, 184.09 W, 30, 120 MHz, 3996 MHz, 0 %, 0 %
2026/09/20 10:49:54.736, 0, 255.27 W, 38, 2032 MHz, 3996 MHz, 0 %, 0 %
2026/09/20 10:49:54.736, 1, 256.59 W, 40, 2032 MHz, 3996 MHz, 0 %, 0 %
2026/09/20 10:49:54.736, 2, 246.34 W, 32, 2032 MHz, 3996 MHz, 0 %, 0 %
2026/09/20 10:49:54.736, 3, 252.49 W, 32, 2032 MHz, 3996 MHz, 0 %, 0 %
2026/09/20 10:49:54.736, 4, 183.25 W, 35, 120 MHz, 3996 MHz, 0 %, 0 %
2026/09/20 10:49:54.736, 5, 181.42 W, 33, 120 MHz, 3996 MHz, 0 %, 0 %
2026/09/20 10:49:54.736, 6, 180.78 W, 29, 120 MHz, 3996 MHz, 0 %, 0 %
2026/09/20 10:49:54.736, 7, 184.09 W, 30, 120 MHz, 3996 MHz, 0 %, 0 %
2026/09/20 10:49:55.736, 0, 233.82 W, 38, 2032 MHz, 3996 MHz, 0 %, 0 %
2026/09/20 10:49:55.736, 1, 237.83 W, 40, 2032 MHz, 3996 MHz, 0 %, 0 %
2026/09/20 10:49:55.736, 2, 227.93 W, 32, 2032 MHz, 3996 MHz, 0 %, 0 %
2026/09/20 10:49:55.736, 3, 231.78 W, 32, 2032 MHz, 3996 MHz, 0 %, 0 %
2026/09/20 10:49:55.736, 4, 183.25 W, 35, 120 MHz, 3996 MHz, 0 %, 0 %
2026/09/20 10:49:55.736, 5, 181.38 W, 33, 120 MHz, 3996 MHz, 0 %, 0 %
2026/09/20 10:49:55.736, 6, 180.92 W, 29, 120 MHz, 3996 MHz, 0 %, 0 %
2026/09/20 10:49:55.736, 7, 184.09 W, 30, 120 MHz, 3996 MHz, 0 %, 0 %
2026/09/20 10:49:56.737, 0, 233.78 W, 38, 2032 MHz, 3996 MHz, 0 %, 0 %
2026/09/20 10:49:56.737, 1, 237.72 W, 40, 2032 MHz, 3996 MHz, 0 %, 0 %
2026/09/20 10:49:56.737, 2, 227.93 W, 32, 2032 MHz, 3996 MHz, 0 %, 0 %
2026/09/20 10:49:56.737, 3, 231.76 W, 32, 2032 MHz, 3996 MHz, 0 %, 0 %
2026/09/20 10:49:56.737, 4, 183.25 W, 35, 120 MHz, 3996 MHz, 0 %, 0 %
2026/09/20 10:49:56.737, 5, 181.34 W, 33, 120 MHz, 3996 MHz, 0 %, 0 %
2026/09/20 10:49:56.737, 6, 180.63 W, 29, 120 MHz, 3996 MHz, 0 %, 0 %
2026/09/20 10:49:56.737, 7, 184.09 W, 30, 120 MHz, 3996 MHz, 0 %, 0 %
2026/09/20 10:49:57.737, 0, 233.82 W, 38, 2032 MHz, 3996 MHz, 0 %, 0 %
2026/09/20 10:49:57.737, 1, 237.83 W, 40, 2032 MHz, 3996 MHz, 0 %, 0 %
2026/09/20 10:49:57.737, 2, 227.93 W, 32, 2032 MHz, 3996 MHz, 0 %, 0 %
2026/09/20 10:49:57.737, 3, 231.81 W, 32, 2032 MHz, 3996 MHz, 0 %, 0 %
2026/09/20 10:49:57.737, 4, 183.25 W, 35, 120 MHz, 3996 MHz, 0 %, 0 %
2026/09/20 10:49:57.737, 5, 181.34 W, 33, 120 MHz, 3996 MHz, 0 %, 0 %
2026/09/20 10:49:57.737, 6, 180.71 W, 29, 120 MHz, 3996 MHz, 0 %, 0 %
2026/09/20 10:49:57.737, 7, 184.09 W, 30, 120 MHz, 3996 MHz, 0 %, 0 %
2026/09/20 10:49:58.737, 0, 235.26 W, 38, 2032 MHz, 3996 MHz, 2 %, 0 %
2026/09/20 10:49:58.737, 1, 239.08 W, 40, 2032 MHz, 3996 MHz, 100 %, 0 %
2026/09/20 10:49:58.737, 2, 229.54 W, 32, 2032 MHz, 3996 MHz, 100 %, 0 %
2026/09/20 10:49:58.737, 3, 233.07 W, 32, 2032 MHz, 3996 MHz, 100 %, 0 %
2026/09/20 10:49:58.737, 4, 183.25 W, 35, 120 MHz, 3996 MHz, 0 %, 0 %
2026/09/20 10:49:58.737, 5, 181.42 W, 33, 120 MHz, 3996 MHz, 0 %, 0 %
2026/09/20 10:49:58.737, 6, 180.68 W, 29, 120 MHz, 3996 MHz, 0 %, 0 %
2026/09/20 10:49:58.737, 7, 184.09 W, 30, 120 MHz, 3996 MHz, 0 %, 0 %
2026/09/20 10:49:59.737, 0, 242.56 W, 38, 2032 MHz, 3996 MHz, 0 %, 0 %
2026/09/20 10:49:59.737, 1, 245.43 W, 40, 2032 MHz, 3996 MHz, 0 %, 0 %
2026/09/20 10:49:59.737, 2, 234.48 W, 32, 2032 MHz, 3996 MHz, 0 %, 0 %
2026/09/20 10:49:59.737, 3, 240.17 W, 32, 2032 MHz, 3996 MHz, 0 %, 0 %
2026/09/20 10:49:59.738, 4, 183.25 W, 35, 120 MHz, 3996 MHz, 0 %, 0 %
2026/09/20 10:49:59.738, 5, 181.42 W, 33, 120 MHz, 3996 MHz, 0 %, 0 %
2026/09/20 10:49:59.738, 6, 180.60 W, 29, 120 MHz, 3996 MHz, 0 %, 0 %
2026/09/20 10:49:59.738, 7, 184.09 W, 30, 120 MHz, 3996 MHz, 0 %, 0 %
2026/09/20 10:50:00.738, 0, 233.86 W, 38, 2032 MHz, 3996 MHz, 0 %, 0 %
2026/09/20 10:50:00.738, 1, 237.68 W, 40, 2032 MHz, 3996 MHz, 0 %, 0 %
2026/09/20 10:50:00.738, 2, 227.85 W, 32, 2032 MHz, 3996 MHz, 0 %, 0 %
2026/09/20 10:50:00.738, 3, 231.62 W, 32, 2032 MHz, 3996 MHz, 0 %, 0 %
2026/09/20 10:50:00.738, 4, 183.25 W, 35, 120 MHz, 3996 MHz, 0 %, 0 %
2026/09/20 10:50:00.738, 5, 181.34 W, 33, 120 MHz, 3996 MHz, 0 %, 0 %
2026/09/20 10:50:00.738, 6, 180.44 W, 29, 120 MHz, 3996 MHz, 0 %, 0 %
2026/09/20 10:50:00.738, 7, 184.09 W, 30, 120 MHz, 3996 MHz, 0 %, 0 %
2026/09/20 10:50:01.738, 0, 233.82 W, 38, 2032 MHz, 3996 MHz, 0 %, 0 %
2026/09/20 10:50:01.738, 1, 237.68 W, 40, 2032 MHz, 3996 MHz, 0 %, 0 %
2026/09/20 10:50:01.738, 2, 227.81 W, 32, 2032 MHz, 3996 MHz, 0 %, 0 %
2026/09/20 10:50:01.738, 3, 231.70 W, 32, 2032 MHz, 3996 MHz, 0 %, 0 %
2026/09/20 10:50:01.738, 4, 183.29 W, 35, 120 MHz, 3996 MHz, 0 %, 0 %
2026/09/20 10:50:01.738, 5, 181.38 W, 33, 120 MHz, 3996 MHz, 0 %, 0 %
2026/09/20 10:50:01.738, 6, 180.63 W, 29, 120 MHz, 3996 MHz, 0 %, 0 %
2026/09/20 10:50:01.738, 7, 184.09 W, 30, 120 MHz, 3996 MHz, 0 %, 0 %
2026/09/20 10:50:02.738, 0, 233.78 W, 38, 2032 MHz, 3996 MHz, 0 %, 0 %
2026/09/20 10:50:02.738, 1, 237.56 W, 40, 2032 MHz, 3996 MHz, 0 %, 0 %
2026/09/20 10:50:02.738, 2, 227.90 W, 32, 2032 MHz, 3996 MHz, 0 %, 0 %
2026/09/20 10:50:02.738, 3, 231.61 W, 32, 2032 MHz, 3996 MHz, 0 %, 0 %
2026/09/20 10:50:02.738, 4, 183.25 W, 35, 120 MHz, 3996 MHz, 0 %, 0 %
2026/09/20 10:50:02.738, 5, 181.42 W, 33, 120 MHz, 3996 MHz, 0 %, 0 %
2026/09/20 10:50:02.738, 6, 180.52 W, 29, 120 MHz, 3996 MHz, 0 %, 0 %
2026/09/20 10:50:02.738, 7, 184.09 W, 30, 120 MHz, 3996 MHz, 0 %, 0 %
2026/09/20 10:50:03.739, 0, 233.78 W, 38, 2032 MHz, 3996 MHz, 0 %, 0 %
2026/09/20 10:50:03.739, 1, 237.44 W, 40, 2032 MHz, 3996 MHz, 0 %, 0 %
2026/09/20 10:50:03.739, 2, 227.91 W, 32, 2032 MHz, 3996 MHz, 0 %, 0 %
2026/09/20 10:50:03.739, 3, 231.66 W, 32, 2032 MHz, 3996 MHz, 0 %, 0 %
2026/09/20 10:50:03.739, 4, 183.25 W, 35, 120 MHz, 3996 MHz, 0 %, 0 %
2026/09/20 10:50:03.739, 5, 181.42 W, 33, 120 MHz, 3996 MHz, 0 %, 0 %
2026/09/20 10:50:03.739, 6, 180.60 W, 29, 120 MHz, 3996 MHz, 0 %, 0 %
2026/09/20 10:50:03.739, 7, 184.09 W, 30, 120 MHz, 3996 MHz, 0 %, 0 %
2026/09/20 10:50:04.739, 0, 233.78 W, 38, 2032 MHz, 3996 MHz, 0 %, 0 %
2026/09/20 10:50:04.739, 1, 237.56 W, 40, 2032 MHz, 3996 MHz, 0 %, 0 %
2026/09/20 10:50:04.739, 2, 227.78 W, 32, 2032 MHz, 3996 MHz, 0 %, 0 %
2026/09/20 10:50:04.739, 3, 231.60 W, 32, 2032 MHz, 3996 MHz, 0 %, 0 %
2026/09/20 10:50:04.739, 4, 183.25 W, 35, 120 MHz, 3996 MHz, 0 %, 0 %
2026/09/20 10:50:04.739, 5, 181.38 W, 33, 120 MHz, 3996 MHz, 0 %, 0 %
2026/09/20 10:50:04.739, 6, 180.52 W, 29, 120 MHz, 3996 MHz, 0 %, 0 %
2026/09/20 10:50:04.739, 7, 184.09 W, 30, 120 MHz, 3996 MHz, 0 %, 0 %
2026/09/20 10:50:05.739, 0, 233.78 W, 38, 2032 MHz, 3996 MHz, 0 %, 0 %
2026/09/20 10:50:05.739, 1, 237.38 W, 39, 2032 MHz, 3996 MHz, 0 %, 0 %
2026/09/20 10:50:05.739, 2, 227.86 W, 32, 2032 MHz, 3996 MHz, 0 %, 0 %
2026/09/20 10:50:05.739, 3, 231.59 W, 32, 2032 MHz, 3996 MHz, 0 %, 0 %
2026/09/20 10:50:05.739, 4, 183.25 W, 35, 120 MHz, 3996 MHz, 0 %, 0 %
2026/09/20 10:50:05.739, 5, 181.34 W, 33, 120 MHz, 3996 MHz, 0 %, 0 %
2026/09/20 10:50:05.739, 6, 180.75 W, 29, 120 MHz, 3996 MHz, 0 %, 0 %
2026/09/20 10:50:05.739, 7, 184.09 W, 30, 120 MHz, 3996 MHz, 0 %, 0 %
2026/09/20 10:50:06.739, 0, 233.78 W, 38, 2032 MHz, 3996 MHz, 0 %, 0 %
2026/09/20 10:50:06.739, 1, 237.49 W, 39, 2032 MHz, 3996 MHz, 0 %, 0 %
2026/09/20 10:50:06.739, 2, 227.88 W, 32, 2032 MHz, 3996 MHz, 0 %, 0 %
2026/09/20 10:50:06.740, 3, 231.61 W, 32, 2032 MHz, 3996 MHz, 0 %, 0 %
2026/09/20 10:50:06.740, 4, 183.25 W, 35, 120 MHz, 3996 MHz, 0 %, 0 %
2026/09/20 10:50:06.740, 5, 181.42 W, 33, 120 MHz, 3996 MHz, 0 %, 0 %
2026/09/20 10:50:06.740, 6, 180.72 W, 29, 120 MHz, 3996 MHz, 0 %, 0 %
2026/09/20 10:50:06.740, 7, 184.09 W, 30, 120 MHz, 3996 MHz, 0 %, 0 %
2026/09/20 10:50:07.740, 0, 233.78 W, 38, 2032 MHz, 3996 MHz, 0 %, 0 %
2026/09/20 10:50:07.740, 1, 237.33 W, 39, 2032 MHz, 3996 MHz, 0 %, 0 %
2026/09/20 10:50:07.740, 2, 227.81 W, 32, 2032 MHz, 3996 MHz, 0 %, 0 %
2026/09/20 10:50:07.740, 3, 231.58 W, 32, 2032 MHz, 3996 MHz, 0 %, 0 %
2026/09/20 10:50:07.740, 4, 183.25 W, 35, 120 MHz, 3996 MHz, 0 %, 0 %
2026/09/20 10:50:07.740, 5, 181.38 W, 33, 120 MHz, 3996 MHz, 0 %, 0 %
2026/09/20 10:50:07.740, 6, 180.67 W, 29, 120 MHz, 3996 MHz, 0 %, 0 %
2026/09/20 10:50:07.740, 7, 184.09 W, 30, 120 MHz, 3996 MHz, 0 %, 0 %
2026/09/20 10:50:08.740, 0, 233.78 W, 38, 2032 MHz, 3996 MHz, 0 %, 0 %
2026/09/20 10:50:08.740, 1, 237.25 W, 39, 2032 MHz, 3996 MHz, 0 %, 0 %
2026/09/20 10:50:08.740, 2, 227.69 W, 32, 2032 MHz, 3996 MHz, 0 %, 0 %
2026/09/20 10:50:08.740, 3, 231.55 W, 32, 2032 MHz, 3996 MHz, 0 %, 0 %
2026/09/20 10:50:08.740, 4, 183.25 W, 35, 120 MHz, 3996 MHz, 0 %, 0 %
2026/09/20 10:50:08.740, 5, 181.38 W, 33, 120 MHz, 3996 MHz, 0 %, 0 %
2026/09/20 10:50:08.740, 6, 180.71 W, 29, 120 MHz, 3996 MHz, 0 %, 0 %
2026/09/20 10:50:08.740, 7, 184.09 W, 30, 120 MHz, 3996 MHz, 0 %, 0 %
2026/09/20 10:50:09.740, 0, 233.78 W, 38, 2032 MHz, 3996 MHz, 0 %, 0 %
2026/09/20 10:50:09.740, 1, 237.26 W, 39, 2032 MHz, 3996 MHz, 0 %, 0 %
2026/09/20 10:50:09.740, 2, 227.80 W, 32, 2032 MHz, 3996 MHz, 0 %, 0 %
2026/09/20 10:50:09.740, 3, 231.58 W, 32, 2032 MHz, 3996 MHz, 0 %, 0 %
2026/09/20 10:50:09.740, 4, 183.25 W, 35, 120 MHz, 3996 MHz, 0 %, 0 %
2026/09/20 10:50:09.740, 5, 181.38 W, 33, 120 MHz, 3996 MHz, 0 %, 0 %
2026/09/20 10:50:09.740, 6, 180.76 W, 29, 120 MHz, 3996 MHz, 0 %, 0 %
2026/09/20 10:50:09.740, 7, 184.09 W, 30, 120 MHz, 3996 MHz, 0 %, 0 %
2026/09/20 10:50:10.741, 0, 233.78 W, 38, 2032 MHz, 3996 MHz, 0 %, 0 %
2026/09/20 10:50:10.741, 1, 237.21 W, 39, 2032 MHz, 3996 MHz, 0 %, 0 %
2026/09/20 10:50:10.741, 2, 227.81 W, 32, 2032 MHz, 3996 MHz, 0 %, 0 %
2026/09/20 10:50:10.741, 3, 231.49 W, 32, 2032 MHz, 3996 MHz, 0 %, 0 %
2026/09/20 10:50:10.741, 4, 183.25 W, 35, 120 MHz, 3996 MHz, 0 %, 0 %
2026/09/20 10:50:10.741, 5, 181.42 W, 33, 120 MHz, 3996 MHz, 0 %, 0 %
2026/09/20 10:50:10.741, 6, 180.41 W, 29, 120 MHz, 3996 MHz, 0 %, 0 %
2026/09/20 10:50:10.741, 7, 184.09 W, 30, 120 MHz, 3996 MHz, 0 %, 0 %
2026/09/20 10:50:11.741, 0, 233.78 W, 38, 2032 MHz, 3996 MHz, 0 %, 0 %
2026/09/20 10:50:11.741, 1, 236.95 W, 39, 2032 MHz, 3996 MHz, 0 %, 0 %
2026/09/20 10:50:11.741, 2, 227.74 W, 32, 2032 MHz, 3996 MHz, 0 %, 0 %
2026/09/20 10:50:11.741, 3, 231.58 W, 32, 2032 MHz, 3996 MHz, 0 %, 0 %
2026/09/20 10:50:11.741, 4, 183.25 W, 35, 120 MHz, 3996 MHz, 0 %, 0 %
2026/09/20 10:50:11.741, 5, 181.42 W, 33, 120 MHz, 3996 MHz, 0 %, 0 %
2026/09/20 10:50:11.741, 6, 180.56 W, 29, 120 MHz, 3996 MHz, 0 %, 0 %
2026/09/20 10:50:11.741, 7, 184.09 W, 30, 120 MHz, 3996 MHz, 0 %, 0 %
2026/09/20 10:50:12.741, 0, 233.78 W, 38, 2032 MHz, 3996 MHz, 0 %, 0 %
2026/09/20 10:50:12.741, 1, 236.91 W, 39, 2032 MHz, 3996 MHz, 0 %, 0 %
2026/09/20 10:50:12.741, 2, 227.82 W, 32, 2032 MHz, 3996 MHz, 0 %, 0 %
2026/09/20 10:50:12.741, 3, 231.57 W, 32, 2032 MHz, 3996 MHz, 0 %, 0 %
2026/09/20 10:50:12.741, 4, 183.25 W, 35, 120 MHz, 3996 MHz, 0 %, 0 %
2026/09/20 10:50:12.741, 5, 181.38 W, 33, 120 MHz, 3996 MHz, 0 %, 0 %
2026/09/20 10:50:12.741, 6, 180.76 W, 29, 120 MHz, 3996 MHz, 0 %, 0 %
2026/09/20 10:50:12.741, 7, 184.09 W, 30, 120 MHz, 3996 MHz, 0 %, 0 %
2026/09/20 10:50:13.741, 0, 233.78 W, 38, 2032 MHz, 3996 MHz, 0 %, 0 %
2026/09/20 10:50:13.741, 1, 236.97 W, 39, 2032 MHz, 3996 MHz, 0 %, 0 %
2026/09/20 10:50:13.742, 2, 227.66 W, 32, 2032 MHz, 3996 MHz, 0 %, 0 %
2026/09/20 10:50:13.742, 3, 231.56 W, 32, 2032 MHz, 3996 MHz, 0 %, 0 %
2026/09/20 10:50:13.742, 4, 183.25 W, 35, 120 MHz, 3996 MHz, 0 %, 0 %
2026/09/20 10:50:13.742, 5, 181.42 W, 33, 120 MHz, 3996 MHz, 0 %, 0 %
2026/09/20 10:50:13.742, 6, 180.55 W, 29, 120 MHz, 3996 MHz, 0 %, 0 %
2026/09/20 10:50:13.742, 7, 184.09 W, 30, 120 MHz, 3996 MHz, 0 %, 0 %
2026/09/20 10:50:14.742, 0, 233.78 W, 38, 2032 MHz, 3996 MHz, 0 %, 0 %
2026/09/20 10:50:14.742, 1, 236.49 W, 39, 2032 MHz, 3996 MHz, 0 %, 0 %
2026/09/20 10:50:14.742, 2, 227.53 W, 32, 2032 MHz, 3996 MHz, 0 %, 0 %
2026/09/20 10:50:14.742, 3, 231.58 W, 32, 2032 MHz, 3996 MHz, 0 %, 0 %
2026/09/20 10:50:14.742, 4, 183.25 W, 35, 120 MHz, 3996 MHz, 0 %, 0 %
2026/09/20 10:50:14.742, 5, 181.38 W, 33, 120 MHz, 3996 MHz, 0 %, 0 %
2026/09/20 10:50:14.742, 6, 180.48 W, 29, 120 MHz, 3996 MHz, 0 %, 0 %
2026/09/20 10:50:14.742, 7, 184.09 W, 30, 120 MHz, 3996 MHz, 0 %, 0 %
2026/09/20 10:50:15.742, 0, 233.78 W, 38, 2032 MHz, 3996 MHz, 0 %, 0 %
2026/09/20 10:50:15.742, 1, 236.57 W, 39, 2032 MHz, 3996 MHz, 0 %, 0 %
2026/09/20 10:50:15.742, 2, 227.49 W, 32, 2032 MHz, 3996 MHz, 0 %, 0 %
2026/09/20 10:50:15.742, 3, 231.57 W, 32, 2032 MHz, 3996 MHz, 0 %, 0 %
2026/09/20 10:50:15.742, 4, 183.25 W, 35, 120 MHz, 3996 MHz, 0 %, 0 %
2026/09/20 10:50:15.742, 5, 181.42 W, 33, 120 MHz, 3996 MHz, 0 %, 0 %
2026/09/20 10:50:15.742, 6, 180.63 W, 29, 120 MHz, 3996 MHz, 0 %, 0 %
2026/09/20 10:50:15.742, 7, 184.09 W, 30, 120 MHz, 3996 MHz, 0 %, 0 %
2026/09/20 10:50:16.742, 0, 233.78 W, 38, 2032 MHz, 3996 MHz, 0 %, 0 %
2026/09/20 10:50:16.742, 1, 236.66 W, 39, 2032 MHz, 3996 MHz, 0 %, 0 %
2026/09/20 10:50:16.742, 2, 227.50 W, 32, 2032 MHz, 3996 MHz, 0 %, 0 %
2026/09/20 10:50:16.742, 3, 231.55 W, 32, 2032 MHz, 3996 MHz, 0 %, 0 %
2026/09/20 10:50:16.742, 4, 183.25 W, 35, 120 MHz, 3996 MHz, 0 %, 0 %
2026/09/20 10:50:16.742, 5, 181.38 W, 33, 120 MHz, 3996 MHz, 0 %, 0 %
2026/09/20 10:50:16.742, 6, 180.48 W, 29, 120 MHz, 3996 MHz, 0 %, 0 %
2026/09/20 10:50:16.743, 7, 184.09 W, 29, 120 MHz, 3996 MHz, 0 %, 0 %
2026/09/20 10:50:17.743, 0, 233.78 W, 38, 2032 MHz, 3996 MHz, 0 %, 0 %
2026/09/20 10:50:17.743, 1, 236.27 W, 39, 2032 MHz, 3996 MHz, 0 %, 0 %
2026/09/20 10:50:17.743, 2, 227.38 W, 32, 2032 MHz, 3996 MHz, 0 %, 0 %
2026/09/20 10:50:17.743, 3, 231.60 W, 32, 2032 MHz, 3996 MHz, 0 %, 0 %
2026/09/20 10:50:17.743, 4, 183.25 W, 35, 120 MHz, 3996 MHz, 0 %, 0 %
2026/09/20 10:50:17.743, 5, 181.38 W, 33, 120 MHz, 3996 MHz, 0 %, 0 %
2026/09/20 10:50:17.743, 6, 180.60 W, 29, 120 MHz, 3996 MHz, 0 %, 0 %
2026/09/20 10:50:17.743, 7, 184.09 W, 30, 120 MHz, 3996 MHz, 0 %, 0 %
2026/09/20 10:50:18.743, 0, 233.78 W, 38, 2032 MHz, 3996 MHz, 0 %, 0 %
2026/09/20 10:50:18.743, 1, 236.39 W, 39, 2032 MHz, 3996 MHz, 0 %, 0 %
2026/09/20 10:50:18.743, 2, 227.39 W, 32, 2032 MHz, 3996 MHz, 0 %, 0 %
2026/09/20 10:50:18.743, 3, 231.59 W, 32, 2032 MHz, 3996 MHz, 0 %, 0 %
2026/09/20 10:50:18.743, 4, 183.25 W, 35, 120 MHz, 3996 MHz, 0 %, 0 %
2026/09/20 10:50:18.743, 5, 181.42 W, 33, 120 MHz, 3996 MHz, 0 %, 0 %
2026/09/20 10:50:18.743, 6, 180.64 W, 29, 120 MHz, 3996 MHz, 0 %, 0 %
2026/09/20 10:50:18.743, 7, 184.09 W, 30, 120 MHz, 3996 MHz, 0 %, 0 %
2026/09/20 10:50:19.743, 0, 233.78 W, 38, 2032 MHz, 3996 MHz, 0 %, 0 %
2026/09/20 10:50:19.743, 1, 236.34 W, 39, 2032 MHz, 3996 MHz, 0 %, 0 %
2026/09/20 10:50:19.743, 2, 227.62 W, 32, 2032 MHz, 3996 MHz, 0 %, 0 %
2026/09/20 10:50:19.743, 3, 231.58 W, 32, 2032 MHz, 3996 MHz, 0 %, 0 %
2026/09/20 10:50:19.743, 4, 183.25 W, 35, 120 MHz, 3996 MHz, 0 %, 0 %
2026/09/20 10:50:19.743, 5, 181.42 W, 33, 120 MHz, 3996 MHz, 0 %, 0 %
2026/09/20 10:50:19.743, 6, 180.72 W, 29, 120 MHz, 3996 MHz, 0 %, 0 %
2026/09/20 10:50:19.743, 7, 184.09 W, 29, 120 MHz, 3996 MHz, 0 %, 0 %
2026/09/20 10:50:20.743, 0, 233.78 W, 38, 2032 MHz, 3996 MHz, 0 %, 0 %
2026/09/20 10:50:20.744, 1, 236.30 W, 39, 2032 MHz, 3996 MHz, 0 %, 0 %
2026/09/20 10:50:20.744, 2, 227.38 W, 32, 2032 MHz, 3996 MHz, 0 %, 0 %
2026/09/20 10:50:20.744, 3, 231.51 W, 32, 2032 MHz, 3996 MHz, 0 %, 0 %
2026/09/20 10:50:20.744, 4, 183.32 W, 35, 120 MHz, 3996 MHz, 0 %, 0 %
2026/09/20 10:50:20.744, 5, 181.42 W, 33, 120 MHz, 3996 MHz, 0 %, 0 %
2026/09/20 10:50:20.744, 6, 180.56 W, 29, 120 MHz, 3996 MHz, 0 %, 0 %
2026/09/20 10:50:20.744, 7, 184.09 W, 30, 120 MHz, 3996 MHz, 0 %, 0 %
2026/09/20 10:50:21.744, 0, 233.78 W, 38, 2032 MHz, 3996 MHz, 0 %, 0 %
2026/09/20 10:50:21.744, 1, 236.08 W, 39, 2032 MHz, 3996 MHz, 0 %, 0 %
2026/09/20 10:50:21.744, 2, 227.28 W, 32, 2032 MHz, 3996 MHz, 0 %, 0 %
2026/09/20 10:50:21.744, 3, 231.61 W, 32, 2032 MHz, 3996 MHz, 0 %, 0 %
2026/09/20 10:50:21.744, 4, 183.25 W, 35, 120 MHz, 3996 MHz, 0 %, 0 %
2026/09/20 10:50:21.744, 5, 181.42 W, 33, 120 MHz, 3996 MHz, 0 %, 0 %
2026/09/20 10:50:21.744, 6, 180.75 W, 29, 120 MHz, 3996 MHz, 0 %, 0 %
2026/09/20 10:50:21.744, 7, 184.09 W, 30, 120 MHz, 3996 MHz, 0 %, 0 %
2026/09/20 10:50:22.744, 0, 233.78 W, 38, 2032 MHz, 3996 MHz, 0 %, 0 %
2026/09/20 10:50:22.744, 1, 236.15 W, 39, 2032 MHz, 3996 MHz, 0 %, 0 %
2026/09/20 10:50:22.744, 2, 227.24 W, 32, 2032 MHz, 3996 MHz, 0 %, 0 %
2026/09/20 10:50:22.744, 3, 231.57 W, 32, 2032 MHz, 3996 MHz, 0 %, 0 %
2026/09/20 10:50:22.744, 4, 183.25 W, 35, 120 MHz, 3996 MHz, 0 %, 0 %
2026/09/20 10:50:22.744, 5, 181.34 W, 33, 120 MHz, 3996 MHz, 0 %, 0 %
2026/09/20 10:50:22.744, 6, 180.75 W, 29, 120 MHz, 3996 MHz, 0 %, 0 %
2026/09/20 10:50:22.744, 7, 184.09 W, 29, 120 MHz, 3996 MHz, 0 %, 0 %
2026/09/20 10:50:23.744, 0, 233.78 W, 38, 2032 MHz, 3996 MHz, 0 %, 0 %
2026/09/20 10:50:23.744, 1, 236.08 W, 39, 2032 MHz, 3996 MHz, 0 %, 0 %
2026/09/20 10:50:23.744, 2, 227.38 W, 32, 2032 MHz, 3996 MHz, 0 %, 0 %
2026/09/20 10:50:23.744, 3, 231.57 W, 32, 2032 MHz, 3996 MHz, 0 %, 0 %
2026/09/20 10:50:23.744, 4, 183.25 W, 35, 120 MHz, 3996 MHz, 0 %, 0 %
2026/09/20 10:50:23.745, 5, 181.38 W, 33, 120 MHz, 3996 MHz, 0 %, 0 %
2026/09/20 10:50:23.745, 6, 180.53 W, 29, 120 MHz, 3996 MHz, 0 %, 0 %
2026/09/20 10:50:23.745, 7, 184.09 W, 30, 120 MHz, 3996 MHz, 0 %, 0 %
2026/09/20 10:50:24.745, 0, 233.78 W, 38, 2032 MHz, 3996 MHz, 0 %, 0 %
2026/09/20 10:50:24.745, 1, 236.26 W, 39, 2032 MHz, 3996 MHz, 0 %, 0 %
2026/09/20 10:50:24.745, 2, 227.28 W, 32, 2032 MHz, 3996 MHz, 0 %, 0 %
2026/09/20 10:50:24.745, 3, 231.59 W, 32, 2032 MHz, 3996 MHz, 0 %, 0 %
2026/09/20 10:50:24.745, 4, 183.25 W, 35, 120 MHz, 3996 MHz, 0 %, 0 %
2026/09/20 10:50:24.745, 5, 181.42 W, 33, 120 MHz, 3996 MHz, 0 %, 0 %
2026/09/20 10:50:24.745, 6, 180.76 W, 29, 120 MHz, 3996 MHz, 0 %, 0 %
2026/09/20 10:50:24.745, 7, 184.09 W, 29, 120 MHz, 3996 MHz, 0 %, 0 %
2026/09/20 10:50:25.745, 0, 233.78 W, 38, 2032 MHz, 3996 MHz, 0 %, 0 %
2026/09/20 10:50:25.745, 1, 236.00 W, 39, 2032 MHz, 3996 MHz, 0 %, 0 %
2026/09/20 10:50:25.745, 2, 227.15 W, 32, 2032 MHz, 3996 MHz, 0 %, 0 %
2026/09/20 10:50:25.745, 3, 231.58 W, 31, 2032 MHz, 3996 MHz, 0 %, 0 %
2026/09/20 10:50:25.745, 4, 183.25 W, 35, 120 MHz, 3996 MHz, 0 %, 0 %
2026/09/20 10:50:25.745, 5, 181.42 W, 33, 120 MHz, 3996 MHz, 0 %, 0 %
2026/09/20 10:50:25.745, 6, 180.52 W, 29, 120 MHz, 3996 MHz, 0 %, 0 %
2026/09/20 10:50:25.745, 7, 184.09 W, 29, 120 MHz, 3996 MHz, 0 %, 0 %
2026/09/20 10:50:26.745, 0, 233.78 W, 38, 2032 MHz, 3996 MHz, 0 %, 0 %
2026/09/20 10:50:26.745, 1, 236.27 W, 39, 2032 MHz, 3996 MHz, 0 %, 0 %
2026/09/20 10:50:26.745, 2, 227.31 W, 32, 2032 MHz, 3996 MHz, 0 %, 0 %
2026/09/20 10:50:26.746, 3, 231.56 W, 31, 2032 MHz, 3996 MHz, 0 %, 0 %
2026/09/20 10:50:26.746, 4, 183.29 W, 35, 120 MHz, 3996 MHz, 0 %, 0 %
2026/09/20 10:50:26.746, 5, 181.42 W, 33, 120 MHz, 3996 MHz, 0 %, 0 %
2026/09/20 10:50:26.746, 6, 180.64 W, 29, 120 MHz, 3996 MHz, 0 %, 0 %
2026/09/20 10:50:26.746, 7, 184.09 W, 29, 120 MHz, 3996 MHz, 0 %, 0 %
2026/09/20 10:50:27.746, 0, 233.78 W, 38, 2032 MHz, 3996 MHz, 0 %, 0 %
2026/09/20 10:50:27.746, 1, 236.04 W, 39, 2032 MHz, 3996 MHz, 0 %, 0 %
2026/09/20 10:50:27.746, 2, 226.98 W, 32, 2032 MHz, 3996 MHz, 0 %, 0 %
2026/09/20 10:50:27.746, 3, 231.59 W, 31, 2032 MHz, 3996 MHz, 0 %, 0 %
2026/09/20 10:50:27.746, 4, 183.25 W, 35, 120 MHz, 3996 MHz, 0 %, 0 %
2026/09/20 10:50:27.746, 5, 181.38 W, 33, 120 MHz, 3996 MHz, 0 %, 0 %
2026/09/20 10:50:27.746, 6, 180.49 W, 29, 120 MHz, 3996 MHz, 0 %, 0 %
2026/09/20 10:50:27.746, 7, 184.09 W, 29, 120 MHz, 3996 MHz, 0 %, 0 %
2026/09/20 10:50:28.746, 0, 233.78 W, 38, 2032 MHz, 3996 MHz, 0 %, 0 %
2026/09/20 10:50:28.746, 1, 235.92 W, 39, 2032 MHz, 3996 MHz, 0 %, 0 %
2026/09/20 10:50:28.746, 2, 227.07 W, 32, 2032 MHz, 3996 MHz, 0 %, 0 %
2026/09/20 10:50:28.746, 3, 231.53 W, 31, 2032 MHz, 3996 MHz, 0 %, 0 %
2026/09/20 10:50:28.746, 4, 183.25 W, 35, 120 MHz, 3996 MHz, 0 %, 0 %
2026/09/20 10:50:28.746, 5, 181.42 W, 33, 120 MHz, 3996 MHz, 0 %, 0 %
2026/09/20 10:50:28.746, 6, 180.48 W, 29, 120 MHz, 3996 MHz, 0 %, 0 %
2026/09/20 10:50:28.746, 7, 184.09 W, 29, 120 MHz, 3996 MHz, 0 %, 0 %
2026/09/20 10:50:29.746, 0, 233.78 W, 38, 2032 MHz, 3996 MHz, 0 %, 0 %
2026/09/20 10:50:29.746, 1, 236.12 W, 39, 2032 MHz, 3996 MHz, 0 %, 0 %
2026/09/20 10:50:29.746, 2, 227.04 W, 32, 2032 MHz, 3996 MHz, 0 %, 0 %
2026/09/20 10:50:29.746, 3, 231.55 W, 31, 2032 MHz, 3996 MHz, 0 %, 0 %
2026/09/20 10:50:29.746, 4, 183.25 W, 35, 120 MHz, 3996 MHz, 0 %, 0 %
2026/09/20 10:50:29.746, 5, 181.34 W, 33, 120 MHz, 3996 MHz, 0 %, 0 %
2026/09/20 10:50:29.746, 6, 180.64 W, 29, 120 MHz, 3996 MHz, 0 %, 0 %
2026/09/20 10:50:29.747, 7, 184.09 W, 29, 120 MHz, 3996 MHz, 0 %, 0 %
2026/09/20 10:50:30.747, 0, 233.78 W, 38, 2032 MHz, 3996 MHz, 0 %, 0 %
2026/09/20 10:50:30.747, 1, 235.96 W, 39, 2032 MHz, 3996 MHz, 0 %, 0 %
2026/09/20 10:50:30.747, 2, 227.04 W, 32, 2032 MHz, 3996 MHz, 0 %, 0 %
2026/09/20 10:50:30.747, 3, 231.48 W, 31, 2032 MHz, 3996 MHz, 0 %, 0 %
2026/09/20 10:50:30.747, 4, 183.25 W, 35, 120 MHz, 3996 MHz, 0 %, 0 %
2026/09/20 10:50:30.747, 5, 181.34 W, 33, 120 MHz, 3996 MHz, 0 %, 0 %
2026/09/20 10:50:30.747, 6, 180.33 W, 29, 120 MHz, 3996 MHz, 0 %, 0 %
2026/09/20 10:50:30.747, 7, 184.09 W, 29, 120 MHz, 3996 MHz, 0 %, 0 %
2026/09/20 10:50:31.747, 0, 233.78 W, 37, 2032 MHz, 3996 MHz, 0 %, 0 %
2026/09/20 10:50:31.747, 1, 236.11 W, 39, 2032 MHz, 3996 MHz, 0 %, 0 %
2026/09/20 10:50:31.747, 2, 227.01 W, 32, 2032 MHz, 3996 MHz, 0 %, 0 %
2026/09/20 10:50:31.747, 3, 231.39 W, 31, 2032 MHz, 3996 MHz, 0 %, 0 %
2026/09/20 10:50:31.747, 4, 183.25 W, 35, 120 MHz, 3996 MHz, 0 %, 0 %
2026/09/20 10:50:31.747, 5, 181.38 W, 33, 120 MHz, 3996 MHz, 0 %, 0 %
2026/09/20 10:50:31.747, 6, 180.52 W, 29, 120 MHz, 3996 MHz, 0 %, 0 %
2026/09/20 10:50:31.747, 7, 184.09 W, 29, 120 MHz, 3996 MHz, 0 %, 0 %
2026/09/20 10:50:32.747, 0, 233.78 W, 37, 2032 MHz, 3996 MHz, 0 %, 0 %
2026/09/20 10:50:32.747, 1, 235.92 W, 39, 2032 MHz, 3996 MHz, 0 %, 0 %
2026/09/20 10:50:32.747, 2, 227.00 W, 32, 2032 MHz, 3996 MHz, 0 %, 0 %
2026/09/20 10:50:32.747, 3, 231.31 W, 31, 2032 MHz, 3996 MHz, 0 %, 0 %
2026/09/20 10:50:32.747, 4, 183.25 W, 35, 120 MHz, 3996 MHz, 0 %, 0 %
2026/09/20 10:50:32.747, 5, 181.42 W, 33, 120 MHz, 3996 MHz, 0 %, 0 %
2026/09/20 10:50:32.747, 6, 180.40 W, 29, 120 MHz, 3996 MHz, 0 %, 0 %
2026/09/20 10:50:32.747, 7, 184.09 W, 29, 120 MHz, 3996 MHz, 0 %, 0 %
2026/09/20 10:50:33.748, 0, 233.78 W, 37, 2032 MHz, 3996 MHz, 0 %, 0 %
2026/09/20 10:50:33.748, 1, 235.92 W, 39, 2032 MHz, 3996 MHz, 0 %, 0 %
2026/09/20 10:50:33.748, 2, 226.84 W, 32, 2032 MHz, 3996 MHz, 0 %, 0 %
2026/09/20 10:50:33.748, 3, 231.35 W, 31, 2032 MHz, 3996 MHz, 0 %, 0 %
2026/09/20 10:50:33.748, 4, 183.25 W, 35, 120 MHz, 3996 MHz, 0 %, 0 %
2026/09/20 10:50:33.748, 5, 181.42 W, 33, 120 MHz, 3996 MHz, 0 %, 0 %
2026/09/20 10:50:33.748, 6, 180.40 W, 29, 120 MHz, 3996 MHz, 0 %, 0 %
2026/09/20 10:50:33.748, 7, 184.09 W, 29, 120 MHz, 3996 MHz, 0 %, 0 %
2026/09/20 10:50:34.748, 0, 233.78 W, 37, 2032 MHz, 3996 MHz, 0 %, 0 %
2026/09/20 10:50:34.748, 1, 235.96 W, 39, 2032 MHz, 3996 MHz, 0 %, 0 %
2026/09/20 10:50:34.748, 2, 226.94 W, 32, 2032 MHz, 3996 MHz, 0 %, 0 %
2026/09/20 10:50:34.748, 3, 231.61 W, 31, 2032 MHz, 3996 MHz, 0 %, 0 %
2026/09/20 10:50:34.748, 4, 183.25 W, 35, 120 MHz, 3996 MHz, 0 %, 0 %
2026/09/20 10:50:34.748, 5, 181.38 W, 33, 120 MHz, 3996 MHz, 0 %, 0 %
2026/09/20 10:50:34.748, 6, 180.76 W, 29, 120 MHz, 3996 MHz, 0 %, 0 %
2026/09/20 10:50:34.748, 7, 184.09 W, 29, 120 MHz, 3996 MHz, 0 %, 0 %
2026/09/20 10:50:35.748, 0, 233.78 W, 37, 2032 MHz, 3996 MHz, 0 %, 0 %
2026/09/20 10:50:35.748, 1, 235.96 W, 39, 2032 MHz, 3996 MHz, 0 %, 0 %
2026/09/20 10:50:35.748, 2, 227.03 W, 32, 2032 MHz, 3996 MHz, 0 %, 0 %
2026/09/20 10:50:35.748, 3, 231.19 W, 31, 2032 MHz, 3996 MHz, 0 %, 0 %
2026/09/20 10:50:35.748, 4, 183.25 W, 35, 120 MHz, 3996 MHz, 0 %, 0 %
2026/09/20 10:50:35.748, 5, 181.42 W, 33, 120 MHz, 3996 MHz, 0 %, 0 %
2026/09/20 10:50:35.748, 6, 180.64 W, 29, 120 MHz, 3996 MHz, 0 %, 0 %
2026/09/20 10:50:35.748, 7, 184.09 W, 29, 120 MHz, 3996 MHz, 0 %, 0 %
2026/09/20 10:50:36.749, 0, 233.78 W, 37, 2032 MHz, 3996 MHz, 0 %, 0 %
2026/09/20 10:50:36.749, 1, 235.88 W, 39, 2032 MHz, 3996 MHz, 0 %, 0 %
2026/09/20 10:50:36.749, 2, 226.57 W, 32, 2032 MHz, 3996 MHz, 0 %, 0 %
2026/09/20 10:50:36.749, 3, 231.17 W, 31, 2032 MHz, 3996 MHz, 0 %, 0 %
2026/09/20 10:50:36.749, 4, 183.25 W, 35, 120 MHz, 3996 MHz, 0 %, 0 %
2026/09/20 10:50:36.749, 5, 181.42 W, 33, 120 MHz, 3996 MHz, 0 %, 0 %
2026/09/20 10:50:36.749, 6, 180.52 W, 29, 120 MHz, 3996 MHz, 0 %, 0 %
2026/09/20 10:50:36.749, 7, 184.09 W, 29, 120 MHz, 3996 MHz, 0 %, 0 %
2026/09/20 10:50:37.749, 0, 233.78 W, 37, 2032 MHz, 3996 MHz, 0 %, 0 %
2026/09/20 10:50:37.749, 1, 235.88 W, 39, 2032 MHz, 3996 MHz, 0 %, 0 %
2026/09/20 10:50:37.749, 2, 226.52 W, 32, 2032 MHz, 3996 MHz, 0 %, 0 %
2026/09/20 10:50:37.749, 3, 231.10 W, 31, 2032 MHz, 3996 MHz, 0 %, 0 %
2026/09/20 10:50:37.749, 4, 183.25 W, 35, 120 MHz, 3996 MHz, 0 %, 0 %
2026/09/20 10:50:37.749, 5, 181.38 W, 33, 120 MHz, 3996 MHz, 0 %, 0 %
2026/09/20 10:50:37.749, 6, 180.49 W, 29, 120 MHz, 3996 MHz, 0 %, 0 %
2026/09/20 10:50:37.749, 7, 184.09 W, 29, 120 MHz, 3996 MHz, 0 %, 0 %
2026/09/20 10:50:38.749, 0, 233.78 W, 37, 2032 MHz, 3996 MHz, 0 %, 0 %
2026/09/20 10:50:38.749, 1, 236.00 W, 39, 2032 MHz, 3996 MHz, 0 %, 0 %
2026/09/20 10:50:38.749, 2, 226.87 W, 32, 2032 MHz, 3996 MHz, 0 %, 0 %
2026/09/20 10:50:38.749, 3, 231.36 W, 31, 2032 MHz, 3996 MHz, 0 %, 0 %
2026/09/20 10:50:38.749, 4, 183.25 W, 35, 120 MHz, 3996 MHz, 0 %, 0 %
2026/09/20 10:50:38.749, 5, 181.38 W, 33, 120 MHz, 3996 MHz, 0 %, 0 %
2026/09/20 10:50:38.749, 6, 180.79 W, 29, 120 MHz, 3996 MHz, 0 %, 0 %
2026/09/20 10:50:38.749, 7, 184.09 W, 29, 120 MHz, 3996 MHz, 0 %, 0 %
2026/09/20 10:50:39.750, 0, 233.78 W, 37, 2032 MHz, 3996 MHz, 0 %, 0 %
2026/09/20 10:50:39.750, 1, 235.88 W, 39, 2032 MHz, 3996 MHz, 0 %, 0 %
2026/09/20 10:50:39.750, 2, 227.01 W, 32, 2032 MHz, 3996 MHz, 0 %, 0 %
2026/09/20 10:50:39.750, 3, 231.46 W, 31, 2032 MHz, 3996 MHz, 0 %, 0 %
2026/09/20 10:50:39.750, 4, 183.29 W, 35, 120 MHz, 3996 MHz, 0 %, 0 %
2026/09/20 10:50:39.750, 5, 181.42 W, 33, 120 MHz, 3996 MHz, 0 %, 0 %
2026/09/20 10:50:39.750, 6, 180.56 W, 29, 120 MHz, 3996 MHz, 0 %, 0 %
2026/09/20 10:50:39.750, 7, 184.09 W, 29, 120 MHz, 3996 MHz, 0 %, 0 %
2026/09/20 10:50:40.750, 0, 233.78 W, 37, 2032 MHz, 3996 MHz, 0 %, 0 %
2026/09/20 10:50:40.750, 1, 235.92 W, 39, 2032 MHz, 3996 MHz, 0 %, 0 %
2026/09/20 10:50:40.750, 2, 233.06 W, 33, 2032 MHz, 3996 MHz, 0 %, 0 %
2026/09/20 10:50:40.750, 3, 231.21 W, 31, 2032 MHz, 3996 MHz, 0 %, 0 %
2026/09/20 10:50:40.750, 4, 183.25 W, 35, 120 MHz, 3996 MHz, 0 %, 0 %
2026/09/20 10:50:40.750, 5, 181.42 W, 33, 120 MHz, 3996 MHz, 0 %, 0 %
2026/09/20 10:50:40.750, 6, 180.82 W, 29, 120 MHz, 3996 MHz, 0 %, 0 %
2026/09/20 10:50:40.750, 7, 184.09 W, 29, 120 MHz, 3996 MHz, 0 %, 0 %
2026/09/20 10:50:41.750, 0, 607.78 W, 45, 2032 MHz, 3996 MHz, 100 %, 0 %
2026/09/20 10:50:41.750, 1, 238.06 W, 39, 2032 MHz, 3996 MHz, 0 %, 0 %
2026/09/20 10:50:41.750, 2, 613.11 W, 39, 2032 MHz, 3996 MHz, 100 %, 0 %
2026/09/20 10:50:41.750, 3, 595.38 W, 39, 2032 MHz, 3996 MHz, 100 %, 0 %
2026/09/20 10:50:41.750, 4, 183.25 W, 35, 120 MHz, 3996 MHz, 0 %, 0 %
2026/09/20 10:50:41.750, 5, 181.38 W, 33, 120 MHz, 3996 MHz, 0 %, 0 %
2026/09/20 10:50:41.750, 6, 180.49 W, 29, 120 MHz, 3996 MHz, 0 %, 0 %
2026/09/20 10:50:41.750, 7, 184.09 W, 29, 120 MHz, 3996 MHz, 0 %, 0 %
2026/09/20 10:50:42.751, 0, 628.88 W, 46, 2032 MHz, 3996 MHz, 100 %, 0 %
2026/09/20 10:50:42.751, 1, 236.43 W, 39, 2032 MHz, 3996 MHz, 0 %, 0 %
2026/09/20 10:50:42.751, 2, 617.49 W, 40, 2032 MHz, 3996 MHz, 100 %, 0 %
2026/09/20 10:50:42.751, 3, 610.03 W, 40, 2032 MHz, 3996 MHz, 100 %, 0 %
2026/09/20 10:50:42.751, 4, 183.25 W, 35, 120 MHz, 3996 MHz, 0 %, 0 %
2026/09/20 10:50:42.751, 5, 181.30 W, 33, 120 MHz, 3996 MHz, 0 %, 0 %
2026/09/20 10:50:42.751, 6, 180.75 W, 29, 120 MHz, 3996 MHz, 0 %, 0 %
2026/09/20 10:50:42.751, 7, 184.09 W, 29, 120 MHz, 3996 MHz, 0 %, 0 %
2026/09/20 10:50:43.751, 0, 628.99 W, 46, 2032 MHz, 3996 MHz, 100 %, 0 %
2026/09/20 10:50:43.751, 1, 236.20 W, 39, 2032 MHz, 3996 MHz, 0 %, 0 %
2026/09/20 10:50:43.751, 2, 617.55 W, 40, 2032 MHz, 3996 MHz, 100 %, 0 %
2026/09/20 10:50:43.751, 3, 611.03 W, 40, 2032 MHz, 3996 MHz, 100 %, 0 %
2026/09/20 10:50:43.751, 4, 183.25 W, 35, 120 MHz, 3996 MHz, 0 %, 0 %
2026/09/20 10:50:43.751, 5, 181.38 W, 33, 120 MHz, 3996 MHz, 0 %, 0 %
2026/09/20 10:50:43.751, 6, 180.55 W, 29, 120 MHz, 3996 MHz, 0 %, 0 %
2026/09/20 10:50:43.751, 7, 184.09 W, 29, 120 MHz, 3996 MHz, 0 %, 0 %
2026/09/20 10:50:44.751, 0, 628.98 W, 46, 2032 MHz, 3996 MHz, 100 %, 0 %
2026/09/20 10:50:44.751, 1, 236.89 W, 39, 2032 MHz, 3996 MHz, 0 %, 0 %
2026/09/20 10:50:44.751, 2, 617.55 W, 40, 2032 MHz, 3996 MHz, 100 %, 0 %
2026/09/20 10:50:44.751, 3, 611.84 W, 41, 2032 MHz, 3996 MHz, 100 %, 0 %
2026/09/20 10:50:44.751, 4, 183.25 W, 35, 120 MHz, 3996 MHz, 0 %, 0 %
2026/09/20 10:50:44.751, 5, 181.42 W, 33, 120 MHz, 3996 MHz, 0 %, 0 %
2026/09/20 10:50:44.751, 6, 180.52 W, 29, 120 MHz, 3996 MHz, 0 %, 0 %
2026/09/20 10:50:44.751, 7, 184.09 W, 29, 120 MHz, 3996 MHz, 0 %, 0 %
2026/09/20 10:50:45.751, 0, 629.94 W, 46, 2032 MHz, 3996 MHz, 100 %, 0 %
2026/09/20 10:50:45.751, 1, 236.43 W, 39, 2032 MHz, 3996 MHz, 0 %, 0 %
2026/09/20 10:50:45.751, 2, 618.09 W, 41, 2032 MHz, 3996 MHz, 100 %, 0 %
2026/09/20 10:50:45.751, 3, 612.20 W, 41, 2032 MHz, 3996 MHz, 100 %, 0 %
2026/09/20 10:50:45.751, 4, 183.25 W, 35, 120 MHz, 3996 MHz, 0 %, 0 %
2026/09/20 10:50:45.752, 5, 181.38 W, 33, 120 MHz, 3996 MHz, 0 %, 0 %
2026/09/20 10:50:45.752, 6, 180.60 W, 29, 120 MHz, 3996 MHz, 0 %, 0 %
2026/09/20 10:50:45.752, 7, 184.09 W, 29, 120 MHz, 3996 MHz, 0 %, 0 %
2026/09/20 10:50:46.752, 0, 630.81 W, 47, 2032 MHz, 3996 MHz, 100 %, 0 %
2026/09/20 10:50:46.752, 1, 236.39 W, 39, 2032 MHz, 3996 MHz, 0 %, 0 %
2026/09/20 10:50:46.752, 2, 618.80 W, 41, 2032 MHz, 3996 MHz, 100 %, 0 %
2026/09/20 10:50:46.752, 3, 612.38 W, 41, 2032 MHz, 3996 MHz, 100 %, 0 %
2026/09/20 10:50:46.752, 4, 183.25 W, 35, 120 MHz, 3996 MHz, 0 %, 0 %
2026/09/20 10:50:46.752, 5, 181.42 W, 33, 120 MHz, 3996 MHz, 0 %, 0 %
2026/09/20 10:50:46.752, 6, 180.29 W, 29, 120 MHz, 3996 MHz, 0 %, 0 %
2026/09/20 10:50:46.752, 7, 184.09 W, 29, 120 MHz, 3996 MHz, 0 %, 0 %
2026/09/20 10:50:47.752, 0, 630.93 W, 47, 2032 MHz, 3996 MHz, 100 %, 0 %
2026/09/20 10:50:47.752, 1, 236.39 W, 39, 2032 MHz, 3996 MHz, 0 %, 0 %
2026/09/20 10:50:47.752, 2, 619.17 W, 41, 2032 MHz, 3996 MHz, 100 %, 0 %
2026/09/20 10:50:47.752, 3, 612.72 W, 41, 2032 MHz, 3996 MHz, 100 %, 0 %
2026/09/20 10:50:47.752, 4, 183.25 W, 35, 120 MHz, 3996 MHz, 0 %, 0 %
2026/09/20 10:50:47.752, 5, 181.42 W, 33, 120 MHz, 3996 MHz, 0 %, 0 %
2026/09/20 10:50:47.752, 6, 180.52 W, 29, 120 MHz, 3996 MHz, 0 %, 0 %
2026/09/20 10:50:47.752, 7, 184.09 W, 29, 120 MHz, 3996 MHz, 0 %, 0 %
2026/09/20 10:50:48.752, 0, 630.93 W, 47, 2032 MHz, 3996 MHz, 100 %, 0 %
2026/09/20 10:50:48.752, 1, 236.43 W, 39, 2032 MHz, 3996 MHz, 0 %, 0 %
2026/09/20 10:50:48.752, 2, 619.48 W, 41, 2032 MHz, 3996 MHz, 100 %, 0 %
2026/09/20 10:50:48.752, 3, 613.24 W, 42, 2032 MHz, 3996 MHz, 100 %, 0 %
2026/09/20 10:50:48.752, 4, 183.25 W, 35, 120 MHz, 3996 MHz, 0 %, 0 %
2026/09/20 10:50:48.752, 5, 181.42 W, 33, 120 MHz, 3996 MHz, 0 %, 0 %
2026/09/20 10:50:48.752, 6, 180.44 W, 29, 120 MHz, 3996 MHz, 0 %, 0 %
2026/09/20 10:50:48.752, 7, 184.09 W, 29, 120 MHz, 3996 MHz, 0 %, 0 %
2026/09/20 10:50:49.752, 0, 630.93 W, 47, 2032 MHz, 3996 MHz, 100 %, 0 %
2026/09/20 10:50:49.752, 1, 236.43 W, 39, 2032 MHz, 3996 MHz, 0 %, 0 %
2026/09/20 10:50:49.753, 2, 619.47 W, 42, 2032 MHz, 3996 MHz, 100 %, 0 %
2026/09/20 10:50:49.753, 3, 613.53 W, 42, 2032 MHz, 3996 MHz, 100 %, 0 %
2026/09/20 10:50:49.753, 4, 183.25 W, 35, 120 MHz, 3996 MHz, 0 %, 0 %
2026/09/20 10:50:49.753, 5, 181.38 W, 33, 120 MHz, 3996 MHz, 0 %, 0 %
2026/09/20 10:50:49.753, 6, 180.52 W, 29, 120 MHz, 3996 MHz, 0 %, 0 %
2026/09/20 10:50:49.753, 7, 184.09 W, 29, 120 MHz, 3996 MHz, 0 %, 0 %
2026/09/20 10:50:50.753, 0, 630.93 W, 47, 2032 MHz, 3996 MHz, 100 %, 0 %
2026/09/20 10:50:50.753, 1, 236.39 W, 39, 2032 MHz, 3996 MHz, 0 %, 0 %
2026/09/20 10:50:50.753, 2, 620.96 W, 42, 2032 MHz, 3996 MHz, 100 %, 0 %
2026/09/20 10:50:50.753, 3, 613.59 W, 42, 2032 MHz, 3996 MHz, 100 %, 0 %
2026/09/20 10:50:50.753, 4, 183.25 W, 35, 120 MHz, 3996 MHz, 0 %, 0 %
2026/09/20 10:50:50.753, 5, 181.38 W, 33, 120 MHz, 3996 MHz, 0 %, 0 %
2026/09/20 10:50:50.753, 6, 180.41 W, 29, 120 MHz, 3996 MHz, 0 %, 0 %
2026/09/20 10:50:50.753, 7, 184.09 W, 29, 120 MHz, 3996 MHz, 0 %, 0 %
2026/09/20 10:50:51.753, 0, 540.88 W, 50, 1972 MHz, 3996 MHz, 46 %, 16 %
2026/09/20 10:50:51.753, 1, 675.58 W, 51, 1957 MHz, 3996 MHz, 96 %, 31 %
2026/09/20 10:50:51.753, 2, 555.69 W, 46, 2002 MHz, 3996 MHz, 49 %, 16 %
2026/09/20 10:50:51.753, 3, 539.31 W, 45, 1980 MHz, 3996 MHz, 60 %, 21 %
2026/09/20 10:50:51.753, 4, 183.25 W, 35, 120 MHz, 3996 MHz, 0 %, 0 %
2026/09/20 10:50:51.753, 5, 181.38 W, 33, 120 MHz, 3996 MHz, 0 %, 0 %
2026/09/20 10:50:51.753, 6, 180.72 W, 29, 120 MHz, 3996 MHz, 0 %, 0 %
2026/09/20 10:50:51.753, 7, 184.09 W, 29, 120 MHz, 3996 MHz, 0 %, 0 %
2026/09/20 10:50:52.753, 0, 1063.25 W, 55, 1920 MHz, 3996 MHz, 100 %, 36 %
2026/09/20 10:50:52.753, 1, 1057.74 W, 56, 1950 MHz, 3996 MHz, 100 %, 35 %
2026/09/20 10:50:52.753, 2, 1065.09 W, 50, 1950 MHz, 3996 MHz, 100 %, 35 %
2026/09/20 10:50:52.753, 3, 1065.03 W, 50, 1950 MHz, 3996 MHz, 100 %, 35 %
2026/09/20 10:50:52.753, 4, 183.25 W, 35, 120 MHz, 3996 MHz, 0 %, 0 %
2026/09/20 10:50:52.753, 5, 181.42 W, 33, 120 MHz, 3996 MHz, 0 %, 0 %
2026/09/20 10:50:52.753, 6, 180.40 W, 29, 120 MHz, 3996 MHz, 0 %, 0 %
2026/09/20 10:50:52.753, 7, 184.09 W, 29, 120 MHz, 3996 MHz, 0 %, 0 %
2026/09/20 10:50:53.754, 0, 1058.64 W, 56, 1950 MHz, 3996 MHz, 100 %, 35 %
2026/09/20 10:50:53.754, 1, 1063.11 W, 56, 1897 MHz, 3996 MHz, 100 %, 35 %
2026/09/20 10:50:53.754, 2, 1052.26 W, 51, 1965 MHz, 3996 MHz, 100 %, 35 %
2026/09/20 10:50:53.754, 3, 1069.64 W, 51, 1935 MHz, 3996 MHz, 100 %, 35 %
2026/09/20 10:50:53.754, 4, 183.25 W, 35, 120 MHz, 3996 MHz, 0 %, 0 %
2026/09/20 10:50:53.754, 5, 181.38 W, 33, 120 MHz, 3996 MHz, 0 %, 0 %
2026/09/20 10:50:53.754, 6, 180.49 W, 29, 120 MHz, 3996 MHz, 0 %, 0 %
2026/09/20 10:50:53.754, 7, 184.09 W, 29, 120 MHz, 3996 MHz, 0 %, 0 %
2026/09/20 10:50:54.754, 0, 1056.89 W, 56, 1942 MHz, 3996 MHz, 100 %, 35 %
2026/09/20 10:50:54.754, 1, 1057.85 W, 57, 1927 MHz, 3996 MHz, 100 %, 35 %
2026/09/20 10:50:54.754, 2, 1056.81 W, 51, 1942 MHz, 3996 MHz, 100 %, 35 %
2026/09/20 10:50:54.754, 3, 1065.10 W, 53, 1905 MHz, 3996 MHz, 100 %, 36 %
2026/09/20 10:50:54.754, 4, 183.25 W, 35, 120 MHz, 3996 MHz, 0 %, 0 %
2026/09/20 10:50:54.754, 5, 181.38 W, 33, 120 MHz, 3996 MHz, 0 %, 0 %
2026/09/20 10:50:54.754, 6, 180.63 W, 29, 120 MHz, 3996 MHz, 0 %, 0 %
2026/09/20 10:50:54.754, 7, 184.09 W, 29, 120 MHz, 3996 MHz, 0 %, 0 %
2026/09/20 10:50:55.754, 0, 1048.62 W, 58, 1927 MHz, 3996 MHz, 100 %, 35 %
2026/09/20 10:50:55.754, 1, 1061.94 W, 57, 1935 MHz, 3996 MHz, 100 %, 35 %
2026/09/20 10:50:55.754, 2, 1063.26 W, 52, 1927 MHz, 3996 MHz, 100 %, 35 %
2026/09/20 10:50:55.754, 3, 1062.32 W, 52, 1957 MHz, 3996 MHz, 100 %, 35 %
2026/09/20 10:50:55.754, 4, 183.25 W, 35, 120 MHz, 3996 MHz, 0 %, 0 %
2026/09/20 10:50:55.754, 5, 181.42 W, 33, 120 MHz, 3996 MHz, 0 %, 0 %
2026/09/20 10:50:55.754, 6, 180.56 W, 29, 120 MHz, 3996 MHz, 0 %, 0 %
2026/09/20 10:50:55.754, 7, 184.09 W, 29, 120 MHz, 3996 MHz, 0 %, 0 %
2026/09/20 10:50:56.754, 0, 1046.03 W, 57, 1935 MHz, 3996 MHz, 100 %, 36 %
2026/09/20 10:50:56.754, 1, 1047.21 W, 52, 1950 MHz, 3996 MHz, 100 %, 35 %
2026/09/20 10:50:56.754, 2, 1015.48 W, 45, 2032 MHz, 3996 MHz, 100 %, 34 %
2026/09/20 10:50:56.754, 3, 1052.84 W, 55, 1905 MHz, 3996 MHz, 100 %, 35 %
2026/09/20 10:50:56.754, 4, 183.25 W, 35, 120 MHz, 3996 MHz, 0 %, 0 %
2026/09/20 10:50:56.754, 5, 181.38 W, 33, 120 MHz, 3996 MHz, 0 %, 0 %
2026/09/20 10:50:56.754, 6, 180.44 W, 29, 120 MHz, 3996 MHz, 0 %, 0 %
2026/09/20 10:50:56.755, 7, 184.09 W, 29, 120 MHz, 3996 MHz, 0 %, 0 %
2026/09/20 10:50:57.755, 0, 818.03 W, 58, 1897 MHz, 3996 MHz, 100 %, 34 %
2026/09/20 10:50:57.755, 1, 814.74 W, 58, 1927 MHz, 3996 MHz, 100 %, 32 %
2026/09/20 10:50:57.755, 2, 862.53 W, 51, 1957 MHz, 3996 MHz, 100 %, 33 %
2026/09/20 10:50:57.755, 3, 822.06 W, 53, 1942 MHz, 3996 MHz, 100 %, 34 %
2026/09/20 10:50:57.755, 4, 183.25 W, 35, 120 MHz, 3996 MHz, 0 %, 0 %
2026/09/20 10:50:57.755, 5, 181.42 W, 33, 120 MHz, 3996 MHz, 0 %, 0 %
2026/09/20 10:50:57.755, 6, 180.63 W, 29, 120 MHz, 3996 MHz, 0 %, 0 %
2026/09/20 10:50:57.755, 7, 184.09 W, 29, 120 MHz, 3996 MHz, 0 %, 0 %
2026/09/20 10:50:58.755, 0, 1057.35 W, 59, 1882 MHz, 3996 MHz, 100 %, 35 %
2026/09/20 10:50:58.755, 1, 1057.63 W, 59, 1942 MHz, 3996 MHz, 100 %, 35 %
2026/09/20 10:50:58.755, 2, 1064.06 W, 53, 1957 MHz, 3996 MHz, 100 %, 35 %
2026/09/20 10:50:58.755, 3, 1060.31 W, 53, 1950 MHz, 3996 MHz, 100 %, 35 %
2026/09/20 10:50:58.755, 4, 183.25 W, 35, 120 MHz, 3996 MHz, 0 %, 0 %
2026/09/20 10:50:58.755, 5, 181.38 W, 33, 120 MHz, 3996 MHz, 0 %, 0 %
2026/09/20 10:50:58.755, 6, 180.68 W, 29, 120 MHz, 3996 MHz, 0 %, 0 %
2026/09/20 10:50:58.755, 7, 184.09 W, 29, 120 MHz, 3996 MHz, 0 %, 0 %
2026/09/20 10:50:59.755, 0, 1061.67 W, 59, 1957 MHz, 3996 MHz, 100 %, 33 %
2026/09/20 10:50:59.755, 1, 1055.15 W, 59, 1882 MHz, 3996 MHz, 100 %, 35 %
2026/09/20 10:50:59.755, 2, 1063.91 W, 53, 1942 MHz, 3996 MHz, 100 %, 32 %
2026/09/20 10:50:59.755, 3, 1062.21 W, 54, 1905 MHz, 3996 MHz, 100 %, 33 %
2026/09/20 10:50:59.755, 4, 183.25 W, 35, 120 MHz, 3996 MHz, 0 %, 0 %
2026/09/20 10:50:59.755, 5, 181.42 W, 33, 120 MHz, 3996 MHz, 0 %, 0 %
2026/09/20 10:50:59.755, 6, 180.44 W, 29, 120 MHz, 3996 MHz, 0 %, 0 %
2026/09/20 10:50:59.755, 7, 184.09 W, 29, 120 MHz, 3996 MHz, 0 %, 0 %
2026/09/20 10:51:00.755, 0, 1060.81 W, 59, 1912 MHz, 3996 MHz, 100 %, 35 %
2026/09/20 10:51:00.755, 1, 1057.36 W, 60, 1920 MHz, 3996 MHz, 100 %, 35 %
2026/09/20 10:51:00.755, 2, 1055.85 W, 53, 1942 MHz, 3996 MHz, 100 %, 34 %
2026/09/20 10:51:00.755, 3, 1058.23 W, 54, 1957 MHz, 3996 MHz, 100 %, 34 %
2026/09/20 10:51:00.755, 4, 183.28 W, 35, 120 MHz, 3996 MHz, 0 %, 0 %
2026/09/20 10:51:00.755, 5, 181.42 W, 33, 120 MHz, 3996 MHz, 0 %, 0 %
2026/09/20 10:51:00.756, 6, 180.49 W, 29, 120 MHz, 3996 MHz, 0 %, 0 %
2026/09/20 10:51:00.756, 7, 184.09 W, 29, 120 MHz, 3996 MHz, 0 %, 0 %
2026/09/20 10:51:01.756, 0, 1055.84 W, 60, 1927 MHz, 3996 MHz, 100 %, 35 %
2026/09/20 10:51:01.756, 1, 1055.85 W, 60, 1912 MHz, 3996 MHz, 100 %, 35 %
2026/09/20 10:51:01.756, 2, 1059.03 W, 54, 1942 MHz, 3996 MHz, 100 %, 35 %
2026/09/20 10:51:01.756, 3, 1063.46 W, 54, 1957 MHz, 3996 MHz, 100 %, 36 %
2026/09/20 10:51:01.756, 4, 183.25 W, 35, 120 MHz, 3996 MHz, 0 %, 0 %
2026/09/20 10:51:01.756, 5, 181.42 W, 33, 120 MHz, 3996 MHz, 0 %, 0 %
2026/09/20 10:51:01.756, 6, 180.41 W, 29, 120 MHz, 3996 MHz, 0 %, 0 %
2026/09/20 10:51:01.756, 7, 184.09 W, 30, 120 MHz, 3996 MHz, 0 %, 0 %
2026/09/20 10:51:02.756, 0, 1067.55 W, 61, 1927 MHz, 3996 MHz, 100 %, 35 %
2026/09/20 10:51:02.756, 1, 1056.22 W, 61, 1942 MHz, 3996 MHz, 100 %, 35 %
2026/09/20 10:51:02.756, 2, 1065.21 W, 54, 1980 MHz, 3996 MHz, 100 %, 34 %
2026/09/20 10:51:02.756, 3, 1066.02 W, 55, 1957 MHz, 3996 MHz, 100 %, 35 %
2026/09/20 10:51:02.756, 4, 183.25 W, 35, 120 MHz, 3996 MHz, 0 %, 0 %
2026/09/20 10:51:02.756, 5, 181.38 W, 33, 120 MHz, 3996 MHz, 0 %, 0 %
2026/09/20 10:51:02.756, 6, 180.60 W, 29, 120 MHz, 3996 MHz, 0 %, 0 %
2026/09/20 10:51:02.756, 7, 184.09 W, 29, 120 MHz, 3996 MHz, 0 %, 0 %
2026/09/20 10:51:03.756, 0, 1055.58 W, 60, 1942 MHz, 3996 MHz, 100 %, 35 %
2026/09/20 10:51:03.756, 1, 1061.63 W, 61, 1897 MHz, 3996 MHz, 100 %, 35 %
2026/09/20 10:51:03.756, 2, 1061.12 W, 54, 1942 MHz, 3996 MHz, 100 %, 35 %
2026/09/20 10:51:03.756, 3, 1060.78 W, 55, 1965 MHz, 3996 MHz, 100 %, 34 %
2026/09/20 10:51:03.756, 4, 183.25 W, 35, 120 MHz, 3996 MHz, 0 %, 0 %
2026/09/20 10:51:03.756, 5, 181.42 W, 33, 120 MHz, 3996 MHz, 0 %, 0 %
2026/09/20 10:51:03.756, 6, 180.56 W, 29, 120 MHz, 3996 MHz, 0 %, 0 %
2026/09/20 10:51:03.756, 7, 184.09 W, 29, 120 MHz, 3996 MHz, 0 %, 0 %
2026/09/20 10:51:04.756, 0, 1056.05 W, 60, 1957 MHz, 3996 MHz, 100 %, 35 %
2026/09/20 10:51:04.756, 1, 1055.63 W, 61, 1905 MHz, 3996 MHz, 100 %, 34 %
2026/09/20 10:51:04.756, 2, 1057.64 W, 55, 1957 MHz, 3996 MHz, 100 %, 34 %
2026/09/20 10:51:04.756, 3, 1064.95 W, 57, 1860 MHz, 3996 MHz, 100 %, 35 %
2026/09/20 10:51:04.756, 4, 183.25 W, 35, 120 MHz, 3996 MHz, 0 %, 0 %
2026/09/20 10:51:04.756, 5, 181.42 W, 33, 120 MHz, 3996 MHz, 0 %, 0 %
2026/09/20 10:51:04.757, 6, 180.53 W, 29, 120 MHz, 3996 MHz, 0 %, 0 %
2026/09/20 10:51:04.757, 7, 184.09 W, 29, 120 MHz, 3996 MHz, 0 %, 0 %
2026/09/20 10:51:05.757, 0, 1059.34 W, 62, 1950 MHz, 3996 MHz, 100 %, 35 %
2026/09/20 10:51:05.757, 1, 1059.61 W, 62, 1935 MHz, 3996 MHz, 100 %, 35 %
2026/09/20 10:51:05.757, 2, 1064.21 W, 55, 1942 MHz, 3996 MHz, 100 %, 34 %
2026/09/20 10:51:05.757, 3, 1058.28 W, 56, 1935 MHz, 3996 MHz, 100 %, 35 %
2026/09/20 10:51:05.757, 4, 183.29 W, 35, 120 MHz, 3996 MHz, 0 %, 0 %
2026/09/20 10:51:05.757, 5, 181.38 W, 33, 120 MHz, 3996 MHz, 0 %, 0 %
2026/09/20 10:51:05.757, 6, 180.79 W, 29, 120 MHz, 3996 MHz, 0 %, 0 %
2026/09/20 10:51:05.757, 7, 184.09 W, 29, 120 MHz, 3996 MHz, 0 %, 0 %
2026/09/20 10:51:06.757, 0, 1061.59 W, 62, 1920 MHz, 3996 MHz, 100 %, 34 %
2026/09/20 10:51:06.757, 1, 1057.73 W, 62, 1927 MHz, 3996 MHz, 100 %, 32 %
2026/09/20 10:51:06.757, 2, 1059.40 W, 55, 1942 MHz, 3996 MHz, 100 %, 33 %
2026/09/20 10:51:06.757, 3, 1063.42 W, 55, 1920 MHz, 3996 MHz, 100 %, 33 %
2026/09/20 10:51:06.757, 4, 183.25 W, 35, 120 MHz, 3996 MHz, 0 %, 0 %
2026/09/20 10:51:06.757, 5, 181.34 W, 33, 120 MHz, 3996 MHz, 0 %, 0 %
2026/09/20 10:51:06.757, 6, 180.52 W, 29, 120 MHz, 3996 MHz, 0 %, 0 %
2026/09/20 10:51:06.757, 7, 184.09 W, 29, 120 MHz, 3996 MHz, 0 %, 0 %
2026/09/20 10:51:07.757, 0, 1057.85 W, 62, 1927 MHz, 3996 MHz, 100 %, 35 %
2026/09/20 10:51:07.757, 1, 1060.09 W, 62, 1912 MHz, 3996 MHz, 100 %, 34 %
2026/09/20 10:51:07.757, 2, 1066.71 W, 56, 1950 MHz, 3996 MHz, 100 %, 34 %
2026/09/20 10:51:07.757, 3, 1062.67 W, 56, 1950 MHz, 3996 MHz, 100 %, 35 %
2026/09/20 10:51:07.757, 4, 183.25 W, 35, 120 MHz, 3996 MHz, 0 %, 0 %
2026/09/20 10:51:07.757, 5, 181.38 W, 33, 120 MHz, 3996 MHz, 0 %, 0 %
2026/09/20 10:51:07.757, 6, 180.67 W, 29, 120 MHz, 3996 MHz, 0 %, 0 %
2026/09/20 10:51:07.757, 7, 184.09 W, 29, 120 MHz, 3996 MHz, 0 %, 0 %
2026/09/20 10:51:08.758, 0, 1054.21 W, 62, 1957 MHz, 3996 MHz, 100 %, 35 %
2026/09/20 10:51:08.758, 1, 1060.17 W, 62, 1867 MHz, 3996 MHz, 100 %, 36 %
2026/09/20 10:51:08.758, 2, 1058.31 W, 55, 1942 MHz, 3996 MHz, 100 %, 33 %
2026/09/20 10:51:08.758, 3, 1064.84 W, 56, 1950 MHz, 3996 MHz, 100 %, 34 %
2026/09/20 10:51:08.758, 4, 183.25 W, 35, 120 MHz, 3996 MHz, 0 %, 0 %
2026/09/20 10:51:08.758, 5, 181.42 W, 33, 120 MHz, 3996 MHz, 0 %, 0 %
2026/09/20 10:51:08.758, 6, 180.57 W, 29, 120 MHz, 3996 MHz, 0 %, 0 %
2026/09/20 10:51:08.758, 7, 184.09 W, 29, 120 MHz, 3996 MHz, 0 %, 0 %
2026/09/20 10:51:09.758, 0, 1059.59 W, 62, 1927 MHz, 3996 MHz, 100 %, 35 %
2026/09/20 10:51:09.758, 1, 1059.99 W, 63, 1882 MHz, 3996 MHz, 100 %, 35 %
2026/09/20 10:51:09.758, 2, 1054.10 W, 55, 1950 MHz, 3996 MHz, 100 %, 34 %
2026/09/20 10:51:09.758, 3, 1061.92 W, 56, 1927 MHz, 3996 MHz, 100 %, 34 %
2026/09/20 10:51:09.758, 4, 183.25 W, 35, 120 MHz, 3996 MHz, 0 %, 0 %
2026/09/20 10:51:09.758, 5, 181.38 W, 33, 120 MHz, 3996 MHz, 0 %, 0 %
2026/09/20 10:51:09.758, 6, 180.71 W, 29, 120 MHz, 3996 MHz, 0 %, 0 %
2026/09/20 10:51:09.758, 7, 184.09 W, 29, 120 MHz, 3996 MHz, 0 %, 0 %
2026/09/20 10:51:10.758, 0, 1055.61 W, 63, 1890 MHz, 3996 MHz, 100 %, 36 %
2026/09/20 10:51:10.758, 1, 1053.04 W, 64, 1920 MHz, 3996 MHz, 100 %, 35 %
2026/09/20 10:51:10.758, 2, 1061.42 W, 56, 1980 MHz, 3996 MHz, 100 %, 34 %
2026/09/20 10:51:10.758, 3, 1059.88 W, 56, 1942 MHz, 3996 MHz, 100 %, 35 %
2026/09/20 10:51:10.758, 4, 183.25 W, 35, 120 MHz, 3996 MHz, 0 %, 0 %
2026/09/20 10:51:10.758, 5, 181.38 W, 33, 120 MHz, 3996 MHz, 0 %, 0 %
2026/09/20 10:51:10.758, 6, 180.88 W, 29, 120 MHz, 3996 MHz, 0 %, 0 %
2026/09/20 10:51:10.758, 7, 184.09 W, 29, 120 MHz, 3996 MHz, 0 %, 0 %
2026/09/20 10:51:11.758, 0, 1062.76 W, 63, 1897 MHz, 3996 MHz, 100 %, 35 %
2026/09/20 10:51:11.758, 1, 1053.79 W, 64, 1920 MHz, 3996 MHz, 100 %, 35 %
2026/09/20 10:51:11.758, 2, 1060.52 W, 57, 1972 MHz, 3996 MHz, 100 %, 35 %
2026/09/20 10:51:11.758, 3, 1060.63 W, 56, 1927 MHz, 3996 MHz, 100 %, 35 %
2026/09/20 10:51:11.758, 4, 183.25 W, 35, 120 MHz, 3996 MHz, 0 %, 0 %
2026/09/20 10:51:11.759, 5, 181.42 W, 33, 120 MHz, 3996 MHz, 0 %, 0 %
2026/09/20 10:51:11.759, 6, 180.48 W, 29, 120 MHz, 3996 MHz, 0 %, 0 %
2026/09/20 10:51:11.759, 7, 184.09 W, 29, 120 MHz, 3996 MHz, 0 %, 0 %
2026/09/20 10:51:12.759, 0, 1053.97 W, 63, 1927 MHz, 3996 MHz, 100 %, 34 %
2026/09/20 10:51:12.759, 1, 1062.54 W, 64, 1860 MHz, 3996 MHz, 100 %, 35 %
2026/09/20 10:51:12.759, 2, 1065.40 W, 56, 1950 MHz, 3996 MHz, 100 %, 34 %
2026/09/20 10:51:12.759, 3, 1071.62 W, 57, 1927 MHz, 3996 MHz, 100 %, 34 %
2026/09/20 10:51:12.759, 4, 183.25 W, 35, 120 MHz, 3996 MHz, 0 %, 0 %
2026/09/20 10:51:12.759, 5, 181.38 W, 33, 120 MHz, 3996 MHz, 0 %, 0 %
2026/09/20 10:51:12.759, 6, 180.41 W, 29, 120 MHz, 3996 MHz, 0 %, 0 %
2026/09/20 10:51:12.759, 7, 184.09 W, 29, 120 MHz, 3996 MHz, 0 %, 0 %
2026/09/20 10:51:13.759, 0, 1062.37 W, 64, 1942 MHz, 3996 MHz, 100 %, 33 %
2026/09/20 10:51:13.759, 1, 1061.61 W, 65, 1897 MHz, 3996 MHz, 100 %, 35 %
2026/09/20 10:51:13.759, 2, 1061.63 W, 56, 1965 MHz, 3996 MHz, 100 %, 34 %
2026/09/20 10:51:13.759, 3, 1067.03 W, 57, 1875 MHz, 3996 MHz, 100 %, 35 %
2026/09/20 10:51:13.759, 4, 183.25 W, 35, 120 MHz, 3996 MHz, 0 %, 0 %
2026/09/20 10:51:13.759, 5, 181.42 W, 33, 120 MHz, 3996 MHz, 0 %, 0 %
2026/09/20 10:51:13.759, 6, 180.52 W, 29, 120 MHz, 3996 MHz, 0 %, 0 %
2026/09/20 10:51:13.759, 7, 184.09 W, 29, 120 MHz, 3996 MHz, 0 %, 0 %
2026/09/20 10:51:14.759, 0, 1059.08 W, 64, 1890 MHz, 3996 MHz, 100 %, 35 %
2026/09/20 10:51:14.759, 1, 1057.69 W, 65, 1897 MHz, 3996 MHz, 100 %, 35 %
2026/09/20 10:51:14.759, 2, 1059.83 W, 56, 1980 MHz, 3996 MHz, 100 %, 34 %
2026/09/20 10:51:14.759, 3, 1059.43 W, 57, 1957 MHz, 3996 MHz, 100 %, 35 %
2026/09/20 10:51:14.759, 4, 183.25 W, 35, 120 MHz, 3996 MHz, 0 %, 0 %
2026/09/20 10:51:14.759, 5, 181.38 W, 33, 120 MHz, 3996 MHz, 0 %, 0 %
2026/09/20 10:51:14.759, 6, 180.52 W, 29, 120 MHz, 3996 MHz, 0 %, 0 %
2026/09/20 10:51:14.759, 7, 184.09 W, 29, 120 MHz, 3996 MHz, 0 %, 0 %
2026/09/20 10:51:15.760, 0, 1059.55 W, 64, 1905 MHz, 3996 MHz, 100 %, 34 %
2026/09/20 10:51:15.760, 1, 1066.91 W, 65, 1935 MHz, 3996 MHz, 100 %, 32 %
2026/09/20 10:51:15.760, 2, 1064.82 W, 57, 1957 MHz, 3996 MHz, 100 %, 33 %
2026/09/20 10:51:15.760, 3, 1064.66 W, 57, 1912 MHz, 3996 MHz, 100 %, 33 %
2026/09/20 10:51:15.760, 4, 183.25 W, 35, 120 MHz, 3996 MHz, 0 %, 0 %
2026/09/20 10:51:15.760, 5, 181.38 W, 33, 120 MHz, 3996 MHz, 0 %, 0 %
2026/09/20 10:51:15.760, 6, 180.60 W, 29, 120 MHz, 3996 MHz, 0 %, 0 %
2026/09/20 10:51:15.760, 7, 184.09 W, 29, 120 MHz, 3996 MHz, 0 %, 0 %
2026/09/20 10:51:16.760, 0, 1055.94 W, 65, 1905 MHz, 3996 MHz, 100 %, 35 %
2026/09/20 10:51:16.760, 1, 1065.10 W, 65, 1890 MHz, 3996 MHz, 100 %, 34 %
2026/09/20 10:51:16.760, 2, 1062.14 W, 58, 1942 MHz, 3996 MHz, 100 %, 35 %
2026/09/20 10:51:16.760, 3, 1062.81 W, 57, 1935 MHz, 3996 MHz, 100 %, 35 %
2026/09/20 10:51:16.760, 4, 183.25 W, 35, 120 MHz, 3996 MHz, 0 %, 0 %
2026/09/20 10:51:16.760, 5, 181.38 W, 33, 120 MHz, 3996 MHz, 0 %, 0 %
2026/09/20 10:51:16.760, 6, 180.53 W, 29, 120 MHz, 3996 MHz, 0 %, 0 %
2026/09/20 10:51:16.760, 7, 184.09 W, 29, 120 MHz, 3996 MHz, 0 %, 0 %
2026/09/20 10:51:17.760, 0, 1054.55 W, 65, 1957 MHz, 3996 MHz, 100 %, 34 %
2026/09/20 10:51:17.760, 1, 1063.02 W, 66, 1912 MHz, 3996 MHz, 100 %, 34 %
2026/09/20 10:51:17.760, 2, 1067.38 W, 57, 1942 MHz, 3996 MHz, 100 %, 32 %
2026/09/20 10:51:17.760, 3, 1063.71 W, 57, 1950 MHz, 3996 MHz, 100 %, 32 %
2026/09/20 10:51:17.760, 4, 183.25 W, 35, 120 MHz, 3996 MHz, 0 %, 0 %
2026/09/20 10:51:17.760, 5, 181.42 W, 33, 120 MHz, 3996 MHz, 0 %, 0 %
2026/09/20 10:51:17.760, 6, 180.48 W, 29, 120 MHz, 3996 MHz, 0 %, 0 %
2026/09/20 10:51:17.760, 7, 184.09 W, 29, 120 MHz, 3996 MHz, 0 %, 0 %
2026/09/20 10:51:18.760, 0, 1060.35 W, 65, 1935 MHz, 3996 MHz, 100 %, 35 %
2026/09/20 10:51:18.760, 1, 1061.83 W, 66, 1882 MHz, 3996 MHz, 100 %, 35 %
2026/09/20 10:51:18.760, 2, 1062.56 W, 56, 1942 MHz, 3996 MHz, 100 %, 34 %
2026/09/20 10:51:18.760, 3, 1063.80 W, 58, 1905 MHz, 3996 MHz, 100 %, 35 %
2026/09/20 10:51:18.760, 4, 183.25 W, 35, 120 MHz, 3996 MHz, 0 %, 0 %
2026/09/20 10:51:18.761, 5, 181.42 W, 33, 120 MHz, 3996 MHz, 0 %, 0 %
2026/09/20 10:51:18.761, 6, 180.41 W, 29, 120 MHz, 3996 MHz, 0 %, 0 %
2026/09/20 10:51:18.761, 7, 184.09 W, 29, 120 MHz, 3996 MHz, 0 %, 0 %
2026/09/20 10:51:19.761, 0, 1056.22 W, 65, 1920 MHz, 3996 MHz, 100 %, 35 %
2026/09/20 10:51:19.761, 1, 1057.73 W, 66, 1867 MHz, 3996 MHz, 100 %, 35 %
2026/09/20 10:51:19.761, 2, 1064.00 W, 57, 1920 MHz, 3996 MHz, 100 %, 35 %
2026/09/20 10:51:19.761, 3, 1057.88 W, 58, 1935 MHz, 3996 MHz, 100 %, 35 %
2026/09/20 10:51:19.761, 4, 183.29 W, 35, 120 MHz, 3996 MHz, 0 %, 0 %
2026/09/20 10:51:19.761, 5, 181.34 W, 33, 120 MHz, 3996 MHz, 0 %, 0 %
2026/09/20 10:51:19.761, 6, 180.63 W, 29, 120 MHz, 3996 MHz, 0 %, 0 %
2026/09/20 10:51:19.761, 7, 184.09 W, 29, 120 MHz, 3996 MHz, 0 %, 0 %
2026/09/20 10:51:20.761, 0, 1059.76 W, 66, 1927 MHz, 3996 MHz, 100 %, 35 %
2026/09/20 10:51:20.761, 1, 1054.81 W, 66, 1912 MHz, 3996 MHz, 100 %, 35 %
2026/09/20 10:51:20.761, 2, 1058.64 W, 57, 1942 MHz, 3996 MHz, 100 %, 35 %
2026/09/20 10:51:20.761, 3, 1062.94 W, 58, 1950 MHz, 3996 MHz, 100 %, 35 %
2026/09/20 10:51:20.761, 4, 183.25 W, 35, 120 MHz, 3996 MHz, 0 %, 0 %
2026/09/20 10:51:20.761, 5, 181.42 W, 33, 120 MHz, 3996 MHz, 0 %, 0 %
2026/09/20 10:51:20.761, 6, 180.56 W, 29, 120 MHz, 3996 MHz, 0 %, 0 %
2026/09/20 10:51:20.761, 7, 184.09 W, 29, 120 MHz, 3996 MHz, 0 %, 0 %
2026/09/20 10:51:21.761, 0, 1058.33 W, 66, 1942 MHz, 3996 MHz, 100 %, 34 %
2026/09/20 10:51:21.761, 1, 1063.62 W, 67, 1905 MHz, 3996 MHz, 100 %, 35 %
2026/09/20 10:51:21.761, 2, 1057.51 W, 57, 1957 MHz, 3996 MHz, 100 %, 35 %
2026/09/20 10:51:21.761, 3, 1061.12 W, 59, 1920 MHz, 3996 MHz, 100 %, 35 %
2026/09/20 10:51:21.761, 4, 183.25 W, 35, 120 MHz, 3996 MHz, 0 %, 0 %
2026/09/20 10:51:21.761, 5, 181.34 W, 33, 120 MHz, 3996 MHz, 0 %, 0 %
2026/09/20 10:51:21.761, 6, 180.68 W, 29, 120 MHz, 3996 MHz, 0 %, 0 %
2026/09/20 10:51:21.761, 7, 184.09 W, 29, 120 MHz, 3996 MHz, 0 %, 0 %
2026/09/20 10:51:22.761, 0, 1061.32 W, 65, 1950 MHz, 3996 MHz, 100 %, 32 %
2026/09/20 10:51:22.761, 1, 1058.00 W, 67, 1920 MHz, 3996 MHz, 100 %, 35 %
2026/09/20 10:51:22.761, 2, 1059.11 W, 57, 1965 MHz, 3996 MHz, 100 %, 34 %
2026/09/20 10:51:22.761, 3, 1062.36 W, 60, 1875 MHz, 3996 MHz, 100 %, 35 %
2026/09/20 10:51:22.761, 4, 183.25 W, 35, 120 MHz, 3996 MHz, 0 %, 0 %
2026/09/20 10:51:22.761, 5, 181.42 W, 33, 120 MHz, 3996 MHz, 0 %, 0 %
2026/09/20 10:51:22.762, 6, 180.59 W, 29, 120 MHz, 3996 MHz, 0 %, 0 %
2026/09/20 10:51:22.762, 7, 184.09 W, 29, 120 MHz, 3996 MHz, 0 %, 0 %
2026/09/20 10:51:23.762, 0, 1063.86 W, 67, 1882 MHz, 3996 MHz, 100 %, 35 %
2026/09/20 10:51:23.762, 1, 1058.73 W, 67, 1935 MHz, 3996 MHz, 100 %, 35 %
2026/09/20 10:51:23.762, 2, 1064.10 W, 58, 1957 MHz, 3996 MHz, 100 %, 34 %
2026/09/20 10:51:23.762, 3, 1063.33 W, 58, 1950 MHz, 3996 MHz, 100 %, 35 %
2026/09/20 10:51:23.762, 4, 183.25 W, 35, 120 MHz, 3996 MHz, 0 %, 0 %
2026/09/20 10:51:23.762, 5, 181.38 W, 33, 120 MHz, 3996 MHz, 0 %, 0 %
2026/09/20 10:51:23.762, 6, 180.40 W, 29, 120 MHz, 3996 MHz, 0 %, 0 %
2026/09/20 10:51:23.762, 7, 184.09 W, 29, 120 MHz, 3996 MHz, 0 %, 0 %
2026/09/20 10:51:24.762, 0, 1047.07 W, 66, 1882 MHz, 3996 MHz, 100 %, 35 %
2026/09/20 10:51:24.762, 1, 1054.81 W, 67, 1920 MHz, 3996 MHz, 100 %, 32 %
2026/09/20 10:51:24.762, 2, 1062.84 W, 58, 1942 MHz, 3996 MHz, 100 %, 32 %
2026/09/20 10:51:24.762, 3, 1062.98 W, 58, 1920 MHz, 3996 MHz, 100 %, 33 %
2026/09/20 10:51:24.762, 4, 183.25 W, 35, 120 MHz, 3996 MHz, 0 %, 0 %
2026/09/20 10:51:24.762, 5, 181.38 W, 33, 120 MHz, 3996 MHz, 0 %, 0 %
2026/09/20 10:51:24.762, 6, 180.49 W, 29, 120 MHz, 3996 MHz, 0 %, 0 %
2026/09/20 10:51:24.762, 7, 184.09 W, 29, 120 MHz, 3996 MHz, 0 %, 0 %
2026/09/20 10:51:25.762, 0, 1059.49 W, 67, 1912 MHz, 3996 MHz, 100 %, 35 %
2026/09/20 10:51:25.762, 1, 1058.19 W, 68, 1897 MHz, 3996 MHz, 100 %, 35 %
2026/09/20 10:51:25.762, 2, 1067.19 W, 58, 1927 MHz, 3996 MHz, 100 %, 35 %
2026/09/20 10:51:25.762, 3, 1055.47 W, 58, 1950 MHz, 3996 MHz, 100 %, 35 %
2026/09/20 10:51:25.762, 4, 183.25 W, 35, 120 MHz, 3996 MHz, 0 %, 0 %
2026/09/20 10:51:25.762, 5, 181.38 W, 33, 120 MHz, 3996 MHz, 0 %, 0 %
2026/09/20 10:51:25.762, 6, 180.49 W, 29, 120 MHz, 3996 MHz, 0 %, 0 %
2026/09/20 10:51:25.762, 7, 184.09 W, 29, 120 MHz, 3996 MHz, 0 %, 0 %
2026/09/20 10:51:26.763, 0, 1052.08 W, 67, 1935 MHz, 3996 MHz, 100 %, 35 %
2026/09/20 10:51:26.763, 1, 1055.44 W, 68, 1897 MHz, 3996 MHz, 100 %, 35 %
2026/09/20 10:51:26.763, 2, 1061.35 W, 58, 1920 MHz, 3996 MHz, 100 %, 32 %
2026/09/20 10:51:26.763, 3, 1065.83 W, 58, 1957 MHz, 3996 MHz, 100 %, 34 %
2026/09/20 10:51:26.763, 4, 183.25 W, 35, 120 MHz, 3996 MHz, 0 %, 0 %
2026/09/20 10:51:26.763, 5, 181.42 W, 33, 120 MHz, 3996 MHz, 0 %, 0 %
2026/09/20 10:51:26.763, 6, 180.44 W, 29, 120 MHz, 3996 MHz, 0 %, 0 %
2026/09/20 10:51:26.763, 7, 184.09 W, 29, 120 MHz, 3996 MHz, 0 %, 0 %
2026/09/20 10:51:27.763, 0, 1055.32 W, 67, 1852 MHz, 3996 MHz, 100 %, 34 %
2026/09/20 10:51:27.763, 1, 884.15 W, 63, 2032 MHz, 3996 MHz, 100 %, 22 %
2026/09/20 10:51:27.763, 2, 1053.11 W, 58, 1927 MHz, 3996 MHz, 100 %, 34 %
2026/09/20 10:51:27.763, 3, 1055.24 W, 59, 1897 MHz, 3996 MHz, 100 %, 34 %
2026/09/20 10:51:27.763, 4, 183.25 W, 35, 120 MHz, 3996 MHz, 0 %, 0 %
2026/09/20 10:51:27.763, 5, 181.42 W, 33, 120 MHz, 3996 MHz, 0 %, 0 %
2026/09/20 10:51:27.763, 6, 180.60 W, 29, 120 MHz, 3996 MHz, 0 %, 0 %
2026/09/20 10:51:27.763, 7, 184.09 W, 29, 120 MHz, 3996 MHz, 0 %, 0 %
2026/09/20 10:51:28.763, 0, 434.27 W, 54, 2032 MHz, 3996 MHz, 0 %, 0 %
2026/09/20 10:51:28.763, 1, 402.62 W, 54, 2032 MHz, 3996 MHz, 0 %, 0 %
2026/09/20 10:51:28.763, 2, 352.98 W, 44, 2032 MHz, 3996 MHz, 0 %, 0 %
2026/09/20 10:51:28.763, 3, 413.60 W, 45, 2032 MHz, 3996 MHz, 0 %, 0 %
2026/09/20 10:51:28.763, 4, 183.25 W, 35, 120 MHz, 3996 MHz, 0 %, 0 %
2026/09/20 10:51:28.763, 5, 181.42 W, 33, 120 MHz, 3996 MHz, 0 %, 0 %
2026/09/20 10:51:28.763, 6, 180.60 W, 29, 120 MHz, 3996 MHz, 0 %, 0 %
2026/09/20 10:51:28.763, 7, 184.09 W, 29, 120 MHz, 3996 MHz, 0 %, 0 %
2026/09/20 10:51:29.763, 0, 636.02 W, 62, 2032 MHz, 3996 MHz, 99 %, 47 %
2026/09/20 10:51:29.763, 1, 628.21 W, 63, 2032 MHz, 3996 MHz, 100 %, 47 %
2026/09/20 10:51:29.763, 2, 647.80 W, 53, 2032 MHz, 3996 MHz, 100 %, 47 %
2026/09/20 10:51:29.763, 3, 614.95 W, 52, 2032 MHz, 3996 MHz, 100 %, 48 %
2026/09/20 10:51:29.763, 4, 183.29 W, 35, 120 MHz, 3996 MHz, 0 %, 0 %
2026/09/20 10:51:29.763, 5, 181.42 W, 33, 120 MHz, 3996 MHz, 0 %, 0 %
2026/09/20 10:51:29.764, 6, 180.67 W, 29, 120 MHz, 3996 MHz, 0 %, 0 %
2026/09/20 10:51:29.764, 7, 184.09 W, 29, 120 MHz, 3996 MHz, 0 %, 0 %
2026/09/20 10:51:30.764, 0, 955.81 W, 63, 2032 MHz, 3996 MHz, 99 %, 50 %
2026/09/20 10:51:30.764, 1, 951.44 W, 65, 2032 MHz, 3996 MHz, 99 %, 51 %
2026/09/20 10:51:30.764, 2, 927.52 W, 54, 2032 MHz, 3996 MHz, 99 %, 50 %
2026/09/20 10:51:30.764, 3, 923.73 W, 55, 2032 MHz, 3996 MHz, 99 %, 51 %
2026/09/20 10:51:30.764, 4, 183.25 W, 35, 120 MHz, 3996 MHz, 0 %, 0 %
2026/09/20 10:51:30.764, 5, 181.34 W, 33, 120 MHz, 3996 MHz, 0 %, 0 %
2026/09/20 10:51:30.764, 6, 180.52 W, 29, 120 MHz, 3996 MHz, 0 %, 0 %
2026/09/20 10:51:30.764, 7, 184.09 W, 29, 120 MHz, 3996 MHz, 0 %, 0 %
2026/09/20 10:51:31.764, 0, 960.79 W, 64, 2032 MHz, 3996 MHz, 99 %, 51 %
2026/09/20 10:51:31.764, 1, 959.43 W, 65, 2032 MHz, 3996 MHz, 100 %, 51 %
2026/09/20 10:51:31.764, 2, 936.94 W, 55, 2032 MHz, 3996 MHz, 99 %, 51 %
2026/09/20 10:51:31.764, 3, 932.98 W, 55, 2032 MHz, 3996 MHz, 100 %, 51 %
2026/09/20 10:51:31.764, 4, 183.25 W, 35, 120 MHz, 3996 MHz, 0 %, 0 %
2026/09/20 10:51:31.764, 5, 181.38 W, 33, 120 MHz, 3996 MHz, 0 %, 0 %
2026/09/20 10:51:31.764, 6, 180.40 W, 29, 120 MHz, 3996 MHz, 0 %, 0 %
2026/09/20 10:51:31.764, 7, 184.09 W, 29, 120 MHz, 3996 MHz, 0 %, 0 %
2026/09/20 10:51:32.764, 0, 966.91 W, 64, 2032 MHz, 3996 MHz, 100 %, 51 %
2026/09/20 10:51:32.764, 1, 963.68 W, 65, 2032 MHz, 3996 MHz, 100 %, 51 %
2026/09/20 10:51:32.764, 2, 939.24 W, 55, 2032 MHz, 3996 MHz, 99 %, 52 %
2026/09/20 10:51:32.764, 3, 936.79 W, 55, 2032 MHz, 3996 MHz, 100 %, 52 %
2026/09/20 10:51:32.764, 4, 183.29 W, 35, 120 MHz, 3996 MHz, 0 %, 0 %
2026/09/20 10:51:32.764, 5, 181.38 W, 33, 120 MHz, 3996 MHz, 0 %, 0 %
2026/09/20 10:51:32.764, 6, 180.63 W, 29, 120 MHz, 3996 MHz, 0 %, 0 %
2026/09/20 10:51:32.764, 7, 184.09 W, 29, 120 MHz, 3996 MHz, 0 %, 0 %
2026/09/20 10:51:33.764, 0, 964.70 W, 65, 2032 MHz, 3996 MHz, 99 %, 52 %
2026/09/20 10:51:33.764, 1, 966.44 W, 65, 2032 MHz, 3996 MHz, 99 %, 52 %
2026/09/20 10:51:33.764, 2, 936.72 W, 55, 2032 MHz, 3996 MHz, 99 %, 52 %
2026/09/20 10:51:33.764, 3, 941.04 W, 55, 2032 MHz, 3996 MHz, 99 %, 52 %
2026/09/20 10:51:33.764, 4, 183.25 W, 35, 120 MHz, 3996 MHz, 0 %, 0 %
2026/09/20 10:51:33.765, 5, 181.38 W, 33, 120 MHz, 3996 MHz, 0 %, 0 %
2026/09/20 10:51:33.765, 6, 180.51 W, 29, 120 MHz, 3996 MHz, 0 %, 0 %
2026/09/20 10:51:33.765, 7, 184.09 W, 29, 120 MHz, 3996 MHz, 0 %, 0 %
2026/09/20 10:51:34.765, 0, 965.28 W, 65, 2032 MHz, 3996 MHz, 99 %, 52 %
2026/09/20 10:51:34.765, 1, 968.66 W, 65, 2032 MHz, 3996 MHz, 100 %, 52 %
2026/09/20 10:51:34.765, 2, 940.85 W, 55, 2032 MHz, 3996 MHz, 99 %, 52 %
2026/09/20 10:51:34.765, 3, 941.22 W, 55, 2032 MHz, 3996 MHz, 100 %, 52 %
2026/09/20 10:51:34.765, 4, 183.25 W, 35, 120 MHz, 3996 MHz, 0 %, 0 %
2026/09/20 10:51:34.765, 5, 181.42 W, 33, 120 MHz, 3996 MHz, 0 %, 0 %
2026/09/20 10:51:34.765, 6, 180.66 W, 29, 120 MHz, 3996 MHz, 0 %, 0 %
2026/09/20 10:51:34.765, 7, 184.09 W, 29, 120 MHz, 3996 MHz, 0 %, 0 %
2026/09/20 10:51:35.765, 0, 970.10 W, 65, 2032 MHz, 3996 MHz, 99 %, 52 %
2026/09/20 10:51:35.765, 1, 971.62 W, 66, 2032 MHz, 3996 MHz, 100 %, 53 %
2026/09/20 10:51:35.765, 2, 943.80 W, 55, 2032 MHz, 3996 MHz, 100 %, 53 %
2026/09/20 10:51:35.765, 3, 944.02 W, 55, 2032 MHz, 3996 MHz, 100 %, 52 %
2026/09/20 10:51:35.765, 4, 183.25 W, 35, 120 MHz, 3996 MHz, 0 %, 0 %
2026/09/20 10:51:35.765, 5, 181.42 W, 33, 120 MHz, 3996 MHz, 0 %, 0 %
2026/09/20 10:51:35.765, 6, 180.86 W, 29, 120 MHz, 3996 MHz, 0 %, 0 %
2026/09/20 10:51:35.765, 7, 184.09 W, 29, 120 MHz, 3996 MHz, 0 %, 0 %
2026/09/20 10:51:36.765, 0, 969.94 W, 65, 2032 MHz, 3996 MHz, 99 %, 53 %
2026/09/20 10:51:36.765, 1, 974.39 W, 66, 2032 MHz, 3996 MHz, 100 %, 53 %
2026/09/20 10:51:36.765, 2, 944.84 W, 55, 2032 MHz, 3996 MHz, 99 %, 53 %
2026/09/20 10:51:36.765, 3, 942.16 W, 55, 2032 MHz, 3996 MHz, 100 %, 53 %
2026/09/20 10:51:36.765, 4, 183.25 W, 35, 120 MHz, 3996 MHz, 0 %, 0 %
2026/09/20 10:51:36.765, 5, 181.38 W, 33, 120 MHz, 3996 MHz, 0 %, 0 %
2026/09/20 10:51:36.765, 6, 180.85 W, 29, 120 MHz, 3996 MHz, 0 %, 0 %
2026/09/20 10:51:36.765, 7, 184.09 W, 29, 120 MHz, 3996 MHz, 0 %, 0 %
2026/09/20 10:51:37.766, 0, 971.80 W, 65, 2032 MHz, 3996 MHz, 99 %, 53 %
2026/09/20 10:51:37.766, 1, 976.22 W, 66, 2032 MHz, 3996 MHz, 100 %, 53 %
2026/09/20 10:51:37.766, 2, 945.10 W, 55, 2032 MHz, 3996 MHz, 99 %, 53 %
2026/09/20 10:51:37.766, 3, 945.19 W, 55, 2032 MHz, 3996 MHz, 100 %, 53 %
2026/09/20 10:51:37.766, 4, 183.29 W, 35, 120 MHz, 3996 MHz, 0 %, 0 %
2026/09/20 10:51:37.766, 5, 181.38 W, 33, 120 MHz, 3996 MHz, 0 %, 0 %
2026/09/20 10:51:37.766, 6, 180.70 W, 29, 120 MHz, 3996 MHz, 0 %, 0 %
2026/09/20 10:51:37.766, 7, 184.09 W, 29, 120 MHz, 3996 MHz, 0 %, 0 %
2026/09/20 10:51:38.766, 0, 971.66 W, 65, 2032 MHz, 3996 MHz, 100 %, 53 %
2026/09/20 10:51:38.766, 1, 978.28 W, 66, 2032 MHz, 3996 MHz, 99 %, 53 %
2026/09/20 10:51:38.766, 2, 946.02 W, 55, 2032 MHz, 3996 MHz, 100 %, 53 %
2026/09/20 10:51:38.766, 3, 946.54 W, 55, 2032 MHz, 3996 MHz, 99 %, 53 %
2026/09/20 10:51:38.766, 4, 183.25 W, 35, 120 MHz, 3996 MHz, 0 %, 0 %
2026/09/20 10:51:38.766, 5, 181.38 W, 33, 120 MHz, 3996 MHz, 0 %, 0 %
2026/09/20 10:51:38.766, 6, 180.55 W, 29, 120 MHz, 3996 MHz, 0 %, 0 %
2026/09/20 10:51:38.766, 7, 184.09 W, 29, 120 MHz, 3996 MHz, 0 %, 0 %
2026/09/20 10:51:39.766, 0, 970.65 W, 65, 2032 MHz, 3996 MHz, 99 %, 53 %
2026/09/20 10:51:39.766, 1, 978.27 W, 67, 2032 MHz, 3996 MHz, 100 %, 53 %
2026/09/20 10:51:39.766, 2, 943.75 W, 55, 2032 MHz, 3996 MHz, 99 %, 53 %
2026/09/20 10:51:39.766, 3, 944.01 W, 55, 2032 MHz, 3996 MHz, 100 %, 53 %
2026/09/20 10:51:39.766, 4, 183.25 W, 35, 120 MHz, 3996 MHz, 0 %, 0 %
2026/09/20 10:51:39.766, 5, 181.42 W, 33, 120 MHz, 3996 MHz, 0 %, 0 %
2026/09/20 10:51:39.766, 6, 180.75 W, 29, 120 MHz, 3996 MHz, 0 %, 0 %
2026/09/20 10:51:39.766, 7, 184.09 W, 29, 120 MHz, 3996 MHz, 0 %, 0 %
2026/09/20 10:51:40.766, 0, 970.44 W, 66, 2032 MHz, 3996 MHz, 99 %, 53 %
2026/09/20 10:51:40.766, 1, 978.28 W, 67, 2032 MHz, 3996 MHz, 100 %, 53 %
2026/09/20 10:51:40.766, 2, 941.96 W, 55, 2032 MHz, 3996 MHz, 99 %, 53 %
2026/09/20 10:51:40.766, 3, 946.19 W, 55, 2032 MHz, 3996 MHz, 100 %, 53 %
2026/09/20 10:51:40.766, 4, 183.29 W, 35, 120 MHz, 3996 MHz, 0 %, 0 %
2026/09/20 10:51:40.766, 5, 181.42 W, 33, 120 MHz, 3996 MHz, 0 %, 0 %
2026/09/20 10:51:40.766, 6, 180.66 W, 29, 120 MHz, 3996 MHz, 0 %, 0 %
2026/09/20 10:51:40.766, 7, 184.09 W, 29, 120 MHz, 3996 MHz, 0 %, 0 %
2026/09/20 10:51:41.767, 0, 969.93 W, 66, 2032 MHz, 3996 MHz, 99 %, 53 %
2026/09/20 10:51:41.767, 1, 978.63 W, 67, 2032 MHz, 3996 MHz, 100 %, 53 %
2026/09/20 10:51:41.767, 2, 942.83 W, 55, 2032 MHz, 3996 MHz, 100 %, 53 %
2026/09/20 10:51:41.767, 3, 944.08 W, 55, 2032 MHz, 3996 MHz, 100 %, 53 %
2026/09/20 10:51:41.767, 4, 183.25 W, 35, 120 MHz, 3996 MHz, 0 %, 0 %
2026/09/20 10:51:41.767, 5, 181.42 W, 33, 120 MHz, 3996 MHz, 0 %, 0 %
2026/09/20 10:51:41.767, 6, 180.63 W, 29, 120 MHz, 3996 MHz, 0 %, 0 %
2026/09/20 10:51:41.767, 7, 184.09 W, 29, 120 MHz, 3996 MHz, 0 %, 0 %
2026/09/20 10:51:42.767, 0, 969.70 W, 66, 2032 MHz, 3996 MHz, 99 %, 53 %
2026/09/20 10:51:42.767, 1, 976.75 W, 67, 2032 MHz, 3996 MHz, 100 %, 53 %
2026/09/20 10:51:42.767, 2, 943.42 W, 55, 2032 MHz, 3996 MHz, 99 %, 53 %
2026/09/20 10:51:42.767, 3, 946.03 W, 55, 2032 MHz, 3996 MHz, 100 %, 53 %
2026/09/20 10:51:42.767, 4, 183.25 W, 35, 120 MHz, 3996 MHz, 0 %, 0 %
2026/09/20 10:51:42.767, 5, 181.38 W, 33, 120 MHz, 3996 MHz, 0 %, 0 %
2026/09/20 10:51:42.767, 6, 180.86 W, 29, 120 MHz, 3996 MHz, 0 %, 0 %
2026/09/20 10:51:42.767, 7, 184.09 W, 29, 120 MHz, 3996 MHz, 0 %, 0 %
2026/09/20 10:51:43.767, 0, 970.68 W, 66, 2032 MHz, 3996 MHz, 99 %, 53 %
2026/09/20 10:51:43.767, 1, 979.28 W, 67, 2032 MHz, 3996 MHz, 100 %, 53 %
2026/09/20 10:51:43.767, 2, 941.08 W, 55, 2032 MHz, 3996 MHz, 99 %, 53 %
2026/09/20 10:51:43.767, 3, 944.53 W, 56, 2032 MHz, 3996 MHz, 100 %, 53 %
2026/09/20 10:51:43.767, 4, 183.25 W, 35, 120 MHz, 3996 MHz, 0 %, 0 %
2026/09/20 10:51:43.767, 5, 181.34 W, 33, 120 MHz, 3996 MHz, 0 %, 0 %
2026/09/20 10:51:43.767, 6, 180.82 W, 29, 120 MHz, 3996 MHz, 0 %, 0 %
2026/09/20 10:51:43.767, 7, 184.09 W, 29, 120 MHz, 3996 MHz, 0 %, 0 %
2026/09/20 10:51:44.767, 0, 715.82 W, 62, 2032 MHz, 3996 MHz, 100 %, 12 %
2026/09/20 10:51:44.767, 1, 1048.68 W, 70, 1680 MHz, 3996 MHz, 100 %, 33 %
2026/09/20 10:51:44.767, 2, 680.95 W, 51, 2032 MHz, 3996 MHz, 100 %, 12 %
2026/09/20 10:51:44.767, 3, 704.93 W, 52, 2032 MHz, 3996 MHz, 100 %, 12 %
2026/09/20 10:51:44.767, 4, 183.25 W, 35, 120 MHz, 3996 MHz, 0 %, 0 %
2026/09/20 10:51:44.768, 5, 181.38 W, 33, 120 MHz, 3996 MHz, 0 %, 0 %
2026/09/20 10:51:44.768, 6, 180.56 W, 29, 120 MHz, 3996 MHz, 0 %, 0 %
2026/09/20 10:51:44.768, 7, 184.09 W, 29, 120 MHz, 3996 MHz, 0 %, 0 %
2026/09/20 10:51:45.768, 0, 868.04 W, 64, 2032 MHz, 3996 MHz, 100 %, 33 %
2026/09/20 10:51:45.768, 1, 902.44 W, 67, 2032 MHz, 3996 MHz, 100 %, 12 %
2026/09/20 10:51:45.768, 2, 852.30 W, 54, 2032 MHz, 3996 MHz, 100 %, 12 %
2026/09/20 10:51:45.768, 3, 966.60 W, 56, 1950 MHz, 3996 MHz, 100 %, 46 %
2026/09/20 10:51:45.768, 4, 183.25 W, 35, 120 MHz, 3996 MHz, 0 %, 0 %
2026/09/20 10:51:45.768, 5, 181.42 W, 33, 120 MHz, 3996 MHz, 0 %, 0 %
2026/09/20 10:51:45.768, 6, 180.63 W, 29, 120 MHz, 3996 MHz, 0 %, 0 %
2026/09/20 10:51:45.768, 7, 184.09 W, 29, 120 MHz, 3996 MHz, 0 %, 0 %
2026/09/20 10:51:46.768, 0, 825.40 W, 63, 2032 MHz, 3996 MHz, 98 %, 23 %
2026/09/20 10:51:46.768, 1, 953.10 W, 67, 1875 MHz, 3996 MHz, 100 %, 34 %
2026/09/20 10:51:46.768, 2, 805.55 W, 54, 2032 MHz, 3996 MHz, 100 %, 12 %
2026/09/20 10:51:46.768, 3, 921.92 W, 53, 2032 MHz, 3996 MHz, 98 %, 27 %
2026/09/20 10:51:46.768, 4, 183.25 W, 35, 120 MHz, 3996 MHz, 0 %, 0 %
2026/09/20 10:51:46.768, 5, 181.38 W, 33, 120 MHz, 3996 MHz, 0 %, 0 %
2026/09/20 10:51:46.768, 6, 180.71 W, 29, 120 MHz, 3996 MHz, 0 %, 0 %
2026/09/20 10:51:46.768, 7, 184.09 W, 29, 120 MHz, 3996 MHz, 0 %, 0 %
2026/09/20 10:51:47.768, 0, 699.71 W, 64, 2032 MHz, 3996 MHz, 100 %, 53 %
2026/09/20 10:51:47.768, 1, 696.57 W, 66, 2032 MHz, 3996 MHz, 100 %, 53 %
2026/09/20 10:51:47.768, 2, 1027.44 W, 55, 2032 MHz, 3996 MHz, 100 %, 53 %
2026/09/20 10:51:47.768, 3, 677.40 W, 54, 2032 MHz, 3996 MHz, 99 %, 53 %
2026/09/20 10:51:47.768, 4, 183.25 W, 35, 120 MHz, 3996 MHz, 0 %, 0 %
2026/09/20 10:51:47.768, 5, 181.42 W, 33, 120 MHz, 3996 MHz, 0 %, 0 %
2026/09/20 10:51:47.768, 6, 180.65 W, 29, 120 MHz, 3996 MHz, 0 %, 0 %
2026/09/20 10:51:47.768, 7, 184.09 W, 29, 120 MHz, 3996 MHz, 0 %, 0 %
2026/09/20 10:51:48.769, 0, 949.63 W, 69, 1687 MHz, 3996 MHz, 100 %, 34 %
2026/09/20 10:51:48.769, 1, 703.43 W, 60, 2032 MHz, 3996 MHz, 100 %, 10 %
2026/09/20 10:51:48.769, 2, 659.79 W, 49, 2032 MHz, 3996 MHz, 100 %, 11 %
2026/09/20 10:51:48.769, 3, 817.12 W, 49, 2032 MHz, 3996 MHz, 100 %, 11 %
2026/09/20 10:51:48.769, 4, 183.25 W, 35, 120 MHz, 3996 MHz, 0 %, 0 %
2026/09/20 10:51:48.769, 5, 181.42 W, 33, 120 MHz, 3996 MHz, 0 %, 0 %
2026/09/20 10:51:48.769, 6, 180.55 W, 29, 120 MHz, 3996 MHz, 0 %, 0 %
2026/09/20 10:51:48.769, 7, 184.09 W, 29, 120 MHz, 3996 MHz, 0 %, 0 %
2026/09/20 10:51:49.769, 0, 1056.56 W, 69, 1807 MHz, 3996 MHz, 100 %, 34 %
2026/09/20 10:51:49.769, 1, 804.11 W, 61, 2032 MHz, 3996 MHz, 100 %, 14 %
2026/09/20 10:51:49.769, 2, 820.80 W, 54, 2032 MHz, 3996 MHz, 100 %, 32 %
2026/09/20 10:51:49.769, 3, 548.25 W, 49, 2032 MHz, 3996 MHz, 100 %, 13 %
2026/09/20 10:51:49.769, 4, 183.25 W, 35, 120 MHz, 3996 MHz, 0 %, 0 %
2026/09/20 10:51:49.769, 5, 181.34 W, 33, 120 MHz, 3996 MHz, 0 %, 0 %
2026/09/20 10:51:49.769, 6, 180.50 W, 29, 120 MHz, 3996 MHz, 0 %, 0 %
2026/09/20 10:51:49.769, 7, 184.09 W, 29, 120 MHz, 3996 MHz, 0 %, 0 %
2026/09/20 10:51:50.769, 0, 925.74 W, 66, 2025 MHz, 3996 MHz, 100 %, 50 %
2026/09/20 10:51:50.769, 1, 962.91 W, 69, 2032 MHz, 3996 MHz, 100 %, 53 %
2026/09/20 10:51:50.769, 2, 834.42 W, 57, 1972 MHz, 3996 MHz, 100 %, 53 %
2026/09/20 10:51:50.769, 3, 792.49 W, 54, 2032 MHz, 3996 MHz, 99 %, 41 %
2026/09/20 10:51:50.769, 4, 183.25 W, 35, 120 MHz, 3996 MHz, 0 %, 0 %
2026/09/20 10:51:50.769, 5, 181.26 W, 33, 120 MHz, 3996 MHz, 0 %, 0 %
2026/09/20 10:51:50.769, 6, 180.71 W, 29, 120 MHz, 3996 MHz, 0 %, 0 %
2026/09/20 10:51:50.769, 7, 184.09 W, 29, 120 MHz, 3996 MHz, 0 %, 0 %
2026/09/20 10:51:51.769, 0, 1065.90 W, 69, 1762 MHz, 3996 MHz, 100 %, 34 %
2026/09/20 10:51:51.769, 1, 869.64 W, 62, 2032 MHz, 3996 MHz, 100 %, 14 %
2026/09/20 10:51:51.769, 2, 1054.76 W, 58, 1822 MHz, 3996 MHz, 100 %, 34 %
2026/09/20 10:51:51.769, 3, 634.34 W, 49, 2032 MHz, 3996 MHz, 100 %, 15 %
2026/09/20 10:51:51.769, 4, 183.25 W, 35, 120 MHz, 3996 MHz, 0 %, 0 %
2026/09/20 10:51:51.770, 5, 181.38 W, 33, 120 MHz, 3996 MHz, 0 %, 0 %
2026/09/20 10:51:51.770, 6, 180.64 W, 29, 120 MHz, 3996 MHz, 0 %, 0 %
2026/09/20 10:51:51.770, 7, 184.09 W, 29, 120 MHz, 3996 MHz, 0 %, 0 %
2026/09/20 10:51:52.770, 0, 888.24 W, 64, 2032 MHz, 3996 MHz, 100 %, 14 %
2026/09/20 10:51:52.770, 1, 859.91 W, 63, 2032 MHz, 3996 MHz, 100 %, 34 %
2026/09/20 10:51:52.770, 2, 827.98 W, 58, 1905 MHz, 3996 MHz, 100 %, 36 %
2026/09/20 10:51:52.770, 3, 789.85 W, 56, 1950 MHz, 3996 MHz, 100 %, 35 %
2026/09/20 10:51:52.770, 4, 183.25 W, 35, 120 MHz, 3996 MHz, 0 %, 0 %
2026/09/20 10:51:52.770, 5, 181.34 W, 33, 120 MHz, 3996 MHz, 0 %, 0 %
2026/09/20 10:51:52.770, 6, 180.51 W, 29, 120 MHz, 3996 MHz, 0 %, 0 %
2026/09/20 10:51:52.770, 7, 184.09 W, 29, 120 MHz, 3996 MHz, 0 %, 0 %
2026/09/20 10:51:53.770, 0, 793.10 W, 69, 1897 MHz, 3996 MHz, 100 %, 34 %
2026/09/20 10:51:53.770, 1, 675.81 W, 62, 2032 MHz, 3996 MHz, 100 %, 15 %
2026/09/20 10:51:53.770, 2, 921.78 W, 50, 2032 MHz, 3996 MHz, 100 %, 20 %
2026/09/20 10:51:53.770, 3, 946.59 W, 57, 1912 MHz, 3996 MHz, 100 %, 35 %
2026/09/20 10:51:53.770, 4, 183.25 W, 35, 120 MHz, 3996 MHz, 0 %, 0 %
2026/09/20 10:51:53.770, 5, 181.38 W, 33, 120 MHz, 3996 MHz, 0 %, 0 %
2026/09/20 10:51:53.770, 6, 180.44 W, 29, 120 MHz, 3996 MHz, 0 %, 0 %
2026/09/20 10:51:53.770, 7, 184.09 W, 29, 120 MHz, 3996 MHz, 0 %, 0 %
2026/09/20 10:51:54.770, 0, 1067.36 W, 69, 1830 MHz, 3996 MHz, 100 %, 34 %
2026/09/20 10:51:54.770, 1, 559.08 W, 60, 2032 MHz, 3996 MHz, 100 %, 14 %
2026/09/20 10:51:54.770, 2, 537.57 W, 48, 2032 MHz, 3996 MHz, 100 %, 14 %
2026/09/20 10:51:54.770, 3, 1058.11 W, 59, 1950 MHz, 3996 MHz, 100 %, 33 %
2026/09/20 10:51:54.770, 4, 183.25 W, 35, 120 MHz, 3996 MHz, 0 %, 0 %
2026/09/20 10:51:54.770, 5, 181.34 W, 33, 120 MHz, 3996 MHz, 0 %, 0 %
2026/09/20 10:51:54.770, 6, 180.60 W, 29, 120 MHz, 3996 MHz, 0 %, 0 %
2026/09/20 10:51:54.770, 7, 184.09 W, 29, 120 MHz, 3996 MHz, 0 %, 0 %
2026/09/20 10:51:55.770, 0, 656.62 W, 61, 2032 MHz, 3996 MHz, 100 %, 15 %
2026/09/20 10:51:55.770, 1, 968.43 W, 70, 1860 MHz, 3996 MHz, 100 %, 34 %
2026/09/20 10:51:55.770, 2, 533.49 W, 47, 2032 MHz, 3996 MHz, 100 %, 14 %
2026/09/20 10:51:55.770, 3, 1062.47 W, 59, 1927 MHz, 3996 MHz, 100 %, 34 %
2026/09/20 10:51:55.770, 4, 183.25 W, 35, 120 MHz, 3996 MHz, 0 %, 0 %
2026/09/20 10:51:55.770, 5, 181.30 W, 33, 120 MHz, 3996 MHz, 0 %, 0 %
2026/09/20 10:51:55.771, 6, 180.59 W, 29, 120 MHz, 3996 MHz, 0 %, 0 %
2026/09/20 10:51:55.771, 7, 184.09 W, 29, 120 MHz, 3996 MHz, 0 %, 0 %
2026/09/20 10:51:56.771, 0, 778.81 W, 60, 2032 MHz, 3996 MHz, 100 %, 14 %
2026/09/20 10:51:56.771, 1, 717.01 W, 61, 2032 MHz, 3996 MHz, 100 %, 15 %
2026/09/20 10:51:56.771, 2, 887.68 W, 54, 2010 MHz, 3996 MHz, 100 %, 34 %
2026/09/20 10:51:56.771, 3, 958.03 W, 58, 1770 MHz, 3996 MHz, 100 %, 35 %
2026/09/20 10:51:56.771, 4, 183.25 W, 35, 120 MHz, 3996 MHz, 0 %, 0 %
2026/09/20 10:51:56.771, 5, 181.38 W, 33, 120 MHz, 3996 MHz, 0 %, 0 %
2026/09/20 10:51:56.771, 6, 180.60 W, 29, 120 MHz, 3996 MHz, 0 %, 0 %
2026/09/20 10:51:56.771, 7, 184.09 W, 29, 120 MHz, 3996 MHz, 0 %, 0 %
2026/09/20 10:51:57.771, 0, 860.25 W, 68, 1927 MHz, 3996 MHz, 100 %, 36 %
2026/09/20 10:51:57.771, 1, 847.32 W, 69, 1920 MHz, 3996 MHz, 100 %, 35 %
2026/09/20 10:51:57.771, 2, 845.84 W, 56, 1942 MHz, 3996 MHz, 100 %, 42 %
2026/09/20 10:51:57.771, 3, 970.42 W, 53, 2032 MHz, 3996 MHz, 100 %, 18 %
2026/09/20 10:51:57.771, 4, 183.25 W, 35, 120 MHz, 3996 MHz, 0 %, 0 %
2026/09/20 10:51:57.771, 5, 181.26 W, 33, 120 MHz, 3996 MHz, 0 %, 0 %
2026/09/20 10:51:57.771, 6, 180.44 W, 29, 120 MHz, 3996 MHz, 0 %, 0 %
2026/09/20 10:51:57.771, 7, 184.09 W, 29, 120 MHz, 3996 MHz, 0 %, 0 %
2026/09/20 10:51:58.771, 0, 957.33 W, 69, 1890 MHz, 3996 MHz, 100 %, 35 %
2026/09/20 10:51:58.771, 1, 848.80 W, 63, 2032 MHz, 3996 MHz, 100 %, 15 %
2026/09/20 10:51:58.771, 2, 944.01 W, 57, 1905 MHz, 3996 MHz, 100 %, 39 %
2026/09/20 10:51:58.771, 3, 806.60 W, 51, 2032 MHz, 3996 MHz, 100 %, 15 %
2026/09/20 10:51:58.771, 4, 183.25 W, 35, 120 MHz, 3996 MHz, 0 %, 0 %
2026/09/20 10:51:58.771, 5, 181.30 W, 33, 120 MHz, 3996 MHz, 0 %, 0 %
2026/09/20 10:51:58.771, 6, 180.36 W, 29, 120 MHz, 3996 MHz, 0 %, 0 %
2026/09/20 10:51:58.771, 7, 184.09 W, 29, 120 MHz, 3996 MHz, 0 %, 0 %
2026/09/20 10:51:59.771, 0, 953.65 W, 65, 2032 MHz, 3996 MHz, 100 %, 12 %
2026/09/20 10:51:59.771, 1, 713.84 W, 64, 2032 MHz, 3996 MHz, 100 %, 13 %
2026/09/20 10:51:59.771, 2, 814.01 W, 53, 2032 MHz, 3996 MHz, 100 %, 12 %
2026/09/20 10:51:59.771, 3, 831.91 W, 58, 1762 MHz, 3996 MHz, 100 %, 36 %
2026/09/20 10:51:59.771, 4, 183.25 W, 35, 120 MHz, 3996 MHz, 0 %, 0 %
2026/09/20 10:51:59.771, 5, 181.26 W, 32, 120 MHz, 3996 MHz, 0 %, 0 %
2026/09/20 10:51:59.772, 6, 180.41 W, 29, 120 MHz, 3996 MHz, 0 %, 0 %
2026/09/20 10:51:59.772, 7, 184.09 W, 29, 120 MHz, 3996 MHz, 0 %, 0 %
2026/09/20 10:52:00.772, 0, 944.72 W, 69, 1950 MHz, 3996 MHz, 100 %, 35 %
2026/09/20 10:52:00.772, 1, 827.66 W, 61, 2032 MHz, 3996 MHz, 100 %, 17 %
2026/09/20 10:52:00.772, 2, 924.84 W, 53, 2025 MHz, 3996 MHz, 100 %, 35 %
2026/09/20 10:52:00.772, 3, 938.66 W, 57, 1920 MHz, 3996 MHz, 100 %, 34 %
2026/09/20 10:52:00.772, 4, 183.25 W, 35, 120 MHz, 3996 MHz, 0 %, 0 %
2026/09/20 10:52:00.772, 5, 181.38 W, 32, 120 MHz, 3996 MHz, 0 %, 0 %
2026/09/20 10:52:00.772, 6, 180.39 W, 29, 120 MHz, 3996 MHz, 0 %, 0 %
2026/09/20 10:52:00.772, 7, 184.09 W, 29, 120 MHz, 3996 MHz, 0 %, 0 %
2026/09/20 10:52:01.772, 0, 846.16 W, 62, 2032 MHz, 3996 MHz, 100 %, 15 %
2026/09/20 10:52:01.772, 1, 861.93 W, 69, 1822 MHz, 3996 MHz, 100 %, 36 %
2026/09/20 10:52:01.772, 2, 844.15 W, 56, 1957 MHz, 3996 MHz, 100 %, 33 %
2026/09/20 10:52:01.772, 3, 820.60 W, 50, 2032 MHz, 3996 MHz, 100 %, 14 %
2026/09/20 10:52:01.772, 4, 183.25 W, 35, 120 MHz, 3996 MHz, 0 %, 0 %
2026/09/20 10:52:01.772, 5, 181.26 W, 32, 120 MHz, 3996 MHz, 0 %, 0 %
2026/09/20 10:52:01.772, 6, 180.48 W, 29, 120 MHz, 3996 MHz, 0 %, 0 %
2026/09/20 10:52:01.772, 7, 184.09 W, 29, 120 MHz, 3996 MHz, 0 %, 0 %
2026/09/20 10:52:02.772, 0, 852.40 W, 68, 1905 MHz, 3996 MHz, 100 %, 33 %
2026/09/20 10:52:02.772, 1, 856.28 W, 61, 2032 MHz, 3996 MHz, 100 %, 14 %
2026/09/20 10:52:02.772, 2, 710.97 W, 47, 2032 MHz, 3996 MHz, 100 %, 15 %
2026/09/20 10:52:02.772, 3, 834.19 W, 58, 1785 MHz, 3996 MHz, 100 %, 36 %
2026/09/20 10:52:02.772, 4, 183.25 W, 35, 120 MHz, 3996 MHz, 0 %, 0 %
2026/09/20 10:52:02.772, 5, 180.99 W, 32, 120 MHz, 3996 MHz, 0 %, 0 %
2026/09/20 10:52:02.772, 6, 180.35 W, 29, 120 MHz, 3996 MHz, 0 %, 0 %
2026/09/20 10:52:02.772, 7, 184.09 W, 29, 120 MHz, 3996 MHz, 0 %, 0 %
2026/09/20 10:52:03.772, 0, 628.29 W, 58, 2032 MHz, 3996 MHz, 100 %, 11 %
2026/09/20 10:52:03.772, 1, 594.67 W, 58, 2032 MHz, 3996 MHz, 100 %, 10 %
2026/09/20 10:52:03.772, 2, 957.14 W, 56, 1695 MHz, 3996 MHz, 100 %, 33 %
2026/09/20 10:52:03.772, 3, 715.56 W, 47, 2032 MHz, 3996 MHz, 100 %, 10 %
2026/09/20 10:52:03.772, 4, 183.25 W, 35, 120 MHz, 3996 MHz, 0 %, 0 %
2026/09/20 10:52:03.773, 5, 180.65 W, 32, 120 MHz, 3996 MHz, 0 %, 0 %
2026/09/20 10:52:03.773, 6, 180.39 W, 29, 120 MHz, 3996 MHz, 0 %, 0 %
2026/09/20 10:52:03.773, 7, 184.09 W, 29, 120 MHz, 3996 MHz, 0 %, 0 %
2026/09/20 10:52:04.773, 0, 924.51 W, 68, 1875 MHz, 3996 MHz, 100 %, 33 %
2026/09/20 10:52:04.773, 1, 543.39 W, 58, 2032 MHz, 3996 MHz, 100 %, 14 %
2026/09/20 10:52:04.773, 2, 1040.33 W, 55, 2032 MHz, 3996 MHz, 96 %, 27 %
2026/09/20 10:52:04.773, 3, 800.98 W, 50, 2032 MHz, 3996 MHz, 100 %, 14 %
2026/09/20 10:52:04.773, 4, 183.25 W, 34, 120 MHz, 3996 MHz, 0 %, 0 %
2026/09/20 10:52:04.773, 5, 180.95 W, 32, 120 MHz, 3996 MHz, 0 %, 0 %
2026/09/20 10:52:04.773, 6, 180.24 W, 29, 120 MHz, 3996 MHz, 0 %, 0 %
2026/09/20 10:52:04.773, 7, 184.09 W, 29, 120 MHz, 3996 MHz, 0 %, 0 %
2026/09/20 10:52:05.773, 0, 664.32 W, 59, 2032 MHz, 3996 MHz, 100 %, 14 %
2026/09/20 10:52:05.773, 1, 977.08 W, 68, 1792 MHz, 3996 MHz, 100 %, 34 %
2026/09/20 10:52:05.773, 2, 1045.58 W, 57, 2017 MHz, 3996 MHz, 100 %, 29 %
2026/09/20 10:52:05.773, 3, 548.26 W, 47, 2032 MHz, 3996 MHz, 100 %, 13 %
2026/09/20 10:52:05.773, 4, 183.25 W, 34, 120 MHz, 3996 MHz, 0 %, 0 %
2026/09/20 10:52:05.773, 5, 180.88 W, 32, 120 MHz, 3996 MHz, 0 %, 0 %
2026/09/20 10:52:05.773, 6, 180.24 W, 29, 120 MHz, 3996 MHz, 0 %, 0 %
2026/09/20 10:52:05.773, 7, 184.09 W, 29, 120 MHz, 3996 MHz, 0 %, 0 %
2026/09/20 10:52:06.773, 0, 821.12 W, 60, 2032 MHz, 3996 MHz, 100 %, 15 %
2026/09/20 10:52:06.773, 1, 1055.85 W, 69, 1710 MHz, 3996 MHz, 100 %, 35 %
2026/09/20 10:52:06.773, 2, 825.35 W, 55, 1972 MHz, 3996 MHz, 100 %, 32 %
2026/09/20 10:52:06.773, 3, 812.67 W, 48, 2032 MHz, 3996 MHz, 100 %, 14 %
2026/09/20 10:52:06.773, 4, 183.25 W, 34, 120 MHz, 3996 MHz, 0 %, 0 %
2026/09/20 10:52:06.773, 5, 180.65 W, 32, 120 MHz, 3996 MHz, 0 %, 0 %
2026/09/20 10:52:06.773, 6, 180.28 W, 29, 120 MHz, 3996 MHz, 0 %, 0 %
2026/09/20 10:52:06.773, 7, 184.09 W, 29, 120 MHz, 3996 MHz, 0 %, 0 %
2026/09/20 10:52:07.774, 0, 861.23 W, 66, 1807 MHz, 3996 MHz, 100 %, 34 %
2026/09/20 10:52:07.774, 1, 834.99 W, 60, 2032 MHz, 3996 MHz, 100 %, 14 %
2026/09/20 10:52:07.774, 2, 708.80 W, 49, 2032 MHz, 3996 MHz, 100 %, 15 %
2026/09/20 10:52:07.774, 3, 851.53 W, 55, 1897 MHz, 3996 MHz, 100 %, 34 %
2026/09/20 10:52:07.774, 4, 183.25 W, 34, 120 MHz, 3996 MHz, 0 %, 0 %
2026/09/20 10:52:07.774, 5, 180.60 W, 32, 120 MHz, 3996 MHz, 0 %, 0 %
2026/09/20 10:52:07.774, 6, 180.32 W, 29, 120 MHz, 3996 MHz, 0 %, 0 %
2026/09/20 10:52:07.774, 7, 184.09 W, 29, 120 MHz, 3996 MHz, 0 %, 0 %
2026/09/20 10:52:08.774, 0, 725.39 W, 66, 1755 MHz, 3996 MHz, 100 %, 36 %
2026/09/20 10:52:08.774, 1, 1020.92 W, 64, 2025 MHz, 3996 MHz, 100 %, 18 %
2026/09/20 10:52:08.774, 2, 891.32 W, 50, 2032 MHz, 3996 MHz, 100 %, 12 %
2026/09/20 10:52:08.774, 3, 653.29 W, 49, 2032 MHz, 3996 MHz, 100 %, 13 %
2026/09/20 10:52:08.774, 4, 183.25 W, 34, 120 MHz, 3996 MHz, 0 %, 0 %
2026/09/20 10:52:08.774, 5, 179.93 W, 32, 120 MHz, 3996 MHz, 0 %, 0 %
2026/09/20 10:52:08.774, 6, 180.24 W, 29, 120 MHz, 3996 MHz, 0 %, 0 %
2026/09/20 10:52:08.774, 7, 184.09 W, 29, 120 MHz, 3996 MHz, 0 %, 0 %
2026/09/20 10:52:09.774, 0, 705.52 W, 57, 2032 MHz, 3996 MHz, 100 %, 11 %
2026/09/20 10:52:09.774, 1, 884.06 W, 61, 2032 MHz, 3996 MHz, 100 %, 10 %
2026/09/20 10:52:09.774, 2, 1027.27 W, 56, 1695 MHz, 3996 MHz, 100 %, 34 %
2026/09/20 10:52:09.774, 3, 880.98 W, 48, 2032 MHz, 3996 MHz, 100 %, 10 %
2026/09/20 10:52:09.774, 4, 183.25 W, 34, 120 MHz, 3996 MHz, 0 %, 0 %
2026/09/20 10:52:09.774, 5, 179.89 W, 32, 120 MHz, 3996 MHz, 0 %, 0 %
2026/09/20 10:52:09.774, 6, 180.20 W, 29, 120 MHz, 3996 MHz, 0 %, 0 %
2026/09/20 10:52:09.774, 7, 184.09 W, 29, 120 MHz, 3996 MHz, 0 %, 0 %
2026/09/20 10:52:10.774, 0, 947.35 W, 66, 1702 MHz, 3996 MHz, 100 %, 34 %
2026/09/20 10:52:10.774, 1, 585.43 W, 61, 2032 MHz, 3996 MHz, 100 %, 12 %
2026/09/20 10:52:10.774, 2, 920.68 W, 51, 2032 MHz, 3996 MHz, 100 %, 13 %
2026/09/20 10:52:10.774, 3, 564.47 W, 48, 2032 MHz, 3996 MHz, 100 %, 13 %
2026/09/20 10:52:10.774, 4, 183.25 W, 34, 120 MHz, 3996 MHz, 0 %, 0 %
2026/09/20 10:52:10.774, 5, 179.81 W, 32, 120 MHz, 3996 MHz, 0 %, 0 %
2026/09/20 10:52:10.774, 6, 180.21 W, 29, 120 MHz, 3996 MHz, 0 %, 0 %
2026/09/20 10:52:10.774, 7, 184.09 W, 29, 120 MHz, 3996 MHz, 0 %, 0 %
2026/09/20 10:52:11.775, 0, 589.12 W, 57, 2032 MHz, 3996 MHz, 100 %, 14 %
2026/09/20 10:52:11.775, 1, 857.14 W, 59, 2032 MHz, 3996 MHz, 100 %, 14 %
2026/09/20 10:52:11.775, 2, 1058.44 W, 56, 2010 MHz, 3996 MHz, 100 %, 30 %
2026/09/20 10:52:11.775, 3, 1060.80 W, 56, 1815 MHz, 3996 MHz, 100 %, 34 %
2026/09/20 10:52:11.775, 4, 183.25 W, 34, 120 MHz, 3996 MHz, 0 %, 0 %
2026/09/20 10:52:11.775, 5, 179.85 W, 32, 120 MHz, 3996 MHz, 0 %, 0 %
2026/09/20 10:52:11.775, 6, 180.21 W, 29, 120 MHz, 3996 MHz, 0 %, 0 %
2026/09/20 10:52:11.775, 7, 184.09 W, 29, 120 MHz, 3996 MHz, 0 %, 0 %
2026/09/20 10:52:12.775, 0, 1014.55 W, 66, 1980 MHz, 3996 MHz, 100 %, 40 %
2026/09/20 10:52:12.775, 1, 541.21 W, 59, 2032 MHz, 3996 MHz, 100 %, 14 %
2026/09/20 10:52:12.775, 2, 593.05 W, 51, 2017 MHz, 3996 MHz, 100 %, 14 %
2026/09/20 10:52:12.775, 3, 1025.47 W, 56, 2032 MHz, 3996 MHz, 100 %, 39 %
2026/09/20 10:52:12.775, 4, 183.25 W, 34, 120 MHz, 3996 MHz, 0 %, 0 %
2026/09/20 10:52:12.775, 5, 179.70 W, 32, 120 MHz, 3996 MHz, 0 %, 0 %
2026/09/20 10:52:12.775, 6, 180.21 W, 29, 120 MHz, 3996 MHz, 0 %, 0 %
2026/09/20 10:52:12.775, 7, 184.09 W, 29, 120 MHz, 3996 MHz, 0 %, 0 %
2026/09/20 10:52:13.775, 0, 854.92 W, 65, 1867 MHz, 3996 MHz, 100 %, 34 %
2026/09/20 10:52:13.775, 1, 705.53 W, 59, 2032 MHz, 3996 MHz, 100 %, 15 %
2026/09/20 10:52:13.775, 2, 920.56 W, 47, 2032 MHz, 3996 MHz, 100 %, 16 %
2026/09/20 10:52:13.775, 3, 843.70 W, 56, 1912 MHz, 3996 MHz, 100 %, 34 %
2026/09/20 10:52:13.775, 4, 183.25 W, 34, 120 MHz, 3996 MHz, 0 %, 0 %
2026/09/20 10:52:13.775, 5, 179.78 W, 32, 120 MHz, 3996 MHz, 0 %, 0 %
2026/09/20 10:52:13.775, 6, 180.17 W, 29, 120 MHz, 3996 MHz, 0 %, 0 %
2026/09/20 10:52:13.775, 7, 184.09 W, 29, 120 MHz, 3996 MHz, 0 %, 0 %
2026/09/20 10:52:14.775, 0, 768.64 W, 58, 2032 MHz, 3996 MHz, 100 %, 17 %
2026/09/20 10:52:14.775, 1, 981.70 W, 66, 1867 MHz, 3996 MHz, 100 %, 35 %
2026/09/20 10:52:14.775, 2, 874.42 W, 54, 2025 MHz, 3996 MHz, 100 %, 33 %
2026/09/20 10:52:14.775, 3, 934.89 W, 55, 1995 MHz, 3996 MHz, 100 %, 33 %
2026/09/20 10:52:14.775, 4, 183.25 W, 34, 120 MHz, 3996 MHz, 0 %, 0 %
2026/09/20 10:52:14.775, 5, 179.50 W, 32, 120 MHz, 3996 MHz, 0 %, 0 %
2026/09/20 10:52:14.775, 6, 180.21 W, 29, 120 MHz, 3996 MHz, 0 %, 0 %
2026/09/20 10:52:14.776, 7, 184.09 W, 29, 120 MHz, 3996 MHz, 0 %, 0 %
2026/09/20 10:52:15.776, 0, 635.80 W, 57, 2032 MHz, 3996 MHz, 100 %, 14 %
2026/09/20 10:52:15.776, 1, 835.61 W, 59, 2032 MHz, 3996 MHz, 100 %, 15 %
2026/09/20 10:52:15.776, 2, 942.16 W, 53, 2010 MHz, 3996 MHz, 100 %, 35 %
2026/09/20 10:52:15.776, 3, 958.09 W, 56, 1837 MHz, 3996 MHz, 100 %, 35 %
2026/09/20 10:52:15.776, 4, 183.25 W, 34, 120 MHz, 3996 MHz, 0 %, 0 %
2026/09/20 10:52:15.776, 5, 179.66 W, 31, 120 MHz, 3996 MHz, 0 %, 0 %
2026/09/20 10:52:15.776, 6, 180.17 W, 29, 120 MHz, 3996 MHz, 0 %, 0 %
2026/09/20 10:52:15.776, 7, 184.09 W, 29, 120 MHz, 3996 MHz, 0 %, 0 %
2026/09/20 10:52:16.776, 0, 499.10 W, 55, 2032 MHz, 3996 MHz, 100 %, 17 %
2026/09/20 10:52:16.776, 1, 1069.54 W, 66, 1957 MHz, 3996 MHz, 100 %, 31 %
2026/09/20 10:52:16.776, 2, 566.88 W, 52, 1950 MHz, 3996 MHz, 100 %, 17 %
2026/09/20 10:52:16.776, 3, 571.33 W, 52, 1942 MHz, 3996 MHz, 100 %, 35 %
2026/09/20 10:52:16.776, 4, 183.25 W, 34, 120 MHz, 3996 MHz, 0 %, 0 %
2026/09/20 10:52:16.776, 5, 179.58 W, 31, 120 MHz, 3996 MHz, 0 %, 0 %
2026/09/20 10:52:16.776, 6, 180.17 W, 29, 120 MHz, 3996 MHz, 0 %, 0 %
2026/09/20 10:52:16.776, 7, 184.09 W, 29, 120 MHz, 3996 MHz, 0 %, 0 %
2026/09/20 10:52:17.776, 0, 584.17 W, 57, 2032 MHz, 3996 MHz, 100 %, 12 %
2026/09/20 10:52:17.776, 1, 1061.87 W, 67, 1635 MHz, 3996 MHz, 100 %, 34 %
2026/09/20 10:52:17.776, 2, 713.45 W, 47, 2032 MHz, 3996 MHz, 100 %, 11 %
2026/09/20 10:52:17.776, 3, 753.15 W, 48, 2032 MHz, 3996 MHz, 100 %, 12 %
2026/09/20 10:52:17.776, 4, 183.25 W, 33, 120 MHz, 3996 MHz, 0 %, 0 %
2026/09/20 10:52:17.776, 5, 179.62 W, 31, 120 MHz, 3996 MHz, 0 %, 0 %
2026/09/20 10:52:17.777, 6, 180.20 W, 29, 120 MHz, 3996 MHz, 0 %, 0 %
2026/09/20 10:52:17.777, 7, 184.09 W, 29, 120 MHz, 3996 MHz, 0 %, 0 %
2026/09/20 10:52:18.777, 0, 672.94 W, 59, 2032 MHz, 3996 MHz, 100 %, 13 %
2026/09/20 10:52:18.777, 1, 849.95 W, 66, 1627 MHz, 3996 MHz, 100 %, 35 %
2026/09/20 10:52:18.777, 2, 912.87 W, 50, 2032 MHz, 3996 MHz, 100 %, 12 %
2026/09/20 10:52:18.777, 3, 903.32 W, 50, 2032 MHz, 3996 MHz, 100 %, 13 %
2026/09/20 10:52:18.777, 4, 183.25 W, 33, 120 MHz, 3996 MHz, 0 %, 0 %
2026/09/20 10:52:18.777, 5, 179.47 W, 31, 120 MHz, 3996 MHz, 0 %, 0 %
2026/09/20 10:52:18.777, 6, 180.16 W, 29, 120 MHz, 3996 MHz, 0 %, 0 %
2026/09/20 10:52:18.777, 7, 184.09 W, 29, 120 MHz, 3996 MHz, 0 %, 0 %
2026/09/20 10:52:19.777, 0, 1056.22 W, 65, 1755 MHz, 3996 MHz, 100 %, 35 %
2026/09/20 10:52:19.777, 1, 871.00 W, 58, 2032 MHz, 3996 MHz, 100 %, 14 %
2026/09/20 10:52:19.777, 2, 1063.96 W, 54, 1980 MHz, 3996 MHz, 100 %, 30 %
2026/09/20 10:52:19.777, 3, 878.58 W, 47, 2032 MHz, 3996 MHz, 100 %, 14 %
2026/09/20 10:52:19.777, 4, 183.25 W, 33, 120 MHz, 3996 MHz, 0 %, 0 %
2026/09/20 10:52:19.777, 5, 179.46 W, 31, 120 MHz, 3996 MHz, 0 %, 0 %
2026/09/20 10:52:19.777, 6, 180.17 W, 29, 120 MHz, 3996 MHz, 0 %, 0 %
2026/09/20 10:52:19.777, 7, 184.09 W, 29, 120 MHz, 3996 MHz, 0 %, 0 %
2026/09/20 10:52:20.777, 0, 928.07 W, 61, 2032 MHz, 3996 MHz, 100 %, 12 %
2026/09/20 10:52:20.777, 1, 640.52 W, 60, 2032 MHz, 3996 MHz, 100 %, 12 %
2026/09/20 10:52:20.777, 2, 945.09 W, 50, 2032 MHz, 3996 MHz, 100 %, 12 %
2026/09/20 10:52:20.777, 3, 994.26 W, 55, 1785 MHz, 3996 MHz, 100 %, 34 %
2026/09/20 10:52:20.777, 4, 183.25 W, 33, 120 MHz, 3996 MHz, 0 %, 0 %
2026/09/20 10:52:20.777, 5, 179.50 W, 31, 120 MHz, 3996 MHz, 0 %, 0 %
2026/09/20 10:52:20.777, 6, 180.16 W, 29, 120 MHz, 3996 MHz, 0 %, 0 %
2026/09/20 10:52:20.777, 7, 184.09 W, 29, 120 MHz, 3996 MHz, 0 %, 0 %
2026/09/20 10:52:21.778, 0, 1057.05 W, 64, 1920 MHz, 3996 MHz, 100 %, 34 %
2026/09/20 10:52:21.778, 1, 1061.08 W, 66, 1852 MHz, 3996 MHz, 100 %, 33 %
2026/09/20 10:52:21.778, 2, 852.07 W, 47, 2032 MHz, 3996 MHz, 100 %, 14 %
2026/09/20 10:52:21.778, 3, 596.61 W, 46, 2032 MHz, 3996 MHz, 100 %, 15 %
2026/09/20 10:52:21.778, 4, 183.25 W, 33, 120 MHz, 3996 MHz, 0 %, 0 %
2026/09/20 10:52:21.778, 5, 179.46 W, 31, 120 MHz, 3996 MHz, 0 %, 0 %
2026/09/20 10:52:21.778, 6, 180.17 W, 28, 120 MHz, 3996 MHz, 0 %, 0 %
2026/09/20 10:52:21.778, 7, 184.09 W, 29, 120 MHz, 3996 MHz, 0 %, 0 %
2026/09/20 10:52:22.778, 0, 847.77 W, 64, 1717 MHz, 3996 MHz, 100 %, 33 %
2026/09/20 10:52:22.778, 1, 578.17 W, 57, 2032 MHz, 3996 MHz, 100 %, 14 %
2026/09/20 10:52:22.778, 2, 780.91 W, 45, 2032 MHz, 3996 MHz, 100 %, 15 %
2026/09/20 10:52:22.778, 3, 1050.44 W, 54, 2025 MHz, 3996 MHz, 100 %, 24 %
2026/09/20 10:52:22.778, 4, 183.25 W, 33, 120 MHz, 3996 MHz, 0 %, 0 %
2026/09/20 10:52:22.778, 5, 179.46 W, 31, 120 MHz, 3996 MHz, 0 %, 0 %
2026/09/20 10:52:22.778, 6, 180.17 W, 28, 120 MHz, 3996 MHz, 0 %, 0 %
2026/09/20 10:52:22.778, 7, 184.09 W, 29, 120 MHz, 3996 MHz, 0 %, 0 %
2026/09/20 10:52:23.778, 0, 960.03 W, 65, 1762 MHz, 3996 MHz, 100 %, 34 %
2026/09/20 10:52:23.778, 1, 708.37 W, 57, 2032 MHz, 3996 MHz, 100 %, 14 %
2026/09/20 10:52:23.778, 2, 805.33 W, 47, 2032 MHz, 3996 MHz, 100 %, 16 %
2026/09/20 10:52:23.778, 3, 861.46 W, 55, 1905 MHz, 3996 MHz, 100 %, 35 %
2026/09/20 10:52:23.778, 4, 183.25 W, 33, 120 MHz, 3996 MHz, 0 %, 0 %
2026/09/20 10:52:23.778, 5, 179.47 W, 31, 120 MHz, 3996 MHz, 0 %, 0 %
2026/09/20 10:52:23.778, 6, 180.16 W, 28, 120 MHz, 3996 MHz, 0 %, 0 %
2026/09/20 10:52:23.778, 7, 184.05 W, 29, 120 MHz, 3996 MHz, 0 %, 0 %
2026/09/20 10:52:24.778, 0, 652.06 W, 54, 2032 MHz, 3996 MHz, 100 %, 15 %
2026/09/20 10:52:24.778, 1, 994.69 W, 65, 1807 MHz, 3996 MHz, 100 %, 34 %
2026/09/20 10:52:24.778, 2, 813.63 W, 46, 2032 MHz, 3996 MHz, 100 %, 15 %
2026/09/20 10:52:24.778, 3, 823.95 W, 54, 1912 MHz, 3996 MHz, 100 %, 34 %
2026/09/20 10:52:24.778, 4, 183.25 W, 33, 120 MHz, 3996 MHz, 0 %, 0 %
2026/09/20 10:52:24.779, 5, 179.47 W, 31, 120 MHz, 3996 MHz, 0 %, 0 %
2026/09/20 10:52:24.779, 6, 180.15 W, 28, 120 MHz, 3996 MHz, 0 %, 0 %
2026/09/20 10:52:24.779, 7, 184.09 W, 29, 120 MHz, 3996 MHz, 0 %, 0 %
2026/09/20 10:52:25.779, 0, 606.53 W, 56, 2032 MHz, 3996 MHz, 100 %, 11 %
2026/09/20 10:52:25.779, 1, 689.66 W, 57, 2032 MHz, 3996 MHz, 100 %, 11 %
2026/09/20 10:52:25.779, 2, 866.29 W, 53, 1717 MHz, 3996 MHz, 100 %, 34 %
2026/09/20 10:52:25.779, 3, 792.17 W, 47, 2032 MHz, 3996 MHz, 100 %, 11 %
2026/09/20 10:52:25.779, 4, 183.25 W, 33, 120 MHz, 3996 MHz, 0 %, 0 %
2026/09/20 10:52:25.779, 5, 179.54 W, 31, 120 MHz, 3996 MHz, 0 %, 0 %
2026/09/20 10:52:25.779, 6, 180.15 W, 28, 120 MHz, 3996 MHz, 0 %, 0 %
2026/09/20 10:52:25.779, 7, 184.09 W, 29, 120 MHz, 3996 MHz, 0 %, 0 %
2026/09/20 10:52:26.779, 0, 995.89 W, 64, 1695 MHz, 3996 MHz, 100 %, 34 %
2026/09/20 10:52:26.779, 1, 646.97 W, 58, 2032 MHz, 3996 MHz, 100 %, 11 %
2026/09/20 10:52:26.779, 2, 728.00 W, 47, 2032 MHz, 3996 MHz, 100 %, 12 %
2026/09/20 10:52:26.779, 3, 630.79 W, 47, 2032 MHz, 3996 MHz, 100 %, 12 %
2026/09/20 10:52:26.779, 4, 183.25 W, 33, 120 MHz, 3996 MHz, 0 %, 0 %
2026/09/20 10:52:26.779, 5, 179.47 W, 31, 120 MHz, 3996 MHz, 0 %, 0 %
2026/09/20 10:52:26.779, 6, 180.16 W, 28, 120 MHz, 3996 MHz, 0 %, 0 %
2026/09/20 10:52:26.779, 7, 184.05 W, 29, 120 MHz, 3996 MHz, 0 %, 0 %
2026/09/20 10:52:27.779, 0, 938.26 W, 63, 1890 MHz, 3996 MHz, 100 %, 36 %
2026/09/20 10:52:27.779, 1, 1044.85 W, 64, 1927 MHz, 3996 MHz, 100 %, 33 %
2026/09/20 10:52:27.779, 2, 908.33 W, 53, 1987 MHz, 3996 MHz, 100 %, 33 %
2026/09/20 10:52:27.779, 3, 925.16 W, 53, 1942 MHz, 3996 MHz, 100 %, 34 %
2026/09/20 10:52:27.779, 4, 183.25 W, 33, 120 MHz, 3996 MHz, 0 %, 0 %
2026/09/20 10:52:27.779, 5, 179.47 W, 31, 120 MHz, 3996 MHz, 0 %, 0 %
2026/09/20 10:52:27.779, 6, 180.17 W, 28, 120 MHz, 3996 MHz, 0 %, 0 %
2026/09/20 10:52:27.779, 7, 184.09 W, 29, 120 MHz, 3996 MHz, 0 %, 0 %
2026/09/20 10:52:28.779, 0, 952.50 W, 63, 1920 MHz, 3996 MHz, 100 %, 40 %
2026/09/20 10:52:28.779, 1, 847.15 W, 63, 1867 MHz, 3996 MHz, 100 %, 39 %
2026/09/20 10:52:28.779, 2, 925.59 W, 51, 2032 MHz, 3996 MHz, 100 %, 40 %
2026/09/20 10:52:28.779, 3, 773.48 W, 48, 2032 MHz, 3996 MHz, 100 %, 17 %
2026/09/20 10:52:28.779, 4, 183.21 W, 33, 120 MHz, 3996 MHz, 0 %, 0 %
2026/09/20 10:52:28.779, 5, 179.46 W, 31, 120 MHz, 3996 MHz, 0 %, 0 %
2026/09/20 10:52:28.779, 6, 180.17 W, 28, 120 MHz, 3996 MHz, 0 %, 0 %
2026/09/20 10:52:28.779, 7, 184.05 W, 29, 120 MHz, 3996 MHz, 0 %, 0 %
2026/09/20 10:52:29.780, 0, 919.21 W, 55, 2032 MHz, 3996 MHz, 100 %, 11 %
2026/09/20 10:52:29.780, 1, 923.91 W, 57, 2032 MHz, 3996 MHz, 100 %, 11 %
2026/09/20 10:52:29.780, 2, 632.33 W, 51, 1800 MHz, 3996 MHz, 100 %, 35 %
2026/09/20 10:52:29.780, 3, 504.00 W, 43, 2032 MHz, 3996 MHz, 100 %, 10 %
2026/09/20 10:52:29.780, 4, 183.25 W, 33, 120 MHz, 3996 MHz, 0 %, 0 %
2026/09/20 10:52:29.780, 5, 179.46 W, 31, 120 MHz, 3996 MHz, 0 %, 0 %
2026/09/20 10:52:29.780, 6, 180.15 W, 28, 120 MHz, 3996 MHz, 0 %, 0 %
2026/09/20 10:52:29.780, 7, 184.09 W, 29, 120 MHz, 3996 MHz, 0 %, 0 %
2026/09/20 10:52:30.780, 0, 866.66 W, 63, 1867 MHz, 3996 MHz, 100 %, 33 %
2026/09/20 10:52:30.780, 1, 861.17 W, 64, 1717 MHz, 3996 MHz, 100 %, 34 %
2026/09/20 10:52:30.780, 2, 839.72 W, 45, 2032 MHz, 3996 MHz, 100 %, 14 %
2026/09/20 10:52:30.780, 3, 604.52 W, 44, 2032 MHz, 3996 MHz, 100 %, 15 %
2026/09/20 10:52:30.780, 4, 183.17 W, 33, 120 MHz, 3996 MHz, 0 %, 0 %
2026/09/20 10:52:30.780, 5, 179.47 W, 31, 120 MHz, 3996 MHz, 0 %, 0 %
2026/09/20 10:52:30.780, 6, 180.17 W, 28, 120 MHz, 3996 MHz, 0 %, 0 %
2026/09/20 10:52:30.780, 7, 184.05 W, 28, 120 MHz, 3996 MHz, 0 %, 0 %
2026/09/20 10:52:31.780, 0, 584.26 W, 60, 1950 MHz, 3996 MHz, 100 %, 43 %
2026/09/20 10:52:31.780, 1, 1047.81 W, 65, 1882 MHz, 3996 MHz, 100 %, 35 %
2026/09/20 10:52:31.780, 2, 743.52 W, 50, 2032 MHz, 3996 MHz, 100 %, 36 %
2026/09/20 10:52:31.780, 3, 566.51 W, 48, 1972 MHz, 3996 MHz, 100 %, 39 %
2026/09/20 10:52:31.780, 4, 183.17 W, 33, 120 MHz, 3996 MHz, 0 %, 0 %
2026/09/20 10:52:31.780, 5, 179.47 W, 31, 120 MHz, 3996 MHz, 0 %, 0 %
2026/09/20 10:52:31.780, 6, 180.15 W, 28, 120 MHz, 3996 MHz, 0 %, 0 %
2026/09/20 10:52:31.780, 7, 184.01 W, 28, 120 MHz, 3996 MHz, 0 %, 0 %
2026/09/20 10:52:32.780, 0, 872.60 W, 56, 2032 MHz, 3996 MHz, 100 %, 18 %
2026/09/20 10:52:32.780, 1, 1036.47 W, 64, 1927 MHz, 3996 MHz, 100 %, 33 %
2026/09/20 10:52:32.780, 2, 822.76 W, 53, 1980 MHz, 3996 MHz, 100 %, 33 %
2026/09/20 10:52:32.780, 3, 1047.55 W, 54, 1890 MHz, 3996 MHz, 100 %, 35 %
2026/09/20 10:52:32.780, 4, 183.25 W, 33, 120 MHz, 3996 MHz, 0 %, 0 %
2026/09/20 10:52:32.780, 5, 179.47 W, 31, 120 MHz, 3996 MHz, 0 %, 0 %
2026/09/20 10:52:32.780, 6, 180.15 W, 28, 120 MHz, 3996 MHz, 0 %, 0 %
2026/09/20 10:52:32.780, 7, 184.05 W, 28, 120 MHz, 3996 MHz, 0 %, 0 %
2026/09/20 10:52:33.780, 0, 631.23 W, 58, 2032 MHz, 3996 MHz, 100 %, 13 %
2026/09/20 10:52:33.780, 1, 714.33 W, 59, 2032 MHz, 3996 MHz, 100 %, 12 %
2026/09/20 10:52:33.780, 2, 1078.71 W, 55, 1980 MHz, 3996 MHz, 100 %, 34 %
2026/09/20 10:52:33.780, 3, 933.48 W, 49, 2032 MHz, 3996 MHz, 100 %, 12 %
2026/09/20 10:52:33.780, 4, 183.21 W, 33, 120 MHz, 3996 MHz, 0 %, 0 %
2026/09/20 10:52:33.780, 5, 179.47 W, 31, 120 MHz, 3996 MHz, 0 %, 0 %
2026/09/20 10:52:33.781, 6, 180.16 W, 28, 120 MHz, 3996 MHz, 0 %, 0 %
2026/09/20 10:52:33.781, 7, 184.05 W, 29, 120 MHz, 3996 MHz, 0 %, 0 %
2026/09/20 10:52:34.781, 0, 1058.53 W, 63, 1980 MHz, 3996 MHz, 100 %, 31 %
2026/09/20 10:52:34.781, 1, 1060.41 W, 64, 1965 MHz, 3996 MHz, 100 %, 30 %
2026/09/20 10:52:34.781, 2, 612.76 W, 45, 2032 MHz, 3996 MHz, 100 %, 17 %
2026/09/20 10:52:34.781, 3, 1071.98 W, 55, 1882 MHz, 3996 MHz, 100 %, 36 %
2026/09/20 10:52:34.781, 4, 183.09 W, 33, 120 MHz, 3996 MHz, 0 %, 0 %
2026/09/20 10:52:34.781, 5, 179.47 W, 31, 120 MHz, 3996 MHz, 0 %, 0 %
2026/09/20 10:52:34.781, 6, 180.15 W, 28, 120 MHz, 3996 MHz, 0 %, 0 %
2026/09/20 10:52:34.781, 7, 184.09 W, 29, 120 MHz, 3996 MHz, 0 %, 0 %
2026/09/20 10:52:35.781, 0, 835.34 W, 60, 1897 MHz, 3996 MHz, 100 %, 36 %
2026/09/20 10:52:35.781, 1, 712.24 W, 58, 2032 MHz, 3996 MHz, 100 %, 12 %
2026/09/20 10:52:35.781, 2, 863.39 W, 48, 2032 MHz, 3996 MHz, 100 %, 12 %
2026/09/20 10:52:35.781, 3, 914.04 W, 49, 2032 MHz, 3996 MHz, 100 %, 19 %
2026/09/20 10:52:35.781, 4, 183.13 W, 33, 120 MHz, 3996 MHz, 0 %, 0 %
2026/09/20 10:52:35.781, 5, 179.46 W, 31, 120 MHz, 3996 MHz, 0 %, 0 %
2026/09/20 10:52:35.781, 6, 180.15 W, 28, 120 MHz, 3996 MHz, 0 %, 0 %
2026/09/20 10:52:35.781, 7, 184.09 W, 28, 120 MHz, 3996 MHz, 0 %, 0 %
2026/09/20 10:52:36.781, 0, 1056.40 W, 63, 1987 MHz, 3996 MHz, 100 %, 31 %
2026/09/20 10:52:36.781, 1, 1058.95 W, 64, 2002 MHz, 3996 MHz, 100 %, 30 %
2026/09/20 10:52:36.781, 2, 891.78 W, 46, 2032 MHz, 3996 MHz, 100 %, 16 %
2026/09/20 10:52:36.781, 3, 1076.17 W, 55, 1905 MHz, 3996 MHz, 100 %, 35 %
2026/09/20 10:52:36.781, 4, 182.98 W, 33, 120 MHz, 3996 MHz, 0 %, 0 %
2026/09/20 10:52:36.781, 5, 179.47 W, 31, 120 MHz, 3996 MHz, 0 %, 0 %
2026/09/20 10:52:36.781, 6, 180.13 W, 28, 120 MHz, 3996 MHz, 0 %, 0 %
2026/09/20 10:52:36.781, 7, 184.09 W, 28, 120 MHz, 3996 MHz, 0 %, 0 %
2026/09/20 10:52:37.781, 0, 719.23 W, 57, 2032 MHz, 3996 MHz, 100 %, 16 %
2026/09/20 10:52:37.781, 1, 965.93 W, 64, 1725 MHz, 3996 MHz, 100 %, 41 %
2026/09/20 10:52:37.781, 2, 605.16 W, 45, 2032 MHz, 3996 MHz, 100 %, 14 %
2026/09/20 10:52:37.781, 3, 1046.30 W, 55, 1957 MHz, 3996 MHz, 100 %, 35 %
2026/09/20 10:52:37.781, 4, 183.09 W, 33, 120 MHz, 3996 MHz, 0 %, 0 %
2026/09/20 10:52:37.781, 5, 179.46 W, 31, 120 MHz, 3996 MHz, 0 %, 0 %
2026/09/20 10:52:37.781, 6, 180.14 W, 28, 120 MHz, 3996 MHz, 0 %, 0 %
2026/09/20 10:52:37.781, 7, 184.09 W, 28, 120 MHz, 3996 MHz, 0 %, 0 %
2026/09/20 10:52:38.781, 0, 563.30 W, 54, 2032 MHz, 3996 MHz, 100 %, 14 %
2026/09/20 10:52:38.782, 1, 1055.41 W, 65, 1942 MHz, 3996 MHz, 100 %, 32 %
2026/09/20 10:52:38.782, 2, 1063.62 W, 54, 1837 MHz, 3996 MHz, 100 %, 34 %
2026/09/20 10:52:38.782, 3, 825.42 W, 46, 2032 MHz, 3996 MHz, 100 %, 15 %
2026/09/20 10:52:38.782, 4, 182.94 W, 33, 120 MHz, 3996 MHz, 0 %, 0 %
2026/09/20 10:52:38.782, 5, 179.46 W, 31, 120 MHz, 3996 MHz, 0 %, 0 %
2026/09/20 10:52:38.782, 6, 180.14 W, 28, 120 MHz, 3996 MHz, 0 %, 0 %
2026/09/20 10:52:38.782, 7, 184.09 W, 28, 120 MHz, 3996 MHz, 0 %, 0 %
2026/09/20 10:52:39.782, 0, 954.28 W, 63, 1852 MHz, 3996 MHz, 100 %, 34 %
2026/09/20 10:52:39.782, 1, 930.66 W, 64, 1920 MHz, 3996 MHz, 100 %, 21 %
2026/09/20 10:52:39.782, 2, 794.69 W, 46, 2032 MHz, 3996 MHz, 100 %, 16 %
2026/09/20 10:52:39.782, 3, 923.39 W, 54, 2025 MHz, 3996 MHz, 100 %, 28 %
2026/09/20 10:52:39.782, 4, 182.63 W, 32, 120 MHz, 3996 MHz, 0 %, 0 %
2026/09/20 10:52:39.782, 5, 179.47 W, 31, 120 MHz, 3996 MHz, 0 %, 0 %
2026/09/20 10:52:39.782, 6, 180.14 W, 28, 120 MHz, 3996 MHz, 0 %, 0 %
2026/09/20 10:52:39.782, 7, 184.09 W, 28, 120 MHz, 3996 MHz, 0 %, 0 %
2026/09/20 10:52:40.782, 0, 840.75 W, 61, 1867 MHz, 3996 MHz, 100 %, 34 %
2026/09/20 10:52:40.782, 1, 869.84 W, 58, 2032 MHz, 3996 MHz, 100 %, 15 %
2026/09/20 10:52:40.782, 2, 876.53 W, 47, 2032 MHz, 3996 MHz, 100 %, 22 %
2026/09/20 10:52:40.782, 3, 745.90 W, 53, 1905 MHz, 3996 MHz, 100 %, 35 %
2026/09/20 10:52:40.782, 4, 182.94 W, 32, 120 MHz, 3996 MHz, 0 %, 0 %
2026/09/20 10:52:40.782, 5, 179.47 W, 31, 120 MHz, 3996 MHz, 0 %, 0 %
2026/09/20 10:52:40.782, 6, 180.17 W, 28, 120 MHz, 3996 MHz, 0 %, 0 %
2026/09/20 10:52:40.782, 7, 184.09 W, 28, 120 MHz, 3996 MHz, 0 %, 0 %
2026/09/20 10:52:41.782, 0, 821.35 W, 61, 1927 MHz, 3996 MHz, 100 %, 34 %
2026/09/20 10:52:41.782, 1, 848.43 W, 58, 2032 MHz, 3996 MHz, 100 %, 15 %
2026/09/20 10:52:41.782, 2, 846.86 W, 48, 2032 MHz, 3996 MHz, 100 %, 15 %
2026/09/20 10:52:41.782, 3, 1055.52 W, 54, 1905 MHz, 3996 MHz, 100 %, 35 %
2026/09/20 10:52:41.782, 4, 182.86 W, 32, 120 MHz, 3996 MHz, 0 %, 0 %
2026/09/20 10:52:41.782, 5, 179.47 W, 31, 120 MHz, 3996 MHz, 0 %, 0 %
2026/09/20 10:52:41.782, 6, 180.15 W, 28, 120 MHz, 3996 MHz, 0 %, 0 %
2026/09/20 10:52:41.782, 7, 184.05 W, 28, 120 MHz, 3996 MHz, 0 %, 0 %
2026/09/20 10:52:42.782, 0, 802.69 W, 58, 2032 MHz, 3996 MHz, 100 %, 51 %
2026/09/20 10:52:42.782, 1, 897.35 W, 61, 2032 MHz, 3996 MHz, 100 %, 52 %
2026/09/20 10:52:42.782, 2, 870.36 W, 51, 2032 MHz, 3996 MHz, 100 %, 52 %
2026/09/20 10:52:42.782, 3, 1039.25 W, 52, 2032 MHz, 3996 MHz, 100 %, 52 %
2026/09/20 10:52:42.782, 4, 182.79 W, 32, 120 MHz, 3996 MHz, 0 %, 0 %
2026/09/20 10:52:42.782, 5, 179.46 W, 31, 120 MHz, 3996 MHz, 0 %, 0 %
2026/09/20 10:52:42.782, 6, 180.16 W, 28, 120 MHz, 3996 MHz, 0 %, 0 %
2026/09/20 10:52:42.782, 7, 184.09 W, 28, 120 MHz, 3996 MHz, 0 %, 0 %
2026/09/20 10:52:43.783, 0, 592.19 W, 59, 1950 MHz, 3996 MHz, 100 %, 37 %
2026/09/20 10:52:43.783, 1, 1022.40 W, 62, 2025 MHz, 3996 MHz, 100 %, 29 %
2026/09/20 10:52:43.783, 2, 809.29 W, 46, 2032 MHz, 3996 MHz, 100 %, 34 %
2026/09/20 10:52:43.783, 3, 803.47 W, 52, 2032 MHz, 3996 MHz, 100 %, 38 %
2026/09/20 10:52:43.783, 4, 182.66 W, 32, 120 MHz, 3996 MHz, 0 %, 0 %
2026/09/20 10:52:43.783, 5, 179.47 W, 31, 120 MHz, 3996 MHz, 0 %, 0 %
2026/09/20 10:52:43.783, 6, 180.16 W, 28, 120 MHz, 3996 MHz, 0 %, 0 %
2026/09/20 10:52:43.783, 7, 184.09 W, 28, 120 MHz, 3996 MHz, 0 %, 0 %
2026/09/20 10:52:44.783, 0, 1054.61 W, 62, 1927 MHz, 3996 MHz, 100 %, 44 %
2026/09/20 10:52:44.783, 1, 673.76 W, 57, 2032 MHz, 3996 MHz, 100 %, 18 %
2026/09/20 10:52:44.783, 2, 694.53 W, 49, 2032 MHz, 3996 MHz, 100 %, 43 %
2026/09/20 10:52:44.783, 3, 652.29 W, 48, 2032 MHz, 3996 MHz, 100 %, 30 %
2026/09/20 10:52:44.783, 4, 182.83 W, 32, 120 MHz, 3996 MHz, 0 %, 0 %
2026/09/20 10:52:44.783, 5, 179.47 W, 31, 120 MHz, 3996 MHz, 0 %, 0 %
2026/09/20 10:52:44.783, 6, 180.16 W, 28, 120 MHz, 3996 MHz, 0 %, 0 %
2026/09/20 10:52:44.783, 7, 184.05 W, 28, 120 MHz, 3996 MHz, 0 %, 0 %
2026/09/20 10:52:45.783, 0, 1064.42 W, 62, 1837 MHz, 3996 MHz, 100 %, 42 %
2026/09/20 10:52:45.783, 1, 818.84 W, 58, 2032 MHz, 3996 MHz, 100 %, 14 %
2026/09/20 10:52:45.783, 2, 822.69 W, 47, 1957 MHz, 3996 MHz, 100 %, 41 %
2026/09/20 10:52:45.783, 3, 574.26 W, 45, 2032 MHz, 3996 MHz, 100 %, 23 %
2026/09/20 10:52:45.783, 4, 182.94 W, 32, 120 MHz, 3996 MHz, 0 %, 0 %
2026/09/20 10:52:45.783, 5, 179.47 W, 31, 120 MHz, 3996 MHz, 0 %, 0 %
2026/09/20 10:52:45.783, 6, 180.16 W, 28, 120 MHz, 3996 MHz, 0 %, 0 %
2026/09/20 10:52:45.783, 7, 184.05 W, 28, 120 MHz, 3996 MHz, 0 %, 0 %
2026/09/20 10:52:46.783, 0, 782.45 W, 54, 2032 MHz, 3996 MHz, 100 %, 15 %
2026/09/20 10:52:46.783, 1, 878.18 W, 63, 1837 MHz, 3996 MHz, 100 %, 32 %
2026/09/20 10:52:46.783, 2, 796.21 W, 44, 2032 MHz, 3996 MHz, 100 %, 14 %
2026/09/20 10:52:46.783, 3, 863.82 W, 53, 1897 MHz, 3996 MHz, 100 %, 34 %
2026/09/20 10:52:46.783, 4, 182.62 W, 32, 120 MHz, 3996 MHz, 0 %, 0 %
2026/09/20 10:52:46.783, 5, 179.46 W, 31, 120 MHz, 3996 MHz, 0 %, 0 %
2026/09/20 10:52:46.783, 6, 180.16 W, 28, 120 MHz, 3996 MHz, 0 %, 0 %
2026/09/20 10:52:46.783, 7, 184.01 W, 28, 120 MHz, 3996 MHz, 0 %, 0 %
2026/09/20 10:52:47.783, 0, 851.08 W, 61, 1867 MHz, 3996 MHz, 100 %, 34 %
2026/09/20 10:52:47.783, 1, 764.49 W, 55, 2032 MHz, 3996 MHz, 100 %, 14 %
2026/09/20 10:52:47.783, 2, 820.14 W, 52, 1905 MHz, 3996 MHz, 100 %, 33 %
2026/09/20 10:52:47.783, 3, 759.20 W, 46, 2032 MHz, 3996 MHz, 100 %, 14 %
2026/09/20 10:52:47.783, 4, 182.56 W, 32, 120 MHz, 3996 MHz, 0 %, 0 %
2026/09/20 10:52:47.783, 5, 179.47 W, 31, 120 MHz, 3996 MHz, 0 %, 0 %
2026/09/20 10:52:47.783, 6, 180.15 W, 28, 120 MHz, 3996 MHz, 0 %, 0 %
2026/09/20 10:52:47.783, 7, 184.01 W, 28, 120 MHz, 3996 MHz, 0 %, 0 %
2026/09/20 10:52:48.784, 0, 897.25 W, 57, 2032 MHz, 3996 MHz, 100 %, 12 %
2026/09/20 10:52:48.784, 1, 856.04 W, 59, 2010 MHz, 3996 MHz, 100 %, 17 %
2026/09/20 10:52:48.784, 2, 923.57 W, 48, 2032 MHz, 3996 MHz, 100 %, 22 %
2026/09/20 10:52:48.784, 3, 703.48 W, 48, 2032 MHz, 3996 MHz, 100 %, 12 %
2026/09/20 10:52:48.784, 4, 182.27 W, 32, 120 MHz, 3996 MHz, 0 %, 0 %
2026/09/20 10:52:48.784, 5, 179.47 W, 31, 120 MHz, 3996 MHz, 0 %, 0 %
2026/09/20 10:52:48.784, 6, 180.13 W, 28, 120 MHz, 3996 MHz, 0 %, 0 %
2026/09/20 10:52:48.784, 7, 184.05 W, 28, 120 MHz, 3996 MHz, 0 %, 0 %
2026/09/20 10:52:49.784, 0, 907.25 W, 58, 2032 MHz, 3996 MHz, 100 %, 12 %
2026/09/20 10:52:49.784, 1, 665.79 W, 56, 2032 MHz, 3996 MHz, 100 %, 13 %
2026/09/20 10:52:49.784, 2, 768.95 W, 46, 2032 MHz, 3996 MHz, 100 %, 13 %
2026/09/20 10:52:49.784, 3, 972.37 W, 54, 1687 MHz, 3996 MHz, 100 %, 34 %
2026/09/20 10:52:49.784, 4, 182.25 W, 32, 120 MHz, 3996 MHz, 0 %, 0 %
2026/09/20 10:52:49.784, 5, 179.46 W, 30, 120 MHz, 3996 MHz, 0 %, 0 %
2026/09/20 10:52:49.784, 6, 180.12 W, 28, 120 MHz, 3996 MHz, 0 %, 0 %
2026/09/20 10:52:49.784, 7, 184.01 W, 28, 120 MHz, 3996 MHz, 0 %, 0 %
2026/09/20 10:52:50.784, 0, 986.80 W, 62, 1755 MHz, 3996 MHz, 100 %, 34 %
2026/09/20 10:52:50.784, 1, 982.85 W, 63, 1762 MHz, 3996 MHz, 100 %, 33 %
2026/09/20 10:52:50.784, 2, 743.86 W, 44, 2032 MHz, 3996 MHz, 100 %, 14 %
2026/09/20 10:52:50.784, 3, 783.55 W, 45, 2032 MHz, 3996 MHz, 100 %, 15 %
2026/09/20 10:52:50.784, 4, 182.21 W, 32, 120 MHz, 3996 MHz, 0 %, 0 %
2026/09/20 10:52:50.784, 5, 179.46 W, 30, 120 MHz, 3996 MHz, 0 %, 0 %
2026/09/20 10:52:50.784, 6, 180.11 W, 28, 120 MHz, 3996 MHz, 0 %, 0 %
2026/09/20 10:52:50.784, 7, 184.09 W, 28, 120 MHz, 3996 MHz, 0 %, 0 %
2026/09/20 10:52:51.784, 0, 802.51 W, 57, 2032 MHz, 3996 MHz, 100 %, 20 %
2026/09/20 10:52:51.784, 1, 811.08 W, 58, 2032 MHz, 3996 MHz, 100 %, 33 %
2026/09/20 10:52:51.784, 2, 891.52 W, 47, 2032 MHz, 3996 MHz, 100 %, 22 %
2026/09/20 10:52:51.784, 3, 923.22 W, 54, 1987 MHz, 3996 MHz, 100 %, 40 %
2026/09/20 10:52:51.784, 4, 182.29 W, 32, 120 MHz, 3996 MHz, 0 %, 0 %
2026/09/20 10:52:51.784, 5, 179.46 W, 30, 120 MHz, 3996 MHz, 0 %, 0 %
2026/09/20 10:52:51.784, 6, 180.12 W, 28, 120 MHz, 3996 MHz, 0 %, 0 %
2026/09/20 10:52:51.784, 7, 184.05 W, 28, 120 MHz, 3996 MHz, 0 %, 0 %
2026/09/20 10:52:52.784, 0, 936.20 W, 60, 2032 MHz, 3996 MHz, 100 %, 50 %
2026/09/20 10:52:52.784, 1, 939.92 W, 60, 2032 MHz, 3996 MHz, 100 %, 52 %
2026/09/20 10:52:52.784, 2, 677.83 W, 46, 2032 MHz, 3996 MHz, 100 %, 51 %
2026/09/20 10:52:52.784, 3, 800.72 W, 47, 2032 MHz, 3996 MHz, 100 %, 51 %
2026/09/20 10:52:52.784, 4, 182.47 W, 32, 120 MHz, 3996 MHz, 0 %, 0 %
2026/09/20 10:52:52.784, 5, 179.46 W, 30, 120 MHz, 3996 MHz, 0 %, 0 %
2026/09/20 10:52:52.784, 6, 180.13 W, 28, 120 MHz, 3996 MHz, 0 %, 0 %
2026/09/20 10:52:52.785, 7, 183.98 W, 28, 120 MHz, 3996 MHz, 0 %, 0 %
2026/09/20 10:52:53.785, 0, 1011.05 W, 60, 2032 MHz, 3996 MHz, 100 %, 52 %
2026/09/20 10:52:53.785, 1, 773.27 W, 58, 2032 MHz, 3996 MHz, 100 %, 52 %
2026/09/20 10:52:53.785, 2, 997.49 W, 51, 2032 MHz, 3996 MHz, 100 %, 53 %
2026/09/20 10:52:53.785, 3, 759.98 W, 48, 2032 MHz, 3996 MHz, 100 %, 52 %
2026/09/20 10:52:53.785, 4, 181.95 W, 32, 120 MHz, 3996 MHz, 0 %, 0 %
2026/09/20 10:52:53.785, 5, 179.47 W, 30, 120 MHz, 3996 MHz, 0 %, 0 %
2026/09/20 10:52:53.785, 6, 180.12 W, 28, 120 MHz, 3996 MHz, 0 %, 0 %
2026/09/20 10:52:53.785, 7, 184.05 W, 28, 120 MHz, 3996 MHz, 0 %, 0 %
2026/09/20 10:52:54.785, 0, 888.49 W, 60, 1995 MHz, 3996 MHz, 100 %, 52 %
2026/09/20 10:52:54.785, 1, 883.10 W, 59, 2032 MHz, 3996 MHz, 100 %, 51 %
2026/09/20 10:52:54.785, 2, 856.91 W, 49, 2032 MHz, 3996 MHz, 100 %, 52 %
2026/09/20 10:52:54.785, 3, 985.51 W, 50, 2032 MHz, 3996 MHz, 100 %, 52 %
2026/09/20 10:52:54.785, 4, 181.92 W, 32, 120 MHz, 3996 MHz, 0 %, 0 %
2026/09/20 10:52:54.785, 5, 179.47 W, 30, 120 MHz, 3996 MHz, 0 %, 0 %
2026/09/20 10:52:54.785, 6, 180.15 W, 28, 120 MHz, 3996 MHz, 0 %, 0 %
2026/09/20 10:52:54.785, 7, 183.90 W, 28, 120 MHz, 3996 MHz, 0 %, 0 %
2026/09/20 10:52:55.785, 0, 1006.07 W, 59, 2032 MHz, 3996 MHz, 100 %, 52 %
2026/09/20 10:52:55.785, 1, 887.00 W, 60, 2032 MHz, 3996 MHz, 100 %, 52 %
2026/09/20 10:52:55.785, 2, 863.55 W, 50, 2032 MHz, 3996 MHz, 100 %, 52 %
2026/09/20 10:52:55.785, 3, 861.27 W, 50, 2032 MHz, 3996 MHz, 100 %, 52 %
2026/09/20 10:52:55.785, 4, 181.83 W, 32, 120 MHz, 3996 MHz, 0 %, 0 %
2026/09/20 10:52:55.785, 5, 179.47 W, 30, 120 MHz, 3996 MHz, 0 %, 0 %
2026/09/20 10:52:55.785, 6, 180.13 W, 28, 120 MHz, 3996 MHz, 0 %, 0 %
2026/09/20 10:52:55.785, 7, 184.09 W, 28, 120 MHz, 3996 MHz, 0 %, 0 %
2026/09/20 10:52:56.785, 0, 961.88 W, 59, 2032 MHz, 3996 MHz, 100 %, 53 %
2026/09/20 10:52:56.785, 1, 965.70 W, 60, 2032 MHz, 3996 MHz, 100 %, 52 %
2026/09/20 10:52:56.785, 2, 938.66 W, 50, 2032 MHz, 3996 MHz, 100 %, 53 %
2026/09/20 10:52:56.785, 3, 936.67 W, 51, 2032 MHz, 3996 MHz, 100 %, 52 %
2026/09/20 10:52:56.785, 4, 182.04 W, 32, 120 MHz, 3996 MHz, 0 %, 0 %
2026/09/20 10:52:56.785, 5, 179.46 W, 30, 120 MHz, 3996 MHz, 0 %, 0 %
2026/09/20 10:52:56.785, 6, 180.12 W, 28, 120 MHz, 3996 MHz, 0 %, 0 %
2026/09/20 10:52:56.785, 7, 184.05 W, 28, 120 MHz, 3996 MHz, 0 %, 0 %
2026/09/20 10:52:57.785, 0, 960.69 W, 59, 2032 MHz, 3996 MHz, 99 %, 53 %
2026/09/20 10:52:57.786, 1, 966.08 W, 60, 2032 MHz, 3996 MHz, 100 %, 53 %
2026/09/20 10:52:57.786, 2, 940.45 W, 50, 2032 MHz, 3996 MHz, 100 %, 53 %
2026/09/20 10:52:57.786, 3, 937.51 W, 51, 2032 MHz, 3996 MHz, 100 %, 53 %
2026/09/20 10:52:57.786, 4, 181.96 W, 32, 120 MHz, 3996 MHz, 0 %, 0 %
2026/09/20 10:52:57.786, 5, 179.46 W, 30, 120 MHz, 3996 MHz, 0 %, 0 %
2026/09/20 10:52:57.786, 6, 180.12 W, 28, 120 MHz, 3996 MHz, 0 %, 0 %
2026/09/20 10:52:57.786, 7, 184.01 W, 28, 120 MHz, 3996 MHz, 0 %, 0 %
2026/09/20 10:52:58.786, 0, 964.17 W, 59, 2032 MHz, 3996 MHz, 99 %, 53 %
2026/09/20 10:52:58.786, 1, 962.33 W, 60, 2032 MHz, 3996 MHz, 100 %, 53 %
2026/09/20 10:52:58.786, 2, 940.09 W, 50, 2032 MHz, 3996 MHz, 100 %, 53 %
2026/09/20 10:52:58.786, 3, 938.09 W, 51, 2032 MHz, 3996 MHz, 100 %, 53 %
2026/09/20 10:52:58.786, 4, 181.81 W, 32, 120 MHz, 3996 MHz, 0 %, 0 %
2026/09/20 10:52:58.786, 5, 179.47 W, 30, 120 MHz, 3996 MHz, 0 %, 0 %
2026/09/20 10:52:58.786, 6, 180.12 W, 28, 120 MHz, 3996 MHz, 0 %, 0 %
2026/09/20 10:52:58.786, 7, 184.09 W, 28, 120 MHz, 3996 MHz, 0 %, 0 %
2026/09/20 10:52:59.786, 0, 962.79 W, 59, 2032 MHz, 3996 MHz, 100 %, 53 %
2026/09/20 10:52:59.786, 1, 965.36 W, 60, 2032 MHz, 3996 MHz, 100 %, 53 %
2026/09/20 10:52:59.786, 2, 937.43 W, 50, 2032 MHz, 3996 MHz, 100 %, 53 %
2026/09/20 10:52:59.786, 3, 941.21 W, 51, 2032 MHz, 3996 MHz, 100 %, 53 %
2026/09/20 10:52:59.786, 4, 181.95 W, 32, 120 MHz, 3996 MHz, 0 %, 0 %
2026/09/20 10:52:59.786, 5, 179.46 W, 30, 120 MHz, 3996 MHz, 0 %, 0 %
2026/09/20 10:52:59.786, 6, 180.14 W, 28, 120 MHz, 3996 MHz, 0 %, 0 %
2026/09/20 10:52:59.786, 7, 183.97 W, 28, 120 MHz, 3996 MHz, 0 %, 0 %
2026/09/20 10:53:00.786, 0, 961.47 W, 59, 2032 MHz, 3996 MHz, 100 %, 53 %
2026/09/20 10:53:00.786, 1, 965.11 W, 60, 2032 MHz, 3996 MHz, 100 %, 53 %
2026/09/20 10:53:00.786, 2, 939.13 W, 50, 2032 MHz, 3996 MHz, 100 %, 53 %
2026/09/20 10:53:00.786, 3, 935.95 W, 51, 2032 MHz, 3996 MHz, 100 %, 53 %
2026/09/20 10:53:00.786, 4, 181.87 W, 32, 120 MHz, 3996 MHz, 0 %, 0 %
2026/09/20 10:53:00.786, 5, 179.46 W, 30, 120 MHz, 3996 MHz, 0 %, 0 %
2026/09/20 10:53:00.786, 6, 180.10 W, 28, 120 MHz, 3996 MHz, 0 %, 0 %
2026/09/20 10:53:00.786, 7, 183.97 W, 28, 120 MHz, 3996 MHz, 0 %, 0 %
2026/09/20 10:53:01.786, 0, 961.34 W, 59, 2032 MHz, 3996 MHz, 100 %, 53 %
2026/09/20 10:53:01.786, 1, 963.99 W, 60, 2032 MHz, 3996 MHz, 100 %, 53 %
2026/09/20 10:53:01.786, 2, 938.78 W, 50, 2032 MHz, 3996 MHz, 100 %, 53 %
2026/09/20 10:53:01.786, 3, 938.60 W, 51, 2032 MHz, 3996 MHz, 100 %, 53 %
2026/09/20 10:53:01.786, 4, 181.65 W, 32, 120 MHz, 3996 MHz, 0 %, 0 %
2026/09/20 10:53:01.786, 5, 179.47 W, 30, 120 MHz, 3996 MHz, 0 %, 0 %
2026/09/20 10:53:01.786, 6, 180.12 W, 28, 120 MHz, 3996 MHz, 0 %, 0 %
2026/09/20 10:53:01.786, 7, 184.01 W, 28, 120 MHz, 3996 MHz, 0 %, 0 %
2026/09/20 10:53:02.787, 0, 960.33 W, 59, 2032 MHz, 3996 MHz, 100 %, 53 %
2026/09/20 10:53:02.787, 1, 965.35 W, 60, 2032 MHz, 3996 MHz, 100 %, 53 %
2026/09/20 10:53:02.787, 2, 940.55 W, 50, 2032 MHz, 3996 MHz, 100 %, 53 %
2026/09/20 10:53:02.787, 3, 938.46 W, 51, 2032 MHz, 3996 MHz, 100 %, 53 %
2026/09/20 10:53:02.787, 4, 181.95 W, 32, 120 MHz, 3996 MHz, 0 %, 0 %
2026/09/20 10:53:02.787, 5, 179.47 W, 30, 120 MHz, 3996 MHz, 0 %, 0 %
2026/09/20 10:53:02.787, 6, 180.13 W, 28, 120 MHz, 3996 MHz, 0 %, 0 %
2026/09/20 10:53:02.787, 7, 184.09 W, 28, 120 MHz, 3996 MHz, 0 %, 0 %
2026/09/20 10:53:03.787, 0, 958.45 W, 59, 2032 MHz, 3996 MHz, 100 %, 53 %
2026/09/20 10:53:03.787, 1, 972.07 W, 60, 2032 MHz, 3996 MHz, 100 %, 51 %
2026/09/20 10:53:03.787, 2, 936.90 W, 50, 2032 MHz, 3996 MHz, 100 %, 53 %
2026/09/20 10:53:03.787, 3, 934.25 W, 50, 2032 MHz, 3996 MHz, 100 %, 53 %
2026/09/20 10:53:03.787, 4, 181.84 W, 32, 120 MHz, 3996 MHz, 0 %, 0 %
2026/09/20 10:53:03.787, 5, 179.47 W, 30, 120 MHz, 3996 MHz, 0 %, 0 %
2026/09/20 10:53:03.787, 6, 180.12 W, 28, 120 MHz, 3996 MHz, 0 %, 0 %
2026/09/20 10:53:03.787, 7, 184.05 W, 28, 120 MHz, 3996 MHz, 0 %, 0 %
2026/09/20 10:53:04.787, 0, 882.31 W, 59, 2032 MHz, 3996 MHz, 100 %, 53 %
2026/09/20 10:53:04.787, 1, 1007.82 W, 61, 2032 MHz, 3996 MHz, 100 %, 53 %
2026/09/20 10:53:04.787, 2, 860.73 W, 50, 2032 MHz, 3996 MHz, 100 %, 53 %
2026/09/20 10:53:04.787, 3, 871.03 W, 51, 2032 MHz, 3996 MHz, 100 %, 54 %
2026/09/20 10:53:04.787, 4, 181.69 W, 32, 120 MHz, 3996 MHz, 0 %, 0 %
2026/09/20 10:53:04.787, 5, 179.47 W, 30, 120 MHz, 3996 MHz, 0 %, 0 %
2026/09/20 10:53:04.787, 6, 180.15 W, 28, 120 MHz, 3996 MHz, 0 %, 0 %
2026/09/20 10:53:04.787, 7, 184.05 W, 28, 120 MHz, 3996 MHz, 0 %, 0 %
2026/09/20 10:53:05.787, 0, 940.95 W, 58, 2032 MHz, 3996 MHz, 100 %, 39 %
2026/09/20 10:53:05.787, 1, 951.26 W, 59, 2032 MHz, 3996 MHz, 100 %, 21 %
2026/09/20 10:53:05.787, 2, 927.95 W, 50, 2032 MHz, 3996 MHz, 100 %, 38 %
2026/09/20 10:53:05.787, 3, 962.77 W, 54, 1785 MHz, 3996 MHz, 100 %, 46 %
2026/09/20 10:53:05.787, 4, 181.91 W, 32, 120 MHz, 3996 MHz, 0 %, 0 %
2026/09/20 10:53:05.787, 5, 179.47 W, 30, 120 MHz, 3996 MHz, 0 %, 0 %
2026/09/20 10:53:05.787, 6, 180.16 W, 28, 120 MHz, 3996 MHz, 0 %, 0 %
2026/09/20 10:53:05.787, 7, 183.97 W, 28, 120 MHz, 3996 MHz, 0 %, 0 %
2026/09/20 10:53:06.787, 0, 950.87 W, 61, 1807 MHz, 3996 MHz, 100 %, 34 %
2026/09/20 10:53:06.787, 1, 831.46 W, 58, 2032 MHz, 3996 MHz, 100 %, 12 %
2026/09/20 10:53:06.787, 2, 802.72 W, 48, 2032 MHz, 3996 MHz, 100 %, 12 %
2026/09/20 10:53:06.787, 3, 892.93 W, 50, 2032 MHz, 3996 MHz, 100 %, 12 %
2026/09/20 10:53:06.787, 4, 181.60 W, 32, 120 MHz, 3996 MHz, 0 %, 0 %
2026/09/20 10:53:06.787, 5, 179.47 W, 30, 120 MHz, 3996 MHz, 0 %, 0 %
2026/09/20 10:53:06.787, 6, 180.14 W, 28, 120 MHz, 3996 MHz, 0 %, 0 %
2026/09/20 10:53:06.787, 7, 184.05 W, 28, 120 MHz, 3996 MHz, 0 %, 0 %
2026/09/20 10:53:07.788, 0, 878.90 W, 59, 2032 MHz, 3996 MHz, 99 %, 53 %
2026/09/20 10:53:07.788, 1, 883.22 W, 60, 2032 MHz, 3996 MHz, 99 %, 53 %
2026/09/20 10:53:07.788, 2, 987.49 W, 51, 2032 MHz, 3996 MHz, 100 %, 53 %
2026/09/20 10:53:07.788, 3, 860.56 W, 51, 2032 MHz, 3996 MHz, 100 %, 53 %
2026/09/20 10:53:07.788, 4, 181.69 W, 32, 120 MHz, 3996 MHz, 0 %, 0 %
2026/09/20 10:53:07.788, 5, 179.46 W, 30, 120 MHz, 3996 MHz, 0 %, 0 %
2026/09/20 10:53:07.788, 6, 180.13 W, 28, 120 MHz, 3996 MHz, 0 %, 0 %
2026/09/20 10:53:07.788, 7, 183.90 W, 28, 120 MHz, 3996 MHz, 0 %, 0 %
2026/09/20 10:53:08.788, 0, 591.68 W, 55, 2032 MHz, 3996 MHz, 97 %, 42 %
2026/09/20 10:53:08.788, 1, 599.41 W, 55, 2032 MHz, 3996 MHz, 100 %, 53 %
2026/09/20 10:53:08.788, 2, 579.17 W, 43, 2032 MHz, 3996 MHz, 88 %, 43 %
2026/09/20 10:53:08.788, 3, 580.40 W, 47, 2032 MHz, 3996 MHz, 97 %, 52 %
2026/09/20 10:53:08.788, 4, 181.53 W, 32, 120 MHz, 3996 MHz, 0 %, 0 %
2026/09/20 10:53:08.788, 5, 179.47 W, 30, 120 MHz, 3996 MHz, 0 %, 0 %
2026/09/20 10:53:08.788, 6, 180.15 W, 28, 120 MHz, 3996 MHz, 0 %, 0 %
2026/09/20 10:53:08.788, 7, 183.97 W, 28, 120 MHz, 3996 MHz, 0 %, 0 %
2026/09/20 10:53:09.788, 0, 639.07 W, 50, 2032 MHz, 3996 MHz, 16 %, 9 %
2026/09/20 10:53:09.788, 1, 649.66 W, 51, 2032 MHz, 3996 MHz, 0 %, 0 %
2026/09/20 10:53:09.788, 2, 656.68 W, 42, 2032 MHz, 3996 MHz, 14 %, 7 %
2026/09/20 10:53:09.788, 3, 626.66 W, 41, 2032 MHz, 3996 MHz, 0 %, 0 %
2026/09/20 10:53:09.788, 4, 181.69 W, 32, 120 MHz, 3996 MHz, 0 %, 0 %
2026/09/20 10:53:09.788, 5, 179.46 W, 30, 120 MHz, 3996 MHz, 0 %, 0 %
2026/09/20 10:53:09.788, 6, 180.13 W, 28, 120 MHz, 3996 MHz, 0 %, 0 %
2026/09/20 10:53:09.788, 7, 183.86 W, 28, 120 MHz, 3996 MHz, 0 %, 0 %
2026/09/20 10:53:10.788, 0, 566.88 W, 56, 2032 MHz, 3996 MHz, 99 %, 54 %
2026/09/20 10:53:10.788, 1, 563.70 W, 56, 2032 MHz, 3996 MHz, 100 %, 53 %
2026/09/20 10:53:10.788, 2, 525.90 W, 46, 2032 MHz, 3996 MHz, 99 %, 54 %
2026/09/20 10:53:10.788, 3, 552.23 W, 47, 2032 MHz, 3996 MHz, 99 %, 53 %
2026/09/20 10:53:10.788, 4, 181.53 W, 32, 120 MHz, 3996 MHz, 0 %, 0 %
2026/09/20 10:53:10.788, 5, 179.47 W, 30, 120 MHz, 3996 MHz, 0 %, 0 %
2026/09/20 10:53:10.788, 6, 180.13 W, 28, 120 MHz, 3996 MHz, 0 %, 0 %
2026/09/20 10:53:10.788, 7, 183.90 W, 28, 120 MHz, 3996 MHz, 0 %, 0 %
2026/09/20 10:53:11.788, 0, 417.26 W, 48, 2032 MHz, 3996 MHz, 3 %, 2 %
2026/09/20 10:53:11.789, 1, 435.58 W, 49, 2032 MHz, 3996 MHz, 52 %, 0 %
2026/09/20 10:53:11.789, 2, 436.40 W, 39, 2032 MHz, 3996 MHz, 5 %, 2 %
2026/09/20 10:53:11.789, 3, 406.34 W, 39, 2032 MHz, 3996 MHz, 6 %, 2 %
2026/09/20 10:53:11.789, 4, 181.49 W, 32, 120 MHz, 3996 MHz, 0 %, 0 %
2026/09/20 10:53:11.789, 5, 179.47 W, 30, 120 MHz, 3996 MHz, 0 %, 0 %
2026/09/20 10:53:11.789, 6, 180.12 W, 28, 120 MHz, 3996 MHz, 0 %, 0 %
2026/09/20 10:53:11.789, 7, 184.05 W, 28, 120 MHz, 3996 MHz, 0 %, 0 %
2026/09/20 10:53:12.789, 0, 461.20 W, 48, 2032 MHz, 3996 MHz, 42 %, 24 %
2026/09/20 10:53:12.789, 1, 466.89 W, 49, 2032 MHz, 3996 MHz, 0 %, 0 %
2026/09/20 10:53:12.789, 2, 447.96 W, 42, 2032 MHz, 3996 MHz, 40 %, 23 %
2026/09/20 10:53:12.789, 3, 451.25 W, 39, 2032 MHz, 3996 MHz, 23 %, 13 %
2026/09/20 10:53:12.789, 4, 181.45 W, 32, 120 MHz, 3996 MHz, 0 %, 0 %
2026/09/20 10:53:12.789, 5, 179.47 W, 30, 120 MHz, 3996 MHz, 0 %, 0 %
2026/09/20 10:53:12.789, 6, 180.12 W, 28, 120 MHz, 3996 MHz, 0 %, 0 %
2026/09/20 10:53:12.789, 7, 183.93 W, 28, 120 MHz, 3996 MHz, 0 %, 0 %
2026/09/20 10:53:13.789, 0, 422.60 W, 47, 2032 MHz, 3996 MHz, 3 %, 2 %
2026/09/20 10:53:13.789, 1, 424.66 W, 48, 2032 MHz, 3996 MHz, 0 %, 0 %
2026/09/20 10:53:13.789, 2, 414.05 W, 39, 2032 MHz, 3996 MHz, 4 %, 2 %
2026/09/20 10:53:13.789, 3, 415.78 W, 39, 2032 MHz, 3996 MHz, 3 %, 2 %
2026/09/20 10:53:13.789, 4, 181.57 W, 32, 120 MHz, 3996 MHz, 0 %, 0 %
2026/09/20 10:53:13.789, 5, 179.47 W, 30, 120 MHz, 3996 MHz, 0 %, 0 %
2026/09/20 10:53:13.789, 6, 180.15 W, 28, 120 MHz, 3996 MHz, 0 %, 0 %
2026/09/20 10:53:13.789, 7, 184.01 W, 28, 120 MHz, 3996 MHz, 0 %, 0 %
2026/09/20 10:53:14.789, 0, 441.39 W, 48, 2032 MHz, 3996 MHz, 77 %, 22 %
2026/09/20 10:53:14.789, 1, 441.99 W, 51, 2032 MHz, 3996 MHz, 42 %, 26 %
2026/09/20 10:53:14.789, 2, 427.69 W, 38, 2032 MHz, 3996 MHz, 42 %, 23 %
2026/09/20 10:53:14.789, 3, 428.02 W, 39, 2032 MHz, 3996 MHz, 48 %, 27 %
2026/09/20 10:53:14.789, 4, 181.61 W, 32, 120 MHz, 3996 MHz, 0 %, 0 %
2026/09/20 10:53:14.789, 5, 179.47 W, 30, 120 MHz, 3996 MHz, 0 %, 0 %
2026/09/20 10:53:14.789, 6, 180.14 W, 28, 120 MHz, 3996 MHz, 0 %, 0 %
2026/09/20 10:53:14.789, 7, 183.97 W, 28, 120 MHz, 3996 MHz, 0 %, 0 %
2026/09/20 10:53:15.789, 0, 337.23 W, 46, 2032 MHz, 3996 MHz, 0 %, 0 %
2026/09/20 10:53:15.789, 1, 325.45 W, 47, 2032 MHz, 3996 MHz, 20 %, 0 %
2026/09/20 10:53:15.789, 2, 313.71 W, 38, 2032 MHz, 3996 MHz, 0 %, 0 %
2026/09/20 10:53:15.789, 3, 322.73 W, 40, 2032 MHz, 3996 MHz, 0 %, 0 %
2026/09/20 10:53:15.789, 4, 181.72 W, 32, 120 MHz, 3996 MHz, 0 %, 0 %
2026/09/20 10:53:15.789, 5, 179.47 W, 30, 120 MHz, 3996 MHz, 0 %, 0 %
2026/09/20 10:53:15.789, 6, 180.14 W, 28, 120 MHz, 3996 MHz, 0 %, 0 %
2026/09/20 10:53:15.789, 7, 184.05 W, 28, 120 MHz, 3996 MHz, 0 %, 0 %
2026/09/20 10:53:16.790, 0, 473.79 W, 48, 2032 MHz, 3996 MHz, 28 %, 2 %
2026/09/20 10:53:16.790, 1, 473.98 W, 49, 2032 MHz, 3996 MHz, 3 %, 2 %
2026/09/20 10:53:16.790, 2, 461.80 W, 40, 2032 MHz, 3996 MHz, 2 %, 2 %
2026/09/20 10:53:16.790, 3, 455.76 W, 39, 2032 MHz, 3996 MHz, 3 %, 2 %
2026/09/20 10:53:16.790, 4, 181.69 W, 32, 120 MHz, 3996 MHz, 0 %, 0 %
2026/09/20 10:53:16.790, 5, 179.47 W, 30, 120 MHz, 3996 MHz, 0 %, 0 %
2026/09/20 10:53:16.790, 6, 180.15 W, 28, 120 MHz, 3996 MHz, 0 %, 0 %
2026/09/20 10:53:16.790, 7, 184.09 W, 28, 120 MHz, 3996 MHz, 0 %, 0 %
2026/09/20 10:53:17.790, 0, 287.83 W, 46, 2032 MHz, 3996 MHz, 0 %, 0 %
2026/09/20 10:53:17.790, 1, 277.47 W, 46, 2032 MHz, 3996 MHz, 7 %, 0 %
2026/09/20 10:53:17.790, 2, 253.95 W, 37, 2032 MHz, 3996 MHz, 0 %, 0 %
2026/09/20 10:53:17.790, 3, 270.83 W, 39, 2032 MHz, 3996 MHz, 0 %, 0 %
2026/09/20 10:53:17.790, 4, 181.80 W, 32, 120 MHz, 3996 MHz, 0 %, 0 %
2026/09/20 10:53:17.790, 5, 179.47 W, 30, 120 MHz, 3996 MHz, 0 %, 0 %
2026/09/20 10:53:17.790, 6, 180.15 W, 28, 120 MHz, 3996 MHz, 0 %, 0 %
2026/09/20 10:53:17.790, 7, 183.89 W, 28, 120 MHz, 3996 MHz, 0 %, 0 %
2026/09/20 10:53:18.790, 0, 458.70 W, 50, 2032 MHz, 3996 MHz, 69 %, 27 %
2026/09/20 10:53:18.790, 1, 460.92 W, 49, 2032 MHz, 3996 MHz, 83 %, 55 %
2026/09/20 10:53:18.790, 2, 432.02 W, 41, 2032 MHz, 3996 MHz, 45 %, 29 %
2026/09/20 10:53:18.790, 3, 435.98 W, 41, 2032 MHz, 3996 MHz, 59 %, 36 %
2026/09/20 10:53:18.790, 4, 181.57 W, 32, 120 MHz, 3996 MHz, 0 %, 0 %
2026/09/20 10:53:18.790, 5, 179.47 W, 30, 120 MHz, 3996 MHz, 0 %, 0 %
2026/09/20 10:53:18.790, 6, 180.14 W, 28, 120 MHz, 3996 MHz, 0 %, 0 %
2026/09/20 10:53:18.790, 7, 184.05 W, 28, 120 MHz, 3996 MHz, 0 %, 0 %
2026/09/20 10:53:19.790, 0, 377.02 W, 47, 2032 MHz, 3996 MHz, 10 %, 7 %
2026/09/20 10:53:19.790, 1, 399.33 W, 47, 2032 MHz, 3996 MHz, 35 %, 20 %
2026/09/20 10:53:19.790, 2, 385.29 W, 38, 2032 MHz, 3996 MHz, 17 %, 9 %
2026/09/20 10:53:19.790, 3, 382.74 W, 38, 2032 MHz, 3996 MHz, 55 %, 16 %
2026/09/20 10:53:19.790, 4, 181.80 W, 32, 120 MHz, 3996 MHz, 0 %, 0 %
2026/09/20 10:53:19.790, 5, 179.46 W, 30, 120 MHz, 3996 MHz, 0 %, 0 %
2026/09/20 10:53:19.790, 6, 180.14 W, 28, 120 MHz, 3996 MHz, 0 %, 0 %
2026/09/20 10:53:19.790, 7, 184.05 W, 28, 120 MHz, 3996 MHz, 0 %, 0 %
2026/09/20 10:53:20.790, 0, 323.83 W, 46, 2032 MHz, 3996 MHz, 28 %, 19 %
2026/09/20 10:53:20.790, 1, 328.07 W, 49, 2032 MHz, 3996 MHz, 38 %, 20 %
2026/09/20 10:53:20.790, 2, 321.54 W, 37, 2032 MHz, 3996 MHz, 32 %, 19 %
2026/09/20 10:53:20.790, 3, 310.16 W, 37, 2032 MHz, 3996 MHz, 38 %, 20 %
2026/09/20 10:53:20.790, 4, 181.76 W, 32, 120 MHz, 3996 MHz, 0 %, 0 %
2026/09/20 10:53:20.790, 5, 179.47 W, 30, 120 MHz, 3996 MHz, 0 %, 0 %
2026/09/20 10:53:20.790, 6, 180.15 W, 28, 120 MHz, 3996 MHz, 0 %, 0 %
2026/09/20 10:53:20.790, 7, 184.05 W, 28, 120 MHz, 3996 MHz, 0 %, 0 %
2026/09/20 10:53:21.791, 0, 317.33 W, 45, 2032 MHz, 3996 MHz, 2 %, 1 %
2026/09/20 10:53:21.791, 1, 323.18 W, 46, 2032 MHz, 3996 MHz, 0 %, 0 %
2026/09/20 10:53:21.791, 2, 305.43 W, 36, 2032 MHz, 3996 MHz, 2 %, 1 %
2026/09/20 10:53:21.791, 3, 316.11 W, 36, 2032 MHz, 3996 MHz, 1 %, 0 %
2026/09/20 10:53:21.791, 4, 181.87 W, 32, 120 MHz, 3996 MHz, 0 %, 0 %
2026/09/20 10:53:21.791, 5, 179.47 W, 30, 120 MHz, 3996 MHz, 0 %, 0 %
2026/09/20 10:53:21.791, 6, 180.11 W, 28, 120 MHz, 3996 MHz, 0 %, 0 %
2026/09/20 10:53:21.791, 7, 184.01 W, 28, 120 MHz, 3996 MHz, 0 %, 0 %
2026/09/20 10:53:22.791, 0, 361.68 W, 45, 2032 MHz, 3996 MHz, 29 %, 20 %
2026/09/20 10:53:22.791, 1, 367.71 W, 46, 2032 MHz, 3996 MHz, 9 %, 6 %
2026/09/20 10:53:22.791, 2, 354.52 W, 36, 2032 MHz, 3996 MHz, 31 %, 20 %
2026/09/20 10:53:22.791, 3, 356.49 W, 36, 2032 MHz, 3996 MHz, 37 %, 21 %
2026/09/20 10:53:22.791, 4, 181.61 W, 32, 120 MHz, 3996 MHz, 0 %, 0 %
2026/09/20 10:53:22.791, 5, 179.47 W, 30, 120 MHz, 3996 MHz, 0 %, 0 %
2026/09/20 10:53:22.791, 6, 180.11 W, 28, 120 MHz, 3996 MHz, 0 %, 0 %
2026/09/20 10:53:22.791, 7, 184.09 W, 28, 120 MHz, 3996 MHz, 0 %, 0 %
2026/09/20 10:53:23.791, 0, 403.39 W, 45, 2032 MHz, 3996 MHz, 19 %, 13 %
2026/09/20 10:53:23.791, 1, 410.48 W, 46, 2032 MHz, 3996 MHz, 0 %, 0 %
2026/09/20 10:53:23.791, 2, 394.77 W, 37, 2032 MHz, 3996 MHz, 17 %, 11 %
2026/09/20 10:53:23.791, 3, 395.86 W, 37, 2032 MHz, 3996 MHz, 0 %, 0 %
2026/09/20 10:53:23.791, 4, 181.95 W, 32, 120 MHz, 3996 MHz, 0 %, 0 %
2026/09/20 10:53:23.791, 5, 179.46 W, 30, 120 MHz, 3996 MHz, 0 %, 0 %
2026/09/20 10:53:23.791, 6, 180.16 W, 28, 120 MHz, 3996 MHz, 0 %, 0 %
2026/09/20 10:53:23.791, 7, 184.05 W, 28, 120 MHz, 3996 MHz, 0 %, 0 %
2026/09/20 10:53:24.791, 0, 334.42 W, 44, 2032 MHz, 3996 MHz, 10 %, 7 %
2026/09/20 10:53:24.791, 1, 332.49 W, 45, 2032 MHz, 3996 MHz, 0 %, 0 %
2026/09/20 10:53:24.791, 2, 319.44 W, 36, 2032 MHz, 3996 MHz, 7 %, 5 %
2026/09/20 10:53:24.791, 3, 327.29 W, 36, 2032 MHz, 3996 MHz, 0 %, 0 %
2026/09/20 10:53:24.791, 4, 182.20 W, 32, 120 MHz, 3996 MHz, 0 %, 0 %
2026/09/20 10:53:24.791, 5, 179.47 W, 30, 120 MHz, 3996 MHz, 0 %, 0 %
2026/09/20 10:53:24.791, 6, 180.14 W, 28, 120 MHz, 3996 MHz, 0 %, 0 %
2026/09/20 10:53:24.791, 7, 184.09 W, 28, 120 MHz, 3996 MHz, 0 %, 0 %
2026/09/20 10:53:25.791, 0, 480.40 W, 49, 2032 MHz, 3996 MHz, 95 %, 63 %
2026/09/20 10:53:25.791, 1, 481.84 W, 49, 2032 MHz, 3996 MHz, 99 %, 64 %
2026/09/20 10:53:25.791, 2, 443.67 W, 40, 2032 MHz, 3996 MHz, 94 %, 61 %
2026/09/20 10:53:25.791, 3, 467.44 W, 40, 2032 MHz, 3996 MHz, 95 %, 61 %
2026/09/20 10:53:25.791, 4, 181.87 W, 32, 120 MHz, 3996 MHz, 0 %, 0 %
2026/09/20 10:53:25.791, 5, 179.47 W, 30, 120 MHz, 3996 MHz, 0 %, 0 %
2026/09/20 10:53:25.791, 6, 180.14 W, 28, 120 MHz, 3996 MHz, 0 %, 0 %
2026/09/20 10:53:25.791, 7, 184.05 W, 28, 120 MHz, 3996 MHz, 0 %, 0 %
2026/09/20 10:53:26.792, 0, 495.85 W, 48, 2032 MHz, 3996 MHz, 99 %, 55 %
2026/09/20 10:53:26.792, 1, 500.15 W, 49, 2032 MHz, 3996 MHz, 99 %, 55 %
2026/09/20 10:53:26.792, 2, 483.65 W, 39, 2032 MHz, 3996 MHz, 99 %, 55 %
2026/09/20 10:53:26.792, 3, 480.17 W, 40, 2032 MHz, 3996 MHz, 99 %, 55 %
2026/09/20 10:53:26.792, 4, 181.88 W, 32, 120 MHz, 3996 MHz, 0 %, 0 %
2026/09/20 10:53:26.792, 5, 179.47 W, 30, 120 MHz, 3996 MHz, 0 %, 0 %
2026/09/20 10:53:26.792, 6, 180.13 W, 28, 120 MHz, 3996 MHz, 0 %, 0 %
2026/09/20 10:53:26.792, 7, 183.97 W, 28, 120 MHz, 3996 MHz, 0 %, 0 %
2026/09/20 10:53:27.792, 0, 653.56 W, 49, 2032 MHz, 3996 MHz, 99 %, 56 %
2026/09/20 10:53:27.792, 1, 658.52 W, 50, 2032 MHz, 3996 MHz, 99 %, 55 %
2026/09/20 10:53:27.792, 2, 643.69 W, 41, 2032 MHz, 3996 MHz, 99 %, 55 %
2026/09/20 10:53:27.792, 3, 641.90 W, 41, 2032 MHz, 3996 MHz, 99 %, 56 %
2026/09/20 10:53:27.792, 4, 182.15 W, 32, 120 MHz, 3996 MHz, 0 %, 0 %
2026/09/20 10:53:27.792, 5, 179.46 W, 30, 120 MHz, 3996 MHz, 0 %, 0 %
2026/09/20 10:53:27.792, 6, 180.09 W, 28, 120 MHz, 3996 MHz, 0 %, 0 %
2026/09/20 10:53:27.792, 7, 184.09 W, 28, 120 MHz, 3996 MHz, 0 %, 0 %
2026/09/20 10:53:28.792, 0, 661.66 W, 49, 2032 MHz, 3996 MHz, 99 %, 56 %
2026/09/20 10:53:28.792, 1, 664.32 W, 50, 2032 MHz, 3996 MHz, 99 %, 55 %
2026/09/20 10:53:28.792, 2, 645.16 W, 41, 2032 MHz, 3996 MHz, 99 %, 56 %
2026/09/20 10:53:28.792, 3, 647.04 W, 41, 2032 MHz, 3996 MHz, 99 %, 56 %
2026/09/20 10:53:28.792, 4, 182.04 W, 32, 120 MHz, 3996 MHz, 0 %, 0 %
2026/09/20 10:53:28.792, 5, 179.46 W, 31, 120 MHz, 3996 MHz, 0 %, 0 %
2026/09/20 10:53:28.792, 6, 180.12 W, 28, 120 MHz, 3996 MHz, 0 %, 0 %
2026/09/20 10:53:28.792, 7, 184.05 W, 28, 120 MHz, 3996 MHz, 0 %, 0 %
2026/09/20 10:53:29.792, 0, 654.46 W, 49, 2032 MHz, 3996 MHz, 99 %, 55 %
2026/09/20 10:53:29.792, 1, 644.92 W, 50, 2032 MHz, 3996 MHz, 99 %, 55 %
2026/09/20 10:53:29.792, 2, 639.09 W, 41, 2032 MHz, 3996 MHz, 99 %, 55 %
2026/09/20 10:53:29.792, 3, 642.28 W, 41, 2032 MHz, 3996 MHz, 99 %, 55 %
2026/09/20 10:53:29.792, 4, 182.10 W, 32, 120 MHz, 3996 MHz, 0 %, 0 %
2026/09/20 10:53:29.792, 5, 179.47 W, 31, 120 MHz, 3996 MHz, 0 %, 0 %
2026/09/20 10:53:29.792, 6, 180.12 W, 28, 120 MHz, 3996 MHz, 0 %, 0 %
2026/09/20 10:53:29.792, 7, 184.09 W, 28, 120 MHz, 3996 MHz, 0 %, 0 %
2026/09/20 10:53:30.792, 0, 582.62 W, 47, 2032 MHz, 3996 MHz, 30 %, 16 %
2026/09/20 10:53:30.792, 1, 581.59 W, 48, 2032 MHz, 3996 MHz, 0 %, 0 %
2026/09/20 10:53:30.792, 2, 582.04 W, 39, 2032 MHz, 3996 MHz, 27 %, 15 %
2026/09/20 10:53:30.792, 3, 562.06 W, 38, 2032 MHz, 3996 MHz, 17 %, 9 %
2026/09/20 10:53:30.792, 4, 182.20 W, 32, 120 MHz, 3996 MHz, 0 %, 0 %
2026/09/20 10:53:30.793, 5, 179.47 W, 31, 120 MHz, 3996 MHz, 0 %, 0 %
2026/09/20 10:53:30.793, 6, 180.13 W, 28, 120 MHz, 3996 MHz, 0 %, 0 %
2026/09/20 10:53:30.793, 7, 184.01 W, 28, 120 MHz, 3996 MHz, 0 %, 0 %
2026/09/20 10:53:31.793, 0, 954.84 W, 58, 1942 MHz, 3996 MHz, 100 %, 36 %
2026/09/20 10:53:31.793, 1, 1057.83 W, 60, 1882 MHz, 3996 MHz, 100 %, 36 %
2026/09/20 10:53:31.793, 2, 887.86 W, 50, 1942 MHz, 3996 MHz, 100 %, 35 %
2026/09/20 10:53:31.793, 3, 939.21 W, 51, 1950 MHz, 3996 MHz, 100 %, 35 %
2026/09/20 10:53:31.793, 4, 182.39 W, 32, 120 MHz, 3996 MHz, 0 %, 0 %
2026/09/20 10:53:31.793, 5, 179.47 W, 31, 120 MHz, 3996 MHz, 0 %, 0 %
2026/09/20 10:53:31.793, 6, 180.15 W, 28, 120 MHz, 3996 MHz, 0 %, 0 %
2026/09/20 10:53:31.793, 7, 184.01 W, 29, 120 MHz, 3996 MHz, 0 %, 0 %
2026/09/20 10:53:32.793, 0, 1033.99 W, 60, 1957 MHz, 3996 MHz, 100 %, 35 %
2026/09/20 10:53:32.793, 1, 1044.20 W, 61, 1912 MHz, 3996 MHz, 100 %, 36 %
2026/09/20 10:53:32.793, 2, 1040.33 W, 51, 1935 MHz, 3996 MHz, 100 %, 36 %
2026/09/20 10:53:32.793, 3, 1048.18 W, 52, 1927 MHz, 3996 MHz, 100 %, 35 %
2026/09/20 10:53:32.793, 4, 182.33 W, 32, 120 MHz, 3996 MHz, 0 %, 0 %
2026/09/20 10:53:32.793, 5, 179.46 W, 31, 120 MHz, 3996 MHz, 0 %, 0 %
2026/09/20 10:53:32.793, 6, 180.15 W, 28, 120 MHz, 3996 MHz, 0 %, 0 %
2026/09/20 10:53:32.793, 7, 183.97 W, 29, 120 MHz, 3996 MHz, 0 %, 0 %
2026/09/20 10:53:33.793, 0, 1057.02 W, 61, 1942 MHz, 3996 MHz, 100 %, 36 %
2026/09/20 10:53:33.793, 1, 1053.79 W, 61, 1912 MHz, 3996 MHz, 100 %, 34 %
2026/09/20 10:53:33.793, 2, 1057.16 W, 52, 1957 MHz, 3996 MHz, 100 %, 35 %
2026/09/20 10:53:33.793, 3, 1068.08 W, 54, 1890 MHz, 3996 MHz, 100 %, 35 %
2026/09/20 10:53:33.793, 4, 182.58 W, 32, 120 MHz, 3996 MHz, 0 %, 0 %
2026/09/20 10:53:33.793, 5, 179.46 W, 31, 120 MHz, 3996 MHz, 0 %, 0 %
2026/09/20 10:53:33.793, 6, 180.16 W, 28, 120 MHz, 3996 MHz, 0 %, 0 %
2026/09/20 10:53:33.793, 7, 184.09 W, 29, 120 MHz, 3996 MHz, 0 %, 0 %
2026/09/20 10:53:34.793, 0, 1053.29 W, 60, 1927 MHz, 3996 MHz, 100 %, 35 %
2026/09/20 10:53:34.793, 1, 1058.60 W, 62, 1875 MHz, 3996 MHz, 100 %, 35 %
2026/09/20 10:53:34.794, 2, 1064.48 W, 53, 1950 MHz, 3996 MHz, 100 %, 34 %
2026/09/20 10:53:34.794, 3, 1067.51 W, 53, 1942 MHz, 3996 MHz, 100 %, 35 %
2026/09/20 10:53:34.794, 4, 182.44 W, 32, 120 MHz, 3996 MHz, 0 %, 0 %
2026/09/20 10:53:34.794, 5, 179.46 W, 31, 120 MHz, 3996 MHz, 0 %, 0 %
2026/09/20 10:53:34.794, 6, 180.16 W, 28, 120 MHz, 3996 MHz, 0 %, 0 %
2026/09/20 10:53:34.794, 7, 184.09 W, 29, 120 MHz, 3996 MHz, 0 %, 0 %
2026/09/20 10:53:35.794, 0, 1058.93 W, 60, 1942 MHz, 3996 MHz, 100 %, 33 %
2026/09/20 10:53:35.794, 1, 1054.21 W, 62, 1830 MHz, 3996 MHz, 100 %, 33 %
2026/09/20 10:53:35.794, 2, 1063.94 W, 53, 1942 MHz, 3996 MHz, 100 %, 32 %
2026/09/20 10:53:35.794, 3, 1059.84 W, 54, 1912 MHz, 3996 MHz, 100 %, 32 %
2026/09/20 10:53:35.794, 4, 182.62 W, 32, 120 MHz, 3996 MHz, 0 %, 0 %
2026/09/20 10:53:35.794, 5, 179.47 W, 31, 120 MHz, 3996 MHz, 0 %, 0 %
2026/09/20 10:53:35.794, 6, 180.15 W, 28, 120 MHz, 3996 MHz, 0 %, 0 %
2026/09/20 10:53:35.794, 7, 184.09 W, 29, 120 MHz, 3996 MHz, 0 %, 0 %
2026/09/20 10:53:36.794, 0, 1055.84 W, 61, 1912 MHz, 3996 MHz, 100 %, 35 %
2026/09/20 10:53:36.794, 1, 1056.56 W, 62, 1920 MHz, 3996 MHz, 100 %, 34 %
2026/09/20 10:53:36.794, 2, 1064.45 W, 53, 1965 MHz, 3996 MHz, 100 %, 35 %
2026/09/20 10:53:36.794, 3, 1060.86 W, 54, 1942 MHz, 3996 MHz, 100 %, 35 %
2026/09/20 10:53:36.794, 4, 182.63 W, 32, 120 MHz, 3996 MHz, 0 %, 0 %
2026/09/20 10:53:36.794, 5, 179.47 W, 31, 120 MHz, 3996 MHz, 0 %, 0 %
2026/09/20 10:53:36.794, 6, 180.13 W, 28, 120 MHz, 3996 MHz, 0 %, 0 %
2026/09/20 10:53:36.794, 7, 184.09 W, 29, 120 MHz, 3996 MHz, 0 %, 0 %
2026/09/20 10:53:37.794, 0, 1058.28 W, 61, 1942 MHz, 3996 MHz, 100 %, 33 %
2026/09/20 10:53:37.794, 1, 1060.26 W, 62, 1905 MHz, 3996 MHz, 100 %, 36 %
2026/09/20 10:53:37.794, 2, 1059.60 W, 53, 1957 MHz, 3996 MHz, 100 %, 33 %
2026/09/20 10:53:37.794, 3, 1059.03 W, 54, 1942 MHz, 3996 MHz, 100 %, 35 %
2026/09/20 10:53:37.794, 4, 182.78 W, 32, 120 MHz, 3996 MHz, 0 %, 0 %
2026/09/20 10:53:37.794, 5, 179.47 W, 31, 120 MHz, 3996 MHz, 0 %, 0 %
2026/09/20 10:53:37.794, 6, 180.14 W, 28, 120 MHz, 3996 MHz, 0 %, 0 %
2026/09/20 10:53:37.794, 7, 184.05 W, 29, 120 MHz, 3996 MHz, 0 %, 0 %
2026/09/20 10:53:38.795, 0, 1061.79 W, 61, 1935 MHz, 3996 MHz, 100 %, 35 %
2026/09/20 10:53:38.795, 1, 1058.76 W, 63, 1867 MHz, 3996 MHz, 100 %, 35 %
2026/09/20 10:53:38.795, 2, 1065.80 W, 54, 1935 MHz, 3996 MHz, 100 %, 34 %
2026/09/20 10:53:38.795, 3, 1064.80 W, 55, 1905 MHz, 3996 MHz, 100 %, 35 %
2026/09/20 10:53:38.795, 4, 182.82 W, 32, 120 MHz, 3996 MHz, 0 %, 0 %
2026/09/20 10:53:38.795, 5, 179.47 W, 31, 120 MHz, 3996 MHz, 0 %, 0 %
2026/09/20 10:53:38.795, 6, 180.14 W, 28, 120 MHz, 3996 MHz, 0 %, 0 %
2026/09/20 10:53:38.795, 7, 184.09 W, 29, 120 MHz, 3996 MHz, 0 %, 0 %
2026/09/20 10:53:39.795, 0, 1053.70 W, 62, 1875 MHz, 3996 MHz, 100 %, 35 %
2026/09/20 10:53:39.795, 1, 1063.52 W, 62, 1905 MHz, 3996 MHz, 100 %, 35 %
2026/09/20 10:53:39.795, 2, 1056.65 W, 54, 1927 MHz, 3996 MHz, 100 %, 34 %
2026/09/20 10:53:39.795, 3, 1063.80 W, 55, 1950 MHz, 3996 MHz, 100 %, 35 %
2026/09/20 10:53:39.795, 4, 182.97 W, 33, 120 MHz, 3996 MHz, 0 %, 0 %
2026/09/20 10:53:39.795, 5, 179.46 W, 31, 120 MHz, 3996 MHz, 0 %, 0 %
2026/09/20 10:53:39.795, 6, 180.15 W, 28, 120 MHz, 3996 MHz, 0 %, 0 %
2026/09/20 10:53:39.795, 7, 184.09 W, 29, 120 MHz, 3996 MHz, 0 %, 0 %
2026/09/20 10:53:40.795, 0, 1053.43 W, 62, 1927 MHz, 3996 MHz, 100 %, 35 %
2026/09/20 10:53:40.795, 1, 1059.89 W, 63, 1882 MHz, 3996 MHz, 100 %, 35 %
2026/09/20 10:53:40.795, 2, 1061.70 W, 54, 1912 MHz, 3996 MHz, 100 %, 35 %
2026/09/20 10:53:40.795, 3, 1061.20 W, 55, 1950 MHz, 3996 MHz, 100 %, 35 %
2026/09/20 10:53:40.795, 4, 182.79 W, 33, 120 MHz, 3996 MHz, 0 %, 0 %
2026/09/20 10:53:40.795, 5, 179.47 W, 31, 120 MHz, 3996 MHz, 0 %, 0 %
2026/09/20 10:53:40.795, 6, 180.13 W, 28, 120 MHz, 3996 MHz, 0 %, 0 %
2026/09/20 10:53:40.795, 7, 184.09 W, 29, 120 MHz, 3996 MHz, 0 %, 0 %
2026/09/20 10:53:41.795, 0, 1026.89 W, 62, 1950 MHz, 3996 MHz, 100 %, 35 %
2026/09/20 10:53:41.795, 1, 1022.05 W, 63, 1920 MHz, 3996 MHz, 100 %, 36 %
2026/09/20 10:53:41.795, 2, 1025.96 W, 54, 1980 MHz, 3996 MHz, 100 %, 35 %
2026/09/20 10:53:41.795, 3, 1031.83 W, 54, 1995 MHz, 3996 MHz, 100 %, 35 %
2026/09/20 10:53:41.795, 4, 183.01 W, 33, 120 MHz, 3996 MHz, 0 %, 0 %
2026/09/20 10:53:41.796, 5, 179.47 W, 31, 120 MHz, 3996 MHz, 0 %, 0 %
2026/09/20 10:53:41.796, 6, 180.15 W, 28, 120 MHz, 3996 MHz, 0 %, 0 %
2026/09/20 10:53:41.796, 7, 184.09 W, 29, 120 MHz, 3996 MHz, 0 %, 0 %
2026/09/20 10:53:42.796, 0, 1063.64 W, 62, 1920 MHz, 3996 MHz, 100 %, 35 %
2026/09/20 10:53:42.796, 1, 1058.58 W, 64, 1942 MHz, 3996 MHz, 100 %, 34 %
2026/09/20 10:53:42.796, 2, 1069.46 W, 55, 1950 MHz, 3996 MHz, 100 %, 36 %
2026/09/20 10:53:42.796, 3, 1070.42 W, 55, 1957 MHz, 3996 MHz, 100 %, 36 %
2026/09/20 10:53:42.796, 4, 183.01 W, 33, 120 MHz, 3996 MHz, 0 %, 0 %
2026/09/20 10:53:42.796, 5, 179.46 W, 31, 120 MHz, 3996 MHz, 0 %, 0 %
2026/09/20 10:53:42.796, 6, 180.16 W, 28, 120 MHz, 3996 MHz, 0 %, 0 %
2026/09/20 10:53:42.796, 7, 184.09 W, 29, 120 MHz, 3996 MHz, 0 %, 0 %
2026/09/20 10:53:43.796, 0, 1061.61 W, 63, 1942 MHz, 3996 MHz, 100 %, 35 %
2026/09/20 10:53:43.796, 1, 1062.96 W, 64, 1920 MHz, 3996 MHz, 100 %, 35 %
2026/09/20 10:53:43.796, 2, 1061.37 W, 55, 1965 MHz, 3996 MHz, 100 %, 34 %
2026/09/20 10:53:43.796, 3, 1059.60 W, 55, 1935 MHz, 3996 MHz, 100 %, 34 %
2026/09/20 10:53:43.796, 4, 183.09 W, 33, 120 MHz, 3996 MHz, 0 %, 0 %
2026/09/20 10:53:43.796, 5, 179.47 W, 31, 120 MHz, 3996 MHz, 0 %, 0 %
2026/09/20 10:53:43.796, 6, 180.20 W, 28, 120 MHz, 3996 MHz, 0 %, 0 %
2026/09/20 10:53:43.796, 7, 184.09 W, 29, 120 MHz, 3996 MHz, 0 %, 0 %
2026/09/20 10:53:44.796, 0, 1058.53 W, 64, 1890 MHz, 3996 MHz, 100 %, 33 %
2026/09/20 10:53:44.796, 1, 1057.79 W, 64, 1927 MHz, 3996 MHz, 100 %, 35 %
2026/09/20 10:53:44.796, 2, 1071.03 W, 55, 1927 MHz, 3996 MHz, 100 %, 35 %
2026/09/20 10:53:44.796, 3, 1065.25 W, 57, 1912 MHz, 3996 MHz, 100 %, 35 %
2026/09/20 10:53:44.796, 4, 183.09 W, 33, 120 MHz, 3996 MHz, 0 %, 0 %
2026/09/20 10:53:44.796, 5, 179.47 W, 31, 120 MHz, 3996 MHz, 0 %, 0 %
2026/09/20 10:53:44.796, 6, 180.15 W, 29, 120 MHz, 3996 MHz, 0 %, 0 %
2026/09/20 10:53:44.796, 7, 184.05 W, 29, 120 MHz, 3996 MHz, 0 %, 0 %
2026/09/20 10:53:45.797, 0, 1055.85 W, 63, 1912 MHz, 3996 MHz, 100 %, 35 %
2026/09/20 10:53:45.797, 1, 1061.40 W, 64, 1920 MHz, 3996 MHz, 100 %, 35 %
2026/09/20 10:53:45.797, 2, 1069.68 W, 55, 1912 MHz, 3996 MHz, 100 %, 34 %
2026/09/20 10:53:45.797, 3, 1056.53 W, 56, 1957 MHz, 3996 MHz, 100 %, 34 %
2026/09/20 10:53:45.797, 4, 183.13 W, 33, 120 MHz, 3996 MHz, 0 %, 0 %
2026/09/20 10:53:45.797, 5, 179.47 W, 31, 120 MHz, 3996 MHz, 0 %, 0 %
2026/09/20 10:53:45.797, 6, 180.13 W, 29, 120 MHz, 3996 MHz, 0 %, 0 %
2026/09/20 10:53:45.797, 7, 184.05 W, 29, 120 MHz, 3996 MHz, 0 %, 0 %
2026/09/20 10:53:46.797, 0, 1052.16 W, 63, 1920 MHz, 3996 MHz, 100 %, 34 %
2026/09/20 10:53:46.797, 1, 1054.80 W, 63, 1830 MHz, 3996 MHz, 100 %, 33 %
2026/09/20 10:53:46.797, 2, 1059.53 W, 55, 1905 MHz, 3996 MHz, 100 %, 32 %
2026/09/20 10:53:46.797, 3, 1066.18 W, 56, 1935 MHz, 3996 MHz, 100 %, 32 %
2026/09/20 10:53:46.797, 4, 182.98 W, 33, 120 MHz, 3996 MHz, 0 %, 0 %
2026/09/20 10:53:46.797, 5, 179.47 W, 31, 120 MHz, 3996 MHz, 0 %, 0 %
2026/09/20 10:53:46.797, 6, 180.12 W, 29, 120 MHz, 3996 MHz, 0 %, 0 %
2026/09/20 10:53:46.797, 7, 184.09 W, 29, 120 MHz, 3996 MHz, 0 %, 0 %
2026/09/20 10:53:47.797, 0, 1056.19 W, 65, 1852 MHz, 3996 MHz, 100 %, 35 %
2026/09/20 10:53:47.797, 1, 1058.98 W, 64, 1920 MHz, 3996 MHz, 100 %, 34 %
2026/09/20 10:53:47.797, 2, 1063.15 W, 56, 1942 MHz, 3996 MHz, 100 %, 34 %
2026/09/20 10:53:47.797, 3, 1061.98 W, 56, 1965 MHz, 3996 MHz, 100 %, 35 %
2026/09/20 10:53:47.797, 4, 182.98 W, 33, 120 MHz, 3996 MHz, 0 %, 0 %
2026/09/20 10:53:47.797, 5, 179.47 W, 31, 120 MHz, 3996 MHz, 0 %, 0 %
2026/09/20 10:53:47.797, 6, 180.14 W, 29, 120 MHz, 3996 MHz, 0 %, 0 %
2026/09/20 10:53:47.797, 7, 184.09 W, 29, 120 MHz, 3996 MHz, 0 %, 0 %
2026/09/20 10:53:48.797, 0, 1059.42 W, 64, 1912 MHz, 3996 MHz, 100 %, 35 %
2026/09/20 10:53:48.797, 1, 1057.36 W, 65, 1905 MHz, 3996 MHz, 100 %, 35 %
2026/09/20 10:53:48.797, 2, 1058.57 W, 56, 1942 MHz, 3996 MHz, 100 %, 33 %
2026/09/20 10:53:48.797, 3, 1058.95 W, 56, 1942 MHz, 3996 MHz, 100 %, 34 %
2026/09/20 10:53:48.797, 4, 183.25 W, 33, 120 MHz, 3996 MHz, 0 %, 0 %
2026/09/20 10:53:48.797, 5, 179.47 W, 31, 120 MHz, 3996 MHz, 0 %, 0 %
2026/09/20 10:53:48.797, 6, 180.11 W, 29, 120 MHz, 3996 MHz, 0 %, 0 %
2026/09/20 10:53:48.798, 7, 184.09 W, 29, 120 MHz, 3996 MHz, 0 %, 0 %
2026/09/20 10:53:49.798, 0, 1061.60 W, 64, 1920 MHz, 3996 MHz, 100 %, 35 %
2026/09/20 10:53:49.798, 1, 1059.16 W, 65, 1912 MHz, 3996 MHz, 100 %, 35 %
2026/09/20 10:53:49.798, 2, 1067.03 W, 56, 1957 MHz, 3996 MHz, 100 %, 33 %
2026/09/20 10:53:49.798, 3, 1054.68 W, 56, 1927 MHz, 3996 MHz, 100 %, 35 %
2026/09/20 10:53:49.798, 4, 183.09 W, 33, 120 MHz, 3996 MHz, 0 %, 0 %
2026/09/20 10:53:49.798, 5, 179.47 W, 31, 120 MHz, 3996 MHz, 0 %, 0 %
2026/09/20 10:53:49.798, 6, 180.14 W, 29, 120 MHz, 3996 MHz, 0 %, 0 %
2026/09/20 10:53:49.798, 7, 184.09 W, 29, 120 MHz, 3996 MHz, 0 %, 0 %
2026/09/20 10:53:50.798, 0, 1062.29 W, 64, 1942 MHz, 3996 MHz, 100 %, 35 %
2026/09/20 10:53:50.798, 1, 1058.88 W, 65, 1882 MHz, 3996 MHz, 100 %, 36 %
2026/09/20 10:53:50.798, 2, 1062.24 W, 56, 1942 MHz, 3996 MHz, 100 %, 35 %
2026/09/20 10:53:50.798, 3, 1062.70 W, 57, 1950 MHz, 3996 MHz, 100 %, 35 %
2026/09/20 10:53:50.798, 4, 183.17 W, 33, 120 MHz, 3996 MHz, 0 %, 0 %
2026/09/20 10:53:50.798, 5, 179.47 W, 31, 120 MHz, 3996 MHz, 0 %, 0 %
2026/09/20 10:53:50.798, 6, 180.15 W, 29, 120 MHz, 3996 MHz, 0 %, 0 %
2026/09/20 10:53:50.798, 7, 184.09 W, 29, 120 MHz, 3996 MHz, 0 %, 0 %
2026/09/20 10:53:51.798, 0, 1062.62 W, 65, 1920 MHz, 3996 MHz, 100 %, 36 %
2026/09/20 10:53:51.798, 1, 1060.00 W, 66, 1852 MHz, 3996 MHz, 100 %, 35 %
2026/09/20 10:53:51.798, 2, 1063.24 W, 56, 1942 MHz, 3996 MHz, 100 %, 35 %
2026/09/20 10:53:51.798, 3, 1067.49 W, 57, 1905 MHz, 3996 MHz, 100 %, 35 %
2026/09/20 10:53:51.798, 4, 183.21 W, 33, 120 MHz, 3996 MHz, 0 %, 0 %
2026/09/20 10:53:51.798, 5, 179.47 W, 31, 120 MHz, 3996 MHz, 0 %, 0 %
2026/09/20 10:53:51.798, 6, 180.15 W, 29, 120 MHz, 3996 MHz, 0 %, 0 %
2026/09/20 10:53:51.798, 7, 184.09 W, 29, 120 MHz, 3996 MHz, 0 %, 0 %
2026/09/20 10:53:52.798, 0, 1057.25 W, 65, 1935 MHz, 3996 MHz, 100 %, 34 %
2026/09/20 10:53:52.798, 1, 1054.09 W, 65, 1882 MHz, 3996 MHz, 100 %, 35 %
2026/09/20 10:53:52.798, 2, 1054.64 W, 56, 1942 MHz, 3996 MHz, 100 %, 34 %
2026/09/20 10:53:52.798, 3, 1055.33 W, 57, 1935 MHz, 3996 MHz, 100 %, 34 %
2026/09/20 10:53:52.798, 4, 183.17 W, 33, 120 MHz, 3996 MHz, 0 %, 0 %
2026/09/20 10:53:52.799, 5, 179.47 W, 31, 120 MHz, 3996 MHz, 0 %, 0 %
2026/09/20 10:53:52.799, 6, 180.15 W, 29, 120 MHz, 3996 MHz, 0 %, 0 %
2026/09/20 10:53:52.799, 7, 184.09 W, 29, 120 MHz, 3996 MHz, 0 %, 0 %
2026/09/20 10:53:53.799, 0, 1059.44 W, 65, 1875 MHz, 3996 MHz, 100 %, 33 %
2026/09/20 10:53:53.799, 1, 1060.53 W, 67, 1800 MHz, 3996 MHz, 100 %, 35 %
2026/09/20 10:53:53.799, 2, 1067.37 W, 57, 1972 MHz, 3996 MHz, 100 %, 35 %
2026/09/20 10:53:53.799, 3, 1063.92 W, 57, 1912 MHz, 3996 MHz, 100 %, 35 %
2026/09/20 10:53:53.799, 4, 183.13 W, 33, 120 MHz, 3996 MHz, 0 %, 0 %
2026/09/20 10:53:53.799, 5, 179.46 W, 31, 120 MHz, 3996 MHz, 0 %, 0 %
2026/09/20 10:53:53.799, 6, 180.13 W, 29, 120 MHz, 3996 MHz, 0 %, 0 %
2026/09/20 10:53:53.799, 7, 184.09 W, 29, 120 MHz, 3996 MHz, 0 %, 0 %
2026/09/20 10:53:54.799, 0, 1059.72 W, 65, 1905 MHz, 3996 MHz, 100 %, 35 %
2026/09/20 10:53:54.799, 1, 1056.73 W, 66, 1875 MHz, 3996 MHz, 100 %, 35 %
2026/09/20 10:53:54.799, 2, 1057.45 W, 56, 1942 MHz, 3996 MHz, 100 %, 35 %
2026/09/20 10:53:54.799, 3, 1060.68 W, 57, 1920 MHz, 3996 MHz, 100 %, 35 %
2026/09/20 10:53:54.799, 4, 183.25 W, 33, 120 MHz, 3996 MHz, 0 %, 0 %
2026/09/20 10:53:54.799, 5, 179.47 W, 31, 120 MHz, 3996 MHz, 0 %, 0 %
2026/09/20 10:53:54.799, 6, 180.21 W, 29, 120 MHz, 3996 MHz, 0 %, 0 %
2026/09/20 10:53:54.799, 7, 184.09 W, 29, 120 MHz, 3996 MHz, 0 %, 0 %
2026/09/20 10:53:55.799, 0, 1057.47 W, 66, 1905 MHz, 3996 MHz, 100 %, 33 %
2026/09/20 10:53:55.799, 1, 1065.59 W, 66, 1875 MHz, 3996 MHz, 100 %, 33 %
2026/09/20 10:53:55.799, 2, 1064.99 W, 58, 1905 MHz, 3996 MHz, 100 %, 34 %
2026/09/20 10:53:55.799, 3, 1063.08 W, 57, 1920 MHz, 3996 MHz, 100 %, 35 %
2026/09/20 10:53:55.799, 4, 183.21 W, 33, 120 MHz, 3996 MHz, 0 %, 0 %
2026/09/20 10:53:55.799, 5, 179.46 W, 31, 120 MHz, 3996 MHz, 0 %, 0 %
2026/09/20 10:53:55.799, 6, 180.17 W, 29, 120 MHz, 3996 MHz, 0 %, 0 %
2026/09/20 10:53:55.799, 7, 184.09 W, 29, 120 MHz, 3996 MHz, 0 %, 0 %
2026/09/20 10:53:56.799, 0, 1061.25 W, 66, 1882 MHz, 3996 MHz, 100 %, 35 %
2026/09/20 10:53:56.800, 1, 1055.92 W, 66, 1912 MHz, 3996 MHz, 100 %, 35 %
2026/09/20 10:53:56.800, 2, 1060.64 W, 57, 1935 MHz, 3996 MHz, 100 %, 35 %
2026/09/20 10:53:56.800, 3, 1059.16 W, 57, 1927 MHz, 3996 MHz, 100 %, 35 %
2026/09/20 10:53:56.800, 4, 183.25 W, 33, 120 MHz, 3996 MHz, 0 %, 0 %
2026/09/20 10:53:56.800, 5, 179.47 W, 31, 120 MHz, 3996 MHz, 0 %, 0 %
2026/09/20 10:53:56.800, 6, 180.13 W, 29, 120 MHz, 3996 MHz, 0 %, 0 %
2026/09/20 10:53:56.800, 7, 184.09 W, 29, 120 MHz, 3996 MHz, 0 %, 0 %
2026/09/20 10:53:57.800, 0, 1054.36 W, 65, 1920 MHz, 3996 MHz, 100 %, 35 %
2026/09/20 10:53:57.800, 1, 1060.75 W, 67, 1897 MHz, 3996 MHz, 100 %, 33 %
2026/09/20 10:53:57.800, 2, 1058.92 W, 57, 1957 MHz, 3996 MHz, 100 %, 32 %
2026/09/20 10:53:57.800, 3, 1066.51 W, 57, 1942 MHz, 3996 MHz, 100 %, 33 %
2026/09/20 10:53:57.800, 4, 183.25 W, 33, 120 MHz, 3996 MHz, 0 %, 0 %
2026/09/20 10:53:57.800, 5, 179.47 W, 31, 120 MHz, 3996 MHz, 0 %, 0 %
2026/09/20 10:53:57.800, 6, 180.13 W, 29, 120 MHz, 3996 MHz, 0 %, 0 %
2026/09/20 10:53:57.800, 7, 184.09 W, 29, 120 MHz, 3996 MHz, 0 %, 0 %
2026/09/20 10:53:58.800, 0, 1059.95 W, 66, 1942 MHz, 3996 MHz, 100 %, 34 %
2026/09/20 10:53:58.800, 1, 1053.62 W, 67, 1875 MHz, 3996 MHz, 100 %, 35 %
2026/09/20 10:53:58.800, 2, 1061.00 W, 58, 1965 MHz, 3996 MHz, 100 %, 34 %
2026/09/20 10:53:58.800, 3, 1060.36 W, 57, 1912 MHz, 3996 MHz, 100 %, 35 %
2026/09/20 10:53:58.800, 4, 183.21 W, 33, 120 MHz, 3996 MHz, 0 %, 0 %
2026/09/20 10:53:58.800, 5, 179.47 W, 31, 120 MHz, 3996 MHz, 0 %, 0 %
2026/09/20 10:53:58.800, 6, 180.11 W, 29, 120 MHz, 3996 MHz, 0 %, 0 %
2026/09/20 10:53:58.800, 7, 184.09 W, 29, 120 MHz, 3996 MHz, 0 %, 0 %
2026/09/20 10:53:59.800, 0, 1061.37 W, 66, 1942 MHz, 3996 MHz, 100 %, 34 %
2026/09/20 10:53:59.800, 1, 1059.32 W, 67, 1920 MHz, 3996 MHz, 100 %, 35 %
2026/09/20 10:53:59.800, 2, 1059.69 W, 57, 1942 MHz, 3996 MHz, 100 %, 34 %
2026/09/20 10:53:59.800, 3, 1064.47 W, 58, 1957 MHz, 3996 MHz, 100 %, 36 %
2026/09/20 10:53:59.800, 4, 183.25 W, 33, 120 MHz, 3996 MHz, 0 %, 0 %
2026/09/20 10:53:59.800, 5, 179.47 W, 31, 120 MHz, 3996 MHz, 0 %, 0 %
2026/09/20 10:53:59.800, 6, 180.13 W, 29, 120 MHz, 3996 MHz, 0 %, 0 %
2026/09/20 10:53:59.800, 7, 184.09 W, 29, 120 MHz, 3996 MHz, 0 %, 0 %
2026/09/20 10:54:00.801, 0, 1059.20 W, 67, 1875 MHz, 3996 MHz, 100 %, 36 %
2026/09/20 10:54:00.801, 1, 1056.32 W, 68, 1920 MHz, 3996 MHz, 100 %, 35 %
2026/09/20 10:54:00.801, 2, 1061.15 W, 57, 1965 MHz, 3996 MHz, 100 %, 34 %
2026/09/20 10:54:00.801, 3, 1060.00 W, 58, 1927 MHz, 3996 MHz, 100 %, 35 %
2026/09/20 10:54:00.801, 4, 183.25 W, 33, 120 MHz, 3996 MHz, 0 %, 0 %
2026/09/20 10:54:00.801, 5, 179.47 W, 31, 120 MHz, 3996 MHz, 0 %, 0 %
2026/09/20 10:54:00.801, 6, 180.16 W, 29, 120 MHz, 3996 MHz, 0 %, 0 %
2026/09/20 10:54:00.801, 7, 184.09 W, 29, 120 MHz, 3996 MHz, 0 %, 0 %
2026/09/20 10:54:01.801, 0, 1057.15 W, 66, 1942 MHz, 3996 MHz, 100 %, 33 %
2026/09/20 10:54:01.801, 1, 1060.50 W, 67, 1867 MHz, 3996 MHz, 100 %, 35 %
2026/09/20 10:54:01.801, 2, 1061.69 W, 57, 1875 MHz, 3996 MHz, 100 %, 35 %
2026/09/20 10:54:01.801, 3, 1063.18 W, 57, 1935 MHz, 3996 MHz, 100 %, 35 %
2026/09/20 10:54:01.801, 4, 183.25 W, 33, 120 MHz, 3996 MHz, 0 %, 0 %
2026/09/20 10:54:01.801, 5, 179.46 W, 31, 120 MHz, 3996 MHz, 0 %, 0 %
2026/09/20 10:54:01.801, 6, 180.17 W, 29, 120 MHz, 3996 MHz, 0 %, 0 %
2026/09/20 10:54:01.801, 7, 184.09 W, 29, 120 MHz, 3996 MHz, 0 %, 0 %
2026/09/20 10:54:02.801, 0, 1060.84 W, 66, 1912 MHz, 3996 MHz, 100 %, 36 %
2026/09/20 10:54:02.801, 1, 1055.40 W, 67, 1860 MHz, 3996 MHz, 100 %, 35 %
2026/09/20 10:54:02.801, 2, 1058.27 W, 57, 1935 MHz, 3996 MHz, 100 %, 35 %
2026/09/20 10:54:02.801, 3, 1058.29 W, 57, 1905 MHz, 3996 MHz, 100 %, 35 %
2026/09/20 10:54:02.801, 4, 183.21 W, 33, 120 MHz, 3996 MHz, 0 %, 0 %
2026/09/20 10:54:02.801, 5, 179.47 W, 31, 120 MHz, 3996 MHz, 0 %, 0 %
2026/09/20 10:54:02.801, 6, 180.17 W, 29, 120 MHz, 3996 MHz, 0 %, 0 %
2026/09/20 10:54:02.801, 7, 184.05 W, 29, 120 MHz, 3996 MHz, 0 %, 0 %
2026/09/20 10:54:03.801, 0, 1059.61 W, 66, 1935 MHz, 3996 MHz, 100 %, 35 %
2026/09/20 10:54:03.801, 1, 1057.65 W, 68, 1890 MHz, 3996 MHz, 100 %, 35 %
2026/09/20 10:54:03.801, 2, 1062.48 W, 57, 1942 MHz, 3996 MHz, 100 %, 35 %
2026/09/20 10:54:03.801, 3, 1062.81 W, 58, 1935 MHz, 3996 MHz, 100 %, 34 %
2026/09/20 10:54:03.801, 4, 183.25 W, 33, 120 MHz, 3996 MHz, 0 %, 0 %
2026/09/20 10:54:03.801, 5, 179.47 W, 31, 120 MHz, 3996 MHz, 0 %, 0 %
2026/09/20 10:54:03.801, 6, 180.17 W, 29, 120 MHz, 3996 MHz, 0 %, 0 %
2026/09/20 10:54:03.801, 7, 184.09 W, 29, 120 MHz, 3996 MHz, 0 %, 0 %
2026/09/20 10:54:04.802, 0, 1056.58 W, 67, 1905 MHz, 3996 MHz, 100 %, 35 %
2026/09/20 10:54:04.802, 1, 1055.59 W, 68, 1822 MHz, 3996 MHz, 100 %, 35 %
2026/09/20 10:54:04.802, 2, 1062.65 W, 57, 1957 MHz, 3996 MHz, 100 %, 34 %
2026/09/20 10:54:04.802, 3, 1065.72 W, 59, 1905 MHz, 3996 MHz, 100 %, 35 %
2026/09/20 10:54:04.802, 4, 183.25 W, 33, 120 MHz, 3996 MHz, 0 %, 0 %
2026/09/20 10:54:04.802, 5, 179.47 W, 31, 120 MHz, 3996 MHz, 0 %, 0 %
2026/09/20 10:54:04.802, 6, 180.17 W, 29, 120 MHz, 3996 MHz, 0 %, 0 %
2026/09/20 10:54:04.802, 7, 184.09 W, 29, 120 MHz, 3996 MHz, 0 %, 0 %
2026/09/20 10:54:05.802, 0, 1065.99 W, 67, 1905 MHz, 3996 MHz, 100 %, 35 %
2026/09/20 10:54:05.802, 1, 1060.54 W, 67, 1905 MHz, 3996 MHz, 100 %, 35 %
2026/09/20 10:54:05.802, 2, 1058.93 W, 57, 1942 MHz, 3996 MHz, 100 %, 34 %
2026/09/20 10:54:05.802, 3, 1066.55 W, 57, 1897 MHz, 3996 MHz, 100 %, 35 %
2026/09/20 10:54:05.802, 4, 183.21 W, 33, 120 MHz, 3996 MHz, 0 %, 0 %
2026/09/20 10:54:05.802, 5, 179.46 W, 31, 120 MHz, 3996 MHz, 0 %, 0 %
2026/09/20 10:54:05.802, 6, 180.17 W, 29, 120 MHz, 3996 MHz, 0 %, 0 %
2026/09/20 10:54:05.802, 7, 184.09 W, 29, 120 MHz, 3996 MHz, 0 %, 0 %
2026/09/20 10:54:06.802, 0, 1059.86 W, 67, 1905 MHz, 3996 MHz, 100 %, 35 %
2026/09/20 10:54:06.802, 1, 1032.79 W, 65, 2032 MHz, 3996 MHz, 97 %, 26 %
2026/09/20 10:54:06.802, 2, 1061.25 W, 58, 1927 MHz, 3996 MHz, 100 %, 32 %
2026/09/20 10:54:06.802, 3, 1064.47 W, 58, 1927 MHz, 3996 MHz, 100 %, 32 %
2026/09/20 10:54:06.802, 4, 183.17 W, 33, 120 MHz, 3996 MHz, 0 %, 0 %
2026/09/20 10:54:06.802, 5, 179.47 W, 31, 120 MHz, 3996 MHz, 0 %, 0 %
2026/09/20 10:54:06.802, 6, 180.17 W, 29, 120 MHz, 3996 MHz, 0 %, 0 %
2026/09/20 10:54:06.802, 7, 184.09 W, 29, 120 MHz, 3996 MHz, 0 %, 0 %
2026/09/20 10:54:07.802, 0, 1064.92 W, 68, 1852 MHz, 3996 MHz, 100 %, 34 %
2026/09/20 10:54:07.802, 1, 712.17 W, 59, 2032 MHz, 3996 MHz, 100 %, 17 %
2026/09/20 10:54:07.802, 2, 1035.25 W, 56, 2032 MHz, 3996 MHz, 100 %, 28 %
2026/09/20 10:54:07.802, 3, 1062.30 W, 58, 2025 MHz, 3996 MHz, 100 %, 31 %
2026/09/20 10:54:07.802, 4, 183.25 W, 33, 120 MHz, 3996 MHz, 0 %, 0 %
2026/09/20 10:54:07.802, 5, 179.46 W, 31, 120 MHz, 3996 MHz, 0 %, 0 %
2026/09/20 10:54:07.802, 6, 180.17 W, 29, 120 MHz, 3996 MHz, 0 %, 0 %
2026/09/20 10:54:07.803, 7, 184.09 W, 29, 120 MHz, 3996 MHz, 0 %, 0 %
2026/09/20 10:54:08.803, 0, 978.05 W, 64, 2032 MHz, 3996 MHz, 99 %, 49 %
2026/09/20 10:54:08.803, 1, 884.76 W, 64, 2032 MHz, 3996 MHz, 100 %, 50 %
2026/09/20 10:54:08.803, 2, 879.70 W, 54, 2032 MHz, 3996 MHz, 100 %, 50 %
2026/09/20 10:54:08.803, 3, 878.15 W, 54, 2032 MHz, 3996 MHz, 100 %, 49 %
2026/09/20 10:54:08.803, 4, 183.25 W, 33, 120 MHz, 3996 MHz, 0 %, 0 %
2026/09/20 10:54:08.803, 5, 179.47 W, 31, 120 MHz, 3996 MHz, 0 %, 0 %
2026/09/20 10:54:08.803, 6, 180.17 W, 29, 120 MHz, 3996 MHz, 0 %, 0 %
2026/09/20 10:54:08.803, 7, 184.09 W, 29, 120 MHz, 3996 MHz, 0 %, 0 %
2026/09/20 10:54:09.803, 0, 964.89 W, 64, 2032 MHz, 3996 MHz, 99 %, 51 %
2026/09/20 10:54:09.803, 1, 962.36 W, 64, 2032 MHz, 3996 MHz, 100 %, 52 %
2026/09/20 10:54:09.803, 2, 939.51 W, 54, 2032 MHz, 3996 MHz, 99 %, 52 %
2026/09/20 10:54:09.803, 3, 937.49 W, 54, 2032 MHz, 3996 MHz, 99 %, 52 %
2026/09/20 10:54:09.803, 4, 183.25 W, 33, 120 MHz, 3996 MHz, 0 %, 0 %
2026/09/20 10:54:09.803, 5, 179.47 W, 31, 120 MHz, 3996 MHz, 0 %, 0 %
2026/09/20 10:54:09.803, 6, 180.15 W, 29, 120 MHz, 3996 MHz, 0 %, 0 %
2026/09/20 10:54:09.803, 7, 184.09 W, 29, 120 MHz, 3996 MHz, 0 %, 0 %
2026/09/20 10:54:10.803, 0, 969.90 W, 64, 2032 MHz, 3996 MHz, 100 %, 52 %
2026/09/20 10:54:10.803, 1, 971.04 W, 65, 2032 MHz, 3996 MHz, 100 %, 52 %
2026/09/20 10:54:10.803, 2, 941.87 W, 54, 2032 MHz, 3996 MHz, 99 %, 52 %
2026/09/20 10:54:10.803, 3, 944.41 W, 54, 2032 MHz, 3996 MHz, 100 %, 52 %
2026/09/20 10:54:10.803, 4, 183.25 W, 33, 120 MHz, 3996 MHz, 0 %, 0 %
2026/09/20 10:54:10.803, 5, 179.46 W, 31, 120 MHz, 3996 MHz, 0 %, 0 %
2026/09/20 10:54:10.803, 6, 180.12 W, 29, 120 MHz, 3996 MHz, 0 %, 0 %
2026/09/20 10:54:10.803, 7, 184.09 W, 29, 120 MHz, 3996 MHz, 0 %, 0 %
2026/09/20 10:54:11.803, 0, 971.62 W, 65, 2032 MHz, 3996 MHz, 99 %, 52 %
2026/09/20 10:54:11.803, 1, 971.52 W, 65, 2032 MHz, 3996 MHz, 99 %, 52 %
2026/09/20 10:54:11.803, 2, 943.82 W, 54, 2032 MHz, 3996 MHz, 100 %, 52 %
2026/09/20 10:54:11.803, 3, 939.47 W, 54, 2032 MHz, 3996 MHz, 100 %, 52 %
2026/09/20 10:54:11.803, 4, 183.25 W, 33, 120 MHz, 3996 MHz, 0 %, 0 %
2026/09/20 10:54:11.804, 5, 179.46 W, 31, 120 MHz, 3996 MHz, 0 %, 0 %
2026/09/20 10:54:11.804, 6, 180.13 W, 29, 120 MHz, 3996 MHz, 0 %, 0 %
2026/09/20 10:54:11.804, 7, 184.05 W, 29, 120 MHz, 3996 MHz, 0 %, 0 %
2026/09/20 10:54:12.804, 0, 973.42 W, 64, 2032 MHz, 3996 MHz, 99 %, 52 %
2026/09/20 10:54:12.804, 1, 973.02 W, 65, 2032 MHz, 3996 MHz, 100 %, 53 %
2026/09/20 10:54:12.804, 2, 940.88 W, 54, 2032 MHz, 3996 MHz, 100 %, 53 %
2026/09/20 10:54:12.804, 3, 944.44 W, 54, 2032 MHz, 3996 MHz, 100 %, 52 %
2026/09/20 10:54:12.804, 4, 183.25 W, 33, 120 MHz, 3996 MHz, 0 %, 0 %
2026/09/20 10:54:12.804, 5, 179.46 W, 31, 120 MHz, 3996 MHz, 0 %, 0 %
2026/09/20 10:54:12.804, 6, 180.12 W, 29, 120 MHz, 3996 MHz, 0 %, 0 %
2026/09/20 10:54:12.804, 7, 184.09 W, 29, 120 MHz, 3996 MHz, 0 %, 0 %
2026/09/20 10:54:13.804, 0, 972.66 W, 64, 2032 MHz, 3996 MHz, 100 %, 53 %
2026/09/20 10:54:13.804, 1, 973.67 W, 65, 2032 MHz, 3996 MHz, 100 %, 53 %
2026/09/20 10:54:13.804, 2, 943.24 W, 54, 2032 MHz, 3996 MHz, 100 %, 53 %
2026/09/20 10:54:13.804, 3, 941.85 W, 54, 2032 MHz, 3996 MHz, 99 %, 53 %
2026/09/20 10:54:13.804, 4, 183.25 W, 33, 120 MHz, 3996 MHz, 0 %, 0 %
2026/09/20 10:54:13.804, 5, 179.47 W, 31, 120 MHz, 3996 MHz, 0 %, 0 %
2026/09/20 10:54:13.804, 6, 180.10 W, 29, 120 MHz, 3996 MHz, 0 %, 0 %
2026/09/20 10:54:13.804, 7, 184.09 W, 29, 120 MHz, 3996 MHz, 0 %, 0 %
2026/09/20 10:54:14.804, 0, 972.52 W, 64, 2032 MHz, 3996 MHz, 100 %, 53 %
2026/09/20 10:54:14.804, 1, 978.23 W, 66, 2032 MHz, 3996 MHz, 100 %, 54 %
2026/09/20 10:54:14.804, 2, 944.59 W, 54, 2032 MHz, 3996 MHz, 99 %, 53 %
2026/09/20 10:54:14.804, 3, 945.04 W, 54, 2032 MHz, 3996 MHz, 100 %, 53 %
2026/09/20 10:54:14.804, 4, 183.25 W, 33, 120 MHz, 3996 MHz, 0 %, 0 %
2026/09/20 10:54:14.804, 5, 179.47 W, 31, 120 MHz, 3996 MHz, 0 %, 0 %
2026/09/20 10:54:14.804, 6, 180.15 W, 29, 120 MHz, 3996 MHz, 0 %, 0 %
2026/09/20 10:54:14.804, 7, 184.09 W, 29, 120 MHz, 3996 MHz, 0 %, 0 %
2026/09/20 10:54:15.804, 0, 971.84 W, 64, 2032 MHz, 3996 MHz, 99 %, 53 %
2026/09/20 10:54:15.804, 1, 978.92 W, 66, 2032 MHz, 3996 MHz, 100 %, 53 %
2026/09/20 10:54:15.804, 2, 944.71 W, 54, 2032 MHz, 3996 MHz, 99 %, 53 %
2026/09/20 10:54:15.804, 3, 946.86 W, 54, 2032 MHz, 3996 MHz, 100 %, 53 %
2026/09/20 10:54:15.804, 4, 183.25 W, 33, 120 MHz, 3996 MHz, 0 %, 0 %
2026/09/20 10:54:15.804, 5, 179.47 W, 31, 120 MHz, 3996 MHz, 0 %, 0 %
2026/09/20 10:54:15.805, 6, 180.09 W, 29, 120 MHz, 3996 MHz, 0 %, 0 %
2026/09/20 10:54:15.805, 7, 184.09 W, 29, 120 MHz, 3996 MHz, 0 %, 0 %
2026/09/20 10:54:16.805, 0, 969.00 W, 64, 2032 MHz, 3996 MHz, 99 %, 53 %
2026/09/20 10:54:16.805, 1, 978.58 W, 66, 2032 MHz, 3996 MHz, 100 %, 53 %
2026/09/20 10:54:16.805, 2, 944.22 W, 54, 2032 MHz, 3996 MHz, 100 %, 53 %
2026/09/20 10:54:16.805, 3, 945.20 W, 54, 2032 MHz, 3996 MHz, 100 %, 53 %
2026/09/20 10:54:16.805, 4, 183.25 W, 33, 120 MHz, 3996 MHz, 0 %, 0 %
2026/09/20 10:54:16.805, 5, 179.47 W, 31, 120 MHz, 3996 MHz, 0 %, 0 %
2026/09/20 10:54:16.805, 6, 180.15 W, 29, 120 MHz, 3996 MHz, 0 %, 0 %
2026/09/20 10:54:16.805, 7, 184.09 W, 29, 120 MHz, 3996 MHz, 0 %, 0 %
2026/09/20 10:54:17.805, 0, 971.70 W, 65, 2032 MHz, 3996 MHz, 99 %, 53 %
2026/09/20 10:54:17.805, 1, 977.03 W, 66, 2032 MHz, 3996 MHz, 100 %, 54 %
2026/09/20 10:54:17.805, 2, 943.44 W, 54, 2032 MHz, 3996 MHz, 100 %, 54 %
2026/09/20 10:54:17.805, 3, 944.51 W, 54, 2032 MHz, 3996 MHz, 99 %, 53 %
2026/09/20 10:54:17.805, 4, 183.25 W, 33, 120 MHz, 3996 MHz, 0 %, 0 %
2026/09/20 10:54:17.805, 5, 179.47 W, 31, 120 MHz, 3996 MHz, 0 %, 0 %
2026/09/20 10:54:17.805, 6, 180.12 W, 29, 120 MHz, 3996 MHz, 0 %, 0 %
2026/09/20 10:54:17.805, 7, 184.05 W, 29, 120 MHz, 3996 MHz, 0 %, 0 %
2026/09/20 10:54:18.805, 0, 971.20 W, 65, 2032 MHz, 3996 MHz, 99 %, 53 %
2026/09/20 10:54:18.805, 1, 978.02 W, 66, 2032 MHz, 3996 MHz, 100 %, 54 %
2026/09/20 10:54:18.805, 2, 942.41 W, 54, 2032 MHz, 3996 MHz, 100 %, 54 %
2026/09/20 10:54:18.805, 3, 943.35 W, 54, 2032 MHz, 3996 MHz, 100 %, 53 %
2026/09/20 10:54:18.805, 4, 183.25 W, 33, 120 MHz, 3996 MHz, 0 %, 0 %
2026/09/20 10:54:18.805, 5, 179.46 W, 31, 120 MHz, 3996 MHz, 0 %, 0 %
2026/09/20 10:54:18.805, 6, 180.11 W, 29, 120 MHz, 3996 MHz, 0 %, 0 %
2026/09/20 10:54:18.805, 7, 184.09 W, 29, 120 MHz, 3996 MHz, 0 %, 0 %
2026/09/20 10:54:19.805, 0, 970.03 W, 64, 2032 MHz, 3996 MHz, 99 %, 53 %
2026/09/20 10:54:19.805, 1, 978.88 W, 66, 2032 MHz, 3996 MHz, 100 %, 54 %
2026/09/20 10:54:19.806, 2, 943.94 W, 54, 2032 MHz, 3996 MHz, 100 %, 54 %
2026/09/20 10:54:19.806, 3, 946.85 W, 54, 2032 MHz, 3996 MHz, 100 %, 53 %
2026/09/20 10:54:19.806, 4, 183.25 W, 33, 120 MHz, 3996 MHz, 0 %, 0 %
2026/09/20 10:54:19.806, 5, 179.47 W, 31, 120 MHz, 3996 MHz, 0 %, 0 %
2026/09/20 10:54:19.806, 6, 180.13 W, 29, 120 MHz, 3996 MHz, 0 %, 0 %
2026/09/20 10:54:19.806, 7, 184.09 W, 29, 120 MHz, 3996 MHz, 0 %, 0 %
2026/09/20 10:54:20.806, 0, 846.26 W, 59, 2032 MHz, 3996 MHz, 100 %, 20 %
2026/09/20 10:54:20.806, 1, 902.38 W, 67, 1785 MHz, 3996 MHz, 65 %, 22 %
2026/09/20 10:54:20.806, 2, 805.79 W, 47, 2032 MHz, 3996 MHz, 100 %, 2 %
2026/09/20 10:54:20.806, 3, 784.55 W, 48, 2032 MHz, 3996 MHz, 100 %, 2 %
2026/09/20 10:54:20.806, 4, 183.25 W, 33, 120 MHz, 3996 MHz, 0 %, 0 %
2026/09/20 10:54:20.806, 5, 179.47 W, 31, 120 MHz, 3996 MHz, 0 %, 0 %
2026/09/20 10:54:20.806, 6, 180.15 W, 29, 120 MHz, 3996 MHz, 0 %, 0 %
2026/09/20 10:54:20.806, 7, 184.09 W, 29, 120 MHz, 3996 MHz, 0 %, 0 %
2026/09/20 10:54:21.806, 0, 685.64 W, 63, 2032 MHz, 3996 MHz, 99 %, 52 %
2026/09/20 10:54:21.806, 1, 1030.68 W, 66, 2032 MHz, 3996 MHz, 100 %, 54 %
2026/09/20 10:54:21.806, 2, 684.59 W, 52, 2032 MHz, 3996 MHz, 99 %, 53 %
2026/09/20 10:54:21.806, 3, 723.68 W, 53, 2032 MHz, 3996 MHz, 100 %, 53 %
2026/09/20 10:54:21.806, 4, 183.25 W, 33, 120 MHz, 3996 MHz, 0 %, 0 %
2026/09/20 10:54:21.806, 5, 179.47 W, 31, 120 MHz, 3996 MHz, 0 %, 0 %
2026/09/20 10:54:21.806, 6, 180.13 W, 29, 120 MHz, 3996 MHz, 0 %, 0 %
2026/09/20 10:54:21.806, 7, 184.09 W, 29, 120 MHz, 3996 MHz, 0 %, 0 %
2026/09/20 10:54:22.806, 0, 682.67 W, 61, 2032 MHz, 3996 MHz, 100 %, 13 %
2026/09/20 10:54:22.806, 1, 673.09 W, 61, 2032 MHz, 3996 MHz, 100 %, 34 %
2026/09/20 10:54:22.806, 2, 1046.33 W, 54, 1980 MHz, 3996 MHz, 100 %, 36 %
2026/09/20 10:54:22.806, 3, 631.75 W, 50, 2032 MHz, 3996 MHz, 100 %, 21 %
2026/09/20 10:54:22.806, 4, 183.25 W, 33, 120 MHz, 3996 MHz, 0 %, 0 %
2026/09/20 10:54:22.806, 5, 179.46 W, 31, 120 MHz, 3996 MHz, 0 %, 0 %
2026/09/20 10:54:22.806, 6, 180.13 W, 29, 120 MHz, 3996 MHz, 0 %, 0 %
2026/09/20 10:54:22.806, 7, 184.09 W, 29, 120 MHz, 3996 MHz, 0 %, 0 %
2026/09/20 10:54:23.807, 0, 1042.74 W, 67, 1995 MHz, 3996 MHz, 100 %, 30 %
2026/09/20 10:54:23.807, 1, 615.82 W, 59, 2032 MHz, 3996 MHz, 100 %, 14 %
2026/09/20 10:54:23.807, 2, 597.48 W, 47, 2032 MHz, 3996 MHz, 100 %, 15 %
2026/09/20 10:54:23.807, 3, 828.53 W, 57, 1785 MHz, 3996 MHz, 100 %, 35 %
2026/09/20 10:54:23.807, 4, 183.25 W, 33, 120 MHz, 3996 MHz, 0 %, 0 %
2026/09/20 10:54:23.807, 5, 179.47 W, 31, 120 MHz, 3996 MHz, 0 %, 0 %
2026/09/20 10:54:23.807, 6, 180.16 W, 29, 120 MHz, 3996 MHz, 0 %, 0 %
2026/09/20 10:54:23.807, 7, 184.05 W, 29, 120 MHz, 3996 MHz, 0 %, 0 %
2026/09/20 10:54:24.807, 0, 778.85 W, 63, 2032 MHz, 3996 MHz, 100 %, 53 %
2026/09/20 10:54:24.807, 1, 719.19 W, 67, 1995 MHz, 3996 MHz, 99 %, 53 %
2026/09/20 10:54:24.807, 2, 663.73 W, 52, 2032 MHz, 3996 MHz, 100 %, 53 %
2026/09/20 10:54:24.807, 3, 986.64 W, 53, 2032 MHz, 3996 MHz, 100 %, 53 %
2026/09/20 10:54:24.807, 4, 183.25 W, 33, 120 MHz, 3996 MHz, 0 %, 0 %
2026/09/20 10:54:24.807, 5, 179.47 W, 31, 120 MHz, 3996 MHz, 0 %, 0 %
2026/09/20 10:54:24.807, 6, 180.15 W, 29, 120 MHz, 3996 MHz, 0 %, 0 %
2026/09/20 10:54:24.807, 7, 184.09 W, 29, 120 MHz, 3996 MHz, 0 %, 0 %
2026/09/20 10:54:25.807, 0, 948.26 W, 67, 1875 MHz, 3996 MHz, 100 %, 34 %
2026/09/20 10:54:25.807, 1, 810.68 W, 61, 2032 MHz, 3996 MHz, 100 %, 18 %
2026/09/20 10:54:25.807, 2, 943.30 W, 56, 1920 MHz, 3996 MHz, 100 %, 35 %
2026/09/20 10:54:25.807, 3, 955.98 W, 57, 1912 MHz, 3996 MHz, 100 %, 34 %
2026/09/20 10:54:25.807, 4, 183.25 W, 33, 120 MHz, 3996 MHz, 0 %, 0 %
2026/09/20 10:54:25.807, 5, 179.46 W, 31, 120 MHz, 3996 MHz, 0 %, 0 %
2026/09/20 10:54:25.807, 6, 180.13 W, 29, 120 MHz, 3996 MHz, 0 %, 0 %
2026/09/20 10:54:25.807, 7, 184.09 W, 29, 120 MHz, 3996 MHz, 0 %, 0 %
2026/09/20 10:54:26.807, 0, 585.90 W, 57, 2032 MHz, 3996 MHz, 100 %, 10 %
2026/09/20 10:54:26.807, 1, 550.52 W, 60, 2032 MHz, 3996 MHz, 100 %, 10 %
2026/09/20 10:54:26.807, 2, 807.26 W, 47, 2032 MHz, 3996 MHz, 100 %, 11 %
2026/09/20 10:54:26.807, 3, 809.25 W, 54, 1920 MHz, 3996 MHz, 100 %, 34 %
2026/09/20 10:54:26.807, 4, 183.25 W, 33, 120 MHz, 3996 MHz, 0 %, 0 %
2026/09/20 10:54:26.807, 5, 179.47 W, 31, 120 MHz, 3996 MHz, 0 %, 0 %
2026/09/20 10:54:26.807, 6, 180.15 W, 29, 120 MHz, 3996 MHz, 0 %, 0 %
2026/09/20 10:54:26.807, 7, 184.09 W, 29, 120 MHz, 3996 MHz, 0 %, 0 %
2026/09/20 10:54:27.808, 0, 681.72 W, 57, 2032 MHz, 3996 MHz, 100 %, 35 %
2026/09/20 10:54:27.808, 1, 814.08 W, 66, 1770 MHz, 3996 MHz, 100 %, 33 %
2026/09/20 10:54:27.808, 2, 657.45 W, 46, 2032 MHz, 3996 MHz, 100 %, 10 %
2026/09/20 10:54:27.808, 3, 887.48 W, 49, 2032 MHz, 3996 MHz, 100 %, 11 %
2026/09/20 10:54:27.808, 4, 183.25 W, 33, 120 MHz, 3996 MHz, 0 %, 0 %
2026/09/20 10:54:27.808, 5, 179.46 W, 31, 120 MHz, 3996 MHz, 0 %, 0 %
2026/09/20 10:54:27.808, 6, 180.14 W, 29, 120 MHz, 3996 MHz, 0 %, 0 %
2026/09/20 10:54:27.808, 7, 184.09 W, 29, 120 MHz, 3996 MHz, 0 %, 0 %
2026/09/20 10:54:28.808, 0, 668.88 W, 58, 2032 MHz, 3996 MHz, 100 %, 11 %
2026/09/20 10:54:28.808, 1, 898.76 W, 59, 2032 MHz, 3996 MHz, 100 %, 11 %
2026/09/20 10:54:28.808, 2, 649.28 W, 46, 2032 MHz, 3996 MHz, 100 %, 11 %
2026/09/20 10:54:28.808, 3, 841.80 W, 57, 1867 MHz, 3996 MHz, 100 %, 33 %
2026/09/20 10:54:28.808, 4, 183.25 W, 33, 120 MHz, 3996 MHz, 0 %, 0 %
2026/09/20 10:54:28.808, 5, 179.47 W, 31, 120 MHz, 3996 MHz, 0 %, 0 %
2026/09/20 10:54:28.808, 6, 180.14 W, 29, 120 MHz, 3996 MHz, 0 %, 0 %
2026/09/20 10:54:28.808, 7, 184.05 W, 29, 120 MHz, 3996 MHz, 0 %, 0 %
2026/09/20 10:54:29.808, 0, 856.21 W, 62, 2032 MHz, 3996 MHz, 100 %, 13 %
2026/09/20 10:54:29.808, 1, 1002.30 W, 65, 1942 MHz, 3996 MHz, 100 %, 35 %
2026/09/20 10:54:29.808, 2, 594.66 W, 49, 2032 MHz, 3996 MHz, 100 %, 12 %
2026/09/20 10:54:29.808, 3, 692.08 W, 51, 2032 MHz, 3996 MHz, 100 %, 13 %
2026/09/20 10:54:29.808, 4, 183.25 W, 33, 120 MHz, 3996 MHz, 0 %, 0 %
2026/09/20 10:54:29.808, 5, 179.47 W, 31, 120 MHz, 3996 MHz, 0 %, 0 %
2026/09/20 10:54:29.808, 6, 180.15 W, 29, 120 MHz, 3996 MHz, 0 %, 0 %
2026/09/20 10:54:29.808, 7, 184.09 W, 29, 120 MHz, 3996 MHz, 0 %, 0 %
2026/09/20 10:54:30.808, 0, 715.90 W, 61, 2032 MHz, 3996 MHz, 100 %, 12 %
2026/09/20 10:54:30.808, 1, 936.28 W, 64, 2032 MHz, 3996 MHz, 100 %, 20 %
2026/09/20 10:54:30.808, 2, 688.74 W, 50, 2032 MHz, 3996 MHz, 100 %, 13 %
2026/09/20 10:54:30.808, 3, 1036.12 W, 54, 2010 MHz, 3996 MHz, 100 %, 35 %
2026/09/20 10:54:30.808, 4, 183.25 W, 33, 120 MHz, 3996 MHz, 0 %, 0 %
2026/09/20 10:54:30.808, 5, 179.47 W, 31, 120 MHz, 3996 MHz, 0 %, 0 %
2026/09/20 10:54:30.809, 6, 180.14 W, 29, 120 MHz, 3996 MHz, 0 %, 0 %
2026/09/20 10:54:30.809, 7, 184.09 W, 29, 120 MHz, 3996 MHz, 0 %, 0 %
2026/09/20 10:54:31.809, 0, 1065.79 W, 66, 1957 MHz, 3996 MHz, 100 %, 35 %
2026/09/20 10:54:31.809, 1, 964.15 W, 68, 1890 MHz, 3996 MHz, 100 %, 35 %
2026/09/20 10:54:31.809, 2, 948.37 W, 55, 1935 MHz, 3996 MHz, 100 %, 35 %
2026/09/20 10:54:31.809, 3, 960.20 W, 56, 1935 MHz, 3996 MHz, 100 %, 34 %
2026/09/20 10:54:31.809, 4, 183.25 W, 33, 120 MHz, 3996 MHz, 0 %, 0 %
2026/09/20 10:54:31.809, 5, 179.47 W, 31, 120 MHz, 3996 MHz, 0 %, 0 %
2026/09/20 10:54:31.809, 6, 180.16 W, 29, 120 MHz, 3996 MHz, 0 %, 0 %
2026/09/20 10:54:31.809, 7, 184.09 W, 29, 120 MHz, 3996 MHz, 0 %, 0 %
2026/09/20 10:54:32.809, 0, 838.53 W, 66, 1740 MHz, 3996 MHz, 100 %, 34 %
2026/09/20 10:54:32.809, 1, 809.22 W, 58, 2032 MHz, 3996 MHz, 100 %, 10 %
2026/09/20 10:54:32.809, 2, 830.59 W, 46, 2032 MHz, 3996 MHz, 100 %, 11 %
2026/09/20 10:54:32.809, 3, 587.88 W, 46, 2032 MHz, 3996 MHz, 100 %, 11 %
2026/09/20 10:54:32.809, 4, 183.25 W, 33, 120 MHz, 3996 MHz, 0 %, 0 %
2026/09/20 10:54:32.809, 5, 179.46 W, 31, 120 MHz, 3996 MHz, 0 %, 0 %
2026/09/20 10:54:32.809, 6, 180.11 W, 29, 120 MHz, 3996 MHz, 0 %, 0 %
2026/09/20 10:54:32.809, 7, 184.09 W, 29, 120 MHz, 3996 MHz, 0 %, 0 %
2026/09/20 10:54:33.809, 0, 958.22 W, 66, 1860 MHz, 3996 MHz, 100 %, 45 %
2026/09/20 10:54:33.809, 1, 867.69 W, 67, 1875 MHz, 3996 MHz, 100 %, 34 %
2026/09/20 10:54:33.809, 2, 716.95 W, 48, 2032 MHz, 3996 MHz, 99 %, 13 %
2026/09/20 10:54:33.809, 3, 839.64 W, 48, 2032 MHz, 3996 MHz, 100 %, 16 %
2026/09/20 10:54:33.809, 4, 183.25 W, 33, 120 MHz, 3996 MHz, 0 %, 0 %
2026/09/20 10:54:33.809, 5, 179.47 W, 31, 120 MHz, 3996 MHz, 0 %, 0 %
2026/09/20 10:54:33.809, 6, 180.11 W, 29, 120 MHz, 3996 MHz, 0 %, 0 %
2026/09/20 10:54:33.809, 7, 184.09 W, 29, 120 MHz, 3996 MHz, 0 %, 0 %
2026/09/20 10:54:34.809, 0, 1062.67 W, 67, 1897 MHz, 3996 MHz, 100 %, 35 %
2026/09/20 10:54:34.809, 1, 1014.40 W, 64, 2032 MHz, 3996 MHz, 100 %, 16 %
2026/09/20 10:54:34.810, 2, 594.33 W, 47, 2032 MHz, 3996 MHz, 100 %, 15 %
2026/09/20 10:54:34.810, 3, 874.78 W, 52, 2032 MHz, 3996 MHz, 100 %, 13 %
2026/09/20 10:54:34.810, 4, 183.25 W, 33, 120 MHz, 3996 MHz, 0 %, 0 %
2026/09/20 10:54:34.810, 5, 179.46 W, 31, 120 MHz, 3996 MHz, 0 %, 0 %
2026/09/20 10:54:34.810, 6, 180.14 W, 29, 120 MHz, 3996 MHz, 0 %, 0 %
2026/09/20 10:54:34.810, 7, 184.09 W, 29, 120 MHz, 3996 MHz, 0 %, 0 %
2026/09/20 10:54:35.810, 0, 1047.27 W, 68, 1717 MHz, 3996 MHz, 100 %, 34 %
2026/09/20 10:54:35.810, 1, 718.25 W, 62, 2032 MHz, 3996 MHz, 100 %, 24 %
2026/09/20 10:54:35.810, 2, 678.46 W, 47, 2032 MHz, 3996 MHz, 100 %, 14 %
2026/09/20 10:54:35.810, 3, 949.87 W, 55, 2032 MHz, 3996 MHz, 100 %, 30 %
2026/09/20 10:54:35.810, 4, 183.25 W, 33, 120 MHz, 3996 MHz, 0 %, 0 %
2026/09/20 10:54:35.810, 5, 179.47 W, 31, 120 MHz, 3996 MHz, 0 %, 0 %
2026/09/20 10:54:35.810, 6, 180.13 W, 29, 120 MHz, 3996 MHz, 0 %, 0 %
2026/09/20 10:54:35.810, 7, 184.09 W, 29, 120 MHz, 3996 MHz, 0 %, 0 %
2026/09/20 10:54:36.810, 0, 820.41 W, 65, 1935 MHz, 3996 MHz, 100 %, 34 %
2026/09/20 10:54:36.810, 1, 850.84 W, 60, 2032 MHz, 3996 MHz, 100 %, 14 %
2026/09/20 10:54:36.810, 2, 1058.41 W, 56, 1830 MHz, 3996 MHz, 100 %, 35 %
2026/09/20 10:54:36.810, 3, 853.28 W, 49, 2032 MHz, 3996 MHz, 100 %, 15 %
2026/09/20 10:54:36.810, 4, 183.25 W, 33, 120 MHz, 3996 MHz, 0 %, 0 %
2026/09/20 10:54:36.810, 5, 179.50 W, 31, 120 MHz, 3996 MHz, 0 %, 0 %
2026/09/20 10:54:36.810, 6, 180.11 W, 29, 120 MHz, 3996 MHz, 0 %, 0 %
2026/09/20 10:54:36.810, 7, 184.05 W, 29, 120 MHz, 3996 MHz, 0 %, 0 %
2026/09/20 10:54:37.810, 0, 922.16 W, 60, 2032 MHz, 3996 MHz, 100 %, 15 %
2026/09/20 10:54:37.810, 1, 781.49 W, 66, 1860 MHz, 3996 MHz, 100 %, 34 %
2026/09/20 10:54:37.810, 2, 1060.76 W, 57, 1830 MHz, 3996 MHz, 100 %, 35 %
2026/09/20 10:54:37.810, 3, 830.93 W, 49, 2032 MHz, 3996 MHz, 100 %, 15 %
2026/09/20 10:54:37.810, 4, 183.25 W, 33, 120 MHz, 3996 MHz, 0 %, 0 %
2026/09/20 10:54:37.810, 5, 179.47 W, 31, 120 MHz, 3996 MHz, 0 %, 0 %
2026/09/20 10:54:37.810, 6, 180.12 W, 29, 120 MHz, 3996 MHz, 0 %, 0 %
2026/09/20 10:54:37.811, 7, 184.09 W, 29, 120 MHz, 3996 MHz, 0 %, 0 %
2026/09/20 10:54:38.811, 0, 717.95 W, 63, 2032 MHz, 3996 MHz, 100 %, 12 %
2026/09/20 10:54:38.811, 1, 871.51 W, 67, 1950 MHz, 3996 MHz, 100 %, 36 %
2026/09/20 10:54:38.811, 2, 947.07 W, 55, 1942 MHz, 3996 MHz, 100 %, 43 %
2026/09/20 10:54:38.811, 3, 820.52 W, 50, 2032 MHz, 3996 MHz, 100 %, 15 %
2026/09/20 10:54:38.811, 4, 183.25 W, 33, 120 MHz, 3996 MHz, 0 %, 0 %
2026/09/20 10:54:38.811, 5, 179.46 W, 31, 120 MHz, 3996 MHz, 0 %, 0 %
2026/09/20 10:54:38.811, 6, 180.09 W, 29, 120 MHz, 3996 MHz, 0 %, 0 %
2026/09/20 10:54:38.811, 7, 184.09 W, 29, 120 MHz, 3996 MHz, 0 %, 0 %
2026/09/20 10:54:39.811, 0, 781.87 W, 61, 2032 MHz, 3996 MHz, 100 %, 36 %
2026/09/20 10:54:39.811, 1, 958.11 W, 67, 1935 MHz, 3996 MHz, 100 %, 32 %
2026/09/20 10:54:39.811, 2, 823.46 W, 47, 2032 MHz, 3996 MHz, 100 %, 15 %
2026/09/20 10:54:39.811, 3, 797.97 W, 56, 1905 MHz, 3996 MHz, 100 %, 35 %
2026/09/20 10:54:39.811, 4, 183.25 W, 33, 120 MHz, 3996 MHz, 0 %, 0 %
2026/09/20 10:54:39.811, 5, 179.46 W, 31, 120 MHz, 3996 MHz, 0 %, 0 %
2026/09/20 10:54:39.811, 6, 180.14 W, 29, 120 MHz, 3996 MHz, 0 %, 0 %
2026/09/20 10:54:39.811, 7, 184.09 W, 29, 120 MHz, 3996 MHz, 0 %, 0 %
2026/09/20 10:54:40.811, 0, 689.55 W, 65, 1890 MHz, 3996 MHz, 100 %, 35 %
2026/09/20 10:54:40.811, 1, 843.41 W, 60, 2032 MHz, 3996 MHz, 100 %, 15 %
2026/09/20 10:54:40.811, 2, 485.95 W, 45, 2032 MHz, 3996 MHz, 100 %, 16 %
2026/09/20 10:54:40.811, 3, 842.32 W, 56, 1837 MHz, 3996 MHz, 100 %, 35 %
2026/09/20 10:54:40.811, 4, 183.25 W, 33, 120 MHz, 3996 MHz, 0 %, 0 %
2026/09/20 10:54:40.811, 5, 179.47 W, 31, 120 MHz, 3996 MHz, 0 %, 0 %
2026/09/20 10:54:40.811, 6, 180.09 W, 29, 120 MHz, 3996 MHz, 0 %, 0 %
2026/09/20 10:54:40.811, 7, 184.05 W, 29, 120 MHz, 3996 MHz, 0 %, 0 %
2026/09/20 10:54:41.811, 0, 823.24 W, 58, 2032 MHz, 3996 MHz, 100 %, 18 %
2026/09/20 10:54:41.811, 1, 935.07 W, 65, 1867 MHz, 3996 MHz, 100 %, 34 %
2026/09/20 10:54:41.811, 2, 912.45 W, 54, 1942 MHz, 3996 MHz, 100 %, 34 %
2026/09/20 10:54:41.811, 3, 953.24 W, 57, 1957 MHz, 3996 MHz, 100 %, 25 %
2026/09/20 10:54:41.811, 4, 183.25 W, 33, 120 MHz, 3996 MHz, 0 %, 0 %
2026/09/20 10:54:41.812, 5, 179.47 W, 31, 120 MHz, 3996 MHz, 0 %, 0 %
2026/09/20 10:54:41.812, 6, 180.11 W, 29, 120 MHz, 3996 MHz, 0 %, 0 %
2026/09/20 10:54:41.812, 7, 184.09 W, 29, 120 MHz, 3996 MHz, 0 %, 0 %
2026/09/20 10:54:42.812, 0, 931.37 W, 66, 1770 MHz, 3996 MHz, 100 %, 35 %
2026/09/20 10:54:42.812, 1, 687.57 W, 59, 2032 MHz, 3996 MHz, 100 %, 15 %
2026/09/20 10:54:42.812, 2, 1062.25 W, 56, 1882 MHz, 3996 MHz, 100 %, 33 %
2026/09/20 10:54:42.812, 3, 684.54 W, 48, 2032 MHz, 3996 MHz, 100 %, 19 %
2026/09/20 10:54:42.812, 4, 183.25 W, 33, 120 MHz, 3996 MHz, 0 %, 0 %
2026/09/20 10:54:42.812, 5, 179.47 W, 31, 120 MHz, 3996 MHz, 0 %, 0 %
2026/09/20 10:54:42.812, 6, 180.14 W, 29, 120 MHz, 3996 MHz, 0 %, 0 %
2026/09/20 10:54:42.812, 7, 184.09 W, 29, 120 MHz, 3996 MHz, 0 %, 0 %
2026/09/20 10:54:43.812, 0, 948.75 W, 62, 2032 MHz, 3996 MHz, 100 %, 12 %
2026/09/20 10:54:43.812, 1, 737.62 W, 66, 1942 MHz, 3996 MHz, 100 %, 42 %
2026/09/20 10:54:43.812, 2, 945.01 W, 55, 2032 MHz, 3996 MHz, 100 %, 34 %
2026/09/20 10:54:43.812, 3, 1010.82 W, 51, 2032 MHz, 3996 MHz, 100 %, 18 %
2026/09/20 10:54:43.812, 4, 183.25 W, 33, 120 MHz, 3996 MHz, 0 %, 0 %
2026/09/20 10:54:43.812, 5, 179.46 W, 31, 120 MHz, 3996 MHz, 0 %, 0 %
2026/09/20 10:54:43.812, 6, 180.12 W, 29, 120 MHz, 3996 MHz, 0 %, 0 %
2026/09/20 10:54:43.812, 7, 184.09 W, 29, 120 MHz, 3996 MHz, 0 %, 0 %
2026/09/20 10:54:44.812, 0, 882.66 W, 60, 2032 MHz, 3996 MHz, 100 %, 12 %
2026/09/20 10:54:44.812, 1, 814.99 W, 58, 2032 MHz, 3996 MHz, 100 %, 11 %
2026/09/20 10:54:44.812, 2, 950.41 W, 48, 2032 MHz, 3996 MHz, 100 %, 11 %
2026/09/20 10:54:44.812, 3, 767.79 W, 55, 1830 MHz, 3996 MHz, 100 %, 34 %
2026/09/20 10:54:44.812, 4, 183.21 W, 33, 120 MHz, 3996 MHz, 0 %, 0 %
2026/09/20 10:54:44.812, 5, 179.47 W, 31, 120 MHz, 3996 MHz, 0 %, 0 %
2026/09/20 10:54:44.812, 6, 180.13 W, 28, 120 MHz, 3996 MHz, 0 %, 0 %
2026/09/20 10:54:44.812, 7, 184.09 W, 29, 120 MHz, 3996 MHz, 0 %, 0 %
2026/09/20 10:54:45.813, 0, 583.11 W, 57, 2032 MHz, 3996 MHz, 100 %, 35 %
2026/09/20 10:54:45.813, 1, 584.05 W, 58, 2032 MHz, 3996 MHz, 100 %, 16 %
2026/09/20 10:54:45.813, 2, 913.46 W, 55, 1792 MHz, 3996 MHz, 100 %, 35 %
2026/09/20 10:54:45.813, 3, 797.11 W, 54, 1980 MHz, 3996 MHz, 100 %, 32 %
2026/09/20 10:54:45.813, 4, 183.25 W, 33, 120 MHz, 3996 MHz, 0 %, 0 %
2026/09/20 10:54:45.813, 5, 179.46 W, 31, 120 MHz, 3996 MHz, 0 %, 0 %
2026/09/20 10:54:45.813, 6, 180.10 W, 29, 120 MHz, 3996 MHz, 0 %, 0 %
2026/09/20 10:54:45.813, 7, 184.09 W, 29, 120 MHz, 3996 MHz, 0 %, 0 %
2026/09/20 10:54:46.813, 0, 583.32 W, 57, 2032 MHz, 3996 MHz, 100 %, 36 %
2026/09/20 10:54:46.813, 1, 933.53 W, 66, 1957 MHz, 3996 MHz, 100 %, 32 %
2026/09/20 10:54:46.813, 2, 1056.40 W, 56, 2002 MHz, 3996 MHz, 100 %, 32 %
2026/09/20 10:54:46.813, 3, 809.15 W, 54, 1897 MHz, 3996 MHz, 100 %, 35 %
2026/09/20 10:54:46.813, 4, 183.21 W, 33, 120 MHz, 3996 MHz, 0 %, 0 %
2026/09/20 10:54:46.813, 5, 179.47 W, 31, 120 MHz, 3996 MHz, 0 %, 0 %
2026/09/20 10:54:46.813, 6, 180.11 W, 29, 120 MHz, 3996 MHz, 0 %, 0 %
2026/09/20 10:54:46.813, 7, 184.09 W, 29, 120 MHz, 3996 MHz, 0 %, 0 %
2026/09/20 10:54:47.813, 0, 765.90 W, 64, 1732 MHz, 3996 MHz, 100 %, 44 %
2026/09/20 10:54:47.813, 1, 797.91 W, 58, 2032 MHz, 3996 MHz, 100 %, 10 %
2026/09/20 10:54:47.813, 2, 805.55 W, 47, 2032 MHz, 3996 MHz, 100 %, 11 %
2026/09/20 10:54:47.813, 3, 892.07 W, 48, 2032 MHz, 3996 MHz, 100 %, 11 %
2026/09/20 10:54:47.813, 4, 183.25 W, 33, 120 MHz, 3996 MHz, 0 %, 0 %
2026/09/20 10:54:47.813, 5, 179.50 W, 31, 120 MHz, 3996 MHz, 0 %, 0 %
2026/09/20 10:54:47.813, 6, 180.12 W, 29, 120 MHz, 3996 MHz, 0 %, 0 %
2026/09/20 10:54:47.813, 7, 184.09 W, 29, 120 MHz, 3996 MHz, 0 %, 0 %
2026/09/20 10:54:48.813, 0, 1053.05 W, 67, 1972 MHz, 3996 MHz, 100 %, 30 %
2026/09/20 10:54:48.813, 1, 477.92 W, 56, 2032 MHz, 3996 MHz, 100 %, 14 %
2026/09/20 10:54:48.813, 2, 457.72 W, 44, 2032 MHz, 3996 MHz, 100 %, 14 %
2026/09/20 10:54:48.813, 3, 747.62 W, 55, 1882 MHz, 3996 MHz, 100 %, 36 %
2026/09/20 10:54:48.813, 4, 183.25 W, 33, 120 MHz, 3996 MHz, 0 %, 0 %
2026/09/20 10:54:48.814, 5, 179.47 W, 31, 120 MHz, 3996 MHz, 0 %, 0 %
2026/09/20 10:54:48.814, 6, 180.14 W, 29, 120 MHz, 3996 MHz, 0 %, 0 %
2026/09/20 10:54:48.814, 7, 184.09 W, 29, 120 MHz, 3996 MHz, 0 %, 0 %
2026/09/20 10:54:49.814, 0, 884.14 W, 59, 2032 MHz, 3996 MHz, 100 %, 15 %
2026/09/20 10:54:49.814, 1, 1040.07 W, 62, 1867 MHz, 3996 MHz, 100 %, 33 %
2026/09/20 10:54:49.814, 2, 1039.96 W, 56, 1935 MHz, 3996 MHz, 100 %, 33 %
2026/09/20 10:54:49.814, 3, 616.27 W, 47, 2032 MHz, 3996 MHz, 100 %, 25 %
2026/09/20 10:54:49.814, 4, 183.25 W, 33, 120 MHz, 3996 MHz, 0 %, 0 %
2026/09/20 10:54:49.814, 5, 179.47 W, 31, 120 MHz, 3996 MHz, 0 %, 0 %
2026/09/20 10:54:49.814, 6, 180.13 W, 28, 120 MHz, 3996 MHz, 0 %, 0 %
2026/09/20 10:54:49.814, 7, 184.09 W, 29, 120 MHz, 3996 MHz, 0 %, 0 %
2026/09/20 10:54:50.814, 0, 823.11 W, 65, 1867 MHz, 3996 MHz, 100 %, 35 %
2026/09/20 10:54:50.814, 1, 882.61 W, 66, 1822 MHz, 3996 MHz, 100 %, 33 %
2026/09/20 10:54:50.814, 2, 820.88 W, 53, 1957 MHz, 3996 MHz, 100 %, 33 %
2026/09/20 10:54:50.814, 3, 791.84 W, 48, 2032 MHz, 3996 MHz, 99 %, 13 %
2026/09/20 10:54:50.814, 4, 183.25 W, 33, 120 MHz, 3996 MHz, 0 %, 0 %
2026/09/20 10:54:50.814, 5, 179.47 W, 31, 120 MHz, 3996 MHz, 0 %, 0 %
2026/09/20 10:54:50.814, 6, 180.12 W, 28, 120 MHz, 3996 MHz, 0 %, 0 %
2026/09/20 10:54:50.814, 7, 184.09 W, 29, 120 MHz, 3996 MHz, 0 %, 0 %
2026/09/20 10:54:51.814, 0, 850.10 W, 65, 1890 MHz, 3996 MHz, 100 %, 36 %
2026/09/20 10:54:51.814, 1, 960.71 W, 65, 2002 MHz, 3996 MHz, 100 %, 32 %
2026/09/20 10:54:51.814, 2, 842.41 W, 54, 1987 MHz, 3996 MHz, 100 %, 34 %
2026/09/20 10:54:51.814, 3, 814.80 W, 47, 2032 MHz, 3996 MHz, 100 %, 18 %
2026/09/20 10:54:51.814, 4, 183.25 W, 33, 120 MHz, 3996 MHz, 0 %, 0 %
2026/09/20 10:54:51.814, 5, 179.47 W, 31, 120 MHz, 3996 MHz, 0 %, 0 %
2026/09/20 10:54:51.814, 6, 180.13 W, 28, 120 MHz, 3996 MHz, 0 %, 0 %
2026/09/20 10:54:51.814, 7, 184.09 W, 29, 120 MHz, 3996 MHz, 0 %, 0 %
2026/09/20 10:54:52.814, 0, 847.36 W, 57, 2032 MHz, 3996 MHz, 100 %, 10 %
2026/09/20 10:54:52.814, 1, 714.23 W, 58, 2032 MHz, 3996 MHz, 100 %, 11 %
2026/09/20 10:54:52.814, 2, 695.78 W, 45, 2032 MHz, 3996 MHz, 100 %, 11 %
2026/09/20 10:54:52.814, 3, 873.63 W, 55, 1800 MHz, 3996 MHz, 99 %, 34 %
2026/09/20 10:54:52.814, 4, 183.25 W, 33, 120 MHz, 3996 MHz, 0 %, 0 %
2026/09/20 10:54:52.814, 5, 179.46 W, 31, 120 MHz, 3996 MHz, 0 %, 0 %
2026/09/20 10:54:52.815, 6, 180.12 W, 28, 120 MHz, 3996 MHz, 0 %, 0 %
2026/09/20 10:54:52.815, 7, 184.09 W, 29, 120 MHz, 3996 MHz, 0 %, 0 %
2026/09/20 10:54:53.815, 0, 918.99 W, 66, 1897 MHz, 3996 MHz, 100 %, 35 %
2026/09/20 10:54:53.815, 1, 964.32 W, 66, 1800 MHz, 3996 MHz, 100 %, 33 %
2026/09/20 10:54:53.815, 2, 619.67 W, 45, 2032 MHz, 3996 MHz, 100 %, 13 %
2026/09/20 10:54:53.815, 3, 728.43 W, 46, 2032 MHz, 3996 MHz, 100 %, 15 %
2026/09/20 10:54:53.815, 4, 183.25 W, 33, 120 MHz, 3996 MHz, 0 %, 0 %
2026/09/20 10:54:53.815, 5, 179.46 W, 31, 120 MHz, 3996 MHz, 0 %, 0 %
2026/09/20 10:54:53.815, 6, 180.15 W, 28, 120 MHz, 3996 MHz, 0 %, 0 %
2026/09/20 10:54:53.815, 7, 184.09 W, 29, 120 MHz, 3996 MHz, 0 %, 0 %
2026/09/20 10:54:54.815, 0, 831.24 W, 64, 1972 MHz, 3996 MHz, 100 %, 20 %
2026/09/20 10:54:54.815, 1, 1047.90 W, 66, 1912 MHz, 3996 MHz, 100 %, 34 %
2026/09/20 10:54:54.815, 2, 610.51 W, 51, 1980 MHz, 3996 MHz, 100 %, 42 %
2026/09/20 10:54:54.815, 3, 793.37 W, 49, 2032 MHz, 3996 MHz, 100 %, 18 %
2026/09/20 10:54:54.815, 4, 183.25 W, 33, 120 MHz, 3996 MHz, 0 %, 0 %
2026/09/20 10:54:54.815, 5, 179.47 W, 31, 120 MHz, 3996 MHz, 0 %, 0 %
2026/09/20 10:54:54.815, 6, 180.19 W, 28, 120 MHz, 3996 MHz, 0 %, 0 %
2026/09/20 10:54:54.815, 7, 184.09 W, 29, 120 MHz, 3996 MHz, 0 %, 0 %
2026/09/20 10:54:55.815, 0, 839.67 W, 57, 2032 MHz, 3996 MHz, 100 %, 10 %
2026/09/20 10:54:55.815, 1, 780.64 W, 57, 2032 MHz, 3996 MHz, 100 %, 11 %
2026/09/20 10:54:55.815, 2, 920.72 W, 47, 2032 MHz, 3996 MHz, 100 %, 11 %
2026/09/20 10:54:55.815, 3, 812.26 W, 55, 1785 MHz, 3996 MHz, 100 %, 34 %
2026/09/20 10:54:55.815, 4, 183.25 W, 33, 120 MHz, 3996 MHz, 0 %, 0 %
2026/09/20 10:54:55.815, 5, 179.46 W, 31, 120 MHz, 3996 MHz, 0 %, 0 %
2026/09/20 10:54:55.815, 6, 180.14 W, 28, 120 MHz, 3996 MHz, 0 %, 0 %
2026/09/20 10:54:55.815, 7, 184.09 W, 29, 120 MHz, 3996 MHz, 0 %, 0 %
2026/09/20 10:54:56.815, 0, 864.11 W, 61, 2032 MHz, 3996 MHz, 100 %, 15 %
2026/09/20 10:54:56.815, 1, 994.92 W, 67, 1635 MHz, 3996 MHz, 100 %, 33 %
2026/09/20 10:54:56.815, 2, 892.07 W, 50, 2032 MHz, 3996 MHz, 100 %, 12 %
2026/09/20 10:54:56.815, 3, 692.62 W, 49, 2032 MHz, 3996 MHz, 100 %, 12 %
2026/09/20 10:54:56.816, 4, 183.25 W, 33, 120 MHz, 3996 MHz, 0 %, 0 %
2026/09/20 10:54:56.816, 5, 179.46 W, 31, 120 MHz, 3996 MHz, 0 %, 0 %
2026/09/20 10:54:56.816, 6, 180.12 W, 28, 120 MHz, 3996 MHz, 0 %, 0 %
2026/09/20 10:54:56.816, 7, 184.09 W, 29, 120 MHz, 3996 MHz, 0 %, 0 %
2026/09/20 10:54:57.816, 0, 533.01 W, 56, 2032 MHz, 3996 MHz, 100 %, 11 %
2026/09/20 10:54:57.816, 1, 555.49 W, 58, 2032 MHz, 3996 MHz, 100 %, 11 %
2026/09/20 10:54:57.816, 2, 789.59 W, 54, 1710 MHz, 3996 MHz, 100 %, 34 %
2026/09/20 10:54:57.816, 3, 770.21 W, 47, 2032 MHz, 3996 MHz, 100 %, 11 %
2026/09/20 10:54:57.816, 4, 183.25 W, 33, 120 MHz, 3996 MHz, 0 %, 0 %
2026/09/20 10:54:57.816, 5, 179.46 W, 31, 120 MHz, 3996 MHz, 0 %, 0 %
2026/09/20 10:54:57.816, 6, 180.12 W, 28, 120 MHz, 3996 MHz, 0 %, 0 %
2026/09/20 10:54:57.816, 7, 184.09 W, 29, 120 MHz, 3996 MHz, 0 %, 0 %
2026/09/20 10:54:58.816, 0, 885.46 W, 58, 2032 MHz, 3996 MHz, 100 %, 43 %
2026/09/20 10:54:58.816, 1, 608.41 W, 57, 2032 MHz, 3996 MHz, 100 %, 15 %
2026/09/20 10:54:58.816, 2, 802.24 W, 53, 1942 MHz, 3996 MHz, 100 %, 35 %
2026/09/20 10:54:58.816, 3, 723.74 W, 51, 1995 MHz, 3996 MHz, 100 %, 32 %
2026/09/20 10:54:58.817, 4, 183.21 W, 33, 120 MHz, 3996 MHz, 0 %, 0 %
2026/09/20 10:54:58.817, 5, 179.47 W, 31, 120 MHz, 3996 MHz, 0 %, 0 %
2026/09/20 10:54:58.817, 6, 180.11 W, 28, 120 MHz, 3996 MHz, 0 %, 0 %
2026/09/20 10:54:58.817, 7, 184.09 W, 29, 120 MHz, 3996 MHz, 0 %, 0 %
2026/09/20 10:54:59.817, 0, 641.52 W, 63, 1927 MHz, 3996 MHz, 100 %, 36 %
2026/09/20 10:54:59.817, 1, 674.27 W, 64, 1935 MHz, 3996 MHz, 100 %, 35 %
2026/09/20 10:54:59.817, 2, 1065.73 W, 55, 1972 MHz, 3996 MHz, 100 %, 33 %
2026/09/20 10:54:59.817, 3, 947.87 W, 49, 2032 MHz, 3996 MHz, 100 %, 18 %
2026/09/20 10:54:59.817, 4, 183.17 W, 33, 120 MHz, 3996 MHz, 0 %, 0 %
2026/09/20 10:54:59.817, 5, 179.46 W, 31, 120 MHz, 3996 MHz, 0 %, 0 %
2026/09/20 10:54:59.817, 6, 180.11 W, 28, 120 MHz, 3996 MHz, 0 %, 0 %
2026/09/20 10:54:59.817, 7, 184.09 W, 29, 120 MHz, 3996 MHz, 0 %, 0 %
2026/09/20 10:55:00.817, 0, 914.08 W, 56, 2032 MHz, 3996 MHz, 99 %, 16 %
2026/09/20 10:55:00.817, 1, 775.12 W, 56, 2032 MHz, 3996 MHz, 100 %, 10 %
2026/09/20 10:55:00.817, 2, 968.15 W, 56, 1762 MHz, 3996 MHz, 100 %, 34 %
2026/09/20 10:55:00.817, 3, 611.46 W, 45, 2032 MHz, 3996 MHz, 100 %, 10 %
2026/09/20 10:55:00.817, 4, 183.25 W, 33, 120 MHz, 3996 MHz, 0 %, 0 %
2026/09/20 10:55:00.817, 5, 179.47 W, 31, 120 MHz, 3996 MHz, 0 %, 0 %
2026/09/20 10:55:00.817, 6, 180.08 W, 28, 120 MHz, 3996 MHz, 0 %, 0 %
2026/09/20 10:55:00.817, 7, 184.09 W, 29, 120 MHz, 3996 MHz, 0 %, 0 %
2026/09/20 10:55:01.817, 0, 852.32 W, 65, 1875 MHz, 3996 MHz, 100 %, 34 %
2026/09/20 10:55:01.817, 1, 677.62 W, 57, 2032 MHz, 3996 MHz, 100 %, 14 %
2026/09/20 10:55:01.817, 2, 738.30 W, 47, 2032 MHz, 3996 MHz, 100 %, 15 %
2026/09/20 10:55:01.817, 3, 1005.12 W, 54, 1912 MHz, 3996 MHz, 100 %, 35 %
2026/09/20 10:55:01.817, 4, 183.17 W, 33, 120 MHz, 3996 MHz, 0 %, 0 %
2026/09/20 10:55:01.818, 5, 179.47 W, 31, 120 MHz, 3996 MHz, 0 %, 0 %
2026/09/20 10:55:01.818, 6, 180.14 W, 28, 120 MHz, 3996 MHz, 0 %, 0 %
2026/09/20 10:55:01.818, 7, 184.09 W, 29, 120 MHz, 3996 MHz, 0 %, 0 %
2026/09/20 10:55:02.818, 0, 935.43 W, 58, 2032 MHz, 3996 MHz, 99 %, 22 %
2026/09/20 10:55:02.818, 1, 1027.50 W, 66, 1800 MHz, 3996 MHz, 100 %, 33 %
2026/09/20 10:55:02.818, 2, 991.22 W, 55, 1987 MHz, 3996 MHz, 100 %, 30 %
2026/09/20 10:55:02.818, 3, 911.65 W, 50, 2032 MHz, 3996 MHz, 99 %, 20 %
2026/09/20 10:55:02.818, 4, 183.21 W, 33, 120 MHz, 3996 MHz, 0 %, 0 %
2026/09/20 10:55:02.818, 5, 179.47 W, 31, 120 MHz, 3996 MHz, 0 %, 0 %
2026/09/20 10:55:02.818, 6, 180.12 W, 28, 120 MHz, 3996 MHz, 0 %, 0 %
2026/09/20 10:55:02.818, 7, 184.09 W, 29, 120 MHz, 3996 MHz, 0 %, 0 %
2026/09/20 10:55:03.818, 0, 499.74 W, 54, 2032 MHz, 3996 MHz, 100 %, 11 %
2026/09/20 10:55:03.818, 1, 848.47 W, 63, 1920 MHz, 3996 MHz, 100 %, 33 %
2026/09/20 10:55:03.818, 2, 818.97 W, 45, 2032 MHz, 3996 MHz, 100 %, 10 %
2026/09/20 10:55:03.818, 3, 504.99 W, 44, 2032 MHz, 3996 MHz, 100 %, 11 %
2026/09/20 10:55:03.818, 4, 183.21 W, 33, 120 MHz, 3996 MHz, 0 %, 0 %
2026/09/20 10:55:03.818, 5, 179.46 W, 31, 120 MHz, 3996 MHz, 0 %, 0 %
2026/09/20 10:55:03.818, 6, 180.12 W, 28, 120 MHz, 3996 MHz, 0 %, 0 %
2026/09/20 10:55:03.818, 7, 184.05 W, 29, 120 MHz, 3996 MHz, 0 %, 0 %
2026/09/20 10:55:04.818, 0, 1034.30 W, 64, 1942 MHz, 3996 MHz, 100 %, 34 %
2026/09/20 10:55:04.818, 1, 1057.08 W, 66, 1852 MHz, 3996 MHz, 100 %, 34 %
2026/09/20 10:55:04.818, 2, 773.44 W, 54, 1912 MHz, 3996 MHz, 100 %, 35 %
2026/09/20 10:55:04.818, 3, 882.67 W, 47, 2032 MHz, 3996 MHz, 100 %, 17 %
2026/09/20 10:55:04.818, 4, 183.17 W, 33, 120 MHz, 3996 MHz, 0 %, 0 %
2026/09/20 10:55:04.818, 5, 179.47 W, 31, 120 MHz, 3996 MHz, 0 %, 0 %
2026/09/20 10:55:04.818, 6, 180.15 W, 28, 120 MHz, 3996 MHz, 0 %, 0 %
2026/09/20 10:55:04.818, 7, 184.09 W, 29, 120 MHz, 3996 MHz, 0 %, 0 %
2026/09/20 10:55:05.818, 0, 1040.79 W, 65, 1965 MHz, 3996 MHz, 100 %, 49 %
2026/09/20 10:55:05.819, 1, 788.71 W, 64, 1912 MHz, 3996 MHz, 100 %, 41 %
2026/09/20 10:55:05.819, 2, 1035.48 W, 54, 1980 MHz, 3996 MHz, 100 %, 48 %
2026/09/20 10:55:05.819, 3, 642.24 W, 49, 2032 MHz, 3996 MHz, 100 %, 52 %
2026/09/20 10:55:05.819, 4, 183.17 W, 33, 120 MHz, 3996 MHz, 0 %, 0 %
2026/09/20 10:55:05.819, 5, 179.47 W, 31, 120 MHz, 3996 MHz, 0 %, 0 %
2026/09/20 10:55:05.819, 6, 180.11 W, 28, 120 MHz, 3996 MHz, 0 %, 0 %
2026/09/20 10:55:05.819, 7, 184.09 W, 29, 120 MHz, 3996 MHz, 0 %, 0 %
2026/09/20 10:55:06.819, 0, 828.60 W, 62, 1950 MHz, 3996 MHz, 100 %, 18 %
2026/09/20 10:55:06.819, 1, 829.75 W, 63, 1905 MHz, 3996 MHz, 100 %, 35 %
2026/09/20 10:55:06.819, 2, 992.90 W, 50, 2032 MHz, 3996 MHz, 100 %, 29 %
2026/09/20 10:55:06.819, 3, 588.34 W, 50, 1972 MHz, 3996 MHz, 100 %, 25 %
2026/09/20 10:55:06.819, 4, 183.17 W, 33, 120 MHz, 3996 MHz, 0 %, 0 %
2026/09/20 10:55:06.819, 5, 179.47 W, 31, 120 MHz, 3996 MHz, 0 %, 0 %
2026/09/20 10:55:06.819, 6, 180.11 W, 28, 120 MHz, 3996 MHz, 0 %, 0 %
2026/09/20 10:55:06.819, 7, 184.09 W, 29, 120 MHz, 3996 MHz, 0 %, 0 %
2026/09/20 10:55:07.819, 0, 905.07 W, 60, 2032 MHz, 3996 MHz, 100 %, 11 %
2026/09/20 10:55:07.819, 1, 882.83 W, 61, 2032 MHz, 3996 MHz, 100 %, 13 %
2026/09/20 10:55:07.819, 2, 748.45 W, 54, 1732 MHz, 3996 MHz, 100 %, 36 %
2026/09/20 10:55:07.819, 3, 1027.97 W, 51, 2032 MHz, 3996 MHz, 100 %, 26 %
2026/09/20 10:55:07.819, 4, 183.21 W, 33, 120 MHz, 3996 MHz, 0 %, 0 %
2026/09/20 10:55:07.819, 5, 179.47 W, 31, 120 MHz, 3996 MHz, 0 %, 0 %
2026/09/20 10:55:07.819, 6, 180.10 W, 28, 120 MHz, 3996 MHz, 0 %, 0 %
2026/09/20 10:55:07.819, 7, 184.09 W, 29, 120 MHz, 3996 MHz, 0 %, 0 %
2026/09/20 10:55:08.819, 0, 535.45 W, 53, 2032 MHz, 3996 MHz, 100 %, 10 %
2026/09/20 10:55:08.819, 1, 1033.59 W, 66, 1755 MHz, 3996 MHz, 100 %, 33 %
2026/09/20 10:55:08.819, 2, 545.02 W, 44, 2032 MHz, 3996 MHz, 100 %, 10 %
2026/09/20 10:55:08.819, 3, 536.91 W, 43, 2032 MHz, 3996 MHz, 100 %, 10 %
2026/09/20 10:55:08.819, 4, 183.17 W, 33, 120 MHz, 3996 MHz, 0 %, 0 %
2026/09/20 10:55:08.819, 5, 179.47 W, 31, 120 MHz, 3996 MHz, 0 %, 0 %
2026/09/20 10:55:08.820, 6, 180.10 W, 28, 120 MHz, 3996 MHz, 0 %, 0 %
2026/09/20 10:55:08.820, 7, 184.09 W, 29, 120 MHz, 3996 MHz, 0 %, 0 %
2026/09/20 10:55:09.820, 0, 498.12 W, 53, 2032 MHz, 3996 MHz, 100 %, 10 %
2026/09/20 10:55:09.820, 1, 1055.48 W, 66, 1687 MHz, 3996 MHz, 100 %, 32 %
2026/09/20 10:55:09.820, 2, 749.20 W, 44, 2032 MHz, 3996 MHz, 100 %, 10 %
2026/09/20 10:55:09.820, 3, 494.99 W, 43, 2032 MHz, 3996 MHz, 100 %, 10 %
2026/09/20 10:55:09.820, 4, 183.17 W, 33, 120 MHz, 3996 MHz, 0 %, 0 %
2026/09/20 10:55:09.820, 5, 179.47 W, 31, 120 MHz, 3996 MHz, 0 %, 0 %
2026/09/20 10:55:09.820, 6, 180.12 W, 28, 120 MHz, 3996 MHz, 0 %, 0 %
2026/09/20 10:55:09.820, 7, 184.09 W, 29, 120 MHz, 3996 MHz, 0 %, 0 %
2026/09/20 10:55:10.820, 0, 756.37 W, 63, 1927 MHz, 3996 MHz, 100 %, 36 %
2026/09/20 10:55:10.820, 1, 960.76 W, 66, 1942 MHz, 3996 MHz, 100 %, 34 %
2026/09/20 10:55:10.820, 2, 738.66 W, 48, 2032 MHz, 3996 MHz, 100 %, 17 %
2026/09/20 10:55:10.820, 3, 724.94 W, 52, 1942 MHz, 3996 MHz, 100 %, 37 %
2026/09/20 10:55:10.820, 4, 183.21 W, 33, 120 MHz, 3996 MHz, 0 %, 0 %
2026/09/20 10:55:10.820, 5, 179.46 W, 31, 120 MHz, 3996 MHz, 0 %, 0 %
2026/09/20 10:55:10.820, 6, 180.10 W, 28, 120 MHz, 3996 MHz, 0 %, 0 %
2026/09/20 10:55:10.820, 7, 184.09 W, 29, 120 MHz, 3996 MHz, 0 %, 0 %
2026/09/20 10:55:11.820, 0, 1060.37 W, 65, 1852 MHz, 3996 MHz, 100 %, 33 %
2026/09/20 10:55:11.820, 1, 651.06 W, 56, 2032 MHz, 3996 MHz, 100 %, 14 %
2026/09/20 10:55:11.820, 2, 688.50 W, 52, 1957 MHz, 3996 MHz, 100 %, 33 %
2026/09/20 10:55:11.820, 3, 938.54 W, 48, 2032 MHz, 3996 MHz, 100 %, 14 %
2026/09/20 10:55:11.820, 4, 183.21 W, 33, 120 MHz, 3996 MHz, 0 %, 0 %
2026/09/20 10:55:11.820, 5, 179.47 W, 31, 120 MHz, 3996 MHz, 0 %, 0 %
2026/09/20 10:55:11.820, 6, 180.13 W, 28, 120 MHz, 3996 MHz, 0 %, 0 %
2026/09/20 10:55:11.820, 7, 184.09 W, 29, 120 MHz, 3996 MHz, 0 %, 0 %
2026/09/20 10:55:12.820, 0, 1061.38 W, 64, 1867 MHz, 3996 MHz, 100 %, 36 %
2026/09/20 10:55:12.820, 1, 600.84 W, 57, 2032 MHz, 3996 MHz, 100 %, 18 %
2026/09/20 10:55:12.820, 2, 817.02 W, 53, 2025 MHz, 3996 MHz, 100 %, 33 %
2026/09/20 10:55:12.820, 3, 929.49 W, 54, 1920 MHz, 3996 MHz, 100 %, 36 %
2026/09/20 10:55:12.820, 4, 183.25 W, 33, 120 MHz, 3996 MHz, 0 %, 0 %
2026/09/20 10:55:12.820, 5, 179.47 W, 31, 120 MHz, 3996 MHz, 0 %, 0 %
2026/09/20 10:55:12.821, 6, 180.09 W, 28, 120 MHz, 3996 MHz, 0 %, 0 %
2026/09/20 10:55:12.821, 7, 184.09 W, 29, 120 MHz, 3996 MHz, 0 %, 0 %
2026/09/20 10:55:13.821, 0, 886.13 W, 60, 2032 MHz, 3996 MHz, 100 %, 34 %
2026/09/20 10:55:13.821, 1, 759.42 W, 60, 2032 MHz, 3996 MHz, 100 %, 13 %
2026/09/20 10:55:13.821, 2, 862.37 W, 49, 2032 MHz, 3996 MHz, 100 %, 13 %
2026/09/20 10:55:13.821, 3, 1054.70 W, 56, 1785 MHz, 3996 MHz, 100 %, 44 %
2026/09/20 10:55:13.821, 4, 183.17 W, 33, 120 MHz, 3996 MHz, 0 %, 0 %
2026/09/20 10:55:13.821, 5, 179.47 W, 31, 120 MHz, 3996 MHz, 0 %, 0 %
2026/09/20 10:55:13.821, 6, 180.12 W, 28, 120 MHz, 3996 MHz, 0 %, 0 %
2026/09/20 10:55:13.821, 7, 184.05 W, 29, 120 MHz, 3996 MHz, 0 %, 0 %
2026/09/20 10:55:14.821, 0, 951.04 W, 60, 2032 MHz, 3996 MHz, 100 %, 19 %
2026/09/20 10:55:14.821, 1, 1050.67 W, 65, 1627 MHz, 3996 MHz, 100 %, 34 %
2026/09/20 10:55:14.821, 2, 939.17 W, 50, 2032 MHz, 3996 MHz, 100 %, 12 %
2026/09/20 10:55:14.821, 3, 724.00 W, 48, 2032 MHz, 3996 MHz, 100 %, 13 %
2026/09/20 10:55:14.821, 4, 183.17 W, 33, 120 MHz, 3996 MHz, 0 %, 0 %
2026/09/20 10:55:14.821, 5, 179.46 W, 31, 120 MHz, 3996 MHz, 0 %, 0 %
2026/09/20 10:55:14.821, 6, 180.10 W, 28, 120 MHz, 3996 MHz, 0 %, 0 %
2026/09/20 10:55:14.821, 7, 184.09 W, 29, 120 MHz, 3996 MHz, 0 %, 0 %
2026/09/20 10:55:15.821, 0, 515.34 W, 53, 2032 MHz, 3996 MHz, 100 %, 10 %
2026/09/20 10:55:15.821, 1, 518.42 W, 55, 2032 MHz, 3996 MHz, 100 %, 10 %
2026/09/20 10:55:15.821, 2, 741.10 W, 44, 2032 MHz, 3996 MHz, 100 %, 11 %
2026/09/20 10:55:15.821, 3, 798.89 W, 54, 1695 MHz, 3996 MHz, 100 %, 34 %
2026/09/20 10:55:15.821, 4, 183.21 W, 33, 120 MHz, 3996 MHz, 0 %, 0 %
2026/09/20 10:55:15.821, 5, 179.47 W, 31, 120 MHz, 3996 MHz, 0 %, 0 %
2026/09/20 10:55:15.821, 6, 180.12 W, 28, 120 MHz, 3996 MHz, 0 %, 0 %
2026/09/20 10:55:15.821, 7, 184.09 W, 29, 120 MHz, 3996 MHz, 0 %, 0 %
2026/09/20 10:55:16.821, 0, 732.50 W, 63, 1980 MHz, 3996 MHz, 100 %, 32 %
2026/09/20 10:55:16.822, 1, 612.84 W, 57, 2032 MHz, 3996 MHz, 100 %, 14 %
2026/09/20 10:55:16.822, 2, 713.73 W, 46, 2032 MHz, 3996 MHz, 100 %, 15 %
2026/09/20 10:55:16.822, 3, 957.01 W, 54, 1920 MHz, 3996 MHz, 100 %, 35 %
2026/09/20 10:55:16.822, 4, 183.25 W, 33, 120 MHz, 3996 MHz, 0 %, 0 %
2026/09/20 10:55:16.822, 5, 179.47 W, 31, 120 MHz, 3996 MHz, 0 %, 0 %
2026/09/20 10:55:16.822, 6, 180.11 W, 28, 120 MHz, 3996 MHz, 0 %, 0 %
2026/09/20 10:55:16.822, 7, 184.05 W, 29, 120 MHz, 3996 MHz, 0 %, 0 %
2026/09/20 10:55:17.822, 0, 957.89 W, 64, 1680 MHz, 3996 MHz, 100 %, 33 %
2026/09/20 10:55:17.822, 1, 634.91 W, 57, 2032 MHz, 3996 MHz, 100 %, 10 %
2026/09/20 10:55:17.822, 2, 601.48 W, 43, 2032 MHz, 3996 MHz, 100 %, 10 %
2026/09/20 10:55:17.822, 3, 831.86 W, 46, 2032 MHz, 3996 MHz, 100 %, 11 %
2026/09/20 10:55:17.822, 4, 183.17 W, 33, 120 MHz, 3996 MHz, 0 %, 0 %
2026/09/20 10:55:17.822, 5, 179.46 W, 31, 120 MHz, 3996 MHz, 0 %, 0 %
2026/09/20 10:55:17.822, 6, 180.11 W, 28, 120 MHz, 3996 MHz, 0 %, 0 %
2026/09/20 10:55:17.822, 7, 184.09 W, 29, 120 MHz, 3996 MHz, 0 %, 0 %
2026/09/20 10:55:18.822, 0, 684.85 W, 60, 2032 MHz, 3996 MHz, 100 %, 13 %
2026/09/20 10:55:18.822, 1, 662.78 W, 58, 2032 MHz, 3996 MHz, 100 %, 36 %
2026/09/20 10:55:18.822, 2, 1028.76 W, 52, 1995 MHz, 3996 MHz, 100 %, 37 %
2026/09/20 10:55:18.822, 3, 655.01 W, 48, 2032 MHz, 3996 MHz, 100 %, 13 %
2026/09/20 10:55:18.822, 4, 183.21 W, 33, 120 MHz, 3996 MHz, 0 %, 0 %
2026/09/20 10:55:18.822, 5, 179.47 W, 31, 120 MHz, 3996 MHz, 0 %, 0 %
2026/09/20 10:55:18.822, 6, 180.09 W, 28, 120 MHz, 3996 MHz, 0 %, 0 %
2026/09/20 10:55:18.822, 7, 184.09 W, 29, 120 MHz, 3996 MHz, 0 %, 0 %
2026/09/20 10:55:19.822, 0, 1056.20 W, 61, 2010 MHz, 3996 MHz, 100 %, 33 %
2026/09/20 10:55:19.822, 1, 608.10 W, 62, 1762 MHz, 3996 MHz, 100 %, 40 %
2026/09/20 10:55:19.822, 2, 550.96 W, 47, 2032 MHz, 3996 MHz, 100 %, 31 %
2026/09/20 10:55:19.822, 3, 1052.92 W, 54, 2002 MHz, 3996 MHz, 100 %, 35 %
2026/09/20 10:55:19.822, 4, 183.25 W, 33, 120 MHz, 3996 MHz, 0 %, 0 %
2026/09/20 10:55:19.822, 5, 179.47 W, 31, 120 MHz, 3996 MHz, 0 %, 0 %
2026/09/20 10:55:19.823, 6, 180.10 W, 28, 120 MHz, 3996 MHz, 0 %, 0 %
2026/09/20 10:55:19.823, 7, 184.09 W, 29, 120 MHz, 3996 MHz, 0 %, 0 %
2026/09/20 10:55:20.823, 0, 904.79 W, 59, 2032 MHz, 3996 MHz, 100 %, 35 %
2026/09/20 10:55:20.823, 1, 825.27 W, 62, 1927 MHz, 3996 MHz, 100 %, 34 %
2026/09/20 10:55:20.823, 2, 877.58 W, 47, 2032 MHz, 3996 MHz, 100 %, 32 %
2026/09/20 10:55:20.823, 3, 708.12 W, 51, 1935 MHz, 3996 MHz, 100 %, 24 %
2026/09/20 10:55:20.823, 4, 183.21 W, 33, 120 MHz, 3996 MHz, 0 %, 0 %
2026/09/20 10:55:20.823, 5, 179.47 W, 31, 120 MHz, 3996 MHz, 0 %, 0 %
2026/09/20 10:55:20.823, 6, 180.10 W, 28, 120 MHz, 3996 MHz, 0 %, 0 %
2026/09/20 10:55:20.823, 7, 184.09 W, 29, 120 MHz, 3996 MHz, 0 %, 0 %
2026/09/20 10:55:21.823, 0, 830.86 W, 59, 1980 MHz, 3996 MHz, 100 %, 33 %
2026/09/20 10:55:21.823, 1, 750.12 W, 56, 2032 MHz, 3996 MHz, 100 %, 12 %
2026/09/20 10:55:21.823, 2, 642.37 W, 49, 2032 MHz, 3996 MHz, 100 %, 34 %
2026/09/20 10:55:21.823, 3, 819.86 W, 45, 1995 MHz, 3996 MHz, 100 %, 11 %
2026/09/20 10:55:21.823, 4, 183.10 W, 33, 120 MHz, 3996 MHz, 0 %, 0 %
2026/09/20 10:55:21.823, 5, 179.47 W, 31, 120 MHz, 3996 MHz, 0 %, 0 %
2026/09/20 10:55:21.823, 6, 180.10 W, 28, 120 MHz, 3996 MHz, 0 %, 0 %
2026/09/20 10:55:21.823, 7, 184.09 W, 29, 120 MHz, 3996 MHz, 0 %, 0 %
2026/09/20 10:55:22.823, 0, 562.26 W, 56, 2032 MHz, 3996 MHz, 100 %, 10 %
2026/09/20 10:55:22.823, 1, 923.61 W, 65, 1642 MHz, 3996 MHz, 100 %, 33 %
2026/09/20 10:55:22.823, 2, 741.41 W, 47, 2032 MHz, 3996 MHz, 100 %, 11 %
2026/09/20 10:55:22.823, 3, 770.85 W, 47, 2032 MHz, 3996 MHz, 100 %, 11 %
2026/09/20 10:55:22.823, 4, 183.17 W, 33, 120 MHz, 3996 MHz, 0 %, 0 %
2026/09/20 10:55:22.823, 5, 179.47 W, 31, 120 MHz, 3996 MHz, 0 %, 0 %
2026/09/20 10:55:22.823, 6, 180.09 W, 28, 120 MHz, 3996 MHz, 0 %, 0 %
2026/09/20 10:55:22.823, 7, 184.09 W, 29, 120 MHz, 3996 MHz, 0 %, 0 %
2026/09/20 10:55:23.823, 0, 778.98 W, 64, 1927 MHz, 3996 MHz, 100 %, 33 %
2026/09/20 10:55:23.824, 1, 847.07 W, 64, 1672 MHz, 3996 MHz, 100 %, 34 %
2026/09/20 10:55:23.824, 2, 819.02 W, 46, 2032 MHz, 3996 MHz, 100 %, 14 %
2026/09/20 10:55:23.824, 3, 832.74 W, 46, 2032 MHz, 3996 MHz, 100 %, 14 %
2026/09/20 10:55:23.824, 4, 183.17 W, 33, 120 MHz, 3996 MHz, 0 %, 0 %
2026/09/20 10:55:23.824, 5, 179.47 W, 31, 120 MHz, 3996 MHz, 0 %, 0 %
2026/09/20 10:55:23.824, 6, 180.13 W, 28, 120 MHz, 3996 MHz, 0 %, 0 %
2026/09/20 10:55:23.824, 7, 184.05 W, 29, 120 MHz, 3996 MHz, 0 %, 0 %
2026/09/20 10:55:24.824, 0, 931.22 W, 56, 2032 MHz, 3996 MHz, 100 %, 32 %
2026/09/20 10:55:24.824, 1, 1061.14 W, 65, 1665 MHz, 3996 MHz, 100 %, 34 %
2026/09/20 10:55:24.824, 2, 842.91 W, 46, 2032 MHz, 3996 MHz, 100 %, 10 %
2026/09/20 10:55:24.824, 3, 584.83 W, 45, 2032 MHz, 3996 MHz, 100 %, 26 %
2026/09/20 10:55:24.824, 4, 183.21 W, 33, 120 MHz, 3996 MHz, 0 %, 0 %
2026/09/20 10:55:24.824, 5, 179.46 W, 31, 120 MHz, 3996 MHz, 0 %, 0 %
2026/09/20 10:55:24.824, 6, 180.12 W, 28, 120 MHz, 3996 MHz, 0 %, 0 %
2026/09/20 10:55:24.824, 7, 184.01 W, 29, 120 MHz, 3996 MHz, 0 %, 0 %
2026/09/20 10:55:25.824, 0, 725.21 W, 63, 2032 MHz, 3996 MHz, 100 %, 13 %
2026/09/20 10:55:25.824, 1, 948.32 W, 65, 1942 MHz, 3996 MHz, 100 %, 41 %
2026/09/20 10:55:25.824, 2, 808.39 W, 48, 2025 MHz, 3996 MHz, 100 %, 14 %
2026/09/20 10:55:25.824, 3, 679.40 W, 49, 2032 MHz, 3996 MHz, 100 %, 12 %
2026/09/20 10:55:25.824, 4, 183.25 W, 33, 120 MHz, 3996 MHz, 0 %, 0 %
2026/09/20 10:55:25.824, 5, 179.47 W, 31, 120 MHz, 3996 MHz, 0 %, 0 %
2026/09/20 10:55:25.824, 6, 180.12 W, 28, 120 MHz, 3996 MHz, 0 %, 0 %
2026/09/20 10:55:25.824, 7, 184.09 W, 29, 120 MHz, 3996 MHz, 0 %, 0 %
2026/09/20 10:55:26.824, 0, 855.04 W, 55, 2032 MHz, 3996 MHz, 100 %, 11 %
2026/09/20 10:55:26.824, 1, 802.64 W, 56, 2032 MHz, 3996 MHz, 100 %, 11 %
2026/09/20 10:55:26.824, 2, 599.48 W, 44, 2032 MHz, 3996 MHz, 100 %, 11 %
2026/09/20 10:55:26.824, 3, 820.50 W, 54, 1777 MHz, 3996 MHz, 100 %, 34 %
2026/09/20 10:55:26.824, 4, 183.17 W, 33, 120 MHz, 3996 MHz, 0 %, 0 %
2026/09/20 10:55:26.824, 5, 179.46 W, 31, 120 MHz, 3996 MHz, 0 %, 0 %
2026/09/20 10:55:26.824, 6, 180.16 W, 28, 120 MHz, 3996 MHz, 0 %, 0 %
2026/09/20 10:55:26.825, 7, 184.09 W, 29, 120 MHz, 3996 MHz, 0 %, 0 %
2026/09/20 10:55:27.825, 0, 699.29 W, 59, 2032 MHz, 3996 MHz, 100 %, 53 %
2026/09/20 10:55:27.825, 1, 993.32 W, 61, 2032 MHz, 3996 MHz, 100 %, 16 %
2026/09/20 10:55:27.825, 2, 959.94 W, 50, 2032 MHz, 3996 MHz, 100 %, 13 %
2026/09/20 10:55:27.825, 3, 1042.06 W, 55, 1785 MHz, 3996 MHz, 100 %, 53 %
2026/09/20 10:55:27.825, 4, 183.13 W, 33, 120 MHz, 3996 MHz, 0 %, 0 %
2026/09/20 10:55:27.825, 5, 179.47 W, 31, 120 MHz, 3996 MHz, 0 %, 0 %
2026/09/20 10:55:27.825, 6, 180.14 W, 28, 120 MHz, 3996 MHz, 0 %, 0 %
2026/09/20 10:55:27.825, 7, 184.09 W, 29, 120 MHz, 3996 MHz, 0 %, 0 %
2026/09/20 10:55:28.825, 0, 760.34 W, 64, 1807 MHz, 3996 MHz, 100 %, 34 %
2026/09/20 10:55:28.825, 1, 807.93 W, 57, 2032 MHz, 3996 MHz, 100 %, 10 %
2026/09/20 10:55:28.825, 2, 829.00 W, 46, 2032 MHz, 3996 MHz, 100 %, 11 %
2026/09/20 10:55:28.825, 3, 669.09 W, 45, 2032 MHz, 3996 MHz, 100 %, 11 %
2026/09/20 10:55:28.825, 4, 183.25 W, 33, 120 MHz, 3996 MHz, 0 %, 0 %
2026/09/20 10:55:28.825, 5, 179.47 W, 31, 120 MHz, 3996 MHz, 0 %, 0 %
2026/09/20 10:55:28.825, 6, 180.12 W, 28, 120 MHz, 3996 MHz, 0 %, 0 %
2026/09/20 10:55:28.825, 7, 184.09 W, 29, 120 MHz, 3996 MHz, 0 %, 0 %
2026/09/20 10:55:29.825, 0, 686.10 W, 56, 2032 MHz, 3996 MHz, 100 %, 28 %
2026/09/20 10:55:29.825, 1, 852.03 W, 57, 2032 MHz, 3996 MHz, 100 %, 15 %
2026/09/20 10:55:29.825, 2, 745.02 W, 53, 1980 MHz, 3996 MHz, 100 %, 32 %
2026/09/20 10:55:29.825, 3, 969.88 W, 55, 1890 MHz, 3996 MHz, 100 %, 40 %
2026/09/20 10:55:29.825, 4, 183.21 W, 33, 120 MHz, 3996 MHz, 0 %, 0 %
2026/09/20 10:55:29.825, 5, 179.47 W, 31, 120 MHz, 3996 MHz, 0 %, 0 %
2026/09/20 10:55:29.825, 6, 180.12 W, 28, 120 MHz, 3996 MHz, 0 %, 0 %
2026/09/20 10:55:29.825, 7, 184.09 W, 29, 120 MHz, 3996 MHz, 0 %, 0 %
2026/09/20 10:55:30.825, 0, 728.91 W, 59, 2032 MHz, 3996 MHz, 100 %, 23 %
2026/09/20 10:55:30.825, 1, 880.43 W, 61, 2032 MHz, 3996 MHz, 100 %, 13 %
2026/09/20 10:55:30.825, 2, 941.28 W, 55, 1725 MHz, 3996 MHz, 100 %, 35 %
2026/09/20 10:55:30.825, 3, 860.30 W, 50, 2032 MHz, 3996 MHz, 100 %, 19 %
2026/09/20 10:55:30.825, 4, 183.21 W, 33, 120 MHz, 3996 MHz, 0 %, 0 %
2026/09/20 10:55:30.825, 5, 179.46 W, 31, 120 MHz, 3996 MHz, 0 %, 0 %
2026/09/20 10:55:30.826, 6, 180.09 W, 29, 120 MHz, 3996 MHz, 0 %, 0 %
2026/09/20 10:55:30.826, 7, 184.09 W, 29, 120 MHz, 3996 MHz, 0 %, 0 %
2026/09/20 10:55:31.826, 0, 1014.58 W, 65, 1702 MHz, 3996 MHz, 99 %, 51 %
2026/09/20 10:55:31.826, 1, 619.94 W, 56, 2032 MHz, 3996 MHz, 100 %, 10 %
2026/09/20 10:55:31.826, 2, 641.25 W, 45, 2032 MHz, 3996 MHz, 100 %, 11 %
2026/09/20 10:55:31.826, 3, 895.21 W, 48, 2032 MHz, 3996 MHz, 100 %, 40 %
2026/09/20 10:55:31.826, 4, 183.25 W, 33, 120 MHz, 3996 MHz, 0 %, 0 %
2026/09/20 10:55:31.826, 5, 179.47 W, 31, 120 MHz, 3996 MHz, 0 %, 0 %
2026/09/20 10:55:31.826, 6, 180.13 W, 29, 120 MHz, 3996 MHz, 0 %, 0 %
2026/09/20 10:55:31.826, 7, 184.09 W, 29, 120 MHz, 3996 MHz, 0 %, 0 %
2026/09/20 10:55:32.826, 0, 823.93 W, 64, 1792 MHz, 3996 MHz, 100 %, 34 %
2026/09/20 10:55:32.826, 1, 735.50 W, 56, 2032 MHz, 3996 MHz, 100 %, 10 %
2026/09/20 10:55:32.826, 2, 452.82 W, 43, 2032 MHz, 3996 MHz, 100 %, 11 %
2026/09/20 10:55:32.826, 3, 462.33 W, 44, 2032 MHz, 3996 MHz, 100 %, 11 %
2026/09/20 10:55:32.826, 4, 183.17 W, 33, 120 MHz, 3996 MHz, 0 %, 0 %
2026/09/20 10:55:32.826, 5, 179.47 W, 31, 120 MHz, 3996 MHz, 0 %, 0 %
2026/09/20 10:55:32.826, 6, 180.13 W, 29, 120 MHz, 3996 MHz, 0 %, 0 %
2026/09/20 10:55:32.826, 7, 184.09 W, 29, 120 MHz, 3996 MHz, 0 %, 0 %
2026/09/20 10:55:33.826, 0, 809.48 W, 64, 1672 MHz, 3996 MHz, 100 %, 36 %
2026/09/20 10:55:33.826, 1, 681.50 W, 60, 2032 MHz, 3996 MHz, 100 %, 12 %
2026/09/20 10:55:33.826, 2, 914.16 W, 49, 2032 MHz, 3996 MHz, 100 %, 12 %
2026/09/20 10:55:33.826, 3, 619.35 W, 48, 2032 MHz, 3996 MHz, 100 %, 13 %
2026/09/20 10:55:33.826, 4, 183.25 W, 33, 120 MHz, 3996 MHz, 0 %, 0 %
2026/09/20 10:55:33.826, 5, 179.47 W, 31, 120 MHz, 3996 MHz, 0 %, 0 %
2026/09/20 10:55:33.826, 6, 180.13 W, 29, 120 MHz, 3996 MHz, 0 %, 0 %
2026/09/20 10:55:33.826, 7, 184.09 W, 29, 120 MHz, 3996 MHz, 0 %, 0 %
2026/09/20 10:55:34.826, 0, 1032.23 W, 65, 1942 MHz, 3996 MHz, 100 %, 35 %
2026/09/20 10:55:34.826, 1, 1040.61 W, 66, 1927 MHz, 3996 MHz, 100 %, 43 %
2026/09/20 10:55:34.827, 2, 976.20 W, 50, 2032 MHz, 3996 MHz, 100 %, 17 %
2026/09/20 10:55:34.827, 3, 745.61 W, 48, 2032 MHz, 3996 MHz, 100 %, 18 %
2026/09/20 10:55:34.827, 4, 183.25 W, 33, 120 MHz, 3996 MHz, 0 %, 0 %
2026/09/20 10:55:34.827, 5, 179.47 W, 31, 120 MHz, 3996 MHz, 0 %, 0 %
2026/09/20 10:55:34.827, 6, 180.13 W, 29, 120 MHz, 3996 MHz, 0 %, 0 %
2026/09/20 10:55:34.827, 7, 184.09 W, 29, 120 MHz, 3996 MHz, 0 %, 0 %
2026/09/20 10:55:35.827, 0, 812.01 W, 58, 2032 MHz, 3996 MHz, 100 %, 15 %
2026/09/20 10:55:35.827, 1, 806.51 W, 59, 2032 MHz, 3996 MHz, 100 %, 21 %
2026/09/20 10:55:35.827, 2, 839.64 W, 52, 2002 MHz, 3996 MHz, 100 %, 47 %
2026/09/20 10:55:35.827, 3, 1053.32 W, 55, 1935 MHz, 3996 MHz, 100 %, 32 %
2026/09/20 10:55:35.827, 4, 183.25 W, 33, 120 MHz, 3996 MHz, 0 %, 0 %
2026/09/20 10:55:35.827, 5, 179.47 W, 31, 120 MHz, 3996 MHz, 0 %, 0 %
2026/09/20 10:55:35.827, 6, 180.12 W, 29, 120 MHz, 3996 MHz, 0 %, 0 %
2026/09/20 10:55:35.827, 7, 184.09 W, 29, 120 MHz, 3996 MHz, 0 %, 0 %
2026/09/20 10:55:36.827, 0, 991.56 W, 65, 1927 MHz, 3996 MHz, 100 %, 45 %
2026/09/20 10:55:36.827, 1, 855.33 W, 58, 2032 MHz, 3996 MHz, 100 %, 15 %
2026/09/20 10:55:36.827, 2, 842.01 W, 47, 2032 MHz, 3996 MHz, 100 %, 15 %
2026/09/20 10:55:36.827, 3, 970.83 W, 56, 1905 MHz, 3996 MHz, 100 %, 43 %
2026/09/20 10:55:36.827, 4, 183.25 W, 33, 120 MHz, 3996 MHz, 0 %, 0 %
2026/09/20 10:55:36.827, 5, 179.46 W, 31, 120 MHz, 3996 MHz, 0 %, 0 %
2026/09/20 10:55:36.827, 6, 180.12 W, 29, 120 MHz, 3996 MHz, 0 %, 0 %
2026/09/20 10:55:36.827, 7, 184.09 W, 29, 120 MHz, 3996 MHz, 0 %, 0 %
2026/09/20 10:55:37.827, 0, 987.62 W, 63, 2032 MHz, 3996 MHz, 100 %, 53 %
2026/09/20 10:55:37.827, 1, 898.06 W, 63, 2032 MHz, 3996 MHz, 100 %, 53 %
2026/09/20 10:55:37.827, 2, 862.58 W, 51, 2032 MHz, 3996 MHz, 100 %, 53 %
2026/09/20 10:55:37.827, 3, 976.35 W, 52, 2032 MHz, 3996 MHz, 100 %, 53 %
2026/09/20 10:55:37.827, 4, 183.21 W, 33, 120 MHz, 3996 MHz, 0 %, 0 %
2026/09/20 10:55:37.827, 5, 179.47 W, 31, 120 MHz, 3996 MHz, 0 %, 0 %
2026/09/20 10:55:37.827, 6, 180.11 W, 29, 120 MHz, 3996 MHz, 0 %, 0 %
2026/09/20 10:55:37.827, 7, 184.09 W, 29, 120 MHz, 3996 MHz, 0 %, 0 %
2026/09/20 10:55:38.828, 0, 970.18 W, 63, 2032 MHz, 3996 MHz, 100 %, 53 %
2026/09/20 10:55:38.828, 1, 967.90 W, 63, 2032 MHz, 3996 MHz, 100 %, 53 %
2026/09/20 10:55:38.828, 2, 941.79 W, 52, 2032 MHz, 3996 MHz, 100 %, 53 %
2026/09/20 10:55:38.828, 3, 940.43 W, 52, 2032 MHz, 3996 MHz, 100 %, 54 %
2026/09/20 10:55:38.828, 4, 183.25 W, 33, 120 MHz, 3996 MHz, 0 %, 0 %
2026/09/20 10:55:38.828, 5, 179.47 W, 31, 120 MHz, 3996 MHz, 0 %, 0 %
2026/09/20 10:55:38.828, 6, 180.16 W, 29, 120 MHz, 3996 MHz, 0 %, 0 %
2026/09/20 10:55:38.828, 7, 184.09 W, 29, 120 MHz, 3996 MHz, 0 %, 0 %
2026/09/20 10:55:39.828, 0, 970.08 W, 63, 2032 MHz, 3996 MHz, 100 %, 54 %
2026/09/20 10:55:39.828, 1, 970.88 W, 63, 2032 MHz, 3996 MHz, 100 %, 53 %
2026/09/20 10:55:39.828, 2, 941.30 W, 52, 2032 MHz, 3996 MHz, 100 %, 53 %
2026/09/20 10:55:39.828, 3, 941.47 W, 52, 2032 MHz, 3996 MHz, 100 %, 54 %
2026/09/20 10:55:39.828, 4, 183.25 W, 33, 120 MHz, 3996 MHz, 0 %, 0 %
2026/09/20 10:55:39.828, 5, 179.50 W, 31, 120 MHz, 3996 MHz, 0 %, 0 %
2026/09/20 10:55:39.828, 6, 180.12 W, 29, 120 MHz, 3996 MHz, 0 %, 0 %
2026/09/20 10:55:39.828, 7, 184.09 W, 29, 120 MHz, 3996 MHz, 0 %, 0 %
2026/09/20 10:55:40.828, 0, 969.26 W, 63, 2032 MHz, 3996 MHz, 100 %, 53 %
2026/09/20 10:55:40.828, 1, 971.31 W, 63, 2032 MHz, 3996 MHz, 100 %, 53 %
2026/09/20 10:55:40.828, 2, 941.88 W, 52, 2032 MHz, 3996 MHz, 100 %, 53 %
2026/09/20 10:55:40.828, 3, 943.92 W, 53, 2032 MHz, 3996 MHz, 100 %, 54 %
2026/09/20 10:55:40.828, 4, 183.25 W, 33, 120 MHz, 3996 MHz, 0 %, 0 %
2026/09/20 10:55:40.828, 5, 179.47 W, 31, 120 MHz, 3996 MHz, 0 %, 0 %
2026/09/20 10:55:40.828, 6, 180.13 W, 29, 120 MHz, 3996 MHz, 0 %, 0 %
2026/09/20 10:55:40.828, 7, 184.09 W, 29, 120 MHz, 3996 MHz, 0 %, 0 %
2026/09/20 10:55:41.828, 0, 970.72 W, 63, 2032 MHz, 3996 MHz, 100 %, 53 %
2026/09/20 10:55:41.828, 1, 974.13 W, 63, 2032 MHz, 3996 MHz, 100 %, 53 %
2026/09/20 10:55:41.828, 2, 940.11 W, 52, 2032 MHz, 3996 MHz, 99 %, 53 %
2026/09/20 10:55:41.828, 3, 941.98 W, 53, 2032 MHz, 3996 MHz, 100 %, 53 %
2026/09/20 10:55:41.828, 4, 183.25 W, 33, 120 MHz, 3996 MHz, 0 %, 0 %
2026/09/20 10:55:41.829, 5, 179.47 W, 31, 120 MHz, 3996 MHz, 0 %, 0 %
2026/09/20 10:55:41.829, 6, 180.12 W, 29, 120 MHz, 3996 MHz, 0 %, 0 %
2026/09/20 10:55:41.829, 7, 184.09 W, 29, 120 MHz, 3996 MHz, 0 %, 0 %
2026/09/20 10:55:42.829, 0, 968.14 W, 63, 2032 MHz, 3996 MHz, 99 %, 53 %
2026/09/20 10:55:42.829, 1, 970.10 W, 64, 2032 MHz, 3996 MHz, 100 %, 53 %
2026/09/20 10:55:42.829, 2, 942.71 W, 52, 2032 MHz, 3996 MHz, 100 %, 53 %
2026/09/20 10:55:42.829, 3, 940.58 W, 53, 2032 MHz, 3996 MHz, 100 %, 54 %
2026/09/20 10:55:42.829, 4, 183.25 W, 33, 120 MHz, 3996 MHz, 0 %, 0 %
2026/09/20 10:55:42.829, 5, 179.47 W, 31, 120 MHz, 3996 MHz, 0 %, 0 %
2026/09/20 10:55:42.829, 6, 180.12 W, 29, 120 MHz, 3996 MHz, 0 %, 0 %
2026/09/20 10:55:42.829, 7, 184.09 W, 29, 120 MHz, 3996 MHz, 0 %, 0 %
2026/09/20 10:55:43.829, 0, 967.35 W, 63, 2032 MHz, 3996 MHz, 100 %, 53 %
2026/09/20 10:55:43.829, 1, 972.88 W, 64, 2032 MHz, 3996 MHz, 100 %, 53 %
2026/09/20 10:55:43.829, 2, 943.51 W, 52, 2032 MHz, 3996 MHz, 100 %, 53 %
2026/09/20 10:55:43.829, 3, 944.40 W, 53, 2032 MHz, 3996 MHz, 100 %, 54 %
2026/09/20 10:55:43.829, 4, 183.25 W, 33, 120 MHz, 3996 MHz, 0 %, 0 %
2026/09/20 10:55:43.829, 5, 179.47 W, 31, 120 MHz, 3996 MHz, 0 %, 0 %
2026/09/20 10:55:43.829, 6, 180.17 W, 29, 120 MHz, 3996 MHz, 0 %, 0 %
2026/09/20 10:55:43.829, 7, 184.09 W, 29, 120 MHz, 3996 MHz, 0 %, 0 %
2026/09/20 10:55:44.829, 0, 905.28 W, 62, 2032 MHz, 3996 MHz, 100 %, 13 %
2026/09/20 10:55:44.829, 1, 1015.78 W, 68, 1792 MHz, 3996 MHz, 100 %, 34 %
2026/09/20 10:55:44.829, 2, 872.73 W, 51, 2032 MHz, 3996 MHz, 100 %, 12 %
2026/09/20 10:55:44.829, 3, 887.33 W, 51, 2032 MHz, 3996 MHz, 100 %, 13 %
2026/09/20 10:55:44.829, 4, 183.25 W, 33, 120 MHz, 3996 MHz, 0 %, 0 %
2026/09/20 10:55:44.829, 5, 179.47 W, 31, 120 MHz, 3996 MHz, 0 %, 0 %
2026/09/20 10:55:44.829, 6, 180.13 W, 29, 120 MHz, 3996 MHz, 0 %, 0 %
2026/09/20 10:55:44.829, 7, 184.09 W, 29, 120 MHz, 3996 MHz, 0 %, 0 %
2026/09/20 10:55:45.830, 0, 962.36 W, 61, 2032 MHz, 3996 MHz, 100 %, 32 %
2026/09/20 10:55:45.830, 1, 794.72 W, 63, 1950 MHz, 3996 MHz, 100 %, 21 %
2026/09/20 10:55:45.830, 2, 943.92 W, 50, 2032 MHz, 3996 MHz, 100 %, 14 %
2026/09/20 10:55:45.830, 3, 749.10 W, 50, 2010 MHz, 3996 MHz, 100 %, 15 %
2026/09/20 10:55:45.830, 4, 183.25 W, 33, 120 MHz, 3996 MHz, 0 %, 0 %
2026/09/20 10:55:45.830, 5, 179.47 W, 31, 120 MHz, 3996 MHz, 0 %, 0 %
2026/09/20 10:55:45.830, 6, 180.10 W, 29, 120 MHz, 3996 MHz, 0 %, 0 %
2026/09/20 10:55:45.830, 7, 184.09 W, 29, 120 MHz, 3996 MHz, 0 %, 0 %
2026/09/20 10:55:46.830, 0, 608.29 W, 59, 2032 MHz, 3996 MHz, 100 %, 11 %
2026/09/20 10:55:46.830, 1, 815.18 W, 58, 2032 MHz, 3996 MHz, 100 %, 11 %
2026/09/20 10:55:46.830, 2, 849.35 W, 53, 2025 MHz, 3996 MHz, 100 %, 53 %
2026/09/20 10:55:46.830, 3, 803.78 W, 47, 2032 MHz, 3996 MHz, 100 %, 10 %
2026/09/20 10:55:46.830, 4, 183.25 W, 33, 120 MHz, 3996 MHz, 0 %, 0 %
2026/09/20 10:55:46.830, 5, 179.47 W, 31, 120 MHz, 3996 MHz, 0 %, 0 %
2026/09/20 10:55:46.830, 6, 180.10 W, 29, 120 MHz, 3996 MHz, 0 %, 0 %
2026/09/20 10:55:46.830, 7, 184.09 W, 29, 120 MHz, 3996 MHz, 0 %, 0 %
2026/09/20 10:55:47.830, 0, 798.22 W, 65, 1672 MHz, 3996 MHz, 100 %, 45 %
2026/09/20 10:55:47.830, 1, 982.62 W, 63, 2032 MHz, 3996 MHz, 100 %, 14 %
2026/09/20 10:55:47.830, 2, 690.03 W, 50, 2032 MHz, 3996 MHz, 100 %, 13 %
2026/09/20 10:55:47.830, 3, 965.05 W, 51, 2032 MHz, 3996 MHz, 100 %, 27 %
2026/09/20 10:55:47.830, 4, 183.25 W, 33, 120 MHz, 3996 MHz, 0 %, 0 %
2026/09/20 10:55:47.830, 5, 179.47 W, 31, 120 MHz, 3996 MHz, 0 %, 0 %
2026/09/20 10:55:47.830, 6, 180.12 W, 29, 120 MHz, 3996 MHz, 0 %, 0 %
2026/09/20 10:55:47.830, 7, 184.09 W, 29, 120 MHz, 3996 MHz, 0 %, 0 %
2026/09/20 10:55:48.830, 0, 812.18 W, 65, 1972 MHz, 3996 MHz, 100 %, 33 %
2026/09/20 10:55:48.830, 1, 776.96 W, 66, 1845 MHz, 3996 MHz, 100 %, 34 %
2026/09/20 10:55:48.830, 2, 806.23 W, 47, 2032 MHz, 3996 MHz, 100 %, 15 %
2026/09/20 10:55:48.830, 3, 572.58 W, 47, 2032 MHz, 3996 MHz, 100 %, 15 %
2026/09/20 10:55:48.830, 4, 183.25 W, 33, 120 MHz, 3996 MHz, 0 %, 0 %
2026/09/20 10:55:48.830, 5, 179.47 W, 31, 120 MHz, 3996 MHz, 0 %, 0 %
2026/09/20 10:55:48.831, 6, 180.15 W, 29, 120 MHz, 3996 MHz, 0 %, 0 %
2026/09/20 10:55:48.831, 7, 184.09 W, 29, 120 MHz, 3996 MHz, 0 %, 0 %
2026/09/20 10:55:49.831, 0, 915.96 W, 59, 2032 MHz, 3996 MHz, 100 %, 22 %
2026/09/20 10:55:49.831, 1, 804.03 W, 66, 1822 MHz, 3996 MHz, 100 %, 36 %
2026/09/20 10:55:49.831, 2, 851.93 W, 48, 2032 MHz, 3996 MHz, 100 %, 14 %
2026/09/20 10:55:49.831, 3, 733.94 W, 53, 1987 MHz, 3996 MHz, 100 %, 35 %
2026/09/20 10:55:49.831, 4, 183.25 W, 33, 120 MHz, 3996 MHz, 0 %, 0 %
2026/09/20 10:55:49.831, 5, 179.47 W, 31, 120 MHz, 3996 MHz, 0 %, 0 %
2026/09/20 10:55:49.831, 6, 180.16 W, 29, 120 MHz, 3996 MHz, 0 %, 0 %
2026/09/20 10:55:49.831, 7, 184.09 W, 29, 120 MHz, 3996 MHz, 0 %, 0 %
2026/09/20 10:55:50.831, 0, 894.59 W, 63, 2032 MHz, 3996 MHz, 100 %, 45 %
2026/09/20 10:55:50.831, 1, 912.27 W, 64, 2032 MHz, 3996 MHz, 100 %, 53 %
2026/09/20 10:55:50.831, 2, 765.76 W, 52, 2032 MHz, 3996 MHz, 100 %, 36 %
2026/09/20 10:55:50.831, 3, 896.92 W, 52, 2032 MHz, 3996 MHz, 100 %, 44 %
2026/09/20 10:55:50.831, 4, 183.25 W, 33, 120 MHz, 3996 MHz, 0 %, 0 %
2026/09/20 10:55:50.831, 5, 179.47 W, 31, 120 MHz, 3996 MHz, 0 %, 0 %
2026/09/20 10:55:50.831, 6, 180.10 W, 29, 120 MHz, 3996 MHz, 0 %, 0 %
2026/09/20 10:55:50.831, 7, 184.09 W, 29, 120 MHz, 3996 MHz, 0 %, 0 %
2026/09/20 10:55:51.831, 0, 952.22 W, 66, 1912 MHz, 3996 MHz, 100 %, 34 %
2026/09/20 10:55:51.831, 1, 1074.32 W, 68, 1897 MHz, 3996 MHz, 100 %, 35 %
2026/09/20 10:55:51.831, 2, 938.45 W, 55, 2032 MHz, 3996 MHz, 100 %, 28 %
2026/09/20 10:55:51.831, 3, 946.42 W, 57, 1912 MHz, 3996 MHz, 100 %, 36 %
2026/09/20 10:55:51.831, 4, 183.25 W, 33, 120 MHz, 3996 MHz, 0 %, 0 %
2026/09/20 10:55:51.831, 5, 179.50 W, 31, 120 MHz, 3996 MHz, 0 %, 0 %
2026/09/20 10:55:51.831, 6, 180.12 W, 29, 120 MHz, 3996 MHz, 0 %, 0 %
2026/09/20 10:55:51.831, 7, 184.09 W, 29, 120 MHz, 3996 MHz, 0 %, 0 %
2026/09/20 10:55:52.831, 0, 719.24 W, 62, 2032 MHz, 3996 MHz, 100 %, 17 %
2026/09/20 10:55:52.831, 1, 730.09 W, 62, 2032 MHz, 3996 MHz, 100 %, 36 %
2026/09/20 10:55:52.832, 2, 906.97 W, 53, 2032 MHz, 3996 MHz, 100 %, 36 %
2026/09/20 10:55:52.832, 3, 1038.98 W, 54, 2032 MHz, 3996 MHz, 100 %, 37 %
2026/09/20 10:55:52.832, 4, 183.25 W, 33, 120 MHz, 3996 MHz, 0 %, 0 %
2026/09/20 10:55:52.832, 5, 179.46 W, 31, 120 MHz, 3996 MHz, 0 %, 0 %
2026/09/20 10:55:52.832, 6, 180.13 W, 29, 120 MHz, 3996 MHz, 0 %, 0 %
2026/09/20 10:55:52.832, 7, 184.09 W, 29, 120 MHz, 3996 MHz, 0 %, 0 %
2026/09/20 10:55:53.832, 0, 634.21 W, 58, 2032 MHz, 3996 MHz, 100 %, 19 %
2026/09/20 10:55:53.832, 1, 996.25 W, 62, 2032 MHz, 3996 MHz, 100 %, 43 %
2026/09/20 10:55:53.832, 2, 716.08 W, 54, 1942 MHz, 3996 MHz, 100 %, 34 %
2026/09/20 10:55:53.832, 3, 958.19 W, 55, 1935 MHz, 3996 MHz, 100 %, 27 %
2026/09/20 10:55:53.832, 4, 183.25 W, 33, 120 MHz, 3996 MHz, 0 %, 0 %
2026/09/20 10:55:53.832, 5, 179.47 W, 31, 120 MHz, 3996 MHz, 0 %, 0 %
2026/09/20 10:55:53.832, 6, 180.19 W, 29, 120 MHz, 3996 MHz, 0 %, 0 %
2026/09/20 10:55:53.832, 7, 184.09 W, 29, 120 MHz, 3996 MHz, 0 %, 0 %
2026/09/20 10:55:54.832, 0, 672.06 W, 64, 1897 MHz, 3996 MHz, 100 %, 44 %
2026/09/20 10:55:54.832, 1, 670.25 W, 65, 1860 MHz, 3996 MHz, 100 %, 35 %
2026/09/20 10:55:54.832, 2, 675.19 W, 46, 2032 MHz, 3996 MHz, 100 %, 15 %
2026/09/20 10:55:54.832, 3, 944.91 W, 50, 2032 MHz, 3996 MHz, 100 %, 29 %
2026/09/20 10:55:54.832, 4, 183.25 W, 33, 120 MHz, 3996 MHz, 0 %, 0 %
2026/09/20 10:55:54.832, 5, 179.50 W, 31, 120 MHz, 3996 MHz, 0 %, 0 %
2026/09/20 10:55:54.832, 6, 180.12 W, 29, 120 MHz, 3996 MHz, 0 %, 0 %
2026/09/20 10:55:54.832, 7, 184.09 W, 29, 120 MHz, 3996 MHz, 0 %, 0 %
2026/09/20 10:55:55.832, 0, 1042.10 W, 66, 2002 MHz, 3996 MHz, 100 %, 34 %
2026/09/20 10:55:55.832, 1, 783.90 W, 60, 2032 MHz, 3996 MHz, 100 %, 14 %
2026/09/20 10:55:55.832, 2, 596.67 W, 49, 2032 MHz, 3996 MHz, 100 %, 24 %
2026/09/20 10:55:55.832, 3, 882.66 W, 56, 1995 MHz, 3996 MHz, 100 %, 35 %
2026/09/20 10:55:55.832, 4, 183.25 W, 33, 120 MHz, 3996 MHz, 0 %, 0 %
2026/09/20 10:55:55.832, 5, 179.50 W, 31, 120 MHz, 3996 MHz, 0 %, 0 %
2026/09/20 10:55:55.832, 6, 180.14 W, 29, 120 MHz, 3996 MHz, 0 %, 0 %
2026/09/20 10:55:55.832, 7, 184.09 W, 29, 120 MHz, 3996 MHz, 0 %, 0 %
2026/09/20 10:55:56.832, 0, 1041.62 W, 63, 1875 MHz, 3996 MHz, 100 %, 34 %
2026/09/20 10:55:56.832, 1, 842.75 W, 66, 1860 MHz, 3996 MHz, 100 %, 34 %
2026/09/20 10:55:56.832, 2, 789.95 W, 51, 2032 MHz, 3996 MHz, 100 %, 14 %
2026/09/20 10:55:56.832, 3, 542.08 W, 48, 2032 MHz, 3996 MHz, 100 %, 17 %
2026/09/20 10:55:56.832, 4, 183.25 W, 33, 120 MHz, 3996 MHz, 0 %, 0 %
2026/09/20 10:55:56.832, 5, 179.50 W, 31, 120 MHz, 3996 MHz, 0 %, 0 %
2026/09/20 10:55:56.832, 6, 180.11 W, 29, 120 MHz, 3996 MHz, 0 %, 0 %
2026/09/20 10:55:56.833, 7, 184.09 W, 29, 120 MHz, 3996 MHz, 0 %, 0 %
2026/09/20 10:55:57.833, 0, 561.07 W, 61, 2032 MHz, 3996 MHz, 100 %, 13 %
2026/09/20 10:55:57.833, 1, 799.59 W, 62, 2032 MHz, 3996 MHz, 100 %, 33 %
2026/09/20 10:55:57.833, 2, 579.84 W, 49, 1942 MHz, 3996 MHz, 100 %, 46 %
2026/09/20 10:55:57.833, 3, 799.68 W, 52, 2032 MHz, 3996 MHz, 100 %, 37 %
2026/09/20 10:55:57.833, 4, 183.25 W, 33, 120 MHz, 3996 MHz, 0 %, 0 %
2026/09/20 10:55:57.833, 5, 179.50 W, 31, 120 MHz, 3996 MHz, 0 %, 0 %
2026/09/20 10:55:57.833, 6, 180.16 W, 29, 120 MHz, 3996 MHz, 0 %, 0 %
2026/09/20 10:55:57.833, 7, 184.09 W, 29, 120 MHz, 3996 MHz, 0 %, 0 %
2026/09/20 10:55:58.833, 0, 603.85 W, 63, 1747 MHz, 3996 MHz, 100 %, 11 %
2026/09/20 10:55:58.833, 1, 774.60 W, 61, 2032 MHz, 3996 MHz, 100 %, 42 %
2026/09/20 10:55:58.833, 2, 738.86 W, 46, 2032 MHz, 3996 MHz, 100 %, 11 %
2026/09/20 10:55:58.833, 3, 779.77 W, 48, 2032 MHz, 3996 MHz, 100 %, 19 %
2026/09/20 10:55:58.833, 4, 183.25 W, 33, 120 MHz, 3996 MHz, 0 %, 0 %
2026/09/20 10:55:58.833, 5, 179.47 W, 31, 120 MHz, 3996 MHz, 0 %, 0 %
2026/09/20 10:55:58.833, 6, 180.15 W, 29, 120 MHz, 3996 MHz, 0 %, 0 %
2026/09/20 10:55:58.833, 7, 184.09 W, 29, 120 MHz, 3996 MHz, 0 %, 0 %
2026/09/20 10:55:59.833, 0, 952.39 W, 61, 2032 MHz, 3996 MHz, 100 %, 12 %
2026/09/20 10:55:59.833, 1, 681.89 W, 61, 2032 MHz, 3996 MHz, 100 %, 13 %
2026/09/20 10:55:59.833, 2, 670.96 W, 49, 2032 MHz, 3996 MHz, 100 %, 13 %
2026/09/20 10:55:59.833, 3, 789.44 W, 55, 1785 MHz, 3996 MHz, 100 %, 36 %
2026/09/20 10:55:59.833, 4, 183.25 W, 33, 120 MHz, 3996 MHz, 0 %, 0 %
2026/09/20 10:55:59.833, 5, 179.46 W, 31, 120 MHz, 3996 MHz, 0 %, 0 %
2026/09/20 10:55:59.833, 6, 180.13 W, 29, 120 MHz, 3996 MHz, 0 %, 0 %
2026/09/20 10:55:59.833, 7, 184.09 W, 29, 120 MHz, 3996 MHz, 0 %, 0 %
2026/09/20 10:56:00.833, 0, 687.72 W, 62, 2032 MHz, 3996 MHz, 100 %, 13 %
2026/09/20 10:56:00.833, 1, 939.45 W, 64, 2032 MHz, 3996 MHz, 100 %, 13 %
2026/09/20 10:56:00.833, 2, 1039.41 W, 53, 2032 MHz, 3996 MHz, 100 %, 53 %
2026/09/20 10:56:00.833, 3, 692.52 W, 51, 2032 MHz, 3996 MHz, 100 %, 13 %
2026/09/20 10:56:00.833, 4, 183.25 W, 33, 120 MHz, 3996 MHz, 0 %, 0 %
2026/09/20 10:56:00.833, 5, 179.46 W, 31, 120 MHz, 3996 MHz, 0 %, 0 %
2026/09/20 10:56:00.833, 6, 180.13 W, 29, 120 MHz, 3996 MHz, 0 %, 0 %
2026/09/20 10:56:00.833, 7, 184.09 W, 29, 120 MHz, 3996 MHz, 0 %, 0 %
2026/09/20 10:56:01.833, 0, 817.40 W, 65, 1942 MHz, 3996 MHz, 100 %, 39 %
2026/09/20 10:56:01.833, 1, 1046.15 W, 68, 1912 MHz, 3996 MHz, 100 %, 35 %
2026/09/20 10:56:01.834, 2, 1069.50 W, 56, 1995 MHz, 3996 MHz, 100 %, 32 %
2026/09/20 10:56:01.834, 3, 1041.93 W, 56, 2002 MHz, 3996 MHz, 100 %, 35 %
2026/09/20 10:56:01.834, 4, 183.25 W, 33, 120 MHz, 3996 MHz, 0 %, 0 %
2026/09/20 10:56:01.834, 5, 179.50 W, 31, 120 MHz, 3996 MHz, 0 %, 0 %
2026/09/20 10:56:01.834, 6, 180.12 W, 29, 120 MHz, 3996 MHz, 0 %, 0 %
2026/09/20 10:56:01.834, 7, 184.09 W, 29, 120 MHz, 3996 MHz, 0 %, 0 %
2026/09/20 10:56:02.834, 0, 986.69 W, 60, 2032 MHz, 3996 MHz, 100 %, 32 %
2026/09/20 10:56:02.834, 1, 1006.49 W, 66, 2010 MHz, 3996 MHz, 100 %, 31 %
2026/09/20 10:56:02.834, 2, 706.46 W, 46, 2032 MHz, 3996 MHz, 100 %, 10 %
2026/09/20 10:56:02.834, 3, 1064.23 W, 57, 1785 MHz, 3996 MHz, 100 %, 35 %
2026/09/20 10:56:02.834, 4, 183.25 W, 33, 120 MHz, 3996 MHz, 0 %, 0 %
2026/09/20 10:56:02.834, 5, 179.46 W, 31, 120 MHz, 3996 MHz, 0 %, 0 %
2026/09/20 10:56:02.834, 6, 180.16 W, 29, 120 MHz, 3996 MHz, 0 %, 0 %
2026/09/20 10:56:02.834, 7, 184.09 W, 29, 120 MHz, 3996 MHz, 0 %, 0 %
2026/09/20 10:56:03.834, 0, 758.45 W, 66, 1755 MHz, 3996 MHz, 100 %, 54 %
2026/09/20 10:56:03.834, 1, 770.51 W, 61, 2032 MHz, 3996 MHz, 100 %, 34 %
2026/09/20 10:56:03.834, 2, 626.55 W, 46, 2032 MHz, 3996 MHz, 100 %, 11 %
2026/09/20 10:56:03.834, 3, 828.96 W, 48, 2032 MHz, 3996 MHz, 100 %, 48 %
2026/09/20 10:56:03.834, 4, 183.25 W, 33, 120 MHz, 3996 MHz, 0 %, 0 %
2026/09/20 10:56:03.834, 5, 179.47 W, 31, 120 MHz, 3996 MHz, 0 %, 0 %
2026/09/20 10:56:03.834, 6, 180.14 W, 29, 120 MHz, 3996 MHz, 0 %, 0 %
2026/09/20 10:56:03.834, 7, 184.09 W, 29, 120 MHz, 3996 MHz, 0 %, 0 %
2026/09/20 10:56:04.834, 0, 620.65 W, 55, 2032 MHz, 3996 MHz, 100 %, 10 %
2026/09/20 10:56:04.834, 1, 730.99 W, 59, 2032 MHz, 3996 MHz, 100 %, 11 %
2026/09/20 10:56:04.834, 2, 465.29 W, 44, 2032 MHz, 3996 MHz, 100 %, 10 %
2026/09/20 10:56:04.834, 3, 942.78 W, 57, 1807 MHz, 3996 MHz, 100 %, 32 %
2026/09/20 10:56:04.834, 4, 183.25 W, 33, 120 MHz, 3996 MHz, 0 %, 0 %
2026/09/20 10:56:04.834, 5, 179.47 W, 31, 120 MHz, 3996 MHz, 0 %, 0 %
2026/09/20 10:56:04.834, 6, 180.13 W, 29, 120 MHz, 3996 MHz, 0 %, 0 %
2026/09/20 10:56:04.834, 7, 184.09 W, 29, 120 MHz, 3996 MHz, 0 %, 0 %
2026/09/20 10:56:05.834, 0, 696.14 W, 65, 1807 MHz, 3996 MHz, 100 %, 13 %
2026/09/20 10:56:05.834, 1, 613.60 W, 60, 2032 MHz, 3996 MHz, 100 %, 29 %
2026/09/20 10:56:05.834, 2, 951.57 W, 48, 2032 MHz, 3996 MHz, 100 %, 11 %
2026/09/20 10:56:05.834, 3, 639.82 W, 48, 2032 MHz, 3996 MHz, 100 %, 15 %
2026/09/20 10:56:05.834, 4, 183.25 W, 33, 120 MHz, 3996 MHz, 0 %, 0 %
2026/09/20 10:56:05.834, 5, 179.47 W, 31, 120 MHz, 3996 MHz, 0 %, 0 %
2026/09/20 10:56:05.834, 6, 180.14 W, 29, 120 MHz, 3996 MHz, 0 %, 0 %
2026/09/20 10:56:05.834, 7, 184.09 W, 29, 120 MHz, 3996 MHz, 0 %, 0 %
2026/09/20 10:56:06.835, 0, 737.78 W, 58, 2032 MHz, 3996 MHz, 100 %, 18 %
2026/09/20 10:56:06.835, 1, 870.90 W, 66, 1875 MHz, 3996 MHz, 100 %, 35 %
2026/09/20 10:56:06.835, 2, 911.33 W, 55, 1845 MHz, 3996 MHz, 100 %, 34 %
2026/09/20 10:56:06.835, 3, 831.77 W, 50, 2025 MHz, 3996 MHz, 100 %, 34 %
2026/09/20 10:56:06.835, 4, 183.25 W, 33, 120 MHz, 3996 MHz, 0 %, 0 %
2026/09/20 10:56:06.835, 5, 179.50 W, 31, 120 MHz, 3996 MHz, 0 %, 0 %
2026/09/20 10:56:06.835, 6, 180.21 W, 29, 120 MHz, 3996 MHz, 0 %, 0 %
2026/09/20 10:56:06.835, 7, 184.09 W, 29, 120 MHz, 3996 MHz, 0 %, 0 %
2026/09/20 10:56:07.835, 0, 654.99 W, 64, 1740 MHz, 3996 MHz, 100 %, 28 %
2026/09/20 10:56:07.835, 1, 801.03 W, 61, 2032 MHz, 3996 MHz, 100 %, 36 %
2026/09/20 10:56:07.835, 2, 992.09 W, 51, 2032 MHz, 3996 MHz, 100 %, 13 %
2026/09/20 10:56:07.835, 3, 808.11 W, 52, 2032 MHz, 3996 MHz, 100 %, 43 %
2026/09/20 10:56:07.835, 4, 183.25 W, 33, 120 MHz, 3996 MHz, 0 %, 0 %
2026/09/20 10:56:07.835, 5, 179.47 W, 31, 120 MHz, 3996 MHz, 0 %, 0 %
2026/09/20 10:56:07.835, 6, 180.10 W, 29, 120 MHz, 3996 MHz, 0 %, 0 %
2026/09/20 10:56:07.835, 7, 184.09 W, 29, 120 MHz, 3996 MHz, 0 %, 0 %
2026/09/20 10:56:08.835, 0, 727.99 W, 59, 2032 MHz, 3996 MHz, 100 %, 17 %
2026/09/20 10:56:08.835, 1, 946.59 W, 63, 2032 MHz, 3996 MHz, 100 %, 22 %
2026/09/20 10:56:08.835, 2, 1018.13 W, 56, 1695 MHz, 3996 MHz, 100 %, 34 %
2026/09/20 10:56:08.835, 3, 941.06 W, 52, 2032 MHz, 3996 MHz, 100 %, 26 %
2026/09/20 10:56:08.835, 4, 183.25 W, 33, 120 MHz, 3996 MHz, 0 %, 0 %
2026/09/20 10:56:08.835, 5, 179.47 W, 31, 120 MHz, 3996 MHz, 0 %, 0 %
2026/09/20 10:56:08.835, 6, 180.14 W, 29, 120 MHz, 3996 MHz, 0 %, 0 %
2026/09/20 10:56:08.835, 7, 184.09 W, 29, 120 MHz, 3996 MHz, 0 %, 0 %
2026/09/20 10:56:09.835, 0, 663.87 W, 56, 2032 MHz, 3996 MHz, 100 %, 11 %
2026/09/20 10:56:09.835, 1, 796.73 W, 59, 2032 MHz, 3996 MHz, 100 %, 10 %
2026/09/20 10:56:09.835, 2, 953.25 W, 57, 1710 MHz, 3996 MHz, 100 %, 34 %
2026/09/20 10:56:09.835, 3, 653.97 W, 46, 2032 MHz, 3996 MHz, 100 %, 11 %
2026/09/20 10:56:09.835, 4, 183.25 W, 33, 120 MHz, 3996 MHz, 0 %, 0 %
2026/09/20 10:56:09.835, 5, 179.47 W, 31, 120 MHz, 3996 MHz, 0 %, 0 %
2026/09/20 10:56:09.835, 6, 180.15 W, 29, 120 MHz, 3996 MHz, 0 %, 0 %
2026/09/20 10:56:09.835, 7, 184.09 W, 29, 120 MHz, 3996 MHz, 0 %, 0 %
2026/09/20 10:56:10.835, 0, 649.77 W, 58, 2032 MHz, 3996 MHz, 100 %, 27 %
2026/09/20 10:56:10.835, 1, 668.88 W, 61, 2032 MHz, 3996 MHz, 100 %, 45 %
2026/09/20 10:56:10.835, 2, 741.00 W, 50, 2032 MHz, 3996 MHz, 100 %, 19 %
2026/09/20 10:56:10.835, 3, 899.08 W, 50, 2032 MHz, 3996 MHz, 100 %, 45 %
2026/09/20 10:56:10.835, 4, 183.25 W, 33, 120 MHz, 3996 MHz, 0 %, 0 %
2026/09/20 10:56:10.835, 5, 179.47 W, 31, 120 MHz, 3996 MHz, 0 %, 0 %
2026/09/20 10:56:10.835, 6, 180.12 W, 29, 120 MHz, 3996 MHz, 0 %, 0 %
2026/09/20 10:56:10.835, 7, 184.09 W, 29, 120 MHz, 3996 MHz, 0 %, 0 %
2026/09/20 10:56:11.836, 0, 546.17 W, 58, 2032 MHz, 3996 MHz, 100 %, 13 %
2026/09/20 10:56:11.836, 1, 1011.47 W, 64, 2032 MHz, 3996 MHz, 100 %, 16 %
2026/09/20 10:56:11.836, 2, 543.81 W, 48, 2032 MHz, 3996 MHz, 100 %, 12 %
2026/09/20 10:56:11.836, 3, 863.01 W, 57, 1717 MHz, 3996 MHz, 100 %, 35 %
2026/09/20 10:56:11.836, 4, 183.25 W, 33, 120 MHz, 3996 MHz, 0 %, 0 %
2026/09/20 10:56:11.836, 5, 179.46 W, 31, 120 MHz, 3996 MHz, 0 %, 0 %
2026/09/20 10:56:11.836, 6, 180.11 W, 29, 120 MHz, 3996 MHz, 0 %, 0 %
2026/09/20 10:56:11.836, 7, 184.09 W, 29, 120 MHz, 3996 MHz, 0 %, 0 %
2026/09/20 10:56:12.836, 0, 822.25 W, 56, 2032 MHz, 3996 MHz, 100 %, 10 %
2026/09/20 10:56:12.836, 1, 585.98 W, 57, 2032 MHz, 3996 MHz, 100 %, 10 %
2026/09/20 10:56:12.836, 2, 1041.04 W, 56, 1695 MHz, 3996 MHz, 100 %, 33 %
2026/09/20 10:56:12.836, 3, 611.57 W, 46, 2032 MHz, 3996 MHz, 100 %, 10 %
2026/09/20 10:56:12.836, 4, 183.25 W, 33, 120 MHz, 3996 MHz, 0 %, 0 %
2026/09/20 10:56:12.836, 5, 179.46 W, 31, 120 MHz, 3996 MHz, 0 %, 0 %
2026/09/20 10:56:12.836, 6, 180.13 W, 29, 120 MHz, 3996 MHz, 0 %, 0 %
2026/09/20 10:56:12.836, 7, 184.09 W, 29, 120 MHz, 3996 MHz, 0 %, 0 %
2026/09/20 10:56:13.836, 0, 584.89 W, 56, 2032 MHz, 3996 MHz, 99 %, 14 %
2026/09/20 10:56:13.836, 1, 716.05 W, 65, 1935 MHz, 3996 MHz, 100 %, 33 %
2026/09/20 10:56:13.836, 2, 1051.68 W, 56, 1740 MHz, 3996 MHz, 100 %, 34 %
2026/09/20 10:56:13.836, 3, 566.87 W, 46, 2032 MHz, 3996 MHz, 99 %, 14 %
2026/09/20 10:56:13.836, 4, 183.25 W, 33, 120 MHz, 3996 MHz, 0 %, 0 %
2026/09/20 10:56:13.836, 5, 179.47 W, 31, 120 MHz, 3996 MHz, 0 %, 0 %
2026/09/20 10:56:13.836, 6, 180.11 W, 29, 120 MHz, 3996 MHz, 0 %, 0 %
2026/09/20 10:56:13.836, 7, 184.09 W, 29, 120 MHz, 3996 MHz, 0 %, 0 %
2026/09/20 10:56:14.836, 0, 703.99 W, 64, 1867 MHz, 3996 MHz, 100 %, 37 %
2026/09/20 10:56:14.836, 1, 936.93 W, 60, 2032 MHz, 3996 MHz, 100 %, 15 %
2026/09/20 10:56:14.836, 2, 787.84 W, 54, 2025 MHz, 3996 MHz, 100 %, 31 %
2026/09/20 10:56:14.836, 3, 818.12 W, 48, 2032 MHz, 3996 MHz, 100 %, 14 %
2026/09/20 10:56:14.836, 4, 183.25 W, 33, 120 MHz, 3996 MHz, 0 %, 0 %
2026/09/20 10:56:14.836, 5, 179.50 W, 31, 120 MHz, 3996 MHz, 0 %, 0 %
2026/09/20 10:56:14.837, 6, 180.11 W, 29, 120 MHz, 3996 MHz, 0 %, 0 %
2026/09/20 10:56:14.837, 7, 184.09 W, 29, 120 MHz, 3996 MHz, 0 %, 0 %
2026/09/20 10:56:15.837, 0, 827.73 W, 57, 2032 MHz, 3996 MHz, 100 %, 14 %
2026/09/20 10:56:15.837, 1, 850.40 W, 67, 1732 MHz, 3996 MHz, 100 %, 34 %
2026/09/20 10:56:15.837, 2, 682.73 W, 49, 2032 MHz, 3996 MHz, 100 %, 21 %
2026/09/20 10:56:15.837, 3, 826.31 W, 55, 1987 MHz, 3996 MHz, 100 %, 32 %
2026/09/20 10:56:15.837, 4, 183.25 W, 33, 120 MHz, 3996 MHz, 0 %, 0 %
2026/09/20 10:56:15.837, 5, 179.46 W, 31, 120 MHz, 3996 MHz, 0 %, 0 %
2026/09/20 10:56:15.837, 6, 180.09 W, 29, 120 MHz, 3996 MHz, 0 %, 0 %
2026/09/20 10:56:15.837, 7, 184.09 W, 29, 120 MHz, 3996 MHz, 0 %, 0 %
2026/09/20 10:56:16.837, 0, 893.81 W, 59, 2032 MHz, 3996 MHz, 100 %, 13 %
2026/09/20 10:56:16.837, 1, 669.66 W, 62, 2032 MHz, 3996 MHz, 100 %, 12 %
2026/09/20 10:56:16.837, 2, 735.96 W, 47, 2032 MHz, 3996 MHz, 100 %, 11 %
2026/09/20 10:56:16.837, 3, 692.01 W, 50, 1987 MHz, 3996 MHz, 100 %, 12 %
2026/09/20 10:56:16.837, 4, 183.25 W, 33, 120 MHz, 3996 MHz, 0 %, 0 %
2026/09/20 10:56:16.837, 5, 179.46 W, 31, 120 MHz, 3996 MHz, 0 %, 0 %
2026/09/20 10:56:16.837, 6, 180.16 W, 29, 120 MHz, 3996 MHz, 0 %, 0 %
2026/09/20 10:56:16.837, 7, 184.09 W, 29, 120 MHz, 3996 MHz, 0 %, 0 %
2026/09/20 10:56:17.837, 0, 880.10 W, 65, 1867 MHz, 3996 MHz, 100 %, 33 %
2026/09/20 10:56:17.837, 1, 803.67 W, 61, 2032 MHz, 3996 MHz, 100 %, 43 %
2026/09/20 10:56:17.837, 2, 636.96 W, 53, 1942 MHz, 3996 MHz, 100 %, 33 %
2026/09/20 10:56:17.837, 3, 771.71 W, 47, 2032 MHz, 3996 MHz, 100 %, 22 %
2026/09/20 10:56:17.837, 4, 183.25 W, 33, 120 MHz, 3996 MHz, 0 %, 0 %
2026/09/20 10:56:17.837, 5, 179.46 W, 31, 120 MHz, 3996 MHz, 0 %, 0 %
2026/09/20 10:56:17.837, 6, 180.12 W, 29, 120 MHz, 3996 MHz, 0 %, 0 %
2026/09/20 10:56:17.837, 7, 184.09 W, 29, 120 MHz, 3996 MHz, 0 %, 0 %
2026/09/20 10:56:18.837, 0, 1021.19 W, 63, 2025 MHz, 3996 MHz, 100 %, 33 %
2026/09/20 10:56:18.837, 1, 856.34 W, 64, 2025 MHz, 3996 MHz, 100 %, 32 %
2026/09/20 10:56:18.837, 2, 804.01 W, 54, 1905 MHz, 3996 MHz, 99 %, 41 %
2026/09/20 10:56:18.837, 3, 855.32 W, 50, 1995 MHz, 3996 MHz, 100 %, 35 %
2026/09/20 10:56:18.837, 4, 183.25 W, 33, 120 MHz, 3996 MHz, 0 %, 0 %
2026/09/20 10:56:18.838, 5, 179.46 W, 31, 120 MHz, 3996 MHz, 0 %, 0 %
2026/09/20 10:56:18.838, 6, 180.13 W, 29, 120 MHz, 3996 MHz, 0 %, 0 %
2026/09/20 10:56:18.838, 7, 184.09 W, 29, 120 MHz, 3996 MHz, 0 %, 0 %
2026/09/20 10:56:19.838, 0, 826.35 W, 63, 2032 MHz, 3996 MHz, 100 %, 51 %
2026/09/20 10:56:19.838, 1, 715.85 W, 62, 1972 MHz, 3996 MHz, 100 %, 52 %
2026/09/20 10:56:19.838, 2, 927.36 W, 55, 2032 MHz, 3996 MHz, 100 %, 39 %
2026/09/20 10:56:19.838, 3, 696.78 W, 54, 2032 MHz, 3996 MHz, 100 %, 53 %
2026/09/20 10:56:19.838, 4, 183.25 W, 33, 120 MHz, 3996 MHz, 0 %, 0 %
2026/09/20 10:56:19.838, 5, 179.47 W, 31, 120 MHz, 3996 MHz, 0 %, 0 %
2026/09/20 10:56:19.838, 6, 180.13 W, 29, 120 MHz, 3996 MHz, 0 %, 0 %
2026/09/20 10:56:19.838, 7, 184.09 W, 29, 120 MHz, 3996 MHz, 0 %, 0 %
2026/09/20 10:56:20.838, 0, 574.59 W, 57, 2032 MHz, 3996 MHz, 100 %, 15 %
2026/09/20 10:56:20.838, 1, 1068.92 W, 67, 1822 MHz, 3996 MHz, 100 %, 34 %
2026/09/20 10:56:20.838, 2, 1029.70 W, 50, 2032 MHz, 3996 MHz, 100 %, 40 %
2026/09/20 10:56:20.838, 3, 804.87 W, 49, 2032 MHz, 3996 MHz, 100 %, 13 %
2026/09/20 10:56:20.838, 4, 183.25 W, 33, 120 MHz, 3996 MHz, 0 %, 0 %
2026/09/20 10:56:20.838, 5, 179.46 W, 31, 120 MHz, 3996 MHz, 0 %, 0 %
2026/09/20 10:56:20.838, 6, 180.15 W, 29, 120 MHz, 3996 MHz, 0 %, 0 %
2026/09/20 10:56:20.838, 7, 184.09 W, 29, 120 MHz, 3996 MHz, 0 %, 0 %
2026/09/20 10:56:21.838, 0, 1070.80 W, 65, 1920 MHz, 3996 MHz, 100 %, 33 %
2026/09/20 10:56:21.838, 1, 570.32 W, 63, 1927 MHz, 3996 MHz, 100 %, 18 %
2026/09/20 10:56:21.838, 2, 579.13 W, 53, 1987 MHz, 3996 MHz, 100 %, 34 %
2026/09/20 10:56:21.838, 3, 489.89 W, 45, 2032 MHz, 3996 MHz, 100 %, 11 %
2026/09/20 10:56:21.838, 4, 183.25 W, 33, 120 MHz, 3996 MHz, 0 %, 0 %
2026/09/20 10:56:21.838, 5, 179.47 W, 31, 120 MHz, 3996 MHz, 0 %, 0 %
2026/09/20 10:56:21.838, 6, 180.15 W, 29, 120 MHz, 3996 MHz, 0 %, 0 %
2026/09/20 10:56:21.838, 7, 184.09 W, 29, 120 MHz, 3996 MHz, 0 %, 0 %
2026/09/20 10:56:22.838, 0, 953.10 W, 65, 1867 MHz, 3996 MHz, 100 %, 35 %
2026/09/20 10:56:22.839, 1, 972.66 W, 61, 2032 MHz, 3996 MHz, 100 %, 24 %
2026/09/20 10:56:22.839, 2, 799.43 W, 46, 2032 MHz, 3996 MHz, 100 %, 15 %
2026/09/20 10:56:22.839, 3, 744.25 W, 53, 1995 MHz, 3996 MHz, 100 %, 41 %
2026/09/20 10:56:22.839, 4, 183.25 W, 33, 120 MHz, 3996 MHz, 0 %, 0 %
2026/09/20 10:56:22.839, 5, 179.50 W, 31, 120 MHz, 3996 MHz, 0 %, 0 %
2026/09/20 10:56:22.839, 6, 180.15 W, 29, 120 MHz, 3996 MHz, 0 %, 0 %
2026/09/20 10:56:22.839, 7, 184.09 W, 29, 120 MHz, 3996 MHz, 0 %, 0 %
2026/09/20 10:56:23.839, 0, 843.12 W, 57, 2032 MHz, 3996 MHz, 100 %, 10 %
2026/09/20 10:56:23.839, 1, 589.70 W, 57, 2032 MHz, 3996 MHz, 100 %, 10 %
2026/09/20 10:56:23.839, 2, 836.39 W, 52, 1695 MHz, 3996 MHz, 100 %, 34 %
2026/09/20 10:56:23.839, 3, 725.21 W, 45, 2032 MHz, 3996 MHz, 100 %, 10 %
2026/09/20 10:56:23.839, 4, 183.25 W, 33, 120 MHz, 3996 MHz, 0 %, 0 %
2026/09/20 10:56:23.839, 5, 179.47 W, 31, 120 MHz, 3996 MHz, 0 %, 0 %
2026/09/20 10:56:23.839, 6, 180.15 W, 29, 120 MHz, 3996 MHz, 0 %, 0 %
2026/09/20 10:56:23.839, 7, 184.09 W, 29, 120 MHz, 3996 MHz, 0 %, 0 %
2026/09/20 10:56:24.839, 0, 814.81 W, 57, 2032 MHz, 3996 MHz, 100 %, 15 %
2026/09/20 10:56:24.839, 1, 808.43 W, 65, 1807 MHz, 3996 MHz, 100 %, 33 %
2026/09/20 10:56:24.839, 2, 814.41 W, 52, 1942 MHz, 3996 MHz, 100 %, 32 %
2026/09/20 10:56:24.839, 3, 553.66 W, 45, 2032 MHz, 3996 MHz, 100 %, 15 %
2026/09/20 10:56:24.839, 4, 183.25 W, 33, 120 MHz, 3996 MHz, 0 %, 0 %
2026/09/20 10:56:24.839, 5, 179.47 W, 31, 120 MHz, 3996 MHz, 0 %, 0 %
2026/09/20 10:56:24.839, 6, 180.14 W, 29, 120 MHz, 3996 MHz, 0 %, 0 %
2026/09/20 10:56:24.839, 7, 184.05 W, 29, 120 MHz, 3996 MHz, 0 %, 0 %
2026/09/20 10:56:25.839, 0, 1040.29 W, 66, 1717 MHz, 3996 MHz, 100 %, 36 %
2026/09/20 10:56:25.839, 1, 810.92 W, 65, 1927 MHz, 3996 MHz, 100 %, 32 %
2026/09/20 10:56:25.839, 2, 570.87 W, 45, 2032 MHz, 3996 MHz, 100 %, 14 %
2026/09/20 10:56:25.839, 3, 586.02 W, 45, 2032 MHz, 3996 MHz, 100 %, 16 %
2026/09/20 10:56:25.839, 4, 183.25 W, 33, 120 MHz, 3996 MHz, 0 %, 0 %
2026/09/20 10:56:25.839, 5, 179.47 W, 31, 120 MHz, 3996 MHz, 0 %, 0 %
2026/09/20 10:56:25.840, 6, 180.18 W, 29, 120 MHz, 3996 MHz, 0 %, 0 %
2026/09/20 10:56:25.840, 7, 184.09 W, 29, 120 MHz, 3996 MHz, 0 %, 0 %
2026/09/20 10:56:26.840, 0, 799.39 W, 57, 2032 MHz, 3996 MHz, 100 %, 14 %
2026/09/20 10:56:26.840, 1, 832.40 W, 66, 1957 MHz, 3996 MHz, 100 %, 31 %
2026/09/20 10:56:26.840, 2, 781.51 W, 47, 2032 MHz, 3996 MHz, 100 %, 14 %
2026/09/20 10:56:26.840, 3, 775.21 W, 54, 1732 MHz, 3996 MHz, 100 %, 36 %
2026/09/20 10:56:26.840, 4, 183.25 W, 33, 120 MHz, 3996 MHz, 0 %, 0 %
2026/09/20 10:56:26.840, 5, 179.47 W, 31, 120 MHz, 3996 MHz, 0 %, 0 %
2026/09/20 10:56:26.840, 6, 180.13 W, 29, 120 MHz, 3996 MHz, 0 %, 0 %
2026/09/20 10:56:26.840, 7, 184.09 W, 29, 120 MHz, 3996 MHz, 0 %, 0 %
2026/09/20 10:56:27.840, 0, 647.31 W, 55, 2032 MHz, 3996 MHz, 100 %, 11 %
2026/09/20 10:56:27.840, 1, 665.73 W, 57, 2032 MHz, 3996 MHz, 100 %, 11 %
2026/09/20 10:56:27.840, 2, 946.09 W, 55, 1680 MHz, 3996 MHz, 100 %, 32 %
2026/09/20 10:56:27.840, 3, 773.45 W, 45, 2032 MHz, 3996 MHz, 100 %, 10 %
2026/09/20 10:56:27.840, 4, 183.25 W, 33, 120 MHz, 3996 MHz, 0 %, 0 %
2026/09/20 10:56:27.840, 5, 179.47 W, 31, 120 MHz, 3996 MHz, 0 %, 0 %
2026/09/20 10:56:27.840, 6, 180.11 W, 29, 120 MHz, 3996 MHz, 0 %, 0 %
2026/09/20 10:56:27.840, 7, 184.09 W, 29, 120 MHz, 3996 MHz, 0 %, 0 %
2026/09/20 10:56:28.840, 0, 472.25 W, 55, 2032 MHz, 3996 MHz, 100 %, 10 %
2026/09/20 10:56:28.840, 1, 722.54 W, 58, 2032 MHz, 3996 MHz, 100 %, 17 %
2026/09/20 10:56:28.840, 2, 641.61 W, 45, 2032 MHz, 3996 MHz, 100 %, 11 %
2026/09/20 10:56:28.840, 3, 605.67 W, 52, 1860 MHz, 3996 MHz, 100 %, 43 %
2026/09/20 10:56:28.840, 4, 183.25 W, 33, 120 MHz, 3996 MHz, 0 %, 0 %
2026/09/20 10:56:28.840, 5, 179.47 W, 31, 120 MHz, 3996 MHz, 0 %, 0 %
2026/09/20 10:56:28.840, 6, 180.12 W, 29, 120 MHz, 3996 MHz, 0 %, 0 %
2026/09/20 10:56:28.840, 7, 184.09 W, 29, 120 MHz, 3996 MHz, 0 %, 0 %
2026/09/20 10:56:29.840, 0, 621.27 W, 56, 2032 MHz, 3996 MHz, 100 %, 14 %
2026/09/20 10:56:29.841, 1, 848.91 W, 66, 1815 MHz, 3996 MHz, 100 %, 32 %
2026/09/20 10:56:29.841, 2, 600.87 W, 46, 2032 MHz, 3996 MHz, 100 %, 15 %
2026/09/20 10:56:29.841, 3, 1067.84 W, 55, 1815 MHz, 3996 MHz, 100 %, 35 %
2026/09/20 10:56:29.841, 4, 183.25 W, 33, 120 MHz, 3996 MHz, 0 %, 0 %
2026/09/20 10:56:29.841, 5, 179.46 W, 31, 120 MHz, 3996 MHz, 0 %, 0 %
2026/09/20 10:56:29.841, 6, 180.14 W, 29, 120 MHz, 3996 MHz, 0 %, 0 %
2026/09/20 10:56:29.841, 7, 184.09 W, 29, 120 MHz, 3996 MHz, 0 %, 0 %
2026/09/20 10:56:30.841, 0, 915.57 W, 65, 1822 MHz, 3996 MHz, 100 %, 35 %
2026/09/20 10:56:30.841, 1, 826.59 W, 62, 2032 MHz, 3996 MHz, 100 %, 12 %
2026/09/20 10:56:30.841, 2, 917.69 W, 49, 2032 MHz, 3996 MHz, 100 %, 28 %
2026/09/20 10:56:30.841, 3, 803.73 W, 51, 2032 MHz, 3996 MHz, 100 %, 13 %
2026/09/20 10:56:30.841, 4, 183.25 W, 33, 120 MHz, 3996 MHz, 0 %, 0 %
2026/09/20 10:56:30.841, 5, 179.50 W, 31, 120 MHz, 3996 MHz, 0 %, 0 %
2026/09/20 10:56:30.841, 6, 180.13 W, 29, 120 MHz, 3996 MHz, 0 %, 0 %
2026/09/20 10:56:30.841, 7, 184.09 W, 29, 120 MHz, 3996 MHz, 0 %, 0 %
2026/09/20 10:56:31.841, 0, 577.56 W, 55, 2032 MHz, 3996 MHz, 100 %, 12 %
2026/09/20 10:56:31.841, 1, 583.47 W, 57, 2032 MHz, 3996 MHz, 100 %, 11 %
2026/09/20 10:56:31.841, 2, 725.52 W, 54, 1815 MHz, 3996 MHz, 100 %, 33 %
2026/09/20 10:56:31.841, 3, 943.20 W, 47, 2032 MHz, 3996 MHz, 100 %, 20 %
2026/09/20 10:56:31.841, 4, 183.25 W, 33, 120 MHz, 3996 MHz, 0 %, 0 %
2026/09/20 10:56:31.841, 5, 179.47 W, 31, 120 MHz, 3996 MHz, 0 %, 0 %
2026/09/20 10:56:31.841, 6, 180.14 W, 29, 120 MHz, 3996 MHz, 0 %, 0 %
2026/09/20 10:56:31.841, 7, 184.09 W, 29, 120 MHz, 3996 MHz, 0 %, 0 %
2026/09/20 10:56:32.841, 0, 953.28 W, 65, 1882 MHz, 3996 MHz, 100 %, 35 %
2026/09/20 10:56:32.841, 1, 708.09 W, 64, 1927 MHz, 3996 MHz, 100 %, 35 %
2026/09/20 10:56:32.841, 2, 827.82 W, 54, 1942 MHz, 3996 MHz, 100 %, 34 %
2026/09/20 10:56:32.841, 3, 819.40 W, 48, 2032 MHz, 3996 MHz, 100 %, 18 %
2026/09/20 10:56:32.841, 4, 183.25 W, 33, 120 MHz, 3996 MHz, 0 %, 0 %
2026/09/20 10:56:32.841, 5, 179.46 W, 31, 120 MHz, 3996 MHz, 0 %, 0 %
2026/09/20 10:56:32.841, 6, 180.13 W, 29, 120 MHz, 3996 MHz, 0 %, 0 %
2026/09/20 10:56:32.841, 7, 184.09 W, 29, 120 MHz, 3996 MHz, 0 %, 0 %
2026/09/20 10:56:33.842, 0, 946.33 W, 59, 2032 MHz, 3996 MHz, 100 %, 53 %
2026/09/20 10:56:33.842, 1, 846.07 W, 60, 2032 MHz, 3996 MHz, 100 %, 36 %
2026/09/20 10:56:33.842, 2, 932.81 W, 55, 1927 MHz, 3996 MHz, 100 %, 35 %
2026/09/20 10:56:33.842, 3, 791.26 W, 54, 1950 MHz, 3996 MHz, 100 %, 49 %
2026/09/20 10:56:33.842, 4, 183.25 W, 33, 120 MHz, 3996 MHz, 0 %, 0 %
2026/09/20 10:56:33.842, 5, 179.47 W, 31, 120 MHz, 3996 MHz, 0 %, 0 %
2026/09/20 10:56:33.842, 6, 180.16 W, 28, 120 MHz, 3996 MHz, 0 %, 0 %
2026/09/20 10:56:33.842, 7, 184.09 W, 29, 120 MHz, 3996 MHz, 0 %, 0 %
2026/09/20 10:56:34.842, 0, 952.71 W, 65, 1672 MHz, 3996 MHz, 100 %, 35 %
2026/09/20 10:56:34.842, 1, 618.39 W, 59, 2032 MHz, 3996 MHz, 100 %, 12 %
2026/09/20 10:56:34.842, 2, 704.64 W, 48, 2032 MHz, 3996 MHz, 100 %, 13 %
2026/09/20 10:56:34.842, 3, 986.59 W, 51, 2032 MHz, 3996 MHz, 100 %, 15 %
2026/09/20 10:56:34.842, 4, 183.25 W, 33, 120 MHz, 3996 MHz, 0 %, 0 %
2026/09/20 10:56:34.842, 5, 179.47 W, 31, 120 MHz, 3996 MHz, 0 %, 0 %
2026/09/20 10:56:34.842, 6, 180.12 W, 28, 120 MHz, 3996 MHz, 0 %, 0 %
2026/09/20 10:56:34.842, 7, 184.09 W, 29, 120 MHz, 3996 MHz, 0 %, 0 %
2026/09/20 10:56:35.842, 0, 850.07 W, 65, 1755 MHz, 3996 MHz, 100 %, 34 %
2026/09/20 10:56:35.842, 1, 806.98 W, 64, 1927 MHz, 3996 MHz, 100 %, 31 %
2026/09/20 10:56:35.842, 2, 781.25 W, 48, 2032 MHz, 3996 MHz, 100 %, 16 %
2026/09/20 10:56:35.842, 3, 545.28 W, 45, 2032 MHz, 3996 MHz, 100 %, 15 %
2026/09/20 10:56:35.842, 4, 183.25 W, 33, 120 MHz, 3996 MHz, 0 %, 0 %
2026/09/20 10:56:35.842, 5, 179.46 W, 31, 120 MHz, 3996 MHz, 0 %, 0 %
2026/09/20 10:56:35.842, 6, 180.15 W, 28, 120 MHz, 3996 MHz, 0 %, 0 %
2026/09/20 10:56:35.842, 7, 184.09 W, 29, 120 MHz, 3996 MHz, 0 %, 0 %
2026/09/20 10:56:36.842, 0, 587.45 W, 56, 2032 MHz, 3996 MHz, 100 %, 14 %
2026/09/20 10:56:36.842, 1, 1044.30 W, 65, 1957 MHz, 3996 MHz, 100 %, 32 %
2026/09/20 10:56:36.842, 2, 807.53 W, 54, 1875 MHz, 3996 MHz, 100 %, 34 %
2026/09/20 10:56:36.843, 3, 579.59 W, 45, 2032 MHz, 3996 MHz, 100 %, 14 %
2026/09/20 10:56:36.843, 4, 183.25 W, 33, 120 MHz, 3996 MHz, 0 %, 0 %
2026/09/20 10:56:36.843, 5, 179.47 W, 31, 120 MHz, 3996 MHz, 0 %, 0 %
2026/09/20 10:56:36.843, 6, 180.13 W, 28, 120 MHz, 3996 MHz, 0 %, 0 %
2026/09/20 10:56:36.843, 7, 184.05 W, 29, 120 MHz, 3996 MHz, 0 %, 0 %
2026/09/20 10:56:37.843, 0, 858.25 W, 57, 2032 MHz, 3996 MHz, 100 %, 10 %
2026/09/20 10:56:37.843, 1, 920.91 W, 59, 2032 MHz, 3996 MHz, 100 %, 21 %
2026/09/20 10:56:37.843, 2, 629.93 W, 44, 2032 MHz, 3996 MHz, 100 %, 10 %
2026/09/20 10:56:37.843, 3, 764.36 W, 54, 1740 MHz, 3996 MHz, 100 %, 45 %
2026/09/20 10:56:37.843, 4, 183.25 W, 33, 120 MHz, 3996 MHz, 0 %, 0 %
2026/09/20 10:56:37.843, 5, 179.47 W, 31, 120 MHz, 3996 MHz, 0 %, 0 %
2026/09/20 10:56:37.843, 6, 180.13 W, 28, 120 MHz, 3996 MHz, 0 %, 0 %
2026/09/20 10:56:37.843, 7, 184.09 W, 29, 120 MHz, 3996 MHz, 0 %, 0 %
2026/09/20 10:56:38.843, 0, 709.89 W, 64, 1732 MHz, 3996 MHz, 100 %, 35 %
2026/09/20 10:56:38.843, 1, 606.14 W, 59, 2032 MHz, 3996 MHz, 100 %, 13 %
2026/09/20 10:56:38.843, 2, 874.43 W, 50, 2032 MHz, 3996 MHz, 100 %, 13 %
2026/09/20 10:56:38.843, 3, 962.10 W, 50, 2032 MHz, 3996 MHz, 100 %, 13 %
2026/09/20 10:56:38.843, 4, 183.25 W, 33, 120 MHz, 3996 MHz, 0 %, 0 %
2026/09/20 10:56:38.843, 5, 179.46 W, 31, 120 MHz, 3996 MHz, 0 %, 0 %
2026/09/20 10:56:38.843, 6, 180.15 W, 28, 120 MHz, 3996 MHz, 0 %, 0 %
2026/09/20 10:56:38.843, 7, 184.09 W, 29, 120 MHz, 3996 MHz, 0 %, 0 %
2026/09/20 10:56:39.843, 0, 688.68 W, 60, 2032 MHz, 3996 MHz, 100 %, 13 %
2026/09/20 10:56:39.843, 1, 1042.26 W, 66, 1905 MHz, 3996 MHz, 100 %, 34 %
2026/09/20 10:56:39.843, 2, 932.25 W, 51, 2032 MHz, 3996 MHz, 100 %, 52 %
2026/09/20 10:56:39.843, 3, 665.80 W, 49, 2032 MHz, 3996 MHz, 100 %, 13 %
2026/09/20 10:56:39.843, 4, 183.25 W, 33, 120 MHz, 3996 MHz, 0 %, 0 %
2026/09/20 10:56:39.843, 5, 179.46 W, 31, 120 MHz, 3996 MHz, 0 %, 0 %
2026/09/20 10:56:39.843, 6, 180.14 W, 28, 120 MHz, 3996 MHz, 0 %, 0 %
2026/09/20 10:56:39.843, 7, 184.09 W, 29, 120 MHz, 3996 MHz, 0 %, 0 %
2026/09/20 10:56:40.844, 0, 597.17 W, 54, 2032 MHz, 3996 MHz, 100 %, 14 %
2026/09/20 10:56:40.844, 1, 610.51 W, 56, 2032 MHz, 3996 MHz, 100 %, 15 %
2026/09/20 10:56:40.844, 2, 1072.97 W, 55, 1807 MHz, 3996 MHz, 100 %, 34 %
2026/09/20 10:56:40.844, 3, 1054.63 W, 56, 1942 MHz, 3996 MHz, 100 %, 31 %
2026/09/20 10:56:40.844, 4, 183.25 W, 33, 120 MHz, 3996 MHz, 0 %, 0 %
2026/09/20 10:56:40.844, 5, 179.46 W, 31, 120 MHz, 3996 MHz, 0 %, 0 %
2026/09/20 10:56:40.844, 6, 180.12 W, 28, 120 MHz, 3996 MHz, 0 %, 0 %
2026/09/20 10:56:40.844, 7, 184.09 W, 29, 120 MHz, 3996 MHz, 0 %, 0 %
2026/09/20 10:56:41.844, 0, 647.44 W, 58, 2032 MHz, 3996 MHz, 100 %, 34 %
2026/09/20 10:56:41.844, 1, 987.03 W, 63, 2032 MHz, 3996 MHz, 100 %, 35 %
2026/09/20 10:56:41.844, 2, 638.28 W, 48, 2032 MHz, 3996 MHz, 100 %, 13 %
2026/09/20 10:56:41.844, 3, 708.21 W, 54, 1942 MHz, 3996 MHz, 100 %, 13 %
2026/09/20 10:56:41.844, 4, 183.25 W, 33, 120 MHz, 3996 MHz, 0 %, 0 %
2026/09/20 10:56:41.844, 5, 179.46 W, 31, 120 MHz, 3996 MHz, 0 %, 0 %
2026/09/20 10:56:41.844, 6, 180.13 W, 28, 120 MHz, 3996 MHz, 0 %, 0 %
2026/09/20 10:56:41.844, 7, 184.09 W, 29, 120 MHz, 3996 MHz, 0 %, 0 %
2026/09/20 10:56:42.844, 0, 891.05 W, 57, 2032 MHz, 3996 MHz, 100 %, 20 %
2026/09/20 10:56:42.844, 1, 649.32 W, 56, 2032 MHz, 3996 MHz, 100 %, 18 %
2026/09/20 10:56:42.844, 2, 861.79 W, 46, 2032 MHz, 3996 MHz, 100 %, 11 %
2026/09/20 10:56:42.844, 3, 1066.71 W, 56, 1785 MHz, 3996 MHz, 100 %, 35 %
2026/09/20 10:56:42.844, 4, 183.25 W, 33, 120 MHz, 3996 MHz, 0 %, 0 %
2026/09/20 10:56:42.844, 5, 179.46 W, 31, 120 MHz, 3996 MHz, 0 %, 0 %
2026/09/20 10:56:42.844, 6, 180.15 W, 28, 120 MHz, 3996 MHz, 0 %, 0 %
2026/09/20 10:56:42.844, 7, 184.09 W, 29, 120 MHz, 3996 MHz, 0 %, 0 %
2026/09/20 10:56:43.844, 0, 531.29 W, 53, 2032 MHz, 3996 MHz, 100 %, 11 %
2026/09/20 10:56:43.844, 1, 786.96 W, 59, 2032 MHz, 3996 MHz, 100 %, 18 %
2026/09/20 10:56:43.844, 2, 682.53 W, 53, 1770 MHz, 3996 MHz, 100 %, 34 %
2026/09/20 10:56:43.844, 3, 675.68 W, 45, 2032 MHz, 3996 MHz, 100 %, 10 %
2026/09/20 10:56:43.845, 4, 183.25 W, 33, 120 MHz, 3996 MHz, 0 %, 0 %
2026/09/20 10:56:43.845, 5, 179.47 W, 31, 120 MHz, 3996 MHz, 0 %, 0 %
2026/09/20 10:56:43.845, 6, 180.15 W, 28, 120 MHz, 3996 MHz, 0 %, 0 %
2026/09/20 10:56:43.845, 7, 184.09 W, 29, 120 MHz, 3996 MHz, 0 %, 0 %
2026/09/20 10:56:44.845, 0, 604.77 W, 57, 2032 MHz, 3996 MHz, 100 %, 12 %
2026/09/20 10:56:44.845, 1, 848.13 W, 61, 2032 MHz, 3996 MHz, 100 %, 12 %
2026/09/20 10:56:44.845, 2, 695.86 W, 48, 2032 MHz, 3996 MHz, 100 %, 12 %
2026/09/20 10:56:44.845, 3, 932.30 W, 55, 1785 MHz, 3996 MHz, 100 %, 34 %
2026/09/20 10:56:44.845, 4, 183.25 W, 33, 120 MHz, 3996 MHz, 0 %, 0 %
2026/09/20 10:56:44.845, 5, 179.47 W, 31, 120 MHz, 3996 MHz, 0 %, 0 %
2026/09/20 10:56:44.845, 6, 180.14 W, 28, 120 MHz, 3996 MHz, 0 %, 0 %
2026/09/20 10:56:44.845, 7, 184.09 W, 29, 120 MHz, 3996 MHz, 0 %, 0 %
2026/09/20 10:56:45.845, 0, 1050.48 W, 64, 1905 MHz, 3996 MHz, 100 %, 36 %
2026/09/20 10:56:45.845, 1, 785.32 W, 64, 1942 MHz, 3996 MHz, 100 %, 35 %
2026/09/20 10:56:45.845, 2, 781.27 W, 54, 1972 MHz, 3996 MHz, 100 %, 33 %
2026/09/20 10:56:45.845, 3, 802.16 W, 54, 1905 MHz, 3996 MHz, 100 %, 35 %
2026/09/20 10:56:45.845, 4, 183.25 W, 33, 120 MHz, 3996 MHz, 0 %, 0 %
2026/09/20 10:56:45.845, 5, 179.47 W, 31, 120 MHz, 3996 MHz, 0 %, 0 %
2026/09/20 10:56:45.845, 6, 180.12 W, 28, 120 MHz, 3996 MHz, 0 %, 0 %
2026/09/20 10:56:45.845, 7, 184.05 W, 29, 120 MHz, 3996 MHz, 0 %, 0 %
2026/09/20 10:56:46.845, 0, 951.86 W, 60, 2032 MHz, 3996 MHz, 100 %, 13 %
2026/09/20 10:56:46.845, 1, 706.10 W, 60, 2032 MHz, 3996 MHz, 100 %, 13 %
2026/09/20 10:56:46.845, 2, 818.51 W, 51, 2010 MHz, 3996 MHz, 100 %, 44 %
2026/09/20 10:56:46.845, 3, 695.90 W, 49, 2032 MHz, 3996 MHz, 100 %, 12 %
2026/09/20 10:56:46.845, 4, 183.25 W, 33, 120 MHz, 3996 MHz, 0 %, 0 %
2026/09/20 10:56:46.845, 5, 179.47 W, 31, 120 MHz, 3996 MHz, 0 %, 0 %
2026/09/20 10:56:46.845, 6, 180.13 W, 28, 120 MHz, 3996 MHz, 0 %, 0 %
2026/09/20 10:56:46.845, 7, 184.09 W, 29, 120 MHz, 3996 MHz, 0 %, 0 %
2026/09/20 10:56:47.845, 0, 952.72 W, 61, 2032 MHz, 3996 MHz, 100 %, 13 %
2026/09/20 10:56:47.845, 1, 703.52 W, 60, 2032 MHz, 3996 MHz, 100 %, 13 %
2026/09/20 10:56:47.845, 2, 787.19 W, 48, 2032 MHz, 3996 MHz, 100 %, 35 %
2026/09/20 10:56:47.845, 3, 934.07 W, 52, 2032 MHz, 3996 MHz, 100 %, 13 %
2026/09/20 10:56:47.845, 4, 183.25 W, 33, 120 MHz, 3996 MHz, 0 %, 0 %
2026/09/20 10:56:47.845, 5, 179.46 W, 31, 120 MHz, 3996 MHz, 0 %, 0 %
2026/09/20 10:56:47.845, 6, 180.15 W, 28, 120 MHz, 3996 MHz, 0 %, 0 %
2026/09/20 10:56:47.846, 7, 184.09 W, 29, 120 MHz, 3996 MHz, 0 %, 0 %
2026/09/20 10:56:48.846, 0, 806.74 W, 58, 2032 MHz, 3996 MHz, 100 %, 15 %
2026/09/20 10:56:48.846, 1, 837.22 W, 64, 1950 MHz, 3996 MHz, 100 %, 34 %
2026/09/20 10:56:48.846, 2, 853.43 W, 52, 2032 MHz, 3996 MHz, 100 %, 47 %
2026/09/20 10:56:48.846, 3, 801.73 W, 49, 2032 MHz, 3996 MHz, 100 %, 15 %
2026/09/20 10:56:48.846, 4, 183.25 W, 33, 120 MHz, 3996 MHz, 0 %, 0 %
2026/09/20 10:56:48.846, 5, 179.46 W, 31, 120 MHz, 3996 MHz, 0 %, 0 %
2026/09/20 10:56:48.846, 6, 180.13 W, 28, 120 MHz, 3996 MHz, 0 %, 0 %
2026/09/20 10:56:48.846, 7, 184.09 W, 29, 120 MHz, 3996 MHz, 0 %, 0 %
2026/09/20 10:56:49.846, 0, 589.72 W, 55, 2032 MHz, 3996 MHz, 100 %, 15 %
2026/09/20 10:56:49.846, 1, 829.95 W, 58, 2032 MHz, 3996 MHz, 100 %, 14 %
2026/09/20 10:56:49.846, 2, 831.47 W, 52, 2010 MHz, 3996 MHz, 100 %, 36 %
2026/09/20 10:56:49.846, 3, 1063.66 W, 56, 1875 MHz, 3996 MHz, 100 %, 34 %
2026/09/20 10:56:49.846, 4, 183.25 W, 33, 120 MHz, 3996 MHz, 0 %, 0 %
2026/09/20 10:56:49.846, 5, 179.47 W, 31, 120 MHz, 3996 MHz, 0 %, 0 %
2026/09/20 10:56:49.846, 6, 180.16 W, 28, 120 MHz, 3996 MHz, 0 %, 0 %
2026/09/20 10:56:49.846, 7, 184.09 W, 29, 120 MHz, 3996 MHz, 0 %, 0 %
2026/09/20 10:56:50.846, 0, 924.40 W, 60, 2032 MHz, 3996 MHz, 100 %, 28 %
2026/09/20 10:56:50.846, 1, 1062.65 W, 63, 1882 MHz, 3996 MHz, 100 %, 34 %
2026/09/20 10:56:50.846, 2, 645.46 W, 48, 2032 MHz, 3996 MHz, 100 %, 17 %
2026/09/20 10:56:50.846, 3, 666.09 W, 49, 2032 MHz, 3996 MHz, 100 %, 12 %
2026/09/20 10:56:50.846, 4, 183.25 W, 33, 120 MHz, 3996 MHz, 0 %, 0 %
2026/09/20 10:56:50.846, 5, 179.46 W, 31, 120 MHz, 3996 MHz, 0 %, 0 %
2026/09/20 10:56:50.846, 6, 180.16 W, 28, 120 MHz, 3996 MHz, 0 %, 0 %
2026/09/20 10:56:50.846, 7, 184.09 W, 29, 120 MHz, 3996 MHz, 0 %, 0 %
2026/09/20 10:56:51.846, 0, 961.26 W, 62, 2032 MHz, 3996 MHz, 100 %, 39 %
2026/09/20 10:56:51.847, 1, 782.30 W, 60, 2032 MHz, 3996 MHz, 100 %, 18 %
2026/09/20 10:56:51.847, 2, 967.36 W, 52, 2032 MHz, 3996 MHz, 99 %, 53 %
2026/09/20 10:56:51.847, 3, 952.29 W, 53, 2032 MHz, 3996 MHz, 100 %, 33 %
2026/09/20 10:56:51.847, 4, 183.25 W, 33, 120 MHz, 3996 MHz, 0 %, 0 %
2026/09/20 10:56:51.847, 5, 179.47 W, 31, 120 MHz, 3996 MHz, 0 %, 0 %
2026/09/20 10:56:51.847, 6, 180.16 W, 28, 120 MHz, 3996 MHz, 0 %, 0 %
2026/09/20 10:56:51.847, 7, 184.09 W, 29, 120 MHz, 3996 MHz, 0 %, 0 %
2026/09/20 10:56:52.847, 0, 822.72 W, 56, 2032 MHz, 3996 MHz, 100 %, 10 %
2026/09/20 10:56:52.847, 1, 840.69 W, 57, 2032 MHz, 3996 MHz, 100 %, 10 %
2026/09/20 10:56:52.847, 2, 815.13 W, 51, 1987 MHz, 3996 MHz, 100 %, 14 %
2026/09/20 10:56:52.847, 3, 819.27 W, 55, 1815 MHz, 3996 MHz, 100 %, 33 %
2026/09/20 10:56:52.847, 4, 183.25 W, 33, 120 MHz, 3996 MHz, 0 %, 0 %
2026/09/20 10:56:52.847, 5, 179.46 W, 31, 120 MHz, 3996 MHz, 0 %, 0 %
2026/09/20 10:56:52.847, 6, 180.14 W, 28, 120 MHz, 3996 MHz, 0 %, 0 %
2026/09/20 10:56:52.847, 7, 184.09 W, 29, 120 MHz, 3996 MHz, 0 %, 0 %
2026/09/20 10:56:53.847, 0, 973.71 W, 65, 1672 MHz, 3996 MHz, 100 %, 33 %
2026/09/20 10:56:53.847, 1, 916.59 W, 63, 2032 MHz, 3996 MHz, 100 %, 32 %
2026/09/20 10:56:53.847, 2, 753.47 W, 47, 2032 MHz, 3996 MHz, 100 %, 12 %
2026/09/20 10:56:53.847, 3, 655.57 W, 48, 2032 MHz, 3996 MHz, 100 %, 15 %
2026/09/20 10:56:53.847, 4, 183.25 W, 33, 120 MHz, 3996 MHz, 0 %, 0 %
2026/09/20 10:56:53.847, 5, 179.47 W, 31, 120 MHz, 3996 MHz, 0 %, 0 %
2026/09/20 10:56:53.847, 6, 180.14 W, 28, 120 MHz, 3996 MHz, 0 %, 0 %
2026/09/20 10:56:53.847, 7, 184.09 W, 29, 120 MHz, 3996 MHz, 0 %, 0 %
2026/09/20 10:56:54.847, 0, 1034.70 W, 63, 2032 MHz, 3996 MHz, 100 %, 43 %
2026/09/20 10:56:54.847, 1, 719.95 W, 60, 2032 MHz, 3996 MHz, 100 %, 14 %
2026/09/20 10:56:54.847, 2, 714.52 W, 49, 2032 MHz, 3996 MHz, 99 %, 53 %
2026/09/20 10:56:54.847, 3, 938.67 W, 52, 2032 MHz, 3996 MHz, 100 %, 32 %
2026/09/20 10:56:54.847, 4, 183.21 W, 33, 120 MHz, 3996 MHz, 0 %, 0 %
2026/09/20 10:56:54.847, 5, 179.47 W, 31, 120 MHz, 3996 MHz, 0 %, 0 %
2026/09/20 10:56:54.847, 6, 180.14 W, 28, 120 MHz, 3996 MHz, 0 %, 0 %
2026/09/20 10:56:54.848, 7, 184.09 W, 29, 120 MHz, 3996 MHz, 0 %, 0 %
2026/09/20 10:56:55.848, 0, 1062.48 W, 65, 1897 MHz, 3996 MHz, 100 %, 32 %
2026/09/20 10:56:55.848, 1, 859.28 W, 58, 2032 MHz, 3996 MHz, 100 %, 15 %
2026/09/20 10:56:55.848, 2, 820.86 W, 46, 2032 MHz, 3996 MHz, 100 %, 15 %
2026/09/20 10:56:55.848, 3, 814.77 W, 55, 1905 MHz, 3996 MHz, 100 %, 34 %
2026/09/20 10:56:55.848, 4, 183.25 W, 33, 120 MHz, 3996 MHz, 0 %, 0 %
2026/09/20 10:56:55.848, 5, 179.47 W, 31, 120 MHz, 3996 MHz, 0 %, 0 %
2026/09/20 10:56:55.848, 6, 180.17 W, 28, 120 MHz, 3996 MHz, 0 %, 0 %
2026/09/20 10:56:55.848, 7, 184.09 W, 29, 120 MHz, 3996 MHz, 0 %, 0 %
2026/09/20 10:56:56.848, 0, 802.00 W, 64, 1770 MHz, 3996 MHz, 100 %, 35 %
2026/09/20 10:56:56.848, 1, 855.23 W, 57, 2032 MHz, 3996 MHz, 100 %, 15 %
2026/09/20 10:56:56.848, 2, 767.58 W, 54, 1957 MHz, 3996 MHz, 100 %, 32 %
2026/09/20 10:56:56.848, 3, 628.99 W, 46, 2032 MHz, 3996 MHz, 100 %, 15 %
2026/09/20 10:56:56.848, 4, 183.25 W, 33, 120 MHz, 3996 MHz, 0 %, 0 %
2026/09/20 10:56:56.848, 5, 179.46 W, 31, 120 MHz, 3996 MHz, 0 %, 0 %
2026/09/20 10:56:56.848, 6, 180.13 W, 28, 120 MHz, 3996 MHz, 0 %, 0 %
2026/09/20 10:56:56.848, 7, 184.09 W, 29, 120 MHz, 3996 MHz, 0 %, 0 %
2026/09/20 10:56:57.848, 0, 933.68 W, 60, 2032 MHz, 3996 MHz, 100 %, 13 %
2026/09/20 10:56:57.848, 1, 853.58 W, 66, 1687 MHz, 3996 MHz, 100 %, 34 %
2026/09/20 10:56:57.848, 2, 806.36 W, 50, 2032 MHz, 3996 MHz, 100 %, 12 %
2026/09/20 10:56:57.848, 3, 713.92 W, 49, 2032 MHz, 3996 MHz, 100 %, 13 %
2026/09/20 10:56:57.848, 4, 183.25 W, 33, 120 MHz, 3996 MHz, 0 %, 0 %
2026/09/20 10:56:57.848, 5, 179.47 W, 31, 120 MHz, 3996 MHz, 0 %, 0 %
2026/09/20 10:56:57.848, 6, 180.12 W, 28, 120 MHz, 3996 MHz, 0 %, 0 %
2026/09/20 10:56:57.848, 7, 184.05 W, 29, 120 MHz, 3996 MHz, 0 %, 0 %
2026/09/20 10:56:58.848, 0, 751.95 W, 61, 2032 MHz, 3996 MHz, 100 %, 53 %
2026/09/20 10:56:58.849, 1, 769.44 W, 62, 2032 MHz, 3996 MHz, 100 %, 53 %
2026/09/20 10:56:58.849, 2, 988.14 W, 52, 2032 MHz, 3996 MHz, 99 %, 53 %
2026/09/20 10:56:58.849, 3, 995.21 W, 52, 2032 MHz, 3996 MHz, 100 %, 53 %
2026/09/20 10:56:58.849, 4, 183.25 W, 33, 120 MHz, 3996 MHz, 0 %, 0 %
2026/09/20 10:56:58.849, 5, 179.46 W, 31, 120 MHz, 3996 MHz, 0 %, 0 %
2026/09/20 10:56:58.849, 6, 180.13 W, 28, 120 MHz, 3996 MHz, 0 %, 0 %
2026/09/20 10:56:58.849, 7, 184.05 W, 29, 120 MHz, 3996 MHz, 0 %, 0 %
2026/09/20 10:56:59.849, 0, 728.56 W, 55, 2032 MHz, 3996 MHz, 100 %, 11 %
2026/09/20 10:56:59.849, 1, 746.26 W, 58, 2032 MHz, 3996 MHz, 100 %, 28 %
2026/09/20 10:56:59.849, 2, 595.92 W, 53, 1770 MHz, 3996 MHz, 100 %, 34 %
2026/09/20 10:56:59.849, 3, 474.69 W, 43, 2032 MHz, 3996 MHz, 100 %, 11 %
2026/09/20 10:56:59.849, 4, 183.25 W, 33, 120 MHz, 3996 MHz, 0 %, 0 %
2026/09/20 10:56:59.849, 5, 179.47 W, 31, 120 MHz, 3996 MHz, 0 %, 0 %
2026/09/20 10:56:59.849, 6, 180.14 W, 28, 120 MHz, 3996 MHz, 0 %, 0 %
2026/09/20 10:56:59.849, 7, 184.09 W, 29, 120 MHz, 3996 MHz, 0 %, 0 %
2026/09/20 10:57:00.849, 0, 900.17 W, 62, 2032 MHz, 3996 MHz, 100 %, 54 %
2026/09/20 10:57:00.849, 1, 770.21 W, 62, 2032 MHz, 3996 MHz, 100 %, 54 %
2026/09/20 10:57:00.849, 2, 874.12 W, 50, 2032 MHz, 3996 MHz, 100 %, 53 %
2026/09/20 10:57:00.849, 3, 741.41 W, 50, 2032 MHz, 3996 MHz, 100 %, 53 %
2026/09/20 10:57:00.849, 4, 183.25 W, 33, 120 MHz, 3996 MHz, 0 %, 0 %
2026/09/20 10:57:00.849, 5, 179.47 W, 31, 120 MHz, 3996 MHz, 0 %, 0 %
2026/09/20 10:57:00.849, 6, 180.13 W, 28, 120 MHz, 3996 MHz, 0 %, 0 %
2026/09/20 10:57:00.849, 7, 184.05 W, 29, 120 MHz, 3996 MHz, 0 %, 0 %
2026/09/20 10:57:01.849, 0, 843.28 W, 56, 2032 MHz, 3996 MHz, 100 %, 10 %
2026/09/20 10:57:01.849, 1, 947.46 W, 66, 1687 MHz, 3996 MHz, 100 %, 33 %
2026/09/20 10:57:01.849, 2, 695.75 W, 44, 2032 MHz, 3996 MHz, 100 %, 10 %
2026/09/20 10:57:01.849, 3, 727.95 W, 45, 2032 MHz, 3996 MHz, 100 %, 11 %
2026/09/20 10:57:01.849, 4, 183.25 W, 33, 120 MHz, 3996 MHz, 0 %, 0 %
2026/09/20 10:57:01.849, 5, 179.47 W, 31, 120 MHz, 3996 MHz, 0 %, 0 %
2026/09/20 10:57:01.849, 6, 180.11 W, 28, 120 MHz, 3996 MHz, 0 %, 0 %
2026/09/20 10:57:01.849, 7, 184.09 W, 29, 120 MHz, 3996 MHz, 0 %, 0 %
2026/09/20 10:57:02.850, 0, 514.72 W, 54, 2032 MHz, 3996 MHz, 100 %, 10 %
2026/09/20 10:57:02.850, 1, 588.90 W, 56, 2032 MHz, 3996 MHz, 100 %, 11 %
2026/09/20 10:57:02.850, 2, 780.33 W, 48, 2032 MHz, 3996 MHz, 100 %, 19 %
2026/09/20 10:57:02.850, 3, 740.47 W, 54, 1740 MHz, 3996 MHz, 100 %, 33 %
2026/09/20 10:57:02.850, 4, 183.25 W, 33, 120 MHz, 3996 MHz, 0 %, 0 %
2026/09/20 10:57:02.850, 5, 179.46 W, 31, 120 MHz, 3996 MHz, 0 %, 0 %
2026/09/20 10:57:02.850, 6, 180.12 W, 28, 120 MHz, 3996 MHz, 0 %, 0 %
2026/09/20 10:57:02.850, 7, 184.09 W, 29, 120 MHz, 3996 MHz, 0 %, 0 %
2026/09/20 10:57:03.850, 0, 958.68 W, 60, 2032 MHz, 3996 MHz, 100 %, 13 %
2026/09/20 10:57:03.850, 1, 818.42 W, 65, 1672 MHz, 3996 MHz, 100 %, 36 %
2026/09/20 10:57:03.850, 2, 710.42 W, 48, 2032 MHz, 3996 MHz, 100 %, 12 %
2026/09/20 10:57:03.850, 3, 935.61 W, 50, 2032 MHz, 3996 MHz, 100 %, 18 %
2026/09/20 10:57:03.850, 4, 183.25 W, 33, 120 MHz, 3996 MHz, 0 %, 0 %
2026/09/20 10:57:03.850, 5, 179.47 W, 31, 120 MHz, 3996 MHz, 0 %, 0 %
2026/09/20 10:57:03.850, 6, 180.15 W, 28, 120 MHz, 3996 MHz, 0 %, 0 %
2026/09/20 10:57:03.850, 7, 184.09 W, 29, 120 MHz, 3996 MHz, 0 %, 0 %
2026/09/20 10:57:04.850, 0, 684.16 W, 60, 2032 MHz, 3996 MHz, 100 %, 28 %
2026/09/20 10:57:04.850, 1, 714.29 W, 61, 2032 MHz, 3996 MHz, 100 %, 13 %
2026/09/20 10:57:04.850, 2, 924.72 W, 50, 2032 MHz, 3996 MHz, 99 %, 53 %
2026/09/20 10:57:04.850, 3, 779.50 W, 52, 2032 MHz, 3996 MHz, 100 %, 35 %
2026/09/20 10:57:04.850, 4, 183.25 W, 33, 120 MHz, 3996 MHz, 0 %, 0 %
2026/09/20 10:57:04.850, 5, 179.47 W, 31, 120 MHz, 3996 MHz, 0 %, 0 %
2026/09/20 10:57:04.850, 6, 180.13 W, 28, 120 MHz, 3996 MHz, 0 %, 0 %
2026/09/20 10:57:04.850, 7, 184.09 W, 29, 120 MHz, 3996 MHz, 0 %, 0 %
2026/09/20 10:57:05.850, 0, 966.66 W, 62, 2032 MHz, 3996 MHz, 100 %, 53 %
2026/09/20 10:57:05.850, 1, 967.77 W, 62, 2032 MHz, 3996 MHz, 100 %, 53 %
2026/09/20 10:57:05.850, 2, 941.50 W, 51, 2032 MHz, 3996 MHz, 100 %, 53 %
2026/09/20 10:57:05.850, 3, 940.42 W, 52, 2032 MHz, 3996 MHz, 100 %, 54 %
2026/09/20 10:57:05.850, 4, 183.25 W, 33, 120 MHz, 3996 MHz, 0 %, 0 %
2026/09/20 10:57:05.851, 5, 179.47 W, 31, 120 MHz, 3996 MHz, 0 %, 0 %
2026/09/20 10:57:05.851, 6, 180.15 W, 28, 120 MHz, 3996 MHz, 0 %, 0 %
2026/09/20 10:57:05.851, 7, 184.09 W, 29, 120 MHz, 3996 MHz, 0 %, 0 %
2026/09/20 10:57:06.851, 0, 1021.66 W, 63, 2032 MHz, 3996 MHz, 100 %, 53 %
2026/09/20 10:57:06.851, 1, 764.31 W, 61, 2032 MHz, 3996 MHz, 100 %, 35 %
2026/09/20 10:57:06.851, 2, 742.91 W, 50, 2032 MHz, 3996 MHz, 100 %, 54 %
2026/09/20 10:57:06.851, 3, 1008.06 W, 52, 2032 MHz, 3996 MHz, 100 %, 39 %
2026/09/20 10:57:06.851, 4, 183.25 W, 33, 120 MHz, 3996 MHz, 0 %, 0 %
2026/09/20 10:57:06.851, 5, 179.46 W, 31, 120 MHz, 3996 MHz, 0 %, 0 %
2026/09/20 10:57:06.851, 6, 180.14 W, 28, 120 MHz, 3996 MHz, 0 %, 0 %
2026/09/20 10:57:06.851, 7, 184.09 W, 29, 120 MHz, 3996 MHz, 0 %, 0 %
2026/09/20 10:57:07.851, 0, 970.20 W, 62, 2032 MHz, 3996 MHz, 100 %, 54 %
2026/09/20 10:57:07.851, 1, 968.57 W, 63, 2032 MHz, 3996 MHz, 100 %, 54 %
2026/09/20 10:57:07.851, 2, 940.38 W, 51, 2032 MHz, 3996 MHz, 100 %, 54 %
2026/09/20 10:57:07.851, 3, 942.71 W, 52, 2032 MHz, 3996 MHz, 100 %, 53 %
2026/09/20 10:57:07.851, 4, 183.25 W, 33, 120 MHz, 3996 MHz, 0 %, 0 %
2026/09/20 10:57:07.851, 5, 179.47 W, 31, 120 MHz, 3996 MHz, 0 %, 0 %
2026/09/20 10:57:07.851, 6, 180.11 W, 28, 120 MHz, 3996 MHz, 0 %, 0 %
2026/09/20 10:57:07.851, 7, 184.09 W, 29, 120 MHz, 3996 MHz, 0 %, 0 %
2026/09/20 10:57:08.851, 0, 899.78 W, 61, 2032 MHz, 3996 MHz, 100 %, 13 %
2026/09/20 10:57:08.851, 1, 896.93 W, 62, 2032 MHz, 3996 MHz, 100 %, 13 %
2026/09/20 10:57:08.851, 2, 994.22 W, 52, 2032 MHz, 3996 MHz, 99 %, 52 %
2026/09/20 10:57:08.851, 3, 878.27 W, 51, 2032 MHz, 3996 MHz, 100 %, 12 %
2026/09/20 10:57:08.851, 4, 183.25 W, 33, 120 MHz, 3996 MHz, 0 %, 0 %
2026/09/20 10:57:08.851, 5, 179.47 W, 31, 120 MHz, 3996 MHz, 0 %, 0 %
2026/09/20 10:57:08.851, 6, 180.17 W, 28, 120 MHz, 3996 MHz, 0 %, 0 %
2026/09/20 10:57:08.851, 7, 184.09 W, 29, 120 MHz, 3996 MHz, 0 %, 0 %
2026/09/20 10:57:09.851, 0, 924.24 W, 59, 2032 MHz, 3996 MHz, 100 %, 54 %
2026/09/20 10:57:09.852, 1, 979.56 W, 65, 1980 MHz, 3996 MHz, 100 %, 54 %
2026/09/20 10:57:09.852, 2, 881.54 W, 48, 2032 MHz, 3996 MHz, 100 %, 17 %
2026/09/20 10:57:09.852, 3, 957.92 W, 56, 1965 MHz, 3996 MHz, 100 %, 53 %
2026/09/20 10:57:09.852, 4, 183.25 W, 33, 120 MHz, 3996 MHz, 0 %, 0 %
2026/09/20 10:57:09.852, 5, 179.46 W, 31, 120 MHz, 3996 MHz, 0 %, 0 %
2026/09/20 10:57:09.852, 6, 180.14 W, 28, 120 MHz, 3996 MHz, 0 %, 0 %
2026/09/20 10:57:09.852, 7, 184.09 W, 29, 120 MHz, 3996 MHz, 0 %, 0 %
2026/09/20 10:57:10.852, 0, 788.92 W, 61, 2032 MHz, 3996 MHz, 100 %, 53 %
2026/09/20 10:57:10.852, 1, 1003.10 W, 63, 2032 MHz, 3996 MHz, 100 %, 53 %
2026/09/20 10:57:10.852, 2, 782.23 W, 51, 2032 MHz, 3996 MHz, 100 %, 54 %
2026/09/20 10:57:10.852, 3, 998.20 W, 53, 2032 MHz, 3996 MHz, 100 %, 53 %
2026/09/20 10:57:10.852, 4, 183.25 W, 33, 120 MHz, 3996 MHz, 0 %, 0 %
2026/09/20 10:57:10.852, 5, 179.47 W, 31, 120 MHz, 3996 MHz, 0 %, 0 %
2026/09/20 10:57:10.852, 6, 180.15 W, 28, 120 MHz, 3996 MHz, 0 %, 0 %
2026/09/20 10:57:10.852, 7, 184.09 W, 29, 120 MHz, 3996 MHz, 0 %, 0 %
2026/09/20 10:57:11.852, 0, 963.91 W, 62, 2032 MHz, 3996 MHz, 100 %, 53 %
2026/09/20 10:57:11.852, 1, 969.27 W, 63, 2032 MHz, 3996 MHz, 100 %, 53 %
2026/09/20 10:57:11.852, 2, 914.94 W, 48, 2032 MHz, 3996 MHz, 100 %, 54 %
2026/09/20 10:57:11.852, 3, 942.97 W, 52, 2032 MHz, 3996 MHz, 100 %, 53 %
2026/09/20 10:57:11.852, 4, 183.25 W, 33, 120 MHz, 3996 MHz, 0 %, 0 %
2026/09/20 10:57:11.852, 5, 179.47 W, 31, 120 MHz, 3996 MHz, 0 %, 0 %
2026/09/20 10:57:11.852, 6, 180.13 W, 28, 120 MHz, 3996 MHz, 0 %, 0 %
2026/09/20 10:57:11.852, 7, 184.09 W, 29, 120 MHz, 3996 MHz, 0 %, 0 %
2026/09/20 10:57:12.852, 0, 566.01 W, 55, 2032 MHz, 3996 MHz, 100 %, 10 %
2026/09/20 10:57:12.852, 1, 826.67 W, 56, 2032 MHz, 3996 MHz, 100 %, 10 %
2026/09/20 10:57:12.852, 2, 821.56 W, 53, 1830 MHz, 3996 MHz, 100 %, 32 %
2026/09/20 10:57:12.852, 3, 558.75 W, 45, 2032 MHz, 3996 MHz, 100 %, 10 %
2026/09/20 10:57:12.852, 4, 183.21 W, 33, 120 MHz, 3996 MHz, 0 %, 0 %
2026/09/20 10:57:12.852, 5, 179.47 W, 31, 120 MHz, 3996 MHz, 0 %, 0 %
2026/09/20 10:57:12.853, 6, 180.13 W, 28, 120 MHz, 3996 MHz, 0 %, 0 %
2026/09/20 10:57:12.853, 7, 184.09 W, 29, 120 MHz, 3996 MHz, 0 %, 0 %
2026/09/20 10:57:13.853, 0, 560.07 W, 53, 2032 MHz, 3996 MHz, 100 %, 11 %
2026/09/20 10:57:13.853, 1, 813.17 W, 65, 1725 MHz, 3996 MHz, 100 %, 33 %
2026/09/20 10:57:13.853, 2, 532.34 W, 43, 2032 MHz, 3996 MHz, 100 %, 10 %
2026/09/20 10:57:13.853, 3, 800.34 W, 46, 2032 MHz, 3996 MHz, 100 %, 10 %
2026/09/20 10:57:13.853, 4, 183.21 W, 33, 120 MHz, 3996 MHz, 0 %, 0 %
2026/09/20 10:57:13.853, 5, 179.46 W, 31, 120 MHz, 3996 MHz, 0 %, 0 %
2026/09/20 10:57:13.853, 6, 180.13 W, 28, 120 MHz, 3996 MHz, 0 %, 0 %
2026/09/20 10:57:13.853, 7, 184.05 W, 29, 120 MHz, 3996 MHz, 0 %, 0 %
2026/09/20 10:57:14.853, 0, 1017.04 W, 64, 1882 MHz, 3996 MHz, 100 %, 33 %
2026/09/20 10:57:14.853, 1, 759.51 W, 58, 2032 MHz, 3996 MHz, 100 %, 15 %
2026/09/20 10:57:14.853, 2, 708.19 W, 45, 2032 MHz, 3996 MHz, 100 %, 15 %
2026/09/20 10:57:14.853, 3, 882.58 W, 55, 1882 MHz, 3996 MHz, 100 %, 35 %
2026/09/20 10:57:14.853, 4, 183.25 W, 33, 120 MHz, 3996 MHz, 0 %, 0 %
2026/09/20 10:57:14.853, 5, 179.47 W, 31, 120 MHz, 3996 MHz, 0 %, 0 %
2026/09/20 10:57:14.853, 6, 180.16 W, 28, 120 MHz, 3996 MHz, 0 %, 0 %
2026/09/20 10:57:14.853, 7, 184.09 W, 29, 120 MHz, 3996 MHz, 0 %, 0 %
2026/09/20 10:57:15.853, 0, 902.48 W, 57, 2032 MHz, 3996 MHz, 100 %, 10 %
2026/09/20 10:57:15.853, 1, 848.26 W, 57, 2032 MHz, 3996 MHz, 100 %, 26 %
2026/09/20 10:57:15.853, 2, 554.99 W, 44, 2032 MHz, 3996 MHz, 100 %, 11 %
2026/09/20 10:57:15.853, 3, 810.49 W, 55, 1837 MHz, 3996 MHz, 100 %, 47 %
2026/09/20 10:57:15.853, 4, 183.21 W, 33, 120 MHz, 3996 MHz, 0 %, 0 %
2026/09/20 10:57:15.853, 5, 179.47 W, 31, 120 MHz, 3996 MHz, 0 %, 0 %
2026/09/20 10:57:15.853, 6, 180.14 W, 28, 120 MHz, 3996 MHz, 0 %, 0 %
2026/09/20 10:57:15.853, 7, 184.09 W, 29, 120 MHz, 3996 MHz, 0 %, 0 %
2026/09/20 10:57:16.853, 0, 735.94 W, 55, 2032 MHz, 3996 MHz, 100 %, 11 %
2026/09/20 10:57:16.853, 1, 743.52 W, 62, 1837 MHz, 3996 MHz, 100 %, 32 %
2026/09/20 10:57:16.853, 2, 478.87 W, 47, 2032 MHz, 3996 MHz, 100 %, 36 %
2026/09/20 10:57:16.853, 3, 565.43 W, 47, 2032 MHz, 3996 MHz, 100 %, 11 %
2026/09/20 10:57:16.853, 4, 183.25 W, 33, 120 MHz, 3996 MHz, 0 %, 0 %
2026/09/20 10:57:16.854, 5, 179.47 W, 31, 120 MHz, 3996 MHz, 0 %, 0 %
2026/09/20 10:57:16.854, 6, 180.13 W, 28, 120 MHz, 3996 MHz, 0 %, 0 %
2026/09/20 10:57:16.854, 7, 184.09 W, 29, 120 MHz, 3996 MHz, 0 %, 0 %
2026/09/20 10:57:17.854, 0, 812.42 W, 63, 1755 MHz, 3996 MHz, 100 %, 32 %
2026/09/20 10:57:17.854, 1, 686.62 W, 55, 2032 MHz, 3996 MHz, 100 %, 10 %
2026/09/20 10:57:17.854, 2, 637.46 W, 43, 2032 MHz, 3996 MHz, 100 %, 11 %
2026/09/20 10:57:17.854, 3, 900.22 W, 47, 2032 MHz, 3996 MHz, 100 %, 33 %
2026/09/20 10:57:17.854, 4, 183.25 W, 33, 120 MHz, 3996 MHz, 0 %, 0 %
2026/09/20 10:57:17.854, 5, 179.47 W, 31, 120 MHz, 3996 MHz, 0 %, 0 %
2026/09/20 10:57:17.854, 6, 180.13 W, 28, 120 MHz, 3996 MHz, 0 %, 0 %
2026/09/20 10:57:17.854, 7, 184.09 W, 29, 120 MHz, 3996 MHz, 0 %, 0 %
2026/09/20 10:57:18.854, 0, 730.31 W, 59, 2032 MHz, 3996 MHz, 100 %, 13 %
2026/09/20 10:57:18.854, 1, 835.34 W, 61, 2032 MHz, 3996 MHz, 100 %, 13 %
2026/09/20 10:57:18.854, 2, 716.65 W, 48, 1980 MHz, 3996 MHz, 100 %, 40 %
2026/09/20 10:57:18.854, 3, 563.68 W, 48, 2032 MHz, 3996 MHz, 100 %, 13 %
2026/09/20 10:57:18.854, 4, 183.21 W, 33, 120 MHz, 3996 MHz, 0 %, 0 %
2026/09/20 10:57:18.854, 5, 179.46 W, 31, 120 MHz, 3996 MHz, 0 %, 0 %
2026/09/20 10:57:18.854, 6, 180.12 W, 28, 120 MHz, 3996 MHz, 0 %, 0 %
2026/09/20 10:57:18.854, 7, 184.09 W, 29, 120 MHz, 3996 MHz, 0 %, 0 %
2026/09/20 10:57:19.854, 0, 835.55 W, 57, 2032 MHz, 3996 MHz, 100 %, 18 %
2026/09/20 10:57:19.854, 1, 834.76 W, 65, 1822 MHz, 3996 MHz, 100 %, 35 %
2026/09/20 10:57:19.854, 2, 821.69 W, 52, 1995 MHz, 3996 MHz, 100 %, 33 %
2026/09/20 10:57:19.854, 3, 1064.44 W, 55, 1980 MHz, 3996 MHz, 100 %, 32 %
2026/09/20 10:57:19.854, 4, 183.25 W, 33, 120 MHz, 3996 MHz, 0 %, 0 %
2026/09/20 10:57:19.854, 5, 179.47 W, 31, 120 MHz, 3996 MHz, 0 %, 0 %
2026/09/20 10:57:19.854, 6, 180.13 W, 28, 120 MHz, 3996 MHz, 0 %, 0 %
2026/09/20 10:57:19.854, 7, 184.09 W, 29, 120 MHz, 3996 MHz, 0 %, 0 %
2026/09/20 10:57:20.855, 0, 931.45 W, 61, 2032 MHz, 3996 MHz, 100 %, 36 %
2026/09/20 10:57:20.855, 1, 939.78 W, 63, 2032 MHz, 3996 MHz, 100 %, 34 %
2026/09/20 10:57:20.855, 2, 801.34 W, 50, 2032 MHz, 3996 MHz, 100 %, 54 %
2026/09/20 10:57:20.855, 3, 809.60 W, 51, 2032 MHz, 3996 MHz, 100 %, 13 %
2026/09/20 10:57:20.855, 4, 183.21 W, 33, 120 MHz, 3996 MHz, 0 %, 0 %
2026/09/20 10:57:20.855, 5, 179.47 W, 31, 120 MHz, 3996 MHz, 0 %, 0 %
2026/09/20 10:57:20.855, 6, 180.11 W, 28, 120 MHz, 3996 MHz, 0 %, 0 %
2026/09/20 10:57:20.855, 7, 184.05 W, 29, 120 MHz, 3996 MHz, 0 %, 0 %
2026/09/20 10:57:21.855, 0, 563.69 W, 54, 2032 MHz, 3996 MHz, 100 %, 11 %
2026/09/20 10:57:21.855, 1, 834.52 W, 65, 1635 MHz, 3996 MHz, 100 %, 33 %
2026/09/20 10:57:21.855, 2, 550.05 W, 45, 2032 MHz, 3996 MHz, 100 %, 10 %
2026/09/20 10:57:21.855, 3, 800.70 W, 45, 2032 MHz, 3996 MHz, 100 %, 11 %
2026/09/20 10:57:21.855, 4, 183.25 W, 33, 120 MHz, 3996 MHz, 0 %, 0 %
2026/09/20 10:57:21.855, 5, 179.47 W, 31, 120 MHz, 3996 MHz, 0 %, 0 %
2026/09/20 10:57:21.855, 6, 180.12 W, 28, 120 MHz, 3996 MHz, 0 %, 0 %
2026/09/20 10:57:21.855, 7, 184.09 W, 29, 120 MHz, 3996 MHz, 0 %, 0 %
2026/09/20 10:57:22.855, 0, 802.58 W, 63, 1867 MHz, 3996 MHz, 100 %, 41 %
2026/09/20 10:57:22.855, 1, 787.82 W, 64, 1950 MHz, 3996 MHz, 100 %, 51 %
2026/09/20 10:57:22.855, 2, 919.54 W, 47, 2032 MHz, 3996 MHz, 100 %, 17 %
2026/09/20 10:57:22.855, 3, 1025.37 W, 55, 1965 MHz, 3996 MHz, 99 %, 53 %
2026/09/20 10:57:22.855, 4, 183.25 W, 33, 120 MHz, 3996 MHz, 0 %, 0 %
2026/09/20 10:57:22.855, 5, 179.46 W, 31, 120 MHz, 3996 MHz, 0 %, 0 %
2026/09/20 10:57:22.855, 6, 180.14 W, 28, 120 MHz, 3996 MHz, 0 %, 0 %
2026/09/20 10:57:22.855, 7, 184.09 W, 29, 120 MHz, 3996 MHz, 0 %, 0 %
2026/09/20 10:57:23.855, 0, 654.66 W, 54, 2032 MHz, 3996 MHz, 100 %, 10 %
2026/09/20 10:57:23.855, 1, 945.96 W, 58, 2032 MHz, 3996 MHz, 100 %, 20 %
2026/09/20 10:57:23.855, 2, 467.86 W, 42, 2032 MHz, 3996 MHz, 100 %, 11 %
2026/09/20 10:57:23.855, 3, 823.02 W, 54, 1785 MHz, 3996 MHz, 100 %, 17 %
2026/09/20 10:57:23.855, 4, 183.25 W, 33, 120 MHz, 3996 MHz, 0 %, 0 %
2026/09/20 10:57:23.855, 5, 179.47 W, 31, 120 MHz, 3996 MHz, 0 %, 0 %
2026/09/20 10:57:23.856, 6, 180.11 W, 28, 120 MHz, 3996 MHz, 0 %, 0 %
2026/09/20 10:57:23.856, 7, 184.09 W, 29, 120 MHz, 3996 MHz, 0 %, 0 %
2026/09/20 10:57:24.856, 0, 866.29 W, 60, 2032 MHz, 3996 MHz, 100 %, 12 %
2026/09/20 10:57:24.856, 1, 607.13 W, 59, 2032 MHz, 3996 MHz, 100 %, 12 %
2026/09/20 10:57:24.856, 2, 994.33 W, 54, 1695 MHz, 3996 MHz, 100 %, 34 %
2026/09/20 10:57:24.856, 3, 716.04 W, 49, 2032 MHz, 3996 MHz, 100 %, 11 %
2026/09/20 10:57:24.856, 4, 183.25 W, 33, 120 MHz, 3996 MHz, 0 %, 0 %
2026/09/20 10:57:24.856, 5, 179.47 W, 31, 120 MHz, 3996 MHz, 0 %, 0 %
2026/09/20 10:57:24.856, 6, 180.12 W, 28, 120 MHz, 3996 MHz, 0 %, 0 %
2026/09/20 10:57:24.856, 7, 184.09 W, 29, 120 MHz, 3996 MHz, 0 %, 0 %
2026/09/20 10:57:25.856, 0, 609.34 W, 54, 2032 MHz, 3996 MHz, 100 %, 15 %
2026/09/20 10:57:25.856, 1, 882.76 W, 58, 2032 MHz, 3996 MHz, 100 %, 16 %
2026/09/20 10:57:25.856, 2, 784.02 W, 53, 1905 MHz, 3996 MHz, 100 %, 34 %
2026/09/20 10:57:25.856, 3, 758.79 W, 53, 1905 MHz, 3996 MHz, 100 %, 36 %
2026/09/20 10:57:25.856, 4, 183.25 W, 33, 120 MHz, 3996 MHz, 0 %, 0 %
2026/09/20 10:57:25.856, 5, 179.47 W, 31, 120 MHz, 3996 MHz, 0 %, 0 %
2026/09/20 10:57:25.856, 6, 180.13 W, 28, 120 MHz, 3996 MHz, 0 %, 0 %
2026/09/20 10:57:25.856, 7, 184.09 W, 29, 120 MHz, 3996 MHz, 0 %, 0 %
2026/09/20 10:57:26.857, 0, 790.46 W, 59, 2032 MHz, 3996 MHz, 100 %, 13 %
2026/09/20 10:57:26.857, 1, 895.44 W, 61, 2032 MHz, 3996 MHz, 100 %, 17 %
2026/09/20 10:57:26.857, 2, 819.64 W, 48, 2032 MHz, 3996 MHz, 100 %, 13 %
2026/09/20 10:57:26.857, 3, 931.58 W, 55, 1815 MHz, 3996 MHz, 100 %, 26 %
2026/09/20 10:57:26.857, 4, 183.25 W, 33, 120 MHz, 3996 MHz, 0 %, 0 %
2026/09/20 10:57:26.857, 5, 179.47 W, 31, 120 MHz, 3996 MHz, 0 %, 0 %
2026/09/20 10:57:26.857, 6, 180.11 W, 28, 120 MHz, 3996 MHz, 0 %, 0 %
2026/09/20 10:57:26.857, 7, 184.09 W, 29, 120 MHz, 3996 MHz, 0 %, 0 %
2026/09/20 10:57:27.857, 0, 895.33 W, 59, 2032 MHz, 3996 MHz, 100 %, 13 %
2026/09/20 10:57:27.857, 1, 694.03 W, 63, 2032 MHz, 3996 MHz, 100 %, 12 %
2026/09/20 10:57:27.857, 2, 998.31 W, 48, 2017 MHz, 3996 MHz, 100 %, 21 %
2026/09/20 10:57:27.857, 3, 700.66 W, 52, 1995 MHz, 3996 MHz, 100 %, 12 %
2026/09/20 10:57:27.857, 4, 183.25 W, 33, 120 MHz, 3996 MHz, 0 %, 0 %
2026/09/20 10:57:27.857, 5, 179.46 W, 31, 120 MHz, 3996 MHz, 0 %, 0 %
2026/09/20 10:57:27.857, 6, 180.10 W, 28, 120 MHz, 3996 MHz, 0 %, 0 %
2026/09/20 10:57:27.857, 7, 184.09 W, 29, 120 MHz, 3996 MHz, 0 %, 0 %
2026/09/20 10:57:28.857, 0, 861.22 W, 63, 1845 MHz, 3996 MHz, 100 %, 36 %
2026/09/20 10:57:28.857, 1, 1052.80 W, 65, 1972 MHz, 3996 MHz, 100 %, 31 %
2026/09/20 10:57:28.857, 2, 870.79 W, 54, 1942 MHz, 3996 MHz, 100 %, 34 %
2026/09/20 10:57:28.857, 3, 842.73 W, 47, 2032 MHz, 3996 MHz, 100 %, 18 %
2026/09/20 10:57:28.857, 4, 183.25 W, 33, 120 MHz, 3996 MHz, 0 %, 0 %
2026/09/20 10:57:28.857, 5, 179.46 W, 31, 120 MHz, 3996 MHz, 0 %, 0 %
2026/09/20 10:57:28.857, 6, 180.12 W, 28, 120 MHz, 3996 MHz, 0 %, 0 %
2026/09/20 10:57:28.857, 7, 184.09 W, 29, 120 MHz, 3996 MHz, 0 %, 0 %
2026/09/20 10:57:29.857, 0, 954.13 W, 60, 2002 MHz, 3996 MHz, 100 %, 13 %
2026/09/20 10:57:29.858, 1, 953.79 W, 62, 2032 MHz, 3996 MHz, 100 %, 13 %
2026/09/20 10:57:29.858, 2, 707.00 W, 48, 1942 MHz, 3996 MHz, 100 %, 13 %
2026/09/20 10:57:29.858, 3, 1015.38 W, 53, 1987 MHz, 3996 MHz, 100 %, 35 %
2026/09/20 10:57:29.858, 4, 183.21 W, 33, 120 MHz, 3996 MHz, 0 %, 0 %
2026/09/20 10:57:29.858, 5, 179.47 W, 31, 120 MHz, 3996 MHz, 0 %, 0 %
2026/09/20 10:57:29.858, 6, 180.12 W, 28, 120 MHz, 3996 MHz, 0 %, 0 %
2026/09/20 10:57:29.858, 7, 184.09 W, 29, 120 MHz, 3996 MHz, 0 %, 0 %
2026/09/20 10:57:30.858, 0, 892.99 W, 59, 2032 MHz, 3996 MHz, 100 %, 13 %
2026/09/20 10:57:30.858, 1, 728.72 W, 64, 1672 MHz, 3996 MHz, 100 %, 19 %
2026/09/20 10:57:30.858, 2, 987.13 W, 50, 2032 MHz, 3996 MHz, 100 %, 35 %
2026/09/20 10:57:30.858, 3, 638.50 W, 49, 2032 MHz, 3996 MHz, 100 %, 13 %
2026/09/20 10:57:30.858, 4, 183.21 W, 33, 120 MHz, 3996 MHz, 0 %, 0 %
2026/09/20 10:57:30.858, 5, 179.47 W, 31, 120 MHz, 3996 MHz, 0 %, 0 %
2026/09/20 10:57:30.858, 6, 180.13 W, 28, 120 MHz, 3996 MHz, 0 %, 0 %
2026/09/20 10:57:30.858, 7, 184.09 W, 29, 120 MHz, 3996 MHz, 0 %, 0 %
2026/09/20 10:57:31.858, 0, 818.57 W, 59, 2032 MHz, 3996 MHz, 100 %, 13 %
2026/09/20 10:57:31.858, 1, 948.92 W, 65, 1687 MHz, 3996 MHz, 100 %, 43 %
2026/09/20 10:57:31.858, 2, 796.44 W, 49, 2032 MHz, 3996 MHz, 100 %, 47 %
2026/09/20 10:57:31.858, 3, 919.18 W, 50, 2032 MHz, 3996 MHz, 100 %, 40 %
2026/09/20 10:57:31.858, 4, 183.21 W, 33, 120 MHz, 3996 MHz, 0 %, 0 %
2026/09/20 10:57:31.858, 5, 179.47 W, 31, 120 MHz, 3996 MHz, 0 %, 0 %
2026/09/20 10:57:31.858, 6, 180.14 W, 28, 120 MHz, 3996 MHz, 0 %, 0 %
2026/09/20 10:57:31.858, 7, 184.09 W, 29, 120 MHz, 3996 MHz, 0 %, 0 %
2026/09/20 10:57:32.858, 0, 548.28 W, 54, 2032 MHz, 3996 MHz, 100 %, 11 %
2026/09/20 10:57:32.858, 1, 591.31 W, 57, 2032 MHz, 3996 MHz, 100 %, 11 %
2026/09/20 10:57:32.858, 2, 786.27 W, 53, 2010 MHz, 3996 MHz, 100 %, 34 %
2026/09/20 10:57:32.858, 3, 785.75 W, 47, 2032 MHz, 3996 MHz, 100 %, 10 %
2026/09/20 10:57:32.859, 4, 183.21 W, 33, 120 MHz, 3996 MHz, 0 %, 0 %
2026/09/20 10:57:32.859, 5, 179.46 W, 31, 120 MHz, 3996 MHz, 0 %, 0 %
2026/09/20 10:57:32.859, 6, 180.15 W, 28, 120 MHz, 3996 MHz, 0 %, 0 %
2026/09/20 10:57:32.859, 7, 184.09 W, 29, 120 MHz, 3996 MHz, 0 %, 0 %
2026/09/20 10:57:33.859, 0, 908.84 W, 57, 2032 MHz, 3996 MHz, 100 %, 17 %
2026/09/20 10:57:33.859, 1, 1052.35 W, 65, 1852 MHz, 3996 MHz, 100 %, 35 %
2026/09/20 10:57:33.859, 2, 1033.33 W, 53, 2032 MHz, 3996 MHz, 100 %, 29 %
2026/09/20 10:57:33.859, 3, 792.08 W, 53, 1965 MHz, 3996 MHz, 100 %, 31 %
2026/09/20 10:57:33.859, 4, 183.25 W, 33, 120 MHz, 3996 MHz, 0 %, 0 %
2026/09/20 10:57:33.859, 5, 179.47 W, 31, 120 MHz, 3996 MHz, 0 %, 0 %
2026/09/20 10:57:33.859, 6, 180.17 W, 28, 120 MHz, 3996 MHz, 0 %, 0 %
2026/09/20 10:57:33.859, 7, 184.09 W, 29, 120 MHz, 3996 MHz, 0 %, 0 %
2026/09/20 10:57:34.859, 0, 698.18 W, 62, 1980 MHz, 3996 MHz, 100 %, 36 %
2026/09/20 10:57:34.859, 1, 817.78 W, 64, 1785 MHz, 3996 MHz, 100 %, 47 %
2026/09/20 10:57:34.859, 2, 648.68 W, 46, 2032 MHz, 3996 MHz, 100 %, 53 %
2026/09/20 10:57:34.859, 3, 937.06 W, 48, 2032 MHz, 3996 MHz, 100 %, 54 %
2026/09/20 10:57:34.859, 4, 183.25 W, 33, 120 MHz, 3996 MHz, 0 %, 0 %
2026/09/20 10:57:34.859, 5, 179.46 W, 31, 120 MHz, 3996 MHz, 0 %, 0 %
2026/09/20 10:57:34.859, 6, 180.15 W, 28, 120 MHz, 3996 MHz, 0 %, 0 %
2026/09/20 10:57:34.859, 7, 184.05 W, 29, 120 MHz, 3996 MHz, 0 %, 0 %
2026/09/20 10:57:35.859, 0, 620.19 W, 53, 2032 MHz, 3996 MHz, 100 %, 11 %
2026/09/20 10:57:35.859, 1, 636.43 W, 55, 2032 MHz, 3996 MHz, 100 %, 12 %
2026/09/20 10:57:35.859, 2, 671.11 W, 53, 1695 MHz, 3996 MHz, 100 %, 35 %
2026/09/20 10:57:35.859, 3, 747.76 W, 46, 2032 MHz, 3996 MHz, 100 %, 10 %
2026/09/20 10:57:35.859, 4, 183.25 W, 33, 120 MHz, 3996 MHz, 0 %, 0 %
2026/09/20 10:57:35.859, 5, 179.47 W, 31, 120 MHz, 3996 MHz, 0 %, 0 %
2026/09/20 10:57:35.859, 6, 180.14 W, 28, 120 MHz, 3996 MHz, 0 %, 0 %
2026/09/20 10:57:35.859, 7, 184.09 W, 29, 120 MHz, 3996 MHz, 0 %, 0 %
2026/09/20 10:57:36.860, 0, 669.58 W, 59, 1942 MHz, 3996 MHz, 100 %, 22 %
2026/09/20 10:57:36.860, 1, 887.69 W, 59, 2025 MHz, 3996 MHz, 100 %, 34 %
2026/09/20 10:57:36.860, 2, 794.28 W, 47, 1957 MHz, 3996 MHz, 100 %, 14 %
2026/09/20 10:57:36.860, 3, 862.61 W, 50, 2032 MHz, 3996 MHz, 100 %, 39 %
2026/09/20 10:57:36.860, 4, 183.25 W, 33, 120 MHz, 3996 MHz, 0 %, 0 %
2026/09/20 10:57:36.860, 5, 179.47 W, 31, 120 MHz, 3996 MHz, 0 %, 0 %
2026/09/20 10:57:36.860, 6, 180.14 W, 28, 120 MHz, 3996 MHz, 0 %, 0 %
2026/09/20 10:57:36.860, 7, 184.05 W, 29, 120 MHz, 3996 MHz, 0 %, 0 %
2026/09/20 10:57:37.860, 0, 810.23 W, 56, 1950 MHz, 3996 MHz, 100 %, 15 %
2026/09/20 10:57:37.860, 1, 824.19 W, 62, 2025 MHz, 3996 MHz, 100 %, 34 %
2026/09/20 10:57:37.860, 2, 1067.28 W, 53, 1957 MHz, 3996 MHz, 100 %, 34 %
2026/09/20 10:57:37.860, 3, 573.37 W, 48, 2032 MHz, 3996 MHz, 100 %, 14 %
2026/09/20 10:57:37.860, 4, 183.25 W, 33, 120 MHz, 3996 MHz, 0 %, 0 %
2026/09/20 10:57:37.860, 5, 179.46 W, 31, 120 MHz, 3996 MHz, 0 %, 0 %
2026/09/20 10:57:37.860, 6, 180.16 W, 28, 120 MHz, 3996 MHz, 0 %, 0 %
2026/09/20 10:57:37.860, 7, 184.09 W, 29, 120 MHz, 3996 MHz, 0 %, 0 %
2026/09/20 10:57:38.860, 0, 1054.19 W, 64, 1905 MHz, 3996 MHz, 100 %, 33 %
2026/09/20 10:57:38.860, 1, 817.93 W, 64, 1777 MHz, 3996 MHz, 100 %, 34 %
2026/09/20 10:57:38.860, 2, 853.92 W, 46, 2032 MHz, 3996 MHz, 100 %, 15 %
2026/09/20 10:57:38.860, 3, 833.56 W, 46, 2032 MHz, 3996 MHz, 100 %, 15 %
2026/09/20 10:57:38.860, 4, 183.21 W, 33, 120 MHz, 3996 MHz, 0 %, 0 %
2026/09/20 10:57:38.860, 5, 179.46 W, 31, 120 MHz, 3996 MHz, 0 %, 0 %
2026/09/20 10:57:38.860, 6, 180.16 W, 28, 120 MHz, 3996 MHz, 0 %, 0 %
2026/09/20 10:57:38.860, 7, 184.09 W, 29, 120 MHz, 3996 MHz, 0 %, 0 %
2026/09/20 10:57:39.860, 0, 793.45 W, 59, 2032 MHz, 3996 MHz, 100 %, 13 %
2026/09/20 10:57:39.860, 1, 919.73 W, 61, 2010 MHz, 3996 MHz, 100 %, 35 %
2026/09/20 10:57:39.860, 2, 759.66 W, 48, 2032 MHz, 3996 MHz, 100 %, 12 %
2026/09/20 10:57:39.860, 3, 944.69 W, 55, 1905 MHz, 3996 MHz, 100 %, 16 %
2026/09/20 10:57:39.861, 4, 183.25 W, 33, 120 MHz, 3996 MHz, 0 %, 0 %
2026/09/20 10:57:39.861, 5, 179.47 W, 31, 120 MHz, 3996 MHz, 0 %, 0 %
2026/09/20 10:57:39.861, 6, 180.16 W, 28, 120 MHz, 3996 MHz, 0 %, 0 %
2026/09/20 10:57:39.861, 7, 184.05 W, 29, 120 MHz, 3996 MHz, 0 %, 0 %
2026/09/20 10:57:40.861, 0, 887.97 W, 63, 1852 MHz, 3996 MHz, 100 %, 34 %
2026/09/20 10:57:40.861, 1, 886.78 W, 65, 1867 MHz, 3996 MHz, 100 %, 35 %
2026/09/20 10:57:40.861, 2, 834.15 W, 47, 2032 MHz, 3996 MHz, 100 %, 20 %
2026/09/20 10:57:40.861, 3, 792.86 W, 47, 2032 MHz, 3996 MHz, 100 %, 16 %
2026/09/20 10:57:40.861, 4, 183.13 W, 33, 120 MHz, 3996 MHz, 0 %, 0 %
2026/09/20 10:57:40.861, 5, 179.47 W, 31, 120 MHz, 3996 MHz, 0 %, 0 %
2026/09/20 10:57:40.861, 6, 180.13 W, 28, 120 MHz, 3996 MHz, 0 %, 0 %
2026/09/20 10:57:40.861, 7, 184.09 W, 29, 120 MHz, 3996 MHz, 0 %, 0 %
2026/09/20 10:57:41.861, 0, 940.85 W, 63, 1987 MHz, 3996 MHz, 100 %, 32 %
2026/09/20 10:57:41.861, 1, 962.55 W, 65, 1822 MHz, 3996 MHz, 100 %, 35 %
2026/09/20 10:57:41.861, 2, 851.42 W, 53, 1935 MHz, 3996 MHz, 100 %, 35 %
2026/09/20 10:57:41.861, 3, 792.93 W, 48, 2032 MHz, 3996 MHz, 100 %, 18 %
2026/09/20 10:57:41.861, 4, 183.13 W, 33, 120 MHz, 3996 MHz, 0 %, 0 %
2026/09/20 10:57:41.861, 5, 179.46 W, 31, 120 MHz, 3996 MHz, 0 %, 0 %
2026/09/20 10:57:41.861, 6, 180.15 W, 28, 120 MHz, 3996 MHz, 0 %, 0 %
2026/09/20 10:57:41.861, 7, 184.09 W, 29, 120 MHz, 3996 MHz, 0 %, 0 %
2026/09/20 10:57:42.861, 0, 705.52 W, 55, 2032 MHz, 3996 MHz, 100 %, 14 %
2026/09/20 10:57:42.861, 1, 958.83 W, 62, 1995 MHz, 3996 MHz, 100 %, 34 %
2026/09/20 10:57:42.861, 2, 798.58 W, 45, 2032 MHz, 3996 MHz, 100 %, 14 %
2026/09/20 10:57:42.861, 3, 890.84 W, 52, 2017 MHz, 3996 MHz, 100 %, 32 %
2026/09/20 10:57:42.861, 4, 183.09 W, 33, 120 MHz, 3996 MHz, 0 %, 0 %
2026/09/20 10:57:42.861, 5, 179.47 W, 31, 120 MHz, 3996 MHz, 0 %, 0 %
2026/09/20 10:57:42.861, 6, 180.15 W, 28, 120 MHz, 3996 MHz, 0 %, 0 %
2026/09/20 10:57:42.861, 7, 184.09 W, 29, 120 MHz, 3996 MHz, 0 %, 0 %
2026/09/20 10:57:43.862, 0, 1039.19 W, 64, 1957 MHz, 3996 MHz, 100 %, 31 %
2026/09/20 10:57:43.862, 1, 699.18 W, 56, 2032 MHz, 3996 MHz, 100 %, 13 %
2026/09/20 10:57:43.862, 2, 679.45 W, 45, 2032 MHz, 3996 MHz, 100 %, 15 %
2026/09/20 10:57:43.862, 3, 930.24 W, 55, 1845 MHz, 3996 MHz, 100 %, 34 %
2026/09/20 10:57:43.862, 4, 183.21 W, 33, 120 MHz, 3996 MHz, 0 %, 0 %
2026/09/20 10:57:43.862, 5, 179.46 W, 31, 120 MHz, 3996 MHz, 0 %, 0 %
2026/09/20 10:57:43.862, 6, 180.13 W, 28, 120 MHz, 3996 MHz, 0 %, 0 %
2026/09/20 10:57:43.862, 7, 184.09 W, 29, 120 MHz, 3996 MHz, 0 %, 0 %
2026/09/20 10:57:44.862, 0, 705.14 W, 62, 1875 MHz, 3996 MHz, 100 %, 34 %
2026/09/20 10:57:44.862, 1, 1005.20 W, 59, 2032 MHz, 3996 MHz, 100 %, 33 %
2026/09/20 10:57:44.862, 2, 655.23 W, 51, 1987 MHz, 3996 MHz, 100 %, 12 %
2026/09/20 10:57:44.862, 3, 883.33 W, 48, 2032 MHz, 3996 MHz, 100 %, 36 %
2026/09/20 10:57:44.862, 4, 183.21 W, 33, 120 MHz, 3996 MHz, 0 %, 0 %
2026/09/20 10:57:44.862, 5, 179.46 W, 31, 120 MHz, 3996 MHz, 0 %, 0 %
2026/09/20 10:57:44.862, 6, 180.12 W, 28, 120 MHz, 3996 MHz, 0 %, 0 %
2026/09/20 10:57:44.862, 7, 184.09 W, 29, 120 MHz, 3996 MHz, 0 %, 0 %
2026/09/20 10:57:45.862, 0, 878.85 W, 56, 2032 MHz, 3996 MHz, 100 %, 15 %
2026/09/20 10:57:45.862, 1, 800.69 W, 64, 1732 MHz, 3996 MHz, 100 %, 35 %
2026/09/20 10:57:45.862, 2, 796.23 W, 46, 2032 MHz, 3996 MHz, 100 %, 15 %
2026/09/20 10:57:45.862, 3, 778.83 W, 54, 1935 MHz, 3996 MHz, 100 %, 35 %
2026/09/20 10:57:45.862, 4, 183.21 W, 33, 120 MHz, 3996 MHz, 0 %, 0 %
2026/09/20 10:57:45.862, 5, 179.47 W, 31, 120 MHz, 3996 MHz, 0 %, 0 %
2026/09/20 10:57:45.862, 6, 180.15 W, 28, 120 MHz, 3996 MHz, 0 %, 0 %
2026/09/20 10:57:45.862, 7, 184.09 W, 29, 120 MHz, 3996 MHz, 0 %, 0 %
2026/09/20 10:57:46.862, 0, 1018.84 W, 64, 2002 MHz, 3996 MHz, 100 %, 31 %
2026/09/20 10:57:46.862, 1, 796.50 W, 64, 1920 MHz, 3996 MHz, 100 %, 36 %
2026/09/20 10:57:46.862, 2, 869.72 W, 47, 2032 MHz, 3996 MHz, 99 %, 19 %
2026/09/20 10:57:46.862, 3, 793.55 W, 54, 1942 MHz, 3996 MHz, 100 %, 34 %
2026/09/20 10:57:46.862, 4, 183.25 W, 33, 120 MHz, 3996 MHz, 0 %, 0 %
2026/09/20 10:57:46.863, 5, 179.47 W, 31, 120 MHz, 3996 MHz, 0 %, 0 %
2026/09/20 10:57:46.863, 6, 180.14 W, 28, 120 MHz, 3996 MHz, 0 %, 0 %
2026/09/20 10:57:46.863, 7, 184.09 W, 29, 120 MHz, 3996 MHz, 0 %, 0 %
2026/09/20 10:57:47.863, 0, 590.80 W, 55, 2032 MHz, 3996 MHz, 100 %, 11 %
2026/09/20 10:57:47.863, 1, 596.07 W, 54, 2032 MHz, 3996 MHz, 100 %, 11 %
2026/09/20 10:57:47.863, 2, 962.69 W, 54, 1905 MHz, 3996 MHz, 100 %, 33 %
2026/09/20 10:57:47.863, 3, 596.92 W, 44, 2032 MHz, 3996 MHz, 100 %, 10 %
2026/09/20 10:57:47.863, 4, 183.25 W, 33, 120 MHz, 3996 MHz, 0 %, 0 %
2026/09/20 10:57:47.863, 5, 179.47 W, 31, 120 MHz, 3996 MHz, 0 %, 0 %
2026/09/20 10:57:47.863, 6, 180.12 W, 28, 120 MHz, 3996 MHz, 0 %, 0 %
2026/09/20 10:57:47.863, 7, 184.05 W, 29, 120 MHz, 3996 MHz, 0 %, 0 %
2026/09/20 10:57:48.863, 0, 1054.47 W, 64, 1747 MHz, 3996 MHz, 100 %, 34 %
2026/09/20 10:57:48.863, 1, 773.50 W, 63, 1995 MHz, 3996 MHz, 100 %, 31 %
2026/09/20 10:57:48.863, 2, 619.22 W, 44, 2032 MHz, 3996 MHz, 100 %, 14 %
2026/09/20 10:57:48.863, 3, 856.74 W, 46, 2032 MHz, 3996 MHz, 100 %, 15 %
2026/09/20 10:57:48.863, 4, 183.21 W, 33, 120 MHz, 3996 MHz, 0 %, 0 %
2026/09/20 10:57:48.863, 5, 179.47 W, 31, 120 MHz, 3996 MHz, 0 %, 0 %
2026/09/20 10:57:48.863, 6, 180.12 W, 28, 120 MHz, 3996 MHz, 0 %, 0 %
2026/09/20 10:57:48.863, 7, 184.09 W, 29, 120 MHz, 3996 MHz, 0 %, 0 %
2026/09/20 10:57:49.863, 0, 1038.90 W, 62, 1965 MHz, 3996 MHz, 100 %, 34 %
2026/09/20 10:57:49.863, 1, 703.43 W, 59, 2032 MHz, 3996 MHz, 100 %, 12 %
2026/09/20 10:57:49.863, 2, 579.31 W, 46, 2032 MHz, 3996 MHz, 100 %, 13 %
2026/09/20 10:57:49.863, 3, 606.74 W, 48, 2032 MHz, 3996 MHz, 100 %, 12 %
2026/09/20 10:57:49.863, 4, 183.25 W, 33, 120 MHz, 3996 MHz, 0 %, 0 %
2026/09/20 10:57:49.863, 5, 179.46 W, 31, 120 MHz, 3996 MHz, 0 %, 0 %
2026/09/20 10:57:49.863, 6, 180.09 W, 28, 120 MHz, 3996 MHz, 0 %, 0 %
2026/09/20 10:57:49.863, 7, 184.09 W, 29, 120 MHz, 3996 MHz, 0 %, 0 %
2026/09/20 10:57:50.864, 0, 1043.82 W, 62, 2032 MHz, 3996 MHz, 100 %, 35 %
2026/09/20 10:57:50.864, 1, 709.94 W, 60, 2032 MHz, 3996 MHz, 100 %, 12 %
2026/09/20 10:57:50.864, 2, 688.12 W, 48, 2032 MHz, 3996 MHz, 100 %, 13 %
2026/09/20 10:57:50.864, 3, 937.16 W, 51, 2032 MHz, 3996 MHz, 100 %, 25 %
2026/09/20 10:57:50.864, 4, 183.21 W, 33, 120 MHz, 3996 MHz, 0 %, 0 %
2026/09/20 10:57:50.864, 5, 179.46 W, 31, 120 MHz, 3996 MHz, 0 %, 0 %
2026/09/20 10:57:50.864, 6, 180.10 W, 28, 120 MHz, 3996 MHz, 0 %, 0 %
2026/09/20 10:57:50.864, 7, 184.09 W, 29, 120 MHz, 3996 MHz, 0 %, 0 %
2026/09/20 10:57:51.864, 0, 620.04 W, 54, 2032 MHz, 3996 MHz, 100 %, 13 %
2026/09/20 10:57:51.864, 1, 868.76 W, 57, 2032 MHz, 3996 MHz, 100 %, 15 %
2026/09/20 10:57:51.864, 2, 1027.68 W, 53, 2032 MHz, 3996 MHz, 100 %, 30 %
2026/09/20 10:57:51.864, 3, 807.25 W, 54, 1905 MHz, 3996 MHz, 100 %, 34 %
2026/09/20 10:57:51.864, 4, 183.17 W, 33, 120 MHz, 3996 MHz, 0 %, 0 %
2026/09/20 10:57:51.864, 5, 179.47 W, 31, 120 MHz, 3996 MHz, 0 %, 0 %
2026/09/20 10:57:51.864, 6, 180.12 W, 28, 120 MHz, 3996 MHz, 0 %, 0 %
2026/09/20 10:57:51.864, 7, 184.09 W, 29, 120 MHz, 3996 MHz, 0 %, 0 %
2026/09/20 10:57:52.864, 0, 680.08 W, 55, 2032 MHz, 3996 MHz, 100 %, 17 %
2026/09/20 10:57:52.864, 1, 885.45 W, 64, 1942 MHz, 3996 MHz, 100 %, 33 %
2026/09/20 10:57:52.864, 2, 1056.00 W, 55, 1912 MHz, 3996 MHz, 100 %, 35 %
2026/09/20 10:57:52.864, 3, 943.63 W, 55, 1972 MHz, 3996 MHz, 100 %, 34 %
2026/09/20 10:57:52.864, 4, 183.21 W, 33, 120 MHz, 3996 MHz, 0 %, 0 %
2026/09/20 10:57:52.864, 5, 179.46 W, 31, 120 MHz, 3996 MHz, 0 %, 0 %
2026/09/20 10:57:52.864, 6, 180.11 W, 28, 120 MHz, 3996 MHz, 0 %, 0 %
2026/09/20 10:57:52.864, 7, 184.09 W, 29, 120 MHz, 3996 MHz, 0 %, 0 %
2026/09/20 10:57:53.864, 0, 781.06 W, 63, 1815 MHz, 3996 MHz, 100 %, 34 %
2026/09/20 10:57:53.864, 1, 837.64 W, 56, 2032 MHz, 3996 MHz, 100 %, 14 %
2026/09/20 10:57:53.864, 2, 797.49 W, 53, 2032 MHz, 3996 MHz, 100 %, 31 %
2026/09/20 10:57:53.864, 3, 586.51 W, 44, 2032 MHz, 3996 MHz, 100 %, 14 %
2026/09/20 10:57:53.864, 4, 183.13 W, 33, 120 MHz, 3996 MHz, 0 %, 0 %
2026/09/20 10:57:53.864, 5, 179.47 W, 31, 120 MHz, 3996 MHz, 0 %, 0 %
2026/09/20 10:57:53.865, 6, 180.12 W, 28, 120 MHz, 3996 MHz, 0 %, 0 %
2026/09/20 10:57:53.865, 7, 184.09 W, 29, 120 MHz, 3996 MHz, 0 %, 0 %
2026/09/20 10:57:54.865, 0, 965.71 W, 64, 1770 MHz, 3996 MHz, 100 %, 43 %
2026/09/20 10:57:54.865, 1, 712.34 W, 56, 2032 MHz, 3996 MHz, 100 %, 32 %
2026/09/20 10:57:54.865, 2, 743.96 W, 46, 2032 MHz, 3996 MHz, 100 %, 15 %
2026/09/20 10:57:54.865, 3, 803.30 W, 47, 2032 MHz, 3996 MHz, 100 %, 25 %
2026/09/20 10:57:54.865, 4, 183.13 W, 33, 120 MHz, 3996 MHz, 0 %, 0 %
2026/09/20 10:57:54.865, 5, 179.47 W, 31, 120 MHz, 3996 MHz, 0 %, 0 %
2026/09/20 10:57:54.865, 6, 180.13 W, 28, 120 MHz, 3996 MHz, 0 %, 0 %
2026/09/20 10:57:54.865, 7, 184.05 W, 29, 120 MHz, 3996 MHz, 0 %, 0 %
2026/09/20 10:57:55.865, 0, 981.71 W, 58, 2032 MHz, 3996 MHz, 100 %, 35 %
2026/09/20 10:57:55.865, 1, 898.00 W, 64, 1725 MHz, 3996 MHz, 100 %, 34 %
2026/09/20 10:57:55.865, 2, 840.32 W, 50, 2032 MHz, 3996 MHz, 100 %, 32 %
2026/09/20 10:57:55.865, 3, 655.41 W, 50, 2032 MHz, 3996 MHz, 100 %, 19 %
2026/09/20 10:57:55.865, 4, 183.21 W, 33, 120 MHz, 3996 MHz, 0 %, 0 %
2026/09/20 10:57:55.865, 5, 179.47 W, 31, 120 MHz, 3996 MHz, 0 %, 0 %
2026/09/20 10:57:55.865, 6, 180.11 W, 28, 120 MHz, 3996 MHz, 0 %, 0 %
2026/09/20 10:57:55.865, 7, 184.09 W, 29, 120 MHz, 3996 MHz, 0 %, 0 %
2026/09/20 10:57:56.865, 0, 880.63 W, 64, 1702 MHz, 3996 MHz, 100 %, 32 %
2026/09/20 10:57:56.865, 1, 716.92 W, 54, 2032 MHz, 3996 MHz, 100 %, 10 %
2026/09/20 10:57:56.865, 2, 487.41 W, 43, 2032 MHz, 3996 MHz, 100 %, 11 %
2026/09/20 10:57:56.865, 3, 707.03 W, 44, 2032 MHz, 3996 MHz, 100 %, 10 %
2026/09/20 10:57:56.865, 4, 183.13 W, 33, 120 MHz, 3996 MHz, 0 %, 0 %
2026/09/20 10:57:56.865, 5, 179.46 W, 31, 120 MHz, 3996 MHz, 0 %, 0 %
2026/09/20 10:57:56.865, 6, 180.12 W, 28, 120 MHz, 3996 MHz, 0 %, 0 %
2026/09/20 10:57:56.865, 7, 184.09 W, 29, 120 MHz, 3996 MHz, 0 %, 0 %
2026/09/20 10:57:57.866, 0, 628.72 W, 53, 2032 MHz, 3996 MHz, 100 %, 10 %
2026/09/20 10:57:57.866, 1, 746.94 W, 55, 2032 MHz, 3996 MHz, 100 %, 11 %
2026/09/20 10:57:57.866, 2, 671.21 W, 52, 1815 MHz, 3996 MHz, 100 %, 35 %
2026/09/20 10:57:57.866, 3, 745.09 W, 45, 2032 MHz, 3996 MHz, 100 %, 10 %
2026/09/20 10:57:57.866, 4, 183.21 W, 33, 120 MHz, 3996 MHz, 0 %, 0 %
2026/09/20 10:57:57.866, 5, 179.47 W, 31, 120 MHz, 3996 MHz, 0 %, 0 %
2026/09/20 10:57:57.866, 6, 180.12 W, 28, 120 MHz, 3996 MHz, 0 %, 0 %
2026/09/20 10:57:57.866, 7, 184.09 W, 29, 120 MHz, 3996 MHz, 0 %, 0 %
2026/09/20 10:57:58.866, 0, 794.47 W, 61, 1920 MHz, 3996 MHz, 100 %, 33 %
2026/09/20 10:57:58.866, 1, 793.14 W, 63, 1702 MHz, 3996 MHz, 100 %, 33 %
2026/09/20 10:57:58.866, 2, 594.05 W, 44, 2032 MHz, 3996 MHz, 100 %, 14 %
2026/09/20 10:57:58.866, 3, 780.17 W, 46, 2032 MHz, 3996 MHz, 100 %, 15 %
2026/09/20 10:57:58.866, 4, 183.17 W, 33, 120 MHz, 3996 MHz, 0 %, 0 %
2026/09/20 10:57:58.866, 5, 179.47 W, 31, 120 MHz, 3996 MHz, 0 %, 0 %
2026/09/20 10:57:58.866, 6, 180.12 W, 28, 120 MHz, 3996 MHz, 0 %, 0 %
2026/09/20 10:57:58.866, 7, 184.09 W, 29, 120 MHz, 3996 MHz, 0 %, 0 %
2026/09/20 10:57:59.866, 0, 949.00 W, 63, 1852 MHz, 3996 MHz, 100 %, 34 %
2026/09/20 10:57:59.866, 1, 936.88 W, 63, 1957 MHz, 3996 MHz, 100 %, 31 %
2026/09/20 10:57:59.866, 2, 653.29 W, 44, 2032 MHz, 3996 MHz, 100 %, 18 %
2026/09/20 10:57:59.866, 3, 1066.29 W, 54, 1920 MHz, 3996 MHz, 100 %, 36 %
2026/09/20 10:57:59.866, 4, 183.13 W, 33, 120 MHz, 3996 MHz, 0 %, 0 %
2026/09/20 10:57:59.866, 5, 179.47 W, 31, 120 MHz, 3996 MHz, 0 %, 0 %
2026/09/20 10:57:59.866, 6, 180.12 W, 28, 120 MHz, 3996 MHz, 0 %, 0 %
2026/09/20 10:57:59.866, 7, 184.09 W, 29, 120 MHz, 3996 MHz, 0 %, 0 %
2026/09/20 10:58:00.866, 0, 856.96 W, 57, 2032 MHz, 3996 MHz, 100 %, 34 %
2026/09/20 10:58:00.866, 1, 844.56 W, 63, 1905 MHz, 3996 MHz, 100 %, 21 %
2026/09/20 10:58:00.866, 2, 906.72 W, 53, 1942 MHz, 3996 MHz, 100 %, 35 %
2026/09/20 10:58:00.866, 3, 825.71 W, 53, 1957 MHz, 3996 MHz, 100 %, 42 %
2026/09/20 10:58:00.866, 4, 183.21 W, 33, 120 MHz, 3996 MHz, 0 %, 0 %
2026/09/20 10:58:00.866, 5, 179.47 W, 31, 120 MHz, 3996 MHz, 0 %, 0 %
2026/09/20 10:58:00.867, 6, 180.15 W, 28, 120 MHz, 3996 MHz, 0 %, 0 %
2026/09/20 10:58:00.867, 7, 184.09 W, 29, 120 MHz, 3996 MHz, 0 %, 0 %
2026/09/20 10:58:01.867, 0, 786.39 W, 64, 1897 MHz, 3996 MHz, 100 %, 33 %
2026/09/20 10:58:01.867, 1, 957.65 W, 64, 1882 MHz, 3996 MHz, 100 %, 21 %
2026/09/20 10:58:01.867, 2, 982.17 W, 47, 2032 MHz, 3996 MHz, 100 %, 33 %
2026/09/20 10:58:01.867, 3, 832.89 W, 47, 2032 MHz, 3996 MHz, 100 %, 15 %
2026/09/20 10:58:01.867, 4, 183.17 W, 33, 120 MHz, 3996 MHz, 0 %, 0 %
2026/09/20 10:58:01.867, 5, 179.46 W, 31, 120 MHz, 3996 MHz, 0 %, 0 %
2026/09/20 10:58:01.867, 6, 180.16 W, 28, 120 MHz, 3996 MHz, 0 %, 0 %
2026/09/20 10:58:01.867, 7, 184.09 W, 29, 120 MHz, 3996 MHz, 0 %, 0 %
2026/09/20 10:58:02.867, 0, 803.59 W, 62, 2017 MHz, 3996 MHz, 100 %, 31 %
2026/09/20 10:58:02.867, 1, 702.30 W, 56, 2032 MHz, 3996 MHz, 100 %, 13 %
2026/09/20 10:58:02.867, 2, 926.89 W, 53, 1897 MHz, 3996 MHz, 100 %, 32 %
2026/09/20 10:58:02.867, 3, 692.24 W, 52, 2002 MHz, 3996 MHz, 100 %, 33 %
2026/09/20 10:58:02.867, 4, 183.17 W, 33, 120 MHz, 3996 MHz, 0 %, 0 %
2026/09/20 10:58:02.867, 5, 179.46 W, 31, 120 MHz, 3996 MHz, 0 %, 0 %
2026/09/20 10:58:02.867, 6, 180.15 W, 28, 120 MHz, 3996 MHz, 0 %, 0 %
2026/09/20 10:58:02.867, 7, 184.09 W, 29, 120 MHz, 3996 MHz, 0 %, 0 %
2026/09/20 10:58:03.867, 0, 650.60 W, 54, 2032 MHz, 3996 MHz, 100 %, 15 %
2026/09/20 10:58:03.867, 1, 801.26 W, 57, 2032 MHz, 3996 MHz, 100 %, 28 %
2026/09/20 10:58:03.867, 2, 794.42 W, 52, 1957 MHz, 3996 MHz, 100 %, 40 %
2026/09/20 10:58:03.867, 3, 804.40 W, 53, 1897 MHz, 3996 MHz, 100 %, 35 %
2026/09/20 10:58:03.867, 4, 183.13 W, 33, 120 MHz, 3996 MHz, 0 %, 0 %
2026/09/20 10:58:03.867, 5, 179.46 W, 31, 120 MHz, 3996 MHz, 0 %, 0 %
2026/09/20 10:58:03.867, 6, 180.13 W, 28, 120 MHz, 3996 MHz, 0 %, 0 %
2026/09/20 10:58:03.867, 7, 184.09 W, 29, 120 MHz, 3996 MHz, 0 %, 0 %
2026/09/20 10:58:04.868, 0, 925.10 W, 63, 2002 MHz, 3996 MHz, 100 %, 50 %
2026/09/20 10:58:04.868, 1, 888.95 W, 60, 2032 MHz, 3996 MHz, 100 %, 41 %
2026/09/20 10:58:04.868, 2, 1036.13 W, 52, 2032 MHz, 3996 MHz, 100 %, 33 %
2026/09/20 10:58:04.868, 3, 795.57 W, 50, 2032 MHz, 3996 MHz, 100 %, 53 %
2026/09/20 10:58:04.868, 4, 183.09 W, 33, 120 MHz, 3996 MHz, 0 %, 0 %
2026/09/20 10:58:04.868, 5, 179.46 W, 31, 120 MHz, 3996 MHz, 0 %, 0 %
2026/09/20 10:58:04.868, 6, 180.15 W, 28, 120 MHz, 3996 MHz, 0 %, 0 %
2026/09/20 10:58:04.868, 7, 184.09 W, 29, 120 MHz, 3996 MHz, 0 %, 0 %
2026/09/20 10:58:05.868, 0, 816.92 W, 59, 2032 MHz, 3996 MHz, 100 %, 15 %
2026/09/20 10:58:05.868, 1, 835.03 W, 62, 2025 MHz, 3996 MHz, 100 %, 33 %
2026/09/20 10:58:05.868, 2, 828.57 W, 48, 2032 MHz, 3996 MHz, 100 %, 14 %
2026/09/20 10:58:05.868, 3, 1055.38 W, 53, 2032 MHz, 3996 MHz, 100 %, 36 %
2026/09/20 10:58:05.868, 4, 183.21 W, 33, 120 MHz, 3996 MHz, 0 %, 0 %
2026/09/20 10:58:05.868, 5, 179.47 W, 31, 120 MHz, 3996 MHz, 0 %, 0 %
2026/09/20 10:58:05.868, 6, 180.12 W, 28, 120 MHz, 3996 MHz, 0 %, 0 %
2026/09/20 10:58:05.868, 7, 184.09 W, 29, 120 MHz, 3996 MHz, 0 %, 0 %
2026/09/20 10:58:06.868, 0, 744.52 W, 54, 2032 MHz, 3996 MHz, 100 %, 33 %
2026/09/20 10:58:06.868, 1, 764.41 W, 58, 2032 MHz, 3996 MHz, 100 %, 34 %
2026/09/20 10:58:06.868, 2, 573.66 W, 50, 1942 MHz, 3996 MHz, 100 %, 10 %
2026/09/20 10:58:06.868, 3, 507.70 W, 44, 2032 MHz, 3996 MHz, 100 %, 34 %
2026/09/20 10:58:06.868, 4, 183.25 W, 33, 120 MHz, 3996 MHz, 0 %, 0 %
2026/09/20 10:58:06.868, 5, 179.47 W, 31, 120 MHz, 3996 MHz, 0 %, 0 %
2026/09/20 10:58:06.868, 6, 180.12 W, 28, 120 MHz, 3996 MHz, 0 %, 0 %
2026/09/20 10:58:06.868, 7, 184.09 W, 29, 120 MHz, 3996 MHz, 0 %, 0 %
2026/09/20 10:58:07.868, 0, 842.10 W, 59, 2032 MHz, 3996 MHz, 100 %, 29 %
2026/09/20 10:58:07.868, 1, 660.53 W, 63, 1702 MHz, 3996 MHz, 100 %, 37 %
2026/09/20 10:58:07.868, 2, 772.38 W, 47, 2032 MHz, 3996 MHz, 100 %, 20 %
2026/09/20 10:58:07.868, 3, 830.93 W, 50, 2032 MHz, 3996 MHz, 100 %, 22 %
2026/09/20 10:58:07.868, 4, 183.21 W, 33, 120 MHz, 3996 MHz, 0 %, 0 %
2026/09/20 10:58:07.868, 5, 179.47 W, 31, 120 MHz, 3996 MHz, 0 %, 0 %
2026/09/20 10:58:07.869, 6, 180.13 W, 28, 120 MHz, 3996 MHz, 0 %, 0 %
2026/09/20 10:58:07.869, 7, 184.09 W, 29, 120 MHz, 3996 MHz, 0 %, 0 %
2026/09/20 10:58:08.869, 0, 915.16 W, 64, 1935 MHz, 3996 MHz, 100 %, 34 %
2026/09/20 10:58:08.869, 1, 964.10 W, 65, 1822 MHz, 3996 MHz, 100 %, 35 %
2026/09/20 10:58:08.869, 2, 877.60 W, 54, 1942 MHz, 3996 MHz, 100 %, 35 %
2026/09/20 10:58:08.869, 3, 832.48 W, 47, 2032 MHz, 3996 MHz, 100 %, 17 %
2026/09/20 10:58:08.869, 4, 183.25 W, 33, 120 MHz, 3996 MHz, 0 %, 0 %
2026/09/20 10:58:08.869, 5, 179.46 W, 31, 120 MHz, 3996 MHz, 0 %, 0 %
2026/09/20 10:58:08.869, 6, 180.13 W, 28, 120 MHz, 3996 MHz, 0 %, 0 %
2026/09/20 10:58:08.869, 7, 184.09 W, 29, 120 MHz, 3996 MHz, 0 %, 0 %
2026/09/20 10:58:09.869, 0, 755.34 W, 55, 2032 MHz, 3996 MHz, 100 %, 10 %
2026/09/20 10:58:09.869, 1, 774.79 W, 56, 2032 MHz, 3996 MHz, 100 %, 12 %
2026/09/20 10:58:09.869, 2, 878.79 W, 46, 2032 MHz, 3996 MHz, 100 %, 29 %
2026/09/20 10:58:09.869, 3, 870.82 W, 55, 1747 MHz, 3996 MHz, 100 %, 34 %
2026/09/20 10:58:09.869, 4, 183.25 W, 33, 120 MHz, 3996 MHz, 0 %, 0 %
2026/09/20 10:58:09.869, 5, 179.47 W, 31, 120 MHz, 3996 MHz, 0 %, 0 %
2026/09/20 10:58:09.869, 6, 180.15 W, 28, 120 MHz, 3996 MHz, 0 %, 0 %
2026/09/20 10:58:09.869, 7, 184.09 W, 29, 120 MHz, 3996 MHz, 0 %, 0 %
2026/09/20 10:58:10.869, 0, 885.83 W, 62, 2010 MHz, 3996 MHz, 100 %, 33 %
2026/09/20 10:58:10.869, 1, 769.64 W, 59, 2032 MHz, 3996 MHz, 100 %, 14 %
2026/09/20 10:58:10.869, 2, 864.40 W, 54, 1732 MHz, 3996 MHz, 100 %, 35 %
2026/09/20 10:58:10.869, 3, 713.09 W, 48, 2032 MHz, 3996 MHz, 100 %, 14 %
2026/09/20 10:58:10.869, 4, 183.25 W, 33, 120 MHz, 3996 MHz, 0 %, 0 %
2026/09/20 10:58:10.869, 5, 179.47 W, 31, 120 MHz, 3996 MHz, 0 %, 0 %
2026/09/20 10:58:10.869, 6, 180.13 W, 29, 120 MHz, 3996 MHz, 0 %, 0 %
2026/09/20 10:58:10.869, 7, 184.09 W, 29, 120 MHz, 3996 MHz, 0 %, 0 %
2026/09/20 10:58:11.869, 0, 613.72 W, 54, 2032 MHz, 3996 MHz, 100 %, 11 %
2026/09/20 10:58:11.870, 1, 644.68 W, 55, 2032 MHz, 3996 MHz, 100 %, 11 %
2026/09/20 10:58:11.870, 2, 1038.31 W, 56, 1710 MHz, 3996 MHz, 100 %, 41 %
2026/09/20 10:58:11.870, 3, 862.17 W, 47, 2032 MHz, 3996 MHz, 100 %, 10 %
2026/09/20 10:58:11.870, 4, 183.25 W, 33, 120 MHz, 3996 MHz, 0 %, 0 %
2026/09/20 10:58:11.870, 5, 179.47 W, 31, 120 MHz, 3996 MHz, 0 %, 0 %
2026/09/20 10:58:11.870, 6, 180.16 W, 29, 120 MHz, 3996 MHz, 0 %, 0 %
2026/09/20 10:58:11.870, 7, 184.09 W, 29, 120 MHz, 3996 MHz, 0 %, 0 %
2026/09/20 10:58:12.870, 0, 932.45 W, 59, 2032 MHz, 3996 MHz, 100 %, 13 %
2026/09/20 10:58:12.870, 1, 913.92 W, 60, 2032 MHz, 3996 MHz, 100 %, 35 %
2026/09/20 10:58:12.870, 2, 714.66 W, 49, 2032 MHz, 3996 MHz, 100 %, 53 %
2026/09/20 10:58:12.870, 3, 740.16 W, 54, 1762 MHz, 3996 MHz, 100 %, 37 %
2026/09/20 10:58:12.870, 4, 183.21 W, 33, 120 MHz, 3996 MHz, 0 %, 0 %
2026/09/20 10:58:12.870, 5, 179.50 W, 31, 120 MHz, 3996 MHz, 0 %, 0 %
2026/09/20 10:58:12.870, 6, 180.14 W, 29, 120 MHz, 3996 MHz, 0 %, 0 %
2026/09/20 10:58:12.870, 7, 184.09 W, 29, 120 MHz, 3996 MHz, 0 %, 0 %
2026/09/20 10:58:13.870, 0, 903.32 W, 57, 2032 MHz, 3996 MHz, 100 %, 29 %
2026/09/20 10:58:13.870, 1, 912.80 W, 59, 2032 MHz, 3996 MHz, 100 %, 52 %
2026/09/20 10:58:13.870, 2, 740.82 W, 54, 1905 MHz, 3996 MHz, 100 %, 52 %
2026/09/20 10:58:13.870, 3, 791.65 W, 53, 1980 MHz, 3996 MHz, 100 %, 38 %
2026/09/20 10:58:13.870, 4, 183.25 W, 33, 120 MHz, 3996 MHz, 0 %, 0 %
2026/09/20 10:58:13.870, 5, 179.46 W, 31, 120 MHz, 3996 MHz, 0 %, 0 %
2026/09/20 10:58:13.870, 6, 180.15 W, 29, 120 MHz, 3996 MHz, 0 %, 0 %
2026/09/20 10:58:13.870, 7, 184.09 W, 29, 120 MHz, 3996 MHz, 0 %, 0 %
2026/09/20 10:58:14.870, 0, 906.85 W, 61, 2032 MHz, 3996 MHz, 100 %, 39 %
2026/09/20 10:58:14.870, 1, 898.54 W, 62, 2032 MHz, 3996 MHz, 100 %, 35 %
2026/09/20 10:58:14.870, 2, 1039.74 W, 53, 2032 MHz, 3996 MHz, 100 %, 33 %
2026/09/20 10:58:14.871, 3, 788.58 W, 50, 2032 MHz, 3996 MHz, 100 %, 34 %
2026/09/20 10:58:14.871, 4, 183.25 W, 33, 120 MHz, 3996 MHz, 0 %, 0 %
2026/09/20 10:58:14.871, 5, 179.47 W, 31, 120 MHz, 3996 MHz, 0 %, 0 %
2026/09/20 10:58:14.871, 6, 180.14 W, 29, 120 MHz, 3996 MHz, 0 %, 0 %
2026/09/20 10:58:14.871, 7, 184.09 W, 29, 120 MHz, 3996 MHz, 0 %, 0 %
2026/09/20 10:58:15.871, 0, 936.88 W, 61, 2032 MHz, 3996 MHz, 100 %, 43 %
2026/09/20 10:58:15.871, 1, 932.97 W, 62, 2032 MHz, 3996 MHz, 100 %, 33 %
2026/09/20 10:58:15.871, 2, 695.35 W, 52, 1972 MHz, 3996 MHz, 100 %, 14 %
2026/09/20 10:58:15.871, 3, 788.28 W, 48, 2032 MHz, 3996 MHz, 100 %, 37 %
2026/09/20 10:58:15.871, 4, 183.25 W, 33, 120 MHz, 3996 MHz, 0 %, 0 %
2026/09/20 10:58:15.871, 5, 179.47 W, 31, 120 MHz, 3996 MHz, 0 %, 0 %
2026/09/20 10:58:15.871, 6, 180.14 W, 29, 120 MHz, 3996 MHz, 0 %, 0 %
2026/09/20 10:58:15.871, 7, 184.09 W, 29, 120 MHz, 3996 MHz, 0 %, 0 %
2026/09/20 10:58:16.871, 0, 916.88 W, 58, 2025 MHz, 3996 MHz, 100 %, 34 %
2026/09/20 10:58:16.871, 1, 740.17 W, 62, 1785 MHz, 3996 MHz, 100 %, 15 %
2026/09/20 10:58:16.871, 2, 753.58 W, 48, 2032 MHz, 3996 MHz, 100 %, 14 %
2026/09/20 10:58:16.871, 3, 924.22 W, 51, 2025 MHz, 3996 MHz, 100 %, 33 %
2026/09/20 10:58:16.871, 4, 183.25 W, 33, 120 MHz, 3996 MHz, 0 %, 0 %
2026/09/20 10:58:16.871, 5, 179.47 W, 31, 120 MHz, 3996 MHz, 0 %, 0 %
2026/09/20 10:58:16.871, 6, 180.13 W, 29, 120 MHz, 3996 MHz, 0 %, 0 %
2026/09/20 10:58:16.871, 7, 184.09 W, 29, 120 MHz, 3996 MHz, 0 %, 0 %
2026/09/20 10:58:17.871, 0, 733.95 W, 61, 2032 MHz, 3996 MHz, 100 %, 21 %
2026/09/20 10:58:17.871, 1, 930.76 W, 62, 2032 MHz, 3996 MHz, 100 %, 12 %
2026/09/20 10:58:17.871, 2, 800.47 W, 51, 2010 MHz, 3996 MHz, 100 %, 35 %
2026/09/20 10:58:17.871, 3, 696.08 W, 51, 2032 MHz, 3996 MHz, 100 %, 27 %
2026/09/20 10:58:17.871, 4, 183.25 W, 33, 120 MHz, 3996 MHz, 0 %, 0 %
2026/09/20 10:58:17.871, 5, 179.47 W, 31, 120 MHz, 3996 MHz, 0 %, 0 %
2026/09/20 10:58:17.872, 6, 180.10 W, 29, 120 MHz, 3996 MHz, 0 %, 0 %
2026/09/20 10:58:17.872, 7, 184.09 W, 29, 120 MHz, 3996 MHz, 0 %, 0 %
2026/09/20 10:58:18.872, 0, 793.13 W, 57, 2032 MHz, 3996 MHz, 100 %, 52 %
2026/09/20 10:58:18.872, 1, 948.39 W, 63, 2032 MHz, 3996 MHz, 100 %, 44 %
2026/09/20 10:58:18.872, 2, 673.96 W, 49, 2032 MHz, 3996 MHz, 100 %, 19 %
2026/09/20 10:58:18.872, 3, 678.00 W, 49, 2032 MHz, 3996 MHz, 100 %, 52 %
2026/09/20 10:58:18.872, 4, 183.25 W, 33, 120 MHz, 3996 MHz, 0 %, 0 %
2026/09/20 10:58:18.872, 5, 179.47 W, 31, 120 MHz, 3996 MHz, 0 %, 0 %
2026/09/20 10:58:18.872, 6, 180.11 W, 29, 120 MHz, 3996 MHz, 0 %, 0 %
2026/09/20 10:58:18.872, 7, 184.09 W, 29, 120 MHz, 3996 MHz, 0 %, 0 %
2026/09/20 10:58:19.872, 0, 729.00 W, 64, 2002 MHz, 3996 MHz, 100 %, 39 %
2026/09/20 10:58:19.872, 1, 709.28 W, 64, 1965 MHz, 3996 MHz, 100 %, 23 %
2026/09/20 10:58:19.872, 2, 811.03 W, 54, 1912 MHz, 3996 MHz, 100 %, 35 %
2026/09/20 10:58:19.872, 3, 879.46 W, 48, 2032 MHz, 3996 MHz, 100 %, 36 %
2026/09/20 10:58:19.872, 4, 183.25 W, 33, 120 MHz, 3996 MHz, 0 %, 0 %
2026/09/20 10:58:19.872, 5, 179.47 W, 31, 120 MHz, 3996 MHz, 0 %, 0 %
2026/09/20 10:58:19.872, 6, 180.11 W, 29, 120 MHz, 3996 MHz, 0 %, 0 %
2026/09/20 10:58:19.872, 7, 184.09 W, 29, 120 MHz, 3996 MHz, 0 %, 0 %
2026/09/20 10:58:20.872, 0, 932.66 W, 62, 2032 MHz, 3996 MHz, 100 %, 53 %
2026/09/20 10:58:20.872, 1, 930.39 W, 63, 2032 MHz, 3996 MHz, 100 %, 53 %
2026/09/20 10:58:20.872, 2, 1036.00 W, 53, 2032 MHz, 3996 MHz, 100 %, 45 %
2026/09/20 10:58:20.872, 3, 728.66 W, 51, 2032 MHz, 3996 MHz, 100 %, 53 %
2026/09/20 10:58:20.872, 4, 183.25 W, 33, 120 MHz, 3996 MHz, 0 %, 0 %
2026/09/20 10:58:20.872, 5, 179.46 W, 31, 120 MHz, 3996 MHz, 0 %, 0 %
2026/09/20 10:58:20.872, 6, 180.14 W, 29, 120 MHz, 3996 MHz, 0 %, 0 %
2026/09/20 10:58:20.872, 7, 184.09 W, 29, 120 MHz, 3996 MHz, 0 %, 0 %
2026/09/20 10:58:21.872, 0, 952.86 W, 61, 2032 MHz, 3996 MHz, 100 %, 12 %
2026/09/20 10:58:21.872, 1, 965.79 W, 61, 2032 MHz, 3996 MHz, 100 %, 13 %
2026/09/20 10:58:21.873, 2, 685.87 W, 49, 2032 MHz, 3996 MHz, 100 %, 26 %
2026/09/20 10:58:21.873, 3, 1061.61 W, 56, 1717 MHz, 3996 MHz, 100 %, 35 %
2026/09/20 10:58:21.873, 4, 183.25 W, 33, 120 MHz, 3996 MHz, 0 %, 0 %
2026/09/20 10:58:21.873, 5, 179.46 W, 31, 120 MHz, 3996 MHz, 0 %, 0 %
2026/09/20 10:58:21.873, 6, 180.20 W, 29, 120 MHz, 3996 MHz, 0 %, 0 %
2026/09/20 10:58:21.873, 7, 184.09 W, 29, 120 MHz, 3996 MHz, 0 %, 0 %
2026/09/20 10:58:22.873, 0, 945.86 W, 61, 2032 MHz, 3996 MHz, 100 %, 13 %
2026/09/20 10:58:22.873, 1, 700.88 W, 60, 2032 MHz, 3996 MHz, 100 %, 32 %
2026/09/20 10:58:22.873, 2, 944.12 W, 50, 2032 MHz, 3996 MHz, 100 %, 42 %
2026/09/20 10:58:22.873, 3, 785.98 W, 54, 1792 MHz, 3996 MHz, 100 %, 36 %
2026/09/20 10:58:22.873, 4, 183.25 W, 33, 120 MHz, 3996 MHz, 0 %, 0 %
2026/09/20 10:58:22.873, 5, 179.46 W, 31, 120 MHz, 3996 MHz, 0 %, 0 %
2026/09/20 10:58:22.873, 6, 180.15 W, 29, 120 MHz, 3996 MHz, 0 %, 0 %
2026/09/20 10:58:22.873, 7, 184.09 W, 29, 120 MHz, 3996 MHz, 0 %, 0 %
2026/09/20 10:58:23.873, 0, 781.14 W, 64, 1972 MHz, 3996 MHz, 100 %, 33 %
2026/09/20 10:58:23.873, 1, 861.49 W, 59, 2032 MHz, 3996 MHz, 100 %, 18 %
2026/09/20 10:58:23.873, 2, 759.34 W, 54, 1942 MHz, 3996 MHz, 100 %, 36 %
2026/09/20 10:58:23.873, 3, 814.43 W, 55, 1905 MHz, 3996 MHz, 100 %, 34 %
2026/09/20 10:58:23.873, 4, 183.25 W, 33, 120 MHz, 3996 MHz, 0 %, 0 %
2026/09/20 10:58:23.873, 5, 179.46 W, 31, 120 MHz, 3996 MHz, 0 %, 0 %
2026/09/20 10:58:23.873, 6, 180.15 W, 29, 120 MHz, 3996 MHz, 0 %, 0 %
2026/09/20 10:58:23.873, 7, 184.09 W, 29, 120 MHz, 3996 MHz, 0 %, 0 %
2026/09/20 10:58:24.873, 0, 799.50 W, 57, 2032 MHz, 3996 MHz, 100 %, 28 %
2026/09/20 10:58:24.873, 1, 732.67 W, 58, 2032 MHz, 3996 MHz, 100 %, 53 %
2026/09/20 10:58:24.873, 2, 1048.23 W, 56, 1770 MHz, 3996 MHz, 99 %, 53 %
2026/09/20 10:58:24.873, 3, 802.33 W, 48, 2032 MHz, 3996 MHz, 100 %, 22 %
2026/09/20 10:58:24.873, 4, 183.25 W, 33, 120 MHz, 3996 MHz, 0 %, 0 %
2026/09/20 10:58:24.874, 5, 179.46 W, 31, 120 MHz, 3996 MHz, 0 %, 0 %
2026/09/20 10:58:24.874, 6, 180.14 W, 29, 120 MHz, 3996 MHz, 0 %, 0 %
2026/09/20 10:58:24.874, 7, 184.09 W, 29, 120 MHz, 3996 MHz, 0 %, 0 %
2026/09/20 10:58:25.874, 0, 800.03 W, 57, 2032 MHz, 3996 MHz, 100 %, 26 %
2026/09/20 10:58:25.874, 1, 698.40 W, 65, 1725 MHz, 3996 MHz, 100 %, 52 %
2026/09/20 10:58:25.874, 2, 703.78 W, 46, 2032 MHz, 3996 MHz, 100 %, 52 %
2026/09/20 10:58:25.874, 3, 551.98 W, 46, 2032 MHz, 3996 MHz, 100 %, 20 %
2026/09/20 10:58:25.874, 4, 183.25 W, 33, 120 MHz, 3996 MHz, 0 %, 0 %
2026/09/20 10:58:25.874, 5, 179.47 W, 31, 120 MHz, 3996 MHz, 0 %, 0 %
2026/09/20 10:58:25.874, 6, 180.14 W, 29, 120 MHz, 3996 MHz, 0 %, 0 %
2026/09/20 10:58:25.874, 7, 184.09 W, 29, 120 MHz, 3996 MHz, 0 %, 0 %
2026/09/20 10:58:26.874, 0, 543.73 W, 55, 2032 MHz, 3996 MHz, 100 %, 10 %
2026/09/20 10:58:26.874, 1, 826.51 W, 65, 1710 MHz, 3996 MHz, 100 %, 43 %
2026/09/20 10:58:26.874, 2, 782.14 W, 47, 2032 MHz, 3996 MHz, 100 %, 42 %
2026/09/20 10:58:26.874, 3, 787.57 W, 47, 2032 MHz, 3996 MHz, 100 %, 11 %
2026/09/20 10:58:26.874, 4, 183.25 W, 33, 120 MHz, 3996 MHz, 0 %, 0 %
2026/09/20 10:58:26.874, 5, 179.46 W, 31, 120 MHz, 3996 MHz, 0 %, 0 %
2026/09/20 10:58:26.874, 6, 180.10 W, 29, 120 MHz, 3996 MHz, 0 %, 0 %
2026/09/20 10:58:26.874, 7, 184.09 W, 29, 120 MHz, 3996 MHz, 0 %, 0 %
2026/09/20 10:58:27.874, 0, 910.90 W, 59, 2032 MHz, 3996 MHz, 100 %, 54 %
2026/09/20 10:58:27.874, 1, 772.11 W, 62, 2032 MHz, 3996 MHz, 100 %, 53 %
2026/09/20 10:58:27.874, 2, 642.62 W, 50, 2032 MHz, 3996 MHz, 100 %, 38 %
2026/09/20 10:58:27.874, 3, 656.82 W, 49, 2032 MHz, 3996 MHz, 99 %, 53 %
2026/09/20 10:58:27.874, 4, 183.25 W, 33, 120 MHz, 3996 MHz, 0 %, 0 %
2026/09/20 10:58:27.874, 5, 179.47 W, 31, 120 MHz, 3996 MHz, 0 %, 0 %
2026/09/20 10:58:27.874, 6, 180.19 W, 29, 120 MHz, 3996 MHz, 0 %, 0 %
2026/09/20 10:58:27.874, 7, 184.09 W, 29, 120 MHz, 3996 MHz, 0 %, 0 %
2026/09/20 10:58:28.875, 0, 831.19 W, 63, 2032 MHz, 3996 MHz, 100 %, 34 %
2026/09/20 10:58:28.875, 1, 825.97 W, 63, 2017 MHz, 3996 MHz, 100 %, 33 %
2026/09/20 10:58:28.875, 2, 798.17 W, 47, 2032 MHz, 3996 MHz, 100 %, 14 %
2026/09/20 10:58:28.875, 3, 548.21 W, 48, 2032 MHz, 3996 MHz, 100 %, 16 %
2026/09/20 10:58:28.875, 4, 183.25 W, 33, 120 MHz, 3996 MHz, 0 %, 0 %
2026/09/20 10:58:28.875, 5, 179.46 W, 31, 120 MHz, 3996 MHz, 0 %, 0 %
2026/09/20 10:58:28.875, 6, 180.16 W, 29, 120 MHz, 3996 MHz, 0 %, 0 %
2026/09/20 10:58:28.875, 7, 184.09 W, 29, 120 MHz, 3996 MHz, 0 %, 0 %
2026/09/20 10:58:29.875, 0, 697.92 W, 58, 2032 MHz, 3996 MHz, 100 %, 10 %
2026/09/20 10:58:29.875, 1, 815.27 W, 57, 2032 MHz, 3996 MHz, 100 %, 11 %
2026/09/20 10:58:29.875, 2, 933.75 W, 55, 1672 MHz, 3996 MHz, 100 %, 34 %
2026/09/20 10:58:29.875, 3, 682.25 W, 45, 2032 MHz, 3996 MHz, 100 %, 10 %
2026/09/20 10:58:29.875, 4, 183.25 W, 33, 120 MHz, 3996 MHz, 0 %, 0 %
2026/09/20 10:58:29.875, 5, 179.47 W, 31, 120 MHz, 3996 MHz, 0 %, 0 %
2026/09/20 10:58:29.875, 6, 180.18 W, 29, 120 MHz, 3996 MHz, 0 %, 0 %
2026/09/20 10:58:29.875, 7, 184.09 W, 29, 120 MHz, 3996 MHz, 0 %, 0 %
2026/09/20 10:58:30.875, 0, 916.61 W, 66, 1935 MHz, 3996 MHz, 100 %, 53 %
2026/09/20 10:58:30.875, 1, 870.93 W, 63, 2032 MHz, 3996 MHz, 100 %, 53 %
2026/09/20 10:58:30.875, 2, 860.61 W, 51, 2032 MHz, 3996 MHz, 99 %, 53 %
2026/09/20 10:58:30.875, 3, 973.04 W, 52, 2032 MHz, 3996 MHz, 100 %, 53 %
2026/09/20 10:58:30.875, 4, 183.25 W, 33, 120 MHz, 3996 MHz, 0 %, 0 %
2026/09/20 10:58:30.875, 5, 179.47 W, 31, 120 MHz, 3996 MHz, 0 %, 0 %
2026/09/20 10:58:30.875, 6, 180.16 W, 29, 120 MHz, 3996 MHz, 0 %, 0 %
2026/09/20 10:58:30.875, 7, 184.09 W, 29, 120 MHz, 3996 MHz, 0 %, 0 %
2026/09/20 10:58:31.875, 0, 934.19 W, 61, 2032 MHz, 3996 MHz, 100 %, 12 %
2026/09/20 10:58:31.875, 1, 727.14 W, 61, 2032 MHz, 3996 MHz, 100 %, 13 %
2026/09/20 10:58:31.875, 2, 692.14 W, 49, 2032 MHz, 3996 MHz, 100 %, 13 %
2026/09/20 10:58:31.875, 3, 828.03 W, 55, 1725 MHz, 3996 MHz, 100 %, 35 %
2026/09/20 10:58:31.875, 4, 183.25 W, 33, 120 MHz, 3996 MHz, 0 %, 0 %
2026/09/20 10:58:31.875, 5, 179.47 W, 31, 120 MHz, 3996 MHz, 0 %, 0 %
2026/09/20 10:58:31.876, 6, 180.16 W, 29, 120 MHz, 3996 MHz, 0 %, 0 %
2026/09/20 10:58:31.876, 7, 184.09 W, 29, 120 MHz, 3996 MHz, 0 %, 0 %
2026/09/20 10:58:32.876, 0, 559.78 W, 60, 2032 MHz, 3996 MHz, 100 %, 13 %
2026/09/20 10:58:32.876, 1, 562.72 W, 60, 2032 MHz, 3996 MHz, 100 %, 11 %
2026/09/20 10:58:32.876, 2, 796.66 W, 49, 2032 MHz, 3996 MHz, 100 %, 15 %
2026/09/20 10:58:32.876, 3, 793.37 W, 52, 2032 MHz, 3996 MHz, 100 %, 38 %
2026/09/20 10:58:32.876, 4, 183.25 W, 33, 120 MHz, 3996 MHz, 0 %, 0 %
2026/09/20 10:58:32.876, 5, 179.47 W, 31, 120 MHz, 3996 MHz, 0 %, 0 %
2026/09/20 10:58:32.876, 6, 180.21 W, 29, 120 MHz, 3996 MHz, 0 %, 0 %
2026/09/20 10:58:32.876, 7, 184.09 W, 29, 120 MHz, 3996 MHz, 0 %, 0 %
2026/09/20 10:58:33.876, 0, 1008.82 W, 66, 1845 MHz, 3996 MHz, 100 %, 35 %
2026/09/20 10:58:33.876, 1, 863.06 W, 58, 2032 MHz, 3996 MHz, 100 %, 29 %
2026/09/20 10:58:33.876, 2, 849.53 W, 48, 2032 MHz, 3996 MHz, 100 %, 15 %
2026/09/20 10:58:33.876, 3, 980.89 W, 56, 1965 MHz, 3996 MHz, 100 %, 34 %
2026/09/20 10:58:33.876, 4, 183.25 W, 33, 120 MHz, 3996 MHz, 0 %, 0 %
2026/09/20 10:58:33.876, 5, 179.46 W, 31, 120 MHz, 3996 MHz, 0 %, 0 %
2026/09/20 10:58:33.876, 6, 180.17 W, 29, 120 MHz, 3996 MHz, 0 %, 0 %
2026/09/20 10:58:33.876, 7, 184.09 W, 29, 120 MHz, 3996 MHz, 0 %, 0 %
2026/09/20 10:58:34.876, 0, 977.34 W, 63, 2032 MHz, 3996 MHz, 100 %, 53 %
2026/09/20 10:58:34.876, 1, 883.60 W, 63, 2032 MHz, 3996 MHz, 100 %, 53 %
2026/09/20 10:58:34.876, 2, 830.26 W, 52, 2032 MHz, 3996 MHz, 99 %, 53 %
2026/09/20 10:58:34.876, 3, 966.00 W, 53, 2032 MHz, 3996 MHz, 100 %, 53 %
2026/09/20 10:58:34.876, 4, 183.25 W, 33, 120 MHz, 3996 MHz, 0 %, 0 %
2026/09/20 10:58:34.876, 5, 179.47 W, 31, 120 MHz, 3996 MHz, 0 %, 0 %
2026/09/20 10:58:34.876, 6, 180.17 W, 29, 120 MHz, 3996 MHz, 0 %, 0 %
2026/09/20 10:58:34.876, 7, 184.09 W, 29, 120 MHz, 3996 MHz, 0 %, 0 %
2026/09/20 10:58:35.877, 0, 827.42 W, 58, 2032 MHz, 3996 MHz, 100 %, 15 %
2026/09/20 10:58:35.877, 1, 1010.76 W, 67, 1860 MHz, 3996 MHz, 100 %, 35 %
2026/09/20 10:58:35.877, 2, 988.08 W, 56, 1852 MHz, 3996 MHz, 100 %, 35 %
2026/09/20 10:58:35.877, 3, 806.63 W, 48, 2032 MHz, 3996 MHz, 100 %, 14 %
2026/09/20 10:58:35.877, 4, 183.25 W, 33, 120 MHz, 3996 MHz, 0 %, 0 %
2026/09/20 10:58:35.877, 5, 179.46 W, 31, 120 MHz, 3996 MHz, 0 %, 0 %
2026/09/20 10:58:35.877, 6, 180.14 W, 29, 120 MHz, 3996 MHz, 0 %, 0 %
2026/09/20 10:58:35.877, 7, 184.09 W, 29, 120 MHz, 3996 MHz, 0 %, 0 %
2026/09/20 10:58:36.877, 0, 842.69 W, 61, 2032 MHz, 3996 MHz, 100 %, 13 %
2026/09/20 10:58:36.877, 1, 926.61 W, 62, 2032 MHz, 3996 MHz, 100 %, 16 %
2026/09/20 10:58:36.877, 2, 917.24 W, 51, 2032 MHz, 3996 MHz, 100 %, 13 %
2026/09/20 10:58:36.877, 3, 922.39 W, 56, 1710 MHz, 3996 MHz, 100 %, 35 %
2026/09/20 10:58:36.877, 4, 183.25 W, 33, 120 MHz, 3996 MHz, 0 %, 0 %
2026/09/20 10:58:36.877, 5, 179.47 W, 31, 120 MHz, 3996 MHz, 0 %, 0 %
2026/09/20 10:58:36.877, 6, 180.14 W, 29, 120 MHz, 3996 MHz, 0 %, 0 %
2026/09/20 10:58:36.877, 7, 184.09 W, 29, 120 MHz, 3996 MHz, 0 %, 0 %
2026/09/20 10:58:37.877, 0, 996.89 W, 66, 1830 MHz, 3996 MHz, 100 %, 36 %
2026/09/20 10:58:37.877, 1, 848.97 W, 59, 2032 MHz, 3996 MHz, 100 %, 29 %
2026/09/20 10:58:37.877, 2, 955.71 W, 55, 1987 MHz, 3996 MHz, 100 %, 33 %
2026/09/20 10:58:37.877, 3, 832.85 W, 49, 2032 MHz, 3996 MHz, 100 %, 15 %
2026/09/20 10:58:37.877, 4, 183.25 W, 33, 120 MHz, 3996 MHz, 0 %, 0 %
2026/09/20 10:58:37.877, 5, 179.50 W, 31, 120 MHz, 3996 MHz, 0 %, 0 %
2026/09/20 10:58:37.877, 6, 180.17 W, 29, 120 MHz, 3996 MHz, 0 %, 0 %
2026/09/20 10:58:37.877, 7, 184.09 W, 29, 120 MHz, 3996 MHz, 0 %, 0 %
2026/09/20 10:58:38.877, 0, 911.59 W, 61, 2032 MHz, 3996 MHz, 100 %, 12 %
2026/09/20 10:58:38.878, 1, 818.41 W, 62, 2032 MHz, 3996 MHz, 100 %, 14 %
2026/09/20 10:58:38.878, 2, 915.52 W, 51, 2032 MHz, 3996 MHz, 100 %, 13 %
2026/09/20 10:58:38.878, 3, 911.81 W, 56, 1687 MHz, 3996 MHz, 100 %, 35 %
2026/09/20 10:58:38.878, 4, 183.25 W, 33, 120 MHz, 3996 MHz, 0 %, 0 %
2026/09/20 10:58:38.878, 5, 179.46 W, 31, 120 MHz, 3996 MHz, 0 %, 0 %
2026/09/20 10:58:38.878, 6, 180.15 W, 29, 120 MHz, 3996 MHz, 0 %, 0 %
2026/09/20 10:58:38.878, 7, 184.09 W, 29, 120 MHz, 3996 MHz, 0 %, 0 %
2026/09/20 10:58:39.878, 0, 822.91 W, 63, 1867 MHz, 3996 MHz, 100 %, 35 %
2026/09/20 10:58:39.878, 1, 803.08 W, 58, 2032 MHz, 3996 MHz, 100 %, 14 %
2026/09/20 10:58:39.878, 2, 798.39 W, 56, 1912 MHz, 3996 MHz, 100 %, 33 %
2026/09/20 10:58:39.878, 3, 559.05 W, 47, 2032 MHz, 3996 MHz, 100 %, 15 %
2026/09/20 10:58:39.878, 4, 183.25 W, 33, 120 MHz, 3996 MHz, 0 %, 0 %
2026/09/20 10:58:39.878, 5, 179.46 W, 31, 120 MHz, 3996 MHz, 0 %, 0 %
2026/09/20 10:58:39.878, 6, 180.16 W, 29, 120 MHz, 3996 MHz, 0 %, 0 %
2026/09/20 10:58:39.878, 7, 184.09 W, 29, 120 MHz, 3996 MHz, 0 %, 0 %
2026/09/20 10:58:40.878, 0, 845.22 W, 65, 1987 MHz, 3996 MHz, 100 %, 33 %
2026/09/20 10:58:40.878, 1, 1061.23 W, 67, 1980 MHz, 3996 MHz, 100 %, 32 %
2026/09/20 10:58:40.878, 2, 825.85 W, 56, 1800 MHz, 3996 MHz, 100 %, 35 %
2026/09/20 10:58:40.878, 3, 831.31 W, 48, 2032 MHz, 3996 MHz, 100 %, 18 %
2026/09/20 10:58:40.878, 4, 183.25 W, 33, 120 MHz, 3996 MHz, 0 %, 0 %
2026/09/20 10:58:40.878, 5, 179.46 W, 31, 120 MHz, 3996 MHz, 0 %, 0 %
2026/09/20 10:58:40.878, 6, 180.16 W, 29, 120 MHz, 3996 MHz, 0 %, 0 %
2026/09/20 10:58:40.878, 7, 184.09 W, 29, 120 MHz, 3996 MHz, 0 %, 0 %
2026/09/20 10:58:41.878, 0, 694.25 W, 60, 2032 MHz, 3996 MHz, 100 %, 13 %
2026/09/20 10:58:41.878, 1, 811.87 W, 67, 1627 MHz, 3996 MHz, 100 %, 34 %
2026/09/20 10:58:41.878, 2, 685.66 W, 49, 2032 MHz, 3996 MHz, 100 %, 12 %
2026/09/20 10:58:41.878, 3, 918.65 W, 51, 2032 MHz, 3996 MHz, 100 %, 12 %
2026/09/20 10:58:41.878, 4, 183.25 W, 33, 120 MHz, 3996 MHz, 0 %, 0 %
2026/09/20 10:58:41.879, 5, 179.54 W, 31, 120 MHz, 3996 MHz, 0 %, 0 %
2026/09/20 10:58:41.879, 6, 180.20 W, 29, 120 MHz, 3996 MHz, 0 %, 0 %
2026/09/20 10:58:41.879, 7, 184.09 W, 29, 120 MHz, 3996 MHz, 0 %, 0 %
2026/09/20 10:58:42.879, 0, 974.11 W, 61, 2032 MHz, 3996 MHz, 100 %, 53 %
2026/09/20 10:58:42.879, 1, 784.45 W, 62, 2017 MHz, 3996 MHz, 100 %, 53 %
2026/09/20 10:58:42.879, 2, 980.12 W, 53, 2032 MHz, 3996 MHz, 100 %, 53 %
2026/09/20 10:58:42.879, 3, 744.81 W, 51, 1987 MHz, 3996 MHz, 100 %, 53 %
2026/09/20 10:58:42.879, 4, 183.25 W, 33, 120 MHz, 3996 MHz, 0 %, 0 %
2026/09/20 10:58:42.879, 5, 179.50 W, 31, 120 MHz, 3996 MHz, 0 %, 0 %
2026/09/20 10:58:42.879, 6, 180.15 W, 29, 120 MHz, 3996 MHz, 0 %, 0 %
2026/09/20 10:58:42.879, 7, 184.09 W, 29, 120 MHz, 3996 MHz, 0 %, 0 %
2026/09/20 10:58:43.879, 0, 592.03 W, 60, 2032 MHz, 3996 MHz, 100 %, 14 %
2026/09/20 10:58:43.879, 1, 1048.08 W, 65, 2032 MHz, 3996 MHz, 100 %, 43 %
2026/09/20 10:58:43.879, 2, 548.78 W, 48, 2032 MHz, 3996 MHz, 100 %, 18 %
2026/09/20 10:58:43.879, 3, 796.65 W, 50, 2032 MHz, 3996 MHz, 100 %, 21 %
2026/09/20 10:58:43.879, 4, 183.25 W, 33, 120 MHz, 3996 MHz, 0 %, 0 %
2026/09/20 10:58:43.879, 5, 179.58 W, 31, 120 MHz, 3996 MHz, 0 %, 0 %
2026/09/20 10:58:43.879, 6, 180.18 W, 29, 120 MHz, 3996 MHz, 0 %, 0 %
2026/09/20 10:58:43.879, 7, 184.09 W, 29, 120 MHz, 3996 MHz, 0 %, 0 %
2026/09/20 10:58:44.879, 0, 959.44 W, 66, 1702 MHz, 3996 MHz, 100 %, 38 %
2026/09/20 10:58:44.879, 1, 675.24 W, 60, 2032 MHz, 3996 MHz, 100 %, 10 %
2026/09/20 10:58:44.879, 2, 785.65 W, 48, 2032 MHz, 3996 MHz, 100 %, 25 %
2026/09/20 10:58:44.879, 3, 650.13 W, 48, 2032 MHz, 3996 MHz, 100 %, 29 %
2026/09/20 10:58:44.879, 4, 183.25 W, 33, 120 MHz, 3996 MHz, 0 %, 0 %
2026/09/20 10:58:44.879, 5, 179.51 W, 31, 120 MHz, 3996 MHz, 0 %, 0 %
2026/09/20 10:58:44.879, 6, 180.13 W, 29, 120 MHz, 3996 MHz, 0 %, 0 %
2026/09/20 10:58:44.879, 7, 184.09 W, 29, 120 MHz, 3996 MHz, 0 %, 0 %
2026/09/20 10:58:45.879, 0, 810.10 W, 61, 2032 MHz, 3996 MHz, 100 %, 15 %
2026/09/20 10:58:45.880, 1, 741.83 W, 59, 2032 MHz, 3996 MHz, 100 %, 14 %
2026/09/20 10:58:45.880, 2, 942.72 W, 55, 1920 MHz, 3996 MHz, 100 %, 34 %
2026/09/20 10:58:45.880, 3, 951.44 W, 56, 1995 MHz, 3996 MHz, 100 %, 34 %
2026/09/20 10:58:45.880, 4, 183.25 W, 33, 120 MHz, 3996 MHz, 0 %, 0 %
2026/09/20 10:58:45.880, 5, 179.47 W, 31, 120 MHz, 3996 MHz, 0 %, 0 %
2026/09/20 10:58:45.883, 6, 180.26 W, 29, 120 MHz, 3996 MHz, 0 %, 0 %
2026/09/20 10:58:45.883, 7, 184.09 W, 29, 120 MHz, 3996 MHz, 0 %, 0 %
2026/09/20 10:58:46.883, 0, 772.13 W, 58, 2032 MHz, 3996 MHz, 100 %, 15 %
2026/09/20 10:58:46.883, 1, 940.10 W, 67, 1822 MHz, 3996 MHz, 100 %, 34 %
2026/09/20 10:58:46.883, 2, 907.57 W, 56, 1980 MHz, 3996 MHz, 100 %, 32 %
2026/09/20 10:58:46.883, 3, 871.36 W, 49, 2032 MHz, 3996 MHz, 100 %, 15 %
2026/09/20 10:58:46.883, 4, 183.25 W, 33, 120 MHz, 3996 MHz, 0 %, 0 %
2026/09/20 10:58:46.883, 5, 179.47 W, 31, 120 MHz, 3996 MHz, 0 %, 0 %
2026/09/20 10:58:46.883, 6, 180.18 W, 29, 120 MHz, 3996 MHz, 0 %, 0 %
2026/09/20 10:58:46.883, 7, 184.09 W, 29, 120 MHz, 3996 MHz, 0 %, 0 %
2026/09/20 10:58:47.884, 0, 743.95 W, 66, 1995 MHz, 3996 MHz, 100 %, 30 %
2026/09/20 10:58:47.884, 1, 844.49 W, 67, 1665 MHz, 3996 MHz, 100 %, 34 %
2026/09/20 10:58:47.884, 2, 621.28 W, 46, 2032 MHz, 3996 MHz, 100 %, 14 %
2026/09/20 10:58:47.884, 3, 767.70 W, 48, 2032 MHz, 3996 MHz, 100 %, 14 %
2026/09/20 10:58:47.884, 4, 183.25 W, 33, 120 MHz, 3996 MHz, 0 %, 0 %
2026/09/20 10:58:47.884, 5, 179.46 W, 31, 120 MHz, 3996 MHz, 0 %, 0 %
2026/09/20 10:58:47.884, 6, 180.16 W, 29, 120 MHz, 3996 MHz, 0 %, 0 %
2026/09/20 10:58:47.884, 7, 184.09 W, 29, 120 MHz, 3996 MHz, 0 %, 0 %
2026/09/20 10:58:48.884, 0, 610.41 W, 56, 2032 MHz, 3996 MHz, 100 %, 14 %
2026/09/20 10:58:48.884, 1, 615.08 W, 58, 2032 MHz, 3996 MHz, 100 %, 15 %
2026/09/20 10:58:48.884, 2, 994.55 W, 55, 1852 MHz, 3996 MHz, 100 %, 35 %
2026/09/20 10:58:48.884, 3, 784.56 W, 55, 1837 MHz, 3996 MHz, 100 %, 34 %
2026/09/20 10:58:48.884, 4, 183.25 W, 33, 120 MHz, 3996 MHz, 0 %, 0 %
2026/09/20 10:58:48.884, 5, 179.51 W, 31, 120 MHz, 3996 MHz, 0 %, 0 %
2026/09/20 10:58:48.884, 6, 180.14 W, 29, 120 MHz, 3996 MHz, 0 %, 0 %
2026/09/20 10:58:48.884, 7, 184.09 W, 29, 120 MHz, 3996 MHz, 0 %, 0 %
2026/09/20 10:58:49.884, 0, 1000.96 W, 62, 1987 MHz, 3996 MHz, 100 %, 32 %
2026/09/20 10:58:49.884, 1, 485.97 W, 55, 2032 MHz, 3996 MHz, 100 %, 10 %
2026/09/20 10:58:49.884, 2, 560.58 W, 45, 2032 MHz, 3996 MHz, 100 %, 10 %
2026/09/20 10:58:49.884, 3, 576.33 W, 53, 2032 MHz, 3996 MHz, 100 %, 10 %
2026/09/20 10:58:49.884, 4, 183.25 W, 33, 120 MHz, 3996 MHz, 0 %, 0 %
2026/09/20 10:58:49.884, 5, 179.50 W, 31, 120 MHz, 3996 MHz, 0 %, 0 %
2026/09/20 10:58:49.884, 6, 180.22 W, 29, 120 MHz, 3996 MHz, 0 %, 0 %
2026/09/20 10:58:49.884, 7, 184.09 W, 29, 120 MHz, 3996 MHz, 0 %, 0 %
2026/09/20 10:58:50.884, 0, 743.15 W, 65, 1942 MHz, 3996 MHz, 100 %, 42 %
2026/09/20 10:58:50.885, 1, 869.42 W, 59, 2032 MHz, 3996 MHz, 100 %, 43 %
2026/09/20 10:58:50.885, 2, 703.98 W, 52, 1935 MHz, 3996 MHz, 100 %, 43 %
2026/09/20 10:58:50.885, 3, 706.66 W, 46, 2032 MHz, 3996 MHz, 100 %, 26 %
2026/09/20 10:58:50.885, 4, 183.25 W, 34, 120 MHz, 3996 MHz, 0 %, 0 %
2026/09/20 10:58:50.885, 5, 179.51 W, 31, 120 MHz, 3996 MHz, 0 %, 0 %
2026/09/20 10:58:50.885, 6, 180.18 W, 29, 120 MHz, 3996 MHz, 0 %, 0 %
2026/09/20 10:58:50.885, 7, 184.09 W, 29, 120 MHz, 3996 MHz, 0 %, 0 %
2026/09/20 10:58:51.885, 0, 778.23 W, 61, 2032 MHz, 3996 MHz, 100 %, 53 %
2026/09/20 10:58:51.885, 1, 634.90 W, 61, 2032 MHz, 3996 MHz, 100 %, 44 %
2026/09/20 10:58:51.885, 2, 775.18 W, 49, 2032 MHz, 3996 MHz, 99 %, 53 %
2026/09/20 10:58:51.885, 3, 903.57 W, 52, 2032 MHz, 3996 MHz, 100 %, 53 %
2026/09/20 10:58:51.885, 4, 183.25 W, 34, 120 MHz, 3996 MHz, 0 %, 0 %
2026/09/20 10:58:51.885, 5, 179.46 W, 31, 120 MHz, 3996 MHz, 0 %, 0 %
2026/09/20 10:58:51.885, 6, 180.18 W, 29, 120 MHz, 3996 MHz, 0 %, 0 %
2026/09/20 10:58:51.885, 7, 184.09 W, 29, 120 MHz, 3996 MHz, 0 %, 0 %
2026/09/20 10:58:52.885, 0, 867.78 W, 58, 2032 MHz, 3996 MHz, 100 %, 15 %
2026/09/20 10:58:52.885, 1, 813.13 W, 66, 1815 MHz, 3996 MHz, 100 %, 35 %
2026/09/20 10:58:52.885, 2, 1060.87 W, 56, 1987 MHz, 3996 MHz, 100 %, 30 %
2026/09/20 10:58:52.885, 3, 857.22 W, 47, 2032 MHz, 3996 MHz, 100 %, 14 %
2026/09/20 10:58:52.885, 4, 183.25 W, 34, 120 MHz, 3996 MHz, 0 %, 0 %
2026/09/20 10:58:52.885, 5, 179.46 W, 31, 120 MHz, 3996 MHz, 0 %, 0 %
2026/09/20 10:58:52.885, 6, 180.21 W, 29, 120 MHz, 3996 MHz, 0 %, 0 %
2026/09/20 10:58:52.885, 7, 184.09 W, 29, 120 MHz, 3996 MHz, 0 %, 0 %
2026/09/20 10:58:53.885, 0, 984.40 W, 66, 1912 MHz, 3996 MHz, 100 %, 38 %
2026/09/20 10:58:53.885, 1, 782.80 W, 64, 1927 MHz, 3996 MHz, 100 %, 39 %
2026/09/20 10:58:53.885, 2, 765.45 W, 52, 1980 MHz, 3996 MHz, 100 %, 29 %
2026/09/20 10:58:53.885, 3, 977.75 W, 56, 1965 MHz, 3996 MHz, 100 %, 42 %
2026/09/20 10:58:53.885, 4, 183.25 W, 34, 120 MHz, 3996 MHz, 0 %, 0 %
2026/09/20 10:58:53.886, 5, 179.46 W, 31, 120 MHz, 3996 MHz, 0 %, 0 %
2026/09/20 10:58:53.886, 6, 180.15 W, 29, 120 MHz, 3996 MHz, 0 %, 0 %
2026/09/20 10:58:53.886, 7, 184.09 W, 29, 120 MHz, 3996 MHz, 0 %, 0 %
2026/09/20 10:58:54.886, 0, 937.80 W, 62, 2032 MHz, 3996 MHz, 100 %, 34 %
2026/09/20 10:58:54.886, 1, 1046.94 W, 65, 2032 MHz, 3996 MHz, 100 %, 52 %
2026/09/20 10:58:54.886, 2, 945.23 W, 52, 2032 MHz, 3996 MHz, 100 %, 35 %
2026/09/20 10:58:54.886, 3, 931.46 W, 52, 2032 MHz, 3996 MHz, 100 %, 38 %
2026/09/20 10:58:54.886, 4, 183.25 W, 34, 120 MHz, 3996 MHz, 0 %, 0 %
2026/09/20 10:58:54.886, 5, 179.50 W, 31, 120 MHz, 3996 MHz, 0 %, 0 %
2026/09/20 10:58:54.886, 6, 180.12 W, 29, 120 MHz, 3996 MHz, 0 %, 0 %
2026/09/20 10:58:54.886, 7, 184.09 W, 29, 120 MHz, 3996 MHz, 0 %, 0 %
2026/09/20 10:58:55.886, 0, 647.92 W, 60, 2032 MHz, 3996 MHz, 100 %, 13 %
2026/09/20 10:58:55.886, 1, 764.05 W, 61, 2032 MHz, 3996 MHz, 100 %, 12 %
2026/09/20 10:58:55.886, 2, 970.25 W, 56, 1680 MHz, 3996 MHz, 100 %, 33 %
2026/09/20 10:58:55.886, 3, 628.56 W, 49, 2032 MHz, 3996 MHz, 100 %, 12 %
2026/09/20 10:58:55.886, 4, 183.25 W, 34, 120 MHz, 3996 MHz, 0 %, 0 %
2026/09/20 10:58:55.886, 5, 179.46 W, 31, 120 MHz, 3996 MHz, 0 %, 0 %
2026/09/20 10:58:55.886, 6, 180.20 W, 29, 120 MHz, 3996 MHz, 0 %, 0 %
2026/09/20 10:58:55.886, 7, 184.09 W, 29, 120 MHz, 3996 MHz, 0 %, 0 %
2026/09/20 10:58:56.886, 0, 534.99 W, 55, 2032 MHz, 3996 MHz, 100 %, 10 %
2026/09/20 10:58:56.886, 1, 1050.11 W, 67, 1627 MHz, 3996 MHz, 100 %, 33 %
2026/09/20 10:58:56.886, 2, 563.93 W, 45, 2032 MHz, 3996 MHz, 100 %, 10 %
2026/09/20 10:58:56.886, 3, 790.84 W, 48, 2032 MHz, 3996 MHz, 100 %, 10 %
2026/09/20 10:58:56.886, 4, 183.25 W, 34, 120 MHz, 3996 MHz, 0 %, 0 %
2026/09/20 10:58:56.886, 5, 179.54 W, 31, 120 MHz, 3996 MHz, 0 %, 0 %
2026/09/20 10:58:56.886, 6, 180.18 W, 29, 120 MHz, 3996 MHz, 0 %, 0 %
2026/09/20 10:58:56.886, 7, 184.09 W, 29, 120 MHz, 3996 MHz, 0 %, 0 %
2026/09/20 10:58:57.887, 0, 686.81 W, 59, 2032 MHz, 3996 MHz, 100 %, 11 %
2026/09/20 10:58:57.887, 1, 1010.49 W, 64, 2017 MHz, 3996 MHz, 100 %, 29 %
2026/09/20 10:58:57.887, 2, 688.78 W, 49, 1845 MHz, 3996 MHz, 100 %, 10 %
2026/09/20 10:58:57.887, 3, 673.74 W, 48, 2032 MHz, 3996 MHz, 100 %, 11 %
2026/09/20 10:58:57.887, 4, 183.25 W, 34, 120 MHz, 3996 MHz, 0 %, 0 %
2026/09/20 10:58:57.887, 5, 179.62 W, 31, 120 MHz, 3996 MHz, 0 %, 0 %
2026/09/20 10:58:57.887, 6, 180.30 W, 29, 120 MHz, 3996 MHz, 0 %, 0 %
2026/09/20 10:58:57.887, 7, 184.09 W, 29, 120 MHz, 3996 MHz, 0 %, 0 %
2026/09/20 10:58:58.887, 0, 874.28 W, 59, 2032 MHz, 3996 MHz, 100 %, 34 %
2026/09/20 10:58:58.887, 1, 870.95 W, 66, 1957 MHz, 3996 MHz, 100 %, 33 %
2026/09/20 10:58:58.887, 2, 856.49 W, 48, 2032 MHz, 3996 MHz, 100 %, 33 %
2026/09/20 10:58:58.887, 3, 868.62 W, 55, 1920 MHz, 3996 MHz, 100 %, 43 %
2026/09/20 10:58:58.887, 4, 183.25 W, 34, 120 MHz, 3996 MHz, 0 %, 0 %
2026/09/20 10:58:58.887, 5, 179.50 W, 31, 120 MHz, 3996 MHz, 0 %, 0 %
2026/09/20 10:58:58.887, 6, 180.18 W, 29, 120 MHz, 3996 MHz, 0 %, 0 %
2026/09/20 10:58:58.887, 7, 184.09 W, 29, 120 MHz, 3996 MHz, 0 %, 0 %
2026/09/20 10:58:59.887, 0, 498.96 W, 55, 2032 MHz, 3996 MHz, 100 %, 10 %
2026/09/20 10:58:59.887, 1, 659.91 W, 58, 2032 MHz, 3996 MHz, 100 %, 11 %
2026/09/20 10:58:59.887, 2, 738.33 W, 47, 2032 MHz, 3996 MHz, 100 %, 11 %
2026/09/20 10:58:59.887, 3, 848.39 W, 55, 1830 MHz, 3996 MHz, 100 %, 35 %
2026/09/20 10:58:59.887, 4, 183.25 W, 34, 120 MHz, 3996 MHz, 0 %, 0 %
2026/09/20 10:58:59.887, 5, 179.50 W, 31, 120 MHz, 3996 MHz, 0 %, 0 %
2026/09/20 10:58:59.887, 6, 180.22 W, 29, 120 MHz, 3996 MHz, 0 %, 0 %
2026/09/20 10:58:59.887, 7, 184.09 W, 29, 120 MHz, 3996 MHz, 0 %, 0 %
2026/09/20 10:59:00.887, 0, 665.44 W, 63, 2032 MHz, 3996 MHz, 100 %, 27 %
2026/09/20 10:59:00.888, 1, 907.15 W, 64, 2032 MHz, 3996 MHz, 100 %, 48 %
2026/09/20 10:59:00.888, 2, 606.40 W, 48, 2032 MHz, 3996 MHz, 100 %, 28 %
2026/09/20 10:59:00.888, 3, 770.91 W, 49, 2032 MHz, 3996 MHz, 100 %, 34 %
2026/09/20 10:59:00.888, 4, 183.25 W, 34, 120 MHz, 3996 MHz, 0 %, 0 %
2026/09/20 10:59:00.888, 5, 179.46 W, 31, 120 MHz, 3996 MHz, 0 %, 0 %
2026/09/20 10:59:00.888, 6, 180.16 W, 29, 120 MHz, 3996 MHz, 0 %, 0 %
2026/09/20 10:59:00.888, 7, 184.09 W, 29, 120 MHz, 3996 MHz, 0 %, 0 %
2026/09/20 10:59:01.888, 0, 1051.25 W, 64, 2025 MHz, 3996 MHz, 100 %, 33 %
2026/09/20 10:59:01.888, 1, 586.80 W, 58, 2032 MHz, 3996 MHz, 100 %, 15 %
2026/09/20 10:59:01.888, 2, 825.81 W, 46, 2032 MHz, 3996 MHz, 100 %, 15 %
2026/09/20 10:59:01.888, 3, 811.44 W, 50, 2010 MHz, 3996 MHz, 100 %, 35 %
2026/09/20 10:59:01.888, 4, 183.25 W, 34, 120 MHz, 3996 MHz, 0 %, 0 %
2026/09/20 10:59:01.888, 5, 179.51 W, 31, 120 MHz, 3996 MHz, 0 %, 0 %
2026/09/20 10:59:01.888, 6, 180.15 W, 29, 120 MHz, 3996 MHz, 0 %, 0 %
2026/09/20 10:59:01.888, 7, 184.09 W, 29, 120 MHz, 3996 MHz, 0 %, 0 %
2026/09/20 10:59:02.888, 0, 592.97 W, 59, 2032 MHz, 3996 MHz, 100 %, 11 %
2026/09/20 10:59:02.888, 1, 824.62 W, 58, 2032 MHz, 3996 MHz, 100 %, 10 %
2026/09/20 10:59:02.888, 2, 814.39 W, 55, 1732 MHz, 3996 MHz, 100 %, 33 %
2026/09/20 10:59:02.888, 3, 575.16 W, 49, 2032 MHz, 3996 MHz, 100 %, 10 %
2026/09/20 10:59:02.888, 4, 183.25 W, 34, 120 MHz, 3996 MHz, 0 %, 0 %
2026/09/20 10:59:02.888, 5, 179.54 W, 31, 120 MHz, 3996 MHz, 0 %, 0 %
2026/09/20 10:59:02.888, 6, 180.21 W, 29, 120 MHz, 3996 MHz, 0 %, 0 %
2026/09/20 10:59:02.888, 7, 184.09 W, 29, 120 MHz, 3996 MHz, 0 %, 0 %
2026/09/20 10:59:03.888, 0, 810.86 W, 63, 2017 MHz, 3996 MHz, 100 %, 32 %
2026/09/20 10:59:03.888, 1, 813.35 W, 67, 1950 MHz, 3996 MHz, 100 %, 34 %
2026/09/20 10:59:03.888, 2, 538.43 W, 45, 2032 MHz, 3996 MHz, 100 %, 14 %
2026/09/20 10:59:03.888, 3, 800.25 W, 48, 2032 MHz, 3996 MHz, 100 %, 14 %
2026/09/20 10:59:03.888, 4, 183.25 W, 34, 120 MHz, 3996 MHz, 0 %, 0 %
2026/09/20 10:59:03.888, 5, 179.54 W, 31, 120 MHz, 3996 MHz, 0 %, 0 %
2026/09/20 10:59:03.889, 6, 180.12 W, 29, 120 MHz, 3996 MHz, 0 %, 0 %
2026/09/20 10:59:03.889, 7, 184.09 W, 29, 120 MHz, 3996 MHz, 0 %, 0 %
2026/09/20 10:59:04.889, 0, 1046.78 W, 63, 2032 MHz, 3996 MHz, 100 %, 33 %
2026/09/20 10:59:04.889, 1, 583.81 W, 60, 2032 MHz, 3996 MHz, 100 %, 18 %
2026/09/20 10:59:04.889, 2, 801.08 W, 47, 2032 MHz, 3996 MHz, 100 %, 11 %
2026/09/20 10:59:04.889, 3, 569.28 W, 49, 2032 MHz, 3996 MHz, 100 %, 10 %
2026/09/20 10:59:04.889, 4, 183.25 W, 34, 120 MHz, 3996 MHz, 0 %, 0 %
2026/09/20 10:59:04.889, 5, 179.58 W, 31, 120 MHz, 3996 MHz, 0 %, 0 %
2026/09/20 10:59:04.889, 6, 180.15 W, 29, 120 MHz, 3996 MHz, 0 %, 0 %
2026/09/20 10:59:04.889, 7, 184.09 W, 29, 120 MHz, 3996 MHz, 0 %, 0 %
2026/09/20 10:59:05.889, 0, 1064.02 W, 66, 1755 MHz, 3996 MHz, 100 %, 34 %
2026/09/20 10:59:05.889, 1, 817.16 W, 58, 2032 MHz, 3996 MHz, 100 %, 15 %
2026/09/20 10:59:05.889, 2, 822.19 W, 55, 1935 MHz, 3996 MHz, 100 %, 33 %
2026/09/20 10:59:05.889, 3, 561.08 W, 47, 2032 MHz, 3996 MHz, 100 %, 15 %
2026/09/20 10:59:05.889, 4, 183.25 W, 34, 120 MHz, 3996 MHz, 0 %, 0 %
2026/09/20 10:59:05.889, 5, 179.58 W, 31, 120 MHz, 3996 MHz, 0 %, 0 %
2026/09/20 10:59:05.889, 6, 180.22 W, 29, 120 MHz, 3996 MHz, 0 %, 0 %
2026/09/20 10:59:05.889, 7, 184.09 W, 29, 120 MHz, 3996 MHz, 0 %, 0 %
2026/09/20 10:59:06.889, 0, 714.64 W, 62, 2032 MHz, 3996 MHz, 100 %, 13 %
2026/09/20 10:59:06.889, 1, 934.95 W, 64, 2032 MHz, 3996 MHz, 100 %, 13 %
2026/09/20 10:59:06.889, 2, 819.76 W, 55, 1972 MHz, 3996 MHz, 100 %, 35 %
2026/09/20 10:59:06.889, 3, 932.22 W, 51, 2032 MHz, 3996 MHz, 100 %, 13 %
2026/09/20 10:59:06.889, 4, 183.25 W, 34, 120 MHz, 3996 MHz, 0 %, 0 %
2026/09/20 10:59:06.889, 5, 179.50 W, 31, 120 MHz, 3996 MHz, 0 %, 0 %
2026/09/20 10:59:06.889, 6, 180.20 W, 29, 120 MHz, 3996 MHz, 0 %, 0 %
2026/09/20 10:59:06.889, 7, 184.09 W, 29, 120 MHz, 3996 MHz, 0 %, 0 %
2026/09/20 10:59:07.890, 0, 1062.26 W, 67, 1882 MHz, 3996 MHz, 100 %, 35 %
2026/09/20 10:59:07.890, 1, 941.72 W, 67, 1957 MHz, 3996 MHz, 100 %, 33 %
2026/09/20 10:59:07.890, 2, 936.39 W, 55, 1957 MHz, 3996 MHz, 100 %, 34 %
2026/09/20 10:59:07.890, 3, 932.78 W, 56, 1987 MHz, 3996 MHz, 100 %, 34 %
2026/09/20 10:59:07.890, 4, 183.25 W, 34, 120 MHz, 3996 MHz, 0 %, 0 %
2026/09/20 10:59:07.890, 5, 179.58 W, 31, 120 MHz, 3996 MHz, 0 %, 0 %
2026/09/20 10:59:07.890, 6, 180.23 W, 29, 120 MHz, 3996 MHz, 0 %, 0 %
2026/09/20 10:59:07.890, 7, 184.09 W, 29, 120 MHz, 3996 MHz, 0 %, 0 %
2026/09/20 10:59:08.890, 0, 882.35 W, 59, 2032 MHz, 3996 MHz, 100 %, 15 %
2026/09/20 10:59:08.890, 1, 797.08 W, 66, 1957 MHz, 3996 MHz, 100 %, 32 %
2026/09/20 10:59:08.890, 2, 801.44 W, 55, 1792 MHz, 3996 MHz, 100 %, 35 %
2026/09/20 10:59:08.890, 3, 632.07 W, 47, 2032 MHz, 3996 MHz, 100 %, 15 %
2026/09/20 10:59:08.890, 4, 183.25 W, 34, 120 MHz, 3996 MHz, 0 %, 0 %
2026/09/20 10:59:08.890, 5, 179.66 W, 31, 120 MHz, 3996 MHz, 0 %, 0 %
2026/09/20 10:59:08.890, 6, 180.29 W, 29, 120 MHz, 3996 MHz, 0 %, 0 %
2026/09/20 10:59:08.890, 7, 184.09 W, 29, 120 MHz, 3996 MHz, 0 %, 0 %
2026/09/20 10:59:09.890, 0, 820.15 W, 59, 2032 MHz, 3996 MHz, 100 %, 20 %
2026/09/20 10:59:09.890, 1, 925.30 W, 61, 2032 MHz, 3996 MHz, 100 %, 10 %
2026/09/20 10:59:09.890, 2, 823.95 W, 54, 1800 MHz, 3996 MHz, 100 %, 27 %
2026/09/20 10:59:09.890, 3, 572.58 W, 45, 2032 MHz, 3996 MHz, 100 %, 12 %
2026/09/20 10:59:09.890, 4, 183.25 W, 34, 120 MHz, 3996 MHz, 0 %, 0 %
2026/09/20 10:59:09.890, 5, 179.58 W, 31, 120 MHz, 3996 MHz, 0 %, 0 %
2026/09/20 10:59:09.890, 6, 180.15 W, 29, 120 MHz, 3996 MHz, 0 %, 0 %
2026/09/20 10:59:09.890, 7, 184.09 W, 29, 120 MHz, 3996 MHz, 0 %, 0 %
2026/09/20 10:59:10.890, 0, 639.38 W, 64, 2032 MHz, 3996 MHz, 100 %, 12 %
2026/09/20 10:59:10.890, 1, 598.91 W, 61, 2032 MHz, 3996 MHz, 100 %, 13 %
2026/09/20 10:59:10.890, 2, 709.10 W, 49, 2032 MHz, 3996 MHz, 100 %, 13 %
2026/09/20 10:59:10.890, 3, 951.90 W, 50, 1860 MHz, 3996 MHz, 100 %, 34 %
2026/09/20 10:59:10.890, 4, 183.25 W, 34, 120 MHz, 3996 MHz, 0 %, 0 %
2026/09/20 10:59:10.891, 5, 179.50 W, 31, 120 MHz, 3996 MHz, 0 %, 0 %
2026/09/20 10:59:10.891, 6, 180.17 W, 29, 120 MHz, 3996 MHz, 0 %, 0 %
2026/09/20 10:59:10.891, 7, 184.09 W, 29, 120 MHz, 3996 MHz, 0 %, 0 %
2026/09/20 10:59:11.891, 0, 946.70 W, 65, 1920 MHz, 3996 MHz, 100 %, 13 %
2026/09/20 10:59:11.891, 1, 785.98 W, 63, 2017 MHz, 3996 MHz, 100 %, 38 %
2026/09/20 10:59:11.891, 2, 655.30 W, 50, 2032 MHz, 3996 MHz, 100 %, 12 %
2026/09/20 10:59:11.891, 3, 723.12 W, 54, 1935 MHz, 3996 MHz, 100 %, 13 %
2026/09/20 10:59:11.891, 4, 183.25 W, 34, 120 MHz, 3996 MHz, 0 %, 0 %
2026/09/20 10:59:11.891, 5, 179.58 W, 31, 120 MHz, 3996 MHz, 0 %, 0 %
2026/09/20 10:59:11.891, 6, 180.20 W, 29, 120 MHz, 3996 MHz, 0 %, 0 %
2026/09/20 10:59:11.891, 7, 184.09 W, 29, 120 MHz, 3996 MHz, 0 %, 0 %
2026/09/20 10:59:12.891, 0, 821.82 W, 64, 1980 MHz, 3996 MHz, 100 %, 15 %
2026/09/20 10:59:12.891, 1, 855.26 W, 64, 1965 MHz, 3996 MHz, 100 %, 34 %
2026/09/20 10:59:12.891, 2, 810.91 W, 55, 2032 MHz, 3996 MHz, 100 %, 31 %
2026/09/20 10:59:12.891, 3, 821.01 W, 53, 1972 MHz, 3996 MHz, 100 %, 14 %
2026/09/20 10:59:12.891, 4, 183.25 W, 34, 120 MHz, 3996 MHz, 0 %, 0 %
2026/09/20 10:59:12.891, 5, 179.50 W, 31, 120 MHz, 3996 MHz, 0 %, 0 %
2026/09/20 10:59:12.891, 6, 180.23 W, 29, 120 MHz, 3996 MHz, 0 %, 0 %
2026/09/20 10:59:12.891, 7, 184.09 W, 29, 120 MHz, 3996 MHz, 0 %, 0 %
2026/09/20 10:59:13.891, 0, 834.70 W, 64, 1777 MHz, 3996 MHz, 100 %, 10 %
2026/09/20 10:59:13.891, 1, 792.56 W, 60, 2032 MHz, 3996 MHz, 100 %, 11 %
2026/09/20 10:59:13.891, 2, 529.07 W, 44, 2032 MHz, 3996 MHz, 100 %, 11 %
2026/09/20 10:59:13.891, 3, 1021.23 W, 52, 2025 MHz, 3996 MHz, 100 %, 34 %
2026/09/20 10:59:13.891, 4, 183.25 W, 34, 120 MHz, 3996 MHz, 0 %, 0 %
2026/09/20 10:59:13.891, 5, 179.47 W, 31, 120 MHz, 3996 MHz, 0 %, 0 %
2026/09/20 10:59:13.891, 6, 180.16 W, 29, 120 MHz, 3996 MHz, 0 %, 0 %
2026/09/20 10:59:13.891, 7, 184.09 W, 29, 120 MHz, 3996 MHz, 0 %, 0 %
2026/09/20 10:59:14.891, 0, 640.39 W, 56, 2032 MHz, 3996 MHz, 100 %, 11 %
2026/09/20 10:59:14.892, 1, 781.84 W, 66, 1770 MHz, 3996 MHz, 100 %, 33 %
2026/09/20 10:59:14.892, 2, 577.41 W, 44, 2032 MHz, 3996 MHz, 100 %, 10 %
2026/09/20 10:59:14.892, 3, 799.54 W, 47, 2032 MHz, 3996 MHz, 100 %, 11 %
2026/09/20 10:59:14.892, 4, 183.25 W, 34, 120 MHz, 3996 MHz, 0 %, 0 %
2026/09/20 10:59:14.892, 5, 179.54 W, 31, 120 MHz, 3996 MHz, 0 %, 0 %
2026/09/20 10:59:14.892, 6, 180.16 W, 29, 120 MHz, 3996 MHz, 0 %, 0 %
2026/09/20 10:59:14.892, 7, 184.09 W, 29, 120 MHz, 3996 MHz, 0 %, 0 %
2026/09/20 10:59:15.892, 0, 831.99 W, 58, 2032 MHz, 3996 MHz, 100 %, 15 %
2026/09/20 10:59:15.892, 1, 808.99 W, 66, 1942 MHz, 3996 MHz, 100 %, 33 %
2026/09/20 10:59:15.892, 2, 547.08 W, 45, 2032 MHz, 3996 MHz, 100 %, 15 %
2026/09/20 10:59:15.892, 3, 995.16 W, 57, 1897 MHz, 3996 MHz, 100 %, 36 %
2026/09/20 10:59:15.892, 4, 183.25 W, 34, 120 MHz, 3996 MHz, 0 %, 0 %
2026/09/20 10:59:15.892, 5, 179.54 W, 31, 120 MHz, 3996 MHz, 0 %, 0 %
2026/09/20 10:59:15.892, 6, 180.21 W, 29, 120 MHz, 3996 MHz, 0 %, 0 %
2026/09/20 10:59:15.892, 7, 184.09 W, 29, 120 MHz, 3996 MHz, 0 %, 0 %
2026/09/20 10:59:16.892, 0, 878.38 W, 66, 1695 MHz, 3996 MHz, 100 %, 35 %
2026/09/20 10:59:16.892, 1, 852.25 W, 62, 2032 MHz, 3996 MHz, 100 %, 13 %
2026/09/20 10:59:16.892, 2, 722.29 W, 48, 2032 MHz, 3996 MHz, 100 %, 13 %
2026/09/20 10:59:16.892, 3, 942.41 W, 51, 2032 MHz, 3996 MHz, 100 %, 13 %
2026/09/20 10:59:16.892, 4, 183.25 W, 34, 120 MHz, 3996 MHz, 0 %, 0 %
2026/09/20 10:59:16.892, 5, 179.51 W, 31, 120 MHz, 3996 MHz, 0 %, 0 %
2026/09/20 10:59:16.892, 6, 180.16 W, 29, 120 MHz, 3996 MHz, 0 %, 0 %
2026/09/20 10:59:16.892, 7, 184.09 W, 29, 120 MHz, 3996 MHz, 0 %, 0 %
2026/09/20 10:59:17.892, 0, 600.30 W, 58, 2032 MHz, 3996 MHz, 100 %, 10 %
2026/09/20 10:59:17.892, 1, 810.14 W, 58, 2032 MHz, 3996 MHz, 100 %, 11 %
2026/09/20 10:59:17.892, 2, 540.44 W, 43, 2032 MHz, 3996 MHz, 100 %, 11 %
2026/09/20 10:59:17.892, 3, 797.59 W, 52, 1852 MHz, 3996 MHz, 100 %, 33 %
2026/09/20 10:59:17.892, 4, 183.25 W, 34, 120 MHz, 3996 MHz, 0 %, 0 %
2026/09/20 10:59:17.893, 5, 179.54 W, 31, 120 MHz, 3996 MHz, 0 %, 0 %
2026/09/20 10:59:17.893, 6, 180.17 W, 29, 120 MHz, 3996 MHz, 0 %, 0 %
2026/09/20 10:59:17.893, 7, 184.09 W, 29, 120 MHz, 3996 MHz, 0 %, 0 %
2026/09/20 10:59:18.893, 0, 965.24 W, 64, 1905 MHz, 3996 MHz, 100 %, 43 %
2026/09/20 10:59:18.893, 1, 755.14 W, 59, 2032 MHz, 3996 MHz, 100 %, 18 %
2026/09/20 10:59:18.893, 2, 949.26 W, 54, 2032 MHz, 3996 MHz, 100 %, 41 %
2026/09/20 10:59:18.893, 3, 836.48 W, 54, 2010 MHz, 3996 MHz, 100 %, 38 %
2026/09/20 10:59:18.893, 4, 183.25 W, 34, 120 MHz, 3996 MHz, 0 %, 0 %
2026/09/20 10:59:18.893, 5, 179.54 W, 31, 120 MHz, 3996 MHz, 0 %, 0 %
2026/09/20 10:59:18.893, 6, 180.15 W, 29, 120 MHz, 3996 MHz, 0 %, 0 %
2026/09/20 10:59:18.893, 7, 184.09 W, 29, 120 MHz, 3996 MHz, 0 %, 0 %
2026/09/20 10:59:19.893, 0, 806.28 W, 62, 2010 MHz, 3996 MHz, 100 %, 14 %
2026/09/20 10:59:19.893, 1, 637.57 W, 57, 2032 MHz, 3996 MHz, 100 %, 15 %
2026/09/20 10:59:19.893, 2, 1050.71 W, 53, 1777 MHz, 3996 MHz, 100 %, 36 %
2026/09/20 10:59:19.893, 3, 1056.35 W, 56, 1890 MHz, 3996 MHz, 100 %, 33 %
2026/09/20 10:59:19.893, 4, 183.25 W, 33, 120 MHz, 3996 MHz, 0 %, 0 %
2026/09/20 10:59:19.893, 5, 179.47 W, 31, 120 MHz, 3996 MHz, 0 %, 0 %
2026/09/20 10:59:19.893, 6, 180.16 W, 29, 120 MHz, 3996 MHz, 0 %, 0 %
2026/09/20 10:59:19.893, 7, 184.09 W, 29, 120 MHz, 3996 MHz, 0 %, 0 %
2026/09/20 10:59:20.893, 0, 982.41 W, 60, 2032 MHz, 3996 MHz, 100 %, 34 %
2026/09/20 10:59:20.893, 1, 606.41 W, 62, 1867 MHz, 3996 MHz, 100 %, 32 %
2026/09/20 10:59:20.893, 2, 806.77 W, 52, 1972 MHz, 3996 MHz, 100 %, 16 %
2026/09/20 10:59:20.893, 3, 750.22 W, 47, 2032 MHz, 3996 MHz, 100 %, 19 %
2026/09/20 10:59:20.893, 4, 183.25 W, 33, 120 MHz, 3996 MHz, 0 %, 0 %
2026/09/20 10:59:20.893, 5, 179.47 W, 31, 120 MHz, 3996 MHz, 0 %, 0 %
2026/09/20 10:59:20.893, 6, 180.15 W, 29, 120 MHz, 3996 MHz, 0 %, 0 %
2026/09/20 10:59:20.893, 7, 184.09 W, 29, 120 MHz, 3996 MHz, 0 %, 0 %
2026/09/20 10:59:21.894, 0, 598.75 W, 60, 2032 MHz, 3996 MHz, 100 %, 18 %
2026/09/20 10:59:21.894, 1, 1050.85 W, 64, 2032 MHz, 3996 MHz, 100 %, 44 %
2026/09/20 10:59:21.894, 2, 1029.30 W, 52, 2032 MHz, 3996 MHz, 100 %, 31 %
2026/09/20 10:59:21.894, 3, 577.39 W, 48, 2032 MHz, 3996 MHz, 100 %, 24 %
2026/09/20 10:59:21.894, 4, 183.25 W, 33, 120 MHz, 3996 MHz, 0 %, 0 %
2026/09/20 10:59:21.894, 5, 179.46 W, 31, 120 MHz, 3996 MHz, 0 %, 0 %
2026/09/20 10:59:21.894, 6, 180.14 W, 29, 120 MHz, 3996 MHz, 0 %, 0 %
2026/09/20 10:59:21.894, 7, 184.09 W, 29, 120 MHz, 3996 MHz, 0 %, 0 %
2026/09/20 10:59:22.894, 0, 830.07 W, 62, 2032 MHz, 3996 MHz, 100 %, 34 %
2026/09/20 10:59:22.894, 1, 573.04 W, 59, 2032 MHz, 3996 MHz, 100 %, 17 %
2026/09/20 10:59:22.894, 2, 1067.00 W, 52, 2025 MHz, 3996 MHz, 100 %, 35 %
2026/09/20 10:59:22.894, 3, 821.02 W, 52, 2032 MHz, 3996 MHz, 100 %, 35 %
2026/09/20 10:59:22.894, 4, 183.25 W, 33, 120 MHz, 3996 MHz, 0 %, 0 %
2026/09/20 10:59:22.894, 5, 179.46 W, 31, 120 MHz, 3996 MHz, 0 %, 0 %
2026/09/20 10:59:22.894, 6, 180.16 W, 29, 120 MHz, 3996 MHz, 0 %, 0 %
2026/09/20 10:59:22.894, 7, 184.09 W, 29, 120 MHz, 3996 MHz, 0 %, 0 %
2026/09/20 10:59:23.894, 0, 815.11 W, 62, 2010 MHz, 3996 MHz, 100 %, 34 %
2026/09/20 10:59:23.894, 1, 568.73 W, 56, 2032 MHz, 3996 MHz, 100 %, 15 %
2026/09/20 10:59:23.894, 2, 818.64 W, 49, 2032 MHz, 3996 MHz, 100 %, 15 %
2026/09/20 10:59:23.894, 3, 797.45 W, 51, 2002 MHz, 3996 MHz, 100 %, 34 %
2026/09/20 10:59:23.894, 4, 183.25 W, 33, 120 MHz, 3996 MHz, 0 %, 0 %
2026/09/20 10:59:23.894, 5, 179.47 W, 31, 120 MHz, 3996 MHz, 0 %, 0 %
2026/09/20 10:59:23.894, 6, 180.14 W, 29, 120 MHz, 3996 MHz, 0 %, 0 %
2026/09/20 10:59:23.894, 7, 184.09 W, 29, 120 MHz, 3996 MHz, 0 %, 0 %
2026/09/20 10:59:24.894, 0, 736.27 W, 63, 1980 MHz, 3996 MHz, 100 %, 37 %
2026/09/20 10:59:24.894, 1, 739.85 W, 63, 1830 MHz, 3996 MHz, 100 %, 41 %
2026/09/20 10:59:24.894, 2, 754.54 W, 46, 2032 MHz, 3996 MHz, 100 %, 33 %
2026/09/20 10:59:24.894, 3, 853.83 W, 48, 2032 MHz, 3996 MHz, 100 %, 37 %
2026/09/20 10:59:24.894, 4, 183.25 W, 33, 120 MHz, 3996 MHz, 0 %, 0 %
2026/09/20 10:59:24.894, 5, 179.47 W, 31, 120 MHz, 3996 MHz, 0 %, 0 %
2026/09/20 10:59:24.894, 6, 180.13 W, 29, 120 MHz, 3996 MHz, 0 %, 0 %
2026/09/20 10:59:24.895, 7, 184.09 W, 29, 120 MHz, 3996 MHz, 0 %, 0 %
2026/09/20 10:59:25.895, 0, 789.97 W, 57, 2032 MHz, 3996 MHz, 100 %, 18 %
2026/09/20 10:59:25.895, 1, 1046.72 W, 65, 1942 MHz, 3996 MHz, 100 %, 33 %
2026/09/20 10:59:25.895, 2, 878.76 W, 54, 1920 MHz, 3996 MHz, 100 %, 34 %
2026/09/20 10:59:25.895, 3, 879.61 W, 51, 1995 MHz, 3996 MHz, 100 %, 33 %
2026/09/20 10:59:25.895, 4, 183.25 W, 33, 120 MHz, 3996 MHz, 0 %, 0 %
2026/09/20 10:59:25.895, 5, 179.47 W, 31, 120 MHz, 3996 MHz, 0 %, 0 %
2026/09/20 10:59:25.895, 6, 180.13 W, 29, 120 MHz, 3996 MHz, 0 %, 0 %
2026/09/20 10:59:25.895, 7, 184.09 W, 29, 120 MHz, 3996 MHz, 0 %, 0 %
2026/09/20 10:59:26.895, 0, 835.48 W, 57, 2032 MHz, 3996 MHz, 100 %, 15 %
2026/09/20 10:59:26.895, 1, 740.41 W, 65, 1770 MHz, 3996 MHz, 100 %, 35 %
2026/09/20 10:59:26.895, 2, 724.85 W, 54, 1935 MHz, 3996 MHz, 100 %, 38 %
2026/09/20 10:59:26.895, 3, 719.07 W, 48, 2032 MHz, 3996 MHz, 100 %, 19 %
2026/09/20 10:59:26.895, 4, 183.25 W, 33, 120 MHz, 3996 MHz, 0 %, 0 %
2026/09/20 10:59:26.895, 5, 179.47 W, 31, 120 MHz, 3996 MHz, 0 %, 0 %
2026/09/20 10:59:26.895, 6, 180.20 W, 29, 120 MHz, 3996 MHz, 0 %, 0 %
2026/09/20 10:59:26.895, 7, 184.09 W, 29, 120 MHz, 3996 MHz, 0 %, 0 %
2026/09/20 10:59:27.895, 0, 933.26 W, 64, 2002 MHz, 3996 MHz, 99 %, 53 %
2026/09/20 10:59:27.895, 1, 1017.14 W, 63, 2032 MHz, 3996 MHz, 100 %, 53 %
2026/09/20 10:59:27.895, 2, 778.37 W, 51, 2032 MHz, 3996 MHz, 100 %, 42 %
2026/09/20 10:59:27.895, 3, 663.72 W, 53, 1935 MHz, 3996 MHz, 100 %, 48 %
2026/09/20 10:59:27.895, 4, 183.25 W, 33, 120 MHz, 3996 MHz, 0 %, 0 %
2026/09/20 10:59:27.895, 5, 179.47 W, 31, 120 MHz, 3996 MHz, 0 %, 0 %
2026/09/20 10:59:27.895, 6, 180.15 W, 29, 120 MHz, 3996 MHz, 0 %, 0 %
2026/09/20 10:59:27.895, 7, 184.09 W, 29, 120 MHz, 3996 MHz, 0 %, 0 %
2026/09/20 10:59:28.896, 0, 1057.91 W, 65, 1755 MHz, 3996 MHz, 100 %, 35 %
2026/09/20 10:59:28.896, 1, 667.82 W, 57, 2032 MHz, 3996 MHz, 100 %, 18 %
2026/09/20 10:59:28.896, 2, 1060.16 W, 54, 1942 MHz, 3996 MHz, 100 %, 34 %
2026/09/20 10:59:28.896, 3, 1053.55 W, 55, 1980 MHz, 3996 MHz, 100 %, 33 %
2026/09/20 10:59:28.896, 4, 183.25 W, 33, 120 MHz, 3996 MHz, 0 %, 0 %
2026/09/20 10:59:28.896, 5, 179.47 W, 31, 120 MHz, 3996 MHz, 0 %, 0 %
2026/09/20 10:59:28.896, 6, 180.16 W, 29, 120 MHz, 3996 MHz, 0 %, 0 %
2026/09/20 10:59:28.896, 7, 184.09 W, 29, 120 MHz, 3996 MHz, 0 %, 0 %
2026/09/20 10:59:29.896, 0, 991.35 W, 59, 2032 MHz, 3996 MHz, 100 %, 37 %
2026/09/20 10:59:29.896, 1, 963.91 W, 66, 1890 MHz, 3996 MHz, 100 %, 38 %
2026/09/20 10:59:29.896, 2, 1047.96 W, 55, 1980 MHz, 3996 MHz, 100 %, 32 %
2026/09/20 10:59:29.896, 3, 987.13 W, 50, 2032 MHz, 3996 MHz, 100 %, 34 %
2026/09/20 10:59:29.896, 4, 183.25 W, 33, 120 MHz, 3996 MHz, 0 %, 0 %
2026/09/20 10:59:29.896, 5, 179.50 W, 31, 120 MHz, 3996 MHz, 0 %, 0 %
2026/09/20 10:59:29.896, 6, 180.21 W, 29, 120 MHz, 3996 MHz, 0 %, 0 %
2026/09/20 10:59:29.896, 7, 184.05 W, 29, 120 MHz, 3996 MHz, 0 %, 0 %
2026/09/20 10:59:30.896, 0, 615.18 W, 59, 2032 MHz, 3996 MHz, 100 %, 42 %
2026/09/20 10:59:30.896, 1, 1046.22 W, 63, 2032 MHz, 3996 MHz, 100 %, 38 %
2026/09/20 10:59:30.896, 2, 797.72 W, 49, 2032 MHz, 3996 MHz, 100 %, 15 %
2026/09/20 10:59:30.896, 3, 836.53 W, 52, 2032 MHz, 3996 MHz, 100 %, 32 %
2026/09/20 10:59:30.896, 4, 183.25 W, 33, 120 MHz, 3996 MHz, 0 %, 0 %
2026/09/20 10:59:30.896, 5, 179.46 W, 31, 120 MHz, 3996 MHz, 0 %, 0 %
2026/09/20 10:59:30.896, 6, 180.16 W, 29, 120 MHz, 3996 MHz, 0 %, 0 %
2026/09/20 10:59:30.896, 7, 184.09 W, 29, 120 MHz, 3996 MHz, 0 %, 0 %
2026/09/20 10:59:31.896, 0, 1006.81 W, 59, 2032 MHz, 3996 MHz, 100 %, 39 %
2026/09/20 10:59:31.896, 1, 960.76 W, 65, 1905 MHz, 3996 MHz, 100 %, 25 %
2026/09/20 10:59:31.896, 2, 681.68 W, 53, 1987 MHz, 3996 MHz, 100 %, 13 %
2026/09/20 10:59:31.896, 3, 689.09 W, 53, 1980 MHz, 3996 MHz, 100 %, 13 %
2026/09/20 10:59:31.896, 4, 183.25 W, 33, 120 MHz, 3996 MHz, 0 %, 0 %
2026/09/20 10:59:31.897, 5, 179.47 W, 31, 120 MHz, 3996 MHz, 0 %, 0 %
2026/09/20 10:59:31.897, 6, 180.16 W, 29, 120 MHz, 3996 MHz, 0 %, 0 %
2026/09/20 10:59:31.897, 7, 184.09 W, 29, 120 MHz, 3996 MHz, 0 %, 0 %
2026/09/20 10:59:32.897, 0, 736.52 W, 59, 2032 MHz, 3996 MHz, 100 %, 12 %
2026/09/20 10:59:32.897, 1, 942.16 W, 61, 2032 MHz, 3996 MHz, 100 %, 13 %
2026/09/20 10:59:32.897, 2, 939.76 W, 49, 2032 MHz, 3996 MHz, 100 %, 13 %
2026/09/20 10:59:32.897, 3, 1051.31 W, 53, 1860 MHz, 3996 MHz, 100 %, 35 %
2026/09/20 10:59:32.897, 4, 183.25 W, 33, 120 MHz, 3996 MHz, 0 %, 0 %
2026/09/20 10:59:32.897, 5, 179.47 W, 31, 120 MHz, 3996 MHz, 0 %, 0 %
2026/09/20 10:59:32.897, 6, 180.16 W, 29, 120 MHz, 3996 MHz, 0 %, 0 %
2026/09/20 10:59:32.897, 7, 184.09 W, 29, 120 MHz, 3996 MHz, 0 %, 0 %
2026/09/20 10:59:33.897, 0, 829.55 W, 61, 2032 MHz, 3996 MHz, 100 %, 19 %
2026/09/20 10:59:33.897, 1, 829.38 W, 58, 2032 MHz, 3996 MHz, 100 %, 11 %
2026/09/20 10:59:33.897, 2, 816.63 W, 51, 1920 MHz, 3996 MHz, 100 %, 33 %
2026/09/20 10:59:33.897, 3, 580.66 W, 50, 2032 MHz, 3996 MHz, 100 %, 10 %
2026/09/20 10:59:33.897, 4, 183.25 W, 33, 120 MHz, 3996 MHz, 0 %, 0 %
2026/09/20 10:59:33.897, 5, 179.46 W, 31, 120 MHz, 3996 MHz, 0 %, 0 %
2026/09/20 10:59:33.897, 6, 180.16 W, 29, 120 MHz, 3996 MHz, 0 %, 0 %
2026/09/20 10:59:33.897, 7, 184.09 W, 29, 120 MHz, 3996 MHz, 0 %, 0 %
2026/09/20 10:59:34.897, 0, 861.04 W, 56, 2032 MHz, 3996 MHz, 100 %, 14 %
2026/09/20 10:59:34.897, 1, 1072.83 W, 66, 1725 MHz, 3996 MHz, 100 %, 35 %
2026/09/20 10:59:34.897, 2, 871.29 W, 47, 2032 MHz, 3996 MHz, 100 %, 14 %
2026/09/20 10:59:34.897, 3, 1057.69 W, 55, 1995 MHz, 3996 MHz, 100 %, 31 %
2026/09/20 10:59:34.897, 4, 183.25 W, 33, 120 MHz, 3996 MHz, 0 %, 0 %
2026/09/20 10:59:34.897, 5, 179.47 W, 31, 120 MHz, 3996 MHz, 0 %, 0 %
2026/09/20 10:59:34.897, 6, 180.16 W, 28, 120 MHz, 3996 MHz, 0 %, 0 %
2026/09/20 10:59:34.897, 7, 184.09 W, 29, 120 MHz, 3996 MHz, 0 %, 0 %
2026/09/20 10:59:35.898, 0, 722.73 W, 58, 2032 MHz, 3996 MHz, 100 %, 43 %
2026/09/20 10:59:35.898, 1, 800.48 W, 60, 2032 MHz, 3996 MHz, 100 %, 16 %
2026/09/20 10:59:35.898, 2, 493.23 W, 50, 1942 MHz, 3996 MHz, 100 %, 11 %
2026/09/20 10:59:35.898, 3, 535.70 W, 45, 2032 MHz, 3996 MHz, 100 %, 10 %
2026/09/20 10:59:35.898, 4, 183.21 W, 33, 120 MHz, 3996 MHz, 0 %, 0 %
2026/09/20 10:59:35.898, 5, 179.47 W, 31, 120 MHz, 3996 MHz, 0 %, 0 %
2026/09/20 10:59:35.898, 6, 180.16 W, 28, 120 MHz, 3996 MHz, 0 %, 0 %
2026/09/20 10:59:35.898, 7, 184.09 W, 29, 120 MHz, 3996 MHz, 0 %, 0 %
2026/09/20 10:59:36.898, 0, 636.94 W, 62, 1897 MHz, 3996 MHz, 100 %, 42 %
2026/09/20 10:59:36.898, 1, 810.92 W, 59, 2032 MHz, 3996 MHz, 100 %, 42 %
2026/09/20 10:59:36.898, 2, 1002.68 W, 48, 2032 MHz, 3996 MHz, 100 %, 34 %
2026/09/20 10:59:36.898, 3, 611.18 W, 51, 2002 MHz, 3996 MHz, 100 %, 25 %
2026/09/20 10:59:36.898, 4, 183.25 W, 33, 120 MHz, 3996 MHz, 0 %, 0 %
2026/09/20 10:59:36.898, 5, 179.50 W, 31, 120 MHz, 3996 MHz, 0 %, 0 %
2026/09/20 10:59:36.898, 6, 180.15 W, 28, 120 MHz, 3996 MHz, 0 %, 0 %
2026/09/20 10:59:36.898, 7, 184.09 W, 29, 120 MHz, 3996 MHz, 0 %, 0 %
2026/09/20 10:59:37.898, 0, 924.75 W, 60, 2032 MHz, 3996 MHz, 99 %, 53 %
2026/09/20 10:59:37.898, 1, 728.73 W, 61, 2032 MHz, 3996 MHz, 100 %, 53 %
2026/09/20 10:59:37.898, 2, 821.70 W, 51, 2032 MHz, 3996 MHz, 100 %, 50 %
2026/09/20 10:59:37.898, 3, 910.22 W, 51, 2032 MHz, 3996 MHz, 100 %, 52 %
2026/09/20 10:59:37.898, 4, 183.25 W, 33, 120 MHz, 3996 MHz, 0 %, 0 %
2026/09/20 10:59:37.898, 5, 179.46 W, 31, 120 MHz, 3996 MHz, 0 %, 0 %
2026/09/20 10:59:37.898, 6, 180.12 W, 28, 120 MHz, 3996 MHz, 0 %, 0 %
2026/09/20 10:59:37.898, 7, 184.09 W, 29, 120 MHz, 3996 MHz, 0 %, 0 %
2026/09/20 10:59:38.898, 0, 774.92 W, 58, 2025 MHz, 3996 MHz, 100 %, 41 %
2026/09/20 10:59:38.898, 1, 835.42 W, 59, 1882 MHz, 3996 MHz, 100 %, 16 %
2026/09/20 10:59:38.898, 2, 555.39 W, 50, 2032 MHz, 3996 MHz, 100 %, 11 %
2026/09/20 10:59:38.898, 3, 779.41 W, 46, 2032 MHz, 3996 MHz, 100 %, 11 %
2026/09/20 10:59:38.899, 4, 183.25 W, 33, 120 MHz, 3996 MHz, 0 %, 0 %
2026/09/20 10:59:38.899, 5, 179.51 W, 31, 120 MHz, 3996 MHz, 0 %, 0 %
2026/09/20 10:59:38.899, 6, 180.15 W, 28, 120 MHz, 3996 MHz, 0 %, 0 %
2026/09/20 10:59:38.899, 7, 184.09 W, 29, 120 MHz, 3996 MHz, 0 %, 0 %
2026/09/20 10:59:39.899, 0, 607.09 W, 60, 1980 MHz, 3996 MHz, 100 %, 42 %
2026/09/20 10:59:39.899, 1, 762.00 W, 57, 2032 MHz, 3996 MHz, 100 %, 26 %
2026/09/20 10:59:39.899, 2, 804.75 W, 51, 1942 MHz, 3996 MHz, 100 %, 10 %
2026/09/20 10:59:39.899, 3, 789.72 W, 48, 2032 MHz, 3996 MHz, 100 %, 35 %
2026/09/20 10:59:39.899, 4, 183.25 W, 33, 120 MHz, 3996 MHz, 0 %, 0 %
2026/09/20 10:59:39.899, 5, 179.47 W, 31, 120 MHz, 3996 MHz, 0 %, 0 %
2026/09/20 10:59:39.899, 6, 180.15 W, 28, 120 MHz, 3996 MHz, 0 %, 0 %
2026/09/20 10:59:39.899, 7, 184.09 W, 29, 120 MHz, 3996 MHz, 0 %, 0 %
2026/09/20 10:59:40.899, 0, 831.72 W, 62, 1702 MHz, 3996 MHz, 100 %, 35 %
2026/09/20 10:59:40.899, 1, 535.53 W, 57, 2032 MHz, 3996 MHz, 100 %, 12 %
2026/09/20 10:59:40.899, 2, 1016.50 W, 49, 2032 MHz, 3996 MHz, 100 %, 23 %
2026/09/20 10:59:40.899, 3, 529.06 W, 46, 2032 MHz, 3996 MHz, 100 %, 12 %
2026/09/20 10:59:40.899, 4, 183.25 W, 33, 120 MHz, 3996 MHz, 0 %, 0 %
2026/09/20 10:59:40.899, 5, 179.47 W, 31, 120 MHz, 3996 MHz, 0 %, 0 %
2026/09/20 10:59:40.899, 6, 180.15 W, 28, 120 MHz, 3996 MHz, 0 %, 0 %
2026/09/20 10:59:40.899, 7, 184.09 W, 29, 120 MHz, 3996 MHz, 0 %, 0 %
2026/09/20 10:59:41.899, 0, 708.28 W, 54, 2032 MHz, 3996 MHz, 100 %, 11 %
2026/09/20 10:59:41.899, 1, 788.73 W, 55, 2032 MHz, 3996 MHz, 100 %, 11 %
2026/09/20 10:59:41.899, 2, 897.90 W, 54, 1725 MHz, 3996 MHz, 100 %, 33 %
2026/09/20 10:59:41.899, 3, 660.76 W, 46, 2032 MHz, 3996 MHz, 100 %, 10 %
2026/09/20 10:59:41.899, 4, 183.25 W, 33, 120 MHz, 3996 MHz, 0 %, 0 %
2026/09/20 10:59:41.899, 5, 179.47 W, 31, 120 MHz, 3996 MHz, 0 %, 0 %
2026/09/20 10:59:41.899, 6, 180.16 W, 28, 120 MHz, 3996 MHz, 0 %, 0 %
2026/09/20 10:59:41.899, 7, 184.09 W, 29, 120 MHz, 3996 MHz, 0 %, 0 %
2026/09/20 10:59:42.899, 0, 781.80 W, 57, 2032 MHz, 3996 MHz, 100 %, 24 %
2026/09/20 10:59:42.900, 1, 804.35 W, 61, 1957 MHz, 3996 MHz, 100 %, 33 %
2026/09/20 10:59:42.900, 2, 517.49 W, 49, 2032 MHz, 3996 MHz, 100 %, 10 %
2026/09/20 10:59:42.900, 3, 545.12 W, 49, 2002 MHz, 3996 MHz, 100 %, 10 %
2026/09/20 10:59:42.900, 4, 183.25 W, 33, 120 MHz, 3996 MHz, 0 %, 0 %
2026/09/20 10:59:42.900, 5, 179.46 W, 31, 120 MHz, 3996 MHz, 0 %, 0 %
2026/09/20 10:59:42.900, 6, 180.16 W, 28, 120 MHz, 3996 MHz, 0 %, 0 %
2026/09/20 10:59:42.900, 7, 184.09 W, 29, 120 MHz, 3996 MHz, 0 %, 0 %
2026/09/20 10:59:43.900, 0, 801.29 W, 60, 2017 MHz, 3996 MHz, 100 %, 36 %
2026/09/20 10:59:43.900, 1, 821.30 W, 56, 1957 MHz, 3996 MHz, 100 %, 10 %
2026/09/20 10:59:43.900, 2, 817.91 W, 49, 2032 MHz, 3996 MHz, 100 %, 11 %
2026/09/20 10:59:43.900, 3, 789.16 W, 46, 2032 MHz, 3996 MHz, 100 %, 10 %
2026/09/20 10:59:43.900, 4, 183.25 W, 33, 120 MHz, 3996 MHz, 0 %, 0 %
2026/09/20 10:59:43.900, 5, 179.47 W, 31, 120 MHz, 3996 MHz, 0 %, 0 %
2026/09/20 10:59:43.900, 6, 180.16 W, 28, 120 MHz, 3996 MHz, 0 %, 0 %
2026/09/20 10:59:43.900, 7, 184.09 W, 29, 120 MHz, 3996 MHz, 0 %, 0 %
2026/09/20 10:59:44.900, 0, 829.67 W, 61, 1980 MHz, 3996 MHz, 100 %, 34 %
2026/09/20 10:59:44.900, 1, 820.38 W, 56, 2032 MHz, 3996 MHz, 100 %, 14 %
2026/09/20 10:59:44.900, 2, 801.61 W, 47, 2032 MHz, 3996 MHz, 100 %, 14 %
2026/09/20 10:59:44.900, 3, 830.39 W, 51, 2017 MHz, 3996 MHz, 100 %, 32 %
2026/09/20 10:59:44.900, 4, 183.21 W, 33, 120 MHz, 3996 MHz, 0 %, 0 %
2026/09/20 10:59:44.900, 5, 179.47 W, 31, 120 MHz, 3996 MHz, 0 %, 0 %
2026/09/20 10:59:44.900, 6, 180.15 W, 28, 120 MHz, 3996 MHz, 0 %, 0 %
2026/09/20 10:59:44.900, 7, 184.09 W, 29, 120 MHz, 3996 MHz, 0 %, 0 %
2026/09/20 10:59:45.900, 0, 615.47 W, 61, 1957 MHz, 3996 MHz, 100 %, 38 %
2026/09/20 10:59:45.900, 1, 826.49 W, 61, 1882 MHz, 3996 MHz, 100 %, 34 %
2026/09/20 10:59:45.900, 2, 779.20 W, 48, 2025 MHz, 3996 MHz, 100 %, 34 %
2026/09/20 10:59:45.900, 3, 783.98 W, 46, 2032 MHz, 3996 MHz, 100 %, 15 %
2026/09/20 10:59:45.900, 4, 183.25 W, 33, 120 MHz, 3996 MHz, 0 %, 0 %
2026/09/20 10:59:45.900, 5, 179.47 W, 31, 120 MHz, 3996 MHz, 0 %, 0 %
2026/09/20 10:59:45.900, 6, 180.16 W, 28, 120 MHz, 3996 MHz, 0 %, 0 %
2026/09/20 10:59:45.901, 7, 184.09 W, 29, 120 MHz, 3996 MHz, 0 %, 0 %
2026/09/20 10:59:46.901, 0, 844.72 W, 55, 2032 MHz, 3996 MHz, 100 %, 14 %
2026/09/20 10:59:46.901, 1, 863.84 W, 57, 2032 MHz, 3996 MHz, 100 %, 16 %
2026/09/20 10:59:46.901, 2, 828.70 W, 54, 1912 MHz, 3996 MHz, 100 %, 35 %
2026/09/20 10:59:46.901, 3, 859.86 W, 54, 1897 MHz, 3996 MHz, 100 %, 34 %
2026/09/20 10:59:46.901, 4, 183.21 W, 33, 120 MHz, 3996 MHz, 0 %, 0 %
2026/09/20 10:59:46.901, 5, 179.46 W, 31, 120 MHz, 3996 MHz, 0 %, 0 %
2026/09/20 10:59:46.901, 6, 180.12 W, 28, 120 MHz, 3996 MHz, 0 %, 0 %
2026/09/20 10:59:46.901, 7, 184.09 W, 29, 120 MHz, 3996 MHz, 0 %, 0 %
2026/09/20 10:59:47.901, 0, 845.20 W, 55, 2032 MHz, 3996 MHz, 100 %, 11 %
2026/09/20 10:59:47.901, 1, 993.32 W, 65, 1672 MHz, 3996 MHz, 100 %, 37 %
2026/09/20 10:59:47.901, 2, 647.03 W, 44, 2032 MHz, 3996 MHz, 100 %, 33 %
2026/09/20 10:59:47.901, 3, 639.88 W, 44, 2032 MHz, 3996 MHz, 100 %, 31 %
2026/09/20 10:59:47.901, 4, 183.25 W, 33, 120 MHz, 3996 MHz, 0 %, 0 %
2026/09/20 10:59:47.901, 5, 179.47 W, 31, 120 MHz, 3996 MHz, 0 %, 0 %
2026/09/20 10:59:47.901, 6, 180.11 W, 28, 120 MHz, 3996 MHz, 0 %, 0 %
2026/09/20 10:59:47.901, 7, 184.09 W, 29, 120 MHz, 3996 MHz, 0 %, 0 %
2026/09/20 10:59:48.901, 0, 724.03 W, 59, 2032 MHz, 3996 MHz, 100 %, 54 %
2026/09/20 10:59:48.901, 1, 795.75 W, 61, 2032 MHz, 3996 MHz, 100 %, 54 %
2026/09/20 10:59:48.901, 2, 883.40 W, 51, 2032 MHz, 3996 MHz, 99 %, 53 %
2026/09/20 10:59:48.901, 3, 900.58 W, 49, 2032 MHz, 3996 MHz, 100 %, 53 %
2026/09/20 10:59:48.901, 4, 183.25 W, 33, 120 MHz, 3996 MHz, 0 %, 0 %
2026/09/20 10:59:48.901, 5, 179.46 W, 31, 120 MHz, 3996 MHz, 0 %, 0 %
2026/09/20 10:59:48.901, 6, 180.10 W, 28, 120 MHz, 3996 MHz, 0 %, 0 %
2026/09/20 10:59:48.901, 7, 184.09 W, 29, 120 MHz, 3996 MHz, 0 %, 0 %
2026/09/20 10:59:49.901, 0, 895.77 W, 59, 2032 MHz, 3996 MHz, 100 %, 52 %
2026/09/20 10:59:49.901, 1, 802.20 W, 61, 2032 MHz, 3996 MHz, 100 %, 45 %
2026/09/20 10:59:49.901, 2, 657.77 W, 49, 2032 MHz, 3996 MHz, 100 %, 24 %
2026/09/20 10:59:49.901, 3, 661.66 W, 47, 2032 MHz, 3996 MHz, 100 %, 29 %
2026/09/20 10:59:49.901, 4, 183.25 W, 33, 120 MHz, 3996 MHz, 0 %, 0 %
2026/09/20 10:59:49.901, 5, 179.47 W, 31, 120 MHz, 3996 MHz, 0 %, 0 %
2026/09/20 10:59:49.902, 6, 180.13 W, 28, 120 MHz, 3996 MHz, 0 %, 0 %
2026/09/20 10:59:49.902, 7, 184.09 W, 29, 120 MHz, 3996 MHz, 0 %, 0 %
2026/09/20 10:59:50.902, 0, 853.52 W, 63, 1657 MHz, 3996 MHz, 100 %, 35 %
2026/09/20 10:59:50.902, 1, 720.34 W, 59, 2032 MHz, 3996 MHz, 100 %, 13 %
2026/09/20 10:59:50.902, 2, 936.54 W, 48, 2032 MHz, 3996 MHz, 100 %, 13 %
2026/09/20 10:59:50.902, 3, 705.03 W, 48, 2032 MHz, 3996 MHz, 100 %, 13 %
2026/09/20 10:59:50.902, 4, 183.21 W, 33, 120 MHz, 3996 MHz, 0 %, 0 %
2026/09/20 10:59:50.902, 5, 179.46 W, 31, 120 MHz, 3996 MHz, 0 %, 0 %
2026/09/20 10:59:50.902, 6, 180.19 W, 28, 120 MHz, 3996 MHz, 0 %, 0 %
2026/09/20 10:59:50.902, 7, 184.09 W, 29, 120 MHz, 3996 MHz, 0 %, 0 %
2026/09/20 10:59:51.902, 0, 612.36 W, 53, 2032 MHz, 3996 MHz, 100 %, 11 %
2026/09/20 10:59:51.902, 1, 636.24 W, 54, 2032 MHz, 3996 MHz, 100 %, 11 %
2026/09/20 10:59:51.902, 2, 784.77 W, 53, 1695 MHz, 3996 MHz, 100 %, 36 %
2026/09/20 10:59:51.902, 3, 850.69 W, 45, 2032 MHz, 3996 MHz, 100 %, 10 %
2026/09/20 10:59:51.902, 4, 183.25 W, 33, 120 MHz, 3996 MHz, 0 %, 0 %
2026/09/20 10:59:51.902, 5, 179.46 W, 31, 120 MHz, 3996 MHz, 0 %, 0 %
2026/09/20 10:59:51.902, 6, 180.12 W, 28, 120 MHz, 3996 MHz, 0 %, 0 %
2026/09/20 10:59:51.902, 7, 184.09 W, 29, 120 MHz, 3996 MHz, 0 %, 0 %
2026/09/20 10:59:52.902, 0, 726.67 W, 62, 1860 MHz, 3996 MHz, 100 %, 35 %
2026/09/20 10:59:52.902, 1, 865.62 W, 58, 2032 MHz, 3996 MHz, 100 %, 33 %
2026/09/20 10:59:52.902, 2, 678.31 W, 46, 2032 MHz, 3996 MHz, 100 %, 49 %
2026/09/20 10:59:52.902, 3, 710.90 W, 52, 1905 MHz, 3996 MHz, 100 %, 48 %
2026/09/20 10:59:52.902, 4, 183.17 W, 33, 120 MHz, 3996 MHz, 0 %, 0 %
2026/09/20 10:59:52.902, 5, 179.46 W, 31, 120 MHz, 3996 MHz, 0 %, 0 %
2026/09/20 10:59:52.902, 6, 180.15 W, 28, 120 MHz, 3996 MHz, 0 %, 0 %
2026/09/20 10:59:52.902, 7, 184.09 W, 29, 120 MHz, 3996 MHz, 0 %, 0 %
2026/09/20 10:59:53.902, 0, 827.15 W, 56, 2032 MHz, 3996 MHz, 99 %, 23 %
2026/09/20 10:59:53.903, 1, 685.03 W, 57, 2032 MHz, 3996 MHz, 99 %, 44 %
2026/09/20 10:59:53.903, 2, 741.45 W, 52, 1987 MHz, 3996 MHz, 100 %, 53 %
2026/09/20 10:59:53.903, 3, 1054.14 W, 55, 1905 MHz, 3996 MHz, 100 %, 53 %
2026/09/20 10:59:53.903, 4, 183.25 W, 33, 120 MHz, 3996 MHz, 0 %, 0 %
2026/09/20 10:59:53.903, 5, 179.46 W, 31, 120 MHz, 3996 MHz, 0 %, 0 %
2026/09/20 10:59:53.903, 6, 180.15 W, 28, 120 MHz, 3996 MHz, 0 %, 0 %
2026/09/20 10:59:53.903, 7, 184.09 W, 29, 120 MHz, 3996 MHz, 0 %, 0 %
2026/09/20 10:59:54.903, 0, 694.73 W, 54, 2032 MHz, 3996 MHz, 100 %, 32 %
2026/09/20 10:59:54.903, 1, 783.93 W, 63, 1822 MHz, 3996 MHz, 100 %, 33 %
2026/09/20 10:59:54.903, 2, 858.76 W, 45, 2032 MHz, 3996 MHz, 100 %, 18 %
2026/09/20 10:59:54.903, 3, 950.88 W, 47, 2032 MHz, 3996 MHz, 100 %, 38 %
2026/09/20 10:59:54.903, 4, 183.17 W, 33, 120 MHz, 3996 MHz, 0 %, 0 %
2026/09/20 10:59:54.903, 5, 179.47 W, 31, 120 MHz, 3996 MHz, 0 %, 0 %
2026/09/20 10:59:54.903, 6, 180.11 W, 28, 120 MHz, 3996 MHz, 0 %, 0 %
2026/09/20 10:59:54.903, 7, 184.09 W, 29, 120 MHz, 3996 MHz, 0 %, 0 %
2026/09/20 10:59:55.903, 0, 659.68 W, 54, 2032 MHz, 3996 MHz, 100 %, 15 %
2026/09/20 10:59:55.903, 1, 1044.58 W, 65, 1732 MHz, 3996 MHz, 100 %, 34 %
2026/09/20 10:59:55.903, 2, 853.29 W, 54, 1860 MHz, 3996 MHz, 100 %, 34 %
2026/09/20 10:59:55.903, 3, 637.23 W, 46, 2032 MHz, 3996 MHz, 100 %, 14 %
2026/09/20 10:59:55.903, 4, 183.25 W, 33, 120 MHz, 3996 MHz, 0 %, 0 %
2026/09/20 10:59:55.903, 5, 179.47 W, 31, 120 MHz, 3996 MHz, 0 %, 0 %
2026/09/20 10:59:55.903, 6, 180.13 W, 28, 120 MHz, 3996 MHz, 0 %, 0 %
2026/09/20 10:59:55.903, 7, 184.09 W, 29, 120 MHz, 3996 MHz, 0 %, 0 %
2026/09/20 10:59:56.903, 0, 882.74 W, 59, 2032 MHz, 3996 MHz, 99 %, 53 %
2026/09/20 10:59:56.903, 1, 893.25 W, 61, 2032 MHz, 3996 MHz, 100 %, 53 %
2026/09/20 10:59:56.903, 2, 872.37 W, 51, 2032 MHz, 3996 MHz, 99 %, 53 %
2026/09/20 10:59:56.903, 3, 971.36 W, 51, 2032 MHz, 3996 MHz, 100 %, 53 %
2026/09/20 10:59:56.903, 4, 183.21 W, 33, 120 MHz, 3996 MHz, 0 %, 0 %
2026/09/20 10:59:56.903, 5, 179.47 W, 31, 120 MHz, 3996 MHz, 0 %, 0 %
2026/09/20 10:59:56.903, 6, 180.14 W, 28, 120 MHz, 3996 MHz, 0 %, 0 %
2026/09/20 10:59:56.903, 7, 184.09 W, 29, 120 MHz, 3996 MHz, 0 %, 0 %
2026/09/20 10:59:57.904, 0, 753.98 W, 53, 2032 MHz, 3996 MHz, 100 %, 11 %
2026/09/20 10:59:57.904, 1, 1018.29 W, 65, 1777 MHz, 3996 MHz, 100 %, 32 %
2026/09/20 10:59:57.904, 2, 738.85 W, 44, 2032 MHz, 3996 MHz, 100 %, 10 %
2026/09/20 10:59:57.904, 3, 734.62 W, 46, 2032 MHz, 3996 MHz, 100 %, 10 %
2026/09/20 10:59:57.904, 4, 183.21 W, 33, 120 MHz, 3996 MHz, 0 %, 0 %
2026/09/20 10:59:57.904, 5, 179.47 W, 31, 120 MHz, 3996 MHz, 0 %, 0 %
2026/09/20 10:59:57.904, 6, 180.15 W, 28, 120 MHz, 3996 MHz, 0 %, 0 %
2026/09/20 10:59:57.904, 7, 184.05 W, 29, 120 MHz, 3996 MHz, 0 %, 0 %
2026/09/20 10:59:58.904, 0, 1023.65 W, 63, 1740 MHz, 3996 MHz, 100 %, 34 %
2026/09/20 10:59:58.904, 1, 641.89 W, 56, 2032 MHz, 3996 MHz, 100 %, 15 %
2026/09/20 10:59:58.904, 2, 875.66 W, 46, 2032 MHz, 3996 MHz, 100 %, 15 %
2026/09/20 10:59:58.904, 3, 807.79 W, 53, 1980 MHz, 3996 MHz, 100 %, 33 %
2026/09/20 10:59:58.904, 4, 183.09 W, 33, 120 MHz, 3996 MHz, 0 %, 0 %
2026/09/20 10:59:58.904, 5, 179.47 W, 31, 120 MHz, 3996 MHz, 0 %, 0 %
2026/09/20 10:59:58.904, 6, 180.13 W, 28, 120 MHz, 3996 MHz, 0 %, 0 %
2026/09/20 10:59:58.904, 7, 184.09 W, 29, 120 MHz, 3996 MHz, 0 %, 0 %
2026/09/20 10:59:59.904, 0, 1012.64 W, 63, 1972 MHz, 3996 MHz, 100 %, 31 %
2026/09/20 10:59:59.904, 1, 711.86 W, 55, 2032 MHz, 3996 MHz, 100 %, 14 %
2026/09/20 10:59:59.904, 2, 907.30 W, 54, 1837 MHz, 3996 MHz, 100 %, 35 %
2026/09/20 10:59:59.904, 3, 772.67 W, 46, 2032 MHz, 3996 MHz, 100 %, 14 %
2026/09/20 10:59:59.904, 4, 183.17 W, 33, 120 MHz, 3996 MHz, 0 %, 0 %
2026/09/20 10:59:59.904, 5, 179.47 W, 31, 120 MHz, 3996 MHz, 0 %, 0 %
2026/09/20 10:59:59.904, 6, 180.12 W, 28, 120 MHz, 3996 MHz, 0 %, 0 %
2026/09/20 10:59:59.904, 7, 184.09 W, 29, 120 MHz, 3996 MHz, 0 %, 0 %
2026/09/20 11:00:00.904, 0, 831.02 W, 62, 1785 MHz, 3996 MHz, 100 %, 35 %
2026/09/20 11:00:00.904, 1, 916.80 W, 60, 2032 MHz, 3996 MHz, 100 %, 12 %
2026/09/20 11:00:00.904, 2, 721.63 W, 48, 2032 MHz, 3996 MHz, 100 %, 12 %
2026/09/20 11:00:00.904, 3, 912.65 W, 50, 2032 MHz, 3996 MHz, 100 %, 13 %
2026/09/20 11:00:00.904, 4, 183.21 W, 33, 120 MHz, 3996 MHz, 0 %, 0 %
2026/09/20 11:00:00.905, 5, 179.46 W, 31, 120 MHz, 3996 MHz, 0 %, 0 %
2026/09/20 11:00:00.905, 6, 180.12 W, 28, 120 MHz, 3996 MHz, 0 %, 0 %
2026/09/20 11:00:00.905, 7, 184.09 W, 29, 120 MHz, 3996 MHz, 0 %, 0 %
2026/09/20 11:00:01.905, 0, 967.93 W, 61, 2032 MHz, 3996 MHz, 100 %, 47 %
2026/09/20 11:00:01.905, 1, 910.39 W, 61, 2032 MHz, 3996 MHz, 100 %, 53 %
2026/09/20 11:00:01.905, 2, 935.89 W, 54, 2025 MHz, 3996 MHz, 100 %, 53 %
2026/09/20 11:00:01.905, 3, 947.06 W, 54, 1965 MHz, 3996 MHz, 100 %, 53 %
2026/09/20 11:00:01.905, 4, 183.21 W, 33, 120 MHz, 3996 MHz, 0 %, 0 %
2026/09/20 11:00:01.905, 5, 179.47 W, 31, 120 MHz, 3996 MHz, 0 %, 0 %
2026/09/20 11:00:01.905, 6, 180.11 W, 28, 120 MHz, 3996 MHz, 0 %, 0 %
2026/09/20 11:00:01.905, 7, 184.09 W, 29, 120 MHz, 3996 MHz, 0 %, 0 %
2026/09/20 11:00:02.905, 0, 755.45 W, 60, 2032 MHz, 3996 MHz, 100 %, 39 %
2026/09/20 11:00:02.905, 1, 823.34 W, 64, 1687 MHz, 3996 MHz, 100 %, 53 %
2026/09/20 11:00:02.905, 2, 980.94 W, 50, 2032 MHz, 3996 MHz, 100 %, 54 %
2026/09/20 11:00:02.905, 3, 958.98 W, 50, 2032 MHz, 3996 MHz, 99 %, 53 %
2026/09/20 11:00:02.905, 4, 183.17 W, 33, 120 MHz, 3996 MHz, 0 %, 0 %
2026/09/20 11:00:02.905, 5, 179.46 W, 31, 120 MHz, 3996 MHz, 0 %, 0 %
2026/09/20 11:00:02.905, 6, 180.13 W, 28, 120 MHz, 3996 MHz, 0 %, 0 %
2026/09/20 11:00:02.905, 7, 184.09 W, 29, 120 MHz, 3996 MHz, 0 %, 0 %
2026/09/20 11:00:03.905, 0, 933.75 W, 61, 2032 MHz, 3996 MHz, 100 %, 51 %
2026/09/20 11:00:03.905, 1, 986.48 W, 63, 2032 MHz, 3996 MHz, 100 %, 53 %
2026/09/20 11:00:03.905, 2, 670.37 W, 46, 2032 MHz, 3996 MHz, 100 %, 44 %
2026/09/20 11:00:03.905, 3, 740.32 W, 53, 1837 MHz, 3996 MHz, 100 %, 51 %
2026/09/20 11:00:03.905, 4, 183.21 W, 33, 120 MHz, 3996 MHz, 0 %, 0 %
2026/09/20 11:00:03.905, 5, 179.47 W, 31, 120 MHz, 3996 MHz, 0 %, 0 %
2026/09/20 11:00:03.905, 6, 180.12 W, 28, 120 MHz, 3996 MHz, 0 %, 0 %
2026/09/20 11:00:03.905, 7, 184.09 W, 29, 120 MHz, 3996 MHz, 0 %, 0 %
2026/09/20 11:00:04.906, 0, 770.43 W, 60, 2032 MHz, 3996 MHz, 100 %, 53 %
2026/09/20 11:00:04.906, 1, 804.46 W, 61, 2032 MHz, 3996 MHz, 100 %, 53 %
2026/09/20 11:00:04.906, 2, 769.75 W, 51, 2032 MHz, 3996 MHz, 100 %, 53 %
2026/09/20 11:00:04.906, 3, 973.60 W, 52, 2032 MHz, 3996 MHz, 100 %, 53 %
2026/09/20 11:00:04.906, 4, 183.25 W, 33, 120 MHz, 3996 MHz, 0 %, 0 %
2026/09/20 11:00:04.906, 5, 179.47 W, 31, 120 MHz, 3996 MHz, 0 %, 0 %
2026/09/20 11:00:04.906, 6, 180.15 W, 28, 120 MHz, 3996 MHz, 0 %, 0 %
2026/09/20 11:00:04.906, 7, 184.09 W, 29, 120 MHz, 3996 MHz, 0 %, 0 %
2026/09/20 11:00:05.906, 0, 954.79 W, 59, 2032 MHz, 3996 MHz, 100 %, 12 %
2026/09/20 11:00:05.906, 1, 946.22 W, 60, 2032 MHz, 3996 MHz, 100 %, 13 %
2026/09/20 11:00:05.906, 2, 658.76 W, 48, 2032 MHz, 3996 MHz, 100 %, 13 %
2026/09/20 11:00:05.906, 3, 789.07 W, 52, 1935 MHz, 3996 MHz, 100 %, 35 %
2026/09/20 11:00:05.906, 4, 183.17 W, 33, 120 MHz, 3996 MHz, 0 %, 0 %
2026/09/20 11:00:05.906, 5, 179.46 W, 31, 120 MHz, 3996 MHz, 0 %, 0 %
2026/09/20 11:00:05.906, 6, 180.16 W, 28, 120 MHz, 3996 MHz, 0 %, 0 %
2026/09/20 11:00:05.906, 7, 184.09 W, 29, 120 MHz, 3996 MHz, 0 %, 0 %
2026/09/20 11:00:06.906, 0, 1012.92 W, 62, 2032 MHz, 3996 MHz, 100 %, 53 %
2026/09/20 11:00:06.906, 1, 989.70 W, 63, 2032 MHz, 3996 MHz, 100 %, 51 %
2026/09/20 11:00:06.906, 2, 1012.76 W, 55, 1980 MHz, 3996 MHz, 100 %, 43 %
2026/09/20 11:00:06.906, 3, 782.22 W, 54, 1957 MHz, 3996 MHz, 100 %, 41 %
2026/09/20 11:00:06.906, 4, 183.25 W, 33, 120 MHz, 3996 MHz, 0 %, 0 %
2026/09/20 11:00:06.906, 5, 179.47 W, 31, 120 MHz, 3996 MHz, 0 %, 0 %
2026/09/20 11:00:06.906, 6, 180.15 W, 28, 120 MHz, 3996 MHz, 0 %, 0 %
2026/09/20 11:00:06.906, 7, 184.09 W, 29, 120 MHz, 3996 MHz, 0 %, 0 %
2026/09/20 11:00:07.906, 0, 597.90 W, 54, 2032 MHz, 3996 MHz, 100 %, 35 %
2026/09/20 11:00:07.906, 1, 835.00 W, 62, 2032 MHz, 3996 MHz, 100 %, 34 %
2026/09/20 11:00:07.906, 2, 1051.51 W, 52, 2025 MHz, 3996 MHz, 100 %, 34 %
2026/09/20 11:00:07.906, 3, 823.17 W, 49, 2032 MHz, 3996 MHz, 100 %, 15 %
2026/09/20 11:00:07.907, 4, 183.25 W, 33, 120 MHz, 3996 MHz, 0 %, 0 %
2026/09/20 11:00:07.907, 5, 179.46 W, 31, 120 MHz, 3996 MHz, 0 %, 0 %
2026/09/20 11:00:07.907, 6, 180.10 W, 28, 120 MHz, 3996 MHz, 0 %, 0 %
2026/09/20 11:00:07.907, 7, 184.09 W, 29, 120 MHz, 3996 MHz, 0 %, 0 %
2026/09/20 11:00:08.907, 0, 793.12 W, 60, 2032 MHz, 3996 MHz, 100 %, 30 %
2026/09/20 11:00:08.907, 1, 889.05 W, 59, 2032 MHz, 3996 MHz, 100 %, 43 %
2026/09/20 11:00:08.907, 2, 820.55 W, 54, 1845 MHz, 3996 MHz, 100 %, 16 %
2026/09/20 11:00:08.907, 3, 848.88 W, 47, 2032 MHz, 3996 MHz, 100 %, 24 %
2026/09/20 11:00:08.907, 4, 183.25 W, 33, 120 MHz, 3996 MHz, 0 %, 0 %
2026/09/20 11:00:08.907, 5, 179.46 W, 31, 120 MHz, 3996 MHz, 0 %, 0 %
2026/09/20 11:00:08.907, 6, 180.13 W, 28, 120 MHz, 3996 MHz, 0 %, 0 %
2026/09/20 11:00:08.907, 7, 184.09 W, 29, 120 MHz, 3996 MHz, 0 %, 0 %
2026/09/20 11:00:09.907, 0, 841.79 W, 63, 1995 MHz, 3996 MHz, 100 %, 32 %
2026/09/20 11:00:09.907, 1, 618.39 W, 55, 2032 MHz, 3996 MHz, 100 %, 14 %
2026/09/20 11:00:09.907, 2, 801.36 W, 49, 2032 MHz, 3996 MHz, 100 %, 15 %
2026/09/20 11:00:09.907, 3, 863.95 W, 50, 2025 MHz, 3996 MHz, 100 %, 38 %
2026/09/20 11:00:09.907, 4, 183.25 W, 33, 120 MHz, 3996 MHz, 0 %, 0 %
2026/09/20 11:00:09.907, 5, 179.47 W, 31, 120 MHz, 3996 MHz, 0 %, 0 %
2026/09/20 11:00:09.907, 6, 180.13 W, 28, 120 MHz, 3996 MHz, 0 %, 0 %
2026/09/20 11:00:09.907, 7, 184.09 W, 29, 120 MHz, 3996 MHz, 0 %, 0 %
2026/09/20 11:00:10.907, 0, 584.47 W, 54, 2032 MHz, 3996 MHz, 100 %, 10 %
2026/09/20 11:00:10.907, 1, 830.65 W, 65, 1642 MHz, 3996 MHz, 100 %, 32 %
2026/09/20 11:00:10.907, 2, 804.19 W, 45, 2032 MHz, 3996 MHz, 100 %, 9 %
2026/09/20 11:00:10.907, 3, 573.12 W, 45, 2032 MHz, 3996 MHz, 100 %, 11 %
2026/09/20 11:00:10.907, 4, 183.13 W, 33, 120 MHz, 3996 MHz, 0 %, 0 %
2026/09/20 11:00:10.907, 5, 179.46 W, 31, 120 MHz, 3996 MHz, 0 %, 0 %
2026/09/20 11:00:10.907, 6, 180.14 W, 29, 120 MHz, 3996 MHz, 0 %, 0 %
2026/09/20 11:00:10.907, 7, 184.09 W, 29, 120 MHz, 3996 MHz, 0 %, 0 %
2026/09/20 11:00:11.907, 0, 971.70 W, 61, 1935 MHz, 3996 MHz, 100 %, 42 %
2026/09/20 11:00:11.908, 1, 759.64 W, 63, 1965 MHz, 3996 MHz, 100 %, 36 %
2026/09/20 11:00:11.908, 2, 1017.69 W, 54, 2025 MHz, 3996 MHz, 100 %, 38 %
2026/09/20 11:00:11.908, 3, 963.80 W, 56, 1950 MHz, 3996 MHz, 100 %, 40 %
2026/09/20 11:00:11.924, 4, 183.25 W, 33, 120 MHz, 3996 MHz, 0 %, 0 %
2026/09/20 11:00:11.924, 5, 179.46 W, 31, 120 MHz, 3996 MHz, 0 %, 0 %
2026/09/20 11:00:11.924, 6, 180.15 W, 29, 120 MHz, 3996 MHz, 0 %, 0 %
2026/09/20 11:00:11.924, 7, 184.09 W, 29, 120 MHz, 3996 MHz, 0 %, 0 %
2026/09/20 11:00:12.924, 0, 1045.26 W, 62, 2017 MHz, 3996 MHz, 100 %, 33 %
2026/09/20 11:00:12.924, 1, 801.79 W, 59, 2032 MHz, 3996 MHz, 100 %, 9 %
2026/09/20 11:00:12.924, 2, 800.82 W, 48, 2032 MHz, 3996 MHz, 100 %, 10 %
2026/09/20 11:00:12.924, 3, 802.09 W, 49, 2032 MHz, 3996 MHz, 100 %, 10 %
2026/09/20 11:00:12.924, 4, 183.25 W, 33, 120 MHz, 3996 MHz, 0 %, 0 %
2026/09/20 11:00:12.924, 5, 179.47 W, 31, 120 MHz, 3996 MHz, 0 %, 0 %
2026/09/20 11:00:12.924, 6, 180.15 W, 29, 120 MHz, 3996 MHz, 0 %, 0 %
2026/09/20 11:00:12.924, 7, 184.09 W, 29, 120 MHz, 3996 MHz, 0 %, 0 %
2026/09/20 11:00:13.924, 0, 850.96 W, 56, 2032 MHz, 3996 MHz, 100 %, 10 %
2026/09/20 11:00:13.924, 1, 619.05 W, 55, 2032 MHz, 3996 MHz, 100 %, 10 %
2026/09/20 11:00:13.924, 2, 1031.52 W, 56, 1680 MHz, 3996 MHz, 100 %, 34 %
2026/09/20 11:00:13.924, 3, 851.09 W, 47, 2032 MHz, 3996 MHz, 100 %, 10 %
2026/09/20 11:00:13.924, 4, 183.25 W, 33, 120 MHz, 3996 MHz, 0 %, 0 %
2026/09/20 11:00:13.924, 5, 179.47 W, 31, 120 MHz, 3996 MHz, 0 %, 0 %
2026/09/20 11:00:13.924, 6, 180.12 W, 29, 120 MHz, 3996 MHz, 0 %, 0 %
2026/09/20 11:00:13.924, 7, 184.09 W, 29, 120 MHz, 3996 MHz, 0 %, 0 %
2026/09/20 11:00:14.925, 0, 817.80 W, 56, 2032 MHz, 3996 MHz, 100 %, 14 %
2026/09/20 11:00:14.925, 1, 1003.99 W, 65, 1822 MHz, 3996 MHz, 100 %, 35 %
2026/09/20 11:00:14.925, 2, 601.42 W, 46, 2032 MHz, 3996 MHz, 100 %, 14 %
2026/09/20 11:00:14.925, 3, 778.98 W, 55, 1905 MHz, 3996 MHz, 100 %, 34 %
2026/09/20 11:00:14.925, 4, 183.25 W, 33, 120 MHz, 3996 MHz, 0 %, 0 %
2026/09/20 11:00:14.925, 5, 179.47 W, 31, 120 MHz, 3996 MHz, 0 %, 0 %
2026/09/20 11:00:14.925, 6, 180.13 W, 29, 120 MHz, 3996 MHz, 0 %, 0 %
2026/09/20 11:00:14.925, 7, 184.09 W, 29, 120 MHz, 3996 MHz, 0 %, 0 %
2026/09/20 11:00:15.925, 0, 737.13 W, 58, 2032 MHz, 3996 MHz, 100 %, 15 %
2026/09/20 11:00:15.925, 1, 1016.01 W, 63, 1950 MHz, 3996 MHz, 100 %, 34 %
2026/09/20 11:00:15.925, 2, 936.78 W, 53, 2010 MHz, 3996 MHz, 100 %, 31 %
2026/09/20 11:00:15.925, 3, 751.73 W, 49, 2032 MHz, 3996 MHz, 100 %, 14 %
2026/09/20 11:00:15.925, 4, 183.25 W, 33, 120 MHz, 3996 MHz, 0 %, 0 %
2026/09/20 11:00:15.925, 5, 179.47 W, 31, 120 MHz, 3996 MHz, 0 %, 0 %
2026/09/20 11:00:15.925, 6, 180.13 W, 29, 120 MHz, 3996 MHz, 0 %, 0 %
2026/09/20 11:00:15.925, 7, 184.09 W, 29, 120 MHz, 3996 MHz, 0 %, 0 %
2026/09/20 11:00:16.925, 0, 614.92 W, 55, 2032 MHz, 3996 MHz, 100 %, 11 %
2026/09/20 11:00:16.925, 1, 623.41 W, 56, 2032 MHz, 3996 MHz, 100 %, 12 %
2026/09/20 11:00:16.925, 2, 743.02 W, 48, 2032 MHz, 3996 MHz, 100 %, 35 %
2026/09/20 11:00:16.925, 3, 970.11 W, 55, 1785 MHz, 3996 MHz, 100 %, 32 %
2026/09/20 11:00:16.925, 4, 183.25 W, 33, 120 MHz, 3996 MHz, 0 %, 0 %
2026/09/20 11:00:16.925, 5, 179.46 W, 31, 120 MHz, 3996 MHz, 0 %, 0 %
2026/09/20 11:00:16.925, 6, 180.15 W, 29, 120 MHz, 3996 MHz, 0 %, 0 %
2026/09/20 11:00:16.925, 7, 184.09 W, 29, 120 MHz, 3996 MHz, 0 %, 0 %
2026/09/20 11:00:17.925, 0, 914.12 W, 64, 1702 MHz, 3996 MHz, 100 %, 35 %
2026/09/20 11:00:17.925, 1, 678.93 W, 56, 2032 MHz, 3996 MHz, 100 %, 15 %
2026/09/20 11:00:17.925, 2, 868.56 W, 55, 1845 MHz, 3996 MHz, 100 %, 34 %
2026/09/20 11:00:17.925, 3, 783.94 W, 48, 2032 MHz, 3996 MHz, 100 %, 15 %
2026/09/20 11:00:17.925, 4, 183.25 W, 33, 120 MHz, 3996 MHz, 0 %, 0 %
2026/09/20 11:00:17.925, 5, 179.46 W, 31, 120 MHz, 3996 MHz, 0 %, 0 %
2026/09/20 11:00:17.926, 6, 180.16 W, 29, 120 MHz, 3996 MHz, 0 %, 0 %
2026/09/20 11:00:17.926, 7, 184.09 W, 29, 120 MHz, 3996 MHz, 0 %, 0 %
2026/09/20 11:00:18.926, 0, 964.54 W, 64, 1800 MHz, 3996 MHz, 100 %, 35 %
2026/09/20 11:00:18.926, 1, 896.20 W, 62, 1987 MHz, 3996 MHz, 100 %, 33 %
2026/09/20 11:00:18.926, 2, 678.74 W, 48, 2032 MHz, 3996 MHz, 100 %, 14 %
2026/09/20 11:00:18.926, 3, 777.60 W, 48, 2032 MHz, 3996 MHz, 100 %, 15 %
2026/09/20 11:00:18.926, 4, 183.25 W, 33, 120 MHz, 3996 MHz, 0 %, 0 %
2026/09/20 11:00:18.926, 5, 179.46 W, 31, 120 MHz, 3996 MHz, 0 %, 0 %
2026/09/20 11:00:18.926, 6, 180.17 W, 29, 120 MHz, 3996 MHz, 0 %, 0 %
2026/09/20 11:00:18.926, 7, 184.09 W, 29, 120 MHz, 3996 MHz, 0 %, 0 %
2026/09/20 11:00:19.926, 0, 1035.18 W, 65, 1792 MHz, 3996 MHz, 100 %, 34 %
2026/09/20 11:00:19.926, 1, 777.86 W, 58, 2032 MHz, 3996 MHz, 100 %, 16 %
2026/09/20 11:00:19.926, 2, 923.38 W, 55, 1920 MHz, 3996 MHz, 100 %, 35 %
2026/09/20 11:00:19.926, 3, 746.35 W, 47, 2032 MHz, 3996 MHz, 100 %, 15 %
2026/09/20 11:00:19.926, 4, 183.25 W, 33, 120 MHz, 3996 MHz, 0 %, 0 %
2026/09/20 11:00:19.926, 5, 179.47 W, 31, 120 MHz, 3996 MHz, 0 %, 0 %
2026/09/20 11:00:19.926, 6, 180.13 W, 29, 120 MHz, 3996 MHz, 0 %, 0 %
2026/09/20 11:00:19.926, 7, 184.09 W, 29, 120 MHz, 3996 MHz, 0 %, 0 %
2026/09/20 11:00:20.926, 0, 914.70 W, 63, 2025 MHz, 3996 MHz, 100 %, 33 %
2026/09/20 11:00:20.926, 1, 641.30 W, 61, 2032 MHz, 3996 MHz, 100 %, 10 %
2026/09/20 11:00:20.926, 2, 694.76 W, 48, 2032 MHz, 3996 MHz, 100 %, 10 %
2026/09/20 11:00:20.926, 3, 784.86 W, 51, 2032 MHz, 3996 MHz, 100 %, 17 %
2026/09/20 11:00:20.926, 4, 183.25 W, 33, 120 MHz, 3996 MHz, 0 %, 0 %
2026/09/20 11:00:20.926, 5, 179.47 W, 31, 120 MHz, 3996 MHz, 0 %, 0 %
2026/09/20 11:00:20.926, 6, 180.12 W, 29, 120 MHz, 3996 MHz, 0 %, 0 %
2026/09/20 11:00:20.926, 7, 184.09 W, 29, 120 MHz, 3996 MHz, 0 %, 0 %
2026/09/20 11:00:21.926, 0, 749.66 W, 64, 1755 MHz, 3996 MHz, 100 %, 26 %
2026/09/20 11:00:21.927, 1, 1031.94 W, 62, 2032 MHz, 3996 MHz, 100 %, 33 %
2026/09/20 11:00:21.927, 2, 931.69 W, 50, 2032 MHz, 3996 MHz, 100 %, 12 %
2026/09/20 11:00:21.927, 3, 902.60 W, 50, 2032 MHz, 3996 MHz, 100 %, 13 %
2026/09/20 11:00:21.927, 4, 183.25 W, 33, 120 MHz, 3996 MHz, 0 %, 0 %
2026/09/20 11:00:21.927, 5, 179.47 W, 31, 120 MHz, 3996 MHz, 0 %, 0 %
2026/09/20 11:00:21.927, 6, 180.11 W, 29, 120 MHz, 3996 MHz, 0 %, 0 %
2026/09/20 11:00:21.927, 7, 184.09 W, 29, 120 MHz, 3996 MHz, 0 %, 0 %
2026/09/20 11:00:22.927, 0, 749.86 W, 60, 2032 MHz, 3996 MHz, 100 %, 53 %
2026/09/20 11:00:22.927, 1, 984.01 W, 66, 1957 MHz, 3996 MHz, 100 %, 53 %
2026/09/20 11:00:22.927, 2, 710.19 W, 53, 2032 MHz, 3996 MHz, 100 %, 53 %
2026/09/20 11:00:22.927, 3, 730.03 W, 53, 1980 MHz, 3996 MHz, 100 %, 53 %
2026/09/20 11:00:22.927, 4, 183.25 W, 33, 120 MHz, 3996 MHz, 0 %, 0 %
2026/09/20 11:00:22.927, 5, 179.46 W, 31, 120 MHz, 3996 MHz, 0 %, 0 %
2026/09/20 11:00:22.927, 6, 180.11 W, 29, 120 MHz, 3996 MHz, 0 %, 0 %
2026/09/20 11:00:22.927, 7, 184.09 W, 29, 120 MHz, 3996 MHz, 0 %, 0 %
2026/09/20 11:00:23.927, 0, 792.35 W, 64, 1785 MHz, 3996 MHz, 100 %, 37 %
2026/09/20 11:00:23.927, 1, 965.51 W, 59, 2032 MHz, 3996 MHz, 100 %, 36 %
2026/09/20 11:00:23.927, 2, 855.50 W, 47, 2032 MHz, 3996 MHz, 100 %, 30 %
2026/09/20 11:00:23.927, 3, 824.97 W, 47, 2032 MHz, 3996 MHz, 100 %, 13 %
2026/09/20 11:00:23.927, 4, 183.25 W, 33, 120 MHz, 3996 MHz, 0 %, 0 %
2026/09/20 11:00:23.927, 5, 179.47 W, 31, 120 MHz, 3996 MHz, 0 %, 0 %
2026/09/20 11:00:23.927, 6, 180.15 W, 29, 120 MHz, 3996 MHz, 0 %, 0 %
2026/09/20 11:00:23.927, 7, 184.09 W, 29, 120 MHz, 3996 MHz, 0 %, 0 %
2026/09/20 11:00:24.927, 0, 925.46 W, 58, 2032 MHz, 3996 MHz, 100 %, 24 %
2026/09/20 11:00:24.927, 1, 671.13 W, 65, 1882 MHz, 3996 MHz, 100 %, 48 %
2026/09/20 11:00:24.927, 2, 641.55 W, 53, 1927 MHz, 3996 MHz, 99 %, 53 %
2026/09/20 11:00:24.927, 3, 567.57 W, 47, 2032 MHz, 3996 MHz, 100 %, 18 %
2026/09/20 11:00:24.927, 4, 183.25 W, 33, 120 MHz, 3996 MHz, 0 %, 0 %
2026/09/20 11:00:24.928, 5, 179.47 W, 31, 120 MHz, 3996 MHz, 0 %, 0 %
2026/09/20 11:00:24.928, 6, 180.17 W, 29, 120 MHz, 3996 MHz, 0 %, 0 %
2026/09/20 11:00:24.928, 7, 184.09 W, 29, 120 MHz, 3996 MHz, 0 %, 0 %
2026/09/20 11:00:25.928, 0, 855.30 W, 60, 2032 MHz, 3996 MHz, 100 %, 42 %
2026/09/20 11:00:25.928, 1, 990.31 W, 60, 2032 MHz, 3996 MHz, 100 %, 36 %
2026/09/20 11:00:25.928, 2, 1046.06 W, 56, 1957 MHz, 3996 MHz, 100 %, 32 %
2026/09/20 11:00:25.928, 3, 640.47 W, 53, 1920 MHz, 3996 MHz, 100 %, 41 %
2026/09/20 11:00:25.928, 4, 183.25 W, 33, 120 MHz, 3996 MHz, 0 %, 0 %
2026/09/20 11:00:25.928, 5, 179.47 W, 31, 120 MHz, 3996 MHz, 0 %, 0 %
2026/09/20 11:00:25.928, 6, 180.16 W, 29, 120 MHz, 3996 MHz, 0 %, 0 %
2026/09/20 11:00:25.928, 7, 184.09 W, 29, 120 MHz, 3996 MHz, 0 %, 0 %
2026/09/20 11:00:26.928, 0, 762.11 W, 62, 2032 MHz, 3996 MHz, 100 %, 32 %
2026/09/20 11:00:26.928, 1, 736.66 W, 63, 2032 MHz, 3996 MHz, 100 %, 13 %
2026/09/20 11:00:26.928, 2, 916.51 W, 52, 2032 MHz, 3996 MHz, 100 %, 13 %
2026/09/20 11:00:26.928, 3, 1028.30 W, 52, 2032 MHz, 3996 MHz, 100 %, 45 %
2026/09/20 11:00:26.928, 4, 183.25 W, 33, 120 MHz, 3996 MHz, 0 %, 0 %
2026/09/20 11:00:26.928, 5, 179.47 W, 31, 120 MHz, 3996 MHz, 0 %, 0 %
2026/09/20 11:00:26.928, 6, 180.17 W, 29, 120 MHz, 3996 MHz, 0 %, 0 %
2026/09/20 11:00:26.928, 7, 184.09 W, 29, 120 MHz, 3996 MHz, 0 %, 0 %
2026/09/20 11:00:27.928, 0, 799.92 W, 57, 2032 MHz, 3996 MHz, 100 %, 10 %
2026/09/20 11:00:27.928, 1, 566.22 W, 58, 2032 MHz, 3996 MHz, 100 %, 11 %
2026/09/20 11:00:27.928, 2, 804.43 W, 47, 2032 MHz, 3996 MHz, 100 %, 11 %
2026/09/20 11:00:27.928, 3, 829.24 W, 55, 1785 MHz, 3996 MHz, 100 %, 35 %
2026/09/20 11:00:27.928, 4, 183.25 W, 33, 120 MHz, 3996 MHz, 0 %, 0 %
2026/09/20 11:00:27.928, 5, 179.46 W, 31, 120 MHz, 3996 MHz, 0 %, 0 %
2026/09/20 11:00:27.928, 6, 180.12 W, 29, 120 MHz, 3996 MHz, 0 %, 0 %
2026/09/20 11:00:27.928, 7, 184.09 W, 29, 120 MHz, 3996 MHz, 0 %, 0 %
2026/09/20 11:00:28.929, 0, 749.65 W, 59, 1972 MHz, 3996 MHz, 100 %, 16 %
2026/09/20 11:00:28.929, 1, 955.45 W, 65, 1995 MHz, 3996 MHz, 100 %, 35 %
2026/09/20 11:00:28.929, 2, 933.45 W, 53, 1957 MHz, 3996 MHz, 100 %, 34 %
2026/09/20 11:00:28.929, 3, 784.95 W, 50, 2032 MHz, 3996 MHz, 100 %, 15 %
2026/09/20 11:00:28.929, 4, 183.25 W, 33, 120 MHz, 3996 MHz, 0 %, 0 %
2026/09/20 11:00:28.929, 5, 179.46 W, 31, 120 MHz, 3996 MHz, 0 %, 0 %
2026/09/20 11:00:28.929, 6, 180.13 W, 29, 120 MHz, 3996 MHz, 0 %, 0 %
2026/09/20 11:00:28.929, 7, 184.09 W, 29, 120 MHz, 3996 MHz, 0 %, 0 %
2026/09/20 11:00:29.929, 0, 1019.16 W, 63, 2032 MHz, 3996 MHz, 100 %, 35 %
2026/09/20 11:00:29.929, 1, 837.37 W, 63, 1972 MHz, 3996 MHz, 100 %, 10 %
2026/09/20 11:00:29.929, 2, 551.21 W, 48, 2032 MHz, 3996 MHz, 100 %, 11 %
2026/09/20 11:00:29.929, 3, 590.08 W, 51, 1995 MHz, 3996 MHz, 100 %, 24 %
2026/09/20 11:00:29.929, 4, 183.25 W, 33, 120 MHz, 3996 MHz, 0 %, 0 %
2026/09/20 11:00:29.929, 5, 179.46 W, 31, 120 MHz, 3996 MHz, 0 %, 0 %
2026/09/20 11:00:29.929, 6, 180.12 W, 29, 120 MHz, 3996 MHz, 0 %, 0 %
2026/09/20 11:00:29.929, 7, 184.09 W, 29, 120 MHz, 3996 MHz, 0 %, 0 %
2026/09/20 11:00:30.929, 0, 680.16 W, 57, 2032 MHz, 3996 MHz, 100 %, 14 %
2026/09/20 11:00:30.929, 1, 1054.00 W, 66, 1822 MHz, 3996 MHz, 100 %, 34 %
2026/09/20 11:00:30.929, 2, 885.08 W, 48, 2032 MHz, 3996 MHz, 100 %, 15 %
2026/09/20 11:00:30.929, 3, 1048.08 W, 56, 1875 MHz, 3996 MHz, 100 %, 35 %
2026/09/20 11:00:30.929, 4, 183.25 W, 33, 120 MHz, 3996 MHz, 0 %, 0 %
2026/09/20 11:00:30.929, 5, 179.47 W, 31, 120 MHz, 3996 MHz, 0 %, 0 %
2026/09/20 11:00:30.929, 6, 180.14 W, 29, 120 MHz, 3996 MHz, 0 %, 0 %
2026/09/20 11:00:30.929, 7, 184.09 W, 29, 120 MHz, 3996 MHz, 0 %, 0 %
2026/09/20 11:00:31.929, 0, 573.35 W, 56, 2032 MHz, 3996 MHz, 100 %, 14 %
2026/09/20 11:00:31.929, 1, 809.52 W, 66, 1972 MHz, 3996 MHz, 100 %, 32 %
2026/09/20 11:00:31.929, 2, 979.67 W, 56, 1732 MHz, 3996 MHz, 100 %, 35 %
2026/09/20 11:00:31.929, 3, 873.32 W, 48, 2032 MHz, 3996 MHz, 100 %, 14 %
2026/09/20 11:00:31.929, 4, 183.25 W, 33, 120 MHz, 3996 MHz, 0 %, 0 %
2026/09/20 11:00:31.929, 5, 179.54 W, 31, 120 MHz, 3996 MHz, 0 %, 0 %
2026/09/20 11:00:31.929, 6, 180.15 W, 29, 120 MHz, 3996 MHz, 0 %, 0 %
2026/09/20 11:00:31.930, 7, 184.09 W, 29, 120 MHz, 3996 MHz, 0 %, 0 %
2026/09/20 11:00:32.930, 0, 756.26 W, 60, 2032 MHz, 3996 MHz, 100 %, 12 %
2026/09/20 11:00:32.930, 1, 956.92 W, 62, 2032 MHz, 3996 MHz, 100 %, 12 %
2026/09/20 11:00:32.930, 2, 944.49 W, 56, 1792 MHz, 3996 MHz, 100 %, 36 %
2026/09/20 11:00:32.930, 3, 746.63 W, 50, 2032 MHz, 3996 MHz, 100 %, 12 %
2026/09/20 11:00:32.930, 4, 183.25 W, 33, 120 MHz, 3996 MHz, 0 %, 0 %
2026/09/20 11:00:32.930, 5, 179.47 W, 31, 120 MHz, 3996 MHz, 0 %, 0 %
2026/09/20 11:00:32.930, 6, 180.16 W, 29, 120 MHz, 3996 MHz, 0 %, 0 %
2026/09/20 11:00:32.930, 7, 184.09 W, 29, 120 MHz, 3996 MHz, 0 %, 0 %
2026/09/20 11:00:33.930, 0, 548.88 W, 58, 2032 MHz, 3996 MHz, 100 %, 10 %
2026/09/20 11:00:33.930, 1, 546.86 W, 60, 2032 MHz, 3996 MHz, 100 %, 10 %
2026/09/20 11:00:33.930, 2, 541.34 W, 48, 2032 MHz, 3996 MHz, 100 %, 10 %
2026/09/20 11:00:33.930, 3, 1042.40 W, 53, 2032 MHz, 3996 MHz, 100 %, 36 %
2026/09/20 11:00:33.930, 4, 183.25 W, 33, 120 MHz, 3996 MHz, 0 %, 0 %
2026/09/20 11:00:33.930, 5, 179.46 W, 31, 120 MHz, 3996 MHz, 0 %, 0 %
2026/09/20 11:00:33.930, 6, 180.20 W, 29, 120 MHz, 3996 MHz, 0 %, 0 %
2026/09/20 11:00:33.930, 7, 184.09 W, 29, 120 MHz, 3996 MHz, 0 %, 0 %
2026/09/20 11:00:34.930, 0, 1071.59 W, 65, 1777 MHz, 3996 MHz, 100 %, 35 %
2026/09/20 11:00:34.930, 1, 631.13 W, 58, 2032 MHz, 3996 MHz, 100 %, 15 %
2026/09/20 11:00:34.930, 2, 1064.13 W, 55, 1830 MHz, 3996 MHz, 100 %, 34 %
2026/09/20 11:00:34.930, 3, 871.60 W, 49, 2032 MHz, 3996 MHz, 100 %, 15 %
2026/09/20 11:00:34.930, 4, 183.25 W, 33, 120 MHz, 3996 MHz, 0 %, 0 %
2026/09/20 11:00:34.930, 5, 179.47 W, 31, 120 MHz, 3996 MHz, 0 %, 0 %
2026/09/20 11:00:34.930, 6, 180.15 W, 29, 120 MHz, 3996 MHz, 0 %, 0 %
2026/09/20 11:00:34.930, 7, 184.09 W, 29, 120 MHz, 3996 MHz, 0 %, 0 %
2026/09/20 11:00:35.930, 0, 1028.37 W, 63, 2032 MHz, 3996 MHz, 99 %, 48 %
2026/09/20 11:00:35.931, 1, 631.71 W, 62, 2032 MHz, 3996 MHz, 100 %, 24 %
2026/09/20 11:00:35.931, 2, 703.70 W, 50, 2032 MHz, 3996 MHz, 100 %, 13 %
2026/09/20 11:00:35.931, 3, 639.81 W, 51, 2032 MHz, 3996 MHz, 100 %, 50 %
2026/09/20 11:00:35.931, 4, 183.25 W, 33, 120 MHz, 3996 MHz, 0 %, 0 %
2026/09/20 11:00:35.931, 5, 179.50 W, 31, 120 MHz, 3996 MHz, 0 %, 0 %
2026/09/20 11:00:35.931, 6, 180.16 W, 29, 120 MHz, 3996 MHz, 0 %, 0 %
2026/09/20 11:00:35.931, 7, 184.09 W, 29, 120 MHz, 3996 MHz, 0 %, 0 %
2026/09/20 11:00:36.931, 0, 670.51 W, 56, 2032 MHz, 3996 MHz, 100 %, 11 %
2026/09/20 11:00:36.931, 1, 684.04 W, 57, 2032 MHz, 3996 MHz, 100 %, 11 %
2026/09/20 11:00:36.931, 2, 854.14 W, 55, 1792 MHz, 3996 MHz, 100 %, 34 %
2026/09/20 11:00:36.931, 3, 869.83 W, 47, 2032 MHz, 3996 MHz, 100 %, 10 %
2026/09/20 11:00:36.931, 4, 183.25 W, 33, 120 MHz, 3996 MHz, 0 %, 0 %
2026/09/20 11:00:36.931, 5, 179.46 W, 31, 120 MHz, 3996 MHz, 0 %, 0 %
2026/09/20 11:00:36.931, 6, 180.16 W, 29, 120 MHz, 3996 MHz, 0 %, 0 %
2026/09/20 11:00:36.931, 7, 184.09 W, 29, 120 MHz, 3996 MHz, 0 %, 0 %
2026/09/20 11:00:37.931, 0, 1046.88 W, 66, 1807 MHz, 3996 MHz, 100 %, 35 %
2026/09/20 11:00:37.931, 1, 1012.82 W, 66, 2002 MHz, 3996 MHz, 100 %, 27 %
2026/09/20 11:00:37.931, 2, 577.61 W, 46, 2032 MHz, 3996 MHz, 100 %, 14 %
2026/09/20 11:00:37.931, 3, 545.50 W, 46, 2032 MHz, 3996 MHz, 100 %, 14 %
2026/09/20 11:00:37.931, 4, 183.25 W, 33, 120 MHz, 3996 MHz, 0 %, 0 %
2026/09/20 11:00:37.931, 5, 179.46 W, 31, 120 MHz, 3996 MHz, 0 %, 0 %
2026/09/20 11:00:37.931, 6, 180.15 W, 29, 120 MHz, 3996 MHz, 0 %, 0 %
2026/09/20 11:00:37.931, 7, 184.09 W, 29, 120 MHz, 3996 MHz, 0 %, 0 %
2026/09/20 11:00:38.931, 0, 824.04 W, 66, 1672 MHz, 3996 MHz, 100 %, 35 %
2026/09/20 11:00:38.931, 1, 653.97 W, 58, 2032 MHz, 3996 MHz, 100 %, 12 %
2026/09/20 11:00:38.931, 2, 883.91 W, 48, 2032 MHz, 3996 MHz, 100 %, 13 %
2026/09/20 11:00:38.931, 3, 878.24 W, 48, 2032 MHz, 3996 MHz, 100 %, 12 %
2026/09/20 11:00:38.931, 4, 183.25 W, 33, 120 MHz, 3996 MHz, 0 %, 0 %
2026/09/20 11:00:38.931, 5, 179.47 W, 31, 120 MHz, 3996 MHz, 0 %, 0 %
2026/09/20 11:00:38.932, 6, 180.17 W, 29, 120 MHz, 3996 MHz, 0 %, 0 %
2026/09/20 11:00:38.932, 7, 184.09 W, 29, 120 MHz, 3996 MHz, 0 %, 0 %
2026/09/20 11:00:39.932, 0, 946.05 W, 65, 1972 MHz, 3996 MHz, 100 %, 32 %
2026/09/20 11:00:39.932, 1, 745.17 W, 58, 2032 MHz, 3996 MHz, 100 %, 18 %
2026/09/20 11:00:39.932, 2, 605.84 W, 46, 2032 MHz, 3996 MHz, 100 %, 32 %
2026/09/20 11:00:39.932, 3, 779.22 W, 55, 1890 MHz, 3996 MHz, 100 %, 35 %
2026/09/20 11:00:39.932, 4, 183.25 W, 33, 120 MHz, 3996 MHz, 0 %, 0 %
2026/09/20 11:00:39.932, 5, 179.62 W, 31, 120 MHz, 3996 MHz, 0 %, 0 %
2026/09/20 11:00:39.932, 6, 180.21 W, 29, 120 MHz, 3996 MHz, 0 %, 0 %
2026/09/20 11:00:39.932, 7, 184.09 W, 29, 120 MHz, 3996 MHz, 0 %, 0 %
2026/09/20 11:00:40.932, 0, 819.28 W, 64, 1965 MHz, 3996 MHz, 100 %, 31 %
2026/09/20 11:00:40.932, 1, 596.71 W, 57, 2032 MHz, 3996 MHz, 100 %, 12 %
2026/09/20 11:00:40.932, 2, 834.02 W, 49, 2032 MHz, 3996 MHz, 100 %, 33 %
2026/09/20 11:00:40.932, 3, 816.71 W, 54, 1905 MHz, 3996 MHz, 100 %, 35 %
2026/09/20 11:00:40.932, 4, 183.25 W, 33, 120 MHz, 3996 MHz, 0 %, 0 %
2026/09/20 11:00:40.932, 5, 179.47 W, 31, 120 MHz, 3996 MHz, 0 %, 0 %
2026/09/20 11:00:40.932, 6, 180.16 W, 29, 120 MHz, 3996 MHz, 0 %, 0 %
2026/09/20 11:00:40.932, 7, 184.09 W, 29, 120 MHz, 3996 MHz, 0 %, 0 %
2026/09/20 11:00:41.932, 0, 1054.20 W, 67, 1875 MHz, 3996 MHz, 100 %, 33 %
2026/09/20 11:00:41.932, 1, 607.42 W, 56, 2032 MHz, 3996 MHz, 100 %, 14 %
2026/09/20 11:00:41.932, 2, 591.94 W, 45, 2032 MHz, 3996 MHz, 100 %, 15 %
2026/09/20 11:00:41.932, 3, 1052.13 W, 56, 1890 MHz, 3996 MHz, 100 %, 34 %
2026/09/20 11:00:41.932, 4, 183.25 W, 33, 120 MHz, 3996 MHz, 0 %, 0 %
2026/09/20 11:00:41.932, 5, 179.47 W, 31, 120 MHz, 3996 MHz, 0 %, 0 %
2026/09/20 11:00:41.932, 6, 180.15 W, 29, 120 MHz, 3996 MHz, 0 %, 0 %
2026/09/20 11:00:41.932, 7, 184.09 W, 29, 120 MHz, 3996 MHz, 0 %, 0 %
2026/09/20 11:00:42.932, 0, 738.07 W, 58, 2032 MHz, 3996 MHz, 100 %, 31 %
2026/09/20 11:00:42.932, 1, 877.78 W, 66, 1717 MHz, 3996 MHz, 100 %, 33 %
2026/09/20 11:00:42.932, 2, 815.48 W, 49, 2025 MHz, 3996 MHz, 100 %, 34 %
2026/09/20 11:00:42.932, 3, 737.72 W, 47, 2032 MHz, 3996 MHz, 100 %, 34 %
2026/09/20 11:00:42.932, 4, 183.25 W, 33, 120 MHz, 3996 MHz, 0 %, 0 %
2026/09/20 11:00:42.932, 5, 179.47 W, 31, 120 MHz, 3996 MHz, 0 %, 0 %
2026/09/20 11:00:42.933, 6, 180.19 W, 29, 120 MHz, 3996 MHz, 0 %, 0 %
2026/09/20 11:00:42.933, 7, 184.09 W, 29, 120 MHz, 3996 MHz, 0 %, 0 %
2026/09/20 11:00:43.933, 0, 769.93 W, 65, 1710 MHz, 3996 MHz, 100 %, 36 %
2026/09/20 11:00:43.933, 1, 887.43 W, 61, 2032 MHz, 3996 MHz, 100 %, 33 %
2026/09/20 11:00:43.933, 2, 649.07 W, 49, 2032 MHz, 3996 MHz, 100 %, 34 %
2026/09/20 11:00:43.933, 3, 795.12 W, 51, 2032 MHz, 3996 MHz, 100 %, 13 %
2026/09/20 11:00:43.933, 4, 183.25 W, 33, 120 MHz, 3996 MHz, 0 %, 0 %
2026/09/20 11:00:43.933, 5, 179.46 W, 31, 120 MHz, 3996 MHz, 0 %, 0 %
2026/09/20 11:00:43.933, 6, 180.16 W, 29, 120 MHz, 3996 MHz, 0 %, 0 %
2026/09/20 11:00:43.933, 7, 184.09 W, 29, 120 MHz, 3996 MHz, 0 %, 0 %
2026/09/20 11:00:44.933, 0, 823.66 W, 59, 2032 MHz, 3996 MHz, 100 %, 30 %
2026/09/20 11:00:44.933, 1, 892.63 W, 67, 1867 MHz, 3996 MHz, 100 %, 53 %
2026/09/20 11:00:44.933, 2, 905.76 W, 48, 2032 MHz, 3996 MHz, 100 %, 53 %
2026/09/20 11:00:44.933, 3, 873.05 W, 55, 1905 MHz, 3996 MHz, 100 %, 41 %
2026/09/20 11:00:44.933, 4, 183.25 W, 33, 120 MHz, 3996 MHz, 0 %, 0 %
2026/09/20 11:00:44.933, 5, 179.50 W, 31, 120 MHz, 3996 MHz, 0 %, 0 %
2026/09/20 11:00:44.933, 6, 180.15 W, 29, 120 MHz, 3996 MHz, 0 %, 0 %
2026/09/20 11:00:44.933, 7, 184.09 W, 29, 120 MHz, 3996 MHz, 0 %, 0 %
2026/09/20 11:00:45.933, 0, 828.62 W, 61, 2032 MHz, 3996 MHz, 100 %, 12 %
2026/09/20 11:00:45.933, 1, 873.08 W, 61, 2032 MHz, 3996 MHz, 100 %, 13 %
2026/09/20 11:00:45.933, 2, 769.95 W, 54, 1710 MHz, 3996 MHz, 100 %, 41 %
2026/09/20 11:00:45.933, 3, 850.97 W, 51, 2032 MHz, 3996 MHz, 100 %, 12 %
2026/09/20 11:00:45.933, 4, 183.25 W, 33, 120 MHz, 3996 MHz, 0 %, 0 %
2026/09/20 11:00:45.933, 5, 179.46 W, 31, 120 MHz, 3996 MHz, 0 %, 0 %
2026/09/20 11:00:45.933, 6, 180.19 W, 29, 120 MHz, 3996 MHz, 0 %, 0 %
2026/09/20 11:00:45.933, 7, 184.09 W, 29, 120 MHz, 3996 MHz, 0 %, 0 %
2026/09/20 11:00:46.933, 0, 957.05 W, 62, 2032 MHz, 3996 MHz, 100 %, 13 %
2026/09/20 11:00:46.934, 1, 970.52 W, 62, 2032 MHz, 3996 MHz, 100 %, 20 %
2026/09/20 11:00:46.934, 2, 1059.04 W, 56, 1702 MHz, 3996 MHz, 100 %, 33 %
2026/09/20 11:00:46.934, 3, 950.84 W, 52, 2032 MHz, 3996 MHz, 100 %, 12 %
2026/09/20 11:00:46.934, 4, 183.25 W, 33, 120 MHz, 3996 MHz, 0 %, 0 %
2026/09/20 11:00:46.934, 5, 179.50 W, 31, 120 MHz, 3996 MHz, 0 %, 0 %
2026/09/20 11:00:46.934, 6, 180.16 W, 29, 120 MHz, 3996 MHz, 0 %, 0 %
2026/09/20 11:00:46.934, 7, 184.09 W, 29, 120 MHz, 3996 MHz, 0 %, 0 %
2026/09/20 11:00:47.934, 0, 710.06 W, 60, 2032 MHz, 3996 MHz, 100 %, 13 %
2026/09/20 11:00:47.934, 1, 713.13 W, 60, 2032 MHz, 3996 MHz, 100 %, 12 %
2026/09/20 11:00:47.934, 2, 970.61 W, 51, 2032 MHz, 3996 MHz, 100 %, 29 %
2026/09/20 11:00:47.934, 3, 777.54 W, 54, 1815 MHz, 3996 MHz, 100 %, 36 %
2026/09/20 11:00:47.934, 4, 183.25 W, 33, 120 MHz, 3996 MHz, 0 %, 0 %
2026/09/20 11:00:47.934, 5, 179.47 W, 31, 120 MHz, 3996 MHz, 0 %, 0 %
2026/09/20 11:00:47.934, 6, 180.16 W, 29, 120 MHz, 3996 MHz, 0 %, 0 %
2026/09/20 11:00:47.934, 7, 184.09 W, 29, 120 MHz, 3996 MHz, 0 %, 0 %
2026/09/20 11:00:48.934, 0, 805.51 W, 60, 2032 MHz, 3996 MHz, 100 %, 15 %
2026/09/20 11:00:48.934, 1, 920.68 W, 66, 1672 MHz, 3996 MHz, 100 %, 34 %
2026/09/20 11:00:48.934, 2, 896.27 W, 55, 1935 MHz, 3996 MHz, 100 %, 33 %
2026/09/20 11:00:48.934, 3, 701.84 W, 46, 2032 MHz, 3996 MHz, 100 %, 15 %
2026/09/20 11:00:48.934, 4, 183.25 W, 33, 120 MHz, 3996 MHz, 0 %, 0 %
2026/09/20 11:00:48.934, 5, 179.46 W, 31, 120 MHz, 3996 MHz, 0 %, 0 %
2026/09/20 11:00:48.934, 6, 180.17 W, 29, 120 MHz, 3996 MHz, 0 %, 0 %
2026/09/20 11:00:48.934, 7, 184.09 W, 29, 120 MHz, 3996 MHz, 0 %, 0 %
2026/09/20 11:00:49.934, 0, 810.02 W, 65, 1972 MHz, 3996 MHz, 100 %, 33 %
2026/09/20 11:00:49.934, 1, 1046.43 W, 68, 1995 MHz, 3996 MHz, 100 %, 31 %
2026/09/20 11:00:49.934, 2, 616.14 W, 46, 2032 MHz, 3996 MHz, 100 %, 18 %
2026/09/20 11:00:49.934, 3, 789.82 W, 54, 1860 MHz, 3996 MHz, 100 %, 36 %
2026/09/20 11:00:49.934, 4, 183.25 W, 33, 120 MHz, 3996 MHz, 0 %, 0 %
2026/09/20 11:00:49.934, 5, 179.46 W, 31, 120 MHz, 3996 MHz, 0 %, 0 %
2026/09/20 11:00:49.934, 6, 180.16 W, 29, 120 MHz, 3996 MHz, 0 %, 0 %
2026/09/20 11:00:49.934, 7, 184.09 W, 29, 120 MHz, 3996 MHz, 0 %, 0 %
2026/09/20 11:00:50.935, 0, 867.41 W, 65, 1965 MHz, 3996 MHz, 100 %, 28 %
2026/09/20 11:00:50.935, 1, 871.77 W, 66, 1942 MHz, 3996 MHz, 100 %, 13 %
2026/09/20 11:00:50.935, 2, 848.48 W, 50, 2017 MHz, 3996 MHz, 100 %, 35 %
2026/09/20 11:00:50.935, 3, 881.20 W, 50, 2032 MHz, 3996 MHz, 100 %, 33 %
2026/09/20 11:00:50.935, 4, 183.25 W, 33, 120 MHz, 3996 MHz, 0 %, 0 %
2026/09/20 11:00:50.935, 5, 179.47 W, 31, 120 MHz, 3996 MHz, 0 %, 0 %
2026/09/20 11:00:50.935, 6, 180.15 W, 29, 120 MHz, 3996 MHz, 0 %, 0 %
2026/09/20 11:00:50.935, 7, 184.09 W, 29, 120 MHz, 3996 MHz, 0 %, 0 %
2026/09/20 11:00:51.935, 0, 803.68 W, 57, 2032 MHz, 3996 MHz, 100 %, 14 %
2026/09/20 11:00:51.935, 1, 821.93 W, 58, 2032 MHz, 3996 MHz, 100 %, 15 %
2026/09/20 11:00:51.935, 2, 821.50 W, 55, 1807 MHz, 3996 MHz, 100 %, 35 %
2026/09/20 11:00:51.935, 3, 839.34 W, 55, 2032 MHz, 3996 MHz, 100 %, 30 %
2026/09/20 11:00:51.935, 4, 183.25 W, 33, 120 MHz, 3996 MHz, 0 %, 0 %
2026/09/20 11:00:51.935, 5, 179.46 W, 31, 120 MHz, 3996 MHz, 0 %, 0 %
2026/09/20 11:00:51.935, 6, 180.19 W, 29, 120 MHz, 3996 MHz, 0 %, 0 %
2026/09/20 11:00:51.935, 7, 184.09 W, 29, 120 MHz, 3996 MHz, 0 %, 0 %
2026/09/20 11:00:52.935, 0, 818.46 W, 65, 1875 MHz, 3996 MHz, 100 %, 35 %
2026/09/20 11:00:52.935, 1, 819.05 W, 66, 1762 MHz, 3996 MHz, 100 %, 34 %
2026/09/20 11:00:52.935, 2, 1063.62 W, 56, 1942 MHz, 3996 MHz, 100 %, 33 %
2026/09/20 11:00:52.935, 3, 843.67 W, 48, 2032 MHz, 3996 MHz, 100 %, 18 %
2026/09/20 11:00:52.935, 4, 183.25 W, 33, 120 MHz, 3996 MHz, 0 %, 0 %
2026/09/20 11:00:52.935, 5, 179.47 W, 31, 120 MHz, 3996 MHz, 0 %, 0 %
2026/09/20 11:00:52.935, 6, 180.15 W, 29, 120 MHz, 3996 MHz, 0 %, 0 %
2026/09/20 11:00:52.935, 7, 184.09 W, 29, 120 MHz, 3996 MHz, 0 %, 0 %
2026/09/20 11:00:53.935, 0, 779.23 W, 56, 2032 MHz, 3996 MHz, 100 %, 10 %
2026/09/20 11:00:53.935, 1, 810.43 W, 63, 2032 MHz, 3996 MHz, 100 %, 11 %
2026/09/20 11:00:53.935, 2, 559.09 W, 47, 2032 MHz, 3996 MHz, 100 %, 11 %
2026/09/20 11:00:53.935, 3, 786.12 W, 52, 2032 MHz, 3996 MHz, 100 %, 34 %
2026/09/20 11:00:53.936, 4, 183.25 W, 33, 120 MHz, 3996 MHz, 0 %, 0 %
2026/09/20 11:00:53.936, 5, 179.58 W, 31, 120 MHz, 3996 MHz, 0 %, 0 %
2026/09/20 11:00:53.936, 6, 180.16 W, 29, 120 MHz, 3996 MHz, 0 %, 0 %
2026/09/20 11:00:53.936, 7, 184.09 W, 29, 120 MHz, 3996 MHz, 0 %, 0 %
2026/09/20 11:00:54.936, 0, 617.06 W, 64, 1762 MHz, 3996 MHz, 100 %, 44 %
2026/09/20 11:00:54.936, 1, 1034.65 W, 63, 2032 MHz, 3996 MHz, 100 %, 41 %
2026/09/20 11:00:54.936, 2, 525.34 W, 46, 2032 MHz, 3996 MHz, 100 %, 34 %
2026/09/20 11:00:54.936, 3, 539.85 W, 48, 2032 MHz, 3996 MHz, 100 %, 30 %
2026/09/20 11:00:54.936, 4, 183.25 W, 33, 120 MHz, 3996 MHz, 0 %, 0 %
2026/09/20 11:00:54.936, 5, 179.50 W, 31, 120 MHz, 3996 MHz, 0 %, 0 %
2026/09/20 11:00:54.936, 6, 180.15 W, 29, 120 MHz, 3996 MHz, 0 %, 0 %
2026/09/20 11:00:54.936, 7, 184.09 W, 29, 120 MHz, 3996 MHz, 0 %, 0 %
2026/09/20 11:00:55.936, 0, 620.87 W, 55, 2032 MHz, 3996 MHz, 100 %, 10 %
2026/09/20 11:00:55.936, 1, 811.60 W, 58, 2032 MHz, 3996 MHz, 100 %, 11 %
2026/09/20 11:00:55.936, 2, 566.05 W, 44, 2032 MHz, 3996 MHz, 100 %, 10 %
2026/09/20 11:00:55.936, 3, 1017.40 W, 56, 1732 MHz, 3996 MHz, 100 %, 33 %
2026/09/20 11:00:55.936, 4, 183.25 W, 33, 120 MHz, 3996 MHz, 0 %, 0 %
2026/09/20 11:00:55.936, 5, 179.46 W, 31, 120 MHz, 3996 MHz, 0 %, 0 %
2026/09/20 11:00:55.936, 6, 180.14 W, 28, 120 MHz, 3996 MHz, 0 %, 0 %
2026/09/20 11:00:55.936, 7, 184.09 W, 29, 120 MHz, 3996 MHz, 0 %, 0 %
2026/09/20 11:00:56.936, 0, 643.51 W, 59, 2032 MHz, 3996 MHz, 100 %, 17 %
2026/09/20 11:00:56.936, 1, 653.47 W, 65, 1995 MHz, 3996 MHz, 100 %, 12 %
2026/09/20 11:00:56.936, 2, 967.73 W, 52, 2025 MHz, 3996 MHz, 100 %, 36 %
2026/09/20 11:00:56.936, 3, 657.36 W, 49, 2032 MHz, 3996 MHz, 100 %, 24 %
2026/09/20 11:00:56.936, 4, 183.25 W, 33, 120 MHz, 3996 MHz, 0 %, 0 %
2026/09/20 11:00:56.936, 5, 179.47 W, 31, 120 MHz, 3996 MHz, 0 %, 0 %
2026/09/20 11:00:56.936, 6, 180.16 W, 28, 120 MHz, 3996 MHz, 0 %, 0 %
2026/09/20 11:00:56.936, 7, 184.09 W, 29, 120 MHz, 3996 MHz, 0 %, 0 %
2026/09/20 11:00:57.936, 0, 924.21 W, 60, 2025 MHz, 3996 MHz, 100 %, 34 %
2026/09/20 11:00:57.937, 1, 1065.54 W, 66, 1830 MHz, 3996 MHz, 100 %, 34 %
2026/09/20 11:00:57.937, 2, 652.50 W, 45, 2032 MHz, 3996 MHz, 100 %, 14 %
2026/09/20 11:00:57.937, 3, 713.26 W, 51, 1957 MHz, 3996 MHz, 100 %, 15 %
2026/09/20 11:00:57.937, 4, 183.25 W, 33, 120 MHz, 3996 MHz, 0 %, 0 %
2026/09/20 11:00:57.937, 5, 179.46 W, 31, 120 MHz, 3996 MHz, 0 %, 0 %
2026/09/20 11:00:57.937, 6, 180.15 W, 28, 120 MHz, 3996 MHz, 0 %, 0 %
2026/09/20 11:00:57.937, 7, 184.09 W, 29, 120 MHz, 3996 MHz, 0 %, 0 %
2026/09/20 11:00:58.937, 0, 581.23 W, 58, 2032 MHz, 3996 MHz, 100 %, 12 %
2026/09/20 11:00:58.937, 1, 1068.72 W, 67, 1672 MHz, 3996 MHz, 100 %, 33 %
2026/09/20 11:00:58.937, 2, 551.09 W, 46, 2032 MHz, 3996 MHz, 100 %, 12 %
2026/09/20 11:00:58.937, 3, 726.09 W, 48, 2032 MHz, 3996 MHz, 100 %, 13 %
2026/09/20 11:00:58.937, 4, 183.25 W, 33, 120 MHz, 3996 MHz, 0 %, 0 %
2026/09/20 11:00:58.937, 5, 179.47 W, 31, 120 MHz, 3996 MHz, 0 %, 0 %
2026/09/20 11:00:58.937, 6, 180.13 W, 28, 120 MHz, 3996 MHz, 0 %, 0 %
2026/09/20 11:00:58.937, 7, 184.09 W, 29, 120 MHz, 3996 MHz, 0 %, 0 %
2026/09/20 11:00:59.937, 0, 803.34 W, 64, 1927 MHz, 3996 MHz, 100 %, 34 %
2026/09/20 11:00:59.937, 1, 596.45 W, 58, 2032 MHz, 3996 MHz, 100 %, 15 %
2026/09/20 11:00:59.937, 2, 793.66 W, 53, 1755 MHz, 3996 MHz, 100 %, 36 %
2026/09/20 11:00:59.937, 3, 794.74 W, 46, 2032 MHz, 3996 MHz, 100 %, 15 %
2026/09/20 11:00:59.937, 4, 183.25 W, 33, 120 MHz, 3996 MHz, 0 %, 0 %
2026/09/20 11:00:59.937, 5, 179.46 W, 31, 120 MHz, 3996 MHz, 0 %, 0 %
2026/09/20 11:00:59.937, 6, 180.11 W, 28, 120 MHz, 3996 MHz, 0 %, 0 %
2026/09/20 11:00:59.937, 7, 184.09 W, 29, 120 MHz, 3996 MHz, 0 %, 0 %
2026/09/20 11:01:00.938, 0, 939.26 W, 65, 1972 MHz, 3996 MHz, 100 %, 33 %
2026/09/20 11:01:00.938, 1, 933.22 W, 66, 1800 MHz, 3996 MHz, 100 %, 35 %
2026/09/20 11:01:00.938, 2, 813.17 W, 47, 2032 MHz, 3996 MHz, 100 %, 18 %
2026/09/20 11:01:00.938, 3, 925.38 W, 54, 1987 MHz, 3996 MHz, 100 %, 32 %
2026/09/20 11:01:00.938, 4, 183.25 W, 33, 120 MHz, 3996 MHz, 0 %, 0 %
2026/09/20 11:01:00.938, 5, 179.47 W, 31, 120 MHz, 3996 MHz, 0 %, 0 %
2026/09/20 11:01:00.938, 6, 180.12 W, 28, 120 MHz, 3996 MHz, 0 %, 0 %
2026/09/20 11:01:00.938, 7, 184.09 W, 29, 120 MHz, 3996 MHz, 0 %, 0 %
2026/09/20 11:01:01.938, 0, 1033.01 W, 65, 2032 MHz, 3996 MHz, 100 %, 32 %
2026/09/20 11:01:01.938, 1, 716.01 W, 58, 2032 MHz, 3996 MHz, 100 %, 15 %
2026/09/20 11:01:01.938, 2, 1006.78 W, 54, 1920 MHz, 3996 MHz, 100 %, 33 %
2026/09/20 11:01:01.938, 3, 764.70 W, 52, 2002 MHz, 3996 MHz, 100 %, 20 %
2026/09/20 11:01:01.938, 4, 183.25 W, 33, 120 MHz, 3996 MHz, 0 %, 0 %
2026/09/20 11:01:01.938, 5, 179.47 W, 31, 120 MHz, 3996 MHz, 0 %, 0 %
2026/09/20 11:01:01.938, 6, 180.11 W, 28, 120 MHz, 3996 MHz, 0 %, 0 %
2026/09/20 11:01:01.938, 7, 184.09 W, 29, 120 MHz, 3996 MHz, 0 %, 0 %
2026/09/20 11:01:02.938, 0, 969.20 W, 65, 1762 MHz, 3996 MHz, 100 %, 38 %
2026/09/20 11:01:02.938, 1, 707.17 W, 61, 2032 MHz, 3996 MHz, 100 %, 33 %
2026/09/20 11:01:02.938, 2, 878.43 W, 50, 2032 MHz, 3996 MHz, 100 %, 16 %
2026/09/20 11:01:02.938, 3, 990.37 W, 51, 2032 MHz, 3996 MHz, 100 %, 14 %
2026/09/20 11:01:02.938, 4, 183.25 W, 33, 120 MHz, 3996 MHz, 0 %, 0 %
2026/09/20 11:01:02.938, 5, 179.47 W, 31, 120 MHz, 3996 MHz, 0 %, 0 %
2026/09/20 11:01:02.938, 6, 180.11 W, 28, 120 MHz, 3996 MHz, 0 %, 0 %
2026/09/20 11:01:02.938, 7, 184.09 W, 29, 120 MHz, 3996 MHz, 0 %, 0 %
2026/09/20 11:01:03.938, 0, 1033.81 W, 66, 1912 MHz, 3996 MHz, 100 %, 34 %
2026/09/20 11:01:03.938, 1, 867.18 W, 62, 2032 MHz, 3996 MHz, 100 %, 12 %
2026/09/20 11:01:03.938, 2, 836.85 W, 49, 2032 MHz, 3996 MHz, 100 %, 13 %
2026/09/20 11:01:03.938, 3, 828.54 W, 51, 2032 MHz, 3996 MHz, 100 %, 12 %
2026/09/20 11:01:03.938, 4, 183.25 W, 33, 120 MHz, 3996 MHz, 0 %, 0 %
2026/09/20 11:01:03.938, 5, 179.47 W, 31, 120 MHz, 3996 MHz, 0 %, 0 %
2026/09/20 11:01:03.938, 6, 180.15 W, 28, 120 MHz, 3996 MHz, 0 %, 0 %
2026/09/20 11:01:03.938, 7, 184.09 W, 29, 120 MHz, 3996 MHz, 0 %, 0 %
2026/09/20 11:01:04.939, 0, 584.71 W, 55, 2032 MHz, 3996 MHz, 100 %, 10 %
2026/09/20 11:01:04.939, 1, 906.75 W, 58, 2032 MHz, 3996 MHz, 100 %, 11 %
2026/09/20 11:01:04.939, 2, 531.24 W, 45, 2032 MHz, 3996 MHz, 100 %, 11 %
2026/09/20 11:01:04.939, 3, 755.71 W, 55, 1785 MHz, 3996 MHz, 100 %, 34 %
2026/09/20 11:01:04.939, 4, 183.25 W, 33, 120 MHz, 3996 MHz, 0 %, 0 %
2026/09/20 11:01:04.939, 5, 179.47 W, 31, 120 MHz, 3996 MHz, 0 %, 0 %
2026/09/20 11:01:04.939, 6, 180.13 W, 28, 120 MHz, 3996 MHz, 0 %, 0 %
2026/09/20 11:01:04.939, 7, 184.09 W, 29, 120 MHz, 3996 MHz, 0 %, 0 %
2026/09/20 11:01:05.939, 0, 588.18 W, 58, 2032 MHz, 3996 MHz, 100 %, 12 %
2026/09/20 11:01:05.939, 1, 616.68 W, 61, 2032 MHz, 3996 MHz, 100 %, 12 %
2026/09/20 11:01:05.939, 2, 992.53 W, 55, 1965 MHz, 3996 MHz, 100 %, 34 %
2026/09/20 11:01:05.939, 3, 654.84 W, 49, 2032 MHz, 3996 MHz, 100 %, 12 %
2026/09/20 11:01:05.939, 4, 183.25 W, 33, 120 MHz, 3996 MHz, 0 %, 0 %
2026/09/20 11:01:05.939, 5, 179.46 W, 31, 120 MHz, 3996 MHz, 0 %, 0 %
2026/09/20 11:01:05.939, 6, 180.13 W, 29, 120 MHz, 3996 MHz, 0 %, 0 %
2026/09/20 11:01:05.939, 7, 184.05 W, 29, 120 MHz, 3996 MHz, 0 %, 0 %
2026/09/20 11:01:06.939, 0, 675.59 W, 61, 1965 MHz, 3996 MHz, 100 %, 52 %
2026/09/20 11:01:06.939, 1, 1033.22 W, 61, 2032 MHz, 3996 MHz, 100 %, 42 %
2026/09/20 11:01:06.939, 2, 666.01 W, 50, 1972 MHz, 3996 MHz, 100 %, 52 %
2026/09/20 11:01:06.939, 3, 686.57 W, 50, 1987 MHz, 3996 MHz, 100 %, 52 %
2026/09/20 11:01:06.939, 4, 183.25 W, 33, 120 MHz, 3996 MHz, 0 %, 0 %
2026/09/20 11:01:06.939, 5, 179.46 W, 31, 120 MHz, 3996 MHz, 0 %, 0 %
2026/09/20 11:01:06.939, 6, 180.17 W, 29, 120 MHz, 3996 MHz, 0 %, 0 %
2026/09/20 11:01:06.939, 7, 184.09 W, 29, 120 MHz, 3996 MHz, 0 %, 0 %
2026/09/20 11:01:07.939, 0, 1068.55 W, 65, 1890 MHz, 3996 MHz, 100 %, 35 %
2026/09/20 11:01:07.939, 1, 629.07 W, 58, 2032 MHz, 3996 MHz, 100 %, 18 %
2026/09/20 11:01:07.940, 2, 1066.44 W, 55, 1905 MHz, 3996 MHz, 100 %, 35 %
2026/09/20 11:01:07.940, 3, 1062.57 W, 56, 1995 MHz, 3996 MHz, 100 %, 32 %
2026/09/20 11:01:07.940, 4, 183.25 W, 33, 120 MHz, 3996 MHz, 0 %, 0 %
2026/09/20 11:01:07.940, 5, 179.47 W, 31, 120 MHz, 3996 MHz, 0 %, 0 %
2026/09/20 11:01:07.940, 6, 180.12 W, 29, 120 MHz, 3996 MHz, 0 %, 0 %
2026/09/20 11:01:07.940, 7, 184.09 W, 29, 120 MHz, 3996 MHz, 0 %, 0 %
2026/09/20 11:01:08.940, 0, 937.53 W, 65, 1927 MHz, 3996 MHz, 100 %, 33 %
2026/09/20 11:01:08.940, 1, 898.38 W, 66, 1815 MHz, 3996 MHz, 100 %, 35 %
2026/09/20 11:01:08.940, 2, 869.58 W, 47, 2032 MHz, 3996 MHz, 100 %, 14 %
2026/09/20 11:01:08.940, 3, 737.83 W, 47, 2032 MHz, 3996 MHz, 100 %, 14 %
2026/09/20 11:01:08.940, 4, 183.25 W, 33, 120 MHz, 3996 MHz, 0 %, 0 %
2026/09/20 11:01:08.940, 5, 179.47 W, 31, 120 MHz, 3996 MHz, 0 %, 0 %
2026/09/20 11:01:08.940, 6, 180.20 W, 29, 120 MHz, 3996 MHz, 0 %, 0 %
2026/09/20 11:01:08.940, 7, 184.09 W, 29, 120 MHz, 3996 MHz, 0 %, 0 %
2026/09/20 11:01:09.940, 0, 974.64 W, 61, 2032 MHz, 3996 MHz, 100 %, 13 %
2026/09/20 11:01:09.940, 1, 723.88 W, 60, 2032 MHz, 3996 MHz, 100 %, 13 %
2026/09/20 11:01:09.940, 2, 745.48 W, 54, 1777 MHz, 3996 MHz, 100 %, 35 %
2026/09/20 11:01:09.940, 3, 879.31 W, 50, 2032 MHz, 3996 MHz, 100 %, 12 %
2026/09/20 11:01:09.940, 4, 183.25 W, 33, 120 MHz, 3996 MHz, 0 %, 0 %
2026/09/20 11:01:09.940, 5, 179.46 W, 31, 120 MHz, 3996 MHz, 0 %, 0 %
2026/09/20 11:01:09.940, 6, 180.13 W, 29, 120 MHz, 3996 MHz, 0 %, 0 %
2026/09/20 11:01:09.940, 7, 184.09 W, 29, 120 MHz, 3996 MHz, 0 %, 0 %
2026/09/20 11:01:10.940, 0, 564.83 W, 55, 2032 MHz, 3996 MHz, 100 %, 14 %
2026/09/20 11:01:10.940, 1, 1061.44 W, 66, 1890 MHz, 3996 MHz, 100 %, 33 %
2026/09/20 11:01:10.940, 2, 539.92 W, 45, 2032 MHz, 3996 MHz, 100 %, 15 %
2026/09/20 11:01:10.940, 3, 808.48 W, 54, 1935 MHz, 3996 MHz, 100 %, 35 %
2026/09/20 11:01:10.940, 4, 183.25 W, 33, 120 MHz, 3996 MHz, 0 %, 0 %
2026/09/20 11:01:10.940, 5, 179.47 W, 31, 120 MHz, 3996 MHz, 0 %, 0 %
2026/09/20 11:01:10.940, 6, 180.19 W, 29, 120 MHz, 3996 MHz, 0 %, 0 %
2026/09/20 11:01:10.940, 7, 184.09 W, 29, 120 MHz, 3996 MHz, 0 %, 0 %
2026/09/20 11:01:11.941, 0, 888.17 W, 58, 2032 MHz, 3996 MHz, 100 %, 17 %
2026/09/20 11:01:11.941, 1, 812.22 W, 65, 1965 MHz, 3996 MHz, 100 %, 35 %
2026/09/20 11:01:11.941, 2, 1054.21 W, 55, 1912 MHz, 3996 MHz, 100 %, 35 %
2026/09/20 11:01:11.941, 3, 808.11 W, 54, 1965 MHz, 3996 MHz, 100 %, 34 %
2026/09/20 11:01:11.941, 4, 183.25 W, 33, 120 MHz, 3996 MHz, 0 %, 0 %
2026/09/20 11:01:11.941, 5, 179.47 W, 31, 120 MHz, 3996 MHz, 0 %, 0 %
2026/09/20 11:01:11.941, 6, 180.14 W, 29, 120 MHz, 3996 MHz, 0 %, 0 %
2026/09/20 11:01:11.941, 7, 184.09 W, 29, 120 MHz, 3996 MHz, 0 %, 0 %
2026/09/20 11:01:12.941, 0, 623.93 W, 56, 2032 MHz, 3996 MHz, 100 %, 31 %
2026/09/20 11:01:12.941, 1, 694.61 W, 57, 2032 MHz, 3996 MHz, 100 %, 53 %
2026/09/20 11:01:12.941, 2, 932.97 W, 48, 2032 MHz, 3996 MHz, 100 %, 29 %
2026/09/20 11:01:12.941, 3, 797.42 W, 54, 1785 MHz, 3996 MHz, 100 %, 41 %
2026/09/20 11:01:12.941, 4, 183.25 W, 33, 120 MHz, 3996 MHz, 0 %, 0 %
2026/09/20 11:01:12.941, 5, 179.47 W, 31, 120 MHz, 3996 MHz, 0 %, 0 %
2026/09/20 11:01:12.941, 6, 180.19 W, 29, 120 MHz, 3996 MHz, 0 %, 0 %
2026/09/20 11:01:12.941, 7, 184.09 W, 29, 120 MHz, 3996 MHz, 0 %, 0 %
2026/09/20 11:01:13.941, 0, 619.10 W, 61, 2002 MHz, 3996 MHz, 100 %, 42 %
2026/09/20 11:01:13.941, 1, 823.23 W, 59, 2032 MHz, 3996 MHz, 100 %, 42 %
2026/09/20 11:01:13.941, 2, 651.64 W, 51, 1830 MHz, 3996 MHz, 100 %, 44 %
2026/09/20 11:01:13.941, 3, 686.48 W, 46, 2032 MHz, 3996 MHz, 100 %, 28 %
2026/09/20 11:01:13.941, 4, 183.25 W, 33, 120 MHz, 3996 MHz, 0 %, 0 %
2026/09/20 11:01:13.941, 5, 179.47 W, 31, 120 MHz, 3996 MHz, 0 %, 0 %
2026/09/20 11:01:13.941, 6, 180.15 W, 29, 120 MHz, 3996 MHz, 0 %, 0 %
2026/09/20 11:01:13.941, 7, 184.09 W, 29, 120 MHz, 3996 MHz, 0 %, 0 %
2026/09/20 11:01:14.941, 0, 821.84 W, 55, 2032 MHz, 3996 MHz, 100 %, 11 %
2026/09/20 11:01:14.941, 1, 871.12 W, 65, 1815 MHz, 3996 MHz, 100 %, 33 %
2026/09/20 11:01:14.941, 2, 784.09 W, 45, 2032 MHz, 3996 MHz, 100 %, 10 %
2026/09/20 11:01:14.941, 3, 619.82 W, 44, 2032 MHz, 3996 MHz, 100 %, 11 %
2026/09/20 11:01:14.941, 4, 183.25 W, 33, 120 MHz, 3996 MHz, 0 %, 0 %
2026/09/20 11:01:14.942, 5, 179.47 W, 31, 120 MHz, 3996 MHz, 0 %, 0 %
2026/09/20 11:01:14.942, 6, 180.15 W, 29, 120 MHz, 3996 MHz, 0 %, 0 %
2026/09/20 11:01:14.942, 7, 184.09 W, 29, 120 MHz, 3996 MHz, 0 %, 0 %
2026/09/20 11:01:15.942, 0, 1033.42 W, 65, 1995 MHz, 3996 MHz, 100 %, 35 %
2026/09/20 11:01:15.942, 1, 837.70 W, 60, 2032 MHz, 3996 MHz, 100 %, 15 %
2026/09/20 11:01:15.942, 2, 793.43 W, 53, 1927 MHz, 3996 MHz, 100 %, 34 %
2026/09/20 11:01:15.942, 3, 588.03 W, 45, 2032 MHz, 3996 MHz, 100 %, 16 %
2026/09/20 11:01:15.942, 4, 183.25 W, 33, 120 MHz, 3996 MHz, 0 %, 0 %
2026/09/20 11:01:15.942, 5, 179.46 W, 31, 120 MHz, 3996 MHz, 0 %, 0 %
2026/09/20 11:01:15.942, 6, 180.14 W, 29, 120 MHz, 3996 MHz, 0 %, 0 %
2026/09/20 11:01:15.942, 7, 184.09 W, 29, 120 MHz, 3996 MHz, 0 %, 0 %
2026/09/20 11:01:16.942, 0, 948.20 W, 58, 2032 MHz, 3996 MHz, 100 %, 16 %
2026/09/20 11:01:16.942, 1, 675.19 W, 57, 2032 MHz, 3996 MHz, 100 %, 36 %
2026/09/20 11:01:16.942, 2, 783.53 W, 53, 1942 MHz, 3996 MHz, 100 %, 34 %
2026/09/20 11:01:16.942, 3, 787.82 W, 53, 1897 MHz, 3996 MHz, 100 %, 35 %
2026/09/20 11:01:16.942, 4, 183.25 W, 33, 120 MHz, 3996 MHz, 0 %, 0 %
2026/09/20 11:01:16.942, 5, 179.46 W, 31, 120 MHz, 3996 MHz, 0 %, 0 %
2026/09/20 11:01:16.942, 6, 180.16 W, 29, 120 MHz, 3996 MHz, 0 %, 0 %
2026/09/20 11:01:16.942, 7, 184.09 W, 29, 120 MHz, 3996 MHz, 0 %, 0 %
2026/09/20 11:01:17.942, 0, 870.14 W, 65, 1695 MHz, 3996 MHz, 100 %, 34 %
2026/09/20 11:01:17.942, 1, 776.58 W, 61, 2032 MHz, 3996 MHz, 100 %, 12 %
2026/09/20 11:01:17.942, 2, 895.02 W, 49, 2032 MHz, 3996 MHz, 100 %, 13 %
2026/09/20 11:01:17.942, 3, 900.34 W, 50, 2032 MHz, 3996 MHz, 100 %, 13 %
2026/09/20 11:01:17.942, 4, 183.25 W, 33, 120 MHz, 3996 MHz, 0 %, 0 %
2026/09/20 11:01:17.942, 5, 179.47 W, 31, 120 MHz, 3996 MHz, 0 %, 0 %
2026/09/20 11:01:17.942, 6, 180.16 W, 29, 120 MHz, 3996 MHz, 0 %, 0 %
2026/09/20 11:01:17.942, 7, 184.09 W, 29, 120 MHz, 3996 MHz, 0 %, 0 %
2026/09/20 11:01:18.942, 0, 790.29 W, 57, 2032 MHz, 3996 MHz, 100 %, 15 %
2026/09/20 11:01:18.943, 1, 895.57 W, 59, 2032 MHz, 3996 MHz, 100 %, 16 %
2026/09/20 11:01:18.943, 2, 922.55 W, 54, 1890 MHz, 3996 MHz, 100 %, 35 %
2026/09/20 11:01:18.943, 3, 918.34 W, 55, 1905 MHz, 3996 MHz, 100 %, 34 %
2026/09/20 11:01:18.943, 4, 183.25 W, 33, 120 MHz, 3996 MHz, 0 %, 0 %
2026/09/20 11:01:18.943, 5, 179.47 W, 31, 120 MHz, 3996 MHz, 0 %, 0 %
2026/09/20 11:01:18.943, 6, 180.19 W, 29, 120 MHz, 3996 MHz, 0 %, 0 %
2026/09/20 11:01:18.943, 7, 184.09 W, 29, 120 MHz, 3996 MHz, 0 %, 0 %
2026/09/20 11:01:19.943, 0, 727.72 W, 56, 2032 MHz, 3996 MHz, 100 %, 10 %
2026/09/20 11:01:19.943, 1, 885.42 W, 63, 1950 MHz, 3996 MHz, 100 %, 33 %
2026/09/20 11:01:19.943, 2, 669.17 W, 44, 2032 MHz, 3996 MHz, 100 %, 10 %
2026/09/20 11:01:19.943, 3, 685.27 W, 48, 2032 MHz, 3996 MHz, 100 %, 10 %
2026/09/20 11:01:19.943, 4, 183.25 W, 33, 120 MHz, 3996 MHz, 0 %, 0 %
2026/09/20 11:01:19.943, 5, 179.47 W, 31, 120 MHz, 3996 MHz, 0 %, 0 %
2026/09/20 11:01:19.943, 6, 180.14 W, 29, 120 MHz, 3996 MHz, 0 %, 0 %
2026/09/20 11:01:19.943, 7, 184.09 W, 29, 120 MHz, 3996 MHz, 0 %, 0 %
2026/09/20 11:01:20.943, 0, 708.32 W, 56, 2032 MHz, 3996 MHz, 100 %, 32 %
2026/09/20 11:01:20.943, 1, 690.77 W, 57, 2032 MHz, 3996 MHz, 100 %, 52 %
2026/09/20 11:01:20.943, 2, 908.47 W, 47, 2032 MHz, 3996 MHz, 100 %, 29 %
2026/09/20 11:01:20.943, 3, 1039.36 W, 55, 1815 MHz, 3996 MHz, 100 %, 42 %
2026/09/20 11:01:20.943, 4, 183.25 W, 33, 120 MHz, 3996 MHz, 0 %, 0 %
2026/09/20 11:01:20.943, 5, 179.47 W, 31, 120 MHz, 3996 MHz, 0 %, 0 %
2026/09/20 11:01:20.943, 6, 180.17 W, 29, 120 MHz, 3996 MHz, 0 %, 0 %
2026/09/20 11:01:20.943, 7, 184.09 W, 29, 120 MHz, 3996 MHz, 0 %, 0 %
2026/09/20 11:01:21.944, 0, 853.22 W, 62, 1920 MHz, 3996 MHz, 100 %, 33 %
2026/09/20 11:01:21.944, 1, 666.86 W, 63, 2032 MHz, 3996 MHz, 100 %, 10 %
2026/09/20 11:01:21.944, 2, 621.89 W, 47, 2032 MHz, 3996 MHz, 100 %, 13 %
2026/09/20 11:01:21.944, 3, 790.48 W, 46, 2032 MHz, 3996 MHz, 100 %, 19 %
2026/09/20 11:01:21.944, 4, 183.25 W, 33, 120 MHz, 3996 MHz, 0 %, 0 %
2026/09/20 11:01:21.944, 5, 179.46 W, 31, 120 MHz, 3996 MHz, 0 %, 0 %
2026/09/20 11:01:21.944, 6, 180.13 W, 29, 120 MHz, 3996 MHz, 0 %, 0 %
2026/09/20 11:01:21.944, 7, 184.09 W, 29, 120 MHz, 3996 MHz, 0 %, 0 %
2026/09/20 11:01:22.944, 0, 688.57 W, 59, 2032 MHz, 3996 MHz, 100 %, 39 %
2026/09/20 11:01:22.944, 1, 802.68 W, 61, 2032 MHz, 3996 MHz, 100 %, 17 %
2026/09/20 11:01:22.944, 2, 949.98 W, 52, 2032 MHz, 3996 MHz, 100 %, 45 %
2026/09/20 11:01:22.944, 3, 937.50 W, 53, 2032 MHz, 3996 MHz, 100 %, 47 %
2026/09/20 11:01:22.944, 4, 183.25 W, 33, 120 MHz, 3996 MHz, 0 %, 0 %
2026/09/20 11:01:22.944, 5, 179.46 W, 31, 120 MHz, 3996 MHz, 0 %, 0 %
2026/09/20 11:01:22.944, 6, 180.12 W, 29, 120 MHz, 3996 MHz, 0 %, 0 %
2026/09/20 11:01:22.944, 7, 184.09 W, 29, 120 MHz, 3996 MHz, 0 %, 0 %
2026/09/20 11:01:23.944, 0, 768.94 W, 61, 2032 MHz, 3996 MHz, 100 %, 53 %
2026/09/20 11:01:23.944, 1, 1006.79 W, 63, 2032 MHz, 3996 MHz, 100 %, 53 %
2026/09/20 11:01:23.944, 2, 746.11 W, 53, 2032 MHz, 3996 MHz, 99 %, 53 %
2026/09/20 11:01:23.944, 3, 752.85 W, 51, 2032 MHz, 3996 MHz, 100 %, 53 %
2026/09/20 11:01:23.944, 4, 183.25 W, 33, 120 MHz, 3996 MHz, 0 %, 0 %
2026/09/20 11:01:23.944, 5, 179.46 W, 31, 120 MHz, 3996 MHz, 0 %, 0 %
2026/09/20 11:01:23.944, 6, 180.13 W, 28, 120 MHz, 3996 MHz, 0 %, 0 %
2026/09/20 11:01:23.944, 7, 184.09 W, 29, 120 MHz, 3996 MHz, 0 %, 0 %
2026/09/20 11:01:24.944, 0, 1019.27 W, 65, 2032 MHz, 3996 MHz, 99 %, 53 %
2026/09/20 11:01:24.944, 1, 754.56 W, 59, 2032 MHz, 3996 MHz, 100 %, 53 %
2026/09/20 11:01:24.944, 2, 947.75 W, 48, 2032 MHz, 3996 MHz, 99 %, 53 %
2026/09/20 11:01:24.944, 3, 772.65 W, 51, 2032 MHz, 3996 MHz, 100 %, 53 %
2026/09/20 11:01:24.944, 4, 183.21 W, 33, 120 MHz, 3996 MHz, 0 %, 0 %
2026/09/20 11:01:24.945, 5, 179.47 W, 31, 120 MHz, 3996 MHz, 0 %, 0 %
2026/09/20 11:01:24.945, 6, 180.14 W, 29, 120 MHz, 3996 MHz, 0 %, 0 %
2026/09/20 11:01:24.945, 7, 184.09 W, 29, 120 MHz, 3996 MHz, 0 %, 0 %
2026/09/20 11:01:25.945, 0, 821.60 W, 60, 2032 MHz, 3996 MHz, 100 %, 51 %
2026/09/20 11:01:25.945, 1, 850.56 W, 62, 2032 MHz, 3996 MHz, 100 %, 40 %
2026/09/20 11:01:25.945, 2, 595.28 W, 49, 2032 MHz, 3996 MHz, 100 %, 50 %
2026/09/20 11:01:25.945, 3, 809.75 W, 48, 2032 MHz, 3996 MHz, 100 %, 52 %
2026/09/20 11:01:25.945, 4, 183.25 W, 33, 120 MHz, 3996 MHz, 0 %, 0 %
2026/09/20 11:01:25.945, 5, 179.47 W, 31, 120 MHz, 3996 MHz, 0 %, 0 %
2026/09/20 11:01:25.945, 6, 180.15 W, 29, 120 MHz, 3996 MHz, 0 %, 0 %
2026/09/20 11:01:25.945, 7, 184.09 W, 29, 120 MHz, 3996 MHz, 0 %, 0 %
2026/09/20 11:01:26.945, 0, 760.17 W, 61, 2032 MHz, 3996 MHz, 100 %, 53 %
2026/09/20 11:01:26.945, 1, 1039.13 W, 66, 2032 MHz, 3996 MHz, 100 %, 53 %
2026/09/20 11:01:26.945, 2, 993.42 W, 50, 2032 MHz, 3996 MHz, 100 %, 53 %
2026/09/20 11:01:26.945, 3, 736.47 W, 50, 2032 MHz, 3996 MHz, 100 %, 53 %
2026/09/20 11:01:26.945, 4, 183.25 W, 33, 120 MHz, 3996 MHz, 0 %, 0 %
2026/09/20 11:01:26.945, 5, 179.46 W, 31, 120 MHz, 3996 MHz, 0 %, 0 %
2026/09/20 11:01:26.945, 6, 180.18 W, 29, 120 MHz, 3996 MHz, 0 %, 0 %
2026/09/20 11:01:26.945, 7, 184.09 W, 29, 120 MHz, 3996 MHz, 0 %, 0 %
2026/09/20 11:01:27.945, 0, 703.10 W, 59, 2032 MHz, 3996 MHz, 100 %, 52 %
2026/09/20 11:01:27.945, 1, 821.01 W, 61, 2032 MHz, 3996 MHz, 100 %, 31 %
2026/09/20 11:01:27.945, 2, 948.57 W, 52, 2032 MHz, 3996 MHz, 100 %, 52 %
2026/09/20 11:01:27.945, 3, 934.72 W, 52, 2032 MHz, 3996 MHz, 100 %, 53 %
2026/09/20 11:01:27.945, 4, 183.25 W, 33, 120 MHz, 3996 MHz, 0 %, 0 %
2026/09/20 11:01:27.945, 5, 179.46 W, 31, 120 MHz, 3996 MHz, 0 %, 0 %
2026/09/20 11:01:27.945, 6, 180.14 W, 29, 120 MHz, 3996 MHz, 0 %, 0 %
2026/09/20 11:01:27.945, 7, 184.09 W, 29, 120 MHz, 3996 MHz, 0 %, 0 %
2026/09/20 11:01:28.945, 0, 927.05 W, 57, 2032 MHz, 3996 MHz, 100 %, 11 %
2026/09/20 11:01:28.946, 1, 903.76 W, 58, 2032 MHz, 3996 MHz, 100 %, 18 %
2026/09/20 11:01:28.946, 2, 783.92 W, 54, 1732 MHz, 3996 MHz, 100 %, 35 %
2026/09/20 11:01:28.946, 3, 665.30 W, 45, 2032 MHz, 3996 MHz, 100 %, 10 %
2026/09/20 11:01:28.946, 4, 183.25 W, 33, 120 MHz, 3996 MHz, 0 %, 0 %
2026/09/20 11:01:28.946, 5, 179.46 W, 31, 120 MHz, 3996 MHz, 0 %, 0 %
2026/09/20 11:01:28.946, 6, 180.13 W, 29, 120 MHz, 3996 MHz, 0 %, 0 %
2026/09/20 11:01:28.946, 7, 184.09 W, 29, 120 MHz, 3996 MHz, 0 %, 0 %
2026/09/20 11:01:29.946, 0, 788.49 W, 59, 2032 MHz, 3996 MHz, 100 %, 13 %
2026/09/20 11:01:29.946, 1, 819.37 W, 62, 2032 MHz, 3996 MHz, 100 %, 13 %
2026/09/20 11:01:29.946, 2, 880.67 W, 51, 2032 MHz, 3996 MHz, 100 %, 13 %
2026/09/20 11:01:29.946, 3, 879.72 W, 55, 1732 MHz, 3996 MHz, 100 %, 35 %
2026/09/20 11:01:29.946, 4, 183.25 W, 33, 120 MHz, 3996 MHz, 0 %, 0 %
2026/09/20 11:01:29.946, 5, 179.50 W, 31, 120 MHz, 3996 MHz, 0 %, 0 %
2026/09/20 11:01:29.946, 6, 180.13 W, 29, 120 MHz, 3996 MHz, 0 %, 0 %
2026/09/20 11:01:29.946, 7, 184.09 W, 29, 120 MHz, 3996 MHz, 0 %, 0 %
2026/09/20 11:01:30.946, 0, 693.35 W, 55, 2032 MHz, 3996 MHz, 100 %, 11 %
2026/09/20 11:01:30.946, 1, 893.30 W, 58, 2032 MHz, 3996 MHz, 100 %, 22 %
2026/09/20 11:01:30.946, 2, 812.09 W, 55, 1785 MHz, 3996 MHz, 100 %, 34 %
2026/09/20 11:01:30.946, 3, 908.10 W, 48, 2032 MHz, 3996 MHz, 100 %, 10 %
2026/09/20 11:01:30.946, 4, 183.25 W, 33, 120 MHz, 3996 MHz, 0 %, 0 %
2026/09/20 11:01:30.946, 5, 179.46 W, 31, 120 MHz, 3996 MHz, 0 %, 0 %
2026/09/20 11:01:30.946, 6, 180.13 W, 29, 120 MHz, 3996 MHz, 0 %, 0 %
2026/09/20 11:01:30.946, 7, 184.09 W, 29, 120 MHz, 3996 MHz, 0 %, 0 %
2026/09/20 11:01:31.946, 0, 922.31 W, 65, 1770 MHz, 3996 MHz, 100 %, 35 %
2026/09/20 11:01:31.946, 1, 939.48 W, 65, 1965 MHz, 3996 MHz, 100 %, 30 %
2026/09/20 11:01:31.946, 2, 737.67 W, 47, 2032 MHz, 3996 MHz, 100 %, 14 %
2026/09/20 11:01:31.946, 3, 664.33 W, 46, 2032 MHz, 3996 MHz, 100 %, 15 %
2026/09/20 11:01:31.946, 4, 183.21 W, 33, 120 MHz, 3996 MHz, 0 %, 0 %
2026/09/20 11:01:31.946, 5, 179.46 W, 31, 120 MHz, 3996 MHz, 0 %, 0 %
2026/09/20 11:01:31.946, 6, 180.13 W, 29, 120 MHz, 3996 MHz, 0 %, 0 %
2026/09/20 11:01:31.946, 7, 184.09 W, 29, 120 MHz, 3996 MHz, 0 %, 0 %
2026/09/20 11:01:32.947, 0, 821.34 W, 59, 2032 MHz, 3996 MHz, 100 %, 15 %
2026/09/20 11:01:32.947, 1, 711.88 W, 58, 2032 MHz, 3996 MHz, 100 %, 16 %
2026/09/20 11:01:32.947, 2, 905.74 W, 48, 2032 MHz, 3996 MHz, 100 %, 35 %
2026/09/20 11:01:32.947, 3, 914.25 W, 55, 1972 MHz, 3996 MHz, 100 %, 37 %
2026/09/20 11:01:32.947, 4, 183.25 W, 33, 120 MHz, 3996 MHz, 0 %, 0 %
2026/09/20 11:01:32.947, 5, 179.47 W, 31, 120 MHz, 3996 MHz, 0 %, 0 %
2026/09/20 11:01:32.947, 6, 180.15 W, 29, 120 MHz, 3996 MHz, 0 %, 0 %
2026/09/20 11:01:32.947, 7, 184.09 W, 29, 120 MHz, 3996 MHz, 0 %, 0 %
2026/09/20 11:01:33.947, 0, 673.34 W, 58, 2032 MHz, 3996 MHz, 100 %, 53 %
2026/09/20 11:01:33.947, 1, 740.33 W, 65, 1687 MHz, 3996 MHz, 100 %, 53 %
2026/09/20 11:01:33.947, 2, 652.22 W, 48, 2032 MHz, 3996 MHz, 100 %, 54 %
2026/09/20 11:01:33.947, 3, 1021.46 W, 52, 2032 MHz, 3996 MHz, 100 %, 54 %
2026/09/20 11:01:33.947, 4, 183.25 W, 33, 120 MHz, 3996 MHz, 0 %, 0 %
2026/09/20 11:01:33.947, 5, 179.47 W, 31, 120 MHz, 3996 MHz, 0 %, 0 %
2026/09/20 11:01:33.947, 6, 180.15 W, 29, 120 MHz, 3996 MHz, 0 %, 0 %
2026/09/20 11:01:33.947, 7, 184.09 W, 29, 120 MHz, 3996 MHz, 0 %, 0 %
2026/09/20 11:01:34.947, 0, 587.16 W, 58, 2032 MHz, 3996 MHz, 100 %, 34 %
2026/09/20 11:01:34.947, 1, 801.25 W, 61, 2032 MHz, 3996 MHz, 100 %, 10 %
2026/09/20 11:01:34.947, 2, 600.91 W, 51, 2032 MHz, 3996 MHz, 100 %, 35 %
2026/09/20 11:01:34.947, 3, 810.68 W, 52, 2025 MHz, 3996 MHz, 100 %, 46 %
2026/09/20 11:01:34.947, 4, 183.25 W, 33, 120 MHz, 3996 MHz, 0 %, 0 %
2026/09/20 11:01:34.947, 5, 179.50 W, 31, 120 MHz, 3996 MHz, 0 %, 0 %
2026/09/20 11:01:34.947, 6, 180.15 W, 29, 120 MHz, 3996 MHz, 0 %, 0 %
2026/09/20 11:01:34.947, 7, 184.09 W, 29, 120 MHz, 3996 MHz, 0 %, 0 %
2026/09/20 11:01:35.947, 0, 600.83 W, 60, 2032 MHz, 3996 MHz, 100 %, 24 %
2026/09/20 11:01:35.947, 1, 831.34 W, 60, 2032 MHz, 3996 MHz, 100 %, 15 %
2026/09/20 11:01:35.947, 2, 1029.25 W, 51, 2032 MHz, 3996 MHz, 100 %, 37 %
2026/09/20 11:01:35.947, 3, 810.31 W, 54, 2017 MHz, 3996 MHz, 100 %, 41 %
2026/09/20 11:01:35.947, 4, 183.25 W, 33, 120 MHz, 3996 MHz, 0 %, 0 %
2026/09/20 11:01:35.947, 5, 179.46 W, 31, 120 MHz, 3996 MHz, 0 %, 0 %
2026/09/20 11:01:35.948, 6, 180.15 W, 29, 120 MHz, 3996 MHz, 0 %, 0 %
2026/09/20 11:01:35.948, 7, 184.09 W, 29, 120 MHz, 3996 MHz, 0 %, 0 %
2026/09/20 11:01:36.948, 0, 820.97 W, 59, 2032 MHz, 3996 MHz, 100 %, 53 %
2026/09/20 11:01:36.948, 1, 959.88 W, 63, 2032 MHz, 3996 MHz, 100 %, 44 %
2026/09/20 11:01:36.948, 2, 949.90 W, 52, 2032 MHz, 3996 MHz, 99 %, 53 %
2026/09/20 11:01:36.948, 3, 688.24 W, 49, 2032 MHz, 3996 MHz, 100 %, 53 %
2026/09/20 11:01:36.948, 4, 183.25 W, 33, 120 MHz, 3996 MHz, 0 %, 0 %
2026/09/20 11:01:36.948, 5, 179.46 W, 31, 120 MHz, 3996 MHz, 0 %, 0 %
2026/09/20 11:01:36.948, 6, 180.16 W, 29, 120 MHz, 3996 MHz, 0 %, 0 %
2026/09/20 11:01:36.948, 7, 184.09 W, 29, 120 MHz, 3996 MHz, 0 %, 0 %
2026/09/20 11:01:37.948, 0, 820.15 W, 63, 1732 MHz, 3996 MHz, 100 %, 34 %
2026/09/20 11:01:37.948, 1, 810.22 W, 63, 1965 MHz, 3996 MHz, 100 %, 30 %
2026/09/20 11:01:37.948, 2, 533.09 W, 48, 2032 MHz, 3996 MHz, 100 %, 14 %
2026/09/20 11:01:37.948, 3, 819.38 W, 47, 2032 MHz, 3996 MHz, 100 %, 15 %
2026/09/20 11:01:37.948, 4, 183.25 W, 33, 120 MHz, 3996 MHz, 0 %, 0 %
2026/09/20 11:01:37.948, 5, 179.46 W, 31, 120 MHz, 3996 MHz, 0 %, 0 %
2026/09/20 11:01:37.948, 6, 180.14 W, 29, 120 MHz, 3996 MHz, 0 %, 0 %
2026/09/20 11:01:37.948, 7, 184.09 W, 29, 120 MHz, 3996 MHz, 0 %, 0 %
2026/09/20 11:01:38.948, 0, 823.28 W, 63, 1837 MHz, 3996 MHz, 100 %, 34 %
2026/09/20 11:01:38.948, 1, 591.79 W, 57, 2032 MHz, 3996 MHz, 100 %, 15 %
2026/09/20 11:01:38.948, 2, 812.95 W, 46, 2032 MHz, 3996 MHz, 100 %, 14 %
2026/09/20 11:01:38.948, 3, 793.20 W, 54, 1905 MHz, 3996 MHz, 100 %, 33 %
2026/09/20 11:01:38.948, 4, 183.25 W, 33, 120 MHz, 3996 MHz, 0 %, 0 %
2026/09/20 11:01:38.948, 5, 179.50 W, 31, 120 MHz, 3996 MHz, 0 %, 0 %
2026/09/20 11:01:38.948, 6, 180.15 W, 29, 120 MHz, 3996 MHz, 0 %, 0 %
2026/09/20 11:01:38.948, 7, 184.09 W, 29, 120 MHz, 3996 MHz, 0 %, 0 %
2026/09/20 11:01:39.948, 0, 1057.12 W, 65, 1657 MHz, 3996 MHz, 100 %, 34 %
2026/09/20 11:01:39.948, 1, 685.10 W, 59, 2032 MHz, 3996 MHz, 100 %, 12 %
2026/09/20 11:01:39.948, 2, 930.86 W, 50, 2032 MHz, 3996 MHz, 100 %, 12 %
2026/09/20 11:01:39.948, 3, 959.88 W, 51, 2032 MHz, 3996 MHz, 100 %, 12 %
2026/09/20 11:01:39.948, 4, 183.25 W, 33, 120 MHz, 3996 MHz, 0 %, 0 %
2026/09/20 11:01:39.948, 5, 179.46 W, 31, 120 MHz, 3996 MHz, 0 %, 0 %
2026/09/20 11:01:39.948, 6, 180.15 W, 28, 120 MHz, 3996 MHz, 0 %, 0 %
2026/09/20 11:01:39.949, 7, 184.09 W, 29, 120 MHz, 3996 MHz, 0 %, 0 %
2026/09/20 11:01:40.949, 0, 817.68 W, 58, 2032 MHz, 3996 MHz, 100 %, 24 %
2026/09/20 11:01:40.949, 1, 1037.53 W, 66, 1815 MHz, 3996 MHz, 100 %, 36 %
2026/09/20 11:01:40.949, 2, 899.95 W, 54, 1980 MHz, 3996 MHz, 100 %, 37 %
2026/09/20 11:01:40.949, 3, 799.00 W, 48, 2032 MHz, 3996 MHz, 100 %, 18 %
2026/09/20 11:01:40.949, 4, 183.25 W, 33, 120 MHz, 3996 MHz, 0 %, 0 %
2026/09/20 11:01:40.949, 5, 179.47 W, 31, 120 MHz, 3996 MHz, 0 %, 0 %
2026/09/20 11:01:40.949, 6, 180.14 W, 28, 120 MHz, 3996 MHz, 0 %, 0 %
2026/09/20 11:01:40.949, 7, 184.09 W, 29, 120 MHz, 3996 MHz, 0 %, 0 %
2026/09/20 11:01:41.949, 0, 787.53 W, 64, 1905 MHz, 3996 MHz, 100 %, 35 %
2026/09/20 11:01:41.949, 1, 963.91 W, 65, 1920 MHz, 3996 MHz, 100 %, 35 %
2026/09/20 11:01:41.949, 2, 887.84 W, 47, 2032 MHz, 3996 MHz, 100 %, 18 %
2026/09/20 11:01:41.949, 3, 781.47 W, 54, 1987 MHz, 3996 MHz, 100 %, 35 %
2026/09/20 11:01:41.949, 4, 183.25 W, 33, 120 MHz, 3996 MHz, 0 %, 0 %
2026/09/20 11:01:41.949, 5, 179.46 W, 31, 120 MHz, 3996 MHz, 0 %, 0 %
2026/09/20 11:01:41.949, 6, 180.13 W, 28, 120 MHz, 3996 MHz, 0 %, 0 %
2026/09/20 11:01:41.949, 7, 184.09 W, 29, 120 MHz, 3996 MHz, 0 %, 0 %
2026/09/20 11:01:42.949, 0, 913.30 W, 56, 2032 MHz, 3996 MHz, 100 %, 11 %
2026/09/20 11:01:42.949, 1, 792.01 W, 57, 2032 MHz, 3996 MHz, 100 %, 11 %
2026/09/20 11:01:42.949, 2, 679.08 W, 45, 2032 MHz, 3996 MHz, 100 %, 11 %
2026/09/20 11:01:42.949, 3, 938.67 W, 55, 1837 MHz, 3996 MHz, 100 %, 34 %
2026/09/20 11:01:42.949, 4, 183.25 W, 33, 120 MHz, 3996 MHz, 0 %, 0 %
2026/09/20 11:01:42.949, 5, 179.47 W, 31, 120 MHz, 3996 MHz, 0 %, 0 %
2026/09/20 11:01:42.949, 6, 180.14 W, 28, 120 MHz, 3996 MHz, 0 %, 0 %
2026/09/20 11:01:42.949, 7, 184.09 W, 29, 120 MHz, 3996 MHz, 0 %, 0 %
2026/09/20 11:01:43.949, 0, 927.29 W, 62, 2025 MHz, 3996 MHz, 100 %, 33 %
2026/09/20 11:01:43.949, 1, 726.14 W, 60, 2032 MHz, 3996 MHz, 100 %, 29 %
2026/09/20 11:01:43.949, 2, 943.14 W, 52, 2032 MHz, 3996 MHz, 100 %, 35 %
2026/09/20 11:01:43.949, 3, 1029.68 W, 53, 1980 MHz, 3996 MHz, 100 %, 35 %
2026/09/20 11:01:43.949, 4, 183.25 W, 33, 120 MHz, 3996 MHz, 0 %, 0 %
2026/09/20 11:01:43.949, 5, 179.47 W, 31, 120 MHz, 3996 MHz, 0 %, 0 %
2026/09/20 11:01:43.950, 6, 180.15 W, 28, 120 MHz, 3996 MHz, 0 %, 0 %
2026/09/20 11:01:43.950, 7, 184.09 W, 29, 120 MHz, 3996 MHz, 0 %, 0 %
2026/09/20 11:01:44.950, 0, 896.92 W, 58, 2032 MHz, 3996 MHz, 100 %, 12 %
2026/09/20 11:01:44.950, 1, 604.03 W, 57, 2032 MHz, 3996 MHz, 100 %, 12 %
2026/09/20 11:01:44.950, 2, 723.47 W, 46, 2032 MHz, 3996 MHz, 100 %, 29 %
2026/09/20 11:01:44.950, 3, 690.90 W, 49, 1965 MHz, 3996 MHz, 100 %, 21 %
2026/09/20 11:01:44.950, 4, 183.25 W, 33, 120 MHz, 3996 MHz, 0 %, 0 %
2026/09/20 11:01:44.950, 5, 179.47 W, 31, 120 MHz, 3996 MHz, 0 %, 0 %
2026/09/20 11:01:44.950, 6, 180.15 W, 28, 120 MHz, 3996 MHz, 0 %, 0 %
2026/09/20 11:01:44.950, 7, 184.09 W, 29, 120 MHz, 3996 MHz, 0 %, 0 %
2026/09/20 11:01:45.950, 0, 648.33 W, 63, 1950 MHz, 3996 MHz, 100 %, 54 %
2026/09/20 11:01:45.950, 1, 837.78 W, 59, 2032 MHz, 3996 MHz, 100 %, 37 %
2026/09/20 11:01:45.950, 2, 567.30 W, 45, 2032 MHz, 3996 MHz, 100 %, 54 %
2026/09/20 11:01:45.950, 3, 767.23 W, 47, 2032 MHz, 3996 MHz, 100 %, 50 %
2026/09/20 11:01:45.950, 4, 183.25 W, 33, 120 MHz, 3996 MHz, 0 %, 0 %
2026/09/20 11:01:45.950, 5, 179.47 W, 31, 120 MHz, 3996 MHz, 0 %, 0 %
2026/09/20 11:01:45.950, 6, 180.12 W, 28, 120 MHz, 3996 MHz, 0 %, 0 %
2026/09/20 11:01:45.950, 7, 184.09 W, 29, 120 MHz, 3996 MHz, 0 %, 0 %
2026/09/20 11:01:46.950, 0, 961.55 W, 58, 2032 MHz, 3996 MHz, 100 %, 14 %
2026/09/20 11:01:46.950, 1, 803.19 W, 64, 1815 MHz, 3996 MHz, 100 %, 35 %
2026/09/20 11:01:46.950, 2, 615.77 W, 45, 2032 MHz, 3996 MHz, 100 %, 15 %
2026/09/20 11:01:46.950, 3, 721.71 W, 54, 1965 MHz, 3996 MHz, 100 %, 34 %
2026/09/20 11:01:46.950, 4, 183.25 W, 33, 120 MHz, 3996 MHz, 0 %, 0 %
2026/09/20 11:01:46.950, 5, 179.46 W, 31, 120 MHz, 3996 MHz, 0 %, 0 %
2026/09/20 11:01:46.950, 6, 180.13 W, 28, 120 MHz, 3996 MHz, 0 %, 0 %
2026/09/20 11:01:46.950, 7, 184.09 W, 29, 120 MHz, 3996 MHz, 0 %, 0 %
2026/09/20 11:01:47.950, 0, 675.99 W, 63, 1755 MHz, 3996 MHz, 100 %, 34 %
2026/09/20 11:01:47.950, 1, 853.27 W, 57, 2032 MHz, 3996 MHz, 100 %, 10 %
2026/09/20 11:01:47.951, 2, 467.65 W, 43, 2032 MHz, 3996 MHz, 100 %, 10 %
2026/09/20 11:01:47.951, 3, 666.58 W, 44, 2032 MHz, 3996 MHz, 100 %, 11 %
2026/09/20 11:01:47.951, 4, 183.25 W, 33, 120 MHz, 3996 MHz, 0 %, 0 %
2026/09/20 11:01:47.951, 5, 179.47 W, 31, 120 MHz, 3996 MHz, 0 %, 0 %
2026/09/20 11:01:47.951, 6, 180.16 W, 28, 120 MHz, 3996 MHz, 0 %, 0 %
2026/09/20 11:01:47.951, 7, 184.09 W, 29, 120 MHz, 3996 MHz, 0 %, 0 %
2026/09/20 11:01:48.951, 0, 698.14 W, 58, 2032 MHz, 3996 MHz, 100 %, 13 %
2026/09/20 11:01:48.951, 1, 907.97 W, 62, 2032 MHz, 3996 MHz, 100 %, 13 %
2026/09/20 11:01:48.951, 2, 626.59 W, 49, 2032 MHz, 3996 MHz, 100 %, 13 %
2026/09/20 11:01:48.951, 3, 738.74 W, 52, 1785 MHz, 3996 MHz, 100 %, 35 %
2026/09/20 11:01:48.951, 4, 183.25 W, 33, 120 MHz, 3996 MHz, 0 %, 0 %
2026/09/20 11:01:48.951, 5, 179.46 W, 31, 120 MHz, 3996 MHz, 0 %, 0 %
2026/09/20 11:01:48.951, 6, 180.14 W, 28, 120 MHz, 3996 MHz, 0 %, 0 %
2026/09/20 11:01:48.951, 7, 184.05 W, 29, 120 MHz, 3996 MHz, 0 %, 0 %
2026/09/20 11:01:49.951, 0, 804.72 W, 55, 2032 MHz, 3996 MHz, 100 %, 11 %
2026/09/20 11:01:49.951, 1, 940.46 W, 63, 1942 MHz, 3996 MHz, 100 %, 33 %
2026/09/20 11:01:49.951, 2, 657.78 W, 45, 2032 MHz, 3996 MHz, 100 %, 10 %
2026/09/20 11:01:49.951, 3, 673.49 W, 45, 2032 MHz, 3996 MHz, 100 %, 11 %
2026/09/20 11:01:49.951, 4, 183.21 W, 33, 120 MHz, 3996 MHz, 0 %, 0 %
2026/09/20 11:01:49.951, 5, 179.46 W, 31, 120 MHz, 3996 MHz, 0 %, 0 %
2026/09/20 11:01:49.951, 6, 180.15 W, 28, 120 MHz, 3996 MHz, 0 %, 0 %
2026/09/20 11:01:49.951, 7, 184.09 W, 29, 120 MHz, 3996 MHz, 0 %, 0 %
2026/09/20 11:01:50.951, 0, 938.44 W, 62, 2032 MHz, 3996 MHz, 100 %, 52 %
2026/09/20 11:01:50.951, 1, 757.23 W, 63, 1785 MHz, 3996 MHz, 99 %, 53 %
2026/09/20 11:01:50.951, 2, 921.10 W, 49, 2032 MHz, 3996 MHz, 100 %, 54 %
2026/09/20 11:01:50.951, 3, 811.12 W, 49, 2032 MHz, 3996 MHz, 100 %, 53 %
2026/09/20 11:01:50.951, 4, 183.25 W, 33, 120 MHz, 3996 MHz, 0 %, 0 %
2026/09/20 11:01:50.951, 5, 179.47 W, 31, 120 MHz, 3996 MHz, 0 %, 0 %
2026/09/20 11:01:50.952, 6, 180.12 W, 28, 120 MHz, 3996 MHz, 0 %, 0 %
2026/09/20 11:01:50.952, 7, 184.09 W, 29, 120 MHz, 3996 MHz, 0 %, 0 %
2026/09/20 11:01:51.952, 0, 704.39 W, 59, 2032 MHz, 3996 MHz, 99 %, 53 %
2026/09/20 11:01:51.952, 1, 820.77 W, 61, 1987 MHz, 3996 MHz, 100 %, 53 %
2026/09/20 11:01:51.952, 2, 941.04 W, 53, 2025 MHz, 3996 MHz, 100 %, 53 %
2026/09/20 11:01:51.952, 3, 676.08 W, 49, 2032 MHz, 3996 MHz, 100 %, 53 %
2026/09/20 11:01:51.952, 4, 183.21 W, 33, 120 MHz, 3996 MHz, 0 %, 0 %
2026/09/20 11:01:51.952, 5, 179.47 W, 31, 120 MHz, 3996 MHz, 0 %, 0 %
2026/09/20 11:01:51.952, 6, 180.13 W, 28, 120 MHz, 3996 MHz, 0 %, 0 %
2026/09/20 11:01:51.952, 7, 184.09 W, 29, 120 MHz, 3996 MHz, 0 %, 0 %
2026/09/20 11:01:52.952, 0, 947.36 W, 60, 2032 MHz, 3996 MHz, 100 %, 13 %
2026/09/20 11:01:52.952, 1, 913.19 W, 62, 2032 MHz, 3996 MHz, 100 %, 15 %
2026/09/20 11:01:52.952, 2, 900.59 W, 47, 2032 MHz, 3996 MHz, 100 %, 13 %
2026/09/20 11:01:52.952, 3, 792.53 W, 51, 1740 MHz, 3996 MHz, 100 %, 35 %
2026/09/20 11:01:52.952, 4, 183.25 W, 33, 120 MHz, 3996 MHz, 0 %, 0 %
2026/09/20 11:01:52.952, 5, 179.47 W, 31, 120 MHz, 3996 MHz, 0 %, 0 %
2026/09/20 11:01:52.952, 6, 180.15 W, 28, 120 MHz, 3996 MHz, 0 %, 0 %
2026/09/20 11:01:52.952, 7, 184.09 W, 29, 120 MHz, 3996 MHz, 0 %, 0 %
2026/09/20 11:01:53.952, 0, 812.06 W, 59, 2032 MHz, 3996 MHz, 100 %, 17 %
2026/09/20 11:01:53.952, 1, 848.26 W, 63, 2032 MHz, 3996 MHz, 100 %, 44 %
2026/09/20 11:01:53.952, 2, 831.91 W, 51, 2032 MHz, 3996 MHz, 100 %, 31 %
2026/09/20 11:01:53.952, 3, 547.46 W, 48, 2032 MHz, 3996 MHz, 100 %, 23 %
2026/09/20 11:01:53.952, 4, 183.25 W, 33, 120 MHz, 3996 MHz, 0 %, 0 %
2026/09/20 11:01:53.952, 5, 179.46 W, 31, 120 MHz, 3996 MHz, 0 %, 0 %
2026/09/20 11:01:53.952, 6, 180.15 W, 28, 120 MHz, 3996 MHz, 0 %, 0 %
2026/09/20 11:01:53.952, 7, 184.09 W, 29, 120 MHz, 3996 MHz, 0 %, 0 %
2026/09/20 11:01:54.952, 0, 862.36 W, 56, 2032 MHz, 3996 MHz, 100 %, 11 %
2026/09/20 11:01:54.952, 1, 825.46 W, 65, 1680 MHz, 3996 MHz, 100 %, 33 %
2026/09/20 11:01:54.952, 2, 811.52 W, 45, 2032 MHz, 3996 MHz, 100 %, 10 %
2026/09/20 11:01:54.952, 3, 870.83 W, 45, 2032 MHz, 3996 MHz, 100 %, 11 %
2026/09/20 11:01:54.952, 4, 183.21 W, 33, 120 MHz, 3996 MHz, 0 %, 0 %
2026/09/20 11:01:54.953, 5, 179.47 W, 31, 120 MHz, 3996 MHz, 0 %, 0 %
2026/09/20 11:01:54.953, 6, 180.15 W, 28, 120 MHz, 3996 MHz, 0 %, 0 %
2026/09/20 11:01:54.953, 7, 184.09 W, 29, 120 MHz, 3996 MHz, 0 %, 0 %
2026/09/20 11:01:55.953, 0, 755.88 W, 57, 2032 MHz, 3996 MHz, 100 %, 10 %
2026/09/20 11:01:55.953, 1, 547.07 W, 57, 2032 MHz, 3996 MHz, 100 %, 11 %
2026/09/20 11:01:55.953, 2, 507.59 W, 46, 2032 MHz, 3996 MHz, 100 %, 11 %
2026/09/20 11:01:55.953, 3, 775.48 W, 54, 1725 MHz, 3996 MHz, 100 %, 34 %
2026/09/20 11:01:55.953, 4, 183.25 W, 33, 120 MHz, 3996 MHz, 0 %, 0 %
2026/09/20 11:01:55.953, 5, 179.46 W, 31, 120 MHz, 3996 MHz, 0 %, 0 %
2026/09/20 11:01:55.953, 6, 180.17 W, 28, 120 MHz, 3996 MHz, 0 %, 0 %
2026/09/20 11:01:55.953, 7, 184.09 W, 29, 120 MHz, 3996 MHz, 0 %, 0 %
2026/09/20 11:01:56.953, 0, 882.57 W, 64, 1950 MHz, 3996 MHz, 100 %, 32 %
2026/09/20 11:01:56.953, 1, 834.59 W, 58, 2032 MHz, 3996 MHz, 100 %, 14 %
2026/09/20 11:01:56.953, 2, 696.70 W, 44, 2032 MHz, 3996 MHz, 100 %, 15 %
2026/09/20 11:01:56.953, 3, 942.40 W, 55, 1905 MHz, 3996 MHz, 100 %, 35 %
2026/09/20 11:01:56.953, 4, 183.25 W, 33, 120 MHz, 3996 MHz, 0 %, 0 %
2026/09/20 11:01:56.953, 5, 179.47 W, 31, 120 MHz, 3996 MHz, 0 %, 0 %
2026/09/20 11:01:56.953, 6, 180.16 W, 28, 120 MHz, 3996 MHz, 0 %, 0 %
2026/09/20 11:01:56.953, 7, 184.09 W, 29, 120 MHz, 3996 MHz, 0 %, 0 %
2026/09/20 11:01:57.953, 0, 742.37 W, 57, 2032 MHz, 3996 MHz, 100 %, 54 %
2026/09/20 11:01:57.953, 1, 877.11 W, 58, 2032 MHz, 3996 MHz, 100 %, 35 %
2026/09/20 11:01:57.953, 2, 869.23 W, 46, 2032 MHz, 3996 MHz, 100 %, 54 %
2026/09/20 11:01:57.953, 3, 789.21 W, 54, 1987 MHz, 3996 MHz, 100 %, 50 %
2026/09/20 11:01:57.953, 4, 183.25 W, 33, 120 MHz, 3996 MHz, 0 %, 0 %
2026/09/20 11:01:57.953, 5, 179.47 W, 31, 120 MHz, 3996 MHz, 0 %, 0 %
2026/09/20 11:01:57.953, 6, 180.15 W, 28, 120 MHz, 3996 MHz, 0 %, 0 %
2026/09/20 11:01:57.953, 7, 184.05 W, 29, 120 MHz, 3996 MHz, 0 %, 0 %
2026/09/20 11:01:58.953, 0, 673.66 W, 63, 1882 MHz, 3996 MHz, 100 %, 35 %
2026/09/20 11:01:58.954, 1, 770.81 W, 57, 2032 MHz, 3996 MHz, 100 %, 15 %
2026/09/20 11:01:58.954, 2, 695.44 W, 53, 1957 MHz, 3996 MHz, 100 %, 33 %
2026/09/20 11:01:58.954, 3, 947.02 W, 48, 2032 MHz, 3996 MHz, 100 %, 15 %
2026/09/20 11:01:58.954, 4, 183.25 W, 33, 120 MHz, 3996 MHz, 0 %, 0 %
2026/09/20 11:01:58.954, 5, 179.46 W, 31, 120 MHz, 3996 MHz, 0 %, 0 %
2026/09/20 11:01:58.954, 6, 180.16 W, 28, 120 MHz, 3996 MHz, 0 %, 0 %
2026/09/20 11:01:58.954, 7, 184.05 W, 29, 120 MHz, 3996 MHz, 0 %, 0 %
2026/09/20 11:01:59.954, 0, 780.92 W, 58, 2032 MHz, 3996 MHz, 100 %, 15 %
2026/09/20 11:01:59.954, 1, 890.42 W, 60, 2032 MHz, 3996 MHz, 100 %, 40 %
2026/09/20 11:01:59.954, 2, 1032.93 W, 55, 1845 MHz, 3996 MHz, 100 %, 32 %
2026/09/20 11:01:59.954, 3, 634.45 W, 48, 2032 MHz, 3996 MHz, 100 %, 18 %
2026/09/20 11:01:59.954, 4, 183.25 W, 33, 120 MHz, 3996 MHz, 0 %, 0 %
2026/09/20 11:01:59.954, 5, 179.47 W, 31, 120 MHz, 3996 MHz, 0 %, 0 %
2026/09/20 11:01:59.954, 6, 180.16 W, 28, 120 MHz, 3996 MHz, 0 %, 0 %
2026/09/20 11:01:59.954, 7, 184.09 W, 29, 120 MHz, 3996 MHz, 0 %, 0 %
2026/09/20 11:02:00.954, 0, 815.61 W, 61, 2032 MHz, 3996 MHz, 100 %, 36 %
2026/09/20 11:02:00.954, 1, 596.51 W, 59, 2032 MHz, 3996 MHz, 100 %, 40 %
2026/09/20 11:02:00.954, 2, 772.92 W, 49, 2032 MHz, 3996 MHz, 100 %, 26 %
2026/09/20 11:02:00.954, 3, 822.71 W, 52, 2010 MHz, 3996 MHz, 100 %, 42 %
2026/09/20 11:02:00.954, 4, 183.25 W, 33, 120 MHz, 3996 MHz, 0 %, 0 %
2026/09/20 11:02:00.954, 5, 179.46 W, 31, 120 MHz, 3996 MHz, 0 %, 0 %
2026/09/20 11:02:00.954, 6, 180.14 W, 28, 120 MHz, 3996 MHz, 0 %, 0 %
2026/09/20 11:02:00.954, 7, 184.09 W, 29, 120 MHz, 3996 MHz, 0 %, 0 %
2026/09/20 11:02:01.954, 0, 592.74 W, 55, 2032 MHz, 3996 MHz, 100 %, 16 %
2026/09/20 11:02:01.954, 1, 841.46 W, 58, 2032 MHz, 3996 MHz, 100 %, 16 %
2026/09/20 11:02:01.954, 2, 1055.02 W, 52, 2017 MHz, 3996 MHz, 100 %, 35 %
2026/09/20 11:02:01.954, 3, 802.49 W, 54, 1890 MHz, 3996 MHz, 100 %, 34 %
2026/09/20 11:02:01.954, 4, 183.25 W, 33, 120 MHz, 3996 MHz, 0 %, 0 %
2026/09/20 11:02:01.954, 5, 179.46 W, 31, 120 MHz, 3996 MHz, 0 %, 0 %
2026/09/20 11:02:01.954, 6, 180.12 W, 28, 120 MHz, 3996 MHz, 0 %, 0 %
2026/09/20 11:02:01.954, 7, 184.09 W, 29, 120 MHz, 3996 MHz, 0 %, 0 %
2026/09/20 11:02:02.955, 0, 1018.96 W, 60, 2025 MHz, 3996 MHz, 100 %, 42 %
2026/09/20 11:02:02.955, 1, 886.70 W, 60, 2032 MHz, 3996 MHz, 100 %, 37 %
2026/09/20 11:02:02.955, 2, 725.84 W, 53, 1927 MHz, 3996 MHz, 100 %, 34 %
2026/09/20 11:02:02.955, 3, 704.82 W, 52, 2032 MHz, 3996 MHz, 100 %, 37 %
2026/09/20 11:02:02.955, 4, 183.25 W, 33, 120 MHz, 3996 MHz, 0 %, 0 %
2026/09/20 11:02:02.955, 5, 179.46 W, 31, 120 MHz, 3996 MHz, 0 %, 0 %
2026/09/20 11:02:02.955, 6, 180.16 W, 28, 120 MHz, 3996 MHz, 0 %, 0 %
2026/09/20 11:02:02.955, 7, 184.05 W, 29, 120 MHz, 3996 MHz, 0 %, 0 %
2026/09/20 11:02:03.955, 0, 852.73 W, 63, 1837 MHz, 3996 MHz, 100 %, 35 %
2026/09/20 11:02:03.955, 1, 882.64 W, 65, 2002 MHz, 3996 MHz, 100 %, 30 %
2026/09/20 11:02:03.955, 2, 1045.66 W, 54, 1927 MHz, 3996 MHz, 100 %, 33 %
2026/09/20 11:02:03.955, 3, 854.84 W, 46, 2032 MHz, 3996 MHz, 100 %, 18 %
2026/09/20 11:02:03.955, 4, 183.25 W, 33, 120 MHz, 3996 MHz, 0 %, 0 %
2026/09/20 11:02:03.955, 5, 179.50 W, 31, 120 MHz, 3996 MHz, 0 %, 0 %
2026/09/20 11:02:03.955, 6, 180.16 W, 28, 120 MHz, 3996 MHz, 0 %, 0 %
2026/09/20 11:02:03.955, 7, 184.09 W, 29, 120 MHz, 3996 MHz, 0 %, 0 %
2026/09/20 11:02:04.955, 0, 812.83 W, 63, 1995 MHz, 3996 MHz, 100 %, 30 %
2026/09/20 11:02:04.955, 1, 806.67 W, 56, 2032 MHz, 3996 MHz, 100 %, 14 %
2026/09/20 11:02:04.955, 2, 533.49 W, 44, 2032 MHz, 3996 MHz, 100 %, 15 %
2026/09/20 11:02:04.955, 3, 748.70 W, 54, 1785 MHz, 3996 MHz, 100 %, 35 %
2026/09/20 11:02:04.955, 4, 183.17 W, 33, 120 MHz, 3996 MHz, 0 %, 0 %
2026/09/20 11:02:04.955, 5, 179.46 W, 31, 120 MHz, 3996 MHz, 0 %, 0 %
2026/09/20 11:02:04.955, 6, 180.15 W, 28, 120 MHz, 3996 MHz, 0 %, 0 %
2026/09/20 11:02:04.955, 7, 184.09 W, 29, 120 MHz, 3996 MHz, 0 %, 0 %
2026/09/20 11:02:05.955, 0, 799.50 W, 63, 1995 MHz, 3996 MHz, 100 %, 33 %
2026/09/20 11:02:05.955, 1, 799.45 W, 64, 1860 MHz, 3996 MHz, 100 %, 35 %
2026/09/20 11:02:05.955, 2, 781.69 W, 53, 1980 MHz, 3996 MHz, 100 %, 33 %
2026/09/20 11:02:05.955, 3, 903.26 W, 48, 2032 MHz, 3996 MHz, 100 %, 17 %
2026/09/20 11:02:05.956, 4, 183.25 W, 33, 120 MHz, 3996 MHz, 0 %, 0 %
2026/09/20 11:02:05.956, 5, 179.47 W, 31, 120 MHz, 3996 MHz, 0 %, 0 %
2026/09/20 11:02:05.956, 6, 180.16 W, 28, 120 MHz, 3996 MHz, 0 %, 0 %
2026/09/20 11:02:05.956, 7, 184.09 W, 29, 120 MHz, 3996 MHz, 0 %, 0 %
2026/09/20 11:02:06.956, 0, 850.59 W, 59, 2032 MHz, 3996 MHz, 100 %, 22 %
2026/09/20 11:02:06.956, 1, 955.16 W, 63, 1927 MHz, 3996 MHz, 100 %, 35 %
2026/09/20 11:02:06.956, 2, 823.32 W, 51, 2032 MHz, 3996 MHz, 100 %, 12 %
2026/09/20 11:02:06.956, 3, 828.59 W, 50, 2032 MHz, 3996 MHz, 100 %, 13 %
2026/09/20 11:02:06.956, 4, 183.25 W, 33, 120 MHz, 3996 MHz, 0 %, 0 %
2026/09/20 11:02:06.956, 5, 179.47 W, 31, 120 MHz, 3996 MHz, 0 %, 0 %
2026/09/20 11:02:06.956, 6, 180.15 W, 28, 120 MHz, 3996 MHz, 0 %, 0 %
2026/09/20 11:02:06.956, 7, 184.09 W, 29, 120 MHz, 3996 MHz, 0 %, 0 %
2026/09/20 11:02:07.956, 0, 730.43 W, 55, 2032 MHz, 3996 MHz, 100 %, 14 %
2026/09/20 11:02:07.956, 1, 707.90 W, 57, 2032 MHz, 3996 MHz, 100 %, 15 %
2026/09/20 11:02:07.956, 2, 1067.12 W, 54, 1785 MHz, 3996 MHz, 100 %, 35 %
2026/09/20 11:02:07.956, 3, 926.05 W, 54, 1965 MHz, 3996 MHz, 100 %, 31 %
2026/09/20 11:02:07.956, 4, 183.25 W, 33, 120 MHz, 3996 MHz, 0 %, 0 %
2026/09/20 11:02:07.956, 5, 179.46 W, 31, 120 MHz, 3996 MHz, 0 %, 0 %
2026/09/20 11:02:07.956, 6, 180.13 W, 28, 120 MHz, 3996 MHz, 0 %, 0 %
2026/09/20 11:02:07.956, 7, 184.05 W, 29, 120 MHz, 3996 MHz, 0 %, 0 %
2026/09/20 11:02:08.956, 0, 492.10 W, 56, 2032 MHz, 3996 MHz, 100 %, 12 %
2026/09/20 11:02:08.956, 1, 859.43 W, 65, 1642 MHz, 3996 MHz, 100 %, 34 %
2026/09/20 11:02:08.957, 2, 495.89 W, 47, 2032 MHz, 3996 MHz, 100 %, 11 %
2026/09/20 11:02:08.957, 3, 771.99 W, 48, 2032 MHz, 3996 MHz, 100 %, 12 %
2026/09/20 11:02:08.957, 4, 183.25 W, 33, 120 MHz, 3996 MHz, 0 %, 0 %
2026/09/20 11:02:08.957, 5, 179.47 W, 31, 120 MHz, 3996 MHz, 0 %, 0 %
2026/09/20 11:02:08.957, 6, 180.15 W, 28, 120 MHz, 3996 MHz, 0 %, 0 %
2026/09/20 11:02:08.957, 7, 184.09 W, 29, 120 MHz, 3996 MHz, 0 %, 0 %
2026/09/20 11:02:09.957, 0, 945.43 W, 59, 2032 MHz, 3996 MHz, 100 %, 53 %
2026/09/20 11:02:09.957, 1, 722.36 W, 58, 2032 MHz, 3996 MHz, 100 %, 45 %
2026/09/20 11:02:09.957, 2, 958.64 W, 54, 1897 MHz, 3996 MHz, 100 %, 53 %
2026/09/20 11:02:09.957, 3, 713.98 W, 53, 2032 MHz, 3996 MHz, 100 %, 54 %
2026/09/20 11:02:09.957, 4, 183.25 W, 33, 120 MHz, 3996 MHz, 0 %, 0 %
2026/09/20 11:02:09.957, 5, 179.46 W, 31, 120 MHz, 3996 MHz, 0 %, 0 %
2026/09/20 11:02:09.957, 6, 180.17 W, 28, 120 MHz, 3996 MHz, 0 %, 0 %
2026/09/20 11:02:09.957, 7, 184.09 W, 29, 120 MHz, 3996 MHz, 0 %, 0 %
2026/09/20 11:02:10.957, 0, 631.65 W, 55, 2032 MHz, 3996 MHz, 100 %, 14 %
2026/09/20 11:02:10.957, 1, 764.04 W, 57, 2032 MHz, 3996 MHz, 100 %, 15 %
2026/09/20 11:02:10.957, 2, 976.68 W, 54, 1875 MHz, 3996 MHz, 100 %, 36 %
2026/09/20 11:02:10.957, 3, 961.44 W, 54, 1942 MHz, 3996 MHz, 100 %, 33 %
2026/09/20 11:02:10.957, 4, 183.25 W, 33, 120 MHz, 3996 MHz, 0 %, 0 %
2026/09/20 11:02:10.957, 5, 179.47 W, 31, 120 MHz, 3996 MHz, 0 %, 0 %
2026/09/20 11:02:10.957, 6, 180.15 W, 28, 120 MHz, 3996 MHz, 0 %, 0 %
2026/09/20 11:02:10.957, 7, 184.09 W, 29, 120 MHz, 3996 MHz, 0 %, 0 %
2026/09/20 11:02:11.958, 0, 824.95 W, 64, 1942 MHz, 3996 MHz, 100 %, 33 %
2026/09/20 11:02:11.958, 1, 870.90 W, 64, 1725 MHz, 3996 MHz, 100 %, 34 %
2026/09/20 11:02:11.958, 2, 913.86 W, 47, 2032 MHz, 3996 MHz, 100 %, 15 %
2026/09/20 11:02:11.958, 3, 780.24 W, 47, 2032 MHz, 3996 MHz, 100 %, 15 %
2026/09/20 11:02:11.958, 4, 183.25 W, 33, 120 MHz, 3996 MHz, 0 %, 0 %
2026/09/20 11:02:11.958, 5, 179.47 W, 31, 120 MHz, 3996 MHz, 0 %, 0 %
2026/09/20 11:02:11.958, 6, 180.17 W, 28, 120 MHz, 3996 MHz, 0 %, 0 %
2026/09/20 11:02:11.958, 7, 184.09 W, 29, 120 MHz, 3996 MHz, 0 %, 0 %
2026/09/20 11:02:12.958, 0, 831.64 W, 63, 1687 MHz, 3996 MHz, 100 %, 35 %
2026/09/20 11:02:12.958, 1, 583.40 W, 55, 2032 MHz, 3996 MHz, 100 %, 10 %
2026/09/20 11:02:12.958, 2, 774.51 W, 45, 2032 MHz, 3996 MHz, 100 %, 11 %
2026/09/20 11:02:12.958, 3, 783.58 W, 46, 2032 MHz, 3996 MHz, 100 %, 11 %
2026/09/20 11:02:12.958, 4, 183.25 W, 33, 120 MHz, 3996 MHz, 0 %, 0 %
2026/09/20 11:02:12.958, 5, 179.47 W, 31, 120 MHz, 3996 MHz, 0 %, 0 %
2026/09/20 11:02:12.958, 6, 180.15 W, 28, 120 MHz, 3996 MHz, 0 %, 0 %
2026/09/20 11:02:12.958, 7, 184.09 W, 29, 120 MHz, 3996 MHz, 0 %, 0 %
2026/09/20 11:02:13.958, 0, 831.95 W, 63, 1762 MHz, 3996 MHz, 100 %, 34 %
2026/09/20 11:02:13.958, 1, 834.32 W, 58, 2032 MHz, 3996 MHz, 100 %, 10 %
2026/09/20 11:02:13.958, 2, 557.40 W, 44, 2032 MHz, 3996 MHz, 100 %, 23 %
2026/09/20 11:02:13.958, 3, 562.82 W, 44, 2032 MHz, 3996 MHz, 100 %, 19 %
2026/09/20 11:02:13.958, 4, 183.25 W, 33, 120 MHz, 3996 MHz, 0 %, 0 %
2026/09/20 11:02:13.958, 5, 179.47 W, 31, 120 MHz, 3996 MHz, 0 %, 0 %
2026/09/20 11:02:13.958, 6, 180.15 W, 28, 120 MHz, 3996 MHz, 0 %, 0 %
2026/09/20 11:02:13.958, 7, 184.09 W, 29, 120 MHz, 3996 MHz, 0 %, 0 %
2026/09/20 11:02:14.958, 0, 722.94 W, 55, 2032 MHz, 3996 MHz, 100 %, 16 %
2026/09/20 11:02:14.958, 1, 694.84 W, 62, 1785 MHz, 3996 MHz, 100 %, 35 %
2026/09/20 11:02:14.958, 2, 876.97 W, 54, 1935 MHz, 3996 MHz, 100 %, 37 %
2026/09/20 11:02:14.958, 3, 804.28 W, 47, 2032 MHz, 3996 MHz, 100 %, 18 %
2026/09/20 11:02:14.958, 4, 183.25 W, 33, 120 MHz, 3996 MHz, 0 %, 0 %
2026/09/20 11:02:14.958, 5, 179.46 W, 31, 120 MHz, 3996 MHz, 0 %, 0 %
2026/09/20 11:02:14.959, 6, 180.12 W, 28, 120 MHz, 3996 MHz, 0 %, 0 %
2026/09/20 11:02:14.959, 7, 184.09 W, 29, 120 MHz, 3996 MHz, 0 %, 0 %
2026/09/20 11:02:15.959, 0, 884.69 W, 60, 2032 MHz, 3996 MHz, 100 %, 16 %
2026/09/20 11:02:15.959, 1, 1010.41 W, 61, 2032 MHz, 3996 MHz, 100 %, 36 %
2026/09/20 11:02:15.959, 2, 1031.92 W, 51, 2032 MHz, 3996 MHz, 100 %, 42 %
2026/09/20 11:02:15.959, 3, 649.57 W, 52, 1987 MHz, 3996 MHz, 99 %, 38 %
2026/09/20 11:02:15.959, 4, 183.25 W, 33, 120 MHz, 3996 MHz, 0 %, 0 %
2026/09/20 11:02:15.959, 5, 179.46 W, 31, 120 MHz, 3996 MHz, 0 %, 0 %
2026/09/20 11:02:15.959, 6, 180.12 W, 28, 120 MHz, 3996 MHz, 0 %, 0 %
2026/09/20 11:02:15.959, 7, 184.09 W, 29, 120 MHz, 3996 MHz, 0 %, 0 %
2026/09/20 11:02:16.959, 0, 704.62 W, 59, 2032 MHz, 3996 MHz, 100 %, 43 %
2026/09/20 11:02:16.959, 1, 954.10 W, 62, 2032 MHz, 3996 MHz, 100 %, 45 %
2026/09/20 11:02:16.959, 2, 935.58 W, 53, 2032 MHz, 3996 MHz, 100 %, 34 %
2026/09/20 11:02:16.960, 3, 1035.39 W, 52, 2032 MHz, 3996 MHz, 100 %, 37 %
2026/09/20 11:02:16.960, 4, 183.25 W, 33, 120 MHz, 3996 MHz, 0 %, 0 %
2026/09/20 11:02:16.960, 5, 179.46 W, 31, 120 MHz, 3996 MHz, 0 %, 0 %
2026/09/20 11:02:16.960, 6, 180.12 W, 28, 120 MHz, 3996 MHz, 0 %, 0 %
2026/09/20 11:02:16.960, 7, 184.09 W, 29, 120 MHz, 3996 MHz, 0 %, 0 %
2026/09/20 11:02:17.960, 0, 867.58 W, 57, 2032 MHz, 3996 MHz, 100 %, 15 %
2026/09/20 11:02:17.960, 1, 879.59 W, 59, 2032 MHz, 3996 MHz, 100 %, 22 %
2026/09/20 11:02:17.960, 2, 820.86 W, 54, 1972 MHz, 3996 MHz, 100 %, 42 %
2026/09/20 11:02:17.960, 3, 835.16 W, 54, 1912 MHz, 3996 MHz, 100 %, 43 %
2026/09/20 11:02:17.960, 4, 183.25 W, 33, 120 MHz, 3996 MHz, 0 %, 0 %
2026/09/20 11:02:17.960, 5, 179.46 W, 31, 120 MHz, 3996 MHz, 0 %, 0 %
2026/09/20 11:02:17.960, 6, 180.12 W, 28, 120 MHz, 3996 MHz, 0 %, 0 %
2026/09/20 11:02:17.960, 7, 184.09 W, 29, 120 MHz, 3996 MHz, 0 %, 0 %
2026/09/20 11:02:18.960, 0, 497.05 W, 54, 2032 MHz, 3996 MHz, 100 %, 15 %
2026/09/20 11:02:18.960, 1, 694.53 W, 64, 1815 MHz, 3996 MHz, 100 %, 34 %
2026/09/20 11:02:18.960, 2, 846.54 W, 54, 1927 MHz, 3996 MHz, 100 %, 34 %
2026/09/20 11:02:18.960, 3, 928.43 W, 48, 2032 MHz, 3996 MHz, 100 %, 14 %
2026/09/20 11:02:18.960, 4, 183.25 W, 33, 120 MHz, 3996 MHz, 0 %, 0 %
2026/09/20 11:02:18.960, 5, 179.47 W, 31, 120 MHz, 3996 MHz, 0 %, 0 %
2026/09/20 11:02:18.960, 6, 180.11 W, 28, 120 MHz, 3996 MHz, 0 %, 0 %
2026/09/20 11:02:18.961, 7, 184.09 W, 29, 120 MHz, 3996 MHz, 0 %, 0 %
2026/09/20 11:02:19.961, 0, 896.19 W, 60, 2032 MHz, 3996 MHz, 100 %, 13 %
2026/09/20 11:02:19.961, 1, 744.13 W, 60, 2032 MHz, 3996 MHz, 100 %, 19 %
2026/09/20 11:02:19.961, 2, 758.28 W, 49, 2032 MHz, 3996 MHz, 100 %, 34 %
2026/09/20 11:02:19.961, 3, 686.28 W, 53, 1837 MHz, 3996 MHz, 100 %, 43 %
2026/09/20 11:02:19.961, 4, 183.25 W, 33, 120 MHz, 3996 MHz, 0 %, 0 %
2026/09/20 11:02:19.961, 5, 179.46 W, 31, 120 MHz, 3996 MHz, 0 %, 0 %
2026/09/20 11:02:19.961, 6, 180.10 W, 28, 120 MHz, 3996 MHz, 0 %, 0 %
2026/09/20 11:02:19.961, 7, 184.09 W, 29, 120 MHz, 3996 MHz, 0 %, 0 %
2026/09/20 11:02:20.961, 0, 967.38 W, 64, 1905 MHz, 3996 MHz, 100 %, 28 %
2026/09/20 11:02:20.961, 1, 949.61 W, 63, 2025 MHz, 3996 MHz, 100 %, 33 %
2026/09/20 11:02:20.961, 2, 962.52 W, 55, 2002 MHz, 3996 MHz, 100 %, 34 %
2026/09/20 11:02:20.961, 3, 797.98 W, 47, 2032 MHz, 3996 MHz, 100 %, 18 %
2026/09/20 11:02:20.961, 4, 183.25 W, 33, 120 MHz, 3996 MHz, 0 %, 0 %
2026/09/20 11:02:20.961, 5, 179.47 W, 31, 120 MHz, 3996 MHz, 0 %, 0 %
2026/09/20 11:02:20.961, 6, 180.12 W, 28, 120 MHz, 3996 MHz, 0 %, 0 %
2026/09/20 11:02:20.961, 7, 184.05 W, 29, 120 MHz, 3996 MHz, 0 %, 0 %
2026/09/20 11:02:21.961, 0, 821.39 W, 62, 2032 MHz, 3996 MHz, 100 %, 46 %
2026/09/20 11:02:21.961, 1, 742.96 W, 64, 1972 MHz, 3996 MHz, 100 %, 52 %
2026/09/20 11:02:21.961, 2, 657.26 W, 50, 2032 MHz, 3996 MHz, 100 %, 52 %
2026/09/20 11:02:21.961, 3, 924.49 W, 52, 2032 MHz, 3996 MHz, 100 %, 53 %
2026/09/20 11:02:21.961, 4, 183.25 W, 33, 120 MHz, 3996 MHz, 0 %, 0 %
2026/09/20 11:02:21.961, 5, 179.47 W, 31, 120 MHz, 3996 MHz, 0 %, 0 %
2026/09/20 11:02:21.961, 6, 180.09 W, 29, 120 MHz, 3996 MHz, 0 %, 0 %
2026/09/20 11:02:21.961, 7, 184.09 W, 29, 120 MHz, 3996 MHz, 0 %, 0 %
2026/09/20 11:02:22.961, 0, 948.68 W, 62, 2032 MHz, 3996 MHz, 100 %, 54 %
2026/09/20 11:02:22.962, 1, 936.11 W, 63, 2032 MHz, 3996 MHz, 100 %, 54 %
2026/09/20 11:02:22.962, 2, 667.71 W, 50, 2032 MHz, 3996 MHz, 100 %, 53 %
2026/09/20 11:02:22.962, 3, 808.68 W, 52, 2032 MHz, 3996 MHz, 100 %, 53 %
2026/09/20 11:02:22.962, 4, 183.25 W, 33, 120 MHz, 3996 MHz, 0 %, 0 %
2026/09/20 11:02:22.962, 5, 179.47 W, 31, 120 MHz, 3996 MHz, 0 %, 0 %
2026/09/20 11:02:22.962, 6, 180.14 W, 28, 120 MHz, 3996 MHz, 0 %, 0 %
2026/09/20 11:02:22.962, 7, 184.09 W, 29, 120 MHz, 3996 MHz, 0 %, 0 %
2026/09/20 11:02:23.962, 0, 559.31 W, 54, 2032 MHz, 3996 MHz, 100 %, 27 %
2026/09/20 11:02:23.962, 1, 824.10 W, 59, 2032 MHz, 3996 MHz, 100 %, 11 %
2026/09/20 11:02:23.962, 2, 1057.89 W, 55, 1995 MHz, 3996 MHz, 100 %, 33 %
2026/09/20 11:02:23.962, 3, 547.65 W, 45, 2032 MHz, 3996 MHz, 100 %, 10 %
2026/09/20 11:02:23.962, 4, 183.25 W, 33, 120 MHz, 3996 MHz, 0 %, 0 %
2026/09/20 11:02:23.962, 5, 179.46 W, 31, 120 MHz, 3996 MHz, 0 %, 0 %
2026/09/20 11:02:23.962, 6, 180.10 W, 29, 120 MHz, 3996 MHz, 0 %, 0 %
2026/09/20 11:02:23.962, 7, 184.09 W, 29, 120 MHz, 3996 MHz, 0 %, 0 %
2026/09/20 11:02:24.962, 0, 1052.04 W, 62, 2032 MHz, 3996 MHz, 100 %, 54 %
2026/09/20 11:02:24.962, 1, 946.27 W, 63, 2032 MHz, 3996 MHz, 100 %, 53 %
2026/09/20 11:02:24.962, 2, 692.12 W, 49, 2032 MHz, 3996 MHz, 100 %, 39 %
2026/09/20 11:02:24.962, 3, 706.40 W, 49, 2032 MHz, 3996 MHz, 100 %, 43 %
2026/09/20 11:02:24.962, 4, 183.25 W, 33, 120 MHz, 3996 MHz, 0 %, 0 %
2026/09/20 11:02:24.962, 5, 179.46 W, 31, 120 MHz, 3996 MHz, 0 %, 0 %
2026/09/20 11:02:24.962, 6, 180.11 W, 29, 120 MHz, 3996 MHz, 0 %, 0 %
2026/09/20 11:02:24.962, 7, 184.09 W, 29, 120 MHz, 3996 MHz, 0 %, 0 %
2026/09/20 11:02:25.962, 0, 690.35 W, 57, 2032 MHz, 3996 MHz, 100 %, 13 %
2026/09/20 11:02:25.962, 1, 927.97 W, 63, 2032 MHz, 3996 MHz, 100 %, 27 %
2026/09/20 11:02:25.962, 2, 951.03 W, 55, 1897 MHz, 3996 MHz, 100 %, 36 %
2026/09/20 11:02:25.962, 3, 1041.86 W, 52, 2025 MHz, 3996 MHz, 100 %, 33 %
2026/09/20 11:02:25.962, 4, 183.25 W, 33, 120 MHz, 3996 MHz, 0 %, 0 %
2026/09/20 11:02:25.962, 5, 179.46 W, 31, 120 MHz, 3996 MHz, 0 %, 0 %
2026/09/20 11:02:25.962, 6, 180.11 W, 29, 120 MHz, 3996 MHz, 0 %, 0 %
2026/09/20 11:02:25.963, 7, 184.09 W, 29, 120 MHz, 3996 MHz, 0 %, 0 %
2026/09/20 11:02:26.963, 0, 720.96 W, 56, 2032 MHz, 3996 MHz, 100 %, 11 %
2026/09/20 11:02:26.963, 1, 910.97 W, 66, 1665 MHz, 3996 MHz, 100 %, 33 %
2026/09/20 11:02:26.963, 2, 787.26 W, 46, 2032 MHz, 3996 MHz, 100 %, 10 %
2026/09/20 11:02:26.963, 3, 833.10 W, 47, 2032 MHz, 3996 MHz, 100 %, 10 %
2026/09/20 11:02:26.963, 4, 183.25 W, 33, 120 MHz, 3996 MHz, 0 %, 0 %
2026/09/20 11:02:26.963, 5, 179.47 W, 31, 120 MHz, 3996 MHz, 0 %, 0 %
2026/09/20 11:02:26.963, 6, 180.13 W, 29, 120 MHz, 3996 MHz, 0 %, 0 %
2026/09/20 11:02:26.963, 7, 184.09 W, 29, 120 MHz, 3996 MHz, 0 %, 0 %
2026/09/20 11:02:27.963, 0, 973.21 W, 65, 1897 MHz, 3996 MHz, 100 %, 36 %
2026/09/20 11:02:27.963, 1, 813.92 W, 65, 1860 MHz, 3996 MHz, 100 %, 36 %
2026/09/20 11:02:27.963, 2, 872.19 W, 49, 2032 MHz, 3996 MHz, 100 %, 36 %
2026/09/20 11:02:27.963, 3, 623.44 W, 47, 2032 MHz, 3996 MHz, 100 %, 31 %
2026/09/20 11:02:27.963, 4, 183.25 W, 33, 120 MHz, 3996 MHz, 0 %, 0 %
2026/09/20 11:02:27.963, 5, 179.47 W, 31, 120 MHz, 3996 MHz, 0 %, 0 %
2026/09/20 11:02:27.963, 6, 180.13 W, 29, 120 MHz, 3996 MHz, 0 %, 0 %
2026/09/20 11:02:27.963, 7, 184.09 W, 29, 120 MHz, 3996 MHz, 0 %, 0 %
2026/09/20 11:02:28.963, 0, 1049.49 W, 66, 1702 MHz, 3996 MHz, 100 %, 33 %
2026/09/20 11:02:28.963, 1, 664.75 W, 57, 2032 MHz, 3996 MHz, 100 %, 11 %
2026/09/20 11:02:28.963, 2, 782.57 W, 48, 2032 MHz, 3996 MHz, 100 %, 15 %
2026/09/20 11:02:28.963, 3, 532.57 W, 44, 2032 MHz, 3996 MHz, 100 %, 13 %
2026/09/20 11:02:28.963, 4, 183.25 W, 33, 120 MHz, 3996 MHz, 0 %, 0 %
2026/09/20 11:02:28.963, 5, 179.47 W, 31, 120 MHz, 3996 MHz, 0 %, 0 %
2026/09/20 11:02:28.963, 6, 180.14 W, 29, 120 MHz, 3996 MHz, 0 %, 0 %
2026/09/20 11:02:28.963, 7, 184.09 W, 29, 120 MHz, 3996 MHz, 0 %, 0 %
2026/09/20 11:02:29.963, 0, 845.63 W, 57, 2032 MHz, 3996 MHz, 100 %, 15 %
2026/09/20 11:02:29.963, 1, 684.43 W, 65, 1732 MHz, 3996 MHz, 100 %, 34 %
2026/09/20 11:02:29.963, 2, 669.38 W, 54, 1957 MHz, 3996 MHz, 100 %, 32 %
2026/09/20 11:02:29.963, 3, 466.28 W, 45, 2032 MHz, 3996 MHz, 100 %, 14 %
2026/09/20 11:02:29.963, 4, 183.25 W, 33, 120 MHz, 3996 MHz, 0 %, 0 %
2026/09/20 11:02:29.964, 5, 179.47 W, 31, 120 MHz, 3996 MHz, 0 %, 0 %
2026/09/20 11:02:29.964, 6, 180.18 W, 29, 120 MHz, 3996 MHz, 0 %, 0 %
2026/09/20 11:02:29.964, 7, 184.09 W, 29, 120 MHz, 3996 MHz, 0 %, 0 %
2026/09/20 11:02:30.964, 0, 957.48 W, 61, 2032 MHz, 3996 MHz, 100 %, 12 %
2026/09/20 11:02:30.964, 1, 735.69 W, 61, 2032 MHz, 3996 MHz, 100 %, 14 %
2026/09/20 11:02:30.964, 2, 721.77 W, 49, 2032 MHz, 3996 MHz, 100 %, 18 %
2026/09/20 11:02:30.964, 3, 995.43 W, 55, 1785 MHz, 3996 MHz, 100 %, 37 %
2026/09/20 11:02:30.964, 4, 183.25 W, 33, 120 MHz, 3996 MHz, 0 %, 0 %
2026/09/20 11:02:30.964, 5, 179.47 W, 31, 120 MHz, 3996 MHz, 0 %, 0 %
2026/09/20 11:02:30.964, 6, 180.14 W, 29, 120 MHz, 3996 MHz, 0 %, 0 %
2026/09/20 11:02:30.964, 7, 184.09 W, 29, 120 MHz, 3996 MHz, 0 %, 0 %
2026/09/20 11:02:31.964, 0, 545.79 W, 54, 2032 MHz, 3996 MHz, 100 %, 11 %
2026/09/20 11:02:31.964, 1, 1016.74 W, 67, 1680 MHz, 3996 MHz, 100 %, 32 %
2026/09/20 11:02:31.964, 2, 798.17 W, 46, 2032 MHz, 3996 MHz, 100 %, 10 %
2026/09/20 11:02:31.964, 3, 594.59 W, 44, 2032 MHz, 3996 MHz, 100 %, 10 %
2026/09/20 11:02:31.964, 4, 183.25 W, 33, 120 MHz, 3996 MHz, 0 %, 0 %
2026/09/20 11:02:31.964, 5, 179.51 W, 31, 120 MHz, 3996 MHz, 0 %, 0 %
2026/09/20 11:02:31.964, 6, 180.13 W, 29, 120 MHz, 3996 MHz, 0 %, 0 %
2026/09/20 11:02:31.964, 7, 184.09 W, 29, 120 MHz, 3996 MHz, 0 %, 0 %
2026/09/20 11:02:32.964, 0, 473.87 W, 54, 2032 MHz, 3996 MHz, 100 %, 11 %
2026/09/20 11:02:32.964, 1, 523.47 W, 56, 2032 MHz, 3996 MHz, 100 %, 11 %
2026/09/20 11:02:32.964, 2, 532.49 W, 51, 1905 MHz, 3996 MHz, 100 %, 19 %
2026/09/20 11:02:32.964, 3, 966.62 W, 49, 2025 MHz, 3996 MHz, 100 %, 22 %
2026/09/20 11:02:32.964, 4, 183.25 W, 33, 120 MHz, 3996 MHz, 0 %, 0 %
2026/09/20 11:02:32.964, 5, 179.46 W, 31, 120 MHz, 3996 MHz, 0 %, 0 %
2026/09/20 11:02:32.964, 6, 180.12 W, 29, 120 MHz, 3996 MHz, 0 %, 0 %
2026/09/20 11:02:32.964, 7, 184.09 W, 29, 120 MHz, 3996 MHz, 0 %, 0 %
2026/09/20 11:02:33.964, 0, 885.98 W, 61, 2032 MHz, 3996 MHz, 100 %, 53 %
2026/09/20 11:02:33.965, 1, 603.28 W, 60, 2032 MHz, 3996 MHz, 100 %, 54 %
2026/09/20 11:02:33.965, 2, 776.49 W, 50, 2032 MHz, 3996 MHz, 99 %, 53 %
2026/09/20 11:02:33.965, 3, 592.94 W, 50, 2032 MHz, 3996 MHz, 100 %, 53 %
2026/09/20 11:02:33.965, 4, 183.25 W, 33, 120 MHz, 3996 MHz, 0 %, 0 %
2026/09/20 11:02:33.965, 5, 179.46 W, 31, 120 MHz, 3996 MHz, 0 %, 0 %
2026/09/20 11:02:33.965, 6, 180.15 W, 29, 120 MHz, 3996 MHz, 0 %, 0 %
2026/09/20 11:02:33.965, 7, 184.09 W, 29, 120 MHz, 3996 MHz, 0 %, 0 %
2026/09/20 11:02:34.965, 0, 729.71 W, 62, 1905 MHz, 3996 MHz, 100 %, 35 %
2026/09/20 11:02:34.965, 1, 778.84 W, 58, 2032 MHz, 3996 MHz, 100 %, 15 %
2026/09/20 11:02:34.965, 2, 883.12 W, 48, 2032 MHz, 3996 MHz, 100 %, 32 %
2026/09/20 11:02:34.965, 3, 705.84 W, 52, 1972 MHz, 3996 MHz, 100 %, 41 %
2026/09/20 11:02:34.965, 4, 183.25 W, 33, 120 MHz, 3996 MHz, 0 %, 0 %
2026/09/20 11:02:34.965, 5, 179.47 W, 31, 120 MHz, 3996 MHz, 0 %, 0 %
2026/09/20 11:02:34.965, 6, 180.12 W, 29, 120 MHz, 3996 MHz, 0 %, 0 %
2026/09/20 11:02:34.965, 7, 184.09 W, 29, 120 MHz, 3996 MHz, 0 %, 0 %
2026/09/20 11:02:35.965, 0, 710.84 W, 54, 2032 MHz, 3996 MHz, 100 %, 10 %
2026/09/20 11:02:35.965, 1, 561.22 W, 55, 2032 MHz, 3996 MHz, 100 %, 11 %
2026/09/20 11:02:35.965, 2, 891.25 W, 55, 1672 MHz, 3996 MHz, 100 %, 33 %
2026/09/20 11:02:35.965, 3, 713.84 W, 45, 2032 MHz, 3996 MHz, 100 %, 10 %
2026/09/20 11:02:35.965, 4, 183.25 W, 33, 120 MHz, 3996 MHz, 0 %, 0 %
2026/09/20 11:02:35.965, 5, 179.50 W, 31, 120 MHz, 3996 MHz, 0 %, 0 %
2026/09/20 11:02:35.965, 6, 180.14 W, 29, 120 MHz, 3996 MHz, 0 %, 0 %
2026/09/20 11:02:35.965, 7, 184.09 W, 29, 120 MHz, 3996 MHz, 0 %, 0 %
2026/09/20 11:02:36.965, 0, 864.64 W, 61, 2032 MHz, 3996 MHz, 100 %, 13 %
2026/09/20 11:02:36.965, 1, 890.13 W, 64, 1687 MHz, 3996 MHz, 100 %, 42 %
2026/09/20 11:02:36.965, 2, 757.31 W, 49, 2032 MHz, 3996 MHz, 100 %, 37 %
2026/09/20 11:02:36.966, 3, 870.18 W, 51, 2032 MHz, 3996 MHz, 100 %, 36 %
2026/09/20 11:02:36.966, 4, 183.25 W, 33, 120 MHz, 3996 MHz, 0 %, 0 %
2026/09/20 11:02:36.966, 5, 179.51 W, 31, 120 MHz, 3996 MHz, 0 %, 0 %
2026/09/20 11:02:36.966, 6, 180.15 W, 29, 120 MHz, 3996 MHz, 0 %, 0 %
2026/09/20 11:02:36.966, 7, 184.09 W, 29, 120 MHz, 3996 MHz, 0 %, 0 %
2026/09/20 11:02:37.966, 0, 910.31 W, 59, 2025 MHz, 3996 MHz, 100 %, 11 %
2026/09/20 11:02:37.966, 1, 729.39 W, 57, 2032 MHz, 3996 MHz, 100 %, 11 %
2026/09/20 11:02:37.966, 2, 704.74 W, 52, 1792 MHz, 3996 MHz, 100 %, 20 %
2026/09/20 11:02:37.966, 3, 883.24 W, 49, 2032 MHz, 3996 MHz, 100 %, 21 %
2026/09/20 11:02:37.966, 4, 183.25 W, 33, 120 MHz, 3996 MHz, 0 %, 0 %
2026/09/20 11:02:37.966, 5, 179.50 W, 31, 120 MHz, 3996 MHz, 0 %, 0 %
2026/09/20 11:02:37.966, 6, 180.15 W, 29, 120 MHz, 3996 MHz, 0 %, 0 %
2026/09/20 11:02:37.966, 7, 184.09 W, 29, 120 MHz, 3996 MHz, 0 %, 0 %
2026/09/20 11:02:38.966, 0, 888.39 W, 63, 2032 MHz, 3996 MHz, 100 %, 47 %
2026/09/20 11:02:38.966, 1, 606.91 W, 60, 2032 MHz, 3996 MHz, 100 %, 52 %
2026/09/20 11:02:38.966, 2, 787.35 W, 50, 2032 MHz, 3996 MHz, 100 %, 53 %
2026/09/20 11:02:38.966, 3, 841.90 W, 52, 2032 MHz, 3996 MHz, 100 %, 52 %
2026/09/20 11:02:38.966, 4, 183.25 W, 33, 120 MHz, 3996 MHz, 0 %, 0 %
2026/09/20 11:02:38.966, 5, 179.46 W, 31, 120 MHz, 3996 MHz, 0 %, 0 %
2026/09/20 11:02:38.966, 6, 180.19 W, 29, 120 MHz, 3996 MHz, 0 %, 0 %
2026/09/20 11:02:38.966, 7, 184.09 W, 29, 120 MHz, 3996 MHz, 0 %, 0 %
2026/09/20 11:02:39.966, 0, 907.00 W, 58, 2032 MHz, 3996 MHz, 100 %, 14 %
2026/09/20 11:02:39.966, 1, 814.84 W, 60, 2032 MHz, 3996 MHz, 100 %, 15 %
2026/09/20 11:02:39.966, 2, 894.65 W, 55, 1942 MHz, 3996 MHz, 100 %, 34 %
2026/09/20 11:02:39.966, 3, 908.59 W, 56, 1890 MHz, 3996 MHz, 100 %, 35 %
2026/09/20 11:02:39.966, 4, 183.25 W, 33, 120 MHz, 3996 MHz, 0 %, 0 %
2026/09/20 11:02:39.966, 5, 179.47 W, 31, 120 MHz, 3996 MHz, 0 %, 0 %
2026/09/20 11:02:39.966, 6, 180.20 W, 29, 120 MHz, 3996 MHz, 0 %, 0 %
2026/09/20 11:02:39.966, 7, 184.09 W, 29, 120 MHz, 3996 MHz, 0 %, 0 %
2026/09/20 11:02:40.967, 0, 859.61 W, 65, 1897 MHz, 3996 MHz, 100 %, 35 %
2026/09/20 11:02:40.967, 1, 823.65 W, 65, 1972 MHz, 3996 MHz, 100 %, 32 %
2026/09/20 11:02:40.967, 2, 887.27 W, 49, 2032 MHz, 3996 MHz, 100 %, 18 %
2026/09/20 11:02:40.967, 3, 951.34 W, 56, 1905 MHz, 3996 MHz, 100 %, 35 %
2026/09/20 11:02:40.967, 4, 183.25 W, 33, 120 MHz, 3996 MHz, 0 %, 0 %
2026/09/20 11:02:40.967, 5, 179.47 W, 31, 120 MHz, 3996 MHz, 0 %, 0 %
2026/09/20 11:02:40.967, 6, 180.15 W, 29, 120 MHz, 3996 MHz, 0 %, 0 %
2026/09/20 11:02:40.967, 7, 184.09 W, 29, 120 MHz, 3996 MHz, 0 %, 0 %
2026/09/20 11:02:41.967, 0, 989.76 W, 61, 2032 MHz, 3996 MHz, 100 %, 13 %
2026/09/20 11:02:41.967, 1, 846.46 W, 64, 1672 MHz, 3996 MHz, 100 %, 42 %
2026/09/20 11:02:41.967, 2, 687.56 W, 49, 2032 MHz, 3996 MHz, 100 %, 42 %
2026/09/20 11:02:41.967, 3, 983.28 W, 52, 2032 MHz, 3996 MHz, 100 %, 37 %
2026/09/20 11:02:41.967, 4, 183.25 W, 33, 120 MHz, 3996 MHz, 0 %, 0 %
2026/09/20 11:02:41.967, 5, 179.46 W, 31, 120 MHz, 3996 MHz, 0 %, 0 %
2026/09/20 11:02:41.967, 6, 180.17 W, 29, 120 MHz, 3996 MHz, 0 %, 0 %
2026/09/20 11:02:41.967, 7, 184.09 W, 29, 120 MHz, 3996 MHz, 0 %, 0 %
2026/09/20 11:02:42.967, 0, 722.39 W, 60, 1905 MHz, 3996 MHz, 100 %, 43 %
2026/09/20 11:02:42.967, 1, 784.61 W, 57, 2032 MHz, 3996 MHz, 100 %, 32 %
2026/09/20 11:02:42.967, 2, 945.00 W, 53, 2010 MHz, 3996 MHz, 100 %, 35 %
2026/09/20 11:02:42.967, 3, 942.59 W, 52, 2017 MHz, 3996 MHz, 100 %, 36 %
2026/09/20 11:02:42.967, 4, 183.25 W, 33, 120 MHz, 3996 MHz, 0 %, 0 %
2026/09/20 11:02:42.967, 5, 179.47 W, 31, 120 MHz, 3996 MHz, 0 %, 0 %
2026/09/20 11:02:42.967, 6, 180.21 W, 29, 120 MHz, 3996 MHz, 0 %, 0 %
2026/09/20 11:02:42.967, 7, 184.09 W, 29, 120 MHz, 3996 MHz, 0 %, 0 %
2026/09/20 11:02:43.967, 0, 913.30 W, 58, 2032 MHz, 3996 MHz, 100 %, 10 %
2026/09/20 11:02:43.967, 1, 449.76 W, 55, 2032 MHz, 3996 MHz, 100 %, 10 %
2026/09/20 11:02:43.967, 2, 593.88 W, 54, 1740 MHz, 3996 MHz, 100 %, 34 %
2026/09/20 11:02:43.967, 3, 436.27 W, 45, 2032 MHz, 3996 MHz, 100 %, 10 %
2026/09/20 11:02:43.967, 4, 183.25 W, 33, 120 MHz, 3996 MHz, 0 %, 0 %
2026/09/20 11:02:43.968, 5, 179.47 W, 31, 120 MHz, 3996 MHz, 0 %, 0 %
2026/09/20 11:02:43.968, 6, 180.24 W, 29, 120 MHz, 3996 MHz, 0 %, 0 %
2026/09/20 11:02:43.968, 7, 184.09 W, 29, 120 MHz, 3996 MHz, 0 %, 0 %
2026/09/20 11:02:44.968, 0, 747.99 W, 64, 1830 MHz, 3996 MHz, 100 %, 34 %
2026/09/20 11:02:44.968, 1, 845.14 W, 59, 2032 MHz, 3996 MHz, 100 %, 10 %
2026/09/20 11:02:44.968, 2, 683.35 W, 46, 2032 MHz, 3996 MHz, 100 %, 10 %
2026/09/20 11:02:44.968, 3, 839.05 W, 47, 2032 MHz, 3996 MHz, 100 %, 11 %
2026/09/20 11:02:44.968, 4, 183.25 W, 33, 120 MHz, 3996 MHz, 0 %, 0 %
2026/09/20 11:02:44.968, 5, 179.47 W, 31, 120 MHz, 3996 MHz, 0 %, 0 %
2026/09/20 11:02:44.968, 6, 180.16 W, 29, 120 MHz, 3996 MHz, 0 %, 0 %
2026/09/20 11:02:44.968, 7, 184.09 W, 29, 120 MHz, 3996 MHz, 0 %, 0 %
2026/09/20 11:02:45.968, 0, 944.87 W, 66, 1980 MHz, 3996 MHz, 100 %, 32 %
2026/09/20 11:02:45.968, 1, 805.57 W, 65, 1897 MHz, 3996 MHz, 100 %, 35 %
2026/09/20 11:02:45.968, 2, 803.10 W, 48, 2032 MHz, 3996 MHz, 100 %, 18 %
2026/09/20 11:02:45.968, 3, 801.87 W, 55, 1942 MHz, 3996 MHz, 100 %, 35 %
2026/09/20 11:02:45.968, 4, 183.25 W, 33, 120 MHz, 3996 MHz, 0 %, 0 %
2026/09/20 11:02:45.968, 5, 179.47 W, 31, 120 MHz, 3996 MHz, 0 %, 0 %
2026/09/20 11:02:45.968, 6, 180.16 W, 29, 120 MHz, 3996 MHz, 0 %, 0 %
2026/09/20 11:02:45.968, 7, 184.09 W, 29, 120 MHz, 3996 MHz, 0 %, 0 %
2026/09/20 11:02:46.968, 0, 938.73 W, 65, 1897 MHz, 3996 MHz, 100 %, 38 %
2026/09/20 11:02:46.968, 1, 900.26 W, 63, 2032 MHz, 3996 MHz, 100 %, 36 %
2026/09/20 11:02:46.968, 2, 849.18 W, 51, 2010 MHz, 3996 MHz, 100 %, 41 %
2026/09/20 11:02:46.968, 3, 926.84 W, 55, 1935 MHz, 3996 MHz, 100 %, 33 %
2026/09/20 11:02:46.968, 4, 183.25 W, 33, 120 MHz, 3996 MHz, 0 %, 0 %
2026/09/20 11:02:46.968, 5, 179.51 W, 31, 120 MHz, 3996 MHz, 0 %, 0 %
2026/09/20 11:02:46.968, 6, 180.16 W, 29, 120 MHz, 3996 MHz, 0 %, 0 %
2026/09/20 11:02:46.968, 7, 184.09 W, 29, 120 MHz, 3996 MHz, 0 %, 0 %
2026/09/20 11:02:47.968, 0, 914.58 W, 58, 2032 MHz, 3996 MHz, 100 %, 11 %
2026/09/20 11:02:47.969, 1, 718.59 W, 59, 2032 MHz, 3996 MHz, 100 %, 11 %
2026/09/20 11:02:47.969, 2, 797.65 W, 55, 1747 MHz, 3996 MHz, 100 %, 39 %
2026/09/20 11:02:47.969, 3, 909.70 W, 49, 2032 MHz, 3996 MHz, 100 %, 15 %
2026/09/20 11:02:47.969, 4, 183.25 W, 33, 120 MHz, 3996 MHz, 0 %, 0 %
2026/09/20 11:02:47.969, 5, 179.47 W, 31, 120 MHz, 3996 MHz, 0 %, 0 %
2026/09/20 11:02:47.969, 6, 180.17 W, 29, 120 MHz, 3996 MHz, 0 %, 0 %
2026/09/20 11:02:47.969, 7, 184.09 W, 29, 120 MHz, 3996 MHz, 0 %, 0 %
2026/09/20 11:02:48.969, 0, 650.24 W, 60, 2032 MHz, 3996 MHz, 100 %, 51 %
2026/09/20 11:02:48.969, 1, 873.50 W, 66, 1957 MHz, 3996 MHz, 100 %, 41 %
2026/09/20 11:02:48.969, 2, 774.88 W, 49, 2032 MHz, 3996 MHz, 100 %, 14 %
2026/09/20 11:02:48.969, 3, 884.29 W, 54, 2032 MHz, 3996 MHz, 100 %, 35 %
2026/09/20 11:02:48.969, 4, 183.25 W, 34, 120 MHz, 3996 MHz, 0 %, 0 %
2026/09/20 11:02:48.969, 5, 179.46 W, 31, 120 MHz, 3996 MHz, 0 %, 0 %
2026/09/20 11:02:48.969, 6, 180.19 W, 29, 120 MHz, 3996 MHz, 0 %, 0 %
2026/09/20 11:02:48.969, 7, 184.09 W, 29, 120 MHz, 3996 MHz, 0 %, 0 %
2026/09/20 11:02:49.969, 0, 1016.67 W, 63, 2032 MHz, 3996 MHz, 100 %, 53 %
2026/09/20 11:02:49.969, 1, 1012.10 W, 64, 2032 MHz, 3996 MHz, 100 %, 53 %
2026/09/20 11:02:49.969, 2, 733.94 W, 50, 2032 MHz, 3996 MHz, 99 %, 53 %
2026/09/20 11:02:49.969, 3, 739.44 W, 52, 2032 MHz, 3996 MHz, 99 %, 53 %
2026/09/20 11:02:49.969, 4, 183.25 W, 34, 120 MHz, 3996 MHz, 0 %, 0 %
2026/09/20 11:02:49.969, 5, 179.47 W, 31, 120 MHz, 3996 MHz, 0 %, 0 %
2026/09/20 11:02:49.969, 6, 180.18 W, 29, 120 MHz, 3996 MHz, 0 %, 0 %
2026/09/20 11:02:49.969, 7, 184.09 W, 29, 120 MHz, 3996 MHz, 0 %, 0 %
2026/09/20 11:02:50.969, 0, 754.90 W, 62, 2032 MHz, 3996 MHz, 99 %, 53 %
2026/09/20 11:02:50.969, 1, 1021.23 W, 64, 2032 MHz, 3996 MHz, 100 %, 53 %
2026/09/20 11:02:50.969, 2, 1005.38 W, 52, 2032 MHz, 3996 MHz, 99 %, 53 %
2026/09/20 11:02:50.969, 3, 735.67 W, 52, 2032 MHz, 3996 MHz, 100 %, 53 %
2026/09/20 11:02:50.969, 4, 183.25 W, 34, 120 MHz, 3996 MHz, 0 %, 0 %
2026/09/20 11:02:50.969, 5, 179.47 W, 31, 120 MHz, 3996 MHz, 0 %, 0 %
2026/09/20 11:02:50.969, 6, 180.15 W, 29, 120 MHz, 3996 MHz, 0 %, 0 %
2026/09/20 11:02:50.969, 7, 184.09 W, 29, 120 MHz, 3996 MHz, 0 %, 0 %
2026/09/20 11:02:51.970, 0, 938.34 W, 60, 2032 MHz, 3996 MHz, 100 %, 10 %
2026/09/20 11:02:51.970, 1, 1039.16 W, 68, 1717 MHz, 3996 MHz, 100 %, 34 %
2026/09/20 11:02:51.970, 2, 663.72 W, 46, 2032 MHz, 3996 MHz, 100 %, 26 %
2026/09/20 11:02:51.970, 3, 666.23 W, 46, 2032 MHz, 3996 MHz, 100 %, 23 %
2026/09/20 11:02:51.970, 4, 183.25 W, 34, 120 MHz, 3996 MHz, 0 %, 0 %
2026/09/20 11:02:51.970, 5, 179.50 W, 31, 120 MHz, 3996 MHz, 0 %, 0 %
2026/09/20 11:02:51.970, 6, 180.23 W, 29, 120 MHz, 3996 MHz, 0 %, 0 %
2026/09/20 11:02:51.970, 7, 184.09 W, 29, 120 MHz, 3996 MHz, 0 %, 0 %
2026/09/20 11:02:52.970, 0, 644.75 W, 57, 2032 MHz, 3996 MHz, 100 %, 11 %
2026/09/20 11:02:52.970, 1, 821.47 W, 58, 2032 MHz, 3996 MHz, 100 %, 10 %
2026/09/20 11:02:52.970, 2, 847.45 W, 55, 1680 MHz, 3996 MHz, 100 %, 33 %
2026/09/20 11:02:52.970, 3, 628.09 W, 45, 2032 MHz, 3996 MHz, 100 %, 10 %
2026/09/20 11:02:52.970, 4, 183.25 W, 34, 120 MHz, 3996 MHz, 0 %, 0 %
2026/09/20 11:02:52.970, 5, 179.51 W, 31, 120 MHz, 3996 MHz, 0 %, 0 %
2026/09/20 11:02:52.970, 6, 180.21 W, 29, 120 MHz, 3996 MHz, 0 %, 0 %
2026/09/20 11:02:52.970, 7, 184.09 W, 29, 120 MHz, 3996 MHz, 0 %, 0 %
2026/09/20 11:02:53.970, 0, 817.70 W, 65, 1912 MHz, 3996 MHz, 100 %, 38 %
2026/09/20 11:02:53.970, 1, 782.03 W, 64, 1905 MHz, 3996 MHz, 100 %, 32 %
2026/09/20 11:02:53.970, 2, 564.75 W, 45, 2032 MHz, 3996 MHz, 100 %, 14 %
2026/09/20 11:02:53.970, 3, 801.17 W, 47, 2032 MHz, 3996 MHz, 100 %, 15 %
2026/09/20 11:02:53.970, 4, 183.25 W, 34, 120 MHz, 3996 MHz, 0 %, 0 %
2026/09/20 11:02:53.970, 5, 179.50 W, 31, 120 MHz, 3996 MHz, 0 %, 0 %
2026/09/20 11:02:53.970, 6, 180.17 W, 29, 120 MHz, 3996 MHz, 0 %, 0 %
2026/09/20 11:02:53.970, 7, 184.09 W, 29, 120 MHz, 3996 MHz, 0 %, 0 %
2026/09/20 11:02:54.970, 0, 646.93 W, 57, 2032 MHz, 3996 MHz, 100 %, 10 %
2026/09/20 11:02:54.970, 1, 1046.84 W, 68, 1687 MHz, 3996 MHz, 100 %, 33 %
2026/09/20 11:02:54.970, 2, 888.87 W, 47, 2032 MHz, 3996 MHz, 100 %, 10 %
2026/09/20 11:02:54.970, 3, 884.47 W, 48, 2032 MHz, 3996 MHz, 100 %, 10 %
2026/09/20 11:02:54.970, 4, 183.25 W, 34, 120 MHz, 3996 MHz, 0 %, 0 %
2026/09/20 11:02:54.971, 5, 179.47 W, 31, 120 MHz, 3996 MHz, 0 %, 0 %
2026/09/20 11:02:54.971, 6, 180.24 W, 29, 120 MHz, 3996 MHz, 0 %, 0 %
2026/09/20 11:02:54.971, 7, 184.09 W, 29, 120 MHz, 3996 MHz, 0 %, 0 %
2026/09/20 11:02:55.971, 0, 866.72 W, 66, 1852 MHz, 3996 MHz, 100 %, 34 %
2026/09/20 11:02:55.971, 1, 884.25 W, 63, 2032 MHz, 3996 MHz, 100 %, 13 %
2026/09/20 11:02:55.971, 2, 876.01 W, 50, 2032 MHz, 3996 MHz, 100 %, 20 %
2026/09/20 11:02:55.971, 3, 753.54 W, 51, 2032 MHz, 3996 MHz, 100 %, 15 %
2026/09/20 11:02:55.971, 4, 183.25 W, 34, 120 MHz, 3996 MHz, 0 %, 0 %
2026/09/20 11:02:55.971, 5, 179.50 W, 31, 120 MHz, 3996 MHz, 0 %, 0 %
2026/09/20 11:02:55.971, 6, 180.19 W, 29, 120 MHz, 3996 MHz, 0 %, 0 %
2026/09/20 11:02:55.971, 7, 184.09 W, 29, 120 MHz, 3996 MHz, 0 %, 0 %
2026/09/20 11:02:56.971, 0, 879.15 W, 59, 2032 MHz, 3996 MHz, 100 %, 14 %
2026/09/20 11:02:56.971, 1, 900.14 W, 67, 1800 MHz, 3996 MHz, 100 %, 35 %
2026/09/20 11:02:56.971, 2, 722.18 W, 47, 2032 MHz, 3996 MHz, 100 %, 14 %
2026/09/20 11:02:56.971, 3, 881.56 W, 55, 2002 MHz, 3996 MHz, 100 %, 31 %
2026/09/20 11:02:56.971, 4, 183.25 W, 34, 120 MHz, 3996 MHz, 0 %, 0 %
2026/09/20 11:02:56.971, 5, 179.54 W, 31, 120 MHz, 3996 MHz, 0 %, 0 %
2026/09/20 11:02:56.971, 6, 180.24 W, 29, 120 MHz, 3996 MHz, 0 %, 0 %
2026/09/20 11:02:56.971, 7, 184.09 W, 29, 120 MHz, 3996 MHz, 0 %, 0 %
2026/09/20 11:02:57.971, 0, 640.42 W, 58, 2032 MHz, 3996 MHz, 100 %, 10 %
2026/09/20 11:02:57.971, 1, 762.77 W, 59, 2032 MHz, 3996 MHz, 100 %, 30 %
2026/09/20 11:02:57.971, 2, 860.30 W, 49, 2032 MHz, 3996 MHz, 100 %, 47 %
2026/09/20 11:02:57.971, 3, 1041.57 W, 57, 1815 MHz, 3996 MHz, 100 %, 35 %
2026/09/20 11:02:57.971, 4, 183.25 W, 34, 120 MHz, 3996 MHz, 0 %, 0 %
2026/09/20 11:02:57.971, 5, 179.47 W, 31, 120 MHz, 3996 MHz, 0 %, 0 %
2026/09/20 11:02:57.971, 6, 180.18 W, 29, 120 MHz, 3996 MHz, 0 %, 0 %
2026/09/20 11:02:57.971, 7, 184.09 W, 29, 120 MHz, 3996 MHz, 0 %, 0 %
2026/09/20 11:02:58.971, 0, 773.60 W, 65, 1980 MHz, 3996 MHz, 100 %, 32 %
2026/09/20 11:02:58.972, 1, 803.30 W, 60, 2032 MHz, 3996 MHz, 100 %, 19 %
2026/09/20 11:02:58.972, 2, 654.66 W, 48, 2032 MHz, 3996 MHz, 100 %, 35 %
2026/09/20 11:02:58.972, 3, 937.36 W, 56, 1912 MHz, 3996 MHz, 100 %, 35 %
2026/09/20 11:02:58.972, 4, 183.25 W, 34, 120 MHz, 3996 MHz, 0 %, 0 %
2026/09/20 11:02:58.972, 5, 179.50 W, 31, 120 MHz, 3996 MHz, 0 %, 0 %
2026/09/20 11:02:58.972, 6, 180.16 W, 29, 120 MHz, 3996 MHz, 0 %, 0 %
2026/09/20 11:02:58.972, 7, 184.09 W, 29, 120 MHz, 3996 MHz, 0 %, 0 %
2026/09/20 11:02:59.972, 0, 1029.78 W, 65, 2032 MHz, 3996 MHz, 100 %, 43 %
2026/09/20 11:02:59.972, 1, 871.30 W, 65, 1935 MHz, 3996 MHz, 100 %, 34 %
2026/09/20 11:02:59.972, 2, 600.62 W, 45, 2032 MHz, 3996 MHz, 100 %, 14 %
2026/09/20 11:02:59.972, 3, 783.21 W, 50, 2032 MHz, 3996 MHz, 100 %, 43 %
2026/09/20 11:02:59.972, 4, 183.25 W, 34, 120 MHz, 3996 MHz, 0 %, 0 %
2026/09/20 11:02:59.972, 5, 179.62 W, 31, 120 MHz, 3996 MHz, 0 %, 0 %
2026/09/20 11:02:59.972, 6, 180.15 W, 29, 120 MHz, 3996 MHz, 0 %, 0 %
2026/09/20 11:02:59.972, 7, 184.09 W, 29, 120 MHz, 3996 MHz, 0 %, 0 %
2026/09/20 11:03:00.972, 0, 966.92 W, 67, 1680 MHz, 3996 MHz, 100 %, 33 %
2026/09/20 11:03:00.972, 1, 714.32 W, 57, 2032 MHz, 3996 MHz, 100 %, 10 %
2026/09/20 11:03:00.972, 2, 676.51 W, 45, 2032 MHz, 3996 MHz, 100 %, 10 %
2026/09/20 11:03:00.972, 3, 801.36 W, 47, 2032 MHz, 3996 MHz, 100 %, 13 %
2026/09/20 11:03:00.972, 4, 183.25 W, 34, 120 MHz, 3996 MHz, 0 %, 0 %
2026/09/20 11:03:00.972, 5, 179.54 W, 31, 120 MHz, 3996 MHz, 0 %, 0 %
2026/09/20 11:03:00.972, 6, 180.21 W, 29, 120 MHz, 3996 MHz, 0 %, 0 %
2026/09/20 11:03:00.972, 7, 184.09 W, 29, 120 MHz, 3996 MHz, 0 %, 0 %
2026/09/20 11:03:01.972, 0, 795.47 W, 61, 2032 MHz, 3996 MHz, 100 %, 13 %
2026/09/20 11:03:01.972, 1, 895.67 W, 62, 2032 MHz, 3996 MHz, 100 %, 32 %
2026/09/20 11:03:01.972, 2, 884.57 W, 51, 2032 MHz, 3996 MHz, 100 %, 41 %
2026/09/20 11:03:01.972, 3, 821.22 W, 55, 1785 MHz, 3996 MHz, 100 %, 36 %
2026/09/20 11:03:01.972, 4, 183.25 W, 34, 120 MHz, 3996 MHz, 0 %, 0 %
2026/09/20 11:03:01.972, 5, 179.54 W, 31, 120 MHz, 3996 MHz, 0 %, 0 %
2026/09/20 11:03:01.972, 6, 180.15 W, 29, 120 MHz, 3996 MHz, 0 %, 0 %
2026/09/20 11:03:01.972, 7, 184.09 W, 29, 120 MHz, 3996 MHz, 0 %, 0 %
2026/09/20 11:03:02.973, 0, 947.72 W, 64, 2032 MHz, 3996 MHz, 100 %, 34 %
2026/09/20 11:03:02.973, 1, 955.09 W, 62, 1987 MHz, 3996 MHz, 100 %, 41 %
2026/09/20 11:03:02.973, 2, 709.49 W, 48, 2032 MHz, 3996 MHz, 100 %, 16 %
2026/09/20 11:03:02.973, 3, 792.17 W, 53, 2032 MHz, 3996 MHz, 100 %, 41 %
2026/09/20 11:03:02.973, 4, 183.25 W, 34, 120 MHz, 3996 MHz, 0 %, 0 %
2026/09/20 11:03:02.973, 5, 179.46 W, 31, 120 MHz, 3996 MHz, 0 %, 0 %
2026/09/20 11:03:02.973, 6, 180.16 W, 29, 120 MHz, 3996 MHz, 0 %, 0 %
2026/09/20 11:03:02.973, 7, 184.09 W, 29, 120 MHz, 3996 MHz, 0 %, 0 %
2026/09/20 11:03:03.973, 0, 845.18 W, 66, 1830 MHz, 3996 MHz, 100 %, 38 %
2026/09/20 11:03:03.973, 1, 578.07 W, 59, 2032 MHz, 3996 MHz, 100 %, 10 %
2026/09/20 11:03:03.973, 2, 803.66 W, 45, 2032 MHz, 3996 MHz, 100 %, 10 %
2026/09/20 11:03:03.973, 3, 803.06 W, 46, 2032 MHz, 3996 MHz, 100 %, 29 %
2026/09/20 11:03:03.973, 4, 183.25 W, 34, 120 MHz, 3996 MHz, 0 %, 0 %
2026/09/20 11:03:03.973, 5, 179.50 W, 31, 120 MHz, 3996 MHz, 0 %, 0 %
2026/09/20 11:03:03.973, 6, 180.15 W, 29, 120 MHz, 3996 MHz, 0 %, 0 %
2026/09/20 11:03:03.973, 7, 184.09 W, 29, 120 MHz, 3996 MHz, 0 %, 0 %
2026/09/20 11:03:04.973, 0, 709.74 W, 61, 2032 MHz, 3996 MHz, 100 %, 53 %
2026/09/20 11:03:04.973, 1, 938.68 W, 63, 2032 MHz, 3996 MHz, 100 %, 40 %
2026/09/20 11:03:04.973, 2, 932.85 W, 51, 2032 MHz, 3996 MHz, 100 %, 23 %
2026/09/20 11:03:04.973, 3, 812.45 W, 52, 2032 MHz, 3996 MHz, 100 %, 53 %
2026/09/20 11:03:04.973, 4, 183.25 W, 34, 120 MHz, 3996 MHz, 0 %, 0 %
2026/09/20 11:03:04.973, 5, 179.50 W, 31, 120 MHz, 3996 MHz, 0 %, 0 %
2026/09/20 11:03:04.973, 6, 180.15 W, 29, 120 MHz, 3996 MHz, 0 %, 0 %
2026/09/20 11:03:04.973, 7, 184.09 W, 29, 120 MHz, 3996 MHz, 0 %, 0 %
2026/09/20 11:03:05.973, 0, 1048.11 W, 66, 1845 MHz, 3996 MHz, 100 %, 34 %
2026/09/20 11:03:05.973, 1, 956.66 W, 60, 2032 MHz, 3996 MHz, 100 %, 19 %
2026/09/20 11:03:05.973, 2, 949.81 W, 48, 2032 MHz, 3996 MHz, 100 %, 38 %
2026/09/20 11:03:05.974, 3, 711.86 W, 47, 2032 MHz, 3996 MHz, 100 %, 11 %
2026/09/20 11:03:05.974, 4, 183.25 W, 33, 120 MHz, 3996 MHz, 0 %, 0 %
2026/09/20 11:03:05.974, 5, 179.50 W, 31, 120 MHz, 3996 MHz, 0 %, 0 %
2026/09/20 11:03:05.974, 6, 180.20 W, 29, 120 MHz, 3996 MHz, 0 %, 0 %
2026/09/20 11:03:05.974, 7, 184.09 W, 29, 120 MHz, 3996 MHz, 0 %, 0 %
2026/09/20 11:03:06.974, 0, 636.04 W, 57, 2032 MHz, 3996 MHz, 100 %, 15 %
2026/09/20 11:03:06.974, 1, 753.98 W, 59, 2032 MHz, 3996 MHz, 100 %, 14 %
2026/09/20 11:03:06.974, 2, 660.28 W, 53, 1972 MHz, 3996 MHz, 100 %, 33 %
2026/09/20 11:03:06.974, 3, 683.58 W, 54, 1897 MHz, 3996 MHz, 100 %, 34 %
2026/09/20 11:03:06.974, 4, 183.25 W, 33, 120 MHz, 3996 MHz, 0 %, 0 %
2026/09/20 11:03:06.974, 5, 179.50 W, 31, 120 MHz, 3996 MHz, 0 %, 0 %
2026/09/20 11:03:06.974, 6, 180.15 W, 29, 120 MHz, 3996 MHz, 0 %, 0 %
2026/09/20 11:03:06.974, 7, 184.09 W, 29, 120 MHz, 3996 MHz, 0 %, 0 %
2026/09/20 11:03:07.974, 0, 976.05 W, 66, 1822 MHz, 3996 MHz, 100 %, 35 %
2026/09/20 11:03:07.974, 1, 708.64 W, 64, 1972 MHz, 3996 MHz, 100 %, 30 %
2026/09/20 11:03:07.974, 2, 692.06 W, 46, 2032 MHz, 3996 MHz, 100 %, 14 %
2026/09/20 11:03:07.974, 3, 948.61 W, 49, 2032 MHz, 3996 MHz, 100 %, 15 %
2026/09/20 11:03:07.974, 4, 183.25 W, 33, 120 MHz, 3996 MHz, 0 %, 0 %
2026/09/20 11:03:07.974, 5, 179.47 W, 31, 120 MHz, 3996 MHz, 0 %, 0 %
2026/09/20 11:03:07.974, 6, 180.16 W, 29, 120 MHz, 3996 MHz, 0 %, 0 %
2026/09/20 11:03:07.974, 7, 184.09 W, 29, 120 MHz, 3996 MHz, 0 %, 0 %
2026/09/20 11:03:08.974, 0, 725.09 W, 59, 2032 MHz, 3996 MHz, 100 %, 13 %
2026/09/20 11:03:08.974, 1, 745.90 W, 60, 2032 MHz, 3996 MHz, 100 %, 13 %
2026/09/20 11:03:08.974, 2, 899.24 W, 55, 1657 MHz, 3996 MHz, 100 %, 35 %
2026/09/20 11:03:08.974, 3, 572.20 W, 48, 2032 MHz, 3996 MHz, 100 %, 12 %
2026/09/20 11:03:08.974, 4, 183.25 W, 33, 120 MHz, 3996 MHz, 0 %, 0 %
2026/09/20 11:03:08.974, 5, 179.46 W, 31, 120 MHz, 3996 MHz, 0 %, 0 %
2026/09/20 11:03:08.974, 6, 180.19 W, 29, 120 MHz, 3996 MHz, 0 %, 0 %
2026/09/20 11:03:08.974, 7, 184.09 W, 29, 120 MHz, 3996 MHz, 0 %, 0 %
2026/09/20 11:03:09.975, 0, 767.25 W, 60, 2032 MHz, 3996 MHz, 100 %, 53 %
2026/09/20 11:03:09.975, 1, 993.39 W, 64, 2032 MHz, 3996 MHz, 100 %, 53 %
2026/09/20 11:03:09.975, 2, 764.37 W, 49, 2032 MHz, 3996 MHz, 100 %, 39 %
2026/09/20 11:03:09.975, 3, 987.76 W, 53, 2032 MHz, 3996 MHz, 100 %, 54 %
2026/09/20 11:03:09.975, 4, 183.25 W, 33, 120 MHz, 3996 MHz, 0 %, 0 %
2026/09/20 11:03:09.975, 5, 179.47 W, 31, 120 MHz, 3996 MHz, 0 %, 0 %
2026/09/20 11:03:09.975, 6, 180.14 W, 29, 120 MHz, 3996 MHz, 0 %, 0 %
2026/09/20 11:03:09.975, 7, 184.09 W, 29, 120 MHz, 3996 MHz, 0 %, 0 %
2026/09/20 11:03:10.975, 0, 575.61 W, 55, 2032 MHz, 3996 MHz, 100 %, 16 %
2026/09/20 11:03:10.975, 1, 833.62 W, 66, 1642 MHz, 3996 MHz, 100 %, 33 %
2026/09/20 11:03:10.975, 2, 560.34 W, 43, 2032 MHz, 3996 MHz, 100 %, 10 %
2026/09/20 11:03:10.975, 3, 807.84 W, 46, 2032 MHz, 3996 MHz, 100 %, 21 %
2026/09/20 11:03:10.975, 4, 183.25 W, 33, 120 MHz, 3996 MHz, 0 %, 0 %
2026/09/20 11:03:10.975, 5, 179.51 W, 31, 120 MHz, 3996 MHz, 0 %, 0 %
2026/09/20 11:03:10.975, 6, 180.16 W, 29, 120 MHz, 3996 MHz, 0 %, 0 %
2026/09/20 11:03:10.975, 7, 184.09 W, 29, 120 MHz, 3996 MHz, 0 %, 0 %
2026/09/20 11:03:11.975, 0, 822.80 W, 56, 2032 MHz, 3996 MHz, 100 %, 10 %
2026/09/20 11:03:11.975, 1, 594.80 W, 56, 2032 MHz, 3996 MHz, 100 %, 11 %
2026/09/20 11:03:11.975, 2, 569.74 W, 43, 2032 MHz, 3996 MHz, 100 %, 11 %
2026/09/20 11:03:11.975, 3, 818.81 W, 55, 1815 MHz, 3996 MHz, 100 %, 34 %
2026/09/20 11:03:11.975, 4, 183.25 W, 33, 120 MHz, 3996 MHz, 0 %, 0 %
2026/09/20 11:03:11.975, 5, 179.50 W, 31, 120 MHz, 3996 MHz, 0 %, 0 %
2026/09/20 11:03:11.975, 6, 180.20 W, 29, 120 MHz, 3996 MHz, 0 %, 0 %
2026/09/20 11:03:11.975, 7, 184.09 W, 29, 120 MHz, 3996 MHz, 0 %, 0 %
2026/09/20 11:03:12.975, 0, 760.68 W, 56, 2032 MHz, 3996 MHz, 100 %, 11 %
2026/09/20 11:03:12.975, 1, 914.10 W, 60, 1957 MHz, 3996 MHz, 100 %, 31 %
2026/09/20 11:03:12.975, 2, 935.53 W, 54, 1747 MHz, 3996 MHz, 100 %, 35 %
2026/09/20 11:03:12.975, 3, 638.18 W, 46, 2032 MHz, 3996 MHz, 100 %, 11 %
2026/09/20 11:03:12.975, 4, 183.25 W, 33, 120 MHz, 3996 MHz, 0 %, 0 %
2026/09/20 11:03:12.975, 5, 179.54 W, 31, 120 MHz, 3996 MHz, 0 %, 0 %
2026/09/20 11:03:12.976, 6, 180.19 W, 29, 120 MHz, 3996 MHz, 0 %, 0 %
2026/09/20 11:03:12.976, 7, 184.09 W, 29, 120 MHz, 3996 MHz, 0 %, 0 %
2026/09/20 11:03:13.976, 0, 762.55 W, 64, 1852 MHz, 3996 MHz, 100 %, 35 %
2026/09/20 11:03:13.976, 1, 745.25 W, 65, 1927 MHz, 3996 MHz, 100 %, 31 %
2026/09/20 11:03:13.976, 2, 845.14 W, 47, 2032 MHz, 3996 MHz, 100 %, 12 %
2026/09/20 11:03:13.976, 3, 772.32 W, 48, 2032 MHz, 3996 MHz, 100 %, 15 %
2026/09/20 11:03:13.976, 4, 183.25 W, 33, 120 MHz, 3996 MHz, 0 %, 0 %
2026/09/20 11:03:13.976, 5, 179.47 W, 31, 120 MHz, 3996 MHz, 0 %, 0 %
2026/09/20 11:03:13.976, 6, 180.13 W, 29, 120 MHz, 3996 MHz, 0 %, 0 %
2026/09/20 11:03:13.976, 7, 184.09 W, 29, 120 MHz, 3996 MHz, 0 %, 0 %
2026/09/20 11:03:14.976, 0, 1021.86 W, 59, 2025 MHz, 3996 MHz, 100 %, 40 %
2026/09/20 11:03:14.976, 1, 1036.90 W, 63, 2017 MHz, 3996 MHz, 100 %, 34 %
2026/09/20 11:03:14.976, 2, 852.83 W, 52, 2017 MHz, 3996 MHz, 100 %, 33 %
2026/09/20 11:03:14.976, 3, 613.60 W, 49, 2032 MHz, 3996 MHz, 100 %, 43 %
2026/09/20 11:03:14.976, 4, 183.25 W, 33, 120 MHz, 3996 MHz, 0 %, 0 %
2026/09/20 11:03:14.976, 5, 179.46 W, 31, 120 MHz, 3996 MHz, 0 %, 0 %
2026/09/20 11:03:14.976, 6, 180.15 W, 29, 120 MHz, 3996 MHz, 0 %, 0 %
2026/09/20 11:03:14.976, 7, 184.09 W, 29, 120 MHz, 3996 MHz, 0 %, 0 %
2026/09/20 11:03:15.977, 0, 813.57 W, 60, 2032 MHz, 3996 MHz, 100 %, 33 %
2026/09/20 11:03:15.977, 1, 586.99 W, 63, 2032 MHz, 3996 MHz, 100 %, 34 %
2026/09/20 11:03:15.977, 2, 807.76 W, 51, 2025 MHz, 3996 MHz, 100 %, 32 %
2026/09/20 11:03:15.977, 3, 784.98 W, 48, 2032 MHz, 3996 MHz, 100 %, 26 %
2026/09/20 11:03:15.977, 4, 183.25 W, 33, 120 MHz, 3996 MHz, 0 %, 0 %
2026/09/20 11:03:15.977, 5, 179.50 W, 31, 120 MHz, 3996 MHz, 0 %, 0 %
2026/09/20 11:03:15.977, 6, 180.18 W, 29, 120 MHz, 3996 MHz, 0 %, 0 %
2026/09/20 11:03:15.977, 7, 184.09 W, 29, 120 MHz, 3996 MHz, 0 %, 0 %
2026/09/20 11:03:16.977, 0, 949.76 W, 66, 1702 MHz, 3996 MHz, 100 %, 33 %
2026/09/20 11:03:16.977, 1, 857.64 W, 56, 2032 MHz, 3996 MHz, 100 %, 10 %
2026/09/20 11:03:16.977, 2, 733.66 W, 45, 2032 MHz, 3996 MHz, 100 %, 11 %
2026/09/20 11:03:16.977, 3, 722.42 W, 45, 2032 MHz, 3996 MHz, 100 %, 11 %
2026/09/20 11:03:16.977, 4, 183.25 W, 33, 120 MHz, 3996 MHz, 0 %, 0 %
2026/09/20 11:03:16.977, 5, 179.47 W, 31, 120 MHz, 3996 MHz, 0 %, 0 %
2026/09/20 11:03:16.977, 6, 180.14 W, 29, 120 MHz, 3996 MHz, 0 %, 0 %
2026/09/20 11:03:16.977, 7, 184.09 W, 29, 120 MHz, 3996 MHz, 0 %, 0 %
2026/09/20 11:03:17.977, 0, 816.70 W, 57, 2032 MHz, 3996 MHz, 100 %, 14 %
2026/09/20 11:03:17.977, 1, 786.20 W, 57, 2032 MHz, 3996 MHz, 100 %, 15 %
2026/09/20 11:03:17.977, 2, 767.22 W, 54, 1672 MHz, 3996 MHz, 100 %, 35 %
2026/09/20 11:03:17.977, 3, 778.40 W, 53, 1995 MHz, 3996 MHz, 100 %, 31 %
2026/09/20 11:03:17.977, 4, 183.25 W, 33, 120 MHz, 3996 MHz, 0 %, 0 %
2026/09/20 11:03:17.977, 5, 179.50 W, 31, 120 MHz, 3996 MHz, 0 %, 0 %
2026/09/20 11:03:17.977, 6, 180.20 W, 29, 120 MHz, 3996 MHz, 0 %, 0 %
2026/09/20 11:03:17.977, 7, 184.09 W, 29, 120 MHz, 3996 MHz, 0 %, 0 %
2026/09/20 11:03:18.977, 0, 571.91 W, 54, 2032 MHz, 3996 MHz, 100 %, 10 %
2026/09/20 11:03:18.977, 1, 846.47 W, 58, 2032 MHz, 3996 MHz, 100 %, 11 %
2026/09/20 11:03:18.977, 2, 686.71 W, 44, 2032 MHz, 3996 MHz, 100 %, 10 %
2026/09/20 11:03:18.977, 3, 719.84 W, 53, 1852 MHz, 3996 MHz, 100 %, 34 %
2026/09/20 11:03:18.977, 4, 183.25 W, 33, 120 MHz, 3996 MHz, 0 %, 0 %
2026/09/20 11:03:18.978, 5, 179.47 W, 31, 120 MHz, 3996 MHz, 0 %, 0 %
2026/09/20 11:03:18.978, 6, 180.14 W, 29, 120 MHz, 3996 MHz, 0 %, 0 %
2026/09/20 11:03:18.978, 7, 184.09 W, 29, 120 MHz, 3996 MHz, 0 %, 0 %
2026/09/20 11:03:19.978, 0, 924.18 W, 64, 1897 MHz, 3996 MHz, 100 %, 35 %
2026/09/20 11:03:19.978, 1, 899.43 W, 65, 1980 MHz, 3996 MHz, 100 %, 32 %
2026/09/20 11:03:19.978, 2, 893.44 W, 53, 1995 MHz, 3996 MHz, 100 %, 31 %
2026/09/20 11:03:19.978, 3, 1035.99 W, 54, 1980 MHz, 3996 MHz, 100 %, 34 %
2026/09/20 11:03:19.978, 4, 183.25 W, 33, 120 MHz, 3996 MHz, 0 %, 0 %
2026/09/20 11:03:19.978, 5, 179.47 W, 31, 120 MHz, 3996 MHz, 0 %, 0 %
2026/09/20 11:03:19.978, 6, 180.20 W, 29, 120 MHz, 3996 MHz, 0 %, 0 %
2026/09/20 11:03:19.978, 7, 184.09 W, 29, 120 MHz, 3996 MHz, 0 %, 0 %
2026/09/20 11:03:20.978, 0, 934.36 W, 57, 2032 MHz, 3996 MHz, 100 %, 11 %
2026/09/20 11:03:20.978, 1, 706.83 W, 57, 2032 MHz, 3996 MHz, 100 %, 15 %
2026/09/20 11:03:20.978, 2, 1052.61 W, 55, 1777 MHz, 3996 MHz, 100 %, 34 %
2026/09/20 11:03:20.978, 3, 938.53 W, 48, 2032 MHz, 3996 MHz, 100 %, 10 %
2026/09/20 11:03:20.978, 4, 183.25 W, 33, 120 MHz, 3996 MHz, 0 %, 0 %
2026/09/20 11:03:20.979, 5, 179.47 W, 31, 120 MHz, 3996 MHz, 0 %, 0 %
2026/09/20 11:03:20.979, 6, 180.23 W, 29, 120 MHz, 3996 MHz, 0 %, 0 %
2026/09/20 11:03:20.979, 7, 184.09 W, 29, 120 MHz, 3996 MHz, 0 %, 0 %
2026/09/20 11:03:21.979, 0, 900.34 W, 62, 2032 MHz, 3996 MHz, 100 %, 53 %
2026/09/20 11:03:21.979, 1, 894.73 W, 63, 2032 MHz, 3996 MHz, 100 %, 53 %
2026/09/20 11:03:21.979, 2, 1031.72 W, 53, 2032 MHz, 3996 MHz, 100 %, 53 %
2026/09/20 11:03:21.979, 3, 635.22 W, 49, 2032 MHz, 3996 MHz, 100 %, 53 %
2026/09/20 11:03:21.979, 4, 183.25 W, 33, 120 MHz, 3996 MHz, 0 %, 0 %
2026/09/20 11:03:21.979, 5, 179.47 W, 31, 120 MHz, 3996 MHz, 0 %, 0 %
2026/09/20 11:03:21.979, 6, 180.19 W, 29, 120 MHz, 3996 MHz, 0 %, 0 %
2026/09/20 11:03:21.979, 7, 184.09 W, 29, 120 MHz, 3996 MHz, 0 %, 0 %
2026/09/20 11:03:22.979, 0, 932.34 W, 61, 2032 MHz, 3996 MHz, 100 %, 37 %
2026/09/20 11:03:22.979, 1, 698.15 W, 59, 2032 MHz, 3996 MHz, 100 %, 24 %
2026/09/20 11:03:22.979, 2, 926.67 W, 52, 1980 MHz, 3996 MHz, 100 %, 37 %
2026/09/20 11:03:22.979, 3, 821.50 W, 49, 2032 MHz, 3996 MHz, 100 %, 46 %
2026/09/20 11:03:22.979, 4, 183.21 W, 33, 120 MHz, 3996 MHz, 0 %, 0 %
2026/09/20 11:03:22.979, 5, 179.47 W, 31, 120 MHz, 3996 MHz, 0 %, 0 %
2026/09/20 11:03:22.979, 6, 180.16 W, 29, 120 MHz, 3996 MHz, 0 %, 0 %
2026/09/20 11:03:22.979, 7, 184.09 W, 29, 120 MHz, 3996 MHz, 0 %, 0 %
2026/09/20 11:03:23.979, 0, 710.27 W, 60, 2032 MHz, 3996 MHz, 100 %, 53 %
2026/09/20 11:03:23.979, 1, 949.51 W, 63, 2032 MHz, 3996 MHz, 100 %, 52 %
2026/09/20 11:03:23.979, 2, 935.07 W, 52, 2032 MHz, 3996 MHz, 100 %, 54 %
2026/09/20 11:03:23.979, 3, 796.49 W, 49, 2032 MHz, 3996 MHz, 100 %, 53 %
2026/09/20 11:03:23.979, 4, 183.25 W, 33, 120 MHz, 3996 MHz, 0 %, 0 %
2026/09/20 11:03:23.979, 5, 179.47 W, 31, 120 MHz, 3996 MHz, 0 %, 0 %
2026/09/20 11:03:23.979, 6, 180.24 W, 29, 120 MHz, 3996 MHz, 0 %, 0 %
2026/09/20 11:03:23.979, 7, 184.09 W, 29, 120 MHz, 3996 MHz, 0 %, 0 %
2026/09/20 11:03:24.979, 0, 954.45 W, 61, 2032 MHz, 3996 MHz, 100 %, 25 %
2026/09/20 11:03:24.980, 1, 698.68 W, 60, 2032 MHz, 3996 MHz, 100 %, 13 %
2026/09/20 11:03:24.980, 2, 670.95 W, 48, 2032 MHz, 3996 MHz, 100 %, 26 %
2026/09/20 11:03:24.980, 3, 1044.93 W, 55, 1935 MHz, 3996 MHz, 100 %, 41 %
2026/09/20 11:03:24.980, 4, 183.25 W, 33, 120 MHz, 3996 MHz, 0 %, 0 %
2026/09/20 11:03:24.980, 5, 179.47 W, 31, 120 MHz, 3996 MHz, 0 %, 0 %
2026/09/20 11:03:24.980, 6, 180.17 W, 29, 120 MHz, 3996 MHz, 0 %, 0 %
2026/09/20 11:03:24.980, 7, 184.09 W, 29, 120 MHz, 3996 MHz, 0 %, 0 %
2026/09/20 11:03:25.980, 0, 755.59 W, 62, 1950 MHz, 3996 MHz, 100 %, 36 %
2026/09/20 11:03:25.980, 1, 762.11 W, 59, 2032 MHz, 3996 MHz, 100 %, 15 %
2026/09/20 11:03:25.980, 2, 727.40 W, 45, 2032 MHz, 3996 MHz, 100 %, 33 %
2026/09/20 11:03:25.980, 3, 984.36 W, 53, 1987 MHz, 3996 MHz, 100 %, 38 %
2026/09/20 11:03:25.980, 4, 183.25 W, 33, 120 MHz, 3996 MHz, 0 %, 0 %
2026/09/20 11:03:25.980, 5, 179.46 W, 31, 120 MHz, 3996 MHz, 0 %, 0 %
2026/09/20 11:03:25.980, 6, 180.13 W, 29, 120 MHz, 3996 MHz, 0 %, 0 %
2026/09/20 11:03:25.980, 7, 184.09 W, 29, 120 MHz, 3996 MHz, 0 %, 0 %
2026/09/20 11:03:26.980, 0, 778.99 W, 55, 2032 MHz, 3996 MHz, 100 %, 10 %
2026/09/20 11:03:26.980, 1, 1058.18 W, 63, 1867 MHz, 3996 MHz, 100 %, 33 %
2026/09/20 11:03:26.980, 2, 543.30 W, 44, 2032 MHz, 3996 MHz, 100 %, 10 %
2026/09/20 11:03:26.980, 3, 580.61 W, 45, 2032 MHz, 3996 MHz, 100 %, 19 %
2026/09/20 11:03:26.980, 4, 183.25 W, 33, 120 MHz, 3996 MHz, 0 %, 0 %
2026/09/20 11:03:26.980, 5, 179.50 W, 31, 120 MHz, 3996 MHz, 0 %, 0 %
2026/09/20 11:03:26.980, 6, 180.15 W, 29, 120 MHz, 3996 MHz, 0 %, 0 %
2026/09/20 11:03:26.980, 7, 184.09 W, 29, 120 MHz, 3996 MHz, 0 %, 0 %
2026/09/20 11:03:27.980, 0, 801.83 W, 59, 2032 MHz, 3996 MHz, 100 %, 13 %
2026/09/20 11:03:27.980, 1, 523.19 W, 58, 2032 MHz, 3996 MHz, 100 %, 13 %
2026/09/20 11:03:27.980, 2, 577.56 W, 51, 1807 MHz, 3996 MHz, 100 %, 35 %
2026/09/20 11:03:27.980, 3, 756.11 W, 48, 2032 MHz, 3996 MHz, 100 %, 13 %
2026/09/20 11:03:27.980, 4, 183.25 W, 33, 120 MHz, 3996 MHz, 0 %, 0 %
2026/09/20 11:03:27.980, 5, 179.47 W, 31, 120 MHz, 3996 MHz, 0 %, 0 %
2026/09/20 11:03:27.980, 6, 180.18 W, 29, 120 MHz, 3996 MHz, 0 %, 0 %
2026/09/20 11:03:27.981, 7, 184.09 W, 29, 120 MHz, 3996 MHz, 0 %, 0 %
2026/09/20 11:03:28.981, 0, 549.35 W, 54, 2032 MHz, 3996 MHz, 100 %, 10 %
2026/09/20 11:03:28.981, 1, 826.39 W, 57, 2032 MHz, 3996 MHz, 100 %, 10 %
2026/09/20 11:03:28.981, 2, 607.25 W, 43, 2032 MHz, 3996 MHz, 100 %, 10 %
2026/09/20 11:03:28.981, 3, 764.06 W, 54, 1785 MHz, 3996 MHz, 100 %, 34 %
2026/09/20 11:03:28.981, 4, 183.25 W, 33, 120 MHz, 3996 MHz, 0 %, 0 %
2026/09/20 11:03:28.981, 5, 179.47 W, 31, 120 MHz, 3996 MHz, 0 %, 0 %
2026/09/20 11:03:28.981, 6, 180.20 W, 29, 120 MHz, 3996 MHz, 0 %, 0 %
2026/09/20 11:03:28.981, 7, 184.09 W, 29, 120 MHz, 3996 MHz, 0 %, 0 %
2026/09/20 11:03:29.981, 0, 796.44 W, 58, 2032 MHz, 3996 MHz, 100 %, 19 %
2026/09/20 11:03:29.981, 1, 516.84 W, 55, 2032 MHz, 3996 MHz, 100 %, 11 %
2026/09/20 11:03:29.981, 2, 754.41 W, 53, 1725 MHz, 3996 MHz, 100 %, 36 %
2026/09/20 11:03:29.981, 3, 560.33 W, 44, 2032 MHz, 3996 MHz, 100 %, 23 %
2026/09/20 11:03:29.981, 4, 183.25 W, 33, 120 MHz, 3996 MHz, 0 %, 0 %
2026/09/20 11:03:29.981, 5, 179.46 W, 31, 120 MHz, 3996 MHz, 0 %, 0 %
2026/09/20 11:03:29.981, 6, 180.16 W, 29, 120 MHz, 3996 MHz, 0 %, 0 %
2026/09/20 11:03:29.981, 7, 184.09 W, 29, 120 MHz, 3996 MHz, 0 %, 0 %
2026/09/20 11:03:30.981, 0, 905.08 W, 59, 2025 MHz, 3996 MHz, 100 %, 35 %
2026/09/20 11:03:30.981, 1, 916.83 W, 60, 2032 MHz, 3996 MHz, 100 %, 27 %
2026/09/20 11:03:30.981, 2, 806.36 W, 50, 1957 MHz, 3996 MHz, 100 %, 44 %
2026/09/20 11:03:30.981, 3, 811.94 W, 51, 2032 MHz, 3996 MHz, 100 %, 44 %
2026/09/20 11:03:30.981, 4, 183.25 W, 33, 120 MHz, 3996 MHz, 0 %, 0 %
2026/09/20 11:03:30.981, 5, 179.47 W, 31, 120 MHz, 3996 MHz, 0 %, 0 %
2026/09/20 11:03:30.981, 6, 180.16 W, 29, 120 MHz, 3996 MHz, 0 %, 0 %
2026/09/20 11:03:30.981, 7, 184.09 W, 29, 120 MHz, 3996 MHz, 0 %, 0 %
2026/09/20 11:03:31.981, 0, 777.62 W, 64, 1717 MHz, 3996 MHz, 100 %, 33 %
2026/09/20 11:03:31.981, 1, 593.14 W, 55, 2032 MHz, 3996 MHz, 100 %, 10 %
2026/09/20 11:03:31.981, 2, 929.50 W, 47, 2032 MHz, 3996 MHz, 100 %, 11 %
2026/09/20 11:03:31.981, 3, 804.11 W, 46, 2032 MHz, 3996 MHz, 100 %, 11 %
2026/09/20 11:03:31.981, 4, 183.25 W, 33, 120 MHz, 3996 MHz, 0 %, 0 %
2026/09/20 11:03:31.981, 5, 179.47 W, 31, 120 MHz, 3996 MHz, 0 %, 0 %
2026/09/20 11:03:31.981, 6, 180.16 W, 29, 120 MHz, 3996 MHz, 0 %, 0 %
2026/09/20 11:03:31.981, 7, 184.09 W, 29, 120 MHz, 3996 MHz, 0 %, 0 %
2026/09/20 11:03:32.981, 0, 706.26 W, 58, 2032 MHz, 3996 MHz, 100 %, 13 %
2026/09/20 11:03:32.982, 1, 979.09 W, 66, 1650 MHz, 3996 MHz, 100 %, 34 %
2026/09/20 11:03:32.982, 2, 602.26 W, 47, 2032 MHz, 3996 MHz, 100 %, 12 %
2026/09/20 11:03:32.982, 3, 861.94 W, 50, 2032 MHz, 3996 MHz, 100 %, 13 %
2026/09/20 11:03:32.982, 4, 183.25 W, 33, 120 MHz, 3996 MHz, 0 %, 0 %
2026/09/20 11:03:32.982, 5, 179.46 W, 31, 120 MHz, 3996 MHz, 0 %, 0 %
2026/09/20 11:03:32.982, 6, 180.20 W, 29, 120 MHz, 3996 MHz, 0 %, 0 %
2026/09/20 11:03:32.982, 7, 184.09 W, 29, 120 MHz, 3996 MHz, 0 %, 0 %
2026/09/20 11:03:33.982, 0, 947.22 W, 62, 1852 MHz, 3996 MHz, 100 %, 34 %
2026/09/20 11:03:33.982, 1, 706.38 W, 57, 2032 MHz, 3996 MHz, 100 %, 14 %
2026/09/20 11:03:33.982, 2, 918.86 W, 54, 1935 MHz, 3996 MHz, 100 %, 32 %
2026/09/20 11:03:33.982, 3, 784.42 W, 46, 2032 MHz, 3996 MHz, 100 %, 17 %
2026/09/20 11:03:33.982, 4, 183.25 W, 33, 120 MHz, 3996 MHz, 0 %, 0 %
2026/09/20 11:03:33.982, 5, 179.47 W, 31, 120 MHz, 3996 MHz, 0 %, 0 %
2026/09/20 11:03:33.982, 6, 180.19 W, 29, 120 MHz, 3996 MHz, 0 %, 0 %
2026/09/20 11:03:33.982, 7, 184.09 W, 29, 120 MHz, 3996 MHz, 0 %, 0 %
2026/09/20 11:03:34.982, 0, 820.22 W, 64, 1815 MHz, 3996 MHz, 100 %, 34 %
2026/09/20 11:03:34.982, 1, 1048.41 W, 65, 1942 MHz, 3996 MHz, 100 %, 33 %
2026/09/20 11:03:34.982, 2, 840.34 W, 47, 2032 MHz, 3996 MHz, 100 %, 18 %
2026/09/20 11:03:34.982, 3, 813.10 W, 54, 1927 MHz, 3996 MHz, 100 %, 34 %
2026/09/20 11:03:34.982, 4, 183.25 W, 33, 120 MHz, 3996 MHz, 0 %, 0 %
2026/09/20 11:03:34.982, 5, 179.46 W, 31, 120 MHz, 3996 MHz, 0 %, 0 %
2026/09/20 11:03:34.982, 6, 180.18 W, 29, 120 MHz, 3996 MHz, 0 %, 0 %
2026/09/20 11:03:34.982, 7, 184.09 W, 29, 120 MHz, 3996 MHz, 0 %, 0 %
2026/09/20 11:03:35.982, 0, 710.33 W, 63, 1755 MHz, 3996 MHz, 100 %, 42 %
2026/09/20 11:03:35.982, 1, 681.56 W, 58, 2032 MHz, 3996 MHz, 100 %, 34 %
2026/09/20 11:03:35.982, 2, 889.81 W, 51, 2025 MHz, 3996 MHz, 100 %, 24 %
2026/09/20 11:03:35.982, 3, 774.46 W, 48, 2032 MHz, 3996 MHz, 100 %, 18 %
2026/09/20 11:03:35.982, 4, 183.25 W, 33, 120 MHz, 3996 MHz, 0 %, 0 %
2026/09/20 11:03:35.982, 5, 179.46 W, 31, 120 MHz, 3996 MHz, 0 %, 0 %
2026/09/20 11:03:35.982, 6, 180.17 W, 29, 120 MHz, 3996 MHz, 0 %, 0 %
2026/09/20 11:03:35.982, 7, 184.09 W, 29, 120 MHz, 3996 MHz, 0 %, 0 %
2026/09/20 11:03:36.982, 0, 815.41 W, 63, 1957 MHz, 3996 MHz, 100 %, 35 %
2026/09/20 11:03:36.982, 1, 738.20 W, 62, 1957 MHz, 3996 MHz, 100 %, 39 %
2026/09/20 11:03:36.982, 2, 970.18 W, 54, 2002 MHz, 3996 MHz, 100 %, 34 %
2026/09/20 11:03:36.982, 3, 718.78 W, 52, 2002 MHz, 3996 MHz, 100 %, 35 %
2026/09/20 11:03:36.982, 4, 183.25 W, 33, 120 MHz, 3996 MHz, 0 %, 0 %
2026/09/20 11:03:36.982, 5, 179.46 W, 31, 120 MHz, 3996 MHz, 0 %, 0 %
2026/09/20 11:03:36.982, 6, 180.20 W, 29, 120 MHz, 3996 MHz, 0 %, 0 %
2026/09/20 11:03:36.982, 7, 184.09 W, 29, 120 MHz, 3996 MHz, 0 %, 0 %
2026/09/20 11:03:37.983, 0, 815.66 W, 62, 2032 MHz, 3996 MHz, 100 %, 14 %
2026/09/20 11:03:37.983, 1, 1060.51 W, 66, 1860 MHz, 3996 MHz, 100 %, 34 %
2026/09/20 11:03:37.983, 2, 1057.41 W, 56, 1822 MHz, 3996 MHz, 100 %, 34 %
2026/09/20 11:03:37.983, 3, 812.60 W, 47, 2032 MHz, 3996 MHz, 100 %, 15 %
2026/09/20 11:03:37.983, 4, 183.25 W, 33, 120 MHz, 3996 MHz, 0 %, 0 %
2026/09/20 11:03:37.983, 5, 179.47 W, 31, 120 MHz, 3996 MHz, 0 %, 0 %
2026/09/20 11:03:37.983, 6, 180.19 W, 29, 120 MHz, 3996 MHz, 0 %, 0 %
2026/09/20 11:03:37.983, 7, 184.09 W, 29, 120 MHz, 3996 MHz, 0 %, 0 %
2026/09/20 11:03:38.983, 0, 833.09 W, 59, 2032 MHz, 3996 MHz, 100 %, 17 %
2026/09/20 11:03:38.983, 1, 815.74 W, 65, 1822 MHz, 3996 MHz, 100 %, 34 %
2026/09/20 11:03:38.983, 2, 807.96 W, 54, 1822 MHz, 3996 MHz, 100 %, 34 %
2026/09/20 11:03:38.983, 3, 826.30 W, 47, 2032 MHz, 3996 MHz, 100 %, 21 %
2026/09/20 11:03:38.983, 4, 183.25 W, 33, 120 MHz, 3996 MHz, 0 %, 0 %
2026/09/20 11:03:38.983, 5, 179.47 W, 31, 120 MHz, 3996 MHz, 0 %, 0 %
2026/09/20 11:03:38.983, 6, 180.14 W, 29, 120 MHz, 3996 MHz, 0 %, 0 %
2026/09/20 11:03:38.983, 7, 184.09 W, 29, 120 MHz, 3996 MHz, 0 %, 0 %
2026/09/20 11:03:39.983, 0, 807.21 W, 64, 1890 MHz, 3996 MHz, 100 %, 34 %
2026/09/20 11:03:39.983, 1, 818.92 W, 65, 1770 MHz, 3996 MHz, 100 %, 34 %
2026/09/20 11:03:39.983, 2, 850.25 W, 47, 2032 MHz, 3996 MHz, 100 %, 15 %
2026/09/20 11:03:39.983, 3, 867.37 W, 47, 2032 MHz, 3996 MHz, 100 %, 15 %
2026/09/20 11:03:39.983, 4, 183.25 W, 33, 120 MHz, 3996 MHz, 0 %, 0 %
2026/09/20 11:03:39.983, 5, 179.47 W, 31, 120 MHz, 3996 MHz, 0 %, 0 %
2026/09/20 11:03:39.983, 6, 180.15 W, 29, 120 MHz, 3996 MHz, 0 %, 0 %
2026/09/20 11:03:39.983, 7, 184.09 W, 29, 120 MHz, 3996 MHz, 0 %, 0 %
2026/09/20 11:03:40.983, 0, 711.27 W, 59, 2032 MHz, 3996 MHz, 100 %, 13 %
2026/09/20 11:03:40.983, 1, 824.20 W, 66, 1665 MHz, 3996 MHz, 100 %, 34 %
2026/09/20 11:03:40.983, 2, 920.20 W, 50, 2032 MHz, 3996 MHz, 100 %, 12 %
2026/09/20 11:03:40.983, 3, 908.16 W, 51, 2032 MHz, 3996 MHz, 100 %, 13 %
2026/09/20 11:03:40.983, 4, 183.25 W, 33, 120 MHz, 3996 MHz, 0 %, 0 %
2026/09/20 11:03:40.983, 5, 179.54 W, 31, 120 MHz, 3996 MHz, 0 %, 0 %
2026/09/20 11:03:40.983, 6, 180.16 W, 29, 120 MHz, 3996 MHz, 0 %, 0 %
2026/09/20 11:03:40.983, 7, 184.09 W, 29, 120 MHz, 3996 MHz, 0 %, 0 %
2026/09/20 11:03:41.983, 0, 667.66 W, 57, 2032 MHz, 3996 MHz, 100 %, 11 %
2026/09/20 11:03:41.983, 1, 804.55 W, 56, 2032 MHz, 3996 MHz, 100 %, 11 %
2026/09/20 11:03:41.983, 2, 932.16 W, 56, 1680 MHz, 3996 MHz, 100 %, 33 %
2026/09/20 11:03:41.983, 3, 648.54 W, 46, 2032 MHz, 3996 MHz, 100 %, 10 %
2026/09/20 11:03:41.983, 4, 183.25 W, 33, 120 MHz, 3996 MHz, 0 %, 0 %
2026/09/20 11:03:41.983, 5, 179.47 W, 31, 120 MHz, 3996 MHz, 0 %, 0 %
2026/09/20 11:03:41.983, 6, 180.23 W, 29, 120 MHz, 3996 MHz, 0 %, 0 %
2026/09/20 11:03:41.983, 7, 184.09 W, 29, 120 MHz, 3996 MHz, 0 %, 0 %
2026/09/20 11:03:42.984, 0, 666.70 W, 58, 2032 MHz, 3996 MHz, 100 %, 12 %
2026/09/20 11:03:42.984, 1, 926.94 W, 62, 2032 MHz, 3996 MHz, 100 %, 16 %
2026/09/20 11:03:42.984, 2, 750.64 W, 48, 2032 MHz, 3996 MHz, 100 %, 13 %
2026/09/20 11:03:42.984, 3, 969.77 W, 55, 1695 MHz, 3996 MHz, 100 %, 35 %
2026/09/20 11:03:42.984, 4, 183.25 W, 33, 120 MHz, 3996 MHz, 0 %, 0 %
2026/09/20 11:03:42.984, 5, 179.47 W, 31, 120 MHz, 3996 MHz, 0 %, 0 %
2026/09/20 11:03:42.984, 6, 180.16 W, 29, 120 MHz, 3996 MHz, 0 %, 0 %
2026/09/20 11:03:42.984, 7, 184.09 W, 29, 120 MHz, 3996 MHz, 0 %, 0 %
2026/09/20 11:03:43.984, 0, 982.82 W, 64, 1957 MHz, 3996 MHz, 100 %, 31 %
2026/09/20 11:03:43.984, 1, 652.54 W, 57, 2032 MHz, 3996 MHz, 100 %, 13 %
2026/09/20 11:03:43.984, 2, 720.14 W, 52, 1897 MHz, 3996 MHz, 100 %, 35 %
2026/09/20 11:03:43.984, 3, 695.45 W, 47, 2032 MHz, 3996 MHz, 100 %, 15 %
2026/09/20 11:03:43.984, 4, 183.25 W, 33, 120 MHz, 3996 MHz, 0 %, 0 %
2026/09/20 11:03:43.984, 5, 179.47 W, 31, 120 MHz, 3996 MHz, 0 %, 0 %
2026/09/20 11:03:43.984, 6, 180.16 W, 29, 120 MHz, 3996 MHz, 0 %, 0 %
2026/09/20 11:03:43.984, 7, 184.09 W, 29, 120 MHz, 3996 MHz, 0 %, 0 %
2026/09/20 11:03:44.984, 0, 823.04 W, 64, 1920 MHz, 3996 MHz, 100 %, 35 %
2026/09/20 11:03:44.984, 1, 647.80 W, 64, 1942 MHz, 3996 MHz, 100 %, 34 %
2026/09/20 11:03:44.984, 2, 949.33 W, 49, 2032 MHz, 3996 MHz, 100 %, 17 %
2026/09/20 11:03:44.984, 3, 641.69 W, 53, 1965 MHz, 3996 MHz, 100 %, 34 %
2026/09/20 11:03:44.984, 4, 183.25 W, 33, 120 MHz, 3996 MHz, 0 %, 0 %
2026/09/20 11:03:44.984, 5, 179.50 W, 31, 120 MHz, 3996 MHz, 0 %, 0 %
2026/09/20 11:03:44.984, 6, 180.19 W, 29, 120 MHz, 3996 MHz, 0 %, 0 %
2026/09/20 11:03:44.984, 7, 184.09 W, 29, 120 MHz, 3996 MHz, 0 %, 0 %
2026/09/20 11:03:45.984, 0, 1011.32 W, 61, 2032 MHz, 3996 MHz, 100 %, 53 %
2026/09/20 11:03:45.984, 1, 924.49 W, 63, 2032 MHz, 3996 MHz, 100 %, 53 %
2026/09/20 11:03:45.984, 2, 749.43 W, 51, 2032 MHz, 3996 MHz, 99 %, 53 %
2026/09/20 11:03:45.984, 3, 900.21 W, 51, 2032 MHz, 3996 MHz, 100 %, 53 %
2026/09/20 11:03:45.984, 4, 183.25 W, 33, 120 MHz, 3996 MHz, 0 %, 0 %
2026/09/20 11:03:45.984, 5, 179.54 W, 31, 120 MHz, 3996 MHz, 0 %, 0 %
2026/09/20 11:03:45.984, 6, 180.21 W, 29, 120 MHz, 3996 MHz, 0 %, 0 %
2026/09/20 11:03:45.984, 7, 184.09 W, 29, 120 MHz, 3996 MHz, 0 %, 0 %
2026/09/20 11:03:46.984, 0, 693.59 W, 61, 2032 MHz, 3996 MHz, 100 %, 52 %
2026/09/20 11:03:46.984, 1, 1057.00 W, 64, 2017 MHz, 3996 MHz, 100 %, 42 %
2026/09/20 11:03:46.984, 2, 931.40 W, 51, 2032 MHz, 3996 MHz, 100 %, 53 %
2026/09/20 11:03:46.984, 3, 673.03 W, 50, 2032 MHz, 3996 MHz, 100 %, 53 %
2026/09/20 11:03:46.984, 4, 183.25 W, 33, 120 MHz, 3996 MHz, 0 %, 0 %
2026/09/20 11:03:46.984, 5, 179.47 W, 31, 120 MHz, 3996 MHz, 0 %, 0 %
2026/09/20 11:03:46.984, 6, 180.18 W, 29, 120 MHz, 3996 MHz, 0 %, 0 %
2026/09/20 11:03:46.984, 7, 184.09 W, 29, 120 MHz, 3996 MHz, 0 %, 0 %
2026/09/20 11:03:47.985, 0, 773.66 W, 61, 2032 MHz, 3996 MHz, 100 %, 53 %
2026/09/20 11:03:47.985, 1, 1023.40 W, 64, 2032 MHz, 3996 MHz, 100 %, 53 %
2026/09/20 11:03:47.985, 2, 1007.62 W, 53, 2032 MHz, 3996 MHz, 99 %, 53 %
2026/09/20 11:03:47.985, 3, 1003.58 W, 53, 2032 MHz, 3996 MHz, 100 %, 53 %
2026/09/20 11:03:47.985, 4, 183.25 W, 33, 120 MHz, 3996 MHz, 0 %, 0 %
2026/09/20 11:03:47.985, 5, 179.46 W, 31, 120 MHz, 3996 MHz, 0 %, 0 %
2026/09/20 11:03:47.985, 6, 180.21 W, 29, 120 MHz, 3996 MHz, 0 %, 0 %
2026/09/20 11:03:47.985, 7, 184.09 W, 29, 120 MHz, 3996 MHz, 0 %, 0 %
2026/09/20 11:03:48.985, 0, 733.51 W, 64, 1942 MHz, 3996 MHz, 100 %, 39 %
2026/09/20 11:03:48.985, 1, 909.91 W, 60, 2032 MHz, 3996 MHz, 100 %, 35 %
2026/09/20 11:03:48.985, 2, 788.08 W, 51, 2032 MHz, 3996 MHz, 100 %, 25 %
2026/09/20 11:03:48.985, 3, 957.28 W, 55, 1920 MHz, 3996 MHz, 100 %, 38 %
2026/09/20 11:03:48.985, 4, 183.25 W, 33, 120 MHz, 3996 MHz, 0 %, 0 %
2026/09/20 11:03:48.985, 5, 179.51 W, 31, 120 MHz, 3996 MHz, 0 %, 0 %
2026/09/20 11:03:48.985, 6, 180.20 W, 29, 120 MHz, 3996 MHz, 0 %, 0 %
2026/09/20 11:03:48.985, 7, 184.09 W, 29, 120 MHz, 3996 MHz, 0 %, 0 %
2026/09/20 11:03:49.985, 0, 794.04 W, 57, 2032 MHz, 3996 MHz, 100 %, 17 %
2026/09/20 11:03:49.985, 1, 856.50 W, 65, 1897 MHz, 3996 MHz, 100 %, 34 %
2026/09/20 11:03:49.985, 2, 853.92 W, 55, 1920 MHz, 3996 MHz, 100 %, 34 %
2026/09/20 11:03:49.985, 3, 1060.11 W, 56, 1912 MHz, 3996 MHz, 100 %, 34 %
2026/09/20 11:03:49.985, 4, 183.25 W, 33, 120 MHz, 3996 MHz, 0 %, 0 %
2026/09/20 11:03:49.985, 5, 179.47 W, 31, 120 MHz, 3996 MHz, 0 %, 0 %
2026/09/20 11:03:49.985, 6, 180.20 W, 29, 120 MHz, 3996 MHz, 0 %, 0 %
2026/09/20 11:03:49.985, 7, 184.09 W, 29, 120 MHz, 3996 MHz, 0 %, 0 %
2026/09/20 11:03:50.985, 0, 1036.20 W, 62, 1995 MHz, 3996 MHz, 100 %, 37 %
2026/09/20 11:03:50.985, 1, 584.65 W, 56, 2032 MHz, 3996 MHz, 100 %, 10 %
2026/09/20 11:03:50.985, 2, 566.84 W, 45, 2032 MHz, 3996 MHz, 100 %, 18 %
2026/09/20 11:03:50.985, 3, 807.73 W, 47, 2032 MHz, 3996 MHz, 100 %, 23 %
2026/09/20 11:03:50.985, 4, 183.25 W, 33, 120 MHz, 3996 MHz, 0 %, 0 %
2026/09/20 11:03:50.985, 5, 179.46 W, 31, 120 MHz, 3996 MHz, 0 %, 0 %
2026/09/20 11:03:50.985, 6, 180.16 W, 29, 120 MHz, 3996 MHz, 0 %, 0 %
2026/09/20 11:03:50.985, 7, 184.09 W, 29, 120 MHz, 3996 MHz, 0 %, 0 %
2026/09/20 11:03:51.985, 0, 808.41 W, 64, 1897 MHz, 3996 MHz, 100 %, 35 %
2026/09/20 11:03:51.985, 1, 809.23 W, 65, 1920 MHz, 3996 MHz, 100 %, 33 %
2026/09/20 11:03:51.985, 2, 866.80 W, 49, 2032 MHz, 3996 MHz, 100 %, 17 %
2026/09/20 11:03:51.986, 3, 794.97 W, 55, 1950 MHz, 3996 MHz, 100 %, 34 %
2026/09/20 11:03:51.986, 4, 183.25 W, 33, 120 MHz, 3996 MHz, 0 %, 0 %
2026/09/20 11:03:51.986, 5, 179.54 W, 31, 120 MHz, 3996 MHz, 0 %, 0 %
2026/09/20 11:03:51.986, 6, 180.23 W, 29, 120 MHz, 3996 MHz, 0 %, 0 %
2026/09/20 11:03:51.986, 7, 184.09 W, 29, 120 MHz, 3996 MHz, 0 %, 0 %
2026/09/20 11:03:52.986, 0, 822.76 W, 65, 1822 MHz, 3996 MHz, 100 %, 34 %
2026/09/20 11:03:52.986, 1, 806.23 W, 65, 1957 MHz, 3996 MHz, 100 %, 30 %
2026/09/20 11:03:52.986, 2, 814.10 W, 48, 2032 MHz, 3996 MHz, 100 %, 14 %
2026/09/20 11:03:52.986, 3, 882.97 W, 48, 2032 MHz, 3996 MHz, 100 %, 15 %
2026/09/20 11:03:52.986, 4, 183.25 W, 33, 120 MHz, 3996 MHz, 0 %, 0 %
2026/09/20 11:03:52.986, 5, 179.47 W, 31, 120 MHz, 3996 MHz, 0 %, 0 %
2026/09/20 11:03:52.986, 6, 180.20 W, 29, 120 MHz, 3996 MHz, 0 %, 0 %
2026/09/20 11:03:52.986, 7, 184.09 W, 29, 120 MHz, 3996 MHz, 0 %, 0 %
2026/09/20 11:03:53.986, 0, 945.34 W, 62, 2032 MHz, 3996 MHz, 100 %, 40 %
2026/09/20 11:03:53.986, 1, 699.08 W, 61, 2032 MHz, 3996 MHz, 100 %, 18 %
2026/09/20 11:03:53.986, 2, 707.70 W, 52, 2025 MHz, 3996 MHz, 100 %, 47 %
2026/09/20 11:03:53.986, 3, 615.99 W, 50, 2032 MHz, 3996 MHz, 100 %, 48 %
2026/09/20 11:03:53.986, 4, 183.25 W, 33, 120 MHz, 3996 MHz, 0 %, 0 %
2026/09/20 11:03:53.986, 5, 179.46 W, 31, 120 MHz, 3996 MHz, 0 %, 0 %
2026/09/20 11:03:53.986, 6, 180.20 W, 29, 120 MHz, 3996 MHz, 0 %, 0 %
2026/09/20 11:03:53.986, 7, 184.09 W, 29, 120 MHz, 3996 MHz, 0 %, 0 %
2026/09/20 11:03:54.986, 0, 593.79 W, 63, 1912 MHz, 3996 MHz, 100 %, 39 %
2026/09/20 11:03:54.986, 1, 544.35 W, 57, 2032 MHz, 3996 MHz, 100 %, 36 %
2026/09/20 11:03:54.986, 2, 776.73 W, 50, 2032 MHz, 3996 MHz, 100 %, 22 %
2026/09/20 11:03:54.986, 3, 822.98 W, 52, 2002 MHz, 3996 MHz, 100 %, 33 %
2026/09/20 11:03:54.986, 4, 183.25 W, 33, 120 MHz, 3996 MHz, 0 %, 0 %
2026/09/20 11:03:54.986, 5, 179.51 W, 31, 120 MHz, 3996 MHz, 0 %, 0 %
2026/09/20 11:03:54.986, 6, 180.14 W, 29, 120 MHz, 3996 MHz, 0 %, 0 %
2026/09/20 11:03:54.986, 7, 184.09 W, 29, 120 MHz, 3996 MHz, 0 %, 0 %
2026/09/20 11:03:55.986, 0, 1075.70 W, 66, 1695 MHz, 3996 MHz, 100 %, 33 %
2026/09/20 11:03:55.986, 1, 617.20 W, 57, 2032 MHz, 3996 MHz, 100 %, 10 %
2026/09/20 11:03:55.986, 2, 597.01 W, 46, 2032 MHz, 3996 MHz, 100 %, 10 %
2026/09/20 11:03:55.986, 3, 798.33 W, 47, 2032 MHz, 3996 MHz, 100 %, 11 %
2026/09/20 11:03:55.986, 4, 183.25 W, 33, 120 MHz, 3996 MHz, 0 %, 0 %
2026/09/20 11:03:55.986, 5, 179.47 W, 31, 120 MHz, 3996 MHz, 0 %, 0 %
2026/09/20 11:03:55.986, 6, 180.23 W, 29, 120 MHz, 3996 MHz, 0 %, 0 %
2026/09/20 11:03:55.986, 7, 184.09 W, 29, 120 MHz, 3996 MHz, 0 %, 0 %
2026/09/20 11:03:56.987, 0, 916.03 W, 65, 1950 MHz, 3996 MHz, 100 %, 40 %
2026/09/20 11:03:56.987, 1, 820.13 W, 64, 1897 MHz, 3996 MHz, 100 %, 50 %
2026/09/20 11:03:56.987, 2, 874.13 W, 50, 2032 MHz, 3996 MHz, 100 %, 25 %
2026/09/20 11:03:56.987, 3, 747.47 W, 48, 2032 MHz, 3996 MHz, 100 %, 20 %
2026/09/20 11:03:56.987, 4, 183.25 W, 33, 120 MHz, 3996 MHz, 0 %, 0 %
2026/09/20 11:03:56.987, 5, 179.47 W, 31, 120 MHz, 3996 MHz, 0 %, 0 %
2026/09/20 11:03:56.987, 6, 180.19 W, 29, 120 MHz, 3996 MHz, 0 %, 0 %
2026/09/20 11:03:56.987, 7, 184.09 W, 29, 120 MHz, 3996 MHz, 0 %, 0 %
2026/09/20 11:03:57.987, 0, 794.45 W, 56, 2032 MHz, 3996 MHz, 100 %, 11 %
2026/09/20 11:03:57.987, 1, 976.47 W, 66, 1725 MHz, 3996 MHz, 100 %, 34 %
2026/09/20 11:03:57.987, 2, 731.21 W, 47, 2032 MHz, 3996 MHz, 100 %, 10 %
2026/09/20 11:03:57.987, 3, 606.91 W, 46, 2032 MHz, 3996 MHz, 100 %, 11 %
2026/09/20 11:03:57.987, 4, 183.25 W, 33, 120 MHz, 3996 MHz, 0 %, 0 %
2026/09/20 11:03:57.987, 5, 179.50 W, 31, 120 MHz, 3996 MHz, 0 %, 0 %
2026/09/20 11:03:57.987, 6, 180.20 W, 29, 120 MHz, 3996 MHz, 0 %, 0 %
2026/09/20 11:03:57.987, 7, 184.09 W, 29, 120 MHz, 3996 MHz, 0 %, 0 %
2026/09/20 11:03:58.987, 0, 704.64 W, 61, 2032 MHz, 3996 MHz, 100 %, 54 %
2026/09/20 11:03:58.987, 1, 1015.89 W, 64, 2032 MHz, 3996 MHz, 100 %, 54 %
2026/09/20 11:03:58.987, 2, 666.93 W, 50, 2032 MHz, 3996 MHz, 99 %, 53 %
2026/09/20 11:03:58.987, 3, 929.40 W, 52, 2032 MHz, 3996 MHz, 100 %, 53 %
2026/09/20 11:03:58.987, 4, 183.25 W, 33, 120 MHz, 3996 MHz, 0 %, 0 %
2026/09/20 11:03:58.987, 5, 179.47 W, 31, 120 MHz, 3996 MHz, 0 %, 0 %
2026/09/20 11:03:58.987, 6, 180.21 W, 29, 120 MHz, 3996 MHz, 0 %, 0 %
2026/09/20 11:03:58.987, 7, 184.09 W, 29, 120 MHz, 3996 MHz, 0 %, 0 %
2026/09/20 11:03:59.987, 0, 952.00 W, 64, 1935 MHz, 3996 MHz, 100 %, 51 %
2026/09/20 11:03:59.987, 1, 828.92 W, 63, 2032 MHz, 3996 MHz, 100 %, 54 %
2026/09/20 11:03:59.987, 2, 906.04 W, 50, 2032 MHz, 3996 MHz, 100 %, 48 %
2026/09/20 11:03:59.987, 3, 806.55 W, 51, 1995 MHz, 3996 MHz, 100 %, 49 %
2026/09/20 11:03:59.987, 4, 183.25 W, 33, 120 MHz, 3996 MHz, 0 %, 0 %
2026/09/20 11:03:59.987, 5, 179.47 W, 31, 120 MHz, 3996 MHz, 0 %, 0 %
2026/09/20 11:03:59.987, 6, 180.17 W, 29, 120 MHz, 3996 MHz, 0 %, 0 %
2026/09/20 11:03:59.987, 7, 184.09 W, 29, 120 MHz, 3996 MHz, 0 %, 0 %
2026/09/20 11:04:00.987, 0, 1053.77 W, 65, 1972 MHz, 3996 MHz, 100 %, 33 %
2026/09/20 11:04:00.987, 1, 855.74 W, 58, 2032 MHz, 3996 MHz, 100 %, 18 %
2026/09/20 11:04:00.987, 2, 819.95 W, 54, 1905 MHz, 3996 MHz, 100 %, 35 %
2026/09/20 11:04:00.987, 3, 1072.14 W, 56, 1920 MHz, 3996 MHz, 100 %, 34 %
2026/09/20 11:04:00.987, 4, 183.25 W, 33, 120 MHz, 3996 MHz, 0 %, 0 %
2026/09/20 11:04:00.987, 5, 179.51 W, 31, 120 MHz, 3996 MHz, 0 %, 0 %
2026/09/20 11:04:00.988, 6, 180.17 W, 29, 120 MHz, 3996 MHz, 0 %, 0 %
2026/09/20 11:04:00.988, 7, 184.09 W, 29, 120 MHz, 3996 MHz, 0 %, 0 %
2026/09/20 11:04:01.988, 0, 690.48 W, 61, 2032 MHz, 3996 MHz, 100 %, 53 %
2026/09/20 11:04:01.988, 1, 914.78 W, 63, 2032 MHz, 3996 MHz, 100 %, 46 %
2026/09/20 11:04:01.988, 2, 781.51 W, 49, 2032 MHz, 3996 MHz, 100 %, 53 %
2026/09/20 11:04:01.988, 3, 667.38 W, 49, 2032 MHz, 3996 MHz, 99 %, 53 %
2026/09/20 11:04:01.988, 4, 183.25 W, 33, 120 MHz, 3996 MHz, 0 %, 0 %
2026/09/20 11:04:01.988, 5, 179.47 W, 31, 120 MHz, 3996 MHz, 0 %, 0 %
2026/09/20 11:04:01.988, 6, 180.19 W, 29, 120 MHz, 3996 MHz, 0 %, 0 %
2026/09/20 11:04:01.988, 7, 184.09 W, 29, 120 MHz, 3996 MHz, 0 %, 0 %
2026/09/20 11:04:02.988, 0, 902.82 W, 60, 2032 MHz, 3996 MHz, 100 %, 13 %
2026/09/20 11:04:02.988, 1, 1034.96 W, 62, 2032 MHz, 3996 MHz, 100 %, 25 %
2026/09/20 11:04:02.988, 2, 700.40 W, 54, 1830 MHz, 3996 MHz, 100 %, 36 %
2026/09/20 11:04:02.988, 3, 647.25 W, 49, 2032 MHz, 3996 MHz, 100 %, 13 %
2026/09/20 11:04:02.988, 4, 183.25 W, 33, 120 MHz, 3996 MHz, 0 %, 0 %
2026/09/20 11:04:02.988, 5, 179.47 W, 31, 120 MHz, 3996 MHz, 0 %, 0 %
2026/09/20 11:04:02.988, 6, 180.16 W, 29, 120 MHz, 3996 MHz, 0 %, 0 %
2026/09/20 11:04:02.988, 7, 184.09 W, 29, 120 MHz, 3996 MHz, 0 %, 0 %
2026/09/20 11:04:03.988, 0, 537.92 W, 54, 2032 MHz, 3996 MHz, 100 %, 10 %
2026/09/20 11:04:03.988, 1, 557.26 W, 55, 2032 MHz, 3996 MHz, 100 %, 10 %
2026/09/20 11:04:03.988, 2, 610.37 W, 44, 2032 MHz, 3996 MHz, 100 %, 10 %
2026/09/20 11:04:03.988, 3, 1002.03 W, 55, 1785 MHz, 3996 MHz, 100 %, 33 %
2026/09/20 11:04:03.988, 4, 183.25 W, 33, 120 MHz, 3996 MHz, 0 %, 0 %
2026/09/20 11:04:03.988, 5, 179.47 W, 31, 120 MHz, 3996 MHz, 0 %, 0 %
2026/09/20 11:04:03.988, 6, 180.15 W, 29, 120 MHz, 3996 MHz, 0 %, 0 %
2026/09/20 11:04:03.988, 7, 184.09 W, 29, 120 MHz, 3996 MHz, 0 %, 0 %
2026/09/20 11:04:04.988, 0, 813.92 W, 62, 1852 MHz, 3996 MHz, 100 %, 14 %
2026/09/20 11:04:04.988, 1, 642.11 W, 55, 2032 MHz, 3996 MHz, 100 %, 10 %
2026/09/20 11:04:04.988, 2, 890.39 W, 48, 1672 MHz, 3996 MHz, 100 %, 28 %
2026/09/20 11:04:04.988, 3, 658.50 W, 45, 2032 MHz, 3996 MHz, 100 %, 10 %
2026/09/20 11:04:04.988, 4, 183.25 W, 33, 120 MHz, 3996 MHz, 0 %, 0 %
2026/09/20 11:04:04.988, 5, 179.47 W, 31, 120 MHz, 3996 MHz, 0 %, 0 %
2026/09/20 11:04:04.988, 6, 180.15 W, 29, 120 MHz, 3996 MHz, 0 %, 0 %
2026/09/20 11:04:04.988, 7, 184.09 W, 29, 120 MHz, 3996 MHz, 0 %, 0 %
2026/09/20 11:04:05.988, 0, 767.03 W, 58, 2032 MHz, 3996 MHz, 100 %, 12 %
2026/09/20 11:04:05.988, 1, 563.68 W, 58, 2032 MHz, 3996 MHz, 100 %, 13 %
2026/09/20 11:04:05.989, 2, 545.65 W, 47, 2032 MHz, 3996 MHz, 100 %, 13 %
2026/09/20 11:04:05.989, 3, 875.02 W, 54, 1695 MHz, 3996 MHz, 100 %, 35 %
2026/09/20 11:04:05.989, 4, 183.25 W, 33, 120 MHz, 3996 MHz, 0 %, 0 %
2026/09/20 11:04:05.989, 5, 179.46 W, 31, 120 MHz, 3996 MHz, 0 %, 0 %
2026/09/20 11:04:05.989, 6, 180.16 W, 29, 120 MHz, 3996 MHz, 0 %, 0 %
2026/09/20 11:04:05.989, 7, 184.09 W, 29, 120 MHz, 3996 MHz, 0 %, 0 %
2026/09/20 11:04:06.989, 0, 701.77 W, 58, 2032 MHz, 3996 MHz, 100 %, 13 %
2026/09/20 11:04:06.989, 1, 1017.19 W, 65, 1620 MHz, 3996 MHz, 100 %, 40 %
2026/09/20 11:04:06.989, 2, 942.88 W, 50, 2032 MHz, 3996 MHz, 100 %, 12 %
2026/09/20 11:04:06.989, 3, 723.62 W, 48, 2032 MHz, 3996 MHz, 100 %, 13 %
2026/09/20 11:04:06.989, 4, 183.25 W, 33, 120 MHz, 3996 MHz, 0 %, 0 %
2026/09/20 11:04:06.989, 5, 179.47 W, 31, 120 MHz, 3996 MHz, 0 %, 0 %
2026/09/20 11:04:06.989, 6, 180.15 W, 29, 120 MHz, 3996 MHz, 0 %, 0 %
2026/09/20 11:04:06.989, 7, 184.09 W, 29, 120 MHz, 3996 MHz, 0 %, 0 %
2026/09/20 11:04:07.989, 0, 846.72 W, 56, 2032 MHz, 3996 MHz, 100 %, 10 %
2026/09/20 11:04:07.989, 1, 1052.97 W, 66, 1687 MHz, 3996 MHz, 100 %, 34 %
2026/09/20 11:04:07.989, 2, 588.06 W, 44, 2032 MHz, 3996 MHz, 100 %, 10 %
2026/09/20 11:04:07.989, 3, 596.00 W, 44, 2032 MHz, 3996 MHz, 100 %, 11 %
2026/09/20 11:04:07.989, 4, 183.21 W, 33, 120 MHz, 3996 MHz, 0 %, 0 %
2026/09/20 11:04:07.989, 5, 179.47 W, 31, 120 MHz, 3996 MHz, 0 %, 0 %
2026/09/20 11:04:07.989, 6, 180.14 W, 29, 120 MHz, 3996 MHz, 0 %, 0 %
2026/09/20 11:04:07.989, 7, 184.09 W, 29, 120 MHz, 3996 MHz, 0 %, 0 %
2026/09/20 11:04:08.989, 0, 855.71 W, 65, 1732 MHz, 3996 MHz, 100 %, 34 %
2026/09/20 11:04:08.989, 1, 799.24 W, 57, 2032 MHz, 3996 MHz, 100 %, 10 %
2026/09/20 11:04:08.989, 2, 804.74 W, 46, 2032 MHz, 3996 MHz, 100 %, 11 %
2026/09/20 11:04:08.989, 3, 681.00 W, 46, 2032 MHz, 3996 MHz, 100 %, 10 %
2026/09/20 11:04:08.989, 4, 183.25 W, 33, 120 MHz, 3996 MHz, 0 %, 0 %
2026/09/20 11:04:08.989, 5, 179.47 W, 31, 120 MHz, 3996 MHz, 0 %, 0 %
2026/09/20 11:04:08.989, 6, 180.17 W, 29, 120 MHz, 3996 MHz, 0 %, 0 %
2026/09/20 11:04:08.989, 7, 184.09 W, 29, 120 MHz, 3996 MHz, 0 %, 0 %
2026/09/20 11:04:09.989, 0, 562.43 W, 56, 2032 MHz, 3996 MHz, 100 %, 11 %
2026/09/20 11:04:09.989, 1, 711.91 W, 56, 2032 MHz, 3996 MHz, 100 %, 10 %
2026/09/20 11:04:09.989, 2, 696.90 W, 51, 1732 MHz, 3996 MHz, 100 %, 34 %
2026/09/20 11:04:09.989, 3, 449.96 W, 43, 2032 MHz, 3996 MHz, 100 %, 10 %
2026/09/20 11:04:09.989, 4, 183.25 W, 33, 120 MHz, 3996 MHz, 0 %, 0 %
2026/09/20 11:04:09.989, 5, 179.46 W, 31, 120 MHz, 3996 MHz, 0 %, 0 %
2026/09/20 11:04:09.989, 6, 180.15 W, 29, 120 MHz, 3996 MHz, 0 %, 0 %
2026/09/20 11:04:09.989, 7, 184.09 W, 29, 120 MHz, 3996 MHz, 0 %, 0 %
2026/09/20 11:04:10.990, 0, 949.94 W, 59, 2032 MHz, 3996 MHz, 100 %, 13 %
2026/09/20 11:04:10.990, 1, 717.69 W, 59, 2032 MHz, 3996 MHz, 100 %, 12 %
2026/09/20 11:04:10.990, 2, 818.45 W, 53, 1740 MHz, 3996 MHz, 100 %, 36 %
2026/09/20 11:04:10.990, 3, 936.56 W, 50, 2032 MHz, 3996 MHz, 100 %, 12 %
2026/09/20 11:04:10.990, 4, 183.25 W, 33, 120 MHz, 3996 MHz, 0 %, 0 %
2026/09/20 11:04:10.990, 5, 179.46 W, 31, 120 MHz, 3996 MHz, 0 %, 0 %
2026/09/20 11:04:10.990, 6, 180.19 W, 29, 120 MHz, 3996 MHz, 0 %, 0 %
2026/09/20 11:04:10.990, 7, 184.09 W, 29, 120 MHz, 3996 MHz, 0 %, 0 %
2026/09/20 11:04:11.990, 0, 933.14 W, 65, 1672 MHz, 3996 MHz, 100 %, 33 %
2026/09/20 11:04:11.990, 1, 725.17 W, 56, 2032 MHz, 3996 MHz, 100 %, 10 %
2026/09/20 11:04:11.990, 2, 718.75 W, 44, 2032 MHz, 3996 MHz, 100 %, 10 %
2026/09/20 11:04:11.990, 3, 827.74 W, 46, 2032 MHz, 3996 MHz, 100 %, 11 %
2026/09/20 11:04:11.990, 4, 183.25 W, 33, 120 MHz, 3996 MHz, 0 %, 0 %
2026/09/20 11:04:11.990, 5, 179.47 W, 31, 120 MHz, 3996 MHz, 0 %, 0 %
2026/09/20 11:04:11.990, 6, 180.16 W, 29, 120 MHz, 3996 MHz, 0 %, 0 %
2026/09/20 11:04:11.990, 7, 184.09 W, 29, 120 MHz, 3996 MHz, 0 %, 0 %
2026/09/20 11:04:12.990, 0, 586.06 W, 56, 2032 MHz, 3996 MHz, 100 %, 15 %
2026/09/20 11:04:12.990, 1, 545.28 W, 55, 2032 MHz, 3996 MHz, 100 %, 15 %
2026/09/20 11:04:12.990, 2, 756.12 W, 53, 1815 MHz, 3996 MHz, 100 %, 35 %
2026/09/20 11:04:12.990, 3, 1004.89 W, 55, 1912 MHz, 3996 MHz, 100 %, 34 %
2026/09/20 11:04:12.990, 4, 183.25 W, 33, 120 MHz, 3996 MHz, 0 %, 0 %
2026/09/20 11:04:12.990, 5, 179.46 W, 31, 120 MHz, 3996 MHz, 0 %, 0 %
2026/09/20 11:04:12.990, 6, 180.16 W, 29, 120 MHz, 3996 MHz, 0 %, 0 %
2026/09/20 11:04:12.990, 7, 184.09 W, 29, 120 MHz, 3996 MHz, 0 %, 0 %
2026/09/20 11:04:13.990, 0, 796.02 W, 63, 1942 MHz, 3996 MHz, 100 %, 32 %
2026/09/20 11:04:13.990, 1, 798.09 W, 64, 1717 MHz, 3996 MHz, 100 %, 33 %
2026/09/20 11:04:13.990, 2, 586.16 W, 45, 2032 MHz, 3996 MHz, 100 %, 14 %
2026/09/20 11:04:13.990, 3, 847.76 W, 47, 2032 MHz, 3996 MHz, 100 %, 15 %
2026/09/20 11:04:13.990, 4, 183.25 W, 33, 120 MHz, 3996 MHz, 0 %, 0 %
2026/09/20 11:04:13.990, 5, 179.46 W, 31, 120 MHz, 3996 MHz, 0 %, 0 %
2026/09/20 11:04:13.990, 6, 180.17 W, 29, 120 MHz, 3996 MHz, 0 %, 0 %
2026/09/20 11:04:13.990, 7, 184.09 W, 29, 120 MHz, 3996 MHz, 0 %, 0 %
2026/09/20 11:04:14.990, 0, 1016.34 W, 62, 2032 MHz, 3996 MHz, 100 %, 53 %
2026/09/20 11:04:14.990, 1, 771.87 W, 60, 2032 MHz, 3996 MHz, 100 %, 53 %
2026/09/20 11:04:14.990, 2, 699.75 W, 48, 2032 MHz, 3996 MHz, 100 %, 53 %
2026/09/20 11:04:14.990, 3, 967.44 W, 52, 2032 MHz, 3996 MHz, 100 %, 53 %
2026/09/20 11:04:14.990, 4, 183.25 W, 33, 120 MHz, 3996 MHz, 0 %, 0 %
2026/09/20 11:04:14.990, 5, 179.47 W, 31, 120 MHz, 3996 MHz, 0 %, 0 %
2026/09/20 11:04:14.990, 6, 180.17 W, 29, 120 MHz, 3996 MHz, 0 %, 0 %
2026/09/20 11:04:14.990, 7, 184.09 W, 29, 120 MHz, 3996 MHz, 0 %, 0 %
2026/09/20 11:04:15.991, 0, 811.12 W, 61, 1995 MHz, 3996 MHz, 100 %, 37 %
2026/09/20 11:04:15.991, 1, 702.62 W, 59, 2032 MHz, 3996 MHz, 100 %, 12 %
2026/09/20 11:04:15.991, 2, 670.70 W, 49, 2032 MHz, 3996 MHz, 100 %, 23 %
2026/09/20 11:04:15.991, 3, 925.42 W, 50, 2032 MHz, 3996 MHz, 100 %, 26 %
2026/09/20 11:04:15.991, 4, 183.25 W, 33, 120 MHz, 3996 MHz, 0 %, 0 %
2026/09/20 11:04:15.991, 5, 179.47 W, 31, 120 MHz, 3996 MHz, 0 %, 0 %
2026/09/20 11:04:15.991, 6, 180.17 W, 29, 120 MHz, 3996 MHz, 0 %, 0 %
2026/09/20 11:04:15.991, 7, 184.09 W, 29, 120 MHz, 3996 MHz, 0 %, 0 %
2026/09/20 11:04:16.991, 0, 718.68 W, 55, 2032 MHz, 3996 MHz, 100 %, 10 %
2026/09/20 11:04:16.991, 1, 740.29 W, 55, 2032 MHz, 3996 MHz, 100 %, 10 %
2026/09/20 11:04:16.991, 2, 843.13 W, 45, 2032 MHz, 3996 MHz, 100 %, 10 %
2026/09/20 11:04:16.991, 3, 929.35 W, 56, 1785 MHz, 3996 MHz, 100 %, 34 %
2026/09/20 11:04:16.991, 4, 183.25 W, 33, 120 MHz, 3996 MHz, 0 %, 0 %
2026/09/20 11:04:16.991, 5, 179.47 W, 31, 120 MHz, 3996 MHz, 0 %, 0 %
2026/09/20 11:04:16.991, 6, 180.17 W, 29, 120 MHz, 3996 MHz, 0 %, 0 %
2026/09/20 11:04:16.991, 7, 184.09 W, 29, 120 MHz, 3996 MHz, 0 %, 0 %
2026/09/20 11:04:17.991, 0, 894.35 W, 65, 1867 MHz, 3996 MHz, 100 %, 35 %
2026/09/20 11:04:17.991, 1, 862.72 W, 58, 2032 MHz, 3996 MHz, 100 %, 15 %
2026/09/20 11:04:17.991, 2, 857.68 W, 53, 1950 MHz, 3996 MHz, 100 %, 33 %
2026/09/20 11:04:17.991, 3, 777.07 W, 47, 2032 MHz, 3996 MHz, 100 %, 15 %
2026/09/20 11:04:17.991, 4, 183.25 W, 33, 120 MHz, 3996 MHz, 0 %, 0 %
2026/09/20 11:04:17.991, 5, 179.47 W, 31, 120 MHz, 3996 MHz, 0 %, 0 %
2026/09/20 11:04:17.991, 6, 180.16 W, 29, 120 MHz, 3996 MHz, 0 %, 0 %
2026/09/20 11:04:17.991, 7, 184.09 W, 29, 120 MHz, 3996 MHz, 0 %, 0 %
2026/09/20 11:04:18.991, 0, 826.27 W, 56, 2032 MHz, 3996 MHz, 100 %, 10 %
2026/09/20 11:04:18.991, 1, 464.74 W, 54, 2032 MHz, 3996 MHz, 100 %, 11 %
2026/09/20 11:04:18.991, 2, 583.65 W, 43, 2032 MHz, 3996 MHz, 100 %, 10 %
2026/09/20 11:04:18.991, 3, 712.84 W, 54, 1837 MHz, 3996 MHz, 100 %, 34 %
2026/09/20 11:04:18.991, 4, 183.25 W, 33, 120 MHz, 3996 MHz, 0 %, 0 %
2026/09/20 11:04:18.991, 5, 179.47 W, 31, 120 MHz, 3996 MHz, 0 %, 0 %
2026/09/20 11:04:18.991, 6, 180.15 W, 29, 120 MHz, 3996 MHz, 0 %, 0 %
2026/09/20 11:04:18.991, 7, 184.09 W, 29, 120 MHz, 3996 MHz, 0 %, 0 %
2026/09/20 11:04:19.991, 0, 682.44 W, 60, 2032 MHz, 3996 MHz, 100 %, 32 %
2026/09/20 11:04:19.991, 1, 1048.17 W, 62, 1965 MHz, 3996 MHz, 100 %, 34 %
2026/09/20 11:04:19.991, 2, 915.60 W, 50, 2032 MHz, 3996 MHz, 100 %, 33 %
2026/09/20 11:04:19.991, 3, 666.30 W, 49, 2032 MHz, 3996 MHz, 100 %, 37 %
2026/09/20 11:04:19.991, 4, 183.25 W, 33, 120 MHz, 3996 MHz, 0 %, 0 %
2026/09/20 11:04:19.991, 5, 179.46 W, 31, 120 MHz, 3996 MHz, 0 %, 0 %
2026/09/20 11:04:19.991, 6, 180.15 W, 29, 120 MHz, 3996 MHz, 0 %, 0 %
2026/09/20 11:04:19.991, 7, 184.09 W, 29, 120 MHz, 3996 MHz, 0 %, 0 %
2026/09/20 11:04:20.992, 0, 721.36 W, 58, 2032 MHz, 3996 MHz, 100 %, 13 %
2026/09/20 11:04:20.992, 1, 1050.14 W, 66, 1732 MHz, 3996 MHz, 99 %, 32 %
2026/09/20 11:04:20.992, 2, 976.95 W, 50, 2032 MHz, 3996 MHz, 100 %, 12 %
2026/09/20 11:04:20.992, 3, 980.92 W, 51, 2032 MHz, 3996 MHz, 100 %, 13 %
2026/09/20 11:04:20.992, 4, 183.25 W, 33, 120 MHz, 3996 MHz, 0 %, 0 %
2026/09/20 11:04:20.992, 5, 179.47 W, 31, 120 MHz, 3996 MHz, 0 %, 0 %
2026/09/20 11:04:20.992, 6, 180.15 W, 29, 120 MHz, 3996 MHz, 0 %, 0 %
2026/09/20 11:04:20.992, 7, 184.09 W, 29, 120 MHz, 3996 MHz, 0 %, 0 %
2026/09/20 11:04:21.992, 0, 989.88 W, 62, 2010 MHz, 3996 MHz, 100 %, 32 %
2026/09/20 11:04:21.992, 1, 1026.73 W, 66, 1890 MHz, 3996 MHz, 100 %, 34 %
2026/09/20 11:04:21.992, 2, 716.59 W, 48, 2032 MHz, 3996 MHz, 100 %, 19 %
2026/09/20 11:04:21.992, 3, 726.04 W, 46, 2032 MHz, 3996 MHz, 100 %, 23 %
2026/09/20 11:04:21.992, 4, 183.25 W, 33, 120 MHz, 3996 MHz, 0 %, 0 %
2026/09/20 11:04:21.992, 5, 179.47 W, 31, 120 MHz, 3996 MHz, 0 %, 0 %
2026/09/20 11:04:21.992, 6, 180.19 W, 29, 120 MHz, 3996 MHz, 0 %, 0 %
2026/09/20 11:04:21.992, 7, 184.09 W, 29, 120 MHz, 3996 MHz, 0 %, 0 %
2026/09/20 11:04:22.992, 0, 816.60 W, 63, 1717 MHz, 3996 MHz, 100 %, 36 %
2026/09/20 11:04:22.992, 1, 982.80 W, 62, 2032 MHz, 3996 MHz, 100 %, 18 %
2026/09/20 11:04:22.992, 2, 724.76 W, 47, 2032 MHz, 3996 MHz, 100 %, 13 %
2026/09/20 11:04:22.992, 3, 974.26 W, 52, 2032 MHz, 3996 MHz, 100 %, 13 %
2026/09/20 11:04:22.992, 4, 183.25 W, 33, 120 MHz, 3996 MHz, 0 %, 0 %
2026/09/20 11:04:22.992, 5, 179.47 W, 31, 120 MHz, 3996 MHz, 0 %, 0 %
2026/09/20 11:04:22.992, 6, 180.18 W, 29, 120 MHz, 3996 MHz, 0 %, 0 %
2026/09/20 11:04:22.992, 7, 184.09 W, 29, 120 MHz, 3996 MHz, 0 %, 0 %
2026/09/20 11:04:23.992, 0, 606.07 W, 54, 2032 MHz, 3996 MHz, 100 %, 11 %
2026/09/20 11:04:23.992, 1, 792.59 W, 65, 1672 MHz, 3996 MHz, 100 %, 33 %
2026/09/20 11:04:23.992, 2, 794.14 W, 45, 2032 MHz, 3996 MHz, 100 %, 10 %
2026/09/20 11:04:23.992, 3, 554.04 W, 45, 2032 MHz, 3996 MHz, 100 %, 11 %
2026/09/20 11:04:23.992, 4, 183.25 W, 33, 120 MHz, 3996 MHz, 0 %, 0 %
2026/09/20 11:04:23.992, 5, 179.47 W, 31, 120 MHz, 3996 MHz, 0 %, 0 %
2026/09/20 11:04:23.992, 6, 180.15 W, 29, 120 MHz, 3996 MHz, 0 %, 0 %
2026/09/20 11:04:23.992, 7, 184.09 W, 29, 120 MHz, 3996 MHz, 0 %, 0 %
2026/09/20 11:04:24.992, 0, 616.25 W, 55, 2032 MHz, 3996 MHz, 100 %, 15 %
2026/09/20 11:04:24.992, 1, 822.04 W, 64, 1912 MHz, 3996 MHz, 100 %, 33 %
2026/09/20 11:04:24.992, 2, 1004.37 W, 55, 1882 MHz, 3996 MHz, 100 %, 34 %
2026/09/20 11:04:24.992, 3, 849.78 W, 48, 2032 MHz, 3996 MHz, 100 %, 15 %
2026/09/20 11:04:24.992, 4, 183.25 W, 33, 120 MHz, 3996 MHz, 0 %, 0 %
2026/09/20 11:04:24.992, 5, 179.47 W, 31, 120 MHz, 3996 MHz, 0 %, 0 %
2026/09/20 11:04:24.992, 6, 180.16 W, 29, 120 MHz, 3996 MHz, 0 %, 0 %
2026/09/20 11:04:24.992, 7, 184.09 W, 29, 120 MHz, 3996 MHz, 0 %, 0 %
2026/09/20 11:04:25.993, 0, 625.05 W, 54, 2032 MHz, 3996 MHz, 100 %, 10 %
2026/09/20 11:04:25.993, 1, 718.81 W, 56, 2032 MHz, 3996 MHz, 100 %, 11 %
2026/09/20 11:04:25.993, 2, 830.25 W, 45, 2032 MHz, 3996 MHz, 100 %, 11 %
2026/09/20 11:04:25.993, 3, 850.59 W, 55, 1740 MHz, 3996 MHz, 100 %, 34 %
2026/09/20 11:04:25.993, 4, 183.25 W, 33, 120 MHz, 3996 MHz, 0 %, 0 %
2026/09/20 11:04:25.993, 5, 179.46 W, 31, 120 MHz, 3996 MHz, 0 %, 0 %
2026/09/20 11:04:25.993, 6, 180.23 W, 29, 120 MHz, 3996 MHz, 0 %, 0 %
2026/09/20 11:04:25.993, 7, 184.09 W, 29, 120 MHz, 3996 MHz, 0 %, 0 %
2026/09/20 11:04:26.993, 0, 753.10 W, 58, 2032 MHz, 3996 MHz, 100 %, 21 %
2026/09/20 11:04:26.993, 1, 987.44 W, 65, 2017 MHz, 3996 MHz, 100 %, 41 %
2026/09/20 11:04:26.993, 2, 983.91 W, 52, 1965 MHz, 3996 MHz, 100 %, 37 %
2026/09/20 11:04:26.993, 3, 735.92 W, 47, 2032 MHz, 3996 MHz, 100 %, 25 %
2026/09/20 11:04:26.993, 4, 183.25 W, 33, 120 MHz, 3996 MHz, 0 %, 0 %
2026/09/20 11:04:26.993, 5, 179.47 W, 31, 120 MHz, 3996 MHz, 0 %, 0 %
2026/09/20 11:04:26.993, 6, 180.11 W, 29, 120 MHz, 3996 MHz, 0 %, 0 %
2026/09/20 11:04:26.993, 7, 184.09 W, 29, 120 MHz, 3996 MHz, 0 %, 0 %
2026/09/20 11:04:27.993, 0, 1041.20 W, 65, 1665 MHz, 3996 MHz, 100 %, 35 %
2026/09/20 11:04:27.993, 1, 728.27 W, 61, 2032 MHz, 3996 MHz, 100 %, 12 %
2026/09/20 11:04:27.993, 2, 699.33 W, 49, 2032 MHz, 3996 MHz, 100 %, 13 %
2026/09/20 11:04:27.993, 3, 967.27 W, 50, 2032 MHz, 3996 MHz, 100 %, 13 %
2026/09/20 11:04:27.993, 4, 183.25 W, 33, 120 MHz, 3996 MHz, 0 %, 0 %
2026/09/20 11:04:27.993, 5, 179.47 W, 31, 120 MHz, 3996 MHz, 0 %, 0 %
2026/09/20 11:04:27.993, 6, 180.13 W, 29, 120 MHz, 3996 MHz, 0 %, 0 %
2026/09/20 11:04:27.993, 7, 184.09 W, 29, 120 MHz, 3996 MHz, 0 %, 0 %
2026/09/20 11:04:28.993, 0, 860.53 W, 58, 2032 MHz, 3996 MHz, 100 %, 33 %
2026/09/20 11:04:28.993, 1, 884.56 W, 62, 2032 MHz, 3996 MHz, 100 %, 44 %
2026/09/20 11:04:28.993, 2, 815.56 W, 48, 2032 MHz, 3996 MHz, 100 %, 34 %
2026/09/20 11:04:28.993, 3, 933.35 W, 53, 2025 MHz, 3996 MHz, 100 %, 38 %
2026/09/20 11:04:28.993, 4, 183.25 W, 33, 120 MHz, 3996 MHz, 0 %, 0 %
2026/09/20 11:04:28.993, 5, 179.47 W, 31, 120 MHz, 3996 MHz, 0 %, 0 %
2026/09/20 11:04:28.993, 6, 180.15 W, 29, 120 MHz, 3996 MHz, 0 %, 0 %
2026/09/20 11:04:28.993, 7, 184.09 W, 29, 120 MHz, 3996 MHz, 0 %, 0 %
2026/09/20 11:04:29.993, 0, 744.75 W, 64, 1957 MHz, 3996 MHz, 100 %, 54 %
2026/09/20 11:04:29.994, 1, 1025.77 W, 63, 2032 MHz, 3996 MHz, 100 %, 38 %
2026/09/20 11:04:29.994, 2, 680.21 W, 49, 2032 MHz, 3996 MHz, 100 %, 53 %
2026/09/20 11:04:29.994, 3, 711.83 W, 51, 1995 MHz, 3996 MHz, 100 %, 52 %
2026/09/20 11:04:29.994, 4, 183.25 W, 33, 120 MHz, 3996 MHz, 0 %, 0 %
2026/09/20 11:04:29.994, 5, 179.47 W, 31, 120 MHz, 3996 MHz, 0 %, 0 %
2026/09/20 11:04:29.994, 6, 180.15 W, 29, 120 MHz, 3996 MHz, 0 %, 0 %
2026/09/20 11:04:29.994, 7, 184.09 W, 29, 120 MHz, 3996 MHz, 0 %, 0 %
2026/09/20 11:04:30.994, 0, 913.99 W, 57, 2032 MHz, 3996 MHz, 100 %, 17 %
2026/09/20 11:04:30.994, 1, 808.67 W, 65, 1882 MHz, 3996 MHz, 100 %, 34 %
2026/09/20 11:04:30.994, 2, 774.53 W, 53, 2032 MHz, 3996 MHz, 100 %, 31 %
2026/09/20 11:04:30.994, 3, 1026.30 W, 56, 1957 MHz, 3996 MHz, 100 %, 33 %
2026/09/20 11:04:30.994, 4, 183.25 W, 33, 120 MHz, 3996 MHz, 0 %, 0 %
2026/09/20 11:04:30.994, 5, 179.47 W, 31, 120 MHz, 3996 MHz, 0 %, 0 %
2026/09/20 11:04:30.994, 6, 180.15 W, 29, 120 MHz, 3996 MHz, 0 %, 0 %
2026/09/20 11:04:30.994, 7, 184.05 W, 29, 120 MHz, 3996 MHz, 0 %, 0 %
2026/09/20 11:04:31.994, 0, 887.71 W, 62, 2032 MHz, 3996 MHz, 100 %, 53 %
2026/09/20 11:04:31.994, 1, 1040.93 W, 64, 2032 MHz, 3996 MHz, 100 %, 53 %
2026/09/20 11:04:31.994, 2, 782.67 W, 49, 2032 MHz, 3996 MHz, 100 %, 53 %
2026/09/20 11:04:31.994, 3, 785.42 W, 50, 2032 MHz, 3996 MHz, 99 %, 52 %
2026/09/20 11:04:31.994, 4, 183.25 W, 33, 120 MHz, 3996 MHz, 0 %, 0 %
2026/09/20 11:04:31.994, 5, 179.47 W, 31, 120 MHz, 3996 MHz, 0 %, 0 %
2026/09/20 11:04:31.994, 6, 180.17 W, 29, 120 MHz, 3996 MHz, 0 %, 0 %
2026/09/20 11:04:31.994, 7, 184.09 W, 29, 120 MHz, 3996 MHz, 0 %, 0 %
2026/09/20 11:04:32.994, 0, 1039.90 W, 65, 1942 MHz, 3996 MHz, 100 %, 35 %
2026/09/20 11:04:32.994, 1, 793.74 W, 64, 1957 MHz, 3996 MHz, 100 %, 34 %
2026/09/20 11:04:32.994, 2, 779.80 W, 53, 1987 MHz, 3996 MHz, 100 %, 35 %
2026/09/20 11:04:32.994, 3, 1036.99 W, 56, 1935 MHz, 3996 MHz, 100 %, 35 %
2026/09/20 11:04:32.994, 4, 183.25 W, 33, 120 MHz, 3996 MHz, 0 %, 0 %
2026/09/20 11:04:32.994, 5, 179.47 W, 31, 120 MHz, 3996 MHz, 0 %, 0 %
2026/09/20 11:04:32.994, 6, 180.16 W, 29, 120 MHz, 3996 MHz, 0 %, 0 %
2026/09/20 11:04:32.994, 7, 184.09 W, 29, 120 MHz, 3996 MHz, 0 %, 0 %
2026/09/20 11:04:33.994, 0, 1036.08 W, 64, 1995 MHz, 3996 MHz, 99 %, 53 %
2026/09/20 11:04:33.994, 1, 942.29 W, 63, 2032 MHz, 3996 MHz, 100 %, 44 %
2026/09/20 11:04:33.994, 2, 932.88 W, 53, 1957 MHz, 3996 MHz, 100 %, 51 %
2026/09/20 11:04:33.994, 3, 889.75 W, 52, 2032 MHz, 3996 MHz, 100 %, 46 %
2026/09/20 11:04:33.994, 4, 183.25 W, 33, 120 MHz, 3996 MHz, 0 %, 0 %
2026/09/20 11:04:33.994, 5, 179.54 W, 31, 120 MHz, 3996 MHz, 0 %, 0 %
2026/09/20 11:04:33.994, 6, 180.15 W, 29, 120 MHz, 3996 MHz, 0 %, 0 %
2026/09/20 11:04:33.994, 7, 184.09 W, 29, 120 MHz, 3996 MHz, 0 %, 0 %
2026/09/20 11:04:34.995, 0, 815.87 W, 59, 2032 MHz, 3996 MHz, 100 %, 14 %
2026/09/20 11:04:34.995, 1, 815.74 W, 58, 2032 MHz, 3996 MHz, 100 %, 23 %
2026/09/20 11:04:34.995, 2, 1062.81 W, 53, 1890 MHz, 3996 MHz, 100 %, 35 %
2026/09/20 11:04:34.995, 3, 835.94 W, 55, 1980 MHz, 3996 MHz, 100 %, 32 %
2026/09/20 11:04:34.995, 4, 183.25 W, 33, 120 MHz, 3996 MHz, 0 %, 0 %
2026/09/20 11:04:34.995, 5, 179.47 W, 31, 120 MHz, 3996 MHz, 0 %, 0 %
2026/09/20 11:04:34.995, 6, 180.19 W, 29, 120 MHz, 3996 MHz, 0 %, 0 %
2026/09/20 11:04:34.995, 7, 184.09 W, 29, 120 MHz, 3996 MHz, 0 %, 0 %
2026/09/20 11:04:35.995, 0, 998.34 W, 61, 2032 MHz, 3996 MHz, 100 %, 30 %
2026/09/20 11:04:35.995, 1, 995.29 W, 62, 2032 MHz, 3996 MHz, 100 %, 14 %
2026/09/20 11:04:35.995, 2, 983.21 W, 51, 2032 MHz, 3996 MHz, 100 %, 30 %
2026/09/20 11:04:35.995, 3, 776.19 W, 54, 1875 MHz, 3996 MHz, 100 %, 41 %
2026/09/20 11:04:35.995, 4, 183.25 W, 33, 120 MHz, 3996 MHz, 0 %, 0 %
2026/09/20 11:04:35.995, 5, 179.47 W, 31, 120 MHz, 3996 MHz, 0 %, 0 %
2026/09/20 11:04:35.995, 6, 180.24 W, 29, 120 MHz, 3996 MHz, 0 %, 0 %
2026/09/20 11:04:35.995, 7, 184.09 W, 29, 120 MHz, 3996 MHz, 0 %, 0 %
2026/09/20 11:04:36.996, 0, 939.45 W, 62, 2032 MHz, 3996 MHz, 100 %, 19 %
2026/09/20 11:04:36.996, 1, 686.42 W, 59, 2032 MHz, 3996 MHz, 100 %, 13 %
2026/09/20 11:04:36.996, 2, 722.30 W, 53, 1830 MHz, 3996 MHz, 100 %, 37 %
2026/09/20 11:04:36.996, 3, 738.41 W, 49, 2032 MHz, 3996 MHz, 100 %, 12 %
2026/09/20 11:04:36.996, 4, 183.25 W, 33, 120 MHz, 3996 MHz, 0 %, 0 %
2026/09/20 11:04:36.996, 5, 179.46 W, 31, 120 MHz, 3996 MHz, 0 %, 0 %
2026/09/20 11:04:36.996, 6, 180.16 W, 29, 120 MHz, 3996 MHz, 0 %, 0 %
2026/09/20 11:04:36.996, 7, 184.09 W, 29, 120 MHz, 3996 MHz, 0 %, 0 %
2026/09/20 11:04:37.996, 0, 674.17 W, 59, 2032 MHz, 3996 MHz, 100 %, 13 %
2026/09/20 11:04:37.996, 1, 930.47 W, 62, 2032 MHz, 3996 MHz, 100 %, 13 %
2026/09/20 11:04:37.996, 2, 718.71 W, 48, 2032 MHz, 3996 MHz, 100 %, 13 %
2026/09/20 11:04:37.996, 3, 744.98 W, 54, 1830 MHz, 3996 MHz, 100 %, 35 %
2026/09/20 11:04:37.996, 4, 183.25 W, 33, 120 MHz, 3996 MHz, 0 %, 0 %
2026/09/20 11:04:37.996, 5, 179.58 W, 31, 120 MHz, 3996 MHz, 0 %, 0 %
2026/09/20 11:04:37.996, 6, 180.16 W, 29, 120 MHz, 3996 MHz, 0 %, 0 %
2026/09/20 11:04:37.996, 7, 184.09 W, 29, 120 MHz, 3996 MHz, 0 %, 0 %
2026/09/20 11:04:38.996, 0, 914.01 W, 62, 2032 MHz, 3996 MHz, 100 %, 12 %
2026/09/20 11:04:38.996, 1, 913.98 W, 66, 1807 MHz, 3996 MHz, 100 %, 42 %
2026/09/20 11:04:38.996, 2, 771.99 W, 50, 2032 MHz, 3996 MHz, 100 %, 15 %
2026/09/20 11:04:38.996, 3, 819.46 W, 51, 2032 MHz, 3996 MHz, 100 %, 18 %
2026/09/20 11:04:38.996, 4, 183.25 W, 33, 120 MHz, 3996 MHz, 0 %, 0 %
2026/09/20 11:04:38.996, 5, 179.46 W, 31, 120 MHz, 3996 MHz, 0 %, 0 %
2026/09/20 11:04:38.996, 6, 180.17 W, 29, 120 MHz, 3996 MHz, 0 %, 0 %
2026/09/20 11:04:38.996, 7, 184.09 W, 29, 120 MHz, 3996 MHz, 0 %, 0 %
2026/09/20 11:04:39.996, 0, 812.73 W, 63, 2032 MHz, 3996 MHz, 99 %, 54 %
2026/09/20 11:04:39.996, 1, 706.53 W, 62, 2032 MHz, 3996 MHz, 100 %, 53 %
2026/09/20 11:04:39.996, 2, 681.70 W, 50, 2032 MHz, 3996 MHz, 100 %, 53 %
2026/09/20 11:04:39.996, 3, 927.72 W, 50, 2032 MHz, 3996 MHz, 100 %, 53 %
2026/09/20 11:04:39.996, 4, 183.25 W, 33, 120 MHz, 3996 MHz, 0 %, 0 %
2026/09/20 11:04:39.996, 5, 179.50 W, 31, 120 MHz, 3996 MHz, 0 %, 0 %
2026/09/20 11:04:39.996, 6, 180.20 W, 29, 120 MHz, 3996 MHz, 0 %, 0 %
2026/09/20 11:04:39.996, 7, 184.09 W, 29, 120 MHz, 3996 MHz, 0 %, 0 %
2026/09/20 11:04:40.996, 0, 732.82 W, 64, 1942 MHz, 3996 MHz, 100 %, 34 %
2026/09/20 11:04:40.997, 1, 880.71 W, 60, 2032 MHz, 3996 MHz, 100 %, 18 %
2026/09/20 11:04:40.997, 2, 830.11 W, 54, 1912 MHz, 3996 MHz, 100 %, 36 %
2026/09/20 11:04:40.997, 3, 718.87 W, 55, 1995 MHz, 3996 MHz, 100 %, 33 %
2026/09/20 11:04:40.997, 4, 183.25 W, 33, 120 MHz, 3996 MHz, 0 %, 0 %
2026/09/20 11:04:40.997, 5, 179.47 W, 31, 120 MHz, 3996 MHz, 0 %, 0 %
2026/09/20 11:04:40.997, 6, 180.16 W, 29, 120 MHz, 3996 MHz, 0 %, 0 %
2026/09/20 11:04:40.997, 7, 184.09 W, 29, 120 MHz, 3996 MHz, 0 %, 0 %
2026/09/20 11:04:41.997, 0, 768.84 W, 59, 2032 MHz, 3996 MHz, 100 %, 17 %
2026/09/20 11:04:41.997, 1, 849.49 W, 62, 2032 MHz, 3996 MHz, 100 %, 14 %
2026/09/20 11:04:41.997, 2, 819.11 W, 53, 1710 MHz, 3996 MHz, 100 %, 37 %
2026/09/20 11:04:41.997, 3, 771.59 W, 49, 2032 MHz, 3996 MHz, 100 %, 12 %
2026/09/20 11:04:41.997, 4, 183.25 W, 33, 120 MHz, 3996 MHz, 0 %, 0 %
2026/09/20 11:04:41.997, 5, 179.50 W, 31, 120 MHz, 3996 MHz, 0 %, 0 %
2026/09/20 11:04:41.997, 6, 180.16 W, 29, 120 MHz, 3996 MHz, 0 %, 0 %
2026/09/20 11:04:41.997, 7, 184.09 W, 29, 120 MHz, 3996 MHz, 0 %, 0 %
2026/09/20 11:04:42.997, 0, 980.09 W, 63, 2032 MHz, 3996 MHz, 100 %, 38 %
2026/09/20 11:04:42.997, 1, 968.80 W, 64, 2025 MHz, 3996 MHz, 100 %, 46 %
2026/09/20 11:04:42.997, 2, 777.94 W, 49, 2032 MHz, 3996 MHz, 100 %, 30 %
2026/09/20 11:04:42.997, 3, 969.02 W, 53, 2017 MHz, 3996 MHz, 100 %, 42 %
2026/09/20 11:04:42.997, 4, 183.25 W, 33, 120 MHz, 3996 MHz, 0 %, 0 %
2026/09/20 11:04:42.997, 5, 179.47 W, 31, 120 MHz, 3996 MHz, 0 %, 0 %
2026/09/20 11:04:42.997, 6, 180.17 W, 29, 120 MHz, 3996 MHz, 0 %, 0 %
2026/09/20 11:04:42.997, 7, 184.09 W, 29, 120 MHz, 3996 MHz, 0 %, 0 %
2026/09/20 11:04:43.997, 0, 829.82 W, 65, 1905 MHz, 3996 MHz, 100 %, 34 %
2026/09/20 11:04:43.997, 1, 818.50 W, 66, 1927 MHz, 3996 MHz, 100 %, 30 %
2026/09/20 11:04:43.997, 2, 805.10 W, 46, 2032 MHz, 3996 MHz, 100 %, 14 %
2026/09/20 11:04:43.997, 3, 549.51 W, 47, 2032 MHz, 3996 MHz, 100 %, 15 %
2026/09/20 11:04:43.997, 4, 183.25 W, 33, 120 MHz, 3996 MHz, 0 %, 0 %
2026/09/20 11:04:43.997, 5, 179.47 W, 31, 120 MHz, 3996 MHz, 0 %, 0 %
2026/09/20 11:04:43.997, 6, 180.19 W, 29, 120 MHz, 3996 MHz, 0 %, 0 %
2026/09/20 11:04:43.997, 7, 184.09 W, 29, 120 MHz, 3996 MHz, 0 %, 0 %
2026/09/20 11:04:44.997, 0, 812.43 W, 65, 1822 MHz, 3996 MHz, 100 %, 33 %
2026/09/20 11:04:44.997, 1, 655.96 W, 57, 2032 MHz, 3996 MHz, 100 %, 15 %
2026/09/20 11:04:44.997, 2, 1054.14 W, 55, 1875 MHz, 3996 MHz, 100 %, 35 %
2026/09/20 11:04:44.997, 3, 887.38 W, 48, 2032 MHz, 3996 MHz, 100 %, 15 %
2026/09/20 11:04:44.997, 4, 183.25 W, 33, 120 MHz, 3996 MHz, 0 %, 0 %
2026/09/20 11:04:44.997, 5, 179.47 W, 31, 120 MHz, 3996 MHz, 0 %, 0 %
2026/09/20 11:04:44.997, 6, 180.17 W, 29, 120 MHz, 3996 MHz, 0 %, 0 %
2026/09/20 11:04:44.997, 7, 184.09 W, 29, 120 MHz, 3996 MHz, 0 %, 0 %
2026/09/20 11:04:45.998, 0, 771.94 W, 57, 2032 MHz, 3996 MHz, 100 %, 11 %
2026/09/20 11:04:45.998, 1, 801.29 W, 58, 2032 MHz, 3996 MHz, 100 %, 11 %
2026/09/20 11:04:45.998, 2, 939.35 W, 56, 1837 MHz, 3996 MHz, 100 %, 34 %
2026/09/20 11:04:45.998, 3, 670.20 W, 46, 2032 MHz, 3996 MHz, 100 %, 10 %
2026/09/20 11:04:45.998, 4, 183.25 W, 33, 120 MHz, 3996 MHz, 0 %, 0 %
2026/09/20 11:04:45.998, 5, 179.47 W, 31, 120 MHz, 3996 MHz, 0 %, 0 %
2026/09/20 11:04:45.998, 6, 180.20 W, 29, 120 MHz, 3996 MHz, 0 %, 0 %
2026/09/20 11:04:45.998, 7, 184.09 W, 29, 120 MHz, 3996 MHz, 0 %, 0 %
2026/09/20 11:04:46.998, 0, 774.91 W, 57, 2032 MHz, 3996 MHz, 100 %, 15 %
2026/09/20 11:04:46.998, 1, 872.57 W, 66, 1762 MHz, 3996 MHz, 100 %, 34 %
2026/09/20 11:04:46.998, 2, 946.79 W, 55, 1792 MHz, 3996 MHz, 100 %, 34 %
2026/09/20 11:04:46.998, 3, 632.34 W, 46, 2032 MHz, 3996 MHz, 100 %, 14 %
2026/09/20 11:04:46.998, 4, 183.25 W, 33, 120 MHz, 3996 MHz, 0 %, 0 %
2026/09/20 11:04:46.998, 5, 179.47 W, 31, 120 MHz, 3996 MHz, 0 %, 0 %
2026/09/20 11:04:46.998, 6, 180.17 W, 29, 120 MHz, 3996 MHz, 0 %, 0 %
2026/09/20 11:04:46.998, 7, 184.09 W, 29, 120 MHz, 3996 MHz, 0 %, 0 %
2026/09/20 11:04:47.998, 0, 893.83 W, 60, 1980 MHz, 3996 MHz, 100 %, 33 %
2026/09/20 11:04:47.998, 1, 725.69 W, 56, 2032 MHz, 3996 MHz, 100 %, 19 %
2026/09/20 11:04:47.998, 2, 670.09 W, 45, 2032 MHz, 3996 MHz, 100 %, 11 %
2026/09/20 11:04:47.998, 3, 762.60 W, 45, 2032 MHz, 3996 MHz, 100 %, 11 %
2026/09/20 11:04:47.998, 4, 183.25 W, 33, 120 MHz, 3996 MHz, 0 %, 0 %
2026/09/20 11:04:47.998, 5, 179.46 W, 31, 120 MHz, 3996 MHz, 0 %, 0 %
2026/09/20 11:04:47.998, 6, 180.13 W, 29, 120 MHz, 3996 MHz, 0 %, 0 %
2026/09/20 11:04:47.998, 7, 184.09 W, 29, 120 MHz, 3996 MHz, 0 %, 0 %
2026/09/20 11:04:48.998, 0, 544.73 W, 56, 2032 MHz, 3996 MHz, 100 %, 33 %
2026/09/20 11:04:48.998, 1, 766.32 W, 57, 2032 MHz, 3996 MHz, 100 %, 19 %
2026/09/20 11:04:48.998, 2, 855.22 W, 55, 1777 MHz, 3996 MHz, 100 %, 44 %
2026/09/20 11:04:48.998, 3, 786.71 W, 48, 2032 MHz, 3996 MHz, 100 %, 30 %
2026/09/20 11:04:48.998, 4, 183.25 W, 33, 120 MHz, 3996 MHz, 0 %, 0 %
2026/09/20 11:04:48.998, 5, 179.46 W, 31, 120 MHz, 3996 MHz, 0 %, 0 %
2026/09/20 11:04:48.998, 6, 180.15 W, 29, 120 MHz, 3996 MHz, 0 %, 0 %
2026/09/20 11:04:48.998, 7, 184.09 W, 29, 120 MHz, 3996 MHz, 0 %, 0 %
2026/09/20 11:04:49.999, 0, 587.91 W, 57, 2032 MHz, 3996 MHz, 100 %, 13 %
2026/09/20 11:04:49.999, 1, 643.86 W, 63, 1672 MHz, 3996 MHz, 100 %, 36 %
2026/09/20 11:04:49.999, 2, 756.16 W, 48, 2032 MHz, 3996 MHz, 100 %, 12 %
2026/09/20 11:04:49.999, 3, 823.01 W, 51, 2032 MHz, 3996 MHz, 100 %, 13 %
2026/09/20 11:04:49.999, 4, 183.25 W, 33, 120 MHz, 3996 MHz, 0 %, 0 %
2026/09/20 11:04:49.999, 5, 179.50 W, 31, 120 MHz, 3996 MHz, 0 %, 0 %
2026/09/20 11:04:49.999, 6, 180.15 W, 29, 120 MHz, 3996 MHz, 0 %, 0 %
2026/09/20 11:04:49.999, 7, 184.09 W, 29, 120 MHz, 3996 MHz, 0 %, 0 %
2026/09/20 11:04:50.999, 0, 683.12 W, 59, 2032 MHz, 3996 MHz, 100 %, 12 %
2026/09/20 11:04:50.999, 1, 748.70 W, 60, 2032 MHz, 3996 MHz, 100 %, 13 %
2026/09/20 11:04:50.999, 2, 911.17 W, 50, 2032 MHz, 3996 MHz, 100 %, 12 %
2026/09/20 11:04:50.999, 3, 765.57 W, 55, 1740 MHz, 3996 MHz, 100 %, 35 %
2026/09/20 11:04:50.999, 4, 183.25 W, 33, 120 MHz, 3996 MHz, 0 %, 0 %
2026/09/20 11:04:50.999, 5, 179.50 W, 31, 120 MHz, 3996 MHz, 0 %, 0 %
2026/09/20 11:04:50.999, 6, 180.14 W, 29, 120 MHz, 3996 MHz, 0 %, 0 %
2026/09/20 11:04:50.999, 7, 184.09 W, 29, 120 MHz, 3996 MHz, 0 %, 0 %
2026/09/20 11:04:51.999, 0, 840.66 W, 56, 2032 MHz, 3996 MHz, 100 %, 15 %
2026/09/20 11:04:51.999, 1, 845.07 W, 58, 2032 MHz, 3996 MHz, 100 %, 15 %
2026/09/20 11:04:51.999, 2, 785.96 W, 54, 1912 MHz, 3996 MHz, 100 %, 34 %
2026/09/20 11:04:51.999, 3, 828.94 W, 55, 1837 MHz, 3996 MHz, 100 %, 34 %
2026/09/20 11:04:51.999, 4, 183.25 W, 33, 120 MHz, 3996 MHz, 0 %, 0 %
2026/09/20 11:04:51.999, 5, 179.47 W, 31, 120 MHz, 3996 MHz, 0 %, 0 %
2026/09/20 11:04:51.999, 6, 180.14 W, 29, 120 MHz, 3996 MHz, 0 %, 0 %
2026/09/20 11:04:51.999, 7, 184.09 W, 29, 120 MHz, 3996 MHz, 0 %, 0 %
2026/09/20 11:04:52.999, 0, 705.74 W, 55, 2032 MHz, 3996 MHz, 100 %, 11 %
2026/09/20 11:04:52.999, 1, 910.31 W, 66, 1770 MHz, 3996 MHz, 100 %, 33 %
2026/09/20 11:04:52.999, 2, 737.67 W, 45, 2032 MHz, 3996 MHz, 100 %, 10 %
2026/09/20 11:04:52.999, 3, 856.81 W, 46, 2032 MHz, 3996 MHz, 100 %, 10 %
2026/09/20 11:04:52.999, 4, 183.25 W, 33, 120 MHz, 3996 MHz, 0 %, 0 %
2026/09/20 11:04:52.999, 5, 179.46 W, 31, 120 MHz, 3996 MHz, 0 %, 0 %
2026/09/20 11:04:52.999, 6, 180.18 W, 29, 120 MHz, 3996 MHz, 0 %, 0 %
2026/09/20 11:04:53.000, 7, 184.09 W, 29, 120 MHz, 3996 MHz, 0 %, 0 %
2026/09/20 11:04:54.000, 0, 645.65 W, 54, 2032 MHz, 3996 MHz, 100 %, 10 %
2026/09/20 11:04:54.000, 1, 713.30 W, 57, 2032 MHz, 3996 MHz, 100 %, 11 %
2026/09/20 11:04:54.000, 2, 749.00 W, 45, 2032 MHz, 3996 MHz, 100 %, 11 %
2026/09/20 11:04:54.000, 3, 893.13 W, 56, 1725 MHz, 3996 MHz, 100 %, 34 %
2026/09/20 11:04:54.000, 4, 183.25 W, 33, 120 MHz, 3996 MHz, 0 %, 0 %
2026/09/20 11:04:54.000, 5, 179.47 W, 31, 120 MHz, 3996 MHz, 0 %, 0 %
2026/09/20 11:04:54.000, 6, 180.14 W, 29, 120 MHz, 3996 MHz, 0 %, 0 %
2026/09/20 11:04:54.000, 7, 184.09 W, 29, 120 MHz, 3996 MHz, 0 %, 0 %
2026/09/20 11:04:55.000, 0, 817.85 W, 64, 1770 MHz, 3996 MHz, 100 %, 35 %
2026/09/20 11:04:55.000, 1, 834.02 W, 58, 2032 MHz, 3996 MHz, 100 %, 15 %
2026/09/20 11:04:55.000, 2, 783.59 W, 54, 1912 MHz, 3996 MHz, 100 %, 33 %
2026/09/20 11:04:55.000, 3, 571.66 W, 47, 2032 MHz, 3996 MHz, 100 %, 15 %
2026/09/20 11:04:55.000, 4, 183.25 W, 33, 120 MHz, 3996 MHz, 0 %, 0 %
2026/09/20 11:04:55.000, 5, 179.51 W, 31, 120 MHz, 3996 MHz, 0 %, 0 %
2026/09/20 11:04:55.000, 6, 180.15 W, 29, 120 MHz, 3996 MHz, 0 %, 0 %
2026/09/20 11:04:55.000, 7, 184.09 W, 29, 120 MHz, 3996 MHz, 0 %, 0 %
2026/09/20 11:04:56.000, 0, 829.57 W, 63, 2017 MHz, 3996 MHz, 100 %, 32 %
2026/09/20 11:04:56.000, 1, 809.38 W, 58, 2032 MHz, 3996 MHz, 100 %, 29 %
2026/09/20 11:04:56.000, 2, 811.98 W, 49, 2032 MHz, 3996 MHz, 100 %, 15 %
2026/09/20 11:04:56.000, 3, 817.82 W, 51, 1950 MHz, 3996 MHz, 100 %, 35 %
2026/09/20 11:04:56.000, 4, 183.25 W, 33, 120 MHz, 3996 MHz, 0 %, 0 %
2026/09/20 11:04:56.000, 5, 179.47 W, 31, 120 MHz, 3996 MHz, 0 %, 0 %
2026/09/20 11:04:56.000, 6, 180.19 W, 29, 120 MHz, 3996 MHz, 0 %, 0 %
2026/09/20 11:04:56.000, 7, 184.09 W, 29, 120 MHz, 3996 MHz, 0 %, 0 %
2026/09/20 11:04:57.000, 0, 1055.66 W, 65, 1867 MHz, 3996 MHz, 100 %, 35 %
2026/09/20 11:04:57.001, 1, 723.95 W, 58, 2032 MHz, 3996 MHz, 100 %, 17 %
2026/09/20 11:04:57.001, 2, 936.78 W, 56, 1845 MHz, 3996 MHz, 100 %, 34 %
2026/09/20 11:04:57.001, 3, 924.98 W, 55, 1995 MHz, 3996 MHz, 100 %, 32 %
2026/09/20 11:04:57.001, 4, 183.25 W, 33, 120 MHz, 3996 MHz, 0 %, 0 %
2026/09/20 11:04:57.001, 5, 179.50 W, 31, 120 MHz, 3996 MHz, 0 %, 0 %
2026/09/20 11:04:57.001, 6, 180.16 W, 29, 120 MHz, 3996 MHz, 0 %, 0 %
2026/09/20 11:04:57.001, 7, 184.09 W, 29, 120 MHz, 3996 MHz, 0 %, 0 %
2026/09/20 11:04:58.001, 0, 986.37 W, 61, 2032 MHz, 3996 MHz, 100 %, 34 %
2026/09/20 11:04:58.001, 1, 808.91 W, 64, 1957 MHz, 3996 MHz, 100 %, 35 %
2026/09/20 11:04:58.001, 2, 826.26 W, 54, 1957 MHz, 3996 MHz, 100 %, 43 %
2026/09/20 11:04:58.001, 3, 821.57 W, 54, 2002 MHz, 3996 MHz, 100 %, 39 %
2026/09/20 11:04:58.001, 4, 183.25 W, 33, 120 MHz, 3996 MHz, 0 %, 0 %
2026/09/20 11:04:58.001, 5, 179.54 W, 31, 120 MHz, 3996 MHz, 0 %, 0 %
2026/09/20 11:04:58.001, 6, 180.15 W, 29, 120 MHz, 3996 MHz, 0 %, 0 %
2026/09/20 11:04:58.001, 7, 184.09 W, 29, 120 MHz, 3996 MHz, 0 %, 0 %
2026/09/20 11:04:59.001, 0, 647.63 W, 57, 2032 MHz, 3996 MHz, 100 %, 14 %
2026/09/20 11:04:59.001, 1, 870.71 W, 59, 2032 MHz, 3996 MHz, 100 %, 15 %
2026/09/20 11:04:59.001, 2, 1053.88 W, 56, 1785 MHz, 3996 MHz, 100 %, 35 %
2026/09/20 11:04:59.001, 3, 1035.07 W, 56, 1980 MHz, 3996 MHz, 100 %, 31 %
2026/09/20 11:04:59.001, 4, 183.25 W, 33, 120 MHz, 3996 MHz, 0 %, 0 %
2026/09/20 11:04:59.001, 5, 179.50 W, 31, 120 MHz, 3996 MHz, 0 %, 0 %
2026/09/20 11:04:59.001, 6, 180.14 W, 29, 120 MHz, 3996 MHz, 0 %, 0 %
2026/09/20 11:04:59.001, 7, 184.09 W, 29, 120 MHz, 3996 MHz, 0 %, 0 %
2026/09/20 11:05:00.001, 0, 575.42 W, 56, 2032 MHz, 3996 MHz, 100 %, 15 %
2026/09/20 11:05:00.001, 1, 758.19 W, 66, 1867 MHz, 3996 MHz, 100 %, 33 %
2026/09/20 11:05:00.001, 2, 807.23 W, 55, 1875 MHz, 3996 MHz, 100 %, 34 %
2026/09/20 11:05:00.001, 3, 863.16 W, 48, 2032 MHz, 3996 MHz, 100 %, 15 %
2026/09/20 11:05:00.001, 4, 183.25 W, 33, 120 MHz, 3996 MHz, 0 %, 0 %
2026/09/20 11:05:00.001, 5, 179.46 W, 31, 120 MHz, 3996 MHz, 0 %, 0 %
2026/09/20 11:05:00.001, 6, 180.21 W, 29, 120 MHz, 3996 MHz, 0 %, 0 %
2026/09/20 11:05:00.001, 7, 184.09 W, 29, 120 MHz, 3996 MHz, 0 %, 0 %
2026/09/20 11:05:01.002, 0, 714.38 W, 59, 2032 MHz, 3996 MHz, 100 %, 13 %
2026/09/20 11:05:01.002, 1, 788.85 W, 61, 1897 MHz, 3996 MHz, 100 %, 44 %
2026/09/20 11:05:01.002, 2, 739.32 W, 49, 2032 MHz, 3996 MHz, 100 %, 46 %
2026/09/20 11:05:01.002, 3, 939.75 W, 51, 2032 MHz, 3996 MHz, 100 %, 41 %
2026/09/20 11:05:01.002, 4, 183.25 W, 33, 120 MHz, 3996 MHz, 0 %, 0 %
2026/09/20 11:05:01.002, 5, 179.47 W, 31, 120 MHz, 3996 MHz, 0 %, 0 %
2026/09/20 11:05:01.002, 6, 180.15 W, 29, 120 MHz, 3996 MHz, 0 %, 0 %
2026/09/20 11:05:01.002, 7, 184.09 W, 29, 120 MHz, 3996 MHz, 0 %, 0 %
2026/09/20 11:05:02.002, 0, 640.25 W, 55, 2032 MHz, 3996 MHz, 100 %, 10 %
2026/09/20 11:05:02.002, 1, 749.80 W, 57, 2032 MHz, 3996 MHz, 100 %, 11 %
2026/09/20 11:05:02.002, 2, 892.23 W, 49, 2025 MHz, 3996 MHz, 100 %, 19 %
2026/09/20 11:05:02.002, 3, 715.27 W, 54, 1852 MHz, 3996 MHz, 100 %, 27 %
2026/09/20 11:05:02.002, 4, 183.25 W, 33, 120 MHz, 3996 MHz, 0 %, 0 %
2026/09/20 11:05:02.002, 5, 179.46 W, 31, 120 MHz, 3996 MHz, 0 %, 0 %
2026/09/20 11:05:02.002, 6, 180.15 W, 29, 120 MHz, 3996 MHz, 0 %, 0 %
2026/09/20 11:05:02.002, 7, 184.09 W, 29, 120 MHz, 3996 MHz, 0 %, 0 %
2026/09/20 11:05:03.002, 0, 910.53 W, 65, 1927 MHz, 3996 MHz, 100 %, 35 %
2026/09/20 11:05:03.002, 1, 902.47 W, 65, 1957 MHz, 3996 MHz, 100 %, 41 %
2026/09/20 11:05:03.002, 2, 629.22 W, 52, 1980 MHz, 3996 MHz, 100 %, 48 %
2026/09/20 11:05:03.002, 3, 758.66 W, 49, 2032 MHz, 3996 MHz, 100 %, 40 %
2026/09/20 11:05:03.002, 4, 183.25 W, 33, 120 MHz, 3996 MHz, 0 %, 0 %
2026/09/20 11:05:03.002, 5, 179.47 W, 31, 120 MHz, 3996 MHz, 0 %, 0 %
2026/09/20 11:05:03.002, 6, 180.17 W, 29, 120 MHz, 3996 MHz, 0 %, 0 %
2026/09/20 11:05:03.002, 7, 184.09 W, 29, 120 MHz, 3996 MHz, 0 %, 0 %
2026/09/20 11:05:04.002, 0, 857.22 W, 64, 1717 MHz, 3996 MHz, 100 %, 34 %
2026/09/20 11:05:04.002, 1, 768.07 W, 58, 2032 MHz, 3996 MHz, 100 %, 10 %
2026/09/20 11:05:04.002, 2, 752.07 W, 46, 2032 MHz, 3996 MHz, 100 %, 20 %
2026/09/20 11:05:04.002, 3, 782.19 W, 48, 2032 MHz, 3996 MHz, 100 %, 15 %
2026/09/20 11:05:04.002, 4, 183.25 W, 33, 120 MHz, 3996 MHz, 0 %, 0 %
2026/09/20 11:05:04.002, 5, 179.47 W, 31, 120 MHz, 3996 MHz, 0 %, 0 %
2026/09/20 11:05:04.003, 6, 180.16 W, 29, 120 MHz, 3996 MHz, 0 %, 0 %
2026/09/20 11:05:04.003, 7, 184.09 W, 29, 120 MHz, 3996 MHz, 0 %, 0 %
2026/09/20 11:05:05.003, 0, 1036.14 W, 65, 1980 MHz, 3996 MHz, 100 %, 32 %
2026/09/20 11:05:05.003, 1, 681.81 W, 59, 2032 MHz, 3996 MHz, 100 %, 15 %
2026/09/20 11:05:05.003, 2, 751.10 W, 55, 1912 MHz, 3996 MHz, 100 %, 36 %
2026/09/20 11:05:05.003, 3, 661.39 W, 48, 2032 MHz, 3996 MHz, 100 %, 14 %
2026/09/20 11:05:05.003, 4, 183.25 W, 33, 120 MHz, 3996 MHz, 0 %, 0 %
2026/09/20 11:05:05.003, 5, 179.58 W, 31, 120 MHz, 3996 MHz, 0 %, 0 %
2026/09/20 11:05:05.003, 6, 180.16 W, 29, 120 MHz, 3996 MHz, 0 %, 0 %
2026/09/20 11:05:05.003, 7, 184.09 W, 29, 120 MHz, 3996 MHz, 0 %, 0 %
2026/09/20 11:05:06.003, 0, 838.81 W, 64, 1942 MHz, 3996 MHz, 100 %, 34 %
2026/09/20 11:05:06.003, 1, 675.15 W, 64, 1920 MHz, 3996 MHz, 100 %, 34 %
2026/09/20 11:05:06.003, 2, 970.53 W, 49, 2032 MHz, 3996 MHz, 100 %, 18 %
2026/09/20 11:05:06.003, 3, 898.78 W, 55, 1920 MHz, 3996 MHz, 100 %, 35 %
2026/09/20 11:05:06.003, 4, 183.25 W, 33, 120 MHz, 3996 MHz, 0 %, 0 %
2026/09/20 11:05:06.003, 5, 179.50 W, 31, 120 MHz, 3996 MHz, 0 %, 0 %
2026/09/20 11:05:06.003, 6, 180.24 W, 29, 120 MHz, 3996 MHz, 0 %, 0 %
2026/09/20 11:05:06.003, 7, 184.09 W, 29, 120 MHz, 3996 MHz, 0 %, 0 %
2026/09/20 11:05:07.003, 0, 975.05 W, 66, 1725 MHz, 3996 MHz, 100 %, 35 %
2026/09/20 11:05:07.003, 1, 980.45 W, 62, 2032 MHz, 3996 MHz, 100 %, 12 %
2026/09/20 11:05:07.003, 2, 695.89 W, 49, 2032 MHz, 3996 MHz, 100 %, 12 %
2026/09/20 11:05:07.003, 3, 869.78 W, 51, 2032 MHz, 3996 MHz, 100 %, 13 %
2026/09/20 11:05:07.003, 4, 183.25 W, 33, 120 MHz, 3996 MHz, 0 %, 0 %
2026/09/20 11:05:07.003, 5, 179.58 W, 31, 120 MHz, 3996 MHz, 0 %, 0 %
2026/09/20 11:05:07.003, 6, 180.15 W, 29, 120 MHz, 3996 MHz, 0 %, 0 %
2026/09/20 11:05:07.003, 7, 184.09 W, 29, 120 MHz, 3996 MHz, 0 %, 0 %
2026/09/20 11:05:08.004, 0, 835.38 W, 65, 1702 MHz, 3996 MHz, 100 %, 35 %
2026/09/20 11:05:08.004, 1, 960.75 W, 62, 2032 MHz, 3996 MHz, 100 %, 12 %
2026/09/20 11:05:08.004, 2, 949.58 W, 51, 2032 MHz, 3996 MHz, 100 %, 13 %
2026/09/20 11:05:08.004, 3, 947.84 W, 51, 2032 MHz, 3996 MHz, 100 %, 13 %
2026/09/20 11:05:08.004, 4, 183.25 W, 33, 120 MHz, 3996 MHz, 0 %, 0 %
2026/09/20 11:05:08.004, 5, 179.50 W, 31, 120 MHz, 3996 MHz, 0 %, 0 %
2026/09/20 11:05:08.004, 6, 180.17 W, 29, 120 MHz, 3996 MHz, 0 %, 0 %
2026/09/20 11:05:08.004, 7, 184.09 W, 29, 120 MHz, 3996 MHz, 0 %, 0 %
2026/09/20 11:05:09.004, 0, 952.23 W, 60, 2032 MHz, 3996 MHz, 100 %, 10 %
2026/09/20 11:05:09.004, 1, 1021.63 W, 67, 1867 MHz, 3996 MHz, 100 %, 39 %
2026/09/20 11:05:09.004, 2, 667.76 W, 47, 2032 MHz, 3996 MHz, 100 %, 37 %
2026/09/20 11:05:09.004, 3, 920.14 W, 49, 2032 MHz, 3996 MHz, 100 %, 34 %
2026/09/20 11:05:09.004, 4, 183.25 W, 33, 120 MHz, 3996 MHz, 0 %, 0 %
2026/09/20 11:05:09.004, 5, 179.47 W, 31, 120 MHz, 3996 MHz, 0 %, 0 %
2026/09/20 11:05:09.004, 6, 180.15 W, 29, 120 MHz, 3996 MHz, 0 %, 0 %
2026/09/20 11:05:09.004, 7, 184.09 W, 29, 120 MHz, 3996 MHz, 0 %, 0 %
2026/09/20 11:05:10.004, 0, 656.95 W, 64, 1912 MHz, 3996 MHz, 100 %, 34 %
2026/09/20 11:05:10.004, 1, 750.93 W, 59, 2032 MHz, 3996 MHz, 100 %, 15 %
2026/09/20 11:05:10.004, 2, 607.80 W, 53, 1912 MHz, 3996 MHz, 100 %, 36 %
2026/09/20 11:05:10.004, 3, 775.91 W, 49, 2032 MHz, 3996 MHz, 100 %, 15 %
2026/09/20 11:05:10.004, 4, 183.25 W, 34, 120 MHz, 3996 MHz, 0 %, 0 %
2026/09/20 11:05:10.004, 5, 179.50 W, 31, 120 MHz, 3996 MHz, 0 %, 0 %
2026/09/20 11:05:10.004, 6, 180.13 W, 29, 120 MHz, 3996 MHz, 0 %, 0 %
2026/09/20 11:05:10.004, 7, 184.09 W, 29, 120 MHz, 3996 MHz, 0 %, 0 %
2026/09/20 11:05:11.004, 0, 867.33 W, 59, 2032 MHz, 3996 MHz, 100 %, 15 %
2026/09/20 11:05:11.005, 1, 899.61 W, 66, 1890 MHz, 3996 MHz, 100 %, 39 %
2026/09/20 11:05:11.005, 2, 869.38 W, 48, 2032 MHz, 3996 MHz, 100 %, 34 %
2026/09/20 11:05:11.005, 3, 750.27 W, 55, 1965 MHz, 3996 MHz, 100 %, 43 %
2026/09/20 11:05:11.005, 4, 183.25 W, 33, 120 MHz, 3996 MHz, 0 %, 0 %
2026/09/20 11:05:11.005, 5, 179.50 W, 31, 120 MHz, 3996 MHz, 0 %, 0 %
2026/09/20 11:05:11.005, 6, 180.14 W, 29, 120 MHz, 3996 MHz, 0 %, 0 %
2026/09/20 11:05:11.005, 7, 184.09 W, 29, 120 MHz, 3996 MHz, 0 %, 0 %
2026/09/20 11:05:12.005, 0, 586.94 W, 59, 2032 MHz, 3996 MHz, 100 %, 13 %
2026/09/20 11:05:12.005, 1, 754.79 W, 60, 2032 MHz, 3996 MHz, 100 %, 13 %
2026/09/20 11:05:12.005, 2, 882.14 W, 55, 1740 MHz, 3996 MHz, 100 %, 33 %
2026/09/20 11:05:12.005, 3, 748.06 W, 49, 2032 MHz, 3996 MHz, 100 %, 12 %
2026/09/20 11:05:12.005, 4, 183.25 W, 34, 120 MHz, 3996 MHz, 0 %, 0 %
2026/09/20 11:05:12.005, 5, 179.51 W, 31, 120 MHz, 3996 MHz, 0 %, 0 %
2026/09/20 11:05:12.005, 6, 180.13 W, 29, 120 MHz, 3996 MHz, 0 %, 0 %
2026/09/20 11:05:12.005, 7, 184.09 W, 29, 120 MHz, 3996 MHz, 0 %, 0 %
2026/09/20 11:05:13.005, 0, 1039.19 W, 66, 1852 MHz, 3996 MHz, 100 %, 34 %
2026/09/20 11:05:13.005, 1, 783.33 W, 65, 1935 MHz, 3996 MHz, 100 %, 33 %
2026/09/20 11:05:13.005, 2, 634.68 W, 47, 2032 MHz, 3996 MHz, 100 %, 18 %
2026/09/20 11:05:13.005, 3, 781.68 W, 54, 1950 MHz, 3996 MHz, 100 %, 35 %
2026/09/20 11:05:13.005, 4, 183.25 W, 34, 120 MHz, 3996 MHz, 0 %, 0 %
2026/09/20 11:05:13.005, 5, 179.47 W, 31, 120 MHz, 3996 MHz, 0 %, 0 %
2026/09/20 11:05:13.005, 6, 180.14 W, 29, 120 MHz, 3996 MHz, 0 %, 0 %
2026/09/20 11:05:13.005, 7, 184.09 W, 29, 120 MHz, 3996 MHz, 0 %, 0 %
2026/09/20 11:05:14.005, 0, 825.26 W, 65, 1702 MHz, 3996 MHz, 100 %, 35 %
2026/09/20 11:05:14.005, 1, 764.92 W, 60, 2032 MHz, 3996 MHz, 100 %, 13 %
2026/09/20 11:05:14.005, 2, 887.18 W, 51, 2032 MHz, 3996 MHz, 100 %, 13 %
2026/09/20 11:05:14.005, 3, 994.53 W, 52, 2032 MHz, 3996 MHz, 100 %, 14 %
2026/09/20 11:05:14.005, 4, 183.25 W, 34, 120 MHz, 3996 MHz, 0 %, 0 %
2026/09/20 11:05:14.005, 5, 179.50 W, 31, 120 MHz, 3996 MHz, 0 %, 0 %
2026/09/20 11:05:14.006, 6, 180.16 W, 29, 120 MHz, 3996 MHz, 0 %, 0 %
2026/09/20 11:05:14.006, 7, 184.09 W, 29, 120 MHz, 3996 MHz, 0 %, 0 %
2026/09/20 11:05:15.006, 0, 735.19 W, 56, 2032 MHz, 3996 MHz, 100 %, 10 %
2026/09/20 11:05:15.006, 1, 705.04 W, 58, 2032 MHz, 3996 MHz, 100 %, 11 %
2026/09/20 11:05:15.006, 2, 804.24 W, 46, 2032 MHz, 3996 MHz, 100 %, 11 %
2026/09/20 11:05:15.006, 3, 905.84 W, 57, 1785 MHz, 3996 MHz, 100 %, 34 %
2026/09/20 11:05:15.006, 4, 183.25 W, 34, 120 MHz, 3996 MHz, 0 %, 0 %
2026/09/20 11:05:15.006, 5, 179.47 W, 31, 120 MHz, 3996 MHz, 0 %, 0 %
2026/09/20 11:05:15.006, 6, 180.14 W, 29, 120 MHz, 3996 MHz, 0 %, 0 %
2026/09/20 11:05:15.006, 7, 184.09 W, 29, 120 MHz, 3996 MHz, 0 %, 0 %
2026/09/20 11:05:16.006, 0, 761.37 W, 58, 2032 MHz, 3996 MHz, 100 %, 12 %
2026/09/20 11:05:16.006, 1, 787.45 W, 66, 1665 MHz, 3996 MHz, 100 %, 33 %
2026/09/20 11:05:16.006, 2, 484.67 W, 46, 2032 MHz, 3996 MHz, 100 %, 10 %
2026/09/20 11:05:16.006, 3, 556.84 W, 48, 2032 MHz, 3996 MHz, 100 %, 11 %
2026/09/20 11:05:16.006, 4, 183.25 W, 34, 120 MHz, 3996 MHz, 0 %, 0 %
2026/09/20 11:05:16.006, 5, 179.47 W, 31, 120 MHz, 3996 MHz, 0 %, 0 %
2026/09/20 11:05:16.006, 6, 180.16 W, 29, 120 MHz, 3996 MHz, 0 %, 0 %
2026/09/20 11:05:16.006, 7, 184.09 W, 29, 120 MHz, 3996 MHz, 0 %, 0 %
2026/09/20 11:05:17.006, 0, 724.99 W, 60, 2032 MHz, 3996 MHz, 100 %, 50 %
2026/09/20 11:05:17.006, 1, 798.79 W, 60, 2032 MHz, 3996 MHz, 100 %, 53 %
2026/09/20 11:05:17.006, 2, 938.20 W, 52, 2025 MHz, 3996 MHz, 100 %, 48 %
2026/09/20 11:05:17.006, 3, 704.96 W, 50, 2032 MHz, 3996 MHz, 100 %, 51 %
2026/09/20 11:05:17.006, 4, 183.25 W, 34, 120 MHz, 3996 MHz, 0 %, 0 %
2026/09/20 11:05:17.006, 5, 179.58 W, 31, 120 MHz, 3996 MHz, 0 %, 0 %
2026/09/20 11:05:17.006, 6, 180.19 W, 29, 120 MHz, 3996 MHz, 0 %, 0 %
2026/09/20 11:05:17.006, 7, 184.09 W, 29, 120 MHz, 3996 MHz, 0 %, 0 %
2026/09/20 11:05:18.006, 0, 834.68 W, 59, 2032 MHz, 3996 MHz, 100 %, 14 %
2026/09/20 11:05:18.007, 1, 968.81 W, 66, 1957 MHz, 3996 MHz, 100 %, 31 %
2026/09/20 11:05:18.007, 2, 851.83 W, 56, 1920 MHz, 3996 MHz, 100 %, 33 %
2026/09/20 11:05:18.007, 3, 699.97 W, 48, 2032 MHz, 3996 MHz, 100 %, 14 %
2026/09/20 11:05:18.007, 4, 183.25 W, 34, 120 MHz, 3996 MHz, 0 %, 0 %
2026/09/20 11:05:18.007, 5, 179.47 W, 31, 120 MHz, 3996 MHz, 0 %, 0 %
2026/09/20 11:05:18.007, 6, 180.17 W, 29, 120 MHz, 3996 MHz, 0 %, 0 %
2026/09/20 11:05:18.007, 7, 184.09 W, 29, 120 MHz, 3996 MHz, 0 %, 0 %
2026/09/20 11:05:19.007, 0, 697.32 W, 64, 1942 MHz, 3996 MHz, 100 %, 39 %
2026/09/20 11:05:19.007, 1, 772.54 W, 62, 2032 MHz, 3996 MHz, 100 %, 44 %
2026/09/20 11:05:19.007, 2, 764.41 W, 49, 2032 MHz, 3996 MHz, 100 %, 53 %
2026/09/20 11:05:19.007, 3, 868.02 W, 50, 2032 MHz, 3996 MHz, 100 %, 53 %
2026/09/20 11:05:19.007, 4, 183.25 W, 34, 120 MHz, 3996 MHz, 0 %, 0 %
2026/09/20 11:05:19.007, 5, 179.54 W, 31, 120 MHz, 3996 MHz, 0 %, 0 %
2026/09/20 11:05:19.007, 6, 180.18 W, 29, 120 MHz, 3996 MHz, 0 %, 0 %
2026/09/20 11:05:19.007, 7, 184.09 W, 29, 120 MHz, 3996 MHz, 0 %, 0 %
2026/09/20 11:05:20.007, 0, 941.33 W, 59, 2032 MHz, 3996 MHz, 100 %, 11 %
2026/09/20 11:05:20.007, 1, 743.56 W, 60, 2032 MHz, 3996 MHz, 100 %, 11 %
2026/09/20 11:05:20.007, 2, 614.12 W, 54, 1710 MHz, 3996 MHz, 100 %, 35 %
2026/09/20 11:05:20.007, 3, 503.50 W, 45, 2032 MHz, 3996 MHz, 100 %, 10 %
2026/09/20 11:05:20.007, 4, 183.25 W, 34, 120 MHz, 3996 MHz, 0 %, 0 %
2026/09/20 11:05:20.007, 5, 179.54 W, 31, 120 MHz, 3996 MHz, 0 %, 0 %
2026/09/20 11:05:20.007, 6, 180.16 W, 29, 120 MHz, 3996 MHz, 0 %, 0 %
2026/09/20 11:05:20.007, 7, 184.09 W, 29, 120 MHz, 3996 MHz, 0 %, 0 %
2026/09/20 11:05:21.007, 0, 637.75 W, 56, 2032 MHz, 3996 MHz, 100 %, 11 %
2026/09/20 11:05:21.007, 1, 807.16 W, 67, 1695 MHz, 3996 MHz, 100 %, 33 %
2026/09/20 11:05:21.007, 2, 884.88 W, 46, 2032 MHz, 3996 MHz, 100 %, 10 %
2026/09/20 11:05:21.007, 3, 618.71 W, 46, 2032 MHz, 3996 MHz, 100 %, 10 %
2026/09/20 11:05:21.007, 4, 183.25 W, 34, 120 MHz, 3996 MHz, 0 %, 0 %
2026/09/20 11:05:21.007, 5, 179.47 W, 31, 120 MHz, 3996 MHz, 0 %, 0 %
2026/09/20 11:05:21.007, 6, 180.20 W, 29, 120 MHz, 3996 MHz, 0 %, 0 %
2026/09/20 11:05:21.007, 7, 184.09 W, 29, 120 MHz, 3996 MHz, 0 %, 0 %
2026/09/20 11:05:22.008, 0, 1016.31 W, 66, 1710 MHz, 3996 MHz, 100 %, 36 %
2026/09/20 11:05:22.008, 1, 576.01 W, 56, 2032 MHz, 3996 MHz, 100 %, 10 %
2026/09/20 11:05:22.008, 2, 739.79 W, 45, 2032 MHz, 3996 MHz, 100 %, 10 %
2026/09/20 11:05:22.008, 3, 482.30 W, 44, 2032 MHz, 3996 MHz, 100 %, 11 %
2026/09/20 11:05:22.008, 4, 183.25 W, 34, 120 MHz, 3996 MHz, 0 %, 0 %
2026/09/20 11:05:22.008, 5, 179.50 W, 31, 120 MHz, 3996 MHz, 0 %, 0 %
2026/09/20 11:05:22.008, 6, 180.14 W, 29, 120 MHz, 3996 MHz, 0 %, 0 %
2026/09/20 11:05:22.008, 7, 184.09 W, 29, 120 MHz, 3996 MHz, 0 %, 0 %
2026/09/20 11:05:23.008, 0, 563.72 W, 55, 2032 MHz, 3996 MHz, 100 %, 26 %
2026/09/20 11:05:23.008, 1, 820.00 W, 58, 2032 MHz, 3996 MHz, 100 %, 11 %
2026/09/20 11:05:23.008, 2, 791.39 W, 45, 2032 MHz, 3996 MHz, 100 %, 11 %
2026/09/20 11:05:23.008, 3, 1065.28 W, 54, 1830 MHz, 3996 MHz, 100 %, 33 %
2026/09/20 11:05:23.008, 4, 183.25 W, 34, 120 MHz, 3996 MHz, 0 %, 0 %
2026/09/20 11:05:23.008, 5, 179.62 W, 31, 120 MHz, 3996 MHz, 0 %, 0 %
2026/09/20 11:05:23.008, 6, 180.12 W, 29, 120 MHz, 3996 MHz, 0 %, 0 %
2026/09/20 11:05:23.008, 7, 184.09 W, 29, 120 MHz, 3996 MHz, 0 %, 0 %
2026/09/20 11:05:24.008, 0, 679.07 W, 59, 2032 MHz, 3996 MHz, 100 %, 34 %
2026/09/20 11:05:24.008, 1, 936.97 W, 62, 2032 MHz, 3996 MHz, 100 %, 13 %
2026/09/20 11:05:24.008, 2, 790.33 W, 54, 1740 MHz, 3996 MHz, 100 %, 35 %
2026/09/20 11:05:24.008, 3, 666.59 W, 50, 2032 MHz, 3996 MHz, 100 %, 12 %
2026/09/20 11:05:24.008, 4, 183.25 W, 34, 120 MHz, 3996 MHz, 0 %, 0 %
2026/09/20 11:05:24.008, 5, 179.51 W, 31, 120 MHz, 3996 MHz, 0 %, 0 %
2026/09/20 11:05:24.008, 6, 180.15 W, 29, 120 MHz, 3996 MHz, 0 %, 0 %
2026/09/20 11:05:24.008, 7, 184.09 W, 29, 120 MHz, 3996 MHz, 0 %, 0 %
2026/09/20 11:05:25.008, 0, 820.97 W, 60, 2032 MHz, 3996 MHz, 100 %, 54 %
2026/09/20 11:05:25.008, 1, 815.32 W, 63, 2025 MHz, 3996 MHz, 100 %, 53 %
2026/09/20 11:05:25.008, 2, 544.95 W, 48, 2032 MHz, 3996 MHz, 100 %, 39 %
2026/09/20 11:05:25.008, 3, 560.51 W, 49, 2032 MHz, 3996 MHz, 100 %, 45 %
2026/09/20 11:05:25.008, 4, 183.25 W, 34, 120 MHz, 3996 MHz, 0 %, 0 %
2026/09/20 11:05:25.008, 5, 179.46 W, 31, 120 MHz, 3996 MHz, 0 %, 0 %
2026/09/20 11:05:25.008, 6, 180.19 W, 29, 120 MHz, 3996 MHz, 0 %, 0 %
2026/09/20 11:05:25.009, 7, 184.09 W, 29, 120 MHz, 3996 MHz, 0 %, 0 %
2026/09/20 11:05:26.009, 0, 1051.47 W, 66, 1867 MHz, 3996 MHz, 100 %, 34 %
2026/09/20 11:05:26.009, 1, 1040.59 W, 67, 1897 MHz, 3996 MHz, 100 %, 34 %
2026/09/20 11:05:26.009, 2, 671.15 W, 47, 2032 MHz, 3996 MHz, 100 %, 15 %
2026/09/20 11:05:26.009, 3, 672.59 W, 46, 2032 MHz, 3996 MHz, 100 %, 15 %
2026/09/20 11:05:26.009, 4, 183.25 W, 34, 120 MHz, 3996 MHz, 0 %, 0 %
2026/09/20 11:05:26.009, 5, 179.46 W, 31, 120 MHz, 3996 MHz, 0 %, 0 %
2026/09/20 11:05:26.009, 6, 180.23 W, 29, 120 MHz, 3996 MHz, 0 %, 0 %
2026/09/20 11:05:26.009, 7, 184.09 W, 29, 120 MHz, 3996 MHz, 0 %, 0 %
2026/09/20 11:05:27.009, 0, 890.61 W, 59, 2032 MHz, 3996 MHz, 100 %, 14 %
2026/09/20 11:05:27.009, 1, 806.15 W, 60, 2032 MHz, 3996 MHz, 100 %, 15 %
2026/09/20 11:05:27.009, 2, 771.33 W, 54, 2025 MHz, 3996 MHz, 100 %, 32 %
2026/09/20 11:05:27.009, 3, 791.52 W, 54, 1890 MHz, 3996 MHz, 100 %, 35 %
2026/09/20 11:05:27.009, 4, 183.25 W, 34, 120 MHz, 3996 MHz, 0 %, 0 %
2026/09/20 11:05:27.009, 5, 179.58 W, 31, 120 MHz, 3996 MHz, 0 %, 0 %
2026/09/20 11:05:27.009, 6, 180.24 W, 29, 120 MHz, 3996 MHz, 0 %, 0 %
2026/09/20 11:05:27.009, 7, 184.09 W, 29, 120 MHz, 3996 MHz, 0 %, 0 %
2026/09/20 11:05:28.009, 0, 707.79 W, 58, 2032 MHz, 3996 MHz, 100 %, 15 %
2026/09/20 11:05:28.009, 1, 839.18 W, 66, 1912 MHz, 3996 MHz, 100 %, 33 %
2026/09/20 11:05:28.009, 2, 794.09 W, 47, 2032 MHz, 3996 MHz, 100 %, 15 %
2026/09/20 11:05:28.009, 3, 1043.53 W, 56, 1875 MHz, 3996 MHz, 100 %, 35 %
2026/09/20 11:05:28.009, 4, 183.25 W, 34, 120 MHz, 3996 MHz, 0 %, 0 %
2026/09/20 11:05:28.009, 5, 179.50 W, 31, 120 MHz, 3996 MHz, 0 %, 0 %
2026/09/20 11:05:28.009, 6, 180.16 W, 29, 120 MHz, 3996 MHz, 0 %, 0 %
2026/09/20 11:05:28.009, 7, 184.09 W, 29, 120 MHz, 3996 MHz, 0 %, 0 %
2026/09/20 11:05:29.009, 0, 746.80 W, 56, 2032 MHz, 3996 MHz, 100 %, 28 %
2026/09/20 11:05:29.010, 1, 841.26 W, 67, 1672 MHz, 3996 MHz, 100 %, 33 %
2026/09/20 11:05:29.010, 2, 456.02 W, 43, 2032 MHz, 3996 MHz, 100 %, 10 %
2026/09/20 11:05:29.010, 3, 569.03 W, 46, 2032 MHz, 3996 MHz, 100 %, 11 %
2026/09/20 11:05:29.010, 4, 183.25 W, 34, 120 MHz, 3996 MHz, 0 %, 0 %
2026/09/20 11:05:29.010, 5, 179.50 W, 31, 120 MHz, 3996 MHz, 0 %, 0 %
2026/09/20 11:05:29.010, 6, 180.16 W, 29, 120 MHz, 3996 MHz, 0 %, 0 %
2026/09/20 11:05:29.010, 7, 184.09 W, 29, 120 MHz, 3996 MHz, 0 %, 0 %
2026/09/20 11:05:30.010, 0, 691.07 W, 61, 2032 MHz, 3996 MHz, 100 %, 45 %
2026/09/20 11:05:30.010, 1, 688.08 W, 62, 2032 MHz, 3996 MHz, 100 %, 53 %
2026/09/20 11:05:30.010, 2, 671.10 W, 49, 2032 MHz, 3996 MHz, 100 %, 53 %
2026/09/20 11:05:30.010, 3, 1043.92 W, 53, 2032 MHz, 3996 MHz, 100 %, 54 %
2026/09/20 11:05:30.010, 4, 183.25 W, 33, 120 MHz, 3996 MHz, 0 %, 0 %
2026/09/20 11:05:30.010, 5, 179.47 W, 31, 120 MHz, 3996 MHz, 0 %, 0 %
2026/09/20 11:05:30.010, 6, 180.16 W, 29, 120 MHz, 3996 MHz, 0 %, 0 %
2026/09/20 11:05:30.010, 7, 184.09 W, 29, 120 MHz, 3996 MHz, 0 %, 0 %
2026/09/20 11:05:31.010, 0, 827.06 W, 56, 2032 MHz, 3996 MHz, 100 %, 10 %
2026/09/20 11:05:31.010, 1, 827.63 W, 66, 1687 MHz, 3996 MHz, 100 %, 33 %
2026/09/20 11:05:31.010, 2, 850.44 W, 45, 2032 MHz, 3996 MHz, 100 %, 10 %
2026/09/20 11:05:31.010, 3, 830.78 W, 46, 2032 MHz, 3996 MHz, 100 %, 10 %
2026/09/20 11:05:31.010, 4, 183.25 W, 33, 120 MHz, 3996 MHz, 0 %, 0 %
2026/09/20 11:05:31.010, 5, 179.47 W, 31, 120 MHz, 3996 MHz, 0 %, 0 %
2026/09/20 11:05:31.010, 6, 180.23 W, 29, 120 MHz, 3996 MHz, 0 %, 0 %
2026/09/20 11:05:31.010, 7, 184.09 W, 29, 120 MHz, 3996 MHz, 0 %, 0 %
2026/09/20 11:05:32.010, 0, 806.83 W, 64, 1867 MHz, 3996 MHz, 100 %, 35 %
2026/09/20 11:05:32.010, 1, 830.59 W, 65, 1965 MHz, 3996 MHz, 100 %, 33 %
2026/09/20 11:05:32.010, 2, 1012.80 W, 54, 2017 MHz, 3996 MHz, 100 %, 32 %
2026/09/20 11:05:32.010, 3, 769.58 W, 54, 1950 MHz, 3996 MHz, 100 %, 35 %
2026/09/20 11:05:32.010, 4, 183.25 W, 33, 120 MHz, 3996 MHz, 0 %, 0 %
2026/09/20 11:05:32.010, 5, 179.47 W, 31, 120 MHz, 3996 MHz, 0 %, 0 %
2026/09/20 11:05:32.011, 6, 180.19 W, 29, 120 MHz, 3996 MHz, 0 %, 0 %
2026/09/20 11:05:32.011, 7, 184.09 W, 29, 120 MHz, 3996 MHz, 0 %, 0 %
2026/09/20 11:05:33.011, 0, 758.47 W, 56, 2032 MHz, 3996 MHz, 100 %, 10 %
2026/09/20 11:05:33.011, 1, 778.36 W, 58, 2032 MHz, 3996 MHz, 100 %, 10 %
2026/09/20 11:05:33.011, 2, 754.80 W, 45, 2032 MHz, 3996 MHz, 100 %, 10 %
2026/09/20 11:05:33.011, 3, 1049.45 W, 56, 1785 MHz, 3996 MHz, 100 %, 33 %
2026/09/20 11:05:33.011, 4, 183.25 W, 33, 120 MHz, 3996 MHz, 0 %, 0 %
2026/09/20 11:05:33.011, 5, 179.47 W, 31, 120 MHz, 3996 MHz, 0 %, 0 %
2026/09/20 11:05:33.011, 6, 180.17 W, 29, 120 MHz, 3996 MHz, 0 %, 0 %
2026/09/20 11:05:33.011, 7, 184.09 W, 29, 120 MHz, 3996 MHz, 0 %, 0 %
2026/09/20 11:05:34.011, 0, 817.80 W, 57, 2032 MHz, 3996 MHz, 100 %, 11 %
2026/09/20 11:05:34.011, 1, 831.65 W, 59, 2032 MHz, 3996 MHz, 100 %, 11 %
2026/09/20 11:05:34.011, 2, 777.58 W, 54, 1777 MHz, 3996 MHz, 100 %, 39 %
2026/09/20 11:05:34.011, 3, 723.38 W, 47, 2032 MHz, 3996 MHz, 100 %, 12 %
2026/09/20 11:05:34.011, 4, 183.25 W, 33, 120 MHz, 3996 MHz, 0 %, 0 %
2026/09/20 11:05:34.011, 5, 179.58 W, 31, 120 MHz, 3996 MHz, 0 %, 0 %
2026/09/20 11:05:34.011, 6, 180.17 W, 29, 120 MHz, 3996 MHz, 0 %, 0 %
2026/09/20 11:05:34.011, 7, 184.09 W, 29, 120 MHz, 3996 MHz, 0 %, 0 %
2026/09/20 11:05:35.011, 0, 613.88 W, 59, 2032 MHz, 3996 MHz, 100 %, 13 %
2026/09/20 11:05:35.011, 1, 603.75 W, 60, 2032 MHz, 3996 MHz, 100 %, 13 %
2026/09/20 11:05:35.011, 2, 745.27 W, 48, 2032 MHz, 3996 MHz, 100 %, 27 %
2026/09/20 11:05:35.011, 3, 898.43 W, 56, 1732 MHz, 3996 MHz, 100 %, 41 %
2026/09/20 11:05:35.011, 4, 183.25 W, 33, 120 MHz, 3996 MHz, 0 %, 0 %
2026/09/20 11:05:35.011, 5, 179.47 W, 31, 120 MHz, 3996 MHz, 0 %, 0 %
2026/09/20 11:05:35.011, 6, 180.16 W, 29, 120 MHz, 3996 MHz, 0 %, 0 %
2026/09/20 11:05:35.011, 7, 184.09 W, 29, 120 MHz, 3996 MHz, 0 %, 0 %
2026/09/20 11:05:36.011, 0, 812.89 W, 56, 2032 MHz, 3996 MHz, 100 %, 10 %
2026/09/20 11:05:36.012, 1, 820.93 W, 57, 2032 MHz, 3996 MHz, 100 %, 10 %
2026/09/20 11:05:36.012, 2, 770.37 W, 53, 1732 MHz, 3996 MHz, 100 %, 33 %
2026/09/20 11:05:36.012, 3, 634.06 W, 45, 2032 MHz, 3996 MHz, 100 %, 10 %
2026/09/20 11:05:36.012, 4, 183.25 W, 33, 120 MHz, 3996 MHz, 0 %, 0 %
2026/09/20 11:05:36.012, 5, 179.54 W, 31, 120 MHz, 3996 MHz, 0 %, 0 %
2026/09/20 11:05:36.012, 6, 180.17 W, 29, 120 MHz, 3996 MHz, 0 %, 0 %
2026/09/20 11:05:36.012, 7, 184.09 W, 29, 120 MHz, 3996 MHz, 0 %, 0 %
2026/09/20 11:05:37.012, 0, 923.31 W, 61, 2032 MHz, 3996 MHz, 100 %, 13 %
2026/09/20 11:05:37.012, 1, 759.69 W, 65, 1710 MHz, 3996 MHz, 100 %, 34 %
2026/09/20 11:05:37.012, 2, 710.03 W, 48, 2032 MHz, 3996 MHz, 100 %, 13 %
2026/09/20 11:05:37.012, 3, 910.09 W, 51, 2032 MHz, 3996 MHz, 100 %, 13 %
2026/09/20 11:05:37.012, 4, 183.25 W, 33, 120 MHz, 3996 MHz, 0 %, 0 %
2026/09/20 11:05:37.012, 5, 179.47 W, 31, 120 MHz, 3996 MHz, 0 %, 0 %
2026/09/20 11:05:37.012, 6, 180.16 W, 29, 120 MHz, 3996 MHz, 0 %, 0 %
2026/09/20 11:05:37.012, 7, 184.09 W, 29, 120 MHz, 3996 MHz, 0 %, 0 %
2026/09/20 11:05:38.012, 0, 809.99 W, 57, 2032 MHz, 3996 MHz, 100 %, 15 %
2026/09/20 11:05:38.012, 1, 585.20 W, 56, 2032 MHz, 3996 MHz, 100 %, 15 %
2026/09/20 11:05:38.012, 2, 774.45 W, 54, 1740 MHz, 3996 MHz, 100 %, 35 %
2026/09/20 11:05:38.012, 3, 783.75 W, 54, 1957 MHz, 3996 MHz, 100 %, 32 %
2026/09/20 11:05:38.012, 4, 183.25 W, 33, 120 MHz, 3996 MHz, 0 %, 0 %
2026/09/20 11:05:38.012, 5, 179.46 W, 31, 120 MHz, 3996 MHz, 0 %, 0 %
2026/09/20 11:05:38.012, 6, 180.16 W, 29, 120 MHz, 3996 MHz, 0 %, 0 %
2026/09/20 11:05:38.012, 7, 184.09 W, 29, 120 MHz, 3996 MHz, 0 %, 0 %
2026/09/20 11:05:39.012, 0, 833.44 W, 64, 1717 MHz, 3996 MHz, 100 %, 34 %
2026/09/20 11:05:39.012, 1, 574.38 W, 56, 2032 MHz, 3996 MHz, 100 %, 15 %
2026/09/20 11:05:39.012, 2, 819.40 W, 46, 2032 MHz, 3996 MHz, 100 %, 15 %
2026/09/20 11:05:39.013, 3, 821.32 W, 55, 1867 MHz, 3996 MHz, 100 %, 34 %
2026/09/20 11:05:39.013, 4, 183.25 W, 33, 120 MHz, 3996 MHz, 0 %, 0 %
2026/09/20 11:05:39.013, 5, 179.50 W, 31, 120 MHz, 3996 MHz, 0 %, 0 %
2026/09/20 11:05:39.013, 6, 180.21 W, 29, 120 MHz, 3996 MHz, 0 %, 0 %
2026/09/20 11:05:39.013, 7, 184.09 W, 29, 120 MHz, 3996 MHz, 0 %, 0 %
2026/09/20 11:05:40.013, 0, 592.77 W, 56, 2032 MHz, 3996 MHz, 100 %, 14 %
2026/09/20 11:05:40.013, 1, 600.84 W, 55, 2032 MHz, 3996 MHz, 100 %, 15 %
2026/09/20 11:05:40.013, 2, 1024.15 W, 55, 1845 MHz, 3996 MHz, 100 %, 34 %
2026/09/20 11:05:40.013, 3, 784.10 W, 54, 2017 MHz, 3996 MHz, 100 %, 31 %
2026/09/20 11:05:40.013, 4, 183.25 W, 33, 120 MHz, 3996 MHz, 0 %, 0 %
2026/09/20 11:05:40.013, 5, 179.46 W, 31, 120 MHz, 3996 MHz, 0 %, 0 %
2026/09/20 11:05:40.013, 6, 180.15 W, 29, 120 MHz, 3996 MHz, 0 %, 0 %
2026/09/20 11:05:40.013, 7, 184.09 W, 29, 120 MHz, 3996 MHz, 0 %, 0 %
2026/09/20 11:05:41.013, 0, 892.41 W, 57, 2032 MHz, 3996 MHz, 100 %, 15 %
2026/09/20 11:05:41.013, 1, 629.68 W, 57, 2032 MHz, 3996 MHz, 100 %, 16 %
2026/09/20 11:05:41.013, 2, 1048.26 W, 55, 1905 MHz, 3996 MHz, 100 %, 36 %
2026/09/20 11:05:41.013, 3, 791.47 W, 55, 1890 MHz, 3996 MHz, 100 %, 34 %
2026/09/20 11:05:41.013, 4, 183.25 W, 33, 120 MHz, 3996 MHz, 0 %, 0 %
2026/09/20 11:05:41.013, 5, 179.47 W, 31, 120 MHz, 3996 MHz, 0 %, 0 %
2026/09/20 11:05:41.013, 6, 180.14 W, 29, 120 MHz, 3996 MHz, 0 %, 0 %
2026/09/20 11:05:41.013, 7, 184.09 W, 29, 120 MHz, 3996 MHz, 0 %, 0 %
2026/09/20 11:05:42.013, 0, 724.11 W, 55, 2032 MHz, 3996 MHz, 100 %, 13 %
2026/09/20 11:05:42.013, 1, 838.03 W, 65, 1672 MHz, 3996 MHz, 100 %, 33 %
2026/09/20 11:05:42.013, 2, 715.53 W, 45, 2032 MHz, 3996 MHz, 100 %, 10 %
2026/09/20 11:05:42.013, 3, 725.27 W, 45, 2032 MHz, 3996 MHz, 100 %, 11 %
2026/09/20 11:05:42.013, 4, 183.25 W, 33, 120 MHz, 3996 MHz, 0 %, 0 %
2026/09/20 11:05:42.013, 5, 179.46 W, 31, 120 MHz, 3996 MHz, 0 %, 0 %
2026/09/20 11:05:42.013, 6, 180.16 W, 29, 120 MHz, 3996 MHz, 0 %, 0 %
2026/09/20 11:05:42.013, 7, 184.09 W, 29, 120 MHz, 3996 MHz, 0 %, 0 %
2026/09/20 11:05:43.013, 0, 610.11 W, 56, 2032 MHz, 3996 MHz, 100 %, 15 %
2026/09/20 11:05:43.014, 1, 873.96 W, 57, 2032 MHz, 3996 MHz, 100 %, 15 %
2026/09/20 11:05:43.014, 2, 769.35 W, 53, 1950 MHz, 3996 MHz, 100 %, 34 %
2026/09/20 11:05:43.014, 3, 784.20 W, 54, 1875 MHz, 3996 MHz, 100 %, 34 %
2026/09/20 11:05:43.014, 4, 183.25 W, 33, 120 MHz, 3996 MHz, 0 %, 0 %
2026/09/20 11:05:43.014, 5, 179.47 W, 31, 120 MHz, 3996 MHz, 0 %, 0 %
2026/09/20 11:05:43.014, 6, 180.17 W, 29, 120 MHz, 3996 MHz, 0 %, 0 %
2026/09/20 11:05:43.014, 7, 184.09 W, 29, 120 MHz, 3996 MHz, 0 %, 0 %
2026/09/20 11:05:44.014, 0, 926.00 W, 61, 2032 MHz, 3996 MHz, 100 %, 25 %
2026/09/20 11:05:44.014, 1, 690.07 W, 65, 2032 MHz, 3996 MHz, 100 %, 51 %
2026/09/20 11:05:44.014, 2, 754.70 W, 48, 2032 MHz, 3996 MHz, 100 %, 53 %
2026/09/20 11:05:44.014, 3, 754.68 W, 49, 2032 MHz, 3996 MHz, 100 %, 53 %
2026/09/20 11:05:44.014, 4, 183.25 W, 33, 120 MHz, 3996 MHz, 0 %, 0 %
2026/09/20 11:05:44.014, 5, 179.47 W, 31, 120 MHz, 3996 MHz, 0 %, 0 %
2026/09/20 11:05:44.014, 6, 180.20 W, 29, 120 MHz, 3996 MHz, 0 %, 0 %
2026/09/20 11:05:44.014, 7, 184.09 W, 29, 120 MHz, 3996 MHz, 0 %, 0 %
2026/09/20 11:05:45.014, 0, 830.76 W, 60, 2032 MHz, 3996 MHz, 100 %, 12 %
2026/09/20 11:05:45.014, 1, 932.53 W, 61, 2032 MHz, 3996 MHz, 100 %, 13 %
2026/09/20 11:05:45.014, 2, 803.09 W, 49, 2032 MHz, 3996 MHz, 100 %, 12 %
2026/09/20 11:05:45.014, 3, 934.87 W, 55, 1725 MHz, 3996 MHz, 100 %, 36 %
2026/09/20 11:05:45.014, 4, 183.25 W, 33, 120 MHz, 3996 MHz, 0 %, 0 %
2026/09/20 11:05:45.014, 5, 179.46 W, 31, 120 MHz, 3996 MHz, 0 %, 0 %
2026/09/20 11:05:45.014, 6, 180.17 W, 29, 120 MHz, 3996 MHz, 0 %, 0 %
2026/09/20 11:05:45.014, 7, 184.09 W, 29, 120 MHz, 3996 MHz, 0 %, 0 %
2026/09/20 11:05:46.014, 0, 781.45 W, 58, 2032 MHz, 3996 MHz, 100 %, 12 %
2026/09/20 11:05:46.014, 1, 526.26 W, 58, 2032 MHz, 3996 MHz, 100 %, 11 %
2026/09/20 11:05:46.014, 2, 823.98 W, 54, 1687 MHz, 3996 MHz, 100 %, 33 %
2026/09/20 11:05:46.014, 3, 532.86 W, 47, 2032 MHz, 3996 MHz, 100 %, 11 %
2026/09/20 11:05:46.014, 4, 183.25 W, 33, 120 MHz, 3996 MHz, 0 %, 0 %
2026/09/20 11:05:46.014, 5, 179.50 W, 31, 120 MHz, 3996 MHz, 0 %, 0 %
2026/09/20 11:05:46.015, 6, 180.16 W, 29, 120 MHz, 3996 MHz, 0 %, 0 %
2026/09/20 11:05:46.015, 7, 184.09 W, 29, 120 MHz, 3996 MHz, 0 %, 0 %
2026/09/20 11:05:47.015, 0, 660.63 W, 58, 2032 MHz, 3996 MHz, 100 %, 13 %
2026/09/20 11:05:47.015, 1, 662.16 W, 59, 2032 MHz, 3996 MHz, 100 %, 13 %
2026/09/20 11:05:47.015, 2, 853.21 W, 54, 1687 MHz, 3996 MHz, 100 %, 35 %
2026/09/20 11:05:47.015, 3, 881.51 W, 50, 2032 MHz, 3996 MHz, 100 %, 12 %
2026/09/20 11:05:47.015, 4, 183.25 W, 33, 120 MHz, 3996 MHz, 0 %, 0 %
2026/09/20 11:05:47.015, 5, 179.50 W, 31, 120 MHz, 3996 MHz, 0 %, 0 %
2026/09/20 11:05:47.015, 6, 180.17 W, 29, 120 MHz, 3996 MHz, 0 %, 0 %
2026/09/20 11:05:47.015, 7, 184.09 W, 29, 120 MHz, 3996 MHz, 0 %, 0 %
2026/09/20 11:05:48.015, 0, 853.87 W, 57, 2032 MHz, 3996 MHz, 100 %, 10 %
2026/09/20 11:05:48.015, 1, 809.70 W, 64, 1657 MHz, 3996 MHz, 100 %, 33 %
2026/09/20 11:05:48.015, 2, 613.32 W, 45, 2032 MHz, 3996 MHz, 100 %, 10 %
2026/09/20 11:05:48.015, 3, 603.06 W, 45, 2032 MHz, 3996 MHz, 100 %, 10 %
2026/09/20 11:05:48.015, 4, 183.25 W, 33, 120 MHz, 3996 MHz, 0 %, 0 %
2026/09/20 11:05:48.015, 5, 179.47 W, 31, 120 MHz, 3996 MHz, 0 %, 0 %
2026/09/20 11:05:48.015, 6, 180.17 W, 29, 120 MHz, 3996 MHz, 0 %, 0 %
2026/09/20 11:05:48.015, 7, 184.09 W, 29, 120 MHz, 3996 MHz, 0 %, 0 %
2026/09/20 11:05:49.015, 0, 591.41 W, 55, 2032 MHz, 3996 MHz, 100 %, 10 %
2026/09/20 11:05:49.015, 1, 659.60 W, 56, 2032 MHz, 3996 MHz, 100 %, 11 %
2026/09/20 11:05:49.016, 2, 814.32 W, 46, 2032 MHz, 3996 MHz, 100 %, 11 %
2026/09/20 11:05:49.016, 3, 747.66 W, 54, 1740 MHz, 3996 MHz, 100 %, 34 %
2026/09/20 11:05:49.016, 4, 183.25 W, 33, 120 MHz, 3996 MHz, 0 %, 0 %
2026/09/20 11:05:49.016, 5, 179.46 W, 31, 120 MHz, 3996 MHz, 0 %, 0 %
2026/09/20 11:05:49.016, 6, 180.16 W, 29, 120 MHz, 3996 MHz, 0 %, 0 %
2026/09/20 11:05:49.016, 7, 184.09 W, 29, 120 MHz, 3996 MHz, 0 %, 0 %
2026/09/20 11:05:50.016, 0, 825.03 W, 58, 2032 MHz, 3996 MHz, 100 %, 17 %
2026/09/20 11:05:50.016, 1, 850.28 W, 64, 1867 MHz, 3996 MHz, 100 %, 35 %
2026/09/20 11:05:50.016, 2, 807.42 W, 53, 1957 MHz, 3996 MHz, 100 %, 34 %
2026/09/20 11:05:50.016, 3, 924.61 W, 54, 1950 MHz, 3996 MHz, 100 %, 34 %
2026/09/20 11:05:50.016, 4, 183.25 W, 33, 120 MHz, 3996 MHz, 0 %, 0 %
2026/09/20 11:05:50.016, 5, 179.46 W, 31, 120 MHz, 3996 MHz, 0 %, 0 %
2026/09/20 11:05:50.016, 6, 180.17 W, 29, 120 MHz, 3996 MHz, 0 %, 0 %
2026/09/20 11:05:50.016, 7, 184.09 W, 29, 120 MHz, 3996 MHz, 0 %, 0 %
2026/09/20 11:05:51.016, 0, 760.67 W, 64, 1875 MHz, 3996 MHz, 100 %, 54 %
2026/09/20 11:05:51.016, 1, 1046.80 W, 66, 1965 MHz, 3996 MHz, 100 %, 31 %
2026/09/20 11:05:51.016, 2, 827.29 W, 47, 2032 MHz, 3996 MHz, 100 %, 14 %
2026/09/20 11:05:51.016, 3, 830.26 W, 47, 2032 MHz, 3996 MHz, 100 %, 15 %
2026/09/20 11:05:51.016, 4, 183.25 W, 33, 120 MHz, 3996 MHz, 0 %, 0 %
2026/09/20 11:05:51.016, 5, 179.47 W, 31, 120 MHz, 3996 MHz, 0 %, 0 %
2026/09/20 11:05:51.016, 6, 180.16 W, 29, 120 MHz, 3996 MHz, 0 %, 0 %
2026/09/20 11:05:51.016, 7, 184.09 W, 29, 120 MHz, 3996 MHz, 0 %, 0 %
2026/09/20 11:05:52.017, 0, 800.33 W, 58, 2032 MHz, 3996 MHz, 100 %, 18 %
2026/09/20 11:05:52.017, 1, 1039.70 W, 66, 1860 MHz, 3996 MHz, 100 %, 35 %
2026/09/20 11:05:52.017, 2, 879.67 W, 54, 1987 MHz, 3996 MHz, 100 %, 31 %
2026/09/20 11:05:52.017, 3, 886.78 W, 54, 1987 MHz, 3996 MHz, 100 %, 32 %
2026/09/20 11:05:52.017, 4, 183.25 W, 33, 120 MHz, 3996 MHz, 0 %, 0 %
2026/09/20 11:05:52.017, 5, 179.46 W, 31, 120 MHz, 3996 MHz, 0 %, 0 %
2026/09/20 11:05:52.017, 6, 180.17 W, 29, 120 MHz, 3996 MHz, 0 %, 0 %
2026/09/20 11:05:52.017, 7, 184.09 W, 29, 120 MHz, 3996 MHz, 0 %, 0 %
2026/09/20 11:05:53.017, 0, 839.37 W, 61, 2032 MHz, 3996 MHz, 100 %, 53 %
2026/09/20 11:05:53.017, 1, 1001.61 W, 63, 2032 MHz, 3996 MHz, 100 %, 53 %
2026/09/20 11:05:53.017, 2, 864.14 W, 51, 2032 MHz, 3996 MHz, 100 %, 54 %
2026/09/20 11:05:53.017, 3, 869.85 W, 51, 2032 MHz, 3996 MHz, 100 %, 53 %
2026/09/20 11:05:53.017, 4, 183.25 W, 33, 120 MHz, 3996 MHz, 0 %, 0 %
2026/09/20 11:05:53.017, 5, 179.47 W, 31, 120 MHz, 3996 MHz, 0 %, 0 %
2026/09/20 11:05:53.017, 6, 180.15 W, 29, 120 MHz, 3996 MHz, 0 %, 0 %
2026/09/20 11:05:53.017, 7, 184.09 W, 29, 120 MHz, 3996 MHz, 0 %, 0 %
2026/09/20 11:05:54.017, 0, 897.70 W, 61, 2032 MHz, 3996 MHz, 100 %, 52 %
2026/09/20 11:05:54.017, 1, 897.07 W, 61, 2032 MHz, 3996 MHz, 100 %, 53 %
2026/09/20 11:05:54.017, 2, 989.76 W, 52, 2032 MHz, 3996 MHz, 99 %, 53 %
2026/09/20 11:05:54.017, 3, 875.61 W, 52, 2032 MHz, 3996 MHz, 100 %, 54 %
2026/09/20 11:05:54.017, 4, 183.25 W, 33, 120 MHz, 3996 MHz, 0 %, 0 %
2026/09/20 11:05:54.017, 5, 179.46 W, 31, 120 MHz, 3996 MHz, 0 %, 0 %
2026/09/20 11:05:54.017, 6, 180.17 W, 29, 120 MHz, 3996 MHz, 0 %, 0 %
2026/09/20 11:05:54.017, 7, 184.09 W, 29, 120 MHz, 3996 MHz, 0 %, 0 %
2026/09/20 11:05:55.017, 0, 820.26 W, 63, 1980 MHz, 3996 MHz, 100 %, 42 %
2026/09/20 11:05:55.017, 1, 729.84 W, 64, 1965 MHz, 3996 MHz, 100 %, 35 %
2026/09/20 11:05:55.017, 2, 703.04 W, 53, 1980 MHz, 3996 MHz, 100 %, 35 %
2026/09/20 11:05:55.017, 3, 951.45 W, 54, 2032 MHz, 3996 MHz, 100 %, 32 %
2026/09/20 11:05:55.017, 4, 183.25 W, 33, 120 MHz, 3996 MHz, 0 %, 0 %
2026/09/20 11:05:55.017, 5, 179.46 W, 31, 120 MHz, 3996 MHz, 0 %, 0 %
2026/09/20 11:05:55.017, 6, 180.15 W, 29, 120 MHz, 3996 MHz, 0 %, 0 %
2026/09/20 11:05:55.018, 7, 184.09 W, 29, 120 MHz, 3996 MHz, 0 %, 0 %
2026/09/20 11:05:56.018, 0, 1046.04 W, 63, 2032 MHz, 3996 MHz, 100 %, 35 %
2026/09/20 11:05:56.018, 1, 936.11 W, 63, 2032 MHz, 3996 MHz, 100 %, 53 %
2026/09/20 11:05:56.018, 2, 933.01 W, 51, 2032 MHz, 3996 MHz, 100 %, 44 %
2026/09/20 11:05:56.018, 3, 915.87 W, 52, 2032 MHz, 3996 MHz, 100 %, 51 %
2026/09/20 11:05:56.018, 4, 183.25 W, 33, 120 MHz, 3996 MHz, 0 %, 0 %
2026/09/20 11:05:56.018, 5, 179.50 W, 31, 120 MHz, 3996 MHz, 0 %, 0 %
2026/09/20 11:05:56.018, 6, 180.17 W, 29, 120 MHz, 3996 MHz, 0 %, 0 %
2026/09/20 11:05:56.018, 7, 184.09 W, 29, 120 MHz, 3996 MHz, 0 %, 0 %
2026/09/20 11:05:57.018, 0, 566.91 W, 56, 1995 MHz, 3996 MHz, 100 %, 16 %
2026/09/20 11:05:57.018, 1, 1061.34 W, 66, 1950 MHz, 3996 MHz, 100 %, 40 %
2026/09/20 11:05:57.018, 2, 794.38 W, 52, 2010 MHz, 3996 MHz, 100 %, 32 %
2026/09/20 11:05:57.018, 3, 541.21 W, 47, 2032 MHz, 3996 MHz, 100 %, 17 %
2026/09/20 11:05:57.018, 4, 183.25 W, 33, 120 MHz, 3996 MHz, 0 %, 0 %
2026/09/20 11:05:57.018, 5, 179.47 W, 31, 120 MHz, 3996 MHz, 0 %, 0 %
2026/09/20 11:05:57.018, 6, 180.16 W, 29, 120 MHz, 3996 MHz, 0 %, 0 %
2026/09/20 11:05:57.018, 7, 184.09 W, 29, 120 MHz, 3996 MHz, 0 %, 0 %
2026/09/20 11:05:58.018, 0, 878.41 W, 56, 2032 MHz, 3996 MHz, 100 %, 11 %
2026/09/20 11:05:58.018, 1, 842.29 W, 57, 2032 MHz, 3996 MHz, 100 %, 10 %
2026/09/20 11:05:58.018, 2, 798.48 W, 55, 1680 MHz, 3996 MHz, 100 %, 33 %
2026/09/20 11:05:58.018, 3, 576.28 W, 45, 2032 MHz, 3996 MHz, 100 %, 10 %
2026/09/20 11:05:58.018, 4, 183.25 W, 33, 120 MHz, 3996 MHz, 0 %, 0 %
2026/09/20 11:05:58.018, 5, 179.46 W, 31, 120 MHz, 3996 MHz, 0 %, 0 %
2026/09/20 11:05:58.018, 6, 180.16 W, 29, 120 MHz, 3996 MHz, 0 %, 0 %
2026/09/20 11:05:58.018, 7, 184.09 W, 29, 120 MHz, 3996 MHz, 0 %, 0 %
2026/09/20 11:05:59.018, 0, 866.42 W, 59, 2032 MHz, 3996 MHz, 100 %, 20 %
2026/09/20 11:05:59.019, 1, 754.28 W, 64, 1965 MHz, 3996 MHz, 100 %, 32 %
2026/09/20 11:05:59.019, 2, 785.05 W, 54, 1867 MHz, 3996 MHz, 100 %, 35 %
2026/09/20 11:05:59.019, 3, 597.41 W, 45, 2032 MHz, 3996 MHz, 100 %, 14 %
2026/09/20 11:05:59.019, 4, 183.25 W, 33, 120 MHz, 3996 MHz, 0 %, 0 %
2026/09/20 11:05:59.019, 5, 179.47 W, 31, 120 MHz, 3996 MHz, 0 %, 0 %
2026/09/20 11:05:59.019, 6, 180.15 W, 29, 120 MHz, 3996 MHz, 0 %, 0 %
2026/09/20 11:05:59.019, 7, 184.09 W, 29, 120 MHz, 3996 MHz, 0 %, 0 %
2026/09/20 11:06:00.019, 0, 868.32 W, 62, 2032 MHz, 3996 MHz, 100 %, 33 %
2026/09/20 11:06:00.019, 1, 1012.81 W, 62, 2032 MHz, 3996 MHz, 100 %, 13 %
2026/09/20 11:06:00.019, 2, 794.08 W, 52, 1740 MHz, 3996 MHz, 100 %, 29 %
2026/09/20 11:06:00.019, 3, 629.01 W, 47, 2032 MHz, 3996 MHz, 100 %, 13 %
2026/09/20 11:06:00.019, 4, 183.25 W, 33, 120 MHz, 3996 MHz, 0 %, 0 %
2026/09/20 11:06:00.019, 5, 179.46 W, 31, 120 MHz, 3996 MHz, 0 %, 0 %
2026/09/20 11:06:00.019, 6, 180.16 W, 29, 120 MHz, 3996 MHz, 0 %, 0 %
2026/09/20 11:06:00.019, 7, 184.09 W, 29, 120 MHz, 3996 MHz, 0 %, 0 %
2026/09/20 11:06:01.019, 0, 957.39 W, 65, 2032 MHz, 3996 MHz, 100 %, 33 %
2026/09/20 11:06:01.019, 1, 747.54 W, 60, 2032 MHz, 3996 MHz, 100 %, 42 %
2026/09/20 11:06:01.019, 2, 790.82 W, 48, 2032 MHz, 3996 MHz, 100 %, 29 %
2026/09/20 11:06:01.019, 3, 957.74 W, 52, 2032 MHz, 3996 MHz, 100 %, 42 %
2026/09/20 11:06:01.019, 4, 183.25 W, 33, 120 MHz, 3996 MHz, 0 %, 0 %
2026/09/20 11:06:01.019, 5, 179.50 W, 31, 120 MHz, 3996 MHz, 0 %, 0 %
2026/09/20 11:06:01.019, 6, 180.19 W, 29, 120 MHz, 3996 MHz, 0 %, 0 %
2026/09/20 11:06:01.019, 7, 184.09 W, 29, 120 MHz, 3996 MHz, 0 %, 0 %
2026/09/20 11:06:02.019, 0, 758.67 W, 56, 1867 MHz, 3996 MHz, 100 %, 18 %
2026/09/20 11:06:02.019, 1, 990.26 W, 60, 2025 MHz, 3996 MHz, 100 %, 25 %
2026/09/20 11:06:02.019, 2, 959.45 W, 50, 2032 MHz, 3996 MHz, 100 %, 31 %
2026/09/20 11:06:02.019, 3, 956.22 W, 49, 2032 MHz, 3996 MHz, 100 %, 30 %
2026/09/20 11:06:02.019, 4, 183.25 W, 33, 120 MHz, 3996 MHz, 0 %, 0 %
2026/09/20 11:06:02.019, 5, 179.46 W, 31, 120 MHz, 3996 MHz, 0 %, 0 %
2026/09/20 11:06:02.019, 6, 180.14 W, 29, 120 MHz, 3996 MHz, 0 %, 0 %
2026/09/20 11:06:02.019, 7, 184.09 W, 29, 120 MHz, 3996 MHz, 0 %, 0 %
2026/09/20 11:06:03.020, 0, 937.78 W, 61, 2032 MHz, 3996 MHz, 100 %, 12 %
2026/09/20 11:06:03.020, 1, 734.84 W, 62, 2032 MHz, 3996 MHz, 100 %, 53 %
2026/09/20 11:06:03.020, 2, 836.49 W, 51, 2032 MHz, 3996 MHz, 100 %, 49 %
2026/09/20 11:06:03.020, 3, 717.03 W, 51, 2032 MHz, 3996 MHz, 100 %, 49 %
2026/09/20 11:06:03.020, 4, 183.25 W, 33, 120 MHz, 3996 MHz, 0 %, 0 %
2026/09/20 11:06:03.020, 5, 179.46 W, 31, 120 MHz, 3996 MHz, 0 %, 0 %
2026/09/20 11:06:03.020, 6, 180.16 W, 29, 120 MHz, 3996 MHz, 0 %, 0 %
2026/09/20 11:06:03.020, 7, 184.09 W, 29, 120 MHz, 3996 MHz, 0 %, 0 %
2026/09/20 11:06:04.020, 0, 914.44 W, 62, 2032 MHz, 3996 MHz, 100 %, 34 %
2026/09/20 11:06:04.020, 1, 834.17 W, 64, 1822 MHz, 3996 MHz, 100 %, 36 %
2026/09/20 11:06:04.020, 2, 610.96 W, 45, 2032 MHz, 3996 MHz, 100 %, 30 %
2026/09/20 11:06:04.020, 3, 702.18 W, 52, 2002 MHz, 3996 MHz, 100 %, 38 %
2026/09/20 11:06:04.020, 4, 183.25 W, 33, 120 MHz, 3996 MHz, 0 %, 0 %
2026/09/20 11:06:04.020, 5, 179.47 W, 31, 120 MHz, 3996 MHz, 0 %, 0 %
2026/09/20 11:06:04.020, 6, 180.17 W, 29, 120 MHz, 3996 MHz, 0 %, 0 %
2026/09/20 11:06:04.020, 7, 184.09 W, 29, 120 MHz, 3996 MHz, 0 %, 0 %
2026/09/20 11:06:05.020, 0, 589.25 W, 58, 2032 MHz, 3996 MHz, 100 %, 30 %
2026/09/20 11:06:05.020, 1, 786.96 W, 61, 2032 MHz, 3996 MHz, 100 %, 53 %
2026/09/20 11:06:05.020, 2, 860.43 W, 51, 2032 MHz, 3996 MHz, 99 %, 53 %
2026/09/20 11:06:05.020, 3, 783.28 W, 50, 2032 MHz, 3996 MHz, 100 %, 53 %
2026/09/20 11:06:05.020, 4, 183.25 W, 33, 120 MHz, 3996 MHz, 0 %, 0 %
2026/09/20 11:06:05.020, 5, 179.47 W, 31, 120 MHz, 3996 MHz, 0 %, 0 %
2026/09/20 11:06:05.020, 6, 180.17 W, 29, 120 MHz, 3996 MHz, 0 %, 0 %
2026/09/20 11:06:05.020, 7, 184.09 W, 29, 120 MHz, 3996 MHz, 0 %, 0 %
2026/09/20 11:06:06.020, 0, 824.94 W, 60, 2032 MHz, 3996 MHz, 100 %, 36 %
2026/09/20 11:06:06.020, 1, 593.31 W, 63, 2032 MHz, 3996 MHz, 100 %, 53 %
2026/09/20 11:06:06.020, 2, 541.45 W, 48, 2032 MHz, 3996 MHz, 99 %, 53 %
2026/09/20 11:06:06.020, 3, 794.73 W, 47, 2032 MHz, 3996 MHz, 100 %, 53 %
2026/09/20 11:06:06.020, 4, 183.25 W, 33, 120 MHz, 3996 MHz, 0 %, 0 %
2026/09/20 11:06:06.021, 5, 179.46 W, 31, 120 MHz, 3996 MHz, 0 %, 0 %
2026/09/20 11:06:06.021, 6, 180.17 W, 29, 120 MHz, 3996 MHz, 0 %, 0 %
2026/09/20 11:06:06.021, 7, 184.09 W, 29, 120 MHz, 3996 MHz, 0 %, 0 %
2026/09/20 11:06:07.021, 0, 600.61 W, 61, 1717 MHz, 3996 MHz, 100 %, 25 %
2026/09/20 11:06:07.021, 1, 770.45 W, 59, 2032 MHz, 3996 MHz, 100 %, 12 %
2026/09/20 11:06:07.021, 2, 777.92 W, 49, 2032 MHz, 3996 MHz, 100 %, 12 %
2026/09/20 11:06:07.021, 3, 515.96 W, 47, 2032 MHz, 3996 MHz, 100 %, 13 %
2026/09/20 11:06:07.021, 4, 183.25 W, 33, 120 MHz, 3996 MHz, 0 %, 0 %
2026/09/20 11:06:07.021, 5, 179.46 W, 31, 120 MHz, 3996 MHz, 0 %, 0 %
2026/09/20 11:06:07.021, 6, 180.16 W, 28, 120 MHz, 3996 MHz, 0 %, 0 %
2026/09/20 11:06:07.021, 7, 184.09 W, 29, 120 MHz, 3996 MHz, 0 %, 0 %
2026/09/20 11:06:08.021, 0, 703.65 W, 58, 2032 MHz, 3996 MHz, 100 %, 12 %
2026/09/20 11:06:08.021, 1, 666.02 W, 61, 2032 MHz, 3996 MHz, 100 %, 31 %
2026/09/20 11:06:08.021, 2, 636.59 W, 49, 2032 MHz, 3996 MHz, 100 %, 53 %
2026/09/20 11:06:08.021, 3, 1026.19 W, 52, 1987 MHz, 3996 MHz, 100 %, 36 %
2026/09/20 11:06:08.021, 4, 183.25 W, 33, 120 MHz, 3996 MHz, 0 %, 0 %
2026/09/20 11:06:08.021, 5, 179.47 W, 31, 120 MHz, 3996 MHz, 0 %, 0 %
2026/09/20 11:06:08.021, 6, 180.15 W, 28, 120 MHz, 3996 MHz, 0 %, 0 %
2026/09/20 11:06:08.021, 7, 184.09 W, 29, 120 MHz, 3996 MHz, 0 %, 0 %
2026/09/20 11:06:09.021, 0, 818.92 W, 63, 1882 MHz, 3996 MHz, 100 %, 34 %
2026/09/20 11:06:09.021, 1, 854.84 W, 57, 2032 MHz, 3996 MHz, 100 %, 14 %
2026/09/20 11:06:09.021, 2, 837.77 W, 46, 2032 MHz, 3996 MHz, 100 %, 14 %
2026/09/20 11:06:09.021, 3, 1052.19 W, 55, 2025 MHz, 3996 MHz, 100 %, 30 %
2026/09/20 11:06:09.021, 4, 183.25 W, 33, 120 MHz, 3996 MHz, 0 %, 0 %
2026/09/20 11:06:09.021, 5, 179.47 W, 31, 120 MHz, 3996 MHz, 0 %, 0 %
2026/09/20 11:06:09.021, 6, 180.16 W, 28, 120 MHz, 3996 MHz, 0 %, 0 %
2026/09/20 11:06:09.021, 7, 184.09 W, 29, 120 MHz, 3996 MHz, 0 %, 0 %
2026/09/20 11:06:10.021, 0, 714.41 W, 57, 2032 MHz, 3996 MHz, 100 %, 54 %
2026/09/20 11:06:10.022, 1, 791.97 W, 64, 1942 MHz, 3996 MHz, 100 %, 33 %
2026/09/20 11:06:10.022, 2, 645.83 W, 45, 2032 MHz, 3996 MHz, 100 %, 14 %
2026/09/20 11:06:10.022, 3, 1031.13 W, 56, 1905 MHz, 3996 MHz, 100 %, 35 %
2026/09/20 11:06:10.022, 4, 183.25 W, 33, 120 MHz, 3996 MHz, 0 %, 0 %
2026/09/20 11:06:10.022, 5, 179.47 W, 31, 120 MHz, 3996 MHz, 0 %, 0 %
2026/09/20 11:06:10.022, 6, 180.15 W, 28, 120 MHz, 3996 MHz, 0 %, 0 %
2026/09/20 11:06:10.022, 7, 184.09 W, 29, 120 MHz, 3996 MHz, 0 %, 0 %
2026/09/20 11:06:11.022, 0, 873.50 W, 63, 1845 MHz, 3996 MHz, 100 %, 33 %
2026/09/20 11:06:11.022, 1, 1035.89 W, 63, 2002 MHz, 3996 MHz, 100 %, 34 %
2026/09/20 11:06:11.022, 2, 641.47 W, 45, 2032 MHz, 3996 MHz, 100 %, 41 %
2026/09/20 11:06:11.022, 3, 782.42 W, 49, 2032 MHz, 3996 MHz, 100 %, 45 %
2026/09/20 11:06:11.022, 4, 183.25 W, 33, 120 MHz, 3996 MHz, 0 %, 0 %
2026/09/20 11:06:11.022, 5, 179.47 W, 31, 120 MHz, 3996 MHz, 0 %, 0 %
2026/09/20 11:06:11.022, 6, 180.15 W, 28, 120 MHz, 3996 MHz, 0 %, 0 %
2026/09/20 11:06:11.022, 7, 184.09 W, 29, 120 MHz, 3996 MHz, 0 %, 0 %
2026/09/20 11:06:12.022, 0, 827.65 W, 63, 1882 MHz, 3996 MHz, 100 %, 35 %
2026/09/20 11:06:12.022, 1, 835.27 W, 65, 1980 MHz, 3996 MHz, 100 %, 30 %
2026/09/20 11:06:12.022, 2, 852.90 W, 46, 2032 MHz, 3996 MHz, 100 %, 13 %
2026/09/20 11:06:12.022, 3, 865.70 W, 47, 2032 MHz, 3996 MHz, 100 %, 15 %
2026/09/20 11:06:12.022, 4, 183.25 W, 33, 120 MHz, 3996 MHz, 0 %, 0 %
2026/09/20 11:06:12.022, 5, 179.47 W, 31, 120 MHz, 3996 MHz, 0 %, 0 %
2026/09/20 11:06:12.022, 6, 180.16 W, 28, 120 MHz, 3996 MHz, 0 %, 0 %
2026/09/20 11:06:12.022, 7, 184.09 W, 29, 120 MHz, 3996 MHz, 0 %, 0 %
2026/09/20 11:06:13.022, 0, 1022.27 W, 62, 2025 MHz, 3996 MHz, 100 %, 33 %
2026/09/20 11:06:13.022, 1, 748.08 W, 59, 2032 MHz, 3996 MHz, 100 %, 27 %
2026/09/20 11:06:13.022, 2, 717.98 W, 51, 1815 MHz, 3996 MHz, 100 %, 36 %
2026/09/20 11:06:13.022, 3, 925.62 W, 51, 2032 MHz, 3996 MHz, 100 %, 12 %
2026/09/20 11:06:13.022, 4, 183.25 W, 33, 120 MHz, 3996 MHz, 0 %, 0 %
2026/09/20 11:06:13.022, 5, 179.47 W, 31, 120 MHz, 3996 MHz, 0 %, 0 %
2026/09/20 11:06:13.022, 6, 180.17 W, 28, 120 MHz, 3996 MHz, 0 %, 0 %
2026/09/20 11:06:13.023, 7, 184.09 W, 29, 120 MHz, 3996 MHz, 0 %, 0 %
2026/09/20 11:06:14.023, 0, 737.05 W, 61, 1867 MHz, 3996 MHz, 100 %, 26 %
2026/09/20 11:06:14.023, 1, 633.37 W, 55, 2032 MHz, 3996 MHz, 100 %, 10 %
2026/09/20 11:06:14.023, 2, 688.50 W, 44, 2032 MHz, 3996 MHz, 100 %, 11 %
2026/09/20 11:06:14.023, 3, 870.33 W, 47, 2032 MHz, 3996 MHz, 100 %, 11 %
2026/09/20 11:06:14.023, 4, 183.25 W, 33, 120 MHz, 3996 MHz, 0 %, 0 %
2026/09/20 11:06:14.023, 5, 179.46 W, 31, 120 MHz, 3996 MHz, 0 %, 0 %
2026/09/20 11:06:14.023, 6, 180.16 W, 28, 120 MHz, 3996 MHz, 0 %, 0 %
2026/09/20 11:06:14.023, 7, 184.09 W, 29, 120 MHz, 3996 MHz, 0 %, 0 %
2026/09/20 11:06:15.023, 0, 744.34 W, 54, 2032 MHz, 3996 MHz, 100 %, 11 %
2026/09/20 11:06:15.023, 1, 566.55 W, 54, 2032 MHz, 3996 MHz, 100 %, 11 %
2026/09/20 11:06:15.023, 2, 800.85 W, 46, 2032 MHz, 3996 MHz, 100 %, 11 %
2026/09/20 11:06:15.023, 3, 673.66 W, 52, 1785 MHz, 3996 MHz, 100 %, 33 %
2026/09/20 11:06:15.023, 4, 183.25 W, 33, 120 MHz, 3996 MHz, 0 %, 0 %
2026/09/20 11:06:15.023, 5, 179.47 W, 31, 120 MHz, 3996 MHz, 0 %, 0 %
2026/09/20 11:06:15.023, 6, 180.16 W, 28, 120 MHz, 3996 MHz, 0 %, 0 %
2026/09/20 11:06:15.023, 7, 184.09 W, 29, 120 MHz, 3996 MHz, 0 %, 0 %
2026/09/20 11:06:16.023, 0, 748.09 W, 56, 2032 MHz, 3996 MHz, 100 %, 15 %
2026/09/20 11:06:16.023, 1, 698.95 W, 64, 1830 MHz, 3996 MHz, 100 %, 34 %
2026/09/20 11:06:16.023, 2, 680.83 W, 52, 1942 MHz, 3996 MHz, 100 %, 33 %
2026/09/20 11:06:16.023, 3, 636.26 W, 45, 2032 MHz, 3996 MHz, 100 %, 14 %
2026/09/20 11:06:16.023, 4, 183.25 W, 33, 120 MHz, 3996 MHz, 0 %, 0 %
2026/09/20 11:06:16.023, 5, 179.47 W, 31, 120 MHz, 3996 MHz, 0 %, 0 %
2026/09/20 11:06:16.023, 6, 180.14 W, 29, 120 MHz, 3996 MHz, 0 %, 0 %
2026/09/20 11:06:16.023, 7, 184.09 W, 29, 120 MHz, 3996 MHz, 0 %, 0 %
2026/09/20 11:06:17.023, 0, 823.81 W, 62, 1980 MHz, 3996 MHz, 100 %, 33 %
2026/09/20 11:06:17.023, 1, 773.77 W, 56, 2032 MHz, 3996 MHz, 100 %, 18 %
2026/09/20 11:06:17.023, 2, 1048.93 W, 54, 1972 MHz, 3996 MHz, 100 %, 34 %
2026/09/20 11:06:17.023, 3, 857.04 W, 54, 1837 MHz, 3996 MHz, 100 %, 34 %
2026/09/20 11:06:17.023, 4, 183.25 W, 33, 120 MHz, 3996 MHz, 0 %, 0 %
2026/09/20 11:06:17.023, 5, 179.47 W, 31, 120 MHz, 3996 MHz, 0 %, 0 %
2026/09/20 11:06:17.024, 6, 180.14 W, 29, 120 MHz, 3996 MHz, 0 %, 0 %
2026/09/20 11:06:17.024, 7, 184.09 W, 29, 120 MHz, 3996 MHz, 0 %, 0 %
2026/09/20 11:06:18.024, 0, 800.74 W, 56, 1980 MHz, 3996 MHz, 100 %, 17 %
2026/09/20 11:06:18.024, 1, 883.06 W, 58, 2032 MHz, 3996 MHz, 100 %, 20 %
2026/09/20 11:06:18.024, 2, 974.17 W, 49, 2032 MHz, 3996 MHz, 100 %, 11 %
2026/09/20 11:06:18.024, 3, 983.57 W, 49, 2025 MHz, 3996 MHz, 100 %, 11 %
2026/09/20 11:06:18.024, 4, 183.25 W, 33, 120 MHz, 3996 MHz, 0 %, 0 %
2026/09/20 11:06:18.024, 5, 179.47 W, 31, 120 MHz, 3996 MHz, 0 %, 0 %
2026/09/20 11:06:18.024, 6, 180.15 W, 29, 120 MHz, 3996 MHz, 0 %, 0 %
2026/09/20 11:06:18.024, 7, 184.09 W, 29, 120 MHz, 3996 MHz, 0 %, 0 %
2026/09/20 11:06:19.024, 0, 810.97 W, 56, 2032 MHz, 3996 MHz, 100 %, 11 %
2026/09/20 11:06:19.024, 1, 829.57 W, 65, 1680 MHz, 3996 MHz, 100 %, 33 %
2026/09/20 11:06:19.024, 2, 562.21 W, 44, 2032 MHz, 3996 MHz, 100 %, 10 %
2026/09/20 11:06:19.024, 3, 712.06 W, 45, 2032 MHz, 3996 MHz, 100 %, 11 %
2026/09/20 11:06:19.024, 4, 183.25 W, 33, 120 MHz, 3996 MHz, 0 %, 0 %
2026/09/20 11:06:19.024, 5, 179.46 W, 31, 120 MHz, 3996 MHz, 0 %, 0 %
2026/09/20 11:06:19.024, 6, 180.17 W, 29, 120 MHz, 3996 MHz, 0 %, 0 %
2026/09/20 11:06:19.024, 7, 184.09 W, 29, 120 MHz, 3996 MHz, 0 %, 0 %
2026/09/20 11:06:20.024, 0, 842.31 W, 60, 2032 MHz, 3996 MHz, 100 %, 43 %
2026/09/20 11:06:20.024, 1, 972.11 W, 65, 1710 MHz, 3996 MHz, 100 %, 35 %
2026/09/20 11:06:20.024, 2, 731.78 W, 48, 2032 MHz, 3996 MHz, 100 %, 12 %
2026/09/20 11:06:20.024, 3, 730.15 W, 49, 2032 MHz, 3996 MHz, 100 %, 13 %
2026/09/20 11:06:20.024, 4, 183.25 W, 33, 120 MHz, 3996 MHz, 0 %, 0 %
2026/09/20 11:06:20.024, 5, 179.47 W, 31, 120 MHz, 3996 MHz, 0 %, 0 %
2026/09/20 11:06:20.024, 6, 180.15 W, 28, 120 MHz, 3996 MHz, 0 %, 0 %
2026/09/20 11:06:20.024, 7, 184.09 W, 29, 120 MHz, 3996 MHz, 0 %, 0 %
2026/09/20 11:06:21.024, 0, 734.11 W, 62, 1942 MHz, 3996 MHz, 100 %, 43 %
2026/09/20 11:06:21.025, 1, 1053.52 W, 65, 1927 MHz, 3996 MHz, 100 %, 34 %
2026/09/20 11:06:21.025, 2, 743.35 W, 52, 1950 MHz, 3996 MHz, 100 %, 35 %
2026/09/20 11:06:21.025, 3, 859.60 W, 48, 2032 MHz, 3996 MHz, 100 %, 18 %
2026/09/20 11:06:21.025, 4, 183.25 W, 33, 120 MHz, 3996 MHz, 0 %, 0 %
2026/09/20 11:06:21.025, 5, 179.46 W, 31, 120 MHz, 3996 MHz, 0 %, 0 %
2026/09/20 11:06:21.025, 6, 180.14 W, 28, 120 MHz, 3996 MHz, 0 %, 0 %
2026/09/20 11:06:21.025, 7, 184.05 W, 29, 120 MHz, 3996 MHz, 0 %, 0 %
2026/09/20 11:06:22.025, 0, 806.56 W, 59, 2032 MHz, 3996 MHz, 100 %, 30 %
2026/09/20 11:06:22.025, 1, 800.82 W, 60, 2032 MHz, 3996 MHz, 100 %, 45 %
2026/09/20 11:06:22.025, 2, 1014.64 W, 50, 2032 MHz, 3996 MHz, 100 %, 23 %
2026/09/20 11:06:22.025, 3, 886.66 W, 51, 2032 MHz, 3996 MHz, 100 %, 53 %
2026/09/20 11:06:22.025, 4, 183.25 W, 33, 120 MHz, 3996 MHz, 0 %, 0 %
2026/09/20 11:06:22.025, 5, 179.47 W, 31, 120 MHz, 3996 MHz, 0 %, 0 %
2026/09/20 11:06:22.025, 6, 180.14 W, 28, 120 MHz, 3996 MHz, 0 %, 0 %
2026/09/20 11:06:22.025, 7, 184.09 W, 29, 120 MHz, 3996 MHz, 0 %, 0 %
2026/09/20 11:06:23.025, 0, 826.61 W, 61, 2002 MHz, 3996 MHz, 99 %, 52 %
2026/09/20 11:06:23.025, 1, 981.52 W, 65, 1920 MHz, 3996 MHz, 100 %, 35 %
2026/09/20 11:06:23.025, 2, 717.73 W, 52, 1927 MHz, 3996 MHz, 100 %, 36 %
2026/09/20 11:06:23.025, 3, 636.96 W, 46, 2032 MHz, 3996 MHz, 100 %, 21 %
2026/09/20 11:06:23.025, 4, 183.25 W, 33, 120 MHz, 3996 MHz, 0 %, 0 %
2026/09/20 11:06:23.025, 5, 179.47 W, 31, 120 MHz, 3996 MHz, 0 %, 0 %
2026/09/20 11:06:23.025, 6, 180.16 W, 28, 120 MHz, 3996 MHz, 0 %, 0 %
2026/09/20 11:06:23.025, 7, 184.09 W, 29, 120 MHz, 3996 MHz, 0 %, 0 %
2026/09/20 11:06:24.025, 0, 883.62 W, 59, 2032 MHz, 3996 MHz, 100 %, 13 %
2026/09/20 11:06:24.025, 1, 990.02 W, 65, 1672 MHz, 3996 MHz, 100 %, 35 %
2026/09/20 11:06:24.025, 2, 958.05 W, 49, 2032 MHz, 3996 MHz, 100 %, 12 %
2026/09/20 11:06:24.025, 3, 697.35 W, 48, 2032 MHz, 3996 MHz, 100 %, 14 %
2026/09/20 11:06:24.025, 4, 183.17 W, 33, 120 MHz, 3996 MHz, 0 %, 0 %
2026/09/20 11:06:24.025, 5, 179.46 W, 31, 120 MHz, 3996 MHz, 0 %, 0 %
2026/09/20 11:06:24.025, 6, 180.13 W, 28, 120 MHz, 3996 MHz, 0 %, 0 %
2026/09/20 11:06:24.026, 7, 184.09 W, 29, 120 MHz, 3996 MHz, 0 %, 0 %
2026/09/20 11:06:25.026, 0, 894.49 W, 57, 2032 MHz, 3996 MHz, 100 %, 14 %
2026/09/20 11:06:25.026, 1, 614.37 W, 56, 2032 MHz, 3996 MHz, 100 %, 15 %
2026/09/20 11:06:25.026, 2, 1054.79 W, 54, 1822 MHz, 3996 MHz, 100 %, 34 %
2026/09/20 11:06:25.026, 3, 1047.67 W, 54, 1957 MHz, 3996 MHz, 100 %, 33 %
2026/09/20 11:06:25.026, 4, 183.25 W, 33, 120 MHz, 3996 MHz, 0 %, 0 %
2026/09/20 11:06:25.026, 5, 179.47 W, 31, 120 MHz, 3996 MHz, 0 %, 0 %
2026/09/20 11:06:25.026, 6, 180.12 W, 28, 120 MHz, 3996 MHz, 0 %, 0 %
2026/09/20 11:06:25.026, 7, 184.09 W, 29, 120 MHz, 3996 MHz, 0 %, 0 %
2026/09/20 11:06:26.026, 0, 658.60 W, 58, 2032 MHz, 3996 MHz, 100 %, 48 %
2026/09/20 11:06:26.026, 1, 686.42 W, 59, 2032 MHz, 3996 MHz, 100 %, 47 %
2026/09/20 11:06:26.026, 2, 739.15 W, 49, 2032 MHz, 3996 MHz, 100 %, 25 %
2026/09/20 11:06:26.026, 3, 999.40 W, 51, 2032 MHz, 3996 MHz, 100 %, 20 %
2026/09/20 11:06:26.026, 4, 183.21 W, 33, 120 MHz, 3996 MHz, 0 %, 0 %
2026/09/20 11:06:26.026, 5, 179.47 W, 31, 120 MHz, 3996 MHz, 0 %, 0 %
2026/09/20 11:06:26.026, 6, 180.13 W, 28, 120 MHz, 3996 MHz, 0 %, 0 %
2026/09/20 11:06:26.026, 7, 184.05 W, 29, 120 MHz, 3996 MHz, 0 %, 0 %
2026/09/20 11:06:27.026, 0, 841.45 W, 61, 1920 MHz, 3996 MHz, 100 %, 37 %
2026/09/20 11:06:27.026, 1, 755.50 W, 64, 1980 MHz, 3996 MHz, 100 %, 33 %
2026/09/20 11:06:27.026, 2, 747.01 W, 52, 1942 MHz, 3996 MHz, 100 %, 35 %
2026/09/20 11:06:27.026, 3, 849.12 W, 48, 2032 MHz, 3996 MHz, 100 %, 19 %
2026/09/20 11:06:27.026, 4, 183.25 W, 33, 120 MHz, 3996 MHz, 0 %, 0 %
2026/09/20 11:06:27.026, 5, 179.46 W, 31, 120 MHz, 3996 MHz, 0 %, 0 %
2026/09/20 11:06:27.026, 6, 180.14 W, 28, 120 MHz, 3996 MHz, 0 %, 0 %
2026/09/20 11:06:27.026, 7, 184.09 W, 29, 120 MHz, 3996 MHz, 0 %, 0 %
2026/09/20 11:06:28.026, 0, 846.91 W, 56, 2032 MHz, 3996 MHz, 100 %, 37 %
2026/09/20 11:06:28.026, 1, 786.62 W, 56, 2032 MHz, 3996 MHz, 100 %, 11 %
2026/09/20 11:06:28.026, 2, 880.67 W, 46, 2032 MHz, 3996 MHz, 100 %, 11 %
2026/09/20 11:06:28.026, 3, 825.43 W, 55, 1785 MHz, 3996 MHz, 100 %, 33 %
2026/09/20 11:06:28.026, 4, 183.25 W, 33, 120 MHz, 3996 MHz, 0 %, 0 %
2026/09/20 11:06:28.027, 5, 179.47 W, 31, 120 MHz, 3996 MHz, 0 %, 0 %
2026/09/20 11:06:28.027, 6, 180.15 W, 28, 120 MHz, 3996 MHz, 0 %, 0 %
2026/09/20 11:06:28.027, 7, 184.09 W, 29, 120 MHz, 3996 MHz, 0 %, 0 %
2026/09/20 11:06:29.027, 0, 785.18 W, 55, 2032 MHz, 3996 MHz, 100 %, 15 %
2026/09/20 11:06:29.027, 1, 673.16 W, 55, 2032 MHz, 3996 MHz, 100 %, 11 %
2026/09/20 11:06:29.027, 2, 646.20 W, 45, 2032 MHz, 3996 MHz, 100 %, 11 %
2026/09/20 11:06:29.027, 3, 940.74 W, 55, 1740 MHz, 3996 MHz, 100 %, 34 %
2026/09/20 11:06:29.027, 4, 183.25 W, 33, 120 MHz, 3996 MHz, 0 %, 0 %
2026/09/20 11:06:29.027, 5, 179.47 W, 31, 120 MHz, 3996 MHz, 0 %, 0 %
2026/09/20 11:06:29.027, 6, 180.13 W, 28, 120 MHz, 3996 MHz, 0 %, 0 %
2026/09/20 11:06:29.027, 7, 184.09 W, 29, 120 MHz, 3996 MHz, 0 %, 0 %
2026/09/20 11:06:30.027, 0, 850.88 W, 59, 2032 MHz, 3996 MHz, 100 %, 11 %
2026/09/20 11:06:30.027, 1, 996.78 W, 65, 1687 MHz, 3996 MHz, 100 %, 33 %
2026/09/20 11:06:30.027, 2, 886.57 W, 49, 2032 MHz, 3996 MHz, 100 %, 12 %
2026/09/20 11:06:30.027, 3, 710.07 W, 49, 2032 MHz, 3996 MHz, 100 %, 12 %
2026/09/20 11:06:30.027, 4, 183.21 W, 33, 120 MHz, 3996 MHz, 0 %, 0 %
2026/09/20 11:06:30.027, 5, 179.47 W, 31, 120 MHz, 3996 MHz, 0 %, 0 %
2026/09/20 11:06:30.027, 6, 180.14 W, 28, 120 MHz, 3996 MHz, 0 %, 0 %
2026/09/20 11:06:30.027, 7, 184.05 W, 29, 120 MHz, 3996 MHz, 0 %, 0 %
2026/09/20 11:06:31.027, 0, 925.39 W, 64, 1672 MHz, 3996 MHz, 100 %, 33 %
2026/09/20 11:06:31.027, 1, 693.40 W, 57, 2032 MHz, 3996 MHz, 100 %, 10 %
2026/09/20 11:06:31.027, 2, 656.41 W, 44, 2032 MHz, 3996 MHz, 100 %, 29 %
2026/09/20 11:06:31.027, 3, 796.68 W, 46, 2032 MHz, 3996 MHz, 100 %, 33 %
2026/09/20 11:06:31.027, 4, 183.25 W, 33, 120 MHz, 3996 MHz, 0 %, 0 %
2026/09/20 11:06:31.027, 5, 179.46 W, 31, 120 MHz, 3996 MHz, 0 %, 0 %
2026/09/20 11:06:31.027, 6, 180.11 W, 28, 120 MHz, 3996 MHz, 0 %, 0 %
2026/09/20 11:06:31.027, 7, 184.09 W, 29, 120 MHz, 3996 MHz, 0 %, 0 %
2026/09/20 11:06:32.028, 0, 693.96 W, 57, 2032 MHz, 3996 MHz, 100 %, 11 %
2026/09/20 11:06:32.028, 1, 704.20 W, 58, 2032 MHz, 3996 MHz, 100 %, 31 %
2026/09/20 11:06:32.028, 2, 1053.19 W, 52, 2010 MHz, 3996 MHz, 100 %, 52 %
2026/09/20 11:06:32.028, 3, 689.74 W, 48, 2032 MHz, 3996 MHz, 100 %, 52 %
2026/09/20 11:06:32.028, 4, 183.25 W, 33, 120 MHz, 3996 MHz, 0 %, 0 %
2026/09/20 11:06:32.028, 5, 179.47 W, 31, 120 MHz, 3996 MHz, 0 %, 0 %
2026/09/20 11:06:32.028, 6, 180.13 W, 28, 120 MHz, 3996 MHz, 0 %, 0 %
2026/09/20 11:06:32.028, 7, 184.09 W, 29, 120 MHz, 3996 MHz, 0 %, 0 %
2026/09/20 11:06:33.028, 0, 830.79 W, 61, 1762 MHz, 3996 MHz, 100 %, 33 %
2026/09/20 11:06:33.028, 1, 570.22 W, 57, 2032 MHz, 3996 MHz, 100 %, 18 %
2026/09/20 11:06:33.028, 2, 562.60 W, 44, 2032 MHz, 3996 MHz, 100 %, 38 %
2026/09/20 11:06:33.028, 3, 790.37 W, 48, 2032 MHz, 3996 MHz, 100 %, 32 %
2026/09/20 11:06:33.028, 4, 183.21 W, 33, 120 MHz, 3996 MHz, 0 %, 0 %
2026/09/20 11:06:33.028, 5, 179.47 W, 31, 120 MHz, 3996 MHz, 0 %, 0 %
2026/09/20 11:06:33.028, 6, 180.13 W, 28, 120 MHz, 3996 MHz, 0 %, 0 %
2026/09/20 11:06:33.028, 7, 184.09 W, 29, 120 MHz, 3996 MHz, 0 %, 0 %
2026/09/20 11:06:34.028, 0, 588.99 W, 54, 2032 MHz, 3996 MHz, 100 %, 14 %
2026/09/20 11:06:34.028, 1, 826.88 W, 61, 1747 MHz, 3996 MHz, 100 %, 34 %
2026/09/20 11:06:34.028, 2, 801.88 W, 45, 2032 MHz, 3996 MHz, 100 %, 14 %
2026/09/20 11:06:34.028, 3, 825.48 W, 54, 1920 MHz, 3996 MHz, 100 %, 24 %
2026/09/20 11:06:34.028, 4, 183.25 W, 33, 120 MHz, 3996 MHz, 0 %, 0 %
2026/09/20 11:06:34.028, 5, 179.47 W, 31, 120 MHz, 3996 MHz, 0 %, 0 %
2026/09/20 11:06:34.028, 6, 180.13 W, 28, 120 MHz, 3996 MHz, 0 %, 0 %
2026/09/20 11:06:34.028, 7, 184.09 W, 29, 120 MHz, 3996 MHz, 0 %, 0 %
2026/09/20 11:06:35.028, 0, 730.63 W, 55, 2032 MHz, 3996 MHz, 100 %, 33 %
2026/09/20 11:06:35.028, 1, 971.25 W, 64, 1867 MHz, 3996 MHz, 100 %, 34 %
2026/09/20 11:06:35.028, 2, 597.93 W, 44, 2032 MHz, 3996 MHz, 100 %, 15 %
2026/09/20 11:06:35.028, 3, 729.11 W, 52, 1905 MHz, 3996 MHz, 100 %, 35 %
2026/09/20 11:06:35.028, 4, 183.21 W, 33, 120 MHz, 3996 MHz, 0 %, 0 %
2026/09/20 11:06:35.029, 5, 179.46 W, 31, 120 MHz, 3996 MHz, 0 %, 0 %
2026/09/20 11:06:35.029, 6, 180.17 W, 28, 120 MHz, 3996 MHz, 0 %, 0 %
2026/09/20 11:06:35.029, 7, 184.09 W, 29, 120 MHz, 3996 MHz, 0 %, 0 %
2026/09/20 11:06:36.029, 0, 840.17 W, 59, 2032 MHz, 3996 MHz, 100 %, 24 %
2026/09/20 11:06:36.029, 1, 1068.27 W, 65, 1687 MHz, 3996 MHz, 100 %, 33 %
2026/09/20 11:06:36.029, 2, 581.69 W, 46, 2032 MHz, 3996 MHz, 100 %, 12 %
2026/09/20 11:06:36.029, 3, 725.52 W, 48, 2032 MHz, 3996 MHz, 100 %, 12 %
2026/09/20 11:06:36.029, 4, 183.17 W, 33, 120 MHz, 3996 MHz, 0 %, 0 %
2026/09/20 11:06:36.029, 5, 179.46 W, 31, 120 MHz, 3996 MHz, 0 %, 0 %
2026/09/20 11:06:36.029, 6, 180.16 W, 28, 120 MHz, 3996 MHz, 0 %, 0 %
2026/09/20 11:06:36.029, 7, 184.09 W, 29, 120 MHz, 3996 MHz, 0 %, 0 %
2026/09/20 11:06:37.029, 0, 544.40 W, 54, 2032 MHz, 3996 MHz, 100 %, 10 %
2026/09/20 11:06:37.029, 1, 597.69 W, 57, 2032 MHz, 3996 MHz, 100 %, 13 %
2026/09/20 11:06:37.029, 2, 791.76 W, 53, 1957 MHz, 3996 MHz, 100 %, 46 %
2026/09/20 11:06:37.029, 3, 784.53 W, 48, 2032 MHz, 3996 MHz, 100 %, 43 %
2026/09/20 11:06:37.029, 4, 183.25 W, 33, 120 MHz, 3996 MHz, 0 %, 0 %
2026/09/20 11:06:37.029, 5, 179.46 W, 31, 120 MHz, 3996 MHz, 0 %, 0 %
2026/09/20 11:06:37.029, 6, 180.15 W, 28, 120 MHz, 3996 MHz, 0 %, 0 %
2026/09/20 11:06:37.029, 7, 184.09 W, 29, 120 MHz, 3996 MHz, 0 %, 0 %
2026/09/20 11:06:38.029, 0, 918.71 W, 62, 1927 MHz, 3996 MHz, 100 %, 35 %
2026/09/20 11:06:38.029, 1, 1048.36 W, 64, 1950 MHz, 3996 MHz, 100 %, 34 %
2026/09/20 11:06:38.029, 2, 922.47 W, 53, 1935 MHz, 3996 MHz, 100 %, 35 %
2026/09/20 11:06:38.029, 3, 918.66 W, 55, 1995 MHz, 3996 MHz, 100 %, 33 %
2026/09/20 11:06:38.029, 4, 183.21 W, 33, 120 MHz, 3996 MHz, 0 %, 0 %
2026/09/20 11:06:38.029, 5, 179.47 W, 31, 120 MHz, 3996 MHz, 0 %, 0 %
2026/09/20 11:06:38.029, 6, 180.16 W, 29, 120 MHz, 3996 MHz, 0 %, 0 %
2026/09/20 11:06:38.029, 7, 184.09 W, 29, 120 MHz, 3996 MHz, 0 %, 0 %
2026/09/20 11:06:39.030, 0, 926.17 W, 56, 2032 MHz, 3996 MHz, 100 %, 53 %
2026/09/20 11:06:39.030, 1, 885.02 W, 56, 2032 MHz, 3996 MHz, 100 %, 11 %
2026/09/20 11:06:39.030, 2, 872.47 W, 46, 2032 MHz, 3996 MHz, 100 %, 11 %
2026/09/20 11:06:39.030, 3, 1003.86 W, 55, 1807 MHz, 3996 MHz, 100 %, 34 %
2026/09/20 11:06:39.030, 4, 183.21 W, 33, 120 MHz, 3996 MHz, 0 %, 0 %
2026/09/20 11:06:39.030, 5, 179.47 W, 31, 120 MHz, 3996 MHz, 0 %, 0 %
2026/09/20 11:06:39.030, 6, 180.15 W, 28, 120 MHz, 3996 MHz, 0 %, 0 %
2026/09/20 11:06:39.030, 7, 184.09 W, 29, 120 MHz, 3996 MHz, 0 %, 0 %
2026/09/20 11:06:40.030, 0, 905.61 W, 63, 1942 MHz, 3996 MHz, 100 %, 34 %
2026/09/20 11:06:40.030, 1, 884.05 W, 59, 2032 MHz, 3996 MHz, 100 %, 28 %
2026/09/20 11:06:40.030, 2, 930.62 W, 54, 1987 MHz, 3996 MHz, 100 %, 34 %
2026/09/20 11:06:40.030, 3, 786.59 W, 53, 1957 MHz, 3996 MHz, 100 %, 36 %
2026/09/20 11:06:40.030, 4, 183.25 W, 33, 120 MHz, 3996 MHz, 0 %, 0 %
2026/09/20 11:06:40.030, 5, 179.46 W, 31, 120 MHz, 3996 MHz, 0 %, 0 %
2026/09/20 11:06:40.030, 6, 180.16 W, 29, 120 MHz, 3996 MHz, 0 %, 0 %
2026/09/20 11:06:40.030, 7, 184.09 W, 29, 120 MHz, 3996 MHz, 0 %, 0 %
2026/09/20 11:06:41.030, 0, 1054.34 W, 65, 1815 MHz, 3996 MHz, 100 %, 34 %
2026/09/20 11:06:41.030, 1, 652.72 W, 55, 2032 MHz, 3996 MHz, 100 %, 14 %
2026/09/20 11:06:41.030, 2, 1045.53 W, 54, 1777 MHz, 3996 MHz, 100 %, 34 %
2026/09/20 11:06:41.030, 3, 828.30 W, 47, 2032 MHz, 3996 MHz, 100 %, 15 %
2026/09/20 11:06:41.030, 4, 183.25 W, 33, 120 MHz, 3996 MHz, 0 %, 0 %
2026/09/20 11:06:41.030, 5, 179.46 W, 31, 120 MHz, 3996 MHz, 0 %, 0 %
2026/09/20 11:06:41.030, 6, 180.20 W, 28, 120 MHz, 3996 MHz, 0 %, 0 %
2026/09/20 11:06:41.030, 7, 184.09 W, 29, 120 MHz, 3996 MHz, 0 %, 0 %
2026/09/20 11:06:42.030, 0, 603.79 W, 53, 2032 MHz, 3996 MHz, 100 %, 11 %
2026/09/20 11:06:42.030, 1, 810.67 W, 55, 2032 MHz, 3996 MHz, 100 %, 11 %
2026/09/20 11:06:42.030, 2, 561.72 W, 43, 2032 MHz, 3996 MHz, 100 %, 11 %
2026/09/20 11:06:42.030, 3, 779.81 W, 54, 1837 MHz, 3996 MHz, 100 %, 34 %
2026/09/20 11:06:42.030, 4, 183.21 W, 33, 120 MHz, 3996 MHz, 0 %, 0 %
2026/09/20 11:06:42.030, 5, 179.46 W, 31, 120 MHz, 3996 MHz, 0 %, 0 %
2026/09/20 11:06:42.031, 6, 180.14 W, 28, 120 MHz, 3996 MHz, 0 %, 0 %
2026/09/20 11:06:42.031, 7, 184.09 W, 29, 120 MHz, 3996 MHz, 0 %, 0 %
2026/09/20 11:06:43.031, 0, 760.26 W, 63, 1897 MHz, 3996 MHz, 100 %, 36 %
2026/09/20 11:06:43.031, 1, 861.25 W, 56, 2032 MHz, 3996 MHz, 100 %, 14 %
2026/09/20 11:06:43.031, 2, 867.72 W, 46, 2032 MHz, 3996 MHz, 100 %, 15 %
2026/09/20 11:06:43.031, 3, 790.99 W, 54, 2002 MHz, 3996 MHz, 100 %, 32 %
2026/09/20 11:06:43.031, 4, 183.21 W, 33, 120 MHz, 3996 MHz, 0 %, 0 %
2026/09/20 11:06:43.031, 5, 179.46 W, 31, 120 MHz, 3996 MHz, 0 %, 0 %
2026/09/20 11:06:43.031, 6, 180.14 W, 28, 120 MHz, 3996 MHz, 0 %, 0 %
2026/09/20 11:06:43.031, 7, 184.09 W, 29, 120 MHz, 3996 MHz, 0 %, 0 %
2026/09/20 11:06:44.031, 0, 806.88 W, 63, 1890 MHz, 3996 MHz, 100 %, 50 %
2026/09/20 11:06:44.031, 1, 857.31 W, 57, 2032 MHz, 3996 MHz, 100 %, 15 %
2026/09/20 11:06:44.031, 2, 569.96 W, 45, 2032 MHz, 3996 MHz, 100 %, 15 %
2026/09/20 11:06:44.031, 3, 801.61 W, 54, 1905 MHz, 3996 MHz, 100 %, 34 %
2026/09/20 11:06:44.031, 4, 183.21 W, 33, 120 MHz, 3996 MHz, 0 %, 0 %
2026/09/20 11:06:44.031, 5, 179.46 W, 31, 120 MHz, 3996 MHz, 0 %, 0 %
2026/09/20 11:06:44.031, 6, 180.15 W, 28, 120 MHz, 3996 MHz, 0 %, 0 %
2026/09/20 11:06:44.031, 7, 184.09 W, 29, 120 MHz, 3996 MHz, 0 %, 0 %
2026/09/20 11:06:45.031, 0, 756.51 W, 54, 2032 MHz, 3996 MHz, 100 %, 11 %
2026/09/20 11:06:45.031, 1, 737.79 W, 55, 2032 MHz, 3996 MHz, 100 %, 11 %
2026/09/20 11:06:45.031, 2, 832.94 W, 54, 1680 MHz, 3996 MHz, 100 %, 35 %
2026/09/20 11:06:45.031, 3, 699.18 W, 45, 2032 MHz, 3996 MHz, 100 %, 10 %
2026/09/20 11:06:45.031, 4, 183.17 W, 33, 120 MHz, 3996 MHz, 0 %, 0 %
2026/09/20 11:06:45.031, 5, 179.47 W, 31, 120 MHz, 3996 MHz, 0 %, 0 %
2026/09/20 11:06:45.031, 6, 180.13 W, 28, 120 MHz, 3996 MHz, 0 %, 0 %
2026/09/20 11:06:45.031, 7, 184.09 W, 29, 120 MHz, 3996 MHz, 0 %, 0 %
2026/09/20 11:06:46.031, 0, 686.90 W, 61, 1890 MHz, 3996 MHz, 100 %, 41 %
2026/09/20 11:06:46.032, 1, 597.11 W, 55, 2032 MHz, 3996 MHz, 100 %, 14 %
2026/09/20 11:06:46.032, 2, 819.29 W, 52, 2002 MHz, 3996 MHz, 100 %, 31 %
2026/09/20 11:06:46.032, 3, 819.10 W, 47, 2032 MHz, 3996 MHz, 100 %, 14 %
2026/09/20 11:06:46.032, 4, 183.21 W, 33, 120 MHz, 3996 MHz, 0 %, 0 %
2026/09/20 11:06:46.032, 5, 179.47 W, 31, 120 MHz, 3996 MHz, 0 %, 0 %
2026/09/20 11:06:46.032, 6, 180.15 W, 28, 120 MHz, 3996 MHz, 0 %, 0 %
2026/09/20 11:06:46.032, 7, 184.09 W, 29, 120 MHz, 3996 MHz, 0 %, 0 %
2026/09/20 11:06:47.032, 0, 1049.46 W, 64, 1995 MHz, 3996 MHz, 100 %, 35 %
2026/09/20 11:06:47.032, 1, 912.38 W, 63, 1957 MHz, 3996 MHz, 100 %, 42 %
2026/09/20 11:06:47.032, 2, 786.46 W, 49, 1995 MHz, 3996 MHz, 100 %, 38 %
2026/09/20 11:06:47.032, 3, 667.24 W, 50, 2032 MHz, 3996 MHz, 100 %, 35 %
2026/09/20 11:06:47.032, 4, 183.25 W, 33, 120 MHz, 3996 MHz, 0 %, 0 %
2026/09/20 11:06:47.032, 5, 179.46 W, 31, 120 MHz, 3996 MHz, 0 %, 0 %
2026/09/20 11:06:47.032, 6, 180.13 W, 28, 120 MHz, 3996 MHz, 0 %, 0 %
2026/09/20 11:06:47.032, 7, 184.09 W, 29, 120 MHz, 3996 MHz, 0 %, 0 %
2026/09/20 11:06:48.032, 0, 983.34 W, 59, 2032 MHz, 3996 MHz, 100 %, 32 %
2026/09/20 11:06:48.032, 1, 959.53 W, 60, 2032 MHz, 3996 MHz, 100 %, 13 %
2026/09/20 11:06:48.032, 2, 950.96 W, 49, 2032 MHz, 3996 MHz, 100 %, 13 %
2026/09/20 11:06:48.032, 3, 1056.47 W, 55, 1785 MHz, 3996 MHz, 100 %, 35 %
2026/09/20 11:06:48.032, 4, 183.25 W, 33, 120 MHz, 3996 MHz, 0 %, 0 %
2026/09/20 11:06:48.032, 5, 179.47 W, 31, 120 MHz, 3996 MHz, 0 %, 0 %
2026/09/20 11:06:48.032, 6, 180.15 W, 28, 120 MHz, 3996 MHz, 0 %, 0 %
2026/09/20 11:06:48.032, 7, 184.09 W, 29, 120 MHz, 3996 MHz, 0 %, 0 %
2026/09/20 11:06:49.032, 0, 922.87 W, 63, 2032 MHz, 3996 MHz, 100 %, 13 %
2026/09/20 11:06:49.032, 1, 769.35 W, 57, 2032 MHz, 3996 MHz, 100 %, 34 %
2026/09/20 11:06:49.032, 2, 864.70 W, 49, 2032 MHz, 3996 MHz, 100 %, 17 %
2026/09/20 11:06:49.032, 3, 815.89 W, 53, 1995 MHz, 3996 MHz, 100 %, 33 %
2026/09/20 11:06:49.032, 4, 183.25 W, 33, 120 MHz, 3996 MHz, 0 %, 0 %
2026/09/20 11:06:49.033, 5, 179.46 W, 31, 120 MHz, 3996 MHz, 0 %, 0 %
2026/09/20 11:06:49.033, 6, 180.17 W, 28, 120 MHz, 3996 MHz, 0 %, 0 %
2026/09/20 11:06:49.033, 7, 184.05 W, 29, 120 MHz, 3996 MHz, 0 %, 0 %
2026/09/20 11:06:50.033, 0, 894.24 W, 56, 2032 MHz, 3996 MHz, 100 %, 17 %
2026/09/20 11:06:50.033, 1, 771.69 W, 63, 1687 MHz, 3996 MHz, 100 %, 35 %
2026/09/20 11:06:50.033, 2, 753.11 W, 47, 2032 MHz, 3996 MHz, 100 %, 10 %
2026/09/20 11:06:50.033, 3, 825.59 W, 46, 2032 MHz, 3996 MHz, 100 %, 10 %
2026/09/20 11:06:50.033, 4, 183.17 W, 33, 120 MHz, 3996 MHz, 0 %, 0 %
2026/09/20 11:06:50.033, 5, 179.47 W, 31, 120 MHz, 3996 MHz, 0 %, 0 %
2026/09/20 11:06:50.033, 6, 180.14 W, 28, 120 MHz, 3996 MHz, 0 %, 0 %
2026/09/20 11:06:50.033, 7, 184.09 W, 29, 120 MHz, 3996 MHz, 0 %, 0 %
2026/09/20 11:06:51.033, 0, 840.01 W, 59, 2025 MHz, 3996 MHz, 100 %, 33 %
2026/09/20 11:06:51.033, 1, 1058.84 W, 66, 1732 MHz, 3996 MHz, 100 %, 43 %
2026/09/20 11:06:51.033, 2, 559.65 W, 45, 2032 MHz, 3996 MHz, 100 %, 16 %
2026/09/20 11:06:51.033, 3, 841.05 W, 49, 2032 MHz, 3996 MHz, 100 %, 13 %
2026/09/20 11:06:51.033, 4, 183.21 W, 33, 120 MHz, 3996 MHz, 0 %, 0 %
2026/09/20 11:06:51.033, 5, 179.47 W, 31, 120 MHz, 3996 MHz, 0 %, 0 %
2026/09/20 11:06:51.033, 6, 180.13 W, 28, 120 MHz, 3996 MHz, 0 %, 0 %
2026/09/20 11:06:51.033, 7, 184.09 W, 29, 120 MHz, 3996 MHz, 0 %, 0 %
2026/09/20 11:06:52.033, 0, 811.61 W, 63, 1852 MHz, 3996 MHz, 100 %, 35 %
2026/09/20 11:06:52.033, 1, 1046.28 W, 65, 1995 MHz, 3996 MHz, 100 %, 32 %
2026/09/20 11:06:52.033, 2, 834.66 W, 52, 2032 MHz, 3996 MHz, 100 %, 31 %
2026/09/20 11:06:52.033, 3, 600.81 W, 45, 2032 MHz, 3996 MHz, 100 %, 18 %
2026/09/20 11:06:52.033, 4, 183.21 W, 33, 120 MHz, 3996 MHz, 0 %, 0 %
2026/09/20 11:06:52.033, 5, 179.47 W, 31, 120 MHz, 3996 MHz, 0 %, 0 %
2026/09/20 11:06:52.033, 6, 180.15 W, 28, 120 MHz, 3996 MHz, 0 %, 0 %
2026/09/20 11:06:52.033, 7, 184.09 W, 29, 120 MHz, 3996 MHz, 0 %, 0 %
2026/09/20 11:06:53.034, 0, 826.93 W, 59, 2032 MHz, 3996 MHz, 100 %, 13 %
2026/09/20 11:06:53.034, 1, 819.31 W, 61, 2032 MHz, 3996 MHz, 100 %, 13 %
2026/09/20 11:06:53.034, 2, 790.02 W, 48, 2032 MHz, 3996 MHz, 100 %, 28 %
2026/09/20 11:06:53.034, 3, 1044.63 W, 53, 1935 MHz, 3996 MHz, 100 %, 44 %
2026/09/20 11:06:53.034, 4, 183.25 W, 33, 120 MHz, 3996 MHz, 0 %, 0 %
2026/09/20 11:06:53.034, 5, 179.47 W, 31, 120 MHz, 3996 MHz, 0 %, 0 %
2026/09/20 11:06:53.034, 6, 180.15 W, 28, 120 MHz, 3996 MHz, 0 %, 0 %
2026/09/20 11:06:53.034, 7, 184.09 W, 29, 120 MHz, 3996 MHz, 0 %, 0 %
2026/09/20 11:06:54.034, 0, 1013.05 W, 61, 2032 MHz, 3996 MHz, 100 %, 53 %
2026/09/20 11:06:54.034, 1, 1017.16 W, 62, 2032 MHz, 3996 MHz, 100 %, 53 %
2026/09/20 11:06:54.034, 2, 1004.57 W, 51, 2032 MHz, 3996 MHz, 100 %, 53 %
2026/09/20 11:06:54.034, 3, 764.86 W, 50, 2032 MHz, 3996 MHz, 100 %, 54 %
2026/09/20 11:06:54.034, 4, 183.25 W, 33, 120 MHz, 3996 MHz, 0 %, 0 %
2026/09/20 11:06:54.034, 5, 179.46 W, 31, 120 MHz, 3996 MHz, 0 %, 0 %
2026/09/20 11:06:54.034, 6, 180.15 W, 28, 120 MHz, 3996 MHz, 0 %, 0 %
2026/09/20 11:06:54.034, 7, 184.09 W, 29, 120 MHz, 3996 MHz, 0 %, 0 %
2026/09/20 11:06:55.034, 0, 912.78 W, 59, 2032 MHz, 3996 MHz, 100 %, 13 %
2026/09/20 11:06:55.034, 1, 721.17 W, 64, 1680 MHz, 3996 MHz, 100 %, 33 %
2026/09/20 11:06:55.034, 2, 1020.09 W, 50, 2032 MHz, 3996 MHz, 100 %, 12 %
2026/09/20 11:06:55.034, 3, 643.56 W, 48, 2032 MHz, 3996 MHz, 100 %, 12 %
2026/09/20 11:06:55.034, 4, 183.17 W, 33, 120 MHz, 3996 MHz, 0 %, 0 %
2026/09/20 11:06:55.034, 5, 179.47 W, 31, 120 MHz, 3996 MHz, 0 %, 0 %
2026/09/20 11:06:55.034, 6, 180.13 W, 28, 120 MHz, 3996 MHz, 0 %, 0 %
2026/09/20 11:06:55.034, 7, 184.09 W, 29, 120 MHz, 3996 MHz, 0 %, 0 %
2026/09/20 11:06:56.034, 0, 924.13 W, 58, 1995 MHz, 3996 MHz, 100 %, 32 %
2026/09/20 11:06:56.034, 1, 821.58 W, 63, 1725 MHz, 3996 MHz, 100 %, 25 %
2026/09/20 11:06:56.034, 2, 641.00 W, 45, 2032 MHz, 3996 MHz, 100 %, 10 %
2026/09/20 11:06:56.034, 3, 895.12 W, 48, 2025 MHz, 3996 MHz, 100 %, 11 %
2026/09/20 11:06:56.034, 4, 183.17 W, 33, 120 MHz, 3996 MHz, 0 %, 0 %
2026/09/20 11:06:56.034, 5, 179.47 W, 31, 120 MHz, 3996 MHz, 0 %, 0 %
2026/09/20 11:06:56.035, 6, 180.14 W, 28, 120 MHz, 3996 MHz, 0 %, 0 %
2026/09/20 11:06:56.035, 7, 184.09 W, 29, 120 MHz, 3996 MHz, 0 %, 0 %
2026/09/20 11:06:57.035, 0, 757.72 W, 63, 1890 MHz, 3996 MHz, 100 %, 42 %
2026/09/20 11:06:57.035, 1, 796.56 W, 56, 2032 MHz, 3996 MHz, 100 %, 14 %
2026/09/20 11:06:57.035, 2, 618.02 W, 44, 2032 MHz, 3996 MHz, 100 %, 15 %
2026/09/20 11:06:57.035, 3, 911.30 W, 54, 1942 MHz, 3996 MHz, 100 %, 34 %
2026/09/20 11:06:57.035, 4, 183.21 W, 33, 120 MHz, 3996 MHz, 0 %, 0 %
2026/09/20 11:06:57.035, 5, 179.47 W, 31, 120 MHz, 3996 MHz, 0 %, 0 %
2026/09/20 11:06:57.035, 6, 180.12 W, 28, 120 MHz, 3996 MHz, 0 %, 0 %
2026/09/20 11:06:57.035, 7, 184.09 W, 29, 120 MHz, 3996 MHz, 0 %, 0 %
2026/09/20 11:06:58.035, 0, 767.62 W, 58, 2032 MHz, 3996 MHz, 99 %, 52 %
2026/09/20 11:06:58.035, 1, 904.47 W, 60, 2032 MHz, 3996 MHz, 100 %, 35 %
2026/09/20 11:06:58.035, 2, 617.61 W, 47, 2032 MHz, 3996 MHz, 100 %, 13 %
2026/09/20 11:06:58.035, 3, 778.96 W, 53, 1807 MHz, 3996 MHz, 100 %, 36 %
2026/09/20 11:06:58.035, 4, 183.17 W, 33, 120 MHz, 3996 MHz, 0 %, 0 %
2026/09/20 11:06:58.035, 5, 179.47 W, 31, 120 MHz, 3996 MHz, 0 %, 0 %
2026/09/20 11:06:58.035, 6, 180.13 W, 28, 120 MHz, 3996 MHz, 0 %, 0 %
2026/09/20 11:06:58.035, 7, 184.09 W, 29, 120 MHz, 3996 MHz, 0 %, 0 %
2026/09/20 11:06:59.035, 0, 921.38 W, 57, 2032 MHz, 3996 MHz, 100 %, 52 %
2026/09/20 11:06:59.035, 1, 743.51 W, 63, 1905 MHz, 3996 MHz, 100 %, 39 %
2026/09/20 11:06:59.035, 2, 722.74 W, 51, 1905 MHz, 3996 MHz, 100 %, 35 %
2026/09/20 11:06:59.035, 3, 704.21 W, 46, 2032 MHz, 3996 MHz, 100 %, 15 %
2026/09/20 11:06:59.035, 4, 183.21 W, 33, 120 MHz, 3996 MHz, 0 %, 0 %
2026/09/20 11:06:59.035, 5, 179.46 W, 31, 120 MHz, 3996 MHz, 0 %, 0 %
2026/09/20 11:06:59.035, 6, 180.18 W, 28, 120 MHz, 3996 MHz, 0 %, 0 %
2026/09/20 11:06:59.035, 7, 184.05 W, 29, 120 MHz, 3996 MHz, 0 %, 0 %
2026/09/20 11:07:00.035, 0, 794.12 W, 56, 2032 MHz, 3996 MHz, 100 %, 43 %
2026/09/20 11:07:00.036, 1, 835.47 W, 63, 1717 MHz, 3996 MHz, 100 %, 34 %
2026/09/20 11:07:00.036, 2, 672.08 W, 43, 2032 MHz, 3996 MHz, 100 %, 10 %
2026/09/20 11:07:00.036, 3, 778.48 W, 47, 2032 MHz, 3996 MHz, 100 %, 11 %
2026/09/20 11:07:00.036, 4, 183.13 W, 33, 120 MHz, 3996 MHz, 0 %, 0 %
2026/09/20 11:07:00.036, 5, 179.47 W, 31, 120 MHz, 3996 MHz, 0 %, 0 %
2026/09/20 11:07:00.036, 6, 180.16 W, 28, 120 MHz, 3996 MHz, 0 %, 0 %
2026/09/20 11:07:00.036, 7, 184.09 W, 29, 120 MHz, 3996 MHz, 0 %, 0 %
2026/09/20 11:07:01.036, 0, 789.69 W, 63, 1965 MHz, 3996 MHz, 100 %, 43 %
2026/09/20 11:07:01.036, 1, 788.53 W, 56, 2032 MHz, 3996 MHz, 100 %, 15 %
2026/09/20 11:07:01.036, 2, 838.52 W, 53, 1867 MHz, 3996 MHz, 100 %, 35 %
2026/09/20 11:07:01.036, 3, 799.56 W, 47, 2032 MHz, 3996 MHz, 100 %, 15 %
2026/09/20 11:07:01.036, 4, 183.21 W, 33, 120 MHz, 3996 MHz, 0 %, 0 %
2026/09/20 11:07:01.036, 5, 179.47 W, 31, 120 MHz, 3996 MHz, 0 %, 0 %
2026/09/20 11:07:01.036, 6, 180.15 W, 28, 120 MHz, 3996 MHz, 0 %, 0 %
2026/09/20 11:07:01.036, 7, 184.09 W, 29, 120 MHz, 3996 MHz, 0 %, 0 %
2026/09/20 11:07:02.036, 0, 738.40 W, 57, 2032 MHz, 3996 MHz, 100 %, 12 %
2026/09/20 11:07:02.036, 1, 882.77 W, 60, 2032 MHz, 3996 MHz, 100 %, 13 %
2026/09/20 11:07:02.036, 2, 696.19 W, 47, 2032 MHz, 3996 MHz, 100 %, 13 %
2026/09/20 11:07:02.036, 3, 740.07 W, 53, 1747 MHz, 3996 MHz, 100 %, 35 %
2026/09/20 11:07:02.036, 4, 183.21 W, 33, 120 MHz, 3996 MHz, 0 %, 0 %
2026/09/20 11:07:02.036, 5, 179.47 W, 31, 120 MHz, 3996 MHz, 0 %, 0 %
2026/09/20 11:07:02.036, 6, 180.14 W, 28, 120 MHz, 3996 MHz, 0 %, 0 %
2026/09/20 11:07:02.036, 7, 184.05 W, 29, 120 MHz, 3996 MHz, 0 %, 0 %
2026/09/20 11:07:03.036, 0, 929.76 W, 64, 1717 MHz, 3996 MHz, 100 %, 35 %
2026/09/20 11:07:03.036, 1, 799.13 W, 58, 2032 MHz, 3996 MHz, 100 %, 14 %
2026/09/20 11:07:03.036, 2, 916.51 W, 51, 2032 MHz, 3996 MHz, 100 %, 43 %
2026/09/20 11:07:03.036, 3, 673.62 W, 47, 2032 MHz, 3996 MHz, 100 %, 40 %
2026/09/20 11:07:03.036, 4, 183.21 W, 33, 120 MHz, 3996 MHz, 0 %, 0 %
2026/09/20 11:07:03.037, 5, 179.47 W, 31, 120 MHz, 3996 MHz, 0 %, 0 %
2026/09/20 11:07:03.037, 6, 180.16 W, 28, 120 MHz, 3996 MHz, 0 %, 0 %
2026/09/20 11:07:03.037, 7, 184.09 W, 29, 120 MHz, 3996 MHz, 0 %, 0 %
2026/09/20 11:07:04.037, 0, 930.13 W, 60, 2010 MHz, 3996 MHz, 100 %, 35 %
2026/09/20 11:07:04.037, 1, 863.52 W, 64, 1687 MHz, 3996 MHz, 100 %, 27 %
2026/09/20 11:07:04.037, 2, 769.85 W, 48, 2032 MHz, 3996 MHz, 100 %, 12 %
2026/09/20 11:07:04.037, 3, 898.26 W, 49, 2032 MHz, 3996 MHz, 100 %, 13 %
2026/09/20 11:07:04.037, 4, 183.17 W, 33, 120 MHz, 3996 MHz, 0 %, 0 %
2026/09/20 11:07:04.037, 5, 179.46 W, 31, 120 MHz, 3996 MHz, 0 %, 0 %
2026/09/20 11:07:04.037, 6, 180.17 W, 28, 120 MHz, 3996 MHz, 0 %, 0 %
2026/09/20 11:07:04.037, 7, 184.09 W, 29, 120 MHz, 3996 MHz, 0 %, 0 %
2026/09/20 11:07:05.037, 0, 690.03 W, 58, 2032 MHz, 3996 MHz, 100 %, 53 %
2026/09/20 11:07:05.037, 1, 754.47 W, 59, 2032 MHz, 3996 MHz, 100 %, 14 %
2026/09/20 11:07:05.037, 2, 912.89 W, 49, 2032 MHz, 3996 MHz, 100 %, 13 %
2026/09/20 11:07:05.037, 3, 747.61 W, 53, 1762 MHz, 3996 MHz, 100 %, 35 %
2026/09/20 11:07:05.037, 4, 183.17 W, 33, 120 MHz, 3996 MHz, 0 %, 0 %
2026/09/20 11:07:05.037, 5, 179.46 W, 31, 120 MHz, 3996 MHz, 0 %, 0 %
2026/09/20 11:07:05.037, 6, 180.15 W, 28, 120 MHz, 3996 MHz, 0 %, 0 %
2026/09/20 11:07:05.037, 7, 184.09 W, 29, 120 MHz, 3996 MHz, 0 %, 0 %
2026/09/20 11:07:06.037, 0, 955.23 W, 60, 2032 MHz, 3996 MHz, 100 %, 48 %
2026/09/20 11:07:06.037, 1, 765.36 W, 63, 1687 MHz, 3996 MHz, 100 %, 44 %
2026/09/20 11:07:06.037, 2, 690.40 W, 48, 2032 MHz, 3996 MHz, 100 %, 13 %
2026/09/20 11:07:06.037, 3, 733.01 W, 48, 2032 MHz, 3996 MHz, 100 %, 13 %
2026/09/20 11:07:06.037, 4, 183.25 W, 33, 120 MHz, 3996 MHz, 0 %, 0 %
2026/09/20 11:07:06.037, 5, 179.46 W, 31, 120 MHz, 3996 MHz, 0 %, 0 %
2026/09/20 11:07:06.037, 6, 180.15 W, 28, 120 MHz, 3996 MHz, 0 %, 0 %
2026/09/20 11:07:06.037, 7, 184.09 W, 29, 120 MHz, 3996 MHz, 0 %, 0 %
2026/09/20 11:07:07.037, 0, 914.53 W, 60, 2032 MHz, 3996 MHz, 100 %, 15 %
2026/09/20 11:07:07.037, 1, 725.72 W, 58, 2032 MHz, 3996 MHz, 100 %, 13 %
2026/09/20 11:07:07.038, 2, 631.11 W, 47, 2032 MHz, 3996 MHz, 100 %, 13 %
2026/09/20 11:07:07.038, 3, 1005.25 W, 55, 1740 MHz, 3996 MHz, 100 %, 35 %
2026/09/20 11:07:07.038, 4, 183.21 W, 33, 120 MHz, 3996 MHz, 0 %, 0 %
2026/09/20 11:07:07.038, 5, 179.47 W, 31, 120 MHz, 3996 MHz, 0 %, 0 %
2026/09/20 11:07:07.038, 6, 180.15 W, 28, 120 MHz, 3996 MHz, 0 %, 0 %
2026/09/20 11:07:07.038, 7, 184.09 W, 29, 120 MHz, 3996 MHz, 0 %, 0 %
2026/09/20 11:07:08.038, 0, 671.05 W, 59, 2032 MHz, 3996 MHz, 100 %, 12 %
2026/09/20 11:07:08.038, 1, 919.13 W, 60, 2032 MHz, 3996 MHz, 100 %, 23 %
2026/09/20 11:07:08.038, 2, 1028.87 W, 49, 2017 MHz, 3996 MHz, 100 %, 39 %
2026/09/20 11:07:08.038, 3, 671.39 W, 50, 2032 MHz, 3996 MHz, 100 %, 35 %
2026/09/20 11:07:08.038, 4, 183.21 W, 33, 120 MHz, 3996 MHz, 0 %, 0 %
2026/09/20 11:07:08.038, 5, 179.47 W, 31, 120 MHz, 3996 MHz, 0 %, 0 %
2026/09/20 11:07:08.038, 6, 180.15 W, 28, 120 MHz, 3996 MHz, 0 %, 0 %
2026/09/20 11:07:08.038, 7, 184.09 W, 29, 120 MHz, 3996 MHz, 0 %, 0 %
2026/09/20 11:07:09.038, 0, 916.21 W, 57, 2032 MHz, 3996 MHz, 100 %, 17 %
2026/09/20 11:07:09.038, 1, 945.49 W, 64, 1950 MHz, 3996 MHz, 100 %, 34 %
2026/09/20 11:07:09.038, 2, 934.05 W, 54, 1942 MHz, 3996 MHz, 100 %, 34 %
2026/09/20 11:07:09.038, 3, 924.05 W, 54, 1927 MHz, 3996 MHz, 100 %, 34 %
2026/09/20 11:07:09.038, 4, 183.17 W, 33, 120 MHz, 3996 MHz, 0 %, 0 %
2026/09/20 11:07:09.038, 5, 179.47 W, 31, 120 MHz, 3996 MHz, 0 %, 0 %
2026/09/20 11:07:09.038, 6, 180.17 W, 28, 120 MHz, 3996 MHz, 0 %, 0 %
2026/09/20 11:07:09.038, 7, 184.09 W, 29, 120 MHz, 3996 MHz, 0 %, 0 %
2026/09/20 11:07:10.038, 0, 830.69 W, 55, 2032 MHz, 3996 MHz, 100 %, 34 %
2026/09/20 11:07:10.038, 1, 773.34 W, 56, 2032 MHz, 3996 MHz, 100 %, 11 %
2026/09/20 11:07:10.038, 2, 939.97 W, 54, 1740 MHz, 3996 MHz, 100 %, 33 %
2026/09/20 11:07:10.038, 3, 732.99 W, 46, 2032 MHz, 3996 MHz, 100 %, 10 %
2026/09/20 11:07:10.038, 4, 183.17 W, 33, 120 MHz, 3996 MHz, 0 %, 0 %
2026/09/20 11:07:10.038, 5, 179.47 W, 31, 120 MHz, 3996 MHz, 0 %, 0 %
2026/09/20 11:07:10.038, 6, 180.16 W, 28, 120 MHz, 3996 MHz, 0 %, 0 %
2026/09/20 11:07:10.038, 7, 184.05 W, 29, 120 MHz, 3996 MHz, 0 %, 0 %
2026/09/20 11:07:11.038, 0, 706.09 W, 63, 1755 MHz, 3996 MHz, 100 %, 47 %
2026/09/20 11:07:11.038, 1, 814.38 W, 56, 2032 MHz, 3996 MHz, 100 %, 10 %
2026/09/20 11:07:11.038, 2, 655.45 W, 44, 2032 MHz, 3996 MHz, 100 %, 10 %
2026/09/20 11:07:11.038, 3, 808.25 W, 46, 2032 MHz, 3996 MHz, 100 %, 10 %
2026/09/20 11:07:11.038, 4, 183.17 W, 33, 120 MHz, 3996 MHz, 0 %, 0 %
2026/09/20 11:07:11.038, 5, 179.47 W, 31, 120 MHz, 3996 MHz, 0 %, 0 %
2026/09/20 11:07:11.038, 6, 180.16 W, 28, 120 MHz, 3996 MHz, 0 %, 0 %
2026/09/20 11:07:11.038, 7, 184.09 W, 29, 120 MHz, 3996 MHz, 0 %, 0 %
2026/09/20 11:07:12.039, 0, 800.77 W, 61, 1770 MHz, 3996 MHz, 100 %, 14 %
2026/09/20 11:07:12.039, 1, 598.91 W, 54, 2032 MHz, 3996 MHz, 100 %, 10 %
2026/09/20 11:07:12.039, 2, 850.98 W, 46, 2032 MHz, 3996 MHz, 100 %, 10 %
2026/09/20 11:07:12.039, 3, 827.04 W, 47, 2032 MHz, 3996 MHz, 100 %, 11 %
2026/09/20 11:07:12.039, 4, 183.09 W, 33, 120 MHz, 3996 MHz, 0 %, 0 %
2026/09/20 11:07:12.039, 5, 179.46 W, 31, 120 MHz, 3996 MHz, 0 %, 0 %
2026/09/20 11:07:12.039, 6, 180.16 W, 28, 120 MHz, 3996 MHz, 0 %, 0 %
2026/09/20 11:07:12.039, 7, 184.05 W, 29, 120 MHz, 3996 MHz, 0 %, 0 %
2026/09/20 11:07:13.039, 0, 783.60 W, 56, 2032 MHz, 3996 MHz, 100 %, 53 %
2026/09/20 11:07:13.039, 1, 589.23 W, 55, 2032 MHz, 3996 MHz, 100 %, 11 %
2026/09/20 11:07:13.039, 2, 826.30 W, 46, 2032 MHz, 3996 MHz, 100 %, 13 %
2026/09/20 11:07:13.039, 3, 664.68 W, 52, 1792 MHz, 3996 MHz, 100 %, 34 %
2026/09/20 11:07:13.039, 4, 183.13 W, 33, 120 MHz, 3996 MHz, 0 %, 0 %
2026/09/20 11:07:13.039, 5, 179.46 W, 31, 120 MHz, 3996 MHz, 0 %, 0 %
2026/09/20 11:07:13.039, 6, 180.12 W, 28, 120 MHz, 3996 MHz, 0 %, 0 %
2026/09/20 11:07:13.039, 7, 184.09 W, 29, 120 MHz, 3996 MHz, 0 %, 0 %
2026/09/20 11:07:14.039, 0, 796.05 W, 58, 2032 MHz, 3996 MHz, 100 %, 31 %
2026/09/20 11:07:14.039, 1, 564.43 W, 57, 2032 MHz, 3996 MHz, 100 %, 13 %
2026/09/20 11:07:14.039, 2, 656.68 W, 53, 1830 MHz, 3996 MHz, 100 %, 35 %
2026/09/20 11:07:14.039, 3, 717.98 W, 48, 2032 MHz, 3996 MHz, 100 %, 13 %
2026/09/20 11:07:14.039, 4, 183.13 W, 33, 120 MHz, 3996 MHz, 0 %, 0 %
2026/09/20 11:07:14.039, 5, 179.47 W, 31, 120 MHz, 3996 MHz, 0 %, 0 %
2026/09/20 11:07:14.039, 6, 180.13 W, 28, 120 MHz, 3996 MHz, 0 %, 0 %
2026/09/20 11:07:14.039, 7, 184.09 W, 29, 120 MHz, 3996 MHz, 0 %, 0 %
2026/09/20 11:07:15.039, 0, 766.34 W, 55, 2032 MHz, 3996 MHz, 100 %, 11 %
2026/09/20 11:07:15.039, 1, 741.71 W, 54, 2032 MHz, 3996 MHz, 100 %, 10 %
2026/09/20 11:07:15.039, 2, 865.22 W, 45, 2032 MHz, 3996 MHz, 100 %, 10 %
2026/09/20 11:07:15.039, 3, 919.23 W, 55, 1837 MHz, 3996 MHz, 100 %, 33 %
2026/09/20 11:07:15.039, 4, 183.13 W, 33, 120 MHz, 3996 MHz, 0 %, 0 %
2026/09/20 11:07:15.039, 5, 179.47 W, 31, 120 MHz, 3996 MHz, 0 %, 0 %
2026/09/20 11:07:15.039, 6, 180.12 W, 28, 120 MHz, 3996 MHz, 0 %, 0 %
2026/09/20 11:07:15.039, 7, 184.09 W, 29, 120 MHz, 3996 MHz, 0 %, 0 %
2026/09/20 11:07:16.039, 0, 718.10 W, 53, 2032 MHz, 3996 MHz, 100 %, 10 %
2026/09/20 11:07:16.039, 1, 870.18 W, 61, 1965 MHz, 3996 MHz, 100 %, 38 %
2026/09/20 11:07:16.039, 2, 605.53 W, 50, 2032 MHz, 3996 MHz, 100 %, 29 %
2026/09/20 11:07:16.039, 3, 666.80 W, 46, 2032 MHz, 3996 MHz, 100 %, 33 %
2026/09/20 11:07:16.039, 4, 183.17 W, 33, 120 MHz, 3996 MHz, 0 %, 0 %
2026/09/20 11:07:16.039, 5, 179.47 W, 31, 120 MHz, 3996 MHz, 0 %, 0 %
2026/09/20 11:07:16.039, 6, 180.13 W, 28, 120 MHz, 3996 MHz, 0 %, 0 %
2026/09/20 11:07:16.039, 7, 184.09 W, 29, 120 MHz, 3996 MHz, 0 %, 0 %
2026/09/20 11:07:17.040, 0, 686.70 W, 61, 2032 MHz, 3996 MHz, 100 %, 12 %
2026/09/20 11:07:17.040, 1, 679.11 W, 59, 2032 MHz, 3996 MHz, 100 %, 13 %
2026/09/20 11:07:17.040, 2, 915.53 W, 48, 2032 MHz, 3996 MHz, 100 %, 13 %
2026/09/20 11:07:17.040, 3, 784.52 W, 54, 2017 MHz, 3996 MHz, 100 %, 36 %
2026/09/20 11:07:17.040, 4, 183.13 W, 33, 120 MHz, 3996 MHz, 0 %, 0 %
2026/09/20 11:07:17.040, 5, 179.47 W, 31, 120 MHz, 3996 MHz, 0 %, 0 %
2026/09/20 11:07:17.040, 6, 180.14 W, 28, 120 MHz, 3996 MHz, 0 %, 0 %
2026/09/20 11:07:17.040, 7, 184.09 W, 29, 120 MHz, 3996 MHz, 0 %, 0 %
2026/09/20 11:07:18.040, 0, 815.05 W, 58, 2032 MHz, 3996 MHz, 100 %, 15 %
2026/09/20 11:07:18.040, 1, 959.91 W, 61, 2032 MHz, 3996 MHz, 100 %, 48 %
2026/09/20 11:07:18.040, 2, 953.93 W, 52, 2032 MHz, 3996 MHz, 100 %, 53 %
2026/09/20 11:07:18.040, 3, 697.54 W, 47, 2032 MHz, 3996 MHz, 100 %, 19 %
2026/09/20 11:07:18.040, 4, 183.25 W, 33, 120 MHz, 3996 MHz, 0 %, 0 %
2026/09/20 11:07:18.040, 5, 179.47 W, 31, 120 MHz, 3996 MHz, 0 %, 0 %
2026/09/20 11:07:18.040, 6, 180.13 W, 28, 120 MHz, 3996 MHz, 0 %, 0 %
2026/09/20 11:07:18.040, 7, 184.09 W, 29, 120 MHz, 3996 MHz, 0 %, 0 %
2026/09/20 11:07:19.040, 0, 818.39 W, 63, 1687 MHz, 3996 MHz, 100 %, 36 %
2026/09/20 11:07:19.040, 1, 712.47 W, 58, 2032 MHz, 3996 MHz, 100 %, 12 %
2026/09/20 11:07:19.040, 2, 939.48 W, 49, 2032 MHz, 3996 MHz, 100 %, 13 %
2026/09/20 11:07:19.040, 3, 944.47 W, 50, 2032 MHz, 3996 MHz, 100 %, 13 %
2026/09/20 11:07:19.040, 4, 183.21 W, 33, 120 MHz, 3996 MHz, 0 %, 0 %
2026/09/20 11:07:19.040, 5, 179.47 W, 31, 120 MHz, 3996 MHz, 0 %, 0 %
2026/09/20 11:07:19.040, 6, 180.15 W, 28, 120 MHz, 3996 MHz, 0 %, 0 %
2026/09/20 11:07:19.040, 7, 184.09 W, 29, 120 MHz, 3996 MHz, 0 %, 0 %
2026/09/20 11:07:20.040, 0, 816.78 W, 59, 2032 MHz, 3996 MHz, 100 %, 13 %
2026/09/20 11:07:20.040, 1, 951.96 W, 61, 2010 MHz, 3996 MHz, 100 %, 42 %
2026/09/20 11:07:20.040, 2, 773.01 W, 47, 2032 MHz, 3996 MHz, 100 %, 46 %
2026/09/20 11:07:20.040, 3, 898.95 W, 51, 2032 MHz, 3996 MHz, 100 %, 13 %
2026/09/20 11:07:20.040, 4, 183.17 W, 33, 120 MHz, 3996 MHz, 0 %, 0 %
2026/09/20 11:07:20.040, 5, 179.47 W, 31, 120 MHz, 3996 MHz, 0 %, 0 %
2026/09/20 11:07:20.040, 6, 180.12 W, 28, 120 MHz, 3996 MHz, 0 %, 0 %
2026/09/20 11:07:20.040, 7, 184.09 W, 29, 120 MHz, 3996 MHz, 0 %, 0 %
2026/09/20 11:07:21.040, 0, 850.52 W, 55, 2032 MHz, 3996 MHz, 100 %, 14 %
2026/09/20 11:07:21.040, 1, 822.72 W, 55, 2032 MHz, 3996 MHz, 100 %, 15 %
2026/09/20 11:07:21.040, 2, 829.49 W, 53, 1792 MHz, 3996 MHz, 100 %, 35 %
2026/09/20 11:07:21.040, 3, 807.53 W, 53, 1935 MHz, 3996 MHz, 100 %, 33 %
2026/09/20 11:07:21.040, 4, 183.17 W, 33, 120 MHz, 3996 MHz, 0 %, 0 %
2026/09/20 11:07:21.040, 5, 179.47 W, 31, 120 MHz, 3996 MHz, 0 %, 0 %
2026/09/20 11:07:21.040, 6, 180.12 W, 28, 120 MHz, 3996 MHz, 0 %, 0 %
2026/09/20 11:07:21.040, 7, 184.09 W, 29, 120 MHz, 3996 MHz, 0 %, 0 %
2026/09/20 11:07:22.041, 0, 953.45 W, 59, 2032 MHz, 3996 MHz, 100 %, 35 %
2026/09/20 11:07:22.041, 1, 788.32 W, 62, 1717 MHz, 3996 MHz, 100 %, 35 %
2026/09/20 11:07:22.041, 2, 962.07 W, 50, 2032 MHz, 3996 MHz, 100 %, 12 %
2026/09/20 11:07:22.041, 3, 743.47 W, 48, 2032 MHz, 3996 MHz, 100 %, 24 %
2026/09/20 11:07:22.041, 4, 183.13 W, 33, 120 MHz, 3996 MHz, 0 %, 0 %
2026/09/20 11:07:22.041, 5, 179.47 W, 31, 120 MHz, 3996 MHz, 0 %, 0 %
2026/09/20 11:07:22.041, 6, 180.13 W, 28, 120 MHz, 3996 MHz, 0 %, 0 %
2026/09/20 11:07:22.041, 7, 184.09 W, 29, 120 MHz, 3996 MHz, 0 %, 0 %
2026/09/20 11:07:23.041, 0, 727.95 W, 59, 2032 MHz, 3996 MHz, 100 %, 53 %
2026/09/20 11:07:23.041, 1, 1022.36 W, 62, 2032 MHz, 3996 MHz, 100 %, 53 %
2026/09/20 11:07:23.041, 2, 950.72 W, 52, 2032 MHz, 3996 MHz, 100 %, 53 %
2026/09/20 11:07:23.041, 3, 708.81 W, 49, 2032 MHz, 3996 MHz, 100 %, 53 %
2026/09/20 11:07:23.041, 4, 183.05 W, 33, 120 MHz, 3996 MHz, 0 %, 0 %
2026/09/20 11:07:23.041, 5, 179.46 W, 31, 120 MHz, 3996 MHz, 0 %, 0 %
2026/09/20 11:07:23.041, 6, 180.14 W, 28, 120 MHz, 3996 MHz, 0 %, 0 %
2026/09/20 11:07:23.041, 7, 184.09 W, 29, 120 MHz, 3996 MHz, 0 %, 0 %
2026/09/20 11:07:24.041, 0, 700.31 W, 57, 2032 MHz, 3996 MHz, 100 %, 13 %
2026/09/20 11:07:24.041, 1, 818.77 W, 64, 1582 MHz, 3996 MHz, 100 %, 35 %
2026/09/20 11:07:24.041, 2, 949.28 W, 50, 2032 MHz, 3996 MHz, 100 %, 13 %
2026/09/20 11:07:24.041, 3, 692.32 W, 48, 2032 MHz, 3996 MHz, 100 %, 13 %
2026/09/20 11:07:24.041, 4, 182.98 W, 33, 120 MHz, 3996 MHz, 0 %, 0 %
2026/09/20 11:07:24.041, 5, 179.46 W, 31, 120 MHz, 3996 MHz, 0 %, 0 %
2026/09/20 11:07:24.041, 6, 180.11 W, 28, 120 MHz, 3996 MHz, 0 %, 0 %
2026/09/20 11:07:24.041, 7, 184.09 W, 29, 120 MHz, 3996 MHz, 0 %, 0 %
2026/09/20 11:07:25.041, 0, 930.55 W, 60, 2032 MHz, 3996 MHz, 99 %, 53 %
2026/09/20 11:07:25.041, 1, 956.20 W, 61, 2032 MHz, 3996 MHz, 100 %, 54 %
2026/09/20 11:07:25.041, 2, 908.86 W, 51, 2032 MHz, 3996 MHz, 100 %, 53 %
2026/09/20 11:07:25.041, 3, 910.78 W, 51, 2032 MHz, 3996 MHz, 100 %, 53 %
2026/09/20 11:07:25.041, 4, 183.13 W, 33, 120 MHz, 3996 MHz, 0 %, 0 %
2026/09/20 11:07:25.041, 5, 179.47 W, 31, 120 MHz, 3996 MHz, 0 %, 0 %
2026/09/20 11:07:25.041, 6, 180.13 W, 28, 120 MHz, 3996 MHz, 0 %, 0 %
2026/09/20 11:07:25.041, 7, 184.09 W, 29, 120 MHz, 3996 MHz, 0 %, 0 %
2026/09/20 11:07:26.041, 0, 927.69 W, 60, 2032 MHz, 3996 MHz, 99 %, 52 %
2026/09/20 11:07:26.041, 1, 935.03 W, 61, 2032 MHz, 3996 MHz, 100 %, 53 %
2026/09/20 11:07:26.041, 2, 915.09 W, 50, 2032 MHz, 3996 MHz, 100 %, 53 %
2026/09/20 11:07:26.041, 3, 907.94 W, 51, 2032 MHz, 3996 MHz, 100 %, 53 %
2026/09/20 11:07:26.041, 4, 183.21 W, 33, 120 MHz, 3996 MHz, 0 %, 0 %
2026/09/20 11:07:26.041, 5, 179.46 W, 31, 120 MHz, 3996 MHz, 0 %, 0 %
2026/09/20 11:07:26.041, 6, 180.13 W, 28, 120 MHz, 3996 MHz, 0 %, 0 %
2026/09/20 11:07:26.041, 7, 184.09 W, 29, 120 MHz, 3996 MHz, 0 %, 0 %
2026/09/20 11:07:27.042, 0, 921.32 W, 60, 2032 MHz, 3996 MHz, 99 %, 52 %
2026/09/20 11:07:27.042, 1, 921.29 W, 60, 2032 MHz, 3996 MHz, 100 %, 53 %
2026/09/20 11:07:27.042, 2, 902.61 W, 50, 2032 MHz, 3996 MHz, 100 %, 53 %
2026/09/20 11:07:27.042, 3, 903.54 W, 51, 2032 MHz, 3996 MHz, 100 %, 53 %
2026/09/20 11:07:27.042, 4, 183.21 W, 33, 120 MHz, 3996 MHz, 0 %, 0 %
2026/09/20 11:07:27.042, 5, 179.47 W, 31, 120 MHz, 3996 MHz, 0 %, 0 %
2026/09/20 11:07:27.042, 6, 180.14 W, 28, 120 MHz, 3996 MHz, 0 %, 0 %
2026/09/20 11:07:27.042, 7, 184.09 W, 29, 120 MHz, 3996 MHz, 0 %, 0 %
2026/09/20 11:07:28.042, 0, 906.78 W, 60, 2032 MHz, 3996 MHz, 99 %, 53 %
2026/09/20 11:07:28.042, 1, 911.53 W, 60, 2032 MHz, 3996 MHz, 100 %, 53 %
2026/09/20 11:07:28.042, 2, 883.49 W, 50, 2032 MHz, 3996 MHz, 99 %, 53 %
2026/09/20 11:07:28.042, 3, 892.03 W, 50, 2032 MHz, 3996 MHz, 99 %, 53 %
2026/09/20 11:07:28.042, 4, 183.21 W, 33, 120 MHz, 3996 MHz, 0 %, 0 %
2026/09/20 11:07:28.042, 5, 179.46 W, 31, 120 MHz, 3996 MHz, 0 %, 0 %
2026/09/20 11:07:28.042, 6, 180.15 W, 28, 120 MHz, 3996 MHz, 0 %, 0 %
2026/09/20 11:07:28.042, 7, 184.09 W, 29, 120 MHz, 3996 MHz, 0 %, 0 %
2026/09/20 11:07:29.042, 0, 909.69 W, 59, 2032 MHz, 3996 MHz, 99 %, 55 %
2026/09/20 11:07:29.042, 1, 909.71 W, 60, 2032 MHz, 3996 MHz, 99 %, 55 %
2026/09/20 11:07:29.042, 2, 873.56 W, 50, 2032 MHz, 3996 MHz, 99 %, 54 %
2026/09/20 11:07:29.042, 3, 880.51 W, 50, 2032 MHz, 3996 MHz, 99 %, 54 %
2026/09/20 11:07:29.042, 4, 182.90 W, 33, 120 MHz, 3996 MHz, 0 %, 0 %
2026/09/20 11:07:29.042, 5, 179.46 W, 31, 120 MHz, 3996 MHz, 0 %, 0 %
2026/09/20 11:07:29.042, 6, 180.15 W, 28, 120 MHz, 3996 MHz, 0 %, 0 %
2026/09/20 11:07:29.042, 7, 184.09 W, 29, 120 MHz, 3996 MHz, 0 %, 0 %
2026/09/20 11:07:30.042, 0, 895.36 W, 59, 2032 MHz, 3996 MHz, 99 %, 54 %
2026/09/20 11:07:30.042, 1, 896.90 W, 60, 2032 MHz, 3996 MHz, 99 %, 54 %
2026/09/20 11:07:30.042, 2, 858.51 W, 49, 2032 MHz, 3996 MHz, 99 %, 54 %
2026/09/20 11:07:30.042, 3, 866.96 W, 50, 2032 MHz, 3996 MHz, 99 %, 54 %
2026/09/20 11:07:30.042, 4, 183.05 W, 33, 120 MHz, 3996 MHz, 0 %, 0 %
2026/09/20 11:07:30.042, 5, 179.47 W, 31, 120 MHz, 3996 MHz, 0 %, 0 %
2026/09/20 11:07:30.042, 6, 180.13 W, 28, 120 MHz, 3996 MHz, 0 %, 0 %
2026/09/20 11:07:30.042, 7, 184.09 W, 29, 120 MHz, 3996 MHz, 0 %, 0 %
2026/09/20 11:07:31.042, 0, 871.16 W, 59, 2032 MHz, 3996 MHz, 99 %, 54 %
2026/09/20 11:07:31.042, 1, 880.17 W, 60, 2032 MHz, 3996 MHz, 99 %, 55 %
2026/09/20 11:07:31.042, 2, 841.91 W, 49, 2032 MHz, 3996 MHz, 99 %, 53 %
2026/09/20 11:07:31.042, 3, 842.92 W, 49, 2032 MHz, 3996 MHz, 99 %, 54 %
2026/09/20 11:07:31.042, 4, 182.86 W, 33, 120 MHz, 3996 MHz, 0 %, 0 %
2026/09/20 11:07:31.042, 5, 179.47 W, 31, 120 MHz, 3996 MHz, 0 %, 0 %
2026/09/20 11:07:31.042, 6, 180.15 W, 28, 120 MHz, 3996 MHz, 0 %, 0 %
2026/09/20 11:07:31.042, 7, 184.05 W, 29, 120 MHz, 3996 MHz, 0 %, 0 %
2026/09/20 11:07:32.043, 0, 879.60 W, 59, 2032 MHz, 3996 MHz, 99 %, 57 %
2026/09/20 11:07:32.043, 1, 887.11 W, 60, 2032 MHz, 3996 MHz, 99 %, 57 %
2026/09/20 11:07:32.043, 2, 851.77 W, 49, 2032 MHz, 3996 MHz, 99 %, 57 %
2026/09/20 11:07:32.043, 3, 848.71 W, 49, 2032 MHz, 3996 MHz, 99 %, 57 %
2026/09/20 11:07:32.043, 4, 183.09 W, 33, 120 MHz, 3996 MHz, 0 %, 0 %
2026/09/20 11:07:32.043, 5, 179.46 W, 31, 120 MHz, 3996 MHz, 0 %, 0 %
2026/09/20 11:07:32.043, 6, 180.16 W, 28, 120 MHz, 3996 MHz, 0 %, 0 %
2026/09/20 11:07:32.043, 7, 184.09 W, 29, 120 MHz, 3996 MHz, 0 %, 0 %
2026/09/20 11:07:33.043, 0, 888.41 W, 59, 2032 MHz, 3996 MHz, 99 %, 57 %
2026/09/20 11:07:33.043, 1, 881.34 W, 60, 2032 MHz, 3996 MHz, 99 %, 56 %
2026/09/20 11:07:33.043, 2, 854.09 W, 49, 2032 MHz, 3996 MHz, 99 %, 57 %
2026/09/20 11:07:33.043, 3, 845.46 W, 49, 2032 MHz, 3996 MHz, 99 %, 57 %
2026/09/20 11:07:33.043, 4, 183.13 W, 33, 120 MHz, 3996 MHz, 0 %, 0 %
2026/09/20 11:07:33.043, 5, 179.47 W, 31, 120 MHz, 3996 MHz, 0 %, 0 %
2026/09/20 11:07:33.043, 6, 180.17 W, 28, 120 MHz, 3996 MHz, 0 %, 0 %
2026/09/20 11:07:33.043, 7, 184.09 W, 29, 120 MHz, 3996 MHz, 0 %, 0 %
2026/09/20 11:07:34.043, 0, 890.10 W, 59, 2032 MHz, 3996 MHz, 99 %, 62 %
2026/09/20 11:07:34.043, 1, 885.08 W, 60, 2032 MHz, 3996 MHz, 99 %, 62 %
2026/09/20 11:07:34.043, 2, 863.31 W, 49, 2032 MHz, 3996 MHz, 99 %, 62 %
2026/09/20 11:07:34.043, 3, 849.85 W, 49, 2032 MHz, 3996 MHz, 99 %, 62 %
2026/09/20 11:07:34.043, 4, 183.21 W, 33, 120 MHz, 3996 MHz, 0 %, 0 %
2026/09/20 11:07:34.043, 5, 179.47 W, 31, 120 MHz, 3996 MHz, 0 %, 0 %
2026/09/20 11:07:34.043, 6, 180.16 W, 28, 120 MHz, 3996 MHz, 0 %, 0 %
2026/09/20 11:07:34.043, 7, 184.09 W, 29, 120 MHz, 3996 MHz, 0 %, 0 %
2026/09/20 11:07:35.043, 0, 863.47 W, 58, 2032 MHz, 3996 MHz, 99 %, 62 %
2026/09/20 11:07:35.043, 1, 867.34 W, 59, 2032 MHz, 3996 MHz, 99 %, 62 %
2026/09/20 11:07:35.043, 2, 849.17 W, 49, 2032 MHz, 3996 MHz, 99 %, 62 %
2026/09/20 11:07:35.043, 3, 838.98 W, 49, 2032 MHz, 3996 MHz, 99 %, 62 %
2026/09/20 11:07:35.043, 4, 183.09 W, 33, 120 MHz, 3996 MHz, 0 %, 0 %
2026/09/20 11:07:35.043, 5, 179.47 W, 31, 120 MHz, 3996 MHz, 0 %, 0 %
2026/09/20 11:07:35.043, 6, 180.14 W, 28, 120 MHz, 3996 MHz, 0 %, 0 %
2026/09/20 11:07:35.043, 7, 184.09 W, 29, 120 MHz, 3996 MHz, 0 %, 0 %
2026/09/20 11:07:36.043, 0, 585.87 W, 56, 2032 MHz, 3996 MHz, 99 %, 65 %
2026/09/20 11:07:36.043, 1, 580.07 W, 56, 2032 MHz, 3996 MHz, 99 %, 66 %
2026/09/20 11:07:36.043, 2, 556.76 W, 46, 2032 MHz, 3996 MHz, 99 %, 66 %
2026/09/20 11:07:36.043, 3, 551.69 W, 46, 2032 MHz, 3996 MHz, 99 %, 65 %
2026/09/20 11:07:36.043, 4, 183.05 W, 33, 120 MHz, 3996 MHz, 0 %, 0 %
2026/09/20 11:07:36.043, 5, 179.46 W, 31, 120 MHz, 3996 MHz, 0 %, 0 %
2026/09/20 11:07:36.043, 6, 180.15 W, 28, 120 MHz, 3996 MHz, 0 %, 0 %
2026/09/20 11:07:36.043, 7, 184.09 W, 29, 120 MHz, 3996 MHz, 0 %, 0 %
2026/09/20 11:07:37.044, 0, 826.79 W, 57, 2032 MHz, 3996 MHz, 99 %, 65 %
2026/09/20 11:07:37.044, 1, 837.91 W, 58, 2032 MHz, 3996 MHz, 99 %, 65 %
2026/09/20 11:07:37.044, 2, 815.72 W, 48, 2032 MHz, 3996 MHz, 99 %, 65 %
2026/09/20 11:07:37.044, 3, 803.86 W, 47, 2032 MHz, 3996 MHz, 99 %, 65 %
2026/09/20 11:07:37.044, 4, 183.25 W, 33, 120 MHz, 3996 MHz, 0 %, 0 %
2026/09/20 11:07:37.044, 5, 179.46 W, 31, 120 MHz, 3996 MHz, 0 %, 0 %
2026/09/20 11:07:37.044, 6, 180.13 W, 28, 120 MHz, 3996 MHz, 0 %, 0 %
2026/09/20 11:07:37.044, 7, 184.09 W, 29, 120 MHz, 3996 MHz, 0 %, 0 %
2026/09/20 11:07:38.044, 0, 816.20 W, 56, 2032 MHz, 3996 MHz, 99 %, 67 %
2026/09/20 11:07:38.044, 1, 811.87 W, 58, 2032 MHz, 3996 MHz, 99 %, 67 %
2026/09/20 11:07:38.044, 2, 796.69 W, 47, 2032 MHz, 3996 MHz, 99 %, 67 %
2026/09/20 11:07:38.044, 3, 791.96 W, 47, 2032 MHz, 3996 MHz, 99 %, 67 %
2026/09/20 11:07:38.044, 4, 183.09 W, 33, 120 MHz, 3996 MHz, 0 %, 0 %
2026/09/20 11:07:38.044, 5, 179.46 W, 31, 120 MHz, 3996 MHz, 0 %, 0 %
2026/09/20 11:07:38.044, 6, 180.15 W, 28, 120 MHz, 3996 MHz, 0 %, 0 %
2026/09/20 11:07:38.044, 7, 184.09 W, 29, 120 MHz, 3996 MHz, 0 %, 0 %
2026/09/20 11:07:39.044, 0, 761.48 W, 55, 2032 MHz, 3996 MHz, 99 %, 64 %
2026/09/20 11:07:39.044, 1, 767.23 W, 56, 2032 MHz, 3996 MHz, 99 %, 63 %
2026/09/20 11:07:39.044, 2, 751.47 W, 46, 2032 MHz, 3996 MHz, 99 %, 63 %
2026/09/20 11:07:39.044, 3, 738.49 W, 46, 2032 MHz, 3996 MHz, 99 %, 63 %
2026/09/20 11:07:39.044, 4, 183.21 W, 33, 120 MHz, 3996 MHz, 0 %, 0 %
2026/09/20 11:07:39.044, 5, 179.47 W, 31, 120 MHz, 3996 MHz, 0 %, 0 %
2026/09/20 11:07:39.044, 6, 180.14 W, 28, 120 MHz, 3996 MHz, 0 %, 0 %
2026/09/20 11:07:39.044, 7, 184.05 W, 29, 120 MHz, 3996 MHz, 0 %, 0 %
2026/09/20 11:07:40.044, 0, 606.40 W, 52, 2032 MHz, 3996 MHz, 99 %, 54 %
2026/09/20 11:07:40.044, 1, 603.32 W, 53, 2032 MHz, 3996 MHz, 81 %, 44 %
2026/09/20 11:07:40.044, 2, 581.82 W, 42, 2032 MHz, 3996 MHz, 99 %, 54 %
2026/09/20 11:07:40.044, 3, 583.09 W, 43, 2032 MHz, 3996 MHz, 99 %, 53 %
2026/09/20 11:07:40.044, 4, 183.09 W, 33, 120 MHz, 3996 MHz, 0 %, 0 %
2026/09/20 11:07:40.044, 5, 179.47 W, 31, 120 MHz, 3996 MHz, 0 %, 0 %
2026/09/20 11:07:40.044, 6, 180.15 W, 28, 120 MHz, 3996 MHz, 0 %, 0 %
2026/09/20 11:07:40.044, 7, 184.09 W, 29, 120 MHz, 3996 MHz, 0 %, 0 %
2026/09/20 11:07:41.183, 0, 246.01 W, 48, 2032 MHz, 3996 MHz, 0 %, 0 %
2026/09/20 11:07:41.191, 1, 247.09 W, 49, 2032 MHz, 3996 MHz, 0 %, 0 %
2026/09/20 11:07:41.198, 2, 234.30 W, 39, 2032 MHz, 3996 MHz, 0 %, 0 %
2026/09/20 11:07:41.205, 3, 240.03 W, 39, 2032 MHz, 3996 MHz, 0 %, 0 %
2026/09/20 11:07:41.212, 4, 183.17 W, 33, 120 MHz, 3996 MHz, 0 %, 0 %
2026/09/20 11:07:41.220, 5, 179.46 W, 31, 120 MHz, 3996 MHz, 0 %, 0 %
2026/09/20 11:07:41.228, 6, 180.14 W, 28, 120 MHz, 3996 MHz, 0 %, 0 %
2026/09/20 11:07:41.236, 7, 184.09 W, 29, 120 MHz, 3996 MHz, 0 %, 0 %
