timestamp, index, power.draw [W], temperature.gpu, clocks.current.sm [MHz], clocks.current.memory [MHz], utilization.gpu [%], utilization.memory [%]
2026/09/22 01:03:10.695, 0, 179.35 W, 37, 120 MHz, 3996 MHz, 0 %, 0 %
2026/09/22 01:03:10.697, 1, 181.97 W, 38, 120 MHz, 3996 MHz, 0 %, 0 %
2026/09/22 01:03:10.699, 2, 174.42 W, 30, 120 MHz, 3996 MHz, 0 %, 0 %
2026/09/22 01:03:10.701, 3, 176.23 W, 30, 120 MHz, 3996 MHz, 0 %, 0 %
2026/09/22 01:03:10.702, 4, 183.17 W, 39, 120 MHz, 3996 MHz, 0 %, 0 %
2026/09/22 01:03:10.704, 5, 180.58 W, 37, 120 MHz, 3996 MHz, 0 %, 0 %
2026/09/22 01:03:10.706, 6, 179.58 W, 31, 120 MHz, 3996 MHz, 0 %, 0 %
2026/09/22 01:03:10.708, 7, 181.54 W, 31, 120 MHz, 3996 MHz, 0 %, 0 %
2026/09/22 01:03:11.709, 0, 179.35 W, 37, 120 MHz, 3996 MHz, 0 %, 0 %
2026/09/22 01:03:11.709, 1, 181.33 W, 38, 120 MHz, 3996 MHz, 0 %, 0 %
2026/09/22 01:03:11.709, 2, 174.45 W, 30, 120 MHz, 3996 MHz, 0 %, 0 %
2026/09/22 01:03:11.710, 3, 176.23 W, 30, 120 MHz, 3996 MHz, 0 %, 0 %
2026/09/22 01:03:11.710, 4, 183.15 W, 38, 120 MHz, 3996 MHz, 0 %, 0 %
2026/09/22 01:03:11.710, 5, 180.58 W, 37, 120 MHz, 3996 MHz, 0 %, 0 %
2026/09/22 01:03:11.710, 6, 179.58 W, 31, 120 MHz, 3996 MHz, 0 %, 0 %
2026/09/22 01:03:11.710, 7, 181.54 W, 31, 120 MHz, 3996 MHz, 0 %, 0 %
2026/09/22 01:03:12.710, 0, 179.35 W, 37, 120 MHz, 3996 MHz, 0 %, 0 %
2026/09/22 01:03:12.710, 1, 181.34 W, 38, 120 MHz, 3996 MHz, 0 %, 0 %
2026/09/22 01:03:12.710, 2, 174.67 W, 30, 120 MHz, 3996 MHz, 0 %, 0 %
2026/09/22 01:03:12.710, 3, 176.23 W, 30, 120 MHz, 3996 MHz, 0 %, 0 %
2026/09/22 01:03:12.710, 4, 182.71 W, 38, 120 MHz, 3996 MHz, 0 %, 0 %
2026/09/22 01:03:12.710, 5, 180.59 W, 37, 120 MHz, 3996 MHz, 0 %, 0 %
2026/09/22 01:03:12.710, 6, 179.58 W, 31, 120 MHz, 3996 MHz, 0 %, 0 %
2026/09/22 01:03:12.710, 7, 181.54 W, 31, 120 MHz, 3996 MHz, 0 %, 0 %
2026/09/22 01:03:13.710, 0, 179.35 W, 37, 120 MHz, 3996 MHz, 0 %, 0 %
2026/09/22 01:03:13.710, 1, 181.34 W, 38, 120 MHz, 3996 MHz, 0 %, 0 %
2026/09/22 01:03:13.710, 2, 174.38 W, 30, 120 MHz, 3996 MHz, 0 %, 0 %
2026/09/22 01:03:13.710, 3, 176.23 W, 30, 120 MHz, 3996 MHz, 0 %, 0 %
2026/09/22 01:03:13.710, 4, 182.87 W, 38, 120 MHz, 3996 MHz, 0 %, 0 %
2026/09/22 01:03:13.710, 5, 180.59 W, 37, 120 MHz, 3996 MHz, 0 %, 0 %
2026/09/22 01:03:13.710, 6, 179.58 W, 31, 120 MHz, 3996 MHz, 0 %, 0 %
2026/09/22 01:03:13.710, 7, 181.54 W, 31, 120 MHz, 3996 MHz, 0 %, 0 %
2026/09/22 01:03:14.710, 0, 179.35 W, 37, 120 MHz, 3996 MHz, 0 %, 0 %
2026/09/22 01:03:14.710, 1, 181.34 W, 38, 120 MHz, 3996 MHz, 0 %, 0 %
2026/09/22 01:03:14.710, 2, 174.26 W, 30, 120 MHz, 3996 MHz, 0 %, 0 %
2026/09/22 01:03:14.710, 3, 176.23 W, 30, 120 MHz, 3996 MHz, 0 %, 0 %
2026/09/22 01:03:14.710, 4, 182.64 W, 38, 120 MHz, 3996 MHz, 0 %, 0 %
2026/09/22 01:03:14.710, 5, 180.59 W, 37, 120 MHz, 3996 MHz, 0 %, 0 %
2026/09/22 01:03:14.711, 6, 179.58 W, 31, 120 MHz, 3996 MHz, 0 %, 0 %
2026/09/22 01:03:14.711, 7, 181.54 W, 31, 120 MHz, 3996 MHz, 0 %, 0 %
2026/09/22 01:03:15.711, 0, 179.35 W, 37, 120 MHz, 3996 MHz, 0 %, 0 %
2026/09/22 01:03:15.711, 1, 181.32 W, 38, 120 MHz, 3996 MHz, 0 %, 0 %
2026/09/22 01:03:15.711, 2, 174.38 W, 30, 120 MHz, 3996 MHz, 0 %, 0 %
2026/09/22 01:03:15.711, 3, 176.23 W, 30, 120 MHz, 3996 MHz, 0 %, 0 %
2026/09/22 01:03:15.711, 4, 182.52 W, 38, 120 MHz, 3996 MHz, 0 %, 0 %
2026/09/22 01:03:15.711, 5, 180.58 W, 37, 120 MHz, 3996 MHz, 0 %, 0 %
2026/09/22 01:03:15.711, 6, 179.58 W, 31, 120 MHz, 3996 MHz, 0 %, 0 %
2026/09/22 01:03:15.711, 7, 181.54 W, 31, 120 MHz, 3996 MHz, 0 %, 0 %
2026/09/22 01:03:16.711, 0, 179.35 W, 37, 120 MHz, 3996 MHz, 0 %, 0 %
2026/09/22 01:03:16.711, 1, 181.33 W, 38, 120 MHz, 3996 MHz, 0 %, 0 %
2026/09/22 01:03:16.711, 2, 174.26 W, 30, 120 MHz, 3996 MHz, 0 %, 0 %
2026/09/22 01:03:16.711, 3, 176.23 W, 30, 120 MHz, 3996 MHz, 0 %, 0 %
2026/09/22 01:03:16.711, 4, 182.64 W, 38, 120 MHz, 3996 MHz, 0 %, 0 %
2026/09/22 01:03:16.711, 5, 180.59 W, 37, 120 MHz, 3996 MHz, 0 %, 0 %
2026/09/22 01:03:16.711, 6, 179.58 W, 31, 120 MHz, 3996 MHz, 0 %, 0 %
2026/09/22 01:03:16.711, 7, 181.54 W, 31, 120 MHz, 3996 MHz, 0 %, 0 %
2026/09/22 01:03:17.711, 0, 179.35 W, 37, 120 MHz, 3996 MHz, 0 %, 0 %
2026/09/22 01:03:17.711, 1, 181.33 W, 38, 120 MHz, 3996 MHz, 0 %, 0 %
2026/09/22 01:03:17.711, 2, 174.18 W, 30, 120 MHz, 3996 MHz, 0 %, 0 %
2026/09/22 01:03:17.711, 3, 176.23 W, 30, 120 MHz, 3996 MHz, 0 %, 0 %
2026/09/22 01:03:17.711, 4, 182.56 W, 38, 120 MHz, 3996 MHz, 0 %, 0 %
2026/09/22 01:03:17.711, 5, 180.59 W, 36, 120 MHz, 3996 MHz, 0 %, 0 %
2026/09/22 01:03:17.711, 6, 179.58 W, 31, 120 MHz, 3996 MHz, 0 %, 0 %
2026/09/22 01:03:17.711, 7, 181.54 W, 31, 120 MHz, 3996 MHz, 0 %, 0 %
2026/09/22 01:03:18.712, 0, 179.35 W, 36, 120 MHz, 3996 MHz, 0 %, 0 %
2026/09/22 01:03:18.712, 1, 181.34 W, 38, 120 MHz, 3996 MHz, 0 %, 0 %
2026/09/22 01:03:18.712, 2, 174.29 W, 30, 120 MHz, 3996 MHz, 0 %, 0 %
2026/09/22 01:03:18.712, 3, 176.23 W, 30, 120 MHz, 3996 MHz, 0 %, 0 %
2026/09/22 01:03:18.712, 4, 182.60 W, 38, 120 MHz, 3996 MHz, 0 %, 0 %
2026/09/22 01:03:18.712, 5, 180.58 W, 36, 120 MHz, 3996 MHz, 0 %, 0 %
2026/09/22 01:03:18.712, 6, 179.58 W, 31, 120 MHz, 3996 MHz, 0 %, 0 %
2026/09/22 01:03:18.712, 7, 181.54 W, 31, 120 MHz, 3996 MHz, 0 %, 0 %
2026/09/22 01:03:19.712, 0, 179.35 W, 36, 120 MHz, 3996 MHz, 0 %, 0 %
2026/09/22 01:03:19.712, 1, 181.33 W, 38, 120 MHz, 3996 MHz, 0 %, 0 %
2026/09/22 01:03:19.712, 2, 174.29 W, 30, 120 MHz, 3996 MHz, 0 %, 0 %
2026/09/22 01:03:19.712, 3, 176.23 W, 30, 120 MHz, 3996 MHz, 0 %, 0 %
2026/09/22 01:03:19.712, 4, 182.52 W, 38, 120 MHz, 3996 MHz, 0 %, 0 %
2026/09/22 01:03:19.712, 5, 180.59 W, 36, 120 MHz, 3996 MHz, 0 %, 0 %
2026/09/22 01:03:19.712, 6, 179.58 W, 31, 120 MHz, 3996 MHz, 0 %, 0 %
2026/09/22 01:03:19.712, 7, 181.54 W, 31, 120 MHz, 3996 MHz, 0 %, 0 %
2026/09/22 01:03:20.712, 0, 179.35 W, 36, 120 MHz, 3996 MHz, 0 %, 0 %
2026/09/22 01:03:20.712, 1, 181.33 W, 38, 120 MHz, 3996 MHz, 0 %, 0 %
2026/09/22 01:03:20.712, 2, 174.34 W, 30, 120 MHz, 3996 MHz, 0 %, 0 %
2026/09/22 01:03:20.712, 3, 176.23 W, 30, 120 MHz, 3996 MHz, 0 %, 0 %
2026/09/22 01:03:20.712, 4, 182.52 W, 38, 120 MHz, 3996 MHz, 0 %, 0 %
2026/09/22 01:03:20.712, 5, 180.58 W, 36, 120 MHz, 3996 MHz, 0 %, 0 %
2026/09/22 01:03:20.712, 6, 179.58 W, 31, 120 MHz, 3996 MHz, 0 %, 0 %
2026/09/22 01:03:20.712, 7, 181.54 W, 31, 120 MHz, 3996 MHz, 0 %, 0 %
2026/09/22 01:03:21.712, 0, 179.35 W, 36, 120 MHz, 3996 MHz, 0 %, 0 %
2026/09/22 01:03:21.712, 1, 181.32 W, 38, 120 MHz, 3996 MHz, 0 %, 0 %
2026/09/22 01:03:21.712, 2, 174.18 W, 30, 120 MHz, 3996 MHz, 0 %, 0 %
2026/09/22 01:03:21.712, 3, 176.23 W, 30, 120 MHz, 3996 MHz, 0 %, 0 %
2026/09/22 01:03:21.712, 4, 182.52 W, 38, 120 MHz, 3996 MHz, 0 %, 0 %
2026/09/22 01:03:21.713, 5, 180.59 W, 36, 120 MHz, 3996 MHz, 0 %, 0 %
2026/09/22 01:03:21.713, 6, 179.54 W, 31, 120 MHz, 3996 MHz, 0 %, 0 %
2026/09/22 01:03:21.713, 7, 181.54 W, 30, 120 MHz, 3996 MHz, 0 %, 0 %
2026/09/22 01:03:22.713, 0, 179.35 W, 36, 120 MHz, 3996 MHz, 0 %, 0 %
2026/09/22 01:03:22.713, 1, 181.31 W, 38, 120 MHz, 3996 MHz, 0 %, 0 %
2026/09/22 01:03:22.713, 2, 174.22 W, 30, 120 MHz, 3996 MHz, 0 %, 0 %
2026/09/22 01:03:22.713, 3, 176.23 W, 30, 120 MHz, 3996 MHz, 0 %, 0 %
2026/09/22 01:03:22.713, 4, 182.52 W, 38, 120 MHz, 3996 MHz, 0 %, 0 %
2026/09/22 01:03:22.713, 5, 180.58 W, 36, 120 MHz, 3996 MHz, 0 %, 0 %
2026/09/22 01:03:22.713, 6, 179.58 W, 31, 120 MHz, 3996 MHz, 0 %, 0 %
2026/09/22 01:03:22.713, 7, 181.54 W, 30, 120 MHz, 3996 MHz, 0 %, 0 %
2026/09/22 01:03:23.713, 0, 179.35 W, 36, 120 MHz, 3996 MHz, 0 %, 0 %
2026/09/22 01:03:23.713, 1, 181.31 W, 38, 120 MHz, 3996 MHz, 0 %, 0 %
2026/09/22 01:03:23.713, 2, 174.71 W, 30, 120 MHz, 3996 MHz, 0 %, 0 %
2026/09/22 01:03:23.713, 3, 176.23 W, 30, 120 MHz, 3996 MHz, 0 %, 0 %
2026/09/22 01:03:23.713, 4, 182.52 W, 38, 120 MHz, 3996 MHz, 0 %, 0 %
2026/09/22 01:03:23.713, 5, 180.58 W, 36, 120 MHz, 3996 MHz, 0 %, 0 %
2026/09/22 01:03:23.713, 6, 179.58 W, 31, 120 MHz, 3996 MHz, 0 %, 0 %
2026/09/22 01:03:23.713, 7, 181.54 W, 30, 120 MHz, 3996 MHz, 0 %, 0 %
2026/09/22 01:03:24.713, 0, 179.35 W, 36, 120 MHz, 3996 MHz, 0 %, 0 %
2026/09/22 01:03:24.713, 1, 181.32 W, 37, 120 MHz, 3996 MHz, 0 %, 0 %
2026/09/22 01:03:24.713, 2, 175.85 W, 30, 120 MHz, 3996 MHz, 0 %, 0 %
2026/09/22 01:03:24.713, 3, 176.23 W, 30, 120 MHz, 3996 MHz, 0 %, 0 %
2026/09/22 01:03:24.713, 4, 182.52 W, 38, 120 MHz, 3996 MHz, 0 %, 0 %
2026/09/22 01:03:24.713, 5, 180.59 W, 36, 120 MHz, 3996 MHz, 0 %, 0 %
2026/09/22 01:03:24.713, 6, 179.58 W, 31, 120 MHz, 3996 MHz, 0 %, 0 %
2026/09/22 01:03:24.713, 7, 181.54 W, 30, 120 MHz, 3996 MHz, 0 %, 0 %
2026/09/22 01:03:25.713, 0, 179.35 W, 36, 120 MHz, 3996 MHz, 0 %, 0 %
2026/09/22 01:03:25.714, 1, 182.98 W, 37, 120 MHz, 3996 MHz, 0 %, 0 %
2026/09/22 01:03:25.714, 2, 176.04 W, 30, 120 MHz, 3996 MHz, 0 %, 0 %
2026/09/22 01:03:25.714, 3, 176.35 W, 30, 120 MHz, 3996 MHz, 0 %, 0 %
2026/09/22 01:03:25.714, 4, 182.52 W, 38, 120 MHz, 3996 MHz, 0 %, 0 %
2026/09/22 01:03:25.714, 5, 180.59 W, 36, 120 MHz, 3996 MHz, 0 %, 0 %
2026/09/22 01:03:25.714, 6, 179.58 W, 31, 120 MHz, 3996 MHz, 0 %, 0 %
2026/09/22 01:03:25.714, 7, 181.54 W, 30, 120 MHz, 3996 MHz, 0 %, 0 %
2026/09/22 01:03:26.714, 0, 179.35 W, 36, 120 MHz, 3996 MHz, 0 %, 0 %
2026/09/22 01:03:26.714, 1, 183.10 W, 37, 120 MHz, 3996 MHz, 0 %, 0 %
2026/09/22 01:03:26.714, 2, 176.12 W, 30, 120 MHz, 3996 MHz, 0 %, 0 %
2026/09/22 01:03:26.714, 3, 178.17 W, 30, 120 MHz, 3996 MHz, 0 %, 0 %
2026/09/22 01:03:26.714, 4, 182.52 W, 37, 120 MHz, 3996 MHz, 0 %, 0 %
2026/09/22 01:03:26.714, 5, 180.59 W, 36, 120 MHz, 3996 MHz, 0 %, 0 %
2026/09/22 01:03:26.714, 6, 179.58 W, 31, 120 MHz, 3996 MHz, 0 %, 0 %
2026/09/22 01:03:26.714, 7, 181.54 W, 30, 120 MHz, 3996 MHz, 0 %, 0 %
2026/09/22 01:03:27.714, 0, 179.35 W, 36, 120 MHz, 3996 MHz, 0 %, 0 %
2026/09/22 01:03:27.714, 1, 181.32 W, 37, 120 MHz, 3996 MHz, 0 %, 0 %
2026/09/22 01:03:27.714, 2, 175.69 W, 30, 120 MHz, 3996 MHz, 0 %, 0 %
2026/09/22 01:03:27.714, 3, 177.67 W, 30, 120 MHz, 3996 MHz, 0 %, 0 %
2026/09/22 01:03:27.714, 4, 182.52 W, 37, 120 MHz, 3996 MHz, 0 %, 0 %
2026/09/22 01:03:27.714, 5, 180.59 W, 36, 120 MHz, 3996 MHz, 0 %, 0 %
2026/09/22 01:03:27.714, 6, 179.58 W, 31, 120 MHz, 3996 MHz, 0 %, 0 %
2026/09/22 01:03:27.714, 7, 181.54 W, 30, 120 MHz, 3996 MHz, 0 %, 0 %
2026/09/22 01:03:28.714, 0, 179.35 W, 36, 120 MHz, 3996 MHz, 0 %, 0 %
2026/09/22 01:03:28.714, 1, 181.31 W, 37, 120 MHz, 3996 MHz, 0 %, 0 %
2026/09/22 01:03:28.714, 2, 175.89 W, 30, 120 MHz, 3996 MHz, 0 %, 0 %
2026/09/22 01:03:28.714, 3, 176.23 W, 30, 120 MHz, 3996 MHz, 0 %, 0 %
2026/09/22 01:03:28.714, 4, 182.52 W, 37, 120 MHz, 3996 MHz, 0 %, 0 %
2026/09/22 01:03:28.714, 5, 180.58 W, 36, 120 MHz, 3996 MHz, 0 %, 0 %
2026/09/22 01:03:28.715, 6, 179.58 W, 31, 120 MHz, 3996 MHz, 0 %, 0 %
2026/09/22 01:03:28.715, 7, 181.54 W, 30, 120 MHz, 3996 MHz, 0 %, 0 %
2026/09/22 01:03:29.715, 0, 179.35 W, 36, 120 MHz, 3996 MHz, 0 %, 0 %
2026/09/22 01:03:29.715, 1, 181.32 W, 37, 120 MHz, 3996 MHz, 0 %, 0 %
2026/09/22 01:03:29.715, 2, 175.73 W, 30, 120 MHz, 3996 MHz, 0 %, 0 %
2026/09/22 01:03:29.715, 3, 176.23 W, 30, 120 MHz, 3996 MHz, 0 %, 0 %
2026/09/22 01:03:29.715, 4, 182.52 W, 37, 120 MHz, 3996 MHz, 0 %, 0 %
2026/09/22 01:03:29.715, 5, 180.59 W, 36, 120 MHz, 3996 MHz, 0 %, 0 %
2026/09/22 01:03:29.715, 6, 179.58 W, 31, 120 MHz, 3996 MHz, 0 %, 0 %
2026/09/22 01:03:29.715, 7, 181.54 W, 30, 120 MHz, 3996 MHz, 0 %, 0 %
2026/09/22 01:03:30.715, 0, 179.35 W, 36, 120 MHz, 3996 MHz, 0 %, 0 %
2026/09/22 01:03:30.715, 1, 181.32 W, 37, 120 MHz, 3996 MHz, 0 %, 0 %
2026/09/22 01:03:30.715, 2, 175.38 W, 30, 120 MHz, 3996 MHz, 0 %, 0 %
2026/09/22 01:03:30.715, 3, 176.23 W, 30, 120 MHz, 3996 MHz, 0 %, 0 %
2026/09/22 01:03:30.715, 4, 182.52 W, 37, 120 MHz, 3996 MHz, 0 %, 0 %
2026/09/22 01:03:30.715, 5, 180.58 W, 36, 120 MHz, 3996 MHz, 0 %, 0 %
2026/09/22 01:03:30.715, 6, 179.58 W, 31, 120 MHz, 3996 MHz, 0 %, 0 %
2026/09/22 01:03:30.715, 7, 181.54 W, 30, 120 MHz, 3996 MHz, 0 %, 0 %
2026/09/22 01:03:31.715, 0, 179.35 W, 36, 120 MHz, 3996 MHz, 0 %, 0 %
2026/09/22 01:03:31.715, 1, 181.31 W, 37, 120 MHz, 3996 MHz, 0 %, 0 %
2026/09/22 01:03:31.715, 2, 175.32 W, 30, 120 MHz, 3996 MHz, 0 %, 0 %
2026/09/22 01:03:31.715, 3, 176.23 W, 30, 120 MHz, 3996 MHz, 0 %, 0 %
2026/09/22 01:03:31.715, 4, 182.52 W, 37, 120 MHz, 3996 MHz, 0 %, 0 %
2026/09/22 01:03:31.715, 5, 180.58 W, 36, 120 MHz, 3996 MHz, 0 %, 0 %
2026/09/22 01:03:31.715, 6, 179.51 W, 31, 120 MHz, 3996 MHz, 0 %, 0 %
2026/09/22 01:03:31.715, 7, 181.54 W, 30, 120 MHz, 3996 MHz, 0 %, 0 %
2026/09/22 01:03:32.715, 0, 179.35 W, 36, 120 MHz, 3996 MHz, 0 %, 0 %
2026/09/22 01:03:32.716, 1, 181.30 W, 37, 120 MHz, 3996 MHz, 0 %, 0 %
2026/09/22 01:03:32.716, 2, 175.13 W, 30, 120 MHz, 3996 MHz, 0 %, 0 %
2026/09/22 01:03:32.716, 3, 176.23 W, 30, 120 MHz, 3996 MHz, 0 %, 0 %
2026/09/22 01:03:32.716, 4, 182.52 W, 37, 120 MHz, 3996 MHz, 0 %, 0 %
2026/09/22 01:03:32.716, 5, 180.58 W, 36, 120 MHz, 3996 MHz, 0 %, 0 %
2026/09/22 01:03:32.716, 6, 179.58 W, 31, 120 MHz, 3996 MHz, 0 %, 0 %
2026/09/22 01:03:32.716, 7, 181.54 W, 30, 120 MHz, 3996 MHz, 0 %, 0 %
2026/09/22 01:03:33.716, 0, 179.35 W, 36, 120 MHz, 3996 MHz, 0 %, 0 %
2026/09/22 01:03:33.716, 1, 181.31 W, 37, 120 MHz, 3996 MHz, 0 %, 0 %
2026/09/22 01:03:33.716, 2, 175.23 W, 30, 120 MHz, 3996 MHz, 0 %, 0 %
2026/09/22 01:03:33.716, 3, 176.23 W, 30, 120 MHz, 3996 MHz, 0 %, 0 %
2026/09/22 01:03:33.716, 4, 182.52 W, 37, 120 MHz, 3996 MHz, 0 %, 0 %
2026/09/22 01:03:33.716, 5, 180.58 W, 36, 120 MHz, 3996 MHz, 0 %, 0 %
2026/09/22 01:03:33.716, 6, 179.51 W, 31, 120 MHz, 3996 MHz, 0 %, 0 %
2026/09/22 01:03:33.716, 7, 181.54 W, 30, 120 MHz, 3996 MHz, 0 %, 0 %
2026/09/22 01:03:34.716, 0, 179.27 W, 36, 120 MHz, 3996 MHz, 0 %, 0 %
2026/09/22 01:03:34.716, 1, 181.31 W, 37, 120 MHz, 3996 MHz, 0 %, 0 %
2026/09/22 01:03:34.716, 2, 175.36 W, 30, 120 MHz, 3996 MHz, 0 %, 0 %
2026/09/22 01:03:34.716, 3, 176.23 W, 30, 120 MHz, 3996 MHz, 0 %, 0 %
2026/09/22 01:03:34.716, 4, 182.52 W, 37, 120 MHz, 3996 MHz, 0 %, 0 %
2026/09/22 01:03:34.716, 5, 180.59 W, 36, 120 MHz, 3996 MHz, 0 %, 0 %
2026/09/22 01:03:34.716, 6, 179.54 W, 31, 120 MHz, 3996 MHz, 0 %, 0 %
2026/09/22 01:03:34.716, 7, 181.54 W, 30, 120 MHz, 3996 MHz, 0 %, 0 %
2026/09/22 01:03:35.716, 0, 179.35 W, 36, 120 MHz, 3996 MHz, 0 %, 0 %
2026/09/22 01:03:35.716, 1, 181.30 W, 37, 120 MHz, 3996 MHz, 0 %, 0 %
2026/09/22 01:03:35.716, 2, 175.34 W, 30, 120 MHz, 3996 MHz, 0 %, 0 %
2026/09/22 01:03:35.716, 3, 176.23 W, 30, 120 MHz, 3996 MHz, 0 %, 0 %
2026/09/22 01:03:35.716, 4, 182.52 W, 37, 120 MHz, 3996 MHz, 0 %, 0 %
2026/09/22 01:03:35.716, 5, 180.58 W, 35, 120 MHz, 3996 MHz, 0 %, 0 %
2026/09/22 01:03:35.716, 6, 179.58 W, 31, 120 MHz, 3996 MHz, 0 %, 0 %
2026/09/22 01:03:35.716, 7, 181.54 W, 30, 120 MHz, 3996 MHz, 0 %, 0 %
2026/09/22 01:03:36.717, 0, 179.35 W, 36, 120 MHz, 3996 MHz, 0 %, 0 %
2026/09/22 01:03:36.717, 1, 181.31 W, 37, 120 MHz, 3996 MHz, 0 %, 0 %
2026/09/22 01:03:36.717, 2, 175.50 W, 30, 120 MHz, 3996 MHz, 0 %, 0 %
2026/09/22 01:03:36.717, 3, 176.23 W, 30, 120 MHz, 3996 MHz, 0 %, 0 %
2026/09/22 01:03:36.717, 4, 182.52 W, 37, 120 MHz, 3996 MHz, 0 %, 0 %
2026/09/22 01:03:36.717, 5, 180.58 W, 35, 120 MHz, 3996 MHz, 0 %, 0 %
2026/09/22 01:03:36.717, 6, 179.58 W, 31, 120 MHz, 3996 MHz, 0 %, 0 %
2026/09/22 01:03:36.717, 7, 181.54 W, 30, 120 MHz, 3996 MHz, 0 %, 0 %
2026/09/22 01:03:37.717, 0, 179.23 W, 36, 120 MHz, 3996 MHz, 0 %, 0 %
2026/09/22 01:03:37.717, 1, 181.30 W, 37, 120 MHz, 3996 MHz, 0 %, 0 %
2026/09/22 01:03:37.717, 2, 175.24 W, 30, 120 MHz, 3996 MHz, 0 %, 0 %
2026/09/22 01:03:37.717, 3, 176.23 W, 30, 120 MHz, 3996 MHz, 0 %, 0 %
2026/09/22 01:03:37.717, 4, 182.52 W, 37, 120 MHz, 3996 MHz, 0 %, 0 %
2026/09/22 01:03:37.717, 5, 180.58 W, 35, 120 MHz, 3996 MHz, 0 %, 0 %
2026/09/22 01:03:37.717, 6, 179.54 W, 31, 120 MHz, 3996 MHz, 0 %, 0 %
2026/09/22 01:03:37.717, 7, 181.54 W, 30, 120 MHz, 3996 MHz, 0 %, 0 %
2026/09/22 01:03:38.717, 0, 179.23 W, 35, 120 MHz, 3996 MHz, 0 %, 0 %
2026/09/22 01:03:38.717, 1, 181.30 W, 37, 120 MHz, 3996 MHz, 0 %, 0 %
2026/09/22 01:03:38.717, 2, 175.23 W, 30, 120 MHz, 3996 MHz, 0 %, 0 %
2026/09/22 01:03:38.717, 3, 176.23 W, 30, 120 MHz, 3996 MHz, 0 %, 0 %
2026/09/22 01:03:38.717, 4, 182.52 W, 37, 120 MHz, 3996 MHz, 0 %, 0 %
2026/09/22 01:03:38.717, 5, 180.58 W, 35, 120 MHz, 3996 MHz, 0 %, 0 %
2026/09/22 01:03:38.717, 6, 179.58 W, 31, 120 MHz, 3996 MHz, 0 %, 0 %
2026/09/22 01:03:38.717, 7, 181.54 W, 30, 120 MHz, 3996 MHz, 0 %, 0 %
2026/09/22 01:03:39.717, 0, 179.31 W, 35, 120 MHz, 3996 MHz, 0 %, 0 %
2026/09/22 01:03:39.717, 1, 181.30 W, 37, 120 MHz, 3996 MHz, 0 %, 0 %
2026/09/22 01:03:39.718, 2, 175.28 W, 30, 120 MHz, 3996 MHz, 0 %, 0 %
2026/09/22 01:03:39.718, 3, 176.23 W, 30, 120 MHz, 3996 MHz, 0 %, 0 %
2026/09/22 01:03:39.718, 4, 182.52 W, 37, 120 MHz, 3996 MHz, 0 %, 0 %
2026/09/22 01:03:39.718, 5, 180.58 W, 35, 120 MHz, 3996 MHz, 0 %, 0 %
2026/09/22 01:03:39.718, 6, 179.54 W, 30, 120 MHz, 3996 MHz, 0 %, 0 %
2026/09/22 01:03:39.718, 7, 181.54 W, 30, 120 MHz, 3996 MHz, 0 %, 0 %
2026/09/22 01:03:40.718, 0, 179.08 W, 35, 120 MHz, 3996 MHz, 0 %, 0 %
2026/09/22 01:03:40.718, 1, 181.31 W, 37, 120 MHz, 3996 MHz, 0 %, 0 %
2026/09/22 01:03:40.718, 2, 175.31 W, 30, 120 MHz, 3996 MHz, 0 %, 0 %
2026/09/22 01:03:40.718, 3, 176.23 W, 30, 120 MHz, 3996 MHz, 0 %, 0 %
2026/09/22 01:03:40.718, 4, 182.52 W, 37, 120 MHz, 3996 MHz, 0 %, 0 %
2026/09/22 01:03:40.718, 5, 180.58 W, 35, 120 MHz, 3996 MHz, 0 %, 0 %
2026/09/22 01:03:40.718, 6, 179.54 W, 30, 120 MHz, 3996 MHz, 0 %, 0 %
2026/09/22 01:03:40.718, 7, 181.54 W, 30, 120 MHz, 3996 MHz, 0 %, 0 %
2026/09/22 01:03:41.718, 0, 178.85 W, 35, 120 MHz, 3996 MHz, 0 %, 0 %
2026/09/22 01:03:41.718, 1, 181.31 W, 37, 120 MHz, 3996 MHz, 0 %, 0 %
2026/09/22 01:03:41.718, 2, 175.02 W, 30, 120 MHz, 3996 MHz, 0 %, 0 %
2026/09/22 01:03:41.718, 3, 176.23 W, 30, 120 MHz, 3996 MHz, 0 %, 0 %
2026/09/22 01:03:41.718, 4, 182.52 W, 37, 120 MHz, 3996 MHz, 0 %, 0 %
2026/09/22 01:03:41.718, 5, 180.59 W, 35, 120 MHz, 3996 MHz, 0 %, 0 %
2026/09/22 01:03:41.718, 6, 179.54 W, 30, 120 MHz, 3996 MHz, 0 %, 0 %
2026/09/22 01:03:41.718, 7, 181.54 W, 30, 120 MHz, 3996 MHz, 0 %, 0 %
2026/09/22 01:03:42.718, 0, 179.04 W, 35, 120 MHz, 3996 MHz, 0 %, 0 %
2026/09/22 01:03:42.718, 1, 181.30 W, 37, 120 MHz, 3996 MHz, 0 %, 0 %
2026/09/22 01:03:42.718, 2, 174.95 W, 30, 120 MHz, 3996 MHz, 0 %, 0 %
2026/09/22 01:03:42.718, 3, 176.23 W, 30, 120 MHz, 3996 MHz, 0 %, 0 %
2026/09/22 01:03:42.718, 4, 182.52 W, 37, 120 MHz, 3996 MHz, 0 %, 0 %
2026/09/22 01:03:42.718, 5, 180.59 W, 35, 120 MHz, 3996 MHz, 0 %, 0 %
2026/09/22 01:03:42.718, 6, 179.58 W, 30, 120 MHz, 3996 MHz, 0 %, 0 %
2026/09/22 01:03:42.719, 7, 181.54 W, 30, 120 MHz, 3996 MHz, 0 %, 0 %
2026/09/22 01:03:43.719, 0, 179.04 W, 35, 120 MHz, 3996 MHz, 0 %, 0 %
2026/09/22 01:03:43.719, 1, 181.30 W, 37, 120 MHz, 3996 MHz, 0 %, 0 %
2026/09/22 01:03:43.719, 2, 174.87 W, 30, 120 MHz, 3996 MHz, 0 %, 0 %
2026/09/22 01:03:43.719, 3, 176.23 W, 30, 120 MHz, 3996 MHz, 0 %, 0 %
2026/09/22 01:03:43.719, 4, 182.52 W, 37, 120 MHz, 3996 MHz, 0 %, 0 %
2026/09/22 01:03:43.719, 5, 180.59 W, 35, 120 MHz, 3996 MHz, 0 %, 0 %
2026/09/22 01:03:43.719, 6, 179.54 W, 30, 120 MHz, 3996 MHz, 0 %, 0 %
2026/09/22 01:03:43.719, 7, 181.54 W, 30, 120 MHz, 3996 MHz, 0 %, 0 %
2026/09/22 01:03:44.719, 0, 178.82 W, 35, 120 MHz, 3996 MHz, 0 %, 0 %
2026/09/22 01:03:44.719, 1, 181.30 W, 37, 120 MHz, 3996 MHz, 0 %, 0 %
2026/09/22 01:03:44.719, 2, 175.00 W, 30, 120 MHz, 3996 MHz, 0 %, 0 %
2026/09/22 01:03:44.719, 3, 176.23 W, 30, 120 MHz, 3996 MHz, 0 %, 0 %
2026/09/22 01:03:44.719, 4, 182.52 W, 37, 120 MHz, 3996 MHz, 0 %, 0 %
2026/09/22 01:03:44.719, 5, 180.58 W, 35, 120 MHz, 3996 MHz, 0 %, 0 %
2026/09/22 01:03:44.719, 6, 179.54 W, 30, 120 MHz, 3996 MHz, 0 %, 0 %
2026/09/22 01:03:44.719, 7, 181.54 W, 30, 120 MHz, 3996 MHz, 0 %, 0 %
2026/09/22 01:03:45.719, 0, 178.89 W, 35, 120 MHz, 3996 MHz, 0 %, 0 %
2026/09/22 01:03:45.719, 1, 181.30 W, 36, 120 MHz, 3996 MHz, 0 %, 0 %
2026/09/22 01:03:45.719, 2, 175.13 W, 30, 120 MHz, 3996 MHz, 0 %, 0 %
2026/09/22 01:03:45.719, 3, 176.23 W, 30, 120 MHz, 3996 MHz, 0 %, 0 %
2026/09/22 01:03:45.719, 4, 182.52 W, 37, 120 MHz, 3996 MHz, 0 %, 0 %
2026/09/22 01:03:45.719, 5, 180.59 W, 35, 120 MHz, 3996 MHz, 0 %, 0 %
2026/09/22 01:03:45.719, 6, 179.51 W, 30, 120 MHz, 3996 MHz, 0 %, 0 %
2026/09/22 01:03:45.719, 7, 181.54 W, 30, 120 MHz, 3996 MHz, 0 %, 0 %
2026/09/22 01:03:46.719, 0, 178.61 W, 35, 120 MHz, 3996 MHz, 0 %, 0 %
2026/09/22 01:03:46.720, 1, 181.30 W, 36, 120 MHz, 3996 MHz, 0 %, 0 %
2026/09/22 01:03:46.720, 2, 174.98 W, 30, 120 MHz, 3996 MHz, 0 %, 0 %
2026/09/22 01:03:46.720, 3, 176.23 W, 30, 120 MHz, 3996 MHz, 0 %, 0 %
2026/09/22 01:03:46.720, 4, 182.52 W, 37, 120 MHz, 3996 MHz, 0 %, 0 %
2026/09/22 01:03:46.720, 5, 180.59 W, 35, 120 MHz, 3996 MHz, 0 %, 0 %
2026/09/22 01:03:46.720, 6, 179.54 W, 30, 120 MHz, 3996 MHz, 0 %, 0 %
2026/09/22 01:03:46.720, 7, 181.54 W, 30, 120 MHz, 3996 MHz, 0 %, 0 %
2026/09/22 01:03:47.720, 0, 178.65 W, 35, 120 MHz, 3996 MHz, 0 %, 0 %
2026/09/22 01:03:47.720, 1, 181.30 W, 36, 120 MHz, 3996 MHz, 0 %, 0 %
2026/09/22 01:03:47.720, 2, 174.72 W, 30, 120 MHz, 3996 MHz, 0 %, 0 %
2026/09/22 01:03:47.720, 3, 176.23 W, 30, 120 MHz, 3996 MHz, 0 %, 0 %
2026/09/22 01:03:47.720, 4, 182.52 W, 37, 120 MHz, 3996 MHz, 0 %, 0 %
2026/09/22 01:03:47.720, 5, 180.60 W, 35, 120 MHz, 3996 MHz, 0 %, 0 %
2026/09/22 01:03:47.720, 6, 179.54 W, 30, 120 MHz, 3996 MHz, 0 %, 0 %
2026/09/22 01:03:47.720, 7, 181.54 W, 30, 120 MHz, 3996 MHz, 0 %, 0 %
2026/09/22 01:03:48.720, 0, 178.24 W, 35, 120 MHz, 3996 MHz, 0 %, 0 %
2026/09/22 01:03:48.720, 1, 181.26 W, 36, 120 MHz, 3996 MHz, 0 %, 0 %
2026/09/22 01:03:48.720, 2, 175.03 W, 30, 120 MHz, 3996 MHz, 0 %, 0 %
2026/09/22 01:03:48.720, 3, 176.23 W, 30, 120 MHz, 3996 MHz, 0 %, 0 %
2026/09/22 01:03:48.720, 4, 182.52 W, 36, 120 MHz, 3996 MHz, 0 %, 0 %
2026/09/22 01:03:48.720, 5, 180.59 W, 35, 120 MHz, 3996 MHz, 0 %, 0 %
2026/09/22 01:03:48.720, 6, 179.58 W, 30, 120 MHz, 3996 MHz, 0 %, 0 %
2026/09/22 01:03:48.720, 7, 181.54 W, 30, 120 MHz, 3996 MHz, 0 %, 0 %
2026/09/22 01:03:49.720, 0, 178.22 W, 35, 120 MHz, 3996 MHz, 0 %, 0 %
2026/09/22 01:03:49.720, 1, 181.30 W, 36, 120 MHz, 3996 MHz, 0 %, 0 %
2026/09/22 01:03:49.721, 2, 175.07 W, 30, 120 MHz, 3996 MHz, 0 %, 0 %
2026/09/22 01:03:49.721, 3, 176.23 W, 30, 120 MHz, 3996 MHz, 0 %, 0 %
2026/09/22 01:03:49.721, 4, 182.52 W, 36, 120 MHz, 3996 MHz, 0 %, 0 %
2026/09/22 01:03:49.721, 5, 180.60 W, 35, 120 MHz, 3996 MHz, 0 %, 0 %
2026/09/22 01:03:49.721, 6, 179.51 W, 30, 120 MHz, 3996 MHz, 0 %, 0 %
2026/09/22 01:03:49.721, 7, 181.54 W, 30, 120 MHz, 3996 MHz, 0 %, 0 %
2026/09/22 01:03:50.721, 0, 177.97 W, 35, 120 MHz, 3996 MHz, 0 %, 0 %
2026/09/22 01:03:50.721, 1, 181.30 W, 36, 120 MHz, 3996 MHz, 0 %, 0 %
2026/09/22 01:03:50.721, 2, 175.19 W, 30, 120 MHz, 3996 MHz, 0 %, 0 %
2026/09/22 01:03:50.721, 3, 176.23 W, 30, 120 MHz, 3996 MHz, 0 %, 0 %
2026/09/22 01:03:50.721, 4, 182.52 W, 36, 120 MHz, 3996 MHz, 0 %, 0 %
2026/09/22 01:03:50.721, 5, 180.58 W, 35, 120 MHz, 3996 MHz, 0 %, 0 %
2026/09/22 01:03:50.721, 6, 179.54 W, 30, 120 MHz, 3996 MHz, 0 %, 0 %
2026/09/22 01:03:50.721, 7, 181.54 W, 30, 120 MHz, 3996 MHz, 0 %, 0 %
2026/09/22 01:03:51.721, 0, 178.10 W, 35, 120 MHz, 3996 MHz, 0 %, 0 %
2026/09/22 01:03:51.721, 1, 181.30 W, 36, 120 MHz, 3996 MHz, 0 %, 0 %
2026/09/22 01:03:51.721, 2, 174.71 W, 30, 120 MHz, 3996 MHz, 0 %, 0 %
2026/09/22 01:03:51.721, 3, 176.23 W, 30, 120 MHz, 3996 MHz, 0 %, 0 %
2026/09/22 01:03:51.721, 4, 182.52 W, 36, 120 MHz, 3996 MHz, 0 %, 0 %
2026/09/22 01:03:51.721, 5, 180.59 W, 35, 120 MHz, 3996 MHz, 0 %, 0 %
2026/09/22 01:03:51.721, 6, 179.58 W, 30, 120 MHz, 3996 MHz, 0 %, 0 %
2026/09/22 01:03:51.721, 7, 181.54 W, 30, 120 MHz, 3996 MHz, 0 %, 0 %
2026/09/22 01:03:52.721, 0, 177.78 W, 35, 120 MHz, 3996 MHz, 0 %, 0 %
2026/09/22 01:03:52.721, 1, 181.15 W, 36, 120 MHz, 3996 MHz, 0 %, 0 %
2026/09/22 01:03:52.721, 2, 174.76 W, 30, 120 MHz, 3996 MHz, 0 %, 0 %
2026/09/22 01:03:52.721, 3, 176.23 W, 30, 120 MHz, 3996 MHz, 0 %, 0 %
2026/09/22 01:03:52.721, 4, 182.52 W, 36, 120 MHz, 3996 MHz, 0 %, 0 %
2026/09/22 01:03:52.721, 5, 180.58 W, 35, 120 MHz, 3996 MHz, 0 %, 0 %
2026/09/22 01:03:52.722, 6, 179.51 W, 30, 120 MHz, 3996 MHz, 0 %, 0 %
2026/09/22 01:03:52.722, 7, 181.54 W, 30, 120 MHz, 3996 MHz, 0 %, 0 %
2026/09/22 01:03:53.722, 0, 177.99 W, 35, 120 MHz, 3996 MHz, 0 %, 0 %
2026/09/22 01:03:53.722, 1, 181.22 W, 36, 120 MHz, 3996 MHz, 0 %, 0 %
2026/09/22 01:03:53.722, 2, 174.75 W, 30, 120 MHz, 3996 MHz, 0 %, 0 %
2026/09/22 01:03:53.722, 3, 176.23 W, 30, 120 MHz, 3996 MHz, 0 %, 0 %
2026/09/22 01:03:53.722, 4, 182.49 W, 36, 120 MHz, 3996 MHz, 0 %, 0 %
2026/09/22 01:03:53.722, 5, 180.58 W, 35, 120 MHz, 3996 MHz, 0 %, 0 %
2026/09/22 01:03:53.722, 6, 179.47 W, 30, 120 MHz, 3996 MHz, 0 %, 0 %
2026/09/22 01:03:53.722, 7, 181.54 W, 30, 120 MHz, 3996 MHz, 0 %, 0 %
2026/09/22 01:03:54.722, 0, 177.98 W, 35, 120 MHz, 3996 MHz, 0 %, 0 %
2026/09/22 01:03:54.722, 1, 181.26 W, 36, 120 MHz, 3996 MHz, 0 %, 0 %
2026/09/22 01:03:54.722, 2, 174.60 W, 30, 120 MHz, 3996 MHz, 0 %, 0 %
2026/09/22 01:03:54.722, 3, 176.23 W, 30, 120 MHz, 3996 MHz, 0 %, 0 %
2026/09/22 01:03:54.722, 4, 182.49 W, 36, 120 MHz, 3996 MHz, 0 %, 0 %
2026/09/22 01:03:54.722, 5, 180.59 W, 35, 120 MHz, 3996 MHz, 0 %, 0 %
2026/09/22 01:03:54.722, 6, 179.47 W, 30, 120 MHz, 3996 MHz, 0 %, 0 %
2026/09/22 01:03:54.722, 7, 181.54 W, 30, 120 MHz, 3996 MHz, 0 %, 0 %
2026/09/22 01:03:55.722, 0, 177.78 W, 35, 120 MHz, 3996 MHz, 0 %, 0 %
2026/09/22 01:03:55.722, 1, 181.22 W, 36, 120 MHz, 3996 MHz, 0 %, 0 %
2026/09/22 01:03:55.722, 2, 174.65 W, 30, 120 MHz, 3996 MHz, 0 %, 0 %
2026/09/22 01:03:55.722, 3, 176.23 W, 30, 120 MHz, 3996 MHz, 0 %, 0 %
2026/09/22 01:03:55.722, 4, 182.52 W, 36, 120 MHz, 3996 MHz, 0 %, 0 %
2026/09/22 01:03:55.722, 5, 180.54 W, 35, 120 MHz, 3996 MHz, 0 %, 0 %
2026/09/22 01:03:55.722, 6, 179.35 W, 30, 120 MHz, 3996 MHz, 0 %, 0 %
2026/09/22 01:03:55.722, 7, 181.54 W, 30, 120 MHz, 3996 MHz, 0 %, 0 %
2026/09/22 01:03:56.723, 0, 177.55 W, 35, 120 MHz, 3996 MHz, 0 %, 0 %
2026/09/22 01:03:56.723, 1, 181.19 W, 36, 120 MHz, 3996 MHz, 0 %, 0 %
2026/09/22 01:03:56.723, 2, 174.61 W, 30, 120 MHz, 3996 MHz, 0 %, 0 %
2026/09/22 01:03:56.723, 3, 176.23 W, 30, 120 MHz, 3996 MHz, 0 %, 0 %
2026/09/22 01:03:56.723, 4, 182.45 W, 36, 120 MHz, 3996 MHz, 0 %, 0 %
2026/09/22 01:03:56.723, 5, 180.59 W, 35, 120 MHz, 3996 MHz, 0 %, 0 %
2026/09/22 01:03:56.723, 6, 179.51 W, 30, 120 MHz, 3996 MHz, 0 %, 0 %
2026/09/22 01:03:56.723, 7, 181.54 W, 30, 120 MHz, 3996 MHz, 0 %, 0 %
2026/09/22 01:03:57.723, 0, 177.90 W, 35, 120 MHz, 3996 MHz, 0 %, 0 %
2026/09/22 01:03:57.723, 1, 181.18 W, 36, 120 MHz, 3996 MHz, 0 %, 0 %
2026/09/22 01:03:57.723, 2, 174.61 W, 30, 120 MHz, 3996 MHz, 0 %, 0 %
2026/09/22 01:03:57.723, 3, 176.23 W, 30, 120 MHz, 3996 MHz, 0 %, 0 %
2026/09/22 01:03:57.723, 4, 182.49 W, 36, 120 MHz, 3996 MHz, 0 %, 0 %
2026/09/22 01:03:57.723, 5, 180.59 W, 35, 120 MHz, 3996 MHz, 0 %, 0 %
2026/09/22 01:03:57.723, 6, 179.43 W, 30, 120 MHz, 3996 MHz, 0 %, 0 %
2026/09/22 01:03:57.723, 7, 181.54 W, 30, 120 MHz, 3996 MHz, 0 %, 0 %
2026/09/22 01:03:58.723, 0, 177.59 W, 35, 120 MHz, 3996 MHz, 0 %, 0 %
2026/09/22 01:03:58.723, 1, 180.99 W, 36, 120 MHz, 3996 MHz, 0 %, 0 %
2026/09/22 01:03:58.723, 2, 174.67 W, 30, 120 MHz, 3996 MHz, 0 %, 0 %
2026/09/22 01:03:58.723, 3, 176.23 W, 30, 120 MHz, 3996 MHz, 0 %, 0 %
2026/09/22 01:03:58.723, 4, 182.52 W, 36, 120 MHz, 3996 MHz, 0 %, 0 %
2026/09/22 01:03:58.723, 5, 180.55 W, 35, 120 MHz, 3996 MHz, 0 %, 0 %
2026/09/22 01:03:58.723, 6, 179.32 W, 30, 120 MHz, 3996 MHz, 0 %, 0 %
2026/09/22 01:03:58.723, 7, 181.54 W, 30, 120 MHz, 3996 MHz, 0 %, 0 %
2026/09/22 01:03:59.723, 0, 177.44 W, 35, 120 MHz, 3996 MHz, 0 %, 0 %
2026/09/22 01:03:59.723, 1, 180.73 W, 36, 120 MHz, 3996 MHz, 0 %, 0 %
2026/09/22 01:03:59.723, 2, 174.57 W, 30, 120 MHz, 3996 MHz, 0 %, 0 %
2026/09/22 01:03:59.723, 3, 176.23 W, 30, 120 MHz, 3996 MHz, 0 %, 0 %
2026/09/22 01:03:59.723, 4, 182.45 W, 36, 120 MHz, 3996 MHz, 0 %, 0 %
2026/09/22 01:03:59.724, 5, 180.59 W, 35, 120 MHz, 3996 MHz, 0 %, 0 %
2026/09/22 01:03:59.724, 6, 179.31 W, 30, 120 MHz, 3996 MHz, 0 %, 0 %
2026/09/22 01:03:59.724, 7, 181.54 W, 30, 120 MHz, 3996 MHz, 0 %, 0 %
2026/09/22 01:04:00.724, 0, 177.44 W, 35, 120 MHz, 3996 MHz, 0 %, 0 %
2026/09/22 01:04:00.724, 1, 180.66 W, 36, 120 MHz, 3996 MHz, 0 %, 0 %
2026/09/22 01:04:00.724, 2, 174.45 W, 30, 120 MHz, 3996 MHz, 0 %, 0 %
2026/09/22 01:04:00.724, 3, 176.23 W, 30, 120 MHz, 3996 MHz, 0 %, 0 %
2026/09/22 01:04:00.724, 4, 182.45 W, 36, 120 MHz, 3996 MHz, 0 %, 0 %
2026/09/22 01:04:00.724, 5, 180.58 W, 35, 120 MHz, 3996 MHz, 0 %, 0 %
2026/09/22 01:04:00.724, 6, 179.39 W, 30, 120 MHz, 3996 MHz, 0 %, 0 %
2026/09/22 01:04:00.724, 7, 181.54 W, 30, 120 MHz, 3996 MHz, 0 %, 0 %
2026/09/22 01:04:01.724, 0, 177.44 W, 35, 120 MHz, 3996 MHz, 0 %, 0 %
2026/09/22 01:04:01.724, 1, 180.91 W, 36, 120 MHz, 3996 MHz, 0 %, 0 %
2026/09/22 01:04:01.724, 2, 174.71 W, 30, 120 MHz, 3996 MHz, 0 %, 0 %
2026/09/22 01:04:01.724, 3, 176.23 W, 30, 120 MHz, 3996 MHz, 0 %, 0 %
2026/09/22 01:04:01.724, 4, 182.37 W, 36, 120 MHz, 3996 MHz, 0 %, 0 %
2026/09/22 01:04:01.724, 5, 180.43 W, 35, 120 MHz, 3996 MHz, 0 %, 0 %
2026/09/22 01:04:01.724, 6, 179.47 W, 30, 120 MHz, 3996 MHz, 0 %, 0 %
2026/09/22 01:04:01.724, 7, 181.54 W, 30, 120 MHz, 3996 MHz, 0 %, 0 %
2026/09/22 01:04:02.724, 0, 177.52 W, 35, 120 MHz, 3996 MHz, 0 %, 0 %
2026/09/22 01:04:02.724, 1, 180.73 W, 36, 120 MHz, 3996 MHz, 0 %, 0 %
2026/09/22 01:04:02.724, 2, 174.50 W, 30, 120 MHz, 3996 MHz, 0 %, 0 %
2026/09/22 01:04:02.724, 3, 176.23 W, 30, 120 MHz, 3996 MHz, 0 %, 0 %
2026/09/22 01:04:02.724, 4, 182.14 W, 36, 120 MHz, 3996 MHz, 0 %, 0 %
2026/09/22 01:04:02.724, 5, 180.48 W, 35, 120 MHz, 3996 MHz, 0 %, 0 %
2026/09/22 01:04:02.724, 6, 179.43 W, 30, 120 MHz, 3996 MHz, 0 %, 0 %
2026/09/22 01:04:02.724, 7, 181.54 W, 30, 120 MHz, 3996 MHz, 0 %, 0 %
2026/09/22 01:04:03.725, 0, 177.59 W, 35, 120 MHz, 3996 MHz, 0 %, 0 %
2026/09/22 01:04:03.725, 1, 180.71 W, 36, 120 MHz, 3996 MHz, 0 %, 0 %
2026/09/22 01:04:03.725, 2, 174.49 W, 30, 120 MHz, 3996 MHz, 0 %, 0 %
2026/09/22 01:04:03.725, 3, 176.23 W, 30, 120 MHz, 3996 MHz, 0 %, 0 %
2026/09/22 01:04:03.725, 4, 182.41 W, 36, 120 MHz, 3996 MHz, 0 %, 0 %
2026/09/22 01:04:03.725, 5, 180.59 W, 35, 120 MHz, 3996 MHz, 0 %, 0 %
2026/09/22 01:04:03.725, 6, 179.39 W, 30, 120 MHz, 3996 MHz, 0 %, 0 %
2026/09/22 01:04:03.725, 7, 181.54 W, 30, 120 MHz, 3996 MHz, 0 %, 0 %
2026/09/22 01:04:04.725, 0, 177.44 W, 35, 120 MHz, 3996 MHz, 0 %, 0 %
2026/09/22 01:04:04.725, 1, 180.75 W, 36, 120 MHz, 3996 MHz, 0 %, 0 %
2026/09/22 01:04:04.725, 2, 174.68 W, 30, 120 MHz, 3996 MHz, 0 %, 0 %
2026/09/22 01:04:04.725, 3, 176.23 W, 30, 120 MHz, 3996 MHz, 0 %, 0 %
2026/09/22 01:04:04.725, 4, 182.41 W, 36, 120 MHz, 3996 MHz, 0 %, 0 %
2026/09/22 01:04:04.725, 5, 180.59 W, 35, 120 MHz, 3996 MHz, 0 %, 0 %
2026/09/22 01:04:04.725, 6, 179.15 W, 30, 120 MHz, 3996 MHz, 0 %, 0 %
2026/09/22 01:04:04.725, 7, 181.54 W, 30, 120 MHz, 3996 MHz, 0 %, 0 %
2026/09/22 01:04:05.725, 0, 177.44 W, 35, 120 MHz, 3996 MHz, 0 %, 0 %
2026/09/22 01:04:05.725, 1, 181.10 W, 36, 120 MHz, 3996 MHz, 0 %, 0 %
2026/09/22 01:04:05.725, 2, 174.56 W, 30, 120 MHz, 3996 MHz, 0 %, 0 %
2026/09/22 01:04:05.725, 3, 176.23 W, 30, 120 MHz, 3996 MHz, 0 %, 0 %
2026/09/22 01:04:05.725, 4, 182.41 W, 36, 120 MHz, 3996 MHz, 0 %, 0 %
2026/09/22 01:04:05.725, 5, 180.58 W, 35, 120 MHz, 3996 MHz, 0 %, 0 %
2026/09/22 01:04:05.725, 6, 179.20 W, 30, 120 MHz, 3996 MHz, 0 %, 0 %
2026/09/22 01:04:05.725, 7, 181.42 W, 30, 120 MHz, 3996 MHz, 0 %, 0 %
2026/09/22 01:04:06.725, 0, 177.44 W, 35, 120 MHz, 3996 MHz, 0 %, 0 %
2026/09/22 01:04:06.725, 1, 180.56 W, 36, 120 MHz, 3996 MHz, 0 %, 0 %
2026/09/22 01:04:06.725, 2, 174.49 W, 30, 120 MHz, 3996 MHz, 0 %, 0 %
2026/09/22 01:04:06.726, 3, 176.23 W, 30, 120 MHz, 3996 MHz, 0 %, 0 %
2026/09/22 01:04:06.726, 4, 182.29 W, 36, 120 MHz, 3996 MHz, 0 %, 0 %
2026/09/22 01:04:06.726, 5, 180.55 W, 34, 120 MHz, 3996 MHz, 0 %, 0 %
2026/09/22 01:04:06.726, 6, 179.43 W, 30, 120 MHz, 3996 MHz, 0 %, 0 %
2026/09/22 01:04:06.726, 7, 181.54 W, 30, 120 MHz, 3996 MHz, 0 %, 0 %
2026/09/22 01:04:07.726, 0, 177.44 W, 35, 120 MHz, 3996 MHz, 0 %, 0 %
2026/09/22 01:04:07.726, 1, 180.27 W, 36, 120 MHz, 3996 MHz, 0 %, 0 %
2026/09/22 01:04:07.726, 2, 174.49 W, 30, 120 MHz, 3996 MHz, 0 %, 0 %
2026/09/22 01:04:07.726, 3, 176.23 W, 30, 120 MHz, 3996 MHz, 0 %, 0 %
2026/09/22 01:04:07.726, 4, 182.18 W, 36, 120 MHz, 3996 MHz, 0 %, 0 %
2026/09/22 01:04:07.726, 5, 180.21 W, 34, 120 MHz, 3996 MHz, 0 %, 0 %
2026/09/22 01:04:07.726, 6, 179.20 W, 30, 120 MHz, 3996 MHz, 0 %, 0 %
2026/09/22 01:04:07.726, 7, 181.50 W, 30, 120 MHz, 3996 MHz, 0 %, 0 %
2026/09/22 01:04:08.726, 0, 177.44 W, 35, 120 MHz, 3996 MHz, 0 %, 0 %
2026/09/22 01:04:08.726, 1, 180.46 W, 36, 120 MHz, 3996 MHz, 0 %, 0 %
2026/09/22 01:04:08.726, 2, 174.45 W, 30, 120 MHz, 3996 MHz, 0 %, 0 %
2026/09/22 01:04:08.726, 3, 176.23 W, 30, 120 MHz, 3996 MHz, 0 %, 0 %
2026/09/22 01:04:08.726, 4, 182.29 W, 36, 120 MHz, 3996 MHz, 0 %, 0 %
2026/09/22 01:04:08.726, 5, 180.51 W, 34, 120 MHz, 3996 MHz, 0 %, 0 %
2026/09/22 01:04:08.726, 6, 179.39 W, 30, 120 MHz, 3996 MHz, 0 %, 0 %
2026/09/22 01:04:08.726, 7, 181.50 W, 30, 120 MHz, 3996 MHz, 0 %, 0 %
2026/09/22 01:04:09.726, 0, 177.44 W, 35, 120 MHz, 3996 MHz, 0 %, 0 %
2026/09/22 01:04:09.726, 1, 180.60 W, 36, 120 MHz, 3996 MHz, 0 %, 0 %
2026/09/22 01:04:09.726, 2, 174.45 W, 30, 120 MHz, 3996 MHz, 0 %, 0 %
2026/09/22 01:04:09.726, 3, 176.23 W, 30, 120 MHz, 3996 MHz, 0 %, 0 %
2026/09/22 01:04:09.726, 4, 181.94 W, 36, 120 MHz, 3996 MHz, 0 %, 0 %
2026/09/22 01:04:09.726, 5, 180.24 W, 34, 120 MHz, 3996 MHz, 0 %, 0 %
2026/09/22 01:04:09.726, 6, 179.35 W, 30, 120 MHz, 3996 MHz, 0 %, 0 %
2026/09/22 01:04:09.726, 7, 181.50 W, 30, 120 MHz, 3996 MHz, 0 %, 0 %
2026/09/22 01:04:10.727, 0, 177.51 W, 35, 120 MHz, 3996 MHz, 0 %, 0 %
2026/09/22 01:04:10.727, 1, 180.30 W, 36, 120 MHz, 3996 MHz, 0 %, 0 %
2026/09/22 01:04:10.727, 2, 174.53 W, 30, 120 MHz, 3996 MHz, 0 %, 0 %
2026/09/22 01:04:10.727, 3, 176.23 W, 30, 120 MHz, 3996 MHz, 0 %, 0 %
2026/09/22 01:04:10.727, 4, 182.18 W, 36, 120 MHz, 3996 MHz, 0 %, 0 %
2026/09/22 01:04:10.727, 5, 180.24 W, 34, 120 MHz, 3996 MHz, 0 %, 0 %
2026/09/22 01:04:10.727, 6, 179.39 W, 30, 120 MHz, 3996 MHz, 0 %, 0 %
2026/09/22 01:04:10.727, 7, 181.54 W, 30, 120 MHz, 3996 MHz, 0 %, 0 %
2026/09/22 01:04:11.727, 0, 177.48 W, 35, 120 MHz, 3996 MHz, 0 %, 0 %
2026/09/22 01:04:11.727, 1, 180.42 W, 36, 120 MHz, 3996 MHz, 0 %, 0 %
2026/09/22 01:04:11.727, 2, 174.33 W, 30, 120 MHz, 3996 MHz, 0 %, 0 %
2026/09/22 01:04:11.727, 3, 176.23 W, 30, 120 MHz, 3996 MHz, 0 %, 0 %
2026/09/22 01:04:11.727, 4, 182.10 W, 36, 120 MHz, 3996 MHz, 0 %, 0 %
2026/09/22 01:04:11.727, 5, 180.40 W, 34, 120 MHz, 3996 MHz, 0 %, 0 %
2026/09/22 01:04:11.727, 6, 179.12 W, 30, 120 MHz, 3996 MHz, 0 %, 0 %
2026/09/22 01:04:11.727, 7, 181.42 W, 30, 120 MHz, 3996 MHz, 0 %, 0 %
2026/09/22 01:04:12.727, 0, 177.48 W, 35, 120 MHz, 3996 MHz, 0 %, 0 %
2026/09/22 01:04:12.727, 1, 180.28 W, 36, 120 MHz, 3996 MHz, 0 %, 0 %
2026/09/22 01:04:12.727, 2, 174.33 W, 30, 120 MHz, 3996 MHz, 0 %, 0 %
2026/09/22 01:04:12.727, 3, 176.23 W, 30, 120 MHz, 3996 MHz, 0 %, 0 %
2026/09/22 01:04:12.727, 4, 182.29 W, 36, 120 MHz, 3996 MHz, 0 %, 0 %
2026/09/22 01:04:12.727, 5, 180.19 W, 34, 120 MHz, 3996 MHz, 0 %, 0 %
2026/09/22 01:04:12.727, 6, 179.01 W, 30, 120 MHz, 3996 MHz, 0 %, 0 %
2026/09/22 01:04:12.727, 7, 181.54 W, 30, 120 MHz, 3996 MHz, 0 %, 0 %
2026/09/22 01:04:13.727, 0, 177.40 W, 35, 120 MHz, 3996 MHz, 0 %, 0 %
2026/09/22 01:04:13.727, 1, 180.38 W, 36, 120 MHz, 3996 MHz, 0 %, 0 %
2026/09/22 01:04:13.727, 2, 174.34 W, 30, 120 MHz, 3996 MHz, 0 %, 0 %
2026/09/22 01:04:13.727, 3, 176.23 W, 30, 120 MHz, 3996 MHz, 0 %, 0 %
2026/09/22 01:04:13.727, 4, 181.94 W, 36, 120 MHz, 3996 MHz, 0 %, 0 %
2026/09/22 01:04:13.728, 5, 180.24 W, 34, 120 MHz, 3996 MHz, 0 %, 0 %
2026/09/22 01:04:13.728, 6, 179.08 W, 30, 120 MHz, 3996 MHz, 0 %, 0 %
2026/09/22 01:04:13.728, 7, 181.42 W, 30, 120 MHz, 3996 MHz, 0 %, 0 %
2026/09/22 01:04:14.728, 0, 177.40 W, 35, 120 MHz, 3996 MHz, 0 %, 0 %
2026/09/22 01:04:14.728, 1, 180.19 W, 36, 120 MHz, 3996 MHz, 0 %, 0 %
2026/09/22 01:04:14.728, 2, 174.56 W, 29, 120 MHz, 3996 MHz, 0 %, 0 %
2026/09/22 01:04:14.728, 3, 176.23 W, 30, 120 MHz, 3996 MHz, 0 %, 0 %
2026/09/22 01:04:14.728, 4, 182.07 W, 36, 120 MHz, 3996 MHz, 0 %, 0 %
2026/09/22 01:04:14.728, 5, 180.24 W, 34, 120 MHz, 3996 MHz, 0 %, 0 %
2026/09/22 01:04:14.728, 6, 179.09 W, 30, 120 MHz, 3996 MHz, 0 %, 0 %
2026/09/22 01:04:14.728, 7, 181.54 W, 30, 120 MHz, 3996 MHz, 0 %, 0 %
2026/09/22 01:04:15.728, 0, 177.40 W, 35, 120 MHz, 3996 MHz, 0 %, 0 %
2026/09/22 01:04:15.728, 1, 180.04 W, 36, 120 MHz, 3996 MHz, 0 %, 0 %
2026/09/22 01:04:15.728, 2, 174.45 W, 29, 120 MHz, 3996 MHz, 0 %, 0 %
2026/09/22 01:04:15.728, 3, 176.23 W, 30, 120 MHz, 3996 MHz, 0 %, 0 %
2026/09/22 01:04:15.728, 4, 182.18 W, 36, 120 MHz, 3996 MHz, 0 %, 0 %
2026/09/22 01:04:15.728, 5, 180.23 W, 34, 120 MHz, 3996 MHz, 0 %, 0 %
2026/09/22 01:04:15.728, 6, 179.23 W, 30, 120 MHz, 3996 MHz, 0 %, 0 %
2026/09/22 01:04:15.728, 7, 181.50 W, 30, 120 MHz, 3996 MHz, 0 %, 0 %
2026/09/22 01:04:16.728, 0, 177.44 W, 35, 120 MHz, 3996 MHz, 0 %, 0 %
2026/09/22 01:04:16.728, 1, 180.13 W, 36, 120 MHz, 3996 MHz, 0 %, 0 %
2026/09/22 01:04:16.728, 2, 174.37 W, 29, 120 MHz, 3996 MHz, 0 %, 0 %
2026/09/22 01:04:16.728, 3, 176.23 W, 30, 120 MHz, 3996 MHz, 0 %, 0 %
2026/09/22 01:04:16.728, 4, 182.02 W, 36, 120 MHz, 3996 MHz, 0 %, 0 %
2026/09/22 01:04:16.728, 5, 180.01 W, 34, 120 MHz, 3996 MHz, 0 %, 0 %
2026/09/22 01:04:16.728, 6, 179.39 W, 30, 120 MHz, 3996 MHz, 0 %, 0 %
2026/09/22 01:04:16.728, 7, 181.50 W, 30, 120 MHz, 3996 MHz, 0 %, 0 %
2026/09/22 01:04:17.729, 0, 177.40 W, 34, 120 MHz, 3996 MHz, 0 %, 0 %
2026/09/22 01:04:17.729, 1, 180.13 W, 36, 120 MHz, 3996 MHz, 0 %, 0 %
2026/09/22 01:04:17.729, 2, 174.33 W, 29, 120 MHz, 3996 MHz, 0 %, 0 %
2026/09/22 01:04:17.729, 3, 176.23 W, 30, 120 MHz, 3996 MHz, 0 %, 0 %
2026/09/22 01:04:17.729, 4, 181.71 W, 36, 120 MHz, 3996 MHz, 0 %, 0 %
2026/09/22 01:04:17.729, 5, 179.94 W, 34, 120 MHz, 3996 MHz, 0 %, 0 %
2026/09/22 01:04:17.729, 6, 179.27 W, 30, 120 MHz, 3996 MHz, 0 %, 0 %
2026/09/22 01:04:17.729, 7, 181.42 W, 30, 120 MHz, 3996 MHz, 0 %, 0 %
2026/09/22 01:04:18.729, 0, 177.40 W, 34, 120 MHz, 3996 MHz, 0 %, 0 %
2026/09/22 01:04:18.729, 1, 180.00 W, 36, 120 MHz, 3996 MHz, 0 %, 0 %
2026/09/22 01:04:18.729, 2, 174.33 W, 29, 120 MHz, 3996 MHz, 0 %, 0 %
2026/09/22 01:04:18.729, 3, 176.23 W, 30, 120 MHz, 3996 MHz, 0 %, 0 %
2026/09/22 01:04:18.729, 4, 181.91 W, 36, 120 MHz, 3996 MHz, 0 %, 0 %
2026/09/22 01:04:18.729, 5, 180.00 W, 34, 120 MHz, 3996 MHz, 0 %, 0 %
2026/09/22 01:04:18.729, 6, 179.12 W, 30, 120 MHz, 3996 MHz, 0 %, 0 %
2026/09/22 01:04:18.729, 7, 181.54 W, 30, 120 MHz, 3996 MHz, 0 %, 0 %
2026/09/22 01:04:19.729, 0, 177.40 W, 34, 120 MHz, 3996 MHz, 0 %, 0 %
2026/09/22 01:04:19.729, 1, 179.92 W, 36, 120 MHz, 3996 MHz, 0 %, 0 %
2026/09/22 01:04:19.729, 2, 174.30 W, 29, 120 MHz, 3996 MHz, 0 %, 0 %
2026/09/22 01:04:19.729, 3, 176.23 W, 30, 120 MHz, 3996 MHz, 0 %, 0 %
2026/09/22 01:04:19.729, 4, 181.42 W, 36, 120 MHz, 3996 MHz, 0 %, 0 %
2026/09/22 01:04:19.729, 5, 179.80 W, 34, 120 MHz, 3996 MHz, 0 %, 0 %
2026/09/22 01:04:19.729, 6, 179.09 W, 30, 120 MHz, 3996 MHz, 0 %, 0 %
2026/09/22 01:04:19.729, 7, 181.54 W, 30, 120 MHz, 3996 MHz, 0 %, 0 %
2026/09/22 01:04:20.729, 0, 177.40 W, 34, 120 MHz, 3996 MHz, 0 %, 0 %
2026/09/22 01:04:20.730, 1, 179.93 W, 36, 120 MHz, 3996 MHz, 0 %, 0 %
2026/09/22 01:04:20.730, 2, 174.30 W, 29, 120 MHz, 3996 MHz, 0 %, 0 %
2026/09/22 01:04:20.730, 3, 176.23 W, 30, 120 MHz, 3996 MHz, 0 %, 0 %
2026/09/22 01:04:20.730, 4, 181.75 W, 36, 120 MHz, 3996 MHz, 0 %, 0 %
2026/09/22 01:04:20.730, 5, 179.96 W, 34, 120 MHz, 3996 MHz, 0 %, 0 %
2026/09/22 01:04:20.730, 6, 179.03 W, 30, 120 MHz, 3996 MHz, 0 %, 0 %
2026/09/22 01:04:20.730, 7, 181.54 W, 30, 120 MHz, 3996 MHz, 0 %, 0 %
2026/09/22 01:04:21.730, 0, 177.40 W, 34, 120 MHz, 3996 MHz, 0 %, 0 %
2026/09/22 01:04:21.730, 1, 179.88 W, 36, 120 MHz, 3996 MHz, 0 %, 0 %
2026/09/22 01:04:21.730, 2, 174.34 W, 29, 120 MHz, 3996 MHz, 0 %, 0 %
2026/09/22 01:04:21.730, 3, 176.23 W, 30, 120 MHz, 3996 MHz, 0 %, 0 %
2026/09/22 01:04:21.730, 4, 181.75 W, 36, 120 MHz, 3996 MHz, 0 %, 0 %
2026/09/22 01:04:21.730, 5, 179.78 W, 34, 120 MHz, 3996 MHz, 0 %, 0 %
2026/09/22 01:04:21.730, 6, 179.28 W, 30, 120 MHz, 3996 MHz, 0 %, 0 %
2026/09/22 01:04:21.730, 7, 181.50 W, 30, 120 MHz, 3996 MHz, 0 %, 0 %
2026/09/22 01:04:22.730, 0, 177.40 W, 34, 120 MHz, 3996 MHz, 0 %, 0 %
2026/09/22 01:04:22.730, 1, 179.81 W, 36, 120 MHz, 3996 MHz, 0 %, 0 %
2026/09/22 01:04:22.730, 2, 174.29 W, 29, 120 MHz, 3996 MHz, 0 %, 0 %
2026/09/22 01:04:22.730, 3, 176.23 W, 30, 120 MHz, 3996 MHz, 0 %, 0 %
2026/09/22 01:04:22.730, 4, 181.92 W, 36, 120 MHz, 3996 MHz, 0 %, 0 %
2026/09/22 01:04:22.730, 5, 179.81 W, 34, 120 MHz, 3996 MHz, 0 %, 0 %
2026/09/22 01:04:22.730, 6, 179.11 W, 30, 120 MHz, 3996 MHz, 0 %, 0 %
2026/09/22 01:04:22.730, 7, 181.46 W, 30, 120 MHz, 3996 MHz, 0 %, 0 %
2026/09/22 01:04:23.730, 0, 177.40 W, 34, 120 MHz, 3996 MHz, 0 %, 0 %
2026/09/22 01:04:23.731, 1, 179.69 W, 36, 120 MHz, 3996 MHz, 0 %, 0 %
2026/09/22 01:04:23.731, 2, 174.34 W, 29, 120 MHz, 3996 MHz, 0 %, 0 %
2026/09/22 01:04:23.731, 3, 176.23 W, 30, 120 MHz, 3996 MHz, 0 %, 0 %
2026/09/22 01:04:23.731, 4, 181.71 W, 36, 120 MHz, 3996 MHz, 0 %, 0 %
2026/09/22 01:04:23.731, 5, 179.59 W, 34, 120 MHz, 3996 MHz, 0 %, 0 %
2026/09/22 01:04:23.731, 6, 179.32 W, 30, 120 MHz, 3996 MHz, 0 %, 0 %
2026/09/22 01:04:23.731, 7, 181.46 W, 30, 120 MHz, 3996 MHz, 0 %, 0 %
2026/09/22 01:04:24.731, 0, 177.40 W, 34, 120 MHz, 3996 MHz, 0 %, 0 %
2026/09/22 01:04:24.731, 1, 179.70 W, 36, 120 MHz, 3996 MHz, 0 %, 0 %
2026/09/22 01:04:24.731, 2, 174.37 W, 29, 120 MHz, 3996 MHz, 0 %, 0 %
2026/09/22 01:04:24.731, 3, 176.23 W, 29, 120 MHz, 3996 MHz, 0 %, 0 %
2026/09/22 01:04:24.731, 4, 181.73 W, 36, 120 MHz, 3996 MHz, 0 %, 0 %
2026/09/22 01:04:24.731, 5, 179.77 W, 34, 120 MHz, 3996 MHz, 0 %, 0 %
2026/09/22 01:04:24.731, 6, 178.96 W, 30, 120 MHz, 3996 MHz, 0 %, 0 %
2026/09/22 01:04:24.731, 7, 181.46 W, 30, 120 MHz, 3996 MHz, 0 %, 0 %
2026/09/22 01:04:25.731, 0, 177.44 W, 34, 120 MHz, 3996 MHz, 0 %, 0 %
2026/09/22 01:04:25.731, 1, 179.70 W, 35, 120 MHz, 3996 MHz, 0 %, 0 %
2026/09/22 01:04:25.731, 2, 174.22 W, 29, 120 MHz, 3996 MHz, 0 %, 0 %
2026/09/22 01:04:25.731, 3, 176.23 W, 29, 120 MHz, 3996 MHz, 0 %, 0 %
2026/09/22 01:04:25.731, 4, 181.28 W, 36, 120 MHz, 3996 MHz, 0 %, 0 %
2026/09/22 01:04:25.731, 5, 179.54 W, 34, 120 MHz, 3996 MHz, 0 %, 0 %
2026/09/22 01:04:25.731, 6, 179.16 W, 30, 120 MHz, 3996 MHz, 0 %, 0 %
2026/09/22 01:04:25.731, 7, 181.54 W, 30, 120 MHz, 3996 MHz, 0 %, 0 %
2026/09/22 01:04:26.731, 0, 177.40 W, 34, 120 MHz, 3996 MHz, 0 %, 0 %
2026/09/22 01:04:26.731, 1, 179.69 W, 35, 120 MHz, 3996 MHz, 0 %, 0 %
2026/09/22 01:04:26.731, 2, 174.26 W, 29, 120 MHz, 3996 MHz, 0 %, 0 %
2026/09/22 01:04:26.731, 3, 176.23 W, 29, 120 MHz, 3996 MHz, 0 %, 0 %
2026/09/22 01:04:26.732, 4, 181.40 W, 36, 120 MHz, 3996 MHz, 0 %, 0 %
2026/09/22 01:04:26.732, 5, 179.44 W, 34, 120 MHz, 3996 MHz, 0 %, 0 %
2026/09/22 01:04:26.732, 6, 179.27 W, 30, 120 MHz, 3996 MHz, 0 %, 0 %
2026/09/22 01:04:26.732, 7, 181.50 W, 30, 120 MHz, 3996 MHz, 0 %, 0 %
2026/09/22 01:04:27.732, 0, 177.40 W, 34, 120 MHz, 3996 MHz, 0 %, 0 %
2026/09/22 01:04:27.732, 1, 179.66 W, 35, 120 MHz, 3996 MHz, 0 %, 0 %
2026/09/22 01:04:27.732, 2, 174.26 W, 29, 120 MHz, 3996 MHz, 0 %, 0 %
2026/09/22 01:04:27.732, 3, 176.23 W, 29, 120 MHz, 3996 MHz, 0 %, 0 %
2026/09/22 01:04:27.732, 4, 181.31 W, 36, 120 MHz, 3996 MHz, 0 %, 0 %
2026/09/22 01:04:27.732, 5, 179.65 W, 34, 120 MHz, 3996 MHz, 0 %, 0 %
2026/09/22 01:04:27.732, 6, 179.12 W, 30, 120 MHz, 3996 MHz, 0 %, 0 %
2026/09/22 01:04:27.732, 7, 181.50 W, 30, 120 MHz, 3996 MHz, 0 %, 0 %
2026/09/22 01:04:28.732, 0, 177.40 W, 34, 120 MHz, 3996 MHz, 0 %, 0 %
2026/09/22 01:04:28.732, 1, 179.54 W, 35, 120 MHz, 3996 MHz, 0 %, 0 %
2026/09/22 01:04:28.732, 2, 174.34 W, 29, 120 MHz, 3996 MHz, 0 %, 0 %
2026/09/22 01:04:28.732, 3, 176.23 W, 29, 120 MHz, 3996 MHz, 0 %, 0 %
2026/09/22 01:04:28.732, 4, 180.93 W, 36, 120 MHz, 3996 MHz, 0 %, 0 %
2026/09/22 01:04:28.732, 5, 179.60 W, 34, 120 MHz, 3996 MHz, 0 %, 0 %
2026/09/22 01:04:28.732, 6, 179.20 W, 30, 120 MHz, 3996 MHz, 0 %, 0 %
2026/09/22 01:04:28.732, 7, 181.50 W, 30, 120 MHz, 3996 MHz, 0 %, 0 %
2026/09/22 01:04:29.732, 0, 177.40 W, 34, 120 MHz, 3996 MHz, 0 %, 0 %
2026/09/22 01:04:29.732, 1, 179.54 W, 35, 120 MHz, 3996 MHz, 0 %, 0 %
2026/09/22 01:04:29.732, 2, 174.26 W, 29, 120 MHz, 3996 MHz, 0 %, 0 %
2026/09/22 01:04:29.732, 3, 176.23 W, 29, 120 MHz, 3996 MHz, 0 %, 0 %
2026/09/22 01:04:29.732, 4, 181.24 W, 35, 120 MHz, 3996 MHz, 0 %, 0 %
2026/09/22 01:04:29.732, 5, 179.33 W, 34, 120 MHz, 3996 MHz, 0 %, 0 %
2026/09/22 01:04:29.732, 6, 179.19 W, 30, 120 MHz, 3996 MHz, 0 %, 0 %
2026/09/22 01:04:29.733, 7, 181.46 W, 30, 120 MHz, 3996 MHz, 0 %, 0 %
2026/09/22 01:04:30.733, 0, 177.40 W, 34, 120 MHz, 3996 MHz, 0 %, 0 %
2026/09/22 01:04:30.733, 1, 179.54 W, 35, 120 MHz, 3996 MHz, 0 %, 0 %
2026/09/22 01:04:30.733, 2, 174.26 W, 29, 120 MHz, 3996 MHz, 0 %, 0 %
2026/09/22 01:04:30.733, 3, 176.23 W, 29, 120 MHz, 3996 MHz, 0 %, 0 %
2026/09/22 01:04:30.733, 4, 181.08 W, 35, 120 MHz, 3996 MHz, 0 %, 0 %
2026/09/22 01:04:30.733, 5, 179.18 W, 34, 120 MHz, 3996 MHz, 0 %, 0 %
2026/09/22 01:04:30.733, 6, 179.24 W, 30, 120 MHz, 3996 MHz, 0 %, 0 %
2026/09/22 01:04:30.733, 7, 181.42 W, 30, 120 MHz, 3996 MHz, 0 %, 0 %
2026/09/22 01:04:31.733, 0, 177.44 W, 34, 120 MHz, 3996 MHz, 0 %, 0 %
2026/09/22 01:04:31.733, 1, 179.66 W, 35, 120 MHz, 3996 MHz, 0 %, 0 %
2026/09/22 01:04:31.733, 2, 174.30 W, 29, 120 MHz, 3996 MHz, 0 %, 0 %
2026/09/22 01:04:31.733, 3, 176.23 W, 29, 120 MHz, 3996 MHz, 0 %, 0 %
2026/09/22 01:04:31.733, 4, 181.08 W, 35, 120 MHz, 3996 MHz, 0 %, 0 %
2026/09/22 01:04:31.733, 5, 179.44 W, 34, 120 MHz, 3996 MHz, 0 %, 0 %
2026/09/22 01:04:31.733, 6, 179.04 W, 30, 120 MHz, 3996 MHz, 0 %, 0 %
2026/09/22 01:04:31.733, 7, 181.50 W, 30, 120 MHz, 3996 MHz, 0 %, 0 %
2026/09/22 01:04:32.733, 0, 177.40 W, 34, 120 MHz, 3996 MHz, 0 %, 0 %
2026/09/22 01:04:32.733, 1, 179.42 W, 35, 120 MHz, 3996 MHz, 0 %, 0 %
2026/09/22 01:04:32.733, 2, 174.37 W, 29, 120 MHz, 3996 MHz, 0 %, 0 %
2026/09/22 01:04:32.733, 3, 176.23 W, 29, 120 MHz, 3996 MHz, 0 %, 0 %
2026/09/22 01:04:32.733, 4, 181.00 W, 35, 120 MHz, 3996 MHz, 0 %, 0 %
2026/09/22 01:04:32.733, 5, 179.11 W, 34, 120 MHz, 3996 MHz, 0 %, 0 %
2026/09/22 01:04:32.733, 6, 179.01 W, 30, 120 MHz, 3996 MHz, 0 %, 0 %
2026/09/22 01:04:32.733, 7, 181.38 W, 30, 120 MHz, 3996 MHz, 0 %, 0 %
2026/09/22 01:04:33.734, 0, 177.40 W, 34, 120 MHz, 3996 MHz, 0 %, 0 %
2026/09/22 01:04:33.734, 1, 179.50 W, 35, 120 MHz, 3996 MHz, 0 %, 0 %
2026/09/22 01:04:33.734, 2, 174.29 W, 29, 120 MHz, 3996 MHz, 0 %, 0 %
2026/09/22 01:04:33.734, 3, 176.23 W, 29, 120 MHz, 3996 MHz, 0 %, 0 %
2026/09/22 01:04:33.734, 4, 180.89 W, 35, 120 MHz, 3996 MHz, 0 %, 0 %
2026/09/22 01:04:33.734, 5, 179.15 W, 34, 120 MHz, 3996 MHz, 0 %, 0 %
2026/09/22 01:04:33.734, 6, 178.85 W, 30, 120 MHz, 3996 MHz, 0 %, 0 %
2026/09/22 01:04:33.734, 7, 181.50 W, 30, 120 MHz, 3996 MHz, 0 %, 0 %
2026/09/22 01:04:34.734, 0, 177.40 W, 34, 120 MHz, 3996 MHz, 0 %, 0 %
2026/09/22 01:04:34.734, 1, 179.43 W, 35, 120 MHz, 3996 MHz, 0 %, 0 %
2026/09/22 01:04:34.734, 2, 174.22 W, 29, 120 MHz, 3996 MHz, 0 %, 0 %
2026/09/22 01:04:34.734, 3, 176.23 W, 29, 120 MHz, 3996 MHz, 0 %, 0 %
2026/09/22 01:04:34.734, 4, 180.86 W, 35, 120 MHz, 3996 MHz, 0 %, 0 %
2026/09/22 01:04:34.734, 5, 179.19 W, 34, 120 MHz, 3996 MHz, 0 %, 0 %
2026/09/22 01:04:34.734, 6, 179.00 W, 30, 120 MHz, 3996 MHz, 0 %, 0 %
2026/09/22 01:04:34.734, 7, 181.42 W, 30, 120 MHz, 3996 MHz, 0 %, 0 %
2026/09/22 01:04:35.734, 0, 177.40 W, 34, 120 MHz, 3996 MHz, 0 %, 0 %
2026/09/22 01:04:35.734, 1, 179.41 W, 35, 120 MHz, 3996 MHz, 0 %, 0 %
2026/09/22 01:04:35.734, 2, 174.26 W, 29, 120 MHz, 3996 MHz, 0 %, 0 %
2026/09/22 01:04:35.734, 3, 176.23 W, 29, 120 MHz, 3996 MHz, 0 %, 0 %
2026/09/22 01:04:35.734, 4, 180.97 W, 35, 120 MHz, 3996 MHz, 0 %, 0 %
2026/09/22 01:04:35.734, 5, 179.11 W, 34, 120 MHz, 3996 MHz, 0 %, 0 %
2026/09/22 01:04:35.734, 6, 178.97 W, 30, 120 MHz, 3996 MHz, 0 %, 0 %
2026/09/22 01:04:35.734, 7, 181.18 W, 30, 120 MHz, 3996 MHz, 0 %, 0 %
2026/09/22 01:04:36.734, 0, 177.40 W, 34, 120 MHz, 3996 MHz, 0 %, 0 %
2026/09/22 01:04:36.734, 1, 179.35 W, 35, 120 MHz, 3996 MHz, 0 %, 0 %
2026/09/22 01:04:36.734, 2, 174.26 W, 29, 120 MHz, 3996 MHz, 0 %, 0 %
2026/09/22 01:04:36.734, 3, 176.23 W, 29, 120 MHz, 3996 MHz, 0 %, 0 %
2026/09/22 01:04:36.734, 4, 180.85 W, 35, 120 MHz, 3996 MHz, 0 %, 0 %
2026/09/22 01:04:36.734, 5, 178.83 W, 34, 120 MHz, 3996 MHz, 0 %, 0 %
2026/09/22 01:04:36.734, 6, 179.24 W, 30, 120 MHz, 3996 MHz, 0 %, 0 %
2026/09/22 01:04:36.734, 7, 181.46 W, 30, 120 MHz, 3996 MHz, 0 %, 0 %
2026/09/22 01:04:37.735, 0, 177.40 W, 34, 120 MHz, 3996 MHz, 0 %, 0 %
2026/09/22 01:04:37.735, 1, 179.39 W, 35, 120 MHz, 3996 MHz, 0 %, 0 %
2026/09/22 01:04:37.735, 2, 174.22 W, 29, 120 MHz, 3996 MHz, 0 %, 0 %
2026/09/22 01:04:37.735, 3, 176.23 W, 29, 120 MHz, 3996 MHz, 0 %, 0 %
2026/09/22 01:04:37.735, 4, 180.82 W, 35, 120 MHz, 3996 MHz, 0 %, 0 %
2026/09/22 01:04:37.735, 5, 179.15 W, 34, 120 MHz, 3996 MHz, 0 %, 0 %
2026/09/22 01:04:37.735, 6, 178.96 W, 30, 120 MHz, 3996 MHz, 0 %, 0 %
2026/09/22 01:04:37.735, 7, 181.34 W, 30, 120 MHz, 3996 MHz, 0 %, 0 %
2026/09/22 01:04:38.735, 0, 177.40 W, 34, 120 MHz, 3996 MHz, 0 %, 0 %
2026/09/22 01:04:38.735, 1, 179.39 W, 35, 120 MHz, 3996 MHz, 0 %, 0 %
2026/09/22 01:04:38.735, 2, 174.22 W, 29, 120 MHz, 3996 MHz, 0 %, 0 %
2026/09/22 01:04:38.735, 3, 176.23 W, 29, 120 MHz, 3996 MHz, 0 %, 0 %
2026/09/22 01:04:38.735, 4, 180.89 W, 35, 120 MHz, 3996 MHz, 0 %, 0 %
2026/09/22 01:04:38.735, 5, 178.84 W, 34, 120 MHz, 3996 MHz, 0 %, 0 %
2026/09/22 01:04:38.735, 6, 178.59 W, 30, 120 MHz, 3996 MHz, 0 %, 0 %
2026/09/22 01:04:38.735, 7, 181.38 W, 30, 120 MHz, 3996 MHz, 0 %, 0 %
2026/09/22 01:04:39.735, 0, 177.40 W, 34, 120 MHz, 3996 MHz, 0 %, 0 %
2026/09/22 01:04:39.735, 1, 179.39 W, 35, 120 MHz, 3996 MHz, 0 %, 0 %
2026/09/22 01:04:39.735, 2, 174.26 W, 29, 120 MHz, 3996 MHz, 0 %, 0 %
2026/09/22 01:04:39.735, 3, 176.23 W, 29, 120 MHz, 3996 MHz, 0 %, 0 %
2026/09/22 01:04:39.735, 4, 180.96 W, 35, 120 MHz, 3996 MHz, 0 %, 0 %
2026/09/22 01:04:39.735, 5, 179.06 W, 34, 120 MHz, 3996 MHz, 0 %, 0 %
2026/09/22 01:04:39.735, 6, 179.00 W, 30, 120 MHz, 3996 MHz, 0 %, 0 %
2026/09/22 01:04:39.735, 7, 181.30 W, 30, 120 MHz, 3996 MHz, 0 %, 0 %
2026/09/22 01:04:40.735, 0, 177.40 W, 34, 120 MHz, 3996 MHz, 0 %, 0 %
2026/09/22 01:04:40.735, 1, 179.39 W, 35, 120 MHz, 3996 MHz, 0 %, 0 %
2026/09/22 01:04:40.736, 2, 174.22 W, 29, 120 MHz, 3996 MHz, 0 %, 0 %
2026/09/22 01:04:40.736, 3, 176.23 W, 29, 120 MHz, 3996 MHz, 0 %, 0 %
2026/09/22 01:04:40.736, 4, 180.81 W, 35, 120 MHz, 3996 MHz, 0 %, 0 %
2026/09/22 01:04:40.736, 5, 179.22 W, 34, 120 MHz, 3996 MHz, 0 %, 0 %
2026/09/22 01:04:40.736, 6, 179.05 W, 30, 120 MHz, 3996 MHz, 0 %, 0 %
2026/09/22 01:04:40.736, 7, 181.38 W, 30, 120 MHz, 3996 MHz, 0 %, 0 %
2026/09/22 01:04:41.736, 0, 177.40 W, 34, 120 MHz, 3996 MHz, 0 %, 0 %
2026/09/22 01:04:41.736, 1, 179.42 W, 35, 120 MHz, 3996 MHz, 0 %, 0 %
2026/09/22 01:04:41.736, 2, 174.29 W, 29, 120 MHz, 3996 MHz, 0 %, 0 %
2026/09/22 01:04:41.736, 3, 176.23 W, 29, 120 MHz, 3996 MHz, 0 %, 0 %
2026/09/22 01:04:41.736, 4, 180.93 W, 35, 120 MHz, 3996 MHz, 0 %, 0 %
2026/09/22 01:04:41.736, 5, 178.91 W, 34, 120 MHz, 3996 MHz, 0 %, 0 %
2026/09/22 01:04:41.736, 6, 179.19 W, 30, 120 MHz, 3996 MHz, 0 %, 0 %
2026/09/22 01:04:41.736, 7, 181.30 W, 30, 120 MHz, 3996 MHz, 0 %, 0 %
2026/09/22 01:04:42.736, 0, 177.40 W, 34, 120 MHz, 3996 MHz, 0 %, 0 %
2026/09/22 01:04:42.736, 1, 179.39 W, 35, 120 MHz, 3996 MHz, 0 %, 0 %
2026/09/22 01:04:42.736, 2, 174.26 W, 29, 120 MHz, 3996 MHz, 0 %, 0 %
2026/09/22 01:04:42.736, 3, 176.23 W, 29, 120 MHz, 3996 MHz, 0 %, 0 %
2026/09/22 01:04:42.736, 4, 180.85 W, 35, 120 MHz, 3996 MHz, 0 %, 0 %
2026/09/22 01:04:42.736, 5, 178.87 W, 34, 120 MHz, 3996 MHz, 0 %, 0 %
2026/09/22 01:04:42.736, 6, 179.01 W, 30, 120 MHz, 3996 MHz, 0 %, 0 %
2026/09/22 01:04:42.736, 7, 181.22 W, 30, 120 MHz, 3996 MHz, 0 %, 0 %
2026/09/22 01:04:43.736, 0, 177.40 W, 34, 120 MHz, 3996 MHz, 0 %, 0 %
2026/09/22 01:04:43.736, 1, 179.35 W, 35, 120 MHz, 3996 MHz, 0 %, 0 %
2026/09/22 01:04:43.736, 2, 174.30 W, 29, 120 MHz, 3996 MHz, 0 %, 0 %
2026/09/22 01:04:43.736, 3, 176.23 W, 29, 120 MHz, 3996 MHz, 0 %, 0 %
2026/09/22 01:04:43.736, 4, 180.89 W, 35, 120 MHz, 3996 MHz, 0 %, 0 %
2026/09/22 01:04:43.736, 5, 179.10 W, 34, 120 MHz, 3996 MHz, 0 %, 0 %
2026/09/22 01:04:43.736, 6, 179.19 W, 30, 120 MHz, 3996 MHz, 0 %, 0 %
2026/09/22 01:04:43.736, 7, 181.50 W, 30, 120 MHz, 3996 MHz, 0 %, 0 %
2026/09/22 01:04:44.737, 0, 177.40 W, 34, 120 MHz, 3996 MHz, 0 %, 0 %
2026/09/22 01:04:44.737, 1, 179.42 W, 35, 120 MHz, 3996 MHz, 0 %, 0 %
2026/09/22 01:04:44.737, 2, 174.22 W, 29, 120 MHz, 3996 MHz, 0 %, 0 %
2026/09/22 01:04:44.737, 3, 176.23 W, 29, 120 MHz, 3996 MHz, 0 %, 0 %
2026/09/22 01:04:44.737, 4, 180.85 W, 35, 120 MHz, 3996 MHz, 0 %, 0 %
2026/09/22 01:04:44.737, 5, 178.99 W, 34, 120 MHz, 3996 MHz, 0 %, 0 %
2026/09/22 01:04:44.737, 6, 179.12 W, 30, 120 MHz, 3996 MHz, 0 %, 0 %
2026/09/22 01:04:44.737, 7, 181.38 W, 30, 120 MHz, 3996 MHz, 0 %, 0 %
2026/09/22 01:04:45.737, 0, 177.40 W, 34, 120 MHz, 3996 MHz, 0 %, 0 %
2026/09/22 01:04:45.737, 1, 179.35 W, 35, 120 MHz, 3996 MHz, 0 %, 0 %
2026/09/22 01:04:45.737, 2, 174.22 W, 29, 120 MHz, 3996 MHz, 0 %, 0 %
2026/09/22 01:04:45.737, 3, 176.23 W, 29, 120 MHz, 3996 MHz, 0 %, 0 %
2026/09/22 01:04:45.737, 4, 180.85 W, 35, 120 MHz, 3996 MHz, 0 %, 0 %
2026/09/22 01:04:45.737, 5, 178.95 W, 34, 120 MHz, 3996 MHz, 0 %, 0 %
2026/09/22 01:04:45.737, 6, 178.84 W, 30, 120 MHz, 3996 MHz, 0 %, 0 %
2026/09/22 01:04:45.737, 7, 181.46 W, 30, 120 MHz, 3996 MHz, 0 %, 0 %
2026/09/22 01:04:46.737, 0, 177.40 W, 34, 120 MHz, 3996 MHz, 0 %, 0 %
2026/09/22 01:04:46.737, 1, 179.39 W, 35, 120 MHz, 3996 MHz, 0 %, 0 %
2026/09/22 01:04:46.737, 2, 174.37 W, 29, 120 MHz, 3996 MHz, 0 %, 0 %
2026/09/22 01:04:46.737, 3, 218.95 W, 30, 2032 MHz, 3996 MHz, 0 %, 0 %
2026/09/22 01:04:46.737, 4, 181.05 W, 35, 120 MHz, 3996 MHz, 0 %, 0 %
2026/09/22 01:04:46.737, 5, 178.95 W, 34, 120 MHz, 3996 MHz, 0 %, 0 %
2026/09/22 01:04:46.737, 6, 179.15 W, 30, 120 MHz, 3996 MHz, 0 %, 0 %
2026/09/22 01:04:46.737, 7, 181.38 W, 30, 120 MHz, 3996 MHz, 0 %, 0 %
2026/09/22 01:04:47.737, 0, 177.40 W, 34, 120 MHz, 3996 MHz, 0 %, 0 %
2026/09/22 01:04:47.737, 1, 179.42 W, 35, 120 MHz, 3996 MHz, 0 %, 0 %
2026/09/22 01:04:47.737, 2, 174.45 W, 29, 120 MHz, 3996 MHz, 0 %, 0 %
2026/09/22 01:04:47.737, 3, 230.15 W, 30, 2032 MHz, 3996 MHz, 0 %, 0 %
2026/09/22 01:04:47.737, 4, 180.89 W, 35, 120 MHz, 3996 MHz, 0 %, 0 %
2026/09/22 01:04:47.737, 5, 179.03 W, 34, 120 MHz, 3996 MHz, 0 %, 0 %
2026/09/22 01:04:47.737, 6, 178.85 W, 30, 120 MHz, 3996 MHz, 0 %, 0 %
2026/09/22 01:04:47.737, 7, 181.50 W, 30, 120 MHz, 3996 MHz, 0 %, 0 %
2026/09/22 01:04:48.738, 0, 177.40 W, 34, 120 MHz, 3996 MHz, 0 %, 0 %
2026/09/22 01:04:48.738, 1, 179.43 W, 35, 120 MHz, 3996 MHz, 0 %, 0 %
2026/09/22 01:04:48.738, 2, 174.45 W, 29, 120 MHz, 3996 MHz, 0 %, 0 %
2026/09/22 01:04:48.738, 3, 230.23 W, 31, 2032 MHz, 3996 MHz, 0 %, 0 %
2026/09/22 01:04:48.738, 4, 180.82 W, 35, 120 MHz, 3996 MHz, 0 %, 0 %
2026/09/22 01:04:48.738, 5, 178.96 W, 34, 120 MHz, 3996 MHz, 0 %, 0 %
2026/09/22 01:04:48.738, 6, 178.92 W, 30, 120 MHz, 3996 MHz, 0 %, 0 %
2026/09/22 01:04:48.738, 7, 181.38 W, 30, 120 MHz, 3996 MHz, 0 %, 0 %
2026/09/22 01:04:49.738, 0, 177.40 W, 34, 120 MHz, 3996 MHz, 0 %, 0 %
2026/09/22 01:04:49.738, 1, 179.35 W, 35, 120 MHz, 3996 MHz, 0 %, 0 %
2026/09/22 01:04:49.738, 2, 174.46 W, 29, 120 MHz, 3996 MHz, 0 %, 0 %
2026/09/22 01:04:49.738, 3, 230.12 W, 31, 2032 MHz, 3996 MHz, 0 %, 0 %
2026/09/22 01:04:49.738, 4, 181.19 W, 35, 120 MHz, 3996 MHz, 0 %, 0 %
2026/09/22 01:04:49.738, 5, 178.72 W, 34, 120 MHz, 3996 MHz, 0 %, 0 %
2026/09/22 01:04:49.738, 6, 179.19 W, 30, 120 MHz, 3996 MHz, 0 %, 0 %
2026/09/22 01:04:49.738, 7, 181.38 W, 30, 120 MHz, 3996 MHz, 0 %, 0 %
2026/09/22 01:04:50.738, 0, 177.40 W, 34, 120 MHz, 3996 MHz, 0 %, 0 %
2026/09/22 01:04:50.738, 1, 179.39 W, 35, 120 MHz, 3996 MHz, 0 %, 0 %
2026/09/22 01:04:50.738, 2, 174.33 W, 29, 120 MHz, 3996 MHz, 0 %, 0 %
2026/09/22 01:04:50.738, 3, 230.31 W, 31, 2032 MHz, 3996 MHz, 0 %, 0 %
2026/09/22 01:04:50.738, 4, 180.93 W, 35, 120 MHz, 3996 MHz, 0 %, 0 %
2026/09/22 01:04:50.738, 5, 178.79 W, 34, 120 MHz, 3996 MHz, 0 %, 0 %
2026/09/22 01:04:50.738, 6, 178.89 W, 30, 120 MHz, 3996 MHz, 0 %, 0 %
2026/09/22 01:04:50.738, 7, 181.30 W, 30, 120 MHz, 3996 MHz, 0 %, 0 %
2026/09/22 01:04:51.738, 0, 177.40 W, 34, 120 MHz, 3996 MHz, 0 %, 0 %
2026/09/22 01:04:51.738, 1, 179.39 W, 35, 120 MHz, 3996 MHz, 0 %, 0 %
2026/09/22 01:04:51.738, 2, 174.22 W, 29, 120 MHz, 3996 MHz, 0 %, 0 %
2026/09/22 01:04:51.738, 3, 230.31 W, 31, 2032 MHz, 3996 MHz, 0 %, 0 %
2026/09/22 01:04:51.738, 4, 180.93 W, 35, 120 MHz, 3996 MHz, 0 %, 0 %
2026/09/22 01:04:51.738, 5, 178.80 W, 34, 120 MHz, 3996 MHz, 0 %, 0 %
2026/09/22 01:04:51.738, 6, 179.01 W, 30, 120 MHz, 3996 MHz, 0 %, 0 %
2026/09/22 01:04:51.738, 7, 181.23 W, 30, 120 MHz, 3996 MHz, 0 %, 0 %
2026/09/22 01:04:52.739, 0, 177.40 W, 34, 120 MHz, 3996 MHz, 0 %, 0 %
2026/09/22 01:04:52.739, 1, 179.35 W, 35, 120 MHz, 3996 MHz, 0 %, 0 %
2026/09/22 01:04:52.739, 2, 174.30 W, 29, 120 MHz, 3996 MHz, 0 %, 0 %
2026/09/22 01:04:52.739, 3, 230.30 W, 31, 2032 MHz, 3996 MHz, 0 %, 0 %
2026/09/22 01:04:52.739, 4, 180.78 W, 35, 120 MHz, 3996 MHz, 0 %, 0 %
2026/09/22 01:04:52.739, 5, 178.72 W, 34, 120 MHz, 3996 MHz, 0 %, 0 %
2026/09/22 01:04:52.739, 6, 179.12 W, 30, 120 MHz, 3996 MHz, 0 %, 0 %
2026/09/22 01:04:52.739, 7, 181.38 W, 30, 120 MHz, 3996 MHz, 0 %, 0 %
2026/09/22 01:04:53.739, 0, 177.40 W, 34, 120 MHz, 3996 MHz, 0 %, 0 %
2026/09/22 01:04:53.739, 1, 179.42 W, 35, 120 MHz, 3996 MHz, 0 %, 0 %
2026/09/22 01:04:53.739, 2, 174.37 W, 29, 120 MHz, 3996 MHz, 0 %, 0 %
2026/09/22 01:04:53.739, 3, 230.30 W, 31, 2032 MHz, 3996 MHz, 0 %, 0 %
2026/09/22 01:04:53.739, 4, 180.74 W, 35, 120 MHz, 3996 MHz, 0 %, 0 %
2026/09/22 01:04:53.739, 5, 178.87 W, 34, 120 MHz, 3996 MHz, 0 %, 0 %
2026/09/22 01:04:53.739, 6, 178.88 W, 30, 120 MHz, 3996 MHz, 0 %, 0 %
2026/09/22 01:04:53.739, 7, 181.42 W, 30, 120 MHz, 3996 MHz, 0 %, 0 %
2026/09/22 01:04:54.739, 0, 177.33 W, 34, 120 MHz, 3996 MHz, 0 %, 0 %
2026/09/22 01:04:54.739, 1, 215.79 W, 36, 2032 MHz, 3996 MHz, 0 %, 0 %
2026/09/22 01:04:54.739, 2, 174.38 W, 29, 120 MHz, 3996 MHz, 0 %, 0 %
2026/09/22 01:04:54.739, 3, 230.30 W, 31, 2032 MHz, 3996 MHz, 0 %, 0 %
2026/09/22 01:04:54.739, 4, 180.89 W, 35, 120 MHz, 3996 MHz, 0 %, 0 %
2026/09/22 01:04:54.739, 5, 178.80 W, 34, 120 MHz, 3996 MHz, 0 %, 0 %
2026/09/22 01:04:54.739, 6, 178.84 W, 30, 120 MHz, 3996 MHz, 0 %, 0 %
2026/09/22 01:04:54.739, 7, 181.42 W, 30, 120 MHz, 3996 MHz, 0 %, 0 %
2026/09/22 01:04:55.739, 0, 177.28 W, 34, 120 MHz, 3996 MHz, 0 %, 0 %
2026/09/22 01:04:55.739, 1, 235.73 W, 36, 2032 MHz, 3996 MHz, 0 %, 0 %
2026/09/22 01:04:55.739, 2, 174.56 W, 29, 120 MHz, 3996 MHz, 0 %, 0 %
2026/09/22 01:04:55.739, 3, 230.27 W, 31, 2032 MHz, 3996 MHz, 0 %, 0 %
2026/09/22 01:04:55.739, 4, 180.70 W, 35, 120 MHz, 3996 MHz, 0 %, 0 %
2026/09/22 01:04:55.740, 5, 178.84 W, 34, 120 MHz, 3996 MHz, 0 %, 0 %
2026/09/22 01:04:55.740, 6, 179.15 W, 30, 120 MHz, 3996 MHz, 0 %, 0 %
2026/09/22 01:04:55.740, 7, 181.26 W, 30, 120 MHz, 3996 MHz, 0 %, 0 %
2026/09/22 01:04:56.740, 0, 177.28 W, 34, 120 MHz, 3996 MHz, 0 %, 0 %
2026/09/22 01:04:56.740, 1, 235.73 W, 36, 2032 MHz, 3996 MHz, 0 %, 0 %
2026/09/22 01:04:56.740, 2, 174.37 W, 29, 120 MHz, 3996 MHz, 0 %, 0 %
2026/09/22 01:04:56.740, 3, 230.31 W, 31, 2032 MHz, 3996 MHz, 0 %, 0 %
2026/09/22 01:04:56.740, 4, 180.82 W, 35, 120 MHz, 3996 MHz, 0 %, 0 %
2026/09/22 01:04:56.740, 5, 178.91 W, 34, 120 MHz, 3996 MHz, 0 %, 0 %
2026/09/22 01:04:56.740, 6, 178.97 W, 30, 120 MHz, 3996 MHz, 0 %, 0 %
2026/09/22 01:04:56.740, 7, 181.38 W, 30, 120 MHz, 3996 MHz, 0 %, 0 %
2026/09/22 01:04:57.740, 0, 177.28 W, 34, 120 MHz, 3996 MHz, 0 %, 0 %
2026/09/22 01:04:57.740, 1, 235.73 W, 36, 2032 MHz, 3996 MHz, 0 %, 0 %
2026/09/22 01:04:57.740, 2, 174.30 W, 29, 120 MHz, 3996 MHz, 0 %, 0 %
2026/09/22 01:04:57.740, 3, 230.31 W, 31, 2032 MHz, 3996 MHz, 0 %, 0 %
2026/09/22 01:04:57.740, 4, 180.89 W, 35, 120 MHz, 3996 MHz, 0 %, 0 %
2026/09/22 01:04:57.740, 5, 178.72 W, 34, 120 MHz, 3996 MHz, 0 %, 0 %
2026/09/22 01:04:57.740, 6, 179.01 W, 30, 120 MHz, 3996 MHz, 0 %, 0 %
2026/09/22 01:04:57.740, 7, 181.38 W, 30, 120 MHz, 3996 MHz, 0 %, 0 %
2026/09/22 01:04:58.740, 0, 177.28 W, 34, 120 MHz, 3996 MHz, 0 %, 0 %
2026/09/22 01:04:58.740, 1, 235.73 W, 36, 2032 MHz, 3996 MHz, 0 %, 0 %
2026/09/22 01:04:58.740, 2, 174.26 W, 29, 120 MHz, 3996 MHz, 0 %, 0 %
2026/09/22 01:04:58.740, 3, 230.31 W, 31, 2032 MHz, 3996 MHz, 0 %, 0 %
2026/09/22 01:04:58.740, 4, 180.89 W, 35, 120 MHz, 3996 MHz, 0 %, 0 %
2026/09/22 01:04:58.740, 5, 178.91 W, 34, 120 MHz, 3996 MHz, 0 %, 0 %
2026/09/22 01:04:58.740, 6, 179.23 W, 30, 120 MHz, 3996 MHz, 0 %, 0 %
2026/09/22 01:04:58.740, 7, 181.38 W, 30, 120 MHz, 3996 MHz, 0 %, 0 %
2026/09/22 01:04:59.741, 0, 177.28 W, 34, 120 MHz, 3996 MHz, 0 %, 0 %
2026/09/22 01:04:59.741, 1, 235.73 W, 36, 2032 MHz, 3996 MHz, 0 %, 0 %
2026/09/22 01:04:59.741, 2, 191.15 W, 30, 2032 MHz, 3996 MHz, 0 %, 0 %
2026/09/22 01:04:59.741, 3, 230.25 W, 31, 2032 MHz, 3996 MHz, 0 %, 0 %
2026/09/22 01:04:59.741, 4, 180.89 W, 35, 120 MHz, 3996 MHz, 0 %, 0 %
2026/09/22 01:04:59.741, 5, 178.83 W, 34, 120 MHz, 3996 MHz, 0 %, 0 %
2026/09/22 01:04:59.741, 6, 178.93 W, 30, 120 MHz, 3996 MHz, 0 %, 0 %
2026/09/22 01:04:59.741, 7, 181.46 W, 30, 120 MHz, 3996 MHz, 0 %, 0 %
2026/09/22 01:05:00.741, 0, 177.28 W, 34, 120 MHz, 3996 MHz, 0 %, 0 %
2026/09/22 01:05:00.741, 1, 235.73 W, 36, 2032 MHz, 3996 MHz, 0 %, 0 %
2026/09/22 01:05:00.741, 2, 227.15 W, 30, 2032 MHz, 3996 MHz, 0 %, 0 %
2026/09/22 01:05:00.741, 3, 230.16 W, 31, 2032 MHz, 3996 MHz, 0 %, 0 %
2026/09/22 01:05:00.741, 4, 180.89 W, 35, 120 MHz, 3996 MHz, 0 %, 0 %
2026/09/22 01:05:00.741, 5, 178.80 W, 34, 120 MHz, 3996 MHz, 0 %, 0 %
2026/09/22 01:05:00.741, 6, 178.88 W, 30, 120 MHz, 3996 MHz, 0 %, 0 %
2026/09/22 01:05:00.741, 7, 181.42 W, 30, 120 MHz, 3996 MHz, 0 %, 0 %
2026/09/22 01:05:01.741, 0, 199.86 W, 35, 2032 MHz, 3996 MHz, 0 %, 0 %
2026/09/22 01:05:01.741, 1, 235.66 W, 36, 2032 MHz, 3996 MHz, 0 %, 0 %
2026/09/22 01:05:01.741, 2, 227.62 W, 30, 2032 MHz, 3996 MHz, 0 %, 0 %
2026/09/22 01:05:01.741, 3, 230.16 W, 31, 2032 MHz, 3996 MHz, 0 %, 0 %
2026/09/22 01:05:01.741, 4, 180.70 W, 35, 120 MHz, 3996 MHz, 0 %, 0 %
2026/09/22 01:05:01.741, 5, 178.95 W, 34, 120 MHz, 3996 MHz, 0 %, 0 %
2026/09/22 01:05:01.741, 6, 178.97 W, 30, 120 MHz, 3996 MHz, 0 %, 0 %
2026/09/22 01:05:01.741, 7, 181.34 W, 30, 120 MHz, 3996 MHz, 0 %, 0 %
2026/09/22 01:05:02.741, 0, 231.68 W, 35, 2032 MHz, 3996 MHz, 0 %, 0 %
2026/09/22 01:05:02.741, 1, 235.57 W, 37, 2032 MHz, 3996 MHz, 0 %, 0 %
2026/09/22 01:05:02.741, 2, 227.57 W, 30, 2032 MHz, 3996 MHz, 0 %, 0 %
2026/09/22 01:05:02.741, 3, 230.16 W, 31, 2032 MHz, 3996 MHz, 0 %, 0 %
2026/09/22 01:05:02.741, 4, 181.05 W, 35, 120 MHz, 3996 MHz, 0 %, 0 %
2026/09/22 01:05:02.741, 5, 179.02 W, 34, 120 MHz, 3996 MHz, 0 %, 0 %
2026/09/22 01:05:02.742, 6, 179.15 W, 30, 120 MHz, 3996 MHz, 0 %, 0 %
2026/09/22 01:05:02.742, 7, 181.34 W, 30, 120 MHz, 3996 MHz, 0 %, 0 %
2026/09/22 01:05:03.742, 0, 231.66 W, 35, 2032 MHz, 3996 MHz, 0 %, 0 %
2026/09/22 01:05:03.742, 1, 235.57 W, 37, 2032 MHz, 3996 MHz, 0 %, 0 %
2026/09/22 01:05:03.742, 2, 227.73 W, 31, 2032 MHz, 3996 MHz, 0 %, 0 %
2026/09/22 01:05:03.742, 3, 230.15 W, 31, 2032 MHz, 3996 MHz, 0 %, 0 %
2026/09/22 01:05:03.742, 4, 181.04 W, 35, 120 MHz, 3996 MHz, 0 %, 0 %
2026/09/22 01:05:03.742, 5, 179.10 W, 34, 120 MHz, 3996 MHz, 0 %, 0 %
2026/09/22 01:05:03.742, 6, 178.92 W, 30, 120 MHz, 3996 MHz, 0 %, 0 %
2026/09/22 01:05:03.742, 7, 181.42 W, 30, 120 MHz, 3996 MHz, 0 %, 0 %
2026/09/22 01:05:04.742, 0, 231.66 W, 35, 2032 MHz, 3996 MHz, 0 %, 0 %
2026/09/22 01:05:04.742, 1, 235.57 W, 37, 2032 MHz, 3996 MHz, 0 %, 0 %
2026/09/22 01:05:04.742, 2, 227.88 W, 31, 2032 MHz, 3996 MHz, 0 %, 0 %
2026/09/22 01:05:04.742, 3, 230.16 W, 31, 2032 MHz, 3996 MHz, 0 %, 0 %
2026/09/22 01:05:04.742, 4, 180.89 W, 35, 120 MHz, 3996 MHz, 0 %, 0 %
2026/09/22 01:05:04.742, 5, 178.84 W, 34, 120 MHz, 3996 MHz, 0 %, 0 %
2026/09/22 01:05:04.742, 6, 178.88 W, 30, 120 MHz, 3996 MHz, 0 %, 0 %
2026/09/22 01:05:04.742, 7, 181.38 W, 30, 120 MHz, 3996 MHz, 0 %, 0 %
2026/09/22 01:05:05.742, 0, 231.65 W, 35, 2032 MHz, 3996 MHz, 0 %, 0 %
2026/09/22 01:05:05.742, 1, 235.57 W, 37, 2032 MHz, 3996 MHz, 0 %, 0 %
2026/09/22 01:05:05.742, 2, 228.03 W, 31, 2032 MHz, 3996 MHz, 0 %, 0 %
2026/09/22 01:05:05.742, 3, 230.16 W, 31, 2032 MHz, 3996 MHz, 0 %, 0 %
2026/09/22 01:05:05.742, 4, 180.70 W, 35, 120 MHz, 3996 MHz, 0 %, 0 %
2026/09/22 01:05:05.742, 5, 179.13 W, 34, 120 MHz, 3996 MHz, 0 %, 0 %
2026/09/22 01:05:05.742, 6, 179.08 W, 30, 120 MHz, 3996 MHz, 0 %, 0 %
2026/09/22 01:05:05.742, 7, 181.30 W, 30, 120 MHz, 3996 MHz, 0 %, 0 %
2026/09/22 01:05:06.743, 0, 231.67 W, 35, 2032 MHz, 3996 MHz, 0 %, 0 %
2026/09/22 01:05:06.743, 1, 235.57 W, 37, 2032 MHz, 3996 MHz, 0 %, 0 %
2026/09/22 01:05:06.743, 2, 228.03 W, 31, 2032 MHz, 3996 MHz, 0 %, 0 %
2026/09/22 01:05:06.743, 3, 230.16 W, 31, 2032 MHz, 3996 MHz, 0 %, 0 %
2026/09/22 01:05:06.743, 4, 181.01 W, 35, 120 MHz, 3996 MHz, 0 %, 0 %
2026/09/22 01:05:06.743, 5, 178.88 W, 34, 120 MHz, 3996 MHz, 0 %, 0 %
2026/09/22 01:05:06.743, 6, 179.00 W, 30, 120 MHz, 3996 MHz, 0 %, 0 %
2026/09/22 01:05:06.743, 7, 181.38 W, 30, 120 MHz, 3996 MHz, 0 %, 0 %
2026/09/22 01:05:07.743, 0, 231.90 W, 35, 2032 MHz, 3996 MHz, 0 %, 0 %
2026/09/22 01:05:07.743, 1, 235.61 W, 37, 2032 MHz, 3996 MHz, 0 %, 0 %
2026/09/22 01:05:07.743, 2, 227.99 W, 31, 2032 MHz, 3996 MHz, 0 %, 0 %
2026/09/22 01:05:07.743, 3, 230.15 W, 31, 2032 MHz, 3996 MHz, 0 %, 0 %
2026/09/22 01:05:07.743, 4, 181.12 W, 35, 120 MHz, 3996 MHz, 0 %, 0 %
2026/09/22 01:05:07.743, 5, 179.07 W, 34, 120 MHz, 3996 MHz, 0 %, 0 %
2026/09/22 01:05:07.743, 6, 179.09 W, 30, 120 MHz, 3996 MHz, 0 %, 0 %
2026/09/22 01:05:07.743, 7, 181.38 W, 30, 120 MHz, 3996 MHz, 0 %, 0 %
2026/09/22 01:05:08.743, 0, 232.13 W, 35, 2032 MHz, 3996 MHz, 0 %, 0 %
2026/09/22 01:05:08.743, 1, 235.84 W, 37, 2032 MHz, 3996 MHz, 0 %, 0 %
2026/09/22 01:05:08.743, 2, 228.07 W, 31, 2032 MHz, 3996 MHz, 0 %, 0 %
2026/09/22 01:05:08.743, 3, 230.19 W, 31, 2032 MHz, 3996 MHz, 0 %, 0 %
2026/09/22 01:05:08.743, 4, 181.09 W, 35, 120 MHz, 3996 MHz, 0 %, 0 %
2026/09/22 01:05:08.743, 5, 178.87 W, 34, 120 MHz, 3996 MHz, 0 %, 0 %
2026/09/22 01:05:08.743, 6, 179.04 W, 30, 120 MHz, 3996 MHz, 0 %, 0 %
2026/09/22 01:05:08.743, 7, 181.46 W, 30, 120 MHz, 3996 MHz, 0 %, 0 %
2026/09/22 01:05:09.743, 0, 231.73 W, 36, 2032 MHz, 3996 MHz, 0 %, 0 %
2026/09/22 01:05:09.743, 1, 235.57 W, 37, 2032 MHz, 3996 MHz, 0 %, 0 %
2026/09/22 01:05:09.743, 2, 228.03 W, 31, 2032 MHz, 3996 MHz, 0 %, 0 %
2026/09/22 01:05:09.743, 3, 230.16 W, 31, 2032 MHz, 3996 MHz, 0 %, 0 %
2026/09/22 01:05:09.743, 4, 180.74 W, 35, 120 MHz, 3996 MHz, 0 %, 0 %
2026/09/22 01:05:09.743, 5, 178.91 W, 34, 120 MHz, 3996 MHz, 0 %, 0 %
2026/09/22 01:05:09.743, 6, 178.96 W, 30, 120 MHz, 3996 MHz, 0 %, 0 %
2026/09/22 01:05:09.743, 7, 181.42 W, 30, 120 MHz, 3996 MHz, 0 %, 0 %
2026/09/22 01:05:10.744, 0, 231.70 W, 36, 2032 MHz, 3996 MHz, 0 %, 0 %
2026/09/22 01:05:10.744, 1, 235.57 W, 37, 2032 MHz, 3996 MHz, 0 %, 0 %
2026/09/22 01:05:10.744, 2, 228.07 W, 31, 2032 MHz, 3996 MHz, 0 %, 0 %
2026/09/22 01:05:10.744, 3, 230.16 W, 31, 2032 MHz, 3996 MHz, 0 %, 0 %
2026/09/22 01:05:10.744, 4, 180.85 W, 35, 120 MHz, 3996 MHz, 0 %, 0 %
2026/09/22 01:05:10.744, 5, 178.99 W, 34, 120 MHz, 3996 MHz, 0 %, 0 %
2026/09/22 01:05:10.744, 6, 179.01 W, 30, 120 MHz, 3996 MHz, 0 %, 0 %
2026/09/22 01:05:10.744, 7, 181.34 W, 30, 120 MHz, 3996 MHz, 0 %, 0 %
2026/09/22 01:05:11.744, 0, 231.67 W, 36, 2032 MHz, 3996 MHz, 0 %, 0 %
2026/09/22 01:05:11.744, 1, 235.57 W, 37, 2032 MHz, 3996 MHz, 0 %, 0 %
2026/09/22 01:05:11.744, 2, 228.07 W, 31, 2032 MHz, 3996 MHz, 0 %, 0 %
2026/09/22 01:05:11.744, 3, 230.16 W, 31, 2032 MHz, 3996 MHz, 0 %, 0 %
2026/09/22 01:05:11.744, 4, 181.05 W, 35, 120 MHz, 3996 MHz, 0 %, 0 %
2026/09/22 01:05:11.744, 5, 178.95 W, 34, 120 MHz, 3996 MHz, 0 %, 0 %
2026/09/22 01:05:11.744, 6, 179.20 W, 30, 120 MHz, 3996 MHz, 0 %, 0 %
2026/09/22 01:05:11.744, 7, 181.42 W, 30, 120 MHz, 3996 MHz, 0 %, 0 %
2026/09/22 01:05:12.744, 0, 231.71 W, 36, 2032 MHz, 3996 MHz, 0 %, 0 %
2026/09/22 01:05:12.744, 1, 235.57 W, 37, 2032 MHz, 3996 MHz, 0 %, 0 %
2026/09/22 01:05:12.744, 2, 228.07 W, 31, 2032 MHz, 3996 MHz, 0 %, 0 %
2026/09/22 01:05:12.744, 3, 230.31 W, 31, 2032 MHz, 3996 MHz, 0 %, 0 %
2026/09/22 01:05:12.744, 4, 180.93 W, 35, 120 MHz, 3996 MHz, 0 %, 0 %
2026/09/22 01:05:12.744, 5, 178.95 W, 34, 120 MHz, 3996 MHz, 0 %, 0 %
2026/09/22 01:05:12.744, 6, 179.08 W, 30, 120 MHz, 3996 MHz, 0 %, 0 %
2026/09/22 01:05:12.744, 7, 181.34 W, 30, 120 MHz, 3996 MHz, 0 %, 0 %
2026/09/22 01:05:13.744, 0, 232.34 W, 36, 2032 MHz, 3996 MHz, 17 %, 0 %
2026/09/22 01:05:13.744, 1, 235.73 W, 37, 2032 MHz, 3996 MHz, 17 %, 0 %
2026/09/22 01:05:13.745, 2, 228.07 W, 31, 2032 MHz, 3996 MHz, 16 %, 0 %
2026/09/22 01:05:13.745, 3, 230.16 W, 31, 2032 MHz, 3996 MHz, 0 %, 0 %
2026/09/22 01:05:13.745, 4, 181.08 W, 35, 120 MHz, 3996 MHz, 0 %, 0 %
2026/09/22 01:05:13.745, 5, 178.87 W, 34, 120 MHz, 3996 MHz, 0 %, 0 %
2026/09/22 01:05:13.745, 6, 178.93 W, 30, 120 MHz, 3996 MHz, 0 %, 0 %
2026/09/22 01:05:13.745, 7, 181.42 W, 30, 120 MHz, 3996 MHz, 0 %, 0 %
2026/09/22 01:05:14.745, 0, 232.64 W, 36, 2032 MHz, 3996 MHz, 0 %, 0 %
2026/09/22 01:05:14.745, 1, 235.72 W, 37, 2032 MHz, 3996 MHz, 0 %, 0 %
2026/09/22 01:05:14.745, 2, 228.22 W, 31, 2032 MHz, 3996 MHz, 0 %, 0 %
2026/09/22 01:05:14.745, 3, 230.76 W, 31, 2032 MHz, 3996 MHz, 12 %, 0 %
2026/09/22 01:05:14.745, 4, 181.01 W, 35, 120 MHz, 3996 MHz, 0 %, 0 %
2026/09/22 01:05:14.745, 5, 178.80 W, 34, 120 MHz, 3996 MHz, 0 %, 0 %
2026/09/22 01:05:14.745, 6, 179.28 W, 30, 120 MHz, 3996 MHz, 0 %, 0 %
2026/09/22 01:05:14.745, 7, 181.30 W, 30, 120 MHz, 3996 MHz, 0 %, 0 %
2026/09/22 01:05:15.745, 0, 231.99 W, 36, 2032 MHz, 3996 MHz, 0 %, 0 %
2026/09/22 01:05:15.745, 1, 235.65 W, 37, 2032 MHz, 3996 MHz, 0 %, 0 %
2026/09/22 01:05:15.745, 2, 228.07 W, 31, 2032 MHz, 3996 MHz, 0 %, 0 %
2026/09/22 01:05:15.745, 3, 230.51 W, 31, 2032 MHz, 3996 MHz, 10 %, 0 %
2026/09/22 01:05:15.745, 4, 180.78 W, 35, 120 MHz, 3996 MHz, 0 %, 0 %
2026/09/22 01:05:15.745, 5, 178.76 W, 34, 120 MHz, 3996 MHz, 0 %, 0 %
2026/09/22 01:05:15.745, 6, 179.23 W, 30, 120 MHz, 3996 MHz, 0 %, 0 %
2026/09/22 01:05:15.745, 7, 181.46 W, 30, 120 MHz, 3996 MHz, 0 %, 0 %
2026/09/22 01:05:16.745, 0, 232.19 W, 36, 2032 MHz, 3996 MHz, 0 %, 0 %
2026/09/22 01:05:16.745, 1, 235.57 W, 37, 2032 MHz, 3996 MHz, 0 %, 0 %
2026/09/22 01:05:16.745, 2, 228.07 W, 31, 2032 MHz, 3996 MHz, 0 %, 0 %
2026/09/22 01:05:16.745, 3, 230.35 W, 31, 2032 MHz, 3996 MHz, 7 %, 0 %
2026/09/22 01:05:16.745, 4, 180.74 W, 35, 120 MHz, 3996 MHz, 0 %, 0 %
2026/09/22 01:05:16.746, 5, 179.03 W, 34, 120 MHz, 3996 MHz, 0 %, 0 %
2026/09/22 01:05:16.746, 6, 179.12 W, 30, 120 MHz, 3996 MHz, 0 %, 0 %
2026/09/22 01:05:16.746, 7, 181.50 W, 30, 120 MHz, 3996 MHz, 0 %, 0 %
2026/09/22 01:05:17.746, 0, 232.20 W, 36, 2032 MHz, 3996 MHz, 0 %, 0 %
2026/09/22 01:05:17.746, 1, 235.57 W, 37, 2032 MHz, 3996 MHz, 0 %, 0 %
2026/09/22 01:05:17.746, 2, 228.07 W, 31, 2032 MHz, 3996 MHz, 0 %, 0 %
2026/09/22 01:05:17.746, 3, 230.19 W, 31, 2032 MHz, 3996 MHz, 0 %, 0 %
2026/09/22 01:05:17.746, 4, 180.82 W, 35, 120 MHz, 3996 MHz, 0 %, 0 %
2026/09/22 01:05:17.746, 5, 178.87 W, 34, 120 MHz, 3996 MHz, 0 %, 0 %
2026/09/22 01:05:17.746, 6, 179.00 W, 30, 120 MHz, 3996 MHz, 0 %, 0 %
2026/09/22 01:05:17.746, 7, 181.46 W, 30, 120 MHz, 3996 MHz, 0 %, 0 %
2026/09/22 01:05:18.746, 0, 233.21 W, 36, 2032 MHz, 3996 MHz, 11 %, 0 %
2026/09/22 01:05:18.746, 1, 236.26 W, 37, 2032 MHz, 3996 MHz, 11 %, 0 %
2026/09/22 01:05:18.746, 2, 228.07 W, 31, 2032 MHz, 3996 MHz, 11 %, 0 %
2026/09/22 01:05:18.746, 3, 230.27 W, 31, 2032 MHz, 3996 MHz, 2 %, 0 %
2026/09/22 01:05:18.746, 4, 180.93 W, 35, 120 MHz, 3996 MHz, 0 %, 0 %
2026/09/22 01:05:18.746, 5, 178.91 W, 34, 120 MHz, 3996 MHz, 0 %, 0 %
2026/09/22 01:05:18.746, 6, 179.31 W, 30, 120 MHz, 3996 MHz, 0 %, 0 %
2026/09/22 01:05:18.746, 7, 181.42 W, 30, 120 MHz, 3996 MHz, 0 %, 0 %
2026/09/22 01:05:19.746, 0, 233.11 W, 36, 2032 MHz, 3996 MHz, 8 %, 0 %
2026/09/22 01:05:19.746, 1, 236.49 W, 37, 2032 MHz, 3996 MHz, 10 %, 0 %
2026/09/22 01:05:19.746, 2, 228.30 W, 31, 2032 MHz, 3996 MHz, 0 %, 0 %
2026/09/22 01:05:19.746, 3, 230.23 W, 31, 2032 MHz, 3996 MHz, 0 %, 0 %
2026/09/22 01:05:19.746, 4, 181.12 W, 35, 120 MHz, 3996 MHz, 0 %, 0 %
2026/09/22 01:05:19.746, 5, 178.84 W, 34, 120 MHz, 3996 MHz, 0 %, 0 %
2026/09/22 01:05:19.746, 6, 179.05 W, 30, 120 MHz, 3996 MHz, 0 %, 0 %
2026/09/22 01:05:19.746, 7, 181.42 W, 30, 120 MHz, 3996 MHz, 0 %, 0 %
2026/09/22 01:05:20.747, 0, 232.94 W, 36, 2032 MHz, 3996 MHz, 1 %, 0 %
2026/09/22 01:05:20.747, 1, 236.62 W, 37, 2032 MHz, 3996 MHz, 7 %, 0 %
2026/09/22 01:05:20.747, 2, 228.07 W, 31, 2032 MHz, 3996 MHz, 0 %, 0 %
2026/09/22 01:05:20.747, 3, 230.35 W, 31, 2032 MHz, 3996 MHz, 10 %, 0 %
2026/09/22 01:05:20.747, 4, 180.97 W, 35, 120 MHz, 3996 MHz, 0 %, 0 %
2026/09/22 01:05:20.747, 5, 178.99 W, 34, 120 MHz, 3996 MHz, 0 %, 0 %
2026/09/22 01:05:20.747, 6, 179.05 W, 30, 120 MHz, 3996 MHz, 0 %, 0 %
2026/09/22 01:05:20.747, 7, 181.54 W, 30, 120 MHz, 3996 MHz, 0 %, 0 %
2026/09/22 01:05:21.747, 0, 233.14 W, 36, 2032 MHz, 3996 MHz, 0 %, 0 %
2026/09/22 01:05:21.747, 1, 236.07 W, 37, 2032 MHz, 3996 MHz, 0 %, 0 %
2026/09/22 01:05:21.747, 2, 228.07 W, 31, 2032 MHz, 3996 MHz, 2 %, 0 %
2026/09/22 01:05:21.747, 3, 230.74 W, 31, 2032 MHz, 3996 MHz, 3 %, 0 %
2026/09/22 01:05:21.747, 4, 181.00 W, 35, 120 MHz, 3996 MHz, 0 %, 0 %
2026/09/22 01:05:21.747, 5, 178.92 W, 34, 120 MHz, 3996 MHz, 0 %, 0 %
2026/09/22 01:05:21.747, 6, 179.07 W, 30, 120 MHz, 3996 MHz, 0 %, 0 %
2026/09/22 01:05:21.747, 7, 181.50 W, 30, 120 MHz, 3996 MHz, 0 %, 0 %
2026/09/22 01:05:22.747, 0, 233.18 W, 36, 2032 MHz, 3996 MHz, 4 %, 0 %
2026/09/22 01:05:22.747, 1, 236.19 W, 37, 2032 MHz, 3996 MHz, 7 %, 0 %
2026/09/22 01:05:22.747, 2, 228.07 W, 31, 2032 MHz, 3996 MHz, 0 %, 0 %
2026/09/22 01:05:22.747, 3, 230.84 W, 31, 2032 MHz, 3996 MHz, 8 %, 0 %
2026/09/22 01:05:22.747, 4, 180.89 W, 35, 120 MHz, 3996 MHz, 0 %, 0 %
2026/09/22 01:05:22.747, 5, 178.87 W, 34, 120 MHz, 3996 MHz, 0 %, 0 %
2026/09/22 01:05:22.747, 6, 179.23 W, 30, 120 MHz, 3996 MHz, 0 %, 0 %
2026/09/22 01:05:22.747, 7, 181.42 W, 30, 120 MHz, 3996 MHz, 0 %, 0 %
2026/09/22 01:05:23.747, 0, 232.81 W, 36, 2032 MHz, 3996 MHz, 3 %, 0 %
2026/09/22 01:05:23.747, 1, 236.08 W, 37, 2032 MHz, 3996 MHz, 0 %, 0 %
2026/09/22 01:05:23.747, 2, 228.30 W, 31, 2032 MHz, 3996 MHz, 7 %, 0 %
2026/09/22 01:05:23.747, 3, 230.77 W, 31, 2032 MHz, 3996 MHz, 6 %, 0 %
2026/09/22 01:05:23.748, 4, 181.01 W, 35, 120 MHz, 3996 MHz, 0 %, 0 %
2026/09/22 01:05:23.748, 5, 179.11 W, 34, 120 MHz, 3996 MHz, 0 %, 0 %
2026/09/22 01:05:23.748, 6, 179.05 W, 30, 120 MHz, 3996 MHz, 0 %, 0 %
2026/09/22 01:05:23.748, 7, 181.46 W, 30, 120 MHz, 3996 MHz, 0 %, 0 %
2026/09/22 01:05:24.748, 0, 233.56 W, 36, 2032 MHz, 3996 MHz, 6 %, 0 %
2026/09/22 01:05:24.748, 1, 235.84 W, 37, 2032 MHz, 3996 MHz, 0 %, 0 %
2026/09/22 01:05:24.748, 2, 228.26 W, 31, 2032 MHz, 3996 MHz, 4 %, 0 %
2026/09/22 01:05:24.748, 3, 230.61 W, 31, 2032 MHz, 3996 MHz, 0 %, 0 %
2026/09/22 01:05:24.748, 4, 181.04 W, 35, 120 MHz, 3996 MHz, 0 %, 0 %
2026/09/22 01:05:24.748, 5, 179.02 W, 34, 120 MHz, 3996 MHz, 0 %, 0 %
2026/09/22 01:05:24.748, 6, 178.80 W, 30, 120 MHz, 3996 MHz, 0 %, 0 %
2026/09/22 01:05:24.748, 7, 181.54 W, 30, 120 MHz, 3996 MHz, 0 %, 0 %
2026/09/22 01:05:25.748, 0, 233.57 W, 36, 2032 MHz, 3996 MHz, 11 %, 0 %
2026/09/22 01:05:25.748, 1, 236.74 W, 37, 2032 MHz, 3996 MHz, 10 %, 0 %
2026/09/22 01:05:25.748, 2, 228.22 W, 31, 2032 MHz, 3996 MHz, 2 %, 0 %
2026/09/22 01:05:25.748, 3, 230.16 W, 31, 2032 MHz, 3996 MHz, 3 %, 0 %
2026/09/22 01:05:25.748, 4, 181.04 W, 35, 120 MHz, 3996 MHz, 0 %, 0 %
2026/09/22 01:05:25.748, 5, 178.95 W, 34, 120 MHz, 3996 MHz, 0 %, 0 %
2026/09/22 01:05:25.748, 6, 178.90 W, 30, 120 MHz, 3996 MHz, 0 %, 0 %
2026/09/22 01:05:25.748, 7, 181.50 W, 30, 120 MHz, 3996 MHz, 0 %, 0 %
2026/09/22 01:05:26.748, 0, 233.52 W, 36, 2032 MHz, 3996 MHz, 4 %, 0 %
2026/09/22 01:05:26.748, 1, 237.05 W, 37, 2032 MHz, 3996 MHz, 6 %, 0 %
2026/09/22 01:05:26.748, 2, 228.46 W, 31, 2032 MHz, 3996 MHz, 6 %, 0 %
2026/09/22 01:05:26.748, 3, 230.58 W, 31, 2032 MHz, 3996 MHz, 3 %, 0 %
2026/09/22 01:05:26.748, 4, 181.05 W, 35, 120 MHz, 3996 MHz, 0 %, 0 %
2026/09/22 01:05:26.748, 5, 178.84 W, 34, 120 MHz, 3996 MHz, 0 %, 0 %
2026/09/22 01:05:26.748, 6, 179.27 W, 30, 120 MHz, 3996 MHz, 0 %, 0 %
2026/09/22 01:05:26.748, 7, 181.54 W, 30, 120 MHz, 3996 MHz, 0 %, 0 %
2026/09/22 01:05:27.749, 0, 233.42 W, 36, 2032 MHz, 3996 MHz, 11 %, 0 %
2026/09/22 01:05:27.749, 1, 236.91 W, 37, 2032 MHz, 3996 MHz, 4 %, 0 %
2026/09/22 01:05:27.749, 2, 228.34 W, 31, 2032 MHz, 3996 MHz, 2 %, 0 %
2026/09/22 01:05:27.749, 3, 230.31 W, 31, 2032 MHz, 3996 MHz, 3 %, 0 %
2026/09/22 01:05:27.749, 4, 180.78 W, 35, 120 MHz, 3996 MHz, 0 %, 0 %
2026/09/22 01:05:27.749, 5, 178.76 W, 34, 120 MHz, 3996 MHz, 0 %, 0 %
2026/09/22 01:05:27.749, 6, 179.05 W, 30, 120 MHz, 3996 MHz, 0 %, 0 %
2026/09/22 01:05:27.749, 7, 181.46 W, 30, 120 MHz, 3996 MHz, 0 %, 0 %
2026/09/22 01:05:28.749, 0, 233.51 W, 36, 2032 MHz, 3996 MHz, 0 %, 0 %
2026/09/22 01:05:28.749, 1, 236.35 W, 37, 2032 MHz, 3996 MHz, 0 %, 0 %
2026/09/22 01:05:28.749, 2, 228.07 W, 31, 2032 MHz, 3996 MHz, 0 %, 0 %
2026/09/22 01:05:28.749, 3, 230.27 W, 31, 2032 MHz, 3996 MHz, 8 %, 0 %
2026/09/22 01:05:28.749, 4, 180.81 W, 35, 120 MHz, 3996 MHz, 0 %, 0 %
2026/09/22 01:05:28.749, 5, 178.88 W, 34, 120 MHz, 3996 MHz, 0 %, 0 %
2026/09/22 01:05:28.749, 6, 179.15 W, 30, 120 MHz, 3996 MHz, 0 %, 0 %
2026/09/22 01:05:28.749, 7, 181.54 W, 30, 120 MHz, 3996 MHz, 0 %, 0 %
2026/09/22 01:05:29.749, 0, 233.43 W, 36, 2032 MHz, 3996 MHz, 2 %, 0 %
2026/09/22 01:05:29.749, 1, 236.72 W, 37, 2032 MHz, 3996 MHz, 12 %, 0 %
2026/09/22 01:05:29.749, 2, 228.11 W, 31, 2032 MHz, 3996 MHz, 1 %, 0 %
2026/09/22 01:05:29.749, 3, 231.01 W, 31, 2032 MHz, 3996 MHz, 6 %, 0 %
2026/09/22 01:05:29.749, 4, 180.93 W, 35, 120 MHz, 3996 MHz, 0 %, 0 %
2026/09/22 01:05:29.749, 5, 178.95 W, 34, 120 MHz, 3996 MHz, 0 %, 0 %
2026/09/22 01:05:29.749, 6, 179.28 W, 30, 120 MHz, 3996 MHz, 0 %, 0 %
2026/09/22 01:05:29.749, 7, 181.42 W, 30, 120 MHz, 3996 MHz, 0 %, 0 %
2026/09/22 01:05:30.749, 0, 233.39 W, 36, 2032 MHz, 3996 MHz, 0 %, 0 %
2026/09/22 01:05:30.749, 1, 236.82 W, 37, 2032 MHz, 3996 MHz, 2 %, 0 %
2026/09/22 01:05:30.749, 2, 228.07 W, 31, 2032 MHz, 3996 MHz, 9 %, 0 %
2026/09/22 01:05:30.749, 3, 230.54 W, 31, 2032 MHz, 3996 MHz, 7 %, 0 %
2026/09/22 01:05:30.750, 4, 181.19 W, 35, 120 MHz, 3996 MHz, 0 %, 0 %
2026/09/22 01:05:30.750, 5, 178.80 W, 34, 120 MHz, 3996 MHz, 0 %, 0 %
2026/09/22 01:05:30.750, 6, 179.12 W, 30, 120 MHz, 3996 MHz, 0 %, 0 %
2026/09/22 01:05:30.750, 7, 181.50 W, 30, 120 MHz, 3996 MHz, 0 %, 0 %
2026/09/22 01:05:31.750, 0, 233.60 W, 36, 2032 MHz, 3996 MHz, 9 %, 0 %
2026/09/22 01:05:31.750, 1, 236.70 W, 37, 2032 MHz, 3996 MHz, 1 %, 0 %
2026/09/22 01:05:31.750, 2, 228.45 W, 31, 2032 MHz, 3996 MHz, 12 %, 0 %
2026/09/22 01:05:31.750, 3, 231.22 W, 31, 2032 MHz, 3996 MHz, 0 %, 0 %
2026/09/22 01:05:31.750, 4, 181.08 W, 35, 120 MHz, 3996 MHz, 0 %, 0 %
2026/09/22 01:05:31.750, 5, 178.91 W, 34, 120 MHz, 3996 MHz, 0 %, 0 %
2026/09/22 01:05:31.750, 6, 179.12 W, 30, 120 MHz, 3996 MHz, 0 %, 0 %
2026/09/22 01:05:31.750, 7, 181.50 W, 30, 120 MHz, 3996 MHz, 0 %, 0 %
2026/09/22 01:05:32.750, 0, 233.60 W, 36, 2032 MHz, 3996 MHz, 9 %, 0 %
2026/09/22 01:05:32.750, 1, 236.18 W, 37, 2032 MHz, 3996 MHz, 0 %, 0 %
2026/09/22 01:05:32.750, 2, 228.45 W, 31, 2032 MHz, 3996 MHz, 0 %, 0 %
2026/09/22 01:05:32.750, 3, 230.61 W, 31, 2032 MHz, 3996 MHz, 3 %, 0 %
2026/09/22 01:05:32.750, 4, 181.01 W, 35, 120 MHz, 3996 MHz, 0 %, 0 %
2026/09/22 01:05:32.750, 5, 179.03 W, 34, 120 MHz, 3996 MHz, 0 %, 0 %
2026/09/22 01:05:32.750, 6, 179.23 W, 30, 120 MHz, 3996 MHz, 0 %, 0 %
2026/09/22 01:05:32.750, 7, 181.42 W, 30, 120 MHz, 3996 MHz, 0 %, 0 %
2026/09/22 01:05:33.750, 0, 233.57 W, 36, 2032 MHz, 3996 MHz, 10 %, 0 %
2026/09/22 01:05:33.750, 1, 236.56 W, 37, 2032 MHz, 3996 MHz, 0 %, 0 %
2026/09/22 01:05:33.750, 2, 228.11 W, 31, 2032 MHz, 3996 MHz, 10 %, 0 %
2026/09/22 01:05:33.750, 3, 230.50 W, 31, 2032 MHz, 3996 MHz, 11 %, 0 %
2026/09/22 01:05:33.750, 4, 180.96 W, 35, 120 MHz, 3996 MHz, 0 %, 0 %
2026/09/22 01:05:33.750, 5, 178.84 W, 34, 120 MHz, 3996 MHz, 0 %, 0 %
2026/09/22 01:05:33.750, 6, 179.12 W, 30, 120 MHz, 3996 MHz, 0 %, 0 %
2026/09/22 01:05:33.750, 7, 181.50 W, 30, 120 MHz, 3996 MHz, 0 %, 0 %
2026/09/22 01:05:34.750, 0, 233.51 W, 36, 2032 MHz, 3996 MHz, 11 %, 0 %
2026/09/22 01:05:34.751, 1, 237.10 W, 37, 2032 MHz, 3996 MHz, 11 %, 0 %
2026/09/22 01:05:34.751, 2, 228.30 W, 31, 2032 MHz, 3996 MHz, 2 %, 0 %
2026/09/22 01:05:34.751, 3, 230.15 W, 31, 2032 MHz, 3996 MHz, 0 %, 0 %
2026/09/22 01:05:34.751, 4, 181.01 W, 35, 120 MHz, 3996 MHz, 0 %, 0 %
2026/09/22 01:05:34.751, 5, 178.87 W, 34, 120 MHz, 3996 MHz, 0 %, 0 %
2026/09/22 01:05:34.751, 6, 179.12 W, 30, 120 MHz, 3996 MHz, 0 %, 0 %
2026/09/22 01:05:34.751, 7, 181.50 W, 30, 120 MHz, 3996 MHz, 0 %, 0 %
2026/09/22 01:05:35.751, 0, 233.57 W, 36, 2032 MHz, 3996 MHz, 9 %, 0 %
2026/09/22 01:05:35.751, 1, 237.13 W, 37, 2032 MHz, 3996 MHz, 11 %, 0 %
2026/09/22 01:05:35.751, 2, 228.15 W, 31, 2032 MHz, 3996 MHz, 1 %, 0 %
2026/09/22 01:05:35.751, 3, 230.57 W, 31, 2032 MHz, 3996 MHz, 3 %, 0 %
2026/09/22 01:05:35.751, 4, 180.93 W, 35, 120 MHz, 3996 MHz, 0 %, 0 %
2026/09/22 01:05:35.751, 5, 178.80 W, 34, 120 MHz, 3996 MHz, 0 %, 0 %
2026/09/22 01:05:35.751, 6, 179.31 W, 30, 120 MHz, 3996 MHz, 0 %, 0 %
2026/09/22 01:05:35.751, 7, 181.50 W, 30, 120 MHz, 3996 MHz, 0 %, 0 %
2026/09/22 01:05:36.751, 0, 233.46 W, 36, 2032 MHz, 3996 MHz, 0 %, 0 %
2026/09/22 01:05:36.751, 1, 237.18 W, 37, 2032 MHz, 3996 MHz, 6 %, 0 %
2026/09/22 01:05:36.751, 2, 228.30 W, 31, 2032 MHz, 3996 MHz, 3 %, 0 %
2026/09/22 01:05:36.751, 3, 231.01 W, 31, 2032 MHz, 3996 MHz, 11 %, 0 %
2026/09/22 01:05:36.751, 4, 181.12 W, 35, 120 MHz, 3996 MHz, 0 %, 0 %
2026/09/22 01:05:36.751, 5, 178.87 W, 34, 120 MHz, 3996 MHz, 0 %, 0 %
2026/09/22 01:05:36.751, 6, 179.01 W, 30, 120 MHz, 3996 MHz, 0 %, 0 %
2026/09/22 01:05:36.751, 7, 181.50 W, 30, 120 MHz, 3996 MHz, 0 %, 0 %
2026/09/22 01:05:37.751, 0, 233.51 W, 36, 2032 MHz, 3996 MHz, 3 %, 0 %
2026/09/22 01:05:37.751, 1, 236.97 W, 37, 2032 MHz, 3996 MHz, 1 %, 0 %
2026/09/22 01:05:37.751, 2, 228.07 W, 31, 2032 MHz, 3996 MHz, 0 %, 0 %
2026/09/22 01:05:37.751, 3, 230.84 W, 31, 2032 MHz, 3996 MHz, 11 %, 0 %
2026/09/22 01:05:37.751, 4, 181.01 W, 35, 120 MHz, 3996 MHz, 0 %, 0 %
2026/09/22 01:05:37.751, 5, 178.98 W, 34, 120 MHz, 3996 MHz, 0 %, 0 %
2026/09/22 01:05:37.752, 6, 179.35 W, 30, 120 MHz, 3996 MHz, 0 %, 0 %
2026/09/22 01:05:37.752, 7, 181.50 W, 30, 120 MHz, 3996 MHz, 0 %, 0 %
2026/09/22 01:05:38.752, 0, 233.60 W, 36, 2032 MHz, 3996 MHz, 6 %, 0 %
2026/09/22 01:05:38.752, 1, 236.53 W, 37, 2032 MHz, 3996 MHz, 0 %, 0 %
2026/09/22 01:05:38.752, 2, 228.15 W, 31, 2032 MHz, 3996 MHz, 11 %, 0 %
2026/09/22 01:05:38.752, 3, 231.45 W, 31, 2032 MHz, 3996 MHz, 7 %, 0 %
2026/09/22 01:05:38.752, 4, 180.93 W, 35, 120 MHz, 3996 MHz, 0 %, 0 %
2026/09/22 01:05:38.752, 5, 178.95 W, 34, 120 MHz, 3996 MHz, 0 %, 0 %
2026/09/22 01:05:38.752, 6, 179.05 W, 30, 120 MHz, 3996 MHz, 0 %, 0 %
2026/09/22 01:05:38.752, 7, 181.46 W, 30, 120 MHz, 3996 MHz, 0 %, 0 %
2026/09/22 01:05:39.752, 0, 233.59 W, 36, 2032 MHz, 3996 MHz, 8 %, 0 %
2026/09/22 01:05:39.752, 1, 236.47 W, 37, 2032 MHz, 3996 MHz, 9 %, 0 %
2026/09/22 01:05:39.752, 2, 228.83 W, 31, 2032 MHz, 3996 MHz, 11 %, 0 %
2026/09/22 01:05:39.752, 3, 230.58 W, 31, 2032 MHz, 3996 MHz, 9 %, 0 %
2026/09/22 01:05:39.752, 4, 181.15 W, 35, 120 MHz, 3996 MHz, 0 %, 0 %
2026/09/22 01:05:39.752, 5, 179.06 W, 34, 120 MHz, 3996 MHz, 0 %, 0 %
2026/09/22 01:05:39.752, 6, 179.31 W, 30, 120 MHz, 3996 MHz, 0 %, 0 %
2026/09/22 01:05:39.752, 7, 181.54 W, 30, 120 MHz, 3996 MHz, 0 %, 0 %
2026/09/22 01:05:40.752, 0, 233.60 W, 36, 2032 MHz, 3996 MHz, 6 %, 0 %
2026/09/22 01:05:40.752, 1, 237.09 W, 37, 2032 MHz, 3996 MHz, 2 %, 0 %
2026/09/22 01:05:40.752, 2, 228.65 W, 31, 2032 MHz, 3996 MHz, 2 %, 0 %
2026/09/22 01:05:40.752, 3, 230.46 W, 31, 2032 MHz, 3996 MHz, 0 %, 0 %
2026/09/22 01:05:40.752, 4, 180.93 W, 35, 120 MHz, 3996 MHz, 0 %, 0 %
2026/09/22 01:05:40.752, 5, 178.84 W, 34, 120 MHz, 3996 MHz, 0 %, 0 %
2026/09/22 01:05:40.752, 6, 179.05 W, 30, 120 MHz, 3996 MHz, 0 %, 0 %
2026/09/22 01:05:40.752, 7, 181.46 W, 30, 120 MHz, 3996 MHz, 0 %, 0 %
2026/09/22 01:05:41.752, 0, 233.59 W, 36, 2032 MHz, 3996 MHz, 8 %, 0 %
2026/09/22 01:05:41.753, 1, 237.02 W, 37, 2032 MHz, 3996 MHz, 7 %, 0 %
2026/09/22 01:05:41.753, 2, 228.64 W, 31, 2032 MHz, 3996 MHz, 4 %, 0 %
2026/09/22 01:05:41.753, 3, 230.23 W, 31, 2032 MHz, 3996 MHz, 6 %, 0 %
2026/09/22 01:05:41.753, 4, 181.01 W, 35, 120 MHz, 3996 MHz, 0 %, 0 %
2026/09/22 01:05:41.753, 5, 178.87 W, 34, 120 MHz, 3996 MHz, 0 %, 0 %
2026/09/22 01:05:41.753, 6, 179.12 W, 30, 120 MHz, 3996 MHz, 0 %, 0 %
2026/09/22 01:05:41.753, 7, 181.54 W, 30, 120 MHz, 3996 MHz, 0 %, 0 %
2026/09/22 01:05:42.753, 0, 233.58 W, 36, 2032 MHz, 3996 MHz, 0 %, 0 %
2026/09/22 01:05:42.753, 1, 237.40 W, 37, 2032 MHz, 3996 MHz, 9 %, 0 %
2026/09/22 01:05:42.753, 2, 228.18 W, 31, 2032 MHz, 3996 MHz, 2 %, 0 %
2026/09/22 01:05:42.753, 3, 230.91 W, 31, 2032 MHz, 3996 MHz, 10 %, 0 %
2026/09/22 01:05:42.753, 4, 181.19 W, 35, 120 MHz, 3996 MHz, 0 %, 0 %
2026/09/22 01:05:42.753, 5, 178.99 W, 34, 120 MHz, 3996 MHz, 0 %, 0 %
2026/09/22 01:05:42.753, 6, 179.32 W, 30, 120 MHz, 3996 MHz, 0 %, 0 %
2026/09/22 01:05:42.753, 7, 181.50 W, 30, 120 MHz, 3996 MHz, 0 %, 0 %
2026/09/22 01:05:43.753, 0, 233.55 W, 36, 2032 MHz, 3996 MHz, 9 %, 0 %
2026/09/22 01:05:43.753, 1, 237.37 W, 38, 2032 MHz, 3996 MHz, 5 %, 0 %
2026/09/22 01:05:43.753, 2, 228.45 W, 31, 2032 MHz, 3996 MHz, 1 %, 0 %
2026/09/22 01:05:43.753, 3, 230.76 W, 31, 2032 MHz, 3996 MHz, 7 %, 0 %
2026/09/22 01:05:43.753, 4, 181.24 W, 35, 120 MHz, 3996 MHz, 0 %, 0 %
2026/09/22 01:05:43.753, 5, 178.91 W, 34, 120 MHz, 3996 MHz, 0 %, 0 %
2026/09/22 01:05:43.753, 6, 179.31 W, 30, 120 MHz, 3996 MHz, 0 %, 0 %
2026/09/22 01:05:43.753, 7, 181.54 W, 30, 120 MHz, 3996 MHz, 0 %, 0 %
2026/09/22 01:05:44.753, 0, 233.58 W, 36, 2032 MHz, 3996 MHz, 0 %, 0 %
2026/09/22 01:05:44.753, 1, 237.33 W, 38, 2032 MHz, 3996 MHz, 8 %, 0 %
2026/09/22 01:05:44.753, 2, 228.11 W, 31, 2032 MHz, 3996 MHz, 0 %, 0 %
2026/09/22 01:05:44.753, 3, 230.74 W, 31, 2032 MHz, 3996 MHz, 2 %, 0 %
2026/09/22 01:05:44.753, 4, 181.13 W, 35, 120 MHz, 3996 MHz, 0 %, 0 %
2026/09/22 01:05:44.754, 5, 178.87 W, 34, 120 MHz, 3996 MHz, 0 %, 0 %
2026/09/22 01:05:44.754, 6, 178.80 W, 30, 120 MHz, 3996 MHz, 0 %, 0 %
2026/09/22 01:05:44.754, 7, 181.50 W, 30, 120 MHz, 3996 MHz, 0 %, 0 %
2026/09/22 01:05:45.754, 0, 233.55 W, 36, 2032 MHz, 3996 MHz, 8 %, 0 %
2026/09/22 01:05:45.754, 1, 237.05 W, 38, 2032 MHz, 3996 MHz, 1 %, 0 %
2026/09/22 01:05:45.754, 2, 228.07 W, 31, 2032 MHz, 3996 MHz, 2 %, 0 %
2026/09/22 01:05:45.754, 3, 230.99 W, 31, 2032 MHz, 3996 MHz, 6 %, 0 %
2026/09/22 01:05:45.754, 4, 180.85 W, 35, 120 MHz, 3996 MHz, 0 %, 0 %
2026/09/22 01:05:45.754, 5, 178.83 W, 34, 120 MHz, 3996 MHz, 0 %, 0 %
2026/09/22 01:05:45.754, 6, 178.78 W, 30, 120 MHz, 3996 MHz, 0 %, 0 %
2026/09/22 01:05:45.754, 7, 181.50 W, 30, 120 MHz, 3996 MHz, 0 %, 0 %
2026/09/22 01:05:46.754, 0, 233.60 W, 36, 2032 MHz, 3996 MHz, 11 %, 0 %
2026/09/22 01:05:46.754, 1, 236.43 W, 38, 2032 MHz, 3996 MHz, 0 %, 0 %
2026/09/22 01:05:46.754, 2, 228.53 W, 31, 2032 MHz, 3996 MHz, 7 %, 0 %
2026/09/22 01:05:46.754, 3, 230.58 W, 31, 2032 MHz, 3996 MHz, 0 %, 0 %
2026/09/22 01:05:46.754, 4, 181.05 W, 35, 120 MHz, 3996 MHz, 0 %, 0 %
2026/09/22 01:05:46.754, 5, 178.95 W, 34, 120 MHz, 3996 MHz, 0 %, 0 %
2026/09/22 01:05:46.754, 6, 178.97 W, 30, 120 MHz, 3996 MHz, 0 %, 0 %
2026/09/22 01:05:46.754, 7, 181.46 W, 30, 120 MHz, 3996 MHz, 0 %, 0 %
2026/09/22 01:05:47.754, 0, 233.57 W, 36, 2032 MHz, 3996 MHz, 3 %, 0 %
2026/09/22 01:05:47.754, 1, 237.37 W, 38, 2032 MHz, 3996 MHz, 2 %, 0 %
2026/09/22 01:05:47.754, 2, 228.45 W, 31, 2032 MHz, 3996 MHz, 6 %, 0 %
2026/09/22 01:05:47.754, 3, 230.88 W, 31, 2032 MHz, 3996 MHz, 2 %, 0 %
2026/09/22 01:05:47.754, 4, 181.00 W, 35, 120 MHz, 3996 MHz, 0 %, 0 %
2026/09/22 01:05:47.754, 5, 179.02 W, 34, 120 MHz, 3996 MHz, 0 %, 0 %
2026/09/22 01:05:47.754, 6, 178.96 W, 30, 120 MHz, 3996 MHz, 0 %, 0 %
2026/09/22 01:05:47.754, 7, 181.42 W, 30, 120 MHz, 3996 MHz, 0 %, 0 %
2026/09/22 01:05:48.755, 0, 233.66 W, 36, 2032 MHz, 3996 MHz, 7 %, 0 %
2026/09/22 01:05:48.755, 1, 237.40 W, 38, 2032 MHz, 3996 MHz, 8 %, 0 %
2026/09/22 01:05:48.755, 2, 228.57 W, 31, 2032 MHz, 3996 MHz, 6 %, 0 %
2026/09/22 01:05:48.755, 3, 230.66 W, 31, 2032 MHz, 3996 MHz, 0 %, 0 %
2026/09/22 01:05:48.755, 4, 181.17 W, 35, 120 MHz, 3996 MHz, 0 %, 0 %
2026/09/22 01:05:48.755, 5, 178.83 W, 34, 120 MHz, 3996 MHz, 0 %, 0 %
2026/09/22 01:05:48.755, 6, 179.09 W, 30, 120 MHz, 3996 MHz, 0 %, 0 %
2026/09/22 01:05:48.755, 7, 181.42 W, 30, 120 MHz, 3996 MHz, 0 %, 0 %
2026/09/22 01:05:49.755, 0, 233.58 W, 36, 2032 MHz, 3996 MHz, 1 %, 0 %
2026/09/22 01:05:49.755, 1, 237.17 W, 38, 2032 MHz, 3996 MHz, 3 %, 0 %
2026/09/22 01:05:49.755, 2, 228.42 W, 31, 2032 MHz, 3996 MHz, 11 %, 0 %
2026/09/22 01:05:49.755, 3, 230.16 W, 31, 2032 MHz, 3996 MHz, 0 %, 0 %
2026/09/22 01:05:49.755, 4, 180.93 W, 35, 120 MHz, 3996 MHz, 0 %, 0 %
2026/09/22 01:05:49.755, 5, 178.99 W, 34, 120 MHz, 3996 MHz, 0 %, 0 %
2026/09/22 01:05:49.755, 6, 179.05 W, 30, 120 MHz, 3996 MHz, 0 %, 0 %
2026/09/22 01:05:49.755, 7, 181.42 W, 30, 120 MHz, 3996 MHz, 0 %, 0 %
2026/09/22 01:05:50.755, 0, 233.53 W, 36, 2032 MHz, 3996 MHz, 0 %, 0 %
2026/09/22 01:05:50.755, 1, 237.40 W, 38, 2032 MHz, 3996 MHz, 8 %, 0 %
2026/09/22 01:05:50.755, 2, 228.45 W, 31, 2032 MHz, 3996 MHz, 2 %, 0 %
2026/09/22 01:05:50.755, 3, 230.70 W, 31, 2032 MHz, 3996 MHz, 5 %, 0 %
2026/09/22 01:05:50.755, 4, 181.38 W, 35, 120 MHz, 3996 MHz, 0 %, 0 %
2026/09/22 01:05:50.755, 5, 178.79 W, 34, 120 MHz, 3996 MHz, 0 %, 0 %
2026/09/22 01:05:50.755, 6, 179.20 W, 30, 120 MHz, 3996 MHz, 0 %, 0 %
2026/09/22 01:05:50.755, 7, 181.38 W, 30, 120 MHz, 3996 MHz, 0 %, 0 %
2026/09/22 01:05:51.755, 0, 233.53 W, 36, 2032 MHz, 3996 MHz, 2 %, 0 %
2026/09/22 01:05:51.755, 1, 237.48 W, 38, 2032 MHz, 3996 MHz, 11 %, 0 %
2026/09/22 01:05:51.755, 2, 228.18 W, 31, 2032 MHz, 3996 MHz, 0 %, 0 %
2026/09/22 01:05:51.755, 3, 230.69 W, 31, 2032 MHz, 3996 MHz, 3 %, 0 %
2026/09/22 01:05:51.756, 4, 181.24 W, 35, 120 MHz, 3996 MHz, 0 %, 0 %
2026/09/22 01:05:51.756, 5, 178.72 W, 34, 120 MHz, 3996 MHz, 0 %, 0 %
2026/09/22 01:05:51.756, 6, 178.96 W, 30, 120 MHz, 3996 MHz, 0 %, 0 %
2026/09/22 01:05:51.756, 7, 181.50 W, 30, 120 MHz, 3996 MHz, 0 %, 0 %
2026/09/22 01:05:52.756, 0, 233.52 W, 36, 2032 MHz, 3996 MHz, 1 %, 0 %
2026/09/22 01:05:52.756, 1, 237.48 W, 38, 2032 MHz, 3996 MHz, 3 %, 0 %
2026/09/22 01:05:52.756, 2, 228.07 W, 31, 2032 MHz, 3996 MHz, 0 %, 0 %
2026/09/22 01:05:52.756, 3, 230.50 W, 31, 2032 MHz, 3996 MHz, 2 %, 0 %
2026/09/22 01:05:52.756, 4, 180.93 W, 35, 120 MHz, 3996 MHz, 0 %, 0 %
2026/09/22 01:05:52.756, 5, 178.83 W, 34, 120 MHz, 3996 MHz, 0 %, 0 %
2026/09/22 01:05:52.756, 6, 179.15 W, 30, 120 MHz, 3996 MHz, 0 %, 0 %
2026/09/22 01:05:52.756, 7, 181.50 W, 30, 120 MHz, 3996 MHz, 0 %, 0 %
2026/09/22 01:05:53.756, 0, 233.54 W, 36, 2032 MHz, 3996 MHz, 4 %, 0 %
2026/09/22 01:05:53.756, 1, 237.40 W, 38, 2032 MHz, 3996 MHz, 0 %, 0 %
2026/09/22 01:05:53.756, 2, 228.07 W, 31, 2032 MHz, 3996 MHz, 5 %, 0 %
2026/09/22 01:05:53.756, 3, 230.54 W, 31, 2032 MHz, 3996 MHz, 7 %, 0 %
2026/09/22 01:05:53.756, 4, 181.35 W, 35, 120 MHz, 3996 MHz, 0 %, 0 %
2026/09/22 01:05:53.756, 5, 178.91 W, 34, 120 MHz, 3996 MHz, 0 %, 0 %
2026/09/22 01:05:53.756, 6, 178.86 W, 30, 120 MHz, 3996 MHz, 0 %, 0 %
2026/09/22 01:05:53.756, 7, 181.50 W, 30, 120 MHz, 3996 MHz, 0 %, 0 %
2026/09/22 01:05:54.756, 0, 233.49 W, 36, 2032 MHz, 3996 MHz, 0 %, 0 %
2026/09/22 01:05:54.756, 1, 236.95 W, 38, 2032 MHz, 3996 MHz, 6 %, 0 %
2026/09/22 01:05:54.756, 2, 228.38 W, 31, 2032 MHz, 3996 MHz, 3 %, 0 %
2026/09/22 01:05:54.756, 3, 231.22 W, 31, 2032 MHz, 3996 MHz, 9 %, 0 %
2026/09/22 01:05:54.756, 4, 181.27 W, 35, 120 MHz, 3996 MHz, 0 %, 0 %
2026/09/22 01:05:54.756, 5, 178.84 W, 34, 120 MHz, 3996 MHz, 0 %, 0 %
2026/09/22 01:05:54.756, 6, 178.90 W, 30, 120 MHz, 3996 MHz, 0 %, 0 %
2026/09/22 01:05:54.756, 7, 181.38 W, 30, 120 MHz, 3996 MHz, 0 %, 0 %
2026/09/22 01:05:55.756, 0, 233.51 W, 36, 2032 MHz, 3996 MHz, 11 %, 0 %
2026/09/22 01:05:55.757, 1, 237.44 W, 38, 2032 MHz, 3996 MHz, 7 %, 0 %
2026/09/22 01:05:55.757, 2, 228.22 W, 31, 2032 MHz, 3996 MHz, 10 %, 0 %
2026/09/22 01:05:55.757, 3, 231.29 W, 31, 2032 MHz, 3996 MHz, 10 %, 0 %
2026/09/22 01:05:55.757, 4, 180.97 W, 35, 120 MHz, 3996 MHz, 0 %, 0 %
2026/09/22 01:05:55.757, 5, 178.80 W, 34, 120 MHz, 3996 MHz, 0 %, 0 %
2026/09/22 01:05:55.757, 6, 178.88 W, 30, 120 MHz, 3996 MHz, 0 %, 0 %
2026/09/22 01:05:55.757, 7, 181.22 W, 30, 120 MHz, 3996 MHz, 0 %, 0 %
2026/09/22 01:05:56.757, 0, 233.59 W, 36, 2032 MHz, 3996 MHz, 3 %, 0 %
2026/09/22 01:05:56.757, 1, 237.52 W, 38, 2032 MHz, 3996 MHz, 9 %, 0 %
2026/09/22 01:05:56.757, 2, 228.15 W, 31, 2032 MHz, 3996 MHz, 1 %, 0 %
2026/09/22 01:05:56.757, 3, 231.20 W, 31, 2032 MHz, 3996 MHz, 12 %, 0 %
2026/09/22 01:05:56.757, 4, 180.90 W, 35, 120 MHz, 3996 MHz, 0 %, 0 %
2026/09/22 01:05:56.757, 5, 178.76 W, 34, 120 MHz, 3996 MHz, 0 %, 0 %
2026/09/22 01:05:56.757, 6, 178.66 W, 30, 120 MHz, 3996 MHz, 0 %, 0 %
2026/09/22 01:05:56.757, 7, 181.42 W, 30, 120 MHz, 3996 MHz, 0 %, 0 %
2026/09/22 01:05:57.757, 0, 233.60 W, 36, 2032 MHz, 3996 MHz, 3 %, 0 %
2026/09/22 01:05:57.757, 1, 237.33 W, 38, 2032 MHz, 3996 MHz, 0 %, 0 %
2026/09/22 01:05:57.757, 2, 228.26 W, 31, 2032 MHz, 3996 MHz, 7 %, 0 %
2026/09/22 01:05:57.757, 3, 231.14 W, 31, 2032 MHz, 3996 MHz, 10 %, 0 %
2026/09/22 01:05:57.757, 4, 181.38 W, 35, 120 MHz, 3996 MHz, 0 %, 0 %
2026/09/22 01:05:57.757, 5, 178.91 W, 34, 120 MHz, 3996 MHz, 0 %, 0 %
2026/09/22 01:05:57.757, 6, 178.65 W, 30, 120 MHz, 3996 MHz, 0 %, 0 %
2026/09/22 01:05:57.757, 7, 181.46 W, 30, 120 MHz, 3996 MHz, 0 %, 0 %
2026/09/22 01:05:58.757, 0, 233.55 W, 36, 2032 MHz, 3996 MHz, 8 %, 0 %
2026/09/22 01:05:58.757, 1, 237.52 W, 38, 2032 MHz, 3996 MHz, 7 %, 0 %
2026/09/22 01:05:58.757, 2, 228.84 W, 31, 2032 MHz, 3996 MHz, 7 %, 0 %
2026/09/22 01:05:58.757, 3, 231.10 W, 31, 2032 MHz, 3996 MHz, 11 %, 0 %
2026/09/22 01:05:58.757, 4, 181.01 W, 35, 120 MHz, 3996 MHz, 0 %, 0 %
2026/09/22 01:05:58.757, 5, 178.72 W, 34, 120 MHz, 3996 MHz, 0 %, 0 %
2026/09/22 01:05:58.758, 6, 178.65 W, 30, 120 MHz, 3996 MHz, 0 %, 0 %
2026/09/22 01:05:58.758, 7, 181.46 W, 30, 120 MHz, 3996 MHz, 0 %, 0 %
2026/09/22 01:05:59.758, 0, 233.66 W, 37, 2032 MHz, 3996 MHz, 10 %, 0 %
2026/09/22 01:05:59.758, 1, 237.52 W, 38, 2032 MHz, 3996 MHz, 2 %, 0 %
2026/09/22 01:05:59.758, 2, 228.83 W, 31, 2032 MHz, 3996 MHz, 6 %, 0 %
2026/09/22 01:05:59.758, 3, 231.20 W, 31, 2032 MHz, 3996 MHz, 11 %, 0 %
2026/09/22 01:05:59.758, 4, 181.05 W, 35, 120 MHz, 3996 MHz, 0 %, 0 %
2026/09/22 01:05:59.758, 5, 179.03 W, 34, 120 MHz, 3996 MHz, 0 %, 0 %
2026/09/22 01:05:59.758, 6, 178.51 W, 30, 120 MHz, 3996 MHz, 0 %, 0 %
2026/09/22 01:05:59.758, 7, 181.38 W, 30, 120 MHz, 3996 MHz, 0 %, 0 %
2026/09/22 01:06:00.758, 0, 233.64 W, 37, 2032 MHz, 3996 MHz, 11 %, 0 %
2026/09/22 01:06:00.758, 1, 237.52 W, 38, 2032 MHz, 3996 MHz, 4 %, 0 %
2026/09/22 01:06:00.758, 2, 228.65 W, 31, 2032 MHz, 3996 MHz, 5 %, 0 %
2026/09/22 01:06:00.758, 3, 231.04 W, 31, 2032 MHz, 3996 MHz, 7 %, 0 %
2026/09/22 01:06:00.758, 4, 181.04 W, 35, 120 MHz, 3996 MHz, 0 %, 0 %
2026/09/22 01:06:00.758, 5, 179.06 W, 34, 120 MHz, 3996 MHz, 0 %, 0 %
2026/09/22 01:06:00.758, 6, 178.70 W, 30, 120 MHz, 3996 MHz, 0 %, 0 %
2026/09/22 01:06:00.758, 7, 181.46 W, 30, 120 MHz, 3996 MHz, 0 %, 0 %
2026/09/22 01:06:01.758, 0, 233.71 W, 37, 2032 MHz, 3996 MHz, 7 %, 0 %
2026/09/22 01:06:01.758, 1, 237.52 W, 38, 2032 MHz, 3996 MHz, 8 %, 0 %
2026/09/22 01:06:01.758, 2, 228.73 W, 31, 2032 MHz, 3996 MHz, 12 %, 0 %
2026/09/22 01:06:01.758, 3, 231.14 W, 31, 2032 MHz, 3996 MHz, 3 %, 0 %
2026/09/22 01:06:01.758, 4, 181.04 W, 35, 120 MHz, 3996 MHz, 0 %, 0 %
2026/09/22 01:06:01.758, 5, 178.95 W, 34, 120 MHz, 3996 MHz, 0 %, 0 %
2026/09/22 01:06:01.758, 6, 179.08 W, 30, 120 MHz, 3996 MHz, 0 %, 0 %
2026/09/22 01:06:01.758, 7, 181.38 W, 30, 120 MHz, 3996 MHz, 0 %, 0 %
2026/09/22 01:06:02.758, 0, 233.53 W, 37, 2032 MHz, 3996 MHz, 3 %, 0 %
2026/09/22 01:06:02.759, 1, 237.52 W, 38, 2032 MHz, 3996 MHz, 11 %, 0 %
2026/09/22 01:06:02.759, 2, 228.90 W, 31, 2032 MHz, 3996 MHz, 11 %, 0 %
2026/09/22 01:06:02.759, 3, 231.16 W, 31, 2032 MHz, 3996 MHz, 9 %, 0 %
2026/09/22 01:06:02.759, 4, 181.16 W, 35, 120 MHz, 3996 MHz, 0 %, 0 %
2026/09/22 01:06:02.759, 5, 178.76 W, 34, 120 MHz, 3996 MHz, 0 %, 0 %
2026/09/22 01:06:02.759, 6, 178.74 W, 30, 120 MHz, 3996 MHz, 0 %, 0 %
2026/09/22 01:06:02.759, 7, 181.50 W, 30, 120 MHz, 3996 MHz, 0 %, 0 %
2026/09/22 01:06:03.759, 0, 233.67 W, 37, 2032 MHz, 3996 MHz, 2 %, 0 %
2026/09/22 01:06:03.759, 1, 237.48 W, 38, 2032 MHz, 3996 MHz, 4 %, 0 %
2026/09/22 01:06:03.759, 2, 228.96 W, 31, 2032 MHz, 3996 MHz, 11 %, 0 %
2026/09/22 01:06:03.759, 3, 231.18 W, 31, 2032 MHz, 3996 MHz, 6 %, 0 %
2026/09/22 01:06:03.759, 4, 180.74 W, 35, 120 MHz, 3996 MHz, 0 %, 0 %
2026/09/22 01:06:03.759, 5, 179.07 W, 34, 120 MHz, 3996 MHz, 0 %, 0 %
2026/09/22 01:06:03.759, 6, 178.76 W, 30, 120 MHz, 3996 MHz, 0 %, 0 %
2026/09/22 01:06:03.759, 7, 181.38 W, 30, 120 MHz, 3996 MHz, 0 %, 0 %
2026/09/22 01:06:04.759, 0, 233.58 W, 37, 2032 MHz, 3996 MHz, 10 %, 0 %
2026/09/22 01:06:04.759, 1, 237.48 W, 38, 2032 MHz, 3996 MHz, 3 %, 0 %
2026/09/22 01:06:04.759, 2, 228.79 W, 31, 2032 MHz, 3996 MHz, 11 %, 0 %
2026/09/22 01:06:04.759, 3, 231.18 W, 31, 2032 MHz, 3996 MHz, 9 %, 0 %
2026/09/22 01:06:04.759, 4, 181.04 W, 35, 120 MHz, 3996 MHz, 0 %, 0 %
2026/09/22 01:06:04.759, 5, 178.91 W, 34, 120 MHz, 3996 MHz, 0 %, 0 %
2026/09/22 01:06:04.759, 6, 178.65 W, 30, 120 MHz, 3996 MHz, 0 %, 0 %
2026/09/22 01:06:04.759, 7, 181.54 W, 30, 120 MHz, 3996 MHz, 0 %, 0 %
2026/09/22 01:06:05.759, 0, 233.90 W, 37, 2032 MHz, 3996 MHz, 10 %, 0 %
2026/09/22 01:06:05.759, 1, 237.52 W, 38, 2032 MHz, 3996 MHz, 3 %, 0 %
2026/09/22 01:06:05.759, 2, 228.94 W, 31, 2032 MHz, 3996 MHz, 11 %, 0 %
2026/09/22 01:06:05.759, 3, 231.22 W, 31, 2032 MHz, 3996 MHz, 7 %, 0 %
2026/09/22 01:06:05.759, 4, 180.97 W, 35, 120 MHz, 3996 MHz, 0 %, 0 %
2026/09/22 01:06:05.759, 5, 178.87 W, 34, 120 MHz, 3996 MHz, 0 %, 0 %
2026/09/22 01:06:05.759, 6, 178.74 W, 30, 120 MHz, 3996 MHz, 0 %, 0 %
2026/09/22 01:06:05.759, 7, 181.38 W, 30, 120 MHz, 3996 MHz, 0 %, 0 %
2026/09/22 01:06:06.760, 0, 233.79 W, 37, 2032 MHz, 3996 MHz, 12 %, 0 %
2026/09/22 01:06:06.760, 1, 237.52 W, 38, 2032 MHz, 3996 MHz, 5 %, 0 %
2026/09/22 01:06:06.760, 2, 228.98 W, 31, 2032 MHz, 3996 MHz, 10 %, 0 %
2026/09/22 01:06:06.760, 3, 231.22 W, 31, 2032 MHz, 3996 MHz, 4 %, 0 %
2026/09/22 01:06:06.760, 4, 181.15 W, 35, 120 MHz, 3996 MHz, 0 %, 0 %
2026/09/22 01:06:06.760, 5, 178.87 W, 34, 120 MHz, 3996 MHz, 0 %, 0 %
2026/09/22 01:06:06.760, 6, 178.92 W, 30, 120 MHz, 3996 MHz, 0 %, 0 %
2026/09/22 01:06:06.760, 7, 181.34 W, 30, 120 MHz, 3996 MHz, 0 %, 0 %
2026/09/22 01:06:07.760, 0, 233.64 W, 37, 2032 MHz, 3996 MHz, 6 %, 0 %
2026/09/22 01:06:07.760, 1, 237.48 W, 38, 2032 MHz, 3996 MHz, 2 %, 0 %
2026/09/22 01:06:07.760, 2, 228.80 W, 31, 2032 MHz, 3996 MHz, 5 %, 0 %
2026/09/22 01:06:07.760, 3, 231.41 W, 31, 2032 MHz, 3996 MHz, 5 %, 0 %
2026/09/22 01:06:07.760, 4, 181.13 W, 35, 120 MHz, 3996 MHz, 0 %, 0 %
2026/09/22 01:06:07.760, 5, 178.87 W, 34, 120 MHz, 3996 MHz, 0 %, 0 %
2026/09/22 01:06:07.760, 6, 178.78 W, 30, 120 MHz, 3996 MHz, 0 %, 0 %
2026/09/22 01:06:07.760, 7, 181.38 W, 30, 120 MHz, 3996 MHz, 0 %, 0 %
2026/09/22 01:06:08.760, 0, 233.79 W, 37, 2032 MHz, 3996 MHz, 0 %, 0 %
2026/09/22 01:06:08.760, 1, 237.56 W, 38, 2032 MHz, 3996 MHz, 3 %, 0 %
2026/09/22 01:06:08.760, 2, 228.98 W, 31, 2032 MHz, 3996 MHz, 12 %, 0 %
2026/09/22 01:06:08.760, 3, 231.32 W, 31, 2032 MHz, 3996 MHz, 10 %, 0 %
2026/09/22 01:06:08.760, 4, 181.31 W, 35, 120 MHz, 3996 MHz, 0 %, 0 %
2026/09/22 01:06:08.760, 5, 179.03 W, 34, 120 MHz, 3996 MHz, 0 %, 0 %
2026/09/22 01:06:08.760, 6, 178.86 W, 30, 120 MHz, 3996 MHz, 0 %, 0 %
2026/09/22 01:06:08.760, 7, 181.46 W, 30, 120 MHz, 3996 MHz, 0 %, 0 %
2026/09/22 01:06:09.760, 0, 233.70 W, 37, 2032 MHz, 3996 MHz, 1 %, 0 %
2026/09/22 01:06:09.760, 1, 237.48 W, 38, 2032 MHz, 3996 MHz, 8 %, 0 %
2026/09/22 01:06:09.760, 2, 228.73 W, 31, 2032 MHz, 3996 MHz, 8 %, 0 %
2026/09/22 01:06:09.760, 3, 231.33 W, 31, 2032 MHz, 3996 MHz, 4 %, 0 %
2026/09/22 01:06:09.761, 4, 181.12 W, 35, 120 MHz, 3996 MHz, 0 %, 0 %
2026/09/22 01:06:09.761, 5, 178.87 W, 34, 120 MHz, 3996 MHz, 0 %, 0 %
2026/09/22 01:06:09.761, 6, 178.86 W, 30, 120 MHz, 3996 MHz, 0 %, 0 %
2026/09/22 01:06:09.761, 7, 181.42 W, 30, 120 MHz, 3996 MHz, 0 %, 0 %
2026/09/22 01:06:10.761, 0, 233.68 W, 37, 2032 MHz, 3996 MHz, 10 %, 0 %
2026/09/22 01:06:10.761, 1, 237.52 W, 38, 2032 MHz, 3996 MHz, 7 %, 0 %
2026/09/22 01:06:10.761, 2, 229.17 W, 31, 2032 MHz, 3996 MHz, 12 %, 0 %
2026/09/22 01:06:10.761, 3, 231.12 W, 31, 2032 MHz, 3996 MHz, 7 %, 0 %
2026/09/22 01:06:10.761, 4, 181.05 W, 35, 120 MHz, 3996 MHz, 0 %, 0 %
2026/09/22 01:06:10.761, 5, 178.98 W, 34, 120 MHz, 3996 MHz, 0 %, 0 %
2026/09/22 01:06:10.761, 6, 179.00 W, 30, 120 MHz, 3996 MHz, 0 %, 0 %
2026/09/22 01:06:10.761, 7, 181.30 W, 30, 120 MHz, 3996 MHz, 0 %, 0 %
2026/09/22 01:06:11.761, 0, 233.75 W, 37, 2032 MHz, 3996 MHz, 10 %, 0 %
2026/09/22 01:06:11.761, 1, 237.52 W, 38, 2032 MHz, 3996 MHz, 9 %, 0 %
2026/09/22 01:06:11.761, 2, 228.92 W, 31, 2032 MHz, 3996 MHz, 11 %, 0 %
2026/09/22 01:06:11.761, 3, 231.41 W, 32, 2032 MHz, 3996 MHz, 6 %, 0 %
2026/09/22 01:06:11.761, 4, 180.93 W, 35, 120 MHz, 3996 MHz, 0 %, 0 %
2026/09/22 01:06:11.761, 5, 178.95 W, 34, 120 MHz, 3996 MHz, 0 %, 0 %
2026/09/22 01:06:11.761, 6, 178.70 W, 30, 120 MHz, 3996 MHz, 0 %, 0 %
2026/09/22 01:06:11.761, 7, 181.46 W, 30, 120 MHz, 3996 MHz, 0 %, 0 %
2026/09/22 01:06:12.761, 0, 235.13 W, 37, 2032 MHz, 3996 MHz, 0 %, 0 %
2026/09/22 01:06:12.761, 1, 237.55 W, 38, 2032 MHz, 3996 MHz, 3 %, 0 %
2026/09/22 01:06:12.761, 2, 228.92 W, 31, 2032 MHz, 3996 MHz, 11 %, 0 %
2026/09/22 01:06:12.761, 3, 231.48 W, 31, 2032 MHz, 3996 MHz, 5 %, 0 %
2026/09/22 01:06:12.761, 4, 181.19 W, 35, 120 MHz, 3996 MHz, 0 %, 0 %
2026/09/22 01:06:12.761, 5, 178.99 W, 34, 120 MHz, 3996 MHz, 0 %, 0 %
2026/09/22 01:06:12.761, 6, 178.61 W, 30, 120 MHz, 3996 MHz, 0 %, 0 %
2026/09/22 01:06:12.761, 7, 181.42 W, 30, 120 MHz, 3996 MHz, 0 %, 0 %
2026/09/22 01:06:13.762, 0, 325.51 W, 38, 2032 MHz, 3996 MHz, 61 %, 9 %
2026/09/22 01:06:13.762, 1, 237.62 W, 38, 2032 MHz, 3996 MHz, 4 %, 0 %
2026/09/22 01:06:13.762, 2, 229.12 W, 31, 2032 MHz, 3996 MHz, 11 %, 0 %
2026/09/22 01:06:13.762, 3, 232.41 W, 32, 2032 MHz, 3996 MHz, 0 %, 0 %
2026/09/22 01:06:13.762, 4, 181.16 W, 35, 120 MHz, 3996 MHz, 0 %, 0 %
2026/09/22 01:06:13.762, 5, 178.84 W, 34, 120 MHz, 3996 MHz, 0 %, 0 %
2026/09/22 01:06:13.762, 6, 178.93 W, 30, 120 MHz, 3996 MHz, 0 %, 0 %
2026/09/22 01:06:13.762, 7, 181.46 W, 30, 120 MHz, 3996 MHz, 0 %, 0 %
2026/09/22 01:06:14.762, 0, 233.66 W, 37, 2032 MHz, 3996 MHz, 0 %, 0 %
2026/09/22 01:06:14.762, 1, 237.59 W, 38, 2032 MHz, 3996 MHz, 12 %, 0 %
2026/09/22 01:06:14.762, 2, 229.01 W, 31, 2032 MHz, 3996 MHz, 11 %, 0 %
2026/09/22 01:06:14.762, 3, 324.17 W, 34, 2032 MHz, 3996 MHz, 76 %, 12 %
2026/09/22 01:06:14.762, 4, 181.50 W, 35, 120 MHz, 3996 MHz, 0 %, 0 %
2026/09/22 01:06:14.762, 5, 178.91 W, 34, 120 MHz, 3996 MHz, 0 %, 0 %
2026/09/22 01:06:14.762, 6, 178.96 W, 30, 120 MHz, 3996 MHz, 0 %, 0 %
2026/09/22 01:06:14.762, 7, 181.50 W, 30, 120 MHz, 3996 MHz, 0 %, 0 %
2026/09/22 01:06:15.762, 0, 233.49 W, 37, 2032 MHz, 3996 MHz, 0 %, 0 %
2026/09/22 01:06:15.762, 1, 237.56 W, 38, 2032 MHz, 3996 MHz, 13 %, 0 %
2026/09/22 01:06:15.762, 2, 229.17 W, 31, 2032 MHz, 3996 MHz, 7 %, 0 %
2026/09/22 01:06:15.762, 3, 230.34 W, 32, 2032 MHz, 3996 MHz, 0 %, 0 %
2026/09/22 01:06:15.762, 4, 181.09 W, 35, 120 MHz, 3996 MHz, 0 %, 0 %
2026/09/22 01:06:15.762, 5, 178.84 W, 34, 120 MHz, 3996 MHz, 0 %, 0 %
2026/09/22 01:06:15.762, 6, 178.59 W, 30, 120 MHz, 3996 MHz, 0 %, 0 %
2026/09/22 01:06:15.762, 7, 181.50 W, 30, 120 MHz, 3996 MHz, 0 %, 0 %
2026/09/22 01:06:16.762, 0, 233.49 W, 37, 2032 MHz, 3996 MHz, 0 %, 0 %
2026/09/22 01:06:16.762, 1, 237.52 W, 38, 2032 MHz, 3996 MHz, 12 %, 0 %
2026/09/22 01:06:16.762, 2, 229.11 W, 31, 2032 MHz, 3996 MHz, 10 %, 0 %
2026/09/22 01:06:16.763, 3, 230.16 W, 32, 2032 MHz, 3996 MHz, 0 %, 0 %
2026/09/22 01:06:16.763, 4, 181.05 W, 35, 120 MHz, 3996 MHz, 0 %, 0 %
2026/09/22 01:06:16.763, 5, 178.87 W, 34, 120 MHz, 3996 MHz, 0 %, 0 %
2026/09/22 01:06:16.763, 6, 178.69 W, 30, 120 MHz, 3996 MHz, 0 %, 0 %
2026/09/22 01:06:16.763, 7, 181.46 W, 30, 120 MHz, 3996 MHz, 0 %, 0 %
2026/09/22 01:06:17.763, 0, 233.51 W, 37, 2032 MHz, 3996 MHz, 0 %, 0 %
2026/09/22 01:06:17.763, 1, 239.10 W, 38, 2032 MHz, 3996 MHz, 0 %, 0 %
2026/09/22 01:06:17.763, 2, 230.17 W, 31, 2032 MHz, 3996 MHz, 0 %, 0 %
2026/09/22 01:06:17.763, 3, 230.14 W, 32, 2032 MHz, 3996 MHz, 0 %, 0 %
2026/09/22 01:06:17.763, 4, 181.19 W, 35, 120 MHz, 3996 MHz, 0 %, 0 %
2026/09/22 01:06:17.763, 5, 178.72 W, 34, 120 MHz, 3996 MHz, 0 %, 0 %
2026/09/22 01:06:17.763, 6, 178.97 W, 30, 120 MHz, 3996 MHz, 0 %, 0 %
2026/09/22 01:06:17.763, 7, 181.46 W, 30, 120 MHz, 3996 MHz, 0 %, 0 %
2026/09/22 01:06:18.763, 0, 233.35 W, 37, 2032 MHz, 3996 MHz, 0 %, 0 %
2026/09/22 01:06:18.763, 1, 329.82 W, 39, 2032 MHz, 3996 MHz, 0 %, 0 %
2026/09/22 01:06:18.763, 2, 320.32 W, 32, 2032 MHz, 3996 MHz, 0 %, 0 %
2026/09/22 01:06:18.763, 3, 230.09 W, 32, 2032 MHz, 3996 MHz, 0 %, 0 %
2026/09/22 01:06:18.763, 4, 180.89 W, 35, 120 MHz, 3996 MHz, 0 %, 0 %
2026/09/22 01:06:18.763, 5, 178.76 W, 34, 120 MHz, 3996 MHz, 0 %, 0 %
2026/09/22 01:06:18.763, 6, 178.92 W, 30, 120 MHz, 3996 MHz, 0 %, 0 %
2026/09/22 01:06:18.763, 7, 181.46 W, 30, 120 MHz, 3996 MHz, 0 %, 0 %
2026/09/22 01:06:19.763, 0, 233.53 W, 37, 2032 MHz, 3996 MHz, 0 %, 0 %
2026/09/22 01:06:19.763, 1, 237.52 W, 38, 2032 MHz, 3996 MHz, 0 %, 0 %
2026/09/22 01:06:19.763, 2, 228.07 W, 32, 2032 MHz, 3996 MHz, 0 %, 0 %
2026/09/22 01:06:19.763, 3, 230.15 W, 32, 2032 MHz, 3996 MHz, 0 %, 0 %
2026/09/22 01:06:19.763, 4, 181.05 W, 35, 120 MHz, 3996 MHz, 0 %, 0 %
2026/09/22 01:06:19.763, 5, 178.79 W, 34, 120 MHz, 3996 MHz, 0 %, 0 %
2026/09/22 01:06:19.763, 6, 179.01 W, 30, 120 MHz, 3996 MHz, 0 %, 0 %
2026/09/22 01:06:19.763, 7, 181.46 W, 30, 120 MHz, 3996 MHz, 0 %, 0 %
2026/09/22 01:06:20.764, 0, 233.51 W, 37, 2032 MHz, 3996 MHz, 0 %, 0 %
2026/09/22 01:06:20.764, 1, 237.52 W, 38, 2032 MHz, 3996 MHz, 0 %, 0 %
2026/09/22 01:06:20.764, 2, 228.07 W, 32, 2032 MHz, 3996 MHz, 0 %, 0 %
2026/09/22 01:06:20.764, 3, 230.16 W, 32, 2032 MHz, 3996 MHz, 0 %, 0 %
2026/09/22 01:06:20.764, 4, 181.04 W, 35, 120 MHz, 3996 MHz, 0 %, 0 %
2026/09/22 01:06:20.764, 5, 178.72 W, 34, 120 MHz, 3996 MHz, 0 %, 0 %
2026/09/22 01:06:20.764, 6, 178.80 W, 30, 120 MHz, 3996 MHz, 0 %, 0 %
2026/09/22 01:06:20.764, 7, 181.50 W, 30, 120 MHz, 3996 MHz, 0 %, 0 %
2026/09/22 01:06:21.764, 0, 233.51 W, 37, 2032 MHz, 3996 MHz, 0 %, 0 %
2026/09/22 01:06:21.764, 1, 237.51 W, 38, 2032 MHz, 3996 MHz, 0 %, 0 %
2026/09/22 01:06:21.764, 2, 228.07 W, 32, 2032 MHz, 3996 MHz, 0 %, 0 %
2026/09/22 01:06:21.764, 3, 230.16 W, 32, 2032 MHz, 3996 MHz, 0 %, 0 %
2026/09/22 01:06:21.764, 4, 180.97 W, 35, 120 MHz, 3996 MHz, 0 %, 0 %
2026/09/22 01:06:21.764, 5, 178.91 W, 34, 120 MHz, 3996 MHz, 0 %, 0 %
2026/09/22 01:06:21.764, 6, 178.92 W, 30, 120 MHz, 3996 MHz, 0 %, 0 %
2026/09/22 01:06:21.764, 7, 181.46 W, 30, 120 MHz, 3996 MHz, 0 %, 0 %
2026/09/22 01:06:22.764, 0, 233.51 W, 37, 2032 MHz, 3996 MHz, 0 %, 0 %
2026/09/22 01:06:22.764, 1, 237.52 W, 38, 2032 MHz, 3996 MHz, 0 %, 0 %
2026/09/22 01:06:22.764, 2, 228.07 W, 32, 2032 MHz, 3996 MHz, 0 %, 0 %
2026/09/22 01:06:22.764, 3, 230.15 W, 32, 2032 MHz, 3996 MHz, 0 %, 0 %
2026/09/22 01:06:22.764, 4, 181.04 W, 35, 120 MHz, 3996 MHz, 0 %, 0 %
2026/09/22 01:06:22.764, 5, 178.68 W, 34, 120 MHz, 3996 MHz, 0 %, 0 %
2026/09/22 01:06:22.764, 6, 178.55 W, 30, 120 MHz, 3996 MHz, 0 %, 0 %
2026/09/22 01:06:22.764, 7, 181.42 W, 30, 120 MHz, 3996 MHz, 0 %, 0 %
2026/09/22 01:06:23.764, 0, 233.53 W, 37, 2032 MHz, 3996 MHz, 0 %, 0 %
2026/09/22 01:06:23.764, 1, 237.52 W, 38, 2032 MHz, 3996 MHz, 0 %, 0 %
2026/09/22 01:06:23.764, 2, 228.07 W, 31, 2032 MHz, 3996 MHz, 0 %, 0 %
2026/09/22 01:06:23.764, 3, 230.15 W, 32, 2032 MHz, 3996 MHz, 0 %, 0 %
2026/09/22 01:06:23.764, 4, 180.97 W, 35, 120 MHz, 3996 MHz, 0 %, 0 %
2026/09/22 01:06:23.764, 5, 178.72 W, 34, 120 MHz, 3996 MHz, 0 %, 0 %
2026/09/22 01:06:23.764, 6, 178.49 W, 30, 120 MHz, 3996 MHz, 0 %, 0 %
2026/09/22 01:06:23.764, 7, 181.38 W, 30, 120 MHz, 3996 MHz, 0 %, 0 %
2026/09/22 01:06:24.765, 0, 233.53 W, 37, 2032 MHz, 3996 MHz, 0 %, 0 %
2026/09/22 01:06:24.765, 1, 237.48 W, 38, 2032 MHz, 3996 MHz, 0 %, 0 %
2026/09/22 01:06:24.765, 2, 228.07 W, 31, 2032 MHz, 3996 MHz, 0 %, 0 %
2026/09/22 01:06:24.765, 3, 230.15 W, 32, 2032 MHz, 3996 MHz, 0 %, 0 %
2026/09/22 01:06:24.765, 4, 181.04 W, 35, 120 MHz, 3996 MHz, 0 %, 0 %
2026/09/22 01:06:24.765, 5, 178.91 W, 34, 120 MHz, 3996 MHz, 0 %, 0 %
2026/09/22 01:06:24.765, 6, 178.88 W, 30, 120 MHz, 3996 MHz, 0 %, 0 %
2026/09/22 01:06:24.765, 7, 181.46 W, 30, 120 MHz, 3996 MHz, 0 %, 0 %
2026/09/22 01:06:25.765, 0, 233.56 W, 37, 2032 MHz, 3996 MHz, 0 %, 0 %
2026/09/22 01:06:25.765, 1, 237.59 W, 38, 2032 MHz, 3996 MHz, 0 %, 0 %
2026/09/22 01:06:25.765, 2, 228.07 W, 31, 2032 MHz, 3996 MHz, 0 %, 0 %
2026/09/22 01:06:25.765, 3, 230.16 W, 32, 2032 MHz, 3996 MHz, 0 %, 0 %
2026/09/22 01:06:25.765, 4, 181.16 W, 35, 120 MHz, 3996 MHz, 0 %, 0 %
2026/09/22 01:06:25.765, 5, 178.87 W, 34, 120 MHz, 3996 MHz, 0 %, 0 %
2026/09/22 01:06:25.765, 6, 178.86 W, 30, 120 MHz, 3996 MHz, 0 %, 0 %
2026/09/22 01:06:25.765, 7, 181.38 W, 30, 120 MHz, 3996 MHz, 0 %, 0 %
2026/09/22 01:06:26.765, 0, 233.51 W, 37, 2032 MHz, 3996 MHz, 0 %, 0 %
2026/09/22 01:06:26.765, 1, 237.48 W, 38, 2032 MHz, 3996 MHz, 0 %, 0 %
2026/09/22 01:06:26.765, 2, 228.07 W, 31, 2032 MHz, 3996 MHz, 0 %, 0 %
2026/09/22 01:06:26.765, 3, 230.15 W, 32, 2032 MHz, 3996 MHz, 0 %, 0 %
2026/09/22 01:06:26.765, 4, 180.77 W, 35, 120 MHz, 3996 MHz, 0 %, 0 %
2026/09/22 01:06:26.765, 5, 178.80 W, 34, 120 MHz, 3996 MHz, 0 %, 0 %
2026/09/22 01:06:26.765, 6, 178.76 W, 30, 120 MHz, 3996 MHz, 0 %, 0 %
2026/09/22 01:06:26.765, 7, 181.42 W, 30, 120 MHz, 3996 MHz, 0 %, 0 %
2026/09/22 01:06:27.765, 0, 233.52 W, 37, 2032 MHz, 3996 MHz, 0 %, 0 %
2026/09/22 01:06:27.765, 1, 237.52 W, 38, 2032 MHz, 3996 MHz, 0 %, 0 %
2026/09/22 01:06:27.765, 2, 228.07 W, 31, 2032 MHz, 3996 MHz, 0 %, 0 %
2026/09/22 01:06:27.765, 3, 230.16 W, 32, 2032 MHz, 3996 MHz, 0 %, 0 %
2026/09/22 01:06:27.765, 4, 181.24 W, 35, 120 MHz, 3996 MHz, 0 %, 0 %
2026/09/22 01:06:27.766, 5, 178.79 W, 34, 120 MHz, 3996 MHz, 0 %, 0 %
2026/09/22 01:06:27.766, 6, 179.08 W, 30, 120 MHz, 3996 MHz, 0 %, 0 %
2026/09/22 01:06:27.766, 7, 181.42 W, 30, 120 MHz, 3996 MHz, 0 %, 0 %
2026/09/22 01:06:28.766, 0, 233.53 W, 37, 2032 MHz, 3996 MHz, 0 %, 0 %
2026/09/22 01:06:28.766, 1, 237.48 W, 38, 2032 MHz, 3996 MHz, 0 %, 0 %
2026/09/22 01:06:28.766, 2, 228.07 W, 31, 2032 MHz, 3996 MHz, 0 %, 0 %
2026/09/22 01:06:28.766, 3, 230.16 W, 32, 2032 MHz, 3996 MHz, 0 %, 0 %
2026/09/22 01:06:28.766, 4, 181.21 W, 35, 120 MHz, 3996 MHz, 0 %, 0 %
2026/09/22 01:06:28.766, 5, 178.80 W, 34, 120 MHz, 3996 MHz, 0 %, 0 %
2026/09/22 01:06:28.766, 6, 179.00 W, 30, 120 MHz, 3996 MHz, 0 %, 0 %
2026/09/22 01:06:28.766, 7, 181.50 W, 30, 120 MHz, 3996 MHz, 0 %, 0 %
2026/09/22 01:06:29.766, 0, 233.53 W, 37, 2032 MHz, 3996 MHz, 0 %, 0 %
2026/09/22 01:06:29.766, 1, 237.52 W, 38, 2032 MHz, 3996 MHz, 0 %, 0 %
2026/09/22 01:06:29.766, 2, 228.07 W, 31, 2032 MHz, 3996 MHz, 0 %, 0 %
2026/09/22 01:06:29.766, 3, 230.16 W, 32, 2032 MHz, 3996 MHz, 0 %, 0 %
2026/09/22 01:06:29.766, 4, 180.85 W, 35, 120 MHz, 3996 MHz, 0 %, 0 %
2026/09/22 01:06:29.766, 5, 178.83 W, 34, 120 MHz, 3996 MHz, 0 %, 0 %
2026/09/22 01:06:29.766, 6, 178.97 W, 30, 120 MHz, 3996 MHz, 0 %, 0 %
2026/09/22 01:06:29.766, 7, 181.42 W, 30, 120 MHz, 3996 MHz, 0 %, 0 %
2026/09/22 01:06:30.766, 0, 233.51 W, 37, 2032 MHz, 3996 MHz, 0 %, 0 %
2026/09/22 01:06:30.766, 1, 237.52 W, 38, 2032 MHz, 3996 MHz, 0 %, 0 %
2026/09/22 01:06:30.766, 2, 228.07 W, 31, 2032 MHz, 3996 MHz, 0 %, 0 %
2026/09/22 01:06:30.766, 3, 230.16 W, 32, 2032 MHz, 3996 MHz, 0 %, 0 %
2026/09/22 01:06:30.766, 4, 180.78 W, 35, 120 MHz, 3996 MHz, 0 %, 0 %
2026/09/22 01:06:30.766, 5, 178.99 W, 34, 120 MHz, 3996 MHz, 0 %, 0 %
2026/09/22 01:06:30.766, 6, 179.00 W, 30, 120 MHz, 3996 MHz, 0 %, 0 %
2026/09/22 01:06:30.766, 7, 181.46 W, 30, 120 MHz, 3996 MHz, 0 %, 0 %
2026/09/22 01:06:31.766, 0, 233.51 W, 37, 2032 MHz, 3996 MHz, 0 %, 0 %
2026/09/22 01:06:31.767, 1, 237.52 W, 38, 2032 MHz, 3996 MHz, 0 %, 0 %
2026/09/22 01:06:31.767, 2, 228.07 W, 31, 2032 MHz, 3996 MHz, 0 %, 0 %
2026/09/22 01:06:31.767, 3, 230.16 W, 32, 2032 MHz, 3996 MHz, 0 %, 0 %
2026/09/22 01:06:31.767, 4, 181.08 W, 35, 120 MHz, 3996 MHz, 0 %, 0 %
2026/09/22 01:06:31.767, 5, 178.76 W, 34, 120 MHz, 3996 MHz, 0 %, 0 %
2026/09/22 01:06:31.767, 6, 179.28 W, 30, 120 MHz, 3996 MHz, 0 %, 0 %
2026/09/22 01:06:31.767, 7, 181.46 W, 30, 120 MHz, 3996 MHz, 0 %, 0 %
2026/09/22 01:06:32.767, 0, 233.50 W, 37, 2032 MHz, 3996 MHz, 0 %, 0 %
2026/09/22 01:06:32.767, 1, 237.52 W, 38, 2032 MHz, 3996 MHz, 0 %, 0 %
2026/09/22 01:06:32.767, 2, 228.07 W, 31, 2032 MHz, 3996 MHz, 0 %, 0 %
2026/09/22 01:06:32.767, 3, 230.16 W, 32, 2032 MHz, 3996 MHz, 0 %, 0 %
2026/09/22 01:06:32.767, 4, 181.13 W, 35, 120 MHz, 3996 MHz, 0 %, 0 %
2026/09/22 01:06:32.767, 5, 178.64 W, 34, 120 MHz, 3996 MHz, 0 %, 0 %
2026/09/22 01:06:32.767, 6, 179.12 W, 30, 120 MHz, 3996 MHz, 0 %, 0 %
2026/09/22 01:06:32.767, 7, 181.42 W, 30, 120 MHz, 3996 MHz, 0 %, 0 %
2026/09/22 01:06:33.767, 0, 233.50 W, 37, 2032 MHz, 3996 MHz, 0 %, 0 %
2026/09/22 01:06:33.767, 1, 237.52 W, 38, 2032 MHz, 3996 MHz, 0 %, 0 %
2026/09/22 01:06:33.767, 2, 228.07 W, 31, 2032 MHz, 3996 MHz, 0 %, 0 %
2026/09/22 01:06:33.767, 3, 230.23 W, 32, 2032 MHz, 3996 MHz, 0 %, 0 %
2026/09/22 01:06:33.767, 4, 181.04 W, 35, 120 MHz, 3996 MHz, 0 %, 0 %
2026/09/22 01:06:33.767, 5, 178.68 W, 34, 120 MHz, 3996 MHz, 0 %, 0 %
2026/09/22 01:06:33.767, 6, 178.84 W, 30, 120 MHz, 3996 MHz, 0 %, 0 %
2026/09/22 01:06:33.767, 7, 181.42 W, 30, 120 MHz, 3996 MHz, 0 %, 0 %
2026/09/22 01:06:34.767, 0, 233.51 W, 37, 2032 MHz, 3996 MHz, 0 %, 0 %
2026/09/22 01:06:34.767, 1, 237.52 W, 38, 2032 MHz, 3996 MHz, 0 %, 0 %
2026/09/22 01:06:34.767, 2, 228.87 W, 31, 2032 MHz, 3996 MHz, 12 %, 0 %
2026/09/22 01:06:34.767, 3, 232.01 W, 32, 2032 MHz, 3996 MHz, 12 %, 0 %
2026/09/22 01:06:34.767, 4, 180.93 W, 35, 120 MHz, 3996 MHz, 0 %, 0 %
2026/09/22 01:06:34.767, 5, 178.72 W, 34, 120 MHz, 3996 MHz, 0 %, 0 %
2026/09/22 01:06:34.767, 6, 179.04 W, 30, 120 MHz, 3996 MHz, 0 %, 0 %
2026/09/22 01:06:34.767, 7, 181.42 W, 30, 120 MHz, 3996 MHz, 0 %, 0 %
2026/09/22 01:06:35.768, 0, 233.51 W, 37, 2032 MHz, 3996 MHz, 0 %, 0 %
2026/09/22 01:06:35.768, 1, 237.78 W, 38, 2032 MHz, 3996 MHz, 12 %, 0 %
2026/09/22 01:06:35.768, 2, 235.01 W, 32, 2032 MHz, 3996 MHz, 0 %, 0 %
2026/09/22 01:06:35.768, 3, 236.04 W, 32, 2032 MHz, 3996 MHz, 0 %, 0 %
2026/09/22 01:06:35.768, 4, 181.12 W, 35, 120 MHz, 3996 MHz, 0 %, 0 %
2026/09/22 01:06:35.768, 5, 178.68 W, 34, 120 MHz, 3996 MHz, 0 %, 0 %
2026/09/22 01:06:35.768, 6, 179.20 W, 30, 120 MHz, 3996 MHz, 0 %, 0 %
2026/09/22 01:06:35.768, 7, 181.46 W, 30, 120 MHz, 3996 MHz, 0 %, 0 %
2026/09/22 01:06:36.768, 0, 233.50 W, 37, 2032 MHz, 3996 MHz, 0 %, 0 %
2026/09/22 01:06:36.768, 1, 243.56 W, 38, 2032 MHz, 3996 MHz, 0 %, 0 %
2026/09/22 01:06:36.768, 2, 228.07 W, 31, 2032 MHz, 3996 MHz, 0 %, 0 %
2026/09/22 01:06:36.768, 3, 230.15 W, 32, 2032 MHz, 3996 MHz, 0 %, 0 %
2026/09/22 01:06:36.768, 4, 181.01 W, 35, 120 MHz, 3996 MHz, 0 %, 0 %
2026/09/22 01:06:36.768, 5, 178.72 W, 34, 120 MHz, 3996 MHz, 0 %, 0 %
2026/09/22 01:06:36.768, 6, 178.84 W, 30, 120 MHz, 3996 MHz, 0 %, 0 %
2026/09/22 01:06:36.768, 7, 181.50 W, 30, 120 MHz, 3996 MHz, 0 %, 0 %
2026/09/22 01:06:37.768, 0, 234.74 W, 37, 2032 MHz, 3996 MHz, 12 %, 0 %
2026/09/22 01:06:37.768, 1, 237.52 W, 38, 2032 MHz, 3996 MHz, 0 %, 0 %
2026/09/22 01:06:37.768, 2, 228.07 W, 31, 2032 MHz, 3996 MHz, 0 %, 0 %
2026/09/22 01:06:37.768, 3, 230.16 W, 32, 2032 MHz, 3996 MHz, 0 %, 0 %
2026/09/22 01:06:37.768, 4, 180.93 W, 35, 120 MHz, 3996 MHz, 0 %, 0 %
2026/09/22 01:06:37.768, 5, 178.72 W, 34, 120 MHz, 3996 MHz, 0 %, 0 %
2026/09/22 01:06:37.768, 6, 178.82 W, 30, 120 MHz, 3996 MHz, 0 %, 0 %
2026/09/22 01:06:37.768, 7, 181.46 W, 30, 120 MHz, 3996 MHz, 0 %, 0 %
2026/09/22 01:06:38.768, 0, 245.09 W, 37, 2032 MHz, 3996 MHz, 5 %, 3 %
2026/09/22 01:06:38.768, 1, 242.43 W, 38, 2032 MHz, 3996 MHz, 20 %, 12 %
2026/09/22 01:06:38.768, 2, 233.29 W, 32, 2032 MHz, 3996 MHz, 8 %, 4 %
2026/09/22 01:06:38.768, 3, 235.48 W, 32, 2032 MHz, 3996 MHz, 4 %, 2 %
2026/09/22 01:06:38.769, 4, 181.13 W, 35, 120 MHz, 3996 MHz, 0 %, 0 %
2026/09/22 01:06:38.769, 5, 178.72 W, 34, 120 MHz, 3996 MHz, 0 %, 0 %
2026/09/22 01:06:38.769, 6, 179.15 W, 30, 120 MHz, 3996 MHz, 0 %, 0 %
2026/09/22 01:06:38.769, 7, 181.46 W, 30, 120 MHz, 3996 MHz, 0 %, 0 %
2026/09/22 01:06:39.769, 0, 233.50 W, 37, 2032 MHz, 3996 MHz, 0 %, 0 %
2026/09/22 01:06:39.769, 1, 237.48 W, 38, 2032 MHz, 3996 MHz, 0 %, 0 %
2026/09/22 01:06:39.769, 2, 228.07 W, 31, 2032 MHz, 3996 MHz, 0 %, 0 %
2026/09/22 01:06:39.769, 3, 230.16 W, 32, 2032 MHz, 3996 MHz, 0 %, 0 %
2026/09/22 01:06:39.769, 4, 180.93 W, 35, 120 MHz, 3996 MHz, 0 %, 0 %
2026/09/22 01:06:39.769, 5, 178.87 W, 34, 120 MHz, 3996 MHz, 0 %, 0 %
2026/09/22 01:06:39.769, 6, 179.12 W, 30, 120 MHz, 3996 MHz, 0 %, 0 %
2026/09/22 01:06:39.769, 7, 181.54 W, 30, 120 MHz, 3996 MHz, 0 %, 0 %
2026/09/22 01:06:40.769, 0, 233.54 W, 37, 2032 MHz, 3996 MHz, 0 %, 0 %
2026/09/22 01:06:40.769, 1, 237.56 W, 38, 2032 MHz, 3996 MHz, 0 %, 0 %
2026/09/22 01:06:40.769, 2, 228.07 W, 31, 2032 MHz, 3996 MHz, 0 %, 0 %
2026/09/22 01:06:40.769, 3, 230.19 W, 32, 2032 MHz, 3996 MHz, 0 %, 0 %
2026/09/22 01:06:40.769, 4, 181.08 W, 35, 120 MHz, 3996 MHz, 0 %, 0 %
2026/09/22 01:06:40.769, 5, 178.76 W, 34, 120 MHz, 3996 MHz, 0 %, 0 %
2026/09/22 01:06:40.769, 6, 179.12 W, 30, 120 MHz, 3996 MHz, 0 %, 0 %
2026/09/22 01:06:40.769, 7, 181.46 W, 30, 120 MHz, 3996 MHz, 0 %, 0 %
2026/09/22 01:06:41.769, 0, 233.53 W, 37, 2032 MHz, 3996 MHz, 0 %, 0 %
2026/09/22 01:06:41.769, 1, 237.51 W, 38, 2032 MHz, 3996 MHz, 0 %, 0 %
2026/09/22 01:06:41.769, 2, 228.22 W, 31, 2032 MHz, 3996 MHz, 0 %, 0 %
2026/09/22 01:06:41.769, 3, 230.19 W, 32, 2032 MHz, 3996 MHz, 0 %, 0 %
2026/09/22 01:06:41.769, 4, 181.19 W, 35, 120 MHz, 3996 MHz, 0 %, 0 %
2026/09/22 01:06:41.769, 5, 178.76 W, 34, 120 MHz, 3996 MHz, 0 %, 0 %
2026/09/22 01:06:41.769, 6, 179.04 W, 30, 120 MHz, 3996 MHz, 0 %, 0 %
2026/09/22 01:06:41.769, 7, 181.38 W, 30, 120 MHz, 3996 MHz, 0 %, 0 %
2026/09/22 01:06:42.770, 0, 233.49 W, 37, 2032 MHz, 3996 MHz, 0 %, 0 %
2026/09/22 01:06:42.770, 1, 237.52 W, 38, 2032 MHz, 3996 MHz, 0 %, 0 %
2026/09/22 01:06:42.770, 2, 228.07 W, 31, 2032 MHz, 3996 MHz, 0 %, 0 %
2026/09/22 01:06:42.770, 3, 230.16 W, 32, 2032 MHz, 3996 MHz, 0 %, 0 %
2026/09/22 01:06:42.770, 4, 181.13 W, 35, 120 MHz, 3996 MHz, 0 %, 0 %
2026/09/22 01:06:42.770, 5, 178.72 W, 34, 120 MHz, 3996 MHz, 0 %, 0 %
2026/09/22 01:06:42.770, 6, 178.97 W, 30, 120 MHz, 3996 MHz, 0 %, 0 %
2026/09/22 01:06:42.770, 7, 181.46 W, 30, 120 MHz, 3996 MHz, 0 %, 0 %
2026/09/22 01:06:43.770, 0, 233.52 W, 37, 2032 MHz, 3996 MHz, 0 %, 0 %
2026/09/22 01:06:43.770, 1, 237.52 W, 38, 2032 MHz, 3996 MHz, 0 %, 0 %
2026/09/22 01:06:43.770, 2, 228.07 W, 31, 2032 MHz, 3996 MHz, 0 %, 0 %
2026/09/22 01:06:43.770, 3, 230.19 W, 32, 2032 MHz, 3996 MHz, 0 %, 0 %
2026/09/22 01:06:43.770, 4, 181.35 W, 35, 120 MHz, 3996 MHz, 0 %, 0 %
2026/09/22 01:06:43.770, 5, 178.84 W, 34, 120 MHz, 3996 MHz, 0 %, 0 %
2026/09/22 01:06:43.770, 6, 178.92 W, 30, 120 MHz, 3996 MHz, 0 %, 0 %
2026/09/22 01:06:43.770, 7, 181.42 W, 30, 120 MHz, 3996 MHz, 0 %, 0 %
2026/09/22 01:06:44.770, 0, 253.37 W, 37, 2032 MHz, 3996 MHz, 0 %, 0 %
2026/09/22 01:06:44.770, 1, 256.76 W, 38, 2032 MHz, 3996 MHz, 0 %, 0 %
2026/09/22 01:06:44.770, 2, 248.55 W, 32, 2032 MHz, 3996 MHz, 0 %, 0 %
2026/09/22 01:06:44.770, 3, 251.32 W, 32, 2032 MHz, 3996 MHz, 0 %, 0 %
2026/09/22 01:06:44.770, 4, 181.38 W, 35, 120 MHz, 3996 MHz, 0 %, 0 %
2026/09/22 01:06:44.770, 5, 178.79 W, 34, 120 MHz, 3996 MHz, 0 %, 0 %
2026/09/22 01:06:44.770, 6, 178.82 W, 30, 120 MHz, 3996 MHz, 0 %, 0 %
2026/09/22 01:06:44.770, 7, 181.42 W, 30, 120 MHz, 3996 MHz, 0 %, 0 %
2026/09/22 01:06:45.770, 0, 233.87 W, 37, 2032 MHz, 3996 MHz, 0 %, 0 %
2026/09/22 01:06:45.770, 1, 237.94 W, 38, 2032 MHz, 3996 MHz, 0 %, 0 %
2026/09/22 01:06:45.770, 2, 228.61 W, 31, 2032 MHz, 3996 MHz, 0 %, 0 %
2026/09/22 01:06:45.770, 3, 230.23 W, 32, 2032 MHz, 3996 MHz, 0 %, 0 %
2026/09/22 01:06:45.770, 4, 181.28 W, 35, 120 MHz, 3996 MHz, 0 %, 0 %
2026/09/22 01:06:45.770, 5, 178.79 W, 34, 120 MHz, 3996 MHz, 0 %, 0 %
2026/09/22 01:06:45.771, 6, 179.04 W, 30, 120 MHz, 3996 MHz, 0 %, 0 %
2026/09/22 01:06:45.771, 7, 181.54 W, 30, 120 MHz, 3996 MHz, 0 %, 0 %
2026/09/22 01:06:46.771, 0, 233.52 W, 37, 2032 MHz, 3996 MHz, 0 %, 0 %
2026/09/22 01:06:46.771, 1, 237.52 W, 38, 2032 MHz, 3996 MHz, 5 %, 0 %
2026/09/22 01:06:46.771, 2, 228.07 W, 31, 2032 MHz, 3996 MHz, 0 %, 0 %
2026/09/22 01:06:46.771, 3, 230.15 W, 32, 2032 MHz, 3996 MHz, 0 %, 0 %
2026/09/22 01:06:46.771, 4, 180.89 W, 35, 120 MHz, 3996 MHz, 0 %, 0 %
2026/09/22 01:06:46.771, 5, 178.76 W, 34, 120 MHz, 3996 MHz, 0 %, 0 %
2026/09/22 01:06:46.771, 6, 179.05 W, 30, 120 MHz, 3996 MHz, 0 %, 0 %
2026/09/22 01:06:46.771, 7, 181.50 W, 30, 120 MHz, 3996 MHz, 0 %, 0 %
2026/09/22 01:06:47.771, 0, 233.57 W, 37, 2032 MHz, 3996 MHz, 0 %, 0 %
2026/09/22 01:06:47.771, 1, 237.52 W, 38, 2032 MHz, 3996 MHz, 1 %, 0 %
2026/09/22 01:06:47.771, 2, 228.11 W, 31, 2032 MHz, 3996 MHz, 0 %, 0 %
2026/09/22 01:06:47.771, 3, 230.50 W, 32, 2032 MHz, 3996 MHz, 0 %, 0 %
2026/09/22 01:06:47.771, 4, 181.28 W, 35, 120 MHz, 3996 MHz, 0 %, 0 %
2026/09/22 01:06:47.771, 5, 178.64 W, 34, 120 MHz, 3996 MHz, 0 %, 0 %
2026/09/22 01:06:47.771, 6, 179.09 W, 30, 120 MHz, 3996 MHz, 0 %, 0 %
2026/09/22 01:06:47.771, 7, 181.50 W, 30, 120 MHz, 3996 MHz, 0 %, 0 %
2026/09/22 01:06:48.771, 0, 233.73 W, 37, 2032 MHz, 3996 MHz, 1 %, 0 %
2026/09/22 01:06:48.771, 1, 237.60 W, 38, 2032 MHz, 3996 MHz, 0 %, 0 %
2026/09/22 01:06:48.771, 2, 228.11 W, 31, 2032 MHz, 3996 MHz, 0 %, 0 %
2026/09/22 01:06:48.771, 3, 230.38 W, 32, 2032 MHz, 3996 MHz, 1 %, 0 %
2026/09/22 01:06:48.771, 4, 181.04 W, 35, 120 MHz, 3996 MHz, 0 %, 0 %
2026/09/22 01:06:48.771, 5, 178.80 W, 34, 120 MHz, 3996 MHz, 0 %, 0 %
2026/09/22 01:06:48.771, 6, 178.92 W, 30, 120 MHz, 3996 MHz, 0 %, 0 %
2026/09/22 01:06:48.771, 7, 181.46 W, 30, 120 MHz, 3996 MHz, 0 %, 0 %
2026/09/22 01:06:49.771, 0, 233.59 W, 37, 2032 MHz, 3996 MHz, 0 %, 0 %
2026/09/22 01:06:49.772, 1, 237.56 W, 38, 2032 MHz, 3996 MHz, 0 %, 0 %
2026/09/22 01:06:49.772, 2, 228.07 W, 31, 2032 MHz, 3996 MHz, 0 %, 0 %
2026/09/22 01:06:49.772, 3, 230.19 W, 32, 2032 MHz, 3996 MHz, 0 %, 0 %
2026/09/22 01:06:49.772, 4, 181.00 W, 35, 120 MHz, 3996 MHz, 0 %, 0 %
2026/09/22 01:06:49.772, 5, 178.76 W, 34, 120 MHz, 3996 MHz, 0 %, 0 %
2026/09/22 01:06:49.772, 6, 178.74 W, 30, 120 MHz, 3996 MHz, 0 %, 0 %
2026/09/22 01:06:49.772, 7, 181.46 W, 30, 120 MHz, 3996 MHz, 0 %, 0 %
2026/09/22 01:06:50.772, 0, 233.53 W, 37, 2032 MHz, 3996 MHz, 0 %, 0 %
2026/09/22 01:06:50.772, 1, 237.52 W, 38, 2032 MHz, 3996 MHz, 0 %, 0 %
2026/09/22 01:06:50.772, 2, 228.07 W, 31, 2032 MHz, 3996 MHz, 0 %, 0 %
2026/09/22 01:06:50.772, 3, 230.15 W, 32, 2032 MHz, 3996 MHz, 0 %, 0 %
2026/09/22 01:06:50.772, 4, 181.05 W, 35, 120 MHz, 3996 MHz, 0 %, 0 %
2026/09/22 01:06:50.772, 5, 178.84 W, 34, 120 MHz, 3996 MHz, 0 %, 0 %
2026/09/22 01:06:50.772, 6, 178.88 W, 30, 120 MHz, 3996 MHz, 0 %, 0 %
2026/09/22 01:06:50.772, 7, 181.46 W, 30, 120 MHz, 3996 MHz, 0 %, 0 %
2026/09/22 01:06:51.772, 0, 233.51 W, 37, 2032 MHz, 3996 MHz, 0 %, 0 %
2026/09/22 01:06:51.772, 1, 237.52 W, 38, 2032 MHz, 3996 MHz, 0 %, 0 %
2026/09/22 01:06:51.772, 2, 228.07 W, 31, 2032 MHz, 3996 MHz, 0 %, 0 %
2026/09/22 01:06:51.772, 3, 230.16 W, 32, 2032 MHz, 3996 MHz, 0 %, 0 %
2026/09/22 01:06:51.772, 4, 180.89 W, 35, 120 MHz, 3996 MHz, 0 %, 0 %
2026/09/22 01:06:51.772, 5, 178.91 W, 34, 120 MHz, 3996 MHz, 0 %, 0 %
2026/09/22 01:06:51.772, 6, 179.12 W, 30, 120 MHz, 3996 MHz, 0 %, 0 %
2026/09/22 01:06:51.772, 7, 181.50 W, 30, 120 MHz, 3996 MHz, 0 %, 0 %
2026/09/22 01:06:52.772, 0, 233.51 W, 37, 2032 MHz, 3996 MHz, 0 %, 0 %
2026/09/22 01:06:52.772, 1, 237.48 W, 38, 2032 MHz, 3996 MHz, 0 %, 0 %
2026/09/22 01:06:52.772, 2, 228.07 W, 31, 2032 MHz, 3996 MHz, 0 %, 0 %
2026/09/22 01:06:52.772, 3, 230.16 W, 32, 2032 MHz, 3996 MHz, 0 %, 0 %
2026/09/22 01:06:52.773, 4, 181.09 W, 35, 120 MHz, 3996 MHz, 0 %, 0 %
2026/09/22 01:06:52.773, 5, 178.79 W, 34, 120 MHz, 3996 MHz, 0 %, 0 %
2026/09/22 01:06:52.773, 6, 179.04 W, 30, 120 MHz, 3996 MHz, 0 %, 0 %
2026/09/22 01:06:52.773, 7, 181.54 W, 30, 120 MHz, 3996 MHz, 0 %, 0 %
2026/09/22 01:06:53.773, 0, 233.76 W, 37, 2032 MHz, 3996 MHz, 0 %, 0 %
2026/09/22 01:06:53.773, 1, 237.52 W, 38, 2032 MHz, 3996 MHz, 0 %, 0 %
2026/09/22 01:06:53.773, 2, 228.10 W, 31, 2032 MHz, 3996 MHz, 0 %, 0 %
2026/09/22 01:06:53.773, 3, 230.54 W, 32, 2032 MHz, 3996 MHz, 0 %, 0 %
2026/09/22 01:06:53.773, 4, 181.08 W, 35, 120 MHz, 3996 MHz, 0 %, 0 %
2026/09/22 01:06:53.773, 5, 178.83 W, 34, 120 MHz, 3996 MHz, 0 %, 0 %
2026/09/22 01:06:53.773, 6, 179.05 W, 30, 120 MHz, 3996 MHz, 0 %, 0 %
2026/09/22 01:06:53.773, 7, 181.54 W, 30, 120 MHz, 3996 MHz, 0 %, 0 %
2026/09/22 01:06:54.773, 0, 233.51 W, 37, 2032 MHz, 3996 MHz, 0 %, 0 %
2026/09/22 01:06:54.773, 1, 237.52 W, 38, 2032 MHz, 3996 MHz, 0 %, 0 %
2026/09/22 01:06:54.773, 2, 228.07 W, 31, 2032 MHz, 3996 MHz, 0 %, 0 %
2026/09/22 01:06:54.773, 3, 230.15 W, 32, 2032 MHz, 3996 MHz, 0 %, 0 %
2026/09/22 01:06:54.773, 4, 181.08 W, 35, 120 MHz, 3996 MHz, 0 %, 0 %
2026/09/22 01:06:54.773, 5, 178.91 W, 34, 120 MHz, 3996 MHz, 0 %, 0 %
2026/09/22 01:06:54.773, 6, 179.00 W, 30, 120 MHz, 3996 MHz, 0 %, 0 %
2026/09/22 01:06:54.773, 7, 181.54 W, 30, 120 MHz, 3996 MHz, 0 %, 0 %
2026/09/22 01:06:55.773, 0, 233.51 W, 37, 2032 MHz, 3996 MHz, 0 %, 0 %
2026/09/22 01:06:55.773, 1, 237.52 W, 38, 2032 MHz, 3996 MHz, 0 %, 0 %
2026/09/22 01:06:55.773, 2, 228.07 W, 31, 2032 MHz, 3996 MHz, 0 %, 0 %
2026/09/22 01:06:55.773, 3, 230.16 W, 32, 2032 MHz, 3996 MHz, 0 %, 0 %
2026/09/22 01:06:55.773, 4, 180.96 W, 35, 120 MHz, 3996 MHz, 0 %, 0 %
2026/09/22 01:06:55.773, 5, 178.76 W, 34, 120 MHz, 3996 MHz, 0 %, 0 %
2026/09/22 01:06:55.773, 6, 178.97 W, 30, 120 MHz, 3996 MHz, 0 %, 0 %
2026/09/22 01:06:55.773, 7, 181.50 W, 30, 120 MHz, 3996 MHz, 0 %, 0 %
2026/09/22 01:06:56.774, 0, 233.51 W, 37, 2032 MHz, 3996 MHz, 0 %, 0 %
2026/09/22 01:06:56.774, 1, 237.52 W, 38, 2032 MHz, 3996 MHz, 0 %, 0 %
2026/09/22 01:06:56.774, 2, 228.07 W, 31, 2032 MHz, 3996 MHz, 0 %, 0 %
2026/09/22 01:06:56.774, 3, 230.15 W, 32, 2032 MHz, 3996 MHz, 0 %, 0 %
2026/09/22 01:06:56.774, 4, 180.78 W, 35, 120 MHz, 3996 MHz, 0 %, 0 %
2026/09/22 01:06:56.774, 5, 178.87 W, 34, 120 MHz, 3996 MHz, 0 %, 0 %
2026/09/22 01:06:56.774, 6, 178.92 W, 30, 120 MHz, 3996 MHz, 0 %, 0 %
2026/09/22 01:06:56.774, 7, 181.50 W, 30, 120 MHz, 3996 MHz, 0 %, 0 %
2026/09/22 01:06:57.774, 0, 233.55 W, 37, 2032 MHz, 3996 MHz, 0 %, 0 %
2026/09/22 01:06:57.774, 1, 237.52 W, 38, 2032 MHz, 3996 MHz, 0 %, 0 %
2026/09/22 01:06:57.774, 2, 228.07 W, 31, 2032 MHz, 3996 MHz, 0 %, 0 %
2026/09/22 01:06:57.774, 3, 230.15 W, 32, 2032 MHz, 3996 MHz, 0 %, 0 %
2026/09/22 01:06:57.774, 4, 180.89 W, 35, 120 MHz, 3996 MHz, 0 %, 0 %
2026/09/22 01:06:57.774, 5, 178.84 W, 34, 120 MHz, 3996 MHz, 0 %, 0 %
2026/09/22 01:06:57.774, 6, 179.16 W, 30, 120 MHz, 3996 MHz, 0 %, 0 %
2026/09/22 01:06:57.774, 7, 181.34 W, 30, 120 MHz, 3996 MHz, 0 %, 0 %
2026/09/22 01:06:58.774, 0, 233.53 W, 37, 2032 MHz, 3996 MHz, 0 %, 0 %
2026/09/22 01:06:58.774, 1, 237.52 W, 38, 2032 MHz, 3996 MHz, 0 %, 0 %
2026/09/22 01:06:58.774, 2, 228.07 W, 31, 2032 MHz, 3996 MHz, 0 %, 0 %
2026/09/22 01:06:58.774, 3, 230.16 W, 32, 2032 MHz, 3996 MHz, 0 %, 0 %
2026/09/22 01:06:58.774, 4, 181.01 W, 35, 120 MHz, 3996 MHz, 0 %, 0 %
2026/09/22 01:06:58.774, 5, 178.80 W, 34, 120 MHz, 3996 MHz, 0 %, 0 %
2026/09/22 01:06:58.774, 6, 178.92 W, 30, 120 MHz, 3996 MHz, 0 %, 0 %
2026/09/22 01:06:58.774, 7, 181.54 W, 30, 120 MHz, 3996 MHz, 0 %, 0 %
2026/09/22 01:06:59.774, 0, 233.51 W, 37, 2032 MHz, 3996 MHz, 0 %, 0 %
2026/09/22 01:06:59.774, 1, 237.52 W, 38, 2032 MHz, 3996 MHz, 0 %, 0 %
2026/09/22 01:06:59.774, 2, 228.07 W, 31, 2032 MHz, 3996 MHz, 0 %, 0 %
2026/09/22 01:06:59.774, 3, 230.16 W, 32, 2032 MHz, 3996 MHz, 0 %, 0 %
2026/09/22 01:06:59.774, 4, 181.08 W, 35, 120 MHz, 3996 MHz, 0 %, 0 %
2026/09/22 01:06:59.775, 5, 179.07 W, 34, 120 MHz, 3996 MHz, 0 %, 0 %
2026/09/22 01:06:59.775, 6, 179.04 W, 30, 120 MHz, 3996 MHz, 0 %, 0 %
2026/09/22 01:06:59.775, 7, 181.46 W, 30, 120 MHz, 3996 MHz, 0 %, 0 %
2026/09/22 01:07:00.775, 0, 233.49 W, 37, 2032 MHz, 3996 MHz, 0 %, 0 %
2026/09/22 01:07:00.775, 1, 237.52 W, 38, 2032 MHz, 3996 MHz, 0 %, 0 %
2026/09/22 01:07:00.775, 2, 228.07 W, 31, 2032 MHz, 3996 MHz, 0 %, 0 %
2026/09/22 01:07:00.775, 3, 230.15 W, 32, 2032 MHz, 3996 MHz, 0 %, 0 %
2026/09/22 01:07:00.775, 4, 180.89 W, 35, 120 MHz, 3996 MHz, 0 %, 0 %
2026/09/22 01:07:00.775, 5, 178.83 W, 34, 120 MHz, 3996 MHz, 0 %, 0 %
2026/09/22 01:07:00.775, 6, 178.82 W, 30, 120 MHz, 3996 MHz, 0 %, 0 %
2026/09/22 01:07:00.775, 7, 181.50 W, 30, 120 MHz, 3996 MHz, 0 %, 0 %
2026/09/22 01:07:01.775, 0, 233.52 W, 37, 2032 MHz, 3996 MHz, 0 %, 0 %
2026/09/22 01:07:01.775, 1, 237.52 W, 38, 2032 MHz, 3996 MHz, 0 %, 0 %
2026/09/22 01:07:01.775, 2, 228.07 W, 31, 2032 MHz, 3996 MHz, 0 %, 0 %
2026/09/22 01:07:01.775, 3, 230.15 W, 32, 2032 MHz, 3996 MHz, 0 %, 0 %
2026/09/22 01:07:01.775, 4, 180.93 W, 35, 120 MHz, 3996 MHz, 0 %, 0 %
2026/09/22 01:07:01.775, 5, 178.91 W, 34, 120 MHz, 3996 MHz, 0 %, 0 %
2026/09/22 01:07:01.775, 6, 178.92 W, 30, 120 MHz, 3996 MHz, 0 %, 0 %
2026/09/22 01:07:01.775, 7, 181.46 W, 30, 120 MHz, 3996 MHz, 0 %, 0 %
2026/09/22 01:07:02.775, 0, 233.53 W, 37, 2032 MHz, 3996 MHz, 0 %, 0 %
2026/09/22 01:07:02.775, 1, 237.52 W, 38, 2032 MHz, 3996 MHz, 0 %, 0 %
2026/09/22 01:07:02.775, 2, 228.07 W, 31, 2032 MHz, 3996 MHz, 0 %, 0 %
2026/09/22 01:07:02.775, 3, 230.15 W, 32, 2032 MHz, 3996 MHz, 0 %, 0 %
2026/09/22 01:07:02.775, 4, 181.13 W, 35, 120 MHz, 3996 MHz, 0 %, 0 %
2026/09/22 01:07:02.775, 5, 178.91 W, 34, 120 MHz, 3996 MHz, 0 %, 0 %
2026/09/22 01:07:02.775, 6, 179.15 W, 30, 120 MHz, 3996 MHz, 0 %, 0 %
2026/09/22 01:07:02.775, 7, 181.46 W, 30, 120 MHz, 3996 MHz, 0 %, 0 %
2026/09/22 01:07:03.775, 0, 233.48 W, 37, 2032 MHz, 3996 MHz, 0 %, 0 %
2026/09/22 01:07:03.775, 1, 237.52 W, 38, 2032 MHz, 3996 MHz, 0 %, 0 %
2026/09/22 01:07:03.775, 2, 228.07 W, 31, 2032 MHz, 3996 MHz, 0 %, 0 %
2026/09/22 01:07:03.776, 3, 230.16 W, 32, 2032 MHz, 3996 MHz, 0 %, 0 %
2026/09/22 01:07:03.776, 4, 181.05 W, 35, 120 MHz, 3996 MHz, 0 %, 0 %
2026/09/22 01:07:03.776, 5, 178.87 W, 34, 120 MHz, 3996 MHz, 0 %, 0 %
2026/09/22 01:07:03.776, 6, 178.92 W, 30, 120 MHz, 3996 MHz, 0 %, 0 %
2026/09/22 01:07:03.776, 7, 181.34 W, 30, 120 MHz, 3996 MHz, 0 %, 0 %
2026/09/22 01:07:04.776, 0, 233.51 W, 37, 2032 MHz, 3996 MHz, 0 %, 0 %
2026/09/22 01:07:04.776, 1, 237.48 W, 38, 2032 MHz, 3996 MHz, 0 %, 0 %
2026/09/22 01:07:04.776, 2, 228.07 W, 31, 2032 MHz, 3996 MHz, 0 %, 0 %
2026/09/22 01:07:04.776, 3, 230.16 W, 32, 2032 MHz, 3996 MHz, 0 %, 0 %
2026/09/22 01:07:04.776, 4, 180.89 W, 35, 120 MHz, 3996 MHz, 0 %, 0 %
2026/09/22 01:07:04.776, 5, 179.02 W, 34, 120 MHz, 3996 MHz, 0 %, 0 %
2026/09/22 01:07:04.776, 6, 179.01 W, 30, 120 MHz, 3996 MHz, 0 %, 0 %
2026/09/22 01:07:04.776, 7, 181.42 W, 30, 120 MHz, 3996 MHz, 0 %, 0 %
2026/09/22 01:07:05.776, 0, 233.65 W, 37, 2032 MHz, 3996 MHz, 0 %, 0 %
2026/09/22 01:07:05.776, 1, 237.52 W, 38, 2032 MHz, 3996 MHz, 0 %, 0 %
2026/09/22 01:07:05.776, 2, 228.15 W, 31, 2032 MHz, 3996 MHz, 0 %, 0 %
2026/09/22 01:07:05.776, 3, 230.38 W, 32, 2032 MHz, 3996 MHz, 0 %, 0 %
2026/09/22 01:07:05.776, 4, 181.00 W, 35, 120 MHz, 3996 MHz, 0 %, 0 %
2026/09/22 01:07:05.776, 5, 179.11 W, 34, 120 MHz, 3996 MHz, 0 %, 0 %
2026/09/22 01:07:05.776, 6, 179.04 W, 30, 120 MHz, 3996 MHz, 0 %, 0 %
2026/09/22 01:07:05.776, 7, 181.54 W, 30, 120 MHz, 3996 MHz, 0 %, 0 %
2026/09/22 01:07:06.776, 0, 233.51 W, 37, 2032 MHz, 3996 MHz, 0 %, 0 %
2026/09/22 01:07:06.776, 1, 237.52 W, 38, 2032 MHz, 3996 MHz, 0 %, 0 %
2026/09/22 01:07:06.776, 2, 228.07 W, 31, 2032 MHz, 3996 MHz, 0 %, 0 %
2026/09/22 01:07:06.776, 3, 230.16 W, 32, 2032 MHz, 3996 MHz, 0 %, 0 %
2026/09/22 01:07:06.776, 4, 180.89 W, 35, 120 MHz, 3996 MHz, 0 %, 0 %
2026/09/22 01:07:06.776, 5, 178.95 W, 34, 120 MHz, 3996 MHz, 0 %, 0 %
2026/09/22 01:07:06.776, 6, 179.20 W, 30, 120 MHz, 3996 MHz, 0 %, 0 %
2026/09/22 01:07:06.776, 7, 181.50 W, 30, 120 MHz, 3996 MHz, 0 %, 0 %
2026/09/22 01:07:07.777, 0, 233.50 W, 37, 2032 MHz, 3996 MHz, 0 %, 0 %
2026/09/22 01:07:07.777, 1, 237.52 W, 38, 2032 MHz, 3996 MHz, 0 %, 0 %
2026/09/22 01:07:07.777, 2, 228.07 W, 31, 2032 MHz, 3996 MHz, 0 %, 0 %
2026/09/22 01:07:07.777, 3, 230.15 W, 32, 2032 MHz, 3996 MHz, 0 %, 0 %
2026/09/22 01:07:07.777, 4, 180.89 W, 35, 120 MHz, 3996 MHz, 0 %, 0 %
2026/09/22 01:07:07.777, 5, 178.76 W, 34, 120 MHz, 3996 MHz, 0 %, 0 %
2026/09/22 01:07:07.777, 6, 178.84 W, 30, 120 MHz, 3996 MHz, 0 %, 0 %
2026/09/22 01:07:07.777, 7, 181.50 W, 30, 120 MHz, 3996 MHz, 0 %, 0 %
2026/09/22 01:07:08.777, 0, 233.48 W, 37, 2032 MHz, 3996 MHz, 0 %, 0 %
2026/09/22 01:07:08.777, 1, 237.52 W, 38, 2032 MHz, 3996 MHz, 0 %, 0 %
2026/09/22 01:07:08.777, 2, 228.07 W, 31, 2032 MHz, 3996 MHz, 0 %, 0 %
2026/09/22 01:07:08.777, 3, 230.15 W, 32, 2032 MHz, 3996 MHz, 0 %, 0 %
2026/09/22 01:07:08.777, 4, 180.82 W, 35, 120 MHz, 3996 MHz, 0 %, 0 %
2026/09/22 01:07:08.777, 5, 178.87 W, 34, 120 MHz, 3996 MHz, 0 %, 0 %
2026/09/22 01:07:08.777, 6, 178.84 W, 30, 120 MHz, 3996 MHz, 0 %, 0 %
2026/09/22 01:07:08.777, 7, 181.54 W, 30, 120 MHz, 3996 MHz, 0 %, 0 %
2026/09/22 01:07:09.777, 0, 233.48 W, 37, 2032 MHz, 3996 MHz, 0 %, 0 %
2026/09/22 01:07:09.777, 1, 237.51 W, 38, 2032 MHz, 3996 MHz, 0 %, 0 %
2026/09/22 01:07:09.777, 2, 228.07 W, 31, 2032 MHz, 3996 MHz, 0 %, 0 %
2026/09/22 01:07:09.777, 3, 230.16 W, 32, 2032 MHz, 3996 MHz, 0 %, 0 %
2026/09/22 01:07:09.777, 4, 181.23 W, 35, 120 MHz, 3996 MHz, 0 %, 0 %
2026/09/22 01:07:09.777, 5, 178.64 W, 34, 120 MHz, 3996 MHz, 0 %, 0 %
2026/09/22 01:07:09.777, 6, 179.01 W, 30, 120 MHz, 3996 MHz, 0 %, 0 %
2026/09/22 01:07:09.777, 7, 181.46 W, 30, 120 MHz, 3996 MHz, 0 %, 0 %
2026/09/22 01:07:10.777, 0, 233.48 W, 37, 2032 MHz, 3996 MHz, 0 %, 0 %
2026/09/22 01:07:10.777, 1, 237.51 W, 38, 2032 MHz, 3996 MHz, 0 %, 0 %
2026/09/22 01:07:10.777, 2, 228.07 W, 31, 2032 MHz, 3996 MHz, 0 %, 0 %
2026/09/22 01:07:10.777, 3, 230.15 W, 32, 2032 MHz, 3996 MHz, 0 %, 0 %
2026/09/22 01:07:10.777, 4, 180.85 W, 35, 120 MHz, 3996 MHz, 0 %, 0 %
2026/09/22 01:07:10.777, 5, 178.80 W, 34, 120 MHz, 3996 MHz, 0 %, 0 %
2026/09/22 01:07:10.777, 6, 179.15 W, 30, 120 MHz, 3996 MHz, 0 %, 0 %
2026/09/22 01:07:10.778, 7, 181.46 W, 30, 120 MHz, 3996 MHz, 0 %, 0 %
2026/09/22 01:07:11.778, 0, 233.48 W, 37, 2032 MHz, 3996 MHz, 0 %, 0 %
2026/09/22 01:07:11.778, 1, 237.51 W, 38, 2032 MHz, 3996 MHz, 0 %, 0 %
2026/09/22 01:07:11.778, 2, 228.07 W, 31, 2032 MHz, 3996 MHz, 0 %, 0 %
2026/09/22 01:07:11.778, 3, 230.16 W, 32, 2032 MHz, 3996 MHz, 0 %, 0 %
2026/09/22 01:07:11.778, 4, 181.04 W, 35, 120 MHz, 3996 MHz, 0 %, 0 %
2026/09/22 01:07:11.778, 5, 178.98 W, 34, 120 MHz, 3996 MHz, 0 %, 0 %
2026/09/22 01:07:11.778, 6, 178.80 W, 30, 120 MHz, 3996 MHz, 0 %, 0 %
2026/09/22 01:07:11.778, 7, 181.50 W, 30, 120 MHz, 3996 MHz, 0 %, 0 %
2026/09/22 01:07:12.778, 0, 233.47 W, 37, 2032 MHz, 3996 MHz, 0 %, 0 %
2026/09/22 01:07:12.778, 1, 237.52 W, 38, 2032 MHz, 3996 MHz, 0 %, 0 %
2026/09/22 01:07:12.778, 2, 228.07 W, 31, 2032 MHz, 3996 MHz, 0 %, 0 %
2026/09/22 01:07:12.778, 3, 230.15 W, 32, 2032 MHz, 3996 MHz, 0 %, 0 %
2026/09/22 01:07:12.778, 4, 181.23 W, 35, 120 MHz, 3996 MHz, 0 %, 0 %
2026/09/22 01:07:12.778, 5, 178.76 W, 34, 120 MHz, 3996 MHz, 0 %, 0 %
2026/09/22 01:07:12.778, 6, 178.82 W, 30, 120 MHz, 3996 MHz, 0 %, 0 %
2026/09/22 01:07:12.778, 7, 181.54 W, 30, 120 MHz, 3996 MHz, 0 %, 0 %
2026/09/22 01:07:13.778, 0, 233.47 W, 37, 2032 MHz, 3996 MHz, 0 %, 0 %
2026/09/22 01:07:13.778, 1, 237.52 W, 38, 2032 MHz, 3996 MHz, 0 %, 0 %
2026/09/22 01:07:13.778, 2, 228.07 W, 31, 2032 MHz, 3996 MHz, 0 %, 0 %
2026/09/22 01:07:13.778, 3, 230.16 W, 32, 2032 MHz, 3996 MHz, 0 %, 0 %
2026/09/22 01:07:13.778, 4, 181.01 W, 35, 120 MHz, 3996 MHz, 0 %, 0 %
2026/09/22 01:07:13.778, 5, 178.72 W, 34, 120 MHz, 3996 MHz, 0 %, 0 %
2026/09/22 01:07:13.778, 6, 178.97 W, 30, 120 MHz, 3996 MHz, 0 %, 0 %
2026/09/22 01:07:13.778, 7, 181.54 W, 30, 120 MHz, 3996 MHz, 0 %, 0 %
2026/09/22 01:07:14.778, 0, 233.48 W, 37, 2032 MHz, 3996 MHz, 0 %, 0 %
2026/09/22 01:07:14.778, 1, 237.51 W, 38, 2032 MHz, 3996 MHz, 0 %, 0 %
2026/09/22 01:07:14.778, 2, 228.07 W, 31, 2032 MHz, 3996 MHz, 0 %, 0 %
2026/09/22 01:07:14.778, 3, 230.15 W, 32, 2032 MHz, 3996 MHz, 0 %, 0 %
2026/09/22 01:07:14.778, 4, 181.09 W, 35, 120 MHz, 3996 MHz, 0 %, 0 %
2026/09/22 01:07:14.779, 5, 179.10 W, 34, 120 MHz, 3996 MHz, 0 %, 0 %
2026/09/22 01:07:14.779, 6, 178.68 W, 30, 120 MHz, 3996 MHz, 0 %, 0 %
2026/09/22 01:07:14.779, 7, 181.50 W, 30, 120 MHz, 3996 MHz, 0 %, 0 %
2026/09/22 01:07:15.779, 0, 233.48 W, 37, 2032 MHz, 3996 MHz, 0 %, 0 %
2026/09/22 01:07:15.779, 1, 237.52 W, 38, 2032 MHz, 3996 MHz, 0 %, 0 %
2026/09/22 01:07:15.779, 2, 228.07 W, 31, 2032 MHz, 3996 MHz, 0 %, 0 %
2026/09/22 01:07:15.779, 3, 230.16 W, 32, 2032 MHz, 3996 MHz, 0 %, 0 %
2026/09/22 01:07:15.779, 4, 181.04 W, 35, 120 MHz, 3996 MHz, 0 %, 0 %
2026/09/22 01:07:15.779, 5, 179.02 W, 34, 120 MHz, 3996 MHz, 0 %, 0 %
2026/09/22 01:07:15.779, 6, 178.85 W, 30, 120 MHz, 3996 MHz, 0 %, 0 %
2026/09/22 01:07:15.779, 7, 181.38 W, 30, 120 MHz, 3996 MHz, 0 %, 0 %
2026/09/22 01:07:16.779, 0, 233.50 W, 37, 2032 MHz, 3996 MHz, 0 %, 0 %
2026/09/22 01:07:16.779, 1, 237.52 W, 38, 2032 MHz, 3996 MHz, 0 %, 0 %
2026/09/22 01:07:16.779, 2, 228.07 W, 31, 2032 MHz, 3996 MHz, 0 %, 0 %
2026/09/22 01:07:16.779, 3, 230.15 W, 32, 2032 MHz, 3996 MHz, 0 %, 0 %
2026/09/22 01:07:16.779, 4, 181.20 W, 35, 120 MHz, 3996 MHz, 0 %, 0 %
2026/09/22 01:07:16.779, 5, 178.83 W, 34, 120 MHz, 3996 MHz, 0 %, 0 %
2026/09/22 01:07:16.779, 6, 178.93 W, 30, 120 MHz, 3996 MHz, 0 %, 0 %
2026/09/22 01:07:16.779, 7, 181.46 W, 30, 120 MHz, 3996 MHz, 0 %, 0 %
2026/09/22 01:07:17.779, 0, 233.59 W, 37, 2032 MHz, 3996 MHz, 0 %, 0 %
2026/09/22 01:07:17.779, 1, 237.52 W, 38, 2032 MHz, 3996 MHz, 0 %, 0 %
2026/09/22 01:07:17.779, 2, 228.07 W, 31, 2032 MHz, 3996 MHz, 0 %, 0 %
2026/09/22 01:07:17.779, 3, 230.27 W, 32, 2032 MHz, 3996 MHz, 0 %, 0 %
2026/09/22 01:07:17.779, 4, 181.00 W, 35, 120 MHz, 3996 MHz, 0 %, 0 %
2026/09/22 01:07:17.779, 5, 178.76 W, 34, 120 MHz, 3996 MHz, 0 %, 0 %
2026/09/22 01:07:17.779, 6, 179.23 W, 30, 120 MHz, 3996 MHz, 0 %, 0 %
2026/09/22 01:07:17.779, 7, 181.42 W, 30, 120 MHz, 3996 MHz, 0 %, 0 %
2026/09/22 01:07:18.779, 0, 233.48 W, 37, 2032 MHz, 3996 MHz, 0 %, 0 %
2026/09/22 01:07:18.779, 1, 237.51 W, 38, 2032 MHz, 3996 MHz, 0 %, 0 %
2026/09/22 01:07:18.779, 2, 228.07 W, 31, 2032 MHz, 3996 MHz, 0 %, 0 %
2026/09/22 01:07:18.780, 3, 230.16 W, 31, 2032 MHz, 3996 MHz, 0 %, 0 %
2026/09/22 01:07:18.780, 4, 180.86 W, 35, 120 MHz, 3996 MHz, 0 %, 0 %
2026/09/22 01:07:18.780, 5, 178.76 W, 34, 120 MHz, 3996 MHz, 0 %, 0 %
2026/09/22 01:07:18.780, 6, 178.74 W, 30, 120 MHz, 3996 MHz, 0 %, 0 %
2026/09/22 01:07:18.780, 7, 181.27 W, 30, 120 MHz, 3996 MHz, 0 %, 0 %
2026/09/22 01:07:19.780, 0, 233.48 W, 37, 2032 MHz, 3996 MHz, 0 %, 0 %
2026/09/22 01:07:19.780, 1, 237.52 W, 38, 2032 MHz, 3996 MHz, 0 %, 0 %
2026/09/22 01:07:19.780, 2, 228.07 W, 31, 2032 MHz, 3996 MHz, 0 %, 0 %
2026/09/22 01:07:19.780, 3, 230.15 W, 32, 2032 MHz, 3996 MHz, 0 %, 0 %
2026/09/22 01:07:19.780, 4, 181.01 W, 35, 120 MHz, 3996 MHz, 0 %, 0 %
2026/09/22 01:07:19.780, 5, 178.79 W, 34, 120 MHz, 3996 MHz, 0 %, 0 %
2026/09/22 01:07:19.780, 6, 178.96 W, 30, 120 MHz, 3996 MHz, 0 %, 0 %
2026/09/22 01:07:19.780, 7, 181.38 W, 30, 120 MHz, 3996 MHz, 0 %, 0 %
2026/09/22 01:07:20.780, 0, 233.49 W, 37, 2032 MHz, 3996 MHz, 0 %, 0 %
2026/09/22 01:07:20.780, 1, 237.52 W, 38, 2032 MHz, 3996 MHz, 0 %, 0 %
2026/09/22 01:07:20.780, 2, 228.07 W, 31, 2032 MHz, 3996 MHz, 0 %, 0 %
2026/09/22 01:07:20.780, 3, 230.16 W, 32, 2032 MHz, 3996 MHz, 0 %, 0 %
2026/09/22 01:07:20.780, 4, 181.08 W, 35, 120 MHz, 3996 MHz, 0 %, 0 %
2026/09/22 01:07:20.780, 5, 178.87 W, 34, 120 MHz, 3996 MHz, 0 %, 0 %
2026/09/22 01:07:20.780, 6, 179.19 W, 30, 120 MHz, 3996 MHz, 0 %, 0 %
2026/09/22 01:07:20.780, 7, 181.46 W, 30, 120 MHz, 3996 MHz, 0 %, 0 %
2026/09/22 01:07:21.780, 0, 233.50 W, 37, 2032 MHz, 3996 MHz, 0 %, 0 %
2026/09/22 01:07:21.780, 1, 237.52 W, 38, 2032 MHz, 3996 MHz, 0 %, 0 %
2026/09/22 01:07:21.780, 2, 228.07 W, 31, 2032 MHz, 3996 MHz, 0 %, 0 %
2026/09/22 01:07:21.780, 3, 230.16 W, 32, 2032 MHz, 3996 MHz, 0 %, 0 %
2026/09/22 01:07:21.780, 4, 180.82 W, 35, 120 MHz, 3996 MHz, 0 %, 0 %
2026/09/22 01:07:21.780, 5, 178.87 W, 34, 120 MHz, 3996 MHz, 0 %, 0 %
2026/09/22 01:07:21.780, 6, 178.97 W, 30, 120 MHz, 3996 MHz, 0 %, 0 %
2026/09/22 01:07:21.780, 7, 181.42 W, 30, 120 MHz, 3996 MHz, 0 %, 0 %
2026/09/22 01:07:22.780, 0, 233.50 W, 37, 2032 MHz, 3996 MHz, 0 %, 0 %
2026/09/22 01:07:22.781, 1, 237.52 W, 38, 2032 MHz, 3996 MHz, 0 %, 0 %
2026/09/22 01:07:22.781, 2, 228.07 W, 31, 2032 MHz, 3996 MHz, 0 %, 0 %
2026/09/22 01:07:22.781, 3, 230.15 W, 32, 2032 MHz, 3996 MHz, 0 %, 0 %
2026/09/22 01:07:22.781, 4, 180.97 W, 35, 120 MHz, 3996 MHz, 0 %, 0 %
2026/09/22 01:07:22.781, 5, 178.72 W, 34, 120 MHz, 3996 MHz, 0 %, 0 %
2026/09/22 01:07:22.781, 6, 178.80 W, 30, 120 MHz, 3996 MHz, 0 %, 0 %
2026/09/22 01:07:22.781, 7, 181.54 W, 30, 120 MHz, 3996 MHz, 0 %, 0 %
2026/09/22 01:07:23.781, 0, 233.49 W, 37, 2032 MHz, 3996 MHz, 0 %, 0 %
2026/09/22 01:07:23.781, 1, 237.52 W, 38, 2032 MHz, 3996 MHz, 0 %, 0 %
2026/09/22 01:07:23.781, 2, 228.07 W, 31, 2032 MHz, 3996 MHz, 0 %, 0 %
2026/09/22 01:07:23.781, 3, 230.16 W, 32, 2032 MHz, 3996 MHz, 0 %, 0 %
2026/09/22 01:07:23.781, 4, 180.96 W, 35, 120 MHz, 3996 MHz, 0 %, 0 %
2026/09/22 01:07:23.781, 5, 178.76 W, 34, 120 MHz, 3996 MHz, 0 %, 0 %
2026/09/22 01:07:23.781, 6, 179.09 W, 30, 120 MHz, 3996 MHz, 0 %, 0 %
2026/09/22 01:07:23.781, 7, 181.42 W, 30, 120 MHz, 3996 MHz, 0 %, 0 %
2026/09/22 01:07:24.781, 0, 233.49 W, 37, 2032 MHz, 3996 MHz, 0 %, 0 %
2026/09/22 01:07:24.781, 1, 237.52 W, 38, 2032 MHz, 3996 MHz, 0 %, 0 %
2026/09/22 01:07:24.781, 2, 228.07 W, 31, 2032 MHz, 3996 MHz, 0 %, 0 %
2026/09/22 01:07:24.781, 3, 230.16 W, 31, 2032 MHz, 3996 MHz, 0 %, 0 %
2026/09/22 01:07:24.781, 4, 181.13 W, 35, 120 MHz, 3996 MHz, 0 %, 0 %
2026/09/22 01:07:24.781, 5, 178.87 W, 34, 120 MHz, 3996 MHz, 0 %, 0 %
2026/09/22 01:07:24.781, 6, 179.08 W, 30, 120 MHz, 3996 MHz, 0 %, 0 %
2026/09/22 01:07:24.781, 7, 181.42 W, 30, 120 MHz, 3996 MHz, 0 %, 0 %
2026/09/22 01:07:25.781, 0, 233.48 W, 37, 2032 MHz, 3996 MHz, 0 %, 0 %
2026/09/22 01:07:25.781, 1, 237.52 W, 38, 2032 MHz, 3996 MHz, 0 %, 0 %
2026/09/22 01:07:25.781, 2, 228.07 W, 31, 2032 MHz, 3996 MHz, 0 %, 0 %
2026/09/22 01:07:25.782, 3, 230.16 W, 32, 2032 MHz, 3996 MHz, 0 %, 0 %
2026/09/22 01:07:25.782, 4, 181.09 W, 35, 120 MHz, 3996 MHz, 0 %, 0 %
2026/09/22 01:07:25.782, 5, 178.80 W, 34, 120 MHz, 3996 MHz, 0 %, 0 %
2026/09/22 01:07:25.782, 6, 178.84 W, 30, 120 MHz, 3996 MHz, 0 %, 0 %
2026/09/22 01:07:25.782, 7, 181.50 W, 30, 120 MHz, 3996 MHz, 0 %, 0 %
2026/09/22 01:07:26.782, 0, 233.47 W, 37, 2032 MHz, 3996 MHz, 0 %, 0 %
2026/09/22 01:07:26.782, 1, 237.48 W, 38, 2032 MHz, 3996 MHz, 0 %, 0 %
2026/09/22 01:07:26.782, 2, 228.07 W, 31, 2032 MHz, 3996 MHz, 0 %, 0 %
2026/09/22 01:07:26.782, 3, 230.16 W, 32, 2032 MHz, 3996 MHz, 0 %, 0 %
2026/09/22 01:07:26.782, 4, 181.13 W, 35, 120 MHz, 3996 MHz, 0 %, 0 %
2026/09/22 01:07:26.782, 5, 178.76 W, 34, 120 MHz, 3996 MHz, 0 %, 0 %
2026/09/22 01:07:26.782, 6, 179.01 W, 30, 120 MHz, 3996 MHz, 0 %, 0 %
2026/09/22 01:07:26.782, 7, 181.54 W, 30, 120 MHz, 3996 MHz, 0 %, 0 %
2026/09/22 01:07:27.782, 0, 233.48 W, 37, 2032 MHz, 3996 MHz, 0 %, 0 %
2026/09/22 01:07:27.782, 1, 237.52 W, 38, 2032 MHz, 3996 MHz, 0 %, 0 %
2026/09/22 01:07:27.782, 2, 228.07 W, 31, 2032 MHz, 3996 MHz, 0 %, 0 %
2026/09/22 01:07:27.782, 3, 230.16 W, 32, 2032 MHz, 3996 MHz, 0 %, 0 %
2026/09/22 01:07:27.782, 4, 180.93 W, 35, 120 MHz, 3996 MHz, 0 %, 0 %
2026/09/22 01:07:27.782, 5, 178.91 W, 34, 120 MHz, 3996 MHz, 0 %, 0 %
2026/09/22 01:07:27.782, 6, 178.92 W, 30, 120 MHz, 3996 MHz, 0 %, 0 %
2026/09/22 01:07:27.782, 7, 181.46 W, 30, 120 MHz, 3996 MHz, 0 %, 0 %
2026/09/22 01:07:28.782, 0, 233.48 W, 37, 2032 MHz, 3996 MHz, 0 %, 0 %
2026/09/22 01:07:28.782, 1, 237.52 W, 38, 2032 MHz, 3996 MHz, 0 %, 0 %
2026/09/22 01:07:28.782, 2, 228.07 W, 31, 2032 MHz, 3996 MHz, 0 %, 0 %
2026/09/22 01:07:28.782, 3, 230.15 W, 32, 2032 MHz, 3996 MHz, 0 %, 0 %
2026/09/22 01:07:28.782, 4, 181.12 W, 35, 120 MHz, 3996 MHz, 0 %, 0 %
2026/09/22 01:07:28.782, 5, 178.88 W, 34, 120 MHz, 3996 MHz, 0 %, 0 %
2026/09/22 01:07:28.782, 6, 178.93 W, 30, 120 MHz, 3996 MHz, 0 %, 0 %
2026/09/22 01:07:28.782, 7, 181.42 W, 30, 120 MHz, 3996 MHz, 0 %, 0 %
2026/09/22 01:07:29.783, 0, 233.68 W, 37, 2032 MHz, 3996 MHz, 0 %, 0 %
2026/09/22 01:07:29.783, 1, 237.52 W, 38, 2032 MHz, 3996 MHz, 0 %, 0 %
2026/09/22 01:07:29.783, 2, 228.14 W, 31, 2032 MHz, 3996 MHz, 0 %, 0 %
2026/09/22 01:07:29.783, 3, 230.35 W, 32, 2032 MHz, 3996 MHz, 0 %, 0 %
2026/09/22 01:07:29.783, 4, 180.86 W, 35, 120 MHz, 3996 MHz, 0 %, 0 %
2026/09/22 01:07:29.783, 5, 178.79 W, 34, 120 MHz, 3996 MHz, 0 %, 0 %
2026/09/22 01:07:29.783, 6, 179.23 W, 30, 120 MHz, 3996 MHz, 0 %, 0 %
2026/09/22 01:07:29.783, 7, 181.46 W, 30, 120 MHz, 3996 MHz, 0 %, 0 %
2026/09/22 01:07:30.783, 0, 233.49 W, 37, 2032 MHz, 3996 MHz, 0 %, 0 %
2026/09/22 01:07:30.783, 1, 237.52 W, 38, 2032 MHz, 3996 MHz, 0 %, 0 %
2026/09/22 01:07:30.783, 2, 228.07 W, 32, 2032 MHz, 3996 MHz, 0 %, 0 %
2026/09/22 01:07:30.783, 3, 230.16 W, 32, 2032 MHz, 3996 MHz, 0 %, 0 %
2026/09/22 01:07:30.783, 4, 180.82 W, 35, 120 MHz, 3996 MHz, 0 %, 0 %
2026/09/22 01:07:30.783, 5, 178.80 W, 34, 120 MHz, 3996 MHz, 0 %, 0 %
2026/09/22 01:07:30.783, 6, 179.23 W, 30, 120 MHz, 3996 MHz, 0 %, 0 %
2026/09/22 01:07:30.783, 7, 181.38 W, 30, 120 MHz, 3996 MHz, 0 %, 0 %
2026/09/22 01:07:31.783, 0, 233.50 W, 37, 2032 MHz, 3996 MHz, 0 %, 0 %
2026/09/22 01:07:31.783, 1, 237.52 W, 38, 2032 MHz, 3996 MHz, 0 %, 0 %
2026/09/22 01:07:31.783, 2, 228.07 W, 32, 2032 MHz, 3996 MHz, 0 %, 0 %
2026/09/22 01:07:31.783, 3, 230.16 W, 32, 2032 MHz, 3996 MHz, 0 %, 0 %
2026/09/22 01:07:31.783, 4, 180.89 W, 35, 120 MHz, 3996 MHz, 0 %, 0 %
2026/09/22 01:07:31.783, 5, 178.87 W, 34, 120 MHz, 3996 MHz, 0 %, 0 %
2026/09/22 01:07:31.783, 6, 179.12 W, 30, 120 MHz, 3996 MHz, 0 %, 0 %
2026/09/22 01:07:31.783, 7, 181.50 W, 30, 120 MHz, 3996 MHz, 0 %, 0 %
2026/09/22 01:07:32.783, 0, 233.49 W, 37, 2032 MHz, 3996 MHz, 0 %, 0 %
2026/09/22 01:07:32.783, 1, 237.52 W, 38, 2032 MHz, 3996 MHz, 0 %, 0 %
2026/09/22 01:07:32.783, 2, 228.07 W, 32, 2032 MHz, 3996 MHz, 0 %, 0 %
2026/09/22 01:07:32.783, 3, 230.16 W, 32, 2032 MHz, 3996 MHz, 0 %, 0 %
2026/09/22 01:07:32.783, 4, 180.81 W, 35, 120 MHz, 3996 MHz, 0 %, 0 %
2026/09/22 01:07:32.783, 5, 178.76 W, 34, 120 MHz, 3996 MHz, 0 %, 0 %
2026/09/22 01:07:32.784, 6, 179.05 W, 30, 120 MHz, 3996 MHz, 0 %, 0 %
2026/09/22 01:07:32.784, 7, 181.50 W, 30, 120 MHz, 3996 MHz, 0 %, 0 %
2026/09/22 01:07:33.784, 0, 233.50 W, 37, 2032 MHz, 3996 MHz, 0 %, 0 %
2026/09/22 01:07:33.784, 1, 237.52 W, 38, 2032 MHz, 3996 MHz, 0 %, 0 %
2026/09/22 01:07:33.784, 2, 228.07 W, 32, 2032 MHz, 3996 MHz, 0 %, 0 %
2026/09/22 01:07:33.784, 3, 230.16 W, 32, 2032 MHz, 3996 MHz, 0 %, 0 %
2026/09/22 01:07:33.784, 4, 181.17 W, 35, 120 MHz, 3996 MHz, 0 %, 0 %
2026/09/22 01:07:33.784, 5, 178.91 W, 34, 120 MHz, 3996 MHz, 0 %, 0 %
2026/09/22 01:07:33.784, 6, 179.11 W, 30, 120 MHz, 3996 MHz, 0 %, 0 %
2026/09/22 01:07:33.784, 7, 181.50 W, 30, 120 MHz, 3996 MHz, 0 %, 0 %
2026/09/22 01:07:34.784, 0, 233.50 W, 37, 2032 MHz, 3996 MHz, 0 %, 0 %
2026/09/22 01:07:34.784, 1, 237.52 W, 38, 2032 MHz, 3996 MHz, 0 %, 0 %
2026/09/22 01:07:34.784, 2, 228.07 W, 32, 2032 MHz, 3996 MHz, 0 %, 0 %
2026/09/22 01:07:34.784, 3, 230.15 W, 32, 2032 MHz, 3996 MHz, 0 %, 0 %
2026/09/22 01:07:34.784, 4, 180.93 W, 35, 120 MHz, 3996 MHz, 0 %, 0 %
2026/09/22 01:07:34.784, 5, 178.87 W, 34, 120 MHz, 3996 MHz, 0 %, 0 %
2026/09/22 01:07:34.784, 6, 178.96 W, 30, 120 MHz, 3996 MHz, 0 %, 0 %
2026/09/22 01:07:34.784, 7, 181.50 W, 30, 120 MHz, 3996 MHz, 0 %, 0 %
2026/09/22 01:07:35.784, 0, 233.51 W, 37, 2032 MHz, 3996 MHz, 0 %, 0 %
2026/09/22 01:07:35.784, 1, 237.52 W, 38, 2032 MHz, 3996 MHz, 0 %, 0 %
2026/09/22 01:07:35.784, 2, 228.07 W, 32, 2032 MHz, 3996 MHz, 0 %, 0 %
2026/09/22 01:07:35.784, 3, 230.15 W, 32, 2032 MHz, 3996 MHz, 0 %, 0 %
2026/09/22 01:07:35.784, 4, 181.04 W, 35, 120 MHz, 3996 MHz, 0 %, 0 %
2026/09/22 01:07:35.784, 5, 178.76 W, 34, 120 MHz, 3996 MHz, 0 %, 0 %
2026/09/22 01:07:35.784, 6, 179.12 W, 30, 120 MHz, 3996 MHz, 0 %, 0 %
2026/09/22 01:07:35.784, 7, 181.38 W, 30, 120 MHz, 3996 MHz, 0 %, 0 %
2026/09/22 01:07:36.784, 0, 233.49 W, 37, 2032 MHz, 3996 MHz, 0 %, 0 %
2026/09/22 01:07:36.785, 1, 237.52 W, 38, 2032 MHz, 3996 MHz, 0 %, 0 %
2026/09/22 01:07:36.785, 2, 228.07 W, 32, 2032 MHz, 3996 MHz, 0 %, 0 %
2026/09/22 01:07:36.785, 3, 230.16 W, 32, 2032 MHz, 3996 MHz, 0 %, 0 %
2026/09/22 01:07:36.785, 4, 181.08 W, 35, 120 MHz, 3996 MHz, 0 %, 0 %
2026/09/22 01:07:36.785, 5, 178.83 W, 34, 120 MHz, 3996 MHz, 0 %, 0 %
2026/09/22 01:07:36.785, 6, 179.08 W, 30, 120 MHz, 3996 MHz, 0 %, 0 %
2026/09/22 01:07:36.785, 7, 181.42 W, 30, 120 MHz, 3996 MHz, 0 %, 0 %
2026/09/22 01:07:37.785, 0, 233.50 W, 37, 2032 MHz, 3996 MHz, 0 %, 0 %
2026/09/22 01:07:37.785, 1, 237.52 W, 38, 2032 MHz, 3996 MHz, 0 %, 0 %
2026/09/22 01:07:37.785, 2, 228.07 W, 32, 2032 MHz, 3996 MHz, 0 %, 0 %
2026/09/22 01:07:37.785, 3, 230.16 W, 32, 2032 MHz, 3996 MHz, 0 %, 0 %
2026/09/22 01:07:37.785, 4, 180.97 W, 35, 120 MHz, 3996 MHz, 0 %, 0 %
2026/09/22 01:07:37.785, 5, 178.68 W, 34, 120 MHz, 3996 MHz, 0 %, 0 %
2026/09/22 01:07:37.785, 6, 179.00 W, 30, 120 MHz, 3996 MHz, 0 %, 0 %
2026/09/22 01:07:37.785, 7, 181.54 W, 30, 120 MHz, 3996 MHz, 0 %, 0 %
2026/09/22 01:07:38.785, 0, 233.49 W, 37, 2032 MHz, 3996 MHz, 0 %, 0 %
2026/09/22 01:07:38.785, 1, 237.52 W, 38, 2032 MHz, 3996 MHz, 0 %, 0 %
2026/09/22 01:07:38.785, 2, 228.07 W, 32, 2032 MHz, 3996 MHz, 0 %, 0 %
2026/09/22 01:07:38.785, 3, 230.16 W, 32, 2032 MHz, 3996 MHz, 0 %, 0 %
2026/09/22 01:07:38.785, 4, 181.00 W, 35, 120 MHz, 3996 MHz, 0 %, 0 %
2026/09/22 01:07:38.785, 5, 178.79 W, 34, 120 MHz, 3996 MHz, 0 %, 0 %
2026/09/22 01:07:38.785, 6, 179.12 W, 30, 120 MHz, 3996 MHz, 0 %, 0 %
2026/09/22 01:07:38.785, 7, 181.46 W, 30, 120 MHz, 3996 MHz, 0 %, 0 %
2026/09/22 01:07:39.785, 0, 233.51 W, 37, 2032 MHz, 3996 MHz, 0 %, 0 %
2026/09/22 01:07:39.785, 1, 237.52 W, 38, 2032 MHz, 3996 MHz, 0 %, 0 %
2026/09/22 01:07:39.785, 2, 228.07 W, 32, 2032 MHz, 3996 MHz, 0 %, 0 %
2026/09/22 01:07:39.785, 3, 230.16 W, 32, 2032 MHz, 3996 MHz, 0 %, 0 %
2026/09/22 01:07:39.785, 4, 180.89 W, 35, 120 MHz, 3996 MHz, 0 %, 0 %
2026/09/22 01:07:39.786, 5, 178.79 W, 34, 120 MHz, 3996 MHz, 0 %, 0 %
2026/09/22 01:07:39.786, 6, 179.04 W, 30, 120 MHz, 3996 MHz, 0 %, 0 %
2026/09/22 01:07:39.786, 7, 181.54 W, 30, 120 MHz, 3996 MHz, 0 %, 0 %
2026/09/22 01:07:40.786, 0, 233.54 W, 37, 2032 MHz, 3996 MHz, 0 %, 0 %
2026/09/22 01:07:40.786, 1, 237.52 W, 38, 2032 MHz, 3996 MHz, 0 %, 0 %
2026/09/22 01:07:40.786, 2, 228.07 W, 32, 2032 MHz, 3996 MHz, 0 %, 0 %
2026/09/22 01:07:40.786, 3, 230.16 W, 32, 2032 MHz, 3996 MHz, 0 %, 0 %
2026/09/22 01:07:40.786, 4, 181.01 W, 35, 120 MHz, 3996 MHz, 0 %, 0 %
2026/09/22 01:07:40.786, 5, 178.76 W, 34, 120 MHz, 3996 MHz, 0 %, 0 %
2026/09/22 01:07:40.786, 6, 179.12 W, 30, 120 MHz, 3996 MHz, 0 %, 0 %
2026/09/22 01:07:40.786, 7, 181.54 W, 30, 120 MHz, 3996 MHz, 0 %, 0 %
2026/09/22 01:07:41.786, 0, 233.65 W, 37, 2032 MHz, 3996 MHz, 0 %, 0 %
2026/09/22 01:07:41.786, 1, 237.60 W, 38, 2032 MHz, 3996 MHz, 0 %, 0 %
2026/09/22 01:07:41.786, 2, 228.07 W, 32, 2032 MHz, 3996 MHz, 0 %, 0 %
2026/09/22 01:07:41.786, 3, 230.35 W, 32, 2032 MHz, 3996 MHz, 0 %, 0 %
2026/09/22 01:07:41.786, 4, 180.93 W, 35, 120 MHz, 3996 MHz, 0 %, 0 %
2026/09/22 01:07:41.786, 5, 178.79 W, 34, 120 MHz, 3996 MHz, 0 %, 0 %
2026/09/22 01:07:41.786, 6, 179.01 W, 30, 120 MHz, 3996 MHz, 0 %, 0 %
2026/09/22 01:07:41.786, 7, 181.42 W, 30, 120 MHz, 3996 MHz, 0 %, 0 %
2026/09/22 01:07:42.786, 0, 233.50 W, 37, 2032 MHz, 3996 MHz, 0 %, 0 %
2026/09/22 01:07:42.786, 1, 237.52 W, 38, 2032 MHz, 3996 MHz, 0 %, 0 %
2026/09/22 01:07:42.786, 2, 228.07 W, 32, 2032 MHz, 3996 MHz, 0 %, 0 %
2026/09/22 01:07:42.786, 3, 230.15 W, 32, 2032 MHz, 3996 MHz, 0 %, 0 %
2026/09/22 01:07:42.786, 4, 180.78 W, 35, 120 MHz, 3996 MHz, 0 %, 0 %
2026/09/22 01:07:42.786, 5, 178.76 W, 34, 120 MHz, 3996 MHz, 0 %, 0 %
2026/09/22 01:07:42.786, 6, 179.07 W, 30, 120 MHz, 3996 MHz, 0 %, 0 %
2026/09/22 01:07:42.786, 7, 181.50 W, 30, 120 MHz, 3996 MHz, 0 %, 0 %
2026/09/22 01:07:43.786, 0, 233.52 W, 37, 2032 MHz, 3996 MHz, 0 %, 0 %
2026/09/22 01:07:43.786, 1, 237.48 W, 38, 2032 MHz, 3996 MHz, 0 %, 0 %
2026/09/22 01:07:43.787, 2, 228.07 W, 32, 2032 MHz, 3996 MHz, 0 %, 0 %
2026/09/22 01:07:43.787, 3, 230.15 W, 32, 2032 MHz, 3996 MHz, 0 %, 0 %
2026/09/22 01:07:43.787, 4, 181.12 W, 35, 120 MHz, 3996 MHz, 0 %, 0 %
2026/09/22 01:07:43.787, 5, 178.80 W, 34, 120 MHz, 3996 MHz, 0 %, 0 %
2026/09/22 01:07:43.787, 6, 179.19 W, 30, 120 MHz, 3996 MHz, 0 %, 0 %
2026/09/22 01:07:43.787, 7, 181.50 W, 30, 120 MHz, 3996 MHz, 0 %, 0 %
2026/09/22 01:07:44.787, 0, 233.51 W, 37, 2032 MHz, 3996 MHz, 0 %, 0 %
2026/09/22 01:07:44.787, 1, 237.52 W, 38, 2032 MHz, 3996 MHz, 0 %, 0 %
2026/09/22 01:07:44.787, 2, 228.07 W, 32, 2032 MHz, 3996 MHz, 0 %, 0 %
2026/09/22 01:07:44.787, 3, 230.19 W, 32, 2032 MHz, 3996 MHz, 0 %, 0 %
2026/09/22 01:07:44.787, 4, 181.00 W, 35, 120 MHz, 3996 MHz, 0 %, 0 %
2026/09/22 01:07:44.787, 5, 178.76 W, 34, 120 MHz, 3996 MHz, 0 %, 0 %
2026/09/22 01:07:44.787, 6, 179.09 W, 30, 120 MHz, 3996 MHz, 0 %, 0 %
2026/09/22 01:07:44.787, 7, 181.54 W, 30, 120 MHz, 3996 MHz, 0 %, 0 %
2026/09/22 01:07:45.787, 0, 233.52 W, 37, 2032 MHz, 3996 MHz, 0 %, 0 %
2026/09/22 01:07:45.787, 1, 237.52 W, 38, 2032 MHz, 3996 MHz, 0 %, 0 %
2026/09/22 01:07:45.787, 2, 228.07 W, 32, 2032 MHz, 3996 MHz, 0 %, 0 %
2026/09/22 01:07:45.787, 3, 230.16 W, 32, 2032 MHz, 3996 MHz, 0 %, 0 %
2026/09/22 01:07:45.787, 4, 181.24 W, 35, 120 MHz, 3996 MHz, 0 %, 0 %
2026/09/22 01:07:45.788, 5, 178.80 W, 34, 120 MHz, 3996 MHz, 0 %, 0 %
2026/09/22 01:07:45.788, 6, 179.32 W, 30, 120 MHz, 3996 MHz, 0 %, 0 %
2026/09/22 01:07:45.788, 7, 181.54 W, 30, 120 MHz, 3996 MHz, 0 %, 0 %
2026/09/22 01:07:46.788, 0, 233.49 W, 37, 2032 MHz, 3996 MHz, 0 %, 0 %
2026/09/22 01:07:46.788, 1, 237.52 W, 38, 2032 MHz, 3996 MHz, 0 %, 0 %
2026/09/22 01:07:46.788, 2, 228.07 W, 32, 2032 MHz, 3996 MHz, 0 %, 0 %
2026/09/22 01:07:46.788, 3, 230.15 W, 32, 2032 MHz, 3996 MHz, 0 %, 0 %
2026/09/22 01:07:46.788, 4, 181.08 W, 35, 120 MHz, 3996 MHz, 0 %, 0 %
2026/09/22 01:07:46.788, 5, 178.80 W, 34, 120 MHz, 3996 MHz, 0 %, 0 %
2026/09/22 01:07:46.788, 6, 179.20 W, 30, 120 MHz, 3996 MHz, 0 %, 0 %
2026/09/22 01:07:46.788, 7, 181.54 W, 30, 120 MHz, 3996 MHz, 0 %, 0 %
2026/09/22 01:07:47.788, 0, 233.49 W, 37, 2032 MHz, 3996 MHz, 0 %, 0 %
2026/09/22 01:07:47.788, 1, 237.52 W, 38, 2032 MHz, 3996 MHz, 0 %, 0 %
2026/09/22 01:07:47.788, 2, 228.07 W, 32, 2032 MHz, 3996 MHz, 0 %, 0 %
2026/09/22 01:07:47.788, 3, 230.16 W, 32, 2032 MHz, 3996 MHz, 0 %, 0 %
2026/09/22 01:07:47.788, 4, 180.74 W, 35, 120 MHz, 3996 MHz, 0 %, 0 %
2026/09/22 01:07:47.788, 5, 178.83 W, 34, 120 MHz, 3996 MHz, 0 %, 0 %
2026/09/22 01:07:47.788, 6, 179.15 W, 30, 120 MHz, 3996 MHz, 0 %, 0 %
2026/09/22 01:07:47.788, 7, 181.54 W, 30, 120 MHz, 3996 MHz, 0 %, 0 %
2026/09/22 01:07:48.788, 0, 233.51 W, 37, 2032 MHz, 3996 MHz, 0 %, 0 %
2026/09/22 01:07:48.788, 1, 237.52 W, 38, 2032 MHz, 3996 MHz, 0 %, 0 %
2026/09/22 01:07:48.788, 2, 228.07 W, 32, 2032 MHz, 3996 MHz, 0 %, 0 %
2026/09/22 01:07:48.788, 3, 230.16 W, 32, 2032 MHz, 3996 MHz, 0 %, 0 %
2026/09/22 01:07:48.788, 4, 181.17 W, 35, 120 MHz, 3996 MHz, 0 %, 0 %
2026/09/22 01:07:48.788, 5, 178.72 W, 34, 120 MHz, 3996 MHz, 0 %, 0 %
2026/09/22 01:07:48.788, 6, 179.05 W, 30, 120 MHz, 3996 MHz, 0 %, 0 %
2026/09/22 01:07:48.788, 7, 181.50 W, 30, 120 MHz, 3996 MHz, 0 %, 0 %
2026/09/22 01:07:49.789, 0, 233.51 W, 37, 2032 MHz, 3996 MHz, 0 %, 0 %
2026/09/22 01:07:49.789, 1, 237.48 W, 38, 2032 MHz, 3996 MHz, 0 %, 0 %
2026/09/22 01:07:49.789, 2, 228.07 W, 32, 2032 MHz, 3996 MHz, 0 %, 0 %
2026/09/22 01:07:49.789, 3, 230.15 W, 32, 2032 MHz, 3996 MHz, 0 %, 0 %
2026/09/22 01:07:49.789, 4, 180.89 W, 35, 120 MHz, 3996 MHz, 0 %, 0 %
2026/09/22 01:07:49.789, 5, 178.76 W, 34, 120 MHz, 3996 MHz, 0 %, 0 %
2026/09/22 01:07:49.789, 6, 179.35 W, 30, 120 MHz, 3996 MHz, 0 %, 0 %
2026/09/22 01:07:49.789, 7, 181.49 W, 30, 120 MHz, 3996 MHz, 0 %, 0 %
2026/09/22 01:07:50.789, 0, 233.51 W, 37, 2032 MHz, 3996 MHz, 0 %, 0 %
2026/09/22 01:07:50.789, 1, 237.52 W, 38, 2032 MHz, 3996 MHz, 0 %, 0 %
2026/09/22 01:07:50.789, 2, 228.07 W, 32, 2032 MHz, 3996 MHz, 0 %, 0 %
2026/09/22 01:07:50.789, 3, 230.16 W, 32, 2032 MHz, 3996 MHz, 0 %, 0 %
2026/09/22 01:07:50.789, 4, 181.04 W, 35, 120 MHz, 3996 MHz, 0 %, 0 %
2026/09/22 01:07:50.789, 5, 178.87 W, 34, 120 MHz, 3996 MHz, 0 %, 0 %
2026/09/22 01:07:50.789, 6, 179.12 W, 30, 120 MHz, 3996 MHz, 0 %, 0 %
2026/09/22 01:07:50.789, 7, 181.54 W, 30, 120 MHz, 3996 MHz, 0 %, 0 %
2026/09/22 01:07:51.789, 0, 233.50 W, 37, 2032 MHz, 3996 MHz, 0 %, 0 %
2026/09/22 01:07:51.789, 1, 237.52 W, 38, 2032 MHz, 3996 MHz, 0 %, 0 %
2026/09/22 01:07:51.789, 2, 228.07 W, 32, 2032 MHz, 3996 MHz, 0 %, 0 %
2026/09/22 01:07:51.789, 3, 230.16 W, 32, 2032 MHz, 3996 MHz, 0 %, 0 %
2026/09/22 01:07:51.789, 4, 181.17 W, 35, 120 MHz, 3996 MHz, 0 %, 0 %
2026/09/22 01:07:51.789, 5, 178.91 W, 34, 120 MHz, 3996 MHz, 0 %, 0 %
2026/09/22 01:07:51.789, 6, 179.11 W, 30, 120 MHz, 3996 MHz, 0 %, 0 %
2026/09/22 01:07:51.789, 7, 181.50 W, 30, 120 MHz, 3996 MHz, 0 %, 0 %
2026/09/22 01:07:52.789, 0, 240.91 W, 37, 2032 MHz, 3996 MHz, 100 %, 0 %
2026/09/22 01:07:52.789, 1, 237.50 W, 38, 2032 MHz, 3996 MHz, 0 %, 0 %
2026/09/22 01:07:52.789, 2, 228.07 W, 32, 2032 MHz, 3996 MHz, 0 %, 0 %
2026/09/22 01:07:52.789, 3, 230.16 W, 32, 2032 MHz, 3996 MHz, 0 %, 0 %
2026/09/22 01:07:52.789, 4, 181.00 W, 35, 120 MHz, 3996 MHz, 0 %, 0 %
2026/09/22 01:07:52.790, 5, 178.72 W, 34, 120 MHz, 3996 MHz, 0 %, 0 %
2026/09/22 01:07:52.790, 6, 178.97 W, 30, 120 MHz, 3996 MHz, 0 %, 0 %
2026/09/22 01:07:52.790, 7, 181.54 W, 30, 120 MHz, 3996 MHz, 0 %, 0 %
2026/09/22 01:07:53.790, 0, 244.92 W, 37, 2032 MHz, 3996 MHz, 100 %, 0 %
2026/09/22 01:07:53.790, 1, 237.48 W, 38, 2032 MHz, 3996 MHz, 0 %, 0 %
2026/09/22 01:07:53.790, 2, 228.15 W, 32, 2032 MHz, 3996 MHz, 0 %, 0 %
2026/09/22 01:07:53.790, 3, 230.61 W, 32, 2032 MHz, 3996 MHz, 39 %, 0 %
2026/09/22 01:07:53.790, 4, 181.17 W, 35, 120 MHz, 3996 MHz, 0 %, 0 %
2026/09/22 01:07:53.790, 5, 178.95 W, 34, 120 MHz, 3996 MHz, 0 %, 0 %
2026/09/22 01:07:53.790, 6, 178.86 W, 30, 120 MHz, 3996 MHz, 0 %, 0 %
2026/09/22 01:07:53.790, 7, 181.46 W, 30, 120 MHz, 3996 MHz, 0 %, 0 %
2026/09/22 01:07:54.790, 0, 233.54 W, 37, 2032 MHz, 3996 MHz, 0 %, 0 %
2026/09/22 01:07:54.790, 1, 237.52 W, 38, 2032 MHz, 3996 MHz, 0 %, 0 %
2026/09/22 01:07:54.790, 2, 228.11 W, 32, 2032 MHz, 3996 MHz, 0 %, 0 %
2026/09/22 01:07:54.790, 3, 230.16 W, 32, 2032 MHz, 3996 MHz, 0 %, 0 %
2026/09/22 01:07:54.790, 4, 181.23 W, 35, 120 MHz, 3996 MHz, 0 %, 0 %
2026/09/22 01:07:54.790, 5, 178.76 W, 34, 120 MHz, 3996 MHz, 0 %, 0 %
2026/09/22 01:07:54.790, 6, 178.84 W, 30, 120 MHz, 3996 MHz, 0 %, 0 %
2026/09/22 01:07:54.790, 7, 181.50 W, 30, 120 MHz, 3996 MHz, 0 %, 0 %
2026/09/22 01:07:55.790, 0, 233.55 W, 37, 2032 MHz, 3996 MHz, 0 %, 0 %
2026/09/22 01:07:55.790, 1, 237.52 W, 38, 2032 MHz, 3996 MHz, 0 %, 0 %
2026/09/22 01:07:55.790, 2, 228.07 W, 32, 2032 MHz, 3996 MHz, 0 %, 0 %
2026/09/22 01:07:55.790, 3, 230.16 W, 32, 2032 MHz, 3996 MHz, 0 %, 0 %
2026/09/22 01:07:55.790, 4, 181.16 W, 35, 120 MHz, 3996 MHz, 0 %, 0 %
2026/09/22 01:07:55.790, 5, 178.76 W, 34, 120 MHz, 3996 MHz, 0 %, 0 %
2026/09/22 01:07:55.790, 6, 179.09 W, 30, 120 MHz, 3996 MHz, 0 %, 0 %
2026/09/22 01:07:55.790, 7, 181.46 W, 30, 120 MHz, 3996 MHz, 0 %, 0 %
2026/09/22 01:07:56.790, 0, 233.55 W, 37, 2032 MHz, 3996 MHz, 0 %, 0 %
2026/09/22 01:07:56.790, 1, 237.52 W, 38, 2032 MHz, 3996 MHz, 0 %, 0 %
2026/09/22 01:07:56.791, 2, 228.07 W, 32, 2032 MHz, 3996 MHz, 0 %, 0 %
2026/09/22 01:07:56.791, 3, 230.16 W, 32, 2032 MHz, 3996 MHz, 0 %, 0 %
2026/09/22 01:07:56.791, 4, 181.12 W, 35, 120 MHz, 3996 MHz, 0 %, 0 %
2026/09/22 01:07:56.791, 5, 178.68 W, 34, 120 MHz, 3996 MHz, 0 %, 0 %
2026/09/22 01:07:56.791, 6, 178.92 W, 30, 120 MHz, 3996 MHz, 0 %, 0 %
2026/09/22 01:07:56.791, 7, 181.50 W, 30, 120 MHz, 3996 MHz, 0 %, 0 %
2026/09/22 01:07:57.791, 0, 233.51 W, 37, 2032 MHz, 3996 MHz, 0 %, 0 %
2026/09/22 01:07:57.791, 1, 237.52 W, 38, 2032 MHz, 3996 MHz, 0 %, 0 %
2026/09/22 01:07:57.791, 2, 228.07 W, 32, 2032 MHz, 3996 MHz, 0 %, 0 %
2026/09/22 01:07:57.791, 3, 230.16 W, 32, 2032 MHz, 3996 MHz, 0 %, 0 %
2026/09/22 01:07:57.791, 4, 181.04 W, 35, 120 MHz, 3996 MHz, 0 %, 0 %
2026/09/22 01:07:57.791, 5, 178.72 W, 34, 120 MHz, 3996 MHz, 0 %, 0 %
2026/09/22 01:07:57.791, 6, 178.93 W, 30, 120 MHz, 3996 MHz, 0 %, 0 %
2026/09/22 01:07:57.791, 7, 181.50 W, 30, 120 MHz, 3996 MHz, 0 %, 0 %
2026/09/22 01:07:58.791, 0, 233.51 W, 37, 2032 MHz, 3996 MHz, 100 %, 0 %
2026/09/22 01:07:58.791, 1, 237.52 W, 38, 2032 MHz, 3996 MHz, 0 %, 0 %
2026/09/22 01:07:58.791, 2, 228.07 W, 32, 2032 MHz, 3996 MHz, 0 %, 0 %
2026/09/22 01:07:58.791, 3, 230.15 W, 32, 2032 MHz, 3996 MHz, 0 %, 0 %
2026/09/22 01:07:58.791, 4, 181.19 W, 35, 120 MHz, 3996 MHz, 0 %, 0 %
2026/09/22 01:07:58.791, 5, 178.83 W, 34, 120 MHz, 3996 MHz, 0 %, 0 %
2026/09/22 01:07:58.791, 6, 178.82 W, 30, 120 MHz, 3996 MHz, 0 %, 0 %
2026/09/22 01:07:58.791, 7, 181.54 W, 30, 120 MHz, 3996 MHz, 0 %, 0 %
2026/09/22 01:07:59.791, 0, 233.51 W, 37, 2032 MHz, 3996 MHz, 100 %, 0 %
2026/09/22 01:07:59.791, 1, 237.52 W, 38, 2032 MHz, 3996 MHz, 0 %, 0 %
2026/09/22 01:07:59.791, 2, 228.07 W, 32, 2032 MHz, 3996 MHz, 0 %, 0 %
2026/09/22 01:07:59.791, 3, 230.15 W, 32, 2032 MHz, 3996 MHz, 0 %, 0 %
2026/09/22 01:07:59.791, 4, 181.01 W, 35, 120 MHz, 3996 MHz, 0 %, 0 %
2026/09/22 01:07:59.791, 5, 178.76 W, 34, 120 MHz, 3996 MHz, 0 %, 0 %
2026/09/22 01:07:59.791, 6, 179.08 W, 30, 120 MHz, 3996 MHz, 0 %, 0 %
2026/09/22 01:07:59.791, 7, 181.54 W, 30, 120 MHz, 3996 MHz, 0 %, 0 %
2026/09/22 01:08:00.792, 0, 233.49 W, 37, 2032 MHz, 3996 MHz, 100 %, 0 %
2026/09/22 01:08:00.792, 1, 237.52 W, 38, 2032 MHz, 3996 MHz, 0 %, 0 %
2026/09/22 01:08:00.792, 2, 228.07 W, 32, 2032 MHz, 3996 MHz, 0 %, 0 %
2026/09/22 01:08:00.792, 3, 230.16 W, 32, 2032 MHz, 3996 MHz, 0 %, 0 %
2026/09/22 01:08:00.792, 4, 181.19 W, 35, 120 MHz, 3996 MHz, 0 %, 0 %
2026/09/22 01:08:00.792, 5, 178.83 W, 34, 120 MHz, 3996 MHz, 0 %, 0 %
2026/09/22 01:08:00.792, 6, 179.00 W, 30, 120 MHz, 3996 MHz, 0 %, 0 %
2026/09/22 01:08:00.792, 7, 181.46 W, 30, 120 MHz, 3996 MHz, 0 %, 0 %
2026/09/22 01:08:01.792, 0, 233.52 W, 37, 2032 MHz, 3996 MHz, 100 %, 0 %
2026/09/22 01:08:01.792, 1, 237.52 W, 38, 2032 MHz, 3996 MHz, 0 %, 0 %
2026/09/22 01:08:01.792, 2, 228.07 W, 32, 2032 MHz, 3996 MHz, 0 %, 0 %
2026/09/22 01:08:01.792, 3, 230.15 W, 32, 2032 MHz, 3996 MHz, 0 %, 0 %
2026/09/22 01:08:01.792, 4, 181.04 W, 35, 120 MHz, 3996 MHz, 0 %, 0 %
2026/09/22 01:08:01.792, 5, 178.84 W, 34, 120 MHz, 3996 MHz, 0 %, 0 %
2026/09/22 01:08:01.792, 6, 178.90 W, 30, 120 MHz, 3996 MHz, 0 %, 0 %
2026/09/22 01:08:01.792, 7, 181.50 W, 30, 120 MHz, 3996 MHz, 0 %, 0 %
2026/09/22 01:08:02.792, 0, 233.51 W, 37, 2032 MHz, 3996 MHz, 100 %, 0 %
2026/09/22 01:08:02.792, 1, 237.52 W, 38, 2032 MHz, 3996 MHz, 0 %, 0 %
2026/09/22 01:08:02.792, 2, 228.07 W, 32, 2032 MHz, 3996 MHz, 0 %, 0 %
2026/09/22 01:08:02.792, 3, 230.16 W, 32, 2032 MHz, 3996 MHz, 0 %, 0 %
2026/09/22 01:08:02.792, 4, 181.05 W, 35, 120 MHz, 3996 MHz, 0 %, 0 %
2026/09/22 01:08:02.792, 5, 178.72 W, 34, 120 MHz, 3996 MHz, 0 %, 0 %
2026/09/22 01:08:02.792, 6, 178.80 W, 30, 120 MHz, 3996 MHz, 0 %, 0 %
2026/09/22 01:08:02.792, 7, 181.46 W, 30, 120 MHz, 3996 MHz, 0 %, 0 %
2026/09/22 01:08:03.792, 0, 233.51 W, 37, 2032 MHz, 3996 MHz, 100 %, 0 %
2026/09/22 01:08:03.792, 1, 237.52 W, 38, 2032 MHz, 3996 MHz, 0 %, 0 %
2026/09/22 01:08:03.792, 2, 228.07 W, 32, 2032 MHz, 3996 MHz, 0 %, 0 %
2026/09/22 01:08:03.792, 3, 230.16 W, 32, 2032 MHz, 3996 MHz, 0 %, 0 %
2026/09/22 01:08:03.792, 4, 180.85 W, 35, 120 MHz, 3996 MHz, 0 %, 0 %
2026/09/22 01:08:03.792, 5, 178.76 W, 34, 120 MHz, 3996 MHz, 0 %, 0 %
2026/09/22 01:08:03.792, 6, 178.93 W, 30, 120 MHz, 3996 MHz, 0 %, 0 %
2026/09/22 01:08:03.792, 7, 181.50 W, 30, 120 MHz, 3996 MHz, 0 %, 0 %
2026/09/22 01:08:04.793, 0, 233.52 W, 37, 2032 MHz, 3996 MHz, 23 %, 0 %
2026/09/22 01:08:04.793, 1, 237.52 W, 38, 2032 MHz, 3996 MHz, 0 %, 0 %
2026/09/22 01:08:04.793, 2, 228.07 W, 32, 2032 MHz, 3996 MHz, 12 %, 0 %
2026/09/22 01:08:04.793, 3, 230.16 W, 32, 2032 MHz, 3996 MHz, 0 %, 0 %
2026/09/22 01:08:04.793, 4, 180.82 W, 35, 120 MHz, 3996 MHz, 0 %, 0 %
2026/09/22 01:08:04.793, 5, 178.87 W, 34, 120 MHz, 3996 MHz, 0 %, 0 %
2026/09/22 01:08:04.793, 6, 179.03 W, 30, 120 MHz, 3996 MHz, 0 %, 0 %
2026/09/22 01:08:04.793, 7, 181.54 W, 30, 120 MHz, 3996 MHz, 0 %, 0 %
2026/09/22 01:08:05.793, 0, 233.50 W, 37, 2032 MHz, 3996 MHz, 0 %, 0 %
2026/09/22 01:08:05.793, 1, 237.52 W, 38, 2032 MHz, 3996 MHz, 0 %, 0 %
2026/09/22 01:08:05.793, 2, 228.07 W, 32, 2032 MHz, 3996 MHz, 0 %, 0 %
2026/09/22 01:08:05.793, 3, 230.16 W, 32, 2032 MHz, 3996 MHz, 0 %, 0 %
2026/09/22 01:08:05.793, 4, 181.05 W, 35, 120 MHz, 3996 MHz, 0 %, 0 %
2026/09/22 01:08:05.793, 5, 178.91 W, 34, 120 MHz, 3996 MHz, 0 %, 0 %
2026/09/22 01:08:05.793, 6, 179.03 W, 30, 120 MHz, 3996 MHz, 0 %, 0 %
2026/09/22 01:08:05.793, 7, 181.46 W, 30, 120 MHz, 3996 MHz, 0 %, 0 %
2026/09/22 01:08:06.793, 0, 239.33 W, 37, 2032 MHz, 3996 MHz, 100 %, 0 %
2026/09/22 01:08:06.793, 1, 237.50 W, 38, 2032 MHz, 3996 MHz, 0 %, 0 %
2026/09/22 01:08:06.793, 2, 228.07 W, 32, 2032 MHz, 3996 MHz, 0 %, 0 %
2026/09/22 01:08:06.793, 3, 230.16 W, 32, 2032 MHz, 3996 MHz, 0 %, 0 %
2026/09/22 01:08:06.793, 4, 181.00 W, 35, 120 MHz, 3996 MHz, 0 %, 0 %
2026/09/22 01:08:06.793, 5, 178.91 W, 34, 120 MHz, 3996 MHz, 0 %, 0 %
2026/09/22 01:08:06.793, 6, 178.87 W, 30, 120 MHz, 3996 MHz, 0 %, 0 %
2026/09/22 01:08:06.793, 7, 181.54 W, 30, 120 MHz, 3996 MHz, 0 %, 0 %
2026/09/22 01:08:07.793, 0, 243.52 W, 37, 2032 MHz, 3996 MHz, 45 %, 0 %
2026/09/22 01:08:07.793, 1, 237.48 W, 38, 2032 MHz, 3996 MHz, 0 %, 0 %
2026/09/22 01:08:07.793, 2, 228.10 W, 32, 2032 MHz, 3996 MHz, 2 %, 0 %
2026/09/22 01:08:07.793, 3, 230.76 W, 32, 2032 MHz, 3996 MHz, 0 %, 0 %
2026/09/22 01:08:07.794, 4, 180.93 W, 35, 120 MHz, 3996 MHz, 0 %, 0 %
2026/09/22 01:08:07.794, 5, 178.91 W, 34, 120 MHz, 3996 MHz, 0 %, 0 %
2026/09/22 01:08:07.794, 6, 178.78 W, 30, 120 MHz, 3996 MHz, 0 %, 0 %
2026/09/22 01:08:07.794, 7, 181.50 W, 30, 120 MHz, 3996 MHz, 0 %, 0 %
2026/09/22 01:08:08.794, 0, 233.50 W, 37, 2032 MHz, 3996 MHz, 0 %, 0 %
2026/09/22 01:08:08.794, 1, 237.52 W, 38, 2032 MHz, 3996 MHz, 0 %, 0 %
2026/09/22 01:08:08.794, 2, 228.07 W, 32, 2032 MHz, 3996 MHz, 0 %, 0 %
2026/09/22 01:08:08.794, 3, 230.16 W, 32, 2032 MHz, 3996 MHz, 0 %, 0 %
2026/09/22 01:08:08.794, 4, 181.05 W, 35, 120 MHz, 3996 MHz, 0 %, 0 %
2026/09/22 01:08:08.794, 5, 178.87 W, 34, 120 MHz, 3996 MHz, 0 %, 0 %
2026/09/22 01:08:08.794, 6, 179.15 W, 30, 120 MHz, 3996 MHz, 0 %, 0 %
2026/09/22 01:08:08.794, 7, 181.46 W, 30, 120 MHz, 3996 MHz, 0 %, 0 %
2026/09/22 01:08:09.794, 0, 233.52 W, 37, 2032 MHz, 3996 MHz, 0 %, 0 %
2026/09/22 01:08:09.794, 1, 237.52 W, 38, 2032 MHz, 3996 MHz, 0 %, 0 %
2026/09/22 01:08:09.794, 2, 228.07 W, 32, 2032 MHz, 3996 MHz, 0 %, 0 %
2026/09/22 01:08:09.794, 3, 230.15 W, 32, 2032 MHz, 3996 MHz, 0 %, 0 %
2026/09/22 01:08:09.794, 4, 180.81 W, 35, 120 MHz, 3996 MHz, 0 %, 0 %
2026/09/22 01:08:09.794, 5, 178.72 W, 34, 120 MHz, 3996 MHz, 0 %, 0 %
2026/09/22 01:08:09.794, 6, 179.24 W, 30, 120 MHz, 3996 MHz, 0 %, 0 %
2026/09/22 01:08:09.794, 7, 181.50 W, 30, 120 MHz, 3996 MHz, 0 %, 0 %
2026/09/22 01:08:10.794, 0, 233.50 W, 37, 2032 MHz, 3996 MHz, 0 %, 0 %
2026/09/22 01:08:10.794, 1, 237.52 W, 38, 2032 MHz, 3996 MHz, 0 %, 0 %
2026/09/22 01:08:10.794, 2, 228.07 W, 32, 2032 MHz, 3996 MHz, 0 %, 0 %
2026/09/22 01:08:10.794, 3, 230.15 W, 32, 2032 MHz, 3996 MHz, 0 %, 0 %
2026/09/22 01:08:10.794, 4, 181.23 W, 35, 120 MHz, 3996 MHz, 0 %, 0 %
2026/09/22 01:08:10.794, 5, 178.83 W, 34, 120 MHz, 3996 MHz, 0 %, 0 %
2026/09/22 01:08:10.794, 6, 178.89 W, 30, 120 MHz, 3996 MHz, 0 %, 0 %
2026/09/22 01:08:10.794, 7, 181.54 W, 30, 120 MHz, 3996 MHz, 0 %, 0 %
2026/09/22 01:08:11.795, 0, 233.53 W, 37, 2032 MHz, 3996 MHz, 100 %, 0 %
2026/09/22 01:08:11.795, 1, 237.52 W, 38, 2032 MHz, 3996 MHz, 0 %, 0 %
2026/09/22 01:08:11.795, 2, 228.07 W, 32, 2032 MHz, 3996 MHz, 0 %, 0 %
2026/09/22 01:08:11.795, 3, 230.15 W, 32, 2032 MHz, 3996 MHz, 0 %, 0 %
2026/09/22 01:08:11.795, 4, 181.05 W, 35, 120 MHz, 3996 MHz, 0 %, 0 %
2026/09/22 01:08:11.795, 5, 178.80 W, 34, 120 MHz, 3996 MHz, 0 %, 0 %
2026/09/22 01:08:11.795, 6, 179.15 W, 30, 120 MHz, 3996 MHz, 0 %, 0 %
2026/09/22 01:08:11.795, 7, 181.54 W, 30, 120 MHz, 3996 MHz, 0 %, 0 %
2026/09/22 01:08:12.795, 0, 233.53 W, 37, 2032 MHz, 3996 MHz, 100 %, 0 %
2026/09/22 01:08:12.795, 1, 237.52 W, 38, 2032 MHz, 3996 MHz, 0 %, 0 %
2026/09/22 01:08:12.795, 2, 228.07 W, 32, 2032 MHz, 3996 MHz, 0 %, 0 %
2026/09/22 01:08:12.795, 3, 230.16 W, 32, 2032 MHz, 3996 MHz, 0 %, 0 %
2026/09/22 01:08:12.795, 4, 180.81 W, 35, 120 MHz, 3996 MHz, 0 %, 0 %
2026/09/22 01:08:12.795, 5, 178.72 W, 34, 120 MHz, 3996 MHz, 0 %, 0 %
2026/09/22 01:08:12.795, 6, 178.97 W, 30, 120 MHz, 3996 MHz, 0 %, 0 %
2026/09/22 01:08:12.795, 7, 181.50 W, 30, 120 MHz, 3996 MHz, 0 %, 0 %
2026/09/22 01:08:13.795, 0, 233.54 W, 37, 2032 MHz, 3996 MHz, 100 %, 0 %
2026/09/22 01:08:13.795, 1, 237.52 W, 38, 2032 MHz, 3996 MHz, 0 %, 0 %
2026/09/22 01:08:13.795, 2, 228.07 W, 32, 2032 MHz, 3996 MHz, 0 %, 0 %
2026/09/22 01:08:13.795, 3, 230.15 W, 32, 2032 MHz, 3996 MHz, 0 %, 0 %
2026/09/22 01:08:13.795, 4, 181.04 W, 35, 120 MHz, 3996 MHz, 0 %, 0 %
2026/09/22 01:08:13.795, 5, 178.84 W, 34, 120 MHz, 3996 MHz, 0 %, 0 %
2026/09/22 01:08:13.795, 6, 179.07 W, 30, 120 MHz, 3996 MHz, 0 %, 0 %
2026/09/22 01:08:13.795, 7, 181.50 W, 30, 120 MHz, 3996 MHz, 0 %, 0 %
2026/09/22 01:08:14.795, 0, 233.55 W, 37, 2032 MHz, 3996 MHz, 100 %, 0 %
2026/09/22 01:08:14.795, 1, 237.52 W, 38, 2032 MHz, 3996 MHz, 0 %, 0 %
2026/09/22 01:08:14.795, 2, 228.07 W, 32, 2032 MHz, 3996 MHz, 0 %, 0 %
2026/09/22 01:08:14.795, 3, 230.16 W, 32, 2032 MHz, 3996 MHz, 0 %, 0 %
2026/09/22 01:08:14.795, 4, 181.04 W, 35, 120 MHz, 3996 MHz, 0 %, 0 %
2026/09/22 01:08:14.796, 5, 178.83 W, 34, 120 MHz, 3996 MHz, 0 %, 0 %
2026/09/22 01:08:14.796, 6, 179.16 W, 30, 120 MHz, 3996 MHz, 0 %, 0 %
2026/09/22 01:08:14.796, 7, 181.54 W, 30, 120 MHz, 3996 MHz, 0 %, 0 %
2026/09/22 01:08:15.796, 0, 233.50 W, 37, 2032 MHz, 3996 MHz, 100 %, 0 %
2026/09/22 01:08:15.796, 1, 237.52 W, 38, 2032 MHz, 3996 MHz, 0 %, 0 %
2026/09/22 01:08:15.796, 2, 228.07 W, 32, 2032 MHz, 3996 MHz, 0 %, 0 %
2026/09/22 01:08:15.796, 3, 230.16 W, 32, 2032 MHz, 3996 MHz, 0 %, 0 %
2026/09/22 01:08:15.796, 4, 181.05 W, 35, 120 MHz, 3996 MHz, 0 %, 0 %
2026/09/22 01:08:15.796, 5, 178.83 W, 34, 120 MHz, 3996 MHz, 0 %, 0 %
2026/09/22 01:08:15.796, 6, 178.92 W, 30, 120 MHz, 3996 MHz, 0 %, 0 %
2026/09/22 01:08:15.796, 7, 181.54 W, 30, 120 MHz, 3996 MHz, 0 %, 0 %
2026/09/22 01:08:16.796, 0, 233.53 W, 37, 2032 MHz, 3996 MHz, 0 %, 0 %
2026/09/22 01:08:16.796, 1, 237.52 W, 38, 2032 MHz, 3996 MHz, 12 %, 0 %
2026/09/22 01:08:16.796, 2, 228.07 W, 32, 2032 MHz, 3996 MHz, 0 %, 0 %
2026/09/22 01:08:16.796, 3, 230.16 W, 32, 2032 MHz, 3996 MHz, 0 %, 0 %
2026/09/22 01:08:16.796, 4, 180.97 W, 35, 120 MHz, 3996 MHz, 0 %, 0 %
2026/09/22 01:08:16.796, 5, 178.72 W, 34, 120 MHz, 3996 MHz, 0 %, 0 %
2026/09/22 01:08:16.796, 6, 178.86 W, 30, 120 MHz, 3996 MHz, 0 %, 0 %
2026/09/22 01:08:16.796, 7, 181.50 W, 30, 120 MHz, 3996 MHz, 0 %, 0 %
2026/09/22 01:08:17.796, 0, 233.53 W, 37, 2032 MHz, 3996 MHz, 0 %, 0 %
2026/09/22 01:08:17.796, 1, 237.52 W, 38, 2032 MHz, 3996 MHz, 0 %, 0 %
2026/09/22 01:08:17.796, 2, 228.07 W, 32, 2032 MHz, 3996 MHz, 0 %, 0 %
2026/09/22 01:08:17.796, 3, 230.16 W, 32, 2032 MHz, 3996 MHz, 0 %, 0 %
2026/09/22 01:08:17.796, 4, 180.97 W, 35, 120 MHz, 3996 MHz, 0 %, 0 %
2026/09/22 01:08:17.796, 5, 178.84 W, 34, 120 MHz, 3996 MHz, 0 %, 0 %
2026/09/22 01:08:17.796, 6, 178.97 W, 30, 120 MHz, 3996 MHz, 0 %, 0 %
2026/09/22 01:08:17.796, 7, 181.54 W, 30, 120 MHz, 3996 MHz, 0 %, 0 %
2026/09/22 01:08:18.796, 0, 235.95 W, 37, 2032 MHz, 3996 MHz, 100 %, 0 %
2026/09/22 01:08:18.797, 1, 237.51 W, 38, 2032 MHz, 3996 MHz, 0 %, 0 %
2026/09/22 01:08:18.797, 2, 228.07 W, 32, 2032 MHz, 3996 MHz, 0 %, 0 %
2026/09/22 01:08:18.797, 3, 230.16 W, 32, 2032 MHz, 3996 MHz, 0 %, 0 %
2026/09/22 01:08:18.797, 4, 180.89 W, 35, 120 MHz, 3996 MHz, 0 %, 0 %
2026/09/22 01:08:18.797, 5, 178.79 W, 34, 120 MHz, 3996 MHz, 0 %, 0 %
2026/09/22 01:08:18.797, 6, 179.09 W, 30, 120 MHz, 3996 MHz, 0 %, 0 %
2026/09/22 01:08:18.797, 7, 181.50 W, 30, 120 MHz, 3996 MHz, 0 %, 0 %
2026/09/22 01:08:19.797, 0, 245.15 W, 37, 2032 MHz, 3996 MHz, 100 %, 0 %
2026/09/22 01:08:19.797, 1, 237.50 W, 38, 2032 MHz, 3996 MHz, 0 %, 0 %
2026/09/22 01:08:19.797, 2, 228.07 W, 32, 2032 MHz, 3996 MHz, 0 %, 0 %
2026/09/22 01:08:19.797, 3, 230.15 W, 32, 2032 MHz, 3996 MHz, 0 %, 0 %
2026/09/22 01:08:19.797, 4, 180.93 W, 35, 120 MHz, 3996 MHz, 0 %, 0 %
2026/09/22 01:08:19.797, 5, 178.76 W, 34, 120 MHz, 3996 MHz, 0 %, 0 %
2026/09/22 01:08:19.797, 6, 179.09 W, 30, 120 MHz, 3996 MHz, 0 %, 0 %
2026/09/22 01:08:19.797, 7, 181.50 W, 30, 120 MHz, 3996 MHz, 0 %, 0 %
2026/09/22 01:08:20.797, 0, 238.55 W, 37, 2032 MHz, 3996 MHz, 0 %, 0 %
2026/09/22 01:08:20.797, 1, 237.55 W, 38, 2032 MHz, 3996 MHz, 0 %, 0 %
2026/09/22 01:08:20.797, 2, 228.07 W, 32, 2032 MHz, 3996 MHz, 0 %, 0 %
2026/09/22 01:08:20.797, 3, 230.46 W, 32, 2032 MHz, 3996 MHz, 0 %, 0 %
2026/09/22 01:08:20.797, 4, 180.97 W, 35, 120 MHz, 3996 MHz, 0 %, 0 %
2026/09/22 01:08:20.797, 5, 178.76 W, 34, 120 MHz, 3996 MHz, 0 %, 0 %
2026/09/22 01:08:20.797, 6, 179.12 W, 30, 120 MHz, 3996 MHz, 0 %, 0 %
2026/09/22 01:08:20.797, 7, 181.54 W, 30, 120 MHz, 3996 MHz, 0 %, 0 %
2026/09/22 01:08:21.797, 0, 233.56 W, 37, 2032 MHz, 3996 MHz, 0 %, 0 %
2026/09/22 01:08:21.797, 1, 237.52 W, 38, 2032 MHz, 3996 MHz, 0 %, 0 %
2026/09/22 01:08:21.797, 2, 228.07 W, 32, 2032 MHz, 3996 MHz, 0 %, 0 %
2026/09/22 01:08:21.797, 3, 230.16 W, 32, 2032 MHz, 3996 MHz, 0 %, 0 %
2026/09/22 01:08:21.797, 4, 180.89 W, 35, 120 MHz, 3996 MHz, 0 %, 0 %
2026/09/22 01:08:21.797, 5, 178.68 W, 34, 120 MHz, 3996 MHz, 0 %, 0 %
2026/09/22 01:08:21.797, 6, 178.88 W, 30, 120 MHz, 3996 MHz, 0 %, 0 %
2026/09/22 01:08:21.797, 7, 181.50 W, 30, 120 MHz, 3996 MHz, 0 %, 0 %
2026/09/22 01:08:22.798, 0, 233.57 W, 37, 2032 MHz, 3996 MHz, 0 %, 0 %
2026/09/22 01:08:22.798, 1, 237.52 W, 38, 2032 MHz, 3996 MHz, 0 %, 0 %
2026/09/22 01:08:22.798, 2, 228.07 W, 32, 2032 MHz, 3996 MHz, 0 %, 0 %
2026/09/22 01:08:22.798, 3, 230.16 W, 32, 2032 MHz, 3996 MHz, 0 %, 0 %
2026/09/22 01:08:22.798, 4, 181.08 W, 35, 120 MHz, 3996 MHz, 0 %, 0 %
2026/09/22 01:08:22.798, 5, 178.72 W, 34, 120 MHz, 3996 MHz, 0 %, 0 %
2026/09/22 01:08:22.798, 6, 179.16 W, 30, 120 MHz, 3996 MHz, 0 %, 0 %
2026/09/22 01:08:22.798, 7, 181.50 W, 30, 120 MHz, 3996 MHz, 0 %, 0 %
2026/09/22 01:08:23.798, 0, 233.56 W, 37, 2032 MHz, 3996 MHz, 0 %, 0 %
2026/09/22 01:08:23.798, 1, 237.52 W, 38, 2032 MHz, 3996 MHz, 0 %, 0 %
2026/09/22 01:08:23.798, 2, 228.07 W, 32, 2032 MHz, 3996 MHz, 0 %, 0 %
2026/09/22 01:08:23.798, 3, 230.15 W, 32, 2032 MHz, 3996 MHz, 0 %, 0 %
2026/09/22 01:08:23.798, 4, 180.97 W, 35, 120 MHz, 3996 MHz, 0 %, 0 %
2026/09/22 01:08:23.798, 5, 178.79 W, 34, 120 MHz, 3996 MHz, 0 %, 0 %
2026/09/22 01:08:23.798, 6, 179.01 W, 30, 120 MHz, 3996 MHz, 0 %, 0 %
2026/09/22 01:08:23.798, 7, 181.50 W, 30, 120 MHz, 3996 MHz, 0 %, 0 %
2026/09/22 01:08:24.798, 0, 233.55 W, 37, 2032 MHz, 3996 MHz, 100 %, 0 %
2026/09/22 01:08:24.798, 1, 237.52 W, 38, 2032 MHz, 3996 MHz, 0 %, 0 %
2026/09/22 01:08:24.798, 2, 228.07 W, 32, 2032 MHz, 3996 MHz, 0 %, 0 %
2026/09/22 01:08:24.798, 3, 230.16 W, 32, 2032 MHz, 3996 MHz, 0 %, 0 %
2026/09/22 01:08:24.798, 4, 180.86 W, 35, 120 MHz, 3996 MHz, 0 %, 0 %
2026/09/22 01:08:24.798, 5, 178.76 W, 34, 120 MHz, 3996 MHz, 0 %, 0 %
2026/09/22 01:08:24.798, 6, 179.15 W, 30, 120 MHz, 3996 MHz, 0 %, 0 %
2026/09/22 01:08:24.798, 7, 181.46 W, 30, 120 MHz, 3996 MHz, 0 %, 0 %
2026/09/22 01:08:25.798, 0, 233.53 W, 37, 2032 MHz, 3996 MHz, 100 %, 0 %
2026/09/22 01:08:25.798, 1, 237.52 W, 38, 2032 MHz, 3996 MHz, 0 %, 0 %
2026/09/22 01:08:25.798, 2, 228.07 W, 32, 2032 MHz, 3996 MHz, 0 %, 0 %
2026/09/22 01:08:25.798, 3, 230.16 W, 32, 2032 MHz, 3996 MHz, 0 %, 0 %
2026/09/22 01:08:25.798, 4, 180.89 W, 35, 120 MHz, 3996 MHz, 0 %, 0 %
2026/09/22 01:08:25.798, 5, 178.95 W, 34, 120 MHz, 3996 MHz, 0 %, 0 %
2026/09/22 01:08:25.798, 6, 178.93 W, 30, 120 MHz, 3996 MHz, 0 %, 0 %
2026/09/22 01:08:25.798, 7, 181.50 W, 30, 120 MHz, 3996 MHz, 0 %, 0 %
2026/09/22 01:08:26.799, 0, 233.55 W, 37, 2032 MHz, 3996 MHz, 100 %, 0 %
2026/09/22 01:08:26.799, 1, 237.52 W, 38, 2032 MHz, 3996 MHz, 0 %, 0 %
2026/09/22 01:08:26.799, 2, 228.07 W, 32, 2032 MHz, 3996 MHz, 0 %, 0 %
2026/09/22 01:08:26.799, 3, 230.16 W, 32, 2032 MHz, 3996 MHz, 0 %, 0 %
2026/09/22 01:08:26.799, 4, 181.01 W, 35, 120 MHz, 3996 MHz, 0 %, 0 %
2026/09/22 01:08:26.799, 5, 178.80 W, 34, 120 MHz, 3996 MHz, 0 %, 0 %
2026/09/22 01:08:26.799, 6, 179.20 W, 30, 120 MHz, 3996 MHz, 0 %, 0 %
2026/09/22 01:08:26.799, 7, 181.50 W, 30, 120 MHz, 3996 MHz, 0 %, 0 %
2026/09/22 01:08:27.799, 0, 233.51 W, 37, 2032 MHz, 3996 MHz, 100 %, 0 %
2026/09/22 01:08:27.799, 1, 237.52 W, 38, 2032 MHz, 3996 MHz, 0 %, 0 %
2026/09/22 01:08:27.799, 2, 228.07 W, 32, 2032 MHz, 3996 MHz, 0 %, 0 %
2026/09/22 01:08:27.799, 3, 230.16 W, 32, 2032 MHz, 3996 MHz, 0 %, 0 %
2026/09/22 01:08:27.799, 4, 180.96 W, 35, 120 MHz, 3996 MHz, 0 %, 0 %
2026/09/22 01:08:27.799, 5, 178.76 W, 34, 120 MHz, 3996 MHz, 0 %, 0 %
2026/09/22 01:08:27.799, 6, 179.23 W, 30, 120 MHz, 3996 MHz, 0 %, 0 %
2026/09/22 01:08:27.799, 7, 181.49 W, 30, 120 MHz, 3996 MHz, 0 %, 0 %
2026/09/22 01:08:28.799, 0, 233.49 W, 37, 2032 MHz, 3996 MHz, 100 %, 0 %
2026/09/22 01:08:28.799, 1, 237.52 W, 38, 2032 MHz, 3996 MHz, 0 %, 0 %
2026/09/22 01:08:28.799, 2, 228.07 W, 32, 2032 MHz, 3996 MHz, 0 %, 0 %
2026/09/22 01:08:28.799, 3, 230.15 W, 32, 2032 MHz, 3996 MHz, 0 %, 0 %
2026/09/22 01:08:28.799, 4, 180.74 W, 35, 120 MHz, 3996 MHz, 0 %, 0 %
2026/09/22 01:08:28.799, 5, 178.87 W, 34, 120 MHz, 3996 MHz, 0 %, 0 %
2026/09/22 01:08:28.799, 6, 179.12 W, 30, 120 MHz, 3996 MHz, 0 %, 0 %
2026/09/22 01:08:28.799, 7, 181.46 W, 30, 120 MHz, 3996 MHz, 0 %, 0 %
2026/09/22 01:08:29.799, 0, 233.54 W, 37, 2032 MHz, 3996 MHz, 100 %, 0 %
2026/09/22 01:08:29.799, 1, 237.52 W, 38, 2032 MHz, 3996 MHz, 0 %, 0 %
2026/09/22 01:08:29.799, 2, 228.07 W, 32, 2032 MHz, 3996 MHz, 0 %, 0 %
2026/09/22 01:08:29.799, 3, 230.16 W, 32, 2032 MHz, 3996 MHz, 0 %, 0 %
2026/09/22 01:08:29.799, 4, 180.89 W, 35, 120 MHz, 3996 MHz, 0 %, 0 %
2026/09/22 01:08:29.799, 5, 178.72 W, 34, 120 MHz, 3996 MHz, 0 %, 0 %
2026/09/22 01:08:29.800, 6, 179.12 W, 30, 120 MHz, 3996 MHz, 0 %, 0 %
2026/09/22 01:08:29.800, 7, 181.46 W, 30, 120 MHz, 3996 MHz, 0 %, 0 %
2026/09/22 01:08:30.800, 0, 233.53 W, 37, 2032 MHz, 3996 MHz, 100 %, 0 %
2026/09/22 01:08:30.800, 1, 237.52 W, 38, 2032 MHz, 3996 MHz, 0 %, 0 %
2026/09/22 01:08:30.800, 2, 228.07 W, 32, 2032 MHz, 3996 MHz, 0 %, 0 %
2026/09/22 01:08:30.800, 3, 230.15 W, 32, 2032 MHz, 3996 MHz, 0 %, 0 %
2026/09/22 01:08:30.800, 4, 181.04 W, 35, 120 MHz, 3996 MHz, 0 %, 0 %
2026/09/22 01:08:30.800, 5, 178.76 W, 34, 120 MHz, 3996 MHz, 0 %, 0 %
2026/09/22 01:08:30.800, 6, 179.23 W, 30, 120 MHz, 3996 MHz, 0 %, 0 %
2026/09/22 01:08:30.800, 7, 181.50 W, 30, 120 MHz, 3996 MHz, 0 %, 0 %
2026/09/22 01:08:31.800, 0, 233.57 W, 37, 2032 MHz, 3996 MHz, 0 %, 0 %
2026/09/22 01:08:31.800, 1, 237.52 W, 38, 2032 MHz, 3996 MHz, 0 %, 0 %
2026/09/22 01:08:31.800, 2, 228.07 W, 32, 2032 MHz, 3996 MHz, 0 %, 0 %
2026/09/22 01:08:31.800, 3, 230.15 W, 32, 2032 MHz, 3996 MHz, 0 %, 0 %
2026/09/22 01:08:31.800, 4, 181.00 W, 35, 120 MHz, 3996 MHz, 0 %, 0 %
2026/09/22 01:08:31.800, 5, 178.80 W, 34, 120 MHz, 3996 MHz, 0 %, 0 %
2026/09/22 01:08:31.800, 6, 179.20 W, 30, 120 MHz, 3996 MHz, 0 %, 0 %
2026/09/22 01:08:31.800, 7, 181.54 W, 30, 120 MHz, 3996 MHz, 0 %, 0 %
2026/09/22 01:08:32.800, 0, 233.54 W, 37, 2032 MHz, 3996 MHz, 0 %, 0 %
2026/09/22 01:08:32.800, 1, 237.52 W, 38, 2032 MHz, 3996 MHz, 0 %, 0 %
2026/09/22 01:08:32.800, 2, 228.07 W, 32, 2032 MHz, 3996 MHz, 0 %, 0 %
2026/09/22 01:08:32.800, 3, 230.15 W, 32, 2032 MHz, 3996 MHz, 0 %, 0 %
2026/09/22 01:08:32.800, 4, 181.09 W, 35, 120 MHz, 3996 MHz, 0 %, 0 %
2026/09/22 01:08:32.800, 5, 178.80 W, 34, 120 MHz, 3996 MHz, 0 %, 0 %
2026/09/22 01:08:32.800, 6, 179.23 W, 30, 120 MHz, 3996 MHz, 0 %, 0 %
2026/09/22 01:08:32.800, 7, 181.50 W, 30, 120 MHz, 3996 MHz, 0 %, 0 %
2026/09/22 01:08:33.800, 0, 241.60 W, 37, 2032 MHz, 3996 MHz, 100 %, 0 %
2026/09/22 01:08:33.800, 1, 237.51 W, 38, 2032 MHz, 3996 MHz, 0 %, 0 %
2026/09/22 01:08:33.800, 2, 228.07 W, 32, 2032 MHz, 3996 MHz, 0 %, 0 %
2026/09/22 01:08:33.801, 3, 230.16 W, 32, 2032 MHz, 3996 MHz, 0 %, 0 %
2026/09/22 01:08:33.801, 4, 180.89 W, 35, 120 MHz, 3996 MHz, 0 %, 0 %
2026/09/22 01:08:33.801, 5, 178.88 W, 34, 120 MHz, 3996 MHz, 0 %, 0 %
2026/09/22 01:08:33.801, 6, 179.12 W, 30, 120 MHz, 3996 MHz, 0 %, 0 %
2026/09/22 01:08:33.801, 7, 181.50 W, 30, 120 MHz, 3996 MHz, 0 %, 0 %
2026/09/22 01:08:34.801, 0, 247.16 W, 37, 2032 MHz, 3996 MHz, 19 %, 1 %
2026/09/22 01:08:34.801, 1, 238.28 W, 38, 2032 MHz, 3996 MHz, 0 %, 0 %
2026/09/22 01:08:34.801, 2, 228.93 W, 32, 2032 MHz, 3996 MHz, 5 %, 0 %
2026/09/22 01:08:34.801, 3, 232.57 W, 32, 2032 MHz, 3996 MHz, 14 %, 1 %
2026/09/22 01:08:34.801, 4, 181.05 W, 35, 120 MHz, 3996 MHz, 0 %, 0 %
2026/09/22 01:08:34.801, 5, 178.76 W, 34, 120 MHz, 3996 MHz, 0 %, 0 %
2026/09/22 01:08:34.801, 6, 179.16 W, 30, 120 MHz, 3996 MHz, 0 %, 0 %
2026/09/22 01:08:34.801, 7, 181.50 W, 30, 120 MHz, 3996 MHz, 0 %, 0 %
2026/09/22 01:08:35.801, 0, 233.49 W, 37, 2032 MHz, 3996 MHz, 0 %, 0 %
2026/09/22 01:08:35.801, 1, 237.59 W, 38, 2032 MHz, 3996 MHz, 0 %, 0 %
2026/09/22 01:08:35.801, 2, 228.11 W, 32, 2032 MHz, 3996 MHz, 0 %, 0 %
2026/09/22 01:08:35.801, 3, 230.16 W, 32, 2032 MHz, 3996 MHz, 0 %, 0 %
2026/09/22 01:08:35.801, 4, 180.96 W, 35, 120 MHz, 3996 MHz, 0 %, 0 %
2026/09/22 01:08:35.801, 5, 178.68 W, 34, 120 MHz, 3996 MHz, 0 %, 0 %
2026/09/22 01:08:35.801, 6, 178.96 W, 30, 120 MHz, 3996 MHz, 0 %, 0 %
2026/09/22 01:08:35.801, 7, 181.50 W, 30, 120 MHz, 3996 MHz, 0 %, 0 %
2026/09/22 01:08:36.801, 0, 233.51 W, 37, 2032 MHz, 3996 MHz, 0 %, 0 %
2026/09/22 01:08:36.801, 1, 237.51 W, 38, 2032 MHz, 3996 MHz, 0 %, 0 %
2026/09/22 01:08:36.801, 2, 228.07 W, 32, 2032 MHz, 3996 MHz, 0 %, 0 %
2026/09/22 01:08:36.801, 3, 230.15 W, 32, 2032 MHz, 3996 MHz, 0 %, 0 %
2026/09/22 01:08:36.801, 4, 181.36 W, 35, 120 MHz, 3996 MHz, 0 %, 0 %
2026/09/22 01:08:36.801, 5, 178.80 W, 34, 120 MHz, 3996 MHz, 0 %, 0 %
2026/09/22 01:08:36.801, 6, 179.09 W, 30, 120 MHz, 3996 MHz, 0 %, 0 %
2026/09/22 01:08:36.802, 7, 181.54 W, 30, 120 MHz, 3996 MHz, 0 %, 0 %
2026/09/22 01:08:37.802, 0, 233.52 W, 37, 2032 MHz, 3996 MHz, 0 %, 0 %
2026/09/22 01:08:37.802, 1, 237.52 W, 38, 2032 MHz, 3996 MHz, 0 %, 0 %
2026/09/22 01:08:37.802, 2, 228.07 W, 32, 2032 MHz, 3996 MHz, 0 %, 0 %
2026/09/22 01:08:37.802, 3, 230.15 W, 32, 2032 MHz, 3996 MHz, 0 %, 0 %
2026/09/22 01:08:37.802, 4, 181.15 W, 35, 120 MHz, 3996 MHz, 0 %, 0 %
2026/09/22 01:08:37.802, 5, 178.72 W, 34, 120 MHz, 3996 MHz, 0 %, 0 %
2026/09/22 01:08:37.802, 6, 179.00 W, 30, 120 MHz, 3996 MHz, 0 %, 0 %
2026/09/22 01:08:37.802, 7, 181.46 W, 30, 120 MHz, 3996 MHz, 0 %, 0 %
2026/09/22 01:08:38.802, 0, 235.80 W, 37, 2032 MHz, 3996 MHz, 100 %, 0 %
2026/09/22 01:08:38.802, 1, 237.52 W, 38, 2032 MHz, 3996 MHz, 0 %, 0 %
2026/09/22 01:08:38.802, 2, 228.07 W, 32, 2032 MHz, 3996 MHz, 0 %, 0 %
2026/09/22 01:08:38.802, 3, 230.16 W, 32, 2032 MHz, 3996 MHz, 0 %, 0 %
2026/09/22 01:08:38.802, 4, 180.85 W, 35, 120 MHz, 3996 MHz, 0 %, 0 %
2026/09/22 01:08:38.802, 5, 178.68 W, 34, 120 MHz, 3996 MHz, 0 %, 0 %
2026/09/22 01:08:38.802, 6, 179.01 W, 30, 120 MHz, 3996 MHz, 0 %, 0 %
2026/09/22 01:08:38.802, 7, 181.50 W, 30, 120 MHz, 3996 MHz, 0 %, 0 %
2026/09/22 01:08:39.802, 0, 239.29 W, 37, 2032 MHz, 3996 MHz, 0 %, 0 %
2026/09/22 01:08:39.802, 1, 239.27 W, 38, 2032 MHz, 3996 MHz, 0 %, 0 %
2026/09/22 01:08:39.802, 2, 229.74 W, 32, 2032 MHz, 3996 MHz, 0 %, 0 %
2026/09/22 01:08:39.802, 3, 235.02 W, 32, 2032 MHz, 3996 MHz, 0 %, 0 %
2026/09/22 01:08:39.802, 4, 180.89 W, 35, 120 MHz, 3996 MHz, 0 %, 0 %
2026/09/22 01:08:39.802, 5, 178.64 W, 34, 120 MHz, 3996 MHz, 0 %, 0 %
2026/09/22 01:08:39.802, 6, 178.86 W, 30, 120 MHz, 3996 MHz, 0 %, 0 %
2026/09/22 01:08:39.802, 7, 181.46 W, 30, 120 MHz, 3996 MHz, 0 %, 0 %
2026/09/22 01:08:40.802, 0, 233.55 W, 37, 2032 MHz, 3996 MHz, 0 %, 0 %
2026/09/22 01:08:40.802, 1, 237.52 W, 38, 2032 MHz, 3996 MHz, 0 %, 0 %
2026/09/22 01:08:40.803, 2, 228.07 W, 32, 2032 MHz, 3996 MHz, 0 %, 0 %
2026/09/22 01:08:40.803, 3, 230.16 W, 32, 2032 MHz, 3996 MHz, 0 %, 0 %
2026/09/22 01:08:40.803, 4, 180.93 W, 35, 120 MHz, 3996 MHz, 0 %, 0 %
2026/09/22 01:08:40.803, 5, 178.68 W, 34, 120 MHz, 3996 MHz, 0 %, 0 %
2026/09/22 01:08:40.803, 6, 179.00 W, 30, 120 MHz, 3996 MHz, 0 %, 0 %
2026/09/22 01:08:40.803, 7, 181.42 W, 30, 120 MHz, 3996 MHz, 0 %, 0 %
2026/09/22 01:08:41.803, 0, 233.55 W, 37, 2032 MHz, 3996 MHz, 0 %, 0 %
2026/09/22 01:08:41.803, 1, 237.52 W, 38, 2032 MHz, 3996 MHz, 0 %, 0 %
2026/09/22 01:08:41.803, 2, 228.07 W, 32, 2032 MHz, 3996 MHz, 0 %, 0 %
2026/09/22 01:08:41.803, 3, 230.15 W, 32, 2032 MHz, 3996 MHz, 0 %, 0 %
2026/09/22 01:08:41.803, 4, 181.15 W, 35, 120 MHz, 3996 MHz, 0 %, 0 %
2026/09/22 01:08:41.803, 5, 178.72 W, 34, 120 MHz, 3996 MHz, 0 %, 0 %
2026/09/22 01:08:41.803, 6, 178.86 W, 30, 120 MHz, 3996 MHz, 0 %, 0 %
2026/09/22 01:08:41.803, 7, 181.50 W, 30, 120 MHz, 3996 MHz, 0 %, 0 %
2026/09/22 01:08:42.803, 0, 236.65 W, 37, 2032 MHz, 3996 MHz, 0 %, 0 %
2026/09/22 01:08:42.803, 1, 239.20 W, 38, 2032 MHz, 3996 MHz, 0 %, 0 %
2026/09/22 01:08:42.803, 2, 230.22 W, 32, 2032 MHz, 3996 MHz, 0 %, 0 %
2026/09/22 01:08:42.803, 3, 236.73 W, 32, 2032 MHz, 3996 MHz, 0 %, 0 %
2026/09/22 01:08:42.803, 4, 180.97 W, 35, 120 MHz, 3996 MHz, 0 %, 0 %
2026/09/22 01:08:42.803, 5, 178.88 W, 34, 120 MHz, 3996 MHz, 0 %, 0 %
2026/09/22 01:08:42.803, 6, 179.09 W, 30, 120 MHz, 3996 MHz, 0 %, 0 %
2026/09/22 01:08:42.803, 7, 181.42 W, 30, 120 MHz, 3996 MHz, 0 %, 0 %
2026/09/22 01:08:43.803, 0, 233.54 W, 37, 2032 MHz, 3996 MHz, 0 %, 0 %
2026/09/22 01:08:43.803, 1, 237.52 W, 38, 2032 MHz, 3996 MHz, 0 %, 0 %
2026/09/22 01:08:43.803, 2, 228.07 W, 32, 2032 MHz, 3996 MHz, 0 %, 0 %
2026/09/22 01:08:43.803, 3, 230.15 W, 32, 2032 MHz, 3996 MHz, 0 %, 0 %
2026/09/22 01:08:43.803, 4, 180.93 W, 35, 120 MHz, 3996 MHz, 0 %, 0 %
2026/09/22 01:08:43.803, 5, 178.72 W, 34, 120 MHz, 3996 MHz, 0 %, 0 %
2026/09/22 01:08:43.803, 6, 178.97 W, 30, 120 MHz, 3996 MHz, 0 %, 0 %
2026/09/22 01:08:43.803, 7, 181.50 W, 30, 120 MHz, 3996 MHz, 0 %, 0 %
2026/09/22 01:08:44.804, 0, 233.57 W, 37, 2032 MHz, 3996 MHz, 0 %, 0 %
2026/09/22 01:08:44.804, 1, 237.52 W, 38, 2032 MHz, 3996 MHz, 0 %, 0 %
2026/09/22 01:08:44.804, 2, 228.07 W, 32, 2032 MHz, 3996 MHz, 0 %, 0 %
2026/09/22 01:08:44.804, 3, 230.16 W, 32, 2032 MHz, 3996 MHz, 0 %, 0 %
2026/09/22 01:08:44.804, 4, 180.89 W, 35, 120 MHz, 3996 MHz, 0 %, 0 %
2026/09/22 01:08:44.804, 5, 178.76 W, 34, 120 MHz, 3996 MHz, 0 %, 0 %
2026/09/22 01:08:44.804, 6, 179.04 W, 30, 120 MHz, 3996 MHz, 0 %, 0 %
2026/09/22 01:08:44.804, 7, 181.50 W, 30, 120 MHz, 3996 MHz, 0 %, 0 %
2026/09/22 01:08:45.804, 0, 236.36 W, 37, 2032 MHz, 3996 MHz, 0 %, 0 %
2026/09/22 01:08:45.804, 1, 239.35 W, 38, 2032 MHz, 3996 MHz, 0 %, 0 %
2026/09/22 01:08:45.804, 2, 230.15 W, 32, 2032 MHz, 3996 MHz, 0 %, 0 %
2026/09/22 01:08:45.804, 3, 236.48 W, 32, 2032 MHz, 3996 MHz, 0 %, 0 %
2026/09/22 01:08:45.804, 4, 180.89 W, 35, 120 MHz, 3996 MHz, 0 %, 0 %
2026/09/22 01:08:45.804, 5, 178.68 W, 34, 120 MHz, 3996 MHz, 0 %, 0 %
2026/09/22 01:08:45.804, 6, 179.04 W, 30, 120 MHz, 3996 MHz, 0 %, 0 %
2026/09/22 01:08:45.804, 7, 181.46 W, 30, 120 MHz, 3996 MHz, 0 %, 0 %
2026/09/22 01:08:46.804, 0, 233.57 W, 37, 2032 MHz, 3996 MHz, 0 %, 0 %
2026/09/22 01:08:46.804, 1, 237.52 W, 38, 2032 MHz, 3996 MHz, 0 %, 0 %
2026/09/22 01:08:46.804, 2, 228.07 W, 32, 2032 MHz, 3996 MHz, 0 %, 0 %
2026/09/22 01:08:46.804, 3, 230.15 W, 32, 2032 MHz, 3996 MHz, 0 %, 0 %
2026/09/22 01:08:46.804, 4, 181.08 W, 35, 120 MHz, 3996 MHz, 0 %, 0 %
2026/09/22 01:08:46.804, 5, 178.72 W, 34, 120 MHz, 3996 MHz, 0 %, 0 %
2026/09/22 01:08:46.804, 6, 179.00 W, 30, 120 MHz, 3996 MHz, 0 %, 0 %
2026/09/22 01:08:46.804, 7, 181.50 W, 30, 120 MHz, 3996 MHz, 0 %, 0 %
2026/09/22 01:08:47.804, 0, 233.54 W, 37, 2032 MHz, 3996 MHz, 0 %, 0 %
2026/09/22 01:08:47.804, 1, 237.52 W, 38, 2032 MHz, 3996 MHz, 0 %, 0 %
2026/09/22 01:08:47.804, 2, 228.07 W, 32, 2032 MHz, 3996 MHz, 0 %, 0 %
2026/09/22 01:08:47.804, 3, 230.16 W, 32, 2032 MHz, 3996 MHz, 0 %, 0 %
2026/09/22 01:08:47.804, 4, 180.93 W, 35, 120 MHz, 3996 MHz, 0 %, 0 %
2026/09/22 01:08:47.804, 5, 178.72 W, 34, 120 MHz, 3996 MHz, 0 %, 0 %
2026/09/22 01:08:47.804, 6, 179.27 W, 30, 120 MHz, 3996 MHz, 0 %, 0 %
2026/09/22 01:08:47.805, 7, 181.54 W, 30, 120 MHz, 3996 MHz, 0 %, 0 %
2026/09/22 01:08:48.805, 0, 233.60 W, 37, 2032 MHz, 3996 MHz, 0 %, 0 %
2026/09/22 01:08:48.805, 1, 237.52 W, 38, 2032 MHz, 3996 MHz, 0 %, 0 %
2026/09/22 01:08:48.805, 2, 228.07 W, 32, 2032 MHz, 3996 MHz, 0 %, 0 %
2026/09/22 01:08:48.805, 3, 230.50 W, 32, 2032 MHz, 3996 MHz, 25 %, 0 %
2026/09/22 01:08:48.805, 4, 180.82 W, 35, 120 MHz, 3996 MHz, 0 %, 0 %
2026/09/22 01:08:48.805, 5, 178.84 W, 34, 120 MHz, 3996 MHz, 0 %, 0 %
2026/09/22 01:08:48.805, 6, 178.93 W, 30, 120 MHz, 3996 MHz, 0 %, 0 %
2026/09/22 01:08:48.805, 7, 181.54 W, 30, 120 MHz, 3996 MHz, 0 %, 0 %
2026/09/22 01:08:49.805, 0, 238.13 W, 37, 2032 MHz, 3996 MHz, 0 %, 0 %
2026/09/22 01:08:49.805, 1, 238.49 W, 38, 2032 MHz, 3996 MHz, 0 %, 0 %
2026/09/22 01:08:49.805, 2, 229.20 W, 32, 2032 MHz, 3996 MHz, 0 %, 0 %
2026/09/22 01:08:49.805, 3, 233.45 W, 32, 2032 MHz, 3996 MHz, 0 %, 0 %
2026/09/22 01:08:49.805, 4, 180.93 W, 35, 120 MHz, 3996 MHz, 0 %, 0 %
2026/09/22 01:08:49.805, 5, 178.72 W, 34, 120 MHz, 3996 MHz, 0 %, 0 %
2026/09/22 01:08:49.805, 6, 179.20 W, 30, 120 MHz, 3996 MHz, 0 %, 0 %
2026/09/22 01:08:49.805, 7, 181.50 W, 30, 120 MHz, 3996 MHz, 0 %, 0 %
2026/09/22 01:08:50.805, 0, 233.51 W, 37, 2032 MHz, 3996 MHz, 0 %, 0 %
2026/09/22 01:08:50.805, 1, 237.52 W, 38, 2032 MHz, 3996 MHz, 0 %, 0 %
2026/09/22 01:08:50.805, 2, 228.07 W, 32, 2032 MHz, 3996 MHz, 0 %, 0 %
2026/09/22 01:08:50.805, 3, 230.15 W, 32, 2032 MHz, 3996 MHz, 0 %, 0 %
2026/09/22 01:08:50.805, 4, 181.38 W, 35, 120 MHz, 3996 MHz, 0 %, 0 %
2026/09/22 01:08:50.805, 5, 178.83 W, 34, 120 MHz, 3996 MHz, 0 %, 0 %
2026/09/22 01:08:50.805, 6, 179.12 W, 30, 120 MHz, 3996 MHz, 0 %, 0 %
2026/09/22 01:08:50.805, 7, 181.54 W, 30, 120 MHz, 3996 MHz, 0 %, 0 %
2026/09/22 01:08:51.805, 0, 233.52 W, 37, 2032 MHz, 3996 MHz, 0 %, 0 %
2026/09/22 01:08:51.806, 1, 237.52 W, 38, 2032 MHz, 3996 MHz, 0 %, 0 %
2026/09/22 01:08:51.806, 2, 228.07 W, 32, 2032 MHz, 3996 MHz, 0 %, 0 %
2026/09/22 01:08:51.806, 3, 230.15 W, 32, 2032 MHz, 3996 MHz, 0 %, 0 %
2026/09/22 01:08:51.806, 4, 180.78 W, 35, 120 MHz, 3996 MHz, 0 %, 0 %
2026/09/22 01:08:51.806, 5, 178.68 W, 34, 120 MHz, 3996 MHz, 0 %, 0 %
2026/09/22 01:08:51.806, 6, 179.16 W, 30, 120 MHz, 3996 MHz, 0 %, 0 %
2026/09/22 01:08:51.806, 7, 181.54 W, 30, 120 MHz, 3996 MHz, 0 %, 0 %
2026/09/22 01:08:52.806, 0, 235.96 W, 37, 2032 MHz, 3996 MHz, 0 %, 0 %
2026/09/22 01:08:52.806, 1, 239.18 W, 38, 2032 MHz, 3996 MHz, 6 %, 0 %
2026/09/22 01:08:52.806, 2, 229.37 W, 32, 2032 MHz, 3996 MHz, 0 %, 0 %
2026/09/22 01:08:52.806, 3, 234.31 W, 32, 2032 MHz, 3996 MHz, 0 %, 0 %
2026/09/22 01:08:52.806, 4, 180.97 W, 35, 120 MHz, 3996 MHz, 0 %, 0 %
2026/09/22 01:08:52.806, 5, 178.75 W, 34, 120 MHz, 3996 MHz, 0 %, 0 %
2026/09/22 01:08:52.806, 6, 179.00 W, 30, 120 MHz, 3996 MHz, 0 %, 0 %
2026/09/22 01:08:52.806, 7, 181.46 W, 30, 120 MHz, 3996 MHz, 0 %, 0 %
2026/09/22 01:08:53.806, 0, 233.54 W, 37, 2032 MHz, 3996 MHz, 0 %, 0 %
2026/09/22 01:08:53.806, 1, 237.52 W, 38, 2032 MHz, 3996 MHz, 0 %, 0 %
2026/09/22 01:08:53.806, 2, 228.07 W, 32, 2032 MHz, 3996 MHz, 0 %, 0 %
2026/09/22 01:08:53.806, 3, 230.15 W, 32, 2032 MHz, 3996 MHz, 0 %, 0 %
2026/09/22 01:08:53.806, 4, 180.97 W, 35, 120 MHz, 3996 MHz, 0 %, 0 %
2026/09/22 01:08:53.806, 5, 178.84 W, 34, 120 MHz, 3996 MHz, 0 %, 0 %
2026/09/22 01:08:53.806, 6, 178.92 W, 30, 120 MHz, 3996 MHz, 0 %, 0 %
2026/09/22 01:08:53.806, 7, 181.54 W, 30, 120 MHz, 3996 MHz, 0 %, 0 %
2026/09/22 01:08:54.806, 0, 233.51 W, 37, 2032 MHz, 3996 MHz, 0 %, 0 %
2026/09/22 01:08:54.806, 1, 237.52 W, 38, 2032 MHz, 3996 MHz, 0 %, 0 %
2026/09/22 01:08:54.806, 2, 228.07 W, 32, 2032 MHz, 3996 MHz, 0 %, 0 %
2026/09/22 01:08:54.806, 3, 230.15 W, 32, 2032 MHz, 3996 MHz, 0 %, 0 %
2026/09/22 01:08:54.806, 4, 180.81 W, 35, 120 MHz, 3996 MHz, 0 %, 0 %
2026/09/22 01:08:54.806, 5, 178.68 W, 34, 120 MHz, 3996 MHz, 0 %, 0 %
2026/09/22 01:08:54.806, 6, 179.04 W, 30, 120 MHz, 3996 MHz, 0 %, 0 %
2026/09/22 01:08:54.806, 7, 181.42 W, 30, 120 MHz, 3996 MHz, 0 %, 0 %
2026/09/22 01:08:55.807, 0, 237.73 W, 37, 2032 MHz, 3996 MHz, 0 %, 0 %
2026/09/22 01:08:55.807, 1, 238.30 W, 38, 2032 MHz, 3996 MHz, 0 %, 0 %
2026/09/22 01:08:55.807, 2, 229.14 W, 32, 2032 MHz, 3996 MHz, 0 %, 0 %
2026/09/22 01:08:55.807, 3, 233.79 W, 32, 2032 MHz, 3996 MHz, 0 %, 0 %
2026/09/22 01:08:55.807, 4, 180.82 W, 35, 120 MHz, 3996 MHz, 0 %, 0 %
2026/09/22 01:08:55.807, 5, 178.76 W, 34, 120 MHz, 3996 MHz, 0 %, 0 %
2026/09/22 01:08:55.807, 6, 178.92 W, 30, 120 MHz, 3996 MHz, 0 %, 0 %
2026/09/22 01:08:55.807, 7, 181.50 W, 30, 120 MHz, 3996 MHz, 0 %, 0 %
2026/09/22 01:08:56.807, 0, 233.53 W, 37, 2032 MHz, 3996 MHz, 0 %, 0 %
2026/09/22 01:08:56.807, 1, 237.52 W, 38, 2032 MHz, 3996 MHz, 0 %, 0 %
2026/09/22 01:08:56.807, 2, 228.07 W, 32, 2032 MHz, 3996 MHz, 0 %, 0 %
2026/09/22 01:08:56.807, 3, 230.16 W, 32, 2032 MHz, 3996 MHz, 0 %, 0 %
2026/09/22 01:08:56.807, 4, 180.93 W, 35, 120 MHz, 3996 MHz, 0 %, 0 %
2026/09/22 01:08:56.807, 5, 178.76 W, 34, 120 MHz, 3996 MHz, 0 %, 0 %
2026/09/22 01:08:56.807, 6, 179.09 W, 30, 120 MHz, 3996 MHz, 0 %, 0 %
2026/09/22 01:08:56.807, 7, 181.42 W, 30, 120 MHz, 3996 MHz, 0 %, 0 %
2026/09/22 01:08:57.807, 0, 233.55 W, 37, 2032 MHz, 3996 MHz, 0 %, 0 %
2026/09/22 01:08:57.807, 1, 237.52 W, 38, 2032 MHz, 3996 MHz, 0 %, 0 %
2026/09/22 01:08:57.807, 2, 228.07 W, 32, 2032 MHz, 3996 MHz, 0 %, 0 %
2026/09/22 01:08:57.807, 3, 230.16 W, 32, 2032 MHz, 3996 MHz, 0 %, 0 %
2026/09/22 01:08:57.807, 4, 180.93 W, 35, 120 MHz, 3996 MHz, 0 %, 0 %
2026/09/22 01:08:57.807, 5, 178.68 W, 34, 120 MHz, 3996 MHz, 0 %, 0 %
2026/09/22 01:08:57.807, 6, 179.04 W, 30, 120 MHz, 3996 MHz, 0 %, 0 %
2026/09/22 01:08:57.807, 7, 181.50 W, 30, 120 MHz, 3996 MHz, 0 %, 0 %
2026/09/22 01:08:58.807, 0, 239.41 W, 37, 2032 MHz, 3996 MHz, 0 %, 0 %
2026/09/22 01:08:58.807, 1, 238.91 W, 38, 2032 MHz, 3996 MHz, 18 %, 0 %
2026/09/22 01:08:58.807, 2, 229.61 W, 32, 2032 MHz, 3996 MHz, 0 %, 0 %
2026/09/22 01:08:58.807, 3, 235.02 W, 32, 2032 MHz, 3996 MHz, 0 %, 0 %
2026/09/22 01:08:58.807, 4, 181.13 W, 35, 120 MHz, 3996 MHz, 0 %, 0 %
2026/09/22 01:08:58.808, 5, 178.79 W, 34, 120 MHz, 3996 MHz, 0 %, 0 %
2026/09/22 01:08:58.808, 6, 179.27 W, 30, 120 MHz, 3996 MHz, 0 %, 0 %
2026/09/22 01:08:58.808, 7, 181.54 W, 30, 120 MHz, 3996 MHz, 0 %, 0 %
2026/09/22 01:08:59.808, 0, 233.52 W, 37, 2032 MHz, 3996 MHz, 0 %, 0 %
2026/09/22 01:08:59.808, 1, 237.52 W, 38, 2032 MHz, 3996 MHz, 0 %, 0 %
2026/09/22 01:08:59.808, 2, 228.07 W, 32, 2032 MHz, 3996 MHz, 0 %, 0 %
2026/09/22 01:08:59.808, 3, 230.16 W, 32, 2032 MHz, 3996 MHz, 0 %, 0 %
2026/09/22 01:08:59.808, 4, 180.96 W, 35, 120 MHz, 3996 MHz, 0 %, 0 %
2026/09/22 01:08:59.808, 5, 178.72 W, 34, 120 MHz, 3996 MHz, 0 %, 0 %
2026/09/22 01:08:59.808, 6, 179.24 W, 30, 120 MHz, 3996 MHz, 0 %, 0 %
2026/09/22 01:08:59.808, 7, 181.50 W, 30, 120 MHz, 3996 MHz, 0 %, 0 %
2026/09/22 01:09:00.808, 0, 233.51 W, 37, 2032 MHz, 3996 MHz, 0 %, 0 %
2026/09/22 01:09:00.808, 1, 237.52 W, 38, 2032 MHz, 3996 MHz, 0 %, 0 %
2026/09/22 01:09:00.808, 2, 228.07 W, 32, 2032 MHz, 3996 MHz, 0 %, 0 %
2026/09/22 01:09:00.808, 3, 230.15 W, 32, 2032 MHz, 3996 MHz, 0 %, 0 %
2026/09/22 01:09:00.808, 4, 181.19 W, 35, 120 MHz, 3996 MHz, 0 %, 0 %
2026/09/22 01:09:00.808, 5, 178.76 W, 34, 120 MHz, 3996 MHz, 0 %, 0 %
2026/09/22 01:09:00.808, 6, 179.04 W, 30, 120 MHz, 3996 MHz, 0 %, 0 %
2026/09/22 01:09:00.808, 7, 181.50 W, 30, 120 MHz, 3996 MHz, 0 %, 0 %
2026/09/22 01:09:01.808, 0, 233.48 W, 37, 2032 MHz, 3996 MHz, 0 %, 0 %
2026/09/22 01:09:01.808, 1, 237.52 W, 38, 2032 MHz, 3996 MHz, 0 %, 0 %
2026/09/22 01:09:01.808, 2, 228.07 W, 32, 2032 MHz, 3996 MHz, 0 %, 0 %
2026/09/22 01:09:01.808, 3, 230.16 W, 32, 2032 MHz, 3996 MHz, 0 %, 0 %
2026/09/22 01:09:01.808, 4, 181.01 W, 35, 120 MHz, 3996 MHz, 0 %, 0 %
2026/09/22 01:09:01.808, 5, 178.68 W, 34, 120 MHz, 3996 MHz, 0 %, 0 %
2026/09/22 01:09:01.808, 6, 179.16 W, 30, 120 MHz, 3996 MHz, 0 %, 0 %
2026/09/22 01:09:01.808, 7, 181.46 W, 30, 120 MHz, 3996 MHz, 0 %, 0 %
2026/09/22 01:09:02.808, 0, 233.94 W, 37, 2032 MHz, 3996 MHz, 0 %, 0 %
2026/09/22 01:09:02.809, 1, 237.59 W, 38, 2032 MHz, 3996 MHz, 0 %, 0 %
2026/09/22 01:09:02.809, 2, 228.10 W, 32, 2032 MHz, 3996 MHz, 0 %, 0 %
2026/09/22 01:09:02.809, 3, 230.54 W, 32, 2032 MHz, 3996 MHz, 0 %, 0 %
2026/09/22 01:09:02.809, 4, 181.00 W, 35, 120 MHz, 3996 MHz, 0 %, 0 %
2026/09/22 01:09:02.809, 5, 178.84 W, 34, 120 MHz, 3996 MHz, 0 %, 0 %
2026/09/22 01:09:02.809, 6, 179.15 W, 30, 120 MHz, 3996 MHz, 0 %, 0 %
2026/09/22 01:09:02.809, 7, 181.53 W, 30, 120 MHz, 3996 MHz, 0 %, 0 %
2026/09/22 01:09:03.809, 0, 233.53 W, 37, 2032 MHz, 3996 MHz, 0 %, 0 %
2026/09/22 01:09:03.809, 1, 237.52 W, 38, 2032 MHz, 3996 MHz, 0 %, 0 %
2026/09/22 01:09:03.809, 2, 228.07 W, 32, 2032 MHz, 3996 MHz, 0 %, 0 %
2026/09/22 01:09:03.809, 3, 230.15 W, 32, 2032 MHz, 3996 MHz, 0 %, 0 %
2026/09/22 01:09:03.809, 4, 180.97 W, 35, 120 MHz, 3996 MHz, 0 %, 0 %
2026/09/22 01:09:03.809, 5, 178.76 W, 34, 120 MHz, 3996 MHz, 0 %, 0 %
2026/09/22 01:09:03.809, 6, 179.04 W, 30, 120 MHz, 3996 MHz, 0 %, 0 %
2026/09/22 01:09:03.809, 7, 181.54 W, 30, 120 MHz, 3996 MHz, 0 %, 0 %
2026/09/22 01:09:04.809, 0, 233.52 W, 37, 2032 MHz, 3996 MHz, 0 %, 0 %
2026/09/22 01:09:04.809, 1, 237.52 W, 38, 2032 MHz, 3996 MHz, 0 %, 0 %
2026/09/22 01:09:04.809, 2, 228.07 W, 32, 2032 MHz, 3996 MHz, 0 %, 0 %
2026/09/22 01:09:04.809, 3, 230.16 W, 32, 2032 MHz, 3996 MHz, 0 %, 0 %
2026/09/22 01:09:04.809, 4, 181.05 W, 35, 120 MHz, 3996 MHz, 0 %, 0 %
2026/09/22 01:09:04.809, 5, 178.72 W, 34, 120 MHz, 3996 MHz, 0 %, 0 %
2026/09/22 01:09:04.809, 6, 179.11 W, 30, 120 MHz, 3996 MHz, 0 %, 0 %
2026/09/22 01:09:04.809, 7, 181.50 W, 30, 120 MHz, 3996 MHz, 0 %, 0 %
2026/09/22 01:09:05.809, 0, 233.51 W, 37, 2032 MHz, 3996 MHz, 0 %, 0 %
2026/09/22 01:09:05.809, 1, 237.52 W, 38, 2032 MHz, 3996 MHz, 0 %, 0 %
2026/09/22 01:09:05.809, 2, 228.07 W, 32, 2032 MHz, 3996 MHz, 0 %, 0 %
2026/09/22 01:09:05.809, 3, 230.16 W, 32, 2032 MHz, 3996 MHz, 0 %, 0 %
2026/09/22 01:09:05.809, 4, 181.13 W, 35, 120 MHz, 3996 MHz, 0 %, 0 %
2026/09/22 01:09:05.809, 5, 178.64 W, 34, 120 MHz, 3996 MHz, 0 %, 0 %
2026/09/22 01:09:05.809, 6, 179.08 W, 30, 120 MHz, 3996 MHz, 0 %, 0 %
2026/09/22 01:09:05.809, 7, 181.46 W, 30, 120 MHz, 3996 MHz, 0 %, 0 %
2026/09/22 01:09:06.810, 0, 233.51 W, 37, 2032 MHz, 3996 MHz, 0 %, 0 %
2026/09/22 01:09:06.810, 1, 237.52 W, 38, 2032 MHz, 3996 MHz, 0 %, 0 %
2026/09/22 01:09:06.810, 2, 228.07 W, 32, 2032 MHz, 3996 MHz, 0 %, 0 %
2026/09/22 01:09:06.810, 3, 230.16 W, 32, 2032 MHz, 3996 MHz, 0 %, 0 %
2026/09/22 01:09:06.810, 4, 181.00 W, 35, 120 MHz, 3996 MHz, 0 %, 0 %
2026/09/22 01:09:06.810, 5, 178.72 W, 34, 120 MHz, 3996 MHz, 0 %, 0 %
2026/09/22 01:09:06.810, 6, 179.15 W, 30, 120 MHz, 3996 MHz, 0 %, 0 %
2026/09/22 01:09:06.810, 7, 181.50 W, 30, 120 MHz, 3996 MHz, 0 %, 0 %
2026/09/22 01:09:07.810, 0, 233.51 W, 37, 2032 MHz, 3996 MHz, 0 %, 0 %
2026/09/22 01:09:07.810, 1, 237.52 W, 38, 2032 MHz, 3996 MHz, 0 %, 0 %
2026/09/22 01:09:07.810, 2, 228.07 W, 32, 2032 MHz, 3996 MHz, 0 %, 0 %
2026/09/22 01:09:07.810, 3, 230.16 W, 32, 2032 MHz, 3996 MHz, 0 %, 0 %
2026/09/22 01:09:07.810, 4, 181.01 W, 35, 120 MHz, 3996 MHz, 0 %, 0 %
2026/09/22 01:09:07.810, 5, 178.72 W, 34, 120 MHz, 3996 MHz, 0 %, 0 %
2026/09/22 01:09:07.810, 6, 178.96 W, 30, 120 MHz, 3996 MHz, 0 %, 0 %
2026/09/22 01:09:07.810, 7, 181.54 W, 30, 120 MHz, 3996 MHz, 0 %, 0 %
2026/09/22 01:09:08.810, 0, 233.50 W, 37, 2032 MHz, 3996 MHz, 0 %, 0 %
2026/09/22 01:09:08.810, 1, 237.52 W, 38, 2032 MHz, 3996 MHz, 0 %, 0 %
2026/09/22 01:09:08.810, 2, 228.07 W, 32, 2032 MHz, 3996 MHz, 0 %, 0 %
2026/09/22 01:09:08.810, 3, 230.16 W, 32, 2032 MHz, 3996 MHz, 0 %, 0 %
2026/09/22 01:09:08.810, 4, 180.85 W, 35, 120 MHz, 3996 MHz, 0 %, 0 %
2026/09/22 01:09:08.810, 5, 178.79 W, 34, 120 MHz, 3996 MHz, 0 %, 0 %
2026/09/22 01:09:08.810, 6, 179.08 W, 30, 120 MHz, 3996 MHz, 0 %, 0 %
2026/09/22 01:09:08.810, 7, 181.54 W, 30, 120 MHz, 3996 MHz, 0 %, 0 %
2026/09/22 01:09:09.810, 0, 233.48 W, 37, 2032 MHz, 3996 MHz, 0 %, 0 %
2026/09/22 01:09:09.810, 1, 237.52 W, 38, 2032 MHz, 3996 MHz, 0 %, 0 %
2026/09/22 01:09:09.810, 2, 228.07 W, 31, 2032 MHz, 3996 MHz, 0 %, 0 %
2026/09/22 01:09:09.810, 3, 230.15 W, 32, 2032 MHz, 3996 MHz, 0 %, 0 %
2026/09/22 01:09:09.810, 4, 180.97 W, 35, 120 MHz, 3996 MHz, 0 %, 0 %
2026/09/22 01:09:09.810, 5, 178.76 W, 34, 120 MHz, 3996 MHz, 0 %, 0 %
2026/09/22 01:09:09.810, 6, 179.11 W, 30, 120 MHz, 3996 MHz, 0 %, 0 %
2026/09/22 01:09:09.811, 7, 181.50 W, 30, 120 MHz, 3996 MHz, 0 %, 0 %
2026/09/22 01:09:10.811, 0, 233.48 W, 37, 2032 MHz, 3996 MHz, 0 %, 0 %
2026/09/22 01:09:10.811, 1, 237.52 W, 38, 2032 MHz, 3996 MHz, 0 %, 0 %
2026/09/22 01:09:10.811, 2, 228.07 W, 32, 2032 MHz, 3996 MHz, 0 %, 0 %
2026/09/22 01:09:10.811, 3, 230.16 W, 32, 2032 MHz, 3996 MHz, 0 %, 0 %
2026/09/22 01:09:10.811, 4, 181.24 W, 35, 120 MHz, 3996 MHz, 0 %, 0 %
2026/09/22 01:09:10.811, 5, 178.72 W, 34, 120 MHz, 3996 MHz, 0 %, 0 %
2026/09/22 01:09:10.811, 6, 178.93 W, 30, 120 MHz, 3996 MHz, 0 %, 0 %
2026/09/22 01:09:10.811, 7, 181.50 W, 30, 120 MHz, 3996 MHz, 0 %, 0 %
2026/09/22 01:09:11.811, 0, 233.51 W, 37, 2032 MHz, 3996 MHz, 0 %, 0 %
2026/09/22 01:09:11.811, 1, 237.52 W, 38, 2032 MHz, 3996 MHz, 0 %, 0 %
2026/09/22 01:09:11.811, 2, 228.07 W, 32, 2032 MHz, 3996 MHz, 0 %, 0 %
2026/09/22 01:09:11.811, 3, 230.16 W, 32, 2032 MHz, 3996 MHz, 0 %, 0 %
2026/09/22 01:09:11.811, 4, 181.04 W, 35, 120 MHz, 3996 MHz, 0 %, 0 %
2026/09/22 01:09:11.811, 5, 178.72 W, 34, 120 MHz, 3996 MHz, 0 %, 0 %
2026/09/22 01:09:11.811, 6, 179.12 W, 30, 120 MHz, 3996 MHz, 0 %, 0 %
2026/09/22 01:09:11.811, 7, 181.42 W, 30, 120 MHz, 3996 MHz, 0 %, 0 %
2026/09/22 01:09:12.811, 0, 233.51 W, 37, 2032 MHz, 3996 MHz, 0 %, 0 %
2026/09/22 01:09:12.811, 1, 237.52 W, 38, 2032 MHz, 3996 MHz, 0 %, 0 %
2026/09/22 01:09:12.811, 2, 228.07 W, 32, 2032 MHz, 3996 MHz, 0 %, 0 %
2026/09/22 01:09:12.811, 3, 230.16 W, 32, 2032 MHz, 3996 MHz, 0 %, 0 %
2026/09/22 01:09:12.811, 4, 180.85 W, 35, 120 MHz, 3996 MHz, 0 %, 0 %
2026/09/22 01:09:12.811, 5, 178.72 W, 34, 120 MHz, 3996 MHz, 0 %, 0 %
2026/09/22 01:09:12.811, 6, 178.80 W, 30, 120 MHz, 3996 MHz, 0 %, 0 %
2026/09/22 01:09:12.811, 7, 181.54 W, 30, 120 MHz, 3996 MHz, 0 %, 0 %
2026/09/22 01:09:13.811, 0, 233.54 W, 37, 2032 MHz, 3996 MHz, 0 %, 0 %
2026/09/22 01:09:13.811, 1, 237.52 W, 38, 2032 MHz, 3996 MHz, 0 %, 0 %
2026/09/22 01:09:13.812, 2, 228.07 W, 32, 2032 MHz, 3996 MHz, 0 %, 0 %
2026/09/22 01:09:13.812, 3, 230.16 W, 32, 2032 MHz, 3996 MHz, 0 %, 0 %
2026/09/22 01:09:13.812, 4, 181.32 W, 35, 120 MHz, 3996 MHz, 0 %, 0 %
2026/09/22 01:09:13.812, 5, 178.72 W, 34, 120 MHz, 3996 MHz, 0 %, 0 %
2026/09/22 01:09:13.812, 6, 178.97 W, 30, 120 MHz, 3996 MHz, 0 %, 0 %
2026/09/22 01:09:13.812, 7, 181.50 W, 30, 120 MHz, 3996 MHz, 0 %, 0 %
2026/09/22 01:09:14.812, 0, 233.51 W, 37, 2032 MHz, 3996 MHz, 0 %, 0 %
2026/09/22 01:09:14.812, 1, 237.52 W, 38, 2032 MHz, 3996 MHz, 0 %, 0 %
2026/09/22 01:09:14.812, 2, 228.07 W, 32, 2032 MHz, 3996 MHz, 0 %, 0 %
2026/09/22 01:09:14.812, 3, 230.15 W, 32, 2032 MHz, 3996 MHz, 0 %, 0 %
2026/09/22 01:09:14.812, 4, 181.04 W, 35, 120 MHz, 3996 MHz, 0 %, 0 %
2026/09/22 01:09:14.812, 5, 178.68 W, 34, 120 MHz, 3996 MHz, 0 %, 0 %
2026/09/22 01:09:14.812, 6, 179.11 W, 30, 120 MHz, 3996 MHz, 0 %, 0 %
2026/09/22 01:09:14.812, 7, 181.50 W, 30, 120 MHz, 3996 MHz, 0 %, 0 %
2026/09/22 01:09:15.812, 0, 233.51 W, 37, 2032 MHz, 3996 MHz, 0 %, 0 %
2026/09/22 01:09:15.812, 1, 237.52 W, 38, 2032 MHz, 3996 MHz, 0 %, 0 %
2026/09/22 01:09:15.812, 2, 228.07 W, 32, 2032 MHz, 3996 MHz, 0 %, 0 %
2026/09/22 01:09:15.812, 3, 230.16 W, 32, 2032 MHz, 3996 MHz, 0 %, 0 %
2026/09/22 01:09:15.812, 4, 180.97 W, 35, 120 MHz, 3996 MHz, 0 %, 0 %
2026/09/22 01:09:15.812, 5, 178.84 W, 34, 120 MHz, 3996 MHz, 0 %, 0 %
2026/09/22 01:09:15.812, 6, 178.90 W, 30, 120 MHz, 3996 MHz, 0 %, 0 %
2026/09/22 01:09:15.812, 7, 181.30 W, 30, 120 MHz, 3996 MHz, 0 %, 0 %
2026/09/22 01:09:16.812, 0, 233.50 W, 37, 2032 MHz, 3996 MHz, 0 %, 0 %
2026/09/22 01:09:16.812, 1, 237.52 W, 38, 2032 MHz, 3996 MHz, 0 %, 0 %
2026/09/22 01:09:16.812, 2, 228.07 W, 32, 2032 MHz, 3996 MHz, 0 %, 0 %
2026/09/22 01:09:16.812, 3, 230.16 W, 32, 2032 MHz, 3996 MHz, 0 %, 0 %
2026/09/22 01:09:16.812, 4, 181.08 W, 35, 120 MHz, 3996 MHz, 0 %, 0 %
2026/09/22 01:09:16.812, 5, 178.76 W, 34, 120 MHz, 3996 MHz, 0 %, 0 %
2026/09/22 01:09:16.812, 6, 178.88 W, 30, 120 MHz, 3996 MHz, 0 %, 0 %
2026/09/22 01:09:16.812, 7, 181.54 W, 30, 120 MHz, 3996 MHz, 0 %, 0 %
2026/09/22 01:09:17.813, 0, 233.74 W, 37, 2032 MHz, 3996 MHz, 0 %, 0 %
2026/09/22 01:09:17.813, 1, 237.60 W, 38, 2032 MHz, 3996 MHz, 0 %, 0 %
2026/09/22 01:09:17.813, 2, 228.26 W, 32, 2032 MHz, 3996 MHz, 0 %, 0 %
2026/09/22 01:09:17.813, 3, 230.65 W, 32, 2032 MHz, 3996 MHz, 0 %, 0 %
2026/09/22 01:09:17.813, 4, 181.09 W, 35, 120 MHz, 3996 MHz, 0 %, 0 %
2026/09/22 01:09:17.813, 5, 178.72 W, 34, 120 MHz, 3996 MHz, 0 %, 0 %
2026/09/22 01:09:17.813, 6, 178.89 W, 30, 120 MHz, 3996 MHz, 0 %, 0 %
2026/09/22 01:09:17.813, 7, 181.46 W, 30, 120 MHz, 3996 MHz, 0 %, 0 %
2026/09/22 01:09:18.813, 0, 233.49 W, 37, 2032 MHz, 3996 MHz, 0 %, 0 %
2026/09/22 01:09:18.813, 1, 237.52 W, 38, 2032 MHz, 3996 MHz, 0 %, 0 %
2026/09/22 01:09:18.813, 2, 228.07 W, 32, 2032 MHz, 3996 MHz, 0 %, 0 %
2026/09/22 01:09:18.813, 3, 230.15 W, 32, 2032 MHz, 3996 MHz, 0 %, 0 %
2026/09/22 01:09:18.813, 4, 181.01 W, 35, 120 MHz, 3996 MHz, 0 %, 0 %
2026/09/22 01:09:18.813, 5, 178.72 W, 34, 120 MHz, 3996 MHz, 0 %, 0 %
2026/09/22 01:09:18.813, 6, 178.93 W, 30, 120 MHz, 3996 MHz, 0 %, 0 %
2026/09/22 01:09:18.813, 7, 181.50 W, 30, 120 MHz, 3996 MHz, 0 %, 0 %
2026/09/22 01:09:19.813, 0, 233.50 W, 37, 2032 MHz, 3996 MHz, 0 %, 0 %
2026/09/22 01:09:19.813, 1, 237.51 W, 38, 2032 MHz, 3996 MHz, 0 %, 0 %
2026/09/22 01:09:19.813, 2, 228.07 W, 32, 2032 MHz, 3996 MHz, 0 %, 0 %
2026/09/22 01:09:19.813, 3, 230.16 W, 32, 2032 MHz, 3996 MHz, 0 %, 0 %
2026/09/22 01:09:19.813, 4, 180.93 W, 35, 120 MHz, 3996 MHz, 0 %, 0 %
2026/09/22 01:09:19.813, 5, 178.68 W, 34, 120 MHz, 3996 MHz, 0 %, 0 %
2026/09/22 01:09:19.813, 6, 179.04 W, 30, 120 MHz, 3996 MHz, 0 %, 0 %
2026/09/22 01:09:19.813, 7, 181.46 W, 30, 120 MHz, 3996 MHz, 0 %, 0 %
2026/09/22 01:09:20.813, 0, 233.53 W, 37, 2032 MHz, 3996 MHz, 0 %, 0 %
2026/09/22 01:09:20.813, 1, 237.52 W, 38, 2032 MHz, 3996 MHz, 0 %, 0 %
2026/09/22 01:09:20.813, 2, 228.07 W, 32, 2032 MHz, 3996 MHz, 0 %, 0 %
2026/09/22 01:09:20.813, 3, 230.15 W, 32, 2032 MHz, 3996 MHz, 0 %, 0 %
2026/09/22 01:09:20.813, 4, 180.89 W, 35, 120 MHz, 3996 MHz, 0 %, 0 %
2026/09/22 01:09:20.813, 5, 178.72 W, 34, 120 MHz, 3996 MHz, 0 %, 0 %
2026/09/22 01:09:20.814, 6, 179.01 W, 30, 120 MHz, 3996 MHz, 0 %, 0 %
2026/09/22 01:09:20.814, 7, 181.54 W, 30, 120 MHz, 3996 MHz, 0 %, 0 %
2026/09/22 01:09:21.814, 0, 233.51 W, 37, 2032 MHz, 3996 MHz, 0 %, 0 %
2026/09/22 01:09:21.814, 1, 237.52 W, 38, 2032 MHz, 3996 MHz, 0 %, 0 %
2026/09/22 01:09:21.814, 2, 228.07 W, 31, 2032 MHz, 3996 MHz, 0 %, 0 %
2026/09/22 01:09:21.814, 3, 230.16 W, 32, 2032 MHz, 3996 MHz, 0 %, 0 %
2026/09/22 01:09:21.814, 4, 181.05 W, 35, 120 MHz, 3996 MHz, 0 %, 0 %
2026/09/22 01:09:21.814, 5, 178.87 W, 34, 120 MHz, 3996 MHz, 0 %, 0 %
2026/09/22 01:09:21.814, 6, 179.00 W, 30, 120 MHz, 3996 MHz, 0 %, 0 %
2026/09/22 01:09:21.814, 7, 181.46 W, 30, 120 MHz, 3996 MHz, 0 %, 0 %
2026/09/22 01:09:22.814, 0, 233.54 W, 37, 2032 MHz, 3996 MHz, 0 %, 0 %
2026/09/22 01:09:22.814, 1, 237.52 W, 38, 2032 MHz, 3996 MHz, 0 %, 0 %
2026/09/22 01:09:22.814, 2, 228.07 W, 32, 2032 MHz, 3996 MHz, 0 %, 0 %
2026/09/22 01:09:22.814, 3, 230.16 W, 32, 2032 MHz, 3996 MHz, 0 %, 0 %
2026/09/22 01:09:22.814, 4, 180.96 W, 35, 120 MHz, 3996 MHz, 0 %, 0 %
2026/09/22 01:09:22.814, 5, 178.83 W, 34, 120 MHz, 3996 MHz, 0 %, 0 %
2026/09/22 01:09:22.814, 6, 178.91 W, 30, 120 MHz, 3996 MHz, 0 %, 0 %
2026/09/22 01:09:22.814, 7, 181.50 W, 30, 120 MHz, 3996 MHz, 0 %, 0 %
2026/09/22 01:09:23.814, 0, 233.52 W, 37, 2032 MHz, 3996 MHz, 0 %, 0 %
2026/09/22 01:09:23.814, 1, 237.48 W, 38, 2032 MHz, 3996 MHz, 0 %, 0 %
2026/09/22 01:09:23.814, 2, 228.07 W, 31, 2032 MHz, 3996 MHz, 0 %, 0 %
2026/09/22 01:09:23.814, 3, 230.16 W, 32, 2032 MHz, 3996 MHz, 0 %, 0 %
2026/09/22 01:09:23.814, 4, 180.93 W, 35, 120 MHz, 3996 MHz, 0 %, 0 %
2026/09/22 01:09:23.814, 5, 178.83 W, 34, 120 MHz, 3996 MHz, 0 %, 0 %
2026/09/22 01:09:23.814, 6, 178.97 W, 30, 120 MHz, 3996 MHz, 0 %, 0 %
2026/09/22 01:09:23.814, 7, 181.42 W, 30, 120 MHz, 3996 MHz, 0 %, 0 %
2026/09/22 01:09:24.814, 0, 233.54 W, 37, 2032 MHz, 3996 MHz, 0 %, 0 %
2026/09/22 01:09:24.814, 1, 237.52 W, 38, 2032 MHz, 3996 MHz, 0 %, 0 %
2026/09/22 01:09:24.815, 2, 228.07 W, 32, 2032 MHz, 3996 MHz, 0 %, 0 %
2026/09/22 01:09:24.815, 3, 230.16 W, 32, 2032 MHz, 3996 MHz, 0 %, 0 %
2026/09/22 01:09:24.815, 4, 180.86 W, 35, 120 MHz, 3996 MHz, 0 %, 0 %
2026/09/22 01:09:24.815, 5, 178.76 W, 34, 120 MHz, 3996 MHz, 0 %, 0 %
2026/09/22 01:09:24.815, 6, 179.12 W, 30, 120 MHz, 3996 MHz, 0 %, 0 %
2026/09/22 01:09:24.815, 7, 181.50 W, 30, 120 MHz, 3996 MHz, 0 %, 0 %
2026/09/22 01:09:25.815, 0, 233.52 W, 37, 2032 MHz, 3996 MHz, 0 %, 0 %
2026/09/22 01:09:25.815, 1, 237.52 W, 38, 2032 MHz, 3996 MHz, 0 %, 0 %
2026/09/22 01:09:25.815, 2, 228.07 W, 31, 2032 MHz, 3996 MHz, 0 %, 0 %
2026/09/22 01:09:25.815, 3, 230.15 W, 32, 2032 MHz, 3996 MHz, 0 %, 0 %
2026/09/22 01:09:25.815, 4, 180.96 W, 35, 120 MHz, 3996 MHz, 0 %, 0 %
2026/09/22 01:09:25.815, 5, 178.76 W, 34, 120 MHz, 3996 MHz, 0 %, 0 %
2026/09/22 01:09:25.815, 6, 179.05 W, 30, 120 MHz, 3996 MHz, 0 %, 0 %
2026/09/22 01:09:25.815, 7, 181.38 W, 30, 120 MHz, 3996 MHz, 0 %, 0 %
2026/09/22 01:09:26.815, 0, 233.54 W, 37, 2032 MHz, 3996 MHz, 0 %, 0 %
2026/09/22 01:09:26.815, 1, 237.52 W, 38, 2032 MHz, 3996 MHz, 0 %, 0 %
2026/09/22 01:09:26.815, 2, 228.07 W, 31, 2032 MHz, 3996 MHz, 0 %, 0 %
2026/09/22 01:09:26.815, 3, 230.16 W, 32, 2032 MHz, 3996 MHz, 0 %, 0 %
2026/09/22 01:09:26.815, 4, 180.85 W, 35, 120 MHz, 3996 MHz, 0 %, 0 %
2026/09/22 01:09:26.815, 5, 178.72 W, 34, 120 MHz, 3996 MHz, 0 %, 0 %
2026/09/22 01:09:26.815, 6, 179.00 W, 30, 120 MHz, 3996 MHz, 0 %, 0 %
2026/09/22 01:09:26.815, 7, 181.46 W, 30, 120 MHz, 3996 MHz, 0 %, 0 %
2026/09/22 01:09:27.815, 0, 233.54 W, 37, 2032 MHz, 3996 MHz, 0 %, 0 %
2026/09/22 01:09:27.815, 1, 237.52 W, 38, 2032 MHz, 3996 MHz, 0 %, 0 %
2026/09/22 01:09:27.815, 2, 228.07 W, 31, 2032 MHz, 3996 MHz, 0 %, 0 %
2026/09/22 01:09:27.815, 3, 230.16 W, 32, 2032 MHz, 3996 MHz, 0 %, 0 %
2026/09/22 01:09:27.815, 4, 180.85 W, 35, 120 MHz, 3996 MHz, 0 %, 0 %
2026/09/22 01:09:27.815, 5, 178.68 W, 34, 120 MHz, 3996 MHz, 0 %, 0 %
2026/09/22 01:09:27.815, 6, 178.80 W, 30, 120 MHz, 3996 MHz, 0 %, 0 %
2026/09/22 01:09:27.815, 7, 181.42 W, 30, 120 MHz, 3996 MHz, 0 %, 0 %
2026/09/22 01:09:28.816, 0, 234.03 W, 37, 2032 MHz, 3996 MHz, 0 %, 0 %
2026/09/22 01:09:28.816, 1, 237.86 W, 38, 2032 MHz, 3996 MHz, 0 %, 0 %
2026/09/22 01:09:28.816, 2, 228.45 W, 32, 2032 MHz, 3996 MHz, 0 %, 0 %
2026/09/22 01:09:28.816, 3, 230.61 W, 32, 2032 MHz, 3996 MHz, 0 %, 0 %
2026/09/22 01:09:28.816, 4, 180.85 W, 35, 120 MHz, 3996 MHz, 0 %, 0 %
2026/09/22 01:09:28.816, 5, 178.80 W, 34, 120 MHz, 3996 MHz, 0 %, 0 %
2026/09/22 01:09:28.816, 6, 178.93 W, 30, 120 MHz, 3996 MHz, 0 %, 0 %
2026/09/22 01:09:28.816, 7, 181.50 W, 30, 120 MHz, 3996 MHz, 0 %, 0 %
2026/09/22 01:09:29.816, 0, 233.50 W, 37, 2032 MHz, 3996 MHz, 0 %, 0 %
2026/09/22 01:09:29.816, 1, 237.52 W, 38, 2032 MHz, 3996 MHz, 0 %, 0 %
2026/09/22 01:09:29.816, 2, 228.07 W, 31, 2032 MHz, 3996 MHz, 0 %, 0 %
2026/09/22 01:09:29.816, 3, 230.16 W, 32, 2032 MHz, 3996 MHz, 0 %, 0 %
2026/09/22 01:09:29.816, 4, 180.81 W, 35, 120 MHz, 3996 MHz, 0 %, 0 %
2026/09/22 01:09:29.816, 5, 178.72 W, 34, 120 MHz, 3996 MHz, 0 %, 0 %
2026/09/22 01:09:29.816, 6, 178.78 W, 30, 120 MHz, 3996 MHz, 0 %, 0 %
2026/09/22 01:09:29.816, 7, 181.42 W, 30, 120 MHz, 3996 MHz, 0 %, 0 %
2026/09/22 01:09:30.816, 0, 233.51 W, 37, 2032 MHz, 3996 MHz, 0 %, 0 %
2026/09/22 01:09:30.816, 1, 237.52 W, 38, 2032 MHz, 3996 MHz, 0 %, 0 %
2026/09/22 01:09:30.816, 2, 228.07 W, 31, 2032 MHz, 3996 MHz, 0 %, 0 %
2026/09/22 01:09:30.816, 3, 230.15 W, 32, 2032 MHz, 3996 MHz, 0 %, 0 %
2026/09/22 01:09:30.816, 4, 180.77 W, 35, 120 MHz, 3996 MHz, 0 %, 0 %
2026/09/22 01:09:30.816, 5, 178.76 W, 34, 120 MHz, 3996 MHz, 0 %, 0 %
2026/09/22 01:09:30.816, 6, 178.68 W, 30, 120 MHz, 3996 MHz, 0 %, 0 %
2026/09/22 01:09:30.816, 7, 181.42 W, 30, 120 MHz, 3996 MHz, 0 %, 0 %
2026/09/22 01:09:31.816, 0, 235.97 W, 37, 2032 MHz, 3996 MHz, 12 %, 3 %
2026/09/22 01:09:31.816, 1, 237.52 W, 38, 2032 MHz, 3996 MHz, 0 %, 0 %
2026/09/22 01:09:31.816, 2, 230.52 W, 31, 2032 MHz, 3996 MHz, 0 %, 0 %
2026/09/22 01:09:31.816, 3, 237.77 W, 32, 2032 MHz, 3996 MHz, 43 %, 3 %
2026/09/22 01:09:31.816, 4, 180.78 W, 35, 120 MHz, 3996 MHz, 0 %, 0 %
2026/09/22 01:09:31.817, 5, 178.76 W, 34, 120 MHz, 3996 MHz, 0 %, 0 %
2026/09/22 01:09:31.817, 6, 178.76 W, 30, 120 MHz, 3996 MHz, 0 %, 0 %
2026/09/22 01:09:31.817, 7, 181.34 W, 30, 120 MHz, 3996 MHz, 0 %, 0 %
2026/09/22 01:09:32.817, 0, 234.10 W, 37, 2032 MHz, 3996 MHz, 0 %, 0 %
2026/09/22 01:09:32.817, 1, 239.71 W, 38, 2032 MHz, 3996 MHz, 0 %, 0 %
2026/09/22 01:09:32.817, 2, 228.79 W, 31, 2032 MHz, 3996 MHz, 0 %, 0 %
2026/09/22 01:09:32.817, 3, 230.61 W, 32, 2032 MHz, 3996 MHz, 0 %, 0 %
2026/09/22 01:09:32.817, 4, 180.89 W, 35, 120 MHz, 3996 MHz, 0 %, 0 %
2026/09/22 01:09:32.817, 5, 178.72 W, 34, 120 MHz, 3996 MHz, 0 %, 0 %
2026/09/22 01:09:32.817, 6, 178.80 W, 30, 120 MHz, 3996 MHz, 0 %, 0 %
2026/09/22 01:09:32.817, 7, 181.46 W, 30, 120 MHz, 3996 MHz, 0 %, 0 %
2026/09/22 01:09:33.817, 0, 233.54 W, 37, 2032 MHz, 3996 MHz, 0 %, 0 %
2026/09/22 01:09:33.817, 1, 237.52 W, 38, 2032 MHz, 3996 MHz, 0 %, 0 %
2026/09/22 01:09:33.817, 2, 228.07 W, 31, 2032 MHz, 3996 MHz, 0 %, 0 %
2026/09/22 01:09:33.817, 3, 230.16 W, 32, 2032 MHz, 3996 MHz, 0 %, 0 %
2026/09/22 01:09:33.817, 4, 180.96 W, 35, 120 MHz, 3996 MHz, 0 %, 0 %
2026/09/22 01:09:33.817, 5, 178.75 W, 34, 120 MHz, 3996 MHz, 0 %, 0 %
2026/09/22 01:09:33.817, 6, 178.96 W, 30, 120 MHz, 3996 MHz, 0 %, 0 %
2026/09/22 01:09:33.817, 7, 181.34 W, 30, 120 MHz, 3996 MHz, 0 %, 0 %
2026/09/22 01:09:34.817, 0, 233.55 W, 37, 2032 MHz, 3996 MHz, 0 %, 0 %
2026/09/22 01:09:34.817, 1, 237.52 W, 38, 2032 MHz, 3996 MHz, 0 %, 0 %
2026/09/22 01:09:34.817, 2, 228.07 W, 31, 2032 MHz, 3996 MHz, 0 %, 0 %
2026/09/22 01:09:34.817, 3, 230.15 W, 32, 2032 MHz, 3996 MHz, 0 %, 0 %
2026/09/22 01:09:34.817, 4, 181.04 W, 35, 120 MHz, 3996 MHz, 0 %, 0 %
2026/09/22 01:09:34.817, 5, 178.80 W, 34, 120 MHz, 3996 MHz, 0 %, 0 %
2026/09/22 01:09:34.817, 6, 178.78 W, 30, 120 MHz, 3996 MHz, 0 %, 0 %
2026/09/22 01:09:34.817, 7, 181.50 W, 30, 120 MHz, 3996 MHz, 0 %, 0 %
2026/09/22 01:09:35.818, 0, 233.53 W, 37, 2032 MHz, 3996 MHz, 0 %, 0 %
2026/09/22 01:09:35.818, 1, 237.52 W, 38, 2032 MHz, 3996 MHz, 0 %, 0 %
2026/09/22 01:09:35.818, 2, 228.07 W, 31, 2032 MHz, 3996 MHz, 0 %, 0 %
2026/09/22 01:09:35.818, 3, 230.16 W, 32, 2032 MHz, 3996 MHz, 0 %, 0 %
2026/09/22 01:09:35.818, 4, 181.00 W, 35, 120 MHz, 3996 MHz, 0 %, 0 %
2026/09/22 01:09:35.818, 5, 178.68 W, 34, 120 MHz, 3996 MHz, 0 %, 0 %
2026/09/22 01:09:35.818, 6, 178.69 W, 30, 120 MHz, 3996 MHz, 0 %, 0 %
2026/09/22 01:09:35.818, 7, 181.42 W, 30, 120 MHz, 3996 MHz, 0 %, 0 %
2026/09/22 01:09:36.818, 0, 233.53 W, 37, 2032 MHz, 3996 MHz, 0 %, 0 %
2026/09/22 01:09:36.818, 1, 237.51 W, 38, 2032 MHz, 3996 MHz, 0 %, 0 %
2026/09/22 01:09:36.818, 2, 228.07 W, 31, 2032 MHz, 3996 MHz, 0 %, 0 %
2026/09/22 01:09:36.818, 3, 230.15 W, 32, 2032 MHz, 3996 MHz, 0 %, 0 %
2026/09/22 01:09:36.818, 4, 181.13 W, 35, 120 MHz, 3996 MHz, 0 %, 0 %
2026/09/22 01:09:36.818, 5, 178.72 W, 34, 120 MHz, 3996 MHz, 0 %, 0 %
2026/09/22 01:09:36.818, 6, 178.76 W, 30, 120 MHz, 3996 MHz, 0 %, 0 %
2026/09/22 01:09:36.818, 7, 181.46 W, 30, 120 MHz, 3996 MHz, 0 %, 0 %
2026/09/22 01:09:37.818, 0, 233.55 W, 37, 2032 MHz, 3996 MHz, 0 %, 0 %
2026/09/22 01:09:37.818, 1, 237.52 W, 38, 2032 MHz, 3996 MHz, 0 %, 0 %
2026/09/22 01:09:37.818, 2, 228.07 W, 31, 2032 MHz, 3996 MHz, 0 %, 0 %
2026/09/22 01:09:37.818, 3, 230.15 W, 32, 2032 MHz, 3996 MHz, 0 %, 0 %
2026/09/22 01:09:37.818, 4, 181.00 W, 35, 120 MHz, 3996 MHz, 0 %, 0 %
2026/09/22 01:09:37.818, 5, 178.72 W, 34, 120 MHz, 3996 MHz, 0 %, 0 %
2026/09/22 01:09:37.818, 6, 178.93 W, 30, 120 MHz, 3996 MHz, 0 %, 0 %
2026/09/22 01:09:37.818, 7, 181.42 W, 30, 120 MHz, 3996 MHz, 0 %, 0 %
2026/09/22 01:09:38.818, 0, 233.50 W, 37, 2032 MHz, 3996 MHz, 0 %, 0 %
2026/09/22 01:09:38.818, 1, 237.52 W, 38, 2032 MHz, 3996 MHz, 0 %, 0 %
2026/09/22 01:09:38.818, 2, 228.07 W, 31, 2032 MHz, 3996 MHz, 0 %, 0 %
2026/09/22 01:09:38.818, 3, 230.16 W, 32, 2032 MHz, 3996 MHz, 0 %, 0 %
2026/09/22 01:09:38.818, 4, 180.90 W, 35, 120 MHz, 3996 MHz, 0 %, 0 %
2026/09/22 01:09:38.818, 5, 178.76 W, 34, 120 MHz, 3996 MHz, 0 %, 0 %
2026/09/22 01:09:38.818, 6, 178.80 W, 30, 120 MHz, 3996 MHz, 0 %, 0 %
2026/09/22 01:09:38.818, 7, 181.46 W, 30, 120 MHz, 3996 MHz, 0 %, 0 %
2026/09/22 01:09:39.819, 0, 233.51 W, 37, 2032 MHz, 3996 MHz, 0 %, 0 %
2026/09/22 01:09:39.819, 1, 237.52 W, 38, 2032 MHz, 3996 MHz, 0 %, 0 %
2026/09/22 01:09:39.819, 2, 228.07 W, 31, 2032 MHz, 3996 MHz, 0 %, 0 %
2026/09/22 01:09:39.819, 3, 230.16 W, 32, 2032 MHz, 3996 MHz, 0 %, 0 %
2026/09/22 01:09:39.819, 4, 180.85 W, 35, 120 MHz, 3996 MHz, 0 %, 0 %
2026/09/22 01:09:39.819, 5, 178.72 W, 34, 120 MHz, 3996 MHz, 0 %, 0 %
2026/09/22 01:09:39.819, 6, 179.08 W, 30, 120 MHz, 3996 MHz, 0 %, 0 %
2026/09/22 01:09:39.819, 7, 181.50 W, 30, 120 MHz, 3996 MHz, 0 %, 0 %
2026/09/22 01:09:40.819, 0, 233.50 W, 37, 2032 MHz, 3996 MHz, 0 %, 0 %
2026/09/22 01:09:40.819, 1, 237.52 W, 38, 2032 MHz, 3996 MHz, 0 %, 0 %
2026/09/22 01:09:40.819, 2, 228.07 W, 31, 2032 MHz, 3996 MHz, 0 %, 0 %
2026/09/22 01:09:40.819, 3, 230.15 W, 32, 2032 MHz, 3996 MHz, 0 %, 0 %
2026/09/22 01:09:40.819, 4, 180.78 W, 35, 120 MHz, 3996 MHz, 0 %, 0 %
2026/09/22 01:09:40.819, 5, 178.80 W, 34, 120 MHz, 3996 MHz, 0 %, 0 %
2026/09/22 01:09:40.819, 6, 179.00 W, 30, 120 MHz, 3996 MHz, 0 %, 0 %
2026/09/22 01:09:40.819, 7, 181.50 W, 30, 120 MHz, 3996 MHz, 0 %, 0 %
2026/09/22 01:09:41.819, 0, 233.49 W, 37, 2032 MHz, 3996 MHz, 0 %, 0 %
2026/09/22 01:09:41.819, 1, 237.52 W, 38, 2032 MHz, 3996 MHz, 0 %, 0 %
2026/09/22 01:09:41.819, 2, 228.07 W, 31, 2032 MHz, 3996 MHz, 0 %, 0 %
2026/09/22 01:09:41.819, 3, 230.15 W, 32, 2032 MHz, 3996 MHz, 0 %, 0 %
2026/09/22 01:09:41.819, 4, 180.89 W, 35, 120 MHz, 3996 MHz, 0 %, 0 %
2026/09/22 01:09:41.819, 5, 178.72 W, 34, 120 MHz, 3996 MHz, 0 %, 0 %
2026/09/22 01:09:41.819, 6, 178.84 W, 30, 120 MHz, 3996 MHz, 0 %, 0 %
2026/09/22 01:09:41.819, 7, 181.46 W, 30, 120 MHz, 3996 MHz, 0 %, 0 %
2026/09/22 01:09:42.819, 0, 233.63 W, 37, 2032 MHz, 3996 MHz, 1 %, 0 %
2026/09/22 01:09:42.819, 1, 237.52 W, 38, 2032 MHz, 3996 MHz, 0 %, 0 %
2026/09/22 01:09:42.819, 2, 228.07 W, 31, 2032 MHz, 3996 MHz, 0 %, 0 %
2026/09/22 01:09:42.819, 3, 231.62 W, 32, 2032 MHz, 3996 MHz, 99 %, 0 %
2026/09/22 01:09:42.819, 4, 180.93 W, 35, 120 MHz, 3996 MHz, 0 %, 0 %
2026/09/22 01:09:42.819, 5, 178.72 W, 34, 120 MHz, 3996 MHz, 0 %, 0 %
2026/09/22 01:09:42.819, 6, 178.93 W, 30, 120 MHz, 3996 MHz, 0 %, 0 %
2026/09/22 01:09:42.819, 7, 181.46 W, 30, 120 MHz, 3996 MHz, 0 %, 0 %
2026/09/22 01:09:43.820, 0, 412.24 W, 40, 2032 MHz, 3996 MHz, 34 %, 7 %
2026/09/22 01:09:43.820, 1, 417.82 W, 41, 2032 MHz, 3996 MHz, 33 %, 8 %
2026/09/22 01:09:43.820, 2, 403.84 W, 35, 2032 MHz, 3996 MHz, 38 %, 9 %
2026/09/22 01:09:43.820, 3, 434.23 W, 36, 2032 MHz, 3996 MHz, 37 %, 12 %
2026/09/22 01:09:43.820, 4, 180.81 W, 35, 120 MHz, 3996 MHz, 0 %, 0 %
2026/09/22 01:09:43.820, 5, 178.80 W, 34, 120 MHz, 3996 MHz, 0 %, 0 %
2026/09/22 01:09:43.820, 6, 178.88 W, 30, 120 MHz, 3996 MHz, 0 %, 0 %
2026/09/22 01:09:43.820, 7, 181.42 W, 30, 120 MHz, 3996 MHz, 0 %, 0 %
2026/09/22 01:09:44.820, 0, 381.89 W, 39, 2032 MHz, 3996 MHz, 0 %, 0 %
2026/09/22 01:09:44.820, 1, 411.39 W, 40, 2032 MHz, 3996 MHz, 2 %, 0 %
2026/09/22 01:09:44.820, 2, 381.51 W, 33, 2032 MHz, 3996 MHz, 0 %, 0 %
2026/09/22 01:09:44.820, 3, 367.15 W, 33, 2032 MHz, 3996 MHz, 0 %, 0 %
2026/09/22 01:09:44.820, 4, 180.86 W, 35, 120 MHz, 3996 MHz, 0 %, 0 %
2026/09/22 01:09:44.820, 5, 178.83 W, 34, 120 MHz, 3996 MHz, 0 %, 0 %
2026/09/22 01:09:44.820, 6, 178.72 W, 30, 120 MHz, 3996 MHz, 0 %, 0 %
2026/09/22 01:09:44.820, 7, 181.34 W, 30, 120 MHz, 3996 MHz, 0 %, 0 %
2026/09/22 01:09:45.820, 0, 314.83 W, 40, 2032 MHz, 3996 MHz, 72 %, 4 %
2026/09/22 01:09:45.820, 1, 287.34 W, 40, 2032 MHz, 3996 MHz, 52 %, 0 %
2026/09/22 01:09:45.820, 2, 256.76 W, 33, 2032 MHz, 3996 MHz, 16 %, 4 %
2026/09/22 01:09:45.820, 3, 306.22 W, 34, 2032 MHz, 3996 MHz, 93 %, 3 %
2026/09/22 01:09:45.820, 4, 180.97 W, 35, 120 MHz, 3996 MHz, 0 %, 0 %
2026/09/22 01:09:45.820, 5, 178.68 W, 34, 120 MHz, 3996 MHz, 0 %, 0 %
2026/09/22 01:09:45.820, 6, 178.49 W, 30, 120 MHz, 3996 MHz, 0 %, 0 %
2026/09/22 01:09:45.820, 7, 181.50 W, 30, 120 MHz, 3996 MHz, 0 %, 0 %
2026/09/22 01:09:46.820, 0, 282.59 W, 39, 2032 MHz, 3996 MHz, 56 %, 2 %
2026/09/22 01:09:46.820, 1, 294.41 W, 40, 2032 MHz, 3996 MHz, 74 %, 3 %
2026/09/22 01:09:46.820, 2, 272.08 W, 33, 2032 MHz, 3996 MHz, 12 %, 3 %
2026/09/22 01:09:46.820, 3, 278.13 W, 33, 2032 MHz, 3996 MHz, 52 %, 2 %
2026/09/22 01:09:46.820, 4, 181.04 W, 35, 120 MHz, 3996 MHz, 0 %, 0 %
2026/09/22 01:09:46.821, 5, 178.76 W, 34, 120 MHz, 3996 MHz, 0 %, 0 %
2026/09/22 01:09:46.821, 6, 179.00 W, 30, 120 MHz, 3996 MHz, 0 %, 0 %
2026/09/22 01:09:46.821, 7, 181.50 W, 30, 120 MHz, 3996 MHz, 0 %, 0 %
2026/09/22 01:09:47.821, 0, 270.98 W, 38, 2032 MHz, 3996 MHz, 0 %, 0 %
2026/09/22 01:09:47.821, 1, 275.37 W, 39, 2032 MHz, 3996 MHz, 73 %, 3 %
2026/09/22 01:09:47.821, 2, 259.76 W, 32, 2032 MHz, 3996 MHz, 0 %, 0 %
2026/09/22 01:09:47.821, 3, 268.13 W, 33, 2032 MHz, 3996 MHz, 0 %, 0 %
2026/09/22 01:09:47.821, 4, 181.34 W, 35, 120 MHz, 3996 MHz, 0 %, 0 %
2026/09/22 01:09:47.821, 5, 178.88 W, 34, 120 MHz, 3996 MHz, 0 %, 0 %
2026/09/22 01:09:47.821, 6, 178.70 W, 30, 120 MHz, 3996 MHz, 0 %, 0 %
2026/09/22 01:09:47.821, 7, 181.50 W, 30, 120 MHz, 3996 MHz, 0 %, 0 %
2026/09/22 01:09:48.821, 0, 272.68 W, 38, 2032 MHz, 3996 MHz, 42 %, 3 %
2026/09/22 01:09:48.821, 1, 274.33 W, 39, 2032 MHz, 3996 MHz, 0 %, 0 %
2026/09/22 01:09:48.821, 2, 264.23 W, 32, 2032 MHz, 3996 MHz, 12 %, 3 %
2026/09/22 01:09:48.821, 3, 272.75 W, 33, 2032 MHz, 3996 MHz, 55 %, 3 %
2026/09/22 01:09:48.821, 4, 181.04 W, 35, 120 MHz, 3996 MHz, 0 %, 0 %
2026/09/22 01:09:48.821, 5, 178.80 W, 34, 120 MHz, 3996 MHz, 0 %, 0 %
2026/09/22 01:09:48.821, 6, 179.04 W, 30, 120 MHz, 3996 MHz, 0 %, 0 %
2026/09/22 01:09:48.821, 7, 181.42 W, 30, 120 MHz, 3996 MHz, 0 %, 0 %
2026/09/22 01:09:49.821, 0, 280.00 W, 38, 2032 MHz, 3996 MHz, 90 %, 3 %
2026/09/22 01:09:49.821, 1, 284.65 W, 40, 2032 MHz, 3996 MHz, 77 %, 3 %
2026/09/22 01:09:49.821, 2, 267.46 W, 33, 2032 MHz, 3996 MHz, 13 %, 3 %
2026/09/22 01:09:49.821, 3, 276.73 W, 33, 2032 MHz, 3996 MHz, 84 %, 3 %
2026/09/22 01:09:49.821, 4, 180.82 W, 35, 120 MHz, 3996 MHz, 0 %, 0 %
2026/09/22 01:09:49.821, 5, 178.68 W, 34, 120 MHz, 3996 MHz, 0 %, 0 %
2026/09/22 01:09:49.821, 6, 178.82 W, 30, 120 MHz, 3996 MHz, 0 %, 0 %
2026/09/22 01:09:49.822, 7, 181.35 W, 30, 120 MHz, 3996 MHz, 0 %, 0 %
2026/09/22 01:09:50.822, 0, 273.79 W, 38, 2032 MHz, 3996 MHz, 83 %, 3 %
2026/09/22 01:09:50.822, 1, 280.27 W, 40, 2032 MHz, 3996 MHz, 99 %, 3 %
2026/09/22 01:09:50.822, 2, 261.92 W, 33, 2032 MHz, 3996 MHz, 13 %, 3 %
2026/09/22 01:09:50.822, 3, 272.67 W, 33, 2032 MHz, 3996 MHz, 97 %, 3 %
2026/09/22 01:09:50.822, 4, 180.85 W, 35, 120 MHz, 3996 MHz, 0 %, 0 %
2026/09/22 01:09:50.822, 5, 178.72 W, 34, 120 MHz, 3996 MHz, 0 %, 0 %
2026/09/22 01:09:50.822, 6, 178.82 W, 30, 120 MHz, 3996 MHz, 0 %, 0 %
2026/09/22 01:09:50.822, 7, 181.46 W, 30, 120 MHz, 3996 MHz, 0 %, 0 %
2026/09/22 01:09:51.822, 0, 248.10 W, 38, 2032 MHz, 3996 MHz, 97 %, 3 %
2026/09/22 01:09:51.822, 1, 252.22 W, 39, 2032 MHz, 3996 MHz, 9 %, 1 %
2026/09/22 01:09:51.822, 2, 239.82 W, 32, 2032 MHz, 3996 MHz, 10 %, 3 %
2026/09/22 01:09:51.822, 3, 246.09 W, 33, 2032 MHz, 3996 MHz, 100 %, 3 %
2026/09/22 01:09:51.822, 4, 181.05 W, 35, 120 MHz, 3996 MHz, 0 %, 0 %
2026/09/22 01:09:51.822, 5, 178.72 W, 34, 120 MHz, 3996 MHz, 0 %, 0 %
2026/09/22 01:09:51.822, 6, 179.04 W, 30, 120 MHz, 3996 MHz, 0 %, 0 %
2026/09/22 01:09:51.822, 7, 181.26 W, 30, 120 MHz, 3996 MHz, 0 %, 0 %
2026/09/22 01:09:52.822, 0, 266.96 W, 38, 2032 MHz, 3996 MHz, 50 %, 3 %
2026/09/22 01:09:52.822, 1, 269.04 W, 39, 2032 MHz, 3996 MHz, 73 %, 3 %
2026/09/22 01:09:52.822, 2, 254.35 W, 33, 2032 MHz, 3996 MHz, 12 %, 3 %
2026/09/22 01:09:52.822, 3, 264.27 W, 33, 2032 MHz, 3996 MHz, 41 %, 3 %
2026/09/22 01:09:52.822, 4, 181.05 W, 35, 120 MHz, 3996 MHz, 0 %, 0 %
2026/09/22 01:09:52.822, 5, 178.64 W, 34, 120 MHz, 3996 MHz, 0 %, 0 %
2026/09/22 01:09:52.822, 6, 178.93 W, 30, 120 MHz, 3996 MHz, 0 %, 0 %
2026/09/22 01:09:52.822, 7, 181.38 W, 30, 120 MHz, 3996 MHz, 0 %, 0 %
2026/09/22 01:09:53.822, 0, 265.88 W, 38, 2032 MHz, 3996 MHz, 89 %, 3 %
2026/09/22 01:09:53.823, 1, 270.01 W, 39, 2032 MHz, 3996 MHz, 86 %, 3 %
2026/09/22 01:09:53.823, 2, 254.02 W, 32, 2032 MHz, 3996 MHz, 10 %, 3 %
2026/09/22 01:09:53.823, 3, 262.23 W, 33, 2032 MHz, 3996 MHz, 99 %, 3 %
2026/09/22 01:09:53.823, 4, 180.96 W, 35, 120 MHz, 3996 MHz, 0 %, 0 %
2026/09/22 01:09:53.823, 5, 178.68 W, 34, 120 MHz, 3996 MHz, 0 %, 0 %
2026/09/22 01:09:53.823, 6, 178.85 W, 30, 120 MHz, 3996 MHz, 0 %, 0 %
2026/09/22 01:09:53.823, 7, 181.50 W, 30, 120 MHz, 3996 MHz, 0 %, 0 %
2026/09/22 01:09:54.823, 0, 261.37 W, 38, 2032 MHz, 3996 MHz, 31 %, 1 %
2026/09/22 01:09:54.823, 1, 268.31 W, 39, 2032 MHz, 3996 MHz, 84 %, 3 %
2026/09/22 01:09:54.823, 2, 250.13 W, 32, 2032 MHz, 3996 MHz, 5 %, 1 %
2026/09/22 01:09:54.823, 3, 257.97 W, 32, 2032 MHz, 3996 MHz, 27 %, 1 %
2026/09/22 01:09:54.823, 4, 180.89 W, 35, 120 MHz, 3996 MHz, 0 %, 0 %
2026/09/22 01:09:54.823, 5, 178.68 W, 34, 120 MHz, 3996 MHz, 0 %, 0 %
2026/09/22 01:09:54.823, 6, 178.89 W, 30, 120 MHz, 3996 MHz, 0 %, 0 %
2026/09/22 01:09:54.823, 7, 181.38 W, 30, 120 MHz, 3996 MHz, 0 %, 0 %
2026/09/22 01:09:55.823, 0, 250.77 W, 38, 2032 MHz, 3996 MHz, 60 %, 3 %
2026/09/22 01:09:55.823, 1, 252.99 W, 39, 2032 MHz, 3996 MHz, 100 %, 3 %
2026/09/22 01:09:55.823, 2, 241.10 W, 32, 2032 MHz, 3996 MHz, 9 %, 3 %
2026/09/22 01:09:55.823, 3, 250.08 W, 33, 2032 MHz, 3996 MHz, 90 %, 3 %
2026/09/22 01:09:55.823, 4, 181.01 W, 35, 120 MHz, 3996 MHz, 0 %, 0 %
2026/09/22 01:09:55.823, 5, 178.72 W, 34, 120 MHz, 3996 MHz, 0 %, 0 %
2026/09/22 01:09:55.823, 6, 178.84 W, 30, 120 MHz, 3996 MHz, 0 %, 0 %
2026/09/22 01:09:55.823, 7, 181.23 W, 30, 120 MHz, 3996 MHz, 0 %, 0 %
2026/09/22 01:09:56.823, 0, 260.28 W, 38, 2032 MHz, 3996 MHz, 77 %, 2 %
2026/09/22 01:09:56.823, 1, 266.19 W, 39, 2032 MHz, 3996 MHz, 52 %, 2 %
2026/09/22 01:09:56.823, 2, 249.91 W, 32, 2032 MHz, 3996 MHz, 9 %, 3 %
2026/09/22 01:09:56.823, 3, 258.12 W, 32, 2032 MHz, 3996 MHz, 73 %, 2 %
2026/09/22 01:09:56.823, 4, 180.89 W, 35, 120 MHz, 3996 MHz, 0 %, 0 %
2026/09/22 01:09:56.823, 5, 178.64 W, 34, 120 MHz, 3996 MHz, 0 %, 0 %
2026/09/22 01:09:56.823, 6, 178.93 W, 30, 120 MHz, 3996 MHz, 0 %, 0 %
2026/09/22 01:09:56.824, 7, 181.42 W, 30, 120 MHz, 3996 MHz, 0 %, 0 %
2026/09/22 01:09:57.824, 0, 253.12 W, 38, 2032 MHz, 3996 MHz, 0 %, 0 %
2026/09/22 01:09:57.824, 1, 262.43 W, 39, 2032 MHz, 3996 MHz, 100 %, 3 %
2026/09/22 01:09:57.824, 2, 244.47 W, 32, 2032 MHz, 3996 MHz, 0 %, 0 %
2026/09/22 01:09:57.824, 3, 251.90 W, 32, 2032 MHz, 3996 MHz, 0 %, 0 %
2026/09/22 01:09:57.824, 4, 180.89 W, 35, 120 MHz, 3996 MHz, 0 %, 0 %
2026/09/22 01:09:57.824, 5, 178.76 W, 34, 120 MHz, 3996 MHz, 0 %, 0 %
2026/09/22 01:09:57.824, 6, 178.82 W, 30, 120 MHz, 3996 MHz, 0 %, 0 %
2026/09/22 01:09:57.824, 7, 181.42 W, 30, 120 MHz, 3996 MHz, 0 %, 0 %
2026/09/22 01:09:58.824, 0, 255.33 W, 38, 2032 MHz, 3996 MHz, 0 %, 0 %
2026/09/22 01:09:58.824, 1, 259.04 W, 39, 2032 MHz, 3996 MHz, 0 %, 0 %
2026/09/22 01:09:58.824, 2, 244.05 W, 32, 2032 MHz, 3996 MHz, 0 %, 0 %
2026/09/22 01:09:58.824, 3, 252.97 W, 32, 2032 MHz, 3996 MHz, 0 %, 0 %
2026/09/22 01:09:58.824, 4, 180.96 W, 35, 120 MHz, 3996 MHz, 0 %, 0 %
2026/09/22 01:09:58.824, 5, 178.64 W, 34, 120 MHz, 3996 MHz, 0 %, 0 %
2026/09/22 01:09:58.824, 6, 178.78 W, 30, 120 MHz, 3996 MHz, 0 %, 0 %
2026/09/22 01:09:58.824, 7, 181.46 W, 30, 120 MHz, 3996 MHz, 0 %, 0 %
2026/09/22 01:09:59.824, 0, 254.32 W, 38, 2032 MHz, 3996 MHz, 23 %, 2 %
2026/09/22 01:09:59.824, 1, 260.49 W, 39, 2032 MHz, 3996 MHz, 0 %, 0 %
2026/09/22 01:09:59.824, 2, 245.43 W, 32, 2032 MHz, 3996 MHz, 5 %, 2 %
2026/09/22 01:09:59.824, 3, 253.92 W, 32, 2032 MHz, 3996 MHz, 36 %, 2 %
2026/09/22 01:09:59.824, 4, 180.78 W, 35, 120 MHz, 3996 MHz, 0 %, 0 %
2026/09/22 01:09:59.824, 5, 178.79 W, 34, 120 MHz, 3996 MHz, 0 %, 0 %
2026/09/22 01:09:59.824, 6, 179.19 W, 30, 120 MHz, 3996 MHz, 0 %, 0 %
2026/09/22 01:09:59.824, 7, 181.34 W, 30, 120 MHz, 3996 MHz, 0 %, 0 %
2026/09/22 01:10:00.824, 0, 249.80 W, 38, 2032 MHz, 3996 MHz, 0 %, 0 %
2026/09/22 01:10:00.824, 1, 258.64 W, 39, 2032 MHz, 3996 MHz, 0 %, 0 %
2026/09/22 01:10:00.825, 2, 241.97 W, 32, 2032 MHz, 3996 MHz, 0 %, 0 %
2026/09/22 01:10:00.825, 3, 247.16 W, 32, 2032 MHz, 3996 MHz, 0 %, 0 %
2026/09/22 01:10:00.825, 4, 181.04 W, 35, 120 MHz, 3996 MHz, 0 %, 0 %
2026/09/22 01:10:00.825, 5, 178.68 W, 34, 120 MHz, 3996 MHz, 0 %, 0 %
2026/09/22 01:10:00.825, 6, 178.43 W, 30, 120 MHz, 3996 MHz, 0 %, 0 %
2026/09/22 01:10:00.825, 7, 181.38 W, 30, 120 MHz, 3996 MHz, 0 %, 0 %
2026/09/22 01:10:01.825, 0, 252.75 W, 38, 2032 MHz, 3996 MHz, 0 %, 0 %
2026/09/22 01:10:01.825, 1, 257.34 W, 39, 2032 MHz, 3996 MHz, 2 %, 0 %
2026/09/22 01:10:01.825, 2, 241.70 W, 32, 2032 MHz, 3996 MHz, 0 %, 0 %
2026/09/22 01:10:01.825, 3, 251.23 W, 32, 2032 MHz, 3996 MHz, 0 %, 0 %
2026/09/22 01:10:01.825, 4, 180.89 W, 35, 120 MHz, 3996 MHz, 0 %, 0 %
2026/09/22 01:10:01.825, 5, 178.68 W, 34, 120 MHz, 3996 MHz, 0 %, 0 %
2026/09/22 01:10:01.825, 6, 178.53 W, 30, 120 MHz, 3996 MHz, 0 %, 0 %
2026/09/22 01:10:01.825, 7, 181.34 W, 30, 120 MHz, 3996 MHz, 0 %, 0 %
2026/09/22 01:10:02.825, 0, 253.85 W, 38, 2032 MHz, 3996 MHz, 17 %, 2 %
2026/09/22 01:10:02.825, 1, 257.32 W, 39, 2032 MHz, 3996 MHz, 0 %, 0 %
2026/09/22 01:10:02.825, 2, 242.50 W, 32, 2032 MHz, 3996 MHz, 4 %, 1 %
2026/09/22 01:10:02.825, 3, 251.66 W, 32, 2032 MHz, 3996 MHz, 26 %, 2 %
2026/09/22 01:10:02.825, 4, 180.93 W, 35, 120 MHz, 3996 MHz, 0 %, 0 %
2026/09/22 01:10:02.825, 5, 178.68 W, 34, 120 MHz, 3996 MHz, 0 %, 0 %
2026/09/22 01:10:02.825, 6, 178.88 W, 30, 120 MHz, 3996 MHz, 0 %, 0 %
2026/09/22 01:10:02.825, 7, 181.38 W, 30, 120 MHz, 3996 MHz, 0 %, 0 %
2026/09/22 01:10:03.825, 0, 252.41 W, 38, 2032 MHz, 3996 MHz, 79 %, 2 %
2026/09/22 01:10:03.825, 1, 257.00 W, 39, 2032 MHz, 3996 MHz, 0 %, 0 %
2026/09/22 01:10:03.825, 2, 241.28 W, 32, 2032 MHz, 3996 MHz, 7 %, 2 %
2026/09/22 01:10:03.825, 3, 249.99 W, 32, 2032 MHz, 3996 MHz, 97 %, 2 %
2026/09/22 01:10:03.825, 4, 180.96 W, 35, 120 MHz, 3996 MHz, 0 %, 0 %
2026/09/22 01:10:03.825, 5, 178.72 W, 34, 120 MHz, 3996 MHz, 0 %, 0 %
2026/09/22 01:10:03.825, 6, 178.78 W, 30, 120 MHz, 3996 MHz, 0 %, 0 %
2026/09/22 01:10:03.825, 7, 181.42 W, 30, 120 MHz, 3996 MHz, 0 %, 0 %
2026/09/22 01:10:04.826, 0, 252.89 W, 38, 2032 MHz, 3996 MHz, 100 %, 2 %
2026/09/22 01:10:04.826, 1, 257.84 W, 39, 2032 MHz, 3996 MHz, 44 %, 2 %
2026/09/22 01:10:04.826, 2, 240.64 W, 32, 2032 MHz, 3996 MHz, 7 %, 2 %
2026/09/22 01:10:04.826, 3, 250.95 W, 32, 2032 MHz, 3996 MHz, 100 %, 2 %
2026/09/22 01:10:04.826, 4, 180.93 W, 35, 120 MHz, 3996 MHz, 0 %, 0 %
2026/09/22 01:10:04.826, 5, 178.68 W, 34, 120 MHz, 3996 MHz, 0 %, 0 %
2026/09/22 01:10:04.826, 6, 178.99 W, 30, 120 MHz, 3996 MHz, 0 %, 0 %
2026/09/22 01:10:04.826, 7, 181.42 W, 30, 120 MHz, 3996 MHz, 0 %, 0 %
2026/09/22 01:10:05.826, 0, 251.78 W, 38, 2032 MHz, 3996 MHz, 38 %, 2 %
2026/09/22 01:10:05.826, 1, 257.05 W, 39, 2032 MHz, 3996 MHz, 98 %, 2 %
2026/09/22 01:10:05.826, 2, 240.24 W, 32, 2032 MHz, 3996 MHz, 7 %, 2 %
2026/09/22 01:10:05.826, 3, 249.89 W, 32, 2032 MHz, 3996 MHz, 48 %, 2 %
2026/09/22 01:10:05.826, 4, 180.93 W, 35, 120 MHz, 3996 MHz, 0 %, 0 %
2026/09/22 01:10:05.826, 5, 178.76 W, 34, 120 MHz, 3996 MHz, 0 %, 0 %
2026/09/22 01:10:05.826, 6, 178.68 W, 30, 120 MHz, 3996 MHz, 0 %, 0 %
2026/09/22 01:10:05.826, 7, 181.42 W, 30, 120 MHz, 3996 MHz, 0 %, 0 %
2026/09/22 01:10:06.826, 0, 242.18 W, 38, 2032 MHz, 3996 MHz, 54 %, 2 %
2026/09/22 01:10:06.826, 1, 246.20 W, 39, 2032 MHz, 3996 MHz, 0 %, 0 %
2026/09/22 01:10:06.826, 2, 233.97 W, 32, 2032 MHz, 3996 MHz, 8 %, 2 %
2026/09/22 01:10:06.826, 3, 239.14 W, 32, 2032 MHz, 3996 MHz, 62 %, 2 %
2026/09/22 01:10:06.826, 4, 181.20 W, 35, 120 MHz, 3996 MHz, 0 %, 0 %
2026/09/22 01:10:06.826, 5, 178.64 W, 34, 120 MHz, 3996 MHz, 0 %, 0 %
2026/09/22 01:10:06.826, 6, 178.97 W, 30, 120 MHz, 3996 MHz, 0 %, 0 %
2026/09/22 01:10:06.826, 7, 181.38 W, 30, 120 MHz, 3996 MHz, 0 %, 0 %
2026/09/22 01:10:07.826, 0, 251.48 W, 38, 2032 MHz, 3996 MHz, 100 %, 2 %
2026/09/22 01:10:07.826, 1, 256.21 W, 39, 2032 MHz, 3996 MHz, 26 %, 1 %
2026/09/22 01:10:07.826, 2, 239.56 W, 32, 2032 MHz, 3996 MHz, 7 %, 2 %
2026/09/22 01:10:07.826, 3, 248.84 W, 32, 2032 MHz, 3996 MHz, 100 %, 2 %
2026/09/22 01:10:07.826, 4, 181.05 W, 35, 120 MHz, 3996 MHz, 0 %, 0 %
2026/09/22 01:10:07.826, 5, 178.72 W, 34, 120 MHz, 3996 MHz, 0 %, 0 %
2026/09/22 01:10:07.827, 6, 178.80 W, 30, 120 MHz, 3996 MHz, 0 %, 0 %
2026/09/22 01:10:07.827, 7, 181.42 W, 30, 120 MHz, 3996 MHz, 0 %, 0 %
2026/09/22 01:10:08.827, 0, 249.81 W, 38, 2032 MHz, 3996 MHz, 45 %, 2 %
2026/09/22 01:10:08.827, 1, 254.66 W, 39, 2032 MHz, 3996 MHz, 100 %, 2 %
2026/09/22 01:10:08.827, 2, 239.00 W, 32, 2032 MHz, 3996 MHz, 7 %, 2 %
2026/09/22 01:10:08.827, 3, 247.32 W, 32, 2032 MHz, 3996 MHz, 60 %, 2 %
2026/09/22 01:10:08.827, 4, 180.85 W, 35, 120 MHz, 3996 MHz, 0 %, 0 %
2026/09/22 01:10:08.827, 5, 178.72 W, 34, 120 MHz, 3996 MHz, 0 %, 0 %
2026/09/22 01:10:08.827, 6, 178.92 W, 30, 120 MHz, 3996 MHz, 0 %, 0 %
2026/09/22 01:10:08.827, 7, 181.46 W, 30, 120 MHz, 3996 MHz, 0 %, 0 %
2026/09/22 01:10:09.827, 0, 249.98 W, 38, 2032 MHz, 3996 MHz, 99 %, 2 %
2026/09/22 01:10:09.827, 1, 254.08 W, 39, 2032 MHz, 3996 MHz, 61 %, 2 %
2026/09/22 01:10:09.827, 2, 238.72 W, 32, 2032 MHz, 3996 MHz, 7 %, 2 %
2026/09/22 01:10:09.827, 3, 247.05 W, 32, 2032 MHz, 3996 MHz, 100 %, 2 %
2026/09/22 01:10:09.827, 4, 181.19 W, 35, 120 MHz, 3996 MHz, 0 %, 0 %
2026/09/22 01:10:09.827, 5, 178.68 W, 34, 120 MHz, 3996 MHz, 0 %, 0 %
2026/09/22 01:10:09.827, 6, 178.97 W, 30, 120 MHz, 3996 MHz, 0 %, 0 %
2026/09/22 01:10:09.827, 7, 181.46 W, 30, 120 MHz, 3996 MHz, 0 %, 0 %
2026/09/22 01:10:10.827, 0, 233.96 W, 37, 2032 MHz, 3996 MHz, 0 %, 0 %
2026/09/22 01:10:10.827, 1, 239.75 W, 39, 2032 MHz, 3996 MHz, 0 %, 0 %
2026/09/22 01:10:10.827, 2, 228.55 W, 32, 2032 MHz, 3996 MHz, 0 %, 0 %
2026/09/22 01:10:10.827, 3, 230.23 W, 32, 2032 MHz, 3996 MHz, 0 %, 0 %
2026/09/22 01:10:10.827, 4, 181.01 W, 35, 120 MHz, 3996 MHz, 0 %, 0 %
2026/09/22 01:10:10.827, 5, 178.64 W, 34, 120 MHz, 3996 MHz, 0 %, 0 %
2026/09/22 01:10:10.827, 6, 178.96 W, 30, 120 MHz, 3996 MHz, 0 %, 0 %
2026/09/22 01:10:10.827, 7, 181.54 W, 30, 120 MHz, 3996 MHz, 0 %, 0 %
2026/09/22 01:10:11.827, 0, 293.23 W, 38, 2032 MHz, 3996 MHz, 0 %, 0 %
2026/09/22 01:10:11.827, 1, 295.21 W, 40, 2032 MHz, 3996 MHz, 34 %, 6 %
2026/09/22 01:10:11.827, 2, 285.15 W, 33, 2032 MHz, 3996 MHz, 0 %, 0 %
2026/09/22 01:10:11.828, 3, 287.61 W, 33, 2032 MHz, 3996 MHz, 0 %, 0 %
2026/09/22 01:10:11.828, 4, 180.82 W, 35, 120 MHz, 3996 MHz, 0 %, 0 %
2026/09/22 01:10:11.828, 5, 178.64 W, 34, 120 MHz, 3996 MHz, 0 %, 0 %
2026/09/22 01:10:11.828, 6, 178.40 W, 30, 120 MHz, 3996 MHz, 0 %, 0 %
2026/09/22 01:10:11.828, 7, 181.42 W, 30, 120 MHz, 3996 MHz, 0 %, 0 %
2026/09/22 01:10:12.828, 0, 234.03 W, 38, 2032 MHz, 3996 MHz, 0 %, 0 %
2026/09/22 01:10:12.828, 1, 237.75 W, 39, 2032 MHz, 3996 MHz, 0 %, 0 %
2026/09/22 01:10:12.828, 2, 228.18 W, 32, 2032 MHz, 3996 MHz, 0 %, 0 %
2026/09/22 01:10:12.828, 3, 230.76 W, 32, 2032 MHz, 3996 MHz, 0 %, 0 %
2026/09/22 01:10:12.828, 4, 181.00 W, 35, 120 MHz, 3996 MHz, 0 %, 0 %
2026/09/22 01:10:12.828, 5, 178.64 W, 34, 120 MHz, 3996 MHz, 0 %, 0 %
2026/09/22 01:10:12.828, 6, 178.80 W, 30, 120 MHz, 3996 MHz, 0 %, 0 %
2026/09/22 01:10:12.828, 7, 181.50 W, 30, 120 MHz, 3996 MHz, 0 %, 0 %
2026/09/22 01:10:13.828, 0, 233.50 W, 37, 2032 MHz, 3996 MHz, 0 %, 0 %
2026/09/22 01:10:13.828, 1, 237.52 W, 39, 2032 MHz, 3996 MHz, 0 %, 0 %
2026/09/22 01:10:13.828, 2, 228.07 W, 32, 2032 MHz, 3996 MHz, 0 %, 0 %
2026/09/22 01:10:13.828, 3, 230.16 W, 32, 2032 MHz, 3996 MHz, 0 %, 0 %
2026/09/22 01:10:13.828, 4, 180.96 W, 35, 120 MHz, 3996 MHz, 0 %, 0 %
2026/09/22 01:10:13.828, 5, 178.72 W, 34, 120 MHz, 3996 MHz, 0 %, 0 %
2026/09/22 01:10:13.828, 6, 178.88 W, 30, 120 MHz, 3996 MHz, 0 %, 0 %
2026/09/22 01:10:13.828, 7, 181.46 W, 30, 120 MHz, 3996 MHz, 0 %, 0 %
2026/09/22 01:10:14.828, 0, 233.48 W, 37, 2032 MHz, 3996 MHz, 0 %, 0 %
2026/09/22 01:10:14.828, 1, 237.52 W, 39, 2032 MHz, 3996 MHz, 0 %, 0 %
2026/09/22 01:10:14.828, 2, 228.07 W, 32, 2032 MHz, 3996 MHz, 0 %, 0 %
2026/09/22 01:10:14.828, 3, 230.15 W, 32, 2032 MHz, 3996 MHz, 0 %, 0 %
2026/09/22 01:10:14.828, 4, 181.12 W, 35, 120 MHz, 3996 MHz, 0 %, 0 %
2026/09/22 01:10:14.828, 5, 178.72 W, 34, 120 MHz, 3996 MHz, 0 %, 0 %
2026/09/22 01:10:14.828, 6, 178.88 W, 30, 120 MHz, 3996 MHz, 0 %, 0 %
2026/09/22 01:10:14.828, 7, 181.50 W, 30, 120 MHz, 3996 MHz, 0 %, 0 %
2026/09/22 01:10:15.829, 0, 233.49 W, 37, 2032 MHz, 3996 MHz, 0 %, 0 %
2026/09/22 01:10:15.829, 1, 237.52 W, 39, 2032 MHz, 3996 MHz, 0 %, 0 %
2026/09/22 01:10:15.829, 2, 228.07 W, 32, 2032 MHz, 3996 MHz, 0 %, 0 %
2026/09/22 01:10:15.829, 3, 230.16 W, 32, 2032 MHz, 3996 MHz, 0 %, 0 %
2026/09/22 01:10:15.829, 4, 181.21 W, 35, 120 MHz, 3996 MHz, 0 %, 0 %
2026/09/22 01:10:15.829, 5, 178.68 W, 34, 120 MHz, 3996 MHz, 0 %, 0 %
2026/09/22 01:10:15.829, 6, 178.74 W, 30, 120 MHz, 3996 MHz, 0 %, 0 %
2026/09/22 01:10:15.829, 7, 181.38 W, 30, 120 MHz, 3996 MHz, 0 %, 0 %
2026/09/22 01:10:16.829, 0, 234.76 W, 37, 2032 MHz, 3996 MHz, 3 %, 2 %
2026/09/22 01:10:16.829, 1, 237.82 W, 39, 2032 MHz, 3996 MHz, 1 %, 0 %
2026/09/22 01:10:16.829, 2, 230.03 W, 32, 2032 MHz, 3996 MHz, 2 %, 1 %
2026/09/22 01:10:16.829, 3, 231.22 W, 32, 2032 MHz, 3996 MHz, 3 %, 1 %
2026/09/22 01:10:16.829, 4, 181.15 W, 35, 120 MHz, 3996 MHz, 0 %, 0 %
2026/09/22 01:10:16.829, 5, 178.68 W, 34, 120 MHz, 3996 MHz, 0 %, 0 %
2026/09/22 01:10:16.829, 6, 178.82 W, 30, 120 MHz, 3996 MHz, 0 %, 0 %
2026/09/22 01:10:16.829, 7, 181.50 W, 30, 120 MHz, 3996 MHz, 0 %, 0 %
2026/09/22 01:10:17.829, 0, 262.90 W, 38, 2032 MHz, 3996 MHz, 15 %, 9 %
2026/09/22 01:10:17.829, 1, 257.80 W, 39, 2032 MHz, 3996 MHz, 15 %, 7 %
2026/09/22 01:10:17.829, 2, 272.72 W, 33, 2032 MHz, 3996 MHz, 21 %, 13 %
2026/09/22 01:10:17.829, 3, 252.04 W, 32, 2032 MHz, 3996 MHz, 16 %, 7 %
2026/09/22 01:10:17.829, 4, 181.13 W, 35, 120 MHz, 3996 MHz, 0 %, 0 %
2026/09/22 01:10:17.829, 5, 178.72 W, 34, 120 MHz, 3996 MHz, 0 %, 0 %
2026/09/22 01:10:17.829, 6, 178.66 W, 30, 120 MHz, 3996 MHz, 0 %, 0 %
2026/09/22 01:10:17.829, 7, 181.54 W, 30, 120 MHz, 3996 MHz, 0 %, 0 %
2026/09/22 01:10:18.829, 0, 257.89 W, 38, 2032 MHz, 3996 MHz, 4 %, 2 %
2026/09/22 01:10:18.829, 1, 256.86 W, 39, 2032 MHz, 3996 MHz, 3 %, 1 %
2026/09/22 01:10:18.829, 2, 266.89 W, 32, 2032 MHz, 3996 MHz, 4 %, 2 %
2026/09/22 01:10:18.829, 3, 246.28 W, 32, 2032 MHz, 3996 MHz, 3 %, 1 %
2026/09/22 01:10:18.829, 4, 180.77 W, 35, 120 MHz, 3996 MHz, 0 %, 0 %
2026/09/22 01:10:18.829, 5, 178.72 W, 34, 120 MHz, 3996 MHz, 0 %, 0 %
2026/09/22 01:10:18.829, 6, 178.78 W, 30, 120 MHz, 3996 MHz, 0 %, 0 %
2026/09/22 01:10:18.830, 7, 181.38 W, 30, 120 MHz, 3996 MHz, 0 %, 0 %
2026/09/22 01:10:19.830, 0, 271.68 W, 38, 2032 MHz, 3996 MHz, 16 %, 9 %
2026/09/22 01:10:19.830, 1, 264.28 W, 39, 2032 MHz, 3996 MHz, 15 %, 7 %
2026/09/22 01:10:19.830, 2, 288.97 W, 33, 2032 MHz, 3996 MHz, 20 %, 13 %
2026/09/22 01:10:19.830, 3, 257.70 W, 32, 2032 MHz, 3996 MHz, 15 %, 7 %
2026/09/22 01:10:19.830, 4, 180.77 W, 35, 120 MHz, 3996 MHz, 0 %, 0 %
2026/09/22 01:10:19.830, 5, 178.84 W, 34, 120 MHz, 3996 MHz, 0 %, 0 %
2026/09/22 01:10:19.830, 6, 179.05 W, 30, 120 MHz, 3996 MHz, 0 %, 0 %
2026/09/22 01:10:19.830, 7, 181.46 W, 30, 120 MHz, 3996 MHz, 0 %, 0 %
2026/09/22 01:10:20.830, 0, 259.99 W, 38, 2032 MHz, 3996 MHz, 16 %, 9 %
2026/09/22 01:10:20.830, 1, 257.17 W, 39, 2032 MHz, 3996 MHz, 10 %, 4 %
2026/09/22 01:10:20.830, 2, 267.78 W, 33, 2032 MHz, 3996 MHz, 16 %, 10 %
2026/09/22 01:10:20.830, 3, 249.26 W, 32, 2032 MHz, 3996 MHz, 14 %, 6 %
2026/09/22 01:10:20.830, 4, 180.97 W, 35, 120 MHz, 3996 MHz, 0 %, 0 %
2026/09/22 01:10:20.830, 5, 178.76 W, 34, 120 MHz, 3996 MHz, 0 %, 0 %
2026/09/22 01:10:20.830, 6, 178.96 W, 30, 120 MHz, 3996 MHz, 0 %, 0 %
2026/09/22 01:10:20.830, 7, 181.34 W, 30, 120 MHz, 3996 MHz, 0 %, 0 %
2026/09/22 01:10:21.830, 0, 240.10 W, 38, 2032 MHz, 3996 MHz, 0 %, 0 %
2026/09/22 01:10:21.830, 1, 243.16 W, 39, 2032 MHz, 3996 MHz, 0 %, 0 %
2026/09/22 01:10:21.830, 2, 239.93 W, 32, 2032 MHz, 3996 MHz, 0 %, 0 %
2026/09/22 01:10:21.830, 3, 234.98 W, 32, 2032 MHz, 3996 MHz, 0 %, 0 %
2026/09/22 01:10:21.830, 4, 181.01 W, 35, 120 MHz, 3996 MHz, 0 %, 0 %
2026/09/22 01:10:21.830, 5, 178.68 W, 34, 120 MHz, 3996 MHz, 0 %, 0 %
2026/09/22 01:10:21.830, 6, 178.78 W, 30, 120 MHz, 3996 MHz, 0 %, 0 %
2026/09/22 01:10:21.830, 7, 181.38 W, 30, 120 MHz, 3996 MHz, 0 %, 0 %
2026/09/22 01:10:22.830, 0, 233.54 W, 37, 2032 MHz, 3996 MHz, 0 %, 0 %
2026/09/22 01:10:22.830, 1, 237.52 W, 39, 2032 MHz, 3996 MHz, 0 %, 0 %
2026/09/22 01:10:22.830, 2, 228.07 W, 32, 2032 MHz, 3996 MHz, 0 %, 0 %
2026/09/22 01:10:22.830, 3, 230.15 W, 32, 2032 MHz, 3996 MHz, 0 %, 0 %
2026/09/22 01:10:22.831, 4, 181.09 W, 35, 120 MHz, 3996 MHz, 0 %, 0 %
2026/09/22 01:10:22.831, 5, 178.76 W, 34, 120 MHz, 3996 MHz, 0 %, 0 %
2026/09/22 01:10:22.831, 6, 179.11 W, 30, 120 MHz, 3996 MHz, 0 %, 0 %
2026/09/22 01:10:22.831, 7, 181.38 W, 30, 120 MHz, 3996 MHz, 0 %, 0 %
2026/09/22 01:10:23.831, 0, 233.52 W, 37, 2032 MHz, 3996 MHz, 0 %, 0 %
2026/09/22 01:10:23.831, 1, 237.52 W, 39, 2032 MHz, 3996 MHz, 0 %, 0 %
2026/09/22 01:10:23.831, 2, 228.07 W, 32, 2032 MHz, 3996 MHz, 0 %, 0 %
2026/09/22 01:10:23.831, 3, 230.15 W, 32, 2032 MHz, 3996 MHz, 0 %, 0 %
2026/09/22 01:10:23.831, 4, 180.96 W, 35, 120 MHz, 3996 MHz, 0 %, 0 %
2026/09/22 01:10:23.831, 5, 178.72 W, 34, 120 MHz, 3996 MHz, 0 %, 0 %
2026/09/22 01:10:23.831, 6, 178.82 W, 30, 120 MHz, 3996 MHz, 0 %, 0 %
2026/09/22 01:10:23.831, 7, 181.30 W, 30, 120 MHz, 3996 MHz, 0 %, 0 %
2026/09/22 01:10:24.831, 0, 233.52 W, 37, 2032 MHz, 3996 MHz, 0 %, 0 %
2026/09/22 01:10:24.831, 1, 237.52 W, 39, 2032 MHz, 3996 MHz, 0 %, 0 %
2026/09/22 01:10:24.831, 2, 228.07 W, 32, 2032 MHz, 3996 MHz, 0 %, 0 %
2026/09/22 01:10:24.831, 3, 230.16 W, 32, 2032 MHz, 3996 MHz, 0 %, 0 %
2026/09/22 01:10:24.831, 4, 180.90 W, 35, 120 MHz, 3996 MHz, 0 %, 0 %
2026/09/22 01:10:24.831, 5, 178.64 W, 34, 120 MHz, 3996 MHz, 0 %, 0 %
2026/09/22 01:10:24.831, 6, 179.12 W, 30, 120 MHz, 3996 MHz, 0 %, 0 %
2026/09/22 01:10:24.831, 7, 181.46 W, 30, 120 MHz, 3996 MHz, 0 %, 0 %
2026/09/22 01:10:25.831, 0, 233.58 W, 37, 2032 MHz, 3996 MHz, 0 %, 0 %
2026/09/22 01:10:25.831, 1, 237.52 W, 39, 2032 MHz, 3996 MHz, 0 %, 0 %
2026/09/22 01:10:25.831, 2, 228.07 W, 32, 2032 MHz, 3996 MHz, 0 %, 0 %
2026/09/22 01:10:25.831, 3, 230.16 W, 32, 2032 MHz, 3996 MHz, 0 %, 0 %
2026/09/22 01:10:25.831, 4, 180.97 W, 35, 120 MHz, 3996 MHz, 0 %, 0 %
2026/09/22 01:10:25.831, 5, 178.68 W, 34, 120 MHz, 3996 MHz, 0 %, 0 %
2026/09/22 01:10:25.831, 6, 179.12 W, 30, 120 MHz, 3996 MHz, 0 %, 0 %
2026/09/22 01:10:25.831, 7, 181.46 W, 30, 120 MHz, 3996 MHz, 0 %, 0 %
2026/09/22 01:10:26.831, 0, 233.50 W, 37, 2032 MHz, 3996 MHz, 0 %, 0 %
2026/09/22 01:10:26.832, 1, 237.52 W, 39, 2032 MHz, 3996 MHz, 0 %, 0 %
2026/09/22 01:10:26.832, 2, 228.07 W, 32, 2032 MHz, 3996 MHz, 0 %, 0 %
2026/09/22 01:10:26.832, 3, 230.16 W, 32, 2032 MHz, 3996 MHz, 0 %, 0 %
2026/09/22 01:10:26.832, 4, 180.93 W, 35, 120 MHz, 3996 MHz, 0 %, 0 %
2026/09/22 01:10:26.832, 5, 178.72 W, 34, 120 MHz, 3996 MHz, 0 %, 0 %
2026/09/22 01:10:26.832, 6, 178.84 W, 30, 120 MHz, 3996 MHz, 0 %, 0 %
2026/09/22 01:10:26.832, 7, 181.50 W, 30, 120 MHz, 3996 MHz, 0 %, 0 %
2026/09/22 01:10:27.832, 0, 303.75 W, 39, 2032 MHz, 3996 MHz, 30 %, 18 %
2026/09/22 01:10:27.832, 1, 317.89 W, 40, 2032 MHz, 3996 MHz, 33 %, 21 %
2026/09/22 01:10:27.832, 2, 298.05 W, 33, 2032 MHz, 3996 MHz, 31 %, 18 %
2026/09/22 01:10:27.832, 3, 304.59 W, 33, 2032 MHz, 3996 MHz, 31 %, 19 %
2026/09/22 01:10:27.832, 4, 180.85 W, 35, 120 MHz, 3996 MHz, 0 %, 0 %
2026/09/22 01:10:27.832, 5, 178.75 W, 34, 120 MHz, 3996 MHz, 0 %, 0 %
2026/09/22 01:10:27.832, 6, 179.09 W, 30, 120 MHz, 3996 MHz, 0 %, 0 %
2026/09/22 01:10:27.832, 7, 181.50 W, 30, 120 MHz, 3996 MHz, 0 %, 0 %
2026/09/22 01:10:28.832, 0, 320.29 W, 39, 2032 MHz, 3996 MHz, 30 %, 18 %
2026/09/22 01:10:28.832, 1, 345.39 W, 40, 2032 MHz, 3996 MHz, 33 %, 21 %
2026/09/22 01:10:28.832, 2, 315.10 W, 33, 2032 MHz, 3996 MHz, 31 %, 18 %
2026/09/22 01:10:28.832, 3, 320.11 W, 33, 2032 MHz, 3996 MHz, 29 %, 17 %
2026/09/22 01:10:28.832, 4, 181.19 W, 35, 120 MHz, 3996 MHz, 0 %, 0 %
2026/09/22 01:10:28.832, 5, 178.76 W, 34, 120 MHz, 3996 MHz, 0 %, 0 %
2026/09/22 01:10:28.832, 6, 179.00 W, 30, 120 MHz, 3996 MHz, 0 %, 0 %
2026/09/22 01:10:28.832, 7, 181.54 W, 30, 120 MHz, 3996 MHz, 0 %, 0 %
2026/09/22 01:10:29.832, 0, 359.51 W, 40, 2032 MHz, 3996 MHz, 36 %, 25 %
2026/09/22 01:10:29.832, 1, 398.76 W, 41, 2032 MHz, 3996 MHz, 41 %, 31 %
2026/09/22 01:10:29.832, 2, 354.90 W, 34, 2032 MHz, 3996 MHz, 37 %, 25 %
2026/09/22 01:10:29.832, 3, 388.06 W, 35, 2032 MHz, 3996 MHz, 42 %, 32 %
2026/09/22 01:10:29.832, 4, 181.09 W, 35, 120 MHz, 3996 MHz, 0 %, 0 %
2026/09/22 01:10:29.832, 5, 178.68 W, 34, 120 MHz, 3996 MHz, 0 %, 0 %
2026/09/22 01:10:29.832, 6, 178.86 W, 30, 120 MHz, 3996 MHz, 0 %, 0 %
2026/09/22 01:10:29.832, 7, 181.54 W, 30, 120 MHz, 3996 MHz, 0 %, 0 %
2026/09/22 01:10:30.833, 0, 367.70 W, 40, 2032 MHz, 3996 MHz, 37 %, 26 %
2026/09/22 01:10:30.833, 1, 406.47 W, 42, 2032 MHz, 3996 MHz, 43 %, 32 %
2026/09/22 01:10:30.833, 2, 362.04 W, 34, 2032 MHz, 3996 MHz, 38 %, 26 %
2026/09/22 01:10:30.833, 3, 397.60 W, 35, 2032 MHz, 3996 MHz, 41 %, 31 %
2026/09/22 01:10:30.833, 4, 180.77 W, 35, 120 MHz, 3996 MHz, 0 %, 0 %
2026/09/22 01:10:30.833, 5, 178.64 W, 34, 120 MHz, 3996 MHz, 0 %, 0 %
2026/09/22 01:10:30.833, 6, 178.97 W, 30, 120 MHz, 3996 MHz, 0 %, 0 %
2026/09/22 01:10:30.833, 7, 181.50 W, 30, 120 MHz, 3996 MHz, 0 %, 0 %
2026/09/22 01:10:31.833, 0, 377.74 W, 40, 2032 MHz, 3996 MHz, 37 %, 28 %
2026/09/22 01:10:31.833, 1, 387.88 W, 41, 2032 MHz, 3996 MHz, 37 %, 28 %
2026/09/22 01:10:31.833, 2, 445.31 W, 36, 2032 MHz, 3996 MHz, 49 %, 41 %
2026/09/22 01:10:31.833, 3, 435.97 W, 35, 2032 MHz, 3996 MHz, 48 %, 40 %
2026/09/22 01:10:31.833, 4, 180.70 W, 35, 120 MHz, 3996 MHz, 0 %, 0 %
2026/09/22 01:10:31.833, 5, 178.72 W, 34, 120 MHz, 3996 MHz, 0 %, 0 %
2026/09/22 01:10:31.833, 6, 179.04 W, 30, 120 MHz, 3996 MHz, 0 %, 0 %
2026/09/22 01:10:31.833, 7, 181.46 W, 30, 120 MHz, 3996 MHz, 0 %, 0 %
2026/09/22 01:10:32.833, 0, 382.20 W, 40, 2032 MHz, 3996 MHz, 35 %, 26 %
2026/09/22 01:10:32.833, 1, 390.27 W, 42, 2032 MHz, 3996 MHz, 37 %, 28 %
2026/09/22 01:10:32.833, 2, 451.88 W, 36, 2032 MHz, 3996 MHz, 46 %, 39 %
2026/09/22 01:10:32.833, 3, 441.03 W, 36, 2032 MHz, 3996 MHz, 48 %, 39 %
2026/09/22 01:10:32.833, 4, 180.90 W, 35, 120 MHz, 3996 MHz, 0 %, 0 %
2026/09/22 01:10:32.833, 5, 178.68 W, 34, 120 MHz, 3996 MHz, 0 %, 0 %
2026/09/22 01:10:32.833, 6, 178.78 W, 30, 120 MHz, 3996 MHz, 0 %, 0 %
2026/09/22 01:10:32.833, 7, 181.54 W, 30, 120 MHz, 3996 MHz, 0 %, 0 %
2026/09/22 01:10:33.833, 0, 419.68 W, 41, 2032 MHz, 3996 MHz, 51 %, 43 %
2026/09/22 01:10:33.833, 1, 412.21 W, 42, 2032 MHz, 3996 MHz, 48 %, 40 %
2026/09/22 01:10:33.833, 2, 460.90 W, 36, 2032 MHz, 3996 MHz, 53 %, 47 %
2026/09/22 01:10:33.833, 3, 455.90 W, 37, 2032 MHz, 3996 MHz, 54 %, 48 %
2026/09/22 01:10:33.833, 4, 180.77 W, 35, 120 MHz, 3996 MHz, 0 %, 0 %
2026/09/22 01:10:33.834, 5, 178.72 W, 34, 120 MHz, 3996 MHz, 0 %, 0 %
2026/09/22 01:10:33.834, 6, 178.92 W, 30, 120 MHz, 3996 MHz, 0 %, 0 %
2026/09/22 01:10:33.834, 7, 181.38 W, 30, 120 MHz, 3996 MHz, 0 %, 0 %
2026/09/22 01:10:34.834, 0, 445.37 W, 41, 2032 MHz, 3996 MHz, 42 %, 35 %
2026/09/22 01:10:34.834, 1, 439.65 W, 42, 2032 MHz, 3996 MHz, 42 %, 35 %
2026/09/22 01:10:34.834, 2, 463.10 W, 36, 2032 MHz, 3996 MHz, 46 %, 40 %
2026/09/22 01:10:34.834, 3, 473.02 W, 36, 2032 MHz, 3996 MHz, 45 %, 40 %
2026/09/22 01:10:34.834, 4, 180.97 W, 35, 120 MHz, 3996 MHz, 0 %, 0 %
2026/09/22 01:10:34.834, 5, 178.68 W, 34, 120 MHz, 3996 MHz, 0 %, 0 %
2026/09/22 01:10:34.834, 6, 178.84 W, 30, 120 MHz, 3996 MHz, 0 %, 0 %
2026/09/22 01:10:34.834, 7, 181.42 W, 30, 120 MHz, 3996 MHz, 0 %, 0 %
2026/09/22 01:10:35.834, 0, 434.18 W, 41, 2032 MHz, 3996 MHz, 42 %, 36 %
2026/09/22 01:10:35.834, 1, 426.79 W, 43, 2032 MHz, 3996 MHz, 41 %, 35 %
2026/09/22 01:10:35.834, 2, 458.28 W, 36, 2032 MHz, 3996 MHz, 45 %, 40 %
2026/09/22 01:10:35.834, 3, 460.14 W, 37, 2032 MHz, 3996 MHz, 46 %, 40 %
2026/09/22 01:10:35.834, 4, 180.85 W, 35, 120 MHz, 3996 MHz, 0 %, 0 %
2026/09/22 01:10:35.834, 5, 178.68 W, 34, 120 MHz, 3996 MHz, 0 %, 0 %
2026/09/22 01:10:35.834, 6, 179.12 W, 30, 120 MHz, 3996 MHz, 0 %, 0 %
2026/09/22 01:10:35.834, 7, 181.50 W, 30, 120 MHz, 3996 MHz, 0 %, 0 %
2026/09/22 01:10:36.834, 0, 459.93 W, 42, 2032 MHz, 3996 MHz, 50 %, 45 %
2026/09/22 01:10:36.834, 1, 433.42 W, 43, 2032 MHz, 3996 MHz, 47 %, 40 %
2026/09/22 01:10:36.834, 2, 446.46 W, 36, 2032 MHz, 3996 MHz, 48 %, 43 %
2026/09/22 01:10:36.834, 3, 455.77 W, 37, 2032 MHz, 3996 MHz, 49 %, 43 %
2026/09/22 01:10:36.834, 4, 180.74 W, 35, 120 MHz, 3996 MHz, 0 %, 0 %
2026/09/22 01:10:36.834, 5, 178.72 W, 34, 120 MHz, 3996 MHz, 0 %, 0 %
2026/09/22 01:10:36.834, 6, 179.28 W, 30, 120 MHz, 3996 MHz, 0 %, 0 %
2026/09/22 01:10:36.834, 7, 181.50 W, 30, 120 MHz, 3996 MHz, 0 %, 0 %
2026/09/22 01:10:37.834, 0, 486.28 W, 43, 2032 MHz, 3996 MHz, 50 %, 45 %
2026/09/22 01:10:37.834, 1, 459.57 W, 43, 2032 MHz, 3996 MHz, 44 %, 38 %
2026/09/22 01:10:37.835, 2, 468.86 W, 37, 2032 MHz, 3996 MHz, 48 %, 43 %
2026/09/22 01:10:37.835, 3, 475.78 W, 37, 2032 MHz, 3996 MHz, 48 %, 43 %
2026/09/22 01:10:37.835, 4, 181.00 W, 35, 120 MHz, 3996 MHz, 0 %, 0 %
2026/09/22 01:10:37.835, 5, 178.75 W, 34, 120 MHz, 3996 MHz, 0 %, 0 %
2026/09/22 01:10:37.835, 6, 179.15 W, 30, 120 MHz, 3996 MHz, 0 %, 0 %
2026/09/22 01:10:37.835, 7, 181.50 W, 30, 120 MHz, 3996 MHz, 0 %, 0 %
2026/09/22 01:10:38.835, 0, 485.87 W, 43, 2032 MHz, 3996 MHz, 50 %, 45 %
2026/09/22 01:10:38.835, 1, 457.81 W, 43, 2032 MHz, 3996 MHz, 43 %, 37 %
2026/09/22 01:10:38.835, 2, 469.92 W, 37, 2032 MHz, 3996 MHz, 47 %, 41 %
2026/09/22 01:10:38.835, 3, 470.27 W, 37, 2032 MHz, 3996 MHz, 47 %, 42 %
2026/09/22 01:10:38.835, 4, 180.78 W, 35, 120 MHz, 3996 MHz, 0 %, 0 %
2026/09/22 01:10:38.835, 5, 178.72 W, 34, 120 MHz, 3996 MHz, 0 %, 0 %
2026/09/22 01:10:38.835, 6, 179.20 W, 30, 120 MHz, 3996 MHz, 0 %, 0 %
2026/09/22 01:10:38.835, 7, 181.54 W, 30, 120 MHz, 3996 MHz, 0 %, 0 %
2026/09/22 01:10:39.835, 0, 512.30 W, 43, 2032 MHz, 3996 MHz, 52 %, 46 %
2026/09/22 01:10:39.835, 1, 477.74 W, 44, 2032 MHz, 3996 MHz, 48 %, 41 %
2026/09/22 01:10:39.835, 2, 500.08 W, 38, 2032 MHz, 3996 MHz, 51 %, 45 %
2026/09/22 01:10:39.835, 3, 511.40 W, 38, 2032 MHz, 3996 MHz, 52 %, 46 %
2026/09/22 01:10:39.835, 4, 180.96 W, 35, 120 MHz, 3996 MHz, 0 %, 0 %
2026/09/22 01:10:39.835, 5, 178.68 W, 34, 120 MHz, 3996 MHz, 0 %, 0 %
2026/09/22 01:10:39.835, 6, 178.96 W, 30, 120 MHz, 3996 MHz, 0 %, 0 %
2026/09/22 01:10:39.835, 7, 181.50 W, 30, 120 MHz, 3996 MHz, 0 %, 0 %
2026/09/22 01:10:40.835, 0, 501.47 W, 43, 2032 MHz, 3996 MHz, 49 %, 44 %
2026/09/22 01:10:40.835, 1, 478.92 W, 44, 2032 MHz, 3996 MHz, 48 %, 42 %
2026/09/22 01:10:40.835, 2, 494.15 W, 37, 2032 MHz, 3996 MHz, 50 %, 46 %
2026/09/22 01:10:40.835, 3, 507.70 W, 38, 2032 MHz, 3996 MHz, 50 %, 46 %
2026/09/22 01:10:40.835, 4, 181.01 W, 35, 120 MHz, 3996 MHz, 0 %, 0 %
2026/09/22 01:10:40.835, 5, 178.79 W, 34, 120 MHz, 3996 MHz, 0 %, 0 %
2026/09/22 01:10:40.835, 6, 178.72 W, 30, 120 MHz, 3996 MHz, 0 %, 0 %
2026/09/22 01:10:40.836, 7, 181.46 W, 30, 120 MHz, 3996 MHz, 0 %, 0 %
2026/09/22 01:10:41.836, 0, 494.86 W, 43, 2032 MHz, 3996 MHz, 50 %, 45 %
2026/09/22 01:10:41.836, 1, 474.51 W, 44, 2032 MHz, 3996 MHz, 47 %, 41 %
2026/09/22 01:10:41.836, 2, 489.63 W, 38, 2032 MHz, 3996 MHz, 50 %, 46 %
2026/09/22 01:10:41.836, 3, 507.07 W, 38, 2032 MHz, 3996 MHz, 50 %, 46 %
2026/09/22 01:10:41.836, 4, 180.85 W, 35, 120 MHz, 3996 MHz, 0 %, 0 %
2026/09/22 01:10:41.836, 5, 178.72 W, 34, 120 MHz, 3996 MHz, 0 %, 0 %
2026/09/22 01:10:41.836, 6, 178.82 W, 30, 120 MHz, 3996 MHz, 0 %, 0 %
2026/09/22 01:10:41.836, 7, 181.42 W, 30, 120 MHz, 3996 MHz, 0 %, 0 %
2026/09/22 01:10:42.836, 0, 554.88 W, 45, 2032 MHz, 3996 MHz, 53 %, 42 %
2026/09/22 01:10:42.836, 1, 537.51 W, 45, 2032 MHz, 3996 MHz, 53 %, 43 %
2026/09/22 01:10:42.836, 2, 549.31 W, 39, 2032 MHz, 3996 MHz, 54 %, 45 %
2026/09/22 01:10:42.836, 3, 597.16 W, 40, 2032 MHz, 3996 MHz, 62 %, 52 %
2026/09/22 01:10:42.836, 4, 180.93 W, 35, 120 MHz, 3996 MHz, 0 %, 0 %
2026/09/22 01:10:42.836, 5, 178.76 W, 34, 120 MHz, 3996 MHz, 0 %, 0 %
2026/09/22 01:10:42.836, 6, 179.00 W, 30, 120 MHz, 3996 MHz, 0 %, 0 %
2026/09/22 01:10:42.836, 7, 181.46 W, 30, 120 MHz, 3996 MHz, 0 %, 0 %
2026/09/22 01:10:43.836, 0, 550.60 W, 45, 2032 MHz, 3996 MHz, 50 %, 44 %
2026/09/22 01:10:43.836, 1, 550.24 W, 45, 2032 MHz, 3996 MHz, 49 %, 43 %
2026/09/22 01:10:43.836, 2, 547.49 W, 39, 2032 MHz, 3996 MHz, 51 %, 45 %
2026/09/22 01:10:43.836, 3, 602.28 W, 40, 2032 MHz, 3996 MHz, 57 %, 52 %
2026/09/22 01:10:43.836, 4, 180.77 W, 35, 120 MHz, 3996 MHz, 0 %, 0 %
2026/09/22 01:10:43.836, 5, 178.68 W, 34, 120 MHz, 3996 MHz, 0 %, 0 %
2026/09/22 01:10:43.836, 6, 178.55 W, 30, 120 MHz, 3996 MHz, 0 %, 0 %
2026/09/22 01:10:43.836, 7, 181.54 W, 30, 120 MHz, 3996 MHz, 0 %, 0 %
2026/09/22 01:10:44.836, 0, 529.36 W, 44, 2032 MHz, 3996 MHz, 48 %, 42 %
2026/09/22 01:10:44.836, 1, 511.84 W, 45, 2032 MHz, 3996 MHz, 51 %, 46 %
2026/09/22 01:10:44.836, 2, 530.53 W, 39, 2032 MHz, 3996 MHz, 50 %, 44 %
2026/09/22 01:10:44.836, 3, 579.80 W, 40, 2032 MHz, 3996 MHz, 55 %, 52 %
2026/09/22 01:10:44.836, 4, 180.96 W, 35, 120 MHz, 3996 MHz, 0 %, 0 %
2026/09/22 01:10:44.837, 5, 178.68 W, 34, 120 MHz, 3996 MHz, 0 %, 0 %
2026/09/22 01:10:44.837, 6, 178.98 W, 30, 120 MHz, 3996 MHz, 0 %, 0 %
2026/09/22 01:10:44.837, 7, 181.50 W, 30, 120 MHz, 3996 MHz, 0 %, 0 %
2026/09/22 01:10:45.837, 0, 526.50 W, 45, 2032 MHz, 3996 MHz, 56 %, 46 %
2026/09/22 01:10:45.837, 1, 515.98 W, 46, 2032 MHz, 3996 MHz, 44 %, 36 %
2026/09/22 01:10:45.837, 2, 526.89 W, 39, 2032 MHz, 3996 MHz, 57 %, 49 %
2026/09/22 01:10:45.837, 3, 558.89 W, 40, 2032 MHz, 3996 MHz, 45 %, 37 %
2026/09/22 01:10:45.837, 4, 181.03 W, 35, 120 MHz, 3996 MHz, 0 %, 0 %
2026/09/22 01:10:45.837, 5, 178.76 W, 34, 120 MHz, 3996 MHz, 0 %, 0 %
2026/09/22 01:10:45.837, 6, 179.10 W, 30, 120 MHz, 3996 MHz, 0 %, 0 %
2026/09/22 01:10:45.837, 7, 181.45 W, 30, 120 MHz, 3996 MHz, 0 %, 0 %
2026/09/22 01:10:46.837, 0, 618.10 W, 47, 2032 MHz, 3996 MHz, 58 %, 46 %
2026/09/22 01:10:46.837, 1, 610.91 W, 47, 2032 MHz, 3996 MHz, 58 %, 47 %
2026/09/22 01:10:46.837, 2, 603.93 W, 40, 2032 MHz, 3996 MHz, 58 %, 49 %
2026/09/22 01:10:46.837, 3, 628.73 W, 41, 2032 MHz, 3996 MHz, 60 %, 49 %
2026/09/22 01:10:46.837, 4, 180.92 W, 35, 120 MHz, 3996 MHz, 0 %, 0 %
2026/09/22 01:10:46.837, 5, 178.68 W, 34, 120 MHz, 3996 MHz, 0 %, 0 %
2026/09/22 01:10:46.837, 6, 179.10 W, 30, 120 MHz, 3996 MHz, 0 %, 0 %
2026/09/22 01:10:46.837, 7, 181.48 W, 30, 120 MHz, 3996 MHz, 0 %, 0 %
2026/09/22 01:10:47.837, 0, 537.96 W, 44, 2032 MHz, 3996 MHz, 34 %, 4 %
2026/09/22 01:10:47.837, 1, 560.15 W, 45, 2032 MHz, 3996 MHz, 53 %, 48 %
2026/09/22 01:10:47.837, 2, 545.73 W, 38, 2032 MHz, 3996 MHz, 13 %, 9 %
2026/09/22 01:10:47.837, 3, 579.11 W, 39, 2032 MHz, 3996 MHz, 53 %, 49 %
2026/09/22 01:10:47.837, 4, 180.84 W, 35, 120 MHz, 3996 MHz, 0 %, 0 %
2026/09/22 01:10:47.837, 5, 178.72 W, 34, 120 MHz, 3996 MHz, 0 %, 0 %
2026/09/22 01:10:47.837, 6, 178.97 W, 30, 120 MHz, 3996 MHz, 0 %, 0 %
2026/09/22 01:10:47.837, 7, 181.51 W, 30, 120 MHz, 3996 MHz, 0 %, 0 %
2026/09/22 01:10:48.838, 0, 273.91 W, 41, 2032 MHz, 3996 MHz, 44 %, 2 %
2026/09/22 01:10:48.838, 1, 263.17 W, 42, 2032 MHz, 3996 MHz, 15 %, 2 %
2026/09/22 01:10:48.838, 2, 251.28 W, 35, 2032 MHz, 3996 MHz, 12 %, 2 %
2026/09/22 01:10:48.838, 3, 252.24 W, 35, 2032 MHz, 3996 MHz, 10 %, 1 %
2026/09/22 01:10:48.838, 4, 181.15 W, 35, 120 MHz, 3996 MHz, 0 %, 0 %
2026/09/22 01:10:48.838, 5, 178.76 W, 34, 120 MHz, 3996 MHz, 0 %, 0 %
2026/09/22 01:10:48.838, 6, 179.19 W, 30, 120 MHz, 3996 MHz, 0 %, 0 %
2026/09/22 01:10:48.838, 7, 181.37 W, 30, 120 MHz, 3996 MHz, 0 %, 0 %
2026/09/22 01:10:49.838, 0, 239.53 W, 40, 2032 MHz, 3996 MHz, 0 %, 0 %
2026/09/22 01:10:49.838, 1, 242.73 W, 41, 2032 MHz, 3996 MHz, 4 %, 1 %
2026/09/22 01:10:49.838, 2, 232.28 W, 34, 2032 MHz, 3996 MHz, 0 %, 0 %
2026/09/22 01:10:49.838, 3, 234.51 W, 35, 2032 MHz, 3996 MHz, 32 %, 1 %
2026/09/22 01:10:49.838, 4, 181.11 W, 35, 120 MHz, 3996 MHz, 0 %, 0 %
2026/09/22 01:10:49.838, 5, 178.84 W, 34, 120 MHz, 3996 MHz, 0 %, 0 %
2026/09/22 01:10:49.838, 6, 179.13 W, 30, 120 MHz, 3996 MHz, 0 %, 0 %
2026/09/22 01:10:49.838, 7, 181.51 W, 30, 120 MHz, 3996 MHz, 0 %, 0 %
2026/09/22 01:10:50.838, 0, 235.76 W, 40, 2032 MHz, 3996 MHz, 0 %, 0 %
2026/09/22 01:10:50.838, 1, 239.35 W, 41, 2032 MHz, 3996 MHz, 0 %, 0 %
2026/09/22 01:10:50.838, 2, 230.01 W, 34, 2032 MHz, 3996 MHz, 0 %, 0 %
2026/09/22 01:10:50.838, 3, 232.11 W, 34, 2032 MHz, 3996 MHz, 0 %, 0 %
2026/09/22 01:10:50.838, 4, 180.88 W, 35, 120 MHz, 3996 MHz, 0 %, 0 %
2026/09/22 01:10:50.838, 5, 178.72 W, 34, 120 MHz, 3996 MHz, 0 %, 0 %
2026/09/22 01:10:50.838, 6, 179.14 W, 30, 120 MHz, 3996 MHz, 0 %, 0 %
2026/09/22 01:10:50.838, 7, 181.48 W, 30, 120 MHz, 3996 MHz, 0 %, 0 %
2026/09/22 01:10:51.838, 0, 597.00 W, 46, 2032 MHz, 3996 MHz, 45 %, 40 %
2026/09/22 01:10:51.838, 1, 548.82 W, 46, 2032 MHz, 3996 MHz, 51 %, 45 %
2026/09/22 01:10:51.838, 2, 608.33 W, 40, 2032 MHz, 3996 MHz, 49 %, 45 %
2026/09/22 01:10:51.838, 3, 614.51 W, 41, 2032 MHz, 3996 MHz, 63 %, 57 %
2026/09/22 01:10:51.838, 4, 181.00 W, 35, 120 MHz, 3996 MHz, 0 %, 0 %
2026/09/22 01:10:51.838, 5, 178.87 W, 34, 120 MHz, 3996 MHz, 0 %, 0 %
2026/09/22 01:10:51.838, 6, 179.03 W, 30, 120 MHz, 3996 MHz, 0 %, 0 %
2026/09/22 01:10:51.839, 7, 181.39 W, 30, 120 MHz, 3996 MHz, 0 %, 0 %
2026/09/22 01:10:52.839, 0, 313.63 W, 41, 2032 MHz, 3996 MHz, 15 %, 1 %
2026/09/22 01:10:52.839, 1, 328.74 W, 42, 2032 MHz, 3996 MHz, 10 %, 2 %
2026/09/22 01:10:52.839, 2, 318.61 W, 35, 2032 MHz, 3996 MHz, 3 %, 1 %
2026/09/22 01:10:52.839, 3, 331.27 W, 35, 2032 MHz, 3996 MHz, 7 %, 2 %
2026/09/22 01:10:52.839, 4, 180.96 W, 35, 120 MHz, 3996 MHz, 0 %, 0 %
2026/09/22 01:10:52.839, 5, 178.76 W, 34, 120 MHz, 3996 MHz, 0 %, 0 %
2026/09/22 01:10:52.839, 6, 179.20 W, 30, 120 MHz, 3996 MHz, 0 %, 0 %
2026/09/22 01:10:52.839, 7, 181.51 W, 30, 120 MHz, 3996 MHz, 0 %, 0 %
2026/09/22 01:10:53.839, 0, 236.64 W, 40, 2032 MHz, 3996 MHz, 0 %, 0 %
2026/09/22 01:10:53.839, 1, 239.74 W, 41, 2032 MHz, 3996 MHz, 0 %, 0 %
2026/09/22 01:10:53.839, 2, 229.96 W, 34, 2032 MHz, 3996 MHz, 0 %, 0 %
2026/09/22 01:10:53.839, 3, 232.09 W, 34, 2032 MHz, 3996 MHz, 0 %, 0 %
2026/09/22 01:10:53.839, 4, 181.05 W, 35, 120 MHz, 3996 MHz, 0 %, 0 %
2026/09/22 01:10:53.839, 5, 178.64 W, 34, 120 MHz, 3996 MHz, 0 %, 0 %
2026/09/22 01:10:53.839, 6, 179.24 W, 30, 120 MHz, 3996 MHz, 0 %, 0 %
2026/09/22 01:10:53.839, 7, 181.48 W, 30, 120 MHz, 3996 MHz, 0 %, 0 %
2026/09/22 01:10:54.839, 0, 235.61 W, 40, 2032 MHz, 3996 MHz, 0 %, 0 %
2026/09/22 01:10:54.839, 1, 239.31 W, 41, 2032 MHz, 3996 MHz, 0 %, 0 %
2026/09/22 01:10:54.839, 2, 229.97 W, 34, 2032 MHz, 3996 MHz, 0 %, 0 %
2026/09/22 01:10:54.839, 3, 232.04 W, 34, 2032 MHz, 3996 MHz, 0 %, 0 %
2026/09/22 01:10:54.839, 4, 181.12 W, 35, 120 MHz, 3996 MHz, 0 %, 0 %
2026/09/22 01:10:54.839, 5, 178.68 W, 34, 120 MHz, 3996 MHz, 0 %, 0 %
2026/09/22 01:10:54.839, 6, 179.15 W, 30, 120 MHz, 3996 MHz, 0 %, 0 %
2026/09/22 01:10:54.839, 7, 181.50 W, 30, 120 MHz, 3996 MHz, 0 %, 0 %
2026/09/22 01:10:55.839, 0, 236.10 W, 40, 2032 MHz, 3996 MHz, 0 %, 0 %
2026/09/22 01:10:55.839, 1, 243.42 W, 41, 2032 MHz, 3996 MHz, 0 %, 0 %
2026/09/22 01:10:55.840, 2, 236.89 W, 34, 2032 MHz, 3996 MHz, 2 %, 0 %
2026/09/22 01:10:55.840, 3, 242.23 W, 34, 2032 MHz, 3996 MHz, 73 %, 0 %
2026/09/22 01:10:55.840, 4, 181.08 W, 35, 120 MHz, 3996 MHz, 0 %, 0 %
2026/09/22 01:10:55.840, 5, 178.68 W, 34, 120 MHz, 3996 MHz, 0 %, 0 %
2026/09/22 01:10:55.840, 6, 179.15 W, 30, 120 MHz, 3996 MHz, 0 %, 0 %
2026/09/22 01:10:55.840, 7, 181.46 W, 30, 120 MHz, 3996 MHz, 0 %, 0 %
2026/09/22 01:10:56.840, 0, 265.17 W, 40, 2032 MHz, 3996 MHz, 0 %, 0 %
2026/09/22 01:10:56.840, 1, 272.93 W, 41, 2032 MHz, 3996 MHz, 0 %, 0 %
2026/09/22 01:10:56.840, 2, 260.83 W, 34, 2032 MHz, 3996 MHz, 0 %, 0 %
2026/09/22 01:10:56.840, 3, 262.79 W, 34, 2032 MHz, 3996 MHz, 0 %, 0 %
2026/09/22 01:10:56.840, 4, 180.81 W, 35, 120 MHz, 3996 MHz, 0 %, 0 %
2026/09/22 01:10:56.840, 5, 178.76 W, 34, 120 MHz, 3996 MHz, 0 %, 0 %
2026/09/22 01:10:56.840, 6, 179.30 W, 30, 120 MHz, 3996 MHz, 0 %, 0 %
2026/09/22 01:10:56.840, 7, 181.50 W, 30, 120 MHz, 3996 MHz, 0 %, 0 %
2026/09/22 01:10:57.840, 0, 235.42 W, 40, 2032 MHz, 3996 MHz, 0 %, 0 %
2026/09/22 01:10:57.840, 1, 239.38 W, 41, 2032 MHz, 3996 MHz, 0 %, 0 %
2026/09/22 01:10:57.840, 2, 229.92 W, 34, 2032 MHz, 3996 MHz, 0 %, 0 %
2026/09/22 01:10:57.840, 3, 231.99 W, 34, 2032 MHz, 3996 MHz, 0 %, 0 %
2026/09/22 01:10:57.840, 4, 181.05 W, 35, 120 MHz, 3996 MHz, 0 %, 0 %
2026/09/22 01:10:57.840, 5, 178.64 W, 34, 120 MHz, 3996 MHz, 0 %, 0 %
2026/09/22 01:10:57.840, 6, 178.98 W, 30, 120 MHz, 3996 MHz, 0 %, 0 %
2026/09/22 01:10:57.840, 7, 181.49 W, 30, 120 MHz, 3996 MHz, 0 %, 0 %
2026/09/22 01:10:58.840, 0, 235.42 W, 40, 2032 MHz, 3996 MHz, 0 %, 0 %
2026/09/22 01:10:58.840, 1, 239.43 W, 41, 2032 MHz, 3996 MHz, 0 %, 0 %
2026/09/22 01:10:58.840, 2, 229.97 W, 33, 2032 MHz, 3996 MHz, 0 %, 0 %
2026/09/22 01:10:58.840, 3, 232.07 W, 34, 2032 MHz, 3996 MHz, 0 %, 0 %
2026/09/22 01:10:58.840, 4, 181.17 W, 35, 120 MHz, 3996 MHz, 0 %, 0 %
2026/09/22 01:10:58.840, 5, 178.72 W, 34, 120 MHz, 3996 MHz, 0 %, 0 %
2026/09/22 01:10:58.840, 6, 179.19 W, 30, 120 MHz, 3996 MHz, 0 %, 0 %
2026/09/22 01:10:58.840, 7, 181.45 W, 30, 120 MHz, 3996 MHz, 0 %, 0 %
2026/09/22 01:10:59.841, 0, 244.76 W, 41, 2032 MHz, 3996 MHz, 8 %, 2 %
2026/09/22 01:10:59.841, 1, 244.10 W, 41, 2032 MHz, 3996 MHz, 100 %, 0 %
2026/09/22 01:10:59.841, 2, 234.82 W, 34, 2032 MHz, 3996 MHz, 100 %, 0 %
2026/09/22 01:10:59.841, 3, 236.40 W, 34, 2032 MHz, 3996 MHz, 100 %, 0 %
2026/09/22 01:10:59.841, 4, 180.97 W, 35, 120 MHz, 3996 MHz, 0 %, 0 %
2026/09/22 01:10:59.841, 5, 178.68 W, 34, 120 MHz, 3996 MHz, 0 %, 0 %
2026/09/22 01:10:59.841, 6, 179.11 W, 30, 120 MHz, 3996 MHz, 0 %, 0 %
2026/09/22 01:10:59.841, 7, 181.46 W, 30, 120 MHz, 3996 MHz, 0 %, 0 %
2026/09/22 01:11:00.841, 0, 241.97 W, 40, 2032 MHz, 3996 MHz, 0 %, 0 %
2026/09/22 01:11:00.841, 1, 244.86 W, 41, 2032 MHz, 3996 MHz, 0 %, 0 %
2026/09/22 01:11:00.841, 2, 235.26 W, 33, 2032 MHz, 3996 MHz, 0 %, 0 %
2026/09/22 01:11:00.841, 3, 238.34 W, 34, 2032 MHz, 3996 MHz, 0 %, 0 %
2026/09/22 01:11:00.841, 4, 180.77 W, 35, 120 MHz, 3996 MHz, 0 %, 0 %
2026/09/22 01:11:00.841, 5, 178.68 W, 34, 120 MHz, 3996 MHz, 0 %, 0 %
2026/09/22 01:11:00.841, 6, 179.08 W, 30, 120 MHz, 3996 MHz, 0 %, 0 %
2026/09/22 01:11:00.841, 7, 181.54 W, 30, 120 MHz, 3996 MHz, 0 %, 0 %
2026/09/22 01:11:01.841, 0, 235.42 W, 40, 2032 MHz, 3996 MHz, 0 %, 0 %
2026/09/22 01:11:01.841, 1, 239.47 W, 41, 2032 MHz, 3996 MHz, 0 %, 0 %
2026/09/22 01:11:01.841, 2, 230.00 W, 33, 2032 MHz, 3996 MHz, 0 %, 0 %
2026/09/22 01:11:01.841, 3, 232.09 W, 33, 2032 MHz, 3996 MHz, 0 %, 0 %
2026/09/22 01:11:01.841, 4, 180.97 W, 35, 120 MHz, 3996 MHz, 0 %, 0 %
2026/09/22 01:11:01.841, 5, 178.64 W, 34, 120 MHz, 3996 MHz, 0 %, 0 %
2026/09/22 01:11:01.841, 6, 179.19 W, 30, 120 MHz, 3996 MHz, 0 %, 0 %
2026/09/22 01:11:01.841, 7, 181.54 W, 30, 120 MHz, 3996 MHz, 0 %, 0 %
2026/09/22 01:11:02.841, 0, 235.43 W, 39, 2032 MHz, 3996 MHz, 0 %, 0 %
2026/09/22 01:11:02.841, 1, 239.46 W, 41, 2032 MHz, 3996 MHz, 0 %, 0 %
2026/09/22 01:11:02.841, 2, 229.96 W, 33, 2032 MHz, 3996 MHz, 0 %, 0 %
2026/09/22 01:11:02.841, 3, 232.09 W, 33, 2032 MHz, 3996 MHz, 0 %, 0 %
2026/09/22 01:11:02.841, 4, 180.97 W, 35, 120 MHz, 3996 MHz, 0 %, 0 %
2026/09/22 01:11:02.842, 5, 178.68 W, 34, 120 MHz, 3996 MHz, 0 %, 0 %
2026/09/22 01:11:02.842, 6, 179.16 W, 30, 120 MHz, 3996 MHz, 0 %, 0 %
2026/09/22 01:11:02.842, 7, 181.54 W, 30, 120 MHz, 3996 MHz, 0 %, 0 %
2026/09/22 01:11:03.842, 0, 235.42 W, 39, 2032 MHz, 3996 MHz, 0 %, 0 %
2026/09/22 01:11:03.842, 1, 239.47 W, 41, 2032 MHz, 3996 MHz, 0 %, 0 %
2026/09/22 01:11:03.842, 2, 229.89 W, 33, 2032 MHz, 3996 MHz, 0 %, 0 %
2026/09/22 01:11:03.842, 3, 232.09 W, 33, 2032 MHz, 3996 MHz, 0 %, 0 %
2026/09/22 01:11:03.842, 4, 180.93 W, 35, 120 MHz, 3996 MHz, 0 %, 0 %
2026/09/22 01:11:03.842, 5, 178.68 W, 34, 120 MHz, 3996 MHz, 0 %, 0 %
2026/09/22 01:11:03.842, 6, 178.73 W, 30, 120 MHz, 3996 MHz, 0 %, 0 %
2026/09/22 01:11:03.842, 7, 181.50 W, 30, 120 MHz, 3996 MHz, 0 %, 0 %
2026/09/22 01:11:04.842, 0, 235.45 W, 39, 2032 MHz, 3996 MHz, 0 %, 0 %
2026/09/22 01:11:04.842, 1, 239.47 W, 41, 2032 MHz, 3996 MHz, 0 %, 0 %
2026/09/22 01:11:04.842, 2, 229.85 W, 33, 2032 MHz, 3996 MHz, 0 %, 0 %
2026/09/22 01:11:04.842, 3, 232.09 W, 33, 2032 MHz, 3996 MHz, 0 %, 0 %
2026/09/22 01:11:04.842, 4, 180.90 W, 35, 120 MHz, 3996 MHz, 0 %, 0 %
2026/09/22 01:11:04.842, 5, 178.72 W, 34, 120 MHz, 3996 MHz, 0 %, 0 %
2026/09/22 01:11:04.842, 6, 179.28 W, 30, 120 MHz, 3996 MHz, 0 %, 0 %
2026/09/22 01:11:04.842, 7, 181.46 W, 30, 120 MHz, 3996 MHz, 0 %, 0 %
2026/09/22 01:11:05.842, 0, 235.45 W, 39, 2032 MHz, 3996 MHz, 0 %, 0 %
2026/09/22 01:11:05.842, 1, 239.47 W, 40, 2032 MHz, 3996 MHz, 0 %, 0 %
2026/09/22 01:11:05.842, 2, 229.81 W, 33, 2032 MHz, 3996 MHz, 0 %, 0 %
2026/09/22 01:11:05.842, 3, 232.09 W, 33, 2032 MHz, 3996 MHz, 0 %, 0 %
2026/09/22 01:11:05.842, 4, 181.00 W, 35, 120 MHz, 3996 MHz, 0 %, 0 %
2026/09/22 01:11:05.842, 5, 178.80 W, 34, 120 MHz, 3996 MHz, 0 %, 0 %
2026/09/22 01:11:05.842, 6, 179.07 W, 30, 120 MHz, 3996 MHz, 0 %, 0 %
2026/09/22 01:11:05.842, 7, 181.54 W, 30, 120 MHz, 3996 MHz, 0 %, 0 %
2026/09/22 01:11:06.843, 0, 235.44 W, 39, 2032 MHz, 3996 MHz, 0 %, 0 %
2026/09/22 01:11:06.843, 1, 239.47 W, 40, 2032 MHz, 3996 MHz, 0 %, 0 %
2026/09/22 01:11:06.843, 2, 229.50 W, 33, 2032 MHz, 3996 MHz, 0 %, 0 %
2026/09/22 01:11:06.843, 3, 232.09 W, 33, 2032 MHz, 3996 MHz, 0 %, 0 %
2026/09/22 01:11:06.843, 4, 180.89 W, 35, 120 MHz, 3996 MHz, 0 %, 0 %
2026/09/22 01:11:06.843, 5, 178.68 W, 34, 120 MHz, 3996 MHz, 0 %, 0 %
2026/09/22 01:11:06.843, 6, 179.19 W, 30, 120 MHz, 3996 MHz, 0 %, 0 %
2026/09/22 01:11:06.843, 7, 181.54 W, 30, 120 MHz, 3996 MHz, 0 %, 0 %
2026/09/22 01:11:07.843, 0, 235.44 W, 39, 2032 MHz, 3996 MHz, 0 %, 0 %
2026/09/22 01:11:07.843, 1, 239.46 W, 40, 2032 MHz, 3996 MHz, 0 %, 0 %
2026/09/22 01:11:07.843, 2, 229.28 W, 33, 2032 MHz, 3996 MHz, 0 %, 0 %
2026/09/22 01:11:07.843, 3, 232.01 W, 33, 2032 MHz, 3996 MHz, 0 %, 0 %
2026/09/22 01:11:07.843, 4, 180.74 W, 35, 120 MHz, 3996 MHz, 0 %, 0 %
2026/09/22 01:11:07.843, 5, 178.80 W, 34, 120 MHz, 3996 MHz, 0 %, 0 %
2026/09/22 01:11:07.843, 6, 178.97 W, 30, 120 MHz, 3996 MHz, 0 %, 0 %
2026/09/22 01:11:07.843, 7, 181.54 W, 30, 120 MHz, 3996 MHz, 0 %, 0 %
2026/09/22 01:11:08.843, 0, 235.46 W, 39, 2032 MHz, 3996 MHz, 0 %, 0 %
2026/09/22 01:11:08.843, 1, 239.47 W, 40, 2032 MHz, 3996 MHz, 0 %, 0 %
2026/09/22 01:11:08.843, 2, 229.47 W, 33, 2032 MHz, 3996 MHz, 0 %, 0 %
2026/09/22 01:11:08.843, 3, 232.05 W, 33, 2032 MHz, 3996 MHz, 0 %, 0 %
2026/09/22 01:11:08.843, 4, 180.96 W, 35, 120 MHz, 3996 MHz, 0 %, 0 %
2026/09/22 01:11:08.843, 5, 178.76 W, 34, 120 MHz, 3996 MHz, 0 %, 0 %
2026/09/22 01:11:08.843, 6, 178.88 W, 30, 120 MHz, 3996 MHz, 0 %, 0 %
2026/09/22 01:11:08.843, 7, 181.53 W, 30, 120 MHz, 3996 MHz, 0 %, 0 %
2026/09/22 01:11:09.843, 0, 235.45 W, 39, 2032 MHz, 3996 MHz, 0 %, 0 %
2026/09/22 01:11:09.844, 1, 239.46 W, 40, 2032 MHz, 3996 MHz, 0 %, 0 %
2026/09/22 01:11:09.844, 2, 228.87 W, 33, 2032 MHz, 3996 MHz, 0 %, 0 %
2026/09/22 01:11:09.844, 3, 232.05 W, 33, 2032 MHz, 3996 MHz, 0 %, 0 %
2026/09/22 01:11:09.844, 4, 180.93 W, 35, 120 MHz, 3996 MHz, 0 %, 0 %
2026/09/22 01:11:09.844, 5, 178.75 W, 34, 120 MHz, 3996 MHz, 0 %, 0 %
2026/09/22 01:11:09.844, 6, 178.99 W, 30, 120 MHz, 3996 MHz, 0 %, 0 %
2026/09/22 01:11:09.844, 7, 181.54 W, 30, 120 MHz, 3996 MHz, 0 %, 0 %
2026/09/22 01:11:10.844, 0, 235.44 W, 39, 2032 MHz, 3996 MHz, 0 %, 0 %
2026/09/22 01:11:10.844, 1, 239.46 W, 40, 2032 MHz, 3996 MHz, 0 %, 0 %
2026/09/22 01:11:10.844, 2, 228.75 W, 33, 2032 MHz, 3996 MHz, 0 %, 0 %
2026/09/22 01:11:10.844, 3, 231.97 W, 33, 2032 MHz, 3996 MHz, 0 %, 0 %
2026/09/22 01:11:10.844, 4, 181.04 W, 35, 120 MHz, 3996 MHz, 0 %, 0 %
2026/09/22 01:11:10.844, 5, 178.64 W, 34, 120 MHz, 3996 MHz, 0 %, 0 %
2026/09/22 01:11:10.844, 6, 179.16 W, 30, 120 MHz, 3996 MHz, 0 %, 0 %
2026/09/22 01:11:10.844, 7, 181.46 W, 30, 120 MHz, 3996 MHz, 0 %, 0 %
2026/09/22 01:11:11.844, 0, 235.47 W, 39, 2032 MHz, 3996 MHz, 0 %, 0 %
2026/09/22 01:11:11.844, 1, 239.47 W, 40, 2032 MHz, 3996 MHz, 0 %, 0 %
2026/09/22 01:11:11.844, 2, 228.49 W, 33, 2032 MHz, 3996 MHz, 0 %, 0 %
2026/09/22 01:11:11.844, 3, 232.05 W, 33, 2032 MHz, 3996 MHz, 0 %, 0 %
2026/09/22 01:11:11.844, 4, 180.93 W, 35, 120 MHz, 3996 MHz, 0 %, 0 %
2026/09/22 01:11:11.844, 5, 178.72 W, 34, 120 MHz, 3996 MHz, 0 %, 0 %
2026/09/22 01:11:11.844, 6, 178.79 W, 30, 120 MHz, 3996 MHz, 0 %, 0 %
2026/09/22 01:11:11.844, 7, 181.50 W, 30, 120 MHz, 3996 MHz, 0 %, 0 %
2026/09/22 01:11:12.844, 0, 235.48 W, 39, 2032 MHz, 3996 MHz, 0 %, 0 %
2026/09/22 01:11:12.844, 1, 239.47 W, 40, 2032 MHz, 3996 MHz, 0 %, 0 %
2026/09/22 01:11:12.844, 2, 228.42 W, 33, 2032 MHz, 3996 MHz, 0 %, 0 %
2026/09/22 01:11:12.844, 3, 231.98 W, 33, 2032 MHz, 3996 MHz, 0 %, 0 %
2026/09/22 01:11:12.844, 4, 181.04 W, 35, 120 MHz, 3996 MHz, 0 %, 0 %
2026/09/22 01:11:12.844, 5, 178.72 W, 34, 120 MHz, 3996 MHz, 0 %, 0 %
2026/09/22 01:11:12.845, 6, 178.88 W, 30, 120 MHz, 3996 MHz, 0 %, 0 %
2026/09/22 01:11:12.845, 7, 181.50 W, 30, 120 MHz, 3996 MHz, 0 %, 0 %
2026/09/22 01:11:13.845, 0, 235.47 W, 39, 2032 MHz, 3996 MHz, 0 %, 0 %
2026/09/22 01:11:13.845, 1, 239.47 W, 40, 2032 MHz, 3996 MHz, 0 %, 0 %
2026/09/22 01:11:13.845, 2, 229.00 W, 33, 2032 MHz, 3996 MHz, 0 %, 0 %
2026/09/22 01:11:13.845, 3, 231.86 W, 33, 2032 MHz, 3996 MHz, 0 %, 0 %
2026/09/22 01:11:13.845, 4, 180.81 W, 35, 120 MHz, 3996 MHz, 0 %, 0 %
2026/09/22 01:11:13.845, 5, 178.72 W, 34, 120 MHz, 3996 MHz, 0 %, 0 %
2026/09/22 01:11:13.845, 6, 179.00 W, 30, 120 MHz, 3996 MHz, 0 %, 0 %
2026/09/22 01:11:13.845, 7, 181.46 W, 30, 120 MHz, 3996 MHz, 0 %, 0 %
2026/09/22 01:11:14.845, 0, 235.44 W, 39, 2032 MHz, 3996 MHz, 0 %, 0 %
2026/09/22 01:11:14.845, 1, 239.47 W, 40, 2032 MHz, 3996 MHz, 0 %, 0 %
2026/09/22 01:11:14.845, 2, 228.41 W, 33, 2032 MHz, 3996 MHz, 0 %, 0 %
2026/09/22 01:11:14.845, 3, 231.93 W, 33, 2032 MHz, 3996 MHz, 0 %, 0 %
2026/09/22 01:11:14.845, 4, 181.01 W, 35, 120 MHz, 3996 MHz, 0 %, 0 %
2026/09/22 01:11:14.845, 5, 178.64 W, 34, 120 MHz, 3996 MHz, 0 %, 0 %
2026/09/22 01:11:14.845, 6, 179.08 W, 30, 120 MHz, 3996 MHz, 0 %, 0 %
2026/09/22 01:11:14.845, 7, 181.42 W, 30, 120 MHz, 3996 MHz, 0 %, 0 %
2026/09/22 01:11:15.845, 0, 235.45 W, 39, 2032 MHz, 3996 MHz, 0 %, 0 %
2026/09/22 01:11:15.845, 1, 239.46 W, 40, 2032 MHz, 3996 MHz, 0 %, 0 %
2026/09/22 01:11:15.845, 2, 228.45 W, 33, 2032 MHz, 3996 MHz, 0 %, 0 %
2026/09/22 01:11:15.845, 3, 231.70 W, 33, 2032 MHz, 3996 MHz, 0 %, 0 %
2026/09/22 01:11:15.845, 4, 181.00 W, 35, 120 MHz, 3996 MHz, 0 %, 0 %
2026/09/22 01:11:15.845, 5, 178.76 W, 34, 120 MHz, 3996 MHz, 0 %, 0 %
2026/09/22 01:11:15.845, 6, 178.97 W, 30, 120 MHz, 3996 MHz, 0 %, 0 %
2026/09/22 01:11:15.845, 7, 181.50 W, 30, 120 MHz, 3996 MHz, 0 %, 0 %
2026/09/22 01:11:16.846, 0, 235.44 W, 39, 2032 MHz, 3996 MHz, 0 %, 0 %
2026/09/22 01:11:16.846, 1, 239.35 W, 40, 2032 MHz, 3996 MHz, 0 %, 0 %
2026/09/22 01:11:16.846, 2, 228.30 W, 33, 2032 MHz, 3996 MHz, 0 %, 0 %
2026/09/22 01:11:16.846, 3, 231.60 W, 33, 2032 MHz, 3996 MHz, 0 %, 0 %
2026/09/22 01:11:16.846, 4, 181.19 W, 35, 120 MHz, 3996 MHz, 0 %, 0 %
2026/09/22 01:11:16.846, 5, 178.72 W, 34, 120 MHz, 3996 MHz, 0 %, 0 %
2026/09/22 01:11:16.846, 6, 179.04 W, 30, 120 MHz, 3996 MHz, 0 %, 0 %
2026/09/22 01:11:16.846, 7, 181.54 W, 30, 120 MHz, 3996 MHz, 0 %, 0 %
2026/09/22 01:11:17.846, 0, 235.45 W, 39, 2032 MHz, 3996 MHz, 0 %, 0 %
2026/09/22 01:11:17.846, 1, 239.43 W, 40, 2032 MHz, 3996 MHz, 0 %, 0 %
2026/09/22 01:11:17.846, 2, 228.26 W, 33, 2032 MHz, 3996 MHz, 0 %, 0 %
2026/09/22 01:11:17.846, 3, 231.48 W, 33, 2032 MHz, 3996 MHz, 0 %, 0 %
2026/09/22 01:11:17.846, 4, 180.78 W, 35, 120 MHz, 3996 MHz, 0 %, 0 %
2026/09/22 01:11:17.846, 5, 178.72 W, 34, 120 MHz, 3996 MHz, 0 %, 0 %
2026/09/22 01:11:17.846, 6, 179.16 W, 30, 120 MHz, 3996 MHz, 0 %, 0 %
2026/09/22 01:11:17.846, 7, 181.46 W, 30, 120 MHz, 3996 MHz, 0 %, 0 %
2026/09/22 01:11:18.846, 0, 235.44 W, 39, 2032 MHz, 3996 MHz, 0 %, 0 %
2026/09/22 01:11:18.846, 1, 239.35 W, 40, 2032 MHz, 3996 MHz, 0 %, 0 %
2026/09/22 01:11:18.846, 2, 228.11 W, 33, 2032 MHz, 3996 MHz, 0 %, 0 %
2026/09/22 01:11:18.846, 3, 231.55 W, 33, 2032 MHz, 3996 MHz, 0 %, 0 %
2026/09/22 01:11:18.846, 4, 180.96 W, 35, 120 MHz, 3996 MHz, 0 %, 0 %
2026/09/22 01:11:18.846, 5, 178.72 W, 34, 120 MHz, 3996 MHz, 0 %, 0 %
2026/09/22 01:11:18.846, 6, 179.27 W, 30, 120 MHz, 3996 MHz, 0 %, 0 %
2026/09/22 01:11:18.846, 7, 181.54 W, 30, 120 MHz, 3996 MHz, 0 %, 0 %
2026/09/22 01:11:19.847, 0, 235.45 W, 39, 2032 MHz, 3996 MHz, 0 %, 0 %
2026/09/22 01:11:19.847, 1, 239.31 W, 40, 2032 MHz, 3996 MHz, 0 %, 0 %
2026/09/22 01:11:19.847, 2, 228.34 W, 33, 2032 MHz, 3996 MHz, 0 %, 0 %
2026/09/22 01:11:19.847, 3, 231.43 W, 33, 2032 MHz, 3996 MHz, 0 %, 0 %
2026/09/22 01:11:19.847, 4, 180.89 W, 35, 120 MHz, 3996 MHz, 0 %, 0 %
2026/09/22 01:11:19.847, 5, 178.68 W, 34, 120 MHz, 3996 MHz, 0 %, 0 %
2026/09/22 01:11:19.847, 6, 179.12 W, 30, 120 MHz, 3996 MHz, 0 %, 0 %
2026/09/22 01:11:19.847, 7, 181.46 W, 30, 120 MHz, 3996 MHz, 0 %, 0 %
2026/09/22 01:11:20.847, 0, 405.34 W, 50, 1627 MHz, 3996 MHz, 96 %, 36 %
2026/09/22 01:11:20.847, 1, 390.14 W, 51, 1522 MHz, 3996 MHz, 7 %, 2 %
2026/09/22 01:11:20.847, 2, 380.32 W, 43, 1665 MHz, 3996 MHz, 82 %, 30 %
2026/09/22 01:11:20.847, 3, 339.91 W, 42, 1402 MHz, 3996 MHz, 0 %, 0 %
2026/09/22 01:11:20.847, 4, 181.05 W, 35, 120 MHz, 3996 MHz, 0 %, 0 %
2026/09/22 01:11:20.847, 5, 178.72 W, 34, 120 MHz, 3996 MHz, 0 %, 0 %
2026/09/22 01:11:20.847, 6, 179.12 W, 30, 120 MHz, 3996 MHz, 0 %, 0 %
2026/09/22 01:11:20.847, 7, 181.54 W, 30, 120 MHz, 3996 MHz, 0 %, 0 %
2026/09/22 01:11:21.847, 0, 1044.77 W, 54, 1582 MHz, 3996 MHz, 100 %, 35 %
2026/09/22 01:11:21.847, 1, 1070.30 W, 55, 1642 MHz, 3996 MHz, 100 %, 35 %
2026/09/22 01:11:21.847, 2, 1037.56 W, 50, 1620 MHz, 3996 MHz, 100 %, 33 %
2026/09/22 01:11:21.847, 3, 1064.61 W, 50, 1342 MHz, 3996 MHz, 100 %, 37 %
2026/09/22 01:11:21.847, 4, 180.96 W, 35, 120 MHz, 3996 MHz, 0 %, 0 %
2026/09/22 01:11:21.847, 5, 178.68 W, 34, 120 MHz, 3996 MHz, 0 %, 0 %
2026/09/22 01:11:21.847, 6, 179.00 W, 30, 120 MHz, 3996 MHz, 0 %, 0 %
2026/09/22 01:11:21.847, 7, 181.53 W, 30, 120 MHz, 3996 MHz, 0 %, 0 %
2026/09/22 01:11:22.847, 0, 1051.88 W, 58, 1560 MHz, 3996 MHz, 100 %, 36 %
2026/09/22 01:11:22.848, 1, 1061.63 W, 57, 1410 MHz, 3996 MHz, 100 %, 35 %
2026/09/22 01:11:22.848, 2, 1039.61 W, 49, 1597 MHz, 3996 MHz, 100 %, 35 %
2026/09/22 01:11:22.848, 3, 1066.27 W, 52, 1372 MHz, 3996 MHz, 100 %, 37 %
2026/09/22 01:11:22.848, 4, 180.89 W, 35, 120 MHz, 3996 MHz, 0 %, 0 %
2026/09/22 01:11:22.848, 5, 178.75 W, 34, 120 MHz, 3996 MHz, 0 %, 0 %
2026/09/22 01:11:22.848, 6, 179.12 W, 30, 120 MHz, 3996 MHz, 0 %, 0 %
2026/09/22 01:11:22.848, 7, 181.50 W, 30, 120 MHz, 3996 MHz, 0 %, 0 %
2026/09/22 01:11:23.848, 0, 1049.98 W, 58, 1620 MHz, 3996 MHz, 100 %, 35 %
2026/09/22 01:11:23.848, 1, 1049.82 W, 57, 1830 MHz, 3996 MHz, 100 %, 35 %
2026/09/22 01:11:23.848, 2, 1042.60 W, 52, 1635 MHz, 3996 MHz, 100 %, 34 %
2026/09/22 01:11:23.848, 3, 1068.25 W, 52, 1410 MHz, 3996 MHz, 100 %, 37 %
2026/09/22 01:11:23.848, 4, 181.00 W, 35, 120 MHz, 3996 MHz, 0 %, 0 %
2026/09/22 01:11:23.848, 5, 178.64 W, 34, 120 MHz, 3996 MHz, 0 %, 0 %
2026/09/22 01:11:23.848, 6, 178.84 W, 30, 120 MHz, 3996 MHz, 0 %, 0 %
2026/09/22 01:11:23.848, 7, 181.50 W, 30, 120 MHz, 3996 MHz, 0 %, 0 %
2026/09/22 01:11:24.848, 0, 1051.68 W, 58, 1477 MHz, 3996 MHz, 100 %, 36 %
2026/09/22 01:11:24.848, 1, 1056.84 W, 59, 1492 MHz, 3996 MHz, 100 %, 35 %
2026/09/22 01:11:24.848, 2, 1038.52 W, 52, 1560 MHz, 3996 MHz, 100 %, 35 %
2026/09/22 01:11:24.848, 3, 1064.81 W, 53, 1387 MHz, 3996 MHz, 100 %, 38 %
2026/09/22 01:11:24.848, 4, 181.15 W, 35, 120 MHz, 3996 MHz, 0 %, 0 %
2026/09/22 01:11:24.848, 5, 178.64 W, 34, 120 MHz, 3996 MHz, 0 %, 0 %
2026/09/22 01:11:24.848, 6, 178.95 W, 30, 120 MHz, 3996 MHz, 0 %, 0 %
2026/09/22 01:11:24.848, 7, 181.54 W, 30, 120 MHz, 3996 MHz, 0 %, 0 %
2026/09/22 01:11:25.848, 0, 1048.76 W, 59, 1515 MHz, 3996 MHz, 100 %, 35 %
2026/09/22 01:11:25.848, 1, 1040.53 W, 59, 1732 MHz, 3996 MHz, 100 %, 30 %
2026/09/22 01:11:25.848, 2, 1040.05 W, 53, 1522 MHz, 3996 MHz, 100 %, 35 %
2026/09/22 01:11:25.848, 3, 1069.13 W, 53, 1350 MHz, 3996 MHz, 100 %, 37 %
2026/09/22 01:11:25.848, 4, 180.85 W, 35, 120 MHz, 3996 MHz, 0 %, 0 %
2026/09/22 01:11:25.848, 5, 178.68 W, 34, 120 MHz, 3996 MHz, 0 %, 0 %
2026/09/22 01:11:25.848, 6, 179.04 W, 30, 120 MHz, 3996 MHz, 0 %, 0 %
2026/09/22 01:11:25.849, 7, 181.53 W, 30, 120 MHz, 3996 MHz, 0 %, 0 %
2026/09/22 01:11:26.849, 0, 346.79 W, 44, 2032 MHz, 3996 MHz, 28 %, 10 %
2026/09/22 01:11:26.849, 1, 389.52 W, 46, 2032 MHz, 3996 MHz, 18 %, 5 %
2026/09/22 01:11:26.849, 2, 360.88 W, 38, 2032 MHz, 3996 MHz, 39 %, 13 %
2026/09/22 01:11:26.849, 3, 394.36 W, 39, 2032 MHz, 3996 MHz, 3 %, 0 %
2026/09/22 01:11:26.849, 4, 180.85 W, 35, 120 MHz, 3996 MHz, 0 %, 0 %
2026/09/22 01:11:26.849, 5, 178.64 W, 34, 120 MHz, 3996 MHz, 0 %, 0 %
2026/09/22 01:11:26.849, 6, 179.12 W, 30, 120 MHz, 3996 MHz, 0 %, 0 %
2026/09/22 01:11:26.849, 7, 181.49 W, 30, 120 MHz, 3996 MHz, 0 %, 0 %
2026/09/22 01:11:27.849, 0, 943.56 W, 57, 2025 MHz, 3996 MHz, 100 %, 48 %
2026/09/22 01:11:27.849, 1, 863.32 W, 57, 2032 MHz, 3996 MHz, 100 %, 47 %
2026/09/22 01:11:27.849, 2, 900.16 W, 50, 2032 MHz, 3996 MHz, 100 %, 47 %
2026/09/22 01:11:27.849, 3, 856.12 W, 49, 2032 MHz, 3996 MHz, 100 %, 46 %
2026/09/22 01:11:27.849, 4, 180.96 W, 35, 120 MHz, 3996 MHz, 0 %, 0 %
2026/09/22 01:11:27.849, 5, 178.68 W, 34, 120 MHz, 3996 MHz, 0 %, 0 %
2026/09/22 01:11:27.849, 6, 179.06 W, 30, 120 MHz, 3996 MHz, 0 %, 0 %
2026/09/22 01:11:27.849, 7, 181.50 W, 30, 120 MHz, 3996 MHz, 0 %, 0 %
2026/09/22 01:11:28.849, 0, 1025.14 W, 58, 2002 MHz, 3996 MHz, 100 %, 52 %
2026/09/22 01:11:28.849, 1, 1034.23 W, 59, 1980 MHz, 3996 MHz, 100 %, 52 %
2026/09/22 01:11:28.849, 2, 1028.38 W, 51, 2032 MHz, 3996 MHz, 100 %, 51 %
2026/09/22 01:11:28.849, 3, 1028.78 W, 52, 1980 MHz, 3996 MHz, 100 %, 52 %
2026/09/22 01:11:28.849, 4, 181.20 W, 35, 120 MHz, 3996 MHz, 0 %, 0 %
2026/09/22 01:11:28.849, 5, 178.87 W, 34, 120 MHz, 3996 MHz, 0 %, 0 %
2026/09/22 01:11:28.849, 6, 178.89 W, 30, 120 MHz, 3996 MHz, 0 %, 0 %
2026/09/22 01:11:28.849, 7, 181.44 W, 30, 120 MHz, 3996 MHz, 0 %, 0 %
2026/09/22 01:11:29.849, 0, 1028.46 W, 59, 1965 MHz, 3996 MHz, 100 %, 53 %
2026/09/22 01:11:29.849, 1, 1034.40 W, 59, 2002 MHz, 3996 MHz, 100 %, 52 %
2026/09/22 01:11:29.849, 2, 1034.88 W, 51, 2025 MHz, 3996 MHz, 100 %, 52 %
2026/09/22 01:11:29.850, 3, 1033.14 W, 52, 1995 MHz, 3996 MHz, 100 %, 53 %
2026/09/22 01:11:29.850, 4, 180.96 W, 35, 120 MHz, 3996 MHz, 0 %, 0 %
2026/09/22 01:11:29.850, 5, 178.72 W, 34, 120 MHz, 3996 MHz, 0 %, 0 %
2026/09/22 01:11:29.850, 6, 179.03 W, 30, 120 MHz, 3996 MHz, 0 %, 0 %
2026/09/22 01:11:29.850, 7, 181.36 W, 30, 120 MHz, 3996 MHz, 0 %, 0 %
2026/09/22 01:11:30.850, 0, 1040.99 W, 59, 2002 MHz, 3996 MHz, 100 %, 53 %
2026/09/22 01:11:30.850, 1, 1044.46 W, 59, 2002 MHz, 3996 MHz, 100 %, 52 %
2026/09/22 01:11:30.850, 2, 1030.65 W, 51, 2025 MHz, 3996 MHz, 100 %, 53 %
2026/09/22 01:11:30.850, 3, 1032.32 W, 52, 2010 MHz, 3996 MHz, 100 %, 53 %
2026/09/22 01:11:30.850, 4, 181.05 W, 35, 120 MHz, 3996 MHz, 0 %, 0 %
2026/09/22 01:11:30.850, 5, 178.79 W, 34, 120 MHz, 3996 MHz, 0 %, 0 %
2026/09/22 01:11:30.850, 6, 178.97 W, 30, 120 MHz, 3996 MHz, 0 %, 0 %
2026/09/22 01:11:30.850, 7, 181.51 W, 30, 120 MHz, 3996 MHz, 0 %, 0 %
2026/09/22 01:11:31.850, 0, 1035.13 W, 59, 1972 MHz, 3996 MHz, 100 %, 53 %
2026/09/22 01:11:31.850, 1, 1035.39 W, 60, 2002 MHz, 3996 MHz, 100 %, 52 %
2026/09/22 01:11:31.850, 2, 1034.01 W, 53, 2017 MHz, 3996 MHz, 100 %, 53 %
2026/09/22 01:11:31.850, 3, 1035.95 W, 52, 1950 MHz, 3996 MHz, 100 %, 53 %
2026/09/22 01:11:31.850, 4, 180.93 W, 35, 120 MHz, 3996 MHz, 0 %, 0 %
2026/09/22 01:11:31.850, 5, 178.80 W, 34, 120 MHz, 3996 MHz, 0 %, 0 %
2026/09/22 01:11:31.850, 6, 179.05 W, 30, 120 MHz, 3996 MHz, 0 %, 0 %
2026/09/22 01:11:31.850, 7, 181.48 W, 30, 120 MHz, 3996 MHz, 0 %, 0 %
2026/09/22 01:11:32.850, 0, 1026.32 W, 59, 1965 MHz, 3996 MHz, 100 %, 53 %
2026/09/22 01:11:32.850, 1, 1034.26 W, 59, 1972 MHz, 3996 MHz, 100 %, 52 %
2026/09/22 01:11:32.850, 2, 1037.48 W, 53, 2002 MHz, 3996 MHz, 100 %, 53 %
2026/09/22 01:11:32.850, 3, 1029.85 W, 52, 1995 MHz, 3996 MHz, 100 %, 53 %
2026/09/22 01:11:32.850, 4, 180.96 W, 35, 120 MHz, 3996 MHz, 0 %, 0 %
2026/09/22 01:11:32.850, 5, 178.87 W, 34, 120 MHz, 3996 MHz, 0 %, 0 %
2026/09/22 01:11:32.850, 6, 179.29 W, 30, 120 MHz, 3996 MHz, 0 %, 0 %
2026/09/22 01:11:32.850, 7, 181.52 W, 30, 120 MHz, 3996 MHz, 0 %, 0 %
2026/09/22 01:11:33.851, 0, 1038.27 W, 61, 1965 MHz, 3996 MHz, 100 %, 53 %
2026/09/22 01:11:33.851, 1, 1036.36 W, 61, 1980 MHz, 3996 MHz, 100 %, 52 %
2026/09/22 01:11:33.851, 2, 1033.20 W, 53, 2010 MHz, 3996 MHz, 100 %, 52 %
2026/09/22 01:11:33.851, 3, 1035.28 W, 53, 2017 MHz, 3996 MHz, 100 %, 52 %
2026/09/22 01:11:33.851, 4, 181.05 W, 35, 120 MHz, 3996 MHz, 0 %, 0 %
2026/09/22 01:11:33.851, 5, 178.76 W, 34, 120 MHz, 3996 MHz, 0 %, 0 %
2026/09/22 01:11:33.851, 6, 179.19 W, 30, 120 MHz, 3996 MHz, 0 %, 0 %
2026/09/22 01:11:33.851, 7, 181.49 W, 30, 120 MHz, 3996 MHz, 0 %, 0 %
2026/09/22 01:11:34.851, 0, 1034.86 W, 60, 1965 MHz, 3996 MHz, 100 %, 53 %
2026/09/22 01:11:34.851, 1, 1042.79 W, 61, 1972 MHz, 3996 MHz, 100 %, 53 %
2026/09/22 01:11:34.851, 2, 1033.38 W, 54, 1980 MHz, 3996 MHz, 100 %, 53 %
2026/09/22 01:11:34.851, 3, 1036.26 W, 53, 1980 MHz, 3996 MHz, 100 %, 52 %
2026/09/22 01:11:34.851, 4, 180.96 W, 35, 120 MHz, 3996 MHz, 0 %, 0 %
2026/09/22 01:11:34.851, 5, 178.72 W, 34, 120 MHz, 3996 MHz, 0 %, 0 %
2026/09/22 01:11:34.851, 6, 179.03 W, 30, 120 MHz, 3996 MHz, 0 %, 0 %
2026/09/22 01:11:34.851, 7, 181.53 W, 30, 120 MHz, 3996 MHz, 0 %, 0 %
2026/09/22 01:11:35.851, 0, 1034.59 W, 61, 1987 MHz, 3996 MHz, 100 %, 53 %
2026/09/22 01:11:35.851, 1, 1039.99 W, 62, 1972 MHz, 3996 MHz, 100 %, 53 %
2026/09/22 01:11:35.851, 2, 1031.63 W, 54, 1972 MHz, 3996 MHz, 100 %, 53 %
2026/09/22 01:11:35.851, 3, 1033.51 W, 54, 1965 MHz, 3996 MHz, 100 %, 53 %
2026/09/22 01:11:35.851, 4, 181.05 W, 35, 120 MHz, 3996 MHz, 0 %, 0 %
2026/09/22 01:11:35.851, 5, 178.68 W, 34, 120 MHz, 3996 MHz, 0 %, 0 %
2026/09/22 01:11:35.851, 6, 178.97 W, 30, 120 MHz, 3996 MHz, 0 %, 0 %
2026/09/22 01:11:35.851, 7, 181.53 W, 30, 120 MHz, 3996 MHz, 0 %, 0 %
2026/09/22 01:11:36.851, 0, 1033.57 W, 60, 1965 MHz, 3996 MHz, 100 %, 54 %
2026/09/22 01:11:36.851, 1, 1034.76 W, 61, 1972 MHz, 3996 MHz, 100 %, 53 %
2026/09/22 01:11:36.851, 2, 1034.33 W, 55, 2002 MHz, 3996 MHz, 100 %, 53 %
2026/09/22 01:11:36.851, 3, 1029.76 W, 52, 1965 MHz, 3996 MHz, 100 %, 53 %
2026/09/22 01:11:36.851, 4, 180.93 W, 35, 120 MHz, 3996 MHz, 0 %, 0 %
2026/09/22 01:11:36.851, 5, 178.64 W, 34, 120 MHz, 3996 MHz, 0 %, 0 %
2026/09/22 01:11:36.851, 6, 178.85 W, 30, 120 MHz, 3996 MHz, 0 %, 0 %
2026/09/22 01:11:36.851, 7, 181.45 W, 30, 120 MHz, 3996 MHz, 0 %, 0 %
2026/09/22 01:11:37.852, 0, 1037.59 W, 61, 1965 MHz, 3996 MHz, 100 %, 54 %
2026/09/22 01:11:37.852, 1, 1043.36 W, 62, 1972 MHz, 3996 MHz, 100 %, 53 %
2026/09/22 01:11:37.852, 2, 1032.96 W, 55, 1965 MHz, 3996 MHz, 100 %, 54 %
2026/09/22 01:11:37.852, 3, 1035.85 W, 54, 1957 MHz, 3996 MHz, 100 %, 53 %
2026/09/22 01:11:37.852, 4, 181.28 W, 35, 120 MHz, 3996 MHz, 0 %, 0 %
2026/09/22 01:11:37.852, 5, 178.64 W, 34, 120 MHz, 3996 MHz, 0 %, 0 %
2026/09/22 01:11:37.852, 6, 179.06 W, 30, 120 MHz, 3996 MHz, 0 %, 0 %
2026/09/22 01:11:37.852, 7, 181.48 W, 30, 120 MHz, 3996 MHz, 0 %, 0 %
2026/09/22 01:11:38.852, 0, 1040.27 W, 61, 2002 MHz, 3996 MHz, 100 %, 54 %
2026/09/22 01:11:38.852, 1, 1041.17 W, 62, 2002 MHz, 3996 MHz, 100 %, 53 %
2026/09/22 01:11:38.852, 2, 1030.65 W, 55, 2010 MHz, 3996 MHz, 100 %, 54 %
2026/09/22 01:11:38.852, 3, 1031.87 W, 54, 1965 MHz, 3996 MHz, 100 %, 54 %
2026/09/22 01:11:38.852, 4, 181.00 W, 35, 120 MHz, 3996 MHz, 0 %, 0 %
2026/09/22 01:11:38.852, 5, 178.64 W, 34, 120 MHz, 3996 MHz, 0 %, 0 %
2026/09/22 01:11:38.852, 6, 178.96 W, 30, 120 MHz, 3996 MHz, 0 %, 0 %
2026/09/22 01:11:38.852, 7, 181.52 W, 30, 120 MHz, 3996 MHz, 0 %, 0 %
2026/09/22 01:11:39.852, 0, 1047.62 W, 63, 2002 MHz, 3996 MHz, 100 %, 53 %
2026/09/22 01:11:39.852, 1, 1048.10 W, 62, 1972 MHz, 3996 MHz, 100 %, 53 %
2026/09/22 01:11:39.852, 2, 1034.09 W, 55, 1980 MHz, 3996 MHz, 100 %, 53 %
2026/09/22 01:11:39.852, 3, 1037.58 W, 54, 1980 MHz, 3996 MHz, 100 %, 54 %
2026/09/22 01:11:39.852, 4, 181.12 W, 35, 120 MHz, 3996 MHz, 0 %, 0 %
2026/09/22 01:11:39.852, 5, 178.68 W, 34, 120 MHz, 3996 MHz, 0 %, 0 %
2026/09/22 01:11:39.852, 6, 178.95 W, 30, 120 MHz, 3996 MHz, 0 %, 0 %
2026/09/22 01:11:39.852, 7, 181.50 W, 30, 120 MHz, 3996 MHz, 0 %, 0 %
2026/09/22 01:11:40.852, 0, 1009.49 W, 63, 1987 MHz, 3996 MHz, 100 %, 32 %
2026/09/22 01:11:40.852, 1, 961.04 W, 58, 2032 MHz, 3996 MHz, 99 %, 12 %
2026/09/22 01:11:40.852, 2, 1007.42 W, 55, 2025 MHz, 3996 MHz, 77 %, 31 %
2026/09/22 01:11:40.852, 3, 960.24 W, 51, 2032 MHz, 3996 MHz, 100 %, 54 %
2026/09/22 01:11:40.853, 4, 181.24 W, 35, 120 MHz, 3996 MHz, 0 %, 0 %
2026/09/22 01:11:40.853, 5, 178.72 W, 34, 120 MHz, 3996 MHz, 0 %, 0 %
2026/09/22 01:11:40.853, 6, 178.93 W, 30, 120 MHz, 3996 MHz, 0 %, 0 %
2026/09/22 01:11:40.853, 7, 181.45 W, 30, 120 MHz, 3996 MHz, 0 %, 0 %
2026/09/22 01:11:41.853, 0, 718.49 W, 59, 2032 MHz, 3996 MHz, 100 %, 11 %
2026/09/22 01:11:41.853, 1, 782.45 W, 62, 1575 MHz, 3996 MHz, 100 %, 39 %
2026/09/22 01:11:41.853, 2, 708.99 W, 49, 2032 MHz, 3996 MHz, 100 %, 10 %
2026/09/22 01:11:41.853, 3, 575.04 W, 46, 2032 MHz, 3996 MHz, 100 %, 11 %
2026/09/22 01:11:41.853, 4, 181.04 W, 35, 120 MHz, 3996 MHz, 0 %, 0 %
2026/09/22 01:11:41.853, 5, 178.68 W, 34, 120 MHz, 3996 MHz, 0 %, 0 %
2026/09/22 01:11:41.853, 6, 179.19 W, 30, 120 MHz, 3996 MHz, 0 %, 0 %
2026/09/22 01:11:41.853, 7, 181.46 W, 30, 120 MHz, 3996 MHz, 0 %, 0 %
2026/09/22 01:11:42.853, 0, 616.94 W, 57, 1965 MHz, 3996 MHz, 100 %, 54 %
2026/09/22 01:11:42.853, 1, 683.97 W, 60, 2025 MHz, 3996 MHz, 95 %, 51 %
2026/09/22 01:11:42.853, 2, 625.40 W, 51, 2032 MHz, 3996 MHz, 100 %, 53 %
2026/09/22 01:11:42.853, 3, 756.28 W, 51, 2002 MHz, 3996 MHz, 100 %, 8 %
2026/09/22 01:11:42.853, 4, 181.04 W, 35, 120 MHz, 3996 MHz, 0 %, 0 %
2026/09/22 01:11:42.853, 5, 178.76 W, 34, 120 MHz, 3996 MHz, 0 %, 0 %
2026/09/22 01:11:42.853, 6, 179.03 W, 30, 120 MHz, 3996 MHz, 0 %, 0 %
2026/09/22 01:11:42.853, 7, 181.49 W, 30, 120 MHz, 3996 MHz, 0 %, 0 %
2026/09/22 01:11:43.853, 0, 693.47 W, 61, 1980 MHz, 3996 MHz, 100 %, 54 %
2026/09/22 01:11:43.853, 1, 761.90 W, 61, 2017 MHz, 3996 MHz, 100 %, 54 %
2026/09/22 01:11:43.853, 2, 729.29 W, 52, 2002 MHz, 3996 MHz, 100 %, 53 %
2026/09/22 01:11:43.853, 3, 797.03 W, 52, 1965 MHz, 3996 MHz, 95 %, 30 %
2026/09/22 01:11:43.853, 4, 180.97 W, 35, 120 MHz, 3996 MHz, 0 %, 0 %
2026/09/22 01:11:43.853, 5, 178.68 W, 34, 120 MHz, 3996 MHz, 0 %, 0 %
2026/09/22 01:11:43.853, 6, 178.74 W, 30, 120 MHz, 3996 MHz, 0 %, 0 %
2026/09/22 01:11:43.853, 7, 181.46 W, 30, 120 MHz, 3996 MHz, 0 %, 0 %
2026/09/22 01:11:44.853, 0, 820.75 W, 61, 1965 MHz, 3996 MHz, 100 %, 55 %
2026/09/22 01:11:44.853, 1, 889.46 W, 62, 1980 MHz, 3996 MHz, 65 %, 34 %
2026/09/22 01:11:44.854, 2, 817.14 W, 52, 2010 MHz, 3996 MHz, 100 %, 55 %
2026/09/22 01:11:44.854, 3, 871.06 W, 52, 2025 MHz, 3996 MHz, 100 %, 10 %
2026/09/22 01:11:44.854, 4, 180.96 W, 35, 120 MHz, 3996 MHz, 0 %, 0 %
2026/09/22 01:11:44.854, 5, 178.72 W, 34, 120 MHz, 3996 MHz, 0 %, 0 %
2026/09/22 01:11:44.854, 6, 178.76 W, 30, 120 MHz, 3996 MHz, 0 %, 0 %
2026/09/22 01:11:44.854, 7, 181.49 W, 30, 120 MHz, 3996 MHz, 0 %, 0 %
2026/09/22 01:11:45.854, 0, 905.46 W, 59, 2010 MHz, 3996 MHz, 95 %, 37 %
2026/09/22 01:11:45.854, 1, 903.31 W, 59, 2032 MHz, 3996 MHz, 100 %, 8 %
2026/09/22 01:11:45.854, 2, 899.55 W, 53, 2025 MHz, 3996 MHz, 95 %, 31 %
2026/09/22 01:11:45.854, 3, 928.90 W, 51, 2032 MHz, 3996 MHz, 37 %, 17 %
2026/09/22 01:11:45.854, 4, 180.93 W, 35, 120 MHz, 3996 MHz, 0 %, 0 %
2026/09/22 01:11:45.854, 5, 178.76 W, 34, 120 MHz, 3996 MHz, 0 %, 0 %
2026/09/22 01:11:45.854, 6, 178.76 W, 30, 120 MHz, 3996 MHz, 0 %, 0 %
2026/09/22 01:11:45.854, 7, 181.45 W, 30, 120 MHz, 3996 MHz, 0 %, 0 %
2026/09/22 01:11:46.854, 0, 819.59 W, 55, 2032 MHz, 3996 MHz, 100 %, 12 %
2026/09/22 01:11:46.854, 1, 830.40 W, 63, 1912 MHz, 3996 MHz, 78 %, 33 %
2026/09/22 01:11:46.854, 2, 625.83 W, 47, 2032 MHz, 3996 MHz, 100 %, 12 %
2026/09/22 01:11:46.854, 3, 824.48 W, 49, 2032 MHz, 3996 MHz, 90 %, 41 %
2026/09/22 01:11:46.854, 4, 180.82 W, 35, 120 MHz, 3996 MHz, 0 %, 0 %
2026/09/22 01:11:46.854, 5, 178.80 W, 34, 120 MHz, 3996 MHz, 0 %, 0 %
2026/09/22 01:11:46.854, 6, 178.87 W, 30, 120 MHz, 3996 MHz, 0 %, 0 %
2026/09/22 01:11:46.854, 7, 181.53 W, 30, 120 MHz, 3996 MHz, 0 %, 0 %
2026/09/22 01:11:47.854, 0, 746.30 W, 56, 2032 MHz, 3996 MHz, 100 %, 14 %
2026/09/22 01:11:47.854, 1, 788.83 W, 59, 2032 MHz, 3996 MHz, 94 %, 38 %
2026/09/22 01:11:47.854, 2, 960.99 W, 54, 1972 MHz, 3996 MHz, 100 %, 41 %
2026/09/22 01:11:47.854, 3, 795.35 W, 50, 2032 MHz, 3996 MHz, 100 %, 26 %
2026/09/22 01:11:47.854, 4, 180.89 W, 35, 120 MHz, 3996 MHz, 0 %, 0 %
2026/09/22 01:11:47.854, 5, 178.76 W, 34, 120 MHz, 3996 MHz, 0 %, 0 %
2026/09/22 01:11:47.854, 6, 179.10 W, 30, 120 MHz, 3996 MHz, 0 %, 0 %
2026/09/22 01:11:47.855, 7, 181.34 W, 30, 120 MHz, 3996 MHz, 0 %, 0 %
2026/09/22 01:11:48.855, 0, 771.61 W, 57, 2002 MHz, 3996 MHz, 100 %, 44 %
2026/09/22 01:11:48.855, 1, 675.92 W, 59, 2032 MHz, 3996 MHz, 100 %, 10 %
2026/09/22 01:11:48.855, 2, 684.42 W, 47, 2032 MHz, 3996 MHz, 100 %, 34 %
2026/09/22 01:11:48.855, 3, 713.48 W, 50, 2032 MHz, 3996 MHz, 100 %, 11 %
2026/09/22 01:11:48.855, 4, 180.97 W, 35, 120 MHz, 3996 MHz, 0 %, 0 %
2026/09/22 01:11:48.855, 5, 178.68 W, 34, 120 MHz, 3996 MHz, 0 %, 0 %
2026/09/22 01:11:48.855, 6, 178.75 W, 30, 120 MHz, 3996 MHz, 0 %, 0 %
2026/09/22 01:11:48.855, 7, 181.49 W, 30, 120 MHz, 3996 MHz, 0 %, 0 %
2026/09/22 01:11:49.855, 0, 487.35 W, 54, 2032 MHz, 3996 MHz, 100 %, 10 %
2026/09/22 01:11:49.855, 1, 644.73 W, 60, 2032 MHz, 3996 MHz, 84 %, 33 %
2026/09/22 01:11:49.855, 2, 493.37 W, 45, 2032 MHz, 3996 MHz, 100 %, 9 %
2026/09/22 01:11:49.855, 3, 550.14 W, 45, 2032 MHz, 3996 MHz, 100 %, 14 %
2026/09/22 01:11:49.855, 4, 181.04 W, 35, 120 MHz, 3996 MHz, 0 %, 0 %
2026/09/22 01:11:49.855, 5, 178.76 W, 34, 120 MHz, 3996 MHz, 0 %, 0 %
2026/09/22 01:11:49.855, 6, 178.99 W, 30, 120 MHz, 3996 MHz, 0 %, 0 %
2026/09/22 01:11:49.855, 7, 181.54 W, 30, 120 MHz, 3996 MHz, 0 %, 0 %
2026/09/22 01:11:50.855, 0, 797.91 W, 57, 2032 MHz, 3996 MHz, 96 %, 14 %
2026/09/22 01:11:50.855, 1, 743.91 W, 61, 1987 MHz, 3996 MHz, 92 %, 11 %
2026/09/22 01:11:50.855, 2, 784.57 W, 55, 1747 MHz, 3996 MHz, 88 %, 32 %
2026/09/22 01:11:50.855, 3, 724.93 W, 48, 2032 MHz, 3996 MHz, 95 %, 11 %
2026/09/22 01:11:50.855, 4, 180.93 W, 35, 120 MHz, 3996 MHz, 0 %, 0 %
2026/09/22 01:11:50.855, 5, 178.79 W, 34, 120 MHz, 3996 MHz, 0 %, 0 %
2026/09/22 01:11:50.855, 6, 179.09 W, 30, 120 MHz, 3996 MHz, 0 %, 0 %
2026/09/22 01:11:50.855, 7, 181.45 W, 30, 120 MHz, 3996 MHz, 0 %, 0 %
2026/09/22 01:11:51.855, 0, 705.99 W, 54, 2032 MHz, 3996 MHz, 100 %, 8 %
2026/09/22 01:11:51.855, 1, 765.38 W, 57, 2032 MHz, 3996 MHz, 37 %, 14 %
2026/09/22 01:11:51.855, 2, 624.86 W, 45, 2032 MHz, 3996 MHz, 100 %, 8 %
2026/09/22 01:11:51.855, 3, 712.40 W, 46, 2032 MHz, 3996 MHz, 91 %, 9 %
2026/09/22 01:11:51.856, 4, 181.21 W, 35, 120 MHz, 3996 MHz, 0 %, 0 %
2026/09/22 01:11:51.856, 5, 178.68 W, 34, 120 MHz, 3996 MHz, 0 %, 0 %
2026/09/22 01:11:51.856, 6, 178.88 W, 30, 120 MHz, 3996 MHz, 0 %, 0 %
2026/09/22 01:11:51.856, 7, 181.41 W, 30, 120 MHz, 3996 MHz, 0 %, 0 %
2026/09/22 01:11:52.856, 0, 817.56 W, 63, 1462 MHz, 3996 MHz, 100 %, 39 %
2026/09/22 01:11:52.856, 1, 778.88 W, 62, 2025 MHz, 3996 MHz, 100 %, 27 %
2026/09/22 01:11:52.856, 2, 742.72 W, 55, 1582 MHz, 3996 MHz, 100 %, 37 %
2026/09/22 01:11:52.856, 3, 840.60 W, 50, 2032 MHz, 3996 MHz, 100 %, 19 %
2026/09/22 01:11:52.856, 4, 180.86 W, 35, 120 MHz, 3996 MHz, 0 %, 0 %
2026/09/22 01:11:52.856, 5, 178.72 W, 34, 120 MHz, 3996 MHz, 0 %, 0 %
2026/09/22 01:11:52.856, 6, 179.05 W, 30, 120 MHz, 3996 MHz, 0 %, 0 %
2026/09/22 01:11:52.856, 7, 181.49 W, 30, 120 MHz, 3996 MHz, 0 %, 0 %
2026/09/22 01:11:53.856, 0, 739.38 W, 58, 2032 MHz, 3996 MHz, 100 %, 15 %
2026/09/22 01:11:53.856, 1, 819.66 W, 62, 2032 MHz, 3996 MHz, 94 %, 40 %
2026/09/22 01:11:53.856, 2, 823.14 W, 54, 1687 MHz, 3996 MHz, 100 %, 40 %
2026/09/22 01:11:53.856, 3, 729.74 W, 49, 2032 MHz, 3996 MHz, 86 %, 36 %
2026/09/22 01:11:53.856, 4, 181.08 W, 35, 120 MHz, 3996 MHz, 0 %, 0 %
2026/09/22 01:11:53.856, 5, 178.68 W, 34, 120 MHz, 3996 MHz, 0 %, 0 %
2026/09/22 01:11:53.856, 6, 178.90 W, 30, 120 MHz, 3996 MHz, 0 %, 0 %
2026/09/22 01:11:53.856, 7, 181.42 W, 30, 120 MHz, 3996 MHz, 0 %, 0 %
2026/09/22 01:11:54.856, 0, 592.37 W, 57, 2025 MHz, 3996 MHz, 100 %, 39 %
2026/09/22 01:11:54.856, 1, 671.82 W, 59, 2025 MHz, 3996 MHz, 100 %, 18 %
2026/09/22 01:11:54.856, 2, 651.80 W, 48, 2032 MHz, 3996 MHz, 90 %, 41 %
2026/09/22 01:11:54.856, 3, 758.41 W, 52, 1995 MHz, 3996 MHz, 100 %, 40 %
2026/09/22 01:11:54.856, 4, 181.13 W, 35, 120 MHz, 3996 MHz, 0 %, 0 %
2026/09/22 01:11:54.856, 5, 178.72 W, 34, 120 MHz, 3996 MHz, 0 %, 0 %
2026/09/22 01:11:54.856, 6, 179.13 W, 30, 120 MHz, 3996 MHz, 0 %, 0 %
2026/09/22 01:11:54.856, 7, 181.49 W, 30, 120 MHz, 3996 MHz, 0 %, 0 %
2026/09/22 01:11:55.857, 0, 854.26 W, 60, 2032 MHz, 3996 MHz, 100 %, 38 %
2026/09/22 01:11:55.857, 1, 872.88 W, 63, 1912 MHz, 3996 MHz, 100 %, 54 %
2026/09/22 01:11:55.857, 2, 886.97 W, 56, 1620 MHz, 3996 MHz, 100 %, 50 %
2026/09/22 01:11:55.857, 3, 867.79 W, 55, 1897 MHz, 3996 MHz, 100 %, 55 %
2026/09/22 01:11:55.857, 4, 180.89 W, 35, 120 MHz, 3996 MHz, 0 %, 0 %
2026/09/22 01:11:55.857, 5, 178.76 W, 34, 120 MHz, 3996 MHz, 0 %, 0 %
2026/09/22 01:11:55.857, 6, 178.85 W, 30, 120 MHz, 3996 MHz, 0 %, 0 %
2026/09/22 01:11:55.857, 7, 181.53 W, 30, 120 MHz, 3996 MHz, 0 %, 0 %
2026/09/22 01:11:56.857, 0, 709.21 W, 62, 1672 MHz, 3996 MHz, 100 %, 40 %
2026/09/22 01:11:56.857, 1, 780.67 W, 58, 2032 MHz, 3996 MHz, 95 %, 34 %
2026/09/22 01:11:56.857, 2, 729.90 W, 47, 2032 MHz, 3996 MHz, 100 %, 11 %
2026/09/22 01:11:56.857, 3, 732.63 W, 50, 2032 MHz, 3996 MHz, 95 %, 34 %
2026/09/22 01:11:56.857, 4, 181.12 W, 35, 120 MHz, 3996 MHz, 0 %, 0 %
2026/09/22 01:11:56.857, 5, 178.72 W, 34, 120 MHz, 3996 MHz, 0 %, 0 %
2026/09/22 01:11:56.857, 6, 178.92 W, 30, 120 MHz, 3996 MHz, 0 %, 0 %
2026/09/22 01:11:56.857, 7, 181.36 W, 30, 120 MHz, 3996 MHz, 0 %, 0 %
2026/09/22 01:11:57.857, 0, 932.78 W, 60, 2025 MHz, 3996 MHz, 100 %, 30 %
2026/09/22 01:11:57.857, 1, 762.85 W, 61, 1912 MHz, 3996 MHz, 100 %, 19 %
2026/09/22 01:11:57.857, 2, 634.27 W, 47, 2032 MHz, 3996 MHz, 100 %, 13 %
2026/09/22 01:11:57.857, 3, 687.38 W, 47, 2032 MHz, 3996 MHz, 100 %, 13 %
2026/09/22 01:11:57.857, 4, 180.66 W, 35, 120 MHz, 3996 MHz, 0 %, 0 %
2026/09/22 01:11:57.857, 5, 178.72 W, 34, 120 MHz, 3996 MHz, 0 %, 0 %
2026/09/22 01:11:57.857, 6, 178.79 W, 30, 120 MHz, 3996 MHz, 0 %, 0 %
2026/09/22 01:11:57.857, 7, 181.45 W, 30, 120 MHz, 3996 MHz, 0 %, 0 %
2026/09/22 01:11:58.857, 0, 854.68 W, 64, 1965 MHz, 3996 MHz, 100 %, 54 %
2026/09/22 01:11:58.857, 1, 886.92 W, 64, 2002 MHz, 3996 MHz, 100 %, 54 %
2026/09/22 01:11:58.857, 2, 963.13 W, 54, 2032 MHz, 3996 MHz, 100 %, 54 %
2026/09/22 01:11:58.857, 3, 965.41 W, 55, 1965 MHz, 3996 MHz, 100 %, 53 %
2026/09/22 01:11:58.857, 4, 181.17 W, 35, 120 MHz, 3996 MHz, 0 %, 0 %
2026/09/22 01:11:58.857, 5, 178.68 W, 34, 120 MHz, 3996 MHz, 0 %, 0 %
2026/09/22 01:11:58.857, 6, 178.87 W, 30, 120 MHz, 3996 MHz, 0 %, 0 %
2026/09/22 01:11:58.857, 7, 181.43 W, 30, 120 MHz, 3996 MHz, 0 %, 0 %
2026/09/22 01:11:59.858, 0, 943.02 W, 65, 1965 MHz, 3996 MHz, 100 %, 54 %
2026/09/22 01:11:59.858, 1, 983.48 W, 65, 1987 MHz, 3996 MHz, 100 %, 53 %
2026/09/22 01:11:59.858, 2, 938.65 W, 54, 1972 MHz, 3996 MHz, 100 %, 54 %
2026/09/22 01:11:59.858, 3, 939.76 W, 56, 1995 MHz, 3996 MHz, 100 %, 54 %
2026/09/22 01:11:59.858, 4, 181.08 W, 35, 120 MHz, 3996 MHz, 0 %, 0 %
2026/09/22 01:11:59.858, 5, 178.72 W, 34, 120 MHz, 3996 MHz, 0 %, 0 %
2026/09/22 01:11:59.858, 6, 178.80 W, 30, 120 MHz, 3996 MHz, 0 %, 0 %
2026/09/22 01:11:59.858, 7, 181.51 W, 30, 120 MHz, 3996 MHz, 0 %, 0 %
2026/09/22 01:12:00.858, 0, 1040.73 W, 64, 1965 MHz, 3996 MHz, 100 %, 54 %
2026/09/22 01:12:00.858, 1, 929.34 W, 64, 1972 MHz, 3996 MHz, 100 %, 53 %
2026/09/22 01:12:00.858, 2, 946.24 W, 56, 2010 MHz, 3996 MHz, 100 %, 54 %
2026/09/22 01:12:00.858, 3, 962.28 W, 55, 1965 MHz, 3996 MHz, 100 %, 53 %
2026/09/22 01:12:00.858, 4, 181.24 W, 35, 120 MHz, 3996 MHz, 0 %, 0 %
2026/09/22 01:12:00.858, 5, 178.68 W, 34, 120 MHz, 3996 MHz, 0 %, 0 %
2026/09/22 01:12:00.858, 6, 179.07 W, 30, 120 MHz, 3996 MHz, 0 %, 0 %
2026/09/22 01:12:00.858, 7, 181.46 W, 30, 120 MHz, 3996 MHz, 0 %, 0 %
2026/09/22 01:12:01.858, 0, 1041.95 W, 65, 1965 MHz, 3996 MHz, 100 %, 54 %
2026/09/22 01:12:01.858, 1, 1048.69 W, 65, 1972 MHz, 3996 MHz, 100 %, 54 %
2026/09/22 01:12:01.858, 2, 1036.88 W, 57, 1965 MHz, 3996 MHz, 100 %, 55 %
2026/09/22 01:12:01.858, 3, 1037.88 W, 56, 1965 MHz, 3996 MHz, 100 %, 54 %
2026/09/22 01:12:01.858, 4, 181.31 W, 35, 120 MHz, 3996 MHz, 0 %, 0 %
2026/09/22 01:12:01.858, 5, 178.64 W, 34, 120 MHz, 3996 MHz, 0 %, 0 %
2026/09/22 01:12:01.858, 6, 179.02 W, 30, 120 MHz, 3996 MHz, 0 %, 0 %
2026/09/22 01:12:01.858, 7, 181.53 W, 30, 120 MHz, 3996 MHz, 0 %, 0 %
2026/09/22 01:12:02.858, 0, 1048.29 W, 65, 1965 MHz, 3996 MHz, 100 %, 54 %
2026/09/22 01:12:02.858, 1, 1050.66 W, 66, 1972 MHz, 3996 MHz, 100 %, 54 %
2026/09/22 01:12:02.858, 2, 1036.32 W, 57, 2002 MHz, 3996 MHz, 100 %, 54 %
2026/09/22 01:12:02.858, 3, 1042.52 W, 56, 1965 MHz, 3996 MHz, 100 %, 54 %
2026/09/22 01:12:02.858, 4, 181.46 W, 35, 120 MHz, 3996 MHz, 0 %, 0 %
2026/09/22 01:12:02.858, 5, 178.64 W, 34, 120 MHz, 3996 MHz, 0 %, 0 %
2026/09/22 01:12:02.858, 6, 178.88 W, 30, 120 MHz, 3996 MHz, 0 %, 0 %
2026/09/22 01:12:02.858, 7, 181.41 W, 30, 120 MHz, 3996 MHz, 0 %, 0 %
2026/09/22 01:12:03.859, 0, 1040.09 W, 66, 1942 MHz, 3996 MHz, 100 %, 54 %
2026/09/22 01:12:03.859, 1, 1040.91 W, 65, 1942 MHz, 3996 MHz, 100 %, 54 %
2026/09/22 01:12:03.859, 2, 1040.01 W, 57, 1965 MHz, 3996 MHz, 100 %, 54 %
2026/09/22 01:12:03.859, 3, 1041.28 W, 56, 1965 MHz, 3996 MHz, 100 %, 54 %
2026/09/22 01:12:03.859, 4, 181.17 W, 35, 120 MHz, 3996 MHz, 0 %, 0 %
2026/09/22 01:12:03.859, 5, 178.72 W, 34, 120 MHz, 3996 MHz, 0 %, 0 %
2026/09/22 01:12:03.859, 6, 179.08 W, 30, 120 MHz, 3996 MHz, 0 %, 0 %
2026/09/22 01:12:03.859, 7, 181.36 W, 30, 120 MHz, 3996 MHz, 0 %, 0 %
2026/09/22 01:12:04.859, 0, 1047.29 W, 67, 1987 MHz, 3996 MHz, 100 %, 54 %
2026/09/22 01:12:04.859, 1, 1047.40 W, 67, 2002 MHz, 3996 MHz, 100 %, 54 %
2026/09/22 01:12:04.859, 2, 1034.73 W, 57, 1965 MHz, 3996 MHz, 100 %, 54 %
2026/09/22 01:12:04.859, 3, 1037.10 W, 57, 1965 MHz, 3996 MHz, 100 %, 54 %
2026/09/22 01:12:04.859, 4, 181.15 W, 35, 120 MHz, 3996 MHz, 0 %, 0 %
2026/09/22 01:12:04.859, 5, 178.64 W, 34, 120 MHz, 3996 MHz, 0 %, 0 %
2026/09/22 01:12:04.859, 6, 178.96 W, 30, 120 MHz, 3996 MHz, 0 %, 0 %
2026/09/22 01:12:04.859, 7, 181.48 W, 30, 120 MHz, 3996 MHz, 0 %, 0 %
2026/09/22 01:12:05.859, 0, 1044.98 W, 67, 1950 MHz, 3996 MHz, 100 %, 54 %
2026/09/22 01:12:05.859, 1, 1048.32 W, 67, 1950 MHz, 3996 MHz, 100 %, 54 %
2026/09/22 01:12:05.859, 2, 1032.18 W, 57, 1980 MHz, 3996 MHz, 100 %, 54 %
2026/09/22 01:12:05.859, 3, 1038.68 W, 57, 1995 MHz, 3996 MHz, 100 %, 54 %
2026/09/22 01:12:05.859, 4, 181.15 W, 35, 120 MHz, 3996 MHz, 0 %, 0 %
2026/09/22 01:12:05.859, 5, 178.68 W, 34, 120 MHz, 3996 MHz, 0 %, 0 %
2026/09/22 01:12:05.859, 6, 178.74 W, 30, 120 MHz, 3996 MHz, 0 %, 0 %
2026/09/22 01:12:05.859, 7, 181.41 W, 30, 120 MHz, 3996 MHz, 0 %, 0 %
2026/09/22 01:12:06.859, 0, 1045.71 W, 66, 1987 MHz, 3996 MHz, 100 %, 54 %
2026/09/22 01:12:06.859, 1, 1046.20 W, 67, 1965 MHz, 3996 MHz, 100 %, 54 %
2026/09/22 01:12:06.859, 2, 1037.94 W, 58, 2002 MHz, 3996 MHz, 100 %, 54 %
2026/09/22 01:12:06.859, 3, 1038.43 W, 57, 1965 MHz, 3996 MHz, 100 %, 54 %
2026/09/22 01:12:06.859, 4, 180.89 W, 35, 120 MHz, 3996 MHz, 0 %, 0 %
2026/09/22 01:12:06.859, 5, 178.64 W, 34, 120 MHz, 3996 MHz, 0 %, 0 %
2026/09/22 01:12:06.859, 6, 178.92 W, 30, 120 MHz, 3996 MHz, 0 %, 0 %
2026/09/22 01:12:06.859, 7, 181.47 W, 30, 120 MHz, 3996 MHz, 0 %, 0 %
2026/09/22 01:12:07.860, 0, 1042.16 W, 67, 1950 MHz, 3996 MHz, 100 %, 54 %
2026/09/22 01:12:07.860, 1, 1049.18 W, 68, 2002 MHz, 3996 MHz, 100 %, 55 %
2026/09/22 01:12:07.860, 2, 1032.79 W, 57, 1965 MHz, 3996 MHz, 100 %, 54 %
2026/09/22 01:12:07.860, 3, 1040.80 W, 58, 1950 MHz, 3996 MHz, 100 %, 55 %
2026/09/22 01:12:07.860, 4, 181.08 W, 35, 120 MHz, 3996 MHz, 0 %, 0 %
2026/09/22 01:12:07.860, 5, 178.68 W, 34, 120 MHz, 3996 MHz, 0 %, 0 %
2026/09/22 01:12:07.860, 6, 178.92 W, 30, 120 MHz, 3996 MHz, 0 %, 0 %
2026/09/22 01:12:07.860, 7, 181.44 W, 30, 120 MHz, 3996 MHz, 0 %, 0 %
2026/09/22 01:12:08.860, 0, 1045.11 W, 66, 1965 MHz, 3996 MHz, 100 %, 54 %
2026/09/22 01:12:08.860, 1, 1048.84 W, 67, 1965 MHz, 3996 MHz, 100 %, 54 %
2026/09/22 01:12:08.860, 2, 1036.65 W, 58, 1987 MHz, 3996 MHz, 100 %, 54 %
2026/09/22 01:12:08.860, 3, 1033.48 W, 57, 1965 MHz, 3996 MHz, 100 %, 54 %
2026/09/22 01:12:08.860, 4, 180.97 W, 35, 120 MHz, 3996 MHz, 0 %, 0 %
2026/09/22 01:12:08.860, 5, 178.72 W, 34, 120 MHz, 3996 MHz, 0 %, 0 %
2026/09/22 01:12:08.860, 6, 179.02 W, 30, 120 MHz, 3996 MHz, 0 %, 0 %
2026/09/22 01:12:08.860, 7, 181.42 W, 30, 120 MHz, 3996 MHz, 0 %, 0 %
2026/09/22 01:12:09.860, 0, 1049.29 W, 68, 1965 MHz, 3996 MHz, 100 %, 54 %
2026/09/22 01:12:09.860, 1, 1049.12 W, 68, 1942 MHz, 3996 MHz, 100 %, 55 %
2026/09/22 01:12:09.860, 2, 1037.55 W, 57, 1972 MHz, 3996 MHz, 100 %, 54 %
2026/09/22 01:12:09.860, 3, 1037.07 W, 58, 1950 MHz, 3996 MHz, 100 %, 55 %
2026/09/22 01:12:09.860, 4, 181.12 W, 35, 120 MHz, 3996 MHz, 0 %, 0 %
2026/09/22 01:12:09.860, 5, 178.64 W, 34, 120 MHz, 3996 MHz, 0 %, 0 %
2026/09/22 01:12:09.860, 6, 179.11 W, 30, 120 MHz, 3996 MHz, 0 %, 0 %
2026/09/22 01:12:09.860, 7, 181.46 W, 30, 120 MHz, 3996 MHz, 0 %, 0 %
2026/09/22 01:12:10.860, 0, 1052.03 W, 67, 1950 MHz, 3996 MHz, 100 %, 54 %
2026/09/22 01:12:10.860, 1, 1051.69 W, 68, 2002 MHz, 3996 MHz, 100 %, 55 %
2026/09/22 01:12:10.860, 2, 1033.59 W, 58, 2017 MHz, 3996 MHz, 100 %, 55 %
2026/09/22 01:12:10.860, 3, 1040.92 W, 58, 1995 MHz, 3996 MHz, 100 %, 55 %
2026/09/22 01:12:10.860, 4, 180.93 W, 35, 120 MHz, 3996 MHz, 0 %, 0 %
2026/09/22 01:12:10.861, 5, 178.72 W, 34, 120 MHz, 3996 MHz, 0 %, 0 %
2026/09/22 01:12:10.861, 6, 178.90 W, 30, 120 MHz, 3996 MHz, 0 %, 0 %
2026/09/22 01:12:10.861, 7, 181.38 W, 30, 120 MHz, 3996 MHz, 0 %, 0 %
2026/09/22 01:12:11.861, 0, 1042.63 W, 68, 1927 MHz, 3996 MHz, 100 %, 55 %
2026/09/22 01:12:11.861, 1, 1056.40 W, 67, 1972 MHz, 3996 MHz, 100 %, 55 %
2026/09/22 01:12:11.861, 2, 1036.32 W, 58, 2002 MHz, 3996 MHz, 100 %, 54 %
2026/09/22 01:12:11.861, 3, 1039.11 W, 58, 1957 MHz, 3996 MHz, 100 %, 55 %
2026/09/22 01:12:11.861, 4, 181.09 W, 35, 120 MHz, 3996 MHz, 0 %, 0 %
2026/09/22 01:12:11.861, 5, 178.76 W, 34, 120 MHz, 3996 MHz, 0 %, 0 %
2026/09/22 01:12:11.861, 6, 178.88 W, 30, 120 MHz, 3996 MHz, 0 %, 0 %
2026/09/22 01:12:11.861, 7, 181.45 W, 30, 120 MHz, 3996 MHz, 0 %, 0 %
2026/09/22 01:12:12.861, 0, 920.97 W, 60, 2032 MHz, 3996 MHz, 38 %, 22 %
2026/09/22 01:12:12.861, 1, 980.45 W, 62, 2032 MHz, 3996 MHz, 94 %, 51 %
2026/09/22 01:12:12.861, 2, 922.85 W, 51, 2032 MHz, 3996 MHz, 50 %, 27 %
2026/09/22 01:12:12.861, 3, 982.67 W, 54, 2032 MHz, 3996 MHz, 94 %, 52 %
2026/09/22 01:12:12.861, 4, 180.93 W, 35, 120 MHz, 3996 MHz, 0 %, 0 %
2026/09/22 01:12:12.861, 5, 178.68 W, 34, 120 MHz, 3996 MHz, 0 %, 0 %
2026/09/22 01:12:12.861, 6, 179.02 W, 30, 120 MHz, 3996 MHz, 0 %, 0 %
2026/09/22 01:12:12.861, 7, 181.37 W, 30, 120 MHz, 3996 MHz, 0 %, 0 %
2026/09/22 01:12:13.861, 0, 465.99 W, 56, 2032 MHz, 3996 MHz, 44 %, 25 %
2026/09/22 01:12:13.861, 1, 464.91 W, 62, 2032 MHz, 3996 MHz, 0 %, 0 %
2026/09/22 01:12:13.861, 2, 442.70 W, 46, 2032 MHz, 3996 MHz, 43 %, 24 %
2026/09/22 01:12:13.861, 3, 459.04 W, 51, 2032 MHz, 3996 MHz, 0 %, 0 %
2026/09/22 01:12:13.861, 4, 181.17 W, 35, 120 MHz, 3996 MHz, 0 %, 0 %
2026/09/22 01:12:13.861, 5, 178.72 W, 34, 120 MHz, 3996 MHz, 0 %, 0 %
2026/09/22 01:12:13.861, 6, 178.95 W, 30, 120 MHz, 3996 MHz, 0 %, 0 %
2026/09/22 01:12:13.861, 7, 181.49 W, 30, 120 MHz, 3996 MHz, 0 %, 0 %
2026/09/22 01:12:14.861, 0, 700.78 W, 58, 2032 MHz, 3996 MHz, 32 %, 18 %
2026/09/22 01:12:14.861, 1, 700.01 W, 57, 2032 MHz, 3996 MHz, 0 %, 0 %
2026/09/22 01:12:14.862, 2, 666.15 W, 48, 2032 MHz, 3996 MHz, 18 %, 10 %
2026/09/22 01:12:14.862, 3, 694.07 W, 46, 2032 MHz, 3996 MHz, 0 %, 0 %
2026/09/22 01:12:14.862, 4, 181.01 W, 35, 120 MHz, 3996 MHz, 0 %, 0 %
2026/09/22 01:12:14.862, 5, 178.72 W, 34, 120 MHz, 3996 MHz, 0 %, 0 %
2026/09/22 01:12:14.862, 6, 178.84 W, 30, 120 MHz, 3996 MHz, 0 %, 0 %
2026/09/22 01:12:14.862, 7, 181.52 W, 30, 120 MHz, 3996 MHz, 0 %, 0 %
2026/09/22 01:12:15.862, 0, 765.70 W, 58, 2032 MHz, 3996 MHz, 12 %, 2 %
2026/09/22 01:12:15.862, 1, 778.29 W, 59, 2032 MHz, 3996 MHz, 58 %, 32 %
2026/09/22 01:12:15.862, 2, 726.33 W, 48, 2032 MHz, 3996 MHz, 4 %, 2 %
2026/09/22 01:12:15.862, 3, 772.38 W, 49, 2032 MHz, 3996 MHz, 64 %, 36 %
2026/09/22 01:12:15.862, 4, 181.23 W, 35, 120 MHz, 3996 MHz, 0 %, 0 %
2026/09/22 01:12:15.862, 5, 178.64 W, 34, 120 MHz, 3996 MHz, 0 %, 0 %
2026/09/22 01:12:15.862, 6, 179.10 W, 30, 120 MHz, 3996 MHz, 0 %, 0 %
2026/09/22 01:12:15.862, 7, 181.52 W, 30, 120 MHz, 3996 MHz, 0 %, 0 %
2026/09/22 01:12:16.862, 0, 556.89 W, 59, 2032 MHz, 3996 MHz, 7 %, 3 %
2026/09/22 01:12:16.862, 1, 557.98 W, 56, 2032 MHz, 3996 MHz, 3 %, 2 %
2026/09/22 01:12:16.862, 2, 528.46 W, 50, 2032 MHz, 3996 MHz, 0 %, 0 %
2026/09/22 01:12:16.862, 3, 533.59 W, 46, 2032 MHz, 3996 MHz, 3 %, 2 %
2026/09/22 01:12:16.862, 4, 181.31 W, 35, 120 MHz, 3996 MHz, 0 %, 0 %
2026/09/22 01:12:16.862, 5, 178.64 W, 34, 120 MHz, 3996 MHz, 0 %, 0 %
2026/09/22 01:12:16.862, 6, 179.15 W, 30, 120 MHz, 3996 MHz, 0 %, 0 %
2026/09/22 01:12:16.862, 7, 181.45 W, 30, 120 MHz, 3996 MHz, 0 %, 0 %
2026/09/22 01:12:17.862, 0, 544.95 W, 61, 2032 MHz, 3996 MHz, 3 %, 2 %
2026/09/22 01:12:17.862, 1, 553.03 W, 58, 2032 MHz, 3996 MHz, 0 %, 0 %
2026/09/22 01:12:17.862, 2, 504.31 W, 45, 2032 MHz, 3996 MHz, 42 %, 22 %
2026/09/22 01:12:17.862, 3, 563.62 W, 49, 2032 MHz, 3996 MHz, 0 %, 0 %
2026/09/22 01:12:17.862, 4, 180.89 W, 35, 120 MHz, 3996 MHz, 0 %, 0 %
2026/09/22 01:12:17.862, 5, 178.72 W, 34, 120 MHz, 3996 MHz, 0 %, 0 %
2026/09/22 01:12:17.862, 6, 179.13 W, 30, 120 MHz, 3996 MHz, 0 %, 0 %
2026/09/22 01:12:17.862, 7, 181.52 W, 30, 120 MHz, 3996 MHz, 0 %, 0 %
2026/09/22 01:12:18.863, 0, 830.74 W, 66, 2032 MHz, 3996 MHz, 95 %, 61 %
2026/09/22 01:12:18.863, 1, 848.27 W, 64, 2032 MHz, 3996 MHz, 100 %, 64 %
2026/09/22 01:12:18.863, 2, 838.46 W, 53, 2032 MHz, 3996 MHz, 85 %, 53 %
2026/09/22 01:12:18.863, 3, 856.63 W, 55, 2032 MHz, 3996 MHz, 100 %, 64 %
2026/09/22 01:12:18.863, 4, 181.11 W, 35, 120 MHz, 3996 MHz, 0 %, 0 %
2026/09/22 01:12:18.863, 5, 178.72 W, 34, 120 MHz, 3996 MHz, 0 %, 0 %
2026/09/22 01:12:18.863, 6, 178.84 W, 30, 120 MHz, 3996 MHz, 0 %, 0 %
2026/09/22 01:12:18.863, 7, 181.41 W, 30, 120 MHz, 3996 MHz, 0 %, 0 %
2026/09/22 01:12:19.863, 0, 867.97 W, 63, 2032 MHz, 3996 MHz, 100 %, 60 %
2026/09/22 01:12:19.863, 1, 810.33 W, 62, 2032 MHz, 3996 MHz, 100 %, 59 %
2026/09/22 01:12:19.863, 2, 796.24 W, 52, 2032 MHz, 3996 MHz, 100 %, 58 %
2026/09/22 01:12:19.863, 3, 828.04 W, 52, 2032 MHz, 3996 MHz, 100 %, 59 %
2026/09/22 01:12:19.863, 4, 181.09 W, 35, 120 MHz, 3996 MHz, 0 %, 0 %
2026/09/22 01:12:19.863, 5, 178.68 W, 34, 120 MHz, 3996 MHz, 0 %, 0 %
2026/09/22 01:12:19.863, 6, 178.87 W, 30, 120 MHz, 3996 MHz, 0 %, 0 %
2026/09/22 01:12:19.863, 7, 181.52 W, 30, 120 MHz, 3996 MHz, 0 %, 0 %
2026/09/22 01:12:20.863, 0, 510.21 W, 55, 2032 MHz, 3996 MHz, 14 %, 2 %
2026/09/22 01:12:20.863, 1, 501.22 W, 55, 2032 MHz, 3996 MHz, 2 %, 1 %
2026/09/22 01:12:20.863, 2, 437.58 W, 43, 2032 MHz, 3996 MHz, 0 %, 0 %
2026/09/22 01:12:20.863, 3, 478.90 W, 44, 2032 MHz, 3996 MHz, 10 %, 1 %
2026/09/22 01:12:20.863, 4, 180.93 W, 35, 120 MHz, 3996 MHz, 0 %, 0 %
2026/09/22 01:12:20.863, 5, 178.68 W, 34, 120 MHz, 3996 MHz, 0 %, 0 %
2026/09/22 01:12:20.863, 6, 178.94 W, 30, 120 MHz, 3996 MHz, 0 %, 0 %
2026/09/22 01:12:20.863, 7, 181.38 W, 30, 120 MHz, 3996 MHz, 0 %, 0 %
2026/09/22 01:12:21.863, 0, 809.61 W, 66, 1432 MHz, 3996 MHz, 100 %, 5 %
2026/09/22 01:12:21.863, 1, 873.96 W, 66, 1537 MHz, 3996 MHz, 27 %, 10 %
2026/09/22 01:12:21.863, 2, 871.79 W, 56, 1492 MHz, 3996 MHz, 100 %, 38 %
2026/09/22 01:12:21.863, 3, 830.52 W, 55, 1515 MHz, 3996 MHz, 100 %, 8 %
2026/09/22 01:12:21.863, 4, 180.70 W, 35, 120 MHz, 3996 MHz, 0 %, 0 %
2026/09/22 01:12:21.863, 5, 178.68 W, 34, 120 MHz, 3996 MHz, 0 %, 0 %
2026/09/22 01:12:21.863, 6, 178.68 W, 30, 120 MHz, 3996 MHz, 0 %, 0 %
2026/09/22 01:12:21.863, 7, 181.45 W, 30, 120 MHz, 3996 MHz, 0 %, 0 %
2026/09/22 01:12:22.864, 0, 1064.63 W, 68, 1425 MHz, 3996 MHz, 100 %, 36 %
2026/09/22 01:12:22.864, 1, 1063.28 W, 67, 1455 MHz, 3996 MHz, 100 %, 35 %
2026/09/22 01:12:22.864, 2, 1061.56 W, 58, 1575 MHz, 3996 MHz, 100 %, 35 %
2026/09/22 01:12:22.864, 3, 1080.81 W, 56, 1365 MHz, 3996 MHz, 100 %, 38 %
2026/09/22 01:12:22.864, 4, 180.69 W, 35, 120 MHz, 3996 MHz, 0 %, 0 %
2026/09/22 01:12:22.864, 5, 178.68 W, 34, 120 MHz, 3996 MHz, 0 %, 0 %
2026/09/22 01:12:22.864, 6, 178.48 W, 30, 120 MHz, 3996 MHz, 0 %, 0 %
2026/09/22 01:12:22.864, 7, 181.39 W, 30, 120 MHz, 3996 MHz, 0 %, 0 %
2026/09/22 01:12:23.864, 0, 1061.43 W, 69, 1500 MHz, 3996 MHz, 100 %, 35 %
2026/09/22 01:12:23.864, 1, 1062.80 W, 67, 1485 MHz, 3996 MHz, 100 %, 36 %
2026/09/22 01:12:23.864, 2, 1049.97 W, 58, 1590 MHz, 3996 MHz, 100 %, 36 %
2026/09/22 01:12:23.864, 3, 1059.62 W, 57, 1387 MHz, 3996 MHz, 100 %, 37 %
2026/09/22 01:12:23.864, 4, 180.66 W, 35, 120 MHz, 3996 MHz, 0 %, 0 %
2026/09/22 01:12:23.864, 5, 178.64 W, 33, 120 MHz, 3996 MHz, 0 %, 0 %
2026/09/22 01:12:23.864, 6, 178.34 W, 30, 120 MHz, 3996 MHz, 0 %, 0 %
2026/09/22 01:12:23.864, 7, 181.00 W, 30, 120 MHz, 3996 MHz, 0 %, 0 %
2026/09/22 01:12:24.864, 0, 1063.39 W, 69, 1380 MHz, 3996 MHz, 100 %, 37 %
2026/09/22 01:12:24.864, 1, 1053.28 W, 68, 1582 MHz, 3996 MHz, 100 %, 35 %
2026/09/22 01:12:24.864, 2, 1054.96 W, 58, 1582 MHz, 3996 MHz, 100 %, 35 %
2026/09/22 01:12:24.864, 3, 1053.46 W, 58, 1365 MHz, 3996 MHz, 100 %, 36 %
2026/09/22 01:12:24.864, 4, 180.61 W, 35, 120 MHz, 3996 MHz, 0 %, 0 %
2026/09/22 01:12:24.864, 5, 178.64 W, 33, 120 MHz, 3996 MHz, 0 %, 0 %
2026/09/22 01:12:24.864, 6, 178.56 W, 30, 120 MHz, 3996 MHz, 0 %, 0 %
2026/09/22 01:12:24.864, 7, 181.19 W, 30, 120 MHz, 3996 MHz, 0 %, 0 %
2026/09/22 01:12:25.864, 0, 1048.14 W, 68, 1777 MHz, 3996 MHz, 100 %, 37 %
2026/09/22 01:12:25.864, 1, 1029.55 W, 66, 2017 MHz, 3996 MHz, 100 %, 27 %
2026/09/22 01:12:25.864, 2, 1048.99 W, 58, 1597 MHz, 3996 MHz, 100 %, 37 %
2026/09/22 01:12:25.865, 3, 1053.48 W, 58, 1507 MHz, 3996 MHz, 100 %, 38 %
2026/09/22 01:12:25.865, 4, 180.62 W, 35, 120 MHz, 3996 MHz, 0 %, 0 %
2026/09/22 01:12:25.865, 5, 178.64 W, 33, 120 MHz, 3996 MHz, 0 %, 0 %
2026/09/22 01:12:25.865, 6, 178.35 W, 30, 120 MHz, 3996 MHz, 0 %, 0 %
2026/09/22 01:12:25.865, 7, 180.72 W, 30, 120 MHz, 3996 MHz, 0 %, 0 %
2026/09/22 01:12:26.865, 0, 1032.69 W, 66, 1980 MHz, 3996 MHz, 100 %, 53 %
2026/09/22 01:12:26.865, 1, 1039.39 W, 66, 1995 MHz, 3996 MHz, 100 %, 53 %
2026/09/22 01:12:26.865, 2, 1018.15 W, 57, 1987 MHz, 3996 MHz, 100 %, 54 %
2026/09/22 01:12:26.865, 3, 1014.66 W, 55, 1965 MHz, 3996 MHz, 100 %, 53 %
2026/09/22 01:12:26.865, 4, 180.62 W, 35, 120 MHz, 3996 MHz, 0 %, 0 %
2026/09/22 01:12:26.865, 5, 178.64 W, 33, 120 MHz, 3996 MHz, 0 %, 0 %
2026/09/22 01:12:26.865, 6, 178.17 W, 30, 120 MHz, 3996 MHz, 0 %, 0 %
2026/09/22 01:12:26.865, 7, 180.88 W, 30, 120 MHz, 3996 MHz, 0 %, 0 %
2026/09/22 01:12:27.865, 0, 1045.98 W, 68, 1950 MHz, 3996 MHz, 100 %, 56 %
2026/09/22 01:12:27.865, 1, 1041.28 W, 65, 1942 MHz, 3996 MHz, 100 %, 55 %
2026/09/22 01:12:27.865, 2, 1036.86 W, 57, 1942 MHz, 3996 MHz, 100 %, 55 %
2026/09/22 01:12:27.865, 3, 1042.15 W, 57, 1950 MHz, 3996 MHz, 100 %, 56 %
2026/09/22 01:12:27.865, 4, 180.58 W, 35, 120 MHz, 3996 MHz, 0 %, 0 %
2026/09/22 01:12:27.865, 5, 178.64 W, 33, 120 MHz, 3996 MHz, 0 %, 0 %
2026/09/22 01:12:27.865, 6, 178.32 W, 30, 120 MHz, 3996 MHz, 0 %, 0 %
2026/09/22 01:12:27.865, 7, 180.97 W, 30, 120 MHz, 3996 MHz, 0 %, 0 %
2026/09/22 01:12:28.865, 0, 1040.01 W, 68, 1950 MHz, 3996 MHz, 100 %, 55 %
2026/09/22 01:12:28.865, 1, 1046.77 W, 67, 1995 MHz, 3996 MHz, 100 %, 55 %
2026/09/22 01:12:28.865, 2, 1031.56 W, 57, 1965 MHz, 3996 MHz, 100 %, 55 %
2026/09/22 01:12:28.865, 3, 1042.90 W, 57, 2002 MHz, 3996 MHz, 100 %, 55 %
2026/09/22 01:12:28.865, 4, 180.66 W, 35, 120 MHz, 3996 MHz, 0 %, 0 %
2026/09/22 01:12:28.865, 5, 178.64 W, 33, 120 MHz, 3996 MHz, 0 %, 0 %
2026/09/22 01:12:28.865, 6, 178.01 W, 30, 120 MHz, 3996 MHz, 0 %, 0 %
2026/09/22 01:12:28.865, 7, 180.50 W, 30, 120 MHz, 3996 MHz, 0 %, 0 %
2026/09/22 01:12:29.866, 0, 1049.44 W, 68, 1927 MHz, 3996 MHz, 100 %, 55 %
2026/09/22 01:12:29.866, 1, 1050.02 W, 66, 1965 MHz, 3996 MHz, 100 %, 55 %
2026/09/22 01:12:29.866, 2, 1028.17 W, 55, 1957 MHz, 3996 MHz, 100 %, 56 %
2026/09/22 01:12:29.866, 3, 1032.63 W, 57, 1965 MHz, 3996 MHz, 100 %, 55 %
2026/09/22 01:12:29.866, 4, 180.58 W, 34, 120 MHz, 3996 MHz, 0 %, 0 %
2026/09/22 01:12:29.866, 5, 178.64 W, 33, 120 MHz, 3996 MHz, 0 %, 0 %
2026/09/22 01:12:29.866, 6, 177.78 W, 30, 120 MHz, 3996 MHz, 0 %, 0 %
2026/09/22 01:12:29.866, 7, 180.59 W, 30, 120 MHz, 3996 MHz, 0 %, 0 %
2026/09/22 01:12:30.866, 0, 1051.03 W, 67, 1942 MHz, 3996 MHz, 100 %, 55 %
2026/09/22 01:12:30.866, 1, 1054.95 W, 66, 1950 MHz, 3996 MHz, 100 %, 55 %
2026/09/22 01:12:30.866, 2, 1031.21 W, 57, 1957 MHz, 3996 MHz, 100 %, 55 %
2026/09/22 01:12:30.866, 3, 1029.90 W, 56, 1965 MHz, 3996 MHz, 100 %, 55 %
2026/09/22 01:12:30.866, 4, 180.58 W, 34, 120 MHz, 3996 MHz, 0 %, 0 %
2026/09/22 01:12:30.866, 5, 178.64 W, 33, 120 MHz, 3996 MHz, 0 %, 0 %
2026/09/22 01:12:30.866, 6, 177.90 W, 30, 120 MHz, 3996 MHz, 0 %, 0 %
2026/09/22 01:12:30.866, 7, 180.65 W, 30, 120 MHz, 3996 MHz, 0 %, 0 %
2026/09/22 01:12:31.866, 0, 1045.87 W, 67, 1927 MHz, 3996 MHz, 100 %, 56 %
2026/09/22 01:12:31.866, 1, 1048.02 W, 65, 1987 MHz, 3996 MHz, 100 %, 55 %
2026/09/22 01:12:31.866, 2, 1033.37 W, 57, 1972 MHz, 3996 MHz, 100 %, 55 %
2026/09/22 01:12:31.866, 3, 1037.17 W, 56, 1950 MHz, 3996 MHz, 100 %, 55 %
2026/09/22 01:12:31.866, 4, 180.58 W, 34, 120 MHz, 3996 MHz, 0 %, 0 %
2026/09/22 01:12:31.866, 5, 178.64 W, 33, 120 MHz, 3996 MHz, 0 %, 0 %
2026/09/22 01:12:31.866, 6, 177.95 W, 30, 120 MHz, 3996 MHz, 0 %, 0 %
2026/09/22 01:12:31.866, 7, 180.63 W, 29, 120 MHz, 3996 MHz, 0 %, 0 %
2026/09/22 01:12:32.866, 0, 1039.60 W, 67, 1965 MHz, 3996 MHz, 100 %, 55 %
2026/09/22 01:12:32.866, 1, 1049.71 W, 66, 1942 MHz, 3996 MHz, 100 %, 55 %
2026/09/22 01:12:32.866, 2, 1033.45 W, 55, 1965 MHz, 3996 MHz, 100 %, 55 %
2026/09/22 01:12:32.866, 3, 1042.66 W, 57, 1965 MHz, 3996 MHz, 100 %, 55 %
2026/09/22 01:12:32.866, 4, 180.58 W, 34, 120 MHz, 3996 MHz, 0 %, 0 %
2026/09/22 01:12:32.867, 5, 178.64 W, 33, 120 MHz, 3996 MHz, 0 %, 0 %
2026/09/22 01:12:32.867, 6, 178.04 W, 30, 120 MHz, 3996 MHz, 0 %, 0 %
2026/09/22 01:12:32.867, 7, 180.60 W, 29, 120 MHz, 3996 MHz, 0 %, 0 %
2026/09/22 01:12:33.867, 0, 1043.31 W, 67, 1972 MHz, 3996 MHz, 100 %, 55 %
2026/09/22 01:12:33.867, 1, 1053.92 W, 66, 1965 MHz, 3996 MHz, 100 %, 55 %
2026/09/22 01:12:33.867, 2, 1037.21 W, 57, 1965 MHz, 3996 MHz, 100 %, 56 %
2026/09/22 01:12:33.867, 3, 1043.31 W, 56, 1965 MHz, 3996 MHz, 100 %, 55 %
2026/09/22 01:12:33.867, 4, 180.58 W, 34, 120 MHz, 3996 MHz, 0 %, 0 %
2026/09/22 01:12:33.867, 5, 178.64 W, 33, 120 MHz, 3996 MHz, 0 %, 0 %
2026/09/22 01:12:33.867, 6, 177.77 W, 30, 120 MHz, 3996 MHz, 0 %, 0 %
2026/09/22 01:12:33.867, 7, 180.24 W, 29, 120 MHz, 3996 MHz, 0 %, 0 %
2026/09/22 01:12:34.867, 0, 1047.43 W, 68, 1950 MHz, 3996 MHz, 100 %, 56 %
2026/09/22 01:12:34.867, 1, 1049.02 W, 67, 1935 MHz, 3996 MHz, 100 %, 55 %
2026/09/22 01:12:34.867, 2, 1034.62 W, 56, 1965 MHz, 3996 MHz, 100 %, 55 %
2026/09/22 01:12:34.867, 3, 1035.32 W, 57, 1950 MHz, 3996 MHz, 100 %, 56 %
2026/09/22 01:12:34.867, 4, 180.58 W, 34, 120 MHz, 3996 MHz, 0 %, 0 %
2026/09/22 01:12:34.867, 5, 178.64 W, 33, 120 MHz, 3996 MHz, 0 %, 0 %
2026/09/22 01:12:34.867, 6, 177.88 W, 30, 120 MHz, 3996 MHz, 0 %, 0 %
2026/09/22 01:12:34.867, 7, 180.32 W, 29, 120 MHz, 3996 MHz, 0 %, 0 %
2026/09/22 01:12:35.867, 0, 1041.14 W, 67, 1935 MHz, 3996 MHz, 100 %, 55 %
2026/09/22 01:12:35.867, 1, 1047.53 W, 66, 1950 MHz, 3996 MHz, 100 %, 55 %
2026/09/22 01:12:35.867, 2, 1042.40 W, 57, 1957 MHz, 3996 MHz, 100 %, 55 %
2026/09/22 01:12:35.867, 3, 1039.37 W, 56, 1965 MHz, 3996 MHz, 100 %, 55 %
2026/09/22 01:12:35.867, 4, 180.58 W, 34, 120 MHz, 3996 MHz, 0 %, 0 %
2026/09/22 01:12:35.867, 5, 178.64 W, 33, 120 MHz, 3996 MHz, 0 %, 0 %
2026/09/22 01:12:35.867, 6, 177.73 W, 30, 120 MHz, 3996 MHz, 0 %, 0 %
2026/09/22 01:12:35.867, 7, 180.09 W, 29, 120 MHz, 3996 MHz, 0 %, 0 %
2026/09/22 01:12:36.867, 0, 1047.20 W, 68, 1980 MHz, 3996 MHz, 100 %, 56 %
2026/09/22 01:12:36.867, 1, 1045.79 W, 66, 1942 MHz, 3996 MHz, 100 %, 56 %
2026/09/22 01:12:36.868, 2, 1036.96 W, 56, 1957 MHz, 3996 MHz, 100 %, 55 %
2026/09/22 01:12:36.868, 3, 1043.80 W, 57, 1980 MHz, 3996 MHz, 100 %, 56 %
2026/09/22 01:12:36.868, 4, 180.58 W, 34, 120 MHz, 3996 MHz, 0 %, 0 %
2026/09/22 01:12:36.868, 5, 178.64 W, 33, 120 MHz, 3996 MHz, 0 %, 0 %
2026/09/22 01:12:36.868, 6, 177.82 W, 30, 120 MHz, 3996 MHz, 0 %, 0 %
2026/09/22 01:12:36.868, 7, 180.17 W, 29, 120 MHz, 3996 MHz, 0 %, 0 %
2026/09/22 01:12:37.868, 0, 1047.05 W, 67, 1935 MHz, 3996 MHz, 100 %, 55 %
2026/09/22 01:12:37.868, 1, 1047.78 W, 66, 1972 MHz, 3996 MHz, 100 %, 55 %
2026/09/22 01:12:37.868, 2, 1038.75 W, 57, 1965 MHz, 3996 MHz, 100 %, 55 %
2026/09/22 01:12:37.868, 3, 1034.60 W, 56, 1965 MHz, 3996 MHz, 100 %, 55 %
2026/09/22 01:12:37.868, 4, 180.58 W, 34, 120 MHz, 3996 MHz, 0 %, 0 %
2026/09/22 01:12:37.868, 5, 178.64 W, 33, 120 MHz, 3996 MHz, 0 %, 0 %
2026/09/22 01:12:37.868, 6, 177.71 W, 30, 120 MHz, 3996 MHz, 0 %, 0 %
2026/09/22 01:12:37.868, 7, 180.42 W, 29, 120 MHz, 3996 MHz, 0 %, 0 %
2026/09/22 01:12:38.868, 0, 771.48 W, 63, 1965 MHz, 3996 MHz, 100 %, 55 %
2026/09/22 01:12:38.868, 1, 834.49 W, 64, 1980 MHz, 3996 MHz, 100 %, 55 %
2026/09/22 01:12:38.868, 2, 771.84 W, 55, 1995 MHz, 3996 MHz, 100 %, 55 %
2026/09/22 01:12:38.868, 3, 802.67 W, 53, 2002 MHz, 3996 MHz, 100 %, 55 %
2026/09/22 01:12:38.868, 4, 180.58 W, 34, 120 MHz, 3996 MHz, 0 %, 0 %
2026/09/22 01:12:38.868, 5, 178.64 W, 33, 120 MHz, 3996 MHz, 0 %, 0 %
2026/09/22 01:12:38.868, 6, 177.69 W, 30, 120 MHz, 3996 MHz, 0 %, 0 %
2026/09/22 01:12:38.868, 7, 180.08 W, 29, 120 MHz, 3996 MHz, 0 %, 0 %
2026/09/22 01:12:39.868, 0, 811.48 W, 58, 2032 MHz, 3996 MHz, 100 %, 8 %
2026/09/22 01:12:39.868, 1, 815.60 W, 59, 2025 MHz, 3996 MHz, 30 %, 14 %
2026/09/22 01:12:39.868, 2, 755.96 W, 50, 2025 MHz, 3996 MHz, 48 %, 22 %
2026/09/22 01:12:39.868, 3, 803.76 W, 47, 2002 MHz, 3996 MHz, 100 %, 8 %
2026/09/22 01:12:39.868, 4, 180.58 W, 34, 120 MHz, 3996 MHz, 0 %, 0 %
2026/09/22 01:12:39.868, 5, 178.64 W, 32, 120 MHz, 3996 MHz, 0 %, 0 %
2026/09/22 01:12:39.868, 6, 177.71 W, 29, 120 MHz, 3996 MHz, 0 %, 0 %
2026/09/22 01:12:39.868, 7, 180.15 W, 29, 120 MHz, 3996 MHz, 0 %, 0 %
2026/09/22 01:12:40.869, 0, 772.53 W, 61, 2032 MHz, 3996 MHz, 67 %, 35 %
2026/09/22 01:12:40.869, 1, 691.60 W, 58, 2032 MHz, 3996 MHz, 100 %, 30 %
2026/09/22 01:12:40.869, 2, 705.67 W, 47, 2032 MHz, 3996 MHz, 100 %, 8 %
2026/09/22 01:12:40.869, 3, 700.21 W, 47, 2032 MHz, 3996 MHz, 100 %, 32 %
2026/09/22 01:12:40.869, 4, 180.58 W, 34, 120 MHz, 3996 MHz, 0 %, 0 %
2026/09/22 01:12:40.869, 5, 178.64 W, 32, 120 MHz, 3996 MHz, 0 %, 0 %
2026/09/22 01:12:40.869, 6, 177.84 W, 29, 120 MHz, 3996 MHz, 0 %, 0 %
2026/09/22 01:12:40.869, 7, 179.92 W, 29, 120 MHz, 3996 MHz, 0 %, 0 %
2026/09/22 01:12:41.869, 0, 746.77 W, 57, 2032 MHz, 3996 MHz, 100 %, 8 %
2026/09/22 01:12:41.869, 1, 764.97 W, 58, 2025 MHz, 3996 MHz, 100 %, 8 %
2026/09/22 01:12:41.869, 2, 812.08 W, 53, 1965 MHz, 3996 MHz, 100 %, 44 %
2026/09/22 01:12:41.869, 3, 733.94 W, 46, 2002 MHz, 3996 MHz, 100 %, 8 %
2026/09/22 01:12:41.869, 4, 180.58 W, 34, 120 MHz, 3996 MHz, 0 %, 0 %
2026/09/22 01:12:41.869, 5, 178.64 W, 32, 120 MHz, 3996 MHz, 0 %, 0 %
2026/09/22 01:12:41.869, 6, 177.71 W, 29, 120 MHz, 3996 MHz, 0 %, 0 %
2026/09/22 01:12:41.869, 7, 180.14 W, 29, 120 MHz, 3996 MHz, 0 %, 0 %
2026/09/22 01:12:42.869, 0, 630.62 W, 57, 2032 MHz, 3996 MHz, 98 %, 33 %
2026/09/22 01:12:42.869, 1, 651.52 W, 58, 2032 MHz, 3996 MHz, 58 %, 31 %
2026/09/22 01:12:42.869, 2, 574.77 W, 45, 2032 MHz, 3996 MHz, 94 %, 10 %
2026/09/22 01:12:42.869, 3, 632.11 W, 45, 2032 MHz, 3996 MHz, 99 %, 30 %
2026/09/22 01:12:42.869, 4, 180.58 W, 34, 120 MHz, 3996 MHz, 0 %, 0 %
2026/09/22 01:12:42.869, 5, 178.64 W, 32, 120 MHz, 3996 MHz, 0 %, 0 %
2026/09/22 01:12:42.869, 6, 177.60 W, 29, 120 MHz, 3996 MHz, 0 %, 0 %
2026/09/22 01:12:42.869, 7, 179.87 W, 29, 120 MHz, 3996 MHz, 0 %, 0 %
2026/09/22 01:12:43.869, 0, 651.96 W, 57, 2032 MHz, 3996 MHz, 100 %, 16 %
2026/09/22 01:12:43.869, 1, 630.78 W, 58, 2032 MHz, 3996 MHz, 35 %, 15 %
2026/09/22 01:12:43.869, 2, 645.15 W, 45, 2032 MHz, 3996 MHz, 93 %, 36 %
2026/09/22 01:12:43.869, 3, 585.78 W, 45, 2032 MHz, 3996 MHz, 100 %, 11 %
2026/09/22 01:12:43.869, 4, 180.58 W, 34, 120 MHz, 3996 MHz, 0 %, 0 %
2026/09/22 01:12:43.869, 5, 178.64 W, 32, 120 MHz, 3996 MHz, 0 %, 0 %
2026/09/22 01:12:43.869, 6, 177.60 W, 29, 120 MHz, 3996 MHz, 0 %, 0 %
2026/09/22 01:12:43.869, 7, 179.89 W, 29, 120 MHz, 3996 MHz, 0 %, 0 %
2026/09/22 01:12:44.870, 0, 708.18 W, 57, 2032 MHz, 3996 MHz, 98 %, 37 %
2026/09/22 01:12:44.870, 1, 697.21 W, 56, 2032 MHz, 3996 MHz, 100 %, 35 %
2026/09/22 01:12:44.870, 2, 659.69 W, 45, 2032 MHz, 3996 MHz, 95 %, 31 %
2026/09/22 01:12:44.870, 3, 716.36 W, 47, 2032 MHz, 3996 MHz, 80 %, 42 %
2026/09/22 01:12:44.870, 4, 180.58 W, 34, 120 MHz, 3996 MHz, 0 %, 0 %
2026/09/22 01:12:44.870, 5, 178.64 W, 32, 120 MHz, 3996 MHz, 0 %, 0 %
2026/09/22 01:12:44.870, 6, 177.66 W, 29, 120 MHz, 3996 MHz, 0 %, 0 %
2026/09/22 01:12:44.870, 7, 179.89 W, 29, 120 MHz, 3996 MHz, 0 %, 0 %
2026/09/22 01:12:45.870, 0, 577.60 W, 58, 2032 MHz, 3996 MHz, 95 %, 21 %
2026/09/22 01:12:45.870, 1, 619.36 W, 57, 2032 MHz, 3996 MHz, 53 %, 27 %
2026/09/22 01:12:45.870, 2, 549.64 W, 47, 2032 MHz, 3996 MHz, 100 %, 18 %
2026/09/22 01:12:45.870, 3, 591.19 W, 47, 2032 MHz, 3996 MHz, 95 %, 23 %
2026/09/22 01:12:45.870, 4, 180.58 W, 33, 120 MHz, 3996 MHz, 0 %, 0 %
2026/09/22 01:12:45.870, 5, 178.64 W, 32, 120 MHz, 3996 MHz, 0 %, 0 %
2026/09/22 01:12:45.870, 6, 177.62 W, 29, 120 MHz, 3996 MHz, 0 %, 0 %
2026/09/22 01:12:45.870, 7, 179.97 W, 29, 120 MHz, 3996 MHz, 0 %, 0 %
2026/09/22 01:12:46.870, 0, 616.87 W, 54, 2032 MHz, 3996 MHz, 100 %, 8 %
2026/09/22 01:12:46.870, 1, 647.03 W, 57, 2010 MHz, 3996 MHz, 34 %, 14 %
2026/09/22 01:12:46.870, 2, 596.12 W, 47, 2032 MHz, 3996 MHz, 59 %, 29 %
2026/09/22 01:12:46.870, 3, 650.97 W, 43, 2025 MHz, 3996 MHz, 100 %, 8 %
2026/09/22 01:12:46.870, 4, 180.58 W, 33, 120 MHz, 3996 MHz, 0 %, 0 %
2026/09/22 01:12:46.870, 5, 178.64 W, 32, 120 MHz, 3996 MHz, 0 %, 0 %
2026/09/22 01:12:46.870, 6, 177.61 W, 29, 120 MHz, 3996 MHz, 0 %, 0 %
2026/09/22 01:12:46.870, 7, 179.71 W, 29, 120 MHz, 3996 MHz, 0 %, 0 %
2026/09/22 01:12:47.870, 0, 696.86 W, 55, 2032 MHz, 3996 MHz, 100 %, 21 %
2026/09/22 01:12:47.870, 1, 621.87 W, 59, 2032 MHz, 3996 MHz, 100 %, 14 %
2026/09/22 01:12:47.870, 2, 662.42 W, 49, 2017 MHz, 3996 MHz, 74 %, 35 %
2026/09/22 01:12:47.870, 3, 638.35 W, 46, 2032 MHz, 3996 MHz, 51 %, 23 %
2026/09/22 01:12:47.870, 4, 180.58 W, 33, 120 MHz, 3996 MHz, 0 %, 0 %
2026/09/22 01:12:47.870, 5, 178.64 W, 32, 120 MHz, 3996 MHz, 0 %, 0 %
2026/09/22 01:12:47.870, 6, 177.60 W, 29, 120 MHz, 3996 MHz, 0 %, 0 %
2026/09/22 01:12:47.870, 7, 179.90 W, 29, 120 MHz, 3996 MHz, 0 %, 0 %
2026/09/22 01:12:48.871, 0, 658.33 W, 56, 2032 MHz, 3996 MHz, 95 %, 35 %
2026/09/22 01:12:48.871, 1, 650.27 W, 55, 2032 MHz, 3996 MHz, 95 %, 37 %
2026/09/22 01:12:48.871, 2, 625.55 W, 44, 2032 MHz, 3996 MHz, 100 %, 8 %
2026/09/22 01:12:48.871, 3, 621.58 W, 46, 2032 MHz, 3996 MHz, 95 %, 34 %
2026/09/22 01:12:48.871, 4, 180.58 W, 33, 120 MHz, 3996 MHz, 0 %, 0 %
2026/09/22 01:12:48.871, 5, 178.64 W, 32, 120 MHz, 3996 MHz, 0 %, 0 %
2026/09/22 01:12:48.871, 6, 177.57 W, 29, 120 MHz, 3996 MHz, 0 %, 0 %
2026/09/22 01:12:48.871, 7, 179.88 W, 29, 120 MHz, 3996 MHz, 0 %, 0 %
2026/09/22 01:12:49.871, 0, 652.13 W, 58, 2032 MHz, 3996 MHz, 48 %, 25 %
2026/09/22 01:12:49.871, 1, 639.61 W, 56, 2032 MHz, 3996 MHz, 94 %, 29 %
2026/09/22 01:12:49.871, 2, 602.91 W, 46, 2032 MHz, 3996 MHz, 100 %, 16 %
2026/09/22 01:12:49.871, 3, 620.73 W, 47, 2032 MHz, 3996 MHz, 94 %, 24 %
2026/09/22 01:12:49.871, 4, 180.58 W, 33, 120 MHz, 3996 MHz, 0 %, 0 %
2026/09/22 01:12:49.871, 5, 178.64 W, 32, 120 MHz, 3996 MHz, 0 %, 0 %
2026/09/22 01:12:49.871, 6, 177.64 W, 29, 120 MHz, 3996 MHz, 0 %, 0 %
2026/09/22 01:12:49.871, 7, 179.64 W, 29, 120 MHz, 3996 MHz, 0 %, 0 %
2026/09/22 01:12:50.871, 0, 664.52 W, 61, 2025 MHz, 3996 MHz, 94 %, 19 %
2026/09/22 01:12:50.871, 1, 648.32 W, 55, 2032 MHz, 3996 MHz, 94 %, 18 %
2026/09/22 01:12:50.871, 2, 638.09 W, 50, 2032 MHz, 3996 MHz, 98 %, 23 %
2026/09/22 01:12:50.871, 3, 651.34 W, 49, 2032 MHz, 3996 MHz, 55 %, 25 %
2026/09/22 01:12:50.871, 4, 180.58 W, 33, 120 MHz, 3996 MHz, 0 %, 0 %
2026/09/22 01:12:50.871, 5, 178.64 W, 32, 120 MHz, 3996 MHz, 0 %, 0 %
2026/09/22 01:12:50.871, 6, 177.55 W, 29, 120 MHz, 3996 MHz, 0 %, 0 %
2026/09/22 01:12:50.871, 7, 179.70 W, 29, 120 MHz, 3996 MHz, 0 %, 0 %
2026/09/22 01:12:51.871, 0, 668.50 W, 62, 2032 MHz, 3996 MHz, 100 %, 28 %
2026/09/22 01:12:51.871, 1, 649.85 W, 56, 2032 MHz, 3996 MHz, 100 %, 23 %
2026/09/22 01:12:51.871, 2, 660.80 W, 51, 2032 MHz, 3996 MHz, 78 %, 33 %
2026/09/22 01:12:51.871, 3, 637.54 W, 49, 2032 MHz, 3996 MHz, 100 %, 22 %
2026/09/22 01:12:51.871, 4, 180.58 W, 33, 120 MHz, 3996 MHz, 0 %, 0 %
2026/09/22 01:12:51.871, 5, 178.64 W, 32, 120 MHz, 3996 MHz, 0 %, 0 %
2026/09/22 01:12:51.872, 6, 177.62 W, 29, 120 MHz, 3996 MHz, 0 %, 0 %
2026/09/22 01:12:51.872, 7, 179.67 W, 29, 120 MHz, 3996 MHz, 0 %, 0 %
2026/09/22 01:12:52.872, 0, 790.03 W, 59, 2032 MHz, 3996 MHz, 94 %, 30 %
2026/09/22 01:12:52.872, 1, 819.20 W, 58, 2032 MHz, 3996 MHz, 94 %, 33 %
2026/09/22 01:12:52.872, 2, 749.82 W, 50, 2032 MHz, 3996 MHz, 47 %, 23 %
2026/09/22 01:12:52.872, 3, 783.51 W, 49, 2032 MHz, 3996 MHz, 94 %, 32 %
2026/09/22 01:12:52.872, 4, 180.58 W, 33, 120 MHz, 3996 MHz, 0 %, 0 %
2026/09/22 01:12:52.872, 5, 178.64 W, 32, 120 MHz, 3996 MHz, 0 %, 0 %
2026/09/22 01:12:52.872, 6, 177.63 W, 29, 120 MHz, 3996 MHz, 0 %, 0 %
2026/09/22 01:12:52.872, 7, 179.81 W, 29, 120 MHz, 3996 MHz, 0 %, 0 %
2026/09/22 01:12:53.872, 0, 668.68 W, 57, 2032 MHz, 3996 MHz, 40 %, 18 %
2026/09/22 01:12:53.872, 1, 672.14 W, 57, 2032 MHz, 3996 MHz, 100 %, 16 %
2026/09/22 01:12:53.872, 2, 648.50 W, 45, 2032 MHz, 3996 MHz, 100 %, 20 %
2026/09/22 01:12:53.872, 3, 636.95 W, 46, 2032 MHz, 3996 MHz, 100 %, 16 %
2026/09/22 01:12:53.872, 4, 180.58 W, 33, 120 MHz, 3996 MHz, 0 %, 0 %
2026/09/22 01:12:53.872, 5, 178.64 W, 32, 120 MHz, 3996 MHz, 0 %, 0 %
2026/09/22 01:12:53.872, 6, 177.64 W, 29, 120 MHz, 3996 MHz, 0 %, 0 %
2026/09/22 01:12:53.872, 7, 179.67 W, 29, 120 MHz, 3996 MHz, 0 %, 0 %
2026/09/22 01:12:54.872, 0, 586.97 W, 54, 2032 MHz, 3996 MHz, 100 %, 35 %
2026/09/22 01:12:54.872, 1, 666.26 W, 55, 2032 MHz, 3996 MHz, 76 %, 38 %
2026/09/22 01:12:54.872, 2, 564.91 W, 44, 2032 MHz, 3996 MHz, 95 %, 38 %
2026/09/22 01:12:54.872, 3, 660.38 W, 45, 2032 MHz, 3996 MHz, 100 %, 34 %
2026/09/22 01:12:54.872, 4, 180.51 W, 33, 120 MHz, 3996 MHz, 0 %, 0 %
2026/09/22 01:12:54.872, 5, 178.64 W, 32, 120 MHz, 3996 MHz, 0 %, 0 %
2026/09/22 01:12:54.872, 6, 177.55 W, 29, 120 MHz, 3996 MHz, 0 %, 0 %
2026/09/22 01:12:54.872, 7, 179.66 W, 29, 120 MHz, 3996 MHz, 0 %, 0 %
2026/09/22 01:12:55.872, 0, 563.23 W, 53, 2032 MHz, 3996 MHz, 95 %, 8 %
2026/09/22 01:12:55.873, 1, 629.86 W, 58, 2032 MHz, 3996 MHz, 30 %, 13 %
2026/09/22 01:12:55.873, 2, 523.83 W, 42, 2032 MHz, 3996 MHz, 95 %, 8 %
2026/09/22 01:12:55.873, 3, 585.03 W, 46, 2032 MHz, 3996 MHz, 97 %, 7 %
2026/09/22 01:12:55.873, 4, 180.58 W, 33, 120 MHz, 3996 MHz, 0 %, 0 %
2026/09/22 01:12:55.873, 5, 178.64 W, 32, 120 MHz, 3996 MHz, 0 %, 0 %
2026/09/22 01:12:55.873, 6, 177.56 W, 29, 120 MHz, 3996 MHz, 0 %, 0 %
2026/09/22 01:12:55.873, 7, 179.67 W, 29, 120 MHz, 3996 MHz, 0 %, 0 %
2026/09/22 01:12:56.873, 0, 659.60 W, 52, 2032 MHz, 3996 MHz, 100 %, 8 %
2026/09/22 01:12:56.873, 1, 614.48 W, 56, 2032 MHz, 3996 MHz, 100 %, 8 %
2026/09/22 01:12:56.873, 2, 684.00 W, 42, 2032 MHz, 3996 MHz, 100 %, 8 %
2026/09/22 01:12:56.873, 3, 648.34 W, 46, 2032 MHz, 3996 MHz, 29 %, 13 %
2026/09/22 01:12:56.873, 4, 180.58 W, 33, 120 MHz, 3996 MHz, 0 %, 0 %
2026/09/22 01:12:56.873, 5, 178.64 W, 32, 120 MHz, 3996 MHz, 0 %, 0 %
2026/09/22 01:12:56.873, 6, 177.54 W, 29, 120 MHz, 3996 MHz, 0 %, 0 %
2026/09/22 01:12:56.873, 7, 179.60 W, 29, 120 MHz, 3996 MHz, 0 %, 0 %
2026/09/22 01:12:57.873, 0, 709.14 W, 56, 2032 MHz, 3996 MHz, 40 %, 18 %
2026/09/22 01:12:57.873, 1, 645.68 W, 58, 2032 MHz, 3996 MHz, 100 %, 17 %
2026/09/22 01:12:57.873, 2, 658.63 W, 45, 2032 MHz, 3996 MHz, 100 %, 23 %
2026/09/22 01:12:57.873, 3, 572.29 W, 46, 2032 MHz, 3996 MHz, 100 %, 10 %
2026/09/22 01:12:57.873, 4, 180.54 W, 33, 120 MHz, 3996 MHz, 0 %, 0 %
2026/09/22 01:12:57.873, 5, 178.64 W, 32, 120 MHz, 3996 MHz, 0 %, 0 %
2026/09/22 01:12:57.873, 6, 177.62 W, 29, 120 MHz, 3996 MHz, 0 %, 0 %
2026/09/22 01:12:57.873, 7, 179.57 W, 29, 120 MHz, 3996 MHz, 0 %, 0 %
2026/09/22 01:12:58.873, 0, 614.68 W, 57, 2032 MHz, 3996 MHz, 100 %, 30 %
2026/09/22 01:12:58.873, 1, 613.87 W, 55, 2032 MHz, 3996 MHz, 89 %, 22 %
2026/09/22 01:12:58.873, 2, 624.85 W, 45, 2032 MHz, 3996 MHz, 100 %, 28 %
2026/09/22 01:12:58.873, 3, 636.89 W, 47, 2032 MHz, 3996 MHz, 59 %, 28 %
2026/09/22 01:12:58.873, 4, 180.58 W, 33, 120 MHz, 3996 MHz, 0 %, 0 %
2026/09/22 01:12:58.873, 5, 178.64 W, 32, 120 MHz, 3996 MHz, 0 %, 0 %
2026/09/22 01:12:58.873, 6, 177.62 W, 29, 120 MHz, 3996 MHz, 0 %, 0 %
2026/09/22 01:12:58.873, 7, 179.55 W, 29, 120 MHz, 3996 MHz, 0 %, 0 %
2026/09/22 01:12:59.874, 0, 713.08 W, 59, 2017 MHz, 3996 MHz, 100 %, 56 %
2026/09/22 01:12:59.874, 1, 653.33 W, 54, 2032 MHz, 3996 MHz, 100 %, 55 %
2026/09/22 01:12:59.874, 2, 638.54 W, 50, 2025 MHz, 3996 MHz, 100 %, 56 %
2026/09/22 01:12:59.874, 3, 649.29 W, 44, 2032 MHz, 3996 MHz, 100 %, 55 %
2026/09/22 01:12:59.874, 4, 180.54 W, 33, 120 MHz, 3996 MHz, 0 %, 0 %
2026/09/22 01:12:59.874, 5, 178.64 W, 32, 120 MHz, 3996 MHz, 0 %, 0 %
2026/09/22 01:12:59.874, 6, 177.60 W, 29, 120 MHz, 3996 MHz, 0 %, 0 %
2026/09/22 01:12:59.874, 7, 179.64 W, 29, 120 MHz, 3996 MHz, 0 %, 0 %
2026/09/22 01:13:00.874, 0, 634.47 W, 56, 2032 MHz, 3996 MHz, 94 %, 33 %
2026/09/22 01:13:00.874, 1, 629.64 W, 53, 2032 MHz, 3996 MHz, 94 %, 35 %
2026/09/22 01:13:00.874, 2, 656.21 W, 50, 2017 MHz, 3996 MHz, 60 %, 30 %
2026/09/22 01:13:00.874, 3, 615.09 W, 43, 2032 MHz, 3996 MHz, 93 %, 34 %
2026/09/22 01:13:00.874, 4, 180.51 W, 33, 120 MHz, 3996 MHz, 0 %, 0 %
2026/09/22 01:13:00.874, 5, 178.64 W, 32, 120 MHz, 3996 MHz, 0 %, 0 %
2026/09/22 01:13:00.874, 6, 177.61 W, 29, 120 MHz, 3996 MHz, 0 %, 0 %
2026/09/22 01:13:00.874, 7, 179.72 W, 29, 120 MHz, 3996 MHz, 0 %, 0 %
2026/09/22 01:13:01.874, 0, 589.41 W, 57, 2032 MHz, 3996 MHz, 77 %, 30 %
2026/09/22 01:13:01.874, 1, 628.17 W, 56, 2032 MHz, 3996 MHz, 100 %, 25 %
2026/09/22 01:13:01.874, 2, 605.90 W, 49, 2017 MHz, 3996 MHz, 86 %, 42 %
2026/09/22 01:13:01.874, 3, 582.15 W, 46, 2032 MHz, 3996 MHz, 100 %, 27 %
2026/09/22 01:13:01.874, 4, 180.54 W, 33, 120 MHz, 3996 MHz, 0 %, 0 %
2026/09/22 01:13:01.874, 5, 178.64 W, 32, 120 MHz, 3996 MHz, 0 %, 0 %
2026/09/22 01:13:01.874, 6, 177.57 W, 29, 120 MHz, 3996 MHz, 0 %, 0 %
2026/09/22 01:13:01.874, 7, 179.61 W, 29, 120 MHz, 3996 MHz, 0 %, 0 %
2026/09/22 01:13:02.874, 0, 572.90 W, 53, 2032 MHz, 3996 MHz, 43 %, 19 %
2026/09/22 01:13:02.874, 1, 614.08 W, 55, 2017 MHz, 3996 MHz, 100 %, 9 %
2026/09/22 01:13:02.874, 2, 629.72 W, 42, 2032 MHz, 3996 MHz, 100 %, 16 %
2026/09/22 01:13:02.874, 3, 571.63 W, 45, 2032 MHz, 3996 MHz, 100 %, 9 %
2026/09/22 01:13:02.874, 4, 180.54 W, 33, 120 MHz, 3996 MHz, 0 %, 0 %
2026/09/22 01:13:02.874, 5, 178.64 W, 32, 120 MHz, 3996 MHz, 0 %, 0 %
2026/09/22 01:13:02.874, 6, 177.60 W, 29, 120 MHz, 3996 MHz, 0 %, 0 %
2026/09/22 01:13:02.875, 7, 179.63 W, 29, 120 MHz, 3996 MHz, 0 %, 0 %
2026/09/22 01:13:03.875, 0, 701.65 W, 54, 2032 MHz, 3996 MHz, 100 %, 36 %
2026/09/22 01:13:03.875, 1, 684.32 W, 54, 2032 MHz, 3996 MHz, 100 %, 37 %
2026/09/22 01:13:03.875, 2, 689.85 W, 46, 2032 MHz, 3996 MHz, 91 %, 46 %
2026/09/22 01:13:03.875, 3, 615.62 W, 43, 2032 MHz, 3996 MHz, 100 %, 32 %
2026/09/22 01:13:03.875, 4, 180.58 W, 33, 120 MHz, 3996 MHz, 0 %, 0 %
2026/09/22 01:13:03.875, 5, 178.64 W, 32, 120 MHz, 3996 MHz, 0 %, 0 %
2026/09/22 01:13:03.875, 6, 177.56 W, 29, 120 MHz, 3996 MHz, 0 %, 0 %
2026/09/22 01:13:03.875, 7, 179.59 W, 29, 120 MHz, 3996 MHz, 0 %, 0 %
2026/09/22 01:13:04.875, 0, 570.51 W, 52, 2032 MHz, 3996 MHz, 100 %, 8 %
2026/09/22 01:13:04.875, 1, 592.61 W, 58, 2010 MHz, 3996 MHz, 100 %, 8 %
2026/09/22 01:13:04.875, 2, 566.52 W, 42, 2010 MHz, 3996 MHz, 100 %, 8 %
2026/09/22 01:13:04.875, 3, 642.07 W, 49, 2025 MHz, 3996 MHz, 29 %, 13 %
2026/09/22 01:13:04.875, 4, 180.39 W, 33, 120 MHz, 3996 MHz, 0 %, 0 %
2026/09/22 01:13:04.875, 5, 178.64 W, 32, 120 MHz, 3996 MHz, 0 %, 0 %
2026/09/22 01:13:04.875, 6, 177.60 W, 29, 120 MHz, 3996 MHz, 0 %, 0 %
2026/09/22 01:13:04.875, 7, 179.73 W, 29, 120 MHz, 3996 MHz, 0 %, 0 %
2026/09/22 01:13:05.875, 0, 697.17 W, 58, 1980 MHz, 3996 MHz, 94 %, 49 %
2026/09/22 01:13:05.875, 1, 708.90 W, 56, 1987 MHz, 3996 MHz, 94 %, 52 %
2026/09/22 01:13:05.875, 2, 700.30 W, 47, 2025 MHz, 3996 MHz, 94 %, 43 %
2026/09/22 01:13:05.875, 3, 721.39 W, 46, 2017 MHz, 3996 MHz, 94 %, 53 %
2026/09/22 01:13:05.875, 4, 180.39 W, 33, 120 MHz, 3996 MHz, 0 %, 0 %
2026/09/22 01:13:05.875, 5, 178.64 W, 32, 120 MHz, 3996 MHz, 0 %, 0 %
2026/09/22 01:13:05.875, 6, 177.62 W, 29, 120 MHz, 3996 MHz, 0 %, 0 %
2026/09/22 01:13:05.875, 7, 179.71 W, 29, 120 MHz, 3996 MHz, 0 %, 0 %
2026/09/22 01:13:06.875, 0, 760.18 W, 56, 2032 MHz, 3996 MHz, 94 %, 33 %
2026/09/22 01:13:06.875, 1, 720.10 W, 58, 2032 MHz, 3996 MHz, 100 %, 21 %
2026/09/22 01:13:06.875, 2, 698.19 W, 46, 2032 MHz, 3996 MHz, 77 %, 40 %
2026/09/22 01:13:06.875, 3, 669.37 W, 48, 2032 MHz, 3996 MHz, 100 %, 25 %
2026/09/22 01:13:06.875, 4, 180.36 W, 33, 120 MHz, 3996 MHz, 0 %, 0 %
2026/09/22 01:13:06.876, 5, 178.64 W, 32, 120 MHz, 3996 MHz, 0 %, 0 %
2026/09/22 01:13:06.876, 6, 177.57 W, 29, 120 MHz, 3996 MHz, 0 %, 0 %
2026/09/22 01:13:06.876, 7, 179.54 W, 29, 120 MHz, 3996 MHz, 0 %, 0 %
2026/09/22 01:13:07.876, 0, 640.08 W, 56, 2025 MHz, 3996 MHz, 100 %, 8 %
2026/09/22 01:13:07.876, 1, 594.65 W, 52, 2032 MHz, 3996 MHz, 30 %, 14 %
2026/09/22 01:13:07.876, 2, 569.17 W, 42, 1980 MHz, 3996 MHz, 100 %, 8 %
2026/09/22 01:13:07.876, 3, 576.25 W, 44, 1995 MHz, 3996 MHz, 100 %, 8 %
2026/09/22 01:13:07.876, 4, 180.39 W, 33, 120 MHz, 3996 MHz, 0 %, 0 %
2026/09/22 01:13:07.876, 5, 178.64 W, 32, 120 MHz, 3996 MHz, 0 %, 0 %
2026/09/22 01:13:07.876, 6, 177.60 W, 29, 120 MHz, 3996 MHz, 0 %, 0 %
2026/09/22 01:13:07.876, 7, 179.64 W, 29, 120 MHz, 3996 MHz, 0 %, 0 %
2026/09/22 01:13:08.876, 0, 664.32 W, 55, 2032 MHz, 3996 MHz, 100 %, 17 %
2026/09/22 01:13:08.876, 1, 692.72 W, 58, 1980 MHz, 3996 MHz, 100 %, 9 %
2026/09/22 01:13:08.876, 2, 668.53 W, 45, 2032 MHz, 3996 MHz, 45 %, 19 %
2026/09/22 01:13:08.876, 3, 691.53 W, 48, 1965 MHz, 3996 MHz, 100 %, 9 %
2026/09/22 01:13:08.876, 4, 180.54 W, 33, 120 MHz, 3996 MHz, 0 %, 0 %
2026/09/22 01:13:08.876, 5, 178.64 W, 32, 120 MHz, 3996 MHz, 0 %, 0 %
2026/09/22 01:13:08.876, 6, 177.55 W, 29, 120 MHz, 3996 MHz, 0 %, 0 %
2026/09/22 01:13:08.876, 7, 179.55 W, 29, 120 MHz, 3996 MHz, 0 %, 0 %
2026/09/22 01:13:09.876, 0, 582.68 W, 52, 2032 MHz, 3996 MHz, 100 %, 16 %
2026/09/22 01:13:09.876, 1, 589.00 W, 56, 2032 MHz, 3996 MHz, 100 %, 13 %
2026/09/22 01:13:09.876, 2, 576.67 W, 43, 2032 MHz, 3996 MHz, 100 %, 21 %
2026/09/22 01:13:09.876, 3, 615.44 W, 50, 2032 MHz, 3996 MHz, 71 %, 30 %
2026/09/22 01:13:09.876, 4, 180.47 W, 33, 120 MHz, 3996 MHz, 0 %, 0 %
2026/09/22 01:13:09.876, 5, 178.64 W, 32, 120 MHz, 3996 MHz, 0 %, 0 %
2026/09/22 01:13:09.876, 6, 177.56 W, 29, 120 MHz, 3996 MHz, 0 %, 0 %
2026/09/22 01:13:09.876, 7, 179.63 W, 29, 120 MHz, 3996 MHz, 0 %, 0 %
2026/09/22 01:13:10.877, 0, 690.25 W, 57, 1987 MHz, 3996 MHz, 100 %, 16 %
2026/09/22 01:13:10.877, 1, 661.20 W, 58, 1987 MHz, 3996 MHz, 100 %, 10 %
2026/09/22 01:13:10.877, 2, 632.71 W, 44, 2017 MHz, 3996 MHz, 36 %, 16 %
2026/09/22 01:13:10.877, 3, 707.45 W, 49, 1980 MHz, 3996 MHz, 98 %, 16 %
2026/09/22 01:13:10.877, 4, 180.47 W, 33, 120 MHz, 3996 MHz, 0 %, 0 %
2026/09/22 01:13:10.877, 5, 178.64 W, 32, 120 MHz, 3996 MHz, 0 %, 0 %
2026/09/22 01:13:10.877, 6, 177.54 W, 29, 120 MHz, 3996 MHz, 0 %, 0 %
2026/09/22 01:13:10.877, 7, 179.66 W, 29, 120 MHz, 3996 MHz, 0 %, 0 %
2026/09/22 01:13:11.877, 0, 777.26 W, 59, 2032 MHz, 3996 MHz, 94 %, 11 %
2026/09/22 01:13:11.877, 1, 755.23 W, 53, 2032 MHz, 3996 MHz, 94 %, 16 %
2026/09/22 01:13:11.877, 2, 726.90 W, 49, 2032 MHz, 3996 MHz, 31 %, 13 %
2026/09/22 01:13:11.877, 3, 757.59 W, 45, 2032 MHz, 3996 MHz, 94 %, 14 %
2026/09/22 01:13:11.877, 4, 180.51 W, 33, 120 MHz, 3996 MHz, 0 %, 0 %
2026/09/22 01:13:11.877, 5, 178.64 W, 32, 120 MHz, 3996 MHz, 0 %, 0 %
2026/09/22 01:13:11.877, 6, 177.56 W, 29, 120 MHz, 3996 MHz, 0 %, 0 %
2026/09/22 01:13:11.877, 7, 179.83 W, 29, 120 MHz, 3996 MHz, 0 %, 0 %
2026/09/22 01:13:12.877, 0, 772.95 W, 60, 1987 MHz, 3996 MHz, 95 %, 51 %
2026/09/22 01:13:12.877, 1, 825.26 W, 60, 1972 MHz, 3996 MHz, 100 %, 56 %
2026/09/22 01:13:12.877, 2, 810.96 W, 50, 2010 MHz, 3996 MHz, 80 %, 44 %
2026/09/22 01:13:12.877, 3, 792.14 W, 51, 1965 MHz, 3996 MHz, 98 %, 55 %
2026/09/22 01:13:12.877, 4, 180.58 W, 33, 120 MHz, 3996 MHz, 0 %, 0 %
2026/09/22 01:13:12.877, 5, 178.64 W, 32, 120 MHz, 3996 MHz, 0 %, 0 %
2026/09/22 01:13:12.877, 6, 177.55 W, 29, 120 MHz, 3996 MHz, 0 %, 0 %
2026/09/22 01:13:12.877, 7, 179.66 W, 29, 120 MHz, 3996 MHz, 0 %, 0 %
2026/09/22 01:13:13.877, 0, 1043.42 W, 62, 1965 MHz, 3996 MHz, 100 %, 55 %
2026/09/22 01:13:13.877, 1, 1048.57 W, 62, 1972 MHz, 3996 MHz, 100 %, 55 %
2026/09/22 01:13:13.877, 2, 1039.83 W, 53, 2002 MHz, 3996 MHz, 100 %, 56 %
2026/09/22 01:13:13.877, 3, 1034.51 W, 52, 1965 MHz, 3996 MHz, 100 %, 55 %
2026/09/22 01:13:13.877, 4, 180.51 W, 33, 120 MHz, 3996 MHz, 0 %, 0 %
2026/09/22 01:13:13.877, 5, 178.64 W, 32, 120 MHz, 3996 MHz, 0 %, 0 %
2026/09/22 01:13:13.877, 6, 177.54 W, 29, 120 MHz, 3996 MHz, 0 %, 0 %
2026/09/22 01:13:13.878, 7, 179.72 W, 29, 120 MHz, 3996 MHz, 0 %, 0 %
2026/09/22 01:13:14.878, 0, 1038.45 W, 63, 1935 MHz, 3996 MHz, 100 %, 56 %
2026/09/22 01:13:14.878, 1, 1050.84 W, 62, 1972 MHz, 3996 MHz, 100 %, 55 %
2026/09/22 01:13:14.878, 2, 1031.85 W, 54, 1965 MHz, 3996 MHz, 100 %, 56 %
2026/09/22 01:13:14.878, 3, 1031.68 W, 53, 1965 MHz, 3996 MHz, 100 %, 56 %
2026/09/22 01:13:14.878, 4, 180.58 W, 33, 120 MHz, 3996 MHz, 0 %, 0 %
2026/09/22 01:13:14.878, 5, 178.64 W, 32, 120 MHz, 3996 MHz, 0 %, 0 %
2026/09/22 01:13:14.878, 6, 177.58 W, 29, 120 MHz, 3996 MHz, 0 %, 0 %
2026/09/22 01:13:14.878, 7, 179.63 W, 29, 120 MHz, 3996 MHz, 0 %, 0 %
2026/09/22 01:13:15.878, 0, 987.63 W, 59, 2032 MHz, 3996 MHz, 97 %, 50 %
2026/09/22 01:13:15.878, 1, 942.85 W, 56, 2032 MHz, 3996 MHz, 100 %, 42 %
2026/09/22 01:13:15.878, 2, 956.88 W, 49, 2032 MHz, 3996 MHz, 100 %, 51 %
2026/09/22 01:13:15.878, 3, 974.23 W, 47, 2032 MHz, 3996 MHz, 95 %, 48 %
2026/09/22 01:13:15.878, 4, 180.58 W, 33, 120 MHz, 3996 MHz, 0 %, 0 %
2026/09/22 01:13:15.878, 5, 178.64 W, 32, 120 MHz, 3996 MHz, 0 %, 0 %
2026/09/22 01:13:15.878, 6, 177.54 W, 29, 120 MHz, 3996 MHz, 0 %, 0 %
2026/09/22 01:13:15.878, 7, 179.84 W, 29, 120 MHz, 3996 MHz, 0 %, 0 %
2026/09/22 01:13:16.878, 0, 1032.75 W, 64, 1950 MHz, 3996 MHz, 100 %, 56 %
2026/09/22 01:13:16.878, 1, 1045.71 W, 63, 1965 MHz, 3996 MHz, 100 %, 56 %
2026/09/22 01:13:16.878, 2, 1006.83 W, 54, 1957 MHz, 3996 MHz, 100 %, 55 %
2026/09/22 01:13:16.878, 3, 1040.89 W, 54, 2010 MHz, 3996 MHz, 100 %, 55 %
2026/09/22 01:13:16.878, 4, 180.51 W, 33, 120 MHz, 3996 MHz, 0 %, 0 %
2026/09/22 01:13:16.878, 5, 178.64 W, 32, 120 MHz, 3996 MHz, 0 %, 0 %
2026/09/22 01:13:16.878, 6, 177.53 W, 29, 120 MHz, 3996 MHz, 0 %, 0 %
2026/09/22 01:13:16.878, 7, 179.90 W, 29, 120 MHz, 3996 MHz, 0 %, 0 %
2026/09/22 01:13:17.878, 0, 1049.74 W, 63, 1972 MHz, 3996 MHz, 100 %, 55 %
2026/09/22 01:13:17.878, 1, 1053.31 W, 62, 1972 MHz, 3996 MHz, 100 %, 55 %
2026/09/22 01:13:17.878, 2, 1034.52 W, 54, 2002 MHz, 3996 MHz, 100 %, 56 %
2026/09/22 01:13:17.879, 3, 1036.87 W, 53, 1957 MHz, 3996 MHz, 100 %, 55 %
2026/09/22 01:13:17.879, 4, 180.47 W, 33, 120 MHz, 3996 MHz, 0 %, 0 %
2026/09/22 01:13:17.879, 5, 178.64 W, 32, 120 MHz, 3996 MHz, 0 %, 0 %
2026/09/22 01:13:17.879, 6, 177.56 W, 29, 120 MHz, 3996 MHz, 0 %, 0 %
2026/09/22 01:13:17.879, 7, 179.78 W, 29, 120 MHz, 3996 MHz, 0 %, 0 %
2026/09/22 01:13:18.879, 0, 1037.88 W, 64, 1965 MHz, 3996 MHz, 100 %, 56 %
2026/09/22 01:13:18.879, 1, 1049.91 W, 63, 1965 MHz, 3996 MHz, 100 %, 56 %
2026/09/22 01:13:18.879, 2, 1035.17 W, 55, 1965 MHz, 3996 MHz, 100 %, 55 %
2026/09/22 01:13:18.879, 3, 1037.98 W, 55, 1995 MHz, 3996 MHz, 100 %, 55 %
2026/09/22 01:13:18.879, 4, 180.58 W, 33, 120 MHz, 3996 MHz, 0 %, 0 %
2026/09/22 01:13:18.879, 5, 178.64 W, 32, 120 MHz, 3996 MHz, 0 %, 0 %
2026/09/22 01:13:18.879, 6, 177.57 W, 29, 120 MHz, 3996 MHz, 0 %, 0 %
2026/09/22 01:13:18.879, 7, 179.92 W, 29, 120 MHz, 3996 MHz, 0 %, 0 %
2026/09/22 01:13:19.879, 0, 946.13 W, 64, 1942 MHz, 3996 MHz, 100 %, 56 %
2026/09/22 01:13:19.879, 1, 948.46 W, 63, 2002 MHz, 3996 MHz, 100 %, 55 %
2026/09/22 01:13:19.879, 2, 963.14 W, 54, 1965 MHz, 3996 MHz, 100 %, 56 %
2026/09/22 01:13:19.879, 3, 936.55 W, 54, 1957 MHz, 3996 MHz, 100 %, 55 %
2026/09/22 01:13:19.879, 4, 180.58 W, 33, 120 MHz, 3996 MHz, 0 %, 0 %
2026/09/22 01:13:19.879, 5, 178.64 W, 32, 120 MHz, 3996 MHz, 0 %, 0 %
2026/09/22 01:13:19.879, 6, 177.63 W, 29, 120 MHz, 3996 MHz, 0 %, 0 %
2026/09/22 01:13:19.879, 7, 179.88 W, 29, 120 MHz, 3996 MHz, 0 %, 0 %
2026/09/22 01:13:20.879, 0, 869.10 W, 57, 2002 MHz, 3996 MHz, 33 %, 14 %
2026/09/22 01:13:20.879, 1, 861.69 W, 57, 1980 MHz, 3996 MHz, 100 %, 8 %
2026/09/22 01:13:20.879, 2, 821.54 W, 47, 1980 MHz, 3996 MHz, 100 %, 10 %
2026/09/22 01:13:20.879, 3, 802.33 W, 47, 2002 MHz, 3996 MHz, 100 %, 8 %
2026/09/22 01:13:20.879, 4, 180.58 W, 33, 120 MHz, 3996 MHz, 0 %, 0 %
2026/09/22 01:13:20.880, 5, 178.64 W, 32, 120 MHz, 3996 MHz, 0 %, 0 %
2026/09/22 01:13:20.880, 6, 177.71 W, 29, 120 MHz, 3996 MHz, 0 %, 0 %
2026/09/22 01:13:20.880, 7, 180.14 W, 29, 120 MHz, 3996 MHz, 0 %, 0 %
2026/09/22 01:13:21.880, 0, 947.16 W, 63, 1980 MHz, 3996 MHz, 100 %, 55 %
2026/09/22 01:13:21.880, 1, 1005.89 W, 63, 1942 MHz, 3996 MHz, 100 %, 55 %
2026/09/22 01:13:21.880, 2, 930.55 W, 55, 1995 MHz, 3996 MHz, 100 %, 55 %
2026/09/22 01:13:21.880, 3, 956.01 W, 53, 1950 MHz, 3996 MHz, 100 %, 55 %
2026/09/22 01:13:21.880, 4, 180.58 W, 33, 120 MHz, 3996 MHz, 0 %, 0 %
2026/09/22 01:13:21.880, 5, 178.64 W, 32, 120 MHz, 3996 MHz, 0 %, 0 %
2026/09/22 01:13:21.880, 6, 177.55 W, 29, 120 MHz, 3996 MHz, 0 %, 0 %
2026/09/22 01:13:21.880, 7, 180.45 W, 29, 120 MHz, 3996 MHz, 0 %, 0 %
2026/09/22 01:13:22.880, 0, 903.91 W, 58, 2032 MHz, 3996 MHz, 100 %, 48 %
2026/09/22 01:13:22.880, 1, 853.67 W, 56, 2032 MHz, 3996 MHz, 100 %, 43 %
2026/09/22 01:13:22.880, 2, 882.44 W, 50, 2032 MHz, 3996 MHz, 100 %, 53 %
2026/09/22 01:13:22.880, 3, 864.27 W, 48, 2032 MHz, 3996 MHz, 96 %, 50 %
2026/09/22 01:13:22.880, 4, 180.51 W, 33, 120 MHz, 3996 MHz, 0 %, 0 %
2026/09/22 01:13:22.880, 5, 178.64 W, 32, 120 MHz, 3996 MHz, 0 %, 0 %
2026/09/22 01:13:22.880, 6, 177.57 W, 29, 120 MHz, 3996 MHz, 0 %, 0 %
2026/09/22 01:13:22.880, 7, 180.22 W, 29, 120 MHz, 3996 MHz, 0 %, 0 %
2026/09/22 01:13:23.880, 0, 693.30 W, 61, 2025 MHz, 3996 MHz, 100 %, 11 %
2026/09/22 01:13:23.880, 1, 651.17 W, 55, 2032 MHz, 3996 MHz, 98 %, 11 %
2026/09/22 01:13:23.880, 2, 693.17 W, 51, 2025 MHz, 3996 MHz, 53 %, 22 %
2026/09/22 01:13:23.880, 3, 702.72 W, 46, 2032 MHz, 3996 MHz, 96 %, 17 %
2026/09/22 01:13:23.880, 4, 180.55 W, 33, 120 MHz, 3996 MHz, 0 %, 0 %
2026/09/22 01:13:23.880, 5, 178.64 W, 32, 120 MHz, 3996 MHz, 0 %, 0 %
2026/09/22 01:13:23.880, 6, 177.67 W, 29, 120 MHz, 3996 MHz, 0 %, 0 %
2026/09/22 01:13:23.880, 7, 180.19 W, 29, 120 MHz, 3996 MHz, 0 %, 0 %
2026/09/22 01:13:24.880, 0, 825.41 W, 58, 1987 MHz, 3996 MHz, 100 %, 19 %
2026/09/22 01:13:24.881, 1, 823.97 W, 58, 1980 MHz, 3996 MHz, 100 %, 9 %
2026/09/22 01:13:24.881, 2, 775.49 W, 49, 2032 MHz, 3996 MHz, 51 %, 22 %
2026/09/22 01:13:24.881, 3, 781.23 W, 53, 1927 MHz, 3996 MHz, 100 %, 11 %
2026/09/22 01:13:24.881, 4, 180.58 W, 33, 120 MHz, 3996 MHz, 0 %, 0 %
2026/09/22 01:13:24.881, 5, 178.64 W, 32, 120 MHz, 3996 MHz, 0 %, 0 %
2026/09/22 01:13:24.881, 6, 177.62 W, 30, 120 MHz, 3996 MHz, 0 %, 0 %
2026/09/22 01:13:24.881, 7, 180.25 W, 29, 120 MHz, 3996 MHz, 0 %, 0 %
2026/09/22 01:13:25.881, 0, 765.77 W, 61, 2025 MHz, 3996 MHz, 94 %, 11 %
2026/09/22 01:13:25.881, 1, 781.53 W, 58, 2032 MHz, 3996 MHz, 94 %, 19 %
2026/09/22 01:13:25.881, 2, 712.43 W, 51, 2032 MHz, 3996 MHz, 100 %, 9 %
2026/09/22 01:13:25.881, 3, 775.14 W, 47, 2032 MHz, 3996 MHz, 39 %, 18 %
2026/09/22 01:13:25.881, 4, 180.54 W, 33, 120 MHz, 3996 MHz, 0 %, 0 %
2026/09/22 01:13:25.881, 5, 178.64 W, 32, 120 MHz, 3996 MHz, 0 %, 0 %
2026/09/22 01:13:25.881, 6, 177.61 W, 30, 120 MHz, 3996 MHz, 0 %, 0 %
2026/09/22 01:13:25.881, 7, 180.22 W, 29, 120 MHz, 3996 MHz, 0 %, 0 %
2026/09/22 01:13:26.881, 0, 684.09 W, 60, 1987 MHz, 3996 MHz, 100 %, 11 %
2026/09/22 01:13:26.881, 1, 696.06 W, 58, 2025 MHz, 3996 MHz, 100 %, 11 %
2026/09/22 01:13:26.881, 2, 674.22 W, 48, 2032 MHz, 3996 MHz, 52 %, 22 %
2026/09/22 01:13:26.881, 3, 673.64 W, 48, 1995 MHz, 3996 MHz, 100 %, 17 %
2026/09/22 01:13:26.881, 4, 180.54 W, 33, 120 MHz, 3996 MHz, 0 %, 0 %
2026/09/22 01:13:26.881, 5, 178.64 W, 32, 120 MHz, 3996 MHz, 0 %, 0 %
2026/09/22 01:13:26.881, 6, 177.71 W, 30, 120 MHz, 3996 MHz, 0 %, 0 %
2026/09/22 01:13:26.881, 7, 180.27 W, 29, 120 MHz, 3996 MHz, 0 %, 0 %
2026/09/22 01:13:27.881, 0, 624.00 W, 58, 2032 MHz, 3996 MHz, 95 %, 28 %
2026/09/22 01:13:27.881, 1, 648.47 W, 61, 2032 MHz, 3996 MHz, 94 %, 33 %
2026/09/22 01:13:27.881, 2, 636.90 W, 48, 2032 MHz, 3996 MHz, 49 %, 25 %
2026/09/22 01:13:27.881, 3, 573.65 W, 46, 2032 MHz, 3996 MHz, 95 %, 30 %
2026/09/22 01:13:27.881, 4, 180.54 W, 33, 120 MHz, 3996 MHz, 0 %, 0 %
2026/09/22 01:13:27.881, 5, 178.64 W, 32, 120 MHz, 3996 MHz, 0 %, 0 %
2026/09/22 01:13:27.882, 6, 177.64 W, 30, 120 MHz, 3996 MHz, 0 %, 0 %
2026/09/22 01:13:27.882, 7, 180.06 W, 29, 120 MHz, 3996 MHz, 0 %, 0 %
2026/09/22 01:13:28.882, 0, 696.16 W, 59, 1965 MHz, 3996 MHz, 100 %, 10 %
2026/09/22 01:13:28.882, 1, 769.97 W, 62, 2002 MHz, 3996 MHz, 100 %, 15 %
2026/09/22 01:13:28.882, 2, 624.03 W, 45, 2032 MHz, 3996 MHz, 100 %, 9 %
2026/09/22 01:13:28.882, 3, 696.23 W, 51, 1965 MHz, 3996 MHz, 36 %, 16 %
2026/09/22 01:13:28.882, 4, 180.58 W, 33, 120 MHz, 3996 MHz, 0 %, 0 %
2026/09/22 01:13:28.882, 5, 178.64 W, 32, 120 MHz, 3996 MHz, 0 %, 0 %
2026/09/22 01:13:28.882, 6, 177.61 W, 30, 120 MHz, 3996 MHz, 0 %, 0 %
2026/09/22 01:13:28.882, 7, 180.14 W, 29, 120 MHz, 3996 MHz, 0 %, 0 %
2026/09/22 01:13:29.882, 0, 667.40 W, 55, 2017 MHz, 3996 MHz, 100 %, 8 %
2026/09/22 01:13:29.882, 1, 644.97 W, 58, 2010 MHz, 3996 MHz, 100 %, 8 %
2026/09/22 01:13:29.882, 2, 684.32 W, 47, 2010 MHz, 3996 MHz, 36 %, 15 %
2026/09/22 01:13:29.882, 3, 607.37 W, 52, 1837 MHz, 3996 MHz, 100 %, 8 %
2026/09/22 01:13:29.882, 4, 180.58 W, 33, 120 MHz, 3996 MHz, 0 %, 0 %
2026/09/22 01:13:29.882, 5, 178.64 W, 32, 120 MHz, 3996 MHz, 0 %, 0 %
2026/09/22 01:13:29.882, 6, 177.71 W, 30, 120 MHz, 3996 MHz, 0 %, 0 %
2026/09/22 01:13:29.882, 7, 180.31 W, 29, 120 MHz, 3996 MHz, 0 %, 0 %
2026/09/22 01:13:30.882, 0, 693.61 W, 61, 2032 MHz, 3996 MHz, 97 %, 10 %
2026/09/22 01:13:30.882, 1, 681.55 W, 56, 2032 MHz, 3996 MHz, 94 %, 16 %
2026/09/22 01:13:30.882, 2, 674.20 W, 50, 2032 MHz, 3996 MHz, 100 %, 9 %
2026/09/22 01:13:30.882, 3, 701.39 W, 50, 2032 MHz, 3996 MHz, 33 %, 15 %
2026/09/22 01:13:30.882, 4, 180.58 W, 33, 120 MHz, 3996 MHz, 0 %, 0 %
2026/09/22 01:13:30.882, 5, 178.64 W, 32, 120 MHz, 3996 MHz, 0 %, 0 %
2026/09/22 01:13:30.882, 6, 177.56 W, 30, 120 MHz, 3996 MHz, 0 %, 0 %
2026/09/22 01:13:30.882, 7, 180.03 W, 29, 120 MHz, 3996 MHz, 0 %, 0 %
2026/09/22 01:13:31.882, 0, 613.26 W, 61, 1987 MHz, 3996 MHz, 95 %, 26 %
2026/09/22 01:13:31.883, 1, 630.79 W, 61, 1980 MHz, 3996 MHz, 95 %, 30 %
2026/09/22 01:13:31.883, 2, 597.44 W, 50, 2002 MHz, 3996 MHz, 45 %, 22 %
2026/09/22 01:13:31.883, 3, 616.73 W, 51, 1965 MHz, 3996 MHz, 95 %, 28 %
2026/09/22 01:13:31.883, 4, 180.58 W, 33, 120 MHz, 3996 MHz, 0 %, 0 %
2026/09/22 01:13:31.883, 5, 178.64 W, 32, 120 MHz, 3996 MHz, 0 %, 0 %
2026/09/22 01:13:31.883, 6, 177.78 W, 30, 120 MHz, 3996 MHz, 0 %, 0 %
2026/09/22 01:13:31.883, 7, 180.24 W, 29, 120 MHz, 3996 MHz, 0 %, 0 %
2026/09/22 01:13:32.883, 0, 700.51 W, 56, 2002 MHz, 3996 MHz, 34 %, 15 %
2026/09/22 01:13:32.883, 1, 706.01 W, 57, 2032 MHz, 3996 MHz, 98 %, 15 %
2026/09/22 01:13:32.883, 2, 679.46 W, 47, 2025 MHz, 3996 MHz, 100 %, 9 %
2026/09/22 01:13:32.883, 3, 684.59 W, 52, 1740 MHz, 3996 MHz, 100 %, 10 %
2026/09/22 01:13:32.883, 4, 180.58 W, 33, 120 MHz, 3996 MHz, 0 %, 0 %
2026/09/22 01:13:32.883, 5, 178.64 W, 32, 120 MHz, 3996 MHz, 0 %, 0 %
2026/09/22 01:13:32.883, 6, 177.59 W, 30, 120 MHz, 3996 MHz, 0 %, 0 %
2026/09/22 01:13:32.883, 7, 180.17 W, 29, 120 MHz, 3996 MHz, 0 %, 0 %
2026/09/22 01:13:33.883, 0, 681.96 W, 57, 2032 MHz, 3996 MHz, 31 %, 13 %
2026/09/22 01:13:33.883, 1, 679.93 W, 59, 2032 MHz, 3996 MHz, 100 %, 8 %
2026/09/22 01:13:33.883, 2, 641.55 W, 44, 2032 MHz, 3996 MHz, 94 %, 8 %
2026/09/22 01:13:33.883, 3, 671.37 W, 48, 2032 MHz, 3996 MHz, 95 %, 8 %
2026/09/22 01:13:33.883, 4, 180.58 W, 33, 120 MHz, 3996 MHz, 0 %, 0 %
2026/09/22 01:13:33.883, 5, 178.64 W, 32, 120 MHz, 3996 MHz, 0 %, 0 %
2026/09/22 01:13:33.883, 6, 177.82 W, 30, 120 MHz, 3996 MHz, 0 %, 0 %
2026/09/22 01:13:33.883, 7, 180.43 W, 29, 120 MHz, 3996 MHz, 0 %, 0 %
2026/09/22 01:13:34.883, 0, 656.53 W, 56, 2032 MHz, 3996 MHz, 33 %, 15 %
2026/09/22 01:13:34.883, 1, 666.52 W, 54, 2032 MHz, 3996 MHz, 99 %, 15 %
2026/09/22 01:13:34.883, 2, 599.43 W, 44, 2032 MHz, 3996 MHz, 100 %, 9 %
2026/09/22 01:13:34.883, 3, 679.88 W, 44, 2032 MHz, 3996 MHz, 100 %, 10 %
2026/09/22 01:13:34.883, 4, 180.58 W, 33, 120 MHz, 3996 MHz, 0 %, 0 %
2026/09/22 01:13:34.883, 5, 178.64 W, 32, 120 MHz, 3996 MHz, 0 %, 0 %
2026/09/22 01:13:34.883, 6, 177.62 W, 30, 120 MHz, 3996 MHz, 0 %, 0 %
2026/09/22 01:13:34.884, 7, 180.27 W, 29, 120 MHz, 3996 MHz, 0 %, 0 %
2026/09/22 01:13:35.884, 0, 750.26 W, 58, 2032 MHz, 3996 MHz, 100 %, 29 %
2026/09/22 01:13:35.884, 1, 751.91 W, 57, 2032 MHz, 3996 MHz, 100 %, 24 %
2026/09/22 01:13:35.884, 2, 800.95 W, 49, 2010 MHz, 3996 MHz, 100 %, 48 %
2026/09/22 01:13:35.884, 3, 834.38 W, 48, 2032 MHz, 3996 MHz, 100 %, 32 %
2026/09/22 01:13:35.884, 4, 180.58 W, 33, 120 MHz, 3996 MHz, 0 %, 0 %
2026/09/22 01:13:35.884, 5, 178.64 W, 32, 120 MHz, 3996 MHz, 0 %, 0 %
2026/09/22 01:13:35.884, 6, 177.79 W, 30, 120 MHz, 3996 MHz, 0 %, 0 %
2026/09/22 01:13:35.884, 7, 180.59 W, 29, 120 MHz, 3996 MHz, 0 %, 0 %
2026/09/22 01:13:36.884, 0, 637.17 W, 57, 1987 MHz, 3996 MHz, 96 %, 20 %
2026/09/22 01:13:36.884, 1, 613.77 W, 59, 1987 MHz, 3996 MHz, 100 %, 10 %
2026/09/22 01:13:36.884, 2, 546.77 W, 51, 2032 MHz, 3996 MHz, 53 %, 23 %
2026/09/22 01:13:36.884, 3, 562.91 W, 47, 2010 MHz, 3996 MHz, 100 %, 11 %
2026/09/22 01:13:36.884, 4, 180.58 W, 33, 120 MHz, 3996 MHz, 0 %, 0 %
2026/09/22 01:13:36.884, 5, 178.64 W, 32, 120 MHz, 3996 MHz, 0 %, 0 %
2026/09/22 01:13:36.884, 6, 177.89 W, 30, 120 MHz, 3996 MHz, 0 %, 0 %
2026/09/22 01:13:36.884, 7, 180.12 W, 29, 120 MHz, 3996 MHz, 0 %, 0 %
2026/09/22 01:13:37.884, 0, 660.84 W, 57, 2032 MHz, 3996 MHz, 39 %, 16 %
2026/09/22 01:13:37.884, 1, 673.62 W, 55, 2032 MHz, 3996 MHz, 62 %, 16 %
2026/09/22 01:13:37.884, 2, 656.79 W, 44, 2032 MHz, 3996 MHz, 100 %, 9 %
2026/09/22 01:13:37.884, 3, 574.29 W, 44, 2032 MHz, 3996 MHz, 100 %, 10 %
2026/09/22 01:13:37.884, 4, 180.58 W, 33, 120 MHz, 3996 MHz, 0 %, 0 %
2026/09/22 01:13:37.884, 5, 178.64 W, 32, 120 MHz, 3996 MHz, 0 %, 0 %
2026/09/22 01:13:37.884, 6, 177.78 W, 30, 120 MHz, 3996 MHz, 0 %, 0 %
2026/09/22 01:13:37.884, 7, 180.16 W, 29, 120 MHz, 3996 MHz, 0 %, 0 %
2026/09/22 01:13:38.885, 0, 635.91 W, 56, 2032 MHz, 3996 MHz, 30 %, 13 %
2026/09/22 01:13:38.885, 1, 643.76 W, 58, 2032 MHz, 3996 MHz, 100 %, 8 %
2026/09/22 01:13:38.885, 2, 619.92 W, 44, 2032 MHz, 3996 MHz, 95 %, 8 %
2026/09/22 01:13:38.885, 3, 656.34 W, 48, 2032 MHz, 3996 MHz, 100 %, 8 %
2026/09/22 01:13:38.885, 4, 180.58 W, 33, 120 MHz, 3996 MHz, 0 %, 0 %
2026/09/22 01:13:38.885, 5, 178.64 W, 32, 120 MHz, 3996 MHz, 0 %, 0 %
2026/09/22 01:13:38.885, 6, 177.60 W, 30, 120 MHz, 3996 MHz, 0 %, 0 %
2026/09/22 01:13:38.885, 7, 180.48 W, 29, 120 MHz, 3996 MHz, 0 %, 0 %
2026/09/22 01:13:39.885, 0, 636.72 W, 54, 1972 MHz, 3996 MHz, 100 %, 9 %
2026/09/22 01:13:39.885, 1, 689.31 W, 61, 2010 MHz, 3996 MHz, 100 %, 15 %
2026/09/22 01:13:39.885, 2, 687.09 W, 49, 2032 MHz, 3996 MHz, 35 %, 15 %
2026/09/22 01:13:39.885, 3, 577.28 W, 49, 2010 MHz, 3996 MHz, 100 %, 9 %
2026/09/22 01:13:39.885, 4, 180.58 W, 33, 120 MHz, 3996 MHz, 0 %, 0 %
2026/09/22 01:13:39.885, 5, 178.64 W, 32, 120 MHz, 3996 MHz, 0 %, 0 %
2026/09/22 01:13:39.885, 6, 177.75 W, 30, 120 MHz, 3996 MHz, 0 %, 0 %
2026/09/22 01:13:39.885, 7, 180.36 W, 29, 120 MHz, 3996 MHz, 0 %, 0 %
2026/09/22 01:13:40.885, 0, 628.09 W, 54, 2032 MHz, 3996 MHz, 100 %, 14 %
2026/09/22 01:13:40.885, 1, 608.37 W, 58, 2032 MHz, 3996 MHz, 100 %, 11 %
2026/09/22 01:13:40.885, 2, 571.80 W, 49, 2032 MHz, 3996 MHz, 100 %, 20 %
2026/09/22 01:13:40.885, 3, 576.61 W, 48, 1980 MHz, 3996 MHz, 41 %, 18 %
2026/09/22 01:13:40.885, 4, 180.58 W, 33, 120 MHz, 3996 MHz, 0 %, 0 %
2026/09/22 01:13:40.885, 5, 178.64 W, 32, 120 MHz, 3996 MHz, 0 %, 0 %
2026/09/22 01:13:40.885, 6, 177.70 W, 30, 120 MHz, 3996 MHz, 0 %, 0 %
2026/09/22 01:13:40.885, 7, 180.17 W, 29, 120 MHz, 3996 MHz, 0 %, 0 %
2026/09/22 01:13:41.885, 0, 515.15 W, 55, 2032 MHz, 3996 MHz, 32 %, 14 %
2026/09/22 01:13:41.885, 1, 468.05 W, 53, 2032 MHz, 3996 MHz, 94 %, 8 %
2026/09/22 01:13:41.885, 2, 508.31 W, 43, 2032 MHz, 3996 MHz, 100 %, 8 %
2026/09/22 01:13:41.885, 3, 428.59 W, 42, 2032 MHz, 3996 MHz, 95 %, 9 %
2026/09/22 01:13:41.885, 4, 180.58 W, 34, 120 MHz, 3996 MHz, 0 %, 0 %
2026/09/22 01:13:41.885, 5, 178.64 W, 32, 120 MHz, 3996 MHz, 0 %, 0 %
2026/09/22 01:13:41.885, 6, 177.67 W, 30, 120 MHz, 3996 MHz, 0 %, 0 %
2026/09/22 01:13:41.886, 7, 180.50 W, 29, 120 MHz, 3996 MHz, 0 %, 0 %
2026/09/22 01:13:42.886, 0, 628.08 W, 61, 2017 MHz, 3996 MHz, 95 %, 47 %
2026/09/22 01:13:42.886, 1, 680.07 W, 56, 2032 MHz, 3996 MHz, 95 %, 51 %
2026/09/22 01:13:42.886, 2, 629.00 W, 48, 2017 MHz, 3996 MHz, 78 %, 43 %
2026/09/22 01:13:42.886, 3, 670.32 W, 46, 2025 MHz, 3996 MHz, 95 %, 52 %
2026/09/22 01:13:42.886, 4, 180.58 W, 34, 120 MHz, 3996 MHz, 0 %, 0 %
2026/09/22 01:13:42.886, 5, 178.64 W, 32, 120 MHz, 3996 MHz, 0 %, 0 %
2026/09/22 01:13:42.886, 6, 177.75 W, 30, 120 MHz, 3996 MHz, 0 %, 0 %
2026/09/22 01:13:42.886, 7, 180.46 W, 29, 120 MHz, 3996 MHz, 0 %, 0 %
2026/09/22 01:13:43.886, 0, 695.29 W, 59, 2032 MHz, 3996 MHz, 100 %, 19 %
2026/09/22 01:13:43.886, 1, 721.15 W, 62, 2032 MHz, 3996 MHz, 100 %, 19 %
2026/09/22 01:13:43.886, 2, 676.51 W, 50, 2032 MHz, 3996 MHz, 100 %, 18 %
2026/09/22 01:13:43.886, 3, 771.31 W, 52, 2032 MHz, 3996 MHz, 56 %, 24 %
2026/09/22 01:13:43.886, 4, 180.58 W, 34, 120 MHz, 3996 MHz, 0 %, 0 %
2026/09/22 01:13:43.886, 5, 178.64 W, 32, 120 MHz, 3996 MHz, 0 %, 0 %
2026/09/22 01:13:43.886, 6, 177.62 W, 30, 120 MHz, 3996 MHz, 0 %, 0 %
2026/09/22 01:13:43.886, 7, 180.50 W, 29, 120 MHz, 3996 MHz, 0 %, 0 %
2026/09/22 01:13:44.886, 0, 687.89 W, 57, 1987 MHz, 3996 MHz, 100 %, 8 %
2026/09/22 01:13:44.886, 1, 662.28 W, 60, 2002 MHz, 3996 MHz, 100 %, 8 %
2026/09/22 01:13:44.886, 2, 643.18 W, 50, 2017 MHz, 3996 MHz, 33 %, 14 %
2026/09/22 01:13:44.886, 3, 683.78 W, 49, 1995 MHz, 3996 MHz, 100 %, 8 %
2026/09/22 01:13:44.886, 4, 180.58 W, 34, 120 MHz, 3996 MHz, 0 %, 0 %
2026/09/22 01:13:44.886, 5, 178.64 W, 32, 120 MHz, 3996 MHz, 0 %, 0 %
2026/09/22 01:13:44.886, 6, 177.69 W, 30, 120 MHz, 3996 MHz, 0 %, 0 %
2026/09/22 01:13:44.886, 7, 180.23 W, 29, 120 MHz, 3996 MHz, 0 %, 0 %
2026/09/22 01:13:45.886, 0, 637.84 W, 56, 1987 MHz, 3996 MHz, 100 %, 15 %
2026/09/22 01:13:45.886, 1, 674.88 W, 61, 1980 MHz, 3996 MHz, 100 %, 22 %
2026/09/22 01:13:45.886, 2, 640.14 W, 49, 2032 MHz, 3996 MHz, 70 %, 24 %
2026/09/22 01:13:45.886, 3, 682.06 W, 51, 1995 MHz, 3996 MHz, 92 %, 29 %
2026/09/22 01:13:45.887, 4, 180.58 W, 34, 120 MHz, 3996 MHz, 0 %, 0 %
2026/09/22 01:13:45.887, 5, 178.64 W, 32, 120 MHz, 3996 MHz, 0 %, 0 %
2026/09/22 01:13:45.887, 6, 177.70 W, 30, 120 MHz, 3996 MHz, 0 %, 0 %
2026/09/22 01:13:45.887, 7, 180.08 W, 29, 120 MHz, 3996 MHz, 0 %, 0 %
2026/09/22 01:13:46.887, 0, 791.87 W, 61, 2017 MHz, 3996 MHz, 100 %, 56 %
2026/09/22 01:13:46.887, 1, 763.42 W, 58, 2032 MHz, 3996 MHz, 100 %, 55 %
2026/09/22 01:13:46.887, 2, 747.95 W, 47, 2010 MHz, 3996 MHz, 100 %, 56 %
2026/09/22 01:13:46.887, 3, 684.33 W, 46, 2025 MHz, 3996 MHz, 100 %, 56 %
2026/09/22 01:13:46.887, 4, 180.58 W, 34, 120 MHz, 3996 MHz, 0 %, 0 %
2026/09/22 01:13:46.887, 5, 178.64 W, 32, 120 MHz, 3996 MHz, 0 %, 0 %
2026/09/22 01:13:46.887, 6, 177.62 W, 30, 120 MHz, 3996 MHz, 0 %, 0 %
2026/09/22 01:13:46.887, 7, 180.30 W, 29, 120 MHz, 3996 MHz, 0 %, 0 %
2026/09/22 01:13:47.887, 0, 641.43 W, 57, 1965 MHz, 3996 MHz, 38 %, 16 %
2026/09/22 01:13:47.887, 1, 678.91 W, 61, 2017 MHz, 3996 MHz, 100 %, 8 %
2026/09/22 01:13:47.887, 2, 654.71 W, 50, 2032 MHz, 3996 MHz, 100 %, 11 %
2026/09/22 01:13:47.887, 3, 664.17 W, 52, 2032 MHz, 3996 MHz, 100 %, 8 %
2026/09/22 01:13:47.887, 4, 180.58 W, 34, 120 MHz, 3996 MHz, 0 %, 0 %
2026/09/22 01:13:47.887, 5, 178.64 W, 32, 120 MHz, 3996 MHz, 0 %, 0 %
2026/09/22 01:13:47.887, 6, 177.74 W, 30, 120 MHz, 3996 MHz, 0 %, 0 %
2026/09/22 01:13:47.887, 7, 180.14 W, 29, 120 MHz, 3996 MHz, 0 %, 0 %
2026/09/22 01:13:48.887, 0, 766.70 W, 62, 1972 MHz, 3996 MHz, 97 %, 17 %
2026/09/22 01:13:48.887, 1, 782.93 W, 62, 2017 MHz, 3996 MHz, 100 %, 17 %
2026/09/22 01:13:48.887, 2, 715.58 W, 50, 2010 MHz, 3996 MHz, 100 %, 11 %
2026/09/22 01:13:48.887, 3, 780.66 W, 52, 1965 MHz, 3996 MHz, 39 %, 17 %
2026/09/22 01:13:48.887, 4, 180.58 W, 34, 120 MHz, 3996 MHz, 0 %, 0 %
2026/09/22 01:13:48.887, 5, 178.64 W, 32, 120 MHz, 3996 MHz, 0 %, 0 %
2026/09/22 01:13:48.887, 6, 177.67 W, 30, 120 MHz, 3996 MHz, 0 %, 0 %
2026/09/22 01:13:48.887, 7, 180.57 W, 29, 120 MHz, 3996 MHz, 0 %, 0 %
2026/09/22 01:13:49.888, 0, 626.92 W, 60, 1987 MHz, 3996 MHz, 67 %, 23 %
2026/09/22 01:13:49.888, 1, 602.00 W, 61, 1987 MHz, 3996 MHz, 100 %, 11 %
2026/09/22 01:13:49.888, 2, 606.67 W, 50, 2002 MHz, 3996 MHz, 100 %, 12 %
2026/09/22 01:13:49.888, 3, 587.97 W, 50, 1965 MHz, 3996 MHz, 46 %, 17 %
2026/09/22 01:13:49.888, 4, 180.58 W, 34, 120 MHz, 3996 MHz, 0 %, 0 %
2026/09/22 01:13:49.888, 5, 178.64 W, 32, 120 MHz, 3996 MHz, 0 %, 0 %
2026/09/22 01:13:49.888, 6, 177.72 W, 30, 120 MHz, 3996 MHz, 0 %, 0 %
2026/09/22 01:13:49.888, 7, 180.24 W, 29, 120 MHz, 3996 MHz, 0 %, 0 %
2026/09/22 01:13:50.888, 0, 668.24 W, 55, 2032 MHz, 3996 MHz, 96 %, 7 %
2026/09/22 01:13:50.888, 1, 668.70 W, 54, 2032 MHz, 3996 MHz, 77 %, 9 %
2026/09/22 01:13:50.888, 2, 680.23 W, 45, 2032 MHz, 3996 MHz, 65 %, 10 %
2026/09/22 01:13:50.888, 3, 668.53 W, 43, 2032 MHz, 3996 MHz, 96 %, 7 %
2026/09/22 01:13:50.888, 4, 180.58 W, 34, 120 MHz, 3996 MHz, 0 %, 0 %
2026/09/22 01:13:50.888, 5, 178.64 W, 32, 120 MHz, 3996 MHz, 0 %, 0 %
2026/09/22 01:13:50.888, 6, 177.69 W, 30, 120 MHz, 3996 MHz, 0 %, 0 %
2026/09/22 01:13:50.888, 7, 180.38 W, 29, 120 MHz, 3996 MHz, 0 %, 0 %
2026/09/22 01:13:51.888, 0, 694.96 W, 55, 2032 MHz, 3996 MHz, 100 %, 26 %
2026/09/22 01:13:51.888, 1, 725.39 W, 60, 2032 MHz, 3996 MHz, 100 %, 19 %
2026/09/22 01:13:51.888, 2, 677.12 W, 48, 2032 MHz, 3996 MHz, 75 %, 38 %
2026/09/22 01:13:51.888, 3, 770.11 W, 50, 2032 MHz, 3996 MHz, 100 %, 21 %
2026/09/22 01:13:51.888, 4, 180.58 W, 34, 120 MHz, 3996 MHz, 0 %, 0 %
2026/09/22 01:13:51.888, 5, 178.64 W, 32, 120 MHz, 3996 MHz, 0 %, 0 %
2026/09/22 01:13:51.888, 6, 177.70 W, 30, 120 MHz, 3996 MHz, 0 %, 0 %
2026/09/22 01:13:51.888, 7, 180.37 W, 29, 120 MHz, 3996 MHz, 0 %, 0 %
2026/09/22 01:13:52.888, 0, 662.18 W, 57, 2032 MHz, 3996 MHz, 80 %, 41 %
2026/09/22 01:13:52.888, 1, 614.06 W, 55, 2032 MHz, 3996 MHz, 94 %, 36 %
2026/09/22 01:13:52.888, 2, 611.67 W, 44, 2032 MHz, 3996 MHz, 94 %, 36 %
2026/09/22 01:13:52.888, 3, 611.04 W, 44, 2032 MHz, 3996 MHz, 94 %, 38 %
2026/09/22 01:13:52.888, 4, 180.58 W, 34, 120 MHz, 3996 MHz, 0 %, 0 %
2026/09/22 01:13:52.888, 5, 178.64 W, 32, 120 MHz, 3996 MHz, 0 %, 0 %
2026/09/22 01:13:52.888, 6, 177.69 W, 30, 120 MHz, 3996 MHz, 0 %, 0 %
2026/09/22 01:13:52.889, 7, 180.70 W, 30, 120 MHz, 3996 MHz, 0 %, 0 %
2026/09/22 01:13:53.889, 0, 834.48 W, 57, 2032 MHz, 3996 MHz, 100 %, 17 %
2026/09/22 01:13:53.889, 1, 870.50 W, 59, 1987 MHz, 3996 MHz, 100 %, 14 %
2026/09/22 01:13:53.889, 2, 850.42 W, 51, 2032 MHz, 3996 MHz, 66 %, 31 %
2026/09/22 01:13:53.889, 3, 869.84 W, 50, 2032 MHz, 3996 MHz, 96 %, 24 %
2026/09/22 01:13:53.889, 4, 180.58 W, 34, 120 MHz, 3996 MHz, 0 %, 0 %
2026/09/22 01:13:53.889, 5, 178.64 W, 32, 120 MHz, 3996 MHz, 0 %, 0 %
2026/09/22 01:13:53.889, 6, 177.72 W, 30, 120 MHz, 3996 MHz, 0 %, 0 %
2026/09/22 01:13:53.889, 7, 180.65 W, 29, 120 MHz, 3996 MHz, 0 %, 0 %
2026/09/22 01:13:54.889, 0, 794.61 W, 58, 2032 MHz, 3996 MHz, 100 %, 51 %
2026/09/22 01:13:54.889, 1, 771.65 W, 58, 2032 MHz, 3996 MHz, 100 %, 52 %
2026/09/22 01:13:54.889, 2, 750.18 W, 46, 2032 MHz, 3996 MHz, 100 %, 56 %
2026/09/22 01:13:54.889, 3, 796.93 W, 48, 2032 MHz, 3996 MHz, 100 %, 53 %
2026/09/22 01:13:54.889, 4, 180.58 W, 34, 120 MHz, 3996 MHz, 0 %, 0 %
2026/09/22 01:13:54.889, 5, 178.64 W, 32, 120 MHz, 3996 MHz, 0 %, 0 %
2026/09/22 01:13:54.889, 6, 177.68 W, 30, 120 MHz, 3996 MHz, 0 %, 0 %
2026/09/22 01:13:54.889, 7, 180.60 W, 30, 120 MHz, 3996 MHz, 0 %, 0 %
2026/09/22 01:13:55.889, 0, 778.15 W, 64, 2002 MHz, 3996 MHz, 100 %, 56 %
2026/09/22 01:13:55.889, 1, 770.82 W, 58, 2017 MHz, 3996 MHz, 100 %, 55 %
2026/09/22 01:13:55.889, 2, 785.24 W, 50, 2002 MHz, 3996 MHz, 100 %, 55 %
2026/09/22 01:13:55.889, 3, 814.82 W, 48, 1995 MHz, 3996 MHz, 100 %, 56 %
2026/09/22 01:13:55.889, 4, 180.57 W, 34, 120 MHz, 3996 MHz, 0 %, 0 %
2026/09/22 01:13:55.889, 5, 178.64 W, 32, 120 MHz, 3996 MHz, 0 %, 0 %
2026/09/22 01:13:55.889, 6, 177.74 W, 30, 120 MHz, 3996 MHz, 0 %, 0 %
2026/09/22 01:13:55.889, 7, 180.57 W, 30, 120 MHz, 3996 MHz, 0 %, 0 %
2026/09/22 01:13:56.889, 0, 604.92 W, 61, 1965 MHz, 3996 MHz, 56 %, 30 %
2026/09/22 01:13:56.890, 1, 626.32 W, 62, 2017 MHz, 3996 MHz, 95 %, 32 %
2026/09/22 01:13:56.890, 2, 564.22 W, 50, 1995 MHz, 3996 MHz, 95 %, 20 %
2026/09/22 01:13:56.890, 3, 567.85 W, 51, 1965 MHz, 3996 MHz, 95 %, 30 %
2026/09/22 01:13:56.890, 4, 180.58 W, 34, 120 MHz, 3996 MHz, 0 %, 0 %
2026/09/22 01:13:56.890, 5, 178.64 W, 32, 120 MHz, 3996 MHz, 0 %, 0 %
2026/09/22 01:13:56.890, 6, 177.73 W, 30, 120 MHz, 3996 MHz, 0 %, 0 %
2026/09/22 01:13:56.890, 7, 180.87 W, 30, 120 MHz, 3996 MHz, 0 %, 0 %
2026/09/22 01:13:57.890, 0, 943.36 W, 64, 1965 MHz, 3996 MHz, 100 %, 56 %
2026/09/22 01:13:57.890, 1, 952.20 W, 64, 1995 MHz, 3996 MHz, 100 %, 54 %
2026/09/22 01:13:57.890, 2, 938.28 W, 54, 1980 MHz, 3996 MHz, 100 %, 55 %
2026/09/22 01:13:57.890, 3, 955.96 W, 54, 1965 MHz, 3996 MHz, 100 %, 55 %
2026/09/22 01:13:57.890, 4, 180.58 W, 34, 120 MHz, 3996 MHz, 0 %, 0 %
2026/09/22 01:13:57.890, 5, 178.64 W, 32, 120 MHz, 3996 MHz, 0 %, 0 %
2026/09/22 01:13:57.890, 6, 177.81 W, 30, 120 MHz, 3996 MHz, 0 %, 0 %
2026/09/22 01:13:57.890, 7, 180.85 W, 30, 120 MHz, 3996 MHz, 0 %, 0 %
2026/09/22 01:13:58.890, 0, 962.38 W, 64, 2017 MHz, 3996 MHz, 100 %, 56 %
2026/09/22 01:13:58.890, 1, 917.21 W, 60, 2010 MHz, 3996 MHz, 100 %, 55 %
2026/09/22 01:13:58.890, 2, 918.96 W, 50, 1980 MHz, 3996 MHz, 100 %, 56 %
2026/09/22 01:13:58.890, 3, 919.03 W, 50, 2025 MHz, 3996 MHz, 100 %, 55 %
2026/09/22 01:13:58.890, 4, 180.58 W, 34, 120 MHz, 3996 MHz, 0 %, 0 %
2026/09/22 01:13:58.890, 5, 178.64 W, 32, 120 MHz, 3996 MHz, 0 %, 0 %
2026/09/22 01:13:58.890, 6, 177.93 W, 30, 120 MHz, 3996 MHz, 0 %, 0 %
2026/09/22 01:13:58.890, 7, 180.74 W, 30, 120 MHz, 3996 MHz, 0 %, 0 %
2026/09/22 01:13:59.890, 0, 846.45 W, 64, 1950 MHz, 3996 MHz, 100 %, 55 %
2026/09/22 01:13:59.890, 1, 914.62 W, 63, 1965 MHz, 3996 MHz, 100 %, 55 %
2026/09/22 01:13:59.890, 2, 869.61 W, 54, 1957 MHz, 3996 MHz, 100 %, 56 %
2026/09/22 01:13:59.890, 3, 885.14 W, 53, 1972 MHz, 3996 MHz, 100 %, 55 %
2026/09/22 01:13:59.891, 4, 180.58 W, 34, 120 MHz, 3996 MHz, 0 %, 0 %
2026/09/22 01:13:59.891, 5, 178.64 W, 32, 120 MHz, 3996 MHz, 0 %, 0 %
2026/09/22 01:13:59.891, 6, 177.92 W, 30, 120 MHz, 3996 MHz, 0 %, 0 %
2026/09/22 01:13:59.891, 7, 180.72 W, 30, 120 MHz, 3996 MHz, 0 %, 0 %
2026/09/22 01:14:00.891, 0, 945.93 W, 65, 1942 MHz, 3996 MHz, 100 %, 55 %
2026/09/22 01:14:00.891, 1, 940.35 W, 64, 1972 MHz, 3996 MHz, 100 %, 55 %
2026/09/22 01:14:00.891, 2, 929.90 W, 55, 1957 MHz, 3996 MHz, 100 %, 55 %
2026/09/22 01:14:00.891, 3, 969.68 W, 54, 1965 MHz, 3996 MHz, 100 %, 55 %
2026/09/22 01:14:00.891, 4, 180.57 W, 34, 120 MHz, 3996 MHz, 0 %, 0 %
2026/09/22 01:14:00.891, 5, 178.64 W, 32, 120 MHz, 3996 MHz, 0 %, 0 %
2026/09/22 01:14:00.891, 6, 177.98 W, 30, 120 MHz, 3996 MHz, 0 %, 0 %
2026/09/22 01:14:00.891, 7, 180.69 W, 30, 120 MHz, 3996 MHz, 0 %, 0 %
2026/09/22 01:14:01.891, 0, 1051.52 W, 66, 1980 MHz, 3996 MHz, 100 %, 56 %
2026/09/22 01:14:01.891, 1, 1053.12 W, 65, 1980 MHz, 3996 MHz, 100 %, 55 %
2026/09/22 01:14:01.891, 2, 1039.71 W, 55, 1957 MHz, 3996 MHz, 100 %, 55 %
2026/09/22 01:14:01.891, 3, 1033.57 W, 56, 1950 MHz, 3996 MHz, 100 %, 55 %
2026/09/22 01:14:01.891, 4, 180.58 W, 34, 120 MHz, 3996 MHz, 0 %, 0 %
2026/09/22 01:14:01.891, 5, 178.64 W, 32, 120 MHz, 3996 MHz, 0 %, 0 %
2026/09/22 01:14:01.891, 6, 178.17 W, 30, 120 MHz, 3996 MHz, 0 %, 0 %
2026/09/22 01:14:01.891, 7, 180.76 W, 30, 120 MHz, 3996 MHz, 0 %, 0 %
2026/09/22 01:14:02.891, 0, 962.30 W, 64, 2032 MHz, 3996 MHz, 56 %, 26 %
2026/09/22 01:14:02.891, 1, 948.89 W, 61, 1980 MHz, 3996 MHz, 100 %, 13 %
2026/09/22 01:14:02.891, 2, 934.51 W, 53, 2032 MHz, 3996 MHz, 100 %, 25 %
2026/09/22 01:14:02.891, 3, 932.73 W, 52, 1995 MHz, 3996 MHz, 100 %, 14 %
2026/09/22 01:14:02.891, 4, 180.58 W, 34, 120 MHz, 3996 MHz, 0 %, 0 %
2026/09/22 01:14:02.891, 5, 178.64 W, 32, 120 MHz, 3996 MHz, 0 %, 0 %
2026/09/22 01:14:02.891, 6, 177.99 W, 30, 120 MHz, 3996 MHz, 0 %, 0 %
2026/09/22 01:14:02.891, 7, 180.90 W, 30, 120 MHz, 3996 MHz, 0 %, 0 %
2026/09/22 01:14:03.892, 0, 904.35 W, 60, 2032 MHz, 3996 MHz, 99 %, 52 %
2026/09/22 01:14:03.892, 1, 881.07 W, 57, 2032 MHz, 3996 MHz, 100 %, 44 %
2026/09/22 01:14:03.892, 2, 881.87 W, 48, 2032 MHz, 3996 MHz, 100 %, 52 %
2026/09/22 01:14:03.892, 3, 840.54 W, 48, 2032 MHz, 3996 MHz, 100 %, 46 %
2026/09/22 01:14:03.892, 4, 180.58 W, 34, 120 MHz, 3996 MHz, 0 %, 0 %
2026/09/22 01:14:03.892, 5, 178.64 W, 32, 120 MHz, 3996 MHz, 0 %, 0 %
2026/09/22 01:14:03.892, 6, 178.01 W, 30, 120 MHz, 3996 MHz, 0 %, 0 %
2026/09/22 01:14:03.892, 7, 180.62 W, 30, 120 MHz, 3996 MHz, 0 %, 0 %
2026/09/22 01:14:04.892, 0, 1035.37 W, 66, 1927 MHz, 3996 MHz, 100 %, 55 %
2026/09/22 01:14:04.892, 1, 1058.68 W, 65, 1950 MHz, 3996 MHz, 100 %, 55 %
2026/09/22 01:14:04.892, 2, 1017.48 W, 55, 1957 MHz, 3996 MHz, 100 %, 55 %
2026/09/22 01:14:04.892, 3, 1046.28 W, 55, 1950 MHz, 3996 MHz, 100 %, 55 %
2026/09/22 01:14:04.892, 4, 180.58 W, 34, 120 MHz, 3996 MHz, 0 %, 0 %
2026/09/22 01:14:04.892, 5, 178.64 W, 32, 120 MHz, 3996 MHz, 0 %, 0 %
2026/09/22 01:14:04.892, 6, 177.74 W, 30, 120 MHz, 3996 MHz, 0 %, 0 %
2026/09/22 01:14:04.892, 7, 180.97 W, 30, 120 MHz, 3996 MHz, 0 %, 0 %
2026/09/22 01:14:05.892, 0, 762.16 W, 62, 2032 MHz, 3996 MHz, 100 %, 21 %
2026/09/22 01:14:05.892, 1, 795.81 W, 62, 1972 MHz, 3996 MHz, 52 %, 23 %
2026/09/22 01:14:05.892, 2, 747.80 W, 52, 2032 MHz, 3996 MHz, 100 %, 27 %
2026/09/22 01:14:05.892, 3, 727.30 W, 50, 1980 MHz, 3996 MHz, 100 %, 17 %
2026/09/22 01:14:05.892, 4, 180.58 W, 34, 120 MHz, 3996 MHz, 0 %, 0 %
2026/09/22 01:14:05.892, 5, 178.64 W, 32, 120 MHz, 3996 MHz, 0 %, 0 %
2026/09/22 01:14:05.892, 6, 178.01 W, 30, 120 MHz, 3996 MHz, 0 %, 0 %
2026/09/22 01:14:05.892, 7, 180.76 W, 30, 120 MHz, 3996 MHz, 0 %, 0 %
2026/09/22 01:14:06.892, 0, 745.55 W, 58, 2032 MHz, 3996 MHz, 100 %, 49 %
2026/09/22 01:14:06.892, 1, 709.37 W, 57, 2032 MHz, 3996 MHz, 100 %, 44 %
2026/09/22 01:14:06.892, 2, 767.68 W, 49, 2032 MHz, 3996 MHz, 100 %, 55 %
2026/09/22 01:14:06.892, 3, 702.34 W, 46, 2032 MHz, 3996 MHz, 100 %, 46 %
2026/09/22 01:14:06.892, 4, 180.58 W, 34, 120 MHz, 3996 MHz, 0 %, 0 %
2026/09/22 01:14:06.892, 5, 178.64 W, 32, 120 MHz, 3996 MHz, 0 %, 0 %
2026/09/22 01:14:06.892, 6, 177.70 W, 30, 120 MHz, 3996 MHz, 0 %, 0 %
2026/09/22 01:14:06.893, 7, 180.76 W, 30, 120 MHz, 3996 MHz, 0 %, 0 %
2026/09/22 01:14:07.893, 0, 687.66 W, 58, 2032 MHz, 3996 MHz, 100 %, 24 %
2026/09/22 01:14:07.893, 1, 690.18 W, 56, 2032 MHz, 3996 MHz, 100 %, 20 %
2026/09/22 01:14:07.893, 2, 682.33 W, 47, 2032 MHz, 3996 MHz, 74 %, 36 %
2026/09/22 01:14:07.893, 3, 655.37 W, 46, 2032 MHz, 3996 MHz, 100 %, 22 %
2026/09/22 01:14:07.893, 4, 180.58 W, 34, 120 MHz, 3996 MHz, 0 %, 0 %
2026/09/22 01:14:07.893, 5, 178.64 W, 32, 120 MHz, 3996 MHz, 0 %, 0 %
2026/09/22 01:14:07.893, 6, 177.99 W, 30, 120 MHz, 3996 MHz, 0 %, 0 %
2026/09/22 01:14:07.893, 7, 180.87 W, 30, 120 MHz, 3996 MHz, 0 %, 0 %
2026/09/22 01:14:08.893, 0, 728.21 W, 59, 2002 MHz, 3996 MHz, 94 %, 35 %
2026/09/22 01:14:08.893, 1, 740.17 W, 59, 2017 MHz, 3996 MHz, 71 %, 39 %
2026/09/22 01:14:08.893, 2, 692.50 W, 53, 2002 MHz, 3996 MHz, 94 %, 27 %
2026/09/22 01:14:08.893, 3, 722.07 W, 48, 2017 MHz, 3996 MHz, 94 %, 37 %
2026/09/22 01:14:08.893, 4, 180.58 W, 34, 120 MHz, 3996 MHz, 0 %, 0 %
2026/09/22 01:14:08.893, 5, 178.64 W, 32, 120 MHz, 3996 MHz, 0 %, 0 %
2026/09/22 01:14:08.893, 6, 177.85 W, 30, 120 MHz, 3996 MHz, 0 %, 0 %
2026/09/22 01:14:08.893, 7, 180.87 W, 30, 120 MHz, 3996 MHz, 0 %, 0 %
2026/09/22 01:14:09.893, 0, 734.99 W, 62, 2010 MHz, 3996 MHz, 95 %, 54 %
2026/09/22 01:14:09.893, 1, 748.28 W, 61, 2032 MHz, 3996 MHz, 100 %, 56 %
2026/09/22 01:14:09.893, 2, 722.97 W, 50, 2017 MHz, 3996 MHz, 85 %, 47 %
2026/09/22 01:14:09.893, 3, 726.51 W, 53, 1995 MHz, 3996 MHz, 100 %, 57 %
2026/09/22 01:14:09.893, 4, 180.58 W, 34, 120 MHz, 3996 MHz, 0 %, 0 %
2026/09/22 01:14:09.893, 5, 178.64 W, 32, 120 MHz, 3996 MHz, 0 %, 0 %
2026/09/22 01:14:09.893, 6, 177.82 W, 30, 120 MHz, 3996 MHz, 0 %, 0 %
2026/09/22 01:14:09.893, 7, 180.84 W, 30, 120 MHz, 3996 MHz, 0 %, 0 %
2026/09/22 01:14:10.893, 0, 619.61 W, 60, 2032 MHz, 3996 MHz, 94 %, 39 %
2026/09/22 01:14:10.894, 1, 636.38 W, 59, 2032 MHz, 3996 MHz, 94 %, 42 %
2026/09/22 01:14:10.894, 2, 598.36 W, 50, 2025 MHz, 3996 MHz, 94 %, 35 %
2026/09/22 01:14:10.894, 3, 612.70 W, 49, 2032 MHz, 3996 MHz, 82 %, 40 %
2026/09/22 01:14:10.894, 4, 180.58 W, 34, 120 MHz, 3996 MHz, 0 %, 0 %
2026/09/22 01:14:10.894, 5, 178.64 W, 32, 120 MHz, 3996 MHz, 0 %, 0 %
2026/09/22 01:14:10.894, 6, 177.94 W, 30, 120 MHz, 3996 MHz, 0 %, 0 %
2026/09/22 01:14:10.894, 7, 181.01 W, 30, 120 MHz, 3996 MHz, 0 %, 0 %
2026/09/22 01:14:11.894, 0, 725.95 W, 64, 2010 MHz, 3996 MHz, 100 %, 8 %
2026/09/22 01:14:11.894, 1, 755.62 W, 60, 2025 MHz, 3996 MHz, 34 %, 15 %
2026/09/22 01:14:11.894, 2, 716.64 W, 51, 2032 MHz, 3996 MHz, 100 %, 8 %
2026/09/22 01:14:11.894, 3, 703.81 W, 51, 2032 MHz, 3996 MHz, 100 %, 8 %
2026/09/22 01:14:11.894, 4, 180.58 W, 34, 120 MHz, 3996 MHz, 0 %, 0 %
2026/09/22 01:14:11.894, 5, 178.64 W, 32, 120 MHz, 3996 MHz, 0 %, 0 %
2026/09/22 01:14:11.894, 6, 177.98 W, 30, 120 MHz, 3996 MHz, 0 %, 0 %
2026/09/22 01:14:11.894, 7, 181.11 W, 30, 120 MHz, 3996 MHz, 0 %, 0 %
2026/09/22 01:14:12.894, 0, 784.86 W, 63, 2032 MHz, 3996 MHz, 69 %, 34 %
2026/09/22 01:14:12.894, 1, 767.92 W, 63, 2032 MHz, 3996 MHz, 100 %, 15 %
2026/09/22 01:14:12.894, 2, 707.01 W, 50, 2032 MHz, 3996 MHz, 100 %, 34 %
2026/09/22 01:14:12.894, 3, 754.96 W, 51, 2032 MHz, 3996 MHz, 100 %, 24 %
2026/09/22 01:14:12.894, 4, 180.58 W, 34, 120 MHz, 3996 MHz, 0 %, 0 %
2026/09/22 01:14:12.894, 5, 178.64 W, 32, 120 MHz, 3996 MHz, 0 %, 0 %
2026/09/22 01:14:12.894, 6, 178.11 W, 30, 120 MHz, 3996 MHz, 0 %, 0 %
2026/09/22 01:14:12.894, 7, 180.85 W, 30, 120 MHz, 3996 MHz, 0 %, 0 %
2026/09/22 01:14:13.894, 0, 589.14 W, 58, 1987 MHz, 3996 MHz, 100 %, 8 %
2026/09/22 01:14:13.894, 1, 563.56 W, 57, 2010 MHz, 3996 MHz, 100 %, 8 %
2026/09/22 01:14:13.894, 2, 604.17 W, 50, 2032 MHz, 3996 MHz, 32 %, 14 %
2026/09/22 01:14:13.894, 3, 569.73 W, 50, 2025 MHz, 3996 MHz, 100 %, 8 %
2026/09/22 01:14:13.894, 4, 180.58 W, 34, 120 MHz, 3996 MHz, 0 %, 0 %
2026/09/22 01:14:13.894, 5, 178.64 W, 32, 120 MHz, 3996 MHz, 0 %, 0 %
2026/09/22 01:14:13.894, 6, 178.05 W, 30, 120 MHz, 3996 MHz, 0 %, 0 %
2026/09/22 01:14:13.895, 7, 180.86 W, 30, 120 MHz, 3996 MHz, 0 %, 0 %
2026/09/22 01:14:14.895, 0, 657.68 W, 57, 2032 MHz, 3996 MHz, 33 %, 14 %
2026/09/22 01:14:14.895, 1, 648.06 W, 58, 2032 MHz, 3996 MHz, 100 %, 8 %
2026/09/22 01:14:14.895, 2, 614.05 W, 46, 2032 MHz, 3996 MHz, 100 %, 8 %
2026/09/22 01:14:14.895, 3, 625.99 W, 45, 2032 MHz, 3996 MHz, 100 %, 8 %
2026/09/22 01:14:14.895, 4, 180.58 W, 34, 120 MHz, 3996 MHz, 0 %, 0 %
2026/09/22 01:14:14.895, 5, 178.64 W, 32, 120 MHz, 3996 MHz, 0 %, 0 %
2026/09/22 01:14:14.895, 6, 177.86 W, 30, 120 MHz, 3996 MHz, 0 %, 0 %
2026/09/22 01:14:14.895, 7, 180.95 W, 30, 120 MHz, 3996 MHz, 0 %, 0 %
2026/09/22 01:14:15.895, 0, 668.28 W, 59, 2032 MHz, 3996 MHz, 94 %, 34 %
2026/09/22 01:14:15.895, 1, 700.62 W, 59, 2032 MHz, 3996 MHz, 94 %, 38 %
2026/09/22 01:14:15.895, 2, 653.92 W, 46, 2032 MHz, 3996 MHz, 56 %, 30 %
2026/09/22 01:14:15.895, 3, 725.05 W, 48, 2032 MHz, 3996 MHz, 72 %, 37 %
2026/09/22 01:14:15.895, 4, 180.58 W, 34, 120 MHz, 3996 MHz, 0 %, 0 %
2026/09/22 01:14:15.895, 5, 178.64 W, 32, 120 MHz, 3996 MHz, 0 %, 0 %
2026/09/22 01:14:15.895, 6, 177.85 W, 30, 120 MHz, 3996 MHz, 0 %, 0 %
2026/09/22 01:14:15.895, 7, 180.72 W, 30, 120 MHz, 3996 MHz, 0 %, 0 %
2026/09/22 01:14:16.895, 0, 614.15 W, 62, 2032 MHz, 3996 MHz, 83 %, 34 %
2026/09/22 01:14:16.895, 1, 636.06 W, 61, 2010 MHz, 3996 MHz, 99 %, 11 %
2026/09/22 01:14:16.895, 2, 602.43 W, 50, 2032 MHz, 3996 MHz, 81 %, 40 %
2026/09/22 01:14:16.895, 3, 646.71 W, 51, 2032 MHz, 3996 MHz, 67 %, 30 %
2026/09/22 01:14:16.895, 4, 180.58 W, 34, 120 MHz, 3996 MHz, 0 %, 0 %
2026/09/22 01:14:16.895, 5, 178.64 W, 32, 120 MHz, 3996 MHz, 0 %, 0 %
2026/09/22 01:14:16.895, 6, 177.94 W, 30, 120 MHz, 3996 MHz, 0 %, 0 %
2026/09/22 01:14:16.895, 7, 180.65 W, 30, 120 MHz, 3996 MHz, 0 %, 0 %
2026/09/22 01:14:17.895, 0, 684.09 W, 58, 2032 MHz, 3996 MHz, 93 %, 38 %
2026/09/22 01:14:17.895, 1, 713.66 W, 60, 2032 MHz, 3996 MHz, 100 %, 43 %
2026/09/22 01:14:17.896, 2, 667.70 W, 45, 2032 MHz, 3996 MHz, 94 %, 39 %
2026/09/22 01:14:17.896, 3, 639.43 W, 48, 2032 MHz, 3996 MHz, 86 %, 45 %
2026/09/22 01:14:17.896, 4, 180.58 W, 34, 120 MHz, 3996 MHz, 0 %, 0 %
2026/09/22 01:14:17.896, 5, 178.64 W, 32, 120 MHz, 3996 MHz, 0 %, 0 %
2026/09/22 01:14:17.896, 6, 177.62 W, 30, 120 MHz, 3996 MHz, 0 %, 0 %
2026/09/22 01:14:17.896, 7, 180.54 W, 30, 120 MHz, 3996 MHz, 0 %, 0 %
2026/09/22 01:14:18.896, 0, 813.77 W, 58, 2025 MHz, 3996 MHz, 100 %, 56 %
2026/09/22 01:14:18.896, 1, 801.18 W, 60, 2032 MHz, 3996 MHz, 100 %, 56 %
2026/09/22 01:14:18.896, 2, 822.08 W, 50, 2017 MHz, 3996 MHz, 100 %, 56 %
2026/09/22 01:14:18.896, 3, 788.79 W, 47, 2032 MHz, 3996 MHz, 100 %, 56 %
2026/09/22 01:14:18.896, 4, 180.58 W, 34, 120 MHz, 3996 MHz, 0 %, 0 %
2026/09/22 01:14:18.896, 5, 178.64 W, 32, 120 MHz, 3996 MHz, 0 %, 0 %
2026/09/22 01:14:18.896, 6, 177.88 W, 30, 120 MHz, 3996 MHz, 0 %, 0 %
2026/09/22 01:14:18.896, 7, 180.82 W, 30, 120 MHz, 3996 MHz, 0 %, 0 %
2026/09/22 01:14:19.896, 0, 602.82 W, 57, 2032 MHz, 3996 MHz, 94 %, 41 %
2026/09/22 01:14:19.896, 1, 606.04 W, 55, 2032 MHz, 3996 MHz, 94 %, 39 %
2026/09/22 01:14:19.896, 2, 579.97 W, 45, 2032 MHz, 3996 MHz, 68 %, 36 %
2026/09/22 01:14:19.896, 3, 607.01 W, 44, 2032 MHz, 3996 MHz, 94 %, 38 %
2026/09/22 01:14:19.896, 4, 180.58 W, 34, 120 MHz, 3996 MHz, 0 %, 0 %
2026/09/22 01:14:19.896, 5, 178.64 W, 32, 120 MHz, 3996 MHz, 0 %, 0 %
2026/09/22 01:14:19.896, 6, 177.68 W, 30, 120 MHz, 3996 MHz, 0 %, 0 %
2026/09/22 01:14:19.896, 7, 180.66 W, 30, 120 MHz, 3996 MHz, 0 %, 0 %
2026/09/22 01:14:20.896, 0, 731.87 W, 56, 2032 MHz, 3996 MHz, 100 %, 56 %
2026/09/22 01:14:20.896, 1, 755.64 W, 58, 2032 MHz, 3996 MHz, 100 %, 55 %
2026/09/22 01:14:20.896, 2, 719.27 W, 46, 2032 MHz, 3996 MHz, 100 %, 56 %
2026/09/22 01:14:20.896, 3, 686.47 W, 45, 2032 MHz, 3996 MHz, 100 %, 55 %
2026/09/22 01:14:20.896, 4, 180.58 W, 34, 120 MHz, 3996 MHz, 0 %, 0 %
2026/09/22 01:14:20.896, 5, 178.64 W, 32, 120 MHz, 3996 MHz, 0 %, 0 %
2026/09/22 01:14:20.896, 6, 177.78 W, 30, 120 MHz, 3996 MHz, 0 %, 0 %
2026/09/22 01:14:20.896, 7, 180.79 W, 29, 120 MHz, 3996 MHz, 0 %, 0 %
2026/09/22 01:14:21.897, 0, 528.57 W, 54, 2032 MHz, 3996 MHz, 100 %, 34 %
2026/09/22 01:14:21.897, 1, 562.04 W, 56, 2032 MHz, 3996 MHz, 69 %, 35 %
2026/09/22 01:14:21.897, 2, 536.59 W, 44, 2032 MHz, 3996 MHz, 96 %, 38 %
2026/09/22 01:14:21.897, 3, 570.16 W, 44, 2032 MHz, 3996 MHz, 100 %, 31 %
2026/09/22 01:14:21.897, 4, 180.58 W, 34, 120 MHz, 3996 MHz, 0 %, 0 %
2026/09/22 01:14:21.897, 5, 178.64 W, 32, 120 MHz, 3996 MHz, 0 %, 0 %
2026/09/22 01:14:21.897, 6, 177.67 W, 30, 120 MHz, 3996 MHz, 0 %, 0 %
2026/09/22 01:14:21.897, 7, 180.40 W, 30, 120 MHz, 3996 MHz, 0 %, 0 %
2026/09/22 01:14:22.897, 0, 591.70 W, 62, 2025 MHz, 3996 MHz, 96 %, 15 %
2026/09/22 01:14:22.897, 1, 589.56 W, 58, 2025 MHz, 3996 MHz, 94 %, 35 %
2026/09/22 01:14:22.897, 2, 572.95 W, 48, 2025 MHz, 3996 MHz, 33 %, 14 %
2026/09/22 01:14:22.897, 3, 581.56 W, 48, 2032 MHz, 3996 MHz, 100 %, 9 %
2026/09/22 01:14:22.897, 4, 180.58 W, 34, 120 MHz, 3996 MHz, 0 %, 0 %
2026/09/22 01:14:22.897, 5, 178.64 W, 32, 120 MHz, 3996 MHz, 0 %, 0 %
2026/09/22 01:14:22.897, 6, 177.62 W, 30, 120 MHz, 3996 MHz, 0 %, 0 %
2026/09/22 01:14:22.897, 7, 180.66 W, 30, 120 MHz, 3996 MHz, 0 %, 0 %
2026/09/22 01:14:23.897, 0, 651.35 W, 57, 2025 MHz, 3996 MHz, 99 %, 9 %
2026/09/22 01:14:23.897, 1, 630.62 W, 57, 2032 MHz, 3996 MHz, 94 %, 10 %
2026/09/22 01:14:23.897, 2, 604.13 W, 45, 2032 MHz, 3996 MHz, 100 %, 8 %
2026/09/22 01:14:23.897, 3, 590.89 W, 44, 2032 MHz, 3996 MHz, 30 %, 14 %
2026/09/22 01:14:23.897, 4, 180.58 W, 34, 120 MHz, 3996 MHz, 0 %, 0 %
2026/09/22 01:14:23.897, 5, 178.64 W, 32, 120 MHz, 3996 MHz, 0 %, 0 %
2026/09/22 01:14:23.897, 6, 177.74 W, 30, 120 MHz, 3996 MHz, 0 %, 0 %
2026/09/22 01:14:23.897, 7, 180.51 W, 30, 120 MHz, 3996 MHz, 0 %, 0 %
2026/09/22 01:14:24.897, 0, 661.01 W, 54, 2032 MHz, 3996 MHz, 100 %, 9 %
2026/09/22 01:14:24.897, 1, 644.90 W, 54, 2032 MHz, 3996 MHz, 100 %, 15 %
2026/09/22 01:14:24.898, 2, 632.12 W, 45, 2032 MHz, 3996 MHz, 34 %, 15 %
2026/09/22 01:14:24.898, 3, 576.28 W, 43, 2032 MHz, 3996 MHz, 100 %, 9 %
2026/09/22 01:14:24.898, 4, 180.58 W, 34, 120 MHz, 3996 MHz, 0 %, 0 %
2026/09/22 01:14:24.898, 5, 178.64 W, 32, 120 MHz, 3996 MHz, 0 %, 0 %
2026/09/22 01:14:24.898, 6, 177.59 W, 30, 120 MHz, 3996 MHz, 0 %, 0 %
2026/09/22 01:14:24.898, 7, 180.49 W, 29, 120 MHz, 3996 MHz, 0 %, 0 %
2026/09/22 01:14:25.898, 0, 668.80 W, 55, 2032 MHz, 3996 MHz, 93 %, 9 %
2026/09/22 01:14:25.898, 1, 672.07 W, 57, 2032 MHz, 3996 MHz, 32 %, 14 %
2026/09/22 01:14:25.898, 2, 608.47 W, 43, 2032 MHz, 3996 MHz, 94 %, 8 %
2026/09/22 01:14:25.898, 3, 693.20 W, 44, 2032 MHz, 3996 MHz, 85 %, 8 %
2026/09/22 01:14:25.898, 4, 180.58 W, 34, 120 MHz, 3996 MHz, 0 %, 0 %
2026/09/22 01:14:25.898, 5, 178.64 W, 32, 120 MHz, 3996 MHz, 0 %, 0 %
2026/09/22 01:14:25.898, 6, 177.76 W, 30, 120 MHz, 3996 MHz, 0 %, 0 %
2026/09/22 01:14:25.898, 7, 180.67 W, 29, 120 MHz, 3996 MHz, 0 %, 0 %
2026/09/22 01:14:26.898, 0, 718.75 W, 56, 2032 MHz, 3996 MHz, 28 %, 13 %
2026/09/22 01:14:26.898, 1, 671.22 W, 56, 2032 MHz, 3996 MHz, 100 %, 15 %
2026/09/22 01:14:26.898, 2, 638.41 W, 44, 2032 MHz, 3996 MHz, 100 %, 8 %
2026/09/22 01:14:26.898, 3, 633.77 W, 43, 2032 MHz, 3996 MHz, 94 %, 8 %
2026/09/22 01:14:26.898, 4, 180.58 W, 34, 120 MHz, 3996 MHz, 0 %, 0 %
2026/09/22 01:14:26.898, 5, 178.64 W, 32, 120 MHz, 3996 MHz, 0 %, 0 %
2026/09/22 01:14:26.898, 6, 177.61 W, 30, 120 MHz, 3996 MHz, 0 %, 0 %
2026/09/22 01:14:26.898, 7, 180.63 W, 29, 120 MHz, 3996 MHz, 0 %, 0 %
2026/09/22 01:14:27.898, 0, 572.31 W, 55, 2032 MHz, 3996 MHz, 85 %, 41 %
2026/09/22 01:14:27.898, 1, 593.43 W, 57, 2032 MHz, 3996 MHz, 100 %, 8 %
2026/09/22 01:14:27.898, 2, 510.98 W, 43, 2032 MHz, 3996 MHz, 95 %, 37 %
2026/09/22 01:14:27.898, 3, 605.24 W, 45, 2032 MHz, 3996 MHz, 92 %, 37 %
2026/09/22 01:14:27.898, 4, 180.58 W, 34, 120 MHz, 3996 MHz, 0 %, 0 %
2026/09/22 01:14:27.898, 5, 178.64 W, 32, 120 MHz, 3996 MHz, 0 %, 0 %
2026/09/22 01:14:27.898, 6, 177.65 W, 30, 120 MHz, 3996 MHz, 0 %, 0 %
2026/09/22 01:14:27.898, 7, 180.44 W, 29, 120 MHz, 3996 MHz, 0 %, 0 %
2026/09/22 01:14:28.899, 0, 701.84 W, 55, 2032 MHz, 3996 MHz, 94 %, 34 %
2026/09/22 01:14:28.899, 1, 732.42 W, 55, 2032 MHz, 3996 MHz, 100 %, 12 %
2026/09/22 01:14:28.899, 2, 721.90 W, 46, 2032 MHz, 3996 MHz, 94 %, 29 %
2026/09/22 01:14:28.899, 3, 772.30 W, 46, 2032 MHz, 3996 MHz, 72 %, 39 %
2026/09/22 01:14:28.899, 4, 180.58 W, 34, 120 MHz, 3996 MHz, 0 %, 0 %
2026/09/22 01:14:28.899, 5, 178.64 W, 32, 120 MHz, 3996 MHz, 0 %, 0 %
2026/09/22 01:14:28.899, 6, 177.59 W, 30, 120 MHz, 3996 MHz, 0 %, 0 %
2026/09/22 01:14:28.899, 7, 180.34 W, 29, 120 MHz, 3996 MHz, 0 %, 0 %
2026/09/22 01:14:29.899, 0, 765.11 W, 56, 2032 MHz, 3996 MHz, 91 %, 19 %
2026/09/22 01:14:29.899, 1, 766.35 W, 56, 2032 MHz, 3996 MHz, 100 %, 33 %
2026/09/22 01:14:29.899, 2, 739.73 W, 47, 2017 MHz, 3996 MHz, 33 %, 15 %
2026/09/22 01:14:29.899, 3, 664.60 W, 44, 2032 MHz, 3996 MHz, 94 %, 17 %
2026/09/22 01:14:29.899, 4, 180.58 W, 34, 120 MHz, 3996 MHz, 0 %, 0 %
2026/09/22 01:14:29.899, 5, 178.64 W, 32, 120 MHz, 3996 MHz, 0 %, 0 %
2026/09/22 01:14:29.899, 6, 177.61 W, 30, 120 MHz, 3996 MHz, 0 %, 0 %
2026/09/22 01:14:29.899, 7, 180.11 W, 29, 120 MHz, 3996 MHz, 0 %, 0 %
2026/09/22 01:14:30.899, 0, 603.32 W, 59, 2032 MHz, 3996 MHz, 97 %, 45 %
2026/09/22 01:14:30.899, 1, 636.73 W, 59, 2032 MHz, 3996 MHz, 100 %, 18 %
2026/09/22 01:14:30.899, 2, 560.72 W, 46, 2032 MHz, 3996 MHz, 94 %, 45 %
2026/09/22 01:14:30.899, 3, 665.09 W, 49, 2032 MHz, 3996 MHz, 90 %, 45 %
2026/09/22 01:14:30.899, 4, 180.58 W, 33, 120 MHz, 3996 MHz, 0 %, 0 %
2026/09/22 01:14:30.899, 5, 178.64 W, 32, 120 MHz, 3996 MHz, 0 %, 0 %
2026/09/22 01:14:30.899, 6, 177.65 W, 29, 120 MHz, 3996 MHz, 0 %, 0 %
2026/09/22 01:14:30.899, 7, 180.26 W, 29, 120 MHz, 3996 MHz, 0 %, 0 %
2026/09/22 01:14:31.899, 0, 710.59 W, 57, 1987 MHz, 3996 MHz, 50 %, 21 %
2026/09/22 01:14:31.899, 1, 661.48 W, 57, 2025 MHz, 3996 MHz, 95 %, 26 %
2026/09/22 01:14:31.899, 2, 725.25 W, 49, 2032 MHz, 3996 MHz, 84 %, 26 %
2026/09/22 01:14:31.899, 3, 734.96 W, 47, 2017 MHz, 3996 MHz, 55 %, 20 %
2026/09/22 01:14:31.899, 4, 180.58 W, 33, 120 MHz, 3996 MHz, 0 %, 0 %
2026/09/22 01:14:31.899, 5, 178.64 W, 32, 120 MHz, 3996 MHz, 0 %, 0 %
2026/09/22 01:14:31.899, 6, 177.57 W, 29, 120 MHz, 3996 MHz, 0 %, 0 %
2026/09/22 01:14:31.899, 7, 180.00 W, 29, 120 MHz, 3996 MHz, 0 %, 0 %
2026/09/22 01:14:32.900, 0, 601.70 W, 54, 2032 MHz, 3996 MHz, 34 %, 15 %
2026/09/22 01:14:32.900, 1, 610.92 W, 55, 2032 MHz, 3996 MHz, 87 %, 14 %
2026/09/22 01:14:32.900, 2, 614.97 W, 43, 2032 MHz, 3996 MHz, 100 %, 9 %
2026/09/22 01:14:32.900, 3, 525.43 W, 42, 2032 MHz, 3996 MHz, 100 %, 9 %
2026/09/22 01:14:32.900, 4, 180.58 W, 33, 120 MHz, 3996 MHz, 0 %, 0 %
2026/09/22 01:14:32.900, 5, 178.64 W, 32, 120 MHz, 3996 MHz, 0 %, 0 %
2026/09/22 01:14:32.900, 6, 177.66 W, 29, 120 MHz, 3996 MHz, 0 %, 0 %
2026/09/22 01:14:32.900, 7, 180.04 W, 29, 120 MHz, 3996 MHz, 0 %, 0 %
2026/09/22 01:14:33.900, 0, 674.88 W, 60, 2032 MHz, 3996 MHz, 100 %, 42 %
2026/09/22 01:14:33.900, 1, 690.78 W, 59, 2032 MHz, 3996 MHz, 100 %, 11 %
2026/09/22 01:14:33.900, 2, 680.42 W, 44, 2032 MHz, 3996 MHz, 92 %, 38 %
2026/09/22 01:14:33.900, 3, 777.80 W, 50, 2032 MHz, 3996 MHz, 95 %, 46 %
2026/09/22 01:14:33.900, 4, 180.58 W, 33, 120 MHz, 3996 MHz, 0 %, 0 %
2026/09/22 01:14:33.900, 5, 178.64 W, 32, 120 MHz, 3996 MHz, 0 %, 0 %
2026/09/22 01:14:33.900, 6, 177.63 W, 29, 120 MHz, 3996 MHz, 0 %, 0 %
2026/09/22 01:14:33.900, 7, 179.97 W, 29, 120 MHz, 3996 MHz, 0 %, 0 %
2026/09/22 01:14:34.900, 0, 803.38 W, 58, 2032 MHz, 3996 MHz, 100 %, 55 %
2026/09/22 01:14:34.900, 1, 800.77 W, 57, 2032 MHz, 3996 MHz, 100 %, 26 %
2026/09/22 01:14:34.900, 2, 783.39 W, 46, 2032 MHz, 3996 MHz, 100 %, 55 %
2026/09/22 01:14:34.900, 3, 773.24 W, 48, 2032 MHz, 3996 MHz, 61 %, 27 %
2026/09/22 01:14:34.900, 4, 180.58 W, 33, 120 MHz, 3996 MHz, 0 %, 0 %
2026/09/22 01:14:34.900, 5, 178.64 W, 32, 120 MHz, 3996 MHz, 0 %, 0 %
2026/09/22 01:14:34.900, 6, 177.59 W, 29, 120 MHz, 3996 MHz, 0 %, 0 %
2026/09/22 01:14:34.900, 7, 180.20 W, 29, 120 MHz, 3996 MHz, 0 %, 0 %
2026/09/22 01:14:35.900, 0, 610.13 W, 54, 2032 MHz, 3996 MHz, 100 %, 8 %
2026/09/22 01:14:35.900, 1, 628.35 W, 54, 2032 MHz, 3996 MHz, 95 %, 35 %
2026/09/22 01:14:35.900, 2, 640.82 W, 44, 2025 MHz, 3996 MHz, 33 %, 14 %
2026/09/22 01:14:35.900, 3, 643.77 W, 45, 2032 MHz, 3996 MHz, 100 %, 8 %
2026/09/22 01:14:35.900, 4, 180.58 W, 33, 120 MHz, 3996 MHz, 0 %, 0 %
2026/09/22 01:14:35.901, 5, 178.64 W, 32, 120 MHz, 3996 MHz, 0 %, 0 %
2026/09/22 01:14:35.901, 6, 177.66 W, 29, 120 MHz, 3996 MHz, 0 %, 0 %
2026/09/22 01:14:35.901, 7, 179.89 W, 29, 120 MHz, 3996 MHz, 0 %, 0 %
2026/09/22 01:14:36.901, 0, 661.08 W, 60, 1950 MHz, 3996 MHz, 100 %, 20 %
2026/09/22 01:14:36.901, 1, 748.23 W, 60, 1987 MHz, 3996 MHz, 89 %, 31 %
2026/09/22 01:14:36.901, 2, 650.18 W, 48, 2010 MHz, 3996 MHz, 100 %, 14 %
2026/09/22 01:14:36.901, 3, 717.07 W, 50, 2032 MHz, 3996 MHz, 55 %, 23 %
2026/09/22 01:14:36.901, 4, 180.58 W, 33, 120 MHz, 3996 MHz, 0 %, 0 %
2026/09/22 01:14:36.901, 5, 178.64 W, 32, 120 MHz, 3996 MHz, 0 %, 0 %
2026/09/22 01:14:36.901, 6, 177.57 W, 29, 120 MHz, 3996 MHz, 0 %, 0 %
2026/09/22 01:14:36.901, 7, 179.78 W, 29, 120 MHz, 3996 MHz, 0 %, 0 %
2026/09/22 01:14:37.901, 0, 812.89 W, 57, 2032 MHz, 3996 MHz, 100 %, 56 %
2026/09/22 01:14:37.901, 1, 775.19 W, 57, 2032 MHz, 3996 MHz, 100 %, 22 %
2026/09/22 01:14:37.901, 2, 751.41 W, 45, 2032 MHz, 3996 MHz, 100 %, 55 %
2026/09/22 01:14:37.901, 3, 757.93 W, 45, 2032 MHz, 3996 MHz, 100 %, 56 %
2026/09/22 01:14:37.901, 4, 180.54 W, 33, 120 MHz, 3996 MHz, 0 %, 0 %
2026/09/22 01:14:37.901, 5, 178.64 W, 32, 120 MHz, 3996 MHz, 0 %, 0 %
2026/09/22 01:14:37.901, 6, 177.57 W, 29, 120 MHz, 3996 MHz, 0 %, 0 %
2026/09/22 01:14:37.901, 7, 179.87 W, 29, 120 MHz, 3996 MHz, 0 %, 0 %
2026/09/22 01:14:38.901, 0, 736.37 W, 59, 2002 MHz, 3996 MHz, 95 %, 13 %
2026/09/22 01:14:38.901, 1, 709.52 W, 61, 2017 MHz, 3996 MHz, 100 %, 56 %
2026/09/22 01:14:38.901, 2, 749.19 W, 51, 2010 MHz, 3996 MHz, 31 %, 14 %
2026/09/22 01:14:38.901, 3, 711.53 W, 50, 1965 MHz, 3996 MHz, 100 %, 56 %
2026/09/22 01:14:38.901, 4, 180.58 W, 33, 120 MHz, 3996 MHz, 0 %, 0 %
2026/09/22 01:14:38.901, 5, 178.64 W, 32, 120 MHz, 3996 MHz, 0 %, 0 %
2026/09/22 01:14:38.901, 6, 177.59 W, 29, 120 MHz, 3996 MHz, 0 %, 0 %
2026/09/22 01:14:38.901, 7, 179.86 W, 29, 120 MHz, 3996 MHz, 0 %, 0 %
2026/09/22 01:14:39.902, 0, 740.50 W, 54, 2032 MHz, 3996 MHz, 75 %, 9 %
2026/09/22 01:14:39.902, 1, 749.03 W, 54, 2032 MHz, 3996 MHz, 32 %, 14 %
2026/09/22 01:14:39.902, 2, 720.19 W, 43, 2032 MHz, 3996 MHz, 94 %, 8 %
2026/09/22 01:14:39.902, 3, 708.92 W, 43, 2032 MHz, 3996 MHz, 94 %, 8 %
2026/09/22 01:14:39.902, 4, 180.58 W, 33, 120 MHz, 3996 MHz, 0 %, 0 %
2026/09/22 01:14:39.902, 5, 178.64 W, 32, 120 MHz, 3996 MHz, 0 %, 0 %
2026/09/22 01:14:39.902, 6, 177.61 W, 29, 120 MHz, 3996 MHz, 0 %, 0 %
2026/09/22 01:14:39.902, 7, 179.89 W, 29, 120 MHz, 3996 MHz, 0 %, 0 %
2026/09/22 01:14:40.902, 0, 826.66 W, 61, 1987 MHz, 3996 MHz, 100 %, 55 %
2026/09/22 01:14:40.902, 1, 847.57 W, 61, 1972 MHz, 3996 MHz, 100 %, 55 %
2026/09/22 01:14:40.902, 2, 821.38 W, 52, 1965 MHz, 3996 MHz, 100 %, 56 %
2026/09/22 01:14:40.902, 3, 846.45 W, 51, 1965 MHz, 3996 MHz, 100 %, 55 %
2026/09/22 01:14:40.902, 4, 180.58 W, 33, 120 MHz, 3996 MHz, 0 %, 0 %
2026/09/22 01:14:40.902, 5, 178.64 W, 32, 120 MHz, 3996 MHz, 0 %, 0 %
2026/09/22 01:14:40.902, 6, 177.57 W, 29, 120 MHz, 3996 MHz, 0 %, 0 %
2026/09/22 01:14:40.902, 7, 179.98 W, 29, 120 MHz, 3996 MHz, 0 %, 0 %
2026/09/22 01:14:41.902, 0, 846.14 W, 60, 2002 MHz, 3996 MHz, 100 %, 17 %
2026/09/22 01:14:41.902, 1, 867.11 W, 60, 1987 MHz, 3996 MHz, 48 %, 25 %
2026/09/22 01:14:41.902, 2, 825.98 W, 50, 2032 MHz, 3996 MHz, 100 %, 25 %
2026/09/22 01:14:41.902, 3, 862.93 W, 50, 2032 MHz, 3996 MHz, 95 %, 17 %
2026/09/22 01:14:41.902, 4, 180.58 W, 33, 120 MHz, 3996 MHz, 0 %, 0 %
2026/09/22 01:14:41.902, 5, 178.64 W, 32, 120 MHz, 3996 MHz, 0 %, 0 %
2026/09/22 01:14:41.902, 6, 177.63 W, 29, 120 MHz, 3996 MHz, 0 %, 0 %
2026/09/22 01:14:41.902, 7, 179.97 W, 29, 120 MHz, 3996 MHz, 0 %, 0 %
2026/09/22 01:14:42.902, 0, 709.79 W, 54, 2025 MHz, 3996 MHz, 100 %, 9 %
2026/09/22 01:14:42.902, 1, 667.85 W, 54, 2032 MHz, 3996 MHz, 83 %, 36 %
2026/09/22 01:14:42.902, 2, 686.52 W, 44, 2025 MHz, 3996 MHz, 100 %, 8 %
2026/09/22 01:14:42.902, 3, 685.36 W, 46, 2032 MHz, 3996 MHz, 100 %, 9 %
2026/09/22 01:14:42.902, 4, 180.58 W, 33, 120 MHz, 3996 MHz, 0 %, 0 %
2026/09/22 01:14:42.902, 5, 178.64 W, 32, 120 MHz, 3996 MHz, 0 %, 0 %
2026/09/22 01:14:42.903, 6, 177.64 W, 29, 120 MHz, 3996 MHz, 0 %, 0 %
2026/09/22 01:14:42.903, 7, 179.76 W, 29, 120 MHz, 3996 MHz, 0 %, 0 %
2026/09/22 01:14:43.903, 0, 878.47 W, 62, 1965 MHz, 3996 MHz, 100 %, 55 %
2026/09/22 01:14:43.903, 1, 928.33 W, 62, 1980 MHz, 3996 MHz, 100 %, 55 %
2026/09/22 01:14:43.903, 2, 889.22 W, 52, 1995 MHz, 3996 MHz, 100 %, 55 %
2026/09/22 01:14:43.903, 3, 895.88 W, 52, 1965 MHz, 3996 MHz, 100 %, 55 %
2026/09/22 01:14:43.903, 4, 180.58 W, 33, 120 MHz, 3996 MHz, 0 %, 0 %
2026/09/22 01:14:43.903, 5, 178.64 W, 32, 120 MHz, 3996 MHz, 0 %, 0 %
2026/09/22 01:14:43.903, 6, 177.69 W, 29, 120 MHz, 3996 MHz, 0 %, 0 %
2026/09/22 01:14:43.903, 7, 179.89 W, 29, 120 MHz, 3996 MHz, 0 %, 0 %
2026/09/22 01:14:44.903, 0, 907.92 W, 60, 1965 MHz, 3996 MHz, 100 %, 55 %
2026/09/22 01:14:44.903, 1, 846.55 W, 59, 2025 MHz, 3996 MHz, 100 %, 55 %
2026/09/22 01:14:44.903, 2, 842.56 W, 53, 2002 MHz, 3996 MHz, 100 %, 55 %
2026/09/22 01:14:44.903, 3, 840.34 W, 50, 2025 MHz, 3996 MHz, 100 %, 55 %
2026/09/22 01:14:44.903, 4, 180.58 W, 33, 120 MHz, 3996 MHz, 0 %, 0 %
2026/09/22 01:14:44.903, 5, 178.64 W, 32, 120 MHz, 3996 MHz, 0 %, 0 %
2026/09/22 01:14:44.903, 6, 177.59 W, 29, 120 MHz, 3996 MHz, 0 %, 0 %
2026/09/22 01:14:44.903, 7, 179.79 W, 29, 120 MHz, 3996 MHz, 0 %, 0 %
2026/09/22 01:14:45.903, 0, 859.71 W, 56, 2032 MHz, 3996 MHz, 100 %, 56 %
2026/09/22 01:14:45.903, 1, 866.46 W, 55, 2032 MHz, 3996 MHz, 100 %, 11 %
2026/09/22 01:14:45.903, 2, 882.33 W, 47, 2032 MHz, 3996 MHz, 100 %, 55 %
2026/09/22 01:14:45.903, 3, 875.59 W, 48, 2032 MHz, 3996 MHz, 100 %, 56 %
2026/09/22 01:14:45.903, 4, 180.54 W, 33, 120 MHz, 3996 MHz, 0 %, 0 %
2026/09/22 01:14:45.903, 5, 178.64 W, 32, 120 MHz, 3996 MHz, 0 %, 0 %
2026/09/22 01:14:45.903, 6, 177.58 W, 29, 120 MHz, 3996 MHz, 0 %, 0 %
2026/09/22 01:14:45.903, 7, 179.67 W, 29, 120 MHz, 3996 MHz, 0 %, 0 %
2026/09/22 01:14:46.903, 0, 783.40 W, 62, 1965 MHz, 3996 MHz, 95 %, 52 %
2026/09/22 01:14:46.903, 1, 843.34 W, 61, 1980 MHz, 3996 MHz, 100 %, 55 %
2026/09/22 01:14:46.904, 2, 794.77 W, 50, 1987 MHz, 3996 MHz, 83 %, 46 %
2026/09/22 01:14:46.904, 3, 793.42 W, 52, 2017 MHz, 3996 MHz, 98 %, 55 %
2026/09/22 01:14:46.904, 4, 180.58 W, 33, 120 MHz, 3996 MHz, 0 %, 0 %
2026/09/22 01:14:46.904, 5, 178.64 W, 32, 120 MHz, 3996 MHz, 0 %, 0 %
2026/09/22 01:14:46.904, 6, 177.61 W, 29, 120 MHz, 3996 MHz, 0 %, 0 %
2026/09/22 01:14:46.904, 7, 179.92 W, 29, 120 MHz, 3996 MHz, 0 %, 0 %
2026/09/22 01:14:47.904, 0, 1044.09 W, 63, 1980 MHz, 3996 MHz, 100 %, 55 %
2026/09/22 01:14:47.904, 1, 1043.51 W, 61, 1950 MHz, 3996 MHz, 100 %, 55 %
2026/09/22 01:14:47.904, 2, 1036.19 W, 54, 2002 MHz, 3996 MHz, 100 %, 56 %
2026/09/22 01:14:47.904, 3, 1039.47 W, 53, 1965 MHz, 3996 MHz, 100 %, 55 %
2026/09/22 01:14:47.904, 4, 180.51 W, 33, 120 MHz, 3996 MHz, 0 %, 0 %
2026/09/22 01:14:47.904, 5, 178.64 W, 32, 120 MHz, 3996 MHz, 0 %, 0 %
2026/09/22 01:14:47.904, 6, 177.57 W, 29, 120 MHz, 3996 MHz, 0 %, 0 %
2026/09/22 01:14:47.904, 7, 179.85 W, 29, 120 MHz, 3996 MHz, 0 %, 0 %
2026/09/22 01:14:48.904, 0, 891.83 W, 57, 2032 MHz, 3996 MHz, 100 %, 55 %
2026/09/22 01:14:48.904, 1, 868.72 W, 57, 2032 MHz, 3996 MHz, 58 %, 28 %
2026/09/22 01:14:48.904, 2, 858.25 W, 47, 2032 MHz, 3996 MHz, 100 %, 55 %
2026/09/22 01:14:48.904, 3, 844.52 W, 46, 2032 MHz, 3996 MHz, 100 %, 22 %
2026/09/22 01:14:48.904, 4, 180.58 W, 33, 120 MHz, 3996 MHz, 0 %, 0 %
2026/09/22 01:14:48.904, 5, 178.64 W, 32, 120 MHz, 3996 MHz, 0 %, 0 %
2026/09/22 01:14:48.904, 6, 177.65 W, 29, 120 MHz, 3996 MHz, 0 %, 0 %
2026/09/22 01:14:48.904, 7, 179.84 W, 29, 120 MHz, 3996 MHz, 0 %, 0 %
2026/09/22 01:14:49.904, 0, 900.55 W, 62, 2010 MHz, 3996 MHz, 52 %, 22 %
2026/09/22 01:14:49.904, 1, 864.71 W, 60, 1972 MHz, 3996 MHz, 95 %, 41 %
2026/09/22 01:14:49.904, 2, 842.79 W, 52, 2017 MHz, 3996 MHz, 100 %, 11 %
2026/09/22 01:14:49.904, 3, 887.29 W, 51, 1965 MHz, 3996 MHz, 95 %, 40 %
2026/09/22 01:14:49.904, 4, 180.58 W, 33, 120 MHz, 3996 MHz, 0 %, 0 %
2026/09/22 01:14:49.904, 5, 178.64 W, 32, 120 MHz, 3996 MHz, 0 %, 0 %
2026/09/22 01:14:49.904, 6, 177.59 W, 29, 120 MHz, 3996 MHz, 0 %, 0 %
2026/09/22 01:14:49.905, 7, 179.76 W, 29, 120 MHz, 3996 MHz, 0 %, 0 %
2026/09/22 01:14:50.905, 0, 773.35 W, 63, 2002 MHz, 3996 MHz, 100 %, 56 %
2026/09/22 01:14:50.905, 1, 772.93 W, 62, 1972 MHz, 3996 MHz, 100 %, 56 %
2026/09/22 01:14:50.905, 2, 756.26 W, 52, 1965 MHz, 3996 MHz, 100 %, 56 %
2026/09/22 01:14:50.905, 3, 770.58 W, 53, 1965 MHz, 3996 MHz, 100 %, 55 %
2026/09/22 01:14:50.905, 4, 180.58 W, 33, 120 MHz, 3996 MHz, 0 %, 0 %
2026/09/22 01:14:50.905, 5, 178.64 W, 32, 120 MHz, 3996 MHz, 0 %, 0 %
2026/09/22 01:14:50.905, 6, 177.57 W, 29, 120 MHz, 3996 MHz, 0 %, 0 %
2026/09/22 01:14:50.905, 7, 179.91 W, 29, 120 MHz, 3996 MHz, 0 %, 0 %
2026/09/22 01:14:51.905, 0, 706.87 W, 56, 2025 MHz, 3996 MHz, 32 %, 14 %
2026/09/22 01:14:51.905, 1, 675.02 W, 55, 2025 MHz, 3996 MHz, 95 %, 32 %
2026/09/22 01:14:51.905, 2, 693.14 W, 47, 2002 MHz, 3996 MHz, 100 %, 8 %
2026/09/22 01:14:51.905, 3, 659.09 W, 47, 2032 MHz, 3996 MHz, 96 %, 31 %
2026/09/22 01:14:51.905, 4, 180.58 W, 33, 120 MHz, 3996 MHz, 0 %, 0 %
2026/09/22 01:14:51.905, 5, 178.64 W, 32, 120 MHz, 3996 MHz, 0 %, 0 %
2026/09/22 01:14:51.905, 6, 177.56 W, 29, 120 MHz, 3996 MHz, 0 %, 0 %
2026/09/22 01:14:51.905, 7, 179.84 W, 29, 120 MHz, 3996 MHz, 0 %, 0 %
2026/09/22 01:14:52.905, 0, 753.51 W, 57, 1972 MHz, 3996 MHz, 39 %, 18 %
2026/09/22 01:14:52.905, 1, 783.67 W, 57, 2025 MHz, 3996 MHz, 95 %, 27 %
2026/09/22 01:14:52.905, 2, 716.45 W, 48, 2032 MHz, 3996 MHz, 100 %, 13 %
2026/09/22 01:14:52.905, 3, 736.52 W, 46, 2017 MHz, 3996 MHz, 95 %, 26 %
2026/09/22 01:14:52.905, 4, 180.54 W, 33, 120 MHz, 3996 MHz, 0 %, 0 %
2026/09/22 01:14:52.905, 5, 178.64 W, 32, 120 MHz, 3996 MHz, 0 %, 0 %
2026/09/22 01:14:52.905, 6, 177.68 W, 29, 120 MHz, 3996 MHz, 0 %, 0 %
2026/09/22 01:14:52.905, 7, 179.75 W, 29, 120 MHz, 3996 MHz, 0 %, 0 %
2026/09/22 01:14:53.906, 0, 691.60 W, 55, 2032 MHz, 3996 MHz, 100 %, 8 %
2026/09/22 01:14:53.906, 1, 701.31 W, 55, 2032 MHz, 3996 MHz, 78 %, 35 %
2026/09/22 01:14:53.906, 2, 648.22 W, 46, 2032 MHz, 3996 MHz, 100 %, 8 %
2026/09/22 01:14:53.906, 3, 695.56 W, 48, 2025 MHz, 3996 MHz, 95 %, 38 %
2026/09/22 01:14:53.906, 4, 180.58 W, 33, 120 MHz, 3996 MHz, 0 %, 0 %
2026/09/22 01:14:53.906, 5, 178.64 W, 32, 120 MHz, 3996 MHz, 0 %, 0 %
2026/09/22 01:14:53.906, 6, 177.60 W, 29, 120 MHz, 3996 MHz, 0 %, 0 %
2026/09/22 01:14:53.906, 7, 179.76 W, 29, 120 MHz, 3996 MHz, 0 %, 0 %
2026/09/22 01:14:54.906, 0, 693.48 W, 55, 2032 MHz, 3996 MHz, 100 %, 23 %
2026/09/22 01:14:54.906, 1, 679.16 W, 55, 2032 MHz, 3996 MHz, 70 %, 11 %
2026/09/22 01:14:54.906, 2, 700.32 W, 46, 2032 MHz, 3996 MHz, 82 %, 33 %
2026/09/22 01:14:54.906, 3, 634.11 W, 44, 2032 MHz, 3996 MHz, 96 %, 10 %
2026/09/22 01:14:54.906, 4, 180.58 W, 33, 120 MHz, 3996 MHz, 0 %, 0 %
2026/09/22 01:14:54.906, 5, 178.64 W, 32, 120 MHz, 3996 MHz, 0 %, 0 %
2026/09/22 01:14:54.906, 6, 177.66 W, 29, 120 MHz, 3996 MHz, 0 %, 0 %
2026/09/22 01:14:54.906, 7, 179.72 W, 29, 120 MHz, 3996 MHz, 0 %, 0 %
2026/09/22 01:14:55.906, 0, 688.22 W, 60, 2032 MHz, 3996 MHz, 100 %, 22 %
2026/09/22 01:14:55.906, 1, 710.88 W, 58, 1972 MHz, 3996 MHz, 95 %, 13 %
2026/09/22 01:14:55.906, 2, 701.34 W, 50, 2032 MHz, 3996 MHz, 73 %, 36 %
2026/09/22 01:14:55.906, 3, 738.79 W, 49, 1995 MHz, 3996 MHz, 95 %, 19 %
2026/09/22 01:14:55.906, 4, 180.58 W, 33, 120 MHz, 3996 MHz, 0 %, 0 %
2026/09/22 01:14:55.906, 5, 178.64 W, 32, 120 MHz, 3996 MHz, 0 %, 0 %
2026/09/22 01:14:55.906, 6, 177.63 W, 29, 120 MHz, 3996 MHz, 0 %, 0 %
2026/09/22 01:14:55.906, 7, 179.96 W, 29, 120 MHz, 3996 MHz, 0 %, 0 %
2026/09/22 01:14:56.906, 0, 685.64 W, 56, 2032 MHz, 3996 MHz, 95 %, 35 %
2026/09/22 01:14:56.906, 1, 679.14 W, 56, 2032 MHz, 3996 MHz, 48 %, 21 %
2026/09/22 01:14:56.906, 2, 673.89 W, 45, 2032 MHz, 3996 MHz, 58 %, 31 %
2026/09/22 01:14:56.906, 3, 676.90 W, 47, 2032 MHz, 3996 MHz, 97 %, 23 %
2026/09/22 01:14:56.906, 4, 180.58 W, 33, 120 MHz, 3996 MHz, 0 %, 0 %
2026/09/22 01:14:56.906, 5, 178.64 W, 32, 120 MHz, 3996 MHz, 0 %, 0 %
2026/09/22 01:14:56.907, 6, 177.57 W, 29, 120 MHz, 3996 MHz, 0 %, 0 %
2026/09/22 01:14:56.907, 7, 179.71 W, 29, 120 MHz, 3996 MHz, 0 %, 0 %
2026/09/22 01:14:57.907, 0, 763.59 W, 60, 2010 MHz, 3996 MHz, 100 %, 9 %
2026/09/22 01:14:57.907, 1, 738.22 W, 58, 2025 MHz, 3996 MHz, 95 %, 41 %
2026/09/22 01:14:57.907, 2, 768.88 W, 51, 2025 MHz, 3996 MHz, 39 %, 14 %
2026/09/22 01:14:57.907, 3, 726.88 W, 49, 2002 MHz, 3996 MHz, 88 %, 41 %
2026/09/22 01:14:57.907, 4, 180.58 W, 33, 120 MHz, 3996 MHz, 0 %, 0 %
2026/09/22 01:14:57.907, 5, 178.64 W, 32, 120 MHz, 3996 MHz, 0 %, 0 %
2026/09/22 01:14:57.907, 6, 177.67 W, 29, 120 MHz, 3996 MHz, 0 %, 0 %
2026/09/22 01:14:57.907, 7, 180.00 W, 29, 120 MHz, 3996 MHz, 0 %, 0 %
2026/09/22 01:14:58.907, 0, 715.44 W, 59, 2032 MHz, 3996 MHz, 100 %, 40 %
2026/09/22 01:14:58.907, 1, 694.19 W, 57, 2002 MHz, 3996 MHz, 100 %, 40 %
2026/09/22 01:14:58.907, 2, 698.50 W, 48, 2032 MHz, 3996 MHz, 100 %, 47 %
2026/09/22 01:14:58.907, 3, 680.30 W, 46, 2032 MHz, 3996 MHz, 100 %, 18 %
2026/09/22 01:14:58.907, 4, 180.58 W, 33, 120 MHz, 3996 MHz, 0 %, 0 %
2026/09/22 01:14:58.907, 5, 178.64 W, 32, 120 MHz, 3996 MHz, 0 %, 0 %
2026/09/22 01:14:58.907, 6, 177.58 W, 29, 120 MHz, 3996 MHz, 0 %, 0 %
2026/09/22 01:14:58.907, 7, 179.59 W, 29, 120 MHz, 3996 MHz, 0 %, 0 %
2026/09/22 01:14:59.907, 0, 688.36 W, 57, 1980 MHz, 3996 MHz, 100 %, 9 %
2026/09/22 01:14:59.907, 1, 730.38 W, 57, 2032 MHz, 3996 MHz, 94 %, 38 %
2026/09/22 01:14:59.907, 2, 660.44 W, 47, 2025 MHz, 3996 MHz, 36 %, 15 %
2026/09/22 01:14:59.907, 3, 660.31 W, 45, 2025 MHz, 3996 MHz, 95 %, 34 %
2026/09/22 01:14:59.907, 4, 180.47 W, 33, 120 MHz, 3996 MHz, 0 %, 0 %
2026/09/22 01:14:59.907, 5, 178.64 W, 32, 120 MHz, 3996 MHz, 0 %, 0 %
2026/09/22 01:14:59.907, 6, 177.54 W, 29, 120 MHz, 3996 MHz, 0 %, 0 %
2026/09/22 01:14:59.907, 7, 179.79 W, 29, 120 MHz, 3996 MHz, 0 %, 0 %
2026/09/22 01:15:00.907, 0, 677.31 W, 58, 2032 MHz, 3996 MHz, 32 %, 13 %
2026/09/22 01:15:00.907, 1, 664.48 W, 57, 2017 MHz, 3996 MHz, 100 %, 8 %
2026/09/22 01:15:00.908, 2, 632.38 W, 43, 2032 MHz, 3996 MHz, 85 %, 8 %
2026/09/22 01:15:00.908, 3, 614.88 W, 47, 2032 MHz, 3996 MHz, 100 %, 8 %
2026/09/22 01:15:00.908, 4, 180.58 W, 33, 120 MHz, 3996 MHz, 0 %, 0 %
2026/09/22 01:15:00.908, 5, 178.64 W, 32, 120 MHz, 3996 MHz, 0 %, 0 %
2026/09/22 01:15:00.908, 6, 177.54 W, 29, 120 MHz, 3996 MHz, 0 %, 0 %
2026/09/22 01:15:00.908, 7, 179.76 W, 29, 120 MHz, 3996 MHz, 0 %, 0 %
2026/09/22 01:15:01.908, 0, 674.17 W, 60, 1987 MHz, 3996 MHz, 100 %, 10 %
2026/09/22 01:15:01.908, 1, 701.17 W, 60, 2017 MHz, 3996 MHz, 95 %, 34 %
2026/09/22 01:15:01.908, 2, 679.47 W, 49, 2032 MHz, 3996 MHz, 44 %, 19 %
2026/09/22 01:15:01.908, 3, 671.74 W, 50, 2010 MHz, 3996 MHz, 95 %, 31 %
2026/09/22 01:15:01.908, 4, 180.54 W, 33, 120 MHz, 3996 MHz, 0 %, 0 %
2026/09/22 01:15:01.908, 5, 178.64 W, 32, 120 MHz, 3996 MHz, 0 %, 0 %
2026/09/22 01:15:01.908, 6, 177.54 W, 29, 120 MHz, 3996 MHz, 0 %, 0 %
2026/09/22 01:15:01.908, 7, 179.93 W, 29, 120 MHz, 3996 MHz, 0 %, 0 %
2026/09/22 01:15:02.908, 0, 617.60 W, 59, 2032 MHz, 3996 MHz, 86 %, 43 %
2026/09/22 01:15:02.908, 1, 650.66 W, 59, 1972 MHz, 3996 MHz, 100 %, 16 %
2026/09/22 01:15:02.908, 2, 586.04 W, 44, 2032 MHz, 3996 MHz, 100 %, 44 %
2026/09/22 01:15:02.908, 3, 605.42 W, 49, 2032 MHz, 3996 MHz, 39 %, 16 %
2026/09/22 01:15:02.908, 4, 180.51 W, 33, 120 MHz, 3996 MHz, 0 %, 0 %
2026/09/22 01:15:02.908, 5, 178.64 W, 32, 120 MHz, 3996 MHz, 0 %, 0 %
2026/09/22 01:15:02.908, 6, 177.68 W, 29, 120 MHz, 3996 MHz, 0 %, 0 %
2026/09/22 01:15:02.908, 7, 179.74 W, 29, 120 MHz, 3996 MHz, 0 %, 0 %
2026/09/22 01:15:03.908, 0, 578.88 W, 53, 2032 MHz, 3996 MHz, 95 %, 37 %
2026/09/22 01:15:03.908, 1, 586.76 W, 55, 2017 MHz, 3996 MHz, 100 %, 8 %
2026/09/22 01:15:03.908, 2, 589.01 W, 43, 2032 MHz, 3996 MHz, 95 %, 38 %
2026/09/22 01:15:03.908, 3, 575.94 W, 44, 2032 MHz, 3996 MHz, 32 %, 14 %
2026/09/22 01:15:03.908, 4, 180.58 W, 33, 120 MHz, 3996 MHz, 0 %, 0 %
2026/09/22 01:15:03.908, 5, 178.64 W, 32, 120 MHz, 3996 MHz, 0 %, 0 %
2026/09/22 01:15:03.908, 6, 177.55 W, 29, 120 MHz, 3996 MHz, 0 %, 0 %
2026/09/22 01:15:03.908, 7, 180.00 W, 29, 120 MHz, 3996 MHz, 0 %, 0 %
2026/09/22 01:15:04.908, 0, 624.81 W, 53, 2032 MHz, 3996 MHz, 94 %, 34 %
2026/09/22 01:15:04.908, 1, 617.08 W, 54, 1980 MHz, 3996 MHz, 34 %, 15 %
2026/09/22 01:15:04.909, 2, 614.38 W, 43, 2032 MHz, 3996 MHz, 94 %, 29 %
2026/09/22 01:15:04.909, 3, 640.51 W, 43, 2032 MHz, 3996 MHz, 100 %, 10 %
2026/09/22 01:15:04.909, 4, 180.54 W, 33, 120 MHz, 3996 MHz, 0 %, 0 %
2026/09/22 01:15:04.909, 5, 178.64 W, 32, 120 MHz, 3996 MHz, 0 %, 0 %
2026/09/22 01:15:04.909, 6, 177.55 W, 29, 120 MHz, 3996 MHz, 0 %, 0 %
2026/09/22 01:15:04.909, 7, 179.74 W, 29, 120 MHz, 3996 MHz, 0 %, 0 %
2026/09/22 01:15:05.909, 0, 694.07 W, 54, 2032 MHz, 3996 MHz, 93 %, 22 %
2026/09/22 01:15:05.909, 1, 684.03 W, 56, 2032 MHz, 3996 MHz, 98 %, 32 %
2026/09/22 01:15:05.909, 2, 675.22 W, 44, 2032 MHz, 3996 MHz, 35 %, 16 %
2026/09/22 01:15:05.909, 3, 692.89 W, 46, 2032 MHz, 3996 MHz, 68 %, 33 %
2026/09/22 01:15:05.909, 4, 180.58 W, 33, 120 MHz, 3996 MHz, 0 %, 0 %
2026/09/22 01:15:05.909, 5, 178.64 W, 32, 120 MHz, 3996 MHz, 0 %, 0 %
2026/09/22 01:15:05.909, 6, 177.54 W, 29, 120 MHz, 3996 MHz, 0 %, 0 %
2026/09/22 01:15:05.909, 7, 179.95 W, 29, 120 MHz, 3996 MHz, 0 %, 0 %
2026/09/22 01:15:06.909, 0, 614.51 W, 58, 2025 MHz, 3996 MHz, 100 %, 57 %
2026/09/22 01:15:06.909, 1, 635.01 W, 58, 2032 MHz, 3996 MHz, 100 %, 37 %
2026/09/22 01:15:06.909, 2, 595.29 W, 48, 2032 MHz, 3996 MHz, 94 %, 53 %
2026/09/22 01:15:06.909, 3, 627.36 W, 51, 2032 MHz, 3996 MHz, 83 %, 42 %
2026/09/22 01:15:06.909, 4, 180.58 W, 33, 120 MHz, 3996 MHz, 0 %, 0 %
2026/09/22 01:15:06.909, 5, 178.64 W, 32, 120 MHz, 3996 MHz, 0 %, 0 %
2026/09/22 01:15:06.909, 6, 177.58 W, 29, 120 MHz, 3996 MHz, 0 %, 0 %
2026/09/22 01:15:06.909, 7, 180.03 W, 29, 120 MHz, 3996 MHz, 0 %, 0 %
2026/09/22 01:15:07.909, 0, 803.42 W, 58, 2032 MHz, 3996 MHz, 100 %, 56 %
2026/09/22 01:15:07.909, 1, 802.38 W, 57, 2032 MHz, 3996 MHz, 62 %, 27 %
2026/09/22 01:15:07.909, 2, 761.67 W, 46, 2032 MHz, 3996 MHz, 100 %, 56 %
2026/09/22 01:15:07.909, 3, 808.78 W, 48, 2032 MHz, 3996 MHz, 99 %, 28 %
2026/09/22 01:15:07.909, 4, 180.58 W, 33, 120 MHz, 3996 MHz, 0 %, 0 %
2026/09/22 01:15:07.909, 5, 178.64 W, 32, 120 MHz, 3996 MHz, 0 %, 0 %
2026/09/22 01:15:07.909, 6, 177.58 W, 29, 120 MHz, 3996 MHz, 0 %, 0 %
2026/09/22 01:15:07.909, 7, 180.00 W, 29, 120 MHz, 3996 MHz, 0 %, 0 %
2026/09/22 01:15:08.909, 0, 726.50 W, 55, 2032 MHz, 3996 MHz, 75 %, 19 %
2026/09/22 01:15:08.909, 1, 726.58 W, 55, 2032 MHz, 3996 MHz, 100 %, 30 %
2026/09/22 01:15:08.909, 2, 712.22 W, 47, 2032 MHz, 3996 MHz, 100 %, 12 %
2026/09/22 01:15:08.909, 3, 766.60 W, 46, 2032 MHz, 3996 MHz, 100 %, 31 %
2026/09/22 01:15:08.909, 4, 180.58 W, 33, 120 MHz, 3996 MHz, 0 %, 0 %
2026/09/22 01:15:08.909, 5, 178.64 W, 32, 120 MHz, 3996 MHz, 0 %, 0 %
2026/09/22 01:15:08.909, 6, 177.66 W, 29, 120 MHz, 3996 MHz, 0 %, 0 %
2026/09/22 01:15:08.909, 7, 180.35 W, 29, 120 MHz, 3996 MHz, 0 %, 0 %
2026/09/22 01:15:09.909, 0, 717.20 W, 58, 1897 MHz, 3996 MHz, 100 %, 11 %
2026/09/22 01:15:09.909, 1, 726.94 W, 57, 2032 MHz, 3996 MHz, 94 %, 40 %
2026/09/22 01:15:09.910, 2, 708.88 W, 49, 2017 MHz, 3996 MHz, 51 %, 19 %
2026/09/22 01:15:09.910, 3, 750.49 W, 47, 2032 MHz, 3996 MHz, 94 %, 39 %
2026/09/22 01:15:09.910, 4, 180.57 W, 33, 120 MHz, 3996 MHz, 0 %, 0 %
2026/09/22 01:15:09.910, 5, 178.64 W, 32, 120 MHz, 3996 MHz, 0 %, 0 %
2026/09/22 01:15:09.910, 6, 177.65 W, 29, 120 MHz, 3996 MHz, 0 %, 0 %
2026/09/22 01:15:09.910, 7, 180.14 W, 29, 120 MHz, 3996 MHz, 0 %, 0 %
2026/09/22 01:15:10.910, 0, 625.87 W, 56, 2032 MHz, 3996 MHz, 54 %, 28 %
2026/09/22 01:15:10.910, 1, 622.88 W, 56, 2032 MHz, 3996 MHz, 55 %, 25 %
2026/09/22 01:15:10.910, 2, 570.37 W, 44, 2032 MHz, 3996 MHz, 94 %, 17 %
2026/09/22 01:15:10.910, 3, 569.86 W, 44, 2032 MHz, 3996 MHz, 100 %, 19 %
2026/09/22 01:15:10.910, 4, 180.58 W, 33, 120 MHz, 3996 MHz, 0 %, 0 %
2026/09/22 01:15:10.910, 5, 178.64 W, 32, 120 MHz, 3996 MHz, 0 %, 0 %
2026/09/22 01:15:10.910, 6, 177.74 W, 29, 120 MHz, 3996 MHz, 0 %, 0 %
2026/09/22 01:15:10.910, 7, 180.15 W, 29, 120 MHz, 3996 MHz, 0 %, 0 %
2026/09/22 01:15:11.910, 0, 629.20 W, 59, 2032 MHz, 3996 MHz, 100 %, 36 %
2026/09/22 01:15:11.910, 1, 678.89 W, 60, 2017 MHz, 3996 MHz, 100 %, 18 %
2026/09/22 01:15:11.910, 2, 639.01 W, 46, 2032 MHz, 3996 MHz, 100 %, 46 %
2026/09/22 01:15:11.910, 3, 688.61 W, 50, 2010 MHz, 3996 MHz, 96 %, 23 %
2026/09/22 01:15:11.910, 4, 180.58 W, 33, 120 MHz, 3996 MHz, 0 %, 0 %
2026/09/22 01:15:11.910, 5, 178.64 W, 32, 120 MHz, 3996 MHz, 0 %, 0 %
2026/09/22 01:15:11.910, 6, 177.59 W, 29, 120 MHz, 3996 MHz, 0 %, 0 %
2026/09/22 01:15:11.910, 7, 180.10 W, 29, 120 MHz, 3996 MHz, 0 %, 0 %
2026/09/22 01:15:12.910, 0, 688.31 W, 56, 2032 MHz, 3996 MHz, 94 %, 43 %
2026/09/22 01:15:12.910, 1, 681.40 W, 54, 2010 MHz, 3996 MHz, 33 %, 15 %
2026/09/22 01:15:12.910, 2, 661.24 W, 45, 2032 MHz, 3996 MHz, 77 %, 39 %
2026/09/22 01:15:12.910, 3, 671.17 W, 45, 2032 MHz, 3996 MHz, 100 %, 10 %
2026/09/22 01:15:12.910, 4, 180.58 W, 33, 120 MHz, 3996 MHz, 0 %, 0 %
2026/09/22 01:15:12.910, 5, 178.64 W, 32, 120 MHz, 3996 MHz, 0 %, 0 %
2026/09/22 01:15:12.910, 6, 177.70 W, 29, 120 MHz, 3996 MHz, 0 %, 0 %
2026/09/22 01:15:12.910, 7, 180.16 W, 29, 120 MHz, 3996 MHz, 0 %, 0 %
2026/09/22 01:15:13.910, 0, 737.45 W, 57, 1987 MHz, 3996 MHz, 100 %, 8 %
2026/09/22 01:15:13.910, 1, 693.10 W, 56, 2032 MHz, 3996 MHz, 95 %, 31 %
2026/09/22 01:15:13.910, 2, 711.22 W, 47, 2032 MHz, 3996 MHz, 48 %, 25 %
2026/09/22 01:15:13.910, 3, 684.06 W, 51, 2002 MHz, 3996 MHz, 95 %, 30 %
2026/09/22 01:15:13.910, 4, 180.58 W, 33, 120 MHz, 3996 MHz, 0 %, 0 %
2026/09/22 01:15:13.910, 5, 178.64 W, 32, 120 MHz, 3996 MHz, 0 %, 0 %
2026/09/22 01:15:13.910, 6, 177.58 W, 29, 120 MHz, 3996 MHz, 0 %, 0 %
2026/09/22 01:15:13.910, 7, 180.05 W, 29, 120 MHz, 3996 MHz, 0 %, 0 %
2026/09/22 01:15:14.910, 0, 747.81 W, 57, 2032 MHz, 3996 MHz, 51 %, 27 %
2026/09/22 01:15:14.910, 1, 765.72 W, 57, 2032 MHz, 3996 MHz, 100 %, 28 %
2026/09/22 01:15:14.910, 2, 729.10 W, 47, 2032 MHz, 3996 MHz, 75 %, 37 %
2026/09/22 01:15:14.910, 3, 707.69 W, 45, 2032 MHz, 3996 MHz, 100 %, 22 %
2026/09/22 01:15:14.910, 4, 180.58 W, 33, 120 MHz, 3996 MHz, 0 %, 0 %
2026/09/22 01:15:14.910, 5, 178.64 W, 32, 120 MHz, 3996 MHz, 0 %, 0 %
2026/09/22 01:15:14.910, 6, 177.62 W, 29, 120 MHz, 3996 MHz, 0 %, 0 %
2026/09/22 01:15:14.910, 7, 180.18 W, 29, 120 MHz, 3996 MHz, 0 %, 0 %
2026/09/22 01:15:15.911, 0, 680.97 W, 55, 2032 MHz, 3996 MHz, 96 %, 15 %
2026/09/22 01:15:15.911, 1, 605.63 W, 54, 2032 MHz, 3996 MHz, 100 %, 33 %
2026/09/22 01:15:15.911, 2, 618.54 W, 44, 2032 MHz, 3996 MHz, 95 %, 35 %
2026/09/22 01:15:15.911, 3, 681.71 W, 46, 2032 MHz, 3996 MHz, 76 %, 40 %
2026/09/22 01:15:15.911, 4, 180.58 W, 33, 120 MHz, 3996 MHz, 0 %, 0 %
2026/09/22 01:15:15.911, 5, 178.64 W, 32, 120 MHz, 3996 MHz, 0 %, 0 %
2026/09/22 01:15:15.911, 6, 177.57 W, 29, 120 MHz, 3996 MHz, 0 %, 0 %
2026/09/22 01:15:15.911, 7, 180.03 W, 29, 120 MHz, 3996 MHz, 0 %, 0 %
2026/09/22 01:15:16.911, 0, 664.16 W, 54, 2032 MHz, 3996 MHz, 71 %, 36 %
2026/09/22 01:15:16.911, 1, 694.35 W, 54, 1987 MHz, 3996 MHz, 100 %, 11 %
2026/09/22 01:15:16.911, 2, 682.05 W, 46, 2032 MHz, 3996 MHz, 54 %, 24 %
2026/09/22 01:15:16.911, 3, 650.39 W, 46, 2032 MHz, 3996 MHz, 100 %, 18 %
2026/09/22 01:15:16.911, 4, 180.58 W, 33, 120 MHz, 3996 MHz, 0 %, 0 %
2026/09/22 01:15:16.911, 5, 178.64 W, 32, 120 MHz, 3996 MHz, 0 %, 0 %
2026/09/22 01:15:16.911, 6, 177.57 W, 29, 120 MHz, 3996 MHz, 0 %, 0 %
2026/09/22 01:15:16.911, 7, 180.25 W, 29, 120 MHz, 3996 MHz, 0 %, 0 %
2026/09/22 01:15:17.911, 0, 741.20 W, 59, 1965 MHz, 3996 MHz, 100 %, 8 %
2026/09/22 01:15:17.911, 1, 754.78 W, 59, 1980 MHz, 3996 MHz, 95 %, 23 %
2026/09/22 01:15:17.911, 2, 732.77 W, 49, 2017 MHz, 3996 MHz, 95 %, 11 %
2026/09/22 01:15:17.911, 3, 803.61 W, 50, 2010 MHz, 3996 MHz, 48 %, 24 %
2026/09/22 01:15:17.911, 4, 180.58 W, 33, 120 MHz, 3996 MHz, 0 %, 0 %
2026/09/22 01:15:17.911, 5, 178.64 W, 32, 120 MHz, 3996 MHz, 0 %, 0 %
2026/09/22 01:15:17.911, 6, 177.67 W, 29, 120 MHz, 3996 MHz, 0 %, 0 %
2026/09/22 01:15:17.911, 7, 180.05 W, 29, 120 MHz, 3996 MHz, 0 %, 0 %
2026/09/22 01:15:18.911, 0, 754.86 W, 60, 2017 MHz, 3996 MHz, 44 %, 22 %
2026/09/22 01:15:18.911, 1, 717.76 W, 62, 2025 MHz, 3996 MHz, 100 %, 56 %
2026/09/22 01:15:18.911, 2, 717.14 W, 51, 1965 MHz, 3996 MHz, 100 %, 56 %
2026/09/22 01:15:18.911, 3, 699.83 W, 50, 2025 MHz, 3996 MHz, 100 %, 56 %
2026/09/22 01:15:18.911, 4, 180.58 W, 33, 120 MHz, 3996 MHz, 0 %, 0 %
2026/09/22 01:15:18.911, 5, 178.64 W, 32, 120 MHz, 3996 MHz, 0 %, 0 %
2026/09/22 01:15:18.911, 6, 177.59 W, 29, 120 MHz, 3996 MHz, 0 %, 0 %
2026/09/22 01:15:18.911, 7, 180.40 W, 29, 120 MHz, 3996 MHz, 0 %, 0 %
2026/09/22 01:15:19.911, 0, 664.68 W, 54, 2032 MHz, 3996 MHz, 95 %, 12 %
2026/09/22 01:15:19.911, 1, 689.66 W, 54, 2032 MHz, 3996 MHz, 100 %, 28 %
2026/09/22 01:15:19.911, 2, 661.40 W, 45, 2032 MHz, 3996 MHz, 94 %, 35 %
2026/09/22 01:15:19.911, 3, 650.78 W, 46, 2032 MHz, 3996 MHz, 69 %, 35 %
2026/09/22 01:15:19.911, 4, 180.58 W, 33, 120 MHz, 3996 MHz, 0 %, 0 %
2026/09/22 01:15:19.911, 5, 178.64 W, 32, 120 MHz, 3996 MHz, 0 %, 0 %
2026/09/22 01:15:19.911, 6, 177.63 W, 30, 120 MHz, 3996 MHz, 0 %, 0 %
2026/09/22 01:15:19.911, 7, 180.18 W, 29, 120 MHz, 3996 MHz, 0 %, 0 %
2026/09/22 01:15:20.911, 0, 892.86 W, 63, 2002 MHz, 3996 MHz, 73 %, 34 %
2026/09/22 01:15:20.911, 1, 870.91 W, 62, 2025 MHz, 3996 MHz, 100 %, 56 %
2026/09/22 01:15:20.911, 2, 856.13 W, 51, 2017 MHz, 3996 MHz, 100 %, 56 %
2026/09/22 01:15:20.911, 3, 896.38 W, 52, 1965 MHz, 3996 MHz, 100 %, 56 %
2026/09/22 01:15:20.911, 4, 180.58 W, 33, 120 MHz, 3996 MHz, 0 %, 0 %
2026/09/22 01:15:20.912, 5, 178.64 W, 32, 120 MHz, 3996 MHz, 0 %, 0 %
2026/09/22 01:15:20.912, 6, 177.65 W, 30, 120 MHz, 3996 MHz, 0 %, 0 %
2026/09/22 01:15:20.912, 7, 180.40 W, 29, 120 MHz, 3996 MHz, 0 %, 0 %
2026/09/22 01:15:21.912, 0, 592.44 W, 60, 1965 MHz, 3996 MHz, 100 %, 10 %
2026/09/22 01:15:21.912, 1, 658.60 W, 61, 1980 MHz, 3996 MHz, 87 %, 48 %
2026/09/22 01:15:21.912, 2, 601.01 W, 50, 2010 MHz, 3996 MHz, 95 %, 37 %
2026/09/22 01:15:21.912, 3, 594.95 W, 50, 1965 MHz, 3996 MHz, 95 %, 45 %
2026/09/22 01:15:21.912, 4, 180.58 W, 33, 120 MHz, 3996 MHz, 0 %, 0 %
2026/09/22 01:15:21.912, 5, 178.64 W, 32, 120 MHz, 3996 MHz, 0 %, 0 %
2026/09/22 01:15:21.912, 6, 177.62 W, 30, 120 MHz, 3996 MHz, 0 %, 0 %
2026/09/22 01:15:21.912, 7, 180.53 W, 29, 120 MHz, 3996 MHz, 0 %, 0 %
2026/09/22 01:15:22.912, 0, 800.46 W, 57, 2032 MHz, 3996 MHz, 100 %, 55 %
2026/09/22 01:15:22.912, 1, 805.54 W, 58, 2032 MHz, 3996 MHz, 100 %, 29 %
2026/09/22 01:15:22.912, 2, 761.03 W, 48, 2032 MHz, 3996 MHz, 74 %, 38 %
2026/09/22 01:15:22.912, 3, 754.25 W, 46, 2032 MHz, 3996 MHz, 100 %, 23 %
2026/09/22 01:15:22.912, 4, 180.58 W, 33, 120 MHz, 3996 MHz, 0 %, 0 %
2026/09/22 01:15:22.912, 5, 178.64 W, 32, 120 MHz, 3996 MHz, 0 %, 0 %
2026/09/22 01:15:22.912, 6, 177.70 W, 30, 120 MHz, 3996 MHz, 0 %, 0 %
2026/09/22 01:15:22.912, 7, 180.15 W, 29, 120 MHz, 3996 MHz, 0 %, 0 %
2026/09/22 01:15:23.912, 0, 892.57 W, 59, 2032 MHz, 3996 MHz, 100 %, 55 %
2026/09/22 01:15:23.912, 1, 889.16 W, 57, 2032 MHz, 3996 MHz, 100 %, 43 %
2026/09/22 01:15:23.912, 2, 859.15 W, 48, 2032 MHz, 3996 MHz, 100 %, 54 %
2026/09/22 01:15:23.912, 3, 858.32 W, 48, 2032 MHz, 3996 MHz, 100 %, 45 %
2026/09/22 01:15:23.912, 4, 180.58 W, 33, 120 MHz, 3996 MHz, 0 %, 0 %
2026/09/22 01:15:23.912, 5, 178.64 W, 32, 120 MHz, 3996 MHz, 0 %, 0 %
2026/09/22 01:15:23.912, 6, 177.74 W, 30, 120 MHz, 3996 MHz, 0 %, 0 %
2026/09/22 01:15:23.912, 7, 180.37 W, 29, 120 MHz, 3996 MHz, 0 %, 0 %
2026/09/22 01:15:24.912, 0, 669.65 W, 54, 2032 MHz, 3996 MHz, 96 %, 7 %
2026/09/22 01:15:24.912, 1, 738.78 W, 54, 2002 MHz, 3996 MHz, 100 %, 8 %
2026/09/22 01:15:24.912, 2, 716.45 W, 44, 2032 MHz, 3996 MHz, 100 %, 7 %
2026/09/22 01:15:24.912, 3, 754.99 W, 45, 2017 MHz, 3996 MHz, 30 %, 13 %
2026/09/22 01:15:24.912, 4, 180.58 W, 34, 120 MHz, 3996 MHz, 0 %, 0 %
2026/09/22 01:15:24.912, 5, 178.64 W, 32, 120 MHz, 3996 MHz, 0 %, 0 %
2026/09/22 01:15:24.912, 6, 177.74 W, 30, 120 MHz, 3996 MHz, 0 %, 0 %
2026/09/22 01:15:24.912, 7, 180.50 W, 29, 120 MHz, 3996 MHz, 0 %, 0 %
2026/09/22 01:15:25.912, 0, 842.87 W, 62, 1987 MHz, 3996 MHz, 100 %, 8 %
2026/09/22 01:15:25.912, 1, 875.36 W, 61, 1972 MHz, 3996 MHz, 95 %, 37 %
2026/09/22 01:15:25.912, 2, 862.22 W, 52, 2010 MHz, 3996 MHz, 57 %, 31 %
2026/09/22 01:15:25.912, 3, 834.75 W, 52, 2002 MHz, 3996 MHz, 95 %, 35 %
2026/09/22 01:15:25.912, 4, 180.57 W, 34, 120 MHz, 3996 MHz, 0 %, 0 %
2026/09/22 01:15:25.912, 5, 178.64 W, 32, 120 MHz, 3996 MHz, 0 %, 0 %
2026/09/22 01:15:25.912, 6, 177.85 W, 30, 120 MHz, 3996 MHz, 0 %, 0 %
2026/09/22 01:15:25.912, 7, 180.70 W, 29, 120 MHz, 3996 MHz, 0 %, 0 %
2026/09/22 01:15:26.913, 0, 838.60 W, 59, 2032 MHz, 3996 MHz, 100 %, 55 %
2026/09/22 01:15:26.913, 1, 780.98 W, 57, 2032 MHz, 3996 MHz, 100 %, 29 %
2026/09/22 01:15:26.913, 2, 778.30 W, 50, 2032 MHz, 3996 MHz, 85 %, 43 %
2026/09/22 01:15:26.913, 3, 774.50 W, 47, 2032 MHz, 3996 MHz, 100 %, 30 %
2026/09/22 01:15:26.913, 4, 180.58 W, 34, 120 MHz, 3996 MHz, 0 %, 0 %
2026/09/22 01:15:26.913, 5, 178.64 W, 32, 120 MHz, 3996 MHz, 0 %, 0 %
2026/09/22 01:15:26.913, 6, 177.66 W, 30, 120 MHz, 3996 MHz, 0 %, 0 %
2026/09/22 01:15:26.913, 7, 180.29 W, 29, 120 MHz, 3996 MHz, 0 %, 0 %
2026/09/22 01:15:27.913, 0, 819.69 W, 64, 1950 MHz, 3996 MHz, 100 %, 57 %
2026/09/22 01:15:27.913, 1, 846.33 W, 63, 1972 MHz, 3996 MHz, 100 %, 56 %
2026/09/22 01:15:27.913, 2, 784.66 W, 53, 1957 MHz, 3996 MHz, 100 %, 55 %
2026/09/22 01:15:27.913, 3, 824.78 W, 54, 1965 MHz, 3996 MHz, 100 %, 56 %
2026/09/22 01:15:27.913, 4, 180.58 W, 34, 120 MHz, 3996 MHz, 0 %, 0 %
2026/09/22 01:15:27.913, 5, 178.64 W, 32, 120 MHz, 3996 MHz, 0 %, 0 %
2026/09/22 01:15:27.913, 6, 177.87 W, 30, 120 MHz, 3996 MHz, 0 %, 0 %
2026/09/22 01:15:27.913, 7, 180.68 W, 30, 120 MHz, 3996 MHz, 0 %, 0 %
2026/09/22 01:15:28.913, 0, 680.73 W, 57, 2032 MHz, 3996 MHz, 100 %, 56 %
2026/09/22 01:15:28.913, 1, 671.89 W, 56, 2032 MHz, 3996 MHz, 100 %, 36 %
2026/09/22 01:15:28.913, 2, 684.32 W, 47, 2032 MHz, 3996 MHz, 100 %, 46 %
2026/09/22 01:15:28.913, 3, 684.13 W, 48, 2032 MHz, 3996 MHz, 84 %, 42 %
2026/09/22 01:15:28.913, 4, 180.58 W, 34, 120 MHz, 3996 MHz, 0 %, 0 %
2026/09/22 01:15:28.913, 5, 178.64 W, 32, 120 MHz, 3996 MHz, 0 %, 0 %
2026/09/22 01:15:28.913, 6, 177.80 W, 30, 120 MHz, 3996 MHz, 0 %, 0 %
2026/09/22 01:15:28.913, 7, 180.62 W, 30, 120 MHz, 3996 MHz, 0 %, 0 %
2026/09/22 01:15:29.913, 0, 932.26 W, 65, 1987 MHz, 3996 MHz, 100 %, 56 %
2026/09/22 01:15:29.913, 1, 935.13 W, 64, 1965 MHz, 3996 MHz, 100 %, 56 %
2026/09/22 01:15:29.913, 2, 903.98 W, 54, 1957 MHz, 3996 MHz, 100 %, 55 %
2026/09/22 01:15:29.913, 3, 920.92 W, 54, 1950 MHz, 3996 MHz, 100 %, 56 %
2026/09/22 01:15:29.913, 4, 180.57 W, 34, 120 MHz, 3996 MHz, 0 %, 0 %
2026/09/22 01:15:29.913, 5, 178.64 W, 32, 120 MHz, 3996 MHz, 0 %, 0 %
2026/09/22 01:15:29.913, 6, 177.72 W, 30, 120 MHz, 3996 MHz, 0 %, 0 %
2026/09/22 01:15:29.913, 7, 180.93 W, 30, 120 MHz, 3996 MHz, 0 %, 0 %
2026/09/22 01:15:30.913, 0, 804.69 W, 58, 2032 MHz, 3996 MHz, 98 %, 56 %
2026/09/22 01:15:30.913, 1, 814.17 W, 59, 2032 MHz, 3996 MHz, 94 %, 43 %
2026/09/22 01:15:30.913, 2, 795.57 W, 48, 2032 MHz, 3996 MHz, 100 %, 47 %
2026/09/22 01:15:30.913, 3, 785.54 W, 49, 2032 MHz, 3996 MHz, 88 %, 45 %
2026/09/22 01:15:30.913, 4, 180.58 W, 34, 120 MHz, 3996 MHz, 0 %, 0 %
2026/09/22 01:15:30.913, 5, 178.64 W, 32, 120 MHz, 3996 MHz, 0 %, 0 %
2026/09/22 01:15:30.913, 6, 177.82 W, 30, 120 MHz, 3996 MHz, 0 %, 0 %
2026/09/22 01:15:30.913, 7, 180.50 W, 30, 120 MHz, 3996 MHz, 0 %, 0 %
2026/09/22 01:15:31.913, 0, 850.33 W, 64, 1965 MHz, 3996 MHz, 68 %, 15 %
2026/09/22 01:15:31.913, 1, 858.05 W, 62, 2002 MHz, 3996 MHz, 95 %, 51 %
2026/09/22 01:15:31.913, 2, 837.87 W, 51, 1965 MHz, 3996 MHz, 95 %, 41 %
2026/09/22 01:15:31.914, 3, 855.08 W, 53, 1965 MHz, 3996 MHz, 89 %, 50 %
2026/09/22 01:15:31.914, 4, 180.57 W, 34, 120 MHz, 3996 MHz, 0 %, 0 %
2026/09/22 01:15:31.914, 5, 178.64 W, 32, 120 MHz, 3996 MHz, 0 %, 0 %
2026/09/22 01:15:31.914, 6, 177.65 W, 30, 120 MHz, 3996 MHz, 0 %, 0 %
2026/09/22 01:15:31.914, 7, 180.74 W, 30, 120 MHz, 3996 MHz, 0 %, 0 %
2026/09/22 01:15:32.914, 0, 894.97 W, 57, 2032 MHz, 3996 MHz, 35 %, 15 %
2026/09/22 01:15:32.914, 1, 829.13 W, 56, 2032 MHz, 3996 MHz, 95 %, 8 %
2026/09/22 01:15:32.914, 2, 863.08 W, 48, 2032 MHz, 3996 MHz, 73 %, 10 %
2026/09/22 01:15:32.914, 3, 838.04 W, 46, 2032 MHz, 3996 MHz, 95 %, 8 %
2026/09/22 01:15:32.914, 4, 180.58 W, 34, 120 MHz, 3996 MHz, 0 %, 0 %
2026/09/22 01:15:32.914, 5, 178.64 W, 32, 120 MHz, 3996 MHz, 0 %, 0 %
2026/09/22 01:15:32.914, 6, 177.57 W, 30, 120 MHz, 3996 MHz, 0 %, 0 %
2026/09/22 01:15:32.914, 7, 180.82 W, 30, 120 MHz, 3996 MHz, 0 %, 0 %
2026/09/22 01:15:33.914, 0, 833.71 W, 60, 2025 MHz, 3996 MHz, 100 %, 56 %
2026/09/22 01:15:33.914, 1, 884.13 W, 60, 2032 MHz, 3996 MHz, 81 %, 39 %
2026/09/22 01:15:33.914, 2, 809.60 W, 49, 2032 MHz, 3996 MHz, 100 %, 44 %
2026/09/22 01:15:33.914, 3, 806.27 W, 48, 2032 MHz, 3996 MHz, 100 %, 36 %
2026/09/22 01:15:33.914, 4, 180.58 W, 34, 120 MHz, 3996 MHz, 0 %, 0 %
2026/09/22 01:15:33.914, 5, 178.64 W, 32, 120 MHz, 3996 MHz, 0 %, 0 %
2026/09/22 01:15:33.914, 6, 177.82 W, 30, 120 MHz, 3996 MHz, 0 %, 0 %
2026/09/22 01:15:33.914, 7, 180.64 W, 30, 120 MHz, 3996 MHz, 0 %, 0 %
2026/09/22 01:15:34.914, 0, 937.71 W, 65, 1965 MHz, 3996 MHz, 95 %, 36 %
2026/09/22 01:15:34.914, 1, 961.33 W, 63, 1965 MHz, 3996 MHz, 100 %, 56 %
2026/09/22 01:15:34.914, 2, 962.57 W, 54, 2017 MHz, 3996 MHz, 100 %, 56 %
2026/09/22 01:15:34.914, 3, 981.78 W, 55, 2002 MHz, 3996 MHz, 100 %, 56 %
2026/09/22 01:15:34.914, 4, 180.57 W, 34, 120 MHz, 3996 MHz, 0 %, 0 %
2026/09/22 01:15:34.914, 5, 178.64 W, 32, 120 MHz, 3996 MHz, 0 %, 0 %
2026/09/22 01:15:34.914, 6, 177.70 W, 30, 120 MHz, 3996 MHz, 0 %, 0 %
2026/09/22 01:15:34.914, 7, 180.84 W, 30, 120 MHz, 3996 MHz, 0 %, 0 %
2026/09/22 01:15:35.914, 0, 710.48 W, 57, 2032 MHz, 3996 MHz, 95 %, 9 %
2026/09/22 01:15:35.914, 1, 682.72 W, 56, 2032 MHz, 3996 MHz, 100 %, 32 %
2026/09/22 01:15:35.914, 2, 694.72 W, 48, 2032 MHz, 3996 MHz, 84 %, 40 %
2026/09/22 01:15:35.914, 3, 691.09 W, 48, 2032 MHz, 3996 MHz, 100 %, 39 %
2026/09/22 01:15:35.914, 4, 180.57 W, 34, 120 MHz, 3996 MHz, 0 %, 0 %
2026/09/22 01:15:35.914, 5, 178.64 W, 32, 120 MHz, 3996 MHz, 0 %, 0 %
2026/09/22 01:15:35.914, 6, 177.65 W, 30, 120 MHz, 3996 MHz, 0 %, 0 %
2026/09/22 01:15:35.914, 7, 180.96 W, 30, 120 MHz, 3996 MHz, 0 %, 0 %
2026/09/22 01:15:36.914, 0, 650.07 W, 58, 2017 MHz, 3996 MHz, 94 %, 38 %
2026/09/22 01:15:36.914, 1, 694.94 W, 59, 2032 MHz, 3996 MHz, 100 %, 54 %
2026/09/22 01:15:36.914, 2, 676.23 W, 51, 2002 MHz, 3996 MHz, 100 %, 56 %
2026/09/22 01:15:36.914, 3, 665.45 W, 48, 2032 MHz, 3996 MHz, 100 %, 54 %
2026/09/22 01:15:36.914, 4, 180.57 W, 34, 120 MHz, 3996 MHz, 0 %, 0 %
2026/09/22 01:15:36.914, 5, 178.64 W, 32, 120 MHz, 3996 MHz, 0 %, 0 %
2026/09/22 01:15:36.914, 6, 177.70 W, 30, 120 MHz, 3996 MHz, 0 %, 0 %
2026/09/22 01:15:36.914, 7, 180.93 W, 30, 120 MHz, 3996 MHz, 0 %, 0 %
2026/09/22 01:15:37.915, 0, 711.46 W, 61, 1972 MHz, 3996 MHz, 100 %, 15 %
2026/09/22 01:15:37.915, 1, 786.28 W, 62, 1995 MHz, 3996 MHz, 44 %, 22 %
2026/09/22 01:15:37.915, 2, 707.69 W, 51, 1965 MHz, 3996 MHz, 100 %, 8 %
2026/09/22 01:15:37.915, 3, 727.36 W, 49, 1950 MHz, 3996 MHz, 95 %, 13 %
2026/09/22 01:15:37.915, 4, 180.57 W, 34, 120 MHz, 3996 MHz, 0 %, 0 %
2026/09/22 01:15:37.915, 5, 178.64 W, 32, 120 MHz, 3996 MHz, 0 %, 0 %
2026/09/22 01:15:37.920, 6, 177.66 W, 30, 120 MHz, 3996 MHz, 0 %, 0 %
2026/09/22 01:15:37.920, 7, 180.68 W, 30, 120 MHz, 3996 MHz, 0 %, 0 %
2026/09/22 01:15:38.920, 0, 694.40 W, 56, 2032 MHz, 3996 MHz, 33 %, 14 %
2026/09/22 01:15:38.920, 1, 650.03 W, 57, 2032 MHz, 3996 MHz, 59 %, 11 %
2026/09/22 01:15:38.920, 2, 659.14 W, 45, 2032 MHz, 3996 MHz, 95 %, 8 %
2026/09/22 01:15:38.920, 3, 599.25 W, 45, 2032 MHz, 3996 MHz, 95 %, 8 %
2026/09/22 01:15:38.920, 4, 180.58 W, 34, 120 MHz, 3996 MHz, 0 %, 0 %
2026/09/22 01:15:38.920, 5, 178.64 W, 32, 120 MHz, 3996 MHz, 0 %, 0 %
2026/09/22 01:15:38.920, 6, 177.81 W, 30, 120 MHz, 3996 MHz, 0 %, 0 %
2026/09/22 01:15:38.920, 7, 181.01 W, 30, 120 MHz, 3996 MHz, 0 %, 0 %
2026/09/22 01:15:39.920, 0, 651.19 W, 56, 2032 MHz, 3996 MHz, 100 %, 25 %
2026/09/22 01:15:39.920, 1, 635.46 W, 56, 2032 MHz, 3996 MHz, 96 %, 13 %
2026/09/22 01:15:39.920, 2, 609.90 W, 46, 2032 MHz, 3996 MHz, 83 %, 12 %
2026/09/22 01:15:39.920, 3, 627.66 W, 46, 2032 MHz, 3996 MHz, 69 %, 17 %
2026/09/22 01:15:39.920, 4, 180.58 W, 34, 120 MHz, 3996 MHz, 0 %, 0 %
2026/09/22 01:15:39.920, 5, 178.64 W, 32, 120 MHz, 3996 MHz, 0 %, 0 %
2026/09/22 01:15:39.920, 6, 177.80 W, 30, 120 MHz, 3996 MHz, 0 %, 0 %
2026/09/22 01:15:39.920, 7, 180.95 W, 30, 120 MHz, 3996 MHz, 0 %, 0 %
2026/09/22 01:15:40.920, 0, 724.28 W, 64, 1965 MHz, 3996 MHz, 91 %, 22 %
2026/09/22 01:15:40.920, 1, 724.48 W, 63, 1980 MHz, 3996 MHz, 100 %, 56 %
2026/09/22 01:15:40.920, 2, 701.04 W, 52, 1965 MHz, 3996 MHz, 89 %, 50 %
2026/09/22 01:15:40.920, 3, 714.55 W, 53, 2025 MHz, 3996 MHz, 100 %, 57 %
2026/09/22 01:15:40.920, 4, 180.58 W, 34, 120 MHz, 3996 MHz, 0 %, 0 %
2026/09/22 01:15:40.920, 5, 178.64 W, 32, 120 MHz, 3996 MHz, 0 %, 0 %
2026/09/22 01:15:40.920, 6, 177.75 W, 30, 120 MHz, 3996 MHz, 0 %, 0 %
2026/09/22 01:15:40.920, 7, 180.81 W, 30, 120 MHz, 3996 MHz, 0 %, 0 %
2026/09/22 01:15:41.920, 0, 793.87 W, 58, 2032 MHz, 3996 MHz, 100 %, 56 %
2026/09/22 01:15:41.920, 1, 872.82 W, 60, 2032 MHz, 3996 MHz, 76 %, 39 %
2026/09/22 01:15:41.920, 2, 828.38 W, 48, 2032 MHz, 3996 MHz, 100 %, 43 %
2026/09/22 01:15:41.920, 3, 807.48 W, 47, 2032 MHz, 3996 MHz, 100 %, 36 %
2026/09/22 01:15:41.920, 4, 180.58 W, 34, 120 MHz, 3996 MHz, 0 %, 0 %
2026/09/22 01:15:41.920, 5, 178.64 W, 32, 120 MHz, 3996 MHz, 0 %, 0 %
2026/09/22 01:15:41.920, 6, 177.80 W, 30, 120 MHz, 3996 MHz, 0 %, 0 %
2026/09/22 01:15:41.920, 7, 181.07 W, 30, 120 MHz, 3996 MHz, 0 %, 0 %
2026/09/22 01:15:42.920, 0, 738.57 W, 62, 1980 MHz, 3996 MHz, 100 %, 7 %
2026/09/22 01:15:42.921, 1, 697.10 W, 59, 2032 MHz, 3996 MHz, 95 %, 20 %
2026/09/22 01:15:42.921, 2, 701.51 W, 51, 2025 MHz, 3996 MHz, 30 %, 14 %
2026/09/22 01:15:42.921, 3, 683.64 W, 49, 2032 MHz, 3996 MHz, 95 %, 15 %
2026/09/22 01:15:42.921, 4, 180.58 W, 34, 120 MHz, 3996 MHz, 0 %, 0 %
2026/09/22 01:15:42.921, 5, 178.64 W, 32, 120 MHz, 3996 MHz, 0 %, 0 %
2026/09/22 01:15:42.921, 6, 177.87 W, 30, 120 MHz, 3996 MHz, 0 %, 0 %
2026/09/22 01:15:42.921, 7, 181.07 W, 30, 120 MHz, 3996 MHz, 0 %, 0 %
2026/09/22 01:15:43.921, 0, 595.67 W, 56, 2032 MHz, 3996 MHz, 100 %, 9 %
2026/09/22 01:15:43.921, 1, 622.08 W, 61, 2032 MHz, 3996 MHz, 95 %, 36 %
2026/09/22 01:15:43.921, 2, 595.96 W, 45, 2032 MHz, 3996 MHz, 75 %, 36 %
2026/09/22 01:15:43.921, 3, 648.47 W, 47, 2032 MHz, 3996 MHz, 86 %, 40 %
2026/09/22 01:15:43.921, 4, 180.58 W, 34, 120 MHz, 3996 MHz, 0 %, 0 %
2026/09/22 01:15:43.921, 5, 178.64 W, 32, 120 MHz, 3996 MHz, 0 %, 0 %
2026/09/22 01:15:43.921, 6, 177.62 W, 30, 120 MHz, 3996 MHz, 0 %, 0 %
2026/09/22 01:15:43.921, 7, 181.06 W, 30, 120 MHz, 3996 MHz, 0 %, 0 %
2026/09/22 01:15:44.921, 0, 794.45 W, 58, 2032 MHz, 3996 MHz, 100 %, 56 %
2026/09/22 01:15:44.921, 1, 772.85 W, 60, 2032 MHz, 3996 MHz, 100 %, 26 %
2026/09/22 01:15:44.921, 2, 746.54 W, 47, 2032 MHz, 3996 MHz, 100 %, 37 %
2026/09/22 01:15:44.921, 3, 815.05 W, 48, 2032 MHz, 3996 MHz, 73 %, 36 %
2026/09/22 01:15:44.921, 4, 180.58 W, 34, 120 MHz, 3996 MHz, 0 %, 0 %
2026/09/22 01:15:44.921, 5, 178.64 W, 32, 120 MHz, 3996 MHz, 0 %, 0 %
2026/09/22 01:15:44.921, 6, 177.81 W, 30, 120 MHz, 3996 MHz, 0 %, 0 %
2026/09/22 01:15:44.921, 7, 180.88 W, 30, 120 MHz, 3996 MHz, 0 %, 0 %
2026/09/22 01:15:45.921, 0, 723.10 W, 59, 2002 MHz, 3996 MHz, 95 %, 54 %
2026/09/22 01:15:45.921, 1, 687.46 W, 62, 2032 MHz, 3996 MHz, 100 %, 55 %
2026/09/22 01:15:45.921, 2, 672.55 W, 46, 2032 MHz, 3996 MHz, 100 %, 56 %
2026/09/22 01:15:45.921, 3, 695.76 W, 50, 2032 MHz, 3996 MHz, 100 %, 55 %
2026/09/22 01:15:45.921, 4, 180.58 W, 34, 120 MHz, 3996 MHz, 0 %, 0 %
2026/09/22 01:15:45.921, 5, 178.64 W, 32, 120 MHz, 3996 MHz, 0 %, 0 %
2026/09/22 01:15:45.921, 6, 177.65 W, 30, 120 MHz, 3996 MHz, 0 %, 0 %
2026/09/22 01:15:45.921, 7, 181.09 W, 30, 120 MHz, 3996 MHz, 0 %, 0 %
2026/09/22 01:15:46.921, 0, 703.40 W, 62, 1980 MHz, 3996 MHz, 95 %, 15 %
2026/09/22 01:15:46.921, 1, 685.88 W, 61, 2032 MHz, 3996 MHz, 100 %, 56 %
2026/09/22 01:15:46.921, 2, 653.31 W, 48, 2025 MHz, 3996 MHz, 96 %, 54 %
2026/09/22 01:15:46.921, 3, 689.15 W, 51, 2032 MHz, 3996 MHz, 100 %, 56 %
2026/09/22 01:15:46.921, 4, 180.58 W, 34, 120 MHz, 3996 MHz, 0 %, 0 %
2026/09/22 01:15:46.921, 5, 178.64 W, 32, 120 MHz, 3996 MHz, 0 %, 0 %
2026/09/22 01:15:46.921, 6, 177.66 W, 30, 120 MHz, 3996 MHz, 0 %, 0 %
2026/09/22 01:15:46.921, 7, 181.17 W, 30, 120 MHz, 3996 MHz, 0 %, 0 %
2026/09/22 01:15:47.921, 0, 550.69 W, 56, 2032 MHz, 3996 MHz, 33 %, 15 %
2026/09/22 01:15:47.921, 1, 569.15 W, 56, 2032 MHz, 3996 MHz, 100 %, 35 %
2026/09/22 01:15:47.921, 2, 527.86 W, 46, 2032 MHz, 3996 MHz, 89 %, 41 %
2026/09/22 01:15:47.922, 3, 516.00 W, 47, 2032 MHz, 3996 MHz, 84 %, 42 %
2026/09/22 01:15:47.922, 4, 180.58 W, 34, 120 MHz, 3996 MHz, 0 %, 0 %
2026/09/22 01:15:47.922, 5, 178.64 W, 32, 120 MHz, 3996 MHz, 0 %, 0 %
2026/09/22 01:15:47.922, 6, 177.71 W, 30, 120 MHz, 3996 MHz, 0 %, 0 %
2026/09/22 01:15:47.922, 7, 180.95 W, 30, 120 MHz, 3996 MHz, 0 %, 0 %
2026/09/22 01:15:48.922, 0, 697.25 W, 57, 2032 MHz, 3996 MHz, 100 %, 28 %
2026/09/22 01:15:48.922, 1, 675.54 W, 56, 2032 MHz, 3996 MHz, 95 %, 15 %
2026/09/22 01:15:48.922, 2, 684.78 W, 46, 2032 MHz, 3996 MHz, 56 %, 24 %
2026/09/22 01:15:48.922, 3, 687.15 W, 46, 2032 MHz, 3996 MHz, 95 %, 15 %
2026/09/22 01:15:48.922, 4, 180.58 W, 34, 120 MHz, 3996 MHz, 0 %, 0 %
2026/09/22 01:15:48.922, 5, 178.64 W, 32, 120 MHz, 3996 MHz, 0 %, 0 %
2026/09/22 01:15:48.922, 6, 177.96 W, 30, 120 MHz, 3996 MHz, 0 %, 0 %
2026/09/22 01:15:48.922, 7, 181.02 W, 30, 120 MHz, 3996 MHz, 0 %, 0 %
2026/09/22 01:15:49.922, 0, 705.25 W, 58, 2032 MHz, 3996 MHz, 100 %, 38 %
2026/09/22 01:15:49.922, 1, 692.99 W, 59, 2032 MHz, 3996 MHz, 77 %, 40 %
2026/09/22 01:15:49.922, 2, 699.73 W, 46, 2032 MHz, 3996 MHz, 100 %, 43 %
2026/09/22 01:15:49.922, 3, 699.14 W, 47, 2032 MHz, 3996 MHz, 100 %, 35 %
2026/09/22 01:15:49.922, 4, 180.58 W, 34, 120 MHz, 3996 MHz, 0 %, 0 %
2026/09/22 01:15:49.922, 5, 178.64 W, 32, 120 MHz, 3996 MHz, 0 %, 0 %
2026/09/22 01:15:49.922, 6, 177.80 W, 30, 120 MHz, 3996 MHz, 0 %, 0 %
2026/09/22 01:15:49.922, 7, 181.01 W, 30, 120 MHz, 3996 MHz, 0 %, 0 %
2026/09/22 01:15:50.922, 0, 770.22 W, 63, 2010 MHz, 3996 MHz, 94 %, 42 %
2026/09/22 01:15:50.922, 1, 750.99 W, 64, 2010 MHz, 3996 MHz, 100 %, 53 %
2026/09/22 01:15:50.922, 2, 747.72 W, 50, 2032 MHz, 3996 MHz, 100 %, 55 %
2026/09/22 01:15:50.922, 3, 745.65 W, 52, 2032 MHz, 3996 MHz, 100 %, 53 %
2026/09/22 01:15:50.922, 4, 180.58 W, 34, 120 MHz, 3996 MHz, 0 %, 0 %
2026/09/22 01:15:50.922, 5, 178.64 W, 32, 120 MHz, 3996 MHz, 0 %, 0 %
2026/09/22 01:15:50.922, 6, 177.79 W, 29, 120 MHz, 3996 MHz, 0 %, 0 %
2026/09/22 01:15:50.925, 7, 180.89 W, 30, 120 MHz, 3996 MHz, 0 %, 0 %
2026/09/22 01:15:51.925, 0, 627.02 W, 56, 2032 MHz, 3996 MHz, 95 %, 22 %
2026/09/22 01:15:51.925, 1, 702.20 W, 62, 2032 MHz, 3996 MHz, 100 %, 29 %
2026/09/22 01:15:51.925, 2, 623.59 W, 49, 2032 MHz, 3996 MHz, 100 %, 32 %
2026/09/22 01:15:51.925, 3, 673.32 W, 49, 2032 MHz, 3996 MHz, 81 %, 37 %
2026/09/22 01:15:51.925, 4, 180.58 W, 34, 120 MHz, 3996 MHz, 0 %, 0 %
2026/09/22 01:15:51.925, 5, 178.64 W, 32, 120 MHz, 3996 MHz, 0 %, 0 %
2026/09/22 01:15:51.925, 6, 177.74 W, 30, 120 MHz, 3996 MHz, 0 %, 0 %
2026/09/22 01:15:51.925, 7, 180.86 W, 30, 120 MHz, 3996 MHz, 0 %, 0 %
2026/09/22 01:15:52.925, 0, 801.63 W, 63, 2002 MHz, 3996 MHz, 74 %, 37 %
2026/09/22 01:15:52.925, 1, 791.54 W, 57, 2025 MHz, 3996 MHz, 73 %, 15 %
2026/09/22 01:15:52.925, 2, 768.91 W, 48, 2025 MHz, 3996 MHz, 100 %, 9 %
2026/09/22 01:15:52.925, 3, 793.49 W, 51, 2025 MHz, 3996 MHz, 100 %, 10 %
2026/09/22 01:15:52.925, 4, 180.58 W, 34, 120 MHz, 3996 MHz, 0 %, 0 %
2026/09/22 01:15:52.925, 5, 178.64 W, 32, 120 MHz, 3996 MHz, 0 %, 0 %
2026/09/22 01:15:52.925, 6, 177.72 W, 30, 120 MHz, 3996 MHz, 0 %, 0 %
2026/09/22 01:15:52.925, 7, 180.93 W, 30, 120 MHz, 3996 MHz, 0 %, 0 %
2026/09/22 01:15:53.925, 0, 646.98 W, 56, 2032 MHz, 3996 MHz, 100 %, 8 %
2026/09/22 01:15:53.925, 1, 660.49 W, 60, 2032 MHz, 3996 MHz, 100 %, 8 %
2026/09/22 01:15:53.928, 2, 680.51 W, 50, 2032 MHz, 3996 MHz, 32 %, 13 %
2026/09/22 01:15:53.928, 3, 684.72 W, 45, 2032 MHz, 3996 MHz, 100 %, 8 %
2026/09/22 01:15:53.928, 4, 180.58 W, 34, 120 MHz, 3996 MHz, 0 %, 0 %
2026/09/22 01:15:53.928, 5, 178.64 W, 32, 120 MHz, 3996 MHz, 0 %, 0 %
2026/09/22 01:15:53.928, 6, 177.83 W, 30, 120 MHz, 3996 MHz, 0 %, 0 %
2026/09/22 01:15:53.928, 7, 180.84 W, 30, 120 MHz, 3996 MHz, 0 %, 0 %
2026/09/22 01:15:54.928, 0, 755.00 W, 58, 2032 MHz, 3996 MHz, 49 %, 21 %
2026/09/22 01:15:54.928, 1, 733.17 W, 61, 2025 MHz, 3996 MHz, 100 %, 9 %
2026/09/22 01:15:54.928, 2, 649.47 W, 51, 2002 MHz, 3996 MHz, 100 %, 11 %
2026/09/22 01:15:54.928, 3, 715.03 W, 46, 2002 MHz, 3996 MHz, 100 %, 9 %
2026/09/22 01:15:54.928, 4, 180.57 W, 34, 120 MHz, 3996 MHz, 0 %, 0 %
2026/09/22 01:15:54.928, 5, 178.64 W, 32, 120 MHz, 3996 MHz, 0 %, 0 %
2026/09/22 01:15:54.928, 6, 177.77 W, 30, 120 MHz, 3996 MHz, 0 %, 0 %
2026/09/22 01:15:54.928, 7, 180.97 W, 30, 120 MHz, 3996 MHz, 0 %, 0 %
2026/09/22 01:15:55.928, 0, 685.92 W, 59, 2032 MHz, 3996 MHz, 82 %, 26 %
2026/09/22 01:15:55.928, 1, 701.03 W, 62, 2032 MHz, 3996 MHz, 100 %, 23 %
2026/09/22 01:15:55.928, 2, 673.62 W, 50, 2032 MHz, 3996 MHz, 100 %, 26 %
2026/09/22 01:15:55.928, 3, 651.75 W, 47, 2032 MHz, 3996 MHz, 54 %, 24 %
2026/09/22 01:15:55.928, 4, 180.57 W, 34, 120 MHz, 3996 MHz, 0 %, 0 %
2026/09/22 01:15:55.928, 5, 178.64 W, 32, 120 MHz, 3996 MHz, 0 %, 0 %
2026/09/22 01:15:55.928, 6, 177.82 W, 30, 120 MHz, 3996 MHz, 0 %, 0 %
2026/09/22 01:15:55.928, 7, 180.84 W, 30, 120 MHz, 3996 MHz, 0 %, 0 %
2026/09/22 01:15:56.928, 0, 744.20 W, 59, 2010 MHz, 3996 MHz, 95 %, 35 %
2026/09/22 01:15:56.928, 1, 744.93 W, 56, 2032 MHz, 3996 MHz, 75 %, 36 %
2026/09/22 01:15:56.928, 2, 714.70 W, 45, 2032 MHz, 3996 MHz, 95 %, 30 %
2026/09/22 01:15:56.928, 3, 758.34 W, 46, 2032 MHz, 3996 MHz, 95 %, 34 %
2026/09/22 01:15:56.928, 4, 180.58 W, 34, 120 MHz, 3996 MHz, 0 %, 0 %
2026/09/22 01:15:56.928, 5, 178.64 W, 32, 120 MHz, 3996 MHz, 0 %, 0 %
2026/09/22 01:15:56.928, 6, 178.04 W, 30, 120 MHz, 3996 MHz, 0 %, 0 %
2026/09/22 01:15:56.928, 7, 181.14 W, 30, 120 MHz, 3996 MHz, 0 %, 0 %
2026/09/22 01:15:57.928, 0, 719.99 W, 63, 2032 MHz, 3996 MHz, 94 %, 20 %
2026/09/22 01:15:57.928, 1, 695.02 W, 56, 2032 MHz, 3996 MHz, 95 %, 26 %
2026/09/22 01:15:57.928, 2, 708.47 W, 46, 2032 MHz, 3996 MHz, 54 %, 24 %
2026/09/22 01:15:57.928, 3, 716.47 W, 46, 2032 MHz, 3996 MHz, 95 %, 28 %
2026/09/22 01:15:57.928, 4, 180.58 W, 34, 120 MHz, 3996 MHz, 0 %, 0 %
2026/09/22 01:15:57.928, 5, 178.64 W, 32, 120 MHz, 3996 MHz, 0 %, 0 %
2026/09/22 01:15:57.928, 6, 178.11 W, 30, 120 MHz, 3996 MHz, 0 %, 0 %
2026/09/22 01:15:57.928, 7, 180.97 W, 30, 120 MHz, 3996 MHz, 0 %, 0 %
2026/09/22 01:15:58.929, 0, 671.30 W, 55, 2032 MHz, 3996 MHz, 100 %, 8 %
2026/09/22 01:15:58.929, 1, 665.28 W, 61, 1987 MHz, 3996 MHz, 100 %, 8 %
2026/09/22 01:15:58.929, 2, 680.33 W, 49, 2032 MHz, 3996 MHz, 33 %, 14 %
2026/09/22 01:15:58.929, 3, 678.46 W, 51, 1980 MHz, 3996 MHz, 100 %, 8 %
2026/09/22 01:15:58.929, 4, 180.58 W, 34, 120 MHz, 3996 MHz, 0 %, 0 %
2026/09/22 01:15:58.929, 5, 178.64 W, 32, 120 MHz, 3996 MHz, 0 %, 0 %
2026/09/22 01:15:58.929, 6, 177.70 W, 30, 120 MHz, 3996 MHz, 0 %, 0 %
2026/09/22 01:15:58.929, 7, 180.67 W, 30, 120 MHz, 3996 MHz, 0 %, 0 %
2026/09/22 01:15:59.929, 0, 770.03 W, 62, 2010 MHz, 3996 MHz, 95 %, 23 %
2026/09/22 01:15:59.929, 1, 774.33 W, 61, 2017 MHz, 3996 MHz, 95 %, 27 %
2026/09/22 01:15:59.929, 2, 720.47 W, 47, 2032 MHz, 3996 MHz, 40 %, 18 %
2026/09/22 01:15:59.929, 3, 779.18 W, 49, 2032 MHz, 3996 MHz, 95 %, 29 %
2026/09/22 01:15:59.929, 4, 180.58 W, 34, 120 MHz, 3996 MHz, 0 %, 0 %
2026/09/22 01:15:59.929, 5, 178.64 W, 32, 120 MHz, 3996 MHz, 0 %, 0 %
2026/09/22 01:15:59.929, 6, 177.99 W, 30, 120 MHz, 3996 MHz, 0 %, 0 %
2026/09/22 01:15:59.929, 7, 181.02 W, 30, 120 MHz, 3996 MHz, 0 %, 0 %
2026/09/22 01:16:00.929, 0, 717.11 W, 62, 1980 MHz, 3996 MHz, 95 %, 50 %
2026/09/22 01:16:00.929, 1, 728.34 W, 59, 1972 MHz, 3996 MHz, 95 %, 53 %
2026/09/22 01:16:00.929, 2, 672.93 W, 47, 2002 MHz, 3996 MHz, 95 %, 42 %
2026/09/22 01:16:00.929, 3, 684.54 W, 47, 2025 MHz, 3996 MHz, 91 %, 52 %
2026/09/22 01:16:00.929, 4, 180.58 W, 34, 120 MHz, 3996 MHz, 0 %, 0 %
2026/09/22 01:16:00.929, 5, 178.64 W, 32, 120 MHz, 3996 MHz, 0 %, 0 %
2026/09/22 01:16:00.929, 6, 177.98 W, 30, 120 MHz, 3996 MHz, 0 %, 0 %
2026/09/22 01:16:00.929, 7, 180.95 W, 30, 120 MHz, 3996 MHz, 0 %, 0 %
2026/09/22 01:16:01.929, 0, 651.87 W, 56, 2032 MHz, 3996 MHz, 100 %, 19 %
2026/09/22 01:16:01.929, 1, 678.91 W, 61, 2032 MHz, 3996 MHz, 48 %, 22 %
2026/09/22 01:16:01.929, 2, 607.49 W, 50, 2032 MHz, 3996 MHz, 100 %, 27 %
2026/09/22 01:16:01.929, 3, 640.73 W, 49, 2032 MHz, 3996 MHz, 100 %, 17 %
2026/09/22 01:16:01.929, 4, 180.58 W, 34, 120 MHz, 3996 MHz, 0 %, 0 %
2026/09/22 01:16:01.929, 5, 178.64 W, 32, 120 MHz, 3996 MHz, 0 %, 0 %
2026/09/22 01:16:01.929, 6, 177.74 W, 30, 120 MHz, 3996 MHz, 0 %, 0 %
2026/09/22 01:16:01.929, 7, 181.09 W, 30, 120 MHz, 3996 MHz, 0 %, 0 %
2026/09/22 01:16:02.929, 0, 829.95 W, 64, 1980 MHz, 3996 MHz, 98 %, 19 %
2026/09/22 01:16:02.929, 1, 821.30 W, 63, 2017 MHz, 3996 MHz, 100 %, 20 %
2026/09/22 01:16:02.929, 2, 869.98 W, 53, 1995 MHz, 3996 MHz, 68 %, 27 %
2026/09/22 01:16:02.929, 3, 832.09 W, 53, 1965 MHz, 3996 MHz, 99 %, 19 %
2026/09/22 01:16:02.929, 4, 180.58 W, 34, 120 MHz, 3996 MHz, 0 %, 0 %
2026/09/22 01:16:02.929, 5, 178.64 W, 32, 120 MHz, 3996 MHz, 0 %, 0 %
2026/09/22 01:16:02.929, 6, 177.87 W, 30, 120 MHz, 3996 MHz, 0 %, 0 %
2026/09/22 01:16:02.929, 7, 180.96 W, 30, 120 MHz, 3996 MHz, 0 %, 0 %
2026/09/22 01:16:03.929, 0, 743.57 W, 63, 2002 MHz, 3996 MHz, 95 %, 47 %
2026/09/22 01:16:03.930, 1, 767.64 W, 62, 1972 MHz, 3996 MHz, 89 %, 50 %
2026/09/22 01:16:03.930, 2, 746.05 W, 53, 1965 MHz, 3996 MHz, 95 %, 39 %
2026/09/22 01:16:03.930, 3, 695.94 W, 53, 2002 MHz, 3996 MHz, 95 %, 48 %
2026/09/22 01:16:03.930, 4, 180.57 W, 34, 120 MHz, 3996 MHz, 0 %, 0 %
2026/09/22 01:16:03.930, 5, 178.64 W, 32, 120 MHz, 3996 MHz, 0 %, 0 %
2026/09/22 01:16:03.930, 6, 177.95 W, 30, 120 MHz, 3996 MHz, 0 %, 0 %
2026/09/22 01:16:03.930, 7, 181.04 W, 30, 120 MHz, 3996 MHz, 0 %, 0 %
2026/09/22 01:16:04.930, 0, 744.24 W, 58, 2032 MHz, 3996 MHz, 95 %, 37 %
2026/09/22 01:16:04.930, 1, 726.28 W, 59, 2032 MHz, 3996 MHz, 95 %, 40 %
2026/09/22 01:16:04.930, 2, 689.21 W, 46, 2032 MHz, 3996 MHz, 69 %, 36 %
2026/09/22 01:16:04.930, 3, 704.09 W, 46, 2032 MHz, 3996 MHz, 95 %, 38 %
2026/09/22 01:16:04.930, 4, 180.58 W, 34, 120 MHz, 3996 MHz, 0 %, 0 %
2026/09/22 01:16:04.930, 5, 178.64 W, 32, 120 MHz, 3996 MHz, 0 %, 0 %
2026/09/22 01:16:04.930, 6, 177.87 W, 30, 120 MHz, 3996 MHz, 0 %, 0 %
2026/09/22 01:16:04.930, 7, 181.14 W, 30, 120 MHz, 3996 MHz, 0 %, 0 %
2026/09/22 01:16:05.930, 0, 745.34 W, 58, 2032 MHz, 3996 MHz, 100 %, 35 %
2026/09/22 01:16:05.930, 1, 729.27 W, 57, 2032 MHz, 3996 MHz, 100 %, 31 %
2026/09/22 01:16:05.930, 2, 762.53 W, 47, 2032 MHz, 3996 MHz, 92 %, 47 %
2026/09/22 01:16:05.930, 3, 760.45 W, 46, 2032 MHz, 3996 MHz, 100 %, 33 %
2026/09/22 01:16:05.930, 4, 180.58 W, 34, 120 MHz, 3996 MHz, 0 %, 0 %
2026/09/22 01:16:05.930, 5, 178.64 W, 32, 120 MHz, 3996 MHz, 0 %, 0 %
2026/09/22 01:16:05.930, 6, 177.95 W, 30, 120 MHz, 3996 MHz, 0 %, 0 %
2026/09/22 01:16:05.930, 7, 181.10 W, 30, 120 MHz, 3996 MHz, 0 %, 0 %
2026/09/22 01:16:06.930, 0, 708.25 W, 63, 1980 MHz, 3996 MHz, 100 %, 55 %
2026/09/22 01:16:06.930, 1, 724.81 W, 63, 1972 MHz, 3996 MHz, 100 %, 55 %
2026/09/22 01:16:06.930, 2, 689.07 W, 49, 1980 MHz, 3996 MHz, 100 %, 56 %
2026/09/22 01:16:06.930, 3, 696.05 W, 48, 2017 MHz, 3996 MHz, 100 %, 55 %
2026/09/22 01:16:06.931, 4, 180.58 W, 34, 120 MHz, 3996 MHz, 0 %, 0 %
2026/09/22 01:16:06.931, 5, 178.64 W, 32, 120 MHz, 3996 MHz, 0 %, 0 %
2026/09/22 01:16:06.931, 6, 177.94 W, 30, 120 MHz, 3996 MHz, 0 %, 0 %
2026/09/22 01:16:06.931, 7, 181.33 W, 30, 120 MHz, 3996 MHz, 0 %, 0 %
2026/09/22 01:16:07.931, 0, 775.62 W, 58, 2032 MHz, 3996 MHz, 100 %, 26 %
2026/09/22 01:16:07.931, 1, 857.24 W, 58, 2032 MHz, 3996 MHz, 100 %, 22 %
2026/09/22 01:16:07.931, 2, 764.13 W, 46, 2032 MHz, 3996 MHz, 100 %, 33 %
2026/09/22 01:16:07.931, 3, 767.96 W, 46, 2032 MHz, 3996 MHz, 61 %, 30 %
2026/09/22 01:16:07.931, 4, 180.58 W, 34, 120 MHz, 3996 MHz, 0 %, 0 %
2026/09/22 01:16:07.931, 5, 178.64 W, 32, 120 MHz, 3996 MHz, 0 %, 0 %
2026/09/22 01:16:07.931, 6, 177.80 W, 30, 120 MHz, 3996 MHz, 0 %, 0 %
2026/09/22 01:16:07.931, 7, 180.90 W, 30, 120 MHz, 3996 MHz, 0 %, 0 %
2026/09/22 01:16:08.931, 0, 725.39 W, 63, 1965 MHz, 3996 MHz, 100 %, 56 %
2026/09/22 01:16:08.931, 1, 689.34 W, 62, 1965 MHz, 3996 MHz, 100 %, 56 %
2026/09/22 01:16:08.931, 2, 720.28 W, 53, 1987 MHz, 3996 MHz, 90 %, 51 %
2026/09/22 01:16:08.931, 3, 720.19 W, 53, 1965 MHz, 3996 MHz, 100 %, 56 %
2026/09/22 01:16:08.931, 4, 180.57 W, 34, 120 MHz, 3996 MHz, 0 %, 0 %
2026/09/22 01:16:08.931, 5, 178.64 W, 32, 120 MHz, 3996 MHz, 0 %, 0 %
2026/09/22 01:16:08.931, 6, 177.82 W, 30, 120 MHz, 3996 MHz, 0 %, 0 %
2026/09/22 01:16:08.931, 7, 181.10 W, 30, 120 MHz, 3996 MHz, 0 %, 0 %
2026/09/22 01:16:09.931, 0, 792.61 W, 59, 2032 MHz, 3996 MHz, 100 %, 34 %
2026/09/22 01:16:09.931, 1, 829.56 W, 58, 2032 MHz, 3996 MHz, 100 %, 29 %
2026/09/22 01:16:09.931, 2, 762.74 W, 48, 2032 MHz, 3996 MHz, 86 %, 43 %
2026/09/22 01:16:09.931, 3, 799.30 W, 52, 2032 MHz, 3996 MHz, 100 %, 38 %
2026/09/22 01:16:09.931, 4, 180.58 W, 34, 120 MHz, 3996 MHz, 0 %, 0 %
2026/09/22 01:16:09.931, 5, 178.64 W, 32, 120 MHz, 3996 MHz, 0 %, 0 %
2026/09/22 01:16:09.931, 6, 177.75 W, 30, 120 MHz, 3996 MHz, 0 %, 0 %
2026/09/22 01:16:09.932, 7, 180.93 W, 30, 120 MHz, 3996 MHz, 0 %, 0 %
2026/09/22 01:16:10.932, 0, 870.22 W, 61, 2032 MHz, 3996 MHz, 46 %, 20 %
2026/09/22 01:16:10.932, 1, 857.57 W, 60, 2010 MHz, 3996 MHz, 73 %, 19 %
2026/09/22 01:16:10.932, 2, 836.45 W, 52, 2032 MHz, 3996 MHz, 100 %, 16 %
2026/09/22 01:16:10.932, 3, 874.53 W, 53, 2002 MHz, 3996 MHz, 100 %, 12 %
2026/09/22 01:16:10.932, 4, 180.58 W, 34, 120 MHz, 3996 MHz, 0 %, 0 %
2026/09/22 01:16:10.932, 5, 178.64 W, 33, 120 MHz, 3996 MHz, 0 %, 0 %
2026/09/22 01:16:10.932, 6, 177.93 W, 30, 120 MHz, 3996 MHz, 0 %, 0 %
2026/09/22 01:16:10.932, 7, 181.08 W, 30, 120 MHz, 3996 MHz, 0 %, 0 %
2026/09/22 01:16:11.932, 0, 864.24 W, 66, 1965 MHz, 3996 MHz, 100 %, 56 %
2026/09/22 01:16:11.932, 1, 888.23 W, 63, 2032 MHz, 3996 MHz, 100 %, 56 %
2026/09/22 01:16:11.932, 2, 819.86 W, 50, 1957 MHz, 3996 MHz, 100 %, 56 %
2026/09/22 01:16:11.932, 3, 856.24 W, 50, 2017 MHz, 3996 MHz, 100 %, 56 %
2026/09/22 01:16:11.932, 4, 180.58 W, 34, 120 MHz, 3996 MHz, 0 %, 0 %
2026/09/22 01:16:11.932, 5, 178.64 W, 33, 120 MHz, 3996 MHz, 0 %, 0 %
2026/09/22 01:16:11.932, 6, 177.84 W, 30, 120 MHz, 3996 MHz, 0 %, 0 %
2026/09/22 01:16:11.932, 7, 180.80 W, 30, 120 MHz, 3996 MHz, 0 %, 0 %
2026/09/22 01:16:12.932, 0, 791.08 W, 65, 1965 MHz, 3996 MHz, 100 %, 56 %
2026/09/22 01:16:12.932, 1, 799.64 W, 64, 2002 MHz, 3996 MHz, 100 %, 55 %
2026/09/22 01:16:12.932, 2, 796.92 W, 53, 1980 MHz, 3996 MHz, 100 %, 56 %
2026/09/22 01:16:12.932, 3, 820.07 W, 54, 1950 MHz, 3996 MHz, 100 %, 56 %
2026/09/22 01:16:12.932, 4, 180.58 W, 34, 120 MHz, 3996 MHz, 0 %, 0 %
2026/09/22 01:16:12.932, 5, 178.64 W, 33, 120 MHz, 3996 MHz, 0 %, 0 %
2026/09/22 01:16:12.932, 6, 177.90 W, 30, 120 MHz, 3996 MHz, 0 %, 0 %
2026/09/22 01:16:12.932, 7, 180.93 W, 30, 120 MHz, 3996 MHz, 0 %, 0 %
2026/09/22 01:16:13.932, 0, 766.41 W, 60, 2032 MHz, 3996 MHz, 100 %, 8 %
2026/09/22 01:16:13.933, 1, 784.97 W, 60, 1980 MHz, 3996 MHz, 100 %, 8 %
2026/09/22 01:16:13.933, 2, 792.50 W, 53, 2017 MHz, 3996 MHz, 31 %, 14 %
2026/09/22 01:16:13.933, 3, 767.36 W, 51, 1995 MHz, 3996 MHz, 100 %, 8 %
2026/09/22 01:16:13.933, 4, 180.58 W, 34, 120 MHz, 3996 MHz, 0 %, 0 %
2026/09/22 01:16:13.933, 5, 178.64 W, 33, 120 MHz, 3996 MHz, 0 %, 0 %
2026/09/22 01:16:13.933, 6, 177.80 W, 30, 120 MHz, 3996 MHz, 0 %, 0 %
2026/09/22 01:16:13.933, 7, 180.93 W, 30, 120 MHz, 3996 MHz, 0 %, 0 %
2026/09/22 01:16:14.933, 0, 997.66 W, 66, 1942 MHz, 3996 MHz, 100 %, 55 %
2026/09/22 01:16:14.933, 1, 991.63 W, 65, 1995 MHz, 3996 MHz, 100 %, 55 %
2026/09/22 01:16:14.933, 2, 951.24 W, 54, 1965 MHz, 3996 MHz, 100 %, 55 %
2026/09/22 01:16:14.933, 3, 951.64 W, 55, 1980 MHz, 3996 MHz, 100 %, 55 %
2026/09/22 01:16:14.933, 4, 180.58 W, 34, 120 MHz, 3996 MHz, 0 %, 0 %
2026/09/22 01:16:14.933, 5, 178.64 W, 33, 120 MHz, 3996 MHz, 0 %, 0 %
2026/09/22 01:16:14.933, 6, 177.86 W, 30, 120 MHz, 3996 MHz, 0 %, 0 %
2026/09/22 01:16:14.933, 7, 181.15 W, 30, 120 MHz, 3996 MHz, 0 %, 0 %
2026/09/22 01:16:15.933, 0, 726.42 W, 64, 1972 MHz, 3996 MHz, 84 %, 47 %
2026/09/22 01:16:15.933, 1, 740.71 W, 63, 1972 MHz, 3996 MHz, 95 %, 49 %
2026/09/22 01:16:15.933, 2, 714.45 W, 53, 1965 MHz, 3996 MHz, 95 %, 39 %
2026/09/22 01:16:15.933, 3, 722.17 W, 51, 1965 MHz, 3996 MHz, 94 %, 47 %
2026/09/22 01:16:15.933, 4, 180.58 W, 34, 120 MHz, 3996 MHz, 0 %, 0 %
2026/09/22 01:16:15.933, 5, 178.64 W, 33, 120 MHz, 3996 MHz, 0 %, 0 %
2026/09/22 01:16:15.933, 6, 177.75 W, 30, 120 MHz, 3996 MHz, 0 %, 0 %
2026/09/22 01:16:15.933, 7, 180.77 W, 30, 120 MHz, 3996 MHz, 0 %, 0 %
2026/09/22 01:16:16.933, 0, 763.27 W, 59, 2032 MHz, 3996 MHz, 100 %, 20 %
2026/09/22 01:16:16.933, 1, 787.59 W, 58, 2032 MHz, 3996 MHz, 100 %, 16 %
2026/09/22 01:16:16.933, 2, 729.50 W, 47, 2032 MHz, 3996 MHz, 67 %, 33 %
2026/09/22 01:16:16.933, 3, 690.62 W, 46, 2032 MHz, 3996 MHz, 100 %, 18 %
2026/09/22 01:16:16.933, 4, 180.58 W, 34, 120 MHz, 3996 MHz, 0 %, 0 %
2026/09/22 01:16:16.933, 5, 178.64 W, 33, 120 MHz, 3996 MHz, 0 %, 0 %
2026/09/22 01:16:16.934, 6, 177.87 W, 30, 120 MHz, 3996 MHz, 0 %, 0 %
2026/09/22 01:16:16.934, 7, 181.16 W, 30, 120 MHz, 3996 MHz, 0 %, 0 %
2026/09/22 01:16:17.934, 0, 805.79 W, 62, 2025 MHz, 3996 MHz, 100 %, 55 %
2026/09/22 01:16:17.934, 1, 813.43 W, 61, 1972 MHz, 3996 MHz, 100 %, 55 %
2026/09/22 01:16:17.934, 2, 770.31 W, 49, 2032 MHz, 3996 MHz, 100 %, 55 %
2026/09/22 01:16:17.934, 3, 751.63 W, 47, 2032 MHz, 3996 MHz, 100 %, 55 %
2026/09/22 01:16:17.934, 4, 180.58 W, 34, 120 MHz, 3996 MHz, 0 %, 0 %
2026/09/22 01:16:17.934, 5, 178.64 W, 33, 120 MHz, 3996 MHz, 0 %, 0 %
2026/09/22 01:16:17.934, 6, 177.73 W, 30, 120 MHz, 3996 MHz, 0 %, 0 %
2026/09/22 01:16:17.934, 7, 180.98 W, 30, 120 MHz, 3996 MHz, 0 %, 0 %
2026/09/22 01:16:18.934, 0, 668.22 W, 59, 2032 MHz, 3996 MHz, 100 %, 31 %
2026/09/22 01:16:18.934, 1, 667.22 W, 61, 2017 MHz, 3996 MHz, 100 %, 34 %
2026/09/22 01:16:18.934, 2, 704.66 W, 51, 2032 MHz, 3996 MHz, 86 %, 42 %
2026/09/22 01:16:18.934, 3, 691.55 W, 53, 2032 MHz, 3996 MHz, 100 %, 35 %
2026/09/22 01:16:18.934, 4, 180.57 W, 34, 120 MHz, 3996 MHz, 0 %, 0 %
2026/09/22 01:16:18.934, 5, 178.64 W, 33, 120 MHz, 3996 MHz, 0 %, 0 %
2026/09/22 01:16:18.934, 6, 178.04 W, 30, 120 MHz, 3996 MHz, 0 %, 0 %
2026/09/22 01:16:18.934, 7, 180.90 W, 30, 120 MHz, 3996 MHz, 0 %, 0 %
2026/09/22 01:16:19.934, 0, 811.95 W, 59, 2025 MHz, 3996 MHz, 95 %, 33 %
2026/09/22 01:16:19.934, 1, 832.74 W, 59, 2032 MHz, 3996 MHz, 72 %, 36 %
2026/09/22 01:16:19.934, 2, 781.29 W, 49, 2032 MHz, 3996 MHz, 95 %, 28 %
2026/09/22 01:16:19.934, 3, 775.62 W, 48, 2032 MHz, 3996 MHz, 95 %, 35 %
2026/09/22 01:16:19.934, 4, 180.58 W, 34, 120 MHz, 3996 MHz, 0 %, 0 %
2026/09/22 01:16:19.934, 5, 178.64 W, 33, 120 MHz, 3996 MHz, 0 %, 0 %
2026/09/22 01:16:19.934, 6, 177.71 W, 30, 120 MHz, 3996 MHz, 0 %, 0 %
2026/09/22 01:16:19.934, 7, 180.89 W, 30, 120 MHz, 3996 MHz, 0 %, 0 %
2026/09/22 01:16:20.934, 0, 738.91 W, 63, 2002 MHz, 3996 MHz, 33 %, 16 %
2026/09/22 01:16:20.934, 1, 659.86 W, 61, 2032 MHz, 3996 MHz, 95 %, 16 %
2026/09/22 01:16:20.935, 2, 706.59 W, 51, 2017 MHz, 3996 MHz, 100 %, 9 %
2026/09/22 01:16:20.935, 3, 706.23 W, 48, 1965 MHz, 3996 MHz, 95 %, 18 %
2026/09/22 01:16:20.935, 4, 180.58 W, 34, 120 MHz, 3996 MHz, 0 %, 0 %
2026/09/22 01:16:20.935, 5, 178.64 W, 33, 120 MHz, 3996 MHz, 0 %, 0 %
2026/09/22 01:16:20.935, 6, 177.71 W, 30, 120 MHz, 3996 MHz, 0 %, 0 %
2026/09/22 01:16:20.935, 7, 181.04 W, 30, 120 MHz, 3996 MHz, 0 %, 0 %
2026/09/22 01:16:21.935, 0, 614.38 W, 63, 2010 MHz, 3996 MHz, 94 %, 18 %
2026/09/22 01:16:21.935, 1, 612.53 W, 60, 1980 MHz, 3996 MHz, 95 %, 24 %
2026/09/22 01:16:21.935, 2, 598.46 W, 46, 2032 MHz, 3996 MHz, 95 %, 13 %
2026/09/22 01:16:21.935, 3, 713.16 W, 52, 2010 MHz, 3996 MHz, 50 %, 26 %
2026/09/22 01:16:21.935, 4, 180.58 W, 34, 120 MHz, 3996 MHz, 0 %, 0 %
2026/09/22 01:16:21.935, 5, 178.64 W, 33, 120 MHz, 3996 MHz, 0 %, 0 %
2026/09/22 01:16:21.935, 6, 177.85 W, 30, 120 MHz, 3996 MHz, 0 %, 0 %
2026/09/22 01:16:21.935, 7, 181.10 W, 30, 120 MHz, 3996 MHz, 0 %, 0 %
2026/09/22 01:16:22.935, 0, 729.98 W, 59, 2032 MHz, 3996 MHz, 100 %, 36 %
2026/09/22 01:16:22.935, 1, 709.24 W, 59, 2032 MHz, 3996 MHz, 89 %, 38 %
2026/09/22 01:16:22.935, 2, 725.30 W, 48, 2032 MHz, 3996 MHz, 85 %, 42 %
2026/09/22 01:16:22.935, 3, 729.65 W, 49, 2025 MHz, 3996 MHz, 100 %, 40 %
2026/09/22 01:16:22.935, 4, 180.58 W, 34, 120 MHz, 3996 MHz, 0 %, 0 %
2026/09/22 01:16:22.935, 5, 178.64 W, 33, 120 MHz, 3996 MHz, 0 %, 0 %
2026/09/22 01:16:22.935, 6, 177.82 W, 30, 120 MHz, 3996 MHz, 0 %, 0 %
2026/09/22 01:16:22.935, 7, 180.98 W, 30, 120 MHz, 3996 MHz, 0 %, 0 %
2026/09/22 01:16:23.935, 0, 861.62 W, 59, 2032 MHz, 3996 MHz, 100 %, 13 %
2026/09/22 01:16:23.935, 1, 858.16 W, 60, 2032 MHz, 3996 MHz, 95 %, 19 %
2026/09/22 01:16:23.935, 2, 859.87 W, 52, 2032 MHz, 3996 MHz, 59 %, 26 %
2026/09/22 01:16:23.935, 3, 813.37 W, 48, 2032 MHz, 3996 MHz, 100 %, 12 %
2026/09/22 01:16:23.935, 4, 180.58 W, 34, 120 MHz, 3996 MHz, 0 %, 0 %
2026/09/22 01:16:23.935, 5, 178.64 W, 33, 120 MHz, 3996 MHz, 0 %, 0 %
2026/09/22 01:16:23.935, 6, 177.63 W, 30, 120 MHz, 3996 MHz, 0 %, 0 %
2026/09/22 01:16:23.936, 7, 181.03 W, 30, 120 MHz, 3996 MHz, 0 %, 0 %
2026/09/22 01:16:24.936, 0, 617.75 W, 56, 2032 MHz, 3996 MHz, 100 %, 17 %
2026/09/22 01:16:24.936, 1, 603.78 W, 58, 2032 MHz, 3996 MHz, 51 %, 22 %
2026/09/22 01:16:24.936, 2, 568.84 W, 50, 2032 MHz, 3996 MHz, 100 %, 25 %
2026/09/22 01:16:24.936, 3, 587.86 W, 45, 2032 MHz, 3996 MHz, 100 %, 16 %
2026/09/22 01:16:24.936, 4, 180.58 W, 34, 120 MHz, 3996 MHz, 0 %, 0 %
2026/09/22 01:16:24.936, 5, 178.64 W, 33, 120 MHz, 3996 MHz, 0 %, 0 %
2026/09/22 01:16:24.936, 6, 177.85 W, 30, 120 MHz, 3996 MHz, 0 %, 0 %
2026/09/22 01:16:24.936, 7, 181.12 W, 30, 120 MHz, 3996 MHz, 0 %, 0 %
2026/09/22 01:16:25.936, 0, 743.55 W, 64, 1957 MHz, 3996 MHz, 100 %, 56 %
2026/09/22 01:16:25.936, 1, 756.91 W, 63, 2010 MHz, 3996 MHz, 100 %, 56 %
2026/09/22 01:16:25.936, 2, 728.73 W, 50, 1995 MHz, 3996 MHz, 95 %, 51 %
2026/09/22 01:16:25.936, 3, 723.61 W, 52, 2002 MHz, 3996 MHz, 100 %, 56 %
2026/09/22 01:16:25.936, 4, 180.58 W, 34, 120 MHz, 3996 MHz, 0 %, 0 %
2026/09/22 01:16:25.936, 5, 178.64 W, 33, 120 MHz, 3996 MHz, 0 %, 0 %
2026/09/22 01:16:25.936, 6, 177.81 W, 30, 120 MHz, 3996 MHz, 0 %, 0 %
2026/09/22 01:16:25.936, 7, 180.97 W, 30, 120 MHz, 3996 MHz, 0 %, 0 %
2026/09/22 01:16:26.936, 0, 731.54 W, 58, 2032 MHz, 3996 MHz, 100 %, 13 %
2026/09/22 01:16:26.936, 1, 782.00 W, 59, 2032 MHz, 3996 MHz, 45 %, 19 %
2026/09/22 01:16:26.936, 2, 696.18 W, 51, 2032 MHz, 3996 MHz, 100 %, 21 %
2026/09/22 01:16:26.936, 3, 745.84 W, 46, 2032 MHz, 3996 MHz, 100 %, 12 %
2026/09/22 01:16:26.936, 4, 180.58 W, 34, 120 MHz, 3996 MHz, 0 %, 0 %
2026/09/22 01:16:26.936, 5, 178.64 W, 33, 120 MHz, 3996 MHz, 0 %, 0 %
2026/09/22 01:16:26.936, 6, 177.79 W, 30, 120 MHz, 3996 MHz, 0 %, 0 %
2026/09/22 01:16:26.936, 7, 181.21 W, 30, 120 MHz, 3996 MHz, 0 %, 0 %
2026/09/22 01:16:27.936, 0, 646.98 W, 57, 2032 MHz, 3996 MHz, 49 %, 12 %
2026/09/22 01:16:27.936, 1, 639.52 W, 55, 2032 MHz, 3996 MHz, 95 %, 8 %
2026/09/22 01:16:27.936, 2, 617.09 W, 44, 2032 MHz, 3996 MHz, 68 %, 10 %
2026/09/22 01:16:27.936, 3, 592.92 W, 44, 2032 MHz, 3996 MHz, 96 %, 8 %
2026/09/22 01:16:27.936, 4, 180.58 W, 34, 120 MHz, 3996 MHz, 0 %, 0 %
2026/09/22 01:16:27.937, 5, 178.64 W, 33, 120 MHz, 3996 MHz, 0 %, 0 %
2026/09/22 01:16:27.937, 6, 177.78 W, 30, 120 MHz, 3996 MHz, 0 %, 0 %
2026/09/22 01:16:27.937, 7, 181.07 W, 30, 120 MHz, 3996 MHz, 0 %, 0 %
2026/09/22 01:16:28.937, 0, 766.55 W, 63, 1972 MHz, 3996 MHz, 31 %, 14 %
2026/09/22 01:16:28.937, 1, 785.26 W, 62, 2032 MHz, 3996 MHz, 100 %, 9 %
2026/09/22 01:16:28.937, 2, 759.20 W, 51, 2002 MHz, 3996 MHz, 100 %, 8 %
2026/09/22 01:16:28.937, 3, 715.13 W, 51, 2032 MHz, 3996 MHz, 98 %, 8 %
2026/09/22 01:16:28.937, 4, 180.58 W, 34, 120 MHz, 3996 MHz, 0 %, 0 %
2026/09/22 01:16:28.937, 5, 178.64 W, 33, 120 MHz, 3996 MHz, 0 %, 0 %
2026/09/22 01:16:28.937, 6, 177.80 W, 30, 120 MHz, 3996 MHz, 0 %, 0 %
2026/09/22 01:16:28.937, 7, 181.05 W, 30, 120 MHz, 3996 MHz, 0 %, 0 %
2026/09/22 01:16:29.937, 0, 719.77 W, 62, 1987 MHz, 3996 MHz, 100 %, 8 %
2026/09/22 01:16:29.937, 1, 770.51 W, 62, 2032 MHz, 3996 MHz, 30 %, 13 %
2026/09/22 01:16:29.937, 2, 692.58 W, 48, 2032 MHz, 3996 MHz, 100 %, 8 %
2026/09/22 01:16:29.937, 3, 696.23 W, 50, 2032 MHz, 3996 MHz, 100 %, 8 %
2026/09/22 01:16:29.937, 4, 180.58 W, 34, 120 MHz, 3996 MHz, 0 %, 0 %
2026/09/22 01:16:29.937, 5, 178.64 W, 33, 120 MHz, 3996 MHz, 0 %, 0 %
2026/09/22 01:16:29.937, 6, 177.87 W, 30, 120 MHz, 3996 MHz, 0 %, 0 %
2026/09/22 01:16:29.937, 7, 181.03 W, 30, 120 MHz, 3996 MHz, 0 %, 0 %
2026/09/22 01:16:30.937, 0, 728.39 W, 62, 2002 MHz, 3996 MHz, 95 %, 26 %
2026/09/22 01:16:30.937, 1, 726.71 W, 61, 2017 MHz, 3996 MHz, 95 %, 30 %
2026/09/22 01:16:30.937, 2, 699.26 W, 47, 2032 MHz, 3996 MHz, 50 %, 24 %
2026/09/22 01:16:30.937, 3, 808.23 W, 49, 1980 MHz, 3996 MHz, 95 %, 34 %
2026/09/22 01:16:30.937, 4, 180.58 W, 34, 120 MHz, 3996 MHz, 0 %, 0 %
2026/09/22 01:16:30.937, 5, 178.64 W, 33, 120 MHz, 3996 MHz, 0 %, 0 %
2026/09/22 01:16:30.937, 6, 177.72 W, 30, 120 MHz, 3996 MHz, 0 %, 0 %
2026/09/22 01:16:30.937, 7, 181.00 W, 30, 120 MHz, 3996 MHz, 0 %, 0 %
2026/09/22 01:16:31.938, 0, 798.22 W, 63, 1957 MHz, 3996 MHz, 30 %, 14 %
2026/09/22 01:16:31.938, 1, 746.87 W, 61, 2032 MHz, 3996 MHz, 95 %, 10 %
2026/09/22 01:16:31.938, 2, 777.18 W, 52, 1980 MHz, 3996 MHz, 100 %, 8 %
2026/09/22 01:16:31.938, 3, 765.19 W, 52, 2032 MHz, 3996 MHz, 95 %, 10 %
2026/09/22 01:16:31.938, 4, 180.58 W, 34, 120 MHz, 3996 MHz, 0 %, 0 %
2026/09/22 01:16:31.938, 5, 178.64 W, 33, 120 MHz, 3996 MHz, 0 %, 0 %
2026/09/22 01:16:31.938, 6, 177.74 W, 30, 120 MHz, 3996 MHz, 0 %, 0 %
2026/09/22 01:16:31.938, 7, 181.18 W, 30, 120 MHz, 3996 MHz, 0 %, 0 %
2026/09/22 01:16:32.938, 0, 702.05 W, 57, 2032 MHz, 3996 MHz, 100 %, 22 %
2026/09/22 01:16:32.938, 1, 777.35 W, 59, 2032 MHz, 3996 MHz, 59 %, 26 %
2026/09/22 01:16:32.938, 2, 701.75 W, 51, 2032 MHz, 3996 MHz, 100 %, 29 %
2026/09/22 01:16:32.938, 3, 768.01 W, 48, 2032 MHz, 3996 MHz, 84 %, 28 %
2026/09/22 01:16:32.938, 4, 180.57 W, 34, 120 MHz, 3996 MHz, 0 %, 0 %
2026/09/22 01:16:32.938, 5, 178.64 W, 33, 120 MHz, 3996 MHz, 0 %, 0 %
2026/09/22 01:16:32.938, 6, 177.76 W, 30, 120 MHz, 3996 MHz, 0 %, 0 %
2026/09/22 01:16:32.938, 7, 181.25 W, 30, 120 MHz, 3996 MHz, 0 %, 0 %
2026/09/22 01:16:33.938, 0, 765.07 W, 59, 2032 MHz, 3996 MHz, 95 %, 32 %
2026/09/22 01:16:33.938, 1, 749.54 W, 61, 1972 MHz, 3996 MHz, 68 %, 36 %
2026/09/22 01:16:33.938, 2, 681.53 W, 46, 2032 MHz, 3996 MHz, 95 %, 25 %
2026/09/22 01:16:33.938, 3, 735.53 W, 49, 1980 MHz, 3996 MHz, 95 %, 33 %
2026/09/22 01:16:33.938, 4, 180.58 W, 34, 120 MHz, 3996 MHz, 0 %, 0 %
2026/09/22 01:16:33.938, 5, 178.64 W, 33, 120 MHz, 3996 MHz, 0 %, 0 %
2026/09/22 01:16:33.938, 6, 177.86 W, 30, 120 MHz, 3996 MHz, 0 %, 0 %
2026/09/22 01:16:33.938, 7, 180.88 W, 30, 120 MHz, 3996 MHz, 0 %, 0 %
2026/09/22 01:16:34.938, 0, 737.76 W, 62, 2032 MHz, 3996 MHz, 94 %, 20 %
2026/09/22 01:16:34.938, 1, 732.14 W, 62, 2010 MHz, 3996 MHz, 94 %, 19 %
2026/09/22 01:16:34.938, 2, 719.49 W, 51, 2025 MHz, 3996 MHz, 35 %, 15 %
2026/09/22 01:16:34.938, 3, 703.00 W, 51, 1980 MHz, 3996 MHz, 94 %, 22 %
2026/09/22 01:16:34.938, 4, 180.58 W, 34, 120 MHz, 3996 MHz, 0 %, 0 %
2026/09/22 01:16:34.938, 5, 178.64 W, 33, 120 MHz, 3996 MHz, 0 %, 0 %
2026/09/22 01:16:34.938, 6, 177.85 W, 30, 120 MHz, 3996 MHz, 0 %, 0 %
2026/09/22 01:16:34.938, 7, 181.13 W, 30, 120 MHz, 3996 MHz, 0 %, 0 %
2026/09/22 01:16:35.939, 0, 657.90 W, 62, 2025 MHz, 3996 MHz, 31 %, 14 %
2026/09/22 01:16:35.939, 1, 629.16 W, 61, 2032 MHz, 3996 MHz, 100 %, 8 %
2026/09/22 01:16:35.939, 2, 620.95 W, 46, 2032 MHz, 3996 MHz, 100 %, 8 %
2026/09/22 01:16:35.939, 3, 643.07 W, 50, 2032 MHz, 3996 MHz, 100 %, 8 %
2026/09/22 01:16:35.939, 4, 180.57 W, 34, 120 MHz, 3996 MHz, 0 %, 0 %
2026/09/22 01:16:35.939, 5, 178.64 W, 33, 120 MHz, 3996 MHz, 0 %, 0 %
2026/09/22 01:16:35.939, 6, 177.69 W, 30, 120 MHz, 3996 MHz, 0 %, 0 %
2026/09/22 01:16:35.939, 7, 181.12 W, 30, 120 MHz, 3996 MHz, 0 %, 0 %
2026/09/22 01:16:36.939, 0, 806.91 W, 64, 2002 MHz, 3996 MHz, 100 %, 56 %
2026/09/22 01:16:36.939, 1, 825.80 W, 64, 2002 MHz, 3996 MHz, 100 %, 56 %
2026/09/22 01:16:36.939, 2, 807.23 W, 49, 2017 MHz, 3996 MHz, 100 %, 56 %
2026/09/22 01:16:36.939, 3, 781.08 W, 53, 1995 MHz, 3996 MHz, 100 %, 56 %
2026/09/22 01:16:36.939, 4, 180.58 W, 34, 120 MHz, 3996 MHz, 0 %, 0 %
2026/09/22 01:16:36.939, 5, 178.64 W, 33, 120 MHz, 3996 MHz, 0 %, 0 %
2026/09/22 01:16:36.939, 6, 177.68 W, 30, 120 MHz, 3996 MHz, 0 %, 0 %
2026/09/22 01:16:36.939, 7, 181.02 W, 30, 120 MHz, 3996 MHz, 0 %, 0 %
2026/09/22 01:16:37.939, 0, 620.69 W, 62, 2002 MHz, 3996 MHz, 95 %, 39 %
2026/09/22 01:16:37.939, 1, 581.17 W, 62, 1980 MHz, 3996 MHz, 79 %, 44 %
2026/09/22 01:16:37.939, 2, 597.27 W, 52, 2002 MHz, 3996 MHz, 95 %, 33 %
2026/09/22 01:16:37.939, 3, 537.50 W, 50, 1980 MHz, 3996 MHz, 95 %, 41 %
2026/09/22 01:16:37.939, 4, 180.58 W, 34, 120 MHz, 3996 MHz, 0 %, 0 %
2026/09/22 01:16:37.939, 5, 178.64 W, 33, 120 MHz, 3996 MHz, 0 %, 0 %
2026/09/22 01:16:37.939, 6, 177.95 W, 30, 120 MHz, 3996 MHz, 0 %, 0 %
2026/09/22 01:16:37.939, 7, 180.93 W, 30, 120 MHz, 3996 MHz, 0 %, 0 %
2026/09/22 01:16:38.939, 0, 678.43 W, 59, 2032 MHz, 3996 MHz, 100 %, 35 %
2026/09/22 01:16:38.939, 1, 730.16 W, 60, 2032 MHz, 3996 MHz, 100 %, 38 %
2026/09/22 01:16:38.939, 2, 674.26 W, 47, 2032 MHz, 3996 MHz, 91 %, 46 %
2026/09/22 01:16:38.939, 3, 696.56 W, 47, 2032 MHz, 3996 MHz, 100 %, 33 %
2026/09/22 01:16:38.940, 4, 180.58 W, 34, 120 MHz, 3996 MHz, 0 %, 0 %
2026/09/22 01:16:38.940, 5, 178.64 W, 33, 120 MHz, 3996 MHz, 0 %, 0 %
2026/09/22 01:16:38.940, 6, 177.66 W, 30, 120 MHz, 3996 MHz, 0 %, 0 %
2026/09/22 01:16:38.940, 7, 180.67 W, 30, 120 MHz, 3996 MHz, 0 %, 0 %
2026/09/22 01:16:39.940, 0, 715.15 W, 59, 2032 MHz, 3996 MHz, 53 %, 14 %
2026/09/22 01:16:39.940, 1, 639.44 W, 56, 2032 MHz, 3996 MHz, 95 %, 9 %
2026/09/22 01:16:39.940, 2, 660.20 W, 45, 2032 MHz, 3996 MHz, 66 %, 11 %
2026/09/22 01:16:39.940, 3, 674.15 W, 45, 2032 MHz, 3996 MHz, 95 %, 10 %
2026/09/22 01:16:39.940, 4, 180.58 W, 34, 120 MHz, 3996 MHz, 0 %, 0 %
2026/09/22 01:16:39.940, 5, 178.64 W, 33, 120 MHz, 3996 MHz, 0 %, 0 %
2026/09/22 01:16:39.940, 6, 177.87 W, 30, 120 MHz, 3996 MHz, 0 %, 0 %
2026/09/22 01:16:39.940, 7, 180.95 W, 30, 120 MHz, 3996 MHz, 0 %, 0 %
2026/09/22 01:16:40.940, 0, 700.71 W, 59, 2032 MHz, 3996 MHz, 88 %, 28 %
2026/09/22 01:16:40.940, 1, 741.66 W, 59, 2032 MHz, 3996 MHz, 55 %, 25 %
2026/09/22 01:16:40.940, 2, 676.78 W, 46, 2032 MHz, 3996 MHz, 100 %, 28 %
2026/09/22 01:16:40.940, 3, 711.58 W, 46, 2032 MHz, 3996 MHz, 100 %, 19 %
2026/09/22 01:16:40.940, 4, 180.58 W, 34, 120 MHz, 3996 MHz, 0 %, 0 %
2026/09/22 01:16:40.940, 5, 178.64 W, 33, 120 MHz, 3996 MHz, 0 %, 0 %
2026/09/22 01:16:40.940, 6, 177.85 W, 30, 120 MHz, 3996 MHz, 0 %, 0 %
2026/09/22 01:16:40.940, 7, 180.80 W, 30, 120 MHz, 3996 MHz, 0 %, 0 %
2026/09/22 01:16:41.940, 0, 629.06 W, 61, 1965 MHz, 3996 MHz, 100 %, 9 %
2026/09/22 01:16:41.940, 1, 593.04 W, 61, 2032 MHz, 3996 MHz, 100 %, 9 %
2026/09/22 01:16:41.940, 2, 660.57 W, 51, 1980 MHz, 3996 MHz, 35 %, 15 %
2026/09/22 01:16:41.940, 3, 659.15 W, 51, 2032 MHz, 3996 MHz, 100 %, 15 %
2026/09/22 01:16:41.940, 4, 180.58 W, 34, 120 MHz, 3996 MHz, 0 %, 0 %
2026/09/22 01:16:41.940, 5, 178.64 W, 33, 120 MHz, 3996 MHz, 0 %, 0 %
2026/09/22 01:16:41.940, 6, 177.89 W, 30, 120 MHz, 3996 MHz, 0 %, 0 %
2026/09/22 01:16:41.940, 7, 181.02 W, 30, 120 MHz, 3996 MHz, 0 %, 0 %
2026/09/22 01:16:42.940, 0, 707.56 W, 57, 2010 MHz, 3996 MHz, 100 %, 8 %
2026/09/22 01:16:42.941, 1, 676.67 W, 56, 2032 MHz, 3996 MHz, 100 %, 8 %
2026/09/22 01:16:42.941, 2, 643.57 W, 50, 2002 MHz, 3996 MHz, 100 %, 10 %
2026/09/22 01:16:42.941, 3, 702.16 W, 46, 2032 MHz, 3996 MHz, 33 %, 14 %
2026/09/22 01:16:42.941, 4, 180.58 W, 34, 120 MHz, 3996 MHz, 0 %, 0 %
2026/09/22 01:16:42.941, 5, 178.64 W, 33, 120 MHz, 3996 MHz, 0 %, 0 %
2026/09/22 01:16:42.941, 6, 177.78 W, 30, 120 MHz, 3996 MHz, 0 %, 0 %
2026/09/22 01:16:42.941, 7, 180.86 W, 30, 120 MHz, 3996 MHz, 0 %, 0 %
2026/09/22 01:16:43.941, 0, 676.76 W, 61, 1987 MHz, 3996 MHz, 94 %, 14 %
2026/09/22 01:16:43.941, 1, 741.04 W, 62, 2002 MHz, 3996 MHz, 95 %, 21 %
2026/09/22 01:16:43.941, 2, 686.57 W, 52, 2010 MHz, 3996 MHz, 30 %, 13 %
2026/09/22 01:16:43.941, 3, 665.85 W, 50, 2017 MHz, 3996 MHz, 94 %, 16 %
2026/09/22 01:16:43.941, 4, 180.58 W, 34, 120 MHz, 3996 MHz, 0 %, 0 %
2026/09/22 01:16:43.941, 5, 178.64 W, 33, 120 MHz, 3996 MHz, 0 %, 0 %
2026/09/22 01:16:43.941, 6, 177.80 W, 30, 120 MHz, 3996 MHz, 0 %, 0 %
2026/09/22 01:16:43.941, 7, 180.95 W, 30, 120 MHz, 3996 MHz, 0 %, 0 %
2026/09/22 01:16:44.941, 0, 787.26 W, 58, 2032 MHz, 3996 MHz, 100 %, 24 %
2026/09/22 01:16:44.941, 1, 791.82 W, 57, 2032 MHz, 3996 MHz, 100 %, 20 %
2026/09/22 01:16:44.941, 2, 760.98 W, 51, 2032 MHz, 3996 MHz, 100 %, 31 %
2026/09/22 01:16:44.941, 3, 782.39 W, 48, 2032 MHz, 3996 MHz, 60 %, 29 %
2026/09/22 01:16:44.941, 4, 180.58 W, 34, 120 MHz, 3996 MHz, 0 %, 0 %
2026/09/22 01:16:44.941, 5, 178.64 W, 33, 120 MHz, 3996 MHz, 0 %, 0 %
2026/09/22 01:16:44.941, 6, 177.89 W, 30, 120 MHz, 3996 MHz, 0 %, 0 %
2026/09/22 01:16:44.941, 7, 180.74 W, 30, 120 MHz, 3996 MHz, 0 %, 0 %
2026/09/22 01:16:45.941, 0, 744.46 W, 58, 2032 MHz, 3996 MHz, 100 %, 35 %
2026/09/22 01:16:45.941, 1, 792.84 W, 59, 2032 MHz, 3996 MHz, 76 %, 39 %
2026/09/22 01:16:45.941, 2, 687.85 W, 45, 2032 MHz, 3996 MHz, 95 %, 36 %
2026/09/22 01:16:45.941, 3, 741.92 W, 46, 2032 MHz, 3996 MHz, 100 %, 34 %
2026/09/22 01:16:45.941, 4, 180.58 W, 34, 120 MHz, 3996 MHz, 0 %, 0 %
2026/09/22 01:16:45.941, 5, 178.64 W, 33, 120 MHz, 3996 MHz, 0 %, 0 %
2026/09/22 01:16:45.942, 6, 177.71 W, 30, 120 MHz, 3996 MHz, 0 %, 0 %
2026/09/22 01:16:45.942, 7, 181.06 W, 30, 120 MHz, 3996 MHz, 0 %, 0 %
2026/09/22 01:16:46.942, 0, 751.71 W, 58, 2032 MHz, 3996 MHz, 30 %, 13 %
2026/09/22 01:16:46.942, 1, 697.62 W, 57, 2032 MHz, 3996 MHz, 100 %, 8 %
2026/09/22 01:16:46.942, 2, 717.56 W, 46, 2032 MHz, 3996 MHz, 100 %, 8 %
2026/09/22 01:16:46.942, 3, 711.60 W, 46, 2032 MHz, 3996 MHz, 100 %, 8 %
2026/09/22 01:16:46.942, 4, 180.58 W, 34, 120 MHz, 3996 MHz, 0 %, 0 %
2026/09/22 01:16:46.942, 5, 178.64 W, 33, 120 MHz, 3996 MHz, 0 %, 0 %
2026/09/22 01:16:46.942, 6, 177.83 W, 30, 120 MHz, 3996 MHz, 0 %, 0 %
2026/09/22 01:16:46.942, 7, 180.73 W, 30, 120 MHz, 3996 MHz, 0 %, 0 %
2026/09/22 01:16:47.942, 0, 642.14 W, 57, 2032 MHz, 3996 MHz, 50 %, 12 %
2026/09/22 01:16:47.942, 1, 625.92 W, 55, 2032 MHz, 3996 MHz, 96 %, 8 %
2026/09/22 01:16:47.942, 2, 612.83 W, 44, 2032 MHz, 3996 MHz, 66 %, 10 %
2026/09/22 01:16:47.942, 3, 581.40 W, 44, 2032 MHz, 3996 MHz, 96 %, 8 %
2026/09/22 01:16:47.942, 4, 180.58 W, 34, 120 MHz, 3996 MHz, 0 %, 0 %
2026/09/22 01:16:47.942, 5, 178.64 W, 33, 120 MHz, 3996 MHz, 0 %, 0 %
2026/09/22 01:16:47.942, 6, 177.83 W, 30, 120 MHz, 3996 MHz, 0 %, 0 %
2026/09/22 01:16:47.942, 7, 180.69 W, 30, 120 MHz, 3996 MHz, 0 %, 0 %
2026/09/22 01:16:48.942, 0, 624.74 W, 57, 2032 MHz, 3996 MHz, 60 %, 11 %
2026/09/22 01:16:48.942, 1, 628.95 W, 55, 2032 MHz, 3996 MHz, 96 %, 8 %
2026/09/22 01:16:48.942, 2, 607.34 W, 44, 2032 MHz, 3996 MHz, 96 %, 8 %
2026/09/22 01:16:48.942, 3, 610.24 W, 44, 2032 MHz, 3996 MHz, 70 %, 10 %
2026/09/22 01:16:48.942, 4, 180.58 W, 34, 120 MHz, 3996 MHz, 0 %, 0 %
2026/09/22 01:16:48.942, 5, 178.64 W, 33, 120 MHz, 3996 MHz, 0 %, 0 %
2026/09/22 01:16:48.942, 6, 177.78 W, 30, 120 MHz, 3996 MHz, 0 %, 0 %
2026/09/22 01:16:48.942, 7, 180.74 W, 30, 120 MHz, 3996 MHz, 0 %, 0 %
2026/09/22 01:16:49.943, 0, 707.01 W, 58, 2032 MHz, 3996 MHz, 34 %, 14 %
2026/09/22 01:16:49.943, 1, 638.00 W, 55, 2032 MHz, 3996 MHz, 100 %, 8 %
2026/09/22 01:16:49.943, 2, 687.68 W, 47, 2032 MHz, 3996 MHz, 89 %, 9 %
2026/09/22 01:16:49.943, 3, 620.01 W, 44, 2032 MHz, 3996 MHz, 100 %, 8 %
2026/09/22 01:16:49.943, 4, 180.58 W, 34, 120 MHz, 3996 MHz, 0 %, 0 %
2026/09/22 01:16:49.943, 5, 178.64 W, 33, 120 MHz, 3996 MHz, 0 %, 0 %
2026/09/22 01:16:49.943, 6, 177.78 W, 30, 120 MHz, 3996 MHz, 0 %, 0 %
2026/09/22 01:16:49.943, 7, 180.86 W, 30, 120 MHz, 3996 MHz, 0 %, 0 %
2026/09/22 01:16:50.943, 0, 709.80 W, 62, 1965 MHz, 3996 MHz, 95 %, 29 %
2026/09/22 01:16:50.943, 1, 735.32 W, 62, 2010 MHz, 3996 MHz, 95 %, 32 %
2026/09/22 01:16:50.943, 2, 700.24 W, 50, 1995 MHz, 3996 MHz, 46 %, 24 %
2026/09/22 01:16:50.943, 3, 766.86 W, 51, 2017 MHz, 3996 MHz, 96 %, 31 %
2026/09/22 01:16:50.943, 4, 180.58 W, 34, 120 MHz, 3996 MHz, 0 %, 0 %
2026/09/22 01:16:50.943, 5, 178.64 W, 33, 120 MHz, 3996 MHz, 0 %, 0 %
2026/09/22 01:16:50.943, 6, 177.96 W, 30, 120 MHz, 3996 MHz, 0 %, 0 %
2026/09/22 01:16:50.943, 7, 181.25 W, 30, 120 MHz, 3996 MHz, 0 %, 0 %
2026/09/22 01:16:51.943, 0, 817.18 W, 59, 2032 MHz, 3996 MHz, 95 %, 33 %
2026/09/22 01:16:51.943, 1, 872.42 W, 60, 1950 MHz, 3996 MHz, 95 %, 37 %
2026/09/22 01:16:51.943, 2, 789.98 W, 48, 2032 MHz, 3996 MHz, 95 %, 29 %
2026/09/22 01:16:51.943, 3, 844.77 W, 48, 2025 MHz, 3996 MHz, 72 %, 36 %
2026/09/22 01:16:51.943, 4, 180.58 W, 34, 120 MHz, 3996 MHz, 0 %, 0 %
2026/09/22 01:16:51.943, 5, 178.64 W, 33, 120 MHz, 3996 MHz, 0 %, 0 %
2026/09/22 01:16:51.943, 6, 177.90 W, 30, 120 MHz, 3996 MHz, 0 %, 0 %
2026/09/22 01:16:51.943, 7, 180.81 W, 30, 120 MHz, 3996 MHz, 0 %, 0 %
2026/09/22 01:16:52.943, 0, 673.84 W, 62, 1965 MHz, 3996 MHz, 96 %, 21 %
2026/09/22 01:16:52.943, 1, 743.82 W, 62, 1980 MHz, 3996 MHz, 96 %, 26 %
2026/09/22 01:16:52.943, 2, 698.86 W, 52, 2002 MHz, 3996 MHz, 40 %, 19 %
2026/09/22 01:16:52.943, 3, 623.89 W, 50, 1987 MHz, 3996 MHz, 96 %, 23 %
2026/09/22 01:16:52.943, 4, 180.58 W, 34, 120 MHz, 3996 MHz, 0 %, 0 %
2026/09/22 01:16:52.943, 5, 178.64 W, 33, 120 MHz, 3996 MHz, 0 %, 0 %
2026/09/22 01:16:52.944, 6, 177.88 W, 30, 120 MHz, 3996 MHz, 0 %, 0 %
2026/09/22 01:16:52.944, 7, 180.86 W, 30, 120 MHz, 3996 MHz, 0 %, 0 %
2026/09/22 01:16:53.944, 0, 824.03 W, 62, 2032 MHz, 3996 MHz, 100 %, 56 %
2026/09/22 01:16:53.944, 1, 852.24 W, 61, 1995 MHz, 3996 MHz, 100 %, 56 %
2026/09/22 01:16:53.944, 2, 784.58 W, 49, 2025 MHz, 3996 MHz, 100 %, 56 %
2026/09/22 01:16:53.944, 3, 865.74 W, 52, 1965 MHz, 3996 MHz, 100 %, 55 %
2026/09/22 01:16:53.944, 4, 180.58 W, 34, 120 MHz, 3996 MHz, 0 %, 0 %
2026/09/22 01:16:53.944, 5, 178.64 W, 33, 120 MHz, 3996 MHz, 0 %, 0 %
2026/09/22 01:16:53.944, 6, 177.83 W, 30, 120 MHz, 3996 MHz, 0 %, 0 %
2026/09/22 01:16:53.944, 7, 181.00 W, 30, 120 MHz, 3996 MHz, 0 %, 0 %
2026/09/22 01:16:54.944, 0, 788.31 W, 62, 2032 MHz, 3996 MHz, 100 %, 55 %
2026/09/22 01:16:54.944, 1, 794.83 W, 62, 1965 MHz, 3996 MHz, 100 %, 55 %
2026/09/22 01:16:54.944, 2, 781.40 W, 47, 2032 MHz, 3996 MHz, 100 %, 56 %
2026/09/22 01:16:54.944, 3, 820.04 W, 54, 1965 MHz, 3996 MHz, 100 %, 55 %
2026/09/22 01:16:54.944, 4, 180.58 W, 34, 120 MHz, 3996 MHz, 0 %, 0 %
2026/09/22 01:16:54.944, 5, 178.64 W, 33, 120 MHz, 3996 MHz, 0 %, 0 %
2026/09/22 01:16:54.944, 6, 177.86 W, 30, 120 MHz, 3996 MHz, 0 %, 0 %
2026/09/22 01:16:54.944, 7, 180.97 W, 30, 120 MHz, 3996 MHz, 0 %, 0 %
2026/09/22 01:16:55.944, 0, 879.17 W, 63, 1995 MHz, 3996 MHz, 95 %, 17 %
2026/09/22 01:16:55.944, 1, 801.60 W, 61, 1972 MHz, 3996 MHz, 95 %, 13 %
2026/09/22 01:16:55.944, 2, 829.69 W, 53, 1965 MHz, 3996 MHz, 33 %, 14 %
2026/09/22 01:16:55.944, 3, 778.13 W, 50, 2010 MHz, 3996 MHz, 95 %, 12 %
2026/09/22 01:16:55.944, 4, 180.58 W, 34, 120 MHz, 3996 MHz, 0 %, 0 %
2026/09/22 01:16:55.944, 5, 178.64 W, 33, 120 MHz, 3996 MHz, 0 %, 0 %
2026/09/22 01:16:55.944, 6, 178.00 W, 30, 120 MHz, 3996 MHz, 0 %, 0 %
2026/09/22 01:16:55.944, 7, 180.68 W, 30, 120 MHz, 3996 MHz, 0 %, 0 %
2026/09/22 01:16:56.945, 0, 774.75 W, 57, 1965 MHz, 3996 MHz, 100 %, 9 %
2026/09/22 01:16:56.945, 1, 780.08 W, 57, 2032 MHz, 3996 MHz, 100 %, 8 %
2026/09/22 01:16:56.945, 2, 764.97 W, 52, 2025 MHz, 3996 MHz, 46 %, 20 %
2026/09/22 01:16:56.945, 3, 769.85 W, 46, 2032 MHz, 3996 MHz, 100 %, 8 %
2026/09/22 01:16:56.945, 4, 180.58 W, 34, 120 MHz, 3996 MHz, 0 %, 0 %
2026/09/22 01:16:56.945, 5, 178.64 W, 33, 120 MHz, 3996 MHz, 0 %, 0 %
2026/09/22 01:16:56.945, 6, 177.91 W, 30, 120 MHz, 3996 MHz, 0 %, 0 %
2026/09/22 01:16:56.945, 7, 181.01 W, 30, 120 MHz, 3996 MHz, 0 %, 0 %
2026/09/22 01:16:57.945, 0, 873.35 W, 60, 2032 MHz, 3996 MHz, 100 %, 28 %
2026/09/22 01:16:57.945, 1, 902.69 W, 61, 2032 MHz, 3996 MHz, 100 %, 32 %
2026/09/22 01:16:57.945, 2, 865.52 W, 52, 2032 MHz, 3996 MHz, 81 %, 40 %
2026/09/22 01:16:57.945, 3, 870.27 W, 48, 2032 MHz, 3996 MHz, 100 %, 26 %
2026/09/22 01:16:57.945, 4, 180.58 W, 34, 120 MHz, 3996 MHz, 0 %, 0 %
2026/09/22 01:16:57.945, 5, 178.64 W, 33, 120 MHz, 3996 MHz, 0 %, 0 %
2026/09/22 01:16:57.945, 6, 177.87 W, 30, 120 MHz, 3996 MHz, 0 %, 0 %
2026/09/22 01:16:57.945, 7, 180.96 W, 30, 120 MHz, 3996 MHz, 0 %, 0 %
2026/09/22 01:16:58.945, 0, 892.62 W, 65, 1965 MHz, 3996 MHz, 100 %, 57 %
2026/09/22 01:16:58.945, 1, 897.81 W, 63, 2002 MHz, 3996 MHz, 100 %, 56 %
2026/09/22 01:16:58.945, 2, 881.70 W, 54, 2002 MHz, 3996 MHz, 91 %, 52 %
2026/09/22 01:16:58.945, 3, 860.19 W, 54, 2010 MHz, 3996 MHz, 100 %, 56 %
2026/09/22 01:16:58.945, 4, 180.58 W, 34, 120 MHz, 3996 MHz, 0 %, 0 %
2026/09/22 01:16:58.945, 5, 178.64 W, 33, 120 MHz, 3996 MHz, 0 %, 0 %
2026/09/22 01:16:58.945, 6, 177.97 W, 30, 120 MHz, 3996 MHz, 0 %, 0 %
2026/09/22 01:16:58.945, 7, 180.95 W, 30, 120 MHz, 3996 MHz, 0 %, 0 %
2026/09/22 01:16:59.945, 0, 837.05 W, 61, 2032 MHz, 3996 MHz, 95 %, 37 %
2026/09/22 01:16:59.945, 1, 836.81 W, 59, 2032 MHz, 3996 MHz, 78 %, 37 %
2026/09/22 01:16:59.945, 2, 754.17 W, 47, 2032 MHz, 3996 MHz, 95 %, 31 %
2026/09/22 01:16:59.945, 3, 856.91 W, 50, 2025 MHz, 3996 MHz, 95 %, 38 %
2026/09/22 01:16:59.946, 4, 180.58 W, 34, 120 MHz, 3996 MHz, 0 %, 0 %
2026/09/22 01:16:59.946, 5, 178.64 W, 33, 120 MHz, 3996 MHz, 0 %, 0 %
2026/09/22 01:16:59.946, 6, 177.99 W, 30, 120 MHz, 3996 MHz, 0 %, 0 %
2026/09/22 01:16:59.946, 7, 180.87 W, 30, 120 MHz, 3996 MHz, 0 %, 0 %
2026/09/22 01:17:00.946, 0, 829.34 W, 65, 1995 MHz, 3996 MHz, 95 %, 10 %
2026/09/22 01:17:00.946, 1, 830.66 W, 61, 1980 MHz, 3996 MHz, 95 %, 15 %
2026/09/22 01:17:00.946, 2, 836.00 W, 53, 1965 MHz, 3996 MHz, 100 %, 8 %
2026/09/22 01:17:00.946, 3, 851.42 W, 52, 1995 MHz, 3996 MHz, 37 %, 18 %
2026/09/22 01:17:00.946, 4, 180.58 W, 34, 120 MHz, 3996 MHz, 0 %, 0 %
2026/09/22 01:17:00.946, 5, 178.64 W, 33, 120 MHz, 3996 MHz, 0 %, 0 %
2026/09/22 01:17:00.946, 6, 177.85 W, 30, 120 MHz, 3996 MHz, 0 %, 0 %
2026/09/22 01:17:00.946, 7, 180.92 W, 30, 120 MHz, 3996 MHz, 0 %, 0 %
2026/09/22 01:17:01.946, 0, 860.20 W, 65, 1942 MHz, 3996 MHz, 95 %, 24 %
2026/09/22 01:17:01.946, 1, 869.21 W, 64, 2002 MHz, 3996 MHz, 95 %, 31 %
2026/09/22 01:17:01.946, 2, 838.31 W, 54, 1972 MHz, 3996 MHz, 43 %, 22 %
2026/09/22 01:17:01.946, 3, 822.51 W, 52, 2002 MHz, 3996 MHz, 95 %, 27 %
2026/09/22 01:17:01.946, 4, 180.58 W, 34, 120 MHz, 3996 MHz, 0 %, 0 %
2026/09/22 01:17:01.946, 5, 178.64 W, 33, 120 MHz, 3996 MHz, 0 %, 0 %
2026/09/22 01:17:01.946, 6, 177.91 W, 30, 120 MHz, 3996 MHz, 0 %, 0 %
2026/09/22 01:17:01.946, 7, 180.73 W, 30, 120 MHz, 3996 MHz, 0 %, 0 %
2026/09/22 01:17:02.946, 0, 704.33 W, 58, 2032 MHz, 3996 MHz, 81 %, 9 %
2026/09/22 01:17:02.946, 1, 721.09 W, 57, 2032 MHz, 3996 MHz, 100 %, 8 %
2026/09/22 01:17:02.946, 2, 656.33 W, 45, 2032 MHz, 3996 MHz, 96 %, 9 %
2026/09/22 01:17:02.946, 3, 729.61 W, 46, 2032 MHz, 3996 MHz, 50 %, 12 %
2026/09/22 01:17:02.946, 4, 180.58 W, 34, 120 MHz, 3996 MHz, 0 %, 0 %
2026/09/22 01:17:02.946, 5, 178.64 W, 33, 120 MHz, 3996 MHz, 0 %, 0 %
2026/09/22 01:17:02.946, 6, 177.89 W, 30, 120 MHz, 3996 MHz, 0 %, 0 %
2026/09/22 01:17:02.946, 7, 181.09 W, 30, 120 MHz, 3996 MHz, 0 %, 0 %
2026/09/22 01:17:03.947, 0, 723.11 W, 61, 2032 MHz, 3996 MHz, 100 %, 50 %
2026/09/22 01:17:03.947, 1, 737.54 W, 62, 2032 MHz, 3996 MHz, 100 %, 21 %
2026/09/22 01:17:03.947, 2, 752.54 W, 51, 2025 MHz, 3996 MHz, 100 %, 55 %
2026/09/22 01:17:03.947, 3, 662.21 W, 49, 2032 MHz, 3996 MHz, 100 %, 46 %
2026/09/22 01:17:03.947, 4, 180.58 W, 34, 120 MHz, 3996 MHz, 0 %, 0 %
2026/09/22 01:17:03.947, 5, 178.64 W, 33, 120 MHz, 3996 MHz, 0 %, 0 %
2026/09/22 01:17:03.947, 6, 177.79 W, 30, 120 MHz, 3996 MHz, 0 %, 0 %
2026/09/22 01:17:03.947, 7, 181.01 W, 30, 120 MHz, 3996 MHz, 0 %, 0 %
2026/09/22 01:17:04.947, 0, 638.21 W, 57, 2032 MHz, 3996 MHz, 95 %, 32 %
2026/09/22 01:17:04.947, 1, 646.66 W, 58, 2025 MHz, 3996 MHz, 100 %, 11 %
2026/09/22 01:17:04.947, 2, 643.30 W, 48, 2032 MHz, 3996 MHz, 95 %, 26 %
2026/09/22 01:17:04.947, 3, 593.73 W, 47, 2025 MHz, 3996 MHz, 95 %, 33 %
2026/09/22 01:17:04.947, 4, 180.58 W, 34, 120 MHz, 3996 MHz, 0 %, 0 %
2026/09/22 01:17:04.947, 5, 178.64 W, 33, 120 MHz, 3996 MHz, 0 %, 0 %
2026/09/22 01:17:04.947, 6, 177.96 W, 30, 120 MHz, 3996 MHz, 0 %, 0 %
2026/09/22 01:17:04.947, 7, 180.77 W, 30, 120 MHz, 3996 MHz, 0 %, 0 %
2026/09/22 01:17:05.947, 0, 737.69 W, 60, 2025 MHz, 3996 MHz, 94 %, 16 %
2026/09/22 01:17:05.947, 1, 710.03 W, 64, 1980 MHz, 3996 MHz, 82 %, 37 %
2026/09/22 01:17:05.947, 2, 677.35 W, 47, 2032 MHz, 3996 MHz, 98 %, 10 %
2026/09/22 01:17:05.947, 3, 770.40 W, 54, 1965 MHz, 3996 MHz, 55 %, 27 %
2026/09/22 01:17:05.947, 4, 180.58 W, 34, 120 MHz, 3996 MHz, 0 %, 0 %
2026/09/22 01:17:05.947, 5, 178.64 W, 33, 120 MHz, 3996 MHz, 0 %, 0 %
2026/09/22 01:17:05.947, 6, 178.05 W, 30, 120 MHz, 3996 MHz, 0 %, 0 %
2026/09/22 01:17:05.947, 7, 181.02 W, 30, 120 MHz, 3996 MHz, 0 %, 0 %
2026/09/22 01:17:06.947, 0, 660.58 W, 57, 2025 MHz, 3996 MHz, 100 %, 8 %
2026/09/22 01:17:06.947, 1, 705.34 W, 62, 2032 MHz, 3996 MHz, 93 %, 37 %
2026/09/22 01:17:06.947, 2, 645.66 W, 47, 2032 MHz, 3996 MHz, 100 %, 8 %
2026/09/22 01:17:06.947, 3, 658.14 W, 50, 2017 MHz, 3996 MHz, 95 %, 37 %
2026/09/22 01:17:06.947, 4, 180.58 W, 34, 120 MHz, 3996 MHz, 0 %, 0 %
2026/09/22 01:17:06.947, 5, 178.64 W, 33, 120 MHz, 3996 MHz, 0 %, 0 %
2026/09/22 01:17:06.947, 6, 177.88 W, 30, 120 MHz, 3996 MHz, 0 %, 0 %
2026/09/22 01:17:06.948, 7, 180.97 W, 30, 120 MHz, 3996 MHz, 0 %, 0 %
2026/09/22 01:17:07.948, 0, 713.49 W, 57, 2032 MHz, 3996 MHz, 88 %, 11 %
2026/09/22 01:17:07.948, 1, 717.53 W, 59, 2032 MHz, 3996 MHz, 32 %, 14 %
2026/09/22 01:17:07.948, 2, 680.13 W, 45, 2032 MHz, 3996 MHz, 75 %, 11 %
2026/09/22 01:17:07.948, 3, 712.65 W, 46, 2032 MHz, 3996 MHz, 100 %, 8 %
2026/09/22 01:17:07.948, 4, 180.57 W, 34, 120 MHz, 3996 MHz, 0 %, 0 %
2026/09/22 01:17:07.948, 5, 178.64 W, 33, 120 MHz, 3996 MHz, 0 %, 0 %
2026/09/22 01:17:07.948, 6, 178.15 W, 30, 120 MHz, 3996 MHz, 0 %, 0 %
2026/09/22 01:17:07.948, 7, 181.09 W, 30, 120 MHz, 3996 MHz, 0 %, 0 %
2026/09/22 01:17:08.948, 0, 722.23 W, 61, 1950 MHz, 3996 MHz, 95 %, 25 %
2026/09/22 01:17:08.948, 1, 713.66 W, 63, 2002 MHz, 3996 MHz, 100 %, 55 %
2026/09/22 01:17:08.948, 2, 790.20 W, 52, 1972 MHz, 3996 MHz, 46 %, 23 %
2026/09/22 01:17:08.948, 3, 724.91 W, 52, 1995 MHz, 3996 MHz, 100 %, 55 %
2026/09/22 01:17:08.948, 4, 180.58 W, 34, 120 MHz, 3996 MHz, 0 %, 0 %
2026/09/22 01:17:08.948, 5, 178.64 W, 33, 120 MHz, 3996 MHz, 0 %, 0 %
2026/09/22 01:17:08.948, 6, 178.09 W, 30, 120 MHz, 3996 MHz, 0 %, 0 %
2026/09/22 01:17:08.948, 7, 180.73 W, 30, 120 MHz, 3996 MHz, 0 %, 0 %
2026/09/22 01:17:09.948, 0, 646.26 W, 57, 2032 MHz, 3996 MHz, 95 %, 21 %
2026/09/22 01:17:09.948, 1, 696.95 W, 61, 1987 MHz, 3996 MHz, 61 %, 28 %
2026/09/22 01:17:09.948, 2, 681.04 W, 46, 2032 MHz, 3996 MHz, 39 %, 19 %
2026/09/22 01:17:09.948, 3, 709.11 W, 49, 2032 MHz, 3996 MHz, 100 %, 23 %
2026/09/22 01:17:09.948, 4, 180.58 W, 34, 120 MHz, 3996 MHz, 0 %, 0 %
2026/09/22 01:17:09.948, 5, 178.64 W, 33, 120 MHz, 3996 MHz, 0 %, 0 %
2026/09/22 01:17:09.948, 6, 178.00 W, 30, 120 MHz, 3996 MHz, 0 %, 0 %
2026/09/22 01:17:09.948, 7, 180.77 W, 30, 120 MHz, 3996 MHz, 0 %, 0 %
2026/09/22 01:17:10.949, 0, 777.72 W, 64, 1995 MHz, 3996 MHz, 100 %, 9 %
2026/09/22 01:17:10.949, 1, 765.91 W, 63, 2032 MHz, 3996 MHz, 98 %, 55 %
2026/09/22 01:17:10.949, 2, 732.83 W, 51, 1965 MHz, 3996 MHz, 34 %, 15 %
2026/09/22 01:17:10.949, 3, 712.79 W, 51, 1965 MHz, 3996 MHz, 95 %, 51 %
2026/09/22 01:17:10.949, 4, 180.58 W, 34, 120 MHz, 3996 MHz, 0 %, 0 %
2026/09/22 01:17:10.949, 5, 178.64 W, 33, 120 MHz, 3996 MHz, 0 %, 0 %
2026/09/22 01:17:10.949, 6, 177.97 W, 30, 120 MHz, 3996 MHz, 0 %, 0 %
2026/09/22 01:17:10.949, 7, 181.20 W, 30, 120 MHz, 3996 MHz, 0 %, 0 %
2026/09/22 01:17:11.949, 0, 717.44 W, 60, 2002 MHz, 3996 MHz, 88 %, 50 %
2026/09/22 01:17:11.949, 1, 743.68 W, 63, 2002 MHz, 3996 MHz, 100 %, 43 %
2026/09/22 01:17:11.949, 2, 681.47 W, 47, 2025 MHz, 3996 MHz, 95 %, 42 %
2026/09/22 01:17:11.949, 3, 752.64 W, 52, 2002 MHz, 3996 MHz, 100 %, 45 %
2026/09/22 01:17:11.949, 4, 180.58 W, 34, 120 MHz, 3996 MHz, 0 %, 0 %
2026/09/22 01:17:11.949, 5, 178.64 W, 33, 120 MHz, 3996 MHz, 0 %, 0 %
2026/09/22 01:17:11.949, 6, 177.76 W, 30, 120 MHz, 3996 MHz, 0 %, 0 %
2026/09/22 01:17:11.949, 7, 181.01 W, 30, 120 MHz, 3996 MHz, 0 %, 0 %
2026/09/22 01:17:12.949, 0, 606.33 W, 59, 2017 MHz, 3996 MHz, 89 %, 44 %
2026/09/22 01:17:12.949, 1, 603.04 W, 63, 1980 MHz, 3996 MHz, 100 %, 53 %
2026/09/22 01:17:12.949, 2, 575.89 W, 47, 2025 MHz, 3996 MHz, 95 %, 36 %
2026/09/22 01:17:12.949, 3, 585.11 W, 51, 2017 MHz, 3996 MHz, 100 %, 51 %
2026/09/22 01:17:12.949, 4, 180.58 W, 34, 120 MHz, 3996 MHz, 0 %, 0 %
2026/09/22 01:17:12.949, 5, 178.64 W, 33, 120 MHz, 3996 MHz, 0 %, 0 %
2026/09/22 01:17:12.949, 6, 177.91 W, 30, 120 MHz, 3996 MHz, 0 %, 0 %
2026/09/22 01:17:12.949, 7, 180.98 W, 30, 120 MHz, 3996 MHz, 0 %, 0 %
2026/09/22 01:17:13.949, 0, 733.76 W, 64, 1965 MHz, 3996 MHz, 100 %, 19 %
2026/09/22 01:17:13.949, 1, 652.74 W, 58, 2032 MHz, 3996 MHz, 94 %, 31 %
2026/09/22 01:17:13.949, 2, 686.78 W, 51, 2032 MHz, 3996 MHz, 53 %, 22 %
2026/09/22 01:17:13.949, 3, 683.39 W, 48, 2032 MHz, 3996 MHz, 94 %, 33 %
2026/09/22 01:17:13.949, 4, 180.58 W, 34, 120 MHz, 3996 MHz, 0 %, 0 %
2026/09/22 01:17:13.949, 5, 178.64 W, 33, 120 MHz, 3996 MHz, 0 %, 0 %
2026/09/22 01:17:13.949, 6, 177.88 W, 30, 120 MHz, 3996 MHz, 0 %, 0 %
2026/09/22 01:17:13.949, 7, 181.10 W, 30, 120 MHz, 3996 MHz, 0 %, 0 %
2026/09/22 01:17:14.950, 0, 790.01 W, 64, 2032 MHz, 3996 MHz, 100 %, 33 %
2026/09/22 01:17:14.950, 1, 845.36 W, 60, 2032 MHz, 3996 MHz, 99 %, 16 %
2026/09/22 01:17:14.950, 2, 757.09 W, 51, 2032 MHz, 3996 MHz, 76 %, 38 %
2026/09/22 01:17:14.950, 3, 739.97 W, 47, 2032 MHz, 3996 MHz, 100 %, 11 %
2026/09/22 01:17:14.950, 4, 180.58 W, 34, 120 MHz, 3996 MHz, 0 %, 0 %
2026/09/22 01:17:14.950, 5, 178.64 W, 33, 120 MHz, 3996 MHz, 0 %, 0 %
2026/09/22 01:17:14.950, 6, 177.95 W, 30, 120 MHz, 3996 MHz, 0 %, 0 %
2026/09/22 01:17:14.950, 7, 181.01 W, 30, 120 MHz, 3996 MHz, 0 %, 0 %
2026/09/22 01:17:15.950, 0, 788.90 W, 62, 1972 MHz, 3996 MHz, 100 %, 11 %
2026/09/22 01:17:15.950, 1, 809.54 W, 59, 2032 MHz, 3996 MHz, 94 %, 28 %
2026/09/22 01:17:15.950, 2, 789.73 W, 51, 2002 MHz, 3996 MHz, 50 %, 22 %
2026/09/22 01:17:15.950, 3, 776.11 W, 46, 2032 MHz, 3996 MHz, 94 %, 23 %
2026/09/22 01:17:15.950, 4, 180.58 W, 34, 120 MHz, 3996 MHz, 0 %, 0 %
2026/09/22 01:17:15.950, 5, 178.64 W, 33, 120 MHz, 3996 MHz, 0 %, 0 %
2026/09/22 01:17:15.950, 6, 177.77 W, 30, 120 MHz, 3996 MHz, 0 %, 0 %
2026/09/22 01:17:15.950, 7, 181.16 W, 30, 120 MHz, 3996 MHz, 0 %, 0 %
2026/09/22 01:17:16.950, 0, 792.27 W, 62, 2002 MHz, 3996 MHz, 95 %, 14 %
2026/09/22 01:17:16.950, 1, 815.79 W, 63, 1980 MHz, 3996 MHz, 100 %, 31 %
2026/09/22 01:17:16.950, 2, 780.11 W, 50, 2032 MHz, 3996 MHz, 38 %, 16 %
2026/09/22 01:17:16.950, 3, 821.90 W, 51, 2025 MHz, 3996 MHz, 100 %, 34 %
2026/09/22 01:17:16.950, 4, 180.57 W, 34, 120 MHz, 3996 MHz, 0 %, 0 %
2026/09/22 01:17:16.950, 5, 178.64 W, 33, 120 MHz, 3996 MHz, 0 %, 0 %
2026/09/22 01:17:16.950, 6, 177.69 W, 30, 120 MHz, 3996 MHz, 0 %, 0 %
2026/09/22 01:17:16.950, 7, 180.93 W, 30, 120 MHz, 3996 MHz, 0 %, 0 %
2026/09/22 01:17:17.950, 0, 783.58 W, 62, 2032 MHz, 3996 MHz, 77 %, 40 %
2026/09/22 01:17:17.950, 1, 725.22 W, 58, 2032 MHz, 3996 MHz, 100 %, 8 %
2026/09/22 01:17:17.950, 2, 712.04 W, 46, 2032 MHz, 3996 MHz, 95 %, 36 %
2026/09/22 01:17:17.950, 3, 656.57 W, 46, 2032 MHz, 3996 MHz, 100 %, 8 %
2026/09/22 01:17:17.951, 4, 180.58 W, 34, 120 MHz, 3996 MHz, 0 %, 0 %
2026/09/22 01:17:17.951, 5, 178.64 W, 33, 120 MHz, 3996 MHz, 0 %, 0 %
2026/09/22 01:17:17.951, 6, 177.88 W, 30, 120 MHz, 3996 MHz, 0 %, 0 %
2026/09/22 01:17:17.951, 7, 180.99 W, 30, 120 MHz, 3996 MHz, 0 %, 0 %
2026/09/22 01:17:18.951, 0, 721.60 W, 58, 2032 MHz, 3996 MHz, 85 %, 43 %
2026/09/22 01:17:18.951, 1, 731.22 W, 58, 2032 MHz, 3996 MHz, 100 %, 8 %
2026/09/22 01:17:18.951, 2, 690.40 W, 46, 2032 MHz, 3996 MHz, 100 %, 47 %
2026/09/22 01:17:18.951, 3, 689.17 W, 46, 2032 MHz, 3996 MHz, 100 %, 8 %
2026/09/22 01:17:18.951, 4, 180.58 W, 34, 120 MHz, 3996 MHz, 0 %, 0 %
2026/09/22 01:17:18.951, 5, 178.64 W, 33, 120 MHz, 3996 MHz, 0 %, 0 %
2026/09/22 01:17:18.951, 6, 177.79 W, 30, 120 MHz, 3996 MHz, 0 %, 0 %
2026/09/22 01:17:18.951, 7, 181.11 W, 30, 120 MHz, 3996 MHz, 0 %, 0 %
2026/09/22 01:17:19.951, 0, 510.41 W, 57, 2032 MHz, 3996 MHz, 100 %, 10 %
2026/09/22 01:17:19.951, 1, 525.02 W, 56, 2032 MHz, 3996 MHz, 96 %, 8 %
2026/09/22 01:17:19.951, 2, 499.26 W, 44, 2032 MHz, 3996 MHz, 100 %, 11 %
2026/09/22 01:17:19.951, 3, 574.69 W, 47, 2032 MHz, 3996 MHz, 83 %, 10 %
2026/09/22 01:17:19.951, 4, 180.58 W, 34, 120 MHz, 3996 MHz, 0 %, 0 %
2026/09/22 01:17:19.951, 5, 178.64 W, 33, 120 MHz, 3996 MHz, 0 %, 0 %
2026/09/22 01:17:19.951, 6, 177.82 W, 30, 120 MHz, 3996 MHz, 0 %, 0 %
2026/09/22 01:17:19.952, 7, 180.98 W, 30, 120 MHz, 3996 MHz, 0 %, 0 %
2026/09/22 01:17:20.952, 0, 706.85 W, 62, 1980 MHz, 3996 MHz, 100 %, 10 %
2026/09/22 01:17:20.952, 1, 664.28 W, 58, 2032 MHz, 3996 MHz, 95 %, 32 %
2026/09/22 01:17:20.952, 2, 696.85 W, 49, 1987 MHz, 3996 MHz, 46 %, 20 %
2026/09/22 01:17:20.952, 3, 631.57 W, 45, 2032 MHz, 3996 MHz, 94 %, 27 %
2026/09/22 01:17:20.952, 4, 180.58 W, 34, 120 MHz, 3996 MHz, 0 %, 0 %
2026/09/22 01:17:20.952, 5, 178.64 W, 33, 120 MHz, 3996 MHz, 0 %, 0 %
2026/09/22 01:17:20.952, 6, 177.60 W, 30, 120 MHz, 3996 MHz, 0 %, 0 %
2026/09/22 01:17:20.952, 7, 180.86 W, 30, 120 MHz, 3996 MHz, 0 %, 0 %
2026/09/22 01:17:21.952, 0, 710.71 W, 64, 1965 MHz, 3996 MHz, 35 %, 16 %
2026/09/22 01:17:21.952, 1, 714.71 W, 60, 1965 MHz, 3996 MHz, 100 %, 57 %
2026/09/22 01:17:21.952, 2, 677.07 W, 51, 2002 MHz, 3996 MHz, 100 %, 8 %
2026/09/22 01:17:21.952, 3, 688.78 W, 49, 2017 MHz, 3996 MHz, 100 %, 57 %
2026/09/22 01:17:21.952, 4, 180.58 W, 34, 120 MHz, 3996 MHz, 0 %, 0 %
2026/09/22 01:17:21.952, 5, 178.64 W, 33, 120 MHz, 3996 MHz, 0 %, 0 %
2026/09/22 01:17:21.952, 6, 177.85 W, 30, 120 MHz, 3996 MHz, 0 %, 0 %
2026/09/22 01:17:21.952, 7, 180.87 W, 30, 120 MHz, 3996 MHz, 0 %, 0 %
2026/09/22 01:17:22.952, 0, 678.47 W, 60, 2032 MHz, 3996 MHz, 97 %, 37 %
2026/09/22 01:17:22.952, 1, 731.41 W, 58, 2032 MHz, 3996 MHz, 100 %, 9 %
2026/09/22 01:17:22.952, 2, 693.41 W, 47, 2032 MHz, 3996 MHz, 88 %, 41 %
2026/09/22 01:17:22.952, 3, 716.92 W, 48, 2032 MHz, 3996 MHz, 100 %, 16 %
2026/09/22 01:17:22.952, 4, 180.58 W, 34, 120 MHz, 3996 MHz, 0 %, 0 %
2026/09/22 01:17:22.952, 5, 178.64 W, 33, 120 MHz, 3996 MHz, 0 %, 0 %
2026/09/22 01:17:22.952, 6, 177.88 W, 30, 120 MHz, 3996 MHz, 0 %, 0 %
2026/09/22 01:17:22.952, 7, 181.26 W, 30, 120 MHz, 3996 MHz, 0 %, 0 %
2026/09/22 01:17:23.953, 0, 803.98 W, 59, 2032 MHz, 3996 MHz, 95 %, 37 %
2026/09/22 01:17:23.953, 1, 790.75 W, 63, 2025 MHz, 3996 MHz, 100 %, 33 %
2026/09/22 01:17:23.953, 2, 757.01 W, 48, 2032 MHz, 3996 MHz, 78 %, 36 %
2026/09/22 01:17:23.953, 3, 844.22 W, 53, 1605 MHz, 3996 MHz, 100 %, 41 %
2026/09/22 01:17:23.953, 4, 180.58 W, 34, 120 MHz, 3996 MHz, 0 %, 0 %
2026/09/22 01:17:23.953, 5, 178.64 W, 33, 120 MHz, 3996 MHz, 0 %, 0 %
2026/09/22 01:17:23.953, 6, 178.12 W, 30, 120 MHz, 3996 MHz, 0 %, 0 %
2026/09/22 01:17:23.953, 7, 180.93 W, 30, 120 MHz, 3996 MHz, 0 %, 0 %
2026/09/22 01:17:24.953, 0, 771.94 W, 62, 1972 MHz, 3996 MHz, 100 %, 10 %
2026/09/22 01:17:24.953, 1, 742.48 W, 63, 1980 MHz, 3996 MHz, 99 %, 56 %
2026/09/22 01:17:24.953, 2, 754.14 W, 51, 1987 MHz, 3996 MHz, 35 %, 15 %
2026/09/22 01:17:24.953, 3, 783.59 W, 52, 1980 MHz, 3996 MHz, 96 %, 54 %
2026/09/22 01:17:24.953, 4, 180.58 W, 34, 120 MHz, 3996 MHz, 0 %, 0 %
2026/09/22 01:17:24.953, 5, 178.64 W, 33, 120 MHz, 3996 MHz, 0 %, 0 %
2026/09/22 01:17:24.953, 6, 177.84 W, 30, 120 MHz, 3996 MHz, 0 %, 0 %
2026/09/22 01:17:24.953, 7, 181.01 W, 30, 120 MHz, 3996 MHz, 0 %, 0 %
2026/09/22 01:17:25.953, 0, 624.03 W, 62, 2017 MHz, 3996 MHz, 100 %, 14 %
2026/09/22 01:17:25.953, 1, 627.53 W, 58, 2032 MHz, 3996 MHz, 44 %, 22 %
2026/09/22 01:17:25.953, 2, 626.66 W, 50, 2032 MHz, 3996 MHz, 100 %, 21 %
2026/09/22 01:17:25.953, 3, 608.06 W, 45, 2032 MHz, 3996 MHz, 94 %, 17 %
2026/09/22 01:17:25.953, 4, 180.58 W, 34, 120 MHz, 3996 MHz, 0 %, 0 %
2026/09/22 01:17:25.953, 5, 178.64 W, 33, 120 MHz, 3996 MHz, 0 %, 0 %
2026/09/22 01:17:25.953, 6, 177.90 W, 30, 120 MHz, 3996 MHz, 0 %, 0 %
2026/09/22 01:17:25.953, 7, 180.88 W, 30, 120 MHz, 3996 MHz, 0 %, 0 %
2026/09/22 01:17:26.953, 0, 756.33 W, 63, 1950 MHz, 3996 MHz, 100 %, 56 %
2026/09/22 01:17:26.953, 1, 710.36 W, 63, 1987 MHz, 3996 MHz, 100 %, 55 %
2026/09/22 01:17:26.953, 2, 728.50 W, 53, 1980 MHz, 3996 MHz, 100 %, 56 %
2026/09/22 01:17:26.953, 3, 730.03 W, 52, 2017 MHz, 3996 MHz, 100 %, 55 %
2026/09/22 01:17:26.953, 4, 180.58 W, 34, 120 MHz, 3996 MHz, 0 %, 0 %
2026/09/22 01:17:26.953, 5, 178.64 W, 33, 120 MHz, 3996 MHz, 0 %, 0 %
2026/09/22 01:17:26.953, 6, 177.87 W, 30, 120 MHz, 3996 MHz, 0 %, 0 %
2026/09/22 01:17:26.953, 7, 180.93 W, 30, 120 MHz, 3996 MHz, 0 %, 0 %
2026/09/22 01:17:27.954, 0, 835.65 W, 65, 2002 MHz, 3996 MHz, 95 %, 33 %
2026/09/22 01:17:27.954, 1, 938.28 W, 65, 1987 MHz, 3996 MHz, 100 %, 57 %
2026/09/22 01:17:27.954, 2, 836.90 W, 53, 1965 MHz, 3996 MHz, 95 %, 27 %
2026/09/22 01:17:27.954, 3, 854.09 W, 53, 1995 MHz, 3996 MHz, 100 %, 56 %
2026/09/22 01:17:27.954, 4, 180.58 W, 34, 120 MHz, 3996 MHz, 0 %, 0 %
2026/09/22 01:17:27.954, 5, 178.64 W, 33, 120 MHz, 3996 MHz, 0 %, 0 %
2026/09/22 01:17:27.954, 6, 177.88 W, 30, 120 MHz, 3996 MHz, 0 %, 0 %
2026/09/22 01:17:27.954, 7, 181.03 W, 30, 120 MHz, 3996 MHz, 0 %, 0 %
2026/09/22 01:17:28.954, 0, 679.90 W, 60, 2032 MHz, 3996 MHz, 100 %, 56 %
2026/09/22 01:17:28.954, 1, 688.06 W, 59, 2025 MHz, 3996 MHz, 100 %, 11 %
2026/09/22 01:17:28.954, 2, 631.99 W, 46, 2032 MHz, 3996 MHz, 100 %, 56 %
2026/09/22 01:17:28.954, 3, 671.54 W, 48, 2025 MHz, 3996 MHz, 100 %, 12 %
2026/09/22 01:17:28.954, 4, 180.58 W, 34, 120 MHz, 3996 MHz, 0 %, 0 %
2026/09/22 01:17:28.954, 5, 178.64 W, 33, 120 MHz, 3996 MHz, 0 %, 0 %
2026/09/22 01:17:28.954, 6, 177.84 W, 30, 120 MHz, 3996 MHz, 0 %, 0 %
2026/09/22 01:17:28.954, 7, 181.26 W, 30, 120 MHz, 3996 MHz, 0 %, 0 %
2026/09/22 01:17:29.954, 0, 693.81 W, 62, 1950 MHz, 3996 MHz, 95 %, 25 %
2026/09/22 01:17:29.954, 1, 743.35 W, 64, 1987 MHz, 3996 MHz, 100 %, 55 %
2026/09/22 01:17:29.954, 2, 747.24 W, 52, 1995 MHz, 3996 MHz, 95 %, 18 %
2026/09/22 01:17:29.954, 3, 698.10 W, 52, 1965 MHz, 3996 MHz, 100 %, 56 %
2026/09/22 01:17:29.954, 4, 180.58 W, 34, 120 MHz, 3996 MHz, 0 %, 0 %
2026/09/22 01:17:29.954, 5, 178.64 W, 33, 120 MHz, 3996 MHz, 0 %, 0 %
2026/09/22 01:17:29.954, 6, 178.01 W, 30, 120 MHz, 3996 MHz, 0 %, 0 %
2026/09/22 01:17:29.954, 7, 181.14 W, 30, 120 MHz, 3996 MHz, 0 %, 0 %
2026/09/22 01:17:30.954, 0, 602.54 W, 57, 2032 MHz, 3996 MHz, 100 %, 18 %
2026/09/22 01:17:30.954, 1, 617.31 W, 57, 2032 MHz, 3996 MHz, 92 %, 8 %
2026/09/22 01:17:30.954, 2, 599.96 W, 47, 2032 MHz, 3996 MHz, 65 %, 32 %
2026/09/22 01:17:30.954, 3, 612.18 W, 46, 2032 MHz, 3996 MHz, 94 %, 8 %
2026/09/22 01:17:30.954, 4, 180.58 W, 34, 120 MHz, 3996 MHz, 0 %, 0 %
2026/09/22 01:17:30.954, 5, 178.64 W, 33, 120 MHz, 3996 MHz, 0 %, 0 %
2026/09/22 01:17:30.954, 6, 177.93 W, 30, 120 MHz, 3996 MHz, 0 %, 0 %
2026/09/22 01:17:30.954, 7, 181.03 W, 30, 120 MHz, 3996 MHz, 0 %, 0 %
2026/09/22 01:17:31.955, 0, 637.98 W, 56, 2032 MHz, 3996 MHz, 100 %, 8 %
2026/09/22 01:17:31.955, 1, 654.27 W, 57, 2032 MHz, 3996 MHz, 30 %, 14 %
2026/09/22 01:17:31.955, 2, 591.35 W, 45, 2032 MHz, 3996 MHz, 95 %, 7 %
2026/09/22 01:17:31.955, 3, 636.89 W, 44, 2032 MHz, 3996 MHz, 100 %, 8 %
2026/09/22 01:17:31.955, 4, 180.58 W, 34, 120 MHz, 3996 MHz, 0 %, 0 %
2026/09/22 01:17:31.955, 5, 178.64 W, 33, 120 MHz, 3996 MHz, 0 %, 0 %
2026/09/22 01:17:31.955, 6, 178.01 W, 30, 120 MHz, 3996 MHz, 0 %, 0 %
2026/09/22 01:17:31.955, 7, 181.14 W, 30, 120 MHz, 3996 MHz, 0 %, 0 %
2026/09/22 01:17:32.955, 0, 689.08 W, 58, 2032 MHz, 3996 MHz, 100 %, 56 %
2026/09/22 01:17:32.955, 1, 656.31 W, 60, 2017 MHz, 3996 MHz, 43 %, 19 %
2026/09/22 01:17:32.955, 2, 631.23 W, 46, 2032 MHz, 3996 MHz, 100 %, 55 %
2026/09/22 01:17:32.955, 3, 627.38 W, 47, 2032 MHz, 3996 MHz, 100 %, 11 %
2026/09/22 01:17:32.955, 4, 180.58 W, 34, 120 MHz, 3996 MHz, 0 %, 0 %
2026/09/22 01:17:32.955, 5, 178.64 W, 33, 120 MHz, 3996 MHz, 0 %, 0 %
2026/09/22 01:17:32.955, 6, 178.15 W, 30, 120 MHz, 3996 MHz, 0 %, 0 %
2026/09/22 01:17:32.955, 7, 181.13 W, 30, 120 MHz, 3996 MHz, 0 %, 0 %
2026/09/22 01:17:33.955, 0, 729.75 W, 59, 2032 MHz, 3996 MHz, 87 %, 44 %
2026/09/22 01:17:33.955, 1, 707.84 W, 60, 2032 MHz, 3996 MHz, 75 %, 15 %
2026/09/22 01:17:33.955, 2, 687.43 W, 47, 2032 MHz, 3996 MHz, 100 %, 45 %
2026/09/22 01:17:33.955, 3, 660.80 W, 47, 2032 MHz, 3996 MHz, 100 %, 10 %
2026/09/22 01:17:33.955, 4, 180.58 W, 34, 120 MHz, 3996 MHz, 0 %, 0 %
2026/09/22 01:17:33.955, 5, 178.64 W, 33, 120 MHz, 3996 MHz, 0 %, 0 %
2026/09/22 01:17:33.955, 6, 178.09 W, 30, 120 MHz, 3996 MHz, 0 %, 0 %
2026/09/22 01:17:33.955, 7, 181.13 W, 30, 120 MHz, 3996 MHz, 0 %, 0 %
2026/09/22 01:17:34.955, 0, 704.88 W, 61, 1987 MHz, 3996 MHz, 95 %, 45 %
2026/09/22 01:17:34.955, 1, 739.71 W, 64, 1972 MHz, 3996 MHz, 100 %, 49 %
2026/09/22 01:17:34.955, 2, 716.75 W, 50, 2017 MHz, 3996 MHz, 100 %, 56 %
2026/09/22 01:17:34.955, 3, 763.63 W, 53, 1965 MHz, 3996 MHz, 100 %, 50 %
2026/09/22 01:17:34.955, 4, 180.58 W, 34, 120 MHz, 3996 MHz, 0 %, 0 %
2026/09/22 01:17:34.955, 5, 178.64 W, 33, 120 MHz, 3996 MHz, 0 %, 0 %
2026/09/22 01:17:34.955, 6, 177.89 W, 30, 120 MHz, 3996 MHz, 0 %, 0 %
2026/09/22 01:17:34.955, 7, 181.14 W, 30, 120 MHz, 3996 MHz, 0 %, 0 %
2026/09/22 01:17:35.956, 0, 757.41 W, 59, 1965 MHz, 3996 MHz, 100 %, 21 %
2026/09/22 01:17:35.956, 1, 751.78 W, 60, 2032 MHz, 3996 MHz, 94 %, 31 %
2026/09/22 01:17:35.956, 2, 720.46 W, 51, 2002 MHz, 3996 MHz, 44 %, 21 %
2026/09/22 01:17:35.956, 3, 751.03 W, 49, 2032 MHz, 3996 MHz, 94 %, 30 %
2026/09/22 01:17:35.956, 4, 180.57 W, 34, 120 MHz, 3996 MHz, 0 %, 0 %
2026/09/22 01:17:35.956, 5, 178.64 W, 33, 120 MHz, 3996 MHz, 0 %, 0 %
2026/09/22 01:17:35.956, 6, 177.97 W, 30, 120 MHz, 3996 MHz, 0 %, 0 %
2026/09/22 01:17:35.956, 7, 181.10 W, 30, 120 MHz, 3996 MHz, 0 %, 0 %
2026/09/22 01:17:36.956, 0, 792.83 W, 63, 2002 MHz, 3996 MHz, 100 %, 8 %
2026/09/22 01:17:36.956, 1, 773.60 W, 60, 2032 MHz, 3996 MHz, 94 %, 41 %
2026/09/22 01:17:36.956, 2, 764.95 W, 52, 2010 MHz, 3996 MHz, 94 %, 30 %
2026/09/22 01:17:36.956, 3, 780.68 W, 49, 2010 MHz, 3996 MHz, 75 %, 41 %
2026/09/22 01:17:36.956, 4, 180.58 W, 34, 120 MHz, 3996 MHz, 0 %, 0 %
2026/09/22 01:17:36.956, 5, 178.64 W, 33, 120 MHz, 3996 MHz, 0 %, 0 %
2026/09/22 01:17:36.956, 6, 177.98 W, 30, 120 MHz, 3996 MHz, 0 %, 0 %
2026/09/22 01:17:36.956, 7, 181.00 W, 30, 120 MHz, 3996 MHz, 0 %, 0 %
2026/09/22 01:17:37.956, 0, 837.67 W, 59, 2017 MHz, 3996 MHz, 35 %, 16 %
2026/09/22 01:17:37.956, 1, 878.52 W, 62, 2017 MHz, 3996 MHz, 94 %, 39 %
2026/09/22 01:17:37.956, 2, 807.61 W, 49, 2025 MHz, 3996 MHz, 94 %, 36 %
2026/09/22 01:17:37.956, 3, 864.74 W, 52, 2017 MHz, 3996 MHz, 86 %, 38 %
2026/09/22 01:17:37.956, 4, 180.58 W, 34, 120 MHz, 3996 MHz, 0 %, 0 %
2026/09/22 01:17:37.956, 5, 178.64 W, 33, 120 MHz, 3996 MHz, 0 %, 0 %
2026/09/22 01:17:37.956, 6, 178.14 W, 30, 120 MHz, 3996 MHz, 0 %, 0 %
2026/09/22 01:17:37.956, 7, 180.95 W, 30, 120 MHz, 3996 MHz, 0 %, 0 %
2026/09/22 01:17:38.956, 0, 868.64 W, 64, 2032 MHz, 3996 MHz, 100 %, 30 %
2026/09/22 01:17:38.956, 1, 796.10 W, 59, 2032 MHz, 3996 MHz, 94 %, 14 %
2026/09/22 01:17:38.957, 2, 834.67 W, 52, 2032 MHz, 3996 MHz, 38 %, 16 %
2026/09/22 01:17:38.957, 3, 799.35 W, 50, 2032 MHz, 3996 MHz, 94 %, 17 %
2026/09/22 01:17:38.957, 4, 180.58 W, 34, 120 MHz, 3996 MHz, 0 %, 0 %
2026/09/22 01:17:38.957, 5, 178.64 W, 33, 120 MHz, 3996 MHz, 0 %, 0 %
2026/09/22 01:17:38.957, 6, 178.11 W, 30, 120 MHz, 3996 MHz, 0 %, 0 %
2026/09/22 01:17:38.957, 7, 181.08 W, 30, 120 MHz, 3996 MHz, 0 %, 0 %
2026/09/22 01:17:39.957, 0, 850.24 W, 64, 2010 MHz, 3996 MHz, 100 %, 8 %
2026/09/22 01:17:39.957, 1, 872.59 W, 62, 2032 MHz, 3996 MHz, 76 %, 42 %
2026/09/22 01:17:39.957, 2, 863.83 W, 53, 2025 MHz, 3996 MHz, 95 %, 29 %
2026/09/22 01:17:39.957, 3, 830.15 W, 49, 2010 MHz, 3996 MHz, 95 %, 38 %
2026/09/22 01:17:39.957, 4, 180.58 W, 34, 120 MHz, 3996 MHz, 0 %, 0 %
2026/09/22 01:17:39.957, 5, 178.64 W, 33, 120 MHz, 3996 MHz, 0 %, 0 %
2026/09/22 01:17:39.957, 6, 178.14 W, 30, 120 MHz, 3996 MHz, 0 %, 0 %
2026/09/22 01:17:39.957, 7, 181.08 W, 30, 120 MHz, 3996 MHz, 0 %, 0 %
2026/09/22 01:17:40.957, 0, 666.64 W, 57, 2032 MHz, 3996 MHz, 95 %, 15 %
2026/09/22 01:17:40.957, 1, 710.65 W, 60, 2025 MHz, 3996 MHz, 100 %, 25 %
2026/09/22 01:17:40.957, 2, 646.79 W, 47, 2032 MHz, 3996 MHz, 79 %, 41 %
2026/09/22 01:17:40.957, 3, 723.96 W, 49, 2032 MHz, 3996 MHz, 100 %, 26 %
2026/09/22 01:17:40.957, 4, 180.58 W, 34, 120 MHz, 3996 MHz, 0 %, 0 %
2026/09/22 01:17:40.957, 5, 178.64 W, 33, 120 MHz, 3996 MHz, 0 %, 0 %
2026/09/22 01:17:40.957, 6, 177.81 W, 30, 120 MHz, 3996 MHz, 0 %, 0 %
2026/09/22 01:17:40.957, 7, 181.19 W, 30, 120 MHz, 3996 MHz, 0 %, 0 %
2026/09/22 01:17:41.957, 0, 710.14 W, 58, 2032 MHz, 3996 MHz, 80 %, 40 %
2026/09/22 01:17:41.957, 1, 719.44 W, 58, 2032 MHz, 3996 MHz, 100 %, 9 %
2026/09/22 01:17:41.957, 2, 694.65 W, 47, 2032 MHz, 3996 MHz, 100 %, 8 %
2026/09/22 01:17:41.957, 3, 701.20 W, 47, 2032 MHz, 3996 MHz, 100 %, 9 %
2026/09/22 01:17:41.957, 4, 180.58 W, 34, 120 MHz, 3996 MHz, 0 %, 0 %
2026/09/22 01:17:41.957, 5, 178.64 W, 33, 120 MHz, 3996 MHz, 0 %, 0 %
2026/09/22 01:17:41.957, 6, 178.17 W, 30, 120 MHz, 3996 MHz, 0 %, 0 %
2026/09/22 01:17:41.957, 7, 181.13 W, 30, 120 MHz, 3996 MHz, 0 %, 0 %
2026/09/22 01:17:42.958, 0, 770.57 W, 65, 2002 MHz, 3996 MHz, 95 %, 54 %
2026/09/22 01:17:42.958, 1, 735.56 W, 64, 1972 MHz, 3996 MHz, 100 %, 55 %
2026/09/22 01:17:42.958, 2, 744.25 W, 52, 1965 MHz, 3996 MHz, 100 %, 55 %
2026/09/22 01:17:42.958, 3, 723.15 W, 53, 1980 MHz, 3996 MHz, 100 %, 56 %
2026/09/22 01:17:42.958, 4, 180.58 W, 34, 120 MHz, 3996 MHz, 0 %, 0 %
2026/09/22 01:17:42.958, 5, 178.64 W, 33, 120 MHz, 3996 MHz, 0 %, 0 %
2026/09/22 01:17:42.958, 6, 178.19 W, 30, 120 MHz, 3996 MHz, 0 %, 0 %
2026/09/22 01:17:42.958, 7, 181.32 W, 30, 120 MHz, 3996 MHz, 0 %, 0 %
2026/09/22 01:17:43.958, 0, 788.70 W, 64, 1965 MHz, 3996 MHz, 100 %, 8 %
2026/09/22 01:17:43.958, 1, 783.68 W, 62, 1980 MHz, 3996 MHz, 97 %, 55 %
2026/09/22 01:17:43.958, 2, 724.70 W, 50, 1965 MHz, 3996 MHz, 95 %, 43 %
2026/09/22 01:17:43.958, 3, 764.30 W, 52, 1965 MHz, 3996 MHz, 94 %, 53 %
2026/09/22 01:17:43.958, 4, 180.58 W, 34, 120 MHz, 3996 MHz, 0 %, 0 %
2026/09/22 01:17:43.958, 5, 178.64 W, 33, 120 MHz, 3996 MHz, 0 %, 0 %
2026/09/22 01:17:43.958, 6, 178.29 W, 30, 120 MHz, 3996 MHz, 0 %, 0 %
2026/09/22 01:17:43.958, 7, 180.99 W, 30, 120 MHz, 3996 MHz, 0 %, 0 %
2026/09/22 01:17:44.958, 0, 647.95 W, 62, 2032 MHz, 3996 MHz, 59 %, 29 %
2026/09/22 01:17:44.958, 1, 657.82 W, 56, 2032 MHz, 3996 MHz, 95 %, 12 %
2026/09/22 01:17:44.958, 2, 633.50 W, 50, 2032 MHz, 3996 MHz, 100 %, 8 %
2026/09/22 01:17:44.958, 3, 653.36 W, 45, 2032 MHz, 3996 MHz, 95 %, 11 %
2026/09/22 01:17:44.958, 4, 180.58 W, 34, 120 MHz, 3996 MHz, 0 %, 0 %
2026/09/22 01:17:44.958, 5, 178.64 W, 33, 120 MHz, 3996 MHz, 0 %, 0 %
2026/09/22 01:17:44.958, 6, 177.95 W, 30, 120 MHz, 3996 MHz, 0 %, 0 %
2026/09/22 01:17:44.958, 7, 181.25 W, 30, 120 MHz, 3996 MHz, 0 %, 0 %
2026/09/22 01:17:45.958, 0, 805.34 W, 59, 2002 MHz, 3996 MHz, 95 %, 39 %
2026/09/22 01:17:45.958, 1, 874.15 W, 63, 2002 MHz, 3996 MHz, 100 %, 53 %
2026/09/22 01:17:45.958, 2, 819.66 W, 49, 2017 MHz, 3996 MHz, 100 %, 56 %
2026/09/22 01:17:45.958, 3, 835.80 W, 51, 1965 MHz, 3996 MHz, 100 %, 55 %
2026/09/22 01:17:45.958, 4, 180.58 W, 34, 120 MHz, 3996 MHz, 0 %, 0 %
2026/09/22 01:17:45.958, 5, 178.64 W, 33, 120 MHz, 3996 MHz, 0 %, 0 %
2026/09/22 01:17:45.958, 6, 178.09 W, 30, 120 MHz, 3996 MHz, 0 %, 0 %
2026/09/22 01:17:45.958, 7, 181.13 W, 30, 120 MHz, 3996 MHz, 0 %, 0 %
2026/09/22 01:17:46.959, 0, 638.08 W, 60, 1987 MHz, 3996 MHz, 100 %, 12 %
2026/09/22 01:17:46.959, 1, 652.41 W, 58, 2032 MHz, 3996 MHz, 52 %, 26 %
2026/09/22 01:17:46.959, 2, 669.27 W, 50, 2002 MHz, 3996 MHz, 94 %, 11 %
2026/09/22 01:17:46.959, 3, 633.83 W, 45, 1995 MHz, 3996 MHz, 95 %, 21 %
2026/09/22 01:17:46.959, 4, 180.58 W, 34, 120 MHz, 3996 MHz, 0 %, 0 %
2026/09/22 01:17:46.959, 5, 178.64 W, 33, 120 MHz, 3996 MHz, 0 %, 0 %
2026/09/22 01:17:46.959, 6, 178.09 W, 30, 120 MHz, 3996 MHz, 0 %, 0 %
2026/09/22 01:17:46.959, 7, 181.28 W, 30, 120 MHz, 3996 MHz, 0 %, 0 %
2026/09/22 01:17:47.959, 0, 828.32 W, 65, 1980 MHz, 3996 MHz, 84 %, 47 %
2026/09/22 01:17:47.959, 1, 789.63 W, 64, 2010 MHz, 3996 MHz, 100 %, 55 %
2026/09/22 01:17:47.959, 2, 756.58 W, 53, 2002 MHz, 3996 MHz, 100 %, 56 %
2026/09/22 01:17:47.959, 3, 769.19 W, 53, 1965 MHz, 3996 MHz, 100 %, 55 %
2026/09/22 01:17:47.959, 4, 180.58 W, 34, 120 MHz, 3996 MHz, 0 %, 0 %
2026/09/22 01:17:47.959, 5, 178.64 W, 33, 120 MHz, 3996 MHz, 0 %, 0 %
2026/09/22 01:17:47.959, 6, 177.96 W, 30, 120 MHz, 3996 MHz, 0 %, 0 %
2026/09/22 01:17:47.959, 7, 181.32 W, 30, 120 MHz, 3996 MHz, 0 %, 0 %
2026/09/22 01:17:48.959, 0, 678.11 W, 57, 2032 MHz, 3996 MHz, 95 %, 37 %
2026/09/22 01:17:48.959, 1, 691.18 W, 59, 2032 MHz, 3996 MHz, 100 %, 15 %
2026/09/22 01:17:48.959, 2, 671.27 W, 47, 2032 MHz, 3996 MHz, 39 %, 17 %
2026/09/22 01:17:48.959, 3, 708.71 W, 47, 2032 MHz, 3996 MHz, 100 %, 9 %
2026/09/22 01:17:48.959, 4, 180.58 W, 34, 120 MHz, 3996 MHz, 0 %, 0 %
2026/09/22 01:17:48.959, 5, 178.64 W, 33, 120 MHz, 3996 MHz, 0 %, 0 %
2026/09/22 01:17:48.959, 6, 178.07 W, 30, 120 MHz, 3996 MHz, 0 %, 0 %
2026/09/22 01:17:48.959, 7, 181.34 W, 30, 120 MHz, 3996 MHz, 0 %, 0 %
2026/09/22 01:17:49.959, 0, 777.20 W, 65, 1965 MHz, 3996 MHz, 93 %, 39 %
2026/09/22 01:17:49.959, 1, 757.11 W, 62, 1950 MHz, 3996 MHz, 100 %, 56 %
2026/09/22 01:17:49.959, 2, 699.92 W, 51, 2002 MHz, 3996 MHz, 100 %, 56 %
2026/09/22 01:17:49.959, 3, 704.33 W, 51, 2002 MHz, 3996 MHz, 100 %, 56 %
2026/09/22 01:17:49.959, 4, 180.58 W, 34, 120 MHz, 3996 MHz, 0 %, 0 %
2026/09/22 01:17:49.959, 5, 178.64 W, 33, 120 MHz, 3996 MHz, 0 %, 0 %
2026/09/22 01:17:49.959, 6, 177.87 W, 30, 120 MHz, 3996 MHz, 0 %, 0 %
2026/09/22 01:17:49.959, 7, 181.24 W, 30, 120 MHz, 3996 MHz, 0 %, 0 %
2026/09/22 01:17:50.960, 0, 608.98 W, 62, 2032 MHz, 3996 MHz, 100 %, 8 %
2026/09/22 01:17:50.960, 1, 597.56 W, 56, 2032 MHz, 3996 MHz, 96 %, 8 %
2026/09/22 01:17:50.960, 2, 609.60 W, 45, 2032 MHz, 3996 MHz, 100 %, 8 %
2026/09/22 01:17:50.960, 3, 621.18 W, 46, 2032 MHz, 3996 MHz, 33 %, 15 %
2026/09/22 01:17:50.960, 4, 180.58 W, 34, 120 MHz, 3996 MHz, 0 %, 0 %
2026/09/22 01:17:50.960, 5, 178.64 W, 33, 120 MHz, 3996 MHz, 0 %, 0 %
2026/09/22 01:17:50.960, 6, 177.75 W, 30, 120 MHz, 3996 MHz, 0 %, 0 %
2026/09/22 01:17:50.960, 7, 181.33 W, 30, 120 MHz, 3996 MHz, 0 %, 0 %
2026/09/22 01:17:51.960, 0, 701.55 W, 58, 2032 MHz, 3996 MHz, 100 %, 11 %
2026/09/22 01:17:51.960, 1, 724.92 W, 57, 2032 MHz, 3996 MHz, 98 %, 7 %
2026/09/22 01:17:51.960, 2, 734.37 W, 48, 2032 MHz, 3996 MHz, 87 %, 9 %
2026/09/22 01:17:51.960, 3, 707.33 W, 47, 2032 MHz, 3996 MHz, 95 %, 7 %
2026/09/22 01:17:51.960, 4, 180.58 W, 34, 120 MHz, 3996 MHz, 0 %, 0 %
2026/09/22 01:17:51.960, 5, 178.64 W, 33, 120 MHz, 3996 MHz, 0 %, 0 %
2026/09/22 01:17:51.960, 6, 177.93 W, 30, 120 MHz, 3996 MHz, 0 %, 0 %
2026/09/22 01:17:51.960, 7, 181.28 W, 30, 120 MHz, 3996 MHz, 0 %, 0 %
2026/09/22 01:17:52.960, 0, 718.95 W, 61, 2032 MHz, 3996 MHz, 99 %, 7 %
2026/09/22 01:17:52.960, 1, 721.60 W, 58, 2032 MHz, 3996 MHz, 34 %, 14 %
2026/09/22 01:17:52.960, 2, 688.85 W, 45, 2032 MHz, 3996 MHz, 100 %, 8 %
2026/09/22 01:17:52.960, 3, 679.67 W, 45, 2032 MHz, 3996 MHz, 100 %, 8 %
2026/09/22 01:17:52.960, 4, 180.58 W, 34, 120 MHz, 3996 MHz, 0 %, 0 %
2026/09/22 01:17:52.960, 5, 178.64 W, 33, 120 MHz, 3996 MHz, 0 %, 0 %
2026/09/22 01:17:52.960, 6, 177.97 W, 30, 120 MHz, 3996 MHz, 0 %, 0 %
2026/09/22 01:17:52.960, 7, 180.91 W, 30, 120 MHz, 3996 MHz, 0 %, 0 %
2026/09/22 01:17:53.960, 0, 771.17 W, 57, 2032 MHz, 3996 MHz, 96 %, 10 %
2026/09/22 01:17:53.960, 1, 812.82 W, 59, 2032 MHz, 3996 MHz, 31 %, 14 %
2026/09/22 01:17:53.961, 2, 815.60 W, 48, 2032 MHz, 3996 MHz, 100 %, 8 %
2026/09/22 01:17:53.961, 3, 751.57 W, 46, 2032 MHz, 3996 MHz, 100 %, 8 %
2026/09/22 01:17:53.961, 4, 180.58 W, 34, 120 MHz, 3996 MHz, 0 %, 0 %
2026/09/22 01:17:53.961, 5, 178.64 W, 33, 120 MHz, 3996 MHz, 0 %, 0 %
2026/09/22 01:17:53.961, 6, 177.99 W, 30, 120 MHz, 3996 MHz, 0 %, 0 %
2026/09/22 01:17:53.961, 7, 181.00 W, 30, 120 MHz, 3996 MHz, 0 %, 0 %
2026/09/22 01:17:54.961, 0, 610.75 W, 62, 2002 MHz, 3996 MHz, 50 %, 23 %
2026/09/22 01:17:54.961, 1, 530.32 W, 56, 1987 MHz, 3996 MHz, 95 %, 21 %
2026/09/22 01:17:54.961, 2, 478.63 W, 44, 2032 MHz, 3996 MHz, 95 %, 9 %
2026/09/22 01:17:54.961, 3, 606.08 W, 45, 2017 MHz, 3996 MHz, 95 %, 19 %
2026/09/22 01:17:54.961, 4, 180.58 W, 34, 120 MHz, 3996 MHz, 0 %, 0 %
2026/09/22 01:17:54.961, 5, 178.64 W, 33, 120 MHz, 3996 MHz, 0 %, 0 %
2026/09/22 01:17:54.961, 6, 178.19 W, 30, 120 MHz, 3996 MHz, 0 %, 0 %
2026/09/22 01:17:54.961, 7, 181.30 W, 30, 120 MHz, 3996 MHz, 0 %, 0 %
2026/09/22 01:17:55.961, 0, 678.96 W, 63, 2032 MHz, 3996 MHz, 96 %, 37 %
2026/09/22 01:17:55.961, 1, 684.58 W, 59, 2032 MHz, 3996 MHz, 48 %, 16 %
2026/09/22 01:17:55.961, 2, 672.93 W, 46, 2032 MHz, 3996 MHz, 100 %, 10 %
2026/09/22 01:17:55.961, 3, 666.85 W, 48, 2032 MHz, 3996 MHz, 39 %, 17 %
2026/09/22 01:17:55.961, 4, 180.58 W, 34, 120 MHz, 3996 MHz, 0 %, 0 %
2026/09/22 01:17:55.961, 5, 178.64 W, 33, 120 MHz, 3996 MHz, 0 %, 0 %
2026/09/22 01:17:55.961, 6, 177.98 W, 30, 120 MHz, 3996 MHz, 0 %, 0 %
2026/09/22 01:17:55.961, 7, 181.23 W, 30, 120 MHz, 3996 MHz, 0 %, 0 %
2026/09/22 01:17:56.961, 0, 717.86 W, 60, 1995 MHz, 3996 MHz, 100 %, 8 %
2026/09/22 01:17:56.961, 1, 758.25 W, 62, 2032 MHz, 3996 MHz, 94 %, 40 %
2026/09/22 01:17:56.961, 2, 738.93 W, 49, 2032 MHz, 3996 MHz, 77 %, 40 %
2026/09/22 01:17:56.961, 3, 694.46 W, 50, 1980 MHz, 3996 MHz, 94 %, 45 %
2026/09/22 01:17:56.961, 4, 180.58 W, 34, 120 MHz, 3996 MHz, 0 %, 0 %
2026/09/22 01:17:56.961, 5, 178.64 W, 33, 120 MHz, 3996 MHz, 0 %, 0 %
2026/09/22 01:17:56.961, 6, 178.09 W, 30, 120 MHz, 3996 MHz, 0 %, 0 %
2026/09/22 01:17:56.961, 7, 181.35 W, 30, 120 MHz, 3996 MHz, 0 %, 0 %
2026/09/22 01:17:57.962, 0, 648.46 W, 59, 1987 MHz, 3996 MHz, 100 %, 8 %
2026/09/22 01:17:57.962, 1, 673.01 W, 60, 2025 MHz, 3996 MHz, 73 %, 37 %
2026/09/22 01:17:57.962, 2, 630.42 W, 44, 2032 MHz, 3996 MHz, 95 %, 29 %
2026/09/22 01:17:57.962, 3, 687.70 W, 47, 2032 MHz, 3996 MHz, 95 %, 36 %
2026/09/22 01:17:57.962, 4, 180.58 W, 34, 120 MHz, 3996 MHz, 0 %, 0 %
2026/09/22 01:17:57.962, 5, 178.64 W, 33, 120 MHz, 3996 MHz, 0 %, 0 %
2026/09/22 01:17:57.962, 6, 177.99 W, 30, 120 MHz, 3996 MHz, 0 %, 0 %
2026/09/22 01:17:57.962, 7, 181.20 W, 30, 120 MHz, 3996 MHz, 0 %, 0 %
2026/09/22 01:17:58.962, 0, 643.44 W, 61, 2032 MHz, 3996 MHz, 100 %, 8 %
2026/09/22 01:17:58.962, 1, 626.03 W, 56, 2032 MHz, 3996 MHz, 100 %, 8 %
2026/09/22 01:17:58.962, 2, 596.09 W, 44, 2032 MHz, 3996 MHz, 100 %, 8 %
2026/09/22 01:17:58.962, 3, 647.12 W, 46, 2032 MHz, 3996 MHz, 32 %, 14 %
2026/09/22 01:17:58.962, 4, 180.58 W, 34, 120 MHz, 3996 MHz, 0 %, 0 %
2026/09/22 01:17:58.962, 5, 178.64 W, 33, 120 MHz, 3996 MHz, 0 %, 0 %
2026/09/22 01:17:58.962, 6, 178.10 W, 30, 120 MHz, 3996 MHz, 0 %, 0 %
2026/09/22 01:17:58.962, 7, 181.25 W, 30, 120 MHz, 3996 MHz, 0 %, 0 %
2026/09/22 01:17:59.962, 0, 704.87 W, 59, 2032 MHz, 3996 MHz, 100 %, 52 %
2026/09/22 01:17:59.962, 1, 647.17 W, 58, 2032 MHz, 3996 MHz, 100 %, 9 %
2026/09/22 01:17:59.962, 2, 725.11 W, 48, 2032 MHz, 3996 MHz, 100 %, 11 %
2026/09/22 01:17:59.962, 3, 667.71 W, 48, 2032 MHz, 3996 MHz, 33 %, 15 %
2026/09/22 01:17:59.962, 4, 180.58 W, 34, 120 MHz, 3996 MHz, 0 %, 0 %
2026/09/22 01:17:59.962, 5, 178.64 W, 33, 120 MHz, 3996 MHz, 0 %, 0 %
2026/09/22 01:17:59.962, 6, 177.98 W, 30, 120 MHz, 3996 MHz, 0 %, 0 %
2026/09/22 01:17:59.962, 7, 181.21 W, 30, 120 MHz, 3996 MHz, 0 %, 0 %
2026/09/22 01:18:00.963, 0, 675.74 W, 58, 2032 MHz, 3996 MHz, 100 %, 57 %
2026/09/22 01:18:00.963, 1, 701.32 W, 60, 2032 MHz, 3996 MHz, 100 %, 21 %
2026/09/22 01:18:00.963, 2, 659.05 W, 50, 2032 MHz, 3996 MHz, 100 %, 23 %
2026/09/22 01:18:00.963, 3, 663.52 W, 49, 2032 MHz, 3996 MHz, 51 %, 22 %
2026/09/22 01:18:00.963, 4, 180.58 W, 34, 120 MHz, 3996 MHz, 0 %, 0 %
2026/09/22 01:18:00.963, 5, 178.64 W, 33, 120 MHz, 3996 MHz, 0 %, 0 %
2026/09/22 01:18:00.963, 6, 178.27 W, 30, 120 MHz, 3996 MHz, 0 %, 0 %
2026/09/22 01:18:00.963, 7, 181.12 W, 30, 120 MHz, 3996 MHz, 0 %, 0 %
2026/09/22 01:18:01.963, 0, 737.98 W, 63, 1995 MHz, 3996 MHz, 100 %, 56 %
2026/09/22 01:18:01.963, 1, 747.06 W, 63, 1972 MHz, 3996 MHz, 100 %, 55 %
2026/09/22 01:18:01.963, 2, 666.43 W, 52, 1965 MHz, 3996 MHz, 100 %, 56 %
2026/09/22 01:18:01.963, 3, 731.37 W, 51, 1965 MHz, 3996 MHz, 100 %, 55 %
2026/09/22 01:18:01.963, 4, 180.58 W, 34, 120 MHz, 3996 MHz, 0 %, 0 %
2026/09/22 01:18:01.963, 5, 178.64 W, 33, 120 MHz, 3996 MHz, 0 %, 0 %
2026/09/22 01:18:01.963, 6, 177.96 W, 30, 120 MHz, 3996 MHz, 0 %, 0 %
2026/09/22 01:18:01.963, 7, 181.21 W, 30, 120 MHz, 3996 MHz, 0 %, 0 %
2026/09/22 01:18:02.963, 0, 679.02 W, 57, 2032 MHz, 3996 MHz, 100 %, 56 %
2026/09/22 01:18:02.963, 1, 721.06 W, 58, 2032 MHz, 3996 MHz, 100 %, 11 %
2026/09/22 01:18:02.963, 2, 722.09 W, 51, 2025 MHz, 3996 MHz, 58 %, 26 %
2026/09/22 01:18:02.963, 3, 684.98 W, 45, 2032 MHz, 3996 MHz, 100 %, 11 %
2026/09/22 01:18:02.963, 4, 180.58 W, 34, 120 MHz, 3996 MHz, 0 %, 0 %
2026/09/22 01:18:02.963, 5, 178.64 W, 33, 120 MHz, 3996 MHz, 0 %, 0 %
2026/09/22 01:18:02.963, 6, 178.17 W, 30, 120 MHz, 3996 MHz, 0 %, 0 %
2026/09/22 01:18:02.963, 7, 181.18 W, 30, 120 MHz, 3996 MHz, 0 %, 0 %
2026/09/22 01:18:03.963, 0, 576.12 W, 62, 1995 MHz, 3996 MHz, 62 %, 30 %
2026/09/22 01:18:03.963, 1, 561.58 W, 56, 2032 MHz, 3996 MHz, 94 %, 10 %
2026/09/22 01:18:03.963, 2, 556.98 W, 45, 2032 MHz, 3996 MHz, 100 %, 8 %
2026/09/22 01:18:03.963, 3, 555.40 W, 44, 2032 MHz, 3996 MHz, 94 %, 9 %
2026/09/22 01:18:03.963, 4, 180.58 W, 34, 120 MHz, 3996 MHz, 0 %, 0 %
2026/09/22 01:18:03.963, 5, 178.64 W, 33, 120 MHz, 3996 MHz, 0 %, 0 %
2026/09/22 01:18:03.964, 6, 178.03 W, 30, 120 MHz, 3996 MHz, 0 %, 0 %
2026/09/22 01:18:03.964, 7, 181.31 W, 30, 120 MHz, 3996 MHz, 0 %, 0 %
2026/09/22 01:18:04.964, 0, 590.12 W, 55, 2032 MHz, 3996 MHz, 95 %, 8 %
2026/09/22 01:18:04.964, 1, 647.62 W, 56, 2032 MHz, 3996 MHz, 32 %, 14 %
2026/09/22 01:18:04.964, 2, 609.51 W, 44, 2032 MHz, 3996 MHz, 100 %, 8 %
2026/09/22 01:18:04.964, 3, 595.83 W, 43, 2032 MHz, 3996 MHz, 100 %, 8 %
2026/09/22 01:18:04.964, 4, 180.58 W, 34, 120 MHz, 3996 MHz, 0 %, 0 %
2026/09/22 01:18:04.964, 5, 178.64 W, 33, 120 MHz, 3996 MHz, 0 %, 0 %
2026/09/22 01:18:04.964, 6, 178.20 W, 30, 120 MHz, 3996 MHz, 0 %, 0 %
2026/09/22 01:18:04.964, 7, 181.00 W, 30, 120 MHz, 3996 MHz, 0 %, 0 %
2026/09/22 01:18:05.964, 0, 779.68 W, 61, 1980 MHz, 3996 MHz, 100 %, 56 %
2026/09/22 01:18:05.964, 1, 754.98 W, 63, 1950 MHz, 3996 MHz, 100 %, 51 %
2026/09/22 01:18:05.964, 2, 696.81 W, 50, 1965 MHz, 3996 MHz, 100 %, 56 %
2026/09/22 01:18:05.964, 3, 743.23 W, 49, 1950 MHz, 3996 MHz, 100 %, 52 %
2026/09/22 01:18:05.964, 4, 180.58 W, 34, 120 MHz, 3996 MHz, 0 %, 0 %
2026/09/22 01:18:05.964, 5, 178.64 W, 33, 120 MHz, 3996 MHz, 0 %, 0 %
2026/09/22 01:18:05.964, 6, 178.18 W, 30, 120 MHz, 3996 MHz, 0 %, 0 %
2026/09/22 01:18:05.964, 7, 180.97 W, 30, 120 MHz, 3996 MHz, 0 %, 0 %
2026/09/22 01:18:06.964, 0, 803.69 W, 60, 2017 MHz, 3996 MHz, 100 %, 56 %
2026/09/22 01:18:06.964, 1, 807.16 W, 61, 1995 MHz, 3996 MHz, 100 %, 54 %
2026/09/22 01:18:06.964, 2, 811.99 W, 52, 1972 MHz, 3996 MHz, 100 %, 56 %
2026/09/22 01:18:06.964, 3, 816.59 W, 48, 1950 MHz, 3996 MHz, 100 %, 55 %
2026/09/22 01:18:06.964, 4, 180.58 W, 34, 120 MHz, 3996 MHz, 0 %, 0 %
2026/09/22 01:18:06.964, 5, 178.64 W, 33, 120 MHz, 3996 MHz, 0 %, 0 %
2026/09/22 01:18:06.964, 6, 178.14 W, 30, 120 MHz, 3996 MHz, 0 %, 0 %
2026/09/22 01:18:06.964, 7, 180.95 W, 30, 120 MHz, 3996 MHz, 0 %, 0 %
2026/09/22 01:18:07.964, 0, 656.62 W, 59, 2025 MHz, 3996 MHz, 100 %, 9 %
2026/09/22 01:18:07.965, 1, 672.33 W, 57, 2025 MHz, 3996 MHz, 95 %, 38 %
2026/09/22 01:18:07.965, 2, 616.48 W, 47, 2025 MHz, 3996 MHz, 95 %, 35 %
2026/09/22 01:18:07.965, 3, 629.99 W, 45, 2032 MHz, 3996 MHz, 89 %, 38 %
2026/09/22 01:18:07.965, 4, 180.58 W, 34, 120 MHz, 3996 MHz, 0 %, 0 %
2026/09/22 01:18:07.965, 5, 178.64 W, 33, 120 MHz, 3996 MHz, 0 %, 0 %
2026/09/22 01:18:07.965, 6, 178.07 W, 30, 120 MHz, 3996 MHz, 0 %, 0 %
2026/09/22 01:18:07.965, 7, 180.99 W, 30, 120 MHz, 3996 MHz, 0 %, 0 %
2026/09/22 01:18:08.965, 0, 787.25 W, 58, 2025 MHz, 3996 MHz, 32 %, 14 %
2026/09/22 01:18:08.965, 1, 716.29 W, 57, 2010 MHz, 3996 MHz, 94 %, 35 %
2026/09/22 01:18:08.965, 2, 716.79 W, 45, 1995 MHz, 3996 MHz, 94 %, 24 %
2026/09/22 01:18:08.965, 3, 741.62 W, 46, 2010 MHz, 3996 MHz, 94 %, 34 %
2026/09/22 01:18:08.965, 4, 180.58 W, 34, 120 MHz, 3996 MHz, 0 %, 0 %
2026/09/22 01:18:08.965, 5, 178.64 W, 33, 120 MHz, 3996 MHz, 0 %, 0 %
2026/09/22 01:18:08.965, 6, 178.16 W, 30, 120 MHz, 3996 MHz, 0 %, 0 %
2026/09/22 01:18:08.965, 7, 181.02 W, 30, 120 MHz, 3996 MHz, 0 %, 0 %
2026/09/22 01:18:09.965, 0, 569.74 W, 56, 2032 MHz, 3996 MHz, 100 %, 15 %
2026/09/22 01:18:09.965, 1, 560.98 W, 57, 2032 MHz, 3996 MHz, 77 %, 40 %
2026/09/22 01:18:09.965, 2, 654.96 W, 49, 2032 MHz, 3996 MHz, 88 %, 39 %
2026/09/22 01:18:09.965, 3, 559.34 W, 44, 2032 MHz, 3996 MHz, 100 %, 36 %
2026/09/22 01:18:09.965, 4, 180.58 W, 34, 120 MHz, 3996 MHz, 0 %, 0 %
2026/09/22 01:18:09.965, 5, 178.64 W, 33, 120 MHz, 3996 MHz, 0 %, 0 %
2026/09/22 01:18:09.965, 6, 177.92 W, 30, 120 MHz, 3996 MHz, 0 %, 0 %
2026/09/22 01:18:09.965, 7, 180.82 W, 30, 120 MHz, 3996 MHz, 0 %, 0 %
2026/09/22 01:18:10.965, 0, 822.12 W, 60, 2025 MHz, 3996 MHz, 100 %, 56 %
2026/09/22 01:18:10.965, 1, 831.09 W, 59, 2002 MHz, 3996 MHz, 100 %, 55 %
2026/09/22 01:18:10.965, 2, 748.37 W, 51, 1987 MHz, 3996 MHz, 100 %, 56 %
2026/09/22 01:18:10.965, 3, 816.49 W, 50, 1965 MHz, 3996 MHz, 100 %, 55 %
2026/09/22 01:18:10.965, 4, 180.58 W, 34, 120 MHz, 3996 MHz, 0 %, 0 %
2026/09/22 01:18:10.965, 5, 178.64 W, 33, 120 MHz, 3996 MHz, 0 %, 0 %
2026/09/22 01:18:10.966, 6, 177.92 W, 30, 120 MHz, 3996 MHz, 0 %, 0 %
2026/09/22 01:18:10.966, 7, 180.79 W, 30, 120 MHz, 3996 MHz, 0 %, 0 %
2026/09/22 01:18:11.966, 0, 722.03 W, 61, 2032 MHz, 3996 MHz, 100 %, 47 %
2026/09/22 01:18:11.966, 1, 731.77 W, 62, 2032 MHz, 3996 MHz, 100 %, 17 %
2026/09/22 01:18:11.966, 2, 697.69 W, 49, 2032 MHz, 3996 MHz, 39 %, 17 %
2026/09/22 01:18:11.966, 3, 686.83 W, 50, 2032 MHz, 3996 MHz, 100 %, 17 %
2026/09/22 01:18:11.966, 4, 180.58 W, 34, 120 MHz, 3996 MHz, 0 %, 0 %
2026/09/22 01:18:11.966, 5, 178.64 W, 33, 120 MHz, 3996 MHz, 0 %, 0 %
2026/09/22 01:18:11.966, 6, 178.41 W, 30, 120 MHz, 3996 MHz, 0 %, 0 %
2026/09/22 01:18:11.966, 7, 180.73 W, 30, 120 MHz, 3996 MHz, 0 %, 0 %
2026/09/22 01:18:12.966, 0, 740.45 W, 62, 1965 MHz, 3996 MHz, 95 %, 44 %
2026/09/22 01:18:12.966, 1, 738.05 W, 63, 1972 MHz, 3996 MHz, 100 %, 55 %
2026/09/22 01:18:12.966, 2, 691.68 W, 51, 1972 MHz, 3996 MHz, 100 %, 56 %
2026/09/22 01:18:12.966, 3, 720.13 W, 51, 1965 MHz, 3996 MHz, 100 %, 55 %
2026/09/22 01:18:12.966, 4, 180.58 W, 34, 120 MHz, 3996 MHz, 0 %, 0 %
2026/09/22 01:18:12.966, 5, 178.64 W, 33, 120 MHz, 3996 MHz, 0 %, 0 %
2026/09/22 01:18:12.966, 6, 178.10 W, 30, 120 MHz, 3996 MHz, 0 %, 0 %
2026/09/22 01:18:12.966, 7, 180.65 W, 30, 120 MHz, 3996 MHz, 0 %, 0 %
2026/09/22 01:18:13.966, 0, 712.56 W, 61, 2002 MHz, 3996 MHz, 95 %, 49 %
2026/09/22 01:18:13.966, 1, 732.79 W, 60, 1972 MHz, 3996 MHz, 100 %, 55 %
2026/09/22 01:18:13.966, 2, 695.78 W, 50, 2002 MHz, 3996 MHz, 100 %, 56 %
2026/09/22 01:18:13.966, 3, 737.51 W, 53, 1965 MHz, 3996 MHz, 100 %, 56 %
2026/09/22 01:18:13.966, 4, 180.58 W, 34, 120 MHz, 3996 MHz, 0 %, 0 %
2026/09/22 01:18:13.966, 5, 178.64 W, 33, 120 MHz, 3996 MHz, 0 %, 0 %
2026/09/22 01:18:13.966, 6, 177.96 W, 30, 120 MHz, 3996 MHz, 0 %, 0 %
2026/09/22 01:18:13.966, 7, 180.55 W, 30, 120 MHz, 3996 MHz, 0 %, 0 %
2026/09/22 01:18:14.966, 0, 562.07 W, 55, 2032 MHz, 3996 MHz, 70 %, 14 %
2026/09/22 01:18:14.966, 1, 569.84 W, 55, 2032 MHz, 3996 MHz, 100 %, 8 %
2026/09/22 01:18:14.966, 2, 587.68 W, 44, 2032 MHz, 3996 MHz, 94 %, 8 %
2026/09/22 01:18:14.966, 3, 601.93 W, 45, 2032 MHz, 3996 MHz, 32 %, 14 %
2026/09/22 01:18:14.967, 4, 180.58 W, 34, 120 MHz, 3996 MHz, 0 %, 0 %
2026/09/22 01:18:14.967, 5, 178.64 W, 32, 120 MHz, 3996 MHz, 0 %, 0 %
2026/09/22 01:18:14.967, 6, 177.97 W, 30, 120 MHz, 3996 MHz, 0 %, 0 %
2026/09/22 01:18:14.967, 7, 180.69 W, 30, 120 MHz, 3996 MHz, 0 %, 0 %
2026/09/22 01:18:15.967, 0, 608.86 W, 57, 2032 MHz, 3996 MHz, 95 %, 52 %
2026/09/22 01:18:15.967, 1, 647.72 W, 58, 2010 MHz, 3996 MHz, 100 %, 46 %
2026/09/22 01:18:15.967, 2, 679.91 W, 51, 2025 MHz, 3996 MHz, 100 %, 53 %
2026/09/22 01:18:15.967, 3, 603.80 W, 46, 2025 MHz, 3996 MHz, 100 %, 42 %
2026/09/22 01:18:15.967, 4, 180.58 W, 34, 120 MHz, 3996 MHz, 0 %, 0 %
2026/09/22 01:18:15.967, 5, 178.64 W, 33, 120 MHz, 3996 MHz, 0 %, 0 %
2026/09/22 01:18:15.967, 6, 178.11 W, 30, 120 MHz, 3996 MHz, 0 %, 0 %
2026/09/22 01:18:15.967, 7, 180.76 W, 30, 120 MHz, 3996 MHz, 0 %, 0 %
2026/09/22 01:18:16.967, 0, 769.01 W, 64, 1785 MHz, 3996 MHz, 100 %, 56 %
2026/09/22 01:18:16.967, 1, 795.51 W, 61, 1987 MHz, 3996 MHz, 100 %, 55 %
2026/09/22 01:18:16.967, 2, 750.82 W, 50, 2017 MHz, 3996 MHz, 100 %, 55 %
2026/09/22 01:18:16.967, 3, 767.17 W, 52, 1965 MHz, 3996 MHz, 100 %, 55 %
2026/09/22 01:18:16.967, 4, 180.58 W, 34, 120 MHz, 3996 MHz, 0 %, 0 %
2026/09/22 01:18:16.967, 5, 178.64 W, 32, 120 MHz, 3996 MHz, 0 %, 0 %
2026/09/22 01:18:16.967, 6, 178.14 W, 30, 120 MHz, 3996 MHz, 0 %, 0 %
2026/09/22 01:18:16.967, 7, 180.59 W, 30, 120 MHz, 3996 MHz, 0 %, 0 %
2026/09/22 01:18:17.967, 0, 691.62 W, 57, 2032 MHz, 3996 MHz, 86 %, 40 %
2026/09/22 01:18:17.967, 1, 646.50 W, 58, 2032 MHz, 3996 MHz, 100 %, 8 %
2026/09/22 01:18:17.967, 2, 660.11 W, 46, 2032 MHz, 3996 MHz, 100 %, 8 %
2026/09/22 01:18:17.967, 3, 636.28 W, 45, 2032 MHz, 3996 MHz, 100 %, 8 %
2026/09/22 01:18:17.967, 4, 180.58 W, 34, 120 MHz, 3996 MHz, 0 %, 0 %
2026/09/22 01:18:17.967, 5, 178.64 W, 32, 120 MHz, 3996 MHz, 0 %, 0 %
2026/09/22 01:18:17.967, 6, 177.81 W, 30, 120 MHz, 3996 MHz, 0 %, 0 %
2026/09/22 01:18:17.967, 7, 180.90 W, 30, 120 MHz, 3996 MHz, 0 %, 0 %
2026/09/22 01:18:18.968, 0, 703.99 W, 61, 1957 MHz, 3996 MHz, 100 %, 12 %
2026/09/22 01:18:18.968, 1, 716.78 W, 62, 1987 MHz, 3996 MHz, 92 %, 32 %
2026/09/22 01:18:18.968, 2, 615.26 W, 45, 2032 MHz, 3996 MHz, 95 %, 17 %
2026/09/22 01:18:18.968, 3, 698.09 W, 50, 1965 MHz, 3996 MHz, 57 %, 30 %
2026/09/22 01:18:18.968, 4, 180.58 W, 34, 120 MHz, 3996 MHz, 0 %, 0 %
2026/09/22 01:18:18.968, 5, 178.64 W, 32, 120 MHz, 3996 MHz, 0 %, 0 %
2026/09/22 01:18:18.968, 6, 177.77 W, 30, 120 MHz, 3996 MHz, 0 %, 0 %
2026/09/22 01:18:18.968, 7, 180.64 W, 30, 120 MHz, 3996 MHz, 0 %, 0 %
2026/09/22 01:18:19.968, 0, 865.05 W, 60, 2025 MHz, 3996 MHz, 94 %, 54 %
2026/09/22 01:18:19.968, 1, 848.40 W, 57, 2025 MHz, 3996 MHz, 100 %, 38 %
2026/09/22 01:18:19.968, 2, 864.41 W, 52, 2017 MHz, 3996 MHz, 100 %, 50 %
2026/09/22 01:18:19.968, 3, 814.51 W, 46, 2032 MHz, 3996 MHz, 100 %, 40 %
2026/09/22 01:18:19.968, 4, 180.58 W, 34, 120 MHz, 3996 MHz, 0 %, 0 %
2026/09/22 01:18:19.968, 5, 178.64 W, 32, 120 MHz, 3996 MHz, 0 %, 0 %
2026/09/22 01:18:19.968, 6, 177.82 W, 30, 120 MHz, 3996 MHz, 0 %, 0 %
2026/09/22 01:18:19.968, 7, 180.55 W, 30, 120 MHz, 3996 MHz, 0 %, 0 %
2026/09/22 01:18:20.968, 0, 714.76 W, 63, 1965 MHz, 3996 MHz, 100 %, 15 %
2026/09/22 01:18:20.968, 1, 686.86 W, 62, 2010 MHz, 3996 MHz, 94 %, 47 %
2026/09/22 01:18:20.968, 2, 628.61 W, 46, 2010 MHz, 3996 MHz, 70 %, 38 %
2026/09/22 01:18:20.968, 3, 695.65 W, 51, 1950 MHz, 3996 MHz, 95 %, 45 %
2026/09/22 01:18:20.968, 4, 180.58 W, 34, 120 MHz, 3996 MHz, 0 %, 0 %
2026/09/22 01:18:20.968, 5, 178.64 W, 32, 120 MHz, 3996 MHz, 0 %, 0 %
2026/09/22 01:18:20.968, 6, 177.79 W, 30, 120 MHz, 3996 MHz, 0 %, 0 %
2026/09/22 01:18:20.968, 7, 180.72 W, 30, 120 MHz, 3996 MHz, 0 %, 0 %
2026/09/22 01:18:21.968, 0, 742.39 W, 58, 2017 MHz, 3996 MHz, 95 %, 40 %
2026/09/22 01:18:21.968, 1, 793.59 W, 58, 2002 MHz, 3996 MHz, 100 %, 52 %
2026/09/22 01:18:21.968, 2, 783.73 W, 51, 2002 MHz, 3996 MHz, 100 %, 56 %
2026/09/22 01:18:21.968, 3, 776.18 W, 47, 2017 MHz, 3996 MHz, 100 %, 53 %
2026/09/22 01:18:21.968, 4, 180.58 W, 34, 120 MHz, 3996 MHz, 0 %, 0 %
2026/09/22 01:18:21.968, 5, 178.64 W, 32, 120 MHz, 3996 MHz, 0 %, 0 %
2026/09/22 01:18:21.969, 6, 177.76 W, 30, 120 MHz, 3996 MHz, 0 %, 0 %
2026/09/22 01:18:21.969, 7, 180.76 W, 30, 120 MHz, 3996 MHz, 0 %, 0 %
2026/09/22 01:18:22.969, 0, 817.59 W, 64, 1950 MHz, 3996 MHz, 100 %, 56 %
2026/09/22 01:18:22.969, 1, 801.02 W, 64, 1980 MHz, 3996 MHz, 100 %, 55 %
2026/09/22 01:18:22.969, 2, 802.71 W, 52, 2002 MHz, 3996 MHz, 100 %, 55 %
2026/09/22 01:18:22.969, 3, 748.29 W, 53, 1995 MHz, 3996 MHz, 100 %, 55 %
2026/09/22 01:18:22.969, 4, 180.58 W, 34, 120 MHz, 3996 MHz, 0 %, 0 %
2026/09/22 01:18:22.969, 5, 178.64 W, 32, 120 MHz, 3996 MHz, 0 %, 0 %
2026/09/22 01:18:22.969, 6, 177.73 W, 30, 120 MHz, 3996 MHz, 0 %, 0 %
2026/09/22 01:18:22.969, 7, 180.51 W, 30, 120 MHz, 3996 MHz, 0 %, 0 %
2026/09/22 01:18:23.969, 0, 781.54 W, 64, 1965 MHz, 3996 MHz, 90 %, 17 %
2026/09/22 01:18:23.969, 1, 753.86 W, 63, 1987 MHz, 3996 MHz, 95 %, 53 %
2026/09/22 01:18:23.969, 2, 735.60 W, 48, 2010 MHz, 3996 MHz, 95 %, 41 %
2026/09/22 01:18:23.969, 3, 737.28 W, 52, 2010 MHz, 3996 MHz, 91 %, 51 %
2026/09/22 01:18:23.969, 4, 180.58 W, 34, 120 MHz, 3996 MHz, 0 %, 0 %
2026/09/22 01:18:23.969, 5, 178.64 W, 32, 120 MHz, 3996 MHz, 0 %, 0 %
2026/09/22 01:18:23.969, 6, 177.86 W, 30, 120 MHz, 3996 MHz, 0 %, 0 %
2026/09/22 01:18:23.969, 7, 180.51 W, 30, 120 MHz, 3996 MHz, 0 %, 0 %
2026/09/22 01:18:24.969, 0, 639.15 W, 55, 2032 MHz, 3996 MHz, 100 %, 8 %
2026/09/22 01:18:24.969, 1, 733.09 W, 55, 2032 MHz, 3996 MHz, 87 %, 8 %
2026/09/22 01:18:24.969, 2, 719.97 W, 46, 2032 MHz, 3996 MHz, 55 %, 11 %
2026/09/22 01:18:24.969, 3, 689.11 W, 44, 2032 MHz, 3996 MHz, 96 %, 8 %
2026/09/22 01:18:24.969, 4, 180.58 W, 34, 120 MHz, 3996 MHz, 0 %, 0 %
2026/09/22 01:18:24.969, 5, 178.64 W, 32, 120 MHz, 3996 MHz, 0 %, 0 %
2026/09/22 01:18:24.969, 6, 177.99 W, 30, 120 MHz, 3996 MHz, 0 %, 0 %
2026/09/22 01:18:24.969, 7, 180.98 W, 30, 120 MHz, 3996 MHz, 0 %, 0 %
2026/09/22 01:18:25.969, 0, 667.48 W, 60, 1980 MHz, 3996 MHz, 95 %, 34 %
2026/09/22 01:18:25.969, 1, 669.42 W, 58, 1972 MHz, 3996 MHz, 100 %, 56 %
2026/09/22 01:18:25.970, 2, 638.54 W, 50, 2002 MHz, 3996 MHz, 100 %, 56 %
2026/09/22 01:18:25.970, 3, 681.53 W, 47, 2002 MHz, 3996 MHz, 100 %, 57 %
2026/09/22 01:18:25.970, 4, 180.58 W, 34, 120 MHz, 3996 MHz, 0 %, 0 %
2026/09/22 01:18:25.970, 5, 178.64 W, 32, 120 MHz, 3996 MHz, 0 %, 0 %
2026/09/22 01:18:25.970, 6, 178.09 W, 30, 120 MHz, 3996 MHz, 0 %, 0 %
2026/09/22 01:18:25.970, 7, 180.58 W, 30, 120 MHz, 3996 MHz, 0 %, 0 %
2026/09/22 01:18:26.970, 0, 761.85 W, 61, 1972 MHz, 3996 MHz, 95 %, 15 %
2026/09/22 01:18:26.970, 1, 692.25 W, 62, 2002 MHz, 3996 MHz, 100 %, 56 %
2026/09/22 01:18:26.970, 2, 677.39 W, 50, 2010 MHz, 3996 MHz, 100 %, 57 %
2026/09/22 01:18:26.970, 3, 679.82 W, 50, 1965 MHz, 3996 MHz, 100 %, 56 %
2026/09/22 01:18:26.970, 4, 180.58 W, 34, 120 MHz, 3996 MHz, 0 %, 0 %
2026/09/22 01:18:26.970, 5, 178.64 W, 32, 120 MHz, 3996 MHz, 0 %, 0 %
2026/09/22 01:18:26.970, 6, 177.78 W, 30, 120 MHz, 3996 MHz, 0 %, 0 %
2026/09/22 01:18:26.970, 7, 180.66 W, 30, 120 MHz, 3996 MHz, 0 %, 0 %
2026/09/22 01:18:27.970, 0, 704.23 W, 56, 2032 MHz, 3996 MHz, 96 %, 8 %
2026/09/22 01:18:27.970, 1, 730.44 W, 58, 2032 MHz, 3996 MHz, 100 %, 8 %
2026/09/22 01:18:27.970, 2, 736.55 W, 46, 2032 MHz, 3996 MHz, 32 %, 13 %
2026/09/22 01:18:27.970, 3, 720.81 W, 46, 2032 MHz, 3996 MHz, 100 %, 8 %
2026/09/22 01:18:27.970, 4, 180.58 W, 34, 120 MHz, 3996 MHz, 0 %, 0 %
2026/09/22 01:18:27.970, 5, 178.64 W, 32, 120 MHz, 3996 MHz, 0 %, 0 %
2026/09/22 01:18:27.970, 6, 177.79 W, 30, 120 MHz, 3996 MHz, 0 %, 0 %
2026/09/22 01:18:27.970, 7, 180.84 W, 30, 120 MHz, 3996 MHz, 0 %, 0 %
2026/09/22 01:18:28.970, 0, 677.73 W, 57, 2032 MHz, 3996 MHz, 94 %, 12 %
2026/09/22 01:18:28.970, 1, 667.66 W, 55, 2032 MHz, 3996 MHz, 100 %, 27 %
2026/09/22 01:18:28.970, 2, 652.04 W, 50, 2032 MHz, 3996 MHz, 92 %, 36 %
2026/09/22 01:18:28.970, 3, 648.04 W, 44, 2032 MHz, 3996 MHz, 100 %, 29 %
2026/09/22 01:18:28.970, 4, 180.58 W, 34, 120 MHz, 3996 MHz, 0 %, 0 %
2026/09/22 01:18:28.970, 5, 178.64 W, 32, 120 MHz, 3996 MHz, 0 %, 0 %
2026/09/22 01:18:28.970, 6, 177.84 W, 30, 120 MHz, 3996 MHz, 0 %, 0 %
2026/09/22 01:18:28.970, 7, 180.59 W, 30, 120 MHz, 3996 MHz, 0 %, 0 %
2026/09/22 01:18:29.971, 0, 611.53 W, 55, 2032 MHz, 3996 MHz, 100 %, 9 %
2026/09/22 01:18:29.971, 1, 636.38 W, 55, 2025 MHz, 3996 MHz, 95 %, 36 %
2026/09/22 01:18:29.971, 2, 608.38 W, 47, 2025 MHz, 3996 MHz, 94 %, 36 %
2026/09/22 01:18:29.971, 3, 666.63 W, 46, 2032 MHz, 3996 MHz, 82 %, 43 %
2026/09/22 01:18:29.971, 4, 180.58 W, 34, 120 MHz, 3996 MHz, 0 %, 0 %
2026/09/22 01:18:29.971, 5, 178.64 W, 32, 120 MHz, 3996 MHz, 0 %, 0 %
2026/09/22 01:18:29.971, 6, 177.99 W, 30, 120 MHz, 3996 MHz, 0 %, 0 %
2026/09/22 01:18:29.971, 7, 180.60 W, 30, 120 MHz, 3996 MHz, 0 %, 0 %
2026/09/22 01:18:30.971, 0, 733.93 W, 56, 2032 MHz, 3996 MHz, 95 %, 36 %
2026/09/22 01:18:30.971, 1, 713.73 W, 56, 2032 MHz, 3996 MHz, 100 %, 8 %
2026/09/22 01:18:30.971, 2, 679.70 W, 46, 2032 MHz, 3996 MHz, 100 %, 9 %
2026/09/22 01:18:30.971, 3, 708.49 W, 45, 2032 MHz, 3996 MHz, 31 %, 14 %
2026/09/22 01:18:30.971, 4, 180.58 W, 34, 120 MHz, 3996 MHz, 0 %, 0 %
2026/09/22 01:18:30.971, 5, 178.64 W, 32, 120 MHz, 3996 MHz, 0 %, 0 %
2026/09/22 01:18:30.971, 6, 178.14 W, 30, 120 MHz, 3996 MHz, 0 %, 0 %
2026/09/22 01:18:30.971, 7, 180.46 W, 30, 120 MHz, 3996 MHz, 0 %, 0 %
2026/09/22 01:18:31.971, 0, 696.84 W, 56, 2017 MHz, 3996 MHz, 65 %, 35 %
2026/09/22 01:18:31.971, 1, 660.23 W, 56, 2032 MHz, 3996 MHz, 95 %, 34 %
2026/09/22 01:18:31.971, 2, 671.21 W, 44, 1995 MHz, 3996 MHz, 94 %, 26 %
2026/09/22 01:18:31.971, 3, 666.44 W, 46, 1965 MHz, 3996 MHz, 94 %, 35 %
2026/09/22 01:18:31.971, 4, 180.58 W, 34, 120 MHz, 3996 MHz, 0 %, 0 %
2026/09/22 01:18:31.971, 5, 178.64 W, 32, 120 MHz, 3996 MHz, 0 %, 0 %
2026/09/22 01:18:31.971, 6, 178.08 W, 30, 120 MHz, 3996 MHz, 0 %, 0 %
2026/09/22 01:18:31.971, 7, 180.62 W, 30, 120 MHz, 3996 MHz, 0 %, 0 %
2026/09/22 01:18:32.971, 0, 671.78 W, 57, 2032 MHz, 3996 MHz, 46 %, 20 %
2026/09/22 01:18:32.971, 1, 662.29 W, 55, 2032 MHz, 3996 MHz, 100 %, 10 %
2026/09/22 01:18:32.971, 2, 642.56 W, 46, 2032 MHz, 3996 MHz, 100 %, 16 %
2026/09/22 01:18:32.971, 3, 628.73 W, 44, 2032 MHz, 3996 MHz, 100 %, 11 %
2026/09/22 01:18:32.971, 4, 180.58 W, 34, 120 MHz, 3996 MHz, 0 %, 0 %
2026/09/22 01:18:32.972, 5, 178.64 W, 32, 120 MHz, 3996 MHz, 0 %, 0 %
2026/09/22 01:18:32.972, 6, 177.87 W, 30, 120 MHz, 3996 MHz, 0 %, 0 %
2026/09/22 01:18:32.972, 7, 181.04 W, 30, 120 MHz, 3996 MHz, 0 %, 0 %
2026/09/22 01:18:33.972, 0, 732.73 W, 56, 2032 MHz, 3996 MHz, 98 %, 39 %
2026/09/22 01:18:33.972, 1, 755.54 W, 58, 2025 MHz, 3996 MHz, 82 %, 43 %
2026/09/22 01:18:33.972, 2, 753.72 W, 49, 2032 MHz, 3996 MHz, 88 %, 40 %
2026/09/22 01:18:33.972, 3, 780.36 W, 47, 2017 MHz, 3996 MHz, 89 %, 43 %
2026/09/22 01:18:33.972, 4, 180.58 W, 34, 120 MHz, 3996 MHz, 0 %, 0 %
2026/09/22 01:18:33.972, 5, 178.64 W, 32, 120 MHz, 3996 MHz, 0 %, 0 %
2026/09/22 01:18:33.972, 6, 178.14 W, 30, 120 MHz, 3996 MHz, 0 %, 0 %
2026/09/22 01:18:33.972, 7, 180.92 W, 30, 120 MHz, 3996 MHz, 0 %, 0 %
2026/09/22 01:18:34.972, 0, 788.80 W, 56, 2032 MHz, 3996 MHz, 100 %, 20 %
2026/09/22 01:18:34.972, 1, 763.63 W, 57, 2032 MHz, 3996 MHz, 48 %, 22 %
2026/09/22 01:18:34.972, 2, 733.61 W, 49, 2032 MHz, 3996 MHz, 100 %, 27 %
2026/09/22 01:18:34.972, 3, 741.24 W, 45, 2032 MHz, 3996 MHz, 100 %, 16 %
2026/09/22 01:18:34.972, 4, 180.58 W, 34, 120 MHz, 3996 MHz, 0 %, 0 %
2026/09/22 01:18:34.972, 5, 178.64 W, 33, 120 MHz, 3996 MHz, 0 %, 0 %
2026/09/22 01:18:34.972, 6, 177.94 W, 30, 120 MHz, 3996 MHz, 0 %, 0 %
2026/09/22 01:18:34.972, 7, 180.89 W, 30, 120 MHz, 3996 MHz, 0 %, 0 %
2026/09/22 01:18:35.972, 0, 636.07 W, 59, 2017 MHz, 3996 MHz, 95 %, 14 %
2026/09/22 01:18:35.972, 1, 667.90 W, 62, 2032 MHz, 3996 MHz, 95 %, 18 %
2026/09/22 01:18:35.972, 2, 607.71 W, 44, 2032 MHz, 3996 MHz, 97 %, 8 %
2026/09/22 01:18:35.972, 3, 640.94 W, 48, 2032 MHz, 3996 MHz, 43 %, 21 %
2026/09/22 01:18:35.972, 4, 180.58 W, 34, 120 MHz, 3996 MHz, 0 %, 0 %
2026/09/22 01:18:35.972, 5, 178.64 W, 32, 120 MHz, 3996 MHz, 0 %, 0 %
2026/09/22 01:18:35.972, 6, 178.06 W, 30, 120 MHz, 3996 MHz, 0 %, 0 %
2026/09/22 01:18:35.972, 7, 180.84 W, 30, 120 MHz, 3996 MHz, 0 %, 0 %
2026/09/22 01:18:36.972, 0, 688.18 W, 62, 1987 MHz, 3996 MHz, 56 %, 30 %
2026/09/22 01:18:36.972, 1, 732.17 W, 62, 2010 MHz, 3996 MHz, 95 %, 31 %
2026/09/22 01:18:36.973, 2, 658.30 W, 44, 2032 MHz, 3996 MHz, 95 %, 18 %
2026/09/22 01:18:36.973, 3, 668.53 W, 51, 2032 MHz, 3996 MHz, 95 %, 29 %
2026/09/22 01:18:36.973, 4, 180.58 W, 34, 120 MHz, 3996 MHz, 0 %, 0 %
2026/09/22 01:18:36.973, 5, 178.64 W, 33, 120 MHz, 3996 MHz, 0 %, 0 %
2026/09/22 01:18:36.973, 6, 177.84 W, 30, 120 MHz, 3996 MHz, 0 %, 0 %
2026/09/22 01:18:36.973, 7, 180.90 W, 30, 120 MHz, 3996 MHz, 0 %, 0 %
2026/09/22 01:18:37.973, 0, 888.08 W, 60, 2032 MHz, 3996 MHz, 100 %, 19 %
2026/09/22 01:18:37.973, 1, 891.96 W, 59, 2032 MHz, 3996 MHz, 37 %, 17 %
2026/09/22 01:18:37.973, 2, 887.00 W, 49, 2032 MHz, 3996 MHz, 100 %, 14 %
2026/09/22 01:18:37.973, 3, 878.59 W, 47, 2032 MHz, 3996 MHz, 100 %, 10 %
2026/09/22 01:18:37.973, 4, 180.58 W, 34, 120 MHz, 3996 MHz, 0 %, 0 %
2026/09/22 01:18:37.973, 5, 178.64 W, 33, 120 MHz, 3996 MHz, 0 %, 0 %
2026/09/22 01:18:37.973, 6, 178.19 W, 30, 120 MHz, 3996 MHz, 0 %, 0 %
2026/09/22 01:18:37.973, 7, 180.91 W, 30, 120 MHz, 3996 MHz, 0 %, 0 %
2026/09/22 01:18:38.973, 0, 724.17 W, 62, 1987 MHz, 3996 MHz, 84 %, 22 %
2026/09/22 01:18:38.973, 1, 666.35 W, 59, 2002 MHz, 3996 MHz, 94 %, 22 %
2026/09/22 01:18:38.973, 2, 596.58 W, 45, 2032 MHz, 3996 MHz, 94 %, 10 %
2026/09/22 01:18:38.973, 3, 678.77 W, 48, 2010 MHz, 3996 MHz, 48 %, 24 %
2026/09/22 01:18:38.973, 4, 180.58 W, 34, 120 MHz, 3996 MHz, 0 %, 0 %
2026/09/22 01:18:38.973, 5, 178.64 W, 33, 120 MHz, 3996 MHz, 0 %, 0 %
2026/09/22 01:18:38.973, 6, 177.89 W, 30, 120 MHz, 3996 MHz, 0 %, 0 %
2026/09/22 01:18:38.973, 7, 180.86 W, 30, 120 MHz, 3996 MHz, 0 %, 0 %
2026/09/22 01:18:39.973, 0, 726.48 W, 60, 2032 MHz, 3996 MHz, 95 %, 41 %
2026/09/22 01:18:39.973, 1, 742.02 W, 60, 2032 MHz, 3996 MHz, 100 %, 37 %
2026/09/22 01:18:39.973, 2, 717.97 W, 52, 2025 MHz, 3996 MHz, 100 %, 41 %
2026/09/22 01:18:39.973, 3, 696.73 W, 49, 2032 MHz, 3996 MHz, 81 %, 39 %
2026/09/22 01:18:39.973, 4, 180.58 W, 34, 120 MHz, 3996 MHz, 0 %, 0 %
2026/09/22 01:18:39.973, 5, 178.64 W, 33, 120 MHz, 3996 MHz, 0 %, 0 %
2026/09/22 01:18:39.973, 6, 178.27 W, 30, 120 MHz, 3996 MHz, 0 %, 0 %
2026/09/22 01:18:39.974, 7, 181.14 W, 30, 120 MHz, 3996 MHz, 0 %, 0 %
2026/09/22 01:18:40.974, 0, 713.96 W, 59, 2032 MHz, 3996 MHz, 32 %, 14 %
2026/09/22 01:18:40.974, 1, 686.07 W, 57, 2032 MHz, 3996 MHz, 100 %, 9 %
2026/09/22 01:18:40.974, 2, 694.44 W, 47, 2032 MHz, 3996 MHz, 100 %, 8 %
2026/09/22 01:18:40.974, 3, 708.51 W, 47, 2032 MHz, 3996 MHz, 100 %, 8 %
2026/09/22 01:18:40.974, 4, 180.58 W, 34, 120 MHz, 3996 MHz, 0 %, 0 %
2026/09/22 01:18:40.974, 5, 178.64 W, 33, 120 MHz, 3996 MHz, 0 %, 0 %
2026/09/22 01:18:40.974, 6, 178.31 W, 30, 120 MHz, 3996 MHz, 0 %, 0 %
2026/09/22 01:18:40.974, 7, 180.83 W, 30, 120 MHz, 3996 MHz, 0 %, 0 %
2026/09/22 01:18:41.974, 0, 620.57 W, 57, 2032 MHz, 3996 MHz, 100 %, 10 %
2026/09/22 01:18:41.974, 1, 683.30 W, 61, 2032 MHz, 3996 MHz, 100 %, 21 %
2026/09/22 01:18:41.974, 2, 530.78 W, 45, 2032 MHz, 3996 MHz, 100 %, 10 %
2026/09/22 01:18:41.974, 3, 635.19 W, 49, 2032 MHz, 3996 MHz, 37 %, 16 %
2026/09/22 01:18:41.974, 4, 180.58 W, 34, 120 MHz, 3996 MHz, 0 %, 0 %
2026/09/22 01:18:41.974, 5, 178.64 W, 33, 120 MHz, 3996 MHz, 0 %, 0 %
2026/09/22 01:18:41.974, 6, 178.14 W, 30, 120 MHz, 3996 MHz, 0 %, 0 %
2026/09/22 01:18:41.974, 7, 180.93 W, 30, 120 MHz, 3996 MHz, 0 %, 0 %
2026/09/22 01:18:42.974, 0, 691.93 W, 57, 2032 MHz, 3996 MHz, 100 %, 10 %
2026/09/22 01:18:42.974, 1, 717.54 W, 58, 2032 MHz, 3996 MHz, 80 %, 16 %
2026/09/22 01:18:42.974, 2, 675.82 W, 45, 2032 MHz, 3996 MHz, 100 %, 9 %
2026/09/22 01:18:42.974, 3, 705.23 W, 47, 2032 MHz, 3996 MHz, 36 %, 16 %
2026/09/22 01:18:42.974, 4, 180.58 W, 34, 120 MHz, 3996 MHz, 0 %, 0 %
2026/09/22 01:18:42.974, 5, 178.64 W, 33, 120 MHz, 3996 MHz, 0 %, 0 %
2026/09/22 01:18:42.974, 6, 178.35 W, 30, 120 MHz, 3996 MHz, 0 %, 0 %
2026/09/22 01:18:42.974, 7, 180.74 W, 30, 120 MHz, 3996 MHz, 0 %, 0 %
2026/09/22 01:18:43.974, 0, 618.71 W, 59, 2032 MHz, 3996 MHz, 61 %, 28 %
2026/09/22 01:18:43.974, 1, 642.45 W, 58, 2032 MHz, 3996 MHz, 60 %, 24 %
2026/09/22 01:18:43.975, 2, 722.11 W, 49, 2032 MHz, 3996 MHz, 100 %, 28 %
2026/09/22 01:18:43.975, 3, 626.58 W, 45, 2032 MHz, 3996 MHz, 100 %, 17 %
2026/09/22 01:18:43.975, 4, 180.58 W, 34, 120 MHz, 3996 MHz, 0 %, 0 %
2026/09/22 01:18:43.975, 5, 178.64 W, 33, 120 MHz, 3996 MHz, 0 %, 0 %
2026/09/22 01:18:43.975, 6, 178.27 W, 30, 120 MHz, 3996 MHz, 0 %, 0 %
2026/09/22 01:18:43.975, 7, 180.96 W, 30, 120 MHz, 3996 MHz, 0 %, 0 %
2026/09/22 01:18:44.975, 0, 664.87 W, 54, 2025 MHz, 3996 MHz, 95 %, 19 %
2026/09/22 01:18:44.975, 1, 679.32 W, 57, 1987 MHz, 3996 MHz, 95 %, 24 %
2026/09/22 01:18:44.975, 2, 643.00 W, 44, 2032 MHz, 3996 MHz, 95 %, 11 %
2026/09/22 01:18:44.975, 3, 690.26 W, 47, 2010 MHz, 3996 MHz, 48 %, 25 %
2026/09/22 01:18:44.975, 4, 180.58 W, 34, 120 MHz, 3996 MHz, 0 %, 0 %
2026/09/22 01:18:44.975, 5, 178.64 W, 33, 120 MHz, 3996 MHz, 0 %, 0 %
2026/09/22 01:18:44.975, 6, 178.25 W, 30, 120 MHz, 3996 MHz, 0 %, 0 %
2026/09/22 01:18:44.975, 7, 180.80 W, 30, 120 MHz, 3996 MHz, 0 %, 0 %
2026/09/22 01:18:45.975, 0, 696.82 W, 56, 2032 MHz, 3996 MHz, 100 %, 8 %
2026/09/22 01:18:45.975, 1, 670.72 W, 56, 2032 MHz, 3996 MHz, 100 %, 8 %
2026/09/22 01:18:45.975, 2, 632.26 W, 46, 2032 MHz, 3996 MHz, 31 %, 13 %
2026/09/22 01:18:45.975, 3, 628.41 W, 44, 2032 MHz, 3996 MHz, 100 %, 8 %
2026/09/22 01:18:45.975, 4, 180.58 W, 34, 120 MHz, 3996 MHz, 0 %, 0 %
2026/09/22 01:18:45.975, 5, 178.64 W, 33, 120 MHz, 3996 MHz, 0 %, 0 %
2026/09/22 01:18:45.975, 6, 178.21 W, 30, 120 MHz, 3996 MHz, 0 %, 0 %
2026/09/22 01:18:45.975, 7, 181.00 W, 30, 120 MHz, 3996 MHz, 0 %, 0 %
2026/09/22 01:18:46.975, 0, 840.01 W, 63, 2002 MHz, 3996 MHz, 100 %, 53 %
2026/09/22 01:18:46.975, 1, 856.86 W, 58, 2017 MHz, 3996 MHz, 100 %, 51 %
2026/09/22 01:18:46.975, 2, 850.29 W, 52, 1965 MHz, 3996 MHz, 100 %, 57 %
2026/09/22 01:18:46.975, 3, 867.18 W, 49, 1965 MHz, 3996 MHz, 100 %, 54 %
2026/09/22 01:18:46.975, 4, 180.58 W, 34, 120 MHz, 3996 MHz, 0 %, 0 %
2026/09/22 01:18:46.975, 5, 178.64 W, 33, 120 MHz, 3996 MHz, 0 %, 0 %
2026/09/22 01:18:46.975, 6, 178.18 W, 30, 120 MHz, 3996 MHz, 0 %, 0 %
2026/09/22 01:18:46.975, 7, 181.04 W, 30, 120 MHz, 3996 MHz, 0 %, 0 %
2026/09/22 01:18:47.976, 0, 785.87 W, 63, 1995 MHz, 3996 MHz, 100 %, 57 %
2026/09/22 01:18:47.976, 1, 802.11 W, 63, 1995 MHz, 3996 MHz, 100 %, 56 %
2026/09/22 01:18:47.976, 2, 787.64 W, 50, 2002 MHz, 3996 MHz, 95 %, 51 %
2026/09/22 01:18:47.976, 3, 778.27 W, 52, 2002 MHz, 3996 MHz, 100 %, 57 %
2026/09/22 01:18:47.976, 4, 180.58 W, 34, 120 MHz, 3996 MHz, 0 %, 0 %
2026/09/22 01:18:47.976, 5, 178.64 W, 33, 120 MHz, 3996 MHz, 0 %, 0 %
2026/09/22 01:18:47.976, 6, 178.18 W, 30, 120 MHz, 3996 MHz, 0 %, 0 %
2026/09/22 01:18:47.976, 7, 180.97 W, 30, 120 MHz, 3996 MHz, 0 %, 0 %
2026/09/22 01:18:48.976, 0, 651.06 W, 60, 2002 MHz, 3996 MHz, 95 %, 36 %
2026/09/22 01:18:48.976, 1, 620.91 W, 58, 2025 MHz, 3996 MHz, 93 %, 43 %
2026/09/22 01:18:48.976, 2, 636.75 W, 45, 2010 MHz, 3996 MHz, 68 %, 37 %
2026/09/22 01:18:48.976, 3, 618.63 W, 45, 2032 MHz, 3996 MHz, 94 %, 38 %
2026/09/22 01:18:48.976, 4, 180.58 W, 34, 120 MHz, 3996 MHz, 0 %, 0 %
2026/09/22 01:18:48.976, 5, 178.64 W, 33, 120 MHz, 3996 MHz, 0 %, 0 %
2026/09/22 01:18:48.976, 6, 178.19 W, 30, 120 MHz, 3996 MHz, 0 %, 0 %
2026/09/22 01:18:48.976, 7, 181.27 W, 30, 120 MHz, 3996 MHz, 0 %, 0 %
2026/09/22 01:18:49.976, 0, 611.40 W, 55, 2032 MHz, 3996 MHz, 95 %, 34 %
2026/09/22 01:18:49.976, 1, 675.66 W, 60, 2010 MHz, 3996 MHz, 95 %, 37 %
2026/09/22 01:18:49.976, 2, 621.70 W, 50, 1980 MHz, 3996 MHz, 95 %, 28 %
2026/09/22 01:18:49.976, 3, 685.68 W, 50, 2017 MHz, 3996 MHz, 68 %, 37 %
2026/09/22 01:18:49.976, 4, 180.58 W, 34, 120 MHz, 3996 MHz, 0 %, 0 %
2026/09/22 01:18:49.976, 5, 178.64 W, 33, 120 MHz, 3996 MHz, 0 %, 0 %
2026/09/22 01:18:49.976, 6, 178.35 W, 30, 120 MHz, 3996 MHz, 0 %, 0 %
2026/09/22 01:18:49.976, 7, 181.28 W, 30, 120 MHz, 3996 MHz, 0 %, 0 %
2026/09/22 01:18:50.976, 0, 715.35 W, 56, 2032 MHz, 3996 MHz, 95 %, 34 %
2026/09/22 01:18:50.976, 1, 710.02 W, 57, 2032 MHz, 3996 MHz, 94 %, 36 %
2026/09/22 01:18:50.976, 2, 732.46 W, 48, 1980 MHz, 3996 MHz, 56 %, 30 %
2026/09/22 01:18:50.976, 3, 692.92 W, 46, 2025 MHz, 3996 MHz, 94 %, 37 %
2026/09/22 01:18:50.976, 4, 180.58 W, 34, 120 MHz, 3996 MHz, 0 %, 0 %
2026/09/22 01:18:50.976, 5, 178.64 W, 33, 120 MHz, 3996 MHz, 0 %, 0 %
2026/09/22 01:18:50.976, 6, 178.14 W, 30, 120 MHz, 3996 MHz, 0 %, 0 %
2026/09/22 01:18:50.976, 7, 180.86 W, 30, 120 MHz, 3996 MHz, 0 %, 0 %
2026/09/22 01:18:51.977, 0, 649.47 W, 59, 2032 MHz, 3996 MHz, 100 %, 28 %
2026/09/22 01:18:51.977, 1, 645.04 W, 57, 2032 MHz, 3996 MHz, 63 %, 30 %
2026/09/22 01:18:51.977, 2, 631.48 W, 45, 2032 MHz, 3996 MHz, 100 %, 35 %
2026/09/22 01:18:51.977, 3, 609.50 W, 45, 2032 MHz, 3996 MHz, 100 %, 24 %
2026/09/22 01:18:51.977, 4, 180.58 W, 34, 120 MHz, 3996 MHz, 0 %, 0 %
2026/09/22 01:18:51.977, 5, 178.64 W, 33, 120 MHz, 3996 MHz, 0 %, 0 %
2026/09/22 01:18:51.977, 6, 178.20 W, 30, 120 MHz, 3996 MHz, 0 %, 0 %
2026/09/22 01:18:51.977, 7, 181.31 W, 30, 120 MHz, 3996 MHz, 0 %, 0 %
2026/09/22 01:18:52.977, 0, 811.09 W, 62, 1965 MHz, 3996 MHz, 100 %, 53 %
2026/09/22 01:18:52.977, 1, 825.45 W, 58, 2017 MHz, 3996 MHz, 100 %, 50 %
2026/09/22 01:18:52.977, 2, 787.65 W, 49, 2010 MHz, 3996 MHz, 100 %, 57 %
2026/09/22 01:18:52.977, 3, 806.26 W, 47, 2025 MHz, 3996 MHz, 100 %, 52 %
2026/09/22 01:18:52.977, 4, 180.58 W, 34, 120 MHz, 3996 MHz, 0 %, 0 %
2026/09/22 01:18:52.977, 5, 178.64 W, 33, 120 MHz, 3996 MHz, 0 %, 0 %
2026/09/22 01:18:52.977, 6, 178.09 W, 30, 120 MHz, 3996 MHz, 0 %, 0 %
2026/09/22 01:18:52.977, 7, 181.25 W, 30, 120 MHz, 3996 MHz, 0 %, 0 %
2026/09/22 01:18:53.977, 0, 635.06 W, 62, 1965 MHz, 3996 MHz, 100 %, 56 %
2026/09/22 01:18:53.977, 1, 667.54 W, 63, 1987 MHz, 3996 MHz, 100 %, 56 %
2026/09/22 01:18:53.977, 2, 636.19 W, 51, 1965 MHz, 3996 MHz, 100 %, 56 %
2026/09/22 01:18:53.977, 3, 650.57 W, 52, 1995 MHz, 3996 MHz, 100 %, 56 %
2026/09/22 01:18:53.977, 4, 180.58 W, 34, 120 MHz, 3996 MHz, 0 %, 0 %
2026/09/22 01:18:53.977, 5, 178.64 W, 33, 120 MHz, 3996 MHz, 0 %, 0 %
2026/09/22 01:18:53.977, 6, 177.99 W, 30, 120 MHz, 3996 MHz, 0 %, 0 %
2026/09/22 01:18:53.977, 7, 181.00 W, 30, 120 MHz, 3996 MHz, 0 %, 0 %
2026/09/22 01:18:54.977, 0, 602.29 W, 60, 1987 MHz, 3996 MHz, 94 %, 49 %
2026/09/22 01:18:54.977, 1, 602.79 W, 62, 1972 MHz, 3996 MHz, 94 %, 53 %
2026/09/22 01:18:54.977, 2, 621.25 W, 50, 2002 MHz, 3996 MHz, 80 %, 43 %
2026/09/22 01:18:54.977, 3, 594.91 W, 51, 1965 MHz, 3996 MHz, 94 %, 51 %
2026/09/22 01:18:54.977, 4, 180.58 W, 34, 120 MHz, 3996 MHz, 0 %, 0 %
2026/09/22 01:18:54.977, 5, 178.64 W, 33, 120 MHz, 3996 MHz, 0 %, 0 %
2026/09/22 01:18:54.977, 6, 177.97 W, 30, 120 MHz, 3996 MHz, 0 %, 0 %
2026/09/22 01:18:54.977, 7, 181.14 W, 30, 120 MHz, 3996 MHz, 0 %, 0 %
2026/09/22 01:18:55.978, 0, 749.38 W, 56, 2032 MHz, 3996 MHz, 100 %, 8 %
2026/09/22 01:18:55.978, 1, 687.98 W, 57, 2032 MHz, 3996 MHz, 32 %, 14 %
2026/09/22 01:18:55.978, 2, 724.51 W, 45, 2032 MHz, 3996 MHz, 100 %, 8 %
2026/09/22 01:18:55.978, 3, 670.16 W, 44, 2032 MHz, 3996 MHz, 100 %, 8 %
2026/09/22 01:18:55.978, 4, 180.58 W, 34, 120 MHz, 3996 MHz, 0 %, 0 %
2026/09/22 01:18:55.978, 5, 178.64 W, 33, 120 MHz, 3996 MHz, 0 %, 0 %
2026/09/22 01:18:55.978, 6, 178.39 W, 30, 120 MHz, 3996 MHz, 0 %, 0 %
2026/09/22 01:18:55.978, 7, 181.31 W, 30, 120 MHz, 3996 MHz, 0 %, 0 %
2026/09/22 01:18:56.978, 0, 712.18 W, 62, 2002 MHz, 3996 MHz, 100 %, 57 %
2026/09/22 01:18:56.978, 1, 729.15 W, 62, 2010 MHz, 3996 MHz, 100 %, 55 %
2026/09/22 01:18:56.978, 2, 662.92 W, 52, 1980 MHz, 3996 MHz, 100 %, 56 %
2026/09/22 01:18:56.978, 3, 716.33 W, 52, 2002 MHz, 3996 MHz, 100 %, 56 %
2026/09/22 01:18:56.978, 4, 180.58 W, 34, 120 MHz, 3996 MHz, 0 %, 0 %
2026/09/22 01:18:56.978, 5, 178.64 W, 33, 120 MHz, 3996 MHz, 0 %, 0 %
2026/09/22 01:18:56.978, 6, 178.12 W, 30, 120 MHz, 3996 MHz, 0 %, 0 %
2026/09/22 01:18:56.978, 7, 181.17 W, 30, 120 MHz, 3996 MHz, 0 %, 0 %
2026/09/22 01:18:57.978, 0, 702.79 W, 56, 2032 MHz, 3996 MHz, 100 %, 8 %
2026/09/22 01:18:57.978, 1, 664.59 W, 60, 2032 MHz, 3996 MHz, 100 %, 8 %
2026/09/22 01:18:57.978, 2, 663.49 W, 44, 2032 MHz, 3996 MHz, 100 %, 8 %
2026/09/22 01:18:57.978, 3, 711.28 W, 49, 2032 MHz, 3996 MHz, 32 %, 14 %
2026/09/22 01:18:57.978, 4, 180.58 W, 34, 120 MHz, 3996 MHz, 0 %, 0 %
2026/09/22 01:18:57.978, 5, 178.64 W, 33, 120 MHz, 3996 MHz, 0 %, 0 %
2026/09/22 01:18:57.978, 6, 178.21 W, 30, 120 MHz, 3996 MHz, 0 %, 0 %
2026/09/22 01:18:57.978, 7, 181.32 W, 30, 120 MHz, 3996 MHz, 0 %, 0 %
2026/09/22 01:18:58.978, 0, 730.79 W, 63, 1995 MHz, 3996 MHz, 75 %, 38 %
2026/09/22 01:18:58.978, 1, 744.46 W, 57, 2032 MHz, 3996 MHz, 100 %, 30 %
2026/09/22 01:18:58.978, 2, 730.06 W, 46, 2025 MHz, 3996 MHz, 100 %, 40 %
2026/09/22 01:18:58.979, 3, 681.72 W, 46, 2032 MHz, 3996 MHz, 100 %, 29 %
2026/09/22 01:18:58.979, 4, 180.58 W, 34, 120 MHz, 3996 MHz, 0 %, 0 %
2026/09/22 01:18:58.979, 5, 178.64 W, 33, 120 MHz, 3996 MHz, 0 %, 0 %
2026/09/22 01:18:58.979, 6, 178.40 W, 30, 120 MHz, 3996 MHz, 0 %, 0 %
2026/09/22 01:18:58.979, 7, 181.06 W, 30, 120 MHz, 3996 MHz, 0 %, 0 %
2026/09/22 01:18:59.979, 0, 744.52 W, 56, 2032 MHz, 3996 MHz, 95 %, 24 %
2026/09/22 01:18:59.979, 1, 713.06 W, 62, 2010 MHz, 3996 MHz, 94 %, 28 %
2026/09/22 01:18:59.979, 2, 702.57 W, 49, 2032 MHz, 3996 MHz, 41 %, 20 %
2026/09/22 01:18:59.979, 3, 737.29 W, 51, 2010 MHz, 3996 MHz, 94 %, 26 %
2026/09/22 01:18:59.979, 4, 180.58 W, 34, 120 MHz, 3996 MHz, 0 %, 0 %
2026/09/22 01:18:59.979, 5, 178.64 W, 33, 120 MHz, 3996 MHz, 0 %, 0 %
2026/09/22 01:18:59.979, 6, 178.25 W, 30, 120 MHz, 3996 MHz, 0 %, 0 %
2026/09/22 01:18:59.979, 7, 181.15 W, 30, 120 MHz, 3996 MHz, 0 %, 0 %
2026/09/22 01:19:00.979, 0, 666.54 W, 56, 2032 MHz, 3996 MHz, 100 %, 8 %
2026/09/22 01:19:00.979, 1, 678.79 W, 55, 2032 MHz, 3996 MHz, 100 %, 8 %
2026/09/22 01:19:00.979, 2, 692.53 W, 45, 2032 MHz, 3996 MHz, 100 %, 8 %
2026/09/22 01:19:00.979, 3, 670.32 W, 46, 2032 MHz, 3996 MHz, 33 %, 14 %
2026/09/22 01:19:00.979, 4, 180.58 W, 34, 120 MHz, 3996 MHz, 0 %, 0 %
2026/09/22 01:19:00.979, 5, 178.64 W, 33, 120 MHz, 3996 MHz, 0 %, 0 %
2026/09/22 01:19:00.979, 6, 178.24 W, 30, 120 MHz, 3996 MHz, 0 %, 0 %
2026/09/22 01:19:00.979, 7, 181.20 W, 30, 120 MHz, 3996 MHz, 0 %, 0 %
2026/09/22 01:19:01.979, 0, 715.26 W, 55, 2032 MHz, 3996 MHz, 95 %, 10 %
2026/09/22 01:19:01.979, 1, 688.52 W, 59, 2032 MHz, 3996 MHz, 95 %, 13 %
2026/09/22 01:19:01.979, 2, 713.03 W, 50, 2032 MHz, 3996 MHz, 31 %, 14 %
2026/09/22 01:19:01.979, 3, 701.36 W, 48, 2032 MHz, 3996 MHz, 95 %, 12 %
2026/09/22 01:19:01.979, 4, 180.58 W, 34, 120 MHz, 3996 MHz, 0 %, 0 %
2026/09/22 01:19:01.979, 5, 178.64 W, 33, 120 MHz, 3996 MHz, 0 %, 0 %
2026/09/22 01:19:01.979, 6, 178.73 W, 30, 120 MHz, 3996 MHz, 0 %, 0 %
2026/09/22 01:19:01.979, 7, 181.31 W, 30, 120 MHz, 3996 MHz, 0 %, 0 %
2026/09/22 01:19:02.979, 0, 601.11 W, 54, 2032 MHz, 3996 MHz, 96 %, 8 %
2026/09/22 01:19:02.980, 1, 561.26 W, 54, 2032 MHz, 3996 MHz, 99 %, 8 %
2026/09/22 01:19:02.980, 2, 520.71 W, 43, 2032 MHz, 3996 MHz, 79 %, 9 %
2026/09/22 01:19:02.980, 3, 533.66 W, 44, 2032 MHz, 3996 MHz, 30 %, 13 %
2026/09/22 01:19:02.980, 4, 180.58 W, 34, 120 MHz, 3996 MHz, 0 %, 0 %
2026/09/22 01:19:02.980, 5, 178.64 W, 33, 120 MHz, 3996 MHz, 0 %, 0 %
2026/09/22 01:19:02.980, 6, 178.16 W, 30, 120 MHz, 3996 MHz, 0 %, 0 %
2026/09/22 01:19:02.980, 7, 181.13 W, 30, 120 MHz, 3996 MHz, 0 %, 0 %
2026/09/22 01:19:03.980, 0, 736.02 W, 59, 2032 MHz, 3996 MHz, 100 %, 15 %
2026/09/22 01:19:03.980, 1, 736.70 W, 61, 2032 MHz, 3996 MHz, 100 %, 9 %
2026/09/22 01:19:03.980, 2, 678.52 W, 47, 2032 MHz, 3996 MHz, 32 %, 14 %
2026/09/22 01:19:03.980, 3, 703.20 W, 49, 2032 MHz, 3996 MHz, 100 %, 9 %
2026/09/22 01:19:03.980, 4, 180.58 W, 34, 120 MHz, 3996 MHz, 0 %, 0 %
2026/09/22 01:19:03.980, 5, 178.64 W, 33, 120 MHz, 3996 MHz, 0 %, 0 %
2026/09/22 01:19:03.980, 6, 178.40 W, 30, 120 MHz, 3996 MHz, 0 %, 0 %
2026/09/22 01:19:03.980, 7, 181.36 W, 30, 120 MHz, 3996 MHz, 0 %, 0 %
2026/09/22 01:19:04.980, 0, 723.26 W, 62, 2032 MHz, 3996 MHz, 100 %, 34 %
2026/09/22 01:19:04.980, 1, 735.25 W, 59, 2025 MHz, 3996 MHz, 99 %, 37 %
2026/09/22 01:19:04.980, 2, 711.50 W, 47, 2025 MHz, 3996 MHz, 100 %, 40 %
2026/09/22 01:19:04.980, 3, 709.80 W, 48, 2025 MHz, 3996 MHz, 79 %, 39 %
2026/09/22 01:19:04.980, 4, 180.58 W, 34, 120 MHz, 3996 MHz, 0 %, 0 %
2026/09/22 01:19:04.980, 5, 178.64 W, 33, 120 MHz, 3996 MHz, 0 %, 0 %
2026/09/22 01:19:04.980, 6, 178.27 W, 30, 120 MHz, 3996 MHz, 0 %, 0 %
2026/09/22 01:19:04.980, 7, 181.26 W, 30, 120 MHz, 3996 MHz, 0 %, 0 %
2026/09/22 01:19:05.980, 0, 615.26 W, 55, 2032 MHz, 3996 MHz, 95 %, 8 %
2026/09/22 01:19:05.980, 1, 672.57 W, 57, 2032 MHz, 3996 MHz, 32 %, 14 %
2026/09/22 01:19:05.980, 2, 594.92 W, 44, 2032 MHz, 3996 MHz, 95 %, 8 %
2026/09/22 01:19:05.980, 3, 603.25 W, 44, 2032 MHz, 3996 MHz, 95 %, 8 %
2026/09/22 01:19:05.980, 4, 180.58 W, 34, 120 MHz, 3996 MHz, 0 %, 0 %
2026/09/22 01:19:05.980, 5, 178.64 W, 33, 120 MHz, 3996 MHz, 0 %, 0 %
2026/09/22 01:19:05.980, 6, 178.31 W, 30, 120 MHz, 3996 MHz, 0 %, 0 %
2026/09/22 01:19:05.980, 7, 181.24 W, 30, 120 MHz, 3996 MHz, 0 %, 0 %
2026/09/22 01:19:06.981, 0, 642.63 W, 60, 2010 MHz, 3996 MHz, 93 %, 41 %
2026/09/22 01:19:06.981, 1, 651.36 W, 56, 2032 MHz, 3996 MHz, 95 %, 37 %
2026/09/22 01:19:06.981, 2, 638.43 W, 45, 2032 MHz, 3996 MHz, 71 %, 37 %
2026/09/22 01:19:06.981, 3, 599.75 W, 44, 2032 MHz, 3996 MHz, 95 %, 39 %
2026/09/22 01:19:06.981, 4, 180.58 W, 34, 120 MHz, 3996 MHz, 0 %, 0 %
2026/09/22 01:19:06.981, 5, 178.64 W, 33, 120 MHz, 3996 MHz, 0 %, 0 %
2026/09/22 01:19:06.981, 6, 178.09 W, 30, 120 MHz, 3996 MHz, 0 %, 0 %
2026/09/22 01:19:06.981, 7, 181.15 W, 30, 120 MHz, 3996 MHz, 0 %, 0 %
2026/09/22 01:19:07.981, 0, 796.09 W, 60, 1987 MHz, 3996 MHz, 94 %, 40 %
2026/09/22 01:19:07.981, 1, 773.78 W, 59, 2025 MHz, 3996 MHz, 94 %, 43 %
2026/09/22 01:19:07.981, 2, 752.78 W, 47, 2010 MHz, 3996 MHz, 65 %, 35 %
2026/09/22 01:19:07.981, 3, 746.85 W, 48, 2025 MHz, 3996 MHz, 94 %, 42 %
2026/09/22 01:19:07.981, 4, 180.58 W, 34, 120 MHz, 3996 MHz, 0 %, 0 %
2026/09/22 01:19:07.981, 5, 178.64 W, 33, 120 MHz, 3996 MHz, 0 %, 0 %
2026/09/22 01:19:07.981, 6, 178.09 W, 30, 120 MHz, 3996 MHz, 0 %, 0 %
2026/09/22 01:19:07.981, 7, 181.42 W, 30, 120 MHz, 3996 MHz, 0 %, 0 %
2026/09/22 01:19:08.981, 0, 691.59 W, 59, 2010 MHz, 3996 MHz, 95 %, 34 %
2026/09/22 01:19:08.981, 1, 732.14 W, 63, 1980 MHz, 3996 MHz, 95 %, 36 %
2026/09/22 01:19:08.981, 2, 642.06 W, 51, 2002 MHz, 3996 MHz, 95 %, 23 %
2026/09/22 01:19:08.981, 3, 690.02 W, 52, 2010 MHz, 3996 MHz, 65 %, 35 %
2026/09/22 01:19:08.981, 4, 180.58 W, 34, 120 MHz, 3996 MHz, 0 %, 0 %
2026/09/22 01:19:08.981, 5, 178.64 W, 33, 120 MHz, 3996 MHz, 0 %, 0 %
2026/09/22 01:19:08.981, 6, 178.19 W, 30, 120 MHz, 3996 MHz, 0 %, 0 %
2026/09/22 01:19:08.981, 7, 181.32 W, 30, 120 MHz, 3996 MHz, 0 %, 0 %
2026/09/22 01:19:09.981, 0, 773.17 W, 61, 1965 MHz, 3996 MHz, 95 %, 48 %
2026/09/22 01:19:09.981, 1, 772.60 W, 62, 1965 MHz, 3996 MHz, 95 %, 53 %
2026/09/22 01:19:09.981, 2, 748.85 W, 50, 2002 MHz, 3996 MHz, 95 %, 39 %
2026/09/22 01:19:09.981, 3, 765.86 W, 52, 1995 MHz, 3996 MHz, 88 %, 49 %
2026/09/22 01:19:09.981, 4, 180.58 W, 34, 120 MHz, 3996 MHz, 0 %, 0 %
2026/09/22 01:19:09.981, 5, 178.64 W, 33, 120 MHz, 3996 MHz, 0 %, 0 %
2026/09/22 01:19:09.981, 6, 178.36 W, 30, 120 MHz, 3996 MHz, 0 %, 0 %
2026/09/22 01:19:09.982, 7, 181.09 W, 30, 120 MHz, 3996 MHz, 0 %, 0 %
2026/09/22 01:19:10.982, 0, 778.30 W, 60, 2032 MHz, 3996 MHz, 100 %, 30 %
2026/09/22 01:19:10.982, 1, 733.82 W, 58, 2032 MHz, 3996 MHz, 69 %, 34 %
2026/09/22 01:19:10.982, 2, 747.29 W, 46, 2032 MHz, 3996 MHz, 98 %, 37 %
2026/09/22 01:19:10.982, 3, 692.70 W, 45, 2032 MHz, 3996 MHz, 100 %, 27 %
2026/09/22 01:19:10.982, 4, 180.58 W, 34, 120 MHz, 3996 MHz, 0 %, 0 %
2026/09/22 01:19:10.982, 5, 178.64 W, 33, 120 MHz, 3996 MHz, 0 %, 0 %
2026/09/22 01:19:10.982, 6, 178.36 W, 30, 120 MHz, 3996 MHz, 0 %, 0 %
2026/09/22 01:19:10.982, 7, 181.15 W, 30, 120 MHz, 3996 MHz, 0 %, 0 %
2026/09/22 01:19:11.982, 0, 740.84 W, 61, 2032 MHz, 3996 MHz, 100 %, 30 %
2026/09/22 01:19:11.982, 1, 752.97 W, 57, 2032 MHz, 3996 MHz, 100 %, 26 %
2026/09/22 01:19:11.982, 2, 733.00 W, 48, 2025 MHz, 3996 MHz, 82 %, 42 %
2026/09/22 01:19:11.982, 3, 732.34 W, 45, 2032 MHz, 3996 MHz, 100 %, 28 %
2026/09/22 01:19:11.982, 4, 180.58 W, 34, 120 MHz, 3996 MHz, 0 %, 0 %
2026/09/22 01:19:11.982, 5, 178.64 W, 33, 120 MHz, 3996 MHz, 0 %, 0 %
2026/09/22 01:19:11.982, 6, 178.27 W, 30, 120 MHz, 3996 MHz, 0 %, 0 %
2026/09/22 01:19:11.982, 7, 181.32 W, 30, 120 MHz, 3996 MHz, 0 %, 0 %
2026/09/22 01:19:12.982, 0, 690.47 W, 56, 1987 MHz, 3996 MHz, 94 %, 20 %
2026/09/22 01:19:12.982, 1, 723.95 W, 59, 2025 MHz, 3996 MHz, 94 %, 24 %
2026/09/22 01:19:12.982, 2, 697.92 W, 50, 2032 MHz, 3996 MHz, 36 %, 17 %
2026/09/22 01:19:12.982, 3, 718.41 W, 51, 2002 MHz, 3996 MHz, 94 %, 22 %
2026/09/22 01:19:12.982, 4, 180.58 W, 34, 120 MHz, 3996 MHz, 0 %, 0 %
2026/09/22 01:19:12.982, 5, 178.64 W, 33, 120 MHz, 3996 MHz, 0 %, 0 %
2026/09/22 01:19:12.982, 6, 178.36 W, 30, 120 MHz, 3996 MHz, 0 %, 0 %
2026/09/22 01:19:12.982, 7, 181.29 W, 30, 120 MHz, 3996 MHz, 0 %, 0 %
2026/09/22 01:19:13.982, 0, 761.14 W, 64, 2025 MHz, 3996 MHz, 91 %, 38 %
2026/09/22 01:19:13.982, 1, 751.21 W, 59, 2032 MHz, 3996 MHz, 88 %, 35 %
2026/09/22 01:19:13.982, 2, 721.25 W, 47, 2032 MHz, 3996 MHz, 100 %, 38 %
2026/09/22 01:19:13.983, 3, 755.11 W, 48, 2032 MHz, 3996 MHz, 74 %, 35 %
2026/09/22 01:19:13.983, 4, 180.58 W, 34, 120 MHz, 3996 MHz, 0 %, 0 %
2026/09/22 01:19:13.983, 5, 178.64 W, 33, 120 MHz, 3996 MHz, 0 %, 0 %
2026/09/22 01:19:13.983, 6, 178.26 W, 30, 120 MHz, 3996 MHz, 0 %, 0 %
2026/09/22 01:19:13.983, 7, 181.21 W, 30, 120 MHz, 3996 MHz, 0 %, 0 %
2026/09/22 01:19:14.983, 0, 607.11 W, 59, 2032 MHz, 3996 MHz, 100 %, 31 %
2026/09/22 01:19:14.983, 1, 598.22 W, 55, 2032 MHz, 3996 MHz, 100 %, 26 %
2026/09/22 01:19:14.983, 2, 578.29 W, 44, 2032 MHz, 3996 MHz, 100 %, 38 %
2026/09/22 01:19:14.983, 3, 576.62 W, 45, 2032 MHz, 3996 MHz, 67 %, 34 %
2026/09/22 01:19:14.983, 4, 180.58 W, 34, 120 MHz, 3996 MHz, 0 %, 0 %
2026/09/22 01:19:14.983, 5, 178.64 W, 33, 120 MHz, 3996 MHz, 0 %, 0 %
2026/09/22 01:19:14.983, 6, 177.87 W, 30, 120 MHz, 3996 MHz, 0 %, 0 %
2026/09/22 01:19:14.983, 7, 181.29 W, 30, 120 MHz, 3996 MHz, 0 %, 0 %
2026/09/22 01:19:15.983, 0, 658.19 W, 55, 2032 MHz, 3996 MHz, 100 %, 8 %
2026/09/22 01:19:15.983, 1, 693.03 W, 57, 2032 MHz, 3996 MHz, 32 %, 14 %
2026/09/22 01:19:15.983, 2, 673.63 W, 44, 2032 MHz, 3996 MHz, 100 %, 8 %
2026/09/22 01:19:15.983, 3, 686.28 W, 44, 2032 MHz, 3996 MHz, 100 %, 8 %
2026/09/22 01:19:15.983, 4, 180.58 W, 34, 120 MHz, 3996 MHz, 0 %, 0 %
2026/09/22 01:19:15.983, 5, 178.64 W, 33, 120 MHz, 3996 MHz, 0 %, 0 %
2026/09/22 01:19:15.983, 6, 178.29 W, 30, 120 MHz, 3996 MHz, 0 %, 0 %
2026/09/22 01:19:15.983, 7, 181.21 W, 30, 120 MHz, 3996 MHz, 0 %, 0 %
2026/09/22 01:19:16.983, 0, 704.89 W, 62, 1950 MHz, 3996 MHz, 95 %, 53 %
2026/09/22 01:19:16.983, 1, 708.99 W, 63, 1987 MHz, 3996 MHz, 96 %, 54 %
2026/09/22 01:19:16.983, 2, 684.01 W, 51, 1995 MHz, 3996 MHz, 95 %, 46 %
2026/09/22 01:19:16.983, 3, 730.05 W, 52, 2002 MHz, 3996 MHz, 94 %, 53 %
2026/09/22 01:19:16.983, 4, 180.58 W, 34, 120 MHz, 3996 MHz, 0 %, 0 %
2026/09/22 01:19:16.983, 5, 178.64 W, 33, 120 MHz, 3996 MHz, 0 %, 0 %
2026/09/22 01:19:16.983, 6, 178.68 W, 30, 120 MHz, 3996 MHz, 0 %, 0 %
2026/09/22 01:19:16.983, 7, 181.24 W, 30, 120 MHz, 3996 MHz, 0 %, 0 %
2026/09/22 01:19:17.984, 0, 809.53 W, 60, 2032 MHz, 3996 MHz, 100 %, 16 %
2026/09/22 01:19:17.984, 1, 798.42 W, 60, 2032 MHz, 3996 MHz, 100 %, 10 %
2026/09/22 01:19:17.984, 2, 774.85 W, 47, 2032 MHz, 3996 MHz, 100 %, 10 %
2026/09/22 01:19:17.984, 3, 850.52 W, 51, 2032 MHz, 3996 MHz, 37 %, 16 %
2026/09/22 01:19:17.984, 4, 180.58 W, 34, 120 MHz, 3996 MHz, 0 %, 0 %
2026/09/22 01:19:17.984, 5, 178.64 W, 33, 120 MHz, 3996 MHz, 0 %, 0 %
2026/09/22 01:19:17.984, 6, 178.40 W, 30, 120 MHz, 3996 MHz, 0 %, 0 %
2026/09/22 01:19:17.984, 7, 181.34 W, 30, 120 MHz, 3996 MHz, 0 %, 0 %
2026/09/22 01:19:18.984, 0, 673.84 W, 56, 2010 MHz, 3996 MHz, 95 %, 30 %
2026/09/22 01:19:18.984, 1, 669.98 W, 63, 2010 MHz, 3996 MHz, 95 %, 35 %
2026/09/22 01:19:18.984, 2, 648.96 W, 51, 1995 MHz, 3996 MHz, 51 %, 26 %
2026/09/22 01:19:18.984, 3, 636.77 W, 51, 1995 MHz, 3996 MHz, 95 %, 32 %
2026/09/22 01:19:18.984, 4, 180.58 W, 34, 120 MHz, 3996 MHz, 0 %, 0 %
2026/09/22 01:19:18.984, 5, 178.64 W, 33, 120 MHz, 3996 MHz, 0 %, 0 %
2026/09/22 01:19:18.984, 6, 178.29 W, 30, 120 MHz, 3996 MHz, 0 %, 0 %
2026/09/22 01:19:18.984, 7, 181.21 W, 30, 120 MHz, 3996 MHz, 0 %, 0 %
2026/09/22 01:19:19.984, 0, 770.99 W, 59, 2032 MHz, 3996 MHz, 33 %, 15 %
2026/09/22 01:19:19.984, 1, 717.25 W, 57, 2032 MHz, 3996 MHz, 58 %, 16 %
2026/09/22 01:19:19.984, 2, 720.17 W, 46, 2032 MHz, 3996 MHz, 100 %, 9 %
2026/09/22 01:19:19.984, 3, 694.33 W, 45, 2032 MHz, 3996 MHz, 100 %, 9 %
2026/09/22 01:19:19.984, 4, 180.58 W, 34, 120 MHz, 3996 MHz, 0 %, 0 %
2026/09/22 01:19:19.984, 5, 178.64 W, 33, 120 MHz, 3996 MHz, 0 %, 0 %
2026/09/22 01:19:19.984, 6, 178.27 W, 30, 120 MHz, 3996 MHz, 0 %, 0 %
2026/09/22 01:19:19.984, 7, 181.20 W, 30, 120 MHz, 3996 MHz, 0 %, 0 %
2026/09/22 01:19:20.984, 0, 601.27 W, 57, 2032 MHz, 3996 MHz, 100 %, 8 %
2026/09/22 01:19:20.984, 1, 660.57 W, 61, 2032 MHz, 3996 MHz, 100 %, 8 %
2026/09/22 01:19:20.984, 2, 605.44 W, 45, 2032 MHz, 3996 MHz, 100 %, 8 %
2026/09/22 01:19:20.984, 3, 676.46 W, 50, 2032 MHz, 3996 MHz, 32 %, 14 %
2026/09/22 01:19:20.985, 4, 180.58 W, 34, 120 MHz, 3996 MHz, 0 %, 0 %
2026/09/22 01:19:20.985, 5, 178.64 W, 33, 120 MHz, 3996 MHz, 0 %, 0 %
2026/09/22 01:19:20.985, 6, 178.17 W, 30, 120 MHz, 3996 MHz, 0 %, 0 %
2026/09/22 01:19:20.985, 7, 181.29 W, 30, 120 MHz, 3996 MHz, 0 %, 0 %
2026/09/22 01:19:21.985, 0, 1056.18 W, 64, 1935 MHz, 3996 MHz, 100 %, 57 %
2026/09/22 01:19:21.985, 1, 1056.80 W, 63, 1965 MHz, 3996 MHz, 100 %, 55 %
2026/09/22 01:19:21.985, 2, 1034.26 W, 55, 2002 MHz, 3996 MHz, 100 %, 55 %
2026/09/22 01:19:21.985, 3, 1046.14 W, 53, 1965 MHz, 3996 MHz, 100 %, 55 %
2026/09/22 01:19:21.985, 4, 180.58 W, 34, 120 MHz, 3996 MHz, 0 %, 0 %
2026/09/22 01:19:21.985, 5, 178.64 W, 33, 120 MHz, 3996 MHz, 0 %, 0 %
2026/09/22 01:19:21.985, 6, 178.46 W, 30, 120 MHz, 3996 MHz, 0 %, 0 %
2026/09/22 01:19:21.985, 7, 181.19 W, 30, 120 MHz, 3996 MHz, 0 %, 0 %
2026/09/22 01:19:22.985, 0, 969.81 W, 65, 1935 MHz, 3996 MHz, 100 %, 56 %
2026/09/22 01:19:22.985, 1, 948.59 W, 64, 1950 MHz, 3996 MHz, 100 %, 55 %
2026/09/22 01:19:22.985, 2, 937.00 W, 53, 1965 MHz, 3996 MHz, 100 %, 55 %
2026/09/22 01:19:22.985, 3, 944.52 W, 54, 1965 MHz, 3996 MHz, 100 %, 55 %
2026/09/22 01:19:22.985, 4, 180.58 W, 34, 120 MHz, 3996 MHz, 0 %, 0 %
2026/09/22 01:19:22.985, 5, 178.64 W, 33, 120 MHz, 3996 MHz, 0 %, 0 %
2026/09/22 01:19:22.985, 6, 178.00 W, 30, 120 MHz, 3996 MHz, 0 %, 0 %
2026/09/22 01:19:22.985, 7, 181.14 W, 30, 120 MHz, 3996 MHz, 0 %, 0 %
2026/09/22 01:19:23.985, 0, 1052.07 W, 66, 1957 MHz, 3996 MHz, 100 %, 56 %
2026/09/22 01:19:23.985, 1, 1043.21 W, 65, 1972 MHz, 3996 MHz, 100 %, 55 %
2026/09/22 01:19:23.985, 2, 1035.12 W, 55, 1980 MHz, 3996 MHz, 100 %, 55 %
2026/09/22 01:19:23.985, 3, 1039.31 W, 55, 1995 MHz, 3996 MHz, 100 %, 55 %
2026/09/22 01:19:23.985, 4, 180.58 W, 34, 120 MHz, 3996 MHz, 0 %, 0 %
2026/09/22 01:19:23.985, 5, 178.64 W, 33, 120 MHz, 3996 MHz, 0 %, 0 %
2026/09/22 01:19:23.985, 6, 178.42 W, 30, 120 MHz, 3996 MHz, 0 %, 0 %
2026/09/22 01:19:23.986, 7, 181.06 W, 30, 120 MHz, 3996 MHz, 0 %, 0 %
2026/09/22 01:19:24.986, 0, 1040.40 W, 66, 1965 MHz, 3996 MHz, 100 %, 56 %
2026/09/22 01:19:24.986, 1, 1043.35 W, 65, 2017 MHz, 3996 MHz, 100 %, 56 %
2026/09/22 01:19:24.986, 2, 1039.20 W, 55, 1995 MHz, 3996 MHz, 100 %, 56 %
2026/09/22 01:19:24.986, 3, 1031.49 W, 55, 2002 MHz, 3996 MHz, 100 %, 56 %
2026/09/22 01:19:24.986, 4, 180.58 W, 34, 120 MHz, 3996 MHz, 0 %, 0 %
2026/09/22 01:19:24.986, 5, 178.64 W, 33, 120 MHz, 3996 MHz, 0 %, 0 %
2026/09/22 01:19:24.986, 6, 178.24 W, 30, 120 MHz, 3996 MHz, 0 %, 0 %
2026/09/22 01:19:24.986, 7, 181.21 W, 30, 120 MHz, 3996 MHz, 0 %, 0 %
2026/09/22 01:19:25.986, 0, 1036.41 W, 66, 1987 MHz, 3996 MHz, 100 %, 57 %
2026/09/22 01:19:25.986, 1, 1044.68 W, 65, 1980 MHz, 3996 MHz, 100 %, 57 %
2026/09/22 01:19:25.986, 2, 1046.77 W, 56, 2010 MHz, 3996 MHz, 100 %, 58 %
2026/09/22 01:19:25.986, 3, 1039.03 W, 55, 2025 MHz, 3996 MHz, 100 %, 57 %
2026/09/22 01:19:25.986, 4, 180.58 W, 34, 120 MHz, 3996 MHz, 0 %, 0 %
2026/09/22 01:19:25.986, 5, 178.64 W, 33, 120 MHz, 3996 MHz, 0 %, 0 %
2026/09/22 01:19:25.986, 6, 178.08 W, 30, 120 MHz, 3996 MHz, 0 %, 0 %
2026/09/22 01:19:25.986, 7, 181.36 W, 30, 120 MHz, 3996 MHz, 0 %, 0 %
2026/09/22 01:19:26.986, 0, 1041.37 W, 66, 1980 MHz, 3996 MHz, 100 %, 58 %
2026/09/22 01:19:26.986, 1, 1042.04 W, 65, 2010 MHz, 3996 MHz, 100 %, 58 %
2026/09/22 01:19:26.986, 2, 1039.44 W, 55, 2032 MHz, 3996 MHz, 100 %, 58 %
2026/09/22 01:19:26.986, 3, 1041.10 W, 56, 2017 MHz, 3996 MHz, 100 %, 58 %
2026/09/22 01:19:26.986, 4, 180.58 W, 34, 120 MHz, 3996 MHz, 0 %, 0 %
2026/09/22 01:19:26.986, 5, 178.64 W, 33, 120 MHz, 3996 MHz, 0 %, 0 %
2026/09/22 01:19:26.986, 6, 178.13 W, 30, 120 MHz, 3996 MHz, 0 %, 0 %
2026/09/22 01:19:26.986, 7, 181.12 W, 30, 120 MHz, 3996 MHz, 0 %, 0 %
2026/09/22 01:19:27.986, 0, 1048.71 W, 66, 2002 MHz, 3996 MHz, 100 %, 59 %
2026/09/22 01:19:27.986, 1, 1046.21 W, 66, 2025 MHz, 3996 MHz, 100 %, 59 %
2026/09/22 01:19:27.986, 2, 1033.84 W, 56, 2032 MHz, 3996 MHz, 100 %, 59 %
2026/09/22 01:19:27.987, 3, 1038.98 W, 56, 2010 MHz, 3996 MHz, 100 %, 59 %
2026/09/22 01:19:27.987, 4, 180.58 W, 34, 120 MHz, 3996 MHz, 0 %, 0 %
2026/09/22 01:19:27.987, 5, 178.64 W, 33, 120 MHz, 3996 MHz, 0 %, 0 %
2026/09/22 01:19:27.987, 6, 178.05 W, 30, 120 MHz, 3996 MHz, 0 %, 0 %
2026/09/22 01:19:27.987, 7, 181.12 W, 30, 120 MHz, 3996 MHz, 0 %, 0 %
2026/09/22 01:19:28.987, 0, 1047.81 W, 67, 2010 MHz, 3996 MHz, 100 %, 62 %
2026/09/22 01:19:28.987, 1, 1046.88 W, 64, 1987 MHz, 3996 MHz, 100 %, 61 %
2026/09/22 01:19:28.987, 2, 1036.87 W, 56, 2032 MHz, 3996 MHz, 100 %, 61 %
2026/09/22 01:19:28.987, 3, 1043.71 W, 56, 2032 MHz, 3996 MHz, 100 %, 62 %
2026/09/22 01:19:28.987, 4, 180.58 W, 34, 120 MHz, 3996 MHz, 0 %, 0 %
2026/09/22 01:19:28.987, 5, 178.64 W, 33, 120 MHz, 3996 MHz, 0 %, 0 %
2026/09/22 01:19:28.987, 6, 178.18 W, 30, 120 MHz, 3996 MHz, 0 %, 0 %
2026/09/22 01:19:28.987, 7, 181.16 W, 30, 120 MHz, 3996 MHz, 0 %, 0 %
2026/09/22 01:19:29.987, 0, 1056.07 W, 67, 1987 MHz, 3996 MHz, 100 %, 65 %
2026/09/22 01:19:29.987, 1, 1055.59 W, 66, 2010 MHz, 3996 MHz, 100 %, 65 %
2026/09/22 01:19:29.987, 2, 1043.20 W, 55, 2025 MHz, 3996 MHz, 100 %, 65 %
2026/09/22 01:19:29.987, 3, 1046.00 W, 56, 2025 MHz, 3996 MHz, 100 %, 65 %
2026/09/22 01:19:29.987, 4, 180.58 W, 34, 120 MHz, 3996 MHz, 0 %, 0 %
2026/09/22 01:19:29.987, 5, 178.64 W, 33, 120 MHz, 3996 MHz, 0 %, 0 %
2026/09/22 01:19:29.987, 6, 178.05 W, 30, 120 MHz, 3996 MHz, 0 %, 0 %
2026/09/22 01:19:29.987, 7, 181.10 W, 30, 120 MHz, 3996 MHz, 0 %, 0 %
2026/09/22 01:19:30.987, 0, 1070.56 W, 67, 2025 MHz, 3996 MHz, 100 %, 67 %
2026/09/22 01:19:30.987, 1, 1057.69 W, 66, 2025 MHz, 3996 MHz, 100 %, 67 %
2026/09/22 01:19:30.987, 2, 1057.31 W, 57, 2032 MHz, 3996 MHz, 100 %, 67 %
2026/09/22 01:19:30.987, 3, 1072.23 W, 56, 2032 MHz, 3996 MHz, 100 %, 67 %
2026/09/22 01:19:30.987, 4, 180.58 W, 34, 120 MHz, 3996 MHz, 0 %, 0 %
2026/09/22 01:19:30.987, 5, 178.64 W, 33, 120 MHz, 3996 MHz, 0 %, 0 %
2026/09/22 01:19:30.987, 6, 177.81 W, 30, 120 MHz, 3996 MHz, 0 %, 0 %
2026/09/22 01:19:30.987, 7, 181.15 W, 30, 120 MHz, 3996 MHz, 0 %, 0 %
2026/09/22 01:19:31.988, 0, 1052.22 W, 67, 2032 MHz, 3996 MHz, 100 %, 68 %
2026/09/22 01:19:31.988, 1, 1052.44 W, 65, 2032 MHz, 3996 MHz, 100 %, 68 %
2026/09/22 01:19:31.988, 2, 1023.36 W, 55, 2032 MHz, 3996 MHz, 100 %, 67 %
2026/09/22 01:19:31.988, 3, 1044.28 W, 56, 2032 MHz, 3996 MHz, 100 %, 68 %
2026/09/22 01:19:31.988, 4, 180.58 W, 34, 120 MHz, 3996 MHz, 0 %, 0 %
2026/09/22 01:19:31.988, 5, 178.64 W, 33, 120 MHz, 3996 MHz, 0 %, 0 %
2026/09/22 01:19:31.988, 6, 177.91 W, 30, 120 MHz, 3996 MHz, 0 %, 0 %
2026/09/22 01:19:31.988, 7, 181.14 W, 30, 120 MHz, 3996 MHz, 0 %, 0 %
2026/09/22 01:19:32.988, 0, 1056.56 W, 67, 2032 MHz, 3996 MHz, 100 %, 71 %
2026/09/22 01:19:32.988, 1, 1050.75 W, 65, 2032 MHz, 3996 MHz, 100 %, 71 %
2026/09/22 01:19:32.988, 2, 1018.31 W, 56, 2032 MHz, 3996 MHz, 100 %, 70 %
2026/09/22 01:19:32.988, 3, 1046.40 W, 56, 2032 MHz, 3996 MHz, 100 %, 71 %
2026/09/22 01:19:32.988, 4, 180.58 W, 34, 120 MHz, 3996 MHz, 0 %, 0 %
2026/09/22 01:19:32.988, 5, 178.64 W, 33, 120 MHz, 3996 MHz, 0 %, 0 %
2026/09/22 01:19:32.988, 6, 178.01 W, 30, 120 MHz, 3996 MHz, 0 %, 0 %
2026/09/22 01:19:32.988, 7, 180.91 W, 30, 120 MHz, 3996 MHz, 0 %, 0 %
2026/09/22 01:19:33.988, 0, 1012.27 W, 66, 2032 MHz, 3996 MHz, 100 %, 70 %
2026/09/22 01:19:33.988, 1, 1023.25 W, 65, 2032 MHz, 3996 MHz, 100 %, 71 %
2026/09/22 01:19:33.988, 2, 984.93 W, 55, 2032 MHz, 3996 MHz, 100 %, 70 %
2026/09/22 01:19:33.988, 3, 1002.85 W, 55, 2032 MHz, 3996 MHz, 100 %, 70 %
2026/09/22 01:19:33.988, 4, 180.58 W, 34, 120 MHz, 3996 MHz, 0 %, 0 %
2026/09/22 01:19:33.988, 5, 178.64 W, 33, 120 MHz, 3996 MHz, 0 %, 0 %
2026/09/22 01:19:33.988, 6, 177.79 W, 30, 120 MHz, 3996 MHz, 0 %, 0 %
2026/09/22 01:19:33.988, 7, 181.06 W, 30, 120 MHz, 3996 MHz, 0 %, 0 %
2026/09/22 01:19:34.988, 0, 980.22 W, 65, 2032 MHz, 3996 MHz, 95 %, 62 %
2026/09/22 01:19:34.988, 1, 970.36 W, 63, 2032 MHz, 3996 MHz, 95 %, 62 %
2026/09/22 01:19:34.988, 2, 953.76 W, 54, 2032 MHz, 3996 MHz, 94 %, 62 %
2026/09/22 01:19:34.988, 3, 959.37 W, 53, 2032 MHz, 3996 MHz, 94 %, 62 %
2026/09/22 01:19:34.988, 4, 180.58 W, 34, 120 MHz, 3996 MHz, 0 %, 0 %
2026/09/22 01:19:34.988, 5, 178.64 W, 33, 120 MHz, 3996 MHz, 0 %, 0 %
2026/09/22 01:19:34.988, 6, 177.94 W, 30, 120 MHz, 3996 MHz, 0 %, 0 %
2026/09/22 01:19:34.988, 7, 181.01 W, 30, 120 MHz, 3996 MHz, 0 %, 0 %
2026/09/22 01:19:35.989, 0, 757.79 W, 61, 2032 MHz, 3996 MHz, 100 %, 51 %
2026/09/22 01:19:35.989, 1, 732.73 W, 59, 2032 MHz, 3996 MHz, 100 %, 50 %
2026/09/22 01:19:35.989, 2, 732.20 W, 49, 2032 MHz, 3996 MHz, 100 %, 51 %
2026/09/22 01:19:35.989, 3, 727.98 W, 49, 2032 MHz, 3996 MHz, 100 %, 51 %
2026/09/22 01:19:35.989, 4, 180.58 W, 34, 120 MHz, 3996 MHz, 0 %, 0 %
2026/09/22 01:19:35.989, 5, 178.64 W, 33, 120 MHz, 3996 MHz, 0 %, 0 %
2026/09/22 01:19:35.989, 6, 177.82 W, 30, 120 MHz, 3996 MHz, 0 %, 0 %
2026/09/22 01:19:35.989, 7, 180.87 W, 30, 120 MHz, 3996 MHz, 0 %, 0 %
2026/09/22 01:19:36.989, 0, 286.65 W, 53, 2032 MHz, 3996 MHz, 0 %, 0 %
2026/09/22 01:19:36.989, 1, 257.37 W, 53, 2032 MHz, 3996 MHz, 0 %, 0 %
2026/09/22 01:19:36.989, 2, 269.05 W, 42, 2032 MHz, 3996 MHz, 0 %, 0 %
2026/09/22 01:19:36.989, 3, 243.93 W, 42, 2032 MHz, 3996 MHz, 0 %, 0 %
2026/09/22 01:19:36.989, 4, 180.58 W, 34, 120 MHz, 3996 MHz, 0 %, 0 %
2026/09/22 01:19:36.989, 5, 178.64 W, 33, 120 MHz, 3996 MHz, 0 %, 0 %
2026/09/22 01:19:36.989, 6, 177.77 W, 30, 120 MHz, 3996 MHz, 0 %, 0 %
2026/09/22 01:19:36.989, 7, 180.69 W, 30, 120 MHz, 3996 MHz, 0 %, 0 %
2026/09/22 01:19:37.989, 0, 251.02 W, 52, 2032 MHz, 3996 MHz, 0 %, 0 %
2026/09/22 01:19:37.989, 1, 253.00 W, 52, 2032 MHz, 3996 MHz, 0 %, 0 %
2026/09/22 01:19:37.989, 2, 235.98 W, 41, 2032 MHz, 3996 MHz, 0 %, 0 %
2026/09/22 01:19:37.989, 3, 237.96 W, 41, 2032 MHz, 3996 MHz, 0 %, 0 %
2026/09/22 01:19:37.989, 4, 180.58 W, 34, 120 MHz, 3996 MHz, 0 %, 0 %
2026/09/22 01:19:37.989, 5, 178.64 W, 33, 120 MHz, 3996 MHz, 0 %, 0 %
2026/09/22 01:19:37.989, 6, 178.01 W, 30, 120 MHz, 3996 MHz, 0 %, 0 %
2026/09/22 01:19:37.989, 7, 180.86 W, 30, 120 MHz, 3996 MHz, 0 %, 0 %
2026/09/22 01:19:38.989, 0, 249.80 W, 51, 2032 MHz, 3996 MHz, 0 %, 0 %
2026/09/22 01:19:38.989, 1, 251.81 W, 52, 2032 MHz, 3996 MHz, 0 %, 0 %
2026/09/22 01:19:38.989, 2, 235.56 W, 40, 2032 MHz, 3996 MHz, 0 %, 0 %
2026/09/22 01:19:38.989, 3, 238.51 W, 40, 2032 MHz, 3996 MHz, 14 %, 6 %
2026/09/22 01:19:38.989, 4, 180.58 W, 34, 120 MHz, 3996 MHz, 0 %, 0 %
2026/09/22 01:19:38.989, 5, 178.64 W, 33, 120 MHz, 3996 MHz, 0 %, 0 %
2026/09/22 01:19:38.990, 6, 178.01 W, 30, 120 MHz, 3996 MHz, 0 %, 0 %
2026/09/22 01:19:38.990, 7, 180.87 W, 30, 120 MHz, 3996 MHz, 0 %, 0 %
2026/09/22 01:19:39.990, 0, 256.97 W, 51, 2032 MHz, 3996 MHz, 0 %, 0 %
2026/09/22 01:19:39.990, 1, 255.09 W, 51, 2032 MHz, 3996 MHz, 19 %, 8 %
2026/09/22 01:19:39.990, 2, 235.49 W, 39, 2032 MHz, 3996 MHz, 0 %, 0 %
2026/09/22 01:19:39.990, 3, 245.22 W, 39, 2032 MHz, 3996 MHz, 0 %, 0 %
2026/09/22 01:19:39.990, 4, 180.58 W, 34, 120 MHz, 3996 MHz, 0 %, 0 %
2026/09/22 01:19:39.990, 5, 178.64 W, 32, 120 MHz, 3996 MHz, 0 %, 0 %
2026/09/22 01:19:39.990, 6, 177.86 W, 30, 120 MHz, 3996 MHz, 0 %, 0 %
2026/09/22 01:19:39.990, 7, 180.83 W, 30, 120 MHz, 3996 MHz, 0 %, 0 %
2026/09/22 01:19:40.990, 0, 248.55 W, 50, 2025 MHz, 3996 MHz, 0 %, 0 %
2026/09/22 01:19:40.990, 1, 255.14 W, 51, 2032 MHz, 3996 MHz, 0 %, 0 %
2026/09/22 01:19:40.990, 2, 242.56 W, 39, 2032 MHz, 3996 MHz, 0 %, 0 %
2026/09/22 01:19:40.990, 3, 220.09 W, 38, 990 MHz, 3996 MHz, 0 %, 0 %
2026/09/22 01:19:40.990, 4, 180.58 W, 34, 120 MHz, 3996 MHz, 0 %, 0 %
2026/09/22 01:19:40.990, 5, 178.64 W, 32, 120 MHz, 3996 MHz, 0 %, 0 %
2026/09/22 01:19:40.990, 6, 177.80 W, 30, 120 MHz, 3996 MHz, 0 %, 0 %
2026/09/22 01:19:40.990, 7, 180.62 W, 30, 120 MHz, 3996 MHz, 0 %, 0 %
2026/09/22 01:19:41.990, 0, 209.47 W, 49, 712 MHz, 3996 MHz, 0 %, 0 %
2026/09/22 01:19:41.990, 1, 244.80 W, 50, 825 MHz, 3996 MHz, 0 %, 0 %
2026/09/22 01:19:41.990, 2, 220.10 W, 38, 1035 MHz, 3996 MHz, 0 %, 0 %
2026/09/22 01:19:41.990, 3, 189.41 W, 38, 622 MHz, 3996 MHz, 0 %, 0 %
2026/09/22 01:19:41.990, 4, 180.58 W, 34, 120 MHz, 3996 MHz, 0 %, 0 %
2026/09/22 01:19:41.990, 5, 178.64 W, 32, 120 MHz, 3996 MHz, 0 %, 0 %
2026/09/22 01:19:41.990, 6, 177.78 W, 30, 120 MHz, 3996 MHz, 0 %, 0 %
2026/09/22 01:19:41.990, 7, 180.91 W, 30, 120 MHz, 3996 MHz, 0 %, 0 %
2026/09/22 01:19:42.990, 0, 193.24 W, 48, 450 MHz, 3996 MHz, 0 %, 0 %
2026/09/22 01:19:42.990, 1, 195.76 W, 49, 525 MHz, 3996 MHz, 0 %, 0 %
2026/09/22 01:19:42.990, 2, 188.07 W, 37, 652 MHz, 3996 MHz, 0 %, 0 %
2026/09/22 01:19:42.991, 3, 186.49 W, 37, 390 MHz, 3996 MHz, 0 %, 0 %
2026/09/22 01:19:42.991, 4, 180.58 W, 34, 120 MHz, 3996 MHz, 0 %, 0 %
2026/09/22 01:19:42.991, 5, 178.64 W, 32, 120 MHz, 3996 MHz, 0 %, 0 %
2026/09/22 01:19:42.991, 6, 177.78 W, 30, 120 MHz, 3996 MHz, 0 %, 0 %
2026/09/22 01:19:42.991, 7, 180.62 W, 30, 120 MHz, 3996 MHz, 0 %, 0 %
2026/09/22 01:19:44.112, 0, 190.85 W, 48, 255 MHz, 3996 MHz, 0 %, 0 %
2026/09/22 01:19:44.114, 1, 193.04 W, 48, 307 MHz, 3996 MHz, 0 %, 0 %
2026/09/22 01:19:44.115, 2, 184.38 W, 37, 375 MHz, 3996 MHz, 0 %, 0 %
2026/09/22 01:19:44.116, 3, 184.17 W, 37, 225 MHz, 3996 MHz, 0 %, 0 %
2026/09/22 01:19:44.118, 4, 180.57 W, 34, 120 MHz, 3996 MHz, 0 %, 0 %
2026/09/22 01:19:44.119, 5, 178.64 W, 32, 120 MHz, 3996 MHz, 0 %, 0 %
2026/09/22 01:19:44.121, 6, 178.04 W, 30, 120 MHz, 3996 MHz, 0 %, 0 %
2026/09/22 01:19:44.123, 7, 180.79 W, 30, 120 MHz, 3996 MHz, 0 %, 0 %
