timestamp, index, power.draw [W], temperature.gpu, clocks.current.sm [MHz], clocks.current.memory [MHz], utilization.gpu [%], utilization.memory [%]
2026/09/20 15:53:49.312, 0, 185.46 W, 43, 120 MHz, 3996 MHz, 0 %, 0 %
2026/09/20 15:53:49.314, 1, 187.25 W, 45, 120 MHz, 3996 MHz, 0 %, 0 %
2026/09/20 15:53:49.316, 2, 179.46 W, 34, 120 MHz, 3996 MHz, 0 %, 0 %
2026/09/20 15:53:49.318, 3, 181.37 W, 33, 120 MHz, 3996 MHz, 0 %, 0 %
2026/09/20 15:53:49.320, 4, 183.25 W, 35, 120 MHz, 3996 MHz, 0 %, 0 %
2026/09/20 15:53:49.321, 5, 179.81 W, 32, 120 MHz, 3996 MHz, 0 %, 0 %
2026/09/20 15:53:49.323, 6, 180.17 W, 29, 120 MHz, 3996 MHz, 0 %, 0 %
2026/09/20 15:53:49.325, 7, 183.90 W, 29, 120 MHz, 3996 MHz, 0 %, 0 %
2026/09/20 15:53:50.327, 0, 185.45 W, 43, 120 MHz, 3996 MHz, 0 %, 0 %
2026/09/20 15:53:50.327, 1, 186.85 W, 44, 120 MHz, 3996 MHz, 0 %, 0 %
2026/09/20 15:53:50.327, 2, 179.47 W, 33, 120 MHz, 3996 MHz, 0 %, 0 %
2026/09/20 15:53:50.327, 3, 181.31 W, 33, 120 MHz, 3996 MHz, 0 %, 0 %
2026/09/20 15:53:50.327, 4, 183.25 W, 35, 120 MHz, 3996 MHz, 0 %, 0 %
2026/09/20 15:53:50.327, 5, 179.78 W, 32, 120 MHz, 3996 MHz, 0 %, 0 %
2026/09/20 15:53:50.327, 6, 180.17 W, 29, 120 MHz, 3996 MHz, 0 %, 0 %
2026/09/20 15:53:50.327, 7, 184.05 W, 29, 120 MHz, 3996 MHz, 0 %, 0 %
2026/09/20 15:53:51.327, 0, 185.47 W, 43, 120 MHz, 3996 MHz, 0 %, 0 %
2026/09/20 15:53:51.327, 1, 186.30 W, 44, 120 MHz, 3996 MHz, 0 %, 0 %
2026/09/20 15:53:51.327, 2, 179.47 W, 33, 120 MHz, 3996 MHz, 0 %, 0 %
2026/09/20 15:53:51.327, 3, 181.30 W, 33, 120 MHz, 3996 MHz, 0 %, 0 %
2026/09/20 15:53:51.327, 4, 183.25 W, 35, 120 MHz, 3996 MHz, 0 %, 0 %
2026/09/20 15:53:51.327, 5, 179.96 W, 32, 120 MHz, 3996 MHz, 0 %, 0 %
2026/09/20 15:53:51.327, 6, 180.17 W, 29, 120 MHz, 3996 MHz, 0 %, 0 %
2026/09/20 15:53:51.327, 7, 183.93 W, 29, 120 MHz, 3996 MHz, 0 %, 0 %
2026/09/20 15:53:52.327, 0, 185.46 W, 43, 120 MHz, 3996 MHz, 0 %, 0 %
2026/09/20 15:53:52.328, 1, 185.83 W, 44, 120 MHz, 3996 MHz, 0 %, 0 %
2026/09/20 15:53:52.328, 2, 179.46 W, 33, 120 MHz, 3996 MHz, 0 %, 0 %
2026/09/20 15:53:52.328, 3, 181.30 W, 33, 120 MHz, 3996 MHz, 0 %, 0 %
2026/09/20 15:53:52.328, 4, 183.25 W, 35, 120 MHz, 3996 MHz, 0 %, 0 %
2026/09/20 15:53:52.328, 5, 179.85 W, 32, 120 MHz, 3996 MHz, 0 %, 0 %
2026/09/20 15:53:52.328, 6, 180.17 W, 29, 120 MHz, 3996 MHz, 0 %, 0 %
2026/09/20 15:53:52.328, 7, 184.05 W, 29, 120 MHz, 3996 MHz, 0 %, 0 %
2026/09/20 15:53:53.328, 0, 185.47 W, 43, 120 MHz, 3996 MHz, 0 %, 0 %
2026/09/20 15:53:53.328, 1, 185.64 W, 44, 120 MHz, 3996 MHz, 0 %, 0 %
2026/09/20 15:53:53.328, 2, 179.46 W, 33, 120 MHz, 3996 MHz, 0 %, 0 %
2026/09/20 15:53:53.328, 3, 181.30 W, 33, 120 MHz, 3996 MHz, 0 %, 0 %
2026/09/20 15:53:53.328, 4, 183.25 W, 35, 120 MHz, 3996 MHz, 0 %, 0 %
2026/09/20 15:53:53.328, 5, 179.90 W, 32, 120 MHz, 3996 MHz, 0 %, 0 %
2026/09/20 15:53:53.328, 6, 180.17 W, 29, 120 MHz, 3996 MHz, 0 %, 0 %
2026/09/20 15:53:53.328, 7, 184.05 W, 29, 120 MHz, 3996 MHz, 0 %, 0 %
2026/09/20 15:53:54.328, 0, 185.42 W, 42, 120 MHz, 3996 MHz, 0 %, 0 %
2026/09/20 15:53:54.328, 1, 185.56 W, 44, 120 MHz, 3996 MHz, 0 %, 0 %
2026/09/20 15:53:54.328, 2, 179.46 W, 33, 120 MHz, 3996 MHz, 0 %, 0 %
2026/09/20 15:53:54.328, 3, 181.31 W, 33, 120 MHz, 3996 MHz, 0 %, 0 %
2026/09/20 15:53:54.328, 4, 183.25 W, 35, 120 MHz, 3996 MHz, 0 %, 0 %
2026/09/20 15:53:54.328, 5, 179.97 W, 32, 120 MHz, 3996 MHz, 0 %, 0 %
2026/09/20 15:53:54.328, 6, 180.17 W, 29, 120 MHz, 3996 MHz, 0 %, 0 %
2026/09/20 15:53:54.328, 7, 184.05 W, 29, 120 MHz, 3996 MHz, 0 %, 0 %
2026/09/20 15:53:55.328, 0, 185.44 W, 42, 120 MHz, 3996 MHz, 0 %, 0 %
2026/09/20 15:53:55.328, 1, 185.56 W, 43, 120 MHz, 3996 MHz, 0 %, 0 %
2026/09/20 15:53:55.328, 2, 179.47 W, 33, 120 MHz, 3996 MHz, 0 %, 0 %
2026/09/20 15:53:55.328, 3, 181.30 W, 32, 120 MHz, 3996 MHz, 0 %, 0 %
2026/09/20 15:53:55.328, 4, 183.25 W, 35, 120 MHz, 3996 MHz, 0 %, 0 %
2026/09/20 15:53:55.328, 5, 179.85 W, 32, 120 MHz, 3996 MHz, 0 %, 0 %
2026/09/20 15:53:55.328, 6, 180.17 W, 29, 120 MHz, 3996 MHz, 0 %, 0 %
2026/09/20 15:53:55.329, 7, 184.09 W, 29, 120 MHz, 3996 MHz, 0 %, 0 %
2026/09/20 15:53:56.329, 0, 185.46 W, 42, 120 MHz, 3996 MHz, 0 %, 0 %
2026/09/20 15:53:56.329, 1, 185.56 W, 43, 120 MHz, 3996 MHz, 0 %, 0 %
2026/09/20 15:53:56.329, 2, 179.46 W, 33, 120 MHz, 3996 MHz, 0 %, 0 %
2026/09/20 15:53:56.329, 3, 181.30 W, 32, 120 MHz, 3996 MHz, 0 %, 0 %
2026/09/20 15:53:56.329, 4, 183.25 W, 35, 120 MHz, 3996 MHz, 0 %, 0 %
2026/09/20 15:53:56.329, 5, 180.01 W, 32, 120 MHz, 3996 MHz, 0 %, 0 %
2026/09/20 15:53:56.329, 6, 180.17 W, 29, 120 MHz, 3996 MHz, 0 %, 0 %
2026/09/20 15:53:56.329, 7, 184.09 W, 29, 120 MHz, 3996 MHz, 0 %, 0 %
2026/09/20 15:53:57.329, 0, 185.46 W, 42, 120 MHz, 3996 MHz, 0 %, 0 %
2026/09/20 15:53:57.329, 1, 185.56 W, 43, 120 MHz, 3996 MHz, 0 %, 0 %
2026/09/20 15:53:57.329, 2, 179.46 W, 32, 120 MHz, 3996 MHz, 0 %, 0 %
2026/09/20 15:53:57.329, 3, 181.30 W, 32, 120 MHz, 3996 MHz, 0 %, 0 %
2026/09/20 15:53:57.329, 4, 183.25 W, 35, 120 MHz, 3996 MHz, 0 %, 0 %
2026/09/20 15:53:57.329, 5, 180.04 W, 32, 120 MHz, 3996 MHz, 0 %, 0 %
2026/09/20 15:53:57.329, 6, 180.17 W, 29, 120 MHz, 3996 MHz, 0 %, 0 %
2026/09/20 15:53:57.329, 7, 183.97 W, 29, 120 MHz, 3996 MHz, 0 %, 0 %
2026/09/20 15:53:58.329, 0, 185.45 W, 42, 120 MHz, 3996 MHz, 0 %, 0 %
2026/09/20 15:53:58.329, 1, 185.56 W, 43, 120 MHz, 3996 MHz, 0 %, 0 %
2026/09/20 15:53:58.329, 2, 179.47 W, 32, 120 MHz, 3996 MHz, 0 %, 0 %
2026/09/20 15:53:58.329, 3, 181.30 W, 32, 120 MHz, 3996 MHz, 0 %, 0 %
2026/09/20 15:53:58.329, 4, 183.25 W, 35, 120 MHz, 3996 MHz, 0 %, 0 %
2026/09/20 15:53:58.329, 5, 179.93 W, 32, 120 MHz, 3996 MHz, 0 %, 0 %
2026/09/20 15:53:58.329, 6, 180.17 W, 29, 120 MHz, 3996 MHz, 0 %, 0 %
2026/09/20 15:53:58.329, 7, 184.09 W, 29, 120 MHz, 3996 MHz, 0 %, 0 %
2026/09/20 15:53:59.330, 0, 185.07 W, 41, 120 MHz, 3996 MHz, 0 %, 0 %
2026/09/20 15:53:59.330, 1, 185.56 W, 43, 120 MHz, 3996 MHz, 0 %, 0 %
2026/09/20 15:53:59.330, 2, 179.47 W, 32, 120 MHz, 3996 MHz, 0 %, 0 %
2026/09/20 15:53:59.330, 3, 181.30 W, 32, 120 MHz, 3996 MHz, 0 %, 0 %
2026/09/20 15:53:59.330, 4, 183.25 W, 35, 120 MHz, 3996 MHz, 0 %, 0 %
2026/09/20 15:53:59.330, 5, 180.12 W, 32, 120 MHz, 3996 MHz, 0 %, 0 %
2026/09/20 15:53:59.330, 6, 180.17 W, 29, 120 MHz, 3996 MHz, 0 %, 0 %
2026/09/20 15:53:59.330, 7, 183.97 W, 29, 120 MHz, 3996 MHz, 0 %, 0 %
2026/09/20 15:54:00.330, 0, 185.32 W, 41, 120 MHz, 3996 MHz, 0 %, 0 %
2026/09/20 15:54:00.330, 1, 185.56 W, 43, 120 MHz, 3996 MHz, 0 %, 0 %
2026/09/20 15:54:00.330, 2, 179.47 W, 32, 120 MHz, 3996 MHz, 0 %, 0 %
2026/09/20 15:54:00.330, 3, 181.30 W, 32, 120 MHz, 3996 MHz, 0 %, 0 %
2026/09/20 15:54:00.330, 4, 183.25 W, 34, 120 MHz, 3996 MHz, 0 %, 0 %
2026/09/20 15:54:00.330, 5, 179.74 W, 32, 120 MHz, 3996 MHz, 0 %, 0 %
2026/09/20 15:54:00.330, 6, 180.17 W, 29, 120 MHz, 3996 MHz, 0 %, 0 %
2026/09/20 15:54:00.330, 7, 184.05 W, 29, 120 MHz, 3996 MHz, 0 %, 0 %
2026/09/20 15:54:01.330, 0, 185.02 W, 41, 120 MHz, 3996 MHz, 0 %, 0 %
2026/09/20 15:54:01.330, 1, 185.56 W, 42, 120 MHz, 3996 MHz, 0 %, 0 %
2026/09/20 15:54:01.330, 2, 179.47 W, 32, 120 MHz, 3996 MHz, 0 %, 0 %
2026/09/20 15:54:01.330, 3, 181.30 W, 32, 120 MHz, 3996 MHz, 0 %, 0 %
2026/09/20 15:54:01.330, 4, 183.25 W, 35, 120 MHz, 3996 MHz, 0 %, 0 %
2026/09/20 15:54:01.330, 5, 179.90 W, 32, 120 MHz, 3996 MHz, 0 %, 0 %
2026/09/20 15:54:01.330, 6, 180.17 W, 29, 120 MHz, 3996 MHz, 0 %, 0 %
2026/09/20 15:54:01.330, 7, 184.01 W, 29, 120 MHz, 3996 MHz, 0 %, 0 %
2026/09/20 15:54:02.330, 0, 184.38 W, 41, 120 MHz, 3996 MHz, 0 %, 0 %
2026/09/20 15:54:02.330, 1, 185.56 W, 42, 120 MHz, 3996 MHz, 0 %, 0 %
2026/09/20 15:54:02.330, 2, 179.46 W, 32, 120 MHz, 3996 MHz, 0 %, 0 %
2026/09/20 15:54:02.330, 3, 181.30 W, 32, 120 MHz, 3996 MHz, 0 %, 0 %
2026/09/20 15:54:02.330, 4, 183.25 W, 34, 120 MHz, 3996 MHz, 0 %, 0 %
2026/09/20 15:54:02.331, 5, 179.93 W, 32, 120 MHz, 3996 MHz, 0 %, 0 %
2026/09/20 15:54:02.331, 6, 180.17 W, 29, 120 MHz, 3996 MHz, 0 %, 0 %
2026/09/20 15:54:02.331, 7, 183.93 W, 29, 120 MHz, 3996 MHz, 0 %, 0 %
2026/09/20 15:54:03.331, 0, 183.80 W, 41, 120 MHz, 3996 MHz, 0 %, 0 %
2026/09/20 15:54:03.331, 1, 185.56 W, 42, 120 MHz, 3996 MHz, 0 %, 0 %
2026/09/20 15:54:03.331, 2, 179.46 W, 32, 120 MHz, 3996 MHz, 0 %, 0 %
2026/09/20 15:54:03.331, 3, 181.30 W, 32, 120 MHz, 3996 MHz, 0 %, 0 %
2026/09/20 15:54:03.331, 4, 183.25 W, 34, 120 MHz, 3996 MHz, 0 %, 0 %
2026/09/20 15:54:03.331, 5, 179.81 W, 32, 120 MHz, 3996 MHz, 0 %, 0 %
2026/09/20 15:54:03.331, 6, 180.17 W, 29, 120 MHz, 3996 MHz, 0 %, 0 %
2026/09/20 15:54:03.331, 7, 183.97 W, 29, 120 MHz, 3996 MHz, 0 %, 0 %
2026/09/20 15:54:04.331, 0, 183.53 W, 41, 120 MHz, 3996 MHz, 0 %, 0 %
2026/09/20 15:54:04.331, 1, 185.56 W, 42, 120 MHz, 3996 MHz, 0 %, 0 %
2026/09/20 15:54:04.331, 2, 179.47 W, 32, 120 MHz, 3996 MHz, 0 %, 0 %
2026/09/20 15:54:04.331, 3, 181.30 W, 31, 120 MHz, 3996 MHz, 0 %, 0 %
2026/09/20 15:54:04.331, 4, 183.25 W, 34, 120 MHz, 3996 MHz, 0 %, 0 %
2026/09/20 15:54:04.331, 5, 179.82 W, 32, 120 MHz, 3996 MHz, 0 %, 0 %
2026/09/20 15:54:04.331, 6, 180.17 W, 29, 120 MHz, 3996 MHz, 0 %, 0 %
2026/09/20 15:54:04.331, 7, 184.01 W, 29, 120 MHz, 3996 MHz, 0 %, 0 %
2026/09/20 15:54:05.331, 0, 183.49 W, 40, 120 MHz, 3996 MHz, 0 %, 0 %
2026/09/20 15:54:05.331, 1, 185.56 W, 42, 120 MHz, 3996 MHz, 0 %, 0 %
2026/09/20 15:54:05.331, 2, 179.47 W, 32, 120 MHz, 3996 MHz, 0 %, 0 %
2026/09/20 15:54:05.331, 3, 181.30 W, 31, 120 MHz, 3996 MHz, 0 %, 0 %
2026/09/20 15:54:05.331, 4, 183.25 W, 34, 120 MHz, 3996 MHz, 0 %, 0 %
2026/09/20 15:54:05.331, 5, 180.01 W, 32, 120 MHz, 3996 MHz, 0 %, 0 %
2026/09/20 15:54:05.331, 6, 180.17 W, 29, 120 MHz, 3996 MHz, 0 %, 0 %
2026/09/20 15:54:05.331, 7, 184.05 W, 29, 120 MHz, 3996 MHz, 0 %, 0 %
2026/09/20 15:54:06.332, 0, 183.49 W, 40, 120 MHz, 3996 MHz, 0 %, 0 %
2026/09/20 15:54:06.332, 1, 185.56 W, 42, 120 MHz, 3996 MHz, 0 %, 0 %
2026/09/20 15:54:06.332, 2, 179.46 W, 32, 120 MHz, 3996 MHz, 0 %, 0 %
2026/09/20 15:54:06.332, 3, 181.30 W, 31, 120 MHz, 3996 MHz, 0 %, 0 %
2026/09/20 15:54:06.332, 4, 183.25 W, 34, 120 MHz, 3996 MHz, 0 %, 0 %
2026/09/20 15:54:06.332, 5, 179.85 W, 32, 120 MHz, 3996 MHz, 0 %, 0 %
2026/09/20 15:54:06.332, 6, 180.17 W, 29, 120 MHz, 3996 MHz, 0 %, 0 %
2026/09/20 15:54:06.332, 7, 184.05 W, 29, 120 MHz, 3996 MHz, 0 %, 0 %
2026/09/20 15:54:07.332, 0, 183.49 W, 40, 120 MHz, 3996 MHz, 0 %, 0 %
2026/09/20 15:54:07.332, 1, 185.56 W, 42, 120 MHz, 3996 MHz, 0 %, 0 %
2026/09/20 15:54:07.332, 2, 179.47 W, 32, 120 MHz, 3996 MHz, 0 %, 0 %
2026/09/20 15:54:07.332, 3, 181.30 W, 31, 120 MHz, 3996 MHz, 0 %, 0 %
2026/09/20 15:54:07.332, 4, 183.25 W, 34, 120 MHz, 3996 MHz, 0 %, 0 %
2026/09/20 15:54:07.332, 5, 179.77 W, 32, 120 MHz, 3996 MHz, 0 %, 0 %
2026/09/20 15:54:07.332, 6, 180.17 W, 29, 120 MHz, 3996 MHz, 0 %, 0 %
2026/09/20 15:54:07.332, 7, 183.93 W, 29, 120 MHz, 3996 MHz, 0 %, 0 %
2026/09/20 15:54:08.332, 0, 183.49 W, 40, 120 MHz, 3996 MHz, 0 %, 0 %
2026/09/20 15:54:08.332, 1, 185.52 W, 41, 120 MHz, 3996 MHz, 0 %, 0 %
2026/09/20 15:54:08.332, 2, 179.47 W, 32, 120 MHz, 3996 MHz, 0 %, 0 %
2026/09/20 15:54:08.332, 3, 181.30 W, 31, 120 MHz, 3996 MHz, 0 %, 0 %
2026/09/20 15:54:08.332, 4, 183.25 W, 34, 120 MHz, 3996 MHz, 0 %, 0 %
2026/09/20 15:54:08.332, 5, 179.74 W, 32, 120 MHz, 3996 MHz, 0 %, 0 %
2026/09/20 15:54:08.332, 6, 180.17 W, 29, 120 MHz, 3996 MHz, 0 %, 0 %
2026/09/20 15:54:08.332, 7, 183.94 W, 29, 120 MHz, 3996 MHz, 0 %, 0 %
2026/09/20 15:54:09.332, 0, 183.49 W, 40, 120 MHz, 3996 MHz, 0 %, 0 %
2026/09/20 15:54:09.332, 1, 185.52 W, 41, 120 MHz, 3996 MHz, 0 %, 0 %
2026/09/20 15:54:09.332, 2, 179.46 W, 31, 120 MHz, 3996 MHz, 0 %, 0 %
2026/09/20 15:54:09.333, 3, 181.18 W, 31, 120 MHz, 3996 MHz, 0 %, 0 %
2026/09/20 15:54:09.333, 4, 183.25 W, 34, 120 MHz, 3996 MHz, 0 %, 0 %
2026/09/20 15:54:09.333, 5, 179.70 W, 32, 120 MHz, 3996 MHz, 0 %, 0 %
2026/09/20 15:54:09.333, 6, 180.17 W, 29, 120 MHz, 3996 MHz, 0 %, 0 %
2026/09/20 15:54:09.333, 7, 183.97 W, 29, 120 MHz, 3996 MHz, 0 %, 0 %
2026/09/20 15:54:10.333, 0, 183.49 W, 40, 120 MHz, 3996 MHz, 0 %, 0 %
2026/09/20 15:54:10.333, 1, 185.14 W, 41, 120 MHz, 3996 MHz, 0 %, 0 %
2026/09/20 15:54:10.333, 2, 179.47 W, 31, 120 MHz, 3996 MHz, 0 %, 0 %
2026/09/20 15:54:10.333, 3, 181.30 W, 31, 120 MHz, 3996 MHz, 0 %, 0 %
2026/09/20 15:54:10.333, 4, 183.25 W, 34, 120 MHz, 3996 MHz, 0 %, 0 %
2026/09/20 15:54:10.333, 5, 179.93 W, 32, 120 MHz, 3996 MHz, 0 %, 0 %
2026/09/20 15:54:10.333, 6, 180.17 W, 29, 120 MHz, 3996 MHz, 0 %, 0 %
2026/09/20 15:54:10.333, 7, 183.98 W, 29, 120 MHz, 3996 MHz, 0 %, 0 %
2026/09/20 15:54:11.333, 0, 183.49 W, 40, 120 MHz, 3996 MHz, 0 %, 0 %
2026/09/20 15:54:11.333, 1, 185.05 W, 41, 120 MHz, 3996 MHz, 0 %, 0 %
2026/09/20 15:54:11.333, 2, 179.47 W, 31, 120 MHz, 3996 MHz, 0 %, 0 %
2026/09/20 15:54:11.333, 3, 181.30 W, 31, 120 MHz, 3996 MHz, 0 %, 0 %
2026/09/20 15:54:11.333, 4, 183.25 W, 34, 120 MHz, 3996 MHz, 0 %, 0 %
2026/09/20 15:54:11.333, 5, 179.66 W, 32, 120 MHz, 3996 MHz, 0 %, 0 %
2026/09/20 15:54:11.333, 6, 180.17 W, 29, 120 MHz, 3996 MHz, 0 %, 0 %
2026/09/20 15:54:11.333, 7, 183.93 W, 29, 120 MHz, 3996 MHz, 0 %, 0 %
2026/09/20 15:54:12.333, 0, 183.49 W, 39, 120 MHz, 3996 MHz, 0 %, 0 %
2026/09/20 15:54:12.333, 1, 184.83 W, 41, 120 MHz, 3996 MHz, 0 %, 0 %
2026/09/20 15:54:12.333, 2, 179.46 W, 31, 120 MHz, 3996 MHz, 0 %, 0 %
2026/09/20 15:54:12.333, 3, 181.26 W, 31, 120 MHz, 3996 MHz, 0 %, 0 %
2026/09/20 15:54:12.333, 4, 183.25 W, 34, 120 MHz, 3996 MHz, 0 %, 0 %
2026/09/20 15:54:12.333, 5, 179.89 W, 32, 120 MHz, 3996 MHz, 0 %, 0 %
2026/09/20 15:54:12.333, 6, 180.17 W, 29, 120 MHz, 3996 MHz, 0 %, 0 %
2026/09/20 15:54:12.334, 7, 184.05 W, 29, 120 MHz, 3996 MHz, 0 %, 0 %
2026/09/20 15:54:13.334, 0, 183.49 W, 39, 120 MHz, 3996 MHz, 0 %, 0 %
2026/09/20 15:54:13.334, 1, 184.38 W, 41, 120 MHz, 3996 MHz, 0 %, 0 %
2026/09/20 15:54:13.334, 2, 179.47 W, 31, 120 MHz, 3996 MHz, 0 %, 0 %
2026/09/20 15:54:13.334, 3, 181.30 W, 31, 120 MHz, 3996 MHz, 0 %, 0 %
2026/09/20 15:54:13.334, 4, 183.25 W, 34, 120 MHz, 3996 MHz, 0 %, 0 %
2026/09/20 15:54:13.334, 5, 179.54 W, 32, 120 MHz, 3996 MHz, 0 %, 0 %
2026/09/20 15:54:13.334, 6, 180.17 W, 29, 120 MHz, 3996 MHz, 0 %, 0 %
2026/09/20 15:54:13.334, 7, 184.01 W, 29, 120 MHz, 3996 MHz, 0 %, 0 %
2026/09/20 15:54:14.334, 0, 183.49 W, 39, 120 MHz, 3996 MHz, 0 %, 0 %
2026/09/20 15:54:14.334, 1, 184.05 W, 41, 120 MHz, 3996 MHz, 0 %, 0 %
2026/09/20 15:54:14.334, 2, 179.47 W, 31, 120 MHz, 3996 MHz, 0 %, 0 %
2026/09/20 15:54:14.334, 3, 181.30 W, 31, 120 MHz, 3996 MHz, 0 %, 0 %
2026/09/20 15:54:14.334, 4, 183.25 W, 34, 120 MHz, 3996 MHz, 0 %, 0 %
2026/09/20 15:54:14.334, 5, 179.62 W, 32, 120 MHz, 3996 MHz, 0 %, 0 %
2026/09/20 15:54:14.334, 6, 180.17 W, 29, 120 MHz, 3996 MHz, 0 %, 0 %
2026/09/20 15:54:14.334, 7, 184.09 W, 29, 120 MHz, 3996 MHz, 0 %, 0 %
2026/09/20 15:54:15.334, 0, 183.49 W, 39, 120 MHz, 3996 MHz, 0 %, 0 %
2026/09/20 15:54:15.334, 1, 183.92 W, 40, 120 MHz, 3996 MHz, 0 %, 0 %
2026/09/20 15:54:15.334, 2, 179.47 W, 31, 120 MHz, 3996 MHz, 0 %, 0 %
2026/09/20 15:54:15.334, 3, 181.30 W, 31, 120 MHz, 3996 MHz, 0 %, 0 %
2026/09/20 15:54:15.334, 4, 183.25 W, 34, 120 MHz, 3996 MHz, 0 %, 0 %
2026/09/20 15:54:15.334, 5, 179.81 W, 32, 120 MHz, 3996 MHz, 0 %, 0 %
2026/09/20 15:54:15.334, 6, 180.17 W, 29, 120 MHz, 3996 MHz, 0 %, 0 %
2026/09/20 15:54:15.334, 7, 184.05 W, 29, 120 MHz, 3996 MHz, 0 %, 0 %
2026/09/20 15:54:16.334, 0, 183.49 W, 39, 120 MHz, 3996 MHz, 0 %, 0 %
2026/09/20 15:54:16.335, 1, 184.64 W, 40, 120 MHz, 3996 MHz, 0 %, 0 %
2026/09/20 15:54:16.335, 2, 179.47 W, 31, 120 MHz, 3996 MHz, 0 %, 0 %
2026/09/20 15:54:16.335, 3, 181.30 W, 31, 120 MHz, 3996 MHz, 0 %, 0 %
2026/09/20 15:54:16.335, 4, 183.25 W, 34, 120 MHz, 3996 MHz, 0 %, 0 %
2026/09/20 15:54:16.335, 5, 179.86 W, 32, 120 MHz, 3996 MHz, 0 %, 0 %
2026/09/20 15:54:16.335, 6, 180.17 W, 29, 120 MHz, 3996 MHz, 0 %, 0 %
2026/09/20 15:54:16.335, 7, 184.09 W, 29, 120 MHz, 3996 MHz, 0 %, 0 %
2026/09/20 15:54:17.335, 0, 183.49 W, 39, 120 MHz, 3996 MHz, 0 %, 0 %
2026/09/20 15:54:17.335, 1, 185.44 W, 40, 120 MHz, 3996 MHz, 0 %, 0 %
2026/09/20 15:54:17.335, 2, 179.47 W, 31, 120 MHz, 3996 MHz, 0 %, 0 %
2026/09/20 15:54:17.335, 3, 181.30 W, 31, 120 MHz, 3996 MHz, 0 %, 0 %
2026/09/20 15:54:17.335, 4, 183.25 W, 34, 120 MHz, 3996 MHz, 0 %, 0 %
2026/09/20 15:54:17.335, 5, 179.81 W, 32, 120 MHz, 3996 MHz, 0 %, 0 %
2026/09/20 15:54:17.335, 6, 180.17 W, 29, 120 MHz, 3996 MHz, 0 %, 0 %
2026/09/20 15:54:17.335, 7, 184.05 W, 29, 120 MHz, 3996 MHz, 0 %, 0 %
2026/09/20 15:54:18.335, 0, 183.49 W, 39, 120 MHz, 3996 MHz, 0 %, 0 %
2026/09/20 15:54:18.335, 1, 185.22 W, 40, 120 MHz, 3996 MHz, 0 %, 0 %
2026/09/20 15:54:18.335, 2, 179.46 W, 31, 120 MHz, 3996 MHz, 0 %, 0 %
2026/09/20 15:54:18.335, 3, 181.29 W, 31, 120 MHz, 3996 MHz, 0 %, 0 %
2026/09/20 15:54:18.335, 4, 183.25 W, 34, 120 MHz, 3996 MHz, 0 %, 0 %
2026/09/20 15:54:18.335, 5, 179.73 W, 32, 120 MHz, 3996 MHz, 0 %, 0 %
2026/09/20 15:54:18.335, 6, 180.17 W, 29, 120 MHz, 3996 MHz, 0 %, 0 %
2026/09/20 15:54:18.335, 7, 184.01 W, 29, 120 MHz, 3996 MHz, 0 %, 0 %
2026/09/20 15:54:19.335, 0, 183.49 W, 39, 120 MHz, 3996 MHz, 0 %, 0 %
2026/09/20 15:54:19.335, 1, 184.27 W, 40, 120 MHz, 3996 MHz, 0 %, 0 %
2026/09/20 15:54:19.335, 2, 179.47 W, 31, 120 MHz, 3996 MHz, 0 %, 0 %
2026/09/20 15:54:19.336, 3, 181.30 W, 31, 120 MHz, 3996 MHz, 0 %, 0 %
2026/09/20 15:54:19.336, 4, 183.25 W, 34, 120 MHz, 3996 MHz, 0 %, 0 %
2026/09/20 15:54:19.336, 5, 179.70 W, 32, 120 MHz, 3996 MHz, 0 %, 0 %
2026/09/20 15:54:19.336, 6, 180.17 W, 29, 120 MHz, 3996 MHz, 0 %, 0 %
2026/09/20 15:54:19.336, 7, 183.97 W, 29, 120 MHz, 3996 MHz, 0 %, 0 %
2026/09/20 15:54:20.336, 0, 183.45 W, 38, 120 MHz, 3996 MHz, 0 %, 0 %
2026/09/20 15:54:20.336, 1, 184.10 W, 40, 120 MHz, 3996 MHz, 0 %, 0 %
2026/09/20 15:54:20.336, 2, 179.47 W, 31, 120 MHz, 3996 MHz, 0 %, 0 %
2026/09/20 15:54:20.336, 3, 181.26 W, 31, 120 MHz, 3996 MHz, 0 %, 0 %
2026/09/20 15:54:20.336, 4, 183.25 W, 34, 120 MHz, 3996 MHz, 0 %, 0 %
2026/09/20 15:54:20.336, 5, 179.82 W, 32, 120 MHz, 3996 MHz, 0 %, 0 %
2026/09/20 15:54:20.336, 6, 180.17 W, 29, 120 MHz, 3996 MHz, 0 %, 0 %
2026/09/20 15:54:20.336, 7, 184.05 W, 29, 120 MHz, 3996 MHz, 0 %, 0 %
2026/09/20 15:54:21.336, 0, 183.37 W, 38, 120 MHz, 3996 MHz, 0 %, 0 %
2026/09/20 15:54:21.336, 1, 184.19 W, 40, 120 MHz, 3996 MHz, 0 %, 0 %
2026/09/20 15:54:21.336, 2, 179.43 W, 31, 120 MHz, 3996 MHz, 0 %, 0 %
2026/09/20 15:54:21.336, 3, 181.30 W, 30, 120 MHz, 3996 MHz, 0 %, 0 %
2026/09/20 15:54:21.336, 4, 183.25 W, 34, 120 MHz, 3996 MHz, 0 %, 0 %
2026/09/20 15:54:21.336, 5, 179.89 W, 32, 120 MHz, 3996 MHz, 0 %, 0 %
2026/09/20 15:54:21.336, 6, 180.17 W, 29, 120 MHz, 3996 MHz, 0 %, 0 %
2026/09/20 15:54:21.336, 7, 184.09 W, 29, 120 MHz, 3996 MHz, 0 %, 0 %
2026/09/20 15:54:22.336, 0, 183.07 W, 38, 120 MHz, 3996 MHz, 0 %, 0 %
2026/09/20 15:54:22.336, 1, 183.72 W, 40, 120 MHz, 3996 MHz, 0 %, 0 %
2026/09/20 15:54:22.336, 2, 179.47 W, 31, 120 MHz, 3996 MHz, 0 %, 0 %
2026/09/20 15:54:22.336, 3, 181.30 W, 30, 120 MHz, 3996 MHz, 0 %, 0 %
2026/09/20 15:54:22.336, 4, 183.25 W, 34, 120 MHz, 3996 MHz, 0 %, 0 %
2026/09/20 15:54:22.336, 5, 179.70 W, 32, 120 MHz, 3996 MHz, 0 %, 0 %
2026/09/20 15:54:22.336, 6, 180.17 W, 29, 120 MHz, 3996 MHz, 0 %, 0 %
2026/09/20 15:54:22.336, 7, 184.09 W, 29, 120 MHz, 3996 MHz, 0 %, 0 %
2026/09/20 15:54:23.337, 0, 183.22 W, 38, 120 MHz, 3996 MHz, 0 %, 0 %
2026/09/20 15:54:23.337, 1, 183.88 W, 40, 120 MHz, 3996 MHz, 0 %, 0 %
2026/09/20 15:54:23.337, 2, 179.46 W, 31, 120 MHz, 3996 MHz, 0 %, 0 %
2026/09/20 15:54:23.337, 3, 181.26 W, 30, 120 MHz, 3996 MHz, 0 %, 0 %
2026/09/20 15:54:23.337, 4, 183.25 W, 34, 120 MHz, 3996 MHz, 0 %, 0 %
2026/09/20 15:54:23.337, 5, 179.78 W, 32, 120 MHz, 3996 MHz, 0 %, 0 %
2026/09/20 15:54:23.337, 6, 180.17 W, 29, 120 MHz, 3996 MHz, 0 %, 0 %
2026/09/20 15:54:23.337, 7, 184.09 W, 29, 120 MHz, 3996 MHz, 0 %, 0 %
2026/09/20 15:54:24.337, 0, 182.86 W, 38, 120 MHz, 3996 MHz, 0 %, 0 %
2026/09/20 15:54:24.337, 1, 183.65 W, 39, 120 MHz, 3996 MHz, 0 %, 0 %
2026/09/20 15:54:24.337, 2, 179.47 W, 31, 120 MHz, 3996 MHz, 0 %, 0 %
2026/09/20 15:54:24.337, 3, 181.26 W, 30, 120 MHz, 3996 MHz, 0 %, 0 %
2026/09/20 15:54:24.337, 4, 183.25 W, 34, 120 MHz, 3996 MHz, 0 %, 0 %
2026/09/20 15:54:24.337, 5, 179.90 W, 32, 120 MHz, 3996 MHz, 0 %, 0 %
2026/09/20 15:54:24.337, 6, 180.17 W, 29, 120 MHz, 3996 MHz, 0 %, 0 %
2026/09/20 15:54:24.337, 7, 184.05 W, 29, 120 MHz, 3996 MHz, 0 %, 0 %
2026/09/20 15:54:25.337, 0, 182.36 W, 38, 120 MHz, 3996 MHz, 0 %, 0 %
2026/09/20 15:54:25.337, 1, 183.61 W, 39, 120 MHz, 3996 MHz, 0 %, 0 %
2026/09/20 15:54:25.337, 2, 179.46 W, 31, 120 MHz, 3996 MHz, 0 %, 0 %
2026/09/20 15:54:25.337, 3, 181.26 W, 30, 120 MHz, 3996 MHz, 0 %, 0 %
2026/09/20 15:54:25.337, 4, 183.25 W, 34, 120 MHz, 3996 MHz, 0 %, 0 %
2026/09/20 15:54:25.337, 5, 179.86 W, 32, 120 MHz, 3996 MHz, 0 %, 0 %
2026/09/20 15:54:25.337, 6, 180.17 W, 29, 120 MHz, 3996 MHz, 0 %, 0 %
2026/09/20 15:54:25.337, 7, 184.05 W, 29, 120 MHz, 3996 MHz, 0 %, 0 %
2026/09/20 15:54:26.337, 0, 181.99 W, 38, 120 MHz, 3996 MHz, 0 %, 0 %
2026/09/20 15:54:26.337, 1, 183.61 W, 39, 120 MHz, 3996 MHz, 0 %, 0 %
2026/09/20 15:54:26.337, 2, 179.43 W, 31, 120 MHz, 3996 MHz, 0 %, 0 %
2026/09/20 15:54:26.337, 3, 181.26 W, 30, 120 MHz, 3996 MHz, 0 %, 0 %
2026/09/20 15:54:26.337, 4, 183.25 W, 34, 120 MHz, 3996 MHz, 0 %, 0 %
2026/09/20 15:54:26.338, 5, 179.89 W, 32, 120 MHz, 3996 MHz, 0 %, 0 %
2026/09/20 15:54:26.338, 6, 180.17 W, 29, 120 MHz, 3996 MHz, 0 %, 0 %
2026/09/20 15:54:26.338, 7, 184.09 W, 29, 120 MHz, 3996 MHz, 0 %, 0 %
2026/09/20 15:54:27.338, 0, 182.22 W, 38, 120 MHz, 3996 MHz, 0 %, 0 %
2026/09/20 15:54:27.338, 1, 183.65 W, 39, 120 MHz, 3996 MHz, 0 %, 0 %
2026/09/20 15:54:27.338, 2, 179.46 W, 31, 120 MHz, 3996 MHz, 0 %, 0 %
2026/09/20 15:54:27.338, 3, 181.14 W, 30, 120 MHz, 3996 MHz, 0 %, 0 %
2026/09/20 15:54:27.338, 4, 183.25 W, 34, 120 MHz, 3996 MHz, 0 %, 0 %
2026/09/20 15:54:27.338, 5, 179.70 W, 32, 120 MHz, 3996 MHz, 0 %, 0 %
2026/09/20 15:54:27.338, 6, 180.17 W, 29, 120 MHz, 3996 MHz, 0 %, 0 %
2026/09/20 15:54:27.338, 7, 183.93 W, 29, 120 MHz, 3996 MHz, 0 %, 0 %
2026/09/20 15:54:28.338, 0, 182.28 W, 38, 120 MHz, 3996 MHz, 0 %, 0 %
2026/09/20 15:54:28.338, 1, 183.61 W, 39, 120 MHz, 3996 MHz, 0 %, 0 %
2026/09/20 15:54:28.338, 2, 179.47 W, 31, 120 MHz, 3996 MHz, 0 %, 0 %
2026/09/20 15:54:28.338, 3, 181.22 W, 30, 120 MHz, 3996 MHz, 0 %, 0 %
2026/09/20 15:54:28.338, 4, 183.25 W, 34, 120 MHz, 3996 MHz, 0 %, 0 %
2026/09/20 15:54:28.338, 5, 179.89 W, 32, 120 MHz, 3996 MHz, 0 %, 0 %
2026/09/20 15:54:28.338, 6, 180.17 W, 29, 120 MHz, 3996 MHz, 0 %, 0 %
2026/09/20 15:54:28.338, 7, 184.01 W, 29, 120 MHz, 3996 MHz, 0 %, 0 %
2026/09/20 15:54:29.338, 0, 181.77 W, 38, 120 MHz, 3996 MHz, 0 %, 0 %
2026/09/20 15:54:29.338, 1, 183.61 W, 39, 120 MHz, 3996 MHz, 0 %, 0 %
2026/09/20 15:54:29.338, 2, 179.47 W, 30, 120 MHz, 3996 MHz, 0 %, 0 %
2026/09/20 15:54:29.338, 3, 181.29 W, 30, 120 MHz, 3996 MHz, 0 %, 0 %
2026/09/20 15:54:29.338, 4, 183.25 W, 34, 120 MHz, 3996 MHz, 0 %, 0 %
2026/09/20 15:54:29.338, 5, 179.93 W, 32, 120 MHz, 3996 MHz, 0 %, 0 %
2026/09/20 15:54:29.338, 6, 180.17 W, 29, 120 MHz, 3996 MHz, 0 %, 0 %
2026/09/20 15:54:29.338, 7, 184.09 W, 29, 120 MHz, 3996 MHz, 0 %, 0 %
2026/09/20 15:54:30.339, 0, 181.92 W, 37, 120 MHz, 3996 MHz, 0 %, 0 %
2026/09/20 15:54:30.339, 1, 183.61 W, 39, 120 MHz, 3996 MHz, 0 %, 0 %
2026/09/20 15:54:30.339, 2, 179.47 W, 30, 120 MHz, 3996 MHz, 0 %, 0 %
2026/09/20 15:54:30.339, 3, 181.26 W, 30, 120 MHz, 3996 MHz, 0 %, 0 %
2026/09/20 15:54:30.339, 4, 183.25 W, 34, 120 MHz, 3996 MHz, 0 %, 0 %
2026/09/20 15:54:30.339, 5, 179.66 W, 32, 120 MHz, 3996 MHz, 0 %, 0 %
2026/09/20 15:54:30.339, 6, 180.17 W, 29, 120 MHz, 3996 MHz, 0 %, 0 %
2026/09/20 15:54:30.339, 7, 184.01 W, 29, 120 MHz, 3996 MHz, 0 %, 0 %
2026/09/20 15:54:31.339, 0, 181.61 W, 37, 120 MHz, 3996 MHz, 0 %, 0 %
2026/09/20 15:54:31.339, 1, 183.61 W, 39, 120 MHz, 3996 MHz, 0 %, 0 %
2026/09/20 15:54:31.339, 2, 179.46 W, 30, 120 MHz, 3996 MHz, 0 %, 0 %
2026/09/20 15:54:31.339, 3, 181.29 W, 30, 120 MHz, 3996 MHz, 0 %, 0 %
2026/09/20 15:54:31.339, 4, 183.25 W, 34, 120 MHz, 3996 MHz, 0 %, 0 %
2026/09/20 15:54:31.339, 5, 179.74 W, 32, 120 MHz, 3996 MHz, 0 %, 0 %
2026/09/20 15:54:31.339, 6, 180.17 W, 29, 120 MHz, 3996 MHz, 0 %, 0 %
2026/09/20 15:54:31.339, 7, 184.01 W, 29, 120 MHz, 3996 MHz, 0 %, 0 %
2026/09/20 15:54:32.339, 0, 181.57 W, 37, 120 MHz, 3996 MHz, 0 %, 0 %
2026/09/20 15:54:32.339, 1, 183.61 W, 39, 120 MHz, 3996 MHz, 0 %, 0 %
2026/09/20 15:54:32.339, 2, 179.46 W, 30, 120 MHz, 3996 MHz, 0 %, 0 %
2026/09/20 15:54:32.339, 3, 181.14 W, 30, 120 MHz, 3996 MHz, 0 %, 0 %
2026/09/20 15:54:32.339, 4, 183.25 W, 34, 120 MHz, 3996 MHz, 0 %, 0 %
2026/09/20 15:54:32.339, 5, 179.85 W, 32, 120 MHz, 3996 MHz, 0 %, 0 %
2026/09/20 15:54:32.339, 6, 180.17 W, 29, 120 MHz, 3996 MHz, 0 %, 0 %
2026/09/20 15:54:32.339, 7, 184.09 W, 29, 120 MHz, 3996 MHz, 0 %, 0 %
2026/09/20 15:54:33.339, 0, 181.54 W, 37, 120 MHz, 3996 MHz, 0 %, 0 %
2026/09/20 15:54:33.339, 1, 183.61 W, 39, 120 MHz, 3996 MHz, 0 %, 0 %
2026/09/20 15:54:33.339, 2, 179.46 W, 30, 120 MHz, 3996 MHz, 0 %, 0 %
2026/09/20 15:54:33.339, 3, 181.25 W, 30, 120 MHz, 3996 MHz, 0 %, 0 %
2026/09/20 15:54:33.340, 4, 183.25 W, 34, 120 MHz, 3996 MHz, 0 %, 0 %
2026/09/20 15:54:33.340, 5, 179.78 W, 32, 120 MHz, 3996 MHz, 0 %, 0 %
2026/09/20 15:54:33.340, 6, 180.17 W, 29, 120 MHz, 3996 MHz, 0 %, 0 %
2026/09/20 15:54:33.340, 7, 184.01 W, 29, 120 MHz, 3996 MHz, 0 %, 0 %
2026/09/20 15:54:34.340, 0, 181.54 W, 37, 120 MHz, 3996 MHz, 0 %, 0 %
2026/09/20 15:54:34.340, 1, 183.61 W, 38, 120 MHz, 3996 MHz, 0 %, 0 %
2026/09/20 15:54:34.340, 2, 179.47 W, 30, 120 MHz, 3996 MHz, 0 %, 0 %
2026/09/20 15:54:34.340, 3, 181.07 W, 30, 120 MHz, 3996 MHz, 0 %, 0 %
2026/09/20 15:54:34.340, 4, 183.25 W, 34, 120 MHz, 3996 MHz, 0 %, 0 %
2026/09/20 15:54:34.340, 5, 179.70 W, 32, 120 MHz, 3996 MHz, 0 %, 0 %
2026/09/20 15:54:34.340, 6, 180.17 W, 29, 120 MHz, 3996 MHz, 0 %, 0 %
2026/09/20 15:54:34.340, 7, 183.93 W, 29, 120 MHz, 3996 MHz, 0 %, 0 %
2026/09/20 15:54:35.340, 0, 181.54 W, 37, 120 MHz, 3996 MHz, 0 %, 0 %
2026/09/20 15:54:35.340, 1, 183.61 W, 38, 120 MHz, 3996 MHz, 0 %, 0 %
2026/09/20 15:54:35.340, 2, 179.46 W, 30, 120 MHz, 3996 MHz, 0 %, 0 %
2026/09/20 15:54:35.340, 3, 180.99 W, 30, 120 MHz, 3996 MHz, 0 %, 0 %
2026/09/20 15:54:35.340, 4, 183.25 W, 34, 120 MHz, 3996 MHz, 0 %, 0 %
2026/09/20 15:54:35.340, 5, 179.62 W, 32, 120 MHz, 3996 MHz, 0 %, 0 %
2026/09/20 15:54:35.340, 6, 180.17 W, 29, 120 MHz, 3996 MHz, 0 %, 0 %
2026/09/20 15:54:35.340, 7, 184.05 W, 29, 120 MHz, 3996 MHz, 0 %, 0 %
2026/09/20 15:54:36.340, 0, 181.57 W, 37, 120 MHz, 3996 MHz, 0 %, 0 %
2026/09/20 15:54:36.340, 1, 183.61 W, 38, 120 MHz, 3996 MHz, 0 %, 0 %
2026/09/20 15:54:36.340, 2, 179.47 W, 30, 120 MHz, 3996 MHz, 0 %, 0 %
2026/09/20 15:54:36.340, 3, 181.07 W, 30, 120 MHz, 3996 MHz, 0 %, 0 %
2026/09/20 15:54:36.340, 4, 183.25 W, 34, 120 MHz, 3996 MHz, 0 %, 0 %
2026/09/20 15:54:36.340, 5, 179.74 W, 32, 120 MHz, 3996 MHz, 0 %, 0 %
2026/09/20 15:54:36.340, 6, 180.17 W, 29, 120 MHz, 3996 MHz, 0 %, 0 %
2026/09/20 15:54:36.340, 7, 183.97 W, 29, 120 MHz, 3996 MHz, 0 %, 0 %
2026/09/20 15:54:37.341, 0, 181.54 W, 37, 120 MHz, 3996 MHz, 0 %, 0 %
2026/09/20 15:54:37.341, 1, 183.61 W, 38, 120 MHz, 3996 MHz, 0 %, 0 %
2026/09/20 15:54:37.341, 2, 179.46 W, 30, 120 MHz, 3996 MHz, 0 %, 0 %
2026/09/20 15:54:37.341, 3, 181.18 W, 30, 120 MHz, 3996 MHz, 0 %, 0 %
2026/09/20 15:54:37.341, 4, 183.25 W, 34, 120 MHz, 3996 MHz, 0 %, 0 %
2026/09/20 15:54:37.341, 5, 179.66 W, 32, 120 MHz, 3996 MHz, 0 %, 0 %
2026/09/20 15:54:37.341, 6, 180.17 W, 29, 120 MHz, 3996 MHz, 0 %, 0 %
2026/09/20 15:54:37.341, 7, 184.05 W, 29, 120 MHz, 3996 MHz, 0 %, 0 %
2026/09/20 15:54:38.341, 0, 181.54 W, 37, 120 MHz, 3996 MHz, 0 %, 0 %
2026/09/20 15:54:38.341, 1, 183.61 W, 38, 120 MHz, 3996 MHz, 0 %, 0 %
2026/09/20 15:54:38.341, 2, 179.47 W, 30, 120 MHz, 3996 MHz, 0 %, 0 %
2026/09/20 15:54:38.341, 3, 181.18 W, 30, 120 MHz, 3996 MHz, 0 %, 0 %
2026/09/20 15:54:38.341, 4, 183.25 W, 34, 120 MHz, 3996 MHz, 0 %, 0 %
2026/09/20 15:54:38.341, 5, 179.96 W, 32, 120 MHz, 3996 MHz, 0 %, 0 %
2026/09/20 15:54:38.341, 6, 180.17 W, 29, 120 MHz, 3996 MHz, 0 %, 0 %
2026/09/20 15:54:38.341, 7, 184.01 W, 29, 120 MHz, 3996 MHz, 0 %, 0 %
2026/09/20 15:54:39.341, 0, 181.54 W, 37, 120 MHz, 3996 MHz, 0 %, 0 %
2026/09/20 15:54:39.341, 1, 183.61 W, 38, 120 MHz, 3996 MHz, 0 %, 0 %
2026/09/20 15:54:39.341, 2, 179.47 W, 30, 120 MHz, 3996 MHz, 0 %, 0 %
2026/09/20 15:54:39.341, 3, 180.90 W, 30, 120 MHz, 3996 MHz, 0 %, 0 %
2026/09/20 15:54:39.341, 4, 183.25 W, 34, 120 MHz, 3996 MHz, 0 %, 0 %
2026/09/20 15:54:39.341, 5, 179.62 W, 32, 120 MHz, 3996 MHz, 0 %, 0 %
2026/09/20 15:54:39.341, 6, 180.17 W, 29, 120 MHz, 3996 MHz, 0 %, 0 %
2026/09/20 15:54:39.341, 7, 184.09 W, 29, 120 MHz, 3996 MHz, 0 %, 0 %
2026/09/20 15:54:40.341, 0, 181.54 W, 37, 120 MHz, 3996 MHz, 0 %, 0 %
2026/09/20 15:54:40.341, 1, 183.61 W, 38, 120 MHz, 3996 MHz, 0 %, 0 %
2026/09/20 15:54:40.342, 2, 179.47 W, 30, 120 MHz, 3996 MHz, 0 %, 0 %
2026/09/20 15:54:40.342, 3, 180.91 W, 30, 120 MHz, 3996 MHz, 0 %, 0 %
2026/09/20 15:54:40.342, 4, 183.25 W, 34, 120 MHz, 3996 MHz, 0 %, 0 %
2026/09/20 15:54:40.342, 5, 179.81 W, 32, 120 MHz, 3996 MHz, 0 %, 0 %
2026/09/20 15:54:40.342, 6, 180.17 W, 29, 120 MHz, 3996 MHz, 0 %, 0 %
2026/09/20 15:54:40.342, 7, 184.01 W, 29, 120 MHz, 3996 MHz, 0 %, 0 %
2026/09/20 15:54:41.342, 0, 181.54 W, 37, 120 MHz, 3996 MHz, 0 %, 0 %
2026/09/20 15:54:41.342, 1, 183.61 W, 38, 120 MHz, 3996 MHz, 0 %, 0 %
2026/09/20 15:54:41.342, 2, 179.47 W, 30, 120 MHz, 3996 MHz, 0 %, 0 %
2026/09/20 15:54:41.342, 3, 180.87 W, 30, 120 MHz, 3996 MHz, 0 %, 0 %
2026/09/20 15:54:41.342, 4, 183.25 W, 34, 120 MHz, 3996 MHz, 0 %, 0 %
2026/09/20 15:54:41.342, 5, 179.73 W, 32, 120 MHz, 3996 MHz, 0 %, 0 %
2026/09/20 15:54:41.342, 6, 180.17 W, 29, 120 MHz, 3996 MHz, 0 %, 0 %
2026/09/20 15:54:41.342, 7, 183.93 W, 29, 120 MHz, 3996 MHz, 0 %, 0 %
2026/09/20 15:54:42.342, 0, 181.54 W, 36, 120 MHz, 3996 MHz, 0 %, 0 %
2026/09/20 15:54:42.342, 1, 183.61 W, 38, 120 MHz, 3996 MHz, 0 %, 0 %
2026/09/20 15:54:42.342, 2, 179.47 W, 30, 120 MHz, 3996 MHz, 0 %, 0 %
2026/09/20 15:54:42.342, 3, 180.83 W, 30, 120 MHz, 3996 MHz, 0 %, 0 %
2026/09/20 15:54:42.342, 4, 183.25 W, 34, 120 MHz, 3996 MHz, 0 %, 0 %
2026/09/20 15:54:42.342, 5, 179.54 W, 32, 120 MHz, 3996 MHz, 0 %, 0 %
2026/09/20 15:54:42.342, 6, 180.17 W, 29, 120 MHz, 3996 MHz, 0 %, 0 %
2026/09/20 15:54:42.342, 7, 184.05 W, 29, 120 MHz, 3996 MHz, 0 %, 0 %
2026/09/20 15:54:43.342, 0, 181.54 W, 36, 120 MHz, 3996 MHz, 0 %, 0 %
2026/09/20 15:54:43.342, 1, 183.61 W, 38, 120 MHz, 3996 MHz, 0 %, 0 %
2026/09/20 15:54:43.342, 2, 179.47 W, 30, 120 MHz, 3996 MHz, 0 %, 0 %
2026/09/20 15:54:43.342, 3, 180.91 W, 30, 120 MHz, 3996 MHz, 0 %, 0 %
2026/09/20 15:54:43.342, 4, 183.25 W, 34, 120 MHz, 3996 MHz, 0 %, 0 %
2026/09/20 15:54:43.342, 5, 179.74 W, 32, 120 MHz, 3996 MHz, 0 %, 0 %
2026/09/20 15:54:43.342, 6, 180.17 W, 29, 120 MHz, 3996 MHz, 0 %, 0 %
2026/09/20 15:54:43.342, 7, 184.05 W, 29, 120 MHz, 3996 MHz, 0 %, 0 %
2026/09/20 15:54:44.343, 0, 181.54 W, 36, 120 MHz, 3996 MHz, 0 %, 0 %
2026/09/20 15:54:44.343, 1, 183.61 W, 38, 120 MHz, 3996 MHz, 0 %, 0 %
2026/09/20 15:54:44.343, 2, 179.46 W, 30, 120 MHz, 3996 MHz, 0 %, 0 %
2026/09/20 15:54:44.343, 3, 180.91 W, 30, 120 MHz, 3996 MHz, 0 %, 0 %
2026/09/20 15:54:44.343, 4, 183.25 W, 34, 120 MHz, 3996 MHz, 0 %, 0 %
2026/09/20 15:54:44.343, 5, 179.93 W, 32, 120 MHz, 3996 MHz, 0 %, 0 %
2026/09/20 15:54:44.343, 6, 180.17 W, 29, 120 MHz, 3996 MHz, 0 %, 0 %
2026/09/20 15:54:44.343, 7, 184.09 W, 29, 120 MHz, 3996 MHz, 0 %, 0 %
2026/09/20 15:54:45.343, 0, 181.54 W, 36, 120 MHz, 3996 MHz, 0 %, 0 %
2026/09/20 15:54:45.343, 1, 183.61 W, 38, 120 MHz, 3996 MHz, 0 %, 0 %
2026/09/20 15:54:45.343, 2, 179.47 W, 30, 120 MHz, 3996 MHz, 0 %, 0 %
2026/09/20 15:54:45.343, 3, 180.80 W, 30, 120 MHz, 3996 MHz, 0 %, 0 %
2026/09/20 15:54:45.343, 4, 183.25 W, 34, 120 MHz, 3996 MHz, 0 %, 0 %
2026/09/20 15:54:45.343, 5, 179.74 W, 32, 120 MHz, 3996 MHz, 0 %, 0 %
2026/09/20 15:54:45.343, 6, 180.17 W, 29, 120 MHz, 3996 MHz, 0 %, 0 %
2026/09/20 15:54:45.343, 7, 183.97 W, 29, 120 MHz, 3996 MHz, 0 %, 0 %
2026/09/20 15:54:46.343, 0, 181.54 W, 36, 120 MHz, 3996 MHz, 0 %, 0 %
2026/09/20 15:54:46.343, 1, 183.61 W, 38, 120 MHz, 3996 MHz, 0 %, 0 %
2026/09/20 15:54:46.343, 2, 179.46 W, 30, 120 MHz, 3996 MHz, 0 %, 0 %
2026/09/20 15:54:46.343, 3, 180.80 W, 30, 120 MHz, 3996 MHz, 0 %, 0 %
2026/09/20 15:54:46.343, 4, 183.25 W, 34, 120 MHz, 3996 MHz, 0 %, 0 %
2026/09/20 15:54:46.343, 5, 179.85 W, 32, 120 MHz, 3996 MHz, 0 %, 0 %
2026/09/20 15:54:46.343, 6, 180.17 W, 29, 120 MHz, 3996 MHz, 0 %, 0 %
2026/09/20 15:54:46.343, 7, 184.05 W, 29, 120 MHz, 3996 MHz, 0 %, 0 %
2026/09/20 15:54:47.343, 0, 181.54 W, 36, 120 MHz, 3996 MHz, 0 %, 0 %
2026/09/20 15:54:47.344, 1, 183.61 W, 38, 120 MHz, 3996 MHz, 0 %, 0 %
2026/09/20 15:54:47.344, 2, 179.47 W, 30, 120 MHz, 3996 MHz, 0 %, 0 %
2026/09/20 15:54:47.344, 3, 180.72 W, 30, 120 MHz, 3996 MHz, 0 %, 0 %
2026/09/20 15:54:47.344, 4, 183.25 W, 34, 120 MHz, 3996 MHz, 0 %, 0 %
2026/09/20 15:54:47.344, 5, 179.70 W, 32, 120 MHz, 3996 MHz, 0 %, 0 %
2026/09/20 15:54:47.344, 6, 180.17 W, 29, 120 MHz, 3996 MHz, 0 %, 0 %
2026/09/20 15:54:47.344, 7, 184.05 W, 29, 120 MHz, 3996 MHz, 0 %, 0 %
2026/09/20 15:54:48.344, 0, 181.54 W, 36, 120 MHz, 3996 MHz, 0 %, 0 %
2026/09/20 15:54:48.344, 1, 183.61 W, 37, 120 MHz, 3996 MHz, 0 %, 0 %
2026/09/20 15:54:48.344, 2, 179.46 W, 30, 120 MHz, 3996 MHz, 0 %, 0 %
2026/09/20 15:54:48.344, 3, 180.56 W, 30, 120 MHz, 3996 MHz, 0 %, 0 %
2026/09/20 15:54:48.344, 4, 183.25 W, 34, 120 MHz, 3996 MHz, 0 %, 0 %
2026/09/20 15:54:48.344, 5, 179.78 W, 32, 120 MHz, 3996 MHz, 0 %, 0 %
2026/09/20 15:54:48.344, 6, 180.17 W, 29, 120 MHz, 3996 MHz, 0 %, 0 %
2026/09/20 15:54:48.344, 7, 183.97 W, 29, 120 MHz, 3996 MHz, 0 %, 0 %
2026/09/20 15:54:49.344, 0, 181.54 W, 36, 120 MHz, 3996 MHz, 0 %, 0 %
2026/09/20 15:54:49.344, 1, 183.61 W, 37, 120 MHz, 3996 MHz, 0 %, 0 %
2026/09/20 15:54:49.344, 2, 179.47 W, 30, 120 MHz, 3996 MHz, 0 %, 0 %
2026/09/20 15:54:49.344, 3, 180.53 W, 30, 120 MHz, 3996 MHz, 0 %, 0 %
2026/09/20 15:54:49.344, 4, 183.25 W, 34, 120 MHz, 3996 MHz, 0 %, 0 %
2026/09/20 15:54:49.344, 5, 179.62 W, 32, 120 MHz, 3996 MHz, 0 %, 0 %
2026/09/20 15:54:49.344, 6, 180.17 W, 29, 120 MHz, 3996 MHz, 0 %, 0 %
2026/09/20 15:54:49.344, 7, 184.05 W, 29, 120 MHz, 3996 MHz, 0 %, 0 %
2026/09/20 15:54:50.344, 0, 181.54 W, 36, 120 MHz, 3996 MHz, 0 %, 0 %
2026/09/20 15:54:50.344, 1, 183.61 W, 37, 120 MHz, 3996 MHz, 0 %, 0 %
2026/09/20 15:54:50.344, 2, 179.46 W, 30, 120 MHz, 3996 MHz, 0 %, 0 %
2026/09/20 15:54:50.344, 3, 180.24 W, 30, 120 MHz, 3996 MHz, 0 %, 0 %
2026/09/20 15:54:50.344, 4, 183.25 W, 34, 120 MHz, 3996 MHz, 0 %, 0 %
2026/09/20 15:54:50.345, 5, 179.62 W, 32, 120 MHz, 3996 MHz, 0 %, 0 %
2026/09/20 15:54:50.345, 6, 180.17 W, 29, 120 MHz, 3996 MHz, 0 %, 0 %
2026/09/20 15:54:50.345, 7, 184.01 W, 29, 120 MHz, 3996 MHz, 0 %, 0 %
2026/09/20 15:54:51.345, 0, 181.54 W, 36, 120 MHz, 3996 MHz, 0 %, 0 %
2026/09/20 15:54:51.345, 1, 183.61 W, 37, 120 MHz, 3996 MHz, 0 %, 0 %
2026/09/20 15:54:51.345, 2, 179.46 W, 30, 120 MHz, 3996 MHz, 0 %, 0 %
2026/09/20 15:54:51.345, 3, 180.52 W, 29, 120 MHz, 3996 MHz, 0 %, 0 %
2026/09/20 15:54:51.345, 4, 183.25 W, 34, 120 MHz, 3996 MHz, 0 %, 0 %
2026/09/20 15:54:51.345, 5, 179.78 W, 32, 120 MHz, 3996 MHz, 0 %, 0 %
2026/09/20 15:54:51.345, 6, 180.17 W, 29, 120 MHz, 3996 MHz, 0 %, 0 %
2026/09/20 15:54:51.345, 7, 184.05 W, 29, 120 MHz, 3996 MHz, 0 %, 0 %
2026/09/20 15:54:52.345, 0, 181.54 W, 36, 120 MHz, 3996 MHz, 0 %, 0 %
2026/09/20 15:54:52.345, 1, 183.61 W, 37, 120 MHz, 3996 MHz, 0 %, 0 %
2026/09/20 15:54:52.345, 2, 179.47 W, 30, 120 MHz, 3996 MHz, 0 %, 0 %
2026/09/20 15:54:52.345, 3, 180.34 W, 29, 120 MHz, 3996 MHz, 0 %, 0 %
2026/09/20 15:54:52.345, 4, 183.25 W, 34, 120 MHz, 3996 MHz, 0 %, 0 %
2026/09/20 15:54:52.345, 5, 179.54 W, 32, 120 MHz, 3996 MHz, 0 %, 0 %
2026/09/20 15:54:52.345, 6, 180.17 W, 29, 120 MHz, 3996 MHz, 0 %, 0 %
2026/09/20 15:54:52.345, 7, 184.01 W, 29, 120 MHz, 3996 MHz, 0 %, 0 %
2026/09/20 15:54:53.345, 0, 181.54 W, 36, 120 MHz, 3996 MHz, 0 %, 0 %
2026/09/20 15:54:53.345, 1, 183.61 W, 37, 120 MHz, 3996 MHz, 0 %, 0 %
2026/09/20 15:54:53.345, 2, 179.47 W, 30, 120 MHz, 3996 MHz, 0 %, 0 %
2026/09/20 15:54:53.345, 3, 180.53 W, 29, 120 MHz, 3996 MHz, 0 %, 0 %
2026/09/20 15:54:53.345, 4, 183.25 W, 34, 120 MHz, 3996 MHz, 0 %, 0 %
2026/09/20 15:54:53.345, 5, 179.66 W, 32, 120 MHz, 3996 MHz, 0 %, 0 %
2026/09/20 15:54:53.345, 6, 180.17 W, 29, 120 MHz, 3996 MHz, 0 %, 0 %
2026/09/20 15:54:53.345, 7, 183.97 W, 29, 120 MHz, 3996 MHz, 0 %, 0 %
2026/09/20 15:54:54.346, 0, 181.54 W, 36, 120 MHz, 3996 MHz, 0 %, 0 %
2026/09/20 15:54:54.346, 1, 183.61 W, 37, 120 MHz, 3996 MHz, 0 %, 0 %
2026/09/20 15:54:54.346, 2, 179.46 W, 30, 120 MHz, 3996 MHz, 0 %, 0 %
2026/09/20 15:54:54.346, 3, 180.57 W, 29, 120 MHz, 3996 MHz, 0 %, 0 %
2026/09/20 15:54:54.346, 4, 183.25 W, 34, 120 MHz, 3996 MHz, 0 %, 0 %
2026/09/20 15:54:54.346, 5, 179.97 W, 32, 120 MHz, 3996 MHz, 0 %, 0 %
2026/09/20 15:54:54.346, 6, 180.17 W, 29, 120 MHz, 3996 MHz, 0 %, 0 %
2026/09/20 15:54:54.346, 7, 184.01 W, 29, 120 MHz, 3996 MHz, 0 %, 0 %
2026/09/20 15:54:55.346, 0, 181.54 W, 36, 120 MHz, 3996 MHz, 0 %, 0 %
2026/09/20 15:54:55.346, 1, 183.61 W, 37, 120 MHz, 3996 MHz, 0 %, 0 %
2026/09/20 15:54:55.346, 2, 179.47 W, 30, 120 MHz, 3996 MHz, 0 %, 0 %
2026/09/20 15:54:55.346, 3, 180.48 W, 29, 120 MHz, 3996 MHz, 0 %, 0 %
2026/09/20 15:54:55.346, 4, 181.88 W, 34, 120 MHz, 3996 MHz, 0 %, 0 %
2026/09/20 15:54:55.346, 5, 179.58 W, 32, 120 MHz, 3996 MHz, 0 %, 0 %
2026/09/20 15:54:55.346, 6, 180.17 W, 29, 120 MHz, 3996 MHz, 0 %, 0 %
2026/09/20 15:54:55.346, 7, 182.64 W, 29, 120 MHz, 3996 MHz, 0 %, 0 %
2026/09/20 15:54:56.346, 0, 181.54 W, 36, 120 MHz, 3996 MHz, 0 %, 0 %
2026/09/20 15:54:56.346, 1, 183.61 W, 37, 120 MHz, 3996 MHz, 0 %, 0 %
2026/09/20 15:54:56.346, 2, 179.46 W, 30, 120 MHz, 3996 MHz, 0 %, 0 %
2026/09/20 15:54:56.346, 3, 180.38 W, 29, 120 MHz, 3996 MHz, 0 %, 0 %
2026/09/20 15:54:56.346, 4, 181.45 W, 34, 120 MHz, 3996 MHz, 0 %, 0 %
2026/09/20 15:54:56.346, 5, 179.47 W, 32, 120 MHz, 3996 MHz, 0 %, 0 %
2026/09/20 15:54:56.346, 6, 180.17 W, 29, 120 MHz, 3996 MHz, 0 %, 0 %
2026/09/20 15:54:56.346, 7, 182.13 W, 29, 120 MHz, 3996 MHz, 0 %, 0 %
2026/09/20 15:54:57.346, 0, 181.54 W, 36, 120 MHz, 3996 MHz, 0 %, 0 %
2026/09/20 15:54:57.346, 1, 183.61 W, 37, 120 MHz, 3996 MHz, 0 %, 0 %
2026/09/20 15:54:57.346, 2, 179.47 W, 30, 120 MHz, 3996 MHz, 0 %, 0 %
2026/09/20 15:54:57.346, 3, 180.30 W, 29, 120 MHz, 3996 MHz, 0 %, 0 %
2026/09/20 15:54:57.346, 4, 181.46 W, 34, 120 MHz, 3996 MHz, 0 %, 0 %
2026/09/20 15:54:57.347, 5, 179.47 W, 32, 120 MHz, 3996 MHz, 0 %, 0 %
2026/09/20 15:54:57.347, 6, 180.17 W, 29, 120 MHz, 3996 MHz, 0 %, 0 %
2026/09/20 15:54:57.347, 7, 182.13 W, 29, 120 MHz, 3996 MHz, 0 %, 0 %
2026/09/20 15:54:58.347, 0, 181.54 W, 36, 120 MHz, 3996 MHz, 0 %, 0 %
2026/09/20 15:54:58.347, 1, 183.61 W, 37, 120 MHz, 3996 MHz, 0 %, 0 %
2026/09/20 15:54:58.347, 2, 179.47 W, 30, 120 MHz, 3996 MHz, 0 %, 0 %
2026/09/20 15:54:58.347, 3, 180.13 W, 29, 120 MHz, 3996 MHz, 0 %, 0 %
2026/09/20 15:54:58.347, 4, 181.50 W, 34, 120 MHz, 3996 MHz, 0 %, 0 %
2026/09/20 15:54:58.347, 5, 179.46 W, 32, 120 MHz, 3996 MHz, 0 %, 0 %
2026/09/20 15:54:58.347, 6, 180.17 W, 29, 120 MHz, 3996 MHz, 0 %, 0 %
2026/09/20 15:54:58.347, 7, 182.13 W, 29, 120 MHz, 3996 MHz, 0 %, 0 %
2026/09/20 15:54:59.347, 0, 181.54 W, 36, 120 MHz, 3996 MHz, 0 %, 0 %
2026/09/20 15:54:59.347, 1, 183.61 W, 37, 120 MHz, 3996 MHz, 0 %, 0 %
2026/09/20 15:54:59.347, 2, 179.46 W, 30, 120 MHz, 3996 MHz, 0 %, 0 %
2026/09/20 15:54:59.347, 3, 180.57 W, 29, 120 MHz, 3996 MHz, 0 %, 0 %
2026/09/20 15:54:59.347, 4, 181.41 W, 34, 120 MHz, 3996 MHz, 0 %, 0 %
2026/09/20 15:54:59.347, 5, 179.47 W, 32, 120 MHz, 3996 MHz, 0 %, 0 %
2026/09/20 15:54:59.347, 6, 180.17 W, 29, 120 MHz, 3996 MHz, 0 %, 0 %
2026/09/20 15:54:59.347, 7, 182.13 W, 29, 120 MHz, 3996 MHz, 0 %, 0 %
2026/09/20 15:55:00.347, 0, 181.54 W, 35, 120 MHz, 3996 MHz, 0 %, 0 %
2026/09/20 15:55:00.347, 1, 183.61 W, 37, 120 MHz, 3996 MHz, 0 %, 0 %
2026/09/20 15:55:00.347, 2, 179.47 W, 30, 120 MHz, 3996 MHz, 0 %, 0 %
2026/09/20 15:55:00.347, 3, 180.15 W, 29, 120 MHz, 3996 MHz, 0 %, 0 %
2026/09/20 15:55:00.347, 4, 181.49 W, 34, 120 MHz, 3996 MHz, 0 %, 0 %
2026/09/20 15:55:00.347, 5, 179.47 W, 32, 120 MHz, 3996 MHz, 0 %, 0 %
2026/09/20 15:55:00.347, 6, 180.17 W, 29, 120 MHz, 3996 MHz, 0 %, 0 %
2026/09/20 15:55:00.347, 7, 182.13 W, 29, 120 MHz, 3996 MHz, 0 %, 0 %
2026/09/20 15:55:01.348, 0, 181.54 W, 35, 120 MHz, 3996 MHz, 0 %, 0 %
2026/09/20 15:55:01.348, 1, 183.61 W, 37, 120 MHz, 3996 MHz, 0 %, 0 %
2026/09/20 15:55:01.348, 2, 179.47 W, 30, 120 MHz, 3996 MHz, 0 %, 0 %
2026/09/20 15:55:01.348, 3, 180.32 W, 29, 120 MHz, 3996 MHz, 0 %, 0 %
2026/09/20 15:55:01.348, 4, 181.38 W, 34, 120 MHz, 3996 MHz, 0 %, 0 %
2026/09/20 15:55:01.348, 5, 179.47 W, 32, 120 MHz, 3996 MHz, 0 %, 0 %
2026/09/20 15:55:01.348, 6, 180.17 W, 29, 120 MHz, 3996 MHz, 0 %, 0 %
2026/09/20 15:55:01.348, 7, 182.13 W, 29, 120 MHz, 3996 MHz, 0 %, 0 %
2026/09/20 15:55:02.348, 0, 181.54 W, 35, 120 MHz, 3996 MHz, 0 %, 0 %
2026/09/20 15:55:02.348, 1, 183.61 W, 37, 120 MHz, 3996 MHz, 0 %, 0 %
2026/09/20 15:55:02.348, 2, 179.47 W, 30, 120 MHz, 3996 MHz, 0 %, 0 %
2026/09/20 15:55:02.348, 3, 180.38 W, 29, 120 MHz, 3996 MHz, 0 %, 0 %
2026/09/20 15:55:02.348, 4, 181.38 W, 34, 120 MHz, 3996 MHz, 0 %, 0 %
2026/09/20 15:55:02.348, 5, 179.47 W, 32, 120 MHz, 3996 MHz, 0 %, 0 %
2026/09/20 15:55:02.348, 6, 180.17 W, 29, 120 MHz, 3996 MHz, 0 %, 0 %
2026/09/20 15:55:02.348, 7, 182.13 W, 29, 120 MHz, 3996 MHz, 0 %, 0 %
2026/09/20 15:55:03.348, 0, 181.54 W, 35, 120 MHz, 3996 MHz, 0 %, 0 %
2026/09/20 15:55:03.348, 1, 183.61 W, 37, 120 MHz, 3996 MHz, 0 %, 0 %
2026/09/20 15:55:03.348, 2, 179.47 W, 30, 120 MHz, 3996 MHz, 0 %, 0 %
2026/09/20 15:55:03.348, 3, 180.36 W, 29, 120 MHz, 3996 MHz, 0 %, 0 %
2026/09/20 15:55:03.348, 4, 181.46 W, 34, 120 MHz, 3996 MHz, 0 %, 0 %
2026/09/20 15:55:03.348, 5, 179.47 W, 32, 120 MHz, 3996 MHz, 0 %, 0 %
2026/09/20 15:55:03.348, 6, 180.17 W, 29, 120 MHz, 3996 MHz, 0 %, 0 %
2026/09/20 15:55:03.348, 7, 182.13 W, 29, 120 MHz, 3996 MHz, 0 %, 0 %
2026/09/20 15:55:04.348, 0, 181.54 W, 35, 120 MHz, 3996 MHz, 0 %, 0 %
2026/09/20 15:55:04.348, 1, 183.61 W, 37, 120 MHz, 3996 MHz, 0 %, 0 %
2026/09/20 15:55:04.348, 2, 179.46 W, 30, 120 MHz, 3996 MHz, 0 %, 0 %
2026/09/20 15:55:04.348, 3, 180.24 W, 29, 120 MHz, 3996 MHz, 0 %, 0 %
2026/09/20 15:55:04.349, 4, 181.38 W, 34, 120 MHz, 3996 MHz, 0 %, 0 %
2026/09/20 15:55:04.349, 5, 179.46 W, 32, 120 MHz, 3996 MHz, 0 %, 0 %
2026/09/20 15:55:04.349, 6, 180.13 W, 29, 120 MHz, 3996 MHz, 0 %, 0 %
2026/09/20 15:55:04.349, 7, 182.13 W, 29, 120 MHz, 3996 MHz, 0 %, 0 %
2026/09/20 15:55:05.349, 0, 181.54 W, 35, 120 MHz, 3996 MHz, 0 %, 0 %
2026/09/20 15:55:05.349, 1, 183.60 W, 37, 120 MHz, 3996 MHz, 0 %, 0 %
2026/09/20 15:55:05.349, 2, 179.46 W, 30, 120 MHz, 3996 MHz, 0 %, 0 %
2026/09/20 15:55:05.349, 3, 180.11 W, 29, 120 MHz, 3996 MHz, 0 %, 0 %
2026/09/20 15:55:05.349, 4, 181.31 W, 34, 120 MHz, 3996 MHz, 0 %, 0 %
2026/09/20 15:55:05.349, 5, 179.46 W, 32, 120 MHz, 3996 MHz, 0 %, 0 %
2026/09/20 15:55:05.349, 6, 180.17 W, 29, 120 MHz, 3996 MHz, 0 %, 0 %
2026/09/20 15:55:05.349, 7, 182.13 W, 29, 120 MHz, 3996 MHz, 0 %, 0 %
2026/09/20 15:55:06.349, 0, 181.54 W, 35, 120 MHz, 3996 MHz, 0 %, 0 %
2026/09/20 15:55:06.349, 1, 183.61 W, 37, 120 MHz, 3996 MHz, 0 %, 0 %
2026/09/20 15:55:06.349, 2, 179.47 W, 30, 120 MHz, 3996 MHz, 0 %, 0 %
2026/09/20 15:55:06.349, 3, 180.16 W, 29, 120 MHz, 3996 MHz, 0 %, 0 %
2026/09/20 15:55:06.349, 4, 181.34 W, 34, 120 MHz, 3996 MHz, 0 %, 0 %
2026/09/20 15:55:06.349, 5, 179.47 W, 32, 120 MHz, 3996 MHz, 0 %, 0 %
2026/09/20 15:55:06.349, 6, 180.13 W, 29, 120 MHz, 3996 MHz, 0 %, 0 %
2026/09/20 15:55:06.349, 7, 182.13 W, 29, 120 MHz, 3996 MHz, 0 %, 0 %
2026/09/20 15:55:07.349, 0, 181.54 W, 35, 120 MHz, 3996 MHz, 0 %, 0 %
2026/09/20 15:55:07.349, 1, 183.60 W, 37, 120 MHz, 3996 MHz, 0 %, 0 %
2026/09/20 15:55:07.349, 2, 179.46 W, 30, 120 MHz, 3996 MHz, 0 %, 0 %
2026/09/20 15:55:07.349, 3, 180.30 W, 29, 120 MHz, 3996 MHz, 0 %, 0 %
2026/09/20 15:55:07.349, 4, 181.46 W, 34, 120 MHz, 3996 MHz, 0 %, 0 %
2026/09/20 15:55:07.349, 5, 179.46 W, 32, 120 MHz, 3996 MHz, 0 %, 0 %
2026/09/20 15:55:07.349, 6, 180.17 W, 29, 120 MHz, 3996 MHz, 0 %, 0 %
2026/09/20 15:55:07.349, 7, 182.13 W, 29, 120 MHz, 3996 MHz, 0 %, 0 %
2026/09/20 15:55:08.350, 0, 181.54 W, 35, 120 MHz, 3996 MHz, 0 %, 0 %
2026/09/20 15:55:08.350, 1, 183.61 W, 36, 120 MHz, 3996 MHz, 0 %, 0 %
2026/09/20 15:55:08.350, 2, 179.46 W, 30, 120 MHz, 3996 MHz, 0 %, 0 %
2026/09/20 15:55:08.350, 3, 180.15 W, 29, 120 MHz, 3996 MHz, 0 %, 0 %
2026/09/20 15:55:08.350, 4, 181.42 W, 34, 120 MHz, 3996 MHz, 0 %, 0 %
2026/09/20 15:55:08.350, 5, 179.47 W, 32, 120 MHz, 3996 MHz, 0 %, 0 %
2026/09/20 15:55:08.350, 6, 180.17 W, 29, 120 MHz, 3996 MHz, 0 %, 0 %
2026/09/20 15:55:08.350, 7, 182.13 W, 29, 120 MHz, 3996 MHz, 0 %, 0 %
2026/09/20 15:55:09.350, 0, 181.54 W, 35, 120 MHz, 3996 MHz, 0 %, 0 %
2026/09/20 15:55:09.350, 1, 183.57 W, 36, 120 MHz, 3996 MHz, 0 %, 0 %
2026/09/20 15:55:09.350, 2, 179.47 W, 30, 120 MHz, 3996 MHz, 0 %, 0 %
2026/09/20 15:55:09.350, 3, 180.28 W, 29, 120 MHz, 3996 MHz, 0 %, 0 %
2026/09/20 15:55:09.350, 4, 181.57 W, 34, 120 MHz, 3996 MHz, 0 %, 0 %
2026/09/20 15:55:09.350, 5, 179.47 W, 32, 120 MHz, 3996 MHz, 0 %, 0 %
2026/09/20 15:55:09.350, 6, 180.17 W, 29, 120 MHz, 3996 MHz, 0 %, 0 %
2026/09/20 15:55:09.350, 7, 182.13 W, 29, 120 MHz, 3996 MHz, 0 %, 0 %
2026/09/20 15:55:10.350, 0, 181.54 W, 35, 120 MHz, 3996 MHz, 0 %, 0 %
2026/09/20 15:55:10.350, 1, 183.60 W, 36, 120 MHz, 3996 MHz, 0 %, 0 %
2026/09/20 15:55:10.350, 2, 179.47 W, 30, 120 MHz, 3996 MHz, 0 %, 0 %
2026/09/20 15:55:10.350, 3, 180.14 W, 29, 120 MHz, 3996 MHz, 0 %, 0 %
2026/09/20 15:55:10.350, 4, 181.49 W, 34, 120 MHz, 3996 MHz, 0 %, 0 %
2026/09/20 15:55:10.350, 5, 179.46 W, 32, 120 MHz, 3996 MHz, 0 %, 0 %
2026/09/20 15:55:10.350, 6, 180.09 W, 29, 120 MHz, 3996 MHz, 0 %, 0 %
2026/09/20 15:55:10.350, 7, 182.13 W, 29, 120 MHz, 3996 MHz, 0 %, 0 %
2026/09/20 15:55:11.350, 0, 181.54 W, 35, 120 MHz, 3996 MHz, 0 %, 0 %
2026/09/20 15:55:11.350, 1, 183.49 W, 36, 120 MHz, 3996 MHz, 0 %, 0 %
2026/09/20 15:55:11.350, 2, 179.47 W, 30, 120 MHz, 3996 MHz, 0 %, 0 %
2026/09/20 15:55:11.350, 3, 180.02 W, 29, 120 MHz, 3996 MHz, 0 %, 0 %
2026/09/20 15:55:11.350, 4, 181.38 W, 34, 120 MHz, 3996 MHz, 0 %, 0 %
2026/09/20 15:55:11.350, 5, 179.47 W, 32, 120 MHz, 3996 MHz, 0 %, 0 %
2026/09/20 15:55:11.351, 6, 180.17 W, 29, 120 MHz, 3996 MHz, 0 %, 0 %
2026/09/20 15:55:11.351, 7, 182.13 W, 29, 120 MHz, 3996 MHz, 0 %, 0 %
2026/09/20 15:55:12.351, 0, 181.54 W, 35, 120 MHz, 3996 MHz, 0 %, 0 %
2026/09/20 15:55:12.351, 1, 183.61 W, 36, 120 MHz, 3996 MHz, 0 %, 0 %
2026/09/20 15:55:12.351, 2, 179.47 W, 30, 120 MHz, 3996 MHz, 0 %, 0 %
2026/09/20 15:55:12.351, 3, 180.26 W, 29, 120 MHz, 3996 MHz, 0 %, 0 %
2026/09/20 15:55:12.351, 4, 181.41 W, 34, 120 MHz, 3996 MHz, 0 %, 0 %
2026/09/20 15:55:12.351, 5, 179.46 W, 32, 120 MHz, 3996 MHz, 0 %, 0 %
2026/09/20 15:55:12.351, 6, 180.17 W, 29, 120 MHz, 3996 MHz, 0 %, 0 %
2026/09/20 15:55:12.351, 7, 182.13 W, 29, 120 MHz, 3996 MHz, 0 %, 0 %
2026/09/20 15:55:13.351, 0, 181.54 W, 35, 120 MHz, 3996 MHz, 0 %, 0 %
2026/09/20 15:55:13.351, 1, 183.51 W, 36, 120 MHz, 3996 MHz, 0 %, 0 %
2026/09/20 15:55:13.351, 2, 179.46 W, 30, 120 MHz, 3996 MHz, 0 %, 0 %
2026/09/20 15:55:13.351, 3, 180.03 W, 29, 120 MHz, 3996 MHz, 0 %, 0 %
2026/09/20 15:55:13.351, 4, 181.46 W, 34, 120 MHz, 3996 MHz, 0 %, 0 %
2026/09/20 15:55:13.351, 5, 179.47 W, 32, 120 MHz, 3996 MHz, 0 %, 0 %
2026/09/20 15:55:13.351, 6, 180.17 W, 29, 120 MHz, 3996 MHz, 0 %, 0 %
2026/09/20 15:55:13.351, 7, 182.13 W, 29, 120 MHz, 3996 MHz, 0 %, 0 %
2026/09/20 15:55:14.351, 0, 181.54 W, 35, 120 MHz, 3996 MHz, 0 %, 0 %
2026/09/20 15:55:14.351, 1, 183.52 W, 36, 120 MHz, 3996 MHz, 0 %, 0 %
2026/09/20 15:55:14.351, 2, 179.47 W, 30, 120 MHz, 3996 MHz, 0 %, 0 %
2026/09/20 15:55:14.351, 3, 180.01 W, 29, 120 MHz, 3996 MHz, 0 %, 0 %
2026/09/20 15:55:14.351, 4, 181.45 W, 34, 120 MHz, 3996 MHz, 0 %, 0 %
2026/09/20 15:55:14.351, 5, 179.47 W, 32, 120 MHz, 3996 MHz, 0 %, 0 %
2026/09/20 15:55:14.351, 6, 180.17 W, 29, 120 MHz, 3996 MHz, 0 %, 0 %
2026/09/20 15:55:14.351, 7, 182.13 W, 29, 120 MHz, 3996 MHz, 0 %, 0 %
2026/09/20 15:55:15.351, 0, 181.54 W, 35, 120 MHz, 3996 MHz, 0 %, 0 %
2026/09/20 15:55:15.352, 1, 183.53 W, 36, 120 MHz, 3996 MHz, 0 %, 0 %
2026/09/20 15:55:15.352, 2, 179.47 W, 30, 120 MHz, 3996 MHz, 0 %, 0 %
2026/09/20 15:55:15.352, 3, 180.14 W, 29, 120 MHz, 3996 MHz, 0 %, 0 %
2026/09/20 15:55:15.352, 4, 181.46 W, 34, 120 MHz, 3996 MHz, 0 %, 0 %
2026/09/20 15:55:15.352, 5, 179.47 W, 32, 120 MHz, 3996 MHz, 0 %, 0 %
2026/09/20 15:55:15.352, 6, 180.17 W, 29, 120 MHz, 3996 MHz, 0 %, 0 %
2026/09/20 15:55:15.352, 7, 182.13 W, 29, 120 MHz, 3996 MHz, 0 %, 0 %
2026/09/20 15:55:16.352, 0, 181.43 W, 35, 120 MHz, 3996 MHz, 0 %, 0 %
2026/09/20 15:55:16.352, 1, 230.30 W, 37, 2032 MHz, 3996 MHz, 0 %, 0 %
2026/09/20 15:55:16.352, 2, 179.47 W, 30, 120 MHz, 3996 MHz, 0 %, 0 %
2026/09/20 15:55:16.352, 3, 179.84 W, 29, 120 MHz, 3996 MHz, 0 %, 0 %
2026/09/20 15:55:16.352, 4, 181.38 W, 34, 120 MHz, 3996 MHz, 0 %, 0 %
2026/09/20 15:55:16.352, 5, 179.47 W, 32, 120 MHz, 3996 MHz, 0 %, 0 %
2026/09/20 15:55:16.352, 6, 180.13 W, 29, 120 MHz, 3996 MHz, 0 %, 0 %
2026/09/20 15:55:16.352, 7, 182.13 W, 29, 120 MHz, 3996 MHz, 0 %, 0 %
2026/09/20 15:55:17.352, 0, 181.42 W, 35, 120 MHz, 3996 MHz, 0 %, 0 %
2026/09/20 15:55:17.352, 1, 234.09 W, 37, 2032 MHz, 3996 MHz, 0 %, 0 %
2026/09/20 15:55:17.352, 2, 179.47 W, 29, 120 MHz, 3996 MHz, 0 %, 0 %
2026/09/20 15:55:17.352, 3, 179.89 W, 29, 120 MHz, 3996 MHz, 0 %, 0 %
2026/09/20 15:55:17.352, 4, 181.34 W, 34, 120 MHz, 3996 MHz, 0 %, 0 %
2026/09/20 15:55:17.352, 5, 179.46 W, 32, 120 MHz, 3996 MHz, 0 %, 0 %
2026/09/20 15:55:17.352, 6, 180.13 W, 29, 120 MHz, 3996 MHz, 0 %, 0 %
2026/09/20 15:55:17.352, 7, 182.13 W, 29, 120 MHz, 3996 MHz, 0 %, 0 %
2026/09/20 15:55:18.352, 0, 181.42 W, 35, 120 MHz, 3996 MHz, 0 %, 0 %
2026/09/20 15:55:18.352, 1, 234.24 W, 37, 2032 MHz, 3996 MHz, 0 %, 0 %
2026/09/20 15:55:18.352, 2, 179.47 W, 29, 120 MHz, 3996 MHz, 0 %, 0 %
2026/09/20 15:55:18.352, 3, 179.85 W, 29, 120 MHz, 3996 MHz, 0 %, 0 %
2026/09/20 15:55:18.352, 4, 181.45 W, 34, 120 MHz, 3996 MHz, 0 %, 0 %
2026/09/20 15:55:18.352, 5, 179.46 W, 32, 120 MHz, 3996 MHz, 0 %, 0 %
2026/09/20 15:55:18.353, 6, 180.17 W, 29, 120 MHz, 3996 MHz, 0 %, 0 %
2026/09/20 15:55:18.353, 7, 182.13 W, 29, 120 MHz, 3996 MHz, 0 %, 0 %
2026/09/20 15:55:19.353, 0, 181.42 W, 35, 120 MHz, 3996 MHz, 0 %, 0 %
2026/09/20 15:55:19.353, 1, 234.24 W, 37, 2032 MHz, 3996 MHz, 0 %, 0 %
2026/09/20 15:55:19.353, 2, 179.46 W, 29, 120 MHz, 3996 MHz, 0 %, 0 %
2026/09/20 15:55:19.353, 3, 179.92 W, 29, 120 MHz, 3996 MHz, 0 %, 0 %
2026/09/20 15:55:19.353, 4, 181.49 W, 34, 120 MHz, 3996 MHz, 0 %, 0 %
2026/09/20 15:55:19.353, 5, 179.47 W, 32, 120 MHz, 3996 MHz, 0 %, 0 %
2026/09/20 15:55:19.353, 6, 180.17 W, 29, 120 MHz, 3996 MHz, 0 %, 0 %
2026/09/20 15:55:19.353, 7, 182.13 W, 29, 120 MHz, 3996 MHz, 0 %, 0 %
2026/09/20 15:55:20.353, 0, 181.42 W, 35, 120 MHz, 3996 MHz, 0 %, 0 %
2026/09/20 15:55:20.353, 1, 234.12 W, 37, 2032 MHz, 3996 MHz, 0 %, 0 %
2026/09/20 15:55:20.353, 2, 179.36 W, 29, 120 MHz, 3996 MHz, 0 %, 0 %
2026/09/20 15:55:20.353, 3, 224.38 W, 30, 2032 MHz, 3996 MHz, 0 %, 0 %
2026/09/20 15:55:20.353, 4, 181.34 W, 34, 120 MHz, 3996 MHz, 0 %, 0 %
2026/09/20 15:55:20.353, 5, 179.47 W, 32, 120 MHz, 3996 MHz, 0 %, 0 %
2026/09/20 15:55:20.353, 6, 180.17 W, 29, 120 MHz, 3996 MHz, 0 %, 0 %
2026/09/20 15:55:20.353, 7, 182.13 W, 29, 120 MHz, 3996 MHz, 0 %, 0 %
2026/09/20 15:55:21.353, 0, 181.42 W, 35, 120 MHz, 3996 MHz, 0 %, 0 %
2026/09/20 15:55:21.353, 1, 234.20 W, 37, 2032 MHz, 3996 MHz, 0 %, 0 %
2026/09/20 15:55:21.353, 2, 179.35 W, 29, 120 MHz, 3996 MHz, 0 %, 0 %
2026/09/20 15:55:21.353, 3, 229.91 W, 30, 2032 MHz, 3996 MHz, 0 %, 0 %
2026/09/20 15:55:21.353, 4, 181.38 W, 34, 120 MHz, 3996 MHz, 0 %, 0 %
2026/09/20 15:55:21.353, 5, 179.47 W, 32, 120 MHz, 3996 MHz, 0 %, 0 %
2026/09/20 15:55:21.353, 6, 180.17 W, 29, 120 MHz, 3996 MHz, 0 %, 0 %
2026/09/20 15:55:21.353, 7, 182.13 W, 29, 120 MHz, 3996 MHz, 0 %, 0 %
2026/09/20 15:55:22.353, 0, 181.42 W, 35, 120 MHz, 3996 MHz, 0 %, 0 %
2026/09/20 15:55:22.353, 1, 234.21 W, 37, 2032 MHz, 3996 MHz, 0 %, 0 %
2026/09/20 15:55:22.353, 2, 179.35 W, 29, 120 MHz, 3996 MHz, 0 %, 0 %
2026/09/20 15:55:22.353, 3, 230.05 W, 30, 2032 MHz, 3996 MHz, 0 %, 0 %
2026/09/20 15:55:22.353, 4, 181.56 W, 34, 120 MHz, 3996 MHz, 0 %, 0 %
2026/09/20 15:55:22.353, 5, 179.47 W, 32, 120 MHz, 3996 MHz, 0 %, 0 %
2026/09/20 15:55:22.354, 6, 180.17 W, 29, 120 MHz, 3996 MHz, 0 %, 0 %
2026/09/20 15:55:22.354, 7, 182.13 W, 29, 120 MHz, 3996 MHz, 0 %, 0 %
2026/09/20 15:55:23.354, 0, 181.42 W, 35, 120 MHz, 3996 MHz, 0 %, 0 %
2026/09/20 15:55:23.354, 1, 234.28 W, 37, 2032 MHz, 3996 MHz, 0 %, 0 %
2026/09/20 15:55:23.354, 2, 179.35 W, 29, 120 MHz, 3996 MHz, 0 %, 0 %
2026/09/20 15:55:23.354, 3, 230.04 W, 30, 2032 MHz, 3996 MHz, 0 %, 0 %
2026/09/20 15:55:23.354, 4, 181.30 W, 34, 120 MHz, 3996 MHz, 0 %, 0 %
2026/09/20 15:55:23.354, 5, 179.47 W, 32, 120 MHz, 3996 MHz, 0 %, 0 %
2026/09/20 15:55:23.354, 6, 180.13 W, 29, 120 MHz, 3996 MHz, 0 %, 0 %
2026/09/20 15:55:23.354, 7, 182.13 W, 29, 120 MHz, 3996 MHz, 0 %, 0 %
2026/09/20 15:55:24.354, 0, 181.42 W, 35, 120 MHz, 3996 MHz, 0 %, 0 %
2026/09/20 15:55:24.354, 1, 234.28 W, 37, 2032 MHz, 3996 MHz, 0 %, 0 %
2026/09/20 15:55:24.354, 2, 179.35 W, 29, 120 MHz, 3996 MHz, 0 %, 0 %
2026/09/20 15:55:24.354, 3, 230.00 W, 30, 2032 MHz, 3996 MHz, 0 %, 0 %
2026/09/20 15:55:24.354, 4, 181.30 W, 34, 120 MHz, 3996 MHz, 0 %, 0 %
2026/09/20 15:55:24.354, 5, 179.47 W, 32, 120 MHz, 3996 MHz, 0 %, 0 %
2026/09/20 15:55:24.354, 6, 180.13 W, 29, 120 MHz, 3996 MHz, 0 %, 0 %
2026/09/20 15:55:24.354, 7, 182.13 W, 29, 120 MHz, 3996 MHz, 0 %, 0 %
2026/09/20 15:55:25.354, 0, 181.42 W, 35, 120 MHz, 3996 MHz, 0 %, 0 %
2026/09/20 15:55:25.354, 1, 234.21 W, 37, 2032 MHz, 3996 MHz, 0 %, 0 %
2026/09/20 15:55:25.354, 2, 179.35 W, 29, 120 MHz, 3996 MHz, 0 %, 0 %
2026/09/20 15:55:25.354, 3, 230.18 W, 30, 2032 MHz, 3996 MHz, 0 %, 0 %
2026/09/20 15:55:25.354, 4, 181.41 W, 34, 120 MHz, 3996 MHz, 0 %, 0 %
2026/09/20 15:55:25.354, 5, 179.46 W, 32, 120 MHz, 3996 MHz, 0 %, 0 %
2026/09/20 15:55:25.354, 6, 180.17 W, 29, 120 MHz, 3996 MHz, 0 %, 0 %
2026/09/20 15:55:25.354, 7, 182.13 W, 29, 120 MHz, 3996 MHz, 0 %, 0 %
2026/09/20 15:55:26.354, 0, 210.56 W, 35, 2032 MHz, 3996 MHz, 0 %, 0 %
2026/09/20 15:55:26.355, 1, 234.27 W, 37, 2032 MHz, 3996 MHz, 0 %, 0 %
2026/09/20 15:55:26.355, 2, 179.35 W, 29, 120 MHz, 3996 MHz, 0 %, 0 %
2026/09/20 15:55:26.355, 3, 230.29 W, 30, 2032 MHz, 3996 MHz, 0 %, 0 %
2026/09/20 15:55:26.355, 4, 181.57 W, 34, 120 MHz, 3996 MHz, 0 %, 0 %
2026/09/20 15:55:26.355, 5, 179.47 W, 32, 120 MHz, 3996 MHz, 0 %, 0 %
2026/09/20 15:55:26.355, 6, 180.17 W, 29, 120 MHz, 3996 MHz, 0 %, 0 %
2026/09/20 15:55:26.355, 7, 182.13 W, 29, 120 MHz, 3996 MHz, 0 %, 0 %
2026/09/20 15:55:27.355, 0, 231.97 W, 36, 2032 MHz, 3996 MHz, 0 %, 0 %
2026/09/20 15:55:27.355, 1, 234.32 W, 37, 2032 MHz, 3996 MHz, 0 %, 0 %
2026/09/20 15:55:27.355, 2, 179.35 W, 29, 120 MHz, 3996 MHz, 0 %, 0 %
2026/09/20 15:55:27.355, 3, 230.47 W, 30, 2032 MHz, 3996 MHz, 0 %, 0 %
2026/09/20 15:55:27.355, 4, 181.34 W, 34, 120 MHz, 3996 MHz, 0 %, 0 %
2026/09/20 15:55:27.355, 5, 179.46 W, 32, 120 MHz, 3996 MHz, 0 %, 0 %
2026/09/20 15:55:27.355, 6, 180.17 W, 29, 120 MHz, 3996 MHz, 0 %, 0 %
2026/09/20 15:55:27.355, 7, 182.13 W, 29, 120 MHz, 3996 MHz, 0 %, 0 %
2026/09/20 15:55:28.355, 0, 231.97 W, 36, 2032 MHz, 3996 MHz, 0 %, 0 %
2026/09/20 15:55:28.355, 1, 234.47 W, 37, 2032 MHz, 3996 MHz, 0 %, 0 %
2026/09/20 15:55:28.355, 2, 194.85 W, 30, 2032 MHz, 3996 MHz, 0 %, 0 %
2026/09/20 15:55:28.355, 3, 230.69 W, 30, 2032 MHz, 3996 MHz, 0 %, 0 %
2026/09/20 15:55:28.355, 4, 181.38 W, 34, 120 MHz, 3996 MHz, 0 %, 0 %
2026/09/20 15:55:28.355, 5, 179.46 W, 32, 120 MHz, 3996 MHz, 0 %, 0 %
2026/09/20 15:55:28.355, 6, 180.17 W, 29, 120 MHz, 3996 MHz, 0 %, 0 %
2026/09/20 15:55:28.355, 7, 182.13 W, 29, 120 MHz, 3996 MHz, 0 %, 0 %
2026/09/20 15:55:29.355, 0, 231.98 W, 36, 2032 MHz, 3996 MHz, 0 %, 0 %
2026/09/20 15:55:29.355, 1, 234.31 W, 37, 2032 MHz, 3996 MHz, 0 %, 0 %
2026/09/20 15:55:29.355, 2, 225.99 W, 30, 2032 MHz, 3996 MHz, 0 %, 0 %
2026/09/20 15:55:29.356, 3, 230.92 W, 30, 2032 MHz, 3996 MHz, 0 %, 0 %
2026/09/20 15:55:29.356, 4, 181.49 W, 34, 120 MHz, 3996 MHz, 0 %, 0 %
2026/09/20 15:55:29.356, 5, 179.47 W, 32, 120 MHz, 3996 MHz, 0 %, 0 %
2026/09/20 15:55:29.356, 6, 180.17 W, 29, 120 MHz, 3996 MHz, 0 %, 0 %
2026/09/20 15:55:29.356, 7, 182.13 W, 29, 120 MHz, 3996 MHz, 0 %, 0 %
2026/09/20 15:55:30.356, 0, 231.96 W, 36, 2032 MHz, 3996 MHz, 0 %, 0 %
2026/09/20 15:55:30.356, 1, 233.97 W, 37, 2032 MHz, 3996 MHz, 0 %, 0 %
2026/09/20 15:55:30.356, 2, 225.98 W, 31, 2032 MHz, 3996 MHz, 0 %, 0 %
2026/09/20 15:55:30.356, 3, 230.74 W, 30, 2032 MHz, 3996 MHz, 0 %, 0 %
2026/09/20 15:55:30.356, 4, 181.45 W, 34, 120 MHz, 3996 MHz, 0 %, 0 %
2026/09/20 15:55:30.356, 5, 179.46 W, 32, 120 MHz, 3996 MHz, 0 %, 0 %
2026/09/20 15:55:30.356, 6, 180.17 W, 29, 120 MHz, 3996 MHz, 0 %, 0 %
2026/09/20 15:55:30.356, 7, 182.13 W, 29, 120 MHz, 3996 MHz, 0 %, 0 %
2026/09/20 15:55:31.356, 0, 231.95 W, 36, 2032 MHz, 3996 MHz, 0 %, 0 %
2026/09/20 15:55:31.356, 1, 235.34 W, 37, 2032 MHz, 3996 MHz, 0 %, 0 %
2026/09/20 15:55:31.356, 2, 225.98 W, 31, 2032 MHz, 3996 MHz, 0 %, 0 %
2026/09/20 15:55:31.356, 3, 231.11 W, 30, 2032 MHz, 3996 MHz, 0 %, 0 %
2026/09/20 15:55:31.356, 4, 181.49 W, 34, 120 MHz, 3996 MHz, 0 %, 0 %
2026/09/20 15:55:31.356, 5, 179.47 W, 32, 120 MHz, 3996 MHz, 0 %, 0 %
2026/09/20 15:55:31.356, 6, 180.17 W, 29, 120 MHz, 3996 MHz, 0 %, 0 %
2026/09/20 15:55:31.356, 7, 182.13 W, 29, 120 MHz, 3996 MHz, 0 %, 0 %
2026/09/20 15:55:32.356, 0, 232.04 W, 36, 2032 MHz, 3996 MHz, 0 %, 0 %
2026/09/20 15:55:32.356, 1, 235.23 W, 37, 2032 MHz, 3996 MHz, 0 %, 0 %
2026/09/20 15:55:32.356, 2, 226.02 W, 31, 2032 MHz, 3996 MHz, 0 %, 0 %
2026/09/20 15:55:32.356, 3, 230.99 W, 30, 2032 MHz, 3996 MHz, 0 %, 0 %
2026/09/20 15:55:32.356, 4, 181.65 W, 34, 120 MHz, 3996 MHz, 0 %, 0 %
2026/09/20 15:55:32.356, 5, 179.47 W, 32, 120 MHz, 3996 MHz, 0 %, 0 %
2026/09/20 15:55:32.356, 6, 180.17 W, 29, 120 MHz, 3996 MHz, 0 %, 0 %
2026/09/20 15:55:32.356, 7, 182.13 W, 29, 120 MHz, 3996 MHz, 0 %, 0 %
2026/09/20 15:55:33.357, 0, 231.93 W, 36, 2032 MHz, 3996 MHz, 0 %, 0 %
2026/09/20 15:55:33.357, 1, 234.05 W, 37, 2032 MHz, 3996 MHz, 0 %, 0 %
2026/09/20 15:55:33.357, 2, 225.98 W, 31, 2032 MHz, 3996 MHz, 0 %, 0 %
2026/09/20 15:55:33.357, 3, 229.88 W, 31, 2032 MHz, 3996 MHz, 0 %, 0 %
2026/09/20 15:55:33.357, 4, 181.45 W, 34, 120 MHz, 3996 MHz, 0 %, 0 %
2026/09/20 15:55:33.357, 5, 179.47 W, 32, 120 MHz, 3996 MHz, 0 %, 0 %
2026/09/20 15:55:33.357, 6, 180.17 W, 29, 120 MHz, 3996 MHz, 0 %, 0 %
2026/09/20 15:55:33.357, 7, 182.13 W, 29, 120 MHz, 3996 MHz, 0 %, 0 %
2026/09/20 15:55:34.357, 0, 231.95 W, 36, 2032 MHz, 3996 MHz, 0 %, 0 %
2026/09/20 15:55:34.357, 1, 234.40 W, 37, 2032 MHz, 3996 MHz, 0 %, 0 %
2026/09/20 15:55:34.357, 2, 225.98 W, 31, 2032 MHz, 3996 MHz, 0 %, 0 %
2026/09/20 15:55:34.357, 3, 229.93 W, 31, 2032 MHz, 3996 MHz, 0 %, 0 %
2026/09/20 15:55:34.357, 4, 181.57 W, 34, 120 MHz, 3996 MHz, 0 %, 0 %
2026/09/20 15:55:34.357, 5, 179.47 W, 32, 120 MHz, 3996 MHz, 0 %, 0 %
2026/09/20 15:55:34.357, 6, 180.13 W, 29, 120 MHz, 3996 MHz, 0 %, 0 %
2026/09/20 15:55:34.357, 7, 182.13 W, 29, 120 MHz, 3996 MHz, 0 %, 0 %
2026/09/20 15:55:35.357, 0, 231.95 W, 36, 2032 MHz, 3996 MHz, 0 %, 0 %
2026/09/20 15:55:35.357, 1, 234.43 W, 37, 2032 MHz, 3996 MHz, 7 %, 0 %
2026/09/20 15:55:35.357, 2, 225.97 W, 31, 2032 MHz, 3996 MHz, 0 %, 0 %
2026/09/20 15:55:35.357, 3, 230.10 W, 31, 2032 MHz, 3996 MHz, 0 %, 0 %
2026/09/20 15:55:35.357, 4, 181.34 W, 34, 120 MHz, 3996 MHz, 0 %, 0 %
2026/09/20 15:55:35.357, 5, 179.46 W, 32, 120 MHz, 3996 MHz, 0 %, 0 %
2026/09/20 15:55:35.357, 6, 180.17 W, 29, 120 MHz, 3996 MHz, 0 %, 0 %
2026/09/20 15:55:35.357, 7, 182.13 W, 29, 120 MHz, 3996 MHz, 0 %, 0 %
2026/09/20 15:55:36.357, 0, 231.87 W, 36, 2032 MHz, 3996 MHz, 0 %, 0 %
2026/09/20 15:55:36.357, 1, 242.79 W, 38, 2032 MHz, 3996 MHz, 5 %, 1 %
2026/09/20 15:55:36.357, 2, 225.99 W, 31, 2032 MHz, 3996 MHz, 0 %, 0 %
2026/09/20 15:55:36.357, 3, 229.81 W, 31, 2032 MHz, 3996 MHz, 0 %, 0 %
2026/09/20 15:55:36.358, 4, 181.64 W, 34, 120 MHz, 3996 MHz, 0 %, 0 %
2026/09/20 15:55:36.358, 5, 179.47 W, 32, 120 MHz, 3996 MHz, 0 %, 0 %
2026/09/20 15:55:36.358, 6, 180.17 W, 29, 120 MHz, 3996 MHz, 0 %, 0 %
2026/09/20 15:55:36.358, 7, 182.13 W, 29, 120 MHz, 3996 MHz, 0 %, 0 %
2026/09/20 15:55:37.358, 0, 231.88 W, 36, 2032 MHz, 3996 MHz, 0 %, 0 %
2026/09/20 15:55:37.358, 1, 241.29 W, 37, 2032 MHz, 3996 MHz, 0 %, 0 %
2026/09/20 15:55:37.358, 2, 225.99 W, 31, 2032 MHz, 3996 MHz, 0 %, 0 %
2026/09/20 15:55:37.358, 3, 229.89 W, 31, 2032 MHz, 3996 MHz, 0 %, 0 %
2026/09/20 15:55:37.358, 4, 181.46 W, 34, 120 MHz, 3996 MHz, 0 %, 0 %
2026/09/20 15:55:37.358, 5, 179.46 W, 32, 120 MHz, 3996 MHz, 0 %, 0 %
2026/09/20 15:55:37.358, 6, 180.17 W, 29, 120 MHz, 3996 MHz, 0 %, 0 %
2026/09/20 15:55:37.358, 7, 182.13 W, 29, 120 MHz, 3996 MHz, 0 %, 0 %
2026/09/20 15:55:38.358, 0, 231.95 W, 36, 2032 MHz, 3996 MHz, 0 %, 0 %
2026/09/20 15:55:38.358, 1, 235.84 W, 37, 2032 MHz, 3996 MHz, 13 %, 0 %
2026/09/20 15:55:38.358, 2, 225.97 W, 31, 2032 MHz, 3996 MHz, 0 %, 0 %
2026/09/20 15:55:38.358, 3, 230.66 W, 31, 2032 MHz, 3996 MHz, 3 %, 0 %
2026/09/20 15:55:38.358, 4, 181.49 W, 34, 120 MHz, 3996 MHz, 0 %, 0 %
2026/09/20 15:55:38.358, 5, 179.47 W, 32, 120 MHz, 3996 MHz, 0 %, 0 %
2026/09/20 15:55:38.358, 6, 180.13 W, 29, 120 MHz, 3996 MHz, 0 %, 0 %
2026/09/20 15:55:38.358, 7, 182.13 W, 29, 120 MHz, 3996 MHz, 0 %, 0 %
2026/09/20 15:55:39.358, 0, 240.44 W, 36, 2032 MHz, 3996 MHz, 2 %, 0 %
2026/09/20 15:55:39.358, 1, 235.92 W, 37, 2032 MHz, 3996 MHz, 0 %, 0 %
2026/09/20 15:55:39.358, 2, 231.87 W, 31, 2032 MHz, 3996 MHz, 2 %, 0 %
2026/09/20 15:55:39.358, 3, 239.14 W, 31, 2032 MHz, 3996 MHz, 4 %, 1 %
2026/09/20 15:55:39.358, 4, 181.53 W, 34, 120 MHz, 3996 MHz, 0 %, 0 %
2026/09/20 15:55:39.358, 5, 179.47 W, 32, 120 MHz, 3996 MHz, 0 %, 0 %
2026/09/20 15:55:39.358, 6, 180.17 W, 29, 120 MHz, 3996 MHz, 0 %, 0 %
2026/09/20 15:55:39.358, 7, 182.13 W, 29, 120 MHz, 3996 MHz, 0 %, 0 %
2026/09/20 15:55:40.359, 0, 236.90 W, 36, 2032 MHz, 3996 MHz, 1 %, 0 %
2026/09/20 15:55:40.359, 1, 235.88 W, 37, 2032 MHz, 3996 MHz, 2 %, 0 %
2026/09/20 15:55:40.359, 2, 231.05 W, 31, 2032 MHz, 3996 MHz, 1 %, 0 %
2026/09/20 15:55:40.359, 3, 236.78 W, 31, 2032 MHz, 3996 MHz, 0 %, 0 %
2026/09/20 15:55:40.359, 4, 181.53 W, 34, 120 MHz, 3996 MHz, 0 %, 0 %
2026/09/20 15:55:40.359, 5, 179.47 W, 32, 120 MHz, 3996 MHz, 0 %, 0 %
2026/09/20 15:55:40.359, 6, 180.17 W, 29, 120 MHz, 3996 MHz, 0 %, 0 %
2026/09/20 15:55:40.359, 7, 182.13 W, 29, 120 MHz, 3996 MHz, 0 %, 0 %
2026/09/20 15:55:41.359, 0, 234.12 W, 36, 2032 MHz, 3996 MHz, 0 %, 0 %
2026/09/20 15:55:41.359, 1, 235.88 W, 37, 2032 MHz, 3996 MHz, 0 %, 0 %
2026/09/20 15:55:41.359, 2, 228.55 W, 31, 2032 MHz, 3996 MHz, 0 %, 0 %
2026/09/20 15:55:41.359, 3, 229.86 W, 31, 2032 MHz, 3996 MHz, 0 %, 0 %
2026/09/20 15:55:41.359, 4, 181.49 W, 34, 120 MHz, 3996 MHz, 0 %, 0 %
2026/09/20 15:55:41.359, 5, 179.47 W, 32, 120 MHz, 3996 MHz, 0 %, 0 %
2026/09/20 15:55:41.359, 6, 180.13 W, 29, 120 MHz, 3996 MHz, 0 %, 0 %
2026/09/20 15:55:41.359, 7, 182.13 W, 29, 120 MHz, 3996 MHz, 0 %, 0 %
2026/09/20 15:55:42.359, 0, 232.06 W, 36, 2032 MHz, 3996 MHz, 0 %, 0 %
2026/09/20 15:55:42.359, 1, 235.88 W, 37, 2032 MHz, 3996 MHz, 6 %, 0 %
2026/09/20 15:55:42.359, 2, 225.95 W, 31, 2032 MHz, 3996 MHz, 0 %, 0 %
2026/09/20 15:55:42.359, 3, 231.28 W, 31, 2032 MHz, 3996 MHz, 12 %, 0 %
2026/09/20 15:55:42.359, 4, 181.41 W, 34, 120 MHz, 3996 MHz, 0 %, 0 %
2026/09/20 15:55:42.359, 5, 179.46 W, 32, 120 MHz, 3996 MHz, 0 %, 0 %
2026/09/20 15:55:42.359, 6, 180.17 W, 29, 120 MHz, 3996 MHz, 0 %, 0 %
2026/09/20 15:55:42.359, 7, 182.13 W, 29, 120 MHz, 3996 MHz, 0 %, 0 %
2026/09/20 15:55:43.359, 0, 233.61 W, 36, 2032 MHz, 3996 MHz, 11 %, 0 %
2026/09/20 15:55:43.359, 1, 235.88 W, 37, 2032 MHz, 3996 MHz, 5 %, 0 %
2026/09/20 15:55:43.359, 2, 227.29 W, 31, 2032 MHz, 3996 MHz, 12 %, 0 %
2026/09/20 15:55:43.359, 3, 230.29 W, 31, 2032 MHz, 3996 MHz, 0 %, 0 %
2026/09/20 15:55:43.359, 4, 181.69 W, 34, 120 MHz, 3996 MHz, 0 %, 0 %
2026/09/20 15:55:43.359, 5, 179.47 W, 32, 120 MHz, 3996 MHz, 0 %, 0 %
2026/09/20 15:55:43.360, 6, 180.17 W, 29, 120 MHz, 3996 MHz, 0 %, 0 %
2026/09/20 15:55:43.360, 7, 182.13 W, 29, 120 MHz, 3996 MHz, 0 %, 0 %
2026/09/20 15:55:44.360, 0, 232.21 W, 36, 2032 MHz, 3996 MHz, 2 %, 0 %
2026/09/20 15:55:44.360, 1, 235.88 W, 37, 2032 MHz, 3996 MHz, 0 %, 0 %
2026/09/20 15:55:44.360, 2, 226.33 W, 31, 2032 MHz, 3996 MHz, 1 %, 0 %
2026/09/20 15:55:44.360, 3, 230.70 W, 31, 2032 MHz, 3996 MHz, 1 %, 0 %
2026/09/20 15:55:44.360, 4, 181.76 W, 34, 120 MHz, 3996 MHz, 0 %, 0 %
2026/09/20 15:55:44.360, 5, 179.47 W, 32, 120 MHz, 3996 MHz, 0 %, 0 %
2026/09/20 15:55:44.360, 6, 180.17 W, 29, 120 MHz, 3996 MHz, 0 %, 0 %
2026/09/20 15:55:44.360, 7, 182.13 W, 29, 120 MHz, 3996 MHz, 0 %, 0 %
2026/09/20 15:55:45.360, 0, 232.37 W, 36, 2032 MHz, 3996 MHz, 0 %, 0 %
2026/09/20 15:55:45.360, 1, 235.88 W, 37, 2032 MHz, 3996 MHz, 12 %, 0 %
2026/09/20 15:55:45.360, 2, 226.27 W, 31, 2032 MHz, 3996 MHz, 0 %, 0 %
2026/09/20 15:55:45.360, 3, 230.41 W, 31, 2032 MHz, 3996 MHz, 0 %, 0 %
2026/09/20 15:55:45.360, 4, 181.73 W, 34, 120 MHz, 3996 MHz, 0 %, 0 %
2026/09/20 15:55:45.360, 5, 179.46 W, 32, 120 MHz, 3996 MHz, 0 %, 0 %
2026/09/20 15:55:45.360, 6, 180.17 W, 29, 120 MHz, 3996 MHz, 0 %, 0 %
2026/09/20 15:55:45.360, 7, 182.13 W, 29, 120 MHz, 3996 MHz, 0 %, 0 %
2026/09/20 15:55:46.360, 0, 232.20 W, 36, 2032 MHz, 3996 MHz, 5 %, 0 %
2026/09/20 15:55:46.360, 1, 235.88 W, 37, 2032 MHz, 3996 MHz, 6 %, 0 %
2026/09/20 15:55:46.360, 2, 226.10 W, 31, 2032 MHz, 3996 MHz, 1 %, 0 %
2026/09/20 15:55:46.360, 3, 230.34 W, 31, 2032 MHz, 3996 MHz, 3 %, 0 %
2026/09/20 15:55:46.360, 4, 181.77 W, 34, 120 MHz, 3996 MHz, 0 %, 0 %
2026/09/20 15:55:46.360, 5, 179.47 W, 32, 120 MHz, 3996 MHz, 0 %, 0 %
2026/09/20 15:55:46.360, 6, 180.17 W, 29, 120 MHz, 3996 MHz, 0 %, 0 %
2026/09/20 15:55:46.360, 7, 182.13 W, 29, 120 MHz, 3996 MHz, 0 %, 0 %
2026/09/20 15:55:47.361, 0, 232.08 W, 36, 2032 MHz, 3996 MHz, 0 %, 0 %
2026/09/20 15:55:47.361, 1, 235.96 W, 37, 2032 MHz, 3996 MHz, 11 %, 0 %
2026/09/20 15:55:47.361, 2, 226.24 W, 31, 2032 MHz, 3996 MHz, 0 %, 0 %
2026/09/20 15:55:47.361, 3, 230.35 W, 31, 2032 MHz, 3996 MHz, 0 %, 0 %
2026/09/20 15:55:47.361, 4, 181.98 W, 34, 120 MHz, 3996 MHz, 0 %, 0 %
2026/09/20 15:55:47.361, 5, 179.47 W, 32, 120 MHz, 3996 MHz, 0 %, 0 %
2026/09/20 15:55:47.361, 6, 180.17 W, 29, 120 MHz, 3996 MHz, 0 %, 0 %
2026/09/20 15:55:47.361, 7, 182.13 W, 29, 120 MHz, 3996 MHz, 0 %, 0 %
2026/09/20 15:55:48.361, 0, 233.19 W, 36, 2032 MHz, 3996 MHz, 12 %, 0 %
2026/09/20 15:55:48.361, 1, 235.88 W, 37, 2032 MHz, 3996 MHz, 2 %, 0 %
2026/09/20 15:55:48.361, 2, 226.53 W, 31, 2032 MHz, 3996 MHz, 0 %, 0 %
2026/09/20 15:55:48.361, 3, 230.43 W, 31, 2032 MHz, 3996 MHz, 6 %, 0 %
2026/09/20 15:55:48.361, 4, 181.72 W, 34, 120 MHz, 3996 MHz, 0 %, 0 %
2026/09/20 15:55:48.361, 5, 179.47 W, 32, 120 MHz, 3996 MHz, 0 %, 0 %
2026/09/20 15:55:48.361, 6, 180.17 W, 29, 120 MHz, 3996 MHz, 0 %, 0 %
2026/09/20 15:55:48.361, 7, 182.13 W, 29, 120 MHz, 3996 MHz, 0 %, 0 %
2026/09/20 15:55:49.361, 0, 232.60 W, 36, 2032 MHz, 3996 MHz, 10 %, 0 %
2026/09/20 15:55:49.361, 1, 235.88 W, 37, 2032 MHz, 3996 MHz, 0 %, 0 %
2026/09/20 15:55:49.361, 2, 226.09 W, 31, 2032 MHz, 3996 MHz, 0 %, 0 %
2026/09/20 15:55:49.361, 3, 231.14 W, 31, 2032 MHz, 3996 MHz, 6 %, 0 %
2026/09/20 15:55:49.361, 4, 181.65 W, 34, 120 MHz, 3996 MHz, 0 %, 0 %
2026/09/20 15:55:49.361, 5, 179.46 W, 32, 120 MHz, 3996 MHz, 0 %, 0 %
2026/09/20 15:55:49.361, 6, 180.17 W, 29, 120 MHz, 3996 MHz, 0 %, 0 %
2026/09/20 15:55:49.361, 7, 182.13 W, 29, 120 MHz, 3996 MHz, 0 %, 0 %
2026/09/20 15:55:50.361, 0, 232.92 W, 36, 2032 MHz, 3996 MHz, 1 %, 0 %
2026/09/20 15:55:50.362, 1, 235.88 W, 37, 2032 MHz, 3996 MHz, 10 %, 0 %
2026/09/20 15:55:50.362, 2, 227.25 W, 31, 2032 MHz, 3996 MHz, 11 %, 0 %
2026/09/20 15:55:50.362, 3, 231.13 W, 31, 2032 MHz, 3996 MHz, 3 %, 0 %
2026/09/20 15:55:50.362, 4, 181.72 W, 34, 120 MHz, 3996 MHz, 0 %, 0 %
2026/09/20 15:55:50.362, 5, 179.47 W, 32, 120 MHz, 3996 MHz, 0 %, 0 %
2026/09/20 15:55:50.362, 6, 180.17 W, 29, 120 MHz, 3996 MHz, 0 %, 0 %
2026/09/20 15:55:50.362, 7, 182.13 W, 29, 120 MHz, 3996 MHz, 0 %, 0 %
2026/09/20 15:55:51.362, 0, 233.04 W, 36, 2032 MHz, 3996 MHz, 11 %, 0 %
2026/09/20 15:55:51.362, 1, 235.88 W, 37, 2032 MHz, 3996 MHz, 2 %, 0 %
2026/09/20 15:55:51.362, 2, 227.16 W, 31, 2032 MHz, 3996 MHz, 2 %, 0 %
2026/09/20 15:55:51.362, 3, 230.96 W, 31, 2032 MHz, 3996 MHz, 5 %, 0 %
2026/09/20 15:55:51.362, 4, 181.99 W, 34, 120 MHz, 3996 MHz, 0 %, 0 %
2026/09/20 15:55:51.362, 5, 179.47 W, 32, 120 MHz, 3996 MHz, 0 %, 0 %
2026/09/20 15:55:51.362, 6, 180.17 W, 29, 120 MHz, 3996 MHz, 0 %, 0 %
2026/09/20 15:55:51.362, 7, 182.13 W, 29, 120 MHz, 3996 MHz, 0 %, 0 %
2026/09/20 15:55:52.362, 0, 232.56 W, 36, 2032 MHz, 3996 MHz, 2 %, 0 %
2026/09/20 15:55:52.362, 1, 235.88 W, 38, 2032 MHz, 3996 MHz, 2 %, 0 %
2026/09/20 15:55:52.362, 2, 226.65 W, 31, 2032 MHz, 3996 MHz, 4 %, 0 %
2026/09/20 15:55:52.362, 3, 231.23 W, 31, 2032 MHz, 3996 MHz, 1 %, 0 %
2026/09/20 15:55:52.362, 4, 181.80 W, 34, 120 MHz, 3996 MHz, 0 %, 0 %
2026/09/20 15:55:52.362, 5, 179.47 W, 32, 120 MHz, 3996 MHz, 0 %, 0 %
2026/09/20 15:55:52.362, 6, 180.17 W, 29, 120 MHz, 3996 MHz, 0 %, 0 %
2026/09/20 15:55:52.362, 7, 182.13 W, 29, 120 MHz, 3996 MHz, 0 %, 0 %
2026/09/20 15:55:53.362, 0, 231.98 W, 36, 2032 MHz, 3996 MHz, 0 %, 0 %
2026/09/20 15:55:53.362, 1, 235.96 W, 38, 2032 MHz, 3996 MHz, 1 %, 0 %
2026/09/20 15:55:53.362, 2, 226.64 W, 31, 2032 MHz, 3996 MHz, 2 %, 0 %
2026/09/20 15:55:53.362, 3, 230.54 W, 31, 2032 MHz, 3996 MHz, 8 %, 0 %
2026/09/20 15:55:53.362, 4, 181.64 W, 34, 120 MHz, 3996 MHz, 0 %, 0 %
2026/09/20 15:55:53.363, 5, 179.47 W, 32, 120 MHz, 3996 MHz, 0 %, 0 %
2026/09/20 15:55:53.363, 6, 180.17 W, 29, 120 MHz, 3996 MHz, 0 %, 0 %
2026/09/20 15:55:53.363, 7, 182.13 W, 29, 120 MHz, 3996 MHz, 0 %, 0 %
2026/09/20 15:55:54.363, 0, 232.34 W, 36, 2032 MHz, 3996 MHz, 3 %, 0 %
2026/09/20 15:55:54.363, 1, 235.88 W, 38, 2032 MHz, 3996 MHz, 2 %, 0 %
2026/09/20 15:55:54.363, 2, 226.10 W, 31, 2032 MHz, 3996 MHz, 5 %, 0 %
2026/09/20 15:55:54.363, 3, 230.49 W, 31, 2032 MHz, 3996 MHz, 2 %, 0 %
2026/09/20 15:55:54.363, 4, 181.73 W, 34, 120 MHz, 3996 MHz, 0 %, 0 %
2026/09/20 15:55:54.363, 5, 179.47 W, 32, 120 MHz, 3996 MHz, 0 %, 0 %
2026/09/20 15:55:54.363, 6, 180.17 W, 29, 120 MHz, 3996 MHz, 0 %, 0 %
2026/09/20 15:55:54.363, 7, 182.13 W, 29, 120 MHz, 3996 MHz, 0 %, 0 %
2026/09/20 15:55:55.363, 0, 232.34 W, 36, 2032 MHz, 3996 MHz, 3 %, 0 %
2026/09/20 15:55:55.363, 1, 235.92 W, 38, 2032 MHz, 3996 MHz, 9 %, 0 %
2026/09/20 15:55:55.363, 2, 226.29 W, 31, 2032 MHz, 3996 MHz, 0 %, 0 %
2026/09/20 15:55:55.363, 3, 230.52 W, 31, 2032 MHz, 3996 MHz, 8 %, 0 %
2026/09/20 15:55:55.363, 4, 181.83 W, 34, 120 MHz, 3996 MHz, 0 %, 0 %
2026/09/20 15:55:55.363, 5, 179.46 W, 32, 120 MHz, 3996 MHz, 0 %, 0 %
2026/09/20 15:55:55.363, 6, 180.13 W, 29, 120 MHz, 3996 MHz, 0 %, 0 %
2026/09/20 15:55:55.363, 7, 182.13 W, 29, 120 MHz, 3996 MHz, 0 %, 0 %
2026/09/20 15:55:56.363, 0, 233.16 W, 36, 2032 MHz, 3996 MHz, 5 %, 0 %
2026/09/20 15:55:56.363, 1, 235.92 W, 38, 2032 MHz, 3996 MHz, 12 %, 0 %
2026/09/20 15:55:56.363, 2, 226.56 W, 31, 2032 MHz, 3996 MHz, 3 %, 0 %
2026/09/20 15:55:56.363, 3, 230.58 W, 31, 2032 MHz, 3996 MHz, 0 %, 0 %
2026/09/20 15:55:56.363, 4, 181.76 W, 34, 120 MHz, 3996 MHz, 0 %, 0 %
2026/09/20 15:55:56.363, 5, 179.47 W, 32, 120 MHz, 3996 MHz, 0 %, 0 %
2026/09/20 15:55:56.363, 6, 180.17 W, 29, 120 MHz, 3996 MHz, 0 %, 0 %
2026/09/20 15:55:56.363, 7, 182.13 W, 29, 120 MHz, 3996 MHz, 0 %, 0 %
2026/09/20 15:55:57.364, 0, 233.04 W, 36, 2032 MHz, 3996 MHz, 12 %, 0 %
2026/09/20 15:55:57.364, 1, 235.88 W, 38, 2032 MHz, 3996 MHz, 3 %, 0 %
2026/09/20 15:55:57.364, 2, 226.91 W, 31, 2032 MHz, 3996 MHz, 9 %, 0 %
2026/09/20 15:55:57.364, 3, 231.02 W, 31, 2032 MHz, 3996 MHz, 5 %, 0 %
2026/09/20 15:55:57.364, 4, 181.68 W, 34, 120 MHz, 3996 MHz, 0 %, 0 %
2026/09/20 15:55:57.364, 5, 179.47 W, 32, 120 MHz, 3996 MHz, 0 %, 0 %
2026/09/20 15:55:57.364, 6, 180.17 W, 29, 120 MHz, 3996 MHz, 0 %, 0 %
2026/09/20 15:55:57.364, 7, 182.13 W, 29, 120 MHz, 3996 MHz, 0 %, 0 %
2026/09/20 15:55:58.364, 0, 232.64 W, 36, 2032 MHz, 3996 MHz, 0 %, 0 %
2026/09/20 15:55:58.364, 1, 235.88 W, 38, 2032 MHz, 3996 MHz, 0 %, 0 %
2026/09/20 15:55:58.364, 2, 226.89 W, 31, 2032 MHz, 3996 MHz, 0 %, 0 %
2026/09/20 15:55:58.364, 3, 231.20 W, 31, 2032 MHz, 3996 MHz, 8 %, 0 %
2026/09/20 15:55:58.364, 4, 182.04 W, 34, 120 MHz, 3996 MHz, 0 %, 0 %
2026/09/20 15:55:58.364, 5, 179.47 W, 32, 120 MHz, 3996 MHz, 0 %, 0 %
2026/09/20 15:55:58.364, 6, 180.17 W, 29, 120 MHz, 3996 MHz, 0 %, 0 %
2026/09/20 15:55:58.364, 7, 182.13 W, 29, 120 MHz, 3996 MHz, 0 %, 0 %
2026/09/20 15:55:59.364, 0, 232.75 W, 36, 2032 MHz, 3996 MHz, 9 %, 0 %
2026/09/20 15:55:59.364, 1, 235.88 W, 38, 2032 MHz, 3996 MHz, 0 %, 0 %
2026/09/20 15:55:59.364, 2, 226.48 W, 31, 2032 MHz, 3996 MHz, 7 %, 0 %
2026/09/20 15:55:59.364, 3, 231.10 W, 31, 2032 MHz, 3996 MHz, 12 %, 0 %
2026/09/20 15:55:59.364, 4, 181.65 W, 34, 120 MHz, 3996 MHz, 0 %, 0 %
2026/09/20 15:55:59.364, 5, 179.47 W, 32, 120 MHz, 3996 MHz, 0 %, 0 %
2026/09/20 15:55:59.364, 6, 180.17 W, 29, 120 MHz, 3996 MHz, 0 %, 0 %
2026/09/20 15:55:59.364, 7, 182.13 W, 29, 120 MHz, 3996 MHz, 0 %, 0 %
2026/09/20 15:56:00.364, 0, 232.75 W, 36, 2032 MHz, 3996 MHz, 10 %, 0 %
2026/09/20 15:56:00.364, 1, 235.88 W, 38, 2032 MHz, 3996 MHz, 4 %, 0 %
2026/09/20 15:56:00.364, 2, 227.01 W, 31, 2032 MHz, 3996 MHz, 12 %, 0 %
2026/09/20 15:56:00.364, 3, 230.59 W, 31, 2032 MHz, 3996 MHz, 1 %, 0 %
2026/09/20 15:56:00.364, 4, 182.04 W, 35, 120 MHz, 3996 MHz, 0 %, 0 %
2026/09/20 15:56:00.365, 5, 179.47 W, 32, 120 MHz, 3996 MHz, 0 %, 0 %
2026/09/20 15:56:00.365, 6, 180.17 W, 29, 120 MHz, 3996 MHz, 0 %, 0 %
2026/09/20 15:56:00.365, 7, 182.13 W, 29, 120 MHz, 3996 MHz, 0 %, 0 %
2026/09/20 15:56:01.365, 0, 232.62 W, 36, 2032 MHz, 3996 MHz, 4 %, 0 %
2026/09/20 15:56:01.365, 1, 235.92 W, 38, 2032 MHz, 3996 MHz, 0 %, 0 %
2026/09/20 15:56:01.365, 2, 226.64 W, 31, 2032 MHz, 3996 MHz, 3 %, 0 %
2026/09/20 15:56:01.365, 3, 230.89 W, 31, 2032 MHz, 3996 MHz, 2 %, 0 %
2026/09/20 15:56:01.365, 4, 181.84 W, 34, 120 MHz, 3996 MHz, 0 %, 0 %
2026/09/20 15:56:01.365, 5, 179.47 W, 32, 120 MHz, 3996 MHz, 0 %, 0 %
2026/09/20 15:56:01.365, 6, 180.17 W, 29, 120 MHz, 3996 MHz, 0 %, 0 %
2026/09/20 15:56:01.365, 7, 182.13 W, 29, 120 MHz, 3996 MHz, 0 %, 0 %
2026/09/20 15:56:02.365, 0, 232.13 W, 36, 2032 MHz, 3996 MHz, 0 %, 0 %
2026/09/20 15:56:02.365, 1, 235.88 W, 38, 2032 MHz, 3996 MHz, 12 %, 0 %
2026/09/20 15:56:02.365, 2, 226.37 W, 31, 2032 MHz, 3996 MHz, 5 %, 0 %
2026/09/20 15:56:02.365, 3, 230.52 W, 31, 2032 MHz, 3996 MHz, 0 %, 0 %
2026/09/20 15:56:02.365, 4, 182.12 W, 35, 120 MHz, 3996 MHz, 0 %, 0 %
2026/09/20 15:56:02.365, 5, 179.47 W, 32, 120 MHz, 3996 MHz, 0 %, 0 %
2026/09/20 15:56:02.365, 6, 180.17 W, 29, 120 MHz, 3996 MHz, 0 %, 0 %
2026/09/20 15:56:02.365, 7, 182.13 W, 29, 120 MHz, 3996 MHz, 0 %, 0 %
2026/09/20 15:56:03.365, 0, 232.49 W, 36, 2032 MHz, 3996 MHz, 0 %, 0 %
2026/09/20 15:56:03.365, 1, 235.88 W, 38, 2032 MHz, 3996 MHz, 12 %, 0 %
2026/09/20 15:56:03.365, 2, 226.35 W, 31, 2032 MHz, 3996 MHz, 1 %, 0 %
2026/09/20 15:56:03.365, 3, 230.70 W, 31, 2032 MHz, 3996 MHz, 1 %, 0 %
2026/09/20 15:56:03.365, 4, 181.85 W, 35, 120 MHz, 3996 MHz, 0 %, 0 %
2026/09/20 15:56:03.365, 5, 179.47 W, 32, 120 MHz, 3996 MHz, 0 %, 0 %
2026/09/20 15:56:03.365, 6, 180.17 W, 29, 120 MHz, 3996 MHz, 0 %, 0 %
2026/09/20 15:56:03.365, 7, 182.13 W, 29, 120 MHz, 3996 MHz, 0 %, 0 %
2026/09/20 15:56:04.366, 0, 232.43 W, 36, 2032 MHz, 3996 MHz, 1 %, 0 %
2026/09/20 15:56:04.366, 1, 235.92 W, 38, 2032 MHz, 3996 MHz, 8 %, 0 %
2026/09/20 15:56:04.366, 2, 225.96 W, 31, 2032 MHz, 3996 MHz, 2 %, 0 %
2026/09/20 15:56:04.366, 3, 231.34 W, 31, 2032 MHz, 3996 MHz, 11 %, 0 %
2026/09/20 15:56:04.366, 4, 181.95 W, 35, 120 MHz, 3996 MHz, 0 %, 0 %
2026/09/20 15:56:04.366, 5, 179.47 W, 32, 120 MHz, 3996 MHz, 0 %, 0 %
2026/09/20 15:56:04.366, 6, 180.17 W, 29, 120 MHz, 3996 MHz, 0 %, 0 %
2026/09/20 15:56:04.366, 7, 182.13 W, 29, 120 MHz, 3996 MHz, 0 %, 0 %
2026/09/20 15:56:05.366, 0, 232.88 W, 36, 2032 MHz, 3996 MHz, 1 %, 0 %
2026/09/20 15:56:05.366, 1, 235.88 W, 38, 2032 MHz, 3996 MHz, 1 %, 0 %
2026/09/20 15:56:05.366, 2, 226.68 W, 31, 2032 MHz, 3996 MHz, 7 %, 0 %
2026/09/20 15:56:05.366, 3, 231.08 W, 31, 2032 MHz, 3996 MHz, 2 %, 0 %
2026/09/20 15:56:05.366, 4, 181.68 W, 35, 120 MHz, 3996 MHz, 0 %, 0 %
2026/09/20 15:56:05.366, 5, 179.47 W, 32, 120 MHz, 3996 MHz, 0 %, 0 %
2026/09/20 15:56:05.366, 6, 180.17 W, 29, 120 MHz, 3996 MHz, 0 %, 0 %
2026/09/20 15:56:05.366, 7, 182.13 W, 29, 120 MHz, 3996 MHz, 0 %, 0 %
2026/09/20 15:56:06.366, 0, 233.35 W, 36, 2032 MHz, 3996 MHz, 4 %, 0 %
2026/09/20 15:56:06.366, 1, 235.88 W, 38, 2032 MHz, 3996 MHz, 0 %, 0 %
2026/09/20 15:56:06.366, 2, 227.27 W, 31, 2032 MHz, 3996 MHz, 5 %, 0 %
2026/09/20 15:56:06.366, 3, 231.24 W, 31, 2032 MHz, 3996 MHz, 11 %, 0 %
2026/09/20 15:56:06.366, 4, 181.99 W, 35, 120 MHz, 3996 MHz, 0 %, 0 %
2026/09/20 15:56:06.366, 5, 179.46 W, 32, 120 MHz, 3996 MHz, 0 %, 0 %
2026/09/20 15:56:06.366, 6, 180.17 W, 29, 120 MHz, 3996 MHz, 0 %, 0 %
2026/09/20 15:56:06.366, 7, 182.13 W, 29, 120 MHz, 3996 MHz, 0 %, 0 %
2026/09/20 15:56:07.366, 0, 233.09 W, 36, 2032 MHz, 3996 MHz, 0 %, 0 %
2026/09/20 15:56:07.366, 1, 235.92 W, 38, 2032 MHz, 3996 MHz, 3 %, 0 %
2026/09/20 15:56:07.366, 2, 226.90 W, 31, 2032 MHz, 3996 MHz, 11 %, 0 %
2026/09/20 15:56:07.367, 3, 231.16 W, 31, 2032 MHz, 3996 MHz, 11 %, 0 %
2026/09/20 15:56:07.367, 4, 181.96 W, 35, 120 MHz, 3996 MHz, 0 %, 0 %
2026/09/20 15:56:07.367, 5, 179.47 W, 32, 120 MHz, 3996 MHz, 0 %, 0 %
2026/09/20 15:56:07.367, 6, 180.17 W, 29, 120 MHz, 3996 MHz, 0 %, 0 %
2026/09/20 15:56:07.367, 7, 182.13 W, 29, 120 MHz, 3996 MHz, 0 %, 0 %
2026/09/20 15:56:08.367, 0, 232.77 W, 36, 2032 MHz, 3996 MHz, 1 %, 0 %
2026/09/20 15:56:08.367, 1, 235.96 W, 38, 2032 MHz, 3996 MHz, 9 %, 0 %
2026/09/20 15:56:08.367, 2, 226.72 W, 31, 2032 MHz, 3996 MHz, 8 %, 0 %
2026/09/20 15:56:08.367, 3, 230.52 W, 31, 2032 MHz, 3996 MHz, 1 %, 0 %
2026/09/20 15:56:08.367, 4, 181.80 W, 35, 120 MHz, 3996 MHz, 0 %, 0 %
2026/09/20 15:56:08.367, 5, 179.47 W, 32, 120 MHz, 3996 MHz, 0 %, 0 %
2026/09/20 15:56:08.367, 6, 180.17 W, 29, 120 MHz, 3996 MHz, 0 %, 0 %
2026/09/20 15:56:08.367, 7, 182.13 W, 29, 120 MHz, 3996 MHz, 0 %, 0 %
2026/09/20 15:56:09.367, 0, 232.93 W, 36, 2032 MHz, 3996 MHz, 5 %, 0 %
2026/09/20 15:56:09.367, 1, 235.92 W, 38, 2032 MHz, 3996 MHz, 5 %, 0 %
2026/09/20 15:56:09.367, 2, 226.47 W, 31, 2032 MHz, 3996 MHz, 1 %, 0 %
2026/09/20 15:56:09.367, 3, 230.31 W, 31, 2032 MHz, 3996 MHz, 0 %, 0 %
2026/09/20 15:56:09.367, 4, 182.03 W, 35, 120 MHz, 3996 MHz, 0 %, 0 %
2026/09/20 15:56:09.367, 5, 179.46 W, 32, 120 MHz, 3996 MHz, 0 %, 0 %
2026/09/20 15:56:09.367, 6, 180.17 W, 29, 120 MHz, 3996 MHz, 0 %, 0 %
2026/09/20 15:56:09.367, 7, 182.13 W, 29, 120 MHz, 3996 MHz, 0 %, 0 %
2026/09/20 15:56:10.367, 0, 232.33 W, 36, 2032 MHz, 3996 MHz, 1 %, 0 %
2026/09/20 15:56:10.367, 1, 235.88 W, 38, 2032 MHz, 3996 MHz, 0 %, 0 %
2026/09/20 15:56:10.367, 2, 226.26 W, 31, 2032 MHz, 3996 MHz, 0 %, 0 %
2026/09/20 15:56:10.367, 3, 230.88 W, 31, 2032 MHz, 3996 MHz, 11 %, 0 %
2026/09/20 15:56:10.367, 4, 182.08 W, 35, 120 MHz, 3996 MHz, 0 %, 0 %
2026/09/20 15:56:10.367, 5, 179.47 W, 32, 120 MHz, 3996 MHz, 0 %, 0 %
2026/09/20 15:56:10.368, 6, 180.17 W, 29, 120 MHz, 3996 MHz, 0 %, 0 %
2026/09/20 15:56:10.368, 7, 182.13 W, 29, 120 MHz, 3996 MHz, 0 %, 0 %
2026/09/20 15:56:11.368, 0, 231.91 W, 36, 2032 MHz, 3996 MHz, 0 %, 0 %
2026/09/20 15:56:11.368, 1, 235.92 W, 38, 2032 MHz, 3996 MHz, 11 %, 0 %
2026/09/20 15:56:11.368, 2, 226.05 W, 31, 2032 MHz, 3996 MHz, 3 %, 0 %
2026/09/20 15:56:11.368, 3, 231.32 W, 31, 2032 MHz, 3996 MHz, 10 %, 0 %
2026/09/20 15:56:11.368, 4, 181.96 W, 35, 120 MHz, 3996 MHz, 0 %, 0 %
2026/09/20 15:56:11.368, 5, 179.46 W, 32, 120 MHz, 3996 MHz, 0 %, 0 %
2026/09/20 15:56:11.368, 6, 180.17 W, 29, 120 MHz, 3996 MHz, 0 %, 0 %
2026/09/20 15:56:11.368, 7, 182.13 W, 29, 120 MHz, 3996 MHz, 0 %, 0 %
2026/09/20 15:56:12.368, 0, 233.19 W, 36, 2032 MHz, 3996 MHz, 12 %, 0 %
2026/09/20 15:56:12.368, 1, 235.88 W, 38, 2032 MHz, 3996 MHz, 0 %, 0 %
2026/09/20 15:56:12.368, 2, 226.76 W, 31, 2032 MHz, 3996 MHz, 11 %, 0 %
2026/09/20 15:56:12.368, 3, 231.16 W, 31, 2032 MHz, 3996 MHz, 9 %, 0 %
2026/09/20 15:56:12.368, 4, 182.02 W, 35, 120 MHz, 3996 MHz, 0 %, 0 %
2026/09/20 15:56:12.368, 5, 179.47 W, 32, 120 MHz, 3996 MHz, 0 %, 0 %
2026/09/20 15:56:12.368, 6, 180.17 W, 29, 120 MHz, 3996 MHz, 0 %, 0 %
2026/09/20 15:56:12.368, 7, 182.13 W, 29, 120 MHz, 3996 MHz, 0 %, 0 %
2026/09/20 15:56:13.368, 0, 232.87 W, 36, 2032 MHz, 3996 MHz, 10 %, 0 %
2026/09/20 15:56:13.368, 1, 235.88 W, 38, 2032 MHz, 3996 MHz, 0 %, 0 %
2026/09/20 15:56:13.368, 2, 227.24 W, 31, 2032 MHz, 3996 MHz, 11 %, 0 %
2026/09/20 15:56:13.368, 3, 231.12 W, 31, 2032 MHz, 3996 MHz, 5 %, 0 %
2026/09/20 15:56:13.368, 4, 182.00 W, 35, 120 MHz, 3996 MHz, 0 %, 0 %
2026/09/20 15:56:13.368, 5, 179.47 W, 32, 120 MHz, 3996 MHz, 0 %, 0 %
2026/09/20 15:56:13.368, 6, 180.17 W, 29, 120 MHz, 3996 MHz, 0 %, 0 %
2026/09/20 15:56:13.368, 7, 182.13 W, 29, 120 MHz, 3996 MHz, 0 %, 0 %
2026/09/20 15:56:14.369, 0, 233.21 W, 36, 2032 MHz, 3996 MHz, 9 %, 0 %
2026/09/20 15:56:14.369, 1, 235.92 W, 38, 2032 MHz, 3996 MHz, 3 %, 0 %
2026/09/20 15:56:14.369, 2, 226.90 W, 31, 2032 MHz, 3996 MHz, 3 %, 0 %
2026/09/20 15:56:14.369, 3, 231.47 W, 31, 2032 MHz, 3996 MHz, 9 %, 0 %
2026/09/20 15:56:14.369, 4, 182.02 W, 35, 120 MHz, 3996 MHz, 0 %, 0 %
2026/09/20 15:56:14.369, 5, 179.47 W, 32, 120 MHz, 3996 MHz, 0 %, 0 %
2026/09/20 15:56:14.369, 6, 180.17 W, 29, 120 MHz, 3996 MHz, 0 %, 0 %
2026/09/20 15:56:14.369, 7, 182.13 W, 29, 120 MHz, 3996 MHz, 0 %, 0 %
2026/09/20 15:56:15.369, 0, 233.13 W, 36, 2032 MHz, 3996 MHz, 12 %, 0 %
2026/09/20 15:56:15.369, 1, 235.88 W, 38, 2032 MHz, 3996 MHz, 0 %, 0 %
2026/09/20 15:56:15.369, 2, 226.92 W, 31, 2032 MHz, 3996 MHz, 2 %, 0 %
2026/09/20 15:56:15.369, 3, 231.31 W, 31, 2032 MHz, 3996 MHz, 0 %, 0 %
2026/09/20 15:56:15.369, 4, 181.92 W, 35, 120 MHz, 3996 MHz, 0 %, 0 %
2026/09/20 15:56:15.369, 5, 179.46 W, 32, 120 MHz, 3996 MHz, 0 %, 0 %
2026/09/20 15:56:15.369, 6, 180.17 W, 29, 120 MHz, 3996 MHz, 0 %, 0 %
2026/09/20 15:56:15.369, 7, 182.13 W, 29, 120 MHz, 3996 MHz, 0 %, 0 %
2026/09/20 15:56:16.369, 0, 232.80 W, 36, 2032 MHz, 3996 MHz, 11 %, 0 %
2026/09/20 15:56:16.369, 1, 235.92 W, 38, 2032 MHz, 3996 MHz, 12 %, 0 %
2026/09/20 15:56:16.369, 2, 226.73 W, 31, 2032 MHz, 3996 MHz, 4 %, 0 %
2026/09/20 15:56:16.369, 3, 230.95 W, 31, 2032 MHz, 3996 MHz, 4 %, 0 %
2026/09/20 15:56:16.369, 4, 181.76 W, 35, 120 MHz, 3996 MHz, 0 %, 0 %
2026/09/20 15:56:16.369, 5, 179.46 W, 32, 120 MHz, 3996 MHz, 0 %, 0 %
2026/09/20 15:56:16.369, 6, 180.17 W, 29, 120 MHz, 3996 MHz, 0 %, 0 %
2026/09/20 15:56:16.369, 7, 182.13 W, 29, 120 MHz, 3996 MHz, 0 %, 0 %
2026/09/20 15:56:17.369, 0, 232.71 W, 36, 2032 MHz, 3996 MHz, 4 %, 0 %
2026/09/20 15:56:17.370, 1, 236.04 W, 38, 2032 MHz, 3996 MHz, 12 %, 0 %
2026/09/20 15:56:17.370, 2, 226.51 W, 31, 2032 MHz, 3996 MHz, 1 %, 0 %
2026/09/20 15:56:17.370, 3, 230.89 W, 31, 2032 MHz, 3996 MHz, 0 %, 0 %
2026/09/20 15:56:17.370, 4, 182.19 W, 35, 120 MHz, 3996 MHz, 0 %, 0 %
2026/09/20 15:56:17.370, 5, 179.47 W, 32, 120 MHz, 3996 MHz, 0 %, 0 %
2026/09/20 15:56:17.370, 6, 180.17 W, 29, 120 MHz, 3996 MHz, 0 %, 0 %
2026/09/20 15:56:17.370, 7, 182.13 W, 29, 120 MHz, 3996 MHz, 0 %, 0 %
2026/09/20 15:56:18.370, 0, 232.35 W, 36, 2032 MHz, 3996 MHz, 0 %, 0 %
2026/09/20 15:56:18.370, 1, 236.15 W, 38, 2032 MHz, 3996 MHz, 9 %, 0 %
2026/09/20 15:56:18.370, 2, 226.25 W, 31, 2032 MHz, 3996 MHz, 0 %, 0 %
2026/09/20 15:56:18.370, 3, 230.85 W, 31, 2032 MHz, 3996 MHz, 7 %, 0 %
2026/09/20 15:56:18.370, 4, 182.10 W, 35, 120 MHz, 3996 MHz, 0 %, 0 %
2026/09/20 15:56:18.370, 5, 179.46 W, 32, 120 MHz, 3996 MHz, 0 %, 0 %
2026/09/20 15:56:18.370, 6, 180.17 W, 29, 120 MHz, 3996 MHz, 0 %, 0 %
2026/09/20 15:56:18.370, 7, 182.13 W, 29, 120 MHz, 3996 MHz, 0 %, 0 %
2026/09/20 15:56:19.370, 0, 232.18 W, 36, 2032 MHz, 3996 MHz, 0 %, 0 %
2026/09/20 15:56:19.370, 1, 236.03 W, 38, 2032 MHz, 3996 MHz, 6 %, 0 %
2026/09/20 15:56:19.370, 2, 226.14 W, 31, 2032 MHz, 3996 MHz, 6 %, 0 %
2026/09/20 15:56:19.370, 3, 230.84 W, 31, 2032 MHz, 3996 MHz, 0 %, 0 %
2026/09/20 15:56:19.370, 4, 182.04 W, 35, 120 MHz, 3996 MHz, 0 %, 0 %
2026/09/20 15:56:19.370, 5, 179.46 W, 32, 120 MHz, 3996 MHz, 0 %, 0 %
2026/09/20 15:56:19.370, 6, 180.17 W, 29, 120 MHz, 3996 MHz, 0 %, 0 %
2026/09/20 15:56:19.370, 7, 182.13 W, 29, 120 MHz, 3996 MHz, 0 %, 0 %
2026/09/20 15:56:20.370, 0, 232.93 W, 36, 2032 MHz, 3996 MHz, 11 %, 0 %
2026/09/20 15:56:20.370, 1, 236.04 W, 38, 2032 MHz, 3996 MHz, 11 %, 0 %
2026/09/20 15:56:20.370, 2, 226.60 W, 31, 2032 MHz, 3996 MHz, 3 %, 0 %
2026/09/20 15:56:20.371, 3, 231.07 W, 31, 2032 MHz, 3996 MHz, 5 %, 0 %
2026/09/20 15:56:20.371, 4, 182.31 W, 35, 120 MHz, 3996 MHz, 0 %, 0 %
2026/09/20 15:56:20.371, 5, 179.47 W, 32, 120 MHz, 3996 MHz, 0 %, 0 %
2026/09/20 15:56:20.371, 6, 180.17 W, 29, 120 MHz, 3996 MHz, 0 %, 0 %
2026/09/20 15:56:20.371, 7, 182.13 W, 29, 120 MHz, 3996 MHz, 0 %, 0 %
2026/09/20 15:56:21.371, 0, 232.69 W, 36, 2032 MHz, 3996 MHz, 3 %, 0 %
2026/09/20 15:56:21.371, 1, 236.08 W, 38, 2032 MHz, 3996 MHz, 10 %, 0 %
2026/09/20 15:56:21.371, 2, 226.14 W, 31, 2032 MHz, 3996 MHz, 1 %, 0 %
2026/09/20 15:56:21.371, 3, 231.42 W, 31, 2032 MHz, 3996 MHz, 4 %, 0 %
2026/09/20 15:56:21.371, 4, 182.15 W, 35, 120 MHz, 3996 MHz, 0 %, 0 %
2026/09/20 15:56:21.371, 5, 179.47 W, 32, 120 MHz, 3996 MHz, 0 %, 0 %
2026/09/20 15:56:21.371, 6, 180.17 W, 29, 120 MHz, 3996 MHz, 0 %, 0 %
2026/09/20 15:56:21.371, 7, 182.13 W, 29, 120 MHz, 3996 MHz, 0 %, 0 %
2026/09/20 15:56:22.371, 0, 232.37 W, 36, 2032 MHz, 3996 MHz, 2 %, 0 %
2026/09/20 15:56:22.371, 1, 236.07 W, 38, 2032 MHz, 3996 MHz, 6 %, 0 %
2026/09/20 15:56:22.371, 2, 227.09 W, 31, 2032 MHz, 3996 MHz, 11 %, 0 %
2026/09/20 15:56:22.371, 3, 231.51 W, 31, 2032 MHz, 3996 MHz, 2 %, 0 %
2026/09/20 15:56:22.371, 4, 181.83 W, 35, 120 MHz, 3996 MHz, 0 %, 0 %
2026/09/20 15:56:22.371, 5, 179.46 W, 32, 120 MHz, 3996 MHz, 0 %, 0 %
2026/09/20 15:56:22.371, 6, 180.17 W, 29, 120 MHz, 3996 MHz, 0 %, 0 %
2026/09/20 15:56:22.371, 7, 182.13 W, 29, 120 MHz, 3996 MHz, 0 %, 0 %
2026/09/20 15:56:23.371, 0, 233.13 W, 36, 2032 MHz, 3996 MHz, 7 %, 0 %
2026/09/20 15:56:23.371, 1, 236.11 W, 38, 2032 MHz, 3996 MHz, 5 %, 0 %
2026/09/20 15:56:23.371, 2, 227.27 W, 31, 2032 MHz, 3996 MHz, 6 %, 0 %
2026/09/20 15:56:23.371, 3, 231.46 W, 31, 2032 MHz, 3996 MHz, 6 %, 0 %
2026/09/20 15:56:23.371, 4, 182.14 W, 35, 120 MHz, 3996 MHz, 0 %, 0 %
2026/09/20 15:56:23.371, 5, 179.47 W, 32, 120 MHz, 3996 MHz, 0 %, 0 %
2026/09/20 15:56:23.371, 6, 180.17 W, 29, 120 MHz, 3996 MHz, 0 %, 0 %
2026/09/20 15:56:23.371, 7, 182.13 W, 29, 120 MHz, 3996 MHz, 0 %, 0 %
2026/09/20 15:56:24.372, 0, 233.58 W, 36, 2032 MHz, 3996 MHz, 12 %, 0 %
2026/09/20 15:56:24.372, 1, 236.08 W, 38, 2032 MHz, 3996 MHz, 11 %, 0 %
2026/09/20 15:56:24.372, 2, 227.41 W, 31, 2032 MHz, 3996 MHz, 5 %, 0 %
2026/09/20 15:56:24.372, 3, 231.47 W, 31, 2032 MHz, 3996 MHz, 10 %, 0 %
2026/09/20 15:56:24.372, 4, 182.15 W, 35, 120 MHz, 3996 MHz, 0 %, 0 %
2026/09/20 15:56:24.372, 5, 179.47 W, 32, 120 MHz, 3996 MHz, 0 %, 0 %
2026/09/20 15:56:24.372, 6, 180.17 W, 29, 120 MHz, 3996 MHz, 0 %, 0 %
2026/09/20 15:56:24.372, 7, 182.13 W, 29, 120 MHz, 3996 MHz, 0 %, 0 %
2026/09/20 15:56:25.372, 0, 233.27 W, 36, 2032 MHz, 3996 MHz, 10 %, 0 %
2026/09/20 15:56:25.372, 1, 236.04 W, 38, 2032 MHz, 3996 MHz, 8 %, 0 %
2026/09/20 15:56:25.372, 2, 227.38 W, 31, 2032 MHz, 3996 MHz, 2 %, 0 %
2026/09/20 15:56:25.372, 3, 231.23 W, 31, 2032 MHz, 3996 MHz, 8 %, 0 %
2026/09/20 15:56:25.372, 4, 181.91 W, 35, 120 MHz, 3996 MHz, 0 %, 0 %
2026/09/20 15:56:25.372, 5, 179.47 W, 32, 120 MHz, 3996 MHz, 0 %, 0 %
2026/09/20 15:56:25.372, 6, 180.17 W, 29, 120 MHz, 3996 MHz, 0 %, 0 %
2026/09/20 15:56:25.372, 7, 182.13 W, 29, 120 MHz, 3996 MHz, 0 %, 0 %
2026/09/20 15:56:26.372, 0, 233.39 W, 36, 2032 MHz, 3996 MHz, 1 %, 0 %
2026/09/20 15:56:26.372, 1, 235.96 W, 38, 2032 MHz, 3996 MHz, 9 %, 0 %
2026/09/20 15:56:26.372, 2, 227.43 W, 31, 2032 MHz, 3996 MHz, 6 %, 0 %
2026/09/20 15:56:26.372, 3, 231.40 W, 31, 2032 MHz, 3996 MHz, 5 %, 0 %
2026/09/20 15:56:26.372, 4, 182.16 W, 35, 120 MHz, 3996 MHz, 0 %, 0 %
2026/09/20 15:56:26.372, 5, 179.47 W, 32, 120 MHz, 3996 MHz, 0 %, 0 %
2026/09/20 15:56:26.372, 6, 180.17 W, 29, 120 MHz, 3996 MHz, 0 %, 0 %
2026/09/20 15:56:26.372, 7, 182.13 W, 29, 120 MHz, 3996 MHz, 0 %, 0 %
2026/09/20 15:56:27.372, 0, 233.58 W, 36, 2032 MHz, 3996 MHz, 10 %, 0 %
2026/09/20 15:56:27.372, 1, 236.11 W, 38, 2032 MHz, 3996 MHz, 4 %, 0 %
2026/09/20 15:56:27.372, 2, 227.20 W, 31, 2032 MHz, 3996 MHz, 11 %, 0 %
2026/09/20 15:56:27.372, 3, 231.37 W, 31, 2032 MHz, 3996 MHz, 4 %, 0 %
2026/09/20 15:56:27.372, 4, 182.18 W, 35, 120 MHz, 3996 MHz, 0 %, 0 %
2026/09/20 15:56:27.372, 5, 179.46 W, 32, 120 MHz, 3996 MHz, 0 %, 0 %
2026/09/20 15:56:27.373, 6, 180.17 W, 29, 120 MHz, 3996 MHz, 0 %, 0 %
2026/09/20 15:56:27.373, 7, 182.13 W, 29, 120 MHz, 3996 MHz, 0 %, 0 %
2026/09/20 15:56:28.373, 0, 233.58 W, 36, 2032 MHz, 3996 MHz, 10 %, 0 %
2026/09/20 15:56:28.373, 1, 236.11 W, 38, 2032 MHz, 3996 MHz, 2 %, 0 %
2026/09/20 15:56:28.373, 2, 227.33 W, 31, 2032 MHz, 3996 MHz, 11 %, 0 %
2026/09/20 15:56:28.373, 3, 231.56 W, 31, 2032 MHz, 3996 MHz, 6 %, 0 %
2026/09/20 15:56:28.373, 4, 182.21 W, 35, 120 MHz, 3996 MHz, 0 %, 0 %
2026/09/20 15:56:28.373, 5, 179.47 W, 32, 120 MHz, 3996 MHz, 0 %, 0 %
2026/09/20 15:56:28.373, 6, 180.17 W, 29, 120 MHz, 3996 MHz, 0 %, 0 %
2026/09/20 15:56:28.373, 7, 182.13 W, 29, 120 MHz, 3996 MHz, 0 %, 0 %
2026/09/20 15:56:29.373, 0, 233.40 W, 36, 2032 MHz, 3996 MHz, 11 %, 0 %
2026/09/20 15:56:29.373, 1, 236.35 W, 38, 2032 MHz, 3996 MHz, 12 %, 0 %
2026/09/20 15:56:29.373, 2, 227.33 W, 31, 2032 MHz, 3996 MHz, 6 %, 0 %
2026/09/20 15:56:29.373, 3, 231.62 W, 31, 2032 MHz, 3996 MHz, 7 %, 0 %
2026/09/20 15:56:29.373, 4, 182.31 W, 35, 120 MHz, 3996 MHz, 0 %, 0 %
2026/09/20 15:56:29.373, 5, 179.46 W, 32, 120 MHz, 3996 MHz, 0 %, 0 %
2026/09/20 15:56:29.373, 6, 180.17 W, 29, 120 MHz, 3996 MHz, 0 %, 0 %
2026/09/20 15:56:29.373, 7, 182.13 W, 29, 120 MHz, 3996 MHz, 0 %, 0 %
2026/09/20 15:56:30.373, 0, 233.47 W, 36, 2032 MHz, 3996 MHz, 5 %, 0 %
2026/09/20 15:56:30.373, 1, 236.15 W, 38, 2032 MHz, 3996 MHz, 9 %, 0 %
2026/09/20 15:56:30.373, 2, 227.41 W, 31, 2032 MHz, 3996 MHz, 4 %, 0 %
2026/09/20 15:56:30.373, 3, 231.32 W, 31, 2032 MHz, 3996 MHz, 6 %, 0 %
2026/09/20 15:56:30.373, 4, 182.45 W, 35, 120 MHz, 3996 MHz, 0 %, 0 %
2026/09/20 15:56:30.373, 5, 179.46 W, 32, 120 MHz, 3996 MHz, 0 %, 0 %
2026/09/20 15:56:30.373, 6, 180.13 W, 29, 120 MHz, 3996 MHz, 0 %, 0 %
2026/09/20 15:56:30.373, 7, 182.13 W, 29, 120 MHz, 3996 MHz, 0 %, 0 %
2026/09/20 15:56:31.374, 0, 233.59 W, 36, 2032 MHz, 3996 MHz, 7 %, 0 %
2026/09/20 15:56:31.374, 1, 236.15 W, 38, 2032 MHz, 3996 MHz, 2 %, 0 %
2026/09/20 15:56:31.374, 2, 227.29 W, 31, 2032 MHz, 3996 MHz, 2 %, 0 %
2026/09/20 15:56:31.374, 3, 231.39 W, 31, 2032 MHz, 3996 MHz, 4 %, 0 %
2026/09/20 15:56:31.374, 4, 182.35 W, 35, 120 MHz, 3996 MHz, 0 %, 0 %
2026/09/20 15:56:31.374, 5, 179.47 W, 32, 120 MHz, 3996 MHz, 0 %, 0 %
2026/09/20 15:56:31.374, 6, 180.17 W, 29, 120 MHz, 3996 MHz, 0 %, 0 %
2026/09/20 15:56:31.374, 7, 182.13 W, 29, 120 MHz, 3996 MHz, 0 %, 0 %
2026/09/20 15:56:32.374, 0, 233.51 W, 36, 2032 MHz, 3996 MHz, 8 %, 0 %
2026/09/20 15:56:32.374, 1, 236.00 W, 38, 2032 MHz, 3996 MHz, 2 %, 0 %
2026/09/20 15:56:32.374, 2, 227.37 W, 31, 2032 MHz, 3996 MHz, 5 %, 0 %
2026/09/20 15:56:32.374, 3, 231.56 W, 31, 2032 MHz, 3996 MHz, 4 %, 0 %
2026/09/20 15:56:32.374, 4, 182.35 W, 35, 120 MHz, 3996 MHz, 0 %, 0 %
2026/09/20 15:56:32.374, 5, 179.47 W, 32, 120 MHz, 3996 MHz, 0 %, 0 %
2026/09/20 15:56:32.374, 6, 180.17 W, 29, 120 MHz, 3996 MHz, 0 %, 0 %
2026/09/20 15:56:32.374, 7, 182.13 W, 29, 120 MHz, 3996 MHz, 0 %, 0 %
2026/09/20 15:56:33.374, 0, 233.54 W, 36, 2032 MHz, 3996 MHz, 12 %, 0 %
2026/09/20 15:56:33.374, 1, 237.51 W, 38, 2032 MHz, 3996 MHz, 0 %, 0 %
2026/09/20 15:56:33.374, 2, 227.15 W, 31, 2032 MHz, 3996 MHz, 12 %, 0 %
2026/09/20 15:56:33.374, 3, 231.60 W, 31, 2032 MHz, 3996 MHz, 3 %, 0 %
2026/09/20 15:56:33.374, 4, 182.40 W, 35, 120 MHz, 3996 MHz, 0 %, 0 %
2026/09/20 15:56:33.374, 5, 179.46 W, 32, 120 MHz, 3996 MHz, 0 %, 0 %
2026/09/20 15:56:33.374, 6, 180.17 W, 29, 120 MHz, 3996 MHz, 0 %, 0 %
2026/09/20 15:56:33.374, 7, 182.13 W, 29, 120 MHz, 3996 MHz, 0 %, 0 %
2026/09/20 15:56:34.374, 0, 233.15 W, 36, 2032 MHz, 3996 MHz, 6 %, 0 %
2026/09/20 15:56:34.374, 1, 342.42 W, 39, 2032 MHz, 3996 MHz, 0 %, 0 %
2026/09/20 15:56:34.374, 2, 227.48 W, 31, 2032 MHz, 3996 MHz, 11 %, 0 %
2026/09/20 15:56:34.374, 3, 231.52 W, 31, 2032 MHz, 3996 MHz, 3 %, 0 %
2026/09/20 15:56:34.374, 4, 182.35 W, 35, 120 MHz, 3996 MHz, 0 %, 0 %
2026/09/20 15:56:34.374, 5, 179.47 W, 32, 120 MHz, 3996 MHz, 0 %, 0 %
2026/09/20 15:56:34.375, 6, 180.17 W, 29, 120 MHz, 3996 MHz, 0 %, 0 %
2026/09/20 15:56:34.375, 7, 182.13 W, 29, 120 MHz, 3996 MHz, 0 %, 0 %
2026/09/20 15:56:35.375, 0, 233.70 W, 36, 2032 MHz, 3996 MHz, 11 %, 0 %
2026/09/20 15:56:35.375, 1, 235.88 W, 38, 2032 MHz, 3996 MHz, 0 %, 0 %
2026/09/20 15:56:35.375, 2, 227.22 W, 31, 2032 MHz, 3996 MHz, 6 %, 0 %
2026/09/20 15:56:35.375, 3, 231.53 W, 31, 2032 MHz, 3996 MHz, 7 %, 0 %
2026/09/20 15:56:35.375, 4, 182.37 W, 35, 120 MHz, 3996 MHz, 0 %, 0 %
2026/09/20 15:56:35.375, 5, 179.46 W, 32, 120 MHz, 3996 MHz, 0 %, 0 %
2026/09/20 15:56:35.375, 6, 180.17 W, 29, 120 MHz, 3996 MHz, 0 %, 0 %
2026/09/20 15:56:35.375, 7, 182.13 W, 29, 120 MHz, 3996 MHz, 0 %, 0 %
2026/09/20 15:56:36.375, 0, 233.58 W, 36, 2032 MHz, 3996 MHz, 12 %, 0 %
2026/09/20 15:56:36.375, 1, 235.88 W, 38, 2032 MHz, 3996 MHz, 0 %, 0 %
2026/09/20 15:56:36.375, 2, 227.38 W, 31, 2032 MHz, 3996 MHz, 4 %, 0 %
2026/09/20 15:56:36.375, 3, 231.63 W, 31, 2032 MHz, 3996 MHz, 2 %, 0 %
2026/09/20 15:56:36.375, 4, 182.02 W, 35, 120 MHz, 3996 MHz, 0 %, 0 %
2026/09/20 15:56:36.375, 5, 179.47 W, 32, 120 MHz, 3996 MHz, 0 %, 0 %
2026/09/20 15:56:36.375, 6, 180.13 W, 29, 120 MHz, 3996 MHz, 0 %, 0 %
2026/09/20 15:56:36.375, 7, 182.13 W, 29, 120 MHz, 3996 MHz, 0 %, 0 %
2026/09/20 15:56:37.375, 0, 337.46 W, 39, 2032 MHz, 3996 MHz, 88 %, 17 %
2026/09/20 15:56:37.375, 1, 235.53 W, 38, 2032 MHz, 3996 MHz, 0 %, 0 %
2026/09/20 15:56:37.375, 2, 227.30 W, 31, 2032 MHz, 3996 MHz, 2 %, 0 %
2026/09/20 15:56:37.375, 3, 231.59 W, 31, 2032 MHz, 3996 MHz, 4 %, 0 %
2026/09/20 15:56:37.375, 4, 182.41 W, 35, 120 MHz, 3996 MHz, 0 %, 0 %
2026/09/20 15:56:37.375, 5, 179.47 W, 32, 120 MHz, 3996 MHz, 0 %, 0 %
2026/09/20 15:56:37.375, 6, 180.17 W, 29, 120 MHz, 3996 MHz, 0 %, 0 %
2026/09/20 15:56:37.375, 7, 182.13 W, 29, 120 MHz, 3996 MHz, 0 %, 0 %
2026/09/20 15:56:38.376, 0, 233.20 W, 37, 2032 MHz, 3996 MHz, 0 %, 0 %
2026/09/20 15:56:38.376, 1, 235.84 W, 38, 2032 MHz, 3996 MHz, 0 %, 0 %
2026/09/20 15:56:38.376, 2, 227.41 W, 31, 2032 MHz, 3996 MHz, 7 %, 0 %
2026/09/20 15:56:38.376, 3, 232.87 W, 31, 2032 MHz, 3996 MHz, 6 %, 1 %
2026/09/20 15:56:38.376, 4, 182.33 W, 35, 120 MHz, 3996 MHz, 0 %, 0 %
2026/09/20 15:56:38.376, 5, 179.47 W, 32, 120 MHz, 3996 MHz, 0 %, 0 %
2026/09/20 15:56:38.376, 6, 180.17 W, 29, 120 MHz, 3996 MHz, 0 %, 0 %
2026/09/20 15:56:38.376, 7, 182.13 W, 29, 120 MHz, 3996 MHz, 0 %, 0 %
2026/09/20 15:56:39.376, 0, 232.02 W, 36, 2032 MHz, 3996 MHz, 0 %, 0 %
2026/09/20 15:56:39.376, 1, 235.84 W, 38, 2032 MHz, 3996 MHz, 0 %, 0 %
2026/09/20 15:56:39.376, 2, 227.30 W, 31, 2032 MHz, 3996 MHz, 9 %, 0 %
2026/09/20 15:56:39.376, 3, 334.91 W, 32, 2032 MHz, 3996 MHz, 0 %, 0 %
2026/09/20 15:56:39.376, 4, 182.33 W, 35, 120 MHz, 3996 MHz, 0 %, 0 %
2026/09/20 15:56:39.376, 5, 179.46 W, 32, 120 MHz, 3996 MHz, 0 %, 0 %
2026/09/20 15:56:39.376, 6, 180.17 W, 29, 120 MHz, 3996 MHz, 0 %, 0 %
2026/09/20 15:56:39.376, 7, 182.13 W, 29, 120 MHz, 3996 MHz, 0 %, 0 %
2026/09/20 15:56:40.376, 0, 231.83 W, 36, 2032 MHz, 3996 MHz, 0 %, 0 %
2026/09/20 15:56:40.376, 1, 235.65 W, 38, 2032 MHz, 3996 MHz, 0 %, 0 %
2026/09/20 15:56:40.376, 2, 331.18 W, 33, 2032 MHz, 3996 MHz, 0 %, 0 %
2026/09/20 15:56:40.376, 3, 230.99 W, 31, 2032 MHz, 3996 MHz, 0 %, 0 %
2026/09/20 15:56:40.376, 4, 182.18 W, 35, 120 MHz, 3996 MHz, 0 %, 0 %
2026/09/20 15:56:40.376, 5, 179.47 W, 32, 120 MHz, 3996 MHz, 0 %, 0 %
2026/09/20 15:56:40.376, 6, 180.17 W, 29, 120 MHz, 3996 MHz, 0 %, 0 %
2026/09/20 15:56:40.376, 7, 182.13 W, 29, 120 MHz, 3996 MHz, 0 %, 0 %
2026/09/20 15:56:41.376, 0, 231.83 W, 36, 2032 MHz, 3996 MHz, 0 %, 0 %
2026/09/20 15:56:41.376, 1, 235.61 W, 38, 2032 MHz, 3996 MHz, 0 %, 0 %
2026/09/20 15:56:41.376, 2, 226.21 W, 31, 2032 MHz, 3996 MHz, 0 %, 0 %
2026/09/20 15:56:41.376, 3, 230.13 W, 31, 2032 MHz, 3996 MHz, 0 %, 0 %
2026/09/20 15:56:41.376, 4, 182.39 W, 35, 120 MHz, 3996 MHz, 0 %, 0 %
2026/09/20 15:56:41.376, 5, 179.47 W, 32, 120 MHz, 3996 MHz, 0 %, 0 %
2026/09/20 15:56:41.377, 6, 180.17 W, 29, 120 MHz, 3996 MHz, 0 %, 0 %
2026/09/20 15:56:41.377, 7, 182.13 W, 29, 120 MHz, 3996 MHz, 0 %, 0 %
2026/09/20 15:56:42.377, 0, 231.87 W, 36, 2032 MHz, 3996 MHz, 0 %, 0 %
2026/09/20 15:56:42.377, 1, 235.84 W, 38, 2032 MHz, 3996 MHz, 0 %, 0 %
2026/09/20 15:56:42.377, 2, 225.99 W, 31, 2032 MHz, 3996 MHz, 0 %, 0 %
2026/09/20 15:56:42.377, 3, 230.27 W, 31, 2032 MHz, 3996 MHz, 0 %, 0 %
2026/09/20 15:56:42.377, 4, 182.41 W, 35, 120 MHz, 3996 MHz, 0 %, 0 %
2026/09/20 15:56:42.377, 5, 179.46 W, 32, 120 MHz, 3996 MHz, 0 %, 0 %
2026/09/20 15:56:42.377, 6, 180.17 W, 29, 120 MHz, 3996 MHz, 0 %, 0 %
2026/09/20 15:56:42.377, 7, 182.13 W, 29, 120 MHz, 3996 MHz, 0 %, 0 %
2026/09/20 15:56:43.377, 0, 231.83 W, 36, 2032 MHz, 3996 MHz, 0 %, 0 %
2026/09/20 15:56:43.377, 1, 235.69 W, 38, 2032 MHz, 3996 MHz, 0 %, 0 %
2026/09/20 15:56:43.377, 2, 225.99 W, 31, 2032 MHz, 3996 MHz, 0 %, 0 %
2026/09/20 15:56:43.377, 3, 229.98 W, 31, 2032 MHz, 3996 MHz, 0 %, 0 %
2026/09/20 15:56:43.377, 4, 182.60 W, 35, 120 MHz, 3996 MHz, 0 %, 0 %
2026/09/20 15:56:43.377, 5, 179.46 W, 32, 120 MHz, 3996 MHz, 0 %, 0 %
2026/09/20 15:56:43.377, 6, 180.17 W, 29, 120 MHz, 3996 MHz, 0 %, 0 %
2026/09/20 15:56:43.377, 7, 182.13 W, 29, 120 MHz, 3996 MHz, 0 %, 0 %
2026/09/20 15:56:44.377, 0, 231.83 W, 36, 2032 MHz, 3996 MHz, 0 %, 0 %
2026/09/20 15:56:44.377, 1, 235.73 W, 38, 2032 MHz, 3996 MHz, 0 %, 0 %
2026/09/20 15:56:44.377, 2, 225.99 W, 31, 2032 MHz, 3996 MHz, 0 %, 0 %
2026/09/20 15:56:44.377, 3, 229.81 W, 31, 2032 MHz, 3996 MHz, 0 %, 0 %
2026/09/20 15:56:44.377, 4, 182.43 W, 35, 120 MHz, 3996 MHz, 0 %, 0 %
2026/09/20 15:56:44.377, 5, 179.47 W, 32, 120 MHz, 3996 MHz, 0 %, 0 %
2026/09/20 15:56:44.377, 6, 180.17 W, 29, 120 MHz, 3996 MHz, 0 %, 0 %
2026/09/20 15:56:44.377, 7, 182.13 W, 29, 120 MHz, 3996 MHz, 0 %, 0 %
2026/09/20 15:56:45.377, 0, 232.10 W, 36, 2032 MHz, 3996 MHz, 0 %, 0 %
2026/09/20 15:56:45.378, 1, 235.80 W, 38, 2032 MHz, 3996 MHz, 0 %, 0 %
2026/09/20 15:56:45.378, 2, 225.99 W, 31, 2032 MHz, 3996 MHz, 0 %, 0 %
2026/09/20 15:56:45.378, 3, 230.07 W, 31, 2032 MHz, 3996 MHz, 0 %, 0 %
2026/09/20 15:56:45.378, 4, 182.37 W, 35, 120 MHz, 3996 MHz, 0 %, 0 %
2026/09/20 15:56:45.378, 5, 179.46 W, 32, 120 MHz, 3996 MHz, 0 %, 0 %
2026/09/20 15:56:45.378, 6, 180.17 W, 29, 120 MHz, 3996 MHz, 0 %, 0 %
2026/09/20 15:56:45.378, 7, 182.13 W, 29, 120 MHz, 3996 MHz, 0 %, 0 %
2026/09/20 15:56:46.378, 0, 231.99 W, 36, 2032 MHz, 3996 MHz, 0 %, 0 %
2026/09/20 15:56:46.378, 1, 235.88 W, 38, 2032 MHz, 3996 MHz, 0 %, 0 %
2026/09/20 15:56:46.378, 2, 225.98 W, 31, 2032 MHz, 3996 MHz, 0 %, 0 %
2026/09/20 15:56:46.378, 3, 230.30 W, 31, 2032 MHz, 3996 MHz, 0 %, 0 %
2026/09/20 15:56:46.378, 4, 182.27 W, 35, 120 MHz, 3996 MHz, 0 %, 0 %
2026/09/20 15:56:46.378, 5, 179.46 W, 32, 120 MHz, 3996 MHz, 0 %, 0 %
2026/09/20 15:56:46.378, 6, 180.17 W, 29, 120 MHz, 3996 MHz, 0 %, 0 %
2026/09/20 15:56:46.378, 7, 182.13 W, 29, 120 MHz, 3996 MHz, 0 %, 0 %
2026/09/20 15:56:47.378, 0, 231.87 W, 36, 2032 MHz, 3996 MHz, 0 %, 0 %
2026/09/20 15:56:47.378, 1, 235.92 W, 38, 2032 MHz, 3996 MHz, 0 %, 0 %
2026/09/20 15:56:47.378, 2, 226.14 W, 31, 2032 MHz, 3996 MHz, 0 %, 0 %
2026/09/20 15:56:47.378, 3, 229.93 W, 31, 2032 MHz, 3996 MHz, 0 %, 0 %
2026/09/20 15:56:47.378, 4, 182.45 W, 35, 120 MHz, 3996 MHz, 0 %, 0 %
2026/09/20 15:56:47.378, 5, 179.47 W, 32, 120 MHz, 3996 MHz, 0 %, 0 %
2026/09/20 15:56:47.378, 6, 180.17 W, 29, 120 MHz, 3996 MHz, 0 %, 0 %
2026/09/20 15:56:47.378, 7, 182.13 W, 29, 120 MHz, 3996 MHz, 0 %, 0 %
2026/09/20 15:56:48.378, 0, 231.87 W, 36, 2032 MHz, 3996 MHz, 0 %, 0 %
2026/09/20 15:56:48.378, 1, 235.53 W, 38, 2032 MHz, 3996 MHz, 0 %, 0 %
2026/09/20 15:56:48.378, 2, 225.99 W, 31, 2032 MHz, 3996 MHz, 0 %, 0 %
2026/09/20 15:56:48.378, 3, 230.01 W, 31, 2032 MHz, 3996 MHz, 0 %, 0 %
2026/09/20 15:56:48.378, 4, 182.75 W, 35, 120 MHz, 3996 MHz, 0 %, 0 %
2026/09/20 15:56:48.378, 5, 179.46 W, 32, 120 MHz, 3996 MHz, 0 %, 0 %
2026/09/20 15:56:48.379, 6, 180.17 W, 29, 120 MHz, 3996 MHz, 0 %, 0 %
2026/09/20 15:56:48.379, 7, 182.13 W, 29, 120 MHz, 3996 MHz, 0 %, 0 %
2026/09/20 15:56:49.379, 0, 231.83 W, 36, 2032 MHz, 3996 MHz, 0 %, 0 %
2026/09/20 15:56:49.379, 1, 235.65 W, 38, 2032 MHz, 3996 MHz, 0 %, 0 %
2026/09/20 15:56:49.379, 2, 225.99 W, 31, 2032 MHz, 3996 MHz, 0 %, 0 %
2026/09/20 15:56:49.379, 3, 229.72 W, 31, 2032 MHz, 3996 MHz, 0 %, 0 %
2026/09/20 15:56:49.379, 4, 182.39 W, 35, 120 MHz, 3996 MHz, 0 %, 0 %
2026/09/20 15:56:49.379, 5, 179.47 W, 32, 120 MHz, 3996 MHz, 0 %, 0 %
2026/09/20 15:56:49.379, 6, 180.17 W, 29, 120 MHz, 3996 MHz, 0 %, 0 %
2026/09/20 15:56:49.379, 7, 182.13 W, 29, 120 MHz, 3996 MHz, 0 %, 0 %
2026/09/20 15:56:50.379, 0, 231.83 W, 36, 2032 MHz, 3996 MHz, 0 %, 0 %
2026/09/20 15:56:50.379, 1, 235.08 W, 38, 2032 MHz, 3996 MHz, 0 %, 0 %
2026/09/20 15:56:50.379, 2, 225.99 W, 31, 2032 MHz, 3996 MHz, 0 %, 0 %
2026/09/20 15:56:50.379, 3, 229.76 W, 31, 2032 MHz, 3996 MHz, 0 %, 0 %
2026/09/20 15:56:50.379, 4, 182.66 W, 35, 120 MHz, 3996 MHz, 0 %, 0 %
2026/09/20 15:56:50.379, 5, 179.46 W, 32, 120 MHz, 3996 MHz, 0 %, 0 %
2026/09/20 15:56:50.379, 6, 180.17 W, 29, 120 MHz, 3996 MHz, 0 %, 0 %
2026/09/20 15:56:50.379, 7, 182.13 W, 29, 120 MHz, 3996 MHz, 0 %, 0 %
2026/09/20 15:56:51.379, 0, 231.83 W, 36, 2032 MHz, 3996 MHz, 0 %, 0 %
2026/09/20 15:56:51.379, 1, 234.91 W, 38, 2032 MHz, 3996 MHz, 0 %, 0 %
2026/09/20 15:56:51.379, 2, 225.98 W, 31, 2032 MHz, 3996 MHz, 0 %, 0 %
2026/09/20 15:56:51.379, 3, 229.76 W, 31, 2032 MHz, 3996 MHz, 0 %, 0 %
2026/09/20 15:56:51.379, 4, 182.48 W, 35, 120 MHz, 3996 MHz, 0 %, 0 %
2026/09/20 15:56:51.379, 5, 179.47 W, 32, 120 MHz, 3996 MHz, 0 %, 0 %
2026/09/20 15:56:51.379, 6, 180.17 W, 29, 120 MHz, 3996 MHz, 0 %, 0 %
2026/09/20 15:56:51.379, 7, 182.13 W, 29, 120 MHz, 3996 MHz, 0 %, 0 %
2026/09/20 15:56:52.379, 0, 231.83 W, 36, 2032 MHz, 3996 MHz, 0 %, 0 %
2026/09/20 15:56:52.380, 1, 235.15 W, 38, 2032 MHz, 3996 MHz, 0 %, 0 %
2026/09/20 15:56:52.380, 2, 225.98 W, 31, 2032 MHz, 3996 MHz, 0 %, 0 %
2026/09/20 15:56:52.380, 3, 229.83 W, 31, 2032 MHz, 3996 MHz, 0 %, 0 %
2026/09/20 15:56:52.380, 4, 182.27 W, 35, 120 MHz, 3996 MHz, 0 %, 0 %
2026/09/20 15:56:52.380, 5, 179.46 W, 32, 120 MHz, 3996 MHz, 0 %, 0 %
2026/09/20 15:56:52.380, 6, 180.17 W, 29, 120 MHz, 3996 MHz, 0 %, 0 %
2026/09/20 15:56:52.380, 7, 182.13 W, 29, 120 MHz, 3996 MHz, 0 %, 0 %
2026/09/20 15:56:53.380, 0, 231.84 W, 36, 2032 MHz, 3996 MHz, 0 %, 0 %
2026/09/20 15:56:53.380, 1, 235.12 W, 38, 2032 MHz, 3996 MHz, 0 %, 0 %
2026/09/20 15:56:53.380, 2, 225.98 W, 31, 2032 MHz, 3996 MHz, 0 %, 0 %
2026/09/20 15:56:53.380, 3, 229.77 W, 31, 2032 MHz, 3996 MHz, 0 %, 0 %
2026/09/20 15:56:53.380, 4, 182.44 W, 35, 120 MHz, 3996 MHz, 0 %, 0 %
2026/09/20 15:56:53.380, 5, 179.47 W, 32, 120 MHz, 3996 MHz, 0 %, 0 %
2026/09/20 15:56:53.380, 6, 180.17 W, 29, 120 MHz, 3996 MHz, 0 %, 0 %
2026/09/20 15:56:53.380, 7, 182.13 W, 29, 120 MHz, 3996 MHz, 0 %, 0 %
2026/09/20 15:56:54.380, 0, 231.83 W, 36, 2032 MHz, 3996 MHz, 0 %, 0 %
2026/09/20 15:56:54.380, 1, 234.99 W, 38, 2032 MHz, 3996 MHz, 0 %, 0 %
2026/09/20 15:56:54.380, 2, 225.99 W, 31, 2032 MHz, 3996 MHz, 0 %, 0 %
2026/09/20 15:56:54.380, 3, 229.78 W, 31, 2032 MHz, 3996 MHz, 0 %, 0 %
2026/09/20 15:56:54.380, 4, 182.54 W, 35, 120 MHz, 3996 MHz, 0 %, 0 %
2026/09/20 15:56:54.380, 5, 179.46 W, 32, 120 MHz, 3996 MHz, 0 %, 0 %
2026/09/20 15:56:54.380, 6, 180.17 W, 29, 120 MHz, 3996 MHz, 0 %, 0 %
2026/09/20 15:56:54.380, 7, 182.13 W, 29, 120 MHz, 3996 MHz, 0 %, 0 %
2026/09/20 15:56:55.380, 0, 231.83 W, 36, 2032 MHz, 3996 MHz, 0 %, 0 %
2026/09/20 15:56:55.380, 1, 234.93 W, 38, 2032 MHz, 3996 MHz, 0 %, 0 %
2026/09/20 15:56:55.380, 2, 225.98 W, 31, 2032 MHz, 3996 MHz, 0 %, 0 %
2026/09/20 15:56:55.380, 3, 230.82 W, 31, 2032 MHz, 3996 MHz, 12 %, 0 %
2026/09/20 15:56:55.380, 4, 182.44 W, 35, 120 MHz, 3996 MHz, 0 %, 0 %
2026/09/20 15:56:55.380, 5, 179.46 W, 32, 120 MHz, 3996 MHz, 0 %, 0 %
2026/09/20 15:56:55.380, 6, 180.17 W, 29, 120 MHz, 3996 MHz, 0 %, 0 %
2026/09/20 15:56:55.381, 7, 182.13 W, 29, 120 MHz, 3996 MHz, 0 %, 0 %
2026/09/20 15:56:56.381, 0, 231.83 W, 36, 2032 MHz, 3996 MHz, 0 %, 0 %
2026/09/20 15:56:56.381, 1, 235.27 W, 38, 2032 MHz, 3996 MHz, 4 %, 0 %
2026/09/20 15:56:56.381, 2, 225.96 W, 31, 2032 MHz, 3996 MHz, 0 %, 0 %
2026/09/20 15:56:56.381, 3, 236.82 W, 31, 2032 MHz, 3996 MHz, 0 %, 0 %
2026/09/20 15:56:56.381, 4, 182.40 W, 35, 120 MHz, 3996 MHz, 0 %, 0 %
2026/09/20 15:56:56.381, 5, 179.47 W, 32, 120 MHz, 3996 MHz, 0 %, 0 %
2026/09/20 15:56:56.381, 6, 180.17 W, 29, 120 MHz, 3996 MHz, 0 %, 0 %
2026/09/20 15:56:56.381, 7, 182.13 W, 29, 120 MHz, 3996 MHz, 0 %, 0 %
2026/09/20 15:56:57.381, 0, 231.82 W, 36, 2032 MHz, 3996 MHz, 0 %, 0 %
2026/09/20 15:56:57.381, 1, 243.40 W, 38, 2032 MHz, 3996 MHz, 9 %, 2 %
2026/09/20 15:56:57.381, 2, 225.99 W, 31, 2032 MHz, 3996 MHz, 0 %, 0 %
2026/09/20 15:56:57.381, 3, 230.99 W, 31, 2032 MHz, 3996 MHz, 0 %, 0 %
2026/09/20 15:56:57.381, 4, 182.67 W, 35, 120 MHz, 3996 MHz, 0 %, 0 %
2026/09/20 15:56:57.381, 5, 179.47 W, 32, 120 MHz, 3996 MHz, 0 %, 0 %
2026/09/20 15:56:57.381, 6, 180.17 W, 29, 120 MHz, 3996 MHz, 0 %, 0 %
2026/09/20 15:56:57.381, 7, 182.13 W, 29, 120 MHz, 3996 MHz, 0 %, 0 %
2026/09/20 15:56:58.381, 0, 231.83 W, 36, 2032 MHz, 3996 MHz, 0 %, 0 %
2026/09/20 15:56:58.381, 1, 235.88 W, 38, 2032 MHz, 3996 MHz, 0 %, 0 %
2026/09/20 15:56:58.381, 2, 226.37 W, 31, 2032 MHz, 3996 MHz, 12 %, 0 %
2026/09/20 15:56:58.381, 3, 230.48 W, 31, 2032 MHz, 3996 MHz, 0 %, 0 %
2026/09/20 15:56:58.381, 4, 182.60 W, 35, 120 MHz, 3996 MHz, 0 %, 0 %
2026/09/20 15:56:58.381, 5, 179.46 W, 32, 120 MHz, 3996 MHz, 0 %, 0 %
2026/09/20 15:56:58.381, 6, 180.17 W, 29, 120 MHz, 3996 MHz, 0 %, 0 %
2026/09/20 15:56:58.381, 7, 182.13 W, 29, 120 MHz, 3996 MHz, 0 %, 0 %
2026/09/20 15:56:59.381, 0, 231.83 W, 36, 2032 MHz, 3996 MHz, 0 %, 0 %
2026/09/20 15:56:59.382, 1, 235.84 W, 38, 2032 MHz, 3996 MHz, 0 %, 0 %
2026/09/20 15:56:59.382, 2, 233.13 W, 31, 2032 MHz, 3996 MHz, 0 %, 0 %
2026/09/20 15:56:59.382, 3, 230.11 W, 31, 2032 MHz, 3996 MHz, 0 %, 0 %
2026/09/20 15:56:59.382, 4, 182.58 W, 35, 120 MHz, 3996 MHz, 0 %, 0 %
2026/09/20 15:56:59.382, 5, 179.46 W, 32, 120 MHz, 3996 MHz, 0 %, 0 %
2026/09/20 15:56:59.382, 6, 180.17 W, 29, 120 MHz, 3996 MHz, 0 %, 0 %
2026/09/20 15:56:59.382, 7, 182.13 W, 29, 120 MHz, 3996 MHz, 0 %, 0 %
2026/09/20 15:57:00.382, 0, 231.87 W, 36, 2032 MHz, 3996 MHz, 0 %, 0 %
2026/09/20 15:57:00.382, 1, 235.53 W, 38, 2032 MHz, 3996 MHz, 0 %, 0 %
2026/09/20 15:57:00.382, 2, 225.97 W, 31, 2032 MHz, 3996 MHz, 0 %, 0 %
2026/09/20 15:57:00.382, 3, 230.04 W, 31, 2032 MHz, 3996 MHz, 0 %, 0 %
2026/09/20 15:57:00.382, 4, 182.63 W, 35, 120 MHz, 3996 MHz, 0 %, 0 %
2026/09/20 15:57:00.382, 5, 179.47 W, 32, 120 MHz, 3996 MHz, 0 %, 0 %
2026/09/20 15:57:00.382, 6, 180.17 W, 29, 120 MHz, 3996 MHz, 0 %, 0 %
2026/09/20 15:57:00.382, 7, 182.13 W, 29, 120 MHz, 3996 MHz, 0 %, 0 %
2026/09/20 15:57:01.382, 0, 239.08 W, 37, 2032 MHz, 3996 MHz, 12 %, 0 %
2026/09/20 15:57:01.382, 1, 235.75 W, 38, 2032 MHz, 3996 MHz, 0 %, 0 %
2026/09/20 15:57:01.382, 2, 225.98 W, 31, 2032 MHz, 3996 MHz, 0 %, 0 %
2026/09/20 15:57:01.382, 3, 230.18 W, 31, 2032 MHz, 3996 MHz, 0 %, 0 %
2026/09/20 15:57:01.382, 4, 182.52 W, 35, 120 MHz, 3996 MHz, 0 %, 0 %
2026/09/20 15:57:01.382, 5, 179.46 W, 32, 120 MHz, 3996 MHz, 0 %, 0 %
2026/09/20 15:57:01.382, 6, 180.17 W, 29, 120 MHz, 3996 MHz, 0 %, 0 %
2026/09/20 15:57:01.382, 7, 182.13 W, 29, 120 MHz, 3996 MHz, 0 %, 0 %
2026/09/20 15:57:02.382, 0, 239.62 W, 37, 2032 MHz, 3996 MHz, 0 %, 0 %
2026/09/20 15:57:02.382, 1, 241.95 W, 38, 2032 MHz, 3996 MHz, 0 %, 0 %
2026/09/20 15:57:02.382, 2, 232.14 W, 31, 2032 MHz, 3996 MHz, 0 %, 0 %
2026/09/20 15:57:02.382, 3, 236.10 W, 31, 2032 MHz, 3996 MHz, 0 %, 0 %
2026/09/20 15:57:02.382, 4, 182.19 W, 35, 120 MHz, 3996 MHz, 0 %, 0 %
2026/09/20 15:57:02.383, 5, 179.46 W, 32, 120 MHz, 3996 MHz, 0 %, 0 %
2026/09/20 15:57:02.383, 6, 180.17 W, 29, 120 MHz, 3996 MHz, 0 %, 0 %
2026/09/20 15:57:02.383, 7, 182.13 W, 29, 120 MHz, 3996 MHz, 0 %, 0 %
2026/09/20 15:57:03.383, 0, 231.95 W, 36, 2032 MHz, 3996 MHz, 0 %, 0 %
2026/09/20 15:57:03.383, 1, 235.76 W, 38, 2032 MHz, 3996 MHz, 0 %, 0 %
2026/09/20 15:57:03.383, 2, 225.99 W, 31, 2032 MHz, 3996 MHz, 0 %, 0 %
2026/09/20 15:57:03.383, 3, 229.98 W, 31, 2032 MHz, 3996 MHz, 0 %, 0 %
2026/09/20 15:57:03.383, 4, 182.51 W, 35, 120 MHz, 3996 MHz, 0 %, 0 %
2026/09/20 15:57:03.383, 5, 179.46 W, 32, 120 MHz, 3996 MHz, 0 %, 0 %
2026/09/20 15:57:03.383, 6, 180.17 W, 29, 120 MHz, 3996 MHz, 0 %, 0 %
2026/09/20 15:57:03.383, 7, 182.13 W, 29, 120 MHz, 3996 MHz, 0 %, 0 %
2026/09/20 15:57:04.383, 0, 231.91 W, 36, 2032 MHz, 3996 MHz, 0 %, 0 %
2026/09/20 15:57:04.383, 1, 235.84 W, 38, 2032 MHz, 3996 MHz, 0 %, 0 %
2026/09/20 15:57:04.383, 2, 226.06 W, 31, 2032 MHz, 3996 MHz, 1 %, 0 %
2026/09/20 15:57:04.383, 3, 230.43 W, 31, 2032 MHz, 3996 MHz, 1 %, 0 %
2026/09/20 15:57:04.383, 4, 182.63 W, 35, 120 MHz, 3996 MHz, 0 %, 0 %
2026/09/20 15:57:04.383, 5, 179.47 W, 32, 120 MHz, 3996 MHz, 0 %, 0 %
2026/09/20 15:57:04.383, 6, 180.17 W, 29, 120 MHz, 3996 MHz, 0 %, 0 %
2026/09/20 15:57:04.383, 7, 182.13 W, 29, 120 MHz, 3996 MHz, 0 %, 0 %
2026/09/20 15:57:05.383, 0, 231.98 W, 36, 2032 MHz, 3996 MHz, 0 %, 0 %
2026/09/20 15:57:05.384, 1, 235.76 W, 38, 2032 MHz, 3996 MHz, 0 %, 0 %
2026/09/20 15:57:05.384, 2, 226.10 W, 31, 2032 MHz, 3996 MHz, 0 %, 0 %
2026/09/20 15:57:05.384, 3, 230.25 W, 31, 2032 MHz, 3996 MHz, 0 %, 0 %
2026/09/20 15:57:05.384, 4, 182.29 W, 35, 120 MHz, 3996 MHz, 0 %, 0 %
2026/09/20 15:57:05.384, 5, 179.47 W, 32, 120 MHz, 3996 MHz, 0 %, 0 %
2026/09/20 15:57:05.384, 6, 180.17 W, 29, 120 MHz, 3996 MHz, 0 %, 0 %
2026/09/20 15:57:05.384, 7, 182.13 W, 29, 120 MHz, 3996 MHz, 0 %, 0 %
2026/09/20 15:57:06.384, 0, 231.83 W, 36, 2032 MHz, 3996 MHz, 0 %, 0 %
2026/09/20 15:57:06.384, 1, 235.80 W, 38, 2032 MHz, 3996 MHz, 0 %, 0 %
2026/09/20 15:57:06.384, 2, 225.99 W, 31, 2032 MHz, 3996 MHz, 0 %, 0 %
2026/09/20 15:57:06.384, 3, 229.87 W, 31, 2032 MHz, 3996 MHz, 0 %, 0 %
2026/09/20 15:57:06.384, 4, 182.41 W, 35, 120 MHz, 3996 MHz, 0 %, 0 %
2026/09/20 15:57:06.384, 5, 179.47 W, 32, 120 MHz, 3996 MHz, 0 %, 0 %
2026/09/20 15:57:06.384, 6, 180.17 W, 29, 120 MHz, 3996 MHz, 0 %, 0 %
2026/09/20 15:57:06.384, 7, 182.13 W, 29, 120 MHz, 3996 MHz, 0 %, 0 %
2026/09/20 15:57:07.384, 0, 232.06 W, 36, 2032 MHz, 3996 MHz, 0 %, 0 %
2026/09/20 15:57:07.384, 1, 235.88 W, 38, 2032 MHz, 3996 MHz, 0 %, 0 %
2026/09/20 15:57:07.384, 2, 225.99 W, 31, 2032 MHz, 3996 MHz, 0 %, 0 %
2026/09/20 15:57:07.384, 3, 230.41 W, 31, 2032 MHz, 3996 MHz, 0 %, 0 %
2026/09/20 15:57:07.384, 4, 182.37 W, 35, 120 MHz, 3996 MHz, 0 %, 0 %
2026/09/20 15:57:07.385, 5, 179.47 W, 32, 120 MHz, 3996 MHz, 0 %, 0 %
2026/09/20 15:57:07.385, 6, 180.17 W, 29, 120 MHz, 3996 MHz, 0 %, 0 %
2026/09/20 15:57:07.385, 7, 182.13 W, 29, 120 MHz, 3996 MHz, 0 %, 0 %
2026/09/20 15:57:08.385, 0, 252.41 W, 37, 2032 MHz, 3996 MHz, 8 %, 3 %
2026/09/20 15:57:08.385, 1, 257.76 W, 39, 2032 MHz, 3996 MHz, 44 %, 25 %
2026/09/20 15:57:08.385, 2, 246.79 W, 32, 2032 MHz, 3996 MHz, 39 %, 23 %
2026/09/20 15:57:08.385, 3, 252.29 W, 32, 2032 MHz, 3996 MHz, 23 %, 11 %
2026/09/20 15:57:08.385, 4, 182.31 W, 35, 120 MHz, 3996 MHz, 0 %, 0 %
2026/09/20 15:57:08.385, 5, 179.46 W, 32, 120 MHz, 3996 MHz, 0 %, 0 %
2026/09/20 15:57:08.385, 6, 180.17 W, 29, 120 MHz, 3996 MHz, 0 %, 0 %
2026/09/20 15:57:08.385, 7, 182.13 W, 29, 120 MHz, 3996 MHz, 0 %, 0 %
2026/09/20 15:57:09.385, 0, 245.74 W, 37, 2032 MHz, 3996 MHz, 5 %, 0 %
2026/09/20 15:57:09.385, 1, 236.49 W, 38, 2032 MHz, 3996 MHz, 0 %, 0 %
2026/09/20 15:57:09.385, 2, 226.89 W, 31, 2032 MHz, 3996 MHz, 0 %, 0 %
2026/09/20 15:57:09.385, 3, 232.06 W, 31, 2032 MHz, 3996 MHz, 0 %, 0 %
2026/09/20 15:57:09.385, 4, 182.52 W, 35, 120 MHz, 3996 MHz, 0 %, 0 %
2026/09/20 15:57:09.385, 5, 179.47 W, 32, 120 MHz, 3996 MHz, 0 %, 0 %
2026/09/20 15:57:09.385, 6, 180.17 W, 29, 120 MHz, 3996 MHz, 0 %, 0 %
2026/09/20 15:57:09.385, 7, 182.13 W, 29, 120 MHz, 3996 MHz, 0 %, 0 %
2026/09/20 15:57:10.385, 0, 233.63 W, 37, 2032 MHz, 3996 MHz, 0 %, 0 %
2026/09/20 15:57:10.385, 1, 235.88 W, 38, 2032 MHz, 3996 MHz, 0 %, 0 %
2026/09/20 15:57:10.385, 2, 226.64 W, 31, 2032 MHz, 3996 MHz, 0 %, 0 %
2026/09/20 15:57:10.385, 3, 231.47 W, 31, 2032 MHz, 3996 MHz, 0 %, 0 %
2026/09/20 15:57:10.385, 4, 182.41 W, 35, 120 MHz, 3996 MHz, 0 %, 0 %
2026/09/20 15:57:10.385, 5, 179.46 W, 32, 120 MHz, 3996 MHz, 0 %, 0 %
2026/09/20 15:57:10.385, 6, 180.17 W, 29, 120 MHz, 3996 MHz, 0 %, 0 %
2026/09/20 15:57:10.385, 7, 182.13 W, 29, 120 MHz, 3996 MHz, 0 %, 0 %
2026/09/20 15:57:11.386, 0, 233.40 W, 37, 2032 MHz, 3996 MHz, 0 %, 0 %
2026/09/20 15:57:11.386, 1, 235.88 W, 38, 2032 MHz, 3996 MHz, 0 %, 0 %
2026/09/20 15:57:11.386, 2, 226.70 W, 31, 2032 MHz, 3996 MHz, 0 %, 0 %
2026/09/20 15:57:11.386, 3, 231.55 W, 31, 2032 MHz, 3996 MHz, 0 %, 0 %
2026/09/20 15:57:11.386, 4, 182.35 W, 35, 120 MHz, 3996 MHz, 0 %, 0 %
2026/09/20 15:57:11.386, 5, 179.47 W, 32, 120 MHz, 3996 MHz, 0 %, 0 %
2026/09/20 15:57:11.386, 6, 180.17 W, 29, 120 MHz, 3996 MHz, 0 %, 0 %
2026/09/20 15:57:11.386, 7, 182.13 W, 29, 120 MHz, 3996 MHz, 0 %, 0 %
2026/09/20 15:57:12.386, 0, 233.43 W, 37, 2032 MHz, 3996 MHz, 0 %, 0 %
2026/09/20 15:57:12.386, 1, 235.88 W, 38, 2032 MHz, 3996 MHz, 0 %, 0 %
2026/09/20 15:57:12.386, 2, 226.64 W, 31, 2032 MHz, 3996 MHz, 0 %, 0 %
2026/09/20 15:57:12.386, 3, 231.36 W, 31, 2032 MHz, 3996 MHz, 0 %, 0 %
2026/09/20 15:57:12.386, 4, 182.52 W, 35, 120 MHz, 3996 MHz, 0 %, 0 %
2026/09/20 15:57:12.386, 5, 179.47 W, 32, 120 MHz, 3996 MHz, 0 %, 0 %
2026/09/20 15:57:12.386, 6, 180.17 W, 29, 120 MHz, 3996 MHz, 0 %, 0 %
2026/09/20 15:57:12.386, 7, 182.13 W, 29, 120 MHz, 3996 MHz, 0 %, 0 %
2026/09/20 15:57:13.386, 0, 233.23 W, 36, 2032 MHz, 3996 MHz, 0 %, 0 %
2026/09/20 15:57:13.386, 1, 235.88 W, 38, 2032 MHz, 3996 MHz, 0 %, 0 %
2026/09/20 15:57:13.386, 2, 226.62 W, 31, 2032 MHz, 3996 MHz, 0 %, 0 %
2026/09/20 15:57:13.386, 3, 231.58 W, 31, 2032 MHz, 3996 MHz, 0 %, 0 %
2026/09/20 15:57:13.386, 4, 182.62 W, 35, 120 MHz, 3996 MHz, 0 %, 0 %
2026/09/20 15:57:13.386, 5, 179.47 W, 32, 120 MHz, 3996 MHz, 0 %, 0 %
2026/09/20 15:57:13.386, 6, 180.17 W, 29, 120 MHz, 3996 MHz, 0 %, 0 %
2026/09/20 15:57:13.386, 7, 182.13 W, 29, 120 MHz, 3996 MHz, 0 %, 0 %
2026/09/20 15:57:14.386, 0, 232.86 W, 36, 2032 MHz, 3996 MHz, 0 %, 0 %
2026/09/20 15:57:14.386, 1, 235.88 W, 38, 2032 MHz, 3996 MHz, 0 %, 0 %
2026/09/20 15:57:14.387, 2, 226.67 W, 31, 2032 MHz, 3996 MHz, 0 %, 0 %
2026/09/20 15:57:14.387, 3, 231.45 W, 31, 2032 MHz, 3996 MHz, 0 %, 0 %
2026/09/20 15:57:14.387, 4, 182.60 W, 35, 120 MHz, 3996 MHz, 0 %, 0 %
2026/09/20 15:57:14.387, 5, 179.47 W, 32, 120 MHz, 3996 MHz, 0 %, 0 %
2026/09/20 15:57:14.387, 6, 180.17 W, 29, 120 MHz, 3996 MHz, 0 %, 0 %
2026/09/20 15:57:14.387, 7, 182.13 W, 29, 120 MHz, 3996 MHz, 0 %, 0 %
2026/09/20 15:57:15.387, 0, 231.83 W, 36, 2032 MHz, 3996 MHz, 0 %, 0 %
2026/09/20 15:57:15.387, 1, 236.03 W, 38, 2032 MHz, 3996 MHz, 0 %, 0 %
2026/09/20 15:57:15.387, 2, 226.21 W, 31, 2032 MHz, 3996 MHz, 0 %, 0 %
2026/09/20 15:57:15.387, 3, 230.96 W, 31, 2032 MHz, 3996 MHz, 0 %, 0 %
2026/09/20 15:57:15.387, 4, 182.64 W, 35, 120 MHz, 3996 MHz, 0 %, 0 %
2026/09/20 15:57:15.387, 5, 179.47 W, 32, 120 MHz, 3996 MHz, 0 %, 0 %
2026/09/20 15:57:15.387, 6, 180.17 W, 29, 120 MHz, 3996 MHz, 0 %, 0 %
2026/09/20 15:57:15.387, 7, 182.13 W, 29, 120 MHz, 3996 MHz, 0 %, 0 %
2026/09/20 15:57:16.387, 0, 232.10 W, 36, 2032 MHz, 3996 MHz, 0 %, 0 %
2026/09/20 15:57:16.387, 1, 235.84 W, 38, 2032 MHz, 3996 MHz, 0 %, 0 %
2026/09/20 15:57:16.387, 2, 226.14 W, 31, 2032 MHz, 3996 MHz, 5 %, 1 %
2026/09/20 15:57:16.387, 3, 230.35 W, 31, 2032 MHz, 3996 MHz, 0 %, 0 %
2026/09/20 15:57:16.387, 4, 182.31 W, 35, 120 MHz, 3996 MHz, 0 %, 0 %
2026/09/20 15:57:16.387, 5, 179.46 W, 32, 120 MHz, 3996 MHz, 0 %, 0 %
2026/09/20 15:57:16.387, 6, 180.17 W, 29, 120 MHz, 3996 MHz, 0 %, 0 %
2026/09/20 15:57:16.387, 7, 182.13 W, 29, 120 MHz, 3996 MHz, 0 %, 0 %
2026/09/20 15:57:17.387, 0, 232.14 W, 37, 2032 MHz, 3996 MHz, 5 %, 1 %
2026/09/20 15:57:17.387, 1, 235.65 W, 38, 2032 MHz, 3996 MHz, 0 %, 0 %
2026/09/20 15:57:17.387, 2, 225.99 W, 31, 2032 MHz, 3996 MHz, 0 %, 0 %
2026/09/20 15:57:17.387, 3, 230.32 W, 31, 2032 MHz, 3996 MHz, 0 %, 0 %
2026/09/20 15:57:17.387, 4, 182.33 W, 35, 120 MHz, 3996 MHz, 0 %, 0 %
2026/09/20 15:57:17.388, 5, 179.47 W, 32, 120 MHz, 3996 MHz, 0 %, 0 %
2026/09/20 15:57:17.388, 6, 180.17 W, 29, 120 MHz, 3996 MHz, 0 %, 0 %
2026/09/20 15:57:17.388, 7, 182.13 W, 29, 120 MHz, 3996 MHz, 0 %, 0 %
2026/09/20 15:57:18.388, 0, 231.87 W, 36, 2032 MHz, 3996 MHz, 0 %, 0 %
2026/09/20 15:57:18.388, 1, 235.84 W, 38, 2032 MHz, 3996 MHz, 0 %, 0 %
2026/09/20 15:57:18.388, 2, 226.20 W, 31, 2032 MHz, 3996 MHz, 0 %, 0 %
2026/09/20 15:57:18.388, 3, 230.34 W, 31, 2032 MHz, 3996 MHz, 0 %, 0 %
2026/09/20 15:57:18.388, 4, 182.51 W, 35, 120 MHz, 3996 MHz, 0 %, 0 %
2026/09/20 15:57:18.388, 5, 179.47 W, 32, 120 MHz, 3996 MHz, 0 %, 0 %
2026/09/20 15:57:18.388, 6, 180.17 W, 29, 120 MHz, 3996 MHz, 0 %, 0 %
2026/09/20 15:57:18.388, 7, 182.13 W, 29, 120 MHz, 3996 MHz, 0 %, 0 %
2026/09/20 15:57:19.388, 0, 232.41 W, 36, 2032 MHz, 3996 MHz, 0 %, 0 %
2026/09/20 15:57:19.388, 1, 235.69 W, 38, 2032 MHz, 3996 MHz, 0 %, 0 %
2026/09/20 15:57:19.388, 2, 225.99 W, 31, 2032 MHz, 3996 MHz, 0 %, 0 %
2026/09/20 15:57:19.388, 3, 230.16 W, 31, 2032 MHz, 3996 MHz, 0 %, 0 %
2026/09/20 15:57:19.388, 4, 182.62 W, 35, 120 MHz, 3996 MHz, 0 %, 0 %
2026/09/20 15:57:19.388, 5, 179.47 W, 32, 120 MHz, 3996 MHz, 0 %, 0 %
2026/09/20 15:57:19.388, 6, 180.17 W, 29, 120 MHz, 3996 MHz, 0 %, 0 %
2026/09/20 15:57:19.388, 7, 182.13 W, 29, 120 MHz, 3996 MHz, 0 %, 0 %
2026/09/20 15:57:20.388, 0, 231.91 W, 36, 2032 MHz, 3996 MHz, 0 %, 0 %
2026/09/20 15:57:20.388, 1, 235.80 W, 38, 2032 MHz, 3996 MHz, 0 %, 0 %
2026/09/20 15:57:20.388, 2, 226.40 W, 31, 2032 MHz, 3996 MHz, 0 %, 0 %
2026/09/20 15:57:20.388, 3, 230.44 W, 31, 2032 MHz, 3996 MHz, 0 %, 0 %
2026/09/20 15:57:20.388, 4, 182.48 W, 35, 120 MHz, 3996 MHz, 0 %, 0 %
2026/09/20 15:57:20.388, 5, 179.47 W, 32, 120 MHz, 3996 MHz, 0 %, 0 %
2026/09/20 15:57:20.388, 6, 180.17 W, 29, 120 MHz, 3996 MHz, 0 %, 0 %
2026/09/20 15:57:20.388, 7, 182.13 W, 29, 120 MHz, 3996 MHz, 0 %, 0 %
2026/09/20 15:57:21.389, 0, 232.14 W, 36, 2032 MHz, 3996 MHz, 0 %, 0 %
2026/09/20 15:57:21.389, 1, 235.50 W, 38, 2032 MHz, 3996 MHz, 0 %, 0 %
2026/09/20 15:57:21.389, 2, 226.02 W, 31, 2032 MHz, 3996 MHz, 0 %, 0 %
2026/09/20 15:57:21.389, 3, 229.90 W, 31, 2032 MHz, 3996 MHz, 0 %, 0 %
2026/09/20 15:57:21.389, 4, 182.74 W, 35, 120 MHz, 3996 MHz, 0 %, 0 %
2026/09/20 15:57:21.389, 5, 179.47 W, 32, 120 MHz, 3996 MHz, 0 %, 0 %
2026/09/20 15:57:21.389, 6, 180.17 W, 29, 120 MHz, 3996 MHz, 0 %, 0 %
2026/09/20 15:57:21.389, 7, 182.13 W, 29, 120 MHz, 3996 MHz, 0 %, 0 %
2026/09/20 15:57:22.389, 0, 232.56 W, 37, 2032 MHz, 3996 MHz, 0 %, 0 %
2026/09/20 15:57:22.389, 1, 236.80 W, 38, 2032 MHz, 3996 MHz, 0 %, 0 %
2026/09/20 15:57:22.389, 2, 226.87 W, 31, 2032 MHz, 3996 MHz, 0 %, 0 %
2026/09/20 15:57:22.389, 3, 230.61 W, 31, 2032 MHz, 3996 MHz, 0 %, 0 %
2026/09/20 15:57:22.389, 4, 182.58 W, 35, 120 MHz, 3996 MHz, 0 %, 0 %
2026/09/20 15:57:22.389, 5, 179.47 W, 32, 120 MHz, 3996 MHz, 0 %, 0 %
2026/09/20 15:57:22.389, 6, 180.17 W, 29, 120 MHz, 3996 MHz, 0 %, 0 %
2026/09/20 15:57:22.389, 7, 182.13 W, 29, 120 MHz, 3996 MHz, 0 %, 0 %
2026/09/20 15:57:23.389, 0, 232.06 W, 37, 2032 MHz, 3996 MHz, 0 %, 0 %
2026/09/20 15:57:23.389, 1, 236.00 W, 38, 2032 MHz, 3996 MHz, 5 %, 1 %
2026/09/20 15:57:23.389, 2, 226.53 W, 31, 2032 MHz, 3996 MHz, 0 %, 0 %
2026/09/20 15:57:23.389, 3, 230.40 W, 31, 2032 MHz, 3996 MHz, 5 %, 0 %
2026/09/20 15:57:23.389, 4, 182.45 W, 35, 120 MHz, 3996 MHz, 0 %, 0 %
2026/09/20 15:57:23.389, 5, 179.46 W, 32, 120 MHz, 3996 MHz, 0 %, 0 %
2026/09/20 15:57:23.389, 6, 180.17 W, 29, 120 MHz, 3996 MHz, 0 %, 0 %
2026/09/20 15:57:23.389, 7, 182.13 W, 29, 120 MHz, 3996 MHz, 0 %, 0 %
2026/09/20 15:57:24.389, 0, 232.25 W, 36, 2032 MHz, 3996 MHz, 5 %, 1 %
2026/09/20 15:57:24.389, 1, 235.68 W, 38, 2032 MHz, 3996 MHz, 0 %, 0 %
2026/09/20 15:57:24.389, 2, 226.02 W, 31, 2032 MHz, 3996 MHz, 0 %, 0 %
2026/09/20 15:57:24.389, 3, 230.22 W, 31, 2032 MHz, 3996 MHz, 0 %, 0 %
2026/09/20 15:57:24.389, 4, 182.55 W, 35, 120 MHz, 3996 MHz, 0 %, 0 %
2026/09/20 15:57:24.390, 5, 179.46 W, 32, 120 MHz, 3996 MHz, 0 %, 0 %
2026/09/20 15:57:24.390, 6, 180.17 W, 29, 120 MHz, 3996 MHz, 0 %, 0 %
2026/09/20 15:57:24.390, 7, 182.13 W, 29, 120 MHz, 3996 MHz, 0 %, 0 %
2026/09/20 15:57:25.390, 0, 231.83 W, 36, 2032 MHz, 3996 MHz, 0 %, 0 %
2026/09/20 15:57:25.390, 1, 235.65 W, 38, 2032 MHz, 3996 MHz, 0 %, 0 %
2026/09/20 15:57:25.390, 2, 226.45 W, 31, 2032 MHz, 3996 MHz, 0 %, 0 %
2026/09/20 15:57:25.390, 3, 230.44 W, 31, 2032 MHz, 3996 MHz, 0 %, 0 %
2026/09/20 15:57:25.390, 4, 182.71 W, 35, 120 MHz, 3996 MHz, 0 %, 0 %
2026/09/20 15:57:25.390, 5, 179.47 W, 32, 120 MHz, 3996 MHz, 0 %, 0 %
2026/09/20 15:57:25.390, 6, 180.17 W, 29, 120 MHz, 3996 MHz, 0 %, 0 %
2026/09/20 15:57:25.390, 7, 182.13 W, 29, 120 MHz, 3996 MHz, 0 %, 0 %
2026/09/20 15:57:26.390, 0, 232.22 W, 36, 2032 MHz, 3996 MHz, 0 %, 0 %
2026/09/20 15:57:26.390, 1, 235.80 W, 38, 2032 MHz, 3996 MHz, 0 %, 0 %
2026/09/20 15:57:26.390, 2, 225.99 W, 31, 2032 MHz, 3996 MHz, 0 %, 0 %
2026/09/20 15:57:26.390, 3, 230.18 W, 31, 2032 MHz, 3996 MHz, 0 %, 0 %
2026/09/20 15:57:26.390, 4, 182.82 W, 35, 120 MHz, 3996 MHz, 0 %, 0 %
2026/09/20 15:57:26.390, 5, 179.47 W, 32, 120 MHz, 3996 MHz, 0 %, 0 %
2026/09/20 15:57:26.390, 6, 180.17 W, 29, 120 MHz, 3996 MHz, 0 %, 0 %
2026/09/20 15:57:26.390, 7, 182.13 W, 29, 120 MHz, 3996 MHz, 0 %, 0 %
2026/09/20 15:57:27.390, 0, 232.59 W, 37, 2032 MHz, 3996 MHz, 0 %, 0 %
2026/09/20 15:57:27.390, 1, 236.93 W, 38, 2032 MHz, 3996 MHz, 0 %, 0 %
2026/09/20 15:57:27.390, 2, 227.01 W, 31, 2032 MHz, 3996 MHz, 0 %, 0 %
2026/09/20 15:57:27.390, 3, 231.04 W, 31, 2032 MHz, 3996 MHz, 0 %, 0 %
2026/09/20 15:57:27.390, 4, 182.60 W, 35, 120 MHz, 3996 MHz, 0 %, 0 %
2026/09/20 15:57:27.390, 5, 179.46 W, 32, 120 MHz, 3996 MHz, 0 %, 0 %
2026/09/20 15:57:27.390, 6, 180.17 W, 29, 120 MHz, 3996 MHz, 0 %, 0 %
2026/09/20 15:57:27.390, 7, 182.13 W, 29, 120 MHz, 3996 MHz, 0 %, 0 %
2026/09/20 15:57:28.391, 0, 232.13 W, 37, 2032 MHz, 3996 MHz, 0 %, 0 %
2026/09/20 15:57:28.391, 1, 235.69 W, 38, 2032 MHz, 3996 MHz, 0 %, 0 %
2026/09/20 15:57:28.391, 2, 226.06 W, 31, 2032 MHz, 3996 MHz, 0 %, 0 %
2026/09/20 15:57:28.391, 3, 230.17 W, 31, 2032 MHz, 3996 MHz, 0 %, 0 %
2026/09/20 15:57:28.391, 4, 182.90 W, 35, 120 MHz, 3996 MHz, 0 %, 0 %
2026/09/20 15:57:28.391, 5, 179.47 W, 32, 120 MHz, 3996 MHz, 0 %, 0 %
2026/09/20 15:57:28.391, 6, 180.17 W, 29, 120 MHz, 3996 MHz, 0 %, 0 %
2026/09/20 15:57:28.391, 7, 182.13 W, 29, 120 MHz, 3996 MHz, 0 %, 0 %
2026/09/20 15:57:29.391, 0, 231.99 W, 36, 2032 MHz, 3996 MHz, 0 %, 0 %
2026/09/20 15:57:29.391, 1, 236.11 W, 38, 2032 MHz, 3996 MHz, 0 %, 0 %
2026/09/20 15:57:29.391, 2, 226.29 W, 31, 2032 MHz, 3996 MHz, 0 %, 0 %
2026/09/20 15:57:29.391, 3, 230.46 W, 31, 2032 MHz, 3996 MHz, 0 %, 0 %
2026/09/20 15:57:29.391, 4, 182.48 W, 35, 120 MHz, 3996 MHz, 0 %, 0 %
2026/09/20 15:57:29.391, 5, 179.47 W, 32, 120 MHz, 3996 MHz, 0 %, 0 %
2026/09/20 15:57:29.391, 6, 180.13 W, 29, 120 MHz, 3996 MHz, 0 %, 0 %
2026/09/20 15:57:29.391, 7, 182.13 W, 29, 120 MHz, 3996 MHz, 0 %, 0 %
2026/09/20 15:57:30.391, 0, 232.57 W, 36, 2032 MHz, 3996 MHz, 0 %, 0 %
2026/09/20 15:57:30.391, 1, 236.22 W, 38, 2032 MHz, 3996 MHz, 0 %, 0 %
2026/09/20 15:57:30.391, 2, 226.40 W, 31, 2032 MHz, 3996 MHz, 4 %, 0 %
2026/09/20 15:57:30.391, 3, 230.28 W, 31, 2032 MHz, 3996 MHz, 0 %, 0 %
2026/09/20 15:57:30.391, 4, 182.60 W, 35, 120 MHz, 3996 MHz, 0 %, 0 %
2026/09/20 15:57:30.392, 5, 179.46 W, 32, 120 MHz, 3996 MHz, 0 %, 0 %
2026/09/20 15:57:30.392, 6, 180.17 W, 29, 120 MHz, 3996 MHz, 0 %, 0 %
2026/09/20 15:57:30.392, 7, 182.13 W, 29, 120 MHz, 3996 MHz, 0 %, 0 %
2026/09/20 15:57:31.392, 0, 232.46 W, 37, 2032 MHz, 3996 MHz, 0 %, 0 %
2026/09/20 15:57:31.392, 1, 235.88 W, 38, 2032 MHz, 3996 MHz, 0 %, 0 %
2026/09/20 15:57:31.392, 2, 225.98 W, 31, 2032 MHz, 3996 MHz, 0 %, 0 %
2026/09/20 15:57:31.392, 3, 230.15 W, 31, 2032 MHz, 3996 MHz, 0 %, 0 %
2026/09/20 15:57:31.392, 4, 182.62 W, 35, 120 MHz, 3996 MHz, 0 %, 0 %
2026/09/20 15:57:31.392, 5, 179.46 W, 32, 120 MHz, 3996 MHz, 0 %, 0 %
2026/09/20 15:57:31.392, 6, 180.17 W, 29, 120 MHz, 3996 MHz, 0 %, 0 %
2026/09/20 15:57:31.392, 7, 182.13 W, 29, 120 MHz, 3996 MHz, 0 %, 0 %
2026/09/20 15:57:32.392, 0, 232.78 W, 37, 2032 MHz, 3996 MHz, 11 %, 1 %
2026/09/20 15:57:32.392, 1, 236.98 W, 38, 2032 MHz, 3996 MHz, 0 %, 0 %
2026/09/20 15:57:32.392, 2, 226.96 W, 31, 2032 MHz, 3996 MHz, 0 %, 0 %
2026/09/20 15:57:32.392, 3, 230.46 W, 31, 2032 MHz, 3996 MHz, 16 %, 1 %
2026/09/20 15:57:32.392, 4, 182.67 W, 35, 120 MHz, 3996 MHz, 0 %, 0 %
2026/09/20 15:57:32.392, 5, 179.46 W, 32, 120 MHz, 3996 MHz, 0 %, 0 %
2026/09/20 15:57:32.392, 6, 180.17 W, 29, 120 MHz, 3996 MHz, 0 %, 0 %
2026/09/20 15:57:32.392, 7, 182.13 W, 29, 120 MHz, 3996 MHz, 0 %, 0 %
2026/09/20 15:57:33.392, 0, 232.82 W, 37, 2032 MHz, 3996 MHz, 0 %, 0 %
2026/09/20 15:57:33.392, 1, 235.88 W, 38, 2032 MHz, 3996 MHz, 0 %, 0 %
2026/09/20 15:57:33.392, 2, 226.02 W, 31, 2032 MHz, 3996 MHz, 0 %, 0 %
2026/09/20 15:57:33.392, 3, 230.32 W, 31, 2032 MHz, 3996 MHz, 0 %, 0 %
2026/09/20 15:57:33.392, 4, 182.71 W, 35, 120 MHz, 3996 MHz, 0 %, 0 %
2026/09/20 15:57:33.392, 5, 179.47 W, 32, 120 MHz, 3996 MHz, 0 %, 0 %
2026/09/20 15:57:33.392, 6, 180.13 W, 29, 120 MHz, 3996 MHz, 0 %, 0 %
2026/09/20 15:57:33.392, 7, 182.13 W, 29, 120 MHz, 3996 MHz, 0 %, 0 %
2026/09/20 15:57:34.392, 0, 231.94 W, 37, 2032 MHz, 3996 MHz, 0 %, 0 %
2026/09/20 15:57:34.393, 1, 236.11 W, 38, 2032 MHz, 3996 MHz, 0 %, 0 %
2026/09/20 15:57:34.393, 2, 226.63 W, 31, 2032 MHz, 3996 MHz, 0 %, 0 %
2026/09/20 15:57:34.393, 3, 230.02 W, 31, 2032 MHz, 3996 MHz, 0 %, 0 %
2026/09/20 15:57:34.393, 4, 182.55 W, 35, 120 MHz, 3996 MHz, 0 %, 0 %
2026/09/20 15:57:34.393, 5, 179.47 W, 32, 120 MHz, 3996 MHz, 0 %, 0 %
2026/09/20 15:57:34.393, 6, 180.17 W, 29, 120 MHz, 3996 MHz, 0 %, 0 %
2026/09/20 15:57:34.393, 7, 182.13 W, 29, 120 MHz, 3996 MHz, 0 %, 0 %
2026/09/20 15:57:35.393, 0, 232.67 W, 37, 2032 MHz, 3996 MHz, 0 %, 0 %
2026/09/20 15:57:35.393, 1, 235.72 W, 38, 2032 MHz, 3996 MHz, 0 %, 0 %
2026/09/20 15:57:35.393, 2, 226.02 W, 31, 2032 MHz, 3996 MHz, 0 %, 0 %
2026/09/20 15:57:35.393, 3, 230.06 W, 31, 2032 MHz, 3996 MHz, 0 %, 0 %
2026/09/20 15:57:35.393, 4, 182.62 W, 35, 120 MHz, 3996 MHz, 0 %, 0 %
2026/09/20 15:57:35.393, 5, 179.46 W, 32, 120 MHz, 3996 MHz, 0 %, 0 %
2026/09/20 15:57:35.393, 6, 180.17 W, 29, 120 MHz, 3996 MHz, 0 %, 0 %
2026/09/20 15:57:35.393, 7, 182.13 W, 29, 120 MHz, 3996 MHz, 0 %, 0 %
2026/09/20 15:57:36.393, 0, 234.04 W, 37, 2032 MHz, 3996 MHz, 0 %, 0 %
2026/09/20 15:57:36.393, 1, 238.09 W, 38, 2032 MHz, 3996 MHz, 0 %, 0 %
2026/09/20 15:57:36.393, 2, 227.84 W, 31, 2032 MHz, 3996 MHz, 0 %, 0 %
2026/09/20 15:57:36.393, 3, 230.72 W, 31, 2032 MHz, 3996 MHz, 0 %, 0 %
2026/09/20 15:57:36.393, 4, 182.47 W, 35, 120 MHz, 3996 MHz, 0 %, 0 %
2026/09/20 15:57:36.393, 5, 179.47 W, 32, 120 MHz, 3996 MHz, 0 %, 0 %
2026/09/20 15:57:36.393, 6, 180.17 W, 29, 120 MHz, 3996 MHz, 0 %, 0 %
2026/09/20 15:57:36.393, 7, 182.13 W, 29, 120 MHz, 3996 MHz, 0 %, 0 %
2026/09/20 15:57:37.393, 0, 232.29 W, 37, 2032 MHz, 3996 MHz, 0 %, 0 %
2026/09/20 15:57:37.393, 1, 235.84 W, 38, 2032 MHz, 3996 MHz, 0 %, 0 %
2026/09/20 15:57:37.393, 2, 225.99 W, 31, 2032 MHz, 3996 MHz, 0 %, 0 %
2026/09/20 15:57:37.393, 3, 229.91 W, 31, 2032 MHz, 3996 MHz, 0 %, 0 %
2026/09/20 15:57:37.393, 4, 182.71 W, 35, 120 MHz, 3996 MHz, 0 %, 0 %
2026/09/20 15:57:37.393, 5, 179.46 W, 32, 120 MHz, 3996 MHz, 0 %, 0 %
2026/09/20 15:57:37.393, 6, 180.17 W, 29, 120 MHz, 3996 MHz, 0 %, 0 %
2026/09/20 15:57:37.394, 7, 182.13 W, 29, 120 MHz, 3996 MHz, 0 %, 0 %
2026/09/20 15:57:38.394, 0, 366.48 W, 39, 2032 MHz, 3996 MHz, 60 %, 19 %
2026/09/20 15:57:38.394, 1, 370.32 W, 40, 2032 MHz, 3996 MHz, 74 %, 22 %
2026/09/20 15:57:38.394, 2, 318.26 W, 33, 2032 MHz, 3996 MHz, 57 %, 15 %
2026/09/20 15:57:38.394, 3, 323.57 W, 36, 2032 MHz, 3996 MHz, 80 %, 20 %
2026/09/20 15:57:38.394, 4, 182.78 W, 35, 120 MHz, 3996 MHz, 0 %, 0 %
2026/09/20 15:57:38.394, 5, 179.46 W, 32, 120 MHz, 3996 MHz, 0 %, 0 %
2026/09/20 15:57:38.394, 6, 180.17 W, 29, 120 MHz, 3996 MHz, 0 %, 0 %
2026/09/20 15:57:38.394, 7, 182.13 W, 29, 120 MHz, 3996 MHz, 0 %, 0 %
2026/09/20 15:57:39.394, 0, 328.71 W, 37, 2032 MHz, 3996 MHz, 0 %, 0 %
2026/09/20 15:57:39.394, 1, 306.15 W, 39, 2032 MHz, 3996 MHz, 0 %, 0 %
2026/09/20 15:57:39.394, 2, 296.53 W, 32, 2032 MHz, 3996 MHz, 0 %, 0 %
2026/09/20 15:57:39.394, 3, 303.10 W, 32, 2032 MHz, 3996 MHz, 0 %, 0 %
2026/09/20 15:57:39.394, 4, 182.51 W, 35, 120 MHz, 3996 MHz, 0 %, 0 %
2026/09/20 15:57:39.394, 5, 179.47 W, 32, 120 MHz, 3996 MHz, 0 %, 0 %
2026/09/20 15:57:39.394, 6, 180.17 W, 29, 120 MHz, 3996 MHz, 0 %, 0 %
2026/09/20 15:57:39.394, 7, 182.13 W, 29, 120 MHz, 3996 MHz, 0 %, 0 %
2026/09/20 15:57:40.394, 0, 250.74 W, 37, 2032 MHz, 3996 MHz, 0 %, 0 %
2026/09/20 15:57:40.394, 1, 248.27 W, 38, 2032 MHz, 3996 MHz, 0 %, 0 %
2026/09/20 15:57:40.394, 2, 236.25 W, 32, 2032 MHz, 3996 MHz, 0 %, 0 %
2026/09/20 15:57:40.394, 3, 233.25 W, 31, 2032 MHz, 3996 MHz, 0 %, 0 %
2026/09/20 15:57:40.394, 4, 182.71 W, 35, 120 MHz, 3996 MHz, 0 %, 0 %
2026/09/20 15:57:40.394, 5, 179.46 W, 32, 120 MHz, 3996 MHz, 0 %, 0 %
2026/09/20 15:57:40.394, 6, 180.17 W, 29, 120 MHz, 3996 MHz, 0 %, 0 %
2026/09/20 15:57:40.394, 7, 182.13 W, 29, 120 MHz, 3996 MHz, 0 %, 0 %
2026/09/20 15:57:41.394, 0, 263.70 W, 37, 2032 MHz, 3996 MHz, 100 %, 2 %
2026/09/20 15:57:41.394, 1, 257.61 W, 38, 2032 MHz, 3996 MHz, 48 %, 1 %
2026/09/20 15:57:41.394, 2, 243.14 W, 32, 2032 MHz, 3996 MHz, 2 %, 1 %
2026/09/20 15:57:41.394, 3, 249.14 W, 32, 2032 MHz, 3996 MHz, 100 %, 2 %
2026/09/20 15:57:41.394, 4, 182.75 W, 35, 120 MHz, 3996 MHz, 0 %, 0 %
2026/09/20 15:57:41.394, 5, 179.47 W, 32, 120 MHz, 3996 MHz, 0 %, 0 %
2026/09/20 15:57:41.395, 6, 180.17 W, 29, 120 MHz, 3996 MHz, 0 %, 0 %
2026/09/20 15:57:41.395, 7, 182.13 W, 29, 120 MHz, 3996 MHz, 0 %, 0 %
2026/09/20 15:57:42.395, 0, 251.05 W, 37, 2032 MHz, 3996 MHz, 0 %, 0 %
2026/09/20 15:57:42.395, 1, 250.45 W, 38, 2032 MHz, 3996 MHz, 0 %, 0 %
2026/09/20 15:57:42.395, 2, 235.25 W, 32, 2032 MHz, 3996 MHz, 0 %, 0 %
2026/09/20 15:57:42.395, 3, 247.81 W, 31, 2032 MHz, 3996 MHz, 0 %, 0 %
2026/09/20 15:57:42.395, 4, 182.58 W, 35, 120 MHz, 3996 MHz, 0 %, 0 %
2026/09/20 15:57:42.395, 5, 179.47 W, 32, 120 MHz, 3996 MHz, 0 %, 0 %
2026/09/20 15:57:42.395, 6, 180.17 W, 29, 120 MHz, 3996 MHz, 0 %, 0 %
2026/09/20 15:57:42.395, 7, 182.13 W, 29, 120 MHz, 3996 MHz, 0 %, 0 %
2026/09/20 15:57:43.395, 0, 233.78 W, 37, 2032 MHz, 3996 MHz, 0 %, 0 %
2026/09/20 15:57:43.395, 1, 235.88 W, 38, 2032 MHz, 3996 MHz, 0 %, 0 %
2026/09/20 15:57:43.395, 2, 227.34 W, 31, 2032 MHz, 3996 MHz, 0 %, 0 %
2026/09/20 15:57:43.395, 3, 231.68 W, 31, 2032 MHz, 3996 MHz, 0 %, 0 %
2026/09/20 15:57:43.395, 4, 182.94 W, 35, 120 MHz, 3996 MHz, 0 %, 0 %
2026/09/20 15:57:43.395, 5, 179.46 W, 32, 120 MHz, 3996 MHz, 0 %, 0 %
2026/09/20 15:57:43.395, 6, 180.17 W, 29, 120 MHz, 3996 MHz, 0 %, 0 %
2026/09/20 15:57:43.395, 7, 182.13 W, 29, 120 MHz, 3996 MHz, 0 %, 0 %
2026/09/20 15:57:44.395, 0, 290.21 W, 37, 2032 MHz, 3996 MHz, 0 %, 0 %
2026/09/20 15:57:44.395, 1, 299.64 W, 39, 2032 MHz, 3996 MHz, 0 %, 0 %
2026/09/20 15:57:44.395, 2, 287.11 W, 32, 2032 MHz, 3996 MHz, 0 %, 0 %
2026/09/20 15:57:44.395, 3, 290.91 W, 32, 2032 MHz, 3996 MHz, 0 %, 0 %
2026/09/20 15:57:44.395, 4, 182.59 W, 35, 120 MHz, 3996 MHz, 0 %, 0 %
2026/09/20 15:57:44.395, 5, 179.47 W, 32, 120 MHz, 3996 MHz, 0 %, 0 %
2026/09/20 15:57:44.395, 6, 180.13 W, 29, 120 MHz, 3996 MHz, 0 %, 0 %
2026/09/20 15:57:44.395, 7, 182.13 W, 29, 120 MHz, 3996 MHz, 0 %, 0 %
2026/09/20 15:57:45.395, 0, 310.46 W, 38, 2032 MHz, 3996 MHz, 43 %, 26 %
2026/09/20 15:57:45.395, 1, 301.29 W, 39, 2032 MHz, 3996 MHz, 38 %, 21 %
2026/09/20 15:57:45.396, 2, 269.81 W, 32, 2032 MHz, 3996 MHz, 34 %, 15 %
2026/09/20 15:57:45.396, 3, 293.47 W, 32, 2032 MHz, 3996 MHz, 39 %, 22 %
2026/09/20 15:57:45.396, 4, 182.71 W, 35, 120 MHz, 3996 MHz, 0 %, 0 %
2026/09/20 15:57:45.396, 5, 179.47 W, 32, 120 MHz, 3996 MHz, 0 %, 0 %
2026/09/20 15:57:45.396, 6, 180.17 W, 29, 120 MHz, 3996 MHz, 0 %, 0 %
2026/09/20 15:57:45.396, 7, 182.13 W, 29, 120 MHz, 3996 MHz, 0 %, 0 %
2026/09/20 15:57:46.396, 0, 338.99 W, 38, 2032 MHz, 3996 MHz, 34 %, 21 %
2026/09/20 15:57:46.396, 1, 320.75 W, 39, 2032 MHz, 3996 MHz, 21 %, 12 %
2026/09/20 15:57:46.396, 2, 286.96 W, 32, 2032 MHz, 3996 MHz, 18 %, 8 %
2026/09/20 15:57:46.396, 3, 314.55 W, 32, 2032 MHz, 3996 MHz, 31 %, 17 %
2026/09/20 15:57:46.396, 4, 182.90 W, 35, 120 MHz, 3996 MHz, 0 %, 0 %
2026/09/20 15:57:46.396, 5, 179.46 W, 32, 120 MHz, 3996 MHz, 0 %, 0 %
2026/09/20 15:57:46.396, 6, 180.17 W, 29, 120 MHz, 3996 MHz, 0 %, 0 %
2026/09/20 15:57:46.396, 7, 182.13 W, 29, 120 MHz, 3996 MHz, 0 %, 0 %
2026/09/20 15:57:47.396, 0, 265.50 W, 37, 2032 MHz, 3996 MHz, 18 %, 8 %
2026/09/20 15:57:47.396, 1, 307.40 W, 39, 2032 MHz, 3996 MHz, 19 %, 12 %
2026/09/20 15:57:47.396, 2, 321.45 W, 33, 2032 MHz, 3996 MHz, 31 %, 22 %
2026/09/20 15:57:47.396, 3, 314.43 W, 33, 2032 MHz, 3996 MHz, 18 %, 12 %
2026/09/20 15:57:47.396, 4, 182.74 W, 35, 120 MHz, 3996 MHz, 0 %, 0 %
2026/09/20 15:57:47.396, 5, 179.47 W, 32, 120 MHz, 3996 MHz, 0 %, 0 %
2026/09/20 15:57:47.396, 6, 180.17 W, 29, 120 MHz, 3996 MHz, 0 %, 0 %
2026/09/20 15:57:47.396, 7, 182.13 W, 29, 120 MHz, 3996 MHz, 0 %, 0 %
2026/09/20 15:57:48.396, 0, 285.86 W, 38, 2032 MHz, 3996 MHz, 25 %, 11 %
2026/09/20 15:57:48.396, 1, 346.00 W, 40, 2032 MHz, 3996 MHz, 35 %, 23 %
2026/09/20 15:57:48.396, 2, 362.69 W, 34, 2032 MHz, 3996 MHz, 42 %, 29 %
2026/09/20 15:57:48.396, 3, 356.10 W, 33, 2032 MHz, 3996 MHz, 40 %, 26 %
2026/09/20 15:57:48.396, 4, 182.75 W, 35, 120 MHz, 3996 MHz, 0 %, 0 %
2026/09/20 15:57:48.397, 5, 179.46 W, 32, 120 MHz, 3996 MHz, 0 %, 0 %
2026/09/20 15:57:48.397, 6, 180.17 W, 29, 120 MHz, 3996 MHz, 0 %, 0 %
2026/09/20 15:57:48.397, 7, 182.13 W, 29, 120 MHz, 3996 MHz, 0 %, 0 %
2026/09/20 15:57:49.397, 0, 350.45 W, 39, 2032 MHz, 3996 MHz, 36 %, 25 %
2026/09/20 15:57:49.397, 1, 375.87 W, 41, 2032 MHz, 3996 MHz, 35 %, 24 %
2026/09/20 15:57:49.397, 2, 371.71 W, 34, 2032 MHz, 3996 MHz, 34 %, 22 %
2026/09/20 15:57:49.397, 3, 395.11 W, 34, 2032 MHz, 3996 MHz, 40 %, 30 %
2026/09/20 15:57:49.397, 4, 182.97 W, 35, 120 MHz, 3996 MHz, 0 %, 0 %
2026/09/20 15:57:49.397, 5, 179.47 W, 32, 120 MHz, 3996 MHz, 0 %, 0 %
2026/09/20 15:57:49.397, 6, 180.17 W, 29, 120 MHz, 3996 MHz, 0 %, 0 %
2026/09/20 15:57:49.397, 7, 182.13 W, 29, 120 MHz, 3996 MHz, 0 %, 0 %
2026/09/20 15:57:50.397, 0, 396.11 W, 39, 2032 MHz, 3996 MHz, 42 %, 29 %
2026/09/20 15:57:50.397, 1, 403.10 W, 41, 2032 MHz, 3996 MHz, 41 %, 28 %
2026/09/20 15:57:50.397, 2, 368.04 W, 34, 2032 MHz, 3996 MHz, 39 %, 25 %
2026/09/20 15:57:50.397, 3, 432.64 W, 35, 2032 MHz, 3996 MHz, 46 %, 35 %
2026/09/20 15:57:50.397, 4, 182.90 W, 35, 120 MHz, 3996 MHz, 0 %, 0 %
2026/09/20 15:57:50.397, 5, 179.47 W, 32, 120 MHz, 3996 MHz, 0 %, 0 %
2026/09/20 15:57:50.397, 6, 180.13 W, 29, 120 MHz, 3996 MHz, 0 %, 0 %
2026/09/20 15:57:50.397, 7, 182.13 W, 29, 120 MHz, 3996 MHz, 0 %, 0 %
2026/09/20 15:57:51.397, 0, 465.34 W, 41, 2032 MHz, 3996 MHz, 51 %, 42 %
2026/09/20 15:57:51.397, 1, 402.57 W, 41, 2032 MHz, 3996 MHz, 38 %, 27 %
2026/09/20 15:57:51.397, 2, 454.43 W, 36, 2032 MHz, 3996 MHz, 53 %, 44 %
2026/09/20 15:57:51.397, 3, 435.59 W, 35, 2032 MHz, 3996 MHz, 44 %, 33 %
2026/09/20 15:57:51.397, 4, 182.82 W, 35, 120 MHz, 3996 MHz, 0 %, 0 %
2026/09/20 15:57:51.397, 5, 179.47 W, 32, 120 MHz, 3996 MHz, 0 %, 0 %
2026/09/20 15:57:51.397, 6, 180.17 W, 29, 120 MHz, 3996 MHz, 0 %, 0 %
2026/09/20 15:57:51.397, 7, 182.13 W, 29, 120 MHz, 3996 MHz, 0 %, 0 %
2026/09/20 15:57:52.398, 0, 489.18 W, 41, 2032 MHz, 3996 MHz, 50 %, 41 %
2026/09/20 15:57:52.398, 1, 403.78 W, 41, 2032 MHz, 3996 MHz, 39 %, 27 %
2026/09/20 15:57:52.398, 2, 498.97 W, 36, 2032 MHz, 3996 MHz, 53 %, 44 %
2026/09/20 15:57:52.398, 3, 430.67 W, 35, 2032 MHz, 3996 MHz, 43 %, 32 %
2026/09/20 15:57:52.398, 4, 182.94 W, 35, 120 MHz, 3996 MHz, 0 %, 0 %
2026/09/20 15:57:52.398, 5, 179.47 W, 32, 120 MHz, 3996 MHz, 0 %, 0 %
2026/09/20 15:57:52.398, 6, 180.17 W, 29, 120 MHz, 3996 MHz, 0 %, 0 %
2026/09/20 15:57:52.398, 7, 182.13 W, 29, 120 MHz, 3996 MHz, 0 %, 0 %
2026/09/20 15:57:53.398, 0, 348.18 W, 38, 2032 MHz, 3996 MHz, 0 %, 0 %
2026/09/20 15:57:53.398, 1, 311.34 W, 39, 2032 MHz, 3996 MHz, 0 %, 0 %
2026/09/20 15:57:53.398, 2, 360.27 W, 33, 2032 MHz, 3996 MHz, 0 %, 0 %
2026/09/20 15:57:53.398, 3, 329.47 W, 33, 2032 MHz, 3996 MHz, 0 %, 0 %
2026/09/20 15:57:53.398, 4, 182.74 W, 35, 120 MHz, 3996 MHz, 0 %, 0 %
2026/09/20 15:57:53.398, 5, 179.46 W, 32, 120 MHz, 3996 MHz, 0 %, 0 %
2026/09/20 15:57:53.398, 6, 180.17 W, 29, 120 MHz, 3996 MHz, 0 %, 0 %
2026/09/20 15:57:53.398, 7, 182.13 W, 29, 120 MHz, 3996 MHz, 0 %, 0 %
2026/09/20 15:57:54.398, 0, 235.42 W, 38, 2032 MHz, 3996 MHz, 0 %, 0 %
2026/09/20 15:57:54.398, 1, 237.01 W, 39, 2032 MHz, 3996 MHz, 0 %, 0 %
2026/09/20 15:57:54.398, 2, 228.51 W, 32, 2032 MHz, 3996 MHz, 0 %, 0 %
2026/09/20 15:57:54.398, 3, 232.88 W, 32, 2032 MHz, 3996 MHz, 0 %, 0 %
2026/09/20 15:57:54.398, 4, 182.90 W, 35, 120 MHz, 3996 MHz, 0 %, 0 %
2026/09/20 15:57:54.398, 5, 179.47 W, 32, 120 MHz, 3996 MHz, 0 %, 0 %
2026/09/20 15:57:54.398, 6, 180.17 W, 29, 120 MHz, 3996 MHz, 0 %, 0 %
2026/09/20 15:57:54.398, 7, 182.13 W, 29, 120 MHz, 3996 MHz, 0 %, 0 %
2026/09/20 15:57:55.398, 0, 407.70 W, 41, 2032 MHz, 3996 MHz, 58 %, 51 %
2026/09/20 15:57:55.398, 1, 384.47 W, 42, 2032 MHz, 3996 MHz, 51 %, 43 %
2026/09/20 15:57:55.398, 2, 372.65 W, 35, 2032 MHz, 3996 MHz, 55 %, 45 %
2026/09/20 15:57:55.398, 3, 356.95 W, 35, 2032 MHz, 3996 MHz, 49 %, 40 %
2026/09/20 15:57:55.399, 4, 182.83 W, 35, 120 MHz, 3996 MHz, 0 %, 0 %
2026/09/20 15:57:55.399, 5, 179.46 W, 32, 120 MHz, 3996 MHz, 0 %, 0 %
2026/09/20 15:57:55.399, 6, 180.17 W, 29, 120 MHz, 3996 MHz, 0 %, 0 %
2026/09/20 15:57:55.399, 7, 182.13 W, 29, 120 MHz, 3996 MHz, 0 %, 0 %
2026/09/20 15:57:56.399, 0, 526.31 W, 42, 2032 MHz, 3996 MHz, 51 %, 45 %
2026/09/20 15:57:56.399, 1, 487.12 W, 42, 2032 MHz, 3996 MHz, 44 %, 37 %
2026/09/20 15:57:56.399, 2, 486.87 W, 36, 2032 MHz, 3996 MHz, 48 %, 40 %
2026/09/20 15:57:56.399, 3, 455.89 W, 35, 2032 MHz, 3996 MHz, 43 %, 35 %
2026/09/20 15:57:56.399, 4, 183.05 W, 35, 120 MHz, 3996 MHz, 0 %, 0 %
2026/09/20 15:57:56.399, 5, 179.47 W, 32, 120 MHz, 3996 MHz, 0 %, 0 %
2026/09/20 15:57:56.399, 6, 180.17 W, 29, 120 MHz, 3996 MHz, 0 %, 0 %
2026/09/20 15:57:56.399, 7, 182.13 W, 29, 120 MHz, 3996 MHz, 0 %, 0 %
2026/09/20 15:57:57.399, 0, 495.98 W, 41, 2032 MHz, 3996 MHz, 51 %, 45 %
2026/09/20 15:57:57.399, 1, 458.95 W, 41, 2032 MHz, 3996 MHz, 27 %, 22 %
2026/09/20 15:57:57.399, 2, 459.34 W, 35, 2032 MHz, 3996 MHz, 20 %, 16 %
2026/09/20 15:57:57.399, 3, 435.71 W, 35, 2032 MHz, 3996 MHz, 43 %, 35 %
2026/09/20 15:57:57.399, 4, 182.90 W, 35, 120 MHz, 3996 MHz, 0 %, 0 %
2026/09/20 15:57:57.399, 5, 179.47 W, 32, 120 MHz, 3996 MHz, 0 %, 0 %
2026/09/20 15:57:57.399, 6, 180.17 W, 29, 120 MHz, 3996 MHz, 0 %, 0 %
2026/09/20 15:57:57.399, 7, 182.13 W, 29, 120 MHz, 3996 MHz, 0 %, 0 %
2026/09/20 15:57:58.399, 0, 526.97 W, 42, 2032 MHz, 3996 MHz, 50 %, 44 %
2026/09/20 15:57:58.399, 1, 480.63 W, 43, 2032 MHz, 3996 MHz, 46 %, 39 %
2026/09/20 15:57:58.399, 2, 510.89 W, 37, 2032 MHz, 3996 MHz, 52 %, 46 %
2026/09/20 15:57:58.399, 3, 539.49 W, 37, 2032 MHz, 3996 MHz, 54 %, 47 %
2026/09/20 15:57:58.399, 4, 182.83 W, 35, 120 MHz, 3996 MHz, 0 %, 0 %
2026/09/20 15:57:58.399, 5, 179.47 W, 32, 120 MHz, 3996 MHz, 0 %, 0 %
2026/09/20 15:57:58.399, 6, 180.17 W, 29, 120 MHz, 3996 MHz, 0 %, 0 %
2026/09/20 15:57:58.399, 7, 182.13 W, 29, 120 MHz, 3996 MHz, 0 %, 0 %
2026/09/20 15:57:59.400, 0, 525.95 W, 42, 2032 MHz, 3996 MHz, 50 %, 45 %
2026/09/20 15:57:59.400, 1, 485.22 W, 43, 2032 MHz, 3996 MHz, 46 %, 39 %
2026/09/20 15:57:59.400, 2, 518.34 W, 37, 2032 MHz, 3996 MHz, 52 %, 46 %
2026/09/20 15:57:59.400, 3, 521.65 W, 37, 2032 MHz, 3996 MHz, 52 %, 46 %
2026/09/20 15:57:59.400, 4, 182.74 W, 35, 120 MHz, 3996 MHz, 0 %, 0 %
2026/09/20 15:57:59.400, 5, 179.47 W, 32, 120 MHz, 3996 MHz, 0 %, 0 %
2026/09/20 15:57:59.400, 6, 180.17 W, 29, 120 MHz, 3996 MHz, 0 %, 0 %
2026/09/20 15:57:59.400, 7, 182.13 W, 29, 120 MHz, 3996 MHz, 0 %, 0 %
2026/09/20 15:58:00.400, 0, 452.38 W, 40, 2032 MHz, 3996 MHz, 29 %, 11 %
2026/09/20 15:58:00.400, 1, 419.07 W, 41, 2032 MHz, 3996 MHz, 0 %, 0 %
2026/09/20 15:58:00.400, 2, 449.21 W, 35, 2032 MHz, 3996 MHz, 0 %, 0 %
2026/09/20 15:58:00.400, 3, 456.77 W, 35, 2032 MHz, 3996 MHz, 3 %, 1 %
2026/09/20 15:58:00.400, 4, 182.70 W, 35, 120 MHz, 3996 MHz, 0 %, 0 %
2026/09/20 15:58:00.400, 5, 179.47 W, 32, 120 MHz, 3996 MHz, 0 %, 0 %
2026/09/20 15:58:00.400, 6, 180.17 W, 29, 120 MHz, 3996 MHz, 0 %, 0 %
2026/09/20 15:58:00.400, 7, 182.13 W, 29, 120 MHz, 3996 MHz, 0 %, 0 %
2026/09/20 15:58:01.400, 0, 235.35 W, 39, 2032 MHz, 3996 MHz, 0 %, 0 %
2026/09/20 15:58:01.400, 1, 237.78 W, 40, 2032 MHz, 3996 MHz, 0 %, 0 %
2026/09/20 15:58:01.400, 2, 228.32 W, 33, 2032 MHz, 3996 MHz, 0 %, 0 %
2026/09/20 15:58:01.400, 3, 233.39 W, 33, 2032 MHz, 3996 MHz, 0 %, 0 %
2026/09/20 15:58:01.400, 4, 182.75 W, 35, 120 MHz, 3996 MHz, 0 %, 0 %
2026/09/20 15:58:01.400, 5, 179.47 W, 32, 120 MHz, 3996 MHz, 0 %, 0 %
2026/09/20 15:58:01.400, 6, 180.17 W, 29, 120 MHz, 3996 MHz, 0 %, 0 %
2026/09/20 15:58:01.400, 7, 182.13 W, 29, 120 MHz, 3996 MHz, 0 %, 0 %
2026/09/20 15:58:02.400, 0, 233.97 W, 38, 2032 MHz, 3996 MHz, 0 %, 0 %
2026/09/20 15:58:02.401, 1, 237.64 W, 39, 2032 MHz, 3996 MHz, 0 %, 0 %
2026/09/20 15:58:02.401, 2, 227.78 W, 33, 2032 MHz, 3996 MHz, 0 %, 0 %
2026/09/20 15:58:02.401, 3, 232.63 W, 33, 2032 MHz, 3996 MHz, 0 %, 0 %
2026/09/20 15:58:02.401, 4, 182.90 W, 35, 120 MHz, 3996 MHz, 0 %, 0 %
2026/09/20 15:58:02.401, 5, 179.47 W, 32, 120 MHz, 3996 MHz, 0 %, 0 %
2026/09/20 15:58:02.401, 6, 180.17 W, 29, 120 MHz, 3996 MHz, 0 %, 0 %
2026/09/20 15:58:02.401, 7, 182.13 W, 29, 120 MHz, 3996 MHz, 0 %, 0 %
2026/09/20 15:58:03.401, 0, 264.53 W, 39, 2032 MHz, 3996 MHz, 100 %, 3 %
2026/09/20 15:58:03.401, 1, 260.60 W, 40, 2032 MHz, 3996 MHz, 100 %, 3 %
2026/09/20 15:58:03.401, 2, 247.92 W, 33, 2032 MHz, 3996 MHz, 98 %, 3 %
2026/09/20 15:58:03.401, 3, 238.34 W, 33, 2032 MHz, 3996 MHz, 9 %, 3 %
2026/09/20 15:58:03.401, 4, 182.97 W, 35, 120 MHz, 3996 MHz, 0 %, 0 %
2026/09/20 15:58:03.401, 5, 179.46 W, 32, 120 MHz, 3996 MHz, 0 %, 0 %
2026/09/20 15:58:03.401, 6, 180.17 W, 29, 120 MHz, 3996 MHz, 0 %, 0 %
2026/09/20 15:58:03.401, 7, 182.13 W, 29, 120 MHz, 3996 MHz, 0 %, 0 %
2026/09/20 15:58:04.401, 0, 260.73 W, 38, 2032 MHz, 3996 MHz, 0 %, 0 %
2026/09/20 15:58:04.401, 1, 259.08 W, 39, 2032 MHz, 3996 MHz, 0 %, 0 %
2026/09/20 15:58:04.401, 2, 252.76 W, 33, 2032 MHz, 3996 MHz, 0 %, 0 %
2026/09/20 15:58:04.401, 3, 258.05 W, 32, 2032 MHz, 3996 MHz, 0 %, 0 %
2026/09/20 15:58:04.401, 4, 182.97 W, 35, 120 MHz, 3996 MHz, 0 %, 0 %
2026/09/20 15:58:04.401, 5, 179.47 W, 32, 120 MHz, 3996 MHz, 0 %, 0 %
2026/09/20 15:58:04.401, 6, 180.17 W, 29, 120 MHz, 3996 MHz, 0 %, 0 %
2026/09/20 15:58:04.401, 7, 182.13 W, 29, 120 MHz, 3996 MHz, 0 %, 0 %
2026/09/20 15:58:05.401, 0, 245.95 W, 38, 2032 MHz, 3996 MHz, 0 %, 0 %
2026/09/20 15:58:05.401, 1, 247.21 W, 39, 2032 MHz, 3996 MHz, 0 %, 0 %
2026/09/20 15:58:05.401, 2, 237.21 W, 33, 2032 MHz, 3996 MHz, 0 %, 0 %
2026/09/20 15:58:05.401, 3, 241.97 W, 32, 2032 MHz, 3996 MHz, 0 %, 0 %
2026/09/20 15:58:05.402, 4, 182.86 W, 35, 120 MHz, 3996 MHz, 0 %, 0 %
2026/09/20 15:58:05.402, 5, 179.47 W, 32, 120 MHz, 3996 MHz, 0 %, 0 %
2026/09/20 15:58:05.402, 6, 180.17 W, 29, 120 MHz, 3996 MHz, 0 %, 0 %
2026/09/20 15:58:05.402, 7, 182.13 W, 29, 120 MHz, 3996 MHz, 0 %, 0 %
2026/09/20 15:58:06.402, 0, 233.78 W, 38, 2032 MHz, 3996 MHz, 0 %, 0 %
2026/09/20 15:58:06.402, 1, 236.89 W, 39, 2032 MHz, 3996 MHz, 0 %, 0 %
2026/09/20 15:58:06.402, 2, 227.90 W, 32, 2032 MHz, 3996 MHz, 0 %, 0 %
2026/09/20 15:58:06.402, 3, 231.96 W, 32, 2032 MHz, 3996 MHz, 0 %, 0 %
2026/09/20 15:58:06.402, 4, 183.05 W, 35, 120 MHz, 3996 MHz, 0 %, 0 %
2026/09/20 15:58:06.402, 5, 179.46 W, 32, 120 MHz, 3996 MHz, 0 %, 0 %
2026/09/20 15:58:06.402, 6, 180.17 W, 29, 120 MHz, 3996 MHz, 0 %, 0 %
2026/09/20 15:58:06.402, 7, 182.13 W, 29, 120 MHz, 3996 MHz, 0 %, 0 %
2026/09/20 15:58:07.402, 0, 233.78 W, 38, 2032 MHz, 3996 MHz, 0 %, 0 %
2026/09/20 15:58:07.402, 1, 236.67 W, 39, 2032 MHz, 3996 MHz, 0 %, 0 %
2026/09/20 15:58:07.402, 2, 227.91 W, 32, 2032 MHz, 3996 MHz, 0 %, 0 %
2026/09/20 15:58:07.402, 3, 231.87 W, 32, 2032 MHz, 3996 MHz, 0 %, 0 %
2026/09/20 15:58:07.402, 4, 182.90 W, 35, 120 MHz, 3996 MHz, 0 %, 0 %
2026/09/20 15:58:07.402, 5, 179.47 W, 32, 120 MHz, 3996 MHz, 0 %, 0 %
2026/09/20 15:58:07.402, 6, 180.17 W, 29, 120 MHz, 3996 MHz, 0 %, 0 %
2026/09/20 15:58:07.402, 7, 182.13 W, 29, 120 MHz, 3996 MHz, 0 %, 0 %
2026/09/20 15:58:08.402, 0, 233.78 W, 38, 2032 MHz, 3996 MHz, 0 %, 0 %
2026/09/20 15:58:08.402, 1, 236.46 W, 39, 2032 MHz, 3996 MHz, 0 %, 0 %
2026/09/20 15:58:08.402, 2, 227.90 W, 32, 2032 MHz, 3996 MHz, 0 %, 0 %
2026/09/20 15:58:08.402, 3, 231.77 W, 32, 2032 MHz, 3996 MHz, 0 %, 0 %
2026/09/20 15:58:08.402, 4, 182.60 W, 35, 120 MHz, 3996 MHz, 0 %, 0 %
2026/09/20 15:58:08.402, 5, 179.47 W, 32, 120 MHz, 3996 MHz, 0 %, 0 %
2026/09/20 15:58:08.402, 6, 180.17 W, 29, 120 MHz, 3996 MHz, 0 %, 0 %
2026/09/20 15:58:08.403, 7, 182.13 W, 29, 120 MHz, 3996 MHz, 0 %, 0 %
2026/09/20 15:58:09.403, 0, 233.78 W, 38, 2032 MHz, 3996 MHz, 0 %, 0 %
2026/09/20 15:58:09.403, 1, 236.23 W, 39, 2032 MHz, 3996 MHz, 0 %, 0 %
2026/09/20 15:58:09.403, 2, 227.90 W, 32, 2032 MHz, 3996 MHz, 0 %, 0 %
2026/09/20 15:58:09.403, 3, 231.71 W, 32, 2032 MHz, 3996 MHz, 0 %, 0 %
2026/09/20 15:58:09.403, 4, 182.90 W, 35, 120 MHz, 3996 MHz, 0 %, 0 %
2026/09/20 15:58:09.403, 5, 179.46 W, 32, 120 MHz, 3996 MHz, 0 %, 0 %
2026/09/20 15:58:09.403, 6, 180.17 W, 29, 120 MHz, 3996 MHz, 0 %, 0 %
2026/09/20 15:58:09.403, 7, 182.13 W, 29, 120 MHz, 3996 MHz, 0 %, 0 %
2026/09/20 15:58:10.403, 0, 233.78 W, 38, 2032 MHz, 3996 MHz, 0 %, 0 %
2026/09/20 15:58:10.403, 1, 236.15 W, 39, 2032 MHz, 3996 MHz, 0 %, 0 %
2026/09/20 15:58:10.403, 2, 227.90 W, 32, 2032 MHz, 3996 MHz, 0 %, 0 %
2026/09/20 15:58:10.403, 3, 231.69 W, 32, 2032 MHz, 3996 MHz, 0 %, 0 %
2026/09/20 15:58:10.403, 4, 182.86 W, 35, 120 MHz, 3996 MHz, 0 %, 0 %
2026/09/20 15:58:10.403, 5, 179.47 W, 32, 120 MHz, 3996 MHz, 0 %, 0 %
2026/09/20 15:58:10.403, 6, 180.17 W, 29, 120 MHz, 3996 MHz, 0 %, 0 %
2026/09/20 15:58:10.403, 7, 182.13 W, 29, 120 MHz, 3996 MHz, 0 %, 0 %
2026/09/20 15:58:11.403, 0, 233.78 W, 38, 2032 MHz, 3996 MHz, 0 %, 0 %
2026/09/20 15:58:11.403, 1, 236.07 W, 39, 2032 MHz, 3996 MHz, 0 %, 0 %
2026/09/20 15:58:11.403, 2, 227.93 W, 32, 2032 MHz, 3996 MHz, 0 %, 0 %
2026/09/20 15:58:11.403, 3, 231.62 W, 32, 2032 MHz, 3996 MHz, 0 %, 0 %
2026/09/20 15:58:11.403, 4, 182.71 W, 35, 120 MHz, 3996 MHz, 0 %, 0 %
2026/09/20 15:58:11.403, 5, 179.47 W, 32, 120 MHz, 3996 MHz, 0 %, 0 %
2026/09/20 15:58:11.403, 6, 180.17 W, 29, 120 MHz, 3996 MHz, 0 %, 0 %
2026/09/20 15:58:11.403, 7, 182.13 W, 29, 120 MHz, 3996 MHz, 0 %, 0 %
2026/09/20 15:58:12.403, 0, 233.78 W, 38, 2032 MHz, 3996 MHz, 0 %, 0 %
2026/09/20 15:58:12.404, 1, 236.19 W, 39, 2032 MHz, 3996 MHz, 0 %, 0 %
2026/09/20 15:58:12.404, 2, 227.91 W, 32, 2032 MHz, 3996 MHz, 0 %, 0 %
2026/09/20 15:58:12.404, 3, 231.73 W, 32, 2032 MHz, 3996 MHz, 0 %, 0 %
2026/09/20 15:58:12.404, 4, 182.90 W, 35, 120 MHz, 3996 MHz, 0 %, 0 %
2026/09/20 15:58:12.404, 5, 179.47 W, 32, 120 MHz, 3996 MHz, 0 %, 0 %
2026/09/20 15:58:12.404, 6, 180.17 W, 29, 120 MHz, 3996 MHz, 0 %, 0 %
2026/09/20 15:58:12.404, 7, 182.13 W, 29, 120 MHz, 3996 MHz, 0 %, 0 %
2026/09/20 15:58:13.404, 0, 233.78 W, 38, 2032 MHz, 3996 MHz, 0 %, 0 %
2026/09/20 15:58:13.404, 1, 236.00 W, 39, 2032 MHz, 3996 MHz, 0 %, 0 %
2026/09/20 15:58:13.404, 2, 227.93 W, 32, 2032 MHz, 3996 MHz, 0 %, 0 %
2026/09/20 15:58:13.404, 3, 231.65 W, 32, 2032 MHz, 3996 MHz, 0 %, 0 %
2026/09/20 15:58:13.404, 4, 182.86 W, 35, 120 MHz, 3996 MHz, 0 %, 0 %
2026/09/20 15:58:13.404, 5, 179.47 W, 32, 120 MHz, 3996 MHz, 0 %, 0 %
2026/09/20 15:58:13.404, 6, 180.17 W, 29, 120 MHz, 3996 MHz, 0 %, 0 %
2026/09/20 15:58:13.404, 7, 182.13 W, 29, 120 MHz, 3996 MHz, 0 %, 0 %
2026/09/20 15:58:14.404, 0, 233.78 W, 38, 2032 MHz, 3996 MHz, 0 %, 0 %
2026/09/20 15:58:14.404, 1, 236.03 W, 39, 2032 MHz, 3996 MHz, 0 %, 0 %
2026/09/20 15:58:14.404, 2, 227.92 W, 32, 2032 MHz, 3996 MHz, 0 %, 0 %
2026/09/20 15:58:14.404, 3, 231.63 W, 32, 2032 MHz, 3996 MHz, 0 %, 0 %
2026/09/20 15:58:14.404, 4, 182.70 W, 35, 120 MHz, 3996 MHz, 0 %, 0 %
2026/09/20 15:58:14.404, 5, 179.47 W, 32, 120 MHz, 3996 MHz, 0 %, 0 %
2026/09/20 15:58:14.404, 6, 180.17 W, 29, 120 MHz, 3996 MHz, 0 %, 0 %
2026/09/20 15:58:14.404, 7, 182.13 W, 29, 120 MHz, 3996 MHz, 0 %, 0 %
2026/09/20 15:58:15.404, 0, 233.78 W, 38, 2032 MHz, 3996 MHz, 0 %, 0 %
2026/09/20 15:58:15.404, 1, 236.04 W, 39, 2032 MHz, 3996 MHz, 0 %, 0 %
2026/09/20 15:58:15.404, 2, 227.89 W, 32, 2032 MHz, 3996 MHz, 0 %, 0 %
2026/09/20 15:58:15.404, 3, 231.62 W, 32, 2032 MHz, 3996 MHz, 0 %, 0 %
2026/09/20 15:58:15.405, 4, 182.64 W, 35, 120 MHz, 3996 MHz, 0 %, 0 %
2026/09/20 15:58:15.405, 5, 179.46 W, 32, 120 MHz, 3996 MHz, 0 %, 0 %
2026/09/20 15:58:15.405, 6, 180.17 W, 29, 120 MHz, 3996 MHz, 0 %, 0 %
2026/09/20 15:58:15.405, 7, 182.13 W, 29, 120 MHz, 3996 MHz, 0 %, 0 %
2026/09/20 15:58:16.405, 0, 233.78 W, 38, 2032 MHz, 3996 MHz, 0 %, 0 %
2026/09/20 15:58:16.405, 1, 236.00 W, 39, 2032 MHz, 3996 MHz, 0 %, 0 %
2026/09/20 15:58:16.405, 2, 227.78 W, 32, 2032 MHz, 3996 MHz, 0 %, 0 %
2026/09/20 15:58:16.405, 3, 231.59 W, 32, 2032 MHz, 3996 MHz, 0 %, 0 %
2026/09/20 15:58:16.405, 4, 182.90 W, 35, 120 MHz, 3996 MHz, 0 %, 0 %
2026/09/20 15:58:16.405, 5, 179.47 W, 32, 120 MHz, 3996 MHz, 0 %, 0 %
2026/09/20 15:58:16.405, 6, 180.17 W, 29, 120 MHz, 3996 MHz, 0 %, 0 %
2026/09/20 15:58:16.405, 7, 182.13 W, 29, 120 MHz, 3996 MHz, 0 %, 0 %
2026/09/20 15:58:17.405, 0, 233.78 W, 38, 2032 MHz, 3996 MHz, 0 %, 0 %
2026/09/20 15:58:17.405, 1, 236.04 W, 39, 2032 MHz, 3996 MHz, 0 %, 0 %
2026/09/20 15:58:17.405, 2, 227.76 W, 32, 2032 MHz, 3996 MHz, 0 %, 0 %
2026/09/20 15:58:17.405, 3, 231.61 W, 32, 2032 MHz, 3996 MHz, 0 %, 0 %
2026/09/20 15:58:17.405, 4, 182.86 W, 35, 120 MHz, 3996 MHz, 0 %, 0 %
2026/09/20 15:58:17.405, 5, 179.47 W, 32, 120 MHz, 3996 MHz, 0 %, 0 %
2026/09/20 15:58:17.405, 6, 180.17 W, 29, 120 MHz, 3996 MHz, 0 %, 0 %
2026/09/20 15:58:17.405, 7, 182.13 W, 29, 120 MHz, 3996 MHz, 0 %, 0 %
2026/09/20 15:58:18.405, 0, 233.78 W, 38, 2032 MHz, 3996 MHz, 0 %, 0 %
2026/09/20 15:58:18.405, 1, 235.88 W, 39, 2032 MHz, 3996 MHz, 0 %, 0 %
2026/09/20 15:58:18.405, 2, 227.69 W, 32, 2032 MHz, 3996 MHz, 0 %, 0 %
2026/09/20 15:58:18.405, 3, 231.61 W, 32, 2032 MHz, 3996 MHz, 0 %, 0 %
2026/09/20 15:58:18.405, 4, 182.90 W, 35, 120 MHz, 3996 MHz, 0 %, 0 %
2026/09/20 15:58:18.405, 5, 179.47 W, 32, 120 MHz, 3996 MHz, 0 %, 0 %
2026/09/20 15:58:18.405, 6, 180.17 W, 29, 120 MHz, 3996 MHz, 0 %, 0 %
2026/09/20 15:58:18.406, 7, 182.13 W, 29, 120 MHz, 3996 MHz, 0 %, 0 %
2026/09/20 15:58:19.406, 0, 233.78 W, 38, 2032 MHz, 3996 MHz, 0 %, 0 %
2026/09/20 15:58:19.406, 1, 236.15 W, 39, 2032 MHz, 3996 MHz, 0 %, 0 %
2026/09/20 15:58:19.406, 2, 227.64 W, 32, 2032 MHz, 3996 MHz, 0 %, 0 %
2026/09/20 15:58:19.406, 3, 231.67 W, 32, 2032 MHz, 3996 MHz, 0 %, 0 %
2026/09/20 15:58:19.406, 4, 183.01 W, 35, 120 MHz, 3996 MHz, 0 %, 0 %
2026/09/20 15:58:19.406, 5, 179.47 W, 32, 120 MHz, 3996 MHz, 0 %, 0 %
2026/09/20 15:58:19.406, 6, 180.17 W, 29, 120 MHz, 3996 MHz, 0 %, 0 %
2026/09/20 15:58:19.406, 7, 182.13 W, 29, 120 MHz, 3996 MHz, 0 %, 0 %
2026/09/20 15:58:20.406, 0, 233.78 W, 38, 2032 MHz, 3996 MHz, 0 %, 0 %
2026/09/20 15:58:20.406, 1, 235.88 W, 39, 2032 MHz, 3996 MHz, 0 %, 0 %
2026/09/20 15:58:20.406, 2, 227.74 W, 32, 2032 MHz, 3996 MHz, 0 %, 0 %
2026/09/20 15:58:20.406, 3, 231.63 W, 32, 2032 MHz, 3996 MHz, 0 %, 0 %
2026/09/20 15:58:20.406, 4, 182.90 W, 35, 120 MHz, 3996 MHz, 0 %, 0 %
2026/09/20 15:58:20.406, 5, 179.47 W, 32, 120 MHz, 3996 MHz, 0 %, 0 %
2026/09/20 15:58:20.406, 6, 180.17 W, 29, 120 MHz, 3996 MHz, 0 %, 0 %
2026/09/20 15:58:20.406, 7, 182.13 W, 29, 120 MHz, 3996 MHz, 0 %, 0 %
2026/09/20 15:58:21.406, 0, 357.67 W, 44, 2032 MHz, 3996 MHz, 100 %, 9 %
2026/09/20 15:58:21.406, 1, 327.14 W, 43, 2032 MHz, 3996 MHz, 30 %, 13 %
2026/09/20 15:58:21.406, 2, 360.50 W, 39, 2032 MHz, 3996 MHz, 100 %, 9 %
2026/09/20 15:58:21.407, 3, 357.69 W, 38, 2032 MHz, 3996 MHz, 100 %, 9 %
2026/09/20 15:58:21.407, 4, 182.86 W, 35, 120 MHz, 3996 MHz, 0 %, 0 %
2026/09/20 15:58:21.407, 5, 179.47 W, 32, 120 MHz, 3996 MHz, 0 %, 0 %
2026/09/20 15:58:21.407, 6, 180.17 W, 29, 120 MHz, 3996 MHz, 0 %, 0 %
2026/09/20 15:58:21.407, 7, 182.13 W, 29, 120 MHz, 3996 MHz, 0 %, 0 %
2026/09/20 15:58:22.407, 0, 470.61 W, 44, 2032 MHz, 3996 MHz, 75 %, 27 %
2026/09/20 15:58:22.407, 1, 475.21 W, 46, 2032 MHz, 3996 MHz, 75 %, 27 %
2026/09/20 15:58:22.407, 2, 460.87 W, 39, 2032 MHz, 3996 MHz, 75 %, 30 %
2026/09/20 15:58:22.407, 3, 452.14 W, 38, 2032 MHz, 3996 MHz, 64 %, 29 %
2026/09/20 15:58:22.407, 4, 182.90 W, 35, 120 MHz, 3996 MHz, 0 %, 0 %
2026/09/20 15:58:22.407, 5, 179.46 W, 32, 120 MHz, 3996 MHz, 0 %, 0 %
2026/09/20 15:58:22.407, 6, 180.17 W, 29, 120 MHz, 3996 MHz, 0 %, 0 %
2026/09/20 15:58:22.407, 7, 182.13 W, 29, 120 MHz, 3996 MHz, 0 %, 0 %
2026/09/20 15:58:23.407, 0, 700.47 W, 46, 2032 MHz, 3996 MHz, 99 %, 48 %
2026/09/20 15:58:23.407, 1, 720.37 W, 48, 2032 MHz, 3996 MHz, 99 %, 48 %
2026/09/20 15:58:23.407, 2, 697.83 W, 40, 2032 MHz, 3996 MHz, 99 %, 49 %
2026/09/20 15:58:23.407, 3, 693.46 W, 40, 2032 MHz, 3996 MHz, 99 %, 48 %
2026/09/20 15:58:23.407, 4, 183.01 W, 35, 120 MHz, 3996 MHz, 0 %, 0 %
2026/09/20 15:58:23.407, 5, 179.47 W, 32, 120 MHz, 3996 MHz, 0 %, 0 %
2026/09/20 15:58:23.407, 6, 180.17 W, 29, 120 MHz, 3996 MHz, 0 %, 0 %
2026/09/20 15:58:23.407, 7, 182.13 W, 29, 120 MHz, 3996 MHz, 0 %, 0 %
2026/09/20 15:58:24.407, 0, 740.05 W, 46, 2032 MHz, 3996 MHz, 99 %, 49 %
2026/09/20 15:58:24.407, 1, 752.85 W, 48, 2032 MHz, 3996 MHz, 99 %, 49 %
2026/09/20 15:58:24.407, 2, 731.72 W, 41, 2032 MHz, 3996 MHz, 99 %, 49 %
2026/09/20 15:58:24.407, 3, 737.11 W, 41, 2032 MHz, 3996 MHz, 99 %, 50 %
2026/09/20 15:58:24.408, 4, 182.83 W, 35, 120 MHz, 3996 MHz, 0 %, 0 %
2026/09/20 15:58:24.408, 5, 179.46 W, 32, 120 MHz, 3996 MHz, 0 %, 0 %
2026/09/20 15:58:24.408, 6, 180.17 W, 29, 120 MHz, 3996 MHz, 0 %, 0 %
2026/09/20 15:58:24.408, 7, 182.13 W, 29, 120 MHz, 3996 MHz, 0 %, 0 %
2026/09/20 15:58:25.408, 0, 746.89 W, 47, 2032 MHz, 3996 MHz, 99 %, 49 %
2026/09/20 15:58:25.408, 1, 762.56 W, 49, 2032 MHz, 3996 MHz, 99 %, 49 %
2026/09/20 15:58:25.408, 2, 740.67 W, 42, 2032 MHz, 3996 MHz, 99 %, 49 %
2026/09/20 15:58:25.408, 3, 746.70 W, 42, 2032 MHz, 3996 MHz, 99 %, 50 %
2026/09/20 15:58:25.408, 4, 182.78 W, 35, 120 MHz, 3996 MHz, 0 %, 0 %
2026/09/20 15:58:25.408, 5, 179.47 W, 32, 120 MHz, 3996 MHz, 0 %, 0 %
2026/09/20 15:58:25.408, 6, 180.17 W, 29, 120 MHz, 3996 MHz, 0 %, 0 %
2026/09/20 15:58:25.408, 7, 182.17 W, 29, 120 MHz, 3996 MHz, 0 %, 0 %
2026/09/20 15:58:26.408, 0, 748.42 W, 48, 2032 MHz, 3996 MHz, 99 %, 49 %
2026/09/20 15:58:26.408, 1, 763.49 W, 49, 2032 MHz, 3996 MHz, 99 %, 49 %
2026/09/20 15:58:26.408, 2, 741.04 W, 42, 2032 MHz, 3996 MHz, 99 %, 49 %
2026/09/20 15:58:26.408, 3, 748.14 W, 42, 2032 MHz, 3996 MHz, 99 %, 50 %
2026/09/20 15:58:26.408, 4, 182.93 W, 35, 120 MHz, 3996 MHz, 0 %, 0 %
2026/09/20 15:58:26.408, 5, 179.47 W, 32, 120 MHz, 3996 MHz, 0 %, 0 %
2026/09/20 15:58:26.408, 6, 180.17 W, 29, 120 MHz, 3996 MHz, 0 %, 0 %
2026/09/20 15:58:26.408, 7, 182.13 W, 29, 120 MHz, 3996 MHz, 0 %, 0 %
2026/09/20 15:58:27.408, 0, 749.63 W, 48, 2032 MHz, 3996 MHz, 99 %, 50 %
2026/09/20 15:58:27.408, 1, 763.28 W, 50, 2032 MHz, 3996 MHz, 99 %, 49 %
2026/09/20 15:58:27.408, 2, 743.93 W, 43, 2032 MHz, 3996 MHz, 99 %, 50 %
2026/09/20 15:58:27.408, 3, 746.56 W, 42, 2032 MHz, 3996 MHz, 99 %, 50 %
2026/09/20 15:58:27.408, 4, 182.74 W, 35, 120 MHz, 3996 MHz, 0 %, 0 %
2026/09/20 15:58:27.408, 5, 179.46 W, 32, 120 MHz, 3996 MHz, 0 %, 0 %
2026/09/20 15:58:27.408, 6, 180.17 W, 29, 120 MHz, 3996 MHz, 0 %, 0 %
2026/09/20 15:58:27.409, 7, 182.13 W, 29, 120 MHz, 3996 MHz, 0 %, 0 %
2026/09/20 15:58:28.409, 0, 730.05 W, 48, 2032 MHz, 3996 MHz, 99 %, 51 %
2026/09/20 15:58:28.409, 1, 751.46 W, 50, 2032 MHz, 3996 MHz, 99 %, 53 %
2026/09/20 15:58:28.409, 2, 731.51 W, 43, 2032 MHz, 3996 MHz, 99 %, 53 %
2026/09/20 15:58:28.409, 3, 705.89 W, 43, 2032 MHz, 3996 MHz, 99 %, 52 %
2026/09/20 15:58:28.409, 4, 182.64 W, 35, 120 MHz, 3996 MHz, 0 %, 0 %
2026/09/20 15:58:28.409, 5, 179.46 W, 32, 120 MHz, 3996 MHz, 0 %, 0 %
2026/09/20 15:58:28.409, 6, 180.17 W, 29, 120 MHz, 3996 MHz, 0 %, 0 %
2026/09/20 15:58:28.409, 7, 182.13 W, 29, 120 MHz, 3996 MHz, 0 %, 0 %
2026/09/20 15:58:29.409, 0, 785.79 W, 49, 2032 MHz, 3996 MHz, 99 %, 53 %
2026/09/20 15:58:29.409, 1, 812.41 W, 51, 2032 MHz, 3996 MHz, 99 %, 53 %
2026/09/20 15:58:29.409, 2, 797.00 W, 44, 2032 MHz, 3996 MHz, 99 %, 53 %
2026/09/20 15:58:29.409, 3, 788.14 W, 44, 2032 MHz, 3996 MHz, 99 %, 54 %
2026/09/20 15:58:29.409, 4, 182.72 W, 35, 120 MHz, 3996 MHz, 0 %, 0 %
2026/09/20 15:58:29.409, 5, 179.47 W, 32, 120 MHz, 3996 MHz, 0 %, 0 %
2026/09/20 15:58:29.409, 6, 180.17 W, 29, 120 MHz, 3996 MHz, 0 %, 0 %
2026/09/20 15:58:29.409, 7, 182.13 W, 29, 120 MHz, 3996 MHz, 0 %, 0 %
2026/09/20 15:58:30.409, 0, 777.58 W, 50, 2032 MHz, 3996 MHz, 100 %, 20 %
2026/09/20 15:58:30.409, 1, 765.18 W, 51, 2032 MHz, 3996 MHz, 100 %, 16 %
2026/09/20 15:58:30.409, 2, 809.08 W, 45, 2032 MHz, 3996 MHz, 100 %, 23 %
2026/09/20 15:58:30.409, 3, 756.11 W, 44, 2032 MHz, 3996 MHz, 46 %, 20 %
2026/09/20 15:58:30.409, 4, 182.83 W, 35, 120 MHz, 3996 MHz, 0 %, 0 %
2026/09/20 15:58:30.409, 5, 179.47 W, 32, 120 MHz, 3996 MHz, 0 %, 0 %
2026/09/20 15:58:30.409, 6, 180.17 W, 29, 120 MHz, 3996 MHz, 0 %, 0 %
2026/09/20 15:58:30.409, 7, 182.13 W, 29, 120 MHz, 3996 MHz, 0 %, 0 %
2026/09/20 15:58:31.409, 0, 771.88 W, 49, 2032 MHz, 3996 MHz, 99 %, 52 %
2026/09/20 15:58:31.409, 1, 788.58 W, 51, 2032 MHz, 3996 MHz, 99 %, 52 %
2026/09/20 15:58:31.410, 2, 766.24 W, 44, 2032 MHz, 3996 MHz, 99 %, 52 %
2026/09/20 15:58:31.410, 3, 770.69 W, 44, 2032 MHz, 3996 MHz, 99 %, 51 %
2026/09/20 15:58:31.410, 4, 182.51 W, 35, 120 MHz, 3996 MHz, 0 %, 0 %
2026/09/20 15:58:31.410, 5, 179.47 W, 32, 120 MHz, 3996 MHz, 0 %, 0 %
2026/09/20 15:58:31.410, 6, 180.17 W, 29, 120 MHz, 3996 MHz, 0 %, 0 %
2026/09/20 15:58:31.410, 7, 182.13 W, 29, 120 MHz, 3996 MHz, 0 %, 0 %
2026/09/20 15:58:32.410, 0, 801.97 W, 50, 2032 MHz, 3996 MHz, 99 %, 53 %
2026/09/20 15:58:32.410, 1, 819.38 W, 52, 2032 MHz, 3996 MHz, 99 %, 53 %
2026/09/20 15:58:32.410, 2, 793.46 W, 44, 2032 MHz, 3996 MHz, 99 %, 53 %
2026/09/20 15:58:32.410, 3, 801.41 W, 44, 2032 MHz, 3996 MHz, 99 %, 53 %
2026/09/20 15:58:32.410, 4, 182.86 W, 35, 120 MHz, 3996 MHz, 0 %, 0 %
2026/09/20 15:58:32.410, 5, 179.47 W, 32, 120 MHz, 3996 MHz, 0 %, 0 %
2026/09/20 15:58:32.410, 6, 180.17 W, 29, 120 MHz, 3996 MHz, 0 %, 0 %
2026/09/20 15:58:32.410, 7, 182.13 W, 29, 120 MHz, 3996 MHz, 0 %, 0 %
2026/09/20 15:58:33.410, 0, 809.16 W, 51, 2032 MHz, 3996 MHz, 99 %, 53 %
2026/09/20 15:58:33.410, 1, 824.48 W, 52, 2032 MHz, 3996 MHz, 99 %, 53 %
2026/09/20 15:58:33.410, 2, 796.58 W, 45, 2032 MHz, 3996 MHz, 99 %, 53 %
2026/09/20 15:58:33.410, 3, 806.80 W, 45, 2032 MHz, 3996 MHz, 99 %, 53 %
2026/09/20 15:58:33.410, 4, 182.67 W, 35, 120 MHz, 3996 MHz, 0 %, 0 %
2026/09/20 15:58:33.410, 5, 179.46 W, 32, 120 MHz, 3996 MHz, 0 %, 0 %
2026/09/20 15:58:33.410, 6, 180.17 W, 29, 120 MHz, 3996 MHz, 0 %, 0 %
2026/09/20 15:58:33.410, 7, 182.13 W, 29, 120 MHz, 3996 MHz, 0 %, 0 %
2026/09/20 15:58:34.410, 0, 807.14 W, 51, 2032 MHz, 3996 MHz, 99 %, 53 %
2026/09/20 15:58:34.410, 1, 823.70 W, 52, 2032 MHz, 3996 MHz, 99 %, 53 %
2026/09/20 15:58:34.410, 2, 798.36 W, 44, 2032 MHz, 3996 MHz, 99 %, 52 %
2026/09/20 15:58:34.410, 3, 805.41 W, 45, 2032 MHz, 3996 MHz, 99 %, 54 %
2026/09/20 15:58:34.410, 4, 182.83 W, 35, 120 MHz, 3996 MHz, 0 %, 0 %
2026/09/20 15:58:34.410, 5, 179.47 W, 32, 120 MHz, 3996 MHz, 0 %, 0 %
2026/09/20 15:58:34.411, 6, 180.17 W, 29, 120 MHz, 3996 MHz, 0 %, 0 %
2026/09/20 15:58:34.411, 7, 182.13 W, 29, 120 MHz, 3996 MHz, 0 %, 0 %
2026/09/20 15:58:35.411, 0, 792.12 W, 51, 2032 MHz, 3996 MHz, 99 %, 52 %
2026/09/20 15:58:35.411, 1, 805.85 W, 52, 2032 MHz, 3996 MHz, 99 %, 51 %
2026/09/20 15:58:35.411, 2, 784.01 W, 45, 2032 MHz, 3996 MHz, 99 %, 51 %
2026/09/20 15:58:35.411, 3, 788.76 W, 45, 2032 MHz, 3996 MHz, 99 %, 53 %
2026/09/20 15:58:35.411, 4, 182.90 W, 35, 120 MHz, 3996 MHz, 0 %, 0 %
2026/09/20 15:58:35.411, 5, 179.47 W, 32, 120 MHz, 3996 MHz, 0 %, 0 %
2026/09/20 15:58:35.411, 6, 180.17 W, 29, 120 MHz, 3996 MHz, 0 %, 0 %
2026/09/20 15:58:35.411, 7, 182.13 W, 29, 120 MHz, 3996 MHz, 0 %, 0 %
2026/09/20 15:58:36.411, 0, 780.86 W, 50, 2032 MHz, 3996 MHz, 99 %, 50 %
2026/09/20 15:58:36.411, 1, 797.07 W, 52, 2032 MHz, 3996 MHz, 99 %, 50 %
2026/09/20 15:58:36.411, 2, 776.47 W, 45, 2032 MHz, 3996 MHz, 99 %, 50 %
2026/09/20 15:58:36.411, 3, 776.90 W, 45, 2032 MHz, 3996 MHz, 99 %, 50 %
2026/09/20 15:58:36.411, 4, 182.71 W, 35, 120 MHz, 3996 MHz, 0 %, 0 %
2026/09/20 15:58:36.411, 5, 179.47 W, 32, 120 MHz, 3996 MHz, 0 %, 0 %
2026/09/20 15:58:36.411, 6, 180.16 W, 29, 120 MHz, 3996 MHz, 0 %, 0 %
2026/09/20 15:58:36.411, 7, 182.13 W, 29, 120 MHz, 3996 MHz, 0 %, 0 %
2026/09/20 15:58:37.411, 0, 754.56 W, 50, 2032 MHz, 3996 MHz, 99 %, 50 %
2026/09/20 15:58:37.411, 1, 778.47 W, 52, 2032 MHz, 3996 MHz, 99 %, 50 %
2026/09/20 15:58:37.411, 2, 765.51 W, 44, 2032 MHz, 3996 MHz, 99 %, 51 %
2026/09/20 15:58:37.411, 3, 748.38 W, 45, 2032 MHz, 3996 MHz, 99 %, 50 %
2026/09/20 15:58:37.411, 4, 182.82 W, 35, 120 MHz, 3996 MHz, 0 %, 0 %
2026/09/20 15:58:37.411, 5, 179.47 W, 32, 120 MHz, 3996 MHz, 0 %, 0 %
2026/09/20 15:58:37.411, 6, 180.17 W, 29, 120 MHz, 3996 MHz, 0 %, 0 %
2026/09/20 15:58:37.411, 7, 182.13 W, 29, 120 MHz, 3996 MHz, 0 %, 0 %
2026/09/20 15:58:38.411, 0, 776.22 W, 55, 2017 MHz, 3996 MHz, 100 %, 32 %
2026/09/20 15:58:38.411, 1, 705.58 W, 53, 2032 MHz, 3996 MHz, 62 %, 29 %
2026/09/20 15:58:38.412, 2, 793.16 W, 49, 2032 MHz, 3996 MHz, 100 %, 32 %
2026/09/20 15:58:38.412, 3, 776.21 W, 49, 2032 MHz, 3996 MHz, 84 %, 25 %
2026/09/20 15:58:38.412, 4, 182.56 W, 35, 120 MHz, 3996 MHz, 0 %, 0 %
2026/09/20 15:58:38.412, 5, 179.46 W, 32, 120 MHz, 3996 MHz, 0 %, 0 %
2026/09/20 15:58:38.412, 6, 180.17 W, 29, 120 MHz, 3996 MHz, 0 %, 0 %
2026/09/20 15:58:38.412, 7, 182.13 W, 29, 120 MHz, 3996 MHz, 0 %, 0 %
2026/09/20 15:58:39.412, 0, 820.29 W, 53, 2032 MHz, 3996 MHz, 99 %, 55 %
2026/09/20 15:58:39.412, 1, 844.66 W, 54, 2032 MHz, 3996 MHz, 99 %, 56 %
2026/09/20 15:58:39.412, 2, 816.12 W, 46, 2032 MHz, 3996 MHz, 99 %, 55 %
2026/09/20 15:58:39.412, 3, 817.60 W, 46, 2032 MHz, 3996 MHz, 99 %, 55 %
2026/09/20 15:58:39.412, 4, 182.90 W, 35, 120 MHz, 3996 MHz, 0 %, 0 %
2026/09/20 15:58:39.412, 5, 179.47 W, 32, 120 MHz, 3996 MHz, 0 %, 0 %
2026/09/20 15:58:39.412, 6, 180.17 W, 29, 120 MHz, 3996 MHz, 0 %, 0 %
2026/09/20 15:58:39.412, 7, 182.13 W, 29, 120 MHz, 3996 MHz, 0 %, 0 %
2026/09/20 15:58:40.412, 0, 850.27 W, 53, 2032 MHz, 3996 MHz, 99 %, 56 %
2026/09/20 15:58:40.412, 1, 866.61 W, 55, 2032 MHz, 3996 MHz, 99 %, 56 %
2026/09/20 15:58:40.412, 2, 844.99 W, 47, 2032 MHz, 3996 MHz, 99 %, 56 %
2026/09/20 15:58:40.412, 3, 845.60 W, 47, 2032 MHz, 3996 MHz, 99 %, 56 %
2026/09/20 15:58:40.412, 4, 182.71 W, 35, 120 MHz, 3996 MHz, 0 %, 0 %
2026/09/20 15:58:40.412, 5, 179.47 W, 32, 120 MHz, 3996 MHz, 0 %, 0 %
2026/09/20 15:58:40.412, 6, 180.17 W, 29, 120 MHz, 3996 MHz, 0 %, 0 %
2026/09/20 15:58:40.412, 7, 182.13 W, 29, 120 MHz, 3996 MHz, 0 %, 0 %
2026/09/20 15:58:41.412, 0, 869.24 W, 53, 2032 MHz, 3996 MHz, 99 %, 57 %
2026/09/20 15:58:41.412, 1, 878.66 W, 55, 2032 MHz, 3996 MHz, 99 %, 57 %
2026/09/20 15:58:41.412, 2, 858.53 W, 47, 2032 MHz, 3996 MHz, 99 %, 57 %
2026/09/20 15:58:41.412, 3, 858.04 W, 48, 2032 MHz, 3996 MHz, 99 %, 56 %
2026/09/20 15:58:41.412, 4, 182.90 W, 35, 120 MHz, 3996 MHz, 0 %, 0 %
2026/09/20 15:58:41.412, 5, 179.46 W, 32, 120 MHz, 3996 MHz, 0 %, 0 %
2026/09/20 15:58:41.412, 6, 180.17 W, 29, 120 MHz, 3996 MHz, 0 %, 0 %
2026/09/20 15:58:41.413, 7, 182.13 W, 29, 120 MHz, 3996 MHz, 0 %, 0 %
2026/09/20 15:58:42.413, 0, 877.09 W, 53, 2032 MHz, 3996 MHz, 99 %, 58 %
2026/09/20 15:58:42.413, 1, 888.76 W, 56, 2032 MHz, 3996 MHz, 99 %, 58 %
2026/09/20 15:58:42.413, 2, 867.54 W, 48, 2032 MHz, 3996 MHz, 99 %, 57 %
2026/09/20 15:58:42.413, 3, 867.82 W, 48, 2032 MHz, 3996 MHz, 99 %, 57 %
2026/09/20 15:58:42.413, 4, 182.70 W, 35, 120 MHz, 3996 MHz, 0 %, 0 %
2026/09/20 15:58:42.413, 5, 179.47 W, 32, 120 MHz, 3996 MHz, 0 %, 0 %
2026/09/20 15:58:42.413, 6, 180.17 W, 29, 120 MHz, 3996 MHz, 0 %, 0 %
2026/09/20 15:58:42.413, 7, 182.13 W, 29, 120 MHz, 3996 MHz, 0 %, 0 %
2026/09/20 15:58:43.413, 0, 886.97 W, 54, 2032 MHz, 3996 MHz, 99 %, 58 %
2026/09/20 15:58:43.413, 1, 896.59 W, 56, 2032 MHz, 3996 MHz, 99 %, 58 %
2026/09/20 15:58:43.413, 2, 878.42 W, 48, 2032 MHz, 3996 MHz, 99 %, 57 %
2026/09/20 15:58:43.413, 3, 875.50 W, 48, 2032 MHz, 3996 MHz, 99 %, 58 %
2026/09/20 15:58:43.413, 4, 182.66 W, 35, 120 MHz, 3996 MHz, 0 %, 0 %
2026/09/20 15:58:43.413, 5, 179.47 W, 32, 120 MHz, 3996 MHz, 0 %, 0 %
2026/09/20 15:58:43.413, 6, 180.17 W, 29, 120 MHz, 3996 MHz, 0 %, 0 %
2026/09/20 15:58:43.413, 7, 182.13 W, 29, 120 MHz, 3996 MHz, 0 %, 0 %
2026/09/20 15:58:44.413, 0, 897.52 W, 55, 2032 MHz, 3996 MHz, 99 %, 58 %
2026/09/20 15:58:44.413, 1, 905.48 W, 57, 2032 MHz, 3996 MHz, 99 %, 58 %
2026/09/20 15:58:44.413, 2, 882.73 W, 48, 2032 MHz, 3996 MHz, 99 %, 58 %
2026/09/20 15:58:44.413, 3, 886.09 W, 48, 2032 MHz, 3996 MHz, 99 %, 59 %
2026/09/20 15:58:44.413, 4, 182.79 W, 35, 120 MHz, 3996 MHz, 0 %, 0 %
2026/09/20 15:58:44.413, 5, 179.47 W, 32, 120 MHz, 3996 MHz, 0 %, 0 %
2026/09/20 15:58:44.413, 6, 180.17 W, 29, 120 MHz, 3996 MHz, 0 %, 0 %
2026/09/20 15:58:44.413, 7, 182.13 W, 29, 120 MHz, 3996 MHz, 0 %, 0 %
2026/09/20 15:58:45.413, 0, 896.77 W, 55, 2032 MHz, 3996 MHz, 99 %, 59 %
2026/09/20 15:58:45.413, 1, 909.49 W, 57, 2032 MHz, 3996 MHz, 99 %, 59 %
2026/09/20 15:58:45.414, 2, 888.15 W, 48, 2032 MHz, 3996 MHz, 99 %, 58 %
2026/09/20 15:58:45.414, 3, 890.02 W, 49, 2032 MHz, 3996 MHz, 99 %, 59 %
2026/09/20 15:58:45.414, 4, 182.72 W, 35, 120 MHz, 3996 MHz, 0 %, 0 %
2026/09/20 15:58:45.414, 5, 179.47 W, 32, 120 MHz, 3996 MHz, 0 %, 0 %
2026/09/20 15:58:45.414, 6, 180.17 W, 29, 120 MHz, 3996 MHz, 0 %, 0 %
2026/09/20 15:58:45.414, 7, 182.13 W, 29, 120 MHz, 3996 MHz, 0 %, 0 %
2026/09/20 15:58:46.414, 0, 781.11 W, 52, 2032 MHz, 3996 MHz, 100 %, 9 %
2026/09/20 15:58:46.414, 1, 808.04 W, 56, 2032 MHz, 3996 MHz, 100 %, 9 %
2026/09/20 15:58:46.414, 2, 730.35 W, 46, 2032 MHz, 3996 MHz, 100 %, 9 %
2026/09/20 15:58:46.414, 3, 744.48 W, 46, 2032 MHz, 3996 MHz, 27 %, 12 %
2026/09/20 15:58:46.414, 4, 182.67 W, 35, 120 MHz, 3996 MHz, 0 %, 0 %
2026/09/20 15:58:46.414, 5, 179.47 W, 32, 120 MHz, 3996 MHz, 0 %, 0 %
2026/09/20 15:58:46.414, 6, 180.17 W, 29, 120 MHz, 3996 MHz, 0 %, 0 %
2026/09/20 15:58:46.414, 7, 182.13 W, 29, 120 MHz, 3996 MHz, 0 %, 0 %
2026/09/20 15:58:47.414, 0, 777.81 W, 55, 2032 MHz, 3996 MHz, 99 %, 58 %
2026/09/20 15:58:47.414, 1, 780.77 W, 56, 2032 MHz, 3996 MHz, 99 %, 58 %
2026/09/20 15:58:47.414, 2, 809.79 W, 48, 2032 MHz, 3996 MHz, 99 %, 57 %
2026/09/20 15:58:47.414, 3, 800.24 W, 48, 2032 MHz, 3996 MHz, 95 %, 36 %
2026/09/20 15:58:47.414, 4, 182.78 W, 35, 120 MHz, 3996 MHz, 0 %, 0 %
2026/09/20 15:58:47.414, 5, 179.47 W, 32, 120 MHz, 3996 MHz, 0 %, 0 %
2026/09/20 15:58:47.414, 6, 180.17 W, 29, 120 MHz, 3996 MHz, 0 %, 0 %
2026/09/20 15:58:47.414, 7, 182.13 W, 29, 120 MHz, 3996 MHz, 0 %, 0 %
2026/09/20 15:58:48.414, 0, 838.60 W, 54, 2032 MHz, 3996 MHz, 99 %, 56 %
2026/09/20 15:58:48.414, 1, 791.32 W, 56, 2032 MHz, 3996 MHz, 99 %, 56 %
2026/09/20 15:58:48.414, 2, 826.96 W, 47, 2032 MHz, 3996 MHz, 99 %, 57 %
2026/09/20 15:58:48.414, 3, 811.03 W, 47, 2032 MHz, 3996 MHz, 99 %, 56 %
2026/09/20 15:58:48.414, 4, 182.63 W, 35, 120 MHz, 3996 MHz, 0 %, 0 %
2026/09/20 15:58:48.415, 5, 179.47 W, 32, 120 MHz, 3996 MHz, 0 %, 0 %
2026/09/20 15:58:48.415, 6, 180.17 W, 29, 120 MHz, 3996 MHz, 0 %, 0 %
2026/09/20 15:58:48.415, 7, 182.13 W, 29, 120 MHz, 3996 MHz, 0 %, 0 %
2026/09/20 15:58:49.415, 0, 816.50 W, 55, 2032 MHz, 3996 MHz, 58 %, 19 %
2026/09/20 15:58:49.415, 1, 812.35 W, 55, 2032 MHz, 3996 MHz, 100 %, 20 %
2026/09/20 15:58:49.415, 2, 784.35 W, 47, 2032 MHz, 3996 MHz, 35 %, 15 %
2026/09/20 15:58:49.415, 3, 756.69 W, 47, 2032 MHz, 3996 MHz, 99 %, 45 %
2026/09/20 15:58:49.415, 4, 182.63 W, 35, 120 MHz, 3996 MHz, 0 %, 0 %
2026/09/20 15:58:49.415, 5, 179.46 W, 32, 120 MHz, 3996 MHz, 0 %, 0 %
2026/09/20 15:58:49.415, 6, 180.17 W, 29, 120 MHz, 3996 MHz, 0 %, 0 %
2026/09/20 15:58:49.415, 7, 182.13 W, 29, 120 MHz, 3996 MHz, 0 %, 0 %
2026/09/20 15:58:50.415, 0, 851.03 W, 55, 2032 MHz, 3996 MHz, 99 %, 57 %
2026/09/20 15:58:50.415, 1, 858.46 W, 57, 2032 MHz, 3996 MHz, 99 %, 56 %
2026/09/20 15:58:50.415, 2, 822.52 W, 48, 2032 MHz, 3996 MHz, 99 %, 56 %
2026/09/20 15:58:50.415, 3, 823.67 W, 49, 2032 MHz, 3996 MHz, 99 %, 56 %
2026/09/20 15:58:50.415, 4, 182.78 W, 35, 120 MHz, 3996 MHz, 0 %, 0 %
2026/09/20 15:58:50.415, 5, 179.46 W, 32, 120 MHz, 3996 MHz, 0 %, 0 %
2026/09/20 15:58:50.415, 6, 180.17 W, 29, 120 MHz, 3996 MHz, 0 %, 0 %
2026/09/20 15:58:50.415, 7, 182.13 W, 29, 120 MHz, 3996 MHz, 0 %, 0 %
2026/09/20 15:58:51.415, 0, 865.67 W, 56, 2032 MHz, 3996 MHz, 99 %, 57 %
2026/09/20 15:58:51.415, 1, 873.97 W, 57, 2032 MHz, 3996 MHz, 99 %, 56 %
2026/09/20 15:58:51.415, 2, 846.11 W, 49, 2032 MHz, 3996 MHz, 99 %, 56 %
2026/09/20 15:58:51.415, 3, 854.59 W, 49, 2032 MHz, 3996 MHz, 99 %, 56 %
2026/09/20 15:58:51.415, 4, 182.41 W, 35, 120 MHz, 3996 MHz, 0 %, 0 %
2026/09/20 15:58:51.415, 5, 179.47 W, 32, 120 MHz, 3996 MHz, 0 %, 0 %
2026/09/20 15:58:51.415, 6, 180.17 W, 29, 120 MHz, 3996 MHz, 0 %, 0 %
2026/09/20 15:58:51.415, 7, 182.13 W, 29, 120 MHz, 3996 MHz, 0 %, 0 %
2026/09/20 15:58:52.415, 0, 873.81 W, 56, 2032 MHz, 3996 MHz, 99 %, 57 %
2026/09/20 15:58:52.416, 1, 882.71 W, 57, 2032 MHz, 3996 MHz, 99 %, 57 %
2026/09/20 15:58:52.416, 2, 862.76 W, 49, 2032 MHz, 3996 MHz, 99 %, 58 %
2026/09/20 15:58:52.416, 3, 863.01 W, 49, 2032 MHz, 3996 MHz, 99 %, 56 %
2026/09/20 15:58:52.416, 4, 182.62 W, 35, 120 MHz, 3996 MHz, 0 %, 0 %
2026/09/20 15:58:52.416, 5, 179.47 W, 32, 120 MHz, 3996 MHz, 0 %, 0 %
2026/09/20 15:58:52.416, 6, 180.17 W, 29, 120 MHz, 3996 MHz, 0 %, 0 %
2026/09/20 15:58:52.416, 7, 182.13 W, 29, 120 MHz, 3996 MHz, 0 %, 0 %
2026/09/20 15:58:53.416, 0, 883.26 W, 57, 2032 MHz, 3996 MHz, 99 %, 57 %
2026/09/20 15:58:53.416, 1, 889.81 W, 58, 2032 MHz, 3996 MHz, 99 %, 57 %
2026/09/20 15:58:53.416, 2, 863.98 W, 49, 2032 MHz, 3996 MHz, 99 %, 58 %
2026/09/20 15:58:53.416, 3, 871.50 W, 50, 2032 MHz, 3996 MHz, 99 %, 58 %
2026/09/20 15:58:53.416, 4, 182.51 W, 35, 120 MHz, 3996 MHz, 0 %, 0 %
2026/09/20 15:58:53.416, 5, 179.47 W, 32, 120 MHz, 3996 MHz, 0 %, 0 %
2026/09/20 15:58:53.416, 6, 180.17 W, 29, 120 MHz, 3996 MHz, 0 %, 0 %
2026/09/20 15:58:53.416, 7, 182.13 W, 29, 120 MHz, 3996 MHz, 0 %, 0 %
2026/09/20 15:58:54.416, 0, 879.57 W, 57, 2032 MHz, 3996 MHz, 99 %, 56 %
2026/09/20 15:58:54.416, 1, 881.48 W, 58, 2032 MHz, 3996 MHz, 99 %, 56 %
2026/09/20 15:58:54.416, 2, 859.78 W, 49, 2032 MHz, 3996 MHz, 99 %, 56 %
2026/09/20 15:58:54.416, 3, 862.29 W, 49, 2032 MHz, 3996 MHz, 99 %, 56 %
2026/09/20 15:58:54.416, 4, 182.79 W, 35, 120 MHz, 3996 MHz, 0 %, 0 %
2026/09/20 15:58:54.416, 5, 179.47 W, 32, 120 MHz, 3996 MHz, 0 %, 0 %
2026/09/20 15:58:54.416, 6, 180.17 W, 29, 120 MHz, 3996 MHz, 0 %, 0 %
2026/09/20 15:58:54.416, 7, 182.13 W, 29, 120 MHz, 3996 MHz, 0 %, 0 %
2026/09/20 15:58:55.416, 0, 875.24 W, 57, 2032 MHz, 3996 MHz, 99 %, 56 %
2026/09/20 15:58:55.416, 1, 877.00 W, 58, 2032 MHz, 3996 MHz, 99 %, 55 %
2026/09/20 15:58:55.416, 2, 859.70 W, 49, 2032 MHz, 3996 MHz, 99 %, 57 %
2026/09/20 15:58:55.416, 3, 856.81 W, 49, 2032 MHz, 3996 MHz, 99 %, 56 %
2026/09/20 15:58:55.416, 4, 182.37 W, 35, 120 MHz, 3996 MHz, 0 %, 0 %
2026/09/20 15:58:55.416, 5, 179.47 W, 32, 120 MHz, 3996 MHz, 0 %, 0 %
2026/09/20 15:58:55.416, 6, 180.17 W, 29, 120 MHz, 3996 MHz, 0 %, 0 %
2026/09/20 15:58:55.417, 7, 182.13 W, 29, 120 MHz, 3996 MHz, 0 %, 0 %
2026/09/20 15:58:56.417, 0, 781.84 W, 55, 2032 MHz, 3996 MHz, 40 %, 20 %
2026/09/20 15:58:56.417, 1, 811.96 W, 58, 2032 MHz, 3996 MHz, 95 %, 25 %
2026/09/20 15:58:56.417, 2, 776.42 W, 49, 2032 MHz, 3996 MHz, 100 %, 11 %
2026/09/20 15:58:56.417, 3, 796.52 W, 50, 2032 MHz, 3996 MHz, 98 %, 48 %
2026/09/20 15:58:56.417, 4, 182.67 W, 35, 120 MHz, 3996 MHz, 0 %, 0 %
2026/09/20 15:58:56.417, 5, 179.47 W, 32, 120 MHz, 3996 MHz, 0 %, 0 %
2026/09/20 15:58:56.417, 6, 180.17 W, 29, 120 MHz, 3996 MHz, 0 %, 0 %
2026/09/20 15:58:56.417, 7, 182.13 W, 29, 120 MHz, 3996 MHz, 0 %, 0 %
2026/09/20 15:58:57.417, 0, 853.00 W, 57, 2032 MHz, 3996 MHz, 99 %, 57 %
2026/09/20 15:58:57.417, 1, 855.44 W, 59, 2032 MHz, 3996 MHz, 99 %, 57 %
2026/09/20 15:58:57.417, 2, 848.93 W, 49, 2032 MHz, 3996 MHz, 99 %, 56 %
2026/09/20 15:58:57.417, 3, 853.97 W, 50, 2032 MHz, 3996 MHz, 99 %, 57 %
2026/09/20 15:58:57.417, 4, 182.52 W, 35, 120 MHz, 3996 MHz, 0 %, 0 %
2026/09/20 15:58:57.417, 5, 179.46 W, 32, 120 MHz, 3996 MHz, 0 %, 0 %
2026/09/20 15:58:57.417, 6, 180.17 W, 29, 120 MHz, 3996 MHz, 0 %, 0 %
2026/09/20 15:58:57.417, 7, 182.13 W, 29, 120 MHz, 3996 MHz, 0 %, 0 %
2026/09/20 15:58:58.417, 0, 791.24 W, 57, 2032 MHz, 3996 MHz, 99 %, 55 %
2026/09/20 15:58:58.417, 1, 806.33 W, 58, 2032 MHz, 3996 MHz, 99 %, 55 %
2026/09/20 15:58:58.417, 2, 763.66 W, 49, 2032 MHz, 3996 MHz, 99 %, 55 %
2026/09/20 15:58:58.417, 3, 720.82 W, 48, 2032 MHz, 3996 MHz, 73 %, 39 %
2026/09/20 15:58:58.417, 4, 182.62 W, 35, 120 MHz, 3996 MHz, 0 %, 0 %
2026/09/20 15:58:58.417, 5, 179.47 W, 32, 120 MHz, 3996 MHz, 0 %, 0 %
2026/09/20 15:58:58.417, 6, 180.17 W, 29, 120 MHz, 3996 MHz, 0 %, 0 %
2026/09/20 15:58:58.417, 7, 182.13 W, 29, 120 MHz, 3996 MHz, 0 %, 0 %
2026/09/20 15:58:59.417, 0, 868.03 W, 58, 2032 MHz, 3996 MHz, 99 %, 56 %
2026/09/20 15:58:59.418, 1, 873.97 W, 59, 2032 MHz, 3996 MHz, 99 %, 56 %
2026/09/20 15:58:59.418, 2, 850.27 W, 49, 2032 MHz, 3996 MHz, 99 %, 56 %
2026/09/20 15:58:59.418, 3, 845.21 W, 49, 2032 MHz, 3996 MHz, 99 %, 56 %
2026/09/20 15:58:59.418, 4, 182.83 W, 35, 120 MHz, 3996 MHz, 0 %, 0 %
2026/09/20 15:58:59.418, 5, 179.47 W, 32, 120 MHz, 3996 MHz, 0 %, 0 %
2026/09/20 15:58:59.418, 6, 180.17 W, 29, 120 MHz, 3996 MHz, 0 %, 0 %
2026/09/20 15:58:59.418, 7, 182.13 W, 29, 120 MHz, 3996 MHz, 0 %, 0 %
2026/09/20 15:59:00.418, 0, 812.29 W, 57, 2032 MHz, 3996 MHz, 99 %, 57 %
2026/09/20 15:59:00.418, 1, 855.71 W, 59, 2032 MHz, 3996 MHz, 99 %, 56 %
2026/09/20 15:59:00.418, 2, 835.56 W, 50, 2032 MHz, 3996 MHz, 99 %, 56 %
2026/09/20 15:59:00.418, 3, 836.36 W, 50, 2032 MHz, 3996 MHz, 99 %, 56 %
2026/09/20 15:59:00.418, 4, 182.60 W, 35, 120 MHz, 3996 MHz, 0 %, 0 %
2026/09/20 15:59:00.418, 5, 179.47 W, 32, 120 MHz, 3996 MHz, 0 %, 0 %
2026/09/20 15:59:00.418, 6, 180.17 W, 29, 120 MHz, 3996 MHz, 0 %, 0 %
2026/09/20 15:59:00.418, 7, 182.13 W, 29, 120 MHz, 3996 MHz, 0 %, 0 %
2026/09/20 15:59:01.418, 0, 891.07 W, 58, 2032 MHz, 3996 MHz, 99 %, 57 %
2026/09/20 15:59:01.418, 1, 893.98 W, 59, 2032 MHz, 3996 MHz, 99 %, 57 %
2026/09/20 15:59:01.418, 2, 867.26 W, 50, 2032 MHz, 3996 MHz, 99 %, 57 %
2026/09/20 15:59:01.418, 3, 876.78 W, 50, 2032 MHz, 3996 MHz, 99 %, 57 %
2026/09/20 15:59:01.418, 4, 182.79 W, 35, 120 MHz, 3996 MHz, 0 %, 0 %
2026/09/20 15:59:01.418, 5, 179.46 W, 32, 120 MHz, 3996 MHz, 0 %, 0 %
2026/09/20 15:59:01.418, 6, 180.17 W, 29, 120 MHz, 3996 MHz, 0 %, 0 %
2026/09/20 15:59:01.418, 7, 182.13 W, 29, 120 MHz, 3996 MHz, 0 %, 0 %
2026/09/20 15:59:02.418, 0, 888.35 W, 58, 2032 MHz, 3996 MHz, 99 %, 57 %
2026/09/20 15:59:02.418, 1, 893.05 W, 60, 2032 MHz, 3996 MHz, 99 %, 57 %
2026/09/20 15:59:02.418, 2, 869.00 W, 50, 2032 MHz, 3996 MHz, 99 %, 57 %
2026/09/20 15:59:02.418, 3, 872.79 W, 50, 2032 MHz, 3996 MHz, 99 %, 57 %
2026/09/20 15:59:02.418, 4, 182.55 W, 35, 120 MHz, 3996 MHz, 0 %, 0 %
2026/09/20 15:59:02.419, 5, 179.47 W, 32, 120 MHz, 3996 MHz, 0 %, 0 %
2026/09/20 15:59:02.419, 6, 180.17 W, 29, 120 MHz, 3996 MHz, 0 %, 0 %
2026/09/20 15:59:02.419, 7, 182.13 W, 29, 120 MHz, 3996 MHz, 0 %, 0 %
2026/09/20 15:59:03.419, 0, 890.96 W, 59, 2032 MHz, 3996 MHz, 99 %, 57 %
2026/09/20 15:59:03.419, 1, 896.05 W, 60, 2032 MHz, 3996 MHz, 99 %, 58 %
2026/09/20 15:59:03.419, 2, 870.34 W, 50, 2032 MHz, 3996 MHz, 99 %, 57 %
2026/09/20 15:59:03.419, 3, 874.66 W, 50, 2032 MHz, 3996 MHz, 99 %, 57 %
2026/09/20 15:59:03.419, 4, 182.56 W, 35, 120 MHz, 3996 MHz, 0 %, 0 %
2026/09/20 15:59:03.419, 5, 179.46 W, 32, 120 MHz, 3996 MHz, 0 %, 0 %
2026/09/20 15:59:03.419, 6, 180.17 W, 29, 120 MHz, 3996 MHz, 0 %, 0 %
2026/09/20 15:59:03.419, 7, 182.13 W, 29, 120 MHz, 3996 MHz, 0 %, 0 %
2026/09/20 15:59:04.419, 0, 868.27 W, 59, 2032 MHz, 3996 MHz, 99 %, 58 %
2026/09/20 15:59:04.419, 1, 827.78 W, 59, 2032 MHz, 3996 MHz, 99 %, 58 %
2026/09/20 15:59:04.419, 2, 852.48 W, 50, 2032 MHz, 3996 MHz, 99 %, 58 %
2026/09/20 15:59:04.419, 3, 849.32 W, 51, 2032 MHz, 3996 MHz, 99 %, 57 %
2026/09/20 15:59:04.419, 4, 182.51 W, 35, 120 MHz, 3996 MHz, 0 %, 0 %
2026/09/20 15:59:04.419, 5, 179.47 W, 32, 120 MHz, 3996 MHz, 0 %, 0 %
2026/09/20 15:59:04.419, 6, 180.17 W, 29, 120 MHz, 3996 MHz, 0 %, 0 %
2026/09/20 15:59:04.419, 7, 182.13 W, 29, 120 MHz, 3996 MHz, 0 %, 0 %
2026/09/20 15:59:05.419, 0, 838.35 W, 58, 2032 MHz, 3996 MHz, 99 %, 57 %
2026/09/20 15:59:05.419, 1, 843.11 W, 60, 2032 MHz, 3996 MHz, 99 %, 57 %
2026/09/20 15:59:05.419, 2, 817.88 W, 50, 2032 MHz, 3996 MHz, 99 %, 57 %
2026/09/20 15:59:05.419, 3, 804.73 W, 50, 2032 MHz, 3996 MHz, 99 %, 57 %
2026/09/20 15:59:05.419, 4, 182.79 W, 35, 120 MHz, 3996 MHz, 0 %, 0 %
2026/09/20 15:59:05.419, 5, 179.46 W, 32, 120 MHz, 3996 MHz, 0 %, 0 %
2026/09/20 15:59:05.419, 6, 180.17 W, 29, 120 MHz, 3996 MHz, 0 %, 0 %
2026/09/20 15:59:05.419, 7, 182.13 W, 29, 120 MHz, 3996 MHz, 0 %, 0 %
2026/09/20 15:59:06.419, 0, 779.22 W, 57, 2032 MHz, 3996 MHz, 46 %, 24 %
2026/09/20 15:59:06.420, 1, 779.53 W, 60, 2032 MHz, 3996 MHz, 96 %, 18 %
2026/09/20 15:59:06.420, 2, 808.23 W, 50, 2032 MHz, 3996 MHz, 99 %, 56 %
2026/09/20 15:59:06.420, 3, 806.80 W, 50, 2032 MHz, 3996 MHz, 100 %, 9 %
2026/09/20 15:59:06.420, 4, 182.60 W, 35, 120 MHz, 3996 MHz, 0 %, 0 %
2026/09/20 15:59:06.420, 5, 179.47 W, 32, 120 MHz, 3996 MHz, 0 %, 0 %
2026/09/20 15:59:06.420, 6, 180.17 W, 29, 120 MHz, 3996 MHz, 0 %, 0 %
2026/09/20 15:59:06.420, 7, 182.13 W, 29, 120 MHz, 3996 MHz, 0 %, 0 %
2026/09/20 15:59:07.420, 0, 832.09 W, 58, 2032 MHz, 3996 MHz, 99 %, 55 %
2026/09/20 15:59:07.420, 1, 836.84 W, 60, 2032 MHz, 3996 MHz, 99 %, 55 %
2026/09/20 15:59:07.420, 2, 824.39 W, 49, 2032 MHz, 3996 MHz, 99 %, 55 %
2026/09/20 15:59:07.420, 3, 798.56 W, 50, 2032 MHz, 3996 MHz, 99 %, 55 %
2026/09/20 15:59:07.420, 4, 182.66 W, 35, 120 MHz, 3996 MHz, 0 %, 0 %
2026/09/20 15:59:07.420, 5, 179.47 W, 32, 120 MHz, 3996 MHz, 0 %, 0 %
2026/09/20 15:59:07.420, 6, 180.17 W, 29, 120 MHz, 3996 MHz, 0 %, 0 %
2026/09/20 15:59:07.420, 7, 182.13 W, 29, 120 MHz, 3996 MHz, 0 %, 0 %
2026/09/20 15:59:08.420, 0, 871.49 W, 59, 2032 MHz, 3996 MHz, 99 %, 57 %
2026/09/20 15:59:08.420, 1, 874.81 W, 60, 2032 MHz, 3996 MHz, 99 %, 55 %
2026/09/20 15:59:08.420, 2, 847.73 W, 50, 2032 MHz, 3996 MHz, 99 %, 55 %
2026/09/20 15:59:08.420, 3, 847.48 W, 50, 2032 MHz, 3996 MHz, 99 %, 55 %
2026/09/20 15:59:08.420, 4, 182.45 W, 35, 120 MHz, 3996 MHz, 0 %, 0 %
2026/09/20 15:59:08.420, 5, 179.47 W, 32, 120 MHz, 3996 MHz, 0 %, 0 %
2026/09/20 15:59:08.420, 6, 180.17 W, 29, 120 MHz, 3996 MHz, 0 %, 0 %
2026/09/20 15:59:08.420, 7, 182.13 W, 29, 120 MHz, 3996 MHz, 0 %, 0 %
2026/09/20 15:59:09.420, 0, 808.50 W, 56, 2032 MHz, 3996 MHz, 30 %, 13 %
2026/09/20 15:59:09.420, 1, 863.34 W, 61, 2032 MHz, 3996 MHz, 100 %, 9 %
2026/09/20 15:59:09.420, 2, 831.26 W, 49, 2032 MHz, 3996 MHz, 95 %, 37 %
2026/09/20 15:59:09.420, 3, 829.83 W, 50, 2032 MHz, 3996 MHz, 100 %, 10 %
2026/09/20 15:59:09.421, 4, 182.56 W, 35, 120 MHz, 3996 MHz, 0 %, 0 %
2026/09/20 15:59:09.421, 5, 179.47 W, 32, 120 MHz, 3996 MHz, 0 %, 0 %
2026/09/20 15:59:09.421, 6, 180.17 W, 29, 120 MHz, 3996 MHz, 0 %, 0 %
2026/09/20 15:59:09.421, 7, 182.13 W, 29, 120 MHz, 3996 MHz, 0 %, 0 %
2026/09/20 15:59:10.421, 0, 876.34 W, 59, 2032 MHz, 3996 MHz, 99 %, 57 %
2026/09/20 15:59:10.421, 1, 877.32 W, 61, 2032 MHz, 3996 MHz, 99 %, 56 %
2026/09/20 15:59:10.421, 2, 855.74 W, 50, 2032 MHz, 3996 MHz, 99 %, 56 %
2026/09/20 15:59:10.421, 3, 853.48 W, 51, 2032 MHz, 3996 MHz, 99 %, 56 %
2026/09/20 15:59:10.421, 4, 182.86 W, 35, 120 MHz, 3996 MHz, 0 %, 0 %
2026/09/20 15:59:10.421, 5, 179.47 W, 32, 120 MHz, 3996 MHz, 0 %, 0 %
2026/09/20 15:59:10.421, 6, 180.17 W, 29, 120 MHz, 3996 MHz, 0 %, 0 %
2026/09/20 15:59:10.421, 7, 182.13 W, 29, 120 MHz, 3996 MHz, 0 %, 0 %
2026/09/20 15:59:11.421, 0, 895.83 W, 60, 2032 MHz, 3996 MHz, 99 %, 58 %
2026/09/20 15:59:11.421, 1, 894.48 W, 61, 2032 MHz, 3996 MHz, 99 %, 58 %
2026/09/20 15:59:11.421, 2, 868.89 W, 51, 2032 MHz, 3996 MHz, 99 %, 57 %
2026/09/20 15:59:11.421, 3, 872.12 W, 51, 2032 MHz, 3996 MHz, 99 %, 57 %
2026/09/20 15:59:11.421, 4, 183.01 W, 35, 120 MHz, 3996 MHz, 0 %, 0 %
2026/09/20 15:59:11.421, 5, 179.46 W, 32, 120 MHz, 3996 MHz, 0 %, 0 %
2026/09/20 15:59:11.421, 6, 180.17 W, 29, 120 MHz, 3996 MHz, 0 %, 0 %
2026/09/20 15:59:11.421, 7, 182.13 W, 29, 120 MHz, 3996 MHz, 0 %, 0 %
2026/09/20 15:59:12.421, 0, 907.28 W, 60, 2032 MHz, 3996 MHz, 99 %, 58 %
2026/09/20 15:59:12.421, 1, 907.02 W, 62, 2032 MHz, 3996 MHz, 99 %, 58 %
2026/09/20 15:59:12.421, 2, 882.36 W, 51, 2032 MHz, 3996 MHz, 99 %, 58 %
2026/09/20 15:59:12.421, 3, 887.15 W, 52, 2032 MHz, 3996 MHz, 99 %, 59 %
2026/09/20 15:59:12.421, 4, 182.60 W, 35, 120 MHz, 3996 MHz, 0 %, 0 %
2026/09/20 15:59:12.421, 5, 179.46 W, 32, 120 MHz, 3996 MHz, 0 %, 0 %
2026/09/20 15:59:12.421, 6, 180.17 W, 29, 120 MHz, 3996 MHz, 0 %, 0 %
2026/09/20 15:59:12.421, 7, 182.13 W, 29, 120 MHz, 3996 MHz, 0 %, 0 %
2026/09/20 15:59:13.422, 0, 879.63 W, 60, 2032 MHz, 3996 MHz, 95 %, 20 %
2026/09/20 15:59:13.422, 1, 839.12 W, 60, 2032 MHz, 3996 MHz, 36 %, 18 %
2026/09/20 15:59:13.422, 2, 863.78 W, 51, 2032 MHz, 3996 MHz, 99 %, 58 %
2026/09/20 15:59:13.422, 3, 865.34 W, 51, 2032 MHz, 3996 MHz, 100 %, 9 %
2026/09/20 15:59:13.422, 4, 182.75 W, 35, 120 MHz, 3996 MHz, 0 %, 0 %
2026/09/20 15:59:13.422, 5, 179.47 W, 32, 120 MHz, 3996 MHz, 0 %, 0 %
2026/09/20 15:59:13.422, 6, 180.16 W, 29, 120 MHz, 3996 MHz, 0 %, 0 %
2026/09/20 15:59:13.422, 7, 182.13 W, 29, 120 MHz, 3996 MHz, 0 %, 0 %
2026/09/20 15:59:14.422, 0, 806.04 W, 59, 2032 MHz, 3996 MHz, 99 %, 57 %
2026/09/20 15:59:14.422, 1, 822.51 W, 61, 2032 MHz, 3996 MHz, 99 %, 57 %
2026/09/20 15:59:14.422, 2, 760.90 W, 50, 2032 MHz, 3996 MHz, 99 %, 57 %
2026/09/20 15:59:14.422, 3, 796.16 W, 51, 2032 MHz, 3996 MHz, 99 %, 57 %
2026/09/20 15:59:14.422, 4, 182.90 W, 35, 120 MHz, 3996 MHz, 0 %, 0 %
2026/09/20 15:59:14.422, 5, 179.47 W, 32, 120 MHz, 3996 MHz, 0 %, 0 %
2026/09/20 15:59:14.422, 6, 180.17 W, 29, 120 MHz, 3996 MHz, 0 %, 0 %
2026/09/20 15:59:14.422, 7, 182.13 W, 29, 120 MHz, 3996 MHz, 0 %, 0 %
2026/09/20 15:59:15.422, 0, 902.14 W, 61, 2032 MHz, 3996 MHz, 99 %, 58 %
2026/09/20 15:59:15.422, 1, 907.35 W, 61, 2032 MHz, 3996 MHz, 99 %, 58 %
2026/09/20 15:59:15.422, 2, 881.31 W, 51, 2032 MHz, 3996 MHz, 99 %, 58 %
2026/09/20 15:59:15.422, 3, 886.47 W, 51, 2032 MHz, 3996 MHz, 99 %, 58 %
2026/09/20 15:59:15.422, 4, 182.62 W, 35, 120 MHz, 3996 MHz, 0 %, 0 %
2026/09/20 15:59:15.422, 5, 179.46 W, 32, 120 MHz, 3996 MHz, 0 %, 0 %
2026/09/20 15:59:15.422, 6, 180.17 W, 29, 120 MHz, 3996 MHz, 0 %, 0 %
2026/09/20 15:59:15.422, 7, 182.13 W, 29, 120 MHz, 3996 MHz, 0 %, 0 %
2026/09/20 15:59:16.422, 0, 812.12 W, 60, 2032 MHz, 3996 MHz, 99 %, 56 %
2026/09/20 15:59:16.422, 1, 828.52 W, 62, 2032 MHz, 3996 MHz, 99 %, 56 %
2026/09/20 15:59:16.422, 2, 780.99 W, 50, 2032 MHz, 3996 MHz, 99 %, 56 %
2026/09/20 15:59:16.422, 3, 751.40 W, 51, 2032 MHz, 3996 MHz, 99 %, 56 %
2026/09/20 15:59:16.422, 4, 182.67 W, 35, 120 MHz, 3996 MHz, 0 %, 0 %
2026/09/20 15:59:16.423, 5, 179.47 W, 32, 120 MHz, 3996 MHz, 0 %, 0 %
2026/09/20 15:59:16.423, 6, 180.17 W, 29, 120 MHz, 3996 MHz, 0 %, 0 %
2026/09/20 15:59:16.423, 7, 182.13 W, 29, 120 MHz, 3996 MHz, 0 %, 0 %
2026/09/20 15:59:17.423, 0, 884.38 W, 61, 2032 MHz, 3996 MHz, 99 %, 57 %
2026/09/20 15:59:17.423, 1, 892.33 W, 62, 2032 MHz, 3996 MHz, 99 %, 56 %
2026/09/20 15:59:17.423, 2, 858.89 W, 51, 2032 MHz, 3996 MHz, 99 %, 56 %
2026/09/20 15:59:17.423, 3, 874.36 W, 51, 2032 MHz, 3996 MHz, 99 %, 57 %
2026/09/20 15:59:17.423, 4, 182.79 W, 35, 120 MHz, 3996 MHz, 0 %, 0 %
2026/09/20 15:59:17.423, 5, 179.47 W, 32, 120 MHz, 3996 MHz, 0 %, 0 %
2026/09/20 15:59:17.423, 6, 180.17 W, 29, 120 MHz, 3996 MHz, 0 %, 0 %
2026/09/20 15:59:17.423, 7, 182.13 W, 29, 120 MHz, 3996 MHz, 0 %, 0 %
2026/09/20 15:59:18.423, 0, 895.66 W, 61, 2032 MHz, 3996 MHz, 99 %, 57 %
2026/09/20 15:59:18.423, 1, 900.42 W, 62, 2032 MHz, 3996 MHz, 99 %, 57 %
2026/09/20 15:59:18.423, 2, 868.72 W, 51, 2032 MHz, 3996 MHz, 99 %, 57 %
2026/09/20 15:59:18.423, 3, 882.82 W, 52, 2032 MHz, 3996 MHz, 99 %, 58 %
2026/09/20 15:59:18.423, 4, 182.74 W, 35, 120 MHz, 3996 MHz, 0 %, 0 %
2026/09/20 15:59:18.423, 5, 179.46 W, 32, 120 MHz, 3996 MHz, 0 %, 0 %
2026/09/20 15:59:18.423, 6, 180.16 W, 29, 120 MHz, 3996 MHz, 0 %, 0 %
2026/09/20 15:59:18.423, 7, 182.13 W, 29, 120 MHz, 3996 MHz, 0 %, 0 %
2026/09/20 15:59:19.423, 0, 821.76 W, 61, 2032 MHz, 3996 MHz, 99 %, 57 %
2026/09/20 15:59:19.423, 1, 876.07 W, 62, 2032 MHz, 3996 MHz, 99 %, 57 %
2026/09/20 15:59:19.423, 2, 843.77 W, 51, 2032 MHz, 3996 MHz, 99 %, 56 %
2026/09/20 15:59:19.423, 3, 856.44 W, 52, 2032 MHz, 3996 MHz, 99 %, 57 %
2026/09/20 15:59:19.423, 4, 182.44 W, 35, 120 MHz, 3996 MHz, 0 %, 0 %
2026/09/20 15:59:19.423, 5, 179.46 W, 32, 120 MHz, 3996 MHz, 0 %, 0 %
2026/09/20 15:59:19.423, 6, 180.17 W, 29, 120 MHz, 3996 MHz, 0 %, 0 %
2026/09/20 15:59:19.423, 7, 182.13 W, 29, 120 MHz, 3996 MHz, 0 %, 0 %
2026/09/20 15:59:20.424, 0, 896.32 W, 61, 2032 MHz, 3996 MHz, 99 %, 57 %
2026/09/20 15:59:20.424, 1, 903.24 W, 62, 2032 MHz, 3996 MHz, 99 %, 57 %
2026/09/20 15:59:20.424, 2, 877.68 W, 51, 2032 MHz, 3996 MHz, 99 %, 57 %
2026/09/20 15:59:20.424, 3, 883.72 W, 52, 2032 MHz, 3996 MHz, 99 %, 58 %
2026/09/20 15:59:20.424, 4, 182.63 W, 35, 120 MHz, 3996 MHz, 0 %, 0 %
2026/09/20 15:59:20.424, 5, 179.47 W, 32, 120 MHz, 3996 MHz, 0 %, 0 %
2026/09/20 15:59:20.424, 6, 180.17 W, 29, 120 MHz, 3996 MHz, 0 %, 0 %
2026/09/20 15:59:20.424, 7, 182.13 W, 29, 120 MHz, 3996 MHz, 0 %, 0 %
2026/09/20 15:59:21.424, 0, 899.04 W, 61, 2032 MHz, 3996 MHz, 99 %, 57 %
2026/09/20 15:59:21.424, 1, 908.05 W, 62, 2032 MHz, 3996 MHz, 99 %, 57 %
2026/09/20 15:59:21.424, 2, 878.46 W, 51, 2032 MHz, 3996 MHz, 99 %, 57 %
2026/09/20 15:59:21.424, 3, 886.83 W, 52, 2032 MHz, 3996 MHz, 99 %, 57 %
2026/09/20 15:59:21.424, 4, 182.67 W, 35, 120 MHz, 3996 MHz, 0 %, 0 %
2026/09/20 15:59:21.424, 5, 179.47 W, 32, 120 MHz, 3996 MHz, 0 %, 0 %
2026/09/20 15:59:21.424, 6, 180.17 W, 29, 120 MHz, 3996 MHz, 0 %, 0 %
2026/09/20 15:59:21.424, 7, 182.13 W, 29, 120 MHz, 3996 MHz, 0 %, 0 %
2026/09/20 15:59:22.424, 0, 885.86 W, 61, 2032 MHz, 3996 MHz, 99 %, 57 %
2026/09/20 15:59:22.424, 1, 896.40 W, 63, 2032 MHz, 3996 MHz, 99 %, 56 %
2026/09/20 15:59:22.424, 2, 870.59 W, 52, 2032 MHz, 3996 MHz, 99 %, 57 %
2026/09/20 15:59:22.424, 3, 871.07 W, 52, 2032 MHz, 3996 MHz, 99 %, 57 %
2026/09/20 15:59:22.424, 4, 182.87 W, 35, 120 MHz, 3996 MHz, 0 %, 0 %
2026/09/20 15:59:22.424, 5, 179.46 W, 32, 120 MHz, 3996 MHz, 0 %, 0 %
2026/09/20 15:59:22.424, 6, 180.17 W, 29, 120 MHz, 3996 MHz, 0 %, 0 %
2026/09/20 15:59:22.424, 7, 182.13 W, 29, 120 MHz, 3996 MHz, 0 %, 0 %
2026/09/20 15:59:23.424, 0, 762.03 W, 60, 2032 MHz, 3996 MHz, 46 %, 24 %
2026/09/20 15:59:23.424, 1, 827.62 W, 62, 2032 MHz, 3996 MHz, 96 %, 18 %
2026/09/20 15:59:23.424, 2, 812.07 W, 51, 2032 MHz, 3996 MHz, 99 %, 50 %
2026/09/20 15:59:23.424, 3, 758.99 W, 51, 2032 MHz, 3996 MHz, 100 %, 9 %
2026/09/20 15:59:23.424, 4, 182.64 W, 35, 120 MHz, 3996 MHz, 0 %, 0 %
2026/09/20 15:59:23.424, 5, 179.47 W, 32, 120 MHz, 3996 MHz, 0 %, 0 %
2026/09/20 15:59:23.425, 6, 180.17 W, 29, 120 MHz, 3996 MHz, 0 %, 0 %
2026/09/20 15:59:23.425, 7, 182.13 W, 29, 120 MHz, 3996 MHz, 0 %, 0 %
2026/09/20 15:59:24.425, 0, 872.42 W, 61, 2032 MHz, 3996 MHz, 99 %, 57 %
2026/09/20 15:59:24.425, 1, 826.73 W, 62, 2032 MHz, 3996 MHz, 99 %, 58 %
2026/09/20 15:59:24.425, 2, 835.34 W, 51, 2032 MHz, 3996 MHz, 99 %, 57 %
2026/09/20 15:59:24.425, 3, 843.18 W, 51, 2032 MHz, 3996 MHz, 99 %, 57 %
2026/09/20 15:59:24.425, 4, 182.51 W, 35, 120 MHz, 3996 MHz, 0 %, 0 %
2026/09/20 15:59:24.425, 5, 179.47 W, 32, 120 MHz, 3996 MHz, 0 %, 0 %
2026/09/20 15:59:24.425, 6, 180.17 W, 29, 120 MHz, 3996 MHz, 0 %, 0 %
2026/09/20 15:59:24.425, 7, 182.13 W, 29, 120 MHz, 3996 MHz, 0 %, 0 %
2026/09/20 15:59:25.425, 0, 893.54 W, 62, 2032 MHz, 3996 MHz, 99 %, 57 %
2026/09/20 15:59:25.425, 1, 904.52 W, 63, 2032 MHz, 3996 MHz, 99 %, 57 %
2026/09/20 15:59:25.425, 2, 879.98 W, 52, 2032 MHz, 3996 MHz, 95 %, 43 %
2026/09/20 15:59:25.425, 3, 878.18 W, 52, 2032 MHz, 3996 MHz, 99 %, 57 %
2026/09/20 15:59:25.425, 4, 182.79 W, 35, 120 MHz, 3996 MHz, 0 %, 0 %
2026/09/20 15:59:25.425, 5, 179.47 W, 32, 120 MHz, 3996 MHz, 0 %, 0 %
2026/09/20 15:59:25.425, 6, 180.17 W, 29, 120 MHz, 3996 MHz, 0 %, 0 %
2026/09/20 15:59:25.425, 7, 182.13 W, 29, 120 MHz, 3996 MHz, 0 %, 0 %
2026/09/20 15:59:26.425, 0, 833.70 W, 61, 2032 MHz, 3996 MHz, 99 %, 56 %
2026/09/20 15:59:26.425, 1, 832.35 W, 63, 2032 MHz, 3996 MHz, 99 %, 56 %
2026/09/20 15:59:26.425, 2, 820.86 W, 51, 2032 MHz, 3996 MHz, 99 %, 56 %
2026/09/20 15:59:26.425, 3, 787.70 W, 51, 2032 MHz, 3996 MHz, 99 %, 55 %
2026/09/20 15:59:26.425, 4, 182.86 W, 35, 120 MHz, 3996 MHz, 0 %, 0 %
2026/09/20 15:59:26.425, 5, 179.46 W, 32, 120 MHz, 3996 MHz, 0 %, 0 %
2026/09/20 15:59:26.425, 6, 180.17 W, 29, 120 MHz, 3996 MHz, 0 %, 0 %
2026/09/20 15:59:26.425, 7, 182.13 W, 29, 120 MHz, 3996 MHz, 0 %, 0 %
2026/09/20 15:59:27.425, 0, 889.25 W, 62, 2032 MHz, 3996 MHz, 99 %, 57 %
2026/09/20 15:59:27.426, 1, 891.78 W, 63, 2032 MHz, 3996 MHz, 99 %, 57 %
2026/09/20 15:59:27.426, 2, 869.77 W, 52, 2032 MHz, 3996 MHz, 99 %, 57 %
2026/09/20 15:59:27.426, 3, 871.89 W, 52, 2032 MHz, 3996 MHz, 99 %, 57 %
2026/09/20 15:59:27.426, 4, 182.74 W, 35, 120 MHz, 3996 MHz, 0 %, 0 %
2026/09/20 15:59:27.426, 5, 179.47 W, 32, 120 MHz, 3996 MHz, 0 %, 0 %
2026/09/20 15:59:27.426, 6, 180.17 W, 29, 120 MHz, 3996 MHz, 0 %, 0 %
2026/09/20 15:59:27.426, 7, 182.13 W, 29, 120 MHz, 3996 MHz, 0 %, 0 %
2026/09/20 15:59:28.426, 0, 827.70 W, 61, 2032 MHz, 3996 MHz, 30 %, 13 %
2026/09/20 15:59:28.426, 1, 875.88 W, 63, 2032 MHz, 3996 MHz, 100 %, 9 %
2026/09/20 15:59:28.426, 2, 846.37 W, 52, 2032 MHz, 3996 MHz, 95 %, 26 %
2026/09/20 15:59:28.426, 3, 847.94 W, 51, 2032 MHz, 3996 MHz, 100 %, 21 %
2026/09/20 15:59:28.426, 4, 182.76 W, 35, 120 MHz, 3996 MHz, 0 %, 0 %
2026/09/20 15:59:28.426, 5, 179.47 W, 32, 120 MHz, 3996 MHz, 0 %, 0 %
2026/09/20 15:59:28.426, 6, 180.17 W, 29, 120 MHz, 3996 MHz, 0 %, 0 %
2026/09/20 15:59:28.426, 7, 182.13 W, 29, 120 MHz, 3996 MHz, 0 %, 0 %
2026/09/20 15:59:29.426, 0, 894.52 W, 62, 2032 MHz, 3996 MHz, 99 %, 57 %
2026/09/20 15:59:29.426, 1, 888.95 W, 63, 2032 MHz, 3996 MHz, 99 %, 57 %
2026/09/20 15:59:29.426, 2, 869.01 W, 52, 2032 MHz, 3996 MHz, 99 %, 56 %
2026/09/20 15:59:29.426, 3, 874.96 W, 52, 2032 MHz, 3996 MHz, 99 %, 57 %
2026/09/20 15:59:29.426, 4, 182.79 W, 35, 120 MHz, 3996 MHz, 0 %, 0 %
2026/09/20 15:59:29.426, 5, 179.46 W, 32, 120 MHz, 3996 MHz, 0 %, 0 %
2026/09/20 15:59:29.427, 6, 180.17 W, 29, 120 MHz, 3996 MHz, 0 %, 0 %
2026/09/20 15:59:29.427, 7, 182.13 W, 29, 120 MHz, 3996 MHz, 0 %, 0 %
2026/09/20 15:59:30.427, 0, 895.70 W, 62, 2032 MHz, 3996 MHz, 99 %, 58 %
2026/09/20 15:59:30.427, 1, 900.86 W, 64, 2032 MHz, 3996 MHz, 99 %, 58 %
2026/09/20 15:59:30.427, 2, 875.43 W, 52, 2032 MHz, 3996 MHz, 99 %, 58 %
2026/09/20 15:59:30.427, 3, 877.20 W, 52, 2032 MHz, 3996 MHz, 99 %, 57 %
2026/09/20 15:59:30.427, 4, 182.87 W, 35, 120 MHz, 3996 MHz, 0 %, 0 %
2026/09/20 15:59:30.427, 5, 179.47 W, 32, 120 MHz, 3996 MHz, 0 %, 0 %
2026/09/20 15:59:30.427, 6, 180.17 W, 29, 120 MHz, 3996 MHz, 0 %, 0 %
2026/09/20 15:59:30.427, 7, 182.13 W, 29, 120 MHz, 3996 MHz, 0 %, 0 %
2026/09/20 15:59:31.427, 0, 881.55 W, 62, 2032 MHz, 3996 MHz, 100 %, 11 %
2026/09/20 15:59:31.427, 1, 848.21 W, 61, 2032 MHz, 3996 MHz, 35 %, 15 %
2026/09/20 15:59:31.427, 2, 845.51 W, 51, 2032 MHz, 3996 MHz, 93 %, 51 %
2026/09/20 15:59:31.427, 3, 860.68 W, 52, 2032 MHz, 3996 MHz, 100 %, 11 %
2026/09/20 15:59:31.427, 4, 182.86 W, 35, 120 MHz, 3996 MHz, 0 %, 0 %
2026/09/20 15:59:31.427, 5, 179.46 W, 32, 120 MHz, 3996 MHz, 0 %, 0 %
2026/09/20 15:59:31.427, 6, 180.17 W, 29, 120 MHz, 3996 MHz, 0 %, 0 %
2026/09/20 15:59:31.427, 7, 182.13 W, 29, 120 MHz, 3996 MHz, 0 %, 0 %
2026/09/20 15:59:32.427, 0, 862.74 W, 60, 2032 MHz, 3996 MHz, 99 %, 57 %
2026/09/20 15:59:32.427, 1, 900.51 W, 64, 2032 MHz, 3996 MHz, 99 %, 58 %
2026/09/20 15:59:32.427, 2, 869.82 W, 52, 2032 MHz, 3996 MHz, 100 %, 10 %
2026/09/20 15:59:32.427, 3, 875.67 W, 52, 2032 MHz, 3996 MHz, 99 %, 58 %
2026/09/20 15:59:32.427, 4, 182.63 W, 35, 120 MHz, 3996 MHz, 0 %, 0 %
2026/09/20 15:59:32.428, 5, 179.47 W, 32, 120 MHz, 3996 MHz, 0 %, 0 %
2026/09/20 15:59:32.428, 6, 180.17 W, 29, 120 MHz, 3996 MHz, 0 %, 0 %
2026/09/20 15:59:32.428, 7, 182.13 W, 29, 120 MHz, 3996 MHz, 0 %, 0 %
2026/09/20 15:59:33.428, 0, 800.87 W, 62, 2032 MHz, 3996 MHz, 99 %, 56 %
2026/09/20 15:59:33.428, 1, 837.69 W, 64, 2032 MHz, 3996 MHz, 99 %, 56 %
2026/09/20 15:59:33.428, 2, 802.87 W, 51, 2032 MHz, 3996 MHz, 99 %, 56 %
2026/09/20 15:59:33.428, 3, 795.23 W, 52, 2032 MHz, 3996 MHz, 99 %, 56 %
2026/09/20 15:59:33.428, 4, 182.74 W, 35, 120 MHz, 3996 MHz, 0 %, 0 %
2026/09/20 15:59:33.428, 5, 179.46 W, 32, 120 MHz, 3996 MHz, 0 %, 0 %
2026/09/20 15:59:33.428, 6, 180.17 W, 29, 120 MHz, 3996 MHz, 0 %, 0 %
2026/09/20 15:59:33.428, 7, 182.13 W, 29, 120 MHz, 3996 MHz, 0 %, 0 %
2026/09/20 15:59:34.428, 0, 890.91 W, 63, 2032 MHz, 3996 MHz, 99 %, 57 %
2026/09/20 15:59:34.428, 1, 893.60 W, 63, 2032 MHz, 3996 MHz, 99 %, 57 %
2026/09/20 15:59:34.428, 2, 871.25 W, 52, 2032 MHz, 3996 MHz, 99 %, 57 %
2026/09/20 15:59:34.428, 3, 871.08 W, 52, 2032 MHz, 3996 MHz, 99 %, 57 %
2026/09/20 15:59:34.428, 4, 182.87 W, 35, 120 MHz, 3996 MHz, 0 %, 0 %
2026/09/20 15:59:34.428, 5, 179.46 W, 32, 120 MHz, 3996 MHz, 0 %, 0 %
2026/09/20 15:59:34.428, 6, 180.17 W, 29, 120 MHz, 3996 MHz, 0 %, 0 %
2026/09/20 15:59:34.428, 7, 182.13 W, 29, 120 MHz, 3996 MHz, 0 %, 0 %
2026/09/20 15:59:35.428, 0, 853.13 W, 62, 2032 MHz, 3996 MHz, 100 %, 11 %
2026/09/20 15:59:35.428, 1, 855.01 W, 63, 2032 MHz, 3996 MHz, 100 %, 11 %
2026/09/20 15:59:35.428, 2, 833.88 W, 51, 2032 MHz, 3996 MHz, 96 %, 54 %
2026/09/20 15:59:35.428, 3, 815.58 W, 51, 2032 MHz, 3996 MHz, 33 %, 14 %
2026/09/20 15:59:35.428, 4, 182.98 W, 35, 120 MHz, 3996 MHz, 0 %, 0 %
2026/09/20 15:59:35.428, 5, 179.46 W, 32, 120 MHz, 3996 MHz, 0 %, 0 %
2026/09/20 15:59:35.428, 6, 180.17 W, 29, 120 MHz, 3996 MHz, 0 %, 0 %
2026/09/20 15:59:35.428, 7, 182.13 W, 29, 120 MHz, 3996 MHz, 0 %, 0 %
2026/09/20 15:59:36.429, 0, 896.27 W, 63, 2032 MHz, 3996 MHz, 99 %, 57 %
2026/09/20 15:59:36.429, 1, 893.00 W, 64, 2032 MHz, 3996 MHz, 99 %, 56 %
2026/09/20 15:59:36.429, 2, 868.29 W, 52, 2032 MHz, 3996 MHz, 99 %, 57 %
2026/09/20 15:59:36.429, 3, 874.79 W, 52, 2032 MHz, 3996 MHz, 99 %, 57 %
2026/09/20 15:59:36.429, 4, 182.83 W, 35, 120 MHz, 3996 MHz, 0 %, 0 %
2026/09/20 15:59:36.429, 5, 179.47 W, 32, 120 MHz, 3996 MHz, 0 %, 0 %
2026/09/20 15:59:36.429, 6, 180.17 W, 29, 120 MHz, 3996 MHz, 0 %, 0 %
2026/09/20 15:59:36.429, 7, 182.13 W, 29, 120 MHz, 3996 MHz, 0 %, 0 %
2026/09/20 15:59:37.429, 0, 869.75 W, 61, 2032 MHz, 3996 MHz, 99 %, 57 %
2026/09/20 15:59:37.429, 1, 899.93 W, 64, 2032 MHz, 3996 MHz, 99 %, 57 %
2026/09/20 15:59:37.429, 2, 864.19 W, 51, 2032 MHz, 3996 MHz, 100 %, 22 %
2026/09/20 15:59:37.429, 3, 873.49 W, 52, 2032 MHz, 3996 MHz, 99 %, 57 %
2026/09/20 15:59:37.429, 4, 182.83 W, 35, 120 MHz, 3996 MHz, 0 %, 0 %
2026/09/20 15:59:37.429, 5, 179.47 W, 32, 120 MHz, 3996 MHz, 0 %, 0 %
2026/09/20 15:59:37.429, 6, 180.17 W, 29, 120 MHz, 3996 MHz, 0 %, 0 %
2026/09/20 15:59:37.429, 7, 182.13 W, 29, 120 MHz, 3996 MHz, 0 %, 0 %
2026/09/20 15:59:38.429, 0, 844.11 W, 63, 2032 MHz, 3996 MHz, 99 %, 56 %
2026/09/20 15:59:38.429, 1, 865.16 W, 64, 2032 MHz, 3996 MHz, 99 %, 56 %
2026/09/20 15:59:38.429, 2, 848.13 W, 52, 2032 MHz, 3996 MHz, 99 %, 56 %
2026/09/20 15:59:38.429, 3, 849.96 W, 52, 2032 MHz, 3996 MHz, 99 %, 57 %
2026/09/20 15:59:38.429, 4, 182.79 W, 35, 120 MHz, 3996 MHz, 0 %, 0 %
2026/09/20 15:59:38.429, 5, 179.47 W, 32, 120 MHz, 3996 MHz, 0 %, 0 %
2026/09/20 15:59:38.429, 6, 180.17 W, 29, 120 MHz, 3996 MHz, 0 %, 0 %
2026/09/20 15:59:38.429, 7, 182.13 W, 29, 120 MHz, 3996 MHz, 0 %, 0 %
2026/09/20 15:59:39.429, 0, 893.48 W, 64, 2032 MHz, 3996 MHz, 99 %, 57 %
2026/09/20 15:59:39.429, 1, 894.54 W, 64, 2032 MHz, 3996 MHz, 99 %, 57 %
2026/09/20 15:59:39.429, 2, 868.18 W, 52, 2032 MHz, 3996 MHz, 99 %, 57 %
2026/09/20 15:59:39.429, 3, 872.60 W, 53, 2032 MHz, 3996 MHz, 99 %, 57 %
2026/09/20 15:59:39.429, 4, 182.86 W, 35, 120 MHz, 3996 MHz, 0 %, 0 %
2026/09/20 15:59:39.430, 5, 179.47 W, 32, 120 MHz, 3996 MHz, 0 %, 0 %
2026/09/20 15:59:39.430, 6, 180.17 W, 29, 120 MHz, 3996 MHz, 0 %, 0 %
2026/09/20 15:59:39.430, 7, 182.13 W, 29, 120 MHz, 3996 MHz, 0 %, 0 %
2026/09/20 15:59:40.430, 0, 866.63 W, 63, 2032 MHz, 3996 MHz, 99 %, 56 %
2026/09/20 15:59:40.430, 1, 823.92 W, 64, 2032 MHz, 3996 MHz, 99 %, 56 %
2026/09/20 15:59:40.430, 2, 849.05 W, 52, 2032 MHz, 3996 MHz, 99 %, 56 %
2026/09/20 15:59:40.430, 3, 845.97 W, 52, 2032 MHz, 3996 MHz, 99 %, 56 %
2026/09/20 15:59:40.430, 4, 182.86 W, 35, 120 MHz, 3996 MHz, 0 %, 0 %
2026/09/20 15:59:40.430, 5, 179.47 W, 32, 120 MHz, 3996 MHz, 0 %, 0 %
2026/09/20 15:59:40.430, 6, 180.17 W, 29, 120 MHz, 3996 MHz, 0 %, 0 %
2026/09/20 15:59:40.430, 7, 182.13 W, 29, 120 MHz, 3996 MHz, 0 %, 0 %
2026/09/20 15:59:41.430, 0, 844.53 W, 63, 2032 MHz, 3996 MHz, 100 %, 14 %
2026/09/20 15:59:41.430, 1, 835.58 W, 63, 2032 MHz, 3996 MHz, 100 %, 11 %
2026/09/20 15:59:41.430, 2, 762.86 W, 51, 2032 MHz, 3996 MHz, 95 %, 31 %
2026/09/20 15:59:41.430, 3, 787.26 W, 51, 2032 MHz, 3996 MHz, 46 %, 20 %
2026/09/20 15:59:41.430, 4, 182.82 W, 35, 120 MHz, 3996 MHz, 0 %, 0 %
2026/09/20 15:59:41.430, 5, 179.47 W, 32, 120 MHz, 3996 MHz, 0 %, 0 %
2026/09/20 15:59:41.430, 6, 180.17 W, 29, 120 MHz, 3996 MHz, 0 %, 0 %
2026/09/20 15:59:41.430, 7, 182.13 W, 29, 120 MHz, 3996 MHz, 0 %, 0 %
2026/09/20 15:59:42.430, 0, 874.26 W, 63, 2032 MHz, 3996 MHz, 100 %, 27 %
2026/09/20 15:59:42.430, 1, 854.31 W, 63, 2032 MHz, 3996 MHz, 66 %, 35 %
2026/09/20 15:59:42.430, 2, 852.38 W, 52, 2032 MHz, 3996 MHz, 100 %, 9 %
2026/09/20 15:59:42.430, 3, 856.22 W, 52, 2032 MHz, 3996 MHz, 99 %, 57 %
2026/09/20 15:59:42.430, 4, 182.87 W, 35, 120 MHz, 3996 MHz, 0 %, 0 %
2026/09/20 15:59:42.430, 5, 179.47 W, 32, 120 MHz, 3996 MHz, 0 %, 0 %
2026/09/20 15:59:42.430, 6, 180.17 W, 29, 120 MHz, 3996 MHz, 0 %, 0 %
2026/09/20 15:59:42.430, 7, 182.13 W, 29, 120 MHz, 3996 MHz, 0 %, 0 %
2026/09/20 15:59:43.431, 0, 892.19 W, 64, 2032 MHz, 3996 MHz, 99 %, 57 %
2026/09/20 15:59:43.431, 1, 858.88 W, 65, 2032 MHz, 3996 MHz, 99 %, 57 %
2026/09/20 15:59:43.431, 2, 861.33 W, 52, 2032 MHz, 3996 MHz, 99 %, 56 %
2026/09/20 15:59:43.431, 3, 866.37 W, 53, 2032 MHz, 3996 MHz, 99 %, 57 %
2026/09/20 15:59:43.431, 4, 182.82 W, 35, 120 MHz, 3996 MHz, 0 %, 0 %
2026/09/20 15:59:43.431, 5, 179.46 W, 32, 120 MHz, 3996 MHz, 0 %, 0 %
2026/09/20 15:59:43.431, 6, 180.16 W, 29, 120 MHz, 3996 MHz, 0 %, 0 %
2026/09/20 15:59:43.431, 7, 182.13 W, 29, 120 MHz, 3996 MHz, 0 %, 0 %
2026/09/20 15:59:44.431, 0, 869.71 W, 63, 2032 MHz, 3996 MHz, 95 %, 51 %
2026/09/20 15:59:44.431, 1, 872.93 W, 65, 2032 MHz, 3996 MHz, 95 %, 46 %
2026/09/20 15:59:44.431, 2, 801.36 W, 51, 2032 MHz, 3996 MHz, 99 %, 56 %
2026/09/20 15:59:44.431, 3, 853.29 W, 52, 2032 MHz, 3996 MHz, 96 %, 20 %
2026/09/20 15:59:44.431, 4, 183.01 W, 35, 120 MHz, 3996 MHz, 0 %, 0 %
2026/09/20 15:59:44.431, 5, 179.47 W, 32, 120 MHz, 3996 MHz, 0 %, 0 %
2026/09/20 15:59:44.431, 6, 180.17 W, 29, 120 MHz, 3996 MHz, 0 %, 0 %
2026/09/20 15:59:44.431, 7, 182.13 W, 29, 120 MHz, 3996 MHz, 0 %, 0 %
2026/09/20 15:59:45.431, 0, 837.92 W, 62, 2032 MHz, 3996 MHz, 99 %, 56 %
2026/09/20 15:59:45.431, 1, 865.38 W, 65, 2032 MHz, 3996 MHz, 99 %, 56 %
2026/09/20 15:59:45.431, 2, 823.99 W, 52, 2032 MHz, 3996 MHz, 99 %, 38 %
2026/09/20 15:59:45.431, 3, 791.73 W, 52, 2032 MHz, 3996 MHz, 99 %, 56 %
2026/09/20 15:59:45.431, 4, 182.82 W, 35, 120 MHz, 3996 MHz, 0 %, 0 %
2026/09/20 15:59:45.431, 5, 179.46 W, 32, 120 MHz, 3996 MHz, 0 %, 0 %
2026/09/20 15:59:45.431, 6, 180.17 W, 29, 120 MHz, 3996 MHz, 0 %, 0 %
2026/09/20 15:59:45.431, 7, 182.13 W, 29, 120 MHz, 3996 MHz, 0 %, 0 %
2026/09/20 15:59:46.431, 0, 817.32 W, 63, 2032 MHz, 3996 MHz, 99 %, 55 %
2026/09/20 15:59:46.432, 1, 859.98 W, 64, 2032 MHz, 3996 MHz, 99 %, 55 %
2026/09/20 15:59:46.432, 2, 830.79 W, 51, 2032 MHz, 3996 MHz, 99 %, 56 %
2026/09/20 15:59:46.432, 3, 827.91 W, 52, 2032 MHz, 3996 MHz, 99 %, 55 %
2026/09/20 15:59:46.432, 4, 182.30 W, 35, 120 MHz, 3996 MHz, 0 %, 0 %
2026/09/20 15:59:46.432, 5, 179.47 W, 32, 120 MHz, 3996 MHz, 0 %, 0 %
2026/09/20 15:59:46.432, 6, 180.17 W, 29, 120 MHz, 3996 MHz, 0 %, 0 %
2026/09/20 15:59:46.432, 7, 182.13 W, 29, 120 MHz, 3996 MHz, 0 %, 0 %
2026/09/20 15:59:47.432, 0, 880.23 W, 63, 2032 MHz, 3996 MHz, 99 %, 57 %
2026/09/20 15:59:47.432, 1, 882.30 W, 64, 2032 MHz, 3996 MHz, 99 %, 56 %
2026/09/20 15:59:47.432, 2, 851.72 W, 51, 2032 MHz, 3996 MHz, 99 %, 56 %
2026/09/20 15:59:47.432, 3, 851.83 W, 52, 2032 MHz, 3996 MHz, 99 %, 56 %
2026/09/20 15:59:47.432, 4, 182.71 W, 35, 120 MHz, 3996 MHz, 0 %, 0 %
2026/09/20 15:59:47.432, 5, 179.47 W, 32, 120 MHz, 3996 MHz, 0 %, 0 %
2026/09/20 15:59:47.432, 6, 180.17 W, 29, 120 MHz, 3996 MHz, 0 %, 0 %
2026/09/20 15:59:47.432, 7, 182.13 W, 29, 120 MHz, 3996 MHz, 0 %, 0 %
2026/09/20 15:59:48.432, 0, 885.05 W, 63, 2032 MHz, 3996 MHz, 99 %, 32 %
2026/09/20 15:59:48.432, 1, 874.15 W, 63, 2032 MHz, 3996 MHz, 74 %, 40 %
2026/09/20 15:59:48.432, 2, 859.57 W, 52, 2032 MHz, 3996 MHz, 100 %, 9 %
2026/09/20 15:59:48.432, 3, 863.36 W, 52, 2032 MHz, 3996 MHz, 99 %, 57 %
2026/09/20 15:59:48.432, 4, 182.79 W, 35, 120 MHz, 3996 MHz, 0 %, 0 %
2026/09/20 15:59:48.432, 5, 179.46 W, 32, 120 MHz, 3996 MHz, 0 %, 0 %
2026/09/20 15:59:48.432, 6, 180.17 W, 29, 120 MHz, 3996 MHz, 0 %, 0 %
2026/09/20 15:59:48.432, 7, 182.13 W, 29, 120 MHz, 3996 MHz, 0 %, 0 %
2026/09/20 15:59:49.432, 0, 897.34 W, 64, 2032 MHz, 3996 MHz, 99 %, 58 %
2026/09/20 15:59:49.432, 1, 862.94 W, 65, 2032 MHz, 3996 MHz, 99 %, 57 %
2026/09/20 15:59:49.432, 2, 867.49 W, 52, 2032 MHz, 3996 MHz, 99 %, 58 %
2026/09/20 15:59:49.432, 3, 874.93 W, 52, 2032 MHz, 3996 MHz, 99 %, 57 %
2026/09/20 15:59:49.432, 4, 182.27 W, 35, 120 MHz, 3996 MHz, 0 %, 0 %
2026/09/20 15:59:49.432, 5, 179.47 W, 32, 120 MHz, 3996 MHz, 0 %, 0 %
2026/09/20 15:59:49.433, 6, 180.17 W, 29, 120 MHz, 3996 MHz, 0 %, 0 %
2026/09/20 15:59:49.433, 7, 182.13 W, 29, 120 MHz, 3996 MHz, 0 %, 0 %
2026/09/20 15:59:50.433, 0, 881.14 W, 62, 2032 MHz, 3996 MHz, 99 %, 57 %
2026/09/20 15:59:50.433, 1, 898.03 W, 64, 2032 MHz, 3996 MHz, 99 %, 57 %
2026/09/20 15:59:50.433, 2, 866.76 W, 51, 2032 MHz, 3996 MHz, 97 %, 16 %
2026/09/20 15:59:50.433, 3, 850.28 W, 51, 2032 MHz, 3996 MHz, 99 %, 57 %
2026/09/20 15:59:50.433, 4, 182.51 W, 34, 120 MHz, 3996 MHz, 0 %, 0 %
2026/09/20 15:59:50.433, 5, 179.47 W, 32, 120 MHz, 3996 MHz, 0 %, 0 %
2026/09/20 15:59:50.433, 6, 180.17 W, 29, 120 MHz, 3996 MHz, 0 %, 0 %
2026/09/20 15:59:50.433, 7, 182.13 W, 29, 120 MHz, 3996 MHz, 0 %, 0 %
2026/09/20 15:59:51.433, 0, 888.26 W, 63, 2032 MHz, 3996 MHz, 99 %, 58 %
2026/09/20 15:59:51.433, 1, 865.60 W, 65, 2032 MHz, 3996 MHz, 99 %, 58 %
2026/09/20 15:59:51.433, 2, 859.94 W, 52, 2032 MHz, 3996 MHz, 99 %, 57 %
2026/09/20 15:59:51.433, 3, 845.75 W, 52, 2032 MHz, 3996 MHz, 99 %, 58 %
2026/09/20 15:59:51.433, 4, 182.37 W, 34, 120 MHz, 3996 MHz, 0 %, 0 %
2026/09/20 15:59:51.433, 5, 179.47 W, 32, 120 MHz, 3996 MHz, 0 %, 0 %
2026/09/20 15:59:51.433, 6, 180.17 W, 29, 120 MHz, 3996 MHz, 0 %, 0 %
2026/09/20 15:59:51.433, 7, 182.13 W, 29, 120 MHz, 3996 MHz, 0 %, 0 %
2026/09/20 15:59:52.433, 0, 869.72 W, 63, 2032 MHz, 3996 MHz, 99 %, 57 %
2026/09/20 15:59:52.433, 1, 846.37 W, 64, 2032 MHz, 3996 MHz, 99 %, 57 %
2026/09/20 15:59:52.433, 2, 830.35 W, 52, 2032 MHz, 3996 MHz, 99 %, 57 %
2026/09/20 15:59:52.433, 3, 836.51 W, 52, 2032 MHz, 3996 MHz, 99 %, 57 %
2026/09/20 15:59:52.433, 4, 182.44 W, 34, 120 MHz, 3996 MHz, 0 %, 0 %
2026/09/20 15:59:52.433, 5, 179.47 W, 32, 120 MHz, 3996 MHz, 0 %, 0 %
2026/09/20 15:59:52.433, 6, 180.17 W, 29, 120 MHz, 3996 MHz, 0 %, 0 %
2026/09/20 15:59:52.433, 7, 182.13 W, 29, 120 MHz, 3996 MHz, 0 %, 0 %
2026/09/20 15:59:53.433, 0, 867.86 W, 63, 2032 MHz, 3996 MHz, 95 %, 26 %
2026/09/20 15:59:53.434, 1, 873.26 W, 64, 2032 MHz, 3996 MHz, 96 %, 20 %
2026/09/20 15:59:53.434, 2, 795.92 W, 51, 2032 MHz, 3996 MHz, 99 %, 57 %
2026/09/20 15:59:53.434, 3, 850.85 W, 52, 2032 MHz, 3996 MHz, 100 %, 8 %
2026/09/20 15:59:53.434, 4, 182.21 W, 34, 120 MHz, 3996 MHz, 0 %, 0 %
2026/09/20 15:59:53.434, 5, 179.46 W, 32, 120 MHz, 3996 MHz, 0 %, 0 %
2026/09/20 15:59:53.434, 6, 180.17 W, 29, 120 MHz, 3996 MHz, 0 %, 0 %
2026/09/20 15:59:53.434, 7, 182.13 W, 29, 120 MHz, 3996 MHz, 0 %, 0 %
2026/09/20 15:59:54.434, 0, 905.29 W, 63, 2032 MHz, 3996 MHz, 99 %, 58 %
2026/09/20 15:59:54.434, 1, 907.06 W, 65, 2032 MHz, 3996 MHz, 99 %, 57 %
2026/09/20 15:59:54.434, 2, 876.77 W, 51, 2032 MHz, 3996 MHz, 99 %, 57 %
2026/09/20 15:59:54.434, 3, 885.61 W, 52, 2032 MHz, 3996 MHz, 99 %, 58 %
2026/09/20 15:59:54.434, 4, 182.14 W, 34, 120 MHz, 3996 MHz, 0 %, 0 %
2026/09/20 15:59:54.434, 5, 179.47 W, 32, 120 MHz, 3996 MHz, 0 %, 0 %
2026/09/20 15:59:54.434, 6, 180.17 W, 29, 120 MHz, 3996 MHz, 0 %, 0 %
2026/09/20 15:59:54.434, 7, 182.13 W, 29, 120 MHz, 3996 MHz, 0 %, 0 %
2026/09/20 15:59:55.434, 0, 865.68 W, 63, 2032 MHz, 3996 MHz, 99 %, 36 %
2026/09/20 15:59:55.434, 1, 875.55 W, 63, 2032 MHz, 3996 MHz, 99 %, 38 %
2026/09/20 15:59:55.434, 2, 837.36 W, 50, 2032 MHz, 3996 MHz, 100 %, 11 %
2026/09/20 15:59:55.434, 3, 837.31 W, 50, 2032 MHz, 3996 MHz, 99 %, 57 %
2026/09/20 15:59:55.434, 4, 181.85 W, 34, 120 MHz, 3996 MHz, 0 %, 0 %
2026/09/20 15:59:55.434, 5, 179.47 W, 32, 120 MHz, 3996 MHz, 0 %, 0 %
2026/09/20 15:59:55.434, 6, 180.17 W, 29, 120 MHz, 3996 MHz, 0 %, 0 %
2026/09/20 15:59:55.434, 7, 182.13 W, 29, 120 MHz, 3996 MHz, 0 %, 0 %
2026/09/20 15:59:56.434, 0, 892.84 W, 63, 2032 MHz, 3996 MHz, 99 %, 57 %
2026/09/20 15:59:56.434, 1, 877.25 W, 64, 2032 MHz, 3996 MHz, 99 %, 58 %
2026/09/20 15:59:56.434, 2, 859.22 W, 52, 2032 MHz, 3996 MHz, 99 %, 57 %
2026/09/20 15:59:56.434, 3, 858.09 W, 52, 2032 MHz, 3996 MHz, 99 %, 57 %
2026/09/20 15:59:56.434, 4, 181.81 W, 34, 120 MHz, 3996 MHz, 0 %, 0 %
2026/09/20 15:59:56.435, 5, 179.47 W, 32, 120 MHz, 3996 MHz, 0 %, 0 %
2026/09/20 15:59:56.435, 6, 180.13 W, 29, 120 MHz, 3996 MHz, 0 %, 0 %
2026/09/20 15:59:56.435, 7, 182.13 W, 29, 120 MHz, 3996 MHz, 0 %, 0 %
2026/09/20 15:59:57.435, 0, 876.79 W, 63, 2032 MHz, 3996 MHz, 99 %, 36 %
2026/09/20 15:59:57.435, 1, 870.39 W, 63, 2032 MHz, 3996 MHz, 83 %, 45 %
2026/09/20 15:59:57.435, 2, 856.87 W, 51, 2032 MHz, 3996 MHz, 100 %, 8 %
2026/09/20 15:59:57.435, 3, 861.62 W, 51, 2032 MHz, 3996 MHz, 99 %, 58 %
2026/09/20 15:59:57.435, 4, 181.64 W, 34, 120 MHz, 3996 MHz, 0 %, 0 %
2026/09/20 15:59:57.435, 5, 179.47 W, 32, 120 MHz, 3996 MHz, 0 %, 0 %
2026/09/20 15:59:57.435, 6, 180.17 W, 29, 120 MHz, 3996 MHz, 0 %, 0 %
2026/09/20 15:59:57.435, 7, 182.13 W, 29, 120 MHz, 3996 MHz, 0 %, 0 %
2026/09/20 15:59:58.435, 0, 884.93 W, 63, 2032 MHz, 3996 MHz, 99 %, 57 %
2026/09/20 15:59:58.435, 1, 851.85 W, 64, 2032 MHz, 3996 MHz, 99 %, 57 %
2026/09/20 15:59:58.435, 2, 862.01 W, 51, 2032 MHz, 3996 MHz, 99 %, 57 %
2026/09/20 15:59:58.435, 3, 858.89 W, 52, 2032 MHz, 3996 MHz, 99 %, 57 %
2026/09/20 15:59:58.435, 4, 181.69 W, 34, 120 MHz, 3996 MHz, 0 %, 0 %
2026/09/20 15:59:58.435, 5, 179.47 W, 32, 120 MHz, 3996 MHz, 0 %, 0 %
2026/09/20 15:59:58.435, 6, 180.17 W, 29, 120 MHz, 3996 MHz, 0 %, 0 %
2026/09/20 15:59:58.435, 7, 182.13 W, 29, 120 MHz, 3996 MHz, 0 %, 0 %
2026/09/20 15:59:59.435, 0, 906.34 W, 63, 2032 MHz, 3996 MHz, 99 %, 58 %
2026/09/20 15:59:59.435, 1, 913.84 W, 65, 2032 MHz, 3996 MHz, 99 %, 58 %
2026/09/20 15:59:59.435, 2, 882.84 W, 51, 2032 MHz, 3996 MHz, 99 %, 58 %
2026/09/20 15:59:59.435, 3, 882.94 W, 52, 2032 MHz, 3996 MHz, 99 %, 57 %
2026/09/20 15:59:59.435, 4, 181.80 W, 34, 120 MHz, 3996 MHz, 0 %, 0 %
2026/09/20 15:59:59.435, 5, 179.47 W, 32, 120 MHz, 3996 MHz, 0 %, 0 %
2026/09/20 15:59:59.435, 6, 180.17 W, 29, 120 MHz, 3996 MHz, 0 %, 0 %
2026/09/20 15:59:59.435, 7, 182.13 W, 29, 120 MHz, 3996 MHz, 0 %, 0 %
2026/09/20 16:00:00.435, 0, 833.68 W, 63, 2032 MHz, 3996 MHz, 99 %, 57 %
2026/09/20 16:00:00.436, 1, 850.45 W, 64, 2032 MHz, 3996 MHz, 99 %, 57 %
2026/09/20 16:00:00.436, 2, 822.68 W, 51, 2032 MHz, 3996 MHz, 99 %, 56 %
2026/09/20 16:00:00.436, 3, 803.43 W, 52, 2032 MHz, 3996 MHz, 99 %, 57 %
2026/09/20 16:00:00.436, 4, 181.60 W, 34, 120 MHz, 3996 MHz, 0 %, 0 %
2026/09/20 16:00:00.436, 5, 179.47 W, 32, 120 MHz, 3996 MHz, 0 %, 0 %
2026/09/20 16:00:00.436, 6, 180.17 W, 29, 120 MHz, 3996 MHz, 0 %, 0 %
2026/09/20 16:00:00.436, 7, 182.13 W, 29, 120 MHz, 3996 MHz, 0 %, 0 %
2026/09/20 16:00:01.436, 0, 855.67 W, 62, 2032 MHz, 3996 MHz, 99 %, 55 %
2026/09/20 16:00:01.436, 1, 828.96 W, 63, 2032 MHz, 3996 MHz, 99 %, 56 %
2026/09/20 16:00:01.436, 2, 817.79 W, 51, 2032 MHz, 3996 MHz, 99 %, 55 %
2026/09/20 16:00:01.436, 3, 821.55 W, 51, 2032 MHz, 3996 MHz, 95 %, 50 %
2026/09/20 16:00:01.436, 4, 181.61 W, 34, 120 MHz, 3996 MHz, 0 %, 0 %
2026/09/20 16:00:01.436, 5, 179.47 W, 32, 120 MHz, 3996 MHz, 0 %, 0 %
2026/09/20 16:00:01.436, 6, 180.17 W, 29, 120 MHz, 3996 MHz, 0 %, 0 %
2026/09/20 16:00:01.436, 7, 182.13 W, 29, 120 MHz, 3996 MHz, 0 %, 0 %
2026/09/20 16:00:02.436, 0, 849.12 W, 62, 2032 MHz, 3996 MHz, 100 %, 9 %
2026/09/20 16:00:02.436, 1, 855.98 W, 63, 2032 MHz, 3996 MHz, 100 %, 9 %
2026/09/20 16:00:02.436, 2, 777.58 W, 50, 2032 MHz, 3996 MHz, 83 %, 46 %
2026/09/20 16:00:02.436, 3, 831.32 W, 51, 2032 MHz, 3996 MHz, 100 %, 9 %
2026/09/20 16:00:02.436, 4, 181.54 W, 34, 120 MHz, 3996 MHz, 0 %, 0 %
2026/09/20 16:00:02.436, 5, 179.47 W, 32, 120 MHz, 3996 MHz, 0 %, 0 %
2026/09/20 16:00:02.436, 6, 180.17 W, 29, 120 MHz, 3996 MHz, 0 %, 0 %
2026/09/20 16:00:02.436, 7, 182.13 W, 29, 120 MHz, 3996 MHz, 0 %, 0 %
2026/09/20 16:00:03.436, 0, 861.10 W, 62, 2032 MHz, 3996 MHz, 100 %, 9 %
2026/09/20 16:00:03.436, 1, 869.40 W, 64, 2032 MHz, 3996 MHz, 100 %, 12 %
2026/09/20 16:00:03.436, 2, 828.97 W, 51, 2032 MHz, 3996 MHz, 100 %, 9 %
2026/09/20 16:00:03.436, 3, 797.07 W, 49, 2032 MHz, 3996 MHz, 76 %, 40 %
2026/09/20 16:00:03.436, 4, 181.45 W, 34, 120 MHz, 3996 MHz, 0 %, 0 %
2026/09/20 16:00:03.436, 5, 179.47 W, 32, 120 MHz, 3996 MHz, 0 %, 0 %
2026/09/20 16:00:03.437, 6, 180.17 W, 29, 120 MHz, 3996 MHz, 0 %, 0 %
2026/09/20 16:00:03.437, 7, 182.13 W, 29, 120 MHz, 3996 MHz, 0 %, 0 %
2026/09/20 16:00:04.437, 0, 887.97 W, 63, 2032 MHz, 3996 MHz, 99 %, 57 %
2026/09/20 16:00:04.437, 1, 880.34 W, 63, 2032 MHz, 3996 MHz, 99 %, 57 %
2026/09/20 16:00:04.437, 2, 855.59 W, 51, 2032 MHz, 3996 MHz, 99 %, 56 %
2026/09/20 16:00:04.437, 3, 862.80 W, 51, 2032 MHz, 3996 MHz, 99 %, 57 %
2026/09/20 16:00:04.437, 4, 181.42 W, 34, 120 MHz, 3996 MHz, 0 %, 0 %
2026/09/20 16:00:04.437, 5, 179.46 W, 32, 120 MHz, 3996 MHz, 0 %, 0 %
2026/09/20 16:00:04.437, 6, 180.17 W, 29, 120 MHz, 3996 MHz, 0 %, 0 %
2026/09/20 16:00:04.437, 7, 182.13 W, 29, 120 MHz, 3996 MHz, 0 %, 0 %
2026/09/20 16:00:05.437, 0, 831.95 W, 62, 2032 MHz, 3996 MHz, 99 %, 56 %
2026/09/20 16:00:05.437, 1, 870.86 W, 64, 2032 MHz, 3996 MHz, 99 %, 57 %
2026/09/20 16:00:05.437, 2, 841.33 W, 51, 2032 MHz, 3996 MHz, 99 %, 56 %
2026/09/20 16:00:05.437, 3, 848.39 W, 51, 2032 MHz, 3996 MHz, 99 %, 57 %
2026/09/20 16:00:05.437, 4, 181.46 W, 34, 120 MHz, 3996 MHz, 0 %, 0 %
2026/09/20 16:00:05.437, 5, 179.46 W, 32, 120 MHz, 3996 MHz, 0 %, 0 %
2026/09/20 16:00:05.437, 6, 180.13 W, 29, 120 MHz, 3996 MHz, 0 %, 0 %
2026/09/20 16:00:05.437, 7, 182.13 W, 29, 120 MHz, 3996 MHz, 0 %, 0 %
2026/09/20 16:00:06.437, 0, 899.43 W, 63, 2032 MHz, 3996 MHz, 99 %, 57 %
2026/09/20 16:00:06.437, 1, 899.60 W, 64, 2032 MHz, 3996 MHz, 99 %, 57 %
2026/09/20 16:00:06.437, 2, 872.21 W, 51, 2032 MHz, 3996 MHz, 99 %, 57 %
2026/09/20 16:00:06.437, 3, 881.71 W, 52, 2032 MHz, 3996 MHz, 99 %, 58 %
2026/09/20 16:00:06.437, 4, 181.38 W, 34, 120 MHz, 3996 MHz, 0 %, 0 %
2026/09/20 16:00:06.437, 5, 179.47 W, 32, 120 MHz, 3996 MHz, 0 %, 0 %
2026/09/20 16:00:06.437, 6, 180.17 W, 29, 120 MHz, 3996 MHz, 0 %, 0 %
2026/09/20 16:00:06.437, 7, 182.13 W, 29, 120 MHz, 3996 MHz, 0 %, 0 %
2026/09/20 16:00:07.437, 0, 901.13 W, 63, 2032 MHz, 3996 MHz, 99 %, 57 %
2026/09/20 16:00:07.438, 1, 901.34 W, 64, 2032 MHz, 3996 MHz, 99 %, 57 %
2026/09/20 16:00:07.438, 2, 876.70 W, 51, 2032 MHz, 3996 MHz, 99 %, 57 %
2026/09/20 16:00:07.438, 3, 879.36 W, 52, 2032 MHz, 3996 MHz, 99 %, 57 %
2026/09/20 16:00:07.438, 4, 181.30 W, 34, 120 MHz, 3996 MHz, 0 %, 0 %
2026/09/20 16:00:07.438, 5, 179.46 W, 32, 120 MHz, 3996 MHz, 0 %, 0 %
2026/09/20 16:00:07.438, 6, 180.17 W, 29, 120 MHz, 3996 MHz, 0 %, 0 %
2026/09/20 16:00:07.438, 7, 182.13 W, 29, 120 MHz, 3996 MHz, 0 %, 0 %
2026/09/20 16:00:08.438, 0, 874.54 W, 61, 2032 MHz, 3996 MHz, 99 %, 53 %
2026/09/20 16:00:08.438, 1, 892.76 W, 63, 2032 MHz, 3996 MHz, 99 %, 50 %
2026/09/20 16:00:08.438, 2, 854.55 W, 50, 2032 MHz, 3996 MHz, 99 %, 50 %
2026/09/20 16:00:08.438, 3, 860.70 W, 50, 2032 MHz, 3996 MHz, 99 %, 52 %
2026/09/20 16:00:08.438, 4, 181.34 W, 34, 120 MHz, 3996 MHz, 0 %, 0 %
2026/09/20 16:00:08.438, 5, 179.46 W, 32, 120 MHz, 3996 MHz, 0 %, 0 %
2026/09/20 16:00:08.438, 6, 180.17 W, 29, 120 MHz, 3996 MHz, 0 %, 0 %
2026/09/20 16:00:08.438, 7, 182.13 W, 29, 120 MHz, 3996 MHz, 0 %, 0 %
2026/09/20 16:00:09.438, 0, 784.70 W, 61, 2032 MHz, 3996 MHz, 99 %, 50 %
2026/09/20 16:00:09.438, 1, 783.16 W, 62, 2032 MHz, 3996 MHz, 99 %, 50 %
2026/09/20 16:00:09.438, 2, 756.41 W, 49, 2032 MHz, 3996 MHz, 99 %, 50 %
2026/09/20 16:00:09.438, 3, 761.68 W, 50, 2032 MHz, 3996 MHz, 99 %, 49 %
2026/09/20 16:00:09.438, 4, 181.30 W, 34, 120 MHz, 3996 MHz, 0 %, 0 %
2026/09/20 16:00:09.438, 5, 179.47 W, 32, 120 MHz, 3996 MHz, 0 %, 0 %
2026/09/20 16:00:09.438, 6, 180.17 W, 29, 120 MHz, 3996 MHz, 0 %, 0 %
2026/09/20 16:00:09.438, 7, 182.13 W, 29, 120 MHz, 3996 MHz, 0 %, 0 %
2026/09/20 16:00:10.438, 0, 776.14 W, 60, 2032 MHz, 3996 MHz, 99 %, 49 %
2026/09/20 16:00:10.438, 1, 763.14 W, 61, 2032 MHz, 3996 MHz, 99 %, 48 %
2026/09/20 16:00:10.438, 2, 743.51 W, 48, 2032 MHz, 3996 MHz, 99 %, 49 %
2026/09/20 16:00:10.438, 3, 750.40 W, 49, 2032 MHz, 3996 MHz, 99 %, 47 %
2026/09/20 16:00:10.438, 4, 181.30 W, 34, 120 MHz, 3996 MHz, 0 %, 0 %
2026/09/20 16:00:10.438, 5, 179.47 W, 32, 120 MHz, 3996 MHz, 0 %, 0 %
2026/09/20 16:00:10.439, 6, 180.13 W, 29, 120 MHz, 3996 MHz, 0 %, 0 %
2026/09/20 16:00:10.439, 7, 182.13 W, 29, 120 MHz, 3996 MHz, 0 %, 0 %
2026/09/20 16:00:11.563, 0, 499.89 W, 53, 2032 MHz, 3996 MHz, 0 %, 0 %
2026/09/20 16:00:11.569, 1, 489.05 W, 54, 2032 MHz, 3996 MHz, 0 %, 0 %
2026/09/20 16:00:11.575, 2, 487.55 W, 42, 2032 MHz, 3996 MHz, 0 %, 0 %
2026/09/20 16:00:11.580, 3, 496.11 W, 42, 2032 MHz, 3996 MHz, 0 %, 0 %
2026/09/20 16:00:11.585, 4, 181.30 W, 34, 120 MHz, 3996 MHz, 0 %, 0 %
2026/09/20 16:00:11.592, 5, 179.46 W, 32, 120 MHz, 3996 MHz, 0 %, 0 %
2026/09/20 16:00:11.598, 6, 180.17 W, 29, 120 MHz, 3996 MHz, 0 %, 0 %
2026/09/20 16:00:11.604, 7, 182.13 W, 29, 120 MHz, 3996 MHz, 0 %, 0 %
