pair_id,kind,label,concurrency,baseline_case,comparison_case,metric,baseline_value,comparison_value,absolute_change,percent_change
precision-4-c4,precision,TP=EP=DP4: W4A16 / W4A4 - 1,4,w4a4-tp4-ep4-dp4-c4,w4a16-tp4-ep4-dp4-c4,duration_s,456.0760755040683,434.5755269480869,-21.5005485559814,-4.7142460898038512275192803706957071280707831268180
precision-4-c4,precision,TP=EP=DP4: W4A16 / W4A4 - 1,4,w4a4-tp4-ep4-dp4-c4,w4a16-tp4-ep4-dp4-c4,output_tok_s,636.91567175268073445042738043827805716189766104065,668.42696375468035919126457609917835310016032210282,31.51129200199962474083719566090029593826266106217,4.9474825945617024096245095581764734928218152654500
precision-4-c4,precision,TP=EP=DP4: W4A16 / W4A4 - 1,4,w4a4-tp4-ep4-dp4-c4,w4a16-tp4-ep4-dp4-c4,output_tok_s_gpu,159.22891793817018361260684510956951429047441526016,167.10674093867008979781614402479458827504008052570,7.87782300049990618520929891522507398456566526554,4.9474825945617024096245095581764734928218152654500
precision-4-c4,precision,TP=EP=DP4: W4A16 / W4A4 - 1,4,w4a4-tp4-ep4-dp4-c4,w4a16-tp4-ep4-dp4-c4,interactivity_tok_s_user,174.72359370603609916123407696942379506570961934027,178.41066474223270504533855776337432273805880586680,3.68707103619660588410448079395052767234918652653,2.1102307696348797468206186572706234536702490203900
precision-4-c4,precision,TP=EP=DP4: W4A16 / W4A4 - 1,4,w4a4-tp4-ep4-dp4-c4,w4a16-tp4-ep4-dp4-c4,mean_ttft_ms,1509.6797549515031,847.8851234423928,-661.7946315091103,-43.836756062902212512684163476780804156519334778453
precision-4-c4,precision,TP=EP=DP4: W4A16 / W4A4 - 1,4,w4a4-tp4-ep4-dp4-c4,w4a16-tp4-ep4-dp4-c4,median_ttft_ms,245.0982565060258,280.73527314700186,35.63701664097606,14.539889899257571958473126563805779801423512500880
precision-4-c4,precision,TP=EP=DP4: W4A16 / W4A4 - 1,4,w4a4-tp4-ep4-dp4-c4,w4a16-tp4-ep4-dp4-c4,std_ttft_ms,3370.313978472993,1126.2206035374159,-2244.0933749355771,-66.584104308059780046705749518856402350839834330376
precision-4-c4,precision,TP=EP=DP4: W4A16 / W4A4 - 1,4,w4a4-tp4-ep4-dp4-c4,w4a16-tp4-ep4-dp4-c4,p90_ttft_ms,4844.390874914828,2545.974792353809,-2298.416082561019,-47.444893319047645273621717414213589632278258276622
precision-4-c4,precision,TP=EP=DP4: W4A16 / W4A4 - 1,4,w4a4-tp4-ep4-dp4-c4,w4a16-tp4-ep4-dp4-c4,p99_ttft_ms,13958.70077089872,4284.688607058487,-9674.012163840233,-69.304531436111437719983299612797460158749908255690
precision-4-c4,precision,TP=EP=DP4: W4A16 / W4A4 - 1,4,w4a4-tp4-ep4-dp4-c4,w4a16-tp4-ep4-dp4-c4,p99.9_ttft_ms,13996.216966762673,4569.708900499628,-9426.508066263045,-67.350399673344001277175664962747091789822057497203
precision-4-c4,precision,TP=EP=DP4: W4A16 / W4A4 - 1,4,w4a4-tp4-ep4-dp4-c4,w4a16-tp4-ep4-dp4-c4,mean_tpot_ms,5.882333520108171,5.699160322817133,-0.183173197291038,-3.1139546349230059320379616158394095365835419734950
precision-4-c4,precision,TP=EP=DP4: W4A16 / W4A4 - 1,4,w4a4-tp4-ep4-dp4-c4,w4a16-tp4-ep4-dp4-c4,median_tpot_ms,5.723325503952552,5.6050460965705025,-0.1182794073820495,-2.0666203119211943742978202678635702101191536002720
precision-4-c4,precision,TP=EP=DP4: W4A16 / W4A4 - 1,4,w4a4-tp4-ep4-dp4-c4,w4a16-tp4-ep4-dp4-c4,std_tpot_ms,0.5381850424134239,0.41291048104815176,-0.12527456136527214,-23.277228368052361193065557982107916078724490291317
precision-4-c4,precision,TP=EP=DP4: W4A16 / W4A4 - 1,4,w4a4-tp4-ep4-dp4-c4,w4a16-tp4-ep4-dp4-c4,p90_tpot_ms,6.453618257860107,6.183297620955512,-0.270320636904595,-4.1886679085079322830508981386473633119112505764500
precision-4-c4,precision,TP=EP=DP4: W4A16 / W4A4 - 1,4,w4a4-tp4-ep4-dp4-c4,w4a16-tp4-ep4-dp4-c4,p99_tpot_ms,7.321368042407048,6.944606259076511,-0.376761783330537,-5.1460571459902859136771895259147699267998969325460
precision-4-c4,precision,TP=EP=DP4: W4A16 / W4A4 - 1,4,w4a4-tp4-ep4-dp4-c4,w4a16-tp4-ep4-dp4-c4,p99.9_tpot_ms,7.351158990300479,7.1823194961430445,-0.1688394941574345,-2.2967738064189681882286475833342361437359297350430
precision-4-c4,precision,TP=EP=DP4: W4A16 / W4A4 - 1,4,w4a4-tp4-ep4-dp4-c4,w4a16-tp4-ep4-dp4-c4,mean_itl_ms,565.4770454387219,605.2792740916234,39.8022286529015,7.0386992670977802184883638853321974693697357689600
precision-4-c4,precision,TP=EP=DP4: W4A16 / W4A4 - 1,4,w4a4-tp4-ep4-dp4-c4,w4a16-tp4-ep4-dp4-c4,median_itl_ms,342.33419224619865,305.9278288856149,-36.40636336058375,-10.634743529913352914041078010663686638785747540836
precision-4-c4,precision,TP=EP=DP4: W4A16 / W4A4 - 1,4,w4a4-tp4-ep4-dp4-c4,w4a16-tp4-ep4-dp4-c4,std_itl_ms,516.3859658948895,1257.5136787362242,741.1277128413347,143.52204780719998150770560185259893306923759456773
precision-4-c4,precision,TP=EP=DP4: W4A16 / W4A4 - 1,4,w4a4-tp4-ep4-dp4-c4,w4a16-tp4-ep4-dp4-c4,p90_itl_ms,1205.918268486857,1182.2913275100293,-23.6269409768277,-1.9592489469849344179747974296945006954411809896550
precision-4-c4,precision,TP=EP=DP4: W4A16 / W4A4 - 1,4,w4a4-tp4-ep4-dp4-c4,w4a16-tp4-ep4-dp4-c4,p99_itl_ms,2558.606014978135,2952.436204142857,393.830189164722,15.392373302463589433193123476244453230056244110670
precision-4-c4,precision,TP=EP=DP4: W4A16 / W4A4 - 1,4,w4a4-tp4-ep4-dp4-c4,w4a16-tp4-ep4-dp4-c4,p99.9_itl_ms,4009.992179505537,23850.03497085216,19840.042791346623,494.76512429989460669140227273671412545852243447931
precision-4-c4,precision,TP=EP=DP4: W4A16 / W4A4 - 1,4,w4a4-tp4-ep4-dp4-c4,w4a16-tp4-ep4-dp4-c4,mean_e2el_ms,44273.88115610229,42203.59129565768,-2070.28986044461,-4.6760975238315219816977383227742099228704770223150
precision-4-c4,precision,TP=EP=DP4: W4A16 / W4A4 - 1,4,w4a4-tp4-ep4-dp4-c4,w4a16-tp4-ep4-dp4-c4,median_e2el_ms,43268.27514870092,42085.954890120775,-1182.320258580145,-2.7325338357418733400870395643363257885087668928110
precision-4-c4,precision,TP=EP=DP4: W4A16 / W4A4 - 1,4,w4a4-tp4-ep4-dp4-c4,w4a16-tp4-ep4-dp4-c4,std_e2el_ms,6162.386484835678,3572.0083909543155,-2590.3780938813625,-42.035307267009815883160984013736811123605672434135
precision-4-c4,precision,TP=EP=DP4: W4A16 / W4A4 - 1,4,w4a4-tp4-ep4-dp4-c4,w4a16-tp4-ep4-dp4-c4,p90_e2el_ms,51884.46737695485,46398.71722813696,-5485.75014881789,-10.573010432895869166764353050455704026378986548940
precision-4-c4,precision,TP=EP=DP4: W4A16 / W4A4 - 1,4,w4a4-tp4-ep4-dp4-c4,w4a16-tp4-ep4-dp4-c4,p99_e2el_ms,61403.22756118141,50903.16046481486,-10500.06709636655,-17.100187585260748912086944678967480690632624925120
precision-4-c4,precision,TP=EP=DP4: W4A16 / W4A4 - 1,4,w4a4-tp4-ep4-dp4-c4,w4a16-tp4-ep4-dp4-c4,p99.9_e2el_ms,62722.33967799975,53035.90308025995,-9686.43659773980,-15.443359810025354916097147991003056923418068906626
precision-4-c8,precision,TP=EP=DP4: W4A16 / W4A4 - 1,8,w4a4-tp4-ep4-dp4-c8,w4a16-tp4-ep4-dp4-c8,duration_s,541.5900072851218,542.9567544953898,1.3667472102680,0.2523582769038187845372943915468411808275108336900
precision-4-c8,precision,TP=EP=DP4: W4A16 / W4A4 - 1,8,w4a4-tp4-ep4-dp4-c8,w4a16-tp4-ep4-dp4-c8,output_tok_s,1086.8738198304840216836879356718039761449495154263,1084.1379080863761362118938539941564960228961665454,-2.7359117441078854717940816776474801220533488809,-0.25172303299518211173982989573719901809477836583400
precision-4-c8,precision,TP=EP=DP4: W4A16 / W4A4 - 1,8,w4a4-tp4-ep4-dp4-c8,w4a16-tp4-ep4-dp4-c8,output_tok_s_gpu,271.71845495762100542092198391795099403623737885658,271.03447702159403405297346349853912400572404163635,-0.68397793602697136794852041941187003051333722023,-0.25172303299518211173982989573719901809477836583600
precision-4-c8,precision,TP=EP=DP4: W4A16 / W4A4 - 1,8,w4a4-tp4-ep4-dp4-c8,w4a16-tp4-ep4-dp4-c8,interactivity_tok_s_user,145.08109060159638937595214578834195218335593725664,144.17868685666841576296092035911521219310634322150,-0.90240374492797361299122542922673999024959403514,-0.62199955982274927708583543576015454569534545254500
precision-4-c8,precision,TP=EP=DP4: W4A16 / W4A4 - 1,8,w4a4-tp4-ep4-dp4-c8,w4a16-tp4-ep4-dp4-c8,mean_ttft_ms,1463.997278752504,1744.4735843513627,280.4763055988587,19.158253206444286728474264594688817444261864343390
precision-4-c8,precision,TP=EP=DP4: W4A16 / W4A4 - 1,8,w4a4-tp4-ep4-dp4-c8,w4a16-tp4-ep4-dp4-c8,median_ttft_ms,259.1405622661114,291.48018499836326,32.33962273225186,12.479568018781369638022408208362084667784559107880
precision-4-c8,precision,TP=EP=DP4: W4A16 / W4A4 - 1,8,w4a4-tp4-ep4-dp4-c8,w4a16-tp4-ep4-dp4-c8,std_ttft_ms,2403.849298748521,2849.789500046431,445.940201297910,18.551088103986925132656798859268007349544693408940
precision-4-c8,precision,TP=EP=DP4: W4A16 / W4A4 - 1,8,w4a4-tp4-ep4-dp4-c8,w4a16-tp4-ep4-dp4-c8,p90_ttft_ms,4494.132741913201,5216.452958388254,722.320216475053,16.072516277468774939974394774121880508530605637870
precision-4-c8,precision,TP=EP=DP4: W4A16 / W4A4 - 1,8,w4a4-tp4-ep4-dp4-c8,w4a16-tp4-ep4-dp4-c8,p99_ttft_ms,10631.936576366425,12482.857187236641,1850.920610870216,17.409063697620244704759185146784929013349047689640
precision-4-c8,precision,TP=EP=DP4: W4A16 / W4A4 - 1,8,w4a4-tp4-ep4-dp4-c8,w4a16-tp4-ep4-dp4-c8,p99.9_ttft_ms,10671.859552539885,14534.15527436465,3862.295721824765,36.191403220871145912931143247938910818190882159480
precision-4-c8,precision,TP=EP=DP4: W4A16 / W4A4 - 1,8,w4a4-tp4-ep4-dp4-c8,w4a16-tp4-ep4-dp4-c8,mean_tpot_ms,6.973693392530062,6.9693072744609506,-0.0043861180691114,-0.06289519516028095074343227716814923604827398463300
precision-4-c8,precision,TP=EP=DP4: W4A16 / W4A4 - 1,8,w4a4-tp4-ep4-dp4-c8,w4a16-tp4-ep4-dp4-c8,median_tpot_ms,6.892697014155176,6.935837895334174,0.043140881178998,0.6258926090962913299602166288666193538271481426700
precision-4-c8,precision,TP=EP=DP4: W4A16 / W4A4 - 1,8,w4a4-tp4-ep4-dp4-c8,w4a16-tp4-ep4-dp4-c8,std_tpot_ms,0.5233883640938438,0.47076671652405544,-0.05262164756978836,-10.054034667143129650286901620389111405076113436722
precision-4-c8,precision,TP=EP=DP4: W4A16 / W4A4 - 1,8,w4a4-tp4-ep4-dp4-c8,w4a16-tp4-ep4-dp4-c8,p90_tpot_ms,7.458876802537773,7.5604234182516326,0.1015466157138596,1.3614196668231584047436194181030809784205431407800
precision-4-c8,precision,TP=EP=DP4: W4A16 / W4A4 - 1,8,w4a4-tp4-ep4-dp4-c8,w4a16-tp4-ep4-dp4-c8,p99_tpot_ms,8.566305036803225,8.157511592717594,-0.408793444085631,-4.7721093555429191072870918018578629666547772019600
precision-4-c8,precision,TP=EP=DP4: W4A16 / W4A4 - 1,8,w4a4-tp4-ep4-dp4-c8,w4a16-tp4-ep4-dp4-c8,p99.9_tpot_ms,8.684211544404212,8.411840197066836,-0.272371347337376,-3.1363969652821518957080544856349547120443250784470
precision-4-c8,precision,TP=EP=DP4: W4A16 / W4A4 - 1,8,w4a4-tp4-ep4-dp4-c8,w4a16-tp4-ep4-dp4-c8,mean_itl_ms,723.3691656395623,704.3061862045811,-19.0629794349812,-2.6353043978763991938943858850200790716438993950720
precision-4-c8,precision,TP=EP=DP4: W4A16 / W4A4 - 1,8,w4a4-tp4-ep4-dp4-c8,w4a16-tp4-ep4-dp4-c8,median_itl_ms,407.8848110511899,389.72541433759034,-18.15939671359956,-4.4520894678082385993820276061260195958735263360650
precision-4-c8,precision,TP=EP=DP4: W4A16 / W4A4 - 1,8,w4a4-tp4-ep4-dp4-c8,w4a16-tp4-ep4-dp4-c8,std_itl_ms,1229.3433409640736,959.806960303716,-269.5363806603576,-21.925232087643003435013113719389850364616964659785
precision-4-c8,precision,TP=EP=DP4: W4A16 / W4A4 - 1,8,w4a4-tp4-ep4-dp4-c8,w4a16-tp4-ep4-dp4-c8,p90_itl_ms,1447.6201888173819,1416.2281301338226,-31.3920586835593,-2.1685286600765572658773735452757772983977957123230
precision-4-c8,precision,TP=EP=DP4: W4A16 / W4A4 - 1,8,w4a4-tp4-ep4-dp4-c8,w4a16-tp4-ep4-dp4-c8,p99_itl_ms,3427.9540656134627,3359.9545857915523,-67.9994798219104,-1.9836753503796233522845266695032225004755264905100
precision-4-c8,precision,TP=EP=DP4: W4A16 / W4A4 - 1,8,w4a4-tp4-ep4-dp4-c8,w4a16-tp4-ep4-dp4-c8,p99.9_itl_ms,11415.063417309111,11864.688131452023,449.624714142912,3.9388718021586135703518316074069144157434374136200
precision-4-c8,precision,TP=EP=DP4: W4A16 / W4A4 - 1,8,w4a4-tp4-ep4-dp4-c8,w4a16-tp4-ep4-dp4-c8,mean_e2el_ms,52741.828849498415,53017.96376561979,276.134916121375,0.5235596151004556917168821700449966922840602192300
precision-4-c8,precision,TP=EP=DP4: W4A16 / W4A4 - 1,8,w4a4-tp4-ep4-dp4-c8,w4a16-tp4-ep4-dp4-c8,median_e2el_ms,51822.81578658149,52516.27638633363,693.46059975214,1.3381376315173096632447234735042312072986829383600
precision-4-c8,precision,TP=EP=DP4: W4A16 / W4A4 - 1,8,w4a4-tp4-ep4-dp4-c8,w4a16-tp4-ep4-dp4-c8,std_e2el_ms,5453.817397721994,5489.706237467291,35.888839745297,0.6580498965786316228162501935919517288025865313900
precision-4-c8,precision,TP=EP=DP4: W4A16 / W4A4 - 1,8,w4a4-tp4-ep4-dp4-c8,w4a16-tp4-ep4-dp4-c8,p90_e2el_ms,59454.92250756361,60491.101174801595,1036.178667237985,1.7427971033116166689380719156879450961824649858200
precision-4-c8,precision,TP=EP=DP4: W4A16 / W4A4 - 1,8,w4a4-tp4-ep4-dp4-c8,w4a16-tp4-ep4-dp4-c8,p99_e2el_ms,66526.96082686073,67979.4990731543,1452.53824629357,2.1833828394383791400134476950654054993855334894600
precision-4-c8,precision,TP=EP=DP4: W4A16 / W4A4 - 1,8,w4a4-tp4-ep4-dp4-c8,w4a16-tp4-ep4-dp4-c8,p99.9_e2el_ms,68149.97337916029,68789.83455001518,639.86117085489,0.9389015712375235712584200706847203161380701701000
precision-4-c16,precision,TP=EP=DP4: W4A16 / W4A4 - 1,16,w4a4-tp4-ep4-dp4-c16,w4a16-tp4-ep4-dp4-c16,duration_s,631.4630752750672,632.004141418729,0.5410661436618,0.0856845261183498295878957669136558103626376799300
precision-4-c16,precision,TP=EP=DP4: W4A16 / W4A4 - 1,16,w4a4-tp4-ep4-dp4-c16,w4a16-tp4-ep4-dp4-c16,output_tok_s,1868.6128234592432863425492220696463441241186986769,1867.0130821472378281862701457226548269589557435547,-1.5997413120054581562790763469915171651629551222,-0.08561117059252325397178581206107650915134983964900
precision-4-c16,precision,TP=EP=DP4: W4A16 / W4A4 - 1,16,w4a4-tp4-ep4-dp4-c16,w4a16-tp4-ep4-dp4-c16,output_tok_s_gpu,467.15320586481082158563730551741158603102967466922,466.75327053680945704656753643066370673973893588868,-0.39993532800136453906976908674787929129073878054,-0.08561117059252325397178581206107650915134983964700
precision-4-c16,precision,TP=EP=DP4: W4A16 / W4A4 - 1,16,w4a4-tp4-ep4-dp4-c16,w4a16-tp4-ep4-dp4-c16,interactivity_tok_s_user,123.40360284623398491987101780097844399031007608599,122.93769650014795837710579474463741255662710315534,-0.46590634608602654276522305634103143368297293065,-0.37754679388620865696023003963656882817285254761900
precision-4-c16,precision,TP=EP=DP4: W4A16 / W4A4 - 1,16,w4a4-tp4-ep4-dp4-c16,w4a16-tp4-ep4-dp4-c16,mean_ttft_ms,1647.0511435327353,1422.2409636015072,-224.8101799312281,-13.649253140314520903446288195888930343966041573324
precision-4-c16,precision,TP=EP=DP4: W4A16 / W4A4 - 1,16,w4a4-tp4-ep4-dp4-c16,w4a16-tp4-ep4-dp4-c16,median_ttft_ms,282.58236357942224,288.36644627153873,5.78408269211649,2.0468661309398465233681297447917013796864741101000
precision-4-c16,precision,TP=EP=DP4: W4A16 / W4A4 - 1,16,w4a4-tp4-ep4-dp4-c16,w4a16-tp4-ep4-dp4-c16,std_ttft_ms,2586.7120589341453,2069.2300262187127,-517.4820327154326,-20.005397621591522281897176257149715469456400507439
precision-4-c16,precision,TP=EP=DP4: W4A16 / W4A4 - 1,16,w4a4-tp4-ep4-dp4-c16,w4a16-tp4-ep4-dp4-c16,p90_ttft_ms,5112.269163411109,4300.138068711384,-812.131094699725,-15.885922058099125652124222190974818815362623975289
precision-4-c16,precision,TP=EP=DP4: W4A16 / W4A4 - 1,16,w4a4-tp4-ep4-dp4-c16,w4a16-tp4-ep4-dp4-c16,p99_ttft_ms,10981.089341645122,8636.921613761224,-2344.167727883898,-21.347314960764253514134289861839915491836823043846
precision-4-c16,precision,TP=EP=DP4: W4A16 / W4A4 - 1,16,w4a4-tp4-ep4-dp4-c16,w4a16-tp4-ep4-dp4-c16,p99.9_ttft_ms,15066.944017323229,10421.736741489747,-4645.207275833482,-30.830454208183503010140842318995867128406632670901
precision-4-c16,precision,TP=EP=DP4: W4A16 / W4A4 - 1,16,w4a4-tp4-ep4-dp4-c16,w4a16-tp4-ep4-dp4-c16,mean_tpot_ms,8.141120766105827,8.21692900782951,0.075808241723683,0.9311769706119301577660752351495198979449498265500
precision-4-c16,precision,TP=EP=DP4: W4A16 / W4A4 - 1,16,w4a4-tp4-ep4-dp4-c16,w4a16-tp4-ep4-dp4-c16,median_tpot_ms,8.1034911212928,8.134201538409307,0.030710417116507,0.3789776117087616113267133423941883693892161969900
precision-4-c16,precision,TP=EP=DP4: W4A16 / W4A4 - 1,16,w4a4-tp4-ep4-dp4-c16,w4a16-tp4-ep4-dp4-c16,std_tpot_ms,0.519393701101425,0.5058270219381699,-0.0135666791632551,-2.6120222741411059985982354531715315684240025288110
precision-4-c16,precision,TP=EP=DP4: W4A16 / W4A4 - 1,16,w4a4-tp4-ep4-dp4-c16,w4a16-tp4-ep4-dp4-c16,p90_tpot_ms,8.814314022476596,8.862936764921136,0.048622742444540,0.5516338800790564231715140526158745798062383394800
precision-4-c16,precision,TP=EP=DP4: W4A16 / W4A4 - 1,16,w4a4-tp4-ep4-dp4-c16,w4a16-tp4-ep4-dp4-c16,p99_tpot_ms,9.678017264323794,9.511344293646774,-0.166672970677020,-1.7221809604683061183353273762789736440715163006030
precision-4-c16,precision,TP=EP=DP4: W4A16 / W4A4 - 1,16,w4a4-tp4-ep4-dp4-c16,w4a16-tp4-ep4-dp4-c16,p99.9_tpot_ms,9.935308412731255,10.695631064539848,0.760322651808593,7.6527332642669050278938139483522969152090012763700
precision-4-c16,precision,TP=EP=DP4: W4A16 / W4A4 - 1,16,w4a4-tp4-ep4-dp4-c16,w4a16-tp4-ep4-dp4-c16,mean_itl_ms,824.8347257333538,842.6598079264365,17.8250821930827,2.1610489516229527549792371191883410795322385992300
precision-4-c16,precision,TP=EP=DP4: W4A16 / W4A4 - 1,16,w4a4-tp4-ep4-dp4-c16,w4a16-tp4-ep4-dp4-c16,median_itl_ms,471.1611610837281,455.79652790911496,-15.36463317461314,-3.2610143712339554716053648846448080817127688596840
precision-4-c16,precision,TP=EP=DP4: W4A16 / W4A4 - 1,16,w4a4-tp4-ep4-dp4-c16,w4a16-tp4-ep4-dp4-c16,std_itl_ms,1277.3334493678242,1236.9245842641578,-40.4088651036664,-3.1635329931793056862243152840265832654204213450170
precision-4-c16,precision,TP=EP=DP4: W4A16 / W4A4 - 1,16,w4a4-tp4-ep4-dp4-c16,w4a16-tp4-ep4-dp4-c16,p90_itl_ms,1707.9725128598513,1711.2636122852566,3.2910994254053,0.1926904209889561097427654640116014057810090307600
precision-4-c16,precision,TP=EP=DP4: W4A16 / W4A4 - 1,16,w4a4-tp4-ep4-dp4-c16,w4a16-tp4-ep4-dp4-c16,p99_itl_ms,3914.0711166150777,4255.847447356213,341.7763307411353,8.7319908238332267357953528087527183100123922615800
precision-4-c16,precision,TP=EP=DP4: W4A16 / W4A4 - 1,16,w4a4-tp4-ep4-dp4-c16,w4a16-tp4-ep4-dp4-c16,p99.9_itl_ms,9511.323718015867,11614.796826746622,2103.473108730755,22.115461223830105997530036723762911137129278169840
precision-4-c16,precision,TP=EP=DP4: W4A16 / W4A4 - 1,16,w4a4-tp4-ep4-dp4-c16,w4a16-tp4-ep4-dp4-c16,mean_e2el_ms,61679.553377613775,61977.88127538515,298.327897771375,0.4836738942400502631246997518243822385034451510300
precision-4-c16,precision,TP=EP=DP4: W4A16 / W4A4 - 1,16,w4a4-tp4-ep4-dp4-c16,w4a16-tp4-ep4-dp4-c16,median_e2el_ms,61305.74003071524,61704.70246882178,398.96243810654,0.6507750137371360213099225324222595638718742511400
precision-4-c16,precision,TP=EP=DP4: W4A16 / W4A4 - 1,16,w4a4-tp4-ep4-dp4-c16,w4a16-tp4-ep4-dp4-c16,std_e2el_ms,5963.705480425641,5445.632196616755,-518.073283808886,-8.6871037731378734120347308671970375570852948521470
precision-4-c16,precision,TP=EP=DP4: W4A16 / W4A4 - 1,16,w4a4-tp4-ep4-dp4-c16,w4a16-tp4-ep4-dp4-c16,p90_e2el_ms,69318.72195214964,69114.73674494773,-203.98520720191,-0.29427144854563237260245486719564163746503639786800
precision-4-c16,precision,TP=EP=DP4: W4A16 / W4A4 - 1,16,w4a4-tp4-ep4-dp4-c16,w4a16-tp4-ep4-dp4-c16,p99_e2el_ms,76526.44835690966,74906.41434347723,-1620.03401343243,-2.1169596240463122023892038944681981104712913315810
precision-4-c16,precision,TP=EP=DP4: W4A16 / W4A4 - 1,16,w4a4-tp4-ep4-dp4-c16,w4a16-tp4-ep4-dp4-c16,p99.9_e2el_ms,81330.1966333329,76524.98563972303,-4805.21099360987,-5.9082741620231997347058778112313384658166056622170
precision-4-c32,precision,TP=EP=DP4: W4A16 / W4A4 - 1,32,w4a4-tp4-ep4-dp4-c32,w4a16-tp4-ep4-dp4-c32,duration_s,739.7185411113314,780.9569979058579,41.2384567945265,5.5748848383022891758407776922936423225711461369600
precision-4-c32,precision,TP=EP=DP4: W4A16 / W4A4 - 1,32,w4a4-tp4-ep4-dp4-c32,w4a16-tp4-ep4-dp4-c32,output_tok_s,3208.7380105871466929313025515614160915172942252219,3039.3005074091494757289605475294343629936596877059,-169.4375031779972172023420040319817285236345375160,-5.2805028836552760239474329686127758205637345509470
precision-4-c32,precision,TP=EP=DP4: W4A16 / W4A4 - 1,32,w4a4-tp4-ep4-dp4-c32,w4a16-tp4-ep4-dp4-c32,output_tok_s_gpu,802.18450264678667323282563789035402287932355630548,759.82512685228736893224013688235859074841492192648,-42.35937579449930430058550100799543213090863437900,-5.2805028836552760239474329686127758205637345509470
precision-4-c32,precision,TP=EP=DP4: W4A16 / W4A4 - 1,32,w4a4-tp4-ep4-dp4-c32,w4a16-tp4-ep4-dp4-c32,interactivity_tok_s_user,106.91387878876645058704872918831426707677540193655,99.862147235743927455772627924647407207357676676166,-7.051731553022523131276101263666859869417725260384,-6.5957120187874576486159214393223152128096550995810
precision-4-c32,precision,TP=EP=DP4: W4A16 / W4A4 - 1,32,w4a4-tp4-ep4-dp4-c32,w4a16-tp4-ep4-dp4-c32,mean_ttft_ms,1971.4945357161923,1670.3021925903158,-301.1923431258765,-15.277361294661728025761552153252798497760951572941
precision-4-c32,precision,TP=EP=DP4: W4A16 / W4A4 - 1,32,w4a4-tp4-ep4-dp4-c32,w4a16-tp4-ep4-dp4-c32,median_ttft_ms,279.818695737049,371.92091648466885,92.10222074761985,32.914963206808052204608172912270035292617895875800
precision-4-c32,precision,TP=EP=DP4: W4A16 / W4A4 - 1,32,w4a4-tp4-ep4-dp4-c32,w4a16-tp4-ep4-dp4-c32,std_ttft_ms,3182.350491679036,2241.3090530878435,-941.0414385911925,-29.570640979105063708116999473486047626399529782014
precision-4-c32,precision,TP=EP=DP4: W4A16 / W4A4 - 1,32,w4a4-tp4-ep4-dp4-c32,w4a16-tp4-ep4-dp4-c32,p90_ttft_ms,6603.872660268099,4646.503241406755,-1957.369418861344,-29.639720805608026441221126410867991696007763767857
precision-4-c32,precision,TP=EP=DP4: W4A16 / W4A4 - 1,32,w4a4-tp4-ep4-dp4-c32,w4a16-tp4-ep4-dp4-c32,p99_ttft_ms,14605.671539828183,10089.80596904643,-4515.865570781753,-30.918575420975654562276002958774367727590821581618
precision-4-c32,precision,TP=EP=DP4: W4A16 / W4A4 - 1,32,w4a4-tp4-ep4-dp4-c32,w4a16-tp4-ep4-dp4-c32,p99.9_ttft_ms,20248.82870850348,12443.286848672296,-7805.541859831184,-38.548115410513857108633825637226830625040271604282
precision-4-c32,precision,TP=EP=DP4: W4A16 / W4A4 - 1,32,w4a4-tp4-ep4-dp4-c32,w4a16-tp4-ep4-dp4-c32,mean_tpot_ms,9.430705916769481,10.063363740932372,0.632657824162891,6.7084885240447620317916307790224750505863411631000
precision-4-c32,precision,TP=EP=DP4: W4A16 / W4A4 - 1,32,w4a4-tp4-ep4-dp4-c32,w4a16-tp4-ep4-dp4-c32,median_tpot_ms,9.353322611891535,10.013804306043074,0.660481694151539,7.0614659790716755731872118270355829495705001247100
precision-4-c32,precision,TP=EP=DP4: W4A16 / W4A4 - 1,32,w4a4-tp4-ep4-dp4-c32,w4a16-tp4-ep4-dp4-c32,std_tpot_ms,0.7028222124032972,0.7172305130606201,0.0144083006573229,2.0500633592745716855374104312222304633668605174500
precision-4-c32,precision,TP=EP=DP4: W4A16 / W4A4 - 1,32,w4a4-tp4-ep4-dp4-c32,w4a16-tp4-ep4-dp4-c32,p90_tpot_ms,10.220464303832884,10.969531670809442,0.749067366976558,7.3290933240248425371280212227660343673036097910100
precision-4-c32,precision,TP=EP=DP4: W4A16 / W4A4 - 1,32,w4a4-tp4-ep4-dp4-c32,w4a16-tp4-ep4-dp4-c32,p99_tpot_ms,11.880850501989547,12.235964456865922,0.355113954876375,2.9889607214307445551612341610150411419329792880700
precision-4-c32,precision,TP=EP=DP4: W4A16 / W4A4 - 1,32,w4a4-tp4-ep4-dp4-c32,w4a16-tp4-ep4-dp4-c32,p99.9_tpot_ms,12.23648909952277,13.031422219521469,0.794933119998699,6.4964150544595495252343035895751802452921698976900
precision-4-c32,precision,TP=EP=DP4: W4A16 / W4A4 - 1,32,w4a4-tp4-ep4-dp4-c32,w4a16-tp4-ep4-dp4-c32,mean_itl_ms,974.0402285077072,1035.7022553731679,61.6620268654607,6.3305421132278000629056469194436085840395700041900
precision-4-c32,precision,TP=EP=DP4: W4A16 / W4A4 - 1,32,w4a4-tp4-ep4-dp4-c32,w4a16-tp4-ep4-dp4-c32,median_itl_ms,592.085525393486,570.7812421023846,-21.3042832911014,-3.5981766784356159551596591054443467052080453957300
precision-4-c32,precision,TP=EP=DP4: W4A16 / W4A4 - 1,32,w4a4-tp4-ep4-dp4-c32,w4a16-tp4-ep4-dp4-c32,std_itl_ms,1284.5792080532901,1773.522215389344,488.9430073360539,38.062503602017693078524525623550432070412613373020
precision-4-c32,precision,TP=EP=DP4: W4A16 / W4A4 - 1,32,w4a4-tp4-ep4-dp4-c32,w4a16-tp4-ep4-dp4-c32,p90_itl_ms,2001.794546842575,2078.6883761174977,76.8938292749227,3.8412448168673015999055646115540814833550954205500
precision-4-c32,precision,TP=EP=DP4: W4A16 / W4A4 - 1,32,w4a4-tp4-ep4-dp4-c32,w4a16-tp4-ep4-dp4-c32,p99_itl_ms,4605.316597386263,5066.097374446718,460.780777060455,10.005409341932541314782730624529976938907329049730
precision-4-c32,precision,TP=EP=DP4: W4A16 / W4A4 - 1,32,w4a4-tp4-ep4-dp4-c32,w4a16-tp4-ep4-dp4-c32,p99.9_itl_ms,11220.353920210671,22369.124486791265,11148.770566580594,99.362022319981035268077112073755239150451852236490
precision-4-c32,precision,TP=EP=DP4: W4A16 / W4A4 - 1,32,w4a4-tp4-ep4-dp4-c32,w4a16-tp4-ep4-dp4-c32,mean_e2el_ms,71907.58279516158,76308.83237467206,4401.24957951048,6.1207030029754043105403378365849419345978810284100
precision-4-c32,precision,TP=EP=DP4: W4A16 / W4A4 - 1,32,w4a4-tp4-ep4-dp4-c32,w4a16-tp4-ep4-dp4-c32,median_e2el_ms,71543.6879855115,76164.12097285502,4620.43298734352,6.4581979451202124347835436979620252854161334728500
precision-4-c32,precision,TP=EP=DP4: W4A16 / W4A4 - 1,32,w4a4-tp4-ep4-dp4-c32,w4a16-tp4-ep4-dp4-c32,std_e2el_ms,7512.148502274592,7355.938069078535,-156.210433196057,-2.0794375024503080699784554134534967119196304502020
precision-4-c32,precision,TP=EP=DP4: W4A16 / W4A4 - 1,32,w4a4-tp4-ep4-dp4-c32,w4a16-tp4-ep4-dp4-c32,p90_e2el_ms,81831.88862870449,85826.2488191016,3994.36019039711,4.8811780558074431794166828667188504900166439919800
precision-4-c32,precision,TP=EP=DP4: W4A16 / W4A4 - 1,32,w4a4-tp4-ep4-dp4-c32,w4a16-tp4-ep4-dp4-c32,p99_e2el_ms,92342.68756618258,96776.63973254153,4433.95216635895,4.8016278096531561674269575454664126825479874118300
precision-4-c32,precision,TP=EP=DP4: W4A16 / W4A4 - 1,32,w4a4-tp4-ep4-dp4-c32,w4a16-tp4-ep4-dp4-c32,p99.9_e2el_ms,95755.77774325068,100733.89789805336,4978.12015480268,5.1987673977757038767632537315954886458611847411700
precision-4-c64,precision,TP=EP=DP4: W4A16 / W4A4 - 1,64,w4a4-tp4-ep4-dp4-c64,w4a16-tp4-ep4-dp4-c64,duration_s,870.1409717127681,895.8328133220784,25.6918416093103,2.9526068125190096952620901764508006173432995381800
precision-4-c64,precision,TP=EP=DP4: W4A16 / W4A4 - 1,64,w4a4-tp4-ep4-dp4-c64,w4a16-tp4-ep4-dp4-c64,output_tok_s,5432.7806110484680144387137994422117594182261122857,5276.9723654902571465404480139908505097040347563104,-155.8082455582108678982657854513612497141913559753,-2.8679281699936261250719835905794350941238858951930
precision-4-c64,precision,TP=EP=DP4: W4A16 / W4A4 - 1,64,w4a4-tp4-ep4-dp4-c64,w4a16-tp4-ep4-dp4-c64,output_tok_s_gpu,1358.1951527621170036096784498605529398545565280714,1319.2430913725642866351120034977126274260086890776,-38.9520613895527169745664463628403124285478389938,-2.8679281699936261250719835905794350941238858951910
precision-4-c64,precision,TP=EP=DP4: W4A16 / W4A4 - 1,64,w4a4-tp4-ep4-dp4-c64,w4a16-tp4-ep4-dp4-c64,interactivity_tok_s_user,93.290213775632602782686091877341779889343094947972,88.036356641947337991183847973252524790140433699483,-5.253857133685264791502243904089255099202661248489,-5.6317344778746470210687614428238451497340478886090
precision-4-c64,precision,TP=EP=DP4: W4A16 / W4A4 - 1,64,w4a4-tp4-ep4-dp4-c64,w4a16-tp4-ep4-dp4-c64,mean_ttft_ms,2097.208162219613,1916.6644773948065,-180.5436848248065,-8.6087632156516724847273836094347438951943233896990
precision-4-c64,precision,TP=EP=DP4: W4A16 / W4A4 - 1,64,w4a4-tp4-ep4-dp4-c64,w4a16-tp4-ep4-dp4-c64,median_ttft_ms,343.33820547908545,394.601363921538,51.26315844245255,14.930805143261360905286717052296308772214701182250
precision-4-c64,precision,TP=EP=DP4: W4A16 / W4A4 - 1,64,w4a4-tp4-ep4-dp4-c64,w4a16-tp4-ep4-dp4-c64,std_ttft_ms,5589.2757994117,5616.103975901394,26.828176489694,0.4799937854653335131519642859254325201504516831300
precision-4-c64,precision,TP=EP=DP4: W4A16 / W4A4 - 1,64,w4a4-tp4-ep4-dp4-c64,w4a16-tp4-ep4-dp4-c64,p90_ttft_ms,5398.912299936637,4089.5482863765214,-1309.3640135601156,-24.252366788315539542438582959020752371182697657914
precision-4-c64,precision,TP=EP=DP4: W4A16 / W4A4 - 1,64,w4a4-tp4-ep4-dp4-c64,w4a16-tp4-ep4-dp4-c64,p99_ttft_ms,12475.280780587364,10105.854373611513,-2369.426406975851,-18.992970568348948442272438235827273427352193781294
precision-4-c64,precision,TP=EP=DP4: W4A16 / W4A4 - 1,64,w4a4-tp4-ep4-dp4-c64,w4a16-tp4-ep4-dp4-c64,p99.9_ttft_ms,67021.35804578164,69516.57994671761,2495.22190093597,3.7230249784427049467712713535392477805351755516600
precision-4-c64,precision,TP=EP=DP4: W4A16 / W4A4 - 1,64,w4a4-tp4-ep4-dp4-c64,w4a16-tp4-ep4-dp4-c64,mean_tpot_ms,10.776766181086332,11.368798023926072,0.592031842839740,5.4935945801513281429063210310702213325440660455500
precision-4-c64,precision,TP=EP=DP4: W4A16 / W4A4 - 1,64,w4a4-tp4-ep4-dp4-c64,w4a16-tp4-ep4-dp4-c64,median_tpot_ms,10.719237951421652,11.358943488167053,0.639705536745401,5.9678266276434256540743615670957165130768685312900
precision-4-c64,precision,TP=EP=DP4: W4A16 / W4A4 - 1,64,w4a4-tp4-ep4-dp4-c64,w4a16-tp4-ep4-dp4-c64,std_tpot_ms,0.9296081206285739,0.8175017519684965,-0.1121063686600774,-12.059529835461672063662157437289628469713509820935
precision-4-c64,precision,TP=EP=DP4: W4A16 / W4A4 - 1,64,w4a4-tp4-ep4-dp4-c64,w4a16-tp4-ep4-dp4-c64,p90_tpot_ms,11.79274671630558,12.276831868227568,0.484085151921988,4.1049397868662248049531855157078407627278677847000
precision-4-c64,precision,TP=EP=DP4: W4A16 / W4A4 - 1,64,w4a4-tp4-ep4-dp4-c64,w4a16-tp4-ep4-dp4-c64,p99_tpot_ms,13.898242974429001,13.646608647324724,-0.251634327104277,-1.8105477618088282818674120309166641549696597037530
precision-4-c64,precision,TP=EP=DP4: W4A16 / W4A4 - 1,64,w4a4-tp4-ep4-dp4-c64,w4a16-tp4-ep4-dp4-c64,p99.9_tpot_ms,16.759551892957862,14.717735211776017,-2.041816681181845,-12.183002828612553010649404464883609200764283556403
precision-4-c64,precision,TP=EP=DP4: W4A16 / W4A4 - 1,64,w4a4-tp4-ep4-dp4-c64,w4a16-tp4-ep4-dp4-c64,mean_itl_ms,1109.7250051550714,1180.7738533304534,71.0488481753820,6.4023832792209394809073604729492621833416250580600
precision-4-c64,precision,TP=EP=DP4: W4A16 / W4A4 - 1,64,w4a4-tp4-ep4-dp4-c64,w4a16-tp4-ep4-dp4-c64,median_itl_ms,687.4651713296771,725.5380093120039,38.0728379823268,5.5381479048149181936804500793687348724448262362700
precision-4-c64,precision,TP=EP=DP4: W4A16 / W4A4 - 1,64,w4a4-tp4-ep4-dp4-c64,w4a16-tp4-ep4-dp4-c64,std_itl_ms,1709.4360774848035,1953.0869320390063,243.6508545542028,14.253288424373317988277329502429935955170968668020
precision-4-c64,precision,TP=EP=DP4: W4A16 / W4A4 - 1,64,w4a4-tp4-ep4-dp4-c64,w4a16-tp4-ep4-dp4-c64,p90_itl_ms,2269.7183021809906,2413.952285330743,144.2339831497524,6.3547085561744293876663009436616172610948606145300
precision-4-c64,precision,TP=EP=DP4: W4A16 / W4A4 - 1,64,w4a4-tp4-ep4-dp4-c64,w4a16-tp4-ep4-dp4-c64,p99_itl_ms,5425.585859781124,5833.040097672491,407.454237891367,7.5098661862813888768481354881386049069181674119900
precision-4-c64,precision,TP=EP=DP4: W4A16 / W4A4 - 1,64,w4a4-tp4-ep4-dp4-c64,w4a16-tp4-ep4-dp4-c64,p99.9_itl_ms,17453.482787729074,23698.389510073466,6244.906722344392,35.780289804021034039332058764805657156896022113920
precision-4-c64,precision,TP=EP=DP4: W4A16 / W4A4 - 1,64,w4a4-tp4-ep4-dp4-c64,w4a16-tp4-ep4-dp4-c64,mean_e2el_ms,81695.70177808055,85860.46051999292,4164.75874191237,5.0978921182727386937249296285519993996374987164900
precision-4-c64,precision,TP=EP=DP4: W4A16 / W4A4 - 1,64,w4a4-tp4-ep4-dp4-c64,w4a16-tp4-ep4-dp4-c64,median_e2el_ms,81145.81291098148,85330.9552599676,4185.14234898612,5.1575579797041429379412692827907662774356020523600
precision-4-c64,precision,TP=EP=DP4: W4A16 / W4A4 - 1,64,w4a4-tp4-ep4-dp4-c64,w4a16-tp4-ep4-dp4-c64,std_e2el_ms,10208.64542809117,9714.925263102814,-493.720164988356,-4.8362945746923903275392801480535703280870140524960
precision-4-c64,precision,TP=EP=DP4: W4A16 / W4A4 - 1,64,w4a4-tp4-ep4-dp4-c64,w4a16-tp4-ep4-dp4-c64,p90_e2el_ms,91758.33700313233,96134.39649031498,4376.05948718265,4.7691137722267848191041308334475978773075092429000
precision-4-c64,precision,TP=EP=DP4: W4A16 / W4A4 - 1,64,w4a4-tp4-ep4-dp4-c64,w4a16-tp4-ep4-dp4-c64,p99_e2el_ms,119165.3064846015,109430.76929995326,-9734.53718464824,-8.1689356338844591094000152099310560176348253347340
precision-4-c64,precision,TP=EP=DP4: W4A16 / W4A4 - 1,64,w4a4-tp4-ep4-dp4-c64,w4a16-tp4-ep4-dp4-c64,p99.9_e2el_ms,147777.67263447135,156154.47413833332,8376.80150386197,5.6685163289734716639679999775302773578433097720900
precision-4-c128,precision,TP=EP=DP4: W4A16 / W4A4 - 1,128,w4a4-tp4-ep4-dp4-c128,w4a16-tp4-ep4-dp4-c128,duration_s,1051.3382067200728,1111.4335248582065,60.0953181381337,5.7160785895546321323352965710630252309543180869400
precision-4-c128,precision,TP=EP=DP4: W4A16 / W4A4 - 1,128,w4a4-tp4-ep4-dp4-c128,w4a16-tp4-ep4-dp4-c128,output_tok_s,8968.1122018905363894580239087602132111158992204215,8483.2055081322685494999377678242335058967970699088,-484.9066937582678399580861409359797052191021505127,-5.4070096676092695919930568658096466081515582556610
precision-4-c128,precision,TP=EP=DP4: W4A16 / W4A4 - 1,128,w4a4-tp4-ep4-dp4-c128,w4a16-tp4-ep4-dp4-c128,output_tok_s_gpu,2242.0280504726340973645059771900533027789748051054,2120.8013770330671373749844419560583764741992674772,-121.2266734395669599895215352339949263047755376282,-5.4070096676092695919930568658096466081515582556620
precision-4-c128,precision,TP=EP=DP4: W4A16 / W4A4 - 1,128,w4a4-tp4-ep4-dp4-c128,w4a16-tp4-ep4-dp4-c128,interactivity_tok_s_user,74.956020015399055345528863640636994682143492393288,70.101939861814015626494799274177162446672145295700,-4.854080153585039719034064366459832235471347097588,-6.4759043404223058074974199336880864489616770250250
precision-4-c128,precision,TP=EP=DP4: W4A16 / W4A4 - 1,128,w4a4-tp4-ep4-dp4-c128,w4a16-tp4-ep4-dp4-c128,mean_ttft_ms,1837.0850399835035,1732.457675272235,-104.6273647112685,-5.6952924025883975360875506884287013082049070908180
precision-4-c128,precision,TP=EP=DP4: W4A16 / W4A4 - 1,128,w4a4-tp4-ep4-dp4-c128,w4a16-tp4-ep4-dp4-c128,median_ttft_ms,464.9120944086462,493.0304102599621,28.1183158513159,6.0480930028463827769131695130068729693099590289600
precision-4-c128,precision,TP=EP=DP4: W4A16 / W4A4 - 1,128,w4a4-tp4-ep4-dp4-c128,w4a16-tp4-ep4-dp4-c128,std_ttft_ms,4571.118097468528,3956.7511073152205,-614.3669901533075,-13.440190715998831111410355595770801830899338009331
precision-4-c128,precision,TP=EP=DP4: W4A16 / W4A4 - 1,128,w4a4-tp4-ep4-dp4-c128,w4a16-tp4-ep4-dp4-c128,p90_ttft_ms,4494.916263176134,4014.400291163481,-480.515972012653,-10.690209647490020575261825008996131706995822924837
precision-4-c128,precision,TP=EP=DP4: W4A16 / W4A4 - 1,128,w4a4-tp4-ep4-dp4-c128,w4a16-tp4-ep4-dp4-c128,p99_ttft_ms,10153.73193264008,8773.233046252282,-1380.498886387798,-13.595975307857604382237349043598674121877867266515
precision-4-c128,precision,TP=EP=DP4: W4A16 / W4A4 - 1,128,w4a4-tp4-ep4-dp4-c128,w4a16-tp4-ep4-dp4-c128,p99.9_ttft_ms,74667.04519223905,70441.38357694546,-4225.66161529359,-5.6593395445261419188728009438530167587935577021350
precision-4-c128,precision,TP=EP=DP4: W4A16 / W4A4 - 1,128,w4a4-tp4-ep4-dp4-c128,w4a16-tp4-ep4-dp4-c128,mean_tpot_ms,13.414212942687959,14.289931321879745,0.875718379191786,6.5282874435740715930112618366501822987178264249700
precision-4-c128,precision,TP=EP=DP4: W4A16 / W4A4 - 1,128,w4a4-tp4-ep4-dp4-c128,w4a16-tp4-ep4-dp4-c128,median_tpot_ms,13.341156584815453,14.264940484831302,0.923783900015849,6.9243164499491377364632560844687128391590231491400
precision-4-c128,precision,TP=EP=DP4: W4A16 / W4A4 - 1,128,w4a4-tp4-ep4-dp4-c128,w4a16-tp4-ep4-dp4-c128,std_tpot_ms,1.2125434298973479,1.2004430687063061,-0.0121003611910418,-0.99793218887559337552608428940466170113543584448000
precision-4-c128,precision,TP=EP=DP4: W4A16 / W4A4 - 1,128,w4a4-tp4-ep4-dp4-c128,w4a16-tp4-ep4-dp4-c128,p90_tpot_ms,14.680460182095787,15.63992939176828,0.959469209672493,6.5356889209962005512099782035157765341105459301000
precision-4-c128,precision,TP=EP=DP4: W4A16 / W4A4 - 1,128,w4a4-tp4-ep4-dp4-c128,w4a16-tp4-ep4-dp4-c128,p99_tpot_ms,16.94884423412689,17.342502990624542,0.393658756497652,2.3226289123892647851510679115379367284770428440400
precision-4-c128,precision,TP=EP=DP4: W4A16 / W4A4 - 1,128,w4a4-tp4-ep4-dp4-c128,w4a16-tp4-ep4-dp4-c128,p99.9_tpot_ms,21.36638283018752,19.98558309185781,-1.38079973832971,-6.4624871196206660130936506630600645578558594372110
precision-4-c128,precision,TP=EP=DP4: W4A16 / W4A4 - 1,128,w4a4-tp4-ep4-dp4-c128,w4a16-tp4-ep4-dp4-c128,mean_itl_ms,1370.8668166287098,1495.426222960081,124.5594063313712,9.0861785273709262470704743015601389507709736204500
precision-4-c128,precision,TP=EP=DP4: W4A16 / W4A4 - 1,128,w4a4-tp4-ep4-dp4-c128,w4a16-tp4-ep4-dp4-c128,median_itl_ms,850.6165319122374,866.3604685571045,15.7439366448671,1.8508853348375181935532980849865973196409081147800
precision-4-c128,precision,TP=EP=DP4: W4A16 / W4A4 - 1,128,w4a4-tp4-ep4-dp4-c128,w4a16-tp4-ep4-dp4-c128,std_itl_ms,1908.9095558288134,2644.7375058383604,735.8279500095470,38.547030568457919702042907326126737855397234662150
precision-4-c128,precision,TP=EP=DP4: W4A16 / W4A4 - 1,128,w4a4-tp4-ep4-dp4-c128,w4a16-tp4-ep4-dp4-c128,p90_itl_ms,2829.783289507032,3040.1246277149767,210.3413382079447,7.4331253205112971470694539057782529180966694394900
precision-4-c128,precision,TP=EP=DP4: W4A16 / W4A4 - 1,128,w4a4-tp4-ep4-dp4-c128,w4a16-tp4-ep4-dp4-c128,p99_itl_ms,6600.584241459138,7428.535774452609,827.951532993471,12.543609818552098693702533189133008190722650438380
precision-4-c128,precision,TP=EP=DP4: W4A16 / W4A4 - 1,128,w4a4-tp4-ep4-dp4-c128,w4a16-tp4-ep4-dp4-c128,p99.9_itl_ms,17658.5126269284,38269.207978831546,20610.695351903146,116.71818452292978740988284102205249743524613324821
precision-4-c128,precision,TP=EP=DP4: W4A16 / W4A4 - 1,128,w4a4-tp4-ep4-dp4-c128,w4a16-tp4-ep4-dp4-c128,mean_e2el_ms,100657.30448821196,106989.43413845955,6332.12965024759,6.2907800705006457539528532891860460329240852866100
precision-4-c128,precision,TP=EP=DP4: W4A16 / W4A4 - 1,128,w4a4-tp4-ep4-dp4-c128,w4a16-tp4-ep4-dp4-c128,median_e2el_ms,99978.10303443111,106743.83209296502,6765.72905853391,6.7672108723686067344194412348518298322211696029600
precision-4-c128,precision,TP=EP=DP4: W4A16 / W4A4 - 1,128,w4a4-tp4-ep4-dp4-c128,w4a16-tp4-ep4-dp4-c128,std_e2el_ms,12100.660178134956,12131.717419135788,31.057241000832,0.2566574099564439931652395291699589726385702835400
precision-4-c128,precision,TP=EP=DP4: W4A16 / W4A4 - 1,128,w4a4-tp4-ep4-dp4-c128,w4a16-tp4-ep4-dp4-c128,p90_e2el_ms,115033.2541414071,121311.76303438844,6278.50889298134,5.4579946814886658798269244392993187267358124710300
precision-4-c128,precision,TP=EP=DP4: W4A16 / W4A4 - 1,128,w4a4-tp4-ep4-dp4-c128,w4a16-tp4-ep4-dp4-c128,p99_e2el_ms,131070.6626942102,137642.30548346415,6571.64278925395,5.0138167109032553628248929872823750163107056211600
precision-4-c128,precision,TP=EP=DP4: W4A16 / W4A4 - 1,128,w4a4-tp4-ep4-dp4-c128,w4a16-tp4-ep4-dp4-c128,p99.9_e2el_ms,181777.00733278564,172114.3494809724,-9662.65785181324,-5.3156656023737194687558930234207791551402373984410
precision-8-c4,precision,TP=EP=DP8: W4A16 / W4A4 - 1,4,w4a4-tp8-ep8-dp8-c4,w4a16-tp8-ep8-dp8-c4,duration_s,381.00478667160496,379.59581943321973,-1.40896723838523,-0.36980302811776609045821495147426879263328142679600
precision-8-c4,precision,TP=EP=DP8: W4A16 / W4A4 - 1,4,w4a4-tp8-ep8-dp8-c4,w4a16-tp8-ep8-dp8-c4,output_tok_s,762.41036900770431429434984658307085690931599076620,765.24025062689856770599117626483600241172661214404,2.82988161919425341164132968176514550241062137784,0.3711756468996366539736942457403956595153966706100
precision-8-c4,precision,TP=EP=DP8: W4A16 / W4A4 - 1,4,w4a4-tp8-ep8-dp8-c4,w4a16-tp8-ep8-dp8-c4,output_tok_s_gpu,95.301296125963039286793730822883857113664498845775,95.655031328362320963248897033104500301465826518005,0.353735202399281676455166210220643187801327672230,0.3711756468996366539736942457403956595153966706100
precision-8-c4,precision,TP=EP=DP8: W4A16 / W4A4 - 1,4,w4a4-tp8-ep8-dp8-c4,w4a16-tp8-ep8-dp8-c4,interactivity_tok_s_user,192.21186440641685231045673193096595360008267679202,196.39391081707082112767339596278390714131418891480,4.18204641065396881721666403181795354123151212278,2.1757483199951491968751392910246655813410233072900
precision-8-c4,precision,TP=EP=DP8: W4A16 / W4A4 - 1,4,w4a4-tp8-ep8-dp8-c4,w4a16-tp8-ep8-dp8-c4,mean_ttft_ms,265.25992542738095,269.7490941849537,4.48916875757275,1.6923659879417896100428642274544530077413683647100
precision-8-c4,precision,TP=EP=DP8: W4A16 / W4A4 - 1,4,w4a4-tp8-ep8-dp8-c4,w4a16-tp8-ep8-dp8-c4,median_ttft_ms,258.7169432081282,265.6993761193007,6.9824329111725,2.6988695926093218009903918443374291421778691935600
precision-8-c4,precision,TP=EP=DP8: W4A16 / W4A4 - 1,4,w4a4-tp8-ep8-dp8-c4,w4a16-tp8-ep8-dp8-c4,std_ttft_ms,80.99142680386282,71.43458728308002,-9.55683952078280,-11.799816224903194740237857388796049703885582656297
precision-8-c4,precision,TP=EP=DP8: W4A16 / W4A4 - 1,4,w4a4-tp8-ep8-dp8-c4,w4a16-tp8-ep8-dp8-c4,p90_ttft_ms,313.53882956318586,349.1754245478661,35.63659498468024,11.365927159429732188032153325779723510955914949600
precision-8-c4,precision,TP=EP=DP8: W4A16 / W4A4 - 1,4,w4a4-tp8-ep8-dp8-c4,w4a16-tp8-ep8-dp8-c4,p99_ttft_ms,490.01190891489387,443.0525062279776,-46.95940268691627,-9.5833186566639672494683572334340887245560431908270
precision-8-c4,precision,TP=EP=DP8: W4A16 / W4A4 - 1,4,w4a4-tp8-ep8-dp8-c4,w4a16-tp8-ep8-dp8-c4,p99.9_ttft_ms,490.065184827894,443.08799925865605,-46.97718556923795,-9.5859055129035270159086579892427483741711063430980
precision-8-c4,precision,TP=EP=DP8: W4A16 / W4A4 - 1,4,w4a4-tp8-ep8-dp8-c4,w4a16-tp8-ep8-dp8-c4,mean_tpot_ms,5.1769110935771225,5.097155206307287,-0.0797558872698355,-1.5406076293020917586498145312109617126104278161710
precision-8-c4,precision,TP=EP=DP8: W4A16 / W4A4 - 1,4,w4a4-tp8-ep8-dp8-c4,w4a16-tp8-ep8-dp8-c4,median_tpot_ms,5.20259247829561,5.0918075608333915,-0.1107849174622185,-2.1294175533524024898752595128724157847444197165640
precision-8-c4,precision,TP=EP=DP8: W4A16 / W4A4 - 1,4,w4a4-tp8-ep8-dp8-c4,w4a16-tp8-ep8-dp8-c4,std_tpot_ms,0.2996564274385741,0.28941595958842725,-0.01024046785014685,-3.4174030364311209616069870320921937332199953663180
precision-8-c4,precision,TP=EP=DP8: W4A16 / W4A4 - 1,4,w4a4-tp8-ep8-dp8-c4,w4a16-tp8-ep8-dp8-c4,p90_tpot_ms,5.539637165941104,5.4779417429076345,-0.0616954230334695,-1.1137087355248896078489978667212722968359144793120
precision-8-c4,precision,TP=EP=DP8: W4A16 / W4A4 - 1,4,w4a4-tp8-ep8-dp8-c4,w4a16-tp8-ep8-dp8-c4,p99_tpot_ms,5.781449421563811,5.874620689210544,0.093171267646733,1.6115555261838011100411882185601442848470413853000
precision-8-c4,precision,TP=EP=DP8: W4A16 / W4A4 - 1,4,w4a4-tp8-ep8-dp8-c4,w4a16-tp8-ep8-dp8-c4,p99.9_tpot_ms,5.871916133927112,5.997620265813353,0.125704131886241,2.1407685160886421365228355879046818212494579965300
precision-8-c4,precision,TP=EP=DP8: W4A16 / W4A4 - 1,4,w4a4-tp8-ep8-dp8-c4,w4a16-tp8-ep8-dp8-c4,mean_itl_ms,548.5005631273015,519.5622126505428,-28.9383504767587,-5.2759016894650658746517328853826945408102615036200
precision-8-c4,precision,TP=EP=DP8: W4A16 / W4A4 - 1,4,w4a4-tp8-ep8-dp8-c4,w4a16-tp8-ep8-dp8-c4,median_itl_ms,303.6672242451459,283.399045933038,-20.2681783121079,-6.6744701745439968919340955688046642830948678548290
precision-8-c4,precision,TP=EP=DP8: W4A16 / W4A4 - 1,4,w4a4-tp8-ep8-dp8-c4,w4a16-tp8-ep8-dp8-c4,std_itl_ms,951.4199553814251,962.0266635844748,10.6067082030497,1.1148292762891925383344173258869066268763030634100
precision-8-c4,precision,TP=EP=DP8: W4A16 / W4A4 - 1,4,w4a4-tp8-ep8-dp8-c4,w4a16-tp8-ep8-dp8-c4,p90_itl_ms,1065.9302439074954,1030.4539368487895,-35.4763070587059,-3.3282015649219762212530686403495336167120495620350
precision-8-c4,precision,TP=EP=DP8: W4A16 / W4A4 - 1,4,w4a4-tp8-ep8-dp8-c4,w4a16-tp8-ep8-dp8-c4,p99_itl_ms,2717.684557340124,2511.0003337264047,-206.6842236137193,-7.6051587023038130328300709757544186315374879312630
precision-8-c4,precision,TP=EP=DP8: W4A16 / W4A4 - 1,4,w4a4-tp8-ep8-dp8-c4,w4a16-tp8-ep8-dp8-c4,p99.9_itl_ms,15293.469361748776,9386.8247665096,-5906.644595239176,-38.622005612490818336658357595355455960309627687223
precision-8-c4,precision,TP=EP=DP8: W4A16 / W4A4 - 1,4,w4a4-tp8-ep8-dp8-c4,w4a16-tp8-ep8-dp8-c4,mean_e2el_ms,37837.548269017134,37249.58944430109,-587.958824716044,-1.5539030714563705133062533139896609894620892184480
precision-8-c4,precision,TP=EP=DP8: W4A16 / W4A4 - 1,4,w4a4-tp8-ep8-dp8-c4,w4a16-tp8-ep8-dp8-c4,median_e2el_ms,37531.24128165655,36034.84590584412,-1496.39537581243,-3.9870660407488186798973237800627330674882778493880
precision-8-c4,precision,TP=EP=DP8: W4A16 / W4A4 - 1,4,w4a4-tp8-ep8-dp8-c4,w4a16-tp8-ep8-dp8-c4,std_e2el_ms,3003.9415555365135,2713.068199017069,-290.8733565194445,-9.6830564490624250823068848290571169738572575099410
precision-8-c4,precision,TP=EP=DP8: W4A16 / W4A4 - 1,4,w4a4-tp8-ep8-dp8-c4,w4a16-tp8-ep8-dp8-c4,p90_e2el_ms,42276.636839751154,41238.09364521876,-1038.543194532394,-2.4565416555460020495995537289771475243781725389690
precision-8-c4,precision,TP=EP=DP8: W4A16 / W4A4 - 1,4,w4a4-tp8-ep8-dp8-c4,w4a16-tp8-ep8-dp8-c4,p99_e2el_ms,44460.039216950536,41722.65863105189,-2737.380585898646,-6.1569459544133975021250396638858437775708282586920
precision-8-c4,precision,TP=EP=DP8: W4A16 / W4A4 - 1,4,w4a4-tp8-ep8-dp8-c4,w4a16-tp8-ep8-dp8-c4,p99.9_e2el_ms,44731.75909662806,41776.76287881425,-2954.99621781381,-6.6060362424614809715231066364907975235842844329740
precision-8-c8,precision,TP=EP=DP8: W4A16 / W4A4 - 1,8,w4a4-tp8-ep8-dp8-c8,w4a16-tp8-ep8-dp8-c8,duration_s,450.5899540418759,440.251548781991,-10.3384052598849,-2.2944153918984383093689660626581481975444433718880
precision-8-c8,precision,TP=EP=DP8: W4A16 / W4A4 - 1,8,w4a4-tp8-ep8-dp8-c8,w4a16-tp8-ep8-dp8-c8,output_tok_s,1306.3762179333770058607291937988406424911087323955,1337.0537857925623307388992767906347387635187826746,30.6775678591853248781700829917940962724100502791,2.3482950346199450900795345279822041986974868205500
precision-8-c8,precision,TP=EP=DP8: W4A16 / W4A4 - 1,8,w4a4-tp8-ep8-dp8-c8,w4a16-tp8-ep8-dp8-c8,output_tok_s_gpu,163.29702724167212573259114922485508031138859154944,167.13172322407029134236240959882934234543984783432,3.83469598239816560977126037397426203405125628488,2.3482950346199450900795345279822041986974868205500
precision-8-c8,precision,TP=EP=DP8: W4A16 / W4A4 - 1,8,w4a4-tp8-ep8-dp8-c8,w4a16-tp8-ep8-dp8-c8,interactivity_tok_s_user,174.33896916563848548337569955641128764006424095914,181.95292363232338700722770163654187944292251359008,7.61395446668490152385200208013059180285827263094,4.3673279147652443153671272598204539211177622805800
precision-8-c8,precision,TP=EP=DP8: W4A16 / W4A4 - 1,8,w4a4-tp8-ep8-dp8-c8,w4a16-tp8-ep8-dp8-c8,mean_ttft_ms,1893.905886367429,2053.6353800504003,159.7294936829713,8.4338664784097317461446395622246992849207191103500
precision-8-c8,precision,TP=EP=DP8: W4A16 / W4A4 - 1,8,w4a4-tp8-ep8-dp8-c8,w4a16-tp8-ep8-dp8-c8,median_ttft_ms,270.50123107619584,283.05530454963446,12.55407347343862,4.6410411603274144446103388762943624335524556896000
precision-8-c8,precision,TP=EP=DP8: W4A16 / W4A4 - 1,8,w4a4-tp8-ep8-dp8-c8,w4a16-tp8-ep8-dp8-c8,std_ttft_ms,3553.0727976537755,3813.650874849843,260.5780771960675,7.3338794906802015824391244158176110162841207469400
precision-8-c8,precision,TP=EP=DP8: W4A16 / W4A4 - 1,8,w4a4-tp8-ep8-dp8-c8,w4a16-tp8-ep8-dp8-c8,p90_ttft_ms,7156.439249962573,5686.651548510422,-1469.787701452151,-20.537974963734062968391393076482551664037882032064
precision-8-c8,precision,TP=EP=DP8: W4A16 / W4A4 - 1,8,w4a4-tp8-ep8-dp8-c8,w4a16-tp8-ep8-dp8-c8,p99_ttft_ms,16138.580388501257,17238.229992636465,1099.649604135208,6.8137938880839150371644646914662722267532872658000
precision-8-c8,precision,TP=EP=DP8: W4A16 / W4A4 - 1,8,w4a4-tp8-ep8-dp8-c8,w4a16-tp8-ep8-dp8-c8,p99.9_ttft_ms,19327.449352119147,18581.726244029134,-745.723108090013,-3.8583627591203524294372750489301003855371595920540
precision-8-c8,precision,TP=EP=DP8: W4A16 / W4A4 - 1,8,w4a4-tp8-ep8-dp8-c8,w4a16-tp8-ep8-dp8-c8,mean_tpot_ms,5.751499461254841,5.575894176367313,-0.175605284887528,-3.0532087513960243816469838230515485734737723050250
precision-8-c8,precision,TP=EP=DP8: W4A16 / W4A4 - 1,8,w4a4-tp8-ep8-dp8-c8,w4a16-tp8-ep8-dp8-c8,median_tpot_ms,5.7359522359565265,5.495927078482805,-0.2400251574737215,-4.1845738527788654464989484976925411129791068724090
precision-8-c8,precision,TP=EP=DP8: W4A16 / W4A4 - 1,8,w4a4-tp8-ep8-dp8-c8,w4a16-tp8-ep8-dp8-c8,std_tpot_ms,0.35398552972788133,0.3742034519428938,0.02021792221501247,5.7115109283010968202563529256955441573865471309900
precision-8-c8,precision,TP=EP=DP8: W4A16 / W4A4 - 1,8,w4a4-tp8-ep8-dp8-c8,w4a16-tp8-ep8-dp8-c8,p90_tpot_ms,6.20186164954308,6.070599174832708,-0.131262474710372,-2.1165011754179120904884991093579143309409067866090
precision-8-c8,precision,TP=EP=DP8: W4A16 / W4A4 - 1,8,w4a4-tp8-ep8-dp8-c8,w4a16-tp8-ep8-dp8-c8,p99_tpot_ms,6.6195918372903675,6.7090026979150155,0.0894108606246480,1.3507005087680303256166304554627048459549052179200
precision-8-c8,precision,TP=EP=DP8: W4A16 / W4A4 - 1,8,w4a4-tp8-ep8-dp8-c8,w4a16-tp8-ep8-dp8-c8,p99.9_tpot_ms,6.6229658515273755,6.749088079636181,0.1261222281088055,1.9043164487964170480905239928066686122539674766700
precision-8-c8,precision,TP=EP=DP8: W4A16 / W4A4 - 1,8,w4a4-tp8-ep8-dp8-c8,w4a16-tp8-ep8-dp8-c8,mean_itl_ms,582.6722228291537,581.5504472270184,-1.1217756021353,-0.19252258099563083279079504695768895067278230933200
precision-8-c8,precision,TP=EP=DP8: W4A16 / W4A4 - 1,8,w4a4-tp8-ep8-dp8-c8,w4a16-tp8-ep8-dp8-c8,median_itl_ms,366.5433321148157,323.6968768760562,-42.8464552387595,-11.689328787281912777390467130704670254542106338073
precision-8-c8,precision,TP=EP=DP8: W4A16 / W4A4 - 1,8,w4a4-tp8-ep8-dp8-c8,w4a16-tp8-ep8-dp8-c8,std_itl_ms,808.1498413862307,992.3089580720864,184.1591166858557,22.787743962179711296963005379068150504454214058260
precision-8-c8,precision,TP=EP=DP8: W4A16 / W4A4 - 1,8,w4a4-tp8-ep8-dp8-c8,w4a16-tp8-ep8-dp8-c8,p90_itl_ms,1197.9072191752493,1184.4322900287807,-13.4749291464686,-1.1248725219091670554046338124265671593852485197480
precision-8-c8,precision,TP=EP=DP8: W4A16 / W4A4 - 1,8,w4a4-tp8-ep8-dp8-c8,w4a16-tp8-ep8-dp8-c8,p99_itl_ms,2547.404403006657,2609.8331336863384,62.4287306796814,2.4506800179036299730855162282096321392237180956300
precision-8-c8,precision,TP=EP=DP8: W4A16 / W4A4 - 1,8,w4a4-tp8-ep8-dp8-c8,w4a16-tp8-ep8-dp8-c8,p99.9_itl_ms,4700.281673604661,10671.820332037527,5971.538658432866,127.04640004804805592776380285979137982588638033802
precision-8-c8,precision,TP=EP=DP8: W4A16 / W4A4 - 1,8,w4a4-tp8-ep8-dp8-c8,w4a16-tp8-ep8-dp8-c8,mean_e2el_ms,44217.75928173447,43060.2111198823,-1157.54816185217,-2.6178354142208456793855061620498337727417612558900
precision-8-c8,precision,TP=EP=DP8: W4A16 / W4A4 - 1,8,w4a4-tp8-ep8-dp8-c8,w4a16-tp8-ep8-dp8-c8,median_e2el_ms,43753.27569805086,42068.16390319727,-1685.11179485359,-3.8513957365908927702530572524472960549793788955690
precision-8-c8,precision,TP=EP=DP8: W4A16 / W4A4 - 1,8,w4a4-tp8-ep8-dp8-c8,w4a16-tp8-ep8-dp8-c8,std_e2el_ms,5118.949819592154,5235.346902138539,116.397082546385,2.2738469148669793697725362871488843456895859715300
precision-8-c8,precision,TP=EP=DP8: W4A16 / W4A4 - 1,8,w4a4-tp8-ep8-dp8-c8,w4a16-tp8-ep8-dp8-c8,p90_e2el_ms,50601.5487536788,49324.589852383375,-1276.958901295425,-2.5235569518069116152436487144050440770243563710970
precision-8-c8,precision,TP=EP=DP8: W4A16 / W4A4 - 1,8,w4a4-tp8-ep8-dp8-c8,w4a16-tp8-ep8-dp8-c8,p99_e2el_ms,58720.055189230465,59687.26187522522,967.206685994755,1.6471488027009641959753492950105977313495774377000
precision-8-c8,precision,TP=EP=DP8: W4A16 / W4A4 - 1,8,w4a4-tp8-ep8-dp8-c8,w4a16-tp8-ep8-dp8-c8,p99.9_e2el_ms,60470.79055269856,61153.354944006554,682.564391307994,1.1287505671240707612938866665172573834856734796800
precision-8-c16,precision,TP=EP=DP8: W4A16 / W4A4 - 1,16,w4a4-tp8-ep8-dp8-c16,w4a16-tp8-ep8-dp8-c16,duration_s,511.66867648018524,498.3344054943882,-13.33427098579704,-2.6060362102923100903524854609424440990029294936430
precision-8-c16,precision,TP=EP=DP8: W4A16 / W4A4 - 1,16,w4a4-tp8-ep8-dp8-c16,w4a16-tp8-ep8-dp8-c16,output_tok_s,2306.1016908774849568895420820711048995905053150546,2367.8076147068028654750622798820037612318578487298,61.7059238293179085855201978108988616413525336752,2.6757676850684953822540502521777683664371658571300
precision-8-c16,precision,TP=EP=DP8: W4A16 / W4A4 - 1,16,w4a4-tp8-ep8-dp8-c16,w4a16-tp8-ep8-dp8-c16,output_tok_s_gpu,288.26271135968561961119276025888811244881316438182,295.97595183835035818438278498525047015398223109122,7.71324047866473857319002472636235770516906670940,2.6757676850684953822540502521777683664371658571300
precision-8-c16,precision,TP=EP=DP8: W4A16 / W4A4 - 1,16,w4a4-tp8-ep8-dp8-c16,w4a16-tp8-ep8-dp8-c16,interactivity_tok_s_user,160.06859739758612418212379256618852367899910444228,161.64650830553988557663274317280106978871195279319,1.57791090795376139450895060661254610971284835091,0.9857716838952926933099809652685960496775117027400
precision-8-c16,precision,TP=EP=DP8: W4A16 / W4A4 - 1,16,w4a4-tp8-ep8-dp8-c16,w4a16-tp8-ep8-dp8-c16,mean_ttft_ms,2365.4447184642777,2484.2567260726355,118.8120076083578,5.0228190361385554605826871788420418865133368674300
precision-8-c16,precision,TP=EP=DP8: W4A16 / W4A4 - 1,16,w4a4-tp8-ep8-dp8-c16,w4a16-tp8-ep8-dp8-c16,median_ttft_ms,276.3883024454117,340.055319480598,63.6670170351863,23.035351522433156083051083011041747813229723215780
precision-8-c16,precision,TP=EP=DP8: W4A16 / W4A4 - 1,16,w4a4-tp8-ep8-dp8-c16,w4a16-tp8-ep8-dp8-c16,std_ttft_ms,4234.0104808378765,3633.422438508677,-600.5880423291995,-14.184850156779677455501478253888383303152780577741
precision-8-c16,precision,TP=EP=DP8: W4A16 / W4A4 - 1,16,w4a4-tp8-ep8-dp8-c16,w4a16-tp8-ep8-dp8-c16,p90_ttft_ms,8230.650248564778,8857.837082492188,627.186833927410,7.6201371092979668796254398758967777873399887462700
precision-8-c16,precision,TP=EP=DP8: W4A16 / W4A4 - 1,16,w4a4-tp8-ep8-dp8-c16,w4a16-tp8-ep8-dp8-c16,p99_ttft_ms,17543.507468961176,13680.488937227052,-3863.018531734124,-22.019647659219592674756112161917689966959154625779
precision-8-c16,precision,TP=EP=DP8: W4A16 / W4A4 - 1,16,w4a4-tp8-ep8-dp8-c16,w4a16-tp8-ep8-dp8-c16,p99.9_ttft_ms,21713.316304323293,15773.847048561567,-5939.469255761726,-27.354040131488945784749368806063657216946019120975
precision-8-c16,precision,TP=EP=DP8: W4A16 / W4A4 - 1,16,w4a4-tp8-ep8-dp8-c16,w4a16-tp8-ep8-dp8-c16,mean_tpot_ms,6.354606145989557,6.251664539399282,-0.102941606590275,-1.6199525859717092787476907085718797802059117796570
precision-8-c16,precision,TP=EP=DP8: W4A16 / W4A4 - 1,16,w4a4-tp8-ep8-dp8-c16,w4a16-tp8-ep8-dp8-c16,median_tpot_ms,6.247321562493308,6.186338390371086,-0.060983172122222,-0.97614908264596511069395858371437302989671689151400
precision-8-c16,precision,TP=EP=DP8: W4A16 / W4A4 - 1,16,w4a4-tp8-ep8-dp8-c16,w4a16-tp8-ep8-dp8-c16,std_tpot_ms,0.5727087076806494,0.5053122120838421,-0.0673964955968073,-11.768023550706785100484873797153621659346739615290
precision-8-c16,precision,TP=EP=DP8: W4A16 / W4A4 - 1,16,w4a4-tp8-ep8-dp8-c16,w4a16-tp8-ep8-dp8-c16,p90_tpot_ms,6.873942218106979,6.77681842888095,-0.097123789226029,-1.4129270532736017940102858388150875828687975080490
precision-8-c16,precision,TP=EP=DP8: W4A16 / W4A4 - 1,16,w4a4-tp8-ep8-dp8-c16,w4a16-tp8-ep8-dp8-c16,p99_tpot_ms,8.906047412355665,7.859265435041484,-1.046781977314181,-11.753608855281238054393416075313407019124193395047
precision-8-c16,precision,TP=EP=DP8: W4A16 / W4A4 - 1,16,w4a4-tp8-ep8-dp8-c16,w4a16-tp8-ep8-dp8-c16,p99.9_tpot_ms,9.588163931476348,9.154318777319036,-0.433845154157312,-4.5247990883121062695022777456030469907531537981640
precision-8-c16,precision,TP=EP=DP8: W4A16 / W4A4 - 1,16,w4a4-tp8-ep8-dp8-c16,w4a16-tp8-ep8-dp8-c16,mean_itl_ms,658.1654620955799,653.1482645943659,-5.0171975012140,-0.76230033177969981432804122091187345365346020920100
precision-8-c16,precision,TP=EP=DP8: W4A16 / W4A4 - 1,16,w4a4-tp8-ep8-dp8-c16,w4a16-tp8-ep8-dp8-c16,median_itl_ms,380.7681812904775,339.0592592768371,-41.7089220136404,-10.953888497794887577231106776185301001872932833714
precision-8-c16,precision,TP=EP=DP8: W4A16 / W4A4 - 1,16,w4a4-tp8-ep8-dp8-c16,w4a16-tp8-ep8-dp8-c16,std_itl_ms,1047.9352038164882,1313.6434879673875,265.7082841508993,25.355411592550093603964596142560766738393095260060
precision-8-c16,precision,TP=EP=DP8: W4A16 / W4A4 - 1,16,w4a4-tp8-ep8-dp8-c16,w4a16-tp8-ep8-dp8-c16,p90_itl_ms,1348.505481379107,1284.4202871434393,-64.0851942356677,-4.7523124763370057626286405552601116680348182032090
precision-8-c16,precision,TP=EP=DP8: W4A16 / W4A4 - 1,16,w4a4-tp8-ep8-dp8-c16,w4a16-tp8-ep8-dp8-c16,p99_itl_ms,2939.1312771895937,3187.6559658162296,248.5246886266359,8.4557192308972318506115640555938006534687241318000
precision-8-c16,precision,TP=EP=DP8: W4A16 / W4A4 - 1,16,w4a4-tp8-ep8-dp8-c16,w4a16-tp8-ep8-dp8-c16,p99.9_itl_ms,13285.183260788972,23092.80947854812,9807.626217759148,73.823793208078779202706735519648530724414851573320
precision-8-c16,precision,TP=EP=DP8: W4A16 / W4A4 - 1,16,w4a4-tp8-ep8-dp8-c16,w4a16-tp8-ep8-dp8-c16,mean_e2el_ms,49218.598369305255,48584.277518684394,-634.320850620861,-1.2887828415212441458078985267958435863519853085240
precision-8-c16,precision,TP=EP=DP8: W4A16 / W4A4 - 1,16,w4a4-tp8-ep8-dp8-c16,w4a16-tp8-ep8-dp8-c16,median_e2el_ms,48647.62058202177,47509.84448287636,-1137.77609914541,-2.3388114064634990471049733617112209849934063260030
precision-8-c16,precision,TP=EP=DP8: W4A16 / W4A4 - 1,16,w4a4-tp8-ep8-dp8-c16,w4a16-tp8-ep8-dp8-c16,std_e2el_ms,6142.6318355542535,5965.312338250275,-177.3194973039785,-2.8867023460145052175771900925573835683145327570200
precision-8-c16,precision,TP=EP=DP8: W4A16 / W4A4 - 1,16,w4a4-tp8-ep8-dp8-c16,w4a16-tp8-ep8-dp8-c16,p90_e2el_ms,57376.44326495938,56868.53198544122,-507.91127951816,-0.88522614964589262234393078771331209438286736816000
precision-8-c16,precision,TP=EP=DP8: W4A16 / W4A4 - 1,16,w4a4-tp8-ep8-dp8-c16,w4a16-tp8-ep8-dp8-c16,p99_e2el_ms,66923.6359663913,62523.29192562959,-4400.34404076171,-6.5751718017406283264878234535318928592391084001820
precision-8-c16,precision,TP=EP=DP8: W4A16 / W4A4 - 1,16,w4a4-tp8-ep8-dp8-c16,w4a16-tp8-ep8-dp8-c16,p99.9_e2el_ms,71280.57538619734,70873.10539727058,-407.46998892676,-0.57164239586884964500108589528965402043427803139900
precision-8-c32,precision,TP=EP=DP8: W4A16 / W4A4 - 1,32,w4a4-tp8-ep8-dp8-c32,w4a16-tp8-ep8-dp8-c32,duration_s,573.5268715908751,577.5146018210799,3.9877302302048,0.6952996324554856997151954570446166816117956813100
precision-8-c32,precision,TP=EP=DP8: W4A16 / W4A4 - 1,32,w4a4-tp8-ep8-dp8-c32,w4a16-tp8-ep8-dp8-c32,output_tok_s,4138.5384322378867057435491439338503552402373453264,4109.9618823756681237833753998728051293199722091502,-28.5765498622185819601737440610452259202651361762,-0.69049859823981399217837844983520380335311356857500
precision-8-c32,precision,TP=EP=DP8: W4A16 / W4A4 - 1,32,w4a4-tp8-ep8-dp8-c32,w4a16-tp8-ep8-dp8-c32,output_tok_s_gpu,517.3173040297358382179436429917312944050296681658,513.74523529695851547292192498410064116499652614378,-3.57206873277732274502171800763065324003314202202,-0.69049859823981399217837844983520380335311356857400
precision-8-c32,precision,TP=EP=DP8: W4A16 / W4A4 - 1,32,w4a4-tp8-ep8-dp8-c32,w4a16-tp8-ep8-dp8-c32,interactivity_tok_s_user,141.14213185077015433114679483781547070395110197065,137.82979900401944533815431208262662535127769215933,-3.31233284675070899299248275518884535267340981132,-2.3468065866065030393134837116896460743381646014120
precision-8-c32,precision,TP=EP=DP8: W4A16 / W4A4 - 1,32,w4a4-tp8-ep8-dp8-c32,w4a16-tp8-ep8-dp8-c32,mean_ttft_ms,2326.5789456039784,1953.1855700231972,-373.3933755807812,-16.049030972548774592151029373246549654816697455312
precision-8-c32,precision,TP=EP=DP8: W4A16 / W4A4 - 1,32,w4a4-tp8-ep8-dp8-c32,w4a16-tp8-ep8-dp8-c32,median_ttft_ms,308.78537613898516,322.41721684113145,13.63184070214629,4.4146652515080767415381410834204882015469220279100
precision-8-c32,precision,TP=EP=DP8: W4A16 / W4A4 - 1,32,w4a4-tp8-ep8-dp8-c32,w4a16-tp8-ep8-dp8-c32,std_ttft_ms,3974.2117325267695,3115.748042401748,-858.4636901250215,-21.600854405892906443927481370281844511025493069489
precision-8-c32,precision,TP=EP=DP8: W4A16 / W4A4 - 1,32,w4a4-tp8-ep8-dp8-c32,w4a16-tp8-ep8-dp8-c32,p90_ttft_ms,6547.373936977245,5380.766803724695,-1166.607133252550,-17.817939596575763321263329501868246060254769887157
precision-8-c32,precision,TP=EP=DP8: W4A16 / W4A4 - 1,32,w4a4-tp8-ep8-dp8-c32,w4a16-tp8-ep8-dp8-c32,p99_ttft_ms,21019.085729257207,14784.076358075257,-6235.009371181950,-29.663561258058053777087701898784933751564471938434
precision-8-c32,precision,TP=EP=DP8: W4A16 / W4A4 - 1,32,w4a4-tp8-ep8-dp8-c32,w4a16-tp8-ep8-dp8-c32,p99.9_ttft_ms,22457.993105326794,19360.201840545124,-3097.791264781670,-13.793713669129710828416002636382438271055210454774
precision-8-c32,precision,TP=EP=DP8: W4A16 / W4A4 - 1,32,w4a4-tp8-ep8-dp8-c32,w4a16-tp8-ep8-dp8-c32,mean_tpot_ms,7.151156989491719,7.2943831885699115,0.1432261990781925,2.0028395305634669445893858837047902155418006668000
precision-8-c32,precision,TP=EP=DP8: W4A16 / W4A4 - 1,32,w4a4-tp8-ep8-dp8-c32,w4a16-tp8-ep8-dp8-c32,median_tpot_ms,7.085056650960196,7.255325098245537,0.170268447285341,2.4032051636773506976345295093066214655152855122600
precision-8-c32,precision,TP=EP=DP8: W4A16 / W4A4 - 1,32,w4a4-tp8-ep8-dp8-c32,w4a16-tp8-ep8-dp8-c32,std_tpot_ms,0.6679206416527381,0.49563262075717296,-0.17228802089556514,-25.794684301004167917701335631157225776851132895513
precision-8-c32,precision,TP=EP=DP8: W4A16 / W4A4 - 1,32,w4a4-tp8-ep8-dp8-c32,w4a16-tp8-ep8-dp8-c32,p90_tpot_ms,7.827083429635284,7.8931443475985725,0.0660609179632885,0.8440042648985372907257658970072251337805002957400
precision-8-c32,precision,TP=EP=DP8: W4A16 / W4A4 - 1,32,w4a4-tp8-ep8-dp8-c32,w4a16-tp8-ep8-dp8-c32,p99_tpot_ms,9.285203548022814,8.657559034211317,-0.627644513811497,-6.7596204064384487115443377279740413375237296651370
precision-8-c32,precision,TP=EP=DP8: W4A16 / W4A4 - 1,32,w4a4-tp8-ep8-dp8-c32,w4a16-tp8-ep8-dp8-c32,p99.9_tpot_ms,11.972238002952782,9.120189469332141,-2.852048533620641,-23.822183729702198092139705551551475669133768521035
precision-8-c32,precision,TP=EP=DP8: W4A16 / W4A4 - 1,32,w4a4-tp8-ep8-dp8-c32,w4a16-tp8-ep8-dp8-c32,mean_itl_ms,727.9612247085001,766.3871132197527,38.4258885112526,5.2785625397341190150289141011171672743754231535700
precision-8-c32,precision,TP=EP=DP8: W4A16 / W4A4 - 1,32,w4a4-tp8-ep8-dp8-c32,w4a16-tp8-ep8-dp8-c32,median_itl_ms,438.18982341326773,426.6859358176589,-11.50388759560883,-2.6253205759092280996943660583077842163716667960370
precision-8-c32,precision,TP=EP=DP8: W4A16 / W4A4 - 1,32,w4a4-tp8-ep8-dp8-c32,w4a16-tp8-ep8-dp8-c32,std_itl_ms,977.8764733954293,1420.5489282960066,442.6724549005773,45.268749882437492615810852012567793781318150296180
precision-8-c32,precision,TP=EP=DP8: W4A16 / W4A4 - 1,32,w4a4-tp8-ep8-dp8-c32,w4a16-tp8-ep8-dp8-c32,p90_itl_ms,1496.2650070432571,1548.472448810935,52.2074417676779,3.4891841700451249084367185413454382966701073435300
precision-8-c32,precision,TP=EP=DP8: W4A16 / W4A4 - 1,32,w4a4-tp8-ep8-dp8-c32,w4a16-tp8-ep8-dp8-c32,p99_itl_ms,3472.831953666172,3671.3111927174027,198.4792390512307,5.7151984806434902085666121031508382006699993681400
precision-8-c32,precision,TP=EP=DP8: W4A16 / W4A4 - 1,32,w4a4-tp8-ep8-dp8-c32,w4a16-tp8-ep8-dp8-c32,p99.9_itl_ms,10219.975818137329,21816.092646681962,11596.116828544633,113.46520808752868973163628796443832448705424611373
precision-8-c32,precision,TP=EP=DP8: W4A16 / W4A4 - 1,32,w4a4-tp8-ep8-dp8-c32,w4a16-tp8-ep8-dp8-c32,mean_e2el_ms,55394.95203883271,56086.460176653054,691.508137820344,1.2483233803245938399880794470939609691157394799300
precision-8-c32,precision,TP=EP=DP8: W4A16 / W4A4 - 1,32,w4a4-tp8-ep8-dp8-c32,w4a16-tp8-ep8-dp8-c32,median_e2el_ms,54082.228483399376,55283.8681275025,1201.639644103124,2.2218752403517712928561992035276366070392563228400
precision-8-c32,precision,TP=EP=DP8: W4A16 / W4A4 - 1,32,w4a4-tp8-ep8-dp8-c32,w4a16-tp8-ep8-dp8-c32,std_e2el_ms,7591.8242830351355,6317.303687343355,-1274.5205956917805,-16.788067639287350567023103911077753237894893411235
precision-8-c32,precision,TP=EP=DP8: W4A16 / W4A4 - 1,32,w4a4-tp8-ep8-dp8-c32,w4a16-tp8-ep8-dp8-c32,p90_e2el_ms,64712.02235063538,63893.89196871781,-818.13038191757,-1.2642633504553688601015830829411353752995614949320
precision-8-c32,precision,TP=EP=DP8: W4A16 / W4A4 - 1,32,w4a4-tp8-ep8-dp8-c32,w4a16-tp8-ep8-dp8-c32,p99_e2el_ms,80751.008744766,73432.39609744865,-7318.61264731735,-9.0631841769923611757033068443696823542582793734100
precision-8-c32,precision,TP=EP=DP8: W4A16 / W4A4 - 1,32,w4a4-tp8-ep8-dp8-c32,w4a16-tp8-ep8-dp8-c32,p99.9_e2el_ms,93925.41414325328,77188.54432103144,-16736.86982222184,-17.819319696259289377657180900809765080254493168634
precision-8-c64,precision,TP=EP=DP8: W4A16 / W4A4 - 1,64,w4a4-tp8-ep8-dp8-c64,w4a16-tp8-ep8-dp8-c64,duration_s,652.3635014290921,650.7263214238919,-1.6371800052002,-0.25096131246057324015976249593406234282627612513500
precision-8-c64,precision,TP=EP=DP8: W4A16 / W4A4 - 1,64,w4a4-tp8-ep8-dp8-c64,w4a16-tp8-ep8-dp8-c64,output_tok_s,7246.3971231441230508022085641987405462617651897870,7264.6285302490212463966628310468333413059817292537,18.2314071048981955944542668480927950442165394667,0.2515927128347585112210634378770304871343502646700
precision-8-c64,precision,TP=EP=DP8: W4A16 / W4A4 - 1,64,w4a4-tp8-ep8-dp8-c64,w4a16-tp8-ep8-dp8-c64,output_tok_s_gpu,905.79964039301538135027607052484256828272064872338,908.07856628112765579958285388085416766324771615671,2.27892588811227444930678335601159938052706743333,0.2515927128347585112210634378770304871343502646600
precision-8-c64,precision,TP=EP=DP8: W4A16 / W4A4 - 1,64,w4a4-tp8-ep8-dp8-c64,w4a16-tp8-ep8-dp8-c64,interactivity_tok_s_user,124.49052681056898063740363803154056574117940247201,122.65741688078678273781957901352583737079996147403,-1.83310992978219789958405901801472837037944099798,-1.4724894951818701517057799020683943744201861574120
precision-8-c64,precision,TP=EP=DP8: W4A16 / W4A4 - 1,64,w4a4-tp8-ep8-dp8-c64,w4a16-tp8-ep8-dp8-c64,mean_ttft_ms,2480.5271914236073,2118.2950513539254,-362.2321400696819,-14.603030409103965237114618618430624015085377519514
precision-8-c64,precision,TP=EP=DP8: W4A16 / W4A4 - 1,64,w4a4-tp8-ep8-dp8-c64,w4a16-tp8-ep8-dp8-c64,median_ttft_ms,476.20294243097305,489.0730350743979,12.87009264342485,2.7026487021949483162506405295435929636255431460700
precision-8-c64,precision,TP=EP=DP8: W4A16 / W4A4 - 1,64,w4a4-tp8-ep8-dp8-c64,w4a16-tp8-ep8-dp8-c64,std_ttft_ms,5845.389192048187,4763.343103198021,-1082.046088850166,-18.511104278944067513872825154173072240883539473299
precision-8-c64,precision,TP=EP=DP8: W4A16 / W4A4 - 1,64,w4a4-tp8-ep8-dp8-c64,w4a16-tp8-ep8-dp8-c64,p90_ttft_ms,6119.390881340953,5201.163604110481,-918.227277230472,-15.005207136388372444487253085138350324456553381236
precision-8-c64,precision,TP=EP=DP8: W4A16 / W4A4 - 1,64,w4a4-tp8-ep8-dp8-c64,w4a16-tp8-ep8-dp8-c64,p99_ttft_ms,45985.504217743895,24274.30890020455,-21711.195317539345,-47.213128760610386014866162425218040229163905569789
precision-8-c64,precision,TP=EP=DP8: W4A16 / W4A4 - 1,64,w4a4-tp8-ep8-dp8-c64,w4a16-tp8-ep8-dp8-c64,p99.9_ttft_ms,51425.407848202194,51251.90952913618,-173.498319066014,-0.33737859615649001147283491464941160299550643381700
precision-8-c64,precision,TP=EP=DP8: W4A16 / W4A4 - 1,64,w4a4-tp8-ep8-dp8-c64,w4a16-tp8-ep8-dp8-c64,mean_tpot_ms,8.098459046652472,8.16273609442826,0.064277047775788,0.7936947931144648491375502216688649204743132027700
precision-8-c64,precision,TP=EP=DP8: W4A16 / W4A4 - 1,64,w4a4-tp8-ep8-dp8-c64,w4a16-tp8-ep8-dp8-c64,median_tpot_ms,8.03273972421733,8.152788681111067,0.120048956893737,1.4944957886760605851602010344219555232272924079300
precision-8-c64,precision,TP=EP=DP8: W4A16 / W4A4 - 1,64,w4a4-tp8-ep8-dp8-c64,w4a16-tp8-ep8-dp8-c64,std_tpot_ms,0.7028842552029593,0.6541336286894271,-0.0487506265135322,-6.9357972031192183337681474034885735784352454281710
precision-8-c64,precision,TP=EP=DP8: W4A16 / W4A4 - 1,64,w4a4-tp8-ep8-dp8-c64,w4a16-tp8-ep8-dp8-c64,p90_tpot_ms,8.920140718338352,8.90902872871214,-0.011111989626212,-0.12457190953689289605042901239526670467016692190500
precision-8-c64,precision,TP=EP=DP8: W4A16 / W4A4 - 1,64,w4a4-tp8-ep8-dp8-c64,w4a16-tp8-ep8-dp8-c64,p99_tpot_ms,10.18375089782541,9.859430399409414,-0.324320498415996,-3.1846860913030567673534428474403398144405995395160
precision-8-c64,precision,TP=EP=DP8: W4A16 / W4A4 - 1,64,w4a4-tp8-ep8-dp8-c64,w4a16-tp8-ep8-dp8-c64,p99.9_tpot_ms,11.952254925412921,10.490578238794344,-1.461676686618577,-12.229296444395237552455724091293378262052007475456
precision-8-c64,precision,TP=EP=DP8: W4A16 / W4A4 - 1,64,w4a4-tp8-ep8-dp8-c64,w4a16-tp8-ep8-dp8-c64,mean_itl_ms,834.2166423771155,843.6863094896481,9.4696671125326,1.1351568203612686596475858710843973194592202377500
precision-8-c64,precision,TP=EP=DP8: W4A16 / W4A4 - 1,64,w4a4-tp8-ep8-dp8-c64,w4a16-tp8-ep8-dp8-c64,median_itl_ms,552.6199059095234,489.73466688767076,-62.88523902185264,-11.379474092297428253804446735127495399116940876588
precision-8-c64,precision,TP=EP=DP8: W4A16 / W4A4 - 1,64,w4a4-tp8-ep8-dp8-c64,w4a16-tp8-ep8-dp8-c64,std_itl_ms,1156.3222620482843,1373.3724782369136,217.0502161886293,18.770737476259536098488642330713637032018954189650
precision-8-c64,precision,TP=EP=DP8: W4A16 / W4A4 - 1,64,w4a4-tp8-ep8-dp8-c64,w4a16-tp8-ep8-dp8-c64,p90_itl_ms,1717.4918619915866,1739.2852493561804,21.7933873645938,1.2689077512904429869576331145529872388099735303600
precision-8-c64,precision,TP=EP=DP8: W4A16 / W4A4 - 1,64,w4a4-tp8-ep8-dp8-c64,w4a16-tp8-ep8-dp8-c64,p99_itl_ms,4194.246891546052,4327.868172302878,133.621280756826,3.1858229668395014368054654800313952151887990944600
precision-8-c64,precision,TP=EP=DP8: W4A16 / W4A4 - 1,64,w4a4-tp8-ep8-dp8-c64,w4a16-tp8-ep8-dp8-c64,p99.9_itl_ms,11234.80225382586,16023.956965945818,4789.154712119958,42.627850530160209252519888530227958330796793805650
precision-8-c64,precision,TP=EP=DP8: W4A16 / W4A4 - 1,64,w4a4-tp8-ep8-dp8-c64,w4a16-tp8-ep8-dp8-c64,mean_e2el_ms,62275.61178550823,62395.72693181544,120.11514630721,0.1928767022328333803236391135056292388913547796800
precision-8-c64,precision,TP=EP=DP8: W4A16 / W4A4 - 1,64,w4a4-tp8-ep8-dp8-c64,w4a16-tp8-ep8-dp8-c64,median_e2el_ms,61259.52281919308,61770.938261412084,511.415442219004,0.8348341917850747699643151176178163569101756247500
precision-8-c64,precision,TP=EP=DP8: W4A16 / W4A4 - 1,64,w4a4-tp8-ep8-dp8-c64,w4a16-tp8-ep8-dp8-c64,std_e2el_ms,8866.726760915497,7747.0425305814015,-1119.6842303340955,-12.627932048945727982823994552518338961327496488222
precision-8-c64,precision,TP=EP=DP8: W4A16 / W4A4 - 1,64,w4a4-tp8-ep8-dp8-c64,w4a16-tp8-ep8-dp8-c64,p90_e2el_ms,71065.06188572384,70793.78687092105,-271.27501480279,-0.38172768390607150785965194266080908989873878231100
precision-8-c64,precision,TP=EP=DP8: W4A16 / W4A4 - 1,64,w4a4-tp8-ep8-dp8-c64,w4a16-tp8-ep8-dp8-c64,p99_e2el_ms,104858.93140164673,89805.93728586573,-15052.99411578100,-14.355471598430388107643034086760691388071007623014
precision-8-c64,precision,TP=EP=DP8: W4A16 / W4A4 - 1,64,w4a4-tp8-ep8-dp8-c64,w4a16-tp8-ep8-dp8-c64,p99.9_e2el_ms,120898.8034713532,107338.06378272717,-13560.73968862603,-11.216603720845945373399246485699864963730157111464
precision-8-c128,precision,TP=EP=DP8: W4A16 / W4A4 - 1,128,w4a4-tp8-ep8-dp8-c128,w4a16-tp8-ep8-dp8-c128,duration_s,807.8735668612644,811.2201488236897,3.3465819624253,0.4142457557346973248219998689195571180440368443300
precision-8-c128,precision,TP=EP=DP8: W4A16 / W4A4 - 1,128,w4a4-tp8-ep8-dp8-c128,w4a16-tp8-ep8-dp8-c128,output_tok_s,11670.785363892408934244573060697480884802487205330,11622.639074820602097832437840556480637169017442740,-48.146289071806836412135220141000247633469762590,-0.41253683938669587201454011863263664162039416513500
precision-8-c128,precision,TP=EP=DP8: W4A16 / W4A4 - 1,128,w4a4-tp8-ep8-dp8-c128,w4a16-tp8-ep8-dp8-c128,output_tok_s_gpu,1458.8481704865511167805716325871851106003109006662,1452.8298843525752622290547300695600796461271803425,-6.0182861339758545515169025176250309541837203237,-0.41253683938669587201454011863263664162039416513200
precision-8-c128,precision,TP=EP=DP8: W4A16 / W4A4 - 1,128,w4a4-tp8-ep8-dp8-c128,w4a16-tp8-ep8-dp8-c128,interactivity_tok_s_user,98.191306617424061384772220518960920346184792536166,96.925339863080420819104144904357642254157455744408,-1.265966754343640565668075614603278092027336791758,-1.2892859846301246634810110134141163790757236493090
precision-8-c128,precision,TP=EP=DP8: W4A16 / W4A4 - 1,128,w4a4-tp8-ep8-dp8-c128,w4a16-tp8-ep8-dp8-c128,mean_ttft_ms,2167.014559629388,2133.385957484279,-33.628602145109,-1.5518401570343074133654176920168843635613419910520
precision-8-c128,precision,TP=EP=DP8: W4A16 / W4A4 - 1,128,w4a4-tp8-ep8-dp8-c128,w4a16-tp8-ep8-dp8-c128,median_ttft_ms,682.38953105174,594.9414169881493,-87.4481140635907,-12.814984709511938117834126505354113198745685597420
precision-8-c128,precision,TP=EP=DP8: W4A16 / W4A4 - 1,128,w4a4-tp8-ep8-dp8-c128,w4a16-tp8-ep8-dp8-c128,std_ttft_ms,4675.4555850224115,4765.243667900869,89.7880828784575,1.9204135564048376371391907856815316160696024137700
precision-8-c128,precision,TP=EP=DP8: W4A16 / W4A4 - 1,128,w4a4-tp8-ep8-dp8-c128,w4a16-tp8-ep8-dp8-c128,p90_ttft_ms,5471.32189930417,5336.8531587068,-134.46874059737,-2.4577011382655336332960607322439569748797475399560
precision-8-c128,precision,TP=EP=DP8: W4A16 / W4A4 - 1,128,w4a4-tp8-ep8-dp8-c128,w4a16-tp8-ep8-dp8-c128,p99_ttft_ms,14482.040517665464,10479.554283590995,-4002.486234074469,-27.637584836143507541645182437470640195863984399368
precision-8-c128,precision,TP=EP=DP8: W4A16 / W4A4 - 1,128,w4a4-tp8-ep8-dp8-c128,w4a16-tp8-ep8-dp8-c128,p99.9_ttft_ms,56340.59806345558,59062.45170936171,2721.85364590613,4.8310698492063336050870379724352775768744138800000
precision-8-c128,precision,TP=EP=DP8: W4A16 / W4A4 - 1,128,w4a4-tp8-ep8-dp8-c128,w4a16-tp8-ep8-dp8-c128,mean_tpot_ms,10.183302121221999,10.292244589582955,0.108942468360956,1.0698147522690103043453670681333243001247758166800
precision-8-c128,precision,TP=EP=DP8: W4A16 / W4A4 - 1,128,w4a4-tp8-ep8-dp8-c128,w4a16-tp8-ep8-dp8-c128,median_tpot_ms,10.184200968994437,10.31721943314957,0.133018464155133,1.3061256799635496251524960678105333386243813819400
precision-8-c128,precision,TP=EP=DP8: W4A16 / W4A4 - 1,128,w4a4-tp8-ep8-dp8-c128,w4a16-tp8-ep8-dp8-c128,std_tpot_ms,1.031027514299764,0.9548596252847628,-0.0761678890150012,-7.3875709385633254644380938465219069179866785733870
precision-8-c128,precision,TP=EP=DP8: W4A16 / W4A4 - 1,128,w4a4-tp8-ep8-dp8-c128,w4a16-tp8-ep8-dp8-c128,p90_tpot_ms,11.278752689851498,11.34160410633193,0.062851416480432,0.5572550281821946293775071919634243326086222075200
precision-8-c128,precision,TP=EP=DP8: W4A16 / W4A4 - 1,128,w4a4-tp8-ep8-dp8-c128,w4a16-tp8-ep8-dp8-c128,p99_tpot_ms,12.927408496859158,12.421312973553338,-0.506095523305820,-3.9149031565667699183542847558274118467798460828140
precision-8-c128,precision,TP=EP=DP8: W4A16 / W4A4 - 1,128,w4a4-tp8-ep8-dp8-c128,w4a16-tp8-ep8-dp8-c128,p99.9_tpot_ms,15.042311528666424,14.054007103365533,-0.988304425300891,-6.5701632586019784445824060131144236899968711581930
precision-8-c128,precision,TP=EP=DP8: W4A16 / W4A4 - 1,128,w4a4-tp8-ep8-dp8-c128,w4a16-tp8-ep8-dp8-c128,mean_itl_ms,1063.1509551179681,1075.7293787537517,12.5784236357836,1.1831267775504079587580822131514058430871970014500
precision-8-c128,precision,TP=EP=DP8: W4A16 / W4A4 - 1,128,w4a4-tp8-ep8-dp8-c128,w4a16-tp8-ep8-dp8-c128,median_itl_ms,649.0796282887459,640.1080610230565,-8.9715672656894,-1.3821982503660335526963023285588447978037305707860
precision-8-c128,precision,TP=EP=DP8: W4A16 / W4A4 - 1,128,w4a4-tp8-ep8-dp8-c128,w4a16-tp8-ep8-dp8-c128,std_itl_ms,1665.04189270531,2034.2807722384903,369.2388795331803,22.175951316951675697923409132758108589723325970580
precision-8-c128,precision,TP=EP=DP8: W4A16 / W4A4 - 1,128,w4a4-tp8-ep8-dp8-c128,w4a16-tp8-ep8-dp8-c128,p90_itl_ms,2192.6117576658726,2190.177259966731,-2.4344976991416,-0.11103186374104028130863834512417310853289816112700
precision-8-c128,precision,TP=EP=DP8: W4A16 / W4A4 - 1,128,w4a4-tp8-ep8-dp8-c128,w4a16-tp8-ep8-dp8-c128,p99_itl_ms,5196.600940823573,5501.669415459068,305.068474635495,5.8705388023723604889533403261538937118324231558300
precision-8-c128,precision,TP=EP=DP8: W4A16 / W4A4 - 1,128,w4a4-tp8-ep8-dp8-c128,w4a16-tp8-ep8-dp8-c128,p99.9_itl_ms,15322.021660320668,36194.47050562506,20872.448845304392,136.22516211002120132210436526784308418725282587023
precision-8-c128,precision,TP=EP=DP8: W4A16 / W4A4 - 1,128,w4a4-tp8-ep8-dp8-c128,w4a16-tp8-ep8-dp8-c128,mean_e2el_ms,77186.43426315393,77973.14738432615,786.71312117222,1.0192375495544415645782904457779987155782806401000
precision-8-c128,precision,TP=EP=DP8: W4A16 / W4A4 - 1,128,w4a4-tp8-ep8-dp8-c128,w4a16-tp8-ep8-dp8-c128,median_e2el_ms,77065.20118447952,77856.5622959286,791.36111144908,1.0268721800319590826260299220851919982416756566500
precision-8-c128,precision,TP=EP=DP8: W4A16 / W4A4 - 1,128,w4a4-tp8-ep8-dp8-c128,w4a16-tp8-ep8-dp8-c128,std_e2el_ms,10298.267421905963,10280.799514819026,-17.467907086937,-0.16961986294685002626958709170723195086037191576900
precision-8-c128,precision,TP=EP=DP8: W4A16 / W4A4 - 1,128,w4a4-tp8-ep8-dp8-c128,w4a16-tp8-ep8-dp8-c128,p90_e2el_ms,89041.7927323375,88846.16504856387,-195.62768377363,-0.21970321774820181934710220256900872711679669817400
precision-8-c128,precision,TP=EP=DP8: W4A16 / W4A4 - 1,128,w4a4-tp8-ep8-dp8-c128,w4a16-tp8-ep8-dp8-c128,p99_e2el_ms,103195.69231742532,103926.9982442214,731.30592679608,0.7086593542554235471813960877398859712323903871700
precision-8-c128,precision,TP=EP=DP8: W4A16 / W4A4 - 1,128,w4a4-tp8-ep8-dp8-c128,w4a16-tp8-ep8-dp8-c128,p99.9_e2el_ms,134343.30136689096,146263.07037357896,11919.76900668800,8.8726187948405136527568345149337839945946367194800
topology-w4a4-c4,topology,W4A4: TP8 / TP4 - 1,4,w4a4-tp4-ep4-dp4-c4,w4a4-tp8-ep8-dp8-c4,duration_s,456.0760755040683,381.00478667160496,-75.07128883246334,-16.460255835496832021798188443422786885377027579063
topology-w4a4-c4,topology,W4A4: TP8 / TP4 - 1,4,w4a4-tp4-ep4-dp4-c4,w4a4-tp8-ep8-dp8-c4,output_tok_s,636.91567175268073445042738043827805716189766104065,762.41036900770431429434984658307085690931599076620,125.49469725502357984392246614479279974741832972555,19.703502805902715841952228818129090490452697112110
topology-w4a4-c4,topology,W4A4: TP8 / TP4 - 1,4,w4a4-tp4-ep4-dp4-c4,w4a4-tp8-ep8-dp8-c4,output_tok_s_gpu,159.22891793817018361260684510956951429047441526016,95.301296125963039286793730822883857113664498845775,-63.927621812207144325813114286685657176809916414385,-40.148248597048642079023885590935454754773651443943
topology-w4a4-c4,topology,W4A4: TP8 / TP4 - 1,4,w4a4-tp4-ep4-dp4-c4,w4a4-tp8-ep8-dp8-c4,interactivity_tok_s_user,174.72359370603609916123407696942379506570961934027,192.21186440641685231045673193096595360008267679202,17.48827070038075314922265496154215853437305745175,10.009106571951532354148267294056205857837332802590
topology-w4a4-c4,topology,W4A4: TP8 / TP4 - 1,4,w4a4-tp4-ep4-dp4-c4,w4a4-tp8-ep8-dp8-c4,mean_ttft_ms,1509.6797549515031,265.25992542738095,-1244.41982952412215,-82.429391097193182495251430361900798685028446210930
topology-w4a4-c4,topology,W4A4: TP8 / TP4 - 1,4,w4a4-tp4-ep4-dp4-c4,w4a4-tp8-ep8-dp8-c4,median_ttft_ms,245.0982565060258,258.7169432081282,13.6186867021024,5.5564192484443810349696381816550374124957640225400
topology-w4a4-c4,topology,W4A4: TP8 / TP4 - 1,4,w4a4-tp4-ep4-dp4-c4,w4a4-tp8-ep8-dp8-c4,std_ttft_ms,3370.313978472993,80.99142680386282,-3289.32255166913018,-97.596917458694514312832282236593008702783584703349
topology-w4a4-c4,topology,W4A4: TP8 / TP4 - 1,4,w4a4-tp4-ep4-dp4-c4,w4a4-tp8-ep8-dp8-c4,p90_ttft_ms,4844.390874914828,313.53882956318586,-4530.85204535164214,-93.527796627915612506059975713327661705550451397625
topology-w4a4-c4,topology,W4A4: TP8 / TP4 - 1,4,w4a4-tp4-ep4-dp4-c4,w4a4-tp8-ep8-dp8-c4,p99_ttft_ms,13958.70077089872,490.01190891489387,-13468.68886198382613,-96.489559329644224205206036723595245510501080893562
topology-w4a4-c4,topology,W4A4: TP8 / TP4 - 1,4,w4a4-tp4-ep4-dp4-c4,w4a4-tp8-ep8-dp8-c4,p99.9_ttft_ms,13996.216966762673,490.065184827894,-13506.151781934779,-96.498588254299932106406038110041897995574414670732
topology-w4a4-c4,topology,W4A4: TP8 / TP4 - 1,4,w4a4-tp4-ep4-dp4-c4,w4a4-tp8-ep8-dp8-c4,mean_tpot_ms,5.882333520108171,5.1769110935771225,-0.7054224265310485,-11.992220844323638330362585037199038114714233824690
topology-w4a4-c4,topology,W4A4: TP8 / TP4 - 1,4,w4a4-tp4-ep4-dp4-c4,w4a4-tp8-ep8-dp8-c4,median_tpot_ms,5.723325503952552,5.20259247829561,-0.520733025656942,-9.0984345604198405771860150688550322303994250628710
topology-w4a4-c4,topology,W4A4: TP8 / TP4 - 1,4,w4a4-tp4-ep4-dp4-c4,w4a4-tp8-ep8-dp8-c4,std_tpot_ms,0.5381850424134239,0.2996564274385741,-0.2385286149748498,-44.320929824656197598788556872485875485192482666579
topology-w4a4-c4,topology,W4A4: TP8 / TP4 - 1,4,w4a4-tp4-ep4-dp4-c4,w4a4-tp8-ep8-dp8-c4,p90_tpot_ms,6.453618257860107,5.539637165941104,-0.913981091919003,-14.162304855974874012019211231468442321492486207987
topology-w4a4-c4,topology,W4A4: TP8 / TP4 - 1,4,w4a4-tp4-ep4-dp4-c4,w4a4-tp8-ep8-dp8-c4,p99_tpot_ms,7.321368042407048,5.781449421563811,-1.539918620843237,-21.033208710772004440737508430860369888810344300063
topology-w4a4-c4,topology,W4A4: TP8 / TP4 - 1,4,w4a4-tp4-ep4-dp4-c4,w4a4-tp8-ep8-dp8-c4,p99.9_tpot_ms,7.351158990300479,5.871916133927112,-1.479242856373367,-20.122580103697401768890473747444490972550931971757
topology-w4a4-c4,topology,W4A4: TP8 / TP4 - 1,4,w4a4-tp4-ep4-dp4-c4,w4a4-tp8-ep8-dp8-c4,mean_itl_ms,565.4770454387219,548.5005631273015,-16.9764823114204,-3.0021523328589404092233191033930792339291011037240
topology-w4a4-c4,topology,W4A4: TP8 / TP4 - 1,4,w4a4-tp4-ep4-dp4-c4,w4a4-tp8-ep8-dp8-c4,median_itl_ms,342.33419224619865,303.6672242451459,-38.66696800105275,-11.295093764178946412795731005295983699849023443954
topology-w4a4-c4,topology,W4A4: TP8 / TP4 - 1,4,w4a4-tp4-ep4-dp4-c4,w4a4-tp8-ep8-dp8-c4,std_itl_ms,516.3859658948895,951.4199553814251,435.0339894865356,84.245897103850975623792084181669255249236084494740
topology-w4a4-c4,topology,W4A4: TP8 / TP4 - 1,4,w4a4-tp4-ep4-dp4-c4,w4a4-tp8-ep8-dp8-c4,p90_itl_ms,1205.918268486857,1065.9302439074954,-139.9880245793616,-11.608417273171717796413244971915158675337607202415
topology-w4a4-c4,topology,W4A4: TP8 / TP4 - 1,4,w4a4-tp4-ep4-dp4-c4,w4a4-tp8-ep8-dp8-c4,p99_itl_ms,2558.606014978135,2717.684557340124,159.078542361989,6.2173910883793663152735982466153380107887553627900
topology-w4a4-c4,topology,W4A4: TP8 / TP4 - 1,4,w4a4-tp4-ep4-dp4-c4,w4a4-tp8-ep8-dp8-c4,p99.9_itl_ms,4009.992179505537,15293.469361748776,11283.477182243239,281.38401964750412219182029197157537524902132721160
topology-w4a4-c4,topology,W4A4: TP8 / TP4 - 1,4,w4a4-tp4-ep4-dp4-c4,w4a4-tp8-ep8-dp8-c4,mean_e2el_ms,44273.88115610229,37837.548269017134,-6436.332887085156,-14.537539332483014516715398133664475293531400941140
topology-w4a4-c4,topology,W4A4: TP8 / TP4 - 1,4,w4a4-tp4-ep4-dp4-c4,w4a4-tp8-ep8-dp8-c4,median_e2el_ms,43268.27514870092,37531.24128165655,-5737.03386704437,-13.259215550718845369495341152803129657105905911642
topology-w4a4-c4,topology,W4A4: TP8 / TP4 - 1,4,w4a4-tp4-ep4-dp4-c4,w4a4-tp8-ep8-dp8-c4,std_e2el_ms,6162.386484835678,3003.9415555365135,-3158.4449292991645,-51.253600160772542666255452453337065965935963744354
topology-w4a4-c4,topology,W4A4: TP8 / TP4 - 1,4,w4a4-tp4-ep4-dp4-c4,w4a4-tp8-ep8-dp8-c4,p90_e2el_ms,51884.46737695485,42276.636839751154,-9607.830537203696,-18.517739552764758372645389656854584989932120596091
topology-w4a4-c4,topology,W4A4: TP8 / TP4 - 1,4,w4a4-tp4-ep4-dp4-c4,w4a4-tp8-ep8-dp8-c4,p99_e2el_ms,61403.22756118141,44460.039216950536,-16943.188344230874,-27.593318815935029608363248009538076717494483783210
topology-w4a4-c4,topology,W4A4: TP8 / TP4 - 1,4,w4a4-tp4-ep4-dp4-c4,w4a4-tp8-ep8-dp8-c4,p99.9_e2el_ms,62722.33967799975,44731.75909662806,-17990.58058137169,-28.682891412741731345254189792738686515989442403141
topology-w4a4-c8,topology,W4A4: TP8 / TP4 - 1,8,w4a4-tp4-ep4-dp4-c8,w4a4-tp8-ep8-dp8-c8,duration_s,541.5900072851218,450.5899540418759,-91.0000532432459,-16.802387787656988563463693373141978062386382914358
topology-w4a4-c8,topology,W4A4: TP8 / TP4 - 1,8,w4a4-tp4-ep4-dp4-c8,w4a4-tp8-ep8-dp8-c8,output_tok_s,1086.8738198304840216836879356718039761449495154263,1306.3762179333770058607291937988406424911087323955,219.5023981028929841770412581270366663461592169692,20.195757234922451221817765881394420563862183629400
topology-w4a4-c8,topology,W4A4: TP8 / TP4 - 1,8,w4a4-tp4-ep4-dp4-c8,w4a4-tp8-ep8-dp8-c8,output_tok_s_gpu,271.71845495762100542092198391795099403623737885658,163.29702724167212573259114922485508031138859154944,-108.42142771594887968833083469309591372484878730714,-39.902121382538774389091117059302789718068908185302
topology-w4a4-c8,topology,W4A4: TP8 / TP4 - 1,8,w4a4-tp4-ep4-dp4-c8,w4a4-tp8-ep8-dp8-c8,interactivity_tok_s_user,145.08109060159638937595214578834195218335593725664,174.33896916563848548337569955641128764006424095914,29.25787856404209610742355376806933545670830370250,20.166569221888768417399314859600551442693157839810
topology-w4a4-c8,topology,W4A4: TP8 / TP4 - 1,8,w4a4-tp4-ep4-dp4-c8,w4a4-tp8-ep8-dp8-c8,mean_ttft_ms,1463.997278752504,1893.905886367429,429.908607614925,29.365396633882895492252811149350914707690350827830
topology-w4a4-c8,topology,W4A4: TP8 / TP4 - 1,8,w4a4-tp4-ep4-dp4-c8,w4a4-tp8-ep8-dp8-c8,median_ttft_ms,259.1405622661114,270.50123107619584,11.36066881008444,4.3839793781176453191375885007953696242637734025200
topology-w4a4-c8,topology,W4A4: TP8 / TP4 - 1,8,w4a4-tp4-ep4-dp4-c8,w4a4-tp8-ep8-dp8-c8,std_ttft_ms,2403.849298748521,3553.0727976537755,1149.2234989052545,47.807635008715272314729538278945110176330915394060
topology-w4a4-c8,topology,W4A4: TP8 / TP4 - 1,8,w4a4-tp4-ep4-dp4-c8,w4a4-tp8-ep8-dp8-c8,p90_ttft_ms,4494.132741913201,7156.439249962573,2662.306508049372,59.239605524335253050677864385507682886060529577220
topology-w4a4-c8,topology,W4A4: TP8 / TP4 - 1,8,w4a4-tp4-ep4-dp4-c8,w4a4-tp8-ep8-dp8-c8,p99_ttft_ms,10631.936576366425,16138.580388501257,5506.643812134832,51.793422323224437867942044931386104629262307462740
topology-w4a4-c8,topology,W4A4: TP8 / TP4 - 1,8,w4a4-tp4-ep4-dp4-c8,w4a4-tp8-ep8-dp8-c8,p99.9_ttft_ms,10671.859552539885,19327.449352119147,8655.589799579262,81.106668963978689927419911100094554664143452115320
topology-w4a4-c8,topology,W4A4: TP8 / TP4 - 1,8,w4a4-tp4-ep4-dp4-c8,w4a4-tp8-ep8-dp8-c8,mean_tpot_ms,6.973693392530062,5.751499461254841,-1.222193931275221,-17.525776693658279456833066496616654107506879489500
topology-w4a4-c8,topology,W4A4: TP8 / TP4 - 1,8,w4a4-tp4-ep4-dp4-c8,w4a4-tp8-ep8-dp8-c8,median_tpot_ms,6.892697014155176,5.7359522359565265,-1.1567447781986495,-16.782179396876178798174914536989745225120391356716
topology-w4a4-c8,topology,W4A4: TP8 / TP4 - 1,8,w4a4-tp4-ep4-dp4-c8,w4a4-tp8-ep8-dp8-c8,std_tpot_ms,0.5233883640938438,0.35398552972788133,-0.16940283436596247,-32.366564866082589409687982088870288576855855383234
topology-w4a4-c8,topology,W4A4: TP8 / TP4 - 1,8,w4a4-tp4-ep4-dp4-c8,w4a4-tp8-ep8-dp8-c8,p90_tpot_ms,7.458876802537773,6.20186164954308,-1.257015152994693,-16.852606448292752385439153104197527985621283731533
topology-w4a4-c8,topology,W4A4: TP8 / TP4 - 1,8,w4a4-tp4-ep4-dp4-c8,w4a4-tp8-ep8-dp8-c8,p99_tpot_ms,8.566305036803225,6.6195918372903675,-1.9467131995128575,-22.725237907700426975734806712574717830570161857419
topology-w4a4-c8,topology,W4A4: TP8 / TP4 - 1,8,w4a4-tp4-ep4-dp4-c8,w4a4-tp8-ep8-dp8-c8,p99.9_tpot_ms,8.684211544404212,6.6229658515273755,-2.0612456928768365,-23.735553680806264612521044106021335737260444589530
topology-w4a4-c8,topology,W4A4: TP8 / TP4 - 1,8,w4a4-tp4-ep4-dp4-c8,w4a4-tp8-ep8-dp8-c8,mean_itl_ms,723.3691656395623,582.6722228291537,-140.6969428104086,-19.450226729807080257786638160123102273849204543577
topology-w4a4-c8,topology,W4A4: TP8 / TP4 - 1,8,w4a4-tp4-ep4-dp4-c8,w4a4-tp8-ep8-dp8-c8,median_itl_ms,407.8848110511899,366.5433321148157,-41.3414789363742,-10.135576961012605171324854365661578502630784068613
topology-w4a4-c8,topology,W4A4: TP8 / TP4 - 1,8,w4a4-tp4-ep4-dp4-c8,w4a4-tp8-ep8-dp8-c8,std_itl_ms,1229.3433409640736,808.1498413862307,-421.1934995778429,-34.261665194975980504750450400012266858857130868925
topology-w4a4-c8,topology,W4A4: TP8 / TP4 - 1,8,w4a4-tp4-ep4-dp4-c8,w4a4-tp8-ep8-dp8-c8,p90_itl_ms,1447.6201888173819,1197.9072191752493,-249.7129696421326,-17.249895488548898055826555980733658849755940634502
topology-w4a4-c8,topology,W4A4: TP8 / TP4 - 1,8,w4a4-tp4-ep4-dp4-c8,w4a4-tp8-ep8-dp8-c8,p99_itl_ms,3427.9540656134627,2547.404403006657,-880.5496626068057,-25.687323860018630368974488858428420578555384859028
topology-w4a4-c8,topology,W4A4: TP8 / TP4 - 1,8,w4a4-tp4-ep4-dp4-c8,w4a4-tp8-ep8-dp8-c8,p99.9_itl_ms,11415.063417309111,4700.281673604661,-6714.781743704450,-58.823867185201630456304554651080064411984684658502
topology-w4a4-c8,topology,W4A4: TP8 / TP4 - 1,8,w4a4-tp4-ep4-dp4-c8,w4a4-tp8-ep8-dp8-c8,mean_e2el_ms,52741.828849498415,44217.75928173447,-8524.069567763945,-16.161877116714754481510312096934582311002682123877
topology-w4a4-c8,topology,W4A4: TP8 / TP4 - 1,8,w4a4-tp4-ep4-dp4-c8,w4a4-tp8-ep8-dp8-c8,median_e2el_ms,51822.81578658149,43753.27569805086,-8069.54008853063,-15.571404150949436489584892896341996553157075732819
topology-w4a4-c8,topology,W4A4: TP8 / TP4 - 1,8,w4a4-tp4-ep4-dp4-c8,w4a4-tp8-ep8-dp8-c8,std_e2el_ms,5453.817397721994,5118.949819592154,-334.867578129840,-6.1400584894850146760318378723293124672992183009980
topology-w4a4-c8,topology,W4A4: TP8 / TP4 - 1,8,w4a4-tp4-ep4-dp4-c8,w4a4-tp8-ep8-dp8-c8,p90_e2el_ms,59454.92250756361,50601.5487536788,-8853.37375388481,-14.890901174345186152899467770092006369690489457827
topology-w4a4-c8,topology,W4A4: TP8 / TP4 - 1,8,w4a4-tp4-ep4-dp4-c8,w4a4-tp8-ep8-dp8-c8,p99_e2el_ms,66526.96082686073,58720.055189230465,-7806.905637630265,-11.734950072269304305049415841858658969644557447667
topology-w4a4-c8,topology,W4A4: TP8 / TP4 - 1,8,w4a4-tp4-ep4-dp4-c8,w4a4-tp8-ep8-dp8-c8,p99.9_e2el_ms,68149.97337916029,60470.79055269856,-7679.18282646173,-11.268064308312645540175458416100422168449329561559
topology-w4a4-c16,topology,W4A4: TP8 / TP4 - 1,16,w4a4-tp4-ep4-dp4-c16,w4a4-tp8-ep8-dp8-c16,duration_s,631.4630752750672,511.66867648018524,-119.79439879488196,-18.970926960804345114695802349910874512902588165087
topology-w4a4-c16,topology,W4A4: TP8 / TP4 - 1,16,w4a4-tp4-ep4-dp4-c16,w4a4-tp8-ep8-dp8-c16,output_tok_s,1868.6128234592432863425492220696463441241186986769,2306.1016908774849568895420820711048995905053150546,437.4888674182416705469928600014585554663866163777,23.412494120015003404238110496987128236589015956890
topology-w4a4-c16,topology,W4A4: TP8 / TP4 - 1,16,w4a4-tp4-ep4-dp4-c16,w4a4-tp8-ep8-dp8-c16,output_tok_s_gpu,467.15320586481082158563730551741158603102967466922,288.26271135968561961119276025888811244881316438182,-178.89049450512520197444454525852347358221651028740,-38.293752939992498297880944751506435881705492021556
topology-w4a4-c16,topology,W4A4: TP8 / TP4 - 1,16,w4a4-tp4-ep4-dp4-c16,w4a4-tp8-ep8-dp8-c16,interactivity_tok_s_user,123.40360284623398491987101780097844399031007608599,160.06859739758612418212379256618852367899910444228,36.66499455135213926225277476521007968868902835629,29.711445780913094946065675714348035290824749674820
topology-w4a4-c16,topology,W4A4: TP8 / TP4 - 1,16,w4a4-tp4-ep4-dp4-c16,w4a4-tp8-ep8-dp8-c16,mean_ttft_ms,1647.0511435327353,2365.4447184642777,718.3935749315424,43.616956143248277861120300208657648545313389218130
topology-w4a4-c16,topology,W4A4: TP8 / TP4 - 1,16,w4a4-tp4-ep4-dp4-c16,w4a4-tp8-ep8-dp8-c16,median_ttft_ms,282.58236357942224,276.3883024454117,-6.19406113401054,-2.1919489438588565875346830198737416847731295807280
topology-w4a4-c16,topology,W4A4: TP8 / TP4 - 1,16,w4a4-tp4-ep4-dp4-c16,w4a4-tp8-ep8-dp8-c16,std_ttft_ms,2586.7120589341453,4234.0104808378765,1647.2984219037312,63.683099795131450087726383118892087958669737188900
topology-w4a4-c16,topology,W4A4: TP8 / TP4 - 1,16,w4a4-tp4-ep4-dp4-c16,w4a4-tp8-ep8-dp8-c16,p90_ttft_ms,5112.269163411109,8230.650248564778,3118.381085153669,60.997983194471734454507617583386195396009450020610
topology-w4a4-c16,topology,W4A4: TP8 / TP4 - 1,16,w4a4-tp4-ep4-dp4-c16,w4a4-tp8-ep8-dp8-c16,p99_ttft_ms,10981.089341645122,17543.507468961176,6562.418127316054,59.761084926506127892365948629050598896181917471110
topology-w4a4-c16,topology,W4A4: TP8 / TP4 - 1,16,w4a4-tp4-ep4-dp4-c16,w4a4-tp8-ep8-dp8-c16,p99.9_ttft_ms,15066.944017323229,21713.316304323293,6646.372287000064,44.112278371502495798664625766724479339919977434630
topology-w4a4-c16,topology,W4A4: TP8 / TP4 - 1,16,w4a4-tp4-ep4-dp4-c16,w4a4-tp8-ep8-dp8-c16,mean_tpot_ms,8.141120766105827,6.354606145989557,-1.786514620116270,-21.944332622531777968168188887540040832087848197738
topology-w4a4-c16,topology,W4A4: TP8 / TP4 - 1,16,w4a4-tp4-ep4-dp4-c16,w4a4-tp8-ep8-dp8-c16,median_tpot_ms,8.1034911212928,6.247321562493308,-1.856169558799492,-22.905801104936187100003695360020981011276146835418
topology-w4a4-c16,topology,W4A4: TP8 / TP4 - 1,16,w4a4-tp4-ep4-dp4-c16,w4a4-tp8-ep8-dp8-c16,std_tpot_ms,0.519393701101425,0.5727087076806494,0.0533150065792244,10.264854284171088078382274011540386121046770911210
topology-w4a4-c16,topology,W4A4: TP8 / TP4 - 1,16,w4a4-tp4-ep4-dp4-c16,w4a4-tp8-ep8-dp8-c16,p90_tpot_ms,8.814314022476596,6.873942218106979,-1.940371804369617,-22.013871974854173929528783938517399430364697018176
topology-w4a4-c16,topology,W4A4: TP8 / TP4 - 1,16,w4a4-tp4-ep4-dp4-c16,w4a4-tp8-ep8-dp8-c16,p99_tpot_ms,9.678017264323794,8.906047412355665,-0.771969851968129,-7.9765289819625752400201969626010061997231388487600
topology-w4a4-c16,topology,W4A4: TP8 / TP4 - 1,16,w4a4-tp4-ep4-dp4-c16,w4a4-tp8-ep8-dp8-c16,p99.9_tpot_ms,9.935308412731255,9.588163931476348,-0.347144481254907,-3.4940483660282834571859476545573681430138830962120
topology-w4a4-c16,topology,W4A4: TP8 / TP4 - 1,16,w4a4-tp4-ep4-dp4-c16,w4a4-tp8-ep8-dp8-c16,mean_itl_ms,824.8347257333538,658.1654620955799,-166.6692636377739,-20.206382980492197703001314528983627095930820482147
topology-w4a4-c16,topology,W4A4: TP8 / TP4 - 1,16,w4a4-tp4-ep4-dp4-c16,w4a4-tp8-ep8-dp8-c16,median_itl_ms,471.1611610837281,380.7681812904775,-90.3929797932506,-19.185150912128607658970864801542760301522280210185
topology-w4a4-c16,topology,W4A4: TP8 / TP4 - 1,16,w4a4-tp4-ep4-dp4-c16,w4a4-tp8-ep8-dp8-c16,std_itl_ms,1277.3334493678242,1047.9352038164882,-229.3982455513360,-17.959151204007802958354058637891181588218619056345
topology-w4a4-c16,topology,W4A4: TP8 / TP4 - 1,16,w4a4-tp4-ep4-dp4-c16,w4a4-tp8-ep8-dp8-c16,p90_itl_ms,1707.9725128598513,1348.505481379107,-359.4670314807443,-21.046417830158639150508128856938354369601260875232
topology-w4a4-c16,topology,W4A4: TP8 / TP4 - 1,16,w4a4-tp4-ep4-dp4-c16,w4a4-tp8-ep8-dp8-c16,p99_itl_ms,3914.0711166150777,2939.1312771895937,-974.9398394254840,-24.908587769059759496909098052802982044899427231225
topology-w4a4-c16,topology,W4A4: TP8 / TP4 - 1,16,w4a4-tp4-ep4-dp4-c16,w4a4-tp8-ep8-dp8-c16,p99.9_itl_ms,9511.323718015867,13285.183260788972,3773.859542773105,39.677542839014633191961488742080805188101726626990
topology-w4a4-c16,topology,W4A4: TP8 / TP4 - 1,16,w4a4-tp4-ep4-dp4-c16,w4a4-tp8-ep8-dp8-c16,mean_e2el_ms,61679.553377613775,49218.598369305255,-12460.955008308520,-20.202732228004668225611111573789071990766818167761
topology-w4a4-c16,topology,W4A4: TP8 / TP4 - 1,16,w4a4-tp4-ep4-dp4-c16,w4a4-tp8-ep8-dp8-c16,median_e2el_ms,61305.74003071524,48647.62058202177,-12658.11944869347,-20.647527364242781207774599196351162546610919599076
topology-w4a4-c16,topology,W4A4: TP8 / TP4 - 1,16,w4a4-tp4-ep4-dp4-c16,w4a4-tp8-ep8-dp8-c16,std_e2el_ms,5963.705480425641,6142.6318355542535,178.9263551286125,3.0002547194172000896617958968416836595143878442300
topology-w4a4-c16,topology,W4A4: TP8 / TP4 - 1,16,w4a4-tp4-ep4-dp4-c16,w4a4-tp8-ep8-dp8-c16,p90_e2el_ms,69318.72195214964,57376.44326495938,-11942.27868719026,-17.228071076431492824014188359769465428441950181345
topology-w4a4-c16,topology,W4A4: TP8 / TP4 - 1,16,w4a4-tp4-ep4-dp4-c16,w4a4-tp8-ep8-dp8-c16,p99_e2el_ms,76526.44835690966,66923.6359663913,-9602.81239051836,-12.548357589695081092794338285481958768080430963559
topology-w4a4-c16,topology,W4A4: TP8 / TP4 - 1,16,w4a4-tp4-ep4-dp4-c16,w4a4-tp8-ep8-dp8-c16,p99.9_e2el_ms,81330.1966333329,71280.57538619734,-10049.62124713556,-12.356568240506082171403908958321768560475314537117
topology-w4a4-c32,topology,W4A4: TP8 / TP4 - 1,32,w4a4-tp4-ep4-dp4-c32,w4a4-tp8-ep8-dp8-c32,duration_s,739.7185411113314,573.5268715908751,-166.1916695204563,-22.466878993025484956819383717567731567223187731071
topology-w4a4-c32,topology,W4A4: TP8 / TP4 - 1,32,w4a4-tp4-ep4-dp4-c32,w4a4-tp8-ep8-dp8-c32,output_tok_s,3208.7380105871466929313025515614160915172942252219,4138.5384322378867057435491439338503552402373453264,929.8004216507400128122465923724342637229431201045,28.977137384943487765471721327993575584620974501960
topology-w4a4-c32,topology,W4A4: TP8 / TP4 - 1,32,w4a4-tp4-ep4-dp4-c32,w4a4-tp8-ep8-dp8-c32,output_tok_s_gpu,802.18450264678667323282563789035402287932355630548,517.3173040297358382179436429917312944050296681658,-284.86719861705083501488199489862272847429388813968,-35.511431307528256117264139336003212207689512749021
topology-w4a4-c32,topology,W4A4: TP8 / TP4 - 1,32,w4a4-tp4-ep4-dp4-c32,w4a4-tp8-ep8-dp8-c32,interactivity_tok_s_user,106.91387878876645058704872918831426707677540193655,141.14213185077015433114679483781547070395110197065,34.22825306200370374409806564950120362717570003410,32.014789333038491278905126725833647771660574477440
topology-w4a4-c32,topology,W4A4: TP8 / TP4 - 1,32,w4a4-tp4-ep4-dp4-c32,w4a4-tp8-ep8-dp8-c32,mean_ttft_ms,1971.4945357161923,2326.5789456039784,355.0844098877861,18.010925389595018035440584147830938078568612642060
topology-w4a4-c32,topology,W4A4: TP8 / TP4 - 1,32,w4a4-tp4-ep4-dp4-c32,w4a4-tp8-ep8-dp8-c32,median_ttft_ms,279.818695737049,308.78537613898516,28.96668040193616,10.351946043361128964906091272939895361069148950250
topology-w4a4-c32,topology,W4A4: TP8 / TP4 - 1,32,w4a4-tp4-ep4-dp4-c32,w4a4-tp8-ep8-dp8-c32,std_ttft_ms,3182.350491679036,3974.2117325267695,791.8612408477335,24.882904724612547998383875642492644164009640783920
topology-w4a4-c32,topology,W4A4: TP8 / TP4 - 1,32,w4a4-tp4-ep4-dp4-c32,w4a4-tp8-ep8-dp8-c32,p90_ttft_ms,6603.872660268099,6547.373936977245,-56.498723290854,-0.85553926002807431176689789549782240063891984740500
topology-w4a4-c32,topology,W4A4: TP8 / TP4 - 1,32,w4a4-tp4-ep4-dp4-c32,w4a4-tp8-ep8-dp8-c32,p99_ttft_ms,14605.671539828183,21019.085729257207,6413.414189429024,43.910436928150101309322198132675781925502752667210
topology-w4a4-c32,topology,W4A4: TP8 / TP4 - 1,32,w4a4-tp4-ep4-dp4-c32,w4a4-tp8-ep8-dp8-c32,p99.9_ttft_ms,20248.82870850348,22457.993105326794,2209.164396823314,10.910084867751274498597264163070732883162337401900
topology-w4a4-c32,topology,W4A4: TP8 / TP4 - 1,32,w4a4-tp4-ep4-dp4-c32,w4a4-tp8-ep8-dp8-c32,mean_tpot_ms,9.430705916769481,7.151156989491719,-2.279548927277762,-24.171561995420899550845619942319041297222484801272
topology-w4a4-c32,topology,W4A4: TP8 / TP4 - 1,32,w4a4-tp4-ep4-dp4-c32,w4a4-tp8-ep8-dp8-c32,median_tpot_ms,9.353322611891535,7.085056650960196,-2.268265960931339,-24.250911200769803521387560660240305818611377196300
topology-w4a4-c32,topology,W4A4: TP8 / TP4 - 1,32,w4a4-tp4-ep4-dp4-c32,w4a4-tp8-ep8-dp8-c32,std_tpot_ms,0.7028222124032972,0.6679206416527381,-0.0349015707505591,-4.9659174304143498027104155961797305564161423655220
topology-w4a4-c32,topology,W4A4: TP8 / TP4 - 1,32,w4a4-tp4-ep4-dp4-c32,w4a4-tp8-ep8-dp8-c32,p90_tpot_ms,10.220464303832884,7.827083429635284,-2.393380874197600,-23.417535672034322570182100002042974878917146090339
topology-w4a4-c32,topology,W4A4: TP8 / TP4 - 1,32,w4a4-tp4-ep4-dp4-c32,w4a4-tp8-ep8-dp8-c32,p99_tpot_ms,11.880850501989547,9.285203548022814,-2.595646953966733,-21.847316011021857229178962988824636899729771882076
topology-w4a4-c32,topology,W4A4: TP8 / TP4 - 1,32,w4a4-tp4-ep4-dp4-c32,w4a4-tp8-ep8-dp8-c32,p99.9_tpot_ms,12.23648909952277,11.972238002952782,-0.264251096569988,-2.1595336245614270380586086433381213736267089604270
topology-w4a4-c32,topology,W4A4: TP8 / TP4 - 1,32,w4a4-tp4-ep4-dp4-c32,w4a4-tp8-ep8-dp8-c32,mean_itl_ms,974.0402285077072,727.9612247085001,-246.0790037992071,-25.263741331938219113099480939612464559005859184748
topology-w4a4-c32,topology,W4A4: TP8 / TP4 - 1,32,w4a4-tp4-ep4-dp4-c32,w4a4-tp8-ep8-dp8-c32,median_itl_ms,592.085525393486,438.18982341326773,-153.89570198021827,-25.992140557387015297555218730649068312473642563712
topology-w4a4-c32,topology,W4A4: TP8 / TP4 - 1,32,w4a4-tp4-ep4-dp4-c32,w4a4-tp8-ep8-dp8-c32,std_itl_ms,1284.5792080532901,977.8764733954293,-306.7027346578608,-23.875735550994329704979902703351750409888398945254
topology-w4a4-c32,topology,W4A4: TP8 / TP4 - 1,32,w4a4-tp4-ep4-dp4-c32,w4a4-tp8-ep8-dp8-c32,p90_itl_ms,2001.794546842575,1496.2650070432571,-505.5295397993179,-25.253817410817121286672125857556529457928349851736
topology-w4a4-c32,topology,W4A4: TP8 / TP4 - 1,32,w4a4-tp4-ep4-dp4-c32,w4a4-tp8-ep8-dp8-c32,p99_itl_ms,4605.316597386263,3472.831953666172,-1132.484643720091,-24.590809768927289245001463354194234946409890053189
topology-w4a4-c32,topology,W4A4: TP8 / TP4 - 1,32,w4a4-tp4-ep4-dp4-c32,w4a4-tp8-ep8-dp8-c32,p99.9_itl_ms,11220.353920210671,10219.975818137329,-1000.378102073342,-8.9157446296895339967242919360048222697729242472600
topology-w4a4-c32,topology,W4A4: TP8 / TP4 - 1,32,w4a4-tp4-ep4-dp4-c32,w4a4-tp8-ep8-dp8-c32,mean_e2el_ms,71907.58279516158,55394.95203883271,-16512.63075632887,-22.963684933433681662507840466993297200254514869323
topology-w4a4-c32,topology,W4A4: TP8 / TP4 - 1,32,w4a4-tp4-ep4-dp4-c32,w4a4-tp8-ep8-dp8-c32,median_e2el_ms,71543.6879855115,54082.228483399376,-17461.459502112124,-24.406708675191988965406971082135140985791995936422
topology-w4a4-c32,topology,W4A4: TP8 / TP4 - 1,32,w4a4-tp4-ep4-dp4-c32,w4a4-tp8-ep8-dp8-c32,std_e2el_ms,7512.148502274592,7591.8242830351355,79.6757807605435,1.0606257415760430152861149065110101753938048939200
topology-w4a4-c32,topology,W4A4: TP8 / TP4 - 1,32,w4a4-tp4-ep4-dp4-c32,w4a4-tp8-ep8-dp8-c32,p90_e2el_ms,81831.88862870449,64712.02235063538,-17119.86627806911,-20.920776197341616637834380112735775407703068240898
topology-w4a4-c32,topology,W4A4: TP8 / TP4 - 1,32,w4a4-tp4-ep4-dp4-c32,w4a4-tp8-ep8-dp8-c32,p99_e2el_ms,92342.68756618258,80751.008744766,-11591.67882141658,-12.552893062711383082127200080206351049894846899840
topology-w4a4-c32,topology,W4A4: TP8 / TP4 - 1,32,w4a4-tp4-ep4-dp4-c32,w4a4-tp8-ep8-dp8-c32,p99.9_e2el_ms,95755.77774325068,93925.41414325328,-1830.36359999740,-1.9114915497894461845862340658869700560243451705300
topology-w4a4-c64,topology,W4A4: TP8 / TP4 - 1,64,w4a4-tp4-ep4-dp4-c64,w4a4-tp8-ep8-dp8-c64,duration_s,870.1409717127681,652.3635014290921,-217.7774702836760,-25.027837714043872628372771554085037477979830234188
topology-w4a4-c64,topology,W4A4: TP8 / TP4 - 1,64,w4a4-tp4-ep4-dp4-c64,w4a4-tp8-ep8-dp8-c64,output_tok_s,5432.7806110484680144387137994422117594182261122857,7246.3971231441230508022085641987405462617651897870,1813.6165120956550363634947647565287868435390775013,33.382840978473574444473280161507114760564406503250
topology-w4a4-c64,topology,W4A4: TP8 / TP4 - 1,64,w4a4-tp4-ep4-dp4-c64,w4a4-tp8-ep8-dp8-c64,output_tok_s_gpu,1358.1951527621170036096784498605529398545565280714,905.79964039301538135027607052484256828272064872338,-452.39551236910162225940237933571037157183587934802,-33.308579510763212777763359919246442619717796748373
topology-w4a4-c64,topology,W4A4: TP8 / TP4 - 1,64,w4a4-tp4-ep4-dp4-c64,w4a4-tp8-ep8-dp8-c64,interactivity_tok_s_user,93.290213775632602782686091877341779889343094947972,124.49052681056898063740363803154056574117940247201,31.200313034936377854717546154198785851836307524038,33.444357958032568476257127871687908607213583710340
topology-w4a4-c64,topology,W4A4: TP8 / TP4 - 1,64,w4a4-tp4-ep4-dp4-c64,w4a4-tp8-ep8-dp8-c64,mean_ttft_ms,2097.208162219613,2480.5271914236073,383.3190292039943,18.277586179061148659814267859678589784418551133640
topology-w4a4-c64,topology,W4A4: TP8 / TP4 - 1,64,w4a4-tp4-ep4-dp4-c64,w4a4-tp8-ep8-dp8-c64,median_ttft_ms,343.33820547908545,476.20294243097305,132.86473695188760,38.697917922210697694346665848882052423465981357300
topology-w4a4-c64,topology,W4A4: TP8 / TP4 - 1,64,w4a4-tp4-ep4-dp4-c64,w4a4-tp8-ep8-dp8-c64,std_ttft_ms,5589.2757994117,5845.389192048187,256.113392636487,4.5822285717846353312500522814376785194908052798200
topology-w4a4-c64,topology,W4A4: TP8 / TP4 - 1,64,w4a4-tp4-ep4-dp4-c64,w4a4-tp8-ep8-dp8-c64,p90_ttft_ms,5398.912299936637,6119.390881340953,720.478581404316,13.344883957695918098579131662961124506423304140740
topology-w4a4-c64,topology,W4A4: TP8 / TP4 - 1,64,w4a4-tp4-ep4-dp4-c64,w4a4-tp8-ep8-dp8-c64,p99_ttft_ms,12475.280780587364,45985.504217743895,33510.223437156531,268.61297975193785624446544705383583335722490805341
topology-w4a4-c64,topology,W4A4: TP8 / TP4 - 1,64,w4a4-tp4-ep4-dp4-c64,w4a4-tp8-ep8-dp8-c64,p99.9_ttft_ms,67021.35804578164,51425.407848202194,-15595.950197579446,-23.270119633991903896660089950557411258601516227510
topology-w4a4-c64,topology,W4A4: TP8 / TP4 - 1,64,w4a4-tp4-ep4-dp4-c64,w4a4-tp8-ep8-dp8-c64,mean_tpot_ms,10.776766181086332,8.098459046652472,-2.678307134433860,-24.852605034100110713183902309433376333714667401334
topology-w4a4-c64,topology,W4A4: TP8 / TP4 - 1,64,w4a4-tp4-ep4-dp4-c64,w4a4-tp8-ep8-dp8-c64,median_tpot_ms,10.719237951421652,8.03273972421733,-2.686498227204322,-25.062399392374920623814625679180178081030670792297
topology-w4a4-c64,topology,W4A4: TP8 / TP4 - 1,64,w4a4-tp4-ep4-dp4-c64,w4a4-tp8-ep8-dp8-c64,std_tpot_ms,0.9296081206285739,0.7028842552029593,-0.2267238654256146,-24.389187270901908041959477660999957148246918320263
topology-w4a4-c64,topology,W4A4: TP8 / TP4 - 1,64,w4a4-tp4-ep4-dp4-c64,w4a4-tp8-ep8-dp8-c64,p90_tpot_ms,11.79274671630558,8.920140718338352,-2.872605997967228,-24.359091796615429718586542818664089439557554179989
topology-w4a4-c64,topology,W4A4: TP8 / TP4 - 1,64,w4a4-tp4-ep4-dp4-c64,w4a4-tp8-ep8-dp8-c64,p99_tpot_ms,13.898242974429001,10.18375089782541,-3.714492076603591,-26.726342915703689162084453398891672550163755223489
topology-w4a4-c64,topology,W4A4: TP8 / TP4 - 1,64,w4a4-tp4-ep4-dp4-c64,w4a4-tp8-ep8-dp8-c64,p99.9_tpot_ms,16.759551892957862,11.952254925412921,-4.807296967544941,-28.683923044296324202994641397914002580499978540849
topology-w4a4-c64,topology,W4A4: TP8 / TP4 - 1,64,w4a4-tp4-ep4-dp4-c64,w4a4-tp8-ep8-dp8-c64,mean_itl_ms,1109.7250051550714,834.2166423771155,-275.5083627779559,-24.826723872862245878312735256880883301251846436711
topology-w4a4-c64,topology,W4A4: TP8 / TP4 - 1,64,w4a4-tp4-ep4-dp4-c64,w4a4-tp8-ep8-dp8-c64,median_itl_ms,687.4651713296771,552.6199059095234,-134.8452654201537,-19.614850474437784977842502101217458841310117367135
topology-w4a4-c64,topology,W4A4: TP8 / TP4 - 1,64,w4a4-tp4-ep4-dp4-c64,w4a4-tp8-ep8-dp8-c64,std_itl_ms,1709.4360774848035,1156.3222620482843,-553.1138154365192,-32.356507664817098531564362071231012630956633172758
topology-w4a4-c64,topology,W4A4: TP8 / TP4 - 1,64,w4a4-tp4-ep4-dp4-c64,w4a4-tp8-ep8-dp8-c64,p90_itl_ms,2269.7183021809906,1717.4918619915866,-552.2264401894040,-24.330175231823489515434646012079332546830806827917
topology-w4a4-c64,topology,W4A4: TP8 / TP4 - 1,64,w4a4-tp4-ep4-dp4-c64,w4a4-tp8-ep8-dp8-c64,p99_itl_ms,5425.585859781124,4194.246891546052,-1231.338968235072,-22.695041605787913920600721162909659205955873412049
topology-w4a4-c64,topology,W4A4: TP8 / TP4 - 1,64,w4a4-tp4-ep4-dp4-c64,w4a4-tp8-ep8-dp8-c64,p99.9_itl_ms,17453.482787729074,11234.80225382586,-6218.680533903214,-35.630026451083723986555336499569331176200219175318
topology-w4a4-c64,topology,W4A4: TP8 / TP4 - 1,64,w4a4-tp4-ep4-dp4-c64,w4a4-tp8-ep8-dp8-c64,mean_e2el_ms,81695.70177808055,62275.61178550823,-19420.08999257232,-23.771250592014434947777519503676776663480084361505
topology-w4a4-c64,topology,W4A4: TP8 / TP4 - 1,64,w4a4-tp4-ep4-dp4-c64,w4a4-tp8-ep8-dp8-c64,median_e2el_ms,81145.81291098148,61259.52281919308,-19886.29009178840,-24.506859169189719413985024975326998393209097714085
topology-w4a4-c64,topology,W4A4: TP8 / TP4 - 1,64,w4a4-tp4-ep4-dp4-c64,w4a4-tp8-ep8-dp8-c64,std_e2el_ms,10208.64542809117,8866.726760915497,-1341.918667175673,-13.144923845460535794505543380462574883544405441747
topology-w4a4-c64,topology,W4A4: TP8 / TP4 - 1,64,w4a4-tp4-ep4-dp4-c64,w4a4-tp8-ep8-dp8-c64,p90_e2el_ms,91758.33700313233,71065.06188572384,-20693.27511740849,-22.551929114301721879259857199743473680190253721439
topology-w4a4-c64,topology,W4A4: TP8 / TP4 - 1,64,w4a4-tp4-ep4-dp4-c64,w4a4-tp8-ep8-dp8-c64,p99_e2el_ms,119165.3064846015,104858.93140164673,-14306.37508295477,-12.005486751971250019402495250778122432128405747617
topology-w4a4-c64,topology,W4A4: TP8 / TP4 - 1,64,w4a4-tp4-ep4-dp4-c64,w4a4-tp8-ep8-dp8-c64,p99.9_e2el_ms,147777.67263447135,120898.8034713532,-26878.86916311815,-18.188721397448948716600968999548292975872871819245
topology-w4a4-c128,topology,W4A4: TP8 / TP4 - 1,128,w4a4-tp4-ep4-dp4-c128,w4a4-tp8-ep8-dp8-c128,duration_s,1051.3382067200728,807.8735668612644,-243.4646398588084,-23.157594606816453895907191027264161288230610580067
topology-w4a4-c128,topology,W4A4: TP8 / TP4 - 1,128,w4a4-tp4-ep4-dp4-c128,w4a4-tp8-ep8-dp8-c128,output_tok_s,8968.1122018905363894580239087602132111158992204215,11670.785363892408934244573060697480884802487205330,2702.6731620018725447865491519372676736865879849085,30.136478014092324373786457946323534701139644269220
topology-w4a4-c128,topology,W4A4: TP8 / TP4 - 1,128,w4a4-tp4-ep4-dp4-c128,w4a4-tp8-ep8-dp8-c128,output_tok_s_gpu,2242.0280504726340973645059771900533027789748051054,1458.8481704865511167805716325871851106003109006662,-783.1798799860829805839343446028681921786639044392,-34.931760992953837813106771026838232649430177865393
topology-w4a4-c128,topology,W4A4: TP8 / TP4 - 1,128,w4a4-tp4-ep4-dp4-c128,w4a4-tp8-ep8-dp8-c128,interactivity_tok_s_user,74.956020015399055345528863640636994682143492393288,98.191306617424061384772220518960920346184792536166,23.235286602025006039243356878323925664041300142878,30.998559685068018121857237024523204085405104360360
topology-w4a4-c128,topology,W4A4: TP8 / TP4 - 1,128,w4a4-tp4-ep4-dp4-c128,w4a4-tp8-ep8-dp8-c128,mean_ttft_ms,1837.0850399835035,2167.014559629388,329.9295196458845,17.959403754594135339558185152729250683665682718700
topology-w4a4-c128,topology,W4A4: TP8 / TP4 - 1,128,w4a4-tp4-ep4-dp4-c128,w4a4-tp8-ep8-dp8-c128,median_ttft_ms,464.9120944086462,682.38953105174,217.4774366430938,46.778184361867025807299422498019934783605879107180
topology-w4a4-c128,topology,W4A4: TP8 / TP4 - 1,128,w4a4-tp4-ep4-dp4-c128,w4a4-tp8-ep8-dp8-c128,std_ttft_ms,4571.118097468528,4675.4555850224115,104.3374875538835,2.2825375614702516493306573906358660753017422948200
topology-w4a4-c128,topology,W4A4: TP8 / TP4 - 1,128,w4a4-tp4-ep4-dp4-c128,w4a4-tp8-ep8-dp8-c128,p90_ttft_ms,4494.916263176134,5471.32189930417,976.405636128036,21.722443288367336415905709958655321824877831666450
topology-w4a4-c128,topology,W4A4: TP8 / TP4 - 1,128,w4a4-tp4-ep4-dp4-c128,w4a4-tp8-ep8-dp8-c128,p99_ttft_ms,10153.73193264008,14482.040517665464,4328.308585025384,42.627761041353166847880760553843670528832683325550
topology-w4a4-c128,topology,W4A4: TP8 / TP4 - 1,128,w4a4-tp4-ep4-dp4-c128,w4a4-tp8-ep8-dp8-c128,p99.9_ttft_ms,74667.04519223905,56340.59806345558,-18326.44712878347,-24.544224405291365385358064526537534270704359901444
topology-w4a4-c128,topology,W4A4: TP8 / TP4 - 1,128,w4a4-tp4-ep4-dp4-c128,w4a4-tp8-ep8-dp8-c128,mean_tpot_ms,13.414212942687959,10.183302121221999,-3.230910821465960,-24.085727841581032116571700291867593467259501796110
topology-w4a4-c128,topology,W4A4: TP8 / TP4 - 1,128,w4a4-tp4-ep4-dp4-c128,w4a4-tp8-ep8-dp8-c128,median_tpot_ms,13.341156584815453,10.184200968994437,-3.156955615821016,-23.663282832720652596772598203844302804929926137265
topology-w4a4-c128,topology,W4A4: TP8 / TP4 - 1,128,w4a4-tp4-ep4-dp4-c128,w4a4-tp8-ep8-dp8-c128,std_tpot_ms,1.2125434298973479,1.031027514299764,-0.1815159155975839,-14.969848594449995407506632874643435764202842146784
topology-w4a4-c128,topology,W4A4: TP8 / TP4 - 1,128,w4a4-tp4-ep4-dp4-c128,w4a4-tp8-ep8-dp8-c128,p90_tpot_ms,14.680460182095787,11.278752689851498,-3.401707492244289,-23.171667986218809352484919188928564545024566831929
topology-w4a4-c128,topology,W4A4: TP8 / TP4 - 1,128,w4a4-tp4-ep4-dp4-c128,w4a4-tp8-ep8-dp8-c128,p99_tpot_ms,16.94884423412689,12.927408496859158,-4.021435737267732,-23.726902446660510936910133135348010727753537682241
topology-w4a4-c128,topology,W4A4: TP8 / TP4 - 1,128,w4a4-tp4-ep4-dp4-c128,w4a4-tp8-ep8-dp8-c128,p99.9_tpot_ms,21.36638283018752,15.042311528666424,-6.324071301521096,-29.598230789846768825413203265620721639182143320149
topology-w4a4-c128,topology,W4A4: TP8 / TP4 - 1,128,w4a4-tp4-ep4-dp4-c128,w4a4-tp8-ep8-dp8-c128,mean_itl_ms,1370.8668166287098,1063.1509551179681,-307.7158615107417,-22.446809403957182773472255681128700415758485313973
topology-w4a4-c128,topology,W4A4: TP8 / TP4 - 1,128,w4a4-tp4-ep4-dp4-c128,w4a4-tp8-ep8-dp8-c128,median_itl_ms,850.6165319122374,649.0796282887459,-201.5369036234915,-23.693038644619844601553445441180649908737208631728
topology-w4a4-c128,topology,W4A4: TP8 / TP4 - 1,128,w4a4-tp4-ep4-dp4-c128,w4a4-tp8-ep8-dp8-c128,std_itl_ms,1908.9095558288134,1665.04189270531,-243.8676631235034,-12.775234027136531803977102944166259247780627567536
topology-w4a4-c128,topology,W4A4: TP8 / TP4 - 1,128,w4a4-tp4-ep4-dp4-c128,w4a4-tp8-ep8-dp8-c128,p90_itl_ms,2829.783289507032,2192.6117576658726,-637.1715318411594,-22.516619353991560537378998946237558125000037212661
topology-w4a4-c128,topology,W4A4: TP8 / TP4 - 1,128,w4a4-tp4-ep4-dp4-c128,w4a4-tp8-ep8-dp8-c128,p99_itl_ms,6600.584241459138,5196.600940823573,-1403.983300635565,-21.270591348822747830040795506424736384600164272920
topology-w4a4-c128,topology,W4A4: TP8 / TP4 - 1,128,w4a4-tp4-ep4-dp4-c128,w4a4-tp8-ep8-dp8-c128,p99.9_itl_ms,17658.5126269284,15322.021660320668,-2336.490966607732,-13.231527569568307412009140038581339709498876579601
topology-w4a4-c128,topology,W4A4: TP8 / TP4 - 1,128,w4a4-tp4-ep4-dp4-c128,w4a4-tp8-ep8-dp8-c128,mean_e2el_ms,100657.30448821196,77186.43426315393,-23470.87022505803,-23.317602576777444222929251831869379511987125787404
topology-w4a4-c128,topology,W4A4: TP8 / TP4 - 1,128,w4a4-tp4-ep4-dp4-c128,w4a4-tp8-ep8-dp8-c128,median_e2el_ms,99978.10303443111,77065.20118447952,-22912.90184995159,-22.917920179042300586001065191948409585835542360961
topology-w4a4-c128,topology,W4A4: TP8 / TP4 - 1,128,w4a4-tp4-ep4-dp4-c128,w4a4-tp8-ep8-dp8-c128,std_e2el_ms,12100.660178134956,10298.267421905963,-1802.392756228993,-14.894995229151135577311695939357559468422588174956
topology-w4a4-c128,topology,W4A4: TP8 / TP4 - 1,128,w4a4-tp4-ep4-dp4-c128,w4a4-tp8-ep8-dp8-c128,p90_e2el_ms,115033.2541414071,89041.7927323375,-25991.4614090696,-22.594737150632144547235404405708878283678596779085
topology-w4a4-c128,topology,W4A4: TP8 / TP4 - 1,128,w4a4-tp4-ep4-dp4-c128,w4a4-tp8-ep8-dp8-c128,p99_e2el_ms,131070.6626942102,103195.69231742532,-27874.97037678488,-21.267131640142538462728755770542899300991245223733
topology-w4a4-c128,topology,W4A4: TP8 / TP4 - 1,128,w4a4-tp4-ep4-dp4-c128,w4a4-tp8-ep8-dp8-c128,p99.9_e2el_ms,181777.00733278564,134343.30136689096,-47433.70596589468,-26.094447621230833379945679961170302077241077438534
topology-w4a16-c4,topology,W4A16: TP8 / TP4 - 1,4,w4a16-tp4-ep4-dp4-c4,w4a16-tp8-ep8-dp8-c4,duration_s,434.5755269480869,379.59581943321973,-54.97970751486717,-12.651358418863490752285970953381589844335605699554
topology-w4a16-c4,topology,W4A16: TP8 / TP4 - 1,4,w4a16-tp4-ep4-dp4-c4,w4a16-tp8-ep8-dp8-c4,output_tok_s,668.42696375468035919126457609917835310016032210282,765.24025062689856770599117626483600241172661214404,96.81328687221820851472660016565764931156629004122,14.483749477788824017170443761562887471201418874710
topology-w4a16-c4,topology,W4A16: TP8 / TP4 - 1,4,w4a16-tp4-ep4-dp4-c4,w4a16-tp8-ep8-dp8-c4,output_tok_s_gpu,167.10674093867008979781614402479458827504008052570,95.655031328362320963248897033104500301465826518005,-71.451709610307768834567246991690087973574254007695,-42.758125261105587991414778119218556264399290562646
topology-w4a16-c4,topology,W4A16: TP8 / TP4 - 1,4,w4a16-tp4-ep4-dp4-c4,w4a16-tp8-ep8-dp8-c4,interactivity_tok_s_user,178.41066474223270504533855776337432273805880586680,196.39391081707082112767339596278390714131418891480,17.98324607483811608233483819940958440325538304800,10.079692321543819322309603173465459159430774087020
topology-w4a16-c4,topology,W4A16: TP8 / TP4 - 1,4,w4a16-tp4-ep4-dp4-c4,w4a16-tp8-ep8-dp8-c4,mean_ttft_ms,847.8851234423928,269.7490941849537,-578.1360292574391,-68.185655494251509524436709331504305372804237932206
topology-w4a16-c4,topology,W4A16: TP8 / TP4 - 1,4,w4a16-tp4-ep4-dp4-c4,w4a16-tp8-ep8-dp8-c4,median_ttft_ms,280.73527314700186,265.6993761193007,-15.03589702770116,-5.3558987651074003784252256915602762621883039519030
topology-w4a16-c4,topology,W4A16: TP8 / TP4 - 1,4,w4a16-tp4-ep4-dp4-c4,w4a16-tp8-ep8-dp8-c4,std_ttft_ms,1126.2206035374159,71.43458728308002,-1054.78601625433588,-93.657140789406026690522771141924033400291885672910
topology-w4a16-c4,topology,W4A16: TP8 / TP4 - 1,4,w4a16-tp4-ep4-dp4-c4,w4a16-tp8-ep8-dp8-c4,p90_ttft_ms,2545.974792353809,349.1754245478661,-2196.7993678059429,-86.285197104208332121521317175875897003508322543158
topology-w4a16-c4,topology,W4A16: TP8 / TP4 - 1,4,w4a16-tp4-ep4-dp4-c4,w4a16-tp8-ep8-dp8-c4,p99_ttft_ms,4284.688607058487,443.0525062279776,-3841.6361008305094,-89.659633479592795298946459980481498359472632407672
topology-w4a16-c4,topology,W4A16: TP8 / TP4 - 1,4,w4a16-tp4-ep4-dp4-c4,w4a16-tp8-ep8-dp8-c4,p99.9_ttft_ms,4569.708900499628,443.08799925865605,-4126.62090124097195,-90.303802519888933571806495572920512339394938321102
topology-w4a16-c4,topology,W4A16: TP8 / TP4 - 1,4,w4a16-tp4-ep4-dp4-c4,w4a16-tp8-ep8-dp8-c4,mean_tpot_ms,5.699160322817133,5.097155206307287,-0.602005116509846,-10.563049333770467636398619717381357547020945020457
topology-w4a16-c4,topology,W4A16: TP8 / TP4 - 1,4,w4a16-tp4-ep4-dp4-c4,w4a16-tp8-ep8-dp8-c4,median_tpot_ms,5.6050460965705025,5.0918075608333915,-0.5132385357371110,-9.1567228332188129665368561414161663710217100674700
topology-w4a16-c4,topology,W4A16: TP8 / TP4 - 1,4,w4a16-tp4-ep4-dp4-c4,w4a16-tp8-ep8-dp8-c4,std_tpot_ms,0.41291048104815176,0.28941595958842725,-0.12349452145972451,-29.908303888591080663679001032046672666720553186814
topology-w4a16-c4,topology,W4A16: TP8 / TP4 - 1,4,w4a16-tp4-ep4-dp4-c4,w4a16-tp8-ep8-dp8-c4,p90_tpot_ms,6.183297620955512,5.4779417429076345,-0.7053558780478775,-11.407438575451880893272095543074925357295900617185
topology-w4a16-c4,topology,W4A16: TP8 / TP4 - 1,4,w4a16-tp4-ep4-dp4-c4,w4a16-tp8-ep8-dp8-c4,p99_tpot_ms,6.944606259076511,5.874620689210544,-1.069985569865967,-15.407433192738747879959592344248470607230319184806
topology-w4a16-c4,topology,W4A16: TP8 / TP4 - 1,4,w4a16-tp4-ep4-dp4-c4,w4a16-tp8-ep8-dp8-c4,p99.9_tpot_ms,7.1823194961430445,5.997620265813353,-1.1846992303296915,-16.494660686786256481145684100987917983120620810387
topology-w4a16-c4,topology,W4A16: TP8 / TP4 - 1,4,w4a16-tp4-ep4-dp4-c4,w4a16-tp8-ep8-dp8-c4,mean_itl_ms,605.2792740916234,519.5622126505428,-85.7170614410806,-14.161572204784478718582638586392131232538385583691
topology-w4a16-c4,topology,W4A16: TP8 / TP4 - 1,4,w4a16-tp4-ep4-dp4-c4,w4a16-tp8-ep8-dp8-c4,median_itl_ms,305.9278288856149,283.399045933038,-22.5287829525769,-7.3640842137968151606226384910845641508035445145660
topology-w4a16-c4,topology,W4A16: TP8 / TP4 - 1,4,w4a16-tp4-ep4-dp4-c4,w4a16-tp8-ep8-dp8-c4,std_itl_ms,1257.5136787362242,962.0266635844748,-295.4870151517494,-23.497717770251840976612068770250434571636834321451
topology-w4a16-c4,topology,W4A16: TP8 / TP4 - 1,4,w4a16-tp4-ep4-dp4-c4,w4a16-tp8-ep8-dp8-c4,p90_itl_ms,1182.2913275100293,1030.4539368487895,-151.8373906612398,-12.842637607857423224344437682814756442631307352806
topology-w4a16-c4,topology,W4A16: TP8 / TP4 - 1,4,w4a16-tp4-ep4-dp4-c4,w4a16-tp8-ep8-dp8-c4,p99_itl_ms,2952.436204142857,2511.0003337264047,-441.4358704164523,-14.951580318552851647131642906870991238276094112235
topology-w4a16-c4,topology,W4A16: TP8 / TP4 - 1,4,w4a16-tp4-ep4-dp4-c4,w4a16-tp8-ep8-dp8-c4,p99.9_itl_ms,23850.03497085216,9386.8247665096,-14463.21020434256,-60.642301875106183797520424114292399101952536431911
topology-w4a16-c4,topology,W4A16: TP8 / TP4 - 1,4,w4a16-tp4-ep4-dp4-c4,w4a16-tp8-ep8-dp8-c4,mean_e2el_ms,42203.59129565768,37249.58944430109,-4954.00185135659,-11.738341926049090445824725025822947441302975112768
topology-w4a16-c4,topology,W4A16: TP8 / TP4 - 1,4,w4a16-tp4-ep4-dp4-c4,w4a16-tp8-ep8-dp8-c4,median_e2el_ms,42085.954890120775,36034.84590584412,-6051.108984276655,-14.377977166194909634085596240797170899453428599268
topology-w4a16-c4,topology,W4A16: TP8 / TP4 - 1,4,w4a16-tp4-ep4-dp4-c4,w4a16-tp8-ep8-dp8-c4,std_e2el_ms,3572.0083909543155,2713.068199017069,-858.9401919372465,-24.046421450532140908612114061335498728629689154520
topology-w4a16-c4,topology,W4A16: TP8 / TP4 - 1,4,w4a16-tp4-ep4-dp4-c4,w4a16-tp8-ep8-dp8-c4,p90_e2el_ms,46398.71722813696,41238.09364521876,-5160.62358291820,-11.122341071508570374109528522191453179921964944640
topology-w4a16-c4,topology,W4A16: TP8 / TP4 - 1,4,w4a16-tp4-ep4-dp4-c4,w4a16-tp8-ep8-dp8-c4,p99_e2el_ms,50903.16046481486,41722.65863105189,-9180.50183376297,-18.035229541609092746876723962392120924556767150587
topology-w4a16-c4,topology,W4A16: TP8 / TP4 - 1,4,w4a16-tp4-ep4-dp4-c4,w4a16-tp8-ep8-dp8-c4,p99.9_e2el_ms,53035.90308025995,41776.76287881425,-11259.14020144570,-21.229279690791897584566945894322496043274141739260
topology-w4a16-c8,topology,W4A16: TP8 / TP4 - 1,8,w4a16-tp4-ep4-dp4-c8,w4a16-tp8-ep8-dp8-c8,duration_s,542.9567544953898,440.251548781991,-102.7052057133988,-18.915909022782193095963834200005356906244850291128
topology-w4a16-c8,topology,W4A16: TP8 / TP4 - 1,8,w4a16-tp4-ep4-dp4-c8,w4a16-tp8-ep8-dp8-c8,output_tok_s,1084.1379080863761362118938539941564960228961665454,1337.0537857925623307388992767906347387635187826746,252.9158777061861945270054227964782427406226161292,23.328755116829262023254870102518982792221955179420
topology-w4a16-c8,topology,W4A16: TP8 / TP4 - 1,8,w4a16-tp4-ep4-dp4-c8,w4a16-tp8-ep8-dp8-c8,output_tok_s_gpu,271.03447702159403405297346349853912400572404163635,167.13172322407029134236240959882934234543984783432,-103.90275379752374271061105389970978166028419380203,-38.335622441585368988372564948740508603889022410293
topology-w4a16-c8,topology,W4A16: TP8 / TP4 - 1,8,w4a16-tp4-ep4-dp4-c8,w4a16-tp8-ep8-dp8-c8,interactivity_tok_s_user,144.17868685666841576296092035911521219310634322150,181.95292363232338700722770163654187944292251359008,37.77423677565497124426678127742666724981617036858,26.199598289591353080138856743423399416143320532770
topology-w4a16-c8,topology,W4A16: TP8 / TP4 - 1,8,w4a16-tp4-ep4-dp4-c8,w4a16-tp8-ep8-dp8-c8,mean_ttft_ms,1744.4735843513627,2053.6353800504003,309.1617956990376,17.722354667467859813508583694726860111539983438740
topology-w4a16-c8,topology,W4A16: TP8 / TP4 - 1,8,w4a16-tp4-ep4-dp4-c8,w4a16-tp8-ep8-dp8-c8,median_ttft_ms,291.48018499836326,283.05530454963446,-8.42488044872880,-2.8903784484616365878240920530112714331742504843190
topology-w4a16-c8,topology,W4A16: TP8 / TP4 - 1,8,w4a16-tp4-ep4-dp4-c8,w4a16-tp8-ep8-dp8-c8,std_ttft_ms,2849.789500046431,3813.650874849843,963.861374803412,33.822195456461188323825689779871969279776897414480
topology-w4a16-c8,topology,W4A16: TP8 / TP4 - 1,8,w4a16-tp4-ep4-dp4-c8,w4a16-tp8-ep8-dp8-c8,p90_ttft_ms,5216.452958388254,5686.651548510422,470.198590122168,9.0137607656572624128494067863424920044252380487600
topology-w4a16-c8,topology,W4A16: TP8 / TP4 - 1,8,w4a16-tp4-ep4-dp4-c8,w4a16-tp8-ep8-dp8-c8,p99_ttft_ms,12482.857187236641,17238.229992636465,4755.372805399824,38.095227190951560418769856410353714191635210824270
topology-w4a16-c8,topology,W4A16: TP8 / TP4 - 1,8,w4a16-tp4-ep4-dp4-c8,w4a16-tp8-ep8-dp8-c8,p99.9_ttft_ms,14534.15527436465,18581.726244029134,4047.570969664484,27.848683967231254267618960565902699604641885883100
topology-w4a16-c8,topology,W4A16: TP8 / TP4 - 1,8,w4a16-tp4-ep4-dp4-c8,w4a16-tp8-ep8-dp8-c8,mean_tpot_ms,6.9693072744609506,5.575894176367313,-1.3934130980936376,-19.993566694925397751351050697162313462161836848324
topology-w4a16-c8,topology,W4A16: TP8 / TP4 - 1,8,w4a16-tp4-ep4-dp4-c8,w4a16-tp8-ep8-dp8-c8,median_tpot_ms,6.935837895334174,5.495927078482805,-1.439910816851369,-20.760445076434315803314725387010087403220846333248
topology-w4a16-c8,topology,W4A16: TP8 / TP4 - 1,8,w4a16-tp4-ep4-dp4-c8,w4a16-tp8-ep8-dp8-c8,std_tpot_ms,0.47076671652405544,0.3742034519428938,-0.09656326458116164,-20.511914116219685808421259367465649837548555980533
topology-w4a16-c8,topology,W4A16: TP8 / TP4 - 1,8,w4a16-tp4-ep4-dp4-c8,w4a16-tp8-ep8-dp8-c8,p90_tpot_ms,7.5604234182516326,6.070599174832708,-1.4898242434189246,-19.705566222949061969699214519443131198517058286851
topology-w4a16-c8,topology,W4A16: TP8 / TP4 - 1,8,w4a16-tp4-ep4-dp4-c8,w4a16-tp8-ep8-dp8-c8,p99_tpot_ms,8.157511592717594,6.7090026979150155,-1.4485088948025785,-17.756749449129770005946339306452675720785589123171
topology-w4a16-c8,topology,W4A16: TP8 / TP4 - 1,8,w4a16-tp4-ep4-dp4-c8,w4a16-tp8-ep8-dp8-c8,p99.9_tpot_ms,8.411840197066836,6.749088079636181,-1.662752117430655,-19.766805817476749406011466099264964157258291631284
topology-w4a16-c8,topology,W4A16: TP8 / TP4 - 1,8,w4a16-tp4-ep4-dp4-c8,w4a16-tp8-ep8-dp8-c8,mean_itl_ms,704.3061862045811,581.5504472270184,-122.7557389775627,-17.429314321244030226243310218322993300948008250490
topology-w4a16-c8,topology,W4A16: TP8 / TP4 - 1,8,w4a16-tp4-ep4-dp4-c8,w4a16-tp8-ep8-dp8-c8,median_itl_ms,389.72541433759034,323.6968768760562,-66.02853746153414,-16.942322730931397532302425087410038217104095446223
topology-w4a16-c8,topology,W4A16: TP8 / TP4 - 1,8,w4a16-tp4-ep4-dp4-c8,w4a16-tp8-ep8-dp8-c8,std_itl_ms,959.806960303716,992.3089580720864,32.5019977683704,3.3863056961043132873322593801826520512921115404200
topology-w4a16-c8,topology,W4A16: TP8 / TP4 - 1,8,w4a16-tp4-ep4-dp4-c8,w4a16-tp8-ep8-dp8-c8,p90_itl_ms,1416.2281301338226,1184.4322900287807,-231.7958401050419,-16.367125830436582746625585922891831604330028083785
topology-w4a16-c8,topology,W4A16: TP8 / TP4 - 1,8,w4a16-tp4-ep4-dp4-c8,w4a16-tp8-ep8-dp8-c8,p99_itl_ms,3359.9545857915523,2609.8331336863384,-750.1214521052139,-22.325344969759379006872360181183361885278545566405
topology-w4a16-c8,topology,W4A16: TP8 / TP4 - 1,8,w4a16-tp4-ep4-dp4-c8,w4a16-tp8-ep8-dp8-c8,p99.9_itl_ms,11864.688131452023,10671.820332037527,-1192.867799414496,-10.053933033876639958032452692729804095048252369740
topology-w4a16-c8,topology,W4A16: TP8 / TP4 - 1,8,w4a16-tp4-ep4-dp4-c8,w4a16-tp8-ep8-dp8-c8,mean_e2el_ms,53017.96376561979,43060.2111198823,-9957.75264573749,-18.781846639298373651363659854329400182668165529476
topology-w4a16-c8,topology,W4A16: TP8 / TP4 - 1,8,w4a16-tp4-ep4-dp4-c8,w4a16-tp8-ep8-dp8-c8,median_e2el_ms,52516.27638633363,42068.16390319727,-10448.11248313636,-19.894998659606575092816129470504682759873300562662
topology-w4a16-c8,topology,W4A16: TP8 / TP4 - 1,8,w4a16-tp4-ep4-dp4-c8,w4a16-tp8-ep8-dp8-c8,std_e2el_ms,5489.706237467291,5235.346902138539,-254.359335328752,-4.6333870033472357464177489577427644917145364982310
topology-w4a16-c8,topology,W4A16: TP8 / TP4 - 1,8,w4a16-tp4-ep4-dp4-c8,w4a16-tp8-ep8-dp8-c8,p90_e2el_ms,60491.101174801595,49324.589852383375,-11166.511322418220,-18.459758717485184025141738510210022584022140171112
topology-w4a16-c8,topology,W4A16: TP8 / TP4 - 1,8,w4a16-tp4-ep4-dp4-c8,w4a16-tp8-ep8-dp8-c8,p99_e2el_ms,67979.4990731543,59687.26187522522,-8292.23719792908,-12.198144015456208543845136065521603251621683461508
topology-w4a16-c8,topology,W4A16: TP8 / TP4 - 1,8,w4a16-tp4-ep4-dp4-c8,w4a16-tp8-ep8-dp8-c8,p99.9_e2el_ms,68789.83455001518,61153.354944006554,-7636.479606008626,-11.101174549934923257790158296941953400832135322346
topology-w4a16-c16,topology,W4A16: TP8 / TP4 - 1,16,w4a16-tp4-ep4-dp4-c16,w4a16-tp8-ep8-dp8-c16,duration_s,632.004141418729,498.3344054943882,-133.6697359243408,-21.150136077317102057533966652523657558685871639105
topology-w4a16-c16,topology,W4A16: TP8 / TP4 - 1,16,w4a16-tp4-ep4-dp4-c16,w4a16-tp8-ep8-dp8-c16,output_tok_s,1867.0130821472378281862701457226548269589557435547,2367.8076147068028654750622798820037612318578487298,500.7945325595650372887921341593489342729021051751,26.823300669302487080025606815132269048850891085920
topology-w4a16-c16,topology,W4A16: TP8 / TP4 - 1,16,w4a16-tp4-ep4-dp4-c16,w4a16-tp8-ep8-dp8-c16,output_tok_s_gpu,466.75327053680945704656753643066370673973893588868,295.97595183835035818438278498525047015398223109122,-170.77731869845909886218475144541323658575670479746,-36.588349665348756459987196592433865475574554457041
topology-w4a16-c16,topology,W4A16: TP8 / TP4 - 1,16,w4a16-tp4-ep4-dp4-c16,w4a16-tp8-ep8-dp8-c16,interactivity_tok_s_user,122.93769650014795837710579474463741255662710315534,161.64650830553988557663274317280106978871195279319,38.70881180539192719952694842816365723208484963785,31.486527653741535855280569032307227985321578892140
topology-w4a16-c16,topology,W4A16: TP8 / TP4 - 1,16,w4a16-tp4-ep4-dp4-c16,w4a16-tp8-ep8-dp8-c16,mean_ttft_ms,1422.2409636015072,2484.2567260726355,1062.0157624711283,74.671999306067719256800272022158025423652059563050
topology-w4a16-c16,topology,W4A16: TP8 / TP4 - 1,16,w4a16-tp4-ep4-dp4-c16,w4a16-tp8-ep8-dp8-c16,median_ttft_ms,288.36644627153873,340.055319480598,51.68887320905927,17.924718314968835705474631965179348185876645202260
topology-w4a16-c16,topology,W4A16: TP8 / TP4 - 1,16,w4a16-tp4-ep4-dp4-c16,w4a16-tp8-ep8-dp8-c16,std_ttft_ms,2069.2300262187127,3633.422438508677,1564.1924122899643,75.592969001534915697505925541564751950301252237930
topology-w4a16-c16,topology,W4A16: TP8 / TP4 - 1,16,w4a16-tp4-ep4-dp4-c16,w4a16-tp8-ep8-dp8-c16,p90_ttft_ms,4300.138068711384,8857.837082492188,4557.699013780804,105.98959710022992137480596765171239415842268955584
topology-w4a16-c16,topology,W4A16: TP8 / TP4 - 1,16,w4a16-tp4-ep4-dp4-c16,w4a16-tp8-ep8-dp8-c16,p99_ttft_ms,8636.921613761224,13680.488937227052,5043.567323465828,58.395427781003620286397671645871775356014557785060
topology-w4a16-c16,topology,W4A16: TP8 / TP4 - 1,16,w4a16-tp4-ep4-dp4-c16,w4a16-tp8-ep8-dp8-c16,p99.9_ttft_ms,10421.736741489747,15773.847048561567,5352.110307071820,51.355262945423015079235718590484547773846513072400
topology-w4a16-c16,topology,W4A16: TP8 / TP4 - 1,16,w4a16-tp4-ep4-dp4-c16,w4a16-tp8-ep8-dp8-c16,mean_tpot_ms,8.21692900782951,6.251664539399282,-1.965264468430228,-23.917262356260149650683070975601759363603636960362
topology-w4a16-c16,topology,W4A16: TP8 / TP4 - 1,16,w4a16-tp4-ep4-dp4-c16,w4a16-tp8-ep8-dp8-c16,median_tpot_ms,8.134201538409307,6.186338390371086,-1.947863148038221,-23.946580851734558636813441959746264712206118395962
topology-w4a16-c16,topology,W4A16: TP8 / TP4 - 1,16,w4a16-tp4-ep4-dp4-c16,w4a16-tp8-ep8-dp8-c16,std_tpot_ms,0.5058270219381699,0.5053122120838421,-0.0005148098543278,-0.10177587040629239504094365961852676697960092740000
topology-w4a16-c16,topology,W4A16: TP8 / TP4 - 1,16,w4a16-tp4-ep4-dp4-c16,w4a16-tp8-ep8-dp8-c16,p90_tpot_ms,8.862936764921136,6.77681842888095,-2.086118336040186,-23.537551845082453940842325602171955603057909113569
topology-w4a16-c16,topology,W4A16: TP8 / TP4 - 1,16,w4a16-tp4-ep4-dp4-c16,w4a16-tp8-ep8-dp8-c16,p99_tpot_ms,9.511344293646774,7.859265435041484,-1.652078858605290,-17.369562152311293564956960959821132040285890126780
topology-w4a16-c16,topology,W4A16: TP8 / TP4 - 1,16,w4a16-tp4-ep4-dp4-c16,w4a16-tp8-ep8-dp8-c16,p99.9_tpot_ms,10.695631064539848,9.154318777319036,-1.541312287220812,-14.410671777290992360876090551356527630881573316722
topology-w4a16-c16,topology,W4A16: TP8 / TP4 - 1,16,w4a16-tp4-ep4-dp4-c16,w4a16-tp8-ep8-dp8-c16,mean_itl_ms,842.6598079264365,653.1482645943659,-189.5115433320706,-22.489685819762605792635723349020294123943377167440
topology-w4a16-c16,topology,W4A16: TP8 / TP4 - 1,16,w4a16-tp4-ep4-dp4-c16,w4a16-tp8-ep8-dp8-c16,median_itl_ms,455.79652790911496,339.0592592768371,-116.73726863227786,-25.611706426942126604090525792899044637541998538095
topology-w4a16-c16,topology,W4A16: TP8 / TP4 - 1,16,w4a16-tp4-ep4-dp4-c16,w4a16-tp8-ep8-dp8-c16,std_itl_ms,1236.9245842641578,1313.6434879673875,76.7189037032297,6.2023913728636506267429464806166081441247950402000
topology-w4a16-c16,topology,W4A16: TP8 / TP4 - 1,16,w4a16-tp4-ep4-dp4-c16,w4a16-tp8-ep8-dp8-c16,p90_itl_ms,1711.2636122852566,1284.4202871434393,-426.8433251418173,-24.943166095362826686693741427468907156965289891695
topology-w4a16-c16,topology,W4A16: TP8 / TP4 - 1,16,w4a16-tp4-ep4-dp4-c16,w4a16-tp8-ep8-dp8-c16,p99_itl_ms,4255.847447356213,3187.6559658162296,-1068.1914815399834,-25.099383724469673930338951841722857447057447541120
topology-w4a16-c16,topology,W4A16: TP8 / TP4 - 1,16,w4a16-tp4-ep4-dp4-c16,w4a16-tp8-ep8-dp8-c16,p99.9_itl_ms,11614.796826746622,23092.80947854812,11478.012651801498,98.822328302548206416477426983527054811583241661300
topology-w4a16-c16,topology,W4A16: TP8 / TP4 - 1,16,w4a16-tp4-ep4-dp4-c16,w4a16-tp8-ep8-dp8-c16,mean_e2el_ms,61977.88127538515,48584.277518684394,-13393.603756700756,-21.610296255835544362065076741185367919680188447128
topology-w4a16-c16,topology,W4A16: TP8 / TP4 - 1,16,w4a16-tp4-ep4-dp4-c16,w4a16-tp8-ep8-dp8-c16,median_e2el_ms,61704.70246882178,47509.84448287636,-14194.85798594542,-23.004499524356046399547395483760684152390120313014
topology-w4a16-c16,topology,W4A16: TP8 / TP4 - 1,16,w4a16-tp4-ep4-dp4-c16,w4a16-tp8-ep8-dp8-c16,std_e2el_ms,5445.632196616755,5965.312338250275,519.680141633520,9.5430635575495756150703336064100382729150767722900
topology-w4a16-c16,topology,W4A16: TP8 / TP4 - 1,16,w4a16-tp4-ep4-dp4-c16,w4a16-tp8-ep8-dp8-c16,p90_e2el_ms,69114.73674494773,56868.53198544122,-12246.20475950651,-17.718659342794508307778809712215848770410555984173
topology-w4a16-c16,topology,W4A16: TP8 / TP4 - 1,16,w4a16-tp4-ep4-dp4-c16,w4a16-tp8-ep8-dp8-c16,p99_e2el_ms,74906.41434347723,62523.29192562959,-12383.12241784764,-16.531457988451891479749281900947968997331219655914
topology-w4a16-c16,topology,W4A16: TP8 / TP4 - 1,16,w4a16-tp4-ep4-dp4-c16,w4a16-tp8-ep8-dp8-c16,p99.9_e2el_ms,76524.98563972303,70873.10539727058,-5651.88024245245,-7.3856665182027025082829744718357732897898568508390
topology-w4a16-c32,topology,W4A16: TP8 / TP4 - 1,32,w4a16-tp4-ep4-dp4-c32,w4a16-tp8-ep8-dp8-c32,duration_s,780.9569979058579,577.5146018210799,-203.4423960847780,-26.050396709461638055597279475295571452310903317138
topology-w4a16-c32,topology,W4A16: TP8 / TP4 - 1,32,w4a16-tp4-ep4-dp4-c32,w4a16-tp8-ep8-dp8-c32,output_tok_s,3039.3005074091494757289605475294343629936596877059,4109.9618823756681237833753998728051293199722091502,1070.6613749665186480544148523433707663263125214443,35.227229829905944930358236478900647271648642573900
topology-w4a16-c32,topology,W4A16: TP8 / TP4 - 1,32,w4a16-tp4-ep4-dp4-c32,w4a16-tp8-ep8-dp8-c32,output_tok_s_gpu,759.82512685228736893224013688235859074841492192648,513.74523529695851547292192498410064116499652614378,-246.07989155532885345931821189825794958341839578270,-32.386385085047027534820881760549676364175678713049
topology-w4a16-c32,topology,W4A16: TP8 / TP4 - 1,32,w4a16-tp4-ep4-dp4-c32,w4a16-tp8-ep8-dp8-c32,interactivity_tok_s_user,99.862147235743927455772627924647407207357676676166,137.82979900401944533815431208262662535127769215933,37.967651768275517882381684157979218143920015483164,38.020063476750131379724041001396998757152037560720
topology-w4a16-c32,topology,W4A16: TP8 / TP4 - 1,32,w4a16-tp4-ep4-dp4-c32,w4a16-tp8-ep8-dp8-c32,mean_ttft_ms,1670.3021925903158,1953.1855700231972,282.8833774328814,16.936059755401743696353968113868014506974622902190
topology-w4a16-c32,topology,W4A16: TP8 / TP4 - 1,32,w4a16-tp4-ep4-dp4-c32,w4a16-tp8-ep8-dp8-c32,median_ttft_ms,371.92091648466885,322.41721684113145,-49.50369964353740,-13.310275773526713801871651599631301111352492115171
topology-w4a16-c32,topology,W4A16: TP8 / TP4 - 1,32,w4a16-tp4-ep4-dp4-c32,w4a16-tp8-ep8-dp8-c32,std_ttft_ms,2241.3090530878435,3115.748042401748,874.4389893139045,39.014654766561220941096863266121273143174367904830
topology-w4a16-c32,topology,W4A16: TP8 / TP4 - 1,32,w4a16-tp4-ep4-dp4-c32,w4a16-tp8-ep8-dp8-c32,p90_ttft_ms,4646.503241406755,5380.766803724695,734.263562317940,15.802497580861206397358628247611802573397292771680
topology-w4a16-c32,topology,W4A16: TP8 / TP4 - 1,32,w4a16-tp4-ep4-dp4-c32,w4a16-tp8-ep8-dp8-c32,p99_ttft_ms,10089.80596904643,14784.076358075257,4694.270389028827,46.524882672966547876089703542456015990858522244550
topology-w4a16-c32,topology,W4A16: TP8 / TP4 - 1,32,w4a16-tp4-ep4-dp4-c32,w4a16-tp8-ep8-dp8-c32,p99.9_ttft_ms,12443.286848672296,19360.201840545124,6916.914991872828,55.587523425218359986755116669825442095550012878790
topology-w4a16-c32,topology,W4A16: TP8 / TP4 - 1,32,w4a16-tp4-ep4-dp4-c32,w4a16-tp8-ep8-dp8-c32,mean_tpot_ms,10.063363740932372,7.2943831885699115,-2.7689805523624605,-27.515457292870485873238619450457900461991813726337
topology-w4a16-c32,topology,W4A16: TP8 / TP4 - 1,32,w4a16-tp4-ep4-dp4-c32,w4a16-tp8-ep8-dp8-c32,median_tpot_ms,10.013804306043074,7.255325098245537,-2.758479207797537,-27.546765679581590838321871092118196994509760772497
topology-w4a16-c32,topology,W4A16: TP8 / TP4 - 1,32,w4a16-tp4-ep4-dp4-c32,w4a16-tp8-ep8-dp8-c32,std_tpot_ms,0.7172305130606201,0.49563262075717296,-0.22159789230344714,-30.896328065830316261261126302933411865877416009139
topology-w4a16-c32,topology,W4A16: TP8 / TP4 - 1,32,w4a16-tp4-ep4-dp4-c32,w4a16-tp8-ep8-dp8-c32,p90_tpot_ms,10.969531670809442,7.8931443475985725,-3.0763873232108695,-28.044837423618676758526670177089215244365719711183
topology-w4a16-c32,topology,W4A16: TP8 / TP4 - 1,32,w4a16-tp4-ep4-dp4-c32,w4a16-tp8-ep8-dp8-c32,p99_tpot_ms,12.235964456865922,8.657559034211317,-3.578405422654605,-29.244980526620175397183909936630802708818589760112
topology-w4a16-c32,topology,W4A16: TP8 / TP4 - 1,32,w4a16-tp4-ep4-dp4-c32,w4a16-tp8-ep8-dp8-c32,p99.9_tpot_ms,13.031422219521469,9.120189469332141,-3.911232750189328,-30.013859456799594218022487389004614640806854867502
topology-w4a16-c32,topology,W4A16: TP8 / TP4 - 1,32,w4a16-tp4-ep4-dp4-c32,w4a16-tp8-ep8-dp8-c32,mean_itl_ms,1035.7022553731679,766.3871132197527,-269.3151421534152,-26.003143350921816427190788244136545451077421880062
topology-w4a16-c32,topology,W4A16: TP8 / TP4 - 1,32,w4a16-tp4-ep4-dp4-c32,w4a16-tp8-ep8-dp8-c32,median_itl_ms,570.7812421023846,426.6859358176589,-144.0953062847257,-25.245277114218554506687132833728688967097874025053
topology-w4a16-c32,topology,W4A16: TP8 / TP4 - 1,32,w4a16-tp4-ep4-dp4-c32,w4a16-tp8-ep8-dp8-c32,std_itl_ms,1773.522215389344,1420.5489282960066,-352.9732870933374,-19.902388818729775159743614725572965021070525190369
topology-w4a16-c32,topology,W4A16: TP8 / TP4 - 1,32,w4a16-tp4-ep4-dp4-c32,w4a16-tp8-ep8-dp8-c32,p90_itl_ms,2078.6883761174977,1548.472448810935,-530.2159273065627,-25.507234917861121749877736014707666185104353059067
topology-w4a16-c32,topology,W4A16: TP8 / TP4 - 1,32,w4a16-tp4-ep4-dp4-c32,w4a16-tp8-ep8-dp8-c32,p99_itl_ms,5066.097374446718,3671.3111927174027,-1394.7861817293153,-27.531768117300422344818473268249379933563466775725
topology-w4a16-c32,topology,W4A16: TP8 / TP4 - 1,32,w4a16-tp4-ep4-dp4-c32,w4a16-tp8-ep8-dp8-c32,p99.9_itl_ms,22369.124486791265,21816.092646681962,-553.031840109303,-2.4722998901269584372520305993055830324570204031110
topology-w4a16-c32,topology,W4A16: TP8 / TP4 - 1,32,w4a16-tp4-ep4-dp4-c32,w4a16-tp8-ep8-dp8-c32,mean_e2el_ms,76308.83237467206,56086.460176653054,-20222.372198019006,-26.500696667363877201051135987707644563940411687610
topology-w4a16-c32,topology,W4A16: TP8 / TP4 - 1,32,w4a16-tp4-ep4-dp4-c32,w4a16-tp8-ep8-dp8-c32,median_e2el_ms,76164.12097285502,55283.8681275025,-20880.25284535252,-27.414814979344757412982076601136776851876565146845
topology-w4a16-c32,topology,W4A16: TP8 / TP4 - 1,32,w4a16-tp4-ep4-dp4-c32,w4a16-tp8-ep8-dp8-c32,std_e2el_ms,7355.938069078535,6317.303687343355,-1038.634381735180,-14.119672732172524154237659992940180553395363682505
topology-w4a16-c32,topology,W4A16: TP8 / TP4 - 1,32,w4a16-tp4-ep4-dp4-c32,w4a16-tp8-ep8-dp8-c32,p90_e2el_ms,85826.2488191016,63893.89196871781,-21932.35685038379,-25.554369615537125203494342271812448963291371588907
topology-w4a16-c32,topology,W4A16: TP8 / TP4 - 1,32,w4a16-tp4-ep4-dp4-c32,w4a16-tp8-ep8-dp8-c32,p99_e2el_ms,96776.63973254153,73432.39609744865,-23344.24363509288,-24.121775357781186977310421851134428136366192437322
topology-w4a16-c32,topology,W4A16: TP8 / TP4 - 1,32,w4a16-tp4-ep4-dp4-c32,w4a16-tp8-ep8-dp8-c32,p99.9_e2el_ms,100733.89789805336,77188.54432103144,-23545.35357702192,-23.373813649950027403868968336084485900964579904678
topology-w4a16-c64,topology,W4A16: TP8 / TP4 - 1,64,w4a16-tp4-ep4-dp4-c64,w4a16-tp8-ep8-dp8-c64,duration_s,895.8328133220784,650.7263214238919,-245.1064918981865,-27.360740559306066028018552992433677780322330026550
topology-w4a16-c64,topology,W4A16: TP8 / TP4 - 1,64,w4a16-tp4-ep4-dp4-c64,w4a16-tp8-ep8-dp8-c64,output_tok_s,5276.9723654902571465404480139908505097040347563104,7264.6285302490212463966628310468333413059817292537,1987.6561647587640998562148170559828316019469729433,37.666601738478137604846015045732833473068814634160
topology-w4a16-c64,topology,W4A16: TP8 / TP4 - 1,64,w4a16-tp4-ep4-dp4-c64,w4a16-tp8-ep8-dp8-c64,output_tok_s_gpu,1319.2430913725642866351120034977126274260086890776,908.07856628112765579958285388085416766324771615671,-411.16452509143663083552914961685845976276097292089,-31.166699130760931197576992477133583263465592682920
topology-w4a16-c64,topology,W4A16: TP8 / TP4 - 1,64,w4a16-tp4-ep4-dp4-c64,w4a16-tp8-ep8-dp8-c64,interactivity_tok_s_user,88.036356641947337991183847973252524790140433699483,122.65741688078678273781957901352583737079996147403,34.621060238839444746635731040273312580659527774547,39.325866675340458755841259277129174845574179544640
topology-w4a16-c64,topology,W4A16: TP8 / TP4 - 1,64,w4a16-tp4-ep4-dp4-c64,w4a16-tp8-ep8-dp8-c64,mean_ttft_ms,1916.6644773948065,2118.2950513539254,201.6305739591189,10.519868048745903540431088416245945529250498602740
topology-w4a16-c64,topology,W4A16: TP8 / TP4 - 1,64,w4a16-tp4-ep4-dp4-c64,w4a16-tp8-ep8-dp8-c64,median_ttft_ms,394.601363921538,489.0730350743979,94.4716711528599,23.941040196618407775972800517026033073131740636820
topology-w4a16-c64,topology,W4A16: TP8 / TP4 - 1,64,w4a16-tp4-ep4-dp4-c64,w4a16-tp8-ep8-dp8-c64,std_ttft_ms,5616.103975901394,4763.343103198021,-852.760872703373,-15.184207350194285995173187969631003742821985594069
topology-w4a16-c64,topology,W4A16: TP8 / TP4 - 1,64,w4a16-tp4-ep4-dp4-c64,w4a16-tp8-ep8-dp8-c64,p90_ttft_ms,4089.5482863765214,5201.163604110481,1111.6153177339596,27.181860682195013398439423263530780704327113917860
topology-w4a16-c64,topology,W4A16: TP8 / TP4 - 1,64,w4a16-tp4-ep4-dp4-c64,w4a16-tp8-ep8-dp8-c64,p99_ttft_ms,10105.854373611513,24274.30890020455,14168.454526593037,140.20046205682339638501792157245926857820759488733
topology-w4a16-c64,topology,W4A16: TP8 / TP4 - 1,64,w4a16-tp4-ep4-dp4-c64,w4a16-tp8-ep8-dp8-c64,p99.9_ttft_ms,69516.57994671761,51251.90952913618,-18264.67041758143,-26.273833424458965606723721800670285667603561946699
topology-w4a16-c64,topology,W4A16: TP8 / TP4 - 1,64,w4a16-tp4-ep4-dp4-c64,w4a16-tp8-ep8-dp8-c64,mean_tpot_ms,11.368798023926072,8.16273609442826,-3.206061929497812,-28.200535560140408489052251291783407870444806468227
topology-w4a16-c64,topology,W4A16: TP8 / TP4 - 1,64,w4a16-tp4-ep4-dp4-c64,w4a16-tp8-ep8-dp8-c64,median_tpot_ms,11.358943488167053,8.152788681111067,-3.206154807055986,-28.225818804327463900424388146497520869342593356356
topology-w4a16-c64,topology,W4A16: TP8 / TP4 - 1,64,w4a16-tp4-ep4-dp4-c64,w4a16-tp8-ep8-dp8-c64,std_tpot_ms,0.8175017519684965,0.6541336286894271,-0.1633681232790694,-19.983825464066406606927022268377139142855095927656
topology-w4a16-c64,topology,W4A16: TP8 / TP4 - 1,64,w4a16-tp4-ep4-dp4-c64,w4a16-tp8-ep8-dp8-c64,p90_tpot_ms,12.276831868227568,8.90902872871214,-3.367803139515428,-27.432184261082047482192828595196685671695335514801
topology-w4a16-c64,topology,W4A16: TP8 / TP4 - 1,64,w4a16-tp4-ep4-dp4-c64,w4a16-tp8-ep8-dp8-c64,p99_tpot_ms,13.646608647324724,9.859430399409414,-3.787178247915310,-27.751790542170687894277398306358764163097931965331
topology-w4a16-c64,topology,W4A16: TP8 / TP4 - 1,64,w4a16-tp4-ep4-dp4-c64,w4a16-tp8-ep8-dp8-c64,p99.9_tpot_ms,14.717735211776017,10.490578238794344,-4.227156972981673,-28.721518033558737717404083621596094173692079191437
topology-w4a16-c64,topology,W4A16: TP8 / TP4 - 1,64,w4a16-tp4-ep4-dp4-c64,w4a16-tp8-ep8-dp8-c64,mean_itl_ms,1180.7738533304534,843.6863094896481,-337.0875438408053,-28.548018986872620105793778378265026026161366945993
topology-w4a16-c64,topology,W4A16: TP8 / TP4 - 1,64,w4a16-tp4-ep4-dp4-c64,w4a16-tp8-ep8-dp8-c64,median_itl_ms,725.5380093120039,489.73466688767076,-235.80334242433314,-32.500480939370107066356137727691846175936188609669
topology-w4a16-c64,topology,W4A16: TP8 / TP4 - 1,64,w4a16-tp4-ep4-dp4-c64,w4a16-tp8-ep8-dp8-c64,std_itl_ms,1953.0869320390063,1373.3724782369136,-579.7144538020927,-29.681958559667167247133091039599538168934954777692
topology-w4a16-c64,topology,W4A16: TP8 / TP4 - 1,64,w4a16-tp4-ep4-dp4-c64,w4a16-tp8-ep8-dp8-c64,p90_itl_ms,2413.952285330743,1739.2852493561804,-674.6670359745626,-27.948648367012954522068788274540150142078623199281
topology-w4a16-c64,topology,W4A16: TP8 / TP4 - 1,64,w4a16-tp4-ep4-dp4-c64,w4a16-tp8-ep8-dp8-c64,p99_itl_ms,5833.040097672491,4327.868172302878,-1505.171925369613,-25.804244444851478251211031327042983351507301850622
topology-w4a16-c64,topology,W4A16: TP8 / TP4 - 1,64,w4a16-tp4-ep4-dp4-c64,w4a16-tp8-ep8-dp8-c64,p99.9_itl_ms,23698.389510073466,16023.956965945818,-7674.432544127648,-32.383772495871416444189346540937632916264083966446
topology-w4a16-c64,topology,W4A16: TP8 / TP4 - 1,64,w4a16-tp4-ep4-dp4-c64,w4a16-tp8-ep8-dp8-c64,mean_e2el_ms,85860.46051999292,62395.72693181544,-23464.73358817748,-27.328916530460061510150349438581043665639369363461
topology-w4a16-c64,topology,W4A16: TP8 / TP4 - 1,64,w4a16-tp4-ep4-dp4-c64,w4a16-tp8-ep8-dp8-c64,median_e2el_ms,85330.9552599676,61770.938261412084,-23560.016998555516,-27.610164361547382603686958129529317277250374823470
topology-w4a16-c64,topology,W4A16: TP8 / TP4 - 1,64,w4a16-tp4-ep4-dp4-c64,w4a16-tp8-ep8-dp8-c64,std_e2el_ms,9714.925263102814,7747.0425305814015,-1967.8827325214125,-20.256282773429156800599532792587285561649403171766
topology-w4a16-c64,topology,W4A16: TP8 / TP4 - 1,64,w4a16-tp4-ep4-dp4-c64,w4a16-tp8-ep8-dp8-c64,p90_e2el_ms,96134.39649031498,70793.78687092105,-25340.60961939393,-26.359565924925590219669427474788410394627850505518
topology-w4a16-c64,topology,W4A16: TP8 / TP4 - 1,64,w4a16-tp4-ep4-dp4-c64,w4a16-tp8-ep8-dp8-c64,p99_e2el_ms,109430.76929995326,89805.93728586573,-19624.83201408753,-17.933559399820386847690264797227017602412326190260
topology-w4a16-c64,topology,W4A16: TP8 / TP4 - 1,64,w4a16-tp4-ep4-dp4-c64,w4a16-tp8-ep8-dp8-c64,p99.9_e2el_ms,156154.47413833332,107338.06378272717,-48816.41035560615,-31.261614900871120876120571204927068979951469018648
topology-w4a16-c128,topology,W4A16: TP8 / TP4 - 1,128,w4a16-tp4-ep4-dp4-c128,w4a16-tp8-ep8-dp8-c128,duration_s,1111.4335248582065,811.2201488236897,-300.2133760345168,-27.011365890984542786275334611276667813492541713291
topology-w4a16-c128,topology,W4A16: TP8 / TP4 - 1,128,w4a16-tp4-ep4-dp4-c128,w4a16-tp8-ep8-dp8-c128,output_tok_s,8483.2055081322685494999377678242335058967970699088,11622.639074820602097832437840556480637169017442740,3139.4335666883335483325000727322471312722203728312,37.007633066047656673977389290026073673055776203500
topology-w4a16-c128,topology,W4A16: TP8 / TP4 - 1,128,w4a16-tp4-ep4-dp4-c128,w4a16-tp8-ep8-dp8-c128,output_tok_s_gpu,2120.8013770330671373749844419560583764741992674772,1452.8298843525752622290547300695600796461271803425,-667.9714926804918751459297118864982968280720871347,-31.496183466976171663011305354986963163472111898250
topology-w4a16-c128,topology,W4A16: TP8 / TP4 - 1,128,w4a16-tp4-ep4-dp4-c128,w4a16-tp8-ep8-dp8-c128,interactivity_tok_s_user,70.101939861814015626494799274177162446672145295700,96.925339863080420819104144904357642254157455744408,26.823400001266405192609345630180479807485310448708,38.263420461888914076905363724613655287340202448000
topology-w4a16-c128,topology,W4A16: TP8 / TP4 - 1,128,w4a16-tp4-ep4-dp4-c128,w4a16-tp8-ep8-dp8-c128,mean_ttft_ms,1732.457675272235,2133.385957484279,400.928282212044,23.142168950767753466581941538643975902745939937680
topology-w4a16-c128,topology,W4A16: TP8 / TP4 - 1,128,w4a16-tp4-ep4-dp4-c128,w4a16-tp8-ep8-dp8-c128,median_ttft_ms,493.0304102599621,594.9414169881493,101.9110067281872,20.670328768250254433018138844738391061578197395590
topology-w4a16-c128,topology,W4A16: TP8 / TP4 - 1,128,w4a16-tp4-ep4-dp4-c128,w4a16-tp8-ep8-dp8-c128,std_ttft_ms,3956.7511073152205,4765.243667900869,808.4925605856485,20.433242795861274523494361181729706841809337729580
topology-w4a16-c128,topology,W4A16: TP8 / TP4 - 1,128,w4a16-tp4-ep4-dp4-c128,w4a16-tp8-ep8-dp8-c128,p90_ttft_ms,4014.400291163481,5336.8531587068,1322.452867543319,32.942725478929173955657024366371348990010634068020
topology-w4a16-c128,topology,W4A16: TP8 / TP4 - 1,128,w4a16-tp4-ep4-dp4-c128,w4a16-tp8-ep8-dp8-c128,p99_ttft_ms,8773.233046252282,10479.554283590995,1706.321237338713,19.449172595131428113593855289985911882242250672630
topology-w4a16-c128,topology,W4A16: TP8 / TP4 - 1,128,w4a16-tp4-ep4-dp4-c128,w4a16-tp8-ep8-dp8-c128,p99.9_ttft_ms,70441.38357694546,59062.45170936171,-11378.93186758375,-16.153759749982998634716951263064448688261850876840
topology-w4a16-c128,topology,W4A16: TP8 / TP4 - 1,128,w4a16-tp4-ep4-dp4-c128,w4a16-tp8-ep8-dp8-c128,mean_tpot_ms,14.289931321879745,10.292244589582955,-3.997686732296790,-27.975548952959705458781642238318504522436849802611
topology-w4a16-c128,topology,W4A16: TP8 / TP4 - 1,128,w4a16-tp4-ep4-dp4-c128,w4a16-tp8-ep8-dp8-c128,median_tpot_ms,14.264940484831302,10.31721943314957,-3.947721051681732,-27.674290375620995620143066493777025739295763818826
topology-w4a16-c128,topology,W4A16: TP8 / TP4 - 1,128,w4a16-tp4-ep4-dp4-c128,w4a16-tp8-ep8-dp8-c128,std_tpot_ms,1.2004430687063061,0.9548596252847628,-0.2455834434215433,-20.457733467210881557554051675795150846479512185172
topology-w4a16-c128,topology,W4A16: TP8 / TP4 - 1,128,w4a16-tp4-ep4-dp4-c128,w4a16-tp8-ep8-dp8-c128,p90_tpot_ms,15.63992939176828,11.34160410633193,-4.29832528543635,-27.483022319133201744814472082388312195964101811723
topology-w4a16-c128,topology,W4A16: TP8 / TP4 - 1,128,w4a16-tp4-ep4-dp4-c128,w4a16-tp8-ep8-dp8-c128,p99_tpot_ms,17.342502990624542,12.421312973553338,-4.921190017071204,-28.376469185166800607376314831188504329195440382579
topology-w4a16-c128,topology,W4A16: TP8 / TP4 - 1,128,w4a16-tp4-ep4-dp4-c128,w4a16-tp8-ep8-dp8-c128,p99.9_tpot_ms,19.98558309185781,14.054007103365533,-5.931575988492277,-29.679274110890564352508286043720657894756240737560
topology-w4a16-c128,topology,W4A16: TP8 / TP4 - 1,128,w4a16-tp4-ep4-dp4-c128,w4a16-tp8-ep8-dp8-c128,mean_itl_ms,1495.426222960081,1075.7293787537517,-419.6968442063293,-28.065366098474034415327345092186103980560582348970
topology-w4a16-c128,topology,W4A16: TP8 / TP4 - 1,128,w4a16-tp4-ep4-dp4-c128,w4a16-tp8-ep8-dp8-c128,median_itl_ms,866.3604685571045,640.1080610230565,-226.2524075340480,-26.115273693277361665979849472719857468641032412459
topology-w4a16-c128,topology,W4A16: TP8 / TP4 - 1,128,w4a16-tp4-ep4-dp4-c128,w4a16-tp8-ep8-dp8-c128,std_itl_ms,2644.7375058383604,2034.2807722384903,-610.4567335998701,-23.081940353334243374221957952341258775430721377593
topology-w4a16-c128,topology,W4A16: TP8 / TP4 - 1,128,w4a16-tp4-ep4-dp4-c128,w4a16-tp8-ep8-dp8-c128,p90_itl_ms,3040.1246277149767,2190.177259966731,-849.9473677482457,-27.957648841096507617558927988669214385836310554259
topology-w4a16-c128,topology,W4A16: TP8 / TP4 - 1,128,w4a16-tp4-ep4-dp4-c128,w4a16-tp8-ep8-dp8-c128,p99_itl_ms,7428.535774452609,5501.669415459068,-1926.866358993541,-25.938710097085413371217651773465976425472530527258
topology-w4a16-c128,topology,W4A16: TP8 / TP4 - 1,128,w4a16-tp4-ep4-dp4-c128,w4a16-tp8-ep8-dp8-c128,p99.9_itl_ms,38269.207978831546,36194.47050562506,-2074.737473206486,-5.4214277817145273717591964223776318690490137880280
topology-w4a16-c128,topology,W4A16: TP8 / TP4 - 1,128,w4a16-tp4-ep4-dp4-c128,w4a16-tp8-ep8-dp8-c128,mean_e2el_ms,106989.43413845955,77973.14738432615,-29016.28675413340,-27.120703074830918879104404327559109937791735954158
topology-w4a16-c128,topology,W4A16: TP8 / TP4 - 1,128,w4a16-tp4-ep4-dp4-c128,w4a16-tp8-ep8-dp8-c128,median_e2el_ms,106743.83209296502,77856.5622959286,-28887.26979703642,-27.062237911674376757398341585309847472543784295827
topology-w4a16-c128,topology,W4A16: TP8 / TP4 - 1,128,w4a16-tp4-ep4-dp4-c128,w4a16-tp8-ep8-dp8-c128,std_e2el_ms,12131.717419135788,10280.799514819026,-1850.917904316762,-15.256849796033359362233610413351898936873166246567
topology-w4a16-c128,topology,W4A16: TP8 / TP4 - 1,128,w4a16-tp4-ep4-dp4-c128,w4a16-tp8-ep8-dp8-c128,p90_e2el_ms,121311.76303438844,88846.16504856387,-32465.59798582457,-26.762118671559900483765804770375389306659669494304
topology-w4a16-c128,topology,W4A16: TP8 / TP4 - 1,128,w4a16-tp4-ep4-dp4-c128,w4a16-tp8-ep8-dp8-c128,p99_e2el_ms,137642.30548346415,103926.9982442214,-33715.30723924275,-24.494872503638196742420052500523878722307421535963
topology-w4a16-c128,topology,W4A16: TP8 / TP4 - 1,128,w4a16-tp4-ep4-dp4-c128,w4a16-tp8-ep8-dp8-c128,p99.9_e2el_ms,172114.3494809724,146263.07037357896,-25851.27910739344,-15.019827914029534635733485854617150764918141226188
