timestamp, index, power.draw [W], temperature.gpu, clocks.current.sm [MHz], clocks.current.memory [MHz], utilization.gpu [%], utilization.memory [%]
2026/09/20 16:25:08.118, 0, 185.56 W, 41, 120 MHz, 3996 MHz, 0 %, 0 %
2026/09/20 16:25:08.121, 1, 185.68 W, 42, 120 MHz, 3996 MHz, 0 %, 0 %
2026/09/20 16:25:08.123, 2, 179.46 W, 32, 120 MHz, 3996 MHz, 0 %, 0 %
2026/09/20 16:25:08.125, 3, 181.38 W, 32, 120 MHz, 3996 MHz, 0 %, 0 %
2026/09/20 16:25:08.127, 4, 181.30 W, 32, 120 MHz, 3996 MHz, 0 %, 0 %
2026/09/20 16:25:08.130, 5, 179.07 W, 30, 120 MHz, 3996 MHz, 0 %, 0 %
2026/09/20 16:25:08.132, 6, 180.17 W, 28, 120 MHz, 3996 MHz, 0 %, 0 %
2026/09/20 16:25:08.135, 7, 182.13 W, 28, 120 MHz, 3996 MHz, 0 %, 0 %
2026/09/20 16:25:09.137, 0, 185.56 W, 41, 120 MHz, 3996 MHz, 0 %, 0 %
2026/09/20 16:25:09.137, 1, 185.68 W, 42, 120 MHz, 3996 MHz, 0 %, 0 %
2026/09/20 16:25:09.137, 2, 179.46 W, 32, 120 MHz, 3996 MHz, 0 %, 0 %
2026/09/20 16:25:09.137, 3, 181.38 W, 32, 120 MHz, 3996 MHz, 0 %, 0 %
2026/09/20 16:25:09.137, 4, 181.30 W, 32, 120 MHz, 3996 MHz, 0 %, 0 %
2026/09/20 16:25:09.137, 5, 178.93 W, 30, 120 MHz, 3996 MHz, 0 %, 0 %
2026/09/20 16:25:09.137, 6, 180.13 W, 28, 120 MHz, 3996 MHz, 0 %, 0 %
2026/09/20 16:25:09.137, 7, 182.13 W, 28, 120 MHz, 3996 MHz, 0 %, 0 %
2026/09/20 16:25:10.137, 0, 185.56 W, 41, 120 MHz, 3996 MHz, 0 %, 0 %
2026/09/20 16:25:10.137, 1, 185.68 W, 42, 120 MHz, 3996 MHz, 0 %, 0 %
2026/09/20 16:25:10.137, 2, 179.46 W, 32, 120 MHz, 3996 MHz, 0 %, 0 %
2026/09/20 16:25:10.137, 3, 181.34 W, 32, 120 MHz, 3996 MHz, 0 %, 0 %
2026/09/20 16:25:10.137, 4, 181.30 W, 32, 120 MHz, 3996 MHz, 0 %, 0 %
2026/09/20 16:25:10.137, 5, 179.08 W, 31, 120 MHz, 3996 MHz, 0 %, 0 %
2026/09/20 16:25:10.137, 6, 180.17 W, 28, 120 MHz, 3996 MHz, 0 %, 0 %
2026/09/20 16:25:10.138, 7, 182.13 W, 28, 120 MHz, 3996 MHz, 0 %, 0 %
2026/09/20 16:25:11.138, 0, 185.45 W, 41, 120 MHz, 3996 MHz, 0 %, 0 %
2026/09/20 16:25:11.138, 1, 185.68 W, 42, 120 MHz, 3996 MHz, 0 %, 0 %
2026/09/20 16:25:11.138, 2, 179.45 W, 32, 120 MHz, 3996 MHz, 0 %, 0 %
2026/09/20 16:25:11.138, 3, 181.30 W, 32, 120 MHz, 3996 MHz, 0 %, 0 %
2026/09/20 16:25:11.138, 4, 181.30 W, 32, 120 MHz, 3996 MHz, 0 %, 0 %
2026/09/20 16:25:11.138, 5, 178.92 W, 31, 120 MHz, 3996 MHz, 0 %, 0 %
2026/09/20 16:25:11.138, 6, 180.17 W, 28, 120 MHz, 3996 MHz, 0 %, 0 %
2026/09/20 16:25:11.138, 7, 182.13 W, 29, 120 MHz, 3996 MHz, 0 %, 0 %
2026/09/20 16:25:12.138, 0, 185.37 W, 41, 120 MHz, 3996 MHz, 0 %, 0 %
2026/09/20 16:25:12.138, 1, 185.68 W, 41, 120 MHz, 3996 MHz, 0 %, 0 %
2026/09/20 16:25:12.138, 2, 179.45 W, 32, 120 MHz, 3996 MHz, 0 %, 0 %
2026/09/20 16:25:12.138, 3, 181.30 W, 32, 120 MHz, 3996 MHz, 0 %, 0 %
2026/09/20 16:25:12.138, 4, 181.30 W, 33, 120 MHz, 3996 MHz, 0 %, 0 %
2026/09/20 16:25:12.138, 5, 179.24 W, 31, 120 MHz, 3996 MHz, 0 %, 0 %
2026/09/20 16:25:12.138, 6, 180.13 W, 28, 120 MHz, 3996 MHz, 0 %, 0 %
2026/09/20 16:25:12.138, 7, 182.13 W, 29, 120 MHz, 3996 MHz, 0 %, 0 %
2026/09/20 16:25:13.138, 0, 184.57 W, 40, 120 MHz, 3996 MHz, 0 %, 0 %
2026/09/20 16:25:13.138, 1, 185.68 W, 41, 120 MHz, 3996 MHz, 0 %, 0 %
2026/09/20 16:25:13.138, 2, 179.45 W, 32, 120 MHz, 3996 MHz, 0 %, 0 %
2026/09/20 16:25:13.138, 3, 181.30 W, 32, 120 MHz, 3996 MHz, 0 %, 0 %
2026/09/20 16:25:13.138, 4, 181.30 W, 33, 120 MHz, 3996 MHz, 0 %, 0 %
2026/09/20 16:25:13.138, 5, 179.23 W, 31, 120 MHz, 3996 MHz, 0 %, 0 %
2026/09/20 16:25:13.138, 6, 180.17 W, 28, 120 MHz, 3996 MHz, 0 %, 0 %
2026/09/20 16:25:13.138, 7, 182.13 W, 29, 120 MHz, 3996 MHz, 0 %, 0 %
2026/09/20 16:25:14.138, 0, 184.07 W, 40, 120 MHz, 3996 MHz, 0 %, 0 %
2026/09/20 16:25:14.138, 1, 185.68 W, 41, 120 MHz, 3996 MHz, 0 %, 0 %
2026/09/20 16:25:14.138, 2, 179.45 W, 32, 120 MHz, 3996 MHz, 0 %, 0 %
2026/09/20 16:25:14.138, 3, 181.30 W, 32, 120 MHz, 3996 MHz, 0 %, 0 %
2026/09/20 16:25:14.138, 4, 181.30 W, 33, 120 MHz, 3996 MHz, 0 %, 0 %
2026/09/20 16:25:14.138, 5, 179.39 W, 31, 120 MHz, 3996 MHz, 0 %, 0 %
2026/09/20 16:25:14.139, 6, 180.17 W, 28, 120 MHz, 3996 MHz, 0 %, 0 %
2026/09/20 16:25:14.139, 7, 182.13 W, 29, 120 MHz, 3996 MHz, 0 %, 0 %
2026/09/20 16:25:15.139, 0, 183.92 W, 40, 120 MHz, 3996 MHz, 0 %, 0 %
2026/09/20 16:25:15.139, 1, 185.68 W, 41, 120 MHz, 3996 MHz, 0 %, 0 %
2026/09/20 16:25:15.139, 2, 179.46 W, 32, 120 MHz, 3996 MHz, 0 %, 0 %
2026/09/20 16:25:15.139, 3, 181.30 W, 32, 120 MHz, 3996 MHz, 0 %, 0 %
2026/09/20 16:25:15.139, 4, 181.30 W, 33, 120 MHz, 3996 MHz, 0 %, 0 %
2026/09/20 16:25:15.139, 5, 179.27 W, 31, 120 MHz, 3996 MHz, 0 %, 0 %
2026/09/20 16:25:15.139, 6, 180.17 W, 28, 120 MHz, 3996 MHz, 0 %, 0 %
2026/09/20 16:25:15.139, 7, 182.13 W, 29, 120 MHz, 3996 MHz, 0 %, 0 %
2026/09/20 16:25:16.139, 0, 183.68 W, 40, 120 MHz, 3996 MHz, 0 %, 0 %
2026/09/20 16:25:16.139, 1, 185.68 W, 41, 120 MHz, 3996 MHz, 0 %, 0 %
2026/09/20 16:25:16.139, 2, 179.45 W, 32, 120 MHz, 3996 MHz, 0 %, 0 %
2026/09/20 16:25:16.139, 3, 181.30 W, 32, 120 MHz, 3996 MHz, 0 %, 0 %
2026/09/20 16:25:16.139, 4, 181.30 W, 33, 120 MHz, 3996 MHz, 0 %, 0 %
2026/09/20 16:25:16.139, 5, 179.35 W, 31, 120 MHz, 3996 MHz, 0 %, 0 %
2026/09/20 16:25:16.139, 6, 180.17 W, 28, 120 MHz, 3996 MHz, 0 %, 0 %
2026/09/20 16:25:16.139, 7, 182.13 W, 29, 120 MHz, 3996 MHz, 0 %, 0 %
2026/09/20 16:25:17.139, 0, 183.61 W, 40, 120 MHz, 3996 MHz, 0 %, 0 %
2026/09/20 16:25:17.139, 1, 185.64 W, 41, 120 MHz, 3996 MHz, 0 %, 0 %
2026/09/20 16:25:17.139, 2, 179.44 W, 32, 120 MHz, 3996 MHz, 0 %, 0 %
2026/09/20 16:25:17.139, 3, 181.30 W, 31, 120 MHz, 3996 MHz, 0 %, 0 %
2026/09/20 16:25:17.139, 4, 181.30 W, 33, 120 MHz, 3996 MHz, 0 %, 0 %
2026/09/20 16:25:17.139, 5, 179.23 W, 31, 120 MHz, 3996 MHz, 0 %, 0 %
2026/09/20 16:25:17.139, 6, 180.17 W, 28, 120 MHz, 3996 MHz, 0 %, 0 %
2026/09/20 16:25:17.139, 7, 182.13 W, 29, 120 MHz, 3996 MHz, 0 %, 0 %
2026/09/20 16:25:18.139, 0, 183.61 W, 40, 120 MHz, 3996 MHz, 0 %, 0 %
2026/09/20 16:25:18.140, 1, 185.49 W, 41, 120 MHz, 3996 MHz, 0 %, 0 %
2026/09/20 16:25:18.140, 2, 179.45 W, 32, 120 MHz, 3996 MHz, 0 %, 0 %
2026/09/20 16:25:18.140, 3, 181.50 W, 31, 120 MHz, 3996 MHz, 0 %, 0 %
2026/09/20 16:25:18.140, 4, 181.30 W, 33, 120 MHz, 3996 MHz, 0 %, 0 %
2026/09/20 16:25:18.140, 5, 179.35 W, 31, 120 MHz, 3996 MHz, 0 %, 0 %
2026/09/20 16:25:18.140, 6, 180.17 W, 28, 120 MHz, 3996 MHz, 0 %, 0 %
2026/09/20 16:25:18.140, 7, 182.13 W, 29, 120 MHz, 3996 MHz, 0 %, 0 %
2026/09/20 16:25:19.140, 0, 183.61 W, 40, 120 MHz, 3996 MHz, 0 %, 0 %
2026/09/20 16:25:19.140, 1, 185.64 W, 41, 120 MHz, 3996 MHz, 0 %, 0 %
2026/09/20 16:25:19.140, 2, 179.46 W, 32, 120 MHz, 3996 MHz, 0 %, 0 %
2026/09/20 16:25:19.140, 3, 181.90 W, 31, 120 MHz, 3996 MHz, 0 %, 0 %
2026/09/20 16:25:19.140, 4, 181.30 W, 33, 120 MHz, 3996 MHz, 0 %, 0 %
2026/09/20 16:25:19.140, 5, 179.39 W, 31, 120 MHz, 3996 MHz, 0 %, 0 %
2026/09/20 16:25:19.140, 6, 180.17 W, 28, 120 MHz, 3996 MHz, 0 %, 0 %
2026/09/20 16:25:19.140, 7, 182.13 W, 29, 120 MHz, 3996 MHz, 0 %, 0 %
2026/09/20 16:25:20.140, 0, 183.61 W, 40, 120 MHz, 3996 MHz, 0 %, 0 %
2026/09/20 16:25:20.140, 1, 185.68 W, 40, 120 MHz, 3996 MHz, 0 %, 0 %
2026/09/20 16:25:20.140, 2, 179.46 W, 32, 120 MHz, 3996 MHz, 0 %, 0 %
2026/09/20 16:25:20.140, 3, 181.91 W, 31, 120 MHz, 3996 MHz, 0 %, 0 %
2026/09/20 16:25:20.140, 4, 181.30 W, 33, 120 MHz, 3996 MHz, 0 %, 0 %
2026/09/20 16:25:20.140, 5, 179.43 W, 31, 120 MHz, 3996 MHz, 0 %, 0 %
2026/09/20 16:25:20.140, 6, 180.17 W, 28, 120 MHz, 3996 MHz, 0 %, 0 %
2026/09/20 16:25:20.140, 7, 182.13 W, 29, 120 MHz, 3996 MHz, 0 %, 0 %
2026/09/20 16:25:21.140, 0, 183.61 W, 39, 120 MHz, 3996 MHz, 0 %, 0 %
2026/09/20 16:25:21.140, 1, 185.68 W, 40, 120 MHz, 3996 MHz, 0 %, 0 %
2026/09/20 16:25:21.140, 2, 179.45 W, 31, 120 MHz, 3996 MHz, 0 %, 0 %
2026/09/20 16:25:21.140, 3, 181.73 W, 31, 120 MHz, 3996 MHz, 0 %, 0 %
2026/09/20 16:25:21.140, 4, 181.30 W, 33, 120 MHz, 3996 MHz, 0 %, 0 %
2026/09/20 16:25:21.140, 5, 179.39 W, 31, 120 MHz, 3996 MHz, 0 %, 0 %
2026/09/20 16:25:21.140, 6, 180.17 W, 28, 120 MHz, 3996 MHz, 0 %, 0 %
2026/09/20 16:25:21.140, 7, 182.13 W, 29, 120 MHz, 3996 MHz, 0 %, 0 %
2026/09/20 16:25:22.141, 0, 183.61 W, 39, 120 MHz, 3996 MHz, 0 %, 0 %
2026/09/20 16:25:22.141, 1, 185.68 W, 40, 120 MHz, 3996 MHz, 0 %, 0 %
2026/09/20 16:25:22.141, 2, 179.46 W, 31, 120 MHz, 3996 MHz, 0 %, 0 %
2026/09/20 16:25:22.141, 3, 181.56 W, 31, 120 MHz, 3996 MHz, 0 %, 0 %
2026/09/20 16:25:22.141, 4, 181.30 W, 33, 120 MHz, 3996 MHz, 0 %, 0 %
2026/09/20 16:25:22.141, 5, 179.39 W, 31, 120 MHz, 3996 MHz, 0 %, 0 %
2026/09/20 16:25:22.141, 6, 180.17 W, 28, 120 MHz, 3996 MHz, 0 %, 0 %
2026/09/20 16:25:22.141, 7, 182.13 W, 29, 120 MHz, 3996 MHz, 0 %, 0 %
2026/09/20 16:25:23.141, 0, 183.61 W, 39, 120 MHz, 3996 MHz, 0 %, 0 %
2026/09/20 16:25:23.141, 1, 185.64 W, 40, 120 MHz, 3996 MHz, 0 %, 0 %
2026/09/20 16:25:23.141, 2, 179.46 W, 31, 120 MHz, 3996 MHz, 0 %, 0 %
2026/09/20 16:25:23.141, 3, 181.35 W, 31, 120 MHz, 3996 MHz, 0 %, 0 %
2026/09/20 16:25:23.141, 4, 181.30 W, 33, 120 MHz, 3996 MHz, 0 %, 0 %
2026/09/20 16:25:23.141, 5, 179.43 W, 31, 120 MHz, 3996 MHz, 0 %, 0 %
2026/09/20 16:25:23.141, 6, 180.17 W, 28, 120 MHz, 3996 MHz, 0 %, 0 %
2026/09/20 16:25:23.141, 7, 182.13 W, 29, 120 MHz, 3996 MHz, 0 %, 0 %
2026/09/20 16:25:24.141, 0, 183.61 W, 39, 120 MHz, 3996 MHz, 0 %, 0 %
2026/09/20 16:25:24.141, 1, 185.53 W, 40, 120 MHz, 3996 MHz, 0 %, 0 %
2026/09/20 16:25:24.141, 2, 179.46 W, 31, 120 MHz, 3996 MHz, 0 %, 0 %
2026/09/20 16:25:24.141, 3, 181.40 W, 31, 120 MHz, 3996 MHz, 0 %, 0 %
2026/09/20 16:25:24.141, 4, 181.30 W, 33, 120 MHz, 3996 MHz, 0 %, 0 %
2026/09/20 16:25:24.141, 5, 179.35 W, 31, 120 MHz, 3996 MHz, 0 %, 0 %
2026/09/20 16:25:24.141, 6, 180.17 W, 28, 120 MHz, 3996 MHz, 0 %, 0 %
2026/09/20 16:25:24.141, 7, 182.13 W, 29, 120 MHz, 3996 MHz, 0 %, 0 %
2026/09/20 16:25:25.141, 0, 183.61 W, 39, 120 MHz, 3996 MHz, 0 %, 0 %
2026/09/20 16:25:25.141, 1, 185.56 W, 40, 120 MHz, 3996 MHz, 0 %, 0 %
2026/09/20 16:25:25.142, 2, 179.46 W, 31, 120 MHz, 3996 MHz, 0 %, 0 %
2026/09/20 16:25:25.142, 3, 181.30 W, 31, 120 MHz, 3996 MHz, 0 %, 0 %
2026/09/20 16:25:25.142, 4, 181.30 W, 33, 120 MHz, 3996 MHz, 0 %, 0 %
2026/09/20 16:25:25.142, 5, 179.35 W, 31, 120 MHz, 3996 MHz, 0 %, 0 %
2026/09/20 16:25:25.142, 6, 180.17 W, 28, 120 MHz, 3996 MHz, 0 %, 0 %
2026/09/20 16:25:25.142, 7, 182.13 W, 29, 120 MHz, 3996 MHz, 0 %, 0 %
2026/09/20 16:25:26.142, 0, 183.61 W, 39, 120 MHz, 3996 MHz, 0 %, 0 %
2026/09/20 16:25:26.142, 1, 185.64 W, 40, 120 MHz, 3996 MHz, 0 %, 0 %
2026/09/20 16:25:26.142, 2, 179.46 W, 31, 120 MHz, 3996 MHz, 0 %, 0 %
2026/09/20 16:25:26.142, 3, 181.23 W, 31, 120 MHz, 3996 MHz, 0 %, 0 %
2026/09/20 16:25:26.142, 4, 181.30 W, 33, 120 MHz, 3996 MHz, 0 %, 0 %
2026/09/20 16:25:26.142, 5, 179.43 W, 31, 120 MHz, 3996 MHz, 0 %, 0 %
2026/09/20 16:25:26.142, 6, 180.17 W, 28, 120 MHz, 3996 MHz, 0 %, 0 %
2026/09/20 16:25:26.142, 7, 182.13 W, 29, 120 MHz, 3996 MHz, 0 %, 0 %
2026/09/20 16:25:27.142, 0, 183.61 W, 39, 120 MHz, 3996 MHz, 0 %, 0 %
2026/09/20 16:25:27.142, 1, 185.15 W, 40, 120 MHz, 3996 MHz, 0 %, 0 %
2026/09/20 16:25:27.142, 2, 179.47 W, 31, 120 MHz, 3996 MHz, 0 %, 0 %
2026/09/20 16:25:27.142, 3, 181.27 W, 31, 120 MHz, 3996 MHz, 0 %, 0 %
2026/09/20 16:25:27.142, 4, 181.30 W, 33, 120 MHz, 3996 MHz, 0 %, 0 %
2026/09/20 16:25:27.142, 5, 179.39 W, 31, 120 MHz, 3996 MHz, 0 %, 0 %
2026/09/20 16:25:27.142, 6, 180.17 W, 28, 120 MHz, 3996 MHz, 0 %, 0 %
2026/09/20 16:25:27.142, 7, 182.13 W, 29, 120 MHz, 3996 MHz, 0 %, 0 %
2026/09/20 16:25:28.142, 0, 183.61 W, 39, 120 MHz, 3996 MHz, 0 %, 0 %
2026/09/20 16:25:28.142, 1, 185.03 W, 40, 120 MHz, 3996 MHz, 0 %, 0 %
2026/09/20 16:25:28.142, 2, 179.47 W, 31, 120 MHz, 3996 MHz, 0 %, 0 %
2026/09/20 16:25:28.142, 3, 181.28 W, 31, 120 MHz, 3996 MHz, 0 %, 0 %
2026/09/20 16:25:28.142, 4, 181.30 W, 33, 120 MHz, 3996 MHz, 0 %, 0 %
2026/09/20 16:25:28.142, 5, 179.43 W, 31, 120 MHz, 3996 MHz, 0 %, 0 %
2026/09/20 16:25:28.142, 6, 180.17 W, 29, 120 MHz, 3996 MHz, 0 %, 0 %
2026/09/20 16:25:28.142, 7, 182.13 W, 29, 120 MHz, 3996 MHz, 0 %, 0 %
2026/09/20 16:25:29.143, 0, 183.61 W, 39, 120 MHz, 3996 MHz, 0 %, 0 %
2026/09/20 16:25:29.143, 1, 185.01 W, 40, 120 MHz, 3996 MHz, 0 %, 0 %
2026/09/20 16:25:29.143, 2, 179.46 W, 31, 120 MHz, 3996 MHz, 0 %, 0 %
2026/09/20 16:25:29.143, 3, 181.26 W, 31, 120 MHz, 3996 MHz, 0 %, 0 %
2026/09/20 16:25:29.143, 4, 181.30 W, 33, 120 MHz, 3996 MHz, 0 %, 0 %
2026/09/20 16:25:29.143, 5, 179.46 W, 31, 120 MHz, 3996 MHz, 0 %, 0 %
2026/09/20 16:25:29.143, 6, 180.17 W, 29, 120 MHz, 3996 MHz, 0 %, 0 %
2026/09/20 16:25:29.143, 7, 182.13 W, 29, 120 MHz, 3996 MHz, 0 %, 0 %
2026/09/20 16:25:30.143, 0, 183.61 W, 38, 120 MHz, 3996 MHz, 0 %, 0 %
2026/09/20 16:25:30.143, 1, 184.66 W, 39, 120 MHz, 3996 MHz, 0 %, 0 %
2026/09/20 16:25:30.143, 2, 179.46 W, 31, 120 MHz, 3996 MHz, 0 %, 0 %
2026/09/20 16:25:30.143, 3, 181.28 W, 31, 120 MHz, 3996 MHz, 0 %, 0 %
2026/09/20 16:25:30.143, 4, 181.30 W, 33, 120 MHz, 3996 MHz, 0 %, 0 %
2026/09/20 16:25:30.143, 5, 179.47 W, 31, 120 MHz, 3996 MHz, 0 %, 0 %
2026/09/20 16:25:30.143, 6, 180.16 W, 29, 120 MHz, 3996 MHz, 0 %, 0 %
2026/09/20 16:25:30.143, 7, 182.13 W, 29, 120 MHz, 3996 MHz, 0 %, 0 %
2026/09/20 16:25:31.143, 0, 183.61 W, 38, 120 MHz, 3996 MHz, 0 %, 0 %
2026/09/20 16:25:31.143, 1, 184.00 W, 39, 120 MHz, 3996 MHz, 0 %, 0 %
2026/09/20 16:25:31.143, 2, 179.45 W, 31, 120 MHz, 3996 MHz, 0 %, 0 %
2026/09/20 16:25:31.143, 3, 181.29 W, 31, 120 MHz, 3996 MHz, 0 %, 0 %
2026/09/20 16:25:31.143, 4, 181.30 W, 33, 120 MHz, 3996 MHz, 0 %, 0 %
2026/09/20 16:25:31.143, 5, 179.47 W, 31, 120 MHz, 3996 MHz, 0 %, 0 %
2026/09/20 16:25:31.143, 6, 180.17 W, 29, 120 MHz, 3996 MHz, 0 %, 0 %
2026/09/20 16:25:31.143, 7, 182.13 W, 29, 120 MHz, 3996 MHz, 0 %, 0 %
2026/09/20 16:25:32.143, 0, 183.61 W, 38, 120 MHz, 3996 MHz, 0 %, 0 %
2026/09/20 16:25:32.143, 1, 183.88 W, 39, 120 MHz, 3996 MHz, 0 %, 0 %
2026/09/20 16:25:32.143, 2, 179.46 W, 31, 120 MHz, 3996 MHz, 0 %, 0 %
2026/09/20 16:25:32.143, 3, 181.29 W, 31, 120 MHz, 3996 MHz, 0 %, 0 %
2026/09/20 16:25:32.143, 4, 181.30 W, 33, 120 MHz, 3996 MHz, 0 %, 0 %
2026/09/20 16:25:32.143, 5, 179.47 W, 31, 120 MHz, 3996 MHz, 0 %, 0 %
2026/09/20 16:25:32.144, 6, 180.17 W, 29, 120 MHz, 3996 MHz, 0 %, 0 %
2026/09/20 16:25:32.144, 7, 182.13 W, 29, 120 MHz, 3996 MHz, 0 %, 0 %
2026/09/20 16:25:33.144, 0, 183.61 W, 38, 120 MHz, 3996 MHz, 0 %, 0 %
2026/09/20 16:25:33.144, 1, 183.85 W, 39, 120 MHz, 3996 MHz, 0 %, 0 %
2026/09/20 16:25:33.144, 2, 179.46 W, 31, 120 MHz, 3996 MHz, 0 %, 0 %
2026/09/20 16:25:33.144, 3, 181.29 W, 31, 120 MHz, 3996 MHz, 0 %, 0 %
2026/09/20 16:25:33.144, 4, 181.30 W, 33, 120 MHz, 3996 MHz, 0 %, 0 %
2026/09/20 16:25:33.144, 5, 179.46 W, 31, 120 MHz, 3996 MHz, 0 %, 0 %
2026/09/20 16:25:33.144, 6, 180.17 W, 29, 120 MHz, 3996 MHz, 0 %, 0 %
2026/09/20 16:25:33.144, 7, 182.13 W, 29, 120 MHz, 3996 MHz, 0 %, 0 %
2026/09/20 16:25:34.144, 0, 183.61 W, 38, 120 MHz, 3996 MHz, 0 %, 0 %
2026/09/20 16:25:34.144, 1, 183.80 W, 39, 120 MHz, 3996 MHz, 0 %, 0 %
2026/09/20 16:25:34.144, 2, 179.46 W, 31, 120 MHz, 3996 MHz, 0 %, 0 %
2026/09/20 16:25:34.144, 3, 181.28 W, 31, 120 MHz, 3996 MHz, 0 %, 0 %
2026/09/20 16:25:34.144, 4, 181.34 W, 33, 120 MHz, 3996 MHz, 0 %, 0 %
2026/09/20 16:25:34.144, 5, 179.47 W, 31, 120 MHz, 3996 MHz, 0 %, 0 %
2026/09/20 16:25:34.144, 6, 180.17 W, 29, 120 MHz, 3996 MHz, 0 %, 0 %
2026/09/20 16:25:34.144, 7, 182.13 W, 29, 120 MHz, 3996 MHz, 0 %, 0 %
2026/09/20 16:25:35.144, 0, 183.53 W, 38, 120 MHz, 3996 MHz, 0 %, 0 %
2026/09/20 16:25:35.144, 1, 183.72 W, 39, 120 MHz, 3996 MHz, 0 %, 0 %
2026/09/20 16:25:35.144, 2, 179.47 W, 31, 120 MHz, 3996 MHz, 0 %, 0 %
2026/09/20 16:25:35.144, 3, 181.29 W, 31, 120 MHz, 3996 MHz, 0 %, 0 %
2026/09/20 16:25:35.144, 4, 181.30 W, 33, 120 MHz, 3996 MHz, 0 %, 0 %
2026/09/20 16:25:35.144, 5, 179.46 W, 31, 120 MHz, 3996 MHz, 0 %, 0 %
2026/09/20 16:25:35.144, 6, 180.17 W, 29, 120 MHz, 3996 MHz, 0 %, 0 %
2026/09/20 16:25:35.144, 7, 182.13 W, 29, 120 MHz, 3996 MHz, 0 %, 0 %
2026/09/20 16:25:36.144, 0, 183.61 W, 38, 120 MHz, 3996 MHz, 0 %, 0 %
2026/09/20 16:25:36.144, 1, 183.70 W, 39, 120 MHz, 3996 MHz, 0 %, 0 %
2026/09/20 16:25:36.144, 2, 179.47 W, 31, 120 MHz, 3996 MHz, 0 %, 0 %
2026/09/20 16:25:36.144, 3, 181.29 W, 30, 120 MHz, 3996 MHz, 0 %, 0 %
2026/09/20 16:25:36.144, 4, 181.34 W, 33, 120 MHz, 3996 MHz, 0 %, 0 %
2026/09/20 16:25:36.144, 5, 179.46 W, 31, 120 MHz, 3996 MHz, 0 %, 0 %
2026/09/20 16:25:36.145, 6, 180.17 W, 29, 120 MHz, 3996 MHz, 0 %, 0 %
2026/09/20 16:25:36.145, 7, 182.13 W, 29, 120 MHz, 3996 MHz, 0 %, 0 %
2026/09/20 16:25:37.146, 0, 183.61 W, 38, 120 MHz, 3996 MHz, 0 %, 0 %
2026/09/20 16:25:37.146, 1, 183.72 W, 39, 120 MHz, 3996 MHz, 0 %, 0 %
2026/09/20 16:25:37.146, 2, 179.46 W, 31, 120 MHz, 3996 MHz, 0 %, 0 %
2026/09/20 16:25:37.146, 3, 181.29 W, 30, 120 MHz, 3996 MHz, 0 %, 0 %
2026/09/20 16:25:37.146, 4, 181.30 W, 33, 120 MHz, 3996 MHz, 0 %, 0 %
2026/09/20 16:25:37.146, 5, 179.46 W, 31, 120 MHz, 3996 MHz, 0 %, 0 %
2026/09/20 16:25:37.146, 6, 180.17 W, 29, 120 MHz, 3996 MHz, 0 %, 0 %
2026/09/20 16:25:37.146, 7, 182.13 W, 29, 120 MHz, 3996 MHz, 0 %, 0 %
2026/09/20 16:25:38.146, 0, 183.53 W, 38, 120 MHz, 3996 MHz, 0 %, 0 %
2026/09/20 16:25:38.146, 1, 183.72 W, 39, 120 MHz, 3996 MHz, 0 %, 0 %
2026/09/20 16:25:38.146, 2, 179.46 W, 31, 120 MHz, 3996 MHz, 0 %, 0 %
2026/09/20 16:25:38.146, 3, 181.29 W, 30, 120 MHz, 3996 MHz, 0 %, 0 %
2026/09/20 16:25:38.146, 4, 181.30 W, 33, 120 MHz, 3996 MHz, 0 %, 0 %
2026/09/20 16:25:38.146, 5, 179.47 W, 31, 120 MHz, 3996 MHz, 0 %, 0 %
2026/09/20 16:25:38.146, 6, 180.17 W, 29, 120 MHz, 3996 MHz, 0 %, 0 %
2026/09/20 16:25:38.146, 7, 182.13 W, 29, 120 MHz, 3996 MHz, 0 %, 0 %
2026/09/20 16:25:39.146, 0, 183.22 W, 38, 120 MHz, 3996 MHz, 0 %, 0 %
2026/09/20 16:25:39.146, 1, 183.71 W, 39, 120 MHz, 3996 MHz, 0 %, 0 %
2026/09/20 16:25:39.146, 2, 179.46 W, 31, 120 MHz, 3996 MHz, 0 %, 0 %
2026/09/20 16:25:39.146, 3, 181.30 W, 30, 120 MHz, 3996 MHz, 0 %, 0 %
2026/09/20 16:25:39.146, 4, 181.30 W, 33, 120 MHz, 3996 MHz, 0 %, 0 %
2026/09/20 16:25:39.146, 5, 179.47 W, 31, 120 MHz, 3996 MHz, 0 %, 0 %
2026/09/20 16:25:39.147, 6, 180.17 W, 29, 120 MHz, 3996 MHz, 0 %, 0 %
2026/09/20 16:25:39.147, 7, 182.13 W, 29, 120 MHz, 3996 MHz, 0 %, 0 %
2026/09/20 16:25:40.147, 0, 183.02 W, 38, 120 MHz, 3996 MHz, 0 %, 0 %
2026/09/20 16:25:40.147, 1, 183.71 W, 39, 120 MHz, 3996 MHz, 0 %, 0 %
2026/09/20 16:25:40.147, 2, 179.46 W, 31, 120 MHz, 3996 MHz, 0 %, 0 %
2026/09/20 16:25:40.147, 3, 181.28 W, 30, 120 MHz, 3996 MHz, 0 %, 0 %
2026/09/20 16:25:40.147, 4, 181.30 W, 33, 120 MHz, 3996 MHz, 0 %, 0 %
2026/09/20 16:25:40.147, 5, 179.46 W, 31, 120 MHz, 3996 MHz, 0 %, 0 %
2026/09/20 16:25:40.147, 6, 180.17 W, 29, 120 MHz, 3996 MHz, 0 %, 0 %
2026/09/20 16:25:40.147, 7, 182.13 W, 29, 120 MHz, 3996 MHz, 0 %, 0 %
2026/09/20 16:25:41.147, 0, 182.75 W, 37, 120 MHz, 3996 MHz, 0 %, 0 %
2026/09/20 16:25:41.147, 1, 183.67 W, 38, 120 MHz, 3996 MHz, 0 %, 0 %
2026/09/20 16:25:41.147, 2, 179.47 W, 31, 120 MHz, 3996 MHz, 0 %, 0 %
2026/09/20 16:25:41.147, 3, 181.29 W, 30, 120 MHz, 3996 MHz, 0 %, 0 %
2026/09/20 16:25:41.147, 4, 181.30 W, 33, 120 MHz, 3996 MHz, 0 %, 0 %
2026/09/20 16:25:41.147, 5, 179.47 W, 31, 120 MHz, 3996 MHz, 0 %, 0 %
2026/09/20 16:25:41.147, 6, 180.17 W, 29, 120 MHz, 3996 MHz, 0 %, 0 %
2026/09/20 16:25:41.147, 7, 182.13 W, 29, 120 MHz, 3996 MHz, 0 %, 0 %
2026/09/20 16:25:42.147, 0, 182.50 W, 37, 120 MHz, 3996 MHz, 0 %, 0 %
2026/09/20 16:25:42.147, 1, 183.68 W, 38, 120 MHz, 3996 MHz, 0 %, 0 %
2026/09/20 16:25:42.147, 2, 179.46 W, 30, 120 MHz, 3996 MHz, 0 %, 0 %
2026/09/20 16:25:42.147, 3, 181.29 W, 30, 120 MHz, 3996 MHz, 0 %, 0 %
2026/09/20 16:25:42.147, 4, 181.30 W, 33, 120 MHz, 3996 MHz, 0 %, 0 %
2026/09/20 16:25:42.147, 5, 179.46 W, 31, 120 MHz, 3996 MHz, 0 %, 0 %
2026/09/20 16:25:42.147, 6, 180.17 W, 29, 120 MHz, 3996 MHz, 0 %, 0 %
2026/09/20 16:25:42.147, 7, 182.13 W, 29, 120 MHz, 3996 MHz, 0 %, 0 %
2026/09/20 16:25:43.147, 0, 182.32 W, 37, 120 MHz, 3996 MHz, 0 %, 0 %
2026/09/20 16:25:43.148, 1, 183.66 W, 38, 120 MHz, 3996 MHz, 0 %, 0 %
2026/09/20 16:25:43.148, 2, 179.46 W, 30, 120 MHz, 3996 MHz, 0 %, 0 %
2026/09/20 16:25:43.148, 3, 181.27 W, 30, 120 MHz, 3996 MHz, 0 %, 0 %
2026/09/20 16:25:43.148, 4, 181.30 W, 33, 120 MHz, 3996 MHz, 0 %, 0 %
2026/09/20 16:25:43.148, 5, 179.47 W, 31, 120 MHz, 3996 MHz, 0 %, 0 %
2026/09/20 16:25:43.148, 6, 180.17 W, 29, 120 MHz, 3996 MHz, 0 %, 0 %
2026/09/20 16:25:43.148, 7, 182.13 W, 29, 120 MHz, 3996 MHz, 0 %, 0 %
2026/09/20 16:25:44.148, 0, 182.12 W, 37, 120 MHz, 3996 MHz, 0 %, 0 %
2026/09/20 16:25:44.148, 1, 183.67 W, 38, 120 MHz, 3996 MHz, 0 %, 0 %
2026/09/20 16:25:44.148, 2, 179.46 W, 30, 120 MHz, 3996 MHz, 0 %, 0 %
2026/09/20 16:25:44.148, 3, 181.28 W, 30, 120 MHz, 3996 MHz, 0 %, 0 %
2026/09/20 16:25:44.148, 4, 181.30 W, 33, 120 MHz, 3996 MHz, 0 %, 0 %
2026/09/20 16:25:44.148, 5, 179.47 W, 31, 120 MHz, 3996 MHz, 0 %, 0 %
2026/09/20 16:25:44.148, 6, 180.17 W, 29, 120 MHz, 3996 MHz, 0 %, 0 %
2026/09/20 16:25:44.148, 7, 182.13 W, 29, 120 MHz, 3996 MHz, 0 %, 0 %
2026/09/20 16:25:45.148, 0, 182.12 W, 37, 120 MHz, 3996 MHz, 0 %, 0 %
2026/09/20 16:25:45.148, 1, 183.67 W, 38, 120 MHz, 3996 MHz, 0 %, 0 %
2026/09/20 16:25:45.148, 2, 179.46 W, 30, 120 MHz, 3996 MHz, 0 %, 0 %
2026/09/20 16:25:45.148, 3, 181.29 W, 30, 120 MHz, 3996 MHz, 0 %, 0 %
2026/09/20 16:25:45.148, 4, 181.30 W, 33, 120 MHz, 3996 MHz, 0 %, 0 %
2026/09/20 16:25:45.148, 5, 179.47 W, 31, 120 MHz, 3996 MHz, 0 %, 0 %
2026/09/20 16:25:45.148, 6, 180.17 W, 29, 120 MHz, 3996 MHz, 0 %, 0 %
2026/09/20 16:25:45.148, 7, 182.13 W, 29, 120 MHz, 3996 MHz, 0 %, 0 %
2026/09/20 16:25:46.148, 0, 181.93 W, 37, 120 MHz, 3996 MHz, 0 %, 0 %
2026/09/20 16:25:46.148, 1, 183.66 W, 38, 120 MHz, 3996 MHz, 0 %, 0 %
2026/09/20 16:25:46.148, 2, 179.46 W, 30, 120 MHz, 3996 MHz, 0 %, 0 %
2026/09/20 16:25:46.148, 3, 181.29 W, 30, 120 MHz, 3996 MHz, 0 %, 0 %
2026/09/20 16:25:46.149, 4, 181.30 W, 33, 120 MHz, 3996 MHz, 0 %, 0 %
2026/09/20 16:25:46.149, 5, 179.46 W, 31, 120 MHz, 3996 MHz, 0 %, 0 %
2026/09/20 16:25:46.149, 6, 180.17 W, 29, 120 MHz, 3996 MHz, 0 %, 0 %
2026/09/20 16:25:46.149, 7, 182.13 W, 29, 120 MHz, 3996 MHz, 0 %, 0 %
2026/09/20 16:25:47.149, 0, 181.77 W, 37, 120 MHz, 3996 MHz, 0 %, 0 %
2026/09/20 16:25:47.149, 1, 183.63 W, 38, 120 MHz, 3996 MHz, 0 %, 0 %
2026/09/20 16:25:47.149, 2, 179.47 W, 30, 120 MHz, 3996 MHz, 0 %, 0 %
2026/09/20 16:25:47.149, 3, 181.26 W, 30, 120 MHz, 3996 MHz, 0 %, 0 %
2026/09/20 16:25:47.149, 4, 181.30 W, 33, 120 MHz, 3996 MHz, 0 %, 0 %
2026/09/20 16:25:47.149, 5, 179.47 W, 31, 120 MHz, 3996 MHz, 0 %, 0 %
2026/09/20 16:25:47.149, 6, 180.17 W, 29, 120 MHz, 3996 MHz, 0 %, 0 %
2026/09/20 16:25:47.149, 7, 182.13 W, 29, 120 MHz, 3996 MHz, 0 %, 0 %
2026/09/20 16:25:48.149, 0, 181.85 W, 37, 120 MHz, 3996 MHz, 0 %, 0 %
2026/09/20 16:25:48.149, 1, 183.62 W, 38, 120 MHz, 3996 MHz, 0 %, 0 %
2026/09/20 16:25:48.149, 2, 179.46 W, 30, 120 MHz, 3996 MHz, 0 %, 0 %
2026/09/20 16:25:48.149, 3, 181.28 W, 30, 120 MHz, 3996 MHz, 0 %, 0 %
2026/09/20 16:25:48.149, 4, 181.34 W, 33, 120 MHz, 3996 MHz, 0 %, 0 %
2026/09/20 16:25:48.149, 5, 179.47 W, 31, 120 MHz, 3996 MHz, 0 %, 0 %
2026/09/20 16:25:48.149, 6, 180.17 W, 29, 120 MHz, 3996 MHz, 0 %, 0 %
2026/09/20 16:25:48.149, 7, 182.13 W, 29, 120 MHz, 3996 MHz, 0 %, 0 %
2026/09/20 16:25:49.149, 0, 181.69 W, 37, 120 MHz, 3996 MHz, 0 %, 0 %
2026/09/20 16:25:49.149, 1, 183.62 W, 38, 120 MHz, 3996 MHz, 0 %, 0 %
2026/09/20 16:25:49.149, 2, 179.47 W, 30, 120 MHz, 3996 MHz, 0 %, 0 %
2026/09/20 16:25:49.149, 3, 181.21 W, 30, 120 MHz, 3996 MHz, 0 %, 0 %
2026/09/20 16:25:49.149, 4, 181.30 W, 33, 120 MHz, 3996 MHz, 0 %, 0 %
2026/09/20 16:25:49.149, 5, 179.47 W, 31, 120 MHz, 3996 MHz, 0 %, 0 %
2026/09/20 16:25:49.149, 6, 180.17 W, 29, 120 MHz, 3996 MHz, 0 %, 0 %
2026/09/20 16:25:49.149, 7, 182.13 W, 29, 120 MHz, 3996 MHz, 0 %, 0 %
2026/09/20 16:25:50.150, 0, 181.69 W, 37, 120 MHz, 3996 MHz, 0 %, 0 %
2026/09/20 16:25:50.150, 1, 183.62 W, 38, 120 MHz, 3996 MHz, 0 %, 0 %
2026/09/20 16:25:50.150, 2, 179.46 W, 30, 120 MHz, 3996 MHz, 0 %, 0 %
2026/09/20 16:25:50.150, 3, 181.29 W, 30, 120 MHz, 3996 MHz, 0 %, 0 %
2026/09/20 16:25:50.150, 4, 181.37 W, 33, 120 MHz, 3996 MHz, 0 %, 0 %
2026/09/20 16:25:50.150, 5, 179.46 W, 31, 120 MHz, 3996 MHz, 0 %, 0 %
2026/09/20 16:25:50.150, 6, 180.17 W, 29, 120 MHz, 3996 MHz, 0 %, 0 %
2026/09/20 16:25:50.150, 7, 182.13 W, 29, 120 MHz, 3996 MHz, 0 %, 0 %
2026/09/20 16:25:51.150, 0, 181.69 W, 37, 120 MHz, 3996 MHz, 0 %, 0 %
2026/09/20 16:25:51.150, 1, 183.61 W, 38, 120 MHz, 3996 MHz, 0 %, 0 %
2026/09/20 16:25:51.150, 2, 179.47 W, 30, 120 MHz, 3996 MHz, 0 %, 0 %
2026/09/20 16:25:51.150, 3, 181.29 W, 30, 120 MHz, 3996 MHz, 0 %, 0 %
2026/09/20 16:25:51.150, 4, 181.38 W, 33, 120 MHz, 3996 MHz, 0 %, 0 %
2026/09/20 16:25:51.150, 5, 179.47 W, 31, 120 MHz, 3996 MHz, 0 %, 0 %
2026/09/20 16:25:51.150, 6, 180.17 W, 29, 120 MHz, 3996 MHz, 0 %, 0 %
2026/09/20 16:25:51.150, 7, 182.13 W, 29, 120 MHz, 3996 MHz, 0 %, 0 %
2026/09/20 16:25:52.150, 0, 181.65 W, 37, 120 MHz, 3996 MHz, 0 %, 0 %
2026/09/20 16:25:52.150, 1, 183.61 W, 38, 120 MHz, 3996 MHz, 0 %, 0 %
2026/09/20 16:25:52.150, 2, 179.47 W, 30, 120 MHz, 3996 MHz, 0 %, 0 %
2026/09/20 16:25:52.150, 3, 181.29 W, 30, 120 MHz, 3996 MHz, 0 %, 0 %
2026/09/20 16:25:52.150, 4, 181.37 W, 34, 120 MHz, 3996 MHz, 0 %, 0 %
2026/09/20 16:25:52.150, 5, 179.47 W, 31, 120 MHz, 3996 MHz, 0 %, 0 %
2026/09/20 16:25:52.150, 6, 180.17 W, 29, 120 MHz, 3996 MHz, 0 %, 0 %
2026/09/20 16:25:52.150, 7, 182.13 W, 29, 120 MHz, 3996 MHz, 0 %, 0 %
2026/09/20 16:25:53.150, 0, 181.69 W, 37, 120 MHz, 3996 MHz, 0 %, 0 %
2026/09/20 16:25:53.150, 1, 183.61 W, 38, 120 MHz, 3996 MHz, 0 %, 0 %
2026/09/20 16:25:53.150, 2, 179.46 W, 30, 120 MHz, 3996 MHz, 0 %, 0 %
2026/09/20 16:25:53.150, 3, 181.25 W, 30, 120 MHz, 3996 MHz, 0 %, 0 %
2026/09/20 16:25:53.150, 4, 181.37 W, 34, 120 MHz, 3996 MHz, 0 %, 0 %
2026/09/20 16:25:53.150, 5, 179.47 W, 31, 120 MHz, 3996 MHz, 0 %, 0 %
2026/09/20 16:25:53.151, 6, 180.17 W, 29, 120 MHz, 3996 MHz, 0 %, 0 %
2026/09/20 16:25:53.151, 7, 182.13 W, 29, 120 MHz, 3996 MHz, 0 %, 0 %
2026/09/20 16:25:54.151, 0, 181.65 W, 37, 120 MHz, 3996 MHz, 0 %, 0 %
2026/09/20 16:25:54.151, 1, 183.61 W, 38, 120 MHz, 3996 MHz, 0 %, 0 %
2026/09/20 16:25:54.151, 2, 179.46 W, 30, 120 MHz, 3996 MHz, 0 %, 0 %
2026/09/20 16:25:54.151, 3, 181.26 W, 30, 120 MHz, 3996 MHz, 0 %, 0 %
2026/09/20 16:25:54.151, 4, 181.30 W, 34, 120 MHz, 3996 MHz, 0 %, 0 %
2026/09/20 16:25:54.151, 5, 179.47 W, 31, 120 MHz, 3996 MHz, 0 %, 0 %
2026/09/20 16:25:54.151, 6, 180.17 W, 29, 120 MHz, 3996 MHz, 0 %, 0 %
2026/09/20 16:25:54.151, 7, 182.13 W, 29, 120 MHz, 3996 MHz, 0 %, 0 %
2026/09/20 16:25:55.151, 0, 181.65 W, 37, 120 MHz, 3996 MHz, 0 %, 0 %
2026/09/20 16:25:55.151, 1, 183.61 W, 38, 120 MHz, 3996 MHz, 0 %, 0 %
2026/09/20 16:25:55.151, 2, 179.46 W, 30, 120 MHz, 3996 MHz, 0 %, 0 %
2026/09/20 16:25:55.151, 3, 181.29 W, 30, 120 MHz, 3996 MHz, 0 %, 0 %
2026/09/20 16:25:55.151, 4, 181.41 W, 34, 120 MHz, 3996 MHz, 0 %, 0 %
2026/09/20 16:25:55.151, 5, 179.47 W, 31, 120 MHz, 3996 MHz, 0 %, 0 %
2026/09/20 16:25:55.151, 6, 180.17 W, 29, 120 MHz, 3996 MHz, 0 %, 0 %
2026/09/20 16:25:55.151, 7, 182.13 W, 29, 120 MHz, 3996 MHz, 0 %, 0 %
2026/09/20 16:25:56.151, 0, 181.65 W, 36, 120 MHz, 3996 MHz, 0 %, 0 %
2026/09/20 16:25:56.151, 1, 183.61 W, 38, 120 MHz, 3996 MHz, 0 %, 0 %
2026/09/20 16:25:56.151, 2, 179.46 W, 30, 120 MHz, 3996 MHz, 0 %, 0 %
2026/09/20 16:25:56.151, 3, 181.22 W, 30, 120 MHz, 3996 MHz, 0 %, 0 %
2026/09/20 16:25:56.151, 4, 181.30 W, 34, 120 MHz, 3996 MHz, 0 %, 0 %
2026/09/20 16:25:56.151, 5, 179.46 W, 31, 120 MHz, 3996 MHz, 0 %, 0 %
2026/09/20 16:25:56.151, 6, 180.17 W, 29, 120 MHz, 3996 MHz, 0 %, 0 %
2026/09/20 16:25:56.151, 7, 182.13 W, 29, 120 MHz, 3996 MHz, 0 %, 0 %
2026/09/20 16:25:57.151, 0, 181.65 W, 36, 120 MHz, 3996 MHz, 0 %, 0 %
2026/09/20 16:25:57.152, 1, 183.61 W, 38, 120 MHz, 3996 MHz, 0 %, 0 %
2026/09/20 16:25:57.152, 2, 179.46 W, 30, 120 MHz, 3996 MHz, 0 %, 0 %
2026/09/20 16:25:57.152, 3, 181.29 W, 30, 120 MHz, 3996 MHz, 0 %, 0 %
2026/09/20 16:25:57.152, 4, 181.45 W, 34, 120 MHz, 3996 MHz, 0 %, 0 %
2026/09/20 16:25:57.152, 5, 179.47 W, 31, 120 MHz, 3996 MHz, 0 %, 0 %
2026/09/20 16:25:57.152, 6, 180.17 W, 29, 120 MHz, 3996 MHz, 0 %, 0 %
2026/09/20 16:25:57.152, 7, 182.13 W, 29, 120 MHz, 3996 MHz, 0 %, 0 %
2026/09/20 16:25:58.152, 0, 181.65 W, 36, 120 MHz, 3996 MHz, 0 %, 0 %
2026/09/20 16:25:58.152, 1, 183.62 W, 37, 120 MHz, 3996 MHz, 0 %, 0 %
2026/09/20 16:25:58.152, 2, 179.42 W, 30, 120 MHz, 3996 MHz, 0 %, 0 %
2026/09/20 16:25:58.152, 3, 181.24 W, 30, 120 MHz, 3996 MHz, 0 %, 0 %
2026/09/20 16:25:58.152, 4, 181.45 W, 34, 120 MHz, 3996 MHz, 0 %, 0 %
2026/09/20 16:25:58.152, 5, 179.47 W, 31, 120 MHz, 3996 MHz, 0 %, 0 %
2026/09/20 16:25:58.152, 6, 180.17 W, 29, 120 MHz, 3996 MHz, 0 %, 0 %
2026/09/20 16:25:58.152, 7, 182.13 W, 29, 120 MHz, 3996 MHz, 0 %, 0 %
2026/09/20 16:25:59.152, 0, 181.65 W, 36, 120 MHz, 3996 MHz, 0 %, 0 %
2026/09/20 16:25:59.152, 1, 183.61 W, 37, 120 MHz, 3996 MHz, 0 %, 0 %
2026/09/20 16:25:59.152, 2, 179.46 W, 30, 120 MHz, 3996 MHz, 0 %, 0 %
2026/09/20 16:25:59.152, 3, 181.25 W, 30, 120 MHz, 3996 MHz, 0 %, 0 %
2026/09/20 16:25:59.152, 4, 181.38 W, 34, 120 MHz, 3996 MHz, 0 %, 0 %
2026/09/20 16:25:59.152, 5, 179.46 W, 31, 120 MHz, 3996 MHz, 0 %, 0 %
2026/09/20 16:25:59.152, 6, 180.17 W, 29, 120 MHz, 3996 MHz, 0 %, 0 %
2026/09/20 16:25:59.152, 7, 182.13 W, 29, 120 MHz, 3996 MHz, 0 %, 0 %
2026/09/20 16:26:00.152, 0, 181.65 W, 36, 120 MHz, 3996 MHz, 0 %, 0 %
2026/09/20 16:26:00.152, 1, 183.61 W, 37, 120 MHz, 3996 MHz, 0 %, 0 %
2026/09/20 16:26:00.152, 2, 179.43 W, 30, 120 MHz, 3996 MHz, 0 %, 0 %
2026/09/20 16:26:00.152, 3, 181.29 W, 30, 120 MHz, 3996 MHz, 0 %, 0 %
2026/09/20 16:26:00.152, 4, 181.41 W, 34, 120 MHz, 3996 MHz, 0 %, 0 %
2026/09/20 16:26:00.152, 5, 179.46 W, 32, 120 MHz, 3996 MHz, 0 %, 0 %
2026/09/20 16:26:00.153, 6, 180.17 W, 29, 120 MHz, 3996 MHz, 0 %, 0 %
2026/09/20 16:26:00.153, 7, 182.13 W, 29, 120 MHz, 3996 MHz, 0 %, 0 %
2026/09/20 16:26:01.153, 0, 181.65 W, 36, 120 MHz, 3996 MHz, 0 %, 0 %
2026/09/20 16:26:01.153, 1, 183.61 W, 37, 120 MHz, 3996 MHz, 0 %, 0 %
2026/09/20 16:26:01.153, 2, 179.47 W, 30, 120 MHz, 3996 MHz, 0 %, 0 %
2026/09/20 16:26:01.153, 3, 181.26 W, 30, 120 MHz, 3996 MHz, 0 %, 0 %
2026/09/20 16:26:01.153, 4, 181.45 W, 34, 120 MHz, 3996 MHz, 0 %, 0 %
2026/09/20 16:26:01.153, 5, 179.46 W, 32, 120 MHz, 3996 MHz, 0 %, 0 %
2026/09/20 16:26:01.153, 6, 180.17 W, 29, 120 MHz, 3996 MHz, 0 %, 0 %
2026/09/20 16:26:01.153, 7, 182.13 W, 29, 120 MHz, 3996 MHz, 0 %, 0 %
2026/09/20 16:26:02.153, 0, 181.65 W, 36, 120 MHz, 3996 MHz, 0 %, 0 %
2026/09/20 16:26:02.153, 1, 183.61 W, 37, 120 MHz, 3996 MHz, 0 %, 0 %
2026/09/20 16:26:02.153, 2, 179.46 W, 30, 120 MHz, 3996 MHz, 0 %, 0 %
2026/09/20 16:26:02.153, 3, 181.18 W, 30, 120 MHz, 3996 MHz, 0 %, 0 %
2026/09/20 16:26:02.153, 4, 181.34 W, 34, 120 MHz, 3996 MHz, 0 %, 0 %
2026/09/20 16:26:02.153, 5, 179.47 W, 32, 120 MHz, 3996 MHz, 0 %, 0 %
2026/09/20 16:26:02.153, 6, 180.17 W, 29, 120 MHz, 3996 MHz, 0 %, 0 %
2026/09/20 16:26:02.153, 7, 182.13 W, 29, 120 MHz, 3996 MHz, 0 %, 0 %
2026/09/20 16:26:03.153, 0, 181.65 W, 36, 120 MHz, 3996 MHz, 0 %, 0 %
2026/09/20 16:26:03.153, 1, 183.61 W, 37, 120 MHz, 3996 MHz, 0 %, 0 %
2026/09/20 16:26:03.153, 2, 179.46 W, 30, 120 MHz, 3996 MHz, 0 %, 0 %
2026/09/20 16:26:03.153, 3, 181.22 W, 30, 120 MHz, 3996 MHz, 0 %, 0 %
2026/09/20 16:26:03.153, 4, 181.57 W, 34, 120 MHz, 3996 MHz, 0 %, 0 %
2026/09/20 16:26:03.153, 5, 179.47 W, 32, 120 MHz, 3996 MHz, 0 %, 0 %
2026/09/20 16:26:03.153, 6, 180.17 W, 29, 120 MHz, 3996 MHz, 0 %, 0 %
2026/09/20 16:26:03.153, 7, 182.13 W, 29, 120 MHz, 3996 MHz, 0 %, 0 %
2026/09/20 16:26:04.154, 0, 181.65 W, 36, 120 MHz, 3996 MHz, 0 %, 0 %
2026/09/20 16:26:04.154, 1, 183.61 W, 37, 120 MHz, 3996 MHz, 0 %, 0 %
2026/09/20 16:26:04.154, 2, 179.47 W, 30, 120 MHz, 3996 MHz, 0 %, 0 %
2026/09/20 16:26:04.154, 3, 181.26 W, 30, 120 MHz, 3996 MHz, 0 %, 0 %
2026/09/20 16:26:04.154, 4, 181.60 W, 34, 120 MHz, 3996 MHz, 0 %, 0 %
2026/09/20 16:26:04.154, 5, 179.47 W, 32, 120 MHz, 3996 MHz, 0 %, 0 %
2026/09/20 16:26:04.154, 6, 180.17 W, 29, 120 MHz, 3996 MHz, 0 %, 0 %
2026/09/20 16:26:04.154, 7, 182.13 W, 29, 120 MHz, 3996 MHz, 0 %, 0 %
2026/09/20 16:26:05.154, 0, 181.65 W, 36, 120 MHz, 3996 MHz, 0 %, 0 %
2026/09/20 16:26:05.154, 1, 183.61 W, 37, 120 MHz, 3996 MHz, 0 %, 0 %
2026/09/20 16:26:05.154, 2, 179.47 W, 30, 120 MHz, 3996 MHz, 0 %, 0 %
2026/09/20 16:26:05.154, 3, 181.18 W, 30, 120 MHz, 3996 MHz, 0 %, 0 %
2026/09/20 16:26:05.154, 4, 181.53 W, 34, 120 MHz, 3996 MHz, 0 %, 0 %
2026/09/20 16:26:05.154, 5, 179.47 W, 32, 120 MHz, 3996 MHz, 0 %, 0 %
2026/09/20 16:26:05.154, 6, 180.17 W, 29, 120 MHz, 3996 MHz, 0 %, 0 %
2026/09/20 16:26:05.154, 7, 182.13 W, 29, 120 MHz, 3996 MHz, 0 %, 0 %
2026/09/20 16:26:06.154, 0, 181.65 W, 36, 120 MHz, 3996 MHz, 0 %, 0 %
2026/09/20 16:26:06.154, 1, 183.61 W, 37, 120 MHz, 3996 MHz, 0 %, 0 %
2026/09/20 16:26:06.154, 2, 179.47 W, 30, 120 MHz, 3996 MHz, 0 %, 0 %
2026/09/20 16:26:06.154, 3, 181.22 W, 30, 120 MHz, 3996 MHz, 0 %, 0 %
2026/09/20 16:26:06.154, 4, 181.41 W, 34, 120 MHz, 3996 MHz, 0 %, 0 %
2026/09/20 16:26:06.154, 5, 179.46 W, 32, 120 MHz, 3996 MHz, 0 %, 0 %
2026/09/20 16:26:06.154, 6, 180.17 W, 29, 120 MHz, 3996 MHz, 0 %, 0 %
2026/09/20 16:26:06.154, 7, 182.13 W, 29, 120 MHz, 3996 MHz, 0 %, 0 %
2026/09/20 16:26:07.154, 0, 181.65 W, 36, 120 MHz, 3996 MHz, 0 %, 0 %
2026/09/20 16:26:07.155, 1, 183.61 W, 37, 120 MHz, 3996 MHz, 0 %, 0 %
2026/09/20 16:26:07.155, 2, 179.47 W, 30, 120 MHz, 3996 MHz, 0 %, 0 %
2026/09/20 16:26:07.155, 3, 181.26 W, 30, 120 MHz, 3996 MHz, 0 %, 0 %
2026/09/20 16:26:07.155, 4, 181.56 W, 34, 120 MHz, 3996 MHz, 0 %, 0 %
2026/09/20 16:26:07.155, 5, 179.47 W, 32, 120 MHz, 3996 MHz, 0 %, 0 %
2026/09/20 16:26:07.155, 6, 180.17 W, 29, 120 MHz, 3996 MHz, 0 %, 0 %
2026/09/20 16:26:07.155, 7, 182.13 W, 29, 120 MHz, 3996 MHz, 0 %, 0 %
2026/09/20 16:26:08.155, 0, 181.65 W, 36, 120 MHz, 3996 MHz, 0 %, 0 %
2026/09/20 16:26:08.155, 1, 183.61 W, 37, 120 MHz, 3996 MHz, 0 %, 0 %
2026/09/20 16:26:08.155, 2, 179.47 W, 30, 120 MHz, 3996 MHz, 0 %, 0 %
2026/09/20 16:26:08.155, 3, 181.22 W, 30, 120 MHz, 3996 MHz, 0 %, 0 %
2026/09/20 16:26:08.155, 4, 181.60 W, 34, 120 MHz, 3996 MHz, 0 %, 0 %
2026/09/20 16:26:08.155, 5, 179.47 W, 32, 120 MHz, 3996 MHz, 0 %, 0 %
2026/09/20 16:26:08.155, 6, 180.17 W, 29, 120 MHz, 3996 MHz, 0 %, 0 %
2026/09/20 16:26:08.155, 7, 182.13 W, 29, 120 MHz, 3996 MHz, 0 %, 0 %
2026/09/20 16:26:09.155, 0, 181.65 W, 36, 120 MHz, 3996 MHz, 0 %, 0 %
2026/09/20 16:26:09.155, 1, 183.61 W, 37, 120 MHz, 3996 MHz, 0 %, 0 %
2026/09/20 16:26:09.155, 2, 179.46 W, 30, 120 MHz, 3996 MHz, 0 %, 0 %
2026/09/20 16:26:09.155, 3, 181.18 W, 30, 120 MHz, 3996 MHz, 0 %, 0 %
2026/09/20 16:26:09.155, 4, 181.45 W, 34, 120 MHz, 3996 MHz, 0 %, 0 %
2026/09/20 16:26:09.155, 5, 179.47 W, 32, 120 MHz, 3996 MHz, 0 %, 0 %
2026/09/20 16:26:09.155, 6, 180.17 W, 29, 120 MHz, 3996 MHz, 0 %, 0 %
2026/09/20 16:26:09.155, 7, 182.13 W, 29, 120 MHz, 3996 MHz, 0 %, 0 %
2026/09/20 16:26:10.155, 0, 181.64 W, 36, 120 MHz, 3996 MHz, 0 %, 0 %
2026/09/20 16:26:10.155, 1, 183.61 W, 37, 120 MHz, 3996 MHz, 0 %, 0 %
2026/09/20 16:26:10.155, 2, 179.47 W, 30, 120 MHz, 3996 MHz, 0 %, 0 %
2026/09/20 16:26:10.155, 3, 180.91 W, 30, 120 MHz, 3996 MHz, 0 %, 0 %
2026/09/20 16:26:10.155, 4, 181.76 W, 34, 120 MHz, 3996 MHz, 0 %, 0 %
2026/09/20 16:26:10.155, 5, 179.46 W, 32, 120 MHz, 3996 MHz, 0 %, 0 %
2026/09/20 16:26:10.155, 6, 180.17 W, 29, 120 MHz, 3996 MHz, 0 %, 0 %
2026/09/20 16:26:10.155, 7, 182.13 W, 29, 120 MHz, 3996 MHz, 0 %, 0 %
2026/09/20 16:26:11.156, 0, 181.63 W, 36, 120 MHz, 3996 MHz, 0 %, 0 %
2026/09/20 16:26:11.156, 1, 183.61 W, 37, 120 MHz, 3996 MHz, 0 %, 0 %
2026/09/20 16:26:11.156, 2, 179.46 W, 30, 120 MHz, 3996 MHz, 0 %, 0 %
2026/09/20 16:26:11.156, 3, 181.07 W, 30, 120 MHz, 3996 MHz, 0 %, 0 %
2026/09/20 16:26:11.156, 4, 181.76 W, 34, 120 MHz, 3996 MHz, 0 %, 0 %
2026/09/20 16:26:11.156, 5, 179.46 W, 32, 120 MHz, 3996 MHz, 0 %, 0 %
2026/09/20 16:26:11.156, 6, 180.17 W, 29, 120 MHz, 3996 MHz, 0 %, 0 %
2026/09/20 16:26:11.156, 7, 182.13 W, 29, 120 MHz, 3996 MHz, 0 %, 0 %
2026/09/20 16:26:12.156, 0, 181.62 W, 36, 120 MHz, 3996 MHz, 0 %, 0 %
2026/09/20 16:26:12.156, 1, 183.61 W, 37, 120 MHz, 3996 MHz, 0 %, 0 %
2026/09/20 16:26:12.156, 2, 179.46 W, 30, 120 MHz, 3996 MHz, 0 %, 0 %
2026/09/20 16:26:12.156, 3, 181.06 W, 30, 120 MHz, 3996 MHz, 0 %, 0 %
2026/09/20 16:26:12.156, 4, 181.72 W, 34, 120 MHz, 3996 MHz, 0 %, 0 %
2026/09/20 16:26:12.156, 5, 179.47 W, 32, 120 MHz, 3996 MHz, 0 %, 0 %
2026/09/20 16:26:12.156, 6, 180.17 W, 29, 120 MHz, 3996 MHz, 0 %, 0 %
2026/09/20 16:26:12.156, 7, 182.13 W, 29, 120 MHz, 3996 MHz, 0 %, 0 %
2026/09/20 16:26:13.156, 0, 181.59 W, 36, 120 MHz, 3996 MHz, 0 %, 0 %
2026/09/20 16:26:13.156, 1, 183.61 W, 37, 120 MHz, 3996 MHz, 0 %, 0 %
2026/09/20 16:26:13.156, 2, 179.46 W, 30, 120 MHz, 3996 MHz, 0 %, 0 %
2026/09/20 16:26:13.156, 3, 181.06 W, 30, 120 MHz, 3996 MHz, 0 %, 0 %
2026/09/20 16:26:13.156, 4, 181.84 W, 34, 120 MHz, 3996 MHz, 0 %, 0 %
2026/09/20 16:26:13.156, 5, 179.47 W, 32, 120 MHz, 3996 MHz, 0 %, 0 %
2026/09/20 16:26:13.156, 6, 180.17 W, 29, 120 MHz, 3996 MHz, 0 %, 0 %
2026/09/20 16:26:13.156, 7, 182.17 W, 29, 120 MHz, 3996 MHz, 0 %, 0 %
2026/09/20 16:26:14.156, 0, 181.60 W, 36, 120 MHz, 3996 MHz, 0 %, 0 %
2026/09/20 16:26:14.156, 1, 183.61 W, 37, 120 MHz, 3996 MHz, 0 %, 0 %
2026/09/20 16:26:14.156, 2, 179.46 W, 30, 120 MHz, 3996 MHz, 0 %, 0 %
2026/09/20 16:26:14.156, 3, 181.22 W, 30, 120 MHz, 3996 MHz, 0 %, 0 %
2026/09/20 16:26:14.156, 4, 181.99 W, 34, 120 MHz, 3996 MHz, 0 %, 0 %
2026/09/20 16:26:14.156, 5, 179.47 W, 32, 120 MHz, 3996 MHz, 0 %, 0 %
2026/09/20 16:26:14.157, 6, 180.17 W, 29, 120 MHz, 3996 MHz, 0 %, 0 %
2026/09/20 16:26:14.157, 7, 182.13 W, 29, 120 MHz, 3996 MHz, 0 %, 0 %
2026/09/20 16:26:15.157, 0, 181.62 W, 36, 120 MHz, 3996 MHz, 0 %, 0 %
2026/09/20 16:26:15.157, 1, 183.61 W, 37, 120 MHz, 3996 MHz, 0 %, 0 %
2026/09/20 16:26:15.157, 2, 179.46 W, 30, 120 MHz, 3996 MHz, 0 %, 0 %
2026/09/20 16:26:15.157, 3, 180.84 W, 30, 120 MHz, 3996 MHz, 0 %, 0 %
2026/09/20 16:26:15.157, 4, 181.76 W, 34, 120 MHz, 3996 MHz, 0 %, 0 %
2026/09/20 16:26:15.157, 5, 179.46 W, 32, 120 MHz, 3996 MHz, 0 %, 0 %
2026/09/20 16:26:15.157, 6, 180.17 W, 29, 120 MHz, 3996 MHz, 0 %, 0 %
2026/09/20 16:26:15.157, 7, 182.13 W, 29, 120 MHz, 3996 MHz, 0 %, 0 %
2026/09/20 16:26:16.157, 0, 181.61 W, 36, 120 MHz, 3996 MHz, 0 %, 0 %
2026/09/20 16:26:16.157, 1, 183.61 W, 37, 120 MHz, 3996 MHz, 0 %, 0 %
2026/09/20 16:26:16.157, 2, 179.47 W, 30, 120 MHz, 3996 MHz, 0 %, 0 %
2026/09/20 16:26:16.157, 3, 180.79 W, 30, 120 MHz, 3996 MHz, 0 %, 0 %
2026/09/20 16:26:16.157, 4, 181.65 W, 34, 120 MHz, 3996 MHz, 0 %, 0 %
2026/09/20 16:26:16.157, 5, 179.46 W, 32, 120 MHz, 3996 MHz, 0 %, 0 %
2026/09/20 16:26:16.157, 6, 180.17 W, 29, 120 MHz, 3996 MHz, 0 %, 0 %
2026/09/20 16:26:16.157, 7, 182.17 W, 29, 120 MHz, 3996 MHz, 0 %, 0 %
2026/09/20 16:26:17.157, 0, 181.59 W, 36, 120 MHz, 3996 MHz, 0 %, 0 %
2026/09/20 16:26:17.157, 1, 183.61 W, 37, 120 MHz, 3996 MHz, 0 %, 0 %
2026/09/20 16:26:17.157, 2, 179.46 W, 30, 120 MHz, 3996 MHz, 0 %, 0 %
2026/09/20 16:26:17.157, 3, 181.07 W, 30, 120 MHz, 3996 MHz, 0 %, 0 %
2026/09/20 16:26:17.157, 4, 181.92 W, 34, 120 MHz, 3996 MHz, 0 %, 0 %
2026/09/20 16:26:17.157, 5, 179.47 W, 32, 120 MHz, 3996 MHz, 0 %, 0 %
2026/09/20 16:26:17.157, 6, 180.17 W, 29, 120 MHz, 3996 MHz, 0 %, 0 %
2026/09/20 16:26:17.157, 7, 182.13 W, 29, 120 MHz, 3996 MHz, 0 %, 0 %
2026/09/20 16:26:18.157, 0, 181.59 W, 36, 120 MHz, 3996 MHz, 0 %, 0 %
2026/09/20 16:26:18.157, 1, 183.61 W, 37, 120 MHz, 3996 MHz, 0 %, 0 %
2026/09/20 16:26:18.157, 2, 179.46 W, 30, 120 MHz, 3996 MHz, 0 %, 0 %
2026/09/20 16:26:18.157, 3, 180.94 W, 30, 120 MHz, 3996 MHz, 0 %, 0 %
2026/09/20 16:26:18.157, 4, 181.68 W, 34, 120 MHz, 3996 MHz, 0 %, 0 %
2026/09/20 16:26:18.157, 5, 179.47 W, 32, 120 MHz, 3996 MHz, 0 %, 0 %
2026/09/20 16:26:18.158, 6, 180.17 W, 29, 120 MHz, 3996 MHz, 0 %, 0 %
2026/09/20 16:26:18.158, 7, 182.13 W, 29, 120 MHz, 3996 MHz, 0 %, 0 %
2026/09/20 16:26:19.158, 0, 181.60 W, 35, 120 MHz, 3996 MHz, 0 %, 0 %
2026/09/20 16:26:19.158, 1, 183.57 W, 37, 120 MHz, 3996 MHz, 0 %, 0 %
2026/09/20 16:26:19.158, 2, 179.46 W, 30, 120 MHz, 3996 MHz, 0 %, 0 %
2026/09/20 16:26:19.158, 3, 180.75 W, 30, 120 MHz, 3996 MHz, 0 %, 0 %
2026/09/20 16:26:19.158, 4, 181.76 W, 34, 120 MHz, 3996 MHz, 0 %, 0 %
2026/09/20 16:26:19.158, 5, 179.47 W, 32, 120 MHz, 3996 MHz, 0 %, 0 %
2026/09/20 16:26:19.158, 6, 180.17 W, 29, 120 MHz, 3996 MHz, 0 %, 0 %
2026/09/20 16:26:19.158, 7, 182.13 W, 29, 120 MHz, 3996 MHz, 0 %, 0 %
2026/09/20 16:26:20.158, 0, 181.57 W, 35, 120 MHz, 3996 MHz, 0 %, 0 %
2026/09/20 16:26:20.158, 1, 183.57 W, 37, 120 MHz, 3996 MHz, 0 %, 0 %
2026/09/20 16:26:20.158, 2, 179.46 W, 30, 120 MHz, 3996 MHz, 0 %, 0 %
2026/09/20 16:26:20.158, 3, 180.87 W, 30, 120 MHz, 3996 MHz, 0 %, 0 %
2026/09/20 16:26:20.158, 4, 181.96 W, 34, 120 MHz, 3996 MHz, 0 %, 0 %
2026/09/20 16:26:20.158, 5, 179.47 W, 32, 120 MHz, 3996 MHz, 0 %, 0 %
2026/09/20 16:26:20.158, 6, 180.17 W, 29, 120 MHz, 3996 MHz, 0 %, 0 %
2026/09/20 16:26:20.158, 7, 182.13 W, 29, 120 MHz, 3996 MHz, 0 %, 0 %
2026/09/20 16:26:21.158, 0, 181.56 W, 35, 120 MHz, 3996 MHz, 0 %, 0 %
2026/09/20 16:26:21.158, 1, 183.61 W, 37, 120 MHz, 3996 MHz, 0 %, 0 %
2026/09/20 16:26:21.158, 2, 179.46 W, 30, 120 MHz, 3996 MHz, 0 %, 0 %
2026/09/20 16:26:21.158, 3, 180.90 W, 30, 120 MHz, 3996 MHz, 0 %, 0 %
2026/09/20 16:26:21.158, 4, 181.91 W, 34, 120 MHz, 3996 MHz, 0 %, 0 %
2026/09/20 16:26:21.158, 5, 179.47 W, 32, 120 MHz, 3996 MHz, 0 %, 0 %
2026/09/20 16:26:21.158, 6, 180.17 W, 29, 120 MHz, 3996 MHz, 0 %, 0 %
2026/09/20 16:26:21.158, 7, 182.13 W, 29, 120 MHz, 3996 MHz, 0 %, 0 %
2026/09/20 16:26:22.158, 0, 181.57 W, 35, 120 MHz, 3996 MHz, 0 %, 0 %
2026/09/20 16:26:22.158, 1, 183.53 W, 36, 120 MHz, 3996 MHz, 0 %, 0 %
2026/09/20 16:26:22.159, 2, 179.46 W, 30, 120 MHz, 3996 MHz, 0 %, 0 %
2026/09/20 16:26:22.159, 3, 180.88 W, 30, 120 MHz, 3996 MHz, 0 %, 0 %
2026/09/20 16:26:22.159, 4, 182.08 W, 34, 120 MHz, 3996 MHz, 0 %, 0 %
2026/09/20 16:26:22.159, 5, 179.47 W, 32, 120 MHz, 3996 MHz, 0 %, 0 %
2026/09/20 16:26:22.159, 6, 180.17 W, 29, 120 MHz, 3996 MHz, 0 %, 0 %
2026/09/20 16:26:22.159, 7, 182.13 W, 29, 120 MHz, 3996 MHz, 0 %, 0 %
2026/09/20 16:26:23.159, 0, 181.56 W, 35, 120 MHz, 3996 MHz, 0 %, 0 %
2026/09/20 16:26:23.159, 1, 183.53 W, 36, 120 MHz, 3996 MHz, 0 %, 0 %
2026/09/20 16:26:23.159, 2, 179.47 W, 30, 120 MHz, 3996 MHz, 0 %, 0 %
2026/09/20 16:26:23.159, 3, 180.98 W, 30, 120 MHz, 3996 MHz, 0 %, 0 %
2026/09/20 16:26:23.159, 4, 181.57 W, 34, 120 MHz, 3996 MHz, 0 %, 0 %
2026/09/20 16:26:23.159, 5, 179.46 W, 32, 120 MHz, 3996 MHz, 0 %, 0 %
2026/09/20 16:26:23.159, 6, 180.17 W, 29, 120 MHz, 3996 MHz, 0 %, 0 %
2026/09/20 16:26:23.159, 7, 182.13 W, 29, 120 MHz, 3996 MHz, 0 %, 0 %
2026/09/20 16:26:24.159, 0, 181.55 W, 35, 120 MHz, 3996 MHz, 0 %, 0 %
2026/09/20 16:26:24.159, 1, 183.45 W, 36, 120 MHz, 3996 MHz, 0 %, 0 %
2026/09/20 16:26:24.159, 2, 179.46 W, 30, 120 MHz, 3996 MHz, 0 %, 0 %
2026/09/20 16:26:24.159, 3, 181.14 W, 30, 120 MHz, 3996 MHz, 0 %, 0 %
2026/09/20 16:26:24.159, 4, 181.91 W, 34, 120 MHz, 3996 MHz, 0 %, 0 %
2026/09/20 16:26:24.159, 5, 179.47 W, 32, 120 MHz, 3996 MHz, 0 %, 0 %
2026/09/20 16:26:24.159, 6, 180.17 W, 29, 120 MHz, 3996 MHz, 0 %, 0 %
2026/09/20 16:26:24.159, 7, 182.13 W, 29, 120 MHz, 3996 MHz, 0 %, 0 %
2026/09/20 16:26:25.159, 0, 181.58 W, 35, 120 MHz, 3996 MHz, 0 %, 0 %
2026/09/20 16:26:25.159, 1, 183.45 W, 36, 120 MHz, 3996 MHz, 0 %, 0 %
2026/09/20 16:26:25.159, 2, 179.47 W, 30, 120 MHz, 3996 MHz, 0 %, 0 %
2026/09/20 16:26:25.159, 3, 180.83 W, 30, 120 MHz, 3996 MHz, 0 %, 0 %
2026/09/20 16:26:25.159, 4, 181.91 W, 34, 120 MHz, 3996 MHz, 0 %, 0 %
2026/09/20 16:26:25.159, 5, 179.46 W, 32, 120 MHz, 3996 MHz, 0 %, 0 %
2026/09/20 16:26:25.159, 6, 180.17 W, 29, 120 MHz, 3996 MHz, 0 %, 0 %
2026/09/20 16:26:25.159, 7, 182.13 W, 29, 120 MHz, 3996 MHz, 0 %, 0 %
2026/09/20 16:26:26.160, 0, 181.58 W, 35, 120 MHz, 3996 MHz, 0 %, 0 %
2026/09/20 16:26:26.160, 1, 183.37 W, 36, 120 MHz, 3996 MHz, 0 %, 0 %
2026/09/20 16:26:26.160, 2, 179.46 W, 30, 120 MHz, 3996 MHz, 0 %, 0 %
2026/09/20 16:26:26.160, 3, 181.07 W, 30, 120 MHz, 3996 MHz, 0 %, 0 %
2026/09/20 16:26:26.160, 4, 181.96 W, 34, 120 MHz, 3996 MHz, 0 %, 0 %
2026/09/20 16:26:26.160, 5, 179.46 W, 32, 120 MHz, 3996 MHz, 0 %, 0 %
2026/09/20 16:26:26.160, 6, 180.17 W, 29, 120 MHz, 3996 MHz, 0 %, 0 %
2026/09/20 16:26:26.160, 7, 182.13 W, 29, 120 MHz, 3996 MHz, 0 %, 0 %
2026/09/20 16:26:27.160, 0, 181.60 W, 35, 120 MHz, 3996 MHz, 0 %, 0 %
2026/09/20 16:26:27.160, 1, 183.26 W, 36, 120 MHz, 3996 MHz, 0 %, 0 %
2026/09/20 16:26:27.160, 2, 179.47 W, 30, 120 MHz, 3996 MHz, 0 %, 0 %
2026/09/20 16:26:27.160, 3, 181.10 W, 30, 120 MHz, 3996 MHz, 0 %, 0 %
2026/09/20 16:26:27.160, 4, 182.06 W, 34, 120 MHz, 3996 MHz, 0 %, 0 %
2026/09/20 16:26:27.160, 5, 179.46 W, 32, 120 MHz, 3996 MHz, 0 %, 0 %
2026/09/20 16:26:27.160, 6, 180.17 W, 29, 120 MHz, 3996 MHz, 0 %, 0 %
2026/09/20 16:26:27.160, 7, 182.13 W, 29, 120 MHz, 3996 MHz, 0 %, 0 %
2026/09/20 16:26:28.160, 0, 181.59 W, 35, 120 MHz, 3996 MHz, 0 %, 0 %
2026/09/20 16:26:28.160, 1, 183.26 W, 36, 120 MHz, 3996 MHz, 0 %, 0 %
2026/09/20 16:26:28.160, 2, 179.47 W, 30, 120 MHz, 3996 MHz, 0 %, 0 %
2026/09/20 16:26:28.160, 3, 180.85 W, 30, 120 MHz, 3996 MHz, 0 %, 0 %
2026/09/20 16:26:28.160, 4, 182.08 W, 34, 120 MHz, 3996 MHz, 0 %, 0 %
2026/09/20 16:26:28.160, 5, 179.46 W, 32, 120 MHz, 3996 MHz, 0 %, 0 %
2026/09/20 16:26:28.160, 6, 180.17 W, 29, 120 MHz, 3996 MHz, 0 %, 0 %
2026/09/20 16:26:28.160, 7, 182.13 W, 29, 120 MHz, 3996 MHz, 0 %, 0 %
2026/09/20 16:26:29.160, 0, 181.55 W, 35, 120 MHz, 3996 MHz, 0 %, 0 %
2026/09/20 16:26:29.160, 1, 183.26 W, 36, 120 MHz, 3996 MHz, 0 %, 0 %
2026/09/20 16:26:29.160, 2, 179.47 W, 30, 120 MHz, 3996 MHz, 0 %, 0 %
2026/09/20 16:26:29.160, 3, 180.96 W, 30, 120 MHz, 3996 MHz, 0 %, 0 %
2026/09/20 16:26:29.161, 4, 182.18 W, 34, 120 MHz, 3996 MHz, 0 %, 0 %
2026/09/20 16:26:29.161, 5, 179.46 W, 32, 120 MHz, 3996 MHz, 0 %, 0 %
2026/09/20 16:26:29.161, 6, 180.17 W, 29, 120 MHz, 3996 MHz, 0 %, 0 %
2026/09/20 16:26:29.161, 7, 182.13 W, 29, 120 MHz, 3996 MHz, 0 %, 0 %
2026/09/20 16:26:30.161, 0, 181.55 W, 35, 120 MHz, 3996 MHz, 0 %, 0 %
2026/09/20 16:26:30.161, 1, 183.26 W, 36, 120 MHz, 3996 MHz, 0 %, 0 %
2026/09/20 16:26:30.161, 2, 179.47 W, 30, 120 MHz, 3996 MHz, 0 %, 0 %
2026/09/20 16:26:30.161, 3, 180.84 W, 30, 120 MHz, 3996 MHz, 0 %, 0 %
2026/09/20 16:26:30.161, 4, 182.10 W, 34, 120 MHz, 3996 MHz, 0 %, 0 %
2026/09/20 16:26:30.161, 5, 179.46 W, 32, 120 MHz, 3996 MHz, 0 %, 0 %
2026/09/20 16:26:30.161, 6, 180.17 W, 29, 120 MHz, 3996 MHz, 0 %, 0 %
2026/09/20 16:26:30.161, 7, 182.13 W, 29, 120 MHz, 3996 MHz, 0 %, 0 %
2026/09/20 16:26:31.161, 0, 181.56 W, 35, 120 MHz, 3996 MHz, 0 %, 0 %
2026/09/20 16:26:31.161, 1, 183.30 W, 36, 120 MHz, 3996 MHz, 0 %, 0 %
2026/09/20 16:26:31.161, 2, 179.47 W, 30, 120 MHz, 3996 MHz, 0 %, 0 %
2026/09/20 16:26:31.161, 3, 180.63 W, 30, 120 MHz, 3996 MHz, 0 %, 0 %
2026/09/20 16:26:31.161, 4, 182.04 W, 34, 120 MHz, 3996 MHz, 0 %, 0 %
2026/09/20 16:26:31.161, 5, 179.47 W, 32, 120 MHz, 3996 MHz, 0 %, 0 %
2026/09/20 16:26:31.161, 6, 180.17 W, 29, 120 MHz, 3996 MHz, 0 %, 0 %
2026/09/20 16:26:31.161, 7, 182.13 W, 29, 120 MHz, 3996 MHz, 0 %, 0 %
2026/09/20 16:26:32.161, 0, 181.54 W, 35, 120 MHz, 3996 MHz, 0 %, 0 %
2026/09/20 16:26:32.161, 1, 183.18 W, 36, 120 MHz, 3996 MHz, 0 %, 0 %
2026/09/20 16:26:32.161, 2, 179.46 W, 30, 120 MHz, 3996 MHz, 0 %, 0 %
2026/09/20 16:26:32.161, 3, 180.74 W, 30, 120 MHz, 3996 MHz, 0 %, 0 %
2026/09/20 16:26:32.161, 4, 182.12 W, 34, 120 MHz, 3996 MHz, 0 %, 0 %
2026/09/20 16:26:32.161, 5, 179.47 W, 32, 120 MHz, 3996 MHz, 0 %, 0 %
2026/09/20 16:26:32.161, 6, 180.17 W, 29, 120 MHz, 3996 MHz, 0 %, 0 %
2026/09/20 16:26:32.161, 7, 182.13 W, 29, 120 MHz, 3996 MHz, 0 %, 0 %
2026/09/20 16:26:33.161, 0, 181.54 W, 35, 120 MHz, 3996 MHz, 0 %, 0 %
2026/09/20 16:26:33.161, 1, 183.10 W, 36, 120 MHz, 3996 MHz, 0 %, 0 %
2026/09/20 16:26:33.162, 2, 179.47 W, 30, 120 MHz, 3996 MHz, 0 %, 0 %
2026/09/20 16:26:33.162, 3, 180.79 W, 30, 120 MHz, 3996 MHz, 0 %, 0 %
2026/09/20 16:26:33.162, 4, 182.21 W, 34, 120 MHz, 3996 MHz, 0 %, 0 %
2026/09/20 16:26:33.162, 5, 179.47 W, 32, 120 MHz, 3996 MHz, 0 %, 0 %
2026/09/20 16:26:33.162, 6, 180.17 W, 29, 120 MHz, 3996 MHz, 0 %, 0 %
2026/09/20 16:26:33.162, 7, 182.13 W, 29, 120 MHz, 3996 MHz, 0 %, 0 %
2026/09/20 16:26:34.162, 0, 181.54 W, 35, 120 MHz, 3996 MHz, 0 %, 0 %
2026/09/20 16:26:34.162, 1, 183.11 W, 36, 120 MHz, 3996 MHz, 0 %, 0 %
2026/09/20 16:26:34.162, 2, 179.46 W, 30, 120 MHz, 3996 MHz, 0 %, 0 %
2026/09/20 16:26:34.162, 3, 180.78 W, 30, 120 MHz, 3996 MHz, 0 %, 0 %
2026/09/20 16:26:34.162, 4, 182.12 W, 34, 120 MHz, 3996 MHz, 0 %, 0 %
2026/09/20 16:26:34.162, 5, 179.47 W, 32, 120 MHz, 3996 MHz, 0 %, 0 %
2026/09/20 16:26:34.162, 6, 180.17 W, 29, 120 MHz, 3996 MHz, 0 %, 0 %
2026/09/20 16:26:34.162, 7, 182.13 W, 29, 120 MHz, 3996 MHz, 0 %, 0 %
2026/09/20 16:26:35.162, 0, 181.54 W, 35, 120 MHz, 3996 MHz, 0 %, 0 %
2026/09/20 16:26:35.162, 1, 182.73 W, 36, 120 MHz, 3996 MHz, 0 %, 0 %
2026/09/20 16:26:35.162, 2, 179.47 W, 30, 120 MHz, 3996 MHz, 0 %, 0 %
2026/09/20 16:26:35.162, 3, 180.67 W, 30, 120 MHz, 3996 MHz, 0 %, 0 %
2026/09/20 16:26:35.162, 4, 182.14 W, 34, 120 MHz, 3996 MHz, 0 %, 0 %
2026/09/20 16:26:35.162, 5, 179.47 W, 32, 120 MHz, 3996 MHz, 0 %, 0 %
2026/09/20 16:26:35.162, 6, 180.17 W, 29, 120 MHz, 3996 MHz, 0 %, 0 %
2026/09/20 16:26:35.162, 7, 182.13 W, 29, 120 MHz, 3996 MHz, 0 %, 0 %
2026/09/20 16:26:36.162, 0, 181.54 W, 35, 120 MHz, 3996 MHz, 0 %, 0 %
2026/09/20 16:26:36.162, 1, 182.71 W, 36, 120 MHz, 3996 MHz, 0 %, 0 %
2026/09/20 16:26:36.162, 2, 179.46 W, 30, 120 MHz, 3996 MHz, 0 %, 0 %
2026/09/20 16:26:36.162, 3, 180.86 W, 29, 120 MHz, 3996 MHz, 0 %, 0 %
2026/09/20 16:26:36.162, 4, 182.06 W, 34, 120 MHz, 3996 MHz, 0 %, 0 %
2026/09/20 16:26:36.162, 5, 179.47 W, 32, 120 MHz, 3996 MHz, 0 %, 0 %
2026/09/20 16:26:36.162, 6, 180.17 W, 29, 120 MHz, 3996 MHz, 0 %, 0 %
2026/09/20 16:26:36.162, 7, 182.13 W, 29, 120 MHz, 3996 MHz, 0 %, 0 %
2026/09/20 16:26:37.163, 0, 181.54 W, 35, 120 MHz, 3996 MHz, 0 %, 0 %
2026/09/20 16:26:37.163, 1, 182.71 W, 36, 120 MHz, 3996 MHz, 0 %, 0 %
2026/09/20 16:26:37.163, 2, 179.47 W, 30, 120 MHz, 3996 MHz, 0 %, 0 %
2026/09/20 16:26:37.163, 3, 180.45 W, 29, 120 MHz, 3996 MHz, 0 %, 0 %
2026/09/20 16:26:37.163, 4, 182.02 W, 34, 120 MHz, 3996 MHz, 0 %, 0 %
2026/09/20 16:26:37.163, 5, 179.46 W, 32, 120 MHz, 3996 MHz, 0 %, 0 %
2026/09/20 16:26:37.163, 6, 180.17 W, 29, 120 MHz, 3996 MHz, 0 %, 0 %
2026/09/20 16:26:37.163, 7, 182.13 W, 29, 120 MHz, 3996 MHz, 0 %, 0 %
2026/09/20 16:26:38.163, 0, 181.54 W, 35, 120 MHz, 3996 MHz, 0 %, 0 %
2026/09/20 16:26:38.163, 1, 182.65 W, 36, 120 MHz, 3996 MHz, 0 %, 0 %
2026/09/20 16:26:38.163, 2, 179.47 W, 30, 120 MHz, 3996 MHz, 0 %, 0 %
2026/09/20 16:26:38.163, 3, 180.32 W, 29, 120 MHz, 3996 MHz, 0 %, 0 %
2026/09/20 16:26:38.163, 4, 182.18 W, 34, 120 MHz, 3996 MHz, 0 %, 0 %
2026/09/20 16:26:38.163, 5, 179.46 W, 32, 120 MHz, 3996 MHz, 0 %, 0 %
2026/09/20 16:26:38.163, 6, 180.17 W, 29, 120 MHz, 3996 MHz, 0 %, 0 %
2026/09/20 16:26:38.163, 7, 182.13 W, 29, 120 MHz, 3996 MHz, 0 %, 0 %
2026/09/20 16:26:39.163, 0, 181.54 W, 35, 120 MHz, 3996 MHz, 0 %, 0 %
2026/09/20 16:26:39.163, 1, 182.55 W, 36, 120 MHz, 3996 MHz, 0 %, 0 %
2026/09/20 16:26:39.163, 2, 197.37 W, 30, 2032 MHz, 3996 MHz, 0 %, 0 %
2026/09/20 16:26:39.163, 3, 227.55 W, 30, 2032 MHz, 3996 MHz, 0 %, 0 %
2026/09/20 16:26:39.163, 4, 182.24 W, 34, 120 MHz, 3996 MHz, 0 %, 0 %
2026/09/20 16:26:39.163, 5, 179.46 W, 32, 120 MHz, 3996 MHz, 0 %, 0 %
2026/09/20 16:26:39.163, 6, 180.17 W, 29, 120 MHz, 3996 MHz, 0 %, 0 %
2026/09/20 16:26:39.163, 7, 182.13 W, 29, 120 MHz, 3996 MHz, 0 %, 0 %
2026/09/20 16:26:40.163, 0, 181.45 W, 35, 120 MHz, 3996 MHz, 0 %, 0 %
2026/09/20 16:26:40.163, 1, 222.32 W, 37, 2032 MHz, 3996 MHz, 0 %, 0 %
2026/09/20 16:26:40.163, 2, 225.97 W, 31, 2032 MHz, 3996 MHz, 0 %, 0 %
2026/09/20 16:26:40.163, 3, 229.68 W, 31, 2032 MHz, 3996 MHz, 0 %, 0 %
2026/09/20 16:26:40.163, 4, 182.43 W, 34, 120 MHz, 3996 MHz, 0 %, 0 %
2026/09/20 16:26:40.163, 5, 179.47 W, 32, 120 MHz, 3996 MHz, 0 %, 0 %
2026/09/20 16:26:40.164, 6, 180.17 W, 29, 120 MHz, 3996 MHz, 0 %, 0 %
2026/09/20 16:26:40.164, 7, 182.13 W, 29, 120 MHz, 3996 MHz, 0 %, 0 %
2026/09/20 16:26:41.164, 0, 181.42 W, 35, 120 MHz, 3996 MHz, 0 %, 0 %
2026/09/20 16:26:41.164, 1, 234.42 W, 37, 2032 MHz, 3996 MHz, 0 %, 0 %
2026/09/20 16:26:41.164, 2, 225.95 W, 31, 2032 MHz, 3996 MHz, 0 %, 0 %
2026/09/20 16:26:41.164, 3, 229.68 W, 31, 2032 MHz, 3996 MHz, 0 %, 0 %
2026/09/20 16:26:41.164, 4, 182.25 W, 34, 120 MHz, 3996 MHz, 0 %, 0 %
2026/09/20 16:26:41.164, 5, 179.47 W, 32, 120 MHz, 3996 MHz, 0 %, 0 %
2026/09/20 16:26:41.164, 6, 180.17 W, 29, 120 MHz, 3996 MHz, 0 %, 0 %
2026/09/20 16:26:41.164, 7, 182.13 W, 29, 120 MHz, 3996 MHz, 0 %, 0 %
2026/09/20 16:26:42.164, 0, 190.80 W, 35, 2032 MHz, 3996 MHz, 0 %, 0 %
2026/09/20 16:26:42.164, 1, 234.62 W, 37, 2032 MHz, 3996 MHz, 0 %, 0 %
2026/09/20 16:26:42.164, 2, 225.97 W, 31, 2032 MHz, 3996 MHz, 0 %, 0 %
2026/09/20 16:26:42.164, 3, 230.06 W, 31, 2032 MHz, 3996 MHz, 0 %, 0 %
2026/09/20 16:26:42.164, 4, 182.25 W, 34, 120 MHz, 3996 MHz, 0 %, 0 %
2026/09/20 16:26:42.164, 5, 179.47 W, 32, 120 MHz, 3996 MHz, 0 %, 0 %
2026/09/20 16:26:42.164, 6, 180.17 W, 29, 120 MHz, 3996 MHz, 0 %, 0 %
2026/09/20 16:26:42.164, 7, 182.13 W, 29, 120 MHz, 3996 MHz, 0 %, 0 %
2026/09/20 16:26:43.164, 0, 232.02 W, 36, 2032 MHz, 3996 MHz, 0 %, 0 %
2026/09/20 16:26:43.164, 1, 234.53 W, 37, 2032 MHz, 3996 MHz, 0 %, 0 %
2026/09/20 16:26:43.164, 2, 225.97 W, 31, 2032 MHz, 3996 MHz, 0 %, 0 %
2026/09/20 16:26:43.164, 3, 230.03 W, 31, 2032 MHz, 3996 MHz, 0 %, 0 %
2026/09/20 16:26:43.164, 4, 182.19 W, 34, 120 MHz, 3996 MHz, 0 %, 0 %
2026/09/20 16:26:43.164, 5, 179.47 W, 32, 120 MHz, 3996 MHz, 0 %, 0 %
2026/09/20 16:26:43.164, 6, 180.17 W, 29, 120 MHz, 3996 MHz, 0 %, 0 %
2026/09/20 16:26:43.164, 7, 182.13 W, 29, 120 MHz, 3996 MHz, 0 %, 0 %
2026/09/20 16:26:44.164, 0, 232.02 W, 36, 2032 MHz, 3996 MHz, 0 %, 0 %
2026/09/20 16:26:44.165, 1, 234.34 W, 37, 2032 MHz, 3996 MHz, 0 %, 0 %
2026/09/20 16:26:44.165, 2, 225.98 W, 31, 2032 MHz, 3996 MHz, 0 %, 0 %
2026/09/20 16:26:44.165, 3, 230.16 W, 31, 2032 MHz, 3996 MHz, 0 %, 0 %
2026/09/20 16:26:44.165, 4, 182.10 W, 34, 120 MHz, 3996 MHz, 0 %, 0 %
2026/09/20 16:26:44.165, 5, 179.47 W, 32, 120 MHz, 3996 MHz, 0 %, 0 %
2026/09/20 16:26:44.165, 6, 180.17 W, 29, 120 MHz, 3996 MHz, 0 %, 0 %
2026/09/20 16:26:44.165, 7, 182.13 W, 29, 120 MHz, 3996 MHz, 0 %, 0 %
2026/09/20 16:26:45.165, 0, 231.98 W, 36, 2032 MHz, 3996 MHz, 1 %, 0 %
2026/09/20 16:26:45.165, 1, 234.64 W, 37, 2032 MHz, 3996 MHz, 1 %, 0 %
2026/09/20 16:26:45.165, 2, 225.96 W, 31, 2032 MHz, 3996 MHz, 0 %, 0 %
2026/09/20 16:26:45.165, 3, 230.37 W, 31, 2032 MHz, 3996 MHz, 0 %, 0 %
2026/09/20 16:26:45.165, 4, 182.44 W, 34, 120 MHz, 3996 MHz, 0 %, 0 %
2026/09/20 16:26:45.165, 5, 179.47 W, 32, 120 MHz, 3996 MHz, 0 %, 0 %
2026/09/20 16:26:45.165, 6, 180.17 W, 29, 120 MHz, 3996 MHz, 0 %, 0 %
2026/09/20 16:26:45.165, 7, 182.13 W, 29, 120 MHz, 3996 MHz, 0 %, 0 %
2026/09/20 16:26:46.165, 0, 232.06 W, 36, 2032 MHz, 3996 MHz, 0 %, 0 %
2026/09/20 16:26:46.165, 1, 234.77 W, 37, 2032 MHz, 3996 MHz, 0 %, 0 %
2026/09/20 16:26:46.165, 2, 226.08 W, 31, 2032 MHz, 3996 MHz, 0 %, 0 %
2026/09/20 16:26:46.165, 3, 230.18 W, 31, 2032 MHz, 3996 MHz, 0 %, 0 %
2026/09/20 16:26:46.165, 4, 182.39 W, 34, 120 MHz, 3996 MHz, 0 %, 0 %
2026/09/20 16:26:46.165, 5, 179.46 W, 32, 120 MHz, 3996 MHz, 0 %, 0 %
2026/09/20 16:26:46.165, 6, 180.17 W, 29, 120 MHz, 3996 MHz, 0 %, 0 %
2026/09/20 16:26:46.165, 7, 182.13 W, 29, 120 MHz, 3996 MHz, 0 %, 0 %
2026/09/20 16:26:47.165, 0, 231.98 W, 36, 2032 MHz, 3996 MHz, 0 %, 0 %
2026/09/20 16:26:47.165, 1, 234.06 W, 37, 2032 MHz, 3996 MHz, 0 %, 0 %
2026/09/20 16:26:47.165, 2, 225.98 W, 31, 2032 MHz, 3996 MHz, 0 %, 0 %
2026/09/20 16:26:47.165, 3, 229.74 W, 31, 2032 MHz, 3996 MHz, 0 %, 0 %
2026/09/20 16:26:47.165, 4, 182.27 W, 34, 120 MHz, 3996 MHz, 0 %, 0 %
2026/09/20 16:26:47.165, 5, 179.47 W, 32, 120 MHz, 3996 MHz, 0 %, 0 %
2026/09/20 16:26:47.166, 6, 180.17 W, 29, 120 MHz, 3996 MHz, 0 %, 0 %
2026/09/20 16:26:47.166, 7, 182.13 W, 29, 120 MHz, 3996 MHz, 0 %, 0 %
2026/09/20 16:26:48.166, 0, 231.98 W, 36, 2032 MHz, 3996 MHz, 0 %, 0 %
2026/09/20 16:26:48.166, 1, 234.05 W, 37, 2032 MHz, 3996 MHz, 0 %, 0 %
2026/09/20 16:26:48.166, 2, 225.97 W, 31, 2032 MHz, 3996 MHz, 0 %, 0 %
2026/09/20 16:26:48.166, 3, 229.79 W, 31, 2032 MHz, 3996 MHz, 0 %, 0 %
2026/09/20 16:26:48.166, 4, 182.63 W, 34, 120 MHz, 3996 MHz, 0 %, 0 %
2026/09/20 16:26:48.166, 5, 179.47 W, 32, 120 MHz, 3996 MHz, 0 %, 0 %
2026/09/20 16:26:48.166, 6, 180.17 W, 29, 120 MHz, 3996 MHz, 0 %, 0 %
2026/09/20 16:26:48.166, 7, 182.13 W, 29, 120 MHz, 3996 MHz, 0 %, 0 %
2026/09/20 16:26:49.166, 0, 231.98 W, 36, 2032 MHz, 3996 MHz, 0 %, 0 %
2026/09/20 16:26:49.166, 1, 234.01 W, 37, 2032 MHz, 3996 MHz, 0 %, 0 %
2026/09/20 16:26:49.166, 2, 225.98 W, 31, 2032 MHz, 3996 MHz, 0 %, 0 %
2026/09/20 16:26:49.166, 3, 230.16 W, 31, 2032 MHz, 3996 MHz, 9 %, 0 %
2026/09/20 16:26:49.166, 4, 182.19 W, 34, 120 MHz, 3996 MHz, 0 %, 0 %
2026/09/20 16:26:49.166, 5, 179.47 W, 32, 120 MHz, 3996 MHz, 0 %, 0 %
2026/09/20 16:26:49.166, 6, 180.17 W, 29, 120 MHz, 3996 MHz, 0 %, 0 %
2026/09/20 16:26:49.166, 7, 182.13 W, 29, 120 MHz, 3996 MHz, 0 %, 0 %
2026/09/20 16:26:50.166, 0, 231.98 W, 36, 2032 MHz, 3996 MHz, 0 %, 0 %
2026/09/20 16:26:50.166, 1, 234.57 W, 37, 2032 MHz, 3996 MHz, 0 %, 0 %
2026/09/20 16:26:50.166, 2, 225.88 W, 31, 2032 MHz, 3996 MHz, 18 %, 0 %
2026/09/20 16:26:50.166, 3, 240.91 W, 31, 2032 MHz, 3996 MHz, 3 %, 1 %
2026/09/20 16:26:50.166, 4, 182.41 W, 34, 120 MHz, 3996 MHz, 0 %, 0 %
2026/09/20 16:26:50.166, 5, 179.46 W, 32, 120 MHz, 3996 MHz, 0 %, 0 %
2026/09/20 16:26:50.166, 6, 180.17 W, 29, 120 MHz, 3996 MHz, 0 %, 0 %
2026/09/20 16:26:50.166, 7, 182.13 W, 29, 120 MHz, 3996 MHz, 0 %, 0 %
2026/09/20 16:26:51.167, 0, 231.97 W, 36, 2032 MHz, 3996 MHz, 18 %, 0 %
2026/09/20 16:26:51.167, 1, 240.30 W, 37, 2032 MHz, 3996 MHz, 2 %, 0 %
2026/09/20 16:26:51.167, 2, 227.24 W, 31, 2032 MHz, 3996 MHz, 2 %, 0 %
2026/09/20 16:26:51.167, 3, 235.47 W, 31, 2032 MHz, 3996 MHz, 0 %, 0 %
2026/09/20 16:26:51.167, 4, 182.62 W, 34, 120 MHz, 3996 MHz, 0 %, 0 %
2026/09/20 16:26:51.167, 5, 179.46 W, 32, 120 MHz, 3996 MHz, 0 %, 0 %
2026/09/20 16:26:51.167, 6, 180.17 W, 29, 120 MHz, 3996 MHz, 0 %, 0 %
2026/09/20 16:26:51.167, 7, 182.13 W, 29, 120 MHz, 3996 MHz, 0 %, 0 %
2026/09/20 16:26:52.167, 0, 233.69 W, 36, 2032 MHz, 3996 MHz, 2 %, 0 %
2026/09/20 16:26:52.167, 1, 240.25 W, 37, 2032 MHz, 3996 MHz, 2 %, 0 %
2026/09/20 16:26:52.167, 2, 234.66 W, 31, 2032 MHz, 3996 MHz, 2 %, 0 %
2026/09/20 16:26:52.167, 3, 230.93 W, 31, 2032 MHz, 3996 MHz, 12 %, 0 %
2026/09/20 16:26:52.167, 4, 182.40 W, 34, 120 MHz, 3996 MHz, 0 %, 0 %
2026/09/20 16:26:52.167, 5, 179.47 W, 32, 120 MHz, 3996 MHz, 0 %, 0 %
2026/09/20 16:26:52.167, 6, 180.17 W, 29, 120 MHz, 3996 MHz, 0 %, 0 %
2026/09/20 16:26:52.167, 7, 182.13 W, 29, 120 MHz, 3996 MHz, 0 %, 0 %
2026/09/20 16:26:53.167, 0, 239.79 W, 36, 2032 MHz, 3996 MHz, 2 %, 0 %
2026/09/20 16:26:53.167, 1, 238.00 W, 37, 2032 MHz, 3996 MHz, 0 %, 0 %
2026/09/20 16:26:53.167, 2, 230.72 W, 31, 2032 MHz, 3996 MHz, 1 %, 0 %
2026/09/20 16:26:53.167, 3, 231.60 W, 31, 2032 MHz, 3996 MHz, 0 %, 0 %
2026/09/20 16:26:53.167, 4, 182.59 W, 34, 120 MHz, 3996 MHz, 0 %, 0 %
2026/09/20 16:26:53.167, 5, 179.47 W, 32, 120 MHz, 3996 MHz, 0 %, 0 %
2026/09/20 16:26:53.167, 6, 180.17 W, 29, 120 MHz, 3996 MHz, 0 %, 0 %
2026/09/20 16:26:53.167, 7, 182.13 W, 29, 120 MHz, 3996 MHz, 0 %, 0 %
2026/09/20 16:26:54.167, 0, 237.29 W, 36, 2032 MHz, 3996 MHz, 1 %, 0 %
2026/09/20 16:26:54.167, 1, 235.51 W, 37, 2032 MHz, 3996 MHz, 0 %, 0 %
2026/09/20 16:26:54.167, 2, 226.70 W, 31, 2032 MHz, 3996 MHz, 0 %, 0 %
2026/09/20 16:26:54.167, 3, 231.22 W, 31, 2032 MHz, 3996 MHz, 0 %, 0 %
2026/09/20 16:26:54.167, 4, 182.29 W, 34, 120 MHz, 3996 MHz, 0 %, 0 %
2026/09/20 16:26:54.168, 5, 179.46 W, 32, 120 MHz, 3996 MHz, 0 %, 0 %
2026/09/20 16:26:54.168, 6, 180.17 W, 29, 120 MHz, 3996 MHz, 0 %, 0 %
2026/09/20 16:26:54.168, 7, 182.13 W, 29, 120 MHz, 3996 MHz, 0 %, 0 %
2026/09/20 16:26:55.168, 0, 232.29 W, 36, 2032 MHz, 3996 MHz, 0 %, 0 %
2026/09/20 16:26:55.168, 1, 235.83 W, 37, 2032 MHz, 3996 MHz, 5 %, 0 %
2026/09/20 16:26:55.168, 2, 226.97 W, 31, 2032 MHz, 3996 MHz, 13 %, 0 %
2026/09/20 16:26:55.168, 3, 231.06 W, 31, 2032 MHz, 3996 MHz, 0 %, 0 %
2026/09/20 16:26:55.168, 4, 182.58 W, 34, 120 MHz, 3996 MHz, 0 %, 0 %
2026/09/20 16:26:55.168, 5, 179.47 W, 32, 120 MHz, 3996 MHz, 0 %, 0 %
2026/09/20 16:26:55.168, 6, 180.17 W, 29, 120 MHz, 3996 MHz, 0 %, 0 %
2026/09/20 16:26:55.168, 7, 182.13 W, 29, 120 MHz, 3996 MHz, 0 %, 0 %
2026/09/20 16:26:56.168, 0, 233.01 W, 36, 2032 MHz, 3996 MHz, 12 %, 0 %
2026/09/20 16:26:56.168, 1, 235.86 W, 37, 2032 MHz, 3996 MHz, 0 %, 0 %
2026/09/20 16:26:56.168, 2, 226.65 W, 31, 2032 MHz, 3996 MHz, 0 %, 0 %
2026/09/20 16:26:56.168, 3, 230.82 W, 31, 2032 MHz, 3996 MHz, 4 %, 0 %
2026/09/20 16:26:56.168, 4, 182.25 W, 34, 120 MHz, 3996 MHz, 0 %, 0 %
2026/09/20 16:26:56.168, 5, 179.47 W, 32, 120 MHz, 3996 MHz, 0 %, 0 %
2026/09/20 16:26:56.168, 6, 180.17 W, 29, 120 MHz, 3996 MHz, 0 %, 0 %
2026/09/20 16:26:56.168, 7, 182.13 W, 29, 120 MHz, 3996 MHz, 0 %, 0 %
2026/09/20 16:26:57.168, 0, 232.75 W, 36, 2032 MHz, 3996 MHz, 0 %, 0 %
2026/09/20 16:26:57.168, 1, 235.85 W, 37, 2032 MHz, 3996 MHz, 5 %, 0 %
2026/09/20 16:26:57.168, 2, 226.33 W, 31, 2032 MHz, 3996 MHz, 3 %, 0 %
2026/09/20 16:26:57.168, 3, 231.02 W, 31, 2032 MHz, 3996 MHz, 2 %, 0 %
2026/09/20 16:26:57.168, 4, 182.71 W, 34, 120 MHz, 3996 MHz, 0 %, 0 %
2026/09/20 16:26:57.168, 5, 179.47 W, 32, 120 MHz, 3996 MHz, 0 %, 0 %
2026/09/20 16:26:57.168, 6, 180.17 W, 29, 120 MHz, 3996 MHz, 0 %, 0 %
2026/09/20 16:26:57.168, 7, 182.13 W, 29, 120 MHz, 3996 MHz, 0 %, 0 %
2026/09/20 16:26:58.169, 0, 232.72 W, 36, 2032 MHz, 3996 MHz, 7 %, 0 %
2026/09/20 16:26:58.169, 1, 235.90 W, 37, 2032 MHz, 3996 MHz, 4 %, 0 %
2026/09/20 16:26:58.169, 2, 226.06 W, 31, 2032 MHz, 3996 MHz, 0 %, 0 %
2026/09/20 16:26:58.169, 3, 230.99 W, 31, 2032 MHz, 3996 MHz, 0 %, 0 %
2026/09/20 16:26:58.169, 4, 182.78 W, 34, 120 MHz, 3996 MHz, 0 %, 0 %
2026/09/20 16:26:58.169, 5, 179.46 W, 32, 120 MHz, 3996 MHz, 0 %, 0 %
2026/09/20 16:26:58.169, 6, 180.17 W, 29, 120 MHz, 3996 MHz, 0 %, 0 %
2026/09/20 16:26:58.169, 7, 182.13 W, 29, 120 MHz, 3996 MHz, 0 %, 0 %
2026/09/20 16:26:59.169, 0, 232.33 W, 36, 2032 MHz, 3996 MHz, 0 %, 0 %
2026/09/20 16:26:59.169, 1, 235.90 W, 37, 2032 MHz, 3996 MHz, 0 %, 0 %
2026/09/20 16:26:59.169, 2, 226.36 W, 31, 2032 MHz, 3996 MHz, 4 %, 0 %
2026/09/20 16:26:59.169, 3, 231.23 W, 31, 2032 MHz, 3996 MHz, 6 %, 0 %
2026/09/20 16:26:59.169, 4, 182.63 W, 34, 120 MHz, 3996 MHz, 0 %, 0 %
2026/09/20 16:26:59.169, 5, 179.46 W, 32, 120 MHz, 3996 MHz, 0 %, 0 %
2026/09/20 16:26:59.169, 6, 180.17 W, 29, 120 MHz, 3996 MHz, 0 %, 0 %
2026/09/20 16:26:59.169, 7, 182.13 W, 29, 120 MHz, 3996 MHz, 0 %, 0 %
2026/09/20 16:27:00.169, 0, 232.67 W, 36, 2032 MHz, 3996 MHz, 8 %, 0 %
2026/09/20 16:27:00.169, 1, 235.90 W, 37, 2032 MHz, 3996 MHz, 6 %, 0 %
2026/09/20 16:27:00.169, 2, 226.37 W, 31, 2032 MHz, 3996 MHz, 8 %, 0 %
2026/09/20 16:27:00.169, 3, 231.46 W, 31, 2032 MHz, 3996 MHz, 4 %, 0 %
2026/09/20 16:27:00.169, 4, 182.45 W, 34, 120 MHz, 3996 MHz, 0 %, 0 %
2026/09/20 16:27:00.169, 5, 179.46 W, 32, 120 MHz, 3996 MHz, 0 %, 0 %
2026/09/20 16:27:00.169, 6, 180.17 W, 29, 120 MHz, 3996 MHz, 0 %, 0 %
2026/09/20 16:27:00.169, 7, 182.13 W, 29, 120 MHz, 3996 MHz, 0 %, 0 %
2026/09/20 16:27:01.169, 0, 232.49 W, 36, 2032 MHz, 3996 MHz, 7 %, 0 %
2026/09/20 16:27:01.170, 1, 235.89 W, 37, 2032 MHz, 3996 MHz, 5 %, 0 %
2026/09/20 16:27:01.170, 2, 227.26 W, 31, 2032 MHz, 3996 MHz, 6 %, 0 %
2026/09/20 16:27:01.170, 3, 231.63 W, 31, 2032 MHz, 3996 MHz, 7 %, 0 %
2026/09/20 16:27:01.170, 4, 182.70 W, 34, 120 MHz, 3996 MHz, 0 %, 0 %
2026/09/20 16:27:01.170, 5, 179.46 W, 32, 120 MHz, 3996 MHz, 0 %, 0 %
2026/09/20 16:27:01.170, 6, 180.17 W, 29, 120 MHz, 3996 MHz, 0 %, 0 %
2026/09/20 16:27:01.170, 7, 182.13 W, 29, 120 MHz, 3996 MHz, 0 %, 0 %
2026/09/20 16:27:02.170, 0, 233.07 W, 36, 2032 MHz, 3996 MHz, 6 %, 0 %
2026/09/20 16:27:02.170, 1, 235.92 W, 37, 2032 MHz, 3996 MHz, 9 %, 0 %
2026/09/20 16:27:02.170, 2, 226.95 W, 31, 2032 MHz, 3996 MHz, 5 %, 0 %
2026/09/20 16:27:02.170, 3, 231.41 W, 31, 2032 MHz, 3996 MHz, 9 %, 0 %
2026/09/20 16:27:02.170, 4, 182.75 W, 34, 120 MHz, 3996 MHz, 0 %, 0 %
2026/09/20 16:27:02.170, 5, 179.47 W, 32, 120 MHz, 3996 MHz, 0 %, 0 %
2026/09/20 16:27:02.170, 6, 180.17 W, 29, 120 MHz, 3996 MHz, 0 %, 0 %
2026/09/20 16:27:02.170, 7, 182.13 W, 29, 120 MHz, 3996 MHz, 0 %, 0 %
2026/09/20 16:27:03.170, 0, 233.51 W, 36, 2032 MHz, 3996 MHz, 6 %, 0 %
2026/09/20 16:27:03.170, 1, 235.89 W, 37, 2032 MHz, 3996 MHz, 9 %, 0 %
2026/09/20 16:27:03.171, 2, 227.15 W, 31, 2032 MHz, 3996 MHz, 2 %, 0 %
2026/09/20 16:27:03.171, 3, 230.94 W, 31, 2032 MHz, 3996 MHz, 0 %, 0 %
2026/09/20 16:27:03.171, 4, 182.66 W, 34, 120 MHz, 3996 MHz, 0 %, 0 %
2026/09/20 16:27:03.171, 5, 179.46 W, 32, 120 MHz, 3996 MHz, 0 %, 0 %
2026/09/20 16:27:03.171, 6, 180.17 W, 29, 120 MHz, 3996 MHz, 0 %, 0 %
2026/09/20 16:27:03.171, 7, 182.13 W, 29, 120 MHz, 3996 MHz, 0 %, 0 %
2026/09/20 16:27:04.171, 0, 233.24 W, 36, 2032 MHz, 3996 MHz, 8 %, 0 %
2026/09/20 16:27:04.171, 1, 235.93 W, 37, 2032 MHz, 3996 MHz, 0 %, 0 %
2026/09/20 16:27:04.171, 2, 226.81 W, 31, 2032 MHz, 3996 MHz, 2 %, 0 %
2026/09/20 16:27:04.171, 3, 230.87 W, 31, 2032 MHz, 3996 MHz, 6 %, 0 %
2026/09/20 16:27:04.171, 4, 182.63 W, 34, 120 MHz, 3996 MHz, 0 %, 0 %
2026/09/20 16:27:04.171, 5, 179.46 W, 32, 120 MHz, 3996 MHz, 0 %, 0 %
2026/09/20 16:27:04.171, 6, 180.17 W, 29, 120 MHz, 3996 MHz, 0 %, 0 %
2026/09/20 16:27:04.171, 7, 182.13 W, 29, 120 MHz, 3996 MHz, 0 %, 0 %
2026/09/20 16:27:05.171, 0, 233.15 W, 36, 2032 MHz, 3996 MHz, 11 %, 0 %
2026/09/20 16:27:05.171, 1, 235.89 W, 37, 2032 MHz, 3996 MHz, 3 %, 0 %
2026/09/20 16:27:05.171, 2, 226.16 W, 31, 2032 MHz, 3996 MHz, 0 %, 0 %
2026/09/20 16:27:05.171, 3, 231.12 W, 31, 2032 MHz, 3996 MHz, 0 %, 0 %
2026/09/20 16:27:05.171, 4, 182.93 W, 34, 120 MHz, 3996 MHz, 0 %, 0 %
2026/09/20 16:27:05.171, 5, 179.46 W, 32, 120 MHz, 3996 MHz, 0 %, 0 %
2026/09/20 16:27:05.171, 6, 180.17 W, 29, 120 MHz, 3996 MHz, 0 %, 0 %
2026/09/20 16:27:05.171, 7, 182.13 W, 29, 120 MHz, 3996 MHz, 0 %, 0 %
2026/09/20 16:27:06.171, 0, 232.61 W, 36, 2032 MHz, 3996 MHz, 0 %, 0 %
2026/09/20 16:27:06.171, 1, 235.89 W, 37, 2032 MHz, 3996 MHz, 5 %, 0 %
2026/09/20 16:27:06.171, 2, 226.53 W, 31, 2032 MHz, 3996 MHz, 4 %, 0 %
2026/09/20 16:27:06.171, 3, 231.33 W, 31, 2032 MHz, 3996 MHz, 11 %, 0 %
2026/09/20 16:27:06.171, 4, 183.06 W, 34, 120 MHz, 3996 MHz, 0 %, 0 %
2026/09/20 16:27:06.171, 5, 179.47 W, 32, 120 MHz, 3996 MHz, 0 %, 0 %
2026/09/20 16:27:06.172, 6, 180.17 W, 29, 120 MHz, 3996 MHz, 0 %, 0 %
2026/09/20 16:27:06.172, 7, 182.13 W, 29, 120 MHz, 3996 MHz, 0 %, 0 %
2026/09/20 16:27:07.172, 0, 232.14 W, 36, 2032 MHz, 3996 MHz, 1 %, 0 %
2026/09/20 16:27:07.172, 1, 235.90 W, 37, 2032 MHz, 3996 MHz, 7 %, 0 %
2026/09/20 16:27:07.172, 2, 227.39 W, 31, 2032 MHz, 3996 MHz, 6 %, 0 %
2026/09/20 16:27:07.172, 3, 231.49 W, 31, 2032 MHz, 3996 MHz, 4 %, 0 %
2026/09/20 16:27:07.172, 4, 183.01 W, 34, 120 MHz, 3996 MHz, 0 %, 0 %
2026/09/20 16:27:07.172, 5, 179.46 W, 32, 120 MHz, 3996 MHz, 0 %, 0 %
2026/09/20 16:27:07.172, 6, 180.17 W, 29, 120 MHz, 3996 MHz, 0 %, 0 %
2026/09/20 16:27:07.172, 7, 182.13 W, 29, 120 MHz, 3996 MHz, 0 %, 0 %
2026/09/20 16:27:08.172, 0, 232.56 W, 36, 2032 MHz, 3996 MHz, 2 %, 0 %
2026/09/20 16:27:08.172, 1, 235.90 W, 37, 2032 MHz, 3996 MHz, 12 %, 0 %
2026/09/20 16:27:08.172, 2, 227.11 W, 31, 2032 MHz, 3996 MHz, 9 %, 0 %
2026/09/20 16:27:08.172, 3, 231.48 W, 31, 2032 MHz, 3996 MHz, 0 %, 0 %
2026/09/20 16:27:08.172, 4, 182.97 W, 34, 120 MHz, 3996 MHz, 0 %, 0 %
2026/09/20 16:27:08.172, 5, 179.47 W, 32, 120 MHz, 3996 MHz, 0 %, 0 %
2026/09/20 16:27:08.172, 6, 180.17 W, 29, 120 MHz, 3996 MHz, 0 %, 0 %
2026/09/20 16:27:08.172, 7, 182.17 W, 29, 120 MHz, 3996 MHz, 0 %, 0 %
2026/09/20 16:27:09.172, 0, 232.94 W, 36, 2032 MHz, 3996 MHz, 4 %, 0 %
2026/09/20 16:27:09.172, 1, 235.88 W, 38, 2032 MHz, 3996 MHz, 0 %, 0 %
2026/09/20 16:27:09.172, 2, 226.89 W, 31, 2032 MHz, 3996 MHz, 11 %, 0 %
2026/09/20 16:27:09.172, 3, 231.47 W, 31, 2032 MHz, 3996 MHz, 9 %, 0 %
2026/09/20 16:27:09.172, 4, 183.02 W, 34, 120 MHz, 3996 MHz, 0 %, 0 %
2026/09/20 16:27:09.172, 5, 179.47 W, 32, 120 MHz, 3996 MHz, 0 %, 0 %
2026/09/20 16:27:09.172, 6, 180.17 W, 29, 120 MHz, 3996 MHz, 0 %, 0 %
2026/09/20 16:27:09.172, 7, 182.13 W, 29, 120 MHz, 3996 MHz, 0 %, 0 %
2026/09/20 16:27:10.173, 0, 233.63 W, 36, 2032 MHz, 3996 MHz, 11 %, 0 %
2026/09/20 16:27:10.173, 1, 235.88 W, 38, 2032 MHz, 3996 MHz, 11 %, 0 %
2026/09/20 16:27:10.173, 2, 226.29 W, 31, 2032 MHz, 3996 MHz, 6 %, 0 %
2026/09/20 16:27:10.173, 3, 231.71 W, 31, 2032 MHz, 3996 MHz, 9 %, 0 %
2026/09/20 16:27:10.173, 4, 183.09 W, 34, 120 MHz, 3996 MHz, 0 %, 0 %
2026/09/20 16:27:10.173, 5, 179.47 W, 32, 120 MHz, 3996 MHz, 0 %, 0 %
2026/09/20 16:27:10.173, 6, 180.17 W, 29, 120 MHz, 3996 MHz, 0 %, 0 %
2026/09/20 16:27:10.173, 7, 182.25 W, 29, 120 MHz, 3996 MHz, 0 %, 0 %
2026/09/20 16:27:11.173, 0, 233.59 W, 36, 2032 MHz, 3996 MHz, 11 %, 0 %
2026/09/20 16:27:11.173, 1, 235.89 W, 38, 2032 MHz, 3996 MHz, 0 %, 0 %
2026/09/20 16:27:11.173, 2, 226.80 W, 31, 2032 MHz, 3996 MHz, 0 %, 0 %
2026/09/20 16:27:11.173, 3, 231.41 W, 31, 2032 MHz, 3996 MHz, 2 %, 0 %
2026/09/20 16:27:11.173, 4, 182.94 W, 34, 120 MHz, 3996 MHz, 0 %, 0 %
2026/09/20 16:27:11.173, 5, 179.47 W, 32, 120 MHz, 3996 MHz, 0 %, 0 %
2026/09/20 16:27:11.173, 6, 180.17 W, 29, 120 MHz, 3996 MHz, 0 %, 0 %
2026/09/20 16:27:11.173, 7, 182.21 W, 29, 120 MHz, 3996 MHz, 0 %, 0 %
2026/09/20 16:27:12.173, 0, 232.52 W, 36, 2032 MHz, 3996 MHz, 0 %, 0 %
2026/09/20 16:27:12.173, 1, 235.89 W, 38, 2032 MHz, 3996 MHz, 3 %, 0 %
2026/09/20 16:27:12.173, 2, 226.67 W, 31, 2032 MHz, 3996 MHz, 0 %, 0 %
2026/09/20 16:27:12.173, 3, 231.54 W, 31, 2032 MHz, 3996 MHz, 6 %, 0 %
2026/09/20 16:27:12.173, 4, 183.06 W, 34, 120 MHz, 3996 MHz, 0 %, 0 %
2026/09/20 16:27:12.173, 5, 179.47 W, 32, 120 MHz, 3996 MHz, 0 %, 0 %
2026/09/20 16:27:12.173, 6, 180.17 W, 29, 120 MHz, 3996 MHz, 0 %, 0 %
2026/09/20 16:27:12.173, 7, 182.13 W, 29, 120 MHz, 3996 MHz, 0 %, 0 %
2026/09/20 16:27:13.173, 0, 233.31 W, 36, 2032 MHz, 3996 MHz, 9 %, 0 %
2026/09/20 16:27:13.173, 1, 235.89 W, 38, 2032 MHz, 3996 MHz, 1 %, 0 %
2026/09/20 16:27:13.173, 2, 226.46 W, 31, 2032 MHz, 3996 MHz, 0 %, 0 %
2026/09/20 16:27:13.173, 3, 231.38 W, 31, 2032 MHz, 3996 MHz, 0 %, 0 %
2026/09/20 16:27:13.174, 4, 182.97 W, 34, 120 MHz, 3996 MHz, 0 %, 0 %
2026/09/20 16:27:13.174, 5, 179.47 W, 32, 120 MHz, 3996 MHz, 0 %, 0 %
2026/09/20 16:27:13.174, 6, 180.17 W, 29, 120 MHz, 3996 MHz, 0 %, 0 %
2026/09/20 16:27:13.174, 7, 182.13 W, 29, 120 MHz, 3996 MHz, 0 %, 0 %
2026/09/20 16:27:14.174, 0, 233.28 W, 36, 2032 MHz, 3996 MHz, 9 %, 0 %
2026/09/20 16:27:14.174, 1, 236.00 W, 38, 2032 MHz, 3996 MHz, 2 %, 0 %
2026/09/20 16:27:14.174, 2, 226.69 W, 31, 2032 MHz, 3996 MHz, 11 %, 0 %
2026/09/20 16:27:14.174, 3, 231.37 W, 31, 2032 MHz, 3996 MHz, 5 %, 0 %
2026/09/20 16:27:14.174, 4, 183.02 W, 34, 120 MHz, 3996 MHz, 0 %, 0 %
2026/09/20 16:27:14.174, 5, 179.46 W, 32, 120 MHz, 3996 MHz, 0 %, 0 %
2026/09/20 16:27:14.174, 6, 180.17 W, 29, 120 MHz, 3996 MHz, 0 %, 0 %
2026/09/20 16:27:14.174, 7, 182.13 W, 29, 120 MHz, 3996 MHz, 0 %, 0 %
2026/09/20 16:27:15.174, 0, 232.80 W, 36, 2032 MHz, 3996 MHz, 0 %, 0 %
2026/09/20 16:27:15.174, 1, 235.89 W, 38, 2032 MHz, 3996 MHz, 12 %, 0 %
2026/09/20 16:27:15.174, 2, 227.34 W, 31, 2032 MHz, 3996 MHz, 6 %, 0 %
2026/09/20 16:27:15.174, 3, 231.49 W, 31, 2032 MHz, 3996 MHz, 6 %, 0 %
2026/09/20 16:27:15.174, 4, 183.13 W, 34, 120 MHz, 3996 MHz, 0 %, 0 %
2026/09/20 16:27:15.174, 5, 179.46 W, 32, 120 MHz, 3996 MHz, 0 %, 0 %
2026/09/20 16:27:15.174, 6, 180.17 W, 29, 120 MHz, 3996 MHz, 0 %, 0 %
2026/09/20 16:27:15.174, 7, 182.13 W, 29, 120 MHz, 3996 MHz, 0 %, 0 %
2026/09/20 16:27:16.174, 0, 232.76 W, 36, 2032 MHz, 3996 MHz, 1 %, 0 %
2026/09/20 16:27:16.174, 1, 235.88 W, 38, 2032 MHz, 3996 MHz, 1 %, 0 %
2026/09/20 16:27:16.174, 2, 226.93 W, 31, 2032 MHz, 3996 MHz, 8 %, 0 %
2026/09/20 16:27:16.174, 3, 231.23 W, 31, 2032 MHz, 3996 MHz, 2 %, 0 %
2026/09/20 16:27:16.174, 4, 182.78 W, 34, 120 MHz, 3996 MHz, 0 %, 0 %
2026/09/20 16:27:16.174, 5, 179.46 W, 32, 120 MHz, 3996 MHz, 0 %, 0 %
2026/09/20 16:27:16.174, 6, 180.17 W, 29, 120 MHz, 3996 MHz, 0 %, 0 %
2026/09/20 16:27:16.174, 7, 182.17 W, 29, 120 MHz, 3996 MHz, 0 %, 0 %
2026/09/20 16:27:17.175, 0, 232.44 W, 36, 2032 MHz, 3996 MHz, 0 %, 0 %
2026/09/20 16:27:17.175, 1, 235.88 W, 38, 2032 MHz, 3996 MHz, 4 %, 0 %
2026/09/20 16:27:17.175, 2, 227.14 W, 31, 2032 MHz, 3996 MHz, 1 %, 0 %
2026/09/20 16:27:17.175, 3, 231.64 W, 31, 2032 MHz, 3996 MHz, 10 %, 0 %
2026/09/20 16:27:17.175, 4, 183.09 W, 34, 120 MHz, 3996 MHz, 0 %, 0 %
2026/09/20 16:27:17.175, 5, 179.47 W, 32, 120 MHz, 3996 MHz, 0 %, 0 %
2026/09/20 16:27:17.175, 6, 180.17 W, 29, 120 MHz, 3996 MHz, 0 %, 0 %
2026/09/20 16:27:17.175, 7, 182.13 W, 29, 120 MHz, 3996 MHz, 0 %, 0 %
2026/09/20 16:27:18.175, 0, 233.28 W, 36, 2032 MHz, 3996 MHz, 7 %, 0 %
2026/09/20 16:27:18.175, 1, 235.92 W, 38, 2032 MHz, 3996 MHz, 5 %, 0 %
2026/09/20 16:27:18.175, 2, 226.78 W, 31, 2032 MHz, 3996 MHz, 8 %, 0 %
2026/09/20 16:27:18.175, 3, 231.61 W, 31, 2032 MHz, 3996 MHz, 2 %, 0 %
2026/09/20 16:27:18.175, 4, 183.25 W, 34, 120 MHz, 3996 MHz, 0 %, 0 %
2026/09/20 16:27:18.175, 5, 179.47 W, 32, 120 MHz, 3996 MHz, 0 %, 0 %
2026/09/20 16:27:18.175, 6, 180.17 W, 29, 120 MHz, 3996 MHz, 0 %, 0 %
2026/09/20 16:27:18.175, 7, 182.17 W, 29, 120 MHz, 3996 MHz, 0 %, 0 %
2026/09/20 16:27:19.175, 0, 233.66 W, 36, 2032 MHz, 3996 MHz, 9 %, 0 %
2026/09/20 16:27:19.175, 1, 235.88 W, 38, 2032 MHz, 3996 MHz, 2 %, 0 %
2026/09/20 16:27:19.175, 2, 226.75 W, 31, 2032 MHz, 3996 MHz, 10 %, 0 %
2026/09/20 16:27:19.175, 3, 231.61 W, 31, 2032 MHz, 3996 MHz, 1 %, 0 %
2026/09/20 16:27:19.175, 4, 182.93 W, 34, 120 MHz, 3996 MHz, 0 %, 0 %
2026/09/20 16:27:19.175, 5, 179.47 W, 32, 120 MHz, 3996 MHz, 0 %, 0 %
2026/09/20 16:27:19.175, 6, 180.17 W, 29, 120 MHz, 3996 MHz, 0 %, 0 %
2026/09/20 16:27:19.175, 7, 182.17 W, 29, 120 MHz, 3996 MHz, 0 %, 0 %
2026/09/20 16:27:20.175, 0, 233.66 W, 36, 2032 MHz, 3996 MHz, 8 %, 0 %
2026/09/20 16:27:20.175, 1, 235.89 W, 38, 2032 MHz, 3996 MHz, 0 %, 0 %
2026/09/20 16:27:20.175, 2, 226.25 W, 31, 2032 MHz, 3996 MHz, 0 %, 0 %
2026/09/20 16:27:20.175, 3, 231.61 W, 31, 2032 MHz, 3996 MHz, 2 %, 0 %
2026/09/20 16:27:20.175, 4, 183.09 W, 34, 120 MHz, 3996 MHz, 0 %, 0 %
2026/09/20 16:27:20.175, 5, 179.47 W, 32, 120 MHz, 3996 MHz, 0 %, 0 %
2026/09/20 16:27:20.176, 6, 180.17 W, 29, 120 MHz, 3996 MHz, 0 %, 0 %
2026/09/20 16:27:20.176, 7, 182.13 W, 29, 120 MHz, 3996 MHz, 0 %, 0 %
2026/09/20 16:27:21.176, 0, 233.40 W, 36, 2032 MHz, 3996 MHz, 12 %, 0 %
2026/09/20 16:27:21.176, 1, 235.96 W, 38, 2032 MHz, 3996 MHz, 11 %, 0 %
2026/09/20 16:27:21.176, 2, 226.45 W, 31, 2032 MHz, 3996 MHz, 2 %, 0 %
2026/09/20 16:27:21.176, 3, 231.42 W, 31, 2032 MHz, 3996 MHz, 0 %, 0 %
2026/09/20 16:27:21.176, 4, 183.09 W, 34, 120 MHz, 3996 MHz, 0 %, 0 %
2026/09/20 16:27:21.176, 5, 179.47 W, 32, 120 MHz, 3996 MHz, 0 %, 0 %
2026/09/20 16:27:21.176, 6, 180.17 W, 29, 120 MHz, 3996 MHz, 0 %, 0 %
2026/09/20 16:27:21.176, 7, 182.13 W, 29, 120 MHz, 3996 MHz, 0 %, 0 %
2026/09/20 16:27:22.176, 0, 233.28 W, 36, 2032 MHz, 3996 MHz, 1 %, 0 %
2026/09/20 16:27:22.176, 1, 235.96 W, 38, 2032 MHz, 3996 MHz, 5 %, 0 %
2026/09/20 16:27:22.176, 2, 227.51 W, 31, 2032 MHz, 3996 MHz, 6 %, 0 %
2026/09/20 16:27:22.176, 3, 231.28 W, 31, 2032 MHz, 3996 MHz, 11 %, 0 %
2026/09/20 16:27:22.176, 4, 183.05 W, 34, 120 MHz, 3996 MHz, 0 %, 0 %
2026/09/20 16:27:22.176, 5, 179.47 W, 32, 120 MHz, 3996 MHz, 0 %, 0 %
2026/09/20 16:27:22.176, 6, 180.17 W, 29, 120 MHz, 3996 MHz, 0 %, 0 %
2026/09/20 16:27:22.176, 7, 182.13 W, 29, 120 MHz, 3996 MHz, 0 %, 0 %
2026/09/20 16:27:23.176, 0, 233.23 W, 36, 2032 MHz, 3996 MHz, 1 %, 0 %
2026/09/20 16:27:23.176, 1, 235.88 W, 38, 2032 MHz, 3996 MHz, 11 %, 0 %
2026/09/20 16:27:23.176, 2, 227.09 W, 31, 2032 MHz, 3996 MHz, 9 %, 0 %
2026/09/20 16:27:23.176, 3, 231.52 W, 31, 2032 MHz, 3996 MHz, 2 %, 0 %
2026/09/20 16:27:23.176, 4, 183.21 W, 34, 120 MHz, 3996 MHz, 0 %, 0 %
2026/09/20 16:27:23.176, 5, 179.46 W, 32, 120 MHz, 3996 MHz, 0 %, 0 %
2026/09/20 16:27:23.176, 6, 180.17 W, 29, 120 MHz, 3996 MHz, 0 %, 0 %
2026/09/20 16:27:23.176, 7, 182.13 W, 29, 120 MHz, 3996 MHz, 0 %, 0 %
2026/09/20 16:27:24.177, 0, 232.76 W, 36, 2032 MHz, 3996 MHz, 0 %, 0 %
2026/09/20 16:27:24.177, 1, 235.93 W, 38, 2032 MHz, 3996 MHz, 11 %, 0 %
2026/09/20 16:27:24.177, 2, 227.08 W, 31, 2032 MHz, 3996 MHz, 0 %, 0 %
2026/09/20 16:27:24.177, 3, 231.41 W, 31, 2032 MHz, 3996 MHz, 11 %, 0 %
2026/09/20 16:27:24.177, 4, 183.13 W, 34, 120 MHz, 3996 MHz, 0 %, 0 %
2026/09/20 16:27:24.177, 5, 179.47 W, 32, 120 MHz, 3996 MHz, 0 %, 0 %
2026/09/20 16:27:24.177, 6, 180.17 W, 29, 120 MHz, 3996 MHz, 0 %, 0 %
2026/09/20 16:27:24.177, 7, 182.13 W, 29, 120 MHz, 3996 MHz, 0 %, 0 %
2026/09/20 16:27:25.177, 0, 232.62 W, 36, 2032 MHz, 3996 MHz, 9 %, 0 %
2026/09/20 16:27:25.177, 1, 235.92 W, 38, 2032 MHz, 3996 MHz, 2 %, 0 %
2026/09/20 16:27:25.177, 2, 226.86 W, 31, 2032 MHz, 3996 MHz, 2 %, 0 %
2026/09/20 16:27:25.177, 3, 231.65 W, 31, 2032 MHz, 3996 MHz, 12 %, 0 %
2026/09/20 16:27:25.177, 4, 183.17 W, 34, 120 MHz, 3996 MHz, 0 %, 0 %
2026/09/20 16:27:25.177, 5, 179.47 W, 32, 120 MHz, 3996 MHz, 0 %, 0 %
2026/09/20 16:27:25.177, 6, 180.17 W, 29, 120 MHz, 3996 MHz, 0 %, 0 %
2026/09/20 16:27:25.177, 7, 182.17 W, 29, 120 MHz, 3996 MHz, 0 %, 0 %
2026/09/20 16:27:26.177, 0, 233.84 W, 36, 2032 MHz, 3996 MHz, 10 %, 0 %
2026/09/20 16:27:26.177, 1, 235.88 W, 38, 2032 MHz, 3996 MHz, 6 %, 0 %
2026/09/20 16:27:26.177, 2, 226.75 W, 31, 2032 MHz, 3996 MHz, 6 %, 0 %
2026/09/20 16:27:26.177, 3, 231.52 W, 31, 2032 MHz, 3996 MHz, 2 %, 0 %
2026/09/20 16:27:26.177, 4, 183.13 W, 34, 120 MHz, 3996 MHz, 0 %, 0 %
2026/09/20 16:27:26.177, 5, 179.47 W, 32, 120 MHz, 3996 MHz, 0 %, 0 %
2026/09/20 16:27:26.177, 6, 180.17 W, 29, 120 MHz, 3996 MHz, 0 %, 0 %
2026/09/20 16:27:26.177, 7, 182.13 W, 29, 120 MHz, 3996 MHz, 0 %, 0 %
2026/09/20 16:27:27.177, 0, 233.59 W, 36, 2032 MHz, 3996 MHz, 10 %, 0 %
2026/09/20 16:27:27.177, 1, 235.88 W, 38, 2032 MHz, 3996 MHz, 1 %, 0 %
2026/09/20 16:27:27.177, 2, 227.04 W, 31, 2032 MHz, 3996 MHz, 8 %, 0 %
2026/09/20 16:27:27.177, 3, 231.49 W, 31, 2032 MHz, 3996 MHz, 5 %, 0 %
2026/09/20 16:27:27.177, 4, 183.13 W, 34, 120 MHz, 3996 MHz, 0 %, 0 %
2026/09/20 16:27:27.178, 5, 179.47 W, 32, 120 MHz, 3996 MHz, 0 %, 0 %
2026/09/20 16:27:27.178, 6, 180.17 W, 29, 120 MHz, 3996 MHz, 0 %, 0 %
2026/09/20 16:27:27.178, 7, 182.17 W, 29, 120 MHz, 3996 MHz, 0 %, 0 %
2026/09/20 16:27:28.178, 0, 233.70 W, 36, 2032 MHz, 3996 MHz, 12 %, 0 %
2026/09/20 16:27:28.178, 1, 235.88 W, 38, 2032 MHz, 3996 MHz, 0 %, 0 %
2026/09/20 16:27:28.178, 2, 226.10 W, 31, 2032 MHz, 3996 MHz, 0 %, 0 %
2026/09/20 16:27:28.178, 3, 231.57 W, 31, 2032 MHz, 3996 MHz, 0 %, 0 %
2026/09/20 16:27:28.178, 4, 183.05 W, 34, 120 MHz, 3996 MHz, 0 %, 0 %
2026/09/20 16:27:28.178, 5, 179.47 W, 32, 120 MHz, 3996 MHz, 0 %, 0 %
2026/09/20 16:27:28.178, 6, 180.17 W, 29, 120 MHz, 3996 MHz, 0 %, 0 %
2026/09/20 16:27:28.178, 7, 182.13 W, 29, 120 MHz, 3996 MHz, 0 %, 0 %
2026/09/20 16:27:29.178, 0, 233.70 W, 36, 2032 MHz, 3996 MHz, 2 %, 0 %
2026/09/20 16:27:29.178, 1, 235.96 W, 38, 2032 MHz, 3996 MHz, 0 %, 0 %
2026/09/20 16:27:29.178, 2, 226.90 W, 31, 2032 MHz, 3996 MHz, 1 %, 0 %
2026/09/20 16:27:29.178, 3, 231.12 W, 31, 2032 MHz, 3996 MHz, 0 %, 0 %
2026/09/20 16:27:29.178, 4, 183.09 W, 34, 120 MHz, 3996 MHz, 0 %, 0 %
2026/09/20 16:27:29.178, 5, 179.46 W, 32, 120 MHz, 3996 MHz, 0 %, 0 %
2026/09/20 16:27:29.178, 6, 180.17 W, 29, 120 MHz, 3996 MHz, 0 %, 0 %
2026/09/20 16:27:29.178, 7, 182.13 W, 29, 120 MHz, 3996 MHz, 0 %, 0 %
2026/09/20 16:27:30.178, 0, 232.99 W, 36, 2032 MHz, 3996 MHz, 0 %, 0 %
2026/09/20 16:27:30.178, 1, 235.88 W, 38, 2032 MHz, 3996 MHz, 3 %, 0 %
2026/09/20 16:27:30.178, 2, 226.65 W, 31, 2032 MHz, 3996 MHz, 3 %, 0 %
2026/09/20 16:27:30.178, 3, 231.23 W, 31, 2032 MHz, 3996 MHz, 4 %, 0 %
2026/09/20 16:27:30.178, 4, 183.17 W, 34, 120 MHz, 3996 MHz, 0 %, 0 %
2026/09/20 16:27:30.178, 5, 179.47 W, 32, 120 MHz, 3996 MHz, 0 %, 0 %
2026/09/20 16:27:30.178, 6, 180.17 W, 29, 120 MHz, 3996 MHz, 0 %, 0 %
2026/09/20 16:27:30.178, 7, 182.13 W, 29, 120 MHz, 3996 MHz, 0 %, 0 %
2026/09/20 16:27:31.179, 0, 233.38 W, 36, 2032 MHz, 3996 MHz, 0 %, 0 %
2026/09/20 16:27:31.179, 1, 235.89 W, 38, 2032 MHz, 3996 MHz, 3 %, 0 %
2026/09/20 16:27:31.179, 2, 227.55 W, 31, 2032 MHz, 3996 MHz, 11 %, 0 %
2026/09/20 16:27:31.179, 3, 231.41 W, 31, 2032 MHz, 3996 MHz, 1 %, 0 %
2026/09/20 16:27:31.179, 4, 183.21 W, 35, 120 MHz, 3996 MHz, 0 %, 0 %
2026/09/20 16:27:31.179, 5, 179.46 W, 32, 120 MHz, 3996 MHz, 0 %, 0 %
2026/09/20 16:27:31.179, 6, 180.17 W, 29, 120 MHz, 3996 MHz, 0 %, 0 %
2026/09/20 16:27:31.179, 7, 182.13 W, 29, 120 MHz, 3996 MHz, 0 %, 0 %
2026/09/20 16:27:32.179, 0, 233.40 W, 36, 2032 MHz, 3996 MHz, 9 %, 0 %
2026/09/20 16:27:32.179, 1, 236.19 W, 38, 2032 MHz, 3996 MHz, 8 %, 0 %
2026/09/20 16:27:32.179, 2, 227.45 W, 31, 2032 MHz, 3996 MHz, 2 %, 0 %
2026/09/20 16:27:32.179, 3, 231.48 W, 31, 2032 MHz, 3996 MHz, 4 %, 0 %
2026/09/20 16:27:32.179, 4, 183.17 W, 34, 120 MHz, 3996 MHz, 0 %, 0 %
2026/09/20 16:27:32.179, 5, 179.46 W, 32, 120 MHz, 3996 MHz, 0 %, 0 %
2026/09/20 16:27:32.179, 6, 180.17 W, 29, 120 MHz, 3996 MHz, 0 %, 0 %
2026/09/20 16:27:32.179, 7, 182.13 W, 29, 120 MHz, 3996 MHz, 0 %, 0 %
2026/09/20 16:27:33.179, 0, 233.41 W, 37, 2032 MHz, 3996 MHz, 9 %, 0 %
2026/09/20 16:27:33.179, 1, 235.96 W, 38, 2032 MHz, 3996 MHz, 8 %, 0 %
2026/09/20 16:27:33.179, 2, 227.34 W, 31, 2032 MHz, 3996 MHz, 5 %, 0 %
2026/09/20 16:27:33.179, 3, 231.58 W, 31, 2032 MHz, 3996 MHz, 9 %, 0 %
2026/09/20 16:27:33.179, 4, 183.21 W, 35, 120 MHz, 3996 MHz, 0 %, 0 %
2026/09/20 16:27:33.179, 5, 179.47 W, 32, 120 MHz, 3996 MHz, 0 %, 0 %
2026/09/20 16:27:33.179, 6, 180.17 W, 29, 120 MHz, 3996 MHz, 0 %, 0 %
2026/09/20 16:27:33.179, 7, 182.17 W, 29, 120 MHz, 3996 MHz, 0 %, 0 %
2026/09/20 16:27:34.180, 0, 233.08 W, 37, 2032 MHz, 3996 MHz, 3 %, 0 %
2026/09/20 16:27:34.180, 1, 235.96 W, 38, 2032 MHz, 3996 MHz, 4 %, 0 %
2026/09/20 16:27:34.180, 2, 227.47 W, 31, 2032 MHz, 3996 MHz, 10 %, 0 %
2026/09/20 16:27:34.180, 3, 231.67 W, 31, 2032 MHz, 3996 MHz, 9 %, 0 %
2026/09/20 16:27:34.180, 4, 183.25 W, 34, 120 MHz, 3996 MHz, 0 %, 0 %
2026/09/20 16:27:34.180, 5, 179.46 W, 32, 120 MHz, 3996 MHz, 0 %, 0 %
2026/09/20 16:27:34.180, 6, 180.17 W, 29, 120 MHz, 3996 MHz, 0 %, 0 %
2026/09/20 16:27:34.180, 7, 182.13 W, 29, 120 MHz, 3996 MHz, 0 %, 0 %
2026/09/20 16:27:35.180, 0, 233.24 W, 37, 2032 MHz, 3996 MHz, 4 %, 0 %
2026/09/20 16:27:35.180, 1, 235.96 W, 38, 2032 MHz, 3996 MHz, 4 %, 0 %
2026/09/20 16:27:35.180, 2, 227.42 W, 31, 2032 MHz, 3996 MHz, 3 %, 0 %
2026/09/20 16:27:35.180, 3, 231.56 W, 31, 2032 MHz, 3996 MHz, 6 %, 0 %
2026/09/20 16:27:35.180, 4, 183.13 W, 35, 120 MHz, 3996 MHz, 0 %, 0 %
2026/09/20 16:27:35.180, 5, 179.46 W, 32, 120 MHz, 3996 MHz, 0 %, 0 %
2026/09/20 16:27:35.180, 6, 180.17 W, 29, 120 MHz, 3996 MHz, 0 %, 0 %
2026/09/20 16:27:35.180, 7, 182.13 W, 29, 120 MHz, 3996 MHz, 0 %, 0 %
2026/09/20 16:27:36.180, 0, 233.75 W, 37, 2032 MHz, 3996 MHz, 10 %, 0 %
2026/09/20 16:27:36.180, 1, 235.96 W, 38, 2032 MHz, 3996 MHz, 12 %, 0 %
2026/09/20 16:27:36.180, 2, 227.44 W, 31, 2032 MHz, 3996 MHz, 5 %, 0 %
2026/09/20 16:27:36.180, 3, 231.64 W, 31, 2032 MHz, 3996 MHz, 3 %, 0 %
2026/09/20 16:27:36.180, 4, 183.17 W, 35, 120 MHz, 3996 MHz, 0 %, 0 %
2026/09/20 16:27:36.180, 5, 179.47 W, 32, 120 MHz, 3996 MHz, 0 %, 0 %
2026/09/20 16:27:36.180, 6, 180.17 W, 29, 120 MHz, 3996 MHz, 0 %, 0 %
2026/09/20 16:27:36.180, 7, 182.13 W, 29, 120 MHz, 3996 MHz, 0 %, 0 %
2026/09/20 16:27:37.180, 0, 233.69 W, 37, 2032 MHz, 3996 MHz, 5 %, 0 %
2026/09/20 16:27:37.180, 1, 235.96 W, 38, 2032 MHz, 3996 MHz, 5 %, 0 %
2026/09/20 16:27:37.180, 2, 227.30 W, 31, 2032 MHz, 3996 MHz, 2 %, 0 %
2026/09/20 16:27:37.180, 3, 231.73 W, 31, 2032 MHz, 3996 MHz, 4 %, 0 %
2026/09/20 16:27:37.181, 4, 183.17 W, 35, 120 MHz, 3996 MHz, 0 %, 0 %
2026/09/20 16:27:37.181, 5, 179.47 W, 32, 120 MHz, 3996 MHz, 0 %, 0 %
2026/09/20 16:27:37.181, 6, 180.17 W, 29, 120 MHz, 3996 MHz, 0 %, 0 %
2026/09/20 16:27:37.181, 7, 182.13 W, 29, 120 MHz, 3996 MHz, 0 %, 0 %
2026/09/20 16:27:38.181, 0, 233.93 W, 37, 2032 MHz, 3996 MHz, 4 %, 0 %
2026/09/20 16:27:38.181, 1, 236.00 W, 38, 2032 MHz, 3996 MHz, 6 %, 0 %
2026/09/20 16:27:38.181, 2, 227.52 W, 31, 2032 MHz, 3996 MHz, 10 %, 0 %
2026/09/20 16:27:38.181, 3, 231.60 W, 31, 2032 MHz, 3996 MHz, 9 %, 0 %
2026/09/20 16:27:38.181, 4, 183.21 W, 35, 120 MHz, 3996 MHz, 0 %, 0 %
2026/09/20 16:27:38.181, 5, 179.46 W, 32, 120 MHz, 3996 MHz, 0 %, 0 %
2026/09/20 16:27:38.181, 6, 180.17 W, 29, 120 MHz, 3996 MHz, 0 %, 0 %
2026/09/20 16:27:38.181, 7, 182.13 W, 29, 120 MHz, 3996 MHz, 0 %, 0 %
2026/09/20 16:27:39.181, 0, 233.80 W, 37, 2032 MHz, 3996 MHz, 8 %, 0 %
2026/09/20 16:27:39.181, 1, 236.00 W, 38, 2032 MHz, 3996 MHz, 5 %, 0 %
2026/09/20 16:27:39.181, 2, 227.51 W, 31, 2032 MHz, 3996 MHz, 6 %, 0 %
2026/09/20 16:27:39.181, 3, 231.68 W, 31, 2032 MHz, 3996 MHz, 4 %, 0 %
2026/09/20 16:27:39.181, 4, 183.21 W, 35, 120 MHz, 3996 MHz, 0 %, 0 %
2026/09/20 16:27:39.181, 5, 179.47 W, 32, 120 MHz, 3996 MHz, 0 %, 0 %
2026/09/20 16:27:39.181, 6, 180.17 W, 29, 120 MHz, 3996 MHz, 0 %, 0 %
2026/09/20 16:27:39.181, 7, 182.17 W, 29, 120 MHz, 3996 MHz, 0 %, 0 %
2026/09/20 16:27:40.181, 0, 233.88 W, 37, 2032 MHz, 3996 MHz, 10 %, 0 %
2026/09/20 16:27:40.181, 1, 236.11 W, 38, 2032 MHz, 3996 MHz, 9 %, 0 %
2026/09/20 16:27:40.181, 2, 227.57 W, 31, 2032 MHz, 3996 MHz, 11 %, 0 %
2026/09/20 16:27:40.181, 3, 231.68 W, 31, 2032 MHz, 3996 MHz, 8 %, 0 %
2026/09/20 16:27:40.181, 4, 183.25 W, 35, 120 MHz, 3996 MHz, 0 %, 0 %
2026/09/20 16:27:40.181, 5, 179.47 W, 32, 120 MHz, 3996 MHz, 0 %, 0 %
2026/09/20 16:27:40.181, 6, 180.17 W, 29, 120 MHz, 3996 MHz, 0 %, 0 %
2026/09/20 16:27:40.181, 7, 182.17 W, 29, 120 MHz, 3996 MHz, 0 %, 0 %
2026/09/20 16:27:41.182, 0, 233.88 W, 37, 2032 MHz, 3996 MHz, 11 %, 0 %
2026/09/20 16:27:41.182, 1, 235.96 W, 38, 2032 MHz, 3996 MHz, 11 %, 0 %
2026/09/20 16:27:41.182, 2, 227.46 W, 31, 2032 MHz, 3996 MHz, 4 %, 0 %
2026/09/20 16:27:41.182, 3, 231.70 W, 31, 2032 MHz, 3996 MHz, 8 %, 0 %
2026/09/20 16:27:41.182, 4, 183.17 W, 35, 120 MHz, 3996 MHz, 0 %, 0 %
2026/09/20 16:27:41.182, 5, 179.47 W, 32, 120 MHz, 3996 MHz, 0 %, 0 %
2026/09/20 16:27:41.182, 6, 180.17 W, 29, 120 MHz, 3996 MHz, 0 %, 0 %
2026/09/20 16:27:41.182, 7, 182.21 W, 29, 120 MHz, 3996 MHz, 0 %, 0 %
2026/09/20 16:27:42.182, 0, 233.73 W, 37, 2032 MHz, 3996 MHz, 4 %, 0 %
2026/09/20 16:27:42.182, 1, 236.23 W, 38, 2032 MHz, 3996 MHz, 12 %, 0 %
2026/09/20 16:27:42.182, 2, 227.58 W, 31, 2032 MHz, 3996 MHz, 8 %, 0 %
2026/09/20 16:27:42.182, 3, 231.71 W, 31, 2032 MHz, 3996 MHz, 5 %, 0 %
2026/09/20 16:27:42.182, 4, 183.21 W, 35, 120 MHz, 3996 MHz, 0 %, 0 %
2026/09/20 16:27:42.182, 5, 179.47 W, 32, 120 MHz, 3996 MHz, 0 %, 0 %
2026/09/20 16:27:42.182, 6, 180.17 W, 29, 120 MHz, 3996 MHz, 0 %, 0 %
2026/09/20 16:27:42.182, 7, 182.13 W, 29, 120 MHz, 3996 MHz, 0 %, 0 %
2026/09/20 16:27:43.182, 0, 233.73 W, 37, 2032 MHz, 3996 MHz, 10 %, 0 %
2026/09/20 16:27:43.182, 1, 236.03 W, 38, 2032 MHz, 3996 MHz, 2 %, 0 %
2026/09/20 16:27:43.182, 2, 227.43 W, 31, 2032 MHz, 3996 MHz, 8 %, 0 %
2026/09/20 16:27:43.182, 3, 231.73 W, 31, 2032 MHz, 3996 MHz, 8 %, 0 %
2026/09/20 16:27:43.182, 4, 183.17 W, 35, 120 MHz, 3996 MHz, 0 %, 0 %
2026/09/20 16:27:43.182, 5, 179.47 W, 32, 120 MHz, 3996 MHz, 0 %, 0 %
2026/09/20 16:27:43.182, 6, 180.17 W, 29, 120 MHz, 3996 MHz, 0 %, 0 %
2026/09/20 16:27:43.182, 7, 182.13 W, 29, 120 MHz, 3996 MHz, 0 %, 0 %
2026/09/20 16:27:44.182, 0, 233.85 W, 37, 2032 MHz, 3996 MHz, 11 %, 0 %
2026/09/20 16:27:44.182, 1, 236.15 W, 38, 2032 MHz, 3996 MHz, 10 %, 0 %
2026/09/20 16:27:44.182, 2, 227.34 W, 31, 2032 MHz, 3996 MHz, 10 %, 0 %
2026/09/20 16:27:44.182, 3, 231.68 W, 31, 2032 MHz, 3996 MHz, 3 %, 0 %
2026/09/20 16:27:44.182, 4, 183.25 W, 35, 120 MHz, 3996 MHz, 0 %, 0 %
2026/09/20 16:27:44.183, 5, 179.47 W, 32, 120 MHz, 3996 MHz, 0 %, 0 %
2026/09/20 16:27:44.183, 6, 180.17 W, 29, 120 MHz, 3996 MHz, 0 %, 0 %
2026/09/20 16:27:44.183, 7, 182.17 W, 29, 120 MHz, 3996 MHz, 0 %, 0 %
2026/09/20 16:27:45.183, 0, 233.79 W, 37, 2032 MHz, 3996 MHz, 12 %, 0 %
2026/09/20 16:27:45.183, 1, 235.96 W, 38, 2032 MHz, 3996 MHz, 12 %, 0 %
2026/09/20 16:27:45.183, 2, 227.32 W, 31, 2032 MHz, 3996 MHz, 7 %, 0 %
2026/09/20 16:27:45.183, 3, 231.68 W, 31, 2032 MHz, 3996 MHz, 8 %, 0 %
2026/09/20 16:27:45.183, 4, 183.21 W, 35, 120 MHz, 3996 MHz, 0 %, 0 %
2026/09/20 16:27:45.183, 5, 179.47 W, 32, 120 MHz, 3996 MHz, 0 %, 0 %
2026/09/20 16:27:45.183, 6, 180.17 W, 29, 120 MHz, 3996 MHz, 0 %, 0 %
2026/09/20 16:27:45.183, 7, 182.17 W, 29, 120 MHz, 3996 MHz, 0 %, 0 %
2026/09/20 16:27:46.183, 0, 233.79 W, 37, 2032 MHz, 3996 MHz, 5 %, 0 %
2026/09/20 16:27:46.183, 1, 236.11 W, 38, 2032 MHz, 3996 MHz, 12 %, 0 %
2026/09/20 16:27:46.183, 2, 227.40 W, 31, 2032 MHz, 3996 MHz, 7 %, 0 %
2026/09/20 16:27:46.183, 3, 231.65 W, 31, 2032 MHz, 3996 MHz, 7 %, 0 %
2026/09/20 16:27:46.183, 4, 183.13 W, 35, 120 MHz, 3996 MHz, 0 %, 0 %
2026/09/20 16:27:46.183, 5, 179.47 W, 32, 120 MHz, 3996 MHz, 0 %, 0 %
2026/09/20 16:27:46.183, 6, 180.17 W, 29, 120 MHz, 3996 MHz, 0 %, 0 %
2026/09/20 16:27:46.183, 7, 182.21 W, 29, 120 MHz, 3996 MHz, 0 %, 0 %
2026/09/20 16:27:47.183, 0, 233.80 W, 37, 2032 MHz, 3996 MHz, 2 %, 0 %
2026/09/20 16:27:47.183, 1, 236.23 W, 38, 2032 MHz, 3996 MHz, 12 %, 0 %
2026/09/20 16:27:47.183, 2, 227.53 W, 31, 2032 MHz, 3996 MHz, 7 %, 0 %
2026/09/20 16:27:47.183, 3, 231.79 W, 31, 2032 MHz, 3996 MHz, 6 %, 0 %
2026/09/20 16:27:47.183, 4, 183.25 W, 35, 120 MHz, 3996 MHz, 0 %, 0 %
2026/09/20 16:27:47.183, 5, 179.46 W, 32, 120 MHz, 3996 MHz, 0 %, 0 %
2026/09/20 16:27:47.183, 6, 180.17 W, 29, 120 MHz, 3996 MHz, 0 %, 0 %
2026/09/20 16:27:47.183, 7, 182.13 W, 29, 120 MHz, 3996 MHz, 0 %, 0 %
2026/09/20 16:27:48.184, 0, 233.91 W, 37, 2032 MHz, 3996 MHz, 8 %, 0 %
2026/09/20 16:27:48.184, 1, 236.34 W, 38, 2032 MHz, 3996 MHz, 12 %, 0 %
2026/09/20 16:27:48.184, 2, 228.95 W, 31, 2032 MHz, 3996 MHz, 4 %, 0 %
2026/09/20 16:27:48.184, 3, 231.70 W, 31, 2032 MHz, 3996 MHz, 2 %, 0 %
2026/09/20 16:27:48.184, 4, 183.21 W, 35, 120 MHz, 3996 MHz, 0 %, 0 %
2026/09/20 16:27:48.184, 5, 179.46 W, 32, 120 MHz, 3996 MHz, 0 %, 0 %
2026/09/20 16:27:48.184, 6, 180.17 W, 29, 120 MHz, 3996 MHz, 0 %, 0 %
2026/09/20 16:27:48.184, 7, 182.13 W, 29, 120 MHz, 3996 MHz, 0 %, 0 %
2026/09/20 16:27:49.184, 0, 233.96 W, 37, 2032 MHz, 3996 MHz, 12 %, 0 %
2026/09/20 16:27:49.184, 1, 342.29 W, 43, 2032 MHz, 3996 MHz, 77 %, 15 %
2026/09/20 16:27:49.184, 2, 329.43 W, 32, 2032 MHz, 3996 MHz, 0 %, 0 %
2026/09/20 16:27:49.184, 3, 231.88 W, 31, 2032 MHz, 3996 MHz, 11 %, 0 %
2026/09/20 16:27:49.184, 4, 183.21 W, 35, 120 MHz, 3996 MHz, 0 %, 0 %
2026/09/20 16:27:49.184, 5, 179.47 W, 32, 120 MHz, 3996 MHz, 0 %, 0 %
2026/09/20 16:27:49.184, 6, 180.17 W, 29, 120 MHz, 3996 MHz, 0 %, 0 %
2026/09/20 16:27:49.184, 7, 182.13 W, 29, 120 MHz, 3996 MHz, 0 %, 0 %
2026/09/20 16:27:50.184, 0, 314.13 W, 41, 2032 MHz, 3996 MHz, 80 %, 16 %
2026/09/20 16:27:50.184, 1, 239.30 W, 38, 2032 MHz, 3996 MHz, 0 %, 0 %
2026/09/20 16:27:50.184, 2, 227.31 W, 32, 2032 MHz, 3996 MHz, 0 %, 0 %
2026/09/20 16:27:50.184, 3, 263.53 W, 34, 2032 MHz, 3996 MHz, 80 %, 16 %
2026/09/20 16:27:50.184, 4, 183.17 W, 35, 120 MHz, 3996 MHz, 0 %, 0 %
2026/09/20 16:27:50.184, 5, 179.47 W, 32, 120 MHz, 3996 MHz, 0 %, 0 %
2026/09/20 16:27:50.184, 6, 180.17 W, 29, 120 MHz, 3996 MHz, 0 %, 0 %
2026/09/20 16:27:50.184, 7, 182.13 W, 29, 120 MHz, 3996 MHz, 0 %, 0 %
2026/09/20 16:27:51.184, 0, 257.28 W, 37, 2032 MHz, 3996 MHz, 0 %, 0 %
2026/09/20 16:27:51.184, 1, 235.82 W, 38, 2032 MHz, 3996 MHz, 0 %, 0 %
2026/09/20 16:27:51.184, 2, 226.95 W, 31, 2032 MHz, 3996 MHz, 0 %, 0 %
2026/09/20 16:27:51.184, 3, 308.78 W, 32, 2032 MHz, 3996 MHz, 0 %, 0 %
2026/09/20 16:27:51.184, 4, 183.25 W, 35, 120 MHz, 3996 MHz, 0 %, 0 %
2026/09/20 16:27:51.184, 5, 179.47 W, 32, 120 MHz, 3996 MHz, 0 %, 0 %
2026/09/20 16:27:51.185, 6, 180.17 W, 29, 120 MHz, 3996 MHz, 0 %, 0 %
2026/09/20 16:27:51.185, 7, 182.13 W, 29, 120 MHz, 3996 MHz, 0 %, 0 %
2026/09/20 16:27:52.185, 0, 232.05 W, 37, 2032 MHz, 3996 MHz, 0 %, 0 %
2026/09/20 16:27:52.185, 1, 235.88 W, 38, 2032 MHz, 3996 MHz, 0 %, 0 %
2026/09/20 16:27:52.185, 2, 226.25 W, 31, 2032 MHz, 3996 MHz, 0 %, 0 %
2026/09/20 16:27:52.185, 3, 231.52 W, 31, 2032 MHz, 3996 MHz, 0 %, 0 %
2026/09/20 16:27:52.185, 4, 183.25 W, 35, 120 MHz, 3996 MHz, 0 %, 0 %
2026/09/20 16:27:52.185, 5, 179.47 W, 32, 120 MHz, 3996 MHz, 0 %, 0 %
2026/09/20 16:27:52.185, 6, 180.17 W, 29, 120 MHz, 3996 MHz, 0 %, 0 %
2026/09/20 16:27:52.185, 7, 182.17 W, 29, 120 MHz, 3996 MHz, 0 %, 0 %
2026/09/20 16:27:53.185, 0, 232.14 W, 37, 2032 MHz, 3996 MHz, 0 %, 0 %
2026/09/20 16:27:53.185, 1, 235.88 W, 38, 2032 MHz, 3996 MHz, 0 %, 0 %
2026/09/20 16:27:53.185, 2, 226.20 W, 31, 2032 MHz, 3996 MHz, 0 %, 0 %
2026/09/20 16:27:53.185, 3, 231.03 W, 31, 2032 MHz, 3996 MHz, 0 %, 0 %
2026/09/20 16:27:53.185, 4, 183.21 W, 35, 120 MHz, 3996 MHz, 0 %, 0 %
2026/09/20 16:27:53.185, 5, 179.47 W, 32, 120 MHz, 3996 MHz, 0 %, 0 %
2026/09/20 16:27:53.185, 6, 180.17 W, 29, 120 MHz, 3996 MHz, 0 %, 0 %
2026/09/20 16:27:53.185, 7, 182.13 W, 29, 120 MHz, 3996 MHz, 0 %, 0 %
2026/09/20 16:27:54.185, 0, 231.95 W, 37, 2032 MHz, 3996 MHz, 0 %, 0 %
2026/09/20 16:27:54.185, 1, 235.84 W, 38, 2032 MHz, 3996 MHz, 0 %, 0 %
2026/09/20 16:27:54.185, 2, 226.16 W, 31, 2032 MHz, 3996 MHz, 0 %, 0 %
2026/09/20 16:27:54.185, 3, 230.65 W, 31, 2032 MHz, 3996 MHz, 0 %, 0 %
2026/09/20 16:27:54.185, 4, 183.21 W, 35, 120 MHz, 3996 MHz, 0 %, 0 %
2026/09/20 16:27:54.185, 5, 179.46 W, 32, 120 MHz, 3996 MHz, 0 %, 0 %
2026/09/20 16:27:54.185, 6, 180.17 W, 29, 120 MHz, 3996 MHz, 0 %, 0 %
2026/09/20 16:27:54.185, 7, 182.13 W, 29, 120 MHz, 3996 MHz, 0 %, 0 %
2026/09/20 16:27:55.185, 0, 232.04 W, 37, 2032 MHz, 3996 MHz, 0 %, 0 %
2026/09/20 16:27:55.186, 1, 235.80 W, 38, 2032 MHz, 3996 MHz, 0 %, 0 %
2026/09/20 16:27:55.186, 2, 226.02 W, 31, 2032 MHz, 3996 MHz, 0 %, 0 %
2026/09/20 16:27:55.186, 3, 230.71 W, 31, 2032 MHz, 3996 MHz, 0 %, 0 %
2026/09/20 16:27:55.186, 4, 183.21 W, 35, 120 MHz, 3996 MHz, 0 %, 0 %
2026/09/20 16:27:55.186, 5, 179.47 W, 32, 120 MHz, 3996 MHz, 0 %, 0 %
2026/09/20 16:27:55.186, 6, 180.17 W, 29, 120 MHz, 3996 MHz, 0 %, 0 %
2026/09/20 16:27:55.186, 7, 182.17 W, 29, 120 MHz, 3996 MHz, 0 %, 0 %
2026/09/20 16:27:56.186, 0, 231.94 W, 37, 2032 MHz, 3996 MHz, 0 %, 0 %
2026/09/20 16:27:56.186, 1, 235.76 W, 38, 2032 MHz, 3996 MHz, 0 %, 0 %
2026/09/20 16:27:56.186, 2, 225.98 W, 31, 2032 MHz, 3996 MHz, 0 %, 0 %
2026/09/20 16:27:56.186, 3, 230.63 W, 31, 2032 MHz, 3996 MHz, 0 %, 0 %
2026/09/20 16:27:56.186, 4, 183.17 W, 35, 120 MHz, 3996 MHz, 0 %, 0 %
2026/09/20 16:27:56.186, 5, 179.46 W, 32, 120 MHz, 3996 MHz, 0 %, 0 %
2026/09/20 16:27:56.186, 6, 180.17 W, 29, 120 MHz, 3996 MHz, 0 %, 0 %
2026/09/20 16:27:56.186, 7, 182.13 W, 29, 120 MHz, 3996 MHz, 0 %, 0 %
2026/09/20 16:27:57.186, 0, 231.99 W, 37, 2032 MHz, 3996 MHz, 0 %, 0 %
2026/09/20 16:27:57.186, 1, 235.77 W, 38, 2032 MHz, 3996 MHz, 0 %, 0 %
2026/09/20 16:27:57.186, 2, 226.10 W, 31, 2032 MHz, 3996 MHz, 0 %, 0 %
2026/09/20 16:27:57.186, 3, 230.69 W, 31, 2032 MHz, 3996 MHz, 0 %, 0 %
2026/09/20 16:27:57.186, 4, 183.17 W, 35, 120 MHz, 3996 MHz, 0 %, 0 %
2026/09/20 16:27:57.186, 5, 179.47 W, 32, 120 MHz, 3996 MHz, 0 %, 0 %
2026/09/20 16:27:57.186, 6, 180.17 W, 29, 120 MHz, 3996 MHz, 0 %, 0 %
2026/09/20 16:27:57.186, 7, 182.13 W, 29, 120 MHz, 3996 MHz, 0 %, 0 %
2026/09/20 16:27:58.186, 0, 232.14 W, 37, 2032 MHz, 3996 MHz, 0 %, 0 %
2026/09/20 16:27:58.186, 1, 235.92 W, 38, 2032 MHz, 3996 MHz, 0 %, 0 %
2026/09/20 16:27:58.186, 2, 226.13 W, 31, 2032 MHz, 3996 MHz, 0 %, 0 %
2026/09/20 16:27:58.186, 3, 230.57 W, 31, 2032 MHz, 3996 MHz, 0 %, 0 %
2026/09/20 16:27:58.186, 4, 183.25 W, 35, 120 MHz, 3996 MHz, 0 %, 0 %
2026/09/20 16:27:58.187, 5, 179.47 W, 32, 120 MHz, 3996 MHz, 0 %, 0 %
2026/09/20 16:27:58.187, 6, 180.17 W, 29, 120 MHz, 3996 MHz, 0 %, 0 %
2026/09/20 16:27:58.187, 7, 182.13 W, 29, 120 MHz, 3996 MHz, 0 %, 0 %
2026/09/20 16:27:59.187, 0, 231.95 W, 37, 2032 MHz, 3996 MHz, 0 %, 0 %
2026/09/20 16:27:59.187, 1, 235.69 W, 38, 2032 MHz, 3996 MHz, 0 %, 0 %
2026/09/20 16:27:59.187, 2, 226.02 W, 31, 2032 MHz, 3996 MHz, 0 %, 0 %
2026/09/20 16:27:59.187, 3, 230.27 W, 31, 2032 MHz, 3996 MHz, 0 %, 0 %
2026/09/20 16:27:59.187, 4, 183.21 W, 35, 120 MHz, 3996 MHz, 0 %, 0 %
2026/09/20 16:27:59.187, 5, 179.47 W, 32, 120 MHz, 3996 MHz, 0 %, 0 %
2026/09/20 16:27:59.187, 6, 180.17 W, 29, 120 MHz, 3996 MHz, 0 %, 0 %
2026/09/20 16:27:59.187, 7, 182.13 W, 29, 120 MHz, 3996 MHz, 0 %, 0 %
2026/09/20 16:28:00.187, 0, 231.93 W, 37, 2032 MHz, 3996 MHz, 0 %, 0 %
2026/09/20 16:28:00.187, 1, 235.22 W, 38, 2032 MHz, 3996 MHz, 0 %, 0 %
2026/09/20 16:28:00.187, 2, 226.01 W, 31, 2032 MHz, 3996 MHz, 0 %, 0 %
2026/09/20 16:28:00.187, 3, 230.23 W, 31, 2032 MHz, 3996 MHz, 0 %, 0 %
2026/09/20 16:28:00.187, 4, 183.21 W, 35, 120 MHz, 3996 MHz, 0 %, 0 %
2026/09/20 16:28:00.187, 5, 179.47 W, 32, 120 MHz, 3996 MHz, 0 %, 0 %
2026/09/20 16:28:00.187, 6, 180.17 W, 29, 120 MHz, 3996 MHz, 0 %, 0 %
2026/09/20 16:28:00.187, 7, 182.13 W, 29, 120 MHz, 3996 MHz, 0 %, 0 %
2026/09/20 16:28:01.187, 0, 231.91 W, 37, 2032 MHz, 3996 MHz, 0 %, 0 %
2026/09/20 16:28:01.187, 1, 235.14 W, 38, 2032 MHz, 3996 MHz, 0 %, 0 %
2026/09/20 16:28:01.187, 2, 225.99 W, 31, 2032 MHz, 3996 MHz, 0 %, 0 %
2026/09/20 16:28:01.187, 3, 230.19 W, 31, 2032 MHz, 3996 MHz, 0 %, 0 %
2026/09/20 16:28:01.187, 4, 183.25 W, 35, 120 MHz, 3996 MHz, 0 %, 0 %
2026/09/20 16:28:01.187, 5, 179.46 W, 32, 120 MHz, 3996 MHz, 0 %, 0 %
2026/09/20 16:28:01.187, 6, 180.17 W, 29, 120 MHz, 3996 MHz, 0 %, 0 %
2026/09/20 16:28:01.187, 7, 182.13 W, 29, 120 MHz, 3996 MHz, 0 %, 0 %
2026/09/20 16:28:02.188, 0, 232.01 W, 37, 2032 MHz, 3996 MHz, 0 %, 0 %
2026/09/20 16:28:02.188, 1, 235.50 W, 38, 2032 MHz, 3996 MHz, 0 %, 0 %
2026/09/20 16:28:02.188, 2, 225.99 W, 31, 2032 MHz, 3996 MHz, 0 %, 0 %
2026/09/20 16:28:02.188, 3, 230.08 W, 31, 2032 MHz, 3996 MHz, 0 %, 0 %
2026/09/20 16:28:02.188, 4, 183.25 W, 35, 120 MHz, 3996 MHz, 0 %, 0 %
2026/09/20 16:28:02.188, 5, 179.46 W, 32, 120 MHz, 3996 MHz, 0 %, 0 %
2026/09/20 16:28:02.188, 6, 180.17 W, 29, 120 MHz, 3996 MHz, 0 %, 0 %
2026/09/20 16:28:02.188, 7, 182.13 W, 29, 120 MHz, 3996 MHz, 0 %, 0 %
2026/09/20 16:28:03.188, 0, 231.92 W, 37, 2032 MHz, 3996 MHz, 0 %, 0 %
2026/09/20 16:28:03.188, 1, 234.96 W, 38, 2032 MHz, 3996 MHz, 0 %, 0 %
2026/09/20 16:28:03.188, 2, 225.98 W, 31, 2032 MHz, 3996 MHz, 0 %, 0 %
2026/09/20 16:28:03.188, 3, 230.07 W, 31, 2032 MHz, 3996 MHz, 0 %, 0 %
2026/09/20 16:28:03.188, 4, 183.25 W, 35, 120 MHz, 3996 MHz, 0 %, 0 %
2026/09/20 16:28:03.188, 5, 179.46 W, 32, 120 MHz, 3996 MHz, 0 %, 0 %
2026/09/20 16:28:03.188, 6, 180.17 W, 29, 120 MHz, 3996 MHz, 0 %, 0 %
2026/09/20 16:28:03.188, 7, 182.13 W, 29, 120 MHz, 3996 MHz, 0 %, 0 %
2026/09/20 16:28:04.188, 0, 231.91 W, 37, 2032 MHz, 3996 MHz, 0 %, 0 %
2026/09/20 16:28:04.188, 1, 235.14 W, 38, 2032 MHz, 3996 MHz, 0 %, 0 %
2026/09/20 16:28:04.188, 2, 226.06 W, 31, 2032 MHz, 3996 MHz, 0 %, 0 %
2026/09/20 16:28:04.188, 3, 230.04 W, 31, 2032 MHz, 3996 MHz, 0 %, 0 %
2026/09/20 16:28:04.188, 4, 183.13 W, 35, 120 MHz, 3996 MHz, 0 %, 0 %
2026/09/20 16:28:04.188, 5, 179.46 W, 32, 120 MHz, 3996 MHz, 0 %, 0 %
2026/09/20 16:28:04.188, 6, 180.17 W, 29, 120 MHz, 3996 MHz, 0 %, 0 %
2026/09/20 16:28:04.188, 7, 182.13 W, 29, 120 MHz, 3996 MHz, 0 %, 0 %
2026/09/20 16:28:05.188, 0, 231.90 W, 37, 2032 MHz, 3996 MHz, 0 %, 0 %
2026/09/20 16:28:05.188, 1, 235.27 W, 38, 2032 MHz, 3996 MHz, 0 %, 0 %
2026/09/20 16:28:05.188, 2, 225.98 W, 31, 2032 MHz, 3996 MHz, 0 %, 0 %
2026/09/20 16:28:05.188, 3, 230.00 W, 31, 2032 MHz, 3996 MHz, 0 %, 0 %
2026/09/20 16:28:05.188, 4, 183.25 W, 35, 120 MHz, 3996 MHz, 0 %, 0 %
2026/09/20 16:28:05.188, 5, 179.46 W, 32, 120 MHz, 3996 MHz, 0 %, 0 %
2026/09/20 16:28:05.189, 6, 180.17 W, 29, 120 MHz, 3996 MHz, 0 %, 0 %
2026/09/20 16:28:05.189, 7, 182.17 W, 29, 120 MHz, 3996 MHz, 0 %, 0 %
2026/09/20 16:28:06.189, 0, 231.93 W, 37, 2032 MHz, 3996 MHz, 0 %, 0 %
2026/09/20 16:28:06.189, 1, 235.30 W, 38, 2032 MHz, 3996 MHz, 3 %, 0 %
2026/09/20 16:28:06.189, 2, 225.98 W, 31, 2032 MHz, 3996 MHz, 0 %, 0 %
2026/09/20 16:28:06.189, 3, 229.89 W, 31, 2032 MHz, 3996 MHz, 0 %, 0 %
2026/09/20 16:28:06.189, 4, 183.17 W, 35, 120 MHz, 3996 MHz, 0 %, 0 %
2026/09/20 16:28:06.189, 5, 179.47 W, 32, 120 MHz, 3996 MHz, 0 %, 0 %
2026/09/20 16:28:06.189, 6, 180.17 W, 29, 120 MHz, 3996 MHz, 0 %, 0 %
2026/09/20 16:28:06.189, 7, 182.17 W, 29, 120 MHz, 3996 MHz, 0 %, 0 %
2026/09/20 16:28:07.189, 0, 232.39 W, 37, 2032 MHz, 3996 MHz, 11 %, 0 %
2026/09/20 16:28:07.189, 1, 236.31 W, 38, 2032 MHz, 3996 MHz, 12 %, 0 %
2026/09/20 16:28:07.189, 2, 225.99 W, 31, 2032 MHz, 3996 MHz, 0 %, 0 %
2026/09/20 16:28:07.189, 3, 230.49 W, 31, 2032 MHz, 3996 MHz, 11 %, 0 %
2026/09/20 16:28:07.189, 4, 183.21 W, 35, 120 MHz, 3996 MHz, 0 %, 0 %
2026/09/20 16:28:07.189, 5, 179.47 W, 32, 120 MHz, 3996 MHz, 0 %, 0 %
2026/09/20 16:28:07.189, 6, 180.17 W, 29, 120 MHz, 3996 MHz, 0 %, 0 %
2026/09/20 16:28:07.189, 7, 182.13 W, 29, 120 MHz, 3996 MHz, 0 %, 0 %
2026/09/20 16:28:08.189, 0, 239.23 W, 37, 2032 MHz, 3996 MHz, 0 %, 0 %
2026/09/20 16:28:08.189, 1, 242.94 W, 38, 2032 MHz, 3996 MHz, 0 %, 0 %
2026/09/20 16:28:08.189, 2, 226.68 W, 31, 2032 MHz, 3996 MHz, 12 %, 0 %
2026/09/20 16:28:08.189, 3, 237.52 W, 31, 2032 MHz, 3996 MHz, 0 %, 0 %
2026/09/20 16:28:08.189, 4, 183.25 W, 35, 120 MHz, 3996 MHz, 0 %, 0 %
2026/09/20 16:28:08.189, 5, 179.47 W, 32, 120 MHz, 3996 MHz, 0 %, 0 %
2026/09/20 16:28:08.189, 6, 180.17 W, 29, 120 MHz, 3996 MHz, 0 %, 0 %
2026/09/20 16:28:08.189, 7, 182.17 W, 29, 120 MHz, 3996 MHz, 0 %, 0 %
2026/09/20 16:28:09.189, 0, 232.51 W, 37, 2032 MHz, 3996 MHz, 0 %, 0 %
2026/09/20 16:28:09.190, 1, 235.84 W, 38, 2032 MHz, 3996 MHz, 0 %, 0 %
2026/09/20 16:28:09.190, 2, 234.13 W, 32, 2032 MHz, 3996 MHz, 0 %, 0 %
2026/09/20 16:28:09.190, 3, 231.26 W, 31, 2032 MHz, 3996 MHz, 0 %, 0 %
2026/09/20 16:28:09.190, 4, 183.25 W, 35, 120 MHz, 3996 MHz, 0 %, 0 %
2026/09/20 16:28:09.190, 5, 179.47 W, 32, 120 MHz, 3996 MHz, 0 %, 0 %
2026/09/20 16:28:09.190, 6, 180.17 W, 29, 120 MHz, 3996 MHz, 0 %, 0 %
2026/09/20 16:28:09.190, 7, 182.17 W, 29, 120 MHz, 3996 MHz, 0 %, 0 %
2026/09/20 16:28:10.190, 0, 238.78 W, 37, 2032 MHz, 3996 MHz, 0 %, 0 %
2026/09/20 16:28:10.190, 1, 242.44 W, 38, 2032 MHz, 3996 MHz, 0 %, 0 %
2026/09/20 16:28:10.190, 2, 232.34 W, 31, 2032 MHz, 3996 MHz, 0 %, 0 %
2026/09/20 16:28:10.190, 3, 237.42 W, 31, 2032 MHz, 3996 MHz, 0 %, 0 %
2026/09/20 16:28:10.190, 4, 183.25 W, 35, 120 MHz, 3996 MHz, 0 %, 0 %
2026/09/20 16:28:10.190, 5, 179.47 W, 32, 120 MHz, 3996 MHz, 0 %, 0 %
2026/09/20 16:28:10.190, 6, 180.17 W, 29, 120 MHz, 3996 MHz, 0 %, 0 %
2026/09/20 16:28:10.190, 7, 182.17 W, 29, 120 MHz, 3996 MHz, 0 %, 0 %
2026/09/20 16:28:11.190, 0, 231.96 W, 37, 2032 MHz, 3996 MHz, 0 %, 0 %
2026/09/20 16:28:11.190, 1, 235.73 W, 38, 2032 MHz, 3996 MHz, 0 %, 0 %
2026/09/20 16:28:11.190, 2, 225.99 W, 31, 2032 MHz, 3996 MHz, 0 %, 0 %
2026/09/20 16:28:11.190, 3, 230.91 W, 31, 2032 MHz, 3996 MHz, 0 %, 0 %
2026/09/20 16:28:11.190, 4, 183.25 W, 35, 120 MHz, 3996 MHz, 0 %, 0 %
2026/09/20 16:28:11.190, 5, 179.47 W, 32, 120 MHz, 3996 MHz, 0 %, 0 %
2026/09/20 16:28:11.190, 6, 180.17 W, 29, 120 MHz, 3996 MHz, 0 %, 0 %
2026/09/20 16:28:11.190, 7, 182.13 W, 29, 120 MHz, 3996 MHz, 0 %, 0 %
2026/09/20 16:28:12.190, 0, 232.43 W, 37, 2032 MHz, 3996 MHz, 0 %, 0 %
2026/09/20 16:28:12.190, 1, 235.96 W, 38, 2032 MHz, 3996 MHz, 0 %, 0 %
2026/09/20 16:28:12.190, 2, 226.32 W, 31, 2032 MHz, 3996 MHz, 0 %, 0 %
2026/09/20 16:28:12.190, 3, 231.40 W, 31, 2032 MHz, 3996 MHz, 0 %, 0 %
2026/09/20 16:28:12.190, 4, 183.25 W, 35, 120 MHz, 3996 MHz, 0 %, 0 %
2026/09/20 16:28:12.190, 5, 179.47 W, 32, 120 MHz, 3996 MHz, 0 %, 0 %
2026/09/20 16:28:12.191, 6, 180.17 W, 29, 120 MHz, 3996 MHz, 0 %, 0 %
2026/09/20 16:28:12.191, 7, 182.17 W, 29, 120 MHz, 3996 MHz, 0 %, 0 %
2026/09/20 16:28:13.191, 0, 231.95 W, 37, 2032 MHz, 3996 MHz, 0 %, 0 %
2026/09/20 16:28:13.191, 1, 235.69 W, 38, 2032 MHz, 3996 MHz, 0 %, 0 %
2026/09/20 16:28:13.191, 2, 225.99 W, 31, 2032 MHz, 3996 MHz, 0 %, 0 %
2026/09/20 16:28:13.191, 3, 231.09 W, 31, 2032 MHz, 3996 MHz, 0 %, 0 %
2026/09/20 16:28:13.191, 4, 183.17 W, 35, 120 MHz, 3996 MHz, 0 %, 0 %
2026/09/20 16:28:13.191, 5, 179.46 W, 32, 120 MHz, 3996 MHz, 0 %, 0 %
2026/09/20 16:28:13.191, 6, 180.17 W, 29, 120 MHz, 3996 MHz, 0 %, 0 %
2026/09/20 16:28:13.191, 7, 182.13 W, 29, 120 MHz, 3996 MHz, 0 %, 0 %
2026/09/20 16:28:14.191, 0, 232.12 W, 37, 2032 MHz, 3996 MHz, 0 %, 0 %
2026/09/20 16:28:14.191, 1, 235.84 W, 38, 2032 MHz, 3996 MHz, 0 %, 0 %
2026/09/20 16:28:14.191, 2, 226.02 W, 31, 2032 MHz, 3996 MHz, 0 %, 0 %
2026/09/20 16:28:14.191, 3, 231.28 W, 31, 2032 MHz, 3996 MHz, 0 %, 0 %
2026/09/20 16:28:14.191, 4, 183.25 W, 35, 120 MHz, 3996 MHz, 0 %, 0 %
2026/09/20 16:28:14.191, 5, 179.47 W, 32, 120 MHz, 3996 MHz, 0 %, 0 %
2026/09/20 16:28:14.191, 6, 180.17 W, 29, 120 MHz, 3996 MHz, 0 %, 0 %
2026/09/20 16:28:14.191, 7, 182.13 W, 29, 120 MHz, 3996 MHz, 0 %, 0 %
2026/09/20 16:28:15.191, 0, 234.33 W, 37, 2032 MHz, 3996 MHz, 1 %, 0 %
2026/09/20 16:28:15.191, 1, 235.96 W, 38, 2032 MHz, 3996 MHz, 0 %, 0 %
2026/09/20 16:28:15.191, 2, 226.40 W, 31, 2032 MHz, 3996 MHz, 0 %, 0 %
2026/09/20 16:28:15.191, 3, 232.31 W, 31, 2032 MHz, 3996 MHz, 2 %, 1 %
2026/09/20 16:28:15.191, 4, 183.21 W, 35, 120 MHz, 3996 MHz, 0 %, 0 %
2026/09/20 16:28:15.191, 5, 179.47 W, 32, 120 MHz, 3996 MHz, 0 %, 0 %
2026/09/20 16:28:15.191, 6, 180.17 W, 29, 120 MHz, 3996 MHz, 0 %, 0 %
2026/09/20 16:28:15.191, 7, 182.13 W, 29, 120 MHz, 3996 MHz, 0 %, 0 %
2026/09/20 16:28:16.191, 0, 253.57 W, 37, 2032 MHz, 3996 MHz, 0 %, 0 %
2026/09/20 16:28:16.192, 1, 256.10 W, 38, 2032 MHz, 3996 MHz, 0 %, 0 %
2026/09/20 16:28:16.192, 2, 249.42 W, 31, 2032 MHz, 3996 MHz, 0 %, 0 %
2026/09/20 16:28:16.192, 3, 252.70 W, 31, 2032 MHz, 3996 MHz, 0 %, 0 %
2026/09/20 16:28:16.192, 4, 183.25 W, 35, 120 MHz, 3996 MHz, 0 %, 0 %
2026/09/20 16:28:16.192, 5, 179.47 W, 32, 120 MHz, 3996 MHz, 0 %, 0 %
2026/09/20 16:28:16.192, 6, 180.17 W, 29, 120 MHz, 3996 MHz, 0 %, 0 %
2026/09/20 16:28:16.192, 7, 182.13 W, 29, 120 MHz, 3996 MHz, 0 %, 0 %
2026/09/20 16:28:17.192, 0, 233.41 W, 37, 2032 MHz, 3996 MHz, 0 %, 0 %
2026/09/20 16:28:17.192, 1, 235.88 W, 38, 2032 MHz, 3996 MHz, 0 %, 0 %
2026/09/20 16:28:17.192, 2, 227.43 W, 31, 2032 MHz, 3996 MHz, 0 %, 0 %
2026/09/20 16:28:17.192, 3, 231.61 W, 31, 2032 MHz, 3996 MHz, 0 %, 0 %
2026/09/20 16:28:17.192, 4, 183.21 W, 35, 120 MHz, 3996 MHz, 0 %, 0 %
2026/09/20 16:28:17.192, 5, 179.47 W, 32, 120 MHz, 3996 MHz, 0 %, 0 %
2026/09/20 16:28:17.192, 6, 180.17 W, 29, 120 MHz, 3996 MHz, 0 %, 0 %
2026/09/20 16:28:17.192, 7, 182.13 W, 29, 120 MHz, 3996 MHz, 0 %, 0 %
2026/09/20 16:28:18.192, 0, 233.18 W, 37, 2032 MHz, 3996 MHz, 0 %, 0 %
2026/09/20 16:28:18.192, 1, 235.88 W, 38, 2032 MHz, 3996 MHz, 0 %, 0 %
2026/09/20 16:28:18.192, 2, 227.15 W, 31, 2032 MHz, 3996 MHz, 0 %, 0 %
2026/09/20 16:28:18.192, 3, 231.46 W, 31, 2032 MHz, 3996 MHz, 0 %, 0 %
2026/09/20 16:28:18.192, 4, 183.21 W, 35, 120 MHz, 3996 MHz, 0 %, 0 %
2026/09/20 16:28:18.192, 5, 179.47 W, 32, 120 MHz, 3996 MHz, 0 %, 0 %
2026/09/20 16:28:18.192, 6, 180.17 W, 29, 120 MHz, 3996 MHz, 0 %, 0 %
2026/09/20 16:28:18.192, 7, 182.17 W, 29, 120 MHz, 3996 MHz, 0 %, 0 %
2026/09/20 16:28:19.192, 0, 232.87 W, 37, 2032 MHz, 3996 MHz, 0 %, 0 %
2026/09/20 16:28:19.192, 1, 235.88 W, 38, 2032 MHz, 3996 MHz, 0 %, 0 %
2026/09/20 16:28:19.192, 2, 226.65 W, 31, 2032 MHz, 3996 MHz, 0 %, 0 %
2026/09/20 16:28:19.192, 3, 231.58 W, 31, 2032 MHz, 3996 MHz, 0 %, 0 %
2026/09/20 16:28:19.192, 4, 183.25 W, 35, 120 MHz, 3996 MHz, 0 %, 0 %
2026/09/20 16:28:19.193, 5, 179.46 W, 32, 120 MHz, 3996 MHz, 0 %, 0 %
2026/09/20 16:28:19.193, 6, 180.17 W, 29, 120 MHz, 3996 MHz, 0 %, 0 %
2026/09/20 16:28:19.193, 7, 182.21 W, 29, 120 MHz, 3996 MHz, 0 %, 0 %
2026/09/20 16:28:20.193, 0, 232.57 W, 37, 2032 MHz, 3996 MHz, 0 %, 0 %
2026/09/20 16:28:20.193, 1, 235.88 W, 38, 2032 MHz, 3996 MHz, 0 %, 0 %
2026/09/20 16:28:20.193, 2, 226.49 W, 31, 2032 MHz, 3996 MHz, 0 %, 0 %
2026/09/20 16:28:20.193, 3, 231.40 W, 31, 2032 MHz, 3996 MHz, 0 %, 0 %
2026/09/20 16:28:20.193, 4, 183.25 W, 35, 120 MHz, 3996 MHz, 0 %, 0 %
2026/09/20 16:28:20.193, 5, 179.47 W, 32, 120 MHz, 3996 MHz, 0 %, 0 %
2026/09/20 16:28:20.193, 6, 180.17 W, 29, 120 MHz, 3996 MHz, 0 %, 0 %
2026/09/20 16:28:20.193, 7, 182.17 W, 29, 120 MHz, 3996 MHz, 0 %, 0 %
2026/09/20 16:28:21.193, 0, 233.61 W, 37, 2032 MHz, 3996 MHz, 0 %, 0 %
2026/09/20 16:28:21.193, 1, 235.88 W, 38, 2032 MHz, 3996 MHz, 0 %, 0 %
2026/09/20 16:28:21.193, 2, 226.60 W, 31, 2032 MHz, 3996 MHz, 0 %, 0 %
2026/09/20 16:28:21.193, 3, 231.43 W, 31, 2032 MHz, 3996 MHz, 0 %, 0 %
2026/09/20 16:28:21.193, 4, 183.25 W, 35, 120 MHz, 3996 MHz, 0 %, 0 %
2026/09/20 16:28:21.193, 5, 179.46 W, 32, 120 MHz, 3996 MHz, 0 %, 0 %
2026/09/20 16:28:21.193, 6, 180.17 W, 29, 120 MHz, 3996 MHz, 0 %, 0 %
2026/09/20 16:28:21.193, 7, 182.13 W, 29, 120 MHz, 3996 MHz, 0 %, 0 %
2026/09/20 16:28:22.193, 0, 232.55 W, 37, 2032 MHz, 3996 MHz, 0 %, 0 %
2026/09/20 16:28:22.193, 1, 236.18 W, 38, 2032 MHz, 3996 MHz, 0 %, 0 %
2026/09/20 16:28:22.193, 2, 226.59 W, 31, 2032 MHz, 3996 MHz, 0 %, 0 %
2026/09/20 16:28:22.193, 3, 231.38 W, 31, 2032 MHz, 3996 MHz, 0 %, 0 %
2026/09/20 16:28:22.193, 4, 183.25 W, 35, 120 MHz, 3996 MHz, 0 %, 0 %
2026/09/20 16:28:22.193, 5, 179.47 W, 32, 120 MHz, 3996 MHz, 0 %, 0 %
2026/09/20 16:28:22.193, 6, 180.17 W, 29, 120 MHz, 3996 MHz, 0 %, 0 %
2026/09/20 16:28:22.195, 7, 182.17 W, 29, 120 MHz, 3996 MHz, 0 %, 0 %
2026/09/20 16:28:23.195, 0, 232.67 W, 37, 2032 MHz, 3996 MHz, 0 %, 0 %
2026/09/20 16:28:23.195, 1, 236.11 W, 38, 2032 MHz, 3996 MHz, 0 %, 0 %
2026/09/20 16:28:23.195, 2, 226.22 W, 31, 2032 MHz, 3996 MHz, 5 %, 1 %
2026/09/20 16:28:23.195, 3, 231.36 W, 31, 2032 MHz, 3996 MHz, 0 %, 0 %
2026/09/20 16:28:23.195, 4, 183.25 W, 35, 120 MHz, 3996 MHz, 0 %, 0 %
2026/09/20 16:28:23.195, 5, 179.47 W, 32, 120 MHz, 3996 MHz, 0 %, 0 %
2026/09/20 16:28:23.195, 6, 180.17 W, 29, 120 MHz, 3996 MHz, 0 %, 0 %
2026/09/20 16:28:23.195, 7, 182.13 W, 29, 120 MHz, 3996 MHz, 0 %, 0 %
2026/09/20 16:28:24.195, 0, 232.14 W, 37, 2032 MHz, 3996 MHz, 0 %, 0 %
2026/09/20 16:28:24.195, 1, 235.77 W, 38, 2032 MHz, 3996 MHz, 0 %, 0 %
2026/09/20 16:28:24.195, 2, 225.99 W, 31, 2032 MHz, 3996 MHz, 0 %, 0 %
2026/09/20 16:28:24.195, 3, 231.16 W, 31, 2032 MHz, 3996 MHz, 0 %, 0 %
2026/09/20 16:28:24.195, 4, 183.21 W, 35, 120 MHz, 3996 MHz, 0 %, 0 %
2026/09/20 16:28:24.195, 5, 179.47 W, 32, 120 MHz, 3996 MHz, 0 %, 0 %
2026/09/20 16:28:24.195, 6, 180.17 W, 29, 120 MHz, 3996 MHz, 0 %, 0 %
2026/09/20 16:28:24.195, 7, 182.13 W, 29, 120 MHz, 3996 MHz, 0 %, 0 %
2026/09/20 16:28:25.195, 0, 232.63 W, 37, 2032 MHz, 3996 MHz, 0 %, 0 %
2026/09/20 16:28:25.195, 1, 236.23 W, 38, 2032 MHz, 3996 MHz, 0 %, 0 %
2026/09/20 16:28:25.195, 2, 226.37 W, 31, 2032 MHz, 3996 MHz, 0 %, 0 %
2026/09/20 16:28:25.195, 3, 230.95 W, 31, 2032 MHz, 3996 MHz, 0 %, 0 %
2026/09/20 16:28:25.195, 4, 183.25 W, 35, 120 MHz, 3996 MHz, 0 %, 0 %
2026/09/20 16:28:25.196, 5, 179.46 W, 32, 120 MHz, 3996 MHz, 0 %, 0 %
2026/09/20 16:28:25.196, 6, 180.17 W, 29, 120 MHz, 3996 MHz, 0 %, 0 %
2026/09/20 16:28:25.196, 7, 182.13 W, 29, 120 MHz, 3996 MHz, 0 %, 0 %
2026/09/20 16:28:26.196, 0, 232.17 W, 37, 2032 MHz, 3996 MHz, 0 %, 0 %
2026/09/20 16:28:26.196, 1, 235.88 W, 38, 2032 MHz, 3996 MHz, 0 %, 0 %
2026/09/20 16:28:26.196, 2, 226.02 W, 31, 2032 MHz, 3996 MHz, 0 %, 0 %
2026/09/20 16:28:26.196, 3, 231.17 W, 31, 2032 MHz, 3996 MHz, 0 %, 0 %
2026/09/20 16:28:26.196, 4, 183.21 W, 35, 120 MHz, 3996 MHz, 0 %, 0 %
2026/09/20 16:28:26.196, 5, 179.47 W, 32, 120 MHz, 3996 MHz, 0 %, 0 %
2026/09/20 16:28:26.196, 6, 180.17 W, 29, 120 MHz, 3996 MHz, 0 %, 0 %
2026/09/20 16:28:26.196, 7, 182.17 W, 29, 120 MHz, 3996 MHz, 0 %, 0 %
2026/09/20 16:28:27.196, 0, 232.60 W, 37, 2032 MHz, 3996 MHz, 0 %, 0 %
2026/09/20 16:28:27.196, 1, 236.31 W, 38, 2032 MHz, 3996 MHz, 0 %, 0 %
2026/09/20 16:28:27.196, 2, 226.38 W, 31, 2032 MHz, 3996 MHz, 0 %, 0 %
2026/09/20 16:28:27.196, 3, 231.24 W, 31, 2032 MHz, 3996 MHz, 0 %, 0 %
2026/09/20 16:28:27.196, 4, 183.25 W, 35, 120 MHz, 3996 MHz, 0 %, 0 %
2026/09/20 16:28:27.196, 5, 179.47 W, 32, 120 MHz, 3996 MHz, 0 %, 0 %
2026/09/20 16:28:27.196, 6, 180.17 W, 29, 120 MHz, 3996 MHz, 0 %, 0 %
2026/09/20 16:28:27.196, 7, 182.17 W, 29, 120 MHz, 3996 MHz, 0 %, 0 %
2026/09/20 16:28:28.196, 0, 233.31 W, 37, 2032 MHz, 3996 MHz, 6 %, 1 %
2026/09/20 16:28:28.196, 1, 236.75 W, 38, 2032 MHz, 3996 MHz, 0 %, 0 %
2026/09/20 16:28:28.196, 2, 226.78 W, 31, 2032 MHz, 3996 MHz, 0 %, 0 %
2026/09/20 16:28:28.196, 3, 231.70 W, 31, 2032 MHz, 3996 MHz, 16 %, 1 %
2026/09/20 16:28:28.196, 4, 183.25 W, 35, 120 MHz, 3996 MHz, 0 %, 0 %
2026/09/20 16:28:28.196, 5, 179.46 W, 32, 120 MHz, 3996 MHz, 0 %, 0 %
2026/09/20 16:28:28.196, 6, 180.17 W, 29, 120 MHz, 3996 MHz, 0 %, 0 %
2026/09/20 16:28:28.196, 7, 182.13 W, 29, 120 MHz, 3996 MHz, 0 %, 0 %
2026/09/20 16:28:29.197, 0, 232.25 W, 37, 2032 MHz, 3996 MHz, 0 %, 0 %
2026/09/20 16:28:29.197, 1, 236.04 W, 38, 2032 MHz, 3996 MHz, 0 %, 0 %
2026/09/20 16:28:29.197, 2, 226.26 W, 31, 2032 MHz, 3996 MHz, 0 %, 0 %
2026/09/20 16:28:29.197, 3, 231.67 W, 31, 2032 MHz, 3996 MHz, 0 %, 0 %
2026/09/20 16:28:29.197, 4, 183.25 W, 35, 120 MHz, 3996 MHz, 0 %, 0 %
2026/09/20 16:28:29.197, 5, 179.46 W, 32, 120 MHz, 3996 MHz, 0 %, 0 %
2026/09/20 16:28:29.197, 6, 180.17 W, 29, 120 MHz, 3996 MHz, 0 %, 0 %
2026/09/20 16:28:29.197, 7, 182.21 W, 29, 120 MHz, 3996 MHz, 0 %, 0 %
2026/09/20 16:28:30.197, 0, 232.88 W, 37, 2032 MHz, 3996 MHz, 0 %, 0 %
2026/09/20 16:28:30.197, 1, 236.35 W, 38, 2032 MHz, 3996 MHz, 0 %, 0 %
2026/09/20 16:28:30.197, 2, 226.33 W, 31, 2032 MHz, 3996 MHz, 0 %, 0 %
2026/09/20 16:28:30.197, 3, 231.66 W, 31, 2032 MHz, 3996 MHz, 0 %, 0 %
2026/09/20 16:28:30.197, 4, 183.25 W, 35, 120 MHz, 3996 MHz, 0 %, 0 %
2026/09/20 16:28:30.197, 5, 179.47 W, 32, 120 MHz, 3996 MHz, 0 %, 0 %
2026/09/20 16:28:30.197, 6, 180.17 W, 29, 120 MHz, 3996 MHz, 0 %, 0 %
2026/09/20 16:28:30.197, 7, 182.21 W, 29, 120 MHz, 3996 MHz, 0 %, 0 %
2026/09/20 16:28:31.197, 0, 232.25 W, 37, 2032 MHz, 3996 MHz, 0 %, 0 %
2026/09/20 16:28:31.197, 1, 235.84 W, 38, 2032 MHz, 3996 MHz, 0 %, 0 %
2026/09/20 16:28:31.197, 2, 225.99 W, 31, 2032 MHz, 3996 MHz, 0 %, 0 %
2026/09/20 16:28:31.197, 3, 231.55 W, 31, 2032 MHz, 3996 MHz, 0 %, 0 %
2026/09/20 16:28:31.197, 4, 183.25 W, 35, 120 MHz, 3996 MHz, 0 %, 0 %
2026/09/20 16:28:31.197, 5, 179.47 W, 32, 120 MHz, 3996 MHz, 0 %, 0 %
2026/09/20 16:28:31.197, 6, 180.17 W, 29, 120 MHz, 3996 MHz, 0 %, 0 %
2026/09/20 16:28:31.197, 7, 182.29 W, 29, 120 MHz, 3996 MHz, 0 %, 0 %
2026/09/20 16:28:32.197, 0, 232.42 W, 37, 2032 MHz, 3996 MHz, 0 %, 0 %
2026/09/20 16:28:32.197, 1, 236.31 W, 38, 2032 MHz, 3996 MHz, 0 %, 0 %
2026/09/20 16:28:32.197, 2, 226.41 W, 32, 2032 MHz, 3996 MHz, 0 %, 0 %
2026/09/20 16:28:32.198, 3, 231.44 W, 31, 2032 MHz, 3996 MHz, 0 %, 0 %
2026/09/20 16:28:32.198, 4, 183.25 W, 35, 120 MHz, 3996 MHz, 0 %, 0 %
2026/09/20 16:28:32.198, 5, 179.47 W, 32, 120 MHz, 3996 MHz, 0 %, 0 %
2026/09/20 16:28:32.198, 6, 180.17 W, 29, 120 MHz, 3996 MHz, 0 %, 0 %
2026/09/20 16:28:32.198, 7, 182.21 W, 29, 120 MHz, 3996 MHz, 0 %, 0 %
2026/09/20 16:28:33.198, 0, 232.15 W, 37, 2032 MHz, 3996 MHz, 0 %, 0 %
2026/09/20 16:28:33.198, 1, 235.88 W, 38, 2032 MHz, 3996 MHz, 0 %, 0 %
2026/09/20 16:28:33.198, 2, 225.99 W, 31, 2032 MHz, 3996 MHz, 0 %, 0 %
2026/09/20 16:28:33.198, 3, 231.36 W, 31, 2032 MHz, 3996 MHz, 0 %, 0 %
2026/09/20 16:28:33.198, 4, 183.25 W, 35, 120 MHz, 3996 MHz, 0 %, 0 %
2026/09/20 16:28:33.198, 5, 179.47 W, 32, 120 MHz, 3996 MHz, 0 %, 0 %
2026/09/20 16:28:33.198, 6, 180.17 W, 29, 120 MHz, 3996 MHz, 0 %, 0 %
2026/09/20 16:28:33.198, 7, 182.13 W, 29, 120 MHz, 3996 MHz, 0 %, 0 %
2026/09/20 16:28:34.198, 0, 233.12 W, 37, 2032 MHz, 3996 MHz, 0 %, 0 %
2026/09/20 16:28:34.198, 1, 237.20 W, 38, 2032 MHz, 3996 MHz, 0 %, 0 %
2026/09/20 16:28:34.198, 2, 226.93 W, 32, 2032 MHz, 3996 MHz, 0 %, 0 %
2026/09/20 16:28:34.198, 3, 231.67 W, 31, 2032 MHz, 3996 MHz, 0 %, 0 %
2026/09/20 16:28:34.198, 4, 183.25 W, 35, 120 MHz, 3996 MHz, 0 %, 0 %
2026/09/20 16:28:34.198, 5, 179.46 W, 32, 120 MHz, 3996 MHz, 0 %, 0 %
2026/09/20 16:28:34.198, 6, 180.17 W, 29, 120 MHz, 3996 MHz, 0 %, 0 %
2026/09/20 16:28:34.198, 7, 182.13 W, 29, 120 MHz, 3996 MHz, 0 %, 0 %
2026/09/20 16:28:35.198, 0, 232.29 W, 37, 2032 MHz, 3996 MHz, 0 %, 0 %
2026/09/20 16:28:35.198, 1, 235.84 W, 38, 2032 MHz, 3996 MHz, 0 %, 0 %
2026/09/20 16:28:35.198, 2, 226.10 W, 31, 2032 MHz, 3996 MHz, 0 %, 0 %
2026/09/20 16:28:35.198, 3, 230.54 W, 31, 2032 MHz, 3996 MHz, 0 %, 0 %
2026/09/20 16:28:35.198, 4, 183.25 W, 35, 120 MHz, 3996 MHz, 0 %, 0 %
2026/09/20 16:28:35.198, 5, 179.47 W, 32, 120 MHz, 3996 MHz, 0 %, 0 %
2026/09/20 16:28:35.198, 6, 180.17 W, 29, 120 MHz, 3996 MHz, 0 %, 0 %
2026/09/20 16:28:35.198, 7, 182.13 W, 29, 120 MHz, 3996 MHz, 0 %, 0 %
2026/09/20 16:28:36.199, 0, 232.07 W, 37, 2032 MHz, 3996 MHz, 0 %, 0 %
2026/09/20 16:28:36.199, 1, 236.08 W, 38, 2032 MHz, 3996 MHz, 0 %, 0 %
2026/09/20 16:28:36.199, 2, 226.45 W, 31, 2032 MHz, 3996 MHz, 0 %, 0 %
2026/09/20 16:28:36.199, 3, 231.16 W, 31, 2032 MHz, 3996 MHz, 0 %, 0 %
2026/09/20 16:28:36.199, 4, 183.25 W, 35, 120 MHz, 3996 MHz, 0 %, 0 %
2026/09/20 16:28:36.199, 5, 179.47 W, 32, 120 MHz, 3996 MHz, 0 %, 0 %
2026/09/20 16:28:36.199, 6, 180.17 W, 29, 120 MHz, 3996 MHz, 0 %, 0 %
2026/09/20 16:28:36.199, 7, 182.17 W, 29, 120 MHz, 3996 MHz, 0 %, 0 %
2026/09/20 16:28:37.199, 0, 232.46 W, 37, 2032 MHz, 3996 MHz, 0 %, 0 %
2026/09/20 16:28:37.199, 1, 236.15 W, 38, 2032 MHz, 3996 MHz, 0 %, 0 %
2026/09/20 16:28:37.199, 2, 226.32 W, 31, 2032 MHz, 3996 MHz, 5 %, 1 %
2026/09/20 16:28:37.199, 3, 231.24 W, 31, 2032 MHz, 3996 MHz, 0 %, 0 %
2026/09/20 16:28:37.199, 4, 183.25 W, 35, 120 MHz, 3996 MHz, 0 %, 0 %
2026/09/20 16:28:37.199, 5, 179.46 W, 32, 120 MHz, 3996 MHz, 0 %, 0 %
2026/09/20 16:28:37.199, 6, 180.17 W, 29, 120 MHz, 3996 MHz, 0 %, 0 %
2026/09/20 16:28:37.199, 7, 182.17 W, 29, 120 MHz, 3996 MHz, 0 %, 0 %
2026/09/20 16:28:38.199, 0, 232.14 W, 37, 2032 MHz, 3996 MHz, 0 %, 0 %
2026/09/20 16:28:38.199, 1, 235.88 W, 38, 2032 MHz, 3996 MHz, 0 %, 0 %
2026/09/20 16:28:38.199, 2, 225.99 W, 31, 2032 MHz, 3996 MHz, 0 %, 0 %
2026/09/20 16:28:38.199, 3, 231.22 W, 31, 2032 MHz, 3996 MHz, 0 %, 0 %
2026/09/20 16:28:38.199, 4, 183.25 W, 35, 120 MHz, 3996 MHz, 0 %, 0 %
2026/09/20 16:28:38.199, 5, 179.46 W, 32, 120 MHz, 3996 MHz, 0 %, 0 %
2026/09/20 16:28:38.199, 6, 180.17 W, 29, 120 MHz, 3996 MHz, 0 %, 0 %
2026/09/20 16:28:38.199, 7, 182.25 W, 29, 120 MHz, 3996 MHz, 0 %, 0 %
2026/09/20 16:28:39.199, 0, 233.01 W, 37, 2032 MHz, 3996 MHz, 0 %, 0 %
2026/09/20 16:28:39.199, 1, 236.80 W, 38, 2032 MHz, 3996 MHz, 0 %, 0 %
2026/09/20 16:28:39.199, 2, 227.05 W, 31, 2032 MHz, 3996 MHz, 0 %, 0 %
2026/09/20 16:28:39.199, 3, 231.80 W, 31, 2032 MHz, 3996 MHz, 0 %, 0 %
2026/09/20 16:28:39.200, 4, 183.25 W, 35, 120 MHz, 3996 MHz, 0 %, 0 %
2026/09/20 16:28:39.200, 5, 179.46 W, 32, 120 MHz, 3996 MHz, 0 %, 0 %
2026/09/20 16:28:39.200, 6, 180.17 W, 29, 120 MHz, 3996 MHz, 0 %, 0 %
2026/09/20 16:28:39.200, 7, 182.17 W, 29, 120 MHz, 3996 MHz, 0 %, 0 %
2026/09/20 16:28:40.200, 0, 231.98 W, 37, 2032 MHz, 3996 MHz, 0 %, 0 %
2026/09/20 16:28:40.200, 1, 235.84 W, 38, 2032 MHz, 3996 MHz, 0 %, 0 %
2026/09/20 16:28:40.200, 2, 226.02 W, 31, 2032 MHz, 3996 MHz, 0 %, 0 %
2026/09/20 16:28:40.200, 3, 230.95 W, 31, 2032 MHz, 3996 MHz, 0 %, 0 %
2026/09/20 16:28:40.200, 4, 183.21 W, 35, 120 MHz, 3996 MHz, 0 %, 0 %
2026/09/20 16:28:40.200, 5, 179.47 W, 32, 120 MHz, 3996 MHz, 0 %, 0 %
2026/09/20 16:28:40.200, 6, 180.17 W, 29, 120 MHz, 3996 MHz, 0 %, 0 %
2026/09/20 16:28:40.200, 7, 182.13 W, 29, 120 MHz, 3996 MHz, 0 %, 0 %
2026/09/20 16:28:41.200, 0, 232.74 W, 37, 2032 MHz, 3996 MHz, 0 %, 0 %
2026/09/20 16:28:41.200, 1, 236.30 W, 38, 2032 MHz, 3996 MHz, 0 %, 0 %
2026/09/20 16:28:41.200, 2, 226.49 W, 31, 2032 MHz, 3996 MHz, 0 %, 0 %
2026/09/20 16:28:41.200, 3, 231.20 W, 31, 2032 MHz, 3996 MHz, 0 %, 0 %
2026/09/20 16:28:41.200, 4, 183.25 W, 35, 120 MHz, 3996 MHz, 0 %, 0 %
2026/09/20 16:28:41.200, 5, 179.47 W, 32, 120 MHz, 3996 MHz, 0 %, 0 %
2026/09/20 16:28:41.200, 6, 180.17 W, 29, 120 MHz, 3996 MHz, 0 %, 0 %
2026/09/20 16:28:41.200, 7, 182.21 W, 29, 120 MHz, 3996 MHz, 0 %, 0 %
2026/09/20 16:28:42.200, 0, 232.21 W, 37, 2032 MHz, 3996 MHz, 0 %, 0 %
2026/09/20 16:28:42.200, 1, 235.88 W, 38, 2032 MHz, 3996 MHz, 0 %, 0 %
2026/09/20 16:28:42.200, 2, 226.03 W, 31, 2032 MHz, 3996 MHz, 0 %, 0 %
2026/09/20 16:28:42.200, 3, 230.93 W, 31, 2032 MHz, 3996 MHz, 0 %, 0 %
2026/09/20 16:28:42.200, 4, 183.21 W, 35, 120 MHz, 3996 MHz, 0 %, 0 %
2026/09/20 16:28:42.200, 5, 179.47 W, 32, 120 MHz, 3996 MHz, 0 %, 0 %
2026/09/20 16:28:42.200, 6, 180.17 W, 29, 120 MHz, 3996 MHz, 0 %, 0 %
2026/09/20 16:28:42.200, 7, 182.13 W, 29, 120 MHz, 3996 MHz, 0 %, 0 %
2026/09/20 16:28:43.200, 0, 233.58 W, 37, 2032 MHz, 3996 MHz, 0 %, 0 %
2026/09/20 16:28:43.201, 1, 237.47 W, 38, 2032 MHz, 3996 MHz, 0 %, 0 %
2026/09/20 16:28:43.201, 2, 227.27 W, 31, 2032 MHz, 3996 MHz, 0 %, 0 %
2026/09/20 16:28:43.201, 3, 231.32 W, 31, 2032 MHz, 3996 MHz, 0 %, 0 %
2026/09/20 16:28:43.201, 4, 183.25 W, 35, 120 MHz, 3996 MHz, 0 %, 0 %
2026/09/20 16:28:43.201, 5, 179.46 W, 32, 120 MHz, 3996 MHz, 0 %, 0 %
2026/09/20 16:28:43.201, 6, 180.17 W, 29, 120 MHz, 3996 MHz, 0 %, 0 %
2026/09/20 16:28:43.201, 7, 182.17 W, 29, 120 MHz, 3996 MHz, 0 %, 0 %
2026/09/20 16:28:44.201, 0, 240.70 W, 37, 2032 MHz, 3996 MHz, 21 %, 3 %
2026/09/20 16:28:44.201, 1, 238.63 W, 38, 2032 MHz, 3996 MHz, 8 %, 1 %
2026/09/20 16:28:44.201, 2, 228.34 W, 31, 2032 MHz, 3996 MHz, 0 %, 0 %
2026/09/20 16:28:44.201, 3, 234.44 W, 31, 2032 MHz, 3996 MHz, 44 %, 5 %
2026/09/20 16:28:44.201, 4, 183.25 W, 35, 120 MHz, 3996 MHz, 0 %, 0 %
2026/09/20 16:28:44.201, 5, 179.47 W, 32, 120 MHz, 3996 MHz, 0 %, 0 %
2026/09/20 16:28:44.201, 6, 180.17 W, 29, 120 MHz, 3996 MHz, 0 %, 0 %
2026/09/20 16:28:44.201, 7, 182.13 W, 29, 120 MHz, 3996 MHz, 0 %, 0 %
2026/09/20 16:28:45.201, 0, 446.20 W, 44, 2032 MHz, 3996 MHz, 81 %, 39 %
2026/09/20 16:28:45.201, 1, 404.42 W, 46, 2032 MHz, 3996 MHz, 81 %, 34 %
2026/09/20 16:28:45.201, 2, 364.10 W, 35, 2032 MHz, 3996 MHz, 26 %, 10 %
2026/09/20 16:28:45.201, 3, 382.03 W, 36, 2032 MHz, 3996 MHz, 81 %, 30 %
2026/09/20 16:28:45.201, 4, 183.25 W, 35, 120 MHz, 3996 MHz, 0 %, 0 %
2026/09/20 16:28:45.201, 5, 179.47 W, 32, 120 MHz, 3996 MHz, 0 %, 0 %
2026/09/20 16:28:45.201, 6, 180.17 W, 29, 120 MHz, 3996 MHz, 0 %, 0 %
2026/09/20 16:28:45.201, 7, 182.13 W, 29, 120 MHz, 3996 MHz, 0 %, 0 %
2026/09/20 16:28:46.201, 0, 682.23 W, 41, 2032 MHz, 3996 MHz, 20 %, 1 %
2026/09/20 16:28:46.201, 1, 727.70 W, 42, 2032 MHz, 3996 MHz, 27 %, 1 %
2026/09/20 16:28:46.201, 2, 711.99 W, 36, 2032 MHz, 3996 MHz, 4 %, 1 %
2026/09/20 16:28:46.201, 3, 666.10 W, 36, 2032 MHz, 3996 MHz, 4 %, 1 %
2026/09/20 16:28:46.202, 4, 183.25 W, 35, 120 MHz, 3996 MHz, 0 %, 0 %
2026/09/20 16:28:46.202, 5, 179.47 W, 32, 120 MHz, 3996 MHz, 0 %, 0 %
2026/09/20 16:28:46.202, 6, 180.17 W, 29, 120 MHz, 3996 MHz, 0 %, 0 %
2026/09/20 16:28:46.202, 7, 182.13 W, 29, 120 MHz, 3996 MHz, 0 %, 0 %
2026/09/20 16:28:47.202, 0, 253.60 W, 38, 2032 MHz, 3996 MHz, 0 %, 0 %
2026/09/20 16:28:47.202, 1, 261.11 W, 39, 2032 MHz, 3996 MHz, 0 %, 0 %
2026/09/20 16:28:47.202, 2, 247.25 W, 33, 2032 MHz, 3996 MHz, 0 %, 0 %
2026/09/20 16:28:47.202, 3, 241.52 W, 32, 2032 MHz, 3996 MHz, 0 %, 0 %
2026/09/20 16:28:47.202, 4, 183.21 W, 35, 120 MHz, 3996 MHz, 0 %, 0 %
2026/09/20 16:28:47.202, 5, 179.47 W, 32, 120 MHz, 3996 MHz, 0 %, 0 %
2026/09/20 16:28:47.202, 6, 180.17 W, 29, 120 MHz, 3996 MHz, 0 %, 0 %
2026/09/20 16:28:47.202, 7, 182.17 W, 29, 120 MHz, 3996 MHz, 0 %, 0 %
2026/09/20 16:28:48.202, 0, 332.68 W, 39, 2032 MHz, 3996 MHz, 100 %, 2 %
2026/09/20 16:28:48.202, 1, 310.06 W, 40, 2032 MHz, 3996 MHz, 93 %, 2 %
2026/09/20 16:28:48.202, 2, 255.10 W, 33, 2032 MHz, 3996 MHz, 27 %, 2 %
2026/09/20 16:28:48.202, 3, 275.64 W, 33, 2032 MHz, 3996 MHz, 11 %, 2 %
2026/09/20 16:28:48.202, 4, 183.25 W, 35, 120 MHz, 3996 MHz, 0 %, 0 %
2026/09/20 16:28:48.202, 5, 179.46 W, 32, 120 MHz, 3996 MHz, 0 %, 0 %
2026/09/20 16:28:48.202, 6, 180.17 W, 29, 120 MHz, 3996 MHz, 0 %, 0 %
2026/09/20 16:28:48.202, 7, 182.13 W, 29, 120 MHz, 3996 MHz, 0 %, 0 %
2026/09/20 16:28:49.202, 0, 273.69 W, 38, 2032 MHz, 3996 MHz, 94 %, 2 %
2026/09/20 16:28:49.202, 1, 277.92 W, 40, 2032 MHz, 3996 MHz, 100 %, 2 %
2026/09/20 16:28:49.202, 2, 266.45 W, 33, 2032 MHz, 3996 MHz, 76 %, 2 %
2026/09/20 16:28:49.202, 3, 260.03 W, 33, 2032 MHz, 3996 MHz, 11 %, 2 %
2026/09/20 16:28:49.202, 4, 183.25 W, 35, 120 MHz, 3996 MHz, 0 %, 0 %
2026/09/20 16:28:49.202, 5, 179.47 W, 32, 120 MHz, 3996 MHz, 0 %, 0 %
2026/09/20 16:28:49.202, 6, 180.17 W, 29, 120 MHz, 3996 MHz, 0 %, 0 %
2026/09/20 16:28:49.202, 7, 182.17 W, 29, 120 MHz, 3996 MHz, 0 %, 0 %
2026/09/20 16:28:50.203, 0, 269.51 W, 38, 2032 MHz, 3996 MHz, 29 %, 1 %
2026/09/20 16:28:50.203, 1, 276.53 W, 40, 2032 MHz, 3996 MHz, 100 %, 3 %
2026/09/20 16:28:50.203, 2, 266.11 W, 33, 2032 MHz, 3996 MHz, 100 %, 2 %
2026/09/20 16:28:50.203, 3, 256.72 W, 32, 2032 MHz, 3996 MHz, 11 %, 3 %
2026/09/20 16:28:50.203, 4, 183.25 W, 35, 120 MHz, 3996 MHz, 0 %, 0 %
2026/09/20 16:28:50.203, 5, 179.47 W, 32, 120 MHz, 3996 MHz, 0 %, 0 %
2026/09/20 16:28:50.203, 6, 180.17 W, 29, 120 MHz, 3996 MHz, 0 %, 0 %
2026/09/20 16:28:50.203, 7, 182.21 W, 29, 120 MHz, 3996 MHz, 0 %, 0 %
2026/09/20 16:28:51.203, 0, 267.12 W, 38, 2032 MHz, 3996 MHz, 0 %, 0 %
2026/09/20 16:28:51.203, 1, 274.03 W, 39, 2032 MHz, 3996 MHz, 88 %, 2 %
2026/09/20 16:28:51.203, 2, 260.60 W, 33, 2032 MHz, 3996 MHz, 100 %, 2 %
2026/09/20 16:28:51.203, 3, 254.74 W, 32, 2032 MHz, 3996 MHz, 5 %, 1 %
2026/09/20 16:28:51.203, 4, 183.25 W, 35, 120 MHz, 3996 MHz, 0 %, 0 %
2026/09/20 16:28:51.203, 5, 179.47 W, 32, 120 MHz, 3996 MHz, 0 %, 0 %
2026/09/20 16:28:51.203, 6, 180.17 W, 29, 120 MHz, 3996 MHz, 0 %, 0 %
2026/09/20 16:28:51.203, 7, 182.13 W, 29, 120 MHz, 3996 MHz, 0 %, 0 %
2026/09/20 16:28:52.203, 0, 256.01 W, 38, 2032 MHz, 3996 MHz, 94 %, 2 %
2026/09/20 16:28:52.203, 1, 254.20 W, 39, 2032 MHz, 3996 MHz, 75 %, 2 %
2026/09/20 16:28:52.203, 2, 246.29 W, 33, 2032 MHz, 3996 MHz, 100 %, 2 %
2026/09/20 16:28:52.203, 3, 246.37 W, 32, 2032 MHz, 3996 MHz, 11 %, 2 %
2026/09/20 16:28:52.203, 4, 183.25 W, 35, 120 MHz, 3996 MHz, 0 %, 0 %
2026/09/20 16:28:52.203, 5, 179.47 W, 32, 120 MHz, 3996 MHz, 0 %, 0 %
2026/09/20 16:28:52.203, 6, 180.17 W, 29, 120 MHz, 3996 MHz, 0 %, 0 %
2026/09/20 16:28:52.203, 7, 182.13 W, 29, 120 MHz, 3996 MHz, 0 %, 0 %
2026/09/20 16:28:53.203, 0, 268.59 W, 38, 2032 MHz, 3996 MHz, 81 %, 2 %
2026/09/20 16:28:53.203, 1, 272.08 W, 39, 2032 MHz, 3996 MHz, 72 %, 2 %
2026/09/20 16:28:53.203, 2, 262.61 W, 33, 2032 MHz, 3996 MHz, 79 %, 2 %
2026/09/20 16:28:53.203, 3, 253.74 W, 32, 2032 MHz, 3996 MHz, 10 %, 2 %
2026/09/20 16:28:53.203, 4, 183.25 W, 35, 120 MHz, 3996 MHz, 0 %, 0 %
2026/09/20 16:28:53.204, 5, 179.46 W, 32, 120 MHz, 3996 MHz, 0 %, 0 %
2026/09/20 16:28:53.204, 6, 180.17 W, 29, 120 MHz, 3996 MHz, 0 %, 0 %
2026/09/20 16:28:53.204, 7, 182.17 W, 29, 120 MHz, 3996 MHz, 0 %, 0 %
2026/09/20 16:28:54.204, 0, 265.73 W, 38, 2032 MHz, 3996 MHz, 100 %, 2 %
2026/09/20 16:28:54.204, 1, 271.40 W, 39, 2032 MHz, 3996 MHz, 100 %, 2 %
2026/09/20 16:28:54.204, 2, 261.18 W, 33, 2032 MHz, 3996 MHz, 62 %, 2 %
2026/09/20 16:28:54.204, 3, 252.63 W, 32, 2032 MHz, 3996 MHz, 10 %, 2 %
2026/09/20 16:28:54.204, 4, 183.25 W, 35, 120 MHz, 3996 MHz, 0 %, 0 %
2026/09/20 16:28:54.204, 5, 179.46 W, 32, 120 MHz, 3996 MHz, 0 %, 0 %
2026/09/20 16:28:54.204, 6, 180.17 W, 29, 120 MHz, 3996 MHz, 0 %, 0 %
2026/09/20 16:28:54.204, 7, 182.13 W, 29, 120 MHz, 3996 MHz, 0 %, 0 %
2026/09/20 16:28:55.204, 0, 265.00 W, 38, 2032 MHz, 3996 MHz, 64 %, 2 %
2026/09/20 16:28:55.204, 1, 269.57 W, 40, 2032 MHz, 3996 MHz, 100 %, 2 %
2026/09/20 16:28:55.204, 2, 258.07 W, 33, 2032 MHz, 3996 MHz, 89 %, 2 %
2026/09/20 16:28:55.204, 3, 251.91 W, 32, 2032 MHz, 3996 MHz, 10 %, 2 %
2026/09/20 16:28:55.204, 4, 183.25 W, 35, 120 MHz, 3996 MHz, 0 %, 0 %
2026/09/20 16:28:55.204, 5, 179.47 W, 32, 120 MHz, 3996 MHz, 0 %, 0 %
2026/09/20 16:28:55.204, 6, 180.17 W, 29, 120 MHz, 3996 MHz, 0 %, 0 %
2026/09/20 16:28:55.204, 7, 182.17 W, 29, 120 MHz, 3996 MHz, 0 %, 0 %
2026/09/20 16:28:56.204, 0, 265.03 W, 38, 2032 MHz, 3996 MHz, 20 %, 1 %
2026/09/20 16:28:56.204, 1, 271.46 W, 39, 2032 MHz, 3996 MHz, 100 %, 2 %
2026/09/20 16:28:56.204, 2, 260.41 W, 33, 2032 MHz, 3996 MHz, 100 %, 2 %
2026/09/20 16:28:56.204, 3, 252.59 W, 32, 2032 MHz, 3996 MHz, 9 %, 2 %
2026/09/20 16:28:56.204, 4, 183.25 W, 35, 120 MHz, 3996 MHz, 0 %, 0 %
2026/09/20 16:28:56.204, 5, 179.47 W, 32, 120 MHz, 3996 MHz, 0 %, 0 %
2026/09/20 16:28:56.204, 6, 180.17 W, 29, 120 MHz, 3996 MHz, 0 %, 0 %
2026/09/20 16:28:56.204, 7, 182.21 W, 29, 120 MHz, 3996 MHz, 0 %, 0 %
2026/09/20 16:28:57.204, 0, 264.24 W, 38, 2032 MHz, 3996 MHz, 0 %, 0 %
2026/09/20 16:28:57.205, 1, 270.52 W, 39, 2032 MHz, 3996 MHz, 88 %, 2 %
2026/09/20 16:28:57.205, 2, 258.50 W, 32, 2032 MHz, 3996 MHz, 100 %, 2 %
2026/09/20 16:28:57.205, 3, 251.31 W, 32, 2032 MHz, 3996 MHz, 4 %, 1 %
2026/09/20 16:28:57.205, 4, 183.25 W, 35, 120 MHz, 3996 MHz, 0 %, 0 %
2026/09/20 16:28:57.205, 5, 179.47 W, 32, 120 MHz, 3996 MHz, 0 %, 0 %
2026/09/20 16:28:57.205, 6, 180.17 W, 29, 120 MHz, 3996 MHz, 0 %, 0 %
2026/09/20 16:28:57.205, 7, 182.21 W, 29, 120 MHz, 3996 MHz, 0 %, 0 %
2026/09/20 16:28:58.205, 0, 254.12 W, 38, 2032 MHz, 3996 MHz, 98 %, 2 %
2026/09/20 16:28:58.205, 1, 253.32 W, 39, 2032 MHz, 3996 MHz, 75 %, 2 %
2026/09/20 16:28:58.205, 2, 245.05 W, 32, 2032 MHz, 3996 MHz, 100 %, 2 %
2026/09/20 16:28:58.205, 3, 243.79 W, 32, 2032 MHz, 3996 MHz, 9 %, 2 %
2026/09/20 16:28:58.205, 4, 183.25 W, 35, 120 MHz, 3996 MHz, 0 %, 0 %
2026/09/20 16:28:58.205, 5, 179.47 W, 32, 120 MHz, 3996 MHz, 0 %, 0 %
2026/09/20 16:28:58.205, 6, 180.17 W, 29, 120 MHz, 3996 MHz, 0 %, 0 %
2026/09/20 16:28:58.205, 7, 182.21 W, 29, 120 MHz, 3996 MHz, 0 %, 0 %
2026/09/20 16:28:59.205, 0, 268.70 W, 38, 2032 MHz, 3996 MHz, 100 %, 2 %
2026/09/20 16:28:59.205, 1, 271.73 W, 40, 2032 MHz, 3996 MHz, 72 %, 2 %
2026/09/20 16:28:59.205, 2, 258.58 W, 33, 2032 MHz, 3996 MHz, 87 %, 2 %
2026/09/20 16:28:59.205, 3, 249.99 W, 32, 2032 MHz, 3996 MHz, 9 %, 2 %
2026/09/20 16:28:59.205, 4, 183.25 W, 35, 120 MHz, 3996 MHz, 0 %, 0 %
2026/09/20 16:28:59.205, 5, 179.47 W, 32, 120 MHz, 3996 MHz, 0 %, 0 %
2026/09/20 16:28:59.205, 6, 180.17 W, 29, 120 MHz, 3996 MHz, 0 %, 0 %
2026/09/20 16:28:59.205, 7, 182.13 W, 29, 120 MHz, 3996 MHz, 0 %, 0 %
2026/09/20 16:29:00.205, 0, 269.44 W, 38, 2032 MHz, 3996 MHz, 100 %, 2 %
2026/09/20 16:29:00.205, 1, 269.69 W, 39, 2032 MHz, 3996 MHz, 92 %, 2 %
2026/09/20 16:29:00.205, 2, 254.93 W, 32, 2032 MHz, 3996 MHz, 59 %, 2 %
2026/09/20 16:29:00.205, 3, 245.14 W, 32, 2032 MHz, 3996 MHz, 7 %, 2 %
2026/09/20 16:29:00.206, 4, 183.25 W, 35, 120 MHz, 3996 MHz, 0 %, 0 %
2026/09/20 16:29:00.206, 5, 179.47 W, 32, 120 MHz, 3996 MHz, 0 %, 0 %
2026/09/20 16:29:00.206, 6, 180.17 W, 29, 120 MHz, 3996 MHz, 0 %, 0 %
2026/09/20 16:29:00.206, 7, 182.21 W, 29, 120 MHz, 3996 MHz, 0 %, 0 %
2026/09/20 16:29:01.206, 0, 266.65 W, 38, 2032 MHz, 3996 MHz, 92 %, 2 %
2026/09/20 16:29:01.206, 1, 267.42 W, 39, 2032 MHz, 3996 MHz, 100 %, 2 %
2026/09/20 16:29:01.206, 2, 253.63 W, 32, 2032 MHz, 3996 MHz, 69 %, 2 %
2026/09/20 16:29:01.206, 3, 244.46 W, 32, 2032 MHz, 3996 MHz, 7 %, 2 %
2026/09/20 16:29:01.206, 4, 183.25 W, 35, 120 MHz, 3996 MHz, 0 %, 0 %
2026/09/20 16:29:01.206, 5, 179.46 W, 32, 120 MHz, 3996 MHz, 0 %, 0 %
2026/09/20 16:29:01.206, 6, 180.17 W, 29, 120 MHz, 3996 MHz, 0 %, 0 %
2026/09/20 16:29:01.206, 7, 182.17 W, 29, 120 MHz, 3996 MHz, 0 %, 0 %
2026/09/20 16:29:02.206, 0, 264.65 W, 38, 2032 MHz, 3996 MHz, 39 %, 1 %
2026/09/20 16:29:02.206, 1, 267.33 W, 39, 2032 MHz, 3996 MHz, 100 %, 2 %
2026/09/20 16:29:02.206, 2, 253.88 W, 33, 2032 MHz, 3996 MHz, 96 %, 2 %
2026/09/20 16:29:02.206, 3, 242.77 W, 32, 2032 MHz, 3996 MHz, 7 %, 2 %
2026/09/20 16:29:02.206, 4, 183.21 W, 35, 120 MHz, 3996 MHz, 0 %, 0 %
2026/09/20 16:29:02.206, 5, 179.47 W, 32, 120 MHz, 3996 MHz, 0 %, 0 %
2026/09/20 16:29:02.206, 6, 180.17 W, 29, 120 MHz, 3996 MHz, 0 %, 0 %
2026/09/20 16:29:02.206, 7, 182.25 W, 29, 120 MHz, 3996 MHz, 0 %, 0 %
2026/09/20 16:29:03.206, 0, 263.83 W, 38, 2032 MHz, 3996 MHz, 0 %, 0 %
2026/09/20 16:29:03.206, 1, 264.98 W, 39, 2032 MHz, 3996 MHz, 100 %, 2 %
2026/09/20 16:29:03.206, 2, 251.30 W, 32, 2032 MHz, 3996 MHz, 100 %, 2 %
2026/09/20 16:29:03.206, 3, 242.23 W, 32, 2032 MHz, 3996 MHz, 4 %, 1 %
2026/09/20 16:29:03.206, 4, 183.25 W, 35, 120 MHz, 3996 MHz, 0 %, 0 %
2026/09/20 16:29:03.206, 5, 179.47 W, 32, 120 MHz, 3996 MHz, 0 %, 0 %
2026/09/20 16:29:03.207, 6, 180.17 W, 29, 120 MHz, 3996 MHz, 0 %, 0 %
2026/09/20 16:29:03.207, 7, 182.17 W, 29, 120 MHz, 3996 MHz, 0 %, 0 %
2026/09/20 16:29:04.207, 0, 252.82 W, 38, 2032 MHz, 3996 MHz, 95 %, 2 %
2026/09/20 16:29:04.207, 1, 251.43 W, 39, 2032 MHz, 3996 MHz, 93 %, 2 %
2026/09/20 16:29:04.207, 2, 239.70 W, 32, 2032 MHz, 3996 MHz, 100 %, 2 %
2026/09/20 16:29:04.207, 3, 237.62 W, 32, 2032 MHz, 3996 MHz, 7 %, 2 %
2026/09/20 16:29:04.207, 4, 183.25 W, 35, 120 MHz, 3996 MHz, 0 %, 0 %
2026/09/20 16:29:04.207, 5, 179.47 W, 32, 120 MHz, 3996 MHz, 0 %, 0 %
2026/09/20 16:29:04.207, 6, 180.17 W, 29, 120 MHz, 3996 MHz, 0 %, 0 %
2026/09/20 16:29:04.207, 7, 182.17 W, 29, 120 MHz, 3996 MHz, 0 %, 0 %
2026/09/20 16:29:05.207, 0, 263.45 W, 38, 2032 MHz, 3996 MHz, 100 %, 2 %
2026/09/20 16:29:05.207, 1, 264.35 W, 39, 2032 MHz, 3996 MHz, 76 %, 2 %
2026/09/20 16:29:05.207, 2, 250.63 W, 32, 2032 MHz, 3996 MHz, 87 %, 2 %
2026/09/20 16:29:05.207, 3, 242.09 W, 32, 2032 MHz, 3996 MHz, 7 %, 2 %
2026/09/20 16:29:05.207, 4, 183.25 W, 35, 120 MHz, 3996 MHz, 0 %, 0 %
2026/09/20 16:29:05.207, 5, 179.47 W, 32, 120 MHz, 3996 MHz, 0 %, 0 %
2026/09/20 16:29:05.207, 6, 180.17 W, 29, 120 MHz, 3996 MHz, 0 %, 0 %
2026/09/20 16:29:05.207, 7, 182.13 W, 29, 120 MHz, 3996 MHz, 0 %, 0 %
2026/09/20 16:29:06.207, 0, 260.30 W, 38, 2032 MHz, 3996 MHz, 70 %, 1 %
2026/09/20 16:29:06.207, 1, 262.14 W, 39, 2032 MHz, 3996 MHz, 100 %, 2 %
2026/09/20 16:29:06.207, 2, 249.69 W, 32, 2032 MHz, 3996 MHz, 72 %, 2 %
2026/09/20 16:29:06.207, 3, 241.69 W, 32, 2032 MHz, 3996 MHz, 7 %, 2 %
2026/09/20 16:29:06.207, 4, 183.25 W, 35, 120 MHz, 3996 MHz, 0 %, 0 %
2026/09/20 16:29:06.207, 5, 179.47 W, 32, 120 MHz, 3996 MHz, 0 %, 0 %
2026/09/20 16:29:06.207, 6, 180.17 W, 29, 120 MHz, 3996 MHz, 0 %, 0 %
2026/09/20 16:29:06.207, 7, 182.17 W, 29, 120 MHz, 3996 MHz, 0 %, 0 %
2026/09/20 16:29:07.207, 0, 249.79 W, 38, 2032 MHz, 3996 MHz, 0 %, 0 %
2026/09/20 16:29:07.208, 1, 255.36 W, 39, 2032 MHz, 3996 MHz, 57 %, 1 %
2026/09/20 16:29:07.208, 2, 243.04 W, 32, 2032 MHz, 3996 MHz, 100 %, 2 %
2026/09/20 16:29:07.208, 3, 239.81 W, 32, 2032 MHz, 3996 MHz, 1 %, 0 %
2026/09/20 16:29:07.208, 4, 183.25 W, 35, 120 MHz, 3996 MHz, 0 %, 0 %
2026/09/20 16:29:07.208, 5, 179.47 W, 32, 120 MHz, 3996 MHz, 0 %, 0 %
2026/09/20 16:29:07.208, 6, 180.17 W, 29, 120 MHz, 3996 MHz, 0 %, 0 %
2026/09/20 16:29:07.208, 7, 182.17 W, 29, 120 MHz, 3996 MHz, 0 %, 0 %
2026/09/20 16:29:08.208, 0, 233.82 W, 37, 2032 MHz, 3996 MHz, 0 %, 0 %
2026/09/20 16:29:08.208, 1, 236.34 W, 39, 2032 MHz, 3996 MHz, 0 %, 0 %
2026/09/20 16:29:08.208, 2, 227.73 W, 32, 2032 MHz, 3996 MHz, 0 %, 0 %
2026/09/20 16:29:08.208, 3, 231.66 W, 32, 2032 MHz, 3996 MHz, 0 %, 0 %
2026/09/20 16:29:08.208, 4, 183.25 W, 35, 120 MHz, 3996 MHz, 0 %, 0 %
2026/09/20 16:29:08.208, 5, 179.47 W, 32, 120 MHz, 3996 MHz, 0 %, 0 %
2026/09/20 16:29:08.208, 6, 180.17 W, 29, 120 MHz, 3996 MHz, 0 %, 0 %
2026/09/20 16:29:08.208, 7, 182.21 W, 29, 120 MHz, 3996 MHz, 0 %, 0 %
2026/09/20 16:29:09.208, 0, 292.59 W, 38, 2032 MHz, 3996 MHz, 0 %, 0 %
2026/09/20 16:29:09.208, 1, 297.52 W, 39, 2032 MHz, 3996 MHz, 0 %, 0 %
2026/09/20 16:29:09.208, 2, 284.45 W, 32, 2032 MHz, 3996 MHz, 0 %, 0 %
2026/09/20 16:29:09.208, 3, 290.23 W, 32, 2032 MHz, 3996 MHz, 0 %, 0 %
2026/09/20 16:29:09.208, 4, 183.25 W, 35, 120 MHz, 3996 MHz, 0 %, 0 %
2026/09/20 16:29:09.208, 5, 179.47 W, 32, 120 MHz, 3996 MHz, 0 %, 0 %
2026/09/20 16:29:09.208, 6, 180.17 W, 29, 120 MHz, 3996 MHz, 0 %, 0 %
2026/09/20 16:29:09.208, 7, 182.13 W, 29, 120 MHz, 3996 MHz, 0 %, 0 %
2026/09/20 16:29:10.208, 0, 248.08 W, 38, 2032 MHz, 3996 MHz, 23 %, 10 %
2026/09/20 16:29:10.208, 1, 247.46 W, 39, 2032 MHz, 3996 MHz, 23 %, 10 %
2026/09/20 16:29:10.208, 2, 247.41 W, 33, 2032 MHz, 3996 MHz, 23 %, 14 %
2026/09/20 16:29:10.208, 3, 253.99 W, 32, 2032 MHz, 3996 MHz, 28 %, 17 %
2026/09/20 16:29:10.208, 4, 183.25 W, 35, 120 MHz, 3996 MHz, 0 %, 0 %
2026/09/20 16:29:10.208, 5, 179.47 W, 33, 120 MHz, 3996 MHz, 0 %, 0 %
2026/09/20 16:29:10.208, 6, 180.17 W, 29, 120 MHz, 3996 MHz, 0 %, 0 %
2026/09/20 16:29:10.209, 7, 182.21 W, 29, 120 MHz, 3996 MHz, 0 %, 0 %
2026/09/20 16:29:11.209, 0, 281.68 W, 38, 2032 MHz, 3996 MHz, 21 %, 9 %
2026/09/20 16:29:11.209, 1, 285.66 W, 39, 2032 MHz, 3996 MHz, 20 %, 8 %
2026/09/20 16:29:11.209, 2, 312.88 W, 33, 2032 MHz, 3996 MHz, 25 %, 15 %
2026/09/20 16:29:11.209, 3, 316.54 W, 33, 2032 MHz, 3996 MHz, 26 %, 15 %
2026/09/20 16:29:11.209, 4, 183.25 W, 35, 120 MHz, 3996 MHz, 0 %, 0 %
2026/09/20 16:29:11.209, 5, 179.47 W, 32, 120 MHz, 3996 MHz, 0 %, 0 %
2026/09/20 16:29:11.209, 6, 180.17 W, 29, 120 MHz, 3996 MHz, 0 %, 0 %
2026/09/20 16:29:11.209, 7, 182.25 W, 29, 120 MHz, 3996 MHz, 0 %, 0 %
2026/09/20 16:29:12.209, 0, 274.77 W, 38, 2032 MHz, 3996 MHz, 5 %, 2 %
2026/09/20 16:29:12.209, 1, 281.23 W, 39, 2032 MHz, 3996 MHz, 20 %, 9 %
2026/09/20 16:29:12.209, 2, 306.20 W, 33, 2032 MHz, 3996 MHz, 25 %, 15 %
2026/09/20 16:29:12.209, 3, 308.83 W, 33, 2032 MHz, 3996 MHz, 23 %, 13 %
2026/09/20 16:29:12.209, 4, 183.25 W, 35, 120 MHz, 3996 MHz, 0 %, 0 %
2026/09/20 16:29:12.209, 5, 179.46 W, 33, 120 MHz, 3996 MHz, 0 %, 0 %
2026/09/20 16:29:12.209, 6, 180.17 W, 29, 120 MHz, 3996 MHz, 0 %, 0 %
2026/09/20 16:29:12.209, 7, 182.17 W, 29, 120 MHz, 3996 MHz, 0 %, 0 %
2026/09/20 16:29:13.209, 0, 358.55 W, 39, 2032 MHz, 3996 MHz, 38 %, 25 %
2026/09/20 16:29:13.209, 1, 337.10 W, 40, 2032 MHz, 3996 MHz, 34 %, 21 %
2026/09/20 16:29:13.209, 2, 309.15 W, 33, 2032 MHz, 3996 MHz, 30 %, 18 %
2026/09/20 16:29:13.209, 3, 333.59 W, 33, 2032 MHz, 3996 MHz, 34 %, 21 %
2026/09/20 16:29:13.209, 4, 183.25 W, 35, 120 MHz, 3996 MHz, 0 %, 0 %
2026/09/20 16:29:13.209, 5, 179.46 W, 33, 120 MHz, 3996 MHz, 0 %, 0 %
2026/09/20 16:29:13.209, 6, 180.17 W, 29, 120 MHz, 3996 MHz, 0 %, 0 %
2026/09/20 16:29:13.209, 7, 182.21 W, 29, 120 MHz, 3996 MHz, 0 %, 0 %
2026/09/20 16:29:14.209, 0, 376.49 W, 40, 2032 MHz, 3996 MHz, 37 %, 24 %
2026/09/20 16:29:14.210, 1, 359.38 W, 41, 2032 MHz, 3996 MHz, 33 %, 21 %
2026/09/20 16:29:14.210, 2, 325.64 W, 34, 2032 MHz, 3996 MHz, 29 %, 17 %
2026/09/20 16:29:14.210, 3, 351.36 W, 34, 2032 MHz, 3996 MHz, 33 %, 21 %
2026/09/20 16:29:14.210, 4, 183.25 W, 35, 120 MHz, 3996 MHz, 0 %, 0 %
2026/09/20 16:29:14.210, 5, 179.46 W, 33, 120 MHz, 3996 MHz, 0 %, 0 %
2026/09/20 16:29:14.210, 6, 180.17 W, 29, 120 MHz, 3996 MHz, 0 %, 0 %
2026/09/20 16:29:14.210, 7, 182.17 W, 29, 120 MHz, 3996 MHz, 0 %, 0 %
2026/09/20 16:29:15.210, 0, 395.22 W, 40, 2032 MHz, 3996 MHz, 39 %, 28 %
2026/09/20 16:29:15.210, 1, 380.82 W, 41, 2032 MHz, 3996 MHz, 38 %, 26 %
2026/09/20 16:29:15.210, 2, 384.48 W, 35, 2032 MHz, 3996 MHz, 36 %, 26 %
2026/09/20 16:29:15.210, 3, 359.49 W, 34, 2032 MHz, 3996 MHz, 35 %, 22 %
2026/09/20 16:29:15.210, 4, 183.25 W, 35, 120 MHz, 3996 MHz, 0 %, 0 %
2026/09/20 16:29:15.210, 5, 179.46 W, 33, 120 MHz, 3996 MHz, 0 %, 0 %
2026/09/20 16:29:15.210, 6, 180.17 W, 29, 120 MHz, 3996 MHz, 0 %, 0 %
2026/09/20 16:29:15.210, 7, 182.17 W, 29, 120 MHz, 3996 MHz, 0 %, 0 %
2026/09/20 16:29:16.210, 0, 405.73 W, 40, 2032 MHz, 3996 MHz, 41 %, 29 %
2026/09/20 16:29:16.210, 1, 393.08 W, 41, 2032 MHz, 3996 MHz, 37 %, 25 %
2026/09/20 16:29:16.210, 2, 398.27 W, 35, 2032 MHz, 3996 MHz, 39 %, 28 %
2026/09/20 16:29:16.210, 3, 364.49 W, 34, 2032 MHz, 3996 MHz, 37 %, 23 %
2026/09/20 16:29:16.210, 4, 183.25 W, 35, 120 MHz, 3996 MHz, 0 %, 0 %
2026/09/20 16:29:16.210, 5, 179.47 W, 33, 120 MHz, 3996 MHz, 0 %, 0 %
2026/09/20 16:29:16.210, 6, 180.17 W, 29, 120 MHz, 3996 MHz, 0 %, 0 %
2026/09/20 16:29:16.210, 7, 182.13 W, 29, 120 MHz, 3996 MHz, 0 %, 0 %
2026/09/20 16:29:17.210, 0, 437.20 W, 41, 2032 MHz, 3996 MHz, 44 %, 33 %
2026/09/20 16:29:17.210, 1, 456.23 W, 43, 2032 MHz, 3996 MHz, 47 %, 37 %
2026/09/20 16:29:17.210, 2, 459.61 W, 36, 2032 MHz, 3996 MHz, 48 %, 39 %
2026/09/20 16:29:17.210, 3, 462.59 W, 36, 2032 MHz, 3996 MHz, 47 %, 39 %
2026/09/20 16:29:17.211, 4, 183.25 W, 35, 120 MHz, 3996 MHz, 0 %, 0 %
2026/09/20 16:29:17.211, 5, 179.47 W, 33, 120 MHz, 3996 MHz, 0 %, 0 %
2026/09/20 16:29:17.211, 6, 180.17 W, 29, 120 MHz, 3996 MHz, 0 %, 0 %
2026/09/20 16:29:17.211, 7, 182.17 W, 29, 120 MHz, 3996 MHz, 0 %, 0 %
2026/09/20 16:29:18.211, 0, 438.96 W, 41, 2032 MHz, 3996 MHz, 40 %, 30 %
2026/09/20 16:29:18.211, 1, 467.10 W, 43, 2032 MHz, 3996 MHz, 46 %, 37 %
2026/09/20 16:29:18.211, 2, 470.24 W, 36, 2032 MHz, 3996 MHz, 47 %, 39 %
2026/09/20 16:29:18.211, 3, 471.17 W, 36, 2032 MHz, 3996 MHz, 44 %, 36 %
2026/09/20 16:29:18.211, 4, 183.25 W, 35, 120 MHz, 3996 MHz, 0 %, 0 %
2026/09/20 16:29:18.211, 5, 179.46 W, 33, 120 MHz, 3996 MHz, 0 %, 0 %
2026/09/20 16:29:18.211, 6, 180.17 W, 29, 120 MHz, 3996 MHz, 0 %, 0 %
2026/09/20 16:29:18.211, 7, 182.17 W, 29, 120 MHz, 3996 MHz, 0 %, 0 %
2026/09/20 16:29:19.211, 0, 461.28 W, 42, 2032 MHz, 3996 MHz, 48 %, 40 %
2026/09/20 16:29:19.211, 1, 459.81 W, 43, 2032 MHz, 3996 MHz, 45 %, 38 %
2026/09/20 16:29:19.211, 2, 471.08 W, 37, 2032 MHz, 3996 MHz, 50 %, 42 %
2026/09/20 16:29:19.211, 3, 499.33 W, 37, 2032 MHz, 3996 MHz, 56 %, 50 %
2026/09/20 16:29:19.211, 4, 183.25 W, 35, 120 MHz, 3996 MHz, 0 %, 0 %
2026/09/20 16:29:19.211, 5, 179.46 W, 33, 120 MHz, 3996 MHz, 0 %, 0 %
2026/09/20 16:29:19.211, 6, 180.17 W, 29, 120 MHz, 3996 MHz, 0 %, 0 %
2026/09/20 16:29:19.211, 7, 182.17 W, 29, 120 MHz, 3996 MHz, 0 %, 0 %
2026/09/20 16:29:20.211, 0, 463.58 W, 41, 2032 MHz, 3996 MHz, 42 %, 35 %
2026/09/20 16:29:20.211, 1, 458.85 W, 43, 2032 MHz, 3996 MHz, 42 %, 34 %
2026/09/20 16:29:20.211, 2, 479.82 W, 36, 2032 MHz, 3996 MHz, 44 %, 38 %
2026/09/20 16:29:20.211, 3, 524.82 W, 37, 2032 MHz, 3996 MHz, 49 %, 44 %
2026/09/20 16:29:20.211, 4, 183.25 W, 35, 120 MHz, 3996 MHz, 0 %, 0 %
2026/09/20 16:29:20.211, 5, 179.46 W, 33, 120 MHz, 3996 MHz, 0 %, 0 %
2026/09/20 16:29:20.211, 6, 180.17 W, 29, 120 MHz, 3996 MHz, 0 %, 0 %
2026/09/20 16:29:20.211, 7, 182.17 W, 29, 120 MHz, 3996 MHz, 0 %, 0 %
2026/09/20 16:29:21.212, 0, 460.78 W, 42, 2032 MHz, 3996 MHz, 44 %, 36 %
2026/09/20 16:29:21.212, 1, 451.99 W, 43, 2032 MHz, 3996 MHz, 40 %, 33 %
2026/09/20 16:29:21.212, 2, 466.99 W, 36, 2032 MHz, 3996 MHz, 44 %, 38 %
2026/09/20 16:29:21.212, 3, 512.83 W, 37, 2032 MHz, 3996 MHz, 49 %, 44 %
2026/09/20 16:29:21.212, 4, 183.25 W, 35, 120 MHz, 3996 MHz, 0 %, 0 %
2026/09/20 16:29:21.212, 5, 179.47 W, 33, 120 MHz, 3996 MHz, 0 %, 0 %
2026/09/20 16:29:21.212, 6, 180.17 W, 29, 120 MHz, 3996 MHz, 0 %, 0 %
2026/09/20 16:29:21.212, 7, 182.17 W, 29, 120 MHz, 3996 MHz, 0 %, 0 %
2026/09/20 16:29:22.212, 0, 484.02 W, 42, 2032 MHz, 3996 MHz, 50 %, 43 %
2026/09/20 16:29:22.212, 1, 492.23 W, 44, 2032 MHz, 3996 MHz, 51 %, 46 %
2026/09/20 16:29:22.212, 2, 493.85 W, 37, 2032 MHz, 3996 MHz, 51 %, 46 %
2026/09/20 16:29:22.212, 3, 469.06 W, 37, 2032 MHz, 3996 MHz, 48 %, 42 %
2026/09/20 16:29:22.212, 4, 183.25 W, 35, 120 MHz, 3996 MHz, 0 %, 0 %
2026/09/20 16:29:22.212, 5, 179.47 W, 33, 120 MHz, 3996 MHz, 0 %, 0 %
2026/09/20 16:29:22.212, 6, 180.17 W, 29, 120 MHz, 3996 MHz, 0 %, 0 %
2026/09/20 16:29:22.212, 7, 182.13 W, 29, 120 MHz, 3996 MHz, 0 %, 0 %
2026/09/20 16:29:23.212, 0, 513.38 W, 43, 2032 MHz, 3996 MHz, 48 %, 43 %
2026/09/20 16:29:23.212, 1, 535.10 W, 44, 2032 MHz, 3996 MHz, 51 %, 45 %
2026/09/20 16:29:23.212, 2, 536.74 W, 38, 2032 MHz, 3996 MHz, 53 %, 48 %
2026/09/20 16:29:23.212, 3, 494.34 W, 37, 2032 MHz, 3996 MHz, 46 %, 41 %
2026/09/20 16:29:23.212, 4, 183.25 W, 35, 120 MHz, 3996 MHz, 0 %, 0 %
2026/09/20 16:29:23.212, 5, 179.47 W, 33, 120 MHz, 3996 MHz, 0 %, 0 %
2026/09/20 16:29:23.212, 6, 180.17 W, 29, 120 MHz, 3996 MHz, 0 %, 0 %
2026/09/20 16:29:23.212, 7, 182.17 W, 29, 120 MHz, 3996 MHz, 0 %, 0 %
2026/09/20 16:29:24.212, 0, 515.07 W, 43, 2032 MHz, 3996 MHz, 49 %, 43 %
2026/09/20 16:29:24.213, 1, 538.56 W, 45, 2032 MHz, 3996 MHz, 50 %, 45 %
2026/09/20 16:29:24.213, 2, 538.05 W, 38, 2032 MHz, 3996 MHz, 52 %, 47 %
2026/09/20 16:29:24.213, 3, 499.95 W, 37, 2032 MHz, 3996 MHz, 47 %, 41 %
2026/09/20 16:29:24.213, 4, 183.25 W, 35, 120 MHz, 3996 MHz, 0 %, 0 %
2026/09/20 16:29:24.213, 5, 179.46 W, 33, 120 MHz, 3996 MHz, 0 %, 0 %
2026/09/20 16:29:24.213, 6, 180.17 W, 29, 120 MHz, 3996 MHz, 0 %, 0 %
2026/09/20 16:29:24.213, 7, 182.13 W, 29, 120 MHz, 3996 MHz, 0 %, 0 %
2026/09/20 16:29:25.213, 0, 547.70 W, 44, 2032 MHz, 3996 MHz, 53 %, 46 %
2026/09/20 16:29:25.213, 1, 564.27 W, 45, 2032 MHz, 3996 MHz, 54 %, 48 %
2026/09/20 16:29:25.213, 2, 564.49 W, 39, 2032 MHz, 3996 MHz, 56 %, 50 %
2026/09/20 16:29:25.213, 3, 554.82 W, 39, 2032 MHz, 3996 MHz, 52 %, 45 %
2026/09/20 16:29:25.213, 4, 183.25 W, 35, 120 MHz, 3996 MHz, 0 %, 0 %
2026/09/20 16:29:25.213, 5, 179.47 W, 33, 120 MHz, 3996 MHz, 0 %, 0 %
2026/09/20 16:29:25.213, 6, 180.17 W, 29, 120 MHz, 3996 MHz, 0 %, 0 %
2026/09/20 16:29:25.213, 7, 182.21 W, 29, 120 MHz, 3996 MHz, 0 %, 0 %
2026/09/20 16:29:26.213, 0, 541.78 W, 43, 2032 MHz, 3996 MHz, 50 %, 45 %
2026/09/20 16:29:26.213, 1, 559.46 W, 45, 2032 MHz, 3996 MHz, 54 %, 48 %
2026/09/20 16:29:26.213, 2, 557.24 W, 39, 2032 MHz, 3996 MHz, 53 %, 48 %
2026/09/20 16:29:26.213, 3, 542.02 W, 38, 2032 MHz, 3996 MHz, 51 %, 46 %
2026/09/20 16:29:26.213, 4, 183.25 W, 35, 120 MHz, 3996 MHz, 0 %, 0 %
2026/09/20 16:29:26.213, 5, 179.47 W, 33, 120 MHz, 3996 MHz, 0 %, 0 %
2026/09/20 16:29:26.213, 6, 180.17 W, 29, 120 MHz, 3996 MHz, 0 %, 0 %
2026/09/20 16:29:26.213, 7, 182.21 W, 29, 120 MHz, 3996 MHz, 0 %, 0 %
2026/09/20 16:29:27.213, 0, 537.47 W, 44, 2032 MHz, 3996 MHz, 51 %, 46 %
2026/09/20 16:29:27.213, 1, 556.66 W, 45, 2032 MHz, 3996 MHz, 51 %, 47 %
2026/09/20 16:29:27.213, 2, 554.89 W, 38, 2032 MHz, 3996 MHz, 55 %, 50 %
2026/09/20 16:29:27.213, 3, 534.33 W, 38, 2032 MHz, 3996 MHz, 51 %, 46 %
2026/09/20 16:29:27.213, 4, 183.25 W, 35, 120 MHz, 3996 MHz, 0 %, 0 %
2026/09/20 16:29:27.213, 5, 179.46 W, 33, 120 MHz, 3996 MHz, 0 %, 0 %
2026/09/20 16:29:27.213, 6, 180.17 W, 29, 120 MHz, 3996 MHz, 0 %, 0 %
2026/09/20 16:29:27.213, 7, 182.17 W, 29, 120 MHz, 3996 MHz, 0 %, 0 %
2026/09/20 16:29:28.214, 0, 589.27 W, 45, 2032 MHz, 3996 MHz, 54 %, 45 %
2026/09/20 16:29:28.214, 1, 574.16 W, 46, 2032 MHz, 3996 MHz, 52 %, 42 %
2026/09/20 16:29:28.214, 2, 612.59 W, 40, 2032 MHz, 3996 MHz, 58 %, 49 %
2026/09/20 16:29:28.214, 3, 626.80 W, 40, 2032 MHz, 3996 MHz, 61 %, 49 %
2026/09/20 16:29:28.214, 4, 183.25 W, 35, 120 MHz, 3996 MHz, 0 %, 0 %
2026/09/20 16:29:28.214, 5, 179.47 W, 33, 120 MHz, 3996 MHz, 0 %, 0 %
2026/09/20 16:29:28.214, 6, 180.17 W, 29, 120 MHz, 3996 MHz, 0 %, 0 %
2026/09/20 16:29:28.214, 7, 182.17 W, 29, 120 MHz, 3996 MHz, 0 %, 0 %
2026/09/20 16:29:29.214, 0, 586.00 W, 45, 2032 MHz, 3996 MHz, 52 %, 46 %
2026/09/20 16:29:29.214, 1, 572.10 W, 46, 2032 MHz, 3996 MHz, 49 %, 42 %
2026/09/20 16:29:29.214, 2, 629.22 W, 40, 2032 MHz, 3996 MHz, 57 %, 52 %
2026/09/20 16:29:29.214, 3, 630.18 W, 40, 2032 MHz, 3996 MHz, 57 %, 50 %
2026/09/20 16:29:29.214, 4, 183.25 W, 35, 120 MHz, 3996 MHz, 0 %, 0 %
2026/09/20 16:29:29.214, 5, 179.47 W, 33, 120 MHz, 3996 MHz, 0 %, 0 %
2026/09/20 16:29:29.214, 6, 180.17 W, 29, 120 MHz, 3996 MHz, 0 %, 0 %
2026/09/20 16:29:29.214, 7, 182.13 W, 29, 120 MHz, 3996 MHz, 0 %, 0 %
2026/09/20 16:29:30.214, 0, 543.08 W, 43, 2032 MHz, 3996 MHz, 32 %, 29 %
2026/09/20 16:29:30.214, 1, 537.54 W, 45, 2032 MHz, 3996 MHz, 42 %, 36 %
2026/09/20 16:29:30.214, 2, 580.45 W, 38, 2032 MHz, 3996 MHz, 42 %, 38 %
2026/09/20 16:29:30.214, 3, 581.32 W, 39, 2032 MHz, 3996 MHz, 45 %, 41 %
2026/09/20 16:29:30.214, 4, 183.25 W, 35, 120 MHz, 3996 MHz, 0 %, 0 %
2026/09/20 16:29:30.214, 5, 179.46 W, 33, 120 MHz, 3996 MHz, 0 %, 0 %
2026/09/20 16:29:30.214, 6, 180.17 W, 29, 120 MHz, 3996 MHz, 0 %, 0 %
2026/09/20 16:29:30.214, 7, 182.17 W, 29, 120 MHz, 3996 MHz, 0 %, 0 %
2026/09/20 16:29:31.214, 0, 416.00 W, 42, 2032 MHz, 3996 MHz, 17 %, 2 %
2026/09/20 16:29:31.214, 1, 419.84 W, 43, 2032 MHz, 3996 MHz, 17 %, 14 %
2026/09/20 16:29:31.215, 2, 442.88 W, 36, 2032 MHz, 3996 MHz, 32 %, 29 %
2026/09/20 16:29:31.215, 3, 435.57 W, 37, 2032 MHz, 3996 MHz, 42 %, 1 %
2026/09/20 16:29:31.215, 4, 183.25 W, 35, 120 MHz, 3996 MHz, 0 %, 0 %
2026/09/20 16:29:31.215, 5, 179.46 W, 33, 120 MHz, 3996 MHz, 0 %, 0 %
2026/09/20 16:29:31.215, 6, 180.17 W, 29, 120 MHz, 3996 MHz, 0 %, 0 %
2026/09/20 16:29:31.215, 7, 182.13 W, 29, 120 MHz, 3996 MHz, 0 %, 0 %
2026/09/20 16:29:32.215, 0, 249.25 W, 40, 2032 MHz, 3996 MHz, 0 %, 0 %
2026/09/20 16:29:32.215, 1, 253.88 W, 41, 2032 MHz, 3996 MHz, 0 %, 0 %
2026/09/20 16:29:32.215, 2, 242.40 W, 35, 2032 MHz, 3996 MHz, 2 %, 1 %
2026/09/20 16:29:32.215, 3, 255.07 W, 35, 2032 MHz, 3996 MHz, 0 %, 0 %
2026/09/20 16:29:32.215, 4, 183.25 W, 35, 120 MHz, 3996 MHz, 0 %, 0 %
2026/09/20 16:29:32.215, 5, 179.47 W, 32, 120 MHz, 3996 MHz, 0 %, 0 %
2026/09/20 16:29:32.215, 6, 180.17 W, 29, 120 MHz, 3996 MHz, 0 %, 0 %
2026/09/20 16:29:32.215, 7, 182.25 W, 29, 120 MHz, 3996 MHz, 0 %, 0 %
2026/09/20 16:29:33.215, 0, 236.18 W, 40, 2032 MHz, 3996 MHz, 0 %, 0 %
2026/09/20 16:29:33.215, 1, 238.46 W, 41, 2032 MHz, 3996 MHz, 0 %, 0 %
2026/09/20 16:29:33.215, 2, 229.30 W, 34, 2032 MHz, 3996 MHz, 0 %, 0 %
2026/09/20 16:29:33.215, 3, 235.90 W, 34, 2032 MHz, 3996 MHz, 0 %, 0 %
2026/09/20 16:29:33.215, 4, 183.25 W, 35, 120 MHz, 3996 MHz, 0 %, 0 %
2026/09/20 16:29:33.215, 5, 179.47 W, 33, 120 MHz, 3996 MHz, 0 %, 0 %
2026/09/20 16:29:33.215, 6, 180.17 W, 29, 120 MHz, 3996 MHz, 0 %, 0 %
2026/09/20 16:29:33.215, 7, 182.13 W, 29, 120 MHz, 3996 MHz, 0 %, 0 %
2026/09/20 16:29:34.215, 0, 365.12 W, 44, 2032 MHz, 3996 MHz, 56 %, 45 %
2026/09/20 16:29:34.215, 1, 341.59 W, 45, 2032 MHz, 3996 MHz, 51 %, 43 %
2026/09/20 16:29:34.215, 2, 356.96 W, 39, 2032 MHz, 3996 MHz, 60 %, 51 %
2026/09/20 16:29:34.215, 3, 354.82 W, 39, 2032 MHz, 3996 MHz, 56 %, 46 %
2026/09/20 16:29:34.215, 4, 183.25 W, 35, 120 MHz, 3996 MHz, 0 %, 0 %
2026/09/20 16:29:34.215, 5, 179.47 W, 33, 120 MHz, 3996 MHz, 0 %, 0 %
2026/09/20 16:29:34.216, 6, 180.17 W, 29, 120 MHz, 3996 MHz, 0 %, 0 %
2026/09/20 16:29:34.216, 7, 182.17 W, 29, 120 MHz, 3996 MHz, 0 %, 0 %
2026/09/20 16:29:35.216, 0, 632.40 W, 46, 2032 MHz, 3996 MHz, 58 %, 46 %
2026/09/20 16:29:35.216, 1, 612.23 W, 47, 2032 MHz, 3996 MHz, 52 %, 44 %
2026/09/20 16:29:35.216, 2, 674.93 W, 40, 2032 MHz, 3996 MHz, 62 %, 53 %
2026/09/20 16:29:35.216, 3, 643.76 W, 40, 2032 MHz, 3996 MHz, 58 %, 46 %
2026/09/20 16:29:35.216, 4, 183.25 W, 35, 120 MHz, 3996 MHz, 0 %, 0 %
2026/09/20 16:29:35.216, 5, 179.47 W, 33, 120 MHz, 3996 MHz, 0 %, 0 %
2026/09/20 16:29:35.216, 6, 180.17 W, 29, 120 MHz, 3996 MHz, 0 %, 0 %
2026/09/20 16:29:35.216, 7, 182.13 W, 29, 120 MHz, 3996 MHz, 0 %, 0 %
2026/09/20 16:29:36.216, 0, 604.63 W, 46, 2032 MHz, 3996 MHz, 54 %, 42 %
2026/09/20 16:29:36.216, 1, 567.32 W, 47, 2032 MHz, 3996 MHz, 41 %, 34 %
2026/09/20 16:29:36.216, 2, 636.18 W, 41, 2032 MHz, 3996 MHz, 51 %, 48 %
2026/09/20 16:29:36.216, 3, 618.85 W, 42, 2032 MHz, 3996 MHz, 58 %, 48 %
2026/09/20 16:29:36.216, 4, 183.25 W, 35, 120 MHz, 3996 MHz, 0 %, 0 %
2026/09/20 16:29:36.216, 5, 179.46 W, 33, 120 MHz, 3996 MHz, 0 %, 0 %
2026/09/20 16:29:36.216, 6, 180.17 W, 29, 120 MHz, 3996 MHz, 0 %, 0 %
2026/09/20 16:29:36.216, 7, 182.25 W, 29, 120 MHz, 3996 MHz, 0 %, 0 %
2026/09/20 16:29:37.216, 0, 517.47 W, 42, 2032 MHz, 3996 MHz, 9 %, 2 %
2026/09/20 16:29:37.216, 1, 549.81 W, 44, 2032 MHz, 3996 MHz, 9 %, 2 %
2026/09/20 16:29:37.216, 2, 564.25 W, 37, 2032 MHz, 3996 MHz, 8 %, 2 %
2026/09/20 16:29:37.216, 3, 564.75 W, 37, 2032 MHz, 3996 MHz, 35 %, 2 %
2026/09/20 16:29:37.216, 4, 183.25 W, 35, 120 MHz, 3996 MHz, 0 %, 0 %
2026/09/20 16:29:37.216, 5, 179.46 W, 33, 120 MHz, 3996 MHz, 0 %, 0 %
2026/09/20 16:29:37.216, 6, 180.17 W, 29, 120 MHz, 3996 MHz, 0 %, 0 %
2026/09/20 16:29:37.216, 7, 182.13 W, 29, 120 MHz, 3996 MHz, 0 %, 0 %
2026/09/20 16:29:38.216, 0, 240.03 W, 41, 2032 MHz, 3996 MHz, 0 %, 0 %
2026/09/20 16:29:38.216, 1, 243.33 W, 42, 2032 MHz, 3996 MHz, 0 %, 0 %
2026/09/20 16:29:38.217, 2, 232.67 W, 35, 2032 MHz, 3996 MHz, 0 %, 0 %
2026/09/20 16:29:38.217, 3, 238.91 W, 35, 2032 MHz, 3996 MHz, 0 %, 0 %
2026/09/20 16:29:38.217, 4, 183.25 W, 35, 120 MHz, 3996 MHz, 0 %, 0 %
2026/09/20 16:29:38.217, 5, 179.47 W, 33, 120 MHz, 3996 MHz, 0 %, 0 %
2026/09/20 16:29:38.217, 6, 180.17 W, 29, 120 MHz, 3996 MHz, 0 %, 0 %
2026/09/20 16:29:38.217, 7, 182.17 W, 29, 120 MHz, 3996 MHz, 0 %, 0 %
2026/09/20 16:29:39.217, 0, 235.88 W, 40, 2032 MHz, 3996 MHz, 0 %, 0 %
2026/09/20 16:29:39.217, 1, 238.75 W, 41, 2032 MHz, 3996 MHz, 0 %, 0 %
2026/09/20 16:29:39.217, 2, 229.35 W, 34, 2032 MHz, 3996 MHz, 0 %, 0 %
2026/09/20 16:29:39.217, 3, 234.13 W, 34, 2032 MHz, 3996 MHz, 0 %, 0 %
2026/09/20 16:29:39.217, 4, 183.21 W, 35, 120 MHz, 3996 MHz, 0 %, 0 %
2026/09/20 16:29:39.217, 5, 179.47 W, 33, 120 MHz, 3996 MHz, 0 %, 0 %
2026/09/20 16:29:39.217, 6, 180.17 W, 29, 120 MHz, 3996 MHz, 0 %, 0 %
2026/09/20 16:29:39.217, 7, 182.13 W, 29, 120 MHz, 3996 MHz, 0 %, 0 %
2026/09/20 16:29:40.217, 0, 239.26 W, 40, 2032 MHz, 3996 MHz, 10 %, 3 %
2026/09/20 16:29:40.217, 1, 246.20 W, 42, 2032 MHz, 3996 MHz, 100 %, 0 %
2026/09/20 16:29:40.217, 2, 237.46 W, 35, 2032 MHz, 3996 MHz, 100 %, 0 %
2026/09/20 16:29:40.217, 3, 243.59 W, 34, 2032 MHz, 3996 MHz, 98 %, 1 %
2026/09/20 16:29:40.217, 4, 183.25 W, 35, 120 MHz, 3996 MHz, 0 %, 0 %
2026/09/20 16:29:40.217, 5, 179.47 W, 33, 120 MHz, 3996 MHz, 0 %, 0 %
2026/09/20 16:29:40.217, 6, 180.17 W, 29, 120 MHz, 3996 MHz, 0 %, 0 %
2026/09/20 16:29:40.217, 7, 182.13 W, 29, 120 MHz, 3996 MHz, 0 %, 0 %
2026/09/20 16:29:41.217, 0, 296.77 W, 41, 2032 MHz, 3996 MHz, 0 %, 0 %
2026/09/20 16:29:41.217, 1, 293.12 W, 42, 2032 MHz, 3996 MHz, 0 %, 0 %
2026/09/20 16:29:41.217, 2, 270.67 W, 34, 2032 MHz, 3996 MHz, 34 %, 16 %
2026/09/20 16:29:41.217, 3, 292.78 W, 34, 2032 MHz, 3996 MHz, 0 %, 0 %
2026/09/20 16:29:41.217, 4, 183.25 W, 35, 120 MHz, 3996 MHz, 0 %, 0 %
2026/09/20 16:29:41.217, 5, 179.47 W, 33, 120 MHz, 3996 MHz, 0 %, 0 %
2026/09/20 16:29:41.217, 6, 180.17 W, 29, 120 MHz, 3996 MHz, 0 %, 0 %
2026/09/20 16:29:41.217, 7, 182.13 W, 29, 120 MHz, 3996 MHz, 0 %, 0 %
2026/09/20 16:29:42.218, 0, 235.80 W, 40, 2032 MHz, 3996 MHz, 0 %, 0 %
2026/09/20 16:29:42.218, 1, 238.42 W, 41, 2032 MHz, 3996 MHz, 0 %, 0 %
2026/09/20 16:29:42.218, 2, 228.28 W, 34, 2032 MHz, 3996 MHz, 0 %, 0 %
2026/09/20 16:29:42.218, 3, 233.73 W, 34, 2032 MHz, 3996 MHz, 0 %, 0 %
2026/09/20 16:29:42.218, 4, 183.25 W, 35, 120 MHz, 3996 MHz, 0 %, 0 %
2026/09/20 16:29:42.218, 5, 179.46 W, 32, 120 MHz, 3996 MHz, 0 %, 0 %
2026/09/20 16:29:42.218, 6, 180.17 W, 29, 120 MHz, 3996 MHz, 0 %, 0 %
2026/09/20 16:29:42.218, 7, 182.21 W, 29, 120 MHz, 3996 MHz, 0 %, 0 %
2026/09/20 16:29:43.218, 0, 235.73 W, 40, 2032 MHz, 3996 MHz, 0 %, 0 %
2026/09/20 16:29:43.218, 1, 237.87 W, 41, 2032 MHz, 3996 MHz, 0 %, 0 %
2026/09/20 16:29:43.218, 2, 227.83 W, 34, 2032 MHz, 3996 MHz, 0 %, 0 %
2026/09/20 16:29:43.218, 3, 233.60 W, 34, 2032 MHz, 3996 MHz, 0 %, 0 %
2026/09/20 16:29:43.218, 4, 183.25 W, 35, 120 MHz, 3996 MHz, 0 %, 0 %
2026/09/20 16:29:43.218, 5, 179.47 W, 33, 120 MHz, 3996 MHz, 0 %, 0 %
2026/09/20 16:29:43.218, 6, 180.17 W, 29, 120 MHz, 3996 MHz, 0 %, 0 %
2026/09/20 16:29:43.218, 7, 182.17 W, 29, 120 MHz, 3996 MHz, 0 %, 0 %
2026/09/20 16:29:44.218, 0, 235.73 W, 40, 2032 MHz, 3996 MHz, 0 %, 0 %
2026/09/20 16:29:44.218, 1, 237.83 W, 41, 2032 MHz, 3996 MHz, 0 %, 0 %
2026/09/20 16:29:44.218, 2, 227.88 W, 34, 2032 MHz, 3996 MHz, 0 %, 0 %
2026/09/20 16:29:44.218, 3, 233.62 W, 33, 2032 MHz, 3996 MHz, 0 %, 0 %
2026/09/20 16:29:44.218, 4, 183.25 W, 35, 120 MHz, 3996 MHz, 0 %, 0 %
2026/09/20 16:29:44.218, 5, 179.46 W, 33, 120 MHz, 3996 MHz, 0 %, 0 %
2026/09/20 16:29:44.218, 6, 180.17 W, 29, 120 MHz, 3996 MHz, 0 %, 0 %
2026/09/20 16:29:44.218, 7, 182.13 W, 29, 120 MHz, 3996 MHz, 0 %, 0 %
2026/09/20 16:29:45.218, 0, 248.14 W, 40, 2032 MHz, 3996 MHz, 0 %, 0 %
2026/09/20 16:29:45.218, 1, 249.23 W, 41, 2032 MHz, 3996 MHz, 0 %, 0 %
2026/09/20 16:29:45.218, 2, 238.36 W, 34, 2032 MHz, 3996 MHz, 0 %, 0 %
2026/09/20 16:29:45.218, 3, 243.07 W, 33, 2032 MHz, 3996 MHz, 0 %, 0 %
2026/09/20 16:29:45.218, 4, 183.25 W, 35, 120 MHz, 3996 MHz, 0 %, 0 %
2026/09/20 16:29:45.218, 5, 179.47 W, 33, 120 MHz, 3996 MHz, 0 %, 0 %
2026/09/20 16:29:45.219, 6, 180.17 W, 29, 120 MHz, 3996 MHz, 0 %, 0 %
2026/09/20 16:29:45.219, 7, 182.13 W, 29, 120 MHz, 3996 MHz, 0 %, 0 %
2026/09/20 16:29:46.219, 0, 235.73 W, 40, 2032 MHz, 3996 MHz, 0 %, 0 %
2026/09/20 16:29:46.219, 1, 237.83 W, 41, 2032 MHz, 3996 MHz, 0 %, 0 %
2026/09/20 16:29:46.219, 2, 227.91 W, 33, 2032 MHz, 3996 MHz, 0 %, 0 %
2026/09/20 16:29:46.219, 3, 233.61 W, 33, 2032 MHz, 3996 MHz, 0 %, 0 %
2026/09/20 16:29:46.219, 4, 183.25 W, 35, 120 MHz, 3996 MHz, 0 %, 0 %
2026/09/20 16:29:46.219, 5, 179.47 W, 32, 120 MHz, 3996 MHz, 0 %, 0 %
2026/09/20 16:29:46.219, 6, 180.17 W, 29, 120 MHz, 3996 MHz, 0 %, 0 %
2026/09/20 16:29:46.219, 7, 182.17 W, 29, 120 MHz, 3996 MHz, 0 %, 0 %
2026/09/20 16:29:47.219, 0, 235.73 W, 40, 2032 MHz, 3996 MHz, 0 %, 0 %
2026/09/20 16:29:47.219, 1, 237.83 W, 41, 2032 MHz, 3996 MHz, 0 %, 0 %
2026/09/20 16:29:47.219, 2, 227.92 W, 33, 2032 MHz, 3996 MHz, 0 %, 0 %
2026/09/20 16:29:47.219, 3, 233.61 W, 33, 2032 MHz, 3996 MHz, 0 %, 0 %
2026/09/20 16:29:47.219, 4, 183.25 W, 35, 120 MHz, 3996 MHz, 0 %, 0 %
2026/09/20 16:29:47.219, 5, 179.47 W, 33, 120 MHz, 3996 MHz, 0 %, 0 %
2026/09/20 16:29:47.219, 6, 180.17 W, 29, 120 MHz, 3996 MHz, 0 %, 0 %
2026/09/20 16:29:47.219, 7, 182.13 W, 29, 120 MHz, 3996 MHz, 0 %, 0 %
2026/09/20 16:29:48.219, 0, 235.73 W, 40, 2032 MHz, 3996 MHz, 0 %, 0 %
2026/09/20 16:29:48.219, 1, 237.83 W, 41, 2032 MHz, 3996 MHz, 0 %, 0 %
2026/09/20 16:29:48.219, 2, 227.92 W, 33, 2032 MHz, 3996 MHz, 0 %, 0 %
2026/09/20 16:29:48.219, 3, 233.62 W, 33, 2032 MHz, 3996 MHz, 0 %, 0 %
2026/09/20 16:29:48.219, 4, 183.25 W, 35, 120 MHz, 3996 MHz, 0 %, 0 %
2026/09/20 16:29:48.219, 5, 179.46 W, 33, 120 MHz, 3996 MHz, 0 %, 0 %
2026/09/20 16:29:48.219, 6, 180.17 W, 29, 120 MHz, 3996 MHz, 0 %, 0 %
2026/09/20 16:29:48.219, 7, 182.13 W, 29, 120 MHz, 3996 MHz, 0 %, 0 %
2026/09/20 16:29:49.220, 0, 235.73 W, 39, 2032 MHz, 3996 MHz, 0 %, 0 %
2026/09/20 16:29:49.220, 1, 237.83 W, 41, 2032 MHz, 3996 MHz, 0 %, 0 %
2026/09/20 16:29:49.220, 2, 227.93 W, 33, 2032 MHz, 3996 MHz, 0 %, 0 %
2026/09/20 16:29:49.220, 3, 233.58 W, 33, 2032 MHz, 3996 MHz, 0 %, 0 %
2026/09/20 16:29:49.220, 4, 183.25 W, 35, 120 MHz, 3996 MHz, 0 %, 0 %
2026/09/20 16:29:49.220, 5, 179.46 W, 33, 120 MHz, 3996 MHz, 0 %, 0 %
2026/09/20 16:29:49.220, 6, 180.17 W, 29, 120 MHz, 3996 MHz, 0 %, 0 %
2026/09/20 16:29:49.220, 7, 182.17 W, 29, 120 MHz, 3996 MHz, 0 %, 0 %
2026/09/20 16:29:50.220, 0, 235.73 W, 39, 2032 MHz, 3996 MHz, 0 %, 0 %
2026/09/20 16:29:50.220, 1, 237.83 W, 41, 2032 MHz, 3996 MHz, 0 %, 0 %
2026/09/20 16:29:50.220, 2, 227.92 W, 33, 2032 MHz, 3996 MHz, 0 %, 0 %
2026/09/20 16:29:50.220, 3, 233.62 W, 33, 2032 MHz, 3996 MHz, 0 %, 0 %
2026/09/20 16:29:50.220, 4, 183.25 W, 35, 120 MHz, 3996 MHz, 0 %, 0 %
2026/09/20 16:29:50.220, 5, 179.46 W, 33, 120 MHz, 3996 MHz, 0 %, 0 %
2026/09/20 16:29:50.220, 6, 180.17 W, 29, 120 MHz, 3996 MHz, 0 %, 0 %
2026/09/20 16:29:50.220, 7, 182.13 W, 29, 120 MHz, 3996 MHz, 0 %, 0 %
2026/09/20 16:29:51.220, 0, 235.74 W, 39, 2032 MHz, 3996 MHz, 0 %, 0 %
2026/09/20 16:29:51.220, 1, 237.83 W, 41, 2032 MHz, 3996 MHz, 0 %, 0 %
2026/09/20 16:29:51.220, 2, 227.92 W, 33, 2032 MHz, 3996 MHz, 0 %, 0 %
2026/09/20 16:29:51.220, 3, 233.26 W, 33, 2032 MHz, 3996 MHz, 0 %, 0 %
2026/09/20 16:29:51.220, 4, 183.25 W, 35, 120 MHz, 3996 MHz, 0 %, 0 %
2026/09/20 16:29:51.220, 5, 179.47 W, 33, 120 MHz, 3996 MHz, 0 %, 0 %
2026/09/20 16:29:51.220, 6, 180.17 W, 29, 120 MHz, 3996 MHz, 0 %, 0 %
2026/09/20 16:29:51.220, 7, 182.13 W, 29, 120 MHz, 3996 MHz, 0 %, 0 %
2026/09/20 16:29:52.220, 0, 235.73 W, 39, 2032 MHz, 3996 MHz, 0 %, 0 %
2026/09/20 16:29:52.220, 1, 237.83 W, 41, 2032 MHz, 3996 MHz, 0 %, 0 %
2026/09/20 16:29:52.220, 2, 227.92 W, 33, 2032 MHz, 3996 MHz, 0 %, 0 %
2026/09/20 16:29:52.220, 3, 233.27 W, 33, 2032 MHz, 3996 MHz, 0 %, 0 %
2026/09/20 16:29:52.221, 4, 183.25 W, 35, 120 MHz, 3996 MHz, 0 %, 0 %
2026/09/20 16:29:52.221, 5, 179.47 W, 33, 120 MHz, 3996 MHz, 0 %, 0 %
2026/09/20 16:29:52.221, 6, 180.17 W, 29, 120 MHz, 3996 MHz, 0 %, 0 %
2026/09/20 16:29:52.221, 7, 182.13 W, 29, 120 MHz, 3996 MHz, 0 %, 0 %
2026/09/20 16:29:53.221, 0, 235.73 W, 39, 2032 MHz, 3996 MHz, 0 %, 0 %
2026/09/20 16:29:53.221, 1, 237.83 W, 41, 2032 MHz, 3996 MHz, 0 %, 0 %
2026/09/20 16:29:53.221, 2, 227.93 W, 33, 2032 MHz, 3996 MHz, 0 %, 0 %
2026/09/20 16:29:53.221, 3, 233.42 W, 33, 2032 MHz, 3996 MHz, 0 %, 0 %
2026/09/20 16:29:53.221, 4, 183.25 W, 35, 120 MHz, 3996 MHz, 0 %, 0 %
2026/09/20 16:29:53.221, 5, 179.47 W, 33, 120 MHz, 3996 MHz, 0 %, 0 %
2026/09/20 16:29:53.221, 6, 180.17 W, 29, 120 MHz, 3996 MHz, 0 %, 0 %
2026/09/20 16:29:53.221, 7, 182.13 W, 29, 120 MHz, 3996 MHz, 0 %, 0 %
2026/09/20 16:29:54.221, 0, 235.74 W, 39, 2032 MHz, 3996 MHz, 0 %, 0 %
2026/09/20 16:29:54.221, 1, 237.83 W, 41, 2032 MHz, 3996 MHz, 0 %, 0 %
2026/09/20 16:29:54.221, 2, 227.93 W, 33, 2032 MHz, 3996 MHz, 0 %, 0 %
2026/09/20 16:29:54.221, 3, 232.95 W, 33, 2032 MHz, 3996 MHz, 0 %, 0 %
2026/09/20 16:29:54.221, 4, 183.25 W, 35, 120 MHz, 3996 MHz, 0 %, 0 %
2026/09/20 16:29:54.221, 5, 179.46 W, 33, 120 MHz, 3996 MHz, 0 %, 0 %
2026/09/20 16:29:54.221, 6, 180.17 W, 29, 120 MHz, 3996 MHz, 0 %, 0 %
2026/09/20 16:29:54.221, 7, 182.13 W, 29, 120 MHz, 3996 MHz, 0 %, 0 %
2026/09/20 16:29:55.221, 0, 235.70 W, 39, 2032 MHz, 3996 MHz, 0 %, 0 %
2026/09/20 16:29:55.221, 1, 237.83 W, 40, 2032 MHz, 3996 MHz, 0 %, 0 %
2026/09/20 16:29:55.221, 2, 227.93 W, 33, 2032 MHz, 3996 MHz, 0 %, 0 %
2026/09/20 16:29:55.221, 3, 233.15 W, 33, 2032 MHz, 3996 MHz, 0 %, 0 %
2026/09/20 16:29:55.221, 4, 183.25 W, 35, 120 MHz, 3996 MHz, 0 %, 0 %
2026/09/20 16:29:55.221, 5, 179.47 W, 33, 120 MHz, 3996 MHz, 0 %, 0 %
2026/09/20 16:29:55.221, 6, 180.17 W, 29, 120 MHz, 3996 MHz, 0 %, 0 %
2026/09/20 16:29:55.222, 7, 182.13 W, 29, 120 MHz, 3996 MHz, 0 %, 0 %
2026/09/20 16:29:56.222, 0, 235.73 W, 39, 2032 MHz, 3996 MHz, 0 %, 0 %
2026/09/20 16:29:56.222, 1, 237.83 W, 40, 2032 MHz, 3996 MHz, 0 %, 0 %
2026/09/20 16:29:56.222, 2, 227.93 W, 33, 2032 MHz, 3996 MHz, 0 %, 0 %
2026/09/20 16:29:56.222, 3, 232.75 W, 33, 2032 MHz, 3996 MHz, 0 %, 0 %
2026/09/20 16:29:56.222, 4, 183.25 W, 35, 120 MHz, 3996 MHz, 0 %, 0 %
2026/09/20 16:29:56.222, 5, 179.47 W, 33, 120 MHz, 3996 MHz, 0 %, 0 %
2026/09/20 16:29:56.222, 6, 180.17 W, 29, 120 MHz, 3996 MHz, 0 %, 0 %
2026/09/20 16:29:56.222, 7, 182.21 W, 29, 120 MHz, 3996 MHz, 0 %, 0 %
2026/09/20 16:29:57.222, 0, 235.73 W, 39, 2032 MHz, 3996 MHz, 0 %, 0 %
2026/09/20 16:29:57.222, 1, 237.83 W, 40, 2032 MHz, 3996 MHz, 0 %, 0 %
2026/09/20 16:29:57.222, 2, 227.93 W, 33, 2032 MHz, 3996 MHz, 0 %, 0 %
2026/09/20 16:29:57.222, 3, 232.80 W, 33, 2032 MHz, 3996 MHz, 0 %, 0 %
2026/09/20 16:29:57.222, 4, 183.25 W, 35, 120 MHz, 3996 MHz, 0 %, 0 %
2026/09/20 16:29:57.222, 5, 179.46 W, 33, 120 MHz, 3996 MHz, 0 %, 0 %
2026/09/20 16:29:57.222, 6, 180.17 W, 29, 120 MHz, 3996 MHz, 0 %, 0 %
2026/09/20 16:29:57.222, 7, 182.21 W, 29, 120 MHz, 3996 MHz, 0 %, 0 %
2026/09/20 16:29:58.222, 0, 235.69 W, 39, 2032 MHz, 3996 MHz, 0 %, 0 %
2026/09/20 16:29:58.222, 1, 237.83 W, 40, 2032 MHz, 3996 MHz, 0 %, 0 %
2026/09/20 16:29:58.222, 2, 227.93 W, 33, 2032 MHz, 3996 MHz, 0 %, 0 %
2026/09/20 16:29:58.222, 3, 232.41 W, 32, 2032 MHz, 3996 MHz, 0 %, 0 %
2026/09/20 16:29:58.222, 4, 183.25 W, 35, 120 MHz, 3996 MHz, 0 %, 0 %
2026/09/20 16:29:58.222, 5, 179.47 W, 33, 120 MHz, 3996 MHz, 0 %, 0 %
2026/09/20 16:29:58.223, 6, 180.17 W, 29, 120 MHz, 3996 MHz, 0 %, 0 %
2026/09/20 16:29:58.223, 7, 182.13 W, 29, 120 MHz, 3996 MHz, 0 %, 0 %
2026/09/20 16:29:59.223, 0, 235.59 W, 39, 2032 MHz, 3996 MHz, 0 %, 0 %
2026/09/20 16:29:59.223, 1, 237.83 W, 40, 2032 MHz, 3996 MHz, 0 %, 0 %
2026/09/20 16:29:59.223, 2, 227.93 W, 33, 2032 MHz, 3996 MHz, 0 %, 0 %
2026/09/20 16:29:59.223, 3, 232.50 W, 32, 2032 MHz, 3996 MHz, 0 %, 0 %
2026/09/20 16:29:59.223, 4, 183.25 W, 35, 120 MHz, 3996 MHz, 0 %, 0 %
2026/09/20 16:29:59.223, 5, 179.46 W, 33, 120 MHz, 3996 MHz, 0 %, 0 %
2026/09/20 16:29:59.223, 6, 180.17 W, 29, 120 MHz, 3996 MHz, 0 %, 0 %
2026/09/20 16:29:59.223, 7, 182.17 W, 29, 120 MHz, 3996 MHz, 0 %, 0 %
2026/09/20 16:30:00.223, 0, 235.65 W, 39, 2032 MHz, 3996 MHz, 0 %, 0 %
2026/09/20 16:30:00.223, 1, 237.83 W, 40, 2032 MHz, 3996 MHz, 0 %, 0 %
2026/09/20 16:30:00.223, 2, 227.93 W, 33, 2032 MHz, 3996 MHz, 0 %, 0 %
2026/09/20 16:30:00.223, 3, 232.36 W, 32, 2032 MHz, 3996 MHz, 0 %, 0 %
2026/09/20 16:30:00.223, 4, 183.25 W, 35, 120 MHz, 3996 MHz, 0 %, 0 %
2026/09/20 16:30:00.223, 5, 179.46 W, 33, 120 MHz, 3996 MHz, 0 %, 0 %
2026/09/20 16:30:00.223, 6, 180.17 W, 29, 120 MHz, 3996 MHz, 0 %, 0 %
2026/09/20 16:30:00.223, 7, 182.13 W, 29, 120 MHz, 3996 MHz, 0 %, 0 %
2026/09/20 16:30:01.223, 0, 235.69 W, 39, 2032 MHz, 3996 MHz, 0 %, 0 %
2026/09/20 16:30:01.223, 1, 237.83 W, 40, 2032 MHz, 3996 MHz, 0 %, 0 %
2026/09/20 16:30:01.224, 2, 227.93 W, 33, 2032 MHz, 3996 MHz, 0 %, 0 %
2026/09/20 16:30:01.224, 3, 232.35 W, 32, 2032 MHz, 3996 MHz, 0 %, 0 %
2026/09/20 16:30:01.224, 4, 183.25 W, 35, 120 MHz, 3996 MHz, 0 %, 0 %
2026/09/20 16:30:01.224, 5, 179.47 W, 33, 120 MHz, 3996 MHz, 0 %, 0 %
2026/09/20 16:30:01.224, 6, 180.17 W, 29, 120 MHz, 3996 MHz, 0 %, 0 %
2026/09/20 16:30:01.224, 7, 182.17 W, 29, 120 MHz, 3996 MHz, 0 %, 0 %
2026/09/20 16:30:02.224, 0, 235.61 W, 39, 2032 MHz, 3996 MHz, 0 %, 0 %
2026/09/20 16:30:02.224, 1, 237.83 W, 40, 2032 MHz, 3996 MHz, 0 %, 0 %
2026/09/20 16:30:02.224, 2, 227.93 W, 32, 2032 MHz, 3996 MHz, 0 %, 0 %
2026/09/20 16:30:02.224, 3, 232.55 W, 32, 2032 MHz, 3996 MHz, 0 %, 0 %
2026/09/20 16:30:02.224, 4, 183.25 W, 35, 120 MHz, 3996 MHz, 0 %, 0 %
2026/09/20 16:30:02.224, 5, 179.47 W, 33, 120 MHz, 3996 MHz, 0 %, 0 %
2026/09/20 16:30:02.224, 6, 180.17 W, 29, 120 MHz, 3996 MHz, 0 %, 0 %
2026/09/20 16:30:02.224, 7, 182.13 W, 29, 120 MHz, 3996 MHz, 0 %, 0 %
2026/09/20 16:30:03.224, 0, 393.74 W, 41, 2032 MHz, 3996 MHz, 0 %, 0 %
2026/09/20 16:30:03.224, 1, 340.54 W, 41, 2032 MHz, 3996 MHz, 0 %, 0 %
2026/09/20 16:30:03.224, 2, 393.27 W, 34, 2032 MHz, 3996 MHz, 0 %, 0 %
2026/09/20 16:30:03.224, 3, 388.59 W, 34, 2032 MHz, 3996 MHz, 0 %, 0 %
2026/09/20 16:30:03.224, 4, 183.25 W, 35, 120 MHz, 3996 MHz, 0 %, 0 %
2026/09/20 16:30:03.224, 5, 179.47 W, 33, 120 MHz, 3996 MHz, 0 %, 0 %
2026/09/20 16:30:03.224, 6, 180.17 W, 29, 120 MHz, 3996 MHz, 0 %, 0 %
2026/09/20 16:30:03.224, 7, 182.13 W, 29, 120 MHz, 3996 MHz, 0 %, 0 %
2026/09/20 16:30:04.224, 0, 858.42 W, 52, 1620 MHz, 3996 MHz, 100 %, 36 %
2026/09/20 16:30:04.224, 1, 807.11 W, 54, 1582 MHz, 3996 MHz, 100 %, 38 %
2026/09/20 16:30:04.224, 2, 802.46 W, 48, 1792 MHz, 3996 MHz, 100 %, 38 %
2026/09/20 16:30:04.224, 3, 842.84 W, 48, 1740 MHz, 3996 MHz, 100 %, 37 %
2026/09/20 16:30:04.224, 4, 183.25 W, 35, 120 MHz, 3996 MHz, 0 %, 0 %
2026/09/20 16:30:04.225, 5, 179.46 W, 33, 120 MHz, 3996 MHz, 0 %, 0 %
2026/09/20 16:30:04.225, 6, 180.17 W, 29, 120 MHz, 3996 MHz, 0 %, 0 %
2026/09/20 16:30:04.225, 7, 182.21 W, 29, 120 MHz, 3996 MHz, 0 %, 0 %
2026/09/20 16:30:05.225, 0, 1044.31 W, 55, 1785 MHz, 3996 MHz, 100 %, 37 %
2026/09/20 16:30:05.225, 1, 1066.55 W, 57, 1507 MHz, 3996 MHz, 100 %, 37 %
2026/09/20 16:30:05.225, 2, 1035.46 W, 48, 1612 MHz, 3996 MHz, 100 %, 36 %
2026/09/20 16:30:05.225, 3, 1053.52 W, 50, 1740 MHz, 3996 MHz, 100 %, 37 %
2026/09/20 16:30:05.225, 4, 183.25 W, 35, 120 MHz, 3996 MHz, 0 %, 0 %
2026/09/20 16:30:05.225, 5, 179.47 W, 33, 120 MHz, 3996 MHz, 0 %, 0 %
2026/09/20 16:30:05.225, 6, 180.17 W, 29, 120 MHz, 3996 MHz, 0 %, 0 %
2026/09/20 16:30:05.225, 7, 182.13 W, 29, 120 MHz, 3996 MHz, 0 %, 0 %
2026/09/20 16:30:06.225, 0, 1043.53 W, 55, 1560 MHz, 3996 MHz, 100 %, 39 %
2026/09/20 16:30:06.225, 1, 1028.19 W, 58, 1680 MHz, 3996 MHz, 100 %, 35 %
2026/09/20 16:30:06.225, 2, 1040.50 W, 50, 1642 MHz, 3996 MHz, 100 %, 38 %
2026/09/20 16:30:06.225, 3, 1056.11 W, 52, 1635 MHz, 3996 MHz, 100 %, 38 %
2026/09/20 16:30:06.225, 4, 183.25 W, 35, 120 MHz, 3996 MHz, 0 %, 0 %
2026/09/20 16:30:06.225, 5, 179.47 W, 33, 120 MHz, 3996 MHz, 0 %, 0 %
2026/09/20 16:30:06.225, 6, 180.17 W, 29, 120 MHz, 3996 MHz, 0 %, 0 %
2026/09/20 16:30:06.225, 7, 182.21 W, 29, 120 MHz, 3996 MHz, 0 %, 0 %
2026/09/20 16:30:07.225, 0, 764.55 W, 50, 2032 MHz, 3996 MHz, 99 %, 34 %
2026/09/20 16:30:07.225, 1, 785.90 W, 52, 2032 MHz, 3996 MHz, 99 %, 33 %
2026/09/20 16:30:07.225, 2, 782.03 W, 45, 2032 MHz, 3996 MHz, 99 %, 32 %
2026/09/20 16:30:07.225, 3, 763.20 W, 44, 2032 MHz, 3996 MHz, 99 %, 34 %
2026/09/20 16:30:07.225, 4, 183.25 W, 35, 120 MHz, 3996 MHz, 0 %, 0 %
2026/09/20 16:30:07.225, 5, 179.47 W, 33, 120 MHz, 3996 MHz, 0 %, 0 %
2026/09/20 16:30:07.225, 6, 180.17 W, 29, 120 MHz, 3996 MHz, 0 %, 0 %
2026/09/20 16:30:07.225, 7, 182.17 W, 29, 120 MHz, 3996 MHz, 0 %, 0 %
2026/09/20 16:30:08.226, 0, 757.83 W, 51, 2032 MHz, 3996 MHz, 99 %, 34 %
2026/09/20 16:30:08.226, 1, 771.20 W, 52, 2032 MHz, 3996 MHz, 99 %, 34 %
2026/09/20 16:30:08.226, 2, 757.85 W, 45, 2032 MHz, 3996 MHz, 99 %, 34 %
2026/09/20 16:30:08.226, 3, 762.55 W, 45, 2032 MHz, 3996 MHz, 99 %, 35 %
2026/09/20 16:30:08.226, 4, 183.25 W, 35, 120 MHz, 3996 MHz, 0 %, 0 %
2026/09/20 16:30:08.226, 5, 179.47 W, 33, 120 MHz, 3996 MHz, 0 %, 0 %
2026/09/20 16:30:08.226, 6, 180.17 W, 29, 120 MHz, 3996 MHz, 0 %, 0 %
2026/09/20 16:30:08.226, 7, 182.17 W, 29, 120 MHz, 3996 MHz, 0 %, 0 %
2026/09/20 16:30:09.226, 0, 771.60 W, 51, 2032 MHz, 3996 MHz, 99 %, 35 %
2026/09/20 16:30:09.226, 1, 775.48 W, 52, 2032 MHz, 3996 MHz, 99 %, 34 %
2026/09/20 16:30:09.226, 2, 765.81 W, 45, 2032 MHz, 3996 MHz, 99 %, 34 %
2026/09/20 16:30:09.226, 3, 767.71 W, 45, 2032 MHz, 3996 MHz, 99 %, 34 %
2026/09/20 16:30:09.226, 4, 183.25 W, 35, 120 MHz, 3996 MHz, 0 %, 0 %
2026/09/20 16:30:09.226, 5, 179.46 W, 33, 120 MHz, 3996 MHz, 0 %, 0 %
2026/09/20 16:30:09.226, 6, 180.17 W, 29, 120 MHz, 3996 MHz, 0 %, 0 %
2026/09/20 16:30:09.226, 7, 182.17 W, 29, 120 MHz, 3996 MHz, 0 %, 0 %
2026/09/20 16:30:10.226, 0, 774.12 W, 51, 2032 MHz, 3996 MHz, 99 %, 35 %
2026/09/20 16:30:10.226, 1, 779.50 W, 53, 2032 MHz, 3996 MHz, 99 %, 35 %
2026/09/20 16:30:10.226, 2, 767.42 W, 45, 2032 MHz, 3996 MHz, 99 %, 35 %
2026/09/20 16:30:10.226, 3, 764.25 W, 45, 2032 MHz, 3996 MHz, 99 %, 35 %
2026/09/20 16:30:10.226, 4, 183.25 W, 35, 120 MHz, 3996 MHz, 0 %, 0 %
2026/09/20 16:30:10.226, 5, 179.47 W, 33, 120 MHz, 3996 MHz, 0 %, 0 %
2026/09/20 16:30:10.226, 6, 180.17 W, 29, 120 MHz, 3996 MHz, 0 %, 0 %
2026/09/20 16:30:10.226, 7, 182.17 W, 29, 120 MHz, 3996 MHz, 0 %, 0 %
2026/09/20 16:30:11.226, 0, 775.72 W, 52, 2032 MHz, 3996 MHz, 99 %, 34 %
2026/09/20 16:30:11.226, 1, 778.39 W, 53, 2032 MHz, 3996 MHz, 99 %, 33 %
2026/09/20 16:30:11.226, 2, 761.76 W, 45, 2032 MHz, 3996 MHz, 99 %, 34 %
2026/09/20 16:30:11.226, 3, 759.01 W, 45, 2032 MHz, 3996 MHz, 99 %, 33 %
2026/09/20 16:30:11.226, 4, 183.25 W, 35, 120 MHz, 3996 MHz, 0 %, 0 %
2026/09/20 16:30:11.227, 5, 179.47 W, 33, 120 MHz, 3996 MHz, 0 %, 0 %
2026/09/20 16:30:11.227, 6, 180.17 W, 29, 120 MHz, 3996 MHz, 0 %, 0 %
2026/09/20 16:30:11.227, 7, 182.17 W, 29, 120 MHz, 3996 MHz, 0 %, 0 %
2026/09/20 16:30:12.227, 0, 774.87 W, 52, 2032 MHz, 3996 MHz, 99 %, 33 %
2026/09/20 16:30:12.227, 1, 775.39 W, 53, 2032 MHz, 3996 MHz, 99 %, 33 %
2026/09/20 16:30:12.227, 2, 761.01 W, 45, 2032 MHz, 3996 MHz, 99 %, 33 %
2026/09/20 16:30:12.227, 3, 751.14 W, 45, 2032 MHz, 3996 MHz, 99 %, 33 %
2026/09/20 16:30:12.227, 4, 183.25 W, 35, 120 MHz, 3996 MHz, 0 %, 0 %
2026/09/20 16:30:12.227, 5, 179.46 W, 33, 120 MHz, 3996 MHz, 0 %, 0 %
2026/09/20 16:30:12.227, 6, 180.17 W, 29, 120 MHz, 3996 MHz, 0 %, 0 %
2026/09/20 16:30:12.227, 7, 182.17 W, 29, 120 MHz, 3996 MHz, 0 %, 0 %
2026/09/20 16:30:13.227, 0, 777.36 W, 52, 2032 MHz, 3996 MHz, 99 %, 34 %
2026/09/20 16:30:13.227, 1, 780.36 W, 53, 2032 MHz, 3996 MHz, 99 %, 33 %
2026/09/20 16:30:13.227, 2, 759.81 W, 45, 2032 MHz, 3996 MHz, 99 %, 33 %
2026/09/20 16:30:13.227, 3, 756.43 W, 46, 2032 MHz, 3996 MHz, 99 %, 33 %
2026/09/20 16:30:13.227, 4, 183.25 W, 35, 120 MHz, 3996 MHz, 0 %, 0 %
2026/09/20 16:30:13.227, 5, 179.46 W, 33, 120 MHz, 3996 MHz, 0 %, 0 %
2026/09/20 16:30:13.227, 6, 180.17 W, 29, 120 MHz, 3996 MHz, 0 %, 0 %
2026/09/20 16:30:13.227, 7, 182.13 W, 29, 120 MHz, 3996 MHz, 0 %, 0 %
2026/09/20 16:30:14.227, 0, 783.79 W, 52, 2032 MHz, 3996 MHz, 99 %, 34 %
2026/09/20 16:30:14.227, 1, 784.05 W, 54, 2032 MHz, 3996 MHz, 99 %, 34 %
2026/09/20 16:30:14.227, 2, 768.64 W, 46, 2032 MHz, 3996 MHz, 99 %, 34 %
2026/09/20 16:30:14.227, 3, 762.98 W, 46, 2032 MHz, 3996 MHz, 99 %, 34 %
2026/09/20 16:30:14.227, 4, 183.25 W, 35, 120 MHz, 3996 MHz, 0 %, 0 %
2026/09/20 16:30:14.227, 5, 179.47 W, 33, 120 MHz, 3996 MHz, 0 %, 0 %
2026/09/20 16:30:14.227, 6, 180.17 W, 29, 120 MHz, 3996 MHz, 0 %, 0 %
2026/09/20 16:30:14.227, 7, 182.13 W, 29, 120 MHz, 3996 MHz, 0 %, 0 %
2026/09/20 16:30:15.228, 0, 777.02 W, 52, 2032 MHz, 3996 MHz, 99 %, 33 %
2026/09/20 16:30:15.228, 1, 777.23 W, 54, 2032 MHz, 3996 MHz, 99 %, 33 %
2026/09/20 16:30:15.228, 2, 765.97 W, 46, 2032 MHz, 3996 MHz, 99 %, 34 %
2026/09/20 16:30:15.228, 3, 757.75 W, 46, 2032 MHz, 3996 MHz, 99 %, 32 %
2026/09/20 16:30:15.228, 4, 183.25 W, 35, 120 MHz, 3996 MHz, 0 %, 0 %
2026/09/20 16:30:15.228, 5, 179.46 W, 33, 120 MHz, 3996 MHz, 0 %, 0 %
2026/09/20 16:30:15.228, 6, 180.17 W, 29, 120 MHz, 3996 MHz, 0 %, 0 %
2026/09/20 16:30:15.228, 7, 182.13 W, 29, 120 MHz, 3996 MHz, 0 %, 0 %
2026/09/20 16:30:16.228, 0, 786.92 W, 53, 2032 MHz, 3996 MHz, 99 %, 34 %
2026/09/20 16:30:16.228, 1, 786.03 W, 54, 2032 MHz, 3996 MHz, 99 %, 34 %
2026/09/20 16:30:16.228, 2, 772.00 W, 46, 2032 MHz, 3996 MHz, 99 %, 34 %
2026/09/20 16:30:16.228, 3, 758.08 W, 46, 2032 MHz, 3996 MHz, 99 %, 34 %
2026/09/20 16:30:16.228, 4, 183.25 W, 35, 120 MHz, 3996 MHz, 0 %, 0 %
2026/09/20 16:30:16.228, 5, 179.46 W, 33, 120 MHz, 3996 MHz, 0 %, 0 %
2026/09/20 16:30:16.228, 6, 180.17 W, 29, 120 MHz, 3996 MHz, 0 %, 0 %
2026/09/20 16:30:16.228, 7, 182.17 W, 29, 120 MHz, 3996 MHz, 0 %, 0 %
2026/09/20 16:30:17.228, 0, 789.87 W, 53, 2032 MHz, 3996 MHz, 99 %, 36 %
2026/09/20 16:30:17.228, 1, 787.66 W, 54, 2032 MHz, 3996 MHz, 99 %, 35 %
2026/09/20 16:30:17.228, 2, 777.04 W, 46, 2032 MHz, 3996 MHz, 99 %, 35 %
2026/09/20 16:30:17.228, 3, 773.09 W, 46, 2032 MHz, 3996 MHz, 99 %, 35 %
2026/09/20 16:30:17.228, 4, 183.25 W, 35, 120 MHz, 3996 MHz, 0 %, 0 %
2026/09/20 16:30:17.228, 5, 179.47 W, 33, 120 MHz, 3996 MHz, 0 %, 0 %
2026/09/20 16:30:17.228, 6, 180.17 W, 29, 120 MHz, 3996 MHz, 0 %, 0 %
2026/09/20 16:30:17.228, 7, 182.13 W, 29, 120 MHz, 3996 MHz, 0 %, 0 %
2026/09/20 16:30:18.228, 0, 843.85 W, 57, 1620 MHz, 3996 MHz, 100 %, 38 %
2026/09/20 16:30:18.228, 1, 798.19 W, 56, 2032 MHz, 3996 MHz, 95 %, 28 %
2026/09/20 16:30:18.228, 2, 788.97 W, 47, 2032 MHz, 3996 MHz, 99 %, 35 %
2026/09/20 16:30:18.228, 3, 782.63 W, 48, 2032 MHz, 3996 MHz, 95 %, 21 %
2026/09/20 16:30:18.228, 4, 183.25 W, 35, 120 MHz, 3996 MHz, 0 %, 0 %
2026/09/20 16:30:18.229, 5, 179.46 W, 33, 120 MHz, 3996 MHz, 0 %, 0 %
2026/09/20 16:30:18.229, 6, 180.17 W, 29, 120 MHz, 3996 MHz, 0 %, 0 %
2026/09/20 16:30:18.229, 7, 182.13 W, 29, 120 MHz, 3996 MHz, 0 %, 0 %
2026/09/20 16:30:19.229, 0, 860.68 W, 52, 2032 MHz, 3996 MHz, 100 %, 17 %
2026/09/20 16:30:19.229, 1, 852.06 W, 60, 1522 MHz, 3996 MHz, 100 %, 37 %
2026/09/20 16:30:19.229, 2, 682.74 W, 45, 2032 MHz, 3996 MHz, 100 %, 16 %
2026/09/20 16:30:19.229, 3, 679.09 W, 46, 2032 MHz, 3996 MHz, 100 %, 17 %
2026/09/20 16:30:19.229, 4, 183.25 W, 35, 120 MHz, 3996 MHz, 0 %, 0 %
2026/09/20 16:30:19.229, 5, 179.47 W, 33, 120 MHz, 3996 MHz, 0 %, 0 %
2026/09/20 16:30:19.229, 6, 180.17 W, 29, 120 MHz, 3996 MHz, 0 %, 0 %
2026/09/20 16:30:19.229, 7, 182.13 W, 29, 120 MHz, 3996 MHz, 0 %, 0 %
2026/09/20 16:30:20.229, 0, 705.78 W, 51, 2032 MHz, 3996 MHz, 85 %, 22 %
2026/09/20 16:30:20.229, 1, 880.10 W, 55, 2032 MHz, 3996 MHz, 99 %, 36 %
2026/09/20 16:30:20.229, 2, 719.16 W, 45, 2032 MHz, 3996 MHz, 99 %, 38 %
2026/09/20 16:30:20.229, 3, 747.43 W, 51, 2032 MHz, 3996 MHz, 99 %, 36 %
2026/09/20 16:30:20.229, 4, 183.25 W, 35, 120 MHz, 3996 MHz, 0 %, 0 %
2026/09/20 16:30:20.229, 5, 179.47 W, 33, 120 MHz, 3996 MHz, 0 %, 0 %
2026/09/20 16:30:20.229, 6, 180.17 W, 29, 120 MHz, 3996 MHz, 0 %, 0 %
2026/09/20 16:30:20.229, 7, 182.21 W, 29, 120 MHz, 3996 MHz, 0 %, 0 %
2026/09/20 16:30:21.231, 0, 880.25 W, 55, 2032 MHz, 3996 MHz, 100 %, 16 %
2026/09/20 16:30:21.231, 1, 913.26 W, 56, 1935 MHz, 3996 MHz, 100 %, 34 %
2026/09/20 16:30:21.231, 2, 700.73 W, 46, 2032 MHz, 3996 MHz, 100 %, 26 %
2026/09/20 16:30:21.231, 3, 1072.40 W, 53, 1530 MHz, 3996 MHz, 100 %, 36 %
2026/09/20 16:30:21.231, 4, 183.25 W, 35, 120 MHz, 3996 MHz, 0 %, 0 %
2026/09/20 16:30:21.231, 5, 179.47 W, 33, 120 MHz, 3996 MHz, 0 %, 0 %
2026/09/20 16:30:21.231, 6, 180.17 W, 29, 120 MHz, 3996 MHz, 0 %, 0 %
2026/09/20 16:30:21.231, 7, 183.03 W, 29, 120 MHz, 3996 MHz, 0 %, 0 %
2026/09/20 16:30:22.231, 0, 868.97 W, 58, 1957 MHz, 3996 MHz, 100 %, 35 %
2026/09/20 16:30:22.231, 1, 862.77 W, 59, 1725 MHz, 3996 MHz, 100 %, 36 %
2026/09/20 16:30:22.231, 2, 872.23 W, 53, 1560 MHz, 3996 MHz, 100 %, 38 %
2026/09/20 16:30:22.231, 3, 975.04 W, 52, 1702 MHz, 3996 MHz, 100 %, 35 %
2026/09/20 16:30:22.231, 4, 183.25 W, 35, 120 MHz, 3996 MHz, 0 %, 0 %
2026/09/20 16:30:22.231, 5, 179.46 W, 33, 120 MHz, 3996 MHz, 0 %, 0 %
2026/09/20 16:30:22.231, 6, 180.16 W, 29, 120 MHz, 3996 MHz, 0 %, 0 %
2026/09/20 16:30:22.231, 7, 182.95 W, 29, 120 MHz, 3996 MHz, 0 %, 0 %
2026/09/20 16:30:23.231, 0, 719.67 W, 52, 2032 MHz, 3996 MHz, 100 %, 17 %
2026/09/20 16:30:23.231, 1, 740.93 W, 54, 2032 MHz, 3996 MHz, 100 %, 16 %
2026/09/20 16:30:23.231, 2, 1069.50 W, 54, 1560 MHz, 3996 MHz, 100 %, 38 %
2026/09/20 16:30:23.231, 3, 730.78 W, 45, 2032 MHz, 3996 MHz, 100 %, 15 %
2026/09/20 16:30:23.231, 4, 183.25 W, 35, 120 MHz, 3996 MHz, 0 %, 0 %
2026/09/20 16:30:23.231, 5, 179.46 W, 33, 120 MHz, 3996 MHz, 0 %, 0 %
2026/09/20 16:30:23.231, 6, 180.17 W, 29, 120 MHz, 3996 MHz, 0 %, 0 %
2026/09/20 16:30:23.231, 7, 183.19 W, 29, 120 MHz, 3996 MHz, 0 %, 0 %
2026/09/20 16:30:24.231, 0, 785.10 W, 55, 2032 MHz, 3996 MHz, 99 %, 38 %
2026/09/20 16:30:24.231, 1, 767.50 W, 57, 2032 MHz, 3996 MHz, 99 %, 37 %
2026/09/20 16:30:24.232, 2, 867.31 W, 48, 2032 MHz, 3996 MHz, 99 %, 36 %
2026/09/20 16:30:24.232, 3, 772.83 W, 48, 2032 MHz, 3996 MHz, 99 %, 37 %
2026/09/20 16:30:24.232, 4, 183.25 W, 35, 120 MHz, 3996 MHz, 0 %, 0 %
2026/09/20 16:30:24.232, 5, 179.46 W, 33, 120 MHz, 3996 MHz, 0 %, 0 %
2026/09/20 16:30:24.232, 6, 180.17 W, 29, 120 MHz, 3996 MHz, 0 %, 0 %
2026/09/20 16:30:24.232, 7, 183.17 W, 29, 120 MHz, 3996 MHz, 0 %, 0 %
2026/09/20 16:30:25.232, 0, 842.16 W, 56, 2032 MHz, 3996 MHz, 99 %, 38 %
2026/09/20 16:30:25.232, 1, 841.72 W, 57, 2032 MHz, 3996 MHz, 99 %, 39 %
2026/09/20 16:30:25.232, 2, 832.34 W, 49, 2032 MHz, 3996 MHz, 99 %, 40 %
2026/09/20 16:30:25.232, 3, 831.43 W, 49, 2032 MHz, 3996 MHz, 99 %, 39 %
2026/09/20 16:30:25.232, 4, 183.25 W, 35, 120 MHz, 3996 MHz, 0 %, 0 %
2026/09/20 16:30:25.232, 5, 179.47 W, 33, 120 MHz, 3996 MHz, 0 %, 0 %
2026/09/20 16:30:25.232, 6, 180.17 W, 29, 120 MHz, 3996 MHz, 0 %, 0 %
2026/09/20 16:30:25.232, 7, 182.78 W, 29, 120 MHz, 3996 MHz, 0 %, 0 %
2026/09/20 16:30:26.232, 0, 865.55 W, 56, 2032 MHz, 3996 MHz, 99 %, 40 %
2026/09/20 16:30:26.232, 1, 870.16 W, 57, 2032 MHz, 3996 MHz, 99 %, 40 %
2026/09/20 16:30:26.232, 2, 836.32 W, 49, 2032 MHz, 3996 MHz, 99 %, 40 %
2026/09/20 16:30:26.232, 3, 826.15 W, 49, 2032 MHz, 3996 MHz, 99 %, 40 %
2026/09/20 16:30:26.232, 4, 183.25 W, 35, 120 MHz, 3996 MHz, 0 %, 0 %
2026/09/20 16:30:26.232, 5, 179.47 W, 33, 120 MHz, 3996 MHz, 0 %, 0 %
2026/09/20 16:30:26.232, 6, 180.17 W, 29, 120 MHz, 3996 MHz, 0 %, 0 %
2026/09/20 16:30:26.232, 7, 182.75 W, 29, 120 MHz, 3996 MHz, 0 %, 0 %
2026/09/20 16:30:27.232, 0, 863.85 W, 57, 2032 MHz, 3996 MHz, 99 %, 40 %
2026/09/20 16:30:27.232, 1, 851.78 W, 58, 2032 MHz, 3996 MHz, 99 %, 41 %
2026/09/20 16:30:27.232, 2, 842.83 W, 49, 2032 MHz, 3996 MHz, 99 %, 40 %
2026/09/20 16:30:27.232, 3, 844.29 W, 50, 2032 MHz, 3996 MHz, 99 %, 40 %
2026/09/20 16:30:27.232, 4, 183.25 W, 35, 120 MHz, 3996 MHz, 0 %, 0 %
2026/09/20 16:30:27.232, 5, 179.47 W, 33, 120 MHz, 3996 MHz, 0 %, 0 %
2026/09/20 16:30:27.233, 6, 180.17 W, 29, 120 MHz, 3996 MHz, 0 %, 0 %
2026/09/20 16:30:27.233, 7, 182.78 W, 29, 120 MHz, 3996 MHz, 0 %, 0 %
2026/09/20 16:30:28.233, 0, 848.34 W, 56, 2032 MHz, 3996 MHz, 99 %, 40 %
2026/09/20 16:30:28.233, 1, 858.23 W, 58, 2032 MHz, 3996 MHz, 99 %, 40 %
2026/09/20 16:30:28.233, 2, 840.02 W, 49, 2032 MHz, 3996 MHz, 99 %, 40 %
2026/09/20 16:30:28.233, 3, 854.36 W, 49, 2032 MHz, 3996 MHz, 99 %, 39 %
2026/09/20 16:30:28.233, 4, 183.25 W, 35, 120 MHz, 3996 MHz, 0 %, 0 %
2026/09/20 16:30:28.233, 5, 179.46 W, 32, 120 MHz, 3996 MHz, 0 %, 0 %
2026/09/20 16:30:28.233, 6, 180.17 W, 29, 120 MHz, 3996 MHz, 0 %, 0 %
2026/09/20 16:30:28.233, 7, 182.64 W, 29, 120 MHz, 3996 MHz, 0 %, 0 %
2026/09/20 16:30:29.233, 0, 860.90 W, 57, 2032 MHz, 3996 MHz, 99 %, 38 %
2026/09/20 16:30:29.233, 1, 865.20 W, 58, 2032 MHz, 3996 MHz, 99 %, 39 %
2026/09/20 16:30:29.233, 2, 829.00 W, 49, 2032 MHz, 3996 MHz, 99 %, 39 %
2026/09/20 16:30:29.233, 3, 818.79 W, 49, 2032 MHz, 3996 MHz, 99 %, 38 %
2026/09/20 16:30:29.233, 4, 183.25 W, 35, 120 MHz, 3996 MHz, 0 %, 0 %
2026/09/20 16:30:29.233, 5, 179.47 W, 33, 120 MHz, 3996 MHz, 0 %, 0 %
2026/09/20 16:30:29.233, 6, 180.17 W, 29, 120 MHz, 3996 MHz, 0 %, 0 %
2026/09/20 16:30:29.233, 7, 183.01 W, 29, 120 MHz, 3996 MHz, 0 %, 0 %
2026/09/20 16:30:30.233, 0, 858.57 W, 57, 2032 MHz, 3996 MHz, 99 %, 40 %
2026/09/20 16:30:30.233, 1, 850.50 W, 58, 2032 MHz, 3996 MHz, 99 %, 39 %
2026/09/20 16:30:30.233, 2, 834.53 W, 50, 2032 MHz, 3996 MHz, 99 %, 39 %
2026/09/20 16:30:30.233, 3, 838.58 W, 50, 2032 MHz, 3996 MHz, 99 %, 40 %
2026/09/20 16:30:30.233, 4, 183.25 W, 35, 120 MHz, 3996 MHz, 0 %, 0 %
2026/09/20 16:30:30.233, 5, 179.46 W, 33, 120 MHz, 3996 MHz, 0 %, 0 %
2026/09/20 16:30:30.233, 6, 180.17 W, 29, 120 MHz, 3996 MHz, 0 %, 0 %
2026/09/20 16:30:30.233, 7, 182.95 W, 29, 120 MHz, 3996 MHz, 0 %, 0 %
2026/09/20 16:30:31.233, 0, 849.96 W, 58, 2032 MHz, 3996 MHz, 99 %, 39 %
2026/09/20 16:30:31.233, 1, 858.81 W, 58, 2032 MHz, 3996 MHz, 99 %, 40 %
2026/09/20 16:30:31.234, 2, 846.75 W, 50, 2032 MHz, 3996 MHz, 99 %, 40 %
2026/09/20 16:30:31.234, 3, 853.44 W, 50, 2032 MHz, 3996 MHz, 99 %, 40 %
2026/09/20 16:30:31.234, 4, 183.25 W, 35, 120 MHz, 3996 MHz, 0 %, 0 %
2026/09/20 16:30:31.234, 5, 179.46 W, 33, 120 MHz, 3996 MHz, 0 %, 0 %
2026/09/20 16:30:31.234, 6, 180.16 W, 29, 120 MHz, 3996 MHz, 0 %, 0 %
2026/09/20 16:30:31.234, 7, 182.75 W, 29, 120 MHz, 3996 MHz, 0 %, 0 %
2026/09/20 16:30:32.234, 0, 855.10 W, 58, 2032 MHz, 3996 MHz, 99 %, 40 %
2026/09/20 16:30:32.234, 1, 864.27 W, 58, 2032 MHz, 3996 MHz, 99 %, 40 %
2026/09/20 16:30:32.234, 2, 852.19 W, 50, 2032 MHz, 3996 MHz, 99 %, 40 %
2026/09/20 16:30:32.234, 3, 852.60 W, 50, 2032 MHz, 3996 MHz, 99 %, 40 %
2026/09/20 16:30:32.234, 4, 183.25 W, 35, 120 MHz, 3996 MHz, 0 %, 0 %
2026/09/20 16:30:32.234, 5, 179.47 W, 33, 120 MHz, 3996 MHz, 0 %, 0 %
2026/09/20 16:30:32.234, 6, 180.17 W, 29, 120 MHz, 3996 MHz, 0 %, 0 %
2026/09/20 16:30:32.234, 7, 182.98 W, 29, 120 MHz, 3996 MHz, 0 %, 0 %
2026/09/20 16:30:33.234, 0, 851.47 W, 58, 2032 MHz, 3996 MHz, 99 %, 40 %
2026/09/20 16:30:33.234, 1, 857.78 W, 58, 2032 MHz, 3996 MHz, 99 %, 38 %
2026/09/20 16:30:33.234, 2, 849.17 W, 50, 2032 MHz, 3996 MHz, 99 %, 38 %
2026/09/20 16:30:33.234, 3, 844.08 W, 50, 2032 MHz, 3996 MHz, 99 %, 38 %
2026/09/20 16:30:33.234, 4, 183.25 W, 35, 120 MHz, 3996 MHz, 0 %, 0 %
2026/09/20 16:30:33.234, 5, 179.47 W, 33, 120 MHz, 3996 MHz, 0 %, 0 %
2026/09/20 16:30:33.234, 6, 180.17 W, 29, 120 MHz, 3996 MHz, 0 %, 0 %
2026/09/20 16:30:33.234, 7, 182.99 W, 29, 120 MHz, 3996 MHz, 0 %, 0 %
2026/09/20 16:30:34.234, 0, 858.48 W, 58, 2032 MHz, 3996 MHz, 99 %, 41 %
2026/09/20 16:30:34.234, 1, 865.59 W, 59, 2032 MHz, 3996 MHz, 99 %, 40 %
2026/09/20 16:30:34.234, 2, 858.34 W, 50, 2032 MHz, 3996 MHz, 99 %, 40 %
2026/09/20 16:30:34.234, 3, 850.48 W, 50, 2032 MHz, 3996 MHz, 99 %, 39 %
2026/09/20 16:30:34.234, 4, 183.25 W, 35, 120 MHz, 3996 MHz, 0 %, 0 %
2026/09/20 16:30:34.234, 5, 179.46 W, 33, 120 MHz, 3996 MHz, 0 %, 0 %
2026/09/20 16:30:34.235, 6, 180.17 W, 29, 120 MHz, 3996 MHz, 0 %, 0 %
2026/09/20 16:30:34.235, 7, 182.78 W, 29, 120 MHz, 3996 MHz, 0 %, 0 %
2026/09/20 16:30:35.235, 0, 887.75 W, 58, 2032 MHz, 3996 MHz, 99 %, 43 %
2026/09/20 16:30:35.235, 1, 877.45 W, 60, 2032 MHz, 3996 MHz, 99 %, 42 %
2026/09/20 16:30:35.235, 2, 865.61 W, 50, 2032 MHz, 3996 MHz, 99 %, 42 %
2026/09/20 16:30:35.235, 3, 857.88 W, 50, 2032 MHz, 3996 MHz, 99 %, 43 %
2026/09/20 16:30:35.235, 4, 183.25 W, 35, 120 MHz, 3996 MHz, 0 %, 0 %
2026/09/20 16:30:35.235, 5, 179.46 W, 33, 120 MHz, 3996 MHz, 0 %, 0 %
2026/09/20 16:30:35.235, 6, 180.17 W, 29, 120 MHz, 3996 MHz, 0 %, 0 %
2026/09/20 16:30:35.235, 7, 182.72 W, 29, 120 MHz, 3996 MHz, 0 %, 0 %
2026/09/20 16:30:36.235, 0, 880.12 W, 59, 2032 MHz, 3996 MHz, 97 %, 42 %
2026/09/20 16:30:36.235, 1, 881.93 W, 60, 2032 MHz, 3996 MHz, 99 %, 42 %
2026/09/20 16:30:36.235, 2, 867.48 W, 51, 2032 MHz, 3996 MHz, 99 %, 42 %
2026/09/20 16:30:36.235, 3, 862.00 W, 51, 2032 MHz, 3996 MHz, 99 %, 42 %
2026/09/20 16:30:36.235, 4, 183.25 W, 35, 120 MHz, 3996 MHz, 0 %, 0 %
2026/09/20 16:30:36.235, 5, 179.46 W, 32, 120 MHz, 3996 MHz, 0 %, 0 %
2026/09/20 16:30:36.235, 6, 180.17 W, 29, 120 MHz, 3996 MHz, 0 %, 0 %
2026/09/20 16:30:36.235, 7, 182.80 W, 29, 120 MHz, 3996 MHz, 0 %, 0 %
2026/09/20 16:30:37.235, 0, 764.11 W, 56, 2032 MHz, 3996 MHz, 100 %, 8 %
2026/09/20 16:30:37.235, 1, 742.04 W, 56, 2032 MHz, 3996 MHz, 6 %, 2 %
2026/09/20 16:30:37.235, 2, 803.04 W, 49, 2032 MHz, 3996 MHz, 69 %, 27 %
2026/09/20 16:30:37.235, 3, 757.70 W, 49, 2032 MHz, 3996 MHz, 90 %, 5 %
2026/09/20 16:30:37.235, 4, 183.25 W, 35, 120 MHz, 3996 MHz, 0 %, 0 %
2026/09/20 16:30:37.235, 5, 179.47 W, 32, 120 MHz, 3996 MHz, 0 %, 0 %
2026/09/20 16:30:37.235, 6, 180.17 W, 29, 120 MHz, 3996 MHz, 0 %, 0 %
2026/09/20 16:30:37.235, 7, 182.94 W, 29, 120 MHz, 3996 MHz, 0 %, 0 %
2026/09/20 16:30:38.236, 0, 1009.74 W, 62, 1552 MHz, 3996 MHz, 100 %, 37 %
2026/09/20 16:30:38.236, 1, 971.43 W, 64, 1440 MHz, 3996 MHz, 96 %, 34 %
2026/09/20 16:30:38.236, 2, 1010.22 W, 55, 1687 MHz, 3996 MHz, 100 %, 37 %
2026/09/20 16:30:38.236, 3, 1011.99 W, 55, 1575 MHz, 3996 MHz, 96 %, 36 %
2026/09/20 16:30:38.236, 4, 183.25 W, 35, 120 MHz, 3996 MHz, 0 %, 0 %
2026/09/20 16:30:38.236, 5, 179.46 W, 33, 120 MHz, 3996 MHz, 0 %, 0 %
2026/09/20 16:30:38.236, 6, 180.17 W, 29, 120 MHz, 3996 MHz, 0 %, 0 %
2026/09/20 16:30:38.236, 7, 182.88 W, 29, 120 MHz, 3996 MHz, 0 %, 0 %
2026/09/20 16:30:39.236, 0, 1046.49 W, 64, 1657 MHz, 3996 MHz, 100 %, 37 %
2026/09/20 16:30:39.236, 1, 1050.84 W, 64, 1515 MHz, 3996 MHz, 100 %, 40 %
2026/09/20 16:30:39.236, 2, 1049.42 W, 56, 1635 MHz, 3996 MHz, 100 %, 38 %
2026/09/20 16:30:39.236, 3, 1053.12 W, 56, 1747 MHz, 3996 MHz, 100 %, 38 %
2026/09/20 16:30:39.236, 4, 183.25 W, 35, 120 MHz, 3996 MHz, 0 %, 0 %
2026/09/20 16:30:39.236, 5, 179.47 W, 32, 120 MHz, 3996 MHz, 0 %, 0 %
2026/09/20 16:30:39.236, 6, 180.17 W, 29, 120 MHz, 3996 MHz, 0 %, 0 %
2026/09/20 16:30:39.236, 7, 182.68 W, 29, 120 MHz, 3996 MHz, 0 %, 0 %
2026/09/20 16:30:40.236, 0, 1012.25 W, 62, 2032 MHz, 3996 MHz, 99 %, 47 %
2026/09/20 16:30:40.236, 1, 1015.08 W, 63, 2032 MHz, 3996 MHz, 97 %, 38 %
2026/09/20 16:30:40.236, 2, 1014.11 W, 53, 2032 MHz, 3996 MHz, 97 %, 35 %
2026/09/20 16:30:40.236, 3, 1015.68 W, 54, 2032 MHz, 3996 MHz, 99 %, 47 %
2026/09/20 16:30:40.236, 4, 183.25 W, 35, 120 MHz, 3996 MHz, 0 %, 0 %
2026/09/20 16:30:40.236, 5, 179.47 W, 32, 120 MHz, 3996 MHz, 0 %, 0 %
2026/09/20 16:30:40.236, 6, 180.17 W, 29, 120 MHz, 3996 MHz, 0 %, 0 %
2026/09/20 16:30:40.236, 7, 182.74 W, 29, 120 MHz, 3996 MHz, 0 %, 0 %
2026/09/20 16:30:41.236, 0, 1008.89 W, 63, 2032 MHz, 3996 MHz, 99 %, 54 %
2026/09/20 16:30:41.236, 1, 994.97 W, 63, 2032 MHz, 3996 MHz, 99 %, 54 %
2026/09/20 16:30:41.236, 2, 991.28 W, 54, 2032 MHz, 3996 MHz, 99 %, 54 %
2026/09/20 16:30:41.236, 3, 980.17 W, 54, 2032 MHz, 3996 MHz, 99 %, 54 %
2026/09/20 16:30:41.236, 4, 183.25 W, 35, 120 MHz, 3996 MHz, 0 %, 0 %
2026/09/20 16:30:41.237, 5, 179.46 W, 32, 120 MHz, 3996 MHz, 0 %, 0 %
2026/09/20 16:30:41.237, 6, 180.17 W, 29, 120 MHz, 3996 MHz, 0 %, 0 %
2026/09/20 16:30:41.237, 7, 182.98 W, 29, 120 MHz, 3996 MHz, 0 %, 0 %
2026/09/20 16:30:42.237, 0, 1029.19 W, 62, 2032 MHz, 3996 MHz, 99 %, 55 %
2026/09/20 16:30:42.237, 1, 1027.49 W, 64, 2032 MHz, 3996 MHz, 99 %, 55 %
2026/09/20 16:30:42.237, 2, 1016.92 W, 55, 2032 MHz, 3996 MHz, 99 %, 55 %
2026/09/20 16:30:42.237, 3, 1009.89 W, 55, 2032 MHz, 3996 MHz, 99 %, 55 %
2026/09/20 16:30:42.237, 4, 183.25 W, 35, 120 MHz, 3996 MHz, 0 %, 0 %
2026/09/20 16:30:42.237, 5, 179.47 W, 32, 120 MHz, 3996 MHz, 0 %, 0 %
2026/09/20 16:30:42.237, 6, 180.17 W, 29, 120 MHz, 3996 MHz, 0 %, 0 %
2026/09/20 16:30:42.237, 7, 182.82 W, 29, 120 MHz, 3996 MHz, 0 %, 0 %
2026/09/20 16:30:43.237, 0, 1030.65 W, 63, 2032 MHz, 3996 MHz, 99 %, 55 %
2026/09/20 16:30:43.237, 1, 1030.75 W, 64, 2032 MHz, 3996 MHz, 99 %, 55 %
2026/09/20 16:30:43.237, 2, 1013.69 W, 54, 2032 MHz, 3996 MHz, 99 %, 56 %
2026/09/20 16:30:43.237, 3, 1010.15 W, 54, 2032 MHz, 3996 MHz, 99 %, 55 %
2026/09/20 16:30:43.237, 4, 183.25 W, 35, 120 MHz, 3996 MHz, 0 %, 0 %
2026/09/20 16:30:43.237, 5, 179.46 W, 33, 120 MHz, 3996 MHz, 0 %, 0 %
2026/09/20 16:30:43.237, 6, 180.17 W, 29, 120 MHz, 3996 MHz, 0 %, 0 %
2026/09/20 16:30:43.237, 7, 183.07 W, 29, 120 MHz, 3996 MHz, 0 %, 0 %
2026/09/20 16:30:44.237, 0, 1033.65 W, 64, 2032 MHz, 3996 MHz, 99 %, 56 %
2026/09/20 16:30:44.237, 1, 1035.24 W, 64, 2017 MHz, 3996 MHz, 99 %, 55 %
2026/09/20 16:30:44.237, 2, 1020.61 W, 55, 2032 MHz, 3996 MHz, 99 %, 56 %
2026/09/20 16:30:44.237, 3, 1011.56 W, 55, 2032 MHz, 3996 MHz, 99 %, 56 %
2026/09/20 16:30:44.237, 4, 183.25 W, 35, 120 MHz, 3996 MHz, 0 %, 0 %
2026/09/20 16:30:44.237, 5, 179.47 W, 32, 120 MHz, 3996 MHz, 0 %, 0 %
2026/09/20 16:30:44.237, 6, 180.17 W, 29, 120 MHz, 3996 MHz, 0 %, 0 %
2026/09/20 16:30:44.237, 7, 182.75 W, 29, 120 MHz, 3996 MHz, 0 %, 0 %
2026/09/20 16:30:45.237, 0, 1037.30 W, 63, 2017 MHz, 3996 MHz, 99 %, 56 %
2026/09/20 16:30:45.238, 1, 1033.24 W, 65, 2025 MHz, 3996 MHz, 99 %, 56 %
2026/09/20 16:30:45.238, 2, 1016.53 W, 55, 2032 MHz, 3996 MHz, 99 %, 56 %
2026/09/20 16:30:45.238, 3, 1014.80 W, 55, 2032 MHz, 3996 MHz, 99 %, 56 %
2026/09/20 16:30:45.238, 4, 183.25 W, 35, 120 MHz, 3996 MHz, 0 %, 0 %
2026/09/20 16:30:45.238, 5, 179.47 W, 32, 120 MHz, 3996 MHz, 0 %, 0 %
2026/09/20 16:30:45.238, 6, 180.17 W, 29, 120 MHz, 3996 MHz, 0 %, 0 %
2026/09/20 16:30:45.238, 7, 182.72 W, 29, 120 MHz, 3996 MHz, 0 %, 0 %
2026/09/20 16:30:46.238, 0, 1040.21 W, 64, 2017 MHz, 3996 MHz, 99 %, 56 %
2026/09/20 16:30:46.238, 1, 1040.79 W, 65, 2032 MHz, 3996 MHz, 99 %, 56 %
2026/09/20 16:30:46.238, 2, 1024.61 W, 55, 2032 MHz, 3996 MHz, 99 %, 56 %
2026/09/20 16:30:46.238, 3, 1020.07 W, 55, 2032 MHz, 3996 MHz, 99 %, 56 %
2026/09/20 16:30:46.238, 4, 183.25 W, 35, 120 MHz, 3996 MHz, 0 %, 0 %
2026/09/20 16:30:46.238, 5, 179.47 W, 32, 120 MHz, 3996 MHz, 0 %, 0 %
2026/09/20 16:30:46.238, 6, 180.17 W, 29, 120 MHz, 3996 MHz, 0 %, 0 %
2026/09/20 16:30:46.238, 7, 183.03 W, 29, 120 MHz, 3996 MHz, 0 %, 0 %
2026/09/20 16:30:47.238, 0, 1037.43 W, 64, 2025 MHz, 3996 MHz, 99 %, 56 %
2026/09/20 16:30:47.238, 1, 1035.86 W, 64, 2010 MHz, 3996 MHz, 99 %, 56 %
2026/09/20 16:30:47.238, 2, 1021.15 W, 55, 2032 MHz, 3996 MHz, 99 %, 57 %
2026/09/20 16:30:47.238, 3, 1022.17 W, 56, 2032 MHz, 3996 MHz, 99 %, 56 %
2026/09/20 16:30:47.238, 4, 183.25 W, 35, 120 MHz, 3996 MHz, 0 %, 0 %
2026/09/20 16:30:47.238, 5, 179.46 W, 32, 120 MHz, 3996 MHz, 0 %, 0 %
2026/09/20 16:30:47.238, 6, 180.17 W, 29, 120 MHz, 3996 MHz, 0 %, 0 %
2026/09/20 16:30:47.238, 7, 183.01 W, 29, 120 MHz, 3996 MHz, 0 %, 0 %
2026/09/20 16:30:48.238, 0, 1038.64 W, 65, 2017 MHz, 3996 MHz, 99 %, 57 %
2026/09/20 16:30:48.238, 1, 1036.92 W, 65, 2025 MHz, 3996 MHz, 99 %, 56 %
2026/09/20 16:30:48.238, 2, 1022.70 W, 56, 2032 MHz, 3996 MHz, 99 %, 56 %
2026/09/20 16:30:48.238, 3, 1019.50 W, 56, 2032 MHz, 3996 MHz, 99 %, 56 %
2026/09/20 16:30:48.238, 4, 183.25 W, 35, 120 MHz, 3996 MHz, 0 %, 0 %
2026/09/20 16:30:48.238, 5, 179.47 W, 32, 120 MHz, 3996 MHz, 0 %, 0 %
2026/09/20 16:30:48.238, 6, 180.17 W, 29, 120 MHz, 3996 MHz, 0 %, 0 %
2026/09/20 16:30:48.239, 7, 182.84 W, 29, 120 MHz, 3996 MHz, 0 %, 0 %
2026/09/20 16:30:49.239, 0, 1040.32 W, 64, 2032 MHz, 3996 MHz, 99 %, 56 %
2026/09/20 16:30:49.239, 1, 1042.25 W, 66, 2002 MHz, 3996 MHz, 99 %, 56 %
2026/09/20 16:30:49.239, 2, 1023.45 W, 56, 2032 MHz, 3996 MHz, 99 %, 56 %
2026/09/20 16:30:49.239, 3, 1024.47 W, 56, 2032 MHz, 3996 MHz, 99 %, 56 %
2026/09/20 16:30:49.239, 4, 183.25 W, 35, 120 MHz, 3996 MHz, 0 %, 0 %
2026/09/20 16:30:49.239, 5, 179.47 W, 33, 120 MHz, 3996 MHz, 0 %, 0 %
2026/09/20 16:30:49.239, 6, 180.17 W, 29, 120 MHz, 3996 MHz, 0 %, 0 %
2026/09/20 16:30:49.239, 7, 182.90 W, 29, 120 MHz, 3996 MHz, 0 %, 0 %
2026/09/20 16:30:50.239, 0, 1037.28 W, 65, 2032 MHz, 3996 MHz, 99 %, 57 %
2026/09/20 16:30:50.239, 1, 1042.00 W, 66, 2032 MHz, 3996 MHz, 99 %, 56 %
2026/09/20 16:30:50.239, 2, 1024.74 W, 55, 2032 MHz, 3996 MHz, 99 %, 56 %
2026/09/20 16:30:50.239, 3, 1022.74 W, 55, 2032 MHz, 3996 MHz, 99 %, 57 %
2026/09/20 16:30:50.239, 4, 183.25 W, 35, 120 MHz, 3996 MHz, 0 %, 0 %
2026/09/20 16:30:50.239, 5, 179.47 W, 32, 120 MHz, 3996 MHz, 0 %, 0 %
2026/09/20 16:30:50.239, 6, 180.17 W, 29, 120 MHz, 3996 MHz, 0 %, 0 %
2026/09/20 16:30:50.239, 7, 182.68 W, 29, 120 MHz, 3996 MHz, 0 %, 0 %
2026/09/20 16:30:51.239, 0, 967.18 W, 64, 2010 MHz, 3996 MHz, 99 %, 57 %
2026/09/20 16:30:51.239, 1, 937.98 W, 66, 2017 MHz, 3996 MHz, 99 %, 56 %
2026/09/20 16:30:51.239, 2, 953.34 W, 56, 2032 MHz, 3996 MHz, 99 %, 56 %
2026/09/20 16:30:51.239, 3, 953.21 W, 56, 2032 MHz, 3996 MHz, 99 %, 57 %
2026/09/20 16:30:51.239, 4, 183.25 W, 35, 120 MHz, 3996 MHz, 0 %, 0 %
2026/09/20 16:30:51.239, 5, 179.47 W, 32, 120 MHz, 3996 MHz, 0 %, 0 %
2026/09/20 16:30:51.239, 6, 180.17 W, 29, 120 MHz, 3996 MHz, 0 %, 0 %
2026/09/20 16:30:51.239, 7, 182.88 W, 29, 120 MHz, 3996 MHz, 0 %, 0 %
2026/09/20 16:30:52.239, 0, 968.34 W, 65, 2032 MHz, 3996 MHz, 99 %, 57 %
2026/09/20 16:30:52.240, 1, 969.16 W, 66, 2032 MHz, 3996 MHz, 99 %, 56 %
2026/09/20 16:30:52.240, 2, 951.53 W, 56, 2032 MHz, 3996 MHz, 99 %, 57 %
2026/09/20 16:30:52.240, 3, 899.95 W, 55, 2032 MHz, 3996 MHz, 99 %, 56 %
2026/09/20 16:30:52.240, 4, 183.25 W, 35, 120 MHz, 3996 MHz, 0 %, 0 %
2026/09/20 16:30:52.240, 5, 179.47 W, 32, 120 MHz, 3996 MHz, 0 %, 0 %
2026/09/20 16:30:52.240, 6, 180.17 W, 29, 120 MHz, 3996 MHz, 0 %, 0 %
2026/09/20 16:30:52.240, 7, 182.84 W, 29, 120 MHz, 3996 MHz, 0 %, 0 %
2026/09/20 16:30:53.240, 0, 894.86 W, 62, 2032 MHz, 3996 MHz, 100 %, 9 %
2026/09/20 16:30:53.240, 1, 913.42 W, 62, 2032 MHz, 3996 MHz, 29 %, 12 %
2026/09/20 16:30:53.240, 2, 915.99 W, 53, 2032 MHz, 3996 MHz, 99 %, 57 %
2026/09/20 16:30:53.240, 3, 907.54 W, 53, 2032 MHz, 3996 MHz, 100 %, 9 %
2026/09/20 16:30:53.240, 4, 183.25 W, 35, 120 MHz, 3996 MHz, 0 %, 0 %
2026/09/20 16:30:53.240, 5, 179.47 W, 32, 120 MHz, 3996 MHz, 0 %, 0 %
2026/09/20 16:30:53.240, 6, 180.17 W, 29, 120 MHz, 3996 MHz, 0 %, 0 %
2026/09/20 16:30:53.240, 7, 182.74 W, 29, 120 MHz, 3996 MHz, 0 %, 0 %
2026/09/20 16:30:54.240, 0, 846.95 W, 61, 2032 MHz, 3996 MHz, 100 %, 9 %
2026/09/20 16:30:54.240, 1, 833.11 W, 61, 2032 MHz, 3996 MHz, 29 %, 13 %
2026/09/20 16:30:54.240, 2, 880.19 W, 52, 2032 MHz, 3996 MHz, 95 %, 8 %
2026/09/20 16:30:54.240, 3, 876.41 W, 53, 2032 MHz, 3996 MHz, 100 %, 8 %
2026/09/20 16:30:54.240, 4, 183.25 W, 35, 120 MHz, 3996 MHz, 0 %, 0 %
2026/09/20 16:30:54.240, 5, 179.47 W, 32, 120 MHz, 3996 MHz, 0 %, 0 %
2026/09/20 16:30:54.240, 6, 180.17 W, 29, 120 MHz, 3996 MHz, 0 %, 0 %
2026/09/20 16:30:54.240, 7, 182.74 W, 29, 120 MHz, 3996 MHz, 0 %, 0 %
2026/09/20 16:30:55.240, 0, 760.62 W, 60, 2032 MHz, 3996 MHz, 100 %, 9 %
2026/09/20 16:30:55.240, 1, 785.36 W, 63, 2032 MHz, 3996 MHz, 100 %, 9 %
2026/09/20 16:30:55.240, 2, 769.48 W, 50, 2032 MHz, 3996 MHz, 87 %, 32 %
2026/09/20 16:30:55.240, 3, 799.64 W, 52, 2032 MHz, 3996 MHz, 100 %, 9 %
2026/09/20 16:30:55.240, 4, 183.25 W, 35, 120 MHz, 3996 MHz, 0 %, 0 %
2026/09/20 16:30:55.240, 5, 179.47 W, 32, 120 MHz, 3996 MHz, 0 %, 0 %
2026/09/20 16:30:55.241, 6, 180.17 W, 29, 120 MHz, 3996 MHz, 0 %, 0 %
2026/09/20 16:30:55.241, 7, 182.94 W, 29, 120 MHz, 3996 MHz, 0 %, 0 %
2026/09/20 16:30:56.241, 0, 740.03 W, 62, 2032 MHz, 3996 MHz, 100 %, 9 %
2026/09/20 16:30:56.241, 1, 744.95 W, 63, 2032 MHz, 3996 MHz, 100 %, 9 %
2026/09/20 16:30:56.241, 2, 753.75 W, 52, 2032 MHz, 3996 MHz, 95 %, 16 %
2026/09/20 16:30:56.241, 3, 698.38 W, 50, 2032 MHz, 3996 MHz, 29 %, 12 %
2026/09/20 16:30:56.241, 4, 183.25 W, 35, 120 MHz, 3996 MHz, 0 %, 0 %
2026/09/20 16:30:56.241, 5, 179.46 W, 32, 120 MHz, 3996 MHz, 0 %, 0 %
2026/09/20 16:30:56.241, 6, 180.17 W, 29, 120 MHz, 3996 MHz, 0 %, 0 %
2026/09/20 16:30:56.241, 7, 182.80 W, 29, 120 MHz, 3996 MHz, 0 %, 0 %
2026/09/20 16:30:57.241, 0, 769.55 W, 61, 2032 MHz, 3996 MHz, 39 %, 18 %
2026/09/20 16:30:57.241, 1, 795.57 W, 63, 2032 MHz, 3996 MHz, 100 %, 17 %
2026/09/20 16:30:57.241, 2, 812.18 W, 52, 2032 MHz, 3996 MHz, 90 %, 30 %
2026/09/20 16:30:57.241, 3, 802.10 W, 53, 2032 MHz, 3996 MHz, 100 %, 14 %
2026/09/20 16:30:57.241, 4, 183.25 W, 35, 120 MHz, 3996 MHz, 0 %, 0 %
2026/09/20 16:30:57.241, 5, 179.47 W, 32, 120 MHz, 3996 MHz, 0 %, 0 %
2026/09/20 16:30:57.241, 6, 180.17 W, 29, 120 MHz, 3996 MHz, 0 %, 0 %
2026/09/20 16:30:57.241, 7, 183.05 W, 29, 120 MHz, 3996 MHz, 0 %, 0 %
2026/09/20 16:30:58.241, 0, 707.13 W, 60, 2032 MHz, 3996 MHz, 72 %, 32 %
2026/09/20 16:30:58.241, 1, 768.95 W, 62, 2032 MHz, 3996 MHz, 95 %, 32 %
2026/09/20 16:30:58.241, 2, 789.99 W, 51, 2032 MHz, 3996 MHz, 100 %, 9 %
2026/09/20 16:30:58.241, 3, 795.07 W, 53, 2032 MHz, 3996 MHz, 95 %, 30 %
2026/09/20 16:30:58.241, 4, 183.25 W, 35, 120 MHz, 3996 MHz, 0 %, 0 %
2026/09/20 16:30:58.241, 5, 179.46 W, 32, 120 MHz, 3996 MHz, 0 %, 0 %
2026/09/20 16:30:58.241, 6, 180.17 W, 29, 120 MHz, 3996 MHz, 0 %, 0 %
2026/09/20 16:30:58.241, 7, 183.40 W, 29, 120 MHz, 3996 MHz, 0 %, 0 %
2026/09/20 16:30:59.242, 0, 848.67 W, 61, 2032 MHz, 3996 MHz, 100 %, 10 %
2026/09/20 16:30:59.242, 1, 820.42 W, 63, 2032 MHz, 3996 MHz, 100 %, 10 %
2026/09/20 16:30:59.242, 2, 760.58 W, 51, 2032 MHz, 3996 MHz, 57 %, 30 %
2026/09/20 16:30:59.242, 3, 822.97 W, 52, 2032 MHz, 3996 MHz, 96 %, 9 %
2026/09/20 16:30:59.242, 4, 183.25 W, 35, 120 MHz, 3996 MHz, 0 %, 0 %
2026/09/20 16:30:59.242, 5, 179.47 W, 32, 120 MHz, 3996 MHz, 0 %, 0 %
2026/09/20 16:30:59.242, 6, 180.17 W, 29, 120 MHz, 3996 MHz, 0 %, 0 %
2026/09/20 16:30:59.242, 7, 183.15 W, 29, 120 MHz, 3996 MHz, 0 %, 0 %
2026/09/20 16:31:00.242, 0, 767.37 W, 60, 2032 MHz, 3996 MHz, 60 %, 31 %
2026/09/20 16:31:00.242, 1, 786.68 W, 64, 2032 MHz, 3996 MHz, 98 %, 37 %
2026/09/20 16:31:00.242, 2, 752.49 W, 54, 2032 MHz, 3996 MHz, 95 %, 10 %
2026/09/20 16:31:00.242, 3, 798.52 W, 52, 2032 MHz, 3996 MHz, 99 %, 17 %
2026/09/20 16:31:00.242, 4, 183.25 W, 35, 120 MHz, 3996 MHz, 0 %, 0 %
2026/09/20 16:31:00.242, 5, 179.47 W, 32, 120 MHz, 3996 MHz, 0 %, 0 %
2026/09/20 16:31:00.242, 6, 180.17 W, 29, 120 MHz, 3996 MHz, 0 %, 0 %
2026/09/20 16:31:00.242, 7, 182.91 W, 29, 120 MHz, 3996 MHz, 0 %, 0 %
2026/09/20 16:31:01.242, 0, 796.38 W, 62, 2032 MHz, 3996 MHz, 99 %, 26 %
2026/09/20 16:31:01.242, 1, 769.12 W, 65, 2032 MHz, 3996 MHz, 99 %, 33 %
2026/09/20 16:31:01.242, 2, 724.78 W, 51, 2032 MHz, 3996 MHz, 44 %, 22 %
2026/09/20 16:31:01.242, 3, 753.17 W, 52, 2032 MHz, 3996 MHz, 40 %, 17 %
2026/09/20 16:31:01.242, 4, 183.25 W, 35, 120 MHz, 3996 MHz, 0 %, 0 %
2026/09/20 16:31:01.242, 5, 179.47 W, 32, 120 MHz, 3996 MHz, 0 %, 0 %
2026/09/20 16:31:01.242, 6, 180.17 W, 29, 120 MHz, 3996 MHz, 0 %, 0 %
2026/09/20 16:31:01.242, 7, 182.94 W, 29, 120 MHz, 3996 MHz, 0 %, 0 %
2026/09/20 16:31:02.242, 0, 776.28 W, 59, 2032 MHz, 3996 MHz, 28 %, 11 %
2026/09/20 16:31:02.242, 1, 832.67 W, 62, 2032 MHz, 3996 MHz, 95 %, 8 %
2026/09/20 16:31:02.242, 2, 775.45 W, 50, 2032 MHz, 3996 MHz, 39 %, 17 %
2026/09/20 16:31:02.242, 3, 805.37 W, 52, 2032 MHz, 3996 MHz, 100 %, 9 %
2026/09/20 16:31:02.242, 4, 183.25 W, 35, 120 MHz, 3996 MHz, 0 %, 0 %
2026/09/20 16:31:02.243, 5, 179.47 W, 32, 120 MHz, 3996 MHz, 0 %, 0 %
2026/09/20 16:31:02.243, 6, 180.17 W, 29, 120 MHz, 3996 MHz, 0 %, 0 %
2026/09/20 16:31:02.243, 7, 182.78 W, 29, 120 MHz, 3996 MHz, 0 %, 0 %
2026/09/20 16:31:03.243, 0, 748.02 W, 59, 2032 MHz, 3996 MHz, 58 %, 10 %
2026/09/20 16:31:03.243, 1, 798.56 W, 63, 2032 MHz, 3996 MHz, 95 %, 8 %
2026/09/20 16:31:03.243, 2, 676.32 W, 47, 2032 MHz, 3996 MHz, 27 %, 12 %
2026/09/20 16:31:03.243, 3, 725.04 W, 51, 2032 MHz, 3996 MHz, 95 %, 8 %
2026/09/20 16:31:03.243, 4, 183.25 W, 35, 120 MHz, 3996 MHz, 0 %, 0 %
2026/09/20 16:31:03.243, 5, 179.47 W, 32, 120 MHz, 3996 MHz, 0 %, 0 %
2026/09/20 16:31:03.243, 6, 180.17 W, 29, 120 MHz, 3996 MHz, 0 %, 0 %
2026/09/20 16:31:03.243, 7, 182.79 W, 29, 120 MHz, 3996 MHz, 0 %, 0 %
2026/09/20 16:31:04.243, 0, 758.93 W, 60, 2032 MHz, 3996 MHz, 50 %, 14 %
2026/09/20 16:31:04.243, 1, 775.82 W, 61, 2032 MHz, 3996 MHz, 100 %, 10 %
2026/09/20 16:31:04.243, 2, 758.28 W, 49, 2032 MHz, 3996 MHz, 100 %, 13 %
2026/09/20 16:31:04.243, 3, 753.80 W, 50, 2032 MHz, 3996 MHz, 100 %, 11 %
2026/09/20 16:31:04.243, 4, 183.25 W, 35, 120 MHz, 3996 MHz, 0 %, 0 %
2026/09/20 16:31:04.243, 5, 179.47 W, 32, 120 MHz, 3996 MHz, 0 %, 0 %
2026/09/20 16:31:04.243, 6, 180.17 W, 29, 120 MHz, 3996 MHz, 0 %, 0 %
2026/09/20 16:31:04.243, 7, 182.71 W, 29, 120 MHz, 3996 MHz, 0 %, 0 %
2026/09/20 16:31:05.243, 0, 815.32 W, 62, 2032 MHz, 3996 MHz, 95 %, 17 %
2026/09/20 16:31:05.243, 1, 838.22 W, 63, 2032 MHz, 3996 MHz, 95 %, 17 %
2026/09/20 16:31:05.243, 2, 760.78 W, 51, 2032 MHz, 3996 MHz, 99 %, 55 %
2026/09/20 16:31:05.243, 3, 791.01 W, 52, 2032 MHz, 3996 MHz, 52 %, 23 %
2026/09/20 16:31:05.243, 4, 183.21 W, 35, 120 MHz, 3996 MHz, 0 %, 0 %
2026/09/20 16:31:05.243, 5, 179.47 W, 32, 120 MHz, 3996 MHz, 0 %, 0 %
2026/09/20 16:31:05.243, 6, 180.17 W, 29, 120 MHz, 3996 MHz, 0 %, 0 %
2026/09/20 16:31:05.243, 7, 182.72 W, 29, 120 MHz, 3996 MHz, 0 %, 0 %
2026/09/20 16:31:06.244, 0, 743.63 W, 60, 2025 MHz, 3996 MHz, 70 %, 34 %
2026/09/20 16:31:06.244, 1, 784.58 W, 63, 2032 MHz, 3996 MHz, 94 %, 36 %
2026/09/20 16:31:06.244, 2, 716.89 W, 51, 2032 MHz, 3996 MHz, 100 %, 11 %
2026/09/20 16:31:06.244, 3, 782.82 W, 51, 2032 MHz, 3996 MHz, 100 %, 17 %
2026/09/20 16:31:06.244, 4, 183.17 W, 35, 120 MHz, 3996 MHz, 0 %, 0 %
2026/09/20 16:31:06.244, 5, 179.47 W, 32, 120 MHz, 3996 MHz, 0 %, 0 %
2026/09/20 16:31:06.244, 6, 180.17 W, 29, 120 MHz, 3996 MHz, 0 %, 0 %
2026/09/20 16:31:06.244, 7, 182.59 W, 29, 120 MHz, 3996 MHz, 0 %, 0 %
2026/09/20 16:31:07.244, 0, 745.16 W, 60, 2032 MHz, 3996 MHz, 98 %, 11 %
2026/09/20 16:31:07.244, 1, 842.60 W, 63, 2032 MHz, 3996 MHz, 100 %, 15 %
2026/09/20 16:31:07.244, 2, 769.47 W, 49, 2032 MHz, 3996 MHz, 99 %, 53 %
2026/09/20 16:31:07.244, 3, 781.52 W, 50, 2032 MHz, 3996 MHz, 95 %, 10 %
2026/09/20 16:31:07.244, 4, 183.17 W, 34, 120 MHz, 3996 MHz, 0 %, 0 %
2026/09/20 16:31:07.244, 5, 179.47 W, 32, 120 MHz, 3996 MHz, 0 %, 0 %
2026/09/20 16:31:07.244, 6, 180.17 W, 29, 120 MHz, 3996 MHz, 0 %, 0 %
2026/09/20 16:31:07.244, 7, 182.44 W, 29, 120 MHz, 3996 MHz, 0 %, 0 %
2026/09/20 16:31:08.244, 0, 803.54 W, 61, 2032 MHz, 3996 MHz, 100 %, 9 %
2026/09/20 16:31:08.244, 1, 805.04 W, 63, 2032 MHz, 3996 MHz, 100 %, 11 %
2026/09/20 16:31:08.244, 2, 755.39 W, 50, 2032 MHz, 3996 MHz, 100 %, 20 %
2026/09/20 16:31:08.244, 3, 738.64 W, 49, 2032 MHz, 3996 MHz, 28 %, 12 %
2026/09/20 16:31:08.244, 4, 183.21 W, 34, 120 MHz, 3996 MHz, 0 %, 0 %
2026/09/20 16:31:08.244, 5, 179.47 W, 32, 120 MHz, 3996 MHz, 0 %, 0 %
2026/09/20 16:31:08.244, 6, 180.17 W, 29, 120 MHz, 3996 MHz, 0 %, 0 %
2026/09/20 16:31:08.244, 7, 182.55 W, 29, 120 MHz, 3996 MHz, 0 %, 0 %
2026/09/20 16:31:09.244, 0, 832.29 W, 62, 2032 MHz, 3996 MHz, 99 %, 50 %
2026/09/20 16:31:09.244, 1, 804.96 W, 64, 2032 MHz, 3996 MHz, 99 %, 54 %
2026/09/20 16:31:09.244, 2, 793.63 W, 52, 2032 MHz, 3996 MHz, 43 %, 15 %
2026/09/20 16:31:09.244, 3, 755.57 W, 52, 2032 MHz, 3996 MHz, 98 %, 37 %
2026/09/20 16:31:09.245, 4, 183.09 W, 34, 120 MHz, 3996 MHz, 0 %, 0 %
2026/09/20 16:31:09.245, 5, 179.47 W, 32, 120 MHz, 3996 MHz, 0 %, 0 %
2026/09/20 16:31:09.245, 6, 180.17 W, 29, 120 MHz, 3996 MHz, 0 %, 0 %
2026/09/20 16:31:09.245, 7, 182.29 W, 29, 120 MHz, 3996 MHz, 0 %, 0 %
2026/09/20 16:31:10.245, 0, 746.07 W, 62, 2032 MHz, 3996 MHz, 96 %, 20 %
2026/09/20 16:31:10.245, 1, 798.58 W, 63, 2032 MHz, 3996 MHz, 95 %, 17 %
2026/09/20 16:31:10.245, 2, 702.26 W, 49, 2032 MHz, 3996 MHz, 95 %, 37 %
2026/09/20 16:31:10.245, 3, 786.80 W, 49, 2032 MHz, 3996 MHz, 71 %, 36 %
2026/09/20 16:31:10.245, 4, 183.13 W, 34, 120 MHz, 3996 MHz, 0 %, 0 %
2026/09/20 16:31:10.245, 5, 179.47 W, 32, 120 MHz, 3996 MHz, 0 %, 0 %
2026/09/20 16:31:10.245, 6, 180.17 W, 29, 120 MHz, 3996 MHz, 0 %, 0 %
2026/09/20 16:31:10.245, 7, 182.36 W, 29, 120 MHz, 3996 MHz, 0 %, 0 %
2026/09/20 16:31:11.245, 0, 792.97 W, 63, 2032 MHz, 3996 MHz, 99 %, 54 %
2026/09/20 16:31:11.245, 1, 814.67 W, 63, 2032 MHz, 3996 MHz, 99 %, 54 %
2026/09/20 16:31:11.245, 2, 825.05 W, 52, 2032 MHz, 3996 MHz, 100 %, 9 %
2026/09/20 16:31:11.245, 3, 819.92 W, 53, 2032 MHz, 3996 MHz, 99 %, 54 %
2026/09/20 16:31:11.245, 4, 182.98 W, 34, 120 MHz, 3996 MHz, 0 %, 0 %
2026/09/20 16:31:11.245, 5, 179.47 W, 32, 120 MHz, 3996 MHz, 0 %, 0 %
2026/09/20 16:31:11.245, 6, 180.17 W, 29, 120 MHz, 3996 MHz, 0 %, 0 %
2026/09/20 16:31:11.245, 7, 182.29 W, 29, 120 MHz, 3996 MHz, 0 %, 0 %
2026/09/20 16:31:12.245, 0, 786.62 W, 60, 2032 MHz, 3996 MHz, 94 %, 31 %
2026/09/20 16:31:12.245, 1, 862.98 W, 62, 2032 MHz, 3996 MHz, 95 %, 27 %
2026/09/20 16:31:12.245, 2, 817.32 W, 48, 2032 MHz, 3996 MHz, 74 %, 35 %
2026/09/20 16:31:12.245, 3, 771.63 W, 52, 2032 MHz, 3996 MHz, 72 %, 31 %
2026/09/20 16:31:12.245, 4, 183.02 W, 34, 120 MHz, 3996 MHz, 0 %, 0 %
2026/09/20 16:31:12.245, 5, 179.46 W, 32, 120 MHz, 3996 MHz, 0 %, 0 %
2026/09/20 16:31:12.245, 6, 180.17 W, 29, 120 MHz, 3996 MHz, 0 %, 0 %
2026/09/20 16:31:12.245, 7, 182.28 W, 29, 120 MHz, 3996 MHz, 0 %, 0 %
2026/09/20 16:31:13.246, 0, 814.97 W, 63, 2032 MHz, 3996 MHz, 99 %, 54 %
2026/09/20 16:31:13.246, 1, 800.49 W, 63, 2032 MHz, 3996 MHz, 99 %, 54 %
2026/09/20 16:31:13.246, 2, 806.96 W, 52, 2032 MHz, 3996 MHz, 100 %, 8 %
2026/09/20 16:31:13.246, 3, 834.61 W, 52, 2032 MHz, 3996 MHz, 99 %, 54 %
2026/09/20 16:31:13.246, 4, 182.86 W, 34, 120 MHz, 3996 MHz, 0 %, 0 %
2026/09/20 16:31:13.246, 5, 179.47 W, 32, 120 MHz, 3996 MHz, 0 %, 0 %
2026/09/20 16:31:13.246, 6, 180.17 W, 29, 120 MHz, 3996 MHz, 0 %, 0 %
2026/09/20 16:31:13.246, 7, 182.36 W, 29, 120 MHz, 3996 MHz, 0 %, 0 %
2026/09/20 16:31:14.246, 0, 828.49 W, 61, 2032 MHz, 3996 MHz, 100 %, 42 %
2026/09/20 16:31:14.246, 1, 879.61 W, 64, 2032 MHz, 3996 MHz, 99 %, 51 %
2026/09/20 16:31:14.246, 2, 784.19 W, 52, 2032 MHz, 3996 MHz, 95 %, 25 %
2026/09/20 16:31:14.246, 3, 843.93 W, 53, 2032 MHz, 3996 MHz, 100 %, 27 %
2026/09/20 16:31:14.246, 4, 183.02 W, 34, 120 MHz, 3996 MHz, 0 %, 0 %
2026/09/20 16:31:14.246, 5, 179.46 W, 32, 120 MHz, 3996 MHz, 0 %, 0 %
2026/09/20 16:31:14.246, 6, 180.17 W, 29, 120 MHz, 3996 MHz, 0 %, 0 %
2026/09/20 16:31:14.246, 7, 182.25 W, 29, 120 MHz, 3996 MHz, 0 %, 0 %
2026/09/20 16:31:15.246, 0, 831.21 W, 63, 2032 MHz, 3996 MHz, 95 %, 52 %
2026/09/20 16:31:15.246, 1, 738.22 W, 62, 2032 MHz, 3996 MHz, 95 %, 42 %
2026/09/20 16:31:15.246, 2, 733.56 W, 51, 2032 MHz, 3996 MHz, 100 %, 14 %
2026/09/20 16:31:15.246, 3, 785.41 W, 52, 2032 MHz, 3996 MHz, 99 %, 54 %
2026/09/20 16:31:15.246, 4, 182.78 W, 34, 120 MHz, 3996 MHz, 0 %, 0 %
2026/09/20 16:31:15.246, 5, 179.47 W, 32, 120 MHz, 3996 MHz, 0 %, 0 %
2026/09/20 16:31:15.246, 6, 180.17 W, 29, 120 MHz, 3996 MHz, 0 %, 0 %
2026/09/20 16:31:15.246, 7, 182.21 W, 29, 120 MHz, 3996 MHz, 0 %, 0 %
2026/09/20 16:31:16.246, 0, 931.83 W, 64, 2032 MHz, 3996 MHz, 95 %, 37 %
2026/09/20 16:31:16.246, 1, 888.77 W, 64, 2032 MHz, 3996 MHz, 100 %, 33 %
2026/09/20 16:31:16.246, 2, 890.81 W, 54, 2025 MHz, 3996 MHz, 99 %, 55 %
2026/09/20 16:31:16.246, 3, 852.90 W, 51, 2032 MHz, 3996 MHz, 100 %, 12 %
2026/09/20 16:31:16.246, 4, 182.63 W, 34, 120 MHz, 3996 MHz, 0 %, 0 %
2026/09/20 16:31:16.247, 5, 179.46 W, 32, 120 MHz, 3996 MHz, 0 %, 0 %
2026/09/20 16:31:16.247, 6, 180.17 W, 29, 120 MHz, 3996 MHz, 0 %, 0 %
2026/09/20 16:31:16.247, 7, 182.32 W, 29, 120 MHz, 3996 MHz, 0 %, 0 %
2026/09/20 16:31:17.247, 0, 985.97 W, 64, 2032 MHz, 3996 MHz, 99 %, 55 %
2026/09/20 16:31:17.247, 1, 985.52 W, 66, 2032 MHz, 3996 MHz, 99 %, 55 %
2026/09/20 16:31:17.247, 2, 945.90 W, 52, 2032 MHz, 3996 MHz, 99 %, 55 %
2026/09/20 16:31:17.247, 3, 971.70 W, 54, 2032 MHz, 3996 MHz, 99 %, 55 %
2026/09/20 16:31:17.247, 4, 182.82 W, 34, 120 MHz, 3996 MHz, 0 %, 0 %
2026/09/20 16:31:17.247, 5, 179.46 W, 32, 120 MHz, 3996 MHz, 0 %, 0 %
2026/09/20 16:31:17.247, 6, 180.17 W, 29, 120 MHz, 3996 MHz, 0 %, 0 %
2026/09/20 16:31:17.247, 7, 182.25 W, 29, 120 MHz, 3996 MHz, 0 %, 0 %
2026/09/20 16:31:18.247, 0, 987.64 W, 63, 2017 MHz, 3996 MHz, 99 %, 56 %
2026/09/20 16:31:18.247, 1, 970.86 W, 66, 2025 MHz, 3996 MHz, 99 %, 56 %
2026/09/20 16:31:18.247, 2, 949.71 W, 54, 2032 MHz, 3996 MHz, 99 %, 56 %
2026/09/20 16:31:18.247, 3, 939.22 W, 54, 2032 MHz, 3996 MHz, 99 %, 56 %
2026/09/20 16:31:18.247, 4, 182.83 W, 34, 120 MHz, 3996 MHz, 0 %, 0 %
2026/09/20 16:31:18.247, 5, 179.47 W, 32, 120 MHz, 3996 MHz, 0 %, 0 %
2026/09/20 16:31:18.247, 6, 180.17 W, 29, 120 MHz, 3996 MHz, 0 %, 0 %
2026/09/20 16:31:18.247, 7, 182.36 W, 29, 120 MHz, 3996 MHz, 0 %, 0 %
2026/09/20 16:31:19.247, 0, 1037.29 W, 64, 2010 MHz, 3996 MHz, 99 %, 55 %
2026/09/20 16:31:19.247, 1, 1039.23 W, 66, 2002 MHz, 3996 MHz, 100 %, 55 %
2026/09/20 16:31:19.247, 2, 1017.61 W, 53, 2032 MHz, 3996 MHz, 99 %, 56 %
2026/09/20 16:31:19.247, 3, 1013.24 W, 54, 2032 MHz, 3996 MHz, 99 %, 56 %
2026/09/20 16:31:19.247, 4, 182.86 W, 34, 120 MHz, 3996 MHz, 0 %, 0 %
2026/09/20 16:31:19.247, 5, 179.47 W, 32, 120 MHz, 3996 MHz, 0 %, 0 %
2026/09/20 16:31:19.247, 6, 180.17 W, 29, 120 MHz, 3996 MHz, 0 %, 0 %
2026/09/20 16:31:19.247, 7, 182.13 W, 29, 120 MHz, 3996 MHz, 0 %, 0 %
2026/09/20 16:31:20.248, 0, 1040.28 W, 65, 2010 MHz, 3996 MHz, 99 %, 56 %
2026/09/20 16:31:20.248, 1, 1036.21 W, 65, 2032 MHz, 3996 MHz, 99 %, 56 %
2026/09/20 16:31:20.248, 2, 1019.98 W, 54, 2032 MHz, 3996 MHz, 99 %, 56 %
2026/09/20 16:31:20.248, 3, 1013.43 W, 54, 2032 MHz, 3996 MHz, 99 %, 56 %
2026/09/20 16:31:20.248, 4, 182.54 W, 34, 120 MHz, 3996 MHz, 0 %, 0 %
2026/09/20 16:31:20.248, 5, 179.46 W, 32, 120 MHz, 3996 MHz, 0 %, 0 %
2026/09/20 16:31:20.248, 6, 180.17 W, 29, 120 MHz, 3996 MHz, 0 %, 0 %
2026/09/20 16:31:20.248, 7, 182.28 W, 29, 120 MHz, 3996 MHz, 0 %, 0 %
2026/09/20 16:31:21.248, 0, 1040.73 W, 65, 2002 MHz, 3996 MHz, 99 %, 56 %
2026/09/20 16:31:21.248, 1, 1040.34 W, 66, 2017 MHz, 3996 MHz, 100 %, 56 %
2026/09/20 16:31:21.248, 2, 1022.48 W, 54, 2032 MHz, 3996 MHz, 99 %, 56 %
2026/09/20 16:31:21.248, 3, 1020.18 W, 55, 2032 MHz, 3996 MHz, 99 %, 56 %
2026/09/20 16:31:21.248, 4, 182.56 W, 34, 120 MHz, 3996 MHz, 0 %, 0 %
2026/09/20 16:31:21.248, 5, 179.47 W, 32, 120 MHz, 3996 MHz, 0 %, 0 %
2026/09/20 16:31:21.248, 6, 180.16 W, 29, 120 MHz, 3996 MHz, 0 %, 0 %
2026/09/20 16:31:21.248, 7, 182.17 W, 29, 120 MHz, 3996 MHz, 0 %, 0 %
2026/09/20 16:31:22.248, 0, 1039.61 W, 65, 2010 MHz, 3996 MHz, 99 %, 56 %
2026/09/20 16:31:22.248, 1, 1040.95 W, 66, 2025 MHz, 3996 MHz, 99 %, 56 %
2026/09/20 16:31:22.248, 2, 1021.65 W, 54, 2032 MHz, 3996 MHz, 99 %, 56 %
2026/09/20 16:31:22.248, 3, 1019.37 W, 55, 2032 MHz, 3996 MHz, 99 %, 56 %
2026/09/20 16:31:22.248, 4, 182.19 W, 34, 120 MHz, 3996 MHz, 0 %, 0 %
2026/09/20 16:31:22.248, 5, 179.46 W, 32, 120 MHz, 3996 MHz, 0 %, 0 %
2026/09/20 16:31:22.248, 6, 180.17 W, 29, 120 MHz, 3996 MHz, 0 %, 0 %
2026/09/20 16:31:22.248, 7, 182.21 W, 29, 120 MHz, 3996 MHz, 0 %, 0 %
2026/09/20 16:31:23.248, 0, 977.80 W, 65, 2010 MHz, 3996 MHz, 99 %, 56 %
2026/09/20 16:31:23.248, 1, 919.96 W, 66, 2032 MHz, 3996 MHz, 100 %, 44 %
2026/09/20 16:31:23.248, 2, 946.19 W, 54, 2032 MHz, 3996 MHz, 99 %, 57 %
2026/09/20 16:31:23.248, 3, 924.16 W, 53, 2025 MHz, 3996 MHz, 54 %, 25 %
2026/09/20 16:31:23.248, 4, 182.20 W, 34, 120 MHz, 3996 MHz, 0 %, 0 %
2026/09/20 16:31:23.249, 5, 179.46 W, 32, 120 MHz, 3996 MHz, 0 %, 0 %
2026/09/20 16:31:23.249, 6, 180.17 W, 29, 120 MHz, 3996 MHz, 0 %, 0 %
2026/09/20 16:31:23.249, 7, 182.13 W, 29, 120 MHz, 3996 MHz, 0 %, 0 %
2026/09/20 16:31:24.249, 0, 988.16 W, 65, 2032 MHz, 3996 MHz, 99 %, 56 %
2026/09/20 16:31:24.249, 1, 994.47 W, 66, 2025 MHz, 3996 MHz, 99 %, 56 %
2026/09/20 16:31:24.249, 2, 972.07 W, 54, 2032 MHz, 3996 MHz, 99 %, 57 %
2026/09/20 16:31:24.249, 3, 955.40 W, 55, 2032 MHz, 3996 MHz, 99 %, 56 %
2026/09/20 16:31:24.249, 4, 181.96 W, 34, 120 MHz, 3996 MHz, 0 %, 0 %
2026/09/20 16:31:24.249, 5, 179.47 W, 32, 120 MHz, 3996 MHz, 0 %, 0 %
2026/09/20 16:31:24.249, 6, 180.17 W, 29, 120 MHz, 3996 MHz, 0 %, 0 %
2026/09/20 16:31:24.249, 7, 182.17 W, 29, 120 MHz, 3996 MHz, 0 %, 0 %
2026/09/20 16:31:25.249, 0, 1021.94 W, 65, 2025 MHz, 3996 MHz, 99 %, 31 %
2026/09/20 16:31:25.249, 1, 1015.69 W, 66, 2010 MHz, 3996 MHz, 100 %, 47 %
2026/09/20 16:31:25.249, 2, 976.71 W, 54, 2032 MHz, 3996 MHz, 58 %, 20 %
2026/09/20 16:31:25.249, 3, 970.66 W, 53, 2032 MHz, 3996 MHz, 100 %, 24 %
2026/09/20 16:31:25.249, 4, 182.08 W, 34, 120 MHz, 3996 MHz, 0 %, 0 %
2026/09/20 16:31:25.249, 5, 179.47 W, 32, 120 MHz, 3996 MHz, 0 %, 0 %
2026/09/20 16:31:25.249, 6, 180.17 W, 29, 120 MHz, 3996 MHz, 0 %, 0 %
2026/09/20 16:31:25.249, 7, 182.21 W, 29, 120 MHz, 3996 MHz, 0 %, 0 %
2026/09/20 16:31:26.249, 0, 860.60 W, 62, 2010 MHz, 3996 MHz, 97 %, 9 %
2026/09/20 16:31:26.249, 1, 809.04 W, 62, 2032 MHz, 3996 MHz, 100 %, 11 %
2026/09/20 16:31:26.249, 2, 793.43 W, 50, 2032 MHz, 3996 MHz, 95 %, 12 %
2026/09/20 16:31:26.249, 3, 776.17 W, 51, 2032 MHz, 3996 MHz, 100 %, 11 %
2026/09/20 16:31:26.249, 4, 182.08 W, 34, 120 MHz, 3996 MHz, 0 %, 0 %
2026/09/20 16:31:26.249, 5, 179.47 W, 32, 120 MHz, 3996 MHz, 0 %, 0 %
2026/09/20 16:31:26.249, 6, 180.17 W, 29, 120 MHz, 3996 MHz, 0 %, 0 %
2026/09/20 16:31:26.249, 7, 182.13 W, 29, 120 MHz, 3996 MHz, 0 %, 0 %
2026/09/20 16:31:27.249, 0, 833.52 W, 62, 2032 MHz, 3996 MHz, 100 %, 31 %
2026/09/20 16:31:27.249, 1, 820.55 W, 61, 2032 MHz, 3996 MHz, 64 %, 35 %
2026/09/20 16:31:27.250, 2, 749.99 W, 48, 2032 MHz, 3996 MHz, 100 %, 26 %
2026/09/20 16:31:27.250, 3, 789.92 W, 52, 2032 MHz, 3996 MHz, 95 %, 54 %
2026/09/20 16:31:27.250, 4, 182.10 W, 34, 120 MHz, 3996 MHz, 0 %, 0 %
2026/09/20 16:31:27.250, 5, 179.46 W, 32, 120 MHz, 3996 MHz, 0 %, 0 %
2026/09/20 16:31:27.250, 6, 180.17 W, 29, 120 MHz, 3996 MHz, 0 %, 0 %
2026/09/20 16:31:27.250, 7, 182.17 W, 29, 120 MHz, 3996 MHz, 0 %, 0 %
2026/09/20 16:31:28.250, 0, 953.73 W, 62, 2032 MHz, 3996 MHz, 100 %, 9 %
2026/09/20 16:31:28.250, 1, 915.44 W, 62, 2032 MHz, 3996 MHz, 100 %, 8 %
2026/09/20 16:31:28.250, 2, 873.57 W, 49, 2032 MHz, 3996 MHz, 100 %, 9 %
2026/09/20 16:31:28.250, 3, 892.71 W, 51, 2032 MHz, 3996 MHz, 100 %, 9 %
2026/09/20 16:31:28.250, 4, 181.85 W, 34, 120 MHz, 3996 MHz, 0 %, 0 %
2026/09/20 16:31:28.250, 5, 179.47 W, 32, 120 MHz, 3996 MHz, 0 %, 0 %
2026/09/20 16:31:28.250, 6, 180.17 W, 29, 120 MHz, 3996 MHz, 0 %, 0 %
2026/09/20 16:31:28.250, 7, 182.29 W, 29, 120 MHz, 3996 MHz, 0 %, 0 %
2026/09/20 16:31:29.250, 0, 854.34 W, 61, 2032 MHz, 3996 MHz, 100 %, 35 %
2026/09/20 16:31:29.250, 1, 860.67 W, 63, 2032 MHz, 3996 MHz, 95 %, 22 %
2026/09/20 16:31:29.250, 2, 761.83 W, 48, 2032 MHz, 3996 MHz, 26 %, 12 %
2026/09/20 16:31:29.250, 3, 793.78 W, 52, 2032 MHz, 3996 MHz, 95 %, 45 %
2026/09/20 16:31:29.250, 4, 181.92 W, 34, 120 MHz, 3996 MHz, 0 %, 0 %
2026/09/20 16:31:29.250, 5, 179.46 W, 32, 120 MHz, 3996 MHz, 0 %, 0 %
2026/09/20 16:31:29.250, 6, 180.17 W, 29, 120 MHz, 3996 MHz, 0 %, 0 %
2026/09/20 16:31:29.250, 7, 182.13 W, 29, 120 MHz, 3996 MHz, 0 %, 0 %
2026/09/20 16:31:30.250, 0, 854.26 W, 62, 2032 MHz, 3996 MHz, 96 %, 11 %
2026/09/20 16:31:30.250, 1, 867.09 W, 65, 2032 MHz, 3996 MHz, 99 %, 56 %
2026/09/20 16:31:30.250, 2, 779.02 W, 52, 2032 MHz, 3996 MHz, 99 %, 56 %
2026/09/20 16:31:30.250, 3, 785.63 W, 53, 2032 MHz, 3996 MHz, 99 %, 57 %
2026/09/20 16:31:30.250, 4, 181.76 W, 34, 120 MHz, 3996 MHz, 0 %, 0 %
2026/09/20 16:31:30.250, 5, 179.47 W, 32, 120 MHz, 3996 MHz, 0 %, 0 %
2026/09/20 16:31:30.250, 6, 180.16 W, 29, 120 MHz, 3996 MHz, 0 %, 0 %
2026/09/20 16:31:30.251, 7, 182.17 W, 29, 120 MHz, 3996 MHz, 0 %, 0 %
2026/09/20 16:31:31.251, 0, 928.25 W, 62, 2032 MHz, 3996 MHz, 96 %, 9 %
2026/09/20 16:31:31.251, 1, 896.62 W, 63, 2032 MHz, 3996 MHz, 95 %, 17 %
2026/09/20 16:31:31.251, 2, 793.96 W, 48, 2032 MHz, 3996 MHz, 28 %, 12 %
2026/09/20 16:31:31.251, 3, 848.01 W, 52, 2017 MHz, 3996 MHz, 93 %, 36 %
2026/09/20 16:31:31.251, 4, 181.88 W, 34, 120 MHz, 3996 MHz, 0 %, 0 %
2026/09/20 16:31:31.251, 5, 179.46 W, 31, 120 MHz, 3996 MHz, 0 %, 0 %
2026/09/20 16:31:31.251, 6, 180.17 W, 29, 120 MHz, 3996 MHz, 0 %, 0 %
2026/09/20 16:31:31.251, 7, 182.25 W, 29, 120 MHz, 3996 MHz, 0 %, 0 %
2026/09/20 16:31:32.251, 0, 843.28 W, 61, 2032 MHz, 3996 MHz, 95 %, 33 %
2026/09/20 16:31:32.251, 1, 794.23 W, 60, 2032 MHz, 3996 MHz, 27 %, 12 %
2026/09/20 16:31:32.251, 2, 744.41 W, 49, 2032 MHz, 3996 MHz, 100 %, 8 %
2026/09/20 16:31:32.251, 3, 763.58 W, 50, 2032 MHz, 3996 MHz, 95 %, 26 %
2026/09/20 16:31:32.251, 4, 181.70 W, 34, 120 MHz, 3996 MHz, 0 %, 0 %
2026/09/20 16:31:32.251, 5, 179.46 W, 31, 120 MHz, 3996 MHz, 0 %, 0 %
2026/09/20 16:31:32.251, 6, 180.16 W, 29, 120 MHz, 3996 MHz, 0 %, 0 %
2026/09/20 16:31:32.251, 7, 182.13 W, 29, 120 MHz, 3996 MHz, 0 %, 0 %
2026/09/20 16:31:33.251, 0, 865.65 W, 62, 2032 MHz, 3996 MHz, 95 %, 33 %
2026/09/20 16:31:33.251, 1, 827.03 W, 63, 2032 MHz, 3996 MHz, 53 %, 23 %
2026/09/20 16:31:33.251, 2, 794.81 W, 49, 2032 MHz, 3996 MHz, 100 %, 16 %
2026/09/20 16:31:33.251, 3, 835.83 W, 51, 2032 MHz, 3996 MHz, 100 %, 20 %
2026/09/20 16:31:33.251, 4, 181.38 W, 34, 120 MHz, 3996 MHz, 0 %, 0 %
2026/09/20 16:31:33.251, 5, 179.47 W, 31, 120 MHz, 3996 MHz, 0 %, 0 %
2026/09/20 16:31:33.251, 6, 180.16 W, 29, 120 MHz, 3996 MHz, 0 %, 0 %
2026/09/20 16:31:33.251, 7, 182.17 W, 29, 120 MHz, 3996 MHz, 0 %, 0 %
2026/09/20 16:31:34.251, 0, 847.21 W, 61, 2032 MHz, 3996 MHz, 87 %, 17 %
2026/09/20 16:31:34.251, 1, 824.24 W, 63, 2032 MHz, 3996 MHz, 100 %, 27 %
2026/09/20 16:31:34.252, 2, 801.83 W, 49, 2032 MHz, 3996 MHz, 57 %, 29 %
2026/09/20 16:31:34.252, 3, 784.84 W, 49, 2032 MHz, 3996 MHz, 28 %, 12 %
2026/09/20 16:31:34.252, 4, 181.57 W, 34, 120 MHz, 3996 MHz, 0 %, 0 %
2026/09/20 16:31:34.252, 5, 179.46 W, 31, 120 MHz, 3996 MHz, 0 %, 0 %
2026/09/20 16:31:34.252, 6, 180.17 W, 29, 120 MHz, 3996 MHz, 0 %, 0 %
2026/09/20 16:31:34.252, 7, 182.17 W, 29, 120 MHz, 3996 MHz, 0 %, 0 %
2026/09/20 16:31:35.252, 0, 831.50 W, 61, 2032 MHz, 3996 MHz, 95 %, 32 %
2026/09/20 16:31:35.252, 1, 772.69 W, 60, 2032 MHz, 3996 MHz, 36 %, 15 %
2026/09/20 16:31:35.252, 2, 735.09 W, 49, 2032 MHz, 3996 MHz, 100 %, 13 %
2026/09/20 16:31:35.252, 3, 765.68 W, 49, 2032 MHz, 3996 MHz, 96 %, 10 %
2026/09/20 16:31:35.252, 4, 181.53 W, 34, 120 MHz, 3996 MHz, 0 %, 0 %
2026/09/20 16:31:35.252, 5, 179.47 W, 31, 120 MHz, 3996 MHz, 0 %, 0 %
2026/09/20 16:31:35.252, 6, 180.16 W, 29, 120 MHz, 3996 MHz, 0 %, 0 %
2026/09/20 16:31:35.252, 7, 182.17 W, 29, 120 MHz, 3996 MHz, 0 %, 0 %
2026/09/20 16:31:36.252, 0, 799.97 W, 61, 2032 MHz, 3996 MHz, 97 %, 8 %
2026/09/20 16:31:36.252, 1, 761.68 W, 61, 2032 MHz, 3996 MHz, 100 %, 9 %
2026/09/20 16:31:36.252, 2, 665.62 W, 47, 2032 MHz, 3996 MHz, 26 %, 12 %
2026/09/20 16:31:36.252, 3, 736.24 W, 50, 2032 MHz, 3996 MHz, 96 %, 9 %
2026/09/20 16:31:36.252, 4, 181.65 W, 34, 120 MHz, 3996 MHz, 0 %, 0 %
2026/09/20 16:31:36.252, 5, 179.47 W, 31, 120 MHz, 3996 MHz, 0 %, 0 %
2026/09/20 16:31:36.252, 6, 180.16 W, 29, 120 MHz, 3996 MHz, 0 %, 0 %
2026/09/20 16:31:36.252, 7, 182.17 W, 29, 120 MHz, 3996 MHz, 0 %, 0 %
2026/09/20 16:31:37.252, 0, 775.28 W, 60, 2032 MHz, 3996 MHz, 100 %, 9 %
2026/09/20 16:31:37.252, 1, 724.86 W, 60, 2032 MHz, 3996 MHz, 96 %, 9 %
2026/09/20 16:31:37.252, 2, 690.44 W, 48, 2032 MHz, 3996 MHz, 78 %, 9 %
2026/09/20 16:31:37.252, 3, 726.83 W, 49, 2032 MHz, 3996 MHz, 100 %, 8 %
2026/09/20 16:31:37.252, 4, 181.60 W, 33, 120 MHz, 3996 MHz, 0 %, 0 %
2026/09/20 16:31:37.252, 5, 179.47 W, 31, 120 MHz, 3996 MHz, 0 %, 0 %
2026/09/20 16:31:37.253, 6, 180.16 W, 29, 120 MHz, 3996 MHz, 0 %, 0 %
2026/09/20 16:31:37.253, 7, 182.13 W, 29, 120 MHz, 3996 MHz, 0 %, 0 %
2026/09/20 16:31:38.253, 0, 807.29 W, 62, 2032 MHz, 3996 MHz, 31 %, 14 %
2026/09/20 16:31:38.253, 1, 822.10 W, 63, 2032 MHz, 3996 MHz, 98 %, 35 %
2026/09/20 16:31:38.253, 2, 777.21 W, 52, 2032 MHz, 3996 MHz, 95 %, 21 %
2026/09/20 16:31:38.253, 3, 735.55 W, 50, 2032 MHz, 3996 MHz, 100 %, 14 %
2026/09/20 16:31:38.253, 4, 181.57 W, 33, 120 MHz, 3996 MHz, 0 %, 0 %
2026/09/20 16:31:38.253, 5, 179.47 W, 31, 120 MHz, 3996 MHz, 0 %, 0 %
2026/09/20 16:31:38.253, 6, 180.17 W, 29, 120 MHz, 3996 MHz, 0 %, 0 %
2026/09/20 16:31:38.253, 7, 182.17 W, 29, 120 MHz, 3996 MHz, 0 %, 0 %
2026/09/20 16:31:39.253, 0, 854.62 W, 63, 2032 MHz, 3996 MHz, 75 %, 41 %
2026/09/20 16:31:39.253, 1, 855.62 W, 64, 2032 MHz, 3996 MHz, 100 %, 35 %
2026/09/20 16:31:39.253, 2, 807.22 W, 54, 2017 MHz, 3996 MHz, 99 %, 56 %
2026/09/20 16:31:39.253, 3, 795.24 W, 50, 2032 MHz, 3996 MHz, 64 %, 19 %
2026/09/20 16:31:39.253, 4, 181.34 W, 33, 120 MHz, 3996 MHz, 0 %, 0 %
2026/09/20 16:31:39.253, 5, 179.46 W, 31, 120 MHz, 3996 MHz, 0 %, 0 %
2026/09/20 16:31:39.253, 6, 180.17 W, 29, 120 MHz, 3996 MHz, 0 %, 0 %
2026/09/20 16:31:39.253, 7, 182.13 W, 29, 120 MHz, 3996 MHz, 0 %, 0 %
2026/09/20 16:31:40.253, 0, 803.22 W, 61, 2032 MHz, 3996 MHz, 100 %, 49 %
2026/09/20 16:31:40.253, 1, 833.43 W, 62, 2032 MHz, 3996 MHz, 96 %, 9 %
2026/09/20 16:31:40.253, 2, 778.16 W, 50, 2032 MHz, 3996 MHz, 100 %, 8 %
2026/09/20 16:31:40.253, 3, 725.65 W, 47, 2032 MHz, 3996 MHz, 65 %, 10 %
2026/09/20 16:31:40.253, 4, 181.34 W, 33, 120 MHz, 3996 MHz, 0 %, 0 %
2026/09/20 16:31:40.253, 5, 179.47 W, 31, 120 MHz, 3996 MHz, 0 %, 0 %
2026/09/20 16:31:40.253, 6, 180.16 W, 29, 120 MHz, 3996 MHz, 0 %, 0 %
2026/09/20 16:31:40.253, 7, 182.13 W, 29, 120 MHz, 3996 MHz, 0 %, 0 %
2026/09/20 16:31:41.254, 0, 803.17 W, 60, 2032 MHz, 3996 MHz, 95 %, 35 %
2026/09/20 16:31:41.254, 1, 791.91 W, 62, 2032 MHz, 3996 MHz, 94 %, 17 %
2026/09/20 16:31:41.254, 2, 736.98 W, 48, 2032 MHz, 3996 MHz, 34 %, 15 %
2026/09/20 16:31:41.254, 3, 760.40 W, 49, 2032 MHz, 3996 MHz, 95 %, 36 %
2026/09/20 16:31:41.254, 4, 181.34 W, 33, 120 MHz, 3996 MHz, 0 %, 0 %
2026/09/20 16:31:41.254, 5, 179.47 W, 31, 120 MHz, 3996 MHz, 0 %, 0 %
2026/09/20 16:31:41.254, 6, 180.16 W, 29, 120 MHz, 3996 MHz, 0 %, 0 %
2026/09/20 16:31:41.254, 7, 182.17 W, 29, 120 MHz, 3996 MHz, 0 %, 0 %
2026/09/20 16:31:42.254, 0, 871.34 W, 61, 2032 MHz, 3996 MHz, 99 %, 56 %
2026/09/20 16:31:42.254, 1, 869.75 W, 62, 2032 MHz, 3996 MHz, 100 %, 11 %
2026/09/20 16:31:42.254, 2, 852.91 W, 50, 2032 MHz, 3996 MHz, 100 %, 12 %
2026/09/20 16:31:42.254, 3, 803.95 W, 50, 2032 MHz, 3996 MHz, 100 %, 11 %
2026/09/20 16:31:42.254, 4, 181.49 W, 33, 120 MHz, 3996 MHz, 0 %, 0 %
2026/09/20 16:31:42.254, 5, 179.47 W, 31, 120 MHz, 3996 MHz, 0 %, 0 %
2026/09/20 16:31:42.254, 6, 180.16 W, 29, 120 MHz, 3996 MHz, 0 %, 0 %
2026/09/20 16:31:42.254, 7, 182.17 W, 29, 120 MHz, 3996 MHz, 0 %, 0 %
2026/09/20 16:31:43.254, 0, 836.51 W, 60, 2032 MHz, 3996 MHz, 99 %, 34 %
2026/09/20 16:31:43.254, 1, 835.15 W, 62, 2032 MHz, 3996 MHz, 96 %, 8 %
2026/09/20 16:31:43.254, 2, 737.48 W, 47, 2032 MHz, 3996 MHz, 29 %, 13 %
2026/09/20 16:31:43.254, 3, 784.99 W, 48, 2032 MHz, 3996 MHz, 39 %, 11 %
2026/09/20 16:31:43.254, 4, 181.34 W, 33, 120 MHz, 3996 MHz, 0 %, 0 %
2026/09/20 16:31:43.254, 5, 179.46 W, 31, 120 MHz, 3996 MHz, 0 %, 0 %
2026/09/20 16:31:43.254, 6, 180.17 W, 29, 120 MHz, 3996 MHz, 0 %, 0 %
2026/09/20 16:31:43.254, 7, 182.17 W, 29, 120 MHz, 3996 MHz, 0 %, 0 %
2026/09/20 16:31:44.254, 0, 781.45 W, 61, 2032 MHz, 3996 MHz, 99 %, 55 %
2026/09/20 16:31:44.254, 1, 762.48 W, 60, 2032 MHz, 3996 MHz, 28 %, 12 %
2026/09/20 16:31:44.254, 2, 805.00 W, 49, 2032 MHz, 3996 MHz, 100 %, 21 %
2026/09/20 16:31:44.254, 3, 767.29 W, 50, 2032 MHz, 3996 MHz, 87 %, 8 %
2026/09/20 16:31:44.254, 4, 181.38 W, 33, 120 MHz, 3996 MHz, 0 %, 0 %
2026/09/20 16:31:44.255, 5, 179.46 W, 31, 120 MHz, 3996 MHz, 0 %, 0 %
2026/09/20 16:31:44.255, 6, 180.17 W, 29, 120 MHz, 3996 MHz, 0 %, 0 %
2026/09/20 16:31:44.255, 7, 182.17 W, 29, 120 MHz, 3996 MHz, 0 %, 0 %
2026/09/20 16:31:45.255, 0, 780.35 W, 61, 2032 MHz, 3996 MHz, 95 %, 31 %
2026/09/20 16:31:45.255, 1, 820.19 W, 62, 2032 MHz, 3996 MHz, 100 %, 18 %
2026/09/20 16:31:45.255, 2, 787.19 W, 50, 2032 MHz, 3996 MHz, 99 %, 54 %
2026/09/20 16:31:45.255, 3, 757.27 W, 50, 2032 MHz, 3996 MHz, 100 %, 8 %
2026/09/20 16:31:45.255, 4, 181.34 W, 33, 120 MHz, 3996 MHz, 0 %, 0 %
2026/09/20 16:31:45.255, 5, 179.47 W, 31, 120 MHz, 3996 MHz, 0 %, 0 %
2026/09/20 16:31:45.255, 6, 180.17 W, 29, 120 MHz, 3996 MHz, 0 %, 0 %
2026/09/20 16:31:45.255, 7, 182.17 W, 29, 120 MHz, 3996 MHz, 0 %, 0 %
2026/09/20 16:31:46.255, 0, 818.86 W, 59, 2032 MHz, 3996 MHz, 100 %, 9 %
2026/09/20 16:31:46.255, 1, 792.99 W, 59, 2032 MHz, 3996 MHz, 57 %, 30 %
2026/09/20 16:31:46.255, 2, 746.81 W, 47, 2032 MHz, 3996 MHz, 100 %, 9 %
2026/09/20 16:31:46.255, 3, 787.19 W, 51, 2032 MHz, 3996 MHz, 95 %, 34 %
2026/09/20 16:31:46.255, 4, 181.37 W, 33, 120 MHz, 3996 MHz, 0 %, 0 %
2026/09/20 16:31:46.255, 5, 179.46 W, 31, 120 MHz, 3996 MHz, 0 %, 0 %
2026/09/20 16:31:46.255, 6, 180.16 W, 29, 120 MHz, 3996 MHz, 0 %, 0 %
2026/09/20 16:31:46.255, 7, 182.17 W, 29, 120 MHz, 3996 MHz, 0 %, 0 %
2026/09/20 16:31:47.255, 0, 853.08 W, 60, 2032 MHz, 3996 MHz, 99 %, 55 %
2026/09/20 16:31:47.255, 1, 844.74 W, 62, 2032 MHz, 3996 MHz, 100 %, 18 %
2026/09/20 16:31:47.255, 2, 768.97 W, 49, 2032 MHz, 3996 MHz, 46 %, 21 %
2026/09/20 16:31:47.255, 3, 802.50 W, 50, 2032 MHz, 3996 MHz, 95 %, 18 %
2026/09/20 16:31:47.255, 4, 181.34 W, 33, 120 MHz, 3996 MHz, 0 %, 0 %
2026/09/20 16:31:47.255, 5, 179.47 W, 31, 120 MHz, 3996 MHz, 0 %, 0 %
2026/09/20 16:31:47.255, 6, 180.17 W, 29, 120 MHz, 3996 MHz, 0 %, 0 %
2026/09/20 16:31:47.255, 7, 182.17 W, 29, 120 MHz, 3996 MHz, 0 %, 0 %
2026/09/20 16:31:48.255, 0, 856.60 W, 59, 2032 MHz, 3996 MHz, 76 %, 35 %
2026/09/20 16:31:48.256, 1, 908.77 W, 62, 2032 MHz, 3996 MHz, 96 %, 15 %
2026/09/20 16:31:48.256, 2, 868.83 W, 48, 2032 MHz, 3996 MHz, 36 %, 15 %
2026/09/20 16:31:48.256, 3, 887.77 W, 48, 2032 MHz, 3996 MHz, 95 %, 34 %
2026/09/20 16:31:48.256, 4, 181.34 W, 33, 120 MHz, 3996 MHz, 0 %, 0 %
2026/09/20 16:31:48.256, 5, 179.47 W, 31, 120 MHz, 3996 MHz, 0 %, 0 %
2026/09/20 16:31:48.256, 6, 180.16 W, 29, 120 MHz, 3996 MHz, 0 %, 0 %
2026/09/20 16:31:48.256, 7, 182.13 W, 29, 120 MHz, 3996 MHz, 0 %, 0 %
2026/09/20 16:31:49.256, 0, 824.64 W, 62, 2032 MHz, 3996 MHz, 28 %, 13 %
2026/09/20 16:31:49.256, 1, 819.19 W, 63, 2032 MHz, 3996 MHz, 99 %, 55 %
2026/09/20 16:31:49.256, 2, 845.66 W, 52, 2032 MHz, 3996 MHz, 95 %, 52 %
2026/09/20 16:31:49.256, 3, 810.53 W, 52, 2032 MHz, 3996 MHz, 99 %, 55 %
2026/09/20 16:31:49.256, 4, 181.30 W, 33, 120 MHz, 3996 MHz, 0 %, 0 %
2026/09/20 16:31:49.256, 5, 179.43 W, 31, 120 MHz, 3996 MHz, 0 %, 0 %
2026/09/20 16:31:49.256, 6, 180.17 W, 29, 120 MHz, 3996 MHz, 0 %, 0 %
2026/09/20 16:31:49.256, 7, 182.13 W, 29, 120 MHz, 3996 MHz, 0 %, 0 %
2026/09/20 16:31:50.256, 0, 888.26 W, 63, 2002 MHz, 3996 MHz, 99 %, 55 %
2026/09/20 16:31:50.256, 1, 916.46 W, 64, 1980 MHz, 3996 MHz, 99 %, 40 %
2026/09/20 16:31:50.256, 2, 867.73 W, 53, 2032 MHz, 3996 MHz, 99 %, 55 %
2026/09/20 16:31:50.256, 3, 859.53 W, 51, 2032 MHz, 3996 MHz, 100 %, 16 %
2026/09/20 16:31:50.256, 4, 181.30 W, 33, 120 MHz, 3996 MHz, 0 %, 0 %
2026/09/20 16:31:50.256, 5, 179.47 W, 31, 120 MHz, 3996 MHz, 0 %, 0 %
2026/09/20 16:31:50.256, 6, 180.16 W, 29, 120 MHz, 3996 MHz, 0 %, 0 %
2026/09/20 16:31:50.256, 7, 182.17 W, 29, 120 MHz, 3996 MHz, 0 %, 0 %
2026/09/20 16:31:51.256, 0, 818.70 W, 62, 2032 MHz, 3996 MHz, 77 %, 42 %
2026/09/20 16:31:51.256, 1, 873.77 W, 63, 2032 MHz, 3996 MHz, 99 %, 55 %
2026/09/20 16:31:51.256, 2, 836.26 W, 52, 2032 MHz, 3996 MHz, 99 %, 55 %
2026/09/20 16:31:51.256, 3, 846.96 W, 52, 2032 MHz, 3996 MHz, 99 %, 55 %
2026/09/20 16:31:51.256, 4, 181.30 W, 33, 120 MHz, 3996 MHz, 0 %, 0 %
2026/09/20 16:31:51.256, 5, 179.47 W, 31, 120 MHz, 3996 MHz, 0 %, 0 %
2026/09/20 16:31:51.256, 6, 180.17 W, 28, 120 MHz, 3996 MHz, 0 %, 0 %
2026/09/20 16:31:51.257, 7, 182.17 W, 29, 120 MHz, 3996 MHz, 0 %, 0 %
2026/09/20 16:31:52.257, 0, 981.72 W, 63, 2032 MHz, 3996 MHz, 99 %, 55 %
2026/09/20 16:31:52.257, 1, 941.48 W, 64, 2032 MHz, 3996 MHz, 99 %, 55 %
2026/09/20 16:31:52.257, 2, 958.54 W, 52, 2032 MHz, 3996 MHz, 99 %, 56 %
2026/09/20 16:31:52.257, 3, 957.76 W, 53, 2032 MHz, 3996 MHz, 99 %, 55 %
2026/09/20 16:31:52.257, 4, 181.30 W, 33, 120 MHz, 3996 MHz, 0 %, 0 %
2026/09/20 16:31:52.257, 5, 179.47 W, 31, 120 MHz, 3996 MHz, 0 %, 0 %
2026/09/20 16:31:52.257, 6, 180.17 W, 29, 120 MHz, 3996 MHz, 0 %, 0 %
2026/09/20 16:31:52.257, 7, 182.17 W, 29, 120 MHz, 3996 MHz, 0 %, 0 %
2026/09/20 16:31:53.257, 0, 934.84 W, 64, 2032 MHz, 3996 MHz, 99 %, 56 %
2026/09/20 16:31:53.257, 1, 936.90 W, 65, 2032 MHz, 3996 MHz, 99 %, 55 %
2026/09/20 16:31:53.257, 2, 882.48 W, 53, 2032 MHz, 3996 MHz, 99 %, 56 %
2026/09/20 16:31:53.257, 3, 860.10 W, 53, 2032 MHz, 3996 MHz, 99 %, 55 %
2026/09/20 16:31:53.257, 4, 181.30 W, 33, 120 MHz, 3996 MHz, 0 %, 0 %
2026/09/20 16:31:53.257, 5, 179.47 W, 31, 120 MHz, 3996 MHz, 0 %, 0 %
2026/09/20 16:31:53.257, 6, 180.17 W, 29, 120 MHz, 3996 MHz, 0 %, 0 %
2026/09/20 16:31:53.257, 7, 182.13 W, 29, 120 MHz, 3996 MHz, 0 %, 0 %
2026/09/20 16:31:54.257, 0, 1036.97 W, 63, 2025 MHz, 3996 MHz, 99 %, 56 %
2026/09/20 16:31:54.257, 1, 1035.57 W, 65, 2032 MHz, 3996 MHz, 99 %, 56 %
2026/09/20 16:31:54.257, 2, 1016.86 W, 53, 2032 MHz, 3996 MHz, 99 %, 56 %
2026/09/20 16:31:54.257, 3, 1012.26 W, 54, 2032 MHz, 3996 MHz, 99 %, 56 %
2026/09/20 16:31:54.257, 4, 181.30 W, 33, 120 MHz, 3996 MHz, 0 %, 0 %
2026/09/20 16:31:54.257, 5, 179.47 W, 31, 120 MHz, 3996 MHz, 0 %, 0 %
2026/09/20 16:31:54.257, 6, 180.17 W, 28, 120 MHz, 3996 MHz, 0 %, 0 %
2026/09/20 16:31:54.257, 7, 182.17 W, 29, 120 MHz, 3996 MHz, 0 %, 0 %
2026/09/20 16:31:55.257, 0, 1039.37 W, 64, 2032 MHz, 3996 MHz, 99 %, 56 %
2026/09/20 16:31:55.257, 1, 1034.91 W, 65, 2025 MHz, 3996 MHz, 99 %, 56 %
2026/09/20 16:31:55.258, 2, 1018.50 W, 52, 2032 MHz, 3996 MHz, 99 %, 56 %
2026/09/20 16:31:55.258, 3, 1015.97 W, 53, 2032 MHz, 3996 MHz, 99 %, 56 %
2026/09/20 16:31:55.258, 4, 181.34 W, 33, 120 MHz, 3996 MHz, 0 %, 0 %
2026/09/20 16:31:55.258, 5, 179.47 W, 31, 120 MHz, 3996 MHz, 0 %, 0 %
2026/09/20 16:31:55.258, 6, 180.17 W, 28, 120 MHz, 3996 MHz, 0 %, 0 %
2026/09/20 16:31:55.258, 7, 182.13 W, 29, 120 MHz, 3996 MHz, 0 %, 0 %
2026/09/20 16:31:56.258, 0, 1010.77 W, 62, 2032 MHz, 3996 MHz, 99 %, 56 %
2026/09/20 16:31:56.258, 1, 975.74 W, 62, 2032 MHz, 3996 MHz, 30 %, 13 %
2026/09/20 16:31:56.258, 2, 979.19 W, 51, 2032 MHz, 3996 MHz, 100 %, 25 %
2026/09/20 16:31:56.258, 3, 964.19 W, 52, 2032 MHz, 3996 MHz, 97 %, 9 %
2026/09/20 16:31:56.258, 4, 181.30 W, 33, 120 MHz, 3996 MHz, 0 %, 0 %
2026/09/20 16:31:56.258, 5, 179.46 W, 31, 120 MHz, 3996 MHz, 0 %, 0 %
2026/09/20 16:31:56.258, 6, 180.13 W, 28, 120 MHz, 3996 MHz, 0 %, 0 %
2026/09/20 16:31:56.258, 7, 182.13 W, 29, 120 MHz, 3996 MHz, 0 %, 0 %
2026/09/20 16:31:57.258, 0, 976.15 W, 64, 2032 MHz, 3996 MHz, 99 %, 57 %
2026/09/20 16:31:57.258, 1, 972.50 W, 65, 2025 MHz, 3996 MHz, 99 %, 56 %
2026/09/20 16:31:57.258, 2, 932.92 W, 53, 2032 MHz, 3996 MHz, 99 %, 56 %
2026/09/20 16:31:57.258, 3, 964.12 W, 54, 2032 MHz, 3996 MHz, 99 %, 56 %
2026/09/20 16:31:57.258, 4, 181.30 W, 33, 120 MHz, 3996 MHz, 0 %, 0 %
2026/09/20 16:31:57.258, 5, 179.47 W, 31, 120 MHz, 3996 MHz, 0 %, 0 %
2026/09/20 16:31:57.258, 6, 180.17 W, 28, 120 MHz, 3996 MHz, 0 %, 0 %
2026/09/20 16:31:57.258, 7, 182.13 W, 29, 120 MHz, 3996 MHz, 0 %, 0 %
2026/09/20 16:31:58.258, 0, 1040.45 W, 64, 2010 MHz, 3996 MHz, 99 %, 57 %
2026/09/20 16:31:58.258, 1, 1036.28 W, 66, 2017 MHz, 3996 MHz, 99 %, 56 %
2026/09/20 16:31:58.258, 2, 1021.21 W, 53, 2032 MHz, 3996 MHz, 99 %, 56 %
2026/09/20 16:31:58.258, 3, 1021.31 W, 55, 2032 MHz, 3996 MHz, 99 %, 57 %
2026/09/20 16:31:58.258, 4, 181.34 W, 33, 120 MHz, 3996 MHz, 0 %, 0 %
2026/09/20 16:31:58.258, 5, 179.46 W, 31, 120 MHz, 3996 MHz, 0 %, 0 %
2026/09/20 16:31:58.258, 6, 180.17 W, 28, 120 MHz, 3996 MHz, 0 %, 0 %
2026/09/20 16:31:58.258, 7, 182.13 W, 29, 120 MHz, 3996 MHz, 0 %, 0 %
2026/09/20 16:31:59.259, 0, 983.19 W, 63, 2032 MHz, 3996 MHz, 99 %, 57 %
2026/09/20 16:31:59.259, 1, 983.70 W, 65, 2032 MHz, 3996 MHz, 99 %, 57 %
2026/09/20 16:31:59.259, 2, 957.33 W, 53, 2032 MHz, 3996 MHz, 99 %, 57 %
2026/09/20 16:31:59.259, 3, 966.63 W, 54, 2032 MHz, 3996 MHz, 99 %, 57 %
2026/09/20 16:31:59.259, 4, 181.30 W, 33, 120 MHz, 3996 MHz, 0 %, 0 %
2026/09/20 16:31:59.259, 5, 179.46 W, 31, 120 MHz, 3996 MHz, 0 %, 0 %
2026/09/20 16:31:59.259, 6, 180.17 W, 28, 120 MHz, 3996 MHz, 0 %, 0 %
2026/09/20 16:31:59.259, 7, 182.13 W, 29, 120 MHz, 3996 MHz, 0 %, 0 %
2026/09/20 16:32:00.259, 0, 856.29 W, 62, 2032 MHz, 3996 MHz, 27 %, 12 %
2026/09/20 16:32:00.259, 1, 859.30 W, 63, 2032 MHz, 3996 MHz, 99 %, 56 %
2026/09/20 16:32:00.259, 2, 854.97 W, 52, 2032 MHz, 3996 MHz, 96 %, 28 %
2026/09/20 16:32:00.259, 3, 801.06 W, 53, 2032 MHz, 3996 MHz, 99 %, 56 %
2026/09/20 16:32:00.259, 4, 181.34 W, 33, 120 MHz, 3996 MHz, 0 %, 0 %
2026/09/20 16:32:00.259, 5, 179.47 W, 31, 120 MHz, 3996 MHz, 0 %, 0 %
2026/09/20 16:32:00.259, 6, 180.16 W, 28, 120 MHz, 3996 MHz, 0 %, 0 %
2026/09/20 16:32:00.259, 7, 182.13 W, 29, 120 MHz, 3996 MHz, 0 %, 0 %
2026/09/20 16:32:01.259, 0, 862.39 W, 62, 2025 MHz, 3996 MHz, 95 %, 9 %
2026/09/20 16:32:01.259, 1, 803.49 W, 63, 2032 MHz, 3996 MHz, 99 %, 56 %
2026/09/20 16:32:01.259, 2, 834.93 W, 52, 2032 MHz, 3996 MHz, 99 %, 57 %
2026/09/20 16:32:01.259, 3, 781.84 W, 52, 2032 MHz, 3996 MHz, 95 %, 26 %
2026/09/20 16:32:01.259, 4, 181.30 W, 33, 120 MHz, 3996 MHz, 0 %, 0 %
2026/09/20 16:32:01.259, 5, 179.47 W, 31, 120 MHz, 3996 MHz, 0 %, 0 %
2026/09/20 16:32:01.259, 6, 180.17 W, 28, 120 MHz, 3996 MHz, 0 %, 0 %
2026/09/20 16:32:01.259, 7, 182.13 W, 29, 120 MHz, 3996 MHz, 0 %, 0 %
2026/09/20 16:32:02.259, 0, 927.74 W, 64, 2032 MHz, 3996 MHz, 100 %, 9 %
2026/09/20 16:32:02.260, 1, 930.71 W, 64, 2032 MHz, 3996 MHz, 100 %, 48 %
2026/09/20 16:32:02.260, 2, 885.92 W, 52, 2032 MHz, 3996 MHz, 93 %, 53 %
2026/09/20 16:32:02.260, 3, 922.66 W, 53, 2032 MHz, 3996 MHz, 96 %, 19 %
2026/09/20 16:32:02.260, 4, 181.37 W, 33, 120 MHz, 3996 MHz, 0 %, 0 %
2026/09/20 16:32:02.260, 5, 179.47 W, 31, 120 MHz, 3996 MHz, 0 %, 0 %
2026/09/20 16:32:02.260, 6, 180.15 W, 28, 120 MHz, 3996 MHz, 0 %, 0 %
2026/09/20 16:32:02.260, 7, 182.17 W, 29, 120 MHz, 3996 MHz, 0 %, 0 %
2026/09/20 16:32:03.260, 0, 871.73 W, 59, 2032 MHz, 3996 MHz, 100 %, 32 %
2026/09/20 16:32:03.260, 1, 876.29 W, 63, 2032 MHz, 3996 MHz, 95 %, 12 %
2026/09/20 16:32:03.260, 2, 796.14 W, 48, 2032 MHz, 3996 MHz, 35 %, 15 %
2026/09/20 16:32:03.260, 3, 806.80 W, 50, 2032 MHz, 3996 MHz, 100 %, 20 %
2026/09/20 16:32:03.260, 4, 181.30 W, 33, 120 MHz, 3996 MHz, 0 %, 0 %
2026/09/20 16:32:03.260, 5, 179.47 W, 31, 120 MHz, 3996 MHz, 0 %, 0 %
2026/09/20 16:32:03.260, 6, 180.16 W, 29, 120 MHz, 3996 MHz, 0 %, 0 %
2026/09/20 16:32:03.260, 7, 182.17 W, 29, 120 MHz, 3996 MHz, 0 %, 0 %
2026/09/20 16:32:04.260, 0, 837.30 W, 61, 2032 MHz, 3996 MHz, 100 %, 39 %
2026/09/20 16:32:04.260, 1, 832.35 W, 60, 2032 MHz, 3996 MHz, 42 %, 10 %
2026/09/20 16:32:04.260, 2, 839.53 W, 50, 2032 MHz, 3996 MHz, 100 %, 8 %
2026/09/20 16:32:04.260, 3, 783.59 W, 51, 2032 MHz, 3996 MHz, 100 %, 24 %
2026/09/20 16:32:04.260, 4, 181.30 W, 33, 120 MHz, 3996 MHz, 0 %, 0 %
2026/09/20 16:32:04.260, 5, 179.47 W, 31, 120 MHz, 3996 MHz, 0 %, 0 %
2026/09/20 16:32:04.260, 6, 180.16 W, 28, 120 MHz, 3996 MHz, 0 %, 0 %
2026/09/20 16:32:04.260, 7, 182.17 W, 29, 120 MHz, 3996 MHz, 0 %, 0 %
2026/09/20 16:32:05.260, 0, 874.76 W, 63, 2032 MHz, 3996 MHz, 97 %, 11 %
2026/09/20 16:32:05.260, 1, 870.59 W, 61, 1995 MHz, 3996 MHz, 85 %, 44 %
2026/09/20 16:32:05.260, 2, 773.48 W, 52, 2032 MHz, 3996 MHz, 99 %, 57 %
2026/09/20 16:32:05.260, 3, 786.81 W, 52, 2032 MHz, 3996 MHz, 94 %, 28 %
2026/09/20 16:32:05.260, 4, 181.34 W, 33, 120 MHz, 3996 MHz, 0 %, 0 %
2026/09/20 16:32:05.261, 5, 179.47 W, 31, 120 MHz, 3996 MHz, 0 %, 0 %
2026/09/20 16:32:05.261, 6, 180.15 W, 29, 120 MHz, 3996 MHz, 0 %, 0 %
2026/09/20 16:32:05.261, 7, 182.13 W, 29, 120 MHz, 3996 MHz, 0 %, 0 %
2026/09/20 16:32:06.261, 0, 881.83 W, 63, 2032 MHz, 3996 MHz, 100 %, 9 %
2026/09/20 16:32:06.261, 1, 821.68 W, 62, 1905 MHz, 3996 MHz, 99 %, 54 %
2026/09/20 16:32:06.261, 2, 875.39 W, 52, 2017 MHz, 3996 MHz, 95 %, 46 %
2026/09/20 16:32:06.261, 3, 856.39 W, 51, 2032 MHz, 3996 MHz, 96 %, 9 %
2026/09/20 16:32:06.261, 4, 181.34 W, 33, 120 MHz, 3996 MHz, 0 %, 0 %
2026/09/20 16:32:06.261, 5, 179.47 W, 31, 120 MHz, 3996 MHz, 0 %, 0 %
2026/09/20 16:32:06.261, 6, 180.17 W, 28, 120 MHz, 3996 MHz, 0 %, 0 %
2026/09/20 16:32:06.261, 7, 182.13 W, 29, 120 MHz, 3996 MHz, 0 %, 0 %
2026/09/20 16:32:07.261, 0, 766.07 W, 62, 2032 MHz, 3996 MHz, 100 %, 22 %
2026/09/20 16:32:07.261, 1, 757.70 W, 63, 2032 MHz, 3996 MHz, 80 %, 44 %
2026/09/20 16:32:07.261, 2, 706.40 W, 51, 2032 MHz, 3996 MHz, 100 %, 11 %
2026/09/20 16:32:07.261, 3, 671.64 W, 48, 2032 MHz, 3996 MHz, 100 %, 11 %
2026/09/20 16:32:07.261, 4, 181.34 W, 33, 120 MHz, 3996 MHz, 0 %, 0 %
2026/09/20 16:32:07.261, 5, 179.46 W, 31, 120 MHz, 3996 MHz, 0 %, 0 %
2026/09/20 16:32:07.261, 6, 180.16 W, 28, 120 MHz, 3996 MHz, 0 %, 0 %
2026/09/20 16:32:07.261, 7, 182.13 W, 29, 120 MHz, 3996 MHz, 0 %, 0 %
2026/09/20 16:32:08.261, 0, 815.72 W, 59, 2032 MHz, 3996 MHz, 36 %, 18 %
2026/09/20 16:32:08.261, 1, 878.49 W, 61, 2032 MHz, 3996 MHz, 100 %, 11 %
2026/09/20 16:32:08.261, 2, 861.45 W, 50, 2032 MHz, 3996 MHz, 100 %, 25 %
2026/09/20 16:32:08.261, 3, 858.49 W, 50, 2032 MHz, 3996 MHz, 94 %, 29 %
2026/09/20 16:32:08.261, 4, 181.30 W, 33, 120 MHz, 3996 MHz, 0 %, 0 %
2026/09/20 16:32:08.261, 5, 179.46 W, 31, 120 MHz, 3996 MHz, 0 %, 0 %
2026/09/20 16:32:08.261, 6, 180.15 W, 29, 120 MHz, 3996 MHz, 0 %, 0 %
2026/09/20 16:32:08.261, 7, 182.13 W, 29, 120 MHz, 3996 MHz, 0 %, 0 %
2026/09/20 16:32:09.262, 0, 815.26 W, 61, 2032 MHz, 3996 MHz, 91 %, 28 %
2026/09/20 16:32:09.262, 1, 821.99 W, 59, 2032 MHz, 3996 MHz, 95 %, 38 %
2026/09/20 16:32:09.262, 2, 795.03 W, 50, 2032 MHz, 3996 MHz, 100 %, 11 %
2026/09/20 16:32:09.262, 3, 761.96 W, 49, 2032 MHz, 3996 MHz, 43 %, 18 %
2026/09/20 16:32:09.262, 4, 181.30 W, 33, 120 MHz, 3996 MHz, 0 %, 0 %
2026/09/20 16:32:09.262, 5, 179.47 W, 31, 120 MHz, 3996 MHz, 0 %, 0 %
2026/09/20 16:32:09.262, 6, 180.16 W, 28, 120 MHz, 3996 MHz, 0 %, 0 %
2026/09/20 16:32:09.262, 7, 182.13 W, 29, 120 MHz, 3996 MHz, 0 %, 0 %
2026/09/20 16:32:10.262, 0, 803.26 W, 60, 2032 MHz, 3996 MHz, 93 %, 28 %
2026/09/20 16:32:10.262, 1, 797.45 W, 58, 2032 MHz, 3996 MHz, 30 %, 13 %
2026/09/20 16:32:10.262, 2, 783.17 W, 49, 2032 MHz, 3996 MHz, 100 %, 17 %
2026/09/20 16:32:10.262, 3, 802.87 W, 50, 2032 MHz, 3996 MHz, 73 %, 36 %
2026/09/20 16:32:10.262, 4, 181.30 W, 33, 120 MHz, 3996 MHz, 0 %, 0 %
2026/09/20 16:32:10.262, 5, 179.47 W, 31, 120 MHz, 3996 MHz, 0 %, 0 %
2026/09/20 16:32:10.262, 6, 180.16 W, 28, 120 MHz, 3996 MHz, 0 %, 0 %
2026/09/20 16:32:10.262, 7, 182.13 W, 29, 120 MHz, 3996 MHz, 0 %, 0 %
2026/09/20 16:32:11.262, 0, 852.59 W, 61, 2032 MHz, 3996 MHz, 93 %, 41 %
2026/09/20 16:32:11.262, 1, 852.34 W, 63, 2032 MHz, 3996 MHz, 89 %, 27 %
2026/09/20 16:32:11.262, 2, 818.18 W, 49, 2032 MHz, 3996 MHz, 100 %, 13 %
2026/09/20 16:32:11.262, 3, 778.84 W, 49, 2032 MHz, 3996 MHz, 64 %, 29 %
2026/09/20 16:32:11.262, 4, 181.30 W, 33, 120 MHz, 3996 MHz, 0 %, 0 %
2026/09/20 16:32:11.262, 5, 179.47 W, 31, 120 MHz, 3996 MHz, 0 %, 0 %
2026/09/20 16:32:11.262, 6, 180.16 W, 28, 120 MHz, 3996 MHz, 0 %, 0 %
2026/09/20 16:32:11.262, 7, 182.17 W, 29, 120 MHz, 3996 MHz, 0 %, 0 %
2026/09/20 16:32:12.262, 0, 806.17 W, 61, 2032 MHz, 3996 MHz, 95 %, 11 %
2026/09/20 16:32:12.262, 1, 779.25 W, 61, 2032 MHz, 3996 MHz, 100 %, 13 %
2026/09/20 16:32:12.262, 2, 762.86 W, 49, 2032 MHz, 3996 MHz, 74 %, 35 %
2026/09/20 16:32:12.262, 3, 815.45 W, 51, 2017 MHz, 3996 MHz, 95 %, 27 %
2026/09/20 16:32:12.263, 4, 181.30 W, 33, 120 MHz, 3996 MHz, 0 %, 0 %
2026/09/20 16:32:12.263, 5, 179.47 W, 31, 120 MHz, 3996 MHz, 0 %, 0 %
2026/09/20 16:32:12.263, 6, 180.16 W, 28, 120 MHz, 3996 MHz, 0 %, 0 %
2026/09/20 16:32:12.263, 7, 182.17 W, 29, 120 MHz, 3996 MHz, 0 %, 0 %
2026/09/20 16:32:13.263, 0, 822.99 W, 59, 2032 MHz, 3996 MHz, 100 %, 8 %
2026/09/20 16:32:13.263, 1, 829.68 W, 63, 2032 MHz, 3996 MHz, 94 %, 28 %
2026/09/20 16:32:13.263, 2, 739.56 W, 45, 2032 MHz, 3996 MHz, 28 %, 12 %
2026/09/20 16:32:13.263, 3, 797.10 W, 50, 2032 MHz, 3996 MHz, 100 %, 8 %
2026/09/20 16:32:13.263, 4, 181.30 W, 33, 120 MHz, 3996 MHz, 0 %, 0 %
2026/09/20 16:32:13.263, 5, 179.47 W, 31, 120 MHz, 3996 MHz, 0 %, 0 %
2026/09/20 16:32:13.263, 6, 180.15 W, 28, 120 MHz, 3996 MHz, 0 %, 0 %
2026/09/20 16:32:13.263, 7, 182.13 W, 29, 120 MHz, 3996 MHz, 0 %, 0 %
2026/09/20 16:32:14.263, 0, 859.22 W, 60, 2032 MHz, 3996 MHz, 65 %, 30 %
2026/09/20 16:32:14.263, 1, 866.66 W, 63, 2032 MHz, 3996 MHz, 87 %, 36 %
2026/09/20 16:32:14.263, 2, 830.97 W, 50, 2032 MHz, 3996 MHz, 100 %, 11 %
2026/09/20 16:32:14.263, 3, 779.28 W, 48, 2032 MHz, 3996 MHz, 100 %, 14 %
2026/09/20 16:32:14.263, 4, 181.30 W, 33, 120 MHz, 3996 MHz, 0 %, 0 %
2026/09/20 16:32:14.263, 5, 179.46 W, 31, 120 MHz, 3996 MHz, 0 %, 0 %
2026/09/20 16:32:14.263, 6, 180.16 W, 28, 120 MHz, 3996 MHz, 0 %, 0 %
2026/09/20 16:32:14.263, 7, 182.13 W, 29, 120 MHz, 3996 MHz, 0 %, 0 %
2026/09/20 16:32:15.263, 0, 898.99 W, 61, 2032 MHz, 3996 MHz, 99 %, 55 %
2026/09/20 16:32:15.263, 1, 866.24 W, 62, 2032 MHz, 3996 MHz, 100 %, 15 %
2026/09/20 16:32:15.263, 2, 839.03 W, 49, 2032 MHz, 3996 MHz, 81 %, 40 %
2026/09/20 16:32:15.263, 3, 869.45 W, 53, 2032 MHz, 3996 MHz, 99 %, 55 %
2026/09/20 16:32:15.263, 4, 181.30 W, 33, 120 MHz, 3996 MHz, 0 %, 0 %
2026/09/20 16:32:15.263, 5, 179.47 W, 31, 120 MHz, 3996 MHz, 0 %, 0 %
2026/09/20 16:32:15.263, 6, 180.17 W, 28, 120 MHz, 3996 MHz, 0 %, 0 %
2026/09/20 16:32:15.263, 7, 182.13 W, 29, 120 MHz, 3996 MHz, 0 %, 0 %
2026/09/20 16:32:16.264, 0, 826.05 W, 60, 2032 MHz, 3996 MHz, 95 %, 10 %
2026/09/20 16:32:16.264, 1, 876.00 W, 61, 2032 MHz, 3996 MHz, 99 %, 14 %
2026/09/20 16:32:16.264, 2, 821.16 W, 49, 2032 MHz, 3996 MHz, 68 %, 33 %
2026/09/20 16:32:16.264, 3, 797.47 W, 50, 2032 MHz, 3996 MHz, 53 %, 28 %
2026/09/20 16:32:16.264, 4, 181.30 W, 33, 120 MHz, 3996 MHz, 0 %, 0 %
2026/09/20 16:32:16.264, 5, 179.47 W, 31, 120 MHz, 3996 MHz, 0 %, 0 %
2026/09/20 16:32:16.264, 6, 180.16 W, 28, 120 MHz, 3996 MHz, 0 %, 0 %
2026/09/20 16:32:16.264, 7, 182.13 W, 29, 120 MHz, 3996 MHz, 0 %, 0 %
2026/09/20 16:32:17.264, 0, 836.32 W, 61, 1942 MHz, 3996 MHz, 100 %, 8 %
2026/09/20 16:32:17.264, 1, 880.76 W, 62, 2032 MHz, 3996 MHz, 100 %, 27 %
2026/09/20 16:32:17.264, 2, 857.99 W, 51, 2032 MHz, 3996 MHz, 95 %, 27 %
2026/09/20 16:32:17.264, 3, 806.17 W, 49, 2032 MHz, 3996 MHz, 30 %, 13 %
2026/09/20 16:32:17.264, 4, 181.30 W, 33, 120 MHz, 3996 MHz, 0 %, 0 %
2026/09/20 16:32:17.264, 5, 179.43 W, 31, 120 MHz, 3996 MHz, 0 %, 0 %
2026/09/20 16:32:17.264, 6, 180.16 W, 28, 120 MHz, 3996 MHz, 0 %, 0 %
2026/09/20 16:32:17.264, 7, 182.17 W, 29, 120 MHz, 3996 MHz, 0 %, 0 %
2026/09/20 16:32:18.264, 0, 855.84 W, 63, 1875 MHz, 3996 MHz, 95 %, 46 %
2026/09/20 16:32:18.264, 1, 820.03 W, 60, 2010 MHz, 3996 MHz, 68 %, 31 %
2026/09/20 16:32:18.264, 2, 845.44 W, 51, 2032 MHz, 3996 MHz, 99 %, 56 %
2026/09/20 16:32:18.264, 3, 840.30 W, 52, 2032 MHz, 3996 MHz, 99 %, 55 %
2026/09/20 16:32:18.264, 4, 181.30 W, 33, 120 MHz, 3996 MHz, 0 %, 0 %
2026/09/20 16:32:18.264, 5, 179.47 W, 31, 120 MHz, 3996 MHz, 0 %, 0 %
2026/09/20 16:32:18.264, 6, 180.17 W, 28, 120 MHz, 3996 MHz, 0 %, 0 %
2026/09/20 16:32:18.264, 7, 182.13 W, 29, 120 MHz, 3996 MHz, 0 %, 0 %
2026/09/20 16:32:19.264, 0, 827.35 W, 59, 2032 MHz, 3996 MHz, 100 %, 30 %
2026/09/20 16:32:19.264, 1, 826.55 W, 62, 2032 MHz, 3996 MHz, 95 %, 28 %
2026/09/20 16:32:19.264, 2, 740.34 W, 46, 2032 MHz, 3996 MHz, 28 %, 12 %
2026/09/20 16:32:19.264, 3, 749.04 W, 51, 2032 MHz, 3996 MHz, 100 %, 17 %
2026/09/20 16:32:19.264, 4, 181.30 W, 33, 120 MHz, 3996 MHz, 0 %, 0 %
2026/09/20 16:32:19.265, 5, 179.47 W, 31, 120 MHz, 3996 MHz, 0 %, 0 %
2026/09/20 16:32:19.265, 6, 180.16 W, 28, 120 MHz, 3996 MHz, 0 %, 0 %
2026/09/20 16:32:19.265, 7, 182.13 W, 29, 120 MHz, 3996 MHz, 0 %, 0 %
2026/09/20 16:32:20.265, 0, 914.14 W, 61, 2032 MHz, 3996 MHz, 99 %, 56 %
2026/09/20 16:32:20.265, 1, 937.55 W, 63, 2032 MHz, 3996 MHz, 100 %, 9 %
2026/09/20 16:32:20.265, 2, 912.94 W, 50, 2032 MHz, 3996 MHz, 100 %, 14 %
2026/09/20 16:32:20.265, 3, 885.58 W, 49, 2032 MHz, 3996 MHz, 98 %, 52 %
2026/09/20 16:32:20.265, 4, 181.30 W, 33, 120 MHz, 3996 MHz, 0 %, 0 %
2026/09/20 16:32:20.265, 5, 179.47 W, 31, 120 MHz, 3996 MHz, 0 %, 0 %
2026/09/20 16:32:20.265, 6, 180.16 W, 28, 120 MHz, 3996 MHz, 0 %, 0 %
2026/09/20 16:32:20.265, 7, 182.13 W, 29, 120 MHz, 3996 MHz, 0 %, 0 %
2026/09/20 16:32:21.265, 0, 957.22 W, 64, 2032 MHz, 3996 MHz, 99 %, 56 %
2026/09/20 16:32:21.265, 1, 961.64 W, 64, 2032 MHz, 3996 MHz, 99 %, 56 %
2026/09/20 16:32:21.265, 2, 941.63 W, 53, 2032 MHz, 3996 MHz, 99 %, 56 %
2026/09/20 16:32:21.265, 3, 913.89 W, 52, 2032 MHz, 3996 MHz, 99 %, 56 %
2026/09/20 16:32:21.265, 4, 181.30 W, 33, 120 MHz, 3996 MHz, 0 %, 0 %
2026/09/20 16:32:21.265, 5, 179.47 W, 31, 120 MHz, 3996 MHz, 0 %, 0 %
2026/09/20 16:32:21.265, 6, 180.17 W, 28, 120 MHz, 3996 MHz, 0 %, 0 %
2026/09/20 16:32:21.265, 7, 182.21 W, 29, 120 MHz, 3996 MHz, 0 %, 0 %
2026/09/20 16:32:22.265, 0, 772.68 W, 60, 2032 MHz, 3996 MHz, 27 %, 12 %
2026/09/20 16:32:22.265, 1, 798.82 W, 61, 2032 MHz, 3996 MHz, 41 %, 17 %
2026/09/20 16:32:22.265, 2, 756.64 W, 50, 2032 MHz, 3996 MHz, 100 %, 29 %
2026/09/20 16:32:22.265, 3, 751.34 W, 50, 2032 MHz, 3996 MHz, 95 %, 23 %
2026/09/20 16:32:22.265, 4, 181.30 W, 33, 120 MHz, 3996 MHz, 0 %, 0 %
2026/09/20 16:32:22.265, 5, 179.47 W, 31, 120 MHz, 3996 MHz, 0 %, 0 %
2026/09/20 16:32:22.265, 6, 180.16 W, 28, 120 MHz, 3996 MHz, 0 %, 0 %
2026/09/20 16:32:22.266, 7, 182.13 W, 29, 120 MHz, 3996 MHz, 0 %, 0 %
2026/09/20 16:32:23.266, 0, 916.27 W, 61, 2032 MHz, 3996 MHz, 99 %, 56 %
2026/09/20 16:32:23.266, 1, 869.97 W, 62, 2032 MHz, 3996 MHz, 100 %, 9 %
2026/09/20 16:32:23.266, 2, 892.43 W, 52, 2032 MHz, 3996 MHz, 100 %, 15 %
2026/09/20 16:32:23.266, 3, 866.23 W, 49, 2032 MHz, 3996 MHz, 97 %, 52 %
2026/09/20 16:32:23.266, 4, 181.30 W, 33, 120 MHz, 3996 MHz, 0 %, 0 %
2026/09/20 16:32:23.266, 5, 179.46 W, 31, 120 MHz, 3996 MHz, 0 %, 0 %
2026/09/20 16:32:23.266, 6, 180.16 W, 28, 120 MHz, 3996 MHz, 0 %, 0 %
2026/09/20 16:32:23.266, 7, 182.13 W, 29, 120 MHz, 3996 MHz, 0 %, 0 %
2026/09/20 16:32:24.266, 0, 883.43 W, 63, 2032 MHz, 3996 MHz, 95 %, 31 %
2026/09/20 16:32:24.266, 1, 908.40 W, 63, 2032 MHz, 3996 MHz, 99 %, 56 %
2026/09/20 16:32:24.266, 2, 858.44 W, 50, 2032 MHz, 3996 MHz, 99 %, 56 %
2026/09/20 16:32:24.266, 3, 860.66 W, 53, 2032 MHz, 3996 MHz, 95 %, 43 %
2026/09/20 16:32:24.266, 4, 181.30 W, 33, 120 MHz, 3996 MHz, 0 %, 0 %
2026/09/20 16:32:24.266, 5, 179.47 W, 31, 120 MHz, 3996 MHz, 0 %, 0 %
2026/09/20 16:32:24.266, 6, 180.16 W, 28, 120 MHz, 3996 MHz, 0 %, 0 %
2026/09/20 16:32:24.266, 7, 182.13 W, 29, 120 MHz, 3996 MHz, 0 %, 0 %
2026/09/20 16:32:25.266, 0, 890.56 W, 63, 2032 MHz, 3996 MHz, 100 %, 9 %
2026/09/20 16:32:25.266, 1, 858.90 W, 63, 2032 MHz, 3996 MHz, 99 %, 56 %
2026/09/20 16:32:25.266, 2, 833.09 W, 52, 2032 MHz, 3996 MHz, 79 %, 44 %
2026/09/20 16:32:25.266, 3, 829.91 W, 52, 2032 MHz, 3996 MHz, 100 %, 9 %
2026/09/20 16:32:25.266, 4, 181.30 W, 33, 120 MHz, 3996 MHz, 0 %, 0 %
2026/09/20 16:32:25.266, 5, 179.46 W, 31, 120 MHz, 3996 MHz, 0 %, 0 %
2026/09/20 16:32:25.266, 6, 180.16 W, 28, 120 MHz, 3996 MHz, 0 %, 0 %
2026/09/20 16:32:25.266, 7, 182.17 W, 29, 120 MHz, 3996 MHz, 0 %, 0 %
2026/09/20 16:32:26.267, 0, 989.51 W, 61, 2025 MHz, 3996 MHz, 68 %, 32 %
2026/09/20 16:32:26.267, 1, 970.31 W, 61, 2032 MHz, 3996 MHz, 100 %, 11 %
2026/09/20 16:32:26.267, 2, 950.02 W, 50, 2032 MHz, 3996 MHz, 100 %, 23 %
2026/09/20 16:32:26.267, 3, 969.79 W, 50, 2032 MHz, 3996 MHz, 99 %, 55 %
2026/09/20 16:32:26.267, 4, 181.30 W, 33, 120 MHz, 3996 MHz, 0 %, 0 %
2026/09/20 16:32:26.267, 5, 179.47 W, 31, 120 MHz, 3996 MHz, 0 %, 0 %
2026/09/20 16:32:26.267, 6, 180.15 W, 28, 120 MHz, 3996 MHz, 0 %, 0 %
2026/09/20 16:32:26.267, 7, 182.17 W, 29, 120 MHz, 3996 MHz, 0 %, 0 %
2026/09/20 16:32:27.267, 0, 929.06 W, 62, 2032 MHz, 3996 MHz, 99 %, 56 %
2026/09/20 16:32:27.267, 1, 974.65 W, 65, 2032 MHz, 3996 MHz, 99 %, 56 %
2026/09/20 16:32:27.267, 2, 953.96 W, 53, 2032 MHz, 3996 MHz, 99 %, 56 %
2026/09/20 16:32:27.267, 3, 944.95 W, 54, 2032 MHz, 3996 MHz, 99 %, 56 %
2026/09/20 16:32:27.267, 4, 181.30 W, 33, 120 MHz, 3996 MHz, 0 %, 0 %
2026/09/20 16:32:27.267, 5, 179.46 W, 31, 120 MHz, 3996 MHz, 0 %, 0 %
2026/09/20 16:32:27.267, 6, 180.15 W, 28, 120 MHz, 3996 MHz, 0 %, 0 %
2026/09/20 16:32:27.267, 7, 182.17 W, 29, 120 MHz, 3996 MHz, 0 %, 0 %
2026/09/20 16:32:28.267, 0, 1037.84 W, 64, 2010 MHz, 3996 MHz, 99 %, 56 %
2026/09/20 16:32:28.267, 1, 1027.57 W, 63, 2025 MHz, 3996 MHz, 99 %, 55 %
2026/09/20 16:32:28.267, 2, 1010.21 W, 52, 2032 MHz, 3996 MHz, 99 %, 56 %
2026/09/20 16:32:28.267, 3, 1012.41 W, 53, 2032 MHz, 3996 MHz, 99 %, 56 %
2026/09/20 16:32:28.267, 4, 181.30 W, 33, 120 MHz, 3996 MHz, 0 %, 0 %
2026/09/20 16:32:28.267, 5, 179.46 W, 31, 120 MHz, 3996 MHz, 0 %, 0 %
2026/09/20 16:32:28.267, 6, 180.15 W, 28, 120 MHz, 3996 MHz, 0 %, 0 %
2026/09/20 16:32:28.267, 7, 182.13 W, 29, 120 MHz, 3996 MHz, 0 %, 0 %
2026/09/20 16:32:29.267, 0, 943.90 W, 64, 2032 MHz, 3996 MHz, 99 %, 56 %
2026/09/20 16:32:29.267, 1, 914.06 W, 65, 2032 MHz, 3996 MHz, 99 %, 56 %
2026/09/20 16:32:29.267, 2, 923.45 W, 54, 2032 MHz, 3996 MHz, 99 %, 56 %
2026/09/20 16:32:29.267, 3, 883.68 W, 53, 2032 MHz, 3996 MHz, 99 %, 56 %
2026/09/20 16:32:29.268, 4, 181.30 W, 33, 120 MHz, 3996 MHz, 0 %, 0 %
2026/09/20 16:32:29.268, 5, 179.47 W, 31, 120 MHz, 3996 MHz, 0 %, 0 %
2026/09/20 16:32:29.268, 6, 180.16 W, 28, 120 MHz, 3996 MHz, 0 %, 0 %
2026/09/20 16:32:29.268, 7, 182.13 W, 29, 120 MHz, 3996 MHz, 0 %, 0 %
2026/09/20 16:32:30.268, 0, 852.15 W, 62, 2032 MHz, 3996 MHz, 95 %, 14 %
2026/09/20 16:32:30.268, 1, 850.06 W, 64, 2032 MHz, 3996 MHz, 95 %, 53 %
2026/09/20 16:32:30.268, 2, 865.20 W, 53, 2032 MHz, 3996 MHz, 96 %, 21 %
2026/09/20 16:32:30.268, 3, 833.64 W, 48, 2032 MHz, 3996 MHz, 26 %, 12 %
2026/09/20 16:32:30.268, 4, 181.30 W, 33, 120 MHz, 3996 MHz, 0 %, 0 %
2026/09/20 16:32:30.268, 5, 179.46 W, 31, 120 MHz, 3996 MHz, 0 %, 0 %
2026/09/20 16:32:30.268, 6, 180.16 W, 28, 120 MHz, 3996 MHz, 0 %, 0 %
2026/09/20 16:32:30.268, 7, 182.13 W, 29, 120 MHz, 3996 MHz, 0 %, 0 %
2026/09/20 16:32:31.268, 0, 985.18 W, 64, 2032 MHz, 3996 MHz, 99 %, 56 %
2026/09/20 16:32:31.268, 1, 931.16 W, 63, 2032 MHz, 3996 MHz, 100 %, 36 %
2026/09/20 16:32:31.268, 2, 935.71 W, 50, 2032 MHz, 3996 MHz, 99 %, 56 %
2026/09/20 16:32:31.268, 3, 957.36 W, 52, 2032 MHz, 3996 MHz, 99 %, 56 %
2026/09/20 16:32:31.268, 4, 181.30 W, 33, 120 MHz, 3996 MHz, 0 %, 0 %
2026/09/20 16:32:31.268, 5, 179.47 W, 31, 120 MHz, 3996 MHz, 0 %, 0 %
2026/09/20 16:32:31.268, 6, 180.15 W, 28, 120 MHz, 3996 MHz, 0 %, 0 %
2026/09/20 16:32:31.268, 7, 182.13 W, 29, 120 MHz, 3996 MHz, 0 %, 0 %
2026/09/20 16:32:32.268, 0, 879.03 W, 60, 2032 MHz, 3996 MHz, 100 %, 16 %
2026/09/20 16:32:32.268, 1, 885.40 W, 63, 2032 MHz, 3996 MHz, 100 %, 14 %
2026/09/20 16:32:32.268, 2, 824.31 W, 51, 2032 MHz, 3996 MHz, 46 %, 19 %
2026/09/20 16:32:32.268, 3, 801.40 W, 50, 2032 MHz, 3996 MHz, 100 %, 46 %
2026/09/20 16:32:32.268, 4, 181.30 W, 33, 120 MHz, 3996 MHz, 0 %, 0 %
2026/09/20 16:32:32.268, 5, 179.46 W, 31, 120 MHz, 3996 MHz, 0 %, 0 %
2026/09/20 16:32:32.268, 6, 180.15 W, 28, 120 MHz, 3996 MHz, 0 %, 0 %
2026/09/20 16:32:32.268, 7, 182.13 W, 29, 120 MHz, 3996 MHz, 0 %, 0 %
2026/09/20 16:32:33.269, 0, 919.46 W, 63, 2032 MHz, 3996 MHz, 95 %, 14 %
2026/09/20 16:32:33.269, 1, 929.08 W, 64, 2032 MHz, 3996 MHz, 99 %, 56 %
2026/09/20 16:32:33.269, 2, 903.11 W, 53, 2032 MHz, 3996 MHz, 99 %, 56 %
2026/09/20 16:32:33.269, 3, 859.76 W, 52, 2032 MHz, 3996 MHz, 59 %, 32 %
2026/09/20 16:32:33.269, 4, 181.30 W, 33, 120 MHz, 3996 MHz, 0 %, 0 %
2026/09/20 16:32:33.269, 5, 179.47 W, 31, 120 MHz, 3996 MHz, 0 %, 0 %
2026/09/20 16:32:33.269, 6, 180.15 W, 28, 120 MHz, 3996 MHz, 0 %, 0 %
2026/09/20 16:32:33.269, 7, 182.13 W, 29, 120 MHz, 3996 MHz, 0 %, 0 %
2026/09/20 16:32:34.269, 0, 913.64 W, 63, 2032 MHz, 3996 MHz, 48 %, 20 %
2026/09/20 16:32:34.269, 1, 914.48 W, 62, 2032 MHz, 3996 MHz, 92 %, 36 %
2026/09/20 16:32:34.269, 2, 868.51 W, 51, 2032 MHz, 3996 MHz, 95 %, 16 %
2026/09/20 16:32:34.269, 3, 912.52 W, 51, 2032 MHz, 3996 MHz, 100 %, 11 %
2026/09/20 16:32:34.269, 4, 181.34 W, 33, 120 MHz, 3996 MHz, 0 %, 0 %
2026/09/20 16:32:34.269, 5, 179.47 W, 31, 120 MHz, 3996 MHz, 0 %, 0 %
2026/09/20 16:32:34.269, 6, 180.17 W, 28, 120 MHz, 3996 MHz, 0 %, 0 %
2026/09/20 16:32:34.269, 7, 182.13 W, 29, 120 MHz, 3996 MHz, 0 %, 0 %
2026/09/20 16:32:35.269, 0, 742.69 W, 59, 2032 MHz, 3996 MHz, 37 %, 16 %
2026/09/20 16:32:35.269, 1, 823.55 W, 63, 2032 MHz, 3996 MHz, 55 %, 14 %
2026/09/20 16:32:35.269, 2, 813.72 W, 53, 2032 MHz, 3996 MHz, 100 %, 11 %
2026/09/20 16:32:35.269, 3, 742.09 W, 49, 2032 MHz, 3996 MHz, 100 %, 37 %
2026/09/20 16:32:35.269, 4, 181.30 W, 33, 120 MHz, 3996 MHz, 0 %, 0 %
2026/09/20 16:32:35.269, 5, 179.46 W, 31, 120 MHz, 3996 MHz, 0 %, 0 %
2026/09/20 16:32:35.269, 6, 180.15 W, 28, 120 MHz, 3996 MHz, 0 %, 0 %
2026/09/20 16:32:35.269, 7, 182.13 W, 29, 120 MHz, 3996 MHz, 0 %, 0 %
2026/09/20 16:32:36.269, 0, 887.68 W, 61, 2032 MHz, 3996 MHz, 100 %, 18 %
2026/09/20 16:32:36.269, 1, 852.91 W, 62, 2032 MHz, 3996 MHz, 33 %, 15 %
2026/09/20 16:32:36.269, 2, 809.88 W, 51, 2032 MHz, 3996 MHz, 82 %, 19 %
2026/09/20 16:32:36.269, 3, 830.88 W, 51, 2032 MHz, 3996 MHz, 100 %, 47 %
2026/09/20 16:32:36.269, 4, 181.30 W, 33, 120 MHz, 3996 MHz, 0 %, 0 %
2026/09/20 16:32:36.270, 5, 179.47 W, 31, 120 MHz, 3996 MHz, 0 %, 0 %
2026/09/20 16:32:36.270, 6, 180.13 W, 28, 120 MHz, 3996 MHz, 0 %, 0 %
2026/09/20 16:32:36.270, 7, 182.21 W, 29, 120 MHz, 3996 MHz, 0 %, 0 %
2026/09/20 16:32:37.270, 0, 771.82 W, 60, 2032 MHz, 3996 MHz, 62 %, 12 %
2026/09/20 16:32:37.270, 1, 834.15 W, 62, 2032 MHz, 3996 MHz, 100 %, 9 %
2026/09/20 16:32:37.270, 2, 825.58 W, 50, 2032 MHz, 3996 MHz, 95 %, 10 %
2026/09/20 16:32:37.270, 3, 768.94 W, 49, 2032 MHz, 3996 MHz, 100 %, 12 %
2026/09/20 16:32:37.270, 4, 181.30 W, 33, 120 MHz, 3996 MHz, 0 %, 0 %
2026/09/20 16:32:37.270, 5, 179.46 W, 31, 120 MHz, 3996 MHz, 0 %, 0 %
2026/09/20 16:32:37.270, 6, 180.14 W, 28, 120 MHz, 3996 MHz, 0 %, 0 %
2026/09/20 16:32:37.270, 7, 182.13 W, 29, 120 MHz, 3996 MHz, 0 %, 0 %
2026/09/20 16:32:38.270, 0, 858.40 W, 60, 2032 MHz, 3996 MHz, 66 %, 33 %
2026/09/20 16:32:38.270, 1, 873.74 W, 62, 2032 MHz, 3996 MHz, 100 %, 9 %
2026/09/20 16:32:38.270, 2, 816.02 W, 49, 2032 MHz, 3996 MHz, 100 %, 26 %
2026/09/20 16:32:38.270, 3, 818.76 W, 50, 2032 MHz, 3996 MHz, 94 %, 31 %
2026/09/20 16:32:38.270, 4, 181.30 W, 33, 120 MHz, 3996 MHz, 0 %, 0 %
2026/09/20 16:32:38.270, 5, 179.47 W, 31, 120 MHz, 3996 MHz, 0 %, 0 %
2026/09/20 16:32:38.270, 6, 180.16 W, 28, 120 MHz, 3996 MHz, 0 %, 0 %
2026/09/20 16:32:38.270, 7, 182.17 W, 29, 120 MHz, 3996 MHz, 0 %, 0 %
2026/09/20 16:32:39.270, 0, 804.60 W, 62, 2032 MHz, 3996 MHz, 95 %, 21 %
2026/09/20 16:32:39.270, 1, 781.76 W, 61, 2032 MHz, 3996 MHz, 100 %, 32 %
2026/09/20 16:32:39.270, 2, 781.92 W, 48, 2025 MHz, 3996 MHz, 95 %, 25 %
2026/09/20 16:32:39.270, 3, 744.09 W, 49, 2032 MHz, 3996 MHz, 35 %, 15 %
2026/09/20 16:32:39.270, 4, 181.30 W, 33, 120 MHz, 3996 MHz, 0 %, 0 %
2026/09/20 16:32:39.270, 5, 179.46 W, 31, 120 MHz, 3996 MHz, 0 %, 0 %
2026/09/20 16:32:39.270, 6, 180.16 W, 28, 120 MHz, 3996 MHz, 0 %, 0 %
2026/09/20 16:32:39.270, 7, 182.13 W, 29, 120 MHz, 3996 MHz, 0 %, 0 %
2026/09/20 16:32:40.271, 0, 799.26 W, 60, 2032 MHz, 3996 MHz, 100 %, 9 %
2026/09/20 16:32:40.271, 1, 776.13 W, 61, 2032 MHz, 3996 MHz, 29 %, 12 %
2026/09/20 16:32:40.271, 2, 799.47 W, 52, 2032 MHz, 3996 MHz, 100 %, 8 %
2026/09/20 16:32:40.271, 3, 748.69 W, 49, 2032 MHz, 3996 MHz, 74 %, 9 %
2026/09/20 16:32:40.271, 4, 181.30 W, 33, 120 MHz, 3996 MHz, 0 %, 0 %
2026/09/20 16:32:40.271, 5, 179.46 W, 31, 120 MHz, 3996 MHz, 0 %, 0 %
2026/09/20 16:32:40.271, 6, 180.15 W, 28, 120 MHz, 3996 MHz, 0 %, 0 %
2026/09/20 16:32:40.271, 7, 182.13 W, 29, 120 MHz, 3996 MHz, 0 %, 0 %
2026/09/20 16:32:41.271, 0, 834.83 W, 61, 2032 MHz, 3996 MHz, 36 %, 16 %
2026/09/20 16:32:41.271, 1, 852.76 W, 64, 2032 MHz, 3996 MHz, 93 %, 49 %
2026/09/20 16:32:41.271, 2, 812.98 W, 52, 2032 MHz, 3996 MHz, 96 %, 16 %
2026/09/20 16:32:41.271, 3, 808.05 W, 52, 2032 MHz, 3996 MHz, 100 %, 11 %
2026/09/20 16:32:41.271, 4, 181.30 W, 33, 120 MHz, 3996 MHz, 0 %, 0 %
2026/09/20 16:32:41.271, 5, 179.46 W, 31, 120 MHz, 3996 MHz, 0 %, 0 %
2026/09/20 16:32:41.271, 6, 180.15 W, 28, 120 MHz, 3996 MHz, 0 %, 0 %
2026/09/20 16:32:41.271, 7, 182.21 W, 29, 120 MHz, 3996 MHz, 0 %, 0 %
2026/09/20 16:32:42.271, 0, 849.47 W, 60, 2032 MHz, 3996 MHz, 100 %, 21 %
2026/09/20 16:32:42.271, 1, 836.48 W, 60, 2032 MHz, 3996 MHz, 100 %, 9 %
2026/09/20 16:32:42.271, 2, 793.04 W, 49, 2032 MHz, 3996 MHz, 47 %, 22 %
2026/09/20 16:32:42.271, 3, 808.10 W, 50, 2032 MHz, 3996 MHz, 95 %, 33 %
2026/09/20 16:32:42.271, 4, 181.30 W, 33, 120 MHz, 3996 MHz, 0 %, 0 %
2026/09/20 16:32:42.271, 5, 179.46 W, 31, 120 MHz, 3996 MHz, 0 %, 0 %
2026/09/20 16:32:42.271, 6, 180.15 W, 28, 120 MHz, 3996 MHz, 0 %, 0 %
2026/09/20 16:32:42.271, 7, 182.17 W, 29, 120 MHz, 3996 MHz, 0 %, 0 %
2026/09/20 16:32:43.271, 0, 887.72 W, 62, 2025 MHz, 3996 MHz, 95 %, 31 %
2026/09/20 16:32:43.271, 1, 838.04 W, 61, 2032 MHz, 3996 MHz, 100 %, 21 %
2026/09/20 16:32:43.272, 2, 848.02 W, 49, 2032 MHz, 3996 MHz, 95 %, 32 %
2026/09/20 16:32:43.272, 3, 850.89 W, 50, 1995 MHz, 3996 MHz, 100 %, 9 %
2026/09/20 16:32:43.272, 4, 181.34 W, 33, 120 MHz, 3996 MHz, 0 %, 0 %
2026/09/20 16:32:43.272, 5, 179.46 W, 31, 120 MHz, 3996 MHz, 0 %, 0 %
2026/09/20 16:32:43.272, 6, 180.14 W, 28, 120 MHz, 3996 MHz, 0 %, 0 %
2026/09/20 16:32:43.272, 7, 182.13 W, 29, 120 MHz, 3996 MHz, 0 %, 0 %
2026/09/20 16:32:44.272, 0, 728.43 W, 56, 2032 MHz, 3996 MHz, 27 %, 12 %
2026/09/20 16:32:44.272, 1, 780.26 W, 60, 2032 MHz, 3996 MHz, 64 %, 9 %
2026/09/20 16:32:44.272, 2, 801.20 W, 50, 2032 MHz, 3996 MHz, 100 %, 9 %
2026/09/20 16:32:44.272, 3, 763.49 W, 49, 2032 MHz, 3996 MHz, 100 %, 9 %
2026/09/20 16:32:44.272, 4, 181.30 W, 33, 120 MHz, 3996 MHz, 0 %, 0 %
2026/09/20 16:32:44.272, 5, 179.46 W, 31, 120 MHz, 3996 MHz, 0 %, 0 %
2026/09/20 16:32:44.272, 6, 180.15 W, 28, 120 MHz, 3996 MHz, 0 %, 0 %
2026/09/20 16:32:44.272, 7, 182.13 W, 29, 120 MHz, 3996 MHz, 0 %, 0 %
2026/09/20 16:32:45.272, 0, 884.04 W, 63, 2032 MHz, 3996 MHz, 100 %, 9 %
2026/09/20 16:32:45.272, 1, 845.03 W, 62, 2032 MHz, 3996 MHz, 94 %, 30 %
2026/09/20 16:32:45.272, 2, 851.71 W, 51, 2032 MHz, 3996 MHz, 100 %, 9 %
2026/09/20 16:32:45.272, 3, 824.18 W, 49, 2032 MHz, 3996 MHz, 36 %, 15 %
2026/09/20 16:32:45.272, 4, 181.34 W, 33, 120 MHz, 3996 MHz, 0 %, 0 %
2026/09/20 16:32:45.272, 5, 179.47 W, 31, 120 MHz, 3996 MHz, 0 %, 0 %
2026/09/20 16:32:45.272, 6, 180.14 W, 28, 120 MHz, 3996 MHz, 0 %, 0 %
2026/09/20 16:32:45.272, 7, 182.13 W, 29, 120 MHz, 3996 MHz, 0 %, 0 %
2026/09/20 16:32:46.272, 0, 866.18 W, 63, 2032 MHz, 3996 MHz, 94 %, 47 %
2026/09/20 16:32:46.272, 1, 842.62 W, 64, 2032 MHz, 3996 MHz, 99 %, 55 %
2026/09/20 16:32:46.272, 2, 804.77 W, 52, 2032 MHz, 3996 MHz, 91 %, 51 %
2026/09/20 16:32:46.272, 3, 790.36 W, 52, 2032 MHz, 3996 MHz, 95 %, 18 %
2026/09/20 16:32:46.272, 4, 181.30 W, 33, 120 MHz, 3996 MHz, 0 %, 0 %
2026/09/20 16:32:46.272, 5, 179.47 W, 31, 120 MHz, 3996 MHz, 0 %, 0 %
2026/09/20 16:32:46.272, 6, 180.16 W, 28, 120 MHz, 3996 MHz, 0 %, 0 %
2026/09/20 16:32:46.272, 7, 182.13 W, 29, 120 MHz, 3996 MHz, 0 %, 0 %
2026/09/20 16:32:47.273, 0, 812.49 W, 60, 2032 MHz, 3996 MHz, 99 %, 53 %
2026/09/20 16:32:47.273, 1, 809.31 W, 62, 2032 MHz, 3996 MHz, 100 %, 14 %
2026/09/20 16:32:47.273, 2, 791.61 W, 50, 2032 MHz, 3996 MHz, 100 %, 50 %
2026/09/20 16:32:47.273, 3, 769.00 W, 50, 2032 MHz, 3996 MHz, 95 %, 46 %
2026/09/20 16:32:47.273, 4, 181.30 W, 33, 120 MHz, 3996 MHz, 0 %, 0 %
2026/09/20 16:32:47.273, 5, 179.46 W, 31, 120 MHz, 3996 MHz, 0 %, 0 %
2026/09/20 16:32:47.273, 6, 180.15 W, 28, 120 MHz, 3996 MHz, 0 %, 0 %
2026/09/20 16:32:47.273, 7, 182.17 W, 29, 120 MHz, 3996 MHz, 0 %, 0 %
2026/09/20 16:32:48.273, 0, 848.06 W, 61, 2032 MHz, 3996 MHz, 48 %, 25 %
2026/09/20 16:32:48.273, 1, 874.56 W, 60, 2025 MHz, 3996 MHz, 70 %, 34 %
2026/09/20 16:32:48.273, 2, 875.36 W, 50, 2032 MHz, 3996 MHz, 95 %, 28 %
2026/09/20 16:32:48.273, 3, 838.09 W, 50, 2032 MHz, 3996 MHz, 100 %, 11 %
2026/09/20 16:32:48.273, 4, 181.30 W, 33, 120 MHz, 3996 MHz, 0 %, 0 %
2026/09/20 16:32:48.273, 5, 179.46 W, 31, 120 MHz, 3996 MHz, 0 %, 0 %
2026/09/20 16:32:48.273, 6, 180.15 W, 28, 120 MHz, 3996 MHz, 0 %, 0 %
2026/09/20 16:32:48.273, 7, 182.13 W, 29, 120 MHz, 3996 MHz, 0 %, 0 %
2026/09/20 16:32:49.273, 0, 956.67 W, 64, 2032 MHz, 3996 MHz, 99 %, 55 %
2026/09/20 16:32:49.273, 1, 932.61 W, 63, 2032 MHz, 3996 MHz, 99 %, 55 %
2026/09/20 16:32:49.273, 2, 903.12 W, 51, 2032 MHz, 3996 MHz, 99 %, 56 %
2026/09/20 16:32:49.273, 3, 919.14 W, 53, 2032 MHz, 3996 MHz, 99 %, 55 %
2026/09/20 16:32:49.273, 4, 181.30 W, 33, 120 MHz, 3996 MHz, 0 %, 0 %
2026/09/20 16:32:49.273, 5, 179.47 W, 31, 120 MHz, 3996 MHz, 0 %, 0 %
2026/09/20 16:32:49.273, 6, 180.15 W, 28, 120 MHz, 3996 MHz, 0 %, 0 %
2026/09/20 16:32:49.273, 7, 182.25 W, 29, 120 MHz, 3996 MHz, 0 %, 0 %
2026/09/20 16:32:50.273, 0, 819.21 W, 61, 2032 MHz, 3996 MHz, 96 %, 8 %
2026/09/20 16:32:50.273, 1, 784.11 W, 61, 2032 MHz, 3996 MHz, 100 %, 9 %
2026/09/20 16:32:50.273, 2, 765.03 W, 48, 2032 MHz, 3996 MHz, 78 %, 9 %
2026/09/20 16:32:50.273, 3, 800.20 W, 50, 2032 MHz, 3996 MHz, 100 %, 9 %
2026/09/20 16:32:50.273, 4, 181.30 W, 33, 120 MHz, 3996 MHz, 0 %, 0 %
2026/09/20 16:32:50.273, 5, 179.47 W, 31, 120 MHz, 3996 MHz, 0 %, 0 %
2026/09/20 16:32:50.274, 6, 180.16 W, 28, 120 MHz, 3996 MHz, 0 %, 0 %
2026/09/20 16:32:50.274, 7, 182.13 W, 29, 120 MHz, 3996 MHz, 0 %, 0 %
2026/09/20 16:32:51.274, 0, 844.25 W, 61, 2032 MHz, 3996 MHz, 100 %, 45 %
2026/09/20 16:32:51.274, 1, 837.33 W, 62, 2032 MHz, 3996 MHz, 100 %, 9 %
2026/09/20 16:32:51.274, 2, 772.79 W, 48, 2032 MHz, 3996 MHz, 82 %, 43 %
2026/09/20 16:32:51.274, 3, 803.68 W, 51, 2032 MHz, 3996 MHz, 99 %, 55 %
2026/09/20 16:32:51.274, 4, 181.30 W, 33, 120 MHz, 3996 MHz, 0 %, 0 %
2026/09/20 16:32:51.274, 5, 179.47 W, 31, 120 MHz, 3996 MHz, 0 %, 0 %
2026/09/20 16:32:51.274, 6, 180.15 W, 28, 120 MHz, 3996 MHz, 0 %, 0 %
2026/09/20 16:32:51.274, 7, 182.13 W, 29, 120 MHz, 3996 MHz, 0 %, 0 %
2026/09/20 16:32:52.274, 0, 921.91 W, 65, 2032 MHz, 3996 MHz, 99 %, 55 %
2026/09/20 16:32:52.274, 1, 929.26 W, 63, 2032 MHz, 3996 MHz, 100 %, 32 %
2026/09/20 16:32:52.274, 2, 902.51 W, 51, 2032 MHz, 3996 MHz, 99 %, 55 %
2026/09/20 16:32:52.274, 3, 857.86 W, 51, 2032 MHz, 3996 MHz, 99 %, 56 %
2026/09/20 16:32:52.274, 4, 181.30 W, 33, 120 MHz, 3996 MHz, 0 %, 0 %
2026/09/20 16:32:52.274, 5, 179.47 W, 31, 120 MHz, 3996 MHz, 0 %, 0 %
2026/09/20 16:32:52.274, 6, 180.16 W, 28, 120 MHz, 3996 MHz, 0 %, 0 %
2026/09/20 16:32:52.274, 7, 182.17 W, 29, 120 MHz, 3996 MHz, 0 %, 0 %
2026/09/20 16:32:53.274, 0, 929.18 W, 63, 2032 MHz, 3996 MHz, 99 %, 56 %
2026/09/20 16:32:53.274, 1, 917.61 W, 64, 2032 MHz, 3996 MHz, 99 %, 56 %
2026/09/20 16:32:53.274, 2, 926.11 W, 51, 2010 MHz, 3996 MHz, 99 %, 56 %
2026/09/20 16:32:53.274, 3, 912.10 W, 54, 2032 MHz, 3996 MHz, 99 %, 55 %
2026/09/20 16:32:53.274, 4, 181.30 W, 33, 120 MHz, 3996 MHz, 0 %, 0 %
2026/09/20 16:32:53.274, 5, 179.47 W, 31, 120 MHz, 3996 MHz, 0 %, 0 %
2026/09/20 16:32:53.274, 6, 180.17 W, 28, 120 MHz, 3996 MHz, 0 %, 0 %
2026/09/20 16:32:53.274, 7, 182.17 W, 29, 120 MHz, 3996 MHz, 0 %, 0 %
2026/09/20 16:32:54.275, 0, 887.16 W, 63, 2032 MHz, 3996 MHz, 99 %, 56 %
2026/09/20 16:32:54.275, 1, 855.05 W, 64, 2032 MHz, 3996 MHz, 100 %, 55 %
2026/09/20 16:32:54.275, 2, 827.68 W, 53, 2032 MHz, 3996 MHz, 99 %, 56 %
2026/09/20 16:32:54.275, 3, 831.88 W, 52, 2032 MHz, 3996 MHz, 96 %, 28 %
2026/09/20 16:32:54.275, 4, 181.30 W, 33, 120 MHz, 3996 MHz, 0 %, 0 %
2026/09/20 16:32:54.275, 5, 179.47 W, 31, 120 MHz, 3996 MHz, 0 %, 0 %
2026/09/20 16:32:54.275, 6, 180.15 W, 28, 120 MHz, 3996 MHz, 0 %, 0 %
2026/09/20 16:32:54.275, 7, 182.21 W, 29, 120 MHz, 3996 MHz, 0 %, 0 %
2026/09/20 16:32:55.275, 0, 877.11 W, 61, 2032 MHz, 3996 MHz, 100 %, 8 %
2026/09/20 16:32:55.275, 1, 809.82 W, 62, 2032 MHz, 3996 MHz, 40 %, 20 %
2026/09/20 16:32:55.275, 2, 822.34 W, 52, 2032 MHz, 3996 MHz, 100 %, 8 %
2026/09/20 16:32:55.275, 3, 832.22 W, 52, 2032 MHz, 3996 MHz, 100 %, 27 %
2026/09/20 16:32:55.275, 4, 181.30 W, 33, 120 MHz, 3996 MHz, 0 %, 0 %
2026/09/20 16:32:55.275, 5, 179.46 W, 31, 120 MHz, 3996 MHz, 0 %, 0 %
2026/09/20 16:32:55.275, 6, 180.16 W, 28, 120 MHz, 3996 MHz, 0 %, 0 %
2026/09/20 16:32:55.275, 7, 182.13 W, 29, 120 MHz, 3996 MHz, 0 %, 0 %
2026/09/20 16:32:56.275, 0, 970.04 W, 63, 2032 MHz, 3996 MHz, 96 %, 40 %
2026/09/20 16:32:56.275, 1, 976.50 W, 65, 2032 MHz, 3996 MHz, 99 %, 56 %
2026/09/20 16:32:56.275, 2, 903.70 W, 52, 2032 MHz, 3996 MHz, 76 %, 41 %
2026/09/20 16:32:56.275, 3, 935.45 W, 53, 2032 MHz, 3996 MHz, 100 %, 22 %
2026/09/20 16:32:56.275, 4, 181.34 W, 33, 120 MHz, 3996 MHz, 0 %, 0 %
2026/09/20 16:32:56.275, 5, 179.47 W, 31, 120 MHz, 3996 MHz, 0 %, 0 %
2026/09/20 16:32:56.275, 6, 180.12 W, 28, 120 MHz, 3996 MHz, 0 %, 0 %
2026/09/20 16:32:56.275, 7, 182.17 W, 29, 120 MHz, 3996 MHz, 0 %, 0 %
2026/09/20 16:32:57.275, 0, 890.77 W, 64, 2032 MHz, 3996 MHz, 96 %, 23 %
2026/09/20 16:32:57.275, 1, 839.93 W, 63, 2032 MHz, 3996 MHz, 99 %, 56 %
2026/09/20 16:32:57.275, 2, 813.31 W, 53, 2032 MHz, 3996 MHz, 96 %, 27 %
2026/09/20 16:32:57.275, 3, 840.83 W, 53, 2032 MHz, 3996 MHz, 100 %, 9 %
2026/09/20 16:32:57.275, 4, 181.30 W, 33, 120 MHz, 3996 MHz, 0 %, 0 %
2026/09/20 16:32:57.276, 5, 179.46 W, 31, 120 MHz, 3996 MHz, 0 %, 0 %
2026/09/20 16:32:57.276, 6, 180.13 W, 28, 120 MHz, 3996 MHz, 0 %, 0 %
2026/09/20 16:32:57.276, 7, 182.13 W, 29, 120 MHz, 3996 MHz, 0 %, 0 %
2026/09/20 16:32:58.276, 0, 976.51 W, 64, 2025 MHz, 3996 MHz, 99 %, 56 %
2026/09/20 16:32:58.276, 1, 962.26 W, 63, 1965 MHz, 3996 MHz, 99 %, 53 %
2026/09/20 16:32:58.276, 2, 929.43 W, 51, 2032 MHz, 3996 MHz, 99 %, 56 %
2026/09/20 16:32:58.276, 3, 956.98 W, 55, 2002 MHz, 3996 MHz, 99 %, 56 %
2026/09/20 16:32:58.276, 4, 181.30 W, 33, 120 MHz, 3996 MHz, 0 %, 0 %
2026/09/20 16:32:58.276, 5, 179.46 W, 31, 120 MHz, 3996 MHz, 0 %, 0 %
2026/09/20 16:32:58.276, 6, 180.15 W, 28, 120 MHz, 3996 MHz, 0 %, 0 %
2026/09/20 16:32:58.276, 7, 182.17 W, 29, 120 MHz, 3996 MHz, 0 %, 0 %
2026/09/20 16:32:59.276, 0, 911.84 W, 62, 2032 MHz, 3996 MHz, 100 %, 35 %
2026/09/20 16:32:59.276, 1, 868.85 W, 63, 2032 MHz, 3996 MHz, 100 %, 8 %
2026/09/20 16:32:59.276, 2, 819.39 W, 48, 2032 MHz, 3996 MHz, 67 %, 34 %
2026/09/20 16:32:59.276, 3, 867.20 W, 51, 2032 MHz, 3996 MHz, 91 %, 45 %
2026/09/20 16:32:59.276, 4, 181.30 W, 33, 120 MHz, 3996 MHz, 0 %, 0 %
2026/09/20 16:32:59.276, 5, 179.47 W, 31, 120 MHz, 3996 MHz, 0 %, 0 %
2026/09/20 16:32:59.276, 6, 180.15 W, 28, 120 MHz, 3996 MHz, 0 %, 0 %
2026/09/20 16:32:59.276, 7, 182.17 W, 29, 120 MHz, 3996 MHz, 0 %, 0 %
2026/09/20 16:33:00.276, 0, 919.59 W, 64, 2032 MHz, 3996 MHz, 99 %, 56 %
2026/09/20 16:33:00.276, 1, 927.00 W, 65, 2032 MHz, 3996 MHz, 99 %, 56 %
2026/09/20 16:33:00.276, 2, 902.42 W, 53, 2032 MHz, 3996 MHz, 99 %, 56 %
2026/09/20 16:33:00.276, 3, 827.07 W, 52, 2032 MHz, 3996 MHz, 59 %, 32 %
2026/09/20 16:33:00.276, 4, 181.30 W, 33, 120 MHz, 3996 MHz, 0 %, 0 %
2026/09/20 16:33:00.276, 5, 179.46 W, 31, 120 MHz, 3996 MHz, 0 %, 0 %
2026/09/20 16:33:00.276, 6, 180.16 W, 28, 120 MHz, 3996 MHz, 0 %, 0 %
2026/09/20 16:33:00.276, 7, 182.13 W, 29, 120 MHz, 3996 MHz, 0 %, 0 %
2026/09/20 16:33:01.277, 0, 993.63 W, 64, 2010 MHz, 3996 MHz, 99 %, 56 %
2026/09/20 16:33:01.277, 1, 953.54 W, 66, 2032 MHz, 3996 MHz, 99 %, 56 %
2026/09/20 16:33:01.277, 2, 970.98 W, 54, 2032 MHz, 3996 MHz, 99 %, 56 %
2026/09/20 16:33:01.277, 3, 963.41 W, 53, 2032 MHz, 3996 MHz, 99 %, 56 %
2026/09/20 16:33:01.277, 4, 181.34 W, 33, 120 MHz, 3996 MHz, 0 %, 0 %
2026/09/20 16:33:01.277, 5, 179.47 W, 31, 120 MHz, 3996 MHz, 0 %, 0 %
2026/09/20 16:33:01.277, 6, 180.15 W, 28, 120 MHz, 3996 MHz, 0 %, 0 %
2026/09/20 16:33:01.277, 7, 182.13 W, 29, 120 MHz, 3996 MHz, 0 %, 0 %
2026/09/20 16:33:02.277, 0, 977.33 W, 64, 2017 MHz, 3996 MHz, 99 %, 56 %
2026/09/20 16:33:02.277, 1, 979.84 W, 66, 2025 MHz, 3996 MHz, 99 %, 56 %
2026/09/20 16:33:02.277, 2, 958.11 W, 53, 2032 MHz, 3996 MHz, 99 %, 56 %
2026/09/20 16:33:02.277, 3, 947.54 W, 54, 2032 MHz, 3996 MHz, 99 %, 56 %
2026/09/20 16:33:02.277, 4, 181.30 W, 33, 120 MHz, 3996 MHz, 0 %, 0 %
2026/09/20 16:33:02.277, 5, 179.46 W, 31, 120 MHz, 3996 MHz, 0 %, 0 %
2026/09/20 16:33:02.277, 6, 180.14 W, 29, 120 MHz, 3996 MHz, 0 %, 0 %
2026/09/20 16:33:02.277, 7, 182.25 W, 29, 120 MHz, 3996 MHz, 0 %, 0 %
2026/09/20 16:33:03.277, 0, 913.95 W, 62, 2032 MHz, 3996 MHz, 100 %, 9 %
2026/09/20 16:33:03.277, 1, 880.42 W, 65, 2032 MHz, 3996 MHz, 95 %, 19 %
2026/09/20 16:33:03.277, 2, 871.55 W, 53, 2032 MHz, 3996 MHz, 100 %, 9 %
2026/09/20 16:33:03.277, 3, 815.66 W, 51, 2032 MHz, 3996 MHz, 28 %, 12 %
2026/09/20 16:33:03.277, 4, 181.30 W, 33, 120 MHz, 3996 MHz, 0 %, 0 %
2026/09/20 16:33:03.277, 5, 179.47 W, 31, 120 MHz, 3996 MHz, 0 %, 0 %
2026/09/20 16:33:03.277, 6, 180.15 W, 28, 120 MHz, 3996 MHz, 0 %, 0 %
2026/09/20 16:33:03.277, 7, 182.17 W, 29, 120 MHz, 3996 MHz, 0 %, 0 %
2026/09/20 16:33:04.277, 0, 930.06 W, 63, 2032 MHz, 3996 MHz, 100 %, 11 %
2026/09/20 16:33:04.277, 1, 938.01 W, 64, 2032 MHz, 3996 MHz, 94 %, 32 %
2026/09/20 16:33:04.277, 2, 876.47 W, 52, 2032 MHz, 3996 MHz, 34 %, 15 %
2026/09/20 16:33:04.277, 3, 901.23 W, 52, 2032 MHz, 3996 MHz, 96 %, 20 %
2026/09/20 16:33:04.278, 4, 181.30 W, 33, 120 MHz, 3996 MHz, 0 %, 0 %
2026/09/20 16:33:04.278, 5, 179.47 W, 31, 120 MHz, 3996 MHz, 0 %, 0 %
2026/09/20 16:33:04.278, 6, 180.17 W, 28, 120 MHz, 3996 MHz, 0 %, 0 %
2026/09/20 16:33:04.278, 7, 182.28 W, 29, 120 MHz, 3996 MHz, 0 %, 0 %
2026/09/20 16:33:05.278, 0, 924.11 W, 62, 2032 MHz, 3996 MHz, 100 %, 9 %
2026/09/20 16:33:05.278, 1, 903.79 W, 64, 2032 MHz, 3996 MHz, 100 %, 10 %
2026/09/20 16:33:05.278, 2, 843.81 W, 50, 2032 MHz, 3996 MHz, 29 %, 13 %
2026/09/20 16:33:05.278, 3, 892.65 W, 49, 2032 MHz, 3996 MHz, 96 %, 9 %
2026/09/20 16:33:05.278, 4, 181.30 W, 33, 120 MHz, 3996 MHz, 0 %, 0 %
2026/09/20 16:33:05.278, 5, 179.46 W, 31, 120 MHz, 3996 MHz, 0 %, 0 %
2026/09/20 16:33:05.278, 6, 180.16 W, 28, 120 MHz, 3996 MHz, 0 %, 0 %
2026/09/20 16:33:05.278, 7, 182.13 W, 29, 120 MHz, 3996 MHz, 0 %, 0 %
2026/09/20 16:33:06.278, 0, 916.99 W, 63, 2032 MHz, 3996 MHz, 99 %, 34 %
2026/09/20 16:33:06.278, 1, 927.91 W, 64, 2032 MHz, 3996 MHz, 95 %, 39 %
2026/09/20 16:33:06.278, 2, 877.74 W, 53, 2032 MHz, 3996 MHz, 65 %, 23 %
2026/09/20 16:33:06.278, 3, 856.28 W, 53, 2032 MHz, 3996 MHz, 100 %, 51 %
2026/09/20 16:33:06.278, 4, 181.30 W, 33, 120 MHz, 3996 MHz, 0 %, 0 %
2026/09/20 16:33:06.278, 5, 179.46 W, 31, 120 MHz, 3996 MHz, 0 %, 0 %
2026/09/20 16:33:06.278, 6, 180.14 W, 28, 120 MHz, 3996 MHz, 0 %, 0 %
2026/09/20 16:33:06.278, 7, 182.21 W, 29, 120 MHz, 3996 MHz, 0 %, 0 %
2026/09/20 16:33:07.278, 0, 911.89 W, 64, 2032 MHz, 3996 MHz, 96 %, 37 %
2026/09/20 16:33:07.278, 1, 888.98 W, 64, 2032 MHz, 3996 MHz, 99 %, 56 %
2026/09/20 16:33:07.278, 2, 832.95 W, 51, 2032 MHz, 3996 MHz, 70 %, 37 %
2026/09/20 16:33:07.278, 3, 810.27 W, 53, 2032 MHz, 3996 MHz, 98 %, 26 %
2026/09/20 16:33:07.278, 4, 181.30 W, 33, 120 MHz, 3996 MHz, 0 %, 0 %
2026/09/20 16:33:07.278, 5, 179.47 W, 31, 120 MHz, 3996 MHz, 0 %, 0 %
2026/09/20 16:33:07.278, 6, 180.12 W, 28, 120 MHz, 3996 MHz, 0 %, 0 %
2026/09/20 16:33:07.278, 7, 182.13 W, 29, 120 MHz, 3996 MHz, 0 %, 0 %
2026/09/20 16:33:08.279, 0, 927.21 W, 64, 2032 MHz, 3996 MHz, 99 %, 56 %
2026/09/20 16:33:08.279, 1, 939.77 W, 66, 2032 MHz, 3996 MHz, 99 %, 57 %
2026/09/20 16:33:08.279, 2, 855.27 W, 54, 2032 MHz, 3996 MHz, 99 %, 56 %
2026/09/20 16:33:08.279, 3, 851.91 W, 53, 2032 MHz, 3996 MHz, 94 %, 30 %
2026/09/20 16:33:08.279, 4, 181.30 W, 33, 120 MHz, 3996 MHz, 0 %, 0 %
2026/09/20 16:33:08.279, 5, 179.47 W, 31, 120 MHz, 3996 MHz, 0 %, 0 %
2026/09/20 16:33:08.279, 6, 180.16 W, 29, 120 MHz, 3996 MHz, 0 %, 0 %
2026/09/20 16:33:08.279, 7, 182.17 W, 29, 120 MHz, 3996 MHz, 0 %, 0 %
2026/09/20 16:33:09.279, 0, 850.36 W, 62, 2032 MHz, 3996 MHz, 100 %, 15 %
2026/09/20 16:33:09.279, 1, 834.65 W, 64, 2032 MHz, 3996 MHz, 100 %, 9 %
2026/09/20 16:33:09.279, 2, 742.39 W, 52, 2032 MHz, 3996 MHz, 100 %, 12 %
2026/09/20 16:33:09.279, 3, 694.19 W, 48, 2032 MHz, 3996 MHz, 88 %, 36 %
2026/09/20 16:33:09.279, 4, 181.30 W, 33, 120 MHz, 3996 MHz, 0 %, 0 %
2026/09/20 16:33:09.279, 5, 179.46 W, 31, 120 MHz, 3996 MHz, 0 %, 0 %
2026/09/20 16:33:09.279, 6, 180.15 W, 29, 120 MHz, 3996 MHz, 0 %, 0 %
2026/09/20 16:33:09.279, 7, 182.17 W, 29, 120 MHz, 3996 MHz, 0 %, 0 %
2026/09/20 16:33:10.279, 0, 882.55 W, 62, 2032 MHz, 3996 MHz, 100 %, 17 %
2026/09/20 16:33:10.279, 1, 810.91 W, 62, 2032 MHz, 3996 MHz, 30 %, 13 %
2026/09/20 16:33:10.279, 2, 839.04 W, 52, 2032 MHz, 3996 MHz, 100 %, 13 %
2026/09/20 16:33:10.279, 3, 810.83 W, 51, 2032 MHz, 3996 MHz, 79 %, 35 %
2026/09/20 16:33:10.279, 4, 181.30 W, 33, 120 MHz, 3996 MHz, 0 %, 0 %
2026/09/20 16:33:10.279, 5, 179.47 W, 31, 120 MHz, 3996 MHz, 0 %, 0 %
2026/09/20 16:33:10.279, 6, 180.13 W, 29, 120 MHz, 3996 MHz, 0 %, 0 %
2026/09/20 16:33:10.279, 7, 182.17 W, 29, 120 MHz, 3996 MHz, 0 %, 0 %
2026/09/20 16:33:11.279, 0, 892.43 W, 63, 2032 MHz, 3996 MHz, 99 %, 56 %
2026/09/20 16:33:11.279, 1, 875.24 W, 63, 2032 MHz, 3996 MHz, 100 %, 23 %
2026/09/20 16:33:11.279, 2, 808.23 W, 50, 2032 MHz, 3996 MHz, 99 %, 54 %
2026/09/20 16:33:11.279, 3, 833.31 W, 50, 2002 MHz, 3996 MHz, 95 %, 39 %
2026/09/20 16:33:11.279, 4, 181.30 W, 33, 120 MHz, 3996 MHz, 0 %, 0 %
2026/09/20 16:33:11.280, 5, 179.46 W, 31, 120 MHz, 3996 MHz, 0 %, 0 %
2026/09/20 16:33:11.280, 6, 180.15 W, 29, 120 MHz, 3996 MHz, 0 %, 0 %
2026/09/20 16:33:11.280, 7, 182.17 W, 29, 120 MHz, 3996 MHz, 0 %, 0 %
2026/09/20 16:33:12.280, 0, 872.45 W, 63, 2032 MHz, 3996 MHz, 100 %, 52 %
2026/09/20 16:33:12.280, 1, 864.33 W, 61, 2032 MHz, 3996 MHz, 43 %, 19 %
2026/09/20 16:33:12.280, 2, 824.49 W, 51, 2032 MHz, 3996 MHz, 100 %, 49 %
2026/09/20 16:33:12.280, 3, 818.30 W, 51, 2032 MHz, 3996 MHz, 99 %, 56 %
2026/09/20 16:33:12.280, 4, 181.30 W, 33, 120 MHz, 3996 MHz, 0 %, 0 %
2026/09/20 16:33:12.280, 5, 179.47 W, 31, 120 MHz, 3996 MHz, 0 %, 0 %
2026/09/20 16:33:12.280, 6, 180.15 W, 29, 120 MHz, 3996 MHz, 0 %, 0 %
2026/09/20 16:33:12.280, 7, 182.21 W, 29, 120 MHz, 3996 MHz, 0 %, 0 %
2026/09/20 16:33:13.280, 0, 825.75 W, 63, 2032 MHz, 3996 MHz, 100 %, 9 %
2026/09/20 16:33:13.280, 1, 782.71 W, 62, 2025 MHz, 3996 MHz, 95 %, 39 %
2026/09/20 16:33:13.280, 2, 791.20 W, 50, 2017 MHz, 3996 MHz, 96 %, 9 %
2026/09/20 16:33:13.280, 3, 702.31 W, 51, 2025 MHz, 3996 MHz, 28 %, 12 %
2026/09/20 16:33:13.280, 4, 181.30 W, 33, 120 MHz, 3996 MHz, 0 %, 0 %
2026/09/20 16:33:13.280, 5, 179.46 W, 31, 120 MHz, 3996 MHz, 0 %, 0 %
2026/09/20 16:33:13.280, 6, 180.17 W, 29, 120 MHz, 3996 MHz, 0 %, 0 %
2026/09/20 16:33:13.280, 7, 182.21 W, 29, 120 MHz, 3996 MHz, 0 %, 0 %
2026/09/20 16:33:14.280, 0, 897.40 W, 64, 2032 MHz, 3996 MHz, 99 %, 56 %
2026/09/20 16:33:14.280, 1, 862.05 W, 65, 2032 MHz, 3996 MHz, 99 %, 56 %
2026/09/20 16:33:14.280, 2, 866.82 W, 53, 2032 MHz, 3996 MHz, 99 %, 56 %
2026/09/20 16:33:14.280, 3, 856.56 W, 53, 2032 MHz, 3996 MHz, 99 %, 56 %
2026/09/20 16:33:14.280, 4, 181.34 W, 33, 120 MHz, 3996 MHz, 0 %, 0 %
2026/09/20 16:33:14.280, 5, 179.47 W, 31, 120 MHz, 3996 MHz, 0 %, 0 %
2026/09/20 16:33:14.280, 6, 180.14 W, 29, 120 MHz, 3996 MHz, 0 %, 0 %
2026/09/20 16:33:14.280, 7, 182.25 W, 29, 120 MHz, 3996 MHz, 0 %, 0 %
2026/09/20 16:33:15.281, 0, 947.69 W, 64, 2032 MHz, 3996 MHz, 95 %, 44 %
2026/09/20 16:33:15.281, 1, 904.56 W, 64, 2032 MHz, 3996 MHz, 99 %, 56 %
2026/09/20 16:33:15.281, 2, 894.54 W, 53, 2032 MHz, 3996 MHz, 95 %, 49 %
2026/09/20 16:33:15.281, 3, 914.00 W, 53, 2032 MHz, 3996 MHz, 95 %, 15 %
2026/09/20 16:33:15.281, 4, 181.30 W, 33, 120 MHz, 3996 MHz, 0 %, 0 %
2026/09/20 16:33:15.281, 5, 179.47 W, 31, 120 MHz, 3996 MHz, 0 %, 0 %
2026/09/20 16:33:15.281, 6, 180.15 W, 28, 120 MHz, 3996 MHz, 0 %, 0 %
2026/09/20 16:33:15.281, 7, 182.13 W, 29, 120 MHz, 3996 MHz, 0 %, 0 %
2026/09/20 16:33:16.281, 0, 907.72 W, 63, 2032 MHz, 3996 MHz, 100 %, 23 %
2026/09/20 16:33:16.281, 1, 864.81 W, 62, 2032 MHz, 3996 MHz, 100 %, 14 %
2026/09/20 16:33:16.281, 2, 840.32 W, 50, 2032 MHz, 3996 MHz, 64 %, 26 %
2026/09/20 16:33:16.281, 3, 835.58 W, 51, 2032 MHz, 3996 MHz, 95 %, 36 %
2026/09/20 16:33:16.281, 4, 181.37 W, 33, 120 MHz, 3996 MHz, 0 %, 0 %
2026/09/20 16:33:16.281, 5, 179.47 W, 31, 120 MHz, 3996 MHz, 0 %, 0 %
2026/09/20 16:33:16.281, 6, 180.16 W, 29, 120 MHz, 3996 MHz, 0 %, 0 %
2026/09/20 16:33:16.281, 7, 182.21 W, 29, 120 MHz, 3996 MHz, 0 %, 0 %
2026/09/20 16:33:17.281, 0, 901.58 W, 62, 2032 MHz, 3996 MHz, 100 %, 8 %
2026/09/20 16:33:17.281, 1, 907.64 W, 63, 2032 MHz, 3996 MHz, 96 %, 9 %
2026/09/20 16:33:17.281, 2, 831.84 W, 49, 2032 MHz, 3996 MHz, 27 %, 12 %
2026/09/20 16:33:17.281, 3, 811.09 W, 50, 2032 MHz, 3996 MHz, 100 %, 33 %
2026/09/20 16:33:17.281, 4, 181.30 W, 33, 120 MHz, 3996 MHz, 0 %, 0 %
2026/09/20 16:33:17.281, 5, 179.47 W, 31, 120 MHz, 3996 MHz, 0 %, 0 %
2026/09/20 16:33:17.281, 6, 180.15 W, 29, 120 MHz, 3996 MHz, 0 %, 0 %
2026/09/20 16:33:17.281, 7, 182.21 W, 29, 120 MHz, 3996 MHz, 0 %, 0 %
2026/09/20 16:33:18.281, 0, 839.72 W, 62, 2032 MHz, 3996 MHz, 100 %, 9 %
2026/09/20 16:33:18.281, 1, 834.58 W, 64, 1995 MHz, 3996 MHz, 95 %, 21 %
2026/09/20 16:33:18.281, 2, 788.12 W, 50, 2032 MHz, 3996 MHz, 100 %, 9 %
2026/09/20 16:33:18.281, 3, 709.80 W, 50, 2032 MHz, 3996 MHz, 29 %, 13 %
2026/09/20 16:33:18.281, 4, 181.38 W, 33, 120 MHz, 3996 MHz, 0 %, 0 %
2026/09/20 16:33:18.282, 5, 179.46 W, 31, 120 MHz, 3996 MHz, 0 %, 0 %
2026/09/20 16:33:18.282, 6, 180.13 W, 28, 120 MHz, 3996 MHz, 0 %, 0 %
2026/09/20 16:33:18.282, 7, 182.21 W, 29, 120 MHz, 3996 MHz, 0 %, 0 %
2026/09/20 16:33:19.282, 0, 867.59 W, 62, 2032 MHz, 3996 MHz, 97 %, 8 %
2026/09/20 16:33:19.282, 1, 832.95 W, 63, 2032 MHz, 3996 MHz, 100 %, 9 %
2026/09/20 16:33:19.282, 2, 790.48 W, 49, 2032 MHz, 3996 MHz, 100 %, 9 %
2026/09/20 16:33:19.282, 3, 802.91 W, 48, 2032 MHz, 3996 MHz, 74 %, 9 %
2026/09/20 16:33:19.282, 4, 181.30 W, 33, 120 MHz, 3996 MHz, 0 %, 0 %
2026/09/20 16:33:19.282, 5, 179.47 W, 31, 120 MHz, 3996 MHz, 0 %, 0 %
2026/09/20 16:33:19.282, 6, 180.13 W, 29, 120 MHz, 3996 MHz, 0 %, 0 %
2026/09/20 16:33:19.282, 7, 182.21 W, 29, 120 MHz, 3996 MHz, 0 %, 0 %
2026/09/20 16:33:20.282, 0, 877.57 W, 62, 2032 MHz, 3996 MHz, 100 %, 8 %
2026/09/20 16:33:20.282, 1, 851.41 W, 62, 2032 MHz, 3996 MHz, 34 %, 16 %
2026/09/20 16:33:20.282, 2, 823.29 W, 52, 2032 MHz, 3996 MHz, 100 %, 8 %
2026/09/20 16:33:20.282, 3, 796.20 W, 51, 2032 MHz, 3996 MHz, 100 %, 30 %
2026/09/20 16:33:20.282, 4, 181.30 W, 33, 120 MHz, 3996 MHz, 0 %, 0 %
2026/09/20 16:33:20.282, 5, 179.47 W, 31, 120 MHz, 3996 MHz, 0 %, 0 %
2026/09/20 16:33:20.282, 6, 180.15 W, 28, 120 MHz, 3996 MHz, 0 %, 0 %
2026/09/20 16:33:20.282, 7, 182.17 W, 29, 120 MHz, 3996 MHz, 0 %, 0 %
2026/09/20 16:33:21.282, 0, 885.46 W, 62, 2032 MHz, 3996 MHz, 100 %, 13 %
2026/09/20 16:33:21.282, 1, 820.82 W, 61, 2032 MHz, 3996 MHz, 100 %, 9 %
2026/09/20 16:33:21.282, 2, 836.97 W, 50, 2032 MHz, 3996 MHz, 100 %, 11 %
2026/09/20 16:33:21.282, 3, 814.10 W, 49, 2032 MHz, 3996 MHz, 88 %, 47 %
2026/09/20 16:33:21.282, 4, 181.34 W, 33, 120 MHz, 3996 MHz, 0 %, 0 %
2026/09/20 16:33:21.282, 5, 179.47 W, 31, 120 MHz, 3996 MHz, 0 %, 0 %
2026/09/20 16:33:21.282, 6, 180.14 W, 28, 120 MHz, 3996 MHz, 0 %, 0 %
2026/09/20 16:33:21.282, 7, 182.13 W, 29, 120 MHz, 3996 MHz, 0 %, 0 %
2026/09/20 16:33:22.283, 0, 867.42 W, 63, 2032 MHz, 3996 MHz, 96 %, 21 %
2026/09/20 16:33:22.283, 1, 853.22 W, 65, 2032 MHz, 3996 MHz, 98 %, 55 %
2026/09/20 16:33:22.283, 2, 804.36 W, 54, 1987 MHz, 3996 MHz, 96 %, 22 %
2026/09/20 16:33:22.283, 3, 791.66 W, 52, 2032 MHz, 3996 MHz, 36 %, 15 %
2026/09/20 16:33:22.283, 4, 181.30 W, 33, 120 MHz, 3996 MHz, 0 %, 0 %
2026/09/20 16:33:22.283, 5, 179.47 W, 31, 120 MHz, 3996 MHz, 0 %, 0 %
2026/09/20 16:33:22.283, 6, 180.14 W, 29, 120 MHz, 3996 MHz, 0 %, 0 %
2026/09/20 16:33:22.283, 7, 182.17 W, 29, 120 MHz, 3996 MHz, 0 %, 0 %
2026/09/20 16:33:23.283, 0, 899.02 W, 64, 2032 MHz, 3996 MHz, 96 %, 40 %
2026/09/20 16:33:23.283, 1, 906.19 W, 65, 2032 MHz, 3996 MHz, 99 %, 55 %
2026/09/20 16:33:23.283, 2, 866.24 W, 53, 2032 MHz, 3996 MHz, 80 %, 44 %
2026/09/20 16:33:23.283, 3, 860.94 W, 52, 2032 MHz, 3996 MHz, 97 %, 11 %
2026/09/20 16:33:23.283, 4, 181.30 W, 33, 120 MHz, 3996 MHz, 0 %, 0 %
2026/09/20 16:33:23.283, 5, 179.46 W, 31, 120 MHz, 3996 MHz, 0 %, 0 %
2026/09/20 16:33:23.283, 6, 180.14 W, 29, 120 MHz, 3996 MHz, 0 %, 0 %
2026/09/20 16:33:23.283, 7, 182.13 W, 29, 120 MHz, 3996 MHz, 0 %, 0 %
2026/09/20 16:33:24.283, 0, 942.13 W, 62, 2032 MHz, 3996 MHz, 96 %, 29 %
2026/09/20 16:33:24.283, 1, 895.79 W, 61, 2032 MHz, 3996 MHz, 100 %, 25 %
2026/09/20 16:33:24.283, 2, 903.29 W, 50, 2032 MHz, 3996 MHz, 95 %, 31 %
2026/09/20 16:33:24.283, 3, 913.12 W, 51, 1987 MHz, 3996 MHz, 100 %, 9 %
2026/09/20 16:33:24.283, 4, 181.30 W, 33, 120 MHz, 3996 MHz, 0 %, 0 %
2026/09/20 16:33:24.283, 5, 179.46 W, 31, 120 MHz, 3996 MHz, 0 %, 0 %
2026/09/20 16:33:24.283, 6, 180.16 W, 28, 120 MHz, 3996 MHz, 0 %, 0 %
2026/09/20 16:33:24.283, 7, 182.17 W, 29, 120 MHz, 3996 MHz, 0 %, 0 %
2026/09/20 16:33:25.283, 0, 858.55 W, 61, 2032 MHz, 3996 MHz, 100 %, 12 %
2026/09/20 16:33:25.283, 1, 901.04 W, 64, 2032 MHz, 3996 MHz, 75 %, 15 %
2026/09/20 16:33:25.283, 2, 867.36 W, 51, 2032 MHz, 3996 MHz, 34 %, 14 %
2026/09/20 16:33:25.283, 3, 847.72 W, 49, 2032 MHz, 3996 MHz, 100 %, 38 %
2026/09/20 16:33:25.283, 4, 181.34 W, 33, 120 MHz, 3996 MHz, 0 %, 0 %
2026/09/20 16:33:25.284, 5, 179.43 W, 31, 120 MHz, 3996 MHz, 0 %, 0 %
2026/09/20 16:33:25.284, 6, 180.14 W, 28, 120 MHz, 3996 MHz, 0 %, 0 %
2026/09/20 16:33:25.284, 7, 182.17 W, 29, 120 MHz, 3996 MHz, 0 %, 0 %
2026/09/20 16:33:26.284, 0, 991.02 W, 65, 2032 MHz, 3996 MHz, 99 %, 55 %
2026/09/20 16:33:26.284, 1, 980.28 W, 66, 2032 MHz, 3996 MHz, 99 %, 56 %
2026/09/20 16:33:26.284, 2, 970.12 W, 53, 2032 MHz, 3996 MHz, 99 %, 56 %
2026/09/20 16:33:26.284, 3, 928.32 W, 53, 2032 MHz, 3996 MHz, 99 %, 56 %
2026/09/20 16:33:26.284, 4, 181.30 W, 33, 120 MHz, 3996 MHz, 0 %, 0 %
2026/09/20 16:33:26.284, 5, 179.47 W, 31, 120 MHz, 3996 MHz, 0 %, 0 %
2026/09/20 16:33:26.284, 6, 180.14 W, 28, 120 MHz, 3996 MHz, 0 %, 0 %
2026/09/20 16:33:26.284, 7, 182.13 W, 29, 120 MHz, 3996 MHz, 0 %, 0 %
2026/09/20 16:33:27.284, 0, 864.95 W, 65, 2032 MHz, 3996 MHz, 99 %, 56 %
2026/09/20 16:33:27.284, 1, 807.45 W, 64, 2032 MHz, 3996 MHz, 99 %, 56 %
2026/09/20 16:33:27.284, 2, 787.48 W, 53, 2032 MHz, 3996 MHz, 99 %, 56 %
2026/09/20 16:33:27.284, 3, 837.15 W, 53, 2032 MHz, 3996 MHz, 97 %, 54 %
2026/09/20 16:33:27.284, 4, 181.30 W, 33, 120 MHz, 3996 MHz, 0 %, 0 %
2026/09/20 16:33:27.284, 5, 179.46 W, 31, 120 MHz, 3996 MHz, 0 %, 0 %
2026/09/20 16:33:27.284, 6, 180.15 W, 28, 120 MHz, 3996 MHz, 0 %, 0 %
2026/09/20 16:33:27.284, 7, 182.17 W, 29, 120 MHz, 3996 MHz, 0 %, 0 %
2026/09/20 16:33:28.284, 0, 823.65 W, 63, 2032 MHz, 3996 MHz, 95 %, 11 %
2026/09/20 16:33:28.284, 1, 815.62 W, 63, 2032 MHz, 3996 MHz, 95 %, 36 %
2026/09/20 16:33:28.284, 2, 770.97 W, 50, 2032 MHz, 3996 MHz, 38 %, 19 %
2026/09/20 16:33:28.284, 3, 835.91 W, 51, 2032 MHz, 3996 MHz, 100 %, 8 %
2026/09/20 16:33:28.284, 4, 181.30 W, 33, 120 MHz, 3996 MHz, 0 %, 0 %
2026/09/20 16:33:28.284, 5, 179.47 W, 31, 120 MHz, 3996 MHz, 0 %, 0 %
2026/09/20 16:33:28.284, 6, 180.15 W, 29, 120 MHz, 3996 MHz, 0 %, 0 %
2026/09/20 16:33:28.284, 7, 182.21 W, 29, 120 MHz, 3996 MHz, 0 %, 0 %
2026/09/20 16:33:29.285, 0, 995.60 W, 65, 2032 MHz, 3996 MHz, 99 %, 56 %
2026/09/20 16:33:29.285, 1, 992.68 W, 65, 2032 MHz, 3996 MHz, 99 %, 56 %
2026/09/20 16:33:29.285, 2, 973.76 W, 52, 2032 MHz, 3996 MHz, 99 %, 56 %
2026/09/20 16:33:29.285, 3, 937.59 W, 54, 2032 MHz, 3996 MHz, 99 %, 56 %
2026/09/20 16:33:29.285, 4, 181.30 W, 33, 120 MHz, 3996 MHz, 0 %, 0 %
2026/09/20 16:33:29.285, 5, 179.47 W, 31, 120 MHz, 3996 MHz, 0 %, 0 %
2026/09/20 16:33:29.285, 6, 180.17 W, 29, 120 MHz, 3996 MHz, 0 %, 0 %
2026/09/20 16:33:29.285, 7, 182.17 W, 29, 120 MHz, 3996 MHz, 0 %, 0 %
2026/09/20 16:33:30.285, 0, 808.99 W, 62, 2032 MHz, 3996 MHz, 100 %, 15 %
2026/09/20 16:33:30.285, 1, 753.46 W, 64, 2032 MHz, 3996 MHz, 95 %, 31 %
2026/09/20 16:33:30.285, 2, 730.52 W, 51, 2032 MHz, 3996 MHz, 100 %, 11 %
2026/09/20 16:33:30.285, 3, 727.41 W, 51, 2032 MHz, 3996 MHz, 50 %, 20 %
2026/09/20 16:33:30.285, 4, 181.30 W, 33, 120 MHz, 3996 MHz, 0 %, 0 %
2026/09/20 16:33:30.285, 5, 179.47 W, 31, 120 MHz, 3996 MHz, 0 %, 0 %
2026/09/20 16:33:30.285, 6, 180.15 W, 29, 120 MHz, 3996 MHz, 0 %, 0 %
2026/09/20 16:33:30.285, 7, 182.13 W, 29, 120 MHz, 3996 MHz, 0 %, 0 %
2026/09/20 16:33:31.285, 0, 996.62 W, 64, 2032 MHz, 3996 MHz, 98 %, 55 %
2026/09/20 16:33:31.285, 1, 987.89 W, 66, 2032 MHz, 3996 MHz, 99 %, 56 %
2026/09/20 16:33:31.285, 2, 964.89 W, 52, 2032 MHz, 3996 MHz, 99 %, 56 %
2026/09/20 16:33:31.285, 3, 931.26 W, 53, 2032 MHz, 3996 MHz, 51 %, 27 %
2026/09/20 16:33:31.285, 4, 181.30 W, 33, 120 MHz, 3996 MHz, 0 %, 0 %
2026/09/20 16:33:31.285, 5, 179.47 W, 31, 120 MHz, 3996 MHz, 0 %, 0 %
2026/09/20 16:33:31.285, 6, 180.14 W, 29, 120 MHz, 3996 MHz, 0 %, 0 %
2026/09/20 16:33:31.285, 7, 182.13 W, 29, 120 MHz, 3996 MHz, 0 %, 0 %
2026/09/20 16:33:32.285, 0, 959.86 W, 64, 2032 MHz, 3996 MHz, 99 %, 53 %
2026/09/20 16:33:32.285, 1, 910.02 W, 64, 2032 MHz, 3996 MHz, 100 %, 20 %
2026/09/20 16:33:32.285, 2, 871.41 W, 50, 2032 MHz, 3996 MHz, 99 %, 52 %
2026/09/20 16:33:32.285, 3, 928.27 W, 52, 2032 MHz, 3996 MHz, 99 %, 56 %
2026/09/20 16:33:32.285, 4, 181.30 W, 33, 120 MHz, 3996 MHz, 0 %, 0 %
2026/09/20 16:33:32.286, 5, 179.46 W, 31, 120 MHz, 3996 MHz, 0 %, 0 %
2026/09/20 16:33:32.286, 6, 180.15 W, 29, 120 MHz, 3996 MHz, 0 %, 0 %
2026/09/20 16:33:32.286, 7, 182.13 W, 29, 120 MHz, 3996 MHz, 0 %, 0 %
2026/09/20 16:33:33.286, 0, 879.06 W, 64, 2032 MHz, 3996 MHz, 93 %, 44 %
2026/09/20 16:33:33.286, 1, 908.03 W, 64, 2032 MHz, 3996 MHz, 99 %, 56 %
2026/09/20 16:33:33.286, 2, 882.34 W, 53, 2032 MHz, 3996 MHz, 95 %, 46 %
2026/09/20 16:33:33.286, 3, 867.05 W, 53, 2032 MHz, 3996 MHz, 96 %, 14 %
2026/09/20 16:33:33.286, 4, 181.30 W, 33, 120 MHz, 3996 MHz, 0 %, 0 %
2026/09/20 16:33:33.286, 5, 179.47 W, 31, 120 MHz, 3996 MHz, 0 %, 0 %
2026/09/20 16:33:33.286, 6, 180.16 W, 29, 120 MHz, 3996 MHz, 0 %, 0 %
2026/09/20 16:33:33.286, 7, 182.17 W, 29, 120 MHz, 3996 MHz, 0 %, 0 %
2026/09/20 16:33:34.286, 0, 927.85 W, 61, 2032 MHz, 3996 MHz, 100 %, 11 %
2026/09/20 16:33:34.286, 1, 928.72 W, 65, 2032 MHz, 3996 MHz, 77 %, 31 %
2026/09/20 16:33:34.286, 2, 894.45 W, 52, 2032 MHz, 3996 MHz, 35 %, 14 %
2026/09/20 16:33:34.286, 3, 864.92 W, 52, 2032 MHz, 3996 MHz, 100 %, 19 %
2026/09/20 16:33:34.286, 4, 181.30 W, 33, 120 MHz, 3996 MHz, 0 %, 0 %
2026/09/20 16:33:34.286, 5, 179.46 W, 31, 120 MHz, 3996 MHz, 0 %, 0 %
2026/09/20 16:33:34.286, 6, 180.16 W, 29, 120 MHz, 3996 MHz, 0 %, 0 %
2026/09/20 16:33:34.286, 7, 182.25 W, 29, 120 MHz, 3996 MHz, 0 %, 0 %
2026/09/20 16:33:35.286, 0, 996.38 W, 64, 2032 MHz, 3996 MHz, 99 %, 57 %
2026/09/20 16:33:35.286, 1, 994.76 W, 66, 2010 MHz, 3996 MHz, 99 %, 56 %
2026/09/20 16:33:35.286, 2, 966.00 W, 53, 2032 MHz, 3996 MHz, 99 %, 56 %
2026/09/20 16:33:35.286, 3, 932.01 W, 54, 2032 MHz, 3996 MHz, 99 %, 56 %
2026/09/20 16:33:35.286, 4, 181.30 W, 33, 120 MHz, 3996 MHz, 0 %, 0 %
2026/09/20 16:33:35.286, 5, 179.46 W, 31, 120 MHz, 3996 MHz, 0 %, 0 %
2026/09/20 16:33:35.286, 6, 180.15 W, 29, 120 MHz, 3996 MHz, 0 %, 0 %
2026/09/20 16:33:35.286, 7, 182.17 W, 29, 120 MHz, 3996 MHz, 0 %, 0 %
2026/09/20 16:33:36.286, 0, 815.71 W, 63, 1972 MHz, 3996 MHz, 100 %, 9 %
2026/09/20 16:33:36.287, 1, 863.05 W, 64, 2017 MHz, 3996 MHz, 100 %, 11 %
2026/09/20 16:33:36.287, 2, 844.81 W, 51, 2032 MHz, 3996 MHz, 100 %, 9 %
2026/09/20 16:33:36.287, 3, 823.44 W, 52, 2032 MHz, 3996 MHz, 38 %, 16 %
2026/09/20 16:33:36.287, 4, 181.34 W, 33, 120 MHz, 3996 MHz, 0 %, 0 %
2026/09/20 16:33:36.287, 5, 179.46 W, 31, 120 MHz, 3996 MHz, 0 %, 0 %
2026/09/20 16:33:36.287, 6, 180.17 W, 29, 120 MHz, 3996 MHz, 0 %, 0 %
2026/09/20 16:33:36.287, 7, 182.13 W, 29, 120 MHz, 3996 MHz, 0 %, 0 %
2026/09/20 16:33:37.287, 0, 870.04 W, 63, 2032 MHz, 3996 MHz, 100 %, 34 %
2026/09/20 16:33:37.287, 1, 873.36 W, 63, 2032 MHz, 3996 MHz, 100 %, 8 %
2026/09/20 16:33:37.287, 2, 845.67 W, 48, 2032 MHz, 3996 MHz, 66 %, 33 %
2026/09/20 16:33:37.287, 3, 879.89 W, 52, 2032 MHz, 3996 MHz, 99 %, 56 %
2026/09/20 16:33:37.287, 4, 181.38 W, 33, 120 MHz, 3996 MHz, 0 %, 0 %
2026/09/20 16:33:37.287, 5, 179.47 W, 31, 120 MHz, 3996 MHz, 0 %, 0 %
2026/09/20 16:33:37.287, 6, 180.16 W, 29, 120 MHz, 3996 MHz, 0 %, 0 %
2026/09/20 16:33:37.287, 7, 182.25 W, 29, 120 MHz, 3996 MHz, 0 %, 0 %
2026/09/20 16:33:38.287, 0, 887.69 W, 63, 2032 MHz, 3996 MHz, 100 %, 52 %
2026/09/20 16:33:38.287, 1, 875.73 W, 62, 2032 MHz, 3996 MHz, 50 %, 21 %
2026/09/20 16:33:38.287, 2, 786.06 W, 49, 2032 MHz, 3996 MHz, 100 %, 49 %
2026/09/20 16:33:38.287, 3, 856.16 W, 51, 2032 MHz, 3996 MHz, 95 %, 51 %
2026/09/20 16:33:38.287, 4, 181.30 W, 33, 120 MHz, 3996 MHz, 0 %, 0 %
2026/09/20 16:33:38.287, 5, 179.47 W, 31, 120 MHz, 3996 MHz, 0 %, 0 %
2026/09/20 16:33:38.287, 6, 180.13 W, 29, 120 MHz, 3996 MHz, 0 %, 0 %
2026/09/20 16:33:38.287, 7, 182.17 W, 29, 120 MHz, 3996 MHz, 0 %, 0 %
2026/09/20 16:33:39.287, 0, 818.99 W, 61, 2032 MHz, 3996 MHz, 100 %, 9 %
2026/09/20 16:33:39.287, 1, 808.96 W, 62, 2032 MHz, 3996 MHz, 28 %, 12 %
2026/09/20 16:33:39.287, 2, 804.66 W, 52, 2032 MHz, 3996 MHz, 100 %, 9 %
2026/09/20 16:33:39.287, 3, 814.15 W, 51, 2032 MHz, 3996 MHz, 96 %, 8 %
2026/09/20 16:33:39.287, 4, 181.30 W, 33, 120 MHz, 3996 MHz, 0 %, 0 %
2026/09/20 16:33:39.288, 5, 179.47 W, 31, 120 MHz, 3996 MHz, 0 %, 0 %
2026/09/20 16:33:39.288, 6, 180.13 W, 29, 120 MHz, 3996 MHz, 0 %, 0 %
2026/09/20 16:33:39.288, 7, 182.17 W, 29, 120 MHz, 3996 MHz, 0 %, 0 %
2026/09/20 16:33:40.288, 0, 875.29 W, 62, 2032 MHz, 3996 MHz, 100 %, 27 %
2026/09/20 16:33:40.288, 1, 852.69 W, 62, 2032 MHz, 3996 MHz, 100 %, 9 %
2026/09/20 16:33:40.288, 2, 775.47 W, 48, 2032 MHz, 3996 MHz, 55 %, 27 %
2026/09/20 16:33:40.288, 3, 832.18 W, 51, 2032 MHz, 3996 MHz, 99 %, 56 %
2026/09/20 16:33:40.288, 4, 181.34 W, 33, 120 MHz, 3996 MHz, 0 %, 0 %
2026/09/20 16:33:40.288, 5, 179.47 W, 31, 120 MHz, 3996 MHz, 0 %, 0 %
2026/09/20 16:33:40.288, 6, 180.14 W, 28, 120 MHz, 3996 MHz, 0 %, 0 %
2026/09/20 16:33:40.288, 7, 182.13 W, 29, 120 MHz, 3996 MHz, 0 %, 0 %
2026/09/20 16:33:41.288, 0, 925.56 W, 64, 2017 MHz, 3996 MHz, 100 %, 18 %
2026/09/20 16:33:41.288, 1, 875.49 W, 62, 2025 MHz, 3996 MHz, 94 %, 40 %
2026/09/20 16:33:41.288, 2, 862.16 W, 50, 2032 MHz, 3996 MHz, 39 %, 17 %
2026/09/20 16:33:41.288, 3, 875.62 W, 53, 2010 MHz, 3996 MHz, 50 %, 20 %
2026/09/20 16:33:41.288, 4, 181.30 W, 33, 120 MHz, 3996 MHz, 0 %, 0 %
2026/09/20 16:33:41.288, 5, 179.47 W, 31, 120 MHz, 3996 MHz, 0 %, 0 %
2026/09/20 16:33:41.288, 6, 180.15 W, 28, 120 MHz, 3996 MHz, 0 %, 0 %
2026/09/20 16:33:41.288, 7, 182.13 W, 29, 120 MHz, 3996 MHz, 0 %, 0 %
2026/09/20 16:33:42.288, 0, 877.57 W, 63, 2032 MHz, 3996 MHz, 95 %, 10 %
2026/09/20 16:33:42.288, 1, 816.91 W, 61, 2025 MHz, 3996 MHz, 77 %, 39 %
2026/09/20 16:33:42.288, 2, 848.86 W, 51, 2032 MHz, 3996 MHz, 95 %, 17 %
2026/09/20 16:33:42.288, 3, 805.59 W, 50, 2032 MHz, 3996 MHz, 27 %, 12 %
2026/09/20 16:33:42.288, 4, 181.34 W, 33, 120 MHz, 3996 MHz, 0 %, 0 %
2026/09/20 16:33:42.288, 5, 179.47 W, 31, 120 MHz, 3996 MHz, 0 %, 0 %
2026/09/20 16:33:42.288, 6, 180.12 W, 28, 120 MHz, 3996 MHz, 0 %, 0 %
2026/09/20 16:33:42.288, 7, 182.13 W, 29, 120 MHz, 3996 MHz, 0 %, 0 %
2026/09/20 16:33:43.289, 0, 894.88 W, 64, 2032 MHz, 3996 MHz, 99 %, 56 %
2026/09/20 16:33:43.289, 1, 887.86 W, 65, 2032 MHz, 3996 MHz, 99 %, 56 %
2026/09/20 16:33:43.289, 2, 881.03 W, 53, 2032 MHz, 3996 MHz, 99 %, 56 %
2026/09/20 16:33:43.289, 3, 849.65 W, 52, 2032 MHz, 3996 MHz, 95 %, 31 %
2026/09/20 16:33:43.289, 4, 181.30 W, 33, 120 MHz, 3996 MHz, 0 %, 0 %
2026/09/20 16:33:43.289, 5, 179.47 W, 31, 120 MHz, 3996 MHz, 0 %, 0 %
2026/09/20 16:33:43.289, 6, 180.11 W, 28, 120 MHz, 3996 MHz, 0 %, 0 %
2026/09/20 16:33:43.289, 7, 182.13 W, 29, 120 MHz, 3996 MHz, 0 %, 0 %
2026/09/20 16:33:44.289, 0, 840.40 W, 64, 2032 MHz, 3996 MHz, 94 %, 34 %
2026/09/20 16:33:44.289, 1, 852.36 W, 64, 2032 MHz, 3996 MHz, 99 %, 56 %
2026/09/20 16:33:44.289, 2, 833.21 W, 52, 2032 MHz, 3996 MHz, 95 %, 35 %
2026/09/20 16:33:44.289, 3, 784.46 W, 52, 2032 MHz, 3996 MHz, 100 %, 11 %
2026/09/20 16:33:44.289, 4, 181.30 W, 33, 120 MHz, 3996 MHz, 0 %, 0 %
2026/09/20 16:33:44.289, 5, 179.43 W, 31, 120 MHz, 3996 MHz, 0 %, 0 %
2026/09/20 16:33:44.289, 6, 180.15 W, 28, 120 MHz, 3996 MHz, 0 %, 0 %
2026/09/20 16:33:44.289, 7, 182.17 W, 29, 120 MHz, 3996 MHz, 0 %, 0 %
2026/09/20 16:33:45.289, 0, 903.83 W, 63, 2032 MHz, 3996 MHz, 96 %, 23 %
2026/09/20 16:33:45.289, 1, 846.20 W, 64, 2032 MHz, 3996 MHz, 100 %, 56 %
2026/09/20 16:33:45.289, 2, 863.69 W, 52, 2032 MHz, 3996 MHz, 95 %, 25 %
2026/09/20 16:33:45.289, 3, 858.98 W, 51, 2032 MHz, 3996 MHz, 40 %, 17 %
2026/09/20 16:33:45.289, 4, 181.30 W, 33, 120 MHz, 3996 MHz, 0 %, 0 %
2026/09/20 16:33:45.289, 5, 179.47 W, 31, 120 MHz, 3996 MHz, 0 %, 0 %
2026/09/20 16:33:45.289, 6, 180.14 W, 28, 120 MHz, 3996 MHz, 0 %, 0 %
2026/09/20 16:33:45.289, 7, 182.13 W, 29, 120 MHz, 3996 MHz, 0 %, 0 %
2026/09/20 16:33:46.289, 0, 912.97 W, 62, 2032 MHz, 3996 MHz, 95 %, 31 %
2026/09/20 16:33:46.289, 1, 870.97 W, 62, 2032 MHz, 3996 MHz, 90 %, 27 %
2026/09/20 16:33:46.289, 2, 846.50 W, 49, 2032 MHz, 3996 MHz, 68 %, 34 %
2026/09/20 16:33:46.289, 3, 881.46 W, 50, 2032 MHz, 3996 MHz, 100 %, 14 %
2026/09/20 16:33:46.289, 4, 181.34 W, 33, 120 MHz, 3996 MHz, 0 %, 0 %
2026/09/20 16:33:46.290, 5, 179.46 W, 31, 120 MHz, 3996 MHz, 0 %, 0 %
2026/09/20 16:33:46.290, 6, 180.13 W, 28, 120 MHz, 3996 MHz, 0 %, 0 %
2026/09/20 16:33:46.290, 7, 182.17 W, 29, 120 MHz, 3996 MHz, 0 %, 0 %
2026/09/20 16:33:47.290, 0, 829.46 W, 61, 2032 MHz, 3996 MHz, 100 %, 10 %
2026/09/20 16:33:47.290, 1, 821.85 W, 61, 2032 MHz, 3996 MHz, 96 %, 8 %
2026/09/20 16:33:47.290, 2, 768.79 W, 48, 2032 MHz, 3996 MHz, 27 %, 11 %
2026/09/20 16:33:47.290, 3, 761.23 W, 50, 2032 MHz, 3996 MHz, 100 %, 41 %
2026/09/20 16:33:47.290, 4, 181.30 W, 33, 120 MHz, 3996 MHz, 0 %, 0 %
2026/09/20 16:33:47.290, 5, 179.47 W, 31, 120 MHz, 3996 MHz, 0 %, 0 %
2026/09/20 16:33:47.290, 6, 180.13 W, 28, 120 MHz, 3996 MHz, 0 %, 0 %
2026/09/20 16:33:47.290, 7, 182.17 W, 29, 120 MHz, 3996 MHz, 0 %, 0 %
2026/09/20 16:33:48.290, 0, 896.16 W, 62, 2032 MHz, 3996 MHz, 96 %, 47 %
2026/09/20 16:33:48.290, 1, 871.13 W, 61, 2032 MHz, 3996 MHz, 37 %, 15 %
2026/09/20 16:33:48.290, 2, 858.83 W, 49, 2032 MHz, 3996 MHz, 100 %, 41 %
2026/09/20 16:33:48.290, 3, 816.67 W, 50, 2032 MHz, 3996 MHz, 99 %, 55 %
2026/09/20 16:33:48.290, 4, 181.30 W, 33, 120 MHz, 3996 MHz, 0 %, 0 %
2026/09/20 16:33:48.290, 5, 179.43 W, 31, 120 MHz, 3996 MHz, 0 %, 0 %
2026/09/20 16:33:48.290, 6, 180.13 W, 28, 120 MHz, 3996 MHz, 0 %, 0 %
2026/09/20 16:33:48.290, 7, 182.13 W, 29, 120 MHz, 3996 MHz, 0 %, 0 %
2026/09/20 16:33:49.290, 0, 847.20 W, 59, 2032 MHz, 3996 MHz, 100 %, 32 %
2026/09/20 16:33:49.290, 1, 809.52 W, 61, 2032 MHz, 3996 MHz, 100 %, 11 %
2026/09/20 16:33:49.290, 2, 797.79 W, 47, 2032 MHz, 3996 MHz, 75 %, 32 %
2026/09/20 16:33:49.290, 3, 817.36 W, 49, 2032 MHz, 3996 MHz, 99 %, 56 %
2026/09/20 16:33:49.290, 4, 181.30 W, 33, 120 MHz, 3996 MHz, 0 %, 0 %
2026/09/20 16:33:49.290, 5, 179.47 W, 31, 120 MHz, 3996 MHz, 0 %, 0 %
2026/09/20 16:33:49.290, 6, 180.15 W, 28, 120 MHz, 3996 MHz, 0 %, 0 %
2026/09/20 16:33:49.290, 7, 182.13 W, 29, 120 MHz, 3996 MHz, 0 %, 0 %
2026/09/20 16:33:50.291, 0, 888.04 W, 61, 1987 MHz, 3996 MHz, 99 %, 56 %
2026/09/20 16:33:50.291, 1, 913.43 W, 62, 2025 MHz, 3996 MHz, 39 %, 17 %
2026/09/20 16:33:50.291, 2, 857.43 W, 49, 2032 MHz, 3996 MHz, 99 %, 56 %
2026/09/20 16:33:50.291, 3, 873.50 W, 53, 2032 MHz, 3996 MHz, 95 %, 35 %
2026/09/20 16:33:50.291, 4, 181.30 W, 33, 120 MHz, 3996 MHz, 0 %, 0 %
2026/09/20 16:33:50.291, 5, 179.47 W, 31, 120 MHz, 3996 MHz, 0 %, 0 %
2026/09/20 16:33:50.291, 6, 180.12 W, 28, 120 MHz, 3996 MHz, 0 %, 0 %
2026/09/20 16:33:50.291, 7, 182.13 W, 29, 120 MHz, 3996 MHz, 0 %, 0 %
2026/09/20 16:33:51.291, 0, 878.03 W, 61, 2032 MHz, 3996 MHz, 100 %, 9 %
2026/09/20 16:33:51.291, 1, 857.56 W, 62, 2017 MHz, 3996 MHz, 46 %, 20 %
2026/09/20 16:33:51.291, 2, 798.36 W, 49, 2032 MHz, 3996 MHz, 29 %, 13 %
2026/09/20 16:33:51.291, 3, 800.93 W, 51, 2032 MHz, 3996 MHz, 100 %, 9 %
2026/09/20 16:33:51.291, 4, 181.30 W, 33, 120 MHz, 3996 MHz, 0 %, 0 %
2026/09/20 16:33:51.291, 5, 179.47 W, 31, 120 MHz, 3996 MHz, 0 %, 0 %
2026/09/20 16:33:51.291, 6, 180.11 W, 28, 120 MHz, 3996 MHz, 0 %, 0 %
2026/09/20 16:33:51.291, 7, 182.17 W, 29, 120 MHz, 3996 MHz, 0 %, 0 %
2026/09/20 16:33:52.291, 0, 876.65 W, 63, 2032 MHz, 3996 MHz, 100 %, 9 %
2026/09/20 16:33:52.291, 1, 835.27 W, 63, 2032 MHz, 3996 MHz, 96 %, 49 %
2026/09/20 16:33:52.291, 2, 800.28 W, 51, 2032 MHz, 3996 MHz, 26 %, 12 %
2026/09/20 16:33:52.291, 3, 837.57 W, 52, 2032 MHz, 3996 MHz, 100 %, 8 %
2026/09/20 16:33:52.291, 4, 181.30 W, 33, 120 MHz, 3996 MHz, 0 %, 0 %
2026/09/20 16:33:52.291, 5, 179.47 W, 31, 120 MHz, 3996 MHz, 0 %, 0 %
2026/09/20 16:33:52.291, 6, 180.10 W, 28, 120 MHz, 3996 MHz, 0 %, 0 %
2026/09/20 16:33:52.291, 7, 182.13 W, 29, 120 MHz, 3996 MHz, 0 %, 0 %
2026/09/20 16:33:53.291, 0, 877.45 W, 62, 2032 MHz, 3996 MHz, 95 %, 35 %
2026/09/20 16:33:53.291, 1, 842.16 W, 63, 2032 MHz, 3996 MHz, 99 %, 55 %
2026/09/20 16:33:53.291, 2, 818.08 W, 51, 2032 MHz, 3996 MHz, 95 %, 38 %
2026/09/20 16:33:53.291, 3, 833.74 W, 52, 2032 MHz, 3996 MHz, 100 %, 15 %
2026/09/20 16:33:53.291, 4, 181.30 W, 33, 120 MHz, 3996 MHz, 0 %, 0 %
2026/09/20 16:33:53.292, 5, 179.46 W, 31, 120 MHz, 3996 MHz, 0 %, 0 %
2026/09/20 16:33:53.292, 6, 180.10 W, 28, 120 MHz, 3996 MHz, 0 %, 0 %
2026/09/20 16:33:53.292, 7, 182.13 W, 29, 120 MHz, 3996 MHz, 0 %, 0 %
2026/09/20 16:33:54.292, 0, 834.36 W, 64, 2032 MHz, 3996 MHz, 95 %, 20 %
2026/09/20 16:33:54.292, 1, 864.09 W, 63, 2032 MHz, 3996 MHz, 100 %, 36 %
2026/09/20 16:33:54.292, 2, 806.13 W, 52, 2002 MHz, 3996 MHz, 95 %, 24 %
2026/09/20 16:33:54.292, 3, 841.19 W, 50, 2032 MHz, 3996 MHz, 35 %, 15 %
2026/09/20 16:33:54.292, 4, 181.30 W, 33, 120 MHz, 3996 MHz, 0 %, 0 %
2026/09/20 16:33:54.292, 5, 179.46 W, 31, 120 MHz, 3996 MHz, 0 %, 0 %
2026/09/20 16:33:54.292, 6, 180.15 W, 28, 120 MHz, 3996 MHz, 0 %, 0 %
2026/09/20 16:33:54.292, 7, 182.13 W, 29, 120 MHz, 3996 MHz, 0 %, 0 %
2026/09/20 16:33:55.292, 0, 825.83 W, 62, 2032 MHz, 3996 MHz, 100 %, 8 %
2026/09/20 16:33:55.292, 1, 799.84 W, 63, 2032 MHz, 3996 MHz, 99 %, 55 %
2026/09/20 16:33:55.292, 2, 752.18 W, 50, 2032 MHz, 3996 MHz, 100 %, 8 %
2026/09/20 16:33:55.292, 3, 763.70 W, 47, 2032 MHz, 3996 MHz, 70 %, 35 %
2026/09/20 16:33:55.292, 4, 181.30 W, 33, 120 MHz, 3996 MHz, 0 %, 0 %
2026/09/20 16:33:55.292, 5, 179.47 W, 31, 120 MHz, 3996 MHz, 0 %, 0 %
2026/09/20 16:33:55.292, 6, 180.14 W, 28, 120 MHz, 3996 MHz, 0 %, 0 %
2026/09/20 16:33:55.292, 7, 182.13 W, 29, 120 MHz, 3996 MHz, 0 %, 0 %
2026/09/20 16:33:56.292, 0, 932.20 W, 63, 2032 MHz, 3996 MHz, 99 %, 56 %
2026/09/20 16:33:56.292, 1, 886.04 W, 63, 2032 MHz, 3996 MHz, 99 %, 56 %
2026/09/20 16:33:56.292, 2, 900.23 W, 52, 2032 MHz, 3996 MHz, 99 %, 56 %
2026/09/20 16:33:56.292, 3, 885.94 W, 52, 2032 MHz, 3996 MHz, 95 %, 41 %
2026/09/20 16:33:56.292, 4, 181.30 W, 33, 120 MHz, 3996 MHz, 0 %, 0 %
2026/09/20 16:33:56.292, 5, 179.47 W, 31, 120 MHz, 3996 MHz, 0 %, 0 %
2026/09/20 16:33:56.292, 6, 180.15 W, 28, 120 MHz, 3996 MHz, 0 %, 0 %
2026/09/20 16:33:56.292, 7, 182.13 W, 29, 120 MHz, 3996 MHz, 0 %, 0 %
2026/09/20 16:33:57.293, 0, 858.10 W, 60, 2032 MHz, 3996 MHz, 100 %, 9 %
2026/09/20 16:33:57.293, 1, 841.09 W, 60, 2025 MHz, 3996 MHz, 34 %, 14 %
2026/09/20 16:33:57.293, 2, 731.28 W, 48, 2032 MHz, 3996 MHz, 28 %, 12 %
2026/09/20 16:33:57.293, 3, 815.46 W, 51, 2032 MHz, 3996 MHz, 95 %, 11 %
2026/09/20 16:33:57.293, 4, 181.30 W, 33, 120 MHz, 3996 MHz, 0 %, 0 %
2026/09/20 16:33:57.293, 5, 179.43 W, 31, 120 MHz, 3996 MHz, 0 %, 0 %
2026/09/20 16:33:57.293, 6, 180.12 W, 28, 120 MHz, 3996 MHz, 0 %, 0 %
2026/09/20 16:33:57.293, 7, 182.13 W, 28, 120 MHz, 3996 MHz, 0 %, 0 %
2026/09/20 16:33:58.293, 0, 989.79 W, 62, 2002 MHz, 3996 MHz, 99 %, 56 %
2026/09/20 16:33:58.293, 1, 949.36 W, 62, 2025 MHz, 3996 MHz, 51 %, 21 %
2026/09/20 16:33:58.293, 2, 950.37 W, 50, 2032 MHz, 3996 MHz, 99 %, 56 %
2026/09/20 16:33:58.293, 3, 957.34 W, 52, 2032 MHz, 3996 MHz, 99 %, 56 %
2026/09/20 16:33:58.293, 4, 181.30 W, 33, 120 MHz, 3996 MHz, 0 %, 0 %
2026/09/20 16:33:58.293, 5, 179.46 W, 31, 120 MHz, 3996 MHz, 0 %, 0 %
2026/09/20 16:33:58.293, 6, 180.14 W, 28, 120 MHz, 3996 MHz, 0 %, 0 %
2026/09/20 16:33:58.293, 7, 182.13 W, 28, 120 MHz, 3996 MHz, 0 %, 0 %
2026/09/20 16:33:59.293, 0, 891.01 W, 63, 2032 MHz, 3996 MHz, 100 %, 9 %
2026/09/20 16:33:59.293, 1, 895.33 W, 63, 2032 MHz, 3996 MHz, 99 %, 56 %
2026/09/20 16:33:59.293, 2, 846.53 W, 51, 2032 MHz, 3996 MHz, 100 %, 9 %
2026/09/20 16:33:59.293, 3, 821.85 W, 51, 2032 MHz, 3996 MHz, 28 %, 12 %
2026/09/20 16:33:59.293, 4, 181.30 W, 33, 120 MHz, 3996 MHz, 0 %, 0 %
2026/09/20 16:33:59.293, 5, 179.43 W, 31, 120 MHz, 3996 MHz, 0 %, 0 %
2026/09/20 16:33:59.293, 6, 180.11 W, 28, 120 MHz, 3996 MHz, 0 %, 0 %
2026/09/20 16:33:59.293, 7, 182.13 W, 28, 120 MHz, 3996 MHz, 0 %, 0 %
2026/09/20 16:34:00.293, 0, 914.87 W, 63, 2032 MHz, 3996 MHz, 99 %, 56 %
2026/09/20 16:34:00.293, 1, 916.77 W, 63, 2032 MHz, 3996 MHz, 99 %, 55 %
2026/09/20 16:34:00.293, 2, 877.68 W, 51, 2032 MHz, 3996 MHz, 99 %, 56 %
2026/09/20 16:34:00.293, 3, 879.59 W, 51, 2032 MHz, 3996 MHz, 99 %, 55 %
2026/09/20 16:34:00.293, 4, 181.30 W, 33, 120 MHz, 3996 MHz, 0 %, 0 %
2026/09/20 16:34:00.293, 5, 179.47 W, 31, 120 MHz, 3996 MHz, 0 %, 0 %
2026/09/20 16:34:00.294, 6, 180.12 W, 28, 120 MHz, 3996 MHz, 0 %, 0 %
2026/09/20 16:34:00.294, 7, 182.17 W, 28, 120 MHz, 3996 MHz, 0 %, 0 %
2026/09/20 16:34:01.294, 0, 966.09 W, 61, 2032 MHz, 3996 MHz, 99 %, 56 %
2026/09/20 16:34:01.294, 1, 932.32 W, 61, 2025 MHz, 3996 MHz, 30 %, 13 %
2026/09/20 16:34:01.294, 2, 929.41 W, 50, 2032 MHz, 3996 MHz, 99 %, 56 %
2026/09/20 16:34:01.294, 3, 903.73 W, 51, 2032 MHz, 3996 MHz, 99 %, 56 %
2026/09/20 16:34:01.294, 4, 181.30 W, 33, 120 MHz, 3996 MHz, 0 %, 0 %
2026/09/20 16:34:01.294, 5, 179.47 W, 31, 120 MHz, 3996 MHz, 0 %, 0 %
2026/09/20 16:34:01.294, 6, 180.16 W, 28, 120 MHz, 3996 MHz, 0 %, 0 %
2026/09/20 16:34:01.294, 7, 182.17 W, 28, 120 MHz, 3996 MHz, 0 %, 0 %
2026/09/20 16:34:02.294, 0, 862.93 W, 60, 2032 MHz, 3996 MHz, 99 %, 56 %
2026/09/20 16:34:02.294, 1, 876.52 W, 62, 2032 MHz, 3996 MHz, 100 %, 8 %
2026/09/20 16:34:02.294, 2, 837.19 W, 50, 2032 MHz, 3996 MHz, 99 %, 56 %
2026/09/20 16:34:02.294, 3, 864.19 W, 52, 2032 MHz, 3996 MHz, 99 %, 56 %
2026/09/20 16:34:02.294, 4, 181.30 W, 33, 120 MHz, 3996 MHz, 0 %, 0 %
2026/09/20 16:34:02.294, 5, 179.47 W, 31, 120 MHz, 3996 MHz, 0 %, 0 %
2026/09/20 16:34:02.294, 6, 180.13 W, 28, 120 MHz, 3996 MHz, 0 %, 0 %
2026/09/20 16:34:02.294, 7, 182.13 W, 28, 120 MHz, 3996 MHz, 0 %, 0 %
2026/09/20 16:34:03.294, 0, 886.88 W, 61, 1980 MHz, 3996 MHz, 99 %, 56 %
2026/09/20 16:34:03.294, 1, 868.67 W, 62, 2025 MHz, 3996 MHz, 100 %, 21 %
2026/09/20 16:34:03.294, 2, 809.13 W, 49, 2032 MHz, 3996 MHz, 99 %, 56 %
2026/09/20 16:34:03.294, 3, 814.41 W, 52, 1987 MHz, 3996 MHz, 99 %, 56 %
2026/09/20 16:34:03.294, 4, 181.30 W, 33, 120 MHz, 3996 MHz, 0 %, 0 %
2026/09/20 16:34:03.294, 5, 179.43 W, 31, 120 MHz, 3996 MHz, 0 %, 0 %
2026/09/20 16:34:03.294, 6, 180.12 W, 28, 120 MHz, 3996 MHz, 0 %, 0 %
2026/09/20 16:34:03.294, 7, 182.13 W, 28, 120 MHz, 3996 MHz, 0 %, 0 %
2026/09/20 16:34:04.295, 0, 950.44 W, 60, 2032 MHz, 3996 MHz, 99 %, 56 %
2026/09/20 16:34:04.295, 1, 946.76 W, 62, 2032 MHz, 3996 MHz, 100 %, 15 %
2026/09/20 16:34:04.295, 2, 907.20 W, 49, 2032 MHz, 3996 MHz, 99 %, 56 %
2026/09/20 16:34:04.295, 3, 907.42 W, 50, 2025 MHz, 3996 MHz, 99 %, 52 %
2026/09/20 16:34:04.295, 4, 181.30 W, 33, 120 MHz, 3996 MHz, 0 %, 0 %
2026/09/20 16:34:04.295, 5, 179.39 W, 31, 120 MHz, 3996 MHz, 0 %, 0 %
2026/09/20 16:34:04.295, 6, 180.10 W, 28, 120 MHz, 3996 MHz, 0 %, 0 %
2026/09/20 16:34:04.295, 7, 182.13 W, 28, 120 MHz, 3996 MHz, 0 %, 0 %
2026/09/20 16:34:05.295, 0, 961.81 W, 63, 2032 MHz, 3996 MHz, 99 %, 56 %
2026/09/20 16:34:05.295, 1, 973.31 W, 63, 2032 MHz, 3996 MHz, 96 %, 51 %
2026/09/20 16:34:05.295, 2, 924.09 W, 52, 2032 MHz, 3996 MHz, 99 %, 56 %
2026/09/20 16:34:05.295, 3, 930.34 W, 52, 2032 MHz, 3996 MHz, 99 %, 56 %
2026/09/20 16:34:05.295, 4, 181.30 W, 33, 120 MHz, 3996 MHz, 0 %, 0 %
2026/09/20 16:34:05.295, 5, 179.39 W, 31, 120 MHz, 3996 MHz, 0 %, 0 %
2026/09/20 16:34:05.295, 6, 180.09 W, 28, 120 MHz, 3996 MHz, 0 %, 0 %
2026/09/20 16:34:05.295, 7, 182.13 W, 28, 120 MHz, 3996 MHz, 0 %, 0 %
2026/09/20 16:34:06.295, 0, 870.95 W, 60, 2032 MHz, 3996 MHz, 99 %, 55 %
2026/09/20 16:34:06.295, 1, 841.51 W, 61, 2032 MHz, 3996 MHz, 100 %, 11 %
2026/09/20 16:34:06.295, 2, 852.14 W, 49, 2032 MHz, 3996 MHz, 100 %, 51 %
2026/09/20 16:34:06.295, 3, 871.93 W, 50, 2032 MHz, 3996 MHz, 91 %, 47 %
2026/09/20 16:34:06.295, 4, 181.30 W, 33, 120 MHz, 3996 MHz, 0 %, 0 %
2026/09/20 16:34:06.295, 5, 179.43 W, 31, 120 MHz, 3996 MHz, 0 %, 0 %
2026/09/20 16:34:06.295, 6, 180.13 W, 28, 120 MHz, 3996 MHz, 0 %, 0 %
2026/09/20 16:34:06.295, 7, 182.13 W, 28, 120 MHz, 3996 MHz, 0 %, 0 %
2026/09/20 16:34:07.295, 0, 901.89 W, 61, 2032 MHz, 3996 MHz, 95 %, 42 %
2026/09/20 16:34:07.295, 1, 864.84 W, 61, 2032 MHz, 3996 MHz, 100 %, 10 %
2026/09/20 16:34:07.295, 2, 857.84 W, 48, 2032 MHz, 3996 MHz, 95 %, 47 %
2026/09/20 16:34:07.295, 3, 841.69 W, 52, 2032 MHz, 3996 MHz, 99 %, 56 %
2026/09/20 16:34:07.295, 4, 181.30 W, 33, 120 MHz, 3996 MHz, 0 %, 0 %
2026/09/20 16:34:07.296, 5, 179.23 W, 31, 120 MHz, 3996 MHz, 0 %, 0 %
2026/09/20 16:34:07.296, 6, 180.13 W, 28, 120 MHz, 3996 MHz, 0 %, 0 %
2026/09/20 16:34:07.296, 7, 182.17 W, 28, 120 MHz, 3996 MHz, 0 %, 0 %
2026/09/20 16:34:08.296, 0, 880.65 W, 62, 2032 MHz, 3996 MHz, 96 %, 11 %
2026/09/20 16:34:08.296, 1, 889.95 W, 63, 2032 MHz, 3996 MHz, 99 %, 56 %
2026/09/20 16:34:08.296, 2, 823.83 W, 51, 2032 MHz, 3996 MHz, 99 %, 56 %
2026/09/20 16:34:08.296, 3, 845.02 W, 51, 2032 MHz, 3996 MHz, 95 %, 23 %
2026/09/20 16:34:08.296, 4, 181.30 W, 33, 120 MHz, 3996 MHz, 0 %, 0 %
2026/09/20 16:34:08.296, 5, 179.27 W, 31, 120 MHz, 3996 MHz, 0 %, 0 %
2026/09/20 16:34:08.296, 6, 180.12 W, 28, 120 MHz, 3996 MHz, 0 %, 0 %
2026/09/20 16:34:08.296, 7, 182.13 W, 28, 120 MHz, 3996 MHz, 0 %, 0 %
2026/09/20 16:34:09.296, 0, 822.39 W, 60, 2032 MHz, 3996 MHz, 99 %, 56 %
2026/09/20 16:34:09.296, 1, 808.54 W, 61, 2032 MHz, 3996 MHz, 100 %, 11 %
2026/09/20 16:34:09.296, 2, 804.24 W, 49, 2032 MHz, 3996 MHz, 87 %, 46 %
2026/09/20 16:34:09.296, 3, 800.05 W, 52, 2032 MHz, 3996 MHz, 99 %, 56 %
2026/09/20 16:34:09.296, 4, 181.30 W, 33, 120 MHz, 3996 MHz, 0 %, 0 %
2026/09/20 16:34:09.296, 5, 179.43 W, 31, 120 MHz, 3996 MHz, 0 %, 0 %
2026/09/20 16:34:09.296, 6, 180.06 W, 28, 120 MHz, 3996 MHz, 0 %, 0 %
2026/09/20 16:34:09.296, 7, 182.13 W, 28, 120 MHz, 3996 MHz, 0 %, 0 %
2026/09/20 16:34:10.296, 0, 849.80 W, 60, 2032 MHz, 3996 MHz, 98 %, 18 %
2026/09/20 16:34:10.296, 1, 868.83 W, 61, 2032 MHz, 3996 MHz, 100 %, 9 %
2026/09/20 16:34:10.296, 2, 836.04 W, 49, 2032 MHz, 3996 MHz, 100 %, 34 %
2026/09/20 16:34:10.296, 3, 834.23 W, 50, 2032 MHz, 3996 MHz, 52 %, 25 %
2026/09/20 16:34:10.296, 4, 181.30 W, 33, 120 MHz, 3996 MHz, 0 %, 0 %
2026/09/20 16:34:10.296, 5, 179.31 W, 31, 120 MHz, 3996 MHz, 0 %, 0 %
2026/09/20 16:34:10.296, 6, 180.12 W, 28, 120 MHz, 3996 MHz, 0 %, 0 %
2026/09/20 16:34:10.296, 7, 182.13 W, 28, 120 MHz, 3996 MHz, 0 %, 0 %
2026/09/20 16:34:11.296, 0, 899.76 W, 59, 2032 MHz, 3996 MHz, 100 %, 29 %
2026/09/20 16:34:11.297, 1, 912.94 W, 61, 2032 MHz, 3996 MHz, 95 %, 30 %
2026/09/20 16:34:11.297, 2, 858.72 W, 46, 2032 MHz, 3996 MHz, 27 %, 12 %
2026/09/20 16:34:11.297, 3, 816.45 W, 49, 2032 MHz, 3996 MHz, 100 %, 12 %
2026/09/20 16:34:11.297, 4, 181.30 W, 33, 120 MHz, 3996 MHz, 0 %, 0 %
2026/09/20 16:34:11.297, 5, 179.39 W, 31, 120 MHz, 3996 MHz, 0 %, 0 %
2026/09/20 16:34:11.297, 6, 180.12 W, 28, 120 MHz, 3996 MHz, 0 %, 0 %
2026/09/20 16:34:11.297, 7, 182.13 W, 28, 120 MHz, 3996 MHz, 0 %, 0 %
2026/09/20 16:34:12.297, 0, 887.15 W, 63, 2032 MHz, 3996 MHz, 100 %, 8 %
2026/09/20 16:34:12.297, 1, 796.07 W, 60, 2032 MHz, 3996 MHz, 100 %, 33 %
2026/09/20 16:34:12.297, 2, 832.85 W, 51, 2032 MHz, 3996 MHz, 95 %, 24 %
2026/09/20 16:34:12.297, 3, 841.26 W, 51, 2032 MHz, 3996 MHz, 100 %, 9 %
2026/09/20 16:34:12.297, 4, 181.30 W, 32, 120 MHz, 3996 MHz, 0 %, 0 %
2026/09/20 16:34:12.297, 5, 179.39 W, 31, 120 MHz, 3996 MHz, 0 %, 0 %
2026/09/20 16:34:12.297, 6, 180.13 W, 28, 120 MHz, 3996 MHz, 0 %, 0 %
2026/09/20 16:34:12.297, 7, 182.13 W, 28, 120 MHz, 3996 MHz, 0 %, 0 %
2026/09/20 16:34:13.297, 0, 797.10 W, 57, 2032 MHz, 3996 MHz, 80 %, 36 %
2026/09/20 16:34:13.297, 1, 788.45 W, 60, 2032 MHz, 3996 MHz, 96 %, 17 %
2026/09/20 16:34:13.297, 2, 795.06 W, 49, 2032 MHz, 3996 MHz, 100 %, 8 %
2026/09/20 16:34:13.297, 3, 782.58 W, 49, 2032 MHz, 3996 MHz, 100 %, 28 %
2026/09/20 16:34:13.297, 4, 181.30 W, 32, 120 MHz, 3996 MHz, 0 %, 0 %
2026/09/20 16:34:13.297, 5, 179.39 W, 31, 120 MHz, 3996 MHz, 0 %, 0 %
2026/09/20 16:34:13.297, 6, 180.12 W, 28, 120 MHz, 3996 MHz, 0 %, 0 %
2026/09/20 16:34:13.297, 7, 182.13 W, 28, 120 MHz, 3996 MHz, 0 %, 0 %
2026/09/20 16:34:14.297, 0, 851.19 W, 61, 2032 MHz, 3996 MHz, 100 %, 13 %
2026/09/20 16:34:14.297, 1, 885.33 W, 62, 2032 MHz, 3996 MHz, 95 %, 44 %
2026/09/20 16:34:14.297, 2, 811.76 W, 47, 2032 MHz, 3996 MHz, 29 %, 14 %
2026/09/20 16:34:14.297, 3, 790.82 W, 49, 2032 MHz, 3996 MHz, 100 %, 9 %
2026/09/20 16:34:14.298, 4, 181.30 W, 32, 120 MHz, 3996 MHz, 0 %, 0 %
2026/09/20 16:34:14.298, 5, 179.31 W, 31, 120 MHz, 3996 MHz, 0 %, 0 %
2026/09/20 16:34:14.298, 6, 180.13 W, 28, 120 MHz, 3996 MHz, 0 %, 0 %
2026/09/20 16:34:14.298, 7, 182.13 W, 28, 120 MHz, 3996 MHz, 0 %, 0 %
2026/09/20 16:34:15.298, 0, 939.61 W, 61, 2032 MHz, 3996 MHz, 100 %, 8 %
2026/09/20 16:34:15.298, 1, 924.51 W, 64, 1972 MHz, 3996 MHz, 100 %, 35 %
2026/09/20 16:34:15.298, 2, 860.26 W, 49, 1972 MHz, 3996 MHz, 95 %, 26 %
2026/09/20 16:34:15.298, 3, 881.40 W, 49, 2032 MHz, 3996 MHz, 29 %, 12 %
2026/09/20 16:34:15.298, 4, 181.30 W, 32, 120 MHz, 3996 MHz, 0 %, 0 %
2026/09/20 16:34:15.298, 5, 179.39 W, 31, 120 MHz, 3996 MHz, 0 %, 0 %
2026/09/20 16:34:15.298, 6, 180.12 W, 28, 120 MHz, 3996 MHz, 0 %, 0 %
2026/09/20 16:34:15.298, 7, 182.13 W, 28, 120 MHz, 3996 MHz, 0 %, 0 %
2026/09/20 16:34:16.298, 0, 822.84 W, 56, 2032 MHz, 3996 MHz, 73 %, 37 %
2026/09/20 16:34:16.298, 1, 880.86 W, 61, 2032 MHz, 3996 MHz, 95 %, 27 %
2026/09/20 16:34:16.298, 2, 841.87 W, 49, 2032 MHz, 3996 MHz, 100 %, 9 %
2026/09/20 16:34:16.298, 3, 828.22 W, 50, 2032 MHz, 3996 MHz, 100 %, 20 %
2026/09/20 16:34:16.298, 4, 181.30 W, 32, 120 MHz, 3996 MHz, 0 %, 0 %
2026/09/20 16:34:16.298, 5, 179.20 W, 31, 120 MHz, 3996 MHz, 0 %, 0 %
2026/09/20 16:34:16.298, 6, 180.11 W, 28, 120 MHz, 3996 MHz, 0 %, 0 %
2026/09/20 16:34:16.298, 7, 182.13 W, 28, 120 MHz, 3996 MHz, 0 %, 0 %
2026/09/20 16:34:17.298, 0, 916.89 W, 62, 2032 MHz, 3996 MHz, 95 %, 23 %
2026/09/20 16:34:17.298, 1, 889.94 W, 62, 2002 MHz, 3996 MHz, 100 %, 31 %
2026/09/20 16:34:17.298, 2, 888.81 W, 51, 2010 MHz, 3996 MHz, 99 %, 56 %
2026/09/20 16:34:17.298, 3, 899.36 W, 52, 2032 MHz, 3996 MHz, 95 %, 35 %
2026/09/20 16:34:17.298, 4, 181.30 W, 32, 120 MHz, 3996 MHz, 0 %, 0 %
2026/09/20 16:34:17.298, 5, 179.27 W, 30, 120 MHz, 3996 MHz, 0 %, 0 %
2026/09/20 16:34:17.298, 6, 180.12 W, 28, 120 MHz, 3996 MHz, 0 %, 0 %
2026/09/20 16:34:17.298, 7, 182.13 W, 28, 120 MHz, 3996 MHz, 0 %, 0 %
2026/09/20 16:34:18.299, 0, 875.94 W, 61, 2032 MHz, 3996 MHz, 100 %, 8 %
2026/09/20 16:34:18.299, 1, 873.98 W, 61, 2032 MHz, 3996 MHz, 100 %, 27 %
2026/09/20 16:34:18.299, 2, 833.26 W, 49, 2032 MHz, 3996 MHz, 95 %, 32 %
2026/09/20 16:34:18.299, 3, 790.43 W, 50, 2032 MHz, 3996 MHz, 27 %, 12 %
2026/09/20 16:34:18.299, 4, 181.30 W, 32, 120 MHz, 3996 MHz, 0 %, 0 %
2026/09/20 16:34:18.299, 5, 179.39 W, 30, 120 MHz, 3996 MHz, 0 %, 0 %
2026/09/20 16:34:18.299, 6, 180.07 W, 28, 120 MHz, 3996 MHz, 0 %, 0 %
2026/09/20 16:34:18.299, 7, 182.13 W, 28, 120 MHz, 3996 MHz, 0 %, 0 %
2026/09/20 16:34:19.299, 0, 894.68 W, 62, 2032 MHz, 3996 MHz, 30 %, 13 %
2026/09/20 16:34:19.299, 1, 888.59 W, 62, 2025 MHz, 3996 MHz, 100 %, 32 %
2026/09/20 16:34:19.299, 2, 873.92 W, 49, 2010 MHz, 3996 MHz, 95 %, 26 %
2026/09/20 16:34:19.299, 3, 844.43 W, 50, 2032 MHz, 3996 MHz, 100 %, 9 %
2026/09/20 16:34:19.299, 4, 181.30 W, 32, 120 MHz, 3996 MHz, 0 %, 0 %
2026/09/20 16:34:19.299, 5, 179.20 W, 30, 120 MHz, 3996 MHz, 0 %, 0 %
2026/09/20 16:34:19.299, 6, 180.08 W, 28, 120 MHz, 3996 MHz, 0 %, 0 %
2026/09/20 16:34:19.299, 7, 182.13 W, 28, 120 MHz, 3996 MHz, 0 %, 0 %
2026/09/20 16:34:20.299, 0, 787.73 W, 58, 2032 MHz, 3996 MHz, 100 %, 45 %
2026/09/20 16:34:20.299, 1, 778.74 W, 59, 2032 MHz, 3996 MHz, 81 %, 21 %
2026/09/20 16:34:20.299, 2, 803.80 W, 49, 2032 MHz, 3996 MHz, 36 %, 15 %
2026/09/20 16:34:20.299, 3, 791.97 W, 49, 2032 MHz, 3996 MHz, 100 %, 32 %
2026/09/20 16:34:20.299, 4, 181.30 W, 32, 120 MHz, 3996 MHz, 0 %, 0 %
2026/09/20 16:34:20.299, 5, 179.35 W, 30, 120 MHz, 3996 MHz, 0 %, 0 %
2026/09/20 16:34:20.299, 6, 180.11 W, 28, 120 MHz, 3996 MHz, 0 %, 0 %
2026/09/20 16:34:20.299, 7, 182.13 W, 28, 120 MHz, 3996 MHz, 0 %, 0 %
2026/09/20 16:34:21.299, 0, 914.62 W, 60, 2025 MHz, 3996 MHz, 100 %, 9 %
2026/09/20 16:34:21.299, 1, 914.21 W, 61, 2032 MHz, 3996 MHz, 100 %, 17 %
2026/09/20 16:34:21.300, 2, 870.52 W, 48, 2032 MHz, 3996 MHz, 94 %, 38 %
2026/09/20 16:34:21.300, 3, 825.00 W, 50, 2032 MHz, 3996 MHz, 28 %, 12 %
2026/09/20 16:34:21.300, 4, 181.30 W, 32, 120 MHz, 3996 MHz, 0 %, 0 %
2026/09/20 16:34:21.300, 5, 179.35 W, 30, 120 MHz, 3996 MHz, 0 %, 0 %
2026/09/20 16:34:21.300, 6, 180.11 W, 28, 120 MHz, 3996 MHz, 0 %, 0 %
2026/09/20 16:34:21.300, 7, 182.17 W, 28, 120 MHz, 3996 MHz, 0 %, 0 %
2026/09/20 16:34:22.300, 0, 859.93 W, 61, 2032 MHz, 3996 MHz, 77 %, 43 %
2026/09/20 16:34:22.300, 1, 893.24 W, 62, 2032 MHz, 3996 MHz, 90 %, 49 %
2026/09/20 16:34:22.300, 2, 829.06 W, 51, 2032 MHz, 3996 MHz, 99 %, 56 %
2026/09/20 16:34:22.300, 3, 832.43 W, 51, 2032 MHz, 3996 MHz, 99 %, 56 %
2026/09/20 16:34:22.300, 4, 181.30 W, 32, 120 MHz, 3996 MHz, 0 %, 0 %
2026/09/20 16:34:22.300, 5, 179.31 W, 30, 120 MHz, 3996 MHz, 0 %, 0 %
2026/09/20 16:34:22.300, 6, 180.10 W, 28, 120 MHz, 3996 MHz, 0 %, 0 %
2026/09/20 16:34:22.300, 7, 182.13 W, 28, 120 MHz, 3996 MHz, 0 %, 0 %
2026/09/20 16:34:23.300, 0, 808.03 W, 59, 2032 MHz, 3996 MHz, 95 %, 13 %
2026/09/20 16:34:23.300, 1, 795.79 W, 59, 2032 MHz, 3996 MHz, 100 %, 8 %
2026/09/20 16:34:23.300, 2, 802.72 W, 50, 2032 MHz, 3996 MHz, 100 %, 29 %
2026/09/20 16:34:23.300, 3, 775.36 W, 49, 2002 MHz, 3996 MHz, 95 %, 24 %
2026/09/20 16:34:23.300, 4, 181.30 W, 32, 120 MHz, 3996 MHz, 0 %, 0 %
2026/09/20 16:34:23.300, 5, 179.27 W, 30, 120 MHz, 3996 MHz, 0 %, 0 %
2026/09/20 16:34:23.300, 6, 180.10 W, 28, 120 MHz, 3996 MHz, 0 %, 0 %
2026/09/20 16:34:23.300, 7, 182.13 W, 28, 120 MHz, 3996 MHz, 0 %, 0 %
2026/09/20 16:34:24.300, 0, 898.48 W, 62, 2032 MHz, 3996 MHz, 99 %, 56 %
2026/09/20 16:34:24.300, 1, 870.84 W, 63, 2032 MHz, 3996 MHz, 100 %, 33 %
2026/09/20 16:34:24.300, 2, 840.82 W, 50, 2032 MHz, 3996 MHz, 99 %, 56 %
2026/09/20 16:34:24.300, 3, 838.69 W, 51, 2032 MHz, 3996 MHz, 99 %, 56 %
2026/09/20 16:34:24.300, 4, 181.30 W, 32, 120 MHz, 3996 MHz, 0 %, 0 %
2026/09/20 16:34:24.300, 5, 179.35 W, 30, 120 MHz, 3996 MHz, 0 %, 0 %
2026/09/20 16:34:24.301, 6, 180.11 W, 28, 120 MHz, 3996 MHz, 0 %, 0 %
2026/09/20 16:34:24.301, 7, 182.13 W, 28, 120 MHz, 3996 MHz, 0 %, 0 %
2026/09/20 16:34:25.301, 0, 772.70 W, 57, 2032 MHz, 3996 MHz, 95 %, 32 %
2026/09/20 16:34:25.301, 1, 836.40 W, 60, 2032 MHz, 3996 MHz, 100 %, 8 %
2026/09/20 16:34:25.301, 2, 777.86 W, 49, 2032 MHz, 3996 MHz, 100 %, 8 %
2026/09/20 16:34:25.301, 3, 783.51 W, 49, 2032 MHz, 3996 MHz, 83 %, 34 %
2026/09/20 16:34:25.301, 4, 181.30 W, 32, 120 MHz, 3996 MHz, 0 %, 0 %
2026/09/20 16:34:25.301, 5, 179.23 W, 30, 120 MHz, 3996 MHz, 0 %, 0 %
2026/09/20 16:34:25.301, 6, 180.12 W, 28, 120 MHz, 3996 MHz, 0 %, 0 %
2026/09/20 16:34:25.301, 7, 182.13 W, 28, 120 MHz, 3996 MHz, 0 %, 0 %
2026/09/20 16:34:26.301, 0, 909.47 W, 61, 2032 MHz, 3996 MHz, 100 %, 11 %
2026/09/20 16:34:26.301, 1, 897.24 W, 61, 2032 MHz, 3996 MHz, 99 %, 56 %
2026/09/20 16:34:26.301, 2, 875.32 W, 49, 2032 MHz, 3996 MHz, 95 %, 26 %
2026/09/20 16:34:26.301, 3, 858.35 W, 49, 2032 MHz, 3996 MHz, 100 %, 11 %
2026/09/20 16:34:26.301, 4, 181.30 W, 32, 120 MHz, 3996 MHz, 0 %, 0 %
2026/09/20 16:34:26.301, 5, 179.16 W, 30, 120 MHz, 3996 MHz, 0 %, 0 %
2026/09/20 16:34:26.301, 6, 180.07 W, 28, 120 MHz, 3996 MHz, 0 %, 0 %
2026/09/20 16:34:26.301, 7, 182.13 W, 28, 120 MHz, 3996 MHz, 0 %, 0 %
2026/09/20 16:34:27.301, 0, 816.78 W, 62, 2032 MHz, 3996 MHz, 95 %, 46 %
2026/09/20 16:34:27.301, 1, 882.98 W, 62, 2032 MHz, 3996 MHz, 100 %, 47 %
2026/09/20 16:34:27.301, 2, 859.32 W, 51, 2032 MHz, 3996 MHz, 99 %, 56 %
2026/09/20 16:34:27.301, 3, 826.42 W, 51, 2032 MHz, 3996 MHz, 99 %, 56 %
2026/09/20 16:34:27.301, 4, 181.30 W, 32, 120 MHz, 3996 MHz, 0 %, 0 %
2026/09/20 16:34:27.301, 5, 179.12 W, 30, 120 MHz, 3996 MHz, 0 %, 0 %
2026/09/20 16:34:27.301, 6, 180.07 W, 28, 120 MHz, 3996 MHz, 0 %, 0 %
2026/09/20 16:34:27.301, 7, 182.13 W, 28, 120 MHz, 3996 MHz, 0 %, 0 %
2026/09/20 16:34:28.302, 0, 870.25 W, 61, 2002 MHz, 3996 MHz, 100 %, 8 %
2026/09/20 16:34:28.302, 1, 863.12 W, 62, 1980 MHz, 3996 MHz, 79 %, 38 %
2026/09/20 16:34:28.302, 2, 769.15 W, 47, 2032 MHz, 3996 MHz, 44 %, 23 %
2026/09/20 16:34:28.302, 3, 812.35 W, 48, 1980 MHz, 3996 MHz, 100 %, 9 %
2026/09/20 16:34:28.302, 4, 181.30 W, 32, 120 MHz, 3996 MHz, 0 %, 0 %
2026/09/20 16:34:28.302, 5, 179.23 W, 30, 120 MHz, 3996 MHz, 0 %, 0 %
2026/09/20 16:34:28.302, 6, 180.06 W, 28, 120 MHz, 3996 MHz, 0 %, 0 %
2026/09/20 16:34:28.302, 7, 182.13 W, 28, 120 MHz, 3996 MHz, 0 %, 0 %
2026/09/20 16:34:29.302, 0, 794.86 W, 59, 2032 MHz, 3996 MHz, 97 %, 9 %
2026/09/20 16:34:29.302, 1, 813.53 W, 60, 2032 MHz, 3996 MHz, 100 %, 9 %
2026/09/20 16:34:29.302, 2, 775.25 W, 48, 2032 MHz, 3996 MHz, 100 %, 9 %
2026/09/20 16:34:29.302, 3, 759.40 W, 48, 2032 MHz, 3996 MHz, 53 %, 11 %
2026/09/20 16:34:29.302, 4, 181.30 W, 32, 120 MHz, 3996 MHz, 0 %, 0 %
2026/09/20 16:34:29.302, 5, 179.27 W, 30, 120 MHz, 3996 MHz, 0 %, 0 %
2026/09/20 16:34:29.302, 6, 180.08 W, 28, 120 MHz, 3996 MHz, 0 %, 0 %
2026/09/20 16:34:29.302, 7, 182.13 W, 28, 120 MHz, 3996 MHz, 0 %, 0 %
2026/09/20 16:34:30.302, 0, 884.46 W, 60, 2032 MHz, 3996 MHz, 29 %, 13 %
2026/09/20 16:34:30.302, 1, 921.02 W, 63, 2032 MHz, 3996 MHz, 99 %, 56 %
2026/09/20 16:34:30.302, 2, 885.86 W, 48, 2032 MHz, 3996 MHz, 95 %, 41 %
2026/09/20 16:34:30.302, 3, 873.87 W, 52, 2032 MHz, 3996 MHz, 100 %, 9 %
2026/09/20 16:34:30.302, 4, 181.30 W, 32, 120 MHz, 3996 MHz, 0 %, 0 %
2026/09/20 16:34:30.302, 5, 179.31 W, 30, 120 MHz, 3996 MHz, 0 %, 0 %
2026/09/20 16:34:30.302, 6, 180.06 W, 28, 120 MHz, 3996 MHz, 0 %, 0 %
2026/09/20 16:34:30.302, 7, 182.13 W, 28, 120 MHz, 3996 MHz, 0 %, 0 %
2026/09/20 16:34:31.302, 0, 930.94 W, 62, 2032 MHz, 3996 MHz, 95 %, 49 %
2026/09/20 16:34:31.302, 1, 916.02 W, 63, 2032 MHz, 3996 MHz, 99 %, 56 %
2026/09/20 16:34:31.302, 2, 900.18 W, 51, 2032 MHz, 3996 MHz, 99 %, 56 %
2026/09/20 16:34:31.302, 3, 901.66 W, 52, 2032 MHz, 3996 MHz, 99 %, 56 %
2026/09/20 16:34:31.303, 4, 181.30 W, 32, 120 MHz, 3996 MHz, 0 %, 0 %
2026/09/20 16:34:31.303, 5, 179.15 W, 30, 120 MHz, 3996 MHz, 0 %, 0 %
2026/09/20 16:34:31.303, 6, 180.06 W, 28, 120 MHz, 3996 MHz, 0 %, 0 %
2026/09/20 16:34:31.303, 7, 182.13 W, 28, 120 MHz, 3996 MHz, 0 %, 0 %
2026/09/20 16:34:32.303, 0, 890.47 W, 58, 2032 MHz, 3996 MHz, 90 %, 46 %
2026/09/20 16:34:32.303, 1, 921.90 W, 60, 2032 MHz, 3996 MHz, 95 %, 19 %
2026/09/20 16:34:32.303, 2, 927.73 W, 50, 2032 MHz, 3996 MHz, 82 %, 14 %
2026/09/20 16:34:32.303, 3, 912.13 W, 49, 2032 MHz, 3996 MHz, 100 %, 30 %
2026/09/20 16:34:32.303, 4, 181.30 W, 32, 120 MHz, 3996 MHz, 0 %, 0 %
2026/09/20 16:34:32.303, 5, 179.07 W, 30, 120 MHz, 3996 MHz, 0 %, 0 %
2026/09/20 16:34:32.303, 6, 180.08 W, 28, 120 MHz, 3996 MHz, 0 %, 0 %
2026/09/20 16:34:32.303, 7, 182.13 W, 28, 120 MHz, 3996 MHz, 0 %, 0 %
2026/09/20 16:34:33.303, 0, 966.35 W, 62, 2032 MHz, 3996 MHz, 95 %, 41 %
2026/09/20 16:34:33.303, 1, 961.89 W, 62, 2032 MHz, 3996 MHz, 99 %, 56 %
2026/09/20 16:34:33.303, 2, 925.60 W, 51, 2032 MHz, 3996 MHz, 99 %, 56 %
2026/09/20 16:34:33.303, 3, 941.52 W, 52, 2032 MHz, 3996 MHz, 99 %, 56 %
2026/09/20 16:34:33.303, 4, 181.30 W, 32, 120 MHz, 3996 MHz, 0 %, 0 %
2026/09/20 16:34:33.303, 5, 179.31 W, 30, 120 MHz, 3996 MHz, 0 %, 0 %
2026/09/20 16:34:33.303, 6, 180.10 W, 28, 120 MHz, 3996 MHz, 0 %, 0 %
2026/09/20 16:34:33.303, 7, 182.13 W, 28, 120 MHz, 3996 MHz, 0 %, 0 %
2026/09/20 16:34:34.303, 0, 959.31 W, 60, 2032 MHz, 3996 MHz, 99 %, 56 %
2026/09/20 16:34:34.303, 1, 934.21 W, 61, 2032 MHz, 3996 MHz, 42 %, 18 %
2026/09/20 16:34:34.303, 2, 958.20 W, 52, 2032 MHz, 3996 MHz, 100 %, 47 %
2026/09/20 16:34:34.303, 3, 934.36 W, 52, 2032 MHz, 3996 MHz, 99 %, 56 %
2026/09/20 16:34:34.303, 4, 181.30 W, 32, 120 MHz, 3996 MHz, 0 %, 0 %
2026/09/20 16:34:34.303, 5, 178.97 W, 30, 120 MHz, 3996 MHz, 0 %, 0 %
2026/09/20 16:34:34.303, 6, 180.09 W, 28, 120 MHz, 3996 MHz, 0 %, 0 %
2026/09/20 16:34:34.304, 7, 182.13 W, 28, 120 MHz, 3996 MHz, 0 %, 0 %
2026/09/20 16:34:35.304, 0, 872.63 W, 59, 2032 MHz, 3996 MHz, 97 %, 32 %
2026/09/20 16:34:35.304, 1, 887.54 W, 61, 2032 MHz, 3996 MHz, 95 %, 24 %
2026/09/20 16:34:35.304, 2, 851.72 W, 48, 2032 MHz, 3996 MHz, 28 %, 12 %
2026/09/20 16:34:35.304, 3, 876.24 W, 50, 2032 MHz, 3996 MHz, 100 %, 17 %
2026/09/20 16:34:35.304, 4, 181.30 W, 32, 120 MHz, 3996 MHz, 0 %, 0 %
2026/09/20 16:34:35.304, 5, 179.23 W, 30, 120 MHz, 3996 MHz, 0 %, 0 %
2026/09/20 16:34:35.304, 6, 180.11 W, 28, 120 MHz, 3996 MHz, 0 %, 0 %
2026/09/20 16:34:35.304, 7, 182.13 W, 28, 120 MHz, 3996 MHz, 0 %, 0 %
2026/09/20 16:34:36.304, 0, 923.42 W, 62, 2032 MHz, 3996 MHz, 96 %, 18 %
2026/09/20 16:34:36.304, 1, 871.51 W, 62, 2032 MHz, 3996 MHz, 100 %, 32 %
2026/09/20 16:34:36.304, 2, 876.62 W, 51, 2032 MHz, 3996 MHz, 99 %, 56 %
2026/09/20 16:34:36.304, 3, 882.40 W, 51, 2032 MHz, 3996 MHz, 95 %, 32 %
2026/09/20 16:34:36.304, 4, 181.30 W, 32, 120 MHz, 3996 MHz, 0 %, 0 %
2026/09/20 16:34:36.304, 5, 179.04 W, 30, 120 MHz, 3996 MHz, 0 %, 0 %
2026/09/20 16:34:36.304, 6, 180.11 W, 28, 120 MHz, 3996 MHz, 0 %, 0 %
2026/09/20 16:34:36.304, 7, 182.13 W, 28, 120 MHz, 3996 MHz, 0 %, 0 %
2026/09/20 16:34:37.304, 0, 875.89 W, 62, 2032 MHz, 3996 MHz, 95 %, 27 %
2026/09/20 16:34:37.304, 1, 878.98 W, 62, 2032 MHz, 3996 MHz, 99 %, 56 %
2026/09/20 16:34:37.304, 2, 820.14 W, 51, 2032 MHz, 3996 MHz, 99 %, 56 %
2026/09/20 16:34:37.304, 3, 811.26 W, 51, 2032 MHz, 3996 MHz, 77 %, 43 %
2026/09/20 16:34:37.304, 4, 181.30 W, 32, 120 MHz, 3996 MHz, 0 %, 0 %
2026/09/20 16:34:37.304, 5, 179.24 W, 30, 120 MHz, 3996 MHz, 0 %, 0 %
2026/09/20 16:34:37.304, 6, 180.09 W, 28, 120 MHz, 3996 MHz, 0 %, 0 %
2026/09/20 16:34:37.304, 7, 182.13 W, 28, 120 MHz, 3996 MHz, 0 %, 0 %
2026/09/20 16:34:38.305, 0, 827.70 W, 59, 2032 MHz, 3996 MHz, 28 %, 12 %
2026/09/20 16:34:38.305, 1, 878.39 W, 59, 2032 MHz, 3996 MHz, 95 %, 32 %
2026/09/20 16:34:38.305, 2, 819.23 W, 49, 2032 MHz, 3996 MHz, 100 %, 9 %
2026/09/20 16:34:38.305, 3, 822.58 W, 49, 2032 MHz, 3996 MHz, 100 %, 8 %
2026/09/20 16:34:38.305, 4, 181.30 W, 32, 120 MHz, 3996 MHz, 0 %, 0 %
2026/09/20 16:34:38.305, 5, 179.23 W, 30, 120 MHz, 3996 MHz, 0 %, 0 %
2026/09/20 16:34:38.305, 6, 180.09 W, 28, 120 MHz, 3996 MHz, 0 %, 0 %
2026/09/20 16:34:38.305, 7, 182.13 W, 28, 120 MHz, 3996 MHz, 0 %, 0 %
2026/09/20 16:34:39.305, 0, 838.89 W, 62, 2032 MHz, 3996 MHz, 99 %, 56 %
2026/09/20 16:34:39.305, 1, 878.91 W, 63, 2032 MHz, 3996 MHz, 99 %, 56 %
2026/09/20 16:34:39.305, 2, 803.90 W, 51, 2032 MHz, 3996 MHz, 99 %, 56 %
2026/09/20 16:34:39.305, 3, 838.17 W, 52, 2032 MHz, 3996 MHz, 99 %, 56 %
2026/09/20 16:34:39.305, 4, 181.30 W, 32, 120 MHz, 3996 MHz, 0 %, 0 %
2026/09/20 16:34:39.305, 5, 179.27 W, 30, 120 MHz, 3996 MHz, 0 %, 0 %
2026/09/20 16:34:39.305, 6, 180.10 W, 28, 120 MHz, 3996 MHz, 0 %, 0 %
2026/09/20 16:34:39.305, 7, 182.13 W, 28, 120 MHz, 3996 MHz, 0 %, 0 %
2026/09/20 16:34:40.305, 0, 899.84 W, 62, 2032 MHz, 3996 MHz, 81 %, 45 %
2026/09/20 16:34:40.305, 1, 929.27 W, 63, 2032 MHz, 3996 MHz, 99 %, 56 %
2026/09/20 16:34:40.305, 2, 898.28 W, 52, 2032 MHz, 3996 MHz, 99 %, 56 %
2026/09/20 16:34:40.305, 3, 886.81 W, 52, 2032 MHz, 3996 MHz, 99 %, 56 %
2026/09/20 16:34:40.305, 4, 181.30 W, 32, 120 MHz, 3996 MHz, 0 %, 0 %
2026/09/20 16:34:40.305, 5, 179.19 W, 30, 120 MHz, 3996 MHz, 0 %, 0 %
2026/09/20 16:34:40.305, 6, 180.07 W, 28, 120 MHz, 3996 MHz, 0 %, 0 %
2026/09/20 16:34:40.305, 7, 182.13 W, 28, 120 MHz, 3996 MHz, 0 %, 0 %
2026/09/20 16:34:41.306, 0, 837.44 W, 60, 2032 MHz, 3996 MHz, 46 %, 18 %
2026/09/20 16:34:41.306, 1, 828.31 W, 61, 2032 MHz, 3996 MHz, 94 %, 53 %
2026/09/20 16:34:41.306, 2, 817.19 W, 49, 2032 MHz, 3996 MHz, 94 %, 21 %
2026/09/20 16:34:41.306, 3, 776.25 W, 49, 2032 MHz, 3996 MHz, 100 %, 11 %
2026/09/20 16:34:41.306, 4, 181.30 W, 32, 120 MHz, 3996 MHz, 0 %, 0 %
2026/09/20 16:34:41.306, 5, 179.24 W, 30, 120 MHz, 3996 MHz, 0 %, 0 %
2026/09/20 16:34:41.306, 6, 180.08 W, 28, 120 MHz, 3996 MHz, 0 %, 0 %
2026/09/20 16:34:41.306, 7, 182.13 W, 28, 120 MHz, 3996 MHz, 0 %, 0 %
2026/09/20 16:34:42.306, 0, 917.12 W, 60, 2032 MHz, 3996 MHz, 99 %, 56 %
2026/09/20 16:34:42.306, 1, 876.05 W, 60, 2032 MHz, 3996 MHz, 30 %, 13 %
2026/09/20 16:34:42.306, 2, 863.47 W, 52, 2032 MHz, 3996 MHz, 100 %, 34 %
2026/09/20 16:34:42.306, 3, 884.56 W, 51, 2032 MHz, 3996 MHz, 99 %, 56 %
2026/09/20 16:34:42.306, 4, 181.30 W, 32, 120 MHz, 3996 MHz, 0 %, 0 %
2026/09/20 16:34:42.306, 5, 179.19 W, 30, 120 MHz, 3996 MHz, 0 %, 0 %
2026/09/20 16:34:42.306, 6, 180.07 W, 28, 120 MHz, 3996 MHz, 0 %, 0 %
2026/09/20 16:34:42.306, 7, 182.13 W, 28, 120 MHz, 3996 MHz, 0 %, 0 %
2026/09/20 16:34:43.306, 0, 857.69 W, 62, 2032 MHz, 3996 MHz, 96 %, 9 %
2026/09/20 16:34:43.306, 1, 775.35 W, 62, 2032 MHz, 3996 MHz, 100 %, 41 %
2026/09/20 16:34:43.306, 2, 790.90 W, 50, 2032 MHz, 3996 MHz, 99 %, 56 %
2026/09/20 16:34:43.306, 3, 834.92 W, 52, 2032 MHz, 3996 MHz, 95 %, 22 %
2026/09/20 16:34:43.306, 4, 181.30 W, 32, 120 MHz, 3996 MHz, 0 %, 0 %
2026/09/20 16:34:43.306, 5, 179.16 W, 30, 120 MHz, 3996 MHz, 0 %, 0 %
2026/09/20 16:34:43.306, 6, 180.10 W, 28, 120 MHz, 3996 MHz, 0 %, 0 %
2026/09/20 16:34:43.306, 7, 182.13 W, 28, 120 MHz, 3996 MHz, 0 %, 0 %
2026/09/20 16:34:44.306, 0, 770.08 W, 61, 2032 MHz, 3996 MHz, 93 %, 15 %
2026/09/20 16:34:44.306, 1, 750.59 W, 60, 2032 MHz, 3996 MHz, 99 %, 56 %
2026/09/20 16:34:44.307, 2, 725.94 W, 47, 2032 MHz, 3996 MHz, 95 %, 28 %
2026/09/20 16:34:44.307, 3, 756.97 W, 50, 2032 MHz, 3996 MHz, 35 %, 15 %
2026/09/20 16:34:44.307, 4, 181.30 W, 32, 120 MHz, 3996 MHz, 0 %, 0 %
2026/09/20 16:34:44.307, 5, 179.27 W, 30, 120 MHz, 3996 MHz, 0 %, 0 %
2026/09/20 16:34:44.307, 6, 180.08 W, 28, 120 MHz, 3996 MHz, 0 %, 0 %
2026/09/20 16:34:44.307, 7, 182.13 W, 28, 120 MHz, 3996 MHz, 0 %, 0 %
2026/09/20 16:34:45.307, 0, 833.66 W, 61, 2032 MHz, 3996 MHz, 97 %, 9 %
2026/09/20 16:34:45.307, 1, 876.98 W, 62, 2032 MHz, 3996 MHz, 99 %, 56 %
2026/09/20 16:34:45.307, 2, 844.56 W, 51, 2032 MHz, 3996 MHz, 99 %, 56 %
2026/09/20 16:34:45.307, 3, 812.80 W, 50, 2032 MHz, 3996 MHz, 45 %, 23 %
2026/09/20 16:34:45.307, 4, 181.30 W, 32, 120 MHz, 3996 MHz, 0 %, 0 %
2026/09/20 16:34:45.307, 5, 179.11 W, 30, 120 MHz, 3996 MHz, 0 %, 0 %
2026/09/20 16:34:45.307, 6, 180.09 W, 28, 120 MHz, 3996 MHz, 0 %, 0 %
2026/09/20 16:34:45.307, 7, 182.13 W, 28, 120 MHz, 3996 MHz, 0 %, 0 %
2026/09/20 16:34:46.307, 0, 931.14 W, 62, 2032 MHz, 3996 MHz, 100 %, 9 %
2026/09/20 16:34:46.307, 1, 875.89 W, 61, 2032 MHz, 3996 MHz, 99 %, 56 %
2026/09/20 16:34:46.307, 2, 897.87 W, 51, 2032 MHz, 3996 MHz, 95 %, 49 %
2026/09/20 16:34:46.307, 3, 881.00 W, 52, 2032 MHz, 3996 MHz, 95 %, 13 %
2026/09/20 16:34:46.307, 4, 181.30 W, 32, 120 MHz, 3996 MHz, 0 %, 0 %
2026/09/20 16:34:46.307, 5, 179.24 W, 30, 120 MHz, 3996 MHz, 0 %, 0 %
2026/09/20 16:34:46.307, 6, 180.07 W, 28, 120 MHz, 3996 MHz, 0 %, 0 %
2026/09/20 16:34:46.307, 7, 182.17 W, 28, 120 MHz, 3996 MHz, 0 %, 0 %
2026/09/20 16:34:47.307, 0, 825.52 W, 60, 2032 MHz, 3996 MHz, 95 %, 30 %
2026/09/20 16:34:47.307, 1, 781.06 W, 60, 2032 MHz, 3996 MHz, 100 %, 11 %
2026/09/20 16:34:47.307, 2, 791.55 W, 49, 2032 MHz, 3996 MHz, 42 %, 18 %
2026/09/20 16:34:47.307, 3, 752.15 W, 49, 2032 MHz, 3996 MHz, 92 %, 33 %
2026/09/20 16:34:47.307, 4, 181.30 W, 32, 120 MHz, 3996 MHz, 0 %, 0 %
2026/09/20 16:34:47.307, 5, 179.16 W, 30, 120 MHz, 3996 MHz, 0 %, 0 %
2026/09/20 16:34:47.308, 6, 180.07 W, 28, 120 MHz, 3996 MHz, 0 %, 0 %
2026/09/20 16:34:47.308, 7, 182.13 W, 28, 120 MHz, 3996 MHz, 0 %, 0 %
2026/09/20 16:34:48.308, 0, 991.85 W, 60, 2025 MHz, 3996 MHz, 99 %, 56 %
2026/09/20 16:34:48.308, 1, 985.15 W, 62, 2032 MHz, 3996 MHz, 100 %, 11 %
2026/09/20 16:34:48.308, 2, 954.35 W, 52, 2002 MHz, 3996 MHz, 67 %, 32 %
2026/09/20 16:34:48.308, 3, 948.21 W, 51, 2032 MHz, 3996 MHz, 99 %, 56 %
2026/09/20 16:34:48.308, 4, 181.30 W, 32, 120 MHz, 3996 MHz, 0 %, 0 %
2026/09/20 16:34:48.308, 5, 179.27 W, 30, 120 MHz, 3996 MHz, 0 %, 0 %
2026/09/20 16:34:48.308, 6, 180.09 W, 28, 120 MHz, 3996 MHz, 0 %, 0 %
2026/09/20 16:34:48.308, 7, 182.13 W, 28, 120 MHz, 3996 MHz, 0 %, 0 %
2026/09/20 16:34:49.308, 0, 868.04 W, 60, 2032 MHz, 3996 MHz, 99 %, 56 %
2026/09/20 16:34:49.308, 1, 805.87 W, 58, 2032 MHz, 3996 MHz, 28 %, 12 %
2026/09/20 16:34:49.308, 2, 836.76 W, 51, 2032 MHz, 3996 MHz, 100 %, 15 %
2026/09/20 16:34:49.308, 3, 817.41 W, 51, 2032 MHz, 3996 MHz, 99 %, 53 %
2026/09/20 16:34:49.308, 4, 181.30 W, 32, 120 MHz, 3996 MHz, 0 %, 0 %
2026/09/20 16:34:49.308, 5, 179.15 W, 30, 120 MHz, 3996 MHz, 0 %, 0 %
2026/09/20 16:34:49.308, 6, 180.10 W, 28, 120 MHz, 3996 MHz, 0 %, 0 %
2026/09/20 16:34:49.308, 7, 182.13 W, 28, 120 MHz, 3996 MHz, 0 %, 0 %
2026/09/20 16:34:50.308, 0, 828.61 W, 60, 2032 MHz, 3996 MHz, 43 %, 19 %
2026/09/20 16:34:50.308, 1, 861.09 W, 62, 2032 MHz, 3996 MHz, 84 %, 35 %
2026/09/20 16:34:50.308, 2, 805.71 W, 49, 2032 MHz, 3996 MHz, 95 %, 10 %
2026/09/20 16:34:50.308, 3, 807.30 W, 49, 2032 MHz, 3996 MHz, 100 %, 8 %
2026/09/20 16:34:50.308, 4, 181.30 W, 32, 120 MHz, 3996 MHz, 0 %, 0 %
2026/09/20 16:34:50.308, 5, 179.20 W, 30, 120 MHz, 3996 MHz, 0 %, 0 %
2026/09/20 16:34:50.308, 6, 180.09 W, 28, 120 MHz, 3996 MHz, 0 %, 0 %
2026/09/20 16:34:50.308, 7, 182.13 W, 28, 120 MHz, 3996 MHz, 0 %, 0 %
2026/09/20 16:34:51.308, 0, 849.42 W, 60, 2032 MHz, 3996 MHz, 30 %, 13 %
2026/09/20 16:34:51.308, 1, 848.17 W, 60, 2032 MHz, 3996 MHz, 100 %, 9 %
2026/09/20 16:34:51.309, 2, 841.27 W, 48, 2032 MHz, 3996 MHz, 95 %, 42 %
2026/09/20 16:34:51.309, 3, 850.68 W, 52, 2032 MHz, 3996 MHz, 100 %, 9 %
2026/09/20 16:34:51.309, 4, 181.30 W, 32, 120 MHz, 3996 MHz, 0 %, 0 %
2026/09/20 16:34:51.309, 5, 179.27 W, 30, 120 MHz, 3996 MHz, 0 %, 0 %
2026/09/20 16:34:51.309, 6, 180.08 W, 28, 120 MHz, 3996 MHz, 0 %, 0 %
2026/09/20 16:34:51.309, 7, 182.17 W, 28, 120 MHz, 3996 MHz, 0 %, 0 %
2026/09/20 16:34:52.309, 0, 821.30 W, 59, 2032 MHz, 3996 MHz, 95 %, 34 %
2026/09/20 16:34:52.309, 1, 765.51 W, 58, 2032 MHz, 3996 MHz, 95 %, 35 %
2026/09/20 16:34:52.309, 2, 781.74 W, 49, 2032 MHz, 3996 MHz, 100 %, 9 %
2026/09/20 16:34:52.309, 3, 746.76 W, 49, 2032 MHz, 3996 MHz, 100 %, 29 %
2026/09/20 16:34:52.309, 4, 181.30 W, 32, 120 MHz, 3996 MHz, 0 %, 0 %
2026/09/20 16:34:52.309, 5, 179.20 W, 30, 120 MHz, 3996 MHz, 0 %, 0 %
2026/09/20 16:34:52.309, 6, 180.09 W, 28, 120 MHz, 3996 MHz, 0 %, 0 %
2026/09/20 16:34:52.309, 7, 182.13 W, 28, 120 MHz, 3996 MHz, 0 %, 0 %
2026/09/20 16:34:53.309, 0, 926.33 W, 61, 2032 MHz, 3996 MHz, 99 %, 56 %
2026/09/20 16:34:53.309, 1, 880.07 W, 63, 2032 MHz, 3996 MHz, 100 %, 56 %
2026/09/20 16:34:53.309, 2, 850.17 W, 52, 2032 MHz, 3996 MHz, 99 %, 56 %
2026/09/20 16:34:53.309, 3, 879.50 W, 52, 2032 MHz, 3996 MHz, 99 %, 56 %
2026/09/20 16:34:53.309, 4, 181.30 W, 32, 120 MHz, 3996 MHz, 0 %, 0 %
2026/09/20 16:34:53.309, 5, 179.23 W, 30, 120 MHz, 3996 MHz, 0 %, 0 %
2026/09/20 16:34:53.309, 6, 180.08 W, 28, 120 MHz, 3996 MHz, 0 %, 0 %
2026/09/20 16:34:53.309, 7, 182.13 W, 28, 120 MHz, 3996 MHz, 0 %, 0 %
2026/09/20 16:34:54.309, 0, 882.19 W, 59, 2032 MHz, 3996 MHz, 95 %, 34 %
2026/09/20 16:34:54.309, 1, 869.67 W, 60, 2032 MHz, 3996 MHz, 69 %, 35 %
2026/09/20 16:34:54.309, 2, 866.90 W, 48, 2032 MHz, 3996 MHz, 35 %, 15 %
2026/09/20 16:34:54.309, 3, 833.89 W, 49, 2032 MHz, 3996 MHz, 100 %, 30 %
2026/09/20 16:34:54.309, 4, 181.30 W, 32, 120 MHz, 3996 MHz, 0 %, 0 %
2026/09/20 16:34:54.309, 5, 179.24 W, 30, 120 MHz, 3996 MHz, 0 %, 0 %
2026/09/20 16:34:54.309, 6, 180.10 W, 28, 120 MHz, 3996 MHz, 0 %, 0 %
2026/09/20 16:34:54.309, 7, 182.13 W, 28, 120 MHz, 3996 MHz, 0 %, 0 %
2026/09/20 16:34:55.310, 0, 917.65 W, 60, 2032 MHz, 3996 MHz, 43 %, 15 %
2026/09/20 16:34:55.310, 1, 889.27 W, 62, 2032 MHz, 3996 MHz, 33 %, 15 %
2026/09/20 16:34:55.310, 2, 874.27 W, 50, 2032 MHz, 3996 MHz, 95 %, 40 %
2026/09/20 16:34:55.310, 3, 858.55 W, 51, 2032 MHz, 3996 MHz, 100 %, 11 %
2026/09/20 16:34:55.310, 4, 181.30 W, 32, 120 MHz, 3996 MHz, 0 %, 0 %
2026/09/20 16:34:55.310, 5, 179.19 W, 30, 120 MHz, 3996 MHz, 0 %, 0 %
2026/09/20 16:34:55.310, 6, 180.10 W, 28, 120 MHz, 3996 MHz, 0 %, 0 %
2026/09/20 16:34:55.310, 7, 182.13 W, 28, 120 MHz, 3996 MHz, 0 %, 0 %
2026/09/20 16:34:56.310, 0, 888.27 W, 62, 2032 MHz, 3996 MHz, 96 %, 25 %
2026/09/20 16:34:56.310, 1, 834.89 W, 61, 2032 MHz, 3996 MHz, 95 %, 12 %
2026/09/20 16:34:56.310, 2, 846.89 W, 51, 2032 MHz, 3996 MHz, 99 %, 56 %
2026/09/20 16:34:56.310, 3, 806.83 W, 51, 2032 MHz, 3996 MHz, 67 %, 36 %
2026/09/20 16:34:56.310, 4, 181.30 W, 32, 120 MHz, 3996 MHz, 0 %, 0 %
2026/09/20 16:34:56.310, 5, 179.31 W, 30, 120 MHz, 3996 MHz, 0 %, 0 %
2026/09/20 16:34:56.310, 6, 180.10 W, 28, 120 MHz, 3996 MHz, 0 %, 0 %
2026/09/20 16:34:56.310, 7, 182.13 W, 28, 120 MHz, 3996 MHz, 0 %, 0 %
2026/09/20 16:34:57.310, 0, 945.26 W, 60, 2032 MHz, 3996 MHz, 100 %, 51 %
2026/09/20 16:34:57.310, 1, 938.53 W, 61, 2032 MHz, 3996 MHz, 99 %, 56 %
2026/09/20 16:34:57.310, 2, 917.99 W, 50, 2032 MHz, 3996 MHz, 100 %, 9 %
2026/09/20 16:34:57.310, 3, 880.43 W, 49, 2032 MHz, 3996 MHz, 80 %, 40 %
2026/09/20 16:34:57.310, 4, 181.30 W, 32, 120 MHz, 3996 MHz, 0 %, 0 %
2026/09/20 16:34:57.310, 5, 179.39 W, 30, 120 MHz, 3996 MHz, 0 %, 0 %
2026/09/20 16:34:57.310, 6, 180.12 W, 28, 120 MHz, 3996 MHz, 0 %, 0 %
2026/09/20 16:34:57.310, 7, 182.13 W, 28, 120 MHz, 3996 MHz, 0 %, 0 %
2026/09/20 16:34:58.310, 0, 793.17 W, 61, 2032 MHz, 3996 MHz, 27 %, 11 %
2026/09/20 16:34:58.311, 1, 842.40 W, 63, 2032 MHz, 3996 MHz, 100 %, 8 %
2026/09/20 16:34:58.311, 2, 822.44 W, 54, 2032 MHz, 3996 MHz, 95 %, 30 %
2026/09/20 16:34:58.311, 3, 787.41 W, 51, 2032 MHz, 3996 MHz, 100 %, 8 %
2026/09/20 16:34:58.311, 4, 181.30 W, 32, 120 MHz, 3996 MHz, 0 %, 0 %
2026/09/20 16:34:58.311, 5, 179.20 W, 30, 120 MHz, 3996 MHz, 0 %, 0 %
2026/09/20 16:34:58.311, 6, 180.07 W, 28, 120 MHz, 3996 MHz, 0 %, 0 %
2026/09/20 16:34:58.311, 7, 182.13 W, 28, 120 MHz, 3996 MHz, 0 %, 0 %
2026/09/20 16:34:59.311, 0, 919.33 W, 60, 2032 MHz, 3996 MHz, 99 %, 56 %
2026/09/20 16:34:59.311, 1, 914.89 W, 60, 2002 MHz, 3996 MHz, 99 %, 56 %
2026/09/20 16:34:59.311, 2, 896.88 W, 50, 2032 MHz, 3996 MHz, 100 %, 27 %
2026/09/20 16:34:59.311, 3, 872.48 W, 51, 2032 MHz, 3996 MHz, 99 %, 56 %
2026/09/20 16:34:59.311, 4, 181.30 W, 32, 120 MHz, 3996 MHz, 0 %, 0 %
2026/09/20 16:34:59.311, 5, 179.31 W, 30, 120 MHz, 3996 MHz, 0 %, 0 %
2026/09/20 16:34:59.311, 6, 180.12 W, 28, 120 MHz, 3996 MHz, 0 %, 0 %
2026/09/20 16:34:59.311, 7, 182.13 W, 28, 120 MHz, 3996 MHz, 0 %, 0 %
2026/09/20 16:35:00.311, 0, 914.02 W, 62, 2032 MHz, 3996 MHz, 100 %, 19 %
2026/09/20 16:35:00.311, 1, 877.93 W, 61, 2032 MHz, 3996 MHz, 100 %, 28 %
2026/09/20 16:35:00.311, 2, 851.45 W, 51, 2032 MHz, 3996 MHz, 100 %, 8 %
2026/09/20 16:35:00.311, 3, 848.08 W, 48, 2032 MHz, 3996 MHz, 28 %, 12 %
2026/09/20 16:35:00.311, 4, 181.30 W, 32, 120 MHz, 3996 MHz, 0 %, 0 %
2026/09/20 16:35:00.311, 5, 179.27 W, 30, 120 MHz, 3996 MHz, 0 %, 0 %
2026/09/20 16:35:00.311, 6, 180.09 W, 28, 120 MHz, 3996 MHz, 0 %, 0 %
2026/09/20 16:35:00.311, 7, 182.17 W, 28, 120 MHz, 3996 MHz, 0 %, 0 %
2026/09/20 16:35:01.311, 0, 818.86 W, 59, 2032 MHz, 3996 MHz, 98 %, 11 %
2026/09/20 16:35:01.311, 1, 832.26 W, 60, 2032 MHz, 3996 MHz, 100 %, 11 %
2026/09/20 16:35:01.311, 2, 790.82 W, 48, 2032 MHz, 3996 MHz, 70 %, 36 %
2026/09/20 16:35:01.311, 3, 809.99 W, 50, 2032 MHz, 3996 MHz, 49 %, 25 %
2026/09/20 16:35:01.311, 4, 181.30 W, 32, 120 MHz, 3996 MHz, 0 %, 0 %
2026/09/20 16:35:01.311, 5, 179.35 W, 30, 120 MHz, 3996 MHz, 0 %, 0 %
2026/09/20 16:35:01.311, 6, 180.10 W, 28, 120 MHz, 3996 MHz, 0 %, 0 %
2026/09/20 16:35:01.311, 7, 182.13 W, 28, 120 MHz, 3996 MHz, 0 %, 0 %
2026/09/20 16:35:02.312, 0, 900.20 W, 61, 2032 MHz, 3996 MHz, 96 %, 37 %
2026/09/20 16:35:02.312, 1, 841.02 W, 62, 2032 MHz, 3996 MHz, 96 %, 28 %
2026/09/20 16:35:02.312, 2, 819.82 W, 51, 2032 MHz, 3996 MHz, 99 %, 56 %
2026/09/20 16:35:02.312, 3, 862.37 W, 52, 2032 MHz, 3996 MHz, 95 %, 50 %
2026/09/20 16:35:02.312, 4, 181.30 W, 32, 120 MHz, 3996 MHz, 0 %, 0 %
2026/09/20 16:35:02.312, 5, 179.20 W, 30, 120 MHz, 3996 MHz, 0 %, 0 %
2026/09/20 16:35:02.312, 6, 180.12 W, 28, 120 MHz, 3996 MHz, 0 %, 0 %
2026/09/20 16:35:02.312, 7, 182.13 W, 28, 120 MHz, 3996 MHz, 0 %, 0 %
2026/09/20 16:35:03.312, 0, 851.43 W, 61, 2032 MHz, 3996 MHz, 100 %, 16 %
2026/09/20 16:35:03.312, 1, 850.64 W, 60, 2032 MHz, 3996 MHz, 100 %, 25 %
2026/09/20 16:35:03.312, 2, 863.77 W, 51, 2032 MHz, 3996 MHz, 100 %, 8 %
2026/09/20 16:35:03.312, 3, 829.93 W, 48, 2032 MHz, 3996 MHz, 27 %, 12 %
2026/09/20 16:35:03.312, 4, 181.30 W, 32, 120 MHz, 3996 MHz, 0 %, 0 %
2026/09/20 16:35:03.312, 5, 179.19 W, 30, 120 MHz, 3996 MHz, 0 %, 0 %
2026/09/20 16:35:03.312, 6, 180.08 W, 28, 120 MHz, 3996 MHz, 0 %, 0 %
2026/09/20 16:35:03.312, 7, 182.13 W, 28, 120 MHz, 3996 MHz, 0 %, 0 %
2026/09/20 16:35:04.312, 0, 944.28 W, 62, 2032 MHz, 3996 MHz, 99 %, 56 %
2026/09/20 16:35:04.312, 1, 939.57 W, 63, 2032 MHz, 3996 MHz, 99 %, 56 %
2026/09/20 16:35:04.312, 2, 881.79 W, 51, 2032 MHz, 3996 MHz, 99 %, 56 %
2026/09/20 16:35:04.312, 3, 894.49 W, 52, 2032 MHz, 3996 MHz, 99 %, 56 %
2026/09/20 16:35:04.312, 4, 181.30 W, 32, 120 MHz, 3996 MHz, 0 %, 0 %
2026/09/20 16:35:04.312, 5, 179.24 W, 30, 120 MHz, 3996 MHz, 0 %, 0 %
2026/09/20 16:35:04.312, 6, 180.08 W, 28, 120 MHz, 3996 MHz, 0 %, 0 %
2026/09/20 16:35:04.312, 7, 182.13 W, 28, 120 MHz, 3996 MHz, 0 %, 0 %
2026/09/20 16:35:05.312, 0, 936.77 W, 63, 2032 MHz, 3996 MHz, 99 %, 56 %
2026/09/20 16:35:05.313, 1, 921.54 W, 63, 2032 MHz, 3996 MHz, 99 %, 56 %
2026/09/20 16:35:05.313, 2, 866.68 W, 52, 2032 MHz, 3996 MHz, 99 %, 56 %
2026/09/20 16:35:05.313, 3, 886.32 W, 52, 2032 MHz, 3996 MHz, 99 %, 56 %
2026/09/20 16:35:05.313, 4, 181.30 W, 32, 120 MHz, 3996 MHz, 0 %, 0 %
2026/09/20 16:35:05.313, 5, 179.15 W, 30, 120 MHz, 3996 MHz, 0 %, 0 %
2026/09/20 16:35:05.313, 6, 180.09 W, 28, 120 MHz, 3996 MHz, 0 %, 0 %
2026/09/20 16:35:05.313, 7, 182.13 W, 28, 120 MHz, 3996 MHz, 0 %, 0 %
2026/09/20 16:35:06.313, 0, 919.73 W, 62, 2010 MHz, 3996 MHz, 99 %, 56 %
2026/09/20 16:35:06.313, 1, 907.98 W, 62, 2025 MHz, 3996 MHz, 99 %, 56 %
2026/09/20 16:35:06.313, 2, 879.13 W, 52, 2032 MHz, 3996 MHz, 99 %, 56 %
2026/09/20 16:35:06.313, 3, 903.01 W, 52, 2032 MHz, 3996 MHz, 99 %, 56 %
2026/09/20 16:35:06.313, 4, 181.30 W, 32, 120 MHz, 3996 MHz, 0 %, 0 %
2026/09/20 16:35:06.313, 5, 179.35 W, 30, 120 MHz, 3996 MHz, 0 %, 0 %
2026/09/20 16:35:06.313, 6, 180.12 W, 28, 120 MHz, 3996 MHz, 0 %, 0 %
2026/09/20 16:35:06.313, 7, 182.13 W, 28, 120 MHz, 3996 MHz, 0 %, 0 %
2026/09/20 16:35:07.313, 0, 900.00 W, 62, 2032 MHz, 3996 MHz, 96 %, 15 %
2026/09/20 16:35:07.313, 1, 906.44 W, 62, 2032 MHz, 3996 MHz, 29 %, 13 %
2026/09/20 16:35:07.313, 2, 916.56 W, 52, 2032 MHz, 3996 MHz, 99 %, 56 %
2026/09/20 16:35:07.313, 3, 915.65 W, 52, 2032 MHz, 3996 MHz, 95 %, 28 %
2026/09/20 16:35:07.313, 4, 181.30 W, 32, 120 MHz, 3996 MHz, 0 %, 0 %
2026/09/20 16:35:07.313, 5, 179.01 W, 30, 120 MHz, 3996 MHz, 0 %, 0 %
2026/09/20 16:35:07.313, 6, 180.12 W, 28, 120 MHz, 3996 MHz, 0 %, 0 %
2026/09/20 16:35:07.313, 7, 182.13 W, 28, 120 MHz, 3996 MHz, 0 %, 0 %
2026/09/20 16:35:08.313, 0, 940.83 W, 63, 2032 MHz, 3996 MHz, 95 %, 30 %
2026/09/20 16:35:08.313, 1, 923.19 W, 63, 2032 MHz, 3996 MHz, 96 %, 23 %
2026/09/20 16:35:08.313, 2, 876.20 W, 52, 2032 MHz, 3996 MHz, 99 %, 56 %
2026/09/20 16:35:08.313, 3, 898.48 W, 52, 2032 MHz, 3996 MHz, 94 %, 43 %
2026/09/20 16:35:08.313, 4, 181.30 W, 32, 120 MHz, 3996 MHz, 0 %, 0 %
2026/09/20 16:35:08.313, 5, 179.35 W, 30, 120 MHz, 3996 MHz, 0 %, 0 %
2026/09/20 16:35:08.313, 6, 180.11 W, 28, 120 MHz, 3996 MHz, 0 %, 0 %
2026/09/20 16:35:08.314, 7, 182.13 W, 28, 120 MHz, 3996 MHz, 0 %, 0 %
2026/09/20 16:35:09.314, 0, 893.86 W, 61, 2010 MHz, 3996 MHz, 96 %, 24 %
2026/09/20 16:35:09.314, 1, 918.14 W, 62, 2032 MHz, 3996 MHz, 96 %, 17 %
2026/09/20 16:35:09.314, 2, 915.38 W, 51, 2032 MHz, 3996 MHz, 99 %, 56 %
2026/09/20 16:35:09.314, 3, 889.76 W, 52, 2032 MHz, 3996 MHz, 69 %, 37 %
2026/09/20 16:35:09.314, 4, 181.30 W, 32, 120 MHz, 3996 MHz, 0 %, 0 %
2026/09/20 16:35:09.314, 5, 179.31 W, 30, 120 MHz, 3996 MHz, 0 %, 0 %
2026/09/20 16:35:09.314, 6, 180.11 W, 28, 120 MHz, 3996 MHz, 0 %, 0 %
2026/09/20 16:35:09.314, 7, 182.13 W, 28, 120 MHz, 3996 MHz, 0 %, 0 %
2026/09/20 16:35:10.314, 0, 882.55 W, 60, 2032 MHz, 3996 MHz, 99 %, 56 %
2026/09/20 16:35:10.314, 1, 922.47 W, 61, 2025 MHz, 3996 MHz, 99 %, 56 %
2026/09/20 16:35:10.314, 2, 890.87 W, 50, 2032 MHz, 3996 MHz, 100 %, 23 %
2026/09/20 16:35:10.314, 3, 847.68 W, 50, 2032 MHz, 3996 MHz, 99 %, 56 %
2026/09/20 16:35:10.314, 4, 181.30 W, 32, 120 MHz, 3996 MHz, 0 %, 0 %
2026/09/20 16:35:10.314, 5, 179.04 W, 30, 120 MHz, 3996 MHz, 0 %, 0 %
2026/09/20 16:35:10.314, 6, 180.11 W, 28, 120 MHz, 3996 MHz, 0 %, 0 %
2026/09/20 16:35:10.314, 7, 182.13 W, 28, 120 MHz, 3996 MHz, 0 %, 0 %
2026/09/20 16:35:11.314, 0, 833.30 W, 57, 2032 MHz, 3996 MHz, 79 %, 36 %
2026/09/20 16:35:11.314, 1, 839.19 W, 60, 2032 MHz, 3996 MHz, 76 %, 33 %
2026/09/20 16:35:11.314, 2, 816.05 W, 49, 2032 MHz, 3996 MHz, 100 %, 8 %
2026/09/20 16:35:11.314, 3, 827.79 W, 50, 2032 MHz, 3996 MHz, 100 %, 25 %
2026/09/20 16:35:11.314, 4, 181.30 W, 32, 120 MHz, 3996 MHz, 0 %, 0 %
2026/09/20 16:35:11.314, 5, 179.31 W, 30, 120 MHz, 3996 MHz, 0 %, 0 %
2026/09/20 16:35:11.314, 6, 180.12 W, 28, 120 MHz, 3996 MHz, 0 %, 0 %
2026/09/20 16:35:11.314, 7, 182.13 W, 28, 120 MHz, 3996 MHz, 0 %, 0 %
2026/09/20 16:35:12.314, 0, 915.95 W, 61, 2010 MHz, 3996 MHz, 99 %, 56 %
2026/09/20 16:35:12.314, 1, 882.27 W, 61, 1942 MHz, 3996 MHz, 90 %, 50 %
2026/09/20 16:35:12.315, 2, 857.72 W, 49, 2017 MHz, 3996 MHz, 100 %, 48 %
2026/09/20 16:35:12.315, 3, 895.89 W, 52, 2032 MHz, 3996 MHz, 99 %, 56 %
2026/09/20 16:35:12.315, 4, 181.30 W, 32, 120 MHz, 3996 MHz, 0 %, 0 %
2026/09/20 16:35:12.315, 5, 179.31 W, 30, 120 MHz, 3996 MHz, 0 %, 0 %
2026/09/20 16:35:12.315, 6, 180.10 W, 28, 120 MHz, 3996 MHz, 0 %, 0 %
2026/09/20 16:35:12.315, 7, 182.13 W, 28, 120 MHz, 3996 MHz, 0 %, 0 %
2026/09/20 16:35:13.315, 0, 741.07 W, 59, 2032 MHz, 3996 MHz, 100 %, 11 %
2026/09/20 16:35:13.315, 1, 743.48 W, 58, 1980 MHz, 3996 MHz, 35 %, 15 %
2026/09/20 16:35:13.315, 2, 699.54 W, 49, 2032 MHz, 3996 MHz, 95 %, 34 %
2026/09/20 16:35:13.315, 3, 749.36 W, 50, 2032 MHz, 3996 MHz, 73 %, 23 %
2026/09/20 16:35:13.315, 4, 181.30 W, 32, 120 MHz, 3996 MHz, 0 %, 0 %
2026/09/20 16:35:13.315, 5, 179.23 W, 30, 120 MHz, 3996 MHz, 0 %, 0 %
2026/09/20 16:35:13.315, 6, 180.10 W, 28, 120 MHz, 3996 MHz, 0 %, 0 %
2026/09/20 16:35:13.315, 7, 182.13 W, 28, 120 MHz, 3996 MHz, 0 %, 0 %
2026/09/20 16:35:14.315, 0, 889.31 W, 61, 2032 MHz, 3996 MHz, 40 %, 15 %
2026/09/20 16:35:14.315, 1, 849.10 W, 62, 2032 MHz, 3996 MHz, 100 %, 11 %
2026/09/20 16:35:14.315, 2, 823.93 W, 50, 2032 MHz, 3996 MHz, 95 %, 40 %
2026/09/20 16:35:14.315, 3, 855.29 W, 51, 2032 MHz, 3996 MHz, 35 %, 15 %
2026/09/20 16:35:14.315, 4, 181.30 W, 32, 120 MHz, 3996 MHz, 0 %, 0 %
2026/09/20 16:35:14.315, 5, 179.39 W, 30, 120 MHz, 3996 MHz, 0 %, 0 %
2026/09/20 16:35:14.315, 6, 180.08 W, 28, 120 MHz, 3996 MHz, 0 %, 0 %
2026/09/20 16:35:14.315, 7, 182.13 W, 28, 120 MHz, 3996 MHz, 0 %, 0 %
2026/09/20 16:35:15.315, 0, 858.43 W, 61, 2032 MHz, 3996 MHz, 35 %, 15 %
2026/09/20 16:35:15.315, 1, 827.52 W, 61, 2032 MHz, 3996 MHz, 100 %, 11 %
2026/09/20 16:35:15.315, 2, 855.37 W, 51, 2032 MHz, 3996 MHz, 94 %, 46 %
2026/09/20 16:35:15.315, 3, 827.59 W, 50, 2032 MHz, 3996 MHz, 97 %, 11 %
2026/09/20 16:35:15.315, 4, 181.30 W, 32, 120 MHz, 3996 MHz, 0 %, 0 %
2026/09/20 16:35:15.315, 5, 179.12 W, 30, 120 MHz, 3996 MHz, 0 %, 0 %
2026/09/20 16:35:15.315, 6, 180.08 W, 28, 120 MHz, 3996 MHz, 0 %, 0 %
2026/09/20 16:35:15.316, 7, 182.13 W, 28, 120 MHz, 3996 MHz, 0 %, 0 %
2026/09/20 16:35:16.316, 0, 838.25 W, 61, 2002 MHz, 3996 MHz, 96 %, 30 %
2026/09/20 16:35:16.316, 1, 857.60 W, 63, 2032 MHz, 3996 MHz, 56 %, 27 %
2026/09/20 16:35:16.316, 2, 781.33 W, 49, 2032 MHz, 3996 MHz, 99 %, 55 %
2026/09/20 16:35:16.316, 3, 808.99 W, 51, 1995 MHz, 3996 MHz, 85 %, 42 %
2026/09/20 16:35:16.316, 4, 181.30 W, 32, 120 MHz, 3996 MHz, 0 %, 0 %
2026/09/20 16:35:16.316, 5, 179.27 W, 30, 120 MHz, 3996 MHz, 0 %, 0 %
2026/09/20 16:35:16.316, 6, 180.08 W, 28, 120 MHz, 3996 MHz, 0 %, 0 %
2026/09/20 16:35:16.316, 7, 182.13 W, 28, 120 MHz, 3996 MHz, 0 %, 0 %
2026/09/20 16:35:17.316, 0, 891.71 W, 60, 2032 MHz, 3996 MHz, 99 %, 56 %
2026/09/20 16:35:17.316, 1, 888.06 W, 61, 2032 MHz, 3996 MHz, 99 %, 56 %
2026/09/20 16:35:17.316, 2, 871.59 W, 50, 2032 MHz, 3996 MHz, 100 %, 21 %
2026/09/20 16:35:17.316, 3, 824.64 W, 49, 2032 MHz, 3996 MHz, 99 %, 55 %
2026/09/20 16:35:17.316, 4, 181.30 W, 32, 120 MHz, 3996 MHz, 0 %, 0 %
2026/09/20 16:35:17.316, 5, 179.16 W, 30, 120 MHz, 3996 MHz, 0 %, 0 %
2026/09/20 16:35:17.316, 6, 180.09 W, 28, 120 MHz, 3996 MHz, 0 %, 0 %
2026/09/20 16:35:17.316, 7, 182.13 W, 28, 120 MHz, 3996 MHz, 0 %, 0 %
2026/09/20 16:35:18.316, 0, 793.99 W, 58, 2032 MHz, 3996 MHz, 100 %, 38 %
2026/09/20 16:35:18.316, 1, 812.91 W, 60, 2032 MHz, 3996 MHz, 93 %, 48 %
2026/09/20 16:35:18.316, 2, 820.68 W, 48, 2032 MHz, 3996 MHz, 100 %, 11 %
2026/09/20 16:35:18.316, 3, 789.16 W, 49, 2032 MHz, 3996 MHz, 67 %, 30 %
2026/09/20 16:35:18.316, 4, 181.30 W, 32, 120 MHz, 3996 MHz, 0 %, 0 %
2026/09/20 16:35:18.316, 5, 179.35 W, 30, 120 MHz, 3996 MHz, 0 %, 0 %
2026/09/20 16:35:18.316, 6, 180.08 W, 28, 120 MHz, 3996 MHz, 0 %, 0 %
2026/09/20 16:35:18.316, 7, 182.13 W, 28, 120 MHz, 3996 MHz, 0 %, 0 %
2026/09/20 16:35:19.317, 0, 897.76 W, 60, 2032 MHz, 3996 MHz, 95 %, 22 %
2026/09/20 16:35:19.317, 1, 851.41 W, 58, 2032 MHz, 3996 MHz, 95 %, 15 %
2026/09/20 16:35:19.317, 2, 895.98 W, 50, 2032 MHz, 3996 MHz, 100 %, 21 %
2026/09/20 16:35:19.317, 3, 877.13 W, 49, 2032 MHz, 3996 MHz, 67 %, 36 %
2026/09/20 16:35:19.317, 4, 181.30 W, 32, 120 MHz, 3996 MHz, 0 %, 0 %
2026/09/20 16:35:19.317, 5, 179.23 W, 30, 120 MHz, 3996 MHz, 0 %, 0 %
2026/09/20 16:35:19.317, 6, 180.08 W, 28, 120 MHz, 3996 MHz, 0 %, 0 %
2026/09/20 16:35:19.317, 7, 182.13 W, 28, 120 MHz, 3996 MHz, 0 %, 0 %
2026/09/20 16:35:20.317, 0, 878.71 W, 58, 2032 MHz, 3996 MHz, 74 %, 36 %
2026/09/20 16:35:20.317, 1, 869.93 W, 60, 2032 MHz, 3996 MHz, 95 %, 35 %
2026/09/20 16:35:20.317, 2, 881.39 W, 49, 2032 MHz, 3996 MHz, 100 %, 9 %
2026/09/20 16:35:20.317, 3, 864.86 W, 50, 2032 MHz, 3996 MHz, 100 %, 22 %
2026/09/20 16:35:20.317, 4, 181.30 W, 32, 120 MHz, 3996 MHz, 0 %, 0 %
2026/09/20 16:35:20.317, 5, 179.24 W, 30, 120 MHz, 3996 MHz, 0 %, 0 %
2026/09/20 16:35:20.317, 6, 180.10 W, 28, 120 MHz, 3996 MHz, 0 %, 0 %
2026/09/20 16:35:20.317, 7, 182.13 W, 28, 120 MHz, 3996 MHz, 0 %, 0 %
2026/09/20 16:35:21.317, 0, 820.90 W, 60, 2032 MHz, 3996 MHz, 100 %, 9 %
2026/09/20 16:35:21.317, 1, 791.93 W, 59, 2032 MHz, 3996 MHz, 98 %, 8 %
2026/09/20 16:35:21.317, 2, 822.78 W, 50, 2032 MHz, 3996 MHz, 100 %, 9 %
2026/09/20 16:35:21.317, 3, 783.44 W, 47, 2032 MHz, 3996 MHz, 28 %, 12 %
2026/09/20 16:35:21.317, 4, 181.30 W, 32, 120 MHz, 3996 MHz, 0 %, 0 %
2026/09/20 16:35:21.317, 5, 179.15 W, 30, 120 MHz, 3996 MHz, 0 %, 0 %
2026/09/20 16:35:21.317, 6, 180.09 W, 28, 120 MHz, 3996 MHz, 0 %, 0 %
2026/09/20 16:35:21.317, 7, 182.13 W, 28, 120 MHz, 3996 MHz, 0 %, 0 %
2026/09/20 16:35:22.317, 0, 935.79 W, 61, 2032 MHz, 3996 MHz, 100 %, 10 %
2026/09/20 16:35:22.317, 1, 897.01 W, 61, 2032 MHz, 3996 MHz, 46 %, 21 %
2026/09/20 16:35:22.317, 2, 884.21 W, 50, 2032 MHz, 3996 MHz, 95 %, 17 %
2026/09/20 16:35:22.317, 3, 911.93 W, 49, 2032 MHz, 3996 MHz, 100 %, 9 %
2026/09/20 16:35:22.318, 4, 181.30 W, 32, 120 MHz, 3996 MHz, 0 %, 0 %
2026/09/20 16:35:22.318, 5, 179.27 W, 30, 120 MHz, 3996 MHz, 0 %, 0 %
2026/09/20 16:35:22.318, 6, 180.09 W, 28, 120 MHz, 3996 MHz, 0 %, 0 %
2026/09/20 16:35:22.318, 7, 182.13 W, 28, 120 MHz, 3996 MHz, 0 %, 0 %
2026/09/20 16:35:23.318, 0, 924.79 W, 63, 2032 MHz, 3996 MHz, 99 %, 56 %
2026/09/20 16:35:23.318, 1, 909.40 W, 63, 2032 MHz, 3996 MHz, 99 %, 56 %
2026/09/20 16:35:23.318, 2, 897.70 W, 52, 2032 MHz, 3996 MHz, 99 %, 56 %
2026/09/20 16:35:23.318, 3, 856.07 W, 51, 2032 MHz, 3996 MHz, 99 %, 56 %
2026/09/20 16:35:23.318, 4, 181.30 W, 32, 120 MHz, 3996 MHz, 0 %, 0 %
2026/09/20 16:35:23.318, 5, 179.35 W, 30, 120 MHz, 3996 MHz, 0 %, 0 %
2026/09/20 16:35:23.318, 6, 180.14 W, 28, 120 MHz, 3996 MHz, 0 %, 0 %
2026/09/20 16:35:23.318, 7, 182.13 W, 28, 120 MHz, 3996 MHz, 0 %, 0 %
2026/09/20 16:35:24.318, 0, 881.36 W, 63, 1980 MHz, 3996 MHz, 95 %, 36 %
2026/09/20 16:35:24.318, 1, 885.49 W, 63, 2032 MHz, 3996 MHz, 96 %, 27 %
2026/09/20 16:35:24.318, 2, 791.53 W, 51, 2032 MHz, 3996 MHz, 99 %, 56 %
2026/09/20 16:35:24.318, 3, 820.20 W, 52, 2032 MHz, 3996 MHz, 95 %, 51 %
2026/09/20 16:35:24.318, 4, 181.30 W, 32, 120 MHz, 3996 MHz, 0 %, 0 %
2026/09/20 16:35:24.318, 5, 179.24 W, 30, 120 MHz, 3996 MHz, 0 %, 0 %
2026/09/20 16:35:24.318, 6, 180.12 W, 28, 120 MHz, 3996 MHz, 0 %, 0 %
2026/09/20 16:35:24.318, 7, 182.13 W, 28, 120 MHz, 3996 MHz, 0 %, 0 %
2026/09/20 16:35:25.318, 0, 876.08 W, 62, 2032 MHz, 3996 MHz, 100 %, 10 %
2026/09/20 16:35:25.318, 1, 851.50 W, 62, 2032 MHz, 3996 MHz, 100 %, 12 %
2026/09/20 16:35:25.318, 2, 817.71 W, 51, 2032 MHz, 3996 MHz, 86 %, 33 %
2026/09/20 16:35:25.318, 3, 825.80 W, 51, 2032 MHz, 3996 MHz, 33 %, 14 %
2026/09/20 16:35:25.318, 4, 181.30 W, 32, 120 MHz, 3996 MHz, 0 %, 0 %
2026/09/20 16:35:25.318, 5, 179.39 W, 30, 120 MHz, 3996 MHz, 0 %, 0 %
2026/09/20 16:35:25.318, 6, 180.11 W, 28, 120 MHz, 3996 MHz, 0 %, 0 %
2026/09/20 16:35:25.318, 7, 182.13 W, 28, 120 MHz, 3996 MHz, 0 %, 0 %
2026/09/20 16:35:26.319, 0, 930.92 W, 62, 2032 MHz, 3996 MHz, 95 %, 39 %
2026/09/20 16:35:26.319, 1, 886.03 W, 62, 2032 MHz, 3996 MHz, 95 %, 30 %
2026/09/20 16:35:26.319, 2, 897.08 W, 51, 2032 MHz, 3996 MHz, 99 %, 56 %
2026/09/20 16:35:26.319, 3, 887.32 W, 51, 2032 MHz, 3996 MHz, 90 %, 50 %
2026/09/20 16:35:26.319, 4, 181.30 W, 32, 120 MHz, 3996 MHz, 0 %, 0 %
2026/09/20 16:35:26.319, 5, 179.27 W, 30, 120 MHz, 3996 MHz, 0 %, 0 %
2026/09/20 16:35:26.319, 6, 180.13 W, 28, 120 MHz, 3996 MHz, 0 %, 0 %
2026/09/20 16:35:26.319, 7, 182.13 W, 28, 120 MHz, 3996 MHz, 0 %, 0 %
2026/09/20 16:35:27.319, 0, 899.31 W, 62, 2032 MHz, 3996 MHz, 99 %, 56 %
2026/09/20 16:35:27.319, 1, 798.33 W, 61, 2032 MHz, 3996 MHz, 95 %, 19 %
2026/09/20 16:35:27.319, 2, 834.23 W, 51, 2032 MHz, 3996 MHz, 99 %, 56 %
2026/09/20 16:35:27.319, 3, 849.26 W, 52, 2032 MHz, 3996 MHz, 93 %, 39 %
2026/09/20 16:35:27.319, 4, 181.30 W, 32, 120 MHz, 3996 MHz, 0 %, 0 %
2026/09/20 16:35:27.319, 5, 179.27 W, 30, 120 MHz, 3996 MHz, 0 %, 0 %
2026/09/20 16:35:27.319, 6, 180.11 W, 28, 120 MHz, 3996 MHz, 0 %, 0 %
2026/09/20 16:35:27.319, 7, 182.13 W, 28, 120 MHz, 3996 MHz, 0 %, 0 %
2026/09/20 16:35:28.319, 0, 951.05 W, 60, 2032 MHz, 3996 MHz, 100 %, 11 %
2026/09/20 16:35:28.319, 1, 944.45 W, 61, 2032 MHz, 3996 MHz, 100 %, 40 %
2026/09/20 16:35:28.319, 2, 902.47 W, 49, 2032 MHz, 3996 MHz, 34 %, 15 %
2026/09/20 16:35:28.319, 3, 895.77 W, 52, 2032 MHz, 3996 MHz, 100 %, 21 %
2026/09/20 16:35:28.319, 4, 181.30 W, 32, 120 MHz, 3996 MHz, 0 %, 0 %
2026/09/20 16:35:28.319, 5, 179.31 W, 30, 120 MHz, 3996 MHz, 0 %, 0 %
2026/09/20 16:35:28.319, 6, 180.09 W, 28, 120 MHz, 3996 MHz, 0 %, 0 %
2026/09/20 16:35:28.319, 7, 182.13 W, 28, 120 MHz, 3996 MHz, 0 %, 0 %
2026/09/20 16:35:29.319, 0, 924.06 W, 62, 2032 MHz, 3996 MHz, 99 %, 55 %
2026/09/20 16:35:29.319, 1, 883.03 W, 61, 2032 MHz, 3996 MHz, 99 %, 55 %
2026/09/20 16:35:29.319, 2, 881.76 W, 52, 2032 MHz, 3996 MHz, 99 %, 56 %
2026/09/20 16:35:29.319, 3, 900.99 W, 53, 2032 MHz, 3996 MHz, 99 %, 55 %
2026/09/20 16:35:29.319, 4, 181.30 W, 32, 120 MHz, 3996 MHz, 0 %, 0 %
2026/09/20 16:35:29.320, 5, 179.24 W, 30, 120 MHz, 3996 MHz, 0 %, 0 %
2026/09/20 16:35:29.320, 6, 180.08 W, 28, 120 MHz, 3996 MHz, 0 %, 0 %
2026/09/20 16:35:29.320, 7, 182.17 W, 28, 120 MHz, 3996 MHz, 0 %, 0 %
2026/09/20 16:35:30.320, 0, 865.70 W, 58, 2032 MHz, 3996 MHz, 33 %, 14 %
2026/09/20 16:35:30.320, 1, 887.89 W, 61, 2032 MHz, 3996 MHz, 99 %, 55 %
2026/09/20 16:35:30.320, 2, 871.10 W, 50, 2032 MHz, 3996 MHz, 100 %, 10 %
2026/09/20 16:35:30.320, 3, 868.82 W, 50, 2032 MHz, 3996 MHz, 100 %, 44 %
2026/09/20 16:35:30.320, 4, 181.30 W, 32, 120 MHz, 3996 MHz, 0 %, 0 %
2026/09/20 16:35:30.320, 5, 179.20 W, 30, 120 MHz, 3996 MHz, 0 %, 0 %
2026/09/20 16:35:30.320, 6, 180.08 W, 28, 120 MHz, 3996 MHz, 0 %, 0 %
2026/09/20 16:35:30.320, 7, 182.13 W, 28, 120 MHz, 3996 MHz, 0 %, 0 %
2026/09/20 16:35:31.320, 0, 870.24 W, 60, 2032 MHz, 3996 MHz, 100 %, 23 %
2026/09/20 16:35:31.320, 1, 863.42 W, 59, 2032 MHz, 3996 MHz, 96 %, 54 %
2026/09/20 16:35:31.320, 2, 836.12 W, 49, 2032 MHz, 3996 MHz, 100 %, 21 %
2026/09/20 16:35:31.320, 3, 838.68 W, 50, 2032 MHz, 3996 MHz, 99 %, 54 %
2026/09/20 16:35:31.320, 4, 181.30 W, 32, 120 MHz, 3996 MHz, 0 %, 0 %
2026/09/20 16:35:31.320, 5, 179.19 W, 30, 120 MHz, 3996 MHz, 0 %, 0 %
2026/09/20 16:35:31.320, 6, 180.07 W, 28, 120 MHz, 3996 MHz, 0 %, 0 %
2026/09/20 16:35:31.320, 7, 182.13 W, 28, 120 MHz, 3996 MHz, 0 %, 0 %
2026/09/20 16:35:32.320, 0, 855.23 W, 61, 2032 MHz, 3996 MHz, 42 %, 18 %
2026/09/20 16:35:32.320, 1, 743.88 W, 60, 2032 MHz, 3996 MHz, 100 %, 26 %
2026/09/20 16:35:32.320, 2, 819.18 W, 51, 2032 MHz, 3996 MHz, 98 %, 11 %
2026/09/20 16:35:32.320, 3, 827.15 W, 52, 2032 MHz, 3996 MHz, 100 %, 12 %
2026/09/20 16:35:32.320, 4, 181.30 W, 32, 120 MHz, 3996 MHz, 0 %, 0 %
2026/09/20 16:35:32.320, 5, 179.31 W, 30, 120 MHz, 3996 MHz, 0 %, 0 %
2026/09/20 16:35:32.320, 6, 180.12 W, 28, 120 MHz, 3996 MHz, 0 %, 0 %
2026/09/20 16:35:32.320, 7, 182.17 W, 28, 120 MHz, 3996 MHz, 0 %, 0 %
2026/09/20 16:35:33.320, 0, 822.26 W, 60, 2032 MHz, 3996 MHz, 100 %, 10 %
2026/09/20 16:35:33.321, 1, 810.44 W, 60, 2032 MHz, 3996 MHz, 56 %, 29 %
2026/09/20 16:35:33.321, 2, 771.65 W, 47, 2032 MHz, 3996 MHz, 31 %, 14 %
2026/09/20 16:35:33.321, 3, 759.36 W, 50, 2032 MHz, 3996 MHz, 95 %, 34 %
2026/09/20 16:35:33.321, 4, 181.30 W, 32, 120 MHz, 3996 MHz, 0 %, 0 %
2026/09/20 16:35:33.321, 5, 179.39 W, 30, 120 MHz, 3996 MHz, 0 %, 0 %
2026/09/20 16:35:33.321, 6, 180.12 W, 28, 120 MHz, 3996 MHz, 0 %, 0 %
2026/09/20 16:35:33.321, 7, 182.17 W, 28, 120 MHz, 3996 MHz, 0 %, 0 %
2026/09/20 16:35:34.321, 0, 911.91 W, 62, 2032 MHz, 3996 MHz, 95 %, 24 %
2026/09/20 16:35:34.321, 1, 837.47 W, 60, 2032 MHz, 3996 MHz, 26 %, 11 %
2026/09/20 16:35:34.321, 2, 853.03 W, 51, 2032 MHz, 3996 MHz, 95 %, 27 %
2026/09/20 16:35:34.321, 3, 878.89 W, 52, 2032 MHz, 3996 MHz, 100 %, 8 %
2026/09/20 16:35:34.321, 4, 181.30 W, 32, 120 MHz, 3996 MHz, 0 %, 0 %
2026/09/20 16:35:34.321, 5, 179.20 W, 30, 120 MHz, 3996 MHz, 0 %, 0 %
2026/09/20 16:35:34.321, 6, 180.11 W, 28, 120 MHz, 3996 MHz, 0 %, 0 %
2026/09/20 16:35:34.321, 7, 182.13 W, 28, 120 MHz, 3996 MHz, 0 %, 0 %
2026/09/20 16:35:35.321, 0, 904.47 W, 60, 2032 MHz, 3996 MHz, 28 %, 12 %
2026/09/20 16:35:35.321, 1, 938.00 W, 60, 2032 MHz, 3996 MHz, 100 %, 34 %
2026/09/20 16:35:35.321, 2, 877.62 W, 51, 2032 MHz, 3996 MHz, 100 %, 9 %
2026/09/20 16:35:35.321, 3, 914.42 W, 52, 2032 MHz, 3996 MHz, 100 %, 13 %
2026/09/20 16:35:35.321, 4, 181.30 W, 32, 120 MHz, 3996 MHz, 0 %, 0 %
2026/09/20 16:35:35.321, 5, 179.35 W, 30, 120 MHz, 3996 MHz, 0 %, 0 %
2026/09/20 16:35:35.321, 6, 180.14 W, 28, 120 MHz, 3996 MHz, 0 %, 0 %
2026/09/20 16:35:35.321, 7, 182.13 W, 28, 120 MHz, 3996 MHz, 0 %, 0 %
2026/09/20 16:35:36.321, 0, 983.54 W, 62, 2032 MHz, 3996 MHz, 99 %, 56 %
2026/09/20 16:35:36.321, 1, 947.88 W, 62, 2032 MHz, 3996 MHz, 29 %, 13 %
2026/09/20 16:35:36.321, 2, 964.89 W, 52, 2032 MHz, 3996 MHz, 99 %, 56 %
2026/09/20 16:35:36.321, 3, 959.98 W, 52, 2032 MHz, 3996 MHz, 95 %, 27 %
2026/09/20 16:35:36.321, 4, 181.30 W, 32, 120 MHz, 3996 MHz, 0 %, 0 %
2026/09/20 16:35:36.322, 5, 179.31 W, 30, 120 MHz, 3996 MHz, 0 %, 0 %
2026/09/20 16:35:36.322, 6, 180.11 W, 28, 120 MHz, 3996 MHz, 0 %, 0 %
2026/09/20 16:35:36.322, 7, 182.13 W, 28, 120 MHz, 3996 MHz, 0 %, 0 %
2026/09/20 16:35:37.322, 0, 971.10 W, 61, 2017 MHz, 3996 MHz, 99 %, 55 %
2026/09/20 16:35:37.322, 1, 980.33 W, 63, 2032 MHz, 3996 MHz, 99 %, 55 %
2026/09/20 16:35:37.322, 2, 915.23 W, 51, 2032 MHz, 3996 MHz, 99 %, 51 %
2026/09/20 16:35:37.322, 3, 941.66 W, 51, 2032 MHz, 3996 MHz, 99 %, 56 %
2026/09/20 16:35:37.322, 4, 181.30 W, 32, 120 MHz, 3996 MHz, 0 %, 0 %
2026/09/20 16:35:37.322, 5, 179.16 W, 30, 120 MHz, 3996 MHz, 0 %, 0 %
2026/09/20 16:35:37.322, 6, 180.10 W, 28, 120 MHz, 3996 MHz, 0 %, 0 %
2026/09/20 16:35:37.322, 7, 182.13 W, 28, 120 MHz, 3996 MHz, 0 %, 0 %
2026/09/20 16:35:38.322, 0, 953.95 W, 63, 2032 MHz, 3996 MHz, 99 %, 56 %
2026/09/20 16:35:38.322, 1, 912.08 W, 63, 2032 MHz, 3996 MHz, 95 %, 18 %
2026/09/20 16:35:38.322, 2, 887.09 W, 52, 2032 MHz, 3996 MHz, 99 %, 56 %
2026/09/20 16:35:38.322, 3, 910.92 W, 53, 2032 MHz, 3996 MHz, 86 %, 40 %
2026/09/20 16:35:38.322, 4, 181.30 W, 32, 120 MHz, 3996 MHz, 0 %, 0 %
2026/09/20 16:35:38.322, 5, 179.35 W, 30, 120 MHz, 3996 MHz, 0 %, 0 %
2026/09/20 16:35:38.322, 6, 180.10 W, 28, 120 MHz, 3996 MHz, 0 %, 0 %
2026/09/20 16:35:38.322, 7, 182.13 W, 28, 120 MHz, 3996 MHz, 0 %, 0 %
2026/09/20 16:35:39.322, 0, 922.93 W, 63, 2032 MHz, 3996 MHz, 99 %, 56 %
2026/09/20 16:35:39.322, 1, 895.80 W, 62, 2032 MHz, 3996 MHz, 99 %, 55 %
2026/09/20 16:35:39.322, 2, 839.12 W, 52, 2032 MHz, 3996 MHz, 99 %, 56 %
2026/09/20 16:35:39.322, 3, 890.12 W, 53, 2032 MHz, 3996 MHz, 99 %, 56 %
2026/09/20 16:35:39.322, 4, 181.30 W, 32, 120 MHz, 3996 MHz, 0 %, 0 %
2026/09/20 16:35:39.322, 5, 179.31 W, 30, 120 MHz, 3996 MHz, 0 %, 0 %
2026/09/20 16:35:39.322, 6, 180.11 W, 28, 120 MHz, 3996 MHz, 0 %, 0 %
2026/09/20 16:35:39.322, 7, 182.13 W, 28, 120 MHz, 3996 MHz, 0 %, 0 %
2026/09/20 16:35:40.323, 0, 825.75 W, 60, 2032 MHz, 3996 MHz, 100 %, 33 %
2026/09/20 16:35:40.323, 1, 785.38 W, 60, 2032 MHz, 3996 MHz, 100 %, 9 %
2026/09/20 16:35:40.323, 2, 762.56 W, 48, 2032 MHz, 3996 MHz, 100 %, 27 %
2026/09/20 16:35:40.323, 3, 753.67 W, 48, 2032 MHz, 3996 MHz, 95 %, 26 %
2026/09/20 16:35:40.323, 4, 181.30 W, 32, 120 MHz, 3996 MHz, 0 %, 0 %
2026/09/20 16:35:40.323, 5, 179.35 W, 30, 120 MHz, 3996 MHz, 0 %, 0 %
2026/09/20 16:35:40.323, 6, 180.12 W, 28, 120 MHz, 3996 MHz, 0 %, 0 %
2026/09/20 16:35:40.323, 7, 182.13 W, 28, 120 MHz, 3996 MHz, 0 %, 0 %
2026/09/20 16:35:41.323, 0, 960.44 W, 61, 2032 MHz, 3996 MHz, 100 %, 8 %
2026/09/20 16:35:41.323, 1, 962.31 W, 61, 2032 MHz, 3996 MHz, 100 %, 48 %
2026/09/20 16:35:41.323, 2, 932.53 W, 50, 2032 MHz, 3996 MHz, 100 %, 8 %
2026/09/20 16:35:41.323, 3, 888.81 W, 49, 2032 MHz, 3996 MHz, 55 %, 27 %
2026/09/20 16:35:41.323, 4, 181.30 W, 32, 120 MHz, 3996 MHz, 0 %, 0 %
2026/09/20 16:35:41.323, 5, 179.04 W, 30, 120 MHz, 3996 MHz, 0 %, 0 %
2026/09/20 16:35:41.323, 6, 180.12 W, 28, 120 MHz, 3996 MHz, 0 %, 0 %
2026/09/20 16:35:41.323, 7, 182.13 W, 28, 120 MHz, 3996 MHz, 0 %, 0 %
2026/09/20 16:35:42.323, 0, 832.25 W, 61, 2002 MHz, 3996 MHz, 95 %, 21 %
2026/09/20 16:35:42.323, 1, 821.09 W, 60, 2032 MHz, 3996 MHz, 33 %, 14 %
2026/09/20 16:35:42.323, 2, 787.07 W, 50, 2032 MHz, 3996 MHz, 94 %, 26 %
2026/09/20 16:35:42.323, 3, 830.79 W, 50, 2032 MHz, 3996 MHz, 100 %, 8 %
2026/09/20 16:35:42.323, 4, 181.30 W, 32, 120 MHz, 3996 MHz, 0 %, 0 %
2026/09/20 16:35:42.323, 5, 179.23 W, 30, 120 MHz, 3996 MHz, 0 %, 0 %
2026/09/20 16:35:42.323, 6, 180.13 W, 28, 120 MHz, 3996 MHz, 0 %, 0 %
2026/09/20 16:35:42.323, 7, 182.13 W, 28, 120 MHz, 3996 MHz, 0 %, 0 %
2026/09/20 16:35:43.323, 0, 850.52 W, 61, 2032 MHz, 3996 MHz, 95 %, 12 %
2026/09/20 16:35:43.323, 1, 874.38 W, 62, 2032 MHz, 3996 MHz, 100 %, 11 %
2026/09/20 16:35:43.323, 2, 832.40 W, 51, 2032 MHz, 3996 MHz, 95 %, 16 %
2026/09/20 16:35:43.323, 3, 831.10 W, 50, 2032 MHz, 3996 MHz, 42 %, 18 %
2026/09/20 16:35:43.323, 4, 181.30 W, 32, 120 MHz, 3996 MHz, 0 %, 0 %
2026/09/20 16:35:43.324, 5, 179.08 W, 30, 120 MHz, 3996 MHz, 0 %, 0 %
2026/09/20 16:35:43.324, 6, 180.13 W, 28, 120 MHz, 3996 MHz, 0 %, 0 %
2026/09/20 16:35:43.324, 7, 182.13 W, 28, 120 MHz, 3996 MHz, 0 %, 0 %
2026/09/20 16:35:44.324, 0, 836.65 W, 60, 2032 MHz, 3996 MHz, 100 %, 9 %
2026/09/20 16:35:44.324, 1, 772.65 W, 58, 2032 MHz, 3996 MHz, 58 %, 31 %
2026/09/20 16:35:44.324, 2, 782.41 W, 50, 2032 MHz, 3996 MHz, 100 %, 9 %
2026/09/20 16:35:44.324, 3, 800.49 W, 49, 2032 MHz, 3996 MHz, 94 %, 35 %
2026/09/20 16:35:44.324, 4, 181.30 W, 32, 120 MHz, 3996 MHz, 0 %, 0 %
2026/09/20 16:35:44.324, 5, 179.20 W, 30, 120 MHz, 3996 MHz, 0 %, 0 %
2026/09/20 16:35:44.324, 6, 180.13 W, 28, 120 MHz, 3996 MHz, 0 %, 0 %
2026/09/20 16:35:44.324, 7, 182.13 W, 28, 120 MHz, 3996 MHz, 0 %, 0 %
2026/09/20 16:35:45.324, 0, 952.56 W, 63, 2032 MHz, 3996 MHz, 99 %, 56 %
2026/09/20 16:35:45.324, 1, 965.22 W, 63, 2032 MHz, 3996 MHz, 99 %, 56 %
2026/09/20 16:35:45.324, 2, 951.47 W, 53, 2032 MHz, 3996 MHz, 99 %, 57 %
2026/09/20 16:35:45.324, 3, 949.40 W, 53, 2032 MHz, 3996 MHz, 99 %, 56 %
2026/09/20 16:35:45.324, 4, 181.30 W, 32, 120 MHz, 3996 MHz, 0 %, 0 %
2026/09/20 16:35:45.324, 5, 179.08 W, 30, 120 MHz, 3996 MHz, 0 %, 0 %
2026/09/20 16:35:45.324, 6, 180.16 W, 28, 120 MHz, 3996 MHz, 0 %, 0 %
2026/09/20 16:35:45.324, 7, 182.13 W, 28, 120 MHz, 3996 MHz, 0 %, 0 %
2026/09/20 16:35:46.324, 0, 1028.46 W, 62, 2032 MHz, 3996 MHz, 99 %, 56 %
2026/09/20 16:35:46.324, 1, 1024.21 W, 64, 2032 MHz, 3996 MHz, 99 %, 56 %
2026/09/20 16:35:46.324, 2, 1009.56 W, 53, 2032 MHz, 3996 MHz, 99 %, 56 %
2026/09/20 16:35:46.324, 3, 1005.40 W, 54, 2032 MHz, 3996 MHz, 99 %, 56 %
2026/09/20 16:35:46.324, 4, 181.30 W, 32, 120 MHz, 3996 MHz, 0 %, 0 %
2026/09/20 16:35:46.324, 5, 179.27 W, 30, 120 MHz, 3996 MHz, 0 %, 0 %
2026/09/20 16:35:46.324, 6, 180.15 W, 28, 120 MHz, 3996 MHz, 0 %, 0 %
2026/09/20 16:35:46.324, 7, 182.13 W, 28, 120 MHz, 3996 MHz, 0 %, 0 %
2026/09/20 16:35:47.325, 0, 1019.80 W, 63, 2032 MHz, 3996 MHz, 99 %, 57 %
2026/09/20 16:35:47.325, 1, 1026.05 W, 63, 2032 MHz, 3996 MHz, 95 %, 54 %
2026/09/20 16:35:47.325, 2, 1000.47 W, 53, 2032 MHz, 3996 MHz, 99 %, 58 %
2026/09/20 16:35:47.325, 3, 1011.00 W, 54, 2032 MHz, 3996 MHz, 94 %, 55 %
2026/09/20 16:35:47.325, 4, 181.30 W, 32, 120 MHz, 3996 MHz, 0 %, 0 %
2026/09/20 16:35:47.325, 5, 179.27 W, 30, 120 MHz, 3996 MHz, 0 %, 0 %
2026/09/20 16:35:47.325, 6, 180.15 W, 28, 120 MHz, 3996 MHz, 0 %, 0 %
2026/09/20 16:35:47.325, 7, 182.13 W, 28, 120 MHz, 3996 MHz, 0 %, 0 %
2026/09/20 16:35:48.325, 0, 1027.03 W, 63, 2032 MHz, 3996 MHz, 99 %, 58 %
2026/09/20 16:35:48.325, 1, 1027.09 W, 63, 2032 MHz, 3996 MHz, 99 %, 57 %
2026/09/20 16:35:48.325, 2, 1003.85 W, 53, 2032 MHz, 3996 MHz, 99 %, 57 %
2026/09/20 16:35:48.325, 3, 1008.47 W, 54, 2032 MHz, 3996 MHz, 99 %, 57 %
2026/09/20 16:35:48.325, 4, 181.30 W, 32, 120 MHz, 3996 MHz, 0 %, 0 %
2026/09/20 16:35:48.325, 5, 179.19 W, 30, 120 MHz, 3996 MHz, 0 %, 0 %
2026/09/20 16:35:48.325, 6, 180.14 W, 28, 120 MHz, 3996 MHz, 0 %, 0 %
2026/09/20 16:35:48.325, 7, 182.13 W, 28, 120 MHz, 3996 MHz, 0 %, 0 %
2026/09/20 16:35:49.325, 0, 1027.88 W, 63, 2032 MHz, 3996 MHz, 94 %, 55 %
2026/09/20 16:35:49.325, 1, 1026.36 W, 64, 2032 MHz, 3996 MHz, 99 %, 59 %
2026/09/20 16:35:49.325, 2, 1000.11 W, 52, 2032 MHz, 3996 MHz, 94 %, 55 %
2026/09/20 16:35:49.325, 3, 1004.65 W, 53, 2032 MHz, 3996 MHz, 99 %, 59 %
2026/09/20 16:35:49.325, 4, 181.30 W, 32, 120 MHz, 3996 MHz, 0 %, 0 %
2026/09/20 16:35:49.325, 5, 179.39 W, 30, 120 MHz, 3996 MHz, 0 %, 0 %
2026/09/20 16:35:49.325, 6, 180.12 W, 28, 120 MHz, 3996 MHz, 0 %, 0 %
2026/09/20 16:35:49.325, 7, 182.13 W, 28, 120 MHz, 3996 MHz, 0 %, 0 %
2026/09/20 16:35:50.325, 0, 1027.32 W, 63, 2032 MHz, 3996 MHz, 99 %, 59 %
2026/09/20 16:35:50.325, 1, 1027.69 W, 62, 2032 MHz, 3996 MHz, 99 %, 59 %
2026/09/20 16:35:50.325, 2, 1003.80 W, 53, 2032 MHz, 3996 MHz, 99 %, 59 %
2026/09/20 16:35:50.325, 3, 998.03 W, 53, 2032 MHz, 3996 MHz, 99 %, 59 %
2026/09/20 16:35:50.326, 4, 181.30 W, 32, 120 MHz, 3996 MHz, 0 %, 0 %
2026/09/20 16:35:50.326, 5, 179.19 W, 30, 120 MHz, 3996 MHz, 0 %, 0 %
2026/09/20 16:35:50.326, 6, 180.14 W, 28, 120 MHz, 3996 MHz, 0 %, 0 %
2026/09/20 16:35:50.326, 7, 182.13 W, 28, 120 MHz, 3996 MHz, 0 %, 0 %
2026/09/20 16:35:51.326, 0, 1027.97 W, 63, 2032 MHz, 3996 MHz, 94 %, 57 %
2026/09/20 16:35:51.326, 1, 1023.99 W, 64, 2032 MHz, 3996 MHz, 99 %, 61 %
2026/09/20 16:35:51.326, 2, 1000.24 W, 53, 2032 MHz, 3996 MHz, 94 %, 57 %
2026/09/20 16:35:51.326, 3, 998.41 W, 54, 2032 MHz, 3996 MHz, 99 %, 61 %
2026/09/20 16:35:51.326, 4, 181.30 W, 32, 120 MHz, 3996 MHz, 0 %, 0 %
2026/09/20 16:35:51.326, 5, 179.12 W, 30, 120 MHz, 3996 MHz, 0 %, 0 %
2026/09/20 16:35:51.326, 6, 180.13 W, 28, 120 MHz, 3996 MHz, 0 %, 0 %
2026/09/20 16:35:51.326, 7, 182.13 W, 28, 120 MHz, 3996 MHz, 0 %, 0 %
2026/09/20 16:35:52.326, 0, 988.78 W, 62, 2032 MHz, 3996 MHz, 99 %, 60 %
2026/09/20 16:35:52.326, 1, 992.11 W, 63, 2032 MHz, 3996 MHz, 99 %, 60 %
2026/09/20 16:35:52.326, 2, 961.44 W, 52, 2032 MHz, 3996 MHz, 99 %, 60 %
2026/09/20 16:35:52.326, 3, 964.15 W, 53, 2032 MHz, 3996 MHz, 99 %, 60 %
2026/09/20 16:35:52.326, 4, 181.30 W, 32, 120 MHz, 3996 MHz, 0 %, 0 %
2026/09/20 16:35:52.326, 5, 179.19 W, 30, 120 MHz, 3996 MHz, 0 %, 0 %
2026/09/20 16:35:52.326, 6, 180.13 W, 28, 120 MHz, 3996 MHz, 0 %, 0 %
2026/09/20 16:35:52.326, 7, 182.13 W, 28, 120 MHz, 3996 MHz, 0 %, 0 %
2026/09/20 16:35:53.326, 0, 944.88 W, 62, 2032 MHz, 3996 MHz, 96 %, 58 %
2026/09/20 16:35:53.326, 1, 949.88 W, 61, 2032 MHz, 3996 MHz, 99 %, 60 %
2026/09/20 16:35:53.326, 2, 946.27 W, 51, 2032 MHz, 3996 MHz, 96 %, 59 %
2026/09/20 16:35:53.326, 3, 931.38 W, 52, 2032 MHz, 3996 MHz, 99 %, 60 %
2026/09/20 16:35:53.326, 4, 181.30 W, 32, 120 MHz, 3996 MHz, 0 %, 0 %
2026/09/20 16:35:53.326, 5, 179.16 W, 30, 120 MHz, 3996 MHz, 0 %, 0 %
2026/09/20 16:35:53.326, 6, 180.16 W, 28, 120 MHz, 3996 MHz, 0 %, 0 %
2026/09/20 16:35:53.326, 7, 182.13 W, 28, 120 MHz, 3996 MHz, 0 %, 0 %
2026/09/20 16:35:54.327, 0, 950.87 W, 62, 2032 MHz, 3996 MHz, 99 %, 65 %
2026/09/20 16:35:54.327, 1, 950.83 W, 63, 2032 MHz, 3996 MHz, 99 %, 65 %
2026/09/20 16:35:54.327, 2, 936.43 W, 52, 2032 MHz, 3996 MHz, 99 %, 65 %
2026/09/20 16:35:54.327, 3, 931.35 W, 52, 2032 MHz, 3996 MHz, 99 %, 64 %
2026/09/20 16:35:54.327, 4, 181.30 W, 32, 120 MHz, 3996 MHz, 0 %, 0 %
2026/09/20 16:35:54.327, 5, 179.27 W, 30, 120 MHz, 3996 MHz, 0 %, 0 %
2026/09/20 16:35:54.327, 6, 180.13 W, 28, 120 MHz, 3996 MHz, 0 %, 0 %
2026/09/20 16:35:54.327, 7, 182.17 W, 28, 120 MHz, 3996 MHz, 0 %, 0 %
2026/09/20 16:35:55.327, 0, 1030.05 W, 63, 2032 MHz, 3996 MHz, 92 %, 61 %
2026/09/20 16:35:55.327, 1, 1029.82 W, 63, 2032 MHz, 3996 MHz, 99 %, 65 %
2026/09/20 16:35:55.327, 2, 987.06 W, 53, 2032 MHz, 3996 MHz, 92 %, 60 %
2026/09/20 16:35:55.327, 3, 995.14 W, 54, 2032 MHz, 3996 MHz, 96 %, 62 %
2026/09/20 16:35:55.327, 4, 181.30 W, 32, 120 MHz, 3996 MHz, 0 %, 0 %
2026/09/20 16:35:55.327, 5, 179.35 W, 30, 120 MHz, 3996 MHz, 0 %, 0 %
2026/09/20 16:35:55.327, 6, 180.14 W, 28, 120 MHz, 3996 MHz, 0 %, 0 %
2026/09/20 16:35:55.327, 7, 182.13 W, 28, 120 MHz, 3996 MHz, 0 %, 0 %
2026/09/20 16:35:56.327, 0, 1002.16 W, 63, 2032 MHz, 3996 MHz, 99 %, 63 %
2026/09/20 16:35:56.327, 1, 992.93 W, 64, 2032 MHz, 3996 MHz, 93 %, 58 %
2026/09/20 16:35:56.327, 2, 977.37 W, 52, 2032 MHz, 3996 MHz, 99 %, 62 %
2026/09/20 16:35:56.327, 3, 986.84 W, 53, 2032 MHz, 3996 MHz, 99 %, 63 %
2026/09/20 16:35:56.327, 4, 181.30 W, 32, 120 MHz, 3996 MHz, 0 %, 0 %
2026/09/20 16:35:56.327, 5, 179.20 W, 30, 120 MHz, 3996 MHz, 0 %, 0 %
2026/09/20 16:35:56.327, 6, 180.14 W, 28, 120 MHz, 3996 MHz, 0 %, 0 %
2026/09/20 16:35:56.327, 7, 182.13 W, 28, 120 MHz, 3996 MHz, 0 %, 0 %
2026/09/20 16:35:57.327, 0, 909.82 W, 61, 2032 MHz, 3996 MHz, 99 %, 57 %
2026/09/20 16:35:57.327, 1, 906.93 W, 61, 2032 MHz, 3996 MHz, 99 %, 56 %
2026/09/20 16:35:57.327, 2, 878.74 W, 50, 2032 MHz, 3996 MHz, 99 %, 56 %
2026/09/20 16:35:57.328, 3, 878.36 W, 51, 2032 MHz, 3996 MHz, 99 %, 56 %
2026/09/20 16:35:57.328, 4, 181.30 W, 32, 120 MHz, 3996 MHz, 0 %, 0 %
2026/09/20 16:35:57.328, 5, 179.27 W, 30, 120 MHz, 3996 MHz, 0 %, 0 %
2026/09/20 16:35:57.328, 6, 180.13 W, 28, 120 MHz, 3996 MHz, 0 %, 0 %
2026/09/20 16:35:57.328, 7, 182.13 W, 28, 120 MHz, 3996 MHz, 0 %, 0 %
2026/09/20 16:35:58.328, 0, 629.69 W, 53, 2032 MHz, 3996 MHz, 0 %, 0 %
2026/09/20 16:35:58.328, 1, 651.03 W, 54, 2032 MHz, 3996 MHz, 0 %, 0 %
2026/09/20 16:35:58.328, 2, 631.75 W, 43, 2032 MHz, 3996 MHz, 0 %, 0 %
2026/09/20 16:35:58.328, 3, 631.08 W, 43, 2032 MHz, 3996 MHz, 0 %, 0 %
2026/09/20 16:35:58.328, 4, 181.30 W, 32, 120 MHz, 3996 MHz, 0 %, 0 %
2026/09/20 16:35:58.328, 5, 179.19 W, 30, 120 MHz, 3996 MHz, 0 %, 0 %
2026/09/20 16:35:58.328, 6, 180.14 W, 28, 120 MHz, 3996 MHz, 0 %, 0 %
2026/09/20 16:35:58.328, 7, 182.13 W, 28, 120 MHz, 3996 MHz, 0 %, 0 %
2026/09/20 16:35:59.460, 0, 248.12 W, 50, 2032 MHz, 3996 MHz, 0 %, 0 %
2026/09/20 16:35:59.468, 1, 248.71 W, 50, 2032 MHz, 3996 MHz, 0 %, 0 %
2026/09/20 16:35:59.474, 2, 235.49 W, 40, 2032 MHz, 3996 MHz, 0 %, 0 %
2026/09/20 16:35:59.481, 3, 241.92 W, 40, 2032 MHz, 3996 MHz, 0 %, 0 %
2026/09/20 16:35:59.488, 4, 181.30 W, 32, 120 MHz, 3996 MHz, 0 %, 0 %
2026/09/20 16:35:59.495, 5, 179.27 W, 31, 120 MHz, 3996 MHz, 0 %, 0 %
2026/09/20 16:35:59.502, 6, 180.16 W, 28, 120 MHz, 3996 MHz, 0 %, 0 %
2026/09/20 16:35:59.510, 7, 182.13 W, 28, 120 MHz, 3996 MHz, 0 %, 0 %
