timestamp, index, power.draw [W], temperature.gpu, clocks.current.sm [MHz], clocks.current.memory [MHz], utilization.gpu [%], utilization.memory [%]
2026/09/20 12:30:17.331, 0, 187.39 W, 45, 120 MHz, 3996 MHz, 0 %, 0 %
2026/09/20 12:30:17.333, 1, 189.47 W, 47, 120 MHz, 3996 MHz, 0 %, 0 %
2026/09/20 12:30:17.335, 2, 181.41 W, 35, 120 MHz, 3996 MHz, 0 %, 0 %
2026/09/20 12:30:17.337, 3, 183.71 W, 35, 120 MHz, 3996 MHz, 0 %, 0 %
2026/09/20 12:30:17.339, 4, 183.25 W, 35, 120 MHz, 3996 MHz, 0 %, 0 %
2026/09/20 12:30:17.341, 5, 181.22 W, 33, 120 MHz, 3996 MHz, 0 %, 0 %
2026/09/20 12:30:17.342, 6, 180.64 W, 29, 120 MHz, 3996 MHz, 0 %, 0 %
2026/09/20 12:30:17.344, 7, 184.09 W, 30, 120 MHz, 3996 MHz, 0 %, 0 %
2026/09/20 12:30:18.346, 0, 187.39 W, 45, 120 MHz, 3996 MHz, 0 %, 0 %
2026/09/20 12:30:18.346, 1, 189.20 W, 47, 120 MHz, 3996 MHz, 0 %, 0 %
2026/09/20 12:30:18.346, 2, 181.38 W, 35, 120 MHz, 3996 MHz, 0 %, 0 %
2026/09/20 12:30:18.346, 3, 183.40 W, 35, 120 MHz, 3996 MHz, 0 %, 0 %
2026/09/20 12:30:18.346, 4, 183.25 W, 35, 120 MHz, 3996 MHz, 0 %, 0 %
2026/09/20 12:30:18.346, 5, 181.19 W, 33, 120 MHz, 3996 MHz, 0 %, 0 %
2026/09/20 12:30:18.346, 6, 180.44 W, 29, 120 MHz, 3996 MHz, 0 %, 0 %
2026/09/20 12:30:18.346, 7, 184.09 W, 30, 120 MHz, 3996 MHz, 0 %, 0 %
2026/09/20 12:30:19.346, 0, 187.39 W, 45, 120 MHz, 3996 MHz, 0 %, 0 %
2026/09/20 12:30:19.346, 1, 188.89 W, 46, 120 MHz, 3996 MHz, 0 %, 0 %
2026/09/20 12:30:19.346, 2, 181.39 W, 35, 120 MHz, 3996 MHz, 0 %, 0 %
2026/09/20 12:30:19.346, 3, 183.33 W, 35, 120 MHz, 3996 MHz, 0 %, 0 %
2026/09/20 12:30:19.346, 4, 183.25 W, 35, 120 MHz, 3996 MHz, 0 %, 0 %
2026/09/20 12:30:19.346, 5, 181.18 W, 33, 120 MHz, 3996 MHz, 0 %, 0 %
2026/09/20 12:30:19.346, 6, 180.56 W, 29, 120 MHz, 3996 MHz, 0 %, 0 %
2026/09/20 12:30:19.346, 7, 184.09 W, 30, 120 MHz, 3996 MHz, 0 %, 0 %
2026/09/20 12:30:20.346, 0, 187.39 W, 45, 120 MHz, 3996 MHz, 0 %, 0 %
2026/09/20 12:30:20.346, 1, 187.98 W, 46, 120 MHz, 3996 MHz, 0 %, 0 %
2026/09/20 12:30:20.346, 2, 181.39 W, 35, 120 MHz, 3996 MHz, 0 %, 0 %
2026/09/20 12:30:20.346, 3, 183.25 W, 35, 120 MHz, 3996 MHz, 0 %, 0 %
2026/09/20 12:30:20.346, 4, 183.25 W, 35, 120 MHz, 3996 MHz, 0 %, 0 %
2026/09/20 12:30:20.346, 5, 181.26 W, 33, 120 MHz, 3996 MHz, 0 %, 0 %
2026/09/20 12:30:20.347, 6, 180.57 W, 29, 120 MHz, 3996 MHz, 0 %, 0 %
2026/09/20 12:30:20.347, 7, 184.09 W, 30, 120 MHz, 3996 MHz, 0 %, 0 %
2026/09/20 12:30:21.347, 0, 187.39 W, 45, 120 MHz, 3996 MHz, 0 %, 0 %
2026/09/20 12:30:21.347, 1, 187.55 W, 46, 120 MHz, 3996 MHz, 0 %, 0 %
2026/09/20 12:30:21.347, 2, 181.40 W, 35, 120 MHz, 3996 MHz, 0 %, 0 %
2026/09/20 12:30:21.347, 3, 183.25 W, 34, 120 MHz, 3996 MHz, 0 %, 0 %
2026/09/20 12:30:21.347, 4, 183.25 W, 35, 120 MHz, 3996 MHz, 0 %, 0 %
2026/09/20 12:30:21.347, 5, 181.23 W, 33, 120 MHz, 3996 MHz, 0 %, 0 %
2026/09/20 12:30:21.347, 6, 180.40 W, 29, 120 MHz, 3996 MHz, 0 %, 0 %
2026/09/20 12:30:21.347, 7, 184.09 W, 30, 120 MHz, 3996 MHz, 0 %, 0 %
2026/09/20 12:30:22.347, 0, 187.39 W, 44, 120 MHz, 3996 MHz, 0 %, 0 %
2026/09/20 12:30:22.347, 1, 187.51 W, 46, 120 MHz, 3996 MHz, 0 %, 0 %
2026/09/20 12:30:22.347, 2, 181.40 W, 35, 120 MHz, 3996 MHz, 0 %, 0 %
2026/09/20 12:30:22.347, 3, 183.28 W, 34, 120 MHz, 3996 MHz, 0 %, 0 %
2026/09/20 12:30:22.347, 4, 183.25 W, 35, 120 MHz, 3996 MHz, 0 %, 0 %
2026/09/20 12:30:22.347, 5, 181.07 W, 33, 120 MHz, 3996 MHz, 0 %, 0 %
2026/09/20 12:30:22.347, 6, 180.41 W, 29, 120 MHz, 3996 MHz, 0 %, 0 %
2026/09/20 12:30:22.347, 7, 184.09 W, 30, 120 MHz, 3996 MHz, 0 %, 0 %
2026/09/20 12:30:23.347, 0, 187.35 W, 44, 120 MHz, 3996 MHz, 0 %, 0 %
2026/09/20 12:30:23.347, 1, 187.51 W, 46, 120 MHz, 3996 MHz, 0 %, 0 %
2026/09/20 12:30:23.347, 2, 181.42 W, 34, 120 MHz, 3996 MHz, 0 %, 0 %
2026/09/20 12:30:23.347, 3, 183.25 W, 34, 120 MHz, 3996 MHz, 0 %, 0 %
2026/09/20 12:30:23.347, 4, 183.25 W, 35, 120 MHz, 3996 MHz, 0 %, 0 %
2026/09/20 12:30:23.347, 5, 181.23 W, 33, 120 MHz, 3996 MHz, 0 %, 0 %
2026/09/20 12:30:23.347, 6, 180.56 W, 29, 120 MHz, 3996 MHz, 0 %, 0 %
2026/09/20 12:30:23.347, 7, 184.09 W, 30, 120 MHz, 3996 MHz, 0 %, 0 %
2026/09/20 12:30:24.348, 0, 187.31 W, 44, 120 MHz, 3996 MHz, 0 %, 0 %
2026/09/20 12:30:24.348, 1, 187.51 W, 45, 120 MHz, 3996 MHz, 0 %, 0 %
2026/09/20 12:30:24.348, 2, 181.42 W, 34, 120 MHz, 3996 MHz, 0 %, 0 %
2026/09/20 12:30:24.348, 3, 183.25 W, 34, 120 MHz, 3996 MHz, 0 %, 0 %
2026/09/20 12:30:24.348, 4, 183.25 W, 35, 120 MHz, 3996 MHz, 0 %, 0 %
2026/09/20 12:30:24.348, 5, 181.26 W, 33, 120 MHz, 3996 MHz, 0 %, 0 %
2026/09/20 12:30:24.348, 6, 180.48 W, 29, 120 MHz, 3996 MHz, 0 %, 0 %
2026/09/20 12:30:24.348, 7, 184.09 W, 29, 120 MHz, 3996 MHz, 0 %, 0 %
2026/09/20 12:30:25.348, 0, 186.85 W, 44, 120 MHz, 3996 MHz, 0 %, 0 %
2026/09/20 12:30:25.348, 1, 187.51 W, 45, 120 MHz, 3996 MHz, 0 %, 0 %
2026/09/20 12:30:25.348, 2, 181.42 W, 34, 120 MHz, 3996 MHz, 0 %, 0 %
2026/09/20 12:30:25.348, 3, 183.25 W, 34, 120 MHz, 3996 MHz, 0 %, 0 %
2026/09/20 12:30:25.348, 4, 183.25 W, 35, 120 MHz, 3996 MHz, 0 %, 0 %
2026/09/20 12:30:25.348, 5, 181.15 W, 33, 120 MHz, 3996 MHz, 0 %, 0 %
2026/09/20 12:30:25.348, 6, 180.45 W, 29, 120 MHz, 3996 MHz, 0 %, 0 %
2026/09/20 12:30:25.348, 7, 184.09 W, 29, 120 MHz, 3996 MHz, 0 %, 0 %
2026/09/20 12:30:26.348, 0, 186.46 W, 43, 120 MHz, 3996 MHz, 0 %, 0 %
2026/09/20 12:30:26.348, 1, 187.51 W, 45, 120 MHz, 3996 MHz, 0 %, 0 %
2026/09/20 12:30:26.348, 2, 181.38 W, 34, 120 MHz, 3996 MHz, 0 %, 0 %
2026/09/20 12:30:26.348, 3, 183.21 W, 34, 120 MHz, 3996 MHz, 0 %, 0 %
2026/09/20 12:30:26.348, 4, 183.25 W, 35, 120 MHz, 3996 MHz, 0 %, 0 %
2026/09/20 12:30:26.348, 5, 181.26 W, 33, 120 MHz, 3996 MHz, 0 %, 0 %
2026/09/20 12:30:26.348, 6, 180.37 W, 29, 120 MHz, 3996 MHz, 0 %, 0 %
2026/09/20 12:30:26.348, 7, 184.09 W, 29, 120 MHz, 3996 MHz, 0 %, 0 %
2026/09/20 12:30:27.348, 0, 185.60 W, 43, 120 MHz, 3996 MHz, 0 %, 0 %
2026/09/20 12:30:27.348, 1, 187.51 W, 45, 120 MHz, 3996 MHz, 0 %, 0 %
2026/09/20 12:30:27.348, 2, 181.34 W, 34, 120 MHz, 3996 MHz, 0 %, 0 %
2026/09/20 12:30:27.348, 3, 183.06 W, 33, 120 MHz, 3996 MHz, 0 %, 0 %
2026/09/20 12:30:27.349, 4, 183.25 W, 35, 120 MHz, 3996 MHz, 0 %, 0 %
2026/09/20 12:30:27.349, 5, 181.26 W, 33, 120 MHz, 3996 MHz, 0 %, 0 %
2026/09/20 12:30:27.349, 6, 180.52 W, 29, 120 MHz, 3996 MHz, 0 %, 0 %
2026/09/20 12:30:27.349, 7, 184.09 W, 29, 120 MHz, 3996 MHz, 0 %, 0 %
2026/09/20 12:30:28.349, 0, 185.63 W, 43, 120 MHz, 3996 MHz, 0 %, 0 %
2026/09/20 12:30:28.349, 1, 187.51 W, 44, 120 MHz, 3996 MHz, 0 %, 0 %
2026/09/20 12:30:28.349, 2, 181.35 W, 34, 120 MHz, 3996 MHz, 0 %, 0 %
2026/09/20 12:30:28.349, 3, 183.14 W, 33, 120 MHz, 3996 MHz, 0 %, 0 %
2026/09/20 12:30:28.349, 4, 183.25 W, 35, 120 MHz, 3996 MHz, 0 %, 0 %
2026/09/20 12:30:28.349, 5, 181.22 W, 33, 120 MHz, 3996 MHz, 0 %, 0 %
2026/09/20 12:30:28.349, 6, 180.45 W, 29, 120 MHz, 3996 MHz, 0 %, 0 %
2026/09/20 12:30:28.349, 7, 184.09 W, 29, 120 MHz, 3996 MHz, 0 %, 0 %
2026/09/20 12:30:29.349, 0, 185.59 W, 43, 120 MHz, 3996 MHz, 0 %, 0 %
2026/09/20 12:30:29.349, 1, 187.51 W, 44, 120 MHz, 3996 MHz, 0 %, 0 %
2026/09/20 12:30:29.349, 2, 181.30 W, 33, 120 MHz, 3996 MHz, 0 %, 0 %
2026/09/20 12:30:29.349, 3, 183.13 W, 33, 120 MHz, 3996 MHz, 0 %, 0 %
2026/09/20 12:30:29.349, 4, 183.25 W, 35, 120 MHz, 3996 MHz, 0 %, 0 %
2026/09/20 12:30:29.349, 5, 180.96 W, 33, 120 MHz, 3996 MHz, 0 %, 0 %
2026/09/20 12:30:29.349, 6, 180.21 W, 29, 120 MHz, 3996 MHz, 0 %, 0 %
2026/09/20 12:30:29.349, 7, 184.09 W, 29, 120 MHz, 3996 MHz, 0 %, 0 %
2026/09/20 12:30:30.349, 0, 185.44 W, 43, 120 MHz, 3996 MHz, 0 %, 0 %
2026/09/20 12:30:30.349, 1, 187.51 W, 44, 120 MHz, 3996 MHz, 0 %, 0 %
2026/09/20 12:30:30.349, 2, 181.26 W, 33, 120 MHz, 3996 MHz, 0 %, 0 %
2026/09/20 12:30:30.349, 3, 182.40 W, 33, 120 MHz, 3996 MHz, 0 %, 0 %
2026/09/20 12:30:30.349, 4, 183.25 W, 35, 120 MHz, 3996 MHz, 0 %, 0 %
2026/09/20 12:30:30.350, 5, 181.11 W, 33, 120 MHz, 3996 MHz, 0 %, 0 %
2026/09/20 12:30:30.350, 6, 180.29 W, 29, 120 MHz, 3996 MHz, 0 %, 0 %
2026/09/20 12:30:30.350, 7, 184.09 W, 29, 120 MHz, 3996 MHz, 0 %, 0 %
2026/09/20 12:30:31.350, 0, 185.44 W, 42, 120 MHz, 3996 MHz, 0 %, 0 %
2026/09/20 12:30:31.350, 1, 187.29 W, 44, 120 MHz, 3996 MHz, 0 %, 0 %
2026/09/20 12:30:31.350, 2, 180.84 W, 33, 120 MHz, 3996 MHz, 0 %, 0 %
2026/09/20 12:30:31.350, 3, 182.71 W, 33, 120 MHz, 3996 MHz, 0 %, 0 %
2026/09/20 12:30:31.350, 4, 183.25 W, 35, 120 MHz, 3996 MHz, 0 %, 0 %
2026/09/20 12:30:31.350, 5, 181.10 W, 33, 120 MHz, 3996 MHz, 0 %, 0 %
2026/09/20 12:30:31.350, 6, 180.37 W, 29, 120 MHz, 3996 MHz, 0 %, 0 %
2026/09/20 12:30:31.350, 7, 184.09 W, 29, 120 MHz, 3996 MHz, 0 %, 0 %
2026/09/20 12:30:32.350, 0, 185.44 W, 42, 120 MHz, 3996 MHz, 0 %, 0 %
2026/09/20 12:30:32.350, 1, 187.12 W, 44, 120 MHz, 3996 MHz, 0 %, 0 %
2026/09/20 12:30:32.350, 2, 180.34 W, 33, 120 MHz, 3996 MHz, 0 %, 0 %
2026/09/20 12:30:32.350, 3, 182.10 W, 33, 120 MHz, 3996 MHz, 0 %, 0 %
2026/09/20 12:30:32.350, 4, 183.25 W, 35, 120 MHz, 3996 MHz, 0 %, 0 %
2026/09/20 12:30:32.350, 5, 180.69 W, 33, 120 MHz, 3996 MHz, 0 %, 0 %
2026/09/20 12:30:32.350, 6, 180.25 W, 29, 120 MHz, 3996 MHz, 0 %, 0 %
2026/09/20 12:30:32.350, 7, 184.09 W, 29, 120 MHz, 3996 MHz, 0 %, 0 %
2026/09/20 12:30:33.350, 0, 185.44 W, 42, 120 MHz, 3996 MHz, 0 %, 0 %
2026/09/20 12:30:33.350, 1, 186.60 W, 43, 120 MHz, 3996 MHz, 0 %, 0 %
2026/09/20 12:30:33.350, 2, 180.09 W, 33, 120 MHz, 3996 MHz, 0 %, 0 %
2026/09/20 12:30:33.350, 3, 181.81 W, 33, 120 MHz, 3996 MHz, 0 %, 0 %
2026/09/20 12:30:33.350, 4, 183.25 W, 35, 120 MHz, 3996 MHz, 0 %, 0 %
2026/09/20 12:30:33.350, 5, 181.34 W, 33, 120 MHz, 3996 MHz, 0 %, 0 %
2026/09/20 12:30:33.350, 6, 180.33 W, 29, 120 MHz, 3996 MHz, 0 %, 0 %
2026/09/20 12:30:33.350, 7, 184.09 W, 29, 120 MHz, 3996 MHz, 0 %, 0 %
2026/09/20 12:30:34.351, 0, 185.44 W, 42, 120 MHz, 3996 MHz, 0 %, 0 %
2026/09/20 12:30:34.351, 1, 185.99 W, 43, 120 MHz, 3996 MHz, 0 %, 0 %
2026/09/20 12:30:34.351, 2, 179.85 W, 33, 120 MHz, 3996 MHz, 0 %, 0 %
2026/09/20 12:30:34.351, 3, 181.61 W, 32, 120 MHz, 3996 MHz, 0 %, 0 %
2026/09/20 12:30:34.351, 4, 183.25 W, 35, 120 MHz, 3996 MHz, 0 %, 0 %
2026/09/20 12:30:34.351, 5, 181.23 W, 33, 120 MHz, 3996 MHz, 0 %, 0 %
2026/09/20 12:30:34.351, 6, 180.36 W, 29, 120 MHz, 3996 MHz, 0 %, 0 %
2026/09/20 12:30:34.351, 7, 184.09 W, 29, 120 MHz, 3996 MHz, 0 %, 0 %
2026/09/20 12:30:35.351, 0, 185.44 W, 42, 120 MHz, 3996 MHz, 0 %, 0 %
2026/09/20 12:30:35.351, 1, 185.83 W, 43, 120 MHz, 3996 MHz, 0 %, 0 %
2026/09/20 12:30:35.351, 2, 179.82 W, 33, 120 MHz, 3996 MHz, 0 %, 0 %
2026/09/20 12:30:35.351, 3, 181.49 W, 32, 120 MHz, 3996 MHz, 0 %, 0 %
2026/09/20 12:30:35.351, 4, 183.25 W, 35, 120 MHz, 3996 MHz, 0 %, 0 %
2026/09/20 12:30:35.351, 5, 180.95 W, 33, 120 MHz, 3996 MHz, 0 %, 0 %
2026/09/20 12:30:35.351, 6, 180.33 W, 29, 120 MHz, 3996 MHz, 0 %, 0 %
2026/09/20 12:30:35.351, 7, 184.09 W, 29, 120 MHz, 3996 MHz, 0 %, 0 %
2026/09/20 12:30:36.351, 0, 185.44 W, 41, 120 MHz, 3996 MHz, 0 %, 0 %
2026/09/20 12:30:36.351, 1, 185.64 W, 43, 120 MHz, 3996 MHz, 0 %, 0 %
2026/09/20 12:30:36.351, 2, 179.70 W, 32, 120 MHz, 3996 MHz, 0 %, 0 %
2026/09/20 12:30:36.351, 3, 181.53 W, 32, 120 MHz, 3996 MHz, 0 %, 0 %
2026/09/20 12:30:36.351, 4, 183.25 W, 35, 120 MHz, 3996 MHz, 0 %, 0 %
2026/09/20 12:30:36.351, 5, 180.88 W, 33, 120 MHz, 3996 MHz, 0 %, 0 %
2026/09/20 12:30:36.351, 6, 180.21 W, 29, 120 MHz, 3996 MHz, 0 %, 0 %
2026/09/20 12:30:36.351, 7, 184.09 W, 29, 120 MHz, 3996 MHz, 0 %, 0 %
2026/09/20 12:30:37.351, 0, 185.44 W, 41, 120 MHz, 3996 MHz, 0 %, 0 %
2026/09/20 12:30:37.351, 1, 185.56 W, 43, 120 MHz, 3996 MHz, 0 %, 0 %
2026/09/20 12:30:37.351, 2, 179.46 W, 32, 120 MHz, 3996 MHz, 0 %, 0 %
2026/09/20 12:30:37.351, 3, 181.57 W, 32, 120 MHz, 3996 MHz, 0 %, 0 %
2026/09/20 12:30:37.352, 4, 183.25 W, 35, 120 MHz, 3996 MHz, 0 %, 0 %
2026/09/20 12:30:37.352, 5, 180.79 W, 33, 120 MHz, 3996 MHz, 0 %, 0 %
2026/09/20 12:30:37.352, 6, 180.29 W, 29, 120 MHz, 3996 MHz, 0 %, 0 %
2026/09/20 12:30:37.352, 7, 184.09 W, 29, 120 MHz, 3996 MHz, 0 %, 0 %
2026/09/20 12:30:38.352, 0, 185.44 W, 41, 120 MHz, 3996 MHz, 0 %, 0 %
2026/09/20 12:30:38.352, 1, 185.56 W, 43, 120 MHz, 3996 MHz, 0 %, 0 %
2026/09/20 12:30:38.352, 2, 179.47 W, 32, 120 MHz, 3996 MHz, 0 %, 0 %
2026/09/20 12:30:38.352, 3, 181.41 W, 32, 120 MHz, 3996 MHz, 0 %, 0 %
2026/09/20 12:30:38.352, 4, 183.25 W, 35, 120 MHz, 3996 MHz, 0 %, 0 %
2026/09/20 12:30:38.352, 5, 181.07 W, 33, 120 MHz, 3996 MHz, 0 %, 0 %
2026/09/20 12:30:38.352, 6, 180.17 W, 29, 120 MHz, 3996 MHz, 0 %, 0 %
2026/09/20 12:30:38.352, 7, 184.09 W, 29, 120 MHz, 3996 MHz, 0 %, 0 %
2026/09/20 12:30:39.352, 0, 185.44 W, 41, 120 MHz, 3996 MHz, 0 %, 0 %
2026/09/20 12:30:39.352, 1, 185.56 W, 42, 120 MHz, 3996 MHz, 0 %, 0 %
2026/09/20 12:30:39.352, 2, 179.47 W, 32, 120 MHz, 3996 MHz, 0 %, 0 %
2026/09/20 12:30:39.352, 3, 181.30 W, 32, 120 MHz, 3996 MHz, 0 %, 0 %
2026/09/20 12:30:39.352, 4, 183.25 W, 35, 120 MHz, 3996 MHz, 0 %, 0 %
2026/09/20 12:30:39.352, 5, 180.71 W, 33, 120 MHz, 3996 MHz, 0 %, 0 %
2026/09/20 12:30:39.352, 6, 180.21 W, 29, 120 MHz, 3996 MHz, 0 %, 0 %
2026/09/20 12:30:39.352, 7, 184.09 W, 29, 120 MHz, 3996 MHz, 0 %, 0 %
2026/09/20 12:30:40.352, 0, 185.40 W, 41, 120 MHz, 3996 MHz, 0 %, 0 %
2026/09/20 12:30:40.352, 1, 185.56 W, 42, 120 MHz, 3996 MHz, 0 %, 0 %
2026/09/20 12:30:40.352, 2, 179.46 W, 32, 120 MHz, 3996 MHz, 0 %, 0 %
2026/09/20 12:30:40.352, 3, 181.30 W, 32, 120 MHz, 3996 MHz, 0 %, 0 %
2026/09/20 12:30:40.352, 4, 183.25 W, 35, 120 MHz, 3996 MHz, 0 %, 0 %
2026/09/20 12:30:40.353, 5, 181.03 W, 33, 120 MHz, 3996 MHz, 0 %, 0 %
2026/09/20 12:30:40.353, 6, 180.25 W, 29, 120 MHz, 3996 MHz, 0 %, 0 %
2026/09/20 12:30:40.353, 7, 184.09 W, 29, 120 MHz, 3996 MHz, 0 %, 0 %
2026/09/20 12:30:41.353, 0, 185.25 W, 41, 120 MHz, 3996 MHz, 0 %, 0 %
2026/09/20 12:30:41.353, 1, 185.56 W, 42, 120 MHz, 3996 MHz, 0 %, 0 %
2026/09/20 12:30:41.353, 2, 179.46 W, 32, 120 MHz, 3996 MHz, 0 %, 0 %
2026/09/20 12:30:41.353, 3, 181.30 W, 32, 120 MHz, 3996 MHz, 0 %, 0 %
2026/09/20 12:30:41.353, 4, 183.25 W, 35, 120 MHz, 3996 MHz, 0 %, 0 %
2026/09/20 12:30:41.353, 5, 180.95 W, 33, 120 MHz, 3996 MHz, 0 %, 0 %
2026/09/20 12:30:41.353, 6, 180.29 W, 29, 120 MHz, 3996 MHz, 0 %, 0 %
2026/09/20 12:30:41.353, 7, 184.09 W, 29, 120 MHz, 3996 MHz, 0 %, 0 %
2026/09/20 12:30:42.353, 0, 184.74 W, 40, 120 MHz, 3996 MHz, 0 %, 0 %
2026/09/20 12:30:42.353, 1, 185.56 W, 42, 120 MHz, 3996 MHz, 0 %, 0 %
2026/09/20 12:30:42.353, 2, 179.47 W, 32, 120 MHz, 3996 MHz, 0 %, 0 %
2026/09/20 12:30:42.353, 3, 181.34 W, 32, 120 MHz, 3996 MHz, 0 %, 0 %
2026/09/20 12:30:42.353, 4, 183.25 W, 35, 120 MHz, 3996 MHz, 0 %, 0 %
2026/09/20 12:30:42.353, 5, 180.92 W, 33, 120 MHz, 3996 MHz, 0 %, 0 %
2026/09/20 12:30:42.353, 6, 180.37 W, 29, 120 MHz, 3996 MHz, 0 %, 0 %
2026/09/20 12:30:42.353, 7, 184.09 W, 29, 120 MHz, 3996 MHz, 0 %, 0 %
2026/09/20 12:30:43.353, 0, 184.29 W, 40, 120 MHz, 3996 MHz, 0 %, 0 %
2026/09/20 12:30:43.353, 1, 185.56 W, 42, 120 MHz, 3996 MHz, 0 %, 0 %
2026/09/20 12:30:43.353, 2, 179.47 W, 32, 120 MHz, 3996 MHz, 0 %, 0 %
2026/09/20 12:30:43.353, 3, 181.30 W, 32, 120 MHz, 3996 MHz, 0 %, 0 %
2026/09/20 12:30:43.353, 4, 183.25 W, 35, 120 MHz, 3996 MHz, 0 %, 0 %
2026/09/20 12:30:43.353, 5, 180.91 W, 33, 120 MHz, 3996 MHz, 0 %, 0 %
2026/09/20 12:30:43.353, 6, 180.21 W, 29, 120 MHz, 3996 MHz, 0 %, 0 %
2026/09/20 12:30:43.353, 7, 184.09 W, 29, 120 MHz, 3996 MHz, 0 %, 0 %
2026/09/20 12:30:44.353, 0, 183.80 W, 40, 120 MHz, 3996 MHz, 0 %, 0 %
2026/09/20 12:30:44.354, 1, 185.56 W, 42, 120 MHz, 3996 MHz, 0 %, 0 %
2026/09/20 12:30:44.354, 2, 179.47 W, 32, 120 MHz, 3996 MHz, 0 %, 0 %
2026/09/20 12:30:44.354, 3, 181.30 W, 31, 120 MHz, 3996 MHz, 0 %, 0 %
2026/09/20 12:30:44.354, 4, 183.25 W, 35, 120 MHz, 3996 MHz, 0 %, 0 %
2026/09/20 12:30:44.354, 5, 180.95 W, 33, 120 MHz, 3996 MHz, 0 %, 0 %
2026/09/20 12:30:44.354, 6, 180.29 W, 29, 120 MHz, 3996 MHz, 0 %, 0 %
2026/09/20 12:30:44.354, 7, 184.09 W, 29, 120 MHz, 3996 MHz, 0 %, 0 %
2026/09/20 12:30:45.354, 0, 183.49 W, 40, 120 MHz, 3996 MHz, 0 %, 0 %
2026/09/20 12:30:45.354, 1, 185.56 W, 41, 120 MHz, 3996 MHz, 0 %, 0 %
2026/09/20 12:30:45.354, 2, 179.46 W, 32, 120 MHz, 3996 MHz, 0 %, 0 %
2026/09/20 12:30:45.354, 3, 181.30 W, 31, 120 MHz, 3996 MHz, 0 %, 0 %
2026/09/20 12:30:45.354, 4, 183.25 W, 35, 120 MHz, 3996 MHz, 0 %, 0 %
2026/09/20 12:30:45.354, 5, 180.92 W, 33, 120 MHz, 3996 MHz, 0 %, 0 %
2026/09/20 12:30:45.354, 6, 180.17 W, 29, 120 MHz, 3996 MHz, 0 %, 0 %
2026/09/20 12:30:45.354, 7, 184.09 W, 29, 120 MHz, 3996 MHz, 0 %, 0 %
2026/09/20 12:30:46.354, 0, 183.49 W, 40, 120 MHz, 3996 MHz, 0 %, 0 %
2026/09/20 12:30:46.354, 1, 185.56 W, 41, 120 MHz, 3996 MHz, 0 %, 0 %
2026/09/20 12:30:46.354, 2, 179.47 W, 32, 120 MHz, 3996 MHz, 0 %, 0 %
2026/09/20 12:30:46.354, 3, 181.30 W, 31, 120 MHz, 3996 MHz, 0 %, 0 %
2026/09/20 12:30:46.354, 4, 183.25 W, 35, 120 MHz, 3996 MHz, 0 %, 0 %
2026/09/20 12:30:46.354, 5, 181.10 W, 33, 120 MHz, 3996 MHz, 0 %, 0 %
2026/09/20 12:30:46.354, 6, 180.21 W, 29, 120 MHz, 3996 MHz, 0 %, 0 %
2026/09/20 12:30:46.354, 7, 184.09 W, 29, 120 MHz, 3996 MHz, 0 %, 0 %
2026/09/20 12:30:47.354, 0, 183.49 W, 40, 120 MHz, 3996 MHz, 0 %, 0 %
2026/09/20 12:30:47.354, 1, 185.56 W, 41, 120 MHz, 3996 MHz, 0 %, 0 %
2026/09/20 12:30:47.354, 2, 179.46 W, 32, 120 MHz, 3996 MHz, 0 %, 0 %
2026/09/20 12:30:47.354, 3, 181.30 W, 31, 120 MHz, 3996 MHz, 0 %, 0 %
2026/09/20 12:30:47.355, 4, 183.25 W, 35, 120 MHz, 3996 MHz, 0 %, 0 %
2026/09/20 12:30:47.355, 5, 180.79 W, 32, 120 MHz, 3996 MHz, 0 %, 0 %
2026/09/20 12:30:47.355, 6, 180.17 W, 29, 120 MHz, 3996 MHz, 0 %, 0 %
2026/09/20 12:30:47.355, 7, 184.09 W, 29, 120 MHz, 3996 MHz, 0 %, 0 %
2026/09/20 12:30:48.355, 0, 183.49 W, 40, 120 MHz, 3996 MHz, 0 %, 0 %
2026/09/20 12:30:48.355, 1, 185.56 W, 41, 120 MHz, 3996 MHz, 0 %, 0 %
2026/09/20 12:30:48.355, 2, 179.47 W, 31, 120 MHz, 3996 MHz, 0 %, 0 %
2026/09/20 12:30:48.355, 3, 181.30 W, 31, 120 MHz, 3996 MHz, 0 %, 0 %
2026/09/20 12:30:48.355, 4, 183.25 W, 35, 120 MHz, 3996 MHz, 0 %, 0 %
2026/09/20 12:30:48.355, 5, 180.95 W, 32, 120 MHz, 3996 MHz, 0 %, 0 %
2026/09/20 12:30:48.355, 6, 180.25 W, 29, 120 MHz, 3996 MHz, 0 %, 0 %
2026/09/20 12:30:48.355, 7, 184.05 W, 29, 120 MHz, 3996 MHz, 0 %, 0 %
2026/09/20 12:30:49.355, 0, 183.49 W, 39, 120 MHz, 3996 MHz, 0 %, 0 %
2026/09/20 12:30:49.355, 1, 185.56 W, 41, 120 MHz, 3996 MHz, 0 %, 0 %
2026/09/20 12:30:49.355, 2, 179.46 W, 31, 120 MHz, 3996 MHz, 0 %, 0 %
2026/09/20 12:30:49.355, 3, 181.30 W, 31, 120 MHz, 3996 MHz, 0 %, 0 %
2026/09/20 12:30:49.355, 4, 183.25 W, 35, 120 MHz, 3996 MHz, 0 %, 0 %
2026/09/20 12:30:49.355, 5, 180.71 W, 32, 120 MHz, 3996 MHz, 0 %, 0 %
2026/09/20 12:30:49.355, 6, 180.17 W, 29, 120 MHz, 3996 MHz, 0 %, 0 %
2026/09/20 12:30:49.355, 7, 184.09 W, 29, 120 MHz, 3996 MHz, 0 %, 0 %
2026/09/20 12:30:50.355, 0, 183.49 W, 39, 120 MHz, 3996 MHz, 0 %, 0 %
2026/09/20 12:30:50.355, 1, 185.56 W, 41, 120 MHz, 3996 MHz, 0 %, 0 %
2026/09/20 12:30:50.355, 2, 179.46 W, 31, 120 MHz, 3996 MHz, 0 %, 0 %
2026/09/20 12:30:50.355, 3, 181.26 W, 31, 120 MHz, 3996 MHz, 0 %, 0 %
2026/09/20 12:30:50.355, 4, 183.25 W, 35, 120 MHz, 3996 MHz, 0 %, 0 %
2026/09/20 12:30:50.355, 5, 180.88 W, 32, 120 MHz, 3996 MHz, 0 %, 0 %
2026/09/20 12:30:50.355, 6, 180.21 W, 29, 120 MHz, 3996 MHz, 0 %, 0 %
2026/09/20 12:30:50.355, 7, 184.09 W, 29, 120 MHz, 3996 MHz, 0 %, 0 %
2026/09/20 12:30:51.356, 0, 183.49 W, 39, 120 MHz, 3996 MHz, 0 %, 0 %
2026/09/20 12:30:51.356, 1, 185.56 W, 41, 120 MHz, 3996 MHz, 0 %, 0 %
2026/09/20 12:30:51.356, 2, 179.46 W, 31, 120 MHz, 3996 MHz, 0 %, 0 %
2026/09/20 12:30:51.356, 3, 181.32 W, 31, 120 MHz, 3996 MHz, 0 %, 0 %
2026/09/20 12:30:51.356, 4, 183.25 W, 35, 120 MHz, 3996 MHz, 0 %, 0 %
2026/09/20 12:30:51.356, 5, 181.07 W, 32, 120 MHz, 3996 MHz, 0 %, 0 %
2026/09/20 12:30:51.356, 6, 180.25 W, 29, 120 MHz, 3996 MHz, 0 %, 0 %
2026/09/20 12:30:51.356, 7, 184.09 W, 29, 120 MHz, 3996 MHz, 0 %, 0 %
2026/09/20 12:30:52.356, 0, 183.49 W, 39, 120 MHz, 3996 MHz, 0 %, 0 %
2026/09/20 12:30:52.356, 1, 185.56 W, 41, 120 MHz, 3996 MHz, 0 %, 0 %
2026/09/20 12:30:52.356, 2, 179.47 W, 31, 120 MHz, 3996 MHz, 0 %, 0 %
2026/09/20 12:30:52.356, 3, 181.30 W, 31, 120 MHz, 3996 MHz, 0 %, 0 %
2026/09/20 12:30:52.356, 4, 183.25 W, 35, 120 MHz, 3996 MHz, 0 %, 0 %
2026/09/20 12:30:52.356, 5, 181.04 W, 32, 120 MHz, 3996 MHz, 0 %, 0 %
2026/09/20 12:30:52.356, 6, 180.25 W, 29, 120 MHz, 3996 MHz, 0 %, 0 %
2026/09/20 12:30:52.356, 7, 184.09 W, 29, 120 MHz, 3996 MHz, 0 %, 0 %
2026/09/20 12:30:53.358, 0, 183.49 W, 39, 120 MHz, 3996 MHz, 0 %, 0 %
2026/09/20 12:30:53.358, 1, 185.56 W, 40, 120 MHz, 3996 MHz, 0 %, 0 %
2026/09/20 12:30:53.358, 2, 179.46 W, 31, 120 MHz, 3996 MHz, 0 %, 0 %
2026/09/20 12:30:53.358, 3, 181.30 W, 31, 120 MHz, 3996 MHz, 0 %, 0 %
2026/09/20 12:30:53.358, 4, 183.25 W, 35, 120 MHz, 3996 MHz, 0 %, 0 %
2026/09/20 12:30:53.358, 5, 180.79 W, 32, 120 MHz, 3996 MHz, 0 %, 0 %
2026/09/20 12:30:53.359, 6, 180.25 W, 29, 120 MHz, 3996 MHz, 0 %, 0 %
2026/09/20 12:30:53.359, 7, 184.09 W, 29, 120 MHz, 3996 MHz, 0 %, 0 %
2026/09/20 12:30:54.359, 0, 183.49 W, 39, 120 MHz, 3996 MHz, 0 %, 0 %
2026/09/20 12:30:54.359, 1, 185.56 W, 40, 120 MHz, 3996 MHz, 0 %, 0 %
2026/09/20 12:30:54.359, 2, 179.47 W, 31, 120 MHz, 3996 MHz, 0 %, 0 %
2026/09/20 12:30:54.359, 3, 181.30 W, 31, 120 MHz, 3996 MHz, 0 %, 0 %
2026/09/20 12:30:54.359, 4, 183.25 W, 35, 120 MHz, 3996 MHz, 0 %, 0 %
2026/09/20 12:30:54.359, 5, 180.73 W, 32, 120 MHz, 3996 MHz, 0 %, 0 %
2026/09/20 12:30:54.359, 6, 180.25 W, 29, 120 MHz, 3996 MHz, 0 %, 0 %
2026/09/20 12:30:54.359, 7, 184.09 W, 29, 120 MHz, 3996 MHz, 0 %, 0 %
2026/09/20 12:30:55.359, 0, 183.49 W, 39, 120 MHz, 3996 MHz, 0 %, 0 %
2026/09/20 12:30:55.359, 1, 185.56 W, 40, 120 MHz, 3996 MHz, 0 %, 0 %
2026/09/20 12:30:55.359, 2, 179.47 W, 31, 120 MHz, 3996 MHz, 0 %, 0 %
2026/09/20 12:30:55.359, 3, 181.30 W, 31, 120 MHz, 3996 MHz, 0 %, 0 %
2026/09/20 12:30:55.359, 4, 183.25 W, 35, 120 MHz, 3996 MHz, 0 %, 0 %
2026/09/20 12:30:55.359, 5, 180.71 W, 32, 120 MHz, 3996 MHz, 0 %, 0 %
2026/09/20 12:30:55.359, 6, 180.21 W, 29, 120 MHz, 3996 MHz, 0 %, 0 %
2026/09/20 12:30:55.359, 7, 184.09 W, 29, 120 MHz, 3996 MHz, 0 %, 0 %
2026/09/20 12:30:56.359, 0, 183.49 W, 39, 120 MHz, 3996 MHz, 0 %, 0 %
2026/09/20 12:30:56.359, 1, 185.56 W, 40, 120 MHz, 3996 MHz, 0 %, 0 %
2026/09/20 12:30:56.359, 2, 179.47 W, 31, 120 MHz, 3996 MHz, 0 %, 0 %
2026/09/20 12:30:56.359, 3, 181.26 W, 31, 120 MHz, 3996 MHz, 0 %, 0 %
2026/09/20 12:30:56.359, 4, 183.25 W, 35, 120 MHz, 3996 MHz, 0 %, 0 %
2026/09/20 12:30:56.359, 5, 180.73 W, 32, 120 MHz, 3996 MHz, 0 %, 0 %
2026/09/20 12:30:56.359, 6, 180.17 W, 29, 120 MHz, 3996 MHz, 0 %, 0 %
2026/09/20 12:30:56.359, 7, 184.09 W, 29, 120 MHz, 3996 MHz, 0 %, 0 %
2026/09/20 12:30:57.360, 0, 183.49 W, 39, 120 MHz, 3996 MHz, 0 %, 0 %
2026/09/20 12:30:57.360, 1, 185.52 W, 40, 120 MHz, 3996 MHz, 0 %, 0 %
2026/09/20 12:30:57.360, 2, 179.47 W, 31, 120 MHz, 3996 MHz, 0 %, 0 %
2026/09/20 12:30:57.360, 3, 181.29 W, 31, 120 MHz, 3996 MHz, 0 %, 0 %
2026/09/20 12:30:57.360, 4, 183.25 W, 35, 120 MHz, 3996 MHz, 0 %, 0 %
2026/09/20 12:30:57.360, 5, 180.50 W, 32, 120 MHz, 3996 MHz, 0 %, 0 %
2026/09/20 12:30:57.360, 6, 180.25 W, 29, 120 MHz, 3996 MHz, 0 %, 0 %
2026/09/20 12:30:57.360, 7, 184.09 W, 29, 120 MHz, 3996 MHz, 0 %, 0 %
2026/09/20 12:30:58.360, 0, 183.49 W, 38, 120 MHz, 3996 MHz, 0 %, 0 %
2026/09/20 12:30:58.360, 1, 185.45 W, 40, 120 MHz, 3996 MHz, 0 %, 0 %
2026/09/20 12:30:58.360, 2, 179.47 W, 31, 120 MHz, 3996 MHz, 0 %, 0 %
2026/09/20 12:30:58.360, 3, 181.27 W, 31, 120 MHz, 3996 MHz, 0 %, 0 %
2026/09/20 12:30:58.360, 4, 183.25 W, 35, 120 MHz, 3996 MHz, 0 %, 0 %
2026/09/20 12:30:58.360, 5, 180.54 W, 32, 120 MHz, 3996 MHz, 0 %, 0 %
2026/09/20 12:30:58.360, 6, 180.21 W, 29, 120 MHz, 3996 MHz, 0 %, 0 %
2026/09/20 12:30:58.360, 7, 184.09 W, 29, 120 MHz, 3996 MHz, 0 %, 0 %
2026/09/20 12:30:59.360, 0, 183.49 W, 38, 120 MHz, 3996 MHz, 0 %, 0 %
2026/09/20 12:30:59.360, 1, 185.45 W, 40, 120 MHz, 3996 MHz, 0 %, 0 %
2026/09/20 12:30:59.360, 2, 179.47 W, 31, 120 MHz, 3996 MHz, 0 %, 0 %
2026/09/20 12:30:59.360, 3, 181.30 W, 31, 120 MHz, 3996 MHz, 0 %, 0 %
2026/09/20 12:30:59.360, 4, 183.25 W, 35, 120 MHz, 3996 MHz, 0 %, 0 %
2026/09/20 12:30:59.360, 5, 180.61 W, 32, 120 MHz, 3996 MHz, 0 %, 0 %
2026/09/20 12:30:59.360, 6, 180.17 W, 29, 120 MHz, 3996 MHz, 0 %, 0 %
2026/09/20 12:30:59.360, 7, 184.09 W, 29, 120 MHz, 3996 MHz, 0 %, 0 %
2026/09/20 12:31:00.360, 0, 183.49 W, 38, 120 MHz, 3996 MHz, 0 %, 0 %
2026/09/20 12:31:00.360, 1, 185.44 W, 40, 120 MHz, 3996 MHz, 0 %, 0 %
2026/09/20 12:31:00.360, 2, 179.47 W, 31, 120 MHz, 3996 MHz, 0 %, 0 %
2026/09/20 12:31:00.360, 3, 181.30 W, 30, 120 MHz, 3996 MHz, 0 %, 0 %
2026/09/20 12:31:00.360, 4, 183.25 W, 35, 120 MHz, 3996 MHz, 0 %, 0 %
2026/09/20 12:31:00.361, 5, 180.79 W, 32, 120 MHz, 3996 MHz, 0 %, 0 %
2026/09/20 12:31:00.361, 6, 180.25 W, 29, 120 MHz, 3996 MHz, 0 %, 0 %
2026/09/20 12:31:00.361, 7, 184.09 W, 29, 120 MHz, 3996 MHz, 0 %, 0 %
2026/09/20 12:31:01.361, 0, 183.49 W, 38, 120 MHz, 3996 MHz, 0 %, 0 %
2026/09/20 12:31:01.361, 1, 185.22 W, 39, 120 MHz, 3996 MHz, 0 %, 0 %
2026/09/20 12:31:01.361, 2, 179.47 W, 31, 120 MHz, 3996 MHz, 0 %, 0 %
2026/09/20 12:31:01.361, 3, 181.30 W, 30, 120 MHz, 3996 MHz, 0 %, 0 %
2026/09/20 12:31:01.361, 4, 183.25 W, 35, 120 MHz, 3996 MHz, 0 %, 0 %
2026/09/20 12:31:01.361, 5, 180.85 W, 32, 120 MHz, 3996 MHz, 0 %, 0 %
2026/09/20 12:31:01.361, 6, 180.33 W, 29, 120 MHz, 3996 MHz, 0 %, 0 %
2026/09/20 12:31:01.361, 7, 184.09 W, 29, 120 MHz, 3996 MHz, 0 %, 0 %
2026/09/20 12:31:02.361, 0, 183.45 W, 38, 120 MHz, 3996 MHz, 0 %, 0 %
2026/09/20 12:31:02.361, 1, 184.95 W, 39, 120 MHz, 3996 MHz, 0 %, 0 %
2026/09/20 12:31:02.361, 2, 179.47 W, 31, 120 MHz, 3996 MHz, 0 %, 0 %
2026/09/20 12:31:02.361, 3, 181.30 W, 30, 120 MHz, 3996 MHz, 0 %, 0 %
2026/09/20 12:31:02.361, 4, 183.25 W, 35, 120 MHz, 3996 MHz, 0 %, 0 %
2026/09/20 12:31:02.361, 5, 180.77 W, 32, 120 MHz, 3996 MHz, 0 %, 0 %
2026/09/20 12:31:02.361, 6, 180.21 W, 29, 120 MHz, 3996 MHz, 0 %, 0 %
2026/09/20 12:31:02.361, 7, 184.09 W, 29, 120 MHz, 3996 MHz, 0 %, 0 %
2026/09/20 12:31:03.361, 0, 183.41 W, 38, 120 MHz, 3996 MHz, 0 %, 0 %
2026/09/20 12:31:03.361, 1, 184.55 W, 39, 120 MHz, 3996 MHz, 0 %, 0 %
2026/09/20 12:31:03.361, 2, 179.46 W, 31, 120 MHz, 3996 MHz, 0 %, 0 %
2026/09/20 12:31:03.361, 3, 181.30 W, 30, 120 MHz, 3996 MHz, 0 %, 0 %
2026/09/20 12:31:03.361, 4, 183.25 W, 35, 120 MHz, 3996 MHz, 0 %, 0 %
2026/09/20 12:31:03.361, 5, 180.42 W, 32, 120 MHz, 3996 MHz, 0 %, 0 %
2026/09/20 12:31:03.361, 6, 180.17 W, 29, 120 MHz, 3996 MHz, 0 %, 0 %
2026/09/20 12:31:03.361, 7, 184.09 W, 29, 120 MHz, 3996 MHz, 0 %, 0 %
2026/09/20 12:31:04.362, 0, 183.45 W, 38, 120 MHz, 3996 MHz, 0 %, 0 %
2026/09/20 12:31:04.362, 1, 184.15 W, 39, 120 MHz, 3996 MHz, 0 %, 0 %
2026/09/20 12:31:04.362, 2, 179.47 W, 31, 120 MHz, 3996 MHz, 0 %, 0 %
2026/09/20 12:31:04.362, 3, 181.30 W, 30, 120 MHz, 3996 MHz, 0 %, 0 %
2026/09/20 12:31:04.362, 4, 183.25 W, 35, 120 MHz, 3996 MHz, 0 %, 0 %
2026/09/20 12:31:04.362, 5, 180.64 W, 32, 120 MHz, 3996 MHz, 0 %, 0 %
2026/09/20 12:31:04.362, 6, 180.21 W, 29, 120 MHz, 3996 MHz, 0 %, 0 %
2026/09/20 12:31:04.362, 7, 184.09 W, 29, 120 MHz, 3996 MHz, 0 %, 0 %
2026/09/20 12:31:05.362, 0, 183.33 W, 38, 120 MHz, 3996 MHz, 0 %, 0 %
2026/09/20 12:31:05.362, 1, 183.76 W, 39, 120 MHz, 3996 MHz, 0 %, 0 %
2026/09/20 12:31:05.362, 2, 179.47 W, 31, 120 MHz, 3996 MHz, 0 %, 0 %
2026/09/20 12:31:05.362, 3, 181.22 W, 30, 120 MHz, 3996 MHz, 0 %, 0 %
2026/09/20 12:31:05.362, 4, 183.25 W, 35, 120 MHz, 3996 MHz, 0 %, 0 %
2026/09/20 12:31:05.362, 5, 180.36 W, 32, 120 MHz, 3996 MHz, 0 %, 0 %
2026/09/20 12:31:05.362, 6, 180.21 W, 29, 120 MHz, 3996 MHz, 0 %, 0 %
2026/09/20 12:31:05.362, 7, 184.09 W, 29, 120 MHz, 3996 MHz, 0 %, 0 %
2026/09/20 12:31:06.362, 0, 183.18 W, 38, 120 MHz, 3996 MHz, 0 %, 0 %
2026/09/20 12:31:06.362, 1, 183.95 W, 39, 120 MHz, 3996 MHz, 0 %, 0 %
2026/09/20 12:31:06.362, 2, 179.47 W, 31, 120 MHz, 3996 MHz, 0 %, 0 %
2026/09/20 12:31:06.362, 3, 181.30 W, 30, 120 MHz, 3996 MHz, 0 %, 0 %
2026/09/20 12:31:06.362, 4, 183.25 W, 35, 120 MHz, 3996 MHz, 0 %, 0 %
2026/09/20 12:31:06.362, 5, 180.50 W, 32, 120 MHz, 3996 MHz, 0 %, 0 %
2026/09/20 12:31:06.362, 6, 180.17 W, 29, 120 MHz, 3996 MHz, 0 %, 0 %
2026/09/20 12:31:06.362, 7, 184.09 W, 29, 120 MHz, 3996 MHz, 0 %, 0 %
2026/09/20 12:31:07.362, 0, 183.14 W, 37, 120 MHz, 3996 MHz, 0 %, 0 %
2026/09/20 12:31:07.362, 1, 183.73 W, 39, 120 MHz, 3996 MHz, 0 %, 0 %
2026/09/20 12:31:07.362, 2, 179.47 W, 30, 120 MHz, 3996 MHz, 0 %, 0 %
2026/09/20 12:31:07.362, 3, 181.30 W, 30, 120 MHz, 3996 MHz, 0 %, 0 %
2026/09/20 12:31:07.363, 4, 183.25 W, 35, 120 MHz, 3996 MHz, 0 %, 0 %
2026/09/20 12:31:07.363, 5, 180.46 W, 32, 120 MHz, 3996 MHz, 0 %, 0 %
2026/09/20 12:31:07.363, 6, 180.17 W, 29, 120 MHz, 3996 MHz, 0 %, 0 %
2026/09/20 12:31:07.363, 7, 184.09 W, 29, 120 MHz, 3996 MHz, 0 %, 0 %
2026/09/20 12:31:08.363, 0, 182.67 W, 37, 120 MHz, 3996 MHz, 0 %, 0 %
2026/09/20 12:31:08.363, 1, 183.69 W, 39, 120 MHz, 3996 MHz, 0 %, 0 %
2026/09/20 12:31:08.363, 2, 179.46 W, 30, 120 MHz, 3996 MHz, 0 %, 0 %
2026/09/20 12:31:08.363, 3, 181.30 W, 30, 120 MHz, 3996 MHz, 0 %, 0 %
2026/09/20 12:31:08.363, 4, 183.25 W, 35, 120 MHz, 3996 MHz, 0 %, 0 %
2026/09/20 12:31:08.363, 5, 180.83 W, 32, 120 MHz, 3996 MHz, 0 %, 0 %
2026/09/20 12:31:08.363, 6, 180.21 W, 29, 120 MHz, 3996 MHz, 0 %, 0 %
2026/09/20 12:31:08.363, 7, 184.09 W, 29, 120 MHz, 3996 MHz, 0 %, 0 %
2026/09/20 12:31:09.363, 0, 182.43 W, 37, 120 MHz, 3996 MHz, 0 %, 0 %
2026/09/20 12:31:09.363, 1, 183.68 W, 39, 120 MHz, 3996 MHz, 0 %, 0 %
2026/09/20 12:31:09.363, 2, 179.46 W, 30, 120 MHz, 3996 MHz, 0 %, 0 %
2026/09/20 12:31:09.363, 3, 181.30 W, 30, 120 MHz, 3996 MHz, 0 %, 0 %
2026/09/20 12:31:09.363, 4, 183.25 W, 35, 120 MHz, 3996 MHz, 0 %, 0 %
2026/09/20 12:31:09.363, 5, 180.71 W, 32, 120 MHz, 3996 MHz, 0 %, 0 %
2026/09/20 12:31:09.363, 6, 180.21 W, 29, 120 MHz, 3996 MHz, 0 %, 0 %
2026/09/20 12:31:09.363, 7, 184.09 W, 29, 120 MHz, 3996 MHz, 0 %, 0 %
2026/09/20 12:31:10.363, 0, 182.30 W, 37, 120 MHz, 3996 MHz, 0 %, 0 %
2026/09/20 12:31:10.363, 1, 183.61 W, 39, 120 MHz, 3996 MHz, 0 %, 0 %
2026/09/20 12:31:10.363, 2, 179.47 W, 30, 120 MHz, 3996 MHz, 0 %, 0 %
2026/09/20 12:31:10.363, 3, 181.30 W, 30, 120 MHz, 3996 MHz, 0 %, 0 %
2026/09/20 12:31:10.363, 4, 183.25 W, 35, 120 MHz, 3996 MHz, 0 %, 0 %
2026/09/20 12:31:10.363, 5, 180.23 W, 32, 120 MHz, 3996 MHz, 0 %, 0 %
2026/09/20 12:31:10.363, 6, 180.21 W, 29, 120 MHz, 3996 MHz, 0 %, 0 %
2026/09/20 12:31:10.363, 7, 184.09 W, 29, 120 MHz, 3996 MHz, 0 %, 0 %
2026/09/20 12:31:11.364, 0, 182.00 W, 37, 120 MHz, 3996 MHz, 0 %, 0 %
2026/09/20 12:31:11.364, 1, 183.61 W, 39, 120 MHz, 3996 MHz, 0 %, 0 %
2026/09/20 12:31:11.364, 2, 179.47 W, 30, 120 MHz, 3996 MHz, 0 %, 0 %
2026/09/20 12:31:11.364, 3, 181.30 W, 30, 120 MHz, 3996 MHz, 0 %, 0 %
2026/09/20 12:31:11.364, 4, 183.25 W, 35, 120 MHz, 3996 MHz, 0 %, 0 %
2026/09/20 12:31:11.364, 5, 180.46 W, 32, 120 MHz, 3996 MHz, 0 %, 0 %
2026/09/20 12:31:11.364, 6, 180.17 W, 29, 120 MHz, 3996 MHz, 0 %, 0 %
2026/09/20 12:31:11.364, 7, 184.09 W, 29, 120 MHz, 3996 MHz, 0 %, 0 %
2026/09/20 12:31:12.364, 0, 181.61 W, 37, 120 MHz, 3996 MHz, 0 %, 0 %
2026/09/20 12:31:12.364, 1, 183.61 W, 38, 120 MHz, 3996 MHz, 0 %, 0 %
2026/09/20 12:31:12.364, 2, 179.47 W, 30, 120 MHz, 3996 MHz, 0 %, 0 %
2026/09/20 12:31:12.364, 3, 181.26 W, 30, 120 MHz, 3996 MHz, 0 %, 0 %
2026/09/20 12:31:12.364, 4, 183.25 W, 35, 120 MHz, 3996 MHz, 0 %, 0 %
2026/09/20 12:31:12.364, 5, 180.65 W, 32, 120 MHz, 3996 MHz, 0 %, 0 %
2026/09/20 12:31:12.364, 6, 180.17 W, 29, 120 MHz, 3996 MHz, 0 %, 0 %
2026/09/20 12:31:12.364, 7, 184.09 W, 29, 120 MHz, 3996 MHz, 0 %, 0 %
2026/09/20 12:31:13.364, 0, 181.54 W, 37, 120 MHz, 3996 MHz, 0 %, 0 %
2026/09/20 12:31:13.364, 1, 183.61 W, 38, 120 MHz, 3996 MHz, 0 %, 0 %
2026/09/20 12:31:13.364, 2, 179.47 W, 30, 120 MHz, 3996 MHz, 0 %, 0 %
2026/09/20 12:31:13.364, 3, 181.26 W, 30, 120 MHz, 3996 MHz, 0 %, 0 %
2026/09/20 12:31:13.364, 4, 183.25 W, 35, 120 MHz, 3996 MHz, 0 %, 0 %
2026/09/20 12:31:13.364, 5, 180.44 W, 32, 120 MHz, 3996 MHz, 0 %, 0 %
2026/09/20 12:31:13.364, 6, 180.21 W, 29, 120 MHz, 3996 MHz, 0 %, 0 %
2026/09/20 12:31:13.364, 7, 184.09 W, 29, 120 MHz, 3996 MHz, 0 %, 0 %
2026/09/20 12:31:14.364, 0, 181.54 W, 37, 120 MHz, 3996 MHz, 0 %, 0 %
2026/09/20 12:31:14.364, 1, 183.61 W, 38, 120 MHz, 3996 MHz, 0 %, 0 %
2026/09/20 12:31:14.364, 2, 179.47 W, 30, 120 MHz, 3996 MHz, 0 %, 0 %
2026/09/20 12:31:14.364, 3, 181.22 W, 30, 120 MHz, 3996 MHz, 0 %, 0 %
2026/09/20 12:31:14.364, 4, 183.25 W, 35, 120 MHz, 3996 MHz, 0 %, 0 %
2026/09/20 12:31:14.364, 5, 180.54 W, 32, 120 MHz, 3996 MHz, 0 %, 0 %
2026/09/20 12:31:14.364, 6, 180.21 W, 29, 120 MHz, 3996 MHz, 0 %, 0 %
2026/09/20 12:31:14.365, 7, 184.09 W, 29, 120 MHz, 3996 MHz, 0 %, 0 %
2026/09/20 12:31:15.365, 0, 181.54 W, 37, 120 MHz, 3996 MHz, 0 %, 0 %
2026/09/20 12:31:15.365, 1, 183.61 W, 38, 120 MHz, 3996 MHz, 0 %, 0 %
2026/09/20 12:31:15.365, 2, 179.46 W, 30, 120 MHz, 3996 MHz, 0 %, 0 %
2026/09/20 12:31:15.365, 3, 181.11 W, 30, 120 MHz, 3996 MHz, 0 %, 0 %
2026/09/20 12:31:15.365, 4, 183.25 W, 35, 120 MHz, 3996 MHz, 0 %, 0 %
2026/09/20 12:31:15.365, 5, 180.44 W, 32, 120 MHz, 3996 MHz, 0 %, 0 %
2026/09/20 12:31:15.365, 6, 180.17 W, 29, 120 MHz, 3996 MHz, 0 %, 0 %
2026/09/20 12:31:15.365, 7, 184.09 W, 29, 120 MHz, 3996 MHz, 0 %, 0 %
2026/09/20 12:31:16.365, 0, 181.57 W, 37, 120 MHz, 3996 MHz, 0 %, 0 %
2026/09/20 12:31:16.365, 1, 183.61 W, 38, 120 MHz, 3996 MHz, 0 %, 0 %
2026/09/20 12:31:16.365, 2, 179.47 W, 30, 120 MHz, 3996 MHz, 0 %, 0 %
2026/09/20 12:31:16.365, 3, 181.22 W, 30, 120 MHz, 3996 MHz, 0 %, 0 %
2026/09/20 12:31:16.365, 4, 183.25 W, 35, 120 MHz, 3996 MHz, 0 %, 0 %
2026/09/20 12:31:16.365, 5, 180.31 W, 32, 120 MHz, 3996 MHz, 0 %, 0 %
2026/09/20 12:31:16.365, 6, 180.17 W, 29, 120 MHz, 3996 MHz, 0 %, 0 %
2026/09/20 12:31:16.365, 7, 184.09 W, 29, 120 MHz, 3996 MHz, 0 %, 0 %
2026/09/20 12:31:17.365, 0, 181.57 W, 37, 120 MHz, 3996 MHz, 0 %, 0 %
2026/09/20 12:31:17.365, 1, 183.61 W, 38, 120 MHz, 3996 MHz, 0 %, 0 %
2026/09/20 12:31:17.365, 2, 179.47 W, 30, 120 MHz, 3996 MHz, 0 %, 0 %
2026/09/20 12:31:17.365, 3, 181.26 W, 30, 120 MHz, 3996 MHz, 0 %, 0 %
2026/09/20 12:31:17.365, 4, 183.25 W, 35, 120 MHz, 3996 MHz, 0 %, 0 %
2026/09/20 12:31:17.365, 5, 180.88 W, 32, 120 MHz, 3996 MHz, 0 %, 0 %
2026/09/20 12:31:17.365, 6, 180.17 W, 29, 120 MHz, 3996 MHz, 0 %, 0 %
2026/09/20 12:31:17.365, 7, 184.09 W, 29, 120 MHz, 3996 MHz, 0 %, 0 %
2026/09/20 12:31:18.366, 0, 181.54 W, 37, 120 MHz, 3996 MHz, 0 %, 0 %
2026/09/20 12:31:18.366, 1, 183.61 W, 38, 120 MHz, 3996 MHz, 0 %, 0 %
2026/09/20 12:31:18.366, 2, 179.47 W, 30, 120 MHz, 3996 MHz, 0 %, 0 %
2026/09/20 12:31:18.366, 3, 181.22 W, 30, 120 MHz, 3996 MHz, 0 %, 0 %
2026/09/20 12:31:18.366, 4, 183.25 W, 35, 120 MHz, 3996 MHz, 0 %, 0 %
2026/09/20 12:31:18.366, 5, 180.87 W, 32, 120 MHz, 3996 MHz, 0 %, 0 %
2026/09/20 12:31:18.366, 6, 180.21 W, 29, 120 MHz, 3996 MHz, 0 %, 0 %
2026/09/20 12:31:18.366, 7, 184.09 W, 29, 120 MHz, 3996 MHz, 0 %, 0 %
2026/09/20 12:31:19.366, 0, 181.54 W, 37, 120 MHz, 3996 MHz, 0 %, 0 %
2026/09/20 12:31:19.366, 1, 183.61 W, 38, 120 MHz, 3996 MHz, 0 %, 0 %
2026/09/20 12:31:19.366, 2, 179.46 W, 30, 120 MHz, 3996 MHz, 0 %, 0 %
2026/09/20 12:31:19.366, 3, 181.07 W, 30, 120 MHz, 3996 MHz, 0 %, 0 %
2026/09/20 12:31:19.366, 4, 183.25 W, 35, 120 MHz, 3996 MHz, 0 %, 0 %
2026/09/20 12:31:19.366, 5, 180.27 W, 32, 120 MHz, 3996 MHz, 0 %, 0 %
2026/09/20 12:31:19.366, 6, 180.25 W, 29, 120 MHz, 3996 MHz, 0 %, 0 %
2026/09/20 12:31:19.366, 7, 184.09 W, 29, 120 MHz, 3996 MHz, 0 %, 0 %
2026/09/20 12:31:20.366, 0, 181.54 W, 36, 120 MHz, 3996 MHz, 0 %, 0 %
2026/09/20 12:31:20.366, 1, 183.61 W, 38, 120 MHz, 3996 MHz, 0 %, 0 %
2026/09/20 12:31:20.366, 2, 179.46 W, 30, 120 MHz, 3996 MHz, 0 %, 0 %
2026/09/20 12:31:20.366, 3, 180.99 W, 30, 120 MHz, 3996 MHz, 0 %, 0 %
2026/09/20 12:31:20.366, 4, 183.25 W, 35, 120 MHz, 3996 MHz, 0 %, 0 %
2026/09/20 12:31:20.366, 5, 180.68 W, 32, 120 MHz, 3996 MHz, 0 %, 0 %
2026/09/20 12:31:20.366, 6, 180.21 W, 29, 120 MHz, 3996 MHz, 0 %, 0 %
2026/09/20 12:31:20.366, 7, 184.09 W, 29, 120 MHz, 3996 MHz, 0 %, 0 %
2026/09/20 12:31:21.366, 0, 181.54 W, 36, 120 MHz, 3996 MHz, 0 %, 0 %
2026/09/20 12:31:21.366, 1, 183.61 W, 38, 120 MHz, 3996 MHz, 0 %, 0 %
2026/09/20 12:31:21.366, 2, 179.47 W, 30, 120 MHz, 3996 MHz, 0 %, 0 %
2026/09/20 12:31:21.366, 3, 181.14 W, 30, 120 MHz, 3996 MHz, 0 %, 0 %
2026/09/20 12:31:21.366, 4, 183.25 W, 35, 120 MHz, 3996 MHz, 0 %, 0 %
2026/09/20 12:31:21.367, 5, 180.31 W, 32, 120 MHz, 3996 MHz, 0 %, 0 %
2026/09/20 12:31:21.367, 6, 180.17 W, 29, 120 MHz, 3996 MHz, 0 %, 0 %
2026/09/20 12:31:21.367, 7, 184.09 W, 29, 120 MHz, 3996 MHz, 0 %, 0 %
2026/09/20 12:31:22.367, 0, 181.54 W, 36, 120 MHz, 3996 MHz, 0 %, 0 %
2026/09/20 12:31:22.367, 1, 183.61 W, 38, 120 MHz, 3996 MHz, 0 %, 0 %
2026/09/20 12:31:22.367, 2, 179.47 W, 30, 120 MHz, 3996 MHz, 0 %, 0 %
2026/09/20 12:31:22.367, 3, 180.99 W, 30, 120 MHz, 3996 MHz, 0 %, 0 %
2026/09/20 12:31:22.367, 4, 183.25 W, 34, 120 MHz, 3996 MHz, 0 %, 0 %
2026/09/20 12:31:22.367, 5, 180.46 W, 32, 120 MHz, 3996 MHz, 0 %, 0 %
2026/09/20 12:31:22.367, 6, 180.17 W, 29, 120 MHz, 3996 MHz, 0 %, 0 %
2026/09/20 12:31:22.367, 7, 184.09 W, 29, 120 MHz, 3996 MHz, 0 %, 0 %
2026/09/20 12:31:23.367, 0, 181.54 W, 36, 120 MHz, 3996 MHz, 0 %, 0 %
2026/09/20 12:31:23.367, 1, 183.61 W, 38, 120 MHz, 3996 MHz, 0 %, 0 %
2026/09/20 12:31:23.367, 2, 179.46 W, 30, 120 MHz, 3996 MHz, 0 %, 0 %
2026/09/20 12:31:23.367, 3, 181.06 W, 30, 120 MHz, 3996 MHz, 0 %, 0 %
2026/09/20 12:31:23.367, 4, 183.25 W, 35, 120 MHz, 3996 MHz, 0 %, 0 %
2026/09/20 12:31:23.367, 5, 180.38 W, 32, 120 MHz, 3996 MHz, 0 %, 0 %
2026/09/20 12:31:23.367, 6, 180.21 W, 29, 120 MHz, 3996 MHz, 0 %, 0 %
2026/09/20 12:31:23.367, 7, 184.09 W, 29, 120 MHz, 3996 MHz, 0 %, 0 %
2026/09/20 12:31:24.367, 0, 181.54 W, 36, 120 MHz, 3996 MHz, 0 %, 0 %
2026/09/20 12:31:24.367, 1, 183.61 W, 38, 120 MHz, 3996 MHz, 0 %, 0 %
2026/09/20 12:31:24.367, 2, 179.47 W, 30, 120 MHz, 3996 MHz, 0 %, 0 %
2026/09/20 12:31:24.367, 3, 181.03 W, 30, 120 MHz, 3996 MHz, 0 %, 0 %
2026/09/20 12:31:24.367, 4, 183.25 W, 34, 120 MHz, 3996 MHz, 0 %, 0 %
2026/09/20 12:31:24.367, 5, 180.79 W, 32, 120 MHz, 3996 MHz, 0 %, 0 %
2026/09/20 12:31:24.367, 6, 180.17 W, 29, 120 MHz, 3996 MHz, 0 %, 0 %
2026/09/20 12:31:24.367, 7, 184.09 W, 29, 120 MHz, 3996 MHz, 0 %, 0 %
2026/09/20 12:31:25.367, 0, 181.54 W, 36, 120 MHz, 3996 MHz, 0 %, 0 %
2026/09/20 12:31:25.367, 1, 183.61 W, 38, 120 MHz, 3996 MHz, 0 %, 0 %
2026/09/20 12:31:25.368, 2, 179.46 W, 30, 120 MHz, 3996 MHz, 0 %, 0 %
2026/09/20 12:31:25.368, 3, 181.06 W, 30, 120 MHz, 3996 MHz, 0 %, 0 %
2026/09/20 12:31:25.368, 4, 183.25 W, 34, 120 MHz, 3996 MHz, 0 %, 0 %
2026/09/20 12:31:25.368, 5, 180.54 W, 32, 120 MHz, 3996 MHz, 0 %, 0 %
2026/09/20 12:31:25.368, 6, 180.17 W, 29, 120 MHz, 3996 MHz, 0 %, 0 %
2026/09/20 12:31:25.368, 7, 184.09 W, 29, 120 MHz, 3996 MHz, 0 %, 0 %
2026/09/20 12:31:26.368, 0, 181.54 W, 36, 120 MHz, 3996 MHz, 0 %, 0 %
2026/09/20 12:31:26.368, 1, 183.61 W, 37, 120 MHz, 3996 MHz, 0 %, 0 %
2026/09/20 12:31:26.368, 2, 179.47 W, 30, 120 MHz, 3996 MHz, 0 %, 0 %
2026/09/20 12:31:26.368, 3, 181.14 W, 30, 120 MHz, 3996 MHz, 0 %, 0 %
2026/09/20 12:31:26.368, 4, 183.25 W, 34, 120 MHz, 3996 MHz, 0 %, 0 %
2026/09/20 12:31:26.368, 5, 180.32 W, 32, 120 MHz, 3996 MHz, 0 %, 0 %
2026/09/20 12:31:26.368, 6, 180.21 W, 29, 120 MHz, 3996 MHz, 0 %, 0 %
2026/09/20 12:31:26.368, 7, 184.09 W, 29, 120 MHz, 3996 MHz, 0 %, 0 %
2026/09/20 12:31:27.368, 0, 181.54 W, 36, 120 MHz, 3996 MHz, 0 %, 0 %
2026/09/20 12:31:27.368, 1, 183.61 W, 37, 120 MHz, 3996 MHz, 0 %, 0 %
2026/09/20 12:31:27.368, 2, 179.47 W, 30, 120 MHz, 3996 MHz, 0 %, 0 %
2026/09/20 12:31:27.368, 3, 180.87 W, 30, 120 MHz, 3996 MHz, 0 %, 0 %
2026/09/20 12:31:27.368, 4, 183.25 W, 34, 120 MHz, 3996 MHz, 0 %, 0 %
2026/09/20 12:31:27.368, 5, 180.48 W, 32, 120 MHz, 3996 MHz, 0 %, 0 %
2026/09/20 12:31:27.368, 6, 180.17 W, 29, 120 MHz, 3996 MHz, 0 %, 0 %
2026/09/20 12:31:27.368, 7, 184.09 W, 29, 120 MHz, 3996 MHz, 0 %, 0 %
2026/09/20 12:31:28.368, 0, 181.54 W, 36, 120 MHz, 3996 MHz, 0 %, 0 %
2026/09/20 12:31:28.368, 1, 183.61 W, 37, 120 MHz, 3996 MHz, 0 %, 0 %
2026/09/20 12:31:28.368, 2, 179.46 W, 30, 120 MHz, 3996 MHz, 0 %, 0 %
2026/09/20 12:31:28.368, 3, 180.98 W, 30, 120 MHz, 3996 MHz, 0 %, 0 %
2026/09/20 12:31:28.368, 4, 183.25 W, 34, 120 MHz, 3996 MHz, 0 %, 0 %
2026/09/20 12:31:28.368, 5, 180.35 W, 32, 120 MHz, 3996 MHz, 0 %, 0 %
2026/09/20 12:31:28.368, 6, 180.17 W, 29, 120 MHz, 3996 MHz, 0 %, 0 %
2026/09/20 12:31:28.368, 7, 184.09 W, 29, 120 MHz, 3996 MHz, 0 %, 0 %
2026/09/20 12:31:29.369, 0, 181.54 W, 36, 120 MHz, 3996 MHz, 0 %, 0 %
2026/09/20 12:31:29.369, 1, 183.61 W, 37, 120 MHz, 3996 MHz, 0 %, 0 %
2026/09/20 12:31:29.369, 2, 179.47 W, 30, 120 MHz, 3996 MHz, 0 %, 0 %
2026/09/20 12:31:29.369, 3, 181.10 W, 29, 120 MHz, 3996 MHz, 0 %, 0 %
2026/09/20 12:31:29.369, 4, 183.25 W, 34, 120 MHz, 3996 MHz, 0 %, 0 %
2026/09/20 12:31:29.369, 5, 180.60 W, 32, 120 MHz, 3996 MHz, 0 %, 0 %
2026/09/20 12:31:29.369, 6, 180.17 W, 29, 120 MHz, 3996 MHz, 0 %, 0 %
2026/09/20 12:31:29.369, 7, 184.09 W, 29, 120 MHz, 3996 MHz, 0 %, 0 %
2026/09/20 12:31:30.369, 0, 181.54 W, 36, 120 MHz, 3996 MHz, 0 %, 0 %
2026/09/20 12:31:30.369, 1, 183.61 W, 37, 120 MHz, 3996 MHz, 0 %, 0 %
2026/09/20 12:31:30.369, 2, 179.46 W, 30, 120 MHz, 3996 MHz, 0 %, 0 %
2026/09/20 12:31:30.369, 3, 180.68 W, 29, 120 MHz, 3996 MHz, 0 %, 0 %
2026/09/20 12:31:30.369, 4, 183.25 W, 34, 120 MHz, 3996 MHz, 0 %, 0 %
2026/09/20 12:31:30.369, 5, 180.46 W, 32, 120 MHz, 3996 MHz, 0 %, 0 %
2026/09/20 12:31:30.369, 6, 180.21 W, 29, 120 MHz, 3996 MHz, 0 %, 0 %
2026/09/20 12:31:30.369, 7, 184.09 W, 29, 120 MHz, 3996 MHz, 0 %, 0 %
2026/09/20 12:31:31.369, 0, 181.54 W, 36, 120 MHz, 3996 MHz, 0 %, 0 %
2026/09/20 12:31:31.369, 1, 183.61 W, 37, 120 MHz, 3996 MHz, 0 %, 0 %
2026/09/20 12:31:31.369, 2, 179.47 W, 30, 120 MHz, 3996 MHz, 0 %, 0 %
2026/09/20 12:31:31.369, 3, 180.88 W, 29, 120 MHz, 3996 MHz, 0 %, 0 %
2026/09/20 12:31:31.369, 4, 183.25 W, 34, 120 MHz, 3996 MHz, 0 %, 0 %
2026/09/20 12:31:31.369, 5, 180.64 W, 32, 120 MHz, 3996 MHz, 0 %, 0 %
2026/09/20 12:31:31.369, 6, 180.17 W, 29, 120 MHz, 3996 MHz, 0 %, 0 %
2026/09/20 12:31:31.369, 7, 184.09 W, 29, 120 MHz, 3996 MHz, 0 %, 0 %
2026/09/20 12:31:32.369, 0, 181.54 W, 36, 120 MHz, 3996 MHz, 0 %, 0 %
2026/09/20 12:31:32.369, 1, 183.61 W, 37, 120 MHz, 3996 MHz, 0 %, 0 %
2026/09/20 12:31:32.369, 2, 179.46 W, 30, 120 MHz, 3996 MHz, 0 %, 0 %
2026/09/20 12:31:32.369, 3, 180.95 W, 29, 120 MHz, 3996 MHz, 0 %, 0 %
2026/09/20 12:31:32.369, 4, 183.25 W, 34, 120 MHz, 3996 MHz, 0 %, 0 %
2026/09/20 12:31:32.369, 5, 180.42 W, 32, 120 MHz, 3996 MHz, 0 %, 0 %
2026/09/20 12:31:32.370, 6, 180.17 W, 29, 120 MHz, 3996 MHz, 0 %, 0 %
2026/09/20 12:31:32.370, 7, 184.05 W, 29, 120 MHz, 3996 MHz, 0 %, 0 %
2026/09/20 12:31:33.370, 0, 181.54 W, 36, 120 MHz, 3996 MHz, 0 %, 0 %
2026/09/20 12:31:33.370, 1, 183.61 W, 37, 120 MHz, 3996 MHz, 0 %, 0 %
2026/09/20 12:31:33.370, 2, 179.47 W, 30, 120 MHz, 3996 MHz, 0 %, 0 %
2026/09/20 12:31:33.370, 3, 180.68 W, 29, 120 MHz, 3996 MHz, 0 %, 0 %
2026/09/20 12:31:33.370, 4, 183.25 W, 34, 120 MHz, 3996 MHz, 0 %, 0 %
2026/09/20 12:31:33.370, 5, 180.09 W, 32, 120 MHz, 3996 MHz, 0 %, 0 %
2026/09/20 12:31:33.370, 6, 180.17 W, 29, 120 MHz, 3996 MHz, 0 %, 0 %
2026/09/20 12:31:33.370, 7, 184.09 W, 29, 120 MHz, 3996 MHz, 0 %, 0 %
2026/09/20 12:31:34.370, 0, 181.54 W, 36, 120 MHz, 3996 MHz, 0 %, 0 %
2026/09/20 12:31:34.370, 1, 183.61 W, 37, 120 MHz, 3996 MHz, 0 %, 0 %
2026/09/20 12:31:34.370, 2, 179.47 W, 30, 120 MHz, 3996 MHz, 0 %, 0 %
2026/09/20 12:31:34.370, 3, 180.86 W, 29, 120 MHz, 3996 MHz, 0 %, 0 %
2026/09/20 12:31:34.370, 4, 183.25 W, 34, 120 MHz, 3996 MHz, 0 %, 0 %
2026/09/20 12:31:34.370, 5, 180.21 W, 32, 120 MHz, 3996 MHz, 0 %, 0 %
2026/09/20 12:31:34.370, 6, 180.25 W, 29, 120 MHz, 3996 MHz, 0 %, 0 %
2026/09/20 12:31:34.370, 7, 184.09 W, 29, 120 MHz, 3996 MHz, 0 %, 0 %
2026/09/20 12:31:35.370, 0, 181.54 W, 36, 120 MHz, 3996 MHz, 0 %, 0 %
2026/09/20 12:31:35.370, 1, 183.61 W, 37, 120 MHz, 3996 MHz, 0 %, 0 %
2026/09/20 12:31:35.370, 2, 179.47 W, 30, 120 MHz, 3996 MHz, 0 %, 0 %
2026/09/20 12:31:35.370, 3, 180.32 W, 29, 120 MHz, 3996 MHz, 0 %, 0 %
2026/09/20 12:31:35.370, 4, 183.25 W, 34, 120 MHz, 3996 MHz, 0 %, 0 %
2026/09/20 12:31:35.370, 5, 180.35 W, 32, 120 MHz, 3996 MHz, 0 %, 0 %
2026/09/20 12:31:35.370, 6, 180.17 W, 29, 120 MHz, 3996 MHz, 0 %, 0 %
2026/09/20 12:31:35.370, 7, 184.05 W, 29, 120 MHz, 3996 MHz, 0 %, 0 %
2026/09/20 12:31:36.371, 0, 181.54 W, 36, 120 MHz, 3996 MHz, 0 %, 0 %
2026/09/20 12:31:36.371, 1, 183.61 W, 37, 120 MHz, 3996 MHz, 0 %, 0 %
2026/09/20 12:31:36.371, 2, 179.47 W, 30, 120 MHz, 3996 MHz, 0 %, 0 %
2026/09/20 12:31:36.371, 3, 180.40 W, 29, 120 MHz, 3996 MHz, 0 %, 0 %
2026/09/20 12:31:36.371, 4, 183.25 W, 34, 120 MHz, 3996 MHz, 0 %, 0 %
2026/09/20 12:31:36.371, 5, 180.40 W, 32, 120 MHz, 3996 MHz, 0 %, 0 %
2026/09/20 12:31:36.371, 6, 180.25 W, 29, 120 MHz, 3996 MHz, 0 %, 0 %
2026/09/20 12:31:36.371, 7, 184.09 W, 29, 120 MHz, 3996 MHz, 0 %, 0 %
2026/09/20 12:31:37.371, 0, 181.54 W, 35, 120 MHz, 3996 MHz, 0 %, 0 %
2026/09/20 12:31:37.371, 1, 183.61 W, 37, 120 MHz, 3996 MHz, 0 %, 0 %
2026/09/20 12:31:37.371, 2, 179.47 W, 30, 120 MHz, 3996 MHz, 0 %, 0 %
2026/09/20 12:31:37.371, 3, 180.55 W, 29, 120 MHz, 3996 MHz, 0 %, 0 %
2026/09/20 12:31:37.371, 4, 183.25 W, 34, 120 MHz, 3996 MHz, 0 %, 0 %
2026/09/20 12:31:37.371, 5, 180.29 W, 32, 120 MHz, 3996 MHz, 0 %, 0 %
2026/09/20 12:31:37.371, 6, 180.21 W, 29, 120 MHz, 3996 MHz, 0 %, 0 %
2026/09/20 12:31:37.371, 7, 184.09 W, 29, 120 MHz, 3996 MHz, 0 %, 0 %
2026/09/20 12:31:38.371, 0, 181.54 W, 35, 120 MHz, 3996 MHz, 0 %, 0 %
2026/09/20 12:31:38.371, 1, 183.61 W, 37, 120 MHz, 3996 MHz, 0 %, 0 %
2026/09/20 12:31:38.371, 2, 179.47 W, 30, 120 MHz, 3996 MHz, 0 %, 0 %
2026/09/20 12:31:38.371, 3, 180.49 W, 29, 120 MHz, 3996 MHz, 0 %, 0 %
2026/09/20 12:31:38.371, 4, 183.25 W, 34, 120 MHz, 3996 MHz, 0 %, 0 %
2026/09/20 12:31:38.371, 5, 180.27 W, 32, 120 MHz, 3996 MHz, 0 %, 0 %
2026/09/20 12:31:38.371, 6, 180.17 W, 29, 120 MHz, 3996 MHz, 0 %, 0 %
2026/09/20 12:31:38.371, 7, 184.05 W, 29, 120 MHz, 3996 MHz, 0 %, 0 %
2026/09/20 12:31:39.371, 0, 181.54 W, 35, 120 MHz, 3996 MHz, 0 %, 0 %
2026/09/20 12:31:39.371, 1, 183.61 W, 37, 120 MHz, 3996 MHz, 0 %, 0 %
2026/09/20 12:31:39.371, 2, 179.47 W, 30, 120 MHz, 3996 MHz, 0 %, 0 %
2026/09/20 12:31:39.371, 3, 180.32 W, 29, 120 MHz, 3996 MHz, 0 %, 0 %
2026/09/20 12:31:39.371, 4, 183.25 W, 34, 120 MHz, 3996 MHz, 0 %, 0 %
2026/09/20 12:31:39.372, 5, 180.36 W, 32, 120 MHz, 3996 MHz, 0 %, 0 %
2026/09/20 12:31:39.372, 6, 180.17 W, 29, 120 MHz, 3996 MHz, 0 %, 0 %
2026/09/20 12:31:39.372, 7, 184.09 W, 29, 120 MHz, 3996 MHz, 0 %, 0 %
2026/09/20 12:31:40.372, 0, 181.54 W, 35, 120 MHz, 3996 MHz, 0 %, 0 %
2026/09/20 12:31:40.372, 1, 183.61 W, 37, 120 MHz, 3996 MHz, 0 %, 0 %
2026/09/20 12:31:40.372, 2, 179.47 W, 30, 120 MHz, 3996 MHz, 0 %, 0 %
2026/09/20 12:31:40.372, 3, 180.64 W, 29, 120 MHz, 3996 MHz, 0 %, 0 %
2026/09/20 12:31:40.372, 4, 183.25 W, 34, 120 MHz, 3996 MHz, 0 %, 0 %
2026/09/20 12:31:40.372, 5, 180.34 W, 32, 120 MHz, 3996 MHz, 0 %, 0 %
2026/09/20 12:31:40.372, 6, 180.17 W, 29, 120 MHz, 3996 MHz, 0 %, 0 %
2026/09/20 12:31:40.372, 7, 184.09 W, 29, 120 MHz, 3996 MHz, 0 %, 0 %
2026/09/20 12:31:41.372, 0, 181.54 W, 35, 120 MHz, 3996 MHz, 0 %, 0 %
2026/09/20 12:31:41.372, 1, 183.61 W, 37, 120 MHz, 3996 MHz, 0 %, 0 %
2026/09/20 12:31:41.372, 2, 179.46 W, 30, 120 MHz, 3996 MHz, 0 %, 0 %
2026/09/20 12:31:41.372, 3, 180.32 W, 29, 120 MHz, 3996 MHz, 0 %, 0 %
2026/09/20 12:31:41.372, 4, 183.25 W, 34, 120 MHz, 3996 MHz, 0 %, 0 %
2026/09/20 12:31:41.372, 5, 180.13 W, 32, 120 MHz, 3996 MHz, 0 %, 0 %
2026/09/20 12:31:41.372, 6, 180.17 W, 29, 120 MHz, 3996 MHz, 0 %, 0 %
2026/09/20 12:31:41.372, 7, 184.09 W, 29, 120 MHz, 3996 MHz, 0 %, 0 %
2026/09/20 12:31:42.372, 0, 181.54 W, 35, 120 MHz, 3996 MHz, 0 %, 0 %
2026/09/20 12:31:42.372, 1, 183.61 W, 37, 120 MHz, 3996 MHz, 0 %, 0 %
2026/09/20 12:31:42.372, 2, 179.46 W, 30, 120 MHz, 3996 MHz, 0 %, 0 %
2026/09/20 12:31:42.372, 3, 180.72 W, 29, 120 MHz, 3996 MHz, 0 %, 0 %
2026/09/20 12:31:42.372, 4, 183.25 W, 34, 120 MHz, 3996 MHz, 0 %, 0 %
2026/09/20 12:31:42.372, 5, 180.00 W, 32, 120 MHz, 3996 MHz, 0 %, 0 %
2026/09/20 12:31:42.372, 6, 180.17 W, 29, 120 MHz, 3996 MHz, 0 %, 0 %
2026/09/20 12:31:42.372, 7, 184.09 W, 29, 120 MHz, 3996 MHz, 0 %, 0 %
2026/09/20 12:31:43.373, 0, 181.54 W, 35, 120 MHz, 3996 MHz, 0 %, 0 %
2026/09/20 12:31:43.373, 1, 183.61 W, 37, 120 MHz, 3996 MHz, 0 %, 0 %
2026/09/20 12:31:43.373, 2, 179.47 W, 30, 120 MHz, 3996 MHz, 0 %, 0 %
2026/09/20 12:31:43.373, 3, 180.40 W, 29, 120 MHz, 3996 MHz, 0 %, 0 %
2026/09/20 12:31:43.373, 4, 183.25 W, 34, 120 MHz, 3996 MHz, 0 %, 0 %
2026/09/20 12:31:43.373, 5, 180.19 W, 32, 120 MHz, 3996 MHz, 0 %, 0 %
2026/09/20 12:31:43.373, 6, 180.21 W, 29, 120 MHz, 3996 MHz, 0 %, 0 %
2026/09/20 12:31:43.373, 7, 184.09 W, 29, 120 MHz, 3996 MHz, 0 %, 0 %
2026/09/20 12:31:44.373, 0, 181.54 W, 35, 120 MHz, 3996 MHz, 0 %, 0 %
2026/09/20 12:31:44.373, 1, 183.60 W, 37, 120 MHz, 3996 MHz, 0 %, 0 %
2026/09/20 12:31:44.373, 2, 179.46 W, 30, 120 MHz, 3996 MHz, 0 %, 0 %
2026/09/20 12:31:44.373, 3, 180.40 W, 29, 120 MHz, 3996 MHz, 0 %, 0 %
2026/09/20 12:31:44.373, 4, 183.25 W, 34, 120 MHz, 3996 MHz, 0 %, 0 %
2026/09/20 12:31:44.373, 5, 180.27 W, 32, 120 MHz, 3996 MHz, 0 %, 0 %
2026/09/20 12:31:44.373, 6, 180.17 W, 29, 120 MHz, 3996 MHz, 0 %, 0 %
2026/09/20 12:31:44.373, 7, 184.09 W, 29, 120 MHz, 3996 MHz, 0 %, 0 %
2026/09/20 12:31:45.373, 0, 181.54 W, 35, 120 MHz, 3996 MHz, 0 %, 0 %
2026/09/20 12:31:45.373, 1, 183.59 W, 36, 120 MHz, 3996 MHz, 0 %, 0 %
2026/09/20 12:31:45.373, 2, 179.47 W, 30, 120 MHz, 3996 MHz, 0 %, 0 %
2026/09/20 12:31:45.373, 3, 180.59 W, 29, 120 MHz, 3996 MHz, 0 %, 0 %
2026/09/20 12:31:45.373, 4, 183.25 W, 34, 120 MHz, 3996 MHz, 0 %, 0 %
2026/09/20 12:31:45.373, 5, 180.09 W, 32, 120 MHz, 3996 MHz, 0 %, 0 %
2026/09/20 12:31:45.373, 6, 180.17 W, 29, 120 MHz, 3996 MHz, 0 %, 0 %
2026/09/20 12:31:45.373, 7, 184.09 W, 29, 120 MHz, 3996 MHz, 0 %, 0 %
2026/09/20 12:31:46.373, 0, 181.54 W, 35, 120 MHz, 3996 MHz, 0 %, 0 %
2026/09/20 12:31:46.373, 1, 183.56 W, 36, 120 MHz, 3996 MHz, 0 %, 0 %
2026/09/20 12:31:46.373, 2, 179.46 W, 30, 120 MHz, 3996 MHz, 0 %, 0 %
2026/09/20 12:31:46.373, 3, 180.52 W, 29, 120 MHz, 3996 MHz, 0 %, 0 %
2026/09/20 12:31:46.373, 4, 183.25 W, 34, 120 MHz, 3996 MHz, 0 %, 0 %
2026/09/20 12:31:46.374, 5, 180.05 W, 32, 120 MHz, 3996 MHz, 0 %, 0 %
2026/09/20 12:31:46.374, 6, 180.17 W, 29, 120 MHz, 3996 MHz, 0 %, 0 %
2026/09/20 12:31:46.374, 7, 184.09 W, 29, 120 MHz, 3996 MHz, 0 %, 0 %
2026/09/20 12:31:47.374, 0, 181.54 W, 35, 120 MHz, 3996 MHz, 0 %, 0 %
2026/09/20 12:31:47.374, 1, 183.60 W, 36, 120 MHz, 3996 MHz, 0 %, 0 %
2026/09/20 12:31:47.374, 2, 179.47 W, 30, 120 MHz, 3996 MHz, 0 %, 0 %
2026/09/20 12:31:47.374, 3, 180.34 W, 29, 120 MHz, 3996 MHz, 0 %, 0 %
2026/09/20 12:31:47.374, 4, 183.25 W, 34, 120 MHz, 3996 MHz, 0 %, 0 %
2026/09/20 12:31:47.374, 5, 180.05 W, 32, 120 MHz, 3996 MHz, 0 %, 0 %
2026/09/20 12:31:47.374, 6, 180.21 W, 29, 120 MHz, 3996 MHz, 0 %, 0 %
2026/09/20 12:31:47.374, 7, 184.09 W, 29, 120 MHz, 3996 MHz, 0 %, 0 %
2026/09/20 12:31:48.374, 0, 181.54 W, 35, 120 MHz, 3996 MHz, 0 %, 0 %
2026/09/20 12:31:48.374, 1, 183.56 W, 36, 120 MHz, 3996 MHz, 0 %, 0 %
2026/09/20 12:31:48.374, 2, 179.47 W, 30, 120 MHz, 3996 MHz, 0 %, 0 %
2026/09/20 12:31:48.374, 3, 180.69 W, 29, 120 MHz, 3996 MHz, 0 %, 0 %
2026/09/20 12:31:48.374, 4, 183.25 W, 34, 120 MHz, 3996 MHz, 0 %, 0 %
2026/09/20 12:31:48.374, 5, 180.23 W, 32, 120 MHz, 3996 MHz, 0 %, 0 %
2026/09/20 12:31:48.374, 6, 180.21 W, 29, 120 MHz, 3996 MHz, 0 %, 0 %
2026/09/20 12:31:48.374, 7, 184.09 W, 29, 120 MHz, 3996 MHz, 0 %, 0 %
2026/09/20 12:31:49.374, 0, 181.54 W, 35, 120 MHz, 3996 MHz, 0 %, 0 %
2026/09/20 12:31:49.374, 1, 183.59 W, 36, 120 MHz, 3996 MHz, 0 %, 0 %
2026/09/20 12:31:49.374, 2, 179.46 W, 30, 120 MHz, 3996 MHz, 0 %, 0 %
2026/09/20 12:31:49.374, 3, 180.44 W, 29, 120 MHz, 3996 MHz, 0 %, 0 %
2026/09/20 12:31:49.374, 4, 183.25 W, 34, 120 MHz, 3996 MHz, 0 %, 0 %
2026/09/20 12:31:49.374, 5, 180.27 W, 32, 120 MHz, 3996 MHz, 0 %, 0 %
2026/09/20 12:31:49.374, 6, 180.21 W, 29, 120 MHz, 3996 MHz, 0 %, 0 %
2026/09/20 12:31:49.374, 7, 184.09 W, 29, 120 MHz, 3996 MHz, 0 %, 0 %
2026/09/20 12:31:50.374, 0, 181.54 W, 35, 120 MHz, 3996 MHz, 0 %, 0 %
2026/09/20 12:31:50.375, 1, 183.46 W, 36, 120 MHz, 3996 MHz, 0 %, 0 %
2026/09/20 12:31:50.375, 2, 179.46 W, 30, 120 MHz, 3996 MHz, 0 %, 0 %
2026/09/20 12:31:50.375, 3, 180.53 W, 29, 120 MHz, 3996 MHz, 0 %, 0 %
2026/09/20 12:31:50.375, 4, 183.25 W, 34, 120 MHz, 3996 MHz, 0 %, 0 %
2026/09/20 12:31:50.375, 5, 180.21 W, 32, 120 MHz, 3996 MHz, 0 %, 0 %
2026/09/20 12:31:50.375, 6, 180.17 W, 29, 120 MHz, 3996 MHz, 0 %, 0 %
2026/09/20 12:31:50.375, 7, 184.05 W, 29, 120 MHz, 3996 MHz, 0 %, 0 %
2026/09/20 12:31:51.375, 0, 181.54 W, 35, 120 MHz, 3996 MHz, 0 %, 0 %
2026/09/20 12:31:51.375, 1, 183.51 W, 36, 120 MHz, 3996 MHz, 0 %, 0 %
2026/09/20 12:31:51.375, 2, 179.47 W, 30, 120 MHz, 3996 MHz, 0 %, 0 %
2026/09/20 12:31:51.375, 3, 180.65 W, 29, 120 MHz, 3996 MHz, 0 %, 0 %
2026/09/20 12:31:51.375, 4, 183.25 W, 34, 120 MHz, 3996 MHz, 0 %, 0 %
2026/09/20 12:31:51.375, 5, 180.11 W, 32, 120 MHz, 3996 MHz, 0 %, 0 %
2026/09/20 12:31:51.375, 6, 180.21 W, 29, 120 MHz, 3996 MHz, 0 %, 0 %
2026/09/20 12:31:51.375, 7, 184.05 W, 29, 120 MHz, 3996 MHz, 0 %, 0 %
2026/09/20 12:31:52.375, 0, 212.21 W, 36, 2032 MHz, 3996 MHz, 0 %, 0 %
2026/09/20 12:31:52.375, 1, 183.37 W, 36, 120 MHz, 3996 MHz, 0 %, 0 %
2026/09/20 12:31:52.375, 2, 179.46 W, 30, 120 MHz, 3996 MHz, 0 %, 0 %
2026/09/20 12:31:52.375, 3, 180.21 W, 29, 120 MHz, 3996 MHz, 0 %, 0 %
2026/09/20 12:31:52.375, 4, 183.25 W, 34, 120 MHz, 3996 MHz, 0 %, 0 %
2026/09/20 12:31:52.375, 5, 180.23 W, 32, 120 MHz, 3996 MHz, 0 %, 0 %
2026/09/20 12:31:52.375, 6, 180.17 W, 29, 120 MHz, 3996 MHz, 0 %, 0 %
2026/09/20 12:31:52.375, 7, 184.09 W, 29, 120 MHz, 3996 MHz, 0 %, 0 %
2026/09/20 12:31:53.375, 0, 232.13 W, 36, 2032 MHz, 3996 MHz, 0 %, 0 %
2026/09/20 12:31:53.375, 1, 183.46 W, 36, 120 MHz, 3996 MHz, 0 %, 0 %
2026/09/20 12:31:53.375, 2, 179.46 W, 30, 120 MHz, 3996 MHz, 0 %, 0 %
2026/09/20 12:31:53.375, 3, 180.24 W, 29, 120 MHz, 3996 MHz, 0 %, 0 %
2026/09/20 12:31:53.375, 4, 183.25 W, 34, 120 MHz, 3996 MHz, 0 %, 0 %
2026/09/20 12:31:53.375, 5, 180.36 W, 32, 120 MHz, 3996 MHz, 0 %, 0 %
2026/09/20 12:31:53.375, 6, 180.17 W, 29, 120 MHz, 3996 MHz, 0 %, 0 %
2026/09/20 12:31:53.376, 7, 184.09 W, 29, 120 MHz, 3996 MHz, 0 %, 0 %
2026/09/20 12:31:54.376, 0, 232.13 W, 36, 2032 MHz, 3996 MHz, 0 %, 0 %
2026/09/20 12:31:54.376, 1, 183.42 W, 36, 120 MHz, 3996 MHz, 0 %, 0 %
2026/09/20 12:31:54.376, 2, 179.47 W, 30, 120 MHz, 3996 MHz, 0 %, 0 %
2026/09/20 12:31:54.376, 3, 180.00 W, 29, 120 MHz, 3996 MHz, 0 %, 0 %
2026/09/20 12:31:54.376, 4, 183.25 W, 34, 120 MHz, 3996 MHz, 0 %, 0 %
2026/09/20 12:31:54.376, 5, 180.04 W, 32, 120 MHz, 3996 MHz, 0 %, 0 %
2026/09/20 12:31:54.376, 6, 180.21 W, 29, 120 MHz, 3996 MHz, 0 %, 0 %
2026/09/20 12:31:54.376, 7, 184.09 W, 29, 120 MHz, 3996 MHz, 0 %, 0 %
2026/09/20 12:31:55.376, 0, 232.13 W, 36, 2032 MHz, 3996 MHz, 0 %, 0 %
2026/09/20 12:31:55.376, 1, 183.43 W, 36, 120 MHz, 3996 MHz, 0 %, 0 %
2026/09/20 12:31:55.376, 2, 179.47 W, 30, 120 MHz, 3996 MHz, 0 %, 0 %
2026/09/20 12:31:55.376, 3, 180.59 W, 29, 120 MHz, 3996 MHz, 0 %, 0 %
2026/09/20 12:31:55.376, 4, 183.25 W, 34, 120 MHz, 3996 MHz, 0 %, 0 %
2026/09/20 12:31:55.376, 5, 180.17 W, 32, 120 MHz, 3996 MHz, 0 %, 0 %
2026/09/20 12:31:55.376, 6, 180.17 W, 29, 120 MHz, 3996 MHz, 0 %, 0 %
2026/09/20 12:31:55.376, 7, 184.09 W, 29, 120 MHz, 3996 MHz, 0 %, 0 %
2026/09/20 12:31:56.376, 0, 232.13 W, 36, 2032 MHz, 3996 MHz, 0 %, 0 %
2026/09/20 12:31:56.376, 1, 183.38 W, 36, 120 MHz, 3996 MHz, 0 %, 0 %
2026/09/20 12:31:56.376, 2, 179.47 W, 30, 120 MHz, 3996 MHz, 0 %, 0 %
2026/09/20 12:31:56.376, 3, 180.23 W, 29, 120 MHz, 3996 MHz, 0 %, 0 %
2026/09/20 12:31:56.376, 4, 183.25 W, 34, 120 MHz, 3996 MHz, 0 %, 0 %
2026/09/20 12:31:56.376, 5, 180.19 W, 32, 120 MHz, 3996 MHz, 0 %, 0 %
2026/09/20 12:31:56.376, 6, 180.17 W, 29, 120 MHz, 3996 MHz, 0 %, 0 %
2026/09/20 12:31:56.376, 7, 184.05 W, 29, 120 MHz, 3996 MHz, 0 %, 0 %
2026/09/20 12:31:57.376, 0, 232.13 W, 36, 2032 MHz, 3996 MHz, 0 %, 0 %
2026/09/20 12:31:57.376, 1, 183.28 W, 36, 120 MHz, 3996 MHz, 0 %, 0 %
2026/09/20 12:31:57.376, 2, 179.47 W, 30, 120 MHz, 3996 MHz, 0 %, 0 %
2026/09/20 12:31:57.376, 3, 180.11 W, 29, 120 MHz, 3996 MHz, 0 %, 0 %
2026/09/20 12:31:57.376, 4, 183.25 W, 34, 120 MHz, 3996 MHz, 0 %, 0 %
2026/09/20 12:31:57.376, 5, 179.96 W, 32, 120 MHz, 3996 MHz, 0 %, 0 %
2026/09/20 12:31:57.377, 6, 180.17 W, 29, 120 MHz, 3996 MHz, 0 %, 0 %
2026/09/20 12:31:57.377, 7, 184.09 W, 29, 120 MHz, 3996 MHz, 0 %, 0 %
2026/09/20 12:31:58.377, 0, 232.13 W, 36, 2032 MHz, 3996 MHz, 0 %, 0 %
2026/09/20 12:31:58.377, 1, 183.29 W, 36, 120 MHz, 3996 MHz, 0 %, 0 %
2026/09/20 12:31:58.377, 2, 179.47 W, 30, 120 MHz, 3996 MHz, 0 %, 0 %
2026/09/20 12:31:58.377, 3, 180.20 W, 29, 120 MHz, 3996 MHz, 0 %, 0 %
2026/09/20 12:31:58.377, 4, 183.25 W, 34, 120 MHz, 3996 MHz, 0 %, 0 %
2026/09/20 12:31:58.377, 5, 180.12 W, 32, 120 MHz, 3996 MHz, 0 %, 0 %
2026/09/20 12:31:58.377, 6, 180.25 W, 29, 120 MHz, 3996 MHz, 0 %, 0 %
2026/09/20 12:31:58.377, 7, 184.09 W, 29, 120 MHz, 3996 MHz, 0 %, 0 %
2026/09/20 12:31:59.377, 0, 232.13 W, 36, 2032 MHz, 3996 MHz, 0 %, 0 %
2026/09/20 12:31:59.377, 1, 183.28 W, 36, 120 MHz, 3996 MHz, 0 %, 0 %
2026/09/20 12:31:59.377, 2, 179.46 W, 30, 120 MHz, 3996 MHz, 0 %, 0 %
2026/09/20 12:31:59.377, 3, 179.92 W, 29, 120 MHz, 3996 MHz, 0 %, 0 %
2026/09/20 12:31:59.377, 4, 183.25 W, 34, 120 MHz, 3996 MHz, 0 %, 0 %
2026/09/20 12:31:59.377, 5, 180.08 W, 32, 120 MHz, 3996 MHz, 0 %, 0 %
2026/09/20 12:31:59.377, 6, 180.17 W, 29, 120 MHz, 3996 MHz, 0 %, 0 %
2026/09/20 12:31:59.377, 7, 184.09 W, 29, 120 MHz, 3996 MHz, 0 %, 0 %
2026/09/20 12:32:00.377, 0, 232.13 W, 36, 2032 MHz, 3996 MHz, 0 %, 0 %
2026/09/20 12:32:00.377, 1, 183.15 W, 36, 120 MHz, 3996 MHz, 0 %, 0 %
2026/09/20 12:32:00.377, 2, 179.41 W, 29, 120 MHz, 3996 MHz, 0 %, 0 %
2026/09/20 12:32:00.377, 3, 205.65 W, 30, 2032 MHz, 3996 MHz, 0 %, 0 %
2026/09/20 12:32:00.377, 4, 183.25 W, 34, 120 MHz, 3996 MHz, 0 %, 0 %
2026/09/20 12:32:00.377, 5, 180.01 W, 32, 120 MHz, 3996 MHz, 0 %, 0 %
2026/09/20 12:32:00.379, 6, 180.25 W, 29, 120 MHz, 3996 MHz, 0 %, 0 %
2026/09/20 12:32:00.379, 7, 184.09 W, 29, 120 MHz, 3996 MHz, 0 %, 0 %
2026/09/20 12:32:01.379, 0, 232.21 W, 36, 2032 MHz, 3996 MHz, 0 %, 0 %
2026/09/20 12:32:01.379, 1, 183.01 W, 36, 120 MHz, 3996 MHz, 0 %, 0 %
2026/09/20 12:32:01.379, 2, 179.35 W, 30, 120 MHz, 3996 MHz, 0 %, 0 %
2026/09/20 12:32:01.379, 3, 230.00 W, 30, 2032 MHz, 3996 MHz, 0 %, 0 %
2026/09/20 12:32:01.379, 4, 183.25 W, 34, 120 MHz, 3996 MHz, 0 %, 0 %
2026/09/20 12:32:01.379, 5, 180.19 W, 32, 120 MHz, 3996 MHz, 0 %, 0 %
2026/09/20 12:32:01.379, 6, 180.17 W, 29, 120 MHz, 3996 MHz, 0 %, 0 %
2026/09/20 12:32:01.379, 7, 184.09 W, 29, 120 MHz, 3996 MHz, 0 %, 0 %
2026/09/20 12:32:02.379, 0, 232.12 W, 36, 2032 MHz, 3996 MHz, 0 %, 0 %
2026/09/20 12:32:02.379, 1, 183.15 W, 36, 120 MHz, 3996 MHz, 0 %, 0 %
2026/09/20 12:32:02.379, 2, 179.35 W, 29, 120 MHz, 3996 MHz, 0 %, 0 %
2026/09/20 12:32:02.379, 3, 230.23 W, 30, 2032 MHz, 3996 MHz, 0 %, 0 %
2026/09/20 12:32:02.379, 4, 183.25 W, 34, 120 MHz, 3996 MHz, 0 %, 0 %
2026/09/20 12:32:02.379, 5, 180.24 W, 32, 120 MHz, 3996 MHz, 0 %, 0 %
2026/09/20 12:32:02.379, 6, 180.17 W, 29, 120 MHz, 3996 MHz, 0 %, 0 %
2026/09/20 12:32:02.379, 7, 184.09 W, 29, 120 MHz, 3996 MHz, 0 %, 0 %
2026/09/20 12:32:03.379, 0, 232.12 W, 36, 2032 MHz, 3996 MHz, 0 %, 0 %
2026/09/20 12:32:03.379, 1, 183.03 W, 36, 120 MHz, 3996 MHz, 0 %, 0 %
2026/09/20 12:32:03.379, 2, 194.53 W, 30, 2032 MHz, 3996 MHz, 0 %, 0 %
2026/09/20 12:32:03.379, 3, 230.57 W, 30, 2032 MHz, 3996 MHz, 0 %, 0 %
2026/09/20 12:32:03.379, 4, 183.25 W, 34, 120 MHz, 3996 MHz, 0 %, 0 %
2026/09/20 12:32:03.379, 5, 180.15 W, 32, 120 MHz, 3996 MHz, 0 %, 0 %
2026/09/20 12:32:03.380, 6, 180.21 W, 29, 120 MHz, 3996 MHz, 0 %, 0 %
2026/09/20 12:32:03.380, 7, 184.09 W, 29, 120 MHz, 3996 MHz, 0 %, 0 %
2026/09/20 12:32:04.380, 0, 232.13 W, 36, 2032 MHz, 3996 MHz, 0 %, 0 %
2026/09/20 12:32:04.380, 1, 183.16 W, 36, 120 MHz, 3996 MHz, 0 %, 0 %
2026/09/20 12:32:04.380, 2, 225.95 W, 30, 2032 MHz, 3996 MHz, 0 %, 0 %
2026/09/20 12:32:04.380, 3, 230.32 W, 30, 2032 MHz, 3996 MHz, 0 %, 0 %
2026/09/20 12:32:04.380, 4, 183.25 W, 34, 120 MHz, 3996 MHz, 0 %, 0 %
2026/09/20 12:32:04.380, 5, 180.09 W, 32, 120 MHz, 3996 MHz, 0 %, 0 %
2026/09/20 12:32:04.380, 6, 180.17 W, 29, 120 MHz, 3996 MHz, 0 %, 0 %
2026/09/20 12:32:04.380, 7, 184.09 W, 29, 120 MHz, 3996 MHz, 0 %, 0 %
2026/09/20 12:32:05.380, 0, 232.10 W, 36, 2032 MHz, 3996 MHz, 0 %, 0 %
2026/09/20 12:32:05.380, 1, 183.17 W, 36, 120 MHz, 3996 MHz, 0 %, 0 %
2026/09/20 12:32:05.380, 2, 225.98 W, 31, 2032 MHz, 3996 MHz, 0 %, 0 %
2026/09/20 12:32:05.380, 3, 230.35 W, 30, 2032 MHz, 3996 MHz, 0 %, 0 %
2026/09/20 12:32:05.380, 4, 183.25 W, 34, 120 MHz, 3996 MHz, 0 %, 0 %
2026/09/20 12:32:05.380, 5, 180.27 W, 32, 120 MHz, 3996 MHz, 0 %, 0 %
2026/09/20 12:32:05.380, 6, 180.17 W, 29, 120 MHz, 3996 MHz, 0 %, 0 %
2026/09/20 12:32:05.380, 7, 184.09 W, 29, 120 MHz, 3996 MHz, 0 %, 0 %
2026/09/20 12:32:06.380, 0, 232.11 W, 36, 2032 MHz, 3996 MHz, 0 %, 0 %
2026/09/20 12:32:06.380, 1, 192.91 W, 36, 2032 MHz, 3996 MHz, 0 %, 0 %
2026/09/20 12:32:06.380, 2, 225.98 W, 31, 2032 MHz, 3996 MHz, 0 %, 0 %
2026/09/20 12:32:06.380, 3, 230.64 W, 30, 2032 MHz, 3996 MHz, 0 %, 0 %
2026/09/20 12:32:06.380, 4, 183.25 W, 34, 120 MHz, 3996 MHz, 0 %, 0 %
2026/09/20 12:32:06.380, 5, 179.96 W, 32, 120 MHz, 3996 MHz, 0 %, 0 %
2026/09/20 12:32:06.380, 6, 180.17 W, 29, 120 MHz, 3996 MHz, 0 %, 0 %
2026/09/20 12:32:06.380, 7, 184.05 W, 29, 120 MHz, 3996 MHz, 0 %, 0 %
2026/09/20 12:32:07.381, 0, 232.09 W, 36, 2032 MHz, 3996 MHz, 0 %, 0 %
2026/09/20 12:32:07.381, 1, 234.54 W, 37, 2032 MHz, 3996 MHz, 0 %, 0 %
2026/09/20 12:32:07.381, 2, 225.99 W, 31, 2032 MHz, 3996 MHz, 0 %, 0 %
2026/09/20 12:32:07.381, 3, 230.35 W, 30, 2032 MHz, 3996 MHz, 0 %, 0 %
2026/09/20 12:32:07.381, 4, 183.25 W, 34, 120 MHz, 3996 MHz, 0 %, 0 %
2026/09/20 12:32:07.381, 5, 180.17 W, 32, 120 MHz, 3996 MHz, 0 %, 0 %
2026/09/20 12:32:07.381, 6, 180.17 W, 29, 120 MHz, 3996 MHz, 0 %, 0 %
2026/09/20 12:32:07.381, 7, 184.09 W, 29, 120 MHz, 3996 MHz, 0 %, 0 %
2026/09/20 12:32:08.381, 0, 232.11 W, 36, 2032 MHz, 3996 MHz, 0 %, 0 %
2026/09/20 12:32:08.381, 1, 234.32 W, 37, 2032 MHz, 3996 MHz, 0 %, 0 %
2026/09/20 12:32:08.381, 2, 226.10 W, 31, 2032 MHz, 3996 MHz, 0 %, 0 %
2026/09/20 12:32:08.381, 3, 230.08 W, 30, 2032 MHz, 3996 MHz, 0 %, 0 %
2026/09/20 12:32:08.381, 4, 183.25 W, 34, 120 MHz, 3996 MHz, 0 %, 0 %
2026/09/20 12:32:08.381, 5, 180.12 W, 32, 120 MHz, 3996 MHz, 0 %, 0 %
2026/09/20 12:32:08.381, 6, 180.17 W, 29, 120 MHz, 3996 MHz, 0 %, 0 %
2026/09/20 12:32:08.381, 7, 184.09 W, 29, 120 MHz, 3996 MHz, 0 %, 0 %
2026/09/20 12:32:09.381, 0, 231.98 W, 36, 2032 MHz, 3996 MHz, 0 %, 0 %
2026/09/20 12:32:09.381, 1, 233.97 W, 37, 2032 MHz, 3996 MHz, 0 %, 0 %
2026/09/20 12:32:09.381, 2, 225.98 W, 31, 2032 MHz, 3996 MHz, 0 %, 0 %
2026/09/20 12:32:09.381, 3, 229.60 W, 30, 2032 MHz, 3996 MHz, 0 %, 0 %
2026/09/20 12:32:09.381, 4, 183.25 W, 34, 120 MHz, 3996 MHz, 0 %, 0 %
2026/09/20 12:32:09.381, 5, 180.24 W, 32, 120 MHz, 3996 MHz, 0 %, 0 %
2026/09/20 12:32:09.381, 6, 180.17 W, 29, 120 MHz, 3996 MHz, 0 %, 0 %
2026/09/20 12:32:09.381, 7, 184.09 W, 29, 120 MHz, 3996 MHz, 0 %, 0 %
2026/09/20 12:32:10.382, 0, 231.98 W, 36, 2032 MHz, 3996 MHz, 0 %, 0 %
2026/09/20 12:32:10.382, 1, 233.93 W, 37, 2032 MHz, 3996 MHz, 0 %, 0 %
2026/09/20 12:32:10.382, 2, 225.98 W, 31, 2032 MHz, 3996 MHz, 0 %, 0 %
2026/09/20 12:32:10.382, 3, 229.72 W, 30, 2032 MHz, 3996 MHz, 0 %, 0 %
2026/09/20 12:32:10.382, 4, 183.25 W, 34, 120 MHz, 3996 MHz, 0 %, 0 %
2026/09/20 12:32:10.382, 5, 180.00 W, 32, 120 MHz, 3996 MHz, 0 %, 0 %
2026/09/20 12:32:10.382, 6, 180.17 W, 29, 120 MHz, 3996 MHz, 0 %, 0 %
2026/09/20 12:32:10.382, 7, 184.09 W, 29, 120 MHz, 3996 MHz, 0 %, 0 %
2026/09/20 12:32:11.382, 0, 231.98 W, 36, 2032 MHz, 3996 MHz, 0 %, 0 %
2026/09/20 12:32:11.382, 1, 233.93 W, 37, 2032 MHz, 3996 MHz, 0 %, 0 %
2026/09/20 12:32:11.382, 2, 225.99 W, 31, 2032 MHz, 3996 MHz, 0 %, 0 %
2026/09/20 12:32:11.382, 3, 229.74 W, 30, 2032 MHz, 3996 MHz, 0 %, 0 %
2026/09/20 12:32:11.382, 4, 183.25 W, 34, 120 MHz, 3996 MHz, 0 %, 0 %
2026/09/20 12:32:11.382, 5, 180.25 W, 32, 120 MHz, 3996 MHz, 0 %, 0 %
2026/09/20 12:32:11.382, 6, 180.17 W, 29, 120 MHz, 3996 MHz, 0 %, 0 %
2026/09/20 12:32:11.382, 7, 184.09 W, 29, 120 MHz, 3996 MHz, 0 %, 0 %
2026/09/20 12:32:12.382, 0, 231.98 W, 36, 2032 MHz, 3996 MHz, 0 %, 0 %
2026/09/20 12:32:12.382, 1, 234.01 W, 37, 2032 MHz, 3996 MHz, 0 %, 0 %
2026/09/20 12:32:12.382, 2, 226.21 W, 31, 2032 MHz, 3996 MHz, 1 %, 0 %
2026/09/20 12:32:12.382, 3, 229.71 W, 30, 2032 MHz, 3996 MHz, 0 %, 0 %
2026/09/20 12:32:12.382, 4, 183.25 W, 34, 120 MHz, 3996 MHz, 0 %, 0 %
2026/09/20 12:32:12.382, 5, 180.08 W, 32, 120 MHz, 3996 MHz, 0 %, 0 %
2026/09/20 12:32:12.382, 6, 180.17 W, 29, 120 MHz, 3996 MHz, 0 %, 0 %
2026/09/20 12:32:12.382, 7, 184.09 W, 29, 120 MHz, 3996 MHz, 0 %, 0 %
2026/09/20 12:32:13.382, 0, 231.98 W, 36, 2032 MHz, 3996 MHz, 0 %, 0 %
2026/09/20 12:32:13.382, 1, 234.48 W, 37, 2032 MHz, 3996 MHz, 16 %, 0 %
2026/09/20 12:32:13.382, 2, 225.98 W, 31, 2032 MHz, 3996 MHz, 0 %, 0 %
2026/09/20 12:32:13.382, 3, 229.72 W, 30, 2032 MHz, 3996 MHz, 0 %, 0 %
2026/09/20 12:32:13.382, 4, 183.25 W, 34, 120 MHz, 3996 MHz, 0 %, 0 %
2026/09/20 12:32:13.382, 5, 180.23 W, 32, 120 MHz, 3996 MHz, 0 %, 0 %
2026/09/20 12:32:13.383, 6, 180.17 W, 29, 120 MHz, 3996 MHz, 0 %, 0 %
2026/09/20 12:32:13.383, 7, 184.09 W, 29, 120 MHz, 3996 MHz, 0 %, 0 %
2026/09/20 12:32:14.383, 0, 231.97 W, 36, 2032 MHz, 3996 MHz, 0 %, 0 %
2026/09/20 12:32:14.383, 1, 234.93 W, 37, 2032 MHz, 3996 MHz, 0 %, 0 %
2026/09/20 12:32:14.383, 2, 225.99 W, 31, 2032 MHz, 3996 MHz, 0 %, 0 %
2026/09/20 12:32:14.383, 3, 229.80 W, 31, 2032 MHz, 3996 MHz, 3 %, 0 %
2026/09/20 12:32:14.383, 4, 183.25 W, 34, 120 MHz, 3996 MHz, 0 %, 0 %
2026/09/20 12:32:14.383, 5, 180.17 W, 32, 120 MHz, 3996 MHz, 0 %, 0 %
2026/09/20 12:32:14.383, 6, 180.17 W, 29, 120 MHz, 3996 MHz, 0 %, 0 %
2026/09/20 12:32:14.383, 7, 184.09 W, 29, 120 MHz, 3996 MHz, 0 %, 0 %
2026/09/20 12:32:15.383, 0, 232.31 W, 36, 2032 MHz, 3996 MHz, 0 %, 0 %
2026/09/20 12:32:15.383, 1, 234.20 W, 37, 2032 MHz, 3996 MHz, 0 %, 0 %
2026/09/20 12:32:15.383, 2, 227.66 W, 31, 2032 MHz, 3996 MHz, 12 %, 0 %
2026/09/20 12:32:15.383, 3, 230.10 W, 31, 2032 MHz, 3996 MHz, 0 %, 0 %
2026/09/20 12:32:15.383, 4, 183.25 W, 34, 120 MHz, 3996 MHz, 0 %, 0 %
2026/09/20 12:32:15.383, 5, 179.97 W, 32, 120 MHz, 3996 MHz, 0 %, 0 %
2026/09/20 12:32:15.383, 6, 180.21 W, 29, 120 MHz, 3996 MHz, 0 %, 0 %
2026/09/20 12:32:15.383, 7, 184.09 W, 29, 120 MHz, 3996 MHz, 0 %, 0 %
2026/09/20 12:32:16.383, 0, 231.96 W, 36, 2032 MHz, 3996 MHz, 0 %, 0 %
2026/09/20 12:32:16.383, 1, 233.97 W, 37, 2032 MHz, 3996 MHz, 0 %, 0 %
2026/09/20 12:32:16.383, 2, 226.14 W, 31, 2032 MHz, 3996 MHz, 0 %, 0 %
2026/09/20 12:32:16.383, 3, 229.84 W, 31, 2032 MHz, 3996 MHz, 0 %, 0 %
2026/09/20 12:32:16.383, 4, 183.25 W, 34, 120 MHz, 3996 MHz, 0 %, 0 %
2026/09/20 12:32:16.383, 5, 180.01 W, 32, 120 MHz, 3996 MHz, 0 %, 0 %
2026/09/20 12:32:16.383, 6, 180.17 W, 29, 120 MHz, 3996 MHz, 0 %, 0 %
2026/09/20 12:32:16.383, 7, 184.09 W, 29, 120 MHz, 3996 MHz, 0 %, 0 %
2026/09/20 12:32:17.384, 0, 231.97 W, 36, 2032 MHz, 3996 MHz, 0 %, 0 %
2026/09/20 12:32:17.384, 1, 233.93 W, 37, 2032 MHz, 3996 MHz, 0 %, 0 %
2026/09/20 12:32:17.384, 2, 226.33 W, 31, 2032 MHz, 3996 MHz, 5 %, 0 %
2026/09/20 12:32:17.384, 3, 229.73 W, 31, 2032 MHz, 3996 MHz, 0 %, 0 %
2026/09/20 12:32:17.384, 4, 183.25 W, 34, 120 MHz, 3996 MHz, 0 %, 0 %
2026/09/20 12:32:17.384, 5, 180.05 W, 32, 120 MHz, 3996 MHz, 0 %, 0 %
2026/09/20 12:32:17.384, 6, 180.17 W, 29, 120 MHz, 3996 MHz, 0 %, 0 %
2026/09/20 12:32:17.384, 7, 184.09 W, 29, 120 MHz, 3996 MHz, 0 %, 0 %
2026/09/20 12:32:18.384, 0, 232.01 W, 36, 2032 MHz, 3996 MHz, 0 %, 0 %
2026/09/20 12:32:18.384, 1, 234.93 W, 37, 2032 MHz, 3996 MHz, 11 %, 0 %
2026/09/20 12:32:18.384, 2, 226.06 W, 31, 2032 MHz, 3996 MHz, 0 %, 0 %
2026/09/20 12:32:18.384, 3, 230.33 W, 31, 2032 MHz, 3996 MHz, 12 %, 0 %
2026/09/20 12:32:18.384, 4, 183.25 W, 34, 120 MHz, 3996 MHz, 0 %, 0 %
2026/09/20 12:32:18.384, 5, 179.96 W, 32, 120 MHz, 3996 MHz, 0 %, 0 %
2026/09/20 12:32:18.384, 6, 180.21 W, 29, 120 MHz, 3996 MHz, 0 %, 0 %
2026/09/20 12:32:18.384, 7, 184.09 W, 29, 120 MHz, 3996 MHz, 0 %, 0 %
2026/09/20 12:32:19.384, 0, 233.53 W, 36, 2032 MHz, 3996 MHz, 11 %, 0 %
2026/09/20 12:32:19.384, 1, 234.99 W, 37, 2032 MHz, 3996 MHz, 7 %, 0 %
2026/09/20 12:32:19.384, 2, 226.17 W, 31, 2032 MHz, 3996 MHz, 2 %, 0 %
2026/09/20 12:32:19.384, 3, 230.96 W, 31, 2032 MHz, 3996 MHz, 8 %, 0 %
2026/09/20 12:32:19.384, 4, 183.25 W, 34, 120 MHz, 3996 MHz, 0 %, 0 %
2026/09/20 12:32:19.384, 5, 180.04 W, 32, 120 MHz, 3996 MHz, 0 %, 0 %
2026/09/20 12:32:19.384, 6, 180.17 W, 29, 120 MHz, 3996 MHz, 0 %, 0 %
2026/09/20 12:32:19.384, 7, 184.09 W, 29, 120 MHz, 3996 MHz, 0 %, 0 %
2026/09/20 12:32:20.384, 0, 232.37 W, 36, 2032 MHz, 3996 MHz, 10 %, 0 %
2026/09/20 12:32:20.384, 1, 235.15 W, 37, 2032 MHz, 3996 MHz, 1 %, 0 %
2026/09/20 12:32:20.384, 2, 226.76 W, 31, 2032 MHz, 3996 MHz, 11 %, 0 %
2026/09/20 12:32:20.384, 3, 229.76 W, 31, 2032 MHz, 3996 MHz, 0 %, 0 %
2026/09/20 12:32:20.384, 4, 183.25 W, 34, 120 MHz, 3996 MHz, 0 %, 0 %
2026/09/20 12:32:20.384, 5, 180.31 W, 32, 120 MHz, 3996 MHz, 0 %, 0 %
2026/09/20 12:32:20.385, 6, 180.21 W, 29, 120 MHz, 3996 MHz, 0 %, 0 %
2026/09/20 12:32:20.385, 7, 184.09 W, 29, 120 MHz, 3996 MHz, 0 %, 0 %
2026/09/20 12:32:21.385, 0, 232.40 W, 36, 2032 MHz, 3996 MHz, 0 %, 0 %
2026/09/20 12:32:21.385, 1, 234.20 W, 37, 2032 MHz, 3996 MHz, 5 %, 0 %
2026/09/20 12:32:21.385, 2, 226.38 W, 31, 2032 MHz, 3996 MHz, 7 %, 0 %
2026/09/20 12:32:21.385, 3, 230.27 W, 31, 2032 MHz, 3996 MHz, 1 %, 0 %
2026/09/20 12:32:21.385, 4, 183.25 W, 34, 120 MHz, 3996 MHz, 0 %, 0 %
2026/09/20 12:32:21.385, 5, 180.04 W, 32, 120 MHz, 3996 MHz, 0 %, 0 %
2026/09/20 12:32:21.385, 6, 180.17 W, 29, 120 MHz, 3996 MHz, 0 %, 0 %
2026/09/20 12:32:21.385, 7, 184.09 W, 29, 120 MHz, 3996 MHz, 0 %, 0 %
2026/09/20 12:32:22.385, 0, 232.11 W, 36, 2032 MHz, 3996 MHz, 0 %, 0 %
2026/09/20 12:32:22.385, 1, 235.19 W, 37, 2032 MHz, 3996 MHz, 1 %, 0 %
2026/09/20 12:32:22.385, 2, 227.06 W, 31, 2032 MHz, 3996 MHz, 1 %, 0 %
2026/09/20 12:32:22.385, 3, 229.93 W, 31, 2032 MHz, 3996 MHz, 0 %, 0 %
2026/09/20 12:32:22.385, 4, 183.25 W, 34, 120 MHz, 3996 MHz, 0 %, 0 %
2026/09/20 12:32:22.385, 5, 180.00 W, 32, 120 MHz, 3996 MHz, 0 %, 0 %
2026/09/20 12:32:22.385, 6, 180.17 W, 29, 120 MHz, 3996 MHz, 0 %, 0 %
2026/09/20 12:32:22.385, 7, 184.09 W, 29, 120 MHz, 3996 MHz, 0 %, 0 %
2026/09/20 12:32:23.385, 0, 232.50 W, 36, 2032 MHz, 3996 MHz, 0 %, 0 %
2026/09/20 12:32:23.385, 1, 234.09 W, 37, 2032 MHz, 3996 MHz, 5 %, 0 %
2026/09/20 12:32:23.385, 2, 227.39 W, 31, 2032 MHz, 3996 MHz, 10 %, 0 %
2026/09/20 12:32:23.385, 3, 230.02 W, 31, 2032 MHz, 3996 MHz, 4 %, 0 %
2026/09/20 12:32:23.385, 4, 183.25 W, 34, 120 MHz, 3996 MHz, 0 %, 0 %
2026/09/20 12:32:23.385, 5, 179.89 W, 32, 120 MHz, 3996 MHz, 0 %, 0 %
2026/09/20 12:32:23.385, 6, 180.21 W, 29, 120 MHz, 3996 MHz, 0 %, 0 %
2026/09/20 12:32:23.385, 7, 184.09 W, 29, 120 MHz, 3996 MHz, 0 %, 0 %
2026/09/20 12:32:24.386, 0, 232.60 W, 36, 2032 MHz, 3996 MHz, 2 %, 0 %
2026/09/20 12:32:24.386, 1, 235.42 W, 37, 2032 MHz, 3996 MHz, 6 %, 0 %
2026/09/20 12:32:24.386, 2, 226.56 W, 31, 2032 MHz, 3996 MHz, 3 %, 0 %
2026/09/20 12:32:24.386, 3, 231.15 W, 31, 2032 MHz, 3996 MHz, 0 %, 0 %
2026/09/20 12:32:24.386, 4, 183.25 W, 34, 120 MHz, 3996 MHz, 0 %, 0 %
2026/09/20 12:32:24.386, 5, 180.32 W, 32, 120 MHz, 3996 MHz, 0 %, 0 %
2026/09/20 12:32:24.386, 6, 180.17 W, 29, 120 MHz, 3996 MHz, 0 %, 0 %
2026/09/20 12:32:24.386, 7, 184.09 W, 29, 120 MHz, 3996 MHz, 0 %, 0 %
2026/09/20 12:32:25.386, 0, 233.16 W, 36, 2032 MHz, 3996 MHz, 9 %, 0 %
2026/09/20 12:32:25.386, 1, 235.88 W, 37, 2032 MHz, 3996 MHz, 2 %, 0 %
2026/09/20 12:32:25.386, 2, 226.79 W, 31, 2032 MHz, 3996 MHz, 4 %, 0 %
2026/09/20 12:32:25.386, 3, 230.83 W, 31, 2032 MHz, 3996 MHz, 12 %, 0 %
2026/09/20 12:32:25.386, 4, 183.25 W, 34, 120 MHz, 3996 MHz, 0 %, 0 %
2026/09/20 12:32:25.386, 5, 180.15 W, 32, 120 MHz, 3996 MHz, 0 %, 0 %
2026/09/20 12:32:25.386, 6, 180.21 W, 29, 120 MHz, 3996 MHz, 0 %, 0 %
2026/09/20 12:32:25.386, 7, 184.09 W, 29, 120 MHz, 3996 MHz, 0 %, 0 %
2026/09/20 12:32:26.386, 0, 232.73 W, 36, 2032 MHz, 3996 MHz, 2 %, 0 %
2026/09/20 12:32:26.386, 1, 235.77 W, 37, 2032 MHz, 3996 MHz, 2 %, 0 %
2026/09/20 12:32:26.386, 2, 226.10 W, 31, 2032 MHz, 3996 MHz, 0 %, 0 %
2026/09/20 12:32:26.386, 3, 231.06 W, 31, 2032 MHz, 3996 MHz, 1 %, 0 %
2026/09/20 12:32:26.386, 4, 183.25 W, 34, 120 MHz, 3996 MHz, 0 %, 0 %
2026/09/20 12:32:26.386, 5, 180.17 W, 32, 120 MHz, 3996 MHz, 0 %, 0 %
2026/09/20 12:32:26.386, 6, 180.17 W, 29, 120 MHz, 3996 MHz, 0 %, 0 %
2026/09/20 12:32:26.386, 7, 184.09 W, 29, 120 MHz, 3996 MHz, 0 %, 0 %
2026/09/20 12:32:27.386, 0, 233.08 W, 36, 2032 MHz, 3996 MHz, 11 %, 0 %
2026/09/20 12:32:27.386, 1, 235.61 W, 37, 2032 MHz, 3996 MHz, 11 %, 0 %
2026/09/20 12:32:27.386, 2, 226.24 W, 31, 2032 MHz, 3996 MHz, 0 %, 0 %
2026/09/20 12:32:27.387, 3, 231.47 W, 31, 2032 MHz, 3996 MHz, 5 %, 0 %
2026/09/20 12:32:27.387, 4, 183.25 W, 34, 120 MHz, 3996 MHz, 0 %, 0 %
2026/09/20 12:32:27.387, 5, 180.58 W, 32, 120 MHz, 3996 MHz, 0 %, 0 %
2026/09/20 12:32:27.387, 6, 180.17 W, 29, 120 MHz, 3996 MHz, 0 %, 0 %
2026/09/20 12:32:27.387, 7, 184.09 W, 29, 120 MHz, 3996 MHz, 0 %, 0 %
2026/09/20 12:32:28.387, 0, 232.60 W, 36, 2032 MHz, 3996 MHz, 0 %, 0 %
2026/09/20 12:32:28.387, 1, 235.73 W, 37, 2032 MHz, 3996 MHz, 0 %, 0 %
2026/09/20 12:32:28.387, 2, 226.96 W, 31, 2032 MHz, 3996 MHz, 11 %, 0 %
2026/09/20 12:32:28.387, 3, 231.26 W, 31, 2032 MHz, 3996 MHz, 9 %, 0 %
2026/09/20 12:32:28.387, 4, 183.25 W, 34, 120 MHz, 3996 MHz, 0 %, 0 %
2026/09/20 12:32:28.387, 5, 180.54 W, 32, 120 MHz, 3996 MHz, 0 %, 0 %
2026/09/20 12:32:28.387, 6, 180.17 W, 29, 120 MHz, 3996 MHz, 0 %, 0 %
2026/09/20 12:32:28.387, 7, 184.09 W, 29, 120 MHz, 3996 MHz, 0 %, 0 %
2026/09/20 12:32:29.387, 0, 231.99 W, 36, 2032 MHz, 3996 MHz, 1 %, 0 %
2026/09/20 12:32:29.387, 1, 234.09 W, 37, 2032 MHz, 3996 MHz, 0 %, 0 %
2026/09/20 12:32:29.387, 2, 227.04 W, 31, 2032 MHz, 3996 MHz, 2 %, 0 %
2026/09/20 12:32:29.387, 3, 230.42 W, 31, 2032 MHz, 3996 MHz, 0 %, 0 %
2026/09/20 12:32:29.387, 4, 183.25 W, 34, 120 MHz, 3996 MHz, 0 %, 0 %
2026/09/20 12:32:29.387, 5, 180.60 W, 32, 120 MHz, 3996 MHz, 0 %, 0 %
2026/09/20 12:32:29.387, 6, 180.25 W, 29, 120 MHz, 3996 MHz, 0 %, 0 %
2026/09/20 12:32:29.387, 7, 184.09 W, 29, 120 MHz, 3996 MHz, 0 %, 0 %
2026/09/20 12:32:30.387, 0, 232.38 W, 36, 2032 MHz, 3996 MHz, 12 %, 0 %
2026/09/20 12:32:30.387, 1, 234.81 W, 37, 2032 MHz, 3996 MHz, 0 %, 0 %
2026/09/20 12:32:30.387, 2, 227.13 W, 31, 2032 MHz, 3996 MHz, 5 %, 0 %
2026/09/20 12:32:30.387, 3, 230.13 W, 31, 2032 MHz, 3996 MHz, 2 %, 0 %
2026/09/20 12:32:30.387, 4, 183.25 W, 34, 120 MHz, 3996 MHz, 0 %, 0 %
2026/09/20 12:32:30.387, 5, 180.28 W, 32, 120 MHz, 3996 MHz, 0 %, 0 %
2026/09/20 12:32:30.387, 6, 180.17 W, 29, 120 MHz, 3996 MHz, 0 %, 0 %
2026/09/20 12:32:30.387, 7, 184.09 W, 29, 120 MHz, 3996 MHz, 0 %, 0 %
2026/09/20 12:32:31.388, 0, 232.95 W, 36, 2032 MHz, 3996 MHz, 11 %, 0 %
2026/09/20 12:32:31.388, 1, 235.06 W, 37, 2032 MHz, 3996 MHz, 1 %, 0 %
2026/09/20 12:32:31.388, 2, 227.13 W, 31, 2032 MHz, 3996 MHz, 3 %, 0 %
2026/09/20 12:32:31.388, 3, 230.64 W, 31, 2032 MHz, 3996 MHz, 9 %, 0 %
2026/09/20 12:32:31.388, 4, 183.25 W, 34, 120 MHz, 3996 MHz, 0 %, 0 %
2026/09/20 12:32:31.388, 5, 180.34 W, 32, 120 MHz, 3996 MHz, 0 %, 0 %
2026/09/20 12:32:31.388, 6, 180.17 W, 29, 120 MHz, 3996 MHz, 0 %, 0 %
2026/09/20 12:32:31.388, 7, 184.09 W, 29, 120 MHz, 3996 MHz, 0 %, 0 %
2026/09/20 12:32:32.388, 0, 233.37 W, 36, 2032 MHz, 3996 MHz, 12 %, 0 %
2026/09/20 12:32:32.388, 1, 234.09 W, 37, 2032 MHz, 3996 MHz, 0 %, 0 %
2026/09/20 12:32:32.388, 2, 225.99 W, 31, 2032 MHz, 3996 MHz, 3 %, 0 %
2026/09/20 12:32:32.388, 3, 231.21 W, 31, 2032 MHz, 3996 MHz, 9 %, 0 %
2026/09/20 12:32:32.388, 4, 183.25 W, 34, 120 MHz, 3996 MHz, 0 %, 0 %
2026/09/20 12:32:32.388, 5, 180.69 W, 32, 120 MHz, 3996 MHz, 0 %, 0 %
2026/09/20 12:32:32.388, 6, 180.21 W, 29, 120 MHz, 3996 MHz, 0 %, 0 %
2026/09/20 12:32:32.388, 7, 184.09 W, 29, 120 MHz, 3996 MHz, 0 %, 0 %
2026/09/20 12:32:33.388, 0, 232.43 W, 36, 2032 MHz, 3996 MHz, 0 %, 0 %
2026/09/20 12:32:33.388, 1, 235.88 W, 37, 2032 MHz, 3996 MHz, 6 %, 0 %
2026/09/20 12:32:33.388, 2, 226.79 W, 31, 2032 MHz, 3996 MHz, 1 %, 0 %
2026/09/20 12:32:33.388, 3, 231.04 W, 31, 2032 MHz, 3996 MHz, 2 %, 0 %
2026/09/20 12:32:33.388, 4, 183.25 W, 34, 120 MHz, 3996 MHz, 0 %, 0 %
2026/09/20 12:32:33.388, 5, 180.88 W, 32, 120 MHz, 3996 MHz, 0 %, 0 %
2026/09/20 12:32:33.388, 6, 180.17 W, 29, 120 MHz, 3996 MHz, 0 %, 0 %
2026/09/20 12:32:33.388, 7, 184.09 W, 29, 120 MHz, 3996 MHz, 0 %, 0 %
2026/09/20 12:32:34.388, 0, 232.22 W, 36, 2032 MHz, 3996 MHz, 9 %, 0 %
2026/09/20 12:32:34.388, 1, 235.84 W, 37, 2032 MHz, 3996 MHz, 9 %, 0 %
2026/09/20 12:32:34.388, 2, 226.41 W, 31, 2032 MHz, 3996 MHz, 2 %, 0 %
2026/09/20 12:32:34.388, 3, 231.15 W, 31, 2032 MHz, 3996 MHz, 0 %, 0 %
2026/09/20 12:32:34.388, 4, 183.25 W, 34, 120 MHz, 3996 MHz, 0 %, 0 %
2026/09/20 12:32:34.389, 5, 180.60 W, 32, 120 MHz, 3996 MHz, 0 %, 0 %
2026/09/20 12:32:34.389, 6, 180.17 W, 29, 120 MHz, 3996 MHz, 0 %, 0 %
2026/09/20 12:32:34.389, 7, 184.09 W, 29, 120 MHz, 3996 MHz, 0 %, 0 %
2026/09/20 12:32:35.389, 0, 232.99 W, 36, 2032 MHz, 3996 MHz, 8 %, 0 %
2026/09/20 12:32:35.389, 1, 235.77 W, 37, 2032 MHz, 3996 MHz, 7 %, 0 %
2026/09/20 12:32:35.389, 2, 226.14 W, 31, 2032 MHz, 3996 MHz, 0 %, 0 %
2026/09/20 12:32:35.389, 3, 230.45 W, 31, 2032 MHz, 3996 MHz, 6 %, 0 %
2026/09/20 12:32:35.389, 4, 183.25 W, 34, 120 MHz, 3996 MHz, 0 %, 0 %
2026/09/20 12:32:35.389, 5, 180.65 W, 32, 120 MHz, 3996 MHz, 0 %, 0 %
2026/09/20 12:32:35.389, 6, 180.21 W, 29, 120 MHz, 3996 MHz, 0 %, 0 %
2026/09/20 12:32:35.389, 7, 184.09 W, 29, 120 MHz, 3996 MHz, 0 %, 0 %
2026/09/20 12:32:36.389, 0, 232.43 W, 36, 2032 MHz, 3996 MHz, 1 %, 0 %
2026/09/20 12:32:36.389, 1, 235.84 W, 37, 2032 MHz, 3996 MHz, 2 %, 0 %
2026/09/20 12:32:36.389, 2, 226.49 W, 31, 2032 MHz, 3996 MHz, 11 %, 0 %
2026/09/20 12:32:36.389, 3, 231.40 W, 31, 2032 MHz, 3996 MHz, 6 %, 0 %
2026/09/20 12:32:36.389, 4, 183.25 W, 34, 120 MHz, 3996 MHz, 0 %, 0 %
2026/09/20 12:32:36.389, 5, 180.56 W, 32, 120 MHz, 3996 MHz, 0 %, 0 %
2026/09/20 12:32:36.389, 6, 180.21 W, 29, 120 MHz, 3996 MHz, 0 %, 0 %
2026/09/20 12:32:36.389, 7, 184.09 W, 29, 120 MHz, 3996 MHz, 0 %, 0 %
2026/09/20 12:32:37.389, 0, 232.10 W, 36, 2032 MHz, 3996 MHz, 0 %, 0 %
2026/09/20 12:32:37.389, 1, 235.38 W, 37, 2032 MHz, 3996 MHz, 4 %, 0 %
2026/09/20 12:32:37.389, 2, 227.10 W, 31, 2032 MHz, 3996 MHz, 8 %, 0 %
2026/09/20 12:32:37.389, 3, 230.82 W, 31, 2032 MHz, 3996 MHz, 3 %, 0 %
2026/09/20 12:32:37.389, 4, 183.25 W, 34, 120 MHz, 3996 MHz, 0 %, 0 %
2026/09/20 12:32:37.389, 5, 180.60 W, 32, 120 MHz, 3996 MHz, 0 %, 0 %
2026/09/20 12:32:37.389, 6, 180.17 W, 29, 120 MHz, 3996 MHz, 0 %, 0 %
2026/09/20 12:32:37.389, 7, 184.09 W, 29, 120 MHz, 3996 MHz, 0 %, 0 %
2026/09/20 12:32:38.389, 0, 232.57 W, 36, 2032 MHz, 3996 MHz, 7 %, 0 %
2026/09/20 12:32:38.390, 1, 234.58 W, 37, 2032 MHz, 3996 MHz, 0 %, 0 %
2026/09/20 12:32:38.390, 2, 227.27 W, 31, 2032 MHz, 3996 MHz, 11 %, 0 %
2026/09/20 12:32:38.390, 3, 230.80 W, 31, 2032 MHz, 3996 MHz, 9 %, 0 %
2026/09/20 12:32:38.390, 4, 183.25 W, 34, 120 MHz, 3996 MHz, 0 %, 0 %
2026/09/20 12:32:38.390, 5, 180.84 W, 32, 120 MHz, 3996 MHz, 0 %, 0 %
2026/09/20 12:32:38.390, 6, 180.17 W, 29, 120 MHz, 3996 MHz, 0 %, 0 %
2026/09/20 12:32:38.390, 7, 184.09 W, 29, 120 MHz, 3996 MHz, 0 %, 0 %
2026/09/20 12:32:39.390, 0, 232.98 W, 36, 2032 MHz, 3996 MHz, 8 %, 0 %
2026/09/20 12:32:39.390, 1, 235.65 W, 37, 2032 MHz, 3996 MHz, 5 %, 0 %
2026/09/20 12:32:39.390, 2, 227.27 W, 31, 2032 MHz, 3996 MHz, 11 %, 0 %
2026/09/20 12:32:39.390, 3, 231.57 W, 31, 2032 MHz, 3996 MHz, 6 %, 0 %
2026/09/20 12:32:39.390, 4, 183.25 W, 35, 120 MHz, 3996 MHz, 0 %, 0 %
2026/09/20 12:32:39.390, 5, 180.42 W, 32, 120 MHz, 3996 MHz, 0 %, 0 %
2026/09/20 12:32:39.390, 6, 180.17 W, 29, 120 MHz, 3996 MHz, 0 %, 0 %
2026/09/20 12:32:39.390, 7, 184.09 W, 29, 120 MHz, 3996 MHz, 0 %, 0 %
2026/09/20 12:32:40.390, 0, 233.30 W, 36, 2032 MHz, 3996 MHz, 8 %, 0 %
2026/09/20 12:32:40.390, 1, 235.65 W, 37, 2032 MHz, 3996 MHz, 10 %, 0 %
2026/09/20 12:32:40.390, 2, 226.76 W, 31, 2032 MHz, 3996 MHz, 2 %, 0 %
2026/09/20 12:32:40.390, 3, 230.11 W, 31, 2032 MHz, 3996 MHz, 0 %, 0 %
2026/09/20 12:32:40.390, 4, 183.25 W, 35, 120 MHz, 3996 MHz, 0 %, 0 %
2026/09/20 12:32:40.390, 5, 180.72 W, 32, 120 MHz, 3996 MHz, 0 %, 0 %
2026/09/20 12:32:40.390, 6, 180.17 W, 29, 120 MHz, 3996 MHz, 0 %, 0 %
2026/09/20 12:32:40.390, 7, 184.09 W, 29, 120 MHz, 3996 MHz, 0 %, 0 %
2026/09/20 12:32:41.390, 0, 232.61 W, 36, 2032 MHz, 3996 MHz, 10 %, 0 %
2026/09/20 12:32:41.390, 1, 235.88 W, 37, 2032 MHz, 3996 MHz, 2 %, 0 %
2026/09/20 12:32:41.390, 2, 226.52 W, 31, 2032 MHz, 3996 MHz, 0 %, 0 %
2026/09/20 12:32:41.390, 3, 231.50 W, 31, 2032 MHz, 3996 MHz, 8 %, 0 %
2026/09/20 12:32:41.390, 4, 183.25 W, 35, 120 MHz, 3996 MHz, 0 %, 0 %
2026/09/20 12:32:41.390, 5, 180.77 W, 32, 120 MHz, 3996 MHz, 0 %, 0 %
2026/09/20 12:32:41.390, 6, 180.21 W, 29, 120 MHz, 3996 MHz, 0 %, 0 %
2026/09/20 12:32:41.390, 7, 184.09 W, 29, 120 MHz, 3996 MHz, 0 %, 0 %
2026/09/20 12:32:42.391, 0, 232.93 W, 36, 2032 MHz, 3996 MHz, 2 %, 0 %
2026/09/20 12:32:42.391, 1, 235.84 W, 37, 2032 MHz, 3996 MHz, 9 %, 0 %
2026/09/20 12:32:42.391, 2, 226.53 W, 31, 2032 MHz, 3996 MHz, 3 %, 0 %
2026/09/20 12:32:42.391, 3, 231.31 W, 31, 2032 MHz, 3996 MHz, 4 %, 0 %
2026/09/20 12:32:42.391, 4, 183.25 W, 35, 120 MHz, 3996 MHz, 0 %, 0 %
2026/09/20 12:32:42.391, 5, 180.52 W, 32, 120 MHz, 3996 MHz, 0 %, 0 %
2026/09/20 12:32:42.391, 6, 180.21 W, 29, 120 MHz, 3996 MHz, 0 %, 0 %
2026/09/20 12:32:42.391, 7, 184.09 W, 29, 120 MHz, 3996 MHz, 0 %, 0 %
2026/09/20 12:32:43.391, 0, 232.54 W, 36, 2032 MHz, 3996 MHz, 0 %, 0 %
2026/09/20 12:32:43.391, 1, 235.76 W, 37, 2032 MHz, 3996 MHz, 1 %, 0 %
2026/09/20 12:32:43.391, 2, 226.10 W, 31, 2032 MHz, 3996 MHz, 0 %, 0 %
2026/09/20 12:32:43.391, 3, 231.56 W, 31, 2032 MHz, 3996 MHz, 1 %, 0 %
2026/09/20 12:32:43.391, 4, 183.25 W, 35, 120 MHz, 3996 MHz, 0 %, 0 %
2026/09/20 12:32:43.391, 5, 180.73 W, 32, 120 MHz, 3996 MHz, 0 %, 0 %
2026/09/20 12:32:43.391, 6, 180.21 W, 29, 120 MHz, 3996 MHz, 0 %, 0 %
2026/09/20 12:32:43.391, 7, 184.09 W, 29, 120 MHz, 3996 MHz, 0 %, 0 %
2026/09/20 12:32:44.391, 0, 232.29 W, 36, 2032 MHz, 3996 MHz, 1 %, 0 %
2026/09/20 12:32:44.391, 1, 234.71 W, 37, 2032 MHz, 3996 MHz, 0 %, 0 %
2026/09/20 12:32:44.391, 2, 227.16 W, 31, 2032 MHz, 3996 MHz, 4 %, 0 %
2026/09/20 12:32:44.391, 3, 231.15 W, 31, 2032 MHz, 3996 MHz, 5 %, 0 %
2026/09/20 12:32:44.391, 4, 183.25 W, 35, 120 MHz, 3996 MHz, 0 %, 0 %
2026/09/20 12:32:44.391, 5, 180.69 W, 32, 120 MHz, 3996 MHz, 0 %, 0 %
2026/09/20 12:32:44.391, 6, 180.17 W, 29, 120 MHz, 3996 MHz, 0 %, 0 %
2026/09/20 12:32:44.391, 7, 184.09 W, 29, 120 MHz, 3996 MHz, 0 %, 0 %
2026/09/20 12:32:45.391, 0, 231.96 W, 36, 2032 MHz, 3996 MHz, 0 %, 0 %
2026/09/20 12:32:45.391, 1, 234.96 W, 38, 2032 MHz, 3996 MHz, 7 %, 0 %
2026/09/20 12:32:45.392, 2, 227.02 W, 31, 2032 MHz, 3996 MHz, 9 %, 0 %
2026/09/20 12:32:45.392, 3, 231.21 W, 31, 2032 MHz, 3996 MHz, 2 %, 0 %
2026/09/20 12:32:45.392, 4, 183.25 W, 35, 120 MHz, 3996 MHz, 0 %, 0 %
2026/09/20 12:32:45.392, 5, 180.44 W, 32, 120 MHz, 3996 MHz, 0 %, 0 %
2026/09/20 12:32:45.392, 6, 180.17 W, 29, 120 MHz, 3996 MHz, 0 %, 0 %
2026/09/20 12:32:45.392, 7, 184.09 W, 29, 120 MHz, 3996 MHz, 0 %, 0 %
2026/09/20 12:32:46.392, 0, 232.34 W, 36, 2032 MHz, 3996 MHz, 6 %, 0 %
2026/09/20 12:32:46.392, 1, 235.34 W, 38, 2032 MHz, 3996 MHz, 12 %, 0 %
2026/09/20 12:32:46.392, 2, 227.27 W, 31, 2032 MHz, 3996 MHz, 8 %, 0 %
2026/09/20 12:32:46.392, 3, 230.95 W, 31, 2032 MHz, 3996 MHz, 0 %, 0 %
2026/09/20 12:32:46.392, 4, 183.25 W, 35, 120 MHz, 3996 MHz, 0 %, 0 %
2026/09/20 12:32:46.392, 5, 180.34 W, 32, 120 MHz, 3996 MHz, 0 %, 0 %
2026/09/20 12:32:46.392, 6, 180.25 W, 29, 120 MHz, 3996 MHz, 0 %, 0 %
2026/09/20 12:32:46.392, 7, 184.09 W, 29, 120 MHz, 3996 MHz, 0 %, 0 %
2026/09/20 12:32:47.392, 0, 233.33 W, 36, 2032 MHz, 3996 MHz, 6 %, 0 %
2026/09/20 12:32:47.392, 1, 235.88 W, 38, 2032 MHz, 3996 MHz, 12 %, 0 %
2026/09/20 12:32:47.392, 2, 227.02 W, 31, 2032 MHz, 3996 MHz, 7 %, 0 %
2026/09/20 12:32:47.392, 3, 230.89 W, 31, 2032 MHz, 3996 MHz, 8 %, 0 %
2026/09/20 12:32:47.392, 4, 183.25 W, 35, 120 MHz, 3996 MHz, 0 %, 0 %
2026/09/20 12:32:47.392, 5, 180.68 W, 32, 120 MHz, 3996 MHz, 0 %, 0 %
2026/09/20 12:32:47.392, 6, 180.33 W, 29, 120 MHz, 3996 MHz, 0 %, 0 %
2026/09/20 12:32:47.392, 7, 184.09 W, 29, 120 MHz, 3996 MHz, 0 %, 0 %
2026/09/20 12:32:48.392, 0, 233.04 W, 36, 2032 MHz, 3996 MHz, 7 %, 0 %
2026/09/20 12:32:48.392, 1, 235.46 W, 38, 2032 MHz, 3996 MHz, 0 %, 0 %
2026/09/20 12:32:48.392, 2, 226.94 W, 31, 2032 MHz, 3996 MHz, 0 %, 0 %
2026/09/20 12:32:48.392, 3, 231.43 W, 31, 2032 MHz, 3996 MHz, 11 %, 0 %
2026/09/20 12:32:48.392, 4, 183.25 W, 35, 120 MHz, 3996 MHz, 0 %, 0 %
2026/09/20 12:32:48.392, 5, 180.57 W, 32, 120 MHz, 3996 MHz, 0 %, 0 %
2026/09/20 12:32:48.392, 6, 180.17 W, 29, 120 MHz, 3996 MHz, 0 %, 0 %
2026/09/20 12:32:48.392, 7, 184.09 W, 29, 120 MHz, 3996 MHz, 0 %, 0 %
2026/09/20 12:32:49.393, 0, 233.05 W, 36, 2032 MHz, 3996 MHz, 5 %, 0 %
2026/09/20 12:32:49.393, 1, 235.88 W, 38, 2032 MHz, 3996 MHz, 10 %, 0 %
2026/09/20 12:32:49.393, 2, 226.56 W, 31, 2032 MHz, 3996 MHz, 1 %, 0 %
2026/09/20 12:32:49.393, 3, 231.12 W, 31, 2032 MHz, 3996 MHz, 6 %, 0 %
2026/09/20 12:32:49.393, 4, 183.25 W, 35, 120 MHz, 3996 MHz, 0 %, 0 %
2026/09/20 12:32:49.393, 5, 180.42 W, 32, 120 MHz, 3996 MHz, 0 %, 0 %
2026/09/20 12:32:49.393, 6, 180.17 W, 29, 120 MHz, 3996 MHz, 0 %, 0 %
2026/09/20 12:32:49.393, 7, 184.09 W, 29, 120 MHz, 3996 MHz, 0 %, 0 %
2026/09/20 12:32:50.393, 0, 233.21 W, 36, 2032 MHz, 3996 MHz, 10 %, 0 %
2026/09/20 12:32:50.393, 1, 235.57 W, 38, 2032 MHz, 3996 MHz, 0 %, 0 %
2026/09/20 12:32:50.393, 2, 226.69 W, 31, 2032 MHz, 3996 MHz, 5 %, 0 %
2026/09/20 12:32:50.393, 3, 231.36 W, 31, 2032 MHz, 3996 MHz, 2 %, 0 %
2026/09/20 12:32:50.393, 4, 183.25 W, 35, 120 MHz, 3996 MHz, 0 %, 0 %
2026/09/20 12:32:50.393, 5, 180.71 W, 32, 120 MHz, 3996 MHz, 0 %, 0 %
2026/09/20 12:32:50.393, 6, 180.33 W, 29, 120 MHz, 3996 MHz, 0 %, 0 %
2026/09/20 12:32:50.393, 7, 184.09 W, 29, 120 MHz, 3996 MHz, 0 %, 0 %
2026/09/20 12:32:51.393, 0, 232.62 W, 36, 2032 MHz, 3996 MHz, 3 %, 0 %
2026/09/20 12:32:51.393, 1, 235.65 W, 38, 2032 MHz, 3996 MHz, 0 %, 0 %
2026/09/20 12:32:51.393, 2, 225.99 W, 31, 2032 MHz, 3996 MHz, 0 %, 0 %
2026/09/20 12:32:51.393, 3, 231.55 W, 31, 2032 MHz, 3996 MHz, 7 %, 0 %
2026/09/20 12:32:51.393, 4, 183.25 W, 35, 120 MHz, 3996 MHz, 0 %, 0 %
2026/09/20 12:32:51.393, 5, 180.92 W, 32, 120 MHz, 3996 MHz, 0 %, 0 %
2026/09/20 12:32:51.393, 6, 180.21 W, 29, 120 MHz, 3996 MHz, 0 %, 0 %
2026/09/20 12:32:51.393, 7, 184.09 W, 29, 120 MHz, 3996 MHz, 0 %, 0 %
2026/09/20 12:32:52.393, 0, 232.54 W, 36, 2032 MHz, 3996 MHz, 7 %, 0 %
2026/09/20 12:32:52.393, 1, 235.00 W, 38, 2032 MHz, 3996 MHz, 2 %, 0 %
2026/09/20 12:32:52.393, 2, 226.90 W, 31, 2032 MHz, 3996 MHz, 2 %, 0 %
2026/09/20 12:32:52.393, 3, 230.64 W, 31, 2032 MHz, 3996 MHz, 2 %, 0 %
2026/09/20 12:32:52.393, 4, 183.25 W, 35, 120 MHz, 3996 MHz, 0 %, 0 %
2026/09/20 12:32:52.393, 5, 180.52 W, 32, 120 MHz, 3996 MHz, 0 %, 0 %
2026/09/20 12:32:52.394, 6, 180.17 W, 29, 120 MHz, 3996 MHz, 0 %, 0 %
2026/09/20 12:32:52.394, 7, 184.09 W, 29, 120 MHz, 3996 MHz, 0 %, 0 %
2026/09/20 12:32:53.394, 0, 231.84 W, 36, 2032 MHz, 3996 MHz, 0 %, 0 %
2026/09/20 12:32:53.394, 1, 235.76 W, 38, 2032 MHz, 3996 MHz, 2 %, 0 %
2026/09/20 12:32:53.394, 2, 226.64 W, 31, 2032 MHz, 3996 MHz, 1 %, 0 %
2026/09/20 12:32:53.394, 3, 230.88 W, 31, 2032 MHz, 3996 MHz, 7 %, 0 %
2026/09/20 12:32:53.394, 4, 183.25 W, 35, 120 MHz, 3996 MHz, 0 %, 0 %
2026/09/20 12:32:53.394, 5, 180.76 W, 32, 120 MHz, 3996 MHz, 0 %, 0 %
2026/09/20 12:32:53.394, 6, 180.17 W, 29, 120 MHz, 3996 MHz, 0 %, 0 %
2026/09/20 12:32:53.394, 7, 184.09 W, 29, 120 MHz, 3996 MHz, 0 %, 0 %
2026/09/20 12:32:54.394, 0, 232.41 W, 36, 2032 MHz, 3996 MHz, 2 %, 0 %
2026/09/20 12:32:54.394, 1, 235.69 W, 38, 2032 MHz, 3996 MHz, 3 %, 0 %
2026/09/20 12:32:54.394, 2, 226.49 W, 31, 2032 MHz, 3996 MHz, 6 %, 0 %
2026/09/20 12:32:54.394, 3, 231.30 W, 31, 2032 MHz, 3996 MHz, 0 %, 0 %
2026/09/20 12:32:54.394, 4, 183.25 W, 35, 120 MHz, 3996 MHz, 0 %, 0 %
2026/09/20 12:32:54.394, 5, 180.57 W, 32, 120 MHz, 3996 MHz, 0 %, 0 %
2026/09/20 12:32:54.394, 6, 180.21 W, 29, 120 MHz, 3996 MHz, 0 %, 0 %
2026/09/20 12:32:54.394, 7, 184.09 W, 29, 120 MHz, 3996 MHz, 0 %, 0 %
2026/09/20 12:32:55.394, 0, 232.56 W, 36, 2032 MHz, 3996 MHz, 1 %, 0 %
2026/09/20 12:32:55.394, 1, 235.73 W, 38, 2032 MHz, 3996 MHz, 1 %, 0 %
2026/09/20 12:32:55.394, 2, 227.71 W, 31, 2032 MHz, 3996 MHz, 7 %, 0 %
2026/09/20 12:32:55.394, 3, 230.40 W, 31, 2032 MHz, 3996 MHz, 2 %, 0 %
2026/09/20 12:32:55.394, 4, 183.25 W, 35, 120 MHz, 3996 MHz, 0 %, 0 %
2026/09/20 12:32:55.394, 5, 180.91 W, 32, 120 MHz, 3996 MHz, 0 %, 0 %
2026/09/20 12:32:55.394, 6, 180.25 W, 29, 120 MHz, 3996 MHz, 0 %, 0 %
2026/09/20 12:32:55.394, 7, 184.09 W, 29, 120 MHz, 3996 MHz, 0 %, 0 %
2026/09/20 12:32:56.394, 0, 232.26 W, 36, 2032 MHz, 3996 MHz, 2 %, 0 %
2026/09/20 12:32:56.394, 1, 235.80 W, 38, 2032 MHz, 3996 MHz, 8 %, 0 %
2026/09/20 12:32:56.394, 2, 227.58 W, 31, 2032 MHz, 3996 MHz, 10 %, 0 %
2026/09/20 12:32:56.394, 3, 231.09 W, 31, 2032 MHz, 3996 MHz, 4 %, 0 %
2026/09/20 12:32:56.394, 4, 183.25 W, 35, 120 MHz, 3996 MHz, 0 %, 0 %
2026/09/20 12:32:56.394, 5, 180.73 W, 32, 120 MHz, 3996 MHz, 0 %, 0 %
2026/09/20 12:32:56.395, 6, 180.17 W, 29, 120 MHz, 3996 MHz, 0 %, 0 %
2026/09/20 12:32:56.395, 7, 184.09 W, 29, 120 MHz, 3996 MHz, 0 %, 0 %
2026/09/20 12:32:57.395, 0, 233.36 W, 36, 2032 MHz, 3996 MHz, 12 %, 0 %
2026/09/20 12:32:57.395, 1, 235.84 W, 38, 2032 MHz, 3996 MHz, 5 %, 0 %
2026/09/20 12:32:57.395, 2, 227.46 W, 31, 2032 MHz, 3996 MHz, 12 %, 0 %
2026/09/20 12:32:57.395, 3, 230.82 W, 31, 2032 MHz, 3996 MHz, 4 %, 0 %
2026/09/20 12:32:57.395, 4, 183.25 W, 35, 120 MHz, 3996 MHz, 0 %, 0 %
2026/09/20 12:32:57.395, 5, 181.03 W, 32, 120 MHz, 3996 MHz, 0 %, 0 %
2026/09/20 12:32:57.395, 6, 180.25 W, 29, 120 MHz, 3996 MHz, 0 %, 0 %
2026/09/20 12:32:57.395, 7, 184.09 W, 29, 120 MHz, 3996 MHz, 0 %, 0 %
2026/09/20 12:32:58.395, 0, 233.27 W, 36, 2032 MHz, 3996 MHz, 6 %, 0 %
2026/09/20 12:32:58.395, 1, 235.88 W, 38, 2032 MHz, 3996 MHz, 6 %, 0 %
2026/09/20 12:32:58.395, 2, 227.51 W, 31, 2032 MHz, 3996 MHz, 12 %, 0 %
2026/09/20 12:32:58.395, 3, 231.51 W, 31, 2032 MHz, 3996 MHz, 2 %, 0 %
2026/09/20 12:32:58.395, 4, 183.25 W, 35, 120 MHz, 3996 MHz, 0 %, 0 %
2026/09/20 12:32:58.395, 5, 180.88 W, 32, 120 MHz, 3996 MHz, 0 %, 0 %
2026/09/20 12:32:58.395, 6, 180.21 W, 29, 120 MHz, 3996 MHz, 0 %, 0 %
2026/09/20 12:32:58.395, 7, 184.09 W, 29, 120 MHz, 3996 MHz, 0 %, 0 %
2026/09/20 12:32:59.395, 0, 233.51 W, 36, 2032 MHz, 3996 MHz, 11 %, 0 %
2026/09/20 12:32:59.395, 1, 235.88 W, 38, 2032 MHz, 3996 MHz, 8 %, 0 %
2026/09/20 12:32:59.395, 2, 227.43 W, 31, 2032 MHz, 3996 MHz, 8 %, 0 %
2026/09/20 12:32:59.395, 3, 231.35 W, 31, 2032 MHz, 3996 MHz, 7 %, 0 %
2026/09/20 12:32:59.395, 4, 183.25 W, 35, 120 MHz, 3996 MHz, 0 %, 0 %
2026/09/20 12:32:59.395, 5, 180.75 W, 32, 120 MHz, 3996 MHz, 0 %, 0 %
2026/09/20 12:32:59.395, 6, 180.17 W, 29, 120 MHz, 3996 MHz, 0 %, 0 %
2026/09/20 12:32:59.395, 7, 184.09 W, 29, 120 MHz, 3996 MHz, 0 %, 0 %
2026/09/20 12:33:00.395, 0, 233.67 W, 36, 2032 MHz, 3996 MHz, 11 %, 0 %
2026/09/20 12:33:00.395, 1, 235.88 W, 38, 2032 MHz, 3996 MHz, 12 %, 0 %
2026/09/20 12:33:00.396, 2, 227.54 W, 31, 2032 MHz, 3996 MHz, 4 %, 0 %
2026/09/20 12:33:00.396, 3, 231.55 W, 31, 2032 MHz, 3996 MHz, 6 %, 0 %
2026/09/20 12:33:00.396, 4, 183.25 W, 35, 120 MHz, 3996 MHz, 0 %, 0 %
2026/09/20 12:33:00.396, 5, 180.71 W, 32, 120 MHz, 3996 MHz, 0 %, 0 %
2026/09/20 12:33:00.396, 6, 180.21 W, 29, 120 MHz, 3996 MHz, 0 %, 0 %
2026/09/20 12:33:00.396, 7, 184.09 W, 29, 120 MHz, 3996 MHz, 0 %, 0 %
2026/09/20 12:33:01.396, 0, 233.55 W, 36, 2032 MHz, 3996 MHz, 9 %, 0 %
2026/09/20 12:33:01.396, 1, 235.88 W, 38, 2032 MHz, 3996 MHz, 12 %, 0 %
2026/09/20 12:33:01.396, 2, 227.43 W, 31, 2032 MHz, 3996 MHz, 7 %, 0 %
2026/09/20 12:33:01.396, 3, 231.44 W, 31, 2032 MHz, 3996 MHz, 11 %, 0 %
2026/09/20 12:33:01.396, 4, 183.25 W, 35, 120 MHz, 3996 MHz, 0 %, 0 %
2026/09/20 12:33:01.396, 5, 180.65 W, 32, 120 MHz, 3996 MHz, 0 %, 0 %
2026/09/20 12:33:01.396, 6, 180.17 W, 29, 120 MHz, 3996 MHz, 0 %, 0 %
2026/09/20 12:33:01.396, 7, 184.09 W, 29, 120 MHz, 3996 MHz, 0 %, 0 %
2026/09/20 12:33:02.396, 0, 233.48 W, 36, 2032 MHz, 3996 MHz, 4 %, 0 %
2026/09/20 12:33:02.396, 1, 235.96 W, 38, 2032 MHz, 3996 MHz, 10 %, 0 %
2026/09/20 12:33:02.396, 2, 227.43 W, 31, 2032 MHz, 3996 MHz, 8 %, 0 %
2026/09/20 12:33:02.396, 3, 231.50 W, 31, 2032 MHz, 3996 MHz, 8 %, 0 %
2026/09/20 12:33:02.396, 4, 183.25 W, 35, 120 MHz, 3996 MHz, 0 %, 0 %
2026/09/20 12:33:02.396, 5, 180.84 W, 32, 120 MHz, 3996 MHz, 0 %, 0 %
2026/09/20 12:33:02.396, 6, 180.21 W, 29, 120 MHz, 3996 MHz, 0 %, 0 %
2026/09/20 12:33:02.396, 7, 184.09 W, 29, 120 MHz, 3996 MHz, 0 %, 0 %
2026/09/20 12:33:03.396, 0, 233.43 W, 36, 2032 MHz, 3996 MHz, 5 %, 0 %
2026/09/20 12:33:03.396, 1, 235.96 W, 38, 2032 MHz, 3996 MHz, 7 %, 0 %
2026/09/20 12:33:03.396, 2, 227.70 W, 31, 2032 MHz, 3996 MHz, 9 %, 0 %
2026/09/20 12:33:03.396, 3, 231.72 W, 31, 2032 MHz, 3996 MHz, 7 %, 0 %
2026/09/20 12:33:03.396, 4, 183.25 W, 35, 120 MHz, 3996 MHz, 0 %, 0 %
2026/09/20 12:33:03.396, 5, 180.87 W, 32, 120 MHz, 3996 MHz, 0 %, 0 %
2026/09/20 12:33:03.396, 6, 180.21 W, 29, 120 MHz, 3996 MHz, 0 %, 0 %
2026/09/20 12:33:03.396, 7, 184.09 W, 29, 120 MHz, 3996 MHz, 0 %, 0 %
2026/09/20 12:33:04.397, 0, 233.58 W, 36, 2032 MHz, 3996 MHz, 9 %, 0 %
2026/09/20 12:33:04.397, 1, 235.88 W, 38, 2032 MHz, 3996 MHz, 6 %, 0 %
2026/09/20 12:33:04.397, 2, 227.63 W, 31, 2032 MHz, 3996 MHz, 9 %, 0 %
2026/09/20 12:33:04.397, 3, 231.51 W, 31, 2032 MHz, 3996 MHz, 7 %, 0 %
2026/09/20 12:33:04.397, 4, 183.25 W, 35, 120 MHz, 3996 MHz, 0 %, 0 %
2026/09/20 12:33:04.397, 5, 180.69 W, 32, 120 MHz, 3996 MHz, 0 %, 0 %
2026/09/20 12:33:04.397, 6, 180.17 W, 29, 120 MHz, 3996 MHz, 0 %, 0 %
2026/09/20 12:33:04.397, 7, 184.09 W, 29, 120 MHz, 3996 MHz, 0 %, 0 %
2026/09/20 12:33:05.397, 0, 233.74 W, 36, 2032 MHz, 3996 MHz, 12 %, 0 %
2026/09/20 12:33:05.397, 1, 235.88 W, 38, 2032 MHz, 3996 MHz, 11 %, 0 %
2026/09/20 12:33:05.397, 2, 227.51 W, 31, 2032 MHz, 3996 MHz, 4 %, 0 %
2026/09/20 12:33:05.397, 3, 231.58 W, 31, 2032 MHz, 3996 MHz, 6 %, 0 %
2026/09/20 12:33:05.397, 4, 183.25 W, 35, 120 MHz, 3996 MHz, 0 %, 0 %
2026/09/20 12:33:05.397, 5, 180.80 W, 32, 120 MHz, 3996 MHz, 0 %, 0 %
2026/09/20 12:33:05.397, 6, 180.17 W, 29, 120 MHz, 3996 MHz, 0 %, 0 %
2026/09/20 12:33:05.397, 7, 184.09 W, 29, 120 MHz, 3996 MHz, 0 %, 0 %
2026/09/20 12:33:06.397, 0, 233.32 W, 36, 2032 MHz, 3996 MHz, 4 %, 0 %
2026/09/20 12:33:06.397, 1, 235.92 W, 38, 2032 MHz, 3996 MHz, 12 %, 0 %
2026/09/20 12:33:06.397, 2, 227.57 W, 31, 2032 MHz, 3996 MHz, 5 %, 0 %
2026/09/20 12:33:06.397, 3, 231.57 W, 31, 2032 MHz, 3996 MHz, 7 %, 0 %
2026/09/20 12:33:06.397, 4, 183.25 W, 35, 120 MHz, 3996 MHz, 0 %, 0 %
2026/09/20 12:33:06.397, 5, 180.79 W, 32, 120 MHz, 3996 MHz, 0 %, 0 %
2026/09/20 12:33:06.397, 6, 180.25 W, 29, 120 MHz, 3996 MHz, 0 %, 0 %
2026/09/20 12:33:06.397, 7, 184.09 W, 29, 120 MHz, 3996 MHz, 0 %, 0 %
2026/09/20 12:33:07.397, 0, 233.43 W, 36, 2032 MHz, 3996 MHz, 12 %, 0 %
2026/09/20 12:33:07.397, 1, 235.88 W, 38, 2032 MHz, 3996 MHz, 12 %, 0 %
2026/09/20 12:33:07.397, 2, 227.47 W, 31, 2032 MHz, 3996 MHz, 7 %, 0 %
2026/09/20 12:33:07.397, 3, 231.53 W, 31, 2032 MHz, 3996 MHz, 11 %, 0 %
2026/09/20 12:33:07.397, 4, 183.25 W, 35, 120 MHz, 3996 MHz, 0 %, 0 %
2026/09/20 12:33:07.397, 5, 180.84 W, 32, 120 MHz, 3996 MHz, 0 %, 0 %
2026/09/20 12:33:07.398, 6, 180.21 W, 29, 120 MHz, 3996 MHz, 0 %, 0 %
2026/09/20 12:33:07.398, 7, 184.09 W, 29, 120 MHz, 3996 MHz, 0 %, 0 %
2026/09/20 12:33:08.398, 0, 233.52 W, 36, 2032 MHz, 3996 MHz, 11 %, 0 %
2026/09/20 12:33:08.398, 1, 235.92 W, 38, 2032 MHz, 3996 MHz, 10 %, 0 %
2026/09/20 12:33:08.398, 2, 227.59 W, 31, 2032 MHz, 3996 MHz, 8 %, 0 %
2026/09/20 12:33:08.398, 3, 231.48 W, 31, 2032 MHz, 3996 MHz, 9 %, 0 %
2026/09/20 12:33:08.398, 4, 183.25 W, 35, 120 MHz, 3996 MHz, 0 %, 0 %
2026/09/20 12:33:08.398, 5, 181.03 W, 32, 120 MHz, 3996 MHz, 0 %, 0 %
2026/09/20 12:33:08.398, 6, 180.29 W, 29, 120 MHz, 3996 MHz, 0 %, 0 %
2026/09/20 12:33:08.398, 7, 184.09 W, 29, 120 MHz, 3996 MHz, 0 %, 0 %
2026/09/20 12:33:09.398, 0, 233.51 W, 36, 2032 MHz, 3996 MHz, 11 %, 0 %
2026/09/20 12:33:09.398, 1, 235.92 W, 38, 2032 MHz, 3996 MHz, 11 %, 0 %
2026/09/20 12:33:09.398, 2, 227.62 W, 31, 2032 MHz, 3996 MHz, 9 %, 0 %
2026/09/20 12:33:09.398, 3, 231.51 W, 31, 2032 MHz, 3996 MHz, 9 %, 0 %
2026/09/20 12:33:09.398, 4, 183.25 W, 35, 120 MHz, 3996 MHz, 0 %, 0 %
2026/09/20 12:33:09.398, 5, 180.99 W, 32, 120 MHz, 3996 MHz, 0 %, 0 %
2026/09/20 12:33:09.398, 6, 180.29 W, 29, 120 MHz, 3996 MHz, 0 %, 0 %
2026/09/20 12:33:09.398, 7, 184.09 W, 29, 120 MHz, 3996 MHz, 0 %, 0 %
2026/09/20 12:33:10.398, 0, 233.47 W, 36, 2032 MHz, 3996 MHz, 5 %, 0 %
2026/09/20 12:33:10.398, 1, 235.92 W, 38, 2032 MHz, 3996 MHz, 11 %, 0 %
2026/09/20 12:33:10.398, 2, 227.63 W, 31, 2032 MHz, 3996 MHz, 10 %, 0 %
2026/09/20 12:33:10.398, 3, 231.62 W, 31, 2032 MHz, 3996 MHz, 5 %, 0 %
2026/09/20 12:33:10.398, 4, 183.25 W, 35, 120 MHz, 3996 MHz, 0 %, 0 %
2026/09/20 12:33:10.398, 5, 181.07 W, 32, 120 MHz, 3996 MHz, 0 %, 0 %
2026/09/20 12:33:10.398, 6, 180.21 W, 29, 120 MHz, 3996 MHz, 0 %, 0 %
2026/09/20 12:33:10.398, 7, 184.09 W, 29, 120 MHz, 3996 MHz, 0 %, 0 %
2026/09/20 12:33:11.398, 0, 235.01 W, 37, 2032 MHz, 3996 MHz, 5 %, 1 %
2026/09/20 12:33:11.399, 1, 235.92 W, 38, 2032 MHz, 3996 MHz, 12 %, 0 %
2026/09/20 12:33:11.399, 2, 227.47 W, 31, 2032 MHz, 3996 MHz, 5 %, 0 %
2026/09/20 12:33:11.399, 3, 231.56 W, 31, 2032 MHz, 3996 MHz, 8 %, 0 %
2026/09/20 12:33:11.399, 4, 183.25 W, 35, 120 MHz, 3996 MHz, 0 %, 0 %
2026/09/20 12:33:11.399, 5, 180.83 W, 32, 120 MHz, 3996 MHz, 0 %, 0 %
2026/09/20 12:33:11.399, 6, 180.21 W, 29, 120 MHz, 3996 MHz, 0 %, 0 %
2026/09/20 12:33:11.399, 7, 184.09 W, 29, 120 MHz, 3996 MHz, 0 %, 0 %
2026/09/20 12:33:12.399, 0, 276.69 W, 37, 2032 MHz, 3996 MHz, 30 %, 7 %
2026/09/20 12:33:12.399, 1, 236.32 W, 38, 2032 MHz, 3996 MHz, 6 %, 0 %
2026/09/20 12:33:12.399, 2, 241.36 W, 32, 2032 MHz, 3996 MHz, 11 %, 2 %
2026/09/20 12:33:12.399, 3, 231.56 W, 31, 2032 MHz, 3996 MHz, 8 %, 0 %
2026/09/20 12:33:12.399, 4, 183.25 W, 35, 120 MHz, 3996 MHz, 0 %, 0 %
2026/09/20 12:33:12.399, 5, 180.79 W, 32, 120 MHz, 3996 MHz, 0 %, 0 %
2026/09/20 12:33:12.399, 6, 180.21 W, 29, 120 MHz, 3996 MHz, 0 %, 0 %
2026/09/20 12:33:12.399, 7, 184.09 W, 29, 120 MHz, 3996 MHz, 0 %, 0 %
2026/09/20 12:33:13.399, 0, 260.81 W, 37, 2032 MHz, 3996 MHz, 0 %, 0 %
2026/09/20 12:33:13.399, 1, 236.51 W, 38, 2032 MHz, 3996 MHz, 12 %, 0 %
2026/09/20 12:33:13.399, 2, 285.28 W, 32, 2032 MHz, 3996 MHz, 8 %, 2 %
2026/09/20 12:33:13.399, 3, 231.54 W, 31, 2032 MHz, 3996 MHz, 7 %, 0 %
2026/09/20 12:33:13.399, 4, 183.25 W, 35, 120 MHz, 3996 MHz, 0 %, 0 %
2026/09/20 12:33:13.399, 5, 180.75 W, 32, 120 MHz, 3996 MHz, 0 %, 0 %
2026/09/20 12:33:13.399, 6, 180.17 W, 29, 120 MHz, 3996 MHz, 0 %, 0 %
2026/09/20 12:33:13.399, 7, 184.09 W, 29, 120 MHz, 3996 MHz, 0 %, 0 %
2026/09/20 12:33:14.399, 0, 231.91 W, 37, 2032 MHz, 3996 MHz, 0 %, 0 %
2026/09/20 12:33:14.399, 1, 262.14 W, 39, 2032 MHz, 3996 MHz, 30 %, 7 %
2026/09/20 12:33:14.399, 2, 226.06 W, 31, 2032 MHz, 3996 MHz, 0 %, 0 %
2026/09/20 12:33:14.399, 3, 231.54 W, 31, 2032 MHz, 3996 MHz, 5 %, 0 %
2026/09/20 12:33:14.400, 4, 183.25 W, 35, 120 MHz, 3996 MHz, 0 %, 0 %
2026/09/20 12:33:14.400, 5, 180.88 W, 32, 120 MHz, 3996 MHz, 0 %, 0 %
2026/09/20 12:33:14.400, 6, 180.17 W, 29, 120 MHz, 3996 MHz, 0 %, 0 %
2026/09/20 12:33:14.400, 7, 184.09 W, 29, 120 MHz, 3996 MHz, 0 %, 0 %
2026/09/20 12:33:15.400, 0, 232.00 W, 36, 2032 MHz, 3996 MHz, 0 %, 0 %
2026/09/20 12:33:15.400, 1, 282.73 W, 38, 2032 MHz, 3996 MHz, 0 %, 0 %
2026/09/20 12:33:15.400, 2, 225.98 W, 31, 2032 MHz, 3996 MHz, 0 %, 0 %
2026/09/20 12:33:15.400, 3, 233.05 W, 31, 2032 MHz, 3996 MHz, 5 %, 1 %
2026/09/20 12:33:15.400, 4, 183.25 W, 35, 120 MHz, 3996 MHz, 0 %, 0 %
2026/09/20 12:33:15.400, 5, 180.71 W, 32, 120 MHz, 3996 MHz, 0 %, 0 %
2026/09/20 12:33:15.400, 6, 180.21 W, 29, 120 MHz, 3996 MHz, 0 %, 0 %
2026/09/20 12:33:15.400, 7, 184.09 W, 29, 120 MHz, 3996 MHz, 0 %, 0 %
2026/09/20 12:33:16.400, 0, 231.83 W, 36, 2032 MHz, 3996 MHz, 0 %, 0 %
2026/09/20 12:33:16.400, 1, 235.88 W, 38, 2032 MHz, 3996 MHz, 0 %, 0 %
2026/09/20 12:33:16.400, 2, 225.77 W, 31, 2032 MHz, 3996 MHz, 0 %, 0 %
2026/09/20 12:33:16.400, 3, 287.22 W, 32, 2032 MHz, 3996 MHz, 31 %, 7 %
2026/09/20 12:33:16.400, 4, 183.25 W, 35, 120 MHz, 3996 MHz, 0 %, 0 %
2026/09/20 12:33:16.400, 5, 180.87 W, 32, 120 MHz, 3996 MHz, 0 %, 0 %
2026/09/20 12:33:16.400, 6, 180.21 W, 29, 120 MHz, 3996 MHz, 0 %, 0 %
2026/09/20 12:33:16.400, 7, 184.09 W, 29, 120 MHz, 3996 MHz, 0 %, 0 %
2026/09/20 12:33:17.400, 0, 231.83 W, 36, 2032 MHz, 3996 MHz, 0 %, 0 %
2026/09/20 12:33:17.400, 1, 235.84 W, 38, 2032 MHz, 3996 MHz, 0 %, 0 %
2026/09/20 12:33:17.400, 2, 225.91 W, 31, 2032 MHz, 3996 MHz, 0 %, 0 %
2026/09/20 12:33:17.400, 3, 243.90 W, 31, 2032 MHz, 3996 MHz, 0 %, 0 %
2026/09/20 12:33:17.400, 4, 183.25 W, 35, 120 MHz, 3996 MHz, 0 %, 0 %
2026/09/20 12:33:17.400, 5, 181.07 W, 32, 120 MHz, 3996 MHz, 0 %, 0 %
2026/09/20 12:33:17.400, 6, 180.17 W, 29, 120 MHz, 3996 MHz, 0 %, 0 %
2026/09/20 12:33:17.401, 7, 184.09 W, 29, 120 MHz, 3996 MHz, 0 %, 0 %
2026/09/20 12:33:18.401, 0, 231.83 W, 36, 2032 MHz, 3996 MHz, 0 %, 0 %
2026/09/20 12:33:18.401, 1, 235.84 W, 38, 2032 MHz, 3996 MHz, 0 %, 0 %
2026/09/20 12:33:18.401, 2, 225.99 W, 31, 2032 MHz, 3996 MHz, 0 %, 0 %
2026/09/20 12:33:18.401, 3, 230.80 W, 31, 2032 MHz, 3996 MHz, 0 %, 0 %
2026/09/20 12:33:18.401, 4, 183.25 W, 35, 120 MHz, 3996 MHz, 0 %, 0 %
2026/09/20 12:33:18.401, 5, 180.84 W, 33, 120 MHz, 3996 MHz, 0 %, 0 %
2026/09/20 12:33:18.401, 6, 180.17 W, 29, 120 MHz, 3996 MHz, 0 %, 0 %
2026/09/20 12:33:18.401, 7, 184.09 W, 29, 120 MHz, 3996 MHz, 0 %, 0 %
2026/09/20 12:33:19.401, 0, 231.83 W, 36, 2032 MHz, 3996 MHz, 0 %, 0 %
2026/09/20 12:33:19.401, 1, 235.76 W, 38, 2032 MHz, 3996 MHz, 0 %, 0 %
2026/09/20 12:33:19.401, 2, 225.98 W, 31, 2032 MHz, 3996 MHz, 0 %, 0 %
2026/09/20 12:33:19.401, 3, 230.67 W, 31, 2032 MHz, 3996 MHz, 0 %, 0 %
2026/09/20 12:33:19.401, 4, 183.25 W, 35, 120 MHz, 3996 MHz, 0 %, 0 %
2026/09/20 12:33:19.401, 5, 181.03 W, 33, 120 MHz, 3996 MHz, 0 %, 0 %
2026/09/20 12:33:19.401, 6, 180.21 W, 29, 120 MHz, 3996 MHz, 0 %, 0 %
2026/09/20 12:33:19.401, 7, 184.09 W, 29, 120 MHz, 3996 MHz, 0 %, 0 %
2026/09/20 12:33:20.401, 0, 231.83 W, 36, 2032 MHz, 3996 MHz, 0 %, 0 %
2026/09/20 12:33:20.401, 1, 235.84 W, 38, 2032 MHz, 3996 MHz, 0 %, 0 %
2026/09/20 12:33:20.401, 2, 225.99 W, 31, 2032 MHz, 3996 MHz, 0 %, 0 %
2026/09/20 12:33:20.401, 3, 230.39 W, 31, 2032 MHz, 3996 MHz, 0 %, 0 %
2026/09/20 12:33:20.401, 4, 183.25 W, 35, 120 MHz, 3996 MHz, 0 %, 0 %
2026/09/20 12:33:20.401, 5, 180.87 W, 33, 120 MHz, 3996 MHz, 0 %, 0 %
2026/09/20 12:33:20.401, 6, 180.25 W, 29, 120 MHz, 3996 MHz, 0 %, 0 %
2026/09/20 12:33:20.401, 7, 184.09 W, 29, 120 MHz, 3996 MHz, 0 %, 0 %
2026/09/20 12:33:21.401, 0, 231.84 W, 36, 2032 MHz, 3996 MHz, 0 %, 0 %
2026/09/20 12:33:21.401, 1, 235.65 W, 38, 2032 MHz, 3996 MHz, 0 %, 0 %
2026/09/20 12:33:21.401, 2, 225.99 W, 31, 2032 MHz, 3996 MHz, 0 %, 0 %
2026/09/20 12:33:21.402, 3, 230.72 W, 31, 2032 MHz, 3996 MHz, 0 %, 0 %
2026/09/20 12:33:21.402, 4, 183.25 W, 35, 120 MHz, 3996 MHz, 0 %, 0 %
2026/09/20 12:33:21.402, 5, 180.87 W, 33, 120 MHz, 3996 MHz, 0 %, 0 %
2026/09/20 12:33:21.402, 6, 180.21 W, 29, 120 MHz, 3996 MHz, 0 %, 0 %
2026/09/20 12:33:21.402, 7, 184.09 W, 29, 120 MHz, 3996 MHz, 0 %, 0 %
2026/09/20 12:33:22.402, 0, 231.83 W, 36, 2032 MHz, 3996 MHz, 0 %, 0 %
2026/09/20 12:33:22.402, 1, 235.80 W, 38, 2032 MHz, 3996 MHz, 0 %, 0 %
2026/09/20 12:33:22.402, 2, 225.98 W, 31, 2032 MHz, 3996 MHz, 0 %, 0 %
2026/09/20 12:33:22.402, 3, 230.56 W, 31, 2032 MHz, 3996 MHz, 0 %, 0 %
2026/09/20 12:33:22.402, 4, 183.25 W, 35, 120 MHz, 3996 MHz, 0 %, 0 %
2026/09/20 12:33:22.402, 5, 181.11 W, 33, 120 MHz, 3996 MHz, 0 %, 0 %
2026/09/20 12:33:22.402, 6, 180.21 W, 29, 120 MHz, 3996 MHz, 0 %, 0 %
2026/09/20 12:33:22.402, 7, 184.09 W, 29, 120 MHz, 3996 MHz, 0 %, 0 %
2026/09/20 12:33:23.402, 0, 231.83 W, 36, 2032 MHz, 3996 MHz, 0 %, 0 %
2026/09/20 12:33:23.402, 1, 235.80 W, 38, 2032 MHz, 3996 MHz, 0 %, 0 %
2026/09/20 12:33:23.402, 2, 225.99 W, 31, 2032 MHz, 3996 MHz, 0 %, 0 %
2026/09/20 12:33:23.402, 3, 230.40 W, 31, 2032 MHz, 3996 MHz, 0 %, 0 %
2026/09/20 12:33:23.402, 4, 183.25 W, 35, 120 MHz, 3996 MHz, 0 %, 0 %
2026/09/20 12:33:23.402, 5, 181.03 W, 33, 120 MHz, 3996 MHz, 0 %, 0 %
2026/09/20 12:33:23.402, 6, 180.21 W, 29, 120 MHz, 3996 MHz, 0 %, 0 %
2026/09/20 12:33:23.402, 7, 184.09 W, 29, 120 MHz, 3996 MHz, 0 %, 0 %
2026/09/20 12:33:24.402, 0, 231.95 W, 36, 2032 MHz, 3996 MHz, 0 %, 0 %
2026/09/20 12:33:24.402, 1, 235.84 W, 38, 2032 MHz, 3996 MHz, 0 %, 0 %
2026/09/20 12:33:24.402, 2, 226.10 W, 31, 2032 MHz, 3996 MHz, 0 %, 0 %
2026/09/20 12:33:24.402, 3, 230.55 W, 31, 2032 MHz, 3996 MHz, 0 %, 0 %
2026/09/20 12:33:24.402, 4, 183.25 W, 35, 120 MHz, 3996 MHz, 0 %, 0 %
2026/09/20 12:33:24.402, 5, 180.96 W, 33, 120 MHz, 3996 MHz, 0 %, 0 %
2026/09/20 12:33:24.402, 6, 180.21 W, 29, 120 MHz, 3996 MHz, 0 %, 0 %
2026/09/20 12:33:24.402, 7, 184.09 W, 29, 120 MHz, 3996 MHz, 0 %, 0 %
2026/09/20 12:33:25.403, 0, 231.83 W, 36, 2032 MHz, 3996 MHz, 0 %, 0 %
2026/09/20 12:33:25.403, 1, 235.50 W, 38, 2032 MHz, 3996 MHz, 0 %, 0 %
2026/09/20 12:33:25.403, 2, 225.99 W, 31, 2032 MHz, 3996 MHz, 0 %, 0 %
2026/09/20 12:33:25.403, 3, 230.17 W, 31, 2032 MHz, 3996 MHz, 0 %, 0 %
2026/09/20 12:33:25.403, 4, 183.25 W, 35, 120 MHz, 3996 MHz, 0 %, 0 %
2026/09/20 12:33:25.403, 5, 180.91 W, 33, 120 MHz, 3996 MHz, 0 %, 0 %
2026/09/20 12:33:25.403, 6, 180.21 W, 29, 120 MHz, 3996 MHz, 0 %, 0 %
2026/09/20 12:33:25.403, 7, 184.09 W, 29, 120 MHz, 3996 MHz, 0 %, 0 %
2026/09/20 12:33:26.403, 0, 231.83 W, 37, 2032 MHz, 3996 MHz, 0 %, 0 %
2026/09/20 12:33:26.403, 1, 235.35 W, 38, 2032 MHz, 3996 MHz, 0 %, 0 %
2026/09/20 12:33:26.403, 2, 225.99 W, 31, 2032 MHz, 3996 MHz, 0 %, 0 %
2026/09/20 12:33:26.403, 3, 229.98 W, 31, 2032 MHz, 3996 MHz, 0 %, 0 %
2026/09/20 12:33:26.403, 4, 183.25 W, 35, 120 MHz, 3996 MHz, 0 %, 0 %
2026/09/20 12:33:26.403, 5, 181.22 W, 33, 120 MHz, 3996 MHz, 0 %, 0 %
2026/09/20 12:33:26.403, 6, 180.21 W, 29, 120 MHz, 3996 MHz, 0 %, 0 %
2026/09/20 12:33:26.403, 7, 184.09 W, 29, 120 MHz, 3996 MHz, 0 %, 0 %
2026/09/20 12:33:27.403, 0, 231.83 W, 36, 2032 MHz, 3996 MHz, 0 %, 0 %
2026/09/20 12:33:27.403, 1, 235.02 W, 38, 2032 MHz, 3996 MHz, 0 %, 0 %
2026/09/20 12:33:27.403, 2, 225.98 W, 31, 2032 MHz, 3996 MHz, 0 %, 0 %
2026/09/20 12:33:27.403, 3, 229.93 W, 31, 2032 MHz, 3996 MHz, 0 %, 0 %
2026/09/20 12:33:27.403, 4, 183.25 W, 35, 120 MHz, 3996 MHz, 0 %, 0 %
2026/09/20 12:33:27.403, 5, 181.04 W, 33, 120 MHz, 3996 MHz, 0 %, 0 %
2026/09/20 12:33:27.403, 6, 180.21 W, 29, 120 MHz, 3996 MHz, 0 %, 0 %
2026/09/20 12:33:27.403, 7, 184.09 W, 29, 120 MHz, 3996 MHz, 0 %, 0 %
2026/09/20 12:33:28.403, 0, 231.84 W, 36, 2032 MHz, 3996 MHz, 0 %, 0 %
2026/09/20 12:33:28.403, 1, 235.16 W, 38, 2032 MHz, 3996 MHz, 0 %, 0 %
2026/09/20 12:33:28.403, 2, 225.99 W, 31, 2032 MHz, 3996 MHz, 0 %, 0 %
2026/09/20 12:33:28.403, 3, 230.28 W, 31, 2032 MHz, 3996 MHz, 0 %, 0 %
2026/09/20 12:33:28.403, 4, 183.25 W, 35, 120 MHz, 3996 MHz, 0 %, 0 %
2026/09/20 12:33:28.404, 5, 180.92 W, 33, 120 MHz, 3996 MHz, 0 %, 0 %
2026/09/20 12:33:28.404, 6, 180.25 W, 29, 120 MHz, 3996 MHz, 0 %, 0 %
2026/09/20 12:33:28.404, 7, 184.09 W, 29, 120 MHz, 3996 MHz, 0 %, 0 %
2026/09/20 12:33:29.404, 0, 231.83 W, 37, 2032 MHz, 3996 MHz, 0 %, 0 %
2026/09/20 12:33:29.404, 1, 235.06 W, 38, 2032 MHz, 3996 MHz, 0 %, 0 %
2026/09/20 12:33:29.404, 2, 225.99 W, 31, 2032 MHz, 3996 MHz, 0 %, 0 %
2026/09/20 12:33:29.404, 3, 230.30 W, 31, 2032 MHz, 3996 MHz, 0 %, 0 %
2026/09/20 12:33:29.404, 4, 183.25 W, 35, 120 MHz, 3996 MHz, 0 %, 0 %
2026/09/20 12:33:29.404, 5, 181.11 W, 33, 120 MHz, 3996 MHz, 0 %, 0 %
2026/09/20 12:33:29.404, 6, 180.17 W, 29, 120 MHz, 3996 MHz, 0 %, 0 %
2026/09/20 12:33:29.404, 7, 184.09 W, 29, 120 MHz, 3996 MHz, 0 %, 0 %
2026/09/20 12:33:30.404, 0, 231.83 W, 36, 2032 MHz, 3996 MHz, 0 %, 0 %
2026/09/20 12:33:30.404, 1, 235.42 W, 38, 2032 MHz, 3996 MHz, 0 %, 0 %
2026/09/20 12:33:30.404, 2, 225.99 W, 31, 2032 MHz, 3996 MHz, 0 %, 0 %
2026/09/20 12:33:30.404, 3, 229.98 W, 31, 2032 MHz, 3996 MHz, 0 %, 0 %
2026/09/20 12:33:30.404, 4, 183.25 W, 35, 120 MHz, 3996 MHz, 0 %, 0 %
2026/09/20 12:33:30.404, 5, 180.69 W, 33, 120 MHz, 3996 MHz, 0 %, 0 %
2026/09/20 12:33:30.404, 6, 180.17 W, 29, 120 MHz, 3996 MHz, 0 %, 0 %
2026/09/20 12:33:30.404, 7, 184.09 W, 29, 120 MHz, 3996 MHz, 0 %, 0 %
2026/09/20 12:33:31.404, 0, 231.83 W, 37, 2032 MHz, 3996 MHz, 0 %, 0 %
2026/09/20 12:33:31.404, 1, 235.30 W, 38, 2032 MHz, 3996 MHz, 0 %, 0 %
2026/09/20 12:33:31.404, 2, 225.99 W, 31, 2032 MHz, 3996 MHz, 0 %, 0 %
2026/09/20 12:33:31.404, 3, 229.99 W, 31, 2032 MHz, 3996 MHz, 0 %, 0 %
2026/09/20 12:33:31.404, 4, 183.25 W, 35, 120 MHz, 3996 MHz, 0 %, 0 %
2026/09/20 12:33:31.404, 5, 181.18 W, 33, 120 MHz, 3996 MHz, 0 %, 0 %
2026/09/20 12:33:31.404, 6, 180.33 W, 29, 120 MHz, 3996 MHz, 0 %, 0 %
2026/09/20 12:33:31.404, 7, 184.09 W, 29, 120 MHz, 3996 MHz, 0 %, 0 %
2026/09/20 12:33:32.404, 0, 232.71 W, 37, 2032 MHz, 3996 MHz, 12 %, 0 %
2026/09/20 12:33:32.404, 1, 235.27 W, 38, 2032 MHz, 3996 MHz, 0 %, 0 %
2026/09/20 12:33:32.405, 2, 225.99 W, 31, 2032 MHz, 3996 MHz, 0 %, 0 %
2026/09/20 12:33:32.405, 3, 230.13 W, 31, 2032 MHz, 3996 MHz, 0 %, 0 %
2026/09/20 12:33:32.405, 4, 183.25 W, 35, 120 MHz, 3996 MHz, 0 %, 0 %
2026/09/20 12:33:32.405, 5, 181.18 W, 33, 120 MHz, 3996 MHz, 0 %, 0 %
2026/09/20 12:33:32.405, 6, 180.25 W, 29, 120 MHz, 3996 MHz, 0 %, 0 %
2026/09/20 12:33:32.405, 7, 184.09 W, 29, 120 MHz, 3996 MHz, 0 %, 0 %
2026/09/20 12:33:33.405, 0, 239.59 W, 37, 2032 MHz, 3996 MHz, 0 %, 0 %
2026/09/20 12:33:33.405, 1, 235.08 W, 38, 2032 MHz, 3996 MHz, 0 %, 0 %
2026/09/20 12:33:33.405, 2, 225.99 W, 31, 2032 MHz, 3996 MHz, 0 %, 0 %
2026/09/20 12:33:33.405, 3, 230.10 W, 31, 2032 MHz, 3996 MHz, 0 %, 0 %
2026/09/20 12:33:33.405, 4, 183.25 W, 35, 120 MHz, 3996 MHz, 0 %, 0 %
2026/09/20 12:33:33.405, 5, 181.03 W, 33, 120 MHz, 3996 MHz, 0 %, 0 %
2026/09/20 12:33:33.405, 6, 180.25 W, 29, 120 MHz, 3996 MHz, 0 %, 0 %
2026/09/20 12:33:33.405, 7, 184.09 W, 29, 120 MHz, 3996 MHz, 0 %, 0 %
2026/09/20 12:33:34.405, 0, 231.91 W, 37, 2032 MHz, 3996 MHz, 0 %, 0 %
2026/09/20 12:33:34.405, 1, 235.30 W, 38, 2032 MHz, 3996 MHz, 0 %, 0 %
2026/09/20 12:33:34.405, 2, 225.99 W, 31, 2032 MHz, 3996 MHz, 0 %, 0 %
2026/09/20 12:33:34.405, 3, 230.92 W, 31, 2032 MHz, 3996 MHz, 12 %, 0 %
2026/09/20 12:33:34.405, 4, 183.25 W, 35, 120 MHz, 3996 MHz, 0 %, 0 %
2026/09/20 12:33:34.405, 5, 181.07 W, 33, 120 MHz, 3996 MHz, 0 %, 0 %
2026/09/20 12:33:34.405, 6, 180.21 W, 29, 120 MHz, 3996 MHz, 0 %, 0 %
2026/09/20 12:33:34.405, 7, 184.09 W, 29, 120 MHz, 3996 MHz, 0 %, 0 %
2026/09/20 12:33:35.405, 0, 231.81 W, 37, 2032 MHz, 3996 MHz, 0 %, 0 %
2026/09/20 12:33:35.405, 1, 242.93 W, 38, 2032 MHz, 3996 MHz, 12 %, 0 %
2026/09/20 12:33:35.405, 2, 227.28 W, 31, 2032 MHz, 3996 MHz, 12 %, 0 %
2026/09/20 12:33:35.405, 3, 237.57 W, 31, 2032 MHz, 3996 MHz, 0 %, 0 %
2026/09/20 12:33:35.405, 4, 183.25 W, 35, 120 MHz, 3996 MHz, 0 %, 0 %
2026/09/20 12:33:35.405, 5, 181.07 W, 33, 120 MHz, 3996 MHz, 0 %, 0 %
2026/09/20 12:33:35.405, 6, 180.21 W, 29, 120 MHz, 3996 MHz, 0 %, 0 %
2026/09/20 12:33:35.405, 7, 184.09 W, 29, 120 MHz, 3996 MHz, 0 %, 0 %
2026/09/20 12:33:36.406, 0, 238.28 W, 37, 2032 MHz, 3996 MHz, 20 %, 12 %
2026/09/20 12:33:36.406, 1, 242.26 W, 38, 2032 MHz, 3996 MHz, 0 %, 0 %
2026/09/20 12:33:36.406, 2, 239.41 W, 32, 2032 MHz, 3996 MHz, 0 %, 0 %
2026/09/20 12:33:36.406, 3, 237.88 W, 31, 2032 MHz, 3996 MHz, 0 %, 0 %
2026/09/20 12:33:36.406, 4, 183.25 W, 35, 120 MHz, 3996 MHz, 0 %, 0 %
2026/09/20 12:33:36.406, 5, 180.87 W, 33, 120 MHz, 3996 MHz, 0 %, 0 %
2026/09/20 12:33:36.406, 6, 180.25 W, 29, 120 MHz, 3996 MHz, 0 %, 0 %
2026/09/20 12:33:36.406, 7, 184.09 W, 29, 120 MHz, 3996 MHz, 0 %, 0 %
2026/09/20 12:33:37.406, 0, 232.02 W, 37, 2032 MHz, 3996 MHz, 0 %, 0 %
2026/09/20 12:33:37.406, 1, 237.27 W, 38, 2032 MHz, 3996 MHz, 0 %, 0 %
2026/09/20 12:33:37.406, 2, 228.00 W, 31, 2032 MHz, 3996 MHz, 0 %, 0 %
2026/09/20 12:33:37.406, 3, 230.90 W, 31, 2032 MHz, 3996 MHz, 0 %, 0 %
2026/09/20 12:33:37.406, 4, 183.25 W, 35, 120 MHz, 3996 MHz, 0 %, 0 %
2026/09/20 12:33:37.406, 5, 181.07 W, 33, 120 MHz, 3996 MHz, 0 %, 0 %
2026/09/20 12:33:37.406, 6, 180.21 W, 29, 120 MHz, 3996 MHz, 0 %, 0 %
2026/09/20 12:33:37.406, 7, 184.09 W, 29, 120 MHz, 3996 MHz, 0 %, 0 %
2026/09/20 12:33:38.406, 0, 231.99 W, 37, 2032 MHz, 3996 MHz, 0 %, 0 %
2026/09/20 12:33:38.406, 1, 235.65 W, 38, 2032 MHz, 3996 MHz, 0 %, 0 %
2026/09/20 12:33:38.406, 2, 226.06 W, 31, 2032 MHz, 3996 MHz, 0 %, 0 %
2026/09/20 12:33:38.406, 3, 230.33 W, 31, 2032 MHz, 3996 MHz, 0 %, 0 %
2026/09/20 12:33:38.406, 4, 183.25 W, 35, 120 MHz, 3996 MHz, 0 %, 0 %
2026/09/20 12:33:38.406, 5, 180.99 W, 33, 120 MHz, 3996 MHz, 0 %, 0 %
2026/09/20 12:33:38.406, 6, 180.25 W, 29, 120 MHz, 3996 MHz, 0 %, 0 %
2026/09/20 12:33:38.406, 7, 184.09 W, 29, 120 MHz, 3996 MHz, 0 %, 0 %
2026/09/20 12:33:39.406, 0, 232.14 W, 37, 2032 MHz, 3996 MHz, 0 %, 0 %
2026/09/20 12:33:39.406, 1, 235.73 W, 38, 2032 MHz, 3996 MHz, 0 %, 0 %
2026/09/20 12:33:39.406, 2, 226.18 W, 31, 2032 MHz, 3996 MHz, 0 %, 0 %
2026/09/20 12:33:39.406, 3, 230.79 W, 31, 2032 MHz, 3996 MHz, 0 %, 0 %
2026/09/20 12:33:39.406, 4, 183.25 W, 35, 120 MHz, 3996 MHz, 0 %, 0 %
2026/09/20 12:33:39.407, 5, 180.99 W, 33, 120 MHz, 3996 MHz, 0 %, 0 %
2026/09/20 12:33:39.407, 6, 180.21 W, 29, 120 MHz, 3996 MHz, 0 %, 0 %
2026/09/20 12:33:39.407, 7, 184.09 W, 29, 120 MHz, 3996 MHz, 0 %, 0 %
2026/09/20 12:33:40.407, 0, 231.87 W, 37, 2032 MHz, 3996 MHz, 0 %, 0 %
2026/09/20 12:33:40.407, 1, 235.53 W, 38, 2032 MHz, 3996 MHz, 0 %, 0 %
2026/09/20 12:33:40.407, 2, 225.99 W, 31, 2032 MHz, 3996 MHz, 0 %, 0 %
2026/09/20 12:33:40.407, 3, 230.13 W, 31, 2032 MHz, 3996 MHz, 0 %, 0 %
2026/09/20 12:33:40.407, 4, 183.25 W, 35, 120 MHz, 3996 MHz, 0 %, 0 %
2026/09/20 12:33:40.407, 5, 180.92 W, 33, 120 MHz, 3996 MHz, 0 %, 0 %
2026/09/20 12:33:40.407, 6, 180.25 W, 29, 120 MHz, 3996 MHz, 0 %, 0 %
2026/09/20 12:33:40.407, 7, 184.09 W, 29, 120 MHz, 3996 MHz, 0 %, 0 %
2026/09/20 12:33:41.407, 0, 231.87 W, 37, 2032 MHz, 3996 MHz, 0 %, 0 %
2026/09/20 12:33:41.407, 1, 235.73 W, 38, 2032 MHz, 3996 MHz, 0 %, 0 %
2026/09/20 12:33:41.407, 2, 226.02 W, 31, 2032 MHz, 3996 MHz, 0 %, 0 %
2026/09/20 12:33:41.407, 3, 230.49 W, 31, 2032 MHz, 3996 MHz, 0 %, 0 %
2026/09/20 12:33:41.407, 4, 183.25 W, 35, 120 MHz, 3996 MHz, 0 %, 0 %
2026/09/20 12:33:41.407, 5, 181.10 W, 33, 120 MHz, 3996 MHz, 0 %, 0 %
2026/09/20 12:33:41.407, 6, 180.33 W, 29, 120 MHz, 3996 MHz, 0 %, 0 %
2026/09/20 12:33:41.407, 7, 184.09 W, 29, 120 MHz, 3996 MHz, 0 %, 0 %
2026/09/20 12:33:42.407, 0, 232.75 W, 37, 2032 MHz, 3996 MHz, 0 %, 0 %
2026/09/20 12:33:42.407, 1, 235.88 W, 38, 2032 MHz, 3996 MHz, 0 %, 0 %
2026/09/20 12:33:42.407, 2, 226.21 W, 31, 2032 MHz, 3996 MHz, 0 %, 0 %
2026/09/20 12:33:42.407, 3, 231.28 W, 31, 2032 MHz, 3996 MHz, 0 %, 0 %
2026/09/20 12:33:42.407, 4, 183.25 W, 35, 120 MHz, 3996 MHz, 0 %, 0 %
2026/09/20 12:33:42.407, 5, 181.03 W, 33, 120 MHz, 3996 MHz, 0 %, 0 %
2026/09/20 12:33:42.407, 6, 180.21 W, 29, 120 MHz, 3996 MHz, 0 %, 0 %
2026/09/20 12:33:42.407, 7, 184.09 W, 29, 120 MHz, 3996 MHz, 0 %, 0 %
2026/09/20 12:33:43.407, 0, 236.77 W, 37, 2032 MHz, 3996 MHz, 0 %, 0 %
2026/09/20 12:33:43.407, 1, 237.01 W, 38, 2032 MHz, 3996 MHz, 0 %, 0 %
2026/09/20 12:33:43.408, 2, 226.40 W, 31, 2032 MHz, 3996 MHz, 0 %, 0 %
2026/09/20 12:33:43.408, 3, 232.24 W, 31, 2032 MHz, 3996 MHz, 0 %, 0 %
2026/09/20 12:33:43.408, 4, 183.25 W, 35, 120 MHz, 3996 MHz, 0 %, 0 %
2026/09/20 12:33:43.408, 5, 181.11 W, 33, 120 MHz, 3996 MHz, 0 %, 0 %
2026/09/20 12:33:43.408, 6, 180.33 W, 29, 120 MHz, 3996 MHz, 0 %, 0 %
2026/09/20 12:33:43.408, 7, 184.09 W, 29, 120 MHz, 3996 MHz, 0 %, 0 %
2026/09/20 12:33:44.408, 0, 251.07 W, 37, 2032 MHz, 3996 MHz, 100 %, 1 %
2026/09/20 12:33:44.408, 1, 243.12 W, 38, 2032 MHz, 3996 MHz, 42 %, 1 %
2026/09/20 12:33:44.408, 2, 230.19 W, 31, 2032 MHz, 3996 MHz, 3 %, 1 %
2026/09/20 12:33:44.408, 3, 249.47 W, 32, 2032 MHz, 3996 MHz, 100 %, 1 %
2026/09/20 12:33:44.408, 4, 183.25 W, 35, 120 MHz, 3996 MHz, 0 %, 0 %
2026/09/20 12:33:44.408, 5, 181.22 W, 33, 120 MHz, 3996 MHz, 0 %, 0 %
2026/09/20 12:33:44.408, 6, 180.17 W, 29, 120 MHz, 3996 MHz, 0 %, 0 %
2026/09/20 12:33:44.408, 7, 184.09 W, 29, 120 MHz, 3996 MHz, 0 %, 0 %
2026/09/20 12:33:45.408, 0, 249.89 W, 37, 2032 MHz, 3996 MHz, 100 %, 2 %
2026/09/20 12:33:45.408, 1, 250.78 W, 38, 2032 MHz, 3996 MHz, 0 %, 0 %
2026/09/20 12:33:45.408, 2, 230.92 W, 31, 2032 MHz, 3996 MHz, 0 %, 0 %
2026/09/20 12:33:45.408, 3, 248.73 W, 31, 2032 MHz, 3996 MHz, 27 %, 1 %
2026/09/20 12:33:45.408, 4, 183.25 W, 35, 120 MHz, 3996 MHz, 0 %, 0 %
2026/09/20 12:33:45.408, 5, 180.95 W, 33, 120 MHz, 3996 MHz, 0 %, 0 %
2026/09/20 12:33:45.408, 6, 180.25 W, 29, 120 MHz, 3996 MHz, 0 %, 0 %
2026/09/20 12:33:45.408, 7, 184.09 W, 29, 120 MHz, 3996 MHz, 0 %, 0 %
2026/09/20 12:33:46.408, 0, 261.49 W, 37, 2032 MHz, 3996 MHz, 100 %, 2 %
2026/09/20 12:33:46.408, 1, 260.63 W, 38, 2032 MHz, 3996 MHz, 1 %, 0 %
2026/09/20 12:33:46.408, 2, 237.30 W, 31, 2032 MHz, 3996 MHz, 0 %, 0 %
2026/09/20 12:33:46.408, 3, 253.08 W, 32, 2032 MHz, 3996 MHz, 37 %, 2 %
2026/09/20 12:33:46.408, 4, 183.25 W, 35, 120 MHz, 3996 MHz, 0 %, 0 %
2026/09/20 12:33:46.408, 5, 180.99 W, 33, 120 MHz, 3996 MHz, 0 %, 0 %
2026/09/20 12:33:46.408, 6, 180.17 W, 29, 120 MHz, 3996 MHz, 0 %, 0 %
2026/09/20 12:33:46.408, 7, 184.09 W, 29, 120 MHz, 3996 MHz, 0 %, 0 %
2026/09/20 12:33:47.409, 0, 248.49 W, 37, 2032 MHz, 3996 MHz, 2 %, 0 %
2026/09/20 12:33:47.409, 1, 250.75 W, 38, 2032 MHz, 3996 MHz, 0 %, 0 %
2026/09/20 12:33:47.409, 2, 234.01 W, 31, 2032 MHz, 3996 MHz, 0 %, 0 %
2026/09/20 12:33:47.409, 3, 245.05 W, 31, 2032 MHz, 3996 MHz, 0 %, 0 %
2026/09/20 12:33:47.409, 4, 183.25 W, 35, 120 MHz, 3996 MHz, 0 %, 0 %
2026/09/20 12:33:47.409, 5, 181.04 W, 33, 120 MHz, 3996 MHz, 0 %, 0 %
2026/09/20 12:33:47.409, 6, 180.25 W, 29, 120 MHz, 3996 MHz, 0 %, 0 %
2026/09/20 12:33:47.409, 7, 184.09 W, 29, 120 MHz, 3996 MHz, 0 %, 0 %
2026/09/20 12:33:48.409, 0, 259.24 W, 37, 2032 MHz, 3996 MHz, 100 %, 2 %
2026/09/20 12:33:48.409, 1, 259.33 W, 38, 2032 MHz, 3996 MHz, 3 %, 0 %
2026/09/20 12:33:48.409, 2, 237.26 W, 31, 2032 MHz, 3996 MHz, 0 %, 0 %
2026/09/20 12:33:48.409, 3, 253.68 W, 31, 2032 MHz, 3996 MHz, 55 %, 2 %
2026/09/20 12:33:48.409, 4, 183.25 W, 35, 120 MHz, 3996 MHz, 0 %, 0 %
2026/09/20 12:33:48.409, 5, 181.23 W, 33, 120 MHz, 3996 MHz, 0 %, 0 %
2026/09/20 12:33:48.409, 6, 180.21 W, 29, 120 MHz, 3996 MHz, 0 %, 0 %
2026/09/20 12:33:48.409, 7, 184.09 W, 29, 120 MHz, 3996 MHz, 0 %, 0 %
2026/09/20 12:33:49.409, 0, 243.53 W, 37, 2032 MHz, 3996 MHz, 0 %, 0 %
2026/09/20 12:33:49.409, 1, 246.38 W, 38, 2032 MHz, 3996 MHz, 0 %, 0 %
2026/09/20 12:33:49.409, 2, 232.78 W, 31, 2032 MHz, 3996 MHz, 0 %, 0 %
2026/09/20 12:33:49.409, 3, 242.44 W, 31, 2032 MHz, 3996 MHz, 0 %, 0 %
2026/09/20 12:33:49.409, 4, 183.25 W, 35, 120 MHz, 3996 MHz, 0 %, 0 %
2026/09/20 12:33:49.409, 5, 181.18 W, 33, 120 MHz, 3996 MHz, 0 %, 0 %
2026/09/20 12:33:49.409, 6, 180.21 W, 29, 120 MHz, 3996 MHz, 0 %, 0 %
2026/09/20 12:33:49.409, 7, 184.09 W, 29, 120 MHz, 3996 MHz, 0 %, 0 %
2026/09/20 12:33:50.409, 0, 235.42 W, 37, 2032 MHz, 3996 MHz, 2 %, 0 %
2026/09/20 12:33:50.409, 1, 238.08 W, 38, 2032 MHz, 3996 MHz, 5 %, 1 %
2026/09/20 12:33:50.410, 2, 229.12 W, 31, 2032 MHz, 3996 MHz, 2 %, 1 %
2026/09/20 12:33:50.410, 3, 233.24 W, 31, 2032 MHz, 3996 MHz, 8 %, 1 %
2026/09/20 12:33:50.410, 4, 183.25 W, 35, 120 MHz, 3996 MHz, 0 %, 0 %
2026/09/20 12:33:50.410, 5, 180.88 W, 33, 120 MHz, 3996 MHz, 0 %, 0 %
2026/09/20 12:33:50.410, 6, 180.17 W, 29, 120 MHz, 3996 MHz, 0 %, 0 %
2026/09/20 12:33:50.410, 7, 184.09 W, 29, 120 MHz, 3996 MHz, 0 %, 0 %
2026/09/20 12:33:51.410, 0, 234.28 W, 37, 2032 MHz, 3996 MHz, 0 %, 0 %
2026/09/20 12:33:51.410, 1, 236.43 W, 38, 2032 MHz, 3996 MHz, 0 %, 0 %
2026/09/20 12:33:51.410, 2, 227.58 W, 31, 2032 MHz, 3996 MHz, 0 %, 0 %
2026/09/20 12:33:51.410, 3, 232.05 W, 31, 2032 MHz, 3996 MHz, 0 %, 0 %
2026/09/20 12:33:51.410, 4, 183.25 W, 35, 120 MHz, 3996 MHz, 0 %, 0 %
2026/09/20 12:33:51.410, 5, 181.18 W, 33, 120 MHz, 3996 MHz, 0 %, 0 %
2026/09/20 12:33:51.410, 6, 180.29 W, 29, 120 MHz, 3996 MHz, 0 %, 0 %
2026/09/20 12:33:51.410, 7, 184.09 W, 29, 120 MHz, 3996 MHz, 0 %, 0 %
2026/09/20 12:33:52.410, 0, 234.53 W, 37, 2032 MHz, 3996 MHz, 0 %, 0 %
2026/09/20 12:33:52.410, 1, 237.01 W, 38, 2032 MHz, 3996 MHz, 6 %, 1 %
2026/09/20 12:33:52.410, 2, 227.54 W, 31, 2032 MHz, 3996 MHz, 6 %, 2 %
2026/09/20 12:33:52.410, 3, 232.32 W, 31, 2032 MHz, 3996 MHz, 0 %, 0 %
2026/09/20 12:33:52.410, 4, 183.25 W, 35, 120 MHz, 3996 MHz, 0 %, 0 %
2026/09/20 12:33:52.410, 5, 181.06 W, 33, 120 MHz, 3996 MHz, 0 %, 0 %
2026/09/20 12:33:52.410, 6, 180.25 W, 29, 120 MHz, 3996 MHz, 0 %, 0 %
2026/09/20 12:33:52.410, 7, 184.09 W, 29, 120 MHz, 3996 MHz, 0 %, 0 %
2026/09/20 12:33:53.410, 0, 233.47 W, 37, 2032 MHz, 3996 MHz, 0 %, 0 %
2026/09/20 12:33:53.410, 1, 235.88 W, 38, 2032 MHz, 3996 MHz, 0 %, 0 %
2026/09/20 12:33:53.410, 2, 226.41 W, 31, 2032 MHz, 3996 MHz, 0 %, 0 %
2026/09/20 12:33:53.410, 3, 231.45 W, 31, 2032 MHz, 3996 MHz, 0 %, 0 %
2026/09/20 12:33:53.410, 4, 183.25 W, 35, 120 MHz, 3996 MHz, 0 %, 0 %
2026/09/20 12:33:53.410, 5, 181.19 W, 33, 120 MHz, 3996 MHz, 0 %, 0 %
2026/09/20 12:33:53.410, 6, 180.29 W, 29, 120 MHz, 3996 MHz, 0 %, 0 %
2026/09/20 12:33:53.410, 7, 184.09 W, 29, 120 MHz, 3996 MHz, 0 %, 0 %
2026/09/20 12:33:54.411, 0, 233.43 W, 37, 2032 MHz, 3996 MHz, 0 %, 0 %
2026/09/20 12:33:54.411, 1, 235.88 W, 38, 2032 MHz, 3996 MHz, 0 %, 0 %
2026/09/20 12:33:54.411, 2, 226.57 W, 31, 2032 MHz, 3996 MHz, 0 %, 0 %
2026/09/20 12:33:54.411, 3, 231.52 W, 31, 2032 MHz, 3996 MHz, 0 %, 0 %
2026/09/20 12:33:54.411, 4, 183.25 W, 35, 120 MHz, 3996 MHz, 0 %, 0 %
2026/09/20 12:33:54.411, 5, 180.96 W, 33, 120 MHz, 3996 MHz, 0 %, 0 %
2026/09/20 12:33:54.411, 6, 180.32 W, 29, 120 MHz, 3996 MHz, 0 %, 0 %
2026/09/20 12:33:54.411, 7, 184.09 W, 29, 120 MHz, 3996 MHz, 0 %, 0 %
2026/09/20 12:33:55.411, 0, 270.00 W, 38, 2032 MHz, 3996 MHz, 54 %, 28 %
2026/09/20 12:33:55.411, 1, 269.48 W, 40, 2032 MHz, 3996 MHz, 5 %, 0 %
2026/09/20 12:33:55.411, 2, 269.56 W, 33, 2032 MHz, 3996 MHz, 43 %, 1 %
2026/09/20 12:33:55.411, 3, 260.15 W, 33, 2032 MHz, 3996 MHz, 3 %, 1 %
2026/09/20 12:33:55.411, 4, 183.25 W, 35, 120 MHz, 3996 MHz, 0 %, 0 %
2026/09/20 12:33:55.411, 5, 180.91 W, 33, 120 MHz, 3996 MHz, 0 %, 0 %
2026/09/20 12:33:55.411, 6, 180.21 W, 29, 120 MHz, 3996 MHz, 0 %, 0 %
2026/09/20 12:33:55.411, 7, 184.09 W, 29, 120 MHz, 3996 MHz, 0 %, 0 %
2026/09/20 12:33:56.411, 0, 234.18 W, 37, 2032 MHz, 3996 MHz, 0 %, 0 %
2026/09/20 12:33:56.411, 1, 241.84 W, 38, 2032 MHz, 3996 MHz, 0 %, 0 %
2026/09/20 12:33:56.411, 2, 234.64 W, 32, 2032 MHz, 3996 MHz, 0 %, 0 %
2026/09/20 12:33:56.411, 3, 232.24 W, 31, 2032 MHz, 3996 MHz, 0 %, 0 %
2026/09/20 12:33:56.411, 4, 183.25 W, 35, 120 MHz, 3996 MHz, 0 %, 0 %
2026/09/20 12:33:56.411, 5, 180.92 W, 33, 120 MHz, 3996 MHz, 0 %, 0 %
2026/09/20 12:33:56.411, 6, 180.17 W, 29, 120 MHz, 3996 MHz, 0 %, 0 %
2026/09/20 12:33:56.411, 7, 184.09 W, 29, 120 MHz, 3996 MHz, 0 %, 0 %
2026/09/20 12:33:57.411, 0, 233.43 W, 37, 2032 MHz, 3996 MHz, 0 %, 0 %
2026/09/20 12:33:57.411, 1, 235.88 W, 38, 2032 MHz, 3996 MHz, 0 %, 0 %
2026/09/20 12:33:57.411, 2, 226.60 W, 31, 2032 MHz, 3996 MHz, 0 %, 0 %
2026/09/20 12:33:57.411, 3, 231.56 W, 31, 2032 MHz, 3996 MHz, 0 %, 0 %
2026/09/20 12:33:57.411, 4, 183.25 W, 35, 120 MHz, 3996 MHz, 0 %, 0 %
2026/09/20 12:33:57.411, 5, 181.18 W, 33, 120 MHz, 3996 MHz, 0 %, 0 %
2026/09/20 12:33:57.412, 6, 180.21 W, 29, 120 MHz, 3996 MHz, 0 %, 0 %
2026/09/20 12:33:57.412, 7, 184.09 W, 29, 120 MHz, 3996 MHz, 0 %, 0 %
2026/09/20 12:33:58.412, 0, 233.35 W, 37, 2032 MHz, 3996 MHz, 0 %, 0 %
2026/09/20 12:33:58.412, 1, 235.88 W, 38, 2032 MHz, 3996 MHz, 0 %, 0 %
2026/09/20 12:33:58.412, 2, 226.57 W, 31, 2032 MHz, 3996 MHz, 0 %, 0 %
2026/09/20 12:33:58.412, 3, 231.56 W, 31, 2032 MHz, 3996 MHz, 0 %, 0 %
2026/09/20 12:33:58.412, 4, 183.25 W, 35, 120 MHz, 3996 MHz, 0 %, 0 %
2026/09/20 12:33:58.412, 5, 180.99 W, 33, 120 MHz, 3996 MHz, 0 %, 0 %
2026/09/20 12:33:58.412, 6, 180.37 W, 29, 120 MHz, 3996 MHz, 0 %, 0 %
2026/09/20 12:33:58.412, 7, 184.09 W, 29, 120 MHz, 3996 MHz, 0 %, 0 %
2026/09/20 12:33:59.412, 0, 242.79 W, 37, 2032 MHz, 3996 MHz, 0 %, 0 %
2026/09/20 12:33:59.412, 1, 244.53 W, 38, 2032 MHz, 3996 MHz, 0 %, 0 %
2026/09/20 12:33:59.412, 2, 234.80 W, 32, 2032 MHz, 3996 MHz, 0 %, 0 %
2026/09/20 12:33:59.412, 3, 239.66 W, 31, 2032 MHz, 3996 MHz, 0 %, 0 %
2026/09/20 12:33:59.412, 4, 183.25 W, 35, 120 MHz, 3996 MHz, 0 %, 0 %
2026/09/20 12:33:59.412, 5, 181.30 W, 33, 120 MHz, 3996 MHz, 0 %, 0 %
2026/09/20 12:33:59.412, 6, 180.25 W, 29, 120 MHz, 3996 MHz, 0 %, 0 %
2026/09/20 12:33:59.412, 7, 184.09 W, 29, 120 MHz, 3996 MHz, 0 %, 0 %
2026/09/20 12:34:00.412, 0, 233.51 W, 37, 2032 MHz, 3996 MHz, 0 %, 0 %
2026/09/20 12:34:00.412, 1, 235.88 W, 38, 2032 MHz, 3996 MHz, 0 %, 0 %
2026/09/20 12:34:00.412, 2, 226.67 W, 31, 2032 MHz, 3996 MHz, 0 %, 0 %
2026/09/20 12:34:00.412, 3, 231.57 W, 31, 2032 MHz, 3996 MHz, 0 %, 0 %
2026/09/20 12:34:00.412, 4, 183.25 W, 35, 120 MHz, 3996 MHz, 0 %, 0 %
2026/09/20 12:34:00.412, 5, 181.22 W, 33, 120 MHz, 3996 MHz, 0 %, 0 %
2026/09/20 12:34:00.412, 6, 180.29 W, 29, 120 MHz, 3996 MHz, 0 %, 0 %
2026/09/20 12:34:00.412, 7, 184.09 W, 29, 120 MHz, 3996 MHz, 0 %, 0 %
2026/09/20 12:34:01.412, 0, 233.66 W, 37, 2032 MHz, 3996 MHz, 0 %, 0 %
2026/09/20 12:34:01.412, 1, 235.88 W, 38, 2032 MHz, 3996 MHz, 0 %, 0 %
2026/09/20 12:34:01.412, 2, 226.45 W, 31, 2032 MHz, 3996 MHz, 0 %, 0 %
2026/09/20 12:34:01.412, 3, 231.61 W, 31, 2032 MHz, 3996 MHz, 0 %, 0 %
2026/09/20 12:34:01.412, 4, 183.25 W, 35, 120 MHz, 3996 MHz, 0 %, 0 %
2026/09/20 12:34:01.412, 5, 180.99 W, 33, 120 MHz, 3996 MHz, 0 %, 0 %
2026/09/20 12:34:01.413, 6, 180.17 W, 29, 120 MHz, 3996 MHz, 0 %, 0 %
2026/09/20 12:34:01.413, 7, 184.09 W, 29, 120 MHz, 3996 MHz, 0 %, 0 %
2026/09/20 12:34:02.413, 0, 233.51 W, 37, 2032 MHz, 3996 MHz, 0 %, 0 %
2026/09/20 12:34:02.413, 1, 235.88 W, 38, 2032 MHz, 3996 MHz, 0 %, 0 %
2026/09/20 12:34:02.413, 2, 226.33 W, 31, 2032 MHz, 3996 MHz, 0 %, 0 %
2026/09/20 12:34:02.413, 3, 231.62 W, 31, 2032 MHz, 3996 MHz, 0 %, 0 %
2026/09/20 12:34:02.413, 4, 183.25 W, 35, 120 MHz, 3996 MHz, 0 %, 0 %
2026/09/20 12:34:02.413, 5, 181.00 W, 33, 120 MHz, 3996 MHz, 0 %, 0 %
2026/09/20 12:34:02.413, 6, 180.17 W, 29, 120 MHz, 3996 MHz, 0 %, 0 %
2026/09/20 12:34:02.413, 7, 184.09 W, 29, 120 MHz, 3996 MHz, 0 %, 0 %
2026/09/20 12:34:03.413, 0, 233.58 W, 37, 2032 MHz, 3996 MHz, 0 %, 0 %
2026/09/20 12:34:03.413, 1, 235.88 W, 38, 2032 MHz, 3996 MHz, 0 %, 0 %
2026/09/20 12:34:03.413, 2, 226.84 W, 31, 2032 MHz, 3996 MHz, 0 %, 0 %
2026/09/20 12:34:03.413, 3, 231.67 W, 31, 2032 MHz, 3996 MHz, 0 %, 0 %
2026/09/20 12:34:03.413, 4, 183.25 W, 35, 120 MHz, 3996 MHz, 0 %, 0 %
2026/09/20 12:34:03.413, 5, 181.18 W, 33, 120 MHz, 3996 MHz, 0 %, 0 %
2026/09/20 12:34:03.413, 6, 180.29 W, 29, 120 MHz, 3996 MHz, 0 %, 0 %
2026/09/20 12:34:03.413, 7, 184.09 W, 29, 120 MHz, 3996 MHz, 0 %, 0 %
2026/09/20 12:34:04.413, 0, 233.51 W, 37, 2032 MHz, 3996 MHz, 0 %, 0 %
2026/09/20 12:34:04.413, 1, 235.88 W, 38, 2032 MHz, 3996 MHz, 0 %, 0 %
2026/09/20 12:34:04.413, 2, 226.65 W, 31, 2032 MHz, 3996 MHz, 0 %, 0 %
2026/09/20 12:34:04.413, 3, 231.67 W, 31, 2032 MHz, 3996 MHz, 0 %, 0 %
2026/09/20 12:34:04.413, 4, 183.25 W, 35, 120 MHz, 3996 MHz, 0 %, 0 %
2026/09/20 12:34:04.413, 5, 181.07 W, 33, 120 MHz, 3996 MHz, 0 %, 0 %
2026/09/20 12:34:04.413, 6, 180.21 W, 29, 120 MHz, 3996 MHz, 0 %, 0 %
2026/09/20 12:34:04.413, 7, 184.09 W, 29, 120 MHz, 3996 MHz, 0 %, 0 %
2026/09/20 12:34:05.413, 0, 233.66 W, 37, 2032 MHz, 3996 MHz, 0 %, 0 %
2026/09/20 12:34:05.413, 1, 235.88 W, 38, 2032 MHz, 3996 MHz, 0 %, 0 %
2026/09/20 12:34:05.413, 2, 226.79 W, 31, 2032 MHz, 3996 MHz, 0 %, 0 %
2026/09/20 12:34:05.413, 3, 231.65 W, 31, 2032 MHz, 3996 MHz, 0 %, 0 %
2026/09/20 12:34:05.413, 4, 183.25 W, 35, 120 MHz, 3996 MHz, 0 %, 0 %
2026/09/20 12:34:05.413, 5, 180.91 W, 33, 120 MHz, 3996 MHz, 0 %, 0 %
2026/09/20 12:34:05.414, 6, 180.21 W, 29, 120 MHz, 3996 MHz, 0 %, 0 %
2026/09/20 12:34:05.414, 7, 184.09 W, 29, 120 MHz, 3996 MHz, 0 %, 0 %
2026/09/20 12:34:06.414, 0, 233.40 W, 37, 2032 MHz, 3996 MHz, 0 %, 0 %
2026/09/20 12:34:06.414, 1, 235.88 W, 38, 2032 MHz, 3996 MHz, 0 %, 0 %
2026/09/20 12:34:06.414, 2, 226.41 W, 31, 2032 MHz, 3996 MHz, 0 %, 0 %
2026/09/20 12:34:06.414, 3, 231.61 W, 31, 2032 MHz, 3996 MHz, 0 %, 0 %
2026/09/20 12:34:06.414, 4, 183.25 W, 35, 120 MHz, 3996 MHz, 0 %, 0 %
2026/09/20 12:34:06.414, 5, 181.00 W, 33, 120 MHz, 3996 MHz, 0 %, 0 %
2026/09/20 12:34:06.414, 6, 180.25 W, 29, 120 MHz, 3996 MHz, 0 %, 0 %
2026/09/20 12:34:06.414, 7, 184.09 W, 29, 120 MHz, 3996 MHz, 0 %, 0 %
2026/09/20 12:34:07.414, 0, 233.43 W, 37, 2032 MHz, 3996 MHz, 0 %, 0 %
2026/09/20 12:34:07.414, 1, 235.88 W, 38, 2032 MHz, 3996 MHz, 0 %, 0 %
2026/09/20 12:34:07.414, 2, 226.45 W, 31, 2032 MHz, 3996 MHz, 0 %, 0 %
2026/09/20 12:34:07.414, 3, 231.63 W, 31, 2032 MHz, 3996 MHz, 0 %, 0 %
2026/09/20 12:34:07.414, 4, 183.25 W, 35, 120 MHz, 3996 MHz, 0 %, 0 %
2026/09/20 12:34:07.414, 5, 181.15 W, 33, 120 MHz, 3996 MHz, 0 %, 0 %
2026/09/20 12:34:07.414, 6, 180.21 W, 29, 120 MHz, 3996 MHz, 0 %, 0 %
2026/09/20 12:34:07.414, 7, 184.09 W, 29, 120 MHz, 3996 MHz, 0 %, 0 %
2026/09/20 12:34:08.414, 0, 233.51 W, 37, 2032 MHz, 3996 MHz, 0 %, 0 %
2026/09/20 12:34:08.414, 1, 235.88 W, 38, 2032 MHz, 3996 MHz, 0 %, 0 %
2026/09/20 12:34:08.414, 2, 226.25 W, 31, 2032 MHz, 3996 MHz, 0 %, 0 %
2026/09/20 12:34:08.414, 3, 231.66 W, 31, 2032 MHz, 3996 MHz, 0 %, 0 %
2026/09/20 12:34:08.414, 4, 183.25 W, 35, 120 MHz, 3996 MHz, 0 %, 0 %
2026/09/20 12:34:08.414, 5, 180.77 W, 33, 120 MHz, 3996 MHz, 0 %, 0 %
2026/09/20 12:34:08.414, 6, 180.25 W, 29, 120 MHz, 3996 MHz, 0 %, 0 %
2026/09/20 12:34:08.414, 7, 184.09 W, 29, 120 MHz, 3996 MHz, 0 %, 0 %
2026/09/20 12:34:09.415, 0, 233.19 W, 37, 2032 MHz, 3996 MHz, 0 %, 0 %
2026/09/20 12:34:09.415, 1, 235.88 W, 38, 2032 MHz, 3996 MHz, 0 %, 0 %
2026/09/20 12:34:09.415, 2, 226.57 W, 31, 2032 MHz, 3996 MHz, 0 %, 0 %
2026/09/20 12:34:09.415, 3, 231.65 W, 31, 2032 MHz, 3996 MHz, 0 %, 0 %
2026/09/20 12:34:09.415, 4, 183.25 W, 35, 120 MHz, 3996 MHz, 0 %, 0 %
2026/09/20 12:34:09.415, 5, 181.22 W, 33, 120 MHz, 3996 MHz, 0 %, 0 %
2026/09/20 12:34:09.415, 6, 180.21 W, 29, 120 MHz, 3996 MHz, 0 %, 0 %
2026/09/20 12:34:09.415, 7, 184.09 W, 29, 120 MHz, 3996 MHz, 0 %, 0 %
2026/09/20 12:34:10.415, 0, 233.39 W, 37, 2032 MHz, 3996 MHz, 0 %, 0 %
2026/09/20 12:34:10.415, 1, 235.88 W, 38, 2032 MHz, 3996 MHz, 0 %, 0 %
2026/09/20 12:34:10.415, 2, 226.57 W, 31, 2032 MHz, 3996 MHz, 0 %, 0 %
2026/09/20 12:34:10.415, 3, 231.62 W, 31, 2032 MHz, 3996 MHz, 0 %, 0 %
2026/09/20 12:34:10.415, 4, 183.25 W, 35, 120 MHz, 3996 MHz, 0 %, 0 %
2026/09/20 12:34:10.415, 5, 181.34 W, 33, 120 MHz, 3996 MHz, 0 %, 0 %
2026/09/20 12:34:10.415, 6, 180.32 W, 29, 120 MHz, 3996 MHz, 0 %, 0 %
2026/09/20 12:34:10.415, 7, 184.09 W, 29, 120 MHz, 3996 MHz, 0 %, 0 %
2026/09/20 12:34:11.415, 0, 233.47 W, 37, 2032 MHz, 3996 MHz, 0 %, 0 %
2026/09/20 12:34:11.415, 1, 235.88 W, 38, 2032 MHz, 3996 MHz, 0 %, 0 %
2026/09/20 12:34:11.415, 2, 226.30 W, 31, 2032 MHz, 3996 MHz, 0 %, 0 %
2026/09/20 12:34:11.415, 3, 231.65 W, 31, 2032 MHz, 3996 MHz, 0 %, 0 %
2026/09/20 12:34:11.415, 4, 183.25 W, 35, 120 MHz, 3996 MHz, 0 %, 0 %
2026/09/20 12:34:11.415, 5, 180.88 W, 33, 120 MHz, 3996 MHz, 0 %, 0 %
2026/09/20 12:34:11.415, 6, 180.25 W, 29, 120 MHz, 3996 MHz, 0 %, 0 %
2026/09/20 12:34:11.415, 7, 184.09 W, 29, 120 MHz, 3996 MHz, 0 %, 0 %
2026/09/20 12:34:12.415, 0, 233.58 W, 37, 2032 MHz, 3996 MHz, 0 %, 0 %
2026/09/20 12:34:12.415, 1, 235.88 W, 38, 2032 MHz, 3996 MHz, 0 %, 0 %
2026/09/20 12:34:12.415, 2, 226.52 W, 31, 2032 MHz, 3996 MHz, 0 %, 0 %
2026/09/20 12:34:12.415, 3, 231.54 W, 31, 2032 MHz, 3996 MHz, 0 %, 0 %
2026/09/20 12:34:12.415, 4, 183.25 W, 35, 120 MHz, 3996 MHz, 0 %, 0 %
2026/09/20 12:34:12.415, 5, 180.91 W, 33, 120 MHz, 3996 MHz, 0 %, 0 %
2026/09/20 12:34:12.415, 6, 180.21 W, 29, 120 MHz, 3996 MHz, 0 %, 0 %
2026/09/20 12:34:12.415, 7, 184.09 W, 29, 120 MHz, 3996 MHz, 0 %, 0 %
2026/09/20 12:34:13.416, 0, 233.39 W, 37, 2032 MHz, 3996 MHz, 0 %, 0 %
2026/09/20 12:34:13.416, 1, 235.88 W, 38, 2032 MHz, 3996 MHz, 0 %, 0 %
2026/09/20 12:34:13.416, 2, 226.46 W, 31, 2032 MHz, 3996 MHz, 0 %, 0 %
2026/09/20 12:34:13.416, 3, 231.45 W, 31, 2032 MHz, 3996 MHz, 0 %, 0 %
2026/09/20 12:34:13.416, 4, 183.25 W, 35, 120 MHz, 3996 MHz, 0 %, 0 %
2026/09/20 12:34:13.416, 5, 181.15 W, 33, 120 MHz, 3996 MHz, 0 %, 0 %
2026/09/20 12:34:13.416, 6, 180.21 W, 29, 120 MHz, 3996 MHz, 0 %, 0 %
2026/09/20 12:34:13.416, 7, 184.09 W, 29, 120 MHz, 3996 MHz, 0 %, 0 %
2026/09/20 12:34:14.416, 0, 233.47 W, 37, 2032 MHz, 3996 MHz, 0 %, 0 %
2026/09/20 12:34:14.416, 1, 235.88 W, 38, 2032 MHz, 3996 MHz, 0 %, 0 %
2026/09/20 12:34:14.416, 2, 226.68 W, 31, 2032 MHz, 3996 MHz, 0 %, 0 %
2026/09/20 12:34:14.416, 3, 231.60 W, 31, 2032 MHz, 3996 MHz, 0 %, 0 %
2026/09/20 12:34:14.416, 4, 183.25 W, 35, 120 MHz, 3996 MHz, 0 %, 0 %
2026/09/20 12:34:14.416, 5, 180.99 W, 33, 120 MHz, 3996 MHz, 0 %, 0 %
2026/09/20 12:34:14.416, 6, 180.21 W, 29, 120 MHz, 3996 MHz, 0 %, 0 %
2026/09/20 12:34:14.416, 7, 184.09 W, 29, 120 MHz, 3996 MHz, 0 %, 0 %
2026/09/20 12:34:15.416, 0, 233.51 W, 37, 2032 MHz, 3996 MHz, 0 %, 0 %
2026/09/20 12:34:15.416, 1, 235.88 W, 38, 2032 MHz, 3996 MHz, 0 %, 0 %
2026/09/20 12:34:15.416, 2, 226.49 W, 31, 2032 MHz, 3996 MHz, 0 %, 0 %
2026/09/20 12:34:15.416, 3, 231.51 W, 31, 2032 MHz, 3996 MHz, 0 %, 0 %
2026/09/20 12:34:15.416, 4, 183.25 W, 35, 120 MHz, 3996 MHz, 0 %, 0 %
2026/09/20 12:34:15.416, 5, 181.03 W, 33, 120 MHz, 3996 MHz, 0 %, 0 %
2026/09/20 12:34:15.416, 6, 180.17 W, 29, 120 MHz, 3996 MHz, 0 %, 0 %
2026/09/20 12:34:15.416, 7, 184.09 W, 29, 120 MHz, 3996 MHz, 0 %, 0 %
2026/09/20 12:34:16.416, 0, 233.20 W, 37, 2032 MHz, 3996 MHz, 0 %, 0 %
2026/09/20 12:34:16.417, 1, 235.88 W, 38, 2032 MHz, 3996 MHz, 0 %, 0 %
2026/09/20 12:34:16.417, 2, 226.56 W, 31, 2032 MHz, 3996 MHz, 0 %, 0 %
2026/09/20 12:34:16.417, 3, 231.64 W, 31, 2032 MHz, 3996 MHz, 0 %, 0 %
2026/09/20 12:34:16.417, 4, 183.25 W, 35, 120 MHz, 3996 MHz, 0 %, 0 %
2026/09/20 12:34:16.417, 5, 180.99 W, 33, 120 MHz, 3996 MHz, 0 %, 0 %
2026/09/20 12:34:16.417, 6, 180.21 W, 29, 120 MHz, 3996 MHz, 0 %, 0 %
2026/09/20 12:34:16.417, 7, 184.09 W, 29, 120 MHz, 3996 MHz, 0 %, 0 %
2026/09/20 12:34:17.417, 0, 233.40 W, 37, 2032 MHz, 3996 MHz, 0 %, 0 %
2026/09/20 12:34:17.417, 1, 235.88 W, 38, 2032 MHz, 3996 MHz, 0 %, 0 %
2026/09/20 12:34:17.417, 2, 226.69 W, 31, 2032 MHz, 3996 MHz, 0 %, 0 %
2026/09/20 12:34:17.417, 3, 231.53 W, 31, 2032 MHz, 3996 MHz, 0 %, 0 %
2026/09/20 12:34:17.417, 4, 183.25 W, 35, 120 MHz, 3996 MHz, 0 %, 0 %
2026/09/20 12:34:17.417, 5, 181.22 W, 33, 120 MHz, 3996 MHz, 0 %, 0 %
2026/09/20 12:34:17.417, 6, 180.21 W, 29, 120 MHz, 3996 MHz, 0 %, 0 %
2026/09/20 12:34:17.417, 7, 184.09 W, 29, 120 MHz, 3996 MHz, 0 %, 0 %
2026/09/20 12:34:18.417, 0, 233.39 W, 37, 2032 MHz, 3996 MHz, 0 %, 0 %
2026/09/20 12:34:18.417, 1, 235.88 W, 38, 2032 MHz, 3996 MHz, 0 %, 0 %
2026/09/20 12:34:18.417, 2, 226.45 W, 31, 2032 MHz, 3996 MHz, 0 %, 0 %
2026/09/20 12:34:18.417, 3, 231.65 W, 31, 2032 MHz, 3996 MHz, 0 %, 0 %
2026/09/20 12:34:18.417, 4, 183.25 W, 35, 120 MHz, 3996 MHz, 0 %, 0 %
2026/09/20 12:34:18.417, 5, 180.83 W, 33, 120 MHz, 3996 MHz, 0 %, 0 %
2026/09/20 12:34:18.417, 6, 180.25 W, 29, 120 MHz, 3996 MHz, 0 %, 0 %
2026/09/20 12:34:18.417, 7, 184.09 W, 29, 120 MHz, 3996 MHz, 0 %, 0 %
2026/09/20 12:34:19.418, 0, 233.62 W, 37, 2032 MHz, 3996 MHz, 0 %, 0 %
2026/09/20 12:34:19.418, 1, 235.88 W, 38, 2032 MHz, 3996 MHz, 0 %, 0 %
2026/09/20 12:34:19.418, 2, 226.45 W, 31, 2032 MHz, 3996 MHz, 0 %, 0 %
2026/09/20 12:34:19.418, 3, 231.64 W, 31, 2032 MHz, 3996 MHz, 0 %, 0 %
2026/09/20 12:34:19.418, 4, 183.25 W, 35, 120 MHz, 3996 MHz, 0 %, 0 %
2026/09/20 12:34:19.418, 5, 180.92 W, 33, 120 MHz, 3996 MHz, 0 %, 0 %
2026/09/20 12:34:19.418, 6, 180.17 W, 29, 120 MHz, 3996 MHz, 0 %, 0 %
2026/09/20 12:34:19.418, 7, 184.09 W, 29, 120 MHz, 3996 MHz, 0 %, 0 %
2026/09/20 12:34:20.418, 0, 242.12 W, 37, 2032 MHz, 3996 MHz, 0 %, 0 %
2026/09/20 12:34:20.418, 1, 235.88 W, 38, 2032 MHz, 3996 MHz, 0 %, 0 %
2026/09/20 12:34:20.418, 2, 226.48 W, 31, 2032 MHz, 3996 MHz, 0 %, 0 %
2026/09/20 12:34:20.418, 3, 232.98 W, 31, 2032 MHz, 3996 MHz, 0 %, 0 %
2026/09/20 12:34:20.418, 4, 183.25 W, 35, 120 MHz, 3996 MHz, 0 %, 0 %
2026/09/20 12:34:20.418, 5, 180.87 W, 33, 120 MHz, 3996 MHz, 0 %, 0 %
2026/09/20 12:34:20.418, 6, 180.17 W, 29, 120 MHz, 3996 MHz, 0 %, 0 %
2026/09/20 12:34:20.418, 7, 184.09 W, 29, 120 MHz, 3996 MHz, 0 %, 0 %
2026/09/20 12:34:21.418, 0, 688.18 W, 43, 2032 MHz, 3996 MHz, 99 %, 48 %
2026/09/20 12:34:21.418, 1, 591.39 W, 45, 2032 MHz, 3996 MHz, 99 %, 46 %
2026/09/20 12:34:21.418, 2, 662.97 W, 38, 2032 MHz, 3996 MHz, 94 %, 42 %
2026/09/20 12:34:21.418, 3, 679.24 W, 38, 2032 MHz, 3996 MHz, 99 %, 47 %
2026/09/20 12:34:21.418, 4, 183.25 W, 35, 120 MHz, 3996 MHz, 0 %, 0 %
2026/09/20 12:34:21.418, 5, 180.96 W, 33, 120 MHz, 3996 MHz, 0 %, 0 %
2026/09/20 12:34:21.418, 6, 180.17 W, 29, 120 MHz, 3996 MHz, 0 %, 0 %
2026/09/20 12:34:21.418, 7, 184.09 W, 29, 120 MHz, 3996 MHz, 0 %, 0 %
2026/09/20 12:34:22.419, 0, 646.51 W, 44, 2032 MHz, 3996 MHz, 99 %, 50 %
2026/09/20 12:34:22.419, 1, 657.00 W, 45, 2032 MHz, 3996 MHz, 99 %, 51 %
2026/09/20 12:34:22.419, 2, 636.70 W, 38, 2032 MHz, 3996 MHz, 99 %, 50 %
2026/09/20 12:34:22.419, 3, 642.12 W, 39, 2032 MHz, 3996 MHz, 99 %, 51 %
2026/09/20 12:34:22.419, 4, 183.25 W, 35, 120 MHz, 3996 MHz, 0 %, 0 %
2026/09/20 12:34:22.419, 5, 180.84 W, 33, 120 MHz, 3996 MHz, 0 %, 0 %
2026/09/20 12:34:22.419, 6, 180.17 W, 29, 120 MHz, 3996 MHz, 0 %, 0 %
2026/09/20 12:34:22.419, 7, 184.09 W, 29, 120 MHz, 3996 MHz, 0 %, 0 %
2026/09/20 12:34:23.419, 0, 652.99 W, 44, 2032 MHz, 3996 MHz, 99 %, 51 %
2026/09/20 12:34:23.419, 1, 658.23 W, 45, 2032 MHz, 3996 MHz, 99 %, 51 %
2026/09/20 12:34:23.419, 2, 642.57 W, 39, 2032 MHz, 3996 MHz, 99 %, 51 %
2026/09/20 12:34:23.419, 3, 643.91 W, 39, 2032 MHz, 3996 MHz, 99 %, 51 %
2026/09/20 12:34:23.419, 4, 183.25 W, 35, 120 MHz, 3996 MHz, 0 %, 0 %
2026/09/20 12:34:23.419, 5, 181.10 W, 33, 120 MHz, 3996 MHz, 0 %, 0 %
2026/09/20 12:34:23.419, 6, 180.21 W, 29, 120 MHz, 3996 MHz, 0 %, 0 %
2026/09/20 12:34:23.419, 7, 184.09 W, 29, 120 MHz, 3996 MHz, 0 %, 0 %
2026/09/20 12:34:24.419, 0, 655.71 W, 44, 2032 MHz, 3996 MHz, 99 %, 51 %
2026/09/20 12:34:24.419, 1, 664.34 W, 46, 2032 MHz, 3996 MHz, 99 %, 51 %
2026/09/20 12:34:24.419, 2, 645.97 W, 39, 2032 MHz, 3996 MHz, 99 %, 51 %
2026/09/20 12:34:24.419, 3, 647.74 W, 39, 2032 MHz, 3996 MHz, 99 %, 51 %
2026/09/20 12:34:24.419, 4, 183.25 W, 35, 120 MHz, 3996 MHz, 0 %, 0 %
2026/09/20 12:34:24.419, 5, 181.14 W, 33, 120 MHz, 3996 MHz, 0 %, 0 %
2026/09/20 12:34:24.419, 6, 180.29 W, 29, 120 MHz, 3996 MHz, 0 %, 0 %
2026/09/20 12:34:24.419, 7, 184.09 W, 29, 120 MHz, 3996 MHz, 0 %, 0 %
2026/09/20 12:34:25.419, 0, 652.89 W, 44, 2032 MHz, 3996 MHz, 99 %, 50 %
2026/09/20 12:34:25.419, 1, 662.34 W, 46, 2032 MHz, 3996 MHz, 99 %, 50 %
2026/09/20 12:34:25.419, 2, 643.83 W, 39, 2032 MHz, 3996 MHz, 99 %, 50 %
2026/09/20 12:34:25.419, 3, 646.72 W, 39, 2032 MHz, 3996 MHz, 99 %, 50 %
2026/09/20 12:34:25.419, 4, 183.25 W, 35, 120 MHz, 3996 MHz, 0 %, 0 %
2026/09/20 12:34:25.419, 5, 181.11 W, 33, 120 MHz, 3996 MHz, 0 %, 0 %
2026/09/20 12:34:25.420, 6, 180.32 W, 29, 120 MHz, 3996 MHz, 0 %, 0 %
2026/09/20 12:34:25.420, 7, 184.09 W, 29, 120 MHz, 3996 MHz, 0 %, 0 %
2026/09/20 12:34:26.420, 0, 656.21 W, 45, 2032 MHz, 3996 MHz, 99 %, 52 %
2026/09/20 12:34:26.420, 1, 660.95 W, 46, 2032 MHz, 3996 MHz, 99 %, 50 %
2026/09/20 12:34:26.420, 2, 646.56 W, 40, 2032 MHz, 3996 MHz, 99 %, 50 %
2026/09/20 12:34:26.420, 3, 647.14 W, 40, 2032 MHz, 3996 MHz, 99 %, 51 %
2026/09/20 12:34:26.420, 4, 183.25 W, 35, 120 MHz, 3996 MHz, 0 %, 0 %
2026/09/20 12:34:26.420, 5, 181.26 W, 33, 120 MHz, 3996 MHz, 0 %, 0 %
2026/09/20 12:34:26.420, 6, 180.21 W, 29, 120 MHz, 3996 MHz, 0 %, 0 %
2026/09/20 12:34:26.420, 7, 184.09 W, 29, 120 MHz, 3996 MHz, 0 %, 0 %
2026/09/20 12:34:27.420, 0, 657.45 W, 45, 2032 MHz, 3996 MHz, 99 %, 52 %
2026/09/20 12:34:27.420, 1, 663.08 W, 46, 2032 MHz, 3996 MHz, 99 %, 51 %
2026/09/20 12:34:27.420, 2, 649.29 W, 40, 2032 MHz, 3996 MHz, 99 %, 51 %
2026/09/20 12:34:27.420, 3, 646.15 W, 40, 2032 MHz, 3996 MHz, 99 %, 52 %
2026/09/20 12:34:27.420, 4, 183.25 W, 35, 120 MHz, 3996 MHz, 0 %, 0 %
2026/09/20 12:34:27.420, 5, 181.10 W, 33, 120 MHz, 3996 MHz, 0 %, 0 %
2026/09/20 12:34:27.420, 6, 180.21 W, 29, 120 MHz, 3996 MHz, 0 %, 0 %
2026/09/20 12:34:27.420, 7, 184.09 W, 29, 120 MHz, 3996 MHz, 0 %, 0 %
2026/09/20 12:34:28.420, 0, 659.16 W, 46, 2032 MHz, 3996 MHz, 100 %, 12 %
2026/09/20 12:34:28.420, 1, 670.64 W, 48, 2032 MHz, 3996 MHz, 96 %, 43 %
2026/09/20 12:34:28.420, 2, 648.56 W, 41, 2032 MHz, 3996 MHz, 98 %, 53 %
2026/09/20 12:34:28.420, 3, 591.04 W, 41, 2032 MHz, 3996 MHz, 84 %, 14 %
2026/09/20 12:34:28.420, 4, 183.25 W, 35, 120 MHz, 3996 MHz, 0 %, 0 %
2026/09/20 12:34:28.420, 5, 181.15 W, 33, 120 MHz, 3996 MHz, 0 %, 0 %
2026/09/20 12:34:28.420, 6, 180.21 W, 29, 120 MHz, 3996 MHz, 0 %, 0 %
2026/09/20 12:34:28.420, 7, 184.09 W, 29, 120 MHz, 3996 MHz, 0 %, 0 %
2026/09/20 12:34:29.420, 0, 709.12 W, 48, 2032 MHz, 3996 MHz, 100 %, 14 %
2026/09/20 12:34:29.420, 1, 698.09 W, 52, 2032 MHz, 3996 MHz, 100 %, 12 %
2026/09/20 12:34:29.420, 2, 615.32 W, 41, 2032 MHz, 3996 MHz, 41 %, 16 %
2026/09/20 12:34:29.420, 3, 661.59 W, 42, 2032 MHz, 3996 MHz, 86 %, 20 %
2026/09/20 12:34:29.420, 4, 183.25 W, 35, 120 MHz, 3996 MHz, 0 %, 0 %
2026/09/20 12:34:29.420, 5, 181.14 W, 33, 120 MHz, 3996 MHz, 0 %, 0 %
2026/09/20 12:34:29.420, 6, 180.21 W, 29, 120 MHz, 3996 MHz, 0 %, 0 %
2026/09/20 12:34:29.421, 7, 184.09 W, 29, 120 MHz, 3996 MHz, 0 %, 0 %
2026/09/20 12:34:30.421, 0, 684.59 W, 46, 2032 MHz, 3996 MHz, 99 %, 55 %
2026/09/20 12:34:30.421, 1, 729.05 W, 48, 2032 MHz, 3996 MHz, 99 %, 56 %
2026/09/20 12:34:30.421, 2, 680.32 W, 41, 2032 MHz, 3996 MHz, 99 %, 55 %
2026/09/20 12:34:30.421, 3, 678.16 W, 41, 2032 MHz, 3996 MHz, 99 %, 56 %
2026/09/20 12:34:30.421, 4, 183.25 W, 35, 120 MHz, 3996 MHz, 0 %, 0 %
2026/09/20 12:34:30.421, 5, 181.30 W, 33, 120 MHz, 3996 MHz, 0 %, 0 %
2026/09/20 12:34:30.421, 6, 180.17 W, 29, 120 MHz, 3996 MHz, 0 %, 0 %
2026/09/20 12:34:30.421, 7, 184.09 W, 29, 120 MHz, 3996 MHz, 0 %, 0 %
2026/09/20 12:34:31.421, 0, 687.94 W, 46, 2032 MHz, 3996 MHz, 99 %, 55 %
2026/09/20 12:34:31.421, 1, 697.35 W, 48, 2032 MHz, 3996 MHz, 99 %, 55 %
2026/09/20 12:34:31.421, 2, 676.13 W, 41, 2032 MHz, 3996 MHz, 99 %, 55 %
2026/09/20 12:34:31.421, 3, 683.41 W, 41, 2032 MHz, 3996 MHz, 99 %, 55 %
2026/09/20 12:34:31.421, 4, 183.25 W, 35, 120 MHz, 3996 MHz, 0 %, 0 %
2026/09/20 12:34:31.421, 5, 181.00 W, 33, 120 MHz, 3996 MHz, 0 %, 0 %
2026/09/20 12:34:31.421, 6, 180.25 W, 29, 120 MHz, 3996 MHz, 0 %, 0 %
2026/09/20 12:34:31.421, 7, 184.09 W, 29, 120 MHz, 3996 MHz, 0 %, 0 %
2026/09/20 12:34:32.421, 0, 691.34 W, 47, 2032 MHz, 3996 MHz, 99 %, 56 %
2026/09/20 12:34:32.421, 1, 700.99 W, 48, 2032 MHz, 3996 MHz, 99 %, 57 %
2026/09/20 12:34:32.421, 2, 682.41 W, 41, 2032 MHz, 3996 MHz, 99 %, 57 %
2026/09/20 12:34:32.421, 3, 683.66 W, 41, 2032 MHz, 3996 MHz, 99 %, 57 %
2026/09/20 12:34:32.421, 4, 183.25 W, 35, 120 MHz, 3996 MHz, 0 %, 0 %
2026/09/20 12:34:32.421, 5, 181.02 W, 33, 120 MHz, 3996 MHz, 0 %, 0 %
2026/09/20 12:34:32.421, 6, 180.25 W, 29, 120 MHz, 3996 MHz, 0 %, 0 %
2026/09/20 12:34:32.421, 7, 184.09 W, 29, 120 MHz, 3996 MHz, 0 %, 0 %
2026/09/20 12:34:33.421, 0, 692.31 W, 47, 2032 MHz, 3996 MHz, 99 %, 56 %
2026/09/20 12:34:33.421, 1, 698.99 W, 48, 2032 MHz, 3996 MHz, 99 %, 56 %
2026/09/20 12:34:33.421, 2, 682.04 W, 41, 2032 MHz, 3996 MHz, 99 %, 56 %
2026/09/20 12:34:33.421, 3, 684.90 W, 42, 2032 MHz, 3996 MHz, 99 %, 56 %
2026/09/20 12:34:33.421, 4, 183.25 W, 35, 120 MHz, 3996 MHz, 0 %, 0 %
2026/09/20 12:34:33.421, 5, 181.15 W, 33, 120 MHz, 3996 MHz, 0 %, 0 %
2026/09/20 12:34:33.422, 6, 180.25 W, 29, 120 MHz, 3996 MHz, 0 %, 0 %
2026/09/20 12:34:33.422, 7, 184.09 W, 29, 120 MHz, 3996 MHz, 0 %, 0 %
2026/09/20 12:34:34.422, 0, 689.86 W, 47, 2032 MHz, 3996 MHz, 99 %, 55 %
2026/09/20 12:34:34.422, 1, 698.63 W, 49, 2032 MHz, 3996 MHz, 99 %, 55 %
2026/09/20 12:34:34.422, 2, 680.46 W, 41, 2032 MHz, 3996 MHz, 99 %, 55 %
2026/09/20 12:34:34.422, 3, 682.40 W, 42, 2032 MHz, 3996 MHz, 99 %, 55 %
2026/09/20 12:34:34.422, 4, 183.25 W, 35, 120 MHz, 3996 MHz, 0 %, 0 %
2026/09/20 12:34:34.422, 5, 181.00 W, 33, 120 MHz, 3996 MHz, 0 %, 0 %
2026/09/20 12:34:34.422, 6, 180.25 W, 29, 120 MHz, 3996 MHz, 0 %, 0 %
2026/09/20 12:34:34.422, 7, 184.09 W, 29, 120 MHz, 3996 MHz, 0 %, 0 %
2026/09/20 12:34:35.422, 0, 691.83 W, 47, 2032 MHz, 3996 MHz, 99 %, 54 %
2026/09/20 12:34:35.422, 1, 700.51 W, 49, 2032 MHz, 3996 MHz, 99 %, 56 %
2026/09/20 12:34:35.422, 2, 683.78 W, 42, 2032 MHz, 3996 MHz, 99 %, 57 %
2026/09/20 12:34:35.422, 3, 684.15 W, 42, 2032 MHz, 3996 MHz, 99 %, 57 %
2026/09/20 12:34:35.422, 4, 183.25 W, 35, 120 MHz, 3996 MHz, 0 %, 0 %
2026/09/20 12:34:35.422, 5, 181.03 W, 33, 120 MHz, 3996 MHz, 0 %, 0 %
2026/09/20 12:34:35.422, 6, 180.25 W, 29, 120 MHz, 3996 MHz, 0 %, 0 %
2026/09/20 12:34:35.422, 7, 184.09 W, 29, 120 MHz, 3996 MHz, 0 %, 0 %
2026/09/20 12:34:36.422, 0, 699.78 W, 47, 2032 MHz, 3996 MHz, 99 %, 58 %
2026/09/20 12:34:36.422, 1, 706.84 W, 49, 2032 MHz, 3996 MHz, 99 %, 57 %
2026/09/20 12:34:36.422, 2, 690.79 W, 42, 2032 MHz, 3996 MHz, 99 %, 57 %
2026/09/20 12:34:36.422, 3, 680.39 W, 42, 2032 MHz, 3996 MHz, 99 %, 57 %
2026/09/20 12:34:36.422, 4, 183.25 W, 35, 120 MHz, 3996 MHz, 0 %, 0 %
2026/09/20 12:34:36.422, 5, 181.00 W, 33, 120 MHz, 3996 MHz, 0 %, 0 %
2026/09/20 12:34:36.422, 6, 180.17 W, 29, 120 MHz, 3996 MHz, 0 %, 0 %
2026/09/20 12:34:36.422, 7, 184.09 W, 29, 120 MHz, 3996 MHz, 0 %, 0 %
2026/09/20 12:34:37.422, 0, 695.84 W, 49, 2032 MHz, 3996 MHz, 96 %, 13 %
2026/09/20 12:34:37.423, 1, 685.20 W, 49, 2032 MHz, 3996 MHz, 99 %, 56 %
2026/09/20 12:34:37.423, 2, 670.90 W, 42, 2032 MHz, 3996 MHz, 99 %, 55 %
2026/09/20 12:34:37.423, 3, 660.39 W, 43, 2032 MHz, 3996 MHz, 95 %, 50 %
2026/09/20 12:34:37.423, 4, 183.25 W, 35, 120 MHz, 3996 MHz, 0 %, 0 %
2026/09/20 12:34:37.423, 5, 181.07 W, 33, 120 MHz, 3996 MHz, 0 %, 0 %
2026/09/20 12:34:37.423, 6, 180.21 W, 29, 120 MHz, 3996 MHz, 0 %, 0 %
2026/09/20 12:34:37.423, 7, 184.09 W, 29, 120 MHz, 3996 MHz, 0 %, 0 %
2026/09/20 12:34:38.423, 0, 788.41 W, 49, 2032 MHz, 3996 MHz, 99 %, 64 %
2026/09/20 12:34:38.423, 1, 751.00 W, 50, 2032 MHz, 3996 MHz, 99 %, 63 %
2026/09/20 12:34:38.423, 2, 779.40 W, 43, 2032 MHz, 3996 MHz, 99 %, 63 %
2026/09/20 12:34:38.423, 3, 782.85 W, 43, 2032 MHz, 3996 MHz, 99 %, 63 %
2026/09/20 12:34:38.423, 4, 183.25 W, 35, 120 MHz, 3996 MHz, 0 %, 0 %
2026/09/20 12:34:38.423, 5, 181.06 W, 33, 120 MHz, 3996 MHz, 0 %, 0 %
2026/09/20 12:34:38.423, 6, 180.32 W, 29, 120 MHz, 3996 MHz, 0 %, 0 %
2026/09/20 12:34:38.423, 7, 184.09 W, 29, 120 MHz, 3996 MHz, 0 %, 0 %
2026/09/20 12:34:39.423, 0, 745.66 W, 49, 2032 MHz, 3996 MHz, 99 %, 65 %
2026/09/20 12:34:39.424, 1, 757.83 W, 50, 2032 MHz, 3996 MHz, 99 %, 65 %
2026/09/20 12:34:39.424, 2, 737.51 W, 43, 2032 MHz, 3996 MHz, 99 %, 65 %
2026/09/20 12:34:39.424, 3, 738.43 W, 43, 2032 MHz, 3996 MHz, 99 %, 65 %
2026/09/20 12:34:39.424, 4, 183.25 W, 35, 120 MHz, 3996 MHz, 0 %, 0 %
2026/09/20 12:34:39.424, 5, 181.07 W, 33, 120 MHz, 3996 MHz, 0 %, 0 %
2026/09/20 12:34:39.424, 6, 180.29 W, 29, 120 MHz, 3996 MHz, 0 %, 0 %
2026/09/20 12:34:39.424, 7, 184.09 W, 29, 120 MHz, 3996 MHz, 0 %, 0 %
2026/09/20 12:34:40.424, 0, 750.65 W, 49, 2032 MHz, 3996 MHz, 99 %, 65 %
2026/09/20 12:34:40.424, 1, 760.28 W, 51, 2032 MHz, 3996 MHz, 99 %, 66 %
2026/09/20 12:34:40.424, 2, 740.48 W, 43, 2032 MHz, 3996 MHz, 99 %, 66 %
2026/09/20 12:34:40.424, 3, 744.40 W, 43, 2032 MHz, 3996 MHz, 99 %, 66 %
2026/09/20 12:34:40.424, 4, 183.25 W, 35, 120 MHz, 3996 MHz, 0 %, 0 %
2026/09/20 12:34:40.424, 5, 180.96 W, 33, 120 MHz, 3996 MHz, 0 %, 0 %
2026/09/20 12:34:40.424, 6, 180.33 W, 29, 120 MHz, 3996 MHz, 0 %, 0 %
2026/09/20 12:34:40.424, 7, 184.09 W, 29, 120 MHz, 3996 MHz, 0 %, 0 %
2026/09/20 12:34:41.424, 0, 755.64 W, 49, 2032 MHz, 3996 MHz, 99 %, 67 %
2026/09/20 12:34:41.424, 1, 765.51 W, 51, 2032 MHz, 3996 MHz, 99 %, 66 %
2026/09/20 12:34:41.424, 2, 746.72 W, 43, 2032 MHz, 3996 MHz, 99 %, 66 %
2026/09/20 12:34:41.424, 3, 746.49 W, 44, 2032 MHz, 3996 MHz, 99 %, 66 %
2026/09/20 12:34:41.424, 4, 183.25 W, 35, 120 MHz, 3996 MHz, 0 %, 0 %
2026/09/20 12:34:41.424, 5, 180.84 W, 33, 120 MHz, 3996 MHz, 0 %, 0 %
2026/09/20 12:34:41.424, 6, 180.29 W, 29, 120 MHz, 3996 MHz, 0 %, 0 %
2026/09/20 12:34:41.424, 7, 184.09 W, 29, 120 MHz, 3996 MHz, 0 %, 0 %
2026/09/20 12:34:42.424, 0, 758.60 W, 50, 2032 MHz, 3996 MHz, 99 %, 67 %
2026/09/20 12:34:42.424, 1, 770.18 W, 51, 2032 MHz, 3996 MHz, 99 %, 67 %
2026/09/20 12:34:42.424, 2, 746.58 W, 44, 2032 MHz, 3996 MHz, 99 %, 67 %
2026/09/20 12:34:42.424, 3, 751.77 W, 44, 2032 MHz, 3996 MHz, 99 %, 67 %
2026/09/20 12:34:42.424, 4, 183.25 W, 35, 120 MHz, 3996 MHz, 0 %, 0 %
2026/09/20 12:34:42.424, 5, 181.07 W, 33, 120 MHz, 3996 MHz, 0 %, 0 %
2026/09/20 12:34:42.424, 6, 180.37 W, 29, 120 MHz, 3996 MHz, 0 %, 0 %
2026/09/20 12:34:42.424, 7, 184.09 W, 29, 120 MHz, 3996 MHz, 0 %, 0 %
2026/09/20 12:34:43.425, 0, 762.51 W, 50, 2032 MHz, 3996 MHz, 99 %, 67 %
2026/09/20 12:34:43.425, 1, 773.76 W, 51, 2032 MHz, 3996 MHz, 99 %, 68 %
2026/09/20 12:34:43.425, 2, 750.16 W, 44, 2032 MHz, 3996 MHz, 99 %, 68 %
2026/09/20 12:34:43.425, 3, 752.58 W, 44, 2032 MHz, 3996 MHz, 99 %, 67 %
2026/09/20 12:34:43.425, 4, 183.25 W, 35, 120 MHz, 3996 MHz, 0 %, 0 %
2026/09/20 12:34:43.425, 5, 181.26 W, 33, 120 MHz, 3996 MHz, 0 %, 0 %
2026/09/20 12:34:43.425, 6, 180.33 W, 29, 120 MHz, 3996 MHz, 0 %, 0 %
2026/09/20 12:34:43.425, 7, 184.09 W, 29, 120 MHz, 3996 MHz, 0 %, 0 %
2026/09/20 12:34:44.425, 0, 762.76 W, 50, 2032 MHz, 3996 MHz, 99 %, 66 %
2026/09/20 12:34:44.425, 1, 776.20 W, 52, 2032 MHz, 3996 MHz, 99 %, 68 %
2026/09/20 12:34:44.425, 2, 755.83 W, 44, 2032 MHz, 3996 MHz, 99 %, 68 %
2026/09/20 12:34:44.425, 3, 756.78 W, 44, 2032 MHz, 3996 MHz, 99 %, 68 %
2026/09/20 12:34:44.425, 4, 183.25 W, 35, 120 MHz, 3996 MHz, 0 %, 0 %
2026/09/20 12:34:44.425, 5, 180.96 W, 33, 120 MHz, 3996 MHz, 0 %, 0 %
2026/09/20 12:34:44.425, 6, 180.25 W, 29, 120 MHz, 3996 MHz, 0 %, 0 %
2026/09/20 12:34:44.425, 7, 184.09 W, 29, 120 MHz, 3996 MHz, 0 %, 0 %
2026/09/20 12:34:45.425, 0, 711.31 W, 50, 2032 MHz, 3996 MHz, 96 %, 34 %
2026/09/20 12:34:45.425, 1, 669.97 W, 52, 2032 MHz, 3996 MHz, 96 %, 7 %
2026/09/20 12:34:45.425, 2, 654.56 W, 42, 2032 MHz, 3996 MHz, 39 %, 22 %
2026/09/20 12:34:45.425, 3, 703.46 W, 45, 2032 MHz, 3996 MHz, 100 %, 9 %
2026/09/20 12:34:45.425, 4, 183.25 W, 35, 120 MHz, 3996 MHz, 0 %, 0 %
2026/09/20 12:34:45.425, 5, 180.54 W, 33, 120 MHz, 3996 MHz, 0 %, 0 %
2026/09/20 12:34:45.425, 6, 180.24 W, 29, 120 MHz, 3996 MHz, 0 %, 0 %
2026/09/20 12:34:45.425, 7, 184.09 W, 29, 120 MHz, 3996 MHz, 0 %, 0 %
2026/09/20 12:34:46.425, 0, 704.17 W, 50, 2032 MHz, 3996 MHz, 99 %, 66 %
2026/09/20 12:34:46.425, 1, 727.64 W, 52, 2032 MHz, 3996 MHz, 99 %, 67 %
2026/09/20 12:34:46.425, 2, 704.65 W, 44, 2032 MHz, 3996 MHz, 99 %, 66 %
2026/09/20 12:34:46.425, 3, 688.98 W, 44, 2032 MHz, 3996 MHz, 99 %, 66 %
2026/09/20 12:34:46.426, 4, 183.25 W, 35, 120 MHz, 3996 MHz, 0 %, 0 %
2026/09/20 12:34:46.426, 5, 181.14 W, 33, 120 MHz, 3996 MHz, 0 %, 0 %
2026/09/20 12:34:46.426, 6, 180.17 W, 29, 120 MHz, 3996 MHz, 0 %, 0 %
2026/09/20 12:34:46.426, 7, 184.09 W, 29, 120 MHz, 3996 MHz, 0 %, 0 %
2026/09/20 12:34:47.426, 0, 691.31 W, 50, 2032 MHz, 3996 MHz, 86 %, 31 %
2026/09/20 12:34:47.426, 1, 686.09 W, 50, 2032 MHz, 3996 MHz, 39 %, 18 %
2026/09/20 12:34:47.426, 2, 643.84 W, 44, 2032 MHz, 3996 MHz, 94 %, 24 %
2026/09/20 12:34:47.426, 3, 690.31 W, 44, 2032 MHz, 3996 MHz, 100 %, 10 %
2026/09/20 12:34:47.426, 4, 183.25 W, 35, 120 MHz, 3996 MHz, 0 %, 0 %
2026/09/20 12:34:47.426, 5, 181.11 W, 33, 120 MHz, 3996 MHz, 0 %, 0 %
2026/09/20 12:34:47.426, 6, 180.21 W, 29, 120 MHz, 3996 MHz, 0 %, 0 %
2026/09/20 12:34:47.426, 7, 184.09 W, 29, 120 MHz, 3996 MHz, 0 %, 0 %
2026/09/20 12:34:48.426, 0, 692.78 W, 50, 2032 MHz, 3996 MHz, 99 %, 64 %
2026/09/20 12:34:48.426, 1, 678.17 W, 51, 2032 MHz, 3996 MHz, 99 %, 64 %
2026/09/20 12:34:48.426, 2, 635.48 W, 43, 2032 MHz, 3996 MHz, 99 %, 63 %
2026/09/20 12:34:48.426, 3, 658.89 W, 44, 2032 MHz, 3996 MHz, 99 %, 63 %
2026/09/20 12:34:48.426, 4, 183.25 W, 35, 120 MHz, 3996 MHz, 0 %, 0 %
2026/09/20 12:34:48.426, 5, 180.99 W, 33, 120 MHz, 3996 MHz, 0 %, 0 %
2026/09/20 12:34:48.426, 6, 180.33 W, 29, 120 MHz, 3996 MHz, 0 %, 0 %
2026/09/20 12:34:48.426, 7, 184.09 W, 29, 120 MHz, 3996 MHz, 0 %, 0 %
2026/09/20 12:34:49.426, 0, 704.22 W, 51, 2032 MHz, 3996 MHz, 95 %, 41 %
2026/09/20 12:34:49.426, 1, 670.39 W, 52, 2032 MHz, 3996 MHz, 100 %, 11 %
2026/09/20 12:34:49.426, 2, 666.72 W, 42, 2032 MHz, 3996 MHz, 62 %, 14 %
2026/09/20 12:34:49.426, 3, 673.02 W, 44, 2032 MHz, 3996 MHz, 73 %, 14 %
2026/09/20 12:34:49.426, 4, 183.25 W, 35, 120 MHz, 3996 MHz, 0 %, 0 %
2026/09/20 12:34:49.426, 5, 180.83 W, 33, 120 MHz, 3996 MHz, 0 %, 0 %
2026/09/20 12:34:49.426, 6, 180.29 W, 29, 120 MHz, 3996 MHz, 0 %, 0 %
2026/09/20 12:34:49.426, 7, 184.09 W, 29, 120 MHz, 3996 MHz, 0 %, 0 %
2026/09/20 12:34:50.427, 0, 711.28 W, 51, 2032 MHz, 3996 MHz, 99 %, 64 %
2026/09/20 12:34:50.427, 1, 723.40 W, 52, 2032 MHz, 3996 MHz, 99 %, 64 %
2026/09/20 12:34:50.427, 2, 701.19 W, 44, 2032 MHz, 3996 MHz, 99 %, 64 %
2026/09/20 12:34:50.427, 3, 682.49 W, 44, 2032 MHz, 3996 MHz, 99 %, 63 %
2026/09/20 12:34:50.427, 4, 183.25 W, 35, 120 MHz, 3996 MHz, 0 %, 0 %
2026/09/20 12:34:50.427, 5, 180.99 W, 33, 120 MHz, 3996 MHz, 0 %, 0 %
2026/09/20 12:34:50.427, 6, 180.25 W, 29, 120 MHz, 3996 MHz, 0 %, 0 %
2026/09/20 12:34:50.427, 7, 184.09 W, 29, 120 MHz, 3996 MHz, 0 %, 0 %
2026/09/20 12:34:51.427, 0, 749.39 W, 51, 2032 MHz, 3996 MHz, 99 %, 65 %
2026/09/20 12:34:51.427, 1, 760.87 W, 53, 2032 MHz, 3996 MHz, 99 %, 65 %
2026/09/20 12:34:51.427, 2, 739.47 W, 44, 2032 MHz, 3996 MHz, 99 %, 65 %
2026/09/20 12:34:51.427, 3, 738.96 W, 45, 2032 MHz, 3996 MHz, 99 %, 65 %
2026/09/20 12:34:51.427, 4, 183.25 W, 35, 120 MHz, 3996 MHz, 0 %, 0 %
2026/09/20 12:34:51.427, 5, 181.30 W, 33, 120 MHz, 3996 MHz, 0 %, 0 %
2026/09/20 12:34:51.427, 6, 180.25 W, 29, 120 MHz, 3996 MHz, 0 %, 0 %
2026/09/20 12:34:51.427, 7, 184.09 W, 29, 120 MHz, 3996 MHz, 0 %, 0 %
2026/09/20 12:34:52.427, 0, 758.82 W, 51, 2032 MHz, 3996 MHz, 99 %, 66 %
2026/09/20 12:34:52.427, 1, 769.03 W, 53, 2032 MHz, 3996 MHz, 99 %, 66 %
2026/09/20 12:34:52.427, 2, 748.24 W, 45, 2032 MHz, 3996 MHz, 99 %, 66 %
2026/09/20 12:34:52.427, 3, 744.15 W, 45, 2032 MHz, 3996 MHz, 99 %, 66 %
2026/09/20 12:34:52.427, 4, 183.25 W, 35, 120 MHz, 3996 MHz, 0 %, 0 %
2026/09/20 12:34:52.427, 5, 181.19 W, 33, 120 MHz, 3996 MHz, 0 %, 0 %
2026/09/20 12:34:52.427, 6, 180.29 W, 29, 120 MHz, 3996 MHz, 0 %, 0 %
2026/09/20 12:34:52.427, 7, 184.09 W, 29, 120 MHz, 3996 MHz, 0 %, 0 %
2026/09/20 12:34:53.427, 0, 764.62 W, 52, 2032 MHz, 3996 MHz, 99 %, 67 %
2026/09/20 12:34:53.427, 1, 773.99 W, 53, 2032 MHz, 3996 MHz, 99 %, 67 %
2026/09/20 12:34:53.427, 2, 752.99 W, 45, 2032 MHz, 3996 MHz, 99 %, 67 %
2026/09/20 12:34:53.427, 3, 751.20 W, 45, 2032 MHz, 3996 MHz, 99 %, 67 %
2026/09/20 12:34:53.427, 4, 183.25 W, 35, 120 MHz, 3996 MHz, 0 %, 0 %
2026/09/20 12:34:53.427, 5, 181.26 W, 33, 120 MHz, 3996 MHz, 0 %, 0 %
2026/09/20 12:34:53.428, 6, 180.25 W, 29, 120 MHz, 3996 MHz, 0 %, 0 %
2026/09/20 12:34:53.428, 7, 184.09 W, 29, 120 MHz, 3996 MHz, 0 %, 0 %
2026/09/20 12:34:54.428, 0, 750.78 W, 53, 2032 MHz, 3996 MHz, 100 %, 8 %
2026/09/20 12:34:54.428, 1, 742.34 W, 52, 2032 MHz, 3996 MHz, 99 %, 68 %
2026/09/20 12:34:54.428, 2, 745.43 W, 45, 2032 MHz, 3996 MHz, 99 %, 49 %
2026/09/20 12:34:54.428, 3, 742.15 W, 46, 2032 MHz, 3996 MHz, 99 %, 39 %
2026/09/20 12:34:54.428, 4, 183.25 W, 35, 120 MHz, 3996 MHz, 0 %, 0 %
2026/09/20 12:34:54.428, 5, 181.07 W, 33, 120 MHz, 3996 MHz, 0 %, 0 %
2026/09/20 12:34:54.428, 6, 180.29 W, 29, 120 MHz, 3996 MHz, 0 %, 0 %
2026/09/20 12:34:54.428, 7, 184.09 W, 29, 120 MHz, 3996 MHz, 0 %, 0 %
2026/09/20 12:34:55.428, 0, 757.76 W, 52, 2032 MHz, 3996 MHz, 99 %, 67 %
2026/09/20 12:34:55.428, 1, 740.68 W, 53, 2032 MHz, 3996 MHz, 99 %, 68 %
2026/09/20 12:34:55.428, 2, 741.64 W, 45, 2032 MHz, 3996 MHz, 99 %, 67 %
2026/09/20 12:34:55.428, 3, 745.43 W, 45, 2032 MHz, 3996 MHz, 99 %, 67 %
2026/09/20 12:34:55.428, 4, 183.25 W, 35, 120 MHz, 3996 MHz, 0 %, 0 %
2026/09/20 12:34:55.428, 5, 181.19 W, 33, 120 MHz, 3996 MHz, 0 %, 0 %
2026/09/20 12:34:55.428, 6, 180.25 W, 29, 120 MHz, 3996 MHz, 0 %, 0 %
2026/09/20 12:34:55.428, 7, 184.09 W, 29, 120 MHz, 3996 MHz, 0 %, 0 %
2026/09/20 12:34:56.428, 0, 686.49 W, 51, 2032 MHz, 3996 MHz, 25 %, 12 %
2026/09/20 12:34:56.428, 1, 745.84 W, 54, 2032 MHz, 3996 MHz, 97 %, 9 %
2026/09/20 12:34:56.428, 2, 676.55 W, 45, 2032 MHz, 3996 MHz, 81 %, 25 %
2026/09/20 12:34:56.428, 3, 721.17 W, 46, 2032 MHz, 3996 MHz, 95 %, 23 %
2026/09/20 12:34:56.428, 4, 183.25 W, 35, 120 MHz, 3996 MHz, 0 %, 0 %
2026/09/20 12:34:56.428, 5, 180.84 W, 33, 120 MHz, 3996 MHz, 0 %, 0 %
2026/09/20 12:34:56.428, 6, 180.25 W, 29, 120 MHz, 3996 MHz, 0 %, 0 %
2026/09/20 12:34:56.428, 7, 184.09 W, 29, 120 MHz, 3996 MHz, 0 %, 0 %
2026/09/20 12:34:57.428, 0, 717.87 W, 52, 2032 MHz, 3996 MHz, 100 %, 10 %
2026/09/20 12:34:57.428, 1, 742.26 W, 54, 2032 MHz, 3996 MHz, 99 %, 61 %
2026/09/20 12:34:57.428, 2, 697.18 W, 44, 2032 MHz, 3996 MHz, 43 %, 21 %
2026/09/20 12:34:57.428, 3, 700.76 W, 45, 2032 MHz, 3996 MHz, 53 %, 14 %
2026/09/20 12:34:57.428, 4, 183.25 W, 35, 120 MHz, 3996 MHz, 0 %, 0 %
2026/09/20 12:34:57.429, 5, 180.88 W, 33, 120 MHz, 3996 MHz, 0 %, 0 %
2026/09/20 12:34:57.429, 6, 180.29 W, 29, 120 MHz, 3996 MHz, 0 %, 0 %
2026/09/20 12:34:57.429, 7, 184.09 W, 29, 120 MHz, 3996 MHz, 0 %, 0 %
2026/09/20 12:34:58.429, 0, 708.09 W, 52, 2032 MHz, 3996 MHz, 82 %, 16 %
2026/09/20 12:34:58.429, 1, 694.49 W, 53, 2032 MHz, 3996 MHz, 66 %, 39 %
2026/09/20 12:34:58.429, 2, 684.55 W, 45, 2032 MHz, 3996 MHz, 100 %, 10 %
2026/09/20 12:34:58.429, 3, 651.81 W, 45, 2032 MHz, 3996 MHz, 100 %, 11 %
2026/09/20 12:34:58.429, 4, 183.25 W, 35, 120 MHz, 3996 MHz, 0 %, 0 %
2026/09/20 12:34:58.429, 5, 180.88 W, 33, 120 MHz, 3996 MHz, 0 %, 0 %
2026/09/20 12:34:58.429, 6, 180.29 W, 29, 120 MHz, 3996 MHz, 0 %, 0 %
2026/09/20 12:34:58.429, 7, 184.09 W, 29, 120 MHz, 3996 MHz, 0 %, 0 %
2026/09/20 12:34:59.429, 0, 691.84 W, 52, 2032 MHz, 3996 MHz, 86 %, 43 %
2026/09/20 12:34:59.429, 1, 699.65 W, 53, 2032 MHz, 3996 MHz, 92 %, 56 %
2026/09/20 12:34:59.429, 2, 663.75 W, 45, 2032 MHz, 3996 MHz, 99 %, 66 %
2026/09/20 12:34:59.429, 3, 652.59 W, 45, 2032 MHz, 3996 MHz, 99 %, 66 %
2026/09/20 12:34:59.429, 4, 183.25 W, 35, 120 MHz, 3996 MHz, 0 %, 0 %
2026/09/20 12:34:59.429, 5, 180.75 W, 33, 120 MHz, 3996 MHz, 0 %, 0 %
2026/09/20 12:34:59.429, 6, 180.33 W, 29, 120 MHz, 3996 MHz, 0 %, 0 %
2026/09/20 12:34:59.429, 7, 184.09 W, 29, 120 MHz, 3996 MHz, 0 %, 0 %
2026/09/20 12:35:00.429, 0, 706.48 W, 52, 2032 MHz, 3996 MHz, 99 %, 65 %
2026/09/20 12:35:00.429, 1, 700.30 W, 54, 2032 MHz, 3996 MHz, 99 %, 66 %
2026/09/20 12:35:00.429, 2, 646.53 W, 45, 2032 MHz, 3996 MHz, 99 %, 65 %
2026/09/20 12:35:00.429, 3, 701.65 W, 45, 2032 MHz, 3996 MHz, 99 %, 65 %
2026/09/20 12:35:00.429, 4, 183.25 W, 35, 120 MHz, 3996 MHz, 0 %, 0 %
2026/09/20 12:35:00.429, 5, 180.99 W, 33, 120 MHz, 3996 MHz, 0 %, 0 %
2026/09/20 12:35:00.429, 6, 180.17 W, 29, 120 MHz, 3996 MHz, 0 %, 0 %
2026/09/20 12:35:00.429, 7, 184.09 W, 29, 120 MHz, 3996 MHz, 0 %, 0 %
2026/09/20 12:35:01.429, 0, 754.03 W, 53, 2032 MHz, 3996 MHz, 99 %, 67 %
2026/09/20 12:35:01.430, 1, 768.43 W, 54, 2032 MHz, 3996 MHz, 99 %, 67 %
2026/09/20 12:35:01.430, 2, 744.48 W, 45, 2032 MHz, 3996 MHz, 99 %, 66 %
2026/09/20 12:35:01.430, 3, 745.97 W, 45, 2032 MHz, 3996 MHz, 99 %, 66 %
2026/09/20 12:35:01.430, 4, 183.25 W, 35, 120 MHz, 3996 MHz, 0 %, 0 %
2026/09/20 12:35:01.430, 5, 181.15 W, 33, 120 MHz, 3996 MHz, 0 %, 0 %
2026/09/20 12:35:01.430, 6, 180.17 W, 29, 120 MHz, 3996 MHz, 0 %, 0 %
2026/09/20 12:35:01.430, 7, 184.09 W, 29, 120 MHz, 3996 MHz, 0 %, 0 %
2026/09/20 12:35:02.430, 0, 730.41 W, 53, 2032 MHz, 3996 MHz, 99 %, 67 %
2026/09/20 12:35:02.430, 1, 760.06 W, 55, 2032 MHz, 3996 MHz, 99 %, 67 %
2026/09/20 12:35:02.430, 2, 733.41 W, 45, 2032 MHz, 3996 MHz, 99 %, 66 %
2026/09/20 12:35:02.430, 3, 690.26 W, 45, 2032 MHz, 3996 MHz, 99 %, 67 %
2026/09/20 12:35:02.430, 4, 183.25 W, 35, 120 MHz, 3996 MHz, 0 %, 0 %
2026/09/20 12:35:02.430, 5, 180.99 W, 33, 120 MHz, 3996 MHz, 0 %, 0 %
2026/09/20 12:35:02.430, 6, 180.29 W, 29, 120 MHz, 3996 MHz, 0 %, 0 %
2026/09/20 12:35:02.430, 7, 184.09 W, 29, 120 MHz, 3996 MHz, 0 %, 0 %
2026/09/20 12:35:03.430, 0, 766.40 W, 53, 2032 MHz, 3996 MHz, 99 %, 67 %
2026/09/20 12:35:03.430, 1, 776.84 W, 55, 2032 MHz, 3996 MHz, 99 %, 67 %
2026/09/20 12:35:03.430, 2, 751.19 W, 45, 2032 MHz, 3996 MHz, 99 %, 67 %
2026/09/20 12:35:03.430, 3, 753.09 W, 46, 2032 MHz, 3996 MHz, 99 %, 67 %
2026/09/20 12:35:03.430, 4, 183.25 W, 35, 120 MHz, 3996 MHz, 0 %, 0 %
2026/09/20 12:35:03.430, 5, 181.07 W, 33, 120 MHz, 3996 MHz, 0 %, 0 %
2026/09/20 12:35:03.430, 6, 180.21 W, 29, 120 MHz, 3996 MHz, 0 %, 0 %
2026/09/20 12:35:03.430, 7, 184.09 W, 29, 120 MHz, 3996 MHz, 0 %, 0 %
2026/09/20 12:35:04.430, 0, 769.42 W, 53, 2032 MHz, 3996 MHz, 99 %, 68 %
2026/09/20 12:35:04.430, 1, 779.45 W, 55, 2032 MHz, 3996 MHz, 99 %, 67 %
2026/09/20 12:35:04.430, 2, 754.76 W, 46, 2032 MHz, 3996 MHz, 99 %, 67 %
2026/09/20 12:35:04.430, 3, 758.47 W, 46, 2032 MHz, 3996 MHz, 99 %, 67 %
2026/09/20 12:35:04.430, 4, 183.25 W, 35, 120 MHz, 3996 MHz, 0 %, 0 %
2026/09/20 12:35:04.430, 5, 180.83 W, 33, 120 MHz, 3996 MHz, 0 %, 0 %
2026/09/20 12:35:04.430, 6, 180.37 W, 29, 120 MHz, 3996 MHz, 0 %, 0 %
2026/09/20 12:35:04.430, 7, 184.09 W, 29, 120 MHz, 3996 MHz, 0 %, 0 %
2026/09/20 12:35:05.431, 0, 741.62 W, 54, 2032 MHz, 3996 MHz, 100 %, 11 %
2026/09/20 12:35:05.431, 1, 759.94 W, 55, 2032 MHz, 3996 MHz, 99 %, 68 %
2026/09/20 12:35:05.431, 2, 725.84 W, 45, 2032 MHz, 3996 MHz, 69 %, 41 %
2026/09/20 12:35:05.431, 3, 728.26 W, 46, 2032 MHz, 3996 MHz, 100 %, 30 %
2026/09/20 12:35:05.431, 4, 183.25 W, 35, 120 MHz, 3996 MHz, 0 %, 0 %
2026/09/20 12:35:05.431, 5, 181.00 W, 33, 120 MHz, 3996 MHz, 0 %, 0 %
2026/09/20 12:35:05.431, 6, 180.25 W, 29, 120 MHz, 3996 MHz, 0 %, 0 %
2026/09/20 12:35:05.431, 7, 184.09 W, 29, 120 MHz, 3996 MHz, 0 %, 0 %
2026/09/20 12:35:06.431, 0, 762.72 W, 54, 2032 MHz, 3996 MHz, 99 %, 68 %
2026/09/20 12:35:06.431, 1, 767.30 W, 55, 2032 MHz, 3996 MHz, 99 %, 68 %
2026/09/20 12:35:06.431, 2, 728.89 W, 46, 2032 MHz, 3996 MHz, 99 %, 67 %
2026/09/20 12:35:06.431, 3, 753.45 W, 46, 2032 MHz, 3996 MHz, 99 %, 67 %
2026/09/20 12:35:06.431, 4, 183.25 W, 35, 120 MHz, 3996 MHz, 0 %, 0 %
2026/09/20 12:35:06.431, 5, 181.07 W, 33, 120 MHz, 3996 MHz, 0 %, 0 %
2026/09/20 12:35:06.431, 6, 180.25 W, 29, 120 MHz, 3996 MHz, 0 %, 0 %
2026/09/20 12:35:06.431, 7, 184.09 W, 29, 120 MHz, 3996 MHz, 0 %, 0 %
2026/09/20 12:35:07.432, 0, 714.46 W, 54, 2032 MHz, 3996 MHz, 95 %, 60 %
2026/09/20 12:35:07.432, 1, 679.83 W, 54, 2032 MHz, 3996 MHz, 29 %, 13 %
2026/09/20 12:35:07.432, 2, 699.00 W, 46, 2032 MHz, 3996 MHz, 100 %, 9 %
2026/09/20 12:35:07.432, 3, 679.69 W, 46, 2032 MHz, 3996 MHz, 95 %, 12 %
2026/09/20 12:35:07.432, 4, 183.25 W, 35, 120 MHz, 3996 MHz, 0 %, 0 %
2026/09/20 12:35:07.432, 5, 180.84 W, 33, 120 MHz, 3996 MHz, 0 %, 0 %
2026/09/20 12:35:07.432, 6, 180.32 W, 29, 120 MHz, 3996 MHz, 0 %, 0 %
2026/09/20 12:35:07.432, 7, 184.09 W, 29, 120 MHz, 3996 MHz, 0 %, 0 %
2026/09/20 12:35:08.432, 0, 749.60 W, 54, 2032 MHz, 3996 MHz, 100 %, 8 %
2026/09/20 12:35:08.432, 1, 762.47 W, 56, 2032 MHz, 3996 MHz, 99 %, 52 %
2026/09/20 12:35:08.432, 2, 739.70 W, 47, 2032 MHz, 3996 MHz, 100 %, 7 %
2026/09/20 12:35:08.432, 3, 683.58 W, 45, 2032 MHz, 3996 MHz, 25 %, 12 %
2026/09/20 12:35:08.432, 4, 183.25 W, 35, 120 MHz, 3996 MHz, 0 %, 0 %
2026/09/20 12:35:08.432, 5, 181.30 W, 33, 120 MHz, 3996 MHz, 0 %, 0 %
2026/09/20 12:35:08.432, 6, 180.17 W, 29, 120 MHz, 3996 MHz, 0 %, 0 %
2026/09/20 12:35:08.432, 7, 184.09 W, 29, 120 MHz, 3996 MHz, 0 %, 0 %
2026/09/20 12:35:09.432, 0, 736.36 W, 55, 2032 MHz, 3996 MHz, 100 %, 9 %
2026/09/20 12:35:09.432, 1, 707.10 W, 54, 2032 MHz, 3996 MHz, 99 %, 67 %
2026/09/20 12:35:09.432, 2, 669.49 W, 46, 2032 MHz, 3996 MHz, 98 %, 44 %
2026/09/20 12:35:09.432, 3, 719.62 W, 47, 2032 MHz, 3996 MHz, 98 %, 36 %
2026/09/20 12:35:09.432, 4, 183.25 W, 35, 120 MHz, 3996 MHz, 0 %, 0 %
2026/09/20 12:35:09.432, 5, 181.07 W, 33, 120 MHz, 3996 MHz, 0 %, 0 %
2026/09/20 12:35:09.432, 6, 180.21 W, 29, 120 MHz, 3996 MHz, 0 %, 0 %
2026/09/20 12:35:09.432, 7, 184.09 W, 29, 120 MHz, 3996 MHz, 0 %, 0 %
2026/09/20 12:35:10.432, 0, 682.84 W, 55, 2032 MHz, 3996 MHz, 100 %, 9 %
2026/09/20 12:35:10.432, 1, 718.75 W, 56, 2032 MHz, 3996 MHz, 99 %, 66 %
2026/09/20 12:35:10.432, 2, 684.33 W, 45, 2032 MHz, 3996 MHz, 53 %, 32 %
2026/09/20 12:35:10.432, 3, 710.33 W, 47, 2032 MHz, 3996 MHz, 100 %, 21 %
2026/09/20 12:35:10.432, 4, 183.25 W, 35, 120 MHz, 3996 MHz, 0 %, 0 %
2026/09/20 12:35:10.432, 5, 180.81 W, 33, 120 MHz, 3996 MHz, 0 %, 0 %
2026/09/20 12:35:10.432, 6, 180.25 W, 29, 120 MHz, 3996 MHz, 0 %, 0 %
2026/09/20 12:35:10.433, 7, 184.09 W, 29, 120 MHz, 3996 MHz, 0 %, 0 %
2026/09/20 12:35:11.433, 0, 683.24 W, 54, 2032 MHz, 3996 MHz, 99 %, 66 %
2026/09/20 12:35:11.433, 1, 683.11 W, 55, 2032 MHz, 3996 MHz, 99 %, 66 %
2026/09/20 12:35:11.433, 2, 690.85 W, 46, 2032 MHz, 3996 MHz, 99 %, 65 %
2026/09/20 12:35:11.433, 3, 709.66 W, 46, 2032 MHz, 3996 MHz, 99 %, 66 %
2026/09/20 12:35:11.433, 4, 183.25 W, 35, 120 MHz, 3996 MHz, 0 %, 0 %
2026/09/20 12:35:11.433, 5, 181.26 W, 33, 120 MHz, 3996 MHz, 0 %, 0 %
2026/09/20 12:35:11.433, 6, 180.17 W, 29, 120 MHz, 3996 MHz, 0 %, 0 %
2026/09/20 12:35:11.433, 7, 184.09 W, 29, 120 MHz, 3996 MHz, 0 %, 0 %
2026/09/20 12:35:12.433, 0, 736.56 W, 54, 2032 MHz, 3996 MHz, 99 %, 66 %
2026/09/20 12:35:12.433, 1, 737.21 W, 56, 2032 MHz, 3996 MHz, 95 %, 38 %
2026/09/20 12:35:12.433, 2, 689.47 W, 45, 2032 MHz, 3996 MHz, 99 %, 66 %
2026/09/20 12:35:12.433, 3, 690.48 W, 46, 2032 MHz, 3996 MHz, 99 %, 66 %
2026/09/20 12:35:12.433, 4, 183.25 W, 35, 120 MHz, 3996 MHz, 0 %, 0 %
2026/09/20 12:35:12.433, 5, 181.03 W, 33, 120 MHz, 3996 MHz, 0 %, 0 %
2026/09/20 12:35:12.433, 6, 180.29 W, 29, 120 MHz, 3996 MHz, 0 %, 0 %
2026/09/20 12:35:12.433, 7, 184.09 W, 29, 120 MHz, 3996 MHz, 0 %, 0 %
2026/09/20 12:35:13.433, 0, 741.35 W, 55, 2032 MHz, 3996 MHz, 90 %, 14 %
2026/09/20 12:35:13.433, 1, 750.30 W, 56, 2032 MHz, 3996 MHz, 99 %, 67 %
2026/09/20 12:35:13.433, 2, 725.11 W, 46, 2032 MHz, 3996 MHz, 99 %, 36 %
2026/09/20 12:35:13.433, 3, 706.76 W, 45, 2032 MHz, 3996 MHz, 54 %, 30 %
2026/09/20 12:35:13.433, 4, 183.25 W, 35, 120 MHz, 3996 MHz, 0 %, 0 %
2026/09/20 12:35:13.433, 5, 181.03 W, 33, 120 MHz, 3996 MHz, 0 %, 0 %
2026/09/20 12:35:13.433, 6, 180.25 W, 29, 120 MHz, 3996 MHz, 0 %, 0 %
2026/09/20 12:35:13.433, 7, 184.09 W, 29, 120 MHz, 3996 MHz, 0 %, 0 %
2026/09/20 12:35:14.433, 0, 762.69 W, 55, 2032 MHz, 3996 MHz, 99 %, 67 %
2026/09/20 12:35:14.434, 1, 763.27 W, 56, 2032 MHz, 3996 MHz, 99 %, 67 %
2026/09/20 12:35:14.434, 2, 736.41 W, 46, 2032 MHz, 3996 MHz, 99 %, 67 %
2026/09/20 12:35:14.434, 3, 735.91 W, 46, 2032 MHz, 3996 MHz, 99 %, 67 %
2026/09/20 12:35:14.434, 4, 183.25 W, 35, 120 MHz, 3996 MHz, 0 %, 0 %
2026/09/20 12:35:14.434, 5, 180.99 W, 33, 120 MHz, 3996 MHz, 0 %, 0 %
2026/09/20 12:35:14.434, 6, 180.29 W, 29, 120 MHz, 3996 MHz, 0 %, 0 %
2026/09/20 12:35:14.434, 7, 184.09 W, 29, 120 MHz, 3996 MHz, 0 %, 0 %
2026/09/20 12:35:15.434, 0, 773.77 W, 55, 2032 MHz, 3996 MHz, 99 %, 67 %
2026/09/20 12:35:15.434, 1, 780.05 W, 56, 2032 MHz, 3996 MHz, 99 %, 66 %
2026/09/20 12:35:15.434, 2, 752.81 W, 46, 2032 MHz, 3996 MHz, 99 %, 66 %
2026/09/20 12:35:15.434, 3, 757.60 W, 46, 2032 MHz, 3996 MHz, 99 %, 67 %
2026/09/20 12:35:15.434, 4, 183.25 W, 35, 120 MHz, 3996 MHz, 0 %, 0 %
2026/09/20 12:35:15.434, 5, 181.03 W, 33, 120 MHz, 3996 MHz, 0 %, 0 %
2026/09/20 12:35:15.434, 6, 180.21 W, 29, 120 MHz, 3996 MHz, 0 %, 0 %
2026/09/20 12:35:15.434, 7, 184.09 W, 29, 120 MHz, 3996 MHz, 0 %, 0 %
2026/09/20 12:35:16.434, 0, 775.61 W, 55, 2032 MHz, 3996 MHz, 99 %, 67 %
2026/09/20 12:35:16.434, 1, 779.29 W, 56, 2032 MHz, 3996 MHz, 99 %, 67 %
2026/09/20 12:35:16.434, 2, 751.51 W, 46, 2032 MHz, 3996 MHz, 99 %, 67 %
2026/09/20 12:35:16.434, 3, 758.55 W, 47, 2032 MHz, 3996 MHz, 99 %, 67 %
2026/09/20 12:35:16.434, 4, 183.25 W, 35, 120 MHz, 3996 MHz, 0 %, 0 %
2026/09/20 12:35:16.434, 5, 181.11 W, 33, 120 MHz, 3996 MHz, 0 %, 0 %
2026/09/20 12:35:16.434, 6, 180.21 W, 29, 120 MHz, 3996 MHz, 0 %, 0 %
2026/09/20 12:35:16.434, 7, 184.09 W, 29, 120 MHz, 3996 MHz, 0 %, 0 %
2026/09/20 12:35:17.434, 0, 751.40 W, 55, 2032 MHz, 3996 MHz, 99 %, 67 %
2026/09/20 12:35:17.434, 1, 716.01 W, 56, 2032 MHz, 3996 MHz, 99 %, 67 %
2026/09/20 12:35:17.434, 2, 736.01 W, 46, 2032 MHz, 3996 MHz, 99 %, 67 %
2026/09/20 12:35:17.435, 3, 732.29 W, 47, 2032 MHz, 3996 MHz, 99 %, 66 %
2026/09/20 12:35:17.435, 4, 183.25 W, 35, 120 MHz, 3996 MHz, 0 %, 0 %
2026/09/20 12:35:17.435, 5, 180.92 W, 33, 120 MHz, 3996 MHz, 0 %, 0 %
2026/09/20 12:35:17.435, 6, 180.25 W, 29, 120 MHz, 3996 MHz, 0 %, 0 %
2026/09/20 12:35:17.435, 7, 184.09 W, 29, 120 MHz, 3996 MHz, 0 %, 0 %
2026/09/20 12:35:18.435, 0, 711.36 W, 55, 2032 MHz, 3996 MHz, 83 %, 22 %
2026/09/20 12:35:18.435, 1, 719.53 W, 56, 2032 MHz, 3996 MHz, 100 %, 28 %
2026/09/20 12:35:18.435, 2, 671.37 W, 45, 2032 MHz, 3996 MHz, 34 %, 13 %
2026/09/20 12:35:18.435, 3, 649.92 W, 46, 2032 MHz, 3996 MHz, 100 %, 10 %
2026/09/20 12:35:18.435, 4, 183.25 W, 35, 120 MHz, 3996 MHz, 0 %, 0 %
2026/09/20 12:35:18.435, 5, 180.88 W, 33, 120 MHz, 3996 MHz, 0 %, 0 %
2026/09/20 12:35:18.435, 6, 180.17 W, 29, 120 MHz, 3996 MHz, 0 %, 0 %
2026/09/20 12:35:18.435, 7, 184.09 W, 29, 120 MHz, 3996 MHz, 0 %, 0 %
2026/09/20 12:35:19.435, 0, 773.02 W, 55, 2032 MHz, 3996 MHz, 99 %, 67 %
2026/09/20 12:35:19.435, 1, 778.88 W, 57, 2032 MHz, 3996 MHz, 99 %, 67 %
2026/09/20 12:35:19.435, 2, 752.27 W, 46, 2032 MHz, 3996 MHz, 99 %, 66 %
2026/09/20 12:35:19.435, 3, 753.43 W, 47, 2032 MHz, 3996 MHz, 99 %, 66 %
2026/09/20 12:35:19.435, 4, 183.25 W, 35, 120 MHz, 3996 MHz, 0 %, 0 %
2026/09/20 12:35:19.435, 5, 181.10 W, 33, 120 MHz, 3996 MHz, 0 %, 0 %
2026/09/20 12:35:19.435, 6, 180.17 W, 29, 120 MHz, 3996 MHz, 0 %, 0 %
2026/09/20 12:35:19.435, 7, 184.09 W, 29, 120 MHz, 3996 MHz, 0 %, 0 %
2026/09/20 12:35:20.435, 0, 739.78 W, 55, 2032 MHz, 3996 MHz, 99 %, 66 %
2026/09/20 12:35:20.435, 1, 693.93 W, 57, 2032 MHz, 3996 MHz, 99 %, 66 %
2026/09/20 12:35:20.435, 2, 673.02 W, 46, 2032 MHz, 3996 MHz, 99 %, 66 %
2026/09/20 12:35:20.435, 3, 695.40 W, 46, 2032 MHz, 3996 MHz, 99 %, 67 %
2026/09/20 12:35:20.435, 4, 183.25 W, 35, 120 MHz, 3996 MHz, 0 %, 0 %
2026/09/20 12:35:20.435, 5, 180.95 W, 33, 120 MHz, 3996 MHz, 0 %, 0 %
2026/09/20 12:35:20.435, 6, 180.25 W, 29, 120 MHz, 3996 MHz, 0 %, 0 %
2026/09/20 12:35:20.435, 7, 184.09 W, 29, 120 MHz, 3996 MHz, 0 %, 0 %
2026/09/20 12:35:21.436, 0, 718.40 W, 55, 2032 MHz, 3996 MHz, 90 %, 14 %
2026/09/20 12:35:21.436, 1, 678.93 W, 57, 2032 MHz, 3996 MHz, 100 %, 10 %
2026/09/20 12:35:21.436, 2, 675.20 W, 45, 2032 MHz, 3996 MHz, 34 %, 13 %
2026/09/20 12:35:21.436, 3, 699.03 W, 47, 2032 MHz, 3996 MHz, 100 %, 10 %
2026/09/20 12:35:21.436, 4, 183.25 W, 35, 120 MHz, 3996 MHz, 0 %, 0 %
2026/09/20 12:35:21.436, 5, 180.77 W, 33, 120 MHz, 3996 MHz, 0 %, 0 %
2026/09/20 12:35:21.436, 6, 180.17 W, 29, 120 MHz, 3996 MHz, 0 %, 0 %
2026/09/20 12:35:21.436, 7, 184.09 W, 29, 120 MHz, 3996 MHz, 0 %, 0 %
2026/09/20 12:35:22.436, 0, 681.35 W, 55, 2032 MHz, 3996 MHz, 97 %, 9 %
2026/09/20 12:35:22.436, 1, 678.25 W, 55, 2032 MHz, 3996 MHz, 27 %, 12 %
2026/09/20 12:35:22.436, 2, 699.09 W, 47, 2032 MHz, 3996 MHz, 100 %, 8 %
2026/09/20 12:35:22.436, 3, 707.78 W, 48, 2032 MHz, 3996 MHz, 100 %, 8 %
2026/09/20 12:35:22.436, 4, 183.25 W, 35, 120 MHz, 3996 MHz, 0 %, 0 %
2026/09/20 12:35:22.436, 5, 181.07 W, 33, 120 MHz, 3996 MHz, 0 %, 0 %
2026/09/20 12:35:22.436, 6, 180.25 W, 29, 120 MHz, 3996 MHz, 0 %, 0 %
2026/09/20 12:35:22.436, 7, 184.09 W, 29, 120 MHz, 3996 MHz, 0 %, 0 %
2026/09/20 12:35:23.436, 0, 734.08 W, 55, 2032 MHz, 3996 MHz, 99 %, 66 %
2026/09/20 12:35:23.436, 1, 739.78 W, 57, 2032 MHz, 3996 MHz, 99 %, 65 %
2026/09/20 12:35:23.436, 2, 688.43 W, 46, 2032 MHz, 3996 MHz, 99 %, 64 %
2026/09/20 12:35:23.436, 3, 693.14 W, 46, 2032 MHz, 3996 MHz, 99 %, 64 %
2026/09/20 12:35:23.436, 4, 183.25 W, 35, 120 MHz, 3996 MHz, 0 %, 0 %
2026/09/20 12:35:23.436, 5, 181.07 W, 33, 120 MHz, 3996 MHz, 0 %, 0 %
2026/09/20 12:35:23.436, 6, 180.25 W, 29, 120 MHz, 3996 MHz, 0 %, 0 %
2026/09/20 12:35:23.436, 7, 184.09 W, 29, 120 MHz, 3996 MHz, 0 %, 0 %
2026/09/20 12:35:24.436, 0, 750.70 W, 56, 2032 MHz, 3996 MHz, 99 %, 66 %
2026/09/20 12:35:24.436, 1, 753.72 W, 57, 2032 MHz, 3996 MHz, 99 %, 66 %
2026/09/20 12:35:24.436, 2, 727.75 W, 46, 2032 MHz, 3996 MHz, 99 %, 66 %
2026/09/20 12:35:24.436, 3, 680.78 W, 46, 2032 MHz, 3996 MHz, 99 %, 66 %
2026/09/20 12:35:24.436, 4, 183.25 W, 35, 120 MHz, 3996 MHz, 0 %, 0 %
2026/09/20 12:35:24.436, 5, 180.65 W, 33, 120 MHz, 3996 MHz, 0 %, 0 %
2026/09/20 12:35:24.437, 6, 180.21 W, 29, 120 MHz, 3996 MHz, 0 %, 0 %
2026/09/20 12:35:24.437, 7, 184.09 W, 29, 120 MHz, 3996 MHz, 0 %, 0 %
2026/09/20 12:35:25.437, 0, 708.70 W, 55, 2032 MHz, 3996 MHz, 99 %, 66 %
2026/09/20 12:35:25.437, 1, 759.82 W, 57, 2032 MHz, 3996 MHz, 95 %, 50 %
2026/09/20 12:35:25.437, 2, 732.24 W, 47, 2032 MHz, 3996 MHz, 95 %, 34 %
2026/09/20 12:35:25.437, 3, 730.46 W, 47, 2032 MHz, 3996 MHz, 95 %, 45 %
2026/09/20 12:35:25.437, 4, 183.25 W, 35, 120 MHz, 3996 MHz, 0 %, 0 %
2026/09/20 12:35:25.437, 5, 180.99 W, 33, 120 MHz, 3996 MHz, 0 %, 0 %
2026/09/20 12:35:25.437, 6, 180.17 W, 29, 120 MHz, 3996 MHz, 0 %, 0 %
2026/09/20 12:35:25.437, 7, 184.09 W, 29, 120 MHz, 3996 MHz, 0 %, 0 %
2026/09/20 12:35:26.437, 0, 767.16 W, 56, 2032 MHz, 3996 MHz, 99 %, 66 %
2026/09/20 12:35:26.437, 1, 776.62 W, 57, 2032 MHz, 3996 MHz, 99 %, 66 %
2026/09/20 12:35:26.437, 2, 749.15 W, 47, 2032 MHz, 3996 MHz, 99 %, 65 %
2026/09/20 12:35:26.437, 3, 751.06 W, 47, 2032 MHz, 3996 MHz, 99 %, 66 %
2026/09/20 12:35:26.437, 4, 183.25 W, 35, 120 MHz, 3996 MHz, 0 %, 0 %
2026/09/20 12:35:26.437, 5, 181.11 W, 33, 120 MHz, 3996 MHz, 0 %, 0 %
2026/09/20 12:35:26.437, 6, 180.29 W, 29, 120 MHz, 3996 MHz, 0 %, 0 %
2026/09/20 12:35:26.437, 7, 184.09 W, 29, 120 MHz, 3996 MHz, 0 %, 0 %
2026/09/20 12:35:27.437, 0, 753.14 W, 56, 2032 MHz, 3996 MHz, 99 %, 66 %
2026/09/20 12:35:27.437, 1, 714.75 W, 57, 2032 MHz, 3996 MHz, 99 %, 67 %
2026/09/20 12:35:27.437, 2, 735.50 W, 47, 2032 MHz, 3996 MHz, 99 %, 66 %
2026/09/20 12:35:27.437, 3, 734.83 W, 47, 2032 MHz, 3996 MHz, 99 %, 66 %
2026/09/20 12:35:27.437, 4, 183.25 W, 35, 120 MHz, 3996 MHz, 0 %, 0 %
2026/09/20 12:35:27.437, 5, 181.11 W, 33, 120 MHz, 3996 MHz, 0 %, 0 %
2026/09/20 12:35:27.437, 6, 180.17 W, 29, 120 MHz, 3996 MHz, 0 %, 0 %
2026/09/20 12:35:27.437, 7, 184.09 W, 29, 120 MHz, 3996 MHz, 0 %, 0 %
2026/09/20 12:35:28.437, 0, 754.33 W, 56, 2032 MHz, 3996 MHz, 99 %, 66 %
2026/09/20 12:35:28.437, 1, 762.46 W, 57, 2032 MHz, 3996 MHz, 99 %, 66 %
2026/09/20 12:35:28.437, 2, 693.94 W, 46, 2032 MHz, 3996 MHz, 99 %, 66 %
2026/09/20 12:35:28.437, 3, 714.57 W, 47, 2032 MHz, 3996 MHz, 99 %, 66 %
2026/09/20 12:35:28.437, 4, 183.25 W, 35, 120 MHz, 3996 MHz, 0 %, 0 %
2026/09/20 12:35:28.437, 5, 181.10 W, 33, 120 MHz, 3996 MHz, 0 %, 0 %
2026/09/20 12:35:28.438, 6, 180.17 W, 29, 120 MHz, 3996 MHz, 0 %, 0 %
2026/09/20 12:35:28.438, 7, 184.09 W, 29, 120 MHz, 3996 MHz, 0 %, 0 %
2026/09/20 12:35:29.438, 0, 706.67 W, 56, 2032 MHz, 3996 MHz, 99 %, 66 %
2026/09/20 12:35:29.438, 1, 761.30 W, 58, 2032 MHz, 3996 MHz, 99 %, 66 %
2026/09/20 12:35:29.438, 2, 733.37 W, 47, 2032 MHz, 3996 MHz, 99 %, 66 %
2026/09/20 12:35:29.438, 3, 734.81 W, 47, 2032 MHz, 3996 MHz, 99 %, 67 %
2026/09/20 12:35:29.438, 4, 183.25 W, 35, 120 MHz, 3996 MHz, 0 %, 0 %
2026/09/20 12:35:29.438, 5, 181.03 W, 33, 120 MHz, 3996 MHz, 0 %, 0 %
2026/09/20 12:35:29.438, 6, 180.17 W, 29, 120 MHz, 3996 MHz, 0 %, 0 %
2026/09/20 12:35:29.438, 7, 184.09 W, 29, 120 MHz, 3996 MHz, 0 %, 0 %
2026/09/20 12:35:30.438, 0, 769.72 W, 56, 2032 MHz, 3996 MHz, 99 %, 67 %
2026/09/20 12:35:30.438, 1, 780.14 W, 58, 2032 MHz, 3996 MHz, 99 %, 67 %
2026/09/20 12:35:30.438, 2, 755.73 W, 47, 2032 MHz, 3996 MHz, 99 %, 66 %
2026/09/20 12:35:30.438, 3, 753.48 W, 47, 2032 MHz, 3996 MHz, 99 %, 66 %
2026/09/20 12:35:30.438, 4, 183.25 W, 35, 120 MHz, 3996 MHz, 0 %, 0 %
2026/09/20 12:35:30.438, 5, 180.96 W, 33, 120 MHz, 3996 MHz, 0 %, 0 %
2026/09/20 12:35:30.438, 6, 180.25 W, 29, 120 MHz, 3996 MHz, 0 %, 0 %
2026/09/20 12:35:30.438, 7, 184.09 W, 29, 120 MHz, 3996 MHz, 0 %, 0 %
2026/09/20 12:35:31.438, 0, 706.31 W, 56, 2032 MHz, 3996 MHz, 89 %, 14 %
2026/09/20 12:35:31.438, 1, 676.14 W, 58, 2032 MHz, 3996 MHz, 99 %, 36 %
2026/09/20 12:35:31.438, 2, 647.97 W, 46, 2032 MHz, 3996 MHz, 99 %, 48 %
2026/09/20 12:35:31.438, 3, 668.57 W, 46, 2032 MHz, 3996 MHz, 68 %, 40 %
2026/09/20 12:35:31.438, 4, 183.25 W, 35, 120 MHz, 3996 MHz, 0 %, 0 %
2026/09/20 12:35:31.438, 5, 181.03 W, 33, 120 MHz, 3996 MHz, 0 %, 0 %
2026/09/20 12:35:31.438, 6, 180.17 W, 29, 120 MHz, 3996 MHz, 0 %, 0 %
2026/09/20 12:35:31.438, 7, 184.09 W, 29, 120 MHz, 3996 MHz, 0 %, 0 %
2026/09/20 12:35:32.438, 0, 743.98 W, 57, 2032 MHz, 3996 MHz, 96 %, 23 %
2026/09/20 12:35:32.439, 1, 701.64 W, 56, 2032 MHz, 3996 MHz, 28 %, 13 %
2026/09/20 12:35:32.439, 2, 715.59 W, 47, 2032 MHz, 3996 MHz, 100 %, 8 %
2026/09/20 12:35:32.439, 3, 721.18 W, 47, 2032 MHz, 3996 MHz, 100 %, 9 %
2026/09/20 12:35:32.439, 4, 183.25 W, 35, 120 MHz, 3996 MHz, 0 %, 0 %
2026/09/20 12:35:32.439, 5, 181.07 W, 33, 120 MHz, 3996 MHz, 0 %, 0 %
2026/09/20 12:35:32.439, 6, 180.21 W, 29, 120 MHz, 3996 MHz, 0 %, 0 %
2026/09/20 12:35:32.439, 7, 184.09 W, 29, 120 MHz, 3996 MHz, 0 %, 0 %
2026/09/20 12:35:33.439, 0, 716.73 W, 56, 2032 MHz, 3996 MHz, 95 %, 44 %
2026/09/20 12:35:33.439, 1, 696.50 W, 56, 2032 MHz, 3996 MHz, 26 %, 12 %
2026/09/20 12:35:33.439, 2, 717.64 W, 47, 2032 MHz, 3996 MHz, 100 %, 8 %
2026/09/20 12:35:33.439, 3, 671.14 W, 47, 2032 MHz, 3996 MHz, 100 %, 8 %
2026/09/20 12:35:33.439, 4, 183.25 W, 35, 120 MHz, 3996 MHz, 0 %, 0 %
2026/09/20 12:35:33.439, 5, 180.88 W, 33, 120 MHz, 3996 MHz, 0 %, 0 %
2026/09/20 12:35:33.439, 6, 180.21 W, 29, 120 MHz, 3996 MHz, 0 %, 0 %
2026/09/20 12:35:33.439, 7, 184.09 W, 29, 120 MHz, 3996 MHz, 0 %, 0 %
2026/09/20 12:35:34.439, 0, 712.55 W, 56, 2032 MHz, 3996 MHz, 99 %, 66 %
2026/09/20 12:35:34.439, 1, 718.68 W, 57, 2032 MHz, 3996 MHz, 99 %, 65 %
2026/09/20 12:35:34.439, 2, 637.08 W, 46, 2032 MHz, 3996 MHz, 99 %, 64 %
2026/09/20 12:35:34.439, 3, 669.23 W, 46, 2032 MHz, 3996 MHz, 99 %, 65 %
2026/09/20 12:35:34.439, 4, 183.25 W, 35, 120 MHz, 3996 MHz, 0 %, 0 %
2026/09/20 12:35:34.439, 5, 181.10 W, 33, 120 MHz, 3996 MHz, 0 %, 0 %
2026/09/20 12:35:34.439, 6, 180.25 W, 29, 120 MHz, 3996 MHz, 0 %, 0 %
2026/09/20 12:35:34.439, 7, 184.09 W, 29, 120 MHz, 3996 MHz, 0 %, 0 %
2026/09/20 12:35:35.439, 0, 769.46 W, 57, 2032 MHz, 3996 MHz, 99 %, 66 %
2026/09/20 12:35:35.439, 1, 772.71 W, 58, 2032 MHz, 3996 MHz, 99 %, 66 %
2026/09/20 12:35:35.439, 2, 745.66 W, 47, 2032 MHz, 3996 MHz, 99 %, 65 %
2026/09/20 12:35:35.439, 3, 746.73 W, 47, 2032 MHz, 3996 MHz, 99 %, 66 %
2026/09/20 12:35:35.439, 4, 183.25 W, 35, 120 MHz, 3996 MHz, 0 %, 0 %
2026/09/20 12:35:35.439, 5, 181.22 W, 33, 120 MHz, 3996 MHz, 0 %, 0 %
2026/09/20 12:35:35.439, 6, 180.21 W, 29, 120 MHz, 3996 MHz, 0 %, 0 %
2026/09/20 12:35:35.439, 7, 184.09 W, 29, 120 MHz, 3996 MHz, 0 %, 0 %
2026/09/20 12:35:36.440, 0, 704.27 W, 56, 2032 MHz, 3996 MHz, 68 %, 43 %
2026/09/20 12:35:36.440, 1, 756.89 W, 58, 2032 MHz, 3996 MHz, 100 %, 9 %
2026/09/20 12:35:36.440, 2, 730.38 W, 47, 2032 MHz, 3996 MHz, 100 %, 9 %
2026/09/20 12:35:36.440, 3, 728.66 W, 47, 2032 MHz, 3996 MHz, 100 %, 9 %
2026/09/20 12:35:36.440, 4, 183.25 W, 35, 120 MHz, 3996 MHz, 0 %, 0 %
2026/09/20 12:35:36.440, 5, 181.18 W, 33, 120 MHz, 3996 MHz, 0 %, 0 %
2026/09/20 12:35:36.440, 6, 180.21 W, 29, 120 MHz, 3996 MHz, 0 %, 0 %
2026/09/20 12:35:36.440, 7, 184.09 W, 29, 120 MHz, 3996 MHz, 0 %, 0 %
2026/09/20 12:35:37.440, 0, 769.25 W, 57, 2032 MHz, 3996 MHz, 99 %, 66 %
2026/09/20 12:35:37.440, 1, 779.26 W, 58, 2032 MHz, 3996 MHz, 99 %, 66 %
2026/09/20 12:35:37.440, 2, 746.78 W, 47, 2032 MHz, 3996 MHz, 99 %, 66 %
2026/09/20 12:35:37.440, 3, 752.90 W, 47, 2032 MHz, 3996 MHz, 99 %, 66 %
2026/09/20 12:35:37.440, 4, 183.25 W, 35, 120 MHz, 3996 MHz, 0 %, 0 %
2026/09/20 12:35:37.440, 5, 180.88 W, 33, 120 MHz, 3996 MHz, 0 %, 0 %
2026/09/20 12:35:37.440, 6, 180.25 W, 29, 120 MHz, 3996 MHz, 0 %, 0 %
2026/09/20 12:35:37.440, 7, 184.09 W, 29, 120 MHz, 3996 MHz, 0 %, 0 %
2026/09/20 12:35:38.440, 0, 773.17 W, 57, 2032 MHz, 3996 MHz, 99 %, 67 %
2026/09/20 12:35:38.440, 1, 781.52 W, 58, 2032 MHz, 3996 MHz, 99 %, 67 %
2026/09/20 12:35:38.440, 2, 752.37 W, 47, 2032 MHz, 3996 MHz, 99 %, 66 %
2026/09/20 12:35:38.440, 3, 754.35 W, 47, 2032 MHz, 3996 MHz, 99 %, 66 %
2026/09/20 12:35:38.440, 4, 183.25 W, 35, 120 MHz, 3996 MHz, 0 %, 0 %
2026/09/20 12:35:38.440, 5, 181.03 W, 33, 120 MHz, 3996 MHz, 0 %, 0 %
2026/09/20 12:35:38.440, 6, 180.37 W, 29, 120 MHz, 3996 MHz, 0 %, 0 %
2026/09/20 12:35:38.440, 7, 184.09 W, 29, 120 MHz, 3996 MHz, 0 %, 0 %
2026/09/20 12:35:39.440, 0, 756.81 W, 57, 2032 MHz, 3996 MHz, 99 %, 67 %
2026/09/20 12:35:39.440, 1, 763.32 W, 58, 2032 MHz, 3996 MHz, 99 %, 67 %
2026/09/20 12:35:39.440, 2, 689.25 W, 47, 2032 MHz, 3996 MHz, 99 %, 67 %
2026/09/20 12:35:39.440, 3, 733.88 W, 47, 2032 MHz, 3996 MHz, 99 %, 67 %
2026/09/20 12:35:39.440, 4, 183.25 W, 35, 120 MHz, 3996 MHz, 0 %, 0 %
2026/09/20 12:35:39.440, 5, 180.96 W, 33, 120 MHz, 3996 MHz, 0 %, 0 %
2026/09/20 12:35:39.440, 6, 180.17 W, 29, 120 MHz, 3996 MHz, 0 %, 0 %
2026/09/20 12:35:39.441, 7, 184.09 W, 29, 120 MHz, 3996 MHz, 0 %, 0 %
2026/09/20 12:35:40.441, 0, 742.40 W, 57, 2032 MHz, 3996 MHz, 99 %, 66 %
2026/09/20 12:35:40.441, 1, 742.41 W, 58, 2032 MHz, 3996 MHz, 99 %, 67 %
2026/09/20 12:35:40.441, 2, 719.02 W, 47, 2032 MHz, 3996 MHz, 99 %, 67 %
2026/09/20 12:35:40.441, 3, 701.55 W, 47, 2032 MHz, 3996 MHz, 99 %, 67 %
2026/09/20 12:35:40.441, 4, 183.25 W, 35, 120 MHz, 3996 MHz, 0 %, 0 %
2026/09/20 12:35:40.441, 5, 180.99 W, 33, 120 MHz, 3996 MHz, 0 %, 0 %
2026/09/20 12:35:40.441, 6, 180.21 W, 29, 120 MHz, 3996 MHz, 0 %, 0 %
2026/09/20 12:35:40.441, 7, 184.09 W, 29, 120 MHz, 3996 MHz, 0 %, 0 %
2026/09/20 12:35:41.441, 0, 766.02 W, 58, 2032 MHz, 3996 MHz, 100 %, 8 %
2026/09/20 12:35:41.441, 1, 746.90 W, 58, 2032 MHz, 3996 MHz, 80 %, 52 %
2026/09/20 12:35:41.441, 2, 747.26 W, 48, 2032 MHz, 3996 MHz, 99 %, 65 %
2026/09/20 12:35:41.441, 3, 745.76 W, 48, 2032 MHz, 3996 MHz, 99 %, 56 %
2026/09/20 12:35:41.441, 4, 183.25 W, 35, 120 MHz, 3996 MHz, 0 %, 0 %
2026/09/20 12:35:41.441, 5, 180.87 W, 33, 120 MHz, 3996 MHz, 0 %, 0 %
2026/09/20 12:35:41.441, 6, 180.25 W, 29, 120 MHz, 3996 MHz, 0 %, 0 %
2026/09/20 12:35:41.441, 7, 184.09 W, 29, 120 MHz, 3996 MHz, 0 %, 0 %
2026/09/20 12:35:42.441, 0, 712.35 W, 57, 2032 MHz, 3996 MHz, 99 %, 67 %
2026/09/20 12:35:42.441, 1, 721.90 W, 59, 2032 MHz, 3996 MHz, 95 %, 49 %
2026/09/20 12:35:42.441, 2, 663.87 W, 47, 2032 MHz, 3996 MHz, 95 %, 35 %
2026/09/20 12:35:42.441, 3, 650.38 W, 47, 2032 MHz, 3996 MHz, 68 %, 44 %
2026/09/20 12:35:42.441, 4, 183.25 W, 35, 120 MHz, 3996 MHz, 0 %, 0 %
2026/09/20 12:35:42.441, 5, 180.96 W, 33, 120 MHz, 3996 MHz, 0 %, 0 %
2026/09/20 12:35:42.441, 6, 180.17 W, 29, 120 MHz, 3996 MHz, 0 %, 0 %
2026/09/20 12:35:42.441, 7, 184.09 W, 29, 120 MHz, 3996 MHz, 0 %, 0 %
2026/09/20 12:35:43.441, 0, 754.13 W, 57, 2032 MHz, 3996 MHz, 99 %, 67 %
2026/09/20 12:35:43.442, 1, 715.20 W, 57, 2032 MHz, 3996 MHz, 57 %, 35 %
2026/09/20 12:35:43.442, 2, 730.34 W, 47, 2032 MHz, 3996 MHz, 95 %, 21 %
2026/09/20 12:35:43.442, 3, 735.82 W, 47, 2032 MHz, 3996 MHz, 96 %, 32 %
2026/09/20 12:35:43.442, 4, 183.25 W, 35, 120 MHz, 3996 MHz, 0 %, 0 %
2026/09/20 12:35:43.442, 5, 181.15 W, 32, 120 MHz, 3996 MHz, 0 %, 0 %
2026/09/20 12:35:43.442, 6, 180.25 W, 29, 120 MHz, 3996 MHz, 0 %, 0 %
2026/09/20 12:35:43.442, 7, 184.09 W, 29, 120 MHz, 3996 MHz, 0 %, 0 %
2026/09/20 12:35:44.442, 0, 742.38 W, 58, 2032 MHz, 3996 MHz, 90 %, 47 %
2026/09/20 12:35:44.442, 1, 759.08 W, 59, 2032 MHz, 3996 MHz, 99 %, 67 %
2026/09/20 12:35:44.442, 2, 679.31 W, 48, 2032 MHz, 3996 MHz, 99 %, 66 %
2026/09/20 12:35:44.442, 3, 704.53 W, 47, 2032 MHz, 3996 MHz, 99 %, 67 %
2026/09/20 12:35:44.442, 4, 183.25 W, 35, 120 MHz, 3996 MHz, 0 %, 0 %
2026/09/20 12:35:44.442, 5, 180.91 W, 33, 120 MHz, 3996 MHz, 0 %, 0 %
2026/09/20 12:35:44.442, 6, 180.17 W, 29, 120 MHz, 3996 MHz, 0 %, 0 %
2026/09/20 12:35:44.442, 7, 184.09 W, 29, 120 MHz, 3996 MHz, 0 %, 0 %
2026/09/20 12:35:45.442, 0, 729.68 W, 58, 2032 MHz, 3996 MHz, 99 %, 67 %
2026/09/20 12:35:45.442, 1, 708.01 W, 58, 2032 MHz, 3996 MHz, 99 %, 67 %
2026/09/20 12:35:45.442, 2, 722.17 W, 47, 2032 MHz, 3996 MHz, 99 %, 66 %
2026/09/20 12:35:45.442, 3, 693.52 W, 48, 2032 MHz, 3996 MHz, 99 %, 66 %
2026/09/20 12:35:45.442, 4, 183.25 W, 35, 120 MHz, 3996 MHz, 0 %, 0 %
2026/09/20 12:35:45.442, 5, 181.07 W, 32, 120 MHz, 3996 MHz, 0 %, 0 %
2026/09/20 12:35:45.442, 6, 180.21 W, 29, 120 MHz, 3996 MHz, 0 %, 0 %
2026/09/20 12:35:45.442, 7, 184.09 W, 29, 120 MHz, 3996 MHz, 0 %, 0 %
2026/09/20 12:35:46.442, 0, 719.37 W, 57, 2032 MHz, 3996 MHz, 99 %, 66 %
2026/09/20 12:35:46.442, 1, 723.52 W, 58, 2032 MHz, 3996 MHz, 95 %, 38 %
2026/09/20 12:35:46.442, 2, 652.60 W, 47, 2032 MHz, 3996 MHz, 95 %, 26 %
2026/09/20 12:35:46.442, 3, 677.89 W, 47, 2032 MHz, 3996 MHz, 64 %, 38 %
2026/09/20 12:35:46.442, 4, 183.25 W, 35, 120 MHz, 3996 MHz, 0 %, 0 %
2026/09/20 12:35:46.442, 5, 180.92 W, 32, 120 MHz, 3996 MHz, 0 %, 0 %
2026/09/20 12:35:46.442, 6, 180.29 W, 29, 120 MHz, 3996 MHz, 0 %, 0 %
2026/09/20 12:35:46.443, 7, 184.09 W, 29, 120 MHz, 3996 MHz, 0 %, 0 %
2026/09/20 12:35:47.443, 0, 771.10 W, 57, 2032 MHz, 3996 MHz, 99 %, 65 %
2026/09/20 12:35:47.443, 1, 776.16 W, 59, 2032 MHz, 3996 MHz, 99 %, 66 %
2026/09/20 12:35:47.443, 2, 745.47 W, 47, 2032 MHz, 3996 MHz, 99 %, 65 %
2026/09/20 12:35:47.443, 3, 752.76 W, 47, 2032 MHz, 3996 MHz, 99 %, 65 %
2026/09/20 12:35:47.443, 4, 183.25 W, 35, 120 MHz, 3996 MHz, 0 %, 0 %
2026/09/20 12:35:47.443, 5, 180.80 W, 32, 120 MHz, 3996 MHz, 0 %, 0 %
2026/09/20 12:35:47.443, 6, 180.21 W, 29, 120 MHz, 3996 MHz, 0 %, 0 %
2026/09/20 12:35:47.443, 7, 184.09 W, 29, 120 MHz, 3996 MHz, 0 %, 0 %
2026/09/20 12:35:48.443, 0, 776.07 W, 58, 2032 MHz, 3996 MHz, 99 %, 67 %
2026/09/20 12:35:48.443, 1, 781.53 W, 59, 2032 MHz, 3996 MHz, 99 %, 66 %
2026/09/20 12:35:48.443, 2, 752.31 W, 47, 2032 MHz, 3996 MHz, 99 %, 67 %
2026/09/20 12:35:48.443, 3, 755.20 W, 47, 2032 MHz, 3996 MHz, 99 %, 67 %
2026/09/20 12:35:48.443, 4, 183.25 W, 35, 120 MHz, 3996 MHz, 0 %, 0 %
2026/09/20 12:35:48.443, 5, 180.99 W, 32, 120 MHz, 3996 MHz, 0 %, 0 %
2026/09/20 12:35:48.443, 6, 180.25 W, 29, 120 MHz, 3996 MHz, 0 %, 0 %
2026/09/20 12:35:48.443, 7, 184.09 W, 29, 120 MHz, 3996 MHz, 0 %, 0 %
2026/09/20 12:35:49.443, 0, 712.79 W, 57, 2032 MHz, 3996 MHz, 99 %, 67 %
2026/09/20 12:35:49.443, 1, 768.46 W, 59, 2032 MHz, 3996 MHz, 99 %, 67 %
2026/09/20 12:35:49.443, 2, 735.65 W, 47, 2032 MHz, 3996 MHz, 99 %, 68 %
2026/09/20 12:35:49.443, 3, 737.24 W, 48, 2032 MHz, 3996 MHz, 99 %, 67 %
2026/09/20 12:35:49.443, 4, 183.25 W, 35, 120 MHz, 3996 MHz, 0 %, 0 %
2026/09/20 12:35:49.443, 5, 180.75 W, 32, 120 MHz, 3996 MHz, 0 %, 0 %
2026/09/20 12:35:49.443, 6, 180.25 W, 29, 120 MHz, 3996 MHz, 0 %, 0 %
2026/09/20 12:35:49.443, 7, 184.09 W, 29, 120 MHz, 3996 MHz, 0 %, 0 %
2026/09/20 12:35:50.443, 0, 759.82 W, 58, 2032 MHz, 3996 MHz, 99 %, 67 %
2026/09/20 12:35:50.444, 1, 766.26 W, 59, 2032 MHz, 3996 MHz, 99 %, 68 %
2026/09/20 12:35:50.444, 2, 690.67 W, 47, 2032 MHz, 3996 MHz, 99 %, 67 %
2026/09/20 12:35:50.444, 3, 738.91 W, 47, 2032 MHz, 3996 MHz, 99 %, 67 %
2026/09/20 12:35:50.444, 4, 183.25 W, 35, 120 MHz, 3996 MHz, 0 %, 0 %
2026/09/20 12:35:50.444, 5, 180.77 W, 32, 120 MHz, 3996 MHz, 0 %, 0 %
2026/09/20 12:35:50.444, 6, 180.21 W, 29, 120 MHz, 3996 MHz, 0 %, 0 %
2026/09/20 12:35:50.444, 7, 184.09 W, 29, 120 MHz, 3996 MHz, 0 %, 0 %
2026/09/20 12:35:51.444, 0, 742.60 W, 58, 2032 MHz, 3996 MHz, 99 %, 67 %
2026/09/20 12:35:51.444, 1, 750.58 W, 59, 2032 MHz, 3996 MHz, 99 %, 67 %
2026/09/20 12:35:51.444, 2, 743.03 W, 47, 2032 MHz, 3996 MHz, 99 %, 67 %
2026/09/20 12:35:51.444, 3, 697.18 W, 47, 2032 MHz, 3996 MHz, 99 %, 67 %
2026/09/20 12:35:51.444, 4, 183.25 W, 35, 120 MHz, 3996 MHz, 0 %, 0 %
2026/09/20 12:35:51.444, 5, 180.83 W, 32, 120 MHz, 3996 MHz, 0 %, 0 %
2026/09/20 12:35:51.444, 6, 180.21 W, 29, 120 MHz, 3996 MHz, 0 %, 0 %
2026/09/20 12:35:51.444, 7, 184.09 W, 29, 120 MHz, 3996 MHz, 0 %, 0 %
2026/09/20 12:35:52.444, 0, 760.71 W, 58, 2032 MHz, 3996 MHz, 99 %, 67 %
2026/09/20 12:35:52.444, 1, 723.12 W, 58, 2032 MHz, 3996 MHz, 99 %, 68 %
2026/09/20 12:35:52.444, 2, 740.47 W, 47, 2032 MHz, 3996 MHz, 95 %, 60 %
2026/09/20 12:35:52.444, 3, 735.54 W, 48, 2032 MHz, 3996 MHz, 99 %, 68 %
2026/09/20 12:35:52.444, 4, 183.25 W, 35, 120 MHz, 3996 MHz, 0 %, 0 %
2026/09/20 12:35:52.444, 5, 180.76 W, 32, 120 MHz, 3996 MHz, 0 %, 0 %
2026/09/20 12:35:52.444, 6, 180.17 W, 29, 120 MHz, 3996 MHz, 0 %, 0 %
2026/09/20 12:35:52.444, 7, 184.09 W, 29, 120 MHz, 3996 MHz, 0 %, 0 %
2026/09/20 12:35:53.444, 0, 752.05 W, 59, 2032 MHz, 3996 MHz, 100 %, 12 %
2026/09/20 12:35:53.444, 1, 757.85 W, 60, 2032 MHz, 3996 MHz, 99 %, 56 %
2026/09/20 12:35:53.444, 2, 677.72 W, 48, 2032 MHz, 3996 MHz, 99 %, 68 %
2026/09/20 12:35:53.444, 3, 693.60 W, 46, 2032 MHz, 3996 MHz, 90 %, 61 %
2026/09/20 12:35:53.444, 4, 183.25 W, 35, 120 MHz, 3996 MHz, 0 %, 0 %
2026/09/20 12:35:53.445, 5, 180.95 W, 32, 120 MHz, 3996 MHz, 0 %, 0 %
2026/09/20 12:35:53.445, 6, 180.28 W, 29, 120 MHz, 3996 MHz, 0 %, 0 %
2026/09/20 12:35:53.445, 7, 184.09 W, 29, 120 MHz, 3996 MHz, 0 %, 0 %
2026/09/20 12:35:54.445, 0, 728.17 W, 58, 2032 MHz, 3996 MHz, 99 %, 67 %
2026/09/20 12:35:54.445, 1, 716.75 W, 59, 2032 MHz, 3996 MHz, 88 %, 59 %
2026/09/20 12:35:54.445, 2, 707.92 W, 47, 2032 MHz, 3996 MHz, 95 %, 49 %
2026/09/20 12:35:54.445, 3, 702.63 W, 47, 2032 MHz, 3996 MHz, 95 %, 55 %
2026/09/20 12:35:54.445, 4, 183.25 W, 35, 120 MHz, 3996 MHz, 0 %, 0 %
2026/09/20 12:35:54.445, 5, 180.95 W, 32, 120 MHz, 3996 MHz, 0 %, 0 %
2026/09/20 12:35:54.445, 6, 180.24 W, 29, 120 MHz, 3996 MHz, 0 %, 0 %
2026/09/20 12:35:54.445, 7, 184.09 W, 29, 120 MHz, 3996 MHz, 0 %, 0 %
2026/09/20 12:35:55.445, 0, 739.10 W, 58, 2032 MHz, 3996 MHz, 99 %, 67 %
2026/09/20 12:35:55.445, 1, 743.22 W, 59, 2032 MHz, 3996 MHz, 99 %, 66 %
2026/09/20 12:35:55.445, 2, 667.50 W, 47, 2032 MHz, 3996 MHz, 99 %, 66 %
2026/09/20 12:35:55.445, 3, 665.67 W, 47, 2032 MHz, 3996 MHz, 99 %, 66 %
2026/09/20 12:35:55.445, 4, 183.25 W, 35, 120 MHz, 3996 MHz, 0 %, 0 %
2026/09/20 12:35:55.445, 5, 180.96 W, 32, 120 MHz, 3996 MHz, 0 %, 0 %
2026/09/20 12:35:55.445, 6, 180.21 W, 29, 120 MHz, 3996 MHz, 0 %, 0 %
2026/09/20 12:35:55.445, 7, 184.09 W, 29, 120 MHz, 3996 MHz, 0 %, 0 %
2026/09/20 12:35:56.445, 0, 638.57 W, 56, 2032 MHz, 3996 MHz, 30 %, 15 %
2026/09/20 12:35:56.445, 1, 688.58 W, 59, 2032 MHz, 3996 MHz, 60 %, 25 %
2026/09/20 12:35:56.445, 2, 710.60 W, 48, 2032 MHz, 3996 MHz, 95 %, 23 %
2026/09/20 12:35:56.445, 3, 701.09 W, 48, 2032 MHz, 3996 MHz, 95 %, 22 %
2026/09/20 12:35:56.445, 4, 183.25 W, 35, 120 MHz, 3996 MHz, 0 %, 0 %
2026/09/20 12:35:56.445, 5, 180.91 W, 33, 120 MHz, 3996 MHz, 0 %, 0 %
2026/09/20 12:35:56.445, 6, 180.21 W, 29, 120 MHz, 3996 MHz, 0 %, 0 %
2026/09/20 12:35:56.445, 7, 184.09 W, 29, 120 MHz, 3996 MHz, 0 %, 0 %
2026/09/20 12:35:57.446, 0, 750.85 W, 58, 2032 MHz, 3996 MHz, 99 %, 65 %
2026/09/20 12:35:57.446, 1, 760.79 W, 59, 2032 MHz, 3996 MHz, 99 %, 65 %
2026/09/20 12:35:57.446, 2, 732.78 W, 47, 2032 MHz, 3996 MHz, 99 %, 64 %
2026/09/20 12:35:57.446, 3, 740.64 W, 47, 2032 MHz, 3996 MHz, 99 %, 65 %
2026/09/20 12:35:57.446, 4, 183.25 W, 35, 120 MHz, 3996 MHz, 0 %, 0 %
2026/09/20 12:35:57.446, 5, 180.84 W, 32, 120 MHz, 3996 MHz, 0 %, 0 %
2026/09/20 12:35:57.446, 6, 180.25 W, 29, 120 MHz, 3996 MHz, 0 %, 0 %
2026/09/20 12:35:57.446, 7, 184.09 W, 29, 120 MHz, 3996 MHz, 0 %, 0 %
2026/09/20 12:35:58.446, 0, 736.47 W, 58, 2032 MHz, 3996 MHz, 99 %, 65 %
2026/09/20 12:35:58.446, 1, 743.06 W, 59, 2032 MHz, 3996 MHz, 99 %, 65 %
2026/09/20 12:35:58.446, 2, 691.42 W, 47, 2032 MHz, 3996 MHz, 99 %, 64 %
2026/09/20 12:35:58.446, 3, 693.66 W, 47, 2032 MHz, 3996 MHz, 99 %, 63 %
2026/09/20 12:35:58.446, 4, 183.25 W, 35, 120 MHz, 3996 MHz, 0 %, 0 %
2026/09/20 12:35:58.446, 5, 181.06 W, 32, 120 MHz, 3996 MHz, 0 %, 0 %
2026/09/20 12:35:58.446, 6, 180.17 W, 29, 120 MHz, 3996 MHz, 0 %, 0 %
2026/09/20 12:35:58.446, 7, 184.09 W, 29, 120 MHz, 3996 MHz, 0 %, 0 %
2026/09/20 12:35:59.446, 0, 771.76 W, 58, 2032 MHz, 3996 MHz, 99 %, 67 %
2026/09/20 12:35:59.446, 1, 781.23 W, 59, 2032 MHz, 3996 MHz, 99 %, 66 %
2026/09/20 12:35:59.446, 2, 751.10 W, 47, 2032 MHz, 3996 MHz, 99 %, 66 %
2026/09/20 12:35:59.446, 3, 747.68 W, 48, 2032 MHz, 3996 MHz, 99 %, 67 %
2026/09/20 12:35:59.446, 4, 183.25 W, 35, 120 MHz, 3996 MHz, 0 %, 0 %
2026/09/20 12:35:59.446, 5, 181.11 W, 32, 120 MHz, 3996 MHz, 0 %, 0 %
2026/09/20 12:35:59.446, 6, 180.17 W, 29, 120 MHz, 3996 MHz, 0 %, 0 %
2026/09/20 12:35:59.446, 7, 184.09 W, 29, 120 MHz, 3996 MHz, 0 %, 0 %
2026/09/20 12:36:00.446, 0, 709.82 W, 58, 2032 MHz, 3996 MHz, 99 %, 66 %
2026/09/20 12:36:00.446, 1, 764.81 W, 60, 2032 MHz, 3996 MHz, 99 %, 67 %
2026/09/20 12:36:00.446, 2, 733.65 W, 47, 2032 MHz, 3996 MHz, 99 %, 66 %
2026/09/20 12:36:00.446, 3, 738.01 W, 48, 2032 MHz, 3996 MHz, 99 %, 67 %
2026/09/20 12:36:00.446, 4, 183.25 W, 35, 120 MHz, 3996 MHz, 0 %, 0 %
2026/09/20 12:36:00.446, 5, 181.07 W, 32, 120 MHz, 3996 MHz, 0 %, 0 %
2026/09/20 12:36:00.446, 6, 180.21 W, 29, 120 MHz, 3996 MHz, 0 %, 0 %
2026/09/20 12:36:00.447, 7, 184.09 W, 29, 120 MHz, 3996 MHz, 0 %, 0 %
2026/09/20 12:36:01.447, 0, 761.42 W, 58, 2032 MHz, 3996 MHz, 99 %, 67 %
2026/09/20 12:36:01.447, 1, 767.12 W, 60, 2032 MHz, 3996 MHz, 99 %, 67 %
2026/09/20 12:36:01.447, 2, 692.83 W, 47, 2032 MHz, 3996 MHz, 99 %, 68 %
2026/09/20 12:36:01.447, 3, 736.55 W, 48, 2032 MHz, 3996 MHz, 99 %, 68 %
2026/09/20 12:36:01.447, 4, 183.25 W, 35, 120 MHz, 3996 MHz, 0 %, 0 %
2026/09/20 12:36:01.447, 5, 180.96 W, 33, 120 MHz, 3996 MHz, 0 %, 0 %
2026/09/20 12:36:01.447, 6, 180.21 W, 29, 120 MHz, 3996 MHz, 0 %, 0 %
2026/09/20 12:36:01.447, 7, 184.09 W, 29, 120 MHz, 3996 MHz, 0 %, 0 %
2026/09/20 12:36:02.447, 0, 740.26 W, 58, 2032 MHz, 3996 MHz, 96 %, 31 %
2026/09/20 12:36:02.447, 1, 734.60 W, 58, 2032 MHz, 3996 MHz, 88 %, 14 %
2026/09/20 12:36:02.447, 2, 716.84 W, 47, 2032 MHz, 3996 MHz, 100 %, 10 %
2026/09/20 12:36:02.447, 3, 691.68 W, 46, 2032 MHz, 3996 MHz, 35 %, 14 %
2026/09/20 12:36:02.447, 4, 183.25 W, 35, 120 MHz, 3996 MHz, 0 %, 0 %
2026/09/20 12:36:02.447, 5, 181.03 W, 32, 120 MHz, 3996 MHz, 0 %, 0 %
2026/09/20 12:36:02.447, 6, 180.25 W, 29, 120 MHz, 3996 MHz, 0 %, 0 %
2026/09/20 12:36:02.447, 7, 184.09 W, 29, 120 MHz, 3996 MHz, 0 %, 0 %
2026/09/20 12:36:03.447, 0, 781.30 W, 58, 2032 MHz, 3996 MHz, 99 %, 67 %
2026/09/20 12:36:03.447, 1, 783.61 W, 60, 2032 MHz, 3996 MHz, 99 %, 67 %
2026/09/20 12:36:03.447, 2, 757.31 W, 47, 2032 MHz, 3996 MHz, 99 %, 67 %
2026/09/20 12:36:03.447, 3, 757.59 W, 48, 2032 MHz, 3996 MHz, 99 %, 67 %
2026/09/20 12:36:03.447, 4, 183.25 W, 35, 120 MHz, 3996 MHz, 0 %, 0 %
2026/09/20 12:36:03.447, 5, 180.87 W, 32, 120 MHz, 3996 MHz, 0 %, 0 %
2026/09/20 12:36:03.447, 6, 180.17 W, 29, 120 MHz, 3996 MHz, 0 %, 0 %
2026/09/20 12:36:03.447, 7, 184.09 W, 29, 120 MHz, 3996 MHz, 0 %, 0 %
2026/09/20 12:36:04.447, 0, 743.34 W, 59, 2032 MHz, 3996 MHz, 100 %, 9 %
2026/09/20 12:36:04.447, 1, 708.23 W, 60, 2032 MHz, 3996 MHz, 100 %, 12 %
2026/09/20 12:36:04.447, 2, 685.37 W, 46, 2032 MHz, 3996 MHz, 47 %, 28 %
2026/09/20 12:36:04.447, 3, 726.10 W, 49, 2032 MHz, 3996 MHz, 100 %, 16 %
2026/09/20 12:36:04.447, 4, 183.25 W, 35, 120 MHz, 3996 MHz, 0 %, 0 %
2026/09/20 12:36:04.447, 5, 180.91 W, 32, 120 MHz, 3996 MHz, 0 %, 0 %
2026/09/20 12:36:04.448, 6, 180.21 W, 29, 120 MHz, 3996 MHz, 0 %, 0 %
2026/09/20 12:36:04.448, 7, 184.09 W, 29, 120 MHz, 3996 MHz, 0 %, 0 %
2026/09/20 12:36:05.448, 0, 744.80 W, 58, 2032 MHz, 3996 MHz, 99 %, 67 %
2026/09/20 12:36:05.448, 1, 765.94 W, 60, 2032 MHz, 3996 MHz, 95 %, 42 %
2026/09/20 12:36:05.448, 2, 728.39 W, 48, 2032 MHz, 3996 MHz, 95 %, 27 %
2026/09/20 12:36:05.448, 3, 687.05 W, 47, 2032 MHz, 3996 MHz, 64 %, 39 %
2026/09/20 12:36:05.448, 4, 183.25 W, 35, 120 MHz, 3996 MHz, 0 %, 0 %
2026/09/20 12:36:05.448, 5, 181.11 W, 32, 120 MHz, 3996 MHz, 0 %, 0 %
2026/09/20 12:36:05.448, 6, 180.33 W, 29, 120 MHz, 3996 MHz, 0 %, 0 %
2026/09/20 12:36:05.448, 7, 184.09 W, 29, 120 MHz, 3996 MHz, 0 %, 0 %
2026/09/20 12:36:06.448, 0, 760.36 W, 58, 2032 MHz, 3996 MHz, 99 %, 67 %
2026/09/20 12:36:06.448, 1, 721.37 W, 59, 2032 MHz, 3996 MHz, 99 %, 66 %
2026/09/20 12:36:06.448, 2, 738.54 W, 47, 2032 MHz, 3996 MHz, 99 %, 66 %
2026/09/20 12:36:06.448, 3, 733.04 W, 48, 2032 MHz, 3996 MHz, 99 %, 65 %
2026/09/20 12:36:06.448, 4, 183.25 W, 35, 120 MHz, 3996 MHz, 0 %, 0 %
2026/09/20 12:36:06.448, 5, 181.30 W, 32, 120 MHz, 3996 MHz, 0 %, 0 %
2026/09/20 12:36:06.448, 6, 180.17 W, 29, 120 MHz, 3996 MHz, 0 %, 0 %
2026/09/20 12:36:06.448, 7, 184.09 W, 29, 120 MHz, 3996 MHz, 0 %, 0 %
2026/09/20 12:36:07.448, 0, 660.62 W, 58, 2032 MHz, 3996 MHz, 100 %, 11 %
2026/09/20 12:36:07.448, 1, 715.85 W, 60, 2032 MHz, 3996 MHz, 99 %, 66 %
2026/09/20 12:36:07.448, 2, 691.87 W, 47, 2032 MHz, 3996 MHz, 99 %, 66 %
2026/09/20 12:36:07.448, 3, 676.13 W, 48, 2032 MHz, 3996 MHz, 99 %, 66 %
2026/09/20 12:36:07.448, 4, 183.25 W, 35, 120 MHz, 3996 MHz, 0 %, 0 %
2026/09/20 12:36:07.448, 5, 181.07 W, 32, 120 MHz, 3996 MHz, 0 %, 0 %
2026/09/20 12:36:07.448, 6, 180.29 W, 29, 120 MHz, 3996 MHz, 0 %, 0 %
2026/09/20 12:36:07.448, 7, 184.09 W, 29, 120 MHz, 3996 MHz, 0 %, 0 %
2026/09/20 12:36:08.448, 0, 728.90 W, 58, 2032 MHz, 3996 MHz, 100 %, 10 %
2026/09/20 12:36:08.448, 1, 736.14 W, 60, 2032 MHz, 3996 MHz, 99 %, 66 %
2026/09/20 12:36:08.448, 2, 685.23 W, 47, 2032 MHz, 3996 MHz, 99 %, 66 %
2026/09/20 12:36:08.448, 3, 712.57 W, 48, 2032 MHz, 3996 MHz, 99 %, 65 %
2026/09/20 12:36:08.448, 4, 183.25 W, 35, 120 MHz, 3996 MHz, 0 %, 0 %
2026/09/20 12:36:08.448, 5, 181.07 W, 32, 120 MHz, 3996 MHz, 0 %, 0 %
2026/09/20 12:36:08.449, 6, 180.28 W, 29, 120 MHz, 3996 MHz, 0 %, 0 %
2026/09/20 12:36:08.449, 7, 184.09 W, 29, 120 MHz, 3996 MHz, 0 %, 0 %
2026/09/20 12:36:09.449, 0, 751.99 W, 58, 2032 MHz, 3996 MHz, 99 %, 66 %
2026/09/20 12:36:09.449, 1, 753.77 W, 60, 2032 MHz, 3996 MHz, 99 %, 66 %
2026/09/20 12:36:09.449, 2, 714.76 W, 47, 2032 MHz, 3996 MHz, 99 %, 66 %
2026/09/20 12:36:09.449, 3, 695.94 W, 48, 2032 MHz, 3996 MHz, 99 %, 66 %
2026/09/20 12:36:09.449, 4, 183.25 W, 35, 120 MHz, 3996 MHz, 0 %, 0 %
2026/09/20 12:36:09.449, 5, 181.03 W, 32, 120 MHz, 3996 MHz, 0 %, 0 %
2026/09/20 12:36:09.449, 6, 180.25 W, 29, 120 MHz, 3996 MHz, 0 %, 0 %
2026/09/20 12:36:09.449, 7, 184.09 W, 29, 120 MHz, 3996 MHz, 0 %, 0 %
2026/09/20 12:36:10.449, 0, 772.95 W, 59, 2032 MHz, 3996 MHz, 99 %, 66 %
2026/09/20 12:36:10.449, 1, 777.28 W, 60, 2032 MHz, 3996 MHz, 99 %, 65 %
2026/09/20 12:36:10.449, 2, 748.29 W, 47, 2032 MHz, 3996 MHz, 99 %, 65 %
2026/09/20 12:36:10.449, 3, 751.22 W, 48, 2032 MHz, 3996 MHz, 99 %, 65 %
2026/09/20 12:36:10.449, 4, 183.25 W, 35, 120 MHz, 3996 MHz, 0 %, 0 %
2026/09/20 12:36:10.449, 5, 181.15 W, 32, 120 MHz, 3996 MHz, 0 %, 0 %
2026/09/20 12:36:10.449, 6, 180.32 W, 29, 120 MHz, 3996 MHz, 0 %, 0 %
2026/09/20 12:36:10.449, 7, 184.09 W, 29, 120 MHz, 3996 MHz, 0 %, 0 %
2026/09/20 12:36:11.449, 0, 709.84 W, 58, 2032 MHz, 3996 MHz, 99 %, 66 %
2026/09/20 12:36:11.449, 1, 764.49 W, 60, 2032 MHz, 3996 MHz, 99 %, 66 %
2026/09/20 12:36:11.449, 2, 736.02 W, 47, 2032 MHz, 3996 MHz, 99 %, 66 %
2026/09/20 12:36:11.449, 3, 730.76 W, 48, 2032 MHz, 3996 MHz, 99 %, 66 %
2026/09/20 12:36:11.449, 4, 183.25 W, 35, 120 MHz, 3996 MHz, 0 %, 0 %
2026/09/20 12:36:11.449, 5, 181.10 W, 32, 120 MHz, 3996 MHz, 0 %, 0 %
2026/09/20 12:36:11.449, 6, 180.29 W, 29, 120 MHz, 3996 MHz, 0 %, 0 %
2026/09/20 12:36:11.449, 7, 184.09 W, 29, 120 MHz, 3996 MHz, 0 %, 0 %
2026/09/20 12:36:12.449, 0, 738.27 W, 58, 2032 MHz, 3996 MHz, 99 %, 66 %
2026/09/20 12:36:12.449, 1, 743.17 W, 60, 2032 MHz, 3996 MHz, 99 %, 65 %
2026/09/20 12:36:12.449, 2, 693.97 W, 47, 2032 MHz, 3996 MHz, 99 %, 65 %
2026/09/20 12:36:12.449, 3, 717.53 W, 48, 2032 MHz, 3996 MHz, 99 %, 65 %
2026/09/20 12:36:12.449, 4, 183.25 W, 35, 120 MHz, 3996 MHz, 0 %, 0 %
2026/09/20 12:36:12.449, 5, 181.11 W, 32, 120 MHz, 3996 MHz, 0 %, 0 %
2026/09/20 12:36:12.450, 6, 180.17 W, 29, 120 MHz, 3996 MHz, 0 %, 0 %
2026/09/20 12:36:12.450, 7, 184.09 W, 29, 120 MHz, 3996 MHz, 0 %, 0 %
2026/09/20 12:36:13.450, 0, 774.62 W, 59, 2032 MHz, 3996 MHz, 99 %, 66 %
2026/09/20 12:36:13.450, 1, 780.87 W, 60, 2032 MHz, 3996 MHz, 99 %, 66 %
2026/09/20 12:36:13.450, 2, 749.93 W, 47, 2032 MHz, 3996 MHz, 99 %, 66 %
2026/09/20 12:36:13.450, 3, 752.66 W, 48, 2032 MHz, 3996 MHz, 99 %, 66 %
2026/09/20 12:36:13.450, 4, 183.25 W, 35, 120 MHz, 3996 MHz, 0 %, 0 %
2026/09/20 12:36:13.450, 5, 180.81 W, 32, 120 MHz, 3996 MHz, 0 %, 0 %
2026/09/20 12:36:13.450, 6, 180.29 W, 29, 120 MHz, 3996 MHz, 0 %, 0 %
2026/09/20 12:36:13.450, 7, 184.09 W, 29, 120 MHz, 3996 MHz, 0 %, 0 %
2026/09/20 12:36:14.450, 0, 774.21 W, 59, 2032 MHz, 3996 MHz, 99 %, 35 %
2026/09/20 12:36:14.450, 1, 777.89 W, 60, 2032 MHz, 3996 MHz, 99 %, 66 %
2026/09/20 12:36:14.450, 2, 752.59 W, 47, 2032 MHz, 3996 MHz, 99 %, 67 %
2026/09/20 12:36:14.450, 3, 758.49 W, 48, 2032 MHz, 3996 MHz, 99 %, 66 %
2026/09/20 12:36:14.450, 4, 183.25 W, 35, 120 MHz, 3996 MHz, 0 %, 0 %
2026/09/20 12:36:14.450, 5, 181.03 W, 32, 120 MHz, 3996 MHz, 0 %, 0 %
2026/09/20 12:36:14.450, 6, 180.25 W, 29, 120 MHz, 3996 MHz, 0 %, 0 %
2026/09/20 12:36:14.450, 7, 184.09 W, 29, 120 MHz, 3996 MHz, 0 %, 0 %
2026/09/20 12:36:15.450, 0, 739.57 W, 59, 2032 MHz, 3996 MHz, 99 %, 66 %
2026/09/20 12:36:15.450, 1, 695.61 W, 60, 2032 MHz, 3996 MHz, 99 %, 66 %
2026/09/20 12:36:15.450, 2, 715.05 W, 47, 2032 MHz, 3996 MHz, 99 %, 66 %
2026/09/20 12:36:15.450, 3, 661.32 W, 47, 2032 MHz, 3996 MHz, 99 %, 66 %
2026/09/20 12:36:15.450, 4, 183.25 W, 35, 120 MHz, 3996 MHz, 0 %, 0 %
2026/09/20 12:36:15.450, 5, 180.92 W, 32, 120 MHz, 3996 MHz, 0 %, 0 %
2026/09/20 12:36:15.450, 6, 180.21 W, 29, 120 MHz, 3996 MHz, 0 %, 0 %
2026/09/20 12:36:15.450, 7, 184.09 W, 29, 120 MHz, 3996 MHz, 0 %, 0 %
2026/09/20 12:36:16.450, 0, 718.98 W, 58, 2032 MHz, 3996 MHz, 99 %, 66 %
2026/09/20 12:36:16.450, 1, 757.72 W, 60, 2032 MHz, 3996 MHz, 99 %, 66 %
2026/09/20 12:36:16.450, 2, 729.42 W, 48, 2032 MHz, 3996 MHz, 99 %, 66 %
2026/09/20 12:36:16.450, 3, 734.24 W, 48, 2032 MHz, 3996 MHz, 99 %, 66 %
2026/09/20 12:36:16.450, 4, 183.25 W, 35, 120 MHz, 3996 MHz, 0 %, 0 %
2026/09/20 12:36:16.451, 5, 180.87 W, 32, 120 MHz, 3996 MHz, 0 %, 0 %
2026/09/20 12:36:16.451, 6, 180.17 W, 29, 120 MHz, 3996 MHz, 0 %, 0 %
2026/09/20 12:36:16.451, 7, 184.09 W, 29, 120 MHz, 3996 MHz, 0 %, 0 %
2026/09/20 12:36:17.451, 0, 707.01 W, 59, 2032 MHz, 3996 MHz, 99 %, 37 %
2026/09/20 12:36:17.451, 1, 690.39 W, 60, 2032 MHz, 3996 MHz, 100 %, 23 %
2026/09/20 12:36:17.451, 2, 645.36 W, 46, 2032 MHz, 3996 MHz, 59 %, 37 %
2026/09/20 12:36:17.451, 3, 636.74 W, 48, 2032 MHz, 3996 MHz, 100 %, 25 %
2026/09/20 12:36:17.451, 4, 183.25 W, 35, 120 MHz, 3996 MHz, 0 %, 0 %
2026/09/20 12:36:17.451, 5, 180.79 W, 32, 120 MHz, 3996 MHz, 0 %, 0 %
2026/09/20 12:36:17.451, 6, 180.17 W, 29, 120 MHz, 3996 MHz, 0 %, 0 %
2026/09/20 12:36:17.451, 7, 184.09 W, 29, 120 MHz, 3996 MHz, 0 %, 0 %
2026/09/20 12:36:18.451, 0, 749.10 W, 59, 2032 MHz, 3996 MHz, 99 %, 47 %
2026/09/20 12:36:18.451, 1, 753.82 W, 61, 2032 MHz, 3996 MHz, 100 %, 32 %
2026/09/20 12:36:18.451, 2, 690.60 W, 46, 2032 MHz, 3996 MHz, 73 %, 45 %
2026/09/20 12:36:18.451, 3, 709.64 W, 47, 2032 MHz, 3996 MHz, 76 %, 36 %
2026/09/20 12:36:18.451, 4, 183.25 W, 35, 120 MHz, 3996 MHz, 0 %, 0 %
2026/09/20 12:36:18.451, 5, 180.68 W, 32, 120 MHz, 3996 MHz, 0 %, 0 %
2026/09/20 12:36:18.451, 6, 180.17 W, 29, 120 MHz, 3996 MHz, 0 %, 0 %
2026/09/20 12:36:18.451, 7, 184.09 W, 29, 120 MHz, 3996 MHz, 0 %, 0 %
2026/09/20 12:36:19.451, 0, 756.65 W, 58, 2032 MHz, 3996 MHz, 99 %, 66 %
2026/09/20 12:36:19.451, 1, 768.17 W, 60, 2032 MHz, 3996 MHz, 99 %, 66 %
2026/09/20 12:36:19.451, 2, 723.99 W, 47, 2032 MHz, 3996 MHz, 99 %, 66 %
2026/09/20 12:36:19.451, 3, 727.37 W, 47, 2032 MHz, 3996 MHz, 99 %, 66 %
2026/09/20 12:36:19.451, 4, 183.25 W, 35, 120 MHz, 3996 MHz, 0 %, 0 %
2026/09/20 12:36:19.451, 5, 180.80 W, 32, 120 MHz, 3996 MHz, 0 %, 0 %
2026/09/20 12:36:19.451, 6, 180.29 W, 29, 120 MHz, 3996 MHz, 0 %, 0 %
2026/09/20 12:36:19.451, 7, 184.09 W, 29, 120 MHz, 3996 MHz, 0 %, 0 %
2026/09/20 12:36:20.451, 0, 701.97 W, 58, 2032 MHz, 3996 MHz, 99 %, 65 %
2026/09/20 12:36:20.451, 1, 728.28 W, 60, 2032 MHz, 3996 MHz, 99 %, 66 %
2026/09/20 12:36:20.451, 2, 676.06 W, 47, 2032 MHz, 3996 MHz, 99 %, 65 %
2026/09/20 12:36:20.451, 3, 655.50 W, 47, 2032 MHz, 3996 MHz, 99 %, 66 %
2026/09/20 12:36:20.451, 4, 183.25 W, 35, 120 MHz, 3996 MHz, 0 %, 0 %
2026/09/20 12:36:20.451, 5, 180.77 W, 32, 120 MHz, 3996 MHz, 0 %, 0 %
2026/09/20 12:36:20.452, 6, 180.17 W, 29, 120 MHz, 3996 MHz, 0 %, 0 %
2026/09/20 12:36:20.452, 7, 184.09 W, 29, 120 MHz, 3996 MHz, 0 %, 0 %
2026/09/20 12:36:21.452, 0, 776.91 W, 59, 2032 MHz, 3996 MHz, 99 %, 67 %
2026/09/20 12:36:21.452, 1, 785.08 W, 60, 2032 MHz, 3996 MHz, 99 %, 67 %
2026/09/20 12:36:21.452, 2, 751.78 W, 47, 2032 MHz, 3996 MHz, 99 %, 67 %
2026/09/20 12:36:21.452, 3, 754.21 W, 48, 2032 MHz, 3996 MHz, 99 %, 67 %
2026/09/20 12:36:21.452, 4, 183.25 W, 35, 120 MHz, 3996 MHz, 0 %, 0 %
2026/09/20 12:36:21.452, 5, 180.71 W, 32, 120 MHz, 3996 MHz, 0 %, 0 %
2026/09/20 12:36:21.452, 6, 180.21 W, 29, 120 MHz, 3996 MHz, 0 %, 0 %
2026/09/20 12:36:21.452, 7, 184.09 W, 29, 120 MHz, 3996 MHz, 0 %, 0 %
2026/09/20 12:36:22.452, 0, 711.85 W, 57, 2032 MHz, 3996 MHz, 30 %, 15 %
2026/09/20 12:36:22.452, 1, 764.43 W, 60, 2032 MHz, 3996 MHz, 95 %, 27 %
2026/09/20 12:36:22.452, 2, 737.96 W, 47, 2032 MHz, 3996 MHz, 95 %, 14 %
2026/09/20 12:36:22.452, 3, 738.01 W, 48, 2032 MHz, 3996 MHz, 96 %, 26 %
2026/09/20 12:36:22.452, 4, 183.25 W, 35, 120 MHz, 3996 MHz, 0 %, 0 %
2026/09/20 12:36:22.452, 5, 180.75 W, 32, 120 MHz, 3996 MHz, 0 %, 0 %
2026/09/20 12:36:22.452, 6, 180.17 W, 29, 120 MHz, 3996 MHz, 0 %, 0 %
2026/09/20 12:36:22.452, 7, 184.09 W, 29, 120 MHz, 3996 MHz, 0 %, 0 %
2026/09/20 12:36:23.452, 0, 778.23 W, 59, 2032 MHz, 3996 MHz, 99 %, 67 %
2026/09/20 12:36:23.452, 1, 782.47 W, 60, 2032 MHz, 3996 MHz, 99 %, 67 %
2026/09/20 12:36:23.452, 2, 750.12 W, 47, 2032 MHz, 3996 MHz, 99 %, 66 %
2026/09/20 12:36:23.452, 3, 758.86 W, 48, 2032 MHz, 3996 MHz, 99 %, 67 %
2026/09/20 12:36:23.452, 4, 183.25 W, 35, 120 MHz, 3996 MHz, 0 %, 0 %
2026/09/20 12:36:23.452, 5, 180.57 W, 32, 120 MHz, 3996 MHz, 0 %, 0 %
2026/09/20 12:36:23.452, 6, 180.17 W, 29, 120 MHz, 3996 MHz, 0 %, 0 %
2026/09/20 12:36:23.452, 7, 184.09 W, 29, 120 MHz, 3996 MHz, 0 %, 0 %
2026/09/20 12:36:24.452, 0, 783.30 W, 59, 2032 MHz, 3996 MHz, 99 %, 67 %
2026/09/20 12:36:24.452, 1, 783.62 W, 60, 2032 MHz, 3996 MHz, 99 %, 67 %
2026/09/20 12:36:24.452, 2, 749.58 W, 47, 2032 MHz, 3996 MHz, 99 %, 67 %
2026/09/20 12:36:24.452, 3, 760.64 W, 48, 2032 MHz, 3996 MHz, 99 %, 67 %
2026/09/20 12:36:24.452, 4, 183.25 W, 35, 120 MHz, 3996 MHz, 0 %, 0 %
2026/09/20 12:36:24.452, 5, 180.99 W, 32, 120 MHz, 3996 MHz, 0 %, 0 %
2026/09/20 12:36:24.452, 6, 180.17 W, 29, 120 MHz, 3996 MHz, 0 %, 0 %
2026/09/20 12:36:24.453, 7, 184.09 W, 29, 120 MHz, 3996 MHz, 0 %, 0 %
2026/09/20 12:36:25.453, 0, 754.36 W, 58, 2032 MHz, 3996 MHz, 99 %, 64 %
2026/09/20 12:36:25.453, 1, 758.15 W, 60, 2032 MHz, 3996 MHz, 99 %, 64 %
2026/09/20 12:36:25.453, 2, 731.51 W, 47, 2032 MHz, 3996 MHz, 99 %, 64 %
2026/09/20 12:36:25.453, 3, 737.44 W, 47, 2032 MHz, 3996 MHz, 99 %, 63 %
2026/09/20 12:36:25.453, 4, 183.25 W, 35, 120 MHz, 3996 MHz, 0 %, 0 %
2026/09/20 12:36:25.453, 5, 180.80 W, 32, 120 MHz, 3996 MHz, 0 %, 0 %
2026/09/20 12:36:25.453, 6, 180.17 W, 29, 120 MHz, 3996 MHz, 0 %, 0 %
2026/09/20 12:36:25.453, 7, 184.09 W, 29, 120 MHz, 3996 MHz, 0 %, 0 %
2026/09/20 12:36:26.453, 0, 745.63 W, 58, 2032 MHz, 3996 MHz, 99 %, 62 %
2026/09/20 12:36:26.453, 1, 743.65 W, 60, 2032 MHz, 3996 MHz, 99 %, 63 %
2026/09/20 12:36:26.453, 2, 724.67 W, 47, 2032 MHz, 3996 MHz, 99 %, 63 %
2026/09/20 12:36:26.453, 3, 716.96 W, 47, 2032 MHz, 3996 MHz, 99 %, 62 %
2026/09/20 12:36:26.453, 4, 183.25 W, 35, 120 MHz, 3996 MHz, 0 %, 0 %
2026/09/20 12:36:26.453, 5, 180.52 W, 32, 120 MHz, 3996 MHz, 0 %, 0 %
2026/09/20 12:36:26.453, 6, 180.21 W, 29, 120 MHz, 3996 MHz, 0 %, 0 %
2026/09/20 12:36:26.453, 7, 184.09 W, 29, 120 MHz, 3996 MHz, 0 %, 0 %
2026/09/20 12:36:27.453, 0, 727.56 W, 58, 2032 MHz, 3996 MHz, 99 %, 61 %
2026/09/20 12:36:27.453, 1, 721.79 W, 59, 2032 MHz, 3996 MHz, 99 %, 61 %
2026/09/20 12:36:27.453, 2, 698.66 W, 46, 2032 MHz, 3996 MHz, 99 %, 60 %
2026/09/20 12:36:27.453, 3, 695.55 W, 46, 2032 MHz, 3996 MHz, 99 %, 59 %
2026/09/20 12:36:27.453, 4, 183.25 W, 35, 120 MHz, 3996 MHz, 0 %, 0 %
2026/09/20 12:36:27.453, 5, 180.73 W, 32, 120 MHz, 3996 MHz, 0 %, 0 %
2026/09/20 12:36:27.453, 6, 180.25 W, 29, 120 MHz, 3996 MHz, 0 %, 0 %
2026/09/20 12:36:27.453, 7, 184.09 W, 29, 120 MHz, 3996 MHz, 0 %, 0 %
2026/09/20 12:36:28.453, 0, 699.98 W, 57, 2032 MHz, 3996 MHz, 99 %, 59 %
2026/09/20 12:36:28.453, 1, 686.57 W, 58, 2032 MHz, 3996 MHz, 99 %, 58 %
2026/09/20 12:36:28.453, 2, 666.59 W, 46, 2032 MHz, 3996 MHz, 99 %, 60 %
2026/09/20 12:36:28.453, 3, 667.66 W, 46, 2032 MHz, 3996 MHz, 99 %, 57 %
2026/09/20 12:36:28.453, 4, 183.25 W, 35, 120 MHz, 3996 MHz, 0 %, 0 %
2026/09/20 12:36:28.453, 5, 180.88 W, 32, 120 MHz, 3996 MHz, 0 %, 0 %
2026/09/20 12:36:28.454, 6, 180.17 W, 29, 120 MHz, 3996 MHz, 0 %, 0 %
2026/09/20 12:36:28.454, 7, 184.09 W, 29, 120 MHz, 3996 MHz, 0 %, 0 %
2026/09/20 12:36:29.454, 0, 568.57 W, 54, 2032 MHz, 3996 MHz, 0 %, 0 %
2026/09/20 12:36:29.454, 1, 539.21 W, 55, 2032 MHz, 3996 MHz, 0 %, 0 %
2026/09/20 12:36:29.454, 2, 523.59 W, 42, 2032 MHz, 3996 MHz, 0 %, 0 %
2026/09/20 12:36:29.454, 3, 539.19 W, 42, 2032 MHz, 3996 MHz, 0 %, 0 %
2026/09/20 12:36:29.454, 4, 183.25 W, 35, 120 MHz, 3996 MHz, 0 %, 0 %
2026/09/20 12:36:29.454, 5, 180.83 W, 32, 120 MHz, 3996 MHz, 0 %, 0 %
2026/09/20 12:36:29.454, 6, 180.17 W, 29, 120 MHz, 3996 MHz, 0 %, 0 %
2026/09/20 12:36:29.454, 7, 184.09 W, 29, 120 MHz, 3996 MHz, 0 %, 0 %
2026/09/20 12:36:30.584, 0, 248.34 W, 51, 2032 MHz, 3996 MHz, 0 %, 0 %
2026/09/20 12:36:30.591, 1, 249.98 W, 52, 2032 MHz, 3996 MHz, 0 %, 0 %
2026/09/20 12:36:30.597, 2, 234.88 W, 40, 2032 MHz, 3996 MHz, 0 %, 0 %
2026/09/20 12:36:30.603, 3, 240.88 W, 40, 2032 MHz, 3996 MHz, 0 %, 0 %
2026/09/20 12:36:30.609, 4, 183.25 W, 35, 120 MHz, 3996 MHz, 0 %, 0 %
2026/09/20 12:36:30.616, 5, 180.65 W, 32, 120 MHz, 3996 MHz, 0 %, 0 %
2026/09/20 12:36:30.622, 6, 180.17 W, 29, 120 MHz, 3996 MHz, 0 %, 0 %
2026/09/20 12:36:30.629, 7, 184.09 W, 29, 120 MHz, 3996 MHz, 0 %, 0 %
